t,fwd,lat,clear_geo,plan_clear,plan_lat_at_box,lc_box,gc_box,v,w,box_pts,box_age
0.0003058910369873047,0.0,0.0,0.9280000395774843,nan,nan,100,100,0.0,0.0,150,0.0003058910369873047
0.10034871101379395,0.0,0.0,0.927999765045395,0.15153385406734424,0.5084393215283022,100,100,0.004398840479552746,0.004104528576135635,150,0.10034871101379395
0.20299124717712402,0.0,0.0,0.9279988909294423,0.15153385406734424,0.5084393215283022,100,100,0.012165043503046036,0.013230127282440662,150,0.20299124717712402
0.3014044761657715,0.0003209505318689609,2.8085256984394353e-07,0.9276656847679461,0.15153385406734424,0.5084393215283022,100,100,0.01822112500667572,0.01561670657247305,144,0.3014044761657715
0.4006800651550293,0.0013498296695414183,2.765907962834933e-06,0.9266207830863695,0.15153385406734424,0.5084393215283022,100,100,0.024131067097187042,0.0123183848336339,143,0.4006800651550293
0.5003006458282471,0.0033859372332324515,1.2300640850919122e-05,0.937000042915344,0.1570699404071533,0.5084393215283022,100,100,0.029975738376379013,0.009918087162077427,140,0.0
0.600416898727417,0.005916012817889348,2.9920589483990495e-05,0.9344284327592114,0.1570699404071533,0.5084393215283022,100,100,0.03512674942612648,0.009991124272346497,137,0.10011625289916992
0.7075793743133545,0.008997174397616044,5.4520938264652814e-05,0.9313519657967979,0.1570699404071533,0.5084393215283022,100,100,0.039226189255714417,0.010791181586682796,143,0.20727872848510742
0.8004860877990723,0.012507711561993038,8.279020175810612e-05,0.9278281308677461,0.1570699404071533,0.5084393215283022,100,100,0.04235496744513512,0.010627225041389465,148,0.3001854419708252
0.9001758098602295,0.016736835191215084,0.00012558430986642363,0.923534914348499,0.1570699404071533,0.5084393215283022,100,100,0.044806815683841705,0.009269241243600845,152,0.3998751640319824
1.000065565109253,0.021301711361732582,0.00017691569083453523,0.9189793560941728,0.1570699404071533,0.5084393215283022,100,100,0.046842966228723526,0.007488815113902092,148,0.49976491928100586
1.100710153579712,0.025897353724840245,0.00023095012189712372,0.9110000200271604,0.15796106894194942,0.5084393215283022,100,100,0.048565223813056946,0.006230303552001715,161,0.0
1.2002856731414795,0.030665092820994402,0.00028967958852041777,0.9061746431262185,0.15796106894194942,0.5084393215283022,100,100,0.04995819926261902,0.006020847707986832,163,0.09957551956176758
1.3063874244689941,0.03560513804525146,0.000353293592923174,0.9012475607761536,0.15796106894194942,0.5084393215283022,100,100,0.05131766200065613,0.007939008995890617,167,0.20567727088928223
1.4001550674438477,0.040670128105473394,0.00042405315304631,0.8962163242430579,0.15796106894194942,0.5084393215283022,100,100,0.051581718027591705,0.00909043475985527,155,0.29944491386413574
1.5002248287200928,0.04582725188857351,0.0004978603414664754,0.8909684689918447,0.15796106894194942,0.5084393215283022,100,100,0.05187439173460007,0.011975806206464767,158,0.39951467514038086
1.6067090034484863,0.051037314615731084,0.0005826826720291458,0.8887500531673429,0.17359212822022732,0.5084393215283022,100,100,0.05193479731678963,0.017108742147684097,164,0.0
1.700573444366455,0.056216129229248825,0.0006704761075130932,0.8834297929671937,0.17359212822022732,0.5084393215283022,100,100,0.05189734697341919,0.018918612971901894,176,0.09386444091796875
1.8002345561981201,0.06142546224603643,0.0007722339136200446,0.8781636742513308,0.17359212822022732,0.5084393215283022,100,100,0.051797788590192795,0.022451506927609444,178,0.1935255527496338
1.90022611618042,0.06632641881136131,0.000875612683638825,0.8730712816827317,0.17359212822022732,0.5084393215283022,100,100,0.051689378917217255,0.025813700631260872,170,0.2935171127319336
2.0000033378601074,0.0715306525481418,0.0010101399116036892,0.8676695295416492,0.17359212822022732,0.5084393215283022,100,100,0.05159781873226166,0.028892910107970238,178,0.3932943344116211
2.1065495014190674,0.07668722672327336,0.0011559367554786887,0.8622972303861993,0.17351587486872602,0.5084042285773316,100,100,0.05148764327168465,0.03303520753979683,179,0.49984049797058105
2.200049877166748,0.0821250600490128,0.001342891650776141,0.8640000290870664,0.15964814515861644,0.5153399853117795,100,100,0.05145958065986633,0.03430721163749695,173,0.0
2.300114393234253,0.08696601098770192,0.0015251923498424773,0.8590385090343629,0.15964814515861644,0.5153399853117795,100,100,0.051414743065834045,0.036621131002902985,154,0.10006451606750488
2.4001259803771973,0.09215563244067178,0.0017461156284082134,0.8533790000470123,0.15964814515861644,0.5153399853117795,100,100,0.051378268748521805,0.038639094680547714,180,0.20007610321044922
2.506930112838745,0.09727139553074143,0.0019907073948637983,0.8481429523980175,0.15964814515861644,0.5153399853117795,99,100,0.051344577223062515,0.04109824448823929,191,0.30688023567199707
2.6064260005950928,0.10241899867895986,0.002253656752948846,0.8425291206692289,0.15964814515861644,0.5153399853117795,99,100,0.051319338381290436,0.042673319578170776,196,0.4063761234283447
2.7001566886901855,0.09747665131388518,0.0035470598699587222,0.8380000658035276,0.1736925159710143,0.5084042285773316,100,100,0.05131121724843979,0.04338124021887779,203,0.0
2.8000926971435547,0.10257447996942914,0.003823570569368779,0.8323043075427177,0.1736925159710143,0.5084042285773316,100,100,0.05129840970039368,0.044623348861932755,194,0.09993600845336914
2.9065496921539307,0.10774494994656361,0.0041462734499288605,0.826350012932072,0.1736925159710143,0.5084042285773316,100,100,0.05129655823111534,0.046056486666202545,183,0.20639300346374512
3.000153064727783,0.11283304125738733,0.0044930085904764045,0.8208795286631922,0.1736925159710143,0.5084042285773316,100,100,0.051299482583999634,0.046436719596385956,196,0.29999637603759766
3.1004674434661865,0.11800455072378235,0.0048687339167448,0.8147812421316365,0.1735697299103595,0.508354260333143,100,100,0.051307227462530136,0.04710588976740837,190,0.400310754776001
3.20033860206604,0.12313458584152855,0.00528483491458565,0.8040000267028808,0.17030073488073735,0.508354260333143,100,100,0.05132533609867096,0.047573789954185486,196,0.0
3.303345203399658,0.12820567786405493,0.005717440909465115,0.7983781428547894,0.17030073488073735,0.508354260333143,100,100,0.05134241282939911,0.04791105166077614,200,0.10300660133361816
3.4064810276031494,0.1333697801413684,0.0061916718073602335,0.7921980589246851,0.17030073488073735,0.508354260333143,100,100,0.05137027055025101,0.04862665385007858,203,0.20614242553710938
3.5004286766052246,0.13842433791169237,0.006694494997155811,0.7864366610106068,0.17030073488073735,0.508354260333143,100,100,0.05138348788022995,0.048814740031957626,202,0.30009007453918457
3.600332260131836,0.14331591460317422,0.007199601009499993,0.7805175520792682,0.17030073488073735,0.508354260333143,100,100,0.051405638456344604,0.049150433391332626,220,0.3999936580657959
3.700287342071533,0.1486563910717674,0.007794570621852389,0.774107703684114,0.17030073488073735,0.508354260333143,100,100,0.051432300359010696,0.04936462640762329,224,0.49994874000549316
3.800182819366455,0.15369820918090557,0.008379484454638276,0.7800000376701353,0.17750740002138568,0.508354260333143,100,100,0.05145685374736786,0.04950077831745148,224,0.0
3.9001500606536865,0.1588748082302746,0.009008793489898527,0.7734689917071301,0.17750740002138568,0.508354260333143,100,100,0.051467373967170715,0.04986520856618881,221,0.09996724128723145
4.006443977355957,0.16393716578660897,0.009662979329628616,0.76765289573562,0.17750740002138568,0.508354260333143,100,100,0.051496803760528564,0.050266966223716736,229,0.20626115798950195
4.10102915763855,0.16905851011396747,0.01034056320294848,0.7615272313989445,0.17750740002138568,0.508354260333143,100,100,0.05150802433490753,0.050364382565021515,235,0.3008463382720947
4.200299263000488,0.1741686826400484,0.01105500604977327,0.7553188336197604,0.17736113821469043,0.5082943758438648,100,100,0.05153592675924301,0.050470467656850815,236,0.4001164436340332
4.300124406814575,0.17923529842406025,0.011787269049137475,0.7497005712389169,0.17736113821469043,0.5082943758438648,100,100,0.05156126245856285,0.05041386932134628,228,0.4999415874481201
4.400251626968384,0.18444559804608737,0.01256721080085416,0.7420000500679016,0.17065349901005836,0.5082943758438648,100,100,0.051579590886831284,0.05056902393698692,233,0.0
4.500152111053467,0.18943556344547907,0.013836088032829631,0.7365985271289439,0.17065349901005836,0.5082943758438648,100,100,0.051613371819257736,0.05065840482711792,232,0.09990048408508301
4.600104570388794,0.19456587382681942,0.014639271751716885,0.7306761996808754,0.17065349901005836,0.5082943758438648,100,100,0.05164274200797081,0.050721876323223114,246,0.19985294342041016
4.700529336929321,0.19969349512919918,0.015474575922230525,0.7245097231835232,0.17065349901005836,0.5082943758438648,100,100,0.05167078599333763,0.05074615776538849,255,0.3002777099609375
4.800032615661621,0.20473064071087996,0.01631978483393598,0.7189028255075843,0.17065349901005836,0.5082943758438648,100,100,0.051698409020900726,0.05072248354554176,251,0.3997809886932373
4.900173664093018,0.2099211006758321,0.017210438129752165,0.7128313595079269,0.17065349901005836,0.5082943758438648,100,100,0.0517042838037014,0.05098544433712959,252,0.4999220371246338
5.000051259994507,0.21497935602619106,0.01810843708630368,0.7050000495910645,0.16792896839074214,0.5082943758438648,100,100,0.05171384662389755,0.0512186661362648,261,0.0
5.100296974182129,0.2200920653095383,0.019033640190529083,0.6990143564077491,0.16792896839074214,0.5082943758438648,100,100,0.05171529948711395,0.05148051679134369,234,0.10024571418762207
5.206462144851685,0.22521029353863248,0.01999228376906282,0.6927642734914524,0.14846959757870168,0.4808810097192547,100,100,0.051728613674640656,0.05181778594851494,238,0.20641088485717773
5.306430101394653,0.23023016510157493,0.020960129023323313,0.687211573734023,0.14846959757870168,0.4808810097192547,100,100,0.0517653226852417,0.051803771406412125,254,0.3063788414001465
5.400036096572876,0.2353739553343816,0.02196898146528848,0.6811804722724212,0.14846959757870168,0.4808810097192547,100,100,0.051780540496110916,0.051794085651636124,267,0.39998483657836914
5.500298261642456,0.24038811903677018,0.02298302919922361,0.6710000104904176,0.1584765806517007,0.4808810097192547,100,100,0.05181251838803291,0.051752299070358276,305,0.0
5.600288391113281,0.24516028520021327,0.02395994249580961,0.6655960701432128,0.1584765806517007,0.4808810097192547,100,100,0.051816582679748535,0.051958486437797546,298,0.0999901294708252
5.700262069702148,0.2505320988002705,0.02509233665119201,0.6589978954581859,0.1584765806517007,0.4808810097192547,100,100,0.05181993916630745,0.052160076797008514,295,0.19996380805969238
5.800348997116089,0.2555174220086993,0.02617542099272862,0.6532609392668378,0.1584765806517007,0.4808810097192547,100,100,0.05182766169309616,0.052270688116550446,300,0.3000507354736328
5.905655145645142,0.26039282513862017,0.027251971333311004,0.6474060137377738,0.1584765806517007,0.4808810097192547,100,100,0.05183360353112221,0.05233152210712433,295,0.40535688400268555
6.000350475311279,0.26545101912298347,0.02840666036771044,0.6400000519752505,0.15774006042038877,0.4808810097192547,100,100,0.051844432950019836,0.05233435332775116,305,0.0
6.101987600326538,0.2704897928059393,0.029582137600602236,0.6341876371361826,0.15774006042038877,0.4808810097192547,100,100,0.05183437466621399,0.05248698592185974,316,0.10163712501525879
6.2002341747283936,0.2756256768282083,0.030810967245968646,0.6279100194510041,0.15790181629720076,0.481039866789923,100,100,0.05182378366589546,0.05263976752758026,332,0.19988369941711426
6.300716400146484,0.2806285056056063,0.03204423497034367,0.6218070451618248,0.15790181629720076,0.481039866789923,100,100,0.05182051658630371,0.05273864045739174,334,0.3003659248352051
6.400320529937744,0.2857630339231792,0.03333229730268613,0.6157042976756291,0.15790181629720076,0.481039866789923,100,100,0.051810912787914276,0.05285467579960823,347,0.39997005462646484
6.501074314117432,0.2908056896065079,0.034634356043451296,0.6052500225305557,0.15634860146585414,0.481039866789923,100,100,0.05180511996150017,0.05292772874236107,339,0.0
6.600032329559326,0.2958119195167175,0.03595167770039854,0.5994617025048157,0.15634860146585414,0.481039866789923,100,100,0.05178473889827728,0.05305910483002663,350,0.09895801544189453
6.701157808303833,0.3009277206145033,0.03732543721741377,0.5931550819414596,0.15634860146585414,0.481039866789923,100,100,0.05176382511854172,0.053177591413259506,352,0.20008349418640137
6.8002660274505615,0.30589266760376627,0.038697910071346486,0.5869869999606101,0.15634860146585414,0.481039866789923,100,100,0.05174890533089638,0.05324212461709976,354,0.2991917133331299
6.9064061641693115,0.31092352095050974,0.04010828680362082,0.5811171442734951,0.15634860146585414,0.481039866789923,100,100,0.051742155104875565,0.053249094635248184,358,0.4053318500518799
7.000158071517944,0.3159294891516254,0.04154426584216493,0.5747949684994036,0.15634860146585414,0.481039866789923,100,100,0.05174223706126213,0.053218938410282135,375,0.4990837574005127
7.100255250930786,0.3208658366055499,0.042991878513376776,0.563000030040741,0.1560806936556701,0.481039866789923,100,100,0.051725201308727264,0.053276896476745605,382,0.0
7.200040340423584,0.3258963425429471,0.044487284300419525,0.5569347071199507,0.1354700141719016,0.4589385067645048,100,100,0.05170375853776932,0.0533599816262722,404,0.09978508949279785
7.300179719924927,0.3308148437104517,0.04598665008719948,0.5507010765649273,0.1354700141719016,0.4589385067645048,100,100,0.05170300230383873,0.05332209914922714,404,0.19992446899414062
7.400155305862427,0.3357726748955606,0.047520019228086914,0.5448947627108017,0.1354700141719016,0.4589385067645048,100,100,0.051725346595048904,0.05313226580619812,415,0.2999000549316406
7.500169038772583,0.34067303466909726,0.04906784318104602,0.5385937336085164,0.1354700141719016,0.4589385067645048,100,100,0.05174501612782478,0.052980221807956696,430,0.3999137878417969
7.606477737426758,0.3455667388576149,0.05064693715323026,0.5310517325032788,0.134333591690624,0.4589385067645048,100,100,0.051767926663160324,0.0528518483042717,426,0.0
7.700622797012329,0.35052887307689856,0.05227101758250068,0.5249601716483141,0.134333591690624,0.4589385067645048,100,100,0.05176527798175812,0.05287197232246399,442,0.09414505958557129
7.801167249679565,0.35539631731433136,0.053900396286477456,0.5187722930623917,0.134333591690624,0.4589385067645048,100,100,0.05176021158695221,0.05290404334664345,458,0.19468951225280762
7.900048017501831,0.360284597263514,0.055561900899149114,0.5129458989322736,0.134333591690624,0.4589385067645048,100,100,0.051755618304014206,0.05290710926055908,458,0.29357028007507324
8.000232219696045,0.3651753816116371,0.05725576415590551,0.506760126640069,0.134333591690624,0.4589385067645048,100,100,0.051748428493738174,0.05290478840470314,478,0.3937544822692871
8.100083589553833,0.3700182634501242,0.058967329334660125,0.5008622682746695,0.134333591690624,0.4589385067645048,100,100,0.05174631625413895,0.05286038666963577,458,0.4936058521270752
8.20012640953064,0.3749474390087977,0.060734791093476674,0.4917362436009743,0.12525564575557416,0.4589385067645048,100,100,0.05174043029546738,0.052822306752204895,454,0.0
8.300063848495483,0.37978557241134153,0.06250636285174842,0.4855576360904444,0.1229209324146178,0.4568970601697425,100,100,0.051734600216150284,0.0527937151491642,456,0.09993743896484375
8.40009593963623,0.384624044197116,0.06430501107351289,0.4798449667103117,0.1229209324146178,0.4568970601697425,100,100,0.05175768956542015,0.05262479931116104,434,0.19996953010559082
8.500109672546387,0.38947944756739644,0.06613989537672522,0.47371853864568403,0.1229209324146178,0.4568970601697425,100,100,0.05177856236696243,0.0524752102792263,431,0.29998326301574707
8.600334167480469,0.39427291788910407,0.06798532415635106,0.46784333900683306,0.1229209324146178,0.4568970601697425,100,100,0.051790956407785416,0.052389681339263916,403,0.4002077579498291
8.711758852005005,0.39914344731725143,0.06988260014765398,0.4647533709868041,0.10046752352459795,0.4568970601697425,100,100,0.05179903283715248,0.05233984813094139,386,0.0
8.800203323364258,0.4039487303231391,0.07178484107250561,0.4585230798162756,0.10046752352459795,0.4568970601697425,100,100,0.05180113762617111,0.05231010541319847,376,0.08844447135925293
8.900296211242676,0.4087863154888439,0.08371402815516023,0.44979321740758405,0.10046752352459795,0.4568970601697425,100,100,0.0518033429980278,0.052244268357753754,341,0.1885373592376709
9.00021481513977,0.41358989997511925,0.08567104585600233,0.4439063096719939,0.10046752352459795,0.4568970601697425,100,100,0.051820918917655945,0.0520826131105423,330,0.2884559631347656
9.100046396255493,0.4167393053224924,0.08697376027556407,0.43979668436405217,0.10046752352459795,0.4568970601697425,100,100,0.05185839161276817,0.05179449915885925,299,0.3882875442504883
9.200109481811523,0.4167393053224924,0.08697376027556407,0.43979668436405217,0.10046752352459795,0.4568970601697425,100,100,0.05189443379640579,0.051527976989746094,296,0.48835062980651855
9.300619840621948,0.4167393053224924,0.08697376027556407,0.43752366568687756,0.06925317554327776,0.4569861443984796,100,100,0.05192166939377785,0.05137273669242859,282,0.0
9.400142669677734,0.4262341423664963,0.09096985676630837,0.42599483660814136,0.06925317554327776,0.4569861443984796,100,100,0.05194205045700073,0.051258280873298645,248,0.09952282905578613
9.50013256072998,0.43741421194894603,0.09583694835622893,0.4119758920485198,0.06925317554327776,0.4569861443984796,100,100,0.051951419562101364,0.05118120461702347,231,0.19951272010803223
9.600753784179688,0.44196185433394897,0.09787174194340595,0.4058014148775015,0.06925317554327776,0.4569861443984796,100,100,0.0519549623131752,0.05111946165561676,220,0.30013394355773926
9.702189445495605,0.44668392514131444,0.1000188820917769,0.40010754606087395,0.06925317554327776,0.4569861443984796,100,100,0.051959339529275894,0.051023561507463455,200,0.4015696048736572
9.800462484359741,0.45136901274919283,0.09220030453095487,0.3972926408095732,0.06925317554327776,0.4569861443984796,100,100,0.05195862054824829,0.050956130027770996,162,0.49984264373779297
9.900086641311646,0.45605231593570467,0.09440434123467296,0.4110306993660543,0.043987633886543975,0.4611348217493768,100,100,0.05193759873509407,0.050998203456401825,128,0.0
10.000091791152954,0.4607729826965568,0.09665190688181709,0.40538741149399793,0.043987633886543975,0.4611348217493768,100,100,0.05189542844891548,0.05116856098175049,87,0.1000051498413086
10.100248575210571,0.46550324708206997,0.09894032091237412,0.39893082304607136,0.043987633886543975,0.4611348217493768,100,100,0.05186157301068306,0.051271215081214905,39,0.20016193389892578
10.200368642807007,0.47014619017337955,0.1012309859904506,0.3930102823792335,0.043987633886543975,0.4611348217493768,100,100,0.051825542002916336,0.05124326050281525,18,0.30028200149536133
10.301026105880737,0.4748411813950965,0.10357622350810067,0.3867731810421819,0.04360577680739364,0.46076252901073356,100,100,0.05177795886993408,0.0511840358376503,25,0.4009394645690918
10.400264024734497,0.47948571938824747,0.10595500949608626,0.3802933113102341,0.04360577680739364,0.46076252901073356,100,100,0.05169167369604111,0.05114132538437843,47,0.5001773834228516
10.518245458602905,0.4841131155659797,0.10835768855563024,0.37456718351005014,0.04360577680739364,0.46076252901073356,100,100,0.05153273418545723,0.051414184272289276,0,0.6181588172912598
10.600260496139526,0.48871133062175975,0.11078924527099893,0.36833852581617044,0.04360577680739364,0.46076252901073356,100,100,0.05114695429801941,0.052174802869558334,0,0.7001738548278809
10.70108699798584,0.49327395453174655,0.12322744577696118,0.35930986597764286,0.04360577680739364,0.46076252901073356,100,100,0.05037366598844528,0.05482834205031395,0,0.8010003566741943
10.800529956817627,0.4977614786301419,0.12568172857091264,0.3535740690395579,0.04360577680739364,0.46076252901073356,100,100,0.04912317916750908,0.059627920389175415,0,0.9004433155059814
10.90049409866333,0.5021139337432827,0.12812081992695834,0.3475203319197976,0.04360577680739364,0.46076252901073356,100,100,0.04628137871623039,0.06477444618940353,0,1.0004074573516846
11.000593423843384,0.5062402292746093,0.13047788739225663,0.3424351363662333,0.04360577680739364,0.46076252901073356,100,100,0.044585932046175,0.07301409542560577,0,1.1005067825317383
11.1001718044281,0.5101953603337239,0.13277338495457988,0.3371053007583347,0.04360577680739364,0.46076252901073356,100,100,0.043106403201818466,0.08487918972969055,0,1.200085163116455
11.200383186340332,0.5139888662588987,0.13503187735777292,0.3317155494870869,0.04360577680739364,0.46076252901073356,100,100,0.04223291203379631,0.09578090906143188,0,1.3002965450286865
11.299997329711914,0.5175552593903203,0.137218947630072,0.3267522044098012,0.04360577680739364,0.46076252901073356,100,100,0.04252033680677414,0.09977315366268158,0,1.3999106884002686
11.400725841522217,0.5208633380944732,0.13930485708370083,0.322334467005181,0.04356200745283198,0.46072025301101893,100,100,0.04322332888841629,0.09914972633123398,0,1.5006392002105713
11.50381064414978,0.5246421059896655,0.14173509522108385,0.31750577627218857,0.04356200745283198,0.46072025301101893,100,100,0.04142066091299057,0.0969950407743454,0,1.6037240028381348
11.60242486000061,0.5281450031748128,0.14404186368602556,0.3130499328310808,0.04356200745283198,0.46072025301101893,100,100,0.04312744364142418,0.09208144247531891,0,1.7023382186889648
11.700573682785034,0.531359398262038,0.14680823182000047,0.3090238481914087,0.04356200745283198,0.46072025301101893,100,100,0.04613804444670677,0.08409769088029861,0,1.8004870414733887
11.80005168914795,0.5349823058264425,0.14928144046411918,0.3046155375847394,0.04356200745283198,0.46072025301101893,100,100,0.048977069556713104,0.07311615347862244,0,1.8999650478363037
11.900168180465698,0.5388531594609097,0.15196683349839338,0.30024692403433306,0.04356200745283198,0.46072025301101893,100,100,0.05125747248530388,0.060845308005809784,0,2.0000815391540527
12.000245809555054,0.5429880575522826,0.15486696494771407,0.29554780776767203,0.04356200745283198,0.46072025301101893,100,100,0.0522516593337059,0.052667032927274704,0,2.100159168243408
12.100459337234497,0.5472133328597608,0.15787175728384872,0.2908506094802352,0.04356200745283198,0.46072025301101893,100,100,0.05129629746079445,0.0495954304933548,0,2.2003726959228516
12.200239419937134,0.5514090256524358,0.16087903165084322,0.28627208254027603,0.04356200745283198,0.46072025301101893,100,100,0.049020927399396896,0.0492534264922142,0,2.3001527786254883
12.30207085609436,0.5554926139953128,0.16383707714113463,0.2818470404984985,0.04356200745283198,0.46072025301101893,100,100,0.04598383978009224,0.05170697346329689,0,2.401984214782715
12.400104522705078,0.5592687265839801,0.16660265977416763,0.2778227818800422,0.04356200745283198,0.46072025301101893,100,100,0.04253298044204712,0.05579434335231781,0,2.5000178813934326
12.5029776096344,0.5628602004293504,0.16925234106981088,0.2740406617009529,0.04356200745283198,0.46072025301101893,100,100,0.03876436874270439,0.06100533530116081,0,2.602890968322754
12.600371837615967,0.5660901997975433,0.1716631160061823,0.2706945078538425,0.04356200745283198,0.46072025301101893,100,100,0.03475417569279671,0.0658135861158371,0,2.7002851963043213
12.700165510177612,0.5690601371567673,0.1838735560748523,0.26757776134941763,0.04356200745283198,0.46072025301101893,100,100,0.030749540776014328,0.07073647528886795,0,2.800078868865967
12.800092697143555,0.5714846506889778,0.18573108926761508,0.26531615182783486,0.04356200745283198,0.46072025301101893,100,100,0.02674437128007412,0.07510117441415787,0,2.900006055831909
12.900596857070923,0.5738536357722348,0.1875665244463487,0.2631645495130109,0.04356200745283198,0.46072025301101893,100,100,0.022883743047714233,0.07869409769773483,0,3.0005102157592773
13.000248908996582,0.5755378651910428,0.1888884639928315,0.2617700104073614,0.04356200745283198,0.46072025301101893,100,100,0.019260074943304062,0.08195999264717102,0,3.1001622676849365
13.10035252571106,0.5769998401982044,0.19005076359414746,0.260635403061368,0.04356200745283198,0.46072025301101893,100,100,0.016191160306334496,0.08311960846185684,0,3.200265884399414
13.200286865234375,0.5783311474602021,0.1911208308950038,0.2596089567364707,0.04356200745283198,0.46072025301101893,100,100,0.013736814260482788,0.08356615155935287,0,3.3002002239227295
13.300246477127075,0.5796352154993251,0.19218174705172297,0.2587184602576616,0.04356200745283198,0.46072025301101893,100,100,0.011576347053050995,0.08319246768951416,0,3.4001598358154297
13.400208950042725,0.5807496284922563,0.19309856441345238,0.2579692632477424,0.0643691620146355,0.48241735748014414,100,100,0.009491083212196827,0.08301276713609695,0,3.500122308731079
13.50063419342041,0.5817849360259688,0.19395911493545528,0.25731000010776517,0.0643691620146355,0.48241735748014414,100,100,0.007649707607924938,0.08370981365442276,0,3.6005475521087646
13.60004472732544,0.5827940788894284,0.1948066996014652,0.25679199052934987,0.0643691620146355,0.48241735748014414,100,100,0.0061255646869540215,0.08451639860868454,0,3.699958086013794
13.700885534286499,0.583550390493371,0.19545150648738505,0.25663311579009446,0.0643691620146355,0.48241735748014414,100,100,0.004988129250705242,0.08380836248397827,0,3.8007988929748535
13.80058240890503,0.5840529459352825,0.19588594784311572,0.25662771725762923,0.0643691620146355,0.48241735748014414,100,100,0.0017815189203247428,0.08246519416570663,0,3.900495767593384
13.900183916091919,0.5843989181544126,0.1961883271893203,0.2568486476245167,0.0643691620146355,0.48241735748014414,100,100,-0.0008119381964206696,0.08468543738126755,0,4.000097274780273
14.000389575958252,0.5845398206691271,0.1963132680980713,0.2572875122374736,0.0643691620146355,0.48241735748014414,100,100,-0.0022165316622704268,0.08909372240304947,0,4.1003029346466064
14.100512981414795,0.5845021570335125,0.196279409302606,0.2579639642758683,0.0643691620146355,0.48241735748014414,100,100,-0.0029400051571428776,0.09470674395561218,0,4.200426340103149
14.200146913528442,0.5843794265328225,0.19616715818126731,0.25881378352622714,0.0643691620146355,0.48241735748014414,100,100,-0.003173478879034519,0.09923290461301804,0,4.300060272216797
14.30065369606018,0.5842145698130528,0.19601360034469129,0.2598444609383372,0.0643691620146355,0.48241735748014414,100,100,-0.0031516230665147305,0.1024845764040947,0,4.400567054748535
14.400923728942871,0.5839963511409474,0.19580680542019702,0.26096954299770203,0.0643691620146355,0.48241735748014414,100,100,-0.002873590448871255,0.10470046103000641,0,4.500837087631226
14.500123739242554,0.5837850172338678,0.19560272955892072,0.2620140912015216,0.0643691620146355,0.48241735748014414,100,100,-0.002311708638444543,0.10585034638643265,0,4.600037097930908
14.600359916687012,0.5836311126384331,0.19545147289932155,0.26314803245765633,0.0643691620146355,0.48241735748014414,100,100,-0.0016602579271420836,0.1054273471236229,0,4.700273275375366
14.70036768913269,0.5835633735600809,0.19538288874460485,0.26438303473658925,0.0643691620146355,0.48241735748014414,100,100,-0.0010380883468315005,0.10360827296972275,0,4.800281047821045
14.79999852180481,0.5835035846459037,0.19532152841246014,0.26574612823498334,0.0643691620146355,0.48241735748014414,100,100,-0.0004708277992904186,0.10140476375818253,0,4.899911880493164
14.900589942932129,0.5834384811259362,0.19525329512267395,0.26703678490197885,0.0643691620146355,0.48241735748014414,100,100,1.103787508327514e-05,0.09927833080291748,0,5.000503301620483
15.000434637069702,0.5834121915854183,0.19522495231155518,0.2681374254305578,0.0643691620146355,0.48241735748014414,100,100,0.0004333729448262602,0.09743881970643997,0,5.100347995758057
15.1003999710083,0.5834850443395783,0.1953023187881579,0.26925899809606507,0.0643691620146355,0.48241735748014414,100,100,0.0008680830942466855,0.0961049422621727,0,5.200313329696655
15.201252698898315,0.5835860141560839,0.19541258569016165,0.27051840942338984,0.0643691620146355,0.48241735748014414,100,100,0.0012416485697031021,0.09566037356853485,0,5.30116605758667
15.300954341888428,0.5837013930701387,0.19554083270050346,0.27167219715706,0.0643691620146355,0.48241735748014414,100,100,0.001570167951285839,0.09595729410648346,0,5.400867700576782
15.400229454040527,0.5838026069252689,0.19565560499957027,0.2730440037012688,0.0643691620146355,0.48241735748014414,100,100,0.001771972281858325,0.09597548097372055,0,5.500142812728882
15.500428676605225,0.5839328746420548,0.19580569475292192,0.2742717720903768,0.05615912508042348,0.47348906217458575,100,100,0.0019604007247835398,0.09591687470674515,0,5.600342035293579
15.600316047668457,0.5840812595826856,0.19597984470096402,0.2755420635647502,0.05615912508042348,0.47348906217458575,100,100,0.004792269319295883,0.09747981280088425,0,5.7002294063568115
15.700176239013672,0.584352458860183,0.19630372464892853,0.27713076885734916,0.05615912508042348,0.47348906217458575,100,100,0.0085099246352911,0.09697843343019485,0,5.800089597702026
15.800373315811157,0.5847642103884518,0.19680670310203024,0.27845061956548356,0.05615912508042348,0.47348906217458575,100,100,0.01229134202003479,0.09067783504724503,0,5.900286674499512
15.900022506713867,0.5854478430409614,0.19765562325605987,0.2793154460573828,0.05615912508042348,0.47348906217458575,100,100,0.018031731247901917,0.08688275516033173,0,5.999935865402222
16.000147819519043,0.5865292399646054,0.19901644983994624,0.27989123693960094,0.05615912508042348,0.47348906217458575,100,100,0.02627217397093773,0.08311983942985535,0,6.1000611782073975
16.100087642669678,0.5878213397204128,0.20067042362245704,0.2807875869472952,0.05615912508042348,0.47348906217458575,100,100,0.036603860557079315,0.08405276387929916,0,6.200001001358032
16.200241327285767,0.589743942019194,0.20317017284951275,0.28140896976678365,0.05615912508042348,0.47348906217458575,100,100,0.046578601002693176,0.0846264585852623,0,6.300154685974121
16.300243139266968,0.5923821711725935,0.20666909366759734,0.28238506618030196,0.05615912508042348,0.47348906217458575,100,100,0.0555783249437809,0.07770680636167526,0,6.400156497955322
16.410346269607544,0.5954964306244501,0.2108898625087387,0.2827751552761528,0.05615912508042348,0.47348906217458575,100,100,0.05999070405960083,0.06740308552980423,0,6.510259628295898
16.500072240829468,0.5990594219494674,0.21579238382577484,0.28323434866545955,0.05615912508042348,0.47348906217458575,100,100,0.05762678384780884,0.05849084630608559,0,6.599985599517822
16.6066951751709,0.6030048957247467,0.23041841094130378,0.28837274423934994,0.05615912508042348,0.47348906217458575,100,100,0.051895469427108765,0.052845921367406845,0,6.706608533859253
16.700745344161987,0.606233068035534,0.23502596416499413,0.28928163303883897,0.05615912508042348,0.47348906217458575,100,100,0.050572190433740616,0.05272241681814194,0,6.800658702850342
16.8009774684906,0.6093109072563022,0.23949927078662114,0.29138561616598235,0.05615912508042348,0.47348906217458575,100,100,0.04873500019311905,0.052337564527988434,0,6.900890827178955
16.90030264854431,0.6119602496435893,0.24341186791208835,0.29205677237859934,0.05615912508042348,0.47348906217458575,100,100,0.0475718155503273,0.05071747303009033,0,7.000216007232666
17.000142574310303,0.6148717341714115,0.2477544031698877,0.29399827824627023,0.05615912508042348,0.47348906217458575,100,100,0.04671553149819374,0.04835369437932968,0,7.100055932998657
17.100579977035522,0.6173550192402646,0.25153026231920506,0.2959212700030581,0.05615912508042348,0.47348906217458575,100,100,0.045929715037345886,0.04600806161761284,0,7.200493335723877
17.2000949382782,0.6200031007061725,0.2556091420688716,0.2968470172066071,0.05615912508042348,0.47348906217458575,100,100,0.04517179727554321,0.044165730476379395,0,7.300008296966553
17.310373067855835,0.6223885945905769,0.25932539339598015,0.2984454452629043,0.05615912508042348,0.47348906217458575,100,100,0.044503290206193924,0.04281514137983322,0,7.4102864265441895
17.400391101837158,0.6247974192770885,0.2631581855101964,0.30079240425064724,0.05615912508042348,0.47348906217458575,100,100,0.04392136260867119,0.041720859706401825,0,7.500304460525513
17.50105118751526,0.6270939715090331,0.25694145503066157,0.29601402772164076,0.056543123717995636,0.473868314896408,100,100,0.043405815958976746,0.0407533161342144,0,7.600964546203613
17.6005437374115,0.6294017556145868,0.2607054140022869,0.29817157393377736,0.056543123717995636,0.473868314896408,100,100,0.043052177876234055,0.040009379386901855,0,7.7004570960998535
17.700300693511963,0.6316372967707373,0.2644343349768628,0.29975059795626724,0.056543123717995636,0.473868314896408,100,100,0.04280221462249756,0.03929227963089943,0,7.800214052200317
17.800190925598145,0.633833845726335,0.2681409264476162,0.3004312871246799,0.056543123717995636,0.473868314896408,100,100,0.04256120324134827,0.03866397216916084,0,7.900104284286499
17.90103006362915,0.6360445674576698,0.2719072505884601,0.30180235381946063,0.056543123717995636,0.473868314896408,100,100,0.042318444699048996,0.03819586709141731,0,8.000943422317505
18.000372409820557,0.6381809891616649,0.2756339156625721,0.3037876216741169,0.056543123717995636,0.473868314896408,100,100,0.04202721267938614,0.03780118376016617,0,8.100285768508911
18.10026979446411,0.6402527824275134,0.27929590062825504,0.3040362194661721,0.056543123717995636,0.473868314896408,100,100,0.04169905185699463,0.03748336434364319,0,8.200183153152466
18.20044207572937,0.6423217319926315,0.282978591483351,0.30514969199801634,0.056543123717995636,0.473868314896408,100,100,0.041404131799936295,0.03724849969148636,0,8.300355434417725
18.301093578338623,0.6443402664821993,0.2866485131901635,0.30661991906352837,0.056543123717995636,0.473868314896408,100,100,0.0410793162882328,0.037029556930065155,0,8.401006937026978
18.402191877365112,0.6462917945061657,0.29024962033855817,0.30718236921429953,0.056543123717995636,0.473868314896408,100,100,0.04071991145610809,0.03687891364097595,0,8.502105236053467
18.50014305114746,0.6482580419965063,0.2939030502045866,0.30782287069986114,0.056543123717995636,0.473868314896408,100,100,0.04035382717847824,0.036808621138334274,0,8.600056409835815
18.600109577178955,0.6497822442380213,0.30776285686043425,0.31399177517510113,0.046754861233808925,0.46192716322330785,100,100,0.03996418043971062,0.03676764667034149,0,8.70002293586731
18.700464963912964,0.6516412130788115,0.3113206259197898,0.3144104083451563,0.046754861233808925,0.46192716322330785,100,100,0.03947623819112778,0.036706868559122086,0,8.800378322601318
18.800089836120605,0.6534748245539522,0.31484918062158185,0.3149302024036088,0.046754861233808925,0.46192716322330785,100,100,0.03891367092728615,0.036763180047273636,0,8.90000319480896
18.900232076644897,0.6552892301699993,0.3183914492967316,0.3157608762974998,0.046754861233808925,0.46192716322330785,100,100,0.038332171738147736,0.03686504065990448,0,9.000145435333252
19.00011968612671,0.6570336547250702,0.3218575335734838,0.31649845816873956,0.046754861233808925,0.46192716322330785,100,100,0.03773102909326553,0.036977123469114304,0,9.100033044815063
19.100252151489258,0.6587283243719463,0.3252609747008237,0.31674093428776484,0.046754861233808925,0.46192716322330785,100,100,0.03712513670325279,0.03715212270617485,0,9.200165510177612
19.200345277786255,0.6604017007234829,0.3286568676481396,0.31742264661920994,0.046754861233808925,0.46192716322330785,100,100,0.036547672003507614,0.0374172069132328,0,9.30025863647461
19.300126552581787,0.6620033644629129,0.3319837399760919,0.3182437969827431,0.046754861233808925,0.46192716322330785,100,100,0.03595681115984917,0.0377342514693737,0,9.400039911270142
19.400402069091797,0.663549270645964,0.3352495510424824,0.31857688450249966,0.046754861233808925,0.46192716322330785,100,100,0.035342831164598465,0.03811252862215042,0,9.500315427780151
19.500240564346313,0.6650533831286463,0.33845512218360324,0.31890182873669437,0.046754861233808925,0.46192716322330785,100,100,0.03473864123225212,0.03853802755475044,0,9.600153923034668
19.60361099243164,0.6665274851955758,0.3416435828392925,0.319374490039938,0.047413481195237056,0.46227547125944873,100,100,0.027356622740626335,-0.009643368422985077,0,9.703524351119995
19.700804233551025,0.6677617284646067,0.3443462779172429,0.31940611879269076,0.047413481195237056,0.46227547125944873,100,100,0.018863549456000328,-0.057288918644189835,0,9.80071759223938
19.80036973953247,0.6687049726029329,0.3463964900467661,0.31899532568069533,0.047413481195237056,0.46227547125944873,100,100,0.011236194521188736,-0.09587828814983368,0,9.900283098220825
19.900388479232788,0.6693000136399667,0.34766063780224205,0.3182698027851927,0.047413481195237056,0.46227547125944873,100,100,0.005377256311476231,-0.12624844908714294,0,10.000301837921143
20.00342106819153,0.6697669608838637,0.3486172004227934,0.31680054584624084,0.047413481195237056,0.46227547125944873,100,100,0.0011544980807229877,-0.14967039227485657,0,10.103334426879883
20.100648164749146,0.6698978875381622,0.3488727250415802,0.31523052869025425,0.047413481195237056,0.46227547125944873,100,100,-0.0015625078231096268,-0.1676090508699417,0,10.2005615234375
20.200092792510986,0.6698867034220023,0.34885310689954646,0.3128757529655847,0.047413481195237056,0.46227547125944873,100,100,-0.0031449096277356148,-0.18153239786624908,0,10.30000615119934
20.300105333328247,0.6697737644011037,0.34865776927325887,0.30999094048708886,0.047413481195237056,0.46227547125944873,100,100,-0.003988496493548155,-0.19273364543914795,0,10.400018692016602
20.400452136993408,0.6695720383236065,0.3483292083553931,0.3069703857314522,0.047413481195237056,0.46227547125944873,100,100,0.0029210003558546305,-0.15523871779441833,0,10.500365495681763
20.500616788864136,0.6696192609165534,0.34840466807903686,0.30451506065975453,0.047413481195237056,0.46227547125944873,100,100,0.010643410496413708,-0.11658727377653122,0,10.60053014755249
20.601330041885376,0.6699999894060222,0.34897541649333835,0.30241234745339296,0.030109453922371493,0.44687239981478916,100,100,0.016943776980042458,-0.08369655907154083,0,10.70124340057373
20.700603008270264,0.6708497705609842,0.35021495504658906,0.3009066102200011,0.030109453922371493,0.44687239981478916,100,100,0.01799694634974003,-0.08123140037059784,0,10.800516366958618
20.800108432769775,0.6717560063192679,0.35150534858697274,0.29948570424199494,0.030109453922371493,0.44687239981478916,100,100,0.013336323201656342,-0.11016170680522919,0,10.90002179145813
20.900445222854614,0.6728282515580968,0.3529965805249604,0.2973365036003206,0.030109453922371493,0.44687239981478916,100,100,0.008953403681516647,-0.13824254274368286,0,11.000358581542969
21.00028157234192,0.6735809620612703,0.3540072380495125,0.2947514275254808,0.030109453922371493,0.44687239981478916,100,100,0.005704179871827364,-0.1624619960784912,0,11.100194931030273
21.10053777694702,0.6740624734943599,0.354629659358339,0.2917730750608363,0.030109453922371493,0.44687239981478916,100,100,0.003525146981701255,-0.18119129538536072,0,11.200451135635376
21.200395822525024,0.6744269073820395,0.3550837994137654,0.2883953515738974,0.030109453922371493,0.44687239981478916,100,100,0.0023995039518922567,-0.19428087770938873,0,11.300309181213379
21.301903247833252,0.6746694431081428,0.35537267219700647,0.2843544589698911,0.030109453922371493,0.44687239981478916,100,100,0.009217503480613232,-0.15534359216690063,0,11.401816606521606
21.40123224258423,0.6751408605605758,0.3559143987641956,0.28113752420592686,0.030109453922371493,0.44687239981478916,100,100,0.01668364740908146,-0.11384877562522888,0,11.501145601272583
21.500343322753906,0.6761257279984872,0.3570120856360962,0.27864949344078915,0.030109453922371493,0.44687239981478916,100,100,0.022304730489850044,-0.07818952202796936,0,11.60025668144226
21.600351572036743,0.6774560696594023,0.3584557166701377,0.27670839211778675,0.030109453922371493,0.44687239981478916,100,100,0.026346711441874504,-0.04968739300966263,0,11.700264930725098
21.70014262199402,0.6790313579545068,0.36014030388491464,0.2755316002280439,0.03183945423765144,0.4484192168005922,100,100,0.029273753985762596,-0.029105359688401222,0,11.800055980682373
21.80018138885498,0.6808218975754139,0.36203429256254804,0.2747644110029914,0.03183945423765144,0.4484192168005922,100,100,0.03167957812547684,-0.014837396331131458,0,11.900094747543335
21.900392055511475,0.6829179961213129,0.3642382820631262,0.2742663686849497,0.03183945423765144,0.4484192168005922,100,100,0.033670078963041306,-0.0047960588708519936,0,12.000305414199829
22.000096321105957,0.685196200602019,0.3666248772924477,0.2739676650283883,0.03183945423765144,0.4484192168005922,100,100,0.035468898713588715,0.003073295811191201,0,12.100009679794312
22.1045401096344,0.6875543456707268,0.3690877980006856,0.2738702466665133,0.03183945423765144,0.4484192168005922,100,100,0.03708180785179138,0.009958489798009396,0,12.204453468322754
22.20030689239502,0.6900843740785237,0.3717317872194715,0.27396531535433455,0.03183945423765144,0.4484192168005922,100,100,0.038353562355041504,0.01635655015707016,0,12.300220251083374
22.30072784423828,0.6927328325496453,0.3745048710434175,0.274213721291538,0.03183945423765144,0.4484192168005922,100,100,0.03914064168930054,0.022099627181887627,0,12.400641202926636
22.41838240623474,0.6953921802427255,0.3772916683258771,0.274290390291717,0.03183945423765144,0.4484192168005922,100,100,0.039391323924064636,0.02675599977374077,0,12.518295764923096
22.502852201461792,0.6981286877893339,0.3801665014912681,0.2746235149389844,0.03183945423765144,0.4484192168005922,100,100,0.039174750447273254,0.03017478808760643,0,12.602765560150146
22.59999680519104,0.7009563579096566,0.38302502371948394,0.2753280301697939,0.03183945423765144,0.4484192168005922,100,100,0.03863084316253662,0.03170895576477051,0,12.699910163879395
22.700732946395874,0.7038917832070993,0.38556410195996726,0.2755757463888625,0.03183945423765144,0.4484192168005922,100,100,0.03763258084654808,0.03166485205292702,0,12.800646305084229
22.800360202789307,0.7065100958915589,0.3883732637062948,0.27589541458396794,0.03183945423765144,0.4484192168005922,100,100,0.03620590269565582,0.03078402578830719,0,12.900273561477661
22.90065336227417,0.7090154886670835,0.39108667029213967,0.27693113578558337,0.03183945423765144,0.4484192168005922,100,100,0.034241948276758194,0.02966262400150299,0,13.000566720962524
23.00040078163147,0.7113769609471325,0.39366920327052185,0.27724516786867015,0.03183945423765144,0.4484192168005922,100,100,0.03187324106693268,0.02915799990296364,0,13.100314140319824
23.10055136680603,0.7135893090810086,0.3960932491271039,0.2774076124659387,0.03183945423765144,0.4484192168005922,100,100,0.029398716986179352,0.029856020584702492,0,13.200464725494385
23.20029377937317,0.71566342253268,0.39838160944501194,0.2782382856199813,0.03183945423765144,0.4484192168005922,100,100,0.026584070175886154,0.0308536384254694,0,13.300207138061523
23.30051851272583,0.7174954568301605,0.4004324848628371,0.2791760500804076,0.03183945423765144,0.4484192168005922,100,100,0.020555488765239716,0.009279987774789333,0,13.400431871414185
23.400378704071045,0.7190835543825036,0.4022256976186101,0.27923648934644896,0.03183945423765144,0.4484192168005922,100,100,0.01183457113802433,-0.03822878375649452,0,13.5002920627594
23.500112056732178,0.7200251439193317,0.40328440765442897,0.27873146527404413,0.03183945423765144,0.4484192168005922,100,100,0.0050502619706094265,-0.08006763458251953,0,13.600025415420532
23.600465774536133,0.7206382676303968,0.4039657950387194,0.2776368966026488,0.03183945423765144,0.4484192168005922,100,100,0.000329186295857653,-0.1135358214378357,0,13.700379133224487
23.70006036758423,0.7209146274111798,0.4042657736715961,0.27580170819749994,0.03090062061158591,0.4475325932196831,100,100,-0.00275169569067657,-0.1391877979040146,0,13.799973726272583
23.80014181137085,0.7208873255301763,0.4042371630330671,0.2732757424214277,0.03090062061158591,0.4475325932196831,100,100,-0.0010334961116313934,-0.13590523600578308,0,13.900055170059204
23.900392532348633,0.7207531148877715,0.4041007718210488,0.2708259050441849,0.03090062061158591,0.4475325932196831,100,100,0.005005973856896162,-0.10667833685874939,0,14.000305891036987
24.000293970108032,0.7209244459987318,0.40427096406930435,0.26912905048999514,0.03090062061158591,0.4475325932196831,100,100,0.009553019888699055,-0.07785052806138992,0,14.100207328796387
24.100369215011597,0.7214661572206865,0.4047979822547257,0.2680680823743411,0.03090062061158591,0.4475325932196831,100,100,0.012028011493384838,-0.05314744636416435,0,14.200282573699951
24.20042848587036,0.7223047013244969,0.40560217653946107,0.2671406933834013,0.03090062061158591,0.4475325932196831,100,100,0.012966745533049107,-0.03445262089371681,0,14.300341844558716
24.300787448883057,0.7229658865903845,0.40622785969657876,0.2662766637926838,0.03090062061158591,0.4475325932196831,100,100,0.012666488066315651,-0.021637244150042534,0,14.400700807571411
24.40036654472351,0.7235772977917317,0.4068014584692433,0.2656264135202554,0.03090062061158591,0.4475325932196831,100,100,0.011933610774576664,-0.011998424306511879,0,14.500279903411865
24.50036358833313,0.7240925041949076,0.4072808990017596,0.2650657080053449,0.03090062061158591,0.4475325932196831,100,100,0.011274553835391998,-0.004504305310547352,0,14.600276947021484
24.60023307800293,0.7245545451222537,0.4077086753527425,0.26485528233012423,0.03090062061158591,0.4475325932196831,100,100,0.010821818374097347,0.0019651190377771854,0,14.700146436691284
24.702748775482178,0.7251983591561892,0.4083051611231285,0.2649043863013847,0.03090062061158591,0.4475325932196831,100,100,0.01044558361172676,0.008425400592386723,0,14.802662134170532
24.800489902496338,0.7255918393002133,0.40866910133802065,0.2651091351540459,0.02802781235670096,0.4438242010538309,100,100,0.00994070153683424,0.0145537368953228,0,14.900403261184692
24.900390625,0.7259728808629085,0.4090232637828463,0.26532139063058047,0.02802781235670096,0.4438242010538309,100,100,0.009732283651828766,0.020159296691417694,0,15.000303983688354
25.00348472595215,0.7263662889079316,0.40939093453817194,0.2660515639182707,0.02802781235670096,0.4438242010538309,100,100,0.009326238185167313,0.024417975917458534,0,15.103398084640503
25.100289583206177,0.7268017559105345,0.4098015836993463,0.266609640188891,0.02802781235670096,0.4438242010538309,100,100,0.008606499060988426,0.027370678260922432,0,15.200202941894531
25.20010232925415,0.7269245138902707,0.42059706829701193,0.2744100739114278,0.02802781235670096,0.4438242010538309,100,100,0.007677032146602869,0.029570335522294044,0,15.300015687942505
25.300318002700806,0.7273521486225651,0.4210032430644828,0.2749079809585415,0.02802781235670096,0.4438242010538309,100,100,0.006696233991533518,0.03038543276488781,0,15.40023136138916
25.406921863555908,0.727762782655984,0.4213958637131982,0.2753720797336022,0.02802781235670096,0.4438242010538309,100,100,0.005294741131365299,0.03128267079591751,0,15.506835222244263
25.500237226486206,0.7281597319424015,0.42177778894655527,0.2757829044592479,0.02802781235670096,0.4438242010538309,100,100,0.004902850836515427,0.03132820501923561,0,15.60015058517456
25.60010313987732,0.728534013845126,0.4221397342537395,0.2761234401158278,0.02802781235670096,0.4438242010538309,100,100,0.004127543419599533,0.0318012610077858,0,15.700016498565674
25.70092463493347,0.7288802682497854,0.4224763082549988,0.27647381664420423,0.02802781235670096,0.4438242010538309,100,100,0.0033380857203155756,0.03245074301958084,0,15.800837993621826
25.800127506256104,0.7291986604446533,0.4227872707979783,0.27677739760559705,0.02802781235670096,0.4438242010538309,100,100,0.0025587149430066347,0.03345708176493645,0,15.900040864944458
25.900342226028442,0.729405748387965,0.4229900656368232,0.27684768213373356,0.02802781235670096,0.4438242010538309,100,100,0.0017843535169959068,0.034597333520650864,0,16.000255584716797
26.000460147857666,0.7294118649258894,0.42299604640771427,0.2768466686254165,0.02802781235670096,0.4438242010538309,100,100,0.0012028578203171492,0.036195430904626846,0,16.10037350654602
26.10041332244873,0.7294141701348494,0.4229983249418724,0.27685704675788547,0.02802781235670096,0.4438242010538309,100,100,0.000894982076715678,0.037729594856500626,0,16.200326681137085
26.200201988220215,0.72941171950721,0.42299593604851715,0.2768523510251739,0.02802781235670096,0.4438242010538309,100,100,0.0008238175651058555,0.03893933817744255,0,16.30011534690857
26.300232887268066,0.7294140409680208,0.42299822817338784,0.27684121647686677,0.02802781235670096,0.4438242010538309,100,100,0.000865045003592968,0.03977273404598236,0,16.40014624595642
26.400665283203125,0.7294118542665834,0.4229960959284089,0.2768378982489287,0.02802781235670096,0.4438242010538309,100,100,0.0009159601759165525,0.04035390540957451,0,16.50057864189148
26.500110864639282,0.7294139171341181,0.42299813005948134,0.2768475945015626,0.02802781235670096,0.4438242010538309,100,100,0.0009178219479508698,0.04101479798555374,0,16.600024223327637
26.600557804107666,0.7294130517963859,0.4229972867364358,0.2769762996324566,0.02802781235670096,0.4438242010538309,100,100,0.0008498191018588841,0.041847262531518936,0,16.70047116279602
26.70040011405945,0.7294837386769341,0.4230668026792912,0.2772010846036118,0.02802781235670096,0.4438242010538309,100,100,0.0007707015029154718,0.04281596466898918,0,16.800313472747803
26.806912899017334,0.7296202450969645,0.4232015196380275,0.2774418773311994,0.02802781235670096,0.4438242010538309,100,100,0.0005013017798773944,0.04449290409684181,0,16.90682625770569
26.900310039520264,0.7298242309617728,0.4234035741714276,0.2777208603438184,0.02802781235670096,0.4438242010538309,100,100,0.00036519873538054526,0.045120205730199814,0,17.000223398208618
27.000617742538452,0.7300575338300569,0.4236356171766427,0.2779633476198081,0.02802781235670096,0.4438242010538309,100,100,1.567268009239342e-05,0.04621515050530434,0,17.100531101226807
27.100643634796143,0.7302922987819652,0.42387004551354357,0.2783226397930194,0.02802781235670096,0.4438242010538309,100,100,-0.00043238047510385513,0.047591496258974075,0,17.200556993484497
27.200324296951294,0.7304460323997323,0.4240246788565869,0.2788541958935544,0.02802781235670096,0.4438242010538309,100,100,-0.0010170347522944212,0.04943380877375603,0,17.30023765563965
27.30179715156555,0.7304161125954307,0.4239944386687871,0.2791309188907214,0.02802781235670096,0.4438242010538309,100,100,-0.0014996754471212626,0.05092155933380127,0,17.401710510253906
27.400023937225342,0.730155702387344,0.42372969256369547,0.27944399854537927,0.02802781235670096,0.4438242010538309,100,100,-0.0017571867210790515,0.05134233832359314,0,17.499937295913696
27.500314474105835,0.7298527831835531,0.4234197917984882,0.2798795198499098,0.02802781235670096,0.4438242010538309,100,100,-0.0017322999192401767,0.050888463854789734,0,17.60022783279419
27.600186586380005,0.7295022019250211,0.42305841104344977,0.28039560270461605,0.02802781235670096,0.4438242010538309,100,100,-0.0014734837459400296,0.050198476761579514,0,17.70009994506836
27.700615882873535,0.7291216080150016,0.4226622005912047,0.2811447710884005,0.02802781235670096,0.4438242010538309,100,100,-0.0010506834369152784,0.04889823868870735,0,17.80052924156189
27.802826642990112,0.7287085639228824,0.4222273815424835,0.28163085546832234,0.02802781235670096,0.4438242010538309,100,100,-0.0005739728221669793,0.04827325418591499,0,17.902740001678467
27.900607585906982,0.7283058021998425,0.42179993400872,0.2821773965768415,0.02802781235670096,0.4438242010538309,100,100,2.940756530733779e-05,0.0483970046043396,0,18.000520944595337
28.000727891921997,0.7280265852572362,0.4215005938990765,0.2827233360931981,0.02802781235670096,0.4438242010538309,100,100,0.0006520956521853805,0.04875409975647926,0,18.10064125061035
28.100321531295776,0.7278772463738786,0.42133887810453413,0.2831646130869938,0.02802781235670096,0.4438242010538309,100,100,0.0011267008958384395,0.04852013289928436,0,18.20023488998413
28.200319528579712,0.7279654330969515,0.4214343530248392,0.2833977140680062,0.02802781235670096,0.4438242010538309,100,100,0.0014310517581179738,0.04852784052491188,0,18.300232887268066
28.302104711532593,0.7282715969999801,0.4217685835562965,0.28373178242803454,0.02802781235670096,0.4438242010538309,100,100,0.0014766360400244594,0.04891982674598694,0,18.402018070220947
28.4003643989563,0.7285823612607512,0.42211000883045263,0.28403788797707097,0.02802781235670096,0.4438242010538309,100,100,0.0010269912891089916,0.04961192235350609,0,18.500277757644653
28.501118659973145,0.7288856313377702,0.4224451165403732,0.2843872520392786,0.02802781235670096,0.4438242010538309,100,100,0.00043318496318534017,0.05052972957491875,0,18.6010320186615
28.600223541259766,0.7291289221658163,0.42271602423261356,0.2848224291360335,0.02802781235670096,0.4438242010538309,100,100,-0.0001965411938726902,0.05158492922782898,0,18.70013689994812
28.700801134109497,0.7292658047467799,0.42286978080007726,0.2851831229176416,0.02802781235670096,0.4438242010538309,100,100,-0.0008399906218983233,0.05231520161032677,0,18.80071449279785
28.800074100494385,0.7293632790844135,0.42297981842030324,0.2854527004999561,0.02802781235670096,0.4438242010538309,100,100,-0.0013505059760063887,0.0527491569519043,0,18.89998745918274
28.9024076461792,0.7294187429858177,0.423042806845925,0.2857332602392838,0.02802781235670096,0.4438242010538309,100,100,-0.001765663968399167,0.05290105938911438,0,19.002321004867554
29.001521110534668,0.7293154633255183,0.4229254180358703,0.2859035491144861,0.02802781235670096,0.4438242010538309,100,100,-0.0020941803231835365,0.052791304886341095,0,19.101434469223022
29.10095500946045,0.7290148365553085,0.42258195649724356,0.2860469902887548,0.02802781235670096,0.4438242010538309,100,100,-0.002166981343179941,0.052624959498643875,0,19.200868368148804
29.200550317764282,0.7286809366142293,0.42219904302557804,0.28624752206384596,0.02802781235670096,0.4438242010538309,100,100,-0.0018413448706269264,0.05242452025413513,0,19.300463676452637
29.30020499229431,0.7283274374725422,0.42179185142541514,0.2865304166631256,0.02802781235670096,0.4438242010538309,100,100,-0.0013051544083282351,0.05207284912467003,0,19.400118350982666
29.400439500808716,0.7280005887433905,0.4214122180002091,0.2870468983857537,0.02802781235670096,0.4438242010538309,100,100,-0.0007126816781237721,0.05113748088479042,0,19.50035285949707
29.500583171844482,0.7277285857777949,0.4210901010147624,0.2880773952572242,0.02802781235670096,0.4438242010538309,100,100,-0.00021631005802191794,0.05063427984714508,0,19.600496530532837
29.600411653518677,0.7275189612578759,0.420838298746275,0.2886087253586819,0.02802781235670096,0.4438242010538309,100,100,0.00020199127902742475,0.050756338983774185,0,19.70032501220703
29.70164656639099,0.7274005144800377,0.4206943628827537,0.2890152060339761,0.02802781235670096,0.4438242010538309,100,100,0.0005802168161608279,0.051133327186107635,0,19.801559925079346
29.80025601387024,0.7273455471460538,0.42062704334572437,0.28928544516722765,0.02802781235670096,0.4438242010538309,100,100,0.0008061823318712413,0.05154991149902344,0,19.900169372558594
29.900057077407837,0.7273351987858159,0.4206141972428566,0.2895284433653943,0.02802781235670096,0.4438242010538309,100,100,0.0008789469138719141,0.05181719362735748,0,19.99997043609619
30.000160455703735,0.7273459189310109,0.42062742216908233,0.2897942535422363,0.02802781235670096,0.4438242010538309,100,100,0.0008734341827221215,0.05217118561267853,0,20.10007381439209
30.100866079330444,0.7273724248589198,0.4206603963085043,0.2900979732898257,0.02802781235670096,0.4438242010538309,100,100,0.0008184884209185839,0.05266005918383598,0,20.2007794380188
30.200506448745728,0.7273927880158922,0.42068598588819744,0.29045000569079915,0.02802781235670096,0.4438242010538309,100,100,0.0007154038758017123,0.05323568731546402,0,20.300419807434082
30.300379753112793,0.7273885210172035,0.42068066370135415,0.29095369359404355,0.02802781235670096,0.4438242010538309,100,100,0.0005622204625979066,0.053649671375751495,0,20.400293111801147
30.40019154548645,0.7273611806959283,0.420645280546519,0.2919024313726194,0.02802781235670096,0.4438242010538309,100,100,0.0003754952340386808,0.05408504605293274,0,20.500104904174805
30.500273942947388,0.7273199324213274,0.4205907234892941,0.29259179828349324,0.02802781235670096,0.4438242010538309,100,100,0.00015118610463105142,0.054398294538259506,0,20.600187301635742
30.60003399848938,0.7272781894406919,0.42053447335037875,0.2931461232901794,0.02802781235670096,0.4438242010538309,100,100,-4.169817111687735e-05,0.05446675047278404,0,20.699947357177734
30.700582265853882,0.7272455112106653,0.4204896471641782,0.2936492445294804,0.02802781235670096,0.4438242010538309,100,100,-0.00015234496095217764,0.05434948205947876,0,20.800495624542236
30.801209211349487,0.7272212489729487,0.42045583845984247,0.2940810849947437,0.02802781235670096,0.4438242010538309,100,100,-0.00020607329497579485,0.054340917617082596,0,20.901122570037842
30.90126609802246,0.7272015092844782,0.4204278829721952,0.29462147702664754,0.02802781235670096,0.4438242010538309,100,100,-0.000294304802082479,0.054532259702682495,0,21.001179456710815
31.001364946365356,0.7271602062685196,0.42036826590940896,0.29513117934855293,0.02802781235670096,0.4438242010538309,100,100,-0.000414477864978835,0.05482622981071472,0,21.10127830505371
31.101171493530273,0.7270939247742036,0.42027048294188735,0.29564662895891636,0.02802781235670096,0.4438242010538309,100,100,-0.0005334177403710783,0.05533277988433838,0,21.201084852218628
31.200297832489014,0.7270274896864399,0.4201701108804781,0.2960857098362184,0.02802781235670096,0.4438242010538309,100,100,-0.0005949924234300852,0.05566278100013733,0,21.300211191177368
31.301300287246704,0.7269532776575868,0.42005594204868746,0.29636238604991216,0.02802781235670096,0.4438242010538309,100,100,-0.0006363653228618205,0.05594635009765625,0,21.40121364593506
31.401005744934082,0.7269055161997039,0.4199810287869861,0.2966662697972684,0.02802781235670096,0.4438242010538309,100,100,-0.0005895344656892121,0.056215524673461914,0,21.500919103622437
31.500850200653076,0.7268726043583016,0.41992844195825385,0.29692184379727604,0.02802781235670096,0.4438242010538309,100,100,-0.0005783445085398853,0.05642887204885483,0,21.60076355934143
31.60036015510559,0.7268436363174636,0.41988149649397355,0.2971214521073926,0.02802781235670096,0.4438242010538309,100,100,-0.0005963607109151781,0.056725699454545975,0,21.700273513793945
31.701253414154053,0.726831541088916,0.4198614373367744,0.29735818855424856,0.02802781235670096,0.4438242010538309,100,100,-0.0006324361311271787,0.05715758353471756,0,21.801166772842407
31.80046820640564,0.7268179997043536,0.4198387005905584,0.29753485549057923,0.02802781235670096,0.4438242010538309,100,100,-0.006508525926619768,0.011125728487968445,0,21.900381565093994
31.900521755218506,0.7266824063665311,0.41960848731370165,0.29755488610060754,0.02802781235670096,0.4438242010538309,100,100,-0.010978341102600098,-0.035755548626184464,0,22.00043511390686
32.00038003921509,0.7265043667795362,0.41930707972787834,0.29752057168029067,0.02802781235670096,0.4438242010538309,100,100,-0.013237916864454746,-0.07655643671751022,0,22.100293397903442
32.10049343109131,0.7259210898531745,0.41832780949984893,0.2973307786526793,0.02802781235670096,0.4438242010538309,100,100,-0.014292841777205467,-0.10904895514249802,0,22.200406789779663
32.201510190963745,0.7250888797323414,0.4169610381441538,0.296986507163867,0.02802781235670096,0.4438242010538309,100,100,-0.0077324798330664635,-0.0889977514743805,0,22.3014235496521
32.30039405822754,0.7244136640073954,0.4158818271727286,0.2964688649324605,0.02802781235670096,0.4438242010538309,100,100,-0.0015038824640214443,-0.061527617275714874,0,22.400307416915894
32.40059232711792,0.7240592590483663,0.4153285670491401,0.29620518090434145,0.02802781235670096,0.4438242010538309,100,100,0.002672316273674369,-0.03601169213652611,0,22.500505685806274
32.50031924247742,0.7242205386830233,0.4155767350984088,0.29611995580537254,0.02802781235670096,0.4438242010538309,100,100,0.005155718885362148,-0.014729734510183334,0,22.60023260116577
32.600001096725464,0.7242544160398987,0.4156294699215058,0.29611996834035914,0.02802781235670096,0.4438242010538309,100,100,0.005878068041056395,0.0012440087739378214,0,22.69991445541382
32.7002968788147,0.7242529407376197,0.4156272392562598,0.2961231807352148,0.02802781235670096,0.4438242010538309,100,100,0.00584739726036787,0.012862572446465492,0,22.80021023750305
32.800565242767334,0.7242534428309698,0.4156280263748008,0.2961265311536483,0.02802781235670096,0.4438242010538309,100,100,0.005627973936498165,0.020525183528661728,0,22.90047860145569
32.902005195617676,0.7242837769718061,0.41567475815276683,0.2961466937962136,0.02802781235670096,0.4438242010538309,100,100,0.005663369316607714,0.026434997096657753,0,23.00191855430603
33.0003662109375,0.724428805141532,0.4158990156118518,0.29620142357664603,0.02788109086584553,0.44368509489707647,100,100,0.005942855030298233,0.03204275667667389,0,23.100279569625854
33.10015344619751,0.72465575898998,0.4162509139195022,0.29627975117458294,0.02788109086584553,0.44368509489707647,100,100,0.006110111251473427,0.03720428794622421,0,23.200066804885864
33.200173139572144,0.7249253089770703,0.41667178636421875,0.29643313840090524,0.02788109086584553,0.44368509489707647,100,100,0.006003357004374266,0.042231880128383636,0,23.300086498260498
33.30035185813904,0.7252448956802459,0.41717480241745114,0.2965658537605843,0.02788109086584553,0.44368509489707647,100,100,0.005565682891756296,0.04606523737311363,0,23.400265216827393
33.40034222602844,0.7255887017857846,0.41772054464857994,0.296733835525676,0.02788109086584553,0.44368509489707647,100,100,0.004809585399925709,0.048492640256881714,0,23.500255584716797
33.50055170059204,0.7259438085751253,0.4182901441797505,0.2968817778736751,0.02788109086584553,0.44368509489707647,100,100,0.003857123199850321,0.04981334134936333,0,23.600465059280396
33.601102352142334,0.7262971295089768,0.4188624028294017,0.297014186294253,0.02788109086584553,0.44368509489707647,100,100,0.0027922072913497686,0.050461336970329285,0,23.70101571083069
33.70049214363098,0.7266265293915624,0.41940098176755625,0.2971331838344696,0.02788109086584553,0.44368509489707647,100,100,0.0017252707621082664,0.050811316817998886,0,23.800405502319336
33.80012059211731,0.7269454986074608,0.419927374381576,0.2972498853540586,0.02788109086584553,0.44368509489707647,100,100,0.0006642190855927765,0.051127973943948746,0,23.900033950805664
33.90013027191162,0.7271545055444214,0.4202773844044375,0.2974049734619608,0.02788109086584553,0.44368509489707647,100,100,-0.0033253864385187626,0.02883722260594368,0,24.000043630599976
34.00019884109497,0.7272277466047549,0.42040186899109777,0.2974552901746038,0.02788109086584553,0.44368509489707647,100,100,-0.009142415598034859,-0.018973642960190773,0,24.100112199783325
34.100258350372314,0.7271123241921549,0.4202072673441195,0.29742560753463443,0.02788109086584553,0.44368509489707647,100,100,-0.012775449082255363,-0.062489405274391174,0,24.20017170906067
34.20050573348999,0.7266791576060492,0.4194788174561224,0.29734281783097183,0.02788109086584553,0.44368509489707647,100,100,-0.014471703208982944,-0.09935835003852844,0,24.300419092178345
34.30019474029541,0.7259061724413384,0.41820093910070727,0.29700108392754576,0.02788109086584553,0.44368509489707647,100,100,-0.015008625574409962,-0.12763451039791107,0,24.400108098983765
34.40505242347717,0.7250337429803869,0.4168066347731179,0.2963566951845319,0.02788109086584553,0.44368509489707647,100,100,-0.007946344092488289,-0.10436727106571198,0,24.504965782165527
34.50009632110596,0.7244322577231381,0.415883915067157,0.2956951741637802,0.02788109086584553,0.44368509489707647,100,100,-0.00134416448418051,-0.07465740293264389,0,24.60000967979431
34.6000657081604,0.7241659184825514,0.41548510651425685,0.29525086134436584,0.02788109086584553,0.44368509489707647,100,100,0.0028885873034596443,-0.04733150824904442,0,24.699979066848755
34.700108766555786,0.72418041901185,0.4155071526404987,0.2949932703769703,0.02788109086584553,0.44368509489707647,100,100,0.005299756303429604,-0.02448326162993908,0,24.80002212524414
34.80030918121338,0.7244749670178482,0.41593907395789664,0.29487235449138216,0.02788109086584553,0.44368509489707647,100,100,0.006241831928491592,-0.007694749627262354,0,24.900222539901733
34.9002251625061,0.724539807920394,0.416033424746225,0.2948714907902621,0.02788109086584553,0.44368509489707647,100,100,0.00599294388666749,0.0041120415553450584,0,25.000138521194458
35.00069618225098,0.7245416494712023,0.41603609302411154,0.29487007078664607,0.02788109086584553,0.44368509489707647,100,100,0.005735053680837154,0.013136831112205982,0,25.10060954093933
35.100224018096924,0.7245412873171679,0.4160355551414,0.2948664747160499,0.02788109086584553,0.44368509489707647,100,100,0.005734914448112249,0.020526297390460968,0,25.20013737678528
35.20033407211304,0.7245426020627677,0.41603747705465044,0.2949003291535931,0.02788109086584553,0.44368509489707647,100,100,0.005954959895461798,0.026474472135305405,0,25.30024743080139
35.30065941810608,0.7247122291108792,0.4162866702596638,0.2950264822131924,0.02788109086584553,0.44368509489707647,100,100,0.0062775639817118645,0.03204256296157837,0,25.400572776794434
35.40017247200012,0.7249718739605804,0.4166697068364702,0.2951688015890517,0.02788109086584553,0.44368509489707647,100,100,0.006315542384982109,0.03762314096093178,0,25.500085830688477
35.500582218170166,0.7252867433647104,0.4171371351011041,0.2953331834914982,0.02788109086584553,0.44368509489707647,100,100,0.005970550235360861,0.04188975691795349,0,25.60049557685852
35.60065293312073,0.725619449021615,0.4176348712519295,0.2955188824085986,0.02788109086584553,0.44368509489707647,100,100,0.0053118085488677025,0.04467093199491501,0,25.700566291809082
35.700239181518555,0.7259587451090384,0.41814729046666155,0.2957459199257597,0.02788109086584553,0.44368509489707647,100,100,0.00440133735537529,0.0464790053665638,0,25.80015254020691
35.800798177719116,0.7263119712894968,0.4186865920423891,0.2959603852775906,0.02788109086584553,0.44368509489707647,100,100,0.003401155350729823,0.047316644340753555,0,25.90071153640747
35.89998769760132,0.7266512955649033,0.41920968565047706,0.29612714001275064,0.02788109086584553,0.44368509489707647,100,100,0.002385680330917239,0.04777488112449646,0,25.999901056289673
36.00003910064697,0.7269787597630201,0.4197189382117046,0.2962711589668613,0.02788109086584553,0.44368509489707647,100,100,0.0013927826657891273,0.04831990972161293,0,26.099952459335327
36.10044836997986,0.7272838146761811,0.42019720747124195,0.2963997401579348,0.02788109086584553,0.44368509489707647,100,100,0.0004729667562060058,0.04888010025024414,0,26.200361728668213
36.20029163360596,0.7275705286016192,0.42065055822804254,0.29657070575389155,0.02788109086584553,0.44368509489707647,100,100,-0.0003795029770117253,0.04950816556811333,0,26.30020499229431
36.302181005477905,0.7277057040116675,0.4208674179803545,0.296743096733618,0.02788109086584553,0.44368509489707647,100,100,-0.0011654458940029144,0.05038485303521156,0,26.40209436416626
36.400192975997925,0.7277585407260162,0.4209531306290156,0.29685753585608954,0.02788109086584553,0.44368509489707647,100,100,-0.0017146141035482287,0.050750162452459335,0,26.50010633468628
36.50147795677185,0.7274989625305734,0.4205302502752257,0.29693628755180357,0.02788109086584553,0.44368509489707647,100,100,-0.007730044424533844,0.004506414290517569,0,26.601391315460205
36.600401639938354,0.7272630614162308,0.4201435182011761,0.29694860012211555,0.02788109086584553,0.44368509489707647,100,100,-0.011862067505717278,-0.04244079440832138,0,26.70031499862671
36.70001745223999,0.7270489542801536,0.4197934821810256,0.2968903053446813,0.02788109086584553,0.44368509489707647,100,100,-0.007425596937537193,-0.03842706233263016,0,26.799930810928345
36.80019783973694,0.7266673418027388,0.4191735291357858,0.29678797402101076,0.02788109086584553,0.44368509489707647,100,100,-0.0035087240394204855,-0.02404594048857689,0,26.900111198425293
36.90029954910278,0.7264614142795562,0.41884046918819984,0.29675726190310714,0.02788109086584553,0.44368509489707647,100,100,-0.001043582335114479,-0.007689401973038912,0,27.000212907791138
37.00014925003052,0.726452293845127,0.4188256661852452,0.2967596519005724,0.02788109086584553,0.44368509489707647,100,100,0.00048352451995015144,0.007439043838530779,0,27.100062608718872
37.10005831718445,0.7264526360277358,0.4188262144621135,0.29675951581873716,0.02802781235670096,0.4438242010538309,100,100,0.0011940848780795932,0.018707793205976486,0,27.199971675872803
37.20020818710327,0.7264526116477701,0.41882617482208917,0.29675584206455563,0.02802781235670096,0.4438242010538309,100,100,0.0012125716311857104,0.02723010629415512,0,27.300121545791626
37.30001354217529,0.7264526292930109,0.4188262030183823,0.296757562132397,0.02802781235670096,0.4438242010538309,100,100,0.0009266254492104053,0.0332292765378952,0,27.399926900863647
37.407835721969604,0.726452613223635,0.4188261768892628,0.29675770548492386,0.02802781235670096,0.4438242010538309,100,100,0.0007463804795406759,0.0384824238717556,0,27.50774908065796
37.50033497810364,0.726452628658429,0.4188262015847931,0.29675671993226127,0.02802781235670096,0.4438242010538309,100,100,0.0008103128639049828,0.04001372307538986,0,27.600248336791992
37.6000919342041,0.7264526143572523,0.41882617834640506,0.2967603687950804,0.02802781235670096,0.4438242010538309,100,100,0.0010454857256263494,0.04315972328186035,0,27.700005292892456
37.70066547393799,0.7265551470847295,0.41899196503178204,0.296815972901583,0.02802781235670096,0.4438242010538309,100,100,0.0012608838733285666,0.046422772109508514,0,27.800578832626343
37.800166606903076,0.7267446773875654,0.41930009737623336,0.29688728227204575,0.02802781235670096,0.4438242010538309,100,100,0.0011788286501541734,0.04928743839263916,0,27.90007996559143
37.90024280548096,0.7269780175124848,0.41968164380122097,0.2969652999179455,0.02802781235670096,0.4438242010538309,100,100,0.0007733306265436113,0.05119512602686882,0,28.00015616416931
38.00023174285889,0.7272031372860327,0.42005225041079236,0.2970455681043128,0.02802781235670096,0.4438242010538309,100,100,0.00014514508075080812,0.052369773387908936,0,28.10014510154724
38.10013127326965,0.7273227245528892,0.4202511362111726,0.2971866819466381,0.02788109086584553,0.44368509489707647,100,100,-0.003619826165959239,0.030317116528749466,0,28.200044631958008
38.20040941238403,0.7273576485795775,0.42031001594291145,0.29723070531661255,0.02788109086584553,0.44368509489707647,100,100,-0.009248943068087101,-0.017547421157360077,0,28.300322771072388
38.300541400909424,0.727176543058583,0.42000601566670137,0.29719787450638413,0.02788109086584553,0.44368509489707647,100,100,-0.012749475426971912,-0.0613190159201622,0,28.40045475959778
38.40020418167114,0.7267531114248101,0.41929820413444613,0.297115115165537,0.02788109086584553,0.44368509489707647,100,100,-0.014350862242281437,-0.09824337810277939,0,28.500117540359497
38.50008821487427,0.7259864587606252,0.4180363174676831,0.2967965798939549,0.02788109086584553,0.44368509489707647,100,100,-0.011411622166633606,-0.10422670841217041,0,28.600001573562622
38.60092496871948,0.7251608240241084,0.41671734353600187,0.29627190017313565,0.02788109086584553,0.44368509489707647,100,100,-0.0046851541846990585,-0.07952064275741577,0,28.700838327407837
38.700031757354736,0.7247172593367003,0.4160329623992794,0.2956862601779865,0.02788109086584553,0.44368509489707647,100,100,0.0004933375748805702,-0.05264858156442642,0,28.79994511604309
38.80034303665161,0.7245673601639412,0.4158061053774249,0.2955059233349352,0.02788109086584553,0.44368509489707647,100,100,0.003719321684911847,-0.028575018048286438,0,28.900256395339966
38.90037178993225,0.7247279223051025,0.4160487350182501,0.29543296985252143,0.02788109086584553,0.44368509489707647,100,100,0.005381294526159763,-0.009131526574492455,0,29.000285148620605
39.00003266334534,0.7247626220634823,0.4161006081591886,0.29543090399929683,0.02788109086584553,0.44368509489707647,100,100,0.005558043252676725,0.004395849071443081,0,29.09994602203369
39.100032567977905,0.7247616039302177,0.41609904509299767,0.29542511065852883,0.02788109086584553,0.44368509489707647,100,100,0.005341312848031521,0.0137014240026474,0,29.19994592666626
39.200124979019165,0.7247619368738353,0.416099539907734,0.2954275219998579,0.02802781235670096,0.4438242010538309,100,100,0.005177568178623915,0.0207723006606102,0,29.30003833770752
39.30064082145691,0.7247623901615514,0.41610021671210157,0.29543838634793573,0.02802781235670096,0.4438242010538309,100,100,0.005293200258165598,0.026244672015309334,0,29.400554180145264
39.40030598640442,0.7248490313994268,0.4162309699818028,0.2954862955291543,0.02802781235670096,0.4438242010538309,100,100,0.005661189090460539,0.03138887509703636,0,29.500219345092773
39.50695180892944,0.7250695541094758,0.41656454220393296,0.29557795823556376,0.02802781235670096,0.4438242010538309,100,100,0.0058914958499372005,0.03901421278715134,0,29.606865167617798
39.600133419036865,0.7253330846617599,0.41696563348597515,0.2957576996169251,0.02802781235670096,0.4438242010538309,100,100,0.005785348825156689,0.04127748683094978,0,29.70004677772522
39.70040798187256,0.725651028675171,0.41745422960855105,0.29597526068935553,0.02802781235670096,0.4438242010538309,100,100,0.005296262912452221,0.04486386477947235,0,29.800321340560913
39.800100803375244,0.7259967300763999,0.41799136688035193,0.2961765808590582,0.02802781235670096,0.4438242010538309,100,100,0.004487953148782253,0.047145113348960876,0,29.9000141620636
39.907366037368774,0.726346018356074,0.4185397490198803,0.2963360692238979,0.02802781235670096,0.4438242010538309,100,100,0.0034556349273771048,0.048561617732048035,0,30.00727939605713
39.999979734420776,0.7266913271288528,0.4190868601454823,0.2964878643504073,0.02802781235670096,0.4438242010538309,100,100,0.0024179795291274786,0.04906307905912399,0,30.09989309310913
40.100544691085815,0.7270177021847044,0.4196090133107672,0.29662407076594566,0.02802781235670096,0.4438242010538309,100,100,0.0014288672246038914,0.04944419115781784,0,30.20045804977417
40.20029544830322,0.7273136798045455,0.4200866918540985,0.29674127893479685,0.02788109086584553,0.44368509489707647,100,100,0.0004982264945283532,0.049953777343034744,0,30.300208806991577
40.308225870132446,0.7275491761398599,0.4204709220587042,0.29688694263331494,0.02788109086584553,0.44368509489707647,100,100,-0.00033919024281203747,0.05041084811091423,0,30.4081392288208
40.400373220443726,0.7276474755048372,0.4206331976442042,0.2970112993480025,0.02788109086584553,0.44368509489707647,100,100,-0.004138364922255278,0.028310999274253845,0,30.50028657913208
40.500123262405396,0.7276042359296271,0.4205615971247018,0.29704777268075966,0.02788109086584553,0.44368509489707647,100,100,-0.009749088436365128,-0.019489219412207603,0,30.60003662109375
40.60008382797241,0.7274475152192919,0.42030088274143484,0.29699509850980566,0.02788109086584553,0.44368509489707647,100,100,-0.013123148120939732,-0.06323007494211197,0,30.699997186660767
40.700223445892334,0.7269579744570969,0.4194941525724928,0.29687496105695266,0.02788109086584553,0.44368509489707647,100,100,-0.014590448699891567,-0.10013144463300705,0,30.80013680458069
40.800214529037476,0.7262157095685339,0.418288084626315,0.2966172816435304,0.02788109086584553,0.44368509489707647,100,100,-0.008431198075413704,-0.08392564952373505,0,30.90012788772583
40.900174617767334,0.7255079548744968,0.41716099971682663,0.2962645313073259,0.02788109086584553,0.44368509489707647,100,100,-0.0027011793572455645,-0.05871374160051346,0,31.00008797645569
41.00027394294739,0.7251271275079064,0.4165670516444205,0.29599298452426726,0.02788109086584553,0.44368509489707647,100,100,0.0012086243368685246,-0.03445399925112724,0,31.100187301635742
41.10016846656799,0.7248753683491994,0.4161774193091957,0.2959585115546055,0.02788109086584553,0.44368509489707647,100,100,0.003647041507065296,-0.013863034546375275,0,31.200081825256348
41.20002722740173,0.7248441251485193,0.4161292509750395,0.2959596879186104,0.02802781235670096,0.4438242010538309,100,100,0.004830965306609869,0.0012898200657218695,0,31.299940586090088
41.30004382133484,0.7248450427236535,0.41613067677570664,0.2959562693679141,0.02802781235670096,0.4438242010538309,100,100,0.005029741674661636,0.012038778513669968,0,31.399957180023193
41.40113854408264,0.7248453270754627,0.41613111436547456,0.2959578261476431,0.02802781235670096,0.4438242010538309,100,100,0.004846218507736921,0.019535701721906662,0,31.501051902770996
41.50003623962402,0.7248450409529322,0.41613066825627093,0.2959604573963909,0.02802781235670096,0.4438242010538309,100,100,0.004877602215856314,0.025282805785536766,0,31.599949598312378
41.600189447402954,0.7248464712923303,0.4161328827068287,0.2959920038887981,0.02802781235670096,0.4438242010538309,100,100,0.005191321950405836,0.03055224008858204,0,31.70010280609131
41.70064353942871,0.7250155011023334,0.41639544513158144,0.2960739966437803,0.02802781235670096,0.4438242010538309,100,100,0.005580182187259197,0.035901110619306564,0,31.800556898117065
41.8002450466156,0.7252681479364289,0.4167903737943226,0.29622366586590054,0.02802781235670096,0.4438242010538309,100,100,0.005588592495769262,0.041087839752435684,0,31.900158405303955
41.90033674240112,0.7255745044180468,0.41727259232105507,0.29633704934594374,0.02802781235670096,0.4438242010538309,100,100,0.005245047155767679,0.04502293840050697,0,32.00025010108948
42.00043511390686,0.7259006814455635,0.41779023050868985,0.296494871115458,0.02802781235670096,0.4438242010538309,100,100,0.004605508875101805,0.047540001571178436,0,32.100348472595215
42.10775375366211,0.7262475070092189,0.41834617606855273,0.2966110601869737,0.02802781235670096,0.4438242010538309,100,100,0.0029842143412679434,0.04979243129491806,0,32.207667112350464
42.200493574142456,0.7264824032862257,0.4187245851387329,0.2966946249581345,0.02788109086584553,0.44368509489707647,100,100,0.0025219889357686043,0.05007973313331604,0,32.30040693283081
42.30050277709961,0.7267353729263542,0.41913505678361523,0.2967955171152562,0.02788109086584553,0.44368509489707647,100,100,0.0016804711194708943,0.05065162479877472,0,32.400416135787964
42.40191864967346,0.7269790785007474,0.4195332710534011,0.2968828392816394,0.02788109086584553,0.44368509489707647,100,100,0.0008763800142332911,0.050871312618255615,0,32.501832008361816
42.50029277801514,0.7271633654223165,0.41983697643661144,0.2969930364477805,0.02788109086584553,0.44368509489707647,100,100,0.00014090396871324629,0.05102698877453804,0,32.60020613670349
42.60029625892639,0.7272568665629401,0.4199926655494271,0.29710315293320133,0.02788109086584553,0.44368509489707647,100,100,-0.0034941653721034527,0.028383610770106316,0,32.700209617614746
42.70036196708679,0.7272773278031368,0.4200271850548368,0.2971394648095549,0.02788109086584553,0.44368509489707647,100,100,-0.009022928774356842,-0.01922745071351528,0,32.80027532577515
42.8003933429718,0.7272443584833836,0.41997195177489205,0.2971081638037223,0.02788109086584553,0.44368509489707647,100,100,-0.012444852851331234,-0.06301547586917877,0,32.900306701660156
42.899961948394775,0.726764434535773,0.41917281669948525,0.29701444396799015,0.02788109086584553,0.44368509489707647,100,100,-0.014048180542886257,-0.09975241124629974,0,32.99987530708313
43.00066924095154,0.7260504400620339,0.417998994235015,0.2967500228429082,0.02788109086584553,0.44368509489707647,100,100,-0.00783689133822918,-0.08365707844495773,0,33.10058259963989
43.1002357006073,0.7253688028711569,0.4169013089041189,0.2964482658560432,0.02788109086584553,0.44368509489707647,100,100,-0.001970015000551939,-0.05894022807478905,0,33.200149059295654
43.20058274269104,0.7250004359019299,0.41632029360012324,0.29612563748495646,0.02788109086584553,0.44368509489707647,100,100,0.0018484739121049643,-0.03498285263776779,0,33.300496101379395
43.30013346672058,0.7249097745499248,0.4161793533107764,0.29606499205163217,0.02802781235670096,0.4438242010538309,100,100,0.004163497593253851,-0.014054142870008945,0,33.400046825408936
43.40052652359009,0.724905516088759,0.416172741435364,0.2960644437428016,0.02802781235670096,0.4438242010538309,100,100,0.005032155197113752,0.0016373160760849714,0,33.50043988227844
43.50038695335388,0.7249053772040778,0.4161725220560042,0.2960617553721978,0.02802781235670096,0.4438242010538309,100,100,0.005013246089220047,0.012377383187413216,0,33.600300312042236
43.600483417510986,0.724905617691292,0.4161728942131178,0.29606376175548366,0.02802781235670096,0.4438242010538309,100,100,0.004738599993288517,0.019609874114394188,0,33.70039677619934
43.69998908042908,0.7249053910023623,0.41617253761778916,0.2960647484072271,0.02802781235670096,0.4438242010538309,100,100,0.004728749860078096,0.025015799328684807,0,33.79990243911743
43.800370931625366,0.7249310115697983,0.41621250554818257,0.29608517818395763,0.02802781235670096,0.4438242010538309,100,100,0.005038988310843706,0.029990408569574356,0,33.90028429031372
43.90028166770935,0.7250999735581737,0.4164765935261764,0.29615288714128174,0.02802781235670096,0.4438242010538309,100,100,0.005348864942789078,0.0351913757622242,0,34.000195026397705
44.00030207633972,0.7253407128069653,0.41685485955169144,0.2962693835177487,0.02802781235670096,0.4438242010538309,100,100,0.00536515424028039,0.03790970891714096,0,34.100215435028076
44.10035014152527,0.7256257628967713,0.41730530863959747,0.29638662891803236,0.02802781235670096,0.4438242010538309,100,100,0.004930989351123571,0.04467117413878441,0,34.20026350021362
44.20072269439697,0.7259330924537251,0.4177953285767055,0.296545073097654,0.02802781235670096,0.4438242010538309,100,100,0.004241114482283592,0.04740038514137268,0,34.30063605308533
44.300128698349,0.7262642557747705,0.4183287553764513,0.2966912859604799,0.02788109086584553,0.44368509489707647,100,100,0.003333858447149396,0.049125831574201584,0,34.40004205703735
44.40018606185913,0.7265985233443039,0.41887225258742244,0.29680483667638413,0.02788109086584553,0.44368509489707647,100,100,0.0023116874508559704,0.04978660121560097,0,34.500099420547485
44.500208616256714,0.7269141712800209,0.41938937428918305,0.2968841357527646,0.02788109086584553,0.44368509489707647,100,100,0.0013056828174740076,0.05015000328421593,0,34.60012197494507
44.60021185874939,0.7271989837266399,0.41985900426676176,0.29697873740790515,0.02788109086584553,0.44368509489707647,100,100,0.00042033742647618055,0.05052092671394348,0,34.700125217437744
44.70797061920166,0.7273954942898867,0.4201866922564629,0.29711292746909324,0.02788109086584553,0.44368509489707647,100,100,-0.006101810373365879,0.004461985547095537,0,34.807883977890015
44.80036377906799,0.7274410364539378,0.42026358991600316,0.2971359967926237,0.02788109086584553,0.44368509489707647,100,100,-0.011015350930392742,-0.0419735424220562,0,34.90027713775635
44.90022373199463,0.7272753937116558,0.41998574912746783,0.2970867852179584,0.02788109086584553,0.44368509489707647,100,100,-0.013621409423649311,-0.08245769143104553,0,35.00013709068298
45.00014543533325,0.7266887402184753,0.41901361775397955,0.29689813422977307,0.02788109086584553,0.44368509489707647,100,100,-0.014646974392235279,-0.11496289074420929,0,35.100058794021606
45.10016465187073,0.7258632234733857,0.4176716916832139,0.29648401145640346,0.02788109086584553,0.44368509489707647,100,100,-0.00800955481827259,-0.09508161246776581,0,35.20007801055908
45.20410919189453,0.7252052125861357,0.4166342581217826,0.2960336073448864,0.02788109086584553,0.44368509489707647,100,100,-0.001768063404597342,-0.067631796002388,0,35.304022550582886
45.3014075756073,0.7249422240433062,0.41623066746311094,0.2956494056433767,0.02802781235670096,0.4438242010538309,100,100,0.0022674393840134144,-0.04188882187008858,0,35.401320934295654
45.400301456451416,0.7250156199878224,0.4163426615624271,0.29548463552352844,0.02802781235670096,0.4438242010538309,100,100,0.004452402703464031,-0.01952008716762066,0,35.50021481513977
45.50026774406433,0.7251963831316257,0.4166159644897473,0.29545447309520867,0.02802781235670096,0.4438242010538309,100,100,0.004920530132949352,-0.003088638884946704,0,35.600181102752686
45.60028958320618,0.7252030786322775,0.4166260042281443,0.29545433439134683,0.02802781235670096,0.4438242010538309,100,100,0.004718958865851164,0.008290072903037071,0,35.70020294189453
45.700284242630005,0.7252025825715178,0.4166252441349443,0.29545363388693824,0.02802781235670096,0.4438242010538309,100,100,0.004508421290665865,0.01637859456241131,0,35.80019760131836
45.80021333694458,0.7252027708393769,0.41662552585887924,0.2954543661033697,0.02802781235670096,0.4438242010538309,100,100,0.004490547347813845,0.022896122187376022,0,35.900126695632935
45.90053701400757,0.7252032064386608,0.41662618282410163,0.29545699732455766,0.02802781235670096,0.4438242010538309,100,100,0.004723669029772282,0.02847868762910366,0,36.00045037269592
46.00065875053406,0.7253095728347615,0.41678743661156137,0.2955252763233086,0.02802781235670096,0.4438242010538309,100,100,0.0050331465899944305,0.03381205350160599,0,36.10057210922241
46.10016369819641,0.7255206446483702,0.4171084110419078,0.2956233012765912,0.02802781235670096,0.4438242010538309,100,100,0.00508842570707202,0.03878459334373474,0,36.200077056884766
46.20348310470581,0.7257920261048549,0.41752383484296834,0.2957948544513921,0.02802781235670096,0.4438242010538309,100,100,0.004763559438288212,0.04246584698557854,0,36.303396463394165
46.3003032207489,0.7260977857143455,0.4179958903065707,0.29596229175941413,0.02802781235670096,0.4438242010538309,100,100,0.004075215198099613,0.04542534053325653,0,36.400216579437256
46.40040373802185,0.726419444349838,0.41849702726295235,0.29612812448971715,0.02788109086584553,0.44368509489707647,100,100,0.0031651421450078487,0.047187499701976776,0,36.500317096710205
46.50027012825012,0.7267446996699939,0.4190086393024251,0.29628283354070284,0.02788109086584553,0.44368509489707647,100,100,0.0022220497485250235,0.04806534945964813,0,36.60018348693848
46.60020446777344,0.7270600443057026,0.4195090701281564,0.2964123302684504,0.02788109086584553,0.44368509489707647,100,100,0.001271675806492567,0.04870660603046417,0,36.70011782646179
46.707275390625,0.7273608657226838,0.419990352304163,0.2965249601431088,0.02788109086584553,0.44368509489707647,100,100,-6.268300057854503e-05,0.04944661259651184,0,36.807188749313354
46.80046367645264,0.727577692146021,0.42034043909405144,0.29667738175026637,0.02788109086584553,0.44368509489707647,100,100,-0.0004333789984229952,0.04974650219082832,0,36.90037703514099
46.90020823478699,0.7276595580881018,0.42047449589107205,0.29683114443181835,0.02788109086584553,0.44368509489707647,100,100,-0.0010432469425722957,0.05040201544761658,0,37.00012159347534
47.000375509262085,0.7276783522049951,0.42050570016468364,0.2969676333498663,0.02788109086584553,0.44368509489707647,100,100,-0.007146635092794895,0.004237357527017593,0,37.10028886795044
47.10035181045532,0.7275193019571653,0.4202406793917973,0.2969724988388862,0.02788109086584553,0.44368509489707647,100,100,-0.011658167466521263,-0.04254712164402008,0,37.20026516914368
47.203614234924316,0.7272748223361665,0.4198350706109834,0.29683985143537506,0.02788109086584553,0.44368509489707647,100,100,-0.013799688778817654,-0.08317801356315613,0,37.30352759361267
47.30058789253235,0.7266339530894053,0.41878373512907974,0.296698438256325,0.02788109086584553,0.44368509489707647,100,100,-0.010854965075850487,-0.07823265343904495,0,37.4005012512207
47.40117812156677,0.7259618976073168,0.4176986415527706,0.29644415453218664,0.02802781235670096,0.4438242010538309,100,100,-0.0026536183431744576,-0.04904045909643173,0,37.50109148025513
47.50025153160095,0.7255180811659532,0.41699123365839125,0.2963492759827234,0.02802781235670096,0.4438242010538309,100,100,0.0009500780724920332,-0.027012428268790245,0,37.60016489028931
47.600494146347046,0.7254643146273322,0.4169057731815452,0.29634957322158795,0.02802781235670096,0.4438242010538309,100,100,0.00327458162792027,-0.007759239058941603,0,37.7004075050354
47.69998788833618,0.7254656646978098,0.4169079214553272,0.29635052194660805,0.02802781235670096,0.4438242010538309,100,100,0.004037040285766125,0.006954321637749672,0,37.799901247024536
47.80028796195984,0.7254658293735697,0.41690818324406514,0.2963491885156162,0.02802781235670096,0.4438242010538309,100,100,0.004012150689959526,0.017357250675559044,0,37.90020132064819
47.90062379837036,0.7254656399436717,0.4169078818468071,0.29635507659811977,0.02802781235670096,0.4438242010538309,100,100,0.003713703714311123,0.024478312581777573,0,38.000537157058716
48.00076127052307,0.7254658176720852,0.41690816450279994,0.2963522866563535,0.02802781235670096,0.4438242010538309,100,100,0.0036041862331330776,0.02943829447031021,0,38.100674629211426
48.10020637512207,0.7254959166161067,0.41695606705998434,0.29636690268285226,0.02802781235670096,0.4438242010538309,100,100,0.003789630951359868,0.03371930494904518,0,38.200119733810425
48.200570821762085,0.7256381641906683,0.4171827768830235,0.296403758749028,0.02802781235670096,0.4438242010538309,100,100,0.004033232107758522,0.03818798437714577,0,38.30048418045044
48.3006649017334,0.7258723230095345,0.4175575643924275,0.2965028653116214,0.02802781235670096,0.4438242010538309,100,100,0.004034772515296936,0.04247652366757393,0,38.40057826042175
48.40298247337341,0.7261358046193502,0.417982269072153,0.29661101200677564,0.02802781235670096,0.4438242010538309,100,100,0.003670642850920558,0.04600965231657028,0,38.50289583206177
48.499966859817505,0.726425694756506,0.4184532741939,0.2967271050401017,0.02802781235670096,0.4438242010538309,100,100,0.003001984441652894,0.048943281173706055,0,38.59988021850586
48.6001660823822,0.7267355963931894,0.4189609197045327,0.29681022836666837,0.02802781235670096,0.4438242010538309,100,100,0.0021081066224724054,0.0505531020462513,0,38.70007944107056
48.70015358924866,0.7270266680485334,0.4194405317809581,0.2968887302961648,0.02802781235670096,0.4438242010538309,100,100,0.0011624310864135623,0.0512249693274498,0,38.80006694793701
48.800291299819946,0.727298336959233,0.41989213846273,0.297016631550689,0.02802781235670096,0.4438242010538309,100,100,0.0002960605197586119,0.05151890590786934,0,38.9002046585083
48.900168895721436,0.7274466874008588,0.42014182154083013,0.2970781929841797,0.02802781235670096,0.4438242010538309,100,100,-0.006231056526303291,0.005347417667508125,0,39.00008225440979
49.000507831573486,0.7273923076737058,0.4200504084290942,0.2970745854161756,0.02802781235670096,0.4438242010538309,100,100,-0.010987669229507446,-0.04147995635867119,0,39.10042119026184
49.100281715393066,0.7271459362235112,0.41963762113286823,0.29697829622631633,0.02802781235670096,0.4438242010538309,100,100,-0.013491673395037651,-0.08221827447414398,0,39.20019507408142
49.20018815994263,0.7265548363605298,0.418659404663533,0.2968146858363929,0.02802781235670096,0.4438242010538309,100,100,-0.010980305261909962,-0.0923597663640976,0,39.30010151863098
49.300264835357666,0.7257752951358591,0.41739260639905607,0.29650807360477416,0.02802781235670096,0.4438242010538309,100,100,-0.004657762590795755,-0.0710269957780838,0,39.40017819404602
49.40139579772949,0.7252290387755198,0.41652305384614163,0.2962108908529191,0.02802781235670096,0.4438242010538309,100,100,0.0001341221504844725,-0.04651201143860817,0,39.50130915641785
49.50030040740967,0.7250715820200527,0.4162766532367102,0.2960626961952757,0.02802781235670096,0.4438242010538309,100,100,0.0031502924393862486,-0.023724336177110672,0,39.60021376609802
49.600348472595215,0.7250498541982342,0.41624277617538735,0.2960637831452346,0.02802781235670096,0.4438242010538309,100,100,0.00466456962749362,-0.005169944372028112,0,39.70026183128357
49.700210094451904,0.7250502845376006,0.4162434515768002,0.29606217828486403,0.02802781235670096,0.4438242010538309,100,100,0.004986652638763189,0.007708306424319744,0,39.80012345314026
49.80063009262085,0.7250505601845054,0.41624388022907727,0.2960637971857676,0.02802781235670096,0.4438242010538309,100,100,0.004754825960844755,0.016377177089452744,0,39.900543451309204
49.900688886642456,0.7250502587994445,0.41624340471679366,0.2960652925519316,0.02802781235670096,0.4438242010538309,100,100,0.004576530307531357,0.022355658933520317,0,40.00060224533081
50.00018262863159,0.725050477166103,0.41624374440200884,0.29606998036397314,0.02802781235670096,0.4438242010538309,100,100,0.004728891421109438,0.027259405702352524,0,40.100095987319946
50.10011291503906,0.7251522405137397,0.41640334441579574,0.29610976715221926,0.02802781235670096,0.4438242010538309,100,100,0.005081644281744957,0.03219836950302124,0,40.20002627372742
50.20030331611633,0.725358784974989,0.41672798593710025,0.2961735012292339,0.02802781235670096,0.4438242010538309,100,100,0.005220980383455753,0.03768625855445862,0,40.30021667480469
50.299988985061646,0.7256286717281734,0.4171547507755201,0.29631603744703083,0.02802781235670096,0.4438242010538309,100,100,0.005022207275032997,0.042436253279447556,0,40.39990234375
50.40066456794739,0.7259287805719989,0.41763357551695696,0.2964746058050136,0.02802781235670096,0.4438242010538309,100,100,0.0044743879698216915,0.04582785815000534,0,40.50057792663574
50.50019550323486,0.7262500851834826,0.418151278138627,0.29661191159248734,0.02788109086584553,0.44368509489707647,100,100,0.003645755583420396,0.04817138984799385,0,40.60010886192322
50.60024118423462,0.7265844790430758,0.418695173743287,0.2967366682684618,0.02788109086584553,0.44368509489707647,100,100,0.0026335620786994696,0.04953974857926369,0,40.700154542922974
50.70028901100159,0.7269094244157479,0.41922762765281385,0.2968073833031917,0.02788109086584553,0.44368509489707647,100,100,0.0016056331805884838,0.050136491656303406,0,40.80020236968994
50.80049419403076,0.7272027818809533,0.4197116686908199,0.2969111280418718,0.02788109086584553,0.44368509489707647,100,100,0.0006763013079762459,0.050439268350601196,0,40.900407552719116
50.90034246444702,0.7274104879468518,0.42005858426527787,0.29704608025476853,0.02788109086584553,0.44368509489707647,100,100,-0.003300265409052372,0.028240464627742767,0,41.000255823135376
51.00061893463135,0.7275169843186824,0.42023818496602416,0.2970723729779352,0.02788109086584553,0.44368509489707647,100,100,-0.006280305329710245,0.0047442251816391945,0,41.1005322933197
51.100353717803955,0.727509120471085,0.42022505837900376,0.29706709526517416,0.02788109086584553,0.44368509489707647,100,100,-0.012622382491827011,-0.06315204501152039,0,41.20026707649231
51.20129585266113,0.7271593340081131,0.4196400692050603,0.2969136191009003,0.02788109086584553,0.44368509489707647,100,100,-0.014331132173538208,-0.09990450739860535,0,41.30120921134949
51.3009295463562,0.7264076838073189,0.4184013079687315,0.29671358357287003,0.02788109086584553,0.44368509489707647,100,100,-0.008247056044638157,-0.08379767090082169,0,41.400842905044556
51.399967432022095,0.725691531971684,0.41724540145267836,0.2963887831869183,0.02788109086584553,0.44368509489707647,100,100,-0.002463432028889656,-0.05905482545495033,0,41.49988079071045
51.500152349472046,0.7253509452324456,0.41670678324491855,0.2961521071955955,0.02802781235670096,0.4438242010538309,100,100,0.001382526010274887,-0.03496953845024109,0,41.6000657081604
51.60078263282776,0.7251932543153625,0.4164594497304637,0.29610124320622844,0.02802781235670096,0.4438242010538309,100,100,0.0035929821897298098,-0.01398415956646204,0,41.70069599151611
51.70048475265503,0.7252038152382234,0.41647614677754086,0.29610378717671737,0.02802781235670096,0.4438242010538309,100,100,0.004480232950299978,0.001718643819913268,0,41.800398111343384
51.79995775222778,0.7252038045573669,0.41647612896585623,0.2961049052652086,0.02802781235670096,0.4438242010538309,100,100,0.004515849519520998,0.012392054311931133,0,41.89987111091614
51.9003643989563,0.7252035962325738,0.4164757988512356,0.29610594827960335,0.02802781235670096,0.4438242010538309,100,100,0.004296751692891121,0.01973823830485344,0,42.00027775764465
52.00021719932556,0.725203800301469,0.416476117147778,0.29610522164842845,0.02802781235670096,0.4438242010538309,100,100,0.004286539275199175,0.025098679587244987,0,42.100130558013916
52.10032916069031,0.7252043032578431,0.4164769052055997,0.29611355796050254,0.02802781235670096,0.4438242010538309,100,100,0.0045640189200639725,0.03000427410006523,0,42.20024251937866
52.20038866996765,0.7252917576849914,0.41661442416209843,0.29614993894518304,0.02802781235670096,0.4438242010538309,100,100,0.004902051296085119,0.03493112698197365,0,42.300302028656006
52.30023980140686,0.7255170576183552,0.41696978534156376,0.29624969399173073,0.02802781235670096,0.4438242010538309,100,100,0.004963098559528589,0.04006309434771538,0,42.400153160095215
52.40043330192566,0.7257905426681717,0.41740418292906545,0.2963902262564202,0.02802781235670096,0.4438242010538309,100,100,0.0046533262357115746,0.04424024745821953,0,42.500346660614014
52.50157618522644,0.7260970062800234,0.41789545308015846,0.2965343525190126,0.02802781235670096,0.4438242010538309,100,100,0.004024449270218611,0.04698328673839569,0,42.601489543914795
52.60126829147339,0.7264233453457283,0.4184236245780199,0.2966718022013207,0.02802781235670096,0.4438242010538309,100,100,0.003136942395940423,0.04892219603061676,0,42.70118165016174
52.702383279800415,0.7267549257308512,0.4189647957593468,0.2967578286367437,0.02802781235670096,0.4438242010538309,100,100,0.002110301284119487,0.049703631550073624,0,42.80229663848877
52.80130124092102,0.7270567173924115,0.419460616442162,0.29684391894091144,0.02802781235670096,0.4438242010538309,100,100,0.001595245092175901,0.049936383962631226,0,42.901214599609375
52.90000534057617,0.7273312160101582,0.4199156556732126,0.2969671643350944,0.02802781235670096,0.4438242010538309,100,100,0.0002685719809960574,0.0506366603076458,0,42.999918699264526
53.000399351119995,0.7275248974363583,0.420240902475908,0.29705675515990704,0.02802781235670096,0.4438242010538309,100,100,-0.006248006131500006,0.004695852752774954,0,43.10031270980835
53.10030388832092,0.7275204954240134,0.42023383970184647,0.29705227740105056,0.02802781235670096,0.4438242010538309,100,100,-0.01112403441220522,-0.04177813604474068,0,43.20021724700928
53.2004656791687,0.7273011573026199,0.419866466978374,0.29695183712674933,0.02802781235670096,0.4438242010538309,100,100,-0.013634792529046535,-0.08240523934364319,0,43.300379037857056
53.300344467163086,0.7266477466801803,0.41878891064228974,0.29672917558206924,0.02802781235670096,0.4438242010538309,100,100,-0.011127633042633533,-0.09266233444213867,0,43.40025782585144
53.40038728713989,0.7258905320685638,0.41756462233016406,0.2964069240636378,0.02802781235670096,0.4438242010538309,100,100,-0.004773299675434828,-0.07144583016633987,0,43.50030064582825
53.50087356567383,0.7253446659705592,0.41670114679728926,0.29609574347500534,0.02802781235670096,0.4438242010538309,100,100,5.149593562236987e-05,-0.046827416867017746,0,43.60078692436218
53.60044980049133,0.7251037823642584,0.416325428997982,0.29595934097950005,0.02802781235670096,0.4438242010538309,100,100,0.0030304950196295977,-0.02385205216705799,0,43.70036315917969
53.7004668712616,0.7250168123626036,0.41619025254396386,0.2959567156171421,0.02802781235670096,0.4438242010538309,100,100,0.004654109477996826,-0.005410747602581978,0,43.80038022994995
53.80026841163635,0.7250151054975649,0.4161876046348829,0.2959576597348801,0.02802781235670096,0.4438242010538309,100,100,0.005069075617939234,0.007515057921409607,0,43.90018177032471
53.90017366409302,0.7250149134393664,0.4161873014597537,0.2959589138189972,0.02802781235670096,0.4438242010538309,100,100,0.004850952886044979,0.01613331399857998,0,44.00008702278137
54.000455379486084,0.7250151406295701,0.41618765224181764,0.29595961754226074,0.02802781235670096,0.4438242010538309,100,100,0.004671415779739618,0.022265467792749405,0,44.10036873817444
54.10018873214722,0.7250156272159957,0.41618840753592257,0.2959671686616142,0.02802781235670096,0.4438242010538309,100,100,0.004839081782847643,0.027281401678919792,0,44.20010209083557
54.20045852661133,0.7251137522957974,0.41634149156204336,0.2960271977405954,0.02802781235670096,0.4438242010538309,100,100,0.005198199301958084,0.03233100473880768,0,44.30037188529968
54.30011320114136,0.7253278642687697,0.41667657363074556,0.29609759376074796,0.02802781235670096,0.4438242010538309,100,100,0.005340363830327988,0.03773767501115799,0,44.40002655982971
54.4003381729126,0.7255945060635242,0.4170963535774196,0.2962359841538186,0.02802781235670096,0.4438242010538309,100,100,0.005139842163771391,0.04242228716611862,0,44.50025153160095
54.50026726722717,0.7258949885613863,0.41757337817268275,0.29638361081008835,0.02802781235670096,0.4438242010538309,100,100,0.004584632348269224,0.045846275985240936,0,44.60018062591553
54.600502252578735,0.7262181809436034,0.4180914913251403,0.29654054772852523,0.02802781235670096,0.4438242010538309,100,100,0.0037687316071242094,0.04821549728512764,0,44.70041561126709
54.70011591911316,0.7265578095227767,0.41864114577787875,0.29665075537326924,0.02802781235670096,0.4438242010538309,100,100,0.002758103422820568,0.04960084334015846,0,44.800029277801514
54.80058836936951,0.7268801430752532,0.41916670893740227,0.29675805644709385,0.02802781235670096,0.4438242010538309,100,100,0.0017290983814746141,0.05018678307533264,0,44.90050172805786
54.900299072265625,0.7271732894481797,0.4196489994104375,0.2968685194164282,0.02802781235670096,0.4438242010538309,100,100,0.0008053359924815595,0.05040588602423668,0,45.00021243095398
55.00072264671326,0.7274598071923275,0.4201252591399281,0.2969979704519281,0.02802781235670096,0.4438242010538309,100,100,-0.003175616730004549,0.028075167909264565,0,45.10063600540161
55.100417375564575,0.7275675011942165,0.42030673599562995,0.2970496402931546,0.02802781235670096,0.4438242010538309,100,100,-0.009075596928596497,-0.019635330885648727,0,45.20033073425293
55.200677156448364,0.7275373782715725,0.4202562277282535,0.29701871603890884,0.02802781235670096,0.4438242010538309,100,100,-0.012681257911026478,-0.06322526186704636,0,45.30059051513672
55.3000328540802,0.7270763792329951,0.4194897659572853,0.2967983887869371,0.02802781235670096,0.4438242010538309,100,100,-0.014331880025565624,-0.10003675520420074,0,45.399946212768555
55.40036344528198,0.7263209098615652,0.418263430103306,0.2965037826479954,0.02802781235670096,0.4438242010538309,100,100,-0.00810849480330944,-0.08399488031864166,0,45.50027680397034
55.50010681152344,0.7256169688967551,0.41714464056968104,0.2961681973494642,0.02802781235670096,0.4438242010538309,100,100,-0.0022261436097323895,-0.0593298114836216,0,45.60002017021179
55.60106301307678,0.7252148775022601,0.41651649972155996,0.29593636292325964,0.02802781235670096,0.4438242010538309,100,100,0.0016229143366217613,-0.03538157045841217,0,45.70097637176514
55.70007944107056,0.7251384741894731,0.41639848277319924,0.2959069003762119,0.02802781235670096,0.4438242010538309,100,100,0.003942362032830715,-0.014267134480178356,0,45.79999279975891
55.80045700073242,0.7251351357712258,0.41639332768186527,0.29590892069990893,0.02802781235670096,0.4438242010538309,100,100,0.004491745959967375,-0.005751603748649359,0,45.900370359420776
55.90026497840881,0.7251350289117408,0.4163931588847829,0.2959074927482206,0.02802781235670096,0.4438242010538309,100,100,0.0047456445172429085,0.012077678926289082,0,46.00017833709717
56.000686168670654,0.7251352517842905,0.41639350213138143,0.2959098755401057,0.02802781235670096,0.4438242010538309,100,100,0.004485404584556818,0.019655492156744003,0,46.10059952735901
56.100407123565674,0.7251350408743116,0.4163931713904078,0.29590898219555783,0.02802781235670096,0.4438242010538309,100,100,0.004467040300369263,0.02496565319597721,0,46.20032048225403
56.20064949989319,0.7251352413614203,0.41639348064780896,0.2959246999967128,0.02802781235670096,0.4438242010538309,100,100,0.004757937975227833,0.029677361249923706,0,46.30056285858154
56.300341844558716,0.7252588921520576,0.4165858506995288,0.2959908031531696,0.02802781235670096,0.4438242010538309,100,100,0.00512284180149436,0.03456145152449608,0,46.40025520324707
56.40064024925232,0.7254642850568364,0.41690705111829385,0.2961159475466415,0.02802781235670096,0.4438242010538309,100,100,0.005161873996257782,0.039720430970191956,0,46.500553607940674
56.500261068344116,0.7257397272691967,0.4173410300402628,0.296271353715691,0.02802781235670096,0.4438242010538309,100,100,0.004835856147110462,0.044021692126989365,0,46.60017442703247
56.602001667022705,0.72604611382636,0.4178283095903612,0.2964261214220616,0.02802781235670096,0.4438242010538309,100,100,0.004183601122349501,0.04680166393518448,0,46.70191502571106
56.70004415512085,0.7263767246296156,0.4183593585203419,0.2965722292484533,0.02802781235670096,0.4438242010538309,100,100,0.003311558160930872,0.04863426834344864,0,46.799957513809204
56.80065393447876,0.726710566409359,0.4189001052233935,0.2966678229084817,0.02802781235670096,0.4438242010538309,100,100,0.0022842574398964643,0.04941277951002121,0,46.900567293167114
56.89999341964722,0.7270079193810103,0.41938568690332984,0.2967836046338853,0.02802781235670096,0.4438242010538309,100,100,0.0013057433534413576,0.0498090460896492,0,46.99990677833557
57.00037407875061,0.727282320254878,0.41983771910291556,0.2968821339437202,0.02802781235670096,0.4438242010538309,100,100,0.0004288896743673831,0.05033443123102188,0,47.100287437438965
57.10039520263672,0.7274699031580646,0.42014993809666457,0.29700230031564745,0.02802781235670096,0.4438242010538309,100,100,-0.003455322701483965,0.028003156185150146,0,47.20030856132507
57.20379590988159,0.7275680106752375,0.4203147942372729,0.2970408485602807,0.02802781235670096,0.4438242010538309,100,100,-0.009163427166640759,-0.01979012042284012,0,47.303709268569946
57.30148768424988,0.7274971328176806,0.42019613446965415,0.2970096082512369,0.02802781235670096,0.4438242010538309,100,100,-0.012702411971986294,-0.06326533854007721,0,47.40140104293823
57.401047229766846,0.7271036332057018,0.41954243524858753,0.29681512962856715,0.02802781235670096,0.4438242010538309,100,100,-0.014291254803538322,-0.09994753450155258,0,47.5009605884552
57.50036025047302,0.7263394608007065,0.41830150959274043,0.2965080193625885,0.02802781235670096,0.4438242010538309,100,100,-0.008113566786050797,-0.08382374793291092,0,47.60027360916138
57.600202798843384,0.725614189240052,0.41714870039940993,0.2961642731035333,0.02802781235670096,0.4438242010538309,100,100,-0.002253361977636814,-0.05910971388220787,0,47.70011615753174
57.70028376579285,0.7252690990691474,0.41661008798178495,0.29594080937647527,0.02802781235670096,0.4438242010538309,100,100,0.0016222576377913356,-0.035056982189416885,0,47.8001971244812
57.80045294761658,0.7251204803809722,0.4163796310609132,0.2959245623716329,0.02802781235670096,0.4438242010538309,100,100,0.0038978157099336386,-0.013977857306599617,0,47.90036630630493
57.900397539138794,0.7251269899188965,0.41638984385780237,0.2959221109091178,0.02802781235670096,0.4438242010538309,100,100,0.004764364566653967,0.0016554142348468304,0,48.00031089782715
58.000648021698,0.7251270138652991,0.4163898792597008,0.2959211203158246,0.02802781235670096,0.4438242010538309,100,100,0.004754156805574894,0.012514612637460232,0,48.10056138038635
58.100467920303345,0.7251267740443339,0.41638950304316297,0.29592163059788934,0.02802781235670096,0.4438242010538309,100,100,0.004505517426878214,0.02003137767314911,0,48.2003812789917
58.200417280197144,0.7251270082897755,0.41638986441884424,0.29592618104812096,0.02802781235670096,0.4438242010538309,100,100,0.004491431638598442,0.02524811215698719,0,48.3003306388855
58.30021834373474,0.7251569200113617,0.41643637300934666,0.2959417115381804,0.02802781235670096,0.4438242010538309,100,100,0.0047665792517364025,0.029917960986495018,0,48.400131702423096
58.40025496482849,0.7252987237370614,0.41665736585434193,0.29604881756484,0.02802781235670096,0.4438242010538309,100,100,0.005040767136961222,0.03512481227517128,0,48.500168323516846
58.50048065185547,0.7255251674218697,0.41701234177544977,0.29617340433483896,0.02802781235670096,0.4438242010538309,100,100,0.005037540104240179,0.04018181562423706,0,48.60039401054382
58.60043239593506,0.725795091759299,0.41743904913921054,0.2963268113437568,0.02802781235670096,0.4438242010538309,100,100,0.004671101458370686,0.044307246804237366,0,48.70034575462341
58.70019030570984,0.7261062204028188,0.41793552248177573,0.2964829817109135,0.02802781235670096,0.4438242010538309,100,100,0.004002139903604984,0.04711395502090454,0,48.80010366439819
58.800883054733276,0.7264401849139076,0.4184736884775443,0.29660524764087215,0.02802781235670096,0.4438242010538309,100,100,0.0030796441715210676,0.04892241954803467,0,48.90079641342163
58.90034365653992,0.7267566862352232,0.4189877715721118,0.2967221599245077,0.02802781235670096,0.4438242010538309,100,100,0.0020527499727904797,0.04960167035460472,0,49.00025701522827
59.000367164611816,0.7270599946999193,0.41948502912874885,0.29684025602728603,0.02802781235670096,0.4438242010538309,100,100,0.0011097925016656518,0.04991190508008003,0,49.10028052330017
59.1001341342926,0.7273476628472791,0.4199610929717503,0.2969404376966652,0.02802781235670096,0.4438242010538309,100,100,0.00019634532509371638,0.05057590454816818,0,49.20004749298096
59.200337409973145,0.7275263977706121,0.4202597633604866,0.29701389123312116,0.02802781235670096,0.4438242010538309,100,100,-0.006306877359747887,0.004640988074243069,0,49.3002507686615
59.30053496360779,0.7275418777761596,0.420285937004817,0.297012383424316,0.02802781235670096,0.4438242010538309,100,100,-0.011138875037431717,-0.04198096692562103,0,49.40044832229614
59.40057063102722,0.7273355474528238,0.41994226035654075,0.29690822811048334,0.02802781235670096,0.4438242010538309,100,100,-0.013638816773891449,-0.08273075520992279,0,49.500483989715576
59.50033378601074,0.7266885913172533,0.41888318542466746,0.2965783040955542,0.02802781235670096,0.4438242010538309,100,100,-0.011118357069790363,-0.09302441030740738,0,49.6002471446991
59.60039949417114,0.7258677664676442,0.4175705449283996,0.29625933158370976,0.02802781235670096,0.4438242010538309,100,100,-0.004760032519698143,-0.07170005887746811,0,49.7003128528595
59.71026158332825,0.725322573990601,0.4167161132373829,0.29598341747630896,0.02802781235670096,0.4438242010538309,100,100,5.1741968491114676e-05,-0.04715234041213989,0,49.8101749420166
59.800294637680054,0.7250678536241822,0.41632152256906874,0.2958885443873486,0.02802781235670096,0.4438242010538309,100,100,0.0030488932970911264,-0.024238863959908485,0,49.90020799636841
59.9000186920166,0.7250477131446106,0.41629056567642203,0.29588810351330497,0.02802781235670096,0.4438242010538309,100,100,0.0046345386654138565,-0.005754981189966202,0,49.999932050704956
60.00011730194092,0.7250471536878729,0.416289702348124,0.29589047376155375,0.02802781235670096,0.4438242010538309,100,100,0.004969816654920578,0.0072199394926428795,0,50.10003066062927
60.10038208961487,0.7250469321476867,0.4162893551855818,0.29589262623360846,0.02802781235670096,0.4438242010538309,100,100,0.004756463225930929,0.01618928276002407,0,50.20029544830322
60.200746297836304,0.7250471767539771,0.4162897314383976,0.29589088654823037,0.02802781235670096,0.4438242010538309,100,100,0.004591406788676977,0.022399380803108215,0,50.30065965652466
60.300209045410156,0.7250469489917306,0.4162893752742696,0.2958946391594497,0.02802781235670096,0.4438242010538309,100,100,0.004725735634565353,0.02731332927942276,0,50.40012240409851
60.401442766189575,0.7250751467609322,0.41633310967271736,0.2959182785552562,0.02802781235670096,0.4438242010538309,100,100,0.00509660504758358,0.03202707692980766,0,50.50135612487793
60.500529766082764,0.7252619482771746,0.416623703025531,0.29603729899981623,0.02802781235670096,0.4438242010538309,100,100,0.00537019083276391,0.037237927317619324,0,50.60044312477112
60.60040473937988,0.7255081406414811,0.4170094544518144,0.2961888467585224,0.02802781235670096,0.4438242010538309,100,100,0.005236368160694838,0.04196995869278908,0,50.70031809806824
60.70107316970825,0.7258066554106163,0.41748146227154936,0.29635191169353636,0.02802781235670096,0.4438242010538309,100,100,0.004730790853500366,0.04563652724027634,0,50.800986528396606
60.801509618759155,0.7261360432816475,0.4180076495934098,0.2965215589214574,0.02802781235670096,0.4438242010538309,100,100,0.003938579466193914,0.047975655645132065,0,50.90142297744751
60.9009211063385,0.7264599196344557,0.4185297619476258,0.2966182928848745,0.02802781235670096,0.4438242010538309,100,100,0.0029393453150987625,0.049273405224084854,0,51.000834465026855
61.00028038024902,0.726781408384304,0.41905187947826683,0.2967359788624103,0.02802781235670096,0.4438242010538309,100,100,0.0019213019404560328,0.049709614366292953,0,51.10019373893738
61.100696325302124,0.7270826033268735,0.41954584614813883,0.29685818020409016,0.02802781235670096,0.4438242010538309,100,100,0.0010002042399719357,0.04988619312644005,0,51.20060968399048
61.200695753097534,0.7273520035558232,0.4199918637937458,0.2969671323343157,0.02802781235670096,0.4438242010538309,100,100,9.727387077873573e-05,0.05049161612987518,0,51.30060911178589
61.30015730857849,0.7274735382026442,0.42019564293613315,0.29705628566133635,0.02802781235670096,0.4438242010538309,100,100,-0.006385118700563908,0.004645409062504768,0,51.400070667266846
61.40064239501953,0.7274124983970749,0.42009329184104316,0.2970524672525957,0.02802781235670096,0.4438242010538309,100,100,-0.011082028038799763,-0.04207075759768486,0,51.500555753707886
61.50024652481079,0.7271753578178085,0.4196971325319082,0.2969601103246453,0.02802781235670096,0.4438242010538309,100,100,-0.013543957844376564,-0.0827716514468193,0,51.600159883499146
61.60344886779785,0.7265977768601313,0.4187476276004198,0.29663635096232066,0.02802781235670096,0.4438242010538309,100,100,-0.010991554707288742,-0.09288177639245987,0,51.703362226486206
61.70043349266052,0.7257855762095061,0.4174434423302678,0.29632439816300804,0.02802781235670096,0.4438242010538309,100,100,-0.004623208660632372,-0.07138685882091522,0,51.80034685134888
61.80050444602966,0.7252079219785116,0.41653508677481527,0.2960219861107032,0.02802781235670096,0.4438242010538309,100,100,0.0002074592630378902,-0.04680924862623215,0,51.90041780471802
61.90015649795532,0.7249983927196645,0.4162104654477825,0.29591180220409785,0.02802781235670096,0.4438242010538309,100,100,0.0032666760962456465,-0.023978745564818382,0,52.00006985664368
62.00044846534729,0.7248776761538841,0.4160233606923333,0.29591746764230087,0.02802781235670096,0.4438242010538309,100,100,0.004868815653026104,-0.005486128851771355,0,52.100361824035645
62.10039258003235,0.7248809732598506,0.4160285184937793,0.2959199922294715,0.02802781235670096,0.4438242010538309,100,100,0.005286278203129768,0.007551937364041805,0,52.2003059387207
62.200462102890015,0.7248811460654923,0.41602878399036597,0.29592065064649664,0.02802781235670096,0.4438242010538309,100,100,0.005093523301184177,0.01599900797009468,0,52.30037546157837
62.3004789352417,0.7248809000881007,0.416028398176957,0.2959195855961856,0.02802781235670096,0.4438242010538309,100,100,0.004917464684695005,0.0219884030520916,0,52.400392293930054
62.40036106109619,0.7248811352237179,0.41602876054481147,0.29592296844552834,0.02802781235670096,0.4438242010538309,100,100,0.005103153642266989,0.027202928438782692,0,52.500274419784546
62.50038242340088,0.7249979340105295,0.41621041381035706,0.296010649291362,0.02802781235670096,0.4438242010538309,100,100,0.005480078049004078,0.032453544437885284,0,52.60029578208923
62.600624084472656,0.7252032224733561,0.41653140603933053,0.29613434272090755,0.02802781235670096,0.4438242010538309,100,100,0.005587938707321882,0.03791489452123642,0,52.70053744316101
62.700411319732666,0.7254751568308938,0.4169600157546221,0.29629589948209323,0.02802781235670096,0.4438242010538309,100,100,0.005364955402910709,0.04253993183374405,0,52.80032467842102
62.80088496208191,0.7257841156628944,0.4174517595273002,0.29646253943503253,0.02802781235670096,0.4438242010538309,100,100,0.004790819250047207,0.04600721597671509,0,52.900798320770264
62.90003705024719,0.7261304964776728,0.41800876706998685,0.29659666051375533,0.02802781235670096,0.4438242010538309,100,100,0.0039412411861121655,0.04832334816455841,0,52.99995040893555
63.00162363052368,0.7264695058365453,0.41855838088101793,0.296723084519111,0.02802781235670096,0.4438242010538309,100,100,0.0029084389097988605,0.04964651167392731,0,53.101536989212036
63.10032916069031,0.7267864549049675,0.4190775326424475,0.29685718486862966,0.02802781235670096,0.4438242010538309,100,100,0.001860658172518015,0.05015447363257408,0,53.20024251937866
63.20278882980347,0.7270970137018079,0.41959124692259214,0.29696014503747437,0.02802781235670096,0.4438242010538309,100,100,0.0009209378040395677,0.05043778941035271,0,53.30270218849182
63.30011439323425,0.7273695711673983,0.42004617428384916,0.2970596435752614,0.02802781235670096,0.4438242010538309,100,100,-0.003083433723077178,0.02812262624502182,0,53.40002775192261
63.400636196136475,0.7274758395918529,0.4202254691557399,0.29710280606104666,0.02802781235670096,0.4438242010538309,100,100,-0.0089599983766675,-0.019655853509902954,0,53.50054955482483
63.5004460811615,0.7274023254788075,0.420101987498731,0.2970782352218042,0.02802781235670096,0.4438242010538309,100,100,-0.012567485682666302,-0.0632123053073883,0,53.60035943984985
63.60240983963013,0.7269818973666041,0.4194000938345137,0.2969208165341498,0.02802781235670096,0.4438242010538309,100,100,-0.01424021739512682,-0.09998269379138947,0,53.70232319831848
63.70007681846619,0.726218998843033,0.4181546204024623,0.2965779482470371,0.02802781235670096,0.4438242010538309,100,100,-0.00807806197553873,-0.08392003178596497,0,53.79999017715454
63.80184769630432,0.725503813324332,0.4170119002528861,0.296259207846735,0.02802781235670096,0.4438242010538309,100,100,-0.002198434667661786,-0.05929817631840706,0,53.901761054992676
63.90015006065369,0.7251415427032787,0.41644436148136155,0.29601622331277866,0.02802781235670096,0.4438242010538309,100,100,0.0017121289856731892,-0.035559482872486115,0,54.00006341934204
64.00133347511292,0.7249833865305,0.4161984631020239,0.29598704606653925,0.02802781235670096,0.4438242010538309,100,100,0.004028982482850552,-0.014605917036533356,0,54.10124683380127
64.10126256942749,0.7249954239634705,0.4162173168003849,0.29598971840750354,0.02802781235670096,0.4438242010538309,100,100,0.004947042558342218,0.0012720436789095402,0,54.201175928115845
64.20064163208008,0.7249955015262316,0.4162174360686152,0.29599008871315724,0.02802781235670096,0.4438242010538309,100,100,0.00496439216658473,0.011913701891899109,0,54.30055499076843
64.29997491836548,0.7249952686640553,0.41621706989552826,0.2959908975200066,0.02802781235670096,0.4438242010538309,100,100,0.004700403660535812,0.01935158669948578,0,54.39988827705383
64.40024018287659,0.7249955028724796,0.416217432356326,0.2959951460869956,0.02802781235670096,0.4438242010538309,100,100,0.004677300341427326,0.024723399430513382,0,54.50015354156494
64.50094795227051,0.7250233048763859,0.4162607733886694,0.2960104341041716,0.02802781235670096,0.4438242010538309,100,100,0.004983403719961643,0.029557734727859497,0,54.60086131095886
64.60070300102234,0.7251635905311046,0.41647999657556983,0.29612003899008643,0.02802781235670096,0.4438242010538309,100,100,0.005279251374304295,0.034724026918411255,0,54.70061635971069
64.7007348537445,0.7253970825276894,0.4168473900295235,0.29626712928866317,0.02802781235670096,0.4438242010538309,100,100,0.005259132478386164,0.03995327278971672,0,54.80064821243286
64.8007423877716,0.725678959567902,0.4172948605568854,0.2964221421802278,0.02802781235670096,0.4438242010538309,100,100,0.00489150220528245,0.04428032413125038,0,54.90065574645996
64.90010619163513,0.7260029992230003,0.4178143138852478,0.296559708161551,0.02802781235670096,0.4438242010538309,100,100,0.004192044492810965,0.047039695084095,0,55.000019550323486
65.00110507011414,0.7263337929506842,0.4183485491038891,0.29666746979295056,0.02802781235670096,0.4438242010538309,100,100,0.0032896120101213455,0.04889608174562454,0,55.10101842880249
65.1001946926117,0.7266492370346781,0.4188628894912223,0.2968109484451531,0.02802781235670096,0.4438242010538309,100,100,0.0022656891960650682,0.04963286221027374,0,55.20010805130005
65.20038151741028,0.7269625155234476,0.41937911196837774,0.2969269278696235,0.02802781235670096,0.4438242010538309,100,100,0.0012766934232786298,0.05010916292667389,0,55.30029487609863
65.30154299736023,0.7272559559061831,0.41986715122918444,0.2970189061253592,0.02802781235670096,0.4438242010538309,100,100,0.00035460112849250436,0.05061890557408333,0,55.401456356048584
65.40049958229065,0.7274421629374467,0.4201800591685817,0.29711374101911836,0.02802781235670096,0.4438242010538309,100,100,-0.00617991341277957,0.004558228887617588,0,55.500412940979004
65.50037407875061,0.7274610336020507,0.4202121895217014,0.29710730099722793,0.02802781235670096,0.4438242010538309,100,100,-0.011055810377001762,-0.04201018065214157,0,55.600287437438965
65.60019445419312,0.727238235091046,0.4198379475870054,0.2970345626000932,0.02802781235670096,0.4438242010538309,100,100,-0.013584820553660393,-0.08267587423324585,0,55.70010781288147
65.7002329826355,0.7266066010396297,0.41879169632397256,0.2967577022083383,0.02802781235670096,0.4438242010538309,100,100,-0.011110113002359867,-0.09285598248243332,0,55.80014634132385
65.80065488815308,0.7257906793435988,0.417474186464034,0.2964525343481629,0.02802781235670096,0.4438242010538309,100,100,-0.004744946025311947,-0.07149980962276459,0,55.90056824684143
65.90025663375854,0.7252252743859333,0.41658113109391515,0.2960867411913205,0.02802781235670096,0.4438242010538309,100,100,0.00012171833805041388,-0.04700794816017151,0,56.0001699924469
66.00031852722168,0.7248673746202793,0.416024636601461,0.295946404678611,0.02802781235670096,0.4438242010538309,100,100,0.0032316807191818953,-0.024280112236738205,0,56.100231885910034
66.10072445869446,0.7247796541133681,0.41588877610581465,0.2959442325363284,0.02802781235670096,0.4438242010538309,100,100,0.005045874509960413,-0.005984488874673843,0,56.20063781738281
66.20046782493591,0.7247778714339956,0.415886020134005,0.29594553815342306,0.02802781235670096,0.4438242010538309,100,100,0.005524365697056055,0.006986741907894611,0,56.30038118362427
66.30027198791504,0.7247776591277016,0.41588568602182097,0.2959462865583734,0.02802781235670096,0.4438242010538309,100,100,0.005342917516827583,0.01558787003159523,0,56.400185346603394
66.4001395702362,0.7247779255521559,0.41588609653744935,0.2959464473613336,0.02802781235670096,0.4438242010538309,100,100,0.005156700499355793,0.021522289142012596,0,56.50005292892456
66.5006513595581,0.7247776738925049,0.41588570166199457,0.29594786536148177,0.02802781235670096,0.4438242010538309,100,100,0.005319893825799227,0.026943232864141464,0,56.60056471824646
66.60042309761047,0.724806537025504,0.4159305681382788,0.2959702970854613,0.02802781235670096,0.4438242010538309,100,100,0.00569289643317461,0.03246656060218811,0,56.70033645629883
66.70015406608582,0.72500754109582,0.41624408319381717,0.2960973563637037,0.02802781235670096,0.4438242010538309,100,100,0.0059282658621668816,0.037579409778118134,0,56.80006742477417
66.80034279823303,0.7252762631980693,0.41666656169746535,0.2962661412825691,0.02802781235670096,0.4438242010538309,100,100,0.005736979655921459,0.04228786751627922,0,56.90025615692139
66.90041661262512,0.7255795961555916,0.4171480546555707,0.2964314944807237,0.02802781235670096,0.4438242010538309,100,100,0.005238137673586607,0.045791614800691605,0,57.00032997131348
67.0003433227539,0.7259482438246412,0.4177392255869878,0.2965654593123612,0.02802781235670096,0.4438242010538309,100,100,0.004430410452187061,0.04788586124777794,0,57.10025668144226
67.1002516746521,0.7262879456273559,0.4182882550635458,0.29669360581917703,0.02802781235670096,0.4438242010538309,100,100,0.0,0.0,0,57.200165033340454
67.20054078102112,0.7265714893277669,0.4187500939404567,0.29674237931440595,0.02802781235670096,0.4438242010538309,100,100,0.0,0.0,0,57.30045413970947
67.30065059661865,0.7265477244715314,0.41871155469525084,0.2967433519265653,0.02802781235670096,0.4438242010538309,100,100,0.0,0.0,0,57.40056395530701
67.4015519618988,0.7265479024261285,0.4187118452607664,0.2967410934472191,0.02802781235670096,0.4438242010538309,100,100,0.0,0.0,0,57.50146532058716
67.50039744377136,0.726548072276555,0.41871212009805736,0.2967397605069254,0.02802781235670096,0.4438242010538309,100,100,0.0,0.0,0,57.60031080245972
67.6001672744751,0.726547896108731,0.41871183135130197,0.2967666738805409,0.02802781235670096,0.4438242010538309,100,100,0.0026169652119278908,0.04978634789586067,0,57.70008063316345
67.70049977302551,0.7266906917871981,0.41894565292966157,0.29684828956624987,0.02802781235670096,0.4438242010538309,100,100,0.0018712423043325543,0.0503232404589653,0,57.80041313171387
67.8006374835968,0.7269200972579121,0.4193242643035066,0.2969440626655232,0.02802781235670096,0.4438242010538309,100,100,0.0011675494024530053,0.05069988965988159,0,57.900550842285156
67.8999879360199,0.7271452086625458,0.4196990359865528,0.2970652882101239,0.02802781235670096,0.4438242010538309,100,100,0.0004300872969906777,0.050705552101135254,0,57.99990129470825
68.00037026405334,0.7272970816637953,0.41995547195939786,0.29716986208998986,0.02802781235670096,0.4438242010538309,100,100,-0.006037508603185415,0.004646413028240204,0,58.1002836227417
68.10045838356018,0.7273030069698114,0.41996574159739647,0.2971632154430438,0.02802781235670096,0.4438242010538309,100,100,-0.010831089690327644,-0.041946690529584885,0,58.200371742248535
68.20186710357666,0.7270745626235418,0.41957999855871136,0.2970992713187709,0.02802781235670096,0.4438242010538309,100,100,-0.013384925201535225,-0.08259008824825287,0,58.301780462265015
68.30050230026245,0.7264734061071948,0.4185774875374172,0.2968727759395753,0.02802781235670096,0.4438242010538309,100,100,-0.010925913229584694,-0.09265509992837906,0,58.400415658950806
68.40030646324158,0.7256756849373961,0.41728119366579125,0.296550096657863,0.02802781235670096,0.4438242010538309,100,100,-0.004598351661115885,-0.0711747407913208,0,58.50021982192993
68.50030207633972,0.7251370020405071,0.416424301547364,0.29619357038920513,0.02802781235670096,0.4438242010538309,100,100,0.00022994016762822866,-0.04679645597934723,0,58.600215435028076
68.60046339035034,0.7248532087975763,0.4159801683759734,0.2960413060454812,0.02802781235670096,0.4438242010538309,100,100,0.0033383267000317574,-0.02409186027944088,0,58.700376749038696
68.70053720474243,0.7248281188837891,0.4159412637964479,0.296048258989977,0.02802781235670096,0.4438242010538309,100,100,0.0049890014342963696,-0.005711968056857586,0,58.800450563430786
68.80100464820862,0.7248273342904946,0.4159400413306633,0.29604757705273643,0.02802781235670096,0.4438242010538309,100,100,0.005407717078924179,0.0073084901086986065,0,58.90091800689697
68.90045261383057,0.7248270979590626,0.41593966704672675,0.29604649990554077,0.02802781235670096,0.4438242010538309,100,100,0.00522015243768692,0.0159459225833416,0,59.00036597251892
69.0003924369812,0.7248273505850777,0.4159400584293766,0.2960482855963734,0.02802781235670096,0.4438242010538309,100,100,0.005034196190536022,0.021868573501706123,0,59.100305795669556
69.10042190551758,0.724827818021275,0.4159407857635243,0.29604897098332594,0.02802781235670096,0.4438242010538309,100,100,0.005195779260247946,0.027228280901908875,0,59.20033526420593
69.20169234275818,0.724909386842681,0.4160685677219783,0.2961459707513612,0.02802781235670096,0.4438242010538309,100,100,0.005563127808272839,0.03266920894384384,0,59.30160570144653
69.30060648918152,0.7251283524516964,0.4164136676548182,0.2962859544476705,0.02802781235670096,0.4438242010538309,100,100,0.005689703859388828,0.037843555212020874,0,59.40051984786987
69.40020704269409,0.7254039439465579,0.41685201091492735,0.2964626626206255,0.02802781235670096,0.4438242010538309,100,100,0.005452814511954784,0.042530547827482224,0,59.500120401382446
69.5002954006195,0.7257296460351796,0.4173749396990075,0.2965757355738283,0.02802781235670096,0.4438242010538309,100,100,0.004885839764028788,0.04609685391187668,0,59.60020875930786
69.60008072853088,0.7260592927865106,0.417908460774714,0.29671276258091994,0.02802781235670096,0.4438242010538309,100,100,0.004043341148644686,0.04826919361948967,0,59.69999408721924
69.70355749130249,0.726388114776959,0.4184455696006451,0.29681332871116795,0.02802781235670096,0.4438242010538309,100,100,0.0030776134226471186,0.04955403134226799,0,59.803470849990845
69.8014919757843,0.7267183482329237,0.41898977163164297,0.2969371926615876,0.02802781235670096,0.4438242010538309,100,100,0.002000655047595501,0.05001506954431534,0,59.901405334472656
69.90023612976074,0.7270282116260891,0.4195051393824409,0.29702707450382615,0.02802781235670096,0.4438242010538309,100,100,0.001021569943986833,0.050272680819034576,0,60.0001494884491
69.99995517730713,0.7272981661688478,0.4199583010654586,0.29712764122759683,0.02802781235670096,0.4438242010538309,99,100,-0.005625501740723848,0.00424177385866642,0,60.09986853599548
70.1002767086029,0.7273202556363255,0.41999603704792754,0.2971203297428062,0.02802781235670096,0.4438242010538309,99,100,-0.01065435353666544,-0.04218970611691475,0,60.20019006729126
70.20041751861572,0.727131481223373,0.4196788386538793,0.2970525300946384,0.02802781235670096,0.4438242010538309,99,100,-0.0132847148925066,-0.08283226191997528,0,60.30033087730408
70.30019426345825,0.7265046600792111,0.41863979401459983,0.29678979525972005,0.02802781235670096,0.4438242010538309,99,100,-0.010883687995374203,-0.09305454790592194,0,60.400107622146606
70.4005446434021,0.7256955652638221,0.417334144229969,0.2964476253549114,0.02802781235670096,0.4438242010538309,99,100,-0.0045854318886995316,-0.07180336862802505,0,60.500458002090454
70.50043559074402,0.7251739355928082,0.41651070616653907,0.2960868659671999,0.02802781235670096,0.4438242010538309,99,100,0.000213706967770122,-0.04729131981730461,0,60.60034894943237
70.60145902633667,0.7249040225833053,0.41609101879622135,0.2959523064043895,0.02802781235670096,0.4438242010538309,0,100,0.00325029157102108,-0.02446163259446621,0,60.701372385025024
70.70009255409241,0.7248616721342162,0.41602554143620074,0.2959519363883766,0.02802781235670096,0.4438242010538309,0,100,0.00491949962452054,-0.006047770380973816,0,60.80000591278076
70.80073761940002,0.7248607792235063,0.41602416164077316,0.29595035018524496,0.02802781235670096,0.4438242010538309,0,100,0.005340071395039558,0.00694420887157321,0,60.90065097808838
70.90034317970276,0.724860576901241,0.41602384308738827,0.29595166680684637,0.02802781235670096,0.4438242010538309,0,100,0.005122072529047728,0.015499799512326717,0,61.00025653839111
71.00058698654175,0.7248608180176487,0.41602421462081435,0.29595501104752897,0.02802781235670096,0.4438242010538309,0,100,0.004920026753097773,0.021561991423368454,0,61.1005003452301
71.10007524490356,0.7248613900246447,0.41602510090270706,0.29595866459446885,0.02802781235670096,0.4438242010538309,0,100,0.005087295547127724,0.026731248944997787,0,61.19998860359192
71.20072436332703,0.724962202265357,0.4161820680203113,0.2960453555723309,0.02802781235670096,0.4438242010538309,0,100,0.005476730410009623,0.03197368606925011,0,61.30063772201538
71.3006043434143,0.72517731063895,0.4165188005051999,0.2961746082706359,0.02802781235670096,0.4438242010538309,0,100,0.005606924649327993,0.037424273788928986,0,61.40051770210266
71.40454244613647,0.7254474729446375,0.4169453002668589,0.296342423164177,0.02802781235670096,0.4438242010538309,0,100,0.00539188040420413,0.042108289897441864,0,61.50445580482483
71.50043320655823,0.7257678776969652,0.4174557002670884,0.2964649433713341,0.02802781235670096,0.4438242010538309,0,100,0.004814651794731617,0.0455876961350441,0,61.60034656524658
71.60336756706238,0.7260922900376601,0.4179760499306795,0.29657230573409576,0.02802781235670096,0.4438242010538309,0,100,0.003972743172198534,0.04779605567455292,0,61.70328092575073
71.70020961761475,0.7264006167677757,0.41847408723831,0.29668127356489704,0.02802781235670096,0.4438242010538309,0,100,0.003025044919922948,0.04914814233779907,0,61.8001229763031
71.80027961730957,0.726724563646517,0.41900212776957235,0.2968053905075312,0.02802781235670096,0.4438242010538309,0,100,0.0020038969814777374,0.04964979737997055,0,61.900192975997925
71.90028238296509,0.7270357493098707,0.41951388183908656,0.29689998269179996,0.02802781235670096,0.4438242010538309,0,100,0.0010668586473912,0.049922876060009,0,62.00019574165344
72.00042223930359,0.7273322577993653,0.42000524649214743,0.29699724709474473,0.02802781235670096,0.4438242010538309,0,100,0.00014761247439309955,0.050657082349061966,0,62.10033559799194
72.10047602653503,0.727514610007586,0.42031137640717403,0.2971157460679763,0.02802781235670096,0.4438242010538309,0,100,-0.006410733796656132,0.004813314415514469,0,62.20038938522339
72.20068907737732,0.7274685598975386,0.42023398184136956,0.29710691995513316,0.02802781235670096,0.4438242010538309,0,100,-0.01119543518871069,-0.04195274040102959,0,62.300602436065674
72.30070686340332,0.7272190767873579,0.4198151808534363,0.2970485774303312,0.02802781235670096,0.4438242010538309,0,100,-0.01369425281882286,-0.08272401243448257,0,62.400620222091675
72.40014958381653,0.7266180601730903,0.41881739409842084,0.29683023482877857,0.02802781235670096,0.4438242010538309,0,100,-0.011156079359352589,-0.0930490791797638,0,62.50006294250488
72.50027346611023,0.7258145554796726,0.41751671363159537,0.2964498723832366,0.02802781235670096,0.4438242010538309,0,100,-0.004821812268346548,-0.07169648259878159,0,62.600186824798584
72.60198879241943,0.7252270064081938,0.4165864447886496,0.29613067730141573,0.02802781235670096,0.4438242010538309,0,100,7.883677608333528e-05,-0.0470363050699234,0,62.70190215110779
72.70058798789978,0.724997774845868,0.41622981551681576,0.29597896584584993,0.02802781235670096,0.4438242010538309,0,100,0.0031644280534237623,-0.02437649667263031,0,62.800501346588135
72.80058455467224,0.7248670811126666,0.4160266847571524,0.29598302515485175,0.02802781235670096,0.4438242010538309,0,100,0.004783854819834232,-0.005782958120107651,0,62.900497913360596
72.9003312587738,0.7248708097842144,0.41603253668857587,0.2959870899901945,0.02802781235670096,0.4438242010538309,0,100,0.005234893877059221,0.007400035858154297,0,63.00024461746216
73.001718044281,0.7248709543770052,0.4160327590726933,0.29598691092925355,0.02802781235670096,0.4438242010538309,0,100,0.005055328365415335,0.015900056809186935,0,63.10163140296936
73.10033106803894,0.7248707242512177,0.41603239678946896,0.2959863324615458,0.02802781235670096,0.4438242010538309,0,100,0.004888877738267183,0.02185114100575447,0,63.200244426727295
73.20116996765137,0.7248709458107832,0.4160327389688974,0.2959878167524972,0.02802781235670096,0.4438242010538309,0,100,0.005073818378150463,0.02701181173324585,0,63.30108332633972
73.30023860931396,0.7249552298517228,0.4161643089972143,0.2960791496804104,0.02802781235670096,0.4438242010538309,0,100,0.005465644411742687,0.03241117298603058,0,63.40015196800232
73.40017461776733,0.7251464683793447,0.41646436889880684,0.29621474706909867,0.02802781235670096,0.4438242010538309,0,100,0.005609535146504641,0.03774498403072357,0,63.50008797645569
73.50036263465881,0.7254309536780934,0.41691431171932497,0.296341711529984,0.02802781235670096,0.4438242010538309,0,100,0.005403127986937761,0.04256337881088257,0,63.60027599334717
73.60057258605957,0.725743963994285,0.4174122631084768,0.296420725155324,0.02802781235670096,0.4438242010538309,0,100,0.004843453876674175,0.04615134000778198,0,63.700485944747925
73.70182490348816,0.7260681129892311,0.41793146350725213,0.29657361213280287,0.02802781235670096,0.4438242010538309,0,100,0.0040305303409695625,0.048328839242458344,0,63.801738262176514
73.80012249946594,0.7264074047709618,0.41848057419162465,0.2967139400152913,0.02802781235670096,0.4438242010538309,0,100,0.003074231557548046,0.04970361664891243,0,63.9000358581543
73.90029048919678,0.7267387428833073,0.41902199628341685,0.2968321628264966,0.02802781235670096,0.4438242010538309,0,100,0.0020050720777362585,0.05017734318971634,0,64.00020384788513
74.00063586235046,0.7270588127874763,0.4195496689659105,0.2969301967078508,0.02802781235670096,0.4438242010538309,0,100,0.0010311179794371128,0.05040040612220764,0,64.10054922103882
74.10025405883789,0.7273386326410459,0.42001537927962623,0.2970639548903239,0.02802781235670096,0.4438242010538309,0,100,0.00012374878861010075,0.05092398822307587,0,64.20016741752625
74.20115971565247,0.7274653883926204,0.420229615722564,0.2971659026892407,0.02802781235670096,0.4438242010538309,0,100,-0.006411143112927675,0.0050006648525595665,0,64.30107307434082
74.30034375190735,0.7274683177360459,0.42023476236021545,0.29715751325945505,0.02802781235670096,0.4438242010538309,0,100,-0.01121128723025322,-0.04170560836791992,0,64.4002571105957
74.40001702308655,0.7272506588785792,0.41986754768469015,0.29708226045260966,0.02802781235670096,0.4438242010538309,0,100,-0.013754592277109623,-0.08243891596794128,0,64.4999303817749
74.50015044212341,0.7265826281529931,0.41875501320679376,0.2968672105832335,0.02802781235670096,0.4438242010538309,0,100,-0.014685122296214104,-0.11486739665269852,0,64.60006380081177
74.60194087028503,0.7257212057075103,0.41735887380533543,0.29636857371829906,0.02802781235670096,0.4438242010538309,0,100,-0.007904138416051865,-0.09503592550754547,0,64.70185422897339
74.70040726661682,0.7250622435244467,0.4163238009338371,0.2959151987450416,0.02802781235670096,0.4438242010538309,0,100,-0.0015021723229438066,-0.06770533323287964,0,64.80032062530518
74.80110049247742,0.7247119978649309,0.4157866774365918,0.29553240893645094,0.02802781235670096,0.4438242010538309,0,100,0.002658856101334095,-0.041970398277044296,0,64.90101385116577
74.90061497688293,0.7246537581913765,0.4156991807595341,0.295344970161877,0.02802781235670096,0.4438242010538309,0,100,0.005005698185414076,-0.019541045650839806,0,65.00052833557129
75.00072622299194,0.7248612688842478,0.4160120822814475,0.29528454122218084,0.02802781235670096,0.4438242010538309,0,100,0.005774904042482376,-0.0030968727078288794,0,65.1006395816803
75.10035467147827,0.7248405160021519,0.4159804722501594,0.29528706191333487,0.02802781235670096,0.4438242010538309,0,100,0.0056241038255393505,0.008135298267006874,0,65.20026803016663
75.20236396789551,0.7248409929711569,0.4159811805558697,0.29528570662196685,0.02802781235670096,0.4438242010538309,0,100,0.005367181729525328,0.016128340736031532,0,65.30227732658386
75.30093717575073,0.7248408190046096,0.4159809113867554,0.29528698002433684,0.02802781235670096,0.4438242010538309,0,100,0.005373981315642595,0.022183677181601524,0,65.40085053443909
75.40208506584167,0.7248665350133924,0.4160196741416016,0.2952970949240008,0.02802781235670096,0.4438242010538309,0,100,0.005675582215189934,0.027610188350081444,0,65.50199842453003
75.5000524520874,0.7250273042213705,0.4162621087843266,0.2953486936023678,0.02802781235670096,0.4438242010538309,0,100,0.00601586839184165,0.03312426805496216,0,65.59996581077576
75.60161209106445,0.7252764208688559,0.416639342527689,0.2954994703292749,0.02802781235670096,0.4438242010538309,0,100,0.006013626232743263,0.03874964267015457,0,65.70152544975281
75.70128178596497,0.7255837365561071,0.41710840696072476,0.2956833971913393,0.02802781235670096,0.4438242010538309,0,100,0.005608617328107357,0.043085530400276184,0,65.80119514465332
75.80355072021484,0.7259253688583076,0.41763426766726,0.2958369611107463,0.02802781235670096,0.4438242010538309,0,100,0.00486143771559,0.04581192508339882,0,65.9034640789032
75.90068340301514,0.7262666704013417,0.41816384148147345,0.29600530990911134,0.02802781235670096,0.4438242010538309,0,100,0.00388944405131042,0.04765566810965538,0,66.00059676170349
76.0003924369812,0.7266048725806573,0.41869399090768417,0.29618530090000583,0.02802781235670096,0.4438242010538309,0,100,0.0028489050455391407,0.04841873049736023,0,66.10030579566956
76.10126543045044,0.7269361568739143,0.4192185520717687,0.2963389832494475,0.02802781235670096,0.4438242010538309,0,100,0.001868007006123662,0.04888931289315224,0,66.2011787891388
76.20137643814087,0.7272569303407123,0.4197309502266741,0.29645346857241694,0.02802781235670096,0.4438242010538309,0,100,0.0009109475067816675,0.049455247819423676,0,66.30128979682922
76.30065536499023,0.7275381031953166,0.4201838801931739,0.29659164798639714,0.02802781235670096,0.4438242010538309,0,100,1.6277255781460553e-05,0.04999885708093643,0,66.40056872367859
76.40033459663391,0.7277261213634221,0.4204904396088653,0.2967615155852892,0.02802781235670096,0.4438242010538309,0,100,-0.0003843477461487055,0.05028180778026581,0,66.50024795532227
76.50029397010803,0.7278138595052704,0.4206358325449988,0.29690238215288955,0.02802781235670096,0.4438242010538309,0,100,-0.007073244079947472,0.0046357521787285805,0,66.60020732879639
76.6037049293518,0.7276592676095164,0.42037861873177207,0.29691471705089867,0.02802781235670096,0.4438242010538309,0,100,-0.01178275141865015,-0.04211100935935974,0,66.70361828804016
76.70020365715027,0.7274051595067721,0.4199566927024815,0.29684414493528655,0.02802781235670096,0.4438242010538309,0,100,-0.014007797464728355,-0.0830141231417656,0,66.80011701583862
76.80044364929199,0.7267832083969825,0.41893372962700404,0.2966534979071319,0.02802781235670096,0.4438242010538309,0,100,-0.011332257650792599,-0.09326471388339996,0,66.90035700798035
76.90052008628845,0.7259826357168838,0.41764615961978135,0.296231640640504,0.02802781235670096,0.4438242010538309,0,100,-0.004899604246020317,-0.07165790349245071,0,67.0004334449768
77.0029182434082,0.7253963880064969,0.41672620769372504,0.29591156428684984,0.02802781235670096,0.4438242010538309,0,100,-9.131112165050581e-06,-0.04688036069273949,0,67.10283160209656
77.10027050971985,0.7252030219176767,0.4164279029859718,0.29574040863314033,0.02802781235670096,0.4438242010538309,0,100,0.0030551112722605467,-0.023829173296689987,0,67.2001838684082
77.20024251937866,0.7250841860852533,0.4162448203016017,0.29573843608387673,0.02802781235670096,0.4438242010538309,0,100,0.004594877827912569,-0.005212011747062206,0,67.30015587806702
77.3001401424408,0.7250879745538025,0.4162506992898059,0.29573828601028085,0.02802781235670096,0.4438242010538309,0,100,0.00501257786527276,0.007768918760120869,0,67.40005350112915
77.40155029296875,0.7250881442578361,0.4162509587031274,0.2957380488520793,0.02802781235670096,0.4438242010538309,0,100,0.004831060767173767,0.016452375799417496,0,67.5014636516571
77.50021719932556,0.7250879037003506,0.4162505844750591,0.2957353739728168,0.02802781235670096,0.4438242010538309,0,100,0.0046813758090138435,0.022662553936243057,0,67.60013055801392
77.60024452209473,0.7250881324859166,0.41625093514808503,0.29575117352336433,0.02802781235670096,0.4438242010538309,0,100,0.004832651000469923,0.027612416073679924,0,67.70015788078308
77.69999647140503,0.7251780565862527,0.41638981268222264,0.29577449938312406,0.02802781235670096,0.4438242010538309,0,100,0.00521443597972393,0.032447852194309235,0,67.79990983009338
77.80125570297241,0.7253979546051446,0.41673013145484233,0.2958684162139189,0.02802781235670096,0.4438242010538309,0,100,0.005373068153858185,0.03799499571323395,0,67.90116906166077
77.9004294872284,0.7256814792535103,0.417170983768639,0.2959615660517527,0.02802781235670096,0.4438242010538309,0,100,0.005174094345420599,0.042900994420051575,0,68.00034284591675
78.00024843215942,0.7259815675384361,0.41764047916607167,0.29610833094886035,0.02802781235670096,0.4438242010538309,0,100,0.00462650042027235,0.04626984894275665,0,68.10016179084778
78.10016441345215,0.7263028121126985,0.418148097401498,0.29628095790007847,0.02802781235670096,0.4438242010538309,0,100,0.003793930634856224,0.04854925721883774,0,68.2000777721405
78.2018928527832,0.7266397944144327,0.418686063272117,0.29642949642355465,0.02802781235670096,0.4438242010538309,0,100,0.0027896405663341284,0.04982054978609085,0,68.30180621147156
78.30048942565918,0.7269671526279712,0.41921330472547175,0.29654419870137505,0.02802781235670096,0.4438242010538309,0,100,0.0017640253063291311,0.050373513251543045,0,68.40040278434753
78.40000224113464,0.727281779883063,0.4197240439489744,0.29664416575958674,0.02802781235670096,0.4438242010538309,0,100,0.000807390664704144,0.05064203962683678,0,68.499915599823
78.50014209747314,0.727558833022861,0.42017779552893264,0.296786881498842,0.02802781235670096,0.4438242010538309,0,100,-6.218584894668311e-05,0.05102076381444931,0,68.6000554561615
78.60247659683228,0.7277474070393287,0.42049106245461737,0.2969004917838731,0.02802781235670096,0.4438242010538309,0,100,-0.006561515387147665,0.004979714285582304,0,68.70238995552063
78.7001280784607,0.7277527147278019,0.4205002310661245,0.2968995312370777,0.02802781235670096,0.4438242010538309,0,100,-0.011419609189033508,-0.041578102856874466,0,68.80004143714905
78.80021142959595,0.7275319398920409,0.4201336082679179,0.2968351064290605,0.0283887019742195,0.4441560109484164,0,100,-0.013927031308412552,-0.08229916542768478,0,68.9001247882843
78.90035104751587,0.7268953870610647,0.41908727539621043,0.29662561107258056,0.0283887019742195,0.4441560109484164,0,100,-0.011441320180892944,-0.09267356991767883,0,69.00026440620422
79.00077819824219,0.7260877407573006,0.4177881358606929,0.29625461596560165,0.0283887019742195,0.4441560109484164,0,100,-0.005170495714992285,-0.07136906683444977,0,69.10069155693054
79.10050654411316,0.7255354520614492,0.4169223276319202,0.29588604952396835,0.0283887019742195,0.4441560109484164,0,100,-0.00038622759166173637,-0.046627454459667206,0,69.20041990280151
79.20012593269348,0.7252397008273876,0.4164652192989126,0.29575678830596464,0.0283887019742195,0.4441560109484164,0,100,0.002657442120835185,-0.023755159229040146,0,69.30003929138184
79.3012924194336,0.725127040247684,0.41629154604790314,0.2957595507371843,0.0283887019742195,0.4441560109484164,0,100,0.004341875668615103,-0.005552205722779036,0,69.40120577812195
79.40073251724243,0.7251247086680537,0.41628795787350736,0.29575554041600827,0.0283887019742195,0.4441560109484164,0,100,0.004788037855178118,0.007255113683640957,0,69.50064587593079
79.50063157081604,0.7251245269951306,0.41628767397947014,0.29575939237837723,0.0283887019742195,0.4441560109484164,0,100,0.004591247066855431,0.015978829935193062,0,69.6005449295044
79.6001980304718,0.725124755470958,0.416288024213373,0.2957598969618228,0.0283887019742195,0.4441560109484164,0,100,0.004413851536810398,0.022202342748641968,0,69.70011138916016
79.70298433303833,0.7251245442686369,0.41628769485449024,0.2957603409867774,0.0283887019742195,0.4441560109484164,0,100,0.004579849075525999,0.027437109500169754,0,69.80289769172668
79.80062985420227,0.7251511357240499,0.41632879586967114,0.2957783247730231,0.0283887019742195,0.4441560109484164,0,100,0.004981841426342726,0.032705653458833694,0,69.90054321289062
79.90037560462952,0.7253208028353386,0.41659128817561863,0.29583071253870896,0.0283887019742195,0.4441560109484164,0,100,0.005236200522631407,0.03788764774799347,0,70.00028896331787
80.00015258789062,0.7255788739964619,0.41699205276757173,0.295920790816237,0.0283887019742195,0.4441560109484164,0,100,0.00509446207433939,0.04272172600030899,0,70.10006594657898
80.10033202171326,0.7258703071297049,0.417447650020428,0.2960885199751001,0.0283887019742195,0.4441560109484164,0,100,0.004634745419025421,0.046395961195230484,0,70.20024538040161
80.20038628578186,0.7261893904410301,0.4179516026110533,0.2962633976021456,0.0283887019742195,0.4441560109484164,0,100,0.003900171723216772,0.04853399470448494,0,70.30029964447021
80.3004081249237,0.7265236261826911,0.4184848694981701,0.29641421756625097,0.0283887019742195,0.4441560109484164,0,100,0.002962767379358411,0.049789462238550186,0,70.40032148361206
80.40039253234863,0.7268564459500586,0.4190206241064852,0.29653190590726053,0.0283887019742195,0.4441560109484164,0,100,0.0019237512024119496,0.05030910670757294,0,70.50030589103699
80.50029182434082,0.727166352097446,0.4195235670895894,0.29663434488453533,0.0283887019742195,0.4441560109484164,0,100,0.0009273923351429403,0.05059186369180679,0,70.60020518302917
80.60009741783142,0.7274594310241737,0.42000341633080396,0.2967696630696379,0.0283887019742195,0.4441560109484164,0,100,4.668893961934373e-05,0.05087009072303772,0,70.70001077651978
80.70005774497986,0.7276306542907444,0.42028800723436344,0.2969429937268445,0.0283887019742195,0.4441560109484164,0,100,-0.003858557203784585,0.028639785945415497,0,70.79997110366821
80.80293726921082,0.7276937321842971,0.42039446785115875,0.297022611367563,0.0283887019742195,0.4441560109484164,0,100,-0.009641892276704311,-0.018991287797689438,0,70.90285062789917
80.90016078948975,0.7275579398692957,0.42016551056496076,0.29700334648379123,0.0283887019742195,0.4441560109484164,0,100,-0.013137681409716606,-0.06251721829175949,0,71.0000741481781
81.00070881843567,0.7271346863378291,0.41945556231017506,0.2968866083359709,0.0283887019742195,0.4441560109484164,0,100,-0.014110693708062172,-0.08187353610992432,0,71.10062217712402
81.10026979446411,0.7263911787804297,0.41822850954323937,0.29665535235737883,0.0283887019742195,0.4441560109484164,0,100,-0.008534048683941364,-0.08303386718034744,0,71.20018315315247
81.20023775100708,0.7256694842430244,0.41706143992392025,0.2963333085774503,0.0283887019742195,0.4441560109484164,0,100,-0.002651215298101306,-0.058374714106321335,0,71.30015110969543
81.3002359867096,0.7252596054932184,0.41641338516325155,0.2960560298131334,0.0283887019742195,0.4441560109484164,0,100,0.0013322466984391212,-0.03457098454236984,0,71.40014934539795
81.4017562866211,0.7249530453122449,0.41593152735877825,0.29605511550575137,0.0283887019742195,0.4441560109484164,0,100,0.0037576600443571806,-0.013755756430327892,0,71.50166964530945
81.50041675567627,0.724976669730414,0.4159688358750813,0.29605112161372393,0.0283887019742195,0.4441560109484164,0,100,0.004917391575872898,0.0019122858066111803,0,71.60033011436462
81.60010147094727,0.7249765433483953,0.4159686370030144,0.296052909292682,0.0283887019742195,0.4441560109484164,0,100,0.004992016591131687,0.01233841571956873,0,71.70001482963562
81.70033311843872,0.7249762703605735,0.4159682051066036,0.29605315006427013,0.0283887019742195,0.4441560109484164,0,100,0.00479394756257534,0.019170444458723068,0,71.80024647712708
81.80209517478943,0.7249765446535754,0.41596863441996945,0.29605115500579315,0.0283887019742195,0.4441560109484164,0,100,0.004813121631741524,0.024996178224682808,0,71.90200853347778
81.90122675895691,0.7250077146545633,0.4160176681575396,0.2960635393447657,0.0283887019742195,0.4441560109484164,0,100,0.005101518705487251,0.030671533197164536,0,72.00114011764526
82.00057172775269,0.7251617329464853,0.4162601148333934,0.29610334539662164,0.0283887019742195,0.4441560109484164,0,100,0.005396401509642601,0.03599103167653084,0,72.10048508644104
82.10014295578003,0.7254086973806474,0.4166504434687667,0.2962151747059525,0.0283887019742195,0.4441560109484164,0,100,0.0053582643158733845,0.040837712585926056,0,72.20005631446838
82.20071291923523,0.7256926213541608,0.41710290676258766,0.296375494113317,0.0283887019742195,0.4441560109484164,0,100,0.004987528547644615,0.04478422552347183,0,72.30062627792358
82.30037307739258,0.7259949745439181,0.41758967244111395,0.29652103295742693,0.0283887019742195,0.4441560109484164,0,100,0.004300444386899471,0.04764873534440994,0,72.40028643608093
82.40045022964478,0.7263470284214588,0.41816182895596865,0.2966462593711109,0.0283887019742195,0.4441560109484164,0,100,0.003444724716246128,0.049448054283857346,0,72.50036358833313
82.5046215057373,0.726657791532295,0.41867138325598696,0.2967588871996212,0.0283887019742195,0.4441560109484164,0,100,0.002468534279614687,0.05032854154706001,0,72.60453486442566
82.60022234916687,0.7269795462905531,0.41920351875876377,0.2968550933823515,0.0283887019742195,0.4441560109484164,0,100,0.001446814858354628,0.05085240304470062,0,72.70013570785522
82.70083832740784,0.7272832572796633,0.41971019982353247,0.29696201212954976,0.0283887019742195,0.4441560109484164,0,100,0.000488903431687504,0.05116545036435127,0,72.80075168609619
82.8008201122284,0.7275296000444849,0.42012691271800007,0.29707683439459076,0.0283887019742195,0.4441560109484164,0,100,-0.006232398096472025,0.0051198238506913185,0,72.90073347091675
82.9004545211792,0.7275525628991691,0.4201664134064358,0.29707694491205716,0.0283887019742195,0.4441560109484164,0,100,-0.011273570358753204,-0.04143834114074707,0,73.00036787986755
83.00080394744873,0.7273744713907409,0.4198647786907816,0.297028907293471,0.0283887019742195,0.4441560109484164,0,100,-0.013927812688052654,-0.08193628489971161,0,73.10071730613708
83.10051393508911,0.7267434371361952,0.41880801034170423,0.2968182194594785,0.0283887019742195,0.4441560109484164,0,100,-0.01500728726387024,-0.11421697586774826,0,73.20042729377747
83.200758934021,0.7258962015287043,0.4174234408793574,0.29641643908008874,0.0283887019742195,0.4441560109484164,0,100,-0.00829037744551897,-0.09445333480834961,0,73.30067229270935
83.3003077507019,0.7252339579435992,0.41637793129455003,0.29584659663243795,0.0283887019742195,0.4441560109484164,0,100,-0.0018995247082784772,-0.06738919764757156,0,73.40022110939026
83.40166282653809,0.7248960956119626,0.4158578356585418,0.2954922961119044,0.0283887019742195,0.4441560109484164,0,100,0.0022794771939516068,-0.04176533967256546,0,73.50157618522644
83.50021076202393,0.7248616151655527,0.4158061005979636,0.2953497115452375,0.0283887019742195,0.4441560109484164,0,100,0.0046070716343820095,-0.01976228505373001,0,73.60012412071228
83.6004364490509,0.7250924904156133,0.41615625449242555,0.2953136223443964,0.0283887019742195,0.4441560109484164,0,100,0.005485001020133495,-0.0032609046902507544,0,73.70034980773926
83.7000994682312,0.7250769631606305,0.4161323236060068,0.29531579003996444,0.0283887019742195,0.4441560109484164,0,100,0.005244737956672907,0.008050660602748394,0,73.80001282691956
83.80002760887146,0.7250776297311572,0.4161333239420803,0.2953204951916879,0.0283887019742195,0.4441560109484164,0,100,0.004981743171811104,0.01618647761642933,0,73.89994096755981
83.9003119468689,0.7250774190750723,0.41613299847138924,0.2953246241689157,0.0283887019742195,0.4441560109484164,0,100,0.004940015729516745,0.02219158224761486,0,74.00022530555725
84.00015115737915,0.7250776112995266,0.41613328620353357,0.2953329342855371,0.0283887019742195,0.4441560109484164,0,100,0.005208855029195547,0.02749473601579666,0,74.1000645160675
84.10009241104126,0.7251683293089394,0.4162712744110841,0.29542210971531824,0.0283887019742195,0.4441560109484164,0,100,0.005598724819719791,0.03305857628583908,0,74.20000576972961
84.20018887519836,0.7253935027762834,0.41661484410201705,0.29551958849301097,0.0283887019742195,0.4441560109484164,0,100,0.005655302200466394,0.0383266881108284,0,74.30010223388672
84.30033230781555,0.7256930076574911,0.41707456929853376,0.2956753282630322,0.0283887019742195,0.4441560109484164,0,100,0.0053102802485227585,0.042718011885881424,0,74.4002456665039
84.40012383460999,0.7260169379957477,0.4175757441862249,0.2958431229537495,0.0283887019742195,0.4441560109484164,0,100,0.004662772640585899,0.04566048085689545,0,74.50003719329834
84.50042963027954,0.7263540024965329,0.4181026690012694,0.29604543631845426,0.0283887019742195,0.4441560109484164,0,100,0.003778803860768676,0.04747077822685242,0,74.6003429889679
84.6005756855011,0.726701475445646,0.41865189093246497,0.2962161898116715,0.0283887019742195,0.4441560109484164,0,100,0.002726099221035838,0.048532672226428986,0,74.70048904418945
84.70003986358643,0.7270338783593426,0.4191822437464442,0.2963392681617195,0.0283887019742195,0.4441560109484164,0,100,0.0016740629216656089,0.048875026404857635,0,74.79995322227478
84.80044913291931,0.727345354802147,0.4196833244714191,0.2964579623275866,0.0283887019742195,0.4441560109484164,0,100,0.001181220170110464,0.04906616732478142,0,74.90036249160767
84.90025973320007,0.7276322678827009,0.42014883861930624,0.29656974317408125,0.0283887019742195,0.4441560109484164,0,100,-0.00012013707600999624,0.049885910004377365,0,75.00017309188843
85.00085282325745,0.727832866724232,0.42047799313392953,0.29672559831606427,0.0283887019742195,0.4441560109484164,0,100,-0.0009032012312673032,0.05056118965148926,0,75.1007661819458
85.100830078125,0.7279084019408322,0.4206037971179133,0.2968378608850837,0.0283887019742195,0.4441560109484164,0,100,-0.007282214239239693,0.0046637398190796375,0,75.20074343681335
85.20020937919617,0.7277325129232949,0.4203102767744554,0.296846745917714,0.0283887019742195,0.4441560109484164,0,100,-0.012025873176753521,-0.04192072153091431,0,75.30012273788452
85.30013704299927,0.7274472910178316,0.41983538305655266,0.2967537125591372,0.0283887019742195,0.4441560109484164,0,100,-0.01429623831063509,-0.08252983540296555,0,75.40005040168762
85.40090131759644,0.7268198927906568,0.4188050424615275,0.2965448800014747,0.0283887019742195,0.4441560109484164,0,100,-0.011577161028981209,-0.09259118139743805,0,75.50081467628479
85.50140500068665,0.7260649993928615,0.41758695376017857,0.2962448385987957,0.0283887019742195,0.4441560109484164,0,100,-0.005162665620446205,-0.07105530798435211,0,75.601318359375
85.60056710243225,0.7255043789742928,0.4167037826717193,0.2958316348232354,0.0283887019742195,0.4441560109484164,0,100,-0.00026574230287224054,-0.04637562856078148,0,75.7004804611206
85.70086932182312,0.7253238316002573,0.4164247145347852,0.29568239458291823,0.0283887019742195,0.4441560109484164,0,100,0.002829604782164097,-0.02350255288183689,0,75.80078268051147
85.80060076713562,0.7253037744169973,0.41639384759570836,0.295687403238738,0.0283887019742195,0.4441560109484164,0,100,0.004368341062217951,-0.004878769628703594,0,75.90051412582397
85.90042328834534,0.7253041329650514,0.4163944033005469,0.2956863049308046,0.0283887019742195,0.4441560109484164,0,100,0.004703419748693705,0.007992997765541077,0,76.00033664703369
86.00081634521484,0.7253044080671814,0.4163948259353734,0.2956848402029133,0.0283887019742195,0.4441560109484164,0,100,0.00447908416390419,0.01660236343741417,0,76.1007297039032
86.10024571418762,0.7253041423804708,0.41639441193575827,0.29568308430644796,0.0283887019742195,0.4441560109484164,0,100,0.004298570100218058,0.022570867091417313,0,76.20015907287598
86.20096468925476,0.7253043333924739,0.41639470507568466,0.29568305906141334,0.0283887019742195,0.4441560109484164,0,100,0.0044346340000629425,0.027514319866895676,0,76.30087804794312
86.3003466129303,0.7253341437358154,0.4164408330005649,0.2957108373606635,0.0283887019742195,0.4441560109484164,0,100,0.00482739694416523,0.03256718069314957,0,76.40025997161865
86.40065026283264,0.7254849695134296,0.41667478197379537,0.29578904308393805,0.0283887019742195,0.4441560109484164,0,100,0.005084839649498463,0.03772316500544548,0,76.500563621521
86.50039577484131,0.7257383084269009,0.41706962298887873,0.29592253283329417,0.0283887019742195,0.4441560109484164,0,100,0.0049607534892857075,0.04258373752236366,0,76.60030913352966
86.60133004188538,0.7260318136523003,0.4175312080383272,0.29610565515706855,0.0283887019742195,0.4441560109484164,0,100,0.004475374240428209,0.04620027914643288,0,76.70124340057373
86.70020842552185,0.7263581680673616,0.4180499203826626,0.2962739286519508,0.0283887019742195,0.4441560109484164,0,100,0.0037109514232724905,0.048348914831876755,0,76.8001217842102
86.80002403259277,0.7266933725264964,0.41858783176754377,0.2964059693526676,0.0283887019742195,0.4441560109484164,0,100,0.0027577581349760294,0.04969211667776108,0,76.89993739128113
86.90047860145569,0.7270175424492733,0.41911277304460764,0.29652881389578845,0.0283887019742195,0.4441560109484164,0,100,0.0017029289156198502,0.05019577592611313,0,77.00039196014404
87.00024628639221,0.7273311378895077,0.419625320343609,0.2966389458029849,0.0283887019742195,0.4441560109484164,0,100,0.0007238970138132572,0.05039425566792488,0,77.10015964508057
87.10014700889587,0.7276136994077906,0.4200914640097878,0.2967712207120736,0.0283887019742195,0.4441560109484164,0,100,-0.00017411158478353173,0.05066865310072899,0,77.20006036758423
87.20013642311096,0.7277905576729017,0.4203870291195662,0.29685487504049013,0.0283887019742195,0.4441560109484164,0,100,-0.006736988667398691,0.004693556111305952,0,77.30004978179932
87.30022883415222,0.7278059092072905,0.4204130382717097,0.29685463788240407,0.0283887019742195,0.4441560109484164,0,100,-0.011608857661485672,-0.04174419492483139,0,77.40014219284058
87.40420746803284,0.7276182890073633,0.4201000678367127,0.2967727624787313,0.0283887019742195,0.4441560109484164,0,100,-0.014184592291712761,-0.08216054737567902,0,77.50412082672119
87.50003838539124,0.7269660193154756,0.4190281014868244,0.2965033409141672,0.0283887019742195,0.4441560109484164,0,100,-0.01169769186526537,-0.09225009381771088,0,77.59995174407959
87.60045099258423,0.7261384071459404,0.4176976679200939,0.2962026156321139,0.0283887019742195,0.4441560109484164,0,100,-0.005315890535712242,-0.07094595581293106,0,77.70036435127258
87.70004892349243,0.7255479452735392,0.41676663643755685,0.295882625089651,0.0283887019742195,0.4441560109484164,0,100,-0.0004459006595425308,-0.046462539583444595,0,77.79996228218079
87.80123543739319,0.7252764866829781,0.4163448022634355,0.2957692882074676,0.0283887019742195,0.4441560109484164,0,100,0.002724669175222516,-0.023714696988463402,0,77.90114879608154
87.90059351921082,0.7252933882551458,0.41637128559095754,0.29576709958435965,0.0283887019742195,0.4441560109484164,0,100,0.0043109566904604435,-0.005497101228684187,0,78.00050687789917
87.99996495246887,0.7252932143094617,0.41637101522253406,0.29577064775283946,0.0283887019742195,0.4441560109484164,0,100,0.004686534870415926,0.007383931428194046,0,78.09987831115723
88.10031819343567,0.7252929912294526,0.4163706653121151,0.2957680469916857,0.02500767060632586,0.4408038065114238,0,100,0.004466060549020767,0.016274504363536835,0,78.20023155212402
88.2000675201416,0.7252932181956504,0.41637101531213644,0.29576783754916436,0.02500767060632586,0.4408038065114238,0,100,0.00419606314972043,0.0223204605281353,0,78.29998087882996
88.30048418045044,0.7252930029067656,0.41637067820619655,0.2957671299039457,0.02500767060632586,0.4408038065114238,0,100,0.004303875844925642,0.027702590450644493,0,78.4003975391388
88.40064930915833,0.7253191247062261,0.4164112622211212,0.2957898897292379,0.02500767060632586,0.4408038065114238,0,100,0.004672877490520477,0.03287896513938904,0,78.50056266784668
88.49999594688416,0.7254950932866931,0.41668523670217134,0.29585960456335425,0.02500767060632586,0.4408038065114238,0,100,0.004934284836053848,0.03798076510429382,0,78.59990930557251
88.60033822059631,0.7257386600418478,0.4170664479805596,0.2959968693467733,0.02500767060632586,0.4408038065114238,0,100,0.001549993990920484,0.019513260573148727,0,78.70025157928467
88.7005341053009,0.7259253379266407,0.4173605520105229,0.29605865207539983,0.02500767060632586,0.4408038065114238,0,100,-0.004532047547399998,-0.02539009600877762,0,78.80044746398926
88.80031561851501,0.7259049591248654,0.4173284343182493,0.2960125803383866,0.02500767060632586,0.4408038065114238,0,100,-0.008671085350215435,-0.06678076833486557,0,78.90022897720337
88.90750527381897,0.7255282311253028,0.4167384623638138,0.29580588089301973,0.02500767060632586,0.4408038065114238,0,100,-0.011032274924218655,-0.10146409273147583,0,79.00741863250732
89.00028085708618,0.7248349712803998,0.41567270400454803,0.29528434698065853,0.02500767060632586,0.4408038065114238,0,100,-0.005242138635367155,-0.08391079306602478,0,79.10019421577454
89.09997057914734,0.7243291413267136,0.4149149544135873,0.2947682611791911,0.02500767060632586,0.4408038065114238,0,100,0.0006088285590521991,-0.0597759373486042,0,79.1998839378357
89.20093655586243,0.7241267841216636,0.4146173560822268,0.2944647591787024,0.02500767060632586,0.4408038065114238,0,100,0.004485243931412697,-0.036316826939582825,0,79.30084991455078
89.30032587051392,0.7243608607172377,0.4149602120886955,0.29429667999686004,0.02500767060632586,0.4408038065114238,0,100,0.006697705015540123,-0.01613079197704792,0,79.40023922920227
89.40028071403503,0.7246247124885494,0.4153436162199437,0.29423132665139706,0.02500767060632586,0.4408038065114238,0,100,0.007306015118956566,-0.00042654178105294704,0,79.50019407272339
89.50050783157349,0.7247004277308642,0.41545308793042346,0.2942245528754954,0.02500767060632586,0.4408038065114238,0,100,0.00686248205602169,0.010335047729313374,0,79.60042119026184
89.60033512115479,0.7247021116301737,0.41545550714566143,0.2942216853370775,0.02500767060632586,0.4408038065114238,0,100,0.006432197988033295,0.017360279336571693,0,79.70024847984314
89.70025444030762,0.7247317895547166,0.4154987244645135,0.29424483854107764,0.02500767060632586,0.4408038065114238,0,100,0.0063334121368825436,0.022480474784970284,0,79.80016779899597
89.8000271320343,0.7248815177342586,0.4157169609259639,0.2943845438713256,0.02500767060632586,0.4408038065114238,0,100,0.006478925701230764,0.02731647901237011,0,79.89994049072266
89.90014982223511,0.7251187505116431,0.4160648267182286,0.2945805359450019,0.02500767060632586,0.4408038065114238,0,100,0.006560866720974445,0.032375723123550415,0,80.00006318092346
90.00019669532776,0.7253983546042411,0.41647820073266745,0.2947972280358624,0.02500767060632586,0.4408038065114238,0,100,0.006379814352840185,0.037411339581012726,0,80.10011005401611
