t,fwd,lat,clear_geo,plan_clear,plan_lat_at_box,lc_box,gc_box,v,w,box_pts,box_age
0.0003387928009033203,0.0,0.0,0.9109977675278815,nan,nan,99,-1,0.0,0.0,158,0.0003387928009033203
0.11048102378845215,0.0,0.0,0.9109886727519405,nan,nan,99,-1,0.0,0.0,158,0.11048102378845215
0.20452237129211426,0.0,0.0,0.910999683249641,nan,nan,99,-1,0.0,0.0,147,0.20452237129211426
0.30081820487976074,0.0,0.0,0.9109975175856777,nan,nan,99,-1,0.009588171727955341,0.014433377422392368,156,0.30081820487976074
0.4053184986114502,8.727504362397063e-05,3.62691159311887e-08,0.9108718254363464,nan,nan,99,-1,0.014672485180199146,0.023308664560317993,156,0.4053184986114502
0.5008282661437988,0.0006842387153284865,1.4485721073551945e-06,0.9050000376701353,nan,nan,99,100,0.026705380529165268,0.040773071348667145,165,0.0
0.6028628349304199,0.002502725288178357,1.3970810349986623e-05,0.9029481091549274,nan,nan,99,100,0.03187037631869316,0.0401696115732193,170,0.1020345687866211
0.7028138637542725,0.003759255175215802,2.6576837369823632e-05,0.9016062808137277,nan,nan,99,100,0.036041196435689926,0.03051977977156639,168,0.20198559761047363
0.800290584564209,0.008358873738815529,9.88101187959134e-05,0.8966798412436587,nan,nan,99,100,0.038113392889499664,0.014168641529977322,165,0.29946231842041016
0.9032857418060303,0.012047933385554608,0.0001679603347289804,0.8929525565099397,nan,nan,99,100,0.03733997046947479,-0.007554206997156143,165,0.40245747566223145
1.0021398067474365,0.012966659209281937,0.00018557486161453388,0.8970000214576719,nan,nan,99,100,0.03689195588231087,-0.01768537238240242,171,0.0
1.1017796993255615,0.01936678451843955,0.00031051186007904333,0.8904131173922463,0.13205801407841986,0.46578165991466713,99,100,0.03693806007504463,-0.02242657169699669,167,0.099639892578125
1.2063028812408447,0.022625136922957766,0.0003632011563515826,0.8867558813581462,0.13205801407841986,0.46578165991466713,99,100,0.03824225440621376,-0.028215013444423676,171,0.2041630744934082
1.302842617034912,0.02650590281422718,0.0004173887117574133,0.8828337352432103,0.13205801407841986,0.46578165991466713,99,100,0.03824225440621376,-0.028215013444423676,172,0.3007028102874756
1.4010987281799316,0.02932850498725457,0.0004529951384497692,0.8795770668651086,0.13205801407841986,0.46578165991466713,99,100,0.03871901333332062,-0.05004940927028656,174,0.3989589214324951
1.5121350288391113,0.03280389372511951,0.00047448058300811986,0.8830000228881836,0.1527232303860939,0.46578165991466713,99,100,0.04025525972247124,-0.0773279219865799,169,0.0
1.6098580360412598,0.038151591553246336,0.00046053267300806333,0.8761900005549148,0.1527232303860939,0.46578165991466713,99,100,0.0416758768260479,-0.08322174102067947,133,0.09772300720214844
1.7048637866973877,0.040207447190143374,0.0004360858739378993,0.8736146430929705,0.1527232303860939,0.46578165991466713,99,100,0.04263276979327202,-0.08728436380624771,109,0.19272875785827637
1.8080885410308838,0.04473810151095997,0.00035243504543118904,0.8673083204164731,0.1527232303860939,0.46578165991466713,99,100,0.044055622071027756,-0.08845625817775726,107,0.29595351219177246
1.9037015438079834,0.04750398992343661,0.00026802557969360526,0.8633477737895794,0.1527232303860939,0.46578165991466713,99,100,0.04539353400468826,-0.08690722286701202,155,0.39156651496887207
2.0073835849761963,0.05295173114623049,4.016987746412534e-05,0.8551971811773126,0.1527232303860939,0.46578165991466713,99,100,0.04721592366695404,-0.08186722546815872,176,0.49524855613708496
2.1008639335632324,0.057679071764157736,-0.0002205692989919846,0.8579500473737716,0.16285719104398413,0.4650934485024235,99,99,0.04875173419713974,-0.07583082467317581,183,0.0
2.2041337490081787,0.0643103284022652,-0.0006484040029065369,0.8493974660767328,0.16285719104398413,0.4650934485024235,99,99,0.04870184510946274,-0.0673229992389679,141,0.10326981544494629
2.304140567779541,0.06937605598074055,-0.0010433848961596075,0.8422993916302274,0.16285719104398413,0.4650934485024235,99,99,0.04779382422566414,-0.058751024305820465,192,0.2032766342163086
2.404581308364868,0.07156191833711202,-0.001227294503670335,0.8398571347046532,0.16285719104398413,0.4650934485024235,99,99,0.04757780581712723,-0.0520327053964138,129,0.30371737480163574
2.5006186962127686,0.07700286689348691,-0.0017073319984856079,0.8333763205844801,0.16285719104398413,0.4650934485024235,99,99,0.04894747957587242,-0.04486408084630966,152,0.39975476264953613
2.603705883026123,0.08344653977844846,-0.002331063903431116,0.8147500522136686,0.1372784944154342,0.4650934485024235,99,100,0.049827855080366135,-0.03388049080967903,200,0.0
2.7007853984832764,0.0868466882742089,-0.0026810166018170728,0.811266202968165,0.1372784944154342,0.4650934485024235,99,100,0.05028889700770378,-0.028932634741067886,198,0.09707951545715332
2.8068528175354004,0.09277269743315357,-0.0033101266195849316,0.8038601777834812,0.1372784944154342,0.4650934485024235,99,100,0.05084345117211342,-0.01948433741927147,205,0.20314693450927734
2.900547981262207,0.09830919818296377,-0.003937590145069475,0.7980220086440144,0.1372784944154342,0.4650934485024235,99,100,0.051561642438173294,-0.010832353495061398,197,0.296842098236084
3.00445818901062,0.10264671575183967,-0.004435172788167003,0.7932178021607351,0.1372784944154342,0.4650934485024235,99,100,0.05205339938402176,-0.004495970904827118,210,0.40075230598449707
3.1268310546875,0.10795915541123202,-0.00408748530531469,0.7704000420570372,0.12390234694284344,0.45837510558070843,100,100,0.051835786551237106,-0.0010552043095231056,211,0.0
3.200089693069458,0.10795915541123202,-0.00408748530531469,0.7704000420570372,0.12390234694284344,0.45837510558070843,100,100,0.05217588692903519,0.0005052988417446613,217,0.07325863838195801
3.304853677749634,0.11777185294046373,-0.005313420848180276,0.7602329453020729,0.12390234694284344,0.45837510558070843,100,100,0.05270549654960632,0.011349356733262539,226,0.1780226230621338
3.400989055633545,0.12266895040316217,-0.0059277199661741855,0.755247113829704,0.12390234694284344,0.45837510558070843,100,100,0.052531830966472626,0.020042581483721733,228,0.2741580009460449
3.503251075744629,0.12636770960945615,-0.006392380286224031,0.7516315681105135,0.12390234694284344,0.45837510558070843,100,100,0.05272579565644264,0.024779492989182472,229,0.3764200210571289
3.6063790321350098,0.13368494577984316,-0.007300450950803844,0.7444535276675144,0.12390234694284344,0.45837510558070843,100,100,0.0529739074409008,0.02852432243525982,231,0.47954797744750977
3.701673746109009,0.13817590325386916,-0.007853291960225682,0.755000061511993,0.13166086034198873,0.46505754314526737,99,100,0.05336163565516472,0.03157610073685646,233,0.0
3.8030354976654053,0.14532249060864355,-0.008709337765861105,0.7479404806555701,0.13166086034198873,0.46505754314526737,99,100,0.054094716906547546,0.041473496705293655,233,0.10136175155639648
3.9032061100006104,0.14961368645994538,-0.009214602768529485,0.7440102022249967,0.13166086034198873,0.46505754314526737,99,100,0.05467561259865761,0.04714997112751007,233,0.20153236389160156
4.002480506896973,0.1520574698995476,-0.009493905037429798,0.7416512638131827,0.13166086034198873,0.46505754314526737,99,100,0.05485161766409874,0.0495610237121582,235,0.30080676078796387
4.109218120574951,0.15994219802486942,-0.010378863708794586,0.7341168761797763,0.13166086034198873,0.46505754314526737,99,100,0.05567193776369095,0.051508527249097824,235,0.4075443744659424
4.203328847885132,0.1630108310868559,-0.01070938475604379,0.7290000386238097,0.13690275545312067,0.4592150494197133,99,100,0.055626656860113144,0.05032716318964958,236,0.0
4.304107666015625,0.17045214350910998,-0.011483529787898832,0.7218363560265872,0.13690275545312067,0.4592150494197133,99,100,0.05485096201300621,0.0585690401494503,249,0.10077881813049316
4.409427165985107,0.17411319893920085,-0.011852683883661258,0.7183755431756194,0.13690275545312067,0.4592150494197133,99,100,0.053979016840457916,0.06768711656332016,237,0.20609831809997559
4.501897811889648,0.18317269541299297,-0.012708702035210526,0.709710026075086,0.13690275545312067,0.4592150494197133,99,100,0.05386430025100708,0.07175490260124207,244,0.2985689640045166
4.605360507965088,0.1882872538561346,-0.01315787913724312,0.7049074938415513,0.13690275545312067,0.4592150494197133,99,100,0.05410510674118996,0.07405906915664673,249,0.40203166007995605
4.702857494354248,0.19230023003592475,-0.013486511624047298,0.7011578547438779,0.13690275545312067,0.4592150494197133,99,100,0.05459047481417656,0.07391393929719925,249,0.4995286464691162
4.80497407913208,0.19790698206128457,-0.013916945978551361,0.7050000495910644,0.134356987932532,0.46581566626576104,99,100,0.05489129573106766,0.07458987832069397,250,0.0
4.901012420654297,0.19872702274059287,-0.013978174618244217,0.704224233600012,0.134356987932532,0.46581566626576104,99,100,0.05537137761712074,0.07670027017593384,242,0.0960383415222168
5.002836227416992,0.2078048782055599,-0.013656849257427217,0.6954739324847937,0.134356987932532,0.46581566626576104,99,100,0.05540461838245392,0.07852688431739807,244,0.1978621482849121
5.104426622390747,0.21392740825656442,-0.014048926072954156,0.6895334726440203,0.134356987932532,0.46581566626576104,99,100,0.05492992699146271,0.07485488057136536,242,0.299452543258667
5.2057366371154785,0.22089614381597628,-0.014433890701276217,0.6827990027089121,0.12626082481296572,0.4512991213154443,99,100,0.054199643433094025,0.0690571740269661,265,0.40076255798339844
5.303385257720947,0.22682775283017356,-0.014716756843081758,0.6769808642528138,0.12626082481296572,0.4512991213154443,99,100,0.05373336002230644,0.0696631371974945,272,0.4984111785888672
5.40431547164917,0.23149630989484227,-0.014908770088164372,0.6750000185966488,0.1356122210529556,0.4512991213154443,99,100,0.05327136814594269,0.07411707937717438,270,0.0
5.50990891456604,0.23793541948488436,-0.0151263187125154,0.6685034022922153,0.1356122210529556,0.4512991213154443,99,100,0.05288546904921532,0.07547973096370697,282,0.10559344291687012
5.6007397174835205,0.24269264424213377,-0.015249983956445274,0.6636312008955803,0.1356122210529556,0.4512991213154443,99,100,0.05254127085208893,0.0751277431845665,281,0.19642424583435059
5.704041242599487,0.24725696199829655,-0.01533122078865601,0.6589185430750208,0.1356122210529556,0.4512991213154443,99,100,0.052617307752370834,0.07560227066278458,271,0.2997257709503174
5.8039162158966064,0.2516542020890986,-0.015376067726062925,0.654327062479521,0.1356122210529556,0.4512991213154443,99,100,0.05311817675828934,0.07962799817323685,278,0.3996007442474365
5.905038356781006,0.25745060021136157,-0.015393458732313894,0.6500000424385068,0.13967208445990612,0.4512991213154443,99,100,0.05345701426267624,0.07501393556594849,264,0.0
6.000582933425903,0.26363836314849787,-0.01534521195170055,0.6432913310867201,0.13967208445990612,0.4512991213154443,99,100,0.05317963659763336,0.06564348936080933,272,0.09554457664489746
6.103235960006714,0.26762696435820726,-0.015283278837115645,0.6390426047309086,0.13967208445990612,0.4512991213154443,99,100,0.05279667302966118,0.06086685508489609,294,0.198197603225708
6.202868461608887,0.2732309935813334,-0.015169172447155755,0.633018137443358,0.13967208445990612,0.4512991213154443,99,100,0.051368605345487595,0.05195779353380203,241,0.29783010482788086
6.300586700439453,0.27998922921684594,-0.014974934753338536,0.625656710566148,0.1411126539883978,0.4511661026106479,99,100,0.05104496702551842,0.050626832991838455,296,0.39554834365844727
6.404984712600708,0.28377360453661193,-0.01484205808763087,0.6216682114279152,0.1411126539883978,0.4511661026106479,99,100,0.051044851541519165,0.053618039935827255,223,0.49994635581970215
6.5091540813446045,0.2858950041320156,-0.014763334437345708,0.6220000452995299,0.14142930121674727,0.4511661026106479,99,100,0.05077090486884117,0.05280571058392525,302,0.0
6.6037681102752686,0.2886774456684865,-0.014651063273301524,0.6188432958898593,0.14142930121674727,0.4511661026106479,99,100,0.050855763256549835,0.05269935354590416,301,0.09461402893066406
6.709663152694702,0.28944605849818617,-0.014617621564933554,0.6179452860527366,0.14142930121674727,0.4511661026106479,99,100,0.050855763256549835,0.05269935354590416,283,0.20050907135009766
6.8032546043396,0.29169967768046373,-0.014513828849071387,0.6154581767031865,0.14142930121674727,0.4511661026106479,99,100,0.05148499459028244,0.05374763906002045,133,0.2941005229949951
6.905227184295654,0.3107828455589094,-0.013382754389429263,0.5940870611569397,0.14142930121674727,0.4511661026106479,99,100,0.05168726295232773,0.05150619149208069,339,0.3960731029510498
7.000824689865112,0.31441839733013516,-0.013115204190262044,0.5897971523263374,0.14142930121674727,0.4511661026106479,99,100,0.0514468252658844,0.03932405263185501,332,0.4916706085205078
7.101722955703735,0.31926953446001577,-0.012724782903299042,0.5960000224113464,0.13891413919004406,0.4511661026106479,99,100,0.05076126381754875,0.03437338396906853,344,0.0
7.2114129066467285,0.31926953446001577,-0.012724782903299042,0.5960000224113464,0.13891413919004406,0.4511661026106479,99,100,0.05076126381754875,0.03437338396906853,344,0.10968995094299316
7.304323673248291,0.31952741666829454,-0.012703149655323728,0.5957232254584569,0.1306455355435369,0.44238475582937753,99,100,0.048835355788469315,0.025603458285331726,129,0.20260071754455566
7.403318643569946,0.32843175599959223,-0.011927749289170309,0.5859013460850028,0.1306455355435369,0.44238475582937753,99,100,0.047148823738098145,0.022099927067756653,221,0.30159568786621094
7.5061516761779785,0.33676662151711634,-0.011135688143551464,0.5768188800169608,0.1306455355435369,0.44238475582937753,99,100,0.04558498412370682,0.01974601112306118,284,0.40442872047424316
7.6157143115997314,0.3449118932245021,-0.009827817050969615,0.5640000171661376,0.13647269244258184,0.44238475582937753,99,100,0.044804178178310394,0.017746152356266975,388,0.0
7.712018251419067,0.34969439997215007,-0.009347440686293675,0.5588835671497102,0.13647269244258184,0.44238475582937753,99,100,0.044570572674274445,0.018736092373728752,388,0.09630393981933594
7.805278062820435,0.3541268836928661,-0.008885729977831417,0.553866009958108,0.13647269244258184,0.44238475582937753,99,100,0.044456809759140015,0.0162422563880682,362,0.18956375122070312
7.901433229446411,0.3583733481726629,-0.008431733914057781,0.5494509420320836,0.13647269244258184,0.44238475582937753,99,100,0.04417870566248894,0.010515062138438225,357,0.2857189178466797
8.009350776672363,0.36322942757424603,-0.007904243587916675,0.5441684163887773,0.13647269244258184,0.44238475582937753,99,100,0.04373550042510033,0.00529151875525713,377,0.39363646507263184
8.103263854980469,0.3652241436300466,-0.007683921655857166,0.5420495047822492,0.13647269244258184,0.44238475582937753,99,100,0.04377232491970062,0.004096589982509613,388,0.4875495433807373
8.200865268707275,0.3717733713261012,-0.006957438251488483,0.5370000071525572,0.13415192274283708,0.44238475582937753,99,100,0.04421048238873482,0.006182169541716576,398,0.0
8.306657314300537,0.3748778662767507,-0.0066063187921784165,0.5335512996507666,0.1338916772992432,0.44227460736600027,99,100,0.044206053018569946,0.008034992031753063,397,0.10579204559326172
8.406435489654541,0.37971786515542233,-0.006052853702601683,0.5286712942560599,0.1338916772992432,0.44227460736600027,99,100,0.04400947690010071,0.008877856656908989,400,0.20557022094726562
8.505499601364136,0.3847893946154042,-0.005468100741723849,0.5232207524924574,0.1338916772992432,0.44227460736600027,99,100,0.04319652169942856,0.012749675661325455,406,0.30463433265686035
8.607592105865479,0.38915833304414016,-0.004955195212541916,0.5186607646802729,0.1338916772992432,0.44227460736600027,99,100,0.042033202946186066,0.018647367134690285,412,0.4067268371582031
8.709675312042236,0.3925425829811359,-0.004554434729133857,0.5150000519752502,0.1300822243491729,0.44227460736600027,99,100,0.041104309260845184,0.023790040984749794,434,0.0
8.804628133773804,0.39798654834349595,-0.0038913689084915963,0.5087934460655791,0.1300822243491729,0.44227460736600027,99,100,0.04144461080431938,0.027064982801675797,449,0.09495282173156738
8.910573482513428,0.40098029952018727,-0.0035149786100287014,0.5055050780352698,0.1300822243491729,0.44227460736600027,99,100,0.04271668568253517,0.02725094184279442,460,0.2008981704711914
9.003658533096313,0.40449176812293147,-0.003067927868229599,0.5015594236259222,0.1300822243491729,0.44227460736600027,99,100,0.04362429305911064,0.029200177639722824,448,0.29398322105407715
9.100615978240967,0.409455634026057,-0.002415620349179914,0.49568008484150683,0.1300822243491729,0.44227460736600027,99,100,0.04381176084280014,0.0311382245272398,433,0.39094066619873047
9.20115876197815,0.4147628168962981,-0.0016934794751961098,0.48993668790095724,0.1300822243491729,0.44227460736600027,99,100,0.04371730983257294,0.03321586549282074,466,0.4914834499359131
9.302056550979614,0.41865421360464566,-0.0011492293134108588,0.46480000686645495,0.13690730616487026,0.4365333560202601,100,100,0.04339678958058357,0.03399435058236122,484,0.0
9.40856671333313,0.42294102144015283,-0.0005254255439968419,0.4597611437532966,0.1470199310974685,0.4417374547805116,100,100,0.04281093180179596,0.06418314576148987,478,0.10651016235351562
9.501479148864746,0.42571641859980897,-0.00011333346582637939,0.4565798908432338,0.1470199310974685,0.4417374547805116,100,100,0.0393802709877491,0.103446826338768,495,0.19942259788513184
9.604327201843262,0.4319687251536622,0.010853723704054364,0.44632243860259035,0.1470199310974685,0.4417374547805116,100,100,0.03501266613602638,0.1486617475748062,508,0.30227065086364746
9.706367492675781,0.434284644272782,0.01125022297911589,0.44242992540770104,0.1470199310974685,0.4417374547805116,100,100,0.02679154835641384,0.23402288556098938,513,0.404310941696167
9.802161931991577,0.437682457532668,0.011888183536370604,0.4600000150203706,0.12997505622818348,0.44606751389018623,99,100,0.020602121949195862,0.30272310972213745,532,0.0
9.90092945098877,0.44096331765952074,0.012623935749067818,0.4496677195832467,0.12997505622818348,0.44606751389018623,99,100,0.017353547737002373,0.35432982444763184,565,0.09876751899719238
10.001362085342407,0.4424969591351301,0.013029378045021082,0.44375835624880483,0.12997505622818348,0.44606751389018623,99,100,0.016634702682495117,0.38,606,0.19920015335083008
10.101211071014404,0.44397920228508003,0.013472974563521534,0.43689874870692363,0.12997505622818348,0.44606751389018623,99,100,0.01747473143041134,0.38,580,0.29904913902282715
10.202128648757935,0.44516579514163274,0.013873690213869699,0.431253812527235,0.12997505622818348,0.44606751389018623,99,100,0.020390694960951805,0.3758121132850647,654,0.3999667167663574
10.301184892654419,0.4463587526073311,0.014316315277573669,0.4264927537233422,0.12997505622818348,0.44606751389018623,99,100,0.024369902908802032,0.3463069796562195,596,0.4990229606628418
10.413490295410156,0.4487145224944605,0.015296000184754003,0.4020000166893004,0.08254324608270991,0.4414261056590998,100,100,0.030260572209954262,0.31292250752449036,503,0.0
10.500257730484009,0.45062607300780805,0.01617415990584402,0.39557080471177763,0.08254324608270991,0.4414261056590998,100,100,0.035001736134290695,0.2774653434753418,439,0.08676743507385254
10.601799964904785,0.45364654659692993,0.01766848248232912,0.38727792081707424,0.08254324608270991,0.4414261056590998,100,100,0.03791480511426926,0.24551671743392944,386,0.1883096694946289
10.709781408309937,0.45582684570786913,0.01881992480959008,0.38202440484074773,0.08254324608270991,0.4414261056590998,100,100,0.04036366194486618,0.22042597830295563,254,0.2962911128997803
10.808616638183594,0.45973489461589284,0.02099936973256249,0.3739657895094029,0.08254324608270991,0.4414261056590998,100,100,0.04172889515757561,0.20304787158966064,148,0.3951263427734375
10.904080867767334,0.46343899141463335,0.023175284371686884,0.36691369407737157,0.08254324608270991,0.4414261056590998,100,100,0.04234570637345314,0.19373169541358948,105,0.49059057235717773
11.007806062698364,0.46668144215817037,0.025175714136704275,0.3609040889559679,0.08254324608270991,0.4414261056590998,100,100,0.04292795807123184,0.18914949893951416,32,0.594315767288208
11.101143598556519,0.4688103291699561,0.026539492922745083,0.3570299167141501,0.08254324608270991,0.4414261056590998,100,100,0.043440382927656174,0.18640555441379547,1,0.6876533031463623
11.207669496536255,0.4726848246458423,0.029119540850410255,0.3500323826613772,0.08254324608270991,0.4414261056590998,100,100,0.045105405151844025,0.17664597928524017,0,0.7941792011260986
11.324108123779297,0.4770172650024039,0.02162906194982483,0.3457116773173524,0.08254324608270991,0.4414261056590998,100,100,0.04591023921966553,0.16917859017848969,0,0.9106178283691406
11.409334182739258,0.47968842059959066,0.023612355771234946,0.34123378073618554,0.08254324608270991,0.4414261056590998,100,100,0.04648573324084282,0.16186879575252533,0,0.9958438873291016
11.517829656600952,0.4808034078301824,0.024463777023117625,0.33936354928563905,0.08254324608270991,0.4414261056590998,100,100,0.047188494354486465,0.1486659049987793,0,1.104339361190796
11.601261138916016,0.48785958325140816,0.030076331193653924,0.3290470025511641,0.08254324608270991,0.4414261056590998,100,100,0.047736600041389465,0.14403386414051056,0,1.1877708435058594
11.70358157157898,0.4917305386497748,0.0332931920827773,0.3239028712150007,0.08254324608270991,0.4414261056590998,100,100,0.048200786113739014,0.13967005908489227,0,1.2900912761688232
11.801358699798584,0.49555674974451297,0.036568191150107766,0.31886334018525175,0.08254324608270991,0.4414261056590998,100,100,0.049115508794784546,0.1342136412858963,0,1.3878684043884277
11.907260656356812,0.4981106711067281,0.03881224494409751,0.31561428770694167,0.08254324608270991,0.4414261056590998,100,100,0.04993675276637077,0.12923766672611237,0,1.4937703609466553
12.012721061706543,0.501605056648148,0.041956469722615644,0.31134084279924257,0.08254324608270991,0.4414261056590998,100,100,0.05041854828596115,0.12389823794364929,0,1.5992307662963867
12.103148460388184,0.5052899150410584,0.04535863091095342,0.3070015059337594,0.08254324608270991,0.4414261056590998,100,100,0.05053913965821266,0.1197173222899437,0,1.6896581649780273
12.20411205291748,0.5082638453518982,0.04816026401792276,0.3036207378783169,0.08254324608270991,0.4414261056590998,100,100,0.05206804722547531,0.11710156500339508,0,1.7906217575073242
12.303126811981201,0.5128144860729352,0.05273031737437047,0.29851905253096345,0.08254324608270991,0.4414261056590998,100,100,0.05266674980521202,0.11592172086238861,0,1.889636516571045
12.403304815292358,0.5261846181208334,0.066392255070457,0.28416128339938584,0.08254324608270991,0.4414261056590998,100,100,0.05456481873989105,0.11120510846376419,0,1.9898145198822021
12.505431890487671,0.5306999082806543,0.07096505407107138,0.27992091905984295,0.08254324608270991,0.4414261056590998,100,100,0.05522696301341057,0.10767128318548203,0,2.0919415950775146
12.60584020614624,0.5345422923230475,0.07494975608112979,0.27656350427870724,0.08254324608270991,0.4414261056590998,100,100,0.02522696301341057,0.0,0,2.192349910736084
12.701798677444458,0.536086813098396,0.07660446373701338,0.2750738209238686,0.08254324608270991,0.4414261056590998,100,100,0.0,0.0,0,2.2883083820343018
12.802345037460327,0.5360949957659036,0.07662346715262262,0.2750327020220965,0.08254324608270991,0.4414261056590998,100,100,0.0,0.0,0,2.388854742050171
12.909364461898804,0.535482877263244,0.0759837958869617,0.2756599618717695,0.08254324608270991,0.4414261056590998,100,100,-0.05000000074505806,0.0,0,2.4958741664886475
13.001452922821045,0.5330408892265416,0.07342939920242568,0.278210211634704,0.08254324608270991,0.4414261056590998,100,100,-0.05000000074505806,0.0,0,2.5879626274108887
13.107837915420532,0.5300239042348841,0.07025603852896933,0.2812847515311335,0.08254324608270991,0.4414261056590998,100,100,-0.05000000074505806,0.0,0,2.694347620010376
13.203744173049927,0.5289932513314304,0.06917141331677683,0.2823335589777122,0.07098899435586678,0.4296684202279974,100,100,-0.05000000074505806,0.0,0,2.7902538776397705
13.303674459457397,0.522965875542328,0.06282911884902943,0.28871341688875485,0.07098899435586678,0.4296684202279974,100,100,-0.05000000074505806,0.0,0,2.890184164047241
13.401616334915161,0.5194061734771235,0.05908702079597843,0.2925222748051703,0.07098899435586678,0.4296684202279974,100,100,-0.05000000074505806,0.0,0,2.988126039505005
13.501513242721558,0.517234275622389,0.056801748289622596,0.29486890160695317,0.07098899435586678,0.4296684202279974,100,100,-0.05000000074505806,0.0,0,3.0880229473114014
13.603002309799194,0.5131830606824634,0.05254555410416261,0.2992388650773812,0.07098899435586678,0.4296684202279974,100,100,-0.05000000074505806,0.0,0,3.189512014389038
13.708974361419678,0.510124846119779,0.049334897813447624,0.30263072816849074,0.07098899435586678,0.4296684202279974,100,100,-0.05000000074505806,0.0,0,3.2954840660095215
13.803842306137085,0.5060718037831193,0.04508361746248206,0.3070845148817639,0.07098899435586678,0.4296684202279974,100,100,-0.05000000074505806,0.0,0,3.3903520107269287
13.90073037147522,0.5031554692774969,0.042029466393079584,0.3103762475701971,0.07098899435586678,0.4296684202279974,100,100,-0.05000000074505806,0.0,0,3.4872400760650635
14.001982688903809,0.4992353556501993,0.0379269536656677,0.3147810712677909,0.07098899435586678,0.4296684202279974,100,100,-0.05000000074505806,0.0,0,3.5884923934936523
14.100038766860962,0.49580718137158036,0.03434594723794439,0.3186911952951079,0.07098899435586678,0.4296684202279974,100,100,-0.05000000074505806,0.0,0,3.6865484714508057
14.201834917068481,0.4923516980556944,0.03074010249824273,0.32264877065894254,0.07098899435586678,0.4296684202279974,100,100,-0.05000000074505806,0.0,0,3.788344621658325
14.302333354949951,0.4906974488668457,0.02901609490722062,0.3245613170735808,0.07098899435586678,0.4296684202279974,100,100,-0.05000000074505806,0.0,0,3.888843059539795
14.404600143432617,0.48912663845938115,0.02737825492358901,0.3263918885858616,0.07098899435586678,0.4296684202279974,100,100,-0.05000000074505806,0.0,0,3.991109848022461
14.5040762424469,0.4822717847661333,0.020239059288287647,0.33440076797090607,0.07098899435586678,0.4296684202279974,100,100,-0.05000000074505806,0.0,0,4.090585947036743
14.604884624481201,0.4798285260111741,0.017696190019807368,0.33727821925509655,0.07098899435586678,0.4296684202279974,100,100,-0.05000000074505806,0.0,0,4.191394329071045
14.700393915176392,0.4774409795117843,0.015214163021271505,0.34010211883438785,0.07098899435586678,0.4296684202279974,100,100,-0.05000000074505806,0.0,0,4.286903619766235
14.8024160861969,0.48294048357279684,0.008822194133327174,0.3360833614286412,0.07098899435586678,0.4296684202279974,100,100,-0.05000000074505806,0.0,0,4.388925790786743
14.906869411468506,0.4791877302440581,0.004872764159226161,0.34061259970363766,0.07098899435586678,0.4296684202279974,100,100,-0.05000000074505806,0.0,0,4.49337911605835
15.003626585006714,0.475732830010785,0.0012362204824783018,0.3448070678844305,0.07098899435586678,0.4296684202279974,100,100,-0.05000000074505806,0.0,0,4.590136289596558
15.100528240203857,0.4723557609405627,-0.002316150855457177,0.34892740650755466,0.07098899435586678,0.4296684202279974,100,100,-0.05000000074505806,0.0,0,4.687037944793701
15.205756664276123,0.46942459867769115,-0.005400328993342317,0.3525215999040261,0.07098899435586678,0.4296684202279974,100,100,-0.05000000074505806,0.0,0,4.792266368865967
15.309106588363647,0.4663004216695741,-0.008685868268990773,0.35637133200869836,0.07098899435586678,0.4296684202279974,100,100,-0.05000000074505806,0.0,0,4.895616292953491
15.407113552093506,0.4623895928267843,-0.01279819536336483,0.36120662133342263,0.07098899435586678,0.4296684202279974,100,100,-0.05000000074505806,0.0,0,4.99362325668335
15.507190465927124,0.45899927773831295,-0.016362357777229657,0.36542024086474006,0.07098899435586678,0.4296684202279974,100,100,-0.05000000074505806,0.0,0,5.093700170516968
15.60882830619812,0.4555320607230466,-0.020008687929561026,0.3697396104615636,0.07098899435586678,0.4296684202279974,100,100,-0.05000000074505806,0.0,0,5.195338010787964
15.708446741104126,0.45230805127772705,-0.02340026754117874,0.3737828862152751,0.07098899435586678,0.4296684202279974,100,100,-0.05000000074505806,0.0,0,5.29495644569397
15.80367398262024,0.4488501588509401,-0.02704030471503024,0.3781169001084102,0.07098899435586678,0.4296684202279974,100,100,-0.05000000074505806,0.0,0,5.390183687210083
15.905900716781616,0.4454362040879856,-0.030633994453074992,0.38244042850401816,0.07098899435586678,0.4296684202279974,100,100,-0.05000000074505806,0.0,0,5.49241042137146
16.002722024917603,0.4418000126698326,-0.034460363998192974,0.38703577334634304,0.07098899435586678,0.4296684202279974,100,100,-0.05000000074505806,0.0,0,5.589231729507446
16.101475477218628,0.4385451886498297,-0.03788553218054903,0.3911794395281727,0.07098899435586678,0.4296684202279974,100,100,-0.05000000074505806,0.0,0,5.687985181808472
16.20356273651123,0.4349167057620454,-0.04170376396453806,0.39579512274486667,0.07098899435586678,0.4296684202279974,100,100,-0.05000000074505806,0.0,0,5.790072441101074
16.304012537002563,0.4314194151109181,-0.04538581707571659,0.40028078798797884,0.06519590182451265,0.42592114786911695,100,100,0.0,0.0,0,5.890522241592407
16.40348792076111,0.43025728522963996,-0.046610402155525615,0.4017853824233475,0.06519590182451265,0.42592114786911695,100,100,0.009768340736627579,-0.008135455660521984,0,5.989997625350952
16.503700017929077,0.4303765230860935,-0.04648549277296073,0.40164603453773906,0.06519590182451265,0.42592114786911695,100,100,0.02047768607735634,-0.021903332322835922,0,6.090209722518921
16.608181715011597,0.4306194690882231,-0.04623081973830312,0.4013659370623364,0.06519590182451265,0.42592114786911695,100,100,0.02803371101617813,-0.024446967989206314,0,6.19469141960144
16.703963041305542,0.4321652089667222,-0.04461383463411811,0.3994437958884222,0.06519590182451265,0.42592114786911695,100,100,0.03294035419821739,-0.019589412957429886,0,6.290472745895386
16.805480241775513,0.4345796796403872,-0.04209908224352113,0.39644054211725055,0.06519590182451265,0.42592114786911695,100,100,0.03524831682443619,-0.01017253939062357,0,6.3919899463653564
16.900409936904907,0.4362579198646335,-0.040361225795383614,0.3943815137999882,0.06519590182451265,0.42592114786911695,100,100,0.03626357018947601,0.0020008827559649944,0,6.486919641494751
17.00710940361023,0.4387719023493904,-0.03776650758949131,0.3911817149505869,0.06519590182451265,0.42592114786911695,100,100,0.03648723289370537,0.012857479974627495,0,6.593619108200073
17.106001138687134,0.44087513941419004,-0.03559513702782961,0.3885173937505996,0.06519590182451265,0.42592114786911695,100,100,0.03666200116276741,0.019152410328388214,0,6.6925108432769775
17.201001167297363,0.444226099450523,-0.032139549632402606,0.38426749032377344,0.06519590182451265,0.42592114786911695,100,100,0.037413544952869415,0.019904665648937225,0,6.787510871887207
17.315107583999634,0.444964546089054,-0.031376850111868075,0.3833120672705601,0.06519590182451265,0.42592114786911695,100,100,0.04057838395237923,0.02045225352048874,0,6.9016172885894775
17.402615785598755,0.4485612570410547,-0.027644426712204066,0.3786955340929485,0.06619497707038788,0.4261997853003099,100,100,0.04253135249018669,0.021783558651804924,0,6.989125490188599
17.505548000335693,0.4516526345276521,-0.024428637431720274,0.374788475946288,0.06619497707038788,0.4261997853003099,100,100,0.0435047522187233,0.025665350258350372,0,7.092057704925537
17.603414297103882,0.4519440008792267,-0.02412503855209097,0.37441819564222706,0.06619497707038788,0.4261997853003099,100,100,0.044090136885643005,0.03195469081401825,0,7.189924001693726
17.702054738998413,0.45695924563301804,-0.018873161996873947,0.3680639359038743,0.06619497707038788,0.4261997853003099,100,100,0.04447660595178604,0.03830764442682266,0,7.288564443588257
17.808412790298462,0.4578793314648769,-0.017905762459038445,0.36690888250128467,0.06619497707038788,0.4261997853003099,100,100,0.044791825115680695,0.04074303060770035,0,7.394922494888306
17.95623803138733,0.4578793314648769,-0.017905762459038445,0.36690888250128467,0.06619497707038788,0.4261997853003099,100,100,0.044791825115680695,0.04074303060770035,0,7.542747735977173
18.01241397857666,0.4578793314648769,-0.017905762459038445,0.36690888250128467,0.06619497707038788,0.4261997853003099,100,100,0.044791825115680695,0.04074303060770035,0,7.598923683166504
18.110151290893555,0.4614831157882017,-0.014105917615441213,0.36238249265883193,0.06619497707038788,0.4261997853003099,100,100,0.04531100019812584,0.04175832122564316,0,7.696660995483398
18.20385456085205,0.4731064252012474,-0.0016140597020149901,0.34805352032686204,0.06619497707038788,0.4261997853003099,100,100,0.04524840787053108,0.038767289370298386,0,7.7903642654418945
18.316208839416504,0.4738627054615787,-0.0007876318840498294,0.3471344737674013,0.06619497707038788,0.4261997853003099,100,100,0.04558662697672844,0.03825575113296509,0,7.902718544006348
18.401570796966553,0.47814224631291585,0.0039073038848660745,0.3420062887471828,0.06609846391181615,0.4261127444134816,100,100,0.046093206852674484,0.03804885223507881,0,7.9880805015563965
18.508042335510254,0.48215772422121345,0.008377996448238736,0.3373159901343457,0.06609846391181615,0.4261127444134816,100,100,0.04610305279493332,0.03490731492638588,0,8.094552040100098
18.60308003425598,0.4845391339968153,0.011053377835154105,0.3345125695706881,0.06609846391181615,0.4261127444134816,100,100,0.045816563069820404,0.031687602400779724,0,8.189589738845825
18.701164960861206,0.4865805435824204,0.013354877878234028,0.3321502507405404,0.06609846391181615,0.4261127444134816,100,100,0.04571682959794998,0.031250759959220886,0,8.28767466545105
18.802732467651367,0.4916985632328875,0.019181368434131204,0.3263008285922395,0.06609846391181615,0.4261127444134816,100,100,0.046276357024908066,0.03185368701815605,0,8.389242172241211
18.90206480026245,0.49255572043736073,0.020661617490438954,0.3253324604145662,0.06609846391181615,0.4261127444134816,100,100,0.046662960201501846,0.030620437115430832,0,8.488574504852295
19.00056004524231,0.48938635430604677,0.01810190250986034,0.3288717843060371,0.06609846391181615,0.4261127444134816,100,100,0.047118622809648514,0.03101559355854988,0,8.587069749832153
19.10186243057251,0.4890713656977242,0.017848028495512626,0.32922521315755215,0.06609846391181615,0.4261127444134816,100,100,0.047455184161663055,0.030474860221147537,0,8.688372135162354
19.21054434776306,0.4928960093013438,0.02299012203390334,0.32492372382126455,0.06609846391181615,0.4261127444134816,100,100,0.048303741961717606,0.028358623385429382,0,8.797054052352905
19.302857160568237,0.4956961190537845,0.026263564829740994,0.32188556008381725,0.06609846391181615,0.4261127444134816,100,100,0.048661768436431885,0.02263510227203369,0,8.889366865158081
19.40124750137329,0.4986493526474702,0.029729334723328595,0.31863706097439726,0.06613405314018736,0.4261424761957513,100,100,0.04844459518790245,0.020630376413464546,0,8.987757205963135
19.508349418640137,0.5025788652517363,0.034369781876601745,0.3144731153786057,0.06613405314018736,0.4261424761957513,100,100,0.04818161204457283,0.0201999731361866,0,9.09485912322998
19.60222101211548,0.5038021415003692,0.035820757000771905,0.3130869358521081,0.06613405314018736,0.4261424761957513,100,100,0.04877008497714996,0.02557673677802086,0,9.188730716705322
19.70515727996826,0.5080285111219187,0.04084279296359973,0.30864112446629854,0.06613405314018736,0.4261424761957513,100,100,0.0489497184753418,0.027155816555023193,0,9.291666984558105
19.8118953704834,0.5111804450482813,0.044610655044872785,0.3053841632592305,0.06613405314018736,0.4261424761957513,100,100,0.04942242428660393,0.029029780998826027,0,9.398405075073242
19.906503915786743,0.5149272997856105,0.04911103050922928,0.301747738739456,0.06613405314018736,0.4261424761957513,100,100,0.049964990466833115,0.02854914404451847,0,9.493013620376587
20.004323720932007,0.5185498476338664,0.05350756942190499,0.298277219085041,0.06613405314018736,0.4261424761957513,100,100,0.050570048391819,0.024199461564421654,0,9.59083342552185
20.10679578781128,0.5211120576611635,0.05663086628738564,0.2958195512468369,0.06613405314018736,0.4261424761957513,100,100,0.050743766129016876,0.019662784412503242,0,9.693305492401123
20.20661163330078,0.524804753494652,0.06116494569665214,0.2924679165984172,0.06613405314018736,0.4261424761957513,100,100,0.05053699389100075,0.014897452667355537,0,9.793121337890625
20.301127672195435,0.527957314525543,0.0650524346274988,0.28942049519089774,0.06613405314018736,0.4261424761957513,100,100,0.050248488783836365,0.010375895537436008,0,9.887637376785278
20.410337209701538,0.5311410784094343,0.06899095317496753,0.28659133722528474,0.06539613727341914,0.4254786307142248,100,100,0.05009608343243599,0.01132057886570692,0,9.996846914291382
20.50472378730774,0.5339451034713126,0.07246952383108125,0.2839644381865491,0.06539613727341914,0.4254786307142248,100,100,0.05001651868224144,0.013106661848723888,0,10.091233491897583
20.606804609298706,0.5374248469251414,0.07679823142596248,0.28116086074883223,0.06539613727341914,0.4254786307142248,100,100,0.04957214370369911,0.0025671024341136217,0,10.19331431388855
20.70489239692688,0.5391087752957511,0.0789033359215622,0.27971208736869024,0.06539613727341914,0.4254786307142248,100,100,0.048777561634778976,-0.011178173124790192,0,10.291402101516724
20.80898380279541,0.5415785502182032,0.08198958350581585,0.27743682646920775,0.06539613727341914,0.4254786307142248,100,100,0.04783023148775101,-0.020955082029104233,0,10.395493507385254
20.900584936141968,0.5448116519568917,0.08603003767561412,0.2746394266051373,0.06539613727341914,0.4254786307142248,100,100,0.047411948442459106,-0.025644447654485703,0,10.487094640731812
21.00812554359436,0.5495449698348485,0.0911723326125174,0.2707292841220134,0.06539613727341914,0.4254786307142248,100,100,0.04653894156217575,-0.03931431844830513,0,10.594635248184204
21.101269960403442,0.5526298748462438,0.09502890122186006,0.26784227970305596,0.06539613727341914,0.4254786307142248,100,100,0.04626007005572319,-0.04170724377036095,0,10.687779664993286
21.204896926879883,0.5548100942370644,0.09774288604843892,0.26583281215354304,0.06539613727341914,0.4254786307142248,100,99,0.04601205140352249,-0.04387044534087181,0,10.791406631469727
21.30661106109619,0.556982759306462,0.10043807487418929,0.2638418685491022,0.06539613727341914,0.4254786307142248,100,99,0.04612797871232033,-0.047411538660526276,0,10.893120765686035
21.40156364440918,0.5613911749822971,0.10584912353663703,0.25958200002331183,0.06539613727341914,0.4254786307142248,100,99,0.04600471630692482,-0.051600195467472076,0,10.988073348999023
21.506170988082886,0.5646209107882407,0.10977162589763863,0.2561289306268034,0.06634535926022522,0.42613489424687423,100,99,0.04573837295174599,-0.05388591066002846,0,11.09268069267273
21.60026454925537,0.5675912163825665,0.11332801106048587,0.2532782232838206,0.06634535926022522,0.42613489424687423,100,99,0.04650544375181198,-0.04305219650268555,0,11.186774253845215
21.70408296585083,0.5705360765981067,0.11683278425273039,0.2506445750459914,0.06634535926022522,0.42613489424687423,100,99,0.0473131388425827,-0.032700590789318085,0,11.290592670440674
21.8079993724823,0.5732752758024137,0.12006795583369653,0.2481604341261142,0.06634535926022522,0.42613489424687423,100,99,0.04801446199417114,-0.025025218725204468,0,11.394509077072144
21.90442991256714,0.5764936398651939,0.12384128311760631,0.24549455941711582,0.06634535926022522,0.42613489424687423,100,99,0.04827364534139633,-0.01949128694832325,0,11.490939617156982
22.006096363067627,0.5791706992848281,0.1269714233516251,0.24349674915032685,0.06634535926022522,0.42613489424687423,100,99,0.04836791753768921,-0.01848876290023327,0,11.59260606765747
22.101463317871094,0.5826072888307963,0.13097332542473847,0.24071989463644308,0.06634535926022522,0.42613489424687423,100,99,0.048443861305713654,-0.018062468618154526,0,11.687973022460938
22.202194213867188,0.585766488371838,0.13464082225168936,0.23869319388484664,0.06634535926022522,0.42613489424687423,100,99,0.04879002645611763,-0.017263423651456833,0,11.788703918457031
22.308327198028564,0.5892593052511899,0.13867955901601797,0.23586141602574867,0.06634535926022522,0.42613489424687423,100,99,0.049298498779535294,-0.016344396397471428,0,11.894836902618408
22.4014573097229,0.5918695655723842,0.14168568135157383,0.23436849781121222,0.06634535926022522,0.42613489424687423,100,99,0.04940910264849663,-0.017056657001376152,0,11.987967014312744
22.504138708114624,0.595392631170467,0.14573693775703941,0.23177023301264293,0.06626705826426871,0.4260642575703026,100,99,0.049297332763671875,-0.024552255868911743,0,12.090648412704468
22.604307413101196,0.5983411246448809,0.14910715533997118,0.23001635705363593,0.06626705826426871,0.4260642575703026,100,99,0.04908447712659836,-0.026878900825977325,0,12.19081711769104
22.703539848327637,0.6007649697140145,0.1518735758921603,0.22842411859972936,0.06626705826426871,0.4260642575703026,100,99,0.04799771308898926,-0.031418655067682266,0,12.29004955291748
22.801052808761597,0.6054465222276659,0.15718024092832844,0.22531869901472654,0.06626705826426871,0.4260642575703026,100,99,0.04760051146149635,-0.031509824097156525,0,12.38756251335144
22.902485132217407,0.6084439612622335,0.1625800270597499,0.22406601879178317,0.06626705826426871,0.4260642575703026,100,99,0.0472739115357399,-0.03586327284574509,0,12.488994836807251
23.007696390151978,0.6118440362825505,0.17427156720672463,0.2252943285736622,0.06626705826426871,0.4260642575703026,100,99,0.047188494354486465,-0.04598965123295784,0,12.594206094741821
23.102302074432373,0.6149807343219146,0.17774095115327773,0.2229755913953209,0.06626705826426871,0.4260642575703026,100,99,0.04589049518108368,-0.05868229269981384,0,12.688811779022217
23.207537412643433,0.6181169227407695,0.18118635945802605,0.22096774747563472,0.06626705826426871,0.4260642575703026,100,99,0.04509328305721283,-0.06502224504947662,0,12.794047117233276
23.300305366516113,0.6211861777859858,0.18450828932624486,0.21801325164395224,0.06626705826426871,0.4260642575703026,100,99,0.04439058527350426,-0.06989065557718277,0,12.886815071105957
23.403696060180664,0.6240894521916495,0.18759946806820024,0.21558203813128585,0.06626705826426871,0.4260642575703026,100,99,0.04401352256536484,-0.07697637379169464,0,12.990205764770508
23.53144598007202,0.6251421881500818,0.18871073389067922,0.21480392114317634,0.0574547001235968,0.4171032130440734,100,99,0.043738532811403275,-0.08047159761190414,0,13.117955684661865
23.60349130630493,0.6251421881500818,0.18871073389067922,0.21480392114317634,0.0574547001235968,0.4171032130440734,100,99,0.04335765913128853,-0.08593656122684479,0,13.190001010894775
23.70224618911743,0.6332595429748635,0.1970816072855174,0.2070400984795815,0.0574547001235968,0.4171032130440734,100,99,0.043292511254549026,-0.09530653059482574,0,13.288755893707275
23.808745622634888,0.6332595429748635,0.1970816072855174,0.2070400984795815,0.0574547001235968,0.4171032130440734,100,99,0.043292511254549026,-0.09530653059482574,0,13.395255327224731
23.908106088638306,0.6332595429748635,0.1970816072855174,0.2070400984795815,0.0574547001235968,0.4171032130440734,100,99,0.044094815850257874,-0.11285984516143799,0,13.49461579322815
24.00227117538452,0.6350775946377174,0.19888797439321848,0.2045718697431117,0.0574547001235968,0.4171032130440734,100,99,0.04449416324496269,-0.11997245252132416,0,13.588780879974365
24.10088872909546,0.6383232888243694,0.20205994931840573,0.2017538605877374,0.0574547001235968,0.4171032130440734,100,99,0.044754914939403534,-0.1240687221288681,0,13.687398433685303
24.2042293548584,0.6385754255353764,0.2115792950937761,0.1961725273628937,0.0574547001235968,0.4171032130440734,100,99,0.04550344496965408,-0.13106733560562134,0,13.790739059448242
24.304267168045044,0.6422052508970626,0.2146720441433748,0.19072054278938766,0.0574547001235968,0.4171032130440734,100,99,0.0454961359500885,-0.13056762516498566,0,13.890776872634888
24.40986156463623,0.6422052508970626,0.2146720441433748,0.19072054278938766,0.0574547001235968,0.4171032130440734,100,99,0.045702122151851654,-0.12900888919830322,0,13.996371269226074
24.510383129119873,0.6448355158323452,0.21683171450957603,0.18703914420590262,0.0574547001235968,0.4171032130440734,100,99,0.04561040922999382,-0.1214328408241272,0,14.096892833709717
24.62261462211609,0.6453940510939493,0.21728413571249877,0.18644415146821133,0.05952376759261535,0.41890825684036465,100,99,0.04561040922999382,-0.1214328408241272,0,14.209124326705933
24.701905965805054,0.6453940510939493,0.21728413571249877,0.18644415146821133,0.05952376759261535,0.41890825684036465,100,99,0.04561040922999382,-0.1214328408241272,0,14.288415670394897
24.806055068969727,0.6513603796305111,0.22198734577926615,0.17916505947782801,0.05952376759261535,0.41890825684036465,100,99,0.046211834996938705,-0.09555599093437195,0,14.39256477355957
24.900283098220825,0.655115667800836,0.2248102689481678,0.17410142949434781,0.05952376759261535,0.41890825684036465,100,99,0.044798895716667175,-0.05687263607978821,0,14.486792802810669
25.003303050994873,0.6761614539741881,0.24999010894661808,0.16398107855329064,0.05952376759261535,0.41890825684036465,100,99,0.044579192996025085,-0.04749267175793648,0,14.589812755584717
25.10466718673706,0.6815217906795037,0.2553034044471277,0.16188358411043052,0.05952376759261535,0.41890825684036465,100,99,0.04237080365419388,-0.04242487996816635,0,14.691176891326904
25.2021701335907,0.6860878317992107,0.2582841104702708,0.1584640478063421,0.05952376759261535,0.41890825684036465,100,99,0.038667697459459305,-0.04161907732486725,0,14.788679838180542
25.303210973739624,0.6897522246396572,0.26064627005865343,0.1567933723804916,0.05952376759261535,0.41890825684036465,100,99,0.03718159347772598,-0.03906289488077164,0,14.889720678329468
25.401671171188354,0.692310115695676,0.26227734575718087,0.154757089008889,0.05952376759261535,0.41890825684036465,100,99,0.03598006069660187,-0.03809129819273949,0,14.988180875778198
25.50368881225586,0.6954509974068729,0.2642541503226724,0.15233085975579091,0.05952376759261535,0.41890825684036465,100,99,0.034295737743377686,-0.03144280984997749,0,15.090198516845703
25.606388092041016,0.6989860746201515,0.26644068124712605,0.15050344110095965,0.05952580562652965,0.4189104753183737,100,99,0.03253636136651039,-0.02304610051214695,0,15.19289779663086
25.700464487075806,0.7014748989327275,0.2679724033517798,0.1494322321936856,0.05952580562652965,0.4189104753183737,100,99,0.031624678522348404,-0.013969975523650646,0,15.28697419166565
25.805983781814575,0.7044592801183225,0.2697899998242856,0.14756599972508705,0.05952580562652965,0.4189104753183737,100,99,0.031902462244033813,-0.010462124831974506,0,15.392493486404419
25.90189814567566,0.7061857803075173,0.2708335835265421,0.14677297308206627,0.05952580562652965,0.4189104753183737,100,99,0.03189144656062126,-0.00146486796438694,0,15.488407850265503
26.007086515426636,0.7084952400622853,0.2722254211695469,0.14615355897807308,0.05952580562652965,0.4189104753183737,100,99,0.03138472139835358,0.002213504398241639,0,15.59359622001648
26.10138440132141,0.7023025693677147,0.2652456978287832,0.1445892035119479,0.05952580562652965,0.4189104753183737,100,99,0.030126003548502922,0.006899918429553509,0,15.687894105911255
26.203666925430298,0.7046264213868153,0.2666355953547979,0.14386692201880194,0.05952580562652965,0.4189104753183737,100,99,0.028095360845327377,0.012670015916228294,0,15.790176630020142
26.300856351852417,0.7072542305484265,0.26820603584415154,0.14328092550915258,0.05952580562652965,0.4189104753183737,100,99,0.02759004943072796,0.015638280659914017,0,15.88736605644226
26.403342247009277,0.7092751559706062,0.2694189367399781,0.14347581108256516,0.05952580562652965,0.4189104753183737,100,99,0.025948546826839447,0.021507279947400093,0,15.989851951599121
26.50441813468933,0.7112303977524891,0.27059682980947697,0.14314519592791514,0.05952580562652965,0.4189104753183737,100,99,0.02531372383236885,0.023028496652841568,0,16.090927839279175
26.60415768623352,0.713893334573123,0.2722022369118915,0.1428612337162965,0.05952580562652965,0.4189104753183737,100,99,0.02412720024585724,0.029169578105211258,0,16.190667390823364
26.701967000961304,0.7154708534960056,0.2731559239517708,0.14300459980827895,0.05952580562652965,0.4189104753183737,100,99,0.023348508402705193,0.03336422145366669,0,16.288476705551147
26.80391502380371,0.7181841838582491,0.2748104842756873,0.14425224448961624,0.05952580562652965,0.4189104753183737,100,99,0.021634472534060478,0.04557124525308609,0,16.390424728393555
26.90393328666687,0.7193670695167569,0.2755417654580492,0.1454293987206329,0.05952580562652965,0.4189104753183737,100,99,0.0207242239266634,0.05008716136217117,0,16.490442991256714
27.004673719406128,0.7216316442553415,0.2769640125515536,0.14769754962722884,0.05952580562652965,0.4189104753183737,100,99,0.01912660337984562,0.055859245359897614,0,16.59118342399597
27.10334300994873,0.722603355710257,0.27758819984571,0.1501084133175903,0.05952580562652965,0.4189104753183737,100,99,0.017631854861974716,0.05717316269874573,0,16.689852714538574
27.207816123962402,0.7236657434298557,0.27828470877261224,0.15213703792645641,0.05952580562652965,0.4189104753183737,100,99,0.016457747668027878,0.057430677115917206,0,16.794325828552246
27.30319595336914,0.7253531530399865,0.27941810680557466,0.1556927116498981,0.05952580562652965,0.4189104753183737,100,99,0.015434302389621735,0.0541817881166935,0,16.889705657958984
27.405466556549072,0.7263612251191462,0.2801122220710739,0.15763927585528562,0.05952580562652965,0.4189104753183737,100,99,0.01520358957350254,0.05362587422132492,0,16.991976261138916
27.509197473526,0.727371217666905,0.2808207643617299,0.15981792178937385,0.05952580562652965,0.4189104753183737,100,99,0.013878324069082737,0.05343569070100784,0,17.095707178115845
27.60282063484192,0.728241305833092,0.2814420896457891,0.16160029537986045,0.05952580562652965,0.4189104753183737,100,99,0.013520943000912666,0.053460169583559036,0,17.189330339431763
27.703067541122437,0.728806541652437,0.2818514979909734,0.162768421330343,0.05637841184399439,0.4161256964381043,100,99,0.013149341568350792,0.0534675307571888,0,17.28957724571228
27.80200719833374,0.7298062439818305,0.28258571273228666,0.16458625358661863,0.05637841184399439,0.4161256964381043,100,99,0.012981844134628773,0.05298837274312973,0,17.388516902923584
27.901915788650513,0.7314972813001313,0.2838584824930228,0.167969094427505,0.05637841184399439,0.4161256964381043,100,99,0.01342170313000679,0.04950607940554619,0,17.488425493240356
28.005101680755615,0.7322590474728958,0.2844455358231451,0.1694597098491943,0.05637841184399439,0.4161256964381043,100,99,0.013241391628980637,0.04926621541380882,0,17.59161138534546
28.103087186813354,0.7334488948373619,0.2853810376831847,0.17173999291243383,0.05637841184399439,0.4161256964381043,100,99,0.012551247142255306,0.049253009259700775,0,17.6895968914032
28.200751304626465,0.7343469049112133,0.28609983069820727,0.173188661838074,0.05637841184399439,0.4161256964381043,100,99,0.011606281623244286,0.04939348250627518,0,17.78726100921631
28.310929775238037,0.7345622899635396,0.2862738749249704,0.17356525531701292,0.05637841184399439,0.4161256964381043,100,99,0.01107991673052311,0.050044313073158264,0,17.89743947982788
28.40257167816162,0.7353322372549715,0.2869015051324356,0.1750099217065593,0.05637841184399439,0.4161256964381043,100,99,0.01020601112395525,0.051095325499773026,0,17.989081382751465
28.50946307182312,0.736194044045362,0.28896681303648947,0.1772744424298123,0.05637841184399439,0.4161256964381043,100,99,0.009821205399930477,0.051901500672101974,0,18.095972776412964
28.60465168952942,0.7370560803625367,0.2896894107730969,0.1785243784847638,0.05637841184399439,0.4161256964381043,100,99,0.008983869105577469,0.05461161583662033,0,18.191161394119263
28.702960729599,0.737794646193794,0.2903164753603837,0.17971033034312986,0.05637841184399439,0.4161256964381043,100,99,0.007591618690639734,0.058295175433158875,0,18.289470434188843
28.801271677017212,0.7385774774248149,0.29099066746291824,0.18116411438991167,0.05637841184399439,0.4161256964381043,100,99,0.007104870863258839,0.06007876619696617,0,18.387781381607056
28.909525632858276,0.7392724339332503,0.2915973787890954,0.18220777280828462,0.05637841184399439,0.4161256964381043,100,99,0.006192821078002453,0.061819471418857574,0,18.49603533744812
29.001884698867798,0.7395708794445525,0.2918601696954704,0.18262965214657126,0.05637841184399439,0.4161256964381043,100,99,0.005234444979578257,0.06305525451898575,0,18.58839440345764
29.102474689483643,0.7402238203514875,0.2924397348271802,0.18375181002248478,0.05637841184399439,0.4161256964381043,100,99,0.004538878798484802,0.06380227208137512,0,18.688984394073486
29.20493483543396,0.7412493753359475,0.2933642436896482,0.18519091293702358,0.05637841184399439,0.4161256964381043,100,99,0.0037733265198767185,0.0642695352435112,0,18.791444540023804
29.30296564102173,0.7420473170350111,0.2940965917826566,0.18686000120420124,0.05637841184399439,0.4161256964381043,100,99,0.0029647580813616514,0.06395547091960907,0,18.889475345611572
29.402111053466797,0.7423705554733148,0.2943988383869605,0.18791222103669705,0.05637841184399439,0.4161256964381043,100,99,0.002130518900230527,0.06348606199026108,0,18.98862075805664
29.503171682357788,0.7427798198149721,0.2947868297125064,0.1892940889374625,0.05637841184399439,0.4161256964381043,100,99,0.0015875325771048665,0.06265169382095337,0,19.089681386947632
29.601739168167114,0.7429012581280309,0.2949032137412989,0.1897428433207025,0.05637841184399439,0.4161256964381043,100,99,0.0012151121627539396,0.061808060854673386,0,19.188248872756958
29.702292442321777,0.7432055650961471,0.29519834392312294,0.19117460868278133,0.05637841184399439,0.4161256964381043,100,99,0.0009414879605174065,0.06098705157637596,0,19.28880214691162
29.80188298225403,0.7434347864517015,0.29542372418457596,0.1919539414476055,0.05637841184399439,0.4161256964381043,100,99,0.0008238432928919792,0.059154920279979706,0,19.388392686843872
29.902355432510376,0.7436226188454721,0.295610321573727,0.19263933872062713,0.05637841184399439,0.4161256964381043,100,99,0.0006882086163386703,0.05676373839378357,0,19.48886513710022
30.00171208381653,0.7437028969942296,0.2956905754456385,0.19298611012591463,0.05637841184399439,0.4161256964381043,100,99,0.0005829688161611557,0.05376514792442322,0,19.588221788406372
30.102466583251953,0.7438607141336321,0.29584984395475583,0.1944403056844818,0.05637841184399439,0.4161256964381043,100,99,0.0004217103123664856,0.04967357590794563,0,19.688976287841797
30.204005479812622,0.7439365695295751,0.2959278312773994,0.19548687067960743,0.05637841184399439,0.4161256964381043,100,99,0.00033119041472673416,0.04845951497554779,0,19.790515184402466
30.308871030807495,0.7439892839403831,0.2959826516067769,0.19640106589758302,0.05637841184399439,0.4161256964381043,100,99,0.00022001253091730177,0.04611896723508835,0,19.89538073539734
30.407409191131592,0.7440592483192829,0.2960562200983145,0.19705235382267308,0.05637841184399439,0.4161256964381043,100,99,0.00018473112140782177,0.042917437851428986,0,19.993918895721436
30.502066373825073,0.7443333731826778,0.29634551730398057,0.19723046117835,0.05637841184399439,0.4161256964381043,100,99,0.00018762949912343174,0.04107601195573807,0,20.088576078414917
30.6041738986969,0.74446610805095,0.29648843486020454,0.19722281795023497,0.05637841184399439,0.4161256964381043,100,99,-0.0036158221773803234,-0.008555578999221325,0,20.190683603286743
30.70192861557007,0.7444655660304312,0.2964877540352414,0.19720688381763976,0.05637841184399439,0.4161256964381043,100,99,-0.0055792247876524925,-0.06216983497142792,0,20.288438320159912
30.800605535507202,0.7442560544721823,0.29626632693901356,0.19695386765185566,0.05637841184399439,0.4161256964381043,100,99,-0.005824645981192589,-0.10959707200527191,0,20.387115240097046
30.914228200912476,0.7436872683435001,0.29566901420728287,0.19549421445675377,0.05637841184399439,0.4161256964381043,100,99,-0.005862908903509378,-0.12852789461612701,0,20.50073790550232
31.00010919570923,0.7432439262244656,0.29521688194771,0.1925818666141995,0.05637841184399439,0.4161256964381043,100,99,-0.0021353093907237053,-0.109958715736866,0,20.586618900299072
31.102004766464233,0.7428971528865496,0.2948756264769858,0.19070928231725523,0.05637841184399439,0.4161256964381043,100,99,0.0010977743659168482,-0.0690682977437973,0,20.688514471054077
31.202484130859375,0.742872537311293,0.2948519720895822,0.18927203903823134,0.05637841184399439,0.4161256964381043,100,99,0.0013694249792024493,-0.059758707880973816,0,20.78899383544922
31.309099197387695,0.7429902830822601,0.29496379977758413,0.18813164608250535,0.05637841184399439,0.4161256964381043,100,99,0.0012093972181901336,-0.04431097209453583,0,20.89560890197754
31.406972408294678,0.7430457507270746,0.29501605212345294,0.18799791229642246,0.05637841184399439,0.4161256964381043,100,99,0.000969846558291465,-0.030178848654031754,0,20.99348211288452
31.5048611164093,0.7433470249475187,0.29529949102576786,0.18795145305105207,0.05637841184399439,0.4161256964381043,100,99,0.0009541605249978602,-0.015608335845172405,0,21.091370820999146
31.600826025009155,0.743345744534691,0.29529828959441495,0.1879665399601498,0.05637841184399439,0.4161256964381043,100,99,0.000826715084258467,-0.001013051951304078,0,21.187335729599
31.701920747756958,0.7433450409760476,0.2952976243424772,0.18795855909198214,0.05637841184399439,0.4161256964381043,100,99,0.000687732535880059,0.012735008262097836,0,21.2884304523468
31.801952600479126,0.7433468509875895,0.2952993205287917,0.1879592900945313,0.05637841184399439,0.4161256964381043,100,99,0.0006476485868915915,0.02386685460805893,0,21.38846230506897
31.901352643966675,0.7433465522555396,0.2952990347795156,0.1879703998046023,0.05637841184399439,0.4161256964381043,100,99,0.0005629376391880214,0.03209657967090607,0,21.48786234855652
32.00590372085571,0.7433455901058253,0.2952981262069629,0.1879806727140841,0.05637841184399439,0.4161256964381043,100,99,0.0004799049929715693,0.04114358499646187,0,21.592413425445557
32.1036331653595,0.7433466500438193,0.2952991193914789,0.18799681013709588,0.05637841184399439,0.4161256964381043,100,99,0.0004666165041271597,0.04362596198916435,0,21.69014286994934
32.21282601356506,0.7433786340692786,0.2953292184046565,0.18813585829321747,0.05637841184399439,0.4161256964381043,100,99,0.00044581168913282454,0.047239724546670914,0,21.799335718154907
32.30280590057373,0.7436009954456927,0.2955390549627313,0.18850641586324865,0.05637841184399439,0.4161256964381043,100,99,0.0003952329861931503,0.04933592304587364,0,21.889315605163574
32.40313673019409,0.7436751000772558,0.2956093392651663,0.18876792773032716,0.05637841184399439,0.4161256964381043,100,99,0.00017525935254525393,0.05043681710958481,0,21.989646434783936
32.502177476882935,0.743821039789402,0.2957486692709421,0.1895777603126527,0.05637841184399439,0.4161256964381043,100,99,-0.00015100775635801256,0.051205165684223175,0,22.08868718147278
32.60281848907471,0.743924084365212,0.29584794085465677,0.19018109310506096,0.05637841184399439,0.4161256964381043,100,99,-0.00035870051942765713,0.05157860741019249,0,22.18932819366455
32.701985120773315,0.7439654524119076,0.29588814239612216,0.19088144123755854,0.05637841184399439,0.4161256964381043,100,99,-0.0004382758925203234,0.052104637026786804,0,22.28849482536316
32.80134391784668,0.7439491148957682,0.29587218726308934,0.19142853738877977,0.05637841184399439,0.4161256964381043,100,99,-0.00041458531632088125,0.052492935210466385,0,22.387853622436523
32.90433883666992,0.7439053529476762,0.29582907329116825,0.19189695915008956,0.05637841184399439,0.4161256964381043,100,99,-0.0003058723814319819,0.05299058184027672,0,22.490848541259766
33.00014114379883,0.7438625416560166,0.2957864471768016,0.19300041654869562,0.05637841184399439,0.4161256964381043,100,99,-0.00022045528749004006,0.05275760591030121,0,22.586650848388672
33.10423398017883,0.7438086685606131,0.2957320192190502,0.19402063969534025,0.05637841184399439,0.4161256964381043,100,99,-0.00010173005284741521,0.051756296306848526,0,22.690743684768677
33.209670066833496,0.7437676515184911,0.2956899703654596,0.1950129615217083,0.05637841184399439,0.4161256964381043,100,99,0.00011573008669074625,0.04927096515893936,0,22.79617977142334
33.31668210029602,0.7437441134097525,0.2956654548635427,0.19596955701924287,0.05637841184399439,0.4161256964381043,100,99,0.00023318173771258444,0.047944117337465286,0,22.903191804885864
33.40606069564819,0.743737610612786,0.2956586186801864,0.19630156837926535,0.05637841184399439,0.4161256964381043,100,99,0.0003786222659982741,0.04487062990665436,0,22.992570400238037
33.50115895271301,0.7437103100409691,0.2956296608122239,0.19741552580082525,0.05637841184399439,0.4161256964381043,100,99,0.0004966113483533263,0.04264964908361435,0,23.087668657302856
33.602067708969116,0.744152885014229,0.2961023880568199,0.1977287601406528,0.05637841184399439,0.4161256964381043,100,99,-0.001511222799308598,0.018649663776159286,0,23.18857741355896
33.7049355506897,0.744116330318174,0.2960637266110596,0.19773235880102316,0.05637841184399439,0.4161256964381043,100,99,-0.004951609764248133,-0.06000607833266258,0,23.29144525527954
33.80646085739136,0.7439928805772013,0.2959319679228609,0.19754690470242878,0.05637841184399439,0.4161256964381043,100,99,-0.00533597357571125,-0.10661084204912186,0,23.3929705619812
33.925371170043945,0.7434626188174887,0.29536963376571146,0.19609963874490108,0.05637841184399439,0.4161256964381043,100,99,-0.0054283663630485535,-0.14209212362766266,0,23.51188087463379
34.00661492347717,0.7430512017959442,0.29494526998389536,0.1934570226811638,0.05637841184399439,0.4161256964381043,100,99,-0.0017979878466576338,-0.12206700444221497,0,23.593124628067017
34.10157918930054,0.7429096970751708,0.2948043632973377,0.19174066181758884,0.05637841184399439,0.4161256964381043,100,99,0.0006177423056215048,-0.09123222529888153,0,23.68808889389038
34.20192074775696,0.7427722812509421,0.2946706018167021,0.1893264397882579,0.05637841184399439,0.4161256964381043,100,99,0.0013730482896789908,-0.06903429329395294,0,23.7884304523468
34.3017213344574,0.7428434539464502,0.2947385851864973,0.1883291742447009,0.05637841184399439,0.4161256964381043,100,99,0.0013944613747298717,-0.06058724969625473,0,23.88823103904724
34.40465521812439,0.7430199994445595,0.29490423856284087,0.18699493044087886,0.05637841184399439,0.4161256964381043,100,99,0.0010833879932761192,-0.038956157863140106,0,23.991164922714233
34.502527713775635,0.743136602702346,0.2950127039511488,0.18700934658898236,0.05637841184399439,0.4161256964381043,100,99,0.0008772274013608694,-0.023074312135577202,0,24.08903741836548
34.60193586349487,0.7431069639801182,0.2949849620296667,0.18701133461173278,0.05637841184399439,0.4161256964381043,100,99,0.0007130532176233828,-0.0075088501907885075,0,24.188445568084717
34.704911947250366,0.743106850028533,0.2949848551849803,0.1870104096192736,0.05637841184399439,0.4161256964381043,100,99,0.0008041627588681877,0.005556522868573666,0,24.29142165184021
34.8027286529541,0.7431069069799763,0.2949849095836693,0.18699727237747357,0.05637841184399439,0.4161256964381043,100,99,0.0008299627806991339,0.01777508296072483,0,24.389238357543945
34.901599645614624,0.7431068976804343,0.29498490131095906,0.18700545536439014,0.05637841184399439,0.4161256964381043,100,99,0.000823956448584795,0.02876783162355423,0,24.488109350204468
35.00169277191162,0.7431067482244893,0.29498476338129054,0.18700333546222045,0.056324780298513594,0.41607720924726616,100,99,0.0007877747411839664,0.0371234305202961,0,24.588202476501465
35.103047370910645,0.7431068808781597,0.2949848879538819,0.18702385098733246,0.056324780298513594,0.41607720924726616,100,99,0.0006414859672077,0.042457494884729385,0,24.68955707550049
35.20184111595154,0.7431468871281466,0.29502217809704917,0.18712532996059064,0.056324780298513594,0.41607720924726616,100,99,0.0005713802529498935,0.044080737978219986,0,24.788350820541382
35.30334830284119,0.7433355021509926,0.2951982946872855,0.1874644127017108,0.056324780298513594,0.41607720924726616,100,99,0.0004921842482872307,0.04645112156867981,0,24.88985800743103
35.40209341049194,0.7436360216687304,0.2954801748641053,0.18787908825040764,0.056324780298513594,0.41607720924726616,100,99,0.00028572470182552934,0.04922784864902496,0,24.988603115081787
35.50415849685669,0.7437457972902057,0.2955834878844287,0.18804385902411877,0.056324780298513594,0.41607720924726616,100,99,-9.730356396175921e-05,0.05149005725979805,0,25.090668201446533
35.602322816848755,0.7439715597477654,0.29579713963235915,0.1888399529955788,0.056324780298513594,0.41607720924726616,100,99,-0.0005454793572425842,0.05360709875822067,0,25.1888325214386
35.70876097679138,0.7440302160268546,0.29585311165915124,0.1893282875230188,0.056324780298513594,0.41607720924726616,100,99,-0.0007589163724333048,0.05474218726158142,0,25.295270681381226
35.802194595336914,0.7440474191737677,0.2958696158272382,0.19034715828191381,0.056324780298513594,0.41607720924726616,100,99,-0.000792446662671864,0.055130183696746826,0,25.388704299926758
35.901920795440674,0.7439881268482308,0.295811814795556,0.19118516369583252,0.056324780298513594,0.41607720924726616,100,99,-0.0007244807202368975,0.056391600519418716,0,25.488430500030518
36.00208759307861,0.7439280611324552,0.29575263853088096,0.19191968055103617,0.05637841184399439,0.4161256964381043,100,99,-0.0005685391370207071,0.056812506169080734,0,25.588597297668457
36.102564334869385,0.7438745819921613,0.2956993210153435,0.1929751968737408,0.05637841184399439,0.4161256964381043,100,99,-0.0002949294284917414,0.05626830458641052,0,25.68907403945923
36.20256972312927,0.7438290458189489,0.2956532508153555,0.19406445954785825,0.05637841184399439,0.4161256964381043,100,99,-6.360298721119761e-05,0.05417647212743759,0,25.789079427719116
36.300517320632935,0.7438290458189489,0.2956532508153555,0.19406445954785825,0.05637841184399439,0.4161256964381043,100,99,0.00015789839380886406,0.05108246952295303,0,25.88702702522278
36.409515142440796,0.7438290458189489,0.2956532508153555,0.19406445954785825,0.05637841184399439,0.4161256964381043,100,99,0.0003099465393461287,0.048072922974824905,0,25.99602484703064
36.5001015663147,0.743787691793501,0.2956104159870346,0.19631149762378433,0.05637841184399439,0.4161256964381043,100,99,0.0003858747659251094,0.04517185315489769,0,26.08661127090454
36.60205316543579,0.7440118484390277,0.29584947517575455,0.19765869180342563,0.05637841184399439,0.4161256964381043,100,99,-0.001608124584890902,0.01994248479604721,0,26.188562870025635
36.701313734054565,0.7443514394966625,0.29621401979086553,0.19777175460841953,0.05637841184399439,0.4161256964381043,100,99,-0.00446489779278636,-0.032422758638858795,0,26.28782343864441
36.80210328102112,0.7443701170361102,0.29623448411738057,0.19775885084798808,0.05637841184399439,0.4161256964381043,100,99,-0.005396273452788591,-0.08318589627742767,0,26.388612985610962
36.90246629714966,0.7438822907178875,0.2957132592864805,0.19692103578230122,0.05637841184399439,0.4161256964381043,100,99,-0.005631099920719862,-0.12378013134002686,0,26.488976001739502
37.001256227493286,0.7434822797739679,0.29529341142207904,0.1953083065266734,0.05637841184399439,0.4161256964381043,100,99,-0.003719175001606345,-0.13391917943954468,0,26.58776593208313
37.100497007369995,0.7430908668491522,0.2948938997109484,0.1927255983919646,0.05637841184399439,0.4161256964381043,100,99,-0.0005162476445548236,-0.10489502549171448,0,26.68700671195984
37.203800201416016,0.7428968709757263,0.2947037999512734,0.1901088739984869,0.05637841184399439,0.4161256964381043,100,99,0.001037930021993816,-0.07796551287174225,0,26.79030990600586
37.30304980278015,0.7428664777478616,0.2946747906989086,0.1889972494845831,0.05637841184399439,0.4161256964381043,100,99,0.0012294024927541614,-0.06842117011547089,0,26.889559507369995
37.400580644607544,0.7428898558189263,0.29469712591987973,0.1882701157460899,0.05637841184399439,0.4161256964381043,100,99,0.0012152325361967087,-0.05338750779628754,0,26.987090349197388
37.50293803215027,0.7430821743605447,0.2948770088573276,0.1865029816008407,0.05637841184399439,0.4161256964381043,100,99,0.0008161278674378991,-0.031799882650375366,0,27.089447736740112
37.602208375930786,0.7431422895220546,0.2949325180403146,0.1864824360583344,0.05637841184399439,0.4161256964381043,100,99,0.0005296858726069331,-0.015810944139957428,0,27.18871808052063
37.71011471748352,0.7431346283158998,0.29492533637066354,0.18647645324807013,0.05637841184399439,0.4161256964381043,100,99,0.0003588935942389071,-0.0009969358798116446,0,27.296624422073364
37.80219388008118,0.7431346766048144,0.29492537956155207,0.18647847949279564,0.05637841184399439,0.4161256964381043,100,99,0.0005002380348742008,0.01237386092543602,0,27.38870358467102
37.90704536437988,0.7431346916300032,0.2949253926615616,0.18647728017907403,0.05637841184399439,0.4161256964381043,100,99,0.0005952012143097818,0.024694642052054405,0,27.493555068969727
38.00217318534851,0.7431346781102423,0.29492537886035186,0.18648350231452607,0.05637841184399439,0.4161256964381043,100,99,0.0006071255193091929,0.03391476348042488,0,27.588682889938354
38.10594987869263,0.7431346934016113,0.2949253926292453,0.1864774593662312,0.05637841184399439,0.4161256964381043,100,99,0.0005649387603625655,0.04053017124533653,0,27.69245958328247
38.20173645019531,0.743134682965004,0.29492538192533396,0.18647555545919006,0.05637841184399439,0.4161256964381043,100,99,0.00042450136970728636,0.04511408135294914,0,27.788246154785156
38.3022563457489,0.7431349035805671,0.29492558581295286,0.1865517581154991,0.05637841184399439,0.4161256964381043,100,99,0.0003192032454535365,0.04799526184797287,0,27.888766050338745
38.40318298339844,0.7433883861040741,0.2951609937059803,0.18706601528726122,0.05637841184399439,0.4161256964381043,100,99,0.0002748663246165961,0.05014965310692787,0,27.98969268798828
38.5031635761261,0.7436036922360435,0.2953622997752633,0.18788662328893682,0.05637841184399439,0.4161256964381043,100,99,4.8828762373887e-05,0.051449015736579895,0,28.089673280715942
38.61204695701599,0.7437044955194575,0.29545751907839457,0.18852601769106073,0.05637841184399439,0.4161256964381043,100,99,-0.00017911256873048842,0.05271062254905701,0,28.198556661605835
38.70211338996887,0.7437633388270352,0.2955134719204683,0.18892165952535903,0.05637841184399439,0.4161256964381043,100,99,-0.000206624943530187,0.05399039015173912,0,28.288623094558716
38.80382323265076,0.7438097019039261,0.2955578536925464,0.1896482637284789,0.05637841184399439,0.4161256964381043,100,99,-0.00031251885229721665,0.05552755296230316,0,28.3903329372406
38.90552544593811,0.7437991483930396,0.29554768470626325,0.1903624600763318,0.05637841184399439,0.4161256964381043,100,99,-0.00025324837770313025,0.056480053812265396,0,28.492035150527954
39.008387327194214,0.7437672073602292,0.29551652249855076,0.19123938014437245,0.05637841184399439,0.4161256964381043,100,99,-0.00021755174384452403,0.056936636567115784,0,28.594897031784058
39.10022592544556,0.7437353561713338,0.29548494637480976,0.19244833581751145,0.056324780298513594,0.41607720924726616,100,99,-9.8217191407457e-05,0.057861898094415665,0,28.6867356300354
39.2033007144928,0.7437019883344278,0.2954514345310456,0.19350658065336,0.056324780298513594,0.41607720924726616,100,99,6.26390683464706e-05,0.057169005274772644,0,28.78981041908264
39.30248498916626,0.7436769977924617,0.29542590026044524,0.19477148405525255,0.056324780298513594,0.41607720924726616,100,99,0.00019976127077825367,0.055016446858644485,0,28.888994693756104
39.40302014350891,0.7436557140076913,0.2954038063204843,0.19592431044229222,0.056324780298513594,0.41607720924726616,100,99,0.00034848705399781466,0.05200115591287613,0,28.989529848098755
39.50289869308472,0.7436519056454217,0.2953997633236335,0.19654080646175867,0.056324780298513594,0.41607720924726616,100,99,0.0005068777245469391,0.04891485720872879,0,29.08940839767456
39.60177445411682,0.7436653740299944,0.2954140092772219,0.1973273535324326,0.056324780298513594,0.41607720924726616,100,99,0.0006015704711899161,0.045981552451848984,0,29.188284158706665
39.706058979034424,0.7437500310226214,0.29550453088753664,0.19768911365893185,0.056324780298513594,0.41607720924726616,100,99,-0.0014174578245729208,0.02078014798462391,0,29.292568683624268
39.80020499229431,0.7442091227280865,0.2959974407245939,0.1978117105888834,0.056324780298513594,0.41607720924726616,100,99,-0.004317407496273518,-0.031851284205913544,0,29.386714696884155
39.90260648727417,0.7441654980151818,0.29595102354079444,0.19777361540126578,0.056324780298513594,0.41607720924726616,100,99,-0.005340647418051958,-0.08287893980741501,0,29.489116191864014
40.00247764587402,0.7439217424226802,0.29568990730195155,0.197462686819006,0.056324780298513594,0.41607720924726616,100,99,-0.0054811169393360615,-0.12358643859624863,0,29.588987350463867
40.10414361953735,0.743308630020502,0.2950428755601925,0.19511422268424608,0.05637841184399439,0.4161256964381043,100,99,-0.005612524691969156,-0.1583302766084671,0,29.690653324127197
40.20687437057495,0.7428978025743656,0.2946256286687617,0.1920442714294925,0.05637841184399439,0.4161256964381043,100,99,-0.0036041629500687122,-0.15028692781925201,0,29.793384075164795
40.30280590057373,0.7426724704573159,0.294406908456388,0.18909492493814575,0.05637841184399439,0.4161256964381043,100,99,0.0003877213457599282,-0.10754036158323288,0,29.889315605163574
40.40218162536621,0.7426123100358222,0.2943502765547398,0.18679524052428567,0.05637841184399439,0.4161256964381043,100,99,0.0008310223347507417,-0.09471268206834793,0,29.988691329956055
40.50536608695984,0.7426835031565214,0.2944163070825483,0.18559437718964658,0.05637841184399439,0.4161256964381043,100,99,0.0008063293062150478,-0.06649910658597946,0,30.091875791549683
40.6026132106781,0.7427730855926877,0.2944978395877951,0.1845452935667141,0.05637841184399439,0.4161256964381043,100,99,0.0006914819823578,-0.050825633108615875,0,30.189122915267944
40.70424199104309,0.7428290797708962,0.2945480082825871,0.18373040482251293,0.05637841184399439,0.4161256964381043,100,99,0.0006562508642673492,-0.0429479256272316,0,30.290751695632935
40.80228233337402,0.7428299033581512,0.2945486870735043,0.18372939261686147,0.05637841184399439,0.4161256964381043,100,99,0.0005867423606105149,-0.027239924296736717,0,30.388792037963867
40.90140247344971,0.7430585882105677,0.29475389718326117,0.18380441297466096,0.05637841184399439,0.4161256964381043,100,99,0.0004983230028301477,-0.011805789545178413,0,30.48791217803955
41.005069971084595,0.7431706404212092,0.2948540713241041,0.18382592836834863,0.05637841184399439,0.4161256964381043,100,99,0.00017196129192598164,0.010020331479609013,0,30.59157967567444
41.10123038291931,0.7431632795951616,0.29484742189520863,0.18383684078454024,0.05637841184399439,0.4161256964381043,100,99,-0.0002080627018585801,0.02111564576625824,0,30.687740087509155
41.20492672920227,0.7431630560995561,0.2948472202976271,0.18383172320108934,0.05637841184399439,0.4161256964381043,100,99,-0.0001886027166619897,0.031361088156700134,0,30.791436433792114
41.30546164512634,0.7431629834785539,0.2948471534877247,0.18381721534088183,0.05637841184399439,0.4161256964381043,100,99,-0.00013492658035829663,0.04007882997393608,0,30.891971349716187
41.4056510925293,0.7431630143337734,0.2948471805126564,0.18381371835642682,0.05637841184399439,0.4161256964381043,100,99,-0.00013791039236821234,0.046356912702322006,0,30.99216079711914
41.509824991226196,0.7431621094893961,0.29484636366492883,0.1840106037765025,0.05637841184399439,0.4161256964381043,100,99,-0.00015349889872595668,0.05018473044037819,0,31.09633469581604
41.60033082962036,0.7431504048817114,0.2948358059713789,0.18452634009407257,0.05637841184399439,0.4161256964381043,100,99,-0.00010547222336754203,0.05244288966059685,0,31.186840534210205
41.702831983566284,0.7431451609269023,0.2948310624765843,0.18462320387731954,0.05637841184399439,0.4161256964381043,100,99,-8.99684673640877e-05,0.0534285232424736,0,31.289341688156128
41.80322790145874,0.7431451609269023,0.2948310624765843,0.18462320387731954,0.05637841184399439,0.4161256964381043,100,99,-8.99684673640877e-05,0.0534285232424736,0,31.389737606048584
41.90078949928284,0.7430373771246589,0.29473236110899936,0.18690225068625352,0.05637841184399439,0.4161256964381043,100,99,-2.3391767172142863e-05,0.05561795458197594,0,31.48729920387268
42.00322508811951,0.7430373771246589,0.29473236110899936,0.18690225068625352,0.05637841184399439,0.4161256964381043,100,99,6.83827674947679e-05,0.0562572218477726,0,31.58973479270935
42.10213232040405,0.7430937963705945,0.2947854608310537,0.18842323362803673,0.05637841184399439,0.4161256964381043,100,99,0.00013568038411904126,0.05691615864634514,0,31.688642024993896
42.20320987701416,0.7431665770684971,0.2948548308097659,0.1892875591805158,0.05637841184399439,0.4161256964381043,100,99,0.0003514193813316524,0.05800342187285423,0,31.789719581604004
42.30547022819519,0.7432263652395428,0.29491240593284535,0.19000343517512466,0.05637841184399439,0.4161256964381043,100,99,0.00047114124754443765,0.058285318315029144,0,31.891979932785034
42.40203619003296,0.7432590929235442,0.29494420620169676,0.19069015118666896,0.05637841184399439,0.4161256964381043,100,99,0.0005430144956335425,0.05874185636639595,0,31.988545894622803
42.50213098526001,0.7432834773574916,0.2949681817781488,0.1918577115872541,0.05637841184399439,0.4161256964381043,100,99,0.0005805857945233583,0.05872977152466774,0,32.08864068984985
42.60143804550171,0.7432887282754863,0.2949734309789583,0.19247977555423415,0.05637841184399439,0.4161256964381043,100,99,0.0006189742125570774,0.05868426710367203,0,32.18794775009155
42.700026988983154,0.7433149529261108,0.2949998814279025,0.19397713834042588,0.05637841184399439,0.4161256964381043,100,99,0.000695623573847115,0.05862727761268616,0,32.286536693573
42.81258201599121,0.7433277661626279,0.2950130174755782,0.1947325446146209,0.05637841184399439,0.4161256964381043,100,99,0.0007963587413541973,0.05757007747888565,0,32.399091720581055
42.904486656188965,0.7433638181302161,0.2950505054237392,0.19605896462197533,0.05637841184399439,0.4161256964381043,100,99,0.0010404072236269712,0.05281579867005348,0,32.49099636077881
43.00139403343201,0.7433911048014368,0.29507913187991225,0.19646332974393035,0.05637841184399439,0.4161256964381043,100,99,0.0011423991527408361,0.049080438911914825,0,32.58790373802185
43.10149145126343,0.7434362170309754,0.2951267471427409,0.19687093202095632,0.05637841184399439,0.4161256964381043,100,99,0.0011171988444402814,0.04730990156531334,0,32.68800115585327
43.207486629486084,0.7438259034887482,0.29554207226931595,0.19741548511423426,0.05637841184399439,0.4161256964381043,100,99,-0.0011222882894799113,0.021927855908870697,0,32.79399633407593
43.303059101104736,0.7442972949986992,0.2960476768769396,0.19765523384889752,0.05637841184399439,0.4161256964381043,100,99,-0.0042603034526109695,-0.031381454318761826,0,32.88956880569458
43.40380668640137,0.7442361599699895,0.29598302004793425,0.19754711771929592,0.05637841184399439,0.4161256964381043,100,99,-0.005384999327361584,-0.08181267976760864,0,32.99031639099121
43.50346112251282,0.7441510081152711,0.29589211954623534,0.19745652823117818,0.05637841184399439,0.4161256964381043,100,99,-0.005564182065427303,-0.12266737222671509,0,33.08997082710266
43.603493213653564,0.7435622422200155,0.29526683159954165,0.19614918482542135,0.05637841184399439,0.4161256964381043,100,99,-0.005653560161590576,-0.15810991823673248,0,33.19000291824341
43.70036458969116,0.7429190391800099,0.29460684757261485,0.19251321097520366,0.05637841184399439,0.4161256964381043,100,99,-0.002034135162830353,-0.1383095532655716,0,33.286874294281006
43.80106592178345,0.7427144260071035,0.2944048930904721,0.19070579934571782,0.05637841184399439,0.4161256964381043,100,99,0.0009405817254446447,-0.09387854486703873,0,33.38757562637329
43.90202331542969,0.7426615969049507,0.29435510455977326,0.18762536255983434,0.05637841184399439,0.4161256964381043,100,99,0.001100745052099228,-0.08324417471885681,0,33.48853302001953
44.00171661376953,0.74276784126474,0.2944541490016982,0.1860316977951493,0.05637841184399439,0.4161256964381043,100,99,0.0009942452888935804,-0.06636969745159149,0,33.588226318359375
44.10077238082886,0.7428847456207119,0.29456112985522,0.18486325362516584,0.05637841184399439,0.4161256964381043,100,99,0.0008703265921212733,-0.05038176476955414,0,33.6872820854187
44.21279168128967,0.7429331457516596,0.294604749952689,0.1842322993949728,0.05637841184399439,0.4161256964381043,100,99,0.0007469377014786005,-0.034336403012275696,0,33.79930138587952
44.30382823944092,0.7429411202203688,0.29461186123396815,0.18430141475570935,0.056324780298513594,0.41607720924726616,100,99,0.0005485338624566793,-0.018506942316889763,0,33.89033794403076
44.402655363082886,0.7429408458993213,0.29461160319176766,0.18429692392360217,0.056324780298513594,0.41607720924726616,100,99,0.00040982698556035757,-0.0040759616531431675,0,33.98916506767273
44.50101828575134,0.7429406806739949,0.2946114530025732,0.18429812110071467,0.056324780298513594,0.41607720924726616,100,99,0.0003543673665262759,0.0028203302063047886,0,34.08752799034119
44.60426878929138,0.7429407440709224,0.2946115072678392,0.18429789067693267,0.056324780298513594,0.41607720924726616,100,99,0.00026603942387737334,0.021463094279170036,0,34.190778493881226
44.702980279922485,0.742940721421906,0.2946114857323996,0.18429780731752285,0.056324780298513594,0.41607720924726616,100,99,0.000320467195706442,0.03143090754747391,0,34.28948998451233
44.80294370651245,0.7429406864446483,0.2946114524189377,0.18429596276204072,0.056324780298513594,0.41607720924726616,100,99,0.00020766534726135433,0.040203820914030075,0,34.389453411102295
44.90228271484375,0.7429407171051151,0.2946114791866425,0.18430096893906486,0.056324780298513594,0.41607720924726616,100,99,0.00016895958106033504,0.046223100274801254,0,34.488792419433594
45.01114583015442,0.7429407279636826,0.2946114880847191,0.18438947709354817,0.056324780298513594,0.41607720924726616,100,99,0.0001100758308894001,0.049799222499132156,0,34.59765553474426
45.10022568702698,0.7429570163761999,0.2946261386844908,0.18529767115514964,0.056324780298513594,0.41607720924726616,100,99,0.00015513747348450124,0.052019309252500534,0,34.68673539161682
45.20275568962097,0.742955094988822,0.294624383625146,0.185415487420407,0.056324780298513594,0.41607720924726616,100,99,0.0002497419191058725,0.05538607016205788,0,34.789265394210815
45.30363631248474,0.7429754719961391,0.294643270271974,0.18671905466720204,0.056324780298513594,0.41607720924726616,100,99,0.00027925384347327054,0.056671708822250366,0,34.890146017074585
45.40362596511841,0.7430393976058729,0.29470288110966736,0.18736179921944587,0.056324780298513594,0.41607720924726616,100,99,0.0003085903590545058,0.058744918555021286,0,34.99013566970825
45.50062394142151,0.743127280812824,0.29478551902219235,0.18815587986738955,0.056324780298513594,0.41607720924726616,100,99,0.00035078238579444587,0.05941944569349289,0,35.08713364601135
45.60315775871277,0.7431774543963844,0.29483314891329343,0.18882914641371887,0.056324780298513594,0.41607720924726616,100,99,0.00040276043000631034,0.06038498878479004,0,35.18966746330261
45.704402923583984,0.7432072219742508,0.29486164578072444,0.18943288475309586,0.056324780298513594,0.41607720924726616,100,99,0.0003878293209709227,0.06073538959026337,0,35.29091262817383
45.80512547492981,0.7432465271705804,0.2948995547972222,0.19015799157617128,0.056324780298513594,0.41607720924726616,100,99,0.00043681994429789484,0.06128876283764839,0,35.39163517951965
45.90347123146057,0.7432634059290697,0.2949159737041746,0.1906237151611929,0.056324780298513594,0.41607720924726616,100,99,0.0004885763628408313,0.061627112329006195,0,35.489980936050415
46.008994579315186,0.7433088275280447,0.29496065150956985,0.19216013831435233,0.056324780298513594,0.41607720924726616,100,99,0.0005485698347911239,0.061474766582250595,0,35.59550428390503
46.10318660736084,0.7433175056202843,0.29496938198325034,0.1932785179517146,0.056324780298513594,0.41607720924726616,100,99,0.0006262694951146841,0.06048181653022766,0,35.689696311950684
46.20808458328247,0.7433227172024518,0.2949746853609006,0.19432626043621262,0.056324780298513594,0.41607720924726616,100,99,0.0006690122536383569,0.05958327278494835,0,35.794594287872314
46.30370855331421,0.7433729333151394,0.29502661477781905,0.19560389783974172,0.056324780298513594,0.41607720924726616,100,99,0.0008054805803112686,0.056940916925668716,0,35.89021825790405
46.403258085250854,0.7434327665115731,0.295089160221109,0.1961218132843389,0.05637841184399439,0.4161256964381043,100,99,0.001030661165714264,0.05099745839834213,0,35.9897677898407
46.500163316726685,0.7435181937069298,0.2951795704047581,0.19719637131771975,0.05637841184399439,0.4161256964381043,100,99,0.001060115173459053,0.047542087733745575,0,36.08667302131653
46.600234508514404,0.7437307802406292,0.29540601009113504,0.19737207451821645,0.05637841184399439,0.4161256964381043,100,99,0.0010260529816150665,0.0448463037610054,0,36.18674421310425
46.70531439781189,0.7439700849384454,0.2956619473007481,0.19751078881927656,0.05637841184399439,0.4161256964381043,100,99,-0.0011788972187787294,0.01949242874979973,0,36.29182410240173
46.80497598648071,0.7442729797011689,0.2959868957286424,0.19769080669597613,0.05637841184399439,0.4161256964381043,100,99,-0.0031187382992357016,-0.004971800837665796,0,36.39148569107056
46.900397539138794,0.7442729797011689,0.2959868957286424,0.19769080669597613,0.05637841184399439,0.4161256964381043,100,99,-0.00508793955668807,-0.05810746178030968,0,36.48690724372864
47.00224733352661,0.7441102705545425,0.29581384287618556,0.19733843895804584,0.05637841184399439,0.4161256964381043,100,99,-0.005535907577723265,-0.08245240896940231,0,36.588757038116455
47.104849100112915,0.7435706385026278,0.2952402908015909,0.1961888177078279,0.05637841184399439,0.4161256964381043,100,99,-0.003583719255402684,-0.1002897322177887,0,36.69135880470276
47.205456018447876,0.7430715649624057,0.29472216338338014,0.1944335999064695,0.05637841184399439,0.4161256964381043,100,99,-0.001878855749964714,-0.09083139151334763,0,36.79196572303772
47.30511546134949,0.7427293510204493,0.2943748939234232,0.19274506217497592,0.05637841184399439,0.4161256964381043,100,99,0.0006301009561866522,-0.06467345356941223,0,36.89162516593933
47.404579162597656,0.7425745719821165,0.2942213428994727,0.191494952510775,0.056324780298513594,0.41607720924726616,100,99,0.001232115551829338,-0.054219845682382584,0,36.9910888671875
47.51479625701904,0.7423698409613544,0.29401932061285185,0.19138830120182906,0.056324780298513594,0.41607720924726616,100,99,0.0016351294470950961,-0.03310144692659378,0,37.10130596160889
47.60469961166382,0.7422181810624441,0.29387017718980274,0.19118301660088913,0.056324780298513594,0.41607720924726616,100,99,0.001720518572255969,-0.027040842920541763,0,37.19120931625366
47.70889949798584,0.7422184456027671,0.2938705712240655,0.19121996355624568,0.056324780298513594,0.41607720924726616,100,99,0.0020816531032323837,-0.01404118724167347,0,37.295409202575684
47.8054416179657,0.742218587235878,0.29387070953636724,0.1912307959680993,0.056324780298513594,0.41607720924726616,100,99,0.0021807949524372816,-0.007157946936786175,0,37.39195132255554
47.904998540878296,0.7422184343533851,0.2938705580540726,0.19122902681045026,0.056324780298513594,0.41607720924726616,100,99,0.0022573673631995916,0.005350075662136078,0,37.49150824546814
48.00012183189392,0.7422186764359311,0.29387079515744835,0.19122782410428238,0.056324780298513594,0.41607720924726616,100,99,0.0022829598747193813,0.011330199427902699,0,37.586631536483765
48.10178875923157,0.742218473563667,0.2938705947887651,0.19123380977324475,0.056324780298513594,0.41607720924726616,100,99,0.00224616308696568,0.021517690271139145,0,37.68829846382141
48.20247673988342,0.7422183830669608,0.2938705051394531,0.19123491536177098,0.056324780298513594,0.41607720924726616,100,99,0.002214677631855011,0.025897743180394173,0,37.78898644447327
48.304707050323486,0.7422187236878999,0.29387083957633636,0.19124135633937597,0.056324780298513594,0.41607720924726616,100,99,0.002216040389612317,0.036358270794153214,0,37.89121675491333
48.412283182144165,0.7422184225324889,0.2938705429885555,0.1912527011428434,0.056324780298513594,0.41607720924726616,100,99,0.0021594560239464045,0.043952878564596176,0,37.99879288673401
48.502358198165894,0.7422708082440278,0.29392209526875634,0.19134359083706123,0.056324780298513594,0.41607720924726616,100,99,0.002053369302302599,0.04604364186525345,0,38.08886790275574
48.60197401046753,0.7424604992633863,0.2941091189139176,0.19160532074229805,0.056324780298513594,0.41607720924726616,100,99,0.0018987992079928517,0.04683728516101837,0,38.18848371505737
48.70017886161804,0.743068654024326,0.29471270980854464,0.19220371828517305,0.056324780298513594,0.41607720924726616,100,99,0.0017669224180281162,0.04690449684858322,0,38.286688566207886
48.80271863937378,0.7434018023446102,0.29504498232684256,0.19245437079674863,0.056324780298513594,0.41607720924726616,100,99,0.0015649617416784167,0.04675132781267166,0,38.38922834396362
48.90828251838684,0.7437924635606606,0.2954360226952641,0.19276612568931586,0.056324780298513594,0.41607720924726616,100,99,0.0005045834695920348,0.04788774996995926,0,38.494792222976685
49.01109004020691,0.7441083746016749,0.2957536217028752,0.193216327226767,0.056324780298513594,0.41607720924726616,100,99,0.00029326416552066803,0.048293258994817734,0,38.59759974479675
49.107701778411865,0.7442232039132403,0.2958702328369866,0.19389558185042696,0.056324780298513594,0.41607720924726616,100,99,-0.00029126423760317266,0.04948139935731888,0,38.69421148300171
49.2071852684021,0.7442737048255781,0.2959220000401508,0.19462670697027337,0.056324780298513594,0.41607720924726616,100,99,-0.000396068295231089,0.04978904500603676,0,38.79369497299194
49.30208778381348,0.7442336226028287,0.29588063896178923,0.19600266481260367,0.056324780298513594,0.41607720924726616,100,99,-0.0003664215619210154,0.04834569990634918,0,38.88859748840332
49.40340328216553,0.7442129907887473,0.29585884710996735,0.19675829628596,0.056324780298513594,0.41607720924726616,100,99,-0.00029909558361396194,0.04729350283741951,0,38.98991298675537
49.518479108810425,0.7442070034408298,0.2958524361170292,0.1972003096281296,0.056324780298513594,0.41607720924726616,100,99,-0.00015449922648258507,0.044984959065914154,0,39.10498881340027
49.600521087646484,0.7442046584826103,0.2958498853054866,0.1975109779154758,0.056324780298513594,0.41607720924726616,100,99,-0.003935559652745724,-0.0037462536711245775,0,39.18703079223633
49.70599555969238,0.7440601056111931,0.2956954302436136,0.19755935134808436,0.056324780298513594,0.41607720924726616,100,99,-0.005434760358184576,-0.058522582054138184,0,39.29250526428223
49.80084776878357,0.7436099234807685,0.2952127079774368,0.1974528743337288,0.056324780298513594,0.41607720924726616,100,99,-0.005464205518364906,-0.10472118854522705,0,39.38735747337341
49.905200719833374,0.7431675535328529,0.29473905182299737,0.19718511141008085,0.056324780298513594,0.41607720924726616,100,99,-0.005225932225584984,-0.1580737978219986,0,39.49171042442322
50.00406002998352,0.7427214092181984,0.2942720666512019,0.1943081362608937,0.056324780298513594,0.41607720924726616,100,99,-0.0015210852725431323,-0.13824650645256042,0,39.590569734573364
50.10034132003784,0.7425746324590153,0.29412343778440647,0.19297291258809676,0.056324780298513594,0.41607720924726616,100,99,0.000734532717615366,-0.10685679316520691,0,39.686851024627686
50.20286726951599,0.7424552772915128,0.29400703381375176,0.19101034168024447,0.056324780298513594,0.41607720924726616,100,99,0.0013860485050827265,-0.08213473856449127,0,39.789376974105835
50.301316261291504,0.7424887948540678,0.2940410465259962,0.18949726760003957,0.056324780298513594,0.41607720924726616,100,99,0.0014932292979210615,-0.06436491012573242,0,39.88782596588135
50.40197992324829,0.7426274209599576,0.2941735703097205,0.18737084607554486,0.056324780298513594,0.41607720924726616,100,99,0.0014853444881737232,-0.04862961173057556,0,39.988489627838135
50.50055503845215,0.7427463829049072,0.294283901605118,0.18597865570291114,0.056324780298513594,0.41607720924726616,100,99,0.0013181214453652501,-0.0402933731675148,0,40.08706474304199
50.604140758514404,0.7431662211770202,0.2946736444660703,0.18562248645714938,0.056324780298513594,0.41607720924726616,100,99,0.0009488135692663491,-0.02349746786057949,0,40.19065046310425
50.70536136627197,0.7434308548890359,0.2949128131869308,0.18561622312987994,0.056324780298513594,0.41607720924726616,100,99,9.862311708275229e-05,0.0003073494881391525,0,40.291871070861816
50.804022789001465,0.7434540848990269,0.29493413082909337,0.18561005643432107,0.056324780298513594,0.41607720924726616,100,99,-0.00013148161815479398,0.00679088244214654,0,40.39053249359131
50.90210700035095,0.7434302349001909,0.2949116112789514,0.18560988321186314,0.056324780298513594,0.41607720924726616,100,99,-0.00033586585777811706,0.01759832724928856,0,40.488616704940796
51.00698494911194,0.7434302079633104,0.29491158655969707,0.18561002983588457,0.056324780298513594,0.41607720924726616,100,99,-0.0003152555727865547,0.022388864308595657,0,40.59349465370178
51.122156620025635,0.7434302079633104,0.29491158655969707,0.18561002983588457,0.056324780298513594,0.41607720924726616,100,99,-0.0003152555727865547,0.022388864308595657,0,40.70866632461548
51.22459101676941,0.7434302596389144,0.29491163661344455,0.1855992930598175,0.056324780298513594,0.41607720924726616,100,99,-0.0002821612579282373,0.03660227358341217,0,40.81110072135925
51.3059287071228,0.7434302804542479,0.29491165795500573,0.18559425453044479,0.056324780298513594,0.41607720924726616,100,99,-0.00030986606725491583,0.04373219609260559,0,40.89243841171265
51.40022158622742,0.7434302906958145,0.29491166947853414,0.18559080234646666,0.056324780298513594,0.41607720924726616,100,99,-0.00033769485889934003,0.050651438534259796,0,40.98673129081726
51.50833535194397,0.7434302573617377,0.2949116388961708,0.18558985497632188,0.056324780298513594,0.41607720924726616,100,99,-0.00025002655456773937,0.053467389196157455,0,41.09484505653381
51.60141158103943,0.7432449041995814,0.2947391214582633,0.18750644017935705,0.056324780298513594,0.41607720924726616,100,99,-0.00013231128104962409,0.05549323558807373,0,41.18792128562927
51.70342135429382,0.7432186608723224,0.29471453313128254,0.1883325039598102,0.056324780298513594,0.41607720924726616,100,99,-6.251933518797159e-05,0.057531654834747314,0,41.28993105888367
51.80251908302307,0.7432237640437711,0.29471949845514445,0.1891781906005177,0.056324780298513594,0.41607720924726616,100,99,0.00016410258831456304,0.059525266289711,0,41.389028787612915
51.91267490386963,0.7432509095926128,0.2947457187426521,0.18999371602696954,0.056324780298513594,0.41607720924726616,100,99,0.00028586643747985363,0.06044195592403412,0,41.49918460845947
52.00396966934204,0.7433122162768934,0.29480543775948026,0.1907652974037343,0.056324780298513594,0.41607720924726616,100,99,0.00039064083830453455,0.06062835454940796,0,41.590479373931885
52.10196900367737,0.7433905440757832,0.29488245527505813,0.19153216578702728,0.056324780298513594,0.41607720924726616,100,99,0.00042201689211651683,0.060802020132541656,0,41.68847870826721
52.20196771621704,0.743423791485209,0.2949153862901579,0.1918573074380894,0.056324780298513594,0.41607720924726616,100,99,0.000424970785388723,0.060814324766397476,0,41.788477420806885
52.305933475494385,0.7435036603294835,0.294995046056915,0.19287244200030781,0.056324780298513594,0.41607720924726616,100,99,0.0003823669394478202,0.06056951358914375,0,41.89244318008423
52.40206170082092,0.7435249653269967,0.29501672931529654,0.19458219238747312,0.056324780298513594,0.41607720924726616,100,99,0.0004042884975206107,0.060176167637109756,0,41.98857140541077
52.50575137138367,0.7434918622049229,0.29498249987438385,0.19577688726102552,0.056324780298513594,0.41607720924726616,100,99,0.0004759988223668188,0.05826394259929657,0,42.09226107597351
52.60895133018494,0.7434667849703868,0.2949561523009198,0.19639473211933886,0.05637841184399439,0.4161256964381043,100,99,0.000624355161562562,0.055336687713861465,0,42.19546103477478
52.70088267326355,0.7434734294629066,0.2949630378857114,0.19699397541930477,0.05637841184399439,0.4161256964381043,100,99,0.0009409823687747121,0.04935222491621971,0,42.287392377853394
52.803224086761475,0.7436004004666356,0.29509929649954947,0.19796094213919993,0.05637841184399439,0.4161256964381043,100,99,0.0010238047689199448,0.04728244990110397,0,42.38973379135132
52.902761697769165,0.7440381565158979,0.29557165071333164,0.1980984359450019,0.05637841184399439,0.4161256964381043,100,99,-0.0026953446213155985,-0.002949229907244444,0,42.48927140235901
53.00666856765747,0.7442214738287131,0.29577021335785475,0.19807864202143374,0.05637841184399439,0.4161256964381043,100,99,-0.004756947048008442,-0.05756185203790665,0,42.593178272247314
53.1054265499115,0.7438755349036577,0.2953983447548337,0.1977918614254627,0.05637841184399439,0.4161256964381043,100,99,-0.005510491319000721,-0.12233210355043411,0,42.69193625450134
53.20032572746277,0.7438755349036577,0.2953983447548337,0.1977918614254627,0.05637841184399439,0.4161256964381043,100,99,-0.005587035324424505,-0.14052149653434753,0,42.78683543205261
53.30235290527344,0.7434109454215554,0.29490189921546023,0.19611208067847588,0.05637841184399439,0.4161256964381043,100,99,-0.0019564719405025244,-0.13780289888381958,0,42.88886260986328
53.402947187423706,0.7429811017433086,0.29445967287267305,0.19303316604463708,0.05637841184399439,0.4161256964381043,100,99,-0.0005744508234784007,-0.12203329056501389,0,42.98945689201355
53.50242471694946,0.7427087110795522,0.29418756457136375,0.19157459723685075,0.05637841184399439,0.4161256964381043,100,99,0.0008976004901342094,-0.09532075375318527,0,43.08893442153931
53.609760999679565,0.7426247317576702,0.29410743375432596,0.18901653500422452,0.05637841184399439,0.4161256964381043,100,99,0.0009926408529281616,-0.06741774827241898,0,43.19627070426941
53.70026350021362,0.7428042376996945,0.2942767180540574,0.18649332184714149,0.05637841184399439,0.4161256964381043,100,99,0.0009179984917864203,-0.05938711762428284,0,43.28677320480347
53.80731558799744,0.7429046135841809,0.2943687846211705,0.1846123693675953,0.05637841184399439,0.4161256964381043,100,99,0.0007943069213069975,-0.04292900487780571,0,43.39382529258728
53.90041780471802,0.7429080525449693,0.2943716302022705,0.18408950198201626,0.05637841184399439,0.4161256964381043,100,99,0.0005988111952319741,-0.02650388889014721,0,43.48692750930786
54.000577449798584,0.7430400785524852,0.2944909015248611,0.1842210517881752,0.05637841184399439,0.4161256964381043,100,99,0.0004271712095942348,-0.010976099409162998,0,43.58708715438843
54.1004159450531,0.7430327790373829,0.29448413945302226,0.18422077569935677,0.05637841184399439,0.4161256964381043,100,99,0.0002510473132133484,0.002929528709501028,0,43.686925649642944
54.20289325714111,0.7430328931172399,0.2944842377736427,0.18420940037046987,0.05637841184399439,0.4161256964381043,100,99,7.349206134676933e-05,0.014827371574938297,0,43.78940296173096
54.30551528930664,0.7430328985362792,0.2944842410114167,0.1842086532881039,0.05637841184399439,0.4161256964381043,100,99,5.316908936947584e-05,0.025477103888988495,0,43.892024993896484
54.40042018890381,0.7430329715570788,0.29448430610663257,0.18421232249770794,0.05637841184399439,0.4161256964381043,100,99,2.5190776796080172e-05,0.0344628244638443,0,43.98692989349365
54.50008988380432,0.7430328451528464,0.2944841883154016,0.18420228885933157,0.05637841184399439,0.4161256964381043,100,99,-2.7727772248908877e-05,0.04225017502903938,0,44.086599588394165
54.60133981704712,0.7430328777513447,0.2944842163967559,0.18423979721872527,0.05637841184399439,0.4161256964381043,100,99,-0.00010431240662001073,0.04762468487024307,0,44.18784952163696
54.70571327209473,0.7429550363796846,0.2944135484082161,0.18463716468614136,0.056324780298513594,0.41607720924726616,100,99,-0.00020943672279827297,0.052278924733400345,0,44.29222297668457
54.80175280570984,0.7429142562860358,0.2943764944633279,0.1849263139725256,0.056324780298513594,0.41607720924726616,100,99,-0.00021006364841014147,0.053567204624414444,0,44.38826251029968
54.904232025146484,0.742809724357367,0.2942809151907444,0.1856380303867984,0.056324780298513594,0.41607720924726616,100,99,8.701716433279216e-05,0.05684679374098778,0,44.49074172973633
55.00238823890686,0.7427379857025864,0.294214744490299,0.18683804486937897,0.056324780298513594,0.41607720924726616,100,99,0.00023660826263949275,0.05782598629593849,0,44.588897943496704
55.10608434677124,0.7427578131985704,0.2942333191062375,0.18773534024096952,0.056324780298513594,0.41607720924726616,100,99,0.00039068449405021966,0.060275446623563766,0,44.692594051361084
55.20139479637146,0.742793299955816,0.2942669125322444,0.18850648352122992,0.056324780298513594,0.41607720924726616,100,99,0.00044332933612167835,0.06287351995706558,0,44.787904500961304
55.30394983291626,0.7428728908081329,0.294343035492476,0.18938281067091448,0.056324780298513594,0.41607720924726616,100,99,0.0005769844283349812,0.06449486315250397,0,44.8904595375061
55.40556573867798,0.7429454705115666,0.29441308226030766,0.1899566282339533,0.056324780298513594,0.41607720924726616,100,99,0.0006980687030591071,0.06538111716508865,0,44.99207544326782
55.504483699798584,0.7430567884486501,0.29452150535746535,0.19084796464218137,0.056324780298513594,0.41607720924726616,100,99,0.0007368256337940693,0.06533122062683105,0,45.09099340438843
55.60233473777771,0.7431047373968788,0.294568627307777,0.19128492175470527,0.056324780298513594,0.41607720924726616,100,99,0.0007550607551820576,0.06445766240358353,0,45.188844442367554
55.70242881774902,0.7431434616333242,0.29460701509165643,0.1922084373968305,0.05637841184399439,0.4161256964381043,100,99,0.0007739383727312088,0.06361238658428192,0,45.28893852233887
55.800074100494385,0.7431599812957064,0.29462365813334485,0.19402764775248124,0.05637841184399439,0.4161256964381043,100,99,0.0008405536646023393,0.0619441457092762,0,45.38658380508423
55.90431499481201,0.7431498664206321,0.294613341735672,0.19557408026100795,0.05637841184399439,0.4161256964381043,100,99,0.0010549611179158092,0.057352833449840546,0,45.490824699401855
56.00739812850952,0.7431625899359889,0.29462659160663657,0.1958990546764465,0.05637841184399439,0.4161256964381043,100,99,0.0012212996371090412,0.05353076756000519,0,45.593907833099365
56.105650424957275,0.7433039518298399,0.2947763184443123,0.19726768912310363,0.05637841184399439,0.4161256964381043,100,99,0.0013253411743789911,0.04931510612368584,0,45.69216012954712
56.200313091278076,0.743406419310657,0.29488616964904185,0.19757958571335368,0.05637841184399439,0.4161256964381043,100,99,0.0012849683407694101,0.045878808945417404,0,45.78682279586792
56.30451798439026,0.743672733230653,0.29517168728129095,0.19766722922298272,0.05637841184399439,0.4161256964381043,100,99,-0.0008349924464710057,0.021717339754104614,0,45.8910276889801
56.40278673171997,0.7441462747971263,0.2956813036752239,0.19768658469111286,0.05637841184399439,0.4161256964381043,100,99,-0.004866594914346933,-0.057791631668806076,0,45.989296436309814
56.5005202293396,0.7440114112507269,0.2955368974192569,0.19763964494601208,0.05637841184399439,0.4161256964381043,100,99,-0.005307943560183048,-0.10366290807723999,0,46.08702993392944
56.60052418708801,0.7438235684081005,0.29533566543162026,0.19741400988758953,0.05637841184399439,0.4161256964381043,100,99,-0.005307943560183048,-0.10366290807723999,0,46.187033891677856
56.70014452934265,0.7429944408798748,0.29446005002082326,0.19446915978274784,0.05637841184399439,0.4161256964381043,100,99,-0.0033659678883850574,-0.1338157206773758,0,46.286654233932495
56.7999529838562,0.7426206958202053,0.29408313109817874,0.19160745776869306,0.05637841184399439,0.4161256964381043,100,99,-0.0018035945249721408,-0.12331685423851013,0,46.386462688446045
56.90925478935242,0.7424636336120287,0.29392886955547015,0.1905788971958006,0.05637841184399439,0.4161256964381043,100,99,-0.0003965815412811935,-0.10813949257135391,0,46.49576449394226
57.00372242927551,0.7422663078507649,0.29373940856235375,0.1877792780119625,0.05637841184399439,0.4161256964381043,100,99,0.0010454102884978056,-0.08248927444219589,0,46.590232133865356
57.10752463340759,0.7422767068942552,0.2937494818443333,0.18655775110186992,0.05637841184399439,0.4161256964381043,100,99,0.0012226254912093282,-0.07269291579723358,0,46.69403433799744
57.2038836479187,0.7423017823974611,0.29377296149902743,0.1863849044967981,0.05637841184399439,0.4161256964381043,100,99,0.0010830204701051116,-0.056986138224601746,0,46.790393352508545
57.312654972076416,0.7423981822301728,0.2938617361274316,0.18493938747054758,0.05637841184399439,0.4161256964381043,100,99,0.0008397980127483606,-0.04332219436764717,0,46.89916467666626
57.416321992874146,0.742464265765868,0.2939216489692385,0.18410443910034893,0.05637841184399439,0.4161256964381043,100,99,0.0007146327989175916,-0.036346711218357086,0,47.00283169746399
57.50220441818237,0.7428138753190128,0.2942327056460973,0.18254128976421843,0.05637841184399439,0.4161256964381043,100,99,0.0005910904728807509,-0.021684516221284866,0,47.08871412277222
57.604705572128296,0.7428087122373573,0.29422744885315805,0.18256005629773,0.05637841184399439,0.4161256964381043,100,99,0.00036023155553266406,-0.0068837604485452175,0,47.19121527671814
57.70093107223511,0.742808049719278,0.2942268541101708,0.18256102892221196,0.05637841184399439,0.4161256964381043,100,99,0.00014055552310310304,0.005908850580453873,0,47.28744077682495
57.802820682525635,0.7428079240918448,0.29422674090620055,0.1825708572292745,0.056324780298513594,0.41607720924726616,100,99,6.271344318520278e-05,0.016720646992325783,0,47.38933038711548
57.900620222091675,0.7428078841454709,0.29422670438306237,0.18258169792134774,0.056324780298513594,0.41607720924726616,100,99,1.8438920960761607e-05,0.021279122680425644,0,47.48712992668152
58.00119423866272,0.7428079746864649,0.2942267846275276,0.18258373461720437,0.056324780298513594,0.41607720924726616,100,99,9.059251169674098e-06,0.025549767538905144,0,47.58770394325256
58.10250663757324,0.7428079753665886,0.29422678385259166,0.182578717829631,0.056324780298513594,0.41607720924726616,100,99,-9.455063263885677e-06,0.03398378565907478,0,47.689016342163086
58.20400071144104,0.7428079152539555,0.29422672963237756,0.1825902094431495,0.056324780298513594,0.41607720924726616,100,99,-5.207341746427119e-05,0.0373668409883976,0,47.790510416030884
58.3041250705719,0.7428078887113021,0.29422670546222707,0.18259060019212428,0.056324780298513594,0.41607720924726616,100,99,-0.00011307721433695406,0.04304496943950653,0,47.89063477516174
58.40385174751282,0.7428078789746778,0.2942266963465462,0.18259014792581144,0.056324780298513594,0.41607720924726616,100,99,-0.00019973557209596038,0.04836256429553032,0,47.99036145210266
58.50047540664673,0.7428042673508112,0.294223481655068,0.18299214260800342,0.056324780298513594,0.41607720924726616,100,99,-0.00025025600916706026,0.05225962772965431,0,48.08698511123657
58.604453563690186,0.7427125394425571,0.2941415258205189,0.18362090009391743,0.056324780298513594,0.41607720924726616,100,99,-0.000209999387152493,0.05518563464283943,0,48.19096326828003
58.707324504852295,0.7426426016274378,0.29407851819883685,0.18441854266638832,0.056324780298513594,0.41607720924726616,100,99,-0.00016144438995979726,0.05637625232338905,0,48.29383420944214
58.803645849227905,0.7426252020060692,0.29406274627486745,0.18466233741406488,0.056324780298513594,0.41607720924726616,100,99,-5.838337528984994e-05,0.057393740862607956,0,48.39015555381775
58.900219440460205,0.7426003746827414,0.2940403594482312,0.18671176596093694,0.056324780298513594,0.41607720924726616,100,99,0.00030494655948132277,0.06161145493388176,0,48.48672914505005
59.00562000274658,0.7426482072948881,0.29408508176546494,0.1875603207321899,0.056324780298513594,0.41607720924726616,100,99,0.0004379827296361327,0.06309773772954941,0,48.592129707336426
59.102374792099,0.7427101976471554,0.2941436233403916,0.18827368019918525,0.056324780298513594,0.41607720924726616,100,99,0.0005662394687533379,0.06575565785169601,0,48.68888449668884
59.20243525505066,0.7427700991751783,0.29420061325212815,0.18875010373629272,0.056324780298513594,0.41607720924726616,100,99,0.0006977057782933116,0.06755397468805313,0,48.7889449596405
59.303080320358276,0.7429269190155041,0.2943511819998626,0.18979092556514118,0.05637841184399439,0.4161256964381043,100,99,0.000745340483263135,0.06773987412452698,0,48.88959002494812
59.40497398376465,0.7429792890055917,0.2944020407373362,0.19035688018520966,0.05637841184399439,0.4161256964381043,100,99,0.0007443733047693968,0.06677806377410889,0,48.99148368835449
59.505600690841675,0.7430072231353028,0.2944295450398279,0.19187068363498413,0.05637841184399439,0.4161256964381043,100,99,0.0007471928838640451,0.06622296571731567,0,49.09211039543152
59.60117793083191,0.7429864000056579,0.2944087341004222,0.19379677262360753,0.05637841184399439,0.4161256964381043,100,99,0.0009347466984763741,0.06408994644880295,0,49.18768763542175
59.710299015045166,0.743015125426981,0.2944381275300108,0.19485491977560346,0.05637841184399439,0.4161256964381043,100,99,0.0010984776308760047,0.06182713434100151,0,49.29680871963501
59.80214285850525,0.7430583166083043,0.2944828744026267,0.19544055860533674,0.05637841184399439,0.4161256964381043,100,99,0.0012335946084931493,0.05836024507880211,0,49.38865256309509
59.90372037887573,0.7431793341147673,0.29460984289380865,0.19655115239919332,0.05637841184399439,0.4161256964381043,100,99,0.00134504574816674,0.0546799935400486,0,49.490230083465576
60.00397562980652,0.74325758746839,0.29469309051989906,0.19720974071341982,0.05637841184399439,0.4161256964381043,100,99,0.0013410747051239014,0.050401534885168076,0,49.59048533439636
60.10472798347473,0.7433837175623401,0.2948284793133877,0.19761949039685597,0.05637841184399439,0.4161256964381043,100,99,0.001324209151789546,0.04848305135965347,0,49.691237688064575
60.204251289367676,0.7437931309791661,0.29526808274554484,0.19767732013415765,0.05637841184399439,0.4161256964381043,100,99,-0.0008116963435895741,0.022452665492892265,0,49.79076099395752
60.3020544052124,0.7440872761384166,0.29558469555659667,0.19760751030146226,0.05637841184399439,0.4161256964381043,100,99,-0.004720497876405716,-0.05752675235271454,0,49.888564109802246
60.40023422241211,0.744128165135,0.2956292241115717,0.19752975609269854,0.05637841184399439,0.4161256964381043,100,99,-0.005404680967330933,-0.10321920365095139,0,49.98674392700195
60.50488257408142,0.7434795386432168,0.2949370839179523,0.19635367016048585,0.05637841184399439,0.4161256964381043,100,99,-0.0035772351548075676,-0.1164548471570015,0,50.091392278671265
60.603071451187134,0.7431127756440954,0.2945548959564057,0.19448037900225526,0.05637841184399439,0.4161256964381043,100,99,-0.0005622308235615492,-0.09035118669271469,0,50.18958115577698
60.70365858078003,0.7429732331153831,0.2944124278220763,0.19345388743033007,0.05637841184399439,0.4161256964381043,100,99,0.0011243191547691822,-0.06495846807956696,0,50.29016828536987
60.80204963684082,0.7429978504941264,0.2944373555390579,0.19297090465757152,0.05637841184399439,0.4161256964381043,100,99,0.0015068913344293833,-0.048503126949071884,0,50.388559341430664
60.901933670043945,0.7430729528274352,0.2945129563008556,0.1928333607279605,0.05637841184399439,0.4161256964381043,100,99,0.0014659094158560038,-0.03573895990848541,0,50.48844337463379
61.00217652320862,0.7433559353374852,0.2947976998375505,0.19290303392248684,0.05637841184399439,0.4161256964381043,100,99,0.0014536881353706121,-0.0222769808024168,0,50.58868622779846
61.10820174217224,0.7433339884472467,0.2947756781268311,0.19290068843922328,0.05637841184399439,0.4161256964381043,100,99,0.0013189397286623716,-0.007803773507475853,0,50.694711446762085
61.2053644657135,0.7433306775847319,0.2947723486259758,0.19289211556611754,0.05637841184399439,0.4161256964381043,100,99,0.0012646052055060863,-0.0010957301128655672,0,50.791874170303345
61.30228805541992,0.743330694923263,0.29477236600571677,0.1928842602164915,0.056324780298513594,0.41607720924726616,100,99,0.0011868798173964024,0.016900693997740746,0,50.888797760009766
61.40322804450989,0.7433306434423703,0.2947723139897226,0.19289586467738387,0.056324780298513594,0.41607720924726616,100,99,0.0011943455319851637,0.025889333337545395,0,50.98973774909973
61.50669026374817,0.7433306263299714,0.29477229668127475,0.19289035774594357,0.056324780298513594,0.41607720924726616,100,99,0.0010692483047023416,0.03354145213961601,0,51.09319996833801
61.603771924972534,0.7433305910153841,0.2947722610487357,0.19288026733887118,0.056324780298513594,0.41607720924726616,100,99,0.0009357095696032047,0.03817789629101753,0,51.19028162956238
61.700953245162964,0.7433306838714284,0.29477235436720284,0.19287211011630492,0.056324780298513594,0.41607720924726616,100,99,0.0008301472989842296,0.04127481207251549,0,51.28746294975281
61.802343130111694,0.7433306640046146,0.2947723342991435,0.1928843743485589,0.056324780298513594,0.41607720924726616,100,99,0.0007609539898112416,0.04354412108659744,0,51.38885283470154
61.90804743766785,0.7434304363911591,0.2948728950443192,0.19304523155506118,0.056324780298513594,0.41607720924726616,100,99,0.0007164400303736329,0.044412173330783844,0,51.49455714225769
62.000266790390015,0.7435613732335324,0.2950050776612844,0.1932033565989915,0.056324780298513594,0.41607720924726616,100,99,0.000493427156470716,0.046248313039541245,0,51.58677649497986
62.10262727737427,0.7439274396991264,0.29537589024763844,0.19351665089761658,0.056324780298513594,0.41607720924726616,100,99,0.0002604345791041851,0.04664439707994461,0,51.68913698196411
62.20312571525574,0.7442538768886928,0.2957081365147892,0.19397965649594998,0.056324780298513594,0.41607720924726616,100,99,-2.7644302463158965e-05,0.04699565842747688,0,51.78963541984558
62.30044960975647,0.7443701105747248,0.295827558548833,0.1947136496312574,0.056324780298513594,0.41607720924726616,100,99,-0.0003900997107848525,0.04789893701672554,0,51.88695931434631
62.404990434646606,0.7443987948889916,0.29585755528357305,0.1957140764104491,0.056324780298513594,0.41607720924726616,100,99,-0.0006525947246700525,0.04846453294157982,0,51.99150013923645
62.50343060493469,0.7443807112354665,0.29583864050859376,0.19651919313630942,0.056324780298513594,0.41607720924726616,100,99,-0.0006516171852126718,0.048349399119615555,0,52.089940309524536
62.611740589141846,0.744350923887843,0.29580696724013233,0.197182135286025,0.056324780298513594,0.41607720924726616,100,99,-0.0004337310674600303,0.04717536270618439,0,52.19825029373169
62.704221963882446,0.7443324914352786,0.29578722100328825,0.19747200626782055,0.056324780298513594,0.41607720924726616,100,99,-0.00241878186352551,0.023581422865390778,0,52.29073166847229
62.80838656425476,0.74430905405827,0.29576196788784065,0.1977328847400527,0.056324780298513594,0.41607720924726616,100,99,-0.00241878186352551,0.023581422865390778,0,52.394896268844604
62.90077877044678,0.7442693793085453,0.29571921102959636,0.19773955843951632,0.056324780298513594,0.41607720924726616,100,99,-0.005090398248285055,-0.02882193960249424,0,52.48728847503662
63.009201765060425,0.7442728209628604,0.29572289875088753,0.19774199786301436,0.056324780298513594,0.41607720924726616,100,99,-0.005800085607916117,-0.08088017255067825,0,52.59571146965027
63.1068000793457,0.7442726655439413,0.2957227221462939,0.19772475193787512,0.056324780298513594,0.41607720924726616,100,99,-0.005789930932223797,-0.10267366468906403,0,52.69330978393555
63.20426416397095,0.7442468551921636,0.29569498989314524,0.197713352694202,0.056324780298513594,0.41607720924726616,100,99,-0.005828540306538343,-0.12148872017860413,0,52.79077386856079
63.30089569091797,0.7442468551921636,0.29569498989314524,0.197713352694202,0.056324780298513594,0.41607720924726616,100,99,-0.005828540306538343,-0.12148872017860413,0,52.88740539550781
63.40407347679138,0.7427036281098965,0.2940721705729439,0.19305922503260067,0.05637841184399439,0.4161256964381043,100,99,0.0009159130859188735,-0.0774725154042244,0,52.990583181381226
63.50215768814087,0.7425670008249639,0.2939371756608983,0.19065264345400848,0.05637841184399439,0.4161256964381043,100,99,0.0014058611122891307,-0.059323981404304504,0,53.08866739273071
63.603325843811035,0.7425815730159074,0.29395180466578397,0.18996993485139455,0.05637841184399439,0.4161256964381043,100,99,0.0014276349684223533,-0.05196383595466614,0,53.18983554840088
63.70471262931824,0.7425854457397648,0.29395555706154947,0.18954587331931652,0.05637841184399439,0.4161256964381043,100,99,0.001334651024080813,-0.03795134648680687,0,53.29122233390808
63.80073308944702,0.7427205533366386,0.29408551992990073,0.1883850569155016,0.05637841184399439,0.4161256964381043,100,99,0.0012614716542884707,-0.014056871645152569,0,53.387242794036865
63.91313028335571,0.7427177836099652,0.2940828413360536,0.18839748186869396,0.05637841184399439,0.4161256964381043,100,99,0.0011992475483566523,0.0006272236350923777,0,53.49963998794556
64.00488209724426,0.7427177112899549,0.2940827655684377,0.18840365742171997,0.05637841184399439,0.4161256964381043,100,99,0.001160618499852717,0.012784223072230816,0,53.591391801834106
64.1020839214325,0.7427176870374378,0.2940827353523484,0.18840094053835518,0.05637841184399439,0.4161256964381043,100,99,0.0011073518544435501,0.023367512971162796,0,53.68859362602234
64.20457243919373,0.7427180065198176,0.2940830369021551,0.18840490612972324,0.05637841184399439,0.4161256964381043,100,99,0.001030484912917018,0.03369525820016861,0,53.79108214378357
64.30662178993225,0.7427176260375469,0.2940826669085212,0.18841417560326237,0.05637841184399439,0.4161256964381043,100,99,0.0009362691780552268,0.041390787810087204,0,53.893131494522095
64.40113949775696,0.7427189760276748,0.29408395161046874,0.18846450711684973,0.056324780298513594,0.41607720924726616,100,99,0.0009064440382644534,0.04664403572678566,0,53.9876492023468
64.50412821769714,0.7429322773374831,0.2942874342191101,0.18858815673210907,0.056324780298513594,0.41607720924726616,100,99,0.0008914681384339929,0.048392973840236664,0,54.09063792228699
64.60710453987122,0.7432481269983666,0.2945893454633006,0.1889844914547575,0.056324780298513594,0.41607720924726616,100,99,0.0005678469897247851,0.051695097237825394,0,54.19361424446106
64.70695042610168,0.7435308685676235,0.29486086394785366,0.189412857766366,0.056324780298513594,0.41607720924726616,100,99,0.00025639403611421585,0.053485751152038574,0,54.29346013069153
64.8024845123291,0.7436813935462661,0.2950065324870627,0.19025674400707301,0.056324780298513594,0.41607720924726616,100,99,-7.888601976446807e-05,0.05527258291840553,0,54.388994216918945
64.90193891525269,0.7437239676867932,0.2950482169351387,0.19101433582693847,0.056324780298513594,0.41607720924726616,100,99,-0.00026373739819973707,0.05607691779732704,0,54.48844861984253
65.00511407852173,0.7437339460119179,0.2950580754445977,0.19147324559943477,0.056324780298513594,0.41607720924726616,100,99,-0.00023379133199341595,0.05663939192891121,0,54.59162378311157
65.10740947723389,0.7437485734282562,0.2950726218049019,0.19206084197519643,0.056324780298513594,0.41607720924726616,100,99,-0.00013403517368715256,0.05697159841656685,0,54.69391918182373
65.20770835876465,0.7437884635980173,0.29511256528729124,0.19283782676921343,0.056324780298513594,0.41607720924726616,100,99,-9.23799816519022e-05,0.05749126896262169,0,54.79421806335449
65.30276298522949,0.7438087051108005,0.2951330598885381,0.19350466948855297,0.056324780298513594,0.41607720924726616,100,99,-7.631551125086844e-05,0.05772252008318901,0,54.889272689819336
65.40194392204285,0.7438204710550644,0.2951450698909513,0.19419182693995443,0.05637841184399439,0.4161256964381043,100,99,-7.048567931633443e-05,0.057566236704587936,0,54.98845362663269
65.50469422340393,0.7438032558674776,0.29512728715608066,0.1956802879916161,0.05637841184399439,0.4161256964381043,100,99,-2.5428918888792396e-05,0.05662669986486435,0,55.091203927993774
65.6034483909607,0.7437817900101013,0.29510473878619753,0.1963048284940563,0.05637841184399439,0.4161256964381043,100,99,7.166442810557783e-05,0.05577126890420914,0,55.18995809555054
65.70016527175903,0.7437728973495467,0.2950952403479106,0.19683916021026301,0.05637841184399439,0.4161256964381043,100,99,0.0002771223080344498,0.053746309131383896,0,55.28667497634888
65.80271100997925,0.7438080976031342,0.2951327197493225,0.19735725612879948,0.05637841184399439,0.4161256964381043,100,99,0.0004345758934505284,0.050106074661016464,0,55.38922071456909
65.91076183319092,0.7438393157733588,0.29516635918119,0.19796425939825138,0.05637841184399439,0.4161256964381043,100,99,-0.001590598258189857,0.024734430015087128,0,55.49727153778076
66.00269031524658,0.7438487109311567,0.29517654152400263,0.19809171704338416,0.05637841184399439,0.4161256964381043,100,99,-0.0032696807757019997,-0.000721121090464294,0,55.589200019836426
66.1031973361969,0.7438499666036477,0.29517794561640726,0.1980230430112702,0.05637841184399439,0.4161256964381043,100,99,-0.004998804535716772,-0.05593322217464447,0,55.68970704078674
66.20185613632202,0.743692133859649,0.29500782229110606,0.19769773666419035,0.05637841184399439,0.4161256964381043,100,99,-0.00521213049069047,-0.0805201604962349,0,55.788365840911865
66.30163288116455,0.7431792755186192,0.2944566509561547,0.19721865561070864,0.05637841184399439,0.4161256964381043,100,99,-0.0052594346925616264,-0.1020580604672432,0,55.888142585754395
66.40083599090576,0.7429254235116526,0.2941866109776672,0.19626082761412786,0.05637841184399439,0.4161256964381043,100,99,-0.0030723102390766144,-0.11625166982412338,0,55.987345695495605
66.50302815437317,0.7426140094829213,0.2938615735366562,0.19461049899607588,0.056324780298513594,0.41607720924726616,100,99,-4.3047606595791876e-05,-0.09075333923101425,0,56.08953785896301
66.60453271865845,0.7423887832648138,0.2936310145877163,0.19316258409721168,0.056324780298513594,0.41607720924726616,100,99,0.0017536343075335026,-0.056951895356178284,0,56.19104242324829
66.70336675643921,0.7424183606494673,0.2936609567223643,0.19278458385957384,0.056324780298513594,0.41607720924726616,100,99,0.001967503223568201,-0.04291366785764694,0,56.28987646102905
66.80232167243958,0.7425962603139173,0.293840234254464,0.19281167781727818,0.056324780298513594,0.41607720924726616,100,99,0.001916676526889205,-0.036356642842292786,0,56.38883137702942
66.9037561416626,0.7429245335144499,0.29417105614852246,0.1928757169523694,0.056324780298513594,0.41607720924726616,100,99,0.001963749760761857,-0.021952230483293533,0,56.49026584625244
67.00322008132935,0.7429462945565727,0.2941929598962936,0.1928665379021817,0.056324780298513594,0.41607720924726616,100,99,0.0016694264486432076,-0.0003044444601982832,0,56.58972978591919
67.10408687591553,0.7429437654852982,0.2941904077877446,0.1928729690380996,0.056324780298513594,0.41607720924726616,100,99,0.001467445632442832,0.0117790587246418,0,56.69059658050537
67.20373606681824,0.7429436800351447,0.2941903214494653,0.19287871912543933,0.056324780298513594,0.41607720924726616,100,99,0.001407432951964438,0.017185591161251068,0,56.79024577140808
67.30366778373718,0.7429437502697601,0.29419039217421594,0.19287829565778855,0.056324780298513594,0.41607720924726616,100,99,0.001441220985725522,0.026478974148631096,0,56.890177488327026
67.40374159812927,0.742943738740034,0.29419038038011475,0.19288229870151966,0.056324780298513594,0.41607720924726616,100,99,0.00148294388782233,0.03490301966667175,0,56.990251302719116
67.50914263725281,0.7429436992512349,0.29419034051036025,0.1928864164345199,0.056324780298513594,0.41607720924726616,100,99,0.0014507161686196923,0.038186635822057724,0,57.09565234184265
67.6006064414978,0.74297670982715,0.29422364527869044,0.1929499476626728,0.056324780298513594,0.41607720924726616,100,99,0.0012756397482007742,0.04563271254301071,0,57.18711614608765
67.70246243476868,0.7431723904371627,0.29442128762708,0.19312552801728086,0.056324780298513594,0.41607720924726616,100,99,0.001208980567753315,0.04618332162499428,0,57.28897213935852
67.81571221351624,0.7433818010646766,0.2946333092857293,0.1932720639044703,0.056324780298513594,0.41607720924726616,100,99,0.001026163692586124,0.04670805111527443,0,57.40222191810608
67.90304923057556,0.7437527621403797,0.2950099226797984,0.193478822740816,0.056324780298513594,0.41607720924726616,100,99,0.00042039877735078335,0.04700528457760811,0,57.489558935165405
68.0038685798645,0.743987375347982,0.29524867696797086,0.19365340744369788,0.056324780298513594,0.41607720924726616,100,99,0.00019555515609681606,0.04752563685178757,0,57.590378284454346
68.1052794456482,0.7442614621129995,0.29552910770169144,0.19444746202107713,0.056324780298513594,0.41607720924726616,100,99,-0.00021810125326737761,0.04903348535299301,0,57.69178915023804
68.20209574699402,0.7443406987877272,0.29561117651796026,0.19519324669397994,0.056324780298513594,0.41607720924726616,100,99,-0.0005000685341656208,0.05010809749364853,0,57.78860545158386
68.30343174934387,0.7443363591683557,0.29560679476705576,0.19603428509076812,0.056324780298513594,0.41607720924726616,100,99,-0.0006075497949495912,0.0503079853951931,0,57.889941453933716
68.403240442276,0.744316095049409,0.29558529312582044,0.1971190367036775,0.056324780298513594,0.41607720924726616,100,99,-0.0005397632485255599,0.05009853467345238,0,57.989750146865845
68.50650262832642,0.7442699290250359,0.2955356744174176,0.19786224882476675,0.056324780298513594,0.41607720924726616,100,99,-0.00036318806814961135,0.0492674820125103,0,58.09301233291626
68.60555267333984,0.7442113262646712,0.2954720661315143,0.19840921888665367,0.056324780298513594,0.41607720924726616,100,99,-0.003976193256676197,0.0007732805679552257,0,58.19206237792969
68.70933938026428,0.7441609259141329,0.29541713241839085,0.1983702428480469,0.056324780298513594,0.41607720924726616,100,99,-0.005574514158070087,-0.05472762882709503,0,58.295849084854126
68.80977988243103,0.7441743833782095,0.29543170174701655,0.19833673788928766,0.056324780298513594,0.41607720924726616,100,99,-0.005721007939428091,-0.10110456496477127,0,58.396289587020874
68.90646862983704,0.7441675347980086,0.295424246598921,0.19824003879331956,0.056324780298513594,0.41607720924726616,100,99,-0.005721007939428091,-0.10110456496477127,0,58.49297833442688
69.01095771789551,0.7441675347980086,0.295424246598921,0.19824003879331956,0.056324780298513594,0.41607720924726616,100,99,-0.005721007939428091,-0.10110456496477127,0,58.59746742248535
69.10040760040283,0.7435615642277807,0.2947682189104828,0.19739371399523167,0.056324780298513594,0.41607720924726616,100,99,-0.003593175671994686,-0.1312303990125656,0,58.686917304992676
69.20230913162231,0.7422552743657348,0.2934129100690433,0.19148036934236742,0.056324780298513594,0.41607720924726616,100,99,-0.0003741614636965096,-0.10543301701545715,0,58.78881883621216
69.3253481388092,0.742137359130151,0.29329762652192726,0.19012155408797501,0.056324780298513594,0.41607720924726616,100,99,0.0005959339905530214,-0.0920245498418808,0,58.91185784339905
69.40829253196716,0.7421482753442706,0.29330887207527967,0.18807757518634058,0.056324780298513594,0.41607720924726616,100,99,0.0014728903770446777,-0.07122475653886795,0,58.99480223655701
69.5005784034729,0.7421689483016832,0.2933285997265707,0.18772340728478512,0.056324780298513594,0.41607720924726616,100,99,0.0014728903770446777,-0.07122475653886795,0,59.087088108062744
69.60279059410095,0.7422783576867859,0.29343072955448035,0.18573325034147883,0.056324780298513594,0.41607720924726616,100,99,0.0011651167878881097,-0.04929123446345329,0,59.189300298690796
69.70237755775452,0.7423450702341401,0.2934920377868043,0.1852355535880372,0.056324780298513594,0.41607720924726616,100,99,0.0010145235573872924,-0.04282285273075104,0,59.28888726234436
69.81113958358765,0.7426150314125585,0.29373985953909737,0.1849214647381985,0.056324780298513594,0.41607720924726616,100,99,0.000889211893081665,-0.028419092297554016,0,59.39764928817749
69.90204501152039,0.7428835787615929,0.2939843045965204,0.18484584011001362,0.056324780298513594,0.41607720924726616,100,99,0.0007982772076502442,-0.013911525718867779,0,59.48855471611023
70.00307989120483,0.7428804150524022,0.2939812586984256,0.1848441635119372,0.056324780298513594,0.41607720924726616,100,99,0.0005450798198580742,0.00040712999179959297,0,59.58958959579468
70.10745573043823,0.7428798757664573,0.29398075726859285,0.18484954479076296,0.056324780298513594,0.41607720924726616,100,99,0.00032942177494987845,0.012540377676486969,0,59.693965435028076
70.20327997207642,0.7428798839118127,0.29398076244977167,0.18485156638319408,0.056324780298513594,0.41607720924726616,100,99,0.00015613484720233828,0.022348254919052124,0,59.78978967666626
70.30185794830322,0.7428798599355131,0.2939807385678283,0.18484831813847993,0.056324780298513594,0.41607720924726616,100,99,0.005586647428572178,0.028803350403904915,0,59.888367652893066
70.40188264846802,0.7429297742867346,0.29402644592682614,0.18490587315484916,0.056324780298513594,0.41607720924726616,100,99,0.010917547158896923,0.02478104643523693,0,59.98839235305786
70.50293922424316,0.7433001435315267,0.2943659154149617,0.18524697950772087,0.056324780298513594,0.41607720924726616,100,99,0.014582949690520763,0.014549357816576958,0,60.08944892883301
70.60239338874817,0.743927814294498,0.29494286501567135,0.18541993354330902,0.056324780298513594,0.41607720924726616,100,99,0.01703793555498123,0.0037948801182210445,0,60.18890309333801
70.70188975334167,0.7449598098018636,0.29589126141452415,0.18532997352979694,0.056324780298513594,0.41607720924726616,100,99,0.018443750217556953,-0.009421338327229023,0,60.28839945793152
70.80184936523438,0.7461759202846576,0.2970066170337342,0.18512600842081686,0.056324780298513594,0.41607720924726616,100,99,0.018051421269774437,-0.01281669083982706,0,60.38835906982422
70.901926279068,0.7474547878970583,0.29817736863102784,0.1851144218601339,0.056324780298513594,0.41607720924726616,100,99,0.01687704585492611,-0.018115688115358353,0,60.48843598365784
71.00187945365906,0.7486455064376029,0.2992674702457618,0.1851067227133041,0.056324780298513594,0.41607720924726616,99,99,0.016137875616550446,-0.02338734082877636,0,60.5883891582489
71.10253286361694,0.7497773676778319,0.300302698826796,0.18485425786353935,0.056324780298513594,0.41607720924726616,99,99,0.01694558933377266,-0.03778549283742905,0,60.68904256820679
71.20652222633362,0.7507284314613465,0.3011648062045156,0.18376529673903755,0.056324780298513594,0.41607720924726616,99,99,0.017836779356002808,-0.05233039706945419,0,60.79303193092346
71.30234432220459,0.7516472321528587,0.3019861429234508,0.18255673345139214,0.056324780298513594,0.41607720924726616,99,99,0.019422724843025208,-0.06425703316926956,0,60.888854026794434
71.4019787311554,0.7528789115773067,0.3030680553820019,0.1809329943949385,0.056324780298513594,0.41607720924726616,99,99,0.020879337564110756,-0.07358326017856598,0,60.98848843574524
71.50217843055725,0.7540237716762601,0.3040524174406367,0.17912857759201697,0.056324780298513594,0.41607720924726616,99,99,0.022089537233114243,-0.08032345771789551,0,61.088688135147095
71.60175204277039,0.755513800510811,0.30530516163275273,0.1772515988843911,0.056324780298513594,0.41607720924726616,0,99,0.0233814287930727,-0.09159837663173676,0,61.18826174736023
71.70251226425171,0.7571985971893258,0.3066882561187357,0.17508948786731374,0.056324780298513594,0.41607720924726616,0,99,0.023784957826137543,-0.09485341608524323,0,61.28902196884155
71.8018171787262,0.7588758189802192,0.30802750103051024,0.17289094846801842,0.056324780298513594,0.41607720924726616,0,99,0.02586304396390915,-0.102929025888443,0,61.38832688331604
71.90165972709656,0.7607805152090396,0.30950925052818007,0.17058406692701786,0.056324780298513594,0.41607720924726616,0,99,0.02880585938692093,-0.11433102190494537,0,61.4881694316864
72.00513982772827,0.7627939392231309,0.3110270994504302,0.1676503916250698,0.056324780298513594,0.41607720924726616,0,99,0.032077375799417496,-0.12924206256866455,0,61.591649532318115
72.10669684410095,0.76507476451099,0.31269037314187514,0.16468287720531596,0.056324780298513594,0.41607720924726616,0,99,0.03289598599076271,-0.13218164443969727,0,61.693206548690796
72.20317006111145,0.76507476451099,0.31269037314187514,0.16468287720531596,0.056324780298513594,0.41607720924726616,0,99,0.03470047935843468,-0.1374121904373169,0,61.789679765701294
72.30927467346191,0.76507476451099,0.31269037314187514,0.16468287720531596,0.056324780298513594,0.41607720924726616,0,99,0.03681837022304535,-0.14248210191726685,0,61.89578437805176
72.40206456184387,0.76507476451099,0.31269037314187514,0.16468287720531596,0.056324780298513594,0.41607720924726616,0,99,0.023324404507875443,-0.06811334490776062,0,61.988574266433716
72.50567650794983,0.76507476451099,0.31269037314187514,0.16468287720531596,0.056324780298513594,0.41607720924726616,0,99,0.0,0.0,0,62.09218621253967
72.60047245025635,0.76507476451099,0.31269037314187514,0.16468287720531596,0.056324780298513594,0.41607720924726616,0,99,0.01,-0.06,0,62.18698215484619
72.7149965763092,0.7738383880450365,0.3191519912701683,0.15269252080687543,0.05627404184214929,0.4159780452578364,0,99,0.03,-0.1441739797592163,0,62.30150628089905
72.80244421958923,0.7768632223199078,0.32097612796797426,0.14871739638628248,0.05627404184214929,0.4159780452578364,0,99,0.041415538638830185,-0.14483527839183807,0,62.38895392417908
72.90614795684814,0.7796326533156257,0.3225702875069176,0.14417167933457023,0.05627404184214929,0.4159780452578364,0,99,0.04194756969809532,-0.14184749126434326,0,62.49265766143799
73.00295829772949,0.7818963018570945,0.32381696830595613,0.14122632304345809,0.05627404184214929,0.4159780452578364,0,99,0.041649289429187775,-0.13764242827892303,0,62.589468002319336
73.10310196876526,0.7866985596966252,0.32632571748630057,0.1359196224084814,0.05627404184214929,0.4159780452578364,0,99,0.04092685505747795,-0.13503441214561462,0,62.6896116733551
73.20235466957092,0.7905226437588967,0.3282070113977025,0.13183945387668608,0.05627404184214929,0.4159780452578364,0,99,0.04040230065584183,-0.13314174115657806,0,62.78886437416077
73.30296087265015,0.7935707271807918,0.3296381858734801,0.1281003786328251,0.05627404184214929,0.4159780452578364,0,99,0.04029468074440956,-0.1311183124780655,0,62.88947057723999
73.40545129776001,0.7959864296789713,0.33072792349522245,0.12582328227902248,0.05627404184214929,0.4159780452578364,0,99,0.040374718606472015,-0.13039328157901764,0,62.99196100234985
73.50454449653625,0.8013893032778514,0.33304131118551517,0.11909720591161463,0.05627404184214929,0.4159780452578364,0,99,0.04104330763220787,-0.1283407211303711,0,63.0910542011261
73.60299515724182,0.8034324179625958,0.33387425002696575,0.11655884128305616,0.05627404184214929,0.4159780452578364,0,99,0.04175840690732002,-0.12701775133609772,0,63.189504861831665
73.70425820350647,0.8070387451162419,0.33529478796572676,0.11303664786923935,0.05627404184214929,0.4159780452578364,0,99,0.04175840690732002,-0.12701775133609772,0,63.29076790809631
73.80522966384888,0.8121810828619176,0.3372091914528299,0.10719425240484425,0.05627404184214929,0.4159780452578364,0,99,0.042369041591882706,-0.12475264817476273,0,63.39173936843872
73.90295815467834,0.8150383725093019,0.3382195101756916,0.1043172296546796,0.05627404184214929,0.4159780452578364,0,99,0.042493321001529694,-0.11982517689466476,0,63.48946785926819
74.00437355041504,0.8208300317504725,0.34581010176054344,0.10377245767328461,0.05627404184214929,0.4159780452578364,0,99,0.04343332350254059,-0.11699485778808594,0,63.59088325500488
74.10038423538208,0.8254248652370964,0.3510459952503424,0.1030826448454543,0.05627404184214929,0.4159780452578364,0,99,0.044213343411684036,-0.11511735618114471,0,63.686893939971924
74.20262312889099,0.8281683192003769,0.35186967099301675,0.10050413151282786,0.05627404184214929,0.4159780452578364,0,99,0.044829998165369034,-0.11653347313404083,0,63.789132833480835
74.30818963050842,0.8320946844184326,0.3529932053078176,0.09684666437133162,0.05627404184214929,0.4159780452578364,0,99,0.04637712985277176,-0.1176895871758461,0,63.89469933509827
74.41007494926453,0.8382609523423254,0.3546517047601048,0.09127210734928233,0.05627404184214929,0.4159780452578364,0,99,0.048596687614917755,-0.11815834045410156,0,63.99658465385437
74.50756001472473,0.8408095434467017,0.3552982256429946,0.0890599229244244,0.05627404184214929,0.4159780452578364,0,99,0.04914044961333275,-0.11862163245677948,0,64.09406971931458
74.60172510147095,0.8461816678449703,0.35657324672060653,0.08361093724679043,0.05627404184214929,0.4159780452578364,0,99,0.04992084577679634,-0.11688107252120972,0,64.18823480606079
74.70830988883972,0.848316357721002,0.3570474159928289,0.08117022776994326,0.05627404184214929,0.4159780452578364,0,99,0.05009295418858528,-0.11573875695466995,0,64.29481959342957
74.80670166015625,0.8538759428357273,0.35821812517342394,0.07551680223612647,0.0515474432245929,0.4118024909278329,0,99,0.05173160880804062,-0.11569386720657349,0,64.3932113647461
74.92320394515991,0.8598043824488304,0.359348067074752,0.07118271820716594,0.0515474432245929,0.4118024909278329,0,99,0.03865387350320816,-0.04196752160787583,0,64.50971364974976
75.0028748512268,0.8642455089459117,0.36008348625558,0.06673715189522264,0.0515474432245929,0.4118024909278329,0,99,0.008653873503208162,0.0,0,64.58938455581665
75.10304546356201,0.8673073579091364,0.35744234358195653,0.0627763659095524,0.0515474432245929,0.4118024909278329,0,99,0.0,0.0,0,64.68955516815186
75.20242977142334,0.8708825724138385,0.35412449876781227,0.05773839768856505,0.0515474432245929,0.4118024909278329,0,99,-0.05000000074505806,0.0,0,64.78893947601318
75.30338907241821,0.8733990982377801,0.3508937997096922,0.05325188063448235,0.0515474432245929,0.4118024909278329,0,99,-0.05000000074505806,0.0,0,64.88989877700806
75.40109825134277,0.8709388844656443,0.3504998138776004,0.0541811964780744,0.0515474432245929,0.4118024909278329,0,99,-0.05000000074505806,0.0,0,64.98760795593262
75.50381708145142,0.8612522384748997,0.34895618007518786,0.05733239982502818,0.0515474432245929,0.4118024909278329,0,99,-0.05000000074505806,0.0,0,65.09032678604126
75.60187649726868,0.8569044726216664,0.34825649340151665,0.058944192105652625,0.0515474432245929,0.4118024909278329,0,99,-0.05000000074505806,0.0,0,65.18838620185852
75.71140694618225,0.8518546814482922,0.34743384269727007,0.060496472627131787,0.0515474432245929,0.4118024909278329,0,99,-0.05000000074505806,0.0,0,65.2979166507721
75.80740141868591,0.8472583869369135,0.34667676937825675,0.06217024721948704,0.0515474432245929,0.4118024909278329,0,99,-0.05000000074505806,0.0,0,65.39391112327576
75.90335536003113,0.8430376945835251,0.3459716994011178,0.06333646053389241,0.0515474432245929,0.4118024909278329,0,99,-0.05000000074505806,0.0,0,65.48986506462097
76.00114607810974,0.8373103116961041,0.34500785229544095,0.06545061839555077,0.0515474432245929,0.4118024909278329,0,99,-0.05000000074505806,0.0,0,65.58765578269958
76.10062503814697,0.8324100545219574,0.34416880513443576,0.06691521679071513,0.0515474432245929,0.4118024909278329,0,99,-0.05000000074505806,0.0,0,65.68713474273682
76.20530724525452,0.827561667994198,0.34333116112827533,0.06865916605546298,0.0515474432245929,0.4118024909278329,0,99,-0.05000000074505806,0.0,0,65.79181694984436
76.30650639533997,0.8226579481863855,0.34247195491125126,0.07000833573385766,0.0515474432245929,0.4118024909278329,0,99,-0.05000000074505806,0.0,0,65.89301609992981
76.40478897094727,0.8178252376632467,0.3416229477211787,0.07145526616420654,0.0515474432245929,0.4118024909278329,0,99,-0.05000000074505806,0.0,0,65.99129867553711
76.51724743843079,0.8129448909954947,0.3407555631034931,0.07292500386713004,0.0515474432245929,0.4118024909278329,0,99,-0.05000000074505806,0.0,0,66.10375714302063
76.61015820503235,0.8097783586548223,0.3401901233871208,0.07402347674666873,0.0515474432245929,0.4118024909278329,0,99,-0.05000000074505806,0.0,0,66.19666790962219
76.70572519302368,0.8039318688221033,0.3391282907310852,0.07619922185408634,0.0515474432245929,0.4118024909278329,0,99,-0.05000000074505806,0.0,0,66.29223489761353
76.80522108078003,0.7985612090417228,0.3381442436712974,0.07751281350494142,0.0515474432245929,0.4118024909278329,0,99,-0.05000000074505806,0.0,0,66.39173078536987
76.9054217338562,0.7936964245272776,0.3372415658358369,0.07916795156793852,0.0515474432245929,0.4118024909278329,0,99,-0.05000000074505806,0.0,0,66.49193143844604
77.00025939941406,0.7895702461440944,0.3364724962442506,0.08042738454052563,0.0515474432245929,0.4118024909278329,0,99,-0.05000000074505806,0.0,0,66.5867691040039
77.10272717475891,0.783965096426628,0.33541477574381917,0.08288739251810952,0.0515474432245929,0.4118024909278329,0,99,-0.05000000074505806,0.0,0,66.68923687934875
77.20573806762695,0.7788469865876885,0.3344384116325608,0.0849850554395084,0.0515474432245929,0.4118024909278329,0,99,-0.05000000074505806,0.0,0,66.7922477722168
77.30529737472534,0.7744746907367119,0.3335950379754009,0.08736774606439768,0.0515474432245929,0.4118024909278329,0,99,-0.05000000074505806,0.0,0,66.89180707931519
77.40094065666199,0.7714952917784629,0.33301437566799946,0.08864486357534965,0.0515474432245929,0.4118024909278329,0,99,-0.05000000074505806,0.0,0,66.98745036125183
77.50549340248108,0.7657106207889502,0.3318835592246968,0.09172759749298337,0.0515474432245929,0.4118024909278329,0,99,-0.05000000074505806,0.0,0,67.09200310707092
77.60040211677551,0.7293038500966035,0.33204642180662397,0.11843959273910476,0.0515474432245929,0.4118024909278329,0,99,-0.05000000074505806,0.0,0,67.18691182136536
77.70360946655273,0.7241913920977745,0.3310691258083477,0.12236704744800506,0.0515474432245929,0.4118024909278329,0,99,-0.05000000074505806,0.0,0,67.29011917114258
77.8047845363617,0.7195135201525343,0.33016109921012365,0.12581424249913756,0.0515474432245929,0.4118024909278329,0,99,-0.05000000074505806,0.0,0,67.39129424095154
77.90326428413391,0.7144089918893567,0.3291637047249382,0.12979888715396387,0.0515474432245929,0.4118024909278329,0,99,-0.05000000074505806,0.0,0,67.48977398872375
78.00530862808228,0.7094271157573832,0.32817584557562457,0.1336362597258882,0.0515474432245929,0.4118024909278329,0,99,-0.05000000074505806,0.0,0,67.59181833267212
78.10464358329773,0.7065584348574824,0.32760459582667684,0.13588984463082374,0.0515474432245929,0.4118024909278329,0,99,-0.05000000074505806,0.0,0,67.69115328788757
78.2031021118164,0.701333011892061,0.32655210490384823,0.14006087735258171,0.0515474432245929,0.4118024909278329,0,99,-0.05000000074505806,0.0,0,67.78961181640625
78.30311489105225,0.6949791931644073,0.3252645324066814,0.1451896450057395,0.0515474432245929,0.4118024909278329,0,99,-0.05000000074505806,0.0,0,67.88962459564209
78.40370607376099,0.6900114587913102,0.32424345668189075,0.1492349821901444,0.0515474432245929,0.4118024909278329,0,99,-0.05000000074505806,0.0,0,67.99021577835083
78.50367450714111,0.6849378860328913,0.32319661281800505,0.15342542771269033,0.07734464029499269,0.436952155112869,0,99,0.0,0.0,0,68.09018421173096
78.61126375198364,0.6817093925825518,0.322521700164009,0.15612240277815317,0.07734464029499269,0.436952155112869,0,99,0.0,0.0,0,68.19777345657349
78.70040202140808,0.6821687161200338,0.3226176399669255,0.1557402022688066,0.07734464029499269,0.436952155112869,0,99,0.013850593008100986,-0.014172893948853016,0,68.28691172599792
78.8153064250946,0.6822109662214453,0.32262647783736187,0.15569520517114044,0.07734464029499269,0.436952155112869,0,99,0.02221532166004181,-0.01995377242565155,0,68.40181612968445
78.90070056915283,0.6824461623786884,0.32267559337155993,0.15549672383627813,0.07734464029499269,0.436952155112869,0,99,0.025493165478110313,-0.023366108536720276,0,68.48721027374268
79.0031144618988,0.6845594734572397,0.3231120356919773,0.15369631482671275,0.07734464029499269,0.436952155112869,0,99,0.030433859676122665,-0.03288038447499275,0,68.58962416648865
79.1003086566925,0.687818102618203,0.3237762234269477,0.15098373717858385,0.07734464029499269,0.436952155112869,0,99,0.0336686372756958,-0.04210452735424042,0,68.68681836128235
79.20700597763062,0.6906674221988782,0.32435067290706,0.14859074099509603,0.07734464029499269,0.436952155112869,0,99,0.035913411527872086,-0.05055423825979233,0,68.79351568222046
79.300705909729,0.6950665174708258,0.3252040918566991,0.1448283974198239,0.07734464029499269,0.436952155112869,0,99,0.03774091601371765,-0.060537487268447876,0,68.88721561431885
79.40399885177612,0.6984547808110937,0.3258326103962039,0.14194336249216663,0.07734464029499269,0.436952155112869,0,99,0.040349796414375305,-0.07187031954526901,0,68.99050855636597
79.50173592567444,0.7019868133362704,0.3264616853647368,0.13895268707757488,0.07734464029499269,0.436952155112869,0,99,0.04194432124495506,-0.07573578506708145,0,69.08824563026428
79.60348081588745,0.706426766790019,0.3272163231357186,0.13518868716426222,0.05303698956542771,0.4113929378014754,0,99,0.042964037507772446,-0.07711374014616013,0,69.1899905204773
79.70423102378845,0.7105585118654668,0.3278674246558894,0.13170417497055206,0.05303698956542771,0.4113929378014754,0,99,0.043096017092466354,-0.07230885326862335,0,69.2907407283783
79.80664038658142,0.714539450380351,0.3284503783725634,0.12837439880488316,0.05303698956542771,0.4113929378014754,0,99,0.04396965727210045,-0.06651973724365234,0,69.39315009117126
79.91799235343933,0.7159891580009973,0.3286527447756196,0.12714379917103738,0.05303698956542771,0.4113929378014754,0,99,0.045688729733228683,-0.06288540363311768,0,69.50450205802917
80.00488448143005,0.7233915005409318,0.32964086746486476,0.12090472507068967,0.05303698956542771,0.4113929378014754,0,99,0.046678900718688965,-0.06053275614976883,0,69.5913941860199
80.10359168052673,0.7263451593070602,0.33000565024737805,0.11842161221129377,0.05303698956542771,0.4113929378014754,0,99,0.047156911343336105,-0.0608704574406147,0,69.69010138511658
80.20173692703247,0.7312079897291998,0.33056948508069434,0.11433447788262875,0.05303698956542771,0.4113929378014754,0,99,0.04729980602860451,-0.061279818415641785,0,69.78824663162231
80.30364060401917,0.7327827705365565,0.33074517538228565,0.11297640906513587,0.05303698956542771,0.4113929378014754,0,99,0.04727444797754288,-0.06062189117074013,0,69.89015030860901
80.4069275856018,0.7377698241760363,0.33128282391559355,0.10876950022985173,0.05303698956542771,0.4113929378014754,0,99,0.0468982495367527,-0.05723137781023979,0,69.99343729019165
80.50123834609985,0.7426027862234272,0.331754606971023,0.10475270948685562,0.05303698956542771,0.4113929378014754,0,99,0.04656077176332474,-0.05285373702645302,0,70.0877480506897
80.60260081291199,0.7501684147652882,0.3324244644164484,0.09832858254784578,0.052568509890191434,0.4113609856547559,0,99,0.04656077176332474,-0.05285373702645302,0,70.18911051750183
80.70700001716614,0.7722265588309449,0.3219357547990355,0.07392369926507027,0.052568509890191434,0.4113609856547559,0,99,0.04620453715324402,-0.0448790080845356,0,70.29350972175598
80.80079102516174,0.780265023942954,0.3225424771562728,0.06713360566253385,0.052568509890191434,0.4113609856547559,0,99,0.04594850912690163,-0.034724097698926926,0,70.38730072975159
80.92190361022949,0.7829901858550368,0.32273308320875393,0.06479687500307288,0.052568509890191434,0.4113609856547559,0,99,0.04538422077894211,-0.015024488791823387,0,70.50841331481934
81.00098586082458,0.7896391163640499,0.32316007168957395,0.059101780862922504,0.052568509890191434,0.4113609856547559,0,99,0.04470288008451462,-0.00014575093518942595,0,70.58749556541443
81.10136818885803,0.7924556583069531,0.32333383306793984,0.05664740114973093,0.052568509890191434,0.4113609856547559,0,99,0.04396232217550278,0.010280227288603783,0,70.68787789344788
81.21260452270508,0.7979942750154001,0.3236684874289967,0.05190560367902168,0.052568509890191434,0.4113609856547559,0,99,0.043243929743766785,0.017178736627101898,0,70.79911422729492
81.30410623550415,0.8027370453808628,0.3239557931110457,0.047965678397290344,0.052568509890191434,0.4113609856547559,0,99,0.04252598062157631,0.02453947812318802,0,70.890615940094
81.41296029090881,0.8052684377025774,0.32411020313708977,0.0459290993994453,0.052568509890191434,0.4113609856547559,0,99,0.04179740697145462,0.030050432309508324,0,70.99946999549866
81.53371977806091,0.8101941047407047,0.3244145232831791,0.042247754691056315,0.052568509890191434,0.4113609856547559,0,99,0.04095516726374626,0.0359804593026638,0,71.12022948265076
81.6056010723114,0.812245944024499,0.32454750939390214,0.040934052940277625,0.052568509890191434,0.4113609856547559,0,99,0.040026284754276276,0.03915732353925705,0,71.19211077690125
81.70314192771912,0.8189634860094596,0.3249998516722804,0.03676379621979287,0.048829312122113,0.4080108486860875,0,99,0.03953765332698822,0.04067404568195343,0,71.28965163230896
81.80312418937683,0.8227645982684446,0.3252711406902075,0.035695073045716195,0.048829312122113,0.4080108486860875,0,99,0.039177801460027695,0.038389652967453,0,71.38963389396667
81.90410423278809,0.8268888814633185,0.3255899171238431,0.034649961329236006,0.048829312122113,0.4080108486860875,0,99,0.03865080699324608,0.035527780652046204,0,71.49061393737793
82.00337195396423,0.8288155343706115,0.32574177888888295,0.034160865980284914,0.048829312122113,0.4080108486860875,0,99,0.03834992274641991,0.03389066830277443,0,71.58988165855408
82.10038542747498,0.8329472759233932,0.3260743584330523,0.03334585222006274,0.048829312122113,0.4080108486860875,0,99,0.038349587470293045,0.03301065415143967,0,71.68689513206482
82.21049404144287,0.8385404193277208,0.3265541465846398,0.03276812273217616,0.048829312122113,0.4080108486860875,0,99,0.03911014273762703,0.02791568823158741,0,71.79700374603271
82.30570936203003,0.8425812211782451,0.326915639768752,0.03141257002343332,0.048829312122113,0.4080108486860875,0,99,0.0390913300216198,0.025568762794137,0,71.89221906661987
82.40598464012146,0.844747476477486,0.32710941363350904,0.03088763339139268,0.048829312122113,0.4080108486860875,0,99,0.0394359789788723,0.0257324930280447,0,71.9924943447113
82.50966811180115,0.8499956285541546,0.3275941616672631,0.030206246763222595,0.048829312122113,0.4080108486860875,0,99,0.0399838425219059,0.027494285255670547,0,72.09617781639099
82.60779452323914,0.854341157626066,0.3280105712550619,0.028882205800193083,0.048829312122113,0.4080108486860875,0,99,0.040384892374277115,0.029460756108164787,0,72.19430422782898
82.71120691299438,0.8584079236966049,0.3284038758836287,0.028212543670722134,0.043995328571190456,0.4037626546768183,0,99,0.04040220007300377,0.03177531808614731,0,72.29771661758423
82.80200934410095,0.8610578195425865,0.32867097290700753,0.027984006667016052,0.043995328571190456,0.4037626546768183,0,99,0.03959136828780174,0.021484509110450745,0,72.3885190486908
82.90162086486816,0.8638352424826244,0.3289599009885405,0.027472315266755535,0.043995328571190456,0.4037626546768183,0,99,0.03930061683058739,0.015597375109791756,0,72.48813056945801
83.0050482749939,0.8401706785302131,0.33036665614474187,0.03824058413090722,0.043995328571190456,0.4037626546768183,0,99,0.04202839359641075,0.012494578957557678,0,72.59155797958374
83.1025767326355,0.844441111581389,0.33081649814886,0.037323884542986054,0.043995328571190456,0.4037626546768183,0,99,0.044041454792022705,0.0074355509132146835,0,72.68908643722534
83.20078420639038,0.8465204678379815,0.33103600222120383,0.03655181391875196,0.043995328571190456,0.4037626546768183,0,99,0.045628439635038376,0.0004783118492923677,0,72.78729391098022
83.30355787277222,0.8532447678641607,0.3317469013049216,0.03457071995828752,0.043995328571190456,0.4037626546768183,0,99,0.0464639812707901,-0.00610429048538208,0,72.89006757736206
83.40104484558105,0.8577839972229775,0.33222612784449834,0.032883639648973936,0.043995328571190456,0.4037626546768183,0,99,0.04651038348674774,-0.010281534865498543,0,72.9875545501709
83.50580596923828,0.8608459481043753,0.3325440422566248,0.031750802683573415,0.043995328571190456,0.4037626546768183,0,99,0.04623492807149887,-0.01336069218814373,0,73.09231567382812
83.60376191139221,0.8654622838711719,0.33301932399079837,0.029886773470796435,0.043995328571190456,0.4037626546768183,0,99,0.04573551192879677,-0.015581971034407616,0,73.19027161598206
83.74008846282959,0.8693773513784129,0.3334145700890882,0.02851332870408654,0.037841751955880104,0.3980855703305489,0,99,0.04480580985546112,-0.018856091424822807,0,73.32659816741943
83.80738401412964,0.8712530739118449,0.3336026153286708,0.027880633658126843,0.037841751955880104,0.3980855703305489,0,99,0.044243957847356796,-0.022377071902155876,0,73.39389371871948
83.9004921913147,0.8799889360917192,0.334453236290141,0.02414412466751041,0.037841751955880104,0.3980855703305489,0,99,0.04318942874670029,-0.03306938335299492,0,73.48700189590454
84.00639748573303,0.8835377177610506,0.3347893356114582,0.02265030743117077,0.037841751955880104,0.3980855703305489,0,99,0.04258400946855545,-0.04528350383043289,0,73.59290719032288
84.11347365379333,0.8855098720811412,0.3349686306423306,0.021295329853529527,0.037841751955880104,0.3980855703305489,0,99,0.042178891599178314,-0.055734001100063324,0,73.69998335838318
84.20038914680481,0.8933076589861823,0.33562938179896457,0.016768132892093026,0.037841751955880104,0.3980855703305489,0,99,0.04178479686379433,-0.06589175760746002,0,73.78689885139465
84.3091630935669,0.8974863361376395,0.335935145666018,0.013644813919352065,0.037841751955880104,0.3980855703305489,0,99,0.041540078818798065,-0.07760491967201233,0,73.89567279815674
84.40411019325256,0.9004078401229219,0.33612900980151406,0.011562406865491164,0.037841751955880104,0.3980855703305489,0,99,0.041339267045259476,-0.08610151708126068,0,73.99061989784241
84.5033450126648,0.9055218147458723,0.3364091916962201,0.00781293228803319,0.037841751955880104,0.3980855703305489,0,99,0.041382625699043274,-0.09206315875053406,0,74.08985471725464
84.6038122177124,0.9094992037873012,0.3365884458969385,0.004016474418546002,0.037841751955880104,0.3980855703305489,0,99,0.041319720447063446,-0.09536828845739365,0,74.19032192230225
84.71160221099854,0.9140767683281856,0.33672122139406896,0.0005697432092220955,0.037841751955880104,0.3980855703305489,0,99,0.04112457111477852,-0.09464584290981293,0,74.29811191558838
84.80805587768555,0.9167413156006531,0.3367650432949613,0.0,0.037841751955880104,0.3980855703305489,0,99,0.042398370802402496,-0.0854502022266388,0,74.39456558227539
84.90408444404602,0.9221875234998927,0.33678597602846083,0.0,0.037841751955880104,0.3980855703305489,0,99,0.04327424615621567,-0.06472546607255936,0,74.49059414863586
85.0020387172699,0.9269441109931111,0.3367509872528288,0.0,0.037841751955880104,0.3980855703305489,0,99,0.042930178344249725,-0.05889236554503441,0,74.58854842185974
85.10004091262817,0.9280381044828784,0.33673929734460034,0.0,0.037841751955880104,0.3980855703305489,0,99,0.041982945054769516,-0.05134402960538864,0,74.68655061721802
85.20485424995422,0.9428209366508123,0.34385885927628473,0.0,0.037841751955880104,0.3980855703305489,0,99,0.04061051830649376,-0.04534481465816498,0,74.79136395454407
85.3024570941925,0.9474175660051027,0.3459800310818569,0.0,0.037841751955880104,0.3980855703305489,0,99,0.03956840932369232,-0.03892750293016434,0,74.88896679878235
85.40414929389954,0.9518579391400521,0.3458577945047809,0.0,0.037841751955880104,0.3980855703305489,0,99,0.03936048969626427,-0.035297490656375885,0,74.99065899848938
85.50707960128784,0.9574277306994095,0.34566406239435676,0.0,0.037841751955880104,0.3980855703305489,0,99,0.03921503946185112,-0.02963319793343544,0,75.09358930587769
85.60428810119629,0.9601669479453715,0.3455483065654806,0.0,0.037841751955880104,0.3980855703305489,0,99,0.038751788437366486,-0.0224929116666317,0,75.19079780578613
85.70149278640747,0.9639452804991874,0.34538033609059265,0.0,0.037841751955880104,0.3980855703305489,0,99,0.03865595906972885,-0.01364905945956707,0,75.28800249099731
85.80167484283447,0.9679851289953247,0.3451923234462351,0.0,-0.010073612079790822,0.3474752128685421,0,99,0.038104135543107986,-0.0019779757130891085,0,75.38818454742432
85.90384316444397,0.9730409908639986,0.344935565349606,0.0,-0.010073612079790822,0.3474752128685421,0,99,0.03851515054702759,-0.00704720476642251,0,75.49035286903381
86.00700545310974,0.9764938106467725,0.3447631441848472,0.0,-0.010073612079790822,0.3474752128685421,0,99,0.04013761132955551,-0.024510452523827553,0,75.59351515769958
86.10487127304077,0.9778365883636659,0.3446938111828691,0.0,-0.010073612079790822,0.3474752128685421,0,99,0.040705014020204544,-0.0297845508903265,0,75.69138097763062
86.2162139415741,0.9790142164684603,0.34463153361961507,0.0,-0.010073612079790822,0.3474752128685421,0,99,0.04123856872320175,-0.03449627384543419,0,75.80272364616394
86.31175589561462,0.9826558115710824,0.34443087120511345,0.0,-0.010073612079790822,0.3474752128685421,0,99,0.04188057407736778,-0.043628014624118805,0,75.89826560020447
86.40360498428345,0.989663706128556,0.34401273098803986,0.0,-0.010073612079790822,0.3474752128685421,0,99,0.04286635294556618,-0.0485311821103096,0,75.99011468887329
86.50088310241699,0.9946261813447602,0.34366820188479624,0.0,-0.010073612079790822,0.3474752128685421,0,99,0.04434577003121376,-0.05728251114487648,0,76.08739280700684
86.60132694244385,1.0017593674853238,0.34310017431436207,0.0,-0.010073612079790822,0.3474752128685421,0,99,0.04494323581457138,-0.06065458431839943,0,76.18783664703369
86.70408082008362,1.0057710556381128,0.34273752671517604,0.0,-0.010073612079790822,0.3474752128685421,0,99,0.045691072940826416,-0.06696856021881104,0,76.29059052467346
86.80064368247986,1.0107302052539098,0.3422427474523557,0.0,-0.010073612079790822,0.3474752128685421,0,99,0.0457780621945858,-0.06778161972761154,0,76.3871533870697
86.90207552909851,1.015302797663722,0.34174903104268106,0.0,-0.010073612079790822,0.3474752128685421,0,99,0.0458514429628849,-0.06682975590229034,0,76.48858523368835
87.0049078464508,1.0198388760311758,0.34122128808601865,0.0,-0.010073612079790822,0.3474752128685421,0,99,0.04761234670877457,-0.057106297463178635,0,76.59141755104065
87.11414504051208,1.0245428068506472,0.3406262217556447,0.0,-0.010073612079790822,0.3474752128685421,0,99,0.04920664057135582,-0.04640614613890648,0,76.70065474510193
87.20062351226807,1.0278653445575698,0.34018738984601665,0.0,-0.010073612079790822,0.3474752128685421,0,99,0.04993889108300209,-0.0361444354057312,0,76.78713321685791
87.30650925636292,1.032310200861349,0.33958454119374293,0.0,-0.010073612079790822,0.3474752128685421,0,99,0.04986821860074997,-0.02911236137151718,0,76.89301896095276
87.4041268825531,1.0381764484671134,0.33874923642661275,0.0,-0.010073612079790822,0.3474752128685421,0,99,0.04877341538667679,-0.024732349440455437,0,76.99063658714294
87.50707578659058,1.0424048202750715,0.3381349035436143,0.0,-0.010073612079790822,0.3474752128685421,0,99,0.04780527204275131,-0.021897578611969948,0,77.09358549118042
87.60528421401978,1.047845292444173,0.33732799818246634,0.0,-0.010073612079790822,0.3474752128685421,0,99,0.046845220029354095,-0.019386447966098785,0,77.19179391860962
87.70416283607483,1.0533403648495607,0.33650252976811185,0.0,-0.010073612079790822,0.3474752128685421,0,99,0.04557212069630623,-0.015990879386663437,0,77.29067254066467
87.80907344818115,1.058059628272709,0.33578688058658224,0.0,-0.019972469810467103,0.34174698389787667,0,99,0.04498530179262161,-0.007156204432249069,0,77.395583152771
87.90349435806274,1.060966783405991,0.335339420836993,0.0,-0.019972469810467103,0.34174698389787667,0,99,0.044406015425920486,0.002389415167272091,0,77.49000406265259
88.0026741027832,1.0638146033660627,0.33490288534816137,0.0,-0.019972469810467103,0.34174698389787667,0,99,0.04337559640407562,0.004197648260742426,0,77.58918380737305
88.10415720939636,1.0686758073299563,0.33415160331305316,0.0,-0.019972469810467103,0.34174698389787667,0,99,0.042350076138973236,0.004318109713494778,0,77.6906669139862
88.2009949684143,1.073849982748625,0.3333531672065099,0.0,-0.019972469810467103,0.34174698389787667,0,99,0.04112541675567627,0.00351351173594594,0,77.78750467300415
88.29993295669556,1.0796260323180118,0.33246121302839016,0.0,-0.019972469810467103,0.34174698389787667,0,99,0.039874304085969925,0.0023750190157443285,0,77.8864426612854
88.40602993965149,1.0822772156487632,0.33205222086504926,0.0,-0.019972469810467103,0.34174698389787667,0,99,0.03858191519975662,0.0009306621504947543,0,77.99253964424133
88.50303959846497,1.0857398024558291,0.33151822437996836,0.0,-0.019972469810467103,0.34174698389787667,0,99,0.0372597835958004,0.0009562213672325015,0,78.08954930305481
88.6050865650177,1.0899558354368408,0.33086398143238044,0.0,-0.019972469810467103,0.34174698389787667,0,99,0.0358722098171711,0.0013906324747949839,0,78.19159626960754
88.70336365699768,1.092646188378037,0.3304477444894584,0.0,-0.019972469810467103,0.34174698389787667,0,99,0.03637922927737236,0.006412132643163204,0,78.28987336158752
88.80567693710327,1.0976659578982593,0.3296740802255957,0.0,-0.019972469810467103,0.34174698389787667,0,99,0.0365138053894043,0.011530565097928047,0,78.39218664169312
88.90660548210144,1.1018365485178472,0.32903249902961806,0.0,-0.036799285159019285,0.3212761572317508,0,99,0.035903967916965485,0.01561236847192049,0,78.49311518669128
89.00589680671692,1.1051954261006722,0.3285207276691323,0.0,-0.036799285159019285,0.3212761572317508,0,99,0.03590261936187744,0.01795283332467079,0,78.59240651130676
89.1038122177124,1.1089416829782377,0.32795171053963085,0.0,-0.036799285159019285,0.3212761572317508,0,99,0.037673063576221466,0.02005353383719921,0,78.69032192230225
89.20430970191956,1.1114907368877323,0.32756690792734683,0.0,-0.036799285159019285,0.3212761572317508,0,99,0.03844950720667839,0.02031354233622551,0,78.7908194065094
89.30031180381775,1.1150113173181786,0.3270493527840924,0.0,-0.036799285159019285,0.3212761572317508,0,99,0.038296375423669815,0.018521344289183617,0,78.88682150840759
89.40009951591492,1.120177319390471,0.3262952507175563,0.0,-0.036799285159019285,0.3212761572317508,0,99,0.03753907233476639,0.018094701692461967,0,78.98660922050476
89.5073881149292,1.1228079974692988,0.32591420267068905,0.0,-0.036799285159019285,0.3212761572317508,0,99,0.036596521735191345,0.019403621554374695,0,79.09389781951904
89.60476207733154,1.1275891658988908,0.3252377762538821,0.0,-0.036799285159019285,0.3212761572317508,0,99,0.03573773428797722,0.02051275409758091,0,79.19127178192139
89.70077514648438,1.1308288542798144,0.32579851874549687,0.0,-0.036799285159019285,0.3212761572317508,0,99,0.03486018255352974,0.019823331385850906,0,79.28728485107422
89.80093836784363,1.132975471391854,0.32595969777253564,0.0,-0.036799285159019285,0.3212761572317508,0,99,0.03584064170718193,0.020822932943701744,0,79.38744807243347
89.9048125743866,1.1370191963312715,0.3253627032085333,0.0,-0.032148491001760426,0.32802377221760465,0,99,0.036091748625040054,0.021008066833019257,0,79.49132227897644
90.00713992118835,1.1417544292488053,0.3246716347548478,0.0,-0.032148491001760426,0.32802377221760465,0,99,0.035813674330711365,0.022470247000455856,0,79.5936496257782
