t,fwd,lat,clear_geo,plan_clear,plan_lat_at_box,lc_box,gc_box,v,w,box_pts,box_age
0.00029206275939941406,0.0,0.0,0.9230000443458555,nan,nan,99,99,0.0,0.0,168,0.00029206275939941406
0.10248160362243652,0.0,0.0,0.9229877780972735,0.11762937790533898,0.37800979525485695,99,99,0.0,0.0,166,0.10248160362243652
0.2023329734802246,0.00011164885057011075,-5.579358395834406e-09,0.9228560995229615,0.11762937790533898,0.37800979525485695,99,99,0.02,0.12,166,0.2023329734802246
0.30220603942871094,0.0014394559331804872,4.882062479594678e-06,0.9203713684745303,0.11762937790533898,0.37800979525485695,99,99,0.04,0.21106590330600739,164,0.30220603942871094
0.4032149314880371,0.005192013694112815,8.413278712519727e-05,0.9137391763494307,0.11762937790533898,0.37800979525485695,99,99,0.060000000000000005,0.26172834634780884,148,0.4032149314880371
0.5021872520446777,0.009268169439832984,0.00027533393639738243,0.9130000538825986,0.09141679089958435,0.37800979525485695,99,99,0.08,0.27776843309402466,171,0.0
0.6027321815490723,0.013233665761534475,0.0005561505149667842,0.9058645290619988,0.09141679089958435,0.37800979525485695,99,99,0.08387740701436996,0.2617841958999634,181,0.10054492950439453
0.7026703357696533,0.01788735823675284,0.0009743728685444039,0.8981396579296888,0.09141679089958435,0.37800979525485695,99,99,0.08223254978656769,0.23459269106388092,164,0.20048308372497559
0.8035540580749512,0.022920061163726746,0.0015250121099022065,0.890310852627509,0.09141679089958435,0.37800979525485695,99,99,0.08118186146020889,0.20538869500160217,171,0.30136680603027344
0.902843713760376,0.028207832390591207,0.0021925723438742926,0.8825136893752084,0.09141679089958435,0.37800979525485695,99,99,0.08135491609573364,0.1718701869249344,166,0.40065646171569824
1.0027096271514893,0.03391840319642948,0.002999140882734509,0.875000066280365,0.08994555555285819,0.37800979525485695,99,99,0.08132989704608917,0.1575804352760315,188,0.0
1.1025431156158447,0.03970039553862345,0.003905345217750669,0.8669475163375799,0.08174149473829184,0.36711134794196826,99,99,0.08144733309745789,0.14796756207942963,174,0.09983348846435547
1.2030234336853027,0.04551880843281872,0.004906060945776263,0.8589668486482068,0.08174149473829184,0.36711134794196826,99,99,0.08125566691160202,0.1569439321756363,179,0.20031380653381348
1.3048672676086426,0.05137200854054214,0.005989469372474954,0.850792226850961,0.08174149473829184,0.36711134794196826,99,99,0.08154153823852539,0.11667676270008087,183,0.3021576404571533
1.4021894931793213,0.05763181705748676,0.007229457235761775,0.8425933261840016,0.08174149473829184,0.36711134794196826,99,99,0.08162179589271545,0.09974844753742218,202,0.39947986602783203
1.503493309020996,0.05390807401423727,0.010024899869062735,0.8240000672340395,0.11457310956374847,0.3664578074670688,99,100,0.08169493824243546,0.08641400933265686,224,0.0
1.6019423007965088,0.06059105032856079,0.011414518960727984,0.8156169810354102,0.11457310956374847,0.3664578074670688,99,100,0.08167713135480881,0.08880679309368134,224,0.0984489917755127
1.7020881175994873,0.06726388895852942,0.012866255887523258,0.8074615246207659,0.11457310956374847,0.3664578074670688,99,100,0.08169092983007431,0.0752636045217514,226,0.1985948085784912
1.8031916618347168,0.07416641036760818,0.014434074430752532,0.7987947649415141,0.11457310956374847,0.3664578074670688,99,100,0.08165641874074936,0.0638418048620224,228,0.2996983528137207
1.9031445980072021,0.08122548112014924,0.01608584830399749,0.7906168997040697,0.11457310956374847,0.3664578074670688,99,100,0.08166518807411194,0.04910993576049805,232,0.39965128898620605
2.0039355754852295,0.08850552479763334,0.01784488796095947,0.7758526012034908,0.1105779826107465,0.3664578074670688,99,100,0.0816962867975235,0.05712217837572098,246,0.0
2.1034135818481445,0.09583317949258649,0.019658328632408014,0.7670547714640797,0.1105779826107465,0.3664578074670688,99,100,0.0816725343465805,0.05689385160803795,251,0.09947800636291504
2.2021682262420654,0.10302952985294667,0.02100869862511134,0.7588473632434848,0.11209949737803684,0.36803540916549515,99,100,0.08165812492370605,0.05404012277722359,258,0.19823265075683594
2.302722692489624,0.11020642443779875,0.022905645328086206,0.7504213950886507,0.11209949737803684,0.36803540916549515,99,100,0.08180701732635498,0.05592011287808418,242,0.29878711700439453
2.4023046493530273,0.11737389644655585,0.02483701015724535,0.7421413603697249,0.11209949737803684,0.36803540916549515,99,100,0.08173961192369461,0.049204207956790924,260,0.39836907386779785
2.5028045177459717,0.12459410625550744,0.02683146023638533,0.73401744595349,0.11209949737803684,0.36803540916549515,99,100,0.08170688152313232,0.0595577247440815,267,0.4988689422607422
2.60209059715271,0.13130578367995818,0.02872362935693598,0.7259739649031138,0.10816054398195543,0.36803540916549515,99,100,0.081797294318676,0.0557086244225502,275,0.0
2.702019453048706,0.13873713427016413,0.030863643341626407,0.7179494947418661,0.10816054398195543,0.36803540916549515,99,100,0.08181919157505035,0.05276811867952347,280,0.0999288558959961
2.802412509918213,0.14598090787794693,0.0325118674048625,0.70902017868225,0.10816054398195543,0.36803540916549515,99,100,0.08176000416278839,0.05980369821190834,293,0.20032191276550293
2.9039266109466553,0.15297615562517486,0.034642331359958874,0.7009349817672273,0.10816054398195543,0.36803540916549515,99,100,0.08161350339651108,0.046261996030807495,308,0.3018360137939453
3.001986265182495,0.16014743600559486,0.03687150635155444,0.693057051461989,0.10816054398195543,0.36803540916549515,99,100,0.08162914216518402,0.04259241744875908,310,0.39989566802978516
3.1021997928619385,0.1675517521589838,0.039207055953468524,0.6740146120522175,0.10475358944107346,0.36803540916549515,99,100,0.08152691274881363,0.03982047736644745,313,0.0
3.2019686698913574,0.17488252058847822,0.041547694503705594,0.6660887957247423,0.1012078684619184,0.36443182219967707,99,100,0.08153316378593445,0.04305030405521393,317,0.09976887702941895
3.3024380207061768,0.1820334827646403,0.04386670190239768,0.6583701505953523,0.1012078684619184,0.36443182219967707,99,100,0.08147250860929489,0.041682664304971695,322,0.20023822784423828
3.402811288833618,0.18933873765681467,0.04626014709515179,0.6501294939767466,0.1012078684619184,0.36443182219967707,99,100,0.08156267553567886,0.03247903659939766,329,0.3006114959716797
3.502459764480591,0.196003014887518,0.049448709041899665,0.6436067490548594,0.1012078684619184,0.36443182219967707,99,100,0.08162715286016464,0.02993760257959366,334,0.40025997161865234
3.6023616790771484,0.20387279286540946,0.052019836126496036,0.6338576861112298,0.11420808529793777,0.36443182219967707,99,100,0.08167891204357147,0.04015066847205162,359,0.0
3.7023916244506836,0.21132560067480521,0.05448647563026358,0.6256176126393104,0.11420808529793777,0.36443182219967707,99,100,0.08167207986116409,0.04548666253685951,365,0.10002994537353516
3.802835464477539,0.21844266106326404,0.05686875893664548,0.6179964832289394,0.11420808529793777,0.36443182219967707,99,100,0.08182650059461594,0.04613906517624855,360,0.20047378540039062
3.9029040336608887,0.22561201118015514,0.05930119517600198,0.6102781122748165,0.11420808529793777,0.36443182219967707,99,100,0.08174976706504822,0.04495341330766678,356,0.30054235458374023
4.002377986907959,0.2327683774554588,0.061753770388376,0.60232521080668,0.11420808529793777,0.36443182219967707,99,100,0.08168022334575653,0.0442088358104229,340,0.40001630783081055
4.100518226623535,0.23991673725424503,0.06423047481388816,0.594669964161263,0.11420808529793777,0.36443182219967707,99,100,0.08187256753444672,0.04019443318247795,311,0.4981565475463867
4.202458143234253,0.24720401946377724,0.06678439423066326,0.5868762975393351,0.10408772817165576,0.3539449571499804,99,100,0.08196345716714859,0.04417109116911888,326,0.6000964641571045
4.302913665771484,0.254475796437522,0.06935636953340939,0.5789968073930349,0.10408772817165576,0.3539449571499804,99,100,0.08181720227003098,0.03889920935034752,313,0.7005519866943359
4.402407169342041,0.26160236892758887,0.07190381600404408,0.5715575400937029,0.10408772817165576,0.3539449571499804,99,100,0.0815618559718132,0.04776345193386078,272,0.8000454902648926
4.502509593963623,0.2686549428855811,0.07445082792868225,0.5639766426559323,0.10408772817165576,0.3539449571499804,99,100,0.08144056797027588,0.03919859975576401,294,0.9001479148864746
4.602502822875977,0.27598182408727817,0.07711512010176967,0.5560327956739601,0.10408772817165576,0.3539449571499804,99,100,0.08151540160179138,0.02976367250084877,268,1.0001411437988281
4.702887773513794,0.2834064984708682,0.0798411617841555,0.5483412007699378,0.10408772817165576,0.3539449571499804,99,100,0.08147013187408447,0.022086936980485916,244,1.1005260944366455
4.802122354507446,0.2909210128309635,0.08261952063668924,0.540439171355837,0.10408772817165576,0.3539449571499804,99,100,0.08153077214956284,0.022009048610925674,233,1.1997606754302979
4.902182579040527,0.29845129115585417,0.08542323413048888,0.532536184940192,0.10408772817165576,0.3539449571499804,99,100,0.08150114119052887,0.018705900758504868,231,1.299820899963379
5.0022783279418945,0.3060247021257259,0.08825926833039886,0.5246185710237583,0.10408772817165576,0.3539449571499804,99,100,0.08152289688587189,0.020070500671863556,221,1.399916648864746
5.102190732955933,0.3136079927063581,0.09112188319065388,0.5167622752468404,0.10408772817165576,0.3539449571499804,99,100,0.08145268261432648,0.014887645840644836,204,1.4998290538787842
5.202059507369995,0.3212621095593678,0.09403051202331224,0.5087352835910776,0.10408772817165576,0.3539449571499804,99,100,0.081393763422966,0.01621754840016365,210,1.5996978282928467
5.301969051361084,0.3285606431192151,0.09681741443333354,0.5011666531164041,0.10362157001923425,0.3534681875872209,99,100,0.08146759867668152,0.02380768582224846,193,1.6996073722839355
5.402361154556274,0.3360551476493438,0.09969152897712599,0.49355386863499134,0.10362157001923425,0.3534681875872209,99,100,0.08136797696352005,0.016830306500196457,160,1.799999475479126
5.5027196407318115,0.3436151364669604,0.10260936025897421,0.48581739650821165,0.10362157001923425,0.3534681875872209,99,100,0.08145913481712341,0.02081778645515442,156,1.900357961654663
5.602715492248535,0.3511719066084395,0.1055427775233232,0.4780063494705159,0.10362157001923425,0.3534681875872209,99,100,0.0815250352025032,0.007396753877401352,121,2.0003538131713867
5.704192161560059,0.3576757749378312,0.10806971194704414,0.47138809018521766,0.10362157001923425,0.3534681875872209,99,100,0.08134952932596207,-0.00495205819606781,89,2.10183048248291
5.80277156829834,0.36644329291201105,0.11148262325971056,0.46260960226407205,0.10362157001923425,0.3534681875872209,99,100,0.08136913180351257,0.0008490569889545441,84,2.2004098892211914
5.90260648727417,0.3740564402631513,0.11444784701661628,0.455028118706198,0.10362157001923425,0.3534681875872209,99,100,0.08132229745388031,0.021068096160888672,64,2.3002448081970215
6.0024573802948,0.38161664709617593,0.11740706265271042,0.4473188554575272,0.10362157001923425,0.3534681875872209,99,100,0.08122824877500534,0.012412559241056442,48,2.4000957012176514
6.1027302742004395,0.3892092433026961,0.12039324041234307,0.4396110220961121,0.10362157001923425,0.3534681875872209,99,100,0.08123157918453217,0.00956733524799347,50,2.500368595123291
6.202682018280029,0.3968009406704778,0.1233900381531511,0.4320385930492488,0.10362157001923425,0.3534681875872209,99,100,0.08140590786933899,0.010121151804924011,45,2.600320339202881
6.3027732372283936,0.404367357871924,0.12639271884153802,0.4244573393992202,0.1076423621127929,0.3577862673788735,99,100,0.08131983876228333,0.034853797405958176,51,2.700411558151245
6.40222954750061,0.4115593282940052,0.1292766892173254,0.41723674066471095,0.1076423621127929,0.3577862673788735,99,100,0.08115611225366592,0.013264652341604233,10,2.799867868423462
6.502233266830444,0.41908972198522776,0.13231375713851545,0.4096838554093361,0.1076423621127929,0.3577862673788735,99,100,0.08111263066530228,0.029031235724687576,0,2.899871587753296
6.602100610733032,0.42642304944751136,0.13530164044399093,0.4024471153700684,0.1076423621127929,0.3577862673788735,99,100,0.08111635595560074,0.032361697405576706,0,2.999738931655884
6.702233076095581,0.433545521674842,0.1382407912162439,0.3954072354137426,0.1076423621127929,0.3577862673788735,99,100,0.08109932392835617,0.020052239298820496,0,3.0998713970184326
6.802430868148804,0.44102979376603124,0.14135191530629168,0.38808438534664735,0.1076423621127929,0.3577862673788735,99,100,0.08125781267881393,0.01107250526547432,0,3.2000691890716553
6.902615547180176,0.4485764134541057,0.1445028075845556,0.380840092072824,0.1076423621127929,0.3577862673788735,99,100,0.08079426735639572,0.004703715443611145,0,3.3002538681030273
7.0022149085998535,0.45601512452296566,0.14761429733129486,0.3738052801643311,0.1076423621127929,0.3577862673788735,99,100,0.08037516474723816,-0.011412639170885086,0,3.399853229522705
7.104037523269653,0.45322467743126293,0.16114092353447,0.37832574768410615,0.1076423621127929,0.3577862673788735,99,100,0.08004343509674072,-0.03901224955916405,0,3.501675844192505
7.202442407608032,0.46027928722966727,0.16402877373997654,0.3718263914869263,0.1076423621127929,0.3577862673788735,99,100,0.07995956391096115,-0.07931669801473618,0,3.600080728530884
7.303145408630371,0.4665196912518616,0.16654028940736007,0.36616156408957085,0.1076423621127929,0.3577862673788735,99,100,0.07994963973760605,-0.15482686460018158,0,3.7007837295532227
7.403863430023193,0.47246304385326526,0.1688373987158333,0.36095838066802477,0.11380841496961394,0.3627758851781421,99,100,0.07997339218854904,-0.18829423189163208,0,3.801501750946045
7.5026631355285645,0.47772156280181266,0.17077741136123858,0.35644190520303143,0.11380841496961394,0.3627758851781421,99,100,0.07999119907617569,-0.207154780626297,0,3.900301456451416
7.602438688278198,0.48267006610915975,0.17252270617750132,0.3522701817194715,0.11380841496961394,0.3627758851781421,99,100,0.08000009506940842,-0.1370341032743454,0,4.00007700920105
7.702667951583862,0.48870166067659154,0.1745486646957123,0.3470470839527163,0.11380841496961394,0.3627758851781421,99,100,0.08000225573778152,-0.12562716007232666,0,4.100306272506714
7.80253005027771,0.5051398122944146,0.1756115257026502,0.330878417025396,0.11380841496961394,0.3627758851781421,99,100,0.08000174909830093,-0.0648992583155632,0,4.2001683712005615
7.902340412139893,0.5119164006404542,0.17780895778702,0.3247255366287216,0.11380841496961394,0.3627758851781421,99,100,0.08000079542398453,-0.047709692269563675,0,4.299978733062744
8.002220392227173,0.5191722528011012,0.1801245206857714,0.3180740577918872,0.11380841496961394,0.3627758851781421,99,100,0.08000016957521439,-0.0013279218692332506,0,4.399858713150024
8.10031270980835,0.5267267557927757,0.18252236132677782,0.3109593093292824,0.11380841496961394,0.3627758851781421,99,100,0.07999993115663528,-0.007706465199589729,0,4.497951030731201
8.202269315719604,0.5343808443860972,0.18494394429501226,0.30382046217478287,0.11380841496961394,0.3627758851781421,99,100,0.0799999013543129,-0.013000234961509705,0,4.599907636642456
8.304261922836304,0.5412661682101518,0.18711270525067725,0.2974841904185507,0.11380841496961394,0.3627758851781421,99,100,0.07999993860721588,-0.0140535281971097,0,4.701900243759155
8.402213096618652,0.549570715939655,0.1897149576471608,0.28985936206949614,0.11651926661788961,0.36669864682739034,99,100,0.07999997586011887,-0.05184826999902725,0,4.799851417541504
8.502721071243286,0.546398972373773,0.1928185987333687,0.2939481498734096,0.11651926661788961,0.36669864682739034,99,100,0.07986622303724289,-0.1269066482782364,0,4.900359392166138
8.602677345275879,0.5526402601046454,0.1946429651182664,0.2885369776573957,0.11651926661788961,0.36669864682739034,99,100,0.0799701064825058,-0.1103583499789238,0,5.0003156661987305
8.702674627304077,0.5588854094226517,0.19639667576540476,0.28298930098166203,0.11651926661788961,0.36669864682739034,99,100,0.07997993379831314,-0.12418965250253677,0,5.100312948226929
8.801948308944702,0.5651022884293854,0.19809675883993205,0.27749589886300235,0.11651926661788961,0.36669864682739034,99,100,0.0800027921795845,-0.06916498392820358,0,5.199586629867554
8.902412414550781,0.5718198331570793,0.1998735268999463,0.2714967885250203,0.11651926661788961,0.36669864682739034,99,100,0.08000374585390091,-0.04466692730784416,0,5.300050735473633
9.002827167510986,0.5791548682574665,0.20178229723147048,0.2648075619941814,0.11651926661788961,0.36669864682739034,99,100,0.0800032913684845,0.03585320711135864,0,5.400465488433838
9.102674961090088,0.5866448316206054,0.2037448062345211,0.257730807830966,0.11651926661788961,0.36669864682739034,99,100,0.08080890774726868,0.0822671502828598,0,5.5003132820129395
9.20222806930542,0.5933208871917194,0.2055281567694047,0.25140715146790016,0.11651926661788961,0.36669864682739034,99,100,0.0784173533320427,0.1234656274318695,0,5.5998663902282715
9.302613735198975,0.5992803589818577,0.20718976646278978,0.24589855318690512,0.11651926661788961,0.36669864682739034,99,100,0.08185122162103653,0.19887354969978333,0,5.700252056121826
9.40207028388977,0.604790567716281,0.2087978380677679,0.241010200742619,0.11651926661788961,0.36669864682739034,99,100,0.0817890614271164,0.22517307102680206,0,5.799708604812622
9.50318193435669,0.6099712642685841,0.2104012860638772,0.2367503529170502,0.11206045823256414,0.3618811303752798,99,100,0.08258454501628876,0.2102985829114914,0,5.900820255279541
9.602460384368896,0.6150127688788329,0.21205245549043675,0.23300798087315533,0.11206045823256414,0.3618811303752798,99,100,0.08191009610891342,0.18476103246212006,0,6.000098705291748
9.70267629623413,0.6201798278003253,0.21382711698555076,0.22935818965253787,0.11206045823256414,0.3618811303752798,99,100,0.07358134537935257,0.03476103246212006,0,6.100314617156982
9.80356502532959,0.6262292980561694,0.2159569269659723,0.22489562410965153,0.11206045823256414,0.3618811303752798,99,100,0.0754314437508583,-0.01067240722477436,0,6.201203346252441
9.902575254440308,0.6335555566724874,0.21855377626077407,0.21913735857422859,0.11206045823256414,0.3618811303752798,99,100,0.08083625137805939,-0.05160097777843475,0,6.300213575363159
10.00268006324768,0.6405694033498207,0.22121124083375684,0.21384800148509212,0.11206045823256414,0.3618811303752798,99,100,0.08193285018205643,0.02627439796924591,0,6.400318384170532
10.103640079498291,0.6479800298862577,0.22407748574146957,0.20869907570492288,0.11206045823256414,0.3618811303752798,99,100,0.07842309027910233,0.026463834568858147,0,6.501278400421143
10.20443320274353,0.6553052623542048,0.22663794132624973,0.20384342525234064,0.11206045823256414,0.3618811303752798,99,100,0.0791538655757904,0.05510004609823227,0,6.602071523666382
10.302801132202148,0.6623443866244834,0.2291557155410917,0.19966189555963268,0.11206045823256414,0.3618811303752798,99,100,0.08124411106109619,0.07349903881549835,0,6.700439453125
10.402108907699585,0.6690800646527024,0.23161479970789137,0.1962603922027572,0.11206045823256414,0.3618811303752798,99,100,0.07598403841257095,-0.0486447848379612,0,6.7997472286224365
10.502578735351562,0.6760268849628304,0.23416046440001617,0.19173863469053526,0.10965149195324289,0.3595534740042795,99,100,0.07567833364009857,-0.0235140360891819,0,6.900217056274414
10.602305889129639,0.6831006739431403,0.23673284699689384,0.18752893348246058,0.10965149195324289,0.3595534740042795,99,100,0.08121304214000702,0.05114101245999336,0,6.99994421005249
10.703790187835693,0.6901688125762248,0.23932800541921886,0.1840993024735062,0.10965149195324289,0.3595534740042795,99,100,0.08075684309005737,-0.028678622096776962,0,7.101428508758545
10.80284833908081,0.6975495587520963,0.24203667169909693,0.18043470071153506,0.10965149195324289,0.3595534740042795,99,100,0.08099114149808884,0.0475962795317173,0,7.200486660003662
10.903339624404907,0.7046103320682136,0.2446506460188509,0.17739456503298834,0.10965149195324289,0.3595534740042795,99,100,0.07291752845048904,-0.0874037204682827,0,7.300977945327759
11.002438306808472,0.7113341545470637,0.2471128705035848,0.17308690541871324,0.10965149195324289,0.3595534740042795,99,100,0.07572261989116669,-0.06001695618033409,0,7.400076627731323
11.102846384048462,0.718126218819257,0.24954588807502046,0.16906794585711737,0.10965149195324289,0.3595534740042795,99,100,0.07300598919391632,-0.1800169561803341,0,7.5004847049713135
11.202463388442993,0.7238446100878013,0.25150025107893065,0.16341909944634375,0.10965149195324289,0.3595534740042795,99,100,0.07853139191865921,-0.22646456956863403,0,7.600101709365845
11.3029465675354,0.7291773422297769,0.2521832139202115,0.15830338710450945,0.10965149195324289,0.3595534740042795,99,100,0.0763363167643547,-0.07646456956863402,0,7.700584888458252
11.402000665664673,0.7351142520110612,0.25403874238715135,0.1548018108469432,0.10965149195324289,0.3595534740042795,99,100,0.06190616264939308,0.07353543043136597,0,7.799638986587524
11.504251718521118,0.741105970857375,0.25591235385378003,0.15470059901025232,0.10965149195324289,0.3595534740042795,99,100,0.06597847491502762,0.11692631244659424,0,7.90189003944397
11.60226559638977,0.7469811176268906,0.2578473211738909,0.15483117708932678,0.09809675449477404,0.34762662056560034,99,100,0.07877197116613388,-0.033073687553405756,0,7.999903917312622
11.702511072158813,0.7540008131364291,0.26018841658957265,0.1526356402272736,0.09809675449477404,0.34762662056560034,99,100,0.05408095568418503,-0.04419146105647087,0,8.100149393081665
11.803892850875854,0.7597619000977143,0.2620776778109327,0.1508244967052154,0.09809675449477404,0.34762662056560034,99,100,0.0707177147269249,-0.014579329639673233,0,8.201531171798706
11.902393817901611,0.7657590219858817,0.2640363734990043,0.1487144623279144,0.09809675449477404,0.34762662056560034,99,100,0.06553594022989273,-0.059039611369371414,0,8.300032138824463
12.001989603042603,0.7722564615446199,0.26612348575407535,0.1472252686405799,0.09809675449477404,0.34762662056560034,99,100,0.0421256385743618,0.033461689949035645,0,8.399627923965454
12.102954387664795,0.7769005382596237,0.2677903439959039,0.1463467474383888,0.09809675449477404,0.34762662056560034,99,100,0.05650823563337326,-0.009383417665958405,0,8.500592708587646
12.202346801757812,0.7816883658731013,0.26962988953550954,0.14615598293559015,0.09809675449477404,0.34762662056560034,99,100,0.0601421594619751,-0.0016978010535240173,0,8.599985122680664
12.303132772445679,0.7872753562061128,0.27139212950471187,0.14505171930383434,0.09809675449477404,0.34762662056560034,99,100,0.04824098199605942,-0.12169780105352401,0,8.70077109336853
12.402704000473022,0.7922353663563168,0.2729239234060388,0.14191550462436509,0.09809675449477404,0.34762662056560034,99,100,0.06746332347393036,-0.15913617610931396,0,8.800342321395874
12.50252628326416,0.7974172170583657,0.2744245777536161,0.13655896546604404,0.09809675449477404,0.34762662056560034,99,100,0.03746332347393036,-0.27913617610931396,0,8.900164604187012
12.613306045532227,0.8013307302622412,0.27544369712569655,0.1289461789061668,0.10736313040871684,0.35647948472930724,99,100,0.053890813142061234,-0.30447837710380554,0,9.010944366455078
12.706263303756714,0.8049141169383857,0.27626402641551073,0.1220398824911224,0.10736313040871684,0.35647948472930724,99,100,0.07146226614713669,-0.16397766768932343,0,9.103901624679565
12.804712772369385,0.809498032052948,0.27719888091114026,0.11681441815691129,0.10736313040871684,0.35647948472930724,99,100,0.07907368242740631,-0.01397766768932343,0,9.202351093292236
12.904039859771729,0.8164062677550334,0.27850905379347285,0.11442035385819406,0.10736313040871684,0.35647948472930724,99,100,0.0818638727068901,-0.010064042173326015,0,9.30167818069458
13.002436637878418,0.8445006401459506,0.29900454254628395,0.12657315923892665,0.10736313040871684,0.35647948472930724,99,100,0.08191635459661484,0.03906947374343872,0,9.40007495880127
13.102515697479248,0.8520856910042699,0.3004759223973406,0.12617464910488693,0.10736313040871684,0.35647948472930724,99,100,0.07707501202821732,0.021236972883343697,0,9.5001540184021
13.202391624450684,0.859568229527511,0.3019481325203547,0.12529950235093298,0.10736313040871684,0.35647948472930724,99,100,0.0787787213921547,-0.030977776274085045,0,9.600029945373535
13.304680585861206,0.8671700981459726,0.30341899333094285,0.123705308675193,0.10736313040871684,0.35647948472930724,99,100,0.08012611418962479,0.051827214658260345,0,9.702318906784058
13.402357339859009,0.8745596096068456,0.304853657860663,0.12323583134965291,0.10736313040871684,0.35647948472930724,99,100,0.08008971065282822,-0.02609975077211857,0,9.79999566078186
13.505647897720337,0.8822001061198687,0.3063367732562296,0.12192261020027531,0.10736313040871684,0.35647948472930724,99,100,0.07695431262254715,0.04904652014374733,0,9.903286218643188
13.602007389068604,0.8895604208875384,0.30778062112387694,0.1218709342213558,0.10736313040871684,0.35647948472930724,99,100,0.07934460788965225,0.05291331559419632,0,9.999645709991455
13.702630519866943,0.8902631459247098,0.3028805961111255,0.11750545459057755,0.08142904505452322,0.3316596976174317,99,100,0.06009029597043991,-0.06510268151760101,0,10.100268840789795
13.803034543991089,0.8828130066417739,0.2909201201723135,0.10662831363799949,0.08142904505452322,0.3316596976174317,99,100,0.07571686059236526,0.006148099899291992,0,10.20067286491394
13.903052568435669,0.889766685940292,0.2922558919133572,0.10586232027908841,0.08142904505452322,0.3316596976174317,99,100,0.07716540992259979,0.038115788251161575,0,10.30069088935852
14.002850532531738,0.8973236756973337,0.29372020763488177,0.1062594233637708,0.08142904505452322,0.3316596976174317,99,100,0.0807889848947525,0.0951840803027153,0,10.40048885345459
14.102419376373291,0.9041035287908665,0.2950809235194171,0.10671218733408551,0.08142904505452322,0.3316596976174317,99,100,0.08012799173593521,0.14782357215881348,0,10.500057697296143
14.202814817428589,0.9102459795877731,0.29637823894343474,0.10885462190280489,0.08142904505452322,0.3316596976174317,99,100,0.08083149045705795,0.09247271716594696,0,10.60045313835144
14.303821325302124,0.9163685116756193,0.29773931502176076,0.11035706111747338,0.08142904505452322,0.3316596976174317,99,100,0.08019831776618958,0.10749394446611404,0,10.701459646224976
14.402719259262085,0.9231664242413864,0.2992975947689565,0.11219798623619895,0.08142904505452322,0.3316596976174317,99,100,0.083793044090271,0.003277519717812538,0,10.800357580184937
14.504735469818115,0.930664615776515,0.30106240937090195,0.11262851186499837,0.08142904505452322,0.3316596976174317,99,100,0.0823286697268486,0.1132240891456604,0,10.902373790740967
14.60248064994812,0.9376188672446855,0.302734829332016,0.11505160345041168,0.08142904505452322,0.3316596976174317,99,100,0.06335503607988358,0.20048953592777252,0,11.000118970870972
14.703829765319824,0.9430903276373346,0.3041289174573168,0.1180043738488801,0.08142904505452322,0.3316596976174317,99,100,0.07616360485553741,0.09545887261629105,0,11.101468086242676
14.80225944519043,0.9491518697375969,0.3057329997023298,0.11922456345340685,0.033358173790438456,0.2834734071102181,99,100,0.07638464123010635,-0.030286462977528572,0,11.199897766113281
14.905833721160889,0.9537536124360118,0.3069662850332257,0.11936721500258876,0.033358173790438456,0.2834734071102181,99,100,0.06485869735479355,0.051520999521017075,0,11.30347204208374
15.002487182617188,0.9626445371681642,0.3093661420681874,0.12019236339341263,0.033358173790438456,0.2834734071102181,99,100,0.07455691695213318,-0.07771382480859756,0,11.400125503540039
15.104190587997437,0.9736387854228346,0.3201220487645784,0.12613471266928597,0.033358173790438456,0.2834734071102181,99,100,0.06258256733417511,0.07228617519140243,0,11.501828908920288
15.207088947296143,0.9853843677542461,0.33369190394127146,0.13614175718775948,0.033358173790438456,0.2834734071102181,99,100,0.0753990039229393,-0.06271382480859757,0,11.604727268218994
15.302607774734497,0.9921740953584341,0.33545681804282884,0.13503291085204724,0.033358173790438456,0.2834734071102181,99,100,0.07202021777629852,-0.09323475509881973,0,11.700246095657349
15.402183294296265,0.9985706371653835,0.33705941659403293,0.1335974501712677,0.033358173790438456,0.2834734071102181,99,100,0.07898177951574326,-0.11612188071012497,0,11.799821615219116
15.503637313842773,1.004817523099362,0.3385456998611087,0.1313381041261398,0.033358173790438456,0.2834734071102181,99,100,0.07625653594732285,-0.08481493592262268,0,11.901275634765625
15.608947277069092,1.009155344997855,0.3395444793856555,0.130765048860811,0.033358173790438456,0.2834734071102181,99,100,0.07485746592283249,-0.09161050617694855,0,12.006585597991943
15.702454328536987,1.0176894995368255,0.34141028736355117,0.12813944989455864,0.033358173790438456,0.2834734071102181,99,100,0.07722526788711548,-0.07739701867103577,0,12.100092649459839
15.802338361740112,1.014940222864193,0.3414745730450389,0.1292345973401772,0.100245929961407,0.3504071102835626,99,100,0.07821676135063171,-0.13309356570243835,0,12.199976682662964
15.903035402297974,1.0207482088664603,0.34265969021974174,0.1271327122022907,0.100245929961407,0.3504071102835626,99,100,0.0564638152718544,0.01690643429756164,0,12.300673723220825
16.00277042388916,1.0270463707713033,0.3439043249945581,0.127087317425659,0.100245929961407,0.3504071102835626,99,100,0.06872278451919556,0.018688872456550598,0,12.400408744812012
16.102786540985107,1.0333431839964582,0.34516197063731513,0.12771968930391522,0.100245929961407,0.3504071102835626,99,100,0.0685531497001648,0.059639591723680496,0,12.500424861907959
16.202958822250366,1.040477598033596,0.3466211128871103,0.12794753799672695,0.100245929961407,0.3504071102835626,99,100,0.07815743237733841,-0.016468992456793785,0,12.600597143173218
16.301854610443115,1.0453887395779045,0.3476302312112403,0.1279945002832464,0.100245929961407,0.3504071102835626,99,100,0.07928092032670975,-0.11909911036491394,0,12.699492931365967
16.402327060699463,1.0547825881546724,0.3494917572077033,0.1260288821582707,0.100245929961407,0.3504071102835626,99,100,0.08037133514881134,-0.10131893306970596,0,12.799965381622314
16.50204610824585,1.0567139898246904,0.35105279875487705,0.12608228065636054,0.100245929961407,0.3504071102835626,99,100,0.07980205118656158,-0.12785521149635315,0,12.899684429168701
16.6029052734375,1.057051108701878,0.3526225219338332,0.12514388856171824,0.100245929961407,0.3504071102835626,99,100,0.07981189340353012,-0.13197262585163116,0,13.000543594360352
16.70299482345581,1.0631597397289787,0.3535413499454455,0.12336910137533211,0.100245929961407,0.3504071102835626,99,100,0.07992493361234665,-0.25197262585163116,0,13.100633144378662
16.803258895874023,1.068645698629541,0.3542939091713276,0.12144596708163294,0.100245929961407,0.3504071102835626,99,100,0.07382240891456604,-0.10197262585163115,0,13.200897216796875
16.90201997756958,1.0743906761852062,0.35499141710878773,0.11962648030977233,0.09736684617903144,0.3474377828874871,99,100,0.07642856985330582,-0.1637803167104721,0,13.299658298492432
17.001883268356323,1.0800699988316622,0.35558375839374645,0.11764553230425726,0.09736684617903144,0.3474377828874871,99,100,0.05917678028345108,-0.2320384681224823,0,13.399521589279175
17.100013494491577,1.0829374756005186,0.35583027785741606,0.11558784235962563,0.09736684617903144,0.3474377828874871,99,100,0.050521839410066605,-0.08203846812248229,0,13.497651815414429
17.202563047409058,1.0890169314708438,0.3562621092595712,0.11386800871739258,0.09736684617903144,0.3474377828874871,99,100,0.06907887011766434,-0.08169856667518616,0,13.60020136833191
17.30224061012268,1.1250842947715238,0.36606874538619616,0.12032146717861783,0.09736684617903144,0.3474377828874871,99,100,0.05068403482437134,-0.20169856667518615,0,13.699878931045532
17.402356147766113,1.1302944238201909,0.3662887774815511,0.11848324815191427,0.09736684617903144,0.3474377828874871,99,100,0.04308631271123886,-0.14225101470947266,0,13.799994468688965
17.504714012145996,1.1346223462110356,0.3663784294944001,0.11703329689498157,0.09736684617903144,0.3474377828874871,99,100,0.0586189329624176,0.007748985290527338,0,13.902352333068848
17.602365255355835,1.1399454843340897,0.3664598159376379,0.11708986104975208,0.09736684617903144,0.3474377828874871,99,100,0.06898878514766693,0.054892584681510925,0,14.000003576278687
17.702783584594727,1.146504814468254,0.36657531711971253,0.11736280156969317,0.09736684617903144,0.3474377828874871,99,100,0.06922672688961029,-0.05360755696892738,0,14.100421905517578
17.804043769836426,1.1533826967704224,0.36668598419435616,0.11702768039442071,0.09736684617903144,0.3474377828874871,99,100,0.07891576737165451,0.05041113868355751,0,14.201682090759277
17.908743143081665,1.158231421516907,0.3667608968710375,0.11718588750449774,0.10656898951029273,0.35750044925878965,99,100,0.07507826387882233,0.13970409333705902,0,14.306381464004517
18.001792907714844,1.1672729962717718,0.3669462280376409,0.11787009387052957,0.10656898951029273,0.35750044925878965,99,100,0.061450742185115814,0.028096023947000504,0,14.399431228637695
18.100226640701294,1.168226444903848,0.36250831013900797,0.11328244792159589,0.10656898951029273,0.35750044925878965,99,100,0.07417009770870209,0.01569342240691185,0,14.497864961624146
18.203031063079834,1.1702732736198627,0.3582690109299253,0.10896153320369792,0.10656898951029273,0.35750044925878965,99,100,0.07671769708395004,0.014579040929675102,0,14.600669384002686
18.302769899368286,1.1781386018882383,0.3584646417322751,0.10891096929182872,0.10656898951029273,0.35750044925878965,99,100,0.07759851962327957,-0.12042095907032489,0,14.700408220291138
18.401921272277832,1.1803942067333928,0.35851803865093024,0.1088068733285337,0.10656898951029273,0.35750044925878965,99,100,0.07067199051380157,-0.16342462599277496,0,14.799559593200684
18.502652406692505,1.1803942067333928,0.35851803865093024,0.1088068733285337,0.10656898951029273,0.35750044925878965,99,100,0.07487998157739639,-0.28342462599277496,0,14.900290727615356
18.602243661880493,1.1803942067333928,0.35851803865093024,0.1088068733285337,0.10656898951029273,0.35750044925878965,99,100,0.0781763568520546,-0.2021811157464981,0,14.999881982803345
18.702354192733765,1.1803942067333928,0.35851803865093024,0.1088068733285337,0.10656898951029273,0.35750044925878965,99,100,0.07936414331197739,-0.23873074352741241,0,15.099992513656616
18.803011894226074,1.1803942067333928,0.35851803865093024,0.1088068733285337,0.10656898951029273,0.35750044925878965,99,100,0.07985111325979233,-0.17120370268821716,0,15.200650215148926
18.906125783920288,1.1803942067333928,0.35851803865093024,0.1088068733285337,0.10656898951029273,0.35750044925878965,99,100,0.08015184849500656,-0.1910039633512497,0,15.30376410484314
19.002870559692383,1.1803942067333928,0.35851803865093024,0.1088068733285337,0.09893805126962521,0.3491564958150163,99,100,0.08010657876729965,-0.22809159755706787,0,15.400508880615234
19.103665590286255,1.1803942067333928,0.35851803865093024,0.1088068733285337,0.09893805126962521,0.3491564958150163,99,100,0.08006395399570465,-0.2242332249879837,0,15.501303911209106
19.202369689941406,1.1803942067333928,0.35851803865093024,0.1088068733285337,0.09893805126962521,0.3491564958150163,99,100,0.08001647144556046,-0.24623818695545197,0,15.600008010864258
19.303251028060913,1.1803942067333928,0.35851803865093024,0.1088068733285337,0.09893805126962521,0.3491564958150163,99,100,0.0799986720085144,-0.2360105812549591,0,15.700889348983765
19.402611255645752,1.1803942067333928,0.35851803865093024,0.1088068733285337,0.09893805126962521,0.3491564958150163,99,100,0.07999417930841446,-0.1867736130952835,0,15.800249576568604
19.5036678314209,1.1803942067333928,0.35851803865093024,0.1088068733285337,0.09893805126962521,0.3491564958150163,99,100,0.07999593764543533,-0.1560819298028946,0,15.90130615234375
19.6019229888916,1.1803942067333928,0.35851803865093024,0.1088068733285337,0.09893805126962521,0.3491564958150163,99,100,0.07999826222658157,-0.1227593794465065,0,15.999561309814453
19.70288610458374,1.1803942067333928,0.35851803865093024,0.1088068733285337,0.09893805126962521,0.3491564958150163,99,100,0.07999967783689499,-0.1255105435848236,0,16.100524425506592
19.802776336669922,1.1803942067333928,0.35851803865093024,0.1088068733285337,0.09893805126962521,0.3491564958150163,99,100,0.08000019192695618,-0.11198347061872482,0,16.200414657592773
19.90251350402832,1.1803942067333928,0.35851803865093024,0.1088068733285337,0.09893805126962521,0.3491564958150163,99,100,0.08000022917985916,-0.16890470683574677,0,16.300151824951172
20.002665519714355,1.1803942067333928,0.35851803865093024,0.1088068733285337,0.10066308343724531,0.34904675721791295,99,100,0.0800001323223114,-0.2384244203567505,0,16.400303840637207
20.102956533432007,1.1803942067333928,0.35851803865093024,0.1088068733285337,0.10066308343724531,0.34904675721791295,99,100,0.08028372377157211,-0.2834256589412689,0,16.50059485435486
20.202095985412598,1.1803942067333928,0.35851803865093024,0.1088068733285337,0.10066308343724531,0.34904675721791295,99,100,0.08006339520215988,-0.27471309900283813,0,16.59973430633545
20.302486658096313,1.1803942067333928,0.35851803865093024,0.1088068733285337,0.10066308343724531,0.34904675721791295,99,100,0.08004254102706909,-0.2716525197029114,0,16.700124979019165
20.401843309402466,1.1803942067333928,0.35851803865093024,0.1088068733285337,0.10066308343724531,0.34904675721791295,99,100,0.07694106549024582,-0.24040982127189636,0,16.799481630325317
20.50278878211975,1.1803942067333928,0.35851803865093024,0.1088068733285337,0.10066308343724531,0.34904675721791295,99,100,0.08086282759904861,-0.21629878878593445,0,16.900427103042603
20.602461099624634,1.1803942067333928,0.35851803865093024,0.1088068733285337,0.10066308343724531,0.34904675721791295,99,100,0.07782219350337982,-0.21020643413066864,0,17.000099420547485
20.7028911113739,1.1803942067333928,0.35851803865093024,0.1088068733285337,0.10066308343724531,0.34904675721791295,99,100,0.08066291362047195,-0.18800513446331024,0,17.100529432296753
20.803173542022705,1.1803942067333928,0.35851803865093024,0.1088068733285337,0.10066308343724531,0.34904675721791295,99,100,0.0805782824754715,-0.17424258589744568,0,17.200811862945557
20.902488946914673,1.1803942067333928,0.35851803865093024,0.1088068733285337,0.10066308343724531,0.34904675721791295,99,100,0.0747075080871582,-0.12294591963291168,0,17.300127267837524
21.00308895111084,1.1803942067333928,0.35851803865093024,0.1088068733285337,0.10066308343724531,0.34904675721791295,99,100,0.06314349919557571,-0.07670585066080093,0,17.40072727203369
21.103044509887695,1.1803942067333928,0.35851803865093024,0.1088068733285337,0.11156907463375906,0.3489370186208096,99,100,0.0648808479309082,-0.11917542666196823,0,17.500682830810547
21.202537536621094,1.1803942067333928,0.35851803865093024,0.1088068733285337,0.11156907463375906,0.3489370186208096,99,100,0.058486029505729675,-0.14198468625545502,0,17.600175857543945
21.300419092178345,1.2907324814810293,0.3569999899461465,0.11371778977591138,0.11156907463375906,0.3489370186208096,99,100,0.06837661564350128,-0.08433104306459427,0,17.698057413101196
21.40325951576233,1.3506890437850874,0.33935982237544143,0.11558716361689844,0.11156907463375906,0.3489370186208096,99,100,0.05676935613155365,-0.08115311712026596,0,17.80089783668518
21.502772092819214,1.3508511785243433,0.33745843006400594,0.1140706092178301,0.11156907463375906,0.3489370186208096,99,100,0.06494917720556259,-0.04059853404760361,0,17.900410413742065
21.603736877441406,1.3568736057437165,0.33527910659351856,0.11420138548529798,0.11156907463375906,0.3489370186208096,99,100,0.06192944571375847,-0.07430966198444366,0,18.001375198364258
21.702457904815674,1.3626756183092081,0.33315207482309794,0.11434646620419528,0.11156907463375906,0.3489370186208096,99,100,0.06433337181806564,-0.05511217191815376,0,18.100096225738525
21.802576780319214,1.3687850001690827,0.3308703799821346,0.11463122127882466,0.11156907463375906,0.3489370186208096,99,100,0.0708232894539833,-0.038211558014154434,0,18.200215101242065
21.902022123336792,1.3752877608526617,0.3284113860855465,0.11493945247530471,0.11156907463375906,0.3489370186208096,99,100,0.0650276467204094,-0.054676901549100876,0,18.299660444259644
22.00699472427368,1.3792987693542753,0.32686617235876786,0.11511523951435595,0.11156907463375906,0.3489370186208096,99,100,0.06049396097660065,-0.09241490811109543,0,18.404633045196533
22.10200047492981,1.3870293281678687,0.3238369629590601,0.11563016140851937,0.13064172969182555,0.3488272800237062,99,100,0.05533336102962494,-0.08094048500061035,0,18.49963879585266
22.20226788520813,1.3872493491082278,0.3217486796533318,0.1143792613926797,0.13064172969182555,0.3488272800237062,99,100,0.054196763783693314,-0.08166442066431046,0,18.59990620613098
22.302366018295288,1.3872549058179906,0.31969982550629167,0.11269258718239758,0.13064172969182555,0.3488272800237062,99,100,0.050475407391786575,-0.06299041211605072,0,18.70000433921814
22.40271282196045,1.3915850440458668,0.31790472190588065,0.11287307613360406,0.13064172969182555,0.3488272800237062,99,100,0.044926635921001434,-0.06774482876062393,0,18.8003511428833
22.502324104309082,1.3959888069345332,0.31604907610937333,0.11352158116535263,0.13064172969182555,0.3488272800237062,99,100,0.04991813004016876,-0.09589695930480957,0,18.899962425231934
22.6023051738739,1.4006766755431224,0.3140289518164457,0.11395671048317227,0.13064172969182555,0.3488272800237062,99,100,0.05216998979449272,-0.09106017649173737,0,18.999943494796753
22.704396963119507,1.405412829881,0.3119503369342122,0.11437560633023933,0.13064172969182555,0.3488272800237062,99,100,0.05409624055027962,-0.12246911227703094,0,19.10203528404236
22.802942037582397,1.410155817618442,0.30981980018478134,0.115274521969391,0.13064172969182555,0.3488272800237062,99,100,0.052457377314567566,-0.13050954043865204,0,19.20058035850525
22.900581121444702,1.4144991372808513,0.30780582440724735,0.11613223891016053,0.13064172969182555,0.3488272800237062,99,100,0.0510856918990612,-0.10775817930698395,0,19.298219442367554
23.002582788467407,1.4196115355538,0.3053692490485524,0.11678822727188473,0.13064172969182555,0.3488272800237062,99,100,0.0446375273168087,-0.14467327296733856,0,19.40022110939026
23.102254390716553,1.4341132037111777,0.3031565199549147,0.12181208349050401,0.13064172969182555,0.3488272800237062,99,100,0.05143052339553833,-0.12787753343582153,0,19.499892711639404
23.201826572418213,1.4386377926954863,0.30090722559700217,0.1227480420959676,0.1169069456945919,0.298717661107285,99,100,0.04810451343655586,-0.11808411777019501,0,19.599464893341064
23.303192853927612,1.4428910283027194,0.2987334682669981,0.12395154250523757,0.1169069456945919,0.298717661107285,99,100,0.046220097690820694,-0.13266071677207947,0,19.700831174850464
23.402769565582275,1.4469653070904416,0.29657954923355895,0.12511688796302325,0.1169069456945919,0.298717661107285,99,100,0.04746056720614433,-0.09799394756555557,0,19.800407886505127
23.505520820617676,1.4510261066564092,0.2943735901394114,0.12594781489045478,0.1169069456945919,0.298717661107285,99,100,0.046715885400772095,-0.07366182655096054,0,19.903159141540527
23.602185249328613,1.4548361105702998,0.29228075697646994,0.12625391086032903,0.1169069456945919,0.298717661107285,99,100,0.04628580063581467,-0.0355888195335865,0,19.999823570251465
23.708301305770874,1.459050159217739,0.28994222390891,0.12673217153099212,0.1169069456945919,0.298717661107285,99,100,0.04777306690812111,0.010200479999184608,0,20.105939626693726
23.803115606307983,1.4630856167649564,0.2876885358284157,0.1267109552432796,0.1169069456945919,0.298717661107285,99,100,0.04488048329949379,0.012828829698264599,0,20.200753927230835
23.90197443962097,1.4667620228118676,0.28563683119656225,0.12675172189277276,0.1169069456945919,0.298717661107285,99,100,0.04782645031809807,0.03696264326572418,0,20.299612760543823
24.00390124320984,1.471202261805578,0.2831627396900282,0.12647721537250087,0.1169069456945919,0.298717661107285,99,100,0.047694556415081024,0.06510106474161148,0,20.40153956413269
24.10243511199951,1.4704457334272263,0.2813262939590224,0.12421947999105445,0.1169069456945919,0.298717661107285,99,100,0.05178379267454147,0.08221155405044556,0,20.500073432922363
24.202735662460327,1.4703573540086456,0.2792605451619665,0.12164687037650826,0.14508448900599194,0.288451841766116,99,100,0.04866023361682892,0.10496480762958527,0,20.60037398338318
24.300162315368652,1.4746832502145244,0.27692589703735293,0.1206803098690293,0.14508448900599194,0.288451841766116,99,100,0.044411931186914444,0.0873429924249649,0,20.697800636291504
24.40254807472229,1.4785915108899383,0.2748619232733583,0.11944831558665023,0.14508448900599194,0.288451841766116,99,100,0.035808317363262177,0.09986605495214462,0,20.80018639564514
24.500686407089233,1.4821008825606783,0.2730473878867379,0.11817334169320629,0.14508448900599194,0.288451841766116,99,100,0.03637693077325821,0.0897115170955658,0,20.898324728012085
24.602346658706665,1.4852803967351895,0.27144213150981406,0.11698082371429738,0.14508448900599194,0.288451841766116,99,100,0.037439312785863876,0.07022038102149963,0,20.999984979629517
24.70290780067444,1.4885924308089964,0.2697957368106781,0.11622121178308828,0.14508448900599194,0.288451841766116,99,100,0.03961388021707535,0.06163100153207779,0,21.10054612159729
24.80280566215515,1.4921316336703279,0.26806066519214256,0.11520530116170416,0.14508448900599194,0.288451841766116,99,100,0.03951476141810417,0.06877890974283218,0,21.200443983078003
24.902982711791992,1.4957023133457057,0.2663354980258431,0.11451088218196862,0.14508448900599194,0.288451841766116,99,100,0.024376189336180687,0.036480799317359924,0,21.300621032714844
25.000192403793335,1.4972664198713859,0.26558643924704467,0.11406101531784482,0.14508448900599194,0.288451841766116,99,100,0.022009430453181267,-0.02794550731778145,0,21.397830724716187
25.10218906402588,1.499967981614686,0.26429584842568876,0.11412305097528155,0.14508448900599194,0.288451841766116,99,100,0.02610083855688572,-0.011538829654455185,0,21.49982738494873
25.202516317367554,1.4921887466273807,0.2632540645090527,0.11031051133139183,0.1578552229722703,0.23834222284969472,99,100,0.02272946387529373,-0.07634952664375305,0,21.600154638290405
25.302492380142212,1.4937027250334836,0.2625171477927642,0.11131699087766087,0.1578552229722703,0.23834222284969472,99,100,-0.007270536124706267,0.07365047335624694,0,21.700130701065063
25.402760982513428,1.4933336923256073,0.2626963104770282,0.11099222030510161,0.1578552229722703,0.23834222284969472,99,100,0.017729463875293734,-0.06134952664375305,0,21.80039930343628
25.502883911132812,1.493496616244988,0.2626167955778599,0.11181130830564387,0.1578552229722703,0.23834222284969472,99,100,0.008486469276249409,-0.0908801406621933,0,21.900522232055664
25.602658987045288,1.4947366495129883,0.26200222011173174,0.11308022984393726,0.1578552229722703,0.23834222284969472,99,100,0.017007451504468918,-0.18346312642097473,0,22.00029730796814
25.700989246368408,1.4961250592665458,0.26129579213137427,0.11468899350138692,0.1578552229722703,0.23834222284969472,99,100,0.023495709523558617,-0.10456749051809311,0,22.09862756729126
25.803080081939697,1.4979976433426652,0.2603223888781535,0.11585360074866688,0.1578552229722703,0.23834222284969472,99,100,0.015514042228460312,-0.11562632024288177,0,22.20071840286255
25.90229105949402,1.4996902358214557,0.25942681829689823,0.11725325625928365,0.1578552229722703,0.23834222284969472,99,100,-0.002066852757707238,-0.19051600992679596,0,22.29992938041687
26.001824378967285,1.4998364619382878,0.2593437972569968,0.11989907743653241,0.1578552229722703,0.23834222284969472,99,100,-0.01022335235029459,-0.040516009926795965,0,22.399462699890137
26.1002414226532,1.4992703259099578,0.2596599380012446,0.12005592252883021,0.1578552229722703,0.23834222284969472,99,100,-0.012147905305027962,0.09448399007320403,0,22.49787974357605
26.202434062957764,1.498313551696836,0.2601931140773236,0.11917612142314485,0.1578552229722703,0.23834222284969472,99,100,-0.007861314341425896,0.214483990073204,0,22.600072383880615
26.30311608314514,1.4974830916110184,0.2606426461942018,0.11632399342789249,0.1578552229722703,0.23834222284969472,99,100,-0.014014270156621933,0.23685196042060852,0,22.700754404067993
26.402165174484253,1.4960355594923798,0.26138775349060184,0.1132766856195703,0.1578552229722703,0.23834222284969472,99,100,-0.02428324893116951,0.17896346747875214,0,22.799803495407104
26.5019793510437,1.4939718718669037,0.26241193667915574,0.11117605163170288,0.1578552229722703,0.23834222284969472,99,100,-0.030263671651482582,0.03218195587396622,0,22.899617671966553
26.60259699821472,1.4917639065783894,0.263483088779853,0.11077138197416195,0.1578552229722703,0.23834222284969472,99,100,-0.0002636716514825832,-0.04139164835214615,0,23.000235319137573
26.70204782485962,1.4911344156757456,0.26378786847751456,0.11070795693123062,0.1578552229722703,0.23834222284969472,99,100,0.009606551378965378,0.03433660417795181,0,23.09968614578247
26.804540634155273,1.4917098100269766,0.2635091724869256,0.11033656906512093,0.1578552229722703,0.23834222284969472,99,100,0.022732000797986984,0.0475749634206295,0,23.202178955078125
26.90210223197937,1.493002524883426,0.2628885339581838,0.11007850693118007,0.1578552229722703,0.23834222284969472,99,100,0.009297396056354046,-0.04531779885292053,0,23.29974055290222
27.00205659866333,1.4937991735047922,0.2625054929013359,0.11070016714084321,0.1578552229722703,0.23834222284969472,99,100,0.025931047275662422,-0.13116241991519928,0,23.39969491958618
27.100034475326538,1.4955909122934727,0.2616279161366787,0.11219899794971486,0.1578552229722703,0.23834222284969472,99,100,0.02515297383069992,-0.07011663913726807,0,23.49767279624939
27.20286989212036,1.4972492471578518,0.26079833862124563,0.11344476354338837,0.1578552229722703,0.23834222284969472,99,100,0.018703175708651543,-0.056700609624385834,0,23.600508213043213
27.300127267837524,1.498563040891652,0.2601294129273409,0.11442301932503632,0.1578552229722703,0.23834222284969472,99,100,0.009422355331480503,-0.06622467190027237,0,23.697765588760376
27.4022798538208,1.4994767885709501,0.2596588360748135,0.11476015928412245,0.1578552229722703,0.23834222284969472,99,100,-0.0059165265411138535,0.06877532809972763,0,23.799918174743652
27.50014901161194,1.4994765861057164,0.2596584783957478,0.11410476332391864,0.1578552229722703,0.23834222284969472,99,100,-0.01502257864922285,0.15677642822265625,0,23.89778733253479
27.602150440216064,1.497835169227598,0.26048407508957416,0.11187637930543173,0.1578552229722703,0.23834222284969472,99,100,-0.02721628174185753,0.173198401927948,0,23.999788761138916
27.70007038116455,1.4955565692088355,0.2615877586358854,0.10935851671535748,0.1578552229722703,0.23834222284969472,99,100,-0.030445396900177002,0.06016240268945694,0,24.097708702087402
27.802184343338013,1.4932900520590915,0.26265289733303687,0.10811443730462458,0.1578552229722703,0.23834222284969472,99,100,-0.028701351955533028,0.05925551429390907,0,24.199822664260864
27.901097536087036,1.4908732166083338,0.2637724428848865,0.1076501005204056,0.1578552229722703,0.23834222284969472,99,100,0.0012986480444669712,-0.018752772361040115,0,24.298735857009888
28.00248885154724,1.4901029581637977,0.26412737400363245,0.10776180670226457,0.1578552229722703,0.23834222284969472,99,100,0.008037935942411423,-0.09400563687086105,0,24.400127172470093
28.100613594055176,1.4909402640798313,0.26373642198152836,0.10871456155605116,0.1578552229722703,0.23834222284969472,99,100,0.025742221623659134,-0.058663107454776764,0,24.498251914978027
28.20333170890808,1.4924857036649415,0.2630037423714788,0.11000822939208918,0.1578552229722703,0.23834222284969472,99,100,0.024213865399360657,-0.12407493591308594,0,24.600970029830933
28.301459550857544,1.4946028351191476,0.2619740846038526,0.11190126231597072,0.1578552229722703,0.23834222284969472,99,100,0.018553171306848526,-0.17340490221977234,0,24.699097871780396
28.401906967163086,1.4964999187332593,0.2610239915935178,0.11355481183186864,0.1578552229722703,0.23834222284969472,99,100,0.015647584572434425,-0.13796807825565338,0,24.799545288085938
28.50163197517395,1.4980677568880147,0.26021941195555587,0.1151461701229324,0.1578552229722703,0.23834222284969472,99,100,0.009414298459887505,-0.1913437396287918,0,24.8992702960968
28.601943969726562,1.4989937992437132,0.25973131991002013,0.11668485050918578,0.1578552229722703,0.23834222284969472,99,100,0.006447963882237673,-0.041343739628791815,0,24.999582290649414
28.702718257904053,1.4995654854115434,0.2594259076030112,0.116906299603979,0.1578552229722703,0.23834222284969472,99,100,0.004500801675021648,0.09365626037120818,0,25.100356578826904
28.803142070770264,1.4999044040151017,0.25924552900784625,0.11624638928565126,0.1578552229722703,0.23834222284969472,99,100,-0.005602092947810888,0.18656222522258759,0,25.200780391693115
28.90179419517517,1.4996617697693606,0.2593716337198343,0.11407666758110821,0.1578552229722703,0.23834222284969472,99,100,-0.014959669671952724,0.20476612448692322,0,25.299432516098022
29.002962827682495,1.4982691006660125,0.26006966420628974,0.11098832340130663,0.1578552229722703,0.23834222284969472,99,100,-0.02224781922996044,0.1510915607213974,0,25.400601148605347
29.109309434890747,1.4964564266277813,0.2609415503857332,0.1088592565228729,0.1578552229722703,0.23834222284969472,99,100,-0.02408289909362793,0.14112567901611328,0,25.5069477558136
29.20227026939392,1.4942717765603883,0.26195576264376474,0.10650316856848921,0.1578552229722703,0.23834222284969472,99,100,-0.02723199874162674,0.08587239682674408,0,25.599908590316772
29.31058955192566,1.491972499897512,0.2629902870098203,0.10514530029417593,0.1578552229722703,0.23834222284969472,99,100,-0.000422824639827013,0.025891996920108795,0,25.70822787284851
29.401901960372925,1.491110457649957,0.26337275528979387,0.10508338349478216,0.1578552229722703,0.23834222284969472,99,100,-0.0026795519515872,-0.0491080030798912,0,25.799540281295776
29.508326768875122,1.4909418324565613,0.2634474859771423,0.10517547159134513,0.1578552229722703,0.23834222284969472,99,100,0.017648901790380478,-0.04123709350824356,0,25.905965089797974
29.602162837982178,1.4917933476522045,0.2630642429539233,0.10611364486706534,0.1578552229722703,0.23834222284969472,99,100,0.019133007153868675,-0.06878389418125153,0,25.99980115890503
29.703250646591187,1.4931187350648873,0.2624573417973858,0.1074979463524087,0.1578552229722703,0.23834222284969472,99,100,0.015609375201165676,-0.07912304252386093,0,26.100888967514038
29.802339553833008,1.4945284286262759,0.26179823612394565,0.10873049291840445,0.1578552229722703,0.23834222284969472,99,100,0.013964961282908916,-0.10552799701690674,0,26.19997787475586
29.90283226966858,1.496091200421,0.2610539603099107,0.10995724681281868,0.1578552229722703,0.23834222284969472,99,100,0.01620347984135151,-0.11766096949577332,0,26.30047059059143
30.00285816192627,1.4978200594934041,0.2602120750248423,0.11195924178064323,0.1578552229722703,0.23834222284969472,99,100,0.00983717106282711,-0.19335204362869263,0,26.40049648284912
30.103745937347412,1.4989715190080481,0.259630272360223,0.11394435846600334,0.1578552229722703,0.23834222284969472,99,100,-0.01516282893717289,-0.04335204362869263,0,26.501384258270264
30.202144622802734,1.4984853963497424,0.2598774454052155,0.1140651426300289,0.1578552229722703,0.23834222284969472,99,100,-0.0328700989484787,0.09164795637130736,0,26.599782943725586
30.30234146118164,1.4963347488321397,0.26097242354050215,0.1130923585464835,0.1578552229722703,0.23834222284969472,99,100,-0.0470120832324028,0.19634351134300232,0,26.699979782104492
30.402686834335327,1.4929523148672723,0.262654823545608,0.110846599342217,0.1578552229722703,0.23834222284969472,99,100,-0.029691562056541443,0.18076561391353607,0,26.80032515525818
30.50252079963684,1.4897651852471658,0.2641778354060317,0.10870597981377636,0.1578552229722703,0.23834222284969472,99,100,0.000308437943458556,0.03547104075551033,0,26.900159120559692
30.60203766822815,1.4888919550436246,0.26458611726704834,0.10837997913393208,0.1578552229722703,0.23834222284969472,99,100,0.020308437943458556,0.03213829547166824,0,26.999675989151
30.702056169509888,1.4895299255906278,0.2642877586340418,0.10809312360659909,0.1578552229722703,0.23834222284969472,99,100,0.025864621624350548,-0.090030238032341,0,27.09969449043274
30.802127599716187,1.4917014157802646,0.263266682182447,0.10961428704244927,0.1578552229722703,0.23834222284969472,99,100,0.03323884680867195,-0.14349550008773804,0,27.199765920639038
30.902305126190186,1.4943583902538862,0.26198155357608705,0.11108179781479291,0.1578552229722703,0.23834222284969472,99,100,0.023769110441207886,-0.09267828613519669,0,27.299943447113037
31.00191044807434,1.4962275936098344,0.2610590142700355,0.11243291015379384,0.1578552229722703,0.23834222284969472,99,100,0.011735671199858189,-0.14560340344905853,0,27.399548768997192
31.102196216583252,1.497611376308944,0.26035958128423253,0.11393481861266433,0.1578552229722703,0.23834222284969472,99,100,0.00926907453685999,-0.13273528218269348,0,27.499834537506104
31.201845407485962,1.498442821728997,0.2599303691442626,0.11491298024199118,0.1578552229722703,0.23834222284969472,99,100,0.0023611746728420258,0.017264717817306513,0,27.599483728408813
31.3030264377594,1.4986394914799965,0.25982793527754644,0.11469645465816522,0.1578552229722703,0.23834222284969472,99,100,-0.017562927678227425,0.1372647178173065,0,27.70066475868225
31.40271019935608,1.4970919032833527,0.26061999800215785,0.11286726874388,0.1578552229722703,0.23834222284969472,99,100,-0.025346675887703896,0.22937951982021332,0,27.80034852027893
31.502764463424683,1.4946329929215414,0.26183211301316595,0.11031789812036027,0.1578552229722703,0.23834222284969472,99,100,-0.022027380764484406,0.15908734500408173,0,27.900402784347534
31.602418661117554,1.4927593325700745,0.2627217139879745,0.10823499600489081,0.1578552229722703,0.23834222284969472,99,100,0.0019132217857986689,0.025658059865236282,0,28.000056982040405
31.70240879058838,1.4918187348657306,0.26316011356433144,0.10803352686483156,0.1578552229722703,0.23834222284969472,99,100,0.010366974398493767,0.009244750253856182,0,28.10004711151123
31.802056789398193,1.4923177426709175,0.26292684804735156,0.10799913433953998,0.1578552229722703,0.23834222284969472,99,100,0.024796277284622192,-0.036193087697029114,0,28.199695110321045
31.90435791015625,1.4938952155805583,0.2621894645966368,0.10840162704305559,0.1578552229722703,0.23834222284969472,99,100,0.011902925558388233,-0.1561930876970291,0,28.3019962310791
32.00218462944031,1.4954752225713408,0.2614389317888242,0.11041239012234907,0.1578552229722703,0.23834222284969472,99,100,0.018023326992988586,-0.1946389526128769,0,28.39982295036316
32.10233664512634,1.4970520234689777,0.2606638758528231,0.11246986651127808,0.1578552229722703,0.23834222284969472,99,100,0.01724153384566307,-0.18288615345954895,0,28.499974966049194
32.201823234558105,1.4986511407828143,0.2598544578383569,0.11450759702318339,0.1578552229722703,0.23834222284969472,99,100,0.012512854300439358,-0.1933422088623047,0,28.599461555480957
32.30186200141907,1.4998891478807086,0.2592041645227688,0.11691579497629676,0.1578552229722703,0.23834222284969472,99,100,0.009739979170262814,-0.04334220886230469,0,28.69950032234192
32.40203070640564,1.5002612115798302,0.25900294441840055,0.11728159782675954,0.1578552229722703,0.23834222284969472,99,100,-0.008935322053730488,0.0916577911376953,0,28.79966902732849
32.50298547744751,1.500019895817566,0.2591315123140027,0.11628845482976988,0.1578552229722703,0.23834222284969472,99,100,-0.01976623199880123,0.21140965819358826,0,28.90062379837036
32.60180735588074,1.4981684967150894,0.26009260599299644,0.11338714894558413,0.1578552229722703,0.23834222284969472,99,100,-0.02471100725233555,0.21458745002746582,0,28.99944567680359
32.701961278915405,1.4958835322593829,0.26122486298068204,0.11054638840862799,0.1578552229722703,0.23834222284969472,99,100,-0.030145158991217613,0.10365470498800278,0,29.099599599838257
32.80296039581299,1.493443075207037,0.2623945987077569,0.10898040221778024,0.1578552229722703,0.23834222284969472,99,100,-0.033244647085666656,0.11053630709648132,0,29.20059871673584
32.90241074562073,1.490982334580661,0.2635427521837939,0.10738191048495352,0.1578552229722703,0.23834222284969472,99,100,-0.0032446470856666576,0.011495411396026611,0,29.30004906654358
33.00213384628296,1.4901727916227971,0.2639146452228884,0.10740223598172707,0.1578552229722703,0.23834222284969472,99,100,0.0028398390859365463,-0.008818691596388817,0,29.39977216720581
33.10244536399841,1.4901799924481751,0.2639110608613423,0.10735969501982087,0.1578552229722703,0.23834222284969472,99,100,0.022839839085936547,0.011082671582698822,0,29.500083684921265
33.2032687664032,1.4911980537482228,0.2634406843876646,0.10744545930399527,0.1578552229722703,0.23834222284969472,99,100,0.020910056307911873,-0.11618365347385406,0,29.60090708732605
33.302576780319214,1.4927730263828254,0.2627063751236075,0.10886842334105343,0.1578552229722703,0.23834222284969472,99,100,0.016831036657094955,-0.16699644923210144,0,29.700215101242065
33.40222716331482,1.4944895274904566,0.261880641660909,0.11155507281894064,0.1578552229722703,0.23834222284969472,99,100,0.013554793782532215,-0.19656670093536377,0,29.79986548423767
33.50257134437561,1.4958681728795247,0.2611854897948767,0.11416453245413452,0.1578552229722703,0.23834222284969472,99,100,0.01633445918560028,-0.1372172087430954,0,29.900209665298462
33.60283446311951,1.4972694911196704,0.2604570665167828,0.11607614370526512,0.1578552229722703,0.23834222284969472,99,100,0.013700956478714943,-0.17225654423236847,0,30.00047278404236
33.70235896110535,1.498683681196187,0.25969758207736476,0.11823157115778607,0.1578552229722703,0.23834222284969472,99,100,0.00754679786041379,-0.2327652871608734,0,30.0999972820282
33.80275845527649,1.4995628376946586,0.25920916283254714,0.12002566626509834,0.1578552229722703,0.23834222284969472,99,100,0.0099003491923213,-0.0827652871608734,0,30.20039677619934
33.90362811088562,1.500432629048994,0.25871839641421895,0.1204520753447729,0.1578552229722703,0.23834222284969472,99,100,-0.0150996508076787,0.06723471283912659,0,30.30126643180847
34.00216245651245,1.499838239670317,0.2590507785911616,0.11999979357134241,0.1578552229722703,0.23834222284969472,99,100,-0.0350996508076787,0.18723471283912657,0,30.399800777435303
34.10763907432556,1.497470865118926,0.2603620291140025,0.1177401134529831,0.1578552229722703,0.23834222284969472,99,100,-0.020030906423926353,0.2558300793170929,0,30.505277395248413
34.20189356803894,1.495377475272345,0.2614679293126741,0.11451771665052105,0.1578552229722703,0.23834222284969472,99,100,-0.021113429218530655,0.2244264781475067,0,30.599531888961792
34.304505348205566,1.4935062255142664,0.26241380888212074,0.11198164788441392,0.1578552229722703,0.23834222284969472,99,100,-0.01782139576971531,0.10796473175287247,0,30.702143669128418
34.402140378952026,1.4921898361711503,0.26305949895735353,0.1108489722483201,0.1578552229722703,0.23834222284969472,99,100,0.010148628614842892,0.06482626497745514,0,30.799778699874878
34.5037362575531,1.4918629206162843,0.2632172016208989,0.1102092299445531,0.1578552229722703,0.23834222284969472,99,100,0.009389025159180164,0.06732836365699768,0,30.901374578475952
34.602132081985474,1.4929018132243683,0.26271747719056676,0.10948646824445449,0.1578552229722703,0.23834222284969472,99,100,0.019389025159180166,0.0037876665592193604,0,30.999770402908325
34.70207214355469,1.493932312047483,0.26222747746121106,0.10932017319202095,0.1578552229722703,0.23834222284969472,99,100,0.021051134914159775,-0.037579867988824844,0,31.09971046447754
34.8021137714386,1.4957159321031595,0.26137767188578953,0.10991019110125097,0.1578552229722703,0.23834222284969472,99,100,0.024157961830496788,-0.09192430973052979,0,31.19975209236145
34.90178322792053,1.497444497147057,0.2605402722601539,0.11112031240643097,0.1578552229722703,0.23834222284969472,99,100,0.02037176489830017,-0.0850987508893013,0,31.299421548843384
35.00209355354309,1.4990467016079556,0.2597516270696331,0.11211445826641755,0.1578552229722703,0.23834222284969472,99,100,0.01470600999891758,-0.10522212833166122,0,31.399731874465942
35.10196352005005,1.5005128202172755,0.2590192394203253,0.1128286590954645,0.1578552229722703,0.23834222284969472,99,100,-0.0026520988903939724,0.02325606904923916,0,31.4996018409729
35.20196080207825,1.500395178717007,0.2590779401314785,0.11270567731535755,0.1578552229722703,0.23834222284969472,99,100,-0.017152048647403717,0.14325606904923915,0,31.5995991230011
35.30203580856323,1.4991352154997366,0.2597044028377876,0.11150221233131805,0.1578552229722703,0.23834222284969472,99,100,-0.028076941147446632,0.113032765686512,0,31.699674129486084
35.40228509902954,1.4967804585913815,0.26084694232154926,0.1093675970079562,0.1578552229722703,0.23834222284969472,99,100,-0.03875826299190521,0.15227794647216797,0,31.799923419952393
35.50203585624695,1.4938140224406002,0.26223685043654904,0.10734566109678093,0.1578552229722703,0.23834222284969472,99,100,-0.024091247469186783,0.05571684241294861,0,31.8996741771698
35.60180044174194,1.4920580464775437,0.2630397022638629,0.10673464414360209,0.1578552229722703,0.23834222284969472,99,100,-0.0021947799250483513,0.004931371659040451,0,31.999438762664795
35.702123165130615,1.4913293112403343,0.26337188124930877,0.1068077268768193,0.1578552229722703,0.23834222284969472,99,100,0.006738138850778341,-0.030333328992128372,0,32.09976148605347
35.80417609214783,1.4917875615411431,0.26316166251422846,0.1066867049836723,0.1578552229722703,0.23834222284969472,99,100,0.019778281450271606,0.039275847375392914,0,32.20181441307068
35.90247941017151,1.4927732533330424,0.26271238521548856,0.10650730510472609,0.1578552229722703,0.23834222284969472,99,100,0.012068888172507286,-0.09572415262460708,0,32.30011773109436
36.002455949783325,1.493950624231504,0.262173813050378,0.10726408110633759,0.1578552229722703,0.23834222284969472,99,100,0.019589930772781372,-0.1018223911523819,0,32.40009427070618
36.10282921791077,1.4956104081209616,0.2614004294523399,0.10904979767594927,0.1578552229722703,0.23834222284969472,99,100,0.017615046352148056,-0.17136600613594055,0,32.50046753883362
36.20202922821045,1.4974563523932092,0.2605118875099405,0.1112025815995836,0.1578552229722703,0.23834222284969472,99,100,0.014601350761950016,-0.17697659134864807,0,32.5996675491333
36.302082538604736,1.4989198063052351,0.2597851107424479,0.11340667288775805,0.1578552229722703,0.23834222284969472,99,100,0.010892233811318874,-0.1899755597114563,0,32.69972085952759
36.401976346969604,1.4999101305565543,0.2592721510385007,0.11593653636326215,0.1578552229722703,0.23834222284969472,99,100,0.0014436475466936827,-0.039975559711456304,0,32.799614667892456
36.50182795524597,1.5000697614845873,0.2591868556074694,0.11605911342345279,0.1578552229722703,0.23834222284969472,99,100,-0.008556924760341644,0.09502444028854369,0,32.89946627616882
36.6021192073822,1.4995329370647579,0.25946736516214025,0.11490954013661484,0.1578552229722703,0.23834222284969472,99,100,-0.018974386155605316,0.1760653257369995,0,32.999757528305054
36.70202612876892,1.497895064933152,0.26029775224054386,0.11204856941287891,0.1578552229722703,0.23834222284969472,99,100,-0.02663073129951954,0.20483708381652832,0,33.09966444969177
36.80218482017517,1.4955741435672005,0.26142678242005574,0.10942955191447604,0.1578552229722703,0.23834222284969472,99,100,-0.032470475882291794,0.11429654806852341,0,33.19982314109802
36.90289664268494,1.4929004950365095,0.2626834165705019,0.10761626571821944,0.1578552229722703,0.23834222284969472,99,100,-0.04424091801047325,0.12235543876886368,0,33.30053496360779
37.002490282058716,1.4894389858092087,0.2642615961202736,0.10564824868868242,0.1578552229722703,0.23834222284969472,99,100,-0.014240918010473252,-0.027644561231136316,0,33.40012860298157
37.1024706363678,1.4869913527719536,0.26535654328314273,0.10551694051496927,0.1578552229722703,0.23834222284969472,99,100,0.010759081989526747,-0.04524911567568779,0,33.50010895729065
37.20260548591614,1.4875146225559075,0.265119007664124,0.10680515815178468,0.1578552229722703,0.23834222284969472,99,100,0.02203965000808239,-0.1358291059732437,0,33.60024380683899
37.304214000701904,1.489376070687395,0.2642529023223977,0.10904663157023362,0.1578552229722703,0.23834222284969472,99,100,0.00756538100540638,-0.190106600522995,0,33.701852321624756
37.402055978775024,1.4904480589169562,0.26373525899687295,0.11073441066250281,0.1578552229722703,0.23834222284969472,99,100,0.027565381005406384,-0.09943398833274841,0,33.799694299697876
37.50276303291321,1.4922265690419605,0.26285992440836475,0.11199058750174665,0.1578552229722703,0.23834222284969472,99,100,0.0181098785251379,-0.10218745470046997,0,33.90040135383606
37.60185432434082,1.493868974921228,0.26203742749583064,0.11290089580026277,0.1578552229722703,0.23834222284969472,99,100,0.01981263980269432,-0.05142039433121681,0,33.99949264526367
37.702364921569824,1.4953053805866188,0.26130868527897816,0.1135282615903481,0.1578552229722703,0.23834222284969472,99,100,0.02046891674399376,-0.005074501037597656,0,34.100003242492676
37.803853273391724,1.4968483776185977,0.2605207341172239,0.11400812586336087,0.1578552229722703,0.23834222284969472,99,100,0.02024972438812256,-0.017177121713757515,0,34.201491594314575
37.90183115005493,1.4986426639929726,0.25959716971808355,0.11459729018732809,0.1578552229722703,0.23834222284969472,99,100,0.002827719785273075,-0.12802892923355103,0,34.29946947097778
38.00188159942627,1.4992646368340314,0.2592708118750643,0.115760221387916,0.1578552229722703,0.23834222284969472,99,100,-0.01720966026186943,0.02197107076644897,0,34.39951992034912
38.101627826690674,1.4983049231263714,0.2597742636336028,0.11548306865589955,0.1578552229722703,0.23834222284969472,99,100,-0.008781567215919495,0.14197107076644896,0,34.499266147613525
38.20189905166626,1.4970927105671077,0.26040327826154197,0.11359272282853347,0.1578552229722703,0.23834222284969472,99,100,-0.020026780664920807,0.14403797686100006,0,34.59953737258911
38.30234217643738,1.4954520261734083,0.2612276786719361,0.1115362915269987,0.1578552229722703,0.23834222284969472,99,100,-0.023460838943719864,0.15992164611816406,0,34.69998049736023
38.402007818222046,1.4933750711173013,0.2622373827568293,0.10945858065926675,0.1578552229722703,0.23834222284969472,99,100,-0.022193659096956253,0.08985383063554764,0,34.7996461391449
38.502487897872925,1.4914794590844977,0.2631353129016736,0.10840413660347406,0.1578552229722703,0.23834222284969472,99,100,-0.000764662167057395,-0.060146169364452357,0,34.900126218795776
38.60181212425232,1.4913140844928827,0.26321203727857445,0.108899019645501,0.1578552229722703,0.23834222284969472,99,100,0.006839342415332794,-0.1385837346315384,0,34.99945044517517
38.70306921005249,1.4918477027368184,0.26295544346806304,0.11098784653210761,0.1578552229722703,0.23834222284969472,99,100,0.006751853507012129,-0.15771137177944183,0,35.10070753097534
38.802382469177246,1.4925185878330165,0.26262331501385316,0.11222769947105235,0.1578552229722703,0.23834222284969472,99,100,0.026751853507012133,-0.09368951618671417,0,35.2000207901001
38.90193843841553,1.4939516955073227,0.2619029313398112,0.11309370895465345,0.1578552229722703,0.23834222284969472,99,100,0.0218556709587574,-0.06374567747116089,0,35.29957675933838
39.00235843658447,1.4954194214205574,0.26115414339127796,0.11413551261911906,0.1578552229722703,0.23834222284969472,99,100,0.017332062125205994,-0.09686057269573212,0,35.399996757507324
39.101897954940796,1.4969643511138686,0.26035349150588716,0.11496157063085641,0.1578552229722703,0.23834222284969472,99,100,0.014719372615218163,-0.06292268633842468,0,35.49953627586365
39.20177745819092,1.4981692931733557,0.2597220948433061,0.11564652423334679,0.1578552229722703,0.23834222284969472,99,100,0.017118869349360466,-0.08262457698583603,0,35.59941577911377
39.30224633216858,1.499486492024056,0.2590244292189731,0.11620291463324675,0.1578552229722703,0.23834222284969472,99,100,-0.0006497171707451344,0.06737542301416397,0,35.69988465309143
39.4020254611969,1.499344017396073,0.25909894020993607,0.11577470133891901,0.1578552229722703,0.23834222284969472,99,100,-0.013004530221223831,0.18737542301416396,0,35.79966378211975
39.50251603126526,1.4984382143485422,0.2595694779709679,0.11342113379963562,0.1578552229722703,0.23834222284969472,99,100,-0.022741299122571945,0.1876300424337387,0,35.90015435218811
39.60239505767822,1.4963172012429509,0.2606288296179401,0.11067372519709925,0.1578552229722703,0.23834222284969472,99,100,-0.029807234182953835,0.16129381954669952,0,36.000033378601074
39.70272254943848,1.4934366923893057,0.2620147644845333,0.10857855691600163,0.1578552229722703,0.23834222284969472,99,100,-0.02479153499007225,0.019744735211133957,0,36.10036087036133
39.80833315849304,1.49203631100864,0.2626702160840281,0.1079839866845044,0.1578552229722703,0.23834222284969472,99,100,-0.00357752270065248,-0.02974885329604149,0,36.205971479415894
39.90208578109741,1.4913154114309697,0.2630075577463903,0.10823149599515822,0.1578552229722703,0.23834222284969472,99,100,0.011212450452148914,-0.07579855620861053,0,36.299724102020264
40.0019793510437,1.4923339411378205,0.26252447024090625,0.10918011728714763,0.1578552229722703,0.23834222284969472,99,100,0.019367601722478867,-0.030240077525377274,0,36.39961767196655
40.10202074050903,1.493675045480613,0.26188156713795124,0.10984260584339225,0.1578552229722703,0.23834222284969472,99,100,0.018441524356603622,-0.049389295279979706,0,36.499659061431885
40.20284914970398,1.494929789538653,0.2612720091751343,0.11084200891084597,0.1578552229722703,0.23834222284969472,99,100,0.014008586294949055,-0.08635395020246506,0,36.60048747062683
40.302048444747925,1.4962247642296704,0.2606314884077244,0.11233964761126938,0.1578552229722703,0.23834222284969472,99,100,0.014208377338945866,-0.12496253848075867,0,36.699686765670776
40.40261387825012,1.4977128804158581,0.2598762808019079,0.11409216062160624,0.1578552229722703,0.23834222284969472,99,100,0.007195238023996353,-0.16922366619110107,0,36.800252199172974
40.50231385231018,1.498620063556372,0.25940330597716055,0.11538685155484954,0.1578552229722703,0.23834222284969472,99,100,-0.01647338457405567,-0.01922366619110108,0,36.89995217323303
40.60512828826904,1.4978107454450293,0.2598269518867343,0.11530572167556766,0.1578552229722703,0.23834222284969472,99,100,-0.017634136602282524,0.11577633380889892,0,37.002766609191895
40.702061891555786,1.4963916024999944,0.26056724923731667,0.11424382044267786,0.1578552229722703,0.23834222284969472,99,100,-0.03576337546110153,0.18553325533866882,0,37.09970021247864
40.80265522003174,1.4935673583236821,0.26200477520709187,0.11241893925120597,0.1578552229722703,0.23834222284969472,99,100,-0.028051337227225304,0.16572460532188416,0,37.20029354095459
40.9027042388916,1.490793852346235,0.2633805739236432,0.11097030951520945,0.1578552229722703,0.23834222284969472,99,100,0.0019486627727746952,0.01572460532188416,0,37.30034255981445
41.002567529678345,1.4899269408995544,0.26380345919423837,0.11087001392218307,0.1843794070355931,0.28834210316901265,99,100,0.009350848384201527,-0.035485025495290756,0,37.400205850601196
41.10218954086304,1.49034036948659,0.2636004052319237,0.11139477560658365,0.1843794070355931,0.28834210316901265,99,100,0.01386244222521782,-0.13078895211219788,0,37.49982786178589
41.202685594558716,1.491875770551613,0.26283559839537723,0.11257930077154701,0.1843794070355931,0.28834210316901265,99,100,0.017862003296613693,-0.08784066885709763,0,37.60032391548157
41.302507638931274,1.4934488928400038,0.26203862884192014,0.11348170541151584,0.1843794070355931,0.28834210316901265,99,100,0.030254514887928963,-0.06213340908288956,0,37.700145959854126
41.40232563018799,1.4955935176926523,0.2609370506429883,0.11417792341351388,0.1843794070355931,0.28834210316901265,99,100,0.019917039200663567,-0.024796700105071068,0,37.79996395111084
41.50229597091675,1.497278994391535,0.26006541324455906,0.11449979883838826,0.1843794070355931,0.28834210316901265,99,100,0.030660569667816162,-0.004264673218131065,0,37.8999342918396
41.60394906997681,1.4995928097973834,0.25886466419003495,0.11464639830180604,0.1843794070355931,0.28834210316901265,99,100,0.012935078702867031,-0.025585288181900978,0,38.00158739089966
41.70192575454712,1.5005433616074533,0.2583691453315029,0.11482944151805816,0.1843794070355931,0.28834210316901265,99,100,0.0012112302938476205,0.10941471181809902,0,38.09956407546997
41.80183815956116,1.500534605237145,0.25837321801938734,0.11401474492836247,0.1843794070355931,0.28834210316901265,99,100,-0.010671306401491165,0.14715224504470825,0,38.19947648048401
41.903218269348145,1.499647159835383,0.25882377888187064,0.11210737400385476,0.1843794070355931,0.28834210316901265,99,100,-0.015635110437870026,0.1310708224773407,0,38.300856590270996
42.002765417099,1.4981756371611907,0.25954975625788923,0.11031661622958147,0.1578552229722703,0.23834222284969472,99,100,-0.025526132434606552,0.03235430642962456,0,38.40040373802185
42.10231852531433,1.4963576897473636,0.26043302814688035,0.10972838654385994,0.1578552229722703,0.23834222284969472,99,100,-0.03141145408153534,0.1111638993024826,0,38.49995684623718
42.201953172683716,1.4935959980617899,0.2617516624616929,0.10812578107334439,0.1578552229722703,0.23834222284969472,99,100,-0.03746092692017555,0.08347643911838531,0,38.59959149360657
42.301997423172,1.4904829154571162,0.2632001680585162,0.10672329215179924,0.1578552229722703,0.23834222284969472,99,100,-0.0074609269201755535,-0.059980422258377075,0,38.69963574409485
42.40236496925354,1.4889111948623663,0.26392268868796176,0.10682106494972579,0.1578552229722703,0.23834222284969472,99,100,0.017145998775959015,-0.013021813705563545,0,38.80000329017639
42.50265860557556,1.489195735366836,0.26378993655914285,0.10741558989971925,0.1578552229722703,0.23834222284969472,99,100,0.03356759250164032,-0.07915589958429337,0,38.90029692649841
42.60316801071167,1.4915091524926074,0.2627011290106734,0.1088137434785865,0.1578552229722703,0.23834222284969472,99,100,0.021551217883825302,-0.08961956948041916,0,39.00080633163452
42.702908754348755,1.4933355841085352,0.2618230334435507,0.11013267336755608,0.1578552229722703,0.23834222284969472,99,100,0.015337973833084106,-0.12246261537075043,0,39.100547075271606
42.802154779434204,1.4948599035631605,0.2610720349801508,0.11210652407510455,0.1578552229722703,0.23834222284969472,99,100,-0.003254964016377926,-0.24246261537075042,0,39.199793100357056
42.90213656425476,1.4953130469518836,0.2608390266338102,0.11445721026114444,0.1578552229722703,0.23834222284969472,99,100,0.015772365033626556,-0.16008701920509338,0,39.29977488517761
43.00187945365906,1.4965771667129562,0.2601770635503486,0.11566691792333775,0.1578552229722703,0.23834222284969472,99,100,0.01512974128127098,-0.13602158427238464,0,39.39951777458191
43.103206634521484,1.4979576802509509,0.2594384875526957,0.11704764908487966,0.1578552229722703,0.23834222284969472,99,100,0.010411839932203293,-0.13697031140327454,0,39.500844955444336
43.20488905906677,1.49885425433426,0.2589489522698677,0.11792072873109019,0.1578552229722703,0.23834222284969472,99,100,-0.012198451906442642,0.013029688596725458,0,39.602527379989624
43.30186629295349,1.4980898413537724,0.2593662537356014,0.11776125094017467,0.1578552229722703,0.23834222284969472,99,100,-0.02015656977891922,0.13302968859672545,0,39.69950461387634
43.40197157859802,1.496296664104056,0.26033714838181754,0.11624101073685336,0.1578552229722703,0.23834222284969472,99,100,-0.040156569778919224,0.2530296885967255,0,39.799609899520874
43.502026081085205,1.493247943904954,0.2619344723015774,0.1135961137696542,0.1578552229722703,0.23834222284969472,99,100,-0.02034706063568592,0.17912845313549042,0,39.89966440200806
43.60249328613281,1.49108530312686,0.2630218810519683,0.11140429431135293,0.1578552229722703,0.23834222284969472,99,100,0.0016659721732139587,0.029128453135490423,0,40.000131607055664
43.70330214500427,1.4903471767395824,0.2633848741724388,0.1108538477545001,0.1578552229722703,0.23834222284969472,99,100,0.018053291365504265,0.07611509412527084,0,40.100940465927124
43.80274677276611,1.4917526167685056,0.2626967748057023,0.11036710369598249,0.1578552229722703,0.23834222284969472,99,100,0.02722315862774849,-0.05151057243347168,0,40.200385093688965
43.902822971343994,1.4936873513408806,0.2617507097158937,0.11119080866056155,0.1578552229722703,0.23834222284969472,99,100,0.0059517184272408485,-0.17151057243347168,0,40.300461292266846
44.00282168388367,1.4949885422096825,0.2610969940253458,0.11350595397333588,0.1578552229722703,0.23834222284969472,99,100,0.01758486032485962,-0.21203242242336273,0,40.40046000480652
44.10259699821472,1.4964990838213836,0.26031253815577554,0.1153950010079797,0.1578552229722703,0.23834222284969472,99,100,0.016528885811567307,-0.16540645062923431,0,40.50023531913757
44.20222735404968,1.4979152549213657,0.2595586408272679,0.11651968830030582,0.1578552229722703,0.23834222284969472,99,100,0.011411594226956367,-0.09301330149173737,0,40.599865674972534
44.302022218704224,1.4991549402763613,0.2588918707705234,0.11687318556116658,0.1578552229722703,0.23834222284969472,99,100,0.0080855218693614,0.05698669850826263,0,40.699660539627075
44.40189981460571,1.4996375901630932,0.25863157385107965,0.11643767538626396,0.1578552229722703,0.23834222284969472,99,100,-0.00795596744865179,0.17698669850826262,0,40.799538135528564
44.50213813781738,1.4990772064739881,0.2589271277070808,0.11413427848614241,0.1578552229722703,0.23834222284969472,99,100,-0.01691891811788082,0.20038816332817078,0,40.899776458740234
44.602235317230225,1.497488856273883,0.2597346575614095,0.1116841909414871,0.1578552229722703,0.23834222284969472,99,100,-0.021914061158895493,0.14108487963676453,0,40.999873638153076
44.70284175872803,1.4951304361330928,0.26089547080005693,0.10991220837791885,0.1578552229722703,0.23834222284969472,99,100,-0.021889489144086838,0.06334955990314484,0,41.10048007965088
44.80241250991821,1.4934703545895147,0.2616901721910567,0.10837339101288299,0.1578552229722703,0.23834222284969472,99,100,-0.028676457703113556,0.11535050719976425,0,41.200050830841064
44.901997089385986,1.491203888136117,0.2627483586521194,0.10673023534237067,0.1578552229722703,0.23834222284969472,99,100,-0.0029635964892804623,-0.03464949280023574,0,41.29963541030884
45.003443241119385,1.4906631614555022,0.26299533408901105,0.10668368179714696,0.1578552229722703,0.23834222284969472,99,100,0.005887708161026239,-0.00497160479426384,0,41.401081562042236
45.10188364982605,1.4906610857104974,0.2629960772033166,0.10681780672135968,0.1578552229722703,0.23834222284969472,99,100,0.006017311476171017,-0.12497160479426384,0,41.4995219707489
45.20233678817749,1.4914824402764242,0.26261341987070275,0.1081446427583029,0.1578552229722703,0.23834222284969472,99,100,0.021975241601467133,-0.1595476120710373,0,41.59997510910034
45.30190896987915,1.4929513183929806,0.2619092325200727,0.11008518444281248,0.1578552229722703,0.23834222284969472,99,100,0.020470960065722466,-0.08735335618257523,0,41.699547290802
45.402952432632446,1.4946450151521518,0.2610776039863702,0.11106998727773468,0.1578552229722703,0.23834222284969472,99,100,0.019395435228943825,-0.03498201072216034,0,41.8005907535553
45.50383234024048,1.4961166724421928,0.2603474010072959,0.11176159048274212,0.1578552229722703,0.23834222284969472,99,100,0.014011869207024574,-0.054724209010601044,0,41.90147066116333
45.60319972038269,1.4971256936816433,0.2598405717085875,0.11257351274178864,0.1578552229722703,0.23834222284969472,99,100,0.007471786811947823,-0.08497603237628937,0,42.00083804130554
45.70173501968384,1.4981559022323112,0.2593163795331625,0.11323356601845316,0.1578552229722703,0.23834222284969472,99,100,-0.0026766692753881216,0.06502396762371063,0,42.09937334060669
45.80214834213257,1.4980280124613037,0.2593811484267412,0.11276172327547498,0.1578552229722703,0.23834222284969472,99,100,-0.006222528871148825,0.11961975693702698,0,42.19978666305542
45.90221548080444,1.4974400026329748,0.2596756984898727,0.1109384888685229,0.1578552229722703,0.23834222284969472,99,100,-0.017235908657312393,0.1348496526479721,0,42.299853801727295
46.00206184387207,1.4958572636689413,0.2604475274047832,0.10933998527237501,0.1578552229722703,0.23834222284969472,99,100,-0.032682158052921295,0.0689348429441452,0,42.39970016479492
46.10179018974304,1.4936508919527494,0.26149735565609633,0.1078013967207799,0.1578552229722703,0.23834222284969472,99,100,-0.039588555693626404,0.0672573447227478,0,42.499428510665894
46.20198941230774,1.490539057869887,0.2629513202226396,0.10708798694750707,0.1578552229722703,0.23834222284969472,99,100,-0.009588555693626405,-0.052626267075538635,0,42.59962773323059
46.30188035964966,1.4883137598794367,0.2639855070252575,0.10714701806072527,0.1578552229722703,0.23834222284969472,99,100,0.0132156852632761,-0.010182686150074005,0,42.69951868057251
46.402222871780396,1.488888490276854,0.2637165631121309,0.10746770558670674,0.1578552229722703,0.23834222284969472,99,100,0.03196758031845093,-0.06477392464876175,0,42.79986119270325
46.50282335281372,1.4905024401664098,0.26295476461026196,0.10871533348872112,0.1578552229722703,0.23834222284969472,99,100,0.022947464138269424,-0.13315896689891815,0,42.90046167373657
46.60278058052063,1.492689990617808,0.2618968135250024,0.11066936526913632,0.1578552229722703,0.23834222284969472,99,100,0.01921170949935913,-0.13135775923728943,0,43.00041890144348
46.703418493270874,1.4947732672530833,0.26086032636388984,0.11223390320982154,0.1578552229722703,0.23834222284969472,99,100,0.013539653271436691,-0.13777704536914825,0,43.101056814193726
46.80269145965576,1.4959958165034426,0.2602373174811198,0.11338225192872295,0.1578552229722703,0.23834222284969472,99,100,0.016620904207229614,-0.0697857066988945,0,43.20032978057861
46.902368783950806,1.4974963191664916,0.25946109041629595,0.11450549893528636,0.1578552229722703,0.23834222284969472,99,100,0.012113186530768871,-0.09205637872219086,0,43.30000710487366
47.00268888473511,1.498733274332455,0.25881207597206385,0.11497356741951828,0.1578552229722703,0.23834222284969472,99,100,0.00048189377412199974,0.05794362127780914,0,43.40032720565796
47.10322952270508,1.4987059002247318,0.2588258081351564,0.11455434406912593,0.1578552229722703,0.23834222284969472,99,100,-0.015547730028629303,0.12824967503547668,0,43.50086784362793
47.202409744262695,1.4972465990418253,0.25957774977770387,0.11264816395529151,0.1578552229722703,0.23834222284969472,99,100,-0.029887236654758453,0.14241527020931244,0,43.60004806518555
47.30269527435303,1.4948198096258034,0.2607933801760449,0.11065932400789572,0.1578552229722703,0.23834222284969472,99,100,-0.021453658118844032,0.16235977411270142,0,43.70033359527588
47.40220808982849,1.4928204600785298,0.2617597299108792,0.10839948545268988,0.1578552229722703,0.23834222284969472,99,100,-0.01767389476299286,0.10525284707546234,0,43.79984641075134
47.50216317176819,1.4908161000293192,0.2627025029911378,0.1073176812456085,0.1578552229722703,0.23834222284969472,99,100,0.003374394029378891,0.0027396325021982193,0,43.89980149269104
47.60221862792969,1.4908132448589693,0.26270254327626835,0.1073283739780049,0.1578552229722703,0.23834222284969472,99,100,0.0036433693021535873,-0.017330588772892952,0,43.99985694885254
47.70201921463013,1.4908128967655465,0.2627026762967111,0.10742619050623006,0.1578552229722703,0.23834222284969472,99,100,0.01666916534304619,-0.059347741305828094,0,44.09965753555298
47.802380084991455,1.491860329209177,0.26220913777902727,0.10834630353148836,0.1578552229722703,0.23834222284969472,99,100,0.014754941686987877,-0.03809564188122749,0,44.20001840591431
47.9021635055542,1.492786900563599,0.26176589111806886,0.10943715739127582,0.1578552229722703,0.23834222284969472,99,100,0.016202937811613083,-0.06895279139280319,0,44.29980182647705
48.00257205963135,1.4940222793139573,0.2611642346125517,0.11057620443070101,0.1578552229722703,0.23834222284969472,99,100,0.01646849699318409,-0.09170316904783249,0,44.4002103805542
48.10228490829468,1.4956055626785785,0.2603789848984462,0.11166248914155388,0.1578552229722703,0.23834222284969472,99,100,0.015180282294750214,-0.06254123896360397,0,44.49992322921753
48.202269077301025,1.4967137656611538,0.2598206887303194,0.11264259469161816,0.1578552229722703,0.23834222284969472,99,100,0.016010358929634094,-0.0743204802274704,0,44.59990739822388
48.302170515060425,1.498096415734512,0.25911101128555386,0.11430758025124513,0.1578552229722703,0.23834222284969472,99,100,0.006858724169433117,-0.1375090330839157,0,44.699808835983276
48.40242266654968,1.4987422835615447,0.2587704555444965,0.11533363616762474,0.1578552229722703,0.23834222284969472,99,100,-0.004191233776509762,0.012490966916084284,0,44.800060987472534
48.502094984054565,1.4983078335410671,0.2589993157387572,0.1152112218133812,0.1578552229722703,0.23834222284969472,99,100,0.0,0.0,0,44.89973330497742
48.60564875602722,1.4979877861674735,0.2591682085184605,0.1151020458296135,0.1578552229722703,0.23834222284969472,99,100,0.0,0.0,0,45.00328707695007
48.702067613601685,1.4979719318846503,0.2591766217739461,0.11490667265544677,0.1578552229722703,0.23834222284969472,99,100,-0.02,0.12,0,45.099705934524536
48.80262851715088,1.4966628030014246,0.2598569826614466,0.1134557195272192,0.1578552229722703,0.23834222284969472,99,100,-0.028371993452310562,0.15512099862098694,0,45.20026683807373
48.90355443954468,1.494210861330464,0.261103408582381,0.11190807895760516,0.1578552229722703,0.23834222284969472,99,100,-0.026894977316260338,0.08012099862098694,0,45.30119276046753
49.002339363098145,1.4919254087793548,0.26223590327553786,0.11042653099016356,0.1578552229722703,0.23834222284969472,99,100,-0.011894977316260338,0.056281678378582,0,45.399977684020996
49.10216021537781,1.4902688383667517,0.26304504167933684,0.11001480475239125,0.1578552229722703,0.23834222284969472,99,100,0.007555035874247551,0.07750578969717026,0,45.49979853630066
49.20333909988403,1.490846125274572,0.26276358181972226,0.1096390615265396,0.1578552229722703,0.23834222284969472,99,100,0.017555035874247553,0.07364293932914734,0,45.600977420806885
49.301939964294434,1.4919487020665696,0.2622328727603879,0.10867027289536643,0.1578552229722703,0.23834222284969472,99,100,0.0047719646245241165,-0.0013570606708526584,0,45.699578285217285
49.40202617645264,1.4926810938352328,0.26188493910031324,0.10849004015164623,0.1578552229722703,0.23834222284969472,99,100,0.014771964624524117,-0.12135706067085265,0,45.79966449737549
49.50200319290161,1.4935216424253153,0.2614823327883733,0.10972131039814079,0.1578552229722703,0.23834222284969472,99,100,0.020069636404514313,-0.17781049013137817,0,45.89964151382446
49.60196399688721,1.4956672934895254,0.2604283023556857,0.11196288415991892,0.1578552229722703,0.23834222284969472,99,100,0.013919223099946976,-0.19250866770744324,0,45.99960231781006
49.70201635360718,1.4975299534884752,0.25947222512603374,0.11517880091768809,0.1578552229722703,0.23834222284969472,99,100,0.013280601240694523,-0.11856972426176071,0,46.09965467453003
49.802178382873535,1.4987881911905792,0.2587995002072069,0.1166365760924978,0.1578552229722703,0.23834222284969472,99,100,0.004500715993344784,-0.043569724261760714,0,46.19981670379639
49.90221548080444,1.4997914182008008,0.2582571853257747,0.11674816436672128,0.1578552229722703,0.23834222284969472,99,100,-0.010499284006655216,0.09143027573823928,0,46.299853801727295
50.00226712226868,1.4992504488956377,0.25854651381484695,0.11577800503093219,0.1578552229722703,0.23834222284969472,99,100,-0.02217026822268963,0.20181818306446075,0,46.39990544319153
50.10236620903015,1.4977642920920005,0.2593210391681098,0.11277642514926525,0.1578552229722703,0.23834222284969472,99,100,-0.02677554450929165,0.16300413012504578,0,46.500004529953
50.202078104019165,1.4953168321708983,0.2605456847552387,0.11067263298776822,0.1578552229722703,0.23834222284969472,99,100,-0.029644781723618507,0.08800413012504578,0,46.59971642494202
50.30214285850525,1.4927217658316563,0.2618062849744039,0.10904928044386694,0.1578552229722703,0.23834222284969472,99,100,-0.028548749163746834,0.11761253327131271,0,46.6997811794281
50.402202129364014,1.4904407797637766,0.2628885330211747,0.10746375723811993,0.1578552229722703,0.23834222284969472,99,100,-0.013548749163746834,0.042612533271312716,0,46.799840450286865
50.50184440612793,1.4883148082517346,0.26387233785424313,0.10649220585316657,0.1578552229722703,0.23834222284969472,99,100,0.007392512634396553,-0.000629400834441185,0,46.89948272705078
50.602280378341675,1.4883858737043432,0.2638380540503717,0.10647938624680744,0.1578552229722703,0.23834222284969472,99,100,0.013896346092224121,-0.06062940083444118,0,46.999918699264526
50.70236325263977,1.4887544023372288,0.26366743197988346,0.10687125224591462,0.1578552229722703,0.23834222284969472,99,100,0.023896346092224123,-0.09108150750398636,0,47.10000157356262
50.80354404449463,1.4902273183985018,0.2629783778603854,0.10813853471808946,0.1578552229722703,0.23834222284969472,99,100,0.02263583242893219,-0.10726416110992432,0,47.20118236541748
50.90480041503906,1.4921497520159595,0.2620552356455678,0.11009349503481772,0.1578552229722703,0.23834222284969472,99,100,0.017505649477243423,-0.10169602185487747,0,47.302438735961914
51.00237488746643,1.4939824699672501,0.26115121295910654,0.11140190057637714,0.1578552229722703,0.23834222284969472,99,100,0.012189175002276897,-0.13103742897510529,0,47.40001320838928
51.101966381073,1.4956294575230291,0.2603219447457161,0.1128338620614984,0.1578552229722703,0.23834222284969472,99,100,0.01362573727965355,-0.14364494383335114,0,47.49960470199585
51.20239448547363,1.4968663572821355,0.25968299144146234,0.11463458606566276,0.1578552229722703,0.23834222284969472,99,100,0.001203382620587945,-0.20364494383335113,0,47.600032806396484
51.30321192741394,1.4980303466521698,0.25906468712026226,0.11669555865261552,0.1578552229722703,0.23834222284969472,99,100,-0.01310720108449459,-0.14887105226516723,0,47.70085024833679
51.40219211578369,1.4977992884608071,0.25918862535519904,0.11788559985122196,0.1578552229722703,0.23834222284969472,99,100,-0.020953845232725143,0.0011289477348327692,0,47.79983043670654
51.50200009346008,1.4963358130757927,0.25999411939024586,0.11792736222386105,0.1578552229722703,0.23834222284969472,99,100,-0.02583201415836811,0.12112894773483276,0,47.899638414382935
51.603135108947754,1.4944484478270368,0.26102357159498246,0.11627428107834684,0.1578552229722703,0.23834222284969472,99,100,-0.019867807626724243,0.2093648910522461,0,48.000773429870605
51.70226240158081,1.4921924376851818,0.26220870579415645,0.11339460191283077,0.1578552229722703,0.23834222284969472,99,100,-0.004867807626724244,0.13436489105224608,0,48.09990072250366
51.80225467681885,1.4909073576610006,0.262857177439795,0.11136838726762952,0.1578552229722703,0.23834222284969472,99,100,0.0013534585013985634,0.04148534238338471,0,48.1998929977417
51.90220832824707,1.4911314336357755,0.262745350149946,0.11110587515565454,0.1578552229722703,0.23834222284969472,99,100,0.011353458501398564,-0.02510109916329384,0,48.29984664916992
52.00279641151428,1.4916056065245147,0.2625105952577816,0.11120705804773864,0.1578552229722703,0.23834222284969472,99,100,0.022356074303388596,-0.08510109916329384,0,48.400434732437134
52.10213661193848,1.4929686179983694,0.2618313774372927,0.11228477975603049,0.1578552229722703,0.23834222284969472,99,100,0.015039877966046333,-0.12420502305030823,0,48.49977493286133
52.20226979255676,1.494875475195541,0.2608594349077702,0.11394343519796865,0.1578552229722703,0.23834222284969472,99,100,0.014908140525221825,-0.14350908994674683,0,48.599908113479614
52.3019540309906,1.4964651707561616,0.2600275967371403,0.11541422537977,0.1578552229722703,0.23834222284969472,99,100,0.0033592628315091133,-0.11762558668851852,0,48.69959235191345
52.40227389335632,1.4974612373696108,0.25949550365542035,0.11662817555375324,0.1578552229722703,0.23834222284969472,99,100,0.013359262831509114,-0.04262558668851853,0,48.799912214279175
52.50205731391907,1.4979691080810362,0.2592199012599622,0.11711994263746242,0.1578552229722703,0.23834222284969472,99,100,0.013621666468679905,0.05456525534391403,0,48.89969563484192
52.60201573371887,1.4992964849300745,0.2585005979727819,0.11660731133871541,0.1578552229722703,0.23834222284969472,99,100,-0.0013783335313200945,0.17456525534391404,0,48.999654054641724
52.70351958274841,1.500227825707035,0.258003735469619,0.11479407141106204,0.1578552229722703,0.23834222284969472,99,100,-0.018738867938518526,0.19655229151248932,0,49.101157903671265
52.80250096321106,1.49885952673391,0.2587094096467007,0.11193710265706355,0.1578552229722703,0.23834222284969472,99,100,-0.03182494640350342,0.12155229151248932,0,49.20013928413391
52.9020209312439,1.4966432587699445,0.25980285433392064,0.10953279464870422,0.1578552229722703,0.23834222284969472,99,100,-0.028794171288609505,0.041411671042442325,0,49.29965925216675
53.00252437591553,1.4940797110823119,0.2610331710722382,0.10832795553312127,0.1578552229722703,0.23834222284969472,99,100,-0.0384332574903965,0.0471351221203804,0,49.40016269683838
53.102314472198486,1.4913342567654815,0.2623307633441587,0.10756066744009987,0.1578552229722703,0.23834222284969472,99,100,-0.0234332574903965,-0.027864877879619596,0,49.49995279312134
53.20231485366821,1.4887418703350983,0.26354732430920397,0.10761737225009091,0.1578552229722703,0.23834222284969472,99,100,0.006566742509603499,-0.020771117880940437,0,49.599953174591064
53.30216026306152,1.487664251589694,0.2640546059299924,0.10785224253811457,0.1578552229722703,0.23834222284969472,99,100,0.016902679800987246,-0.02368219383060932,0,49.699798583984375
53.4046905040741,1.488349031844939,0.2637300086675984,0.10809023810387627,0.1578552229722703,0.23834222284969472,99,100,0.02777944713830948,-0.016045495867729187,0,49.80232882499695
53.50201678276062,1.4898157863176393,0.26303223383584695,0.10846125688567046,0.1578552229722703,0.23834222284969472,99,100,0.022103814408183098,-0.05192077159881592,0,49.89965510368347
53.602298974990845,1.4922103654609697,0.26188455761392765,0.10923780354925125,0.1578552229722703,0.23834222284969472,99,100,0.011091641150414944,-0.07508502155542374,0,49.999937295913696
53.70178198814392,1.4940193674804425,0.2610068637551275,0.10997023390983632,0.1578552229722703,0.23834222284969472,99,100,0.016567520797252655,-0.11228056252002716,0,50.09942030906677
53.80248713493347,1.4952584577953638,0.26039578435028526,0.11123952234342274,0.1578552229722703,0.23834222284969472,99,100,0.0064620040357112885,-0.15590564906597137,0,50.20012545585632
53.9018075466156,1.4966303735207476,0.2597035176143778,0.11330405115292155,0.1578552229722703,0.23834222284969472,99,100,0.014690352603793144,-0.14073997735977173,0,50.29944586753845
54.00285601615906,1.4975992653460146,0.25919864821236915,0.11474890134606344,0.1578552229722703,0.23834222284969472,99,100,-0.0001528074499219656,-0.06573997735977173,0,50.40049433708191
54.1019971370697,1.498557448793234,0.25869306229794403,0.11506108059770795,0.1578552229722703,0.23834222284969472,99,100,-0.0003382009454071522,0.06926002264022826,0,50.499635457992554
54.202412605285645,1.4983924862714082,0.2587795959121467,0.11450062815568238,0.1578552229722703,0.23834222284969472,99,100,-0.010338200945407152,0.1786716878414154,0,50.600050926208496
54.30214977264404,1.4980000698409945,0.258981415144942,0.11222404826327773,0.1578552229722703,0.23834222284969472,99,100,-0.026980655491352083,0.16854336857795715,0,50.699788093566895
54.40246891975403,1.4961171326331335,0.2599171889992204,0.10970505448186876,0.1578552229722703,0.23834222284969472,99,100,-0.021627504378557205,0.11965267360210419,0,50.80010724067688
54.5021116733551,1.4935195377119244,0.2611650429084633,0.10783812358602382,0.1578552229722703,0.23834222284969472,99,100,-0.023035293444991112,0.09208044409751892,0,50.899749994277954
54.602120876312256,1.492237081625614,0.2617646963249472,0.1067235125386101,0.1578552229722703,0.23834222284969472,99,100,-0.008035293444991112,0.027153128758072853,0,50.99975919723511
54.7020537853241,1.4900129602489829,0.2627851176155568,0.1055798637509536,0.1578552229722703,0.23834222284969472,99,100,0.006779104471206665,-0.01390690915286541,0,51.09969210624695
54.80245804786682,1.4901944003501424,0.2627010050361552,0.10558046880566144,0.1578552229722703,0.23834222284969472,99,100,0.014750637114048004,-0.0008804353419691324,0,51.20009636878967
54.902145862579346,1.490340394572641,0.262634221679066,0.10559864999612253,0.1578552229722703,0.23834222284969472,99,100,0.008613351732492447,-0.06088043534196913,0,51.2997841835022
55.00240612030029,1.4913069035649393,0.2621917580125023,0.1060488063805112,0.1578552229722703,0.23834222284969472,99,100,0.01861335173249245,-0.07647010684013367,0,51.400044441223145
55.1020724773407,1.4923252761188555,0.2617184310346203,0.10758933507918048,0.1578552229722703,0.23834222284969472,99,100,0.015933115035295486,-0.013605326414108276,0,51.49971079826355
55.20249581336975,1.4938227537542688,0.26101012142778257,0.10805750009858575,0.1578552229722703,0.23834222284969472,99,100,0.023561950773000717,-0.05061319097876549,0,51.6001341342926
55.30218434333801,1.4952120859216724,0.26034936504593015,0.10844907029232334,0.1578552229722703,0.23834222284969472,99,100,0.008561950773000718,-0.1091780737042427,0,51.699822664260864
55.40275239944458,1.496730867052245,0.25962029575225953,0.10956227454391634,0.1578552229722703,0.23834222284969472,99,100,0.017169568911194803,-0.10592377185821533,0,51.80039072036743
55.50212812423706,1.4978525814631503,0.25906919658713135,0.11108707900786366,0.1578552229722703,0.23834222284969472,99,100,0.0034338428080081945,-0.030923771858215335,0,51.89976644515991
55.603413581848145,1.499050299133578,0.2584721040609572,0.11136441595660682,0.1578552229722703,0.23834222284969472,99,100,0.004355226643383503,0.07284191250801086,0,52.001051902770996
55.702173471450806,1.4991717620193907,0.25841150977022,0.11100136593382406,0.1578552229722703,0.23834222284969472,99,100,-0.008242066949605942,0.08714056015014648,0,52.09981179237366
55.80239462852478,1.499145403471807,0.2584240467207382,0.11000472535914343,0.1578552229722703,0.23834222284969472,99,100,-0.018242066949605944,0.07619843631982803,0,52.20003294944763
55.90212416648865,1.4983764954197172,0.25879776656856446,0.1091806407221235,0.1578552229722703,0.23834222284969472,99,100,-0.02785375900566578,0.060718975961208344,0,52.2997624874115
56.00227975845337,1.4964375501640053,0.2597292440061711,0.10841098957085296,0.1578552229722703,0.23834222284969472,99,100,-0.019894404336810112,0.10036972165107727,0,52.39991807937622
56.10240077972412,1.4941782828703172,0.2607999302914457,0.10720207477940183,0.1578552229722703,0.23834222284969472,99,100,-0.015597427263855934,0.025369721651077273,0,52.50003910064697
56.202471017837524,1.4928640103493522,0.2614095475685192,0.10656916367873967,0.1578552229722703,0.23834222284969472,99,100,-0.0005974272638559347,-0.0007172804325819016,0,52.600109338760376
56.302302837371826,1.492395426748423,0.26162666380716887,0.10659550676057214,0.1578552229722703,0.23834222284969472,99,100,0.01124934945255518,0.0007919656345620751,0,52.69994115829468
56.403611183166504,1.4926205053063446,0.261521933387017,0.10659621885733625,0.1578552229722703,0.23834222284969472,99,100,0.018985867500305176,-0.018107930198311806,0,52.801249504089355
56.50242590904236,1.493419754495764,0.2611505245713575,0.10668099260010325,0.1578552229722703,0.23834222284969472,99,100,0.009839081205427647,-0.020896144211292267,0,52.90006422996521
56.60223412513733,1.4946181442610238,0.2605929253873157,0.10692304496494645,0.1578552229722703,0.23834222284969472,99,100,0.01782217063009739,-0.08089614421129226,0,52.99987244606018
56.70209240913391,1.4954732480069814,0.2601912916814252,0.10789928783137301,0.1578552229722703,0.23834222284969472,99,100,0.016395268961787224,-0.13174201548099518,0,53.09973073005676
56.80228233337402,1.4972549972844922,0.25933873617603453,0.10967172882125939,0.1578552229722703,0.23834222284969472,99,100,0.013273153454065323,-0.125166654586792,0,53.199920654296875
56.90224885940552,1.49885017416441,0.25855050976631205,0.11176062312772087,0.1578552229722703,0.23834222284969472,99,100,-0.0017268465459346766,-0.050166654586791995,0,53.29988718032837
57.00359559059143,1.4993619561362594,0.25829100448491615,0.11214362006088865,0.1578552229722703,0.23834222284969472,99,100,-0.012846495024859905,0.084833345413208,0,53.40123391151428
57.102020025253296,1.4985485159492407,0.25869972754030696,0.11105615595448834,0.1578552229722703,0.23834222284969472,99,100,-0.022846495024859907,0.11755255609750748,0,53.49965834617615
57.202009201049805,1.4969280227429627,0.259494710027364,0.10937777522321976,0.1578552229722703,0.23834222284969472,99,100,-0.03509647607803345,0.09075739234685898,0,53.599647521972656
57.30221676826477,1.4944081528263746,0.2606995681582949,0.10763925436891544,0.1578552229722703,0.23834222284969472,99,100,-0.028569238260388374,0.06629297137260437,0,53.69985508918762
57.404460430145264,1.491681028606477,0.26196982536078567,0.106124382334398,0.1578552229722703,0.23834222284969472,99,100,-0.013569238260388375,0.01547174621373415,0,53.802098751068115
57.502174854278564,1.4895629960949999,0.26293957966447906,0.10568050580277524,0.1578552229722703,0.23834222284969472,99,100,0.012566299745813012,-0.05171128734946251,0,53.899813175201416
57.603691816329956,1.4899055880383985,0.262781539500331,0.1059768032443,0.1578552229722703,0.23834222284969472,99,100,0.01999480463564396,-0.08514367043972015,0,54.00133013725281
57.7020697593689,1.4910885999974544,0.2622313485443471,0.10756801409026681,0.1578552229722703,0.23834222284969472,99,100,0.012964040972292423,-0.1382898986339569,0,54.09970808029175
57.80199718475342,1.4927859428695298,0.26142140051083934,0.10927016468221865,0.1578552229722703,0.23834222284969472,99,100,0.015589682385325432,-0.11910028755664825,0,54.19963550567627
57.90208673477173,1.4942776327898875,0.2606921392215796,0.11056501571517977,0.1578552229722703,0.23834222284969472,99,100,0.014148243702948093,-0.12320578843355179,0,54.29972505569458
58.0033004283905,1.4956571720023406,0.2600032099165819,0.11199750035001302,0.1578552229722703,0.23834222284969472,99,100,0.012607496231794357,-0.1346847116947174,0,54.400938749313354
58.10222840309143,1.4971509949220216,0.259240552747115,0.11339144601541298,0.1578552229722703,0.23834222284969472,99,100,0.014722388237714767,-0.11355701833963394,0,54.49986672401428
58.20350623130798,1.498356677227011,0.258613849333669,0.1143655991171744,0.1578552229722703,0.23834222284969472,99,100,-0.000277611762285232,-0.038557018339633944,0,54.601144552230835
58.30254650115967,1.4993855870455028,0.25807340430824466,0.11450995634491137,0.1578552229722703,0.23834222284969472,99,100,-0.01619098335504532,0.09644298166036605,0,54.70018482208252
58.40406322479248,1.4984268805887955,0.25857320432357384,0.11370361813319821,0.1578552229722703,0.23834222284969472,99,100,-0.023739809170365334,0.16854046285152435,0,54.80170154571533
58.50235891342163,1.49658008998548,0.25951566786974206,0.1116296353575302,0.1578552229722703,0.23834222284969472,99,100,-0.027383532375097275,0.10485975444316864,0,54.89999723434448
58.60237956047058,1.4943718522337024,0.260611888035571,0.11010989390243783,0.1578552229722703,0.23834222284969472,99,100,-0.025058981031179428,0.0807606652379036,0,55.00001788139343
58.70236659049988,1.4922581573352316,0.2616401457214782,0.10890819382875103,0.1578552229722703,0.23834222284969472,99,100,-0.010058981031179429,0.015817292034626007,0,55.10000491142273
58.803184270858765,1.490947371484327,0.262267096863269,0.1083662360748425,0.1578552229722703,0.23834222284969472,99,100,0.01288687065243721,-0.022980427369475365,0,55.200822591781616
58.90218544006348,1.4911271091198848,0.262180855382119,0.10848172231263689,0.1578552229722703,0.23834222284969472,99,100,0.016099363565444946,-0.019134990870952606,0,55.29982376098633
59.00289297103882,1.4919469208121696,0.26178797055173547,0.10865499161626416,0.1578552229722703,0.23834222284969472,99,100,0.015890732407569885,-0.0791349908709526,0,55.40053129196167
59.102864265441895,1.4932098667032043,0.26117894150885096,0.10946683806378724,0.1578552229722703,0.23834222284969472,99,100,0.007610247936099768,-0.1074472963809967,0,55.500502586364746
59.202359199523926,1.4943756617971,0.260607665972971,0.11067944567527796,0.1578552229722703,0.23834222284969472,99,100,0.016621282324194908,-0.061452388763427734,0,55.59999752044678
59.30221605300903,1.4952733712321389,0.26015958958871777,0.11169812412557148,0.1578552229722703,0.23834222284969472,99,100,0.01978706195950508,-0.07100611925125122,0,55.699854373931885
59.40673041343689,1.4966749178547791,0.25944983830735663,0.11266320669868415,0.1578552229722703,0.23834222284969472,99,100,0.004787061959505082,-0.13100611925125122,0,55.80436873435974
59.502392053604126,1.4978827392232836,0.2588282769461267,0.11393419317191747,0.1578552229722703,0.23834222284969472,99,100,-0.008046094328165054,-0.08692278265953064,0,55.90003037452698
59.600184202194214,1.497734442447082,0.2589039965565783,0.11438343398887521,0.1578552229722703,0.23834222284969472,99,100,-0.00757956737652421,0.06307721734046935,0,55.997822523117065
59.70222806930542,1.4969371287093298,0.2593205293900895,0.11409191855394316,0.1578552229722703,0.23834222284969472,99,100,-0.005332086235284805,0.11674699187278748,0,56.09986639022827
59.80324101448059,1.496174104621424,0.2597162127395095,0.11299980127210793,0.1578552229722703,0.23834222284969472,99,100,-0.015170130878686905,0.12058630585670471,0,56.20087933540344
59.902079820632935,1.495288777138213,0.2601656898857264,0.11150419263480058,0.1578552229722703,0.23834222284969472,99,100,-0.025170130878686907,0.133677676320076,0,56.299718141555786
60.00236511230469,1.4935090734570935,0.26104973473972803,0.11014870945199753,0.1578552229722703,0.23834222284969472,99,100,-0.012556078508496285,0.05867767632007599,0,56.40000343322754
60.10193943977356,1.4914513786970678,0.26205257644143354,0.10941922694070202,0.1578552229722703,0.23834222284969472,99,100,0.004007560666650534,0.05887164548039436,0,56.49957776069641
60.20231747627258,1.4916151371464004,0.2619724233241062,0.1090761773192869,0.1578552229722703,0.23834222284969472,99,100,0.002378595294430852,-0.016128354519605634,0,56.599955797195435
60.30199480056763,1.4920368325024314,0.2617688659223998,0.10906415537340017,0.1578552229722703,0.23834222284969472,99,100,0.012378595294430852,-0.002105030231177807,0,56.69963312149048
60.402539014816284,1.4924387537445174,0.26157491416895895,0.10902821614446431,0.1578552229722703,0.23834222284969472,99,100,0.013644211925566196,-0.062105030231177805,0,56.800177335739136
60.501861810684204,1.493854279279471,0.26088979951551516,0.10977326732197032,0.1578552229722703,0.23834222284969472,99,100,0.022193441167473793,-0.09716897457838058,0,56.899500131607056
60.60322403907776,1.4954830993852453,0.26008438577496046,0.11150850825227324,0.1578552229722703,0.23834222284969472,99,100,0.020086124539375305,-0.10919296741485596,0,57.00086236000061
60.70208382606506,1.4973218971667654,0.25915348542840094,0.11280459810711094,0.1578552229722703,0.23834222284969472,99,100,0.019336044788360596,-0.0934600681066513,0,57.099722146987915
60.802414894104004,1.4990667812095333,0.25825365480218265,0.11401926882095373,0.1578552229722703,0.23834222284969472,99,100,0.004336044788360596,-0.01846006810665131,0,57.200053215026855
60.90201163291931,1.5002089469451625,0.257655785416214,0.11431548712162556,0.1578552229722703,0.23834222284969472,99,100,-0.002834938932210207,0.05653993189334869,0,57.29964995384216
61.00236773490906,1.4995107046036589,0.258018685603701,0.11332530196845284,0.1578552229722703,0.23834222284969472,99,100,-0.01856669992208481,0.14042946696281433,0,57.40000605583191
61.10186982154846,1.4983418023139152,0.2586128115900722,0.11139618608956289,0.1578552229722703,0.23834222284969472,99,100,-0.027851564809679985,0.10974026471376419,0,57.49950814247131
61.204039096832275,1.496137214214042,0.25970141299457894,0.1094095406553828,0.1578552229722703,0.23834222284969472,99,100,-0.022070202976465225,0.11886394023895264,0,57.60167741775513
61.30169939994812,1.4937689368458544,0.2608365721339507,0.10763730990627798,0.1578552229722703,0.23834222284969472,99,100,-0.016854504123330116,0.04386394023895264,0,57.69933772087097
61.40542721748352,1.4921276892850952,0.2616042960338583,0.10676351749802768,0.1578552229722703,0.23834222284969472,99,100,-0.0018545041233301168,-0.01576743833720684,0,57.80306553840637
61.50247550010681,1.4907925076835802,0.26222668262312077,0.10675100338804158,0.1578552229722703,0.23834222284969472,99,100,0.010970073752105236,0.022440064698457718,0,57.90011382102966
61.602139949798584,1.4911849420415015,0.26204295149028517,0.10659936633198067,0.1578552229722703,0.23834222284969472,99,100,0.014875349588692188,0.004936561919748783,0,57.999778270721436
61.702773094177246,1.4917532156616125,0.2617786084777684,0.10653731513909923,0.1578552229722703,0.23834222284969472,99,100,0.015366523526608944,0.006911954842507839,0,58.1004114151001
61.80088233947754,1.4928207804794322,0.2612825104045794,0.10647223776671813,0.1578552229722703,0.23834222284969472,99,100,0.013585414737462997,-0.047468677163124084,0,58.19852066040039
61.90098524093628,1.4936872291116459,0.26087987323453815,0.10658395779564891,0.1578552229722703,0.23834222284969472,99,100,0.009141752496361732,-0.048380233347415924,0,58.29862356185913
62.00111389160156,1.4948823776602513,0.26032249937942464,0.10705532597613229,0.1578552229722703,0.23834222284969472,99,100,0.011642472818493843,-0.10838023334741592,0,58.398752212524414
62.10224151611328,1.4957903710319018,0.25989330642684516,0.1087256683770769,0.1578552229722703,0.23834222284969472,99,100,0.015291132032871246,-0.12970484793186188,0,58.49987983703613
62.202189683914185,1.4970726961669294,0.2592655124987003,0.11109595905052153,0.1578552229722703,0.23834222284969472,99,100,0.018686864525079727,-0.15683332085609436,0,58.599828004837036
62.302287340164185,1.4986418512740172,0.25847171211698283,0.11324415358495557,0.1578552229722703,0.23834222284969472,99,100,0.0036868645250797277,-0.08183332085609436,0,58.699925661087036
62.40211772918701,1.4998733026325162,0.2578318548662389,0.11406605088425545,0.1578552229722703,0.23834222284969472,99,100,-0.00587914464995265,0.06816667914390563,0,58.79975605010986
62.502182722091675,1.499426805502012,0.25806338879430224,0.11371566107523615,0.1578552229722703,0.23834222284969472,99,100,-0.015879144649952652,0.14947807788848877,0,58.899821043014526
62.601916551589966,1.4982989727941047,0.25864055675013237,0.11169983181457718,0.1578552229722703,0.23834222284969472,99,100,-0.02645380236208439,0.14151401817798615,0,58.99955487251282
62.70191264152527,1.496443558949937,0.25955909572612135,0.10938518641986525,0.1578552229722703,0.23834222284969472,99,100,-0.026501353830099106,0.08509556204080582,0,59.09955096244812
62.80551362037659,1.4941065607052637,0.2606791265453288,0.10756391570975996,0.1578552229722703,0.23834222284969472,99,100,-0.016634982079267502,0.0989137813448906,0,59.20315194129944
62.90199375152588,1.4921888681255768,0.2615758979837215,0.10625310781953676,0.1578552229722703,0.23834222284969472,99,100,-0.0016349820792675024,0.023913781344890597,0,59.29963207244873
63.000762939453125,1.4912470981210848,0.262008805396457,0.10602261772792912,0.1578552229722703,0.23834222284969472,99,100,0.0163436159491539,-0.06975433230400085,0,59.39840126037598
63.10218930244446,1.4918156425829003,0.2617450412912897,0.1066392003164636,0.1578552229722703,0.23834222284969472,99,100,0.015430948697030544,-0.12975433230400085,0,59.49982762336731
63.20718717575073,1.4934428588460906,0.260980305353767,0.10832702508167982,0.1578552229722703,0.23834222284969472,99,100,0.025430948697030546,-0.17481935024261475,0,59.604825496673584
63.30199360847473,1.4953489603403787,0.26005105458445105,0.111011587326907,0.1578552229722703,0.23834222284969472,99,100,0.021836435422301292,-0.09981935024261475,0,59.69963192939758
63.40607476234436,1.4975694578627303,0.2589342383268049,0.11229202678597897,0.1578552229722703,0.23834222284969472,99,100,0.016239531338214874,-0.03735256940126419,0,59.80371308326721
63.50205850601196,1.4989824526375175,0.2582112219129288,0.11314438432735915,0.1578552229722703,0.23834222284969472,99,100,0.0012395313382148748,0.03764743059873581,0,59.899696826934814
63.6036057472229,1.499519527249324,0.2579334722957267,0.11319390069376725,0.1578552229722703,0.23834222284969472,99,100,-0.0025071147829294205,0.1494150608778,0,60.00124406814575
63.701908111572266,1.4992975648071523,0.25804626893652716,0.11120535849137783,0.1578552229722703,0.23834222284969472,99,100,-0.01250711478292942,0.16578508913516998,0,60.09954643249512
63.802289724349976,1.498444998170576,0.25846544409173283,0.10897115885812927,0.1578552229722703,0.23834222284969472,99,100,-0.022503286600112915,0.09078508913516999,0,60.19992804527283
63.90233588218689,1.4968090066514983,0.2592465407854687,0.10744117800363642,0.1578552229722703,0.23834222284969472,99,100,-0.028939757496118546,0.02456521987915039,0,60.29997420310974
64.00578570365906,1.4947106981264329,0.2602336750901206,0.10700776591346026,0.1578552229722703,0.23834222284969472,99,100,-0.018814703449606895,0.06251834332942963,0,60.40342402458191
64.10207676887512,1.492503030945009,0.2612642894515039,0.10614970208727312,0.1578552229722703,0.23834222284969472,99,100,-0.003814703449606896,-0.00043705455027520657,0,60.499715089797974
64.20447993278503,1.4916516003797753,0.26165555162649135,0.10584821196070257,0.1578552229722703,0.23834222284969472,99,100,0.014414330944418907,-0.060437054550275204,0,60.602118253707886
64.3021011352539,1.4920791524291805,0.2614574903742684,0.10623057610048961,0.1578552229722703,0.23834222284969472,99,100,0.02210380509495735,-0.10885780304670334,0,60.69973945617676
64.40218496322632,1.493664859652733,0.2607171382716819,0.10738149439987457,0.1578552229722703,0.23834222284969472,99,100,0.016414867714047432,-0.09634914249181747,0,60.79982328414917
64.50193619728088,1.4954004539399297,0.25988962051623093,0.1088007061833057,0.1578552229722703,0.23834222284969472,99,100,0.012248549610376358,-0.09458734840154648,0,60.899574518203735
64.60255575180054,1.496766624342013,0.2592240132814321,0.11001284129661529,0.1578552229722703,0.23834222284969472,99,100,0.010455798357725143,-0.15458734840154648,0,61.00019407272339
64.70208144187927,1.4981128779503268,0.25855431626529074,0.11195817680124617,0.1578552229722703,0.23834222284969472,99,100,-0.004544201642274856,-0.08915317356586457,0,61.099719762802124
64.80223155021667,1.498558100377931,0.2583265754985119,0.11254403522673698,0.1578552229722703,0.23834222284969472,99,100,-0.00399054866284132,0.06084682643413543,0,61.199869871139526
64.90201997756958,1.497960620396193,0.2586308283002954,0.11224775432778691,0.1578552229722703,0.23834222284969472,99,100,-0.010244828648865223,0.11775988340377808,0,61.29965829849243
65.0020010471344,1.4973063504745676,0.2589600228351929,0.11089344247425778,0.1578552229722703,0.23834222284969472,99,100,-0.017661798745393753,0.12568923830986023,0,61.39963936805725
65.1025402545929,1.496226565597154,0.25949096479641093,0.10903204811230935,0.1578552229722703,0.23834222284969472,99,100,-0.025840219110250473,0.08372386544942856,0,61.50017857551575
65.20230793952942,1.494573509713333,0.260283184239397,0.10752268262938522,0.1578552229722703,0.23834222284969472,99,100,-0.02612360380589962,0.08710996061563492,0,61.59994626045227
65.30197787284851,1.4926430984054702,0.26118791835167876,0.10612613500911541,0.1578552229722703,0.23834222284969472,99,100,-0.01112360380589962,0.012109960615634921,0,61.69961619377136
65.40232419967651,1.4911570489055328,0.2618696507758903,0.10544003091288631,0.1578552229722703,0.23834222284969472,99,100,0.011173886246979237,-0.0704135638102889,0,61.799962520599365
65.50449442863464,1.4911750050255652,0.26186048537853057,0.10609767544412954,0.1578552229722703,0.23834222284969472,99,100,0.010610111989080906,-0.11371089518070221,0,61.902132749557495
65.60396075248718,1.4924335438617264,0.2612727929552656,0.10750919872933043,0.1578552229722703,0.23834222284969472,99,100,0.020610111989080908,-0.06836120784282684,0,62.001599073410034
65.70227575302124,1.4935792689925669,0.260725967645887,0.10868691994533206,0.1578552229722703,0.23834222284969472,99,100,0.02007983811199665,-0.03395504131913185,0,62.09991407394409
65.80432939529419,1.4952606523378023,0.25991056648130667,0.10951867585846634,0.1578552229722703,0.23834222284969472,99,100,0.011802637949585915,-0.054876554757356644,0,62.20196771621704
65.90262222290039,1.4968342100270882,0.259139701429959,0.11003644315277142,0.1578552229722703,0.23834222284969472,99,100,0.012921527959406376,-0.11487655475735664,0,62.30026054382324
66.0059552192688,1.4979884618602581,0.25856551122632127,0.11165660083758469,0.1578552229722703,0.23834222284969472,99,100,-0.0020784720405936236,-0.09032309353351593,0,62.40359354019165
66.10207462310791,1.4988874725342767,0.2581074341525591,0.11254040369592208,0.1578552229722703,0.23834222284969472,99,100,-0.00075584277510643,0.05348656699061394,0,62.49971294403076
66.20210981369019,1.4985987704692034,0.2582542439571776,0.11237459072447861,0.1578552229722703,0.23834222284969472,99,100,-0.01075584277510643,0.10855906456708908,0,62.59974813461304
66.30394530296326,1.4980745076255757,0.25851948130803154,0.11132813763072266,0.1578552229722703,0.23834222284969472,99,100,-0.020345844328403473,0.11707936227321625,0,62.70158362388611
66.4000632762909,1.496437002312872,0.25933265774181413,0.10973839830585311,0.1578552229722703,0.23834222284969472,99,100,-0.018369577825069427,0.1217932477593422,0,62.797701597213745
66.50229692459106,1.4944664651944988,0.26028599288011506,0.10817457403059097,0.1578552229722703,0.23834222284969472,99,100,-0.023563114926218987,0.05522618442773819,0,62.899935245513916
66.6013503074646,1.4926765981354064,0.2611334132870363,0.10709842786641185,0.1578552229722703,0.23834222284969472,99,100,-0.008563114926218987,-0.019773815572261808,0,62.99898862838745
66.70222020149231,1.4912311666948577,0.2618103417078522,0.10680113671985311,0.1578552229722703,0.23834222284969472,99,100,0.011176039455458522,0.019427288323640823,0,63.09985852241516
66.80278873443604,1.4915062184787313,0.26168107718834516,0.10658830029842006,0.1578552229722703,0.23834222284969472,99,100,0.017575465142726898,-0.01243372168391943,0,63.20042705535889
66.90228271484375,1.4921854537938617,0.261364044721865,0.1065677234826505,0.1578552229722703,0.23834222284969472,99,100,0.01711445301771164,-0.03261597454547882,0,63.2999210357666
67.00214219093323,1.4934358229430957,0.2607797785931989,0.10694144613047987,0.1578552229722703,0.23834222284969472,99,100,0.013317576609551907,-0.08497308194637299,0,63.39978051185608
67.10217189788818,1.4945061849021168,0.2602745369913742,0.10791384407201401,0.1578552229722703,0.23834222284969472,99,100,0.016105089336633682,-0.10656212270259857,0,63.499810218811035
67.2190146446228,1.495949065802811,0.25957961870600704,0.1094770817013219,0.1578552229722703,0.23834222284969472,99,100,0.012809857726097107,-0.13713601231575012,0,63.616652965545654
67.30029225349426,1.4976009910298982,0.2587646266719311,0.11119135515945924,0.1578552229722703,0.23834222284969472,99,100,0.011640370823442936,-0.08401215821504593,0,63.697930574417114
67.40272355079651,1.498849583900961,0.25813400861951985,0.11221246937606763,0.1578552229722703,0.23834222284969472,99,100,-0.0033596291765570635,-0.009012158215045932,0,63.80036187171936
67.50211691856384,1.499695663293811,0.25770255031616784,0.11229071170745455,0.1578552229722703,0.23834222284969472,99,100,-0.008747724816203117,0.12598784178495406,0,63.899755239486694
67.60223460197449,1.498570017921284,0.2582708036550604,0.11066193578758668,0.1578552229722703,0.23834222284969472,99,100,-0.01874772481620312,0.11315180361270905,0,63.99987292289734
67.70220875740051,1.4973225178456715,0.2588834389147319,0.10914665618296207,0.1578552229722703,0.23834222284969472,99,100,-0.023833807557821274,0.03815180361270905,0,64.09984707832336
67.80060696601868,1.495400646733223,0.25981053012103494,0.1083296993672572,0.1578552229722703,0.23834222284969472,99,100,-0.03302468731999397,0.027571938931941986,0,64.19824528694153
67.90277457237244,1.4933255373734757,0.2608013422595514,0.10774424858754864,0.1578552229722703,0.23834222284969472,99,100,-0.025422504171729088,0.02203281968832016,0,64.30041289329529
68.00473070144653,1.4907801034631316,0.26200942125621374,0.10754868216545552,0.1578552229722703,0.23834222284969472,99,100,-0.010422504171729088,-0.010630520060658455,0,64.40236902236938
68.10232496261597,1.488810247652157,0.2629423543287983,0.1075706425261925,0.1578552229722703,0.23834222284969472,99,100,0.014577495828270911,-0.006473771296441555,0,64.49996328353882
68.20311331748962,1.489351670109793,0.2626853538125907,0.10754829150358872,0.1578552229722703,0.23834222284969472,99,100,0.02109380252659321,0.0046129385009408,0,64.60075163841248
68.30242681503296,1.4905673660016963,0.2621095528590861,0.10751330083893476,0.1578552229722703,0.23834222284969472,99,100,0.013014313764870167,-0.06280073523521423,0,64.70006513595581
68.40148687362671,1.4920713149736984,0.2613961932823997,0.10792367704831599,0.1578552229722703,0.23834222284969472,99,100,0.0157801304012537,-0.09347451478242874,0,64.79912519454956
68.50221610069275,1.4932650978496302,0.2608223110556956,0.10912302361508183,0.1578552229722703,0.23834222284969472,99,100,0.011630218476057053,-0.1045890524983406,0,64.8998544216156
68.60048627853394,1.4946934585496123,0.2601214822076118,0.11056780245695899,0.1578552229722703,0.23834222284969472,99,100,0.015954086557030678,-0.11319243907928467,0,64.99812459945679
68.70215106010437,1.4960877032554496,0.25942431322513393,0.11151152252015498,0.1578552229722703,0.23834222284969472,99,100,0.011735649779438972,-0.157690167427063,0,65.09978938102722
68.80090880393982,1.4977343197762734,0.2585865649649581,0.11315947352312586,0.1578552229722703,0.23834222284969472,99,100,0.01830494962632656,-0.1660514920949936,0,65.19854712486267
68.902339220047,1.4991415101810224,0.2578504533302034,0.114774485128494,0.1578552229722703,0.23834222284969472,99,100,0.0033049496263265615,-0.0910514920949936,0,65.29997754096985
69.00097680091858,1.500352006137775,0.257205432420711,0.11529269223597524,0.1578552229722703,0.23834222284969472,99,100,0.0032194401137530804,0.0589485079050064,0,65.39861512184143
69.10669159889221,1.5002756424437966,0.2572456222008135,0.11482621461164791,0.1578552229722703,0.23834222284969472,99,100,-0.00761850830167532,0.14719997346401215,0,65.50432991981506
69.20027422904968,1.5001654483664388,0.2573021237033816,0.11299898676225281,0.1578552229722703,0.23834222284969472,99,100,-0.01761850830167532,0.15906742215156555,0,65.59791254997253
69.3022689819336,1.4992364204124367,0.2577729239923103,0.11071769349554275,0.1578552229722703,0.23834222284969472,99,100,-0.02857038751244545,0.1399572640657425,0,65.69990730285645
69.40087151527405,1.4969916160059165,0.2588771450929285,0.10877206866312875,0.1578552229722703,0.23834222284969472,99,100,-0.028347602114081383,0.06886056065559387,0,65.7985098361969
69.50195360183716,1.4945830223624161,0.2600277430363256,0.10719051435710727,0.1578552229722703,0.23834222284969472,99,100,-0.02452997863292694,0.02177903801202774,0,65.89959192276001
69.60448479652405,1.4924743401056773,0.26101859173052816,0.10675265538763859,0.1578552229722703,0.23834222284969472,99,100,-0.009529978632926941,-0.05186877399682999,0,66.0021231174469
69.70213651657104,1.4905966714583465,0.26189943997738246,0.10680869063783963,0.1578552229722703,0.23834222284969472,99,100,0.010341031476855278,-0.013065020553767681,0,66.0997748374939
69.80235052108765,1.4905781632995274,0.26190744927872117,0.10694212608172679,0.1578552229722703,0.23834222284969472,99,100,0.012622143141925335,-0.04345222935080528,0,66.1999888420105
69.90198278427124,1.491085906769743,0.2616673345185303,0.10755200994000083,0.1578552229722703,0.23834222284969472,99,100,0.020988471806049347,-0.037171266973018646,0,66.29962110519409
70.00259113311768,1.4921653978242033,0.26115202764507583,0.10823253748117392,0.1578552229722703,0.23834222284969472,99,100,0.016317840665578842,-0.06990937888622284,0,66.40022945404053
70.10222721099854,1.4936910014585203,0.260414268137591,0.1092292666926282,0.1578552229722703,0.23834222284969472,99,100,0.01398287434130907,-0.08293494582176208,0,66.49986553192139
70.20180821418762,1.4949568765929324,0.2597927073684449,0.11004823986624465,0.1578552229722703,0.23834222284969472,99,100,0.013127249665558338,-0.14293494582176208,0,66.59944653511047
70.30585885047913,1.4962869106350938,0.2591297990888779,0.11140794059366324,0.1578552229722703,0.23834222284969472,99,100,0.015777867287397385,-0.0986182913184166,0,66.70349717140198
70.40330219268799,1.4978735783222008,0.2583222247942103,0.11264369023427703,0.1578552229722703,0.23834222284969472,99,100,0.004473662003874779,-0.023618291318416598,0,66.80094051361084
70.50206518173218,1.4989512915352083,0.257766862678992,0.11274933872329215,0.1578552229722703,0.23834222284969472,99,100,-0.007148348726332188,0.1113817086815834,0,66.89970350265503
70.6015317440033,1.4986462847817705,0.2579226406927297,0.11135706886775495,0.1578552229722703,0.23834222284969472,99,100,-0.014950480312108994,0.11902947723865509,0,66.99917006492615
70.70197463035583,1.4978627998503684,0.2583136349680627,0.11001578670133491,0.1578552229722703,0.23834222284969472,99,100,-0.024950480312108995,0.10993018746376038,0,67.09961295127869
70.8018593788147,1.496124087653911,0.2591630881783604,0.10840285920241147,0.1578552229722703,0.23834222284969472,99,100,-0.033436864614486694,0.08387260138988495,0,67.19949769973755
70.90229105949402,1.4938284738972853,0.2602550923539166,0.10667221997613677,0.1578552229722703,0.23834222284969472,99,100,-0.02808564528822899,0.04006252810359001,0,67.29992938041687
71.00220203399658,1.491261708458211,0.26145274755786696,0.10608539658180308,0.1578552229722703,0.23834222284969472,99,100,-0.01308564528822899,-0.02862684801220894,0,67.39984035491943
71.10270071029663,1.489210210056796,0.2624055070999322,0.10602966312871046,0.1578552229722703,0.23834222284969472,99,100,0.01191435471177101,-0.003442975692451,0,67.50033903121948
71.2042167186737,1.489335719181571,0.2623462951223901,0.10605918633400194,0.1578552229722703,0.23834222284969472,99,100,0.018121544271707535,-0.005560873541980982,0,67.60185503959656
71.30212259292603,1.4900869427794337,0.2619969880630216,0.10601786161772722,0.1578552229722703,0.23834222284969472,99,100,0.016103645786643028,-0.04410631209611893,0,67.69976091384888
71.40263867378235,1.4914148235927915,0.26137852219094915,0.10650976604319565,0.1578552229722703,0.23834222284969472,99,100,0.01538847852498293,-0.06630376726388931,0,67.8002769947052
71.50231742858887,1.4924812318680136,0.2608748049211844,0.10767070518104463,0.1578552229722703,0.23834222284969472,99,100,0.01603413000702858,-0.09946398437023163,0,67.89995574951172
71.602623462677,1.4938753558734967,0.26020360914524715,0.10890849501889185,0.1578552229722703,0.23834222284969472,99,100,0.013047788292169571,-0.10874660313129425,0,68.00026178359985
71.70240306854248,1.4954656132840585,0.2594244558208286,0.11001912467975175,0.1578552229722703,0.23834222284969472,99,100,0.014918929897248745,-0.07181871682405472,0,68.10004138946533
71.80253171920776,1.496789421159329,0.25876490480492087,0.11101471497987617,0.1578552229722703,0.23834222284969472,99,100,0.011415859684348106,-0.0958280861377716,0,68.20017004013062
71.90196466445923,1.498099731149885,0.25810176129278667,0.11213431797613124,0.1578552229722703,0.23834222284969472,99,100,-0.003584140315651893,-0.02082808613777161,0,68.29960298538208
72.00278162956238,1.4988501731141635,0.25771720500530004,0.11215762874878996,0.1578552229722703,0.23834222284969472,99,100,-0.01054418832063675,0.11417191386222839,0,68.40041995048523
72.10246443748474,1.4980059586264844,0.25814485889038274,0.110793311755392,0.1578552229722703,0.23834222284969472,99,100,-0.012701904401183128,0.11405228078365326,0,68.50010275840759
72.20394921302795,1.4969133917852582,0.2586868158700494,0.10939024073197798,0.1578552229722703,0.23834222284969472,99,100,-0.02270190440118313,0.03905228078365326,0,68.6015875339508
72.30465602874756,1.4955147518913945,0.2593676005346258,0.10866577454171614,0.1578552229722703,0.23834222284969472,99,100,-0.03402557224035263,0.054402828216552734,0,68.70229434967041
72.40906429290771,1.493289756750542,0.2604411109069927,0.10792026400484958,0.1578552229722703,0.23834222284969472,99,100,-0.02521839365363121,0.055514536798000336,0,68.80670261383057
72.50678181648254,1.4906570169232722,0.2616975839443245,0.10731326670475513,0.1578552229722703,0.23834222284969472,99,100,-0.010218393653631211,-0.007478242740035057,0,68.9044201374054
72.60281658172607,1.4889363238405666,0.26251293696550276,0.10727435959779633,0.1578552229722703,0.23834222284969472,99,100,0.013089447505772114,0.0008392361924052238,0,69.00045490264893
72.70682859420776,1.4889661401504355,0.2624983922908977,0.10720923058062207,0.1578552229722703,0.23834222284969472,99,100,0.018033655360341072,-0.053428471088409424,0,69.10446691513062
72.80999779701233,1.489842799309914,0.26208259808552786,0.10733936979219896,0.1578552229722703,0.23834222284969472,99,100,0.015146159566938877,-0.07721199095249176,0,69.20763611793518
72.90213060379028,1.491425960500704,0.2613229014226171,0.10876979961629954,0.1578552229722703,0.23834222284969472,99,100,0.021086301654577255,-0.07103654742240906,0,69.29976892471313
73.00217962265015,1.4928486351185302,0.2606270452502531,0.10970804274208615,0.1578552229722703,0.23834222284969472,99,100,0.019379206001758575,-0.060660116374492645,0,69.399817943573
73.1021785736084,1.4942971254818986,0.2599092323701563,0.11046798984502634,0.1578552229722703,0.23834222284969472,99,100,0.014542278833687305,-0.05863349884748459,0,69.49981689453125
73.20315718650818,1.4954751487269795,0.2593183703194305,0.11124176164178803,0.1578552229722703,0.23834222284969472,99,100,0.012158920057117939,-0.07920807600021362,0,69.60079550743103
73.3021137714386,1.4966352011735913,0.2587295849608823,0.11205376220550614,0.1578552229722703,0.23834222284969472,99,100,0.01378739345818758,-0.05804610997438431,0,69.69975209236145
73.4025354385376,1.4977655445480038,0.2581494694397197,0.11267087054123984,0.1578552229722703,0.23834222284969472,99,100,-0.0012126065418124193,0.01695389002561569,0,69.80017375946045
73.50251197814941,1.4985346428724053,0.2577523001091056,0.11258074711897062,0.1578552229722703,0.23834222284969472,99,100,-0.007881770841777325,0.13027074933052063,0,69.90015029907227
73.60206413269043,1.4974485135003153,0.258307269834102,0.11103094706219366,0.1578552229722703,0.23834222284969472,99,100,-0.017881770841777327,0.14896543323993683,0,69.99970245361328
73.70213747024536,1.496377187828631,0.2588404301450783,0.10975816516289652,0.1578552229722703,0.23834222284969472,99,100,0.0,0.0,0,70.09977579116821
73.80213141441345,1.4961160019844333,0.25896877797227724,0.10967512433859225,0.1578552229722703,0.23834222284969472,99,100,0.0,0.0,0,70.1997697353363
73.90195393562317,1.4961138746345164,0.2589698244849125,0.10956173523176385,0.1578552229722703,0.23834222284969472,99,100,-0.02,0.08250664174556732,0,70.29959225654602
74.0042793750763,1.495020485433033,0.2595033144513417,0.10840360746881603,0.1578552229722703,0.23834222284969472,99,100,-0.014723695814609528,0.10571672022342682,0,70.40191769599915
74.10192203521729,1.4934402521384234,0.260260228424783,0.1072431264406832,0.1578552229722703,0.23834222284969472,99,100,-0.014580079354345798,-0.0025254562497138977,0,70.49956035614014
74.20262312889099,1.4925738630501755,0.26067013462008654,0.10708392032092354,0.1578552229722703,0.23834222284969472,99,100,0.00384187838062644,0.03204522281885147,0,70.60026144981384
74.30452990531921,1.492431776898042,0.2607371179566262,0.10706876035544013,0.1578552229722703,0.23834222284969472,99,100,-0.0011820000363513827,-0.0766352191567421,0,70.70216822624207
74.40280103683472,1.4923782338757268,0.26076235258066455,0.10724690337073853,0.1578552229722703,0.23834222284969472,99,100,0.018006188794970512,0.03658768907189369,0,70.80043935775757
74.5023832321167,1.4932766420976153,0.26033612068058276,0.10721369316521814,0.1578552229722703,0.23834222284969472,99,100,0.01652509905397892,-0.03165921941399574,0,70.90002155303955
74.60265779495239,1.4941987100695762,0.2598971342125613,0.1077227669494181,0.1578552229722703,0.23834222284969472,99,100,0.006896406412124634,-0.06633270531892776,0,71.00029611587524
74.70732569694519,1.4950241196117098,0.25950046404592786,0.10860062706460802,0.1578552229722703,0.23834222284969472,99,100,0.013234628364443779,-0.14700005948543549,0,71.10496401786804
74.80287075042725,1.4964322999942616,0.2588092328570582,0.11047972528532793,0.1578552229722703,0.23834222284969472,99,100,0.016395995393395424,-0.128688246011734,0,71.2005090713501
74.90229296684265,1.4979225149024307,0.2580575095535045,0.11166359085120184,0.1578552229722703,0.23834222284969472,99,100,-0.0017318539321422577,0.021311753988265986,0,71.2999312877655
75.00207734107971,1.498152948115661,0.25793967293225406,0.11149059882523035,0.1578552229722703,0.23834222284969472,99,100,-0.0020101433619856834,0.10852749645709991,0,71.39971566200256
75.10238242149353,1.4979485224392308,0.25804224573532875,0.11001978241125557,0.1578552229722703,0.23834222284969472,99,100,-0.013452280312776566,0.10591478645801544,0,71.50002074241638
75.20321464538574,1.4969118655589135,0.2585528066442332,0.10896761859958173,0.1578552229722703,0.23834222284969472,99,100,-0.02234778366982937,0.08408784121274948,0,71.6008529663086
75.30222916603088,1.4951872255457819,0.25938548486940965,0.10763730334167312,0.1578552229722703,0.23834222284969472,99,100,-0.03184273838996887,0.0581757053732872,0,71.69986748695374
75.40205121040344,1.4927303307000266,0.26055138999766636,0.10663641214314964,0.1578552229722703,0.23834222284969472,99,100,-0.023420725017786026,0.03819272667169571,0,71.7996895313263
75.50243210792542,1.490587657527702,0.26155696541625634,0.10645000206436442,0.1578552229722703,0.23834222284969472,99,100,0.0024594280403107405,-0.035400256514549255,0,71.90007042884827
75.60219478607178,1.490202727027009,0.261736891945318,0.10650430770899458,0.1578552229722703,0.23834222284969472,99,100,0.014070590026676655,-0.005879781674593687,0,71.99983310699463
75.70219397544861,1.4908169102159816,0.2614478618677925,0.10671694117249678,0.1578552229722703,0.23834222284969472,99,100,0.019606811925768852,-0.008814630098640919,0,72.09983229637146
75.80179190635681,1.4923861383304016,0.26070722189946544,0.10692003596606112,0.1578552229722703,0.23834222284969472,99,100,0.01214312482625246,-0.06881463009864092,0,72.19943022727966
75.90229177474976,1.4939611316554986,0.25995994681482204,0.10753275455514902,0.1578552229722703,0.23834222284969472,99,100,0.014197878539562225,-0.09321802854537964,0,72.29993009567261
76.00219988822937,1.495153889557645,0.2593859123883159,0.10856904634933254,0.1578552229722703,0.23834222284969472,99,100,0.00973524246364832,-0.11166473478078842,0,72.39983820915222
76.10199666023254,1.4965069575303211,0.2587229458872907,0.11007977620837742,0.1578552229722703,0.23834222284969472,99,100,0.009744888171553612,-0.08476479351520538,0,72.4996349811554
76.20471596717834,1.4975037207092312,0.2582243547734792,0.1107366718635274,0.1578552229722703,0.23834222284969472,99,100,-0.010943043977022171,0.06523520648479461,0,72.6023542881012
76.30218935012817,1.4971317771234027,0.2584098194282841,0.11032697890375112,0.1578552229722703,0.23834222284969472,99,100,-0.01026477012783289,0.07406232506036758,0,72.69982767105103
76.40243434906006,1.4960139732001518,0.2589642934328223,0.10960018133417229,0.1578552229722703,0.23834222284969472,99,100,-0.01774217188358307,0.07397152483463287,0,72.80007266998291
76.50207757949829,1.4946759216469905,0.2596177894837919,0.10845929392350237,0.1578552229722703,0.23834222284969472,99,100,-0.02237284928560257,0.06156621128320694,0,72.89971590042114
76.60204267501831,1.493089577358612,0.26037937743425105,0.107401564435782,0.1578552229722703,0.23834222284969472,99,100,-0.028649289160966873,0.049525097012519836,0,72.99968099594116
76.70556664466858,1.4909243251512294,0.2614042197934976,0.10665389403497275,0.1578552229722703,0.23834222284969472,99,100,-0.013649289160966874,-0.02547490298748016,0,73.10320496559143
76.80286240577698,1.4890889124607432,0.2622663035229899,0.1065839115486795,0.1578552229722703,0.23834222284969472,99,100,0.006814597640186548,-0.008914992213249207,0,73.20050072669983
76.90197563171387,1.4885443650869654,0.26252209778843655,0.10659085076934746,0.1578552229722703,0.23834222284969472,99,100,0.015332618728280067,-0.021298998966813087,0,73.29961395263672
77.0018253326416,1.4890070486574198,0.26230409815902467,0.10674723428134017,0.1578552229722703,0.23834222284969472,99,100,0.019967330619692802,-0.022053465247154236,0,73.39946365356445
77.10469245910645,1.4901359892189188,0.2617702909996956,0.1071990875803954,0.1578552229722703,0.23834222284969472,99,100,0.019115041941404343,-0.020989645272493362,0,73.5023307800293
77.20243549346924,1.4917162857569195,0.26101758510184214,0.10771271993359652,0.1578552229722703,0.23834222284969472,99,100,0.025258446112275124,-0.03821832686662674,0,73.60007381439209
77.30235743522644,1.4937468895383124,0.26004142152513,0.10823530596601813,0.1578552229722703,0.23834222284969472,99,100,0.013377777300775051,-0.034718096256256104,0,73.69999575614929
77.40449619293213,1.4947167619733972,0.2595709611825164,0.10889140349565132,0.1578552229722703,0.23834222284969472,99,100,0.011580251157283783,-0.05595647171139717,0,73.80213451385498
77.50192379951477,1.4956034776281935,0.2591361261507069,0.10991485247124647,0.1578552229722703,0.23834222284969472,99,100,0.009435568004846573,-0.11882486194372177,0,73.89956212043762
77.60306882858276,1.4968070709639352,0.2585331590189145,0.11154724546410574,0.1578552229722703,0.23834222284969472,99,100,0.018052689731121063,-0.11507143825292587,0,74.00070714950562
77.70247030258179,1.498451616802138,0.2576914108166477,0.11245685416047993,0.1578552229722703,0.23834222284969472,99,100,-0.003576174844056368,0.03492856174707412,0,74.10010862350464
77.8023955821991,1.4986316057559372,0.2575975954001519,0.11219500582631861,0.1578552229722703,0.23834222284969472,99,100,0.0011086680460721254,0.1187693253159523,0,74.20003390312195
77.90178084373474,1.4987642379692543,0.2575301736809224,0.11110143543085241,0.1578552229722703,0.23834222284969472,99,100,-0.014149816706776619,0.1029772087931633,0,74.29941916465759
78.0033688545227,1.4973757065521458,0.25822438687159194,0.10979953466949946,0.1578552229722703,0.23834222284969472,99,100,-0.019882842898368835,0.0896821990609169,0,74.40100717544556
78.10722208023071,1.4959180324338892,0.25894045846722286,0.10879120526502137,0.1578552229722703,0.23834222284969472,99,100,-0.03183991461992264,0.06243906542658806,0,74.50486040115356
78.21589279174805,1.4959180324338892,0.25894045846722286,0.10879120526502137,0.1578552229722703,0.23834222284969472,99,100,-0.021668685600161552,0.046765293926000595,0,74.6135311126709
78.30292916297913,1.4959180324338892,0.25894045846722286,0.10879120526502137,0.1578552229722703,0.23834222284969472,99,100,-0.006668685600161553,-0.00585288368165493,0,74.70056748390198
78.40192914009094,1.4901193739906922,0.26171183688502275,0.1067923528443758,0.1578552229722703,0.23834222284969472,99,100,0.007959290407598019,-0.004825109615921974,0,74.7995674610138
78.50219011306763,1.4901283892692474,0.2617073932751884,0.10684348745002967,0.1578552229722703,0.23834222284969472,99,100,0.014394612051546574,-0.04154273867607117,0,74.89982843399048
78.60210871696472,1.4910750043211254,0.26125787744295664,0.10763711643462012,0.1578552229722703,0.23834222284969472,99,100,0.016548393294215202,-0.051360730081796646,0,74.99974703788757
78.7024941444397,1.4920959377956975,0.26076650625988684,0.10838918817304102,0.1578552229722703,0.23834222284969472,99,100,0.01911272667348385,-0.050138503313064575,0,75.10013246536255
78.8039231300354,1.4933596139469865,0.26015123668363693,0.1091315006363062,0.1578552229722703,0.23834222284969472,99,100,0.014430785551667213,-0.038992125540971756,0,75.20156145095825
78.90291500091553,1.494470610290372,0.25960464181954224,0.10972934865436137,0.1578552229722703,0.23834222284969472,99,100,0.020011523738503456,-0.041233841329813004,0,75.30055332183838
79.00192785263062,1.495780366063987,0.25895356475662046,0.1104354028162188,0.1578552229722703,0.23834222284969472,99,100,0.02007199637591839,-0.03202984109520912,0,75.39956617355347
79.10212898254395,1.4973804338302863,0.2581500708322387,0.1110565276190679,0.1578552229722703,0.23834222284969472,99,100,0.01261258963495493,-0.041876476258039474,0,75.4997673034668
79.20255208015442,1.498240622558909,0.2577140163252261,0.11138482563632132,0.1578552229722703,0.23834222284969472,99,100,-0.01238741036504507,0.09312352374196052,0,75.60019040107727
79.30209732055664,1.497788334941376,0.25794215181173147,0.11071606712066753,0.1578552229722703,0.23834222284969472,99,100,-0.013129272498190403,0.11865656822919846,0,75.69973564147949
79.40211796760559,1.496342454841781,0.25865922543755243,0.10910683193562329,0.1578552229722703,0.23834222284969472,99,100,-0.012853201478719711,0.10726526379585266,0,75.79975628852844
79.50224733352661,1.4951185639298539,0.25925310287825665,0.1079847469408757,0.1578552229722703,0.23834222284969472,99,100,-0.018065713346004486,-0.006283825729042292,0,75.89988565444946
79.60238671302795,1.4938136555644455,0.2598804154587429,0.1076509585686691,0.1578552229722703,0.23834222284969472,99,100,-0.02766415663063526,0.040727902203798294,0,76.0000250339508
79.70196461677551,1.4917831548574236,0.2608481209066973,0.10712996540285871,0.1578552229722703,0.23834222284969472,99,100,-0.000519443885423243,-0.020549127832055092,0,76.09960293769836
79.80202770233154,1.4914555156705698,0.2610032767100569,0.10713210570948475,0.1578552229722703,0.23834222284969472,99,100,0.0008659304585307837,-0.0223078653216362,0,76.1996660232544
79.9021942615509,1.4914623712445667,0.2609999782373247,0.10716177202850749,0.1578552229722703,0.23834222284969472,99,100,0.014037486165761948,-0.021457087248563766,0,76.29983258247375
80.00215172767639,1.4920915190651152,0.2606997935230116,0.10777031306016113,0.1578552229722703,0.23834222284969472,99,100,0.014337131753563881,-0.11468420177698135,0,76.39979004859924
80.10216069221497,1.4934392740858946,0.26004729056726805,0.10898234548211685,0.1578552229722703,0.23834222284969472,99,100,0.023243658244609833,-0.09388717263936996,0,76.49979901313782
80.20223569869995,1.4951575787569538,0.25919799401197247,0.11048791964579599,0.1578552229722703,0.23834222284969472,99,100,0.020500637590885162,-0.10371900349855423,0,76.5998740196228
80.30252981185913,1.4969675303796819,0.25828279168034196,0.1116693669221567,0.1578552229722703,0.23834222284969472,99,100,0.01309816911816597,-0.09206822514533997,0,76.70016813278198
80.40227484703064,1.4982467012702734,0.2576270266596763,0.11210372063970722,0.1578552229722703,0.23834222284969472,99,100,-0.002032957971096039,0.05793177485466003,0,76.79991316795349
80.50214505195618,1.498053698765354,0.2577253340177719,0.11160568459692208,0.1578552229722703,0.23834222284969472,99,100,-0.011731039732694626,0.10932577401399612,0,76.89978337287903
80.60223340988159,1.4968962920987803,0.2583098713513741,0.11034912533483662,0.1578552229722703,0.23834222284969472,99,100,-0.012551432475447655,0.09614789485931396,0,76.99987173080444
80.70215082168579,1.4955541947948778,0.2589750343544761,0.10922269293895806,0.1578552229722703,0.23834222284969472,99,100,-0.026204731315374374,0.09684182703495026,0,77.09978914260864
80.80207777023315,1.4936851984063155,0.2598839541338144,0.10780184406650381,0.1578552229722703,0.23834222284969472,99,100,-0.02607468143105507,0.06783246248960495,0,77.199716091156
80.90205216407776,1.491754125657508,0.2608058920772688,0.1070781321910825,0.1578552229722703,0.23834222284969472,99,100,-0.00041463878005743027,-0.0325966477394104,0,77.29969048500061
81.00275230407715,1.4914174992067402,0.2609653346232732,0.10721213431089496,0.1578552229722703,0.23834222284969472,99,100,0.005458962172269821,-0.07642774283885956,0,77.400390625
81.10192561149597,1.4917554564285618,0.2608034205944916,0.10796452024702555,0.1578552229722703,0.23834222284969472,99,100,0.01828460767865181,-0.05706341192126274,0,77.49956393241882
81.20443820953369,1.4928670981485805,0.26026462512165677,0.10879732505199799,0.1578552229722703,0.23834222284969472,99,100,0.018989410251379013,-0.0776432454586029,0,77.60207653045654
81.30217123031616,1.4940751895158526,0.2596701561122656,0.10997409968966784,0.1578552229722703,0.23834222284969472,99,100,0.01268063671886921,-0.1085335835814476,0,77.69980955123901
81.4022045135498,1.4955671496365333,0.25892075129434355,0.11130072991072629,0.1578552229722703,0.23834222284969472,99,100,0.014024322852492332,-0.11484985053539276,0,77.79984283447266
81.50256395339966,1.496994640896587,0.25819148940820563,0.11209811682927742,0.1578552229722703,0.23834222284969472,99,100,0.013479265384376049,-0.09122743457555771,0,77.90020227432251
81.60216999053955,1.4982098571542006,0.2575640788220912,0.11253907987189996,0.1578552229722703,0.23834222284969472,99,100,-0.01152073461562395,0.058772565424442286,0,77.9998083114624
81.70231819152832,1.4978731831380536,0.2577369078973453,0.11187488069488163,0.1578552229722703,0.23834222284969472,99,100,-0.00939031783491373,0.14535458385944366,0,78.09995651245117
81.80211901664734,1.4967913612687687,0.258285548861275,0.11034211710073735,0.1578552229722703,0.23834222284969472,99,100,-0.013015608303248882,0.13553480803966522,0,78.19975733757019
81.90241956710815,1.495670008533581,0.2588392040897758,0.10858906051157477,0.1578552229722703,0.23834222284969472,99,100,-0.024697856977581978,0.10965283960103989,0,78.300057888031
82.0039587020874,1.4936219770154704,0.25982527098969377,0.1070467434324904,0.1578552229722703,0.23834222284969472,99,100,-0.02712569572031498,0.0676550418138504,0,78.40159702301025
82.1048219203949,1.4914760863352716,0.2608386646773765,0.106038041799873,0.1578552229722703,0.23834222284969472,99,100,-0.004313961137086153,-0.06239312142133713,0,78.50246024131775
82.20228624343872,1.4898125499607866,0.2616150165847489,0.10591840087531981,0.1578552229722703,0.23834222284969472,99,100,0.010686038862913846,-0.09201585501432419,0,78.59992456436157
82.30177545547485,1.4898274638228128,0.26160737535858464,0.10669812082211397,0.1578552229722703,0.23834222284969472,99,100,0.026561226919293406,-0.1290549337863922,0,78.6994137763977
82.40189719200134,1.4919738261228273,0.26058279774242116,0.10812992216477282,0.1578552229722703,0.23834222284969472,99,100,0.014020989313721657,-0.13282939791679382,0,78.7995355129242
82.50198554992676,1.4940441834598714,0.2595701656598177,0.10963922438588317,0.1578552229722703,0.23834222284969472,99,100,0.02324824593961239,-0.1265145242214203,0,78.89962387084961
82.60223579406738,1.4957424316186483,0.2587186633401871,0.11120455330849752,0.1578552229722703,0.23834222284969472,99,100,0.01651938259601593,-0.16685116291046143,0,78.99987411499023
82.70172715187073,1.4973869269507079,0.2578747502836271,0.11275393370556722,0.1578552229722703,0.23834222284969472,99,100,-0.0009640050120651722,-0.15148504078388214,0,79.09936547279358
82.80228734016418,1.497563186337791,0.257777977870559,0.11544476501308762,0.1578552229722703,0.23834222284969472,99,100,-0.007180646527558565,-0.07648504078388214,0,79.19992566108704
82.90223145484924,1.4973087396343863,0.257915870286611,0.11604954733006886,0.1578552229722703,0.23834222284969472,99,100,-0.01251000165939331,0.07351495921611785,0,79.2998697757721
83.00221300125122,1.4961258733242158,0.2585590856147407,0.11519108088332627,0.1578552229722703,0.23834222284969472,99,100,-0.011441938579082489,0.16623874008655548,0,79.39985132217407
83.10353136062622,1.495067359578018,0.2591233805727463,0.1134992160624829,0.1578552229722703,0.23834222284969472,99,100,-0.019202018156647682,0.14049391448497772,0,79.50116968154907
83.20191216468811,1.4932978299390156,0.26004043841567703,0.11157039910677705,0.1578552229722703,0.23834222284969472,99,100,-0.02486971765756607,0.13093827664852142,0,79.59955048561096
83.30234980583191,1.4910587697380424,0.26116537407053114,0.10977037342517529,0.1578552229722703,0.23834222284969472,99,100,0.0015925111947581172,0.0038287322968244553,0,79.69998812675476
83.40582966804504,1.4901983100525313,0.2615897001530271,0.10959514943246831,0.1578552229722703,0.23834222284969472,99,100,0.011592511194758117,0.06382873229682445,0,79.8034679889679
83.50288081169128,1.4904025770660416,0.2614889180858424,0.10900830958716426,0.1578552229722703,0.23834222284969472,99,100,0.017105888575315475,0.04833497852087021,0,79.90051913261414
83.60305595397949,1.4914718863701255,0.260967829178813,0.10815409656412647,0.1578552229722703,0.23834222284969472,99,100,0.013986228965222836,0.0014806780964136124,0,80.00069427490234
83.7015290260315,1.4923817061507765,0.2605290265235682,0.10804198229007514,0.1578552229722703,0.23834222284969472,99,100,0.0152606051415205,-0.062424298375844955,0,80.09916734695435
83.80197739601135,1.4935235005487895,0.25997741525675655,0.108500800304376,0.1578552229722703,0.23834222284969472,99,100,0.011298641562461853,-0.09658145904541016,0,80.1996157169342
83.90264987945557,1.4946695234217344,0.25941656657952183,0.10948834512596764,0.1578552229722703,0.23834222284969472,99,100,0.020181139931082726,-0.0582163967192173,0,80.30028820037842
84.00212454795837,1.4959663400187484,0.25877302582502854,0.11030350369901445,0.1578552229722703,0.23834222284969472,99,100,0.014218129217624664,-0.06445808708667755,0,80.39976286888123
84.10287427902222,1.4971292720415084,0.25818961367719473,0.11088852246330341,0.1578552229722703,0.23834222284969472,99,100,0.012379650957882404,-0.052112944424152374,0,80.50051259994507
84.20323300361633,1.4979820140033573,0.25775811961908995,0.11121927195933876,0.1578552229722703,0.23834222284969472,99,100,-0.012620349042117595,0.08288705557584762,0,80.60087132453918
84.30226397514343,1.4975896132004296,0.2579559672424385,0.11057594607651525,0.1578552229722703,0.23834222284969472,99,100,-0.017012592405080795,0.13202689588069916,0,80.69990229606628
84.4023654460907,1.4957073405990822,0.2588910866462563,0.1090427625272595,0.1578552229722703,0.23834222284969472,99,100,-0.02437526173889637,0.12522874772548676,0,80.80000376701355
84.50258374214172,1.4935241736712215,0.2599482980524249,0.10764044421177063,0.1578552229722703,0.23834222284969472,99,100,-0.0201471745967865,0.03967015817761421,0,80.90022206306458
84.60198330879211,1.4935241736712215,0.2599482980524249,0.10764044421177063,0.1578552229722703,0.23834222284969472,99,100,-0.00019339227583259344,-0.07664082944393158,0,80.99962162971497
84.70213103294373,1.4935241736712215,0.2599482980524249,0.10764044421177063,0.1578552229722703,0.23834222284969472,99,100,0.013418222777545452,0.003779774531722069,0,81.09976935386658
84.80240154266357,1.4935241736712215,0.2599482980524249,0.10764044421177063,0.1578552229722703,0.23834222284969472,99,100,0.0206161942332983,0.00641342718154192,0,81.20003986358643
84.9022970199585,1.4935241736712215,0.2599482980524249,0.10764044421177063,0.1578552229722703,0.23834222284969472,99,100,0.01417168602347374,-0.044506050646305084,0,81.29993534088135
85.00199484825134,1.4935241736712215,0.2599482980524249,0.10764044421177063,0.1578552229722703,0.23834222284969472,99,100,0.014425280503928661,-0.10450605064630508,0,81.3996331691742
85.10206627845764,1.4935241736712215,0.2599482980524249,0.10764044421177063,0.1578552229722703,0.23834222284969472,99,100,0.00937923975288868,-0.11914773285388947,0,81.4997045993805
85.20174479484558,1.4935241736712215,0.2599482980524249,0.10764044421177063,0.1578552229722703,0.23834222284969472,99,100,-0.014745233580470085,0.03085226714611053,0,81.59938311576843
85.3021252155304,1.4935241736712215,0.2599482980524249,0.10764044421177063,0.1578552229722703,0.23834222284969472,99,100,-0.009231342934072018,0.12679965794086456,0,81.69976353645325
85.40243482589722,1.4935241736712215,0.2599482980524249,0.10764044421177063,0.1578552229722703,0.23834222284969472,99,100,-0.01923134293407202,0.11770662665367126,0,81.80007314682007
85.50249004364014,1.4935241736712215,0.2599482980524249,0.10764044421177063,0.1578552229722703,0.23834222284969472,99,100,-0.02415374293923378,0.08670327067375183,0,81.90012836456299
85.6029109954834,1.4935241736712215,0.2599482980524249,0.10764044421177063,0.1578552229722703,0.23834222284969472,99,100,-0.02461002767086029,0.029415365308523178,0,82.00054931640625
85.70227456092834,1.4935241736712215,0.2599482980524249,0.10764044421177063,0.1578552229722703,0.23834222284969472,99,100,-0.003122832626104355,-0.10558463469147682,0,82.0999128818512
85.80222463607788,1.4935241736712215,0.2599482980524249,0.10764044421177063,0.1578552229722703,0.23834222284969472,99,100,0.01695691980421543,-0.15633130073547363,0,82.19986295700073
85.90249609947205,1.4935241736712215,0.2599482980524249,0.10764044421177063,0.1578552229722703,0.23834222284969472,99,100,0.023329567164182663,-0.16103717684745789,0,82.3001344203949
86.00205326080322,1.4935241736712215,0.2599482980524249,0.10764044421177063,0.1578552229722703,0.23834222284969472,99,100,0.016801541671156883,-0.15273499488830566,0,82.39969158172607
86.10217499732971,1.4935241736712215,0.2599482980524249,0.10764044421177063,0.1578552229722703,0.23834222284969472,99,100,0.022238021716475487,-0.1038886308670044,0,82.49981331825256
86.20303344726562,1.4935241736712215,0.2599482980524249,0.10764044421177063,0.1578552229722703,0.23834222284969472,99,100,0.014187190681695938,-0.08617275953292847,0,82.60067176818848
86.30246543884277,1.4935241736712215,0.2599482980524249,0.10764044421177063,0.1578552229722703,0.23834222284969472,99,100,-0.010812809318304062,0.06382724046707153,0,82.70010375976562
86.4025628566742,1.4935241736712215,0.2599482980524249,0.10764044421177063,0.1578552229722703,0.23834222284969472,99,100,-0.0163070447742939,0.17026779055595398,0,82.80020117759705
86.50211596488953,1.4935241736712215,0.2599482980524249,0.10764044421177063,0.1578552229722703,0.23834222284969472,99,100,-0.03136492148041725,0.15148094296455383,0,82.89975428581238
86.6024763584137,1.4935241736712215,0.2599482980524249,0.10764044421177063,0.1578552229722703,0.23834222284969472,99,100,-0.024035051465034485,0.10177965462207794,0,83.00011467933655
86.70254325866699,1.4935241736712215,0.2599482980524249,0.10764044421177063,0.1578552229722703,0.23834222284969472,99,100,-0.02536148950457573,0.07882758229970932,0,83.10018157958984
86.80228972434998,1.4935241736712215,0.2599482980524249,0.10764044421177063,0.1578552229722703,0.23834222284969472,99,100,0.0019757128320634365,-0.006496531888842583,0,83.19992804527283
86.9023642539978,1.4935241736712215,0.2599482980524249,0.10764044421177063,0.1578552229722703,0.23834222284969472,99,100,0.008684106171131134,-0.0031656529754400253,0,83.30000257492065
87.0021505355835,1.4935241736712215,0.2599482980524249,0.10764044421177063,0.1578552229722703,0.23834222284969472,99,100,0.01732698269188404,0.0035107522271573544,0,83.39978885650635
87.10226583480835,1.4935241736712215,0.2599482980524249,0.10764044421177063,0.1578552229722703,0.23834222284969472,99,100,0.015244316309690475,-0.033677104860544205,0,83.4999041557312
87.20200753211975,1.4935241736712215,0.2599482980524249,0.10764044421177063,0.1578552229722703,0.23834222284969472,99,100,0.01985311135649681,-0.024930089712142944,0,83.5996458530426
87.30196070671082,1.4935241736712215,0.2599482980524249,0.10764044421177063,0.1578552229722703,0.23834222284969472,99,100,0.019546091556549072,-0.03198342025279999,0,83.69959902763367
87.40002512931824,1.4984069601969041,0.2572598285893661,0.11562616458228467,0.1578552229722703,0.23834222284969472,99,100,0.016524627804756165,-0.050706036388874054,0,83.79766345024109
87.50225281715393,1.4941574737431063,0.25949180481413286,0.11038638929049963,0.1578552229722703,0.23834222284969472,99,100,0.01261585857719183,-0.0665215328335762,0,83.89989113807678
87.60204362869263,1.495314823847512,0.2589086227485152,0.1111528465584852,0.1578552229722703,0.23834222284969472,99,100,0.015406697057187557,-0.09795579314231873,0,83.99968194961548
87.70219373703003,1.4967554875777453,0.2581710953196699,0.11259642473033846,0.1578552229722703,0.23834222284969472,99,100,0.00812869518995285,-0.11458390206098557,0,84.09983205795288
87.80246233940125,1.4967554875777453,0.2581710953196699,0.11259642473033846,0.1578552229722703,0.23834222284969472,99,100,-0.006806164979934692,0.03541609793901443,0,84.2001006603241
87.90218472480774,1.4967554875777453,0.2581710953196699,0.11259642473033846,0.1578552229722703,0.23834222284969472,99,100,-0.008975584991276264,0.14372295141220093,0,84.29982304573059
88.00230193138123,1.4967554875777453,0.2581710953196699,0.11259642473033846,0.1578552229722703,0.23834222284969472,99,100,-0.012357066385447979,0.15696276724338531,0,84.39994025230408
88.10230040550232,1.4967554875777453,0.2581710953196699,0.11259642473033846,0.1578552229722703,0.23834222284969472,99,100,-0.022255292162299156,0.1308412253856659,0,84.49993872642517
88.20207476615906,1.4967554875777453,0.2581710953196699,0.11259642473033846,0.1578552229722703,0.23834222284969472,99,100,-0.024366937577724457,0.059064045548439026,0,84.59971308708191
88.3029944896698,1.4967554875777453,0.2581710953196699,0.11259642473033846,0.1578552229722703,0.23834222284969472,99,100,-0.0014867631252855062,-0.06656506657600403,0,84.70063281059265
88.40199780464172,1.4967554875777453,0.2581710953196699,0.11259642473033846,0.1578552229722703,0.23834222284969472,99,100,0.013513236874714493,-0.12656506657600403,0,84.79963612556458
88.50185918807983,1.4967554875777453,0.2581710953196699,0.11259642473033846,0.1578552229722703,0.23834222284969472,99,100,0.023470507934689522,-0.16457578539848328,0,84.89949750900269
88.60260248184204,1.4967554875777453,0.2581710953196699,0.11259642473033846,0.1578552229722703,0.23834222284969472,99,100,0.01711319573223591,-0.17174944281578064,0,85.00024080276489
88.7022876739502,1.4967554875777453,0.2581710953196699,0.11259642473033846,0.1578552229722703,0.23834222284969472,99,100,0.01619749888777733,-0.10059993714094162,0,85.09992599487305
88.80204224586487,1.4967554875777453,0.2581710953196699,0.11259642473033846,0.1578552229722703,0.23834222284969472,99,100,0.019691238179802895,-0.054228316992521286,0,85.19968056678772
88.90434575080872,1.4967554875777453,0.2581710953196699,0.11259642473033846,0.1578552229722703,0.23834222284969472,99,100,-0.00214211642742157,0.08077168300747871,0,85.30198407173157
89.00263237953186,1.4967554875777453,0.2581710953196699,0.11259642473033846,0.1578552229722703,0.23834222284969472,99,100,-0.0017805462703108788,0.20077168300747872,0,85.40027070045471
89.10460758209229,1.4967554875777453,0.2581710953196699,0.11259642473033846,0.1578552229722703,0.23834222284969472,99,100,-0.02178054627031088,0.2038826197385788,0,85.50224590301514
89.20245337486267,1.4967554875777453,0.2581710953196699,0.11259642473033846,0.1578552229722703,0.23834222284969472,99,100,-0.026467371731996536,0.16452361643314362,0,85.60009169578552
89.30193161964417,1.4967554875777453,0.2581710953196699,0.11259642473033846,0.1578552229722703,0.23834222284969472,99,100,-0.02875409461557865,0.10219012945890427,0,85.69956994056702
89.40173578262329,1.4967554875777453,0.2581710953196699,0.11259642473033846,0.1578552229722703,0.23834222284969472,99,100,0.0007632850902155042,-0.02245752513408661,0,85.79937410354614
89.50236105918884,1.4967554875777453,0.2581710953196699,0.11259642473033846,0.1578552229722703,0.23834222284969472,99,100,0.011750525794923306,-0.010579830966889858,0,85.8999993801117
89.60178756713867,1.4967554875777453,0.2581710953196699,0.11259642473033846,0.1578552229722703,0.23834222284969472,99,100,0.01705663837492466,-0.01760140061378479,0,85.99942588806152
89.70221090316772,1.4967554875777453,0.2581710953196699,0.11259642473033846,0.1578552229722703,0.23834222284969472,99,100,0.030665600672364235,-0.046613700687885284,0,86.09984922409058
89.80185580253601,1.4967554875777453,0.2581710953196699,0.11259642473033846,0.1578552229722703,0.23834222284969472,99,100,0.015665600672364235,-0.043742354959249496,0,86.19949412345886
89.90197825431824,1.4967554875777453,0.2581710953196699,0.11259642473033846,0.1578552229722703,0.23834222284969472,99,100,0.013215072453022003,-0.07714316248893738,0,86.29961657524109
90.0020260810852,1.4967554875777453,0.2581710953196699,0.11259642473033846,0.1578552229722703,0.23834222284969472,99,100,0.008930720388889313,-0.11599697172641754,0,86.39966440200806
