t,w_rf2o,w_gyro,v_wheel,w_wheel,bx,by,res
1790914908.818,0.0000,0.0008,0.0000,0.0000,-0.0000,0.0000,pass
1790914909.039,0.0000,-0.0009,0.0000,0.0000,-0.0000,0.0000,pass
1790914909.122,0.0000,0.0008,0.0000,0.0000,-0.0018,0.0001,pass
1790914909.218,0.0000,0.0026,0.0000,0.0000,0.0034,-0.0002,pass
1790914909.335,-0.0029,0.0008,0.0000,0.0000,0.0016,-0.0001,pass
1790914909.426,0.0076,0.0008,0.0000,0.0000,-0.0011,0.0001,pass
1790914909.521,-0.0051,0.0043,0.0000,0.0000,-0.0006,0.0000,pass
1790914909.618,0.0000,-0.0009,0.0000,0.0000,-0.0021,0.0001,pass
1790914909.729,0.0000,-0.0009,0.0000,0.0000,0.0002,-0.0000,pass
1790914909.876,0.0000,0.0026,0.0000,0.0000,0.0007,-0.0000,pass
1790914910.018,0.0024,0.0008,0.0000,0.0000,0.0006,-0.0000,pass
1790914910.111,0.0000,-0.0009,0.0000,0.0000,0.0010,-0.0000,pass
1790914910.223,0.0000,0.0008,0.0000,0.0000,-0.0018,0.0001,pass
1790914910.353,0.0000,-0.0009,0.0000,0.0000,0.0008,-0.0000,pass
1790914910.514,-0.0037,-0.0009,0.0000,0.0000,0.0015,-0.0001,pass
1790914910.626,0.0044,-0.0009,0.0000,0.0000,-0.0016,0.0001,pass
1790914910.722,-0.0036,-0.0009,0.0000,0.0000,0.0010,-0.0000,pass
1790914910.818,0.0036,-0.0009,0.0000,0.0000,-0.0009,0.0000,pass
1790914910.915,0.0062,0.0025,0.0000,0.0000,0.0011,-0.0000,pass
1790914911.026,-0.0044,-0.0009,0.0000,0.0000,0.0020,-0.0001,pass
1790914911.122,0.0000,0.0043,0.0000,0.0000,-0.0046,0.0002,pass
1790914911.220,0.0035,-0.0009,0.0000,0.0000,0.0012,-0.0001,pass
1790914911.314,-0.0037,0.0025,0.0000,0.0000,-0.0000,0.0000,pass
1790914911.525,-0.0040,-0.0044,0.0000,0.0000,-0.0004,0.0000,pass
1790914911.632,0.0046,-0.0009,0.0000,0.0000,0.0025,-0.0001,pass
1790914911.719,0.0000,-0.0009,0.0000,0.0000,-0.0032,0.0002,pass
1790914911.813,0.0000,-0.0027,0.0000,0.0000,0.0012,-0.0001,pass
1790914912.014,-0.0017,0.0008,0.0000,0.0000,-0.0042,0.0002,pass
1790914912.117,-0.0200,-0.0079,0.0000,0.0000,-0.0155,0.0007,pass
1790914912.222,0.0000,0.0025,0.0000,0.0000,0.0005,-0.0000,pass
1790914912.318,0.0000,0.0025,0.0000,0.0000,0.0004,-0.0000,pass
1790914912.414,0.0000,0.0008,0.0000,0.0000,0.0022,-0.0001,pass
1790914912.526,0.0000,-0.0009,0.0000,0.0000,-0.0005,0.0000,pass
1790914912.622,0.0000,-0.0009,0.0000,0.0000,0.0008,-0.0000,pass
1790914912.719,0.0000,-0.0044,0.0000,0.0000,0.0016,-0.0001,pass
1790914912.814,0.0000,-0.0044,0.0000,0.0000,-0.0005,0.0000,pass
1790914912.910,0.0000,0.0008,0.0000,0.0000,0.0012,-0.0001,pass
1790914913.022,0.0000,-0.0062,0.0000,0.0000,-0.0002,0.0000,pass
1790914913.118,0.0000,-0.0009,0.0000,0.0000,-0.0001,0.0000,pass
1790914913.214,0.0000,0.0008,0.0000,0.0000,-0.0013,0.0001,pass
1790914913.310,0.0000,-0.0009,0.0000,0.0000,0.0014,-0.0001,pass
1790914913.422,0.0044,0.0008,0.0000,0.0000,0.0016,-0.0001,pass
1790914913.518,0.0000,0.0008,0.0000,0.0000,-0.0039,0.0002,pass
1790914913.614,0.0000,-0.0009,0.0000,0.0000,0.0010,-0.0000,pass
1790914913.711,0.0000,-0.0009,0.0000,0.0000,0.0026,-0.0001,pass
1790914913.822,-0.0031,-0.0044,0.0000,0.0000,-0.0006,0.0000,pass
1790914913.920,0.0000,-0.0009,0.0000,0.0000,0.0001,-0.0000,pass
1790914914.014,0.0000,0.0026,0.0000,0.0000,-0.0013,0.0001,pass
1790914914.110,0.0000,-0.0027,0.0000,0.0000,-0.0003,0.0000,pass
1790914914.222,-0.0031,0.0026,0.0000,0.0000,0.0014,-0.0001,pass
1790914914.335,0.0000,-0.0009,0.0000,0.0000,0.0001,-0.0000,pass
1790914914.420,0.0000,0.0026,0.0000,0.0000,0.0005,-0.0000,pass
1790914914.510,0.0000,-0.0009,0.0000,0.0000,-0.0009,0.0000,pass
1790914914.730,0.0000,-0.0009,0.0000,0.0000,-0.0005,0.0000,pass
1790914914.814,0.0000,0.0008,0.0000,0.0000,-0.0005,0.0000,pass
1790914914.942,0.0038,0.0043,0.0000,0.0000,0.0002,-0.0000,pass
1790914915.022,0.0000,0.0026,0.0000,0.0000,0.0033,-0.0002,pass
1790914915.118,0.0000,0.0008,0.0000,0.0000,0.0019,-0.0001,pass
1790914915.214,0.0000,-0.0009,0.0000,0.0000,-0.0026,0.0001,pass
1790914915.310,0.0000,-0.0009,0.0000,0.0000,-0.0012,0.0001,pass
1790914915.423,0.0000,-0.0009,0.0000,0.0000,-0.0010,0.0000,pass
1790914915.534,0.0000,0.0026,0.0000,0.0000,0.0004,-0.0000,pass
1790914915.614,0.0000,-0.0009,0.0000,0.0000,0.0005,-0.0000,pass
1790914915.710,0.0000,-0.0009,0.0000,0.0000,-0.0004,0.0000,pass
1790914915.806,0.0000,-0.0690,-0.0073,-0.0392,0.0003,-0.0000,pass
1790914915.918,-0.0421,-0.2941,-0.0246,-0.1252,0.0197,-0.0009,pass
1790914916.014,-0.2497,-0.1702,-0.0393,-0.1861,0.1046,-0.0049,pass
1790914916.110,-0.1926,-0.2121,-0.0409,-0.1847,-0.1191,0.0056,pass
1790914916.222,-0.2215,-0.2627,-0.0359,-0.2079,-0.0118,0.0006,pass
1790914916.319,-0.2421,-0.3064,-0.0235,-0.2563,-0.0412,0.0019,pass
1790914916.414,-0.3116,-0.2121,-0.0144,-0.3003,-0.0157,0.0007,pass
1790914916.510,-0.2678,-0.2784,-0.0033,-0.3279,-0.0610,0.0029,pass
1790914916.622,-0.2805,-0.4791,0.0090,-0.3310,-0.0124,0.0006,pass
1790914916.718,-0.3817,-0.2069,0.0152,-0.3154,0.0507,-0.0024,pass
1790914916.814,-0.2263,-0.3971,0.0184,-0.3006,-0.0945,0.0044,pass
1790914916.910,-0.3837,-0.1475,0.0190,-0.2969,0.0763,-0.0036,pass
1790914917.022,-0.2306,-0.2331,0.0188,-0.2971,-0.0793,0.0037,pass
1790914917.118,-0.2221,-0.2278,0.0201,-0.2883,-0.0028,0.0001,pass
1790914917.214,-0.2382,-0.1790,0.0258,-0.2648,-0.0351,0.0016,pass
1790914917.310,-0.2058,-0.3203,0.0216,-0.2864,-0.0014,0.0001,pass
1790914917.422,-0.2848,-0.1720,0.0245,-0.2792,0.0433,-0.0020,pass
1790914917.518,-0.2352,-0.1702,0.0329,-0.2331,-0.0464,0.0022,pass
1790914917.614,-0.1800,-0.2296,0.0371,-0.2147,-0.0050,0.0002,pass
1790914917.710,-0.1829,-0.3605,0.0287,-0.2520,0.0344,-0.0016,pass
1790914917.822,-0.3145,-0.1650,0.0200,-0.2935,0.0696,-0.0033,pass
1790914917.919,-0.2155,-0.1510,0.0246,-0.2518,-0.0398,0.0019,pass
1790914918.016,-0.1672,-0.1702,0.0246,-0.2410,-0.0151,0.0007,pass
1790914918.110,-0.1772,-0.2784,0.0231,-0.2435,-0.0143,0.0007,pass
1790914918.206,-0.2466,-0.0062,0.0046,-0.1254,0.0205,-0.0010,g2
1790914918.318,-0.0297,-0.0009,-0.0062,-0.0279,-0.0685,0.0032,pass
1790914918.414,-0.0166,-0.0672,-0.0000,-0.0014,-0.0086,0.0004,pass
1790914918.510,-0.0326,-0.1161,0.0148,-0.0700,0.0054,-0.0003,pass
1790914918.606,-0.0685,-0.1824,0.0359,-0.1653,0.0259,-0.0012,pass
1790914918.718,-0.1451,-0.2121,0.0472,-0.1569,0.0442,-0.0021,pass
1790914918.814,-0.1786,-0.2208,0.0531,-0.1406,0.0513,-0.0024,pass
1790914918.910,-0.1818,-0.1702,0.0525,-0.1528,0.0352,-0.0016,pass
1790914919.022,-0.1465,-0.1126,0.0479,-0.1718,0.0340,-0.0016,pass
1790914919.118,-0.1404,-0.1667,0.0418,-0.1888,0.0467,-0.0022,pass
1790914919.214,-0.1842,-0.1598,0.0419,-0.1890,0.0512,-0.0024,pass
1790914919.310,-0.1863,-0.1493,0.0480,-0.1650,0.0440,-0.0021,pass
1790914919.406,-0.1108,-0.1598,0.0627,-0.0981,0.0064,-0.0003,pass
1790914919.518,-0.1332,-0.0481,0.0652,-0.0931,0.0589,-0.0028,pass
1790914919.614,-0.0418,-0.0725,0.0639,-0.1008,0.0284,-0.0013,pass
1790914919.710,-0.0878,-0.1126,0.0586,-0.1170,0.0747,-0.0035,pass
1790914919.806,-0.1608,-0.2453,0.0510,-0.1459,0.1040,-0.0049,pass
1790914919.918,-0.2011,-0.2976,0.0472,-0.1681,0.0787,-0.0037,pass
1790914920.014,-0.2227,-0.1842,0.0449,-0.1858,0.0525,-0.0025,pass
1790914920.110,-0.1791,-0.1196,0.0473,-0.1755,0.0027,-0.0001,pass
1790914920.206,-0.1498,-0.1039,0.0509,-0.1546,0.0278,-0.0013,pass
1790914920.319,-0.1362,-0.2261,0.0524,-0.1460,0.0482,-0.0023,pass
1790914920.414,-0.1843,-0.3011,0.0501,-0.1554,0.0665,-0.0031,pass
1790914920.517,-0.2346,-0.1388,0.0519,-0.1544,0.0756,-0.0035,pass
1790914920.607,-0.1507,-0.1074,0.0542,-0.1412,-0.0149,0.0007,pass
1790914920.718,-0.1099,-0.0585,0.0551,-0.1347,0.0388,-0.0018,pass
1790914920.814,-0.0751,-0.1283,0.0556,-0.1323,0.0329,-0.0015,pass
1790914920.910,-0.1361,-0.1981,0.0548,-0.1323,0.0952,-0.0045,pass
1790914921.006,-0.2267,-0.2435,0.0524,-0.1502,0.0744,-0.0035,pass
1790914921.118,-0.1786,-0.0812,0.0567,-0.1297,0.0453,-0.0021,pass
1790914921.214,-0.0949,-0.1214,0.0596,-0.1150,0.0323,-0.0015,pass
1790914921.310,-0.1670,-0.1022,0.0580,-0.1259,0.0776,-0.0036,pass
1790914921.406,-0.1725,-0.1196,0.0554,-0.1325,0.0851,-0.0040,pass
1790914921.518,-0.1627,-0.1912,0.0604,-0.1106,0.0456,-0.0021,pass
1790914921.614,-0.1569,-0.1406,0.0643,-0.0965,0.0649,-0.0030,pass
1790914921.710,-0.1234,-0.1493,0.0618,-0.1103,0.0608,-0.0028,pass
1790914921.807,-0.1011,-0.0742,0.0592,-0.1160,0.0549,-0.0026,pass
1790914921.918,-0.1194,-0.0463,0.0649,-0.0911,0.0570,-0.0027,pass
1790914922.014,-0.0979,-0.0830,0.0751,-0.0466,0.0546,-0.0026,pass
1790914922.110,-0.0809,-0.1109,0.0752,-0.0510,0.0453,-0.0021,pass
1790914922.206,-0.0727,-0.1161,0.0693,-0.0735,0.0810,-0.0038,pass
1790914922.318,-0.0926,-0.0690,0.0713,-0.0675,0.0717,-0.0034,pass
1790914922.414,-0.0536,-0.0498,0.0619,-0.1071,0.0417,-0.0020,pass
1790914922.510,-0.1022,-0.0987,0.0607,-0.1062,0.1116,-0.0052,pass
1790914922.609,-0.1138,-0.1144,0.0726,-0.0577,0.0675,-0.0032,pass
1790914922.726,-0.0893,0.0165,0.0761,-0.0143,0.0547,-0.0026,pass
1790914922.814,0.0224,0.0148,0.0771,-0.0217,0.0001,-0.0000,pass
1790914922.911,-0.0143,-0.1371,0.0654,-0.0823,0.0836,-0.0039,pass
1790914923.008,-0.0890,-0.1056,0.0672,-0.0740,0.0973,-0.0046,pass
1790914923.118,-0.0676,0.0322,0.0777,-0.0081,0.0683,-0.0032,pass
1790914923.214,-0.0125,-0.0498,0.0756,-0.0392,0.0038,-0.0002,pass
1790914923.310,-0.0403,-0.0812,0.0697,-0.0667,0.0675,-0.0032,pass
1790914923.406,-0.0732,0.0951,0.0692,-0.0576,0.1051,-0.0049,pass
1790914923.518,-0.0115,-0.0079,0.0778,-0.0208,0.0221,-0.0010,pass
1790914923.614,-0.0564,-0.1074,0.0799,-0.0198,0.0548,-0.0026,pass
1790914923.710,-0.0550,-0.0009,0.0798,-0.0043,0.0735,-0.0034,pass
1790914923.806,0.0309,0.1143,0.0733,0.0470,0.0299,-0.0014,pass
1790914923.919,0.0781,-0.0690,0.0703,0.0623,0.0264,-0.0012,pass
1790914924.014,0.0000,-0.1196,0.0721,-0.0585,0.1143,-0.0053,pass
1790914924.110,-0.0369,-0.0131,0.0658,-0.0807,0.0857,-0.0040,pass
1790914924.208,-0.0485,-0.0864,0.0684,-0.0658,0.0655,-0.0031,pass
1790914924.302,-0.1156,-0.0655,0.0697,-0.0608,0.0941,-0.0044,pass
1790914924.414,-0.0655,-0.1179,0.0740,-0.0453,0.0600,-0.0028,pass
1790914924.510,-0.0878,-0.1126,0.0727,-0.0603,0.0659,-0.0031,pass
1790914924.606,-0.0636,-0.0777,0.0647,-0.0919,0.0698,-0.0033,pass
1790914924.702,-0.1225,0.0235,0.0701,-0.0624,0.0964,-0.0045,pass
1790914924.814,-0.0272,0.0619,0.0730,0.0307,0.0159,-0.0007,pass
1790914924.910,0.0119,0.0811,0.0709,0.0536,0.0185,-0.0009,pass
1790914925.006,0.0680,-0.0481,0.0785,0.0077,0.0607,-0.0028,pass
1790914925.102,0.0088,0.0270,0.0764,0.0190,0.1270,-0.0059,pass
1790914925.217,0.0266,0.1509,0.0680,0.0639,0.0200,-0.0009,pass
1790914925.310,0.1034,0.0776,0.0657,0.0796,0.0508,-0.0024,pass
1790914925.406,0.0868,0.1160,0.0689,0.0675,0.1233,-0.0058,pass
1790914925.502,0.0780,0.0916,0.0643,0.0805,0.0650,-0.0030,pass
1790914925.614,0.0969,0.0602,0.0681,0.0624,0.0607,-0.0028,pass
1790914925.710,0.0875,-0.0306,0.0757,0.0027,0.0769,-0.0036,pass
1790914925.806,-0.0036,-0.0009,0.0781,0.0093,0.1039,-0.0049,pass
1790914925.902,-0.0072,0.0584,0.0763,0.0330,0.0405,-0.0019,pass
1790914926.014,0.0532,0.0008,0.0777,0.0234,0.0541,-0.0025,pass
1790914926.110,0.0271,0.0567,0.0771,0.0312,0.1098,-0.0051,pass
1790914926.206,0.0576,0.1596,0.0708,0.0641,0.0455,-0.0021,pass
1790914926.302,0.0681,-0.0323,0.0710,0.0584,0.0857,-0.0040,pass
1790914926.414,0.0291,-0.0515,0.0744,-0.0380,0.1041,-0.0049,pass
1790914926.510,-0.0333,0.1492,0.0749,-0.0213,0.0744,-0.0035,pass
1790914926.606,0.0339,-0.0254,0.0786,0.0071,0.0303,-0.0014,pass
1790914926.702,-0.0552,-0.1580,0.0758,-0.0322,0.1209,-0.0057,pass
1790914926.814,-0.0613,0.0095,0.0772,-0.0101,0.0998,-0.0047,pass
1790914926.910,0.0304,0.1509,0.0758,0.0364,0.0108,-0.0005,pass
1790914927.006,0.0762,0.0200,0.0765,0.0287,0.0490,-0.0023,pass
1790914927.102,0.0062,0.0200,0.0804,0.0156,0.1516,-0.0071,pass
1790914927.214,0.0119,0.0549,0.0751,0.0430,0.0496,-0.0023,pass
1790914927.310,0.0554,-0.0446,0.0733,0.0398,0.0706,-0.0033,pass
1790914927.406,0.0221,-0.0864,0.0739,-0.0302,0.1217,-0.0057,pass
1790914927.502,-0.0096,-0.0376,0.0750,-0.0234,0.0592,-0.0028,pass
1790914927.598,-0.0051,-0.0009,0.0799,-0.0183,0.0507,-0.0024,pass
1790914927.710,-0.0236,-0.0306,0.0756,-0.0305,0.0632,-0.0030,pass
1790914927.806,-0.0434,-0.0446,0.0762,-0.0031,0.1099,-0.0051,pass
1790914927.902,-0.0272,0.0375,0.0771,0.0230,0.0650,-0.0030,pass
1790914928.014,0.0328,-0.0166,0.0741,0.0419,0.0415,-0.0019,pass
1790914928.110,0.0703,0.0846,0.0769,0.0376,0.0938,-0.0044,pass
1790914928.206,0.0317,0.0828,0.0744,0.0488,0.0578,-0.0027,pass
1790914928.302,0.0428,-0.0184,0.0743,0.0284,0.0885,-0.0041,pass
1790914928.398,0.0108,-0.0376,0.0797,-0.0046,0.0873,-0.0041,pass
1790914928.510,-0.0147,-0.0463,0.0790,0.0172,0.0678,-0.0032,pass
1790914928.606,0.0096,-0.0620,0.0756,-0.0354,0.0465,-0.0022,pass
1790914928.702,-0.0183,-0.0481,0.0667,-0.0672,0.1242,-0.0058,pass
1790914928.798,-0.0799,0.0148,0.0740,-0.0261,0.0931,-0.0044,pass
1790914928.910,0.0076,0.0863,0.0772,0.0215,0.0265,-0.0012,pass
1790914929.007,0.0184,-0.0097,0.0786,0.0021,0.0507,-0.0024,pass
1790914929.102,-0.0037,0.0287,0.0791,0.0125,0.1062,-0.0050,pass
1790914929.214,0.0000,0.0794,0.0749,0.0422,0.0540,-0.0025,pass
1790914929.310,0.0737,0.0602,0.0743,0.0378,0.0624,-0.0029,pass
1790914929.406,0.0062,0.0235,0.0804,0.0096,0.1061,-0.0050,pass
1790914929.502,0.0114,0.0898,0.0777,0.0221,0.0783,-0.0037,pass
1790914929.602,0.0142,-0.0271,0.0764,-0.0139,0.0721,-0.0034,pass
1790914929.710,-0.0032,0.0026,0.0796,-0.0111,0.0759,-0.0036,pass
1790914929.806,0.0036,0.0200,0.0792,0.0231,0.0663,-0.0031,pass
1790914929.902,0.0000,0.0322,0.0742,0.0401,0.0800,-0.0037,pass
1790914929.998,0.0323,0.0671,0.0708,0.0527,0.0719,-0.0034,pass
1790914930.111,0.0755,0.0741,0.0748,0.0441,0.0364,-0.0017,pass
1790914930.209,0.0426,0.0549,0.0774,0.0357,0.1038,-0.0049,pass
1790914930.302,0.0511,0.0061,0.0767,0.0005,0.0596,-0.0028,pass
1790914930.398,-0.0337,-0.0358,0.0757,-0.0290,0.1139,-0.0053,pass
1790914930.510,-0.0230,-0.0009,0.0794,-0.0091,0.0588,-0.0028,pass
1790914930.606,0.0144,-0.1056,0.0755,-0.0397,0.0434,-0.0020,pass
1790914930.702,-0.0062,0.0026,0.0750,-0.0328,0.0853,-0.0040,pass
1790914930.798,-0.0389,0.0183,0.0791,0.0061,0.0849,-0.0040,pass
1790914930.910,0.0000,-0.0550,0.0767,-0.0209,0.0432,-0.0020,pass
1790914931.008,-0.0505,-0.0428,0.0772,-0.0274,0.1243,-0.0058,pass
1790914931.102,-0.0147,-0.0097,0.0800,-0.0073,0.0838,-0.0039,pass
1790914931.198,0.0339,0.0881,0.0769,0.0370,0.0420,-0.0020,pass
1790914931.310,0.0151,-0.0184,0.0779,0.0243,0.0502,-0.0023,pass
1790914931.406,-0.0176,-0.0917,0.0810,-0.0149,0.1248,-0.0058,pass
1790914931.502,0.0000,0.0078,0.0798,0.0043,0.0686,-0.0032,pass
1790914931.598,0.0119,0.0357,0.0790,0.0028,0.0561,-0.0026,pass
1790914931.710,0.0031,-0.0219,0.0789,-0.0137,0.0712,-0.0033,pass
1790914931.806,-0.0303,-0.0882,0.0802,-0.0124,0.1099,-0.0051,pass
1790914931.902,-0.0218,-0.0358,0.0797,-0.0163,0.0671,-0.0031,pass
1790914931.998,-0.0240,0.0165,0.0803,-0.0186,0.0735,-0.0034,pass
1790914932.110,-0.0214,0.0218,0.0804,-0.0097,0.0603,-0.0028,pass
1790914932.206,0.0036,-0.0987,0.0733,-0.0475,0.0831,-0.0039,pass
1790914932.302,-0.0620,-0.0044,0.0725,-0.0496,0.1088,-0.0051,pass
1790914932.398,-0.0475,-0.0411,0.0802,-0.0136,0.0940,-0.0044,pass
1790914932.510,-0.0062,-0.0009,0.0756,-0.0330,0.0469,-0.0022,pass
1790914932.607,-0.0190,0.0235,0.0754,-0.0290,0.0867,-0.0041,pass
1790914932.703,-0.0443,-0.0201,0.0788,-0.0194,0.0835,-0.0039,pass
1790914932.798,-0.0204,-0.0114,0.0797,0.0123,0.0677,-0.0032,pass
1790914932.894,0.0177,0.0497,0.0780,0.0168,0.0511,-0.0024,pass
1790914933.006,0.0249,0.0462,0.0796,-0.0014,0.0457,-0.0021,pass
1790914933.102,-0.0269,-0.0254,0.0802,-0.0023,0.1210,-0.0057,pass
1790914933.198,-0.0342,-0.0585,0.0802,-0.0172,0.0926,-0.0043,pass
1790914933.294,0.0290,-0.0603,0.0791,-0.0264,0.0563,-0.0026,pass
1790914933.406,-0.0655,0.1055,0.0787,0.0099,0.0903,-0.0042,pass
1790914933.502,0.0173,-0.0114,0.0798,0.0066,0.0475,-0.0022,pass
1790914933.598,-0.0303,-0.1144,0.0761,-0.0284,0.1355,-0.0063,pass
1790914933.694,0.0000,0.0218,0.0781,-0.0182,0.0717,-0.0034,pass
1790914933.808,0.0000,-0.0638,0.0755,-0.0376,0.0387,-0.0018,pass
1790914933.902,-0.0633,-0.0341,0.0748,-0.0374,0.1000,-0.0047,pass
1790914933.998,-0.0404,0.0095,0.0791,-0.0148,0.0987,-0.0046,pass
1790914934.094,-0.0176,-0.0777,0.0763,-0.0310,0.0452,-0.0021,pass
1790914934.206,-0.0613,-0.1144,0.0771,-0.0308,0.0900,-0.0042,pass
1790914934.302,-0.0386,0.0130,0.0798,-0.0129,0.0724,-0.0034,pass
1790914934.398,0.0153,0.1108,0.0734,0.0459,0.0563,-0.0026,pass
1790914934.510,0.0107,0.0095,0.0753,0.0413,0.0348,-0.0016,pass
1790914934.606,0.0352,-0.0446,0.0809,-0.0022,0.1135,-0.0053,pass
1790914934.702,0.0120,-0.0201,0.0796,-0.0040,0.0858,-0.0040,pass
1790914934.798,-0.0125,0.0095,0.0793,-0.0094,0.0785,-0.0037,pass
1790914934.894,-0.0088,-0.0481,0.0781,-0.0242,0.0723,-0.0034,pass
1790914935.006,-0.0682,-0.1214,0.0797,-0.0237,0.1088,-0.0051,pass
1790914935.102,0.0362,0.0113,0.0801,-0.0222,0.0381,-0.0018,pass
1790914935.198,-0.0245,0.0863,0.0803,-0.0160,0.0568,-0.0027,pass
1790914935.294,-0.0727,-0.0271,0.0796,-0.0093,0.1118,-0.0052,pass
1790914935.417,-0.0372,-0.0969,0.0792,-0.0221,0.0685,-0.0032,pass
1790914935.502,-0.0058,0.0008,0.0795,-0.0214,0.0728,-0.0034,pass
1790914935.599,-0.0167,0.0235,0.0803,0.0005,0.0602,-0.0028,pass
1790914935.694,-0.0246,-0.0009,0.0803,-0.0033,0.0763,-0.0036,pass
1790914935.806,-0.0044,-0.0725,0.0769,-0.0334,0.0739,-0.0035,pass
1790914935.902,-0.0424,0.0200,0.0779,-0.0205,0.1128,-0.0053,pass
1790914935.998,-0.0227,-0.0341,0.0800,-0.0124,0.0567,-0.0027,pass
1790914936.094,-0.0200,-0.0201,0.0792,-0.0252,0.0685,-0.0032,pass
1790914936.206,-0.0536,0.0008,0.0789,0.0005,0.0888,-0.0042,pass
1790914936.302,0.0062,0.0340,0.0794,-0.0021,0.0480,-0.0022,pass
1790914936.398,-0.0108,-0.1022,0.0790,-0.0197,0.0743,-0.0035,pass
1790914936.494,-0.0407,-0.0114,0.0798,-0.0121,0.0923,-0.0043,pass
1790914936.606,-0.0145,0.0026,0.0801,-0.0080,0.0660,-0.0031,pass
1790914936.702,0.0062,0.0392,0.0783,-0.0111,0.0518,-0.0024,pass
1790914936.798,-0.0370,-0.0672,0.0796,-0.0049,0.1022,-0.0048,pass
1790914936.894,-0.0169,-0.0864,0.0793,-0.0202,0.0674,-0.0032,pass
1790914937.006,-0.0315,-0.0149,0.0784,-0.0337,0.0752,-0.0035,pass
1790914937.102,0.0262,0.0706,0.0786,-0.0154,0.0300,-0.0014,pass
1790914937.198,-0.0706,-0.0568,0.0777,-0.0294,0.1246,-0.0058,pass
1790914937.294,-0.0272,-0.0795,0.0733,-0.0411,0.0625,-0.0029,pass
1790914937.406,-0.0379,0.0043,0.0771,-0.0260,0.0731,-0.0034,pass
1790914937.502,-0.0180,-0.0847,0.0781,-0.0317,0.0818,-0.0038,pass
1790914937.598,0.0088,0.0008,0.0736,-0.0498,0.0467,-0.0022,pass
1790914937.694,-0.0406,-0.0131,0.0741,-0.0429,0.0847,-0.0040,pass
1790914937.790,-0.0825,-0.0725,0.0730,-0.0517,0.1115,-0.0052,pass
1790914937.902,-0.0082,-0.0062,0.0723,-0.0553,0.0584,-0.0027,pass
1790914937.998,-0.0525,-0.0969,0.0745,-0.0533,0.0648,-0.0030,pass
1790914938.094,-0.0062,-0.0236,0.0737,-0.0403,0.0598,-0.0028,pass
1790914938.206,-0.0434,0.0445,0.0769,-0.0327,0.0667,-0.0031,pass
1790914938.302,-0.0674,-0.0812,0.0751,-0.0439,0.1025,-0.0048,pass
1790914938.398,-0.0062,0.0200,0.0748,-0.0378,0.0714,-0.0033,pass
1790914938.494,-0.0449,-0.0638,0.0765,-0.0384,0.0780,-0.0037,pass
1790914938.606,-0.0359,-0.0341,0.0746,-0.0520,0.0559,-0.0026,pass
1790914938.702,-0.0051,0.0514,0.0740,-0.0418,0.0641,-0.0030,pass
1790914938.798,-0.0416,-0.0393,0.0772,-0.0287,0.0800,-0.0037,pass
1790914938.894,-0.0512,-0.0481,0.0758,-0.0418,0.0878,-0.0041,pass
1790914938.990,-0.0036,-0.0271,0.0743,-0.0447,0.0497,-0.0023,pass
1790914939.102,-0.0536,-0.0411,0.0771,-0.0401,0.0959,-0.0045,pass
1790914939.198,-0.0088,-0.0027,0.0760,-0.0417,0.0466,-0.0022,pass
1790914939.294,-0.0308,-0.0481,0.0748,-0.0408,0.0793,-0.0037,pass
1790914939.390,-0.0682,-0.1056,0.0737,-0.0500,0.1209,-0.0057,pass
1790914939.502,-0.0214,-0.0481,0.0732,-0.0512,0.0481,-0.0022,pass
1790914939.598,-0.0524,-0.0952,0.0737,-0.0602,0.0820,-0.0038,pass
1790914939.694,-0.0157,-0.0166,0.0722,-0.0566,0.0556,-0.0026,pass
1790914939.790,-0.0574,-0.0795,0.0682,-0.0698,0.0834,-0.0039,pass
1790914939.902,-0.1049,-0.0550,0.0683,-0.0697,0.1100,-0.0051,pass
1790914939.998,-0.0316,-0.1318,0.0734,-0.0462,0.0355,-0.0017,pass
1790914940.094,-0.0627,-0.1004,0.0782,-0.0303,0.0921,-0.0043,pass
1790914940.190,0.0072,0.0410,0.0798,-0.0193,0.0149,-0.0007,pass
1790914940.302,-0.0069,0.0863,0.0787,-0.0195,0.0588,-0.0028,pass
1790914940.398,-0.0899,-0.0777,0.0770,-0.0358,0.1146,-0.0054,pass
1790914940.494,-0.0560,-0.0498,0.0713,-0.0591,0.1011,-0.0047,pass
1790914940.590,-0.0198,-0.0864,0.0703,-0.0626,0.0469,-0.0022,pass
1790914940.702,-0.0919,-0.0620,0.0762,-0.0434,0.1003,-0.0047,pass
1790914940.798,-0.0148,0.1038,0.0761,0.0200,0.0294,-0.0014,pass
1790914940.894,0.0000,0.0514,0.0779,0.0211,0.0386,-0.0018,pass
1790914940.990,-0.0130,-0.0568,0.0808,-0.0107,0.0876,-0.0041,pass
1790914941.102,0.0316,0.0218,0.0803,-0.0133,0.0568,-0.0027,pass
1790914941.198,-0.0119,0.0130,0.0802,-0.0208,0.0809,-0.0038,pass
1790914941.294,0.0000,-0.0376,0.0763,-0.0297,0.0612,-0.0029,pass
1790914941.390,-0.0811,-0.0847,0.0774,-0.0312,0.1625,-0.0076,pass
1790914941.502,-0.0166,-0.0463,0.0748,-0.0460,0.0409,-0.0019,pass
1790914941.598,-0.0222,-0.0603,0.0735,-0.0462,0.0671,-0.0031,pass
1790914941.694,-0.0555,0.0165,0.0770,-0.0284,0.1002,-0.0047,pass
1790914941.790,-0.0244,-0.0062,0.0731,-0.0438,0.0457,-0.0021,pass
1790914941.902,-0.0466,-0.0498,0.0739,-0.0403,0.0945,-0.0044,pass
1790914941.998,-0.0456,-0.0323,0.0775,-0.0296,0.0875,-0.0041,pass
1790914942.094,-0.0088,0.1003,0.0790,0.0020,0.0334,-0.0016,pass
1790914942.190,0.0036,-0.0009,0.0785,0.0061,0.0513,-0.0024,pass
1790914942.302,-0.0160,-0.0481,0.0777,-0.0219,0.1056,-0.0049,pass
1790914942.398,-0.0169,-0.0219,0.0790,-0.0262,0.0749,-0.0035,pass
1790914942.494,-0.0080,-0.0323,0.0772,-0.0372,0.0605,-0.0028,pass
1790914942.591,-0.0292,-0.0672,0.0705,-0.0697,0.0912,-0.0043,pass
1790914942.686,-0.0503,0.0479,0.0772,-0.0289,0.1009,-0.0047,pass
1790914942.798,-0.0366,-0.0271,0.0792,-0.0205,0.0581,-0.0027,pass
1790914942.894,-0.0554,0.0095,0.0803,-0.0237,0.1082,-0.0051,pass
1790914942.990,-0.0160,0.0410,0.0757,0.0319,0.0394,-0.0018,pass
1790914943.102,0.0401,0.0026,0.0744,0.0411,0.0276,-0.0013,pass
1790914943.198,0.0262,0.0846,0.0707,0.0550,0.0923,-0.0043,pass
1790914943.294,0.0247,0.1230,0.0646,0.0842,0.0555,-0.0026,pass
1790914943.390,0.0758,0.1404,0.0592,0.1080,0.0583,-0.0027,pass
1790914943.486,0.1194,0.1090,0.0544,0.1255,0.0525,-0.0025,pass
1790914943.598,0.1410,0.1317,0.0572,0.1114,0.0342,-0.0016,pass
1790914943.694,0.0914,0.1492,0.0619,0.0961,0.0956,-0.0045,pass
1790914943.790,0.1096,0.0183,0.0649,0.0872,0.0470,-0.0022,pass
1790914943.886,0.0972,0.0706,0.0747,0.0432,0.0818,-0.0038,pass
1790914943.998,0.0401,0.0305,0.0793,0.0268,0.0618,-0.0029,pass
1790914944.094,0.0114,-0.0079,0.0775,0.0257,0.0889,-0.0042,pass
1790914944.190,0.0282,-0.0097,0.0795,-0.0069,0.0539,-0.0025,pass
1790914944.302,-0.0178,-0.0533,0.0810,-0.0190,0.1078,-0.0050,pass
1790914944.398,-0.0241,-0.0463,0.0808,-0.0140,0.1012,-0.0047,pass
1790914944.494,-0.0161,-0.0097,0.0783,0.0143,0.0657,-0.0031,pass
1790914944.590,0.0051,-0.0201,0.0785,0.0005,0.0471,-0.0022,pass
1790914944.686,-0.0187,-0.0585,0.0807,-0.0153,0.0856,-0.0040,pass
1790914944.798,-0.0044,-0.0306,0.0804,-0.0188,0.0818,-0.0038,pass
1790914944.894,-0.0447,0.0165,0.0754,-0.0335,0.1002,-0.0047,pass
1790914945.086,-0.0740,-0.0760,0.0703,-0.0530,0.1040,-0.0049,pass
1790914945.198,-0.0207,-0.1475,0.0650,-0.0817,0.0206,-0.0010,pass
1790914945.294,-0.1055,-0.0707,0.0666,-0.0763,0.1225,-0.0057,pass
1790914945.390,-0.0679,-0.0044,0.0746,-0.0382,0.0304,-0.0014,pass
1790914945.486,-0.0909,-0.0550,0.0785,-0.0106,0.0919,-0.0043,pass
1790914945.598,-0.0236,-0.0463,0.0790,-0.0194,0.0330,-0.0015,pass
1790914945.694,0.0051,-0.0044,0.0808,-0.0244,0.0297,-0.0014,pass
1790914945.790,-0.0264,-0.0009,0.0807,-0.0146,0.0957,-0.0045,pass
1790914945.886,-0.0467,-0.0917,0.0745,-0.0395,0.1045,-0.0049,pass
1790914945.998,-0.0288,-0.0899,0.0691,-0.0595,0.0711,-0.0033,pass
1790914946.094,-0.0851,-0.0917,0.0759,-0.0428,0.1161,-0.0054,pass
1790914946.190,-0.0232,-0.0830,0.0728,-0.0589,0.0283,-0.0013,pass
1790914946.286,-0.0114,-0.0009,0.0727,-0.0513,0.0466,-0.0022,pass
1790914946.398,-0.0667,-0.0411,0.0796,-0.0190,0.1002,-0.0047,pass
1790914946.494,-0.0286,-0.0009,0.0788,0.0071,0.0554,-0.0026,pass
1790914946.590,0.0165,0.0043,0.0771,-0.0169,0.0304,-0.0014,pass
1790914946.686,-0.0365,-0.0917,0.0770,-0.0395,0.1226,-0.0057,pass
1790914946.798,0.0087,-0.0376,0.0776,-0.0363,0.0632,-0.0030,pass
1790914946.894,-0.0274,-0.0393,0.0733,-0.0475,0.0694,-0.0032,pass
1790914946.990,-0.0777,-0.0707,0.0701,-0.0586,0.1182,-0.0055,pass
1790914947.086,-0.0556,0.0235,0.0763,-0.0342,0.0533,-0.0025,pass
1790914947.198,-0.0300,-0.1074,0.0733,-0.0564,0.0682,-0.0032,pass
1790914947.294,-0.0183,-0.0254,0.0709,-0.0581,0.0665,-0.0031,pass
1790914947.486,-0.0486,-0.0323,0.0784,-0.0302,0.0837,-0.0039,pass
1790914947.584,-0.0837,0.0061,0.0726,-0.0481,0.0865,-0.0040,pass
1790914947.694,-0.0502,-0.0690,0.0794,-0.0308,0.0535,-0.0025,pass
1790914947.790,0.0000,0.0322,0.0797,0.0113,0.0407,-0.0019,pass
1790914947.886,-0.0072,-0.0323,0.0765,-0.0131,0.0401,-0.0019,pass
1790914947.998,-0.0145,-0.0463,0.0754,-0.0341,0.0873,-0.0041,pass
1790914948.094,-0.0701,-0.0201,0.0794,-0.0123,0.1165,-0.0055,pass
1790914948.190,0.0203,-0.0742,0.0752,-0.0431,0.0172,-0.0008,pass
1790914948.287,-0.0154,0.0270,0.0747,-0.0414,0.0744,-0.0035,pass
1790914948.398,-0.0642,-0.0428,0.0796,-0.0040,0.0925,-0.0043,pass
1790914948.494,0.0088,-0.0254,0.0724,-0.0499,0.0366,-0.0017,pass
1790914948.590,-0.0524,-0.0411,0.0759,-0.0236,0.1002,-0.0047,pass
1790914948.782,-0.0135,0.0253,0.0800,-0.0031,0.0614,-0.0029,pass
1790914948.894,-0.0266,-0.1039,0.0664,-0.0718,0.0791,-0.0037,pass
1790914948.990,-0.0774,-0.0393,0.0691,-0.0632,0.1037,-0.0049,pass
1790914949.182,-0.0320,-0.0323,0.0783,-0.0024,0.0428,-0.0020,pass
1790914949.294,-0.0342,-0.0428,0.0783,0.0068,0.0612,-0.0029,pass
1790914949.486,0.0243,0.0113,0.0734,0.0356,0.0618,-0.0029,pass
1790914949.582,0.0102,-0.0062,0.0771,0.0145,0.1052,-0.0049,pass
1790914949.694,-0.0237,-0.0009,0.0770,0.0178,0.0857,-0.0040,pass
1790914949.790,0.0080,-0.0917,0.0762,-0.0215,0.0387,-0.0018,pass
1790914949.888,0.0182,-0.0917,0.0714,-0.0597,0.0536,-0.0025,pass
1790914949.982,-0.0670,0.0427,0.0705,-0.0467,0.1543,-0.0072,pass
1790914950.094,-0.0534,0.0741,0.0756,0.0263,0.0713,-0.0033,pass
1790914950.286,-0.0044,-0.0760,0.0781,-0.0112,0.0351,-0.0016,pass
1790914950.382,-0.0201,0.0235,0.0788,-0.0070,0.0805,-0.0038,pass
1790914950.494,-0.0111,-0.1440,0.0679,-0.0705,0.0750,-0.0035,pass
1790914950.590,-0.1156,-0.0690,0.0673,-0.0672,0.1404,-0.0066,pass
1790914950.686,-0.0667,-0.0114,0.0765,0.0094,0.0479,-0.0022,pass
1790914950.782,-0.0180,-0.0620,0.0781,-0.0370,0.0247,-0.0012,pass
1790914950.894,-0.0287,0.0061,0.0765,-0.0041,0.0776,-0.0036,pass
1790914950.990,0.0000,0.0479,0.0754,0.0305,0.0445,-0.0021,pass
1790914951.182,0.0040,-0.1248,0.0782,-0.0056,0.0817,-0.0038,pass
1790914951.294,-0.0773,0.0776,0.0678,-0.0655,0.1134,-0.0053,pass
1790914951.390,-0.1054,-0.1388,0.0786,-0.0053,0.1035,-0.0048,pass
1790914951.486,0.0327,-0.0515,0.0740,-0.0446,-0.0147,0.0007,pass
1790914951.582,-0.0406,0.0427,0.0759,0.0025,0.1019,-0.0048,pass
1790914951.694,-0.0098,0.0287,0.0702,0.0571,0.0453,-0.0021,pass
1790914951.790,-0.0072,-0.0760,0.0766,0.0189,0.0411,-0.0019,pass
1790914951.982,0.0294,-0.0393,0.0765,-0.0266,0.0866,-0.0041,pass
1790914952.094,-0.0589,-0.1336,0.0764,0.0205,0.1086,-0.0051,pass
1790914952.286,0.0025,-0.0376,0.0748,-0.0431,0.0537,-0.0025,pass
1790914952.382,-0.0427,0.0846,0.0780,-0.0104,0.0969,-0.0045,pass
1790914952.478,0.0235,0.0514,0.0689,0.0702,0.0155,-0.0007,pass
1790914952.590,0.0783,0.1125,0.0732,0.0449,0.0485,-0.0023,pass
1790914952.782,0.0570,0.0671,0.0707,0.0593,0.0807,-0.0038,pass
1790914952.894,0.0246,-0.0690,0.0700,-0.0633,0.0833,-0.0039,pass
1790914952.990,-0.0498,0.0741,0.0734,-0.0259,0.1118,-0.0052,pass
1790914953.182,-0.0146,0.0200,0.0744,0.0375,0.0404,-0.0019,pass
1790914953.278,0.0787,0.0602,0.0700,0.0667,0.0798,-0.0037,pass
1790914953.390,0.0991,0.1265,0.0669,0.0761,0.0270,-0.0013,pass
1790914953.582,0.1003,0.0619,0.0704,0.0657,0.0880,-0.0041,pass
1790914953.680,0.0324,0.0846,0.0784,0.0166,0.1153,-0.0054,pass
1790914953.790,0.0164,0.0183,0.0780,0.0278,0.0496,-0.0023,pass
1790914953.982,0.0482,0.0741,0.0792,0.0244,0.0618,-0.0029,pass
1790914954.079,0.0000,0.0549,0.0805,0.0061,0.1223,-0.0057,pass
1790914954.190,0.0083,-0.0585,0.0804,0.0042,0.0573,-0.0027,pass
1790914954.381,0.0181,0.0462,0.0804,-0.0088,0.0812,-0.0038,pass
1790914954.478,-0.0051,0.0968,0.0775,0.0225,0.0897,-0.0042,pass
1790914954.590,-0.0234,-0.1004,0.0775,-0.0225,0.0854,-0.0040,pass
1790914954.781,0.0065,0.0043,0.0784,-0.0078,0.0563,-0.0026,pass
1790914954.878,-0.0125,-0.0009,0.0798,0.0079,0.1001,-0.0047,pass
1790914954.991,-0.0380,-0.0742,0.0802,-0.0118,0.1048,-0.0049,pass
1790914955.086,0.0073,-0.0585,0.0802,-0.0125,0.0550,-0.0026,pass
1790914955.278,0.0062,0.0322,0.0803,-0.0200,0.0689,-0.0032,pass
1790914955.390,-0.0299,-0.0393,0.0803,-0.0015,0.0906,-0.0042,pass
1790914955.582,-0.0192,-0.0620,0.0783,-0.0251,0.0782,-0.0037,pass
1790914955.678,0.0271,0.0235,0.0786,0.0009,0.0531,-0.0025,pass
1790914955.790,-0.0279,-0.0358,0.0808,-0.0084,0.0916,-0.0043,pass
1790914955.982,-0.0117,-0.0219,0.0794,-0.0151,0.0786,-0.0037,pass
1790914956.077,0.0404,0.0933,0.0758,0.0263,0.0311,-0.0015,pass
1790914956.190,-0.0311,-0.0428,0.0802,-0.0070,0.1223,-0.0057,pass
1790914956.382,0.0057,-0.0149,0.0797,0.0021,0.0583,-0.0027,pass
1790914956.478,0.0459,0.0008,0.0800,0.0144,0.0620,-0.0029,pass
1790914956.686,0.0000,-0.0009,0.0799,0.0191,0.0944,-0.0044,pass
1790914956.781,-0.0119,-0.0655,0.0804,0.0003,0.0852,-0.0040,pass
1790914956.878,0.0285,-0.0603,0.0800,-0.0153,0.0539,-0.0025,pass
1790914956.990,-0.0092,0.0008,0.0796,0.0106,0.0763,-0.0036,pass
1790914957.182,-0.0147,-0.0987,0.0792,-0.0186,0.0963,-0.0045,pass
1790914957.277,0.0197,-0.0009,0.0793,0.0020,0.0256,-0.0012,pass
1790914957.377,0.0070,0.0654,0.0802,0.0140,0.0814,-0.0038,pass
1790914957.582,0.0086,-0.0009,0.0792,0.0246,0.0730,-0.0034,pass
1790914957.681,0.0542,0.0479,0.0797,0.0230,0.0655,-0.0031,pass
1790914957.791,0.0336,0.0008,0.0734,0.0419,0.0684,-0.0032,pass
1790914957.982,0.0552,0.0532,0.0784,0.0272,0.0800,-0.0037,pass
1790914958.078,0.0153,0.0375,0.0760,0.0401,0.0843,-0.0039,pass
1790914958.174,0.0194,-0.0411,0.0783,0.0261,0.0722,-0.0034,pass
1790914958.286,0.0115,-0.0184,0.0809,-0.0074,0.0697,-0.0033,pass
1790914958.382,0.0135,0.0479,0.0796,0.0077,0.0692,-0.0032,pass
1790914958.478,0.0269,0.0375,0.0731,0.0460,0.0685,-0.0032,pass
1790914958.574,0.0469,0.0078,0.0766,0.0374,0.0728,-0.0034,pass
1790914958.782,0.0116,0.0130,0.0775,0.0254,0.0844,-0.0040,pass
1790914958.878,0.0425,-0.0306,0.0779,0.0064,0.0437,-0.0020,pass
1790914958.974,0.0148,0.0637,0.0802,0.0019,0.1052,-0.0049,pass
1790914959.086,-0.0120,-0.0760,0.0800,-0.0038,0.0854,-0.0040,pass
1790914959.278,-0.0152,-0.0463,0.0775,-0.0288,0.0835,-0.0039,pass
1790914959.374,0.0340,0.0235,0.0799,-0.0024,0.0523,-0.0024,pass
1790914959.582,-0.0211,-0.0638,0.0791,-0.0193,0.1029,-0.0048,pass
1790914959.678,-0.0080,-0.0166,0.0782,-0.0070,0.0551,-0.0026,pass
1790914959.774,-0.0095,0.0165,0.0805,-0.0022,0.0765,-0.0036,pass
1790914959.982,-0.0131,-0.0027,0.0792,-0.0106,0.0798,-0.0037,pass
1790914960.078,0.0072,-0.0254,0.0797,-0.0061,0.0600,-0.0028,pass
1790914960.175,-0.0435,-0.0690,0.0803,-0.0145,0.1279,-0.0060,pass
1790914960.382,-0.0065,0.0235,0.0787,0.0112,0.0632,-0.0030,pass
1790914960.478,0.0354,-0.0062,0.0783,0.0143,0.0569,-0.0027,pass
1790914960.574,-0.0051,-0.0166,0.0803,-0.0007,0.0980,-0.0046,pass
1790914960.782,0.0000,0.0113,0.0781,0.0141,0.0885,-0.0041,pass
1790914960.878,0.0148,-0.0550,0.0792,-0.0117,0.0649,-0.0030,pass
1790914960.974,0.0000,-0.0062,0.0792,0.0006,0.0795,-0.0037,pass
1790914961.182,-0.0092,-0.0009,0.0802,-0.0204,0.0915,-0.0043,pass
1790914961.278,0.0129,-0.0131,0.0798,0.0028,0.0390,-0.0018,pass
1790914961.375,-0.0113,-0.0166,0.0793,-0.0018,0.0961,-0.0045,pass
1790914961.581,-0.0112,0.0183,0.0800,-0.0095,0.0794,-0.0037,pass
1790914961.678,0.0000,-0.0062,0.0801,-0.0114,0.0804,-0.0038,pass
1790914961.774,-0.0102,0.0427,0.0784,-0.0150,0.0960,-0.0045,pass
1790914961.982,-0.0174,-0.0690,0.0803,-0.0144,0.0667,-0.0031,pass
1790914962.078,-0.0062,-0.0009,0.0790,-0.0310,0.0828,-0.0039,pass
1790914962.174,-0.0365,0.0357,0.0786,-0.0010,0.1322,-0.0062,pass
1790914962.382,-0.0176,-0.0812,0.0805,-0.0197,0.0636,-0.0030,pass
1790914962.479,0.0302,0.0026,0.0794,-0.0050,0.0333,-0.0016,pass
1790914962.574,-0.0096,0.1020,0.0769,0.0301,0.1028,-0.0048,pass
1790914962.686,0.0044,0.0183,0.0778,0.0229,0.0778,-0.0036,pass
1790914962.782,0.0135,-0.0550,0.0796,0.0044,0.0746,-0.0035,pass
1790914962.878,0.0225,-0.0009,0.0776,0.0270,0.0603,-0.0028,pass
1790914962.974,0.0050,0.0305,0.0777,0.0164,0.1043,-0.0049,pass
1790914963.070,0.0149,0.0497,0.0785,0.0010,0.0807,-0.0038,pass
1790914963.182,0.0000,-0.0236,0.0819,0.0024,0.0638,-0.0030,pass
1790914963.278,0.0000,-0.0062,0.0810,-0.0049,0.0856,-0.0040,pass
1790914963.374,0.0000,0.0095,0.0793,-0.0083,0.0962,-0.0045,pass
1790914963.471,-0.0050,0.0095,0.0793,0.0088,0.0665,-0.0031,pass
1790914963.582,-0.0112,0.0008,0.0812,-0.0009,0.0755,-0.0035,pass
1790914963.679,0.0094,-0.0306,0.0809,-0.0108,0.0532,-0.0025,pass
1790914963.774,0.0000,0.0253,0.0797,0.0040,0.0941,-0.0044,pass
1790914963.870,0.0000,-0.0219,0.0789,0.0136,0.0914,-0.0043,pass
1790914963.981,-0.0134,0.0165,0.0809,-0.0060,0.0827,-0.0039,pass
1790914964.078,0.0278,-0.0323,0.0814,0.0088,0.0449,-0.0021,pass
1790914964.174,-0.0036,0.0357,0.0781,-0.0164,0.1100,-0.0051,pass
1790914964.269,-0.0523,-0.0009,0.0780,-0.0105,0.1147,-0.0054,pass
1790914964.382,0.0043,0.0218,0.0804,-0.0013,0.0408,-0.0019,pass
1790914964.574,0.0353,0.0741,0.0731,0.0489,0.0629,-0.0029,pass
1790914964.670,0.0569,0.0078,0.0753,0.0356,0.0582,-0.0027,pass
1790914964.782,0.0369,0.1073,0.0783,0.0371,0.0684,-0.0032,pass
1790914964.878,-0.0036,0.0113,0.0797,0.0122,0.1403,-0.0066,pass
1790914964.973,0.0161,-0.0184,0.0765,0.0298,0.0321,-0.0015,pass
1790914965.070,0.0476,0.0130,0.0764,0.0222,0.0314,-0.0015,pass
1790914965.182,0.0317,0.0479,0.0754,0.0315,0.0978,-0.0046,pass
1790914965.278,0.0130,0.0322,0.0760,0.0274,0.0772,-0.0036,pass
1790914965.374,0.0580,0.1596,0.0786,0.0334,0.0768,-0.0036,pass
1790914965.470,0.0103,-0.0463,0.0781,-0.0034,0.0883,-0.0041,pass
1790914965.581,-0.0172,-0.0376,0.0774,0.0050,0.0611,-0.0029,pass
1790914965.678,0.0051,-0.0934,0.0749,-0.0224,0.0631,-0.0030,pass
1790914965.774,-0.0650,-0.1737,0.0728,-0.0569,0.1335,-0.0062,pass
1790914965.870,-0.1619,-0.0830,0.0567,-0.1215,0.1270,-0.0059,pass
1790914965.982,-0.1627,-0.2313,0.0525,-0.1331,0.0863,-0.0040,pass
1790914966.078,-0.2091,-0.2418,0.0506,-0.1444,0.0620,-0.0029,pass
1790914966.174,-0.2330,-0.2365,0.0515,-0.1486,0.0653,-0.0031,pass
1790914966.270,-0.2410,-0.2016,0.0538,-0.1385,0.0362,-0.0017,pass
1790914966.381,-0.1427,-0.0323,0.0559,-0.1251,0.0317,-0.0015,pass
1790914966.478,-0.1359,-0.1353,0.0612,-0.0989,0.0411,-0.0019,pass
1790914966.574,-0.1398,-0.0550,0.0651,-0.0836,0.0642,-0.0030,pass
1790914966.670,-0.0542,-0.1580,0.0699,-0.0617,0.0019,-0.0001,pass
1790914966.782,-0.0717,0.0741,0.0750,-0.0325,0.0815,-0.0038,pass
1790914966.878,-0.0539,-0.0481,0.0775,-0.0190,0.0481,-0.0022,pass
1790914966.974,-0.0072,-0.0742,0.0745,-0.0017,0.0516,-0.0024,pass
1790914967.069,0.0165,0.0532,0.0741,0.0357,0.0254,-0.0012,pass
1790914967.182,0.0520,0.2050,0.0706,0.0600,0.0891,-0.0042,pass
1790914967.278,0.1285,0.2277,0.0585,0.1124,0.0219,-0.0010,pass
1790914967.374,0.2340,0.2137,0.0507,0.1471,0.0355,-0.0017,pass
1790914967.470,0.2363,0.2137,0.0415,0.1873,0.0569,-0.0027,pass
1790914967.566,0.2577,0.2417,0.0413,0.1865,0.0437,-0.0020,pass
1790914967.678,0.2416,0.2417,0.0423,0.1828,0.0236,-0.0011,pass
1790914967.775,0.1272,0.0427,0.0499,0.1499,0.1090,-0.0051,pass
1790914967.870,0.1428,0.1352,0.0690,0.0660,0.0521,-0.0024,pass
1790914967.966,0.0750,0.0637,0.0690,0.0682,0.0871,-0.0041,pass
1790914968.079,0.0991,0.1055,0.0701,0.0618,0.0257,-0.0012,pass
1790914968.174,0.0362,0.0218,0.0726,0.0346,0.1325,-0.0062,pass
1790914968.270,0.0347,-0.0655,0.0786,-0.0057,0.0206,-0.0010,pass
1790914968.366,-0.0151,-0.0934,0.0809,-0.0066,0.0619,-0.0029,pass
1790914968.478,0.0000,0.0584,0.0810,-0.0007,0.0867,-0.0041,pass
1790914968.574,0.0130,0.1404,0.0774,0.0304,0.0753,-0.0035,pass
1790914968.670,0.0689,0.1945,0.0638,0.0920,0.0299,-0.0014,pass
1790914968.766,0.1692,0.0863,0.0579,0.1192,0.0728,-0.0034,pass
1790914968.878,0.0984,0.1090,0.0646,0.0856,0.0626,-0.0029,pass
1790914968.974,0.0894,0.0043,0.0684,0.0673,0.0752,-0.0035,pass
1790914969.070,0.0791,0.1178,0.0766,0.0330,0.0921,-0.0043,pass
1790914969.166,0.0409,0.0619,0.0785,0.0322,0.0912,-0.0043,pass
1790914969.278,0.0191,-0.0114,0.0795,0.0140,0.0450,-0.0021,pass
1790914969.374,0.0426,-0.0131,0.0816,0.0036,0.0519,-0.0024,pass
1790914969.470,0.0036,0.0514,0.0695,-0.0032,0.1038,-0.0049,pass
1790914969.566,0.0036,-0.0009,0.0464,-0.0022,0.0442,-0.0021,pass
1790914969.678,-0.0031,-0.0009,0.0157,0.0084,0.0249,-0.0012,pass
1790914969.774,0.0000,0.0026,0.0000,0.0000,0.0166,-0.0008,pass
1790914969.871,0.0000,-0.0009,0.0000,0.0000,0.0143,-0.0007,pass
1790914969.966,0.0000,0.0043,0.0000,0.0000,0.0105,-0.0005,pass
1790914970.174,0.0000,-0.0062,0.0000,0.0000,0.0053,-0.0002,pass
1790914970.270,0.0062,-0.0009,0.0000,0.0000,0.0053,-0.0003,pass
1790914970.368,0.0000,-0.0009,0.0000,0.0000,0.0019,-0.0001,pass
1790914970.478,0.0000,-0.0009,0.0000,0.0000,0.0030,-0.0001,pass
1790914970.574,0.0000,-0.0009,0.0000,0.0000,0.0001,-0.0000,pass
1790914970.669,0.0000,-0.0009,0.0000,0.0000,0.0021,-0.0001,pass
1790914970.770,0.0034,-0.0009,0.0000,0.0000,0.0025,-0.0001,pass
1790914970.878,-0.0032,-0.0009,0.0000,0.0000,-0.0010,0.0000,pass
1790914970.974,0.0000,0.0026,0.0000,0.0000,0.0005,-0.0000,pass
1790914971.069,0.0000,-0.0009,0.0000,0.0000,0.0048,-0.0002,pass
1790914971.168,0.0035,-0.0009,0.0000,0.0000,-0.0010,0.0000,pass
1790914971.264,-0.0036,-0.0009,0.0000,0.0000,-0.0001,0.0000,pass
1790914971.378,0.0000,0.0008,0.0000,0.0000,0.0001,-0.0000,pass
1790914971.470,0.0000,0.0008,0.0000,0.0000,0.0018,-0.0001,pass
1790914971.567,0.0000,0.0061,0.0000,0.0000,-0.0011,0.0001,pass
1790914971.661,0.0000,0.0026,0.0000,0.0000,0.0004,-0.0000,pass
1790914971.881,0.0000,0.0008,0.0000,0.0000,-0.0003,0.0000,pass
1790914971.975,0.0000,-0.0027,0.0000,0.0000,0.0013,-0.0001,pass
1790914972.064,0.0039,-0.0009,0.0000,0.0000,0.0003,-0.0000,pass
1790914972.176,0.0000,-0.0009,0.0000,0.0000,-0.0026,0.0001,pass
1790914972.270,0.0000,-0.0009,0.0000,0.0000,0.0007,-0.0000,pass
1790914972.366,0.0000,0.0008,0.0000,0.0000,0.0008,-0.0000,pass
1790914972.478,-0.0044,-0.0009,0.0000,0.0000,-0.0000,0.0000,pass
1790914972.574,0.0088,0.0043,0.0000,0.0000,0.0018,-0.0001,pass
1790914972.671,-0.0036,-0.0027,0.0000,0.0000,0.0009,-0.0000,pass
1790914972.767,0.0036,-0.0027,0.0000,0.0000,-0.0011,0.0001,pass
1790914972.862,0.0000,0.0026,0.0000,0.0000,0.0000,-0.0000,pass
1790914973.062,0.0017,0.0008,0.0000,0.0000,0.0005,-0.0000,pass
1790914973.271,-0.0017,-0.0009,0.0000,0.0000,-0.0001,0.0000,pass
1790914973.368,0.0036,-0.0009,0.0000,0.0000,-0.0005,0.0000,pass
1790914973.462,-0.0082,0.0008,0.0000,0.0000,0.0004,-0.0000,pass
1790914973.575,0.0000,-0.0009,0.0000,0.0000,0.0001,-0.0000,pass
1790914973.670,0.0131,0.1439,0.0049,0.0341,-0.0125,0.0006,pass
1790914973.767,0.1018,0.2504,0.0093,0.1181,-0.0271,0.0013,pass
1790914973.862,0.2422,0.1387,0.0147,0.2650,-0.0113,0.0005,pass
1790914973.975,0.1698,0.2172,0.0191,0.2783,0.0130,-0.0006,pass
1790914974.167,0.2208,0.1701,0.0291,0.2370,-0.0185,0.0009,pass
1790914974.262,0.1499,0.1212,0.0307,0.2303,0.0574,-0.0027,pass
1790914974.375,0.1075,0.1666,0.0296,0.2376,0.0001,-0.0000,pass
1790914974.470,0.1372,0.1928,0.0277,0.2479,-0.0157,0.0007,pass
1790914974.567,0.2015,0.2137,0.0255,0.2566,-0.0398,0.0019,pass
1790914974.662,0.2012,0.2853,0.0274,0.2500,-0.0166,0.0008,pass
1790914974.774,0.2253,0.1823,0.0283,0.2497,0.0096,-0.0005,pass
1790914974.870,0.1818,0.1753,0.0310,0.2359,0.0191,-0.0009,pass
1790914974.966,0.2273,0.2469,0.0306,0.2415,-0.0313,0.0015,pass
1790914975.062,0.2441,0.1370,0.0329,0.2305,0.0240,-0.0011,pass
1790914975.177,0.0817,0.0287,0.0344,0.2198,0.0709,-0.0033,pass
1790914975.270,0.0428,0.0532,0.0367,0.2096,-0.0032,0.0001,pass
1790914975.366,0.0230,0.0479,0.0374,0.2100,-0.0028,0.0001,pass
1790914975.462,0.0590,0.0828,0.0388,0.2028,-0.0099,0.0005,pass
1790914975.576,0.0957,0.1125,0.0389,0.2034,-0.0060,0.0003,pass
1790914975.670,0.1155,0.0776,0.0386,0.2069,0.0042,-0.0002,pass
1790914975.771,0.1155,0.1108,0.0380,0.2102,0.0047,-0.0002,pass
1790914975.862,0.1198,0.1125,0.0372,0.2117,0.0000,-0.0000,pass
1790914975.958,0.1262,0.1370,0.0369,0.2139,0.0009,-0.0000,pass
1790914976.070,0.1099,0.1230,0.0366,0.2125,-0.0009,0.0000,pass
1790914976.166,0.1370,0.2085,0.0366,0.2124,-0.0082,0.0004,pass
1790914976.262,0.2121,0.2434,0.0375,0.2119,-0.0003,0.0000,pass
1790914976.358,0.2019,0.1492,0.0381,0.2126,0.0350,-0.0016,pass
1790914976.470,0.1802,0.1666,0.0420,0.1971,0.0128,-0.0006,pass
1790914976.567,0.1857,0.1701,0.0416,0.1975,0.0305,-0.0014,pass
1790914976.662,0.2026,0.2417,0.0426,0.1937,0.0297,-0.0014,pass
1790914976.758,0.1953,0.2137,0.0367,0.2148,0.0341,-0.0016,pass
1790914976.870,0.1961,0.2068,0.0341,0.2266,0.0035,-0.0002,pass
1790914976.966,0.1710,0.1300,0.0346,0.2279,-0.0037,0.0002,pass
1790914977.063,0.1669,0.0863,0.0387,0.2078,0.0215,-0.0010,pass
1790914977.158,0.1201,0.0968,0.0418,0.1889,0.0465,-0.0022,pass
1790914977.270,0.0874,0.1631,0.0417,0.1881,0.0313,-0.0015,pass
1790914977.366,0.1443,0.2399,0.0426,0.1921,0.0123,-0.0006,pass
1790914977.462,0.2343,0.1300,0.0386,0.2075,0.0164,-0.0008,pass
1790914977.558,0.1435,0.1561,0.0388,0.2052,0.0365,-0.0017,pass
1790914977.670,0.1629,0.2434,0.0403,0.1986,0.0117,-0.0005,pass
1790914977.766,0.2338,0.2521,0.0371,0.2109,0.0123,-0.0006,pass
1790914977.862,0.2542,0.2679,0.0367,0.2196,0.0129,-0.0006,pass
1790914977.959,0.2545,0.2626,0.0351,0.2291,0.0107,-0.0005,pass
1790914978.070,0.1794,0.0846,0.0167,0.1707,0.0247,-0.0012,pass
1790914978.262,0.0441,0.0008,0.0000,0.0000,0.0239,-0.0011,g2
1790914978.360,0.0061,0.0078,0.0000,0.0000,0.0019,-0.0001,pass
1790914978.470,0.0044,-0.0009,0.0000,0.0000,0.0022,-0.0001,pass
1790914978.566,0.0081,0.0008,0.0000,0.0000,0.0022,-0.0001,pass
1790914978.662,0.0000,-0.0009,0.0000,0.0000,0.0014,-0.0001,pass
1790914978.758,0.0072,0.0008,0.0000,0.0000,0.0004,-0.0000,pass
1790914978.870,0.0000,0.0444,0.0000,0.0000,0.0008,-0.0000,pass
1790914978.966,0.0424,0.1404,0.0124,0.0564,-0.0072,0.0003,pass
1790914979.062,0.1316,0.2068,0.0349,0.1743,-0.0048,0.0002,pass
1790914979.158,0.1672,0.1614,0.0366,0.1911,0.0366,-0.0017,pass
1790914979.270,0.1689,0.1457,0.0387,0.1887,0.0134,-0.0006,pass
1790914979.366,0.1334,0.1980,0.0414,0.1868,0.0340,-0.0016,pass
1790914979.462,0.1726,0.1841,0.0416,0.1877,0.0300,-0.0014,pass
1790914979.558,0.2241,0.2172,0.0413,0.1863,0.0260,-0.0012,pass
1790914979.670,0.2008,0.2242,0.0411,0.1855,0.0310,-0.0014,pass
1790914979.767,0.1790,0.1858,0.0414,0.1868,0.0363,-0.0017,pass
1790914979.862,0.2304,0.1631,0.0426,0.1832,0.0293,-0.0014,pass
1790914979.958,0.1929,0.1980,0.0414,0.1868,0.0352,-0.0016,pass
1790914980.054,0.1875,0.1579,0.0445,0.1778,0.0511,-0.0024,pass
1790914980.166,0.1745,0.2068,0.0420,0.1897,0.0261,-0.0012,pass
1790914980.262,0.1678,0.1998,0.0457,0.1697,0.0470,-0.0022,pass
1790914980.358,0.1977,0.1614,0.0427,0.1926,0.0346,-0.0016,pass
1790914980.470,0.1578,0.1335,0.0503,0.1582,0.0370,-0.0017,pass
1790914980.568,0.1537,0.2068,0.0503,0.1523,0.0448,-0.0021,pass
1790914980.665,0.2110,0.2242,0.0423,0.1909,0.0343,-0.0016,pass
1790914980.759,0.2397,0.1876,0.0425,0.1907,0.0403,-0.0019,pass
1790914980.854,0.2013,0.1527,0.0482,0.1617,0.0493,-0.0023,pass
1790914980.967,0.1576,0.0986,0.0524,0.1443,0.0417,-0.0020,pass
1790914981.062,0.1129,0.0846,0.0586,0.1216,0.0621,-0.0029,pass
1790914981.160,0.1342,0.1247,0.0593,0.1115,0.0428,-0.0020,pass
1790914981.256,0.1334,0.1614,0.0534,0.1399,0.0506,-0.0024,pass
1790914981.366,0.1647,0.1038,0.0427,0.1927,0.0381,-0.0018,pass
1790914981.462,0.1622,0.1492,0.0534,0.1452,0.0658,-0.0031,pass
1790914981.558,0.1501,0.2120,0.0541,0.1412,0.0578,-0.0027,pass
1790914981.656,0.1710,0.1893,0.0514,0.1496,0.0421,-0.0020,pass
1790914981.766,0.1617,-0.0009,0.0585,0.1138,0.0409,-0.0019,pass
1790914981.862,0.0108,0.0340,0.0761,0.0389,0.0787,-0.0037,pass
1790914981.958,0.0586,0.1143,0.0717,0.0657,0.0361,-0.0017,pass
1790914982.055,0.0782,0.0514,0.0745,0.0521,0.0638,-0.0030,pass
1790914982.166,0.0401,0.0863,0.0692,0.0782,0.0620,-0.0029,pass
1790914982.262,0.1078,0.0183,0.0719,0.0611,0.0628,-0.0029,pass
1790914982.358,0.0314,0.1038,0.0666,0.0801,0.0792,-0.0037,pass
1790914982.455,0.1255,0.0898,0.0648,0.0866,0.0510,-0.0024,pass
1790914982.566,0.0318,0.0706,0.0759,0.0500,0.0948,-0.0044,pass
1790914982.662,0.0540,-0.0201,0.0766,0.0249,0.0308,-0.0014,pass
1790914982.758,0.0000,-0.0376,0.0739,-0.0360,0.0985,-0.0046,pass
1790914982.854,-0.0062,0.0514,0.0756,0.0252,0.0595,-0.0028,pass
1790914982.966,0.0145,-0.0009,0.0755,-0.0205,0.0638,-0.0030,pass
1790914983.062,0.0000,-0.0097,0.0795,0.0266,0.0522,-0.0024,pass
1790914983.158,0.0514,0.1282,0.0704,0.0665,0.0616,-0.0029,pass
1790914983.255,0.1204,-0.0987,0.0720,0.0355,0.0765,-0.0036,pass
1790914983.366,-0.0254,0.0252,0.0746,-0.0303,0.1039,-0.0049,pass
1790914983.463,-0.0087,0.1108,0.0777,0.0291,0.0523,-0.0024,pass
1790914983.558,0.0308,0.0148,0.0792,0.0151,0.0630,-0.0029,pass
1790914983.654,0.0652,-0.0114,0.0759,0.0419,0.0555,-0.0026,pass
1790914983.766,0.0318,0.0881,0.0711,0.0629,0.0735,-0.0034,pass
1790914983.862,0.0747,0.0706,0.0724,0.0533,0.0745,-0.0035,pass
1790914983.958,0.0555,-0.0463,0.0800,0.0274,0.0718,-0.0034,pass
1790914984.054,-0.0095,-0.0184,0.0743,-0.0419,0.1085,-0.0051,pass
1790914984.166,-0.0783,0.0392,0.0722,-0.0393,0.0781,-0.0037,pass
1790914984.262,0.0349,0.0671,0.0737,0.0440,0.0282,-0.0013,pass
1790914984.358,0.0144,0.0148,0.0793,0.0140,0.0536,-0.0025,pass
1790914984.455,0.0476,0.0287,0.0719,0.0512,0.0636,-0.0030,pass
1790914984.566,0.0470,0.0095,0.0740,-0.0181,0.0641,-0.0030,pass
1790914984.662,-0.0286,0.0392,0.0742,0.0324,0.0938,-0.0044,pass
1790914984.758,0.0088,0.0584,0.0791,-0.0005,0.0915,-0.0043,pass
1790914984.855,0.0546,0.0375,0.0708,0.0654,0.0272,-0.0013,pass
1790914984.950,0.0341,-0.0952,0.0751,-0.0037,0.0699,-0.0033,pass
1790914985.062,-0.0478,0.0898,0.0767,-0.0020,0.1055,-0.0049,pass
1790914985.158,0.0335,0.0636,0.0703,0.0635,0.0356,-0.0017,pass
1790914985.255,0.0745,0.0095,0.0778,0.0122,0.0464,-0.0022,pass
1790914985.351,0.0000,0.0514,0.0709,0.0557,0.0899,-0.0042,pass
1790914985.462,0.0690,-0.0027,0.0730,-0.0122,0.0421,-0.0020,pass
1790914985.558,-0.0381,-0.1231,0.0717,-0.0490,0.1068,-0.0050,pass
1790914985.655,-0.0549,-0.0463,0.0667,-0.0714,0.0836,-0.0039,pass
1790914985.750,-0.0570,0.0811,0.0757,0.0061,0.0611,-0.0029,pass
1790914985.862,0.0560,0.0689,0.0673,0.0781,0.0055,-0.0003,pass
1790914985.958,0.0311,0.0130,0.0747,0.0319,0.0827,-0.0039,pass
1790914986.054,0.0095,-0.0376,0.0778,-0.0006,0.0810,-0.0038,pass
1790914986.150,0.0036,-0.0131,0.0722,-0.0446,0.0865,-0.0040,pass
1790914986.262,-0.0267,0.0252,0.0777,0.0158,0.0543,-0.0025,pass
1790914986.358,0.0000,0.0008,0.0744,-0.0343,0.0692,-0.0032,pass
1790914986.455,-0.0550,0.0584,0.0743,-0.0235,0.0887,-0.0042,pass
1790914986.550,0.0399,-0.0131,0.0761,0.0326,0.0393,-0.0018,pass
1790914986.662,-0.0115,-0.0271,0.0789,-0.0190,0.0746,-0.0035,pass
1790914986.758,-0.0280,0.0602,0.0760,-0.0273,0.1034,-0.0048,pass
1790914986.855,0.0196,0.0619,0.0725,0.0514,0.0454,-0.0021,pass
1790914986.950,0.0170,-0.1057,0.0777,-0.0118,0.0645,-0.0030,pass
1790914987.062,-0.0385,-0.0184,0.0660,-0.0804,0.0927,-0.0043,pass
1790914987.158,-0.0301,0.0061,0.0755,-0.0058,0.0585,-0.0027,pass
1790914987.255,0.0000,-0.0638,0.0693,-0.0595,0.0520,-0.0024,pass
1790914987.350,-0.0395,-0.0097,0.0759,0.0034,0.0861,-0.0040,pass
1790914987.465,-0.0147,-0.0690,0.0736,-0.0474,0.0642,-0.0030,pass
1790914987.558,-0.0190,-0.0236,0.0760,0.0131,0.0668,-0.0031,pass
1790914987.658,-0.0193,-0.0323,0.0735,-0.0292,0.0805,-0.0038,pass
1790914987.750,0.0000,-0.0044,0.0766,0.0172,0.0669,-0.0031,pass
1790914987.862,-0.0087,-0.0812,0.0768,-0.0297,0.0620,-0.0029,pass
1790914987.961,0.0049,-0.0009,0.0779,0.0138,0.0683,-0.0032,pass
1790914988.054,-0.0443,-0.0044,0.0693,-0.0574,0.1009,-0.0047,pass
1790914988.150,0.0000,-0.0306,0.0772,-0.0054,0.0559,-0.0026,pass
1790914988.262,-0.0191,-0.0812,0.0699,-0.0664,0.0617,-0.0029,pass
1790914988.358,-0.0428,0.1038,0.0768,-0.0033,0.1006,-0.0047,pass
1790914988.455,0.0226,0.0148,0.0739,0.0413,0.0309,-0.0014,pass
1790914988.550,0.0561,-0.0062,0.0728,0.0479,0.0648,-0.0030,pass
1790914988.662,-0.0076,0.0357,0.0751,-0.0388,0.0874,-0.0041,pass
1790914988.758,-0.0259,0.0706,0.0760,0.0280,0.0810,-0.0038,pass
1790914988.855,0.0624,0.0218,0.0730,0.0496,0.0409,-0.0019,pass
1790914988.950,0.0036,-0.0254,0.0728,0.0476,0.1028,-0.0048,pass
1790914989.062,0.0000,-0.0603,0.0713,-0.0490,0.0703,-0.0033,pass
1790914989.158,-0.0271,-0.0742,0.0626,-0.0870,0.0882,-0.0041,pass
1790914989.254,-0.0290,-0.0899,0.0754,-0.0241,0.0543,-0.0025,pass
1790914989.350,-0.0587,-0.0201,0.0710,-0.0612,0.0790,-0.0037,pass
1790914989.462,-0.0421,-0.0062,0.0713,-0.0453,0.0554,-0.0026,pass
1790914989.558,-0.0051,-0.0341,0.0738,0.0287,0.0579,-0.0027,pass
1790914989.654,0.0000,0.0776,0.0783,0.0082,0.0728,-0.0034,pass
1790914989.750,0.0000,0.0602,0.0718,0.0561,0.0684,-0.0032,pass
1790914989.846,0.0683,0.0026,0.0748,0.0136,0.0535,-0.0025,pass
1790914989.958,-0.0087,-0.0009,0.0734,0.0407,0.0694,-0.0032,pass
1790914990.054,-0.0051,-0.0044,0.0740,-0.0453,0.0936,-0.0044,pass
1790914990.150,-0.0360,-0.0742,0.0659,-0.0721,0.0814,-0.0038,pass
1790914990.264,-0.0233,0.0200,0.0772,-0.0151,0.0597,-0.0028,pass
1790914990.359,-0.0170,-0.0707,0.0794,-0.0289,0.0584,-0.0027,pass
1790914990.455,-0.0430,-0.0481,0.0734,-0.0467,0.0890,-0.0042,pass
1790914990.550,-0.0257,0.0270,0.0757,0.0245,0.0664,-0.0031,pass
1790914990.646,0.0095,0.0095,0.0782,0.0011,0.0600,-0.0028,pass
1790914990.758,-0.0044,-0.1964,0.0722,-0.0601,0.0675,-0.0032,pass
1790914990.855,-0.0423,0.0165,0.0764,0.0157,0.0813,-0.0038,pass
1790914990.950,-0.0305,0.0514,0.0762,0.0352,0.0747,-0.0035,pass
1790914991.046,0.0340,0.0759,0.0773,0.0284,0.0532,-0.0025,pass
1790914991.158,0.0512,0.0741,0.0709,0.0576,0.0544,-0.0025,pass
1790914991.255,0.0382,0.0357,0.0796,0.0015,0.0868,-0.0041,pass
1790914991.350,0.0535,0.0218,0.0725,0.0445,0.0614,-0.0029,pass
1790914991.462,-0.0218,0.0061,0.0732,-0.0293,0.0962,-0.0045,pass
1790914991.558,0.0129,0.0933,0.0787,0.0140,0.0529,-0.0025,pass
1790914991.654,0.0149,-0.1074,0.0774,-0.0255,0.0550,-0.0026,pass
1790914991.750,-0.0176,0.0322,0.0759,-0.0334,0.0879,-0.0041,pass
1790914991.846,-0.0102,-0.0131,0.0771,0.0204,0.0553,-0.0026,pass
1790914991.958,0.0119,0.0008,0.0806,0.0152,0.0646,-0.0030,pass
1790914992.054,-0.0283,-0.0481,0.0724,-0.0459,0.0853,-0.0040,pass
1790914992.150,-0.0201,-0.0830,0.0780,0.0006,0.0741,-0.0035,pass
1790914992.246,-0.0239,-0.1947,0.0666,-0.0718,0.0749,-0.0035,pass
1790914992.358,-0.1474,-0.1144,0.0609,-0.1078,0.1047,-0.0049,pass
1790914992.456,-0.1249,-0.0655,0.0549,-0.1307,0.0830,-0.0039,pass
1790914992.550,-0.1225,-0.1458,0.0540,-0.1286,0.0616,-0.0029,pass
1790914992.646,-0.1452,-0.0620,0.0619,-0.0979,0.0557,-0.0026,pass
1790914992.760,-0.0403,-0.1022,0.0767,-0.0185,0.0285,-0.0013,pass
1790914992.861,-0.0456,-0.0009,0.0780,-0.0226,0.0552,-0.0026,pass
1790914992.950,-0.0190,-0.0184,0.0762,0.0272,0.0444,-0.0021,pass
1790914993.046,-0.0250,0.0357,0.0794,-0.0043,0.0769,-0.0036,pass
1790914993.158,0.0192,-0.0009,0.0796,0.0164,0.0512,-0.0024,pass
1790914993.254,0.0000,-0.0079,0.0803,0.0053,0.0903,-0.0042,pass
1790914993.350,0.0072,-0.0166,0.0790,0.0071,0.0815,-0.0038,pass
1790914993.446,-0.0349,-0.1545,0.0684,-0.0650,0.1014,-0.0047,pass
1790914993.558,-0.0407,-0.1598,0.0663,-0.0789,0.0530,-0.0025,pass
1790914993.654,-0.1082,-0.1179,0.0633,-0.0936,0.0909,-0.0043,pass
1790914993.750,-0.1029,-0.0725,0.0662,-0.0786,0.0753,-0.0035,pass
1790914993.846,-0.0587,-0.0323,0.0654,-0.0860,0.0544,-0.0025,pass
1790914993.942,-0.0857,-0.0009,0.0698,-0.0602,0.0618,-0.0029,pass
1790914994.055,-0.0510,-0.1109,0.0771,-0.0177,0.0512,-0.0024,pass
1790914994.150,0.0096,-0.0341,0.0797,-0.0071,0.0328,-0.0015,pass
1790914994.246,-0.0222,0.0532,0.0792,0.0146,0.0766,-0.0036,pass
1790914994.359,0.0475,0.0340,0.0714,0.0547,0.0517,-0.0024,pass
1790914994.454,0.0103,-0.0568,0.0801,0.0106,0.0842,-0.0039,pass
1790914994.550,0.0036,0.0427,0.0802,-0.0249,0.0869,-0.0041,pass
1790914994.646,0.0362,0.0165,0.0737,0.0315,0.0409,-0.0019,pass
1790914994.758,0.0000,0.1003,0.0756,-0.0228,0.0743,-0.0035,pass
1790914994.854,-0.0081,0.0602,0.0787,0.0155,0.0703,-0.0033,pass
1790914994.950,0.0888,0.1160,0.0646,0.0831,0.0437,-0.0020,pass
1790914995.147,0.1349,0.1771,0.0494,0.1513,0.0491,-0.0023,pass
1790914995.265,0.1343,0.1125,0.0575,0.1155,0.0818,-0.0038,pass
1790914995.350,0.0666,0.0724,0.0668,0.0806,0.1140,-0.0053,pass
1790914995.446,0.0903,-0.0323,0.0766,0.0304,0.0316,-0.0015,pass
1790914995.542,0.0262,-0.0498,0.0793,-0.0004,0.0742,-0.0035,pass
1790914995.654,-0.0527,0.0497,0.0710,-0.0519,0.0770,-0.0036,pass
1790914995.750,-0.0153,-0.1406,0.0654,-0.0747,0.0450,-0.0021,pass
1790914995.846,-0.0895,-0.1999,0.0617,-0.0900,0.0754,-0.0035,pass
1790914995.942,-0.0858,0.0340,0.0709,-0.0507,0.0626,-0.0029,pass
1790914996.054,-0.0244,0.1003,0.0682,0.0643,0.0362,-0.0017,pass
1790914996.150,0.0929,0.1823,0.0599,0.1083,0.0255,-0.0012,pass
1790914996.246,0.1316,0.2015,0.0502,0.1536,0.0839,-0.0039,pass
1790914996.342,0.1785,0.1282,0.0481,0.1546,0.0626,-0.0029,pass
1790914996.455,0.1452,0.1370,0.0473,0.1573,0.0559,-0.0026,pass
1790914996.550,0.1256,0.1492,0.0466,0.1609,0.0583,-0.0027,pass
1790914996.646,0.1429,0.1090,0.0603,0.1047,0.0577,-0.0027,pass
1790914996.742,0.0769,0.0636,0.0676,0.0749,0.0642,-0.0030,pass
1790914996.854,0.0775,0.1003,0.0702,0.0635,0.0308,-0.0014,pass
1790914996.950,0.0868,0.0549,0.0642,0.0852,0.0628,-0.0029,pass
1790914997.046,0.0697,0.0951,0.0645,0.0834,0.0752,-0.0035,pass
1790914997.142,0.1065,0.1335,0.0615,0.1046,0.0533,-0.0025,pass
1790914997.254,0.1130,0.1474,0.0548,0.1365,0.0586,-0.0027,pass
1790914997.350,0.1347,0.1335,0.0536,0.1342,0.0570,-0.0027,pass
1790914997.446,0.1514,0.1876,0.0506,0.1510,0.0648,-0.0030,pass
1790914997.542,0.1685,0.1701,0.0421,0.1902,0.0563,-0.0026,pass
1790914997.656,0.1953,0.2155,0.0422,0.1904,0.0423,-0.0020,pass
1790914997.750,0.1689,0.1771,0.0424,0.1916,0.0771,-0.0036,pass
1790914997.846,0.2320,0.2539,0.0426,0.1923,0.0429,-0.0020,pass
1790914997.945,0.2290,0.1753,0.0413,0.1866,0.0435,-0.0020,pass
1790914998.054,0.1960,0.1753,0.0391,0.1762,0.0517,-0.0024,pass
1790914998.151,0.1632,-0.0289,0.0299,0.1177,0.0567,-0.0027,pass
1790914998.246,0.0502,0.1422,0.0134,0.0604,0.0536,-0.0025,pass
1790914998.342,0.0998,0.2539,0.0283,0.1294,-0.0169,0.0008,pass
1790914998.454,0.2203,0.2068,0.0392,0.1971,0.0039,-0.0002,pass
1790914998.550,0.2090,0.1753,0.0429,0.1882,0.0624,-0.0029,pass
1790914998.646,0.2175,0.3010,0.0458,0.1789,0.0504,-0.0024,pass
1790914998.743,0.2529,0.2626,0.0431,0.1945,0.0335,-0.0016,pass
1790914998.838,0.2579,0.2207,0.0427,0.1927,0.0535,-0.0025,pass
1790914998.950,0.2312,0.2172,0.0422,0.1903,0.0373,-0.0017,pass
1790914999.046,0.2149,0.1753,0.0430,0.1868,0.0550,-0.0026,pass
1790914999.142,0.1998,0.1492,0.0468,0.1744,0.0592,-0.0028,pass
1790914999.254,0.1402,0.1125,0.0556,0.1331,0.0445,-0.0021,pass
1790914999.350,0.1279,0.1125,0.0584,0.1183,0.0561,-0.0026,pass
1790914999.446,0.1634,0.1125,0.0580,0.1238,0.0460,-0.0022,pass
1790914999.542,0.1286,0.0811,0.0535,0.1390,0.0645,-0.0030,pass
1790914999.638,0.0991,0.1108,0.0565,0.1222,0.0588,-0.0027,pass
1790914999.751,0.1197,0.1509,0.0557,0.1302,0.0338,-0.0016,pass
1790914999.846,0.1513,0.1439,0.0565,0.1296,0.0496,-0.0023,pass
1790914999.942,0.1092,-0.0428,0.0702,0.0667,0.0639,-0.0030,pass
1790915000.055,0.0208,-0.0812,0.0668,-0.0611,0.0488,-0.0023,pass
1790915000.150,-0.0971,-0.2453,0.0582,-0.1063,0.0557,-0.0026,pass
1790915000.246,-0.1818,-0.2453,0.0490,-0.1514,0.0971,-0.0045,pass
1790915000.342,-0.2226,-0.1458,0.0523,-0.1372,0.0616,-0.0029,pass
1790915000.461,-0.1635,-0.0079,0.0577,-0.1076,0.0382,-0.0018,pass
1790915000.551,-0.0491,-0.1510,0.0683,-0.0629,0.0337,-0.0016,pass
1790915000.646,-0.0895,0.0061,0.0733,-0.0005,0.0624,-0.0029,pass
1790915000.744,-0.0086,0.1125,0.0728,0.0519,0.0254,-0.0012,pass
1790915000.838,0.0713,0.0968,0.0669,0.0824,0.0611,-0.0029,pass
1790915000.950,0.1063,0.0986,0.0583,0.1194,0.0522,-0.0024,pass
1790915001.046,0.0989,0.1143,0.0580,0.1153,0.0733,-0.0034,pass
1790915001.142,0.1434,-0.0498,0.0641,0.0883,0.0407,-0.0019,pass
1790915001.241,0.0444,0.1125,0.0777,0.0184,0.0959,-0.0045,pass
1790915001.350,-0.0197,0.0654,0.0799,-0.0053,0.0419,-0.0020,pass
1790915001.446,0.0384,-0.0184,0.0787,0.0054,0.0643,-0.0030,pass
1790915001.542,0.0402,-0.0952,0.0777,0.0005,0.0766,-0.0036,pass
1790915001.639,-0.0288,0.0811,0.0720,-0.0091,0.0909,-0.0043,pass
1790915001.750,0.0054,0.0235,0.0720,0.0363,0.0398,-0.0019,pass
1790915001.846,0.0530,-0.0184,0.0715,0.0267,0.0690,-0.0032,pass
1790915001.942,0.0036,0.0619,0.0726,0.0004,0.0843,-0.0039,pass
1790915002.038,0.0358,0.0305,0.0693,0.0611,0.0452,-0.0021,pass
1790915002.134,0.0583,0.1474,0.0677,0.0750,0.0844,-0.0040,pass
1790915002.246,0.1164,0.1457,0.0601,0.1103,0.0409,-0.0019,pass
1790915002.342,0.1351,0.0916,0.0550,0.1328,0.0745,-0.0035,pass
1790915002.438,0.1049,0.0759,0.0610,0.1000,0.0800,-0.0037,pass
1790915002.551,0.0975,-0.0358,0.0713,0.0587,0.0432,-0.0020,pass
1790915002.660,-0.0045,-0.0550,0.0777,0.0089,0.0512,-0.0024,pass
1790915002.742,0.0203,0.0252,0.0800,-0.0137,0.0636,-0.0030,pass
1790915002.839,0.0036,-0.0428,0.0753,-0.0042,0.0444,-0.0021,pass
1790915002.950,0.0306,-0.0097,0.0723,0.0145,0.0537,-0.0025,pass
1790915003.046,-0.0363,-0.0236,0.0492,-0.0032,0.0732,-0.0034,pass
1790915003.142,0.0062,-0.0062,0.0254,-0.0013,0.0308,-0.0014,pass
1790915003.241,0.0069,-0.0062,0.0000,0.0000,0.0172,-0.0008,pass
1790915003.334,0.0075,-0.0009,0.0000,0.0000,0.0117,-0.0005,pass
1790915003.446,0.0031,-0.0009,0.0000,0.0000,0.0077,-0.0004,pass
1790915003.544,0.0000,-0.0009,0.0000,0.0000,0.0071,-0.0003,pass
1790915003.638,0.0000,-0.0009,0.0000,0.0000,0.0055,-0.0003,pass
1790915003.734,0.0051,-0.0009,0.0000,0.0000,0.0044,-0.0002,pass
1790915003.848,0.0000,0.0008,0.0000,0.0000,0.0038,-0.0002,pass
1790915003.957,0.0000,-0.0027,0.0000,0.0000,0.0029,-0.0001,pass
1790915004.233,-0.0265,0.0008,0.0000,0.0000,-6.0040,0.2810,g2
1790915004.347,0.1479,-0.0009,0.0000,0.0000,14.2844,-0.6686,g1
1790915004.445,2.3799,-0.0009,0.0000,0.0000,13.8193,-0.6468,g1
1790915004.543,0.1596,0.0026,0.0000,0.0000,1.1414,-0.0534,g1
1790915004.635,0.0000,0.0008,0.0000,0.0000,0.0018,-0.0001,pass
1790915004.844,0.0017,0.0008,0.0000,0.0000,0.0001,-0.0000,pass
1790915004.978,0.0073,-0.0009,0.0000,0.0000,0.0002,-0.0000,pass
1790915005.039,0.0000,0.0008,0.0000,0.0000,0.0033,-0.0002,pass
1790915005.144,0.0000,-0.0009,0.0000,0.0000,0.0009,-0.0000,pass
1790915005.341,-0.0046,-0.0009,0.0000,0.0000,-0.0009,0.0000,pass
1790915005.437,0.0000,-0.0009,0.0000,0.0000,-0.0004,0.0000,pass
1790915005.533,0.0000,-0.0009,0.0000,0.0000,-0.0017,0.0001,pass
1790915005.645,0.0044,-0.0009,0.0000,0.0000,0.0002,-0.0000,pass
1790915005.850,0.0000,-0.0027,0.0000,0.0000,0.0005,-0.0000,pass
1790915005.943,0.0000,-0.0009,0.0000,0.0000,-0.0007,0.0000,pass
1790915006.039,0.0036,-0.0009,0.0000,0.0000,-0.0009,0.0000,pass
1790915006.134,0.0000,-0.0009,0.0000,0.0000,0.0018,-0.0001,pass
1790915006.230,0.0000,0.0043,0.0000,0.0000,-0.0022,0.0001,pass
1790915006.342,0.0000,-0.0009,0.0000,0.0000,0.0008,-0.0000,pass
1790915006.439,0.0036,-0.0515,0.0000,-0.0000,0.0003,-0.0000,pass
1790915006.534,-0.0266,-0.2435,0.0123,-0.0622,0.0054,-0.0003,pass
1790915006.646,-0.1446,-0.2767,0.0360,-0.1846,0.0189,-0.0009,pass
1790915006.742,-0.2715,-0.1981,0.0393,-0.2053,0.0418,-0.0020,pass
1790915006.839,-0.2580,-0.2104,0.0433,-0.1873,0.0240,-0.0011,pass
1790915006.935,-0.2297,-0.2523,0.0441,-0.1814,0.0287,-0.0013,pass
1790915007.046,-0.2051,-0.2924,0.0425,-0.1917,0.0409,-0.0019,pass
1790915007.142,-0.2218,-0.1929,0.0468,-0.1808,0.0410,-0.0019,pass
1790915007.241,-0.2126,-0.1283,0.0469,-0.1732,0.0381,-0.0018,pass
1790915007.335,-0.1406,-0.0847,0.0459,-0.1712,0.0365,-0.0017,pass
1790915007.430,-0.1484,-0.1685,0.0505,-0.1534,0.0420,-0.0020,pass
1790915007.544,-0.1395,-0.1632,0.0494,-0.1604,0.0471,-0.0022,pass
1790915007.639,-0.1427,-0.1266,0.0420,-0.1896,0.0374,-0.0018,pass
1790915007.735,-0.1338,-0.1266,0.0474,-0.1690,0.0241,-0.0011,pass
1790915007.830,-0.1362,-0.1074,0.0476,-0.1658,0.0327,-0.0015,pass
1790915007.945,-0.1799,-0.1947,0.0478,-0.1638,0.0372,-0.0017,pass
1790915008.040,-0.1561,-0.2296,0.0485,-0.1649,0.0366,-0.0017,pass
1790915008.136,-0.2184,-0.1528,0.0469,-0.1734,0.0565,-0.0026,pass
1790915008.232,-0.1369,-0.0533,0.0535,-0.1427,0.0428,-0.0020,pass
1790915008.342,-0.0573,-0.0934,0.0556,-0.1338,0.0297,-0.0014,pass
1790915008.442,-0.0854,-0.1283,0.0589,-0.1121,0.0479,-0.0022,pass
1790915008.535,-0.1112,-0.0079,0.0193,-0.0280,0.0415,-0.0019,pass
1790915008.630,0.0126,-0.0149,0.0199,-0.0049,-0.0016,0.0001,pass
1790915008.743,-0.0061,0.0078,0.0038,-0.0259,0.0012,-0.0001,pass
1790915008.838,-0.0114,-0.0079,-0.0417,0.0019,0.0055,-0.0003,pass
1790915008.934,0.0000,-0.0149,-0.0489,0.0054,-0.0103,0.0005,pass
1790915009.030,-0.0051,0.0043,-0.0492,0.0073,-0.0243,0.0011,pass
1790915009.142,-0.0069,-0.0341,-0.0494,0.0060,-0.0243,0.0011,pass
1790915009.239,0.0000,-0.0044,-0.0490,0.0031,-0.0390,0.0018,pass
1790915009.334,-0.0051,-0.0306,-0.0493,0.0023,-0.0452,0.0021,pass
1790915009.430,-0.0036,-0.0009,-0.0496,0.0036,-0.0456,0.0021,pass
1790915009.542,0.0000,-0.0271,-0.0492,0.0024,-0.0416,0.0019,pass
1790915009.640,-0.0276,0.0305,-0.0499,0.0017,-0.0388,0.0018,pass
1790915009.735,0.0213,-0.0201,-0.0494,0.0008,-0.0454,0.0021,pass
1790915009.830,-0.0096,0.0514,-0.0503,0.0021,-0.0485,0.0023,pass
1790915009.943,-0.0061,-0.0271,-0.0493,-0.0015,-0.0332,0.0016,pass
1790915010.038,-0.0051,0.0235,-0.0503,0.0011,-0.0413,0.0019,pass
1790915010.134,-0.0072,0.0200,-0.0498,0.0002,-0.0503,0.0024,pass
1790915010.230,0.0000,0.0043,-0.0502,0.0013,-0.0367,0.0017,pass
1790915010.342,0.0000,0.0113,-0.0495,0.0011,-0.0488,0.0023,pass
1790915010.438,-0.0062,-0.0219,-0.0503,0.0039,-0.0389,0.0018,pass
1790915010.536,-0.0165,-0.0114,-0.0500,0.0009,-0.0501,0.0023,pass
1790915010.630,0.0000,-0.0358,-0.0505,0.0031,-0.0356,0.0017,pass
1790915010.742,-0.0115,-0.0097,-0.0496,0.0002,-0.0334,0.0016,pass
1790915010.839,0.0000,-0.0393,-0.0501,0.0018,-0.0402,0.0019,pass
1790915010.935,-0.0210,-0.0097,-0.0500,-0.0003,-0.0470,0.0022,pass
1790915011.030,0.0036,-0.0760,-0.0503,0.0029,-0.0474,0.0022,pass
1790915011.142,0.0000,0.0008,-0.0500,-0.0004,-0.0345,0.0016,pass
1790915011.240,-0.0100,-0.0411,-0.0496,-0.0007,-0.0409,0.0019,pass
1790915011.334,-0.0254,0.0445,-0.0496,0.0004,-0.0357,0.0017,pass
1790915011.430,0.0153,-0.0376,-0.0501,-0.0003,-0.0540,0.0025,pass
1790915011.526,-0.0152,0.0357,-0.0499,0.0004,-0.0346,0.0016,pass
1790915011.639,0.0141,-0.0097,-0.0503,0.0000,-0.0446,0.0021,pass
1790915011.734,-0.0135,0.0270,-0.0495,-0.0027,-0.0379,0.0018,pass
1790915011.830,0.0072,-0.0062,-0.0501,-0.0017,-0.0529,0.0025,pass
1790915011.926,-0.0036,0.0253,-0.0496,-0.0020,-0.0408,0.0019,pass
1790915012.039,0.0215,-0.0201,-0.0500,-0.0036,-0.0476,0.0022,pass
1790915012.135,-0.0102,0.0130,-0.0500,-0.0001,-0.0370,0.0017,pass
1790915012.230,-0.0036,-0.0062,0.0000,0.0000,-0.0514,0.0024,g2
1790915012.326,-0.0036,-0.0707,0.0020,-0.0091,-0.0181,0.0008,pass
1790915012.440,-0.0228,-0.1388,0.0252,-0.0796,-0.0004,0.0000,pass
1790915012.535,-0.0863,-0.1580,0.0408,-0.1121,0.0062,-0.0003,pass
1790915012.630,-0.1761,-0.0882,0.0619,-0.0940,0.0444,-0.0021,pass
1790915012.727,-0.0890,-0.1772,0.0657,-0.0926,0.0391,-0.0018,pass
1790915012.840,-0.1207,-0.1406,0.0573,-0.1245,0.0549,-0.0026,pass
1790915012.935,-0.1348,-0.0969,0.0532,-0.1441,0.0547,-0.0026,pass
1790915013.030,-0.1449,-0.1318,0.0524,-0.1418,0.0475,-0.0022,pass
1790915013.126,-0.1743,-0.1214,0.0580,-0.1142,0.0569,-0.0027,pass
1790915013.238,-0.1096,0.0113,0.0738,0.0129,0.0358,-0.0017,pass
1790915013.335,0.0269,0.0741,0.0743,0.0387,0.0191,-0.0009,pass
1790915013.430,0.0432,0.0200,0.0769,0.0304,0.0352,-0.0016,pass
1790915013.526,-0.0051,-0.0166,0.0798,0.0135,0.0633,-0.0030,pass
1790915013.640,0.0114,-0.0149,0.0759,-0.0424,0.0520,-0.0024,pass
1790915013.737,-0.0248,0.0846,0.0704,-0.0597,0.0696,-0.0033,pass
1790915013.830,-0.0157,-0.0027,0.0760,0.0079,0.0572,-0.0027,pass
1790915013.926,-0.0380,-0.0620,0.0745,-0.0306,0.0555,-0.0026,pass
1790915014.040,-0.0344,0.0165,0.0725,-0.0403,0.0601,-0.0028,pass
1790915014.140,0.0000,0.0479,0.0779,0.0244,0.0503,-0.0024,pass
1790915014.230,0.0264,-0.0358,0.0766,0.0341,0.0612,-0.0029,pass
1790915014.326,-0.0051,0.0043,0.0765,-0.0037,0.0689,-0.0032,pass
1790915014.438,0.0082,0.0235,0.0537,0.0014,0.0490,-0.0023,pass
1790915014.536,-0.0061,0.0061,0.0311,-0.0078,0.0336,-0.0016,pass
1790915014.630,0.0074,-0.0097,0.0000,0.0000,0.0190,-0.0009,pass
1790915014.726,0.0000,-0.0009,0.0000,0.0000,0.0122,-0.0006,pass
1790915014.822,0.0000,-0.0009,0.0000,0.0000,0.0089,-0.0004,pass
1790915014.934,0.0000,0.0008,0.0000,0.0000,0.0054,-0.0003,pass
1790915015.030,0.0000,0.0043,0.0000,0.0000,0.0035,-0.0002,pass
1790915015.126,0.0062,0.0043,0.0000,0.0000,0.0057,-0.0003,pass
1790915015.222,-0.0051,-0.0009,0.0000,0.0000,0.0035,-0.0002,pass
1790915015.335,0.0053,-0.0009,0.0000,0.0000,0.0008,-0.0000,pass
1790915015.430,0.0000,-0.0009,0.0000,0.0000,0.0018,-0.0001,pass
1790915015.526,0.0000,0.0026,0.0000,0.0000,0.0018,-0.0001,pass
1790915015.638,0.0000,-0.0009,0.0000,0.0000,0.0012,-0.0001,pass
1790915015.734,0.0000,-0.0044,0.0000,0.0000,0.0004,-0.0000,pass
1790915015.830,0.0000,0.0043,0.0000,0.0000,0.0004,-0.0000,pass
1790915015.926,0.0000,-0.0009,0.0000,0.0000,0.0010,-0.0000,pass
1790915016.022,0.0036,0.0043,0.0000,0.0000,0.0013,-0.0001,pass
1790915016.136,0.0000,0.0026,0.0000,0.0000,0.0002,-0.0000,pass
1790915016.230,-0.0097,-0.0009,0.0000,0.0000,0.0006,-0.0000,pass
1790915016.326,0.0062,-0.0009,0.0000,0.0000,0.0000,-0.0000,pass
1790915016.422,0.0000,-0.0044,0.0000,0.0000,-0.0010,0.0000,pass
1790915016.534,0.0000,0.0008,0.0000,0.0000,0.0002,-0.0000,pass
1790915016.630,0.0000,0.0008,0.0000,0.0000,-0.0001,0.0000,pass
1790915016.726,-0.0036,-0.0027,0.0000,0.0000,0.0020,-0.0001,pass
1790915016.822,0.0000,0.0025,0.0000,0.0000,-0.0003,0.0000,pass
1790915016.941,0.0000,-0.0027,0.0000,0.0000,-0.0002,0.0000,pass
1790915017.030,0.0000,-0.0010,0.0000,0.0000,-0.0007,0.0000,pass
1790915017.126,0.0000,-0.0010,0.0000,0.0000,-0.0008,0.0000,pass
1790915017.224,-0.0035,-0.0027,0.0000,0.0000,0.0011,-0.0001,pass
1790915017.345,0.0070,0.0008,0.0000,0.0000,0.0000,-0.0000,pass
1790915017.430,0.0057,-0.0010,0.0000,0.0000,0.0006,-0.0000,pass
1790915017.526,-0.0036,-0.0010,0.0000,0.0000,0.0002,-0.0000,pass
1790915017.624,0.0035,-0.0044,0.0000,0.0000,0.0005,-0.0000,pass
1790915017.736,-0.0031,-0.0010,0.0000,0.0000,0.0001,-0.0000,pass
1790915017.830,0.0000,-0.0062,0.0000,0.0000,-0.0006,0.0000,pass
1790915017.926,0.0000,-0.0010,0.0000,0.0000,0.0006,-0.0000,pass
1790915018.022,0.0062,-0.0044,0.0000,0.0000,-0.0004,0.0000,pass
1790915018.135,0.0000,-0.0010,0.0000,0.0000,0.0016,-0.0001,pass
1790915018.230,-0.0036,-0.0010,0.0000,0.0000,-0.0005,0.0000,pass
1790915018.326,-0.0062,0.0043,0.0000,0.0000,0.0012,-0.0001,pass
1790915018.422,0.0036,0.0043,0.0000,0.0000,-0.0011,0.0001,pass
1790915018.537,0.0000,-0.0010,0.0000,0.0000,0.0007,-0.0000,pass
1790915018.630,0.0000,-0.0062,0.0000,0.0000,-0.0003,0.0000,pass
1790915018.726,0.0000,-0.0010,0.0000,0.0000,0.0022,-0.0001,pass
1790915018.822,-0.0051,0.0025,0.0000,0.0000,-0.0014,0.0001,pass
1790915018.939,0.0000,-0.0010,0.0000,0.0000,0.0017,-0.0001,pass
1790915019.030,0.0000,-0.0010,0.0000,0.0000,-0.0030,0.0001,pass
1790915019.126,0.0000,0.0008,0.0000,0.0000,0.0004,-0.0000,pass
1790915019.222,0.0062,-0.0010,0.0000,0.0000,0.0015,-0.0001,pass
1790915019.334,0.0000,-0.0010,0.0000,0.0000,-0.0011,0.0001,pass
1790915019.430,-0.0081,0.0619,0.0000,0.0000,-0.0012,0.0001,pass
1790915019.526,0.0254,0.0235,0.0101,0.0553,-0.0036,0.0002,pass
1790915019.622,0.0000,-0.0184,0.0369,0.0135,0.0115,-0.0005,pass
1790915019.740,0.0121,-0.0306,0.0522,-0.0186,0.0121,-0.0006,pass
1790915019.830,0.0066,-0.0097,0.0758,-0.0244,0.0283,-0.0013,pass
1790915019.926,-0.0246,-0.1668,0.0794,-0.0275,0.0580,-0.0027,pass
1790915020.022,-0.0439,-0.0812,0.0746,-0.0484,0.0644,-0.0030,pass
1790915020.137,-0.0148,-0.0812,0.0786,-0.0286,0.0527,-0.0025,pass
1790915020.231,-0.0402,-0.0167,0.0796,-0.0338,0.0633,-0.0030,pass
1790915020.326,0.0000,0.0165,0.0791,-0.0100,0.0680,-0.0032,pass
1790915020.422,-0.0130,0.0950,0.0718,0.0467,0.0491,-0.0023,pass
1790915020.534,0.0481,0.1177,0.0705,0.0596,0.0360,-0.0017,pass
1790915020.632,0.0599,0.0287,0.0728,0.0502,0.0439,-0.0021,pass
1790915020.726,0.0082,-0.0079,0.0779,0.0212,0.0713,-0.0033,pass
1790915020.822,0.0157,0.1020,0.0666,0.0747,0.0728,-0.0034,pass
1790915020.934,0.0894,0.0654,0.0651,0.0861,0.0304,-0.0014,pass
1790915021.030,0.0265,0.1090,0.0793,0.0065,0.0833,-0.0039,pass
1790915021.126,0.0541,-0.0219,0.0796,0.0129,0.0473,-0.0022,pass
1790915021.222,-0.0277,-0.0341,0.0802,-0.0010,0.0778,-0.0036,pass
1790915021.334,0.0000,0.0217,0.0784,0.0168,0.0626,-0.0029,pass
1790915021.430,0.0190,0.0357,0.0796,0.0161,0.0499,-0.0023,pass
1790915021.526,0.0148,-0.0777,0.0804,0.0015,0.0500,-0.0023,pass
1790915021.622,-0.0366,-0.1336,0.0651,-0.0734,0.0782,-0.0037,pass
1790915021.735,-0.0519,-0.1109,0.0641,-0.0893,0.0739,-0.0035,pass
1790915021.830,-0.0689,-0.0271,0.0639,-0.0890,0.0544,-0.0025,pass
1790915021.926,-0.0599,-0.0900,0.0646,-0.0795,0.0506,-0.0024,pass
1790915022.022,-0.0819,-0.0062,0.0652,-0.0769,0.0651,-0.0030,pass
1790915022.134,-0.0472,0.0165,0.0772,-0.0266,0.0437,-0.0020,pass
1790915022.230,-0.0293,0.0776,0.0709,0.0578,0.0421,-0.0020,pass
1790915022.326,0.0555,0.0549,0.0652,0.0775,0.0345,-0.0016,pass
1790915022.422,0.0556,0.1299,0.0642,0.0790,0.0584,-0.0027,pass
1790915022.518,0.0775,0.0724,0.0660,0.0820,0.0370,-0.0017,pass
1790915022.630,0.0480,0.0689,0.0696,0.0684,0.0515,-0.0024,pass
1790915022.729,0.0520,-0.0044,0.0688,0.0655,0.0460,-0.0022,pass
1790915022.822,0.0342,0.1003,0.0718,0.0517,0.0835,-0.0039,pass
1790915022.934,0.0768,0.0479,0.0697,0.0631,0.0362,-0.0017,pass
1790915023.030,0.0432,-0.0219,0.0791,-0.0060,0.0756,-0.0035,pass
1790915023.126,0.0119,0.0182,0.0801,0.0094,0.0692,-0.0032,pass
1790915023.222,0.0210,-0.0289,0.0788,0.0145,0.0544,-0.0025,pass
1790915023.334,0.0111,-0.0079,0.0782,0.0113,0.0671,-0.0031,pass
1790915023.430,0.0148,0.1125,0.0763,0.0332,0.0545,-0.0025,pass
1790915023.527,0.0715,0.0758,0.0688,0.0735,0.0484,-0.0023,pass
1790915023.622,0.0525,0.0008,0.0776,0.0307,0.0594,-0.0028,pass
1790915023.719,0.0196,-0.0044,0.0764,-0.0146,0.0909,-0.0043,pass
1790915023.831,0.0053,0.0863,0.0744,-0.0279,0.0512,-0.0024,pass
1790915023.926,0.0115,0.0619,0.0758,0.0336,0.0338,-0.0016,pass
1790915024.022,0.0190,0.0182,0.0764,0.0248,0.0677,-0.0032,pass
1790915024.118,0.0135,0.0811,0.0776,0.0220,0.0774,-0.0036,pass
1790915024.230,0.0433,0.0165,0.0776,0.0272,0.0370,-0.0017,pass
1790915024.326,-0.0124,-0.0341,0.0805,0.0072,0.0821,-0.0038,pass
1790915024.422,0.0157,-0.0620,0.0722,-0.0495,0.0801,-0.0037,pass
1790915024.534,-0.0375,0.1107,0.0668,-0.0660,0.0589,-0.0028,pass
1790915024.630,0.0081,-0.0324,0.0659,-0.0084,0.0375,-0.0018,pass
1790915024.726,-0.0434,-0.0533,0.0679,-0.0143,0.0680,-0.0032,pass
1790915024.822,-0.0389,0.0881,0.0763,0.0202,0.0412,-0.0019,pass
1790915024.918,0.0690,0.0881,0.0739,0.0486,0.0268,-0.0013,pass
1790915025.030,0.0257,-0.0079,0.0702,0.0417,0.0701,-0.0033,pass
1790915025.126,0.0051,-0.0708,0.0712,-0.0198,0.0738,-0.0035,pass
1790915025.222,-0.0036,0.0444,0.0758,-0.0207,0.0784,-0.0037,pass
1790915025.318,-0.0242,-0.0463,0.0802,0.0018,0.0520,-0.0024,pass
1790915025.430,-0.0205,0.1107,0.0770,0.0399,0.0542,-0.0025,pass
1790915025.526,0.0840,0.0462,0.0676,0.0707,0.0364,-0.0017,pass
1790915025.622,0.0305,0.1928,0.0643,0.0850,0.0806,-0.0038,pass
1790915025.718,0.1286,0.0165,0.0621,0.1012,0.0321,-0.0015,pass
1790915025.830,0.0628,0.1491,0.0745,0.0532,0.0799,-0.0037,pass
1790915025.926,0.1144,-0.0551,0.0691,0.0718,0.0369,-0.0017,pass
1790915026.022,-0.0102,-0.1406,0.0796,-0.0052,0.1052,-0.0049,pass
1790915026.118,-0.0080,0.1334,0.0768,0.0136,0.0544,-0.0025,pass
1790915026.230,0.1089,0.0846,0.0723,0.0440,0.0314,-0.0015,pass
1790915026.326,0.0036,0.0776,0.0748,0.0465,0.0823,-0.0039,pass
1790915026.423,0.0669,0.0881,0.0661,0.0844,0.0589,-0.0028,pass
1790915026.518,0.0735,0.0811,0.0652,0.0793,0.0657,-0.0031,pass
1790915026.630,0.0738,0.1457,0.0678,0.0710,0.0556,-0.0026,pass
1790915026.726,0.1067,0.1963,0.0641,0.0899,0.0613,-0.0029,pass
1790915026.822,0.1360,0.0915,0.0576,0.1207,0.0490,-0.0023,pass
1790915026.918,0.1077,0.1177,0.0622,0.0968,0.0867,-0.0041,pass
1790915027.030,0.0904,-0.1004,0.0711,0.0436,0.0522,-0.0024,pass
1790915027.126,-0.0194,0.1073,0.0763,0.0255,0.0911,-0.0043,pass
1790915027.222,0.1045,-0.0027,0.0735,0.0385,0.0237,-0.0011,pass
1790915027.318,0.0000,-0.0010,0.0748,-0.0166,0.0877,-0.0041,pass
1790915027.430,0.0000,-0.0882,0.0737,-0.0420,0.0646,-0.0030,pass
1790915027.527,-0.0536,-0.0708,0.0675,-0.0684,0.0679,-0.0032,pass
1790915027.622,-0.1003,0.0305,0.0670,-0.0564,0.0714,-0.0033,pass
1790915027.718,-0.0369,0.0427,0.0764,0.0069,0.0350,-0.0016,pass
1790915027.830,0.0102,-0.0219,0.0747,0.0113,0.0490,-0.0023,pass
1790915027.926,0.0036,0.0095,0.0571,0.0043,0.0691,-0.0032,pass
1790915028.023,0.0101,-0.0044,0.0267,-0.0043,0.0410,-0.0019,pass
1790915028.118,0.0000,-0.0516,0.0298,0.0042,0.0206,-0.0010,pass
1790915028.215,-0.0325,0.0060,0.0545,-0.0363,0.0263,-0.0012,pass
1790915028.326,0.0044,-0.0219,0.0677,-0.0479,0.0282,-0.0013,pass
1790915028.427,-0.0372,-0.0010,0.0736,0.0400,0.0491,-0.0023,pass
1790915028.519,0.0187,0.0846,0.0681,0.0662,0.0539,-0.0025,pass
1790915028.614,0.0496,0.0671,0.0671,0.0711,0.0502,-0.0023,pass
1790915028.726,0.0561,0.1107,0.0666,0.0622,0.0443,-0.0021,pass
1790915028.822,0.0626,-0.0638,0.0726,0.0498,0.0414,-0.0019,pass
1790915028.919,-0.0451,-0.0062,0.0575,-0.0309,0.0608,-0.0028,pass
1790915029.015,0.0389,-0.0114,0.0608,0.0002,0.0319,-0.0015,pass
1790915029.126,-0.0161,-0.0620,0.0577,-0.0306,0.0405,-0.0019,pass
1790915029.223,-0.0477,-0.0446,0.0425,-0.0590,0.0419,-0.0020,pass
1790915029.318,-0.0627,0.0549,0.0548,-0.0063,0.0366,-0.0017,pass
1790915029.414,0.0592,0.1055,0.0660,0.0732,0.0204,-0.0010,pass
1790915029.526,0.0406,0.0392,0.0736,0.0501,0.0324,-0.0015,pass
1790915029.622,0.0000,0.0741,0.0696,0.0701,0.0700,-0.0033,pass
1790915029.718,0.0759,0.0741,0.0640,0.0842,0.0533,-0.0025,pass
1790915029.817,0.0809,0.1457,0.0576,0.1148,0.0541,-0.0025,pass
1790915029.926,0.1199,0.1457,0.0551,0.1319,0.0411,-0.0019,pass
1790915030.022,0.1137,0.0933,0.0604,0.1073,0.0644,-0.0030,pass
1790915030.118,0.0921,0.0357,0.0692,0.0437,0.0627,-0.0029,pass
1790915030.215,0.0217,-0.0376,0.0728,0.0107,0.0586,-0.0027,pass
1790915030.326,0.0082,-0.0777,0.0669,-0.0318,0.0511,-0.0024,pass
1790915030.425,-0.0336,-0.0079,0.0649,-0.0429,0.0680,-0.0032,pass
1790915030.518,0.0177,0.0462,0.0727,0.0047,0.0511,-0.0024,pass
1790915030.614,-0.0183,0.0008,0.0783,0.0145,0.0591,-0.0028,pass
1790915030.727,0.0174,-0.0202,0.0817,0.0182,0.0624,-0.0029,pass
1790915030.822,0.0036,0.0148,0.0815,0.0065,0.0915,-0.0043,pass
1790915030.918,0.0062,0.0095,0.0785,0.0044,0.0849,-0.0040,pass
1790915031.014,-0.0036,0.0113,0.0813,-0.0100,0.0697,-0.0033,pass
1790915031.126,-0.0031,-0.0428,0.0813,-0.0114,0.0718,-0.0034,pass
1790915031.222,-0.0124,-0.0202,0.0774,-0.0363,0.0751,-0.0035,pass
1790915031.318,-0.0124,0.0165,0.0718,-0.0447,0.0718,-0.0034,pass
1790915031.416,-0.0354,-0.0184,0.0754,0.0196,0.0537,-0.0025,pass
1790915031.526,-0.0077,-0.0097,0.0730,-0.0150,0.0735,-0.0034,pass
1790915031.622,-0.0051,0.0933,0.0688,0.0601,0.0654,-0.0031,pass
1790915031.718,0.0421,0.0741,0.0646,0.0869,0.0528,-0.0025,pass
1790915031.815,0.0521,0.0392,0.0708,0.0469,0.0832,-0.0039,pass
1790915031.910,0.0218,-0.0568,0.0779,-0.0094,0.0582,-0.0027,pass
1790915032.023,-0.0310,0.0008,0.0586,-0.0173,0.0777,-0.0036,pass
1790915032.119,0.0148,0.0113,0.0345,0.0051,0.0295,-0.0014,pass
1790915032.217,0.0000,-0.0062,0.0053,0.0240,0.0302,-0.0014,pass
1790915032.310,0.0000,-0.0044,0.0000,0.0000,0.0154,-0.0007,pass
1790915032.424,0.0000,-0.0010,0.0000,0.0000,0.0088,-0.0004,pass
1790915032.523,0.0000,0.0025,0.0000,0.0000,0.0067,-0.0003,pass
1790915032.615,0.0000,-0.0010,0.0000,0.0000,0.0061,-0.0003,pass
1790915032.710,0.0000,0.0008,0.0000,0.0000,0.0051,-0.0002,pass
1790915032.823,0.0000,-0.0010,0.0000,0.0000,0.0026,-0.0001,pass
1790915032.919,0.0000,0.0235,0.0035,0.0158,0.0044,-0.0002,pass
1790915033.015,0.0062,0.0619,0.0247,0.0912,0.0017,-0.0001,pass
1790915033.110,0.0558,0.0793,0.0420,0.1196,-0.0038,0.0002,pass
1790915033.222,0.0430,0.1195,0.0482,0.1417,0.0105,-0.0005,pass
1790915033.318,0.1034,0.1282,0.0409,0.1846,0.0260,-0.0012,pass
1790915033.423,0.1254,0.1387,0.0422,0.1822,0.0266,-0.0012,pass
1790915033.510,0.1195,0.1387,0.0440,0.1780,0.0633,-0.0030,pass
1790915033.623,0.1209,0.1439,0.0411,0.1858,0.0371,-0.0017,pass
1790915033.719,0.1244,0.1614,0.0413,0.1863,0.0462,-0.0022,pass
1790915033.821,0.1523,0.0671,0.0266,0.1203,0.0321,-0.0015,pass
1790915033.910,0.1000,-0.0097,0.0141,0.0632,0.0601,-0.0028,pass
1790915034.023,0.0114,0.0043,0.0000,0.0000,0.0184,-0.0009,pass
1790915034.119,0.0073,0.0043,0.0000,0.0000,0.0025,-0.0001,pass
1790915034.215,0.0088,-0.0010,0.0000,0.0000,0.0021,-0.0001,pass
1790915034.310,0.0081,0.0025,0.0000,0.0000,0.0012,-0.0001,pass
1790915034.422,0.0062,-0.0062,0.0000,0.0000,0.0008,-0.0000,pass
1790915034.518,0.0000,-0.0010,0.0000,0.0000,0.0019,-0.0001,pass
1790915034.615,0.0072,-0.0010,0.0000,0.0000,0.0003,-0.0000,pass
1790915034.710,0.0051,-0.0010,0.0000,0.0000,0.0033,-0.0002,pass
1790915034.822,0.0082,0.0008,0.0000,0.0000,-0.0004,0.0000,pass
1790915034.919,0.0036,-0.0010,0.0000,0.0000,-0.0001,0.0000,pass
1790915035.016,-0.0062,-0.0010,0.0000,0.0000,0.0013,-0.0001,pass
1790915035.110,0.0052,-0.0010,0.0000,0.0000,-0.0005,0.0000,pass
1790915035.222,0.0000,-0.0010,0.0000,0.0000,0.0013,-0.0001,pass
1790915035.318,0.0036,-0.0010,0.0000,0.0000,0.0000,-0.0000,pass
1790915035.414,0.0051,0.0008,0.0000,0.0000,0.0003,-0.0000,pass
1790915035.510,0.0000,-0.0010,0.0000,0.0000,-0.0000,0.0000,pass
1790915035.622,0.0000,-0.0010,0.0000,0.0000,-0.0008,0.0000,pass
1790915035.719,-0.0036,0.0008,0.0000,0.0000,0.0014,-0.0001,pass
1790915035.817,0.0035,0.0008,0.0000,0.0000,-0.0013,0.0001,pass
1790915035.910,0.0000,0.0008,0.0000,0.0000,0.0008,-0.0000,pass
1790915036.026,0.0042,-0.0027,0.0000,0.0000,-0.0007,0.0000,pass
1790915036.118,0.0000,0.0008,0.0000,0.0000,0.0012,-0.0001,pass
1790915036.214,-0.0062,-0.0009,0.0000,0.0000,-0.0004,0.0000,pass
1790915036.310,-0.0072,-0.0009,0.0000,0.0000,0.0003,-0.0000,pass
1790915036.423,0.0031,0.0025,0.0000,0.0000,-0.0004,0.0000,pass
1790915036.518,0.0051,-0.0009,0.0000,0.0000,-0.0001,0.0000,pass
1790915036.619,0.0000,-0.0027,0.0000,0.0000,0.0004,-0.0000,pass
1790915036.710,-0.0066,-0.0009,0.0000,0.0000,-0.0012,0.0001,pass
1790915036.806,0.0000,0.0025,0.0000,0.0000,0.0013,-0.0001,pass
1790915036.918,0.0000,0.0008,0.0000,0.0000,-0.0006,0.0000,pass
1790915037.014,-0.0036,-0.0009,0.0000,0.0000,0.0006,-0.0000,pass
1790915037.110,0.0000,0.0043,0.0000,0.0000,0.0013,-0.0001,pass
1790915037.206,-0.0051,0.0043,0.0000,0.0000,0.0003,-0.0000,pass
1790915037.319,-0.0031,0.0008,0.0000,0.0000,0.0002,-0.0000,pass
1790915037.415,0.0050,-0.0009,0.0000,0.0000,-0.0004,0.0000,pass
1790915037.510,0.0000,-0.0009,0.0000,0.0000,-0.0011,0.0001,pass
1790915037.607,0.0000,0.0008,0.0000,0.0000,0.0005,-0.0000,pass
1790915037.718,0.0054,-0.0009,0.0000,0.0000,0.0008,-0.0000,pass
1790915037.815,0.0000,0.0008,0.0000,0.0000,-0.0002,0.0000,pass
1790915037.910,0.0051,-0.0044,0.0000,0.0000,0.0004,-0.0000,pass
1790915038.006,-0.0072,-0.0009,0.0000,0.0000,-0.0002,0.0000,pass
1790915038.118,0.0061,-0.0044,0.0000,0.0000,-0.0011,0.0001,pass
1790915038.215,0.0051,0.0008,0.0000,0.0000,0.0006,-0.0000,pass
1790915038.310,-0.0051,0.0026,0.0000,0.0000,0.0005,-0.0000,pass
1790915038.406,0.0000,-0.0009,0.0000,0.0000,0.0011,-0.0000,pass
1790915038.518,0.0000,-0.0009,0.0000,0.0000,0.0004,-0.0000,pass
1790915038.614,0.0000,0.0026,0.0000,0.0000,-0.0007,0.0000,pass
1790915038.710,-0.0062,-0.0027,0.0000,0.0000,-0.0005,0.0000,pass
1790915038.806,0.0036,-0.0044,0.0000,0.0000,0.0007,-0.0000,pass
1790915038.918,0.0000,0.0026,0.0000,0.0000,-0.0009,0.0000,pass
1790915039.015,0.0000,0.1003,0.0067,0.0305,-0.0006,0.0000,pass
1790915039.110,0.0487,0.1247,0.0235,0.1143,-0.0100,0.0005,pass
1790915039.206,0.0668,0.1038,0.0437,0.1647,-0.0019,0.0001,pass
1790915039.318,0.1185,0.0724,0.0511,0.1361,0.0179,-0.0008,pass
1790915039.416,0.0775,0.0724,0.0600,0.0960,0.0332,-0.0016,pass
1790915039.510,0.0669,0.0514,0.0686,0.0625,0.0406,-0.0019,pass
1790915039.606,0.0482,0.0497,0.0637,0.0740,0.0434,-0.0020,pass
1790915039.718,0.0377,-0.0655,0.0584,0.0449,0.0399,-0.0019,pass
1790915039.814,-0.0241,0.1195,0.0735,-0.0176,0.0527,-0.0025,pass
1790915039.910,0.0810,0.1457,0.0725,0.0508,0.0389,-0.0018,pass
1790915040.007,0.0403,0.1038,0.0616,0.1011,0.0572,-0.0027,pass
1790915040.118,0.0747,-0.0812,0.0656,0.0762,0.0571,-0.0027,pass
1790915040.218,-0.0280,-0.0917,0.0687,-0.0464,0.0806,-0.0038,pass
1790915040.310,-0.0118,-0.0725,0.0642,-0.0801,0.0708,-0.0033,pass
1790915040.406,-0.0725,-0.0550,0.0649,-0.0788,0.0748,-0.0035,pass
1790915040.518,-0.0763,-0.1720,0.0570,-0.1056,0.0508,-0.0024,pass
1790915040.614,-0.1569,-0.1563,0.0397,-0.1794,0.0778,-0.0036,pass
1790915040.710,-0.1870,-0.1109,0.0415,-0.1873,0.0664,-0.0031,pass
1790915040.806,-0.1199,-0.1039,0.0477,-0.1538,0.0396,-0.0019,pass
1790915040.919,-0.1307,-0.2191,0.0501,-0.1414,0.0405,-0.0019,pass
1790915041.016,-0.2118,-0.2366,0.0492,-0.1519,0.0686,-0.0032,pass
1790915041.110,-0.2271,-0.0812,0.0534,-0.1348,0.0602,-0.0028,pass
1790915041.209,-0.0843,-0.1964,0.0674,-0.0813,0.0287,-0.0013,pass
1790915041.302,-0.0784,-0.1406,0.0547,-0.1303,0.0466,-0.0022,pass
1790915041.414,-0.2232,-0.0987,0.0505,-0.1443,0.0705,-0.0033,pass
1790915041.510,-0.1211,-0.1266,0.0478,-0.1564,0.0458,-0.0021,pass
1790915041.606,-0.1652,-0.0114,0.0387,-0.0531,0.0578,-0.0027,pass
1790915041.703,-0.0151,0.1666,0.0391,0.0530,0.0152,-0.0007,pass
1790915041.814,0.1076,0.0759,0.0501,0.1251,-0.0071,0.0003,pass
1790915041.910,0.0257,0.0619,0.0600,0.0941,0.0318,-0.0015,pass
1790915042.006,0.0735,-0.0446,0.0698,0.0071,0.0493,-0.0023,pass
1790915042.106,-0.0537,-0.2051,0.0672,-0.0748,0.0596,-0.0028,pass
1790915042.214,-0.1241,-0.1179,0.0601,-0.0891,0.0965,-0.0045,pass
1790915042.310,-0.0369,-0.0324,0.0598,-0.0933,0.0321,-0.0015,pass
1790915042.407,-0.0754,0.0933,0.0580,0.0035,0.0478,-0.0022,pass
1790915042.502,-0.0120,-0.0358,0.0697,0.0394,0.0265,-0.0012,pass
1790915042.616,0.0030,0.0759,0.0689,-0.0522,0.0449,-0.0021,pass
1790915042.710,0.0172,0.0043,0.0754,0.0003,0.0678,-0.0032,pass
1790915042.806,-0.0781,-0.1894,0.0690,-0.0667,0.0835,-0.0039,pass
1790915042.902,-0.1267,-0.0882,0.0759,-0.0440,0.1003,-0.0047,pass
1790915043.014,-0.0435,-0.1598,0.0680,-0.0814,0.0402,-0.0019,pass
1790915043.110,-0.1375,0.0427,0.0724,-0.0470,0.0918,-0.0043,pass
1790915043.206,-0.0203,-0.1563,0.0685,-0.0677,0.0356,-0.0017,pass
1790915043.302,-0.1906,-0.0568,0.0749,-0.0140,0.1191,-0.0056,pass
1790915043.419,0.0145,-0.1441,0.0745,-0.0492,0.0219,-0.0010,pass
1790915043.510,-0.1009,-0.1510,0.0635,-0.0969,0.0917,-0.0043,pass
1790915043.607,-0.1050,-0.1580,0.0568,-0.1237,0.0733,-0.0034,pass
1790915043.711,-0.1582,-0.0847,0.0550,-0.1317,0.0707,-0.0033,pass
1790915043.814,-0.1495,-0.0481,0.0670,-0.0793,0.0567,-0.0027,pass
1790915043.910,-0.0772,0.0654,0.0742,-0.0382,0.0419,-0.0020,pass
1790915044.006,0.0072,0.1352,0.0698,0.0587,0.0394,-0.0018,pass
1790915044.102,0.0221,0.0479,0.0614,0.0930,0.0466,-0.0022,pass
1790915044.215,0.1219,0.1614,0.0593,0.1046,0.0427,-0.0020,pass
1790915044.310,0.1493,0.1806,0.0622,0.0934,0.0574,-0.0027,pass
1790915044.406,0.1415,0.0532,0.0663,0.0778,0.0586,-0.0027,pass
1790915044.502,0.0485,0.0776,0.0660,0.0803,0.0825,-0.0039,pass
1790915044.614,0.1010,-0.0254,0.0739,0.0081,0.0388,-0.0018,pass
1790915044.710,-0.0402,0.0392,0.0785,0.0100,0.0857,-0.0040,pass
1790915044.808,0.0117,0.0514,0.0792,0.0069,0.0595,-0.0028,pass
1790915044.903,0.0318,0.0514,0.0756,0.0423,0.0631,-0.0030,pass
1790915045.014,0.0376,0.0252,0.0706,0.0630,0.0666,-0.0031,pass
1790915045.110,0.0297,0.0759,0.0661,0.0749,0.0632,-0.0030,pass
1790915045.206,0.0981,0.1387,0.0575,0.1198,0.0439,-0.0021,pass
1790915045.302,0.1736,0.1020,0.0567,0.1108,0.0369,-0.0017,pass
1790915045.398,0.0512,0.1998,0.0437,0.1668,0.0621,-0.0029,pass
1790915045.510,0.1904,0.2294,0.0406,0.1822,0.0263,-0.0012,pass
1790915045.606,0.2224,0.2155,0.0286,0.2422,0.0525,-0.0025,pass
1790915045.702,0.3238,0.1998,0.0318,0.2368,0.0368,-0.0017,pass
1790915045.798,0.2193,0.0933,0.0476,0.1580,0.0389,-0.0018,pass
1790915045.910,0.0723,0.0444,0.0646,0.0871,0.0493,-0.0023,pass
1790915046.006,0.0200,0.0514,0.0686,0.0664,0.0428,-0.0020,pass
1790915046.102,0.0753,0.1352,0.0627,0.0954,0.0332,-0.0016,pass
1790915046.215,0.1040,0.1143,0.0668,0.0749,0.0345,-0.0016,pass
1790915046.310,0.0611,0.0689,0.0718,0.0641,0.0584,-0.0027,pass
1790915046.406,0.0493,-0.0498,0.0769,0.0226,0.0714,-0.0033,pass
1790915046.502,-0.0051,0.0601,0.0754,0.0177,0.0582,-0.0027,pass
1790915046.599,0.0479,-0.0463,0.0660,0.0379,0.0466,-0.0022,pass
1790915046.710,-0.0339,-0.0725,0.0713,-0.0430,0.0578,-0.0027,pass
1790915046.806,-0.0246,0.0113,0.0745,0.0086,0.0685,-0.0032,pass
1790915046.902,0.0311,-0.0132,0.0687,-0.0525,0.0481,-0.0023,pass
1790915046.998,-0.1026,-0.1982,0.0539,-0.1222,0.0883,-0.0041,pass
1790915047.110,-0.1600,-0.1633,0.0484,-0.1493,0.0873,-0.0041,pass
1790915047.206,-0.1570,-0.1458,0.0538,-0.1282,0.0474,-0.0022,pass
1790915047.302,-0.1259,-0.1249,0.0507,-0.1384,0.0284,-0.0013,pass
1790915047.414,-0.1397,-0.1196,0.0465,-0.1541,0.0443,-0.0021,pass
1790915047.510,-0.1526,-0.0498,0.0583,-0.1049,0.0434,-0.0020,pass
1790915047.608,-0.0871,-0.2174,0.0578,-0.1174,0.0378,-0.0018,pass
1790915047.702,-0.2091,-0.0376,0.0625,-0.0967,0.0600,-0.0028,pass
1790915047.798,-0.0130,-0.0847,0.0589,-0.1074,0.0374,-0.0018,pass
1790915047.910,-0.1351,-0.1825,0.0508,-0.1419,0.0573,-0.0027,pass
1790915048.006,-0.1744,-0.1912,0.0415,-0.1876,0.0513,-0.0024,pass
1790915048.102,-0.1439,-0.1510,0.0422,-0.1907,0.0488,-0.0023,pass
1790915048.198,-0.1602,-0.0917,0.0463,-0.1669,0.0308,-0.0014,pass
1790915048.310,-0.1406,-0.1249,0.0481,-0.1614,0.0351,-0.0016,pass
1790915048.407,-0.1806,-0.1179,0.0469,-0.1342,0.0447,-0.0021,pass
1790915048.502,-0.1664,-0.0481,0.0543,-0.1156,0.0441,-0.0021,pass
1790915048.598,-0.0457,-0.0149,0.0415,-0.0214,0.0286,-0.0013,pass
1790915048.710,0.0154,-0.0341,0.0503,0.0399,0.0124,-0.0006,pass
1790915048.808,0.0215,-0.0673,0.0673,-0.0620,0.0164,-0.0008,pass
1790915048.902,-0.0889,-0.0917,0.0590,-0.1023,0.0634,-0.0030,pass
1790915048.998,-0.0953,-0.1563,0.0528,-0.1326,0.0613,-0.0029,pass
1790915049.110,-0.1439,-0.1580,0.0488,-0.1623,0.0547,-0.0026,pass
1790915049.207,-0.1318,-0.1406,0.0464,-0.1711,0.0453,-0.0021,pass
1790915049.302,-0.1127,-0.1179,0.0489,-0.1612,0.0465,-0.0022,pass
1790915049.398,-0.1645,-0.1406,0.0482,-0.1592,0.0425,-0.0020,pass
1790915049.510,-0.1300,-0.1545,0.0505,-0.1529,0.0500,-0.0023,pass
1790915049.606,-0.1315,-0.0865,0.0506,-0.1508,0.0442,-0.0021,pass
1790915049.702,-0.1016,-0.0812,0.0543,-0.1403,0.0490,-0.0023,pass
1790915049.798,-0.0497,-0.0498,0.0614,-0.0979,0.0366,-0.0017,pass
1790915049.910,-0.1059,-0.0306,0.0689,-0.0730,0.0482,-0.0023,pass
1790915050.006,-0.0362,-0.0655,0.0721,-0.0586,0.0558,-0.0026,pass
1790915050.103,-0.0964,-0.0585,0.0736,-0.0483,0.0602,-0.0028,pass
1790915050.198,-0.0051,-0.0533,0.0749,-0.0509,0.0581,-0.0027,pass
1790915050.310,-0.0564,-0.1022,0.0641,-0.0979,0.0529,-0.0025,pass
1790915050.406,-0.0827,-0.1022,0.0579,-0.1228,0.0770,-0.0036,pass
1790915050.502,-0.1557,-0.1004,0.0554,-0.1232,0.0733,-0.0034,pass
1790915050.598,-0.1298,-0.0603,0.0627,-0.0984,0.0654,-0.0031,pass
1790915050.710,-0.0169,0.0322,0.0777,-0.0409,0.0370,-0.0017,pass
1790915050.806,0.0130,0.1474,0.0724,0.0454,0.0538,-0.0025,pass
1790915050.902,0.0036,0.0985,0.0600,0.0975,0.0340,-0.0016,pass
1790915050.998,0.1775,0.1143,0.0550,0.1190,0.0459,-0.0021,pass
1790915051.110,0.1083,0.1596,0.0543,0.1199,0.0705,-0.0033,pass
1790915051.206,0.1144,0.2207,0.0536,0.1314,0.0405,-0.0019,pass
1790915051.302,0.1837,0.2277,0.0511,0.1433,0.0530,-0.0025,pass
1790915051.399,0.2397,0.2766,0.0461,0.1660,0.0593,-0.0028,pass
1790915051.510,0.2597,0.2574,0.0450,0.1696,0.0269,-0.0013,pass
1790915051.606,0.2502,0.2888,0.0451,0.1757,0.0567,-0.0027,pass
1790915051.702,0.2623,0.2102,0.0474,0.1686,0.0521,-0.0024,pass
1790915051.798,0.2442,0.1963,0.0467,0.1683,0.0606,-0.0028,pass
1790915051.910,0.2020,0.2644,0.0463,0.1692,0.0418,-0.0020,pass
1790915052.007,0.2497,0.2766,0.0460,0.1692,0.0423,-0.0020,pass
1790915052.102,0.2969,0.3115,0.0463,0.1706,0.0487,-0.0023,pass
1790915052.198,0.2723,0.3062,0.0427,0.1926,0.0446,-0.0021,pass
1790915052.296,0.2431,0.1998,0.0421,0.1959,0.0497,-0.0023,pass
1790915052.406,0.2892,0.2696,0.0435,0.1825,0.0288,-0.0013,pass
1790915052.502,0.2344,0.2591,0.0417,0.1883,0.0465,-0.0022,pass
1790915052.600,0.2799,0.1177,0.0426,0.1913,0.0394,-0.0018,pass
1790915052.710,0.1564,0.0165,0.0401,0.0971,0.0543,-0.0025,pass
1790915052.807,0.0186,-0.2017,0.0302,-0.0160,0.0281,-0.0013,pass
1790915052.903,-0.1080,-0.2296,0.0198,-0.1397,0.0239,-0.0011,pass
1790915053.001,-0.2752,-0.0812,0.0261,-0.1150,0.0261,-0.0012,pass
1790915053.110,-0.0071,0.1195,0.0459,0.0180,0.0138,-0.0006,pass
1790915053.206,0.0976,0.2085,0.0572,0.1008,0.0103,-0.0005,pass
1790915053.302,0.1861,0.2364,0.0514,0.1427,0.0308,-0.0014,pass
1790915053.398,0.2400,0.2696,0.0473,0.1607,0.0778,-0.0036,pass
1790915053.496,0.2721,0.3027,0.0420,0.1896,0.0630,-0.0029,pass
1790915053.606,0.2801,0.2120,0.0418,0.1887,0.0314,-0.0015,pass
1790915053.702,0.2462,0.1980,0.0417,0.1881,0.0555,-0.0026,pass
1790915053.801,0.2496,0.2068,0.0415,0.1875,0.0438,-0.0020,pass
1790915053.895,0.1995,0.2050,0.0416,0.1876,0.0566,-0.0026,pass
1790915054.006,0.2010,0.2417,0.0418,0.1888,0.0302,-0.0014,pass
1790915054.102,0.2063,0.1876,0.0413,0.1867,0.0431,-0.0020,pass
1790915054.198,0.2218,0.1561,0.0410,0.1850,0.0376,-0.0018,pass
1790915054.294,0.2321,0.2015,0.0417,0.1884,0.0457,-0.0021,pass
1790915054.406,0.1838,0.2609,0.0411,0.1854,0.0339,-0.0016,pass
1790915054.502,0.1510,0.1876,0.0407,0.1880,0.0381,-0.0018,pass
1790915054.598,0.2433,0.2155,0.0416,0.1877,0.0364,-0.0017,pass
1790915054.694,0.2002,0.2260,0.0417,0.1897,0.0395,-0.0018,pass
1790915054.806,0.2325,0.2172,0.0411,0.1943,0.0300,-0.0014,pass
1790915054.902,0.2392,0.2539,0.0404,0.1990,0.0347,-0.0016,pass
1790915054.998,0.2034,0.2434,0.0383,0.2044,0.0349,-0.0016,pass
1790915055.094,0.2738,0.2469,0.0343,0.2220,0.0298,-0.0014,pass
1790915055.206,0.2437,0.2521,0.0315,0.2386,0.0228,-0.0011,pass
1790915055.308,0.2466,0.2870,0.0320,0.2386,0.0275,-0.0013,pass
1790915055.398,0.2661,0.2940,0.0284,0.2514,0.0280,-0.0013,pass
1790915055.494,0.3162,0.2329,0.0267,0.2568,0.0267,-0.0013,pass
1790915055.606,0.2373,0.3062,0.0213,0.2809,0.0235,-0.0011,pass
1790915055.702,0.3173,0.2958,0.0183,0.2988,0.0175,-0.0008,pass
1790915055.798,0.3394,0.5070,0.0111,0.3317,0.0145,-0.0007,pass
1790915055.894,0.4549,0.4336,0.0040,0.3642,0.0165,-0.0008,pass
1790915056.006,0.4322,0.4197,0.0002,0.3781,-0.0017,0.0001,pass
1790915056.102,0.4102,0.4336,-0.0019,0.3824,0.0029,-0.0001,pass
1790915056.199,0.5345,0.4720,-0.0016,0.3775,-0.0189,0.0009,pass
1790915056.295,0.5318,0.4755,-0.0028,0.3766,-0.0117,0.0005,pass
1790915056.406,0.4199,0.4214,-0.0072,0.3594,-0.0087,0.0004,pass
1790915056.502,0.3568,0.3045,-0.0113,0.3452,-0.0168,0.0008,pass
1790915056.598,0.3636,0.2294,-0.0138,0.3255,-0.0150,0.0007,pass
1790915056.694,0.3477,0.1020,-0.0016,0.2544,-0.0149,0.0007,pass
1790915056.806,0.1292,-0.0306,0.0009,0.1327,0.0031,-0.0001,pass
1790915056.910,0.0242,-0.0009,0.0000,0.0000,0.0057,-0.0003,pass
1790915056.998,0.0278,-0.0009,0.0000,0.0000,-0.0041,0.0002,pass
1790915057.094,0.0072,0.0008,0.0000,0.0000,-0.0002,0.0000,pass
1790915057.206,0.0031,-0.0009,0.0000,0.0000,-0.0003,0.0000,pass
1790915057.302,0.0072,0.0008,0.0000,0.0000,-0.0009,0.0000,pass
1790915057.399,0.0051,-0.0009,0.0000,0.0000,-0.0011,0.0001,pass
1790915057.494,0.0081,-0.0009,0.0000,0.0000,-0.0015,0.0001,pass
1790915057.613,0.0000,-0.0009,0.0000,0.0000,-0.0003,0.0000,pass
1790915057.713,0.0000,0.0026,0.0000,0.0000,-0.0009,0.0000,pass
1790915057.920,0.0000,-0.0009,0.0000,0.0000,-0.0001,0.0000,pass
1790915058.004,0.0000,0.0026,0.0000,0.0000,-0.0005,0.0000,pass
1790915058.096,0.0038,-0.0009,0.0000,0.0000,0.0000,-0.0000,pass
1790915058.206,0.0000,-0.0009,0.0000,0.0000,-0.0006,0.0000,pass
1790915058.305,0.0000,0.0026,0.0000,0.0000,-0.0000,0.0000,pass
1790915058.400,0.0036,0.0008,0.0000,0.0000,-0.0001,0.0000,pass
1790915058.500,0.0034,-0.0009,0.0000,0.0000,0.0000,-0.0000,pass
1790915058.604,0.0000,0.0008,0.0000,0.0000,0.0003,-0.0000,pass
1790915058.806,-0.0030,0.0008,0.0000,0.0000,-0.0003,0.0000,pass
1790915058.902,0.0080,0.0008,0.0000,0.0000,-0.0001,0.0000,pass
1790915058.997,0.0000,-0.0009,0.0000,0.0000,-0.0004,0.0000,pass
1790915059.093,-0.0080,0.0008,0.0000,0.0000,0.0004,-0.0000,pass
1790915059.205,0.0031,0.0008,0.0000,0.0000,-0.0004,0.0000,pass
1790915059.300,0.0000,-0.0010,0.0000,0.0000,-0.0004,0.0000,pass
1790915059.396,0.0000,-0.0010,0.0000,0.0000,0.0003,-0.0000,pass
1790915059.496,0.0000,0.0025,0.0000,0.0000,-0.0005,0.0000,pass
1790915059.588,0.0000,0.0008,0.0000,0.0000,-0.0003,0.0000,pass
1790915059.704,-0.0052,0.0043,0.0000,0.0000,-0.0000,0.0000,pass
1790915059.801,0.0000,-0.0027,0.0000,0.0000,-0.0000,0.0000,pass
1790915059.897,0.0000,0.0008,0.0000,0.0000,0.0009,-0.0000,pass
1790915059.993,0.0062,-0.0010,0.0000,0.0000,-0.0004,0.0000,pass
1790915060.089,0.0000,-0.0010,0.0000,0.0000,0.0001,-0.0000,pass
1790915060.201,0.0000,-0.0010,0.0000,0.0000,0.0007,-0.0000,pass
1790915060.297,0.0036,-0.1004,0.0045,-0.0205,-0.0005,0.0000,pass
1790915060.393,-0.0299,-0.2436,0.0219,-0.1088,0.0028,-0.0001,pass
1790915060.489,-0.1597,-0.2226,0.0375,-0.1948,0.0106,-0.0005,pass
1790915060.601,-0.2227,-0.1737,0.0389,-0.2063,0.0147,-0.0007,pass
1790915060.697,-0.1567,-0.2017,0.0423,-0.1910,0.0195,-0.0009,pass
1790915060.793,-0.2015,-0.1929,0.0427,-0.1916,0.0294,-0.0014,pass
1790915060.889,-0.2224,-0.2174,0.0444,-0.1789,0.0287,-0.0013,pass
1790915061.001,-0.2462,-0.2610,0.0447,-0.1754,0.0332,-0.0016,pass
1790915061.097,-0.2341,-0.2523,0.0428,-0.1920,0.0346,-0.0016,pass
1790915061.194,-0.2255,-0.2715,0.0453,-0.1857,0.0372,-0.0017,pass
1790915061.289,-0.2566,-0.2680,0.0473,-0.1757,0.0433,-0.0020,pass
1790915061.401,-0.2811,-0.1807,0.0494,-0.1684,0.0512,-0.0024,pass
1790915061.497,-0.1776,-0.2156,0.0511,-0.1534,0.0426,-0.0020,pass
1790915061.594,-0.2355,-0.2017,0.0505,-0.1540,0.0599,-0.0028,pass
1790915061.689,-0.1577,-0.2575,0.0531,-0.1470,0.0476,-0.0022,pass
1790915061.801,-0.2322,-0.1825,0.0551,-0.1411,0.0494,-0.0023,pass
1790915061.897,-0.1495,-0.0533,0.0597,-0.1120,0.0518,-0.0024,pass
1790915061.998,-0.0363,0.1073,0.0757,-0.0130,0.0371,-0.0017,pass
1790915062.089,-0.0179,0.0706,0.0661,0.0772,0.0425,-0.0020,pass
1790915062.201,0.1242,0.1544,0.0564,0.1215,0.0250,-0.0012,pass
1790915062.297,0.1591,0.1020,0.0581,0.1099,0.0477,-0.0022,pass
1790915062.393,0.1955,-0.0620,0.0694,0.0286,0.0556,-0.0026,pass
1790915062.489,-0.1091,-0.1947,0.0662,-0.0767,0.0423,-0.0020,pass
1790915062.601,-0.0769,-0.0812,0.0600,-0.1118,0.0400,-0.0019,pass
1790915062.697,-0.1636,0.0182,0.0713,-0.0450,0.0777,-0.0036,pass
1790915062.793,0.0367,0.0619,0.0730,0.0079,0.0383,-0.0018,pass
1790915062.889,-0.0231,-0.0167,0.0727,0.0488,0.0450,-0.0021,pass
1790915063.001,0.0915,0.0898,0.0718,0.0544,0.0486,-0.0023,pass
1790915063.097,-0.0445,0.0392,0.0679,0.0675,0.0629,-0.0029,pass
1790915063.193,0.0771,0.1003,0.0643,0.0807,0.0633,-0.0030,pass
1790915063.289,0.1007,0.1003,0.0665,0.0752,0.0729,-0.0034,pass
1790915063.388,0.0596,0.0881,0.0687,0.0697,0.0754,-0.0035,pass
1790915063.497,-0.0123,0.0305,0.0729,0.0497,0.0398,-0.0019,pass
1790915063.593,0.0487,0.0462,0.0722,0.0484,0.0578,-0.0027,pass
1790915063.689,0.0735,-0.0132,0.0699,0.0584,0.0608,-0.0028,pass
1790915063.801,0.0524,0.0811,0.0718,0.0598,0.0642,-0.0030,pass
1790915063.897,0.0408,0.0497,0.0710,0.0631,0.0687,-0.0032,pass
1790915063.994,-0.0132,0.0497,0.0716,0.0547,0.0584,-0.0027,pass
1790915064.089,0.0586,-0.0010,0.0756,-0.0103,0.0760,-0.0036,pass
1790915064.201,0.0166,0.0095,0.0750,-0.0304,0.0538,-0.0025,pass
1790915064.297,-0.0611,-0.0498,0.0769,-0.0182,0.0701,-0.0033,pass
1790915064.394,-0.0191,-0.0114,0.0785,-0.0052,0.0589,-0.0028,pass
1790915064.489,0.0342,0.0723,0.0746,0.0241,0.0706,-0.0033,pass
1790915064.586,0.0242,0.0497,0.0746,0.0375,0.0632,-0.0030,pass
1790915064.697,0.0339,-0.0673,0.0768,0.0147,0.0583,-0.0027,pass
1790915064.793,-0.0051,-0.0638,0.0719,-0.0471,0.0721,-0.0034,pass
1790915064.889,-0.0736,0.0078,0.0697,-0.0281,0.0773,-0.0036,pass
1790915065.001,-0.0288,0.0113,0.0712,0.0009,0.0496,-0.0023,pass
1790915065.097,0.0331,0.0462,0.0692,0.0643,0.0479,-0.0022,pass
1790915065.193,0.0629,0.0078,0.0755,0.0332,0.0676,-0.0032,pass
1790915065.385,0.0581,0.0043,0.0785,0.0189,0.0766,-0.0036,pass
1790915065.497,-0.0447,-0.0184,0.0754,-0.0285,0.0576,-0.0027,pass
1790915065.593,-0.0627,-0.0236,0.0783,0.0073,0.0697,-0.0033,pass
1790915065.785,0.0537,0.0706,0.0745,0.0334,0.0747,-0.0035,pass
1790915065.897,0.0518,0.0566,0.0608,0.0560,0.0646,-0.0030,pass
1790915065.993,0.0514,0.0566,0.0616,0.0441,0.0709,-0.0033,pass
1790915066.185,0.0497,0.0549,0.0595,0.0374,0.0539,-0.0025,pass
1790915066.297,0.0824,0.0671,0.0579,0.0960,0.0540,-0.0025,pass
1790915066.398,0.1519,0.1666,0.0538,0.1189,0.0660,-0.0031,pass
1790915066.489,0.1710,0.0985,0.0551,0.1322,0.0701,-0.0033,pass
1790915066.586,0.2259,0.1299,0.0670,0.0822,0.0623,-0.0029,pass
1790915066.697,0.0387,-0.0132,0.0731,0.0482,0.0546,-0.0026,pass
1790915066.793,0.0051,0.0706,0.0756,0.0436,0.0491,-0.0023,pass
1790915066.889,0.1315,0.1265,0.0638,0.0939,0.0581,-0.0027,pass
1790915066.985,0.1242,0.1980,0.0582,0.1225,0.0767,-0.0036,pass
1790915067.097,0.1790,0.1317,0.0578,0.1204,0.0643,-0.0030,pass
1790915067.193,0.1117,0.0462,0.0635,0.0908,0.0690,-0.0032,pass
1790915067.289,0.0410,-0.0376,0.0670,0.0634,0.0603,-0.0028,pass
1790915067.387,0.0738,0.0217,0.0714,-0.0255,0.0485,-0.0023,pass
1790915067.497,-0.0613,-0.1388,0.0677,-0.0374,0.0404,-0.0019,pass
1790915067.593,-0.0416,0.0130,0.0635,-0.0278,0.0541,-0.0025,pass
1790915067.689,0.0036,-0.0271,0.0581,-0.0095,0.0563,-0.0026,pass
1790915067.786,-0.0802,-0.0394,0.0548,-0.0112,0.0529,-0.0025,pass
1790915067.897,0.0312,0.0130,0.0551,-0.0124,0.0248,-0.0012,pass
1790915067.993,-0.0648,0.0008,0.0386,-0.0003,0.0817,-0.0038,pass
1790915068.089,0.0207,-0.0062,0.0130,0.0005,0.0253,-0.0012,pass
1790915068.284,-0.0180,-0.0865,0.0067,-0.0382,0.0215,-0.0010,pass
1790915068.393,-0.1670,-0.2436,0.0375,-0.1941,0.0505,-0.0024,pass
1790915068.585,-0.2290,-0.0795,0.0496,-0.1591,0.0479,-0.0022,pass
1790915068.697,-0.0134,0.0427,0.0677,0.0274,0.0256,-0.0012,pass
1790915068.794,0.0253,0.0950,0.0617,0.0725,0.0269,-0.0013,pass
1790915068.985,0.1087,0.0584,0.0567,0.1139,0.0573,-0.0027,pass
1790915069.097,0.0511,0.1265,0.0570,0.1111,0.0558,-0.0026,pass
1790915069.193,0.0902,0.0828,0.0550,0.1232,0.0547,-0.0026,pass
1790915069.289,0.1550,0.1387,0.0563,0.1194,0.0678,-0.0032,pass
1790915069.481,0.1065,0.1736,0.0562,0.1200,0.0647,-0.0030,pass
1790915069.594,0.0845,0.0846,0.0521,0.1371,0.0510,-0.0024,pass
1790915069.689,0.1477,0.0881,0.0548,0.1232,0.0565,-0.0026,pass
1790915069.881,0.1022,0.1404,0.0592,0.1109,0.0605,-0.0028,pass
1790915069.993,0.0992,0.0601,0.0513,0.1410,0.0481,-0.0023,pass
1790915070.089,0.1035,0.1090,0.0544,0.1251,0.0617,-0.0029,pass
1790915070.281,0.1289,0.1125,0.0571,0.1232,0.0571,-0.0027,pass
1790915070.393,0.1021,0.0479,0.0599,0.1067,0.0528,-0.0025,pass
1790915070.489,0.0798,-0.0725,0.0756,0.0033,0.0733,-0.0034,pass
1790915070.681,0.0239,-0.0376,0.0785,-0.0059,0.0509,-0.0024,pass
1790915070.793,0.0354,0.0549,0.0676,0.0724,0.0673,-0.0032,pass
1790915070.889,0.0672,-0.0149,0.0697,0.0388,0.0708,-0.0033,pass
1790915070.986,0.0409,-0.0481,0.0710,-0.0344,0.0710,-0.0033,pass
1790915071.081,-0.0267,-0.0935,0.0660,-0.0429,0.0783,-0.0037,pass
1790915071.193,-0.0397,-0.0987,0.0626,-0.0588,0.0626,-0.0029,pass
1790915071.289,-0.0442,-0.1807,0.0604,-0.0964,0.0637,-0.0030,pass
1790915071.481,-0.1562,-0.0830,0.0602,-0.1031,0.0714,-0.0033,pass
1790915071.593,-0.1030,-0.0917,0.0650,-0.0864,0.0614,-0.0029,pass
1790915071.786,-0.0785,0.0270,0.0679,-0.0421,0.0536,-0.0025,pass
1790915071.881,-0.0749,-0.0533,0.0588,-0.0188,0.0469,-0.0022,pass
1790915071.993,-0.0372,-0.0830,0.0477,-0.0503,0.0498,-0.0023,pass
1790915072.089,-0.1006,-0.1423,0.0523,-0.1093,0.0647,-0.0030,pass
1790915072.281,-0.0697,-0.0394,0.0513,-0.0341,0.0421,-0.0020,pass
1790915072.393,-0.1298,0.0113,0.0576,0.0026,0.0544,-0.0025,pass
1790915072.489,0.0692,0.1282,0.0541,0.0520,0.0179,-0.0008,pass
1790915072.681,0.0558,0.0776,0.0575,0.0652,0.0581,-0.0027,pass
1790915072.793,-0.0281,-0.1196,0.0682,-0.0636,0.0642,-0.0030,pass
1790915072.985,-0.0850,-0.1371,0.0664,-0.0764,0.0673,-0.0032,pass
1790915073.081,-0.0323,0.0078,0.0757,-0.0393,0.0614,-0.0029,pass
1790915073.193,-0.0233,0.0758,0.0598,0.0112,0.0522,-0.0024,pass
1790915073.289,0.0214,0.1369,0.0667,0.0701,0.0343,-0.0016,pass
1790915073.482,0.0622,0.0741,0.0687,0.0661,0.0730,-0.0034,pass
1790915073.593,0.0949,0.0863,0.0572,0.1138,0.0592,-0.0028,pass
1790915073.689,0.1075,0.0671,0.0621,0.0945,0.0585,-0.0027,pass
1790915073.880,0.0708,0.1299,0.0643,0.0890,0.0633,-0.0030,pass
1790915073.993,0.0890,0.0950,0.0533,0.1274,0.0530,-0.0025,pass
1790915074.088,0.1398,0.1003,0.0569,0.1115,0.0562,-0.0026,pass
1790915074.281,0.0924,0.0741,0.0609,0.1031,0.0628,-0.0029,pass
1790915074.395,0.0344,0.0863,0.0483,0.0733,0.0424,-0.0020,pass
1790915074.489,0.0926,0.0793,0.0594,0.0779,0.0481,-0.0023,pass
1790915074.685,0.0699,0.1195,0.0546,0.0817,0.0597,-0.0028,pass
1790915074.779,0.1165,0.1404,0.0566,0.1160,0.0472,-0.0022,pass
1790915074.985,0.0728,0.0584,0.0625,0.0528,0.0597,-0.0028,pass
1790915075.080,0.0135,0.0479,0.0596,0.0091,0.0615,-0.0029,pass
1790915075.193,0.0643,0.0619,0.0586,0.0448,0.0405,-0.0019,pass
1790915075.385,0.0334,0.0828,0.0542,0.0293,0.0640,-0.0030,pass
1790915075.481,0.1371,0.1073,0.0613,0.0837,0.0437,-0.0020,pass
1790915075.577,0.0591,0.0200,0.0596,0.0813,0.0752,-0.0035,pass
1790915075.689,0.0427,0.0968,0.0627,0.0871,0.0486,-0.0023,pass
1790915075.881,0.1122,0.1055,0.0563,0.0995,0.0611,-0.0029,pass
1790915075.977,0.1720,0.0881,0.0573,0.1059,0.0635,-0.0030,pass
1790915076.185,0.0327,0.0723,0.0603,0.0173,0.0493,-0.0023,pass
1790915076.280,0.0326,0.0305,0.0738,0.0300,0.0517,-0.0024,pass
1790915076.377,0.0575,0.0357,0.0640,0.0419,0.0701,-0.0033,pass
1790915076.489,0.0031,0.1265,0.0642,0.0843,0.0499,-0.0023,pass
1790915076.681,0.0820,0.0235,0.0628,0.0589,0.0725,-0.0034,pass
1790915076.777,-0.0094,-0.0760,0.0662,-0.0564,0.0540,-0.0025,pass
1790915076.889,-0.0782,0.0322,0.0777,0.0085,0.0863,-0.0040,pass
1790915077.081,0.0337,0.0549,0.0694,0.0634,0.0503,-0.0024,pass
1790915077.177,0.0774,0.0968,0.0613,0.0996,0.0623,-0.0029,pass
1790915077.386,0.0410,0.0811,0.0713,0.0679,0.0628,-0.0029,pass
1790915077.481,0.0167,-0.0586,0.0771,0.0134,0.0615,-0.0029,pass
1790915077.581,0.0000,-0.0097,0.0768,-0.0203,0.0666,-0.0031,pass
1790915077.690,0.0135,0.0374,0.0756,-0.0174,0.0652,-0.0031,pass
1790915077.881,-0.0060,0.0235,0.0757,0.0301,0.0814,-0.0038,pass
1790915077.977,0.0729,0.0497,0.0699,0.0612,0.0583,-0.0027,pass
1790915078.185,0.0248,0.0113,0.0652,0.0395,0.0565,-0.0026,pass
1790915078.281,-0.0197,-0.0289,0.0670,-0.0404,0.0662,-0.0031,pass
1790915078.377,-0.0036,-0.0097,0.0719,0.0029,0.0518,-0.0024,pass
1790915078.473,-0.0154,-0.0935,0.0734,-0.0365,0.0517,-0.0024,pass
1790915078.585,-0.0405,-0.0324,0.0719,-0.0478,0.0534,-0.0025,pass
1790915078.681,-0.0896,-0.0271,0.0698,-0.0478,0.0639,-0.0030,pass
1790915078.777,-0.0402,-0.0411,0.0713,-0.0455,0.0575,-0.0027,pass
1790915078.873,0.0600,-0.0324,0.0765,0.0199,0.0504,-0.0024,pass
1790915078.986,-0.0841,0.0095,0.0764,-0.0278,0.0776,-0.0036,pass
1790915079.081,-0.0216,-0.0271,0.0656,-0.0751,0.0775,-0.0036,pass
1790915079.182,-0.0848,-0.1074,0.0696,-0.0641,0.0689,-0.0032,pass
1790915079.290,-0.0485,-0.1004,0.0623,-0.0986,0.0474,-0.0022,pass
1790915079.387,-0.0645,-0.1074,0.0608,-0.1006,0.0700,-0.0033,pass
1790915079.577,-0.1161,-0.1022,0.0602,-0.1010,0.0711,-0.0033,pass
1790915079.673,-0.0670,-0.0743,0.0621,-0.0822,0.0534,-0.0025,pass
1790915079.880,-0.0311,0.0322,0.0773,-0.0077,0.0605,-0.0028,pass
1790915079.977,0.0751,0.1893,0.0630,0.0856,0.0502,-0.0023,pass
1790915080.073,0.0582,0.0968,0.0705,0.0609,0.0658,-0.0031,pass
1790915080.185,0.0393,0.0514,0.0669,0.0770,0.0525,-0.0025,pass
1790915080.281,0.0793,0.0427,0.0686,0.0627,0.0615,-0.0029,pass
1790915080.377,0.0270,0.0601,0.0743,0.0417,0.0581,-0.0027,pass
1790915080.473,-0.0081,0.0427,0.0793,-0.0003,0.0628,-0.0029,pass
1790915080.682,0.0603,0.1212,0.0689,0.0704,0.0674,-0.0032,pass
1790915080.777,0.1423,0.0915,0.0660,0.0768,0.0531,-0.0025,pass
1790915080.873,0.0463,0.0287,0.0648,0.0813,0.0617,-0.0029,pass
1790915081.081,0.0601,0.1666,0.0703,0.0660,0.0592,-0.0028,pass
1790915081.177,0.0113,-0.0079,0.0787,0.0280,0.0675,-0.0032,pass
1790915081.273,0.1162,-0.0603,0.0808,0.0203,0.0554,-0.0026,pass
1790915081.385,-0.0031,0.0462,0.0807,0.0088,0.0455,-0.0021,pass
1790915081.482,-0.0050,0.0514,0.0798,0.0078,0.0551,-0.0026,pass
1790915081.577,-0.0158,0.0531,0.0774,0.0275,0.0456,-0.0021,pass
1790915081.673,0.0062,0.1142,0.0770,0.0391,0.0524,-0.0025,pass
1790915081.785,0.0755,0.1055,0.0688,0.0665,0.0395,-0.0018,pass
1790915081.978,0.0999,0.1073,0.0610,0.1007,0.0679,-0.0032,pass
1790915082.072,0.0548,0.0950,0.0567,0.1197,0.0687,-0.0032,pass
1790915082.281,0.1251,0.0741,0.0604,0.1079,0.0431,-0.0020,pass
1790915082.378,0.0499,0.0287,0.0634,0.0923,0.0485,-0.0023,pass
1790915082.473,0.0363,0.0165,0.0741,0.0437,0.0444,-0.0021,pass
1790915082.681,0.0400,0.0235,0.0727,0.0560,0.0686,-0.0032,pass
1790915082.777,0.0815,0.0863,0.0682,0.0766,0.0506,-0.0024,pass
1790915082.874,0.1036,-0.0271,0.0661,0.0798,0.0548,-0.0026,pass
1790915083.082,0.1014,0.2015,0.0615,0.1036,0.0592,-0.0028,pass
1790915083.176,0.1145,0.1107,0.0564,0.1285,0.0551,-0.0026,pass
1790915083.273,0.0862,0.1439,0.0582,0.1193,0.0541,-0.0025,pass
1790915083.370,0.1745,0.0881,0.0621,0.1037,0.0329,-0.0015,pass
1790915083.481,0.0293,0.0043,0.0655,0.0855,0.0625,-0.0029,pass
1790915083.578,0.0810,0.0950,0.0647,0.0854,0.0393,-0.0018,pass
1790915083.672,0.0565,0.1003,0.0634,0.0936,0.0655,-0.0031,pass
1790915083.785,0.0715,0.0793,0.0633,0.0958,0.0374,-0.0018,pass
1790915083.881,0.1106,0.0811,0.0607,0.1053,0.0433,-0.0020,pass
1790915083.977,0.0436,-0.0586,0.0659,0.0816,0.0641,-0.0030,pass
1790915084.073,0.0538,0.0113,0.0780,0.0273,0.0340,-0.0016,pass
1790915084.185,0.0233,0.1160,0.0704,0.0678,0.0497,-0.0023,pass
1790915084.281,0.0817,0.1369,0.0628,0.0989,0.0627,-0.0029,pass
1790915084.377,0.0838,0.0531,0.0565,0.1288,0.0619,-0.0029,pass
1790915084.472,0.0882,0.0968,0.0564,0.1229,0.0415,-0.0019,pass
1790915084.569,0.0879,0.0793,0.0564,0.1240,0.0423,-0.0020,pass
1790915084.681,0.1175,0.1963,0.0558,0.1319,0.0244,-0.0011,pass
1790915084.777,0.1174,0.1142,0.0517,0.1506,0.0490,-0.0023,pass
1790915084.873,0.0956,0.1055,0.0541,0.1390,0.0621,-0.0029,pass
1790915084.969,0.1103,0.0671,0.0571,0.1241,0.0407,-0.0019,pass
1790915085.081,0.0586,-0.0324,0.0644,0.0882,0.0389,-0.0018,pass
1790915085.176,0.0514,0.1404,0.0669,0.0779,0.0506,-0.0024,pass
1790915085.274,0.0701,0.1142,0.0636,0.0959,0.0498,-0.0023,pass
1790915085.384,0.0395,0.1003,0.0667,0.0856,0.0517,-0.0024,pass
1790915085.481,0.0775,0.0828,0.0642,0.0895,0.0462,-0.0022,pass
1790915085.577,0.1228,0.1212,0.0564,0.1259,0.0491,-0.0023,pass
1790915085.674,0.1243,0.1456,0.0517,0.1479,0.0578,-0.0027,pass
1790915085.769,0.1071,0.0689,0.0485,0.1636,0.0543,-0.0025,pass
1790915085.882,0.0702,0.0427,0.0541,0.1377,0.0352,-0.0016,pass
1790915085.978,0.0148,0.0165,0.0694,0.0732,0.0456,-0.0021,pass
1790915086.073,0.0743,0.0409,0.0671,0.0833,0.0398,-0.0019,pass
1790915086.169,0.0529,-0.0062,0.0732,0.0528,0.0562,-0.0026,pass
1790915086.281,0.0349,0.0444,0.0787,0.0279,0.0507,-0.0024,pass
1790915086.377,-0.0157,0.0915,0.0798,0.0212,0.0677,-0.0032,pass
1790915086.473,0.0225,0.0357,0.0738,0.0572,0.0645,-0.0030,pass
1790915086.570,0.0716,0.0549,0.0716,0.0625,0.0439,-0.0021,pass
1790915086.682,0.0654,0.0374,0.0653,0.0829,0.0511,-0.0024,pass
1790915086.778,0.0642,0.0479,0.0667,0.0784,0.0734,-0.0034,pass
1790915086.874,0.0119,-0.0079,0.0730,0.0415,0.0899,-0.0042,pass
1790915086.969,0.0096,-0.0725,0.0734,-0.0254,0.0595,-0.0028,pass
1790915087.081,0.0138,0.0008,0.0752,0.0372,0.0376,-0.0018,pass
1790915087.177,0.0095,-0.0236,0.0754,0.0401,0.0627,-0.0029,pass
1790915087.272,0.0630,0.0793,0.0764,0.0436,0.0765,-0.0036,pass
1790915087.369,0.0343,0.1142,0.0677,0.0822,0.0897,-0.0042,pass
1790915087.480,0.0607,0.1125,0.0696,0.0710,0.0428,-0.0020,pass
1790915087.577,0.0567,0.0357,0.0671,0.0839,0.1022,-0.0048,pass
1790915087.672,0.1023,0.0374,0.0697,0.0646,0.0370,-0.0017,pass
1790915087.771,0.0892,0.0933,0.0588,0.1167,0.0729,-0.0034,pass
1790915087.881,0.0630,0.1003,0.0573,0.1215,0.0614,-0.0029,pass
1790915087.978,0.1114,0.2015,0.0580,0.1207,0.0309,-0.0014,pass
1790915088.073,0.1452,0.1317,0.0538,0.1395,0.0613,-0.0029,pass
1790915088.170,0.1447,0.0305,0.0571,0.1208,0.0723,-0.0034,pass
1790915088.281,0.1260,0.1945,0.0626,0.0965,0.0370,-0.0017,pass
1790915088.377,0.1258,0.0462,0.0603,0.1138,0.0655,-0.0031,pass
1790915088.472,0.0789,0.1509,0.0701,0.0752,0.1091,-0.0051,pass
1790915088.574,0.0407,0.0374,0.0702,0.0723,0.0582,-0.0027,pass
1790915088.680,0.1209,0.0863,0.0688,0.0726,0.0368,-0.0017,pass
1790915088.777,0.0686,-0.0254,0.0736,0.0501,0.0981,-0.0046,pass
1790915088.873,0.1191,0.0758,0.0747,0.0520,0.0334,-0.0016,pass
1790915088.969,0.0180,0.0270,0.0760,0.0196,0.1250,-0.0058,pass
1790915089.066,0.0000,-0.1004,0.0724,-0.0360,0.0434,-0.0020,pass
1790915089.179,-0.0551,-0.0516,0.0713,-0.0422,0.0836,-0.0039,pass
1790915089.273,-0.0576,-0.0795,0.0734,-0.0453,0.0870,-0.0041,pass
1790915089.368,-0.0406,-0.0690,0.0719,-0.0495,0.0460,-0.0022,pass
1790915089.465,-0.1112,-0.0254,0.0698,-0.0447,0.1026,-0.0048,pass
1790915089.577,-0.0365,-0.0987,0.0743,-0.0252,0.0396,-0.0019,pass
1790915089.672,-0.0240,-0.0882,0.0770,-0.0285,0.0554,-0.0026,pass
1790915089.769,-0.0708,-0.0428,0.0736,-0.0465,0.1055,-0.0049,pass
1790915089.865,-0.0318,-0.0027,0.0748,-0.0331,0.0499,-0.0023,pass
1790915089.976,-0.0135,-0.0271,0.0785,-0.0155,0.0414,-0.0019,pass
1790915090.072,-0.0784,-0.0097,0.0748,-0.0390,0.1322,-0.0062,pass
1790915090.169,-0.0080,-0.1004,0.0771,-0.0372,0.0321,-0.0015,pass
1790915090.266,-0.0477,-0.0376,0.0771,-0.0357,0.0907,-0.0042,pass
1790915090.377,-0.0536,0.0043,0.0747,-0.0428,0.0955,-0.0045,pass
1790915090.472,-0.0379,-0.0620,0.0717,-0.0510,0.0388,-0.0018,pass
1790915090.569,-0.0515,-0.0167,0.0735,-0.0420,0.0986,-0.0046,pass
1790915090.667,-0.0220,-0.1214,0.0753,-0.0474,0.0399,-0.0019,pass
1790915090.778,-0.0313,-0.0411,0.0720,-0.0547,0.0682,-0.0032,pass
1790915090.873,-0.0698,0.0165,0.0738,-0.0431,0.1073,-0.0050,pass
1790915090.969,-0.0456,-0.0603,0.0751,-0.0340,0.0581,-0.0027,pass
1790915091.066,-0.0275,-0.0638,0.0736,-0.0446,0.0859,-0.0040,pass
1790915091.176,-0.0705,-0.0900,0.0749,-0.0384,0.0677,-0.0032,pass
1790915091.273,-0.0221,-0.0830,0.0766,-0.0438,0.0512,-0.0024,pass
1790915091.372,-0.0808,0.0235,0.0750,-0.0413,0.1111,-0.0052,pass
1790915091.469,-0.0263,-0.0359,0.0754,-0.0321,0.0358,-0.0017,pass
1790915091.577,-0.0119,-0.0376,0.0789,-0.0227,0.0436,-0.0020,pass
1790915091.674,-0.0570,-0.0568,0.0767,-0.0415,0.1056,-0.0049,pass
1790915091.769,-0.0470,-0.0987,0.0738,-0.0516,0.0862,-0.0040,pass
1790915091.865,-0.0830,-0.0027,0.0737,-0.0476,0.0993,-0.0046,pass
1790915091.978,-0.0337,-0.0097,0.0784,-0.0318,0.0495,-0.0023,pass
1790915092.077,-0.0563,-0.0638,0.0755,-0.0365,0.0664,-0.0031,pass
1790915092.169,-0.0135,-0.0533,0.0771,-0.0277,0.0415,-0.0019,pass
1790915092.265,-0.0558,-0.0359,0.0775,-0.0377,0.0805,-0.0038,pass
1790915092.361,-0.0237,-0.0167,0.0737,-0.0513,0.0793,-0.0037,pass
1790915092.472,-0.0318,-0.0097,0.0731,-0.0426,0.0452,-0.0021,pass
1790915092.571,-0.0856,-0.0638,0.0761,-0.0352,0.0959,-0.0045,pass
1790915092.665,-0.0189,-0.0812,0.0743,-0.0450,0.0549,-0.0026,pass
1790915092.777,-0.0272,0.0008,0.0767,-0.0333,0.0562,-0.0026,pass
1790915092.874,-0.0339,-0.0708,0.0794,-0.0305,0.0720,-0.0034,pass
1790915092.968,-0.0228,-0.0428,0.0753,-0.0431,0.0657,-0.0031,pass
1790915093.067,-0.0714,0.0497,0.0760,-0.0293,0.1069,-0.0050,pass
1790915093.177,-0.0369,-0.0463,0.0803,-0.0188,0.0572,-0.0027,pass
1790915093.273,-0.0242,-0.0952,0.0785,-0.0381,0.0573,-0.0027,pass
1790915093.370,-0.0608,-0.0865,0.0769,-0.0416,0.1008,-0.0047,pass
1790915093.465,-0.0399,0.0235,0.0800,-0.0184,0.0751,-0.0035,pass
1790915093.560,-0.0148,-0.0690,0.0793,-0.0312,0.0436,-0.0020,pass
1790915093.673,-0.0248,-0.0010,0.0787,-0.0198,0.0693,-0.0032,pass
1790915093.778,-0.0286,0.0043,0.0803,-0.0198,0.0593,-0.0028,pass
1790915093.865,0.0000,-0.0900,0.0802,-0.0277,0.0810,-0.0038,pass
1790915093.977,-0.0297,-0.0236,0.0788,-0.0253,0.0741,-0.0035,pass
1790915094.073,-0.0168,-0.0184,0.0790,-0.0193,0.0627,-0.0029,pass
1790915094.168,-0.0409,-0.0184,0.0769,-0.0287,0.0875,-0.0041,pass
1790915094.264,-0.0360,-0.0463,0.0770,-0.0314,0.0622,-0.0029,pass
1790915094.361,-0.0299,-0.0481,0.0791,-0.0289,0.0803,-0.0038,pass
1790915094.473,-0.0229,-0.0481,0.0783,-0.0315,0.0748,-0.0035,pass
1790915094.569,-0.0440,0.0147,0.0786,-0.0262,0.0750,-0.0035,pass
1790915094.666,-0.0324,-0.0428,0.0784,-0.0170,0.0827,-0.0039,pass
1790915094.760,0.0000,-0.0167,0.0783,-0.0234,0.0548,-0.0026,pass
1790915094.872,-0.0455,-0.0498,0.0795,-0.0316,0.0830,-0.0039,pass
1790915094.969,-0.0183,-0.0306,0.0788,-0.0281,0.0544,-0.0025,pass
1790915095.068,-0.0771,-0.0184,0.0786,-0.0271,0.1154,-0.0054,pass
1790915095.160,-0.0304,-0.0359,0.0775,-0.0335,0.0773,-0.0036,pass
1790915095.276,-0.0391,-0.0359,0.0755,-0.0343,0.0504,-0.0024,pass
1790915095.374,-0.0277,-0.0673,0.0772,-0.0274,0.0761,-0.0036,pass
1790915095.464,-0.0232,-0.0847,0.0768,-0.0399,0.0812,-0.0038,pass
1790915095.560,-0.0230,0.0165,0.0779,-0.0202,0.0561,-0.0026,pass
1790915095.673,-0.0358,0.0427,0.0799,-0.0159,0.0732,-0.0034,pass
1790915095.769,-0.0330,-0.0516,0.0790,-0.0232,0.0680,-0.0032,pass
1790915095.865,-0.0139,-0.0306,0.0794,-0.0278,0.0678,-0.0032,pass
1790915095.960,-0.0247,-0.0446,0.0761,-0.0434,0.0661,-0.0031,pass
1790915096.079,-0.0438,-0.0167,0.0741,-0.0484,0.0917,-0.0043,pass
1790915096.168,-0.0766,-0.0097,0.0757,-0.0435,0.0728,-0.0034,pass
1790915096.265,-0.0577,-0.0167,0.0726,-0.0444,0.0654,-0.0031,pass
1790915096.361,-0.0350,-0.1039,0.0742,-0.0482,0.0741,-0.0035,pass
1790915096.473,-0.0641,-0.0516,0.0746,-0.0504,0.0620,-0.0029,pass
1790915096.568,-0.0710,-0.0795,0.0717,-0.0612,0.1046,-0.0049,pass
1790915096.665,-0.0619,-0.0132,0.0716,-0.0570,0.0655,-0.0031,pass
1790915096.761,-0.0486,-0.0114,0.0728,-0.0463,0.0555,-0.0026,pass
1790915096.872,-0.0462,-0.1057,0.0708,-0.0551,0.0523,-0.0024,pass
1790915096.969,-0.0264,-0.0743,0.0716,-0.0547,0.0487,-0.0023,pass
1790915097.065,-0.0979,-0.0970,0.0738,-0.0550,0.0967,-0.0045,pass
1790915097.160,-0.0525,-0.0516,0.0726,-0.0551,0.0516,-0.0024,pass
1790915097.258,-0.0739,0.0113,0.0716,-0.0566,0.0735,-0.0034,pass
1790915097.368,-0.0525,-0.0778,0.0733,-0.0502,0.0553,-0.0026,pass
1790915097.464,-0.0200,-0.0655,0.0739,-0.0463,0.0532,-0.0025,pass
1790915097.562,-0.0789,-0.1074,0.0732,-0.0606,0.0947,-0.0044,pass
1790915097.672,-0.0313,-0.0202,0.0737,-0.0562,0.0490,-0.0023,pass
1790915097.768,-0.1035,0.0689,0.0758,-0.0437,0.0953,-0.0045,pass
1790915097.864,-0.0326,-0.0341,0.0758,-0.0401,0.0533,-0.0025,pass
1790915097.962,-0.0224,-0.0795,0.0744,-0.0481,0.0465,-0.0022,pass
1790915098.056,-0.0513,-0.0708,0.0747,-0.0485,0.0948,-0.0044,pass
1790915098.170,-0.0339,-0.0341,0.0766,-0.0417,0.0447,-0.0021,pass
1790915098.266,-0.0992,-0.0149,0.0765,-0.0378,0.0896,-0.0042,pass
1790915098.361,-0.0206,-0.0010,0.0792,-0.0206,0.0529,-0.0025,pass
1790915098.457,-0.0190,-0.0586,0.0784,-0.0252,0.0338,-0.0016,pass
1790915098.571,-0.0612,-0.0533,0.0757,-0.0400,0.0847,-0.0040,pass
1790915098.665,-0.0341,-0.0359,0.0775,-0.0330,0.0800,-0.0037,pass
1790915098.761,-0.0480,-0.0533,0.0783,-0.0324,0.0538,-0.0025,pass
1790915098.857,-0.0705,-0.0010,0.0756,-0.0434,0.0893,-0.0042,pass
1790915098.969,-0.0473,-0.0236,0.0769,-0.0385,0.0549,-0.0026,pass
1790915099.069,-0.0311,-0.1388,0.0763,-0.0434,0.0490,-0.0023,pass
1790915099.160,-0.1151,-0.1196,0.0725,-0.0641,0.1151,-0.0054,pass
1790915099.257,-0.0723,-0.0568,0.0742,-0.0554,0.0794,-0.0037,pass
1790915099.370,-0.0691,-0.0044,0.0752,-0.0439,0.0562,-0.0026,pass
1790915099.464,-0.0834,-0.0062,0.0737,-0.0451,0.0787,-0.0037,pass
1790915099.561,-0.0573,-0.1458,0.0728,-0.0543,0.0651,-0.0030,pass
1790915099.658,-0.0437,-0.0568,0.0736,-0.0526,0.0701,-0.0033,pass
1790915099.769,-0.0660,-0.1249,0.0734,-0.0489,0.0656,-0.0031,pass
1790915099.864,-0.1329,0.0113,0.0733,-0.0456,0.1029,-0.0048,pass
1790915099.961,0.0036,0.0409,0.0787,0.0062,0.0406,-0.0019,pass
1790915100.056,0.0307,0.0235,0.0795,0.0211,0.0060,-0.0003,pass
1790915100.168,0.0291,-0.1144,0.0810,-0.0003,0.0532,-0.0025,pass
1790915100.264,-0.0496,-0.0184,0.0803,-0.0105,0.0998,-0.0047,pass
1790915100.361,-0.0226,0.0846,0.0802,-0.0050,0.0798,-0.0037,pass
1790915100.457,-0.0051,-0.0551,0.0802,-0.0084,0.0635,-0.0030,pass
1790915100.568,0.0223,-0.1127,0.0813,-0.0180,0.0475,-0.0022,pass
1790915100.664,-0.0512,-0.0708,0.0786,-0.0308,0.0792,-0.0037,pass
1790915100.762,-0.0842,0.0531,0.0790,-0.0184,0.1197,-0.0056,pass
1790915100.857,0.0272,0.0497,0.0793,0.0009,0.0324,-0.0015,pass
1790915100.968,0.0592,0.0305,0.0733,0.0435,-0.0031,0.0001,pass
1790915101.065,0.0190,0.0689,0.0669,0.0675,0.0647,-0.0030,pass
1790915101.161,0.0577,0.0305,0.0719,0.0440,0.0754,-0.0035,pass
1790915101.257,-0.0036,0.0217,0.0769,0.0346,0.0849,-0.0040,pass
1790915101.369,0.0362,0.0723,0.0772,0.0355,0.0520,-0.0024,pass
1790915101.465,0.0600,-0.0795,0.0785,0.0061,0.0562,-0.0026,pass
1790915101.561,-0.0072,-0.0603,0.0789,-0.0011,0.0948,-0.0044,pass
1790915101.657,-0.0386,0.0514,0.0806,0.0108,0.0960,-0.0045,pass
1790915101.768,0.0119,0.1073,0.0761,0.0440,0.0379,-0.0018,pass
1790915101.865,0.1024,0.1020,0.0660,0.0810,0.0195,-0.0009,pass
1790915101.960,0.0688,0.0043,0.0655,0.0772,0.0936,-0.0044,pass
1790915102.057,0.0516,0.0881,0.0678,0.0671,0.0421,-0.0020,pass
1790915102.152,0.0828,0.0566,0.0648,0.0849,0.0666,-0.0031,pass
1790915102.264,0.0526,0.1631,0.0691,0.0707,0.0569,-0.0027,pass
1790915102.362,0.1096,0.0147,0.0642,0.0864,0.0425,-0.0020,pass
1790915102.456,0.0631,0.0811,0.0702,0.0570,0.0826,-0.0039,pass
1790915102.552,0.0848,-0.0498,0.0716,0.0315,0.0588,-0.0028,pass
1790915102.664,-0.0207,0.0479,0.0794,-0.0018,0.0685,-0.0032,pass
1790915102.760,0.0554,0.1317,0.0719,0.0610,0.0414,-0.0019,pass
1790915102.856,0.0700,0.0514,0.0717,0.0589,0.0730,-0.0034,pass
1790915102.954,0.0922,0.0392,0.0714,0.0551,0.0506,-0.0024,pass
1790915103.064,0.0129,-0.0236,0.0755,-0.0002,0.0807,-0.0038,pass
1790915103.160,-0.0416,-0.1563,0.0709,-0.0506,0.0961,-0.0045,pass
1790915103.257,-0.1089,-0.1127,0.0650,-0.0824,0.1098,-0.0051,pass
1790915103.352,-0.1266,-0.0551,0.0688,-0.0690,0.0827,-0.0039,pass
1790915103.464,-0.0370,-0.0446,0.0745,-0.0426,0.0448,-0.0021,pass
1790915103.562,-0.0866,0.0374,0.0766,-0.0285,0.0700,-0.0033,pass
1790915103.657,-0.0052,0.0008,0.0780,-0.0160,0.0595,-0.0028,pass
1790915103.755,0.0110,-0.2121,0.0767,-0.0232,0.0224,-0.0010,pass
1790915103.864,-0.1513,0.0025,0.0737,-0.0474,0.1603,-0.0075,pass
1790915103.962,-0.0222,-0.0760,0.0748,-0.0454,0.0344,-0.0016,pass
1790915104.056,-0.0353,-0.0236,0.0772,-0.0131,0.0512,-0.0024,pass
1790915104.152,0.0288,-0.0359,0.0783,0.0074,0.0146,-0.0007,pass
1790915104.264,-0.0492,0.0305,0.0790,0.0020,0.1052,-0.0049,pass
1790915104.360,0.0072,0.0078,0.0809,-0.0056,0.0609,-0.0029,pass
1790915104.456,0.0036,-0.0359,0.0796,-0.0038,0.0634,-0.0030,pass
1790915104.552,-0.0062,-0.0551,0.0782,-0.0124,0.0682,-0.0032,pass
1790915104.664,-0.0385,-0.1388,0.0762,-0.0359,0.0828,-0.0039,pass
1790915104.760,-0.0968,0.0741,0.0733,-0.0436,0.1294,-0.0061,pass
1790915104.856,0.0639,0.0828,0.0729,0.0434,-0.0163,0.0008,pass
1790915104.952,0.0784,0.0741,0.0717,0.0583,0.0365,-0.0017,pass
1790915105.064,0.0368,0.0252,0.0752,0.0404,0.0784,-0.0037,pass
1790915105.160,0.0169,0.0147,0.0807,0.0141,0.0643,-0.0030,pass
1790915105.256,0.0500,-0.0324,0.0804,0.0072,0.0561,-0.0026,pass
1790915105.352,-0.0294,-0.0254,0.0800,-0.0069,0.1116,-0.0052,pass
1790915105.464,-0.0311,0.0444,0.0805,-0.0044,0.0826,-0.0039,pass
1790915105.561,0.0051,0.0217,0.0804,0.0012,0.0497,-0.0023,pass
1790915105.656,0.0312,-0.0341,0.0747,-0.0055,0.0326,-0.0015,pass
1790915105.752,-0.0274,0.0305,0.0459,-0.0002,0.0959,-0.0045,pass
1790915105.865,-0.0069,-0.0044,0.0225,0.0031,0.0134,-0.0006,pass
1790915105.965,0.0000,-0.0010,0.0000,0.0000,0.0065,-0.0003,pass
1790915106.056,0.0053,0.0043,0.0000,0.0000,0.0120,-0.0006,pass
1790915106.152,0.0036,-0.0010,0.0000,0.0000,0.0070,-0.0003,pass
1790915106.248,0.0000,-0.0044,0.0000,0.0000,-0.0017,0.0001,pass
1790915106.360,0.0031,0.0008,0.0000,0.0000,0.0028,-0.0001,pass
1790915106.553,0.0000,0.0025,0.0000,0.0000,0.0024,-0.0001,pass
1790915106.648,0.0000,-0.0010,0.0000,0.0000,-0.0001,0.0000,pass
1790915106.760,0.0000,-0.0010,0.0000,0.0000,-0.0033,0.0002,pass
1790915106.858,0.0050,0.0025,0.0000,0.0000,0.0043,-0.0002,pass
1790915106.952,-0.0073,-0.0010,0.0000,0.0000,-0.0011,0.0001,pass
1790915107.053,0.0000,-0.0010,0.0000,0.0000,-0.0008,0.0000,pass
1790915107.256,0.0000,-0.0010,0.0000,0.0000,-0.0010,0.0000,pass
1790915107.366,0.0000,-0.0010,0.0000,0.0000,0.0030,-0.0001,pass
1790915107.458,0.0000,-0.0010,0.0000,0.0000,0.0022,-0.0001,pass
1790915107.650,0.0000,-0.0010,0.0000,0.0000,0.0012,-0.0001,pass
1790915107.762,0.0031,-0.0010,0.0000,0.0000,-0.0076,0.0004,pass
1790915107.859,-0.0061,-0.0027,0.0000,0.0000,-0.0001,0.0000,pass
1790915107.954,0.0000,0.0008,0.0000,0.0000,0.0023,-0.0001,pass
1790915108.050,0.0000,0.0008,0.0000,0.0000,-0.0001,0.0000,pass
1790915108.162,0.0053,0.0043,0.0000,0.0000,-0.0001,0.0000,pass
1790915108.258,0.0000,0.0008,0.0000,0.0000,0.0023,-0.0001,pass
1790915108.354,0.0000,0.0148,0.0000,0.0000,-0.0039,0.0002,pass
1790915108.450,0.0387,0.1998,-0.0118,0.0535,-0.0129,0.0006,pass
1790915108.546,0.1629,0.2696,-0.0363,0.1656,-0.0862,0.0040,pass
1790915108.658,0.2554,0.2626,-0.0412,0.1903,-0.0686,0.0032,pass
1790915108.754,0.2227,0.2329,-0.0409,0.1968,0.0017,-0.0001,pass
1790915108.850,0.2359,0.1945,-0.0441,0.1848,-0.0357,0.0017,pass
1790915108.963,0.1908,0.1596,-0.0546,0.1437,-0.0429,0.0020,pass
1790915109.058,0.1283,-0.0010,-0.0579,0.0915,-0.0178,0.0008,pass
1790915109.154,0.0000,0.0636,-0.0586,0.0324,0.0136,-0.0006,pass
1790915109.250,0.0187,0.0217,-0.0595,0.0066,-0.0500,0.0023,pass
1790915109.362,0.0192,0.0776,-0.0595,0.0110,-0.0397,0.0019,pass
1790915109.460,0.0601,0.1125,-0.0573,0.0619,-0.0726,0.0034,pass
1790915109.554,0.0900,0.1160,-0.0579,0.0592,-0.0655,0.0031,pass
1790915109.650,0.1510,0.1352,-0.0576,0.0931,-0.1070,0.0050,pass
1790915109.746,0.0612,-0.0481,-0.0582,-0.0023,0.0021,-0.0001,pass
1790915109.860,0.0345,0.0566,-0.0557,0.0407,-0.0297,0.0014,pass
1790915109.954,0.0083,-0.0498,-0.0568,-0.0061,-0.0492,0.0023,pass
1790915110.050,-0.0247,-0.0498,-0.0592,-0.0398,-0.0147,0.0007,pass
1790915110.162,0.0000,0.0619,-0.0592,0.0032,-0.0501,0.0023,pass
1790915110.258,0.0404,0.1282,-0.0544,0.0741,-0.1047,0.0049,pass
1790915110.354,0.0545,-0.1127,-0.0585,0.0114,-0.0742,0.0035,pass
1790915110.450,-0.0299,-0.0411,-0.0585,-0.0323,0.0098,-0.0005,pass
1790915110.546,-0.0574,-0.0882,-0.0587,-0.0531,-0.0464,0.0022,pass
1790915110.658,-0.0924,-0.2174,-0.0595,-0.0752,-0.0541,0.0025,pass
1790915110.755,-0.1516,-0.2034,-0.0584,-0.1082,-0.0204,0.0010,pass
1790915110.850,-0.2373,-0.1772,-0.0552,-0.1296,-0.0212,0.0010,pass
1790915110.946,-0.2205,-0.1319,-0.0521,-0.1416,-0.0571,0.0027,pass
1790915111.058,-0.1720,-0.2750,-0.0519,-0.1352,-0.0750,0.0035,pass
1790915111.154,-0.1698,-0.2628,-0.0527,-0.1387,-0.0638,0.0030,pass
1790915111.250,-0.2231,-0.1772,-0.0543,-0.1394,-0.0470,0.0022,pass
1790915111.346,-0.2236,-0.1633,-0.0569,-0.1233,-0.0331,0.0015,pass
1790915111.458,-0.1776,-0.0620,-0.0585,-0.1129,-0.0508,0.0024,pass
1790915111.554,-0.0859,-0.1755,-0.0601,-0.1053,-0.1026,0.0048,pass
1790915111.650,-0.1981,-0.3151,-0.0548,-0.1326,-0.0451,0.0021,pass
1790915111.746,-0.2552,-0.2697,-0.0482,-0.1663,-0.0133,0.0006,pass
1790915111.858,-0.2823,-0.2017,-0.0476,-0.1677,-0.0241,0.0011,pass
1790915111.954,-0.1573,-0.0952,-0.0569,-0.1257,-0.1079,0.0051,pass
1790915112.050,-0.1412,-0.2540,-0.0569,-0.1203,-0.0642,0.0030,pass
1790915112.146,-0.2141,-0.3657,-0.0501,-0.1436,-0.0323,0.0015,pass
1790915112.259,-0.2664,-0.3221,-0.0421,-0.1902,-0.0316,0.0015,pass
1790915112.354,-0.3010,-0.2209,-0.0424,-0.1914,-0.0277,0.0013,pass
1790915112.450,-0.2688,-0.1982,-0.0416,-0.1878,-0.0517,0.0024,pass
1790915112.546,-0.2430,-0.2086,-0.0430,-0.1786,-0.0535,0.0025,pass
1790915112.658,-0.1827,-0.2383,-0.0442,-0.1735,-0.0400,0.0019,pass
1790915112.754,-0.2045,-0.1772,-0.0454,-0.1731,-0.0411,0.0019,pass
1790915112.850,-0.1197,-0.0917,-0.0515,-0.1468,-0.0493,0.0023,pass
1790915112.946,-0.0782,-0.0236,-0.0601,-0.1101,-0.0531,0.0025,pass
1790915113.058,-0.0627,0.0113,-0.0604,-0.0468,-0.0457,0.0021,pass
1790915113.154,0.0095,-0.0184,-0.0603,-0.0368,-0.0594,0.0028,pass
1790915113.250,-0.0941,-0.1127,-0.0631,-0.0776,-0.0252,0.0012,pass
1790915113.346,-0.0508,-0.0010,-0.0607,-0.0901,-0.0731,0.0034,pass
1790915113.459,-0.0589,-0.0324,-0.0613,-0.0508,-0.0555,0.0026,pass
1790915113.554,0.0109,0.0095,-0.0603,-0.0082,-0.0771,0.0036,pass
1790915113.650,-0.0259,0.0060,-0.0605,-0.0066,-0.0220,0.0010,pass
1790915113.746,-0.0051,-0.0062,-0.0594,-0.0321,-0.0562,0.0026,pass
1790915113.858,-0.0202,0.0532,-0.0614,-0.0184,-0.0468,0.0022,pass
1790915113.954,0.0752,0.0340,-0.0611,0.0689,-0.0657,0.0031,pass
1790915114.050,0.0791,0.1247,-0.0592,0.0728,-0.1070,0.0050,pass
1790915114.146,0.0507,0.1073,-0.0604,0.0759,-0.0807,0.0038,pass
1790915114.258,0.1822,0.0462,-0.0607,0.0825,-0.0862,0.0040,pass
1790915114.354,0.0144,0.0811,-0.0593,0.0928,-0.0581,0.0027,pass
1790915114.450,0.0737,0.2085,-0.0577,0.1067,-0.0829,0.0039,pass
1790915114.546,0.0829,0.1003,-0.0591,0.0632,-0.0771,0.0036,pass
1790915114.658,0.1600,0.0619,-0.0613,0.0921,-0.0736,0.0034,pass
1790915114.754,0.0365,0.1125,-0.0568,0.1168,-0.0538,0.0025,pass
1790915114.850,0.0939,0.1841,-0.0588,0.0887,-0.0902,0.0042,pass
1790915114.946,0.0669,0.0566,-0.0609,0.0542,-0.0522,0.0024,pass
1790915115.058,0.1876,-0.0044,-0.0608,0.1013,-0.0795,0.0037,pass
1790915115.155,-0.0080,0.0724,-0.0599,0.0647,-0.0296,0.0014,pass
1790915115.250,0.0628,0.2591,-0.0608,0.0968,-0.0610,0.0029,pass
1790915115.346,0.1325,0.0305,-0.0592,0.0432,-0.1074,0.0050,pass
1790915115.458,0.0271,0.0444,-0.0613,0.0248,-0.0172,0.0008,pass
1790915115.554,0.0716,0.0374,-0.0600,0.0743,-0.0590,0.0028,pass
1790915115.650,0.0241,0.0619,-0.0611,0.0427,-0.0654,0.0031,pass
1790915115.746,0.0313,-0.0585,-0.0605,-0.0064,-0.0535,0.0025,pass
1790915115.842,-0.0316,0.0200,-0.0598,-0.0199,-0.0194,0.0009,pass
1790915115.954,0.0287,0.0305,-0.0605,0.0063,-0.0496,0.0023,pass
1790915116.050,0.0263,0.0671,-0.0611,0.0289,-0.0718,0.0034,pass
1790915116.146,0.0361,0.0566,-0.0606,0.0510,-0.0795,0.0037,pass
1790915116.242,0.0935,0.2067,-0.0610,0.1059,-0.0803,0.0038,pass
1790915116.354,0.1595,0.0252,-0.0603,0.0829,-0.0871,0.0041,pass
1790915116.450,0.0351,0.1195,-0.0597,0.0866,-0.0194,0.0009,pass
1790915116.546,0.1234,0.1998,-0.0598,0.1102,-0.1033,0.0048,pass
1790915116.658,0.0856,0.0758,-0.0597,0.0820,-0.0439,0.0021,pass
1790915116.754,0.1206,0.1404,-0.0582,0.1172,-0.0501,0.0023,pass
1790915116.850,0.1904,0.0566,-0.0597,0.1112,-0.1121,0.0052,pass
1790915116.946,0.1255,0.0427,-0.0586,0.1149,-0.0353,0.0017,pass
1790915117.042,0.0577,0.2451,-0.0593,0.0895,-0.0476,0.0022,pass
1790915117.154,0.1511,0.0793,-0.0596,0.1179,-0.1044,0.0049,pass
1790915117.250,0.0951,0.0235,-0.0601,0.0936,-0.0212,0.0010,pass
1790915117.346,0.0748,0.0898,-0.0585,0.0812,-0.0591,0.0028,pass
1790915117.442,0.0829,0.0584,-0.0588,0.0792,-0.0651,0.0030,pass
1790915117.554,0.0686,0.1422,-0.0604,0.1023,-0.0470,0.0022,pass
1790915117.650,0.1471,0.1038,-0.0587,0.1226,-0.1143,0.0053,pass
1790915117.746,0.1295,0.0689,-0.0564,0.1278,-0.0373,0.0017,pass
1790915117.842,0.0704,0.0130,-0.0594,0.1099,-0.0377,0.0018,pass
1790915117.954,0.0542,0.0776,-0.0597,0.0766,-0.0423,0.0020,pass
1790915118.050,0.0298,0.0043,-0.0600,0.0594,-0.0476,0.0022,pass
1790915118.146,0.0544,0.0305,-0.0593,0.0390,-0.0493,0.0023,pass
1790915118.242,0.0350,-0.0132,-0.0596,0.0289,-0.0596,0.0028,pass
1790915118.355,0.0122,0.0392,-0.0599,0.0249,-0.0293,0.0014,pass
1790915118.450,0.0183,-0.0603,-0.0591,0.0054,-0.0527,0.0025,pass
1790915118.546,-0.0292,-0.1092,-0.0605,-0.0738,-0.0202,0.0009,pass
1790915118.642,-0.0763,-0.1580,-0.0538,-0.1190,-0.0308,0.0014,pass
1790915118.754,-0.1298,-0.1755,-0.0451,-0.1505,-0.0249,0.0012,pass
1790915118.850,-0.1342,-0.1894,-0.0450,-0.1642,-0.0756,0.0035,pass
1790915118.946,-0.1702,-0.1057,-0.0458,-0.1674,-0.0525,0.0025,pass
1790915119.042,-0.1571,-0.0690,-0.0484,-0.1500,-0.0443,0.0021,pass
1790915119.154,-0.0896,-0.0795,-0.0572,-0.1081,-0.0576,0.0027,pass
1790915119.250,-0.0715,-0.0673,-0.0586,-0.0721,-0.0778,0.0036,pass
1790915119.346,-0.0794,-0.0079,-0.0606,-0.0617,-0.0446,0.0021,pass
1790915119.442,-0.0173,0.0217,-0.0586,-0.0027,-0.0588,0.0028,pass
1790915119.553,-0.0175,0.0130,-0.0609,-0.0085,-0.0384,0.0018,pass
1790915119.650,-0.0072,0.0374,-0.0604,0.0577,-0.0464,0.0022,pass
1790915119.745,0.0173,-0.0446,-0.0600,0.0065,-0.0697,0.0033,pass
1790915119.842,0.0095,-0.0010,-0.0612,-0.0410,-0.0377,0.0018,pass
1790915119.954,-0.0663,-0.1458,-0.0596,-0.0959,-0.0108,0.0005,pass
1790915120.050,-0.0801,-0.1074,-0.0533,-0.1356,-0.0690,0.0032,pass
1790915120.146,-0.0784,-0.0149,-0.0588,-0.0554,-0.0724,0.0034,pass
1790915120.242,-0.0228,0.0881,-0.0581,0.0285,-0.0451,0.0021,pass
1790915120.338,0.0487,0.0985,-0.0595,0.0982,-0.0812,0.0038,pass
1790915120.450,0.0873,0.0078,-0.0597,0.1045,-0.0823,0.0039,pass
1790915120.546,0.0761,0.0217,-0.0603,0.0807,-0.0529,0.0025,pass
1790915120.642,0.0345,-0.0289,-0.0598,0.0160,-0.0467,0.0022,pass
1790915120.738,0.0036,-0.0463,-0.0611,-0.0347,-0.0289,0.0014,pass
1790915120.850,-0.0256,0.0287,-0.0594,-0.0163,-0.0198,0.0009,pass
1790915120.946,-0.0036,-0.0795,-0.0597,-0.0239,-0.0746,0.0035,pass
1790915121.042,-0.0379,-0.0254,-0.0600,-0.0373,-0.0235,0.0011,pass
1790915121.139,-0.0252,-0.1039,-0.0592,-0.0541,-0.0647,0.0030,pass
1790915121.250,-0.0413,0.0409,-0.0593,-0.0144,-0.0668,0.0031,pass
1790915121.346,-0.0338,0.1212,-0.0610,0.0569,-0.0474,0.0022,pass
1790915121.444,0.0966,0.0566,-0.0590,0.0994,-0.1063,0.0050,pass
1790915121.538,0.0449,0.0479,-0.0581,0.1047,-0.0570,0.0027,pass
1790915121.650,0.0687,0.1439,-0.0601,0.0715,-0.0502,0.0024,pass
1790915121.746,0.0885,0.0148,-0.0592,0.1078,-0.0757,0.0035,pass
1790915121.842,0.0634,0.0078,-0.0599,0.0446,-0.0338,0.0016,pass
1790915121.938,0.0144,-0.0341,-0.0598,-0.0262,-0.0396,0.0019,pass
1790915122.050,-0.0459,-0.1284,-0.0601,-0.0874,-0.0082,0.0004,pass
1790915122.146,-0.0958,-0.1319,-0.0536,-0.1300,-0.0440,0.0021,pass
1790915122.242,-0.1007,-0.0603,-0.0573,-0.0491,-0.0848,0.0040,pass
1790915122.338,-0.0505,0.0025,-0.0607,0.0262,-0.0688,0.0032,pass
1790915122.450,-0.0365,-0.1196,-0.0598,-0.0394,-0.0261,0.0012,pass
1790915122.546,-0.0770,-0.2593,-0.0576,-0.1098,-0.0324,0.0015,pass
1790915122.642,-0.1785,-0.2261,-0.0554,-0.1328,-0.0634,0.0030,pass
1790915122.738,-0.2317,-0.1039,-0.0563,-0.1302,-0.0604,0.0028,pass
1790915122.850,-0.1332,-0.1074,-0.0570,-0.1217,-0.0632,0.0030,pass
1790915122.946,-0.1512,-0.1737,-0.0518,-0.1423,-0.0488,0.0023,pass
1790915123.042,-0.1987,-0.2959,-0.0413,-0.1866,-0.0476,0.0022,pass
1790915123.138,-0.2285,-0.2366,-0.0435,-0.1817,-0.0462,0.0022,pass
1790915123.250,-0.2251,-0.1406,-0.0476,-0.1643,-0.0479,0.0022,pass
1790915123.346,-0.1434,-0.1109,-0.0543,-0.1341,-0.0623,0.0029,pass
1790915123.442,-0.1528,-0.2086,-0.0511,-0.1442,-0.0525,0.0025,pass
1790915123.538,-0.2255,-0.2889,-0.0336,-0.2276,-0.0392,0.0018,pass
1790915123.634,-0.2845,-0.2680,-0.0357,-0.2185,-0.0249,0.0012,pass
1790915123.745,-0.2149,-0.2331,-0.0369,-0.2148,-0.0328,0.0015,pass
1790915123.842,-0.2377,-0.2261,-0.0370,-0.2162,-0.0314,0.0015,pass
1790915123.938,-0.2670,-0.2505,-0.0363,-0.2196,-0.0440,0.0021,pass
1790915124.050,-0.2510,-0.3273,-0.0361,-0.2162,-0.0232,0.0011,pass
1790915124.146,-0.2493,-0.2715,-0.0359,-0.2188,-0.0349,0.0016,pass
1790915124.242,-0.2667,-0.2540,-0.0367,-0.2174,-0.0368,0.0017,pass
1790915124.338,-0.2704,-0.2052,-0.0351,-0.2218,-0.0312,0.0015,pass
1790915124.449,-0.2027,-0.1947,-0.0343,-0.2203,-0.0223,0.0010,pass
1790915124.546,-0.1880,-0.2191,-0.0331,-0.2252,-0.0310,0.0015,pass
1790915124.642,-0.2551,-0.3134,-0.0266,-0.2543,-0.0239,0.0011,pass
1790915124.738,-0.2957,-0.2889,-0.0269,-0.2575,-0.0105,0.0005,pass
1790915124.838,-0.2944,-0.2418,-0.0236,-0.2718,-0.0207,0.0010,pass
1790915124.946,-0.2471,-0.2174,-0.0283,-0.2562,-0.0196,0.0009,pass
1790915125.042,-0.2482,-0.2488,-0.0313,-0.2398,-0.0205,0.0010,pass
1790915125.138,-0.2442,-0.2575,-0.0332,-0.2305,-0.0318,0.0015,pass
1790915125.234,-0.2497,-0.2820,-0.0323,-0.2357,-0.0274,0.0013,pass
1790915125.346,-0.2289,-0.2802,-0.0307,-0.2463,-0.0150,0.0007,pass
1790915125.442,-0.2716,-0.2767,-0.0250,-0.2711,-0.0137,0.0006,pass
1790915125.538,-0.2713,-0.2732,-0.0257,-0.2657,-0.0175,0.0008,pass
1790915125.634,-0.2736,-0.2942,-0.0163,-0.3065,-0.0124,0.0006,pass
1790915125.745,-0.3214,-0.3186,-0.0170,-0.3029,-0.0033,0.0002,pass
1790915125.846,-0.2602,-0.3570,-0.0102,-0.3318,-0.0089,0.0004,pass
1790915125.940,-0.3826,-0.3553,-0.0096,-0.3389,0.0080,-0.0004,pass
1790915126.050,-0.3607,-0.3745,-0.0053,-0.3579,0.0186,-0.0009,pass
1790915126.146,-0.3517,-0.3727,0.0024,-0.3802,0.0099,-0.0005,pass
1790915126.242,-0.3385,-0.3186,0.0090,-0.3589,0.0064,-0.0003,pass
1790915126.338,-0.3453,-0.2645,0.0109,-0.3418,0.0336,-0.0016,pass
1790915126.434,-0.2702,-0.2453,0.0141,-0.3215,0.0058,-0.0003,pass
1790915126.546,-0.2796,-0.1964,0.0160,-0.3063,0.0303,-0.0014,pass
1790915126.643,-0.2143,-0.2854,0.0191,-0.3035,0.0092,-0.0004,pass
1790915126.738,-0.2931,-0.2278,0.0208,-0.2970,0.0363,-0.0017,pass
1790915126.834,-0.2208,-0.2244,0.0223,-0.2866,0.0107,-0.0005,pass
1790915126.946,-0.2368,-0.2313,0.0219,-0.2848,0.0197,-0.0009,pass
1790915127.042,-0.2255,-0.2278,0.0224,-0.2825,0.0052,-0.0002,pass
1790915127.138,-0.2390,-0.2872,0.0216,-0.2842,0.0279,-0.0013,pass
1790915127.235,-0.2655,-0.2436,0.0211,-0.2943,0.0283,-0.0013,pass
1790915127.346,-0.2388,-0.2156,0.0205,-0.2978,0.0276,-0.0013,pass
1790915127.442,-0.1758,-0.2453,0.0178,-0.2968,0.0002,-0.0000,pass
1790915127.538,-0.2495,-0.2331,0.0194,-0.2957,0.0201,-0.0009,pass
1790915127.634,-0.2237,-0.2191,0.0205,-0.2869,0.0158,-0.0007,pass
1790915127.754,-0.1869,-0.2017,0.0201,-0.2977,0.0104,-0.0005,pass
1790915127.847,-0.1893,-0.2401,0.0219,-0.2899,0.0059,-0.0003,pass
1790915127.939,-0.2584,-0.1947,0.0195,-0.2948,0.0200,-0.0009,pass
1790915128.034,-0.1911,-0.2278,0.0205,-0.2886,-0.0014,0.0001,pass
1790915128.146,-0.2158,-0.1545,0.0183,-0.2985,0.0153,-0.0007,pass
1790915128.244,-0.1782,-0.2086,0.0206,-0.2925,-0.0147,0.0007,pass
1790915128.338,-0.2088,-0.2191,0.0200,-0.2934,0.0079,-0.0004,pass
1790915128.435,-0.2048,-0.1127,0.0193,-0.2970,-0.0183,0.0009,pass
1790915128.546,-0.1629,-0.2383,0.0190,-0.2966,-0.0098,0.0005,pass
1790915128.642,-0.1930,-0.1720,0.0177,-0.2993,-0.0220,0.0010,pass
1790915128.738,-0.2009,-0.2453,0.0201,-0.2875,-0.0219,0.0010,pass
1790915128.834,-0.2146,-0.1633,0.0229,-0.2826,-0.0036,0.0002,pass
1790915128.931,-0.1731,-0.1458,0.0255,-0.2674,-0.0332,0.0016,pass
1790915129.042,-0.1541,-0.2296,0.0257,-0.2665,0.0034,-0.0002,pass
1790915129.138,-0.1851,-0.1807,0.0227,-0.2750,-0.0140,0.0007,pass
1790915129.235,-0.2015,-0.1580,0.0250,-0.2697,-0.0250,0.0012,pass
1790915129.346,-0.1556,-0.2034,0.0247,-0.2729,-0.0006,0.0000,pass
1790915129.442,-0.2025,-0.1598,0.0238,-0.2801,-0.0169,0.0008,pass
1790915129.538,-0.1836,-0.1353,0.0279,-0.2620,-0.0132,0.0006,pass
1790915129.634,-0.1461,-0.2017,0.0287,-0.2528,-0.0018,0.0001,pass
1790915129.730,-0.1938,-0.2104,0.0271,-0.2620,0.0007,-0.0000,pass
1790915129.843,-0.1668,-0.2121,0.0271,-0.2593,-0.0092,0.0004,pass
1790915129.940,-0.1634,-0.1458,0.0294,-0.2496,0.0115,-0.0005,pass
1790915130.038,-0.1662,-0.1755,0.0295,-0.2531,-0.0025,0.0001,pass
1790915130.146,-0.2029,-0.1301,0.0271,-0.2603,0.0021,-0.0001,pass
1790915130.242,-0.1804,-0.1929,0.0281,-0.2547,-0.0053,0.0002,pass
1790915130.338,-0.1761,-0.2313,0.0228,-0.2849,0.0126,-0.0006,pass
1790915130.434,-0.2165,-0.1755,0.0201,-0.2982,-0.0031,0.0001,pass
1790915130.546,-0.1781,-0.1877,0.0228,-0.2869,-0.0116,0.0005,pass
1790915130.642,-0.1755,-0.1894,0.0261,-0.2687,-0.0102,0.0005,pass
1790915130.740,-0.2422,-0.1633,0.0220,-0.2876,-0.0018,0.0001,pass
1790915130.837,-0.1718,-0.1685,0.0281,-0.2558,-0.0161,0.0008,pass
1790915130.930,-0.1699,-0.1807,0.0326,-0.2338,0.0003,-0.0000,pass
1790915131.043,-0.1734,-0.2453,0.0277,-0.2640,0.0083,-0.0004,pass
1790915131.140,-0.2271,-0.1964,0.0275,-0.2648,-0.0056,0.0003,pass
1790915131.234,-0.1902,-0.1406,0.0319,-0.2393,-0.0048,0.0002,pass
1790915131.346,-0.1223,-0.0952,0.0360,-0.2212,-0.0047,0.0002,pass
1790915131.442,-0.1108,-0.1563,0.0422,-0.1906,0.0036,-0.0002,pass
1790915131.538,-0.1189,-0.1039,0.0424,-0.1913,0.0206,-0.0010,pass
1790915131.636,-0.1145,-0.1650,0.0425,-0.1921,0.0252,-0.0012,pass
1790915131.729,-0.1773,-0.1545,0.0436,-0.1975,0.0358,-0.0017,pass
1790915131.842,-0.1521,-0.1266,0.0425,-0.1949,0.0216,-0.0010,pass
1790915131.938,-0.1166,-0.1092,0.0423,-0.1940,0.0197,-0.0009,pass
1790915132.033,-0.1327,-0.1511,0.0426,-0.1950,0.0186,-0.0009,pass
1790915132.130,-0.1323,-0.1196,0.0424,-0.1940,0.0196,-0.0009,pass
1790915132.242,-0.0998,-0.1127,0.0425,-0.1918,0.0080,-0.0004,pass
1790915132.338,-0.1113,-0.0987,0.0431,-0.1945,0.0217,-0.0010,pass
1790915132.434,-0.1191,-0.1319,0.0428,-0.1933,0.0261,-0.0012,pass
1790915132.530,-0.1550,-0.1301,0.0426,-0.1924,0.0289,-0.0014,pass
1790915132.642,-0.1298,-0.1545,0.0426,-0.1921,0.0221,-0.0010,pass
1790915132.738,-0.1492,-0.1371,0.0430,-0.1939,0.0246,-0.0011,pass
1790915132.842,-0.1285,-0.1004,0.0426,-0.1923,0.0188,-0.0009,pass
1790915132.930,-0.1159,-0.1441,0.0441,-0.1852,0.0184,-0.0009,pass
1790915133.042,-0.1331,-0.1371,0.0427,-0.1929,0.0264,-0.0012,pass
1790915133.138,-0.1278,-0.1633,0.0438,-0.1843,0.0249,-0.0012,pass
1790915133.256,-0.1210,-0.1685,0.0423,-0.1911,0.0295,-0.0014,pass
1790915133.340,-0.1515,-0.1720,0.0432,-0.1952,0.0282,-0.0013,pass
1790915133.443,-0.1690,-0.1388,0.0431,-0.1946,0.0409,-0.0019,pass
1790915133.538,-0.1445,-0.1127,0.0427,-0.1930,0.0336,-0.0016,pass
1790915133.646,-0.1406,-0.1353,0.0426,-0.1921,0.0355,-0.0017,pass
1790915133.729,-0.1741,-0.2017,0.0425,-0.1918,0.0464,-0.0022,pass
1790915133.848,-0.1445,-0.1511,0.0427,-0.1929,0.0406,-0.0019,pass
1790915133.938,-0.1519,-0.1336,0.0427,-0.1930,0.0398,-0.0019,pass
1790915134.035,-0.1500,-0.1353,0.0426,-0.1923,0.0363,-0.0017,pass
1790915134.129,-0.1379,-0.1423,0.0422,-0.1904,0.0352,-0.0016,pass
1790915134.226,-0.1615,-0.1703,0.0421,-0.1899,0.0367,-0.0017,pass
1790915134.338,-0.1378,-0.1755,0.0442,-0.1870,0.0357,-0.0017,pass
1790915134.434,-0.1513,-0.1249,0.0492,-0.1645,0.0401,-0.0019,pass
1790915134.529,-0.1060,-0.1231,0.0494,-0.1653,0.0354,-0.0017,pass
1790915134.625,-0.1439,-0.1109,0.0486,-0.1626,0.0515,-0.0024,pass
1790915134.738,-0.1122,-0.1004,0.0482,-0.1668,0.0396,-0.0019,pass
1790915134.834,-0.1147,-0.1144,0.0524,-0.1509,0.0392,-0.0018,pass
1790915134.930,-0.1118,-0.1301,0.0559,-0.1326,0.0357,-0.0017,pass
1790915135.047,-0.1167,-0.0673,0.0562,-0.1374,0.0405,-0.0019,pass
1790915135.138,-0.0651,-0.0585,0.0578,-0.1235,0.0291,-0.0014,pass
1790915135.238,-0.0769,-0.0900,0.0566,-0.1243,0.0468,-0.0022,pass
1790915135.329,-0.1598,-0.1423,0.0563,-0.1263,0.0745,-0.0035,pass
1790915135.426,-0.1547,-0.1842,0.0579,-0.1228,0.0655,-0.0031,pass
1790915135.540,-0.0954,-0.1319,0.0579,-0.1229,0.0427,-0.0020,pass
1790915135.652,-0.1675,-0.1004,0.0568,-0.1263,0.0589,-0.0028,pass
1790915135.730,-0.0915,-0.1214,0.0549,-0.1408,0.0464,-0.0022,pass
1790915135.826,-0.1907,-0.1039,0.0524,-0.1469,0.0614,-0.0029,pass
1790915135.938,-0.1363,-0.2174,0.0550,-0.1348,0.0479,-0.0022,pass
1790915136.035,-0.1801,-0.2104,0.0562,-0.1331,0.0637,-0.0030,pass
1790915136.129,-0.1607,-0.1720,0.0545,-0.1430,0.0506,-0.0024,pass
1790915136.226,-0.1523,-0.0428,0.0587,-0.1204,0.0552,-0.0026,pass
1790915136.338,-0.1115,0.0392,0.0701,-0.0660,0.0381,-0.0018,pass
1790915136.434,0.0475,-0.0044,0.0770,0.0119,0.0129,-0.0006,pass
1790915136.530,-0.0051,0.0462,0.0730,0.0434,0.0296,-0.0014,pass
1790915136.625,0.0417,0.0165,0.0774,0.0228,0.0609,-0.0029,pass
1790915136.738,0.0000,0.0497,0.0800,-0.0037,0.0853,-0.0040,pass
1790915136.835,-0.0050,-0.1598,0.0791,-0.0359,0.0616,-0.0029,pass
1790915136.930,-0.0755,-0.0830,0.0766,-0.0437,0.0964,-0.0045,pass
1790915137.025,-0.0210,0.0078,0.0801,-0.0270,0.0559,-0.0026,pass
1790915137.138,-0.0031,0.0374,0.0811,-0.0147,0.0536,-0.0025,pass
1790915137.234,-0.0152,-0.0236,0.0797,-0.0115,0.0841,-0.0039,pass
1790915137.329,-0.0096,-0.0254,0.0776,0.0281,0.0758,-0.0035,pass
1790915137.426,0.0143,0.0130,0.0804,0.0202,0.0695,-0.0033,pass
1790915137.538,-0.0119,-0.0481,0.0783,-0.0310,0.0730,-0.0034,pass
1790915137.635,-0.0277,-0.0359,0.0695,-0.0621,0.0833,-0.0039,pass
1790915137.729,-0.0558,0.0025,0.0774,-0.0139,0.0802,-0.0038,pass
1790915137.826,0.0000,0.0217,0.0805,-0.0278,0.0406,-0.0019,pass
1790915137.938,0.0145,0.0793,0.0765,0.0284,0.0490,-0.0023,pass
1790915138.034,0.0347,0.0444,0.0671,0.0652,0.0740,-0.0035,pass
1790915138.129,0.0586,-0.0376,0.0763,0.0183,0.0744,-0.0035,pass
1790915138.225,0.0080,-0.0481,0.0800,-0.0065,0.0658,-0.0031,pass
1790915138.339,-0.0206,-0.1022,0.0682,-0.0687,0.0503,-0.0024,pass
1790915138.437,-0.0717,-0.1528,0.0603,-0.0995,0.0713,-0.0033,pass
1790915138.530,-0.1232,-0.1964,0.0521,-0.1364,0.0725,-0.0034,pass
1790915138.625,-0.1787,-0.2174,0.0495,-0.1533,0.0614,-0.0029,pass
1790915138.740,-0.2108,-0.1807,0.0482,-0.1523,0.0469,-0.0022,pass
1790915138.834,-0.1785,-0.2139,0.0477,-0.1520,0.0265,-0.0012,pass
1790915138.929,-0.1939,-0.1144,0.0524,-0.1333,0.0378,-0.0018,pass
1790915139.026,-0.1128,-0.1807,0.0590,-0.1120,0.0281,-0.0013,pass
1790915139.139,-0.1086,-0.0760,0.0613,-0.1049,0.0311,-0.0015,pass
1790915139.239,-0.1305,-0.0882,0.0591,-0.1120,0.0525,-0.0025,pass
1790915139.333,-0.1220,-0.1057,0.0608,-0.1012,0.0505,-0.0024,pass
1790915139.425,-0.1306,-0.1109,0.0647,-0.0868,0.0447,-0.0021,pass
1790915139.539,-0.0554,-0.1650,0.0631,-0.0926,0.0335,-0.0016,pass
1790915139.638,-0.1559,-0.1179,0.0569,-0.1241,0.0633,-0.0030,pass
1790915139.730,-0.1014,-0.1004,0.0562,-0.1270,0.0520,-0.0024,pass
1790915139.826,-0.1140,-0.0865,0.0563,-0.1201,0.0566,-0.0026,pass
1790915139.940,-0.0609,-0.0324,0.0618,-0.0955,0.0361,-0.0017,pass
1790915140.034,-0.0314,-0.0551,0.0679,-0.0735,0.0265,-0.0012,pass
1790915140.129,-0.0300,-0.0184,0.0727,-0.0525,0.0333,-0.0016,pass
1790915140.226,-0.0213,-0.0271,0.0765,-0.0306,0.0345,-0.0016,pass
1790915140.322,-0.0153,-0.0097,0.0785,-0.0228,0.0466,-0.0022,pass
1790915140.434,-0.0110,-0.0132,0.0809,0.0091,0.0457,-0.0021,pass
1790915140.530,0.0036,0.0532,0.0809,0.0136,0.0726,-0.0034,pass
1790915140.625,0.0197,-0.0062,0.0796,-0.0055,0.0475,-0.0022,pass
1790915140.722,-0.0268,-0.0149,0.0803,-0.0247,0.0733,-0.0034,pass
1790915140.834,-0.0111,-0.0044,0.0799,-0.0217,0.0601,-0.0028,pass
1790915140.929,-0.0191,-0.0254,0.0806,-0.0284,0.0654,-0.0031,pass
1790915141.025,-0.0320,-0.0446,0.0812,-0.0243,0.0731,-0.0034,pass
1790915141.137,-0.0166,-0.0533,0.0795,-0.0307,0.0524,-0.0025,pass
1790915141.234,-0.0520,-0.0202,0.0758,-0.0399,0.0822,-0.0038,pass
1790915141.329,-0.0239,-0.0289,0.0748,-0.0433,0.0696,-0.0033,pass
1790915141.425,-0.0588,-0.0254,0.0766,-0.0279,0.0685,-0.0032,pass
1790915141.522,-0.0392,-0.0149,0.0795,-0.0207,0.0585,-0.0027,pass
1790915141.635,-0.0210,-0.0551,0.0811,-0.0273,0.0562,-0.0026,pass
1790915141.729,-0.0468,-0.0132,0.0817,-0.0148,0.0777,-0.0036,pass
1790915141.826,0.0119,0.0340,0.0803,-0.0068,0.0577,-0.0027,pass
1790915141.922,-0.0088,-0.0114,0.0795,-0.0155,0.0700,-0.0033,pass
1790915142.033,-0.0191,-0.0673,0.0806,-0.0314,0.0613,-0.0029,pass
1790915142.129,-0.0700,-0.1319,0.0786,-0.0390,0.0739,-0.0035,pass
1790915142.225,-0.0632,-0.0132,0.0761,-0.0418,0.0880,-0.0041,pass
1790915142.322,0.0000,-0.0690,0.0756,-0.0399,0.0503,-0.0024,pass
1790915142.434,-0.0869,-0.0306,0.0750,-0.0384,0.0697,-0.0033,pass
1790915142.529,-0.0459,-0.0394,0.0748,-0.0424,0.0649,-0.0030,pass
1790915142.626,-0.0595,-0.1249,0.0767,-0.0460,0.0649,-0.0030,pass
1790915142.722,-0.1055,-0.1109,0.0777,-0.0400,0.0849,-0.0040,pass
1790915142.835,-0.0168,-0.0010,0.0785,-0.0277,0.0391,-0.0018,pass
1790915142.930,-0.0166,-0.0568,0.0800,-0.0269,0.0726,-0.0034,pass
1790915143.025,-0.0347,-0.0498,0.0789,-0.0232,0.0662,-0.0031,pass
1790915143.122,-0.0611,-0.0044,0.0764,-0.0348,0.0684,-0.0032,pass
1790915143.235,-0.0463,-0.0376,0.0781,-0.0335,0.0565,-0.0026,pass
1790915143.332,-0.0326,-0.0690,0.0814,-0.0172,0.0710,-0.0033,pass
1790915143.426,-0.0316,0.0148,0.0799,-0.0273,0.0599,-0.0028,pass
1790915143.524,-0.0050,0.0217,0.0797,0.0100,0.0589,-0.0028,pass
1790915143.634,-0.0089,-0.0620,0.0782,-0.0273,0.0652,-0.0031,pass
1790915143.729,-0.0811,-0.0568,0.0774,-0.0381,0.0816,-0.0038,pass
1790915143.826,-0.0269,-0.0271,0.0806,-0.0123,0.0609,-0.0029,pass
1790915143.922,-0.0180,-0.0847,0.0755,-0.0465,0.0635,-0.0030,pass
1790915144.034,-0.0924,-0.0655,0.0738,-0.0460,0.0699,-0.0033,pass
1790915144.131,-0.0308,0.0182,0.0756,0.0252,0.0642,-0.0030,pass
1790915144.226,0.0521,0.1352,0.0744,0.0424,0.0322,-0.0015,pass
1790915144.323,0.0577,-0.0620,0.0791,-0.0183,0.0732,-0.0034,pass
1790915144.433,-0.0718,-0.0463,0.0795,-0.0192,0.0749,-0.0035,pass
1790915144.529,-0.0062,0.0060,0.0781,0.0147,0.0554,-0.0026,pass
1790915144.626,0.0382,0.0392,0.0758,0.0396,0.0545,-0.0026,pass
1790915144.722,0.0338,-0.0044,0.0805,-0.0101,0.0645,-0.0030,pass
1790915144.834,-0.0031,-0.0533,0.0800,-0.0073,0.0616,-0.0029,pass
1790915144.929,-0.0439,0.0043,0.0799,-0.0214,0.0743,-0.0035,pass
1790915145.025,0.0161,0.0566,0.0805,0.0175,0.0555,-0.0026,pass
1790915145.122,0.0375,-0.0324,0.0793,-0.0105,0.0598,-0.0028,pass
1790915145.218,-0.0292,-0.0446,0.0792,0.0051,0.1091,-0.0051,pass
1790915145.330,-0.0053,-0.0149,0.0779,-0.0182,0.0559,-0.0026,pass
1790915145.425,-0.0184,-0.0551,0.0791,-0.0286,0.0673,-0.0032,pass
1790915145.522,-0.0454,-0.1214,0.0771,-0.0432,0.0756,-0.0035,pass
1790915145.617,-0.0937,0.0566,0.0717,-0.0486,0.0938,-0.0044,pass
1790915145.730,0.0232,-0.0097,0.0793,-0.0095,0.0316,-0.0015,pass
1790915145.826,-0.0587,0.0305,0.0804,-0.0008,0.0775,-0.0036,pass
1790915145.923,-0.0087,0.1090,0.0679,0.0663,0.0713,-0.0033,pass
1790915146.017,0.1292,0.0165,0.0674,0.0674,0.0620,-0.0029,pass
1790915146.129,0.0163,0.0043,0.0738,0.0301,0.0739,-0.0035,pass
1790915146.226,0.0223,-0.0202,0.0740,-0.0367,0.0515,-0.0024,pass
1790915146.322,-0.0471,-0.1144,0.0671,-0.0696,0.0791,-0.0037,pass
1790915146.417,-0.0909,-0.0795,0.0707,-0.0548,0.0713,-0.0033,pass
1790915146.530,-0.0625,-0.1004,0.0710,-0.0607,0.0550,-0.0026,pass
1790915146.626,-0.0690,-0.0376,0.0651,-0.0846,0.0704,-0.0033,pass
1790915146.722,-0.0908,-0.0132,0.0748,-0.0417,0.0665,-0.0031,pass
1790915146.817,0.0000,-0.0027,0.0760,0.0192,0.0353,-0.0017,pass
1790915146.929,-0.0148,0.0479,0.0788,0.0215,0.0476,-0.0022,pass
1790915147.026,0.0306,0.1090,0.0734,0.0516,0.0699,-0.0033,pass
1790915147.121,0.0678,-0.0254,0.0754,0.0256,0.0660,-0.0031,pass
1790915147.217,-0.0337,-0.0062,0.0760,0.0297,0.0851,-0.0040,pass
1790915147.329,0.0185,0.0828,0.0683,0.0617,0.0486,-0.0023,pass
1790915147.426,0.0868,0.0828,0.0669,0.0765,0.0583,-0.0027,pass
1790915147.522,0.0819,0.0811,0.0742,0.0445,0.0739,-0.0035,pass
1790915147.617,0.0546,-0.0306,0.0768,0.0311,0.0753,-0.0035,pass
1790915147.729,-0.0044,-0.0516,0.0763,-0.0041,0.0748,-0.0035,pass
1790915147.825,-0.0337,0.0881,0.0725,-0.0435,0.0776,-0.0036,pass
1790915147.922,0.0327,-0.0655,0.0784,-0.0263,0.0391,-0.0018,pass
1790915148.018,-0.0621,-0.0481,0.0730,-0.0417,0.0757,-0.0035,pass
1790915148.130,-0.0315,-0.1476,0.0679,-0.0622,0.0524,-0.0025,pass
1790915148.226,-0.1097,-0.1109,0.0622,-0.0960,0.0969,-0.0045,pass
1790915148.321,-0.0463,-0.1144,0.0570,-0.1153,0.0582,-0.0027,pass
1790915148.417,-0.1432,-0.0411,0.0599,-0.0986,0.0903,-0.0042,pass
1790915148.529,-0.1063,-0.1266,0.0625,-0.0923,0.0368,-0.0017,pass
1790915148.626,-0.0926,-0.1284,0.0661,-0.0808,0.0620,-0.0029,pass
1790915148.722,-0.0977,-0.1109,0.0706,-0.0707,0.0580,-0.0027,pass
1790915148.817,-0.0575,-0.0533,0.0683,-0.0748,0.0508,-0.0024,pass
1790915148.930,-0.0826,-0.1074,0.0636,-0.0867,0.0627,-0.0029,pass
1790915149.025,-0.0826,-0.2209,0.0591,-0.1103,0.0598,-0.0028,pass
1790915149.122,-0.2009,-0.0900,0.0607,-0.1058,0.0973,-0.0046,pass
1790915149.217,-0.0674,-0.1441,0.0708,-0.0521,0.0370,-0.0017,pass
1790915149.329,-0.0718,-0.0149,0.0729,-0.0489,0.0493,-0.0023,pass
1790915149.425,-0.0036,-0.0812,0.0716,-0.0544,0.0419,-0.0020,pass
1790915149.521,-0.1145,0.0113,0.0673,-0.0710,0.0848,-0.0040,pass
1790915149.617,-0.0731,0.0392,0.0774,-0.0122,0.0546,-0.0026,pass
1790915149.729,0.0131,0.1107,0.0707,0.0574,0.0271,-0.0013,pass
1790915149.826,0.0497,-0.0900,0.0732,0.0401,0.0444,-0.0021,pass
1790915149.923,-0.0417,-0.0673,0.0783,-0.0249,0.0990,-0.0046,pass
1790915150.017,-0.0150,-0.0987,0.0716,-0.0626,0.0553,-0.0026,pass
1790915150.113,-0.0628,-0.0044,0.0694,-0.0692,0.0704,-0.0033,pass
1790915150.226,-0.0320,0.0305,0.0745,-0.0412,0.0455,-0.0021,pass
1790915150.323,-0.0358,-0.0969,0.0709,-0.0579,0.0547,-0.0026,pass
1790915150.419,-0.1184,-0.1092,0.0675,-0.0763,0.0926,-0.0043,pass
1790915150.514,-0.0972,-0.0900,0.0646,-0.0977,0.0844,-0.0039,pass
1790915150.626,-0.0710,-0.0725,0.0635,-0.0928,0.0529,-0.0025,pass
1790915150.722,-0.1026,-0.0376,0.0669,-0.0768,0.0600,-0.0028,pass
1790915150.818,-0.0359,-0.0097,0.0732,-0.0256,0.0407,-0.0019,pass
1790915150.913,-0.0405,-0.0481,0.0740,-0.0034,0.0543,-0.0025,pass
1790915151.025,-0.0288,0.0881,0.0716,0.0230,0.0460,-0.0022,pass
1790915151.122,0.0404,0.0078,0.0766,0.0114,0.0303,-0.0014,pass
1790915151.217,-0.0051,-0.0743,0.0806,-0.0127,0.0949,-0.0044,pass
1790915151.313,-0.0367,0.0060,0.0810,-0.0007,0.0747,-0.0035,pass
1790915151.425,0.0151,-0.0202,0.0789,0.0157,0.0382,-0.0018,pass
1790915151.523,0.0173,-0.0306,0.0744,-0.0388,0.0641,-0.0030,pass
1790915151.617,0.0000,-0.0673,0.0793,0.0100,0.0697,-0.0033,pass
1790915151.713,-0.0400,-0.0446,0.0826,-0.0088,0.0806,-0.0038,pass
1790915151.825,-0.0182,-0.0394,0.0811,-0.0133,0.0668,-0.0031,pass
1790915151.921,0.0062,-0.0533,0.0697,-0.0675,0.0673,-0.0032,pass
1790915152.017,-0.0674,-0.0638,0.0743,-0.0338,0.0810,-0.0038,pass
1790915152.113,-0.0556,0.0287,0.0773,-0.0139,0.0654,-0.0031,pass
1790915152.209,-0.0072,0.1125,0.0730,0.0433,0.0637,-0.0030,pass
1790915152.322,0.0637,0.0881,0.0723,0.0540,0.0313,-0.0015,pass
1790915152.417,0.0442,0.0409,0.0681,0.0676,0.0790,-0.0037,pass
1790915152.513,0.0565,-0.0376,0.0750,-0.0109,0.0749,-0.0035,pass
1790915152.625,0.0157,-0.0865,0.0663,-0.0683,0.0685,-0.0032,pass
1790915152.722,-0.0723,-0.0690,0.0747,-0.0392,0.0866,-0.0041,pass
1790915152.817,-0.0535,-0.1650,0.0673,-0.0744,0.0613,-0.0029,pass
1790915152.913,-0.1209,0.0113,0.0762,-0.0353,0.0816,-0.0038,pass
1790915153.025,0.0226,0.0444,0.0732,0.0373,0.0188,-0.0009,pass
1790915153.121,-0.0051,-0.0289,0.0751,0.0330,0.0468,-0.0022,pass
1790915153.217,0.0428,0.0148,0.0806,0.0083,0.0914,-0.0043,pass
1790915153.313,0.0072,0.1387,0.0815,0.0158,0.0532,-0.0025,pass
1790915153.409,0.0698,-0.0236,0.0758,0.0331,0.0513,-0.0024,pass
1790915153.522,-0.0213,-0.0620,0.0791,-0.0108,0.0824,-0.0039,pass
1790915153.617,-0.0108,-0.0132,0.0804,0.0142,0.0684,-0.0032,pass
1790915153.714,0.0276,0.0619,0.0806,-0.0176,0.0452,-0.0021,pass
1790915153.809,-0.0102,-0.0865,0.0789,-0.0235,0.0784,-0.0037,pass
1790915153.921,-0.0414,-0.0254,0.0733,-0.0458,0.0648,-0.0030,pass
1790915154.018,-0.0095,-0.0882,0.0771,-0.0369,0.0546,-0.0026,pass
1790915154.114,-0.0507,0.0182,0.0787,-0.0305,0.0781,-0.0037,pass
1790915154.209,-0.0108,0.0008,0.0799,0.0121,0.0578,-0.0027,pass
1790915154.321,-0.0044,0.0689,0.0750,0.0377,0.0577,-0.0027,pass
1790915154.417,0.0534,0.0357,0.0804,0.0186,0.0743,-0.0035,pass
1790915154.514,0.0000,0.0305,0.0811,0.0143,0.0674,-0.0032,pass
1790915154.610,0.0157,-0.0638,0.0795,-0.0034,0.0707,-0.0033,pass
1790915154.721,0.0124,0.0357,0.0789,-0.0058,0.0584,-0.0027,pass
1790915154.817,-0.0072,-0.0812,0.0738,-0.0500,0.0672,-0.0031,pass
1790915154.914,-0.0620,-0.0516,0.0716,-0.0559,0.0793,-0.0037,pass
1790915155.009,-0.0399,-0.0638,0.0710,-0.0550,0.0568,-0.0027,pass
1790915155.122,-0.0602,-0.0847,0.0703,-0.0576,0.0627,-0.0029,pass
1790915155.217,-0.0580,-0.0132,0.0762,-0.0311,0.0697,-0.0033,pass
1790915155.313,-0.0313,-0.0777,0.0780,-0.0279,0.0595,-0.0028,pass
1790915155.409,-0.0499,0.0601,0.0804,-0.0121,0.0681,-0.0032,pass
1790915155.524,0.0345,0.0113,0.0784,0.0212,0.0416,-0.0019,pass
1790915155.618,0.0199,0.0950,0.0720,0.0469,0.0734,-0.0034,pass
1790915155.713,0.0670,0.1561,0.0660,0.0811,0.0638,-0.0030,pass
1790915155.809,0.1100,0.1491,0.0674,0.0727,0.0666,-0.0031,pass
1790915155.921,0.0968,0.0898,0.0700,0.0667,0.0551,-0.0026,pass
1790915156.017,0.0567,0.1247,0.0661,0.0738,0.0740,-0.0035,pass
1790915156.114,0.0850,0.0584,0.0633,0.0899,0.0639,-0.0030,pass
1790915156.210,0.0931,-0.0306,0.0739,0.0426,0.0646,-0.0030,pass
1790915156.322,0.0076,-0.1493,0.0695,-0.0602,0.0793,-0.0037,pass
1790915156.417,-0.0838,-0.1528,0.0624,-0.0969,0.0839,-0.0039,pass
1790915156.513,-0.1298,-0.1039,0.0577,-0.1179,0.0709,-0.0033,pass
1790915156.609,-0.1224,-0.2278,0.0570,-0.1158,0.0482,-0.0023,pass
1790915156.721,-0.1924,-0.1144,0.0622,-0.0955,0.0768,-0.0036,pass
1790915156.817,-0.1073,-0.1179,0.0700,-0.0689,0.0299,-0.0014,pass
1790915156.914,-0.0977,0.0654,0.0753,-0.0488,0.0531,-0.0025,pass
1790915157.009,-0.0191,0.0619,0.0799,0.0062,0.0345,-0.0016,pass
1790915157.121,0.0134,0.1352,0.0723,0.0549,0.0376,-0.0018,pass
1790915157.217,0.0901,0.0671,0.0633,0.0858,0.0600,-0.0028,pass
1790915157.314,0.0830,0.0532,0.0579,0.1087,0.0660,-0.0031,pass
1790915157.409,0.1162,0.1299,0.0605,0.1076,0.0652,-0.0030,pass
1790915157.506,0.1328,0.1334,0.0633,0.0988,0.0534,-0.0025,pass
1790915157.617,0.1026,0.0357,0.0702,0.0629,0.0560,-0.0026,pass
1790915157.715,0.0288,-0.0271,0.0765,-0.0117,0.0802,-0.0038,pass
1790915157.809,0.0213,-0.0760,0.0675,-0.0691,0.0774,-0.0036,pass
1790915157.921,-0.0728,-0.1458,0.0561,-0.1162,0.0696,-0.0033,pass
1790915158.017,-0.1363,-0.2261,0.0528,-0.1314,0.0687,-0.0032,pass
1790915158.114,-0.1685,-0.1441,0.0502,-0.1443,0.0564,-0.0026,pass
1790915158.209,-0.1493,-0.0516,0.0582,-0.1148,0.0419,-0.0020,pass
1790915158.306,-0.1013,-0.0481,0.0564,-0.1216,0.0396,-0.0019,pass
1790915158.418,-0.0803,-0.0952,0.0625,-0.0903,0.0414,-0.0019,pass
1790915158.514,-0.0996,-0.1336,0.0566,-0.1203,0.0512,-0.0024,pass
1790915158.609,-0.1311,-0.0917,0.0532,-0.1362,0.0610,-0.0029,pass
1790915158.706,-0.0954,-0.0655,0.0631,-0.0956,0.0477,-0.0022,pass
1790915158.817,-0.0657,-0.0289,0.0605,-0.1010,0.0389,-0.0018,pass
1790915158.913,-0.0635,-0.1580,0.0606,-0.1036,0.0540,-0.0025,pass
1790915159.009,-0.1037,-0.1231,0.0565,-0.1223,0.0650,-0.0030,pass
1790915159.106,-0.1314,-0.1039,0.0592,-0.1123,0.0636,-0.0030,pass
1790915159.217,-0.1010,-0.0917,0.0567,-0.1238,0.0515,-0.0024,pass
1790915159.313,-0.0645,-0.0603,0.0564,-0.1238,0.0520,-0.0024,pass
1790915159.409,-0.0762,-0.0254,0.0611,-0.1010,0.0502,-0.0024,pass
1790915159.506,-0.0689,-0.0585,0.0714,-0.0533,0.0519,-0.0024,pass
1790915159.617,-0.0569,-0.1249,0.0664,-0.0823,0.0454,-0.0021,pass
1790915159.714,-0.0650,-0.0498,0.0644,-0.0939,0.0579,-0.0027,pass
1790915159.809,-0.0723,-0.0568,0.0649,-0.0862,0.0621,-0.0029,pass
1790915159.910,-0.0645,-0.0568,0.0659,-0.0804,0.0637,-0.0030,pass
1790915160.017,-0.0546,-0.1266,0.0608,-0.1069,0.0590,-0.0028,pass
1790915160.113,-0.0942,-0.1528,0.0549,-0.1321,0.0602,-0.0028,pass
1790915160.209,-0.1363,-0.1214,0.0550,-0.1366,0.0760,-0.0036,pass
1790915160.307,-0.1192,-0.0760,0.0599,-0.1147,0.0603,-0.0028,pass
1790915160.417,-0.0800,-0.1319,0.0543,-0.1289,0.0463,-0.0022,pass
1790915160.513,-0.1315,-0.2121,0.0474,-0.1671,0.0749,-0.0035,pass
1790915160.610,-0.1812,-0.2453,0.0495,-0.1630,0.0698,-0.0033,pass
1790915160.706,-0.2091,-0.2366,0.0495,-0.1579,0.0622,-0.0029,pass
1790915160.817,-0.1972,-0.1353,0.0501,-0.1587,0.0543,-0.0025,pass
1790915160.916,-0.1520,-0.1825,0.0477,-0.1644,0.0435,-0.0020,pass
1790915161.009,-0.1822,-0.1964,0.0455,-0.1678,0.0539,-0.0025,pass
1790915161.105,-0.2042,-0.2209,0.0422,-0.1903,0.0489,-0.0023,pass
1790915161.217,-0.1931,-0.2453,0.0433,-0.1953,0.0435,-0.0020,pass
1790915161.313,-0.2207,-0.2191,0.0431,-0.1947,0.0460,-0.0022,pass
1790915161.409,-0.2278,-0.2191,0.0418,-0.1888,0.0438,-0.0021,pass
1790915161.505,-0.2292,-0.1737,0.0420,-0.1896,0.0436,-0.0020,pass
1790915161.602,-0.2315,-0.2278,0.0423,-0.1910,0.0435,-0.0020,pass
1790915161.713,-0.1963,-0.2348,0.0420,-0.1895,0.0351,-0.0016,pass
1790915161.809,-0.2329,-0.2785,0.0421,-0.1940,0.0396,-0.0019,pass
1790915161.907,-0.2411,-0.2436,0.0416,-0.1964,0.0395,-0.0018,pass
1790915162.017,-0.2204,-0.2034,0.0410,-0.1953,0.0378,-0.0018,pass
1790915162.113,-0.2233,-0.2558,0.0401,-0.1939,0.0350,-0.0016,pass
1790915162.209,-0.2590,-0.2575,0.0404,-0.1976,0.0428,-0.0020,pass
1790915162.306,-0.2561,-0.2174,0.0405,-0.2010,0.0386,-0.0018,pass
1790915162.401,-0.2366,-0.2418,0.0396,-0.2022,0.0362,-0.0017,pass
1790915162.513,-0.2051,-0.1528,0.0390,-0.2019,0.0343,-0.0016,pass
1790915162.609,-0.1845,-0.1319,0.0385,-0.2012,0.0430,-0.0020,pass
1790915162.706,-0.1871,-0.2052,0.0381,-0.2039,0.0399,-0.0019,pass
1790915162.801,-0.1968,-0.1842,0.0380,-0.2091,0.0367,-0.0017,pass
1790915162.913,-0.1800,-0.1580,0.0382,-0.2146,0.0359,-0.0017,pass
1790915163.009,-0.1841,-0.1755,0.0369,-0.2104,0.0417,-0.0020,pass
1790915163.106,-0.1745,-0.1580,0.0363,-0.2153,0.0270,-0.0013,pass
1790915163.203,-0.1683,-0.2034,0.0354,-0.2215,0.0195,-0.0009,pass
1790915163.313,-0.1490,-0.2209,0.0335,-0.2271,0.0172,-0.0008,pass
1790915163.410,-0.1942,-0.2226,0.0335,-0.2300,0.0298,-0.0014,pass
1790915163.506,-0.1948,-0.1860,0.0332,-0.2346,0.0238,-0.0011,pass
1790915163.602,-0.2039,-0.2209,0.0317,-0.2290,0.0346,-0.0016,pass
1790915163.713,-0.1510,-0.1423,0.0322,-0.2364,0.0223,-0.0010,pass
1790915163.809,-0.1454,-0.1894,0.0307,-0.2473,0.0174,-0.0008,pass
1790915163.906,-0.1622,-0.1388,0.0284,-0.2537,0.0024,-0.0001,pass
1790915164.001,-0.1771,-0.1720,0.0251,-0.2649,0.0020,-0.0001,pass
1790915164.114,-0.1841,-0.2558,0.0235,-0.2733,0.0140,-0.0007,pass
1790915164.209,-0.1911,-0.2069,0.0185,-0.2953,-0.0010,0.0000,pass
1790915164.305,-0.2138,-0.2680,0.0168,-0.3074,-0.0178,0.0008,pass
1790915164.402,-0.2202,-0.1894,0.0138,-0.3262,0.0044,-0.0002,pass
1790915164.513,-0.2214,-0.2418,0.0140,-0.3238,-0.0006,0.0000,pass
1790915164.610,-0.2041,-0.1982,0.0102,-0.3291,-0.0119,0.0006,pass
1790915164.706,-0.2332,-0.2767,0.0120,-0.3283,-0.0391,0.0018,pass
1790915164.801,-0.2095,-0.2401,0.0109,-0.3359,-0.0253,0.0012,pass
1790915164.913,-0.2320,-0.1894,0.0069,-0.3501,-0.0225,0.0011,pass
1790915165.009,-0.2103,-0.2017,0.0061,-0.3528,-0.0442,0.0021,pass
1790915165.106,-0.2472,-0.2488,0.0044,-0.3653,-0.0302,0.0014,pass
1790915165.201,-0.2683,-0.2645,0.0016,-0.3756,-0.0283,0.0013,pass
1790915165.313,-0.2766,-0.2610,0.0016,-0.3724,-0.0437,0.0020,pass
1790915165.409,-0.2576,-0.3587,0.0057,-0.3569,-0.0328,0.0015,pass
1790915165.509,-0.2939,-0.2593,0.0063,-0.3563,-0.0268,0.0013,pass
1790915165.601,-0.2447,-0.2401,0.0058,-0.3590,-0.0511,0.0024,pass
1790915165.713,-0.2903,-0.2837,0.0055,-0.3613,-0.0164,0.0008,pass
1790915165.811,-0.2790,-0.3186,0.0135,-0.3257,-0.0037,0.0002,pass
1790915165.905,-0.3098,-0.2488,0.0133,-0.3258,-0.0058,0.0003,pass
1790915166.001,-0.2979,-0.2558,0.0152,-0.3221,-0.0001,0.0000,pass
1790915166.097,-0.2141,-0.2261,0.0122,-0.3354,-0.0100,0.0005,pass
1790915166.209,-0.2433,-0.2662,0.0086,-0.3480,-0.0124,0.0006,pass
1790915166.307,-0.3177,-0.3587,0.0034,-0.3728,-0.0099,0.0005,pass
1790915166.401,-0.3078,-0.2889,-0.0114,-0.3318,-0.0234,0.0011,pass
1790915166.513,-0.2814,-0.2296,-0.0053,-0.3694,-0.0184,0.0009,pass
1790915166.609,-0.2607,-0.3186,-0.0054,-0.3665,-0.0309,0.0014,pass
1790915166.705,-0.3492,-0.3727,-0.0041,-0.3726,-0.0149,0.0007,pass
1790915166.801,-0.4099,-0.3727,-0.0059,-0.3631,-0.0115,0.0005,pass
1790915166.897,-0.3199,-0.3169,0.0023,-0.3754,-0.0425,0.0020,pass
1790915167.009,-0.3230,-0.2383,-0.0052,-0.3674,-0.0163,0.0008,pass
1790915167.105,-0.2455,-0.2139,0.0028,-0.3682,-0.0637,0.0030,pass
1790915167.201,-0.2918,-0.1737,-0.0121,-0.3014,-0.0316,0.0015,pass
1790915167.314,-0.2124,-0.4129,-0.0150,-0.3059,-0.0444,0.0021,pass
1790915167.409,-0.3183,-0.2470,-0.0194,-0.2971,-0.0145,0.0007,pass
1790915167.506,-0.2394,-0.1511,-0.0350,-0.2306,-0.0660,0.0031,pass
1790915167.602,-0.1608,-0.1144,-0.0384,-0.2166,-0.0630,0.0030,pass
1790915167.697,-0.1861,-0.1511,-0.0385,-0.2033,-0.0383,0.0018,pass
1790915167.810,-0.1604,-0.2837,-0.0383,-0.2102,-0.0308,0.0014,pass
1790915167.905,-0.2255,-0.2034,-0.0373,-0.2143,-0.0535,0.0025,pass
1790915168.001,-0.1584,-0.1580,-0.0374,-0.2223,-0.0681,0.0032,pass
1790915168.097,-0.1783,-0.1319,-0.0377,-0.2223,-0.0631,0.0030,pass
1790915168.210,-0.1576,-0.1074,-0.0378,-0.2169,-0.0415,0.0019,pass
1790915168.308,-0.1724,-0.2523,-0.0394,-0.1912,-0.0559,0.0026,pass
1790915168.403,-0.1881,-0.2261,-0.0460,-0.1834,-0.0466,0.0022,pass
1790915168.497,-0.1630,-0.2418,-0.0431,-0.1945,-0.0669,0.0031,pass
1790915168.609,-0.1881,-0.1633,-0.0431,-0.2005,-0.0345,0.0016,pass
1790915168.706,-0.1629,-0.0882,-0.0435,-0.1965,-0.0535,0.0025,pass
1790915168.802,-0.1899,-0.0935,-0.0486,-0.1655,-0.0436,0.0020,pass
1790915168.897,-0.1587,-0.1807,-0.0551,-0.1347,-0.0507,0.0024,pass
1790915169.009,-0.1002,-0.1755,-0.0605,-0.0888,-0.0454,0.0021,pass
1790915169.105,-0.1233,0.0008,-0.0611,-0.0874,-0.0624,0.0029,pass
1790915169.202,-0.0462,-0.0463,-0.0446,-0.0083,-0.0684,0.0032,pass
1790915169.297,-0.0371,-0.0202,-0.0200,-0.0103,-0.0440,0.0021,pass
1790915169.409,-0.0200,0.0165,-0.0199,0.0138,-0.0264,0.0012,pass
1790915169.507,0.0000,-0.0167,-0.0410,-0.0000,-0.0211,0.0010,pass
1790915169.601,0.0090,0.0305,-0.0567,0.0069,-0.0258,0.0012,pass
1790915169.697,0.0000,-0.0306,-0.0632,0.0032,-0.0408,0.0019,pass
1790915169.809,-0.0211,-0.0254,-0.0633,0.0033,-0.0361,0.0017,pass
1790915169.906,0.0000,-0.0184,-0.0634,-0.0281,-0.0567,0.0027,pass
1790915170.001,-0.0315,-0.0359,-0.0620,-0.0411,-0.0481,0.0022,pass
1790915170.098,-0.0196,-0.0516,-0.0628,-0.0423,-0.0638,0.0030,pass
1790915170.209,-0.0378,0.0462,-0.0621,-0.0396,-0.0477,0.0022,pass
1790915170.306,-0.0139,-0.0271,-0.0595,-0.0241,-0.0673,0.0032,pass
1790915170.402,-0.0491,0.0043,-0.0622,-0.0181,-0.0483,0.0023,pass
1790915170.497,-0.0191,0.0479,-0.0616,0.0224,-0.0675,0.0032,pass
1790915170.609,0.0160,0.0182,-0.0595,0.0538,-0.0511,0.0024,pass
1790915170.706,0.0260,0.1212,-0.0579,0.0745,-0.0727,0.0034,pass
1790915170.802,0.0639,0.1998,-0.0568,0.1109,-0.0498,0.0023,pass
1790915170.897,0.1582,0.1491,-0.0466,0.1615,-0.0839,0.0039,pass
1790915171.009,0.1452,0.1387,-0.0426,0.1801,-0.0681,0.0032,pass
1790915171.106,0.1756,0.2329,-0.0398,0.1784,-0.0724,0.0034,pass
1790915171.201,0.2013,0.3080,-0.0414,0.1941,-0.0532,0.0025,pass
1790915171.297,0.1925,0.1247,-0.0344,0.2224,-0.0721,0.0034,pass
1790915171.409,0.2206,0.1928,-0.0282,0.2387,-0.0642,0.0030,pass
1790915171.506,0.2063,0.2277,-0.0255,0.2630,-0.0735,0.0034,pass
1790915171.601,0.2599,0.1841,-0.0137,0.2845,-0.0759,0.0036,pass
1790915171.698,0.2425,0.0985,-0.0035,0.2584,-0.0318,0.0015,pass
1790915171.793,0.1508,0.3324,0.0028,0.2382,-0.0425,0.0020,pass
1790915171.906,0.2082,0.1596,0.0183,0.2064,-0.0383,0.0018,pass
1790915172.002,0.1842,-0.0289,0.0092,0.1223,0.0025,-0.0001,pass
1790915172.097,0.0810,-0.0010,0.0000,0.0000,0.0071,-0.0003,pass
1790915172.193,0.0095,-0.0010,0.0000,0.0000,0.0035,-0.0002,pass
1790915172.306,0.0043,-0.0044,0.0000,0.0000,0.0020,-0.0001,pass
1790915172.401,0.0063,0.0025,0.0000,0.0000,0.0008,-0.0000,pass
1790915172.497,0.0072,-0.0010,0.0000,0.0000,0.0006,-0.0000,pass
1790915172.594,0.0062,-0.0010,0.0000,0.0000,0.0005,-0.0000,pass
1790915172.705,0.0054,0.0008,0.0000,0.0000,0.0001,-0.0000,pass
1790915172.802,0.0062,0.0008,0.0000,0.0000,0.0002,-0.0000,pass
1790915172.897,0.0000,0.0549,0.0000,0.0000,0.0002,-0.0000,pass
1790915172.994,0.0062,0.1404,0.0044,0.0373,0.0000,-0.0000,pass
1790915173.105,0.0493,0.2853,0.0001,0.1879,-0.0039,0.0002,pass
1790915173.203,0.1430,0.2905,-0.0006,0.2954,-0.0093,0.0004,pass
1790915173.298,0.3060,0.2486,0.0082,0.3208,-0.0354,0.0017,pass
1790915173.394,0.4074,0.1998,0.0223,0.2446,-0.0206,0.0010,pass
1790915173.511,0.1851,0.0793,0.0328,0.1517,0.0275,-0.0013,pass
1790915173.602,0.1376,0.0287,0.0397,0.0534,0.0356,-0.0017,pass
1790915173.697,0.0540,0.0811,0.0277,0.0573,0.0230,-0.0011,pass
1790915173.793,0.0375,0.2521,0.0091,0.1354,0.0204,-0.0010,pass
1790915173.905,0.1458,0.1614,0.0064,0.2812,0.0064,-0.0003,pass
1790915174.001,0.1465,0.1771,0.0133,0.3061,0.0030,-0.0001,pass
1790915174.097,0.2473,0.2451,0.0207,0.2839,-0.0334,0.0016,pass
1790915174.193,0.2283,0.1893,0.0292,0.2432,0.0100,-0.0005,pass
1790915174.305,0.2342,0.1806,0.0359,0.2157,0.0087,-0.0004,pass
1790915174.401,0.1924,0.0915,0.0449,0.1818,0.0253,-0.0012,pass
1790915174.498,0.1544,0.1160,0.0583,0.1235,0.0395,-0.0018,pass
1790915174.594,0.1121,0.1579,0.0607,0.1098,0.0386,-0.0018,pass
1790915174.705,0.1343,0.0863,0.0603,0.1116,0.0404,-0.0019,pass
1790915174.802,0.1025,0.1073,0.0617,0.1032,0.0597,-0.0028,pass
1790915174.898,0.0984,0.0741,0.0618,0.1013,0.0482,-0.0023,pass
1790915174.993,0.1210,0.1177,0.0612,0.1084,0.0560,-0.0026,pass
1790915175.106,0.0995,0.1020,0.0637,0.0994,0.0509,-0.0024,pass
1790915175.210,0.0992,0.0828,0.0612,0.1010,0.0510,-0.0024,pass
1790915175.297,0.0885,0.1247,0.0608,0.1013,0.0681,-0.0032,pass
1790915175.393,0.1330,0.1177,0.0617,0.1032,0.0465,-0.0022,pass
1790915175.505,0.1009,0.0793,0.0609,0.1068,0.0493,-0.0023,pass
1790915175.607,0.0881,0.1177,0.0617,0.1046,0.0576,-0.0027,pass
1790915175.697,0.0995,0.1160,0.0624,0.1023,0.0522,-0.0024,pass
1790915175.794,0.1335,0.0252,0.0600,0.1059,0.0537,-0.0025,pass
1790915175.905,0.0603,-0.0044,0.0527,-0.0015,0.0515,-0.0024,pass
1790915176.002,0.0490,-0.1685,0.0403,-0.1270,0.0528,-0.0025,pass
1790915176.097,-0.0373,-0.3378,0.0296,-0.2195,0.0305,-0.0014,pass
1790915176.193,-0.1960,-0.3151,0.0223,-0.2699,0.0614,-0.0029,pass
1790915176.305,-0.3066,-0.2575,0.0201,-0.2829,0.0542,-0.0025,pass
1790915176.401,-0.2733,-0.3570,0.0168,-0.2858,0.0209,-0.0010,pass
1790915176.497,-0.3394,-0.2942,0.0140,-0.3030,0.0376,-0.0018,pass
1790915176.594,-0.3054,-0.3116,0.0136,-0.2954,0.0004,-0.0000,pass
1790915176.689,-0.3174,-0.2209,0.0162,-0.2656,0.0140,-0.0007,pass
1790915176.801,-0.2706,-0.1563,0.0146,-0.2244,0.0065,-0.0003,pass
1790915176.897,-0.1904,-0.0690,0.0108,-0.1150,-0.0114,0.0005,pass
1790915176.993,-0.1246,0.0130,0.0102,-0.0758,-0.0146,0.0007,pass
1790915177.089,-0.0314,-0.0533,0.0103,-0.0237,-0.0075,0.0004,pass
1790915177.201,-0.0276,0.0060,0.0082,-0.0352,0.0061,-0.0003,pass
1790915177.297,-0.0176,-0.0882,0.0076,-0.0214,0.0005,-0.0000,pass
1790915177.393,-0.0197,-0.0236,0.0080,-0.0403,0.0119,-0.0006,pass
1790915177.489,-0.0349,-0.0498,0.0052,-0.0328,0.0044,-0.0002,pass
1790915177.601,-0.0590,-0.0097,0.0070,-0.0461,0.0078,-0.0004,pass
1790915177.697,-0.0114,-0.0010,0.0059,-0.0185,-0.0006,0.0000,pass
1790915177.794,-0.0155,0.0043,0.0073,-0.0144,0.0021,-0.0001,pass
1790915177.889,-0.0051,0.0025,0.0002,0.0010,0.0020,-0.0001,pass
1790915178.006,-0.0051,0.0060,-0.0001,-0.0004,0.0016,-0.0001,pass
1790915178.097,-0.0092,-0.0079,0.0004,0.0184,0.0020,-0.0001,pass
1790915178.193,0.0000,0.0252,0.0000,0.0000,0.0015,-0.0001,pass
1790915178.289,0.0036,-0.0062,0.0008,0.0180,0.0011,-0.0001,pass
1790915178.401,0.0087,-0.0010,-0.0012,0.0099,0.0007,-0.0000,pass
1790915178.497,0.0062,-0.0027,0.0011,0.0017,0.0001,-0.0000,pass
1790915178.593,0.0051,0.0043,0.0016,-0.0221,0.0024,-0.0001,pass
1790915178.689,0.0000,-0.0010,0.0011,0.0035,0.0002,-0.0000,pass
1790915178.801,-0.0044,0.0217,0.0038,0.0113,0.0003,-0.0000,pass
1790915178.897,0.0051,0.0148,0.0069,0.0298,0.0008,-0.0000,pass
1790915178.993,0.0173,0.0217,0.0081,0.0227,0.0003,-0.0000,pass
1790915179.089,0.0134,0.0095,0.0048,0.0217,0.0028,-0.0001,pass
1790915179.202,0.0115,-0.0097,0.0022,0.0100,0.0029,-0.0001,pass
1790915179.297,0.0081,0.0025,-0.0021,-0.0090,0.0035,-0.0002,pass
1790915179.393,0.0036,-0.0010,-0.0018,-0.0129,0.0036,-0.0002,pass
1790915179.489,0.0051,-0.0167,-0.0001,-0.0251,0.0013,-0.0001,pass
1790915179.602,-0.0087,-0.0062,0.0002,-0.0237,-0.0001,0.0000,pass
1790915179.697,-0.0114,-0.0044,-0.0028,-0.0125,0.0001,-0.0000,pass
1790915179.793,-0.0102,-0.0271,-0.0001,-0.0013,0.0005,-0.0000,pass
1790915179.985,-0.0076,0.0043,-0.0012,0.0052,-0.0003,0.0000,pass
1790915180.097,-0.0044,0.0130,-0.0028,0.0136,-0.0000,0.0000,pass
1790915180.193,-0.0036,-0.0044,-0.0009,0.0149,-0.0014,0.0001,pass
1790915180.289,0.0102,-0.0010,-0.0016,0.0071,-0.0009,0.0000,pass
1790915180.386,-0.0051,0.0043,-0.0029,0.0139,-0.0002,0.0000,pass
1790915180.502,0.0030,0.0235,0.0016,0.0070,-0.0007,0.0000,pass
1790915180.593,0.0099,0.0113,0.0028,0.0127,-0.0005,0.0000,pass
1790915180.785,0.0114,-0.0306,0.0053,0.0017,0.0004,-0.0000,pass
1790915180.901,-0.0067,-0.0202,0.0041,-0.0173,0.0021,-0.0001,pass
1790915180.993,-0.0158,0.0130,0.0018,-0.0176,0.0053,-0.0002,pass
1790915181.089,0.0062,-0.0044,0.0026,-0.0028,-0.0024,0.0001,pass
1790915181.187,0.0000,-0.0044,0.0043,-0.0042,0.0015,-0.0001,pass
1790915181.297,-0.0044,-0.0446,0.0028,-0.0143,0.0015,-0.0001,pass
1790915181.393,-0.0119,-0.0027,0.0041,-0.0296,0.0052,-0.0002,pass
1790915181.489,-0.0095,-0.0271,0.0000,-0.0017,0.0004,-0.0000,pass
1790915181.585,-0.0213,0.0113,-0.0012,-0.0041,0.0071,-0.0003,pass
1790915181.697,-0.0097,0.0060,-0.0029,0.0109,-0.0011,0.0001,pass
1790915181.793,-0.0080,0.0113,-0.0023,-0.0082,0.0005,-0.0000,pass
1790915181.985,-0.0025,-0.0044,-0.0058,0.0140,-0.0008,0.0000,pass
1790915182.097,-0.0044,-0.0010,-0.0085,0.0022,-0.0010,0.0000,pass
1790915182.193,0.0108,0.0008,-0.0057,0.0256,-0.0037,0.0002,pass
1790915182.385,0.0000,0.0200,-0.0039,0.0178,-0.0028,0.0001,pass
1790915182.498,0.0097,0.0060,0.0046,-0.0194,-0.0004,0.0000,pass
1790915182.593,0.0051,-0.0132,0.0008,0.0020,-0.0006,0.0000,pass
1790915182.785,0.0000,-0.0079,0.0061,-0.0101,0.0006,-0.0000,pass
1790915182.897,0.0000,0.0025,0.0006,-0.0241,0.0011,-0.0000,pass
1790915182.995,-0.0094,-0.0044,0.0000,0.0000,0.0006,-0.0000,pass
1790915183.187,-0.0036,0.0165,-0.0006,-0.0027,0.0002,-0.0000,pass
1790915183.297,-0.0031,-0.0010,-0.0024,0.0167,0.0000,-0.0000,pass
1790915183.393,0.0000,0.0130,-0.0018,0.0223,-0.0004,0.0000,pass
1790915183.490,0.0072,0.0025,-0.0019,0.0235,-0.0009,0.0000,pass
1790915183.585,0.0108,0.0165,-0.0001,0.0020,-0.0005,0.0000,pass
1790915183.697,0.0075,0.0165,-0.0002,0.0091,-0.0006,0.0000,pass
1790915183.793,0.0108,0.0043,0.0032,0.0124,-0.0004,0.0000,pass
1790915183.985,0.0078,0.0025,0.0022,-0.0083,0.0001,-0.0000,pass
1790915184.097,0.0044,-0.0044,0.0004,-0.0204,0.0003,-0.0000,pass
1790915184.193,0.0000,-0.0463,-0.0013,-0.0075,0.0002,-0.0000,pass
1790915184.385,-0.0078,0.0060,-0.0021,-0.0319,0.0013,-0.0001,pass
1790915184.481,-0.0119,-0.0184,0.0000,0.0000,0.0004,-0.0000,pass
1790915184.593,-0.0087,-0.0202,-0.0010,0.0026,-0.0001,0.0000,pass
1790915184.785,-0.0044,-0.0044,0.0003,-0.0067,-0.0003,0.0000,pass
1790915184.881,-0.0036,0.0043,0.0007,0.0049,-0.0002,0.0000,pass
1790915184.993,-0.0031,0.0235,-0.0015,0.0165,-0.0006,0.0000,pass
1790915185.089,0.0062,0.0078,-0.0007,0.0208,-0.0011,0.0001,pass
1790915185.282,0.0086,0.0078,0.0020,0.0089,-0.0007,0.0000,pass
1790915185.393,0.0093,0.0078,0.0068,-0.0305,0.0002,-0.0000,pass
1790915185.489,-0.0130,-0.0516,0.0055,-0.0260,0.0049,-0.0002,pass
1790915185.586,-0.0159,0.0113,0.0077,-0.0352,0.0017,-0.0001,pass
1790915185.681,-0.0081,-0.0097,0.0012,-0.0051,0.0007,-0.0000,pass
1790915185.793,-0.0069,-0.0079,-0.0012,-0.0104,0.0005,-0.0000,pass
1790915185.985,-0.0048,-0.0167,0.0009,-0.0057,0.0007,-0.0000,pass
1790915186.081,-0.0072,-0.0027,-0.0023,-0.0158,-0.0001,0.0000,pass
1790915186.193,0.0000,0.0043,-0.0040,0.0181,-0.0000,0.0000,pass
1790915186.385,0.0057,0.0217,-0.0020,0.0183,-0.0012,0.0001,pass
1790915186.481,0.0135,0.0043,-0.0014,0.0206,-0.0008,0.0000,pass
1790915186.593,0.0075,-0.0079,0.0026,-0.0165,-0.0002,0.0000,pass
1790915186.785,0.0031,-0.0167,0.0014,-0.0064,0.0001,-0.0000,pass
1790915186.881,0.0000,-0.0062,0.0022,-0.0099,-0.0011,0.0000,pass
1790915186.993,-0.0120,-0.0027,-0.0019,-0.0076,0.0022,-0.0001,pass
1790915187.186,-0.0040,0.0008,-0.0026,0.0119,-0.0001,0.0000,pass
1790915187.282,-0.0051,0.0113,-0.0013,-0.0058,-0.0006,0.0000,pass
1790915187.393,0.0000,0.0008,-0.0003,-0.0041,0.0003,-0.0000,pass
1790915187.585,0.0000,0.0113,-0.0017,0.0176,-0.0006,0.0000,pass
1790915187.685,0.0069,0.0113,-0.0043,0.0136,-0.0011,0.0001,pass
1790915187.793,0.0032,0.0113,-0.0002,-0.0008,-0.0011,0.0001,pass
1790915187.889,0.0000,-0.0062,0.0000,0.0000,-0.0020,0.0001,pass
1790915188.082,0.0018,0.0043,0.0002,0.0007,-0.0006,0.0000,pass
1790915188.193,0.0103,0.0217,0.0020,0.0095,-0.0006,0.0000,pass
1790915188.385,0.0133,-0.0184,0.0035,0.0057,-0.0002,0.0000,pass
1790915188.482,0.0000,-0.0114,0.0076,-0.0341,0.0020,-0.0001,pass
1790915188.593,-0.0172,0.0078,0.0029,-0.0345,0.0055,-0.0003,pass
1790915188.689,-0.0051,-0.0359,-0.0000,-0.0018,-0.0024,0.0001,pass
1790915188.881,-0.0148,-0.0044,0.0012,-0.0175,0.0017,-0.0001,pass
1790915188.993,-0.0087,-0.0010,-0.0020,-0.0081,0.0008,-0.0000,pass
1790915189.185,-0.0031,0.0025,-0.0057,0.0256,-0.0003,0.0000,pass
1790915189.281,0.0148,0.0322,-0.0065,0.0295,-0.0061,0.0003,pass
1790915189.377,0.0194,0.0252,-0.0049,0.0264,-0.0036,0.0002,pass
1790915189.585,0.0155,-0.0184,0.0036,0.0139,0.0002,-0.0000,pass
1790915189.681,0.0072,-0.0010,0.0076,-0.0201,0.0003,-0.0000,pass
1790915189.793,-0.0119,-0.0027,0.0064,-0.0287,0.0035,-0.0002,pass
1790915189.986,-0.0018,-0.0254,0.0003,-0.0014,0.0004,-0.0000,pass
1790915190.081,-0.0081,-0.0010,0.0014,-0.0062,0.0012,-0.0001,pass
1790915190.177,-0.0194,-0.0306,0.0001,-0.0011,0.0064,-0.0003,pass
1790915190.290,0.0069,0.0148,-0.0012,0.0055,-0.0034,0.0002,pass
1790915190.481,-0.0084,0.0113,-0.0008,0.0047,0.0017,-0.0001,pass
1790915190.578,0.0000,0.0095,0.0042,0.0065,0.0015,-0.0001,pass
1790915190.785,-0.0058,-0.0010,0.0017,-0.0098,0.0020,-0.0001,pass
1790915190.881,-0.0062,-0.0149,-0.0001,-0.0142,0.0016,-0.0001,pass
1790915190.977,-0.0102,0.0078,-0.0015,-0.0165,0.0012,-0.0001,pass
1790915191.186,-0.0044,0.0095,-0.0057,-0.0096,-0.0003,0.0000,pass
1790915191.281,0.0000,-0.0010,-0.0055,0.0231,-0.0023,0.0001,pass
1790915191.378,-0.0051,0.0095,-0.0007,-0.0013,-0.0022,0.0001,pass
1790915191.586,0.0047,0.0165,-0.0031,0.0141,-0.0020,0.0001,pass
1790915191.682,0.0114,0.0130,-0.0021,0.0144,-0.0016,0.0001,pass
1790915191.777,0.0114,0.0095,-0.0018,0.0225,-0.0014,0.0001,pass
1790915191.985,0.0183,0.0235,0.0067,0.0292,-0.0017,0.0001,pass
1790915192.081,0.0172,-0.0132,0.0113,0.0202,0.0065,-0.0003,pass
1790915192.178,0.0113,-0.0219,0.0122,-0.0157,0.0047,-0.0002,pass
1790915192.385,-0.0053,-0.0114,0.0034,-0.0163,0.0043,-0.0002,pass
1790915192.481,-0.0036,0.0113,-0.0017,-0.0128,0.0029,-0.0001,pass
1790915192.577,0.0000,0.0130,-0.0014,0.0062,0.0026,-0.0001,pass
1790915192.691,0.0000,0.0060,-0.0013,0.0050,0.0015,-0.0001,pass
1790915192.881,0.0000,0.0008,-0.0037,-0.0105,-0.0006,0.0000,pass
1790915192.977,0.0000,0.0113,-0.0049,-0.0030,0.0004,-0.0000,pass
1790915193.089,-0.0044,-0.0010,-0.0008,0.0109,-0.0010,0.0000,pass
1790915193.283,0.0018,0.0008,0.0029,0.0011,-0.0009,0.0000,pass
1790915193.377,0.0064,0.0078,0.0019,0.0087,-0.0002,0.0000,pass
1790915193.586,0.0040,-0.0394,0.0009,-0.0058,0.0008,-0.0000,pass
1790915193.682,-0.0072,-0.0010,-0.0015,-0.0198,0.0004,-0.0000,pass
1790915193.777,0.0000,0.0025,-0.0047,-0.0038,-0.0003,0.0000,pass
1790915193.873,0.0000,0.0025,-0.0067,0.0029,-0.0012,0.0001,pass
1790915193.985,0.0069,0.0078,-0.0050,0.0206,-0.0010,0.0000,pass
1790915194.081,0.0072,-0.0062,-0.0033,0.0253,-0.0026,0.0001,pass
1790915194.177,0.0000,0.0025,0.0024,0.0089,-0.0013,0.0001,pass
1790915194.273,0.0062,-0.0010,0.0052,0.0037,0.0003,-0.0000,pass
1790915194.385,0.0053,0.0043,0.0037,0.0149,-0.0004,0.0000,pass
1790915194.481,0.0000,-0.0010,0.0074,-0.0062,0.0014,-0.0001,pass
1790915194.577,0.0000,-0.0132,0.0053,-0.0154,0.0026,-0.0001,pass
1790915194.673,-0.0072,0.0113,0.0037,-0.0226,0.0018,-0.0001,pass
1790915194.785,-0.0031,0.0165,-0.0015,0.0052,0.0006,-0.0000,pass
1790915194.881,-0.0036,0.0095,-0.0055,0.0081,-0.0002,0.0000,pass
1790915195.073,0.0048,0.0025,-0.0040,0.0180,-0.0007,0.0000,pass
1790915195.186,0.0081,-0.0219,0.0002,-0.0013,-0.0002,0.0000,pass
1790915195.377,-0.0054,-0.0184,0.0013,-0.0393,0.0005,-0.0000,pass
1790915195.473,-0.0108,-0.0149,-0.0028,-0.0127,-0.0007,0.0000,pass
1790915195.585,-0.0082,0.0043,-0.0036,-0.0081,-0.0002,0.0000,pass
1790915195.681,-0.0062,-0.0341,-0.0020,0.0092,0.0004,-0.0000,pass
1790915195.778,-0.0080,0.0060,-0.0016,-0.0052,0.0005,-0.0000,pass
1790915195.873,-0.0081,-0.0010,-0.0033,0.0000,0.0000,-0.0000,pass
1790915195.986,-0.0061,0.0078,-0.0053,0.0057,-0.0009,0.0000,pass
1790915196.081,0.0051,0.0043,-0.0026,0.0135,-0.0018,0.0001,pass
1790915196.177,0.0000,-0.0010,-0.0017,0.0201,-0.0015,0.0001,pass
1790915196.273,0.0072,-0.0062,-0.0041,0.0168,-0.0003,0.0000,pass
1790915196.386,-0.0043,0.0078,0.0001,0.0022,-0.0014,0.0001,pass
1790915196.481,0.0000,-0.0149,-0.0001,0.0003,-0.0013,0.0001,pass
1790915196.577,-0.0088,0.0008,-0.0003,-0.0324,-0.0006,0.0000,pass
1790915196.674,-0.0036,-0.0219,-0.0000,-0.0021,-0.0007,0.0000,pass
1790915196.787,-0.0061,0.0060,0.0005,-0.0088,-0.0008,0.0000,pass
1790915196.881,0.0000,-0.0079,0.0016,0.0059,0.0003,-0.0000,pass
1790915196.977,-0.0051,0.0025,0.0054,0.0077,0.0007,-0.0000,pass
1790915197.073,-0.0197,-0.0167,0.0070,0.0013,0.0048,-0.0002,pass
1790915197.186,0.0031,-0.0010,0.0058,-0.0260,-0.0006,0.0000,pass
1790915197.282,-0.0200,0.0025,0.0016,-0.0106,0.0075,-0.0004,pass
1790915197.473,-0.0051,-0.0202,0.0011,-0.0064,0.0002,-0.0000,pass
1790915197.585,-0.0081,0.0078,-0.0027,0.0123,0.0001,-0.0000,pass
1790915197.778,-0.0044,0.0165,-0.0006,0.0100,-0.0000,0.0000,pass
1790915197.875,0.0102,0.0025,-0.0058,0.0274,-0.0013,0.0001,pass
1790915197.985,0.0094,0.0043,0.0000,0.0000,-0.0012,0.0001,pass
1790915198.081,0.0062,-0.0010,0.0001,0.0006,-0.0001,0.0000,pass
1790915198.275,0.0086,-0.0044,0.0034,0.0154,-0.0010,0.0000,pass
1790915198.369,0.0126,-0.0010,0.0054,0.0064,0.0009,-0.0000,pass
1790915198.481,0.0062,0.0113,0.0043,0.0196,0.0012,-0.0001,pass
1790915198.577,0.0072,0.0060,0.0044,0.0199,0.0008,-0.0000,pass
1790915198.674,0.0113,0.0113,0.0003,0.0016,0.0010,-0.0000,pass
1790915198.881,0.0091,0.0148,0.0036,-0.0163,0.0014,-0.0001,pass
1790915198.977,0.0036,-0.0010,0.0000,0.0000,0.0009,-0.0000,pass
1790915199.073,0.0062,0.0025,0.0019,-0.0031,0.0008,-0.0000,pass
1790915199.169,0.0072,0.0043,-0.0002,0.0011,0.0008,-0.0000,pass
1790915199.281,0.0000,0.0130,-0.0016,0.0072,0.0015,-0.0001,pass
1790915199.377,0.0114,-0.0079,-0.0018,0.0081,-0.0002,0.0000,pass
1790915199.473,0.0080,0.0113,0.0000,0.0000,-0.0000,0.0000,pass
1790915199.569,0.0036,0.0025,-0.0006,0.0027,-0.0001,0.0000,pass
1790915199.777,0.0029,-0.0062,0.0000,0.0000,0.0001,-0.0000,pass
1790915199.875,0.0000,0.0165,0.0014,-0.0063,0.0007,-0.0000,pass
1790915199.969,0.0000,-0.0271,0.0012,0.0056,0.0004,-0.0000,pass
1790915200.081,-0.0031,0.0078,0.0035,-0.0156,0.0010,-0.0000,pass
1790915200.178,0.0000,0.0113,0.0000,0.0000,0.0009,-0.0000,pass
1790915200.274,0.0036,0.0025,0.0001,0.0004,0.0007,-0.0000,pass
1790915200.372,0.0061,-0.0027,0.0004,0.0016,0.0010,-0.0000,pass
1790915200.481,0.0000,0.0025,0.0008,-0.0037,0.0014,-0.0001,pass
1790915200.578,0.0000,0.0078,0.0029,-0.0076,0.0026,-0.0001,pass
1790915200.673,-0.0036,-0.0010,0.0000,0.0000,0.0017,-0.0001,pass
1790915200.769,0.0051,-0.0010,0.0000,0.0000,0.0023,-0.0001,pass
1790915200.881,-0.0062,-0.0010,-0.0014,0.0063,0.0001,-0.0000,pass
1790915200.978,0.0072,-0.0097,-0.0021,0.0096,0.0002,-0.0000,pass
1790915201.073,0.0096,-0.0010,-0.0050,0.0094,0.0003,-0.0000,pass
1790915201.169,0.0072,-0.0027,-0.0077,-0.0018,-0.0010,0.0000,pass
1790915201.281,0.0000,0.0025,-0.0038,-0.0171,-0.0017,0.0001,pass
1790915201.377,-0.0062,-0.0010,0.0000,0.0000,-0.0028,0.0001,pass
1790915201.473,0.0051,-0.0114,0.0023,-0.0021,-0.0009,0.0000,pass
1790915201.569,-0.0062,-0.0010,0.0043,-0.0196,0.0003,-0.0000,pass
1790915201.681,-0.0062,0.0148,0.0036,-0.0160,-0.0003,0.0000,pass
1790915201.778,0.0000,-0.0010,-0.0001,0.0006,0.0012,-0.0001,pass
1790915201.873,0.0051,0.0060,0.0008,0.0036,0.0000,-0.0000,pass
1790915201.969,0.0000,-0.0010,0.0005,0.0134,0.0005,-0.0000,pass
1790915202.082,0.0053,0.0025,0.0043,-0.0039,0.0005,-0.0000,pass
1790915202.178,0.0051,-0.0149,0.0021,0.0093,0.0023,-0.0001,pass
1790915202.273,0.0096,0.0043,0.0042,-0.0189,0.0023,-0.0001,pass
1790915202.369,-0.0051,-0.0010,0.0000,0.0000,0.0018,-0.0001,pass
1790915202.481,0.0000,0.0078,-0.0008,-0.0035,0.0012,-0.0001,pass
1790915202.578,-0.0036,0.0130,-0.0018,0.0081,0.0000,-0.0000,pass
1790915202.675,0.0050,0.0025,-0.0024,0.0109,-0.0002,0.0000,pass
1790915202.769,0.0000,0.0008,-0.0027,0.0121,-0.0008,0.0000,pass
1790915202.883,-0.0043,0.0043,-0.0017,0.0077,-0.0009,0.0000,pass
1790915202.978,0.0000,0.0008,0.0010,-0.0039,0.0000,-0.0000,pass
1790915203.074,-0.0114,-0.0097,0.0039,-0.0400,0.0023,-0.0001,pass
1790915203.169,-0.0036,-0.0446,-0.0029,-0.0131,-0.0009,0.0000,pass
1790915203.282,-0.0415,-0.0079,-0.0057,-0.0315,0.0049,-0.0002,pass
1790915203.377,0.0000,0.0130,-0.0060,-0.0153,-0.0076,0.0004,pass
1790915203.473,-0.0088,-0.0010,-0.0039,0.0175,-0.0015,0.0001,pass
1790915203.569,0.0000,0.0182,-0.0071,0.0210,-0.0034,0.0002,pass
1790915203.684,0.0000,-0.0027,-0.0044,0.0197,-0.0014,0.0001,pass
1790915203.777,0.0052,-0.0010,0.0005,-0.0023,-0.0018,0.0001,pass
1790915203.873,-0.0036,0.0148,0.0030,0.0135,-0.0014,0.0001,pass
1790915203.969,0.0108,0.0217,0.0047,0.0211,-0.0009,0.0000,pass
1790915204.065,0.0294,0.0113,0.0047,0.0264,-0.0047,0.0002,pass
1790915204.177,0.0151,-0.0254,0.0044,0.0201,0.0020,-0.0001,pass
1790915204.274,0.0036,0.0148,0.0016,-0.0071,0.0042,-0.0002,pass
1790915204.369,0.0051,-0.0202,0.0006,0.0027,0.0017,-0.0001,pass
1790915204.481,0.0053,0.0043,0.0027,-0.0121,0.0025,-0.0001,pass
1790915204.578,0.0000,-0.0010,0.0030,-0.0134,0.0013,-0.0001,pass
1790915204.673,0.0000,0.0043,0.0028,-0.0126,0.0016,-0.0001,pass
1790915204.772,0.0035,0.0165,0.0000,0.0000,0.0015,-0.0001,pass
1790915204.882,0.0044,-0.0079,-0.0014,0.0067,0.0017,-0.0001,pass
1790915205.073,0.0044,-0.0114,-0.0017,-0.0004,0.0005,-0.0000,pass
1790915205.169,-0.0095,0.0043,-0.0017,-0.0181,-0.0002,0.0000,pass
1790915205.266,-0.0088,-0.0394,-0.0033,-0.0104,-0.0013,0.0001,pass
1790915205.377,-0.0167,-0.0062,-0.0044,-0.0209,0.0035,-0.0002,pass
1790915205.474,-0.0100,-0.0306,-0.0055,-0.0085,-0.0059,0.0003,pass
1790915205.569,-0.0270,0.0043,-0.0047,-0.0325,0.0040,-0.0002,pass
1790915205.665,0.0051,-0.0044,0.0007,-0.0030,-0.0066,0.0003,pass
1790915205.873,-0.0050,-0.0010,0.0000,0.0000,-0.0018,0.0001,pass
1790915205.969,0.0000,-0.0010,0.0000,0.0000,0.0001,-0.0000,pass
1790915206.066,0.0000,0.0025,0.0000,0.0000,-0.0003,0.0000,pass
