t,w_rf2o,w_gyro,v_wheel,w_wheel,bx,by,res
1790916554.343,-0.0000,0.0007,0.0000,0.0000,-0.0000,0.0000,pass
1790916554.441,0.0000,-0.0010,0.0000,0.0000,0.0004,-0.0000,pass
1790916554.535,0.0000,0.0007,0.0000,0.0000,0.0004,-0.0000,pass
1790916554.652,0.0000,-0.0027,0.0000,0.0000,0.0003,-0.0000,pass
1790916554.743,0.0076,0.0007,0.0000,0.0000,-0.0019,0.0001,pass
1790916554.845,-0.0048,-0.0010,0.0000,0.0000,-0.0000,0.0000,pass
1790916554.935,0.0000,-0.0010,0.0000,0.0000,-0.0007,0.0000,pass
1790916555.051,0.0000,0.0007,0.0000,0.0000,0.0007,-0.0000,pass
1790916555.144,0.0083,-0.0010,0.0000,0.0000,0.0000,-0.0000,pass
1790916555.247,-0.0034,-0.0010,0.0000,0.0000,0.0013,-0.0001,pass
1790916555.347,0.0000,-0.0010,0.0000,0.0000,0.0004,-0.0000,pass
1790916555.449,0.0000,0.0060,0.0000,0.0000,-0.0011,0.0001,pass
1790916555.544,-0.0081,0.0025,0.0000,0.0000,-0.0001,0.0000,pass
1790916555.639,0.0000,-0.0010,0.0000,0.0000,-0.0015,0.0001,pass
1790916555.746,0.0000,0.0025,0.0000,0.0000,-0.0003,0.0000,pass
1790916555.864,0.0000,-0.0010,0.0000,0.0000,0.0010,-0.0000,pass
1790916555.947,0.0000,0.0025,0.0000,0.0000,-0.0013,0.0001,pass
1790916556.040,-0.0037,0.0025,0.0000,0.0000,0.0009,-0.0000,pass
1790916556.139,0.0049,0.0042,0.0000,0.0000,-0.0002,0.0000,pass
1790916556.247,0.0000,0.0007,0.0000,0.0000,-0.0001,0.0000,pass
1790916556.343,-0.0051,0.0060,0.0000,0.0000,0.0004,-0.0000,pass
1790916556.439,0.0000,0.0025,0.0000,0.0000,-0.0005,0.0000,pass
1790916556.536,0.0000,-0.0010,0.0000,0.0000,0.0004,-0.0000,pass
1790916556.647,0.0044,0.0042,0.0000,0.0000,0.0004,-0.0000,pass
1790916556.743,0.0062,0.0025,0.0000,0.0000,-0.0008,0.0000,pass
1790916556.840,0.0000,0.0060,0.0000,0.0000,-0.0004,0.0000,pass
1790916556.935,0.0000,0.0007,0.0000,0.0000,0.0006,-0.0000,pass
1790916557.072,0.0000,0.0007,0.0000,0.0000,-0.0001,0.0000,pass
1790916557.146,0.0000,-0.0010,0.0000,0.0000,-0.0001,0.0000,pass
1790916557.271,0.0000,0.0007,0.0000,0.0000,0.0010,-0.0000,pass
1790916557.462,0.0000,-0.0010,0.0000,0.0000,-0.0002,0.0000,pass
1790916557.536,-0.0123,-0.0028,0.0000,0.0000,0.0001,-0.0000,pass
1790916557.632,0.0000,-0.0028,0.0000,0.0000,0.0002,-0.0000,pass
1790916557.744,0.0031,-0.0045,0.0000,0.0000,-0.0004,0.0000,pass
1790916557.846,0.0000,0.0007,0.0000,0.0000,-0.0009,0.0000,pass
1790916557.936,0.0000,0.0025,0.0000,0.0000,-0.0002,0.0000,pass
1790916558.032,0.0051,0.0042,0.0000,0.0000,0.0011,-0.0001,pass
1790916558.150,0.0000,-0.0010,0.0000,0.0000,-0.0003,0.0000,pass
1790916558.241,0.0000,0.0007,0.0000,0.0000,0.0002,-0.0000,pass
1790916558.336,0.0000,0.0042,0.0000,0.0000,-0.0005,0.0000,pass
1790916558.432,0.0000,0.0007,0.0000,0.0000,0.0004,-0.0000,pass
1790916558.544,0.0000,0.0025,0.0000,0.0000,-0.0002,0.0000,pass
1790916558.640,0.0000,-0.0010,0.0000,0.0000,0.0002,-0.0000,pass
1790916558.740,0.0000,-0.0010,0.0000,0.0000,0.0005,-0.0000,pass
1790916558.832,-0.0037,-0.0010,0.0000,0.0000,0.0001,-0.0000,pass
1790916558.944,-0.0031,0.0025,0.0000,0.0000,-0.0000,0.0000,pass
1790916559.040,0.0051,0.0007,0.0000,0.0000,0.0005,-0.0000,pass
1790916559.218,0.0019,0.0025,0.0000,0.0000,-0.0002,0.0000,pass
1790916559.265,-0.1089,-0.0010,0.0000,0.0000,-27.8371,1.3029,g2
1790916559.435,0.0739,0.0007,0.0000,0.0000,7.5199,-0.3520,g2
1790916559.545,-1.6651,-0.0010,0.0000,0.0000,6.4977,-0.3041,g1
1790916559.644,-0.0035,-0.0028,0.0000,0.0000,0.0050,-0.0002,pass
1790916559.734,0.0086,-0.0010,0.0000,0.0000,-0.0012,0.0001,pass
1790916559.845,0.0000,0.0007,0.0000,0.0000,-0.0000,0.0000,pass
1790916559.941,0.0000,-0.0010,0.0000,0.0000,0.0004,-0.0000,pass
1790916560.037,0.0000,-0.0010,0.0000,0.0000,0.0005,-0.0000,pass
1790916560.335,0.0012,-0.0010,0.0000,0.0000,-0.0002,0.0000,pass
1790916560.430,0.0000,-0.0010,0.0000,0.0000,0.0002,-0.0000,pass
1790916560.542,0.0000,0.0007,0.0000,0.0000,0.0005,-0.0000,pass
1790916560.638,-0.0051,-0.0010,0.0000,0.0000,-0.0004,0.0000,pass
1790916560.734,0.0081,0.0042,0.0000,0.0000,0.0006,-0.0000,pass
1790916560.830,0.0000,0.0025,0.0000,0.0000,-0.0008,0.0000,pass
1790916560.943,0.0000,0.0025,0.0000,0.0000,0.0006,-0.0000,pass
1790916561.038,0.0000,-0.0010,0.0000,0.0000,-0.0001,0.0000,pass
1790916561.135,0.0051,-0.0027,0.0000,0.0000,-0.0005,0.0000,pass
1790916561.230,0.0000,0.0269,0.0022,0.0100,-0.0004,0.0000,pass
1790916561.342,0.0102,0.1474,0.0167,0.1132,-0.0022,0.0001,pass
1790916561.439,0.0640,0.1142,0.0311,0.1987,-0.0077,0.0004,pass
1790916561.534,0.1596,0.1282,0.0382,0.1865,0.0031,-0.0001,pass
1790916561.630,0.1771,0.1491,0.0483,0.1434,0.0151,-0.0007,pass
1790916561.726,0.1400,0.1125,0.0526,0.1337,0.0403,-0.0019,pass
1790916561.839,0.1299,0.1247,0.0558,0.1256,0.0379,-0.0018,pass
1790916561.934,0.1179,0.0880,0.0559,0.1263,0.0580,-0.0027,pass
1790916562.030,0.1070,0.1229,0.0572,0.1170,0.0549,-0.0026,pass
1790916562.142,0.1205,0.0898,0.0518,0.1392,0.0316,-0.0015,pass
1790916562.238,0.1235,0.0688,0.0516,0.1410,0.0599,-0.0028,pass
1790916562.335,0.1528,0.1020,0.0606,0.1016,0.0464,-0.0022,pass
1790916562.430,0.0584,0.0653,0.0604,0.1065,0.0621,-0.0029,pass
1790916562.526,0.0990,0.0671,0.0603,0.1052,0.0526,-0.0025,pass
1790916562.638,0.0689,0.0898,0.0565,0.1190,0.0486,-0.0023,pass
1790916562.734,0.0963,0.0706,0.0582,0.1104,0.0400,-0.0019,pass
1790916562.830,0.0854,0.1282,0.0606,0.1081,0.0626,-0.0029,pass
1790916562.926,0.0874,0.0409,0.0611,0.1056,0.0521,-0.0024,pass
1790916563.038,0.0683,0.0618,0.0682,0.0747,0.0444,-0.0021,pass
1790916563.135,0.0694,0.0741,0.0587,0.1136,0.0542,-0.0025,pass
1790916563.230,0.1060,0.1421,0.0584,0.1138,0.0508,-0.0024,pass
1790916563.326,0.0809,0.1526,0.0589,0.1126,0.0563,-0.0026,pass
1790916563.439,0.1028,0.0863,0.0604,0.1149,0.0401,-0.0019,pass
1790916563.538,0.0538,0.1055,0.0643,0.0966,0.0649,-0.0030,pass
1790916563.630,0.0803,0.0496,0.0613,0.1053,0.0489,-0.0023,pass
1790916563.726,0.1275,0.0758,0.0583,0.1169,0.0446,-0.0021,pass
1790916563.841,0.0624,0.0933,0.0608,0.1049,0.0472,-0.0022,pass
1790916563.934,0.0649,0.0985,0.0605,0.1094,0.0566,-0.0026,pass
1790916564.030,0.0995,0.0531,0.0591,0.1137,0.0466,-0.0022,pass
1790916564.126,0.0588,0.0775,0.0608,0.1074,0.0589,-0.0028,pass
1790916564.238,0.0896,0.0828,0.0597,0.1106,0.0425,-0.0020,pass
1790916564.334,0.1174,0.1125,0.0564,0.1250,0.0408,-0.0019,pass
1790916564.430,0.0959,0.1282,0.0598,0.1151,0.0595,-0.0028,pass
1790916564.526,0.0705,0.1177,0.0605,0.1120,0.0558,-0.0026,pass
1790916564.640,0.0986,0.0549,0.0562,0.1279,0.0314,-0.0015,pass
1790916564.734,0.1033,0.0915,0.0576,0.1226,0.0559,-0.0026,pass
1790916564.830,0.1052,0.1247,0.0572,0.1230,0.0548,-0.0026,pass
1790916564.926,0.1160,0.1317,0.0559,0.1312,0.0501,-0.0023,pass
1790916565.038,0.1164,0.1055,0.0562,0.1340,0.0505,-0.0024,pass
1790916565.134,0.0988,0.0601,0.0581,0.1227,0.0609,-0.0029,pass
1790916565.230,0.1121,0.1526,0.0575,0.1216,0.0491,-0.0023,pass
1790916565.326,0.1459,0.1159,0.0551,0.1346,0.0385,-0.0018,pass
1790916565.440,0.1306,0.1369,0.0544,0.1367,0.0453,-0.0021,pass
1790916565.535,0.1587,0.1823,0.0558,0.1300,0.0615,-0.0029,pass
1790916565.630,0.1446,0.2067,0.0552,0.1396,0.0559,-0.0026,pass
1790916565.726,0.1781,0.1282,0.0579,0.1305,0.0559,-0.0026,pass
1790916565.839,0.1779,0.1805,0.0569,0.1313,0.0466,-0.0022,pass
1790916565.935,0.1552,0.1840,0.0666,0.0881,0.0618,-0.0029,pass
1790916566.030,0.1991,0.1282,0.0606,0.1137,0.0563,-0.0026,pass
1790916566.126,0.1579,0.1561,0.0641,0.1014,0.0710,-0.0033,pass
1790916566.240,0.1364,0.0357,0.0700,0.0694,0.0491,-0.0023,pass
1790916566.334,0.1236,0.1090,0.0706,0.0470,0.0663,-0.0031,pass
1790916566.431,0.0652,-0.0097,0.0709,0.0067,0.0639,-0.0030,pass
1790916566.526,0.0325,0.2015,0.0657,0.0620,0.0620,-0.0029,pass
1790916566.638,0.0901,-0.1336,0.0699,0.0027,0.0362,-0.0017,pass
1790916566.734,0.0335,-0.0219,0.0708,-0.0164,0.0935,-0.0044,pass
1790916566.830,0.0000,0.2050,0.0656,0.0367,0.0362,-0.0017,pass
1790916567.022,0.0863,0.1997,0.0599,0.1078,0.0694,-0.0032,pass
1790916567.137,0.0856,-0.0429,0.0739,-0.0351,0.0686,-0.0032,pass
1790916567.230,-0.0357,-0.2261,0.0623,-0.0885,0.0328,-0.0015,pass
1790916567.422,-0.1297,-0.1144,0.0634,-0.0875,0.0682,-0.0032,pass
1790916567.537,-0.1065,-0.0376,0.0688,-0.0693,0.0456,-0.0021,pass
1790916567.630,-0.1132,-0.1773,0.0638,-0.0913,0.0561,-0.0026,pass
1790916567.822,-0.1432,-0.1179,0.0597,-0.1067,0.0713,-0.0033,pass
1790916567.934,-0.1059,-0.1319,0.0569,-0.1163,0.0455,-0.0021,pass
1790916568.030,-0.1104,0.0112,0.0611,-0.0713,0.0597,-0.0028,pass
1790916568.222,-0.0456,0.0287,0.0717,0.0368,0.0365,-0.0017,pass
1790916568.336,0.0658,0.0008,0.0732,-0.0450,0.0382,-0.0018,pass
1790916568.430,-0.0666,0.0269,0.0778,0.0046,0.0883,-0.0041,pass
1790916568.625,0.0370,0.0985,0.0653,0.0812,0.0612,-0.0029,pass
1790916568.736,0.1190,0.1875,0.0413,0.1866,0.0466,-0.0022,pass
1790916568.830,0.1392,0.1770,0.0417,0.1882,0.0602,-0.0028,pass
1790916569.022,0.1598,0.0741,0.0466,0.1624,0.0553,-0.0026,pass
1790916569.118,0.0857,0.0199,0.0634,0.0669,0.0522,-0.0024,pass
1790916569.230,0.0209,-0.0499,0.0724,-0.0371,0.0328,-0.0015,pass
1790916569.326,-0.0337,0.0217,0.0642,0.0385,0.0552,-0.0026,pass
1790916569.422,0.0665,0.0723,0.0716,0.0180,0.0401,-0.0019,pass
1790916569.535,-0.0159,0.0025,0.0742,0.0243,0.0629,-0.0029,pass
1790916569.630,0.0126,0.1177,0.0639,0.0782,0.0696,-0.0033,pass
1790916569.822,0.1074,0.1317,0.0551,0.1281,0.0586,-0.0027,pass
1790916569.919,0.0616,-0.0115,0.0595,0.0760,0.0616,-0.0029,pass
1790916570.126,0.0272,-0.0568,0.0608,0.0138,0.0648,-0.0030,pass
1790916570.318,0.0018,-0.0254,0.0651,-0.0138,0.0592,-0.0028,pass
1790916570.430,0.0358,0.1404,0.0606,0.0946,0.0383,-0.0018,pass
1790916570.622,0.1222,0.2032,0.0540,0.1318,0.0661,-0.0031,pass
1790916570.719,0.1204,0.0199,0.0614,0.0995,0.0696,-0.0033,pass
1790916570.833,0.0737,-0.0621,0.0693,0.0008,0.0394,-0.0018,pass
1790916571.022,0.0294,0.1072,0.0628,0.0306,0.0599,-0.0028,pass
1790916571.122,-0.0322,-0.0830,0.0585,-0.0939,0.0605,-0.0028,pass
1790916571.230,-0.0775,-0.1441,0.0528,-0.1285,0.0578,-0.0027,pass
1790916571.423,-0.1227,-0.1284,0.0532,-0.1253,0.0606,-0.0028,pass
1790916571.518,-0.1806,-0.1476,0.0530,-0.1314,0.0588,-0.0028,pass
1790916571.630,-0.1037,-0.1127,0.0713,-0.0546,0.0389,-0.0018,pass
1790916571.822,-0.0106,0.0426,0.0656,0.0264,0.0492,-0.0023,pass
1790916571.918,-0.0538,0.0252,0.0723,-0.0041,0.0651,-0.0030,pass
1790916572.126,0.0303,-0.0010,0.0758,0.0203,0.0767,-0.0036,pass
1790916572.222,0.0403,0.1020,0.0655,0.0671,0.0509,-0.0024,pass
1790916572.318,0.0572,0.0008,0.0716,0.0207,0.0835,-0.0039,pass
1790916572.430,-0.0471,-0.0778,0.0617,-0.0897,0.0785,-0.0037,pass
1790916572.526,-0.1021,-0.1528,0.0638,-0.0807,0.0677,-0.0032,pass
1790916572.718,-0.0830,-0.1546,0.0612,-0.0974,0.0624,-0.0029,pass
1790916572.814,-0.0703,0.0531,0.0599,-0.0267,0.0573,-0.0027,pass
1790916573.022,0.0841,0.1526,0.0499,0.1509,0.0453,-0.0021,pass
1790916573.118,0.1233,0.0252,0.0553,0.1135,0.0642,-0.0030,pass
1790916573.214,0.1019,0.1125,0.0584,0.1057,0.0469,-0.0022,pass
1790916573.422,0.0835,0.1334,0.0685,0.0653,0.0619,-0.0029,pass
1790916573.524,0.1100,0.1666,0.0570,0.1221,0.0588,-0.0028,pass
1790916573.630,0.1241,-0.0376,0.0684,0.0595,0.0549,-0.0026,pass
1790916573.822,0.0519,-0.0743,0.0740,-0.0409,0.0719,-0.0034,pass
1790916573.918,-0.0921,-0.1267,0.0616,-0.0971,0.0793,-0.0037,pass
1790916574.014,-0.1530,-0.1110,0.0612,-0.0909,0.0634,-0.0030,pass
1790916574.222,-0.0937,-0.1267,0.0652,-0.0716,0.0565,-0.0026,pass
1790916574.318,-0.1084,-0.0656,0.0640,-0.0895,0.0662,-0.0031,pass
1790916574.414,-0.1728,-0.1075,0.0531,-0.1357,0.0749,-0.0035,pass
1790916574.622,-0.1257,-0.1790,0.0599,-0.1029,0.0530,-0.0025,pass
1790916574.815,-0.0263,0.1491,0.0662,0.0656,0.0466,-0.0022,pass
1790916575.022,0.1409,0.2015,0.0555,0.1282,0.0625,-0.0029,pass
1790916575.118,0.0622,0.0287,0.0673,0.0752,0.0712,-0.0033,pass
1790916575.214,0.1091,0.0828,0.0674,0.0730,0.0385,-0.0018,pass
1790916575.422,0.1035,-0.0045,0.0687,0.0304,0.0638,-0.0030,pass
1790916575.518,-0.0283,0.0042,0.0717,-0.0098,0.0778,-0.0036,pass
1790916575.615,-0.0455,-0.0865,0.0650,-0.0763,0.0593,-0.0028,pass
1790916575.823,-0.1444,-0.2523,0.0532,-0.1303,0.0709,-0.0033,pass
1790916575.918,-0.2167,-0.1389,0.0546,-0.1356,0.0664,-0.0031,pass
1790916576.014,-0.1002,0.0112,0.0640,-0.0810,0.0409,-0.0019,pass
1790916576.222,0.0044,0.2015,0.0616,0.0489,0.0376,-0.0018,g1
1790916576.318,0.1678,0.2067,0.0538,0.1324,0.0552,-0.0026,pass
1790916576.414,0.2067,0.1456,0.0524,0.1377,0.0697,-0.0033,pass
1790916576.510,0.1667,0.1997,0.0540,0.1323,0.0635,-0.0030,pass
1790916576.622,0.1782,0.2538,0.0525,0.1405,0.0489,-0.0023,pass
1790916576.718,0.1475,0.0322,0.0624,0.0991,0.0803,-0.0038,pass
1790916576.815,0.1300,0.1404,0.0644,0.0890,0.0443,-0.0021,pass
1790916576.926,0.1784,0.2503,0.0501,0.1498,0.0446,-0.0021,pass
1790916577.118,0.1294,0.0287,0.0587,0.0866,0.0777,-0.0036,pass
1790916577.214,0.1222,0.0723,0.0644,0.0691,0.0269,-0.0013,pass
1790916577.422,0.1042,0.1683,0.0604,0.1012,0.0530,-0.0025,pass
1790916577.518,0.1286,0.1823,0.0567,0.1237,0.0622,-0.0029,pass
1790916577.614,0.0575,-0.0429,0.0681,0.0331,0.0861,-0.0040,pass
1790916577.710,0.0478,-0.0499,0.0649,0.0081,0.0266,-0.0012,pass
1790916577.824,-0.0106,0.0234,0.0624,-0.0192,0.0477,-0.0022,pass
1790916577.918,-0.0271,-0.1197,0.0639,-0.0736,0.0542,-0.0025,pass
1790916578.015,-0.1238,-0.2715,0.0519,-0.1332,0.0723,-0.0034,pass
1790916578.222,-0.1497,-0.1197,0.0471,-0.1633,0.0603,-0.0028,pass
1790916578.415,-0.1037,-0.0638,0.0561,-0.0420,0.0457,-0.0021,pass
1790916578.511,-0.0227,0.0810,0.0583,0.0157,0.0330,-0.0015,pass
1790916578.625,0.0000,0.0496,0.0580,0.0904,0.0204,-0.0010,pass
1790916578.814,0.0000,-0.0010,0.0685,-0.0277,0.0451,-0.0021,pass
1790916578.910,0.0197,-0.0534,0.0658,-0.0177,0.0823,-0.0039,pass
1790916579.022,0.0138,0.0601,0.0627,0.0396,0.0513,-0.0024,pass
1790916579.118,-0.0322,0.0165,0.0684,-0.0250,0.0486,-0.0023,pass
1790916579.214,0.0051,-0.0708,0.0685,-0.0169,0.0687,-0.0032,pass
1790916579.310,0.0062,0.0409,0.0658,0.0111,0.0474,-0.0022,pass
1790916579.422,0.0148,0.0671,0.0651,0.0541,0.0474,-0.0022,pass
1790916579.518,0.0161,-0.0795,0.0741,-0.0227,0.0572,-0.0027,pass
1790916579.616,-0.0094,0.0112,0.0653,-0.0039,0.0602,-0.0028,pass
1790916579.711,-0.0283,-0.0411,0.0683,-0.0459,0.0587,-0.0027,pass
1790916579.806,-0.0271,-0.1127,0.0670,-0.0762,0.0731,-0.0034,pass
1790916579.918,-0.0454,-0.0656,0.0633,-0.0975,0.0650,-0.0030,pass
1790916580.015,-0.0324,0.0130,0.0630,-0.0217,0.0475,-0.0022,pass
1790916580.110,0.0036,0.0671,0.0614,0.0597,0.0267,-0.0012,pass
1790916580.222,0.0000,0.0357,0.0712,0.0563,0.0638,-0.0030,pass
1790916580.318,0.0438,0.0339,0.0664,0.0723,0.0512,-0.0024,pass
1790916580.414,0.0799,0.0531,0.0616,0.0912,0.0438,-0.0021,pass
1790916580.511,0.0590,0.0845,0.0595,0.0978,0.0654,-0.0031,pass
1790916580.622,0.0698,0.0933,0.0585,0.1095,0.0330,-0.0015,pass
1790916580.718,0.0596,0.0758,0.0619,0.0944,0.0665,-0.0031,pass
1790916580.815,0.0698,-0.0115,0.0649,0.0523,0.0594,-0.0028,pass
1790916580.911,0.0387,0.0357,0.0666,-0.0153,0.0645,-0.0030,pass
1790916581.118,-0.0577,0.0653,0.0683,-0.0551,0.0708,-0.0033,pass
1790916581.215,0.0139,0.0863,0.0718,0.0495,0.0553,-0.0026,pass
1790916581.406,0.0700,0.0147,0.0646,0.0536,0.0630,-0.0029,pass
1790916581.518,0.0284,0.0217,0.0607,0.0012,0.0526,-0.0025,pass
1790916581.615,0.0000,0.0042,0.0476,0.0236,0.0413,-0.0019,pass
1790916581.711,0.0201,-0.0010,0.0234,0.0038,0.0338,-0.0016,pass
1790916581.806,0.0063,-0.0080,0.0000,0.0000,0.0176,-0.0008,pass
1790916581.918,-0.0276,-0.1633,0.0090,-0.0408,0.0163,-0.0008,pass
1790916582.014,-0.0682,-0.0848,0.0308,-0.1122,0.0329,-0.0015,pass
1790916582.110,-0.0972,-0.0760,0.0503,-0.1091,0.0351,-0.0016,pass
1790916582.207,-0.0679,-0.0656,0.0729,-0.0305,0.0414,-0.0019,pass
1790916582.318,-0.0227,-0.0010,0.0823,-0.0070,0.0413,-0.0019,pass
1790916582.414,-0.0119,0.0252,0.0794,0.0043,0.0485,-0.0023,pass
1790916582.510,-0.0651,-0.0080,0.0726,-0.0456,0.0798,-0.0037,pass
1790916582.607,-0.0225,-0.0813,0.0750,-0.0403,0.0647,-0.0030,pass
1790916582.718,-0.0213,0.0322,0.0773,-0.0126,0.0626,-0.0029,pass
1790916582.814,-0.0173,0.0357,0.0790,-0.0136,0.0618,-0.0029,pass
1790916582.910,-0.0254,0.0322,0.0806,-0.0120,0.0783,-0.0037,pass
1790916583.006,0.0081,-0.0080,0.0798,0.0188,0.0578,-0.0027,pass
1790916583.118,-0.0062,-0.0516,0.0749,-0.0379,0.0715,-0.0033,pass
1790916583.214,-0.0331,-0.0411,0.0752,-0.0332,0.0729,-0.0034,pass
1790916583.311,-0.0206,0.0304,0.0818,-0.0079,0.0735,-0.0034,pass
1790916583.408,0.0000,-0.0184,0.0740,-0.0456,0.0642,-0.0030,pass
1790916583.518,-0.0604,-0.1144,0.0662,-0.0751,0.0695,-0.0033,pass
1790916583.614,-0.0377,-0.0429,0.0686,-0.0619,0.0611,-0.0029,pass
1790916583.710,0.0000,-0.0219,0.0802,0.0042,0.0539,-0.0025,pass
1790916583.807,-0.0344,-0.0726,0.0768,-0.0444,0.0737,-0.0034,pass
1790916583.902,-0.0486,0.0252,0.0779,-0.0314,0.0636,-0.0030,pass
1790916584.015,0.0061,0.0287,0.0799,0.0135,0.0611,-0.0029,pass
1790916584.111,-0.0328,-0.1214,0.0767,-0.0318,0.0576,-0.0027,pass
1790916584.207,0.0000,-0.0760,0.0790,-0.0309,0.0797,-0.0037,pass
1790916584.318,-0.0098,0.1107,0.0776,0.0230,0.0537,-0.0025,pass
1790916584.414,-0.0563,-0.0219,0.0758,-0.0317,0.0769,-0.0036,pass
1790916584.510,-0.0283,-0.1057,0.0650,-0.0810,0.0635,-0.0030,pass
1790916584.606,-0.0831,-0.1808,0.0669,-0.0731,0.0636,-0.0030,pass
1790916584.702,-0.0731,-0.0743,0.0749,-0.0445,0.0703,-0.0033,pass
1790916584.817,-0.0319,0.0706,0.0800,-0.0184,0.0399,-0.0019,pass
1790916584.910,-0.0623,0.0304,0.0799,0.0023,0.0739,-0.0035,pass
1790916585.006,0.0072,0.0112,0.0763,0.0368,0.0645,-0.0030,pass
1790916585.102,0.0080,-0.0586,0.0805,-0.0180,0.0743,-0.0035,pass
1790916585.217,-0.0138,0.0985,0.0818,-0.0191,0.0601,-0.0028,pass
1790916585.310,-0.0507,0.0723,0.0819,0.0109,0.0735,-0.0034,pass
1790916585.406,0.0036,-0.0848,0.0775,-0.0077,0.0655,-0.0031,pass
1790916585.518,-0.0092,-0.0970,0.0753,-0.0382,0.0622,-0.0029,pass
1790916585.615,-0.0237,-0.0429,0.0805,-0.0059,0.0710,-0.0033,pass
1790916585.710,-0.0568,-0.0429,0.0755,-0.0468,0.0624,-0.0029,pass
1790916585.807,-0.0697,-0.0359,0.0787,-0.0286,0.0760,-0.0036,pass
1790916585.918,0.0258,0.0252,0.0818,0.0087,0.0263,-0.0012,pass
1790916586.017,-0.0855,-0.1703,0.0753,-0.0365,0.0971,-0.0045,pass
1790916586.110,-0.0117,-0.0970,0.0783,-0.0305,0.0681,-0.0032,pass
1790916586.207,-0.0406,-0.0132,0.0794,-0.0294,0.0584,-0.0027,pass
1790916586.302,-0.0941,0.0723,0.0790,-0.0086,0.0778,-0.0036,pass
1790916586.414,0.0000,-0.0534,0.0817,0.0121,0.0446,-0.0021,pass
1790916586.510,0.0413,-0.1651,0.0813,-0.0216,0.0860,-0.0040,pass
1790916586.606,-0.0655,-0.0568,0.0701,-0.0676,0.0828,-0.0039,pass
1790916586.702,-0.0626,0.0444,0.0787,-0.0086,0.0657,-0.0031,pass
1790916586.814,-0.0081,-0.0743,0.0775,-0.0147,0.0323,-0.0015,pass
1790916586.912,-0.0789,-0.0097,0.0702,-0.0493,0.0758,-0.0035,pass
1790916587.006,-0.0052,-0.0080,0.0799,0.0014,0.0608,-0.0028,pass
1790916587.102,0.0095,-0.0150,0.0775,0.0116,0.0570,-0.0027,pass
1790916587.214,-0.0192,-0.0219,0.0716,-0.0550,0.0623,-0.0029,pass
1790916587.310,-0.0790,-0.1528,0.0665,-0.0728,0.0602,-0.0028,pass
1790916587.407,-0.0748,-0.1476,0.0600,-0.1039,0.0740,-0.0035,pass
1790916587.502,-0.1355,-0.1389,0.0601,-0.1084,0.0674,-0.0032,pass
1790916587.615,-0.1208,-0.0673,0.0631,-0.1001,0.0528,-0.0025,pass
1790916587.710,-0.0823,-0.0778,0.0630,-0.0944,0.0461,-0.0022,pass
1790916587.807,-0.1218,-0.1755,0.0631,-0.0918,0.0519,-0.0024,pass
1790916587.902,-0.1054,-0.0900,0.0644,-0.0885,0.0646,-0.0030,pass
1790916588.014,-0.0606,-0.1232,0.0687,-0.0699,0.0393,-0.0018,pass
1790916588.111,-0.0862,0.0339,0.0736,-0.0496,0.0603,-0.0028,pass
1790916588.209,-0.0669,-0.0446,0.0762,-0.0455,0.0492,-0.0023,pass
1790916588.302,-0.0331,-0.0795,0.0745,-0.0415,0.0575,-0.0027,pass
1790916588.399,-0.0395,0.0147,0.0797,-0.0020,0.0593,-0.0028,pass
1790916588.510,-0.0200,0.0985,0.0806,0.0179,0.0572,-0.0027,pass
1790916588.606,0.0153,0.0688,0.0687,0.0680,0.0509,-0.0024,pass
1790916588.702,0.1039,0.1107,0.0631,0.0812,0.0516,-0.0024,pass
1790916588.814,0.0984,0.0863,0.0578,0.1050,0.0561,-0.0026,pass
1790916588.910,0.0653,0.1090,0.0607,0.0965,0.0783,-0.0037,pass
1790916589.007,0.1054,0.1247,0.0636,0.0889,0.0517,-0.0024,pass
1790916589.102,0.0864,0.0287,0.0648,0.0852,0.0693,-0.0032,pass
1790916589.199,0.0647,0.0653,0.0656,0.0782,0.0527,-0.0025,pass
1790916589.310,0.0668,0.0810,0.0636,0.0847,0.0654,-0.0031,pass
1790916589.406,0.0599,0.1020,0.0649,0.0785,0.0509,-0.0024,pass
1790916589.502,0.0998,0.0775,0.0600,0.1115,0.0544,-0.0025,pass
1790916589.599,0.0700,0.0566,0.0644,0.0882,0.0678,-0.0032,pass
1790916589.710,0.0936,0.0549,0.0645,0.0815,0.0406,-0.0019,pass
1790916589.806,0.0631,0.0863,0.0639,0.0866,0.0715,-0.0033,pass
1790916589.902,0.0547,0.1596,0.0658,0.0790,0.0630,-0.0029,pass
1790916590.000,0.0755,0.0461,0.0648,0.0837,0.0622,-0.0029,pass
1790916590.110,0.0715,0.0479,0.0707,0.0620,0.0484,-0.0023,pass
1790916590.206,0.0513,0.0758,0.0679,0.0741,0.0906,-0.0042,pass
1790916590.302,0.1013,0.0723,0.0677,0.0689,0.0462,-0.0022,pass
1790916590.402,0.0463,0.1264,0.0672,0.0747,0.0828,-0.0039,pass
1790916590.514,0.1047,0.1264,0.0681,0.0801,0.0407,-0.0019,pass
1790916590.606,0.0886,0.0339,0.0659,0.0876,0.0848,-0.0040,pass
1790916590.702,0.1059,0.1666,0.0658,0.0850,0.0585,-0.0027,pass
1790916590.798,0.1268,0.0863,0.0640,0.0938,0.0721,-0.0034,pass
1790916590.910,0.0870,0.1317,0.0652,0.0853,0.0581,-0.0027,pass
1790916591.006,0.0931,0.1334,0.0679,0.0788,0.0610,-0.0029,pass
1790916591.102,0.0792,0.0933,0.0742,0.0557,0.0771,-0.0036,pass
1790916591.198,0.0479,0.0042,0.0840,0.0065,0.0752,-0.0035,pass
1790916591.310,-0.0082,-0.0603,0.0783,-0.0140,0.0667,-0.0031,pass
1790916591.406,-0.0207,-0.0673,0.0725,-0.0398,0.0902,-0.0042,pass
1790916591.502,-0.0252,-0.0656,0.0763,-0.0359,0.0631,-0.0030,pass
1790916591.598,-0.0630,0.0234,0.0766,-0.0220,0.0770,-0.0036,pass
1790916591.710,-0.0308,0.0566,0.0786,-0.0112,0.0681,-0.0032,pass
1790916591.807,-0.0387,0.0130,0.0817,-0.0028,0.0737,-0.0035,pass
1790916591.902,0.0379,-0.1825,0.0789,-0.0293,0.0639,-0.0030,pass
1790916591.998,-0.1190,-0.0551,0.0710,-0.0621,0.1036,-0.0048,pass
1790916592.110,-0.0341,0.0252,0.0741,-0.0422,0.0468,-0.0022,pass
1790916592.208,-0.0215,-0.0394,0.0820,-0.0107,0.0623,-0.0029,pass
1790916592.302,0.0142,-0.0394,0.0782,-0.0226,0.0739,-0.0035,pass
1790916592.398,-0.0281,-0.0429,0.0759,-0.0299,0.0999,-0.0047,pass
1790916592.510,-0.0299,-0.0778,0.0786,-0.0346,0.0632,-0.0030,pass
1790916592.606,-0.0183,0.0060,0.0788,-0.0267,0.0709,-0.0033,pass
1790916592.702,-0.0752,-0.0621,0.0693,-0.0621,0.0916,-0.0043,pass
1790916592.798,-0.0618,-0.0499,0.0647,-0.0757,0.0686,-0.0032,pass
1790916592.894,-0.0443,-0.0394,0.0758,-0.0280,0.0625,-0.0029,pass
1790916593.006,-0.0335,-0.0865,0.0721,-0.0620,0.0582,-0.0027,pass
1790916593.102,-0.0598,0.0357,0.0776,-0.0297,0.0800,-0.0037,pass
1790916593.198,-0.0102,0.0357,0.0802,0.0182,0.0670,-0.0031,pass
1790916593.294,0.0511,0.0025,0.0729,0.0502,0.0520,-0.0024,pass
1790916593.414,0.0000,0.0060,0.0800,-0.0098,0.0783,-0.0037,pass
1790916593.502,-0.0321,0.0810,0.0787,0.0002,0.1072,-0.0050,pass
1790916593.600,0.0529,0.0147,0.0783,0.0226,0.0532,-0.0025,pass
1790916593.694,-0.0090,-0.1389,0.0729,-0.0538,0.1036,-0.0048,pass
1790916593.808,-0.0357,-0.0603,0.0688,-0.0748,0.0709,-0.0033,pass
1790916593.902,-0.1102,-0.0481,0.0713,-0.0618,0.0756,-0.0035,pass
1790916593.998,-0.0927,-0.0446,0.0660,-0.0813,0.0744,-0.0035,pass
1790916594.094,-0.0731,-0.1633,0.0612,-0.1012,0.0642,-0.0030,pass
1790916594.206,-0.1552,-0.1162,0.0612,-0.1098,0.0863,-0.0040,pass
1790916594.302,-0.0723,-0.1075,0.0735,-0.0483,0.0516,-0.0024,pass
1790916594.398,-0.0889,-0.0010,0.0720,-0.0662,0.0577,-0.0027,pass
1790916594.494,-0.0887,-0.1162,0.0677,-0.0729,0.0784,-0.0037,pass
1790916594.608,-0.1369,-0.0115,0.0691,-0.0689,0.0707,-0.0033,pass
1790916594.702,0.0000,-0.2419,0.0634,-0.0953,0.0457,-0.0021,pass
1790916594.798,-0.2491,-0.1738,0.0641,-0.0907,0.1137,-0.0053,pass
1790916594.897,-0.1136,-0.0726,0.0705,-0.0716,0.0607,-0.0028,pass
1790916595.006,-0.0832,0.1212,0.0762,-0.0057,0.0606,-0.0028,pass
1790916595.102,-0.0095,-0.0987,0.0760,-0.0322,0.0306,-0.0014,pass
1790916595.198,-0.0928,-0.0691,0.0744,-0.0443,0.0912,-0.0043,pass
1790916595.294,-0.0826,-0.0481,0.0800,-0.0291,0.0812,-0.0038,pass
1790916595.406,-0.0261,0.0967,0.0804,-0.0042,0.0606,-0.0028,pass
1790916595.502,-0.0271,-0.0150,0.0809,-0.0202,0.0596,-0.0028,pass
1790916595.598,0.0148,0.0339,0.0802,0.0135,0.0544,-0.0025,pass
1790916595.696,0.0375,0.0409,0.0736,0.0417,0.0840,-0.0039,pass
1790916595.806,0.0399,0.1002,0.0771,0.0194,0.0741,-0.0035,pass
1790916595.902,0.0130,-0.0621,0.0823,0.0027,0.0796,-0.0037,pass
1790916595.998,0.0572,-0.0324,0.0794,0.0203,0.0521,-0.0024,pass
1790916596.094,-0.0658,-0.0848,0.0744,-0.0421,0.1044,-0.0049,pass
1790916596.190,-0.0491,-0.0219,0.0803,-0.0177,0.0871,-0.0041,pass
1790916596.302,0.0082,0.0374,0.0810,0.0160,0.0373,-0.0017,pass
1790916596.398,0.0176,0.0322,0.0772,0.0340,0.0812,-0.0038,pass
1790916596.494,0.0197,0.0409,0.0757,0.0333,0.0886,-0.0041,pass
1790916596.590,0.0203,0.0845,0.0781,0.0252,0.1051,-0.0049,pass
1790916596.702,0.0322,0.0444,0.0814,0.0126,0.0435,-0.0020,pass
1790916596.798,0.0119,-0.0935,0.0792,-0.0205,0.0837,-0.0039,pass
1790916596.894,-0.0114,-0.0726,0.0820,-0.0204,0.0871,-0.0041,pass
1790916597.006,0.0000,-0.0202,0.0819,-0.0188,0.0555,-0.0026,pass
1790916597.102,-0.0581,0.0566,0.0806,-0.0182,0.0906,-0.0042,pass
1790916597.198,-0.0271,-0.0918,0.0791,-0.0278,0.0749,-0.0035,pass
1790916597.294,-0.0139,-0.0499,0.0732,-0.0432,0.0715,-0.0033,pass
1790916597.390,-0.0831,-0.1057,0.0693,-0.0632,0.0907,-0.0042,pass
1790916597.502,-0.0379,-0.0638,0.0744,-0.0508,0.0482,-0.0023,pass
1790916597.598,-0.0734,0.0357,0.0752,-0.0382,0.0767,-0.0036,pass
1790916597.695,-0.0355,-0.0516,0.0765,-0.0303,0.0571,-0.0027,pass
1790916597.790,-0.0166,-0.0883,0.0712,-0.0526,0.0673,-0.0032,pass
1790916597.902,-0.0774,-0.0586,0.0692,-0.0589,0.0763,-0.0036,pass
1790916598.001,-0.0099,-0.0446,0.0756,-0.0451,0.0452,-0.0021,pass
1790916598.105,-0.0478,0.0304,0.0758,-0.0418,0.0731,-0.0034,pass
1790916598.191,-0.0303,-0.0760,0.0686,-0.0698,0.0793,-0.0037,pass
1790916598.303,-0.0750,-0.0551,0.0691,-0.0631,0.0680,-0.0032,pass
1790916598.399,-0.0095,-0.0935,0.0746,-0.0454,0.0663,-0.0031,pass
1790916598.495,-0.0639,-0.0603,0.0651,-0.0898,0.0663,-0.0031,pass
1790916598.590,-0.0993,-0.0272,0.0607,-0.1031,0.0762,-0.0036,pass
1790916598.702,-0.0734,0.0060,0.0683,-0.0723,0.0518,-0.0024,pass
1790916598.798,-0.0511,-0.1930,0.0600,-0.1017,0.0529,-0.0025,pass
1790916598.894,-0.0876,-0.1389,0.0584,-0.1124,0.0733,-0.0034,pass
1790916598.990,-0.1227,-0.0743,0.0661,-0.0782,0.0653,-0.0031,pass
1790916599.086,-0.0605,0.0409,0.0739,-0.0516,0.0496,-0.0023,pass
1790916599.198,-0.0367,-0.0638,0.0741,-0.0563,0.0474,-0.0022,pass
1790916599.294,-0.0359,-0.0097,0.0734,-0.0481,0.0559,-0.0026,pass
1790916599.390,-0.0463,-0.1319,0.0756,-0.0367,0.0580,-0.0027,pass
1790916599.502,-0.0457,-0.0656,0.0763,-0.0434,0.0779,-0.0036,pass
1790916599.598,-0.0639,0.0357,0.0773,-0.0413,0.0695,-0.0033,pass
1790916599.694,-0.0292,0.0025,0.0775,-0.0404,0.0825,-0.0039,pass
1790916599.790,-0.0425,-0.0691,0.0748,-0.0461,0.0778,-0.0036,pass
1790916599.902,-0.0306,-0.0481,0.0741,-0.0415,0.0622,-0.0029,pass
1790916599.998,-0.0394,-0.1040,0.0759,-0.0424,0.0674,-0.0032,pass
1790916600.094,-0.0601,-0.0673,0.0762,-0.0415,0.0889,-0.0042,pass
1790916600.191,-0.0538,-0.0010,0.0735,-0.0599,0.0680,-0.0032,pass
1790916600.302,-0.0733,0.0077,0.0739,-0.0458,0.0672,-0.0031,pass
1790916600.398,-0.0051,0.0252,0.0783,-0.0289,0.0631,-0.0030,pass
1790916600.496,-0.0176,-0.1022,0.0745,-0.0490,0.0531,-0.0025,pass
1790916600.590,-0.0637,-0.0184,0.0772,-0.0311,0.0956,-0.0045,pass
1790916600.704,-0.0476,0.0688,0.0841,-0.0120,0.0629,-0.0029,pass
1790916600.798,-0.0171,0.0880,0.0852,-0.0068,0.0653,-0.0031,pass
1790916600.894,-0.0051,-0.0132,0.0821,-0.0147,0.0878,-0.0041,pass
1790916600.990,-0.0072,-0.0376,0.0780,-0.0302,0.0738,-0.0035,pass
1790916601.088,-0.0267,-0.0673,0.0781,-0.0309,0.0814,-0.0038,pass
1790916601.198,-0.0544,-0.0289,0.0802,-0.0251,0.0645,-0.0030,pass
1790916601.294,-0.0072,0.0234,0.0803,-0.0254,0.0753,-0.0035,pass
1790916601.390,-0.0447,-0.0429,0.0804,-0.0268,0.0728,-0.0034,pass
1790916601.502,-0.0044,0.0095,0.0802,-0.0228,0.0587,-0.0027,pass
1790916601.598,-0.0394,-0.0743,0.0802,-0.0202,0.0915,-0.0043,pass
1790916601.694,-0.0200,-0.0603,0.0803,-0.0251,0.0874,-0.0041,pass
1790916601.790,-0.0461,-0.0254,0.0821,-0.0145,0.0856,-0.0040,pass
1790916601.902,-0.0076,0.0234,0.0836,-0.0095,0.0652,-0.0031,pass
1790916601.998,-0.0161,-0.0376,0.0827,-0.0139,0.0785,-0.0037,pass
1790916602.096,-0.0183,-0.0481,0.0820,-0.0149,0.0805,-0.0038,pass
1790916602.190,-0.0223,-0.0760,0.0813,-0.0123,0.0903,-0.0042,pass
1790916602.287,-0.0284,-0.0150,0.0815,-0.0140,0.0786,-0.0037,pass
1790916602.398,-0.0292,0.0077,0.0836,-0.0129,0.0766,-0.0036,pass
1790916602.494,-0.0165,0.0479,0.0822,-0.0142,0.0742,-0.0035,pass
1790916602.590,-0.0219,-0.0464,0.0816,-0.0170,0.0871,-0.0041,pass
1790916602.686,-0.0036,-0.1005,0.0795,-0.0227,0.0737,-0.0035,pass
1790916602.798,-0.0421,-0.0865,0.0802,-0.0256,0.0844,-0.0039,pass
1790916602.896,-0.0501,-0.0307,0.0816,-0.0208,0.0732,-0.0034,pass
1790916602.990,-0.0338,0.0287,0.0829,-0.0164,0.0870,-0.0041,pass
1790916603.088,0.0000,0.0077,0.0828,-0.0176,0.0633,-0.0030,pass
1790916603.198,-0.0162,-0.0987,0.0811,-0.0180,0.0713,-0.0033,pass
1790916603.297,-0.0348,-0.0464,0.0722,-0.0465,0.0995,-0.0047,pass
1790916603.390,-0.0596,-0.0272,0.0758,-0.0361,0.0817,-0.0038,pass
1790916603.486,-0.0309,-0.0481,0.0820,-0.0198,0.0560,-0.0026,pass
1790916603.598,-0.0455,0.0217,0.0795,-0.0231,0.0770,-0.0036,pass
1790916603.718,-0.0305,-0.0027,0.0828,-0.0044,0.0670,-0.0031,pass
1790916603.790,0.0384,-0.0097,0.0823,-0.0104,0.0774,-0.0036,pass
1790916603.887,-0.0410,-0.1022,0.0784,-0.0320,0.0951,-0.0045,pass
1790916603.999,-0.0601,0.0374,0.0795,-0.0277,0.0836,-0.0039,pass
1790916604.096,0.0000,0.0008,0.0807,-0.0221,0.0602,-0.0028,pass
1790916604.190,-0.0190,-0.0848,0.0728,-0.0477,0.0728,-0.0034,pass
1790916604.288,-0.0337,-0.0935,0.0686,-0.0625,0.0952,-0.0045,pass
1790916604.398,-0.0497,-0.0813,0.0672,-0.0735,0.0574,-0.0027,pass
1790916604.494,-0.0903,-0.0499,0.0644,-0.0878,0.0794,-0.0037,pass
1790916604.590,-0.0504,-0.0080,0.0672,-0.0784,0.0618,-0.0029,pass
1790916604.686,-0.0467,-0.0289,0.0690,-0.0608,0.0652,-0.0031,pass
1790916604.798,-0.0225,-0.0586,0.0701,-0.0578,0.0471,-0.0022,pass
1790916604.894,-0.0531,-0.0656,0.0703,-0.0577,0.0891,-0.0042,pass
1790916604.990,-0.0457,-0.0534,0.0703,-0.0690,0.0635,-0.0030,pass
1790916605.086,-0.0605,0.0566,0.0687,-0.0673,0.0666,-0.0031,pass
1790916605.198,-0.0443,-0.0691,0.0681,-0.0701,0.0552,-0.0026,pass
1790916605.294,-0.0316,-0.0394,0.0664,-0.0720,0.0746,-0.0035,pass
1790916605.390,-0.0605,-0.0586,0.0660,-0.0782,0.0753,-0.0035,pass
1790916605.486,-0.0814,-0.0534,0.0673,-0.0836,0.0634,-0.0030,pass
1790916605.598,-0.0519,-0.0202,0.0667,-0.0820,0.0559,-0.0026,pass
1790916605.697,-0.0417,-0.0691,0.0659,-0.0797,0.0702,-0.0033,pass
1790916605.791,-0.0558,-0.0970,0.0643,-0.0909,0.0699,-0.0033,pass
1790916605.889,-0.0755,-0.0848,0.0650,-0.0807,0.0652,-0.0031,pass
1790916605.985,-0.0678,-0.0900,0.0680,-0.0825,0.0661,-0.0031,pass
1790916606.095,-0.0687,-0.0446,0.0661,-0.0866,0.0653,-0.0031,pass
1790916606.190,-0.0675,-0.0376,0.0649,-0.0893,0.0649,-0.0030,pass
1790916606.286,-0.0655,-0.0987,0.0648,-0.0856,0.0697,-0.0033,pass
1790916606.382,-0.0512,-0.0726,0.0646,-0.0805,0.0721,-0.0034,pass
1790916606.494,-0.0833,-0.0778,0.0664,-0.0864,0.0612,-0.0029,pass
1790916606.590,-0.0709,-0.0394,0.0672,-0.0763,0.0586,-0.0027,pass
1790916606.686,-0.0640,0.0182,0.0694,-0.0717,0.0685,-0.0032,pass
1790916606.783,-0.0576,-0.0673,0.0689,-0.0733,0.0650,-0.0030,pass
1790916606.894,-0.0337,-0.0918,0.0655,-0.0839,0.0634,-0.0030,pass
1790916606.990,-0.0738,-0.0673,0.0663,-0.0767,0.0691,-0.0032,pass
1790916607.086,-0.0742,-0.0691,0.0700,-0.0750,0.0700,-0.0033,pass
1790916607.183,-0.0698,-0.0045,0.0700,-0.0743,0.0666,-0.0031,pass
1790916607.294,-0.0699,-0.0324,0.0676,-0.0785,0.0621,-0.0029,pass
1790916607.390,-0.0197,-0.0778,0.0657,-0.0761,0.0581,-0.0027,pass
1790916607.486,-0.0525,-0.1005,0.0666,-0.0843,0.0683,-0.0032,pass
1790916607.584,-0.1186,-0.0970,0.0670,-0.0886,0.0761,-0.0036,pass
1790916607.696,-0.0614,-0.0202,0.0643,-0.0977,0.0659,-0.0031,pass
1790916607.790,-0.0802,-0.0516,0.0640,-0.0902,0.0667,-0.0031,pass
1790916607.886,-0.0690,-0.0603,0.0633,-0.0878,0.0657,-0.0031,pass
1790916607.984,-0.0531,-0.1267,0.0637,-0.0918,0.0677,-0.0032,pass
1790916608.094,-0.1294,-0.1110,0.0631,-0.1014,0.0766,-0.0036,pass
1790916608.191,-0.0641,-0.0499,0.0635,-0.1007,0.0533,-0.0025,pass
1790916608.288,-0.0650,-0.0499,0.0647,-0.0945,0.0574,-0.0027,pass
1790916608.382,-0.0966,-0.1214,0.0636,-0.0890,0.0723,-0.0034,pass
1790916608.494,-0.0644,-0.1214,0.0630,-0.0915,0.0622,-0.0029,pass
1790916608.590,-0.1175,-0.0848,0.0653,-0.0902,0.0763,-0.0036,pass
1790916608.686,-0.0889,-0.0778,0.0668,-0.0913,0.0635,-0.0030,pass
1790916608.783,-0.1376,-0.0289,0.0658,-0.0909,0.0714,-0.0033,pass
1790916608.878,-0.0908,-0.0795,0.0635,-0.0924,0.0660,-0.0031,pass
1790916608.990,-0.0664,-0.1424,0.0647,-0.0912,0.0515,-0.0024,pass
1790916609.086,-0.0934,-0.1424,0.0662,-0.0850,0.0697,-0.0033,pass
1790916609.183,-0.1214,-0.1284,0.0679,-0.0807,0.0695,-0.0033,pass
1790916609.294,-0.1149,-0.0970,0.0698,-0.0729,0.0641,-0.0030,pass
1790916609.390,-0.0538,0.0112,0.0716,-0.0614,0.0494,-0.0023,pass
1790916609.487,-0.0661,-0.0289,0.0713,-0.0609,0.0583,-0.0027,pass
1790916609.584,-0.0541,-0.1389,0.0690,-0.0666,0.0666,-0.0031,pass
1790916609.678,-0.0730,-0.1336,0.0700,-0.0726,0.0747,-0.0035,pass
1790916609.790,-0.1306,-0.1005,0.0695,-0.0685,0.0731,-0.0034,pass
1790916609.887,-0.0812,-0.0394,0.0699,-0.0735,0.0647,-0.0030,pass
1790916609.982,-0.1108,-0.0342,0.0711,-0.0713,0.0848,-0.0040,pass
1790916610.078,-0.0355,-0.0935,0.0708,-0.0649,0.0566,-0.0026,pass
1790916610.191,-0.0798,-0.0656,0.0691,-0.0670,0.0700,-0.0033,pass
1790916610.286,-0.0709,-0.1633,0.0695,-0.0780,0.0827,-0.0039,pass
1790916610.384,-0.1338,-0.0603,0.0691,-0.0748,0.0822,-0.0038,pass
1790916610.478,-0.0649,-0.0446,0.0709,-0.0664,0.0614,-0.0029,pass
1790916610.590,-0.0855,0.0112,0.0710,-0.0644,0.0654,-0.0031,pass
1790916610.686,-0.0355,-0.1389,0.0705,-0.0629,0.0587,-0.0027,pass
1790916610.782,-0.0922,-0.0918,0.0686,-0.0651,0.0789,-0.0037,pass
1790916610.878,-0.0802,-0.1965,0.0707,-0.0691,0.0655,-0.0031,pass
1790916610.990,-0.1337,-0.0254,0.0722,-0.0662,0.0933,-0.0044,pass
1790916611.087,-0.0377,-0.0691,0.0729,-0.0612,0.0453,-0.0021,pass
1790916611.186,-0.1382,-0.0760,0.0687,-0.0755,0.0978,-0.0046,pass
1790916611.278,-0.0573,-0.1493,0.0687,-0.0686,0.0610,-0.0029,pass
1790916611.390,-0.1149,-0.0900,0.0702,-0.0671,0.0821,-0.0038,pass
1790916611.487,-0.1229,-0.0603,0.0731,-0.0591,0.0644,-0.0030,pass
1790916611.584,-0.0348,-0.0673,0.0749,-0.0557,0.0597,-0.0028,pass
1790916611.678,-0.1681,0.0165,0.0735,-0.0541,0.0815,-0.0038,pass
1790916611.790,0.0000,-0.1546,0.0737,-0.0527,0.0389,-0.0018,pass
1790916611.886,-0.1054,-0.0918,0.0713,-0.0595,0.0924,-0.0043,pass
1790916611.983,-0.1073,-0.1040,0.0744,-0.0475,0.0758,-0.0035,pass
1790916612.078,-0.0585,-0.0865,0.0757,-0.0482,0.0768,-0.0036,pass
1790916612.190,-0.1009,0.0741,0.0762,-0.0456,0.0654,-0.0031,pass
1790916612.286,-0.0088,-0.0638,0.0782,-0.0299,0.0461,-0.0022,pass
1790916612.384,-0.0141,-0.0795,0.0779,-0.0296,0.0655,-0.0031,pass
1790916612.478,-0.1077,-0.0184,0.0778,-0.0297,0.0870,-0.0041,pass
1790916612.590,-0.0318,-0.1110,0.0763,-0.0382,0.0624,-0.0029,pass
1790916612.686,-0.0524,-0.0411,0.0757,-0.0478,0.0942,-0.0044,pass
1790916612.783,-0.1052,0.0112,0.0751,-0.0411,0.0811,-0.0038,pass
1790916612.881,-0.0168,-0.1389,0.0732,-0.0439,0.0551,-0.0026,pass
1790916612.990,-0.0669,-0.0516,0.0719,-0.0551,0.0938,-0.0044,pass
1790916613.087,-0.0894,-0.0918,0.0734,-0.0577,0.0675,-0.0032,pass
1790916613.182,-0.0627,-0.0778,0.0714,-0.0650,0.0718,-0.0034,pass
1790916613.278,-0.1118,0.0147,0.0693,-0.0676,0.0878,-0.0041,pass
1790916613.374,-0.0456,-0.1144,0.0690,-0.0694,0.0502,-0.0023,pass
1790916613.486,-0.0807,-0.1336,0.0669,-0.0752,0.0834,-0.0039,pass
1790916613.583,-0.0616,-0.0883,0.0693,-0.0707,0.0547,-0.0026,pass
1790916613.678,-0.1510,-0.0184,0.0705,-0.0694,0.0891,-0.0042,pass
1790916613.775,-0.0307,-0.0691,0.0692,-0.0737,0.0400,-0.0019,pass
1790916613.886,-0.0975,-0.0376,0.0660,-0.0800,0.0758,-0.0035,pass
1790916613.982,-0.0210,-0.1162,0.0676,-0.0657,0.0407,-0.0019,pass
1790916614.078,-0.1140,-0.0952,0.0691,-0.0660,0.0912,-0.0043,pass
1790916614.174,-0.0649,-0.0743,0.0698,-0.0734,0.0618,-0.0029,pass
1790916614.286,-0.1043,-0.0621,0.0675,-0.0773,0.0717,-0.0034,pass
1790916614.383,-0.0614,-0.0778,0.0626,-0.0944,0.0656,-0.0031,pass
1790916614.478,-0.0654,-0.1179,0.0673,-0.0763,0.0457,-0.0021,pass
1790916614.574,-0.0851,-0.1005,0.0669,-0.0773,0.0788,-0.0037,pass
1790916614.686,-0.0867,-0.1267,0.0673,-0.0829,0.0600,-0.0028,pass
1790916614.783,-0.1367,-0.0167,0.0669,-0.0871,0.0797,-0.0037,pass
1790916614.878,-0.0568,-0.0289,0.0709,-0.0676,0.0478,-0.0022,pass
1790916614.974,-0.0691,-0.0760,0.0663,-0.0794,0.0648,-0.0030,pass
1790916615.086,-0.0817,-0.2052,0.0642,-0.0901,0.0744,-0.0035,pass
1790916615.182,-0.1253,-0.0603,0.0690,-0.0742,0.0943,-0.0044,pass
1790916615.278,-0.0561,-0.0621,0.0798,-0.0330,0.0233,-0.0011,pass
1790916615.376,-0.0527,-0.0237,0.0737,-0.0519,0.0678,-0.0032,pass
1790916615.487,-0.1139,0.0287,0.0722,-0.0522,0.0899,-0.0042,pass
1790916615.583,-0.0394,-0.1616,0.0697,-0.0714,0.0535,-0.0025,pass
1790916615.678,-0.1222,-0.1389,0.0690,-0.0718,0.1131,-0.0053,pass
1790916615.774,-0.1058,-0.1790,0.0721,-0.0647,0.0583,-0.0027,pass
1790916615.886,-0.1348,-0.0394,0.0720,-0.0684,0.0960,-0.0045,pass
1790916615.985,-0.0372,-0.0760,0.0731,-0.0530,0.0247,-0.0012,pass
1790916616.078,-0.0938,-0.0307,0.0725,-0.0594,0.0849,-0.0040,pass
1790916616.174,-0.0775,-0.1301,0.0718,-0.0635,0.0698,-0.0033,pass
1790916616.291,-0.0628,-0.1022,0.0700,-0.0658,0.0695,-0.0033,pass
1790916616.384,-0.1547,-0.0760,0.0720,-0.0658,0.1054,-0.0049,pass
1790916616.478,-0.0708,-0.1389,0.0730,-0.0650,0.0594,-0.0028,pass
1790916616.574,-0.1211,0.0077,0.0706,-0.0700,0.0792,-0.0037,pass
1790916616.689,-0.0578,-0.1546,0.0710,-0.0602,0.0411,-0.0019,pass
1790916616.782,-0.0803,-0.0516,0.0714,-0.0567,0.0938,-0.0044,pass
1790916616.878,-0.0786,-0.1528,0.0726,-0.0571,0.0683,-0.0032,pass
1790916616.974,-0.1239,-0.0708,0.0715,-0.0660,0.0912,-0.0043,pass
1790916617.071,-0.1021,-0.0237,0.0712,-0.0591,0.0683,-0.0032,pass
1790916617.182,-0.0529,-0.0621,0.0712,-0.0634,0.0503,-0.0024,pass
1790916617.278,-0.1001,-0.0970,0.0681,-0.0705,0.0835,-0.0039,pass
1790916617.374,-0.0778,-0.1249,0.0697,-0.0626,0.0832,-0.0039,pass
1790916617.473,-0.1050,-0.0411,0.0737,-0.0545,0.0725,-0.0034,pass
1790916617.582,-0.0515,-0.1336,0.0727,-0.0521,0.0531,-0.0025,pass
1790916617.678,-0.1130,0.0269,0.0719,-0.0555,0.0938,-0.0044,pass
1790916617.783,-0.0358,-0.1144,0.0717,-0.0594,0.0421,-0.0020,pass
1790916617.870,-0.0591,-0.1022,0.0709,-0.0619,0.0932,-0.0044,pass
1790916617.984,-0.0510,-0.0708,0.0111,-0.0170,0.0478,-0.0022,pass
1790916618.078,0.0116,-0.0499,0.0002,0.0029,-0.0085,0.0004,pass
1790916618.174,-0.0062,0.0112,-0.0148,0.0004,0.0134,-0.0006,pass
1790916618.272,0.0050,0.0077,-0.0405,0.0015,0.0038,-0.0002,pass
1790916618.383,0.0120,0.0234,-0.0481,0.0024,-0.0135,0.0006,pass
1790916618.478,0.0121,0.0095,-0.0488,-0.0023,-0.0288,0.0013,pass
1790916618.575,0.0100,0.0025,-0.0490,0.0012,-0.0308,0.0014,pass
1790916618.674,0.0218,-0.0027,-0.0484,-0.0034,-0.0525,0.0025,pass
1790916618.783,0.0000,-0.0080,-0.0499,0.0019,-0.0325,0.0015,pass
1790916618.878,0.0206,0.0287,-0.0486,-0.0044,-0.0673,0.0032,pass
1790916618.974,-0.0036,-0.0184,-0.0500,0.0019,-0.0340,0.0016,pass
1790916619.071,0.0123,0.0409,-0.0490,-0.0019,-0.0584,0.0027,pass
1790916619.182,0.0000,-0.0376,-0.0499,0.0033,-0.0397,0.0019,pass
1790916619.278,0.0000,0.0130,-0.0491,0.0013,-0.0471,0.0022,pass
1790916619.374,0.0051,0.0042,-0.0494,0.0030,-0.0523,0.0024,pass
1790916619.470,0.0000,0.0165,-0.0492,0.0014,-0.0491,0.0023,pass
1790916619.583,0.0000,-0.0010,-0.0495,0.0023,-0.0467,0.0022,pass
1790916619.678,0.0000,0.0112,-0.0492,0.0013,-0.0367,0.0017,pass
1790916619.775,0.0251,-0.0167,-0.0495,0.0021,-0.0695,0.0033,pass
1790916619.870,-0.0096,0.0199,-0.0496,0.0017,-0.0234,0.0011,pass
1790916619.966,-0.0036,-0.0167,-0.0497,0.0037,-0.0518,0.0024,pass
1790916620.078,-0.0119,0.0252,-0.0498,0.0014,-0.0248,0.0012,pass
1790916620.174,0.0161,-0.0272,-0.0497,0.0004,-0.0787,0.0037,pass
1790916620.270,0.0000,0.0217,-0.0500,0.0033,-0.0419,0.0020,pass
1790916620.367,-0.0071,-0.0167,-0.0499,0.0004,-0.0489,0.0023,pass
1790916620.478,0.0103,0.0357,-0.0501,0.0013,-0.0376,0.0018,pass
1790916620.574,-0.0051,-0.0254,-0.0497,0.0025,-0.0552,0.0026,pass
1790916620.670,0.0080,0.0269,-0.0506,0.0032,-0.0478,0.0022,pass
1790916620.766,-0.0080,0.0095,-0.0499,0.0013,-0.0507,0.0024,pass
1790916620.878,0.0142,0.0025,-0.0504,0.0025,-0.0485,0.0023,pass
1790916620.974,0.0000,0.0112,-0.0499,-0.0006,-0.0386,0.0018,pass
1790916621.070,0.0051,-0.0115,-0.0501,0.0007,-0.0474,0.0022,pass
1790916621.168,-0.0123,-0.0010,-0.0492,-0.0022,-0.0388,0.0018,pass
1790916621.278,0.0150,-0.0062,-0.0505,0.0020,-0.0516,0.0024,pass
1790916621.374,-0.0062,0.0112,-0.0500,-0.0008,-0.0418,0.0020,pass
1790916621.470,0.0095,-0.0638,-0.0503,0.0012,-0.0567,0.0027,pass
1790916621.567,-0.0295,-0.0010,0.0000,0.0000,-0.0290,0.0014,g2
1790916621.678,-0.0171,-0.0499,0.0111,-0.0485,-0.0230,0.0011,pass
1790916621.774,-0.0345,-0.1075,0.0314,-0.0444,-0.0118,0.0006,pass
1790916621.870,-0.0897,-0.0516,0.0513,-0.0572,0.0269,-0.0013,pass
1790916621.967,-0.0267,-0.0307,0.0719,-0.0368,0.0147,-0.0007,pass
1790916622.078,-0.0103,-0.0045,0.0732,0.0377,0.0253,-0.0012,pass
1790916622.174,-0.0161,0.1142,0.0709,0.0538,0.0438,-0.0020,pass
1790916622.271,0.0873,0.0112,0.0671,0.0667,0.0420,-0.0020,pass
1790916622.366,0.0321,-0.0813,0.0752,-0.0221,0.1140,-0.0053,pass
1790916622.478,-0.0266,-0.1162,0.0745,-0.0490,0.0469,-0.0022,pass
1790916622.574,-0.0759,0.0304,0.0758,-0.0408,0.1056,-0.0049,pass
1790916622.670,-0.0062,-0.1825,0.0671,-0.0717,0.0527,-0.0025,pass
1790916622.770,-0.2113,-0.0516,0.0710,-0.0582,0.1562,-0.0073,pass
1790916622.878,0.0045,0.0793,0.0771,0.0097,0.0257,-0.0012,pass
1790916622.974,0.0213,0.0304,0.0793,0.0143,0.0150,-0.0007,pass
1790916623.075,0.0337,-0.0935,0.0709,-0.0540,0.0436,-0.0020,pass
1790916623.168,-0.1224,-0.0760,0.0686,-0.0627,0.1578,-0.0074,pass
1790916623.280,-0.0597,-0.1441,0.0748,-0.0439,0.0652,-0.0031,pass
1790916623.374,-0.1113,-0.0551,0.0694,-0.0724,0.0944,-0.0044,pass
1790916623.470,-0.0571,-0.1511,0.0615,-0.1064,0.0615,-0.0029,pass
1790916623.567,-0.1619,-0.0691,0.0662,-0.0805,0.1095,-0.0051,pass
1790916623.678,-0.0900,-0.1598,0.0610,-0.0992,0.0321,-0.0015,pass
1790916623.774,-0.1188,-0.2104,0.0617,-0.0971,0.0891,-0.0042,pass
1790916623.870,-0.1936,-0.0656,0.0702,-0.0686,0.1064,-0.0050,pass
1790916623.966,0.0130,0.0252,0.0770,0.0192,0.0085,-0.0004,pass
1790916624.078,0.0180,-0.0568,0.0765,0.0151,0.0158,-0.0007,pass
1790916624.174,-0.0368,-0.0918,0.0696,-0.0611,0.0886,-0.0041,pass
1790916624.270,-0.0879,-0.0987,0.0736,-0.0548,0.1004,-0.0047,pass
1790916624.368,-0.0809,-0.0132,0.0703,-0.0703,0.1006,-0.0047,pass
1790916624.478,-0.0714,-0.1057,0.0625,-0.0947,0.0587,-0.0027,pass
1790916624.575,-0.0387,-0.0760,0.0729,-0.0483,0.0640,-0.0030,pass
1790916624.672,-0.0482,0.0165,0.0774,-0.0167,0.0569,-0.0027,pass
1790916624.768,-0.0208,-0.1040,0.0697,-0.0709,0.0435,-0.0020,pass
1790916624.878,-0.0845,0.0112,0.0669,-0.0776,0.1038,-0.0049,pass
1790916624.978,-0.0324,-0.0376,0.0775,-0.0334,0.0481,-0.0023,pass
1790916625.070,-0.0294,-0.1005,0.0671,-0.0724,0.0667,-0.0031,pass
1790916625.166,-0.0961,-0.0708,0.0672,-0.0827,0.1062,-0.0050,pass
1790916625.262,-0.0645,-0.0778,0.0783,-0.0352,0.0731,-0.0034,pass
1790916625.374,-0.0369,-0.0272,0.0688,-0.0732,0.0519,-0.0024,pass
1790916625.472,-0.0079,-0.0219,0.0684,-0.0706,0.0525,-0.0025,pass
1790916625.580,-0.0913,-0.0534,0.0656,-0.0774,0.0915,-0.0043,pass
1790916625.662,-0.0621,-0.0830,0.0748,-0.0425,0.0844,-0.0039,pass
1790916625.778,-0.0337,-0.0202,0.0674,-0.0778,0.0543,-0.0025,pass
1790916625.871,-0.0280,-0.0691,0.0749,-0.0499,0.0602,-0.0028,pass
1790916625.967,-0.0605,0.0252,0.0754,-0.0068,0.0837,-0.0039,pass
1790916626.078,-0.0251,-0.0010,0.0740,-0.0404,0.0483,-0.0023,pass
1790916626.174,-0.0114,-0.0464,0.0741,-0.0584,0.0635,-0.0030,pass
1790916626.271,-0.0277,-0.0411,0.0785,0.0056,0.0678,-0.0032,pass
1790916626.366,-0.0120,0.0688,0.0688,0.0561,0.0727,-0.0034,pass
1790916626.462,0.0582,0.0933,0.0646,0.0791,0.0372,-0.0017,pass
1790916626.574,0.0889,0.0793,0.0613,0.0972,0.0526,-0.0025,pass
1790916626.672,0.0628,0.0549,0.0632,0.0837,0.0869,-0.0041,pass
1790916626.768,0.0995,0.0566,0.0615,0.0919,0.0641,-0.0030,pass
1790916626.862,0.0858,0.1351,0.0634,0.0816,0.0733,-0.0034,pass
1790916626.974,0.0684,-0.0324,0.0727,0.0486,0.0428,-0.0020,pass
1790916627.070,0.0095,-0.1214,0.0698,-0.0639,0.1268,-0.0059,pass
1790916627.166,-0.0527,0.0391,0.0780,-0.0189,0.0669,-0.0031,pass
1790916627.262,0.0096,0.1002,0.0787,0.0166,0.0251,-0.0012,pass
1790916627.374,0.0044,-0.0464,0.0787,-0.0096,0.0427,-0.0020,pass
1790916627.471,0.0107,-0.0219,0.0773,0.0256,0.0994,-0.0047,pass
1790916627.566,-0.0166,0.0898,0.0683,0.0660,0.0697,-0.0033,pass
1790916627.662,0.0888,0.0269,0.0765,0.0179,0.0406,-0.0019,pass
1790916627.774,0.0127,0.0217,0.0794,0.0253,0.0827,-0.0039,pass
1790916627.870,0.0225,0.0112,0.0744,0.0498,0.0598,-0.0028,pass
1790916627.966,0.0216,-0.0202,0.0766,-0.0207,0.0963,-0.0045,pass
1790916628.062,0.0036,-0.0184,0.0791,0.0041,0.0920,-0.0043,pass
1790916628.174,0.0031,0.0933,0.0789,0.0217,0.0373,-0.0017,pass
1790916628.270,0.0570,-0.0324,0.0765,0.0060,0.0337,-0.0016,pass
1790916628.368,-0.0335,-0.0621,0.0679,-0.0620,0.1287,-0.0060,pass
1790916628.462,-0.0430,-0.1022,0.0686,-0.0612,0.0756,-0.0035,pass
1790916628.574,-0.0741,0.0165,0.0783,0.0186,0.0899,-0.0042,pass
1790916628.670,0.0327,0.0060,0.0788,-0.0068,0.0250,-0.0012,pass
1790916628.769,0.0145,0.0112,0.0791,0.0015,0.0467,-0.0022,pass
1790916628.862,0.0037,-0.0499,0.0814,0.0063,0.0806,-0.0038,pass
1790916628.978,0.0042,-0.0795,0.0715,-0.0567,0.0713,-0.0033,pass
1790916629.070,-0.0536,0.0112,0.0773,-0.0181,0.0924,-0.0043,pass
1790916629.167,0.0062,0.0095,0.0780,0.0274,0.0424,-0.0020,pass
1790916629.262,0.0000,-0.1808,0.0754,-0.0393,0.0697,-0.0033,pass
1790916629.374,-0.0505,-0.0778,0.0700,-0.0619,0.1154,-0.0054,pass
1790916629.470,-0.0376,-0.0027,0.0787,-0.0045,0.0648,-0.0030,pass
1790916629.567,-0.0050,-0.0638,0.0758,-0.0139,0.0381,-0.0018,pass
1790916629.662,-0.0427,-0.0150,0.0719,-0.0479,0.0959,-0.0045,pass
1790916629.758,-0.0264,-0.0010,0.0746,-0.0224,0.0652,-0.0031,pass
1790916629.870,-0.0148,0.0409,0.0787,0.0146,0.0369,-0.0017,pass
1790916629.967,0.0079,-0.0062,0.0793,-0.0043,0.0573,-0.0027,pass
1790916630.062,-0.0103,0.0269,0.0789,0.0107,0.1094,-0.0051,pass
1790916630.158,0.0216,-0.0010,0.0776,0.0286,0.0554,-0.0026,pass
1790916630.271,-0.0053,0.0322,0.0791,-0.0232,0.0818,-0.0038,pass
1790916630.369,0.0000,0.0199,0.0799,0.0101,0.0860,-0.0040,pass
1790916630.462,0.0123,0.0496,0.0734,0.0420,0.0667,-0.0031,pass
1790916630.575,0.0053,-0.0481,0.0755,-0.0198,0.0848,-0.0040,pass
1790916630.670,0.0121,-0.0534,0.0712,-0.0627,0.0776,-0.0036,pass
1790916630.774,-0.0537,0.0374,0.0758,-0.0212,0.0853,-0.0040,pass
1790916630.863,0.0399,-0.0289,0.0774,-0.0117,0.0222,-0.0010,pass
1790916630.958,-0.0625,-0.0952,0.0732,-0.0537,0.1150,-0.0054,pass
1790916631.070,-0.0570,0.0531,0.0785,-0.0096,0.0738,-0.0035,pass
1790916631.169,0.0529,0.0793,0.0717,0.0527,0.0033,-0.0002,pass
1790916631.262,0.0426,-0.1616,0.0769,-0.0077,0.0755,-0.0035,pass
1790916631.358,-0.0783,0.0374,0.0795,0.0008,0.1480,-0.0069,pass
1790916631.470,0.0566,0.0653,0.0718,0.0482,0.0033,-0.0002,pass
1790916631.567,0.0387,0.0252,0.0769,0.0066,0.0602,-0.0028,pass
1790916631.662,0.0000,-0.1668,0.0719,-0.0560,0.1076,-0.0050,pass
1790916631.758,-0.1112,-0.0010,0.0790,-0.0169,0.1209,-0.0057,pass
1790916631.870,0.0255,0.0828,0.0779,0.0136,0.0178,-0.0008,pass
1790916631.966,0.0498,-0.0952,0.0722,-0.0482,0.0273,-0.0013,pass
1790916632.062,-0.1222,-0.0307,0.0717,-0.0396,0.1655,-0.0077,pass
1790916632.158,0.0130,0.0898,0.0767,0.0184,0.0085,-0.0004,pass
1790916632.274,-0.0060,0.0391,0.0787,-0.0013,0.0290,-0.0014,pass
1790916632.366,0.0212,-0.0062,0.0801,0.0096,0.0852,-0.0040,pass
1790916632.462,0.0000,-0.0010,0.0757,0.0334,0.0817,-0.0038,pass
1790916632.558,0.0433,-0.0184,0.0788,-0.0079,0.0562,-0.0026,pass
1790916632.670,0.0000,0.0915,0.0802,0.0064,0.0791,-0.0037,pass
1790916632.767,0.0354,0.0269,0.0779,0.0243,0.0457,-0.0021,pass
1790916632.866,0.0134,-0.0010,0.0761,0.0129,0.1040,-0.0049,pass
1790916632.958,0.0196,-0.0184,0.0734,-0.0473,0.0778,-0.0036,pass
1790916633.071,-0.0316,-0.0080,0.0789,0.0007,0.0619,-0.0029,pass
1790916633.166,-0.0102,-0.1040,0.0773,-0.0006,0.0671,-0.0031,pass
1790916633.262,-0.0285,-0.0621,0.0736,-0.0413,0.1040,-0.0049,pass
1790916633.358,-0.0371,0.1055,0.0783,-0.0004,0.0649,-0.0030,pass
1790916633.454,0.0588,0.0741,0.0723,0.0571,0.0102,-0.0005,pass
1790916633.566,0.0326,-0.0603,0.0785,0.0045,0.0793,-0.0037,pass
1790916633.662,0.0000,0.0182,0.0797,-0.0117,0.1059,-0.0050,pass
1790916633.758,0.0102,0.1090,0.0781,0.0146,0.0527,-0.0025,pass
1790916633.870,0.0384,0.0199,0.0764,0.0376,0.0302,-0.0014,pass
1790916633.966,-0.0165,-0.0638,0.0794,-0.0147,0.1192,-0.0056,pass
1790916634.062,-0.0190,0.0479,0.0749,0.0347,0.0962,-0.0045,pass
1790916634.158,0.0668,0.0915,0.0694,0.0621,0.0369,-0.0017,pass
1790916634.254,0.0632,0.0199,0.0768,0.0263,0.0769,-0.0036,pass
1790916634.366,0.0081,0.1090,0.0786,0.0290,0.0784,-0.0037,pass
1790916634.462,0.0511,-0.0150,0.0727,0.0532,0.0492,-0.0023,pass
1790916634.558,0.0169,0.0671,0.0734,0.0465,0.1116,-0.0052,pass
1790916634.654,0.0653,0.0793,0.0709,0.0531,0.0493,-0.0023,pass
1790916634.767,0.0639,0.1055,0.0713,0.0561,0.0526,-0.0025,pass
1790916634.862,0.0760,0.0583,0.0762,0.0183,0.0692,-0.0032,pass
1790916634.958,0.0000,-0.0446,0.0695,-0.0598,0.0967,-0.0045,pass
1790916635.054,-0.0765,-0.0673,0.0697,-0.0575,0.1285,-0.0060,pass
1790916635.166,-0.0715,-0.0184,0.0803,-0.0011,0.0789,-0.0037,pass
1790916635.262,0.0114,0.0095,0.0798,-0.0027,0.0202,-0.0009,pass
1790916635.358,0.0000,0.0636,0.0789,0.0027,0.0623,-0.0029,pass
1790916635.454,0.0382,0.0496,0.0745,0.0460,0.0476,-0.0022,pass
1790916635.567,0.0348,-0.0795,0.0764,-0.0186,0.0767,-0.0036,pass
1790916635.662,-0.0381,0.0025,0.0799,-0.0052,0.1201,-0.0056,pass
1790916635.758,0.0088,0.0793,0.0772,0.0233,0.0536,-0.0025,pass
1790916635.854,0.0408,-0.0045,0.0755,0.0059,0.0359,-0.0017,pass
1790916635.966,-0.0062,-0.0010,0.0796,0.0178,0.0921,-0.0043,pass
1790916636.062,0.0036,0.0671,0.0792,0.0239,0.0731,-0.0034,pass
1790916636.158,0.0476,-0.0202,0.0749,0.0428,0.0697,-0.0033,pass
1790916636.254,0.0367,-0.0726,0.0753,-0.0324,0.1052,-0.0049,pass
1790916636.366,-0.0302,-0.0272,0.0782,-0.0264,0.0751,-0.0035,pass
1790916636.462,-0.0229,-0.0481,0.0805,0.0136,0.0717,-0.0034,pass
1790916636.558,-0.0051,-0.0464,0.0756,-0.0242,0.0671,-0.0031,pass
1790916636.654,-0.0326,0.0095,0.0785,-0.0092,0.0997,-0.0047,pass
1790916636.750,0.0000,0.1177,0.0784,0.0305,0.0284,-0.0013,pass
1790916636.862,0.0585,-0.0534,0.0775,-0.0165,0.0346,-0.0016,pass
1790916636.958,-0.0595,0.0008,0.0785,-0.0052,0.1437,-0.0067,pass
1790916637.054,0.0072,-0.0062,0.0790,0.0234,0.0425,-0.0020,pass
1790916637.166,0.0141,-0.0080,0.0778,-0.0188,0.0465,-0.0022,pass
1790916637.262,0.0000,-0.0115,0.0794,-0.0120,0.1220,-0.0057,pass
1790916637.358,-0.0080,0.0130,0.0792,0.0067,0.0524,-0.0025,pass
1790916637.454,0.0000,0.0217,0.0794,0.0075,0.0650,-0.0030,pass
1790916637.567,0.0068,-0.0307,0.0814,-0.0108,0.0666,-0.0031,pass
1790916637.662,-0.0082,0.0112,0.0802,-0.0216,0.1073,-0.0050,pass
1790916637.759,-0.0035,0.0217,0.0791,-0.0159,0.0685,-0.0032,pass
1790916637.854,-0.0222,-0.0167,0.0799,-0.0073,0.0714,-0.0033,pass
1790916637.950,-0.0108,-0.0464,0.0809,0.0083,0.0806,-0.0038,pass
1790916638.062,0.0000,-0.0027,0.0799,0.0084,0.0739,-0.0035,pass
1790916638.158,0.0157,0.0374,0.0793,0.0141,0.0706,-0.0033,pass
1790916638.254,0.0244,0.0008,0.0788,-0.0020,0.0594,-0.0028,pass
1790916638.368,-0.0090,-0.0691,0.0799,-0.0062,0.0975,-0.0046,pass
1790916638.462,-0.0232,-0.0010,0.0808,-0.0187,0.0902,-0.0042,pass
1790916638.559,0.0113,0.0618,0.0798,-0.0074,0.0602,-0.0028,pass
1790916638.654,0.0126,0.0496,0.0795,-0.0059,0.0492,-0.0023,pass
1790916638.750,-0.0101,-0.0708,0.0799,-0.0054,0.0935,-0.0044,pass
1790916638.862,-0.0422,-0.0970,0.0788,-0.0249,0.1161,-0.0054,pass
1790916638.958,-0.0114,0.0182,0.0799,-0.0118,0.0767,-0.0036,pass
1790916639.054,0.0283,-0.0184,0.0716,-0.0556,0.0168,-0.0008,pass
1790916639.151,-0.1001,-0.0760,0.0609,-0.0978,0.1647,-0.0077,pass
1790916639.262,-0.0885,-0.1563,0.0628,-0.0838,0.0745,-0.0035,pass
1790916639.358,-0.1081,-0.0324,0.0654,-0.0818,0.0951,-0.0044,pass
1790916639.454,-0.0395,-0.0464,0.0768,-0.0272,0.0075,-0.0004,pass
1790916639.550,-0.0308,-0.0307,0.0778,0.0090,0.0624,-0.0029,pass
1790916639.662,-0.0120,-0.0150,0.0769,0.0210,0.0555,-0.0026,pass
1790916639.758,0.0203,0.1369,0.0734,0.0381,0.0574,-0.0027,pass
1790916639.854,0.0532,0.0828,0.0722,0.0534,0.0259,-0.0012,pass
1790916639.950,0.0364,-0.0342,0.0751,0.0398,0.1050,-0.0049,pass
1790916640.062,0.0069,-0.0045,0.0735,-0.0413,0.1033,-0.0048,pass
1790916640.158,0.0108,0.0706,0.0742,-0.0428,0.0452,-0.0021,pass
1790916640.254,-0.0398,-0.0516,0.0792,-0.0167,0.0853,-0.0040,pass
1790916640.350,-0.0555,-0.0010,0.0789,0.0033,0.1116,-0.0052,pass
1790916640.462,0.0044,0.0234,0.0795,0.0166,0.0431,-0.0020,pass
1790916640.558,0.0219,0.0898,0.0771,0.0364,0.0241,-0.0011,pass
1790916640.654,0.0305,0.0252,0.0752,0.0437,0.0971,-0.0045,pass
1790916640.750,0.0152,0.0234,0.0737,0.0499,0.0802,-0.0038,pass
1790916640.846,0.0161,-0.0202,0.0702,0.0585,0.0902,-0.0042,pass
1790916640.958,0.0297,0.0566,0.0705,0.0620,0.0798,-0.0037,pass
1790916641.054,0.0759,0.0828,0.0679,0.0685,0.0363,-0.0017,pass
1790916641.150,0.0623,0.0252,0.0729,0.0494,0.0705,-0.0033,pass
1790916641.246,0.0313,0.0444,0.0768,0.0369,0.0878,-0.0041,pass
1790916641.358,0.0312,-0.0446,0.0778,0.0308,0.0742,-0.0035,pass
1790916641.454,-0.0172,-0.0115,0.0789,0.0205,0.1212,-0.0057,pass
1790916641.550,0.0311,0.0549,0.0789,0.0212,0.0362,-0.0017,pass
1790916641.662,0.0287,0.0496,0.0792,0.0278,0.0521,-0.0024,pass
1790916641.758,0.0130,-0.0062,0.0794,0.0286,0.0849,-0.0040,pass
1790916641.854,0.0000,-0.0132,0.0804,0.0145,0.1117,-0.0052,pass
1790916641.951,0.0188,0.0723,0.0798,0.0164,0.0731,-0.0034,pass
1790916642.047,0.0350,-0.0324,0.0791,0.0076,0.0599,-0.0028,pass
1790916642.158,-0.0146,-0.0062,0.0815,-0.0082,0.0997,-0.0047,pass
1790916642.254,0.0036,0.0112,0.0816,0.0027,0.0870,-0.0041,pass
1790916642.350,0.0144,0.0112,0.0810,-0.0041,0.0789,-0.0037,pass
1790916642.446,-0.0051,0.0112,0.0795,-0.0011,0.0852,-0.0040,pass
1790916642.558,0.0000,0.0252,0.0787,0.0057,0.0697,-0.0033,pass
1790916642.654,0.0036,-0.0586,0.0808,0.0017,0.0865,-0.0040,pass
1790916642.750,-0.0095,0.0234,0.0810,-0.0033,0.1003,-0.0047,pass
1790916642.847,0.0234,0.0199,0.0789,0.0140,0.0626,-0.0029,pass
1790916642.958,0.0044,0.0269,0.0808,0.0139,0.0649,-0.0030,pass
1790916643.054,0.0114,-0.0359,0.0808,-0.0009,0.0801,-0.0038,pass
1790916643.150,0.0072,0.0269,0.0796,-0.0018,0.0839,-0.0039,pass
1790916643.246,0.0144,0.0060,0.0794,0.0052,0.0730,-0.0034,pass
1790916643.358,-0.0044,-0.0010,0.0803,0.0008,0.0686,-0.0032,pass
1790916643.454,0.0072,0.0095,0.0803,0.0058,0.0816,-0.0038,pass
1790916643.551,0.0175,0.0583,0.0814,0.0139,0.0603,-0.0028,pass
1790916643.646,0.0220,0.0287,0.0803,0.0096,0.0753,-0.0035,pass
1790916643.765,-0.0087,-0.0184,0.0797,0.0141,0.0826,-0.0039,pass
1790916643.854,0.0210,0.0112,0.0797,0.0147,0.0823,-0.0039,pass
1790916643.950,0.0210,0.1439,0.0806,0.0203,0.0635,-0.0030,pass
1790916644.048,0.0707,-0.0045,0.0798,0.0260,0.0436,-0.0020,pass
1790916644.158,-0.0234,-0.1232,0.0772,-0.0140,0.1296,-0.0061,pass
1790916644.254,-0.0374,-0.0027,0.0693,-0.0613,0.1170,-0.0055,pass
1790916644.350,-0.0119,-0.0062,0.0800,-0.0014,0.0563,-0.0026,pass
1790916644.446,-0.0130,-0.0516,0.0725,-0.0502,0.0392,-0.0018,pass
1790916644.558,-0.0358,0.0217,0.0733,-0.0339,0.0983,-0.0046,pass
1790916644.654,-0.0512,-0.1319,0.0780,0.0012,0.0788,-0.0037,pass
1790916644.750,-0.0557,-0.0778,0.0711,-0.0611,0.0811,-0.0038,pass
1790916644.846,-0.0279,-0.0429,0.0727,-0.0533,0.0696,-0.0033,pass
1790916644.942,-0.0348,0.0287,0.0756,0.0294,0.0761,-0.0036,pass
1790916645.054,-0.0044,0.0514,0.0704,0.0567,0.0252,-0.0012,pass
1790916645.150,0.0693,0.0374,0.0765,0.0165,0.0412,-0.0019,pass
1790916645.246,0.0530,0.0967,0.0761,0.0242,0.1010,-0.0047,pass
1790916645.342,0.0266,0.0933,0.0722,0.0545,0.0623,-0.0029,pass
1790916645.454,0.0504,-0.0010,0.0781,-0.0029,0.0518,-0.0024,pass
1790916645.551,0.0035,0.0234,0.0741,0.0412,0.1093,-0.0051,pass
1790916645.647,0.0208,0.1212,0.0701,0.0593,0.0279,-0.0013,pass
1790916645.742,0.1058,-0.0411,0.0775,-0.0059,0.0546,-0.0026,pass
1790916645.854,-0.0274,0.0339,0.0768,0.0310,0.1335,-0.0062,pass
1790916645.950,0.0113,0.0810,0.0709,0.0585,0.0518,-0.0024,pass
1790916646.046,0.0718,0.0357,0.0645,0.0833,0.0412,-0.0019,pass
1790916646.142,0.0612,0.0357,0.0751,0.0005,0.0997,-0.0047,pass
1790916646.254,0.0326,0.0985,0.0762,0.0355,0.0656,-0.0031,pass
1790916646.350,0.0367,-0.0952,0.0758,0.0191,0.0647,-0.0030,pass
1790916646.446,-0.0072,-0.1075,0.0700,-0.0613,0.1494,-0.0070,pass
1790916646.542,-0.0519,0.0688,0.0785,-0.0155,0.0894,-0.0042,pass
1790916646.654,0.0231,0.0618,0.0729,0.0512,0.0083,-0.0004,pass
1790916646.750,-0.0051,-0.0376,0.0703,0.0585,0.0656,-0.0031,pass
1790916646.848,0.0035,0.0461,0.0779,0.0037,0.1152,-0.0054,pass
1790916646.942,0.0358,-0.0359,0.0744,0.0288,0.0322,-0.0015,pass
1790916647.054,-0.0138,-0.0324,0.0767,-0.0122,0.1077,-0.0050,pass
1790916647.150,-0.0062,-0.0499,0.0742,-0.0467,0.0969,-0.0045,pass
1790916647.248,-0.0213,0.1334,0.0753,0.0250,0.0707,-0.0033,pass
1790916647.342,0.0507,0.0985,0.0669,0.0763,-0.0117,0.0005,pass
1790916647.454,0.0532,0.0077,0.0689,0.0662,0.0799,-0.0037,pass
1790916647.550,-0.0072,0.0112,0.0763,0.0222,0.1216,-0.0057,pass
1790916647.650,0.0207,0.1194,0.0668,0.0731,0.0614,-0.0029,pass
1790916647.742,0.1036,0.0723,0.0708,0.0631,0.0125,-0.0006,pass
1790916647.854,0.0237,0.0933,0.0722,0.0566,0.1157,-0.0054,pass
1790916647.952,0.0645,0.0060,0.0682,0.0724,0.0565,-0.0026,pass
1790916648.046,0.0413,0.0549,0.0684,0.0717,0.0971,-0.0045,pass
1790916648.144,0.1029,0.0199,0.0758,0.0311,0.0561,-0.0026,pass
1790916648.254,0.0222,-0.0307,0.0747,-0.0214,0.1007,-0.0047,pass
1790916648.350,-0.0148,-0.1616,0.0762,-0.0356,0.0867,-0.0041,pass
1790916648.446,-0.0971,-0.0254,0.0779,-0.0133,0.1162,-0.0054,pass
1790916648.542,0.0236,0.1299,0.0714,0.0563,0.0068,-0.0003,pass
1790916648.642,0.1008,0.0531,0.0734,0.0508,-0.0073,0.0003,pass
1790916648.750,0.0324,0.0950,0.0702,0.0703,0.1292,-0.0060,pass
1790916648.850,0.0505,0.0741,0.0630,0.0927,0.0451,-0.0021,pass
1790916648.942,0.1033,0.0217,0.0745,0.0304,0.0593,-0.0028,pass
1790916649.054,0.0245,0.0479,0.0716,0.0523,0.1033,-0.0048,pass
1790916649.150,0.0625,0.0706,0.0722,0.0532,0.0300,-0.0014,pass
1790916649.246,0.0720,0.0199,0.0773,0.0124,0.0638,-0.0030,pass
1790916649.342,-0.0072,0.0357,0.0728,0.0457,0.1114,-0.0052,pass
1790916649.439,0.0629,0.0758,0.0732,-0.0096,0.0343,-0.0016,pass
1790916649.551,0.0043,0.0025,0.0746,0.0399,0.0681,-0.0032,pass
1790916649.647,-0.0135,-0.0778,0.0758,-0.0170,0.0776,-0.0036,pass
1790916649.742,-0.0342,0.0549,0.0737,0.0462,0.1196,-0.0056,pass
1790916649.842,0.0858,0.1072,0.0648,0.0832,0.0048,-0.0002,pass
1790916649.950,0.0671,0.0409,0.0717,0.0638,0.0786,-0.0037,pass
1790916650.046,0.0296,0.1037,0.0743,0.0520,0.0871,-0.0041,pass
1790916650.142,0.0491,0.0723,0.0675,0.0712,0.0660,-0.0031,pass
1790916650.238,0.0693,0.0723,0.0615,0.0994,0.0638,-0.0030,pass
1790916650.351,0.0699,0.0688,0.0663,0.0741,0.0679,-0.0032,pass
1790916650.447,0.0853,0.0671,0.0684,0.0708,0.0467,-0.0022,pass
1790916650.543,0.0311,-0.0359,0.0752,0.0290,0.1036,-0.0048,pass
1790916650.641,0.0035,0.0601,0.0782,0.0163,0.1088,-0.0051,pass
1790916650.751,0.0376,-0.0184,0.0698,0.0616,0.0185,-0.0009,pass
1790916650.846,0.0036,0.0967,0.0661,0.0824,0.0825,-0.0039,pass
1790916650.942,0.1035,0.0933,0.0619,0.1014,0.0145,-0.0007,pass
1790916651.038,0.0773,0.0252,0.0740,0.0326,0.0978,-0.0046,pass
1790916651.151,0.0081,-0.0115,0.0741,-0.0190,0.0948,-0.0044,pass
1790916651.246,-0.0125,0.0653,0.0734,0.0412,0.0713,-0.0033,pass
1790916651.342,0.0283,0.1247,0.0682,0.0774,0.0092,-0.0004,pass
1790916651.439,0.0944,0.0775,0.0673,0.0812,0.0562,-0.0026,pass
1790916651.550,0.0570,0.0741,0.0680,0.0791,0.0819,-0.0038,pass
1790916651.647,0.0546,0.0531,0.0676,0.0730,0.0750,-0.0035,pass
1790916651.742,0.0666,0.0741,0.0684,0.0701,0.0618,-0.0029,pass
1790916651.839,0.0673,0.1055,0.0704,0.0678,0.0719,-0.0034,pass
1790916651.950,0.0892,0.1055,0.0716,0.0629,0.0448,-0.0021,pass
1790916652.046,0.0317,0.0112,0.0724,0.0590,0.0943,-0.0044,pass
1790916652.142,0.0165,0.0828,0.0716,0.0582,0.1107,-0.0052,pass
1790916652.238,0.0656,-0.0307,0.0704,0.0621,0.0257,-0.0012,pass
1790916652.350,0.0374,0.0985,0.0755,0.0406,0.1097,-0.0051,pass
1790916652.446,0.0742,0.0688,0.0740,0.0515,0.0209,-0.0010,pass
1790916652.542,0.0447,0.0060,0.0793,0.0298,0.0992,-0.0046,pass
1790916652.638,0.0080,0.0234,0.0797,0.0304,0.0972,-0.0046,pass
1790916652.752,0.0240,0.0269,0.0775,0.0380,0.0422,-0.0020,pass
1790916652.846,0.0214,-0.0167,0.0742,0.0434,0.0820,-0.0038,pass
1790916652.943,0.0278,0.1055,0.0741,0.0479,0.0863,-0.0040,pass
1790916653.038,0.0716,0.0444,0.0734,0.0560,0.0371,-0.0017,pass
1790916653.150,0.0248,0.0130,0.0767,0.0411,0.0957,-0.0045,pass
1790916653.246,0.0233,0.0461,0.0757,0.0447,0.0827,-0.0039,pass
1790916653.342,0.0537,-0.0010,0.0752,0.0435,0.0695,-0.0033,pass
1790916653.438,0.0276,0.0723,0.0749,0.0428,0.0893,-0.0042,pass
1790916653.534,0.0875,0.0758,0.0760,0.0382,0.0210,-0.0010,pass
1790916653.646,0.0276,-0.0184,0.0783,0.0351,0.0948,-0.0044,pass
1790916653.742,0.0114,0.0060,0.0794,0.0139,0.1182,-0.0055,pass
1790916653.839,0.0134,0.0234,0.0803,-0.0032,0.0741,-0.0035,pass
1790916653.934,0.0229,0.0304,0.0796,-0.0094,0.0421,-0.0020,pass
1790916654.046,-0.0111,-0.0726,0.0748,-0.0275,0.1023,-0.0048,pass
1790916654.142,-0.0419,-0.1354,0.0767,-0.0288,0.1118,-0.0052,pass
1790916654.252,-0.0575,-0.0219,0.0797,-0.0225,0.0746,-0.0035,pass
1790916654.336,0.0487,0.0810,0.0802,-0.0006,0.0110,-0.0005,pass
1790916654.446,0.0000,-0.0237,0.0809,0.0185,0.0596,-0.0028,pass
1790916654.542,-0.0249,-0.0638,0.0809,0.0161,0.1232,-0.0058,pass
1790916654.638,0.0176,0.0077,0.0809,-0.0033,0.0665,-0.0031,pass
1790916654.734,0.0403,0.0985,0.0790,0.0252,0.0294,-0.0014,pass
1790916654.847,0.0156,0.0025,0.0784,0.0236,0.0702,-0.0033,pass
1790916654.942,0.0000,-0.0534,0.0791,0.0001,0.1355,-0.0063,pass
1790916655.041,-0.0316,-0.1354,0.0717,-0.0611,0.0979,-0.0046,pass
1790916655.134,0.0000,0.0514,0.0674,-0.0681,0.0702,-0.0033,pass
1790916655.246,-0.0774,-0.0708,0.0773,-0.0206,0.0759,-0.0036,pass
1790916655.342,-0.0923,-0.0568,0.0714,-0.0445,0.0989,-0.0046,pass
1790916655.439,-0.0468,-0.0219,0.0784,-0.0037,0.0761,-0.0036,pass
1790916655.534,0.0150,0.1421,0.0786,0.0249,0.0077,-0.0004,pass
1790916655.646,0.0642,-0.0184,0.0779,0.0326,0.0011,-0.0001,pass
1790916655.742,-0.0312,-0.0743,0.0737,0.0442,0.1460,-0.0068,pass
1790916655.838,0.0285,0.1090,0.0731,0.0459,0.0573,-0.0027,pass
1790916655.934,0.0732,0.0636,0.0746,0.0443,0.0528,-0.0025,pass
1790916656.046,0.0485,-0.0987,0.0790,-0.0003,0.0850,-0.0040,pass
1790916656.142,-0.0298,-0.0516,0.0692,-0.0702,0.1262,-0.0059,pass
1790916656.240,-0.0157,-0.0045,0.0707,-0.0567,0.0775,-0.0036,pass
1790916656.336,-0.0863,-0.0795,0.0652,-0.0773,0.1181,-0.0055,pass
1790916656.446,-0.0485,-0.1773,0.0600,-0.0935,0.0562,-0.0026,pass
1790916656.542,-0.1242,-0.0184,0.0713,-0.0483,0.1156,-0.0054,pass
1790916656.644,-0.0222,0.1177,0.0752,0.0317,-0.0036,0.0002,pass
1790916656.736,-0.0105,-0.0743,0.0788,-0.0193,0.0372,-0.0017,pass
1790916656.847,-0.0243,-0.0289,0.0739,-0.0416,0.0976,-0.0046,pass
1790916656.942,-0.0159,0.0357,0.0786,-0.0021,0.0413,-0.0019,pass
1790916657.042,0.0000,-0.0254,0.0810,0.0027,0.0408,-0.0019,pass
1790916657.134,-0.0106,-0.0446,0.0741,-0.0512,0.0811,-0.0038,pass
1790916657.246,-0.0381,0.0758,0.0741,-0.0271,0.0909,-0.0043,pass
1790916657.342,0.0088,0.0741,0.0736,0.0347,0.0584,-0.0027,pass
1790916657.439,0.0257,0.0706,0.0648,0.0821,0.0081,-0.0004,pass
1790916657.535,0.0507,0.0636,0.0636,0.0827,0.0998,-0.0047,pass
1790916657.646,0.0813,0.0566,0.0637,0.0841,0.0278,-0.0013,pass
1790916657.742,0.0791,0.0269,0.0735,0.0469,0.0882,-0.0041,pass
1790916657.838,0.0173,-0.0481,0.0721,-0.0590,0.0984,-0.0046,pass
1790916657.935,-0.0295,0.0025,0.0756,-0.0184,0.0930,-0.0044,pass
1790916658.030,-0.0131,0.0915,0.0733,0.0448,0.0437,-0.0020,pass
1790916658.142,0.0535,0.1107,0.0686,0.0725,0.0136,-0.0006,pass
1790916658.239,0.0662,0.0095,0.0676,0.0734,0.0753,-0.0035,pass
1790916658.334,0.0125,0.0514,0.0683,0.0658,0.1184,-0.0055,pass
1790916658.430,0.0874,0.0374,0.0673,0.0698,0.0228,-0.0011,pass
1790916658.542,0.0328,0.0269,0.0764,0.0340,0.0774,-0.0036,pass
1790916658.642,0.0091,-0.0132,0.0727,-0.0466,0.0896,-0.0042,pass
1790916658.735,-0.0501,0.0147,0.0747,0.0209,0.1133,-0.0053,pass
1790916658.830,0.0262,0.1194,0.0684,0.0675,0.0020,-0.0001,pass
1790916658.942,0.0873,0.1037,0.0661,0.0834,0.0271,-0.0013,pass
1790916659.038,0.0173,-0.0952,0.0758,-0.0016,0.1294,-0.0061,pass
1790916659.134,0.0273,0.0741,0.0774,0.0031,0.0882,-0.0041,pass
1790916659.230,0.0120,0.0042,0.0760,0.0364,0.0185,-0.0009,pass
1790916659.342,0.0131,0.0060,0.0739,0.0440,0.0906,-0.0042,pass
1790916659.438,0.0756,0.1177,0.0727,0.0605,0.0271,-0.0013,pass
1790916659.534,-0.0125,-0.0342,0.0743,0.0455,0.1254,-0.0059,pass
1790916659.630,0.0761,0.0252,0.0775,0.0343,0.0673,-0.0032,pass
1790916659.742,0.0227,0.0077,0.0772,-0.0035,0.0450,-0.0021,pass
1790916659.838,0.0139,-0.0394,0.0701,-0.0520,0.1246,-0.0058,pass
1790916659.934,-0.1242,-0.0342,0.0793,-0.0003,0.1887,-0.0088,pass
1790916660.030,0.0636,0.0828,0.0729,0.0497,-0.0425,0.0020,pass
1790916660.142,0.0497,0.0706,0.0656,0.0754,0.0069,-0.0003,pass
1790916660.241,0.0558,-0.0184,0.0753,0.0066,0.0862,-0.0040,pass
1790916660.334,0.0216,0.0217,0.0713,-0.0492,0.0963,-0.0045,pass
1790916660.430,-0.0839,-0.0272,0.0740,0.0382,0.1678,-0.0079,pass
1790916660.526,0.0375,0.0601,0.0750,0.0439,0.0021,-0.0001,pass
1790916660.646,0.0608,0.0426,0.0708,0.0577,0.0117,-0.0005,pass
1790916660.735,0.0503,0.0828,0.0767,0.0337,0.1207,-0.0057,pass
1790916660.830,0.0307,0.0758,0.0720,0.0584,0.0844,-0.0039,pass
1790916660.942,0.0812,-0.0289,0.0708,0.0578,0.0583,-0.0027,pass
1790916661.038,0.0433,-0.0376,0.0726,-0.0387,0.0909,-0.0043,pass
1790916661.134,-0.0356,-0.0726,0.0727,-0.0517,0.0832,-0.0039,pass
1790916661.230,-0.0646,-0.0010,0.0758,0.0205,0.1146,-0.0054,pass
1790916661.342,0.0102,0.0758,0.0730,0.0510,0.0025,-0.0001,pass
1790916661.438,0.0522,0.1526,0.0631,0.0970,0.0248,-0.0012,pass
1790916661.534,0.1038,0.1369,0.0598,0.1127,0.0734,-0.0034,pass
1790916661.726,0.0717,0.0042,0.0703,0.0553,0.1030,-0.0048,pass
1790916661.838,0.0286,-0.0010,0.0774,0.0034,0.0104,-0.0005,pass
1790916661.934,0.0425,0.0479,0.0789,-0.0200,0.0824,-0.0039,pass
1790916662.030,-0.0320,0.0531,0.0694,0.0678,0.1347,-0.0063,pass
1790916662.126,0.0728,0.0758,0.0640,0.0876,0.0035,-0.0002,pass
1790916662.239,0.0867,0.0269,0.0617,0.0957,0.0413,-0.0019,pass
1790916662.334,0.1256,0.0479,0.0747,0.0400,0.0433,-0.0020,pass
1790916662.430,-0.0088,0.0810,0.0696,0.0705,0.1223,-0.0057,pass
1790916662.526,0.0774,0.0793,0.0695,0.0693,0.0503,-0.0024,pass
1790916662.642,0.0667,-0.0219,0.0767,0.0294,0.0664,-0.0031,pass
1790916662.735,0.0143,0.0793,0.0674,0.0677,0.1185,-0.0055,pass
1790916662.830,0.0981,0.1351,0.0628,0.1042,0.0089,-0.0004,pass
1790916662.929,0.1442,0.0514,0.0735,0.0424,0.0520,-0.0024,pass
1790916663.040,0.0590,0.0514,0.0716,0.0599,0.1026,-0.0048,pass
1790916663.134,0.0597,0.1491,0.0671,0.0768,0.0791,-0.0037,pass
1790916663.230,0.1179,-0.0062,0.0691,0.0694,0.0311,-0.0015,pass
1790916663.326,0.1083,0.0967,0.0729,0.0555,0.0925,-0.0043,pass
1790916663.441,0.0738,0.0950,0.0688,0.0753,0.0426,-0.0020,pass
1790916663.534,0.0704,0.1456,0.0668,0.0816,0.0919,-0.0043,pass
1790916663.630,0.1326,-0.0097,0.0757,0.0149,0.0584,-0.0027,pass
1790916663.726,0.0230,-0.0324,0.0789,0.0225,0.1738,-0.0081,pass
1790916663.839,0.0152,0.0339,0.0731,0.0460,0.0176,-0.0008,pass
1790916663.934,0.0722,0.0269,0.0779,0.0117,0.0300,-0.0014,pass
1790916664.030,0.0000,0.0426,0.0755,0.0422,0.1243,-0.0058,pass
1790916664.126,0.0387,0.0706,0.0695,0.0705,0.0456,-0.0021,pass
1790916664.241,0.0558,-0.0202,0.0770,0.0204,0.0530,-0.0025,pass
1790916664.334,0.0083,-0.0132,0.0722,0.0473,0.1189,-0.0056,pass
1790916664.430,0.0649,0.1090,0.0677,0.0755,0.0217,-0.0010,pass
1790916664.530,0.0597,0.0898,0.0635,0.0955,0.0776,-0.0036,pass
1790916664.639,0.0836,0.0915,0.0634,0.0925,0.0641,-0.0030,pass
1790916664.735,0.0987,0.0967,0.0621,0.0931,0.0755,-0.0035,pass
1790916664.830,0.1229,0.0723,0.0618,0.0988,0.0540,-0.0025,pass
1790916665.022,0.0844,0.0950,0.0636,0.0905,0.0755,-0.0035,pass
1790916665.134,0.0861,0.0775,0.0634,0.0962,0.0569,-0.0027,pass
1790916665.230,0.0662,0.1090,0.0625,0.0999,0.0694,-0.0032,pass
1790916665.326,0.0988,0.0583,0.0625,0.0982,0.0585,-0.0027,pass
1790916665.439,0.0923,0.1090,0.0645,0.0901,0.0571,-0.0027,pass
1790916665.535,0.0654,0.0706,0.0644,0.0942,0.0725,-0.0034,pass
1790916665.630,0.0949,0.0967,0.0653,0.0910,0.0690,-0.0032,pass
1790916665.726,0.0576,0.0985,0.0637,0.0935,0.0779,-0.0036,pass
1790916665.838,0.1149,0.0671,0.0619,0.1022,0.0272,-0.0013,pass
1790916665.934,0.1143,0.1683,0.0629,0.1012,0.0730,-0.0034,pass
1790916666.030,0.1039,0.1613,0.0618,0.1097,0.0642,-0.0030,pass
1790916666.222,0.1040,0.1055,0.0617,0.1040,0.0876,-0.0041,pass
1790916666.334,0.1211,0.0269,0.0629,0.1016,0.0082,-0.0004,pass
1790916666.430,0.1411,0.1299,0.0644,0.0943,0.0867,-0.0041,pass
1790916666.622,0.1264,0.1892,0.0640,0.0997,0.0536,-0.0025,pass
1790916666.734,0.0451,0.1596,0.0653,0.0890,0.1204,-0.0056,pass
1790916666.830,0.1515,0.0479,0.0636,0.0983,0.0263,-0.0012,pass
1790916667.022,0.1128,0.1177,0.0653,0.0883,0.0657,-0.0031,pass
1790916667.134,0.1471,0.1351,0.0653,0.0883,0.0410,-0.0019,pass
1790916667.230,0.0473,0.1683,0.0648,0.0989,0.1054,-0.0049,pass
1790916667.422,0.0999,0.0601,0.0651,0.0898,0.0880,-0.0041,pass
1790916667.536,0.1034,0.0339,0.0684,0.0731,0.0126,-0.0006,pass
1790916667.630,0.0569,0.1072,0.0689,0.0685,0.0959,-0.0045,pass
1790916667.726,0.1152,0.1334,0.0694,0.0732,0.0349,-0.0016,pass
1790916667.847,0.0649,0.0793,0.0710,0.0685,0.0858,-0.0040,pass
1790916667.936,0.0710,0.0898,0.0696,0.0698,0.0674,-0.0032,pass
1790916668.030,0.0432,0.0130,0.0691,0.0667,0.0976,-0.0046,pass
1790916668.222,0.0834,0.0706,0.0693,0.0704,0.0635,-0.0030,pass
1790916668.334,0.0260,-0.0010,0.0320,-0.0015,0.0741,-0.0035,pass
1790916668.430,0.0120,0.0147,0.0148,-0.0011,0.0397,-0.0019,pass
1790916668.622,0.0018,-0.0045,0.0000,0.0000,0.0149,-0.0007,pass
1790916668.734,0.0000,-0.0010,0.0000,0.0000,0.0079,-0.0004,pass
1790916668.830,-0.0036,-0.0010,0.0000,0.0000,0.0037,-0.0002,pass
1790916669.022,0.0018,-0.0010,0.0000,0.0000,0.0053,-0.0002,pass
1790916669.118,0.0000,0.0008,0.0000,0.0000,-0.0004,0.0000,pass
1790916669.230,0.0000,0.0008,0.0000,0.0000,0.0012,-0.0001,pass
1790916669.422,-0.0018,0.0008,0.0000,0.0000,0.0028,-0.0001,pass
1790916669.518,0.0000,0.0042,0.0000,0.0000,-0.0010,0.0000,pass
1790916669.630,0.0062,0.0008,0.0000,0.0000,0.0011,-0.0001,pass
1790916669.822,0.0000,0.0025,0.0000,0.0000,0.0005,-0.0000,pass
1790916669.918,0.0000,-0.0027,0.0000,0.0000,-0.0014,0.0001,pass
1790916670.126,0.0000,0.0042,0.0000,0.0000,0.0016,-0.0001,pass
1790916670.222,0.0000,-0.0010,0.0000,0.0000,-0.0011,0.0001,pass
1790916670.319,0.0000,-0.0010,0.0000,0.0000,0.0021,-0.0001,pass
1790916670.526,-0.0017,-0.0010,0.0000,0.0000,0.0001,-0.0000,pass
1790916670.622,0.0000,-0.0010,0.0000,0.0000,-0.0002,0.0000,pass
1790916670.718,-0.0036,-0.0010,0.0000,0.0000,-0.0005,0.0000,pass
1790916670.830,0.0031,0.0025,0.0000,0.0000,0.0019,-0.0001,pass
1790916671.022,-0.0031,0.0007,0.0000,0.0000,0.0009,-0.0000,pass
1790916671.118,-0.0036,0.0025,0.0000,0.0000,-0.0017,0.0001,pass
1790916671.326,0.0000,-0.0028,0.0000,0.0000,-0.0013,0.0001,pass
1790916671.422,0.0000,-0.0010,0.0000,0.0000,0.0012,-0.0001,pass
1790916671.518,0.0000,-0.0010,0.0000,0.0000,0.0027,-0.0001,pass
1790916671.630,-0.0031,0.0007,0.0000,0.0000,-0.0012,0.0001,pass
1790916671.822,0.0025,-0.0045,0.0000,0.0000,-0.0014,0.0001,pass
1790916671.918,-0.0036,0.0007,0.0000,0.0000,0.0023,-0.0001,pass
1790916672.126,-0.0017,-0.0010,0.0000,0.0000,-0.0006,0.0000,pass
1790916672.222,0.0000,-0.0010,0.0000,0.0000,-0.0011,0.0001,pass
1790916672.318,0.0000,-0.0010,0.0000,0.0000,0.0002,-0.0000,pass
1790916672.526,0.0000,-0.0010,0.0000,0.0000,-0.0019,0.0001,pass
1790916672.622,0.0000,0.0007,0.0000,0.0000,0.0012,-0.0001,pass
1790916672.718,0.0036,0.0007,0.0000,0.0000,-0.0008,0.0000,pass
1790916672.814,0.0000,-0.0010,0.0000,0.0000,0.0002,-0.0000,pass
1790916672.926,-0.0031,-0.0045,0.0000,0.0000,0.0002,-0.0000,pass
1790916673.022,0.0000,-0.0028,0.0000,0.0000,0.0016,-0.0001,pass
1790916673.118,0.0036,0.0007,0.0000,0.0000,-0.0032,0.0002,pass
1790916673.230,0.0000,0.0007,0.0000,0.0000,-0.0020,0.0001,pass
1790916673.422,0.0025,0.0007,0.0000,0.0000,-0.0008,0.0000,pass
1790916673.518,0.0000,0.0252,0.0000,0.0000,-0.0008,0.0000,pass
1790916673.614,0.0433,0.0496,0.0058,0.0263,-0.0163,0.0008,pass
1790916673.822,0.1258,0.1735,0.0390,0.1644,-0.0038,0.0002,pass
1790916673.918,0.1821,0.1770,0.0438,0.1710,0.0510,-0.0024,pass
1790916674.014,0.1914,0.1945,0.0464,0.1597,0.0440,-0.0021,pass
1790916674.222,0.1407,0.1473,0.0525,0.1364,0.0705,-0.0033,pass
1790916674.318,0.1383,0.1212,0.0555,0.1239,0.0340,-0.0016,pass
1790916674.430,0.1512,0.1281,0.0521,0.1381,0.0222,-0.0010,pass
1790916674.622,0.1478,0.1281,0.0535,0.1386,0.0691,-0.0032,pass
1790916674.718,0.0863,0.1124,0.0584,0.1120,0.0650,-0.0030,pass
1790916674.814,0.1604,0.1753,0.0586,0.1108,0.0310,-0.0015,pass
1790916675.022,0.1494,0.1177,0.0549,0.1317,0.0550,-0.0026,pass
1790916675.214,0.0548,0.0618,0.0791,0.0079,0.0839,-0.0039,pass
1790916675.326,-0.0212,-0.1721,0.0711,-0.0546,0.0412,-0.0019,pass
1790916675.422,-0.0216,-0.0516,0.0754,-0.0346,0.0496,-0.0023,pass
1790916675.518,-0.0822,-0.1494,0.0703,-0.0676,0.0980,-0.0046,pass
1790916675.614,-0.0903,-0.0429,0.0636,-0.0834,0.0797,-0.0037,pass
1790916675.822,-0.0910,-0.0499,0.0668,-0.0765,0.0684,-0.0032,pass
1790916675.918,-0.0982,-0.1511,0.0592,-0.1070,0.0762,-0.0036,pass
1790916676.014,-0.1416,-0.1005,0.0588,-0.1076,0.0771,-0.0036,pass
1790916676.222,-0.1019,-0.1214,0.0615,-0.0984,0.0563,-0.0026,pass
1790916676.318,-0.0765,-0.0481,0.0674,-0.0648,0.0499,-0.0023,pass
1790916676.414,-0.0119,-0.0691,0.0768,-0.0234,0.0313,-0.0015,pass
1790916676.622,0.0128,-0.0551,0.0772,0.0184,0.0663,-0.0031,pass
1790916676.718,0.0611,0.0234,0.0720,0.0467,0.0637,-0.0030,pass
1790916676.814,0.0602,0.1194,0.0670,0.0752,0.0944,-0.0044,pass
1790916677.022,0.0536,0.0810,0.0732,0.0508,0.0707,-0.0033,pass
1790916677.118,0.0405,0.0007,0.0728,0.0472,0.0862,-0.0040,pass
1790916677.214,0.0617,-0.0115,0.0781,0.0313,0.0640,-0.0030,pass
1790916677.326,0.0237,0.1334,0.0720,0.0597,0.0766,-0.0036,pass
1790916677.422,0.0339,0.0479,0.0745,0.0494,0.0796,-0.0037,pass
1790916677.518,0.0970,0.0601,0.0680,0.0737,0.0493,-0.0023,pass
1790916677.614,0.0299,-0.0115,0.0710,0.0563,0.1001,-0.0047,pass
1790916677.822,0.0200,0.1002,0.0807,0.0170,0.0708,-0.0033,pass
1790916677.918,0.0297,0.0653,0.0803,0.0256,0.0777,-0.0036,pass
1790916678.014,0.0449,0.0391,0.0740,0.0519,0.0475,-0.0022,pass
1790916678.222,0.0377,-0.0220,0.0765,0.0355,0.0828,-0.0039,pass
1790916678.318,0.0585,-0.0272,0.0797,0.0163,0.0619,-0.0029,pass
1790916678.414,-0.0036,0.1055,0.0792,0.0287,0.0911,-0.0043,pass
1790916678.622,0.0033,-0.0551,0.0797,-0.0167,0.0772,-0.0036,pass
1790916678.718,-0.0249,-0.0254,0.0744,-0.0359,0.0847,-0.0040,pass
1790916678.814,-0.0062,-0.1319,0.0750,-0.0394,0.0699,-0.0033,pass
1790916678.910,-0.0541,-0.0115,0.0743,-0.0305,0.0844,-0.0040,pass
1790916679.022,0.0000,0.0112,0.0773,0.0105,0.0369,-0.0017,pass
1790916679.118,0.0423,0.0479,0.0745,0.0468,0.0695,-0.0033,pass
1790916679.214,0.0152,0.0863,0.0750,0.0480,0.0980,-0.0046,pass
1790916679.310,0.0561,-0.0185,0.0707,0.0571,0.0632,-0.0030,pass
1790916679.422,0.0893,0.0356,0.0702,0.0586,0.0486,-0.0023,pass
1790916679.518,0.0161,0.0583,0.0722,0.0515,0.0938,-0.0044,pass
1790916679.614,0.0317,0.0531,0.0758,0.0402,0.0785,-0.0037,pass
1790916679.710,0.0120,0.0601,0.0799,0.0234,0.0948,-0.0044,pass
1790916679.822,0.0169,-0.0307,0.0783,-0.0072,0.0524,-0.0025,pass
1790916679.918,-0.0036,0.0095,0.0788,-0.0051,0.0692,-0.0032,pass
1790916680.014,0.0367,0.1124,0.0769,0.0357,0.0739,-0.0035,pass
1790916680.110,0.0095,0.0566,0.0762,0.0423,0.0930,-0.0044,pass
1790916680.222,0.0544,0.0426,0.0699,0.0627,0.0307,-0.0014,pass
1790916680.318,0.0658,0.0234,0.0695,0.0590,0.0852,-0.0040,pass
1790916680.415,0.0382,0.0077,0.0748,0.0461,0.0718,-0.0034,pass
1790916680.510,0.0394,0.0601,0.0761,0.0404,0.0831,-0.0039,pass
1790916680.622,0.0053,0.0671,0.0757,0.0461,0.0824,-0.0039,pass
1790916680.718,0.0216,-0.0254,0.0782,0.0275,0.0673,-0.0031,pass
1790916680.814,0.0818,0.0147,0.0747,0.0457,0.0380,-0.0018,pass
1790916680.910,0.0088,-0.0429,0.0781,0.0202,0.0686,-0.0032,pass
1790916681.022,-0.0111,0.0287,0.0795,0.0213,0.0613,-0.0029,pass
1790916681.118,0.0292,0.0566,0.0783,0.0345,0.0771,-0.0036,pass
1790916681.214,0.0183,0.0409,0.0725,0.0492,0.0659,-0.0031,pass
1790916681.310,0.0837,0.0269,0.0666,0.0725,0.0460,-0.0022,pass
1790916681.422,0.0697,0.1229,0.0635,0.0955,0.0718,-0.0034,pass
1790916681.518,0.0990,0.1020,0.0630,0.0968,0.0400,-0.0019,pass
1790916681.614,0.0275,0.0496,0.0645,0.0872,0.0877,-0.0041,pass
1790916681.710,0.1021,0.1247,0.0667,0.0796,0.0366,-0.0017,pass
1790916681.822,0.1007,0.0863,0.0641,0.0903,0.0465,-0.0022,pass
1790916681.918,0.0713,0.0566,0.0688,0.0704,0.0887,-0.0042,pass
1790916682.015,0.0839,0.0548,0.0704,0.0698,0.0453,-0.0021,pass
1790916682.110,0.0323,0.1299,0.0655,0.0935,0.0639,-0.0030,pass
1790916682.318,0.1408,0.1229,0.0593,0.1159,0.0578,-0.0027,pass
1790916682.414,0.1005,0.1631,0.0683,0.0706,0.0818,-0.0038,pass
1790916682.510,0.0949,0.0304,0.0702,0.0710,0.0439,-0.0021,pass
1790916682.622,0.0677,0.0391,0.0794,0.0214,0.0691,-0.0032,pass
1790916682.719,-0.0128,0.1404,0.0804,0.0228,0.0778,-0.0036,pass
1790916682.814,0.0192,-0.0237,0.0789,0.0158,0.0869,-0.0041,pass
1790916682.910,0.0964,-0.0220,0.0770,0.0376,0.0023,-0.0001,pass
1790916683.009,0.0322,0.1020,0.0790,0.0287,0.1180,-0.0055,pass
1790916683.118,0.0552,0.1247,0.0700,0.0699,0.0581,-0.0027,pass
1790916683.214,0.1727,0.2154,0.0628,0.0990,0.0249,-0.0012,pass
1790916683.310,0.2287,0.2817,0.0512,0.1545,0.0731,-0.0034,pass
1790916683.406,0.2223,0.2782,0.0471,0.1718,0.0610,-0.0029,pass
1790916683.518,0.2207,0.2660,0.0457,0.1740,0.0136,-0.0006,pass
1790916683.614,0.2545,0.1561,0.0469,0.1748,0.0443,-0.0021,pass
1790916683.710,0.1879,0.1805,0.0532,0.1451,0.0828,-0.0039,pass
1790916683.806,0.1740,0.1561,0.0575,0.1264,0.0605,-0.0028,pass
1790916683.919,0.1687,0.2206,0.0573,0.1245,0.0369,-0.0017,pass
1790916684.014,0.1499,0.1857,0.0555,0.1279,0.0660,-0.0031,pass
1790916684.111,0.1980,0.1805,0.0570,0.1237,0.0562,-0.0026,pass
1790916684.207,0.1964,0.1439,0.0582,0.1255,0.0600,-0.0028,pass
1790916684.318,0.1301,0.0636,0.0677,0.0799,0.0610,-0.0029,pass
1790916684.417,0.0660,0.1002,0.0733,0.0565,0.0834,-0.0039,pass
1790916684.515,0.0291,0.0496,0.0802,0.0301,0.0891,-0.0042,pass
1790916684.606,0.0698,-0.0272,0.0771,0.0342,0.0246,-0.0012,pass
1790916684.718,0.0652,0.0479,0.0754,0.0391,0.0480,-0.0022,pass
1790916684.816,0.0185,0.0461,0.0766,0.0429,0.0829,-0.0039,pass
1790916684.910,0.0828,0.0671,0.0746,0.0513,0.0482,-0.0023,pass
1790916685.006,0.0422,0.1194,0.0741,0.0566,0.0784,-0.0037,pass
1790916685.118,0.0504,-0.0412,0.0782,0.0334,0.0476,-0.0022,pass
1790916685.214,0.0951,0.1020,0.0697,0.0674,0.0302,-0.0014,pass
1790916685.310,0.0461,0.0845,0.0709,0.0606,0.0775,-0.0036,pass
1790916685.406,0.1145,0.1491,0.0690,0.0709,0.0464,-0.0022,pass
1790916685.518,0.0541,0.0863,0.0696,0.0709,0.0624,-0.0029,pass
1790916685.615,0.1088,0.1456,0.0679,0.0718,0.0098,-0.0005,pass
1790916685.710,0.1069,0.0444,0.0638,0.0906,0.0692,-0.0032,pass
1790916685.806,0.1100,0.1229,0.0636,0.0945,0.0510,-0.0024,pass
1790916685.902,0.1208,0.1386,0.0601,0.1089,0.0643,-0.0030,pass
1790916686.014,0.0861,0.1421,0.0612,0.1052,0.0528,-0.0025,pass
1790916686.110,0.1164,0.1089,0.0619,0.1035,0.0257,-0.0012,pass
1790916686.206,0.1220,0.0479,0.0605,0.1027,0.0506,-0.0024,pass
1790916686.302,0.0843,0.0897,0.0635,0.0897,0.0692,-0.0032,pass
1790916686.414,0.0666,0.0234,0.0729,0.0560,0.0502,-0.0023,pass
1790916686.510,0.0152,0.0077,0.0807,0.0209,0.0605,-0.0028,pass
1790916686.606,0.0343,0.0758,0.0731,0.0529,0.0446,-0.0021,pass
1790916686.718,0.0792,0.1142,0.0646,0.0908,0.0184,-0.0009,pass
1790916686.814,0.1292,0.0985,0.0586,0.1142,0.0592,-0.0028,pass
1790916686.910,0.1190,0.1997,0.0536,0.1349,0.0674,-0.0032,pass
1790916687.006,0.1589,0.1997,0.0516,0.1480,0.0372,-0.0017,pass
1790916687.102,0.1943,0.1753,0.0510,0.1561,0.0307,-0.0014,pass
1790916687.214,0.1678,0.1735,0.0515,0.1519,0.0374,-0.0018,pass
1790916687.310,0.1814,0.0828,0.0543,0.1347,0.0566,-0.0026,pass
1790916687.406,0.0942,0.1543,0.0613,0.1023,0.0858,-0.0040,pass
1790916687.502,0.0940,0.1596,0.0625,0.1009,0.0377,-0.0018,pass
1790916687.614,0.1052,0.0828,0.0637,0.0986,0.0615,-0.0029,pass
1790916687.710,0.0956,0.1264,0.0677,0.0838,0.0592,-0.0028,pass
1790916687.806,0.1477,0.0897,0.0631,0.0977,0.0388,-0.0018,pass
1790916687.902,0.1089,0.1316,0.0575,0.1174,0.0801,-0.0037,pass
1790916688.014,0.1150,0.2172,0.0578,0.1182,0.0434,-0.0020,pass
1790916688.110,0.1973,0.3271,0.0521,0.1537,0.0168,-0.0008,pass
1790916688.206,0.2314,0.1753,0.0509,0.1592,0.0361,-0.0017,pass
1790916688.302,0.2257,0.1404,0.0505,0.1586,0.0614,-0.0029,pass
1790916688.402,0.1026,0.0863,0.0554,0.1299,0.0765,-0.0036,pass
1790916688.510,0.1019,0.2398,0.0624,0.0978,0.0480,-0.0022,pass
1790916688.607,0.1842,0.0356,0.0610,0.1082,0.0590,-0.0028,pass
1790916688.703,0.0829,0.1229,0.0640,0.0961,0.0697,-0.0033,pass
1790916688.814,0.1271,0.1055,0.0653,0.0938,0.0339,-0.0016,pass
1790916688.910,0.1387,0.1159,0.0598,0.1170,0.0725,-0.0034,pass
1790916689.006,0.0944,0.1753,0.0601,0.1107,0.0739,-0.0035,pass
1790916689.102,0.1399,0.0688,0.0644,0.0930,0.0481,-0.0022,pass
1790916689.215,0.0742,0.2049,0.0662,0.0846,0.0655,-0.0031,pass
1790916689.310,0.1158,0.1491,0.0611,0.1115,0.0536,-0.0025,pass
1790916689.408,0.1112,0.0950,0.0626,0.1075,0.0692,-0.0032,pass
1790916689.502,0.1182,0.0880,0.0697,0.0704,0.0543,-0.0025,pass
1790916689.614,0.0893,0.0863,0.0697,0.0717,0.0755,-0.0035,pass
1790916689.710,0.0900,0.0339,0.0734,0.0519,0.0380,-0.0018,pass
1790916689.806,0.0553,0.0897,0.0664,0.0831,0.0789,-0.0037,pass
1790916689.902,0.0889,-0.0115,0.0733,0.0482,0.0494,-0.0023,pass
1790916690.015,0.0354,0.0688,0.0704,0.0629,0.0509,-0.0024,pass
1790916690.110,0.0928,-0.0324,0.0682,0.0712,0.0727,-0.0034,pass
1790916690.206,0.0465,0.1473,0.0688,0.0735,0.0835,-0.0039,pass
1790916690.302,0.0753,0.0304,0.0683,0.0729,0.0536,-0.0025,pass
1790916690.418,0.0500,0.0740,0.0666,0.0813,0.0646,-0.0030,pass
1790916690.510,0.0762,0.0060,0.0681,0.0759,0.0545,-0.0026,pass
1790916690.606,0.0688,0.0548,0.0695,0.0680,0.0739,-0.0035,pass
1790916690.702,0.0585,0.0583,0.0693,0.0676,0.0654,-0.0031,pass
1790916690.798,0.0405,0.0671,0.0690,0.0757,0.0843,-0.0039,pass
1790916690.910,0.0494,-0.0045,0.0727,0.0599,0.0466,-0.0022,pass
1790916691.006,0.0594,0.0496,0.0707,0.0677,0.0607,-0.0028,pass
1790916691.102,0.0590,0.0287,0.0666,0.0814,0.0637,-0.0030,pass
1790916691.198,0.0461,0.0356,0.0716,0.0568,0.0783,-0.0037,pass
1790916691.310,0.0413,0.0601,0.0692,0.0657,0.0575,-0.0027,pass
1790916691.406,0.0267,0.0845,0.0702,0.0669,0.0641,-0.0030,pass
1790916691.502,0.0827,0.0374,0.0650,0.0896,0.0619,-0.0029,pass
1790916691.598,0.0573,0.0322,0.0653,0.0818,0.0659,-0.0031,pass
1790916691.710,0.0686,0.0356,0.0634,0.0919,0.0646,-0.0030,pass
1790916691.806,0.0475,0.0775,0.0657,0.0866,0.0655,-0.0031,pass
1790916691.902,0.0620,0.1072,0.0659,0.0865,0.0566,-0.0026,pass
1790916691.998,0.0646,0.0531,0.0656,0.0884,0.0715,-0.0033,pass
1790916692.110,0.0532,0.0828,0.0650,0.0894,0.0528,-0.0025,pass
1790916692.206,0.1007,0.0496,0.0613,0.1033,0.0691,-0.0032,pass
1790916692.302,0.0573,0.0828,0.0630,0.0918,0.0718,-0.0034,pass
1790916692.398,0.0865,0.0950,0.0647,0.0959,0.0570,-0.0027,pass
1790916692.510,0.0544,0.0479,0.0654,0.0926,0.0591,-0.0028,pass
1790916692.607,0.0663,0.0252,0.0674,0.0765,0.0633,-0.0030,pass
1790916692.702,0.0979,0.0863,0.0639,0.0966,0.0657,-0.0031,pass
1790916692.798,0.0574,0.0793,0.0646,0.0893,0.0674,-0.0032,pass
1790916692.910,0.1026,0.0845,0.0588,0.1150,0.0602,-0.0028,pass
1790916693.006,0.0584,0.1247,0.0632,0.0975,0.0691,-0.0032,pass
1790916693.102,0.1228,0.0147,0.0662,0.0890,0.0526,-0.0025,pass
1790916693.198,0.0456,0.0514,0.0693,0.0678,0.0785,-0.0037,pass
1790916693.310,0.0991,0.1055,0.0647,0.0905,0.0491,-0.0023,pass
1790916693.406,0.0681,0.0897,0.0686,0.0781,0.0848,-0.0040,pass
1790916693.502,0.0643,0.1299,0.0672,0.0827,0.0649,-0.0030,pass
1790916693.598,0.0796,0.1299,0.0676,0.0849,0.0695,-0.0033,pass
1790916693.697,0.1242,0.0723,0.0648,0.0962,0.0616,-0.0029,pass
1790916693.806,0.0559,0.0583,0.0682,0.0729,0.0723,-0.0034,pass
1790916693.902,0.0892,0.0566,0.0657,0.0863,0.0683,-0.0032,pass
1790916693.998,0.0659,0.1456,0.0652,0.0947,0.0767,-0.0036,pass
1790916694.110,0.1149,0.1473,0.0632,0.1003,0.0490,-0.0023,pass
1790916694.206,0.0676,0.0897,0.0624,0.1021,0.0796,-0.0037,pass
1790916694.302,0.1113,0.0828,0.0630,0.0995,0.0547,-0.0026,pass
1790916694.510,0.0803,0.1107,0.0668,0.0790,0.0410,-0.0019,pass
1790916694.607,0.0760,0.0967,0.0640,0.0913,0.1126,-0.0053,pass
1790916694.702,0.0636,0.0915,0.0631,0.1029,0.0677,-0.0032,pass
1790916694.798,0.1129,0.0740,0.0667,0.0744,0.0557,-0.0026,pass
1790916694.894,0.0381,0.0479,0.0656,0.0821,0.0696,-0.0033,pass
1790916695.006,0.0926,0.0932,0.0663,0.0839,0.0436,-0.0020,pass
1790916695.102,0.0449,0.0758,0.0664,0.0828,0.0861,-0.0040,pass
1790916695.198,0.0472,0.0758,0.0699,0.0695,0.0587,-0.0027,pass
1790916695.294,0.1066,0.0234,0.0633,0.0968,0.0636,-0.0030,pass
1790916695.408,0.0709,0.0566,0.0631,0.0949,0.0588,-0.0028,pass
1790916695.502,0.0448,-0.0097,0.0665,0.0797,0.0789,-0.0037,pass
1790916695.598,0.0339,0.0915,0.0710,0.0669,0.0789,-0.0037,pass
1790916695.694,0.0710,0.0548,0.0677,0.0752,0.0416,-0.0019,pass
1790916695.806,0.0542,0.0915,0.0654,0.0785,0.0628,-0.0029,pass
1790916695.902,0.0881,0.0391,0.0645,0.0878,0.0727,-0.0034,pass
1790916695.998,0.0713,0.0793,0.0641,0.0928,0.0716,-0.0033,pass
1790916696.094,0.0756,0.0863,0.0678,0.0751,0.0706,-0.0033,pass
1790916696.206,0.0495,0.0915,0.0681,0.0768,0.0527,-0.0025,pass
1790916696.302,0.0965,0.0671,0.0655,0.0897,0.0585,-0.0027,pass
1790916696.398,0.0811,0.0409,0.0622,0.0982,0.0740,-0.0035,pass
1790916696.495,0.0570,0.0287,0.0693,0.0642,0.0659,-0.0031,pass
1790916696.606,0.0652,0.0880,0.0693,0.0751,0.0619,-0.0029,pass
1790916696.702,0.0743,0.0985,0.0664,0.0881,0.0536,-0.0025,pass
1790916696.798,0.0932,0.0671,0.0653,0.0847,0.0676,-0.0032,pass
1790916696.894,0.0814,0.0915,0.0684,0.0741,0.0670,-0.0031,pass
1790916697.006,0.0892,0.0671,0.0672,0.0853,0.0531,-0.0025,pass
1790916697.102,0.0502,0.1229,0.0641,0.0961,0.0747,-0.0035,pass
1790916697.198,0.1056,0.0636,0.0709,0.0665,0.0632,-0.0030,pass
1790916697.296,0.0361,0.1177,0.0727,0.0619,0.0686,-0.0032,pass
1790916697.406,0.0684,0.0775,0.0687,0.0698,0.0369,-0.0017,pass
1790916697.506,0.0804,0.1194,0.0692,0.0711,0.0646,-0.0030,pass
1790916697.598,0.0944,-0.0132,0.0728,0.0549,0.0666,-0.0031,pass
1790916697.694,0.0285,0.0688,0.0724,0.0577,0.0754,-0.0035,pass
1790916697.790,0.0682,0.0810,0.0688,0.0740,0.0669,-0.0031,pass
1790916697.902,0.0508,0.0653,0.0752,0.0485,0.0557,-0.0026,pass
1790916697.998,0.0512,0.0496,0.0769,0.0340,0.0820,-0.0038,pass
1790916698.094,0.0307,0.0060,0.0782,-0.0013,0.0558,-0.0026,pass
1790916698.206,-0.0069,0.0112,0.0786,-0.0095,0.0753,-0.0035,pass
1790916698.302,-0.0130,-0.0412,0.0782,-0.0185,0.0820,-0.0038,pass
1790916698.398,-0.0036,0.0060,0.0765,-0.0172,0.0493,-0.0023,pass
1790916698.494,-0.0244,-0.0394,0.0773,-0.0119,0.0736,-0.0034,pass
1790916698.590,0.0292,0.0374,0.0782,0.0214,0.0554,-0.0026,pass
1790916698.702,0.0308,0.0409,0.0670,0.0756,0.0533,-0.0025,pass
1790916698.798,0.0970,0.0426,0.0658,0.0714,0.0524,-0.0025,pass
1790916698.894,0.0418,0.0828,0.0706,0.0603,0.0734,-0.0034,pass
1790916698.990,0.0436,-0.0272,0.0764,0.0133,0.0599,-0.0028,pass
1790916699.102,0.0031,-0.0848,0.0742,-0.0295,0.0661,-0.0031,pass
1790916699.198,-0.0227,0.0199,0.0778,-0.0022,0.0547,-0.0026,pass
1790916699.294,0.0088,0.0409,0.0793,0.0271,0.0542,-0.0025,pass
1790916699.390,0.0621,0.0304,0.0740,0.0480,0.0654,-0.0031,pass
1790916699.502,0.0672,0.1351,0.0616,0.1005,0.0537,-0.0025,pass
1790916699.598,0.1103,0.1561,0.0591,0.1142,0.0589,-0.0028,pass
1790916699.694,0.1187,-0.0010,0.0666,0.0838,0.0835,-0.0039,pass
1790916699.790,0.0712,0.1508,0.0690,0.0657,0.0582,-0.0027,pass
1790916699.902,0.0654,0.0304,0.0727,0.0511,0.0600,-0.0028,pass
1790916700.000,0.0731,0.0758,0.0743,0.0499,0.0621,-0.0029,pass
1790916700.094,0.0126,0.0182,0.0784,0.0021,0.0900,-0.0042,pass
1790916700.190,0.0400,0.0566,0.0758,0.0302,0.0301,-0.0014,pass
1790916700.302,0.0380,0.0287,0.0728,0.0510,0.0468,-0.0022,pass
1790916700.398,0.0337,0.0322,0.0762,0.0274,0.1039,-0.0049,pass
1790916700.494,0.0379,0.0531,0.0730,0.0485,0.0438,-0.0020,pass
1790916700.590,0.0333,0.1316,0.0754,0.0485,0.0832,-0.0039,pass
1790916700.702,0.0248,0.0426,0.0799,0.0212,0.0717,-0.0034,pass
1790916700.798,0.0788,0.0042,0.0743,0.0435,0.0371,-0.0017,pass
1790916700.894,0.0569,0.0863,0.0689,0.0657,0.0853,-0.0040,pass
1790916700.990,0.0831,0.0863,0.0661,0.0849,0.0631,-0.0030,pass
1790916701.102,0.0525,0.1212,0.0688,0.0723,0.0755,-0.0035,pass
1790916701.198,0.1016,0.1212,0.0647,0.0926,0.0415,-0.0019,pass
1790916701.294,0.0879,0.0391,0.0690,0.0728,0.0872,-0.0041,pass
1790916701.390,0.0744,-0.0185,0.0731,0.0486,0.0502,-0.0024,pass
1790916701.502,0.0174,0.0182,0.0789,0.0130,0.0818,-0.0038,pass
1790916701.598,0.0197,0.0723,0.0765,0.0415,0.0663,-0.0031,pass
1790916701.694,0.0685,0.1596,0.0678,0.0801,0.0563,-0.0026,pass
1790916701.790,0.1161,0.1194,0.0568,0.1230,0.0493,-0.0023,pass
1790916701.902,0.1104,0.0758,0.0520,0.1413,0.0612,-0.0029,pass
1790916701.998,0.0904,0.1543,0.0544,0.1301,0.0633,-0.0030,pass
1790916702.094,0.1046,0.1823,0.0592,0.1105,0.0369,-0.0017,pass
1790916702.190,0.1071,0.0583,0.0719,0.0609,0.0873,-0.0041,pass
1790916702.288,0.0490,-0.0848,0.0760,-0.0112,0.0411,-0.0019,pass
1790916702.398,0.0309,0.0374,0.0768,0.0176,0.0489,-0.0023,pass
1790916702.494,0.0135,0.0479,0.0725,0.0538,0.0816,-0.0038,pass
1790916702.590,0.0433,-0.0324,0.0783,0.0192,0.0724,-0.0034,pass
1790916702.702,0.0297,0.0967,0.0793,0.0312,0.0627,-0.0029,pass
1790916702.798,0.0355,0.0793,0.0748,0.0500,0.0761,-0.0036,pass
1790916702.894,0.0869,-0.0900,0.0784,0.0166,0.0380,-0.0018,pass
1790916702.990,0.0102,0.0391,0.0776,0.0298,0.1021,-0.0048,pass
1790916703.086,0.0161,0.0356,0.0748,0.0431,0.0796,-0.0037,pass
1790916703.198,0.0385,0.0234,0.0792,0.0092,0.0525,-0.0025,pass
1790916703.294,0.0169,-0.0115,0.0799,0.0224,0.0629,-0.0029,pass
1790916703.390,0.0330,0.0688,0.0731,0.0588,0.0816,-0.0038,pass
1790916703.486,0.1286,0.0322,0.0679,0.0753,0.0431,-0.0020,pass
1790916703.598,0.0327,0.1491,0.0748,0.0495,0.1059,-0.0050,pass
1790916703.694,0.0095,-0.0080,0.0790,-0.0085,0.0561,-0.0026,pass
1790916703.795,0.0586,-0.0359,0.0803,-0.0063,0.0389,-0.0018,pass
1790916703.902,-0.0372,-0.0813,0.0776,-0.0250,0.0996,-0.0047,pass
1790916703.998,-0.0216,0.0182,0.0793,-0.0100,0.0796,-0.0037,pass
1790916704.094,0.0102,0.0897,0.0786,0.0285,0.0471,-0.0022,pass
1790916704.190,0.0487,-0.0237,0.0793,0.0118,0.0526,-0.0025,pass
1790916704.302,0.0309,0.0636,0.0751,0.0484,0.0703,-0.0033,pass
1790916704.398,0.0231,0.0461,0.0782,0.0313,0.0969,-0.0045,pass
1790916704.495,0.0293,-0.0010,0.0794,-0.0136,0.0712,-0.0033,pass
1790916704.590,-0.0097,-0.0272,0.0809,-0.0034,0.0812,-0.0038,pass
1790916704.686,0.0119,0.0705,0.0795,0.0236,0.0594,-0.0028,pass
1790916704.798,0.0069,0.0217,0.0793,0.0061,0.0736,-0.0034,pass
1790916704.897,0.0427,-0.0132,0.0788,0.0215,0.0500,-0.0023,pass
1790916704.990,-0.0037,-0.0080,0.0807,-0.0125,0.1080,-0.0051,pass
1790916705.086,-0.0108,-0.0045,0.0807,-0.0032,0.0715,-0.0033,pass
1790916705.199,0.0253,0.0775,0.0742,0.0412,0.0395,-0.0018,pass
1790916705.294,0.1100,0.0199,0.0708,0.0593,0.0503,-0.0024,pass
1790916705.390,0.0262,0.0705,0.0756,0.0357,0.1152,-0.0054,pass
1790916705.486,0.0218,0.0514,0.0795,0.0098,0.0602,-0.0028,pass
1790916705.598,0.0229,-0.1214,0.0786,-0.0193,0.0627,-0.0029,pass
1790916705.695,-0.0304,-0.0464,0.0755,-0.0389,0.0860,-0.0040,pass
1790916705.790,-0.0402,0.0356,0.0789,0.0062,0.0857,-0.0040,pass
1790916705.886,0.0180,0.0705,0.0761,0.0388,0.0396,-0.0019,pass
1790916705.998,0.0671,0.0932,0.0747,0.0440,0.0354,-0.0017,pass
1790916706.094,0.0448,0.0793,0.0739,0.0496,0.0928,-0.0043,pass
1790916706.190,0.0791,0.0356,0.0686,0.0658,0.0500,-0.0023,pass
1790916706.286,0.0621,0.1281,0.0701,0.0576,0.0924,-0.0043,pass
1790916706.382,0.0618,0.0636,0.0715,0.0589,0.0593,-0.0028,pass
1790916706.494,0.0789,0.1055,0.0720,0.0583,0.0554,-0.0026,pass
1790916706.590,0.0434,0.0199,0.0750,0.0370,0.0881,-0.0041,pass
1790916706.688,0.0354,-0.0289,0.0778,-0.0167,0.0703,-0.0033,pass
1790916706.798,0.0000,0.0025,0.0785,0.0222,0.0745,-0.0035,pass
1790916706.894,0.0337,0.0985,0.0720,0.0583,0.0665,-0.0031,pass
1790916706.990,0.0735,-0.0028,0.0786,0.0187,0.0458,-0.0021,pass
1790916707.087,0.0234,0.0095,0.0745,0.0435,0.0761,-0.0036,pass
1790916707.198,0.0350,0.0653,0.0706,0.0602,0.0676,-0.0032,pass
1790916707.294,0.0478,-0.0010,0.0775,0.0203,0.0644,-0.0030,pass
1790916707.390,0.0173,0.1142,0.0771,0.0411,0.0912,-0.0043,pass
1790916707.486,0.0337,0.0444,0.0734,0.0563,0.0521,-0.0024,pass
1790916707.582,0.0783,0.0042,0.0741,0.0462,0.0456,-0.0021,pass
1790916707.694,0.0111,0.0426,0.0791,0.0134,0.1064,-0.0050,pass
1790916707.790,0.0153,0.0374,0.0807,0.0159,0.0441,-0.0021,pass
1790916707.888,0.0358,0.0793,0.0734,0.0513,0.0630,-0.0029,pass
1790916707.982,0.0342,0.0339,0.0757,0.0308,0.0873,-0.0041,pass
1790916708.094,0.0339,-0.0185,0.0780,0.0307,0.0477,-0.0022,pass
1790916708.190,0.0474,0.0112,0.0745,0.0427,0.0678,-0.0032,pass
1790916708.286,0.0203,0.0531,0.0781,0.0196,0.1021,-0.0048,pass
1790916708.382,0.0181,0.0304,0.0802,0.0168,0.0643,-0.0030,pass
1790916708.494,0.0313,0.0112,0.0749,0.0457,0.0500,-0.0023,pass
1790916708.590,0.0601,0.0496,0.0755,0.0351,0.0672,-0.0031,pass
1790916708.686,0.0256,-0.0028,0.0779,0.0294,0.0726,-0.0034,pass
1790916708.782,0.0377,0.0426,0.0755,0.0443,0.0746,-0.0035,pass
1790916708.894,0.0172,0.1020,0.0765,0.0419,0.0783,-0.0037,pass
1790916708.990,0.0318,0.0339,0.0786,0.0275,0.0621,-0.0029,pass
1790916709.086,0.0538,0.0339,0.0754,0.0431,0.0488,-0.0023,pass
1790916709.182,0.0428,0.1142,0.0685,0.0690,0.0883,-0.0041,pass
1790916709.294,0.0573,-0.0028,0.0750,0.0275,0.0584,-0.0027,pass
1790916709.390,0.0140,-0.0394,0.0803,-0.0007,0.1085,-0.0051,pass
1790916709.488,0.0000,0.0426,0.0810,-0.0089,0.0548,-0.0026,pass
1790916709.582,-0.0133,-0.0062,0.0782,-0.0301,0.0645,-0.0030,pass
1790916709.699,-0.0378,0.0007,0.0747,-0.0377,0.0698,-0.0033,pass
1790916709.790,0.0093,0.0234,0.0793,-0.0034,0.0441,-0.0021,pass
1790916709.887,-0.0061,0.0583,0.0811,0.0104,0.0679,-0.0032,pass
1790916709.982,0.0175,0.0339,0.0795,-0.0104,0.0802,-0.0038,pass
1790916710.094,0.0000,0.0042,0.0794,0.0153,0.0639,-0.0030,pass
1790916710.190,0.0236,0.0112,0.0795,0.0087,0.0624,-0.0029,pass
1790916710.286,-0.0051,-0.0377,0.0812,-0.0149,0.0904,-0.0042,pass
1790916710.382,0.0201,0.1124,0.0780,0.0322,0.0572,-0.0027,pass
1790916710.494,0.0435,0.0252,0.0720,0.0536,0.0391,-0.0018,pass
1790916710.590,0.0466,0.0060,0.0763,0.0399,0.1003,-0.0047,pass
1790916710.686,0.0335,0.1124,0.0753,0.0453,0.0889,-0.0042,pass
1790916710.782,0.0543,0.0322,0.0722,0.0540,0.0411,-0.0019,pass
1790916710.878,0.0646,0.0095,0.0787,0.0176,0.0804,-0.0038,pass
1790916710.990,0.0145,0.0007,0.0781,-0.0283,0.0903,-0.0042,pass
1790916711.087,-0.0036,0.0112,0.0781,0.0024,0.0543,-0.0025,pass
1790916711.183,0.0000,0.0322,0.0799,0.0175,0.0541,-0.0025,pass
1790916711.294,0.0150,0.0147,0.0807,0.0007,0.0700,-0.0033,pass
1790916711.390,0.0276,0.0287,0.0777,0.0158,0.0607,-0.0028,pass
1790916711.486,0.0403,0.0234,0.0766,0.0292,0.0479,-0.0022,pass
1790916711.583,0.0235,0.0217,0.0782,0.0339,0.0972,-0.0046,pass
1790916711.694,0.0374,0.0828,0.0749,0.0499,0.0686,-0.0032,pass
1790916711.790,0.0747,0.0112,0.0730,0.0475,0.0328,-0.0015,pass
1790916711.887,0.0519,0.0967,0.0722,0.0500,0.0855,-0.0040,pass
1790916711.982,0.0371,-0.0237,0.0753,0.0425,0.0799,-0.0037,pass
1790916712.078,0.0509,0.0199,0.0795,-0.0006,0.0690,-0.0032,pass
1790916712.190,-0.0204,-0.0481,0.0806,-0.0084,0.0898,-0.0042,pass
1790916712.286,0.0165,0.0444,0.0806,0.0096,0.0392,-0.0018,pass
1790916712.382,0.0000,-0.0289,0.0793,0.0149,0.0694,-0.0032,pass
1790916712.478,0.0424,0.0444,0.0764,0.0280,0.0666,-0.0031,pass
1790916712.592,0.0068,0.0618,0.0809,0.0222,0.0717,-0.0034,pass
1790916712.688,0.0139,-0.0412,0.0774,-0.0282,0.0768,-0.0036,pass
1790916712.782,0.0000,-0.0429,0.0763,-0.0059,0.0595,-0.0028,pass
1790916712.878,0.0183,0.0164,0.0737,0.0389,0.0556,-0.0026,pass
1790916712.990,0.0062,0.0566,0.0783,0.0141,0.0802,-0.0038,pass
1790916713.086,0.0172,-0.0359,0.0800,-0.0197,0.0460,-0.0022,pass
1790916713.182,0.0000,-0.0534,0.0767,-0.0248,0.0734,-0.0034,pass
1790916713.278,-0.0119,-0.0010,0.0785,0.0017,0.0837,-0.0039,pass
1790916713.390,-0.0031,0.1055,0.0808,0.0197,0.0503,-0.0024,pass
1790916713.486,0.0172,0.0182,0.0748,0.0495,0.0504,-0.0024,pass
1790916713.582,0.0644,-0.0586,0.0778,0.0174,0.0506,-0.0024,pass
1790916713.678,-0.0088,-0.0761,0.0751,-0.0337,0.0902,-0.0042,pass
1790916713.774,-0.0292,0.0025,0.0764,-0.0286,0.0638,-0.0030,pass
1790916713.888,-0.0043,-0.0028,0.0797,-0.0116,0.0423,-0.0020,pass
1790916713.982,-0.0293,-0.0446,0.0755,-0.0302,0.0810,-0.0038,pass
1790916714.078,-0.0108,0.0147,0.0775,-0.0203,0.0552,-0.0026,pass
1790916714.190,-0.0200,-0.0080,0.0803,-0.0065,0.0513,-0.0024,pass
1790916714.286,0.0167,0.0374,0.0749,0.0394,0.0462,-0.0022,pass
1790916714.382,0.0355,0.0514,0.0707,0.0553,0.0786,-0.0037,pass
1790916714.478,0.0443,0.1212,0.0636,0.0840,0.0649,-0.0030,pass
1790916714.590,0.0573,0.0897,0.0705,0.0592,0.0513,-0.0024,pass
1790916714.686,0.0355,0.0374,0.0802,0.0166,0.0825,-0.0039,pass
1790916714.785,0.0098,-0.0237,0.0740,-0.0307,0.0729,-0.0034,pass
1790916714.878,-0.0294,-0.0097,0.0714,-0.0493,0.0766,-0.0036,pass
1790916714.990,-0.0193,-0.1354,0.0688,-0.0717,0.0420,-0.0020,pass
1790916715.086,-0.0689,-0.0656,0.0732,-0.0497,0.0688,-0.0032,pass
1790916715.183,-0.0457,-0.0289,0.0761,-0.0328,0.0550,-0.0026,pass
1790916715.278,-0.0199,-0.0150,0.0800,-0.0152,0.0515,-0.0024,pass
1790916715.375,-0.0112,0.0828,0.0758,0.0284,0.0569,-0.0027,pass
1790916715.486,0.0200,0.0566,0.0753,0.0351,0.0611,-0.0029,pass
1790916715.582,0.0460,0.0601,0.0754,0.0413,0.0696,-0.0033,pass
1790916715.678,0.0276,-0.1179,0.0768,-0.0254,0.0682,-0.0032,pass
1790916715.775,0.0237,0.0217,0.0764,0.0254,0.0710,-0.0033,pass
1790916715.887,0.0173,0.0828,0.0692,0.0594,0.0489,-0.0023,pass
1790916715.982,0.0803,0.1072,0.0689,0.0693,0.0544,-0.0025,pass
1790916716.078,0.0859,0.0740,0.0676,0.0760,0.0786,-0.0037,pass
1790916716.174,0.1011,0.0164,0.0754,0.0387,0.0516,-0.0024,pass
1790916716.286,0.0348,0.1002,0.0686,0.0644,0.0691,-0.0032,pass
1790916716.382,0.0962,0.1194,0.0654,0.0874,0.0487,-0.0023,pass
1790916716.480,0.1103,0.1404,0.0617,0.1056,0.0660,-0.0031,pass
1790916716.574,0.1082,0.0828,0.0687,0.0678,0.0657,-0.0031,pass
1790916716.686,0.0471,0.0356,0.0781,0.0092,0.0694,-0.0033,pass
1790916716.784,0.0607,-0.0062,0.0755,0.0356,0.0493,-0.0023,pass
1790916716.878,0.0579,0.0740,0.0707,0.0594,0.0562,-0.0026,pass
1790916716.974,0.0342,0.1037,0.0705,0.0643,0.0704,-0.0033,pass
1790916717.086,0.0893,0.1002,0.0677,0.0730,0.0396,-0.0019,pass
1790916717.182,0.0798,0.0897,0.0657,0.0732,0.0645,-0.0030,pass
1790916717.278,0.0850,0.0356,0.0698,0.0573,0.0702,-0.0033,pass
1790916717.374,0.0615,0.1439,0.0694,0.0708,0.0662,-0.0031,pass
1790916717.486,0.0533,-0.0499,0.0760,0.0130,0.0486,-0.0023,pass
1790916717.582,0.0346,-0.0953,0.0703,-0.0541,0.0833,-0.0039,pass
1790916717.678,-0.0834,-0.1616,0.0549,-0.1224,0.0684,-0.0032,pass
1790916717.775,-0.1287,-0.2017,0.0487,-0.1448,0.0576,-0.0027,pass
1790916717.870,-0.2051,-0.2646,0.0405,-0.1830,0.0627,-0.0029,pass
1790916717.982,-0.1798,-0.1930,0.0414,-0.1871,0.0479,-0.0022,pass
1790916718.078,-0.2148,-0.1947,0.0413,-0.1865,0.0533,-0.0025,pass
1790916718.174,-0.2270,-0.2104,0.0408,-0.1844,0.0438,-0.0021,pass
1790916718.270,-0.2152,-0.2174,0.0416,-0.1876,0.0392,-0.0018,pass
1790916718.382,-0.2137,-0.2785,0.0418,-0.1886,0.0475,-0.0022,pass
1790916718.478,-0.2246,-0.2401,0.0417,-0.1882,0.0401,-0.0019,pass
1790916718.575,-0.2594,-0.2017,0.0417,-0.1885,0.0501,-0.0023,pass
1790916718.670,-0.2179,-0.1912,0.0421,-0.1898,0.0398,-0.0019,pass
1790916718.783,-0.1832,-0.0010,0.0348,-0.1445,0.0335,-0.0016,pass
1790916718.878,-0.0572,-0.0010,0.0000,0.0000,-0.0048,0.0002,pass
1790916718.975,-0.0147,-0.0010,0.0000,0.0000,0.0046,-0.0002,pass
1790916719.070,-0.0073,-0.0028,0.0000,0.0000,0.0026,-0.0001,pass
