t,fwd,lat,clear_geo,plan_clear,plan_lat_at_box,lc_box,gc_box,v,w,box_pts,box_age
0.0003414154052734375,0.0,0.0,1.0929999986389811,nan,nan,99,99,0.0,0.0,110,0.0003414154052734375
0.10080838203430176,0.0,0.0,1.0929999747896189,0.15120057757043873,0.3729845161752162,99,99,0.0,0.0,99,0.10080838203430176
0.2023146152496338,0.0,0.0,1.0929999747896189,0.15120057757043873,0.3729845161752162,99,99,0.02,0.12,109,0.2023146152496338
0.30118870735168457,0.0,0.0,1.0929999747896189,0.15120057757043873,0.3729845161752162,99,99,0.04,0.24,113,0.30118870735168457
0.40132927894592285,0.0,0.0,1.0929999747896189,0.15120057757043873,0.3729845161752162,99,99,0.060000000000000005,0.26398399472236633,36,0.40132927894592285
0.5005717277526855,0.0,0.0,1.0800000495910642,0.1924277413965391,0.36958438287812095,99,100,0.08,0.26398399472236633,125,0.0
0.6008291244506836,0.0,0.0,1.0800000495910642,0.1924277413965391,0.36958438287812095,99,100,0.08179378509521484,0.23739436268806458,49,0.10025739669799805
0.7012121677398682,0.0,0.0,1.0800000495910642,0.1924277413965391,0.36958438287812095,99,100,0.08179378509521484,0.23739436268806458,31,0.20064043998718262
0.8010294437408447,0.0,0.0,1.0800000495910642,0.1924277413965391,0.36958438287812095,99,100,0.08108415454626083,0.16502739489078522,34,0.3004577159881592
0.9011332988739014,0.0,0.0,1.0800000495910642,0.1924277413965391,0.36958438287812095,99,100,0.0812840610742569,0.14046646654605865,14,0.4005615711212158
1.0013551712036133,0.0,0.0,1.0410000152587888,0.28574928344582684,0.3622382345356523,99,99,0.08131791651248932,0.12829869985580444,125,0.0
1.1015262603759766,0.0,0.0,1.0410000152587888,0.28572948501304596,0.36222531676579406,99,99,0.081085205078125,0.102985680103302,57,0.10017108917236328
1.2008945941925049,0.0,0.0,1.0410000152587888,0.28572948501304596,0.36222531676579406,99,99,0.08124268054962158,0.0785677433013916,25,0.1995394229888916
1.3002526760101318,0.0,0.0,1.0410000152587888,0.28572948501304596,0.36222531676579406,99,99,0.08124268054962158,0.0785677433013916,17,0.29889750480651855
1.4023611545562744,0.0,0.0,1.0410000152587888,0.28572948501304596,0.36222531676579406,99,99,0.08141883462667465,0.04243921488523483,10,0.40100598335266113
1.501284122467041,0.0,0.0,1.0410000152587888,0.28572948501304596,0.36222531676579406,99,99,0.08134505897760391,0.035505589097738266,3,0.49992895126342773
1.6012458801269531,0.0,0.0,0.9823000148083123,0.32759876022716006,0.35419811095765175,99,99,0.08139968663454056,0.03610747307538986,147,0.0
1.7022292613983154,0.0,0.0,0.9823000148083123,0.32759876022716006,0.35419811095765175,99,99,0.08132856339216232,0.01743563637137413,130,0.1009833812713623
1.8022687435150146,0.0,0.0,0.9823000148083123,0.32759876022716006,0.35419811095765175,99,99,0.08147063851356506,0.023249130696058273,41,0.20102286338806152
1.9006688594818115,0.0,0.0,0.9823000148083123,0.32759876022716006,0.35419811095765175,99,99,0.08145049214363098,0.022417675703763962,30,0.2994229793548584
2.000926971435547,0.0,0.0,0.9822790851569927,0.32759876022716006,0.35419811095765175,99,99,0.08145049214363098,0.022417675703763962,20,0.39968109130859375
2.107079029083252,0.08840713595799371,0.012549201776381894,0.9434291282110943,0.14748940892908777,0.3487672686039873,99,100,0.08152217417955399,0.03385958448052406,162,0.0
2.2015721797943115,0.10107029777836604,0.014463020210087173,0.9298678456675149,0.14748940892908777,0.3487672686039873,99,100,0.08152195811271667,0.03323746845126152,166,0.09449315071105957
2.3016293048858643,0.10107029777836604,0.014463020210087173,0.9298678456675149,0.14748940892908777,0.3487672686039873,99,100,0.08140864223241806,0.029269929975271225,157,0.1945502758026123
2.4017741680145264,0.10107029777836604,0.014463020210087173,0.9298678456675149,0.14748940892908777,0.3487672686039873,99,100,0.08146633952856064,0.020744871348142624,159,0.2946951389312744
2.5006649494171143,0.10107029777836604,0.014463020210087173,0.9298678456675149,0.14748940892908777,0.3487672686039873,99,100,0.08178137242794037,0.010490834712982178,159,0.3935859203338623
2.6009340286254883,0.10107029777836604,0.014463020210087173,0.9298678456675149,0.14748940892908777,0.3487672686039873,99,100,0.0817926898598671,0.022671613842248917,37,0.49385499954223633
2.701361656188965,0.10107029777836604,0.014463020210087173,0.8912207738190591,0.16438351042729057,0.33956146101185164,100,100,0.0817926898598671,0.022671613842248917,192,0.0
2.802623748779297,0.10107029777836604,0.014463020210087173,0.8912207738190591,0.16438351042729057,0.33956146101185164,100,100,0.08168473094701767,0.023249883204698563,170,0.10126209259033203
2.910144090652466,0.10107029777836604,0.014463020210087173,0.8912207738190591,0.16438351042729057,0.33956146101185164,100,100,0.08158205449581146,0.015240296721458435,170,0.20878243446350098
3.0019333362579346,0.10107029777836604,0.014463020210087173,0.8912207738190591,0.16438351042729057,0.33956146101185164,100,100,0.0816984623670578,0.01714358478784561,88,0.3005716800689697
3.102475166320801,0.10107029777836604,0.014463020210087173,0.8912207738190591,0.16438351042729057,0.33956146101185164,100,100,0.08157427608966827,0.01936112344264984,19,0.40111351013183594
3.2042346000671387,0.10107029777836604,0.014463020210087173,0.8439913520340985,0.17288704015276798,0.32242422520459996,99,99,0.08153852820396423,0.020784109830856323,202,0.0
3.300640106201172,0.10107029777836604,0.014463020210087173,0.8439913520340985,0.17288704015276798,0.32242422520459996,99,99,0.08153888583183289,0.019839774817228317,213,0.0964055061340332
3.4009580612182617,0.10107029777836604,0.014463020210087173,0.8439913520340985,0.17288704015276798,0.32242422520459996,99,99,0.08211954683065414,0.04871338978409767,204,0.19672346115112305
3.500239133834839,0.10858742819038088,0.01562754151979613,0.8360741238777346,0.17288704015276798,0.32242422520459996,99,99,0.08211954683065414,0.04871338978409767,212,0.2960045337677002
3.601242780685425,0.22241133507851585,0.04542631615920443,0.7144664125553891,0.17288704015276798,0.32242422520459996,99,99,0.08092913031578064,0.038976941257715225,159,0.39700818061828613
3.700984239578247,0.2287370351602656,0.04671908192631029,0.7077773179053213,0.17288704015276798,0.32242422520459996,99,99,0.08044525980949402,0.019033387303352356,160,0.4967496395111084
3.801128625869751,0.23729118382836817,0.04849443883619262,0.7910797941978558,0.13218275158358841,0.3390979023774352,99,99,0.08032200485467911,0.007878348231315613,233,0.0
3.9006295204162598,0.24552242432492377,0.050688954440614886,0.7830585574118245,0.13218275158358841,0.3390979023774352,99,99,0.08050865679979324,-0.017415866255760193,235,0.09950089454650879
4.010758638381958,0.2531285701234115,0.05225118231321266,0.7754672885394907,0.13218275158358841,0.3390979023774352,99,99,0.08075983822345734,-0.03387504443526268,251,0.20963001251220703
4.1017005443573,0.2607928528616773,0.053807235629712256,0.7678859165434266,0.13218275158358841,0.3390979023774352,99,99,0.08133605867624283,0.02010001614689827,251,0.30057191848754883
4.200839042663574,0.2662486541653161,0.05491021015116275,0.762459830245072,0.13203908937139494,0.3389316186862771,99,99,0.08133605867624283,0.02010001614689827,252,0.39971041679382324
4.301332712173462,0.2764890749813992,0.05700009125477792,0.7554316913235622,0.1357150499844684,0.3389316186862771,99,99,0.0812884047627449,0.043572913855314255,260,0.0
4.400572061538696,0.2841246415362516,0.05858926175518505,0.7469460555333862,0.1357150499844684,0.3389316186862771,99,99,0.08111554384231567,0.03996617719531059,258,0.09923934936523438
4.501168727874756,0.2914659836170964,0.06015735163810535,0.7390790037515808,0.1357150499844684,0.3389316186862771,99,99,0.08136079460382462,0.04353313520550728,266,0.19983601570129395
4.601305723190308,0.29882206034904385,0.06176102236756181,0.7310743204747987,0.1357150499844684,0.3389316186862771,99,99,0.08136079460382462,0.04353313520550728,274,0.2999730110168457
4.701263427734375,0.30629562319160347,0.0634166456845841,0.7227404895076753,0.1357150499844684,0.3389316186862771,99,99,0.0814814418554306,0.04687002673745155,283,0.3999307155609131
4.80071234703064,0.3136862207908761,0.06508919252303315,0.7147951743427667,0.1357150499844684,0.3389316186862771,99,99,0.0814814418554306,0.04687002673745155,285,0.49937963485717773
4.901028156280518,0.3202680096013408,0.06660938062158202,0.701223008691654,0.1269560305144646,0.3389316186862771,99,99,0.08140687644481659,0.04952412471175194,289,0.0
5.0038206577301025,0.3257603955921202,0.0678952741840493,0.6952814075690124,0.1269560305144646,0.3389316186862771,99,99,0.08157040923833847,0.046846240758895874,316,0.10279250144958496
5.101216793060303,0.33565800877317953,0.07026671585036968,0.6845403252255093,0.1269560305144646,0.3389316186862771,99,99,0.08209765702486038,0.05328446999192238,319,0.20018863677978516
5.201254844665527,0.3429423853143674,0.07205205573396066,0.6763357003629366,0.1269560305144646,0.3389316186862771,99,99,0.08209765702486038,0.05328446999192238,327,0.30022668838500977
5.301062822341919,0.35018968275226303,0.07385983223474804,0.6685838363745549,0.1181927335963672,0.3296593484279783,99,99,0.08172495663166046,-0.026342246681451797,333,0.40003466606140137
5.401157379150391,0.35776325562778377,0.07576189807336488,0.6611316106726087,0.1181927335963672,0.3296593484279783,99,99,0.08200771361589432,0.011017970740795135,337,0.500129222869873
5.500196218490601,0.3656985316738144,0.07775932278344598,0.6528767006155535,0.1181927335963672,0.3296593484279783,99,99,0.08170825988054276,0.05434334650635719,338,0.599168062210083
5.600968360900879,0.37291520490864843,0.07959346269946851,0.6449070556688941,0.1181927335963672,0.3296593484279783,99,99,0.08170825988054276,0.05434334650635719,354,0.6999402046203613
5.700913906097412,0.3803892551139103,0.08153046009748648,0.6370754251593235,0.1181927335963672,0.3296593484279783,99,99,0.08256426453590393,0.06389716267585754,364,0.7998857498168945
5.801285743713379,0.38745711782518943,0.08339522225053429,0.629153029151161,0.1181927335963672,0.3296593484279783,99,99,0.08140271157026291,0.023202940821647644,351,0.9002575874328613
5.9007720947265625,0.3950152133661461,0.08541073485045306,0.6213014188954552,0.1181927335963672,0.3296593484279783,100,99,0.07945512235164642,-0.008182771503925323,345,0.9997439384460449
6.003253698348999,0.402678522222715,0.08746458510140606,0.613917628951256,0.1181927335963672,0.3296593484279783,100,99,0.07868516445159912,-0.03583851829171181,339,1.1022255420684814
6.102353096008301,0.4094374170039405,0.08925897590969156,0.6072728620649761,0.1181927335963672,0.3296593484279783,100,99,0.07815419882535934,-0.07780309021472931,343,1.2013249397277832
6.204660177230835,0.41711332858943134,0.09125807455529107,0.6002716848687517,0.1181927335963672,0.3296593484279783,100,99,0.07963376492261887,-0.10857157409191132,339,1.3036320209503174
6.30193018913269,0.4237741514858588,0.09246265133988589,0.5928878523119555,0.1016124384095233,0.33022135812316167,100,99,0.08038954436779022,-0.06046034023165703,353,0.0
6.40227484703064,0.4304230557400041,0.09410461417127727,0.5869785805775951,0.1016124384095233,0.33022135812316167,100,99,0.08038954436779022,-0.06046034023165703,370,0.10034465789794922
6.501312017440796,0.43749754065110874,0.0958136814849543,0.580748708619329,0.1016124384095233,0.33022135812316167,100,99,0.08019058406352997,-0.13914212584495544,357,0.19938182830810547
6.601492643356323,0.44358454082750043,0.09723321837419927,0.5755910146204148,0.1016124384095233,0.33022135812316167,100,99,0.07901636511087418,-0.14501884579658508,357,0.2995624542236328
6.701282024383545,0.4497962437302444,0.09861857117879021,0.5705890735491387,0.1016124384095233,0.33022135812316167,100,99,0.07901636511087418,-0.14501884579658508,382,0.3993518352508545
6.801140308380127,0.45511679764712804,0.09974176719363773,0.5666800133655686,0.1016124384095233,0.33022135812316167,100,99,0.07670142501592636,-0.104847252368927,374,0.4992101192474365
6.901087284088135,0.46211795577884995,0.10115252833272947,0.566042166052089,0.12225710863033709,0.33022135812316167,99,99,0.07955245673656464,0.04515274763107299,399,0.0
7.000925540924072,0.4690725341113664,0.11203978695768325,0.5579681264891496,0.12225710863033709,0.33022135812316167,99,99,0.07955245673656464,0.04618872329592705,406,0.0998382568359375
7.101190090179443,0.4764493938696047,0.11354772499301319,0.5501213379893128,0.12225710863033709,0.33022135812316167,99,99,0.08008894324302673,0.07009975612163544,405,0.2001028060913086
7.2025628089904785,0.48354891011001405,0.11503767307467307,0.5422735174472685,0.12225710863033709,0.33022135812316167,99,99,0.08063282072544098,0.1022573709487915,403,0.30147552490234375
7.300699710845947,0.48840386565208843,0.1160815117995353,0.5367333443144057,0.12225710863033709,0.33022135812316167,99,99,0.08063282072544098,0.1022573709487915,381,0.3996124267578125
7.402428150177002,0.4969150234709016,0.11797163269282993,0.5309452361552781,0.07347328934839259,0.3277080219160796,100,100,0.08090019226074219,0.10130850970745087,368,0.0
7.501128196716309,0.5033763985608731,0.11946998509272357,0.5233366251092199,0.07347328934839259,0.3277080219160796,100,100,0.08076515048742294,0.1216701865196228,335,0.09870004653930664
7.601153373718262,0.5095726470382878,0.12096026965751097,0.5161175349053366,0.07347328934839259,0.3277080219160796,100,100,0.08068768680095673,0.10207891464233398,340,0.19872522354125977
7.700868368148804,0.515983673224089,0.12255681488072813,0.508344548903956,0.07347328934839259,0.3277080219160796,100,100,0.08115401118993759,0.09704500436782837,326,0.29844021797180176
7.800539255142212,0.5221019910599222,0.12413672689223441,0.5013627217547556,0.07347328934839259,0.3277080219160796,100,100,0.08081793785095215,0.09422463178634644,277,0.39811110496520996
7.900524616241455,0.5289529420940643,0.1259564387437292,0.4932842957907832,0.07347328934839259,0.3277080219160796,100,100,0.08102112263441086,0.09646660089492798,252,0.4980964660644531
8.001040697097778,0.5353964657980715,0.12772232009308654,0.49527427792839696,0.03238062467937547,0.3277080219160796,100,100,0.08103062957525253,0.10021902620792389,248,0.0
8.100544691085815,0.5418653851195868,0.1295524954926111,0.4872808259174722,0.03238062467937547,0.3277080219160796,100,100,0.08129074424505234,0.09614460170269012,215,0.09950399398803711
8.20496392250061,0.5476299808313408,0.13123450780559173,0.4805943842994064,0.03238062467937547,0.3277080219160796,100,100,0.08112878352403641,0.09702637046575546,199,0.20392322540283203
8.302633285522461,0.5524665795292915,0.13267469761999467,0.47477912919643667,0.03238062467937547,0.3277080219160796,100,100,0.08112043887376785,0.034220606088638306,163,0.3015925884246826
8.402369022369385,0.5508989853052024,0.12631469993095146,0.477186800234612,0.03238062467937547,0.3277080219160796,100,100,0.08112043887376785,0.034220606088638306,114,0.40132832527160645
8.504202604293823,0.5584562839659801,0.1286167710719318,0.4687113691963481,0.03298740409428744,0.3284983347551398,100,100,0.08101814985275269,0.0483197383582592,64,0.5031619071960449
8.614935874938965,0.5638506100748897,0.13028257803636087,0.46297438441583955,0.03298740409428744,0.3284983347551398,100,100,0.08136645704507828,0.06237897276878357,57,0.6138951778411865
8.700762510299683,0.572953170223723,0.1331671422912387,0.4525044991441413,0.03298740409428744,0.3284983347551398,100,100,0.08038102835416794,0.06879419088363647,48,0.6997218132019043
8.804076433181763,0.5798124032143033,0.13539405923792716,0.44450444503768183,0.03298740409428744,0.3284983347551398,100,100,0.08079627901315689,0.052925992757081985,0,0.8030357360839844
8.900204420089722,0.5837133857996903,0.13668400455689644,0.44021858883996867,0.03298740409428744,0.3284983347551398,100,100,0.08067125827074051,0.03962358832359314,0,0.8991637229919434
9.00145435333252,0.5940745010975893,0.14016829764684452,0.4287976018688315,0.03298740409428744,0.3284983347551398,100,100,0.08017141371965408,0.02502603828907013,0,1.0004136562347412
9.101274728775024,0.6016023100310512,0.14273784786588048,0.4207026363266585,0.03298740409428744,0.3284983347551398,100,100,0.08004235476255417,0.011902891099452972,0,1.100234031677246
9.201092004776001,0.6068694960270785,0.14455171628057079,0.41538368301777284,0.03298740409428744,0.3284983347551398,100,100,0.08004235476255417,0.011902891099452972,0,1.2000513076782227
9.300855159759521,0.6167710787285402,0.14797921103576303,0.405039910628871,0.03298740409428744,0.3284983347551398,100,100,0.07999777048826218,-0.00983985885977745,0,1.2998144626617432
9.401132822036743,0.6243695046140229,0.15062076325745657,0.39714205234130295,0.03298740409428744,0.3284983347551398,100,100,0.07999777048826218,-0.00983985885977745,0,1.4000921249389648
9.501013994216919,0.6293186481980316,0.15233660444537991,0.3921331899367895,0.030777557521122295,0.3252271003693003,100,100,0.08000048249959946,-0.0304926298558712,0,1.4999732971191406
9.60007643699646,0.6390608408896995,0.15570267265682608,0.38251914211603794,0.030777557521122295,0.3252271003693003,100,100,0.07999495416879654,-0.07316406071186066,0,1.5990357398986816
9.700674057006836,0.6441319082672425,0.1574397750592899,0.3775749806831775,0.030777557521122295,0.3252271003693003,100,100,0.07999777048826218,-0.10419129580259323,0,1.6996333599090576
9.801116466522217,0.652819716971017,0.16034588585438656,0.3700192162133983,0.030777557521122295,0.3252271003693003,100,100,0.07999983429908752,-0.13411739468574524,0,1.8000757694244385
9.90068244934082,0.6592037781842721,0.16240394858833784,0.36432356473535715,0.030777557521122295,0.3252271003693003,100,100,0.0800003632903099,-0.15640303492546082,0,1.899641752243042
10.001482963562012,0.6647725247475703,0.16412623486577704,0.3599412597615731,0.030777557521122295,0.3252271003693003,100,100,0.08000034838914871,-0.12419353425502777,0,2.0004422664642334
10.100507497787476,0.6708939854078448,0.1659375051615072,0.3547497156633715,0.030777557521122295,0.3252271003693003,100,100,0.08000034838914871,-0.12419353425502777,0,2.0994668006896973
10.202305316925049,0.674805165599472,0.16706840311915275,0.351556549868538,0.030777557521122295,0.3252271003693003,100,100,0.08000016957521439,-0.11462975293397903,0,2.2012646198272705
10.300584554672241,0.6828528289609126,0.16929965882029266,0.34492271439147676,0.030777557521122295,0.3252271003693003,100,100,0.07999999076128006,-0.0670073851943016,0,2.299543857574463
10.40157151222229,0.6999030006073801,0.18113187355169172,0.3275338677329563,0.030777557521122295,0.3252271003693003,100,100,0.07999997586011887,-0.08794884383678436,0,2.4005308151245117
10.500983953475952,0.7063491228200112,0.1828168321832861,0.32169663999783005,0.030777557521122295,0.3252271003693003,100,100,0.07999998331069946,-0.0976669043302536,0,2.499943256378174
10.601433515548706,0.7129458775192475,0.18450675160483113,0.3156888353693656,0.031238760854022274,0.3266529145871048,100,100,0.07999998331069946,-0.0976669043302536,0,2.6003928184509277
10.701308965682983,0.7197025171665392,0.1861749730977982,0.31003499400884615,0.031238760854022274,0.3266529145871048,100,100,0.07999999076128006,-0.1358238309621811,0,2.700268268585205
10.802320003509521,0.7255237647180358,0.18756807185118077,0.3050495490123186,0.031238760854022274,0.3266529145871048,100,100,0.07999999076128006,-0.041991326957941055,0,2.801279306411743
10.901520729064941,0.7316328556969114,0.1889783423684824,0.2996220179988074,0.031238760854022274,0.3266529145871048,100,100,0.08002651482820511,-0.007414927240461111,0,2.900480031967163
11.000935554504395,0.7399422465892,0.19086526646690263,0.29133492384020454,0.031238760854022274,0.3266529145871048,100,100,0.08000592142343521,-0.0027231420390307903,0,2.999894857406616
11.100993871688843,0.7478434554800761,0.19216945197794294,0.2829332505860782,0.031238760854022274,0.3266529145871048,100,100,0.08000592142343521,-0.0027231420390307903,0,3.0999531745910645
11.201159238815308,0.7556125074518091,0.1939488447759864,0.27521517663186645,0.031238760854022274,0.3266529145871048,100,100,0.07870949059724808,-0.033966608345508575,0,3.2001185417175293
11.30183482170105,0.7632217979989634,0.19567229379556825,0.26832902683090576,0.031238760854022274,0.3266529145871048,100,100,0.07971098273992538,0.02966657280921936,0,3.3007941246032715
11.405388355255127,0.768521451709996,0.19685556005653934,0.26247111428468317,0.031238760854022274,0.3266529145871048,100,100,0.07926102727651596,0.06880860030651093,0,3.4043476581573486
11.500639915466309,0.7780628894267927,0.19902042193701353,0.2521526651792748,0.031238760854022274,0.3266529145871048,100,100,0.07990487664937973,0.12880860030651092,0,3.4995992183685303
11.602989435195923,0.7847635728493306,0.20060348547731174,0.24446223638975212,0.044037525718778336,0.3392493021470831,100,100,0.07990487664937973,0.14314401149749756,0,3.6019487380981445
11.700649976730347,0.7907227569355217,0.2020688818013595,0.23743466057946214,0.044037525718778336,0.3392493021470831,100,100,0.07995439320802689,0.17521414160728455,0,3.6996092796325684
11.802174091339111,0.7965100712992427,0.20357190468224312,0.23018567232534695,0.044037525718778336,0.3392493021470831,100,100,0.0802842229604721,0.20265156030654907,0,3.801133394241333
11.901305913925171,0.8017232101734187,0.2050249149351412,0.22352266568335058,0.044037525718778336,0.3392493021470831,100,100,0.07987881451845169,0.20721304416656494,0,3.9002652168273926
12.001213788986206,0.8067881287252743,0.20652137417861918,0.21761822970059724,0.044037525718778336,0.3392493021470831,100,100,0.07932871580123901,0.15919627249240875,0,4.000173091888428
12.101802587509155,0.8123451980827486,0.20824021432455217,0.21154026664465073,0.044037525718778336,0.3392493021470831,100,100,0.08249382674694061,0.17091232538223267,0,4.100761890411377
12.200822353363037,0.817898731945151,0.21005298501413278,0.20554135377539656,0.044037525718778336,0.3392493021470831,100,100,0.08249382674694061,0.17091232538223267,0,4.199781656265259
12.300209760665894,0.8214319907597697,0.21125540804416582,0.20196358570416523,0.044037525718778336,0.3392493021470831,100,100,0.08185713738203049,0.20901937782764435,0,4.299169063568115
12.400762557983398,0.8286594018609309,0.21381833137550477,0.19503934332073605,0.044037525718778336,0.3392493021470831,100,100,0.08486299216747284,0.20655277371406555,0,4.39972186088562
12.501748323440552,0.8235726489436843,0.21673617566002848,0.20064115818653167,0.044037525718778336,0.3392493021470831,100,100,0.08204241842031479,0.1990596055984497,0,4.500707626342773
12.605468511581421,0.8286478481788555,0.2187170265424431,0.19650341751543646,0.044037525718778336,0.3392493021470831,100,100,0.07168187201023102,0.13652567565441132,0,4.604427814483643
12.70077395439148,0.8340035864742272,0.22089254050143026,0.1922971862491748,0.04318770098961586,0.3381931036382077,100,100,0.07168187201023102,0.13652567565441132,0,4.699733257293701
12.801114320755005,0.8395723792734505,0.22323469358721146,0.18847926901024045,0.04318770098961586,0.3381931036382077,100,100,0.07169733941555023,0.04926653578877449,0,4.800073623657227
12.907057523727417,0.8458241185008175,0.22594886131776065,0.1839603147643286,0.04318770098961586,0.3381931036382077,100,100,0.06730233132839203,0.03220219910144806,0,4.906016826629639
13.001596450805664,0.8520577830624679,0.22868456403745477,0.1799225040552902,0.04318770098961586,0.3381931036382077,100,100,0.06424728780984879,0.0663711428642273,0,5.000555753707886
13.100608348846436,0.8577736117426766,0.2312368272793727,0.17614975170100405,0.04318770098961586,0.3381931036382077,100,100,0.06424728780984879,0.0663711428642273,0,5.099567651748657
13.201592683792114,0.8640055699598745,0.2340663425873147,0.17306146038034764,0.04318770098961586,0.3381931036382077,100,100,0.06710977852344513,0.07354336977005005,0,5.200551986694336
13.30060887336731,0.8802026457904337,0.23638885602646229,0.16157247722249907,0.04318770098961586,0.3381931036382077,100,100,0.0647372156381607,0.09001541882753372,0,5.299568176269531
13.400921106338501,0.8861740145095054,0.23926277070084703,0.16044894931940212,0.04318770098961586,0.3381931036382077,100,100,0.058699849992990494,0.12351493537425995,0,5.399880409240723
13.506049394607544,0.8914941588433273,0.24192945518531267,0.16048578199638558,0.04318770098961586,0.3381931036382077,100,100,0.05451967567205429,0.09083037078380585,0,5.505008697509766
13.600845098495483,0.8964719867944089,0.244493697687562,0.15968434880810845,0.04318770098961586,0.3381931036382077,100,100,0.05451967567205429,0.09083037078380585,0,5.599804401397705
13.701920509338379,0.9011329673940771,0.24693727281283723,0.1595905301673597,0.04417684294785096,0.34169470571574995,100,100,0.05190742760896683,0.08779019117355347,0,5.700879812240601
13.800238847732544,0.9060145753780806,0.24957219234256062,0.16123626141375688,0.04417684294785096,0.34169470571574995,100,100,0.04595130309462547,0.08434800058603287,0,5.799198150634766
13.907530069351196,0.9090928822639937,0.25127229410595997,0.16134954373731447,0.04417684294785096,0.34169470571574995,100,100,0.05728141963481903,0.06967493146657944,0,5.906489372253418
14.002164125442505,0.9128624647617901,0.25337528991405,0.16194098112407865,0.04417684294785096,0.34169470571574995,100,100,0.05062325298786163,0.09708201885223389,0,6.001123428344727
14.10601258277893,0.9193007363502553,0.25704875715988945,0.16488314635978008,0.04417684294785096,0.34169470571574995,100,100,0.04551265388727188,0.1508522480726242,0,6.104971885681152
14.20102572441101,0.9206502193836466,0.25783859638091255,0.16544347478219062,0.04417684294785096,0.34169470571574995,100,100,0.04551265388727188,0.1508522480726242,0,6.199985027313232
14.302445411682129,0.9206502193836466,0.25783859638091255,0.16544347478219062,0.04417684294785096,0.34169470571574995,100,100,0.03989929333329201,0.1460607349872589,0,6.301404714584351
14.40098237991333,0.9206502193836466,0.25783859638091255,0.16544347478219062,0.04417684294785096,0.34169470571574995,100,100,0.03989929333329201,0.1460607349872589,0,6.399941682815552
14.501514673233032,0.9206502193836466,0.25783859638091255,0.16544347478219062,0.04417684294785096,0.34169470571574995,100,100,0.043858785182237625,0.15260076522827148,0,6.500473976135254
14.60211181640625,0.9206502193836466,0.25783859638091255,0.16544347478219062,0.04417684294785096,0.34169470571574995,100,100,0.03887477144598961,0.18657800555229187,0,6.601071119308472
14.70138955116272,0.9206502193836466,0.25783859638091255,0.16544347478219062,0.04417684294785096,0.34169470571574995,100,100,0.03887477144598961,0.18657800555229187,0,6.700348854064941
14.804961204528809,0.9206502193836466,0.25783859638091255,0.16544347478219062,0.04189157208337532,0.3399064019906619,100,100,0.0324719212949276,0.1715593785047531,0,6.80392050743103
14.901364088058472,0.9206502193836466,0.25783859638091255,0.16544347478219062,0.04189157208337532,0.3399064019906619,100,100,0.03923281654715538,0.09655937850475312,0,6.900323390960693
15.00090503692627,0.9206502193836466,0.25783859638091255,0.16544347478219062,0.04189157208337532,0.3399064019906619,100,100,0.0269762109965086,-0.05344062149524688,0,6.999864339828491
15.100645303726196,0.9206502193836466,0.25783859638091255,0.16544347478219062,0.04189157208337532,0.3399064019906619,100,100,0.0269762109965086,-0.13153909146785736,0,7.099604606628418
15.200749635696411,0.9206502193836466,0.25783859638091255,0.16544347478219062,0.04189157208337532,0.3399064019906619,100,100,0.031156186014413834,-0.25153909146785736,0,7.199708938598633
15.300727844238281,0.9206502193836466,0.25783859638091255,0.16544347478219062,0.04189157208337532,0.3399064019906619,100,100,0.013721903786063194,-0.33886778354644775,0,7.299687147140503
15.403416872024536,0.9206502193836466,0.25783859638091255,0.16544347478219062,0.04189157208337532,0.3399064019906619,100,100,0.013721903786063194,-0.33886778354644775,0,7.402376174926758
15.501222848892212,0.9206502193836466,0.25783859638091255,0.16544347478219062,0.04189157208337532,0.3399064019906619,100,100,0.01753772608935833,-0.2801598310470581,0,7.500182151794434
15.600693941116333,0.9206502193836466,0.25783859638091255,0.16544347478219062,0.04189157208337532,0.3399064019906619,100,100,0.01184900850057602,-0.13015983104705808,0,7.599653244018555
15.701091527938843,0.9206502193836466,0.25783859638091255,0.16544347478219062,0.04189157208337532,0.3399064019906619,100,100,0.022027505561709404,0.01984016895294191,0,7.7000508308410645
15.800981044769287,0.9206502193836466,0.25783859638091255,0.16544347478219062,0.04431622753831613,0.34085192295465916,100,100,0.022027505561709404,0.05807838961482048,0,7.799940347671509
15.901439189910889,0.9206502193836466,0.25783859638091255,0.16544347478219062,0.04431622753831613,0.34085192295465916,100,100,0.03124534897506237,0.13368813693523407,0,7.90039849281311
16.000789165496826,0.9206502193836466,0.25783859638091255,0.16544347478219062,0.04431622753831613,0.34085192295465916,100,100,0.03400398790836334,0.25103816390037537,0,7.999748468399048
16.10088300704956,0.9206502193836466,0.25783859638091255,0.16544347478219062,0.04431622753831613,0.34085192295465916,100,100,0.030392076820135117,0.32805994153022766,0,8.099842309951782
16.200043439865112,0.9206502193836466,0.25783859638091255,0.16544347478219062,0.04431622753831613,0.34085192295465916,100,100,0.024879252538084984,0.3566904366016388,0,8.199002742767334
16.30156946182251,0.9206502193836466,0.25783859638091255,0.16544347478219062,0.04431622753831613,0.34085192295465916,100,100,0.023263921961188316,0.35869476199150085,0,8.300528764724731
16.401159048080444,0.9206502193836466,0.25783859638091255,0.16544347478219062,0.04431622753831613,0.34085192295465916,100,100,0.020982617512345314,0.34934577345848083,0,8.400118350982666
16.50060772895813,0.9206502193836466,0.25783859638091255,0.16544347478219062,0.04431622753831613,0.34085192295465916,100,100,0.017176108434796333,0.34374141693115234,0,8.499567031860352
16.600736618041992,0.9206502193836466,0.25783859638091255,0.16544347478219062,0.04431622753831613,0.34085192295465916,100,100,0.020789993926882744,0.26874141693115233,0,8.599695920944214
16.70077919960022,0.9206502193836466,0.25783859638091255,0.16544347478219062,0.04431622753831613,0.34085192295465916,100,100,0.024084823206067085,0.11874141693115232,0,8.699738502502441
16.80178475379944,0.9206502193836466,0.25783859638091255,0.16544347478219062,0.04431622753831613,0.34085192295465916,100,100,0.024084823206067085,0.018862435594201088,0,8.80074405670166
16.900634288787842,0.9206502193836466,0.25783859638091255,0.16544347478219062,0.040886791976923215,0.3372366088463889,100,100,0.0260480847209692,-0.11613756440579891,0,8.899593591690063
17.00167751312256,0.9390375056795617,0.2694236753326896,0.18260226838377283,0.040886791976923215,0.3372366088463889,100,100,0.024286970496177673,-0.15616565942764282,0,9.00063681602478
17.102033615112305,0.9596513349080424,0.2909875632857065,0.16932876953642131,0.040886791976923215,0.3372366088463889,100,100,0.015661142766475677,-0.22609589993953705,0,9.100992918014526
17.200702905654907,0.9796963922164572,0.3048359502929468,0.18926257542654337,0.040886791976923215,0.3372366088463889,100,100,0.015661142766475677,-0.22609589993953705,0,9.199662208557129
17.302719593048096,0.9814702179818631,0.30601862790270273,0.1822328627508444,0.040886791976923215,0.3372366088463889,100,100,0.014525762759149075,-0.21455059945583344,0,9.301678895950317
17.399983644485474,0.9828228624751941,0.3068545442491161,0.17707068611024449,0.040886791976923215,0.3372366088463889,100,100,0.016561521217226982,-0.20241203904151917,0,9.398942947387695
17.50140380859375,0.9841993667379029,0.3076516938272308,0.17291366893764362,0.040886791976923215,0.3372366088463889,100,100,0.024908483028411865,-0.05241203904151916,0,9.500363111495972
17.604474544525146,0.9859106478463554,0.30860946837278336,0.17168231692302074,0.040886791976923215,0.3372366088463889,100,100,0.024908483028411865,0.022450022399425507,0,9.603433847427368
17.701263427734375,0.9879755014918161,0.3097600734494776,0.17199962098156166,0.040886791976923215,0.3372366088463889,100,100,0.021680651232600212,0.07443162053823471,0,9.700222730636597
17.80032515525818,0.9895379102431728,0.31064199703860057,0.17395791815997438,0.040886791976923215,0.3372366088463889,100,100,0.01677633821964264,0.1601269543170929,0,9.7992844581604
17.901628971099854,0.991186569517052,0.31160758567025043,0.1778213880204995,0.03865082340645995,0.33503118198569276,100,100,0.0165481586009264,0.17751191556453705,0,9.900588274002075
18.014013051986694,0.9926292467101834,0.3125009112770637,0.1818638978105979,0.03865082340645995,0.33503118198569276,100,100,0.017102548852562904,0.20004193484783173,0,10.012972354888916
18.101301908493042,0.9941629143977079,0.3135019171655115,0.18460754913654617,0.03865082340645995,0.33503118198569276,100,100,0.022010326385498047,0.07693763077259064,0,10.100261211395264
18.203174352645874,0.9956419868472393,0.31448899641433703,0.1854325215362456,0.03865082340645995,0.33503118198569276,100,100,0.013513725250959396,-0.07306236922740936,0,10.202133655548096
18.30132031440735,0.9968972662503695,0.3153320215045307,0.184890257391879,0.03865082340645995,0.33503118198569276,100,100,0.009998124092817307,-0.19306236922740935,0,10.30027961730957
18.40140414237976,0.9978714974877287,0.31596846853936156,0.18137936699043514,0.03865082340645995,0.33503118198569276,100,100,0.017853446304798126,-0.262360543012619,0,10.400363445281982
18.501020193099976,0.9993453552301905,0.31686890375778487,0.17576311652400192,0.03865082340645995,0.33503118198569276,100,100,0.014376739040017128,-0.2705635130405426,0,10.499979496002197
18.600216388702393,1.0007652721200349,0.31766822370547976,0.17081207869477724,0.03865082340645995,0.33503118198569276,100,100,0.020510179921984673,-0.20172438025474548,0,10.599175691604614
18.700927734375,1.0025374096926265,0.3186050496418341,0.16643615635110434,0.03865082340645995,0.33503118198569276,100,100,0.022620078176259995,-0.051724380254745475,0,10.699887037277222
18.800209999084473,1.0044268666789669,0.3195644444444629,0.1655069752870815,0.03865082340645995,0.33503118198569276,100,100,0.022620078176259995,0.019249137490987778,0,10.799169301986694
18.901239156723022,1.0062279649527373,0.3204757180523387,0.16578918759435804,0.03865082340645995,0.33503118198569276,100,100,0.016860656440258026,0.1283089816570282,0,10.900198459625244
19.00251054763794,1.0081470956717362,0.32146058996839577,0.16793820201961965,0.041661976770422354,0.3379247521085759,100,100,0.014350312761962414,0.1717187464237213,0,11.001469850540161
19.10088300704956,1.0095523101611819,0.3222112428535154,0.1706243806730451,0.041661976770422354,0.3379247521085759,100,100,0.01266423799097538,0.23406457901000977,0,11.099842309951782
19.20463490486145,1.0107743743539788,0.32288591487701945,0.17284207740586335,0.041661976770422354,0.3379247521085759,100,100,0.011506352573633194,0.2745250463485718,0,11.203594207763672
19.30048656463623,1.0118147846939407,0.32348623584916947,0.1764430731060819,0.041661976770422354,0.3379247521085759,100,100,0.012670392170548439,0.24668006598949432,0,11.299445867538452
19.412938117980957,1.0123375941767285,0.3238014151527397,0.17811874644029305,0.041661976770422354,0.3379247521085759,100,100,0.008382076397538185,0.17634238600730895,0,11.411897420883179
19.501409769058228,1.0135220562661844,0.3245398313018004,0.18076285483108825,0.041661976770422354,0.3379247521085759,100,100,0.008382076397538185,0.03699591010808945,0,11.50036907196045
19.600656509399414,0.9743481726590617,0.334609123758827,0.2111997241648659,0.041661976770422354,0.3379247521085759,100,100,0.00039184954948723316,-0.09800408989191055,0,11.599615812301636
19.704087495803833,0.9746605970454001,0.3348104685977005,0.21031016043740572,0.041661976770422354,0.3379247521085759,100,100,0.004547450691461563,-0.21800408989191056,0,11.703046798706055
19.802226066589355,0.9750169500627432,0.3350308774523291,0.20531044973953141,0.041661976770422354,0.3379247521085759,100,100,-0.0021069953218102455,-0.33800408989191055,0,11.801185369491577
19.901214361190796,0.9751568106223197,0.33510994582529846,0.19785391183125603,0.041661976770422354,0.3379247521085759,100,100,0.007057278882712126,-0.32410764694213867,0,11.900173664093018
20.00117015838623,0.9757340968675925,0.3354082911545387,0.18983664534529945,0.05906107677683567,0.35689632451104925,100,100,-4.1682273149490356e-05,-0.3200206756591797,0,12.000129461288452
20.10193419456482,0.9761127751285265,0.33558215653478823,0.18202619653460464,0.05906107677683567,0.35689632451104925,100,100,0.02495831772685051,-0.17002067565917967,0,12.100893497467041
20.200706243515015,0.977409592217019,0.3361410818967075,0.1776107861810126,0.05906107677683567,0.35689632451104925,100,100,0.03445037454366684,-0.12329524755477905,0,12.199665546417236
20.302963733673096,0.9801879151599928,0.33728366537755333,0.17432396101242373,0.05906107677683567,0.35689632451104925,100,100,0.054450374543666843,-0.198937326669693,0,12.301923036575317
20.40146565437317,0.9837943398515681,0.3386803312065609,0.16944596754755906,0.05906107677683567,0.35689632451104925,100,100,0.040356677025556564,-0.08828046172857285,0,12.40042495727539
20.500889778137207,0.9873272613603428,0.33997548060068117,0.16586419986274756,0.05906107677683567,0.35689632451104925,100,100,0.06035667702555657,-0.13801929354667664,0,12.499849081039429
20.601561069488525,0.9917049223492158,0.3415017249061511,0.16220527577364638,0.05906107677683567,0.35689632451104925,100,100,0.04906502366065979,-0.09035350382328033,0,12.600520372390747
20.700525760650635,0.9966841813169655,0.3431502769497528,0.15958373369875248,0.05906107677683567,0.35689632451104925,100,100,0.0690650236606598,-0.1876049041748047,0,12.699485063552856
20.80103373527527,1.0014137150650846,0.3446487306188054,0.1553683405885942,0.05906107677683567,0.35689632451104925,100,100,0.05646269768476486,-0.29582905769348145,0,12.79999303817749
20.90072250366211,1.0058583877649525,0.3459403008482161,0.1491941803940662,0.05906107677683567,0.35689632451104925,100,100,0.07646269768476485,-0.2696615755558014,0,12.899681806564331
21.00133991241455,1.009603293728877,0.3469331479447194,0.1440814206911957,0.05906107677683567,0.35689632451104925,100,100,0.07801532000303268,-0.34741029143333435,0,13.000299215316772
21.101182460784912,1.0139173549828586,0.347972924320034,0.13796874499043618,0.059363294770272884,0.35722218076083184,100,100,0.08116590231657028,-0.30307838320732117,0,13.100141763687134
21.200838327407837,1.0167812113183166,0.3486008361225041,0.13380547316219943,0.059363294770272884,0.35722218076083184,100,100,0.0806119292974472,-0.3025466799736023,0,13.199797630310059
21.30056142807007,1.0221481569910693,0.3496485658397607,0.1262618355967641,0.059363294770272884,0.35722218076083184,99,100,0.08047110587358475,-0.253743439912796,0,13.29952073097229
21.40223264694214,1.0270706214954604,0.3689758104525778,0.14124263878649831,0.059363294770272884,0.35722218076083184,99,100,0.07890426367521286,-0.2481369823217392,0,13.40119194984436
21.50094485282898,1.0319598397077707,0.3697532846372725,0.13560466412916417,0.059363294770272884,0.35722218076083184,99,100,0.07973053306341171,-0.20435792207717896,0,13.499904155731201
21.601104497909546,1.0371823143507317,0.37046754282540023,0.1303192800638188,0.059363294770272884,0.35722218076083184,99,100,0.07970153540372849,-0.22183071076869965,0,13.600063800811768
21.701425313949585,1.0424087112134137,0.37106756914515376,0.12524088507478534,0.059363294770272884,0.35722218076083184,99,100,0.07998041063547134,-0.09535616636276245,0,13.700384616851807
21.80110001564026,1.0485149823649667,0.37169239751454347,0.12234388163417197,0.059363294770272884,0.35722218076083184,99,100,0.08115900307893753,-0.08404810726642609,0,13.80005931854248
21.901381015777588,1.0554780936693777,0.37232898103234385,0.11817431952558052,0.059363294770272884,0.35722218076083184,99,100,0.08028567582368851,-0.02338651940226555,0,13.90034031867981
22.00145936012268,1.0631689233418977,0.37297938725695423,0.11635479239356032,0.059363294770272884,0.35722218076083184,99,100,0.08032089471817017,0.015426825731992722,0,14.000418663024902
22.104874849319458,1.071163670365419,0.373642069637743,0.11512383884554149,0.059585324520882915,0.35644612915912727,99,100,0.08348435163497925,-0.02110419049859047,0,14.10383415222168
22.200984477996826,1.0792390192049552,0.3743001064891204,0.113162916197209,0.059585324520882915,0.35644612915912727,99,100,0.07255780696868896,-0.08110419049859047,0,14.199943780899048
22.300408363342285,1.0666766387889268,0.3754242737901334,0.1147825440857042,0.059585324520882915,0.35644612915912727,99,100,0.07824625819921494,-0.09667213261127472,0,14.299367666244507
22.401450872421265,1.073478986897589,0.37584796605431736,0.11131007998838516,0.059585324520882915,0.35644612915912727,99,100,0.07858909666538239,-0.1142343282699585,0,14.400410175323486
22.50031042098999,1.0799277386645316,0.3761886325286981,0.1073572565552543,0.059585324520882915,0.35644612915912727,99,100,0.08000626415014267,-0.22164995968341827,0,14.499269723892212
22.60362195968628,1.0858159691324014,0.3764107349259892,0.10259127569620524,0.059585324520882915,0.35644612915912727,99,100,0.0801529511809349,-0.2133311629295349,0,14.602581262588501
22.700365781784058,1.091101341813763,0.37651836224514673,0.09825906237315757,0.059585324520882915,0.35644612915912727,99,100,0.08018035441637039,-0.23145465552806854,0,14.69932508468628
22.808810472488403,1.094502507992159,0.3765489452707464,0.09508481099084286,0.059585324520882915,0.35644612915912727,99,100,0.08008510619401932,-0.13072887063026428,0,14.807769775390625
22.900582551956177,1.1022379330759782,0.37651444874462975,0.08963874091323695,0.059585324520882915,0.35644612915912727,99,100,0.08002519607543945,-0.14105968177318573,0,14.899541854858398
23.00286626815796,1.1082854923664693,0.37012958915380856,0.07940778606328076,0.059585324520882915,0.35644612915912727,99,100,0.07999705523252487,-0.0003369878977537155,0,15.00182557106018
23.100802421569824,1.1156706164821293,0.36618735505935807,0.07308644588675692,0.059585324520882915,0.35644612915912727,99,100,0.07999149709939957,-0.028655601665377617,0,15.099761724472046
23.203500747680664,1.1235890328604854,0.3659370228507651,0.07023648094077953,0.06154071365855082,0.3599439468850257,99,100,0.07999406009912491,-0.005163801368325949,0,15.202460050582886
23.302069664001465,1.1316518121418793,0.36565262082431055,0.06749550011546396,0.06154071365855082,0.3599439468850257,99,100,0.07999750971794128,0.019928578287363052,0,15.301028966903687
23.402101039886475,1.1396875471012902,0.36537029977059343,0.06503493660591417,0.06154071365855082,0.3599439468850257,99,100,0.07999955862760544,0.13992857828736305,0,15.401060342788696
23.500524282455444,1.1460764362781217,0.3651735887318147,0.0649800697646528,0.06154071365855082,0.3599439468850257,99,100,0.08000028878450394,0.13121262192726135,0,15.499483585357666
23.600874185562134,1.1529208255530519,0.36503913586288395,0.06531074945013117,0.06154071365855082,0.3599439468850257,99,100,0.08000034093856812,0.1437472254037857,0,15.599833488464355
23.70259714126587,1.1391326932438948,0.3650901270028926,0.07169298916188535,0.06154071365855082,0.3599439468850257,99,100,0.08000019192695618,0.13410386443138123,0,15.70155644416809
23.800421953201294,1.1452926167965056,0.36511848756599313,0.07194744577760355,0.06154071365855082,0.3599439468850257,99,100,0.08000006526708603,0.13486360013484955,0,15.799381256103516
23.90065026283264,1.1511624009151675,0.3652058233922888,0.07295416865295266,0.06154071365855082,0.3599439468850257,99,100,0.08000000566244125,0.09491407126188278,0,15.899609565734863
24.002795696258545,1.1575479523056273,0.3653754166329695,0.07496159303553855,0.06154071365855082,0.3599439468850257,99,100,0.07999998331069946,0.10860828310251236,0,16.001754999160767
24.10118865966797,1.1640732772142093,0.3656045505940212,0.07691108645218092,0.06154071365855082,0.3599439468850257,99,100,0.07999999076128006,0.03812066465616226,0,16.10014796257019
24.202253818511963,1.1717904201973126,0.3659338867633588,0.0781855825279163,0.06154071365855082,0.3599439468850257,99,100,0.07999999076128006,0.06440918147563934,0,16.201213121414185
24.30101752281189,1.1765718881765515,0.36615644193676194,0.07919079010415545,0.06539774725955763,0.363867463776524,99,100,0.07999999076128006,-0.010590818524360654,0,16.29997682571411
24.40185022354126,1.1862308039026548,0.3666629142735888,0.07972633834022727,0.06539774725955763,0.363867463776524,99,100,0.07999999076128006,-0.049908943474292755,0,16.40080952644348
24.500084400177002,1.1933132875689696,0.36702464920206035,0.07912105387777255,0.06539774725955763,0.363867463776524,99,100,0.07999999076128006,-0.10614097863435745,0,16.499043703079224
24.600648403167725,1.2013519633144887,0.3673873055321278,0.07732489287169458,0.06539774725955763,0.363867463776524,99,100,0.07999999076128006,-0.15785059332847595,0,16.599607706069946
24.7014377117157,1.207516338359763,0.36759363318579447,0.07462377210798396,0.06539774725955763,0.363867463776524,99,100,0.07999999076128006,-0.21785059332847595,0,16.70039701461792
24.812121629714966,1.2133041318570978,0.3676972255002387,0.07084339068166684,0.06539774725955763,0.363867463776524,99,100,0.07999999076128006,-0.2205454260110855,0,16.811080932617188
24.901113271713257,1.2180966704311254,0.3676933687451027,0.06707793977418883,0.06539774725955763,0.363867463776524,99,100,0.07973878085613251,-0.21193721890449524,0,16.90007257461548
25.002272605895996,1.221037695735638,0.36764978381011904,0.0652172878799408,0.06539774725955763,0.363867463776524,99,100,0.07994162291288376,-0.1755601316690445,0,17.001231908798218
25.10067057609558,1.229384506049235,0.36738489097572163,0.05970515892749939,0.06539774725955763,0.363867463776524,99,100,0.07996081560850143,-0.14635059237480164,0,17.099629878997803
25.214763164520264,1.2492850177959456,0.37398753326089557,0.06401496040661123,0.06539774725955763,0.363867463776524,99,100,0.08000544458627701,-0.09894075244665146,0,17.213722467422485
25.30272650718689,1.2571033337002058,0.3768314646816129,0.06644820562350942,0.07193264685713593,0.37043326181651626,99,100,0.08000732213258743,-0.02394075244665146,0,17.30168581008911
25.40629529953003,1.2687547401768102,0.3759179767845554,0.06407581944498739,0.07193264685713593,0.37043326181651626,99,100,0.0800064280629158,-0.004161819349974394,0,17.40525460243225
25.50833296775818,1.2767576696363008,0.3752467117188192,0.06400524582404318,0.07193264685713593,0.37043326181651626,99,100,0.08000258356332779,-0.006279136054217815,0,17.5072922706604
25.609957218170166,1.2847494754534647,0.3745618469827524,0.06382510732912214,0.07193264685713593,0.37043326181651626,99,100,0.08000054210424423,-0.05690346658229828,0,17.608916521072388
25.700531482696533,1.2921381336497293,0.37389414641109586,0.06257950341116048,0.07193264685713593,0.37043326181651626,99,100,0.07999972999095917,-0.08124116063117981,0,17.699490785598755
25.80888557434082,1.2991719841823486,0.37320402309401096,0.0617712619308276,0.07193264685713593,0.37043326181651626,99,100,0.0799996629357338,-0.0787489116191864,0,17.807844877243042
25.907420873641968,1.2994550663654603,0.37280669035829045,0.059236669891203575,0.07193264685713593,0.37043326181651626,99,100,0.07999979704618454,-0.09052086621522903,0,17.90638017654419
26.010962963104248,1.30287507864982,0.3721754274358536,0.05800429712407823,0.07193264685713593,0.37043326181651626,99,100,0.07999992370605469,-0.08669386059045792,0,18.00992226600647
26.108514547348022,1.3096683225867776,0.37130710346112633,0.05643092394230867,0.07193264685713593,0.37043326181651626,99,100,0.0798264816403389,-0.11001306027173996,0,18.107473850250244
26.20564103126526,1.3162045405287188,0.3704045964406676,0.055438990548636186,0.07193264685713593,0.37043326181651626,99,100,0.07996124029159546,-0.1581583172082901,0,18.20460033416748
26.30130910873413,1.3218522754964055,0.36955773142863924,0.053407600794335874,0.07193264685713593,0.37043326181651626,99,100,0.07981731742620468,-0.2070598155260086,0,18.300268411636353
26.40302848815918,1.3257899036134209,0.3689122716546861,0.051602459664563255,0.07649835710151856,0.37543317169780155,99,100,0.07996860891580582,-0.2182946801185608,0,18.4019877910614
26.50962805747986,1.332811174426477,0.3676336592096432,0.04913985292525175,0.07649835710151856,0.37543317169780155,99,100,0.08092398196458817,-0.2020457684993744,0,18.50858736038208
26.610127925872803,1.3580539088891275,0.3665116603597362,0.051717805778334985,0.07649835710151856,0.37543317169780155,99,100,0.08021818846464157,-0.21285925805568695,0,18.609087228775024
26.707441329956055,1.3633289319483195,0.36540928033860737,0.05035746539153879,0.07649835710151856,0.37543317169780155,99,100,0.08067575097084045,-0.20820650458335876,0,18.706400632858276
26.81653356552124,1.3685580845781617,0.3642351989999646,0.04880886872685328,0.07649835710151856,0.37543317169780155,99,100,0.08145537972450256,-0.1226959377527237,0,18.815492868423462
26.90567946434021,1.3745234319538746,0.3628265000420767,0.0481867979425839,0.07649835710151856,0.37543317169780155,99,100,0.0819355770945549,-0.0476959377527237,0,18.90463876724243
27.007439851760864,1.3807112178040182,0.36133009382509973,0.04758579717165359,0.07649835710151856,0.37543317169780155,99,100,0.07563278824090958,-0.048112139105796814,0,19.006399154663086
27.107595920562744,1.3882639843795102,0.3594656877405094,0.04741655417508711,0.07649835710151856,0.37543317169780155,99,100,0.07909167557954788,-0.08715713769197464,0,19.106555223464966
27.2000994682312,1.3947321230280043,0.3578345711366303,0.04682943462085018,0.07649835710151856,0.37543317169780155,99,100,0.07878194004297256,-0.08417396247386932,0,19.199058771133423
27.30758309364319,1.4014232191315847,0.35610419095990853,0.04655689286275763,0.07649835710151856,0.37543317169780155,99,100,0.0787678137421608,-0.03916922211647034,0,19.30654239654541
27.4074490070343,1.398434227183235,0.3488746250999443,0.03852421374003828,0.07646517352296972,0.37911689027709333,99,100,0.07729717344045639,0.009928489103913307,0,19.406408309936523
27.507240533828735,1.3961048615262135,0.34231407837386374,0.031487790754927164,0.07646517352296972,0.37911689027709333,99,100,0.07799987494945526,0.032979950308799744,0,19.506199836730957
27.60864806175232,1.404003814872217,0.34023943872698614,0.03180023097339546,0.07646517352296972,0.37911689027709333,99,100,0.07935413718223572,0.03125138208270073,0,19.60760736465454
27.708171367645264,1.411594646201334,0.3382654107117649,0.03201047404825774,0.07646517352296972,0.37911689027709333,99,100,0.0715610459446907,0.062167488038539886,0,19.707130670547485
27.808145999908447,1.4184445656626683,0.3365125421834982,0.03219576002863486,0.07646517352296972,0.37911689027709333,99,100,0.0771733820438385,0.06923605501651764,0,19.80710530281067
27.910443782806396,1.425289857189312,0.33479505850935587,0.03241642292051872,0.07646517352296972,0.37911689027709333,99,100,0.07139542698860168,0.07669760286808014,0,19.909403085708618
28.00833010673523,1.4319911408916806,0.3331498841714701,0.032568530832606274,0.07646517352296972,0.37911689027709333,99,100,0.07608120143413544,0.02387929894030094,0,20.00728940963745
28.10178256034851,1.4391583569392432,0.3314185319534304,0.03263879196073188,0.07646517352296972,0.37911689027709333,99,100,0.06791430711746216,0.03344566002488136,0,20.100741863250732
28.20802879333496,1.4459972762924043,0.3297745914634483,0.03270737946369481,0.07646517352296972,0.37911689027709333,99,100,0.06676513701677322,0.0393717922270298,0,20.206988096237183
28.301271438598633,1.4505636450959194,0.32869170619342913,0.03271616782402101,0.07646517352296972,0.37911689027709333,99,100,0.0657869428396225,-0.053877461701631546,0,20.300230741500854
28.402769088745117,1.4588925849973293,0.3267147960694181,0.03270551633825686,0.07646517352296972,0.37911689027709333,99,100,0.06812893599271774,-0.002057749778032303,0,20.40172839164734
28.500094890594482,1.4653584443748735,0.3251614878576047,0.032699877158299695,0.03224205607326164,0.32887807279175113,99,100,0.06366151571273804,-0.1220577497780323,0,20.499054193496704
28.607873678207397,1.47149772459053,0.3236619358771839,0.03274432391011586,0.03224205607326164,0.32887807279175113,99,100,0.06358865648508072,-0.03032582625746727,0,20.60683298110962
28.702547311782837,1.4757785619187018,0.32258863860093334,0.032772411990075384,0.03224205607326164,0.32887807279175113,99,100,0.05765610188245773,-0.15032582625746727,0,20.70150661468506
28.80829668045044,1.4833179552142803,0.3206514717765789,0.03290394698769031,0.03224205607326164,0.32887807279175113,99,100,0.05837171897292137,-0.05806940793991089,0,20.80725598335266
28.900670051574707,1.4886187671868785,0.31924077580161764,0.033039561758875874,0.03224205607326164,0.32887807279175113,99,100,0.049034178256988525,-0.10133185237646103,0,20.89962935447693
29.012224674224854,1.4938958901613337,0.3177916155701161,0.03324282000445214,0.03224205607326164,0.32887807279175113,99,100,0.05091967061161995,-0.09292356669902802,0,21.011183977127075
29.107515335083008,1.4987134104665942,0.31642488119611145,0.03344465156157686,0.03224205607326164,0.32887807279175113,99,100,0.047811899334192276,-0.18016131222248077,0,21.10647463798523
29.202304124832153,1.50207943914434,0.3154370144042154,0.03377078063456035,0.03224205607326164,0.32887807279175113,99,100,0.05064598098397255,-0.09568639099597931,0,21.201263427734375
29.30058789253235,1.5074962943314891,0.3137684844689301,0.0342469411374568,0.03224205607326164,0.32887807279175113,99,100,0.042819950729608536,-0.21375016868114471,0,21.29954719543457
29.408748626708984,1.511349244945622,0.3125150013391107,0.03474930069362325,0.03224205607326164,0.32887807279175113,99,100,0.030941981822252274,-0.1808640956878662,0,21.407707929611206
29.50043535232544,1.513294331836553,0.3118553709101053,0.03502267605152304,0.038553289717842665,0.32195826302439934,99,100,0.02140677534043789,-0.2176750898361206,0,21.49939465522766
29.600620985031128,1.5171829031597617,0.3104708709002725,0.03588048453336873,0.038553289717842665,0.32195826302439934,99,100,0.03140677534043789,-0.1426750898361206,0,21.59958028793335
29.701647996902466,1.5389003033406647,0.31974481875939365,0.052526920606571104,0.038553289717842665,0.32195826302439934,99,100,0.027890779078006744,-0.17807943880558014,0,21.700607299804688
29.800559759140015,1.5426556004203944,0.3182747835644697,0.053446799696594494,0.038553289717842665,0.32195826302439934,99,100,0.03105592541396618,-0.20297352969646454,0,21.799519062042236
29.907627820968628,1.545777693926894,0.31699029798936607,0.054210817235785025,0.038553289717842665,0.32195826302439934,99,100,0.025669995695352554,-0.2592218816280365,0,21.90658712387085
30.00886869430542,1.5485702584489782,0.31578469647235435,0.054906943209232895,0.038553289717842665,0.32195826302439934,99,100,0.019111767411231995,-0.19844266772270203,0,22.00782799720764
30.103689670562744,1.5504882056318556,0.31492528462449026,0.05546412980586696,0.038553289717842665,0.32195826302439934,99,100,0.018354130908846855,-0.23973910510540009,0,22.102648973464966
30.21096181869507,1.5523186825154487,0.31407451981436474,0.05636482455451419,0.038553289717842665,0.32195826302439934,99,100,0.009260891936719418,-0.21081122756004333,0,22.20992112159729
30.300256490707397,1.5531205206027776,0.3136833709287829,0.056781036837814186,0.038553289717842665,0.32195826302439934,99,100,0.0091322036460042,-0.20932337641716003,0,22.29921579360962
30.407322883605957,1.5544119920702304,0.31303758905388557,0.05750442309653225,0.038553289717842665,0.32195826302439934,99,100,0.016783855855464935,-0.20304711163043976,0,22.40628218650818
30.500659704208374,1.555155720121164,0.31265462702844915,0.057874684424231465,0.038553289717842665,0.32195826302439934,99,100,0.013855358585715294,-0.18241123855113983,0,22.499619007110596
30.61117696762085,1.5568920863510878,0.3117194305329385,0.058788366385574053,0.06200490686494223,0.3217188732059879,99,100,0.013855358585715294,-0.18241123855113983,0,22.61013627052307
30.700758934020996,1.55781439856215,0.3112037024503345,0.05904759080154193,0.06200490686494223,0.3217188732059879,99,100,0.014899791218340397,-0.0984853133559227,0,22.699718236923218
30.800917387008667,1.559331595456217,0.3103392533106391,0.05931681953648282,0.06200490686494223,0.3217188732059879,99,100,0.015550380572676659,-0.12993575632572174,0,22.79987668991089
30.900965690612793,1.5603509971272254,0.30975470283693046,0.05943953303868235,0.06200490686494223,0.3217188732059879,99,100,0.010978116653859615,-0.09327170252799988,0,22.899924993515015
31.009040594100952,1.562458883023957,0.30852425227692964,0.05965066148829953,0.06200490686494223,0.3217188732059879,99,100,0.006738831289112568,-0.09449269622564316,0,23.007999897003174
31.107800722122192,1.563569452031603,0.3078674232125365,0.05986134287389053,0.06200490686494223,0.3217188732059879,99,100,-0.0034295441582798958,-0.12233757227659225,0,23.106760025024414
31.20290970802307,1.5638681763343718,0.3076862857981504,0.06012567731973098,0.06200490686494223,0.3217188732059879,99,100,-0.0015159095637500286,-0.15045002102851868,0,23.201869010925293
31.307589769363403,1.5638453894383268,0.30770011751480364,0.060552384317364455,0.06200490686494223,0.3217188732059879,99,100,-0.00777695095166564,-0.2357342690229416,0,23.306549072265625
31.40841794013977,1.563499224159178,0.30791959411593817,0.06113918969562118,0.06200490686494223,0.3217188732059879,99,100,0.004102374892681837,-0.296451210975647,0,23.407377243041992
31.510478019714355,1.5638185175807895,0.3077125386143674,0.061793397408615475,0.06200490686494223,0.3217188732059879,99,100,0.008201276883482933,-0.3345852196216583,0,23.509437322616577
31.608705520629883,1.5645655737901605,0.30718815068815014,0.06232851828942018,0.06200490686494223,0.3217188732059879,99,100,0.010256611742079258,-0.33891505002975464,0,23.607664823532104
31.709832429885864,1.5655591477333872,0.3064456965437053,0.06277542334842415,0.06200490686494223,0.3217188732059879,99,100,0.024112369865179062,-0.38,0,23.708791732788086
31.800511598587036,1.5669766332372177,0.3053291150463823,0.06300221033639794,0.06200490686494223,0.3217188732059879,99,100,0.009112369865179062,-0.35850560665130615,0,23.799470901489258
31.901009798049927,1.568163508427787,0.30434063159390884,0.06317549538897735,0.06200490686494223,0.3217188732059879,99,100,0.013565518893301487,-0.38,0,23.89996910095215
32.0074360370636,1.5690262317303758,0.30357972137565165,0.06319782861561304,0.06200490686494223,0.3217188732059879,99,100,0.0006867414340376854,-0.32715359330177307,0,24.00639533996582
32.10034418106079,1.5692089642734441,0.3034030990572288,0.06311423895466087,0.06200490686494223,0.3217188732059879,99,100,0.005137167405337095,-0.32508528232574463,0,24.099303483963013
32.20094656944275,1.5695993061236402,0.30302662147200266,0.06286978545837862,0.06200490686494223,0.3217188732059879,99,100,0.005245918408036232,-0.3497728407382965,0,24.19990587234497
32.30646538734436,1.570165409075712,0.30244316952907446,0.06226543428530243,0.06200490686494223,0.3217188732059879,99,100,-0.01975408159196377,-0.1997728407382965,0,24.305424690246582
32.408440828323364,1.5694710418861397,0.3031907595633811,0.06186679422800598,0.06200490686494223,0.3217188732059879,99,100,0.01024591840803623,-0.04977284073829649,0,24.407400131225586
32.50116562843323,1.5694788389491767,0.3031992266979956,0.061783392344047144,0.06200490686494223,0.3217188732059879,99,100,0.02821553498506546,-0.05699250474572182,0,24.50012493133545
32.60100603103638,1.5705524710692722,0.301992780663808,0.061656206971176325,0.06200490686494223,0.3217188732059879,99,100,0.016945933923125267,-0.1769925047457218,0,24.5999653339386
32.70797419548035,1.572162997577962,0.30013905196526364,0.06134904946540701,0.06200490686494223,0.3217188732059879,99,100,0.030269380658864975,-0.026992504745721818,0,24.70693349838257
32.810774087905884,1.5737113747388154,0.29832881563096736,0.0612833170230587,0.06200490686494223,0.3217188732059879,99,100,0.047383807599544525,0.10800749525427818,0,24.809733390808105
32.900081157684326,1.5763828420492754,0.2952177405281061,0.06141866436585411,0.06200490686494223,0.3217188732059879,99,100,0.052430253475904465,0.22800749525427816,0,24.899040460586548
33.0076949596405,1.5159603395772487,0.2845425680236838,0.00926453984762457,0.06200490686494223,0.3217188732059879,99,100,0.06247405707836151,0.34800749525427815,0,25.006654262542725
33.10727334022522,1.5028001053932103,0.2797963404415129,0.0,0.06200490686494223,0.3217188732059879,99,100,0.0772392600774765,0.3369709253311157,0,25.10623264312744
33.20271062850952,1.5055761579475273,0.27681041635687453,0.0,0.06200490686494223,0.3217188732059879,99,100,0.0791911780834198,0.3290596902370453,0,25.201669931411743
33.307169675827026,1.5084126446249173,0.27387151222517897,0.0,0.06200490686494223,0.3217188732059879,99,100,0.07439609616994858,0.34465721249580383,0,25.306128978729248
33.41015934944153,1.5113311256588018,0.27095867214715136,0.0,0.06200490686494223,0.3217188732059879,99,100,0.07350493967533112,0.3366939127445221,0,25.40911865234375
33.50789928436279,1.5142930443127092,0.2681059285746033,0.0,0.06200490686494223,0.3217188732059879,99,100,0.07420068234205246,0.3674146831035614,0,25.506858587265015
33.60833120346069,1.5173136241228462,0.2652945842462359,4.3455487571869567e-05,0.06200490686494223,0.3217188732059879,99,100,0.0653189867734909,0.35536137223243713,0,25.607290506362915
33.70783281326294,1.520252776430484,0.2626533551126076,0.00024914332898792746,-0.0067295389875072775,0.2719588353574685,99,100,0.06640836596488953,0.370102196931839,0,25.70679211616516
33.807578325271606,1.523561641039449,0.25978583105417336,0.00032206967128739494,-0.0067295389875072775,0.2719588353574685,99,100,0.06220559775829315,0.37720853090286255,0,25.806537628173828
33.90853261947632,1.5264643667737208,0.25736650166530745,0.0002589866108842487,-0.0067295389875072775,0.2719588353574685,99,100,0.05031364783644676,0.38,0,25.90749192237854
34.00231313705444,1.5280183613153797,0.2561141782120223,0.000153224424316728,-0.0067295389875072775,0.2719588353574685,99,100,0.048338383436203,0.37838760018348694,0,26.001272439956665
34.10096311569214,1.531808768216034,0.2531875942479545,0.0,-0.0067295389875072775,0.2719588353574685,99,100,0.04499153047800064,0.38,0,26.09992241859436
34.208059310913086,1.5349919703904233,0.26009491107710736,0.006746633084808967,-0.0067295389875072775,0.2719588353574685,99,100,0.049334533512592316,0.3747844696044922,0,26.207018613815308
34.30129313468933,1.537583192892852,0.2603045778726382,0.00787550337173265,-0.0067295389875072775,0.2719588353574685,99,100,0.05112688988447189,0.37895849347114563,0,26.300252437591553
34.4091100692749,1.5403094371612873,0.25847634106740147,0.007084816973075586,-0.0067295389875072775,0.2719588353574685,99,100,0.0512569323182106,0.3792704939842224,0,26.408069372177124
34.50739336013794,1.5431691418953155,0.25666097617642525,0.006167240895752296,-0.0067295389875072775,0.2719588353574685,99,100,0.04820366948843002,0.38,0,26.50635266304016
34.61077904701233,1.5457660995732727,0.25509534526922434,0.005138070385598048,-0.0067295389875072775,0.2719588353574685,99,100,0.04889228194952011,0.38,0,26.60973834991455
34.70767617225647,1.5485583187002527,0.2534965915807187,0.00395807110996213,-0.0067295389875072775,0.2719588353574685,99,100,0.04889228194952011,0.38,0,26.70663547515869
34.80796194076538,1.5511849894817484,0.25206693552349396,0.002602661654585281,0.02247486448831501,0.2717194455390571,99,100,0.047825075685977936,0.38,0,26.806921243667603
34.90836000442505,1.5539935753427192,0.25062251766036414,0.0010342569772954502,0.02247486448831501,0.2717194455390571,99,100,0.06782507568597794,0.3759513795375824,0,26.90731930732727
35.00070405006409,1.5573373653691107,0.2489844838937671,0.0,0.02247486448831501,0.2717194455390571,99,100,0.07680581510066986,0.3759513795375824,0,26.99966335296631
35.10821890830994,1.5611059936035434,0.24721619020249885,0.0,0.02247486448831501,0.2717194455390571,99,100,0.07935730367898941,0.38,0,27.107178211212158
35.207716941833496,1.5649384997987537,0.24549818178746463,0.0,0.02247486448831501,0.2717194455390571,99,100,0.08046676963567734,0.32078972458839417,0,27.206676244735718
35.30119800567627,1.5676513652699493,0.2443287771690507,0.0,0.02247486448831501,0.2717194455390571,99,100,0.08012734353542328,0.3417667746543884,0,27.30015730857849
35.40745401382446,1.5727100838838535,0.24225669279170206,0.0,0.02247486448831501,0.2717194455390571,99,100,0.08012734353542328,0.3417667746543884,0,27.406413316726685
35.50769281387329,1.5766387794451289,0.2407422335905508,0.0,0.02247486448831501,0.2717194455390571,99,100,0.0805678516626358,0.31958672404289246,0,27.506652116775513
35.61316990852356,1.5705632008829975,0.2293404345783126,0.0,0.02247486448831501,0.2717194455390571,99,100,0.08006338775157928,0.3450024127960205,0,27.61212921142578
35.70886826515198,1.574569841433989,0.22795502959763728,0.0,0.02247486448831501,0.2717194455390571,99,100,0.07983610779047012,0.3161376416683197,0,27.7078275680542
35.80274701118469,1.5783378893940727,0.22672246528475595,0.0,0.02818968743478434,0.21236002882923166,99,100,0.07983610779047012,0.3161376416683197,0,27.801706314086914
35.90816617012024,1.582545680229587,0.22542331358838935,0.0,0.02818968743478434,0.21236002882923166,99,100,0.07994862645864487,0.3064022660255432,0,27.90712547302246
36.001208782196045,1.5851733807945108,0.22465045902682879,0.0,0.02818968743478434,0.21236002882923166,99,100,0.08073018491268158,0.33299291133880615,0,28.000168085098267
36.100157260894775,1.5902112726680193,0.22325118971747118,0.0,0.02818968743478434,0.21236002882923166,99,100,0.08034807443618774,0.35201457142829895,0,28.099116563796997
36.20831370353699,1.5946427663975904,0.22210719986717753,0.0,0.02818968743478434,0.21236002882923166,99,100,0.0801582857966423,0.36611413955688477,0,28.20727300643921
36.30103588104248,1.5985221554902835,0.22117008455317536,0.0,0.02818968743478434,0.21236002882923166,99,100,0.07997702062129974,0.35277557373046875,0,28.299995183944702
36.41515922546387,1.6028509421738244,0.22019553673719086,0.0,0.02818968743478434,0.21236002882923166,99,100,0.07997702062129974,0.35277557373046875,0,28.41411852836609
36.50509834289551,1.6055431774094027,0.2196278262294542,0.0,0.02818968743478434,0.21236002882923166,99,100,0.07997684925794601,0.32132676243782043,0,28.50405764579773
36.6074104309082,1.611146334508427,0.21854391103408774,0.0,0.02818968743478434,0.21236002882923166,99,100,0.07998799532651901,0.31636524200439453,0,28.606369733810425
36.70765566825867,1.595179015392912,0.20743409578208385,0.0,0.02818968743478434,0.21236002882923166,99,100,0.08000026643276215,0.2880181074142456,0,28.70661497116089
36.80864119529724,1.5994049736071823,0.20678854687141807,0.0,0.02818968743478434,0.21236002882923166,99,100,0.0800011083483696,0.27807027101516724,0,28.807600498199463
36.90777945518494,1.6037691564304426,0.20619340980835238,0.0,0.02640893624273194,0.20794235893207577,99,100,0.08000080287456512,0.2752893567085266,0,28.906738758087158
37.00773811340332,1.6081639289733332,0.20565674103919385,0.0,0.02640893624273194,0.20794235893207577,99,100,0.08000080287456512,0.2752893567085266,0,29.006697416305542
37.10758113861084,1.613024610174404,0.20512210774429215,0.0,0.02640893624273194,0.20794235893207577,99,100,0.08000006526708603,0.2740139961242676,0,29.10654044151306
37.21105623245239,1.6184224181664058,0.2045942352449205,0.0,0.02640893624273194,0.20794235893207577,99,100,0.07999996095895767,0.2768521010875702,0,29.210015535354614
37.30112338066101,1.621929269207902,0.20428923609670455,0.0,0.02640893624273194,0.20794235893207577,99,100,0.07999996095895767,0.2768521010875702,0,29.300082683563232
37.407395124435425,1.6293834924325385,0.20374320358019035,0.0,0.02640893624273194,0.20794235893207577,99,100,0.07999994605779648,0.2775254547595978,0,29.406354427337646
37.51577568054199,1.6322698246962613,0.2035716418454645,0.0,0.02640893624273194,0.20794235893207577,99,100,0.07999996840953827,0.27720221877098083,0,29.514734983444214
37.60850286483765,1.6397045476246854,0.20323726497554373,0.0,0.02640893624273194,0.20794235893207577,99,100,0.07999999076128006,0.27934911847114563,0,29.607462167739868
37.707780599594116,1.6370598511648895,0.19584483388781682,0.0,0.02640893624273194,0.20794235893207577,99,100,0.07999999076128006,0.2803826332092285,0,29.706739902496338
37.808589696884155,1.6395538987620994,0.19303888693904855,0.0,0.02640893624273194,0.20794235893207577,99,99,0.07999999076128006,0.2803826332092285,0,29.807548999786377
37.9102098941803,1.645118475016631,0.19297515128397547,0.0,0.07319040106058544,0.20770296911366437,99,99,0.07999999076128006,0.2816104292869568,0,29.90916919708252
38.000078439712524,1.6503381010753653,0.1929764525036002,0.0,0.07319040106058544,0.20770296911366437,99,99,0.07999999076128006,0.28245750069618225,0,29.999037742614746
38.10947513580322,1.6553726839952374,0.19307598608983018,0.0,0.07319040106058544,0.20770296911366437,99,99,0.07930732518434525,0.13245750069618223,0,30.108434438705444
38.20266652107239,1.6604482675845051,0.1932474649517251,0.0,0.07319040106058544,0.20770296911366437,99,99,0.07930732518434525,-0.007318274118006229,0,30.20162582397461
38.301886796951294,1.6674947032176441,0.1935194617911733,0.0,0.07319040106058544,0.20770296911366437,99,99,0.08069402724504471,-0.08006323128938675,0,30.300846099853516
38.40842318534851,1.6745780151924818,0.19378879327085177,0.0,0.07319040106058544,0.20770296911366437,99,99,0.0808742493391037,-0.10487687587738037,0,30.407382488250732
38.50908327102661,1.6811673404010405,0.19400750309090958,0.0,0.07319040106058544,0.20770296911366437,99,99,0.08129872381687164,-0.11890377104282379,0,30.508042573928833
38.60856008529663,1.67975339261529,0.19384134530741004,0.0,0.07319040106058544,0.20770296911366437,99,99,0.08129872381687164,-0.11890377104282379,0,30.607519388198853
38.700772285461426,1.683944778823654,0.1938896367383708,0.0,0.07319040106058544,0.20770296911366437,99,99,0.0815078392624855,-0.12540777027606964,0,30.699731588363647
38.808666944503784,1.6901572774987814,0.19396839485084078,0.0,0.07319040106058544,0.20770296911366437,99,99,0.08097776025533676,-0.12523771822452545,0,30.807626247406006
38.90085506439209,1.6964293086071591,0.19400079076988505,0.0006127934629363563,0.07319040106058544,0.20770296911366437,99,99,0.08057143539190292,-0.12189830839633942,0,30.89981436729431
39.00842571258545,1.7027094659631798,0.19397306795494557,0.005771349870674103,0.12106284902140382,0.207463579295253,99,99,0.08057143539190292,-0.12189830839633942,0,31.00738501548767
39.10165619850159,1.706829520721076,0.1939260925421211,0.0093574451968485,0.12106284902140382,0.207463579295253,99,99,0.08009401708841324,-0.1272401511669159,0,31.10061550140381
39.208733558654785,1.7153129333100856,0.1937582793494101,0.016428829472578496,0.12106284902140382,0.207463579295253,99,99,0.08103323727846146,-0.1108202412724495,0,31.207692861557007
39.308074951171875,1.7355045888771221,0.20655895138735667,0.03928669963083993,0.12106284902140382,0.207463579295253,99,99,0.08004258573055267,-0.10164090245962143,0,31.307034254074097
39.40846514701843,1.7483601730824143,0.21189117681263087,0.05278528008630798,0.12106284902140382,0.207463579295253,99,99,0.08004258573055267,-0.10164090245962143,0,31.407424449920654
39.50704050064087,1.7548599227669226,0.21167961090754508,0.05857120738761027,0.12106284902140382,0.207463579295253,99,99,0.07814880460500717,-0.22164090245962143,0,31.50599980354309
39.60864281654358,1.7608439031324998,0.21144200370110183,0.06348616919101091,0.12106284902140382,0.207463579295253,99,99,0.07828093320131302,-0.3416409024596214,0,31.6076021194458
39.708608865737915,1.7649399066439775,0.21123020663288647,0.06635138344109648,0.12106284902140382,0.207463579295253,99,99,0.07707186043262482,-0.37503665685653687,0,31.707568168640137
39.8077232837677,1.769204855612449,0.2109501306382313,0.06916988696135436,0.12106284902140382,0.207463579295253,99,100,0.0759507566690445,-0.36984026432037354,0,31.806682586669922
39.90134310722351,1.7718497006789165,0.2107435113573937,0.07106665408325356,0.12106284902140382,0.207463579295253,99,100,0.07562810182571411,-0.35792025923728943,0,31.900302410125732
40.02439022064209,1.77738030475172,0.21023000054282068,0.07502261249194705,0.1691755689942421,0.2072241894768416,99,100,0.07772260159254074,-0.3443585932254791,0,32.02334952354431
40.10147976875305,1.7892401707446388,0.21741277158346844,0.08747526110903601,0.1691755689942421,0.2072241894768416,99,100,0.07891026884317398,-0.2824588418006897,0,32.10043907165527
40.200231075286865,1.7956464541285493,0.2192073717024217,0.09310737828162118,0.1691755689942421,0.2072241894768416,99,100,0.07912242412567139,-0.3424588418006897,0,32.19919037818909
40.30111503601074,1.799585357658396,0.21864806661050604,0.09603605902290815,0.1691755689942421,0.2072241894768416,99,100,0.07833347469568253,-0.36002111434936523,0,32.300074338912964
40.40704011917114,1.8038880659041008,0.2179670322062149,0.09927454807737465,0.1691755689942421,0.2072241894768416,99,100,0.07823986560106277,-0.3660843074321747,0,32.405999422073364
40.5085072517395,1.807591549990267,0.21732313443591694,0.10205119024781038,0.1691755689942421,0.2072241894768416,99,100,0.07866828888654709,-0.34411346912384033,0,32.507466554641724
40.60804772377014,1.8121250473218704,0.21645990932658898,0.10550777695671429,0.1691755689942421,0.2072241894768416,99,100,0.07946694642305374,-0.3263479769229889,0,32.60700702667236
40.7000675201416,1.8160375482404785,0.21564093882603108,0.10848190664032582,0.1691755689942421,0.2072241894768416,99,100,0.07946694642305374,-0.3263479769229889,0,32.69902682304382
40.80030918121338,1.8203470760585947,0.21465616227717035,0.11184560960221282,0.1691755689942421,0.2072241894768416,99,100,0.07804383337497711,-0.3004585802555084,0,32.7992684841156
40.900481939315796,1.8242969309696,0.2136775290222644,0.11511316895926374,0.1691755689942421,0.2072241894768416,99,100,0.07804383337497711,-0.3004585802555084,0,32.89944124221802
41.00768160820007,1.8283935433766973,0.21258392885862,0.11842453899355507,0.1691755689942421,0.2072241894768416,99,100,0.07923043519258499,-0.2689705491065979,0,33.006640911102295
41.1002631187439,1.8325606907755365,0.21139372986805016,0.12194651954782167,0.26541061775427144,0.2067454098400188,99,100,0.07965860515832901,-0.2396254688501358,0,33.09922242164612
41.208136796951294,1.8595784531932964,0.21773226928351022,0.1496186698601648,0.26541061775427144,0.2067454098400188,99,100,0.07997386157512665,-0.19965402781963348,0,33.207096099853516
41.30879831314087,1.872235472690507,0.2187480010368873,0.1620462669289941,0.26541061775427144,0.2067454098400188,99,100,0.07997386157512665,-0.19965402781963348,0,33.30775761604309
41.40168380737305,1.877379548862943,0.21701703988050475,0.16658104779751132,0.26541061775427144,0.2067454098400188,99,100,0.07813376188278198,-0.04965402781963349,0,33.40064311027527
41.50786590576172,1.883500185585847,0.21489257347492058,0.17197072317597767,0.26541061775427144,0.2067454098400188,99,100,0.079612135887146,0.0853459721803665,0,33.50682520866394
41.602417945861816,1.8884274623020114,0.21316790325183482,0.1762486551990513,0.26541061775427144,0.2067454098400188,99,100,0.0772097185254097,0.2053459721803665,0,33.60137724876404
41.71160578727722,1.8963362966776056,0.21045979755091876,0.18305764678964842,0.26541061775427144,0.2067454098400188,99,100,0.0762116089463234,0.3253459721803665,0,33.71056509017944
41.80758333206177,1.9009329155516208,0.20898665585641016,0.18712266990683377,0.26541061775427144,0.2067454098400188,99,100,0.07500303536653519,0.38,0,33.80654263496399
41.90470552444458,1.90477728155705,0.20784620992363678,0.1906895902149051,0.26541061775427144,0.2067454098400188,99,100,0.0731135755777359,0.38,0,33.9036648273468
42.0084342956543,1.90541804854233,0.20766621356307866,0.19128613588986534,0.26541061775427144,0.2067454098400188,99,100,0.07216914743185043,0.3738586902618408,0,34.00739359855652
42.101001501083374,1.90541804854233,0.20766621356307866,0.19128613588986534,0.3135342930949966,0.2065060200216074,99,100,0.07142192870378494,0.36993879079818726,0,34.099960803985596
42.21079134941101,1.90541804854233,0.20766621356307866,0.19128613588986534,0.3135342930949966,0.2065060200216074,99,100,0.07139040529727936,0.3688579499721527,0,34.20975065231323
42.307931661605835,1.90541804854233,0.20766621356307866,0.19128613588986534,0.3135342930949966,0.2065060200216074,99,100,0.07139040529727936,0.3688579499721527,0,34.30689096450806
42.40857553482056,1.90541804854233,0.20766621356307866,0.19128613588986534,0.3135342930949966,0.2065060200216074,99,100,0.07103563845157623,0.34964147210121155,0,34.40753483772278
42.50351285934448,1.9097716654208998,0.206496618319175,0.19550570832010974,0.3135342930949966,0.2065060200216074,99,100,0.07103563845157623,0.34964147210121155,0,34.502472162246704
42.608591079711914,1.9132947700830005,0.2032886206631061,0.20013060085142398,0.3135342930949966,0.2065060200216074,99,100,0.0705326572060585,0.3316824734210968,0,34.607550382614136
42.70868968963623,1.9172181622874143,0.20260753275427898,0.20450318514289115,0.3135342930949966,0.2065060200216074,99,100,0.06973156332969666,0.30024218559265137,0,34.70764899253845
42.81175208091736,1.9215559483652795,0.20194152057326545,0.20942524319979872,0.3135342930949966,0.2065060200216074,99,100,0.06875218451023102,0.2693568170070648,0,34.81071138381958
42.90837645530701,1.925494781699092,0.20141218719160048,0.2140896220514353,0.3135342930949966,0.2065060200216074,99,100,0.06666401028633118,0.2026718705892563,0,34.90733575820923
43.007121086120605,1.9302852045102386,0.20086558951627892,0.21982087249697968,0.3135342930949966,0.2065060200216074,99,100,0.06666401028633118,0.2026718705892563,0,35.00608038902283
43.10234022140503,1.9330629030379824,0.20059598480408852,0.22329444179306798,0.3135342930949966,0.2065060200216074,99,100,0.06551898270845413,0.16999535262584686,0,35.10129952430725
43.206799268722534,1.9406574744933294,0.20003934607678625,0.2327192478723002,0.36657010835595516,0.22439023698527097,99,100,0.06413684040307999,0.1302732527256012,0,35.205758571624756
43.30809712409973,1.9315278430140592,0.19248743876738195,0.22265753232606328,0.36657010835595516,0.22439023698527097,99,100,0.06172526627779007,0.0812809094786644,0,35.30705642700195
43.40702271461487,1.9326670657149674,0.18957548544376984,0.22422885399245412,0.36657010835595516,0.22439023698527097,99,100,0.06142035499215126,0.05061986669898033,0,35.40598201751709
43.50848746299744,1.9388347132493713,0.18939308113083464,0.23050704117521403,0.36657010835595516,0.22439023698527097,99,100,0.060812465846538544,0.04129219800233841,0,35.50744676589966
43.6069552898407,1.9449661346547127,0.18924393735198822,0.2370035324667277,0.36657010835595516,0.22439023698527097,99,100,0.05953909829258919,0.03141111880540848,0,35.60591459274292
43.70794367790222,1.9507700330203208,0.18915259212328323,0.24313515816472545,0.36657010835595516,0.22439023698527097,99,100,0.05787479504942894,0.003297521034255624,0,35.70690298080444
43.80780529975891,1.9570737732186987,0.1890781632979641,0.24959037406503828,0.36657010835595516,0.22439023698527097,99,100,0.05613509193062782,0.009756297804415226,0,35.80676460266113
43.90113186836243,1.9628646359277622,0.18902309323282954,0.2550939667953289,0.36657010835595516,0.22439023698527097,99,100,0.05427985638380051,0.007647906895726919,0,35.90009117126465
44.011778831481934,1.9684919076938925,0.1889785938289575,0.26089651979236034,0.36657010835595516,0.22439023698527097,99,100,0.05427985638380051,0.007647906895726919,0,36.010738134384155
44.10155749320984,1.9815480270449184,0.19745801596686496,0.2766145317593765,0.36657010835595516,0.22439023698527097,99,100,0.04941391944885254,-0.008705683052539825,0,36.10051679611206
44.208125829696655,1.9892169137938454,0.1974960839162186,0.2842500808109606,0.4011050991322449,0.17415141949992877,99,100,0.04679812490940094,-0.015325960703194141,0,36.20708513259888
44.29999589920044,1.9938285025642628,0.19751706905294267,0.2884017942325818,0.4011050991322449,0.17415141949992877,99,100,0.0447489358484745,-0.008673886768519878,0,36.29895520210266
44.40874481201172,1.998729441724356,0.19753494090144558,0.29324512857642376,0.4011050991322449,0.17415141949992877,99,100,0.0447489358484745,-0.008673886768519878,0,36.40770411491394
44.499974489212036,2.003002483638104,0.19754810665150443,0.2971795867157813,0.4011050991322449,0.17415141949992877,99,100,0.04313591867685318,-0.013398882932960987,0,36.49893379211426
44.601595401763916,2.0073962676519015,0.19755386738545833,0.3014538519900243,0.4011050991322449,0.17415141949992877,99,100,0.04186118766665459,-0.006615430116653442,0,36.60055470466614
44.70726299285889,2.0115994131437716,0.19756184189085285,0.30553229382538205,0.4011050991322449,0.17415141949992877,99,100,0.03969728574156761,-0.0016915928572416306,0,36.70622229576111
44.80745053291321,2.015618401896642,0.1975652047385477,0.30932565229790654,0.4011050991322449,0.17415141949992877,99,100,0.03637506067752838,0.013344550505280495,0,36.80640983581543
44.90230751037598,2.0192215405140415,0.19757274329220434,0.31318607846790636,0.4011050991322449,0.17415141949992877,99,100,0.03492278605699539,0.009764961898326874,0,36.9012668132782
45.00859212875366,2.022939401753243,0.19759004380655906,0.3168997740045709,0.4011050991322449,0.17415141949992877,99,100,0.032847918570041656,0.014192555099725723,0,37.007551431655884
45.10533905029297,2.026327306615492,0.1976072751666822,0.3203237432893821,0.4011050991322449,0.17415141949992877,99,100,0.031738024204969406,0.014172816649079323,0,37.10429835319519
45.207613945007324,2.0295434632889617,0.1976307568676838,0.32373653437752664,0.4011050991322449,0.17415141949992877,99,100,0.029931239783763885,0.015249933116137981,0,37.206573247909546
45.30825424194336,2.032597791062411,0.197660075307128,0.32698158873028266,0.44922334169354494,0.17391202968151737,99,100,0.02848808281123638,0.015682373195886612,0,37.30721354484558
45.40721011161804,2.035500706706025,0.1976931604819938,0.32996702341827777,0.44922334169354494,0.17391202968151737,99,100,0.02848808281123638,0.015682373195886612,0,37.406169414520264
45.50036644935608,2.0374988082550884,0.19771828546451298,0.332099105805542,0.44922334169354494,0.17391202968151737,99,100,0.025574499741196632,0.014682905748486519,0,37.4993257522583
45.60852074623108,2.0410221472105112,0.19777138023290913,0.33589471584216,0.44922334169354494,0.17391202968151737,99,100,0.024058734998106956,0.007917231880128384,0,37.6074800491333
45.701154947280884,2.0427534066833233,0.19780152115516864,0.33776028756719284,0.44922334169354494,0.17391202968151737,99,100,0.022868726402521133,0.0006627727998420596,0,37.700114250183105
45.8094584941864,2.0457915980930665,0.1978580365226849,0.3408670869202138,0.44922334169354494,0.17391202968151737,99,100,0.022121969610452652,-0.002289223251864314,0,37.80841779708862
45.90734386444092,2.0480145834563896,0.19789948392521714,0.34298809307051714,0.44922334169354494,0.17391202968151737,99,100,0.02110956981778145,0.0001969299337361008,0,37.90630316734314
46.00731325149536,2.0501716277203377,0.19793974713053275,0.34518482572391906,0.44922334169354494,0.17391202968151737,99,100,0.020338814705610275,-0.001587430713698268,0,38.00627255439758
46.09996747970581,2.05222212431436,0.19797880383659955,0.3472224725393581,0.44922334169354494,0.17391202968151737,99,100,0.019664404913783073,0.00015872131916694343,0,38.09892678260803
46.20742154121399,2.0542039681994693,0.1980173203742568,0.3492369489968005,0.44922334169354494,0.17391202968151737,99,100,0.018535258248448372,-0.00162402237765491,0,38.20638084411621
46.30127263069153,2.0554346146758813,0.19804202235473112,0.3505030842185552,0.44922334169354494,0.17391202968151737,99,100,0.017898444086313248,-0.004379040561616421,0,38.30023193359375
46.408018350601196,2.0578482553126682,0.19809064650680538,0.3528504711642978,0.44922334169354494,0.17391202968151737,99,100,0.017898444086313248,-0.004379040561616421,0,38.40697765350342
46.508501291275024,2.0596212473249147,0.19812595010684653,0.3545851562331468,0.44922334169354494,0.17391202968151737,99,100,0.01626831479370594,-0.0047307806089520454,0,38.507460594177246
46.60122537612915,2.061325304383224,0.1981594443341244,0.35622671521236215,0.44922334169354494,0.17391202968151737,99,100,0.01557148713618517,-0.001845015212893486,0,38.60018467903137
46.70046615600586,2.0622853542898922,0.19817829506280113,0.35719361480549233,0.44922334169354494,0.17391202968151737,99,100,0.01557148713618517,-0.001845015212893486,0,38.69942545890808
46.80785512924194,2.064445848765097,0.19822114720141928,0.3593523328496394,0.44922334169354494,0.17391202968151737,99,100,0.014145130291581154,-0.002916491124778986,0,38.806814432144165
46.90756273269653,2.075924089455435,0.20871697079922538,0.372319171889885,0.44922334169354494,0.17391202968151737,99,100,0.014145130291581154,-0.002916491124778986,0,38.906522035598755
47.009071350097656,2.0761303521841383,0.208720385176028,0.3725179355372919,0.44922334169354494,0.17391202968151737,99,100,0.012915208004415035,-0.001813037320971489,0,39.00803065299988
47.10256576538086,2.0761303521841383,0.208720385176028,0.3725179355372919,0.44922334169354494,0.17391202968151737,99,100,0.010936716571450233,0.005649911239743233,0,39.10152506828308
47.21378946304321,2.0761303521841383,0.208720385176028,0.3725179355372919,0.44922334169354494,0.17391202968151737,99,100,0.010031616315245628,0.005361724179238081,0,39.212748765945435
47.30285406112671,2.0761303521841383,0.208720385176028,0.3725179355372919,0.44922334169354494,0.17391202968151737,99,100,0.008764279074966908,0.0027070646174252033,0,39.30181336402893
47.40801692008972,2.0761303521841383,0.208720385176028,0.3725179355372919,0.48571433401981023,0.15582860693897854,99,100,0.008644690737128258,-0.0034867478534579277,0,39.40697622299194
47.50753116607666,2.0761303521841383,0.208720385176028,0.3725179355372919,0.48571433401981023,0.15582860693897854,99,100,0.007897503674030304,-0.001358802430331707,0,39.50649046897888
47.60768413543701,2.0761303521841383,0.208720385176028,0.3725179355372919,0.48571433401981023,0.15582860693897854,99,100,0.008375829085707664,-0.0012988658854737878,0,39.60664343833923
47.708359241485596,2.0761303521841383,0.208720385176028,0.3725179355372919,0.48571433401981023,0.15582860693897854,99,100,0.00857558473944664,-0.002746568527072668,0,39.70731854438782
47.807440996170044,2.0761303521841383,0.208720385176028,0.3725179355372919,0.48571433401981023,0.15582860693897854,99,100,0.008590683341026306,-0.0033850485924631357,0,39.806400299072266
47.907347440719604,2.0761303521841383,0.208720385176028,0.3725179355372919,0.48571433401981023,0.15582860693897854,99,100,0.0086316904053092,-0.003809321904554963,0,39.906306743621826
48.00964903831482,2.0761303521841383,0.208720385176028,0.3725179355372919,0.48571433401981023,0.15582860693897854,99,100,0.00862535648047924,-0.0035825027152895927,0,40.00860834121704
48.102436542510986,2.0761303521841383,0.208720385176028,0.3725179355372919,0.48571433401981023,0.15582860693897854,99,100,0.00862535648047924,-0.0035825027152895927,0,40.10139584541321
48.20790100097656,2.0761303521841383,0.208720385176028,0.3725179355372919,0.48571433401981023,0.15582860693897854,99,100,0.008644995279610157,-0.0036531626246869564,0,40.206860303878784
48.307236671447754,2.0761303521841383,0.208720385176028,0.3725179355372919,0.48571433401981023,0.15582860693897854,99,100,0.008659574203193188,-0.003645461518317461,0,40.306195974349976
48.40736389160156,2.0761303521841383,0.208720385176028,0.3725179355372919,0.48571433401981023,0.15582860693897854,99,100,0.008647591806948185,-0.0036659114994108677,0,40.406323194503784
48.50759768486023,2.0761303521841383,0.208720385176028,0.3725179355372919,0.48571433401981023,0.15582860693897854,99,100,0.008659198880195618,-0.0036448026075959206,0,40.50655698776245
48.60734558105469,2.0761303521841383,0.208720385176028,0.3725179355372919,0.48571433401981023,0.15582860693897854,99,100,0.008659198880195618,-0.0036448026075959206,0,40.60630488395691
48.700052976608276,2.0761303521841383,0.208720385176028,0.3725179355372919,0.48571433401981023,0.15582860693897854,99,100,0.00865968968719244,-0.0032789551187306643,0,40.6990122795105
48.807822942733765,2.0761303521841383,0.208720385176028,0.3725179355372919,0.48571433401981023,0.15582860693897854,99,100,0.008652415126562119,-0.003321615979075432,0,40.806782245635986
48.908159255981445,2.0761303521841383,0.208720385176028,0.3725179355372919,0.48571433401981023,0.15582860693897854,99,100,0.00866333395242691,-0.003220037557184696,0,40.90711855888367
49.00884032249451,2.0761303521841383,0.208720385176028,0.3725179355372919,0.48571433401981023,0.15582860693897854,99,100,0.00866333395242691,-0.003220037557184696,0,41.00779962539673
49.107396602630615,2.0761303521841383,0.208720385176028,0.3725179355372919,0.48571433401981023,0.15582860693897854,99,100,0.008694708347320557,-0.0027591227553784847,0,41.10635590553284
49.210031509399414,2.0761303521841383,0.208720385176028,0.3725179355372919,0.48571433401981023,0.15582860693897854,99,100,0.008672397583723068,-0.0028961780481040478,0,41.208990812301636
49.30924153327942,2.0761303521841383,0.208720385176028,0.3725179355372919,0.48571433401981023,0.15582860693897854,99,100,0.008677990175783634,-0.0028807097114622593,0,41.30820083618164
49.408307790756226,2.0761303521841383,0.208720385176028,0.3725179355372919,0.48571433401981023,0.15582860693897854,99,100,0.008658099919557571,-0.0029926863498985767,0,41.40726709365845
49.50765776634216,2.0761303521841383,0.208720385176028,0.3725179355372919,0.48571433401981023,0.15582860693897854,99,100,0.00866832584142685,-0.0032054446637630463,0,41.506617069244385
49.606958866119385,2.0761303521841383,0.208720385176028,0.3725179355372919,0.48571433401981023,0.15582860693897854,99,100,0.00866832584142685,-0.0032054446637630463,0,41.605918169021606
49.701032638549805,2.0761303521841383,0.208720385176028,0.3725179355372919,0.48571433401981023,0.15582860693897854,99,100,0.008648342452943325,-0.0029606884345412254,0,41.699991941452026
49.8093056678772,2.0761303521841383,0.208720385176028,0.3725179355372919,0.48571433401981023,0.15582860693897854,99,100,0.008687969297170639,-0.002283614594489336,0,41.80826497077942
49.900846004486084,2.0761303521841383,0.208720385176028,0.3725179355372919,0.48571433401981023,0.15582860693897854,99,100,0.00867564044892788,-0.002543295733630657,0,41.899805307388306
50.00015926361084,2.079896813026768,0.20878767644808646,0.37680017713017644,0.48571433401981023,0.15582860693897854,99,100,0.008659369312226772,-0.002500011119991541,0,41.99911856651306
50.10089111328125,2.079955961222596,0.20878894981359405,0.3768719935478842,0.48571433401981023,0.15582860693897854,99,100,0.008672602474689484,-0.0027051055803894997,0,42.09985041618347
50.20081162452698,2.0799582851366134,0.20878872811885674,0.3768141254267336,0.48571433401981023,0.15582860693897854,99,100,0.008660336025059223,-0.003194289281964302,0,42.1997709274292
50.30735158920288,2.079960798981777,0.20878875230073005,0.37680287839551246,0.48571433401981023,0.15582860693897854,99,100,0.008660336025059223,-0.003194289281964302,0,42.3063108921051
50.40764570236206,2.079959269133992,0.20878871880887911,0.3767967602119087,0.48571433401981023,0.15582860693897854,99,100,0.008661254309117794,-0.002886335365474224,0,42.40660500526428
50.50832223892212,2.0799605338643024,0.20878874406114487,0.3767869999904521,0.48571433401981023,0.15582860693897854,99,100,0.008694051764905453,-0.002318090060725808,0,42.50728154182434
50.60889387130737,2.079959345912727,0.20878871821926634,0.376783881122997,0.48571433401981023,0.15582860693897854,99,100,0.008694051764905453,-0.002318090060725808,0,42.607853174209595
50.707650899887085,2.079960469592185,0.20878874068630743,0.37678749821642255,0.48571433401981023,0.15582860693897854,99,100,0.008682545274496078,-0.0023256882559508085,0,42.70661020278931
50.80828356742859,2.0799594179905774,0.20878871806449117,0.37677336855742455,0.48571433401981023,0.15582860693897854,99,100,0.008657211437821388,-0.001907701720483601,0,42.80724287033081
50.90831756591797,2.0799604155303157,0.20878873800786552,0.3767848868054674,0.48571433401981023,0.15582860693897854,99,100,0.008704847656190395,-0.001988817472010851,0,42.90727686882019
51.00786471366882,2.0799594844131515,0.2087887179196602,0.37678375214609544,0.48571433401981023,0.15582860693897854,99,100,0.008676407858729362,-0.001953460741788149,0,43.006824016571045
51.10157084465027,2.0799601539381043,0.20878873149921456,0.3767836058644837,0.48571433401981023,0.15582860693897854,99,100,0.008676407858729362,-0.001953460741788149,0,43.10053014755249
51.207624197006226,2.079959544432565,0.2087887180842101,0.3767766660714262,0.48571433401981023,0.15582860693897854,99,100,0.008688809350132942,-0.0022929669357836246,0,43.20658349990845
51.30219650268555,2.0799602821030168,0.20878873321564884,0.3767785523930364,0.48571433401981023,0.15582860693897854,99,100,0.00866425596177578,-0.0024087943602353334,0,43.30115580558777
51.40783405303955,2.079959821036291,0.20878872294065434,0.3767920746693403,0.48571433401981023,0.15582860693897854,99,100,0.008660802617669106,-0.0025967643596231937,0,43.40679335594177
51.50558090209961,2.079960389252074,0.20878873442437426,0.37679953838956526,0.48571433401981023,0.15582860693897854,99,100,0.008660802617669106,-0.0025967643596231937,0,43.50454020500183
51.60065698623657,2.079959843819264,0.20878872255796638,0.3768050556494232,0.48571433401981023,0.15582860693897854,99,100,0.008677702397108078,-0.002562636509537697,0,43.599616289138794
51.71058535575867,2.079960221445906,0.20878873025356046,0.3767971193331235,0.48571433401981023,0.15582860693897854,99,100,0.008677702397108078,-0.002562636509537697,0,43.70954465866089
51.80900263786316,2.079959851334087,0.2087887222244856,0.37679779907635774,0.48571433401981023,0.15582860693897854,99,100,0.008681672625243664,-0.002618371043354273,0,43.80796194076538
51.900235652923584,2.079960310280179,0.20878873166882939,0.3767875398257392,0.48571433401981023,0.15582860693897854,99,100,0.008669096976518631,-0.0027275022584944963,0,43.899194955825806
52.0010130405426,2.0799598813059847,0.20878872246904145,0.37679290704605767,0.48571433401981023,0.15582860693897854,99,100,0.008669096976518631,-0.0027275022584944963,0,43.999972343444824
52.10894703865051,2.0799602765034395,0.20878873057841194,0.37679530357606156,0.48571433401981023,0.15582860693897854,99,100,0.008696124888956547,-0.0022949138656258583,0,44.107906341552734
52.20790696144104,2.0799598944489204,0.2087887223674124,0.3768020848835719,0.48571433401981023,0.15582860693897854,99,100,0.008675750344991684,-0.0023960028775036335,0,44.20686626434326
52.3092520236969,2.0799600782966374,0.2087887261340019,0.37679882516894864,0.48571433401981023,0.15582860693897854,99,100,0.008684196509420872,-0.0025548269040882587,0,44.30821132659912
52.40540909767151,2.0799600930412705,0.20878872629877995,0.37679799504925754,0.48571433401981023,0.15582860693897854,99,100,0.008684196509420872,-0.0025548269040882587,0,44.40436840057373
52.50944805145264,2.079959477772776,0.2087887131710238,0.3768019574459563,0.48571433401981023,0.15582860693897854,99,100,0.008661248721182346,-0.0026572823990136385,0,44.50840735435486
52.600422859191895,2.0799598958052594,0.2087887219070777,0.37680351852250277,0.48571433401981023,0.15582860693897854,99,100,0.008670174516737461,-0.0027666655369102955,0,44.599382162094116
52.70146203041077,2.0799601198129913,0.20878872657515457,0.37679993303703724,0.48571433401981023,0.15582860693897854,99,100,0.0086530651897192,-0.002446735743433237,0,44.70042133331299
52.81128716468811,2.079960060857355,0.2087887252467653,0.37679272352894927,0.48571433401981023,0.15582860693897854,99,100,0.008699598722159863,-0.002384031657129526,0,44.81024646759033
52.902496337890625,2.0799601784757056,0.20878872768444295,0.3767939777726983,0.48571433401981023,0.15582860693897854,99,100,0.00867491029202938,-0.0024382579140365124,0,44.90145564079285
53.00804901123047,2.079959923318466,0.20878872224211606,0.3767904415619134,0.48571433401981023,0.15582860693897854,99,100,0.008661971427500248,-0.0025919354520738125,0,45.00700831413269
53.10059380531311,2.079960085802837,0.20878872562775674,0.3767950054268908,0.48571433401981023,0.15582860693897854,99,100,0.008670449256896973,-0.002648301189765334,0,45.09955310821533
53.2068293094635,2.079960085802837,0.20878872562775674,0.3767950054268908,0.48571433401981023,0.15582860693897854,99,100,0.008670449256896973,-0.002648301189765334,0,45.20578861236572
53.31021022796631,2.079960085802837,0.20878872562775674,0.3767950054268908,0.48571433401981023,0.15582860693897854,99,100,0.008666479960083961,-0.00286847329698503,0,45.30916953086853
53.407084465026855,2.079960085802837,0.20878872562775674,0.3767950054268908,0.48571433401981023,0.15582860693897854,99,100,0.008666479960083961,-0.00286847329698503,0,45.40604376792908
53.50310659408569,2.079960085802837,0.20878872562775674,0.3767950054268908,0.48571433401981023,0.15582860693897854,99,100,0.008694294840097427,-0.0025050772819668055,0,45.502065896987915
53.60867524147034,2.079960085802837,0.20878872562775674,0.3767950054268908,0.48571433401981023,0.15582860693897854,99,100,0.008672552183270454,-0.0025502636563032866,0,45.60763454437256
53.71124768257141,2.079960085802837,0.20878872562775674,0.3767950054268908,0.48571433401981023,0.15582860693897854,99,100,0.008682896383106709,-0.0028131548315286636,0,45.71020698547363
53.80710220336914,2.079960085802837,0.20878872562775674,0.3767950054268908,0.48571433401981023,0.15582860693897854,99,100,0.008682896383106709,-0.0028131548315286636,0,45.80606150627136
53.900442361831665,2.079960085802837,0.20878872562775674,0.3767950054268908,0.48571433401981023,0.15582860693897854,99,100,0.008657404221594334,-0.0028173252940177917,0,45.89940166473389
54.00812792778015,2.079960085802837,0.20878872562775674,0.3767950054268908,0.48571433401981023,0.15582860693897854,99,100,0.008654261007905006,-0.002822712529450655,0,46.00708723068237
54.110870361328125,2.079960085802837,0.20878872562775674,0.3767950054268908,0.48571433401981023,0.15582860693897854,99,100,0.008654261007905006,-0.002822712529450655,0,46.10982966423035
54.2085235118866,2.079960085802837,0.20878872562775674,0.3767950054268908,0.48571433401981023,0.15582860693897854,99,100,0.008672768250107765,-0.0021911882795393467,0,46.20748281478882
54.30156445503235,2.079960085802837,0.20878872562775674,0.3767950054268908,0.48571433401981023,0.15582860693897854,99,100,0.008688565343618393,-0.00265266140922904,0,46.30052375793457
54.40087532997131,2.079960085802837,0.20878872562775674,0.3767950054268908,0.48571433401981023,0.15582860693897854,99,100,0.008659221231937408,-0.002576830331236124,0,46.399834632873535
54.50883674621582,2.079960085802837,0.20878872562775674,0.3767950054268908,0.48571433401981023,0.15582860693897854,99,100,0.008670767769217491,-0.002712078858166933,0,46.50779604911804
54.607601165771484,2.079960085802837,0.20878872562775674,0.3767950054268908,0.48571433401981023,0.15582860693897854,99,100,0.008662138134241104,-0.003214081283658743,0,46.606560468673706
54.70872211456299,2.079960085802837,0.20878872562775674,0.3767950054268908,0.48571433401981023,0.15582860693897854,99,100,0.008660735562443733,-0.0026862039230763912,0,46.70768141746521
54.808024644851685,2.079960085802837,0.20878872562775674,0.3767950054268908,0.48571433401981023,0.15582860693897854,99,100,0.008657482452690601,-0.0027214111760258675,0,46.806983947753906
54.90879845619202,2.079960085802837,0.20878872562775674,0.3767950054268908,0.48571433401981023,0.15582860693897854,99,100,0.008691270835697651,-0.0018509184010326862,0,46.90775775909424
55.00754141807556,2.079960085802837,0.20878872562775674,0.3767950054268908,0.48571433401981023,0.15582860693897854,99,100,0.00868020486086607,-0.0021245090756565332,0,47.00650072097778
55.10074019432068,2.079960085802837,0.20878872562775674,0.3767950054268908,0.48571433401981023,0.15582860693897854,99,100,0.00868020486086607,-0.0021245090756565332,0,47.0996994972229
55.21058893203735,2.079960085802837,0.20878872562775674,0.3767950054268908,0.48571433401981023,0.15582860693897854,99,100,0.008684813976287842,-0.002037838101387024,0,47.209548234939575
55.302165031433105,2.079960085802837,0.20878872562775674,0.3767950054268908,0.48571433401981023,0.15582860693897854,99,100,0.008664154447615147,-0.0020717657171189785,0,47.30112433433533
55.410733222961426,2.079960085802837,0.20878872562775674,0.3767950054268908,0.48571433401981023,0.15582860693897854,99,100,0.008700504899024963,-0.0017899182857945561,0,47.40969252586365
55.50254940986633,2.079960085802837,0.20878872562775674,0.3767950054268908,0.48571433401981023,0.15582860693897854,99,100,0.008678075857460499,-0.0019071156857535243,0,47.501508712768555
55.600038051605225,2.079960085802837,0.20878872562775674,0.3767950054268908,0.48571433401981023,0.15582860693897854,99,100,0.008663215674459934,-0.0024297027848660946,0,47.598997354507446
55.70891547203064,2.079960085802837,0.20878872562775674,0.3767950054268908,0.48571433401981023,0.15582860693897854,99,100,0.008669627830386162,-0.002286499133333564,0,47.70787477493286
55.80891251564026,2.079960085802837,0.20878872562775674,0.3767950054268908,0.48571433401981023,0.15582860693897854,99,100,0.008669627830386162,-0.002286499133333564,0,47.80787181854248
55.90022683143616,2.079960085802837,0.20878872562775674,0.3767950054268908,0.48571433401981023,0.15582860693897854,99,100,0.008657626807689667,-0.0020050019957125187,0,47.89918613433838
56.00265097618103,2.0799599267955515,0.20878872218846511,0.37680228189407583,0.48571433401981023,0.15582860693897854,99,100,0.008681753650307655,-0.0018884869059547782,0,48.00161027908325
56.10198783874512,2.079959936161123,0.20878872215931601,0.37679566331914144,0.48571433401981023,0.15582860693897854,99,100,0.008681753650307655,-0.0018884869059547782,0,48.10094714164734
56.2008101940155,2.0799599633064063,0.20878872272607446,0.37678932163809753,0.48571433401981023,0.15582860693897854,99,100,0.008664934895932674,-0.002105885650962591,0,48.199769496917725
56.30137228965759,2.0799599893115257,0.20878872323684988,0.37678881105862205,0.48571433401981023,0.15582860693897854,99,100,0.008664934895932674,-0.002105885650962591,0,48.300331592559814
56.400546073913574,2.079960011933074,0.20878872373589286,0.37676156879492717,0.48571433401981023,0.15582860693897854,99,100,0.008680677972733974,-0.001991260563954711,0,48.399505376815796
56.50869965553284,2.0799600060811274,0.20878872361621054,0.3767664454970701,0.48571433401981023,0.15582860693897854,99,100,0.008680677972733974,-0.001991260563954711,0,48.50765895843506
56.60769581794739,2.0799599771030204,0.20878872301231174,0.376769066270139,0.48571433401981023,0.15582860693897854,99,100,0.008665394969284534,-0.0021446989849209785,0,48.60665512084961
56.70793104171753,2.0799600050338225,0.2087887235933907,0.3767696904591157,0.48571433401981023,0.15582860693897854,99,100,0.008675694465637207,-0.0023570298217236996,0,48.70689034461975
56.80840182304382,2.0799599791892796,0.2087887230521426,0.3767735771983743,0.48571433401981023,0.15582860693897854,99,100,0.008675694465637207,-0.0023570298217236996,0,48.807361125946045
56.90316963195801,2.0799600041068076,0.2087887235721528,0.3767762434865368,0.48571433401981023,0.15582860693897854,99,100,0.008660238236188889,-0.002339328173547983,0,48.90212893486023
57.00748133659363,2.079959981037211,0.20878872309481789,0.3767564338517845,0.48571433401981023,0.15582860693897854,99,100,0.008672565221786499,-0.0015770694008097053,0,49.00644063949585
57.10252237319946,2.07996000327057,0.2087887235606447,0.3767483763016441,0.48571433401981023,0.15582860693897854,99,100,0.00869111716747284,-0.0018570944666862488,0,49.101481676101685
57.20048952102661,2.07995998187994,0.20878872311728977,0.37675098689097863,0.48571433401981023,0.15582860693897854,99,100,0.00869111716747284,-0.0018570944666862488,0,49.19944882392883
57.301682472229004,2.079960002627271,0.20878872354741318,0.37675712938443356,0.48571433401981023,0.15582860693897854,99,100,0.008667485788464546,-0.0019208844751119614,0,49.300641775131226
57.40738606452942,2.0799599836354195,0.20878872315400487,0.3767566131983472,0.48571433401981023,0.15582860693897854,99,100,0.008671486750245094,-0.0015777661465108395,0,49.40634536743164
57.50756907463074,2.079960002016496,0.20878872353464736,0.3767599364950103,0.48571433401981023,0.15582860693897854,99,100,0.008691264316439629,-0.0020144344307482243,0,49.50652837753296
57.607502460479736,2.0799599903765564,0.2087887232936361,0.3767563127215299,0.48571433401981023,0.15582860693897854,99,100,0.008665255270898342,-0.0020116320811212063,0,49.60646176338196
57.70759844779968,2.079959965004288,0.20878872276436983,0.37676266452506063,0.48571433401981023,0.15582860693897854,99,100,0.008701495826244354,-0.0017548830946907401,0,49.706557750701904
57.80817151069641,2.0799599867303282,0.20878872321616326,0.37676446571142774,0.48571433401981023,0.15582860693897854,99,100,0.008682571351528168,-0.0022077523171901703,0,49.80713081359863
57.90021061897278,2.0799599692084074,0.2087887228469867,0.376782675593897,0.48571433401981023,0.15582860693897854,99,100,0.008682571351528168,-0.0022077523171901703,0,49.899169921875
58.00045442581177,2.0799599913212656,0.2087887233079668,0.37678527137557416,0.48571433401981023,0.15582860693897854,99,100,0.00868263840675354,-0.0020478798542171717,0,49.99941372871399
58.10234785079956,2.0799599715771357,0.2087887228891508,0.37679600376036254,0.48571433401981023,0.15582860693897854,99,100,0.00866689532995224,-0.002395080169662833,0,50.10130715370178
58.20034217834473,2.0799599953540366,0.20878872338919888,0.376796750413711,0.48571433401981023,0.15582860693897854,99,100,0.008652066811919212,-0.0027487471234053373,0,50.19930148124695
58.30009126663208,2.079960001749146,0.20878872352237055,0.37680391388607104,0.48571433401981023,0.15582860693897854,99,100,0.008652066811919212,-0.0027487471234053373,0,50.2990505695343
58.40089297294617,2.0799599962108792,0.20878872340472415,0.37680461368725204,0.48571433401981023,0.15582860693897854,99,100,0.00867235567420721,-0.0025645834393799305,0,50.39985227584839
58.500779151916504,2.0799599999947125,0.20878872348401942,0.37679968037234907,0.48571433401981023,0.15582860693897854,99,100,0.008678365498781204,-0.002413383685052395,0,50.499738454818726
58.607436656951904,2.079959992566895,0.20878872332692186,0.3767952525023428,0.48571433401981023,0.15582860693897854,99,100,0.008678365498781204,-0.002413383685052395,0,50.606395959854126
58.71042013168335,2.079959999748943,0.20878872347771288,0.3768082180458755,0.48571433401981023,0.15582860693897854,99,100,0.00866087805479765,-0.0024732868187129498,0,50.70937943458557
58.80678582191467,2.079959993288719,0.20878872333997028,0.3768050382996066,0.48571433401981023,0.15582860693897854,99,100,0.008656865917146206,-0.0028463921044021845,0,50.805745124816895
58.90766787528992,2.079959980345132,0.20878872306561203,0.37680420598027614,0.48571433401981023,0.15582860693897854,99,100,0.008666474372148514,-0.0028565810061991215,0,50.90662717819214
59.007203817367554,2.0799599922519083,0.20878872331722695,0.3768059471098764,0.48571433401981023,0.15582860693897854,99,100,0.008655808866024017,-0.002926687942817807,0,51.006163120269775
59.10038661956787,2.079959999281404,0.20878872346563454,0.37680744730430044,0.48571433401981023,0.15582860693897854,99,100,0.008692093193531036,-0.002509378595277667,0,51.09934592247009
59.20057964324951,2.0799599915877143,0.2087887233025651,0.37680353225119756,0.48571433401981023,0.15582860693897854,99,100,0.008692093193531036,-0.002509378595277667,0,51.19953894615173
59.30027770996094,2.0799599991582394,0.20878872346288532,0.3767956652905866,0.48571433401981023,0.15582860693897854,99,100,0.00866987556219101,-0.002384831663221121,0,51.29923701286316
59.403939723968506,2.0799599952195824,0.2087887233791732,0.3768060368229131,0.48571433401981023,0.15582860693897854,99,100,0.00865953043103218,-0.0026484872214496136,0,51.40289902687073
59.50015997886658,2.0799599989048074,0.2087887234568766,0.37680572111999544,0.48571433401981023,0.15582860693897854,99,100,0.00865953043103218,-0.0026484872214496136,0,51.4991192817688
59.60751700401306,2.0799599939931666,0.20878872335205523,0.376813321164881,0.48571433401981023,0.15582860693897854,99,100,0.008673332631587982,-0.003138486295938492,0,51.60647630691528
59.701613426208496,2.0799599987944193,0.20878872345365995,0.3768167701125995,0.48571433401981023,0.15582860693897854,99,100,0.008649011142551899,-0.002914969576522708,0,51.70057272911072
59.80811905860901,2.079959994325069,0.20878872335768522,0.37682677944386767,0.48571433401981023,0.15582860693897854,99,100,0.008671036921441555,-0.003277774667367339,0,51.80707836151123
59.90074968338013,2.079959998701224,0.2087887234509428,0.37681737579252383,0.48571433401981023,0.15582860693897854,99,100,0.00867025088518858,-0.002983174053952098,0,51.89970898628235
60.007055044174194,2.0799599949628735,0.20878872337131188,0.3768154021159029,0.48571433401981023,0.15582860693897854,99,100,0.008652579970657825,-0.0028088404797017574,0,52.006014347076416
60.10207915306091,2.0799599986162622,0.20878872344886287,0.3768163334260657,0.48571433401981023,0.15582860693897854,99,100,0.008668835274875164,-0.0029800445772707462,0,52.101038455963135
60.207189321517944,2.079959995204067,0.20878872337616897,0.3768127436449706,0.48571433401981023,0.15582860693897854,99,100,0.008653400465846062,-0.0030000782571733,0,52.206148624420166
60.30803823471069,2.079959998535188,0.20878872344684776,0.3768186157264686,0.48571433401981023,0.15582860693897854,99,100,0.008653400465846062,-0.0030000782571733,0,52.306997537612915
60.40701699256897,2.0799599955542427,0.20878872338329993,0.37681572269230335,0.48571433401981023,0.15582860693897854,99,100,0.008654914796352386,-0.003090925980359316,0,52.40597629547119
60.500770807266235,2.07995999891208,0.2087887234546277,0.37681800592836945,0.48571433401981023,0.15582860693897854,99,100,0.008654914796352386,-0.003090925980359316,0,52.49973011016846
60.60041117668152,2.079959995548574,0.2087887233831622,0.3768122851689639,0.48571433401981023,0.15582860693897854,99,100,0.008652514778077602,-0.0028066751547157764,0,52.59937047958374
60.70265865325928,2.0799599983779986,0.20878872344330293,0.37681152891485453,0.48571433401981023,0.15582860693897854,99,100,0.008694869466125965,-0.002530901227146387,0,52.7016179561615
60.807801485061646,2.0799599961213096,0.2087887233951609,0.37681876037612866,0.48571433401981023,0.15582860693897854,99,100,0.008675741963088512,-0.0028945314697921276,0,52.80676078796387
60.900068283081055,2.0799599986907893,0.20878872344962884,0.37682079360967846,0.48571433401981023,0.15582860693897854,99,100,0.008674880489706993,-0.0025698316749185324,0,52.899027585983276
61.00740385055542,2.079959996343452,0.20878872339961507,0.37681399482883976,0.48571433401981023,0.15582860693897854,99,100,0.008662477135658264,-0.003016175702214241,0,53.00636315345764
61.10149788856506,2.07995999827199,0.2087887234408056,0.37680719108303373,0.48571433401981023,0.15582860693897854,99,100,0.008665305562317371,-0.002918834798038006,0,53.100457191467285
61.20840263366699,2.079959997080025,0.20878872341547458,0.37681250264423943,0.48571433401981023,0.15582860693897854,99,100,0.008665305562317371,-0.002918834798038006,0,53.207361936569214
61.30107569694519,2.079959998494103,0.2087887234452779,0.3768257608654705,0.48571433401981023,0.15582860693897854,99,100,0.008670090697705746,-0.0032767164520919323,0,53.30003499984741
61.407225131988525,2.0799599971916742,0.20878872341736684,0.3768273087149086,0.48571433401981023,0.15582860693897854,99,100,0.008670090697705746,-0.0032767164520919323,0,53.40618443489075
61.50641345977783,2.0799599981763985,0.2087887234382118,0.37683411636358116,0.48571433401981023,0.15582860693897854,99,100,0.008645817637443542,-0.002770452294498682,0,53.505372762680054
61.6157386302948,2.0799599972955605,0.20878872341915655,0.3768427141977669,0.48571433401981023,0.15582860693897854,99,100,0.008696217089891434,-0.002857097191736102,0,53.61469793319702
61.70207333564758,2.079959998379176,0.20878872344233723,0.3768347885951251,0.48571433401981023,0.15582860693897854,99,100,0.00867428258061409,-0.0034636680502444506,0,53.701032638549805
61.807244062423706,2.07995999723076,0.20878872341756302,0.3768409505736323,0.48571433401981023,0.15582860693897854,99,100,0.008669782429933548,-0.0030540735460817814,0,53.80620336532593
61.90127873420715,2.0799599983023453,0.2087887234404745,0.37684937109947386,0.48571433401981023,0.15582860693897854,99,100,0.008654875680804253,-0.003110945923253894,0,53.900238037109375
62.00169515609741,2.0799599974323804,0.20878872342148788,0.37685776402038734,0.48571433401981023,0.15582860693897854,99,100,0.00865509919822216,-0.00395458098500967,0,54.000654458999634
62.101208209991455,2.079959998262025,0.20878872343927868,0.37686432296273215,0.48571433401981023,0.15582860693897854,99,100,0.00865509919822216,-0.00395458098500967,0,54.10016751289368
62.20038366317749,2.0799599972755867,0.2087887234178036,0.37686181526481116,0.48571433401981023,0.15582860693897854,99,100,0.008645455352962017,-0.0038525417912751436,0,54.19934296607971
62.300936222076416,2.079959998235281,0.20878872343848925,0.3768695863607256,0.48571433401981023,0.15582860693897854,99,100,0.008655145764350891,-0.0037118196487426758,0,54.29989552497864
62.401167154312134,2.0799599973746252,0.20878872341969817,0.376867853042107,0.48571433401981023,0.15582860693897854,99,100,0.008643293753266335,-0.0036325783003121614,0,54.400126457214355
62.50059461593628,2.079959998213973,0.20878872343786992,0.3768669104085664,0.48571433401981023,0.15582860693897854,99,100,0.008643293753266335,-0.0036325783003121614,0,54.4995539188385
62.607486724853516,2.079959997461647,0.20878872342148241,0.3768680394182246,0.48571433401981023,0.15582860693897854,99,100,0.008644652552902699,-0.0037576723843812943,0,54.60644602775574
62.702229738235474,2.079959998195405,0.20878872343731486,0.37687347793638226,0.48571433401981023,0.15582860693897854,99,100,0.008658084087073803,-0.003875605296343565,0,54.701189041137695
62.806965589523315,2.0799599975377747,0.2087887234228856,0.3768790835605374,0.48571433401981023,0.15582860693897854,99,100,0.008646377362310886,-0.004236285574734211,0,54.80592489242554
62.90231204032898,2.0799599968896874,0.20878872340873084,0.37687439248303706,0.48571433401981023,0.15582860693897854,99,100,0.008646377362310886,-0.004236285574734211,0,54.9012713432312
63.00832653045654,2.0799599976088006,0.2087887234243652,0.3768727883631078,0.48571433401981023,0.15582860693897854,99,100,0.008650475181639194,-0.003988367505371571,0,55.007285833358765
63.10089659690857,2.0799599982903145,0.20878872343917365,0.37687747431487617,0.48571433401981023,0.15582860693897854,99,100,0.008654139004647732,-0.0039907884784042835,0,55.09985589981079
63.21440029144287,2.079959997657461,0.20878872342533777,0.376876614282081,0.48571433401981023,0.15582860693897854,99,100,0.008644691668450832,-0.004321654327213764,0,55.21335959434509
63.30063581466675,2.0799599974837477,0.2087887234214879,0.37688309883842125,0.48571433401981023,0.15582860693897854,99,100,0.008644691668450832,-0.004321654327213764,0,55.29959511756897
63.40206336975098,2.0799599977019967,0.2087887234262592,0.37687047409975216,0.48571433401981023,0.15582860693897854,99,100,0.008630306459963322,-0.0034118047915399075,0,55.4010226726532
63.50674295425415,2.079959996858971,0.20878872340793683,0.37686651744460054,0.48571433401981023,0.15582860693897854,99,100,0.008630306459963322,-0.0034118047915399075,0,55.50570225715637
63.60774517059326,2.079959997953981,0.20878872343172766,0.3768691965584496,0.48571433401981023,0.15582860693897854,99,100,0.008663073182106018,-0.003417982952669263,0,55.60670447349548
63.70439577102661,2.0799599981562396,0.2087887234360947,0.3768749361425916,0.48571433401981023,0.15582860693897854,99,100,0.008674240671098232,-0.0036143450997769833,0,55.70335507392883
63.800520181655884,2.079959997751731,0.2087887234272529,0.3768780856235392,0.48571433401981023,0.15582860693897854,99,100,0.008651566691696644,-0.003796142991632223,0,55.799479484558105
63.90020799636841,2.0799599980931807,0.20878872343469967,0.3768650305194525,0.48571433401981023,0.15582860693897854,99,100,0.0086589390411973,-0.00392651604488492,0,55.89916729927063
64.00724363327026,2.079959997624823,0.2087887234245299,0.37686400003317344,0.48571433401981023,0.15582860693897854,99,100,0.0086589390411973,-0.00392651604488492,0,56.006202936172485
64.10025930404663,2.0799599976849508,0.2087887234258573,0.37685877172754756,0.48571433401981023,0.15582860693897854,99,100,0.00865346472710371,-0.0038092215545475483,0,56.09921860694885
64.20823526382446,2.0799599977960512,0.20878872342828564,0.37685598478439414,0.48571433401981023,0.15582860693897854,99,100,0.008646035566926003,-0.003997582010924816,0,56.207194566726685
64.30010294914246,2.079959998121014,0.20878872343531416,0.3768601502120726,0.48571433401981023,0.15582860693897854,99,100,0.008646035566926003,-0.003997582010924816,0,56.29906225204468
64.40050148963928,2.0799599978466987,0.2087887234293469,0.3768700855927847,0.48571433401981023,0.15582860693897854,99,100,0.008652367629110813,-0.003813831601291895,0,56.399460792541504
64.50267148017883,2.079959997586276,0.20878872342367377,0.3768651402906568,0.48571433401981023,0.15582860693897854,99,100,0.008660226128995419,-0.0037913918495178223,0,56.501630783081055
64.6076831817627,2.079959997936441,0.20878872343129187,0.3768612840471656,0.48571433401981023,0.15582860693897854,99,100,0.008645888417959213,-0.0038071293383836746,0,56.60664248466492
64.703768491745,2.0799599980979773,0.20878872343479238,0.3768625429259908,0.48571433401981023,0.15582860693897854,99,100,0.008645888417959213,-0.0038071293383836746,0,56.70272779464722
64.80835294723511,2.079959997889017,0.20878872343027802,0.3768597733052324,0.48571433401981023,0.15582860693897854,99,100,0.008660217747092247,-0.004068490583449602,0,56.80731225013733
64.90276598930359,2.0799599980622934,0.2087887234340268,0.37685575854588854,0.48571433401981023,0.15582860693897854,99,100,0.00863544549793005,-0.003465100424364209,0,56.90172529220581
65.00838446617126,2.0799599980000036,0.20878872343266494,0.37686222910924533,0.48571433401981023,0.15582860693897854,99,100,0.008686117827892303,-0.003317571012303233,0,57.007343769073486
65.10044264793396,2.079959998083803,0.20878872343448285,0.3768617490866347,0.48571433401981023,0.15582860693897854,99,100,0.008666759356856346,-0.0033440194092690945,0,57.09940195083618
65.2083649635315,2.0799599979318986,0.20878872343119687,0.3768587183689735,0.48571433401981023,0.15582860693897854,99,100,0.00865782517939806,-0.003912732936441898,0,57.207324266433716
65.30409669876099,2.079959998078312,0.20878872343436716,0.37685683885512744,0.48571433401981023,0.15582860693897854,99,100,0.008658762089908123,-0.003829806111752987,0,57.30305600166321
65.40861058235168,2.0799599979770576,0.20878872343217778,0.37685244202413154,0.48571433401981023,0.15582860693897854,99,100,0.008643793873488903,-0.0038019451312720776,0,57.407569885253906
65.50391030311584,2.079959998074187,0.2087887234342868,0.3768499790009562,0.48571433401981023,0.15582860693897854,99,100,0.008658528327941895,-0.0038848742842674255,0,57.502869606018066
65.60809564590454,2.079959997985796,0.20878872343238733,0.37684409230647087,0.48571433401981023,0.15582860693897854,99,100,0.008638933300971985,-0.0033844332210719585,0,57.60705494880676
65.70353317260742,2.0799599980705685,0.2087887234342229,0.37683766915732586,0.48571433401981023,0.15582860693897854,99,100,0.008687227964401245,-0.0031195604242384434,0,57.702492475509644
65.8067536354065,2.0799599979935968,0.20878872343257276,0.3768384641517237,0.48571433401981023,0.15582860693897854,99,100,0.008665802888572216,-0.0031070117838680744,0,57.805712938308716
65.90419459342957,2.0799599980675394,0.20878872343416383,0.3768434608986272,0.48571433401981023,0.15582860693897854,99,100,0.008665802888572216,-0.0031070117838680744,0,57.90315389633179
66.00711512565613,2.0799599979791226,0.2087887234322646,0.37684219185071427,0.48571433401981023,0.15582860693897854,99,100,0.008656354621052742,-0.0033491149079054594,0,58.00607442855835
66.10384488105774,2.079959998064822,0.20878872343410754,0.3768461580059102,0.48571433401981023,0.15582860693897854,99,100,0.008664545603096485,-0.0034566200338304043,0,58.10280418395996
66.20721220970154,2.0799599979877983,0.20878872343244842,0.3768443884257989,0.48571433401981023,0.15582860693897854,99,100,0.008652451448142529,-0.003877542447298765,0,58.20617151260376
66.30411863327026,2.079959998062723,0.20878872343406668,0.37684174063147113,0.48571433401981023,0.15582860693897854,99,100,0.008654521778225899,-0.003506938461214304,0,58.303077936172485
66.41031980514526,2.0799599979953927,0.20878872343262386,0.37683804595127585,0.48571433401981023,0.15582860693897854,99,100,0.008645852096378803,-0.0032162233255803585,0,58.409279108047485
66.5045838356018,2.079959998060882,0.20878872343403085,0.37684493334624275,0.48571433401981023,0.15582860693897854,99,100,0.008645852096378803,-0.0032162233255803585,0,58.50354313850403
66.60681247711182,2.07995999800203,0.20878872343276111,0.3768423104569145,0.48571433401981023,0.15582860693897854,99,100,0.008675544522702694,-0.0036607421934604645,0,58.60577178001404
66.70440411567688,2.0799599980592545,0.20878872343399973,0.3768367150670438,0.48571433401981023,0.15582860693897854,99,100,0.00866933073848486,-0.003175904741510749,0,58.7033634185791
66.80758357048035,2.079959997990984,0.20878872343253466,0.3768363652676372,0.48571433401981023,0.15582860693897854,99,100,0.008658044040203094,-0.0035905896220356226,0,58.80654287338257
66.90885710716248,2.0799599980576966,0.20878872343397176,0.3768272009306336,0.48571433401981023,0.15582860693897854,99,100,0.008658275939524174,-0.003172934055328369,0,58.9078164100647
67.00681114196777,2.079959998010873,0.2087887234329676,0.37683577504936344,0.48571433401981023,0.15582860693897854,99,100,0.008655469864606857,-0.003818696364760399,0,59.005770444869995
67.10602879524231,2.0799599980565096,0.20878872343394897,0.37682949218312844,0.48571433401981023,0.15582860693897854,99,100,0.008652012795209885,-0.0030919015407562256,0,59.10498809814453
67.2074761390686,2.079959998015496,0.2087887234330709,0.3768329659830602,0.48571433401981023,0.15582860693897854,99,100,0.008653917349874973,-0.003370044520124793,0,59.206435441970825
67.30647683143616,2.0799599980553505,0.20878872343392638,0.376832445742749,0.48571433401981023,0.15582860693897854,99,100,0.008662551641464233,-0.003211298491805792,0,59.30543613433838
67.40771412849426,2.079959998019507,0.20878872343315694,0.37683778066603735,0.48571433401981023,0.15582860693897854,99,100,0.008654095232486725,-0.0033340943045914173,0,59.406673431396484
67.5054771900177,2.0799599980543024,0.2087887234339039,0.37683573668190123,0.48571433401981023,0.15582860693897854,99,100,0.008666876703500748,-0.0036087767221033573,0,59.50443649291992
67.60069155693054,2.079959998019384,0.2087887234331569,0.3768309510821224,0.48571433401981023,0.15582860693897854,99,100,0.00864124484360218,-0.003010655753314495,0,59.599650859832764
67.70571303367615,2.0799599980533503,0.20878872343388985,0.37681751829734605,0.48571433401981023,0.15582860693897854,99,100,0.008690083399415016,-0.0027882808353751898,0,59.70467233657837
67.80772519111633,2.0799599980343397,0.2087887234334865,0.3768217961971176,0.48571433401981023,0.15582860693897854,99,100,0.008667449466884136,-0.002712143585085869,0,59.806684494018555
67.90017080307007,2.0799599979948855,0.20878872343264404,0.37682211579659075,0.48571433401981023,0.15582860693897854,99,100,0.008667449466884136,-0.002712143585085869,0,59.89913010597229
68.0076196193695,2.079959998029032,0.2087887234333778,0.37681570360022204,0.48571433401981023,0.15582860693897854,99,100,0.008648138493299484,-0.00244668941013515,0,60.00657892227173
68.1068344116211,2.079959998011175,0.20878872343299626,0.3768178411413494,0.48571433401981023,0.15582860693897854,99,100,0.008700598031282425,-0.0026562721468508244,0,60.105793714523315
68.20712232589722,2.079959998037476,0.20878872343355587,0.3768283441113301,0.48571433401981023,0.15582860693897854,99,100,0.0,0.0,0,60.20608162879944
68.30546307563782,2.0799599980455175,0.2087887234337273,0.37682712594920265,0.48571433401981023,0.15582860693897854,99,100,0.0,0.0,0,60.30442237854004
68.4087769985199,2.0799599980376913,0.2087887234335614,0.3768220314716817,0.48571433401981023,0.15582860693897854,99,100,0.00868064071983099,-0.003000667318701744,0,60.40773630142212
68.50825476646423,2.0799599980101764,0.20878872343297322,0.37682534022940745,0.48571433401981023,0.15582860693897854,99,100,0.008655650541186333,-0.002905148547142744,0,60.507214069366455
68.60683059692383,2.0799599980312315,0.20878872343342467,0.3768213691894689,0.48571433401981023,0.15582860693897854,99,100,0.008669842965900898,-0.0031981589272618294,0,60.60578989982605
68.70761442184448,2.079959998052474,0.20878872343387916,0.3768194522587456,0.48571433401981023,0.15582860693897854,99,100,0.008647557348012924,-0.0028094681911170483,0,60.706573724746704
68.80764055252075,2.079959998040668,0.2087887234336278,0.37681882435894,0.48571433401981023,0.15582860693897854,99,100,0.008694262243807316,-0.0026667085476219654,0,60.806599855422974
68.90730476379395,2.079959998051971,0.2087887234338683,0.3768291003498416,0.48571433401981023,0.15582860693897854,99,100,0.008674312382936478,-0.0030301902443170547,0,60.90626406669617
69.00019574165344,2.079959998038449,0.2087887234335787,0.3768275333947529,0.48571433401981023,0.15582860693897854,99,100,0.008675518445670605,-0.0029517323710024357,0,60.999155044555664
69.10751056671143,2.0799599980430377,0.2087887234336774,0.37683131645280904,0.48571433401981023,0.15582860693897854,99,100,0.008655774407088757,-0.002975934185087681,0,61.10646986961365
69.20731210708618,2.0799599980337584,0.20878872343347885,0.37682697117770925,0.48571433401981023,0.15582860693897854,99,100,0.008667854592204094,-0.003175990888848901,0,61.2062714099884
69.30011677742004,2.0799599980510886,0.20878872343384963,0.37683011756800044,0.48571433401981023,0.15582860693897854,99,100,0.008650058880448341,-0.003092137398198247,0,61.299076080322266
69.41063022613525,2.0799599980420433,0.20878872343365626,0.37682644017080796,0.48571433401981023,0.15582860693897854,99,100,0.008665111847221851,-0.0032111245673149824,0,61.409589529037476
69.50695371627808,2.0799599980418315,0.20878872343365132,0.3768351135022454,0.48571433401981023,0.15582860693897854,99,100,0.00865060556679964,-0.0032212408259510994,0,61.5059130191803
69.60687255859375,2.079959998038097,0.20878872343356952,0.3768450003474762,0.48571433401981023,0.15582860693897854,99,100,0.008662593550980091,-0.003229726105928421,0,61.60583186149597
69.70826888084412,2.0799599980504606,0.20878872343383495,0.3768430625906936,0.48571433401981023,0.15582860693897854,99,100,0.008652185089886189,-0.0032988106831908226,0,61.70722818374634
69.80751776695251,2.0799599980426478,0.20878872343366597,0.3768486134660328,0.48571433401981023,0.15582860693897854,99,100,0.008664472959935665,-0.003440386615693569,0,61.806477069854736
69.90039992332458,2.079959998048556,0.20878872343379315,0.37684608272720277,0.48571433401981023,0.15582860693897854,99,100,0.008656293153762817,-0.004278900101780891,0,61.89935922622681
70.00699019432068,2.0799599980435466,0.2087887234336848,0.37684551850522324,0.48571433401981023,0.15582860693897854,99,100,0.008646771311759949,-0.0035568466410040855,0,62.0059494972229
70.10874629020691,2.079959998050008,0.20878872343382393,0.3768504307574749,0.48571433401981023,0.15582860693897854,99,100,0.008646865375339985,-0.0037196865305304527,0,62.10770559310913
70.20697855949402,2.0799599980420744,0.2087887234336518,0.37686023558909754,0.48571433401981023,0.15582860693897854,99,100,0.00865721981972456,-0.003519224002957344,0,62.20593786239624
70.30039978027344,2.079959998050708,0.2087887234338376,0.3768792256847101,0.48571433401981023,0.15582860693897854,99,100,0.008647851645946503,-0.0036095529794692993,0,62.29935908317566
70.40677738189697,2.0799599980443895,0.20878872343369898,0.37687433475177906,0.48571433401981023,0.15582860693897854,99,100,0.008663819171488285,-0.004053076263517141,0,62.405736684799194
70.50745701789856,2.079959998049684,0.208788723433814,0.37686934617228346,0.48571433401981023,0.15582860693897854,99,100,0.008641187101602554,-0.0039566936902701855,0,62.50641632080078
70.60804295539856,2.0799599980449264,0.20878872343370963,0.3768758356779438,0.48571433401981023,0.15582860693897854,99,100,0.00865197740495205,-0.0036956409458070993,0,62.60700225830078
70.70013856887817,2.079959998048523,0.2087887234337879,0.37687124845714937,0.48571433401981023,0.15582860693897854,99,100,0.008646723814308643,-0.004018331877887249,0,62.699097871780396
70.80710077285767,2.0799599980453913,0.20878872343371993,0.3768634968857113,0.48571433401981023,0.15582860693897854,99,100,0.008653972297906876,-0.003912722691893578,0,62.80606007575989
70.90917587280273,2.0799599980410157,0.2087887234336254,0.37685718060579076,0.48571433401981023,0.15582860693897854,99,100,0.008638178929686546,-0.003543485887348652,0,62.908135175704956
71.00924324989319,2.0799599980458434,0.2087887234337301,0.3768625093542001,0.48571433401981023,0.15582860693897854,99,100,0.008660011924803257,-0.003743245732039213,0,63.00820255279541
71.10720634460449,2.0799599980498535,0.208788723433817,0.3768548885579046,0.48571433401981023,0.15582860693897854,99,100,0.008643683977425098,-0.0036109010688960552,0,63.106165647506714
71.20761823654175,2.0799599980470935,0.20878872343375776,0.37684778429486765,0.48571433401981023,0.15582860693897854,99,100,0.0086597865447402,-0.0037751649506390095,0,63.20657753944397
71.30707955360413,2.079959998049169,0.20878872343380242,0.3768546788266373,0.48571433401981023,0.15582860693897854,99,100,0.008642911911010742,-0.003611642634496093,0,63.30603885650635
71.4075870513916,2.0799599980464234,0.20878872343374302,0.376850202203175,0.48571433401981023,0.15582860693897854,99,100,0.008655879646539688,-0.0033864565193653107,0,63.40654635429382
71.50863480567932,2.079959998049103,0.20878872343380084,0.37684527562416026,0.48571433401981023,0.15582860693897854,99,100,0.00865437462925911,-0.003907320089638233,0,63.50759410858154
71.60013318061829,2.0799599980474377,0.20878872343376512,0.376844000960787,0.48571433401981023,0.15582860693897854,99,100,0.008655263110995293,-0.0035395403392612934,0,63.59909248352051
71.70939326286316,2.0799599980493997,0.20878872343380742,0.37684388173535704,0.48571433401981023,0.15582860693897854,99,100,0.008646647445857525,-0.0033134957775473595,0,63.70835256576538
71.80723476409912,2.079959998048174,0.20878872343378133,0.37684103699280974,0.48571433401981023,0.15582860693897854,99,100,0.008690373972058296,-0.003042182419449091,0,63.80619406700134
71.90891909599304,2.0799599980493073,0.20878872343380578,0.37683664998019173,0.48571433401981023,0.15582860693897854,99,100,0.008667527697980404,-0.0030499924905598164,0,63.907878398895264
72.0074610710144,2.0799599980477272,0.2087887234337718,0.37684077356921486,0.48571433401981023,0.15582860693897854,99,100,0.00867768656462431,-0.0032098419032990932,0,64.00642037391663
72.10838413238525,2.0799599980492323,0.2087887234338044,0.37683829440625216,0.48571433401981023,0.15582860693897854,99,100,0.008654818870127201,-0.0032778065651655197,0,64.10734343528748
72.20902228355408,2.079959998047426,0.2087887234337658,0.3768375336993751,0.48571433401981023,0.15582860693897854,99,100,0.008665015920996666,-0.0034367311745882034,0,64.2079815864563
72.30933213233948,2.0799599980491656,0.20878872343380325,0.37683785379007867,0.48571433401981023,0.15582860693897854,99,100,0.008647847920656204,-0.003363630035892129,0,64.3082914352417
72.40777730941772,2.0799599980479635,0.20878872343377744,0.3768431618205636,0.48571433401981023,0.15582860693897854,99,100,0.008659872226417065,-0.003159826621413231,0,64.40673661231995
72.5089042186737,2.0799599980492127,0.20878872343380403,0.376854883051342,0.48571433401981023,0.15582860693897854,99,100,0.008657218888401985,-0.003621057141572237,0,64.50786352157593
72.60769629478455,2.0799599980473724,0.20878872343376398,0.3768580335486207,0.48571433401981023,0.15582860693897854,99,100,0.008661359548568726,-0.0035339780151844025,0,64.60665559768677
72.71046853065491,2.0799599980490617,0.2087887234338006,0.37686697998123,0.48571433401981023,0.15582860693897854,99,100,0.008650443516671658,-0.0038220046553760767,0,64.70942783355713
72.80729246139526,2.0799599980478622,0.20878872343377447,0.3768620098984527,0.48571433401981023,0.15582860693897854,99,100,0.008656580001115799,-0.0037007355131208897,0,64.80625176429749
72.90791416168213,2.0799599980490258,0.20878872343379978,0.37685991557890164,0.48571433401981023,0.15582860693897854,99,100,0.008643262088298798,-0.0036210480611771345,0,64.90687346458435
73.0083954334259,2.079959998047979,0.20878872343377672,0.3768690166976619,0.48571433401981023,0.15582860693897854,99,100,0.00865907035768032,-0.003763084299862385,0,65.00735473632812
73.11169242858887,2.0799599980489965,0.20878872343379887,0.3768687340802063,0.48571433401981023,0.15582860693897854,99,100,0.00864668283611536,-0.004049902316182852,0,65.11065173149109
73.20670294761658,2.0799599980480363,0.2087887234337779,0.37687682134848616,0.48571433401981023,0.15582860693897854,99,100,0.008653431199491024,-0.003945293836295605,0,65.2056622505188
73.31090641021729,2.079959998049027,0.20878872343379953,0.3768769789136303,0.48571433401981023,0.15582860693897854,99,100,0.008643733337521553,-0.004195484332740307,0,65.3098657131195
73.40837335586548,2.0799599980481625,0.20878872343378058,0.3768812227164555,0.48571433401981023,0.15582860693897854,99,100,0.008648923598229885,-0.003759920597076416,0,65.4073326587677
73.50787663459778,2.0799599980488885,0.2087887234337965,0.37688655397307247,0.48571433401981023,0.15582860693897854,99,100,0.008644847199320793,-0.00400241743773222,0,65.5068359375
73.60872888565063,2.079959998048231,0.20878872343378213,0.3768863612846194,0.48571433401981023,0.15582860693897854,99,100,0.008655083365738392,-0.003987202886492014,0,65.60768818855286
73.70962023735046,2.079959998049012,0.2087887234337991,0.37688638859346657,0.48571433401981023,0.15582860693897854,99,100,0.008642442524433136,-0.004084221553057432,0,65.70857954025269
73.80790853500366,2.0799599980484866,0.2087887234337876,0.37688894466124157,0.48571433401981023,0.15582860693897854,99,100,0.00865270011126995,-0.003938667476177216,0,65.80686783790588
73.90754532814026,2.0799599980488943,0.2087887234337965,0.376885416895787,0.48571433401981023,0.15582860693897854,99,100,0.008646245114505291,-0.004421330522745848,0,65.90650463104248
74.00099182128906,2.079959998048507,0.2087887234337879,0.3768834477193114,0.48571433401981023,0.15582860693897854,99,100,0.008648460730910301,-0.004083222709596157,0,65.99995112419128
74.10802507400513,2.079959998048882,0.2087887234337962,0.3768775612004763,0.48571433401981023,0.15582860693897854,99,100,0.008640408515930176,-0.004160928539931774,0,66.10698437690735
74.20010280609131,2.0799599980485652,0.2087887234337891,0.376881965994206,0.48571433401981023,0.15582860693897854,99,100,0.008654710836708546,-0.0042939623817801476,0,66.19906210899353
74.30715298652649,2.079959998048869,0.20878872343379581,0.3768929588717326,0.48571433401981023,0.15582860693897854,99,100,0.008640303276479244,-0.004426066298037767,0,66.30611228942871
74.40057158470154,2.0799599980484516,0.20878872343378652,0.3768962761045389,0.48571433401981023,0.15582860693897854,99,100,0.008649169467389584,-0.004218856804072857,0,66.39953088760376
74.50117635726929,2.079959998048847,0.20878872343379534,0.3769004696371183,0.48571433401981023,0.15582860693897854,99,100,0.008639407344162464,-0.004226149059832096,0,66.50013566017151
74.60254955291748,2.0799599980486954,0.20878872343379185,0.37689803342667016,0.48571433401981023,0.15582860693897854,99,100,0.008652446791529655,-0.004160566721111536,0,66.6015088558197
74.70150709152222,2.079959998048528,0.20878872343378815,0.37689602399902605,0.48571433401981023,0.15582860693897854,99,100,0.008641735650599003,-0.004289144184440374,0,66.70046639442444
74.80325150489807,2.0799599980482038,0.2087887234337811,0.3768931159306081,0.48571433401981023,0.15582860693897854,99,100,0.008650355972349644,-0.004018445033580065,0,66.8022108078003
74.89995384216309,2.0799599980487984,0.20878872343379404,0.3769052178223591,0.48571433401981023,0.15582860693897854,99,100,0.008643064647912979,-0.004193642642349005,0,66.89891314506531
75.0092043876648,2.079959998048703,0.20878872343379185,0.3769086079843688,0.48571433401981023,0.15582860693897854,99,100,0.00865483283996582,-0.00430037546902895,0,67.00816369056702
75.1066665649414,2.079959998048812,0.20878872343379426,0.37690380928036943,0.48571433401981023,0.15582860693897854,99,100,0.00863846018910408,-0.004227328114211559,0,67.10562586784363
75.20774722099304,2.0799599980486523,0.2087887234337906,0.3769122617480333,0.48571433401981023,0.15582860693897854,99,100,0.008654768578708172,-0.004451712127774954,0,67.20670652389526
75.30713534355164,2.0799599980488503,0.20878872343379506,0.37691446290006936,0.48571433401981023,0.15582860693897854,99,100,0.008634738624095917,-0.0041148243471980095,0,67.30609464645386
75.40022706985474,2.0799599980487398,0.20878872343379254,0.37691161262941814,0.48571433401981023,0.15582860693897854,99,100,0.0086568808183074,-0.0044874148443341255,0,67.39918637275696
75.50414538383484,2.0799599980488432,0.20878872343379476,0.3769160109803703,0.48571433401981023,0.15582860693897854,99,100,0.008638179861009121,-0.004436253570020199,0,67.50310468673706
75.61202239990234,2.0799599980486874,0.20878872343379135,0.376909356774897,0.48571433401981023,0.15582860693897854,99,100,0.00865168683230877,-0.0045016915537416935,0,67.61098170280457
75.70865321159363,2.0799599980488392,0.2087887234337946,0.3769017056300019,0.48571433401981023,0.15582860693897854,99,100,0.008638187311589718,-0.00455841887742281,0,67.70761251449585
75.80166411399841,2.079959998048703,0.20878872343379173,0.3768938868266051,0.48571433401981023,0.15582860693897854,99,100,0.008649556897580624,-0.004502263851463795,0,67.80062341690063
75.90747547149658,2.079959998048832,0.20878872343379473,0.3768899821483581,0.48571433401981023,0.15582860693897854,99,100,0.008635811507701874,-0.004343176260590553,0,67.9064347743988
76.00668597221375,2.0799599980486687,0.2087887234337911,0.37688302465068163,0.48571433401981023,0.15582860693897854,99,100,0.0086511904373765,-0.004260594956576824,0,68.00564527511597
76.10885763168335,2.0799599980488366,0.20878872343379468,0.376885453886234,0.48571433401981023,0.15582860693897854,99,100,0.00863705761730671,-0.0039405981078743935,0,68.10781693458557
76.20928382873535,2.0799599980487233,0.20878872343379223,0.37688025398742053,0.48571433401981023,0.15582860693897854,99,100,0.008657444268465042,-0.004112609196454287,0,68.20824313163757
76.30702519416809,2.079959998048558,0.20878872343378874,0.37687596258744444,0.48571433401981023,0.15582860693897854,99,100,0.008641521446406841,-0.004022093489766121,0,68.30598449707031
76.40733456611633,2.0799599980487016,0.208788723433792,0.37688213467421405,0.48571433401981023,0.15582860693897854,99,100,0.008657285943627357,-0.00423651747405529,0,68.40629386901855
76.50778388977051,2.079959998048831,0.20878872343379448,0.3768758693826738,0.48571433401981023,0.15582860693897854,99,100,0.008638028055429459,-0.003971828147768974,0,68.50674319267273
76.60025477409363,2.079959998048718,0.20878872343379176,0.3768766091701144,0.48571433401981023,0.15582860693897854,99,100,0.008655497804284096,-0.004052952863276005,0,68.59921407699585
76.70018291473389,2.079959998048819,0.20878872343379412,0.3768819408770934,0.48571433401981023,0.15582860693897854,99,100,0.008644289337098598,-0.0042945328168570995,0,68.69914221763611
76.81047177314758,2.079959998048724,0.20878872343379234,0.3768759197224309,0.48571433401981023,0.15582860693897854,99,100,0.008650517091155052,-0.0040444075129926205,0,68.8094310760498
76.90775156021118,2.079959998048817,0.2087887234337944,0.3768727696310627,0.48571433401981023,0.15582860693897854,99,100,0.00864114798605442,-0.004059329628944397,0,68.9067108631134
77.00860238075256,2.0799599980487593,0.20878872343379312,0.37686188408026744,0.48571433401981023,0.15582860693897854,99,100,0.008653792552649975,-0.003976611420512199,0,69.00756168365479
77.10689306259155,2.079959998048818,0.20878872343379432,0.37686915489861866,0.48571433401981023,0.15582860693897854,99,100,0.008638273924589157,-0.0035946934949606657,0,69.10585236549377
77.20756983757019,2.0799599980487464,0.2087887234337927,0.3768760266188389,0.48571433401981023,0.15582860693897854,99,100,0.008660314604640007,-0.0038152162451297045,0,69.20652914047241
77.3072350025177,2.0799599980488113,0.20878872343379418,0.3768888574465308,0.48571433401981023,0.15582860693897854,99,100,0.008644222281873226,-0.003749101422727108,0,69.30619430541992
77.40252900123596,2.0799599980487695,0.2087887234337929,0.3768749213886578,0.48571433401981023,0.15582860693897854,99,100,0.008661962114274502,-0.004221232607960701,0,69.40148830413818
77.50689172744751,2.0799599980488144,0.20878872343379365,0.37687221326247344,0.48571433401981023,0.15582860693897854,99,100,0.00863933190703392,-0.004070250317454338,0,69.50585103034973
77.60454273223877,2.079959998048778,0.20878872343379307,0.3768746768999615,0.48571433401981023,0.15582860693897854,99,100,0.008652616292238235,-0.003987542353570461,0,69.60350203514099
77.7086889743805,2.0799599980488246,0.20878872343379423,0.3768881044183647,0.48571433401981023,0.15582860693897854,99,100,0.008641205728054047,-0.003929292317479849,0,69.70764827728271
77.80783891677856,2.0799599980487673,0.20878872343379315,0.3768877450515486,0.48571433401981023,0.15582860693897854,99,100,0.008656340651214123,-0.004027178976684809,0,69.80679821968079
77.90740633010864,2.0799599980488206,0.20878872343379448,0.3768958334009277,0.48571433401981023,0.15582860693897854,99,100,0.008642511442303658,-0.004075600299984217,0,69.90636563301086
78.00890707969666,2.079959998048811,0.20878872343379437,0.37690026594859005,0.48571433401981023,0.15582860693897854,99,100,0.00865481048822403,-0.004125908017158508,0,70.00786638259888
78.10173463821411,2.079959998048805,0.20878872343379445,0.37689750061143473,0.48571433401981023,0.15582860693897854,99,100,0.008641881868243217,-0.004250719211995602,0,70.10069394111633
78.20728826522827,2.0799599980487584,0.20878872343379343,0.3769003972677664,0.48571433401981023,0.15582860693897854,99,100,0.00865280069410801,-0.0042734998278319836,0,70.2062475681305
78.30739545822144,2.0799599980488073,0.2087887234337943,0.37691555966278434,0.48571433401981023,0.15582860693897854,99,100,0.008638878352940083,-0.004258499480783939,0,70.30635476112366
78.40862822532654,2.079959998048782,0.20878872343379348,0.37691740241392846,0.48571433401981023,0.15582860693897854,99,100,0.008658777922391891,-0.004933704622089863,0,70.40758752822876
78.5084342956543,2.0799599980488166,0.2087887234337941,0.37691798798748516,0.48571433401981023,0.15582860693897854,99,100,0.008629260584712029,-0.0045561157166957855,0,70.50739359855652
78.60131192207336,2.0799599980487935,0.20878872343379337,0.376920835606052,0.48571433401981023,0.15582860693897854,99,100,0.008647962473332882,-0.004663469269871712,0,70.60027122497559
78.7075846195221,2.0799599980488166,0.20878872343379376,0.37692417601438344,0.48571433401981023,0.15582860693897854,99,100,0.00863360334187746,-0.0045398324728012085,0,70.70654392242432
78.80047798156738,2.0799599980487686,0.20878872343379254,0.37692744994194133,0.48571433401981023,0.15582860693897854,99,100,0.008650202304124832,-0.004637311678379774,0,70.7994372844696
78.90696620941162,2.0799599980488166,0.20878872343379343,0.37692846307445954,0.48571433401981023,0.15582860693897854,99,100,0.008636780083179474,-0.004662857390940189,0,70.90592551231384
79.00761651992798,2.079959998048785,0.2087887234337925,0.37692257376138516,0.48571433401981023,0.15582860693897854,99,100,0.008652012795209885,-0.004935351200401783,0,71.0065758228302
79.10685181617737,2.0799599980488144,0.20878872343379296,0.37693045135523984,0.48571433401981023,0.15582860693897854,99,100,0.008633019402623177,-0.004937815945595503,0,71.10581111907959
79.20750308036804,2.0799599980487966,0.2087887234337923,0.37693287858343294,0.48571433401981023,0.15582860693897854,99,100,0.00864354893565178,-0.0048019783571362495,0,71.20646238327026
79.30698919296265,2.0799599980488104,0.2087887234337927,0.37693093021335655,0.48571433401981023,0.15582860693897854,99,100,0.008633136749267578,-0.004826614633202553,0,71.30594849586487
79.40058946609497,2.079959998048789,0.20878872343379265,0.3769410961490434,0.48571433401981023,0.15582860693897854,99,100,0.008646594360470772,-0.0047791386023163795,0,71.39954876899719
79.50094056129456,2.079959998048804,0.20878872343379332,0.37694083484730406,0.48571433401981023,0.15582860693897854,99,100,0.008634917438030243,-0.004801456350833178,0,71.49989986419678
79.60727143287659,2.0799599980487846,0.20878872343379326,0.37693579119210024,0.48571433401981023,0.15582860693897854,99,100,0.008649216964840889,-0.00489630363881588,0,71.60623073577881
79.70726943016052,2.0799599980487984,0.20878872343379382,0.37693149187737046,0.48571433401981023,0.15582860693897854,99,100,0.008634163066744804,-0.004888280760496855,0,71.70622873306274
79.80695486068726,2.079959998048775,0.20878872343379368,0.37693787282100477,0.48571433401981023,0.15582860693897854,99,100,0.008647563867270947,-0.004911980126053095,0,71.80591416358948
79.90769600868225,2.0799599980487895,0.20878872343379432,0.37693515763785895,0.48571433401981023,0.15582860693897854,99,100,0.008633102290332317,-0.004825449548661709,0,71.90665531158447
80.007493019104,2.079959998048782,0.20878872343379412,0.3769378298353785,0.48571433401981023,0.15582860693897854,99,100,0.008645144291222095,-0.004525412805378437,0,72.00645232200623
80.10029673576355,2.0799599980487873,0.20878872343379426,0.37695913096508554,0.48571433401981023,0.15582860693897854,99,100,0.008638616651296616,-0.004654071293771267,0,72.09925603866577
80.23256063461304,2.079959998048795,0.2087887234337944,0.37696466472886403,0.48571433401981023,0.15582860693897854,99,100,0.008660693652927876,-0.005759280640631914,0,72.23151993751526
80.30602669715881,2.079959998048795,0.2087887234337944,0.37696466472886403,0.48571433401981023,0.15582860693897854,99,100,0.008660693652927876,-0.005759280640631914,0,72.30498600006104
80.40062308311462,2.0799599980487926,0.2087887234337943,0.3769498158736531,0.48571433401981023,0.15582860693897854,99,100,0.008641044609248638,-0.0052883499301970005,0,72.39958238601685
80.50201964378357,2.079959998048811,0.20878872343379476,0.3769544359654227,0.48571433401981023,0.15582860693897854,99,100,0.008623196743428707,-0.004686225205659866,0,72.50097894668579
80.61302924156189,2.079959998048809,0.20878872343379473,0.3769392583827766,0.48571433401981023,0.15582860693897854,99,100,0.00865198951214552,-0.005116995889693499,0,72.61198854446411
80.700688123703,2.0799599980488064,0.20878872343379468,0.3769360383308915,0.48571433401981023,0.15582860693897854,99,100,0.008629659190773964,-0.00474231131374836,0,72.69964742660522
80.80733394622803,2.079959998048805,0.20878872343379468,0.376943587301142,0.48571433401981023,0.15582860693897854,99,100,0.008649121038615704,-0.004896653816103935,0,72.80629324913025
80.90803647041321,2.07995999804882,0.20878872343379493,0.37694042191719795,0.48571433401981023,0.15582860693897854,99,100,0.008632266893982887,-0.004669126123189926,0,72.90699577331543
81.01022171974182,2.079959998048818,0.20878872343379487,0.3769426523604838,0.48571433401981023,0.15582860693897854,99,100,0.00865160208195448,-0.004948068410158157,0,73.00918102264404
81.10742521286011,2.0799599980488233,0.20878872343379506,0.3769374872052698,0.48571433401981023,0.15582860693897854,99,100,0.008632952347397804,-0.004888024181127548,0,73.10638451576233
81.2074294090271,2.0799599980488224,0.20878872343379493,0.37694638617765835,0.48571433401981023,0.15582860693897854,99,100,0.00864521786570549,-0.004830892663449049,0,73.20638871192932
81.30725431442261,2.079959998048828,0.20878872343379504,0.3769350655611718,0.48571433401981023,0.15582860693897854,99,100,0.00863573420792818,-0.005104971583932638,0,73.30621361732483
81.40082740783691,2.079959998048826,0.20878872343379498,0.3769357483783503,0.48571433401981023,0.15582860693897854,99,100,0.008643792010843754,-0.004990816581994295,0,73.39978671073914
81.50101041793823,2.0799599980488312,0.20878872343379506,0.37693983606407605,0.48571433401981023,0.15582860693897854,99,100,0.00863119587302208,-0.004891187883913517,0,73.49996972084045
81.60729169845581,2.079959998048829,0.20878872343379504,0.37694343318749357,0.48571433401981023,0.15582860693897854,99,100,0.00864715687930584,-0.004894691985100508,0,73.60625100135803
81.7077214717865,2.079959998048835,0.2087887234337951,0.37694353418326376,0.48571433401981023,0.15582860693897854,99,100,0.008634310215711594,-0.00489541981369257,0,73.70668077468872
81.80721759796143,2.0799599980488335,0.208788723433795,0.3769436630023965,0.48571433401981023,0.15582860693897854,99,100,0.008648277260363102,-0.004955827724188566,0,73.80617690086365
81.90766382217407,2.079959998048838,0.20878872343379512,0.3769411236633964,0.48571433401981023,0.15582860693897854,99,100,0.008633216843008995,-0.004990736488252878,0,73.9066231250763
82.00715255737305,2.079959998048836,0.20878872343379506,0.3769398961663096,0.48571433401981023,0.15582860693897854,99,100,0.008644799701869488,-0.004975403659045696,0,74.00611186027527
82.10726952552795,2.0799599980488397,0.20878872343379518,0.376938754586486,0.48571433401981023,0.15582860693897854,99,100,0.008631129749119282,-0.004916032776236534,0,74.10622882843018
82.20772671699524,2.0799599980488384,0.20878872343379512,0.3769426139430853,0.48571433401981023,0.15582860693897854,99,100,0.008646132424473763,-0.004914713092148304,0,74.20668601989746
82.30721092224121,2.079959998048841,0.2087887234337952,0.3769408176863508,0.48571433401981023,0.15582860693897854,99,100,0.008633425459265709,-0.004893478937447071,0,74.30617022514343
82.40102291107178,2.0799599980488384,0.20878872343379515,0.3769498670020192,0.48571433401981023,0.15582860693897854,99,100,0.008647732436656952,-0.004921335726976395,0,74.399982213974
82.50721335411072,2.0799599980488424,0.20878872343379523,0.376942734079264,0.48571433401981023,0.15582860693897854,99,100,0.008634362369775772,-0.004948980640619993,0,74.50617265701294
82.60017824172974,2.0799599980488424,0.2087887234337952,0.3769474619622172,0.48571433401981023,0.15582860693897854,99,100,0.008645706810057163,-0.004798595793545246,0,74.59913754463196
82.70753884315491,2.079959998048844,0.20878872343379523,0.37694628920598655,0.48571433401981023,0.15582860693897854,99,100,0.008636118844151497,-0.00493658659979701,0,74.70649814605713
82.79998707771301,2.079959998048843,0.20878872343379518,0.3769415225917875,0.48571433401981023,0.15582860693897854,99,100,0.008647947572171688,-0.004997156094759703,0,74.79894638061523
82.90755772590637,2.079959998048846,0.20878872343379523,0.3769355396586137,0.48571433401981023,0.15582860693897854,99,100,0.008632121607661247,-0.005002974532544613,0,74.9065170288086
83.00029420852661,2.079959998048845,0.20878872343379518,0.37693271613197177,0.48571433401981023,0.15582860693897854,99,100,0.008643871173262596,-0.004927989561110735,0,74.99925351142883
83.10879158973694,2.0799599980488437,0.2087887234337951,0.376935828216372,0.48571433401981023,0.15582860693897854,99,100,0.008631646633148193,-0.004889911040663719,0,75.10775089263916
83.20790576934814,2.079959998048846,0.20878872343379518,0.37694011936355687,0.48571433401981023,0.15582860693897854,99,100,0.008648212999105453,-0.005070075858384371,0,75.20686507225037
83.30759119987488,2.079959998048846,0.20878872343379518,0.3769487674712231,0.48571433401981023,0.15582860693897854,99,100,0.008629275485873222,-0.004828175995498896,0,75.3065505027771
83.40734314918518,2.079959998048847,0.2087887234337953,0.3769449153937205,0.48571433401981023,0.15582860693897854,99,100,0.008649596944451332,-0.00520333694294095,0,75.4063024520874
83.50766468048096,2.079959998048846,0.2087887234337953,0.3769480808331757,0.48571433401981023,0.15582860693897854,99,100,0.008627953939139843,-0.005006265360862017,0,75.50662398338318
83.60749554634094,2.0799599980488477,0.20878872343379545,0.3769494025180462,0.48571433401981023,0.15582860693897854,99,100,0.0086438013240695,-0.00503807608038187,0,75.60645484924316
83.70040774345398,2.079959998048847,0.2087887234337955,0.37694880640586176,0.48571433401981023,0.15582860693897854,99,100,0.008631177246570587,-0.005026046186685562,0,75.6993670463562
83.80757069587708,2.079959998048849,0.20878872343379562,0.37694489899287037,0.48571433401981023,0.15582860693897854,99,100,0.008645483292639256,-0.005039338022470474,0,75.8065299987793
83.90001487731934,2.0799599980488503,0.2087887234337958,0.37693789511777553,0.48571433401981023,0.15582860693897854,99,100,0.008631272241473198,-0.0049904268234968185,0,75.89897418022156
84.0076174736023,2.0799599980488503,0.2087887234337959,0.37694498386692066,0.48571433401981023,0.15582860693897854,99,100,0.008646366186439991,-0.00513305002823472,0,76.00657677650452
84.10812759399414,2.0799599980488526,0.20878872343379604,0.3769513811158088,0.48571433401981023,0.15582860693897854,99,100,0.008627920411527157,-0.0049125333316624165,0,76.10708689689636
84.20798301696777,2.079959998048853,0.20878872343379615,0.3769556390323352,0.48571433401981023,0.15582860693897854,99,100,0.008647365495562553,-0.005202245898544788,0,76.20694231987
84.30763483047485,2.079959998048852,0.2087887234337963,0.3769522637116203,0.48571433401981023,0.15582860693897854,99,100,0.008628398180007935,-0.005107874050736427,0,76.30659413337708
84.40920352935791,2.079959998048856,0.20878872343379642,0.37694758557902913,0.48571433401981023,0.15582860693897854,99,100,0.008642713539302349,-0.005112087354063988,0,76.40816283226013
84.50298070907593,2.079959998048858,0.20878872343379654,0.3769454886865745,0.48571433401981023,0.15582860693897854,99,100,0.0086299953982234,-0.005065608769655228,0,76.50194001197815
84.607492685318,2.07995999804886,0.2087887234337966,0.3769485207707113,0.48571433401981023,0.15582860693897854,99,100,0.008645285852253437,-0.005098298192024231,0,76.60645198822021
84.70769810676575,2.079959998048863,0.2087887234337967,0.3769504703802373,0.48571433401981023,0.15582860693897854,99,100,0.008630326949059963,-0.004992695525288582,0,76.70665740966797
84.80789184570312,2.0799599980488646,0.20878872343379679,0.3769571516160889,0.48571433401981023,0.15582860693897854,99,100,0.008645252324640751,-0.005013150628656149,0,76.80685114860535
84.90750408172607,2.0799599980488677,0.2087887234337968,0.37695410723411266,0.48571433401981023,0.15582860693897854,99,100,0.008632659912109375,-0.005082722753286362,0,76.9064633846283
85.00806474685669,2.07995999804887,0.20878872343379687,0.3769505757049817,0.48571433401981023,0.15582860693897854,99,100,0.008641421794891357,-0.004669193644076586,0,77.00702404975891
85.10717725753784,2.0799599980488725,0.20878872343379692,0.3769467638345968,0.48571433401981023,0.15582860693897854,99,100,0.00863928534090519,-0.005100090056657791,0,77.10613656044006
85.20801877975464,2.0799599980488743,0.20878872343379698,0.37694008602042806,0.48571433401981023,0.15582860693897854,99,100,0.008645414374768734,-0.004985382780432701,0,77.20697808265686
85.30029249191284,2.0799599980488748,0.208788723433797,0.37693713470939777,0.48571433401981023,0.15582860693897854,99,100,0.00863298773765564,-0.0050315167754888535,0,77.29925179481506
85.40049576759338,2.079959998048878,0.20878872343379706,0.37694369323546023,0.48571433401981023,0.15582860693897854,99,100,0.0086451331153512,-0.004926284309476614,0,77.3994550704956
85.50714325904846,2.079959998048879,0.20878872343379712,0.3769401782321008,0.48571433401981023,0.15582860693897854,99,100,0.00863309483975172,-0.0048897541128098965,0,77.50610256195068
85.60301041603088,2.0799599980488805,0.20878872343379712,0.37693385298415055,0.48571433401981023,0.15582860693897854,99,100,0.008648647926747799,-0.005005031358450651,0,77.6019697189331
85.70951437950134,2.0799599980488823,0.20878872343379723,0.3769310359695506,0.48571433401981023,0.15582860693897854,99,100,0.008629598654806614,-0.004689708352088928,0,77.70847368240356
85.80125117301941,2.0799599980488828,0.20878872343379723,0.3769375038220915,0.48571433401981023,0.15582860693897854,99,100,0.008648466318845749,-0.0047976430505514145,0,77.80021047592163
85.9073748588562,2.079959998048885,0.20878872343379729,0.3769210654552066,0.48571433401981023,0.15582860693897854,99,100,0.0086339320987463,-0.004742081742733717,0,77.90633416175842
86.00736665725708,2.079959998048886,0.2087887234337973,0.3769187107636392,0.48571433401981023,0.15582860693897854,99,100,0.00864596851170063,-0.00449811015278101,0,78.0063259601593
86.10225415229797,2.0799599980488863,0.20878872343379734,0.3769189861693587,0.48571433401981023,0.15582860693897854,99,100,0.008638622239232063,-0.004611116833984852,0,78.1012134552002
86.20062112808228,2.079959998048888,0.20878872343379742,0.3769215112482144,0.48571433401981023,0.15582860693897854,99,100,0.008650459349155426,-0.004594618454575539,0,78.1995804309845
86.30728960037231,2.079959998048889,0.20878872343379742,0.37691730766838905,0.48571433401981023,0.15582860693897854,99,100,0.008637217804789543,-0.0046097282320261,0,78.30624890327454
86.40701246261597,2.0799599980488903,0.20878872343379748,0.37691794892469777,0.48571433401981023,0.15582860693897854,99,100,0.008647934533655643,-0.004371019545942545,0,78.40597176551819
86.50731301307678,2.0799599980488916,0.2087887234337975,0.37692479000307244,0.48571433401981023,0.15582860693897854,99,100,0.008640178479254246,-0.00453643174842,0,78.506272315979
86.60942196846008,2.0799599980488925,0.2087887234337975,0.37692823078613474,0.48571433401981023,0.15582860693897854,99,100,0.008654162287712097,-0.004861145745962858,0,78.6083812713623
86.70745038986206,2.079959998048894,0.20878872343379754,0.37692308228616306,0.48571433401981023,0.15582860693897854,99,100,0.008630175143480301,-0.004507333971560001,0,78.70640969276428
86.80158591270447,2.0799599980488948,0.20878872343379754,0.3769207275973914,0.48571433401981023,0.15582860693897854,99,100,0.00865042395889759,-0.004739569965749979,0,78.80054521560669
86.90725541114807,2.0799599980488956,0.20878872343379754,0.376918626145244,0.48571433401981023,0.15582860693897854,99,100,0.008633854798972607,-0.004662412218749523,0,78.9062147140503
87.0077292919159,2.079959998048896,0.20878872343379754,0.37691354097208124,0.48571433401981023,0.15582860693897854,99,100,0.008647854439914227,-0.004610381554812193,0,79.00668859481812
87.10682153701782,2.079959998048897,0.2087887234337975,0.37692182808967123,0.48571433401981023,0.15582860693897854,99,100,0.0086363535374403,-0.004595555365085602,0,79.10578083992004
87.2022910118103,2.0799599980488974,0.2087887234337975,0.3769257398753149,0.48571433401981023,0.15582860693897854,99,100,0.008649790659546852,-0.004555854946374893,0,79.20125031471252
87.30748224258423,2.0799599980488983,0.2087887234337975,0.3769199030768698,0.48571433401981023,0.15582860693897854,99,100,0.00863790325820446,-0.004604728892445564,0,79.30644154548645
87.4082350730896,2.0799599980488988,0.2087887234337975,0.37691054977708416,0.48571433401981023,0.15582860693897854,99,100,0.008650703355669975,-0.004651066847145557,0,79.40719437599182
87.50788950920105,2.079959998048899,0.2087887234337975,0.37690235607608336,0.48571433401981023,0.15582860693897854,99,100,0.008636190555989742,-0.004627562128007412,0,79.50684881210327
87.60109901428223,2.079959998048899,0.2087887234337975,0.3769072526453752,0.48571433401981023,0.15582860693897854,99,100,0.008647059090435505,-0.004350203089416027,0,79.60005831718445
87.70772004127502,2.079959998048899,0.2087887234337975,0.37690677841598064,0.48571433401981023,0.15582860693897854,99,100,0.008639048784971237,-0.004380898550152779,0,79.70667934417725
87.80789566040039,2.079959998048899,0.2087887234337975,0.3769158763315041,0.48571433401981023,0.15582860693897854,99,100,0.008654836565256119,-0.004635155200958252,0,79.80685496330261
87.90733408927917,2.079959998048899,0.2087887234337975,0.3769057351437682,0.48571433401981023,0.15582860693897854,99,100,0.008634516969323158,-0.004381259437650442,0,79.9062933921814
88.00779604911804,2.079959998048899,0.2087887234337975,0.37690461899213745,0.48571433401981023,0.15582860693897854,99,100,0.008650843054056168,-0.004323190078139305,0,80.00675535202026
88.10754895210266,2.079959998048899,0.2087887234337975,0.37691089096170066,0.48571433401981023,0.15582860693897854,99,100,0.008640102110803127,-0.004382465034723282,0,80.10650825500488
88.207927942276,2.079959998048899,0.2087887234337975,0.3769151297725676,0.48571433401981023,0.15582860693897854,99,100,0.008649902418255806,-0.0041314284317195415,0,80.20688724517822
88.30110692977905,2.079959998048899,0.2087887234337975,0.3769219044187659,0.48571433401981023,0.15582860693897854,99,100,0.008646450005471706,-0.004749766550958157,0,80.30006623268127
88.40730476379395,2.079959998048899,0.2087887234337975,0.37691737152390015,0.48571433401981023,0.15582860693897854,99,100,0.008647612296044827,-0.004547543823719025,0,80.40626406669617
88.5076835155487,2.079959998048899,0.2087887234337975,0.37692179813999765,0.48571433401981023,0.15582860693897854,99,100,0.008634942583739758,-0.004465372767299414,0,80.50664281845093
88.60722923278809,2.079959998048899,0.2087887234337975,0.37692002897192295,0.48571433401981023,0.15582860693897854,99,100,0.008653899654746056,-0.004819750785827637,0,80.60618853569031
88.70881152153015,2.079959998048899,0.2087887234337975,0.37691414118938094,0.48571433401981023,0.15582860693897854,99,100,0.008631829172372818,-0.004604020155966282,0,80.70777082443237
88.80005049705505,2.079959998048899,0.2087887234337975,0.3769148415062054,0.48571433401981023,0.15582860693897854,99,100,0.008648033253848553,-0.004654707852751017,0,80.79900979995728
88.90782022476196,2.079959998048899,0.2087887234337975,0.37691967706746476,0.48571433401981023,0.15582860693897854,99,100,0.008633513003587723,-0.004491657949984074,0,80.90677952766418
89.00356841087341,2.079959998048899,0.2087887234337975,0.3769186986892456,0.48571433401981023,0.15582860693897854,99,100,0.008650971576571465,-0.004602963104844093,0,81.00252771377563
89.10719752311707,2.079959998048899,0.2087887234337975,0.37691274416843035,0.48571433401981023,0.15582860693897854,99,100,0.008632902055978775,-0.004183528479188681,0,81.10615682601929
89.2094132900238,2.079959998048899,0.2087887234337975,0.376913160275553,0.48571433401981023,0.15582860693897854,99,100,0.008657025173306465,-0.004563303664326668,0,81.20837259292603
89.30768990516663,2.079959998048899,0.2087887234337975,0.3769122999341123,0.48571433401981023,0.15582860693897854,99,100,0.00864048395305872,-0.004762191325426102,0,81.30664920806885
89.40086030960083,2.079959998048899,0.2087887234337975,0.3769158930550732,0.48571433401981023,0.15582860693897854,99,100,0.008644063025712967,-0.004238177556544542,0,81.39981961250305
89.50806617736816,2.079959998048899,0.2087887234337975,0.37690797265702247,0.48571433401981023,0.15582860693897854,99,100,0.00864507257938385,-0.004894977435469627,0,81.50702548027039
89.60263538360596,2.079959998048899,0.2087887234337975,0.37691420039955686,0.48571433401981023,0.15582860693897854,99,100,0.008644072338938713,-0.0044482690282166,0,81.60159468650818
89.70000529289246,2.079959998048899,0.2087887234337975,0.3769106420597253,0.48571433401981023,0.15582860693897854,99,100,0.008637388236820698,-0.004557276144623756,0,81.69896459579468
89.80134892463684,2.079959998048899,0.2087887234337975,0.37691027615699907,0.48571433401981023,0.15582860693897854,99,100,0.008651849813759327,-0.004708374850451946,0,81.80030822753906
89.90753102302551,2.079959998048899,0.2087887234337975,0.37691100974220504,0.48571433401981023,0.15582860693897854,99,100,0.008633180521428585,-0.0044611613266170025,0,81.90649032592773
90.00679445266724,2.079959998048899,0.2087887234337975,0.3769119428476372,0.48571433401981023,0.15582860693897854,99,100,0.00865162629634142,-0.0045623695477843285,0,82.00575375556946
