t,fwd,lat,clear_geo,plan_clear,plan_lat_at_box,lc_box,gc_box,v,w,box_pts,box_age
0.0003216266632080078,0.0,0.0,0.9538885848987437,nan,nan,99,100,0.0,0.0,136,0.0003216266632080078
0.10012102127075195,0.0,0.0,0.9538847968363802,0.12393340623580243,0.3935967966580594,99,100,0.0,0.0,136,0.10012102127075195
0.2018425464630127,0.0,0.0,0.9538773581426709,0.12393340623580243,0.3935967966580594,99,100,0.02,0.12,136,0.2018425464630127
0.3030052185058594,0.0011692304285797768,6.505747644111272e-06,0.9515639305737613,0.12393340623580243,0.3935967966580594,99,100,0.04,0.12094870209693909,144,0.3030052185058594
0.40302443504333496,0.00419357584766813,6.619593116331624e-05,0.9467943570784247,0.12393340623580243,0.3935967966580594,99,100,0.060000000000000005,0.16338999569416046,144,0.40302443504333496
0.5027170181274414,0.00863608346130435,0.00023051189950134448,0.9549500502347945,0.1094615693171613,0.3967176085021062,99,99,0.08,0.1809932142496109,143,0.0
0.6030662059783936,0.01378953102389445,0.0004906653832221397,0.9485635355317605,0.1094615693171613,0.3967176085021062,99,99,0.08395227789878845,0.18100912868976593,142,0.10034918785095215
0.7032685279846191,0.019567943186610478,0.0008484612770244443,0.9407890135405546,0.1094615693171613,0.3967176085021062,99,99,0.08244487643241882,0.1782808154821396,147,0.20055150985717773
0.8029522895812988,0.025199344831736345,0.0012845764599924252,0.9326656695611766,0.1094615693171613,0.3967176085021062,99,99,0.08157439529895782,0.15414690971374512,146,0.3002352714538574
0.9020943641662598,0.03102460225536524,0.0018064901396750903,0.9250856285471158,0.1094615693171613,0.3967176085021062,99,99,0.08126495778560638,0.129486545920372,145,0.39937734603881836
1.0025484561920166,0.037177240720762804,0.0024291551331587146,0.9168343204531705,0.1094615693171613,0.3967176085021062,99,99,0.08117903769016266,0.12522828578948975,152,0.4998314380645752
1.1050798892974854,0.04342233358550956,0.0031362304646264305,0.9230000443458559,0.13735826200499293,0.40008963773997197,99,99,0.0813395231962204,0.09853087365627289,176,0.0
1.2005038261413574,0.050025133937090495,0.003942741245118005,0.914976051159563,0.13735826200499293,0.40008963773997197,99,99,0.08144362270832062,0.09338727593421936,177,0.09542393684387207
1.3024885654449463,0.056604248167685965,0.005628246263166933,0.9078367827426814,0.13735826200499293,0.40008963773997197,99,99,0.08140788972377777,0.09601639211177826,188,0.19740867614746094
1.4031190872192383,0.06323161488946076,0.007158525673800663,0.90032398988714,0.13735826200499293,0.40008963773997197,99,99,0.08149851858615875,0.08430428802967072,177,0.29803919792175293
1.5024902820587158,0.07000664806449823,0.008091288085315932,0.8921338683491993,0.13735826200499293,0.40008963773997197,99,99,0.0814860388636589,0.08842725306749344,173,0.39741039276123047
1.603384017944336,0.07678957099054404,0.009083937164081912,0.8838979146503623,0.13735826200499293,0.40008963773997197,99,99,0.08143559843301773,0.08959804475307465,179,0.4983041286468506
1.7021760940551758,0.08353014779479477,0.01013390573109143,0.8690000243186953,0.14450690705852373,0.40008963773997197,99,99,0.08133504539728165,0.08691158890724182,194,0.0
1.8062021732330322,0.09031126302422007,0.011240096980515323,0.8606351291183405,0.14450690705852373,0.40008963773997197,99,99,0.08127374202013016,0.07536481320858002,191,0.10402607917785645
1.9023387432098389,0.09718118946595623,0.012419817764468728,0.8524988589230992,0.14450690705852373,0.40008963773997197,99,99,0.08142940700054169,0.06117653474211693,196,0.20016264915466309
2.0030691623687744,0.10438558663572674,0.013409441152064742,0.8435383256737261,0.14450690705852373,0.40008963773997197,99,99,0.08143317699432373,0.060240019112825394,214,0.30089306831359863
2.104454278945923,0.11159296162459219,0.014561662645869836,0.8354521595232146,0.14450690705852373,0.40008963773997197,99,99,0.0814325362443924,0.06582397222518921,215,0.40227818489074707
2.2025558948516846,0.1187153059067544,0.015947752274452196,0.8210000462532046,0.11635648492758324,0.3678369783791744,99,99,0.08147566020488739,0.06493537127971649,222,0.0
2.3028106689453125,0.12571058200771834,0.0173614623040209,0.8128013667222125,0.11635648492758324,0.3678369783791744,99,99,0.08129056543111801,0.08791136741638184,222,0.10025477409362793
2.4030306339263916,0.13256127532384956,0.01880526353577539,0.8043443902213899,0.11635648492758324,0.3678369783791744,99,99,0.08128280937671661,0.0903148204088211,229,0.20047473907470703
2.502779960632324,0.13922673741456,0.020267327747922836,0.7959585032254214,0.11635648492758324,0.3678369783791744,99,99,0.08131082355976105,0.07375463843345642,233,0.30022406578063965
2.6027379035949707,0.14612018379765504,0.02184595134702421,0.787511186677372,0.11635648492758324,0.3678369783791744,99,99,0.08134778589010239,0.0681496262550354,234,0.40018200874328613
2.7029006481170654,0.15308682105499868,0.023497852103196225,0.7728558896360828,0.11201309158913123,0.3678369783791744,99,99,0.08177237212657928,0.06136888638138771,250,0.0
2.802460193634033,0.16014978315004433,0.02522465843916424,0.7649992189079463,0.11201309158913123,0.3678369783791744,99,99,0.08198093622922897,0.06366204470396042,248,0.09955954551696777
2.9028186798095703,0.16720650329270162,0.02698726227888221,0.7563563345604435,0.11201309158913123,0.3678369783791744,99,99,0.08206849545240402,0.05145219340920448,244,0.19991803169250488
3.00351619720459,0.17441526736290847,0.028842846800708827,0.7483773361299805,0.11201309158913123,0.3678369783791744,99,99,0.08214952051639557,0.04703102260828018,249,0.3006155490875244
3.1033637523651123,0.1817309639395177,0.030766754717762308,0.7399084149608244,0.11201309158913123,0.3678369783791744,99,99,0.08180227875709534,0.03761621564626694,256,0.4004631042480469
3.204930543899536,0.1892312856341672,0.03276822300519078,0.7257540443795172,0.10888968533058194,0.36751100371883805,99,99,0.08147838711738586,0.023675993084907532,262,0.0
3.302539825439453,0.1968582875727037,0.034834927008105566,0.717955810354012,0.10888968533058194,0.36751100371883805,99,99,0.08093421161174774,0.012600410729646683,264,0.09760928153991699
3.403240442276001,0.20463181263470273,0.0372712438648439,0.7098146953492908,0.10888968533058194,0.36751100371883805,99,99,0.08106200397014618,0.006552159786224365,268,0.19830989837646484
3.5025715827941895,0.21245694883696983,0.039581379429138266,0.701504014975992,0.10888968533058194,0.36751100371883805,99,99,0.0814749225974083,0.010074201971292496,275,0.2976410388946533
3.6033341884613037,0.2200043997690238,0.04162708199357339,0.6936817135820883,0.10888968533058194,0.36751100371883805,99,99,0.08146210014820099,0.01773090660572052,283,0.3984036445617676
3.702800989151001,0.22785765100610628,0.0437680912811629,0.6854390717947348,0.10888968533058194,0.36751100371883805,99,99,0.08114507794380188,0.027215387672185898,289,0.49787044525146484
3.8028228282928467,0.23550968608032638,0.04587462015411856,0.6740573428654166,0.11454152021255018,0.36751100371883805,99,100,0.08130107074975967,0.03699733689427376,303,0.0
3.9005794525146484,0.24301226036093063,0.0479673428174017,0.6656096905438335,0.11454152021255018,0.36751100371883805,99,100,0.08118758350610733,0.03157879784703255,315,0.09775662422180176
4.003286838531494,0.25056058241591866,0.050099907040398746,0.6574507481183524,0.11454152021255018,0.36751100371883805,99,100,0.08126701414585114,0.02924441546201706,326,0.20046401023864746
4.102551221847534,0.258071833458232,0.05225339215067344,0.6493001580656531,0.11454152021255018,0.36751100371883805,99,100,0.08126075565814972,0.028121083974838257,326,0.2997283935546875
4.205219745635986,0.2657984725032533,0.05448695709417739,0.6409481201203019,0.11454152021255018,0.36751100371883805,99,100,0.08131188154220581,0.025820713490247726,339,0.40239691734313965
4.302634239196777,0.2733207921414814,0.056673919744797616,0.6329934213006242,0.12152435124054187,0.3744055325971303,99,100,0.080485038459301,0.009358633309602737,342,0.49981141090393066
4.403188943862915,0.2810138602110423,0.05893108169732183,0.6228172607886608,0.12500958429258727,0.3744055325971303,99,100,0.08011599630117416,-0.026829849928617477,339,0.0
4.502029180526733,0.28873730020240423,0.06118849712475361,0.6149154187377985,0.12500958429258727,0.3744055325971303,99,100,0.07994698733091354,0.011158442124724388,354,0.09884023666381836
4.602919340133667,0.2966267204537918,0.06288830335820687,0.6061803932644507,0.12500958429258727,0.3744055325971303,99,100,0.07999055832624435,0.001130465418100357,368,0.19973039627075195
4.703233003616333,0.30441412701342657,0.06480491306599047,0.5979713358389893,0.12500958429258727,0.3744055325971303,99,100,0.07997337728738785,-0.0018313154578208923,390,0.30004405975341797
4.802614212036133,0.31207239001204923,0.06709336648196837,0.5904399471325591,0.12500958429258727,0.3744055325971303,99,100,0.07999470829963684,-0.027606958523392677,377,0.3994252681732178
4.903111457824707,0.3196728397029163,0.06935201473232915,0.5828486051826508,0.12500958429258727,0.3744055325971303,99,100,0.07999800890684128,-0.017132693901658058,390,0.499922513961792
5.002440929412842,0.32727914384369183,0.0715888612116306,0.5762262182178435,0.10971181618706224,0.3744055325971303,99,100,0.08000127226114273,-0.04773133993148804,402,0.0
5.102944850921631,0.3347023782451951,0.07374820124755338,0.5691852566215241,0.10971181618706224,0.3744055325971303,99,100,0.07991878688335419,-0.11253667622804642,397,0.10050392150878906
5.202995538711548,0.3410893129246673,0.07556868426818866,0.5634116752657625,0.10971181618706224,0.3744055325971303,99,100,0.07998224347829819,-0.12475530058145523,395,0.20055460929870605
5.302383899688721,0.34716148086873266,0.07724874773111827,0.5586836567119434,0.1107397852328231,0.37572700483629035,99,100,0.07998784631490707,-0.07376877963542938,384,0.2999429702758789
5.404270648956299,0.353731561978099,0.0790116702186883,0.5523753600959201,0.1107397852328231,0.37572700483629035,99,100,0.08000171929597855,-0.05911509320139885,395,0.40182971954345703
5.503269910812378,0.36086149095793796,0.08088461712412016,0.552862692484225,0.12702736318901045,0.37572700483629035,99,99,0.08000225573778152,-0.06626971065998077,433,0.0
5.604446172714233,0.3677670445650006,0.08266621931240273,0.5460633905106604,0.12702736318901045,0.37572700483629035,99,99,0.08000198751688004,-0.11474525928497314,438,0.10117626190185547
5.702495336532593,0.37419261643409363,0.08427215070294246,0.541072242198797,0.12702736318901045,0.37572700483629035,99,99,0.08000078797340393,-0.15012285113334656,444,0.19922542572021484
5.803956985473633,0.37941632138134157,0.08552930058002102,0.5368237732886263,0.12702736318901045,0.37572700483629035,99,99,0.07879718393087387,-0.0950501561164856,439,0.3006870746612549
5.90327000617981,0.38642643181841596,0.08715943596759226,0.531061999140444,0.12702736318901045,0.37572700483629035,99,99,0.07973106950521469,-0.04663548618555069,433,0.40000009536743164
6.002519607543945,0.3935633933854286,0.095774397928371,0.5230165862999532,0.12702736318901045,0.37572700483629035,99,99,0.07981942594051361,0.0042922403663396835,445,0.4992496967315674
6.102907657623291,0.4013186543430621,0.10050018501801564,0.5236766366360168,0.12177829836774964,0.37572700483629035,99,99,0.08002502471208572,0.046613845974206924,456,0.0
6.203615188598633,0.4087813006645396,0.102187827542274,0.5157910975046255,0.12177829836774964,0.37572700483629035,99,99,0.08003372699022293,0.0565689355134964,469,0.1007075309753418
6.303405523300171,0.41601366218242064,0.1038580616548934,0.5074904391733189,0.12177829836774964,0.37572700483629035,99,99,0.08002961426973343,0.035036131739616394,459,0.20049786567687988
6.411557912826538,0.4231560311196049,0.10553690994646392,0.4997408142756401,0.12131952374255825,0.3751836414159984,99,99,0.08000590652227402,-0.09849883615970612,443,0.30865025520324707
6.5029027462005615,0.4296251735767136,0.10704428554129877,0.4943873742212,0.12131952374255825,0.3751836414159984,99,99,0.08000115305185318,-0.07315182685852051,430,0.3999950885772705
6.603161811828613,0.43140160127891986,0.10901544437690043,0.4858821680998449,0.11503427870527702,0.3751836414159984,99,100,0.07999785989522934,-0.02903030812740326,436,0.0
6.702552556991577,0.4346935137619833,0.1108370824919672,0.48298823579774325,0.11503427870527702,0.3751836414159984,99,100,0.07999855279922485,0.056810490787029266,454,0.09939074516296387
6.803205251693726,0.44238340441010743,0.11248382780310555,0.4739962836042115,0.11503427870527702,0.3751836414159984,99,100,0.07999924570322037,0.1256324201822281,450,0.2000434398651123
6.903185606002808,0.4488653737218327,0.11393949635110574,0.4658060198876443,0.11503427870527702,0.3751836414159984,99,100,0.07944730669260025,0.15496064722537994,441,0.30002379417419434
7.002669095993042,0.4546593437798506,0.11531506316735453,0.45804592728557153,0.11503427870527702,0.3751836414159984,99,100,0.08012880384922028,0.19230113923549652,408,0.3995072841644287
7.10239577293396,0.45998708783847037,0.11666532021693019,0.45045009540741626,0.11503427870527702,0.3751836414159984,99,100,0.08105778694152832,0.23944149911403656,380,0.4992339611053467
7.202987194061279,0.46428496897815397,0.1178230514566995,0.44428705069695656,0.052980895746980755,0.3751836414159984,100,100,0.07992888242006302,0.28088533878326416,359,0.0
7.3024773597717285,0.4699454548652269,0.11979963982203991,0.43517237860897745,0.052980895746980755,0.3751836414159984,100,100,0.07936382293701172,0.3082226514816284,325,0.09949016571044922
7.402822017669678,0.4738056863868607,0.12117474038032473,0.42859786787531723,0.054194567405856736,0.37657551491978464,100,100,0.0777306854724884,0.30890339612960815,237,0.19983482360839844
7.502305269241333,0.4776853127605935,0.12245388646600769,0.4219749275500253,0.054194567405856736,0.37657551491978464,100,100,0.07710647583007812,0.3032798767089844,212,0.2993180751800537
7.602400779724121,0.48159355761390493,0.12382513859147037,0.4154922348206396,0.054194567405856736,0.37657551491978464,100,100,0.0801684632897377,0.2922110855579376,122,0.3994135856628418
7.7025792598724365,0.4855410573514824,0.1252954114408695,0.40906877472120007,0.054194567405856736,0.37657551491978464,100,100,0.07823514193296432,0.27186012268066406,34,0.4995920658111572
7.802904367446899,0.4896442013362603,0.12690846205286482,0.40292327445424536,0.054194567405856736,0.37657551491978464,100,100,0.07842511683702469,0.2766183018684387,13,0.5999171733856201
7.902241468429565,0.4940892904917184,0.12873813384414234,0.39678840056299813,0.054194567405856736,0.37657551491978464,100,100,0.07953033596277237,0.24145160615444183,5,0.6992542743682861
8.002931118011475,0.4986967640941546,0.1307147696613966,0.3905905083951052,0.054194567405856736,0.37657551491978464,100,100,0.07999197393655777,0.23695959150791168,0,0.7999439239501953
8.102272748947144,0.503392627915291,0.13281826786334003,0.38435217296727675,0.054194567405856736,0.37657551491978464,100,100,0.07685521990060806,0.2231731116771698,0,0.8992855548858643
8.202598571777344,0.508029140224321,0.13498291955634775,0.3784567228673945,0.054194567405856736,0.37657551491978464,100,100,0.07580181956291199,0.22622396051883698,0,0.9996113777160645
8.302299737930298,0.5127548020750203,0.13726671215624453,0.37260109459137053,0.054194567405856736,0.37657551491978464,100,100,0.07401785999536514,0.21930228173732758,0,1.0993125438690186
8.403490781784058,0.5276653386298013,0.13920094734808158,0.3565491721594094,0.054194567405856736,0.37657551491978464,100,100,0.06959960609674454,0.17432278394699097,0,1.2005035877227783
8.502104043960571,0.5324554759596284,0.1417178993578365,0.35098135470473274,0.05345730916221794,0.37550661380589884,100,100,0.08210468292236328,0.1804206371307373,0,1.299116849899292
8.60319185256958,0.5373503206301944,0.14438384676113203,0.34549889978429665,0.05345730916221794,0.37550661380589884,100,100,0.07805997878313065,0.19081991910934448,0,1.4002046585083008
8.702046155929565,0.5422213666520121,0.14712342918001023,0.34025916759944863,0.05345730916221794,0.37550661380589884,100,100,0.07840649038553238,0.21049942076206207,0,1.4990589618682861
8.802433490753174,0.5471001245047279,0.14995351894254547,0.3351808477304829,0.05345730916221794,0.37550661380589884,100,100,0.059565212577581406,0.17905046045780182,0,1.5994462966918945
8.90343189239502,0.5517459198182623,0.1527439674442666,0.33055695394741663,0.05345730916221794,0.37550661380589884,100,100,0.0695652125775814,0.19994977116584778,0,1.7004446983337402
9.001255512237549,0.5561622745736303,0.15549451161894823,0.3264156456335929,0.05345730916221794,0.37550661380589884,100,100,0.05633500963449478,0.233548104763031,0,1.7982683181762695
9.102656841278076,0.559757668230027,0.1578207775181535,0.32334797622581807,0.05345730916221794,0.37550661380589884,99,100,0.05483882501721382,0.2116701900959015,0,1.8996696472167969
9.202430248260498,0.563264960370097,0.1601809387405621,0.32072909527837895,0.05345730916221794,0.37550661380589884,99,100,0.06822054088115692,0.2194238007068634,0,1.9994430541992188
9.302790641784668,0.5570182303912441,0.17279483448066119,0.32939931038355896,0.05345730916221794,0.37550661380589884,99,100,0.053726352751255035,0.22770673036575317,0,2.0998034477233887
9.403066158294678,0.5605972624650859,0.17537196764140603,0.32734198820869653,0.05345730916221794,0.37550661380589884,99,100,0.05693872645497322,0.18815144896507263,0,2.2000789642333984
9.50300931930542,0.564408624948036,0.1782071718025453,0.32531033439032486,0.05514128191639367,0.37762172841555935,99,100,0.04999127611517906,0.1684180349111557,0,2.3000221252441406
9.602839469909668,0.5683846412849003,0.1812616761317372,0.3235237311930976,0.05514128191639367,0.37762172841555935,99,100,0.05134599655866623,0.1774267703294754,0,2.3998522758483887
9.702486991882324,0.5722989195905285,0.18437125447094957,0.32212361240825454,0.05514128191639367,0.37762172841555935,99,100,0.061712879687547684,0.19695600867271423,0,2.499499797821045
9.802856683731079,0.5761037676218618,0.1874959993008872,0.32106425047555,0.05514128191639367,0.37762172841555935,99,100,0.05438818037509918,0.22742557525634766,0,2.5998694896698
9.90242338180542,0.5794794527316869,0.19036315482450147,0.32085442183692253,0.05514128191639367,0.37762172841555935,99,100,0.051243316382169724,0.22532431781291962,0,2.6994361877441406
10.002547979354858,0.5826127618108263,0.1931231985468146,0.32130349753840964,0.05514128191639367,0.37762172841555935,99,100,0.044636666774749756,0.2228774130344391,0,2.799560785293579
10.103094339370728,0.585432508401599,0.195700728861542,0.32234440369034734,0.05514128191639367,0.37762172841555935,99,100,0.04237707704305649,0.17826274037361145,0,2.9001071453094482
10.202954530715942,0.5886525713740012,0.19876146863648625,0.32353884376210434,0.05514128191639367,0.37762172841555935,100,100,0.044777337461709976,0.1704438328742981,0,2.999967336654663
10.302603721618652,0.5904593363982399,0.19261419954169523,0.32086675704350565,0.05514128191639367,0.37762172841555935,100,100,0.04416946694254875,0.1495475322008133,0,3.099616527557373
10.402931690216064,0.5934085239293329,0.1955635473235123,0.3219516657466974,0.05514128191639367,0.37762172841555935,100,100,0.03851456940174103,0.12816394865512848,0,3.199944496154785
10.503915786743164,0.5961220985857876,0.19835935045921094,0.3230404779318085,0.05514128191639367,0.37762172841555935,100,100,0.039019059389829636,0.14015662670135498,0,3.3009285926818848
10.603074789047241,0.598627792534239,0.20100895493760737,0.324238102042011,0.046984746611204414,0.3694380937923717,100,100,0.058673541992902756,-0.009843373298645014,0,3.400087594985962
10.702453374862671,0.6020107356854202,0.20463025779686236,0.32323358258854745,0.046984746611204414,0.3694380937923717,100,100,0.028673541992902757,-0.129843373298645,0,3.4994661808013916
10.80005931854248,0.6049122464954824,0.20773207077222536,0.3200641343817186,0.046984746611204414,0.3694380937923717,100,100,0.023447956889867783,-0.20161303877830505,0,3.597072124481201
10.902183532714844,0.6065941636507012,0.2094625463640627,0.31414006677834605,0.046984746611204414,0.3694380937923717,100,100,0.012072047218680382,-0.31284084916114807,0,3.6991963386535645
11.002241134643555,0.607790844829366,0.2106096085847896,0.3064145592591991,0.046984746611204414,0.3694380937923717,100,100,0.032072047218680386,-0.17443688213825226,0,3.7992539405822754
11.102141380310059,0.6094463453952106,0.21209999534126528,0.30208239839026246,0.046984746611204414,0.3694380937923717,100,100,0.021721651777625084,-0.19238537549972534,0,3.8991541862487793
11.202614784240723,0.611631382919123,0.21398276915306536,0.29697091817426335,0.046984746611204414,0.3694380937923717,100,100,0.04172165177762509,-0.28028568625450134,0,3.9996275901794434
11.302745580673218,0.6140622960783974,0.21595509301430088,0.2908884292620062,0.046984746611204414,0.3694380937923717,100,100,0.02140393853187561,-0.13028568625450132,0,4.0997583866119385
11.402174472808838,0.6160889761652188,0.21751187184655754,0.28721077125089683,0.046984746611204414,0.3694380937923717,100,100,0.03722652420401573,-0.008272465318441391,0,4.199187278747559
11.50249981880188,0.6187174934210269,0.2194920374577171,0.2851440987162637,0.046984746611204414,0.3694380937923717,99,100,0.018415655940771103,0.00631755031645298,0,4.299512624740601
11.602906465530396,0.6290434852748404,0.239666705700049,0.28673331293428944,0.04925842434567709,0.3721334189138364,99,100,0.036340028047561646,-0.09022855758666992,0,4.399919271469116
11.702336072921753,0.6349974969469852,0.2498671006514516,0.2849938655866491,0.04925842434567709,0.3721334189138364,99,100,0.05634002804756165,-0.15043631196022034,0,4.499348878860474
11.800468444824219,0.6387301812904126,0.252657975444196,0.27947370937942617,0.04925842434567709,0.3721334189138364,99,100,0.076321080327034,-0.2213420569896698,0,4.5974812507629395
11.904751539230347,0.6429609893056966,0.2556771523492384,0.27401402999659047,0.04925842434567709,0.3721334189138364,99,100,0.08232662081718445,-0.20792140066623688,0,4.701764345169067
12.000258684158325,0.6473767213005089,0.2587009744150765,0.269097064698968,0.04925842434567709,0.3721334189138364,99,100,0.0829019695520401,-0.122684046626091,0,4.797271490097046
12.104036569595337,0.6524993732357758,0.26208501939214446,0.2639312335078178,0.04925842434567709,0.3721334189138364,99,100,0.07783043384552002,-0.06553009897470474,0,4.901049375534058
12.20113468170166,0.6563176733208839,0.26454768385231575,0.26084423987413846,0.04925842434567709,0.3721334189138364,99,100,0.07658230513334274,-0.08847204595804214,0,4.998147487640381
12.302894353866577,0.6642256538084294,0.2695327653634695,0.253989837462394,0.04925842434567709,0.3721334189138364,99,100,0.06824174523353577,-0.20847204595804214,0,5.099907159805298
12.402156114578247,0.6694089720744448,0.27265715493768083,0.24829153058257689,0.04925842434567709,0.3721334189138364,99,100,0.07815518975257874,-0.1548479199409485,0,5.199168920516968
12.502020359039307,0.6742716328238871,0.27546293359407176,0.24364534263929757,0.04925842434567709,0.3721334189138364,99,100,0.07153339684009552,-0.14530397951602936,0,5.299033164978027
12.600715398788452,0.6791492092649757,0.26870834265391497,0.23283913783995397,0.04925842434567709,0.3721334189138364,99,100,0.07476100325584412,-0.11562291532754898,0,5.397728204727173
12.702595949172974,0.6846407310536395,0.27159966476651975,0.2276723848883327,0.08149054550515047,0.4037568713861171,99,100,0.07837338000535965,-0.1271679401397705,0,5.499608755111694
12.803345203399658,0.6902607778855565,0.2744673364459551,0.22248558606779748,0.08149054550515047,0.4037568713861171,99,100,0.07334017008543015,-0.14907455444335938,0,5.600358009338379
12.902185440063477,0.6956053637803981,0.27707274001828697,0.2167235180550875,0.08149054550515047,0.4037568713861171,99,100,0.07893086969852448,-0.18170909583568573,0,5.699198246002197
13.000621318817139,0.7007254339529158,0.279440619787053,0.21149569651753128,0.08149054550515047,0.4037568713861171,99,100,0.07929018884897232,-0.3017090958356857,0,5.797634124755859
13.10248064994812,0.7053289701201672,0.2814591771674994,0.20640619906918,0.08149054550515047,0.4037568713861171,99,100,0.08028003573417664,-0.1517090958356857,0,5.899493455886841
13.203288316726685,0.7099534910315394,0.2833767556364797,0.20179168036460168,0.08149054550515047,0.4037568713861171,100,100,0.08077018707990646,-0.0895656943321228,0,6.000301122665405
13.302546739578247,0.7160926055178793,0.2858355640115809,0.19642574542274893,0.08149054550515047,0.4037568713861171,100,100,0.08027733117341995,-0.043929573148489,0,6.099559545516968
13.402356386184692,0.7326405732290481,0.2884054258695949,0.18320646848794986,0.08149054550515047,0.4037568713861171,100,100,0.08013264089822769,0.07467042654752731,0,6.199369192123413
13.502094507217407,0.7400113646252975,0.29128771560344624,0.17911639613103061,0.08149054550515047,0.4037568713861171,100,100,0.07891272753477097,-0.0067544179037213326,0,6.299107313156128
13.600510120391846,0.7471770859701008,0.29411187661387983,0.174595237676133,0.08149054550515047,0.4037568713861171,100,100,0.07973264157772064,-0.03249182552099228,0,6.397522926330566
13.702489852905273,0.7540616635044495,0.2968038905303169,0.1702195138227536,0.08132994614759048,0.4035467558979508,100,100,0.07974504679441452,-0.11887399852275848,0,6.499502658843994
13.80059027671814,0.7605199571525251,0.2992718966742846,0.16531199870101576,0.08132994614759048,0.4035467558979508,100,100,0.07230024039745331,-0.06845389306545258,0,6.59760308265686
13.902064323425293,0.7669247340211144,0.3016596487070657,0.16096505770942182,0.08132994614759048,0.4035467558979508,99,100,0.07829738408327103,0.02195790410041809,0,6.699077129364014
14.000192880630493,0.7740431328017044,0.3042815013757357,0.1576279682452518,0.08132994614759048,0.4035467558979508,99,100,0.07887420803308487,0.1419579041004181,0,6.797205686569214
14.102314949035645,0.7704547008587029,0.3171723573393989,0.169833130196109,0.08132994614759048,0.4035467558979508,99,100,0.08017433434724808,0.08337599784135818,0,6.899327754974365
14.200519800186157,0.7768275662941216,0.3195844498683793,0.16858454980331497,0.08132994614759048,0.4035467558979508,99,100,0.07640635967254639,0.09609400480985641,0,6.997532606124878
14.302116394042969,0.7830696439543864,0.32201636479105256,0.1677544008830706,0.08132994614759048,0.4035467558979508,99,100,0.07933692634105682,-0.005463800858706236,0,7.0991291999816895
14.400707483291626,0.7901450402756833,0.3247975427631061,0.16565151336230846,0.08132994614759048,0.4035467558979508,99,100,0.07928665727376938,-0.011138863861560822,0,7.197720289230347
14.502856731414795,0.7976188804356268,0.3277206674481746,0.16362878938868233,0.08132994614759048,0.4035467558979508,99,100,0.07414126396179199,-0.005580873228609562,0,7.299869537353516
14.600530862808228,0.8042991544839954,0.33032361660355697,0.16164431687479033,0.08132994614759048,0.4035467558979508,99,100,0.07765085250139236,0.028773659840226173,0,7.397543668746948
14.703577041625977,0.8119173433959954,0.33330682551785823,0.1610254273588569,0.08132994614759048,0.4035467558979508,99,100,0.06970404833555222,0.08877365984022617,0,7.500589847564697
14.802058219909668,0.8119998974725003,0.3295249795259673,0.15896714963720268,0.07603736995238464,0.39848596388118424,99,100,0.07712922245264053,-0.018493015319108963,0,7.599071025848389
14.902777910232544,0.8156230847782472,0.329214161174428,0.15634208575008643,0.07603736995238464,0.39848596388118424,99,100,0.07863030582666397,-0.045367226004600525,0,7.699790716171265
15.001142263412476,0.8226583762026131,0.33197250057235084,0.15407979282175394,0.07603736995238464,0.39848596388118424,99,100,0.08024666458368301,-0.16536722600460052,0,7.798155069351196
15.102177619934082,0.8287922701079241,0.33432468700346674,0.15117427626773575,0.07603736995238464,0.39848596388118424,99,100,0.08035717159509659,-0.17380750179290771,0,7.899190425872803
15.200125932693481,0.8341740856423807,0.33629356173498187,0.14654498357779985,0.07603736995238464,0.39848596388118424,99,100,0.08027062565088272,-0.14667409658432007,0,7.997138738632202
15.30275583267212,0.8397200692048752,0.33821198843632905,0.14257877346362105,0.07603736995238464,0.39848596388118424,100,100,0.08010639995336533,-0.11381524056196213,0,8.09976863861084
15.403764009475708,0.8592755117733981,0.34626072012109443,0.1422476983919662,0.07603736995238464,0.39848596388118424,100,100,0.08001820743083954,-0.03881524056196213,0,8.200776815414429
15.502184629440308,0.8725128442167971,0.3513960589387084,0.14101370613147404,0.07603736995238464,0.39848596388118424,100,100,0.0715717077255249,-0.011385957710444927,0,8.299197435379028
15.60051703453064,0.879477140251401,0.35364249883860477,0.1409322062484097,0.07603736995238464,0.39848596388118424,100,100,0.07554861903190613,-0.03646964207291603,0,8.39752984046936
15.702662944793701,0.8865947377272914,0.35591139611714623,0.14015263497727168,0.07603736995238464,0.39848596388118424,100,100,0.07815811038017273,-0.058850642293691635,0,8.499675750732422
15.801443815231323,0.893589509412746,0.35809207368159474,0.138365934793964,0.07248234212696184,0.39431132721147205,100,100,0.07978932559490204,-0.14848586916923523,0,8.598456621170044
15.902711629867554,0.8997995674942424,0.359953534062458,0.13536760617981533,0.07248234212696184,0.39431132721147205,100,100,0.07890733331441879,-0.19455009698867798,0,8.699724435806274
16.000887870788574,0.9052755302883776,0.36150197531426936,0.1315126010288343,0.07248234212696184,0.39431132721147205,99,100,0.06935618072748184,-0.17501406371593475,0,8.797900676727295
16.10220217704773,0.9105432729427491,0.362886261116098,0.1264845254734553,0.07248234212696184,0.39431132721147205,99,100,0.07756730169057846,-0.0948808416724205,0,8.89921498298645
16.204535245895386,0.9065308581140138,0.3648447864659965,0.12659351129310886,0.07248234212696184,0.39431132721147205,99,100,0.06977333873510361,-0.0066832127049565315,0,9.001548051834106
16.304507970809937,0.9128442601910804,0.3663458874061189,0.12587061283373535,0.07248234212696184,0.39431132721147205,99,100,0.07831116020679474,0.01499639730900526,0,9.101520776748657
16.40159249305725,0.9206174170027721,0.36819442261592605,0.12579122186273609,0.07248234212696184,0.39431132721147205,99,100,0.07458537071943283,0.00318065844476223,0,9.198605298995972
16.502418041229248,0.9280311923738866,0.369959033601006,0.12559858689748266,0.07248234212696184,0.39431132721147205,99,100,0.0789758488535881,0.022167136892676353,0,9.299430847167969
16.60065770149231,0.9356568928400656,0.3717767772961485,0.12590983403007985,0.07248234212696184,0.39431132721147205,99,100,0.07249120622873306,0.01067380141466856,0,9.39767050743103
16.70223307609558,0.9416617832918805,0.3732188660885418,0.12542915950442937,0.07248234212696184,0.39431132721147205,99,100,0.07832268625497818,-0.07347091287374496,0,9.499245882034302
16.800448417663574,0.9497382396558997,0.375134751284347,0.12342676951160811,0.07248234212696184,0.39431132721147205,99,100,0.07773952931165695,-0.1721009761095047,0,9.597461223602295
16.902142763137817,0.9412535197242494,0.3699797683266833,0.11511125829669752,0.06962501351104577,0.39147476042139573,99,100,0.07992497831583023,-0.16343043744564056,0,9.699155569076538
17.001338243484497,0.9410316857234367,0.36844099084454696,0.10925872732672286,0.06962501351104577,0.39147476042139573,99,100,0.08004531264305115,-0.14235062897205353,0,9.798351049423218
17.102070093154907,0.9469304600519844,0.36951283010673036,0.10557411799845104,0.06962501351104577,0.39147476042139573,99,100,0.08021173626184464,-0.017317645251750946,0,9.899082899093628
17.20139479637146,0.9540029114764691,0.37072280447872524,0.10350047228512015,0.06962501351104577,0.39147476042139573,99,100,0.07142580300569534,-0.032911498099565506,0,9.99840760231018
17.30212140083313,0.9609261186666479,0.37188065978461965,0.10175615578992526,0.06962501351104577,0.39147476042139573,99,100,0.07810316234827042,-0.05376173183321953,0,10.09913420677185
17.405500650405884,0.9678306473436677,0.3729982837702876,0.10003870310335884,0.06962501351104577,0.39147476042139573,99,100,0.07684902101755142,-0.03427184373140335,0,10.202513456344604
17.502439260482788,0.9754097531464597,0.37418140647588793,0.09768574432640689,0.06962501351104577,0.39147476042139573,100,100,0.07975949347019196,-0.09234174340963364,0,10.299452066421509
17.60811758041382,1.0133592918252332,0.38539632401244406,0.0987956900661485,0.06962501351104577,0.39147476042139573,100,100,0.07995869964361191,-0.07188659906387329,0,10.405130386352539
17.703092575073242,1.019951639756359,0.38632369076706713,0.09665769605673183,0.06962501351104577,0.39147476042139573,100,100,0.08024882525205612,-0.1318865990638733,0,10.500105381011963
17.805630683898926,1.0270768187589654,0.3872655465118206,0.09383578719874922,0.06962501351104577,0.39147476042139573,100,100,0.08013688772916794,-0.13334466516971588,0,10.602643489837646
17.902567625045776,1.0332640046995667,0.3879835432672722,0.0903718959900818,0.06659203913957787,0.38832947124353867,100,100,0.08006376773118973,-0.1589222252368927,0,10.699580430984497
18.003352403640747,1.0391613763990575,0.3885878474558313,0.08800498548794158,0.06659203913957787,0.38832947124353867,100,100,0.0776791125535965,-0.008922225236892706,0,10.800365209579468
18.102213621139526,1.0453070547998857,0.3891660425380036,0.0865534576996004,0.06659203913957787,0.38832947124353867,99,100,0.07947191596031189,-0.0767475962638855,0,10.899226427078247
18.201725006103516,1.0531716423763247,0.38985589647366514,0.08481545127761772,0.06659203913957787,0.38832947124353867,99,100,0.0796419233083725,-0.005182808730751276,0,10.998737812042236
18.30245065689087,1.0305160109827407,0.40042390162300645,0.09589279074776488,0.06659203913957787,0.38832947124353867,99,100,0.08004388213157654,-0.12518280873075127,0,11.09946346282959
18.402801275253296,1.0375919706786163,0.4009527444116956,0.09373529424079621,0.06659203913957787,0.38832947124353867,99,100,0.08006381243467331,-0.08350399136543274,0,11.199814081192017
18.502212285995483,1.044328348123378,0.40137311335542647,0.09124655666560186,0.06659203913957787,0.38832947124353867,99,100,0.07815449684858322,-0.1473551243543625,0,11.299225091934204
18.602039098739624,1.0505967643325236,0.4016951007775824,0.08858853926108148,0.06659203913957787,0.38832947124353867,99,99,0.07959819585084915,-0.06955105066299438,0,11.399051904678345
18.70221209526062,1.0574632731474878,0.4019727445899556,0.08649845032551182,0.06659203913957787,0.38832947124353867,99,99,0.0740649625658989,-0.05019564554095268,0,11.49922490119934
18.80328917503357,1.0648534543260013,0.4022223126547476,0.08500477632437417,0.06659203913957787,0.38832947124353867,99,99,0.07877370715141296,-0.10095179826021194,0,11.60030198097229
18.901208877563477,1.0717708309430947,0.40238132783119285,0.08210764420384595,0.09260724491913594,0.41623569426552015,99,99,0.0792020708322525,-0.10604602098464966,0,11.698221683502197
19.003204107284546,1.0684025018636694,0.40246012854007424,0.08036293506644301,0.09260724491913594,0.41623569426552015,99,99,0.08016296476125717,-0.13470691442489624,0,11.800216913223267
19.102580308914185,1.0747371294069625,0.40244383842947073,0.07649071554846076,0.09260724491913594,0.41623569426552015,99,99,0.08017680048942566,-0.05039714649319649,0,11.899593114852905
19.202364444732666,1.0818930413508583,0.4023447449212982,0.07548841651020508,0.09260724491913594,0.41623569426552015,99,99,0.08014311641454697,-0.060185473412275314,0,11.999377250671387
19.30280375480652,1.0889681714006407,0.4021910559292559,0.0728854370827601,0.09260724491913594,0.41623569426552015,99,99,0.08005412667989731,0.005873393267393112,0,12.09981656074524
19.405518531799316,1.0972127230079252,0.40197140145397425,0.07292760689941608,0.09260724491913594,0.41623569426552015,99,99,0.08000938594341278,0.05281481519341469,0,12.202531337738037
19.502001523971558,1.1044033668251094,0.40179321181867683,0.07420434235197651,0.09260724491913594,0.41623569426552015,99,99,0.07999277859926224,-0.0033840532414615154,0,12.299014329910278
19.603792905807495,1.1127051506827,0.4016033910297134,0.07418171098538337,0.09260724491913594,0.41623569426552015,99,99,0.0799921303987503,0.04446308687329292,0,12.400805711746216
19.702415943145752,1.1304990001553923,0.39190645824243786,0.06471066705301434,0.09260724491913594,0.41623569426552015,99,99,0.07999563962221146,0.06681204587221146,0,12.499428749084473
19.803040266036987,1.1377995950782966,0.39177756332667923,0.0660912163761885,0.09260724491913594,0.41623569426552015,99,99,0.07999859005212784,0.10802792012691498,0,12.600053071975708
19.902696132659912,1.1441114190641226,0.39171821430453607,0.06739298258825027,0.09260724491913594,0.41623569426552015,99,99,0.08000000566244125,0.05124209076166153,0,12.699708938598633
20.003597259521484,1.1512716707215271,0.3917126826277143,0.06828477275036882,0.05644326384363341,0.3793738270763907,99,99,0.0800003632903099,0.014763706363737583,0,12.800610065460205
20.102620840072632,1.1592050364654687,0.39172382392781624,0.06849531727861172,0.05644326384363341,0.3793738270763907,99,99,0.08000028133392334,0.006898692809045315,0,12.899633646011353
20.202378273010254,1.1672608979837416,0.3917420921977305,0.06835336702199304,0.05644326384363341,0.3793738270763907,99,99,0.0800001248717308,-0.05690910667181015,0,12.999391078948975
20.3022358417511,1.174762886574842,0.3917396734399479,0.06751145972083597,0.05644326384363341,0.3793738270763907,99,99,0.08000002801418304,-0.09401490539312363,0,13.09924864768982
20.402398109436035,1.1719029681805557,0.3916705818137587,0.06665550452763391,0.05644326384363341,0.3793738270763907,99,99,0.07999999076128006,-0.11184671521186829,0,13.199410915374756
20.50406289100647,1.1785654840186537,0.3915617448145552,0.06540674477433883,0.05644326384363341,0.3793738270763907,99,99,0.07999998331069946,-0.16701224446296692,0,13.30107569694519
20.602410078048706,1.1848207496276668,0.3913749737023887,0.06397535653118716,0.05644326384363341,0.3793738270763907,99,99,0.07999999076128006,-0.2070840448141098,0,13.399422883987427
20.70290184020996,1.1902219800344516,0.3911581085210098,0.06292215416898864,0.05644326384363341,0.3793738270763907,99,99,0.07999999076128006,-0.20402021706104279,0,13.499914646148682
20.802592277526855,1.1956168026280583,0.39088776668125585,0.06159551126595744,0.05644326384363341,0.3793738270763907,99,99,0.07999999076128006,-0.18395960330963135,0,13.599605083465576
20.902129888534546,1.201112421744333,0.39053379582203823,0.05990051107386227,0.05644326384363341,0.3793738270763907,99,99,0.07999999076128006,-0.15802346169948578,0,13.699142694473267
21.002177476882935,1.2068329602312315,0.39007590422149513,0.058771642088983944,0.05314581738525842,0.37574229179965396,99,99,0.07961685955524445,-0.0859350711107254,0,13.799190282821655
21.10190224647522,1.233429172965269,0.39903758051072286,0.06976078240632136,0.05314581738525842,0.37574229179965396,99,99,0.07991437613964081,-0.05974355340003967,0,13.89891505241394
21.203091144561768,1.2406141953183236,0.39837638155922556,0.06928309293152721,0.05314581738525842,0.37574229179965396,99,99,0.07994252443313599,-0.11974355340003967,0,14.000103950500488
21.302215814590454,1.2475339000197279,0.39770053654367943,0.06868489820250626,0.05314581738525842,0.37574229179965396,99,99,0.08000799268484116,-0.16063490509986877,0,14.099228620529175
21.403525590896606,1.2536354898893485,0.3970408118205198,0.0680676231510565,0.05314581738525842,0.37574229179965396,99,99,0.08001074939966202,-0.21462684869766235,0,14.200538396835327
21.5021653175354,1.259195689774306,0.3963927848659427,0.06771203897964709,0.05314581738525842,0.37574229179965396,99,99,0.08000943064689636,-0.21114389598369598,0,14.299178123474121
21.602715015411377,1.2644460142759242,0.39573495070634457,0.06715386740433374,0.05314581738525842,0.37574229179965396,99,100,0.08000379055738449,-0.2281765639781952,0,14.399727821350098
21.702234268188477,1.2696339564363552,0.39501662255921444,0.06627986891594764,0.05314581738525842,0.37574229179965396,99,100,0.08000079542398453,-0.22757653892040253,0,14.499247074127197
21.802993059158325,1.2747169398828218,0.39422933759118317,0.06538017888614467,0.05314581738525842,0.37574229179965396,99,100,0.07999960333108902,-0.20590052008628845,0,14.600005865097046
21.902178287506104,1.2798369271170236,0.3928696232078511,0.06449099035781855,0.05314581738525842,0.37574229179965396,99,100,0.07999949902296066,-0.15972734987735748,0,14.699191093444824
22.002126932144165,1.2854891762589593,0.3918795247204725,0.06426490123650289,0.05314581738525842,0.37574229179965396,99,100,0.07999970763921738,-0.12840309739112854,0,14.799139738082886
22.1037175655365,1.2911085883699966,0.39084732595887534,0.06382855449717381,0.06144053596588114,0.3842233737919073,99,100,0.0799998939037323,-0.11235478520393372,0,14.90073037147522
22.202475786209106,1.2975759214242892,0.3895800295373181,0.06347403300950114,0.06144053596588114,0.3842233737919073,99,100,0.07999999076128006,-0.11220894008874893,0,14.999488592147827
22.303189516067505,1.303901922335546,0.3883025614648589,0.06326850244836171,0.06144053596588114,0.3842233737919073,99,100,0.08000002056360245,-0.08651211112737656,0,15.100202322006226
22.403836250305176,1.3103488943668273,0.3869463505676126,0.06302399217198898,0.06144053596588114,0.3842233737919073,99,100,0.08000001311302185,-0.1264968365430832,0,15.200849056243896
22.50315761566162,1.3168239457066815,0.3855488252026429,0.06295854724394762,0.06144053596588114,0.3842233737919073,99,100,0.07970450818538666,-0.1864968365430832,0,15.300170421600342
22.602400064468384,1.3228031308233297,0.3842015829631345,0.06272566385664854,0.06144053596588114,0.3842233737919073,99,100,0.07996038347482681,-0.23666948080062866,0,15.399412870407104
22.702951192855835,1.3179377348865233,0.38343581997894144,0.060402766888281,0.06144053596588114,0.3842233737919073,99,100,0.07996157556772232,-0.25373685359954834,0,15.499963998794556
22.80219316482544,1.3227752720478914,0.38217722700342965,0.06010301382064362,0.06144053596588114,0.3842233737919073,99,100,0.07933944463729858,-0.20599032938480377,0,15.59920597076416
22.90295958518982,1.3274231660811662,0.3809254788170906,0.059957733285005976,0.06144053596588114,0.3842233737919073,99,100,0.0790502279996872,-0.17181682586669922,0,15.69997239112854
23.003535270690918,1.3328803695043847,0.3794126708842133,0.059821040000962,0.06144053596588114,0.3842233737919073,99,100,0.08052408695220947,-0.18646259605884552,0,15.800548076629639
23.100212812423706,1.3384034059353136,0.37780540398388845,0.05959862803388227,0.07114235872825148,0.3842572225995745,99,100,0.08116737008094788,-0.16485394537448883,0,15.897225618362427
23.20232653617859,1.343767504293773,0.3761693815439115,0.059474304659714095,0.07114235872825148,0.3842572225995745,99,100,0.08041901141405106,-0.12575669586658478,0,15.99933934211731
23.302125930786133,1.3495357444454135,0.3743716108237784,0.059430053525416,0.07114235872825148,0.3842572225995745,99,100,0.08042651414871216,-0.06944586336612701,0,16.099138736724854
23.4028639793396,1.355873909134501,0.37234606433510475,0.05940558290639089,0.07114235872825148,0.3842572225995745,99,100,0.07901136577129364,-0.01735563762485981,0,16.19987678527832
23.503027200698853,1.3551131645081234,0.3624600989496552,0.04977314764511803,0.07114235872825148,0.3842572225995745,99,100,0.08071260899305344,0.03368300572037697,0,16.300040006637573
23.602201223373413,1.3606025724970672,0.3580096560747046,0.04725403058910116,0.07114235872825148,0.3842572225995745,99,100,0.08216039836406708,0.06585357338190079,0,16.399214029312134
23.699979782104492,1.3676368022539638,0.3557142147572885,0.047193771098307635,0.07114235872825148,0.3842572225995745,99,100,0.08317755907773972,0.10044410079717636,0,16.496992588043213
23.80215072631836,1.3744850411970877,0.3535248299576919,0.047055473169227535,0.07114235872825148,0.3842572225995745,99,100,0.08089388161897659,0.05205375328660011,0,16.59916353225708
23.902323007583618,1.3811247985994233,0.3514567879355168,0.04687384733661387,0.07114235872825148,0.3842572225995745,99,100,0.07598646730184555,0.01876933127641678,0,16.69933581352234
24.002188205718994,1.3884288204337099,0.34921296663747475,0.04683402716431523,0.07114235872825148,0.3842572225995745,99,100,0.07152508944272995,-0.05623066872358322,0,16.799201011657715
24.102272748947144,1.3955836820808796,0.3470173532730379,0.046882063119664585,0.07114235872825148,0.3842572225995745,99,100,0.0810021460056305,-0.17623066872358323,0,16.899285554885864
24.20211362838745,1.4019067460704076,0.35552117969619057,0.05756135630841927,0.047589942341080105,0.33429108211960257,99,100,0.08054326474666595,-0.29365894198417664,0,16.999126434326172
24.302116632461548,1.4064254220411547,0.35400980599362475,0.058462307700220734,0.047589942341080105,0.33429108211960257,99,100,0.07297711819410324,-0.24107784032821655,0,17.09912943840027
24.402048349380493,1.4103826900245153,0.3526092439902862,0.0593578991551415,0.047589942341080105,0.33429108211960257,99,100,0.06935852020978928,-0.2646619379520416,0,17.199061155319214
24.503026962280273,1.4147523293045206,0.3509842224014728,0.06019598437029541,0.047589942341080105,0.33429108211960257,99,100,0.06201133131980896,-0.21343669295310974,0,17.300039768218994
24.601956844329834,1.41877812738026,0.34940642187716714,0.06091331069909939,0.047589942341080105,0.33429108211960257,99,100,0.0729227215051651,-0.06343669295310973,0,17.398969650268555
24.702083349227905,1.4242727660184755,0.3471991871682323,0.06110169557747794,0.047589942341080105,0.33429108211960257,99,100,0.07339481264352798,0.07156330704689026,0,17.499096155166626
24.809028148651123,1.430869701377863,0.3445456054460819,0.060816941309776495,0.047589942341080105,0.33429108211960257,99,100,0.07302418351173401,0.19156330704689026,0,17.606040954589844
24.90303325653076,1.4367706726038,0.34222709679429303,0.060019694230821596,0.047589942341080105,0.33429108211960257,99,100,0.07532650232315063,0.04156330704689026,0,17.700046062469482
25.002031803131104,1.4426502687868223,0.3394835338266106,0.05890679428123666,0.047589942341080105,0.33429108211960257,99,100,0.06577949970960617,0.07268606871366501,0,17.799044609069824
25.102171659469604,1.4491488235136138,0.3370650157972202,0.05838961593404424,0.047589942341080105,0.33429108211960257,99,100,0.06127188354730606,0.03677726164460182,0,17.899184465408325
25.202280282974243,1.4550108367060681,0.33490577732891985,0.058124745057025445,0.07929977719972173,0.3343249309272698,99,100,0.05340694263577461,0.15677726164460182,0,17.999293088912964
25.303393125534058,1.4605475072694374,0.33290889755498815,0.05709404998514145,0.07929977719972173,0.3343249309272698,99,100,0.04976286739110947,0.2767772616446018,0,18.10040593147278
25.4029324054718,1.464616597057973,0.33149410706390886,0.055713196900893575,0.07929977719972173,0.3343249309272698,99,100,0.062246549874544144,0.35272184014320374,0,18.199945211410522
25.502209663391113,1.468488066327959,0.3302114452276957,0.05374919248193974,0.07929977719972173,0.3343249309272698,99,100,0.03919443115592003,0.3601958751678467,0,18.299222469329834
25.602017641067505,1.471675476499792,0.3292204004811507,0.05103377584368918,0.07929977719972173,0.3343249309272698,99,99,0.04545948654413223,0.36611589789390564,0,18.399030447006226
25.700061798095703,1.4746929682596674,0.328358690853351,0.047945418584635774,0.07929977719972173,0.3343249309272698,99,99,0.06472576409578323,0.2277090698480606,0,18.497074604034424
25.802165269851685,1.4787435719386863,0.3183137370118826,0.03836238335768111,0.07929977719972173,0.3343249309272698,99,99,0.07616055756807327,0.21524342894554138,0,18.599178075790405
25.90234088897705,1.4837038504289786,0.31702328897272986,0.036798151156298864,0.07929977719972173,0.3343249309272698,99,99,0.06233353167772293,0.06524342894554137,0,18.69935369491577
26.002402782440186,1.489379616640069,0.31559695525323245,0.03575301690847826,0.07929977719972173,0.3343249309272698,99,99,0.06507796794176102,0.18524342894554136,0,18.799415588378906
26.101410627365112,1.495036786055151,0.314228851189394,0.03399991421006465,0.07929977719972173,0.3343249309272698,99,99,0.07140818238258362,0.22212471067905426,0,18.898423433303833
26.202191591262817,1.5007406604175666,0.3129260272885926,0.03179739514310512,0.07929977719972173,0.3343249309272698,99,99,0.07703594118356705,0.28247755765914917,0,18.999204397201538
26.302289724349976,1.5048657342794496,0.3120391953067732,0.02958398314736735,0.09731280389880251,0.3142675931177672,99,99,0.07999836653470993,0.18232697248458862,0,19.099302530288696
26.402300596237183,1.5102031760105268,0.3109601541174578,0.027009756335030166,0.09731280389880251,0.3142675931177672,99,99,0.08026953041553497,0.08408459275960922,0,19.199313402175903
26.504369735717773,1.5163342444761174,0.30978937780975274,0.025850773008858047,0.09731280389880251,0.3142675931177672,99,99,0.08047012239694595,-0.00634008040651679,0,19.301382541656494
26.602136850357056,1.5240487466322723,0.30833260522211803,0.02585590666407067,0.09731280389880251,0.3142675931177672,99,99,0.08019515126943588,-0.09718306362628937,0,19.399149656295776
26.70208764076233,1.5311489773393772,0.3069740740525014,0.027164642424465674,0.09731280389880251,0.3142675931177672,99,99,0.07931312173604965,-0.035319309681653976,0,19.49910044670105
26.802248001098633,1.548413506998107,0.3146128782733306,0.037452172940203754,0.09731280389880251,0.3142675931177672,99,99,0.07982421666383743,-0.015691258013248444,0,19.599260807037354
26.90121626853943,1.5563797998226925,0.3130765148275276,0.03810963772593376,0.09731280389880251,0.3142675931177672,99,99,0.08144897222518921,-0.10145507752895355,0,19.69822907447815
27.002769947052002,1.5634828652553445,0.31167647527020415,0.039641991195103976,0.09731280389880251,0.3142675931177672,99,99,0.08113301545381546,-0.07705029845237732,0,19.799782752990723
27.102264881134033,1.5703063886824211,0.31027735736143036,0.04092279227215509,0.09731280389880251,0.3142675931177672,99,99,0.08042629808187485,-0.08183909952640533,0,19.899277687072754
27.20232653617859,1.5771417917023638,0.3088263253935441,0.04320693723009286,0.09731280389880251,0.3142675931177672,99,99,0.08010118454694748,-0.13423548638820648,0,19.99933934211731
27.30657458305359,1.5834263574906204,0.30742743208557793,0.04645409457169566,0.18293876422815017,0.31433529073310157,99,99,0.07994752377271652,-0.17547215521335602,0,20.10358738899231
27.40218210220337,1.5891192499309188,0.3060907724683876,0.05011817388023089,0.18293876422815017,0.31433529073310157,99,99,0.07994160056114197,-0.175375834107399,0,20.19919490814209
27.50229501724243,1.5946618268066828,0.30470731964401054,0.0539925575993643,0.18293876422815017,0.31433529073310157,99,99,0.08021561801433563,-0.07997004687786102,0,20.299307823181152
27.601837158203125,1.600369486462162,0.3032310044678366,0.056262884554603425,0.18293876422815017,0.31433529073310157,99,99,0.07937739044427872,-0.05276966467499733,0,20.398849964141846
27.70268702507019,1.60820655093179,0.3011671722767745,0.06004166682616852,0.18293876422815017,0.31433529073310157,99,99,0.07988803833723068,-0.05682257190346718,0,20.49969983100891
27.802098751068115,1.615317583093767,0.29925811904532734,0.06389576381150082,0.18293876422815017,0.31433529073310157,99,99,0.07923544943332672,-0.08178922533988953,0,20.599111557006836
27.901983976364136,1.622140013590113,0.29738280381560983,0.0683157769865576,0.18293876422815017,0.31433529073310157,99,99,0.07920457422733307,-0.09747259318828583,0,20.698996782302856
28.002172231674194,1.6286942769635413,0.2955349722613323,0.0727703546306143,0.18293876422815017,0.31433529073310157,99,99,0.07927770912647247,-0.11895027756690979,0,20.799185037612915
28.102254629135132,1.6547577012157995,0.2932930053538312,0.09353302092750747,0.18293876422815017,0.31433529073310157,99,99,0.0767078846693039,-0.12037558853626251,0,20.899267435073853
28.20205855369568,1.6608278500532658,0.29148546306618683,0.09847427227243521,0.18293876422815017,0.31433529073310157,99,99,0.07214164733886719,-0.20135712623596191,0,20.9990713596344
28.303205251693726,1.6662506607724736,0.289808465408245,0.10332785599613319,0.18293876422815017,0.31433529073310157,99,99,0.07433328032493591,-0.24540814757347107,0,21.100218057632446
28.402225971221924,1.6709824600721528,0.28826954908080094,0.10782648903304608,0.22818316941486919,0.3140631178097961,99,99,0.0736505463719368,-0.2598895728588104,0,21.199238777160645
28.502521991729736,1.6755506407730074,0.286704105005465,0.11222296768063483,0.22818316941486919,0.3140631178097961,99,99,0.07430842518806458,-0.29101085662841797,0,21.299534797668457
28.60228729248047,1.6794608178055626,0.2852894422027423,0.1163129676129298,0.22818316941486919,0.3140631178097961,99,99,0.07430379837751389,-0.22276288270950317,0,21.39930009841919
28.702014923095703,1.6840284270731707,0.28355109589537913,0.1208902974161356,0.22818316941486919,0.3140631178097961,100,99,0.07693392038345337,-0.212712362408638,0,21.499027729034424
28.802181720733643,1.6887770855802073,0.2816688030394216,0.12523524972220096,0.22818316941486919,0.3140631178097961,100,99,0.07674545794725418,-0.1625913679599762,0,21.599194526672363
28.902734756469727,1.7038892890627375,0.2790635681315429,0.13803394417371084,0.22818316941486919,0.3140631178097961,100,99,0.07442356646060944,-0.17122460901737213,0,21.699747562408447
29.002263069152832,1.7090802808223255,0.2768736849534481,0.14279133370613822,0.22818316941486919,0.3140631178097961,100,99,0.07110674679279327,-0.21762767434120178,0,21.799275875091553
29.10215926170349,1.7139252089645503,0.27474101203539797,0.14757341377956004,0.22818316941486919,0.3140631178097961,100,99,0.07395027577877045,-0.22904062271118164,0,21.899172067642212
29.20433020591736,1.7184565566674213,0.2726540554805808,0.1521553449524709,0.22818316941486919,0.3140631178097961,100,99,0.07212159037590027,-0.25498735904693604,0,22.00134301185608
29.302345752716064,1.722780998963775,0.2705868519607954,0.15651699273965125,0.22818316941486919,0.3140631178097961,100,99,0.07145912945270538,-0.10498735904693603,0,22.099358558654785
29.406470775604248,1.7276958448617863,0.26816818428946776,0.16079024351058424,0.30761841950180857,0.2641308261374914,100,99,0.07166455686092377,0.04501264095306397,0,22.20348358154297
29.500764846801758,1.7340781774949656,0.26498401265653715,0.1648915062568463,0.30761841950180857,0.2641308261374914,100,99,0.07009059190750122,0.16501264095306395,0,22.29777765274048
29.604053020477295,1.7395628635809215,0.2622866188465225,0.1679748150509209,0.30761841950180857,0.2641308261374914,99,100,0.07021837681531906,0.28501264095306394,0,22.401065826416016
29.702808618545532,1.744443017231096,0.2599702322327196,0.17054268905694908,0.30761841950180857,0.2641308261374914,99,100,0.0708809494972229,0.38,0,22.499821424484253
29.80206060409546,1.7386869868506158,0.2696152094881106,0.16813882269771088,0.30761841950180857,0.2641308261374914,99,100,0.07135346531867981,0.38,0,22.59907341003418
29.902128219604492,1.7424077126835011,0.26796182706753024,0.16995548104365646,0.30761841950180857,0.2641308261374914,99,100,0.07124873995780945,0.3793908953666687,0,22.699141025543213
30.00215172767639,1.7461813045685106,0.2663664988831353,0.17230508573069878,0.30761841950180857,0.2641308261374914,99,100,0.07109657675027847,0.3784163296222687,0,22.799164533615112
30.102271556854248,1.7499913728272098,0.26483663364649507,0.17518476296386243,0.30761841950180857,0.2641308261374914,99,100,0.07040689885616302,0.37892958521842957,0,22.89928436279297
30.202147960662842,1.7538407713617077,0.26337292326192235,0.17819572859076305,0.30761841950180857,0.2641308261374914,99,100,0.06924130022525787,0.38,0,22.999160766601562
30.302159070968628,1.7577625372926453,0.26196719835058646,0.18140490984623245,0.30761841950180857,0.2641308261374914,99,100,0.0677427351474762,0.38,0,23.09917187690735
30.402161121368408,1.7615149078266399,0.26070290229603904,0.1846063649452212,0.30761841950180857,0.2641308261374914,99,100,0.0661550760269165,0.38,0,23.19917392730713
30.503411054611206,1.7656420818525411,0.25940370045950045,0.18828801673772094,0.3051015818787157,0.2547012237691215,99,100,0.06445075571537018,0.38,0,23.300423860549927
30.60196590423584,1.769422479628891,0.2583019878257289,0.19180803373991917,0.3051015818787157,0.2547012237691215,99,100,0.06293229758739471,0.38,0,23.39897871017456
30.701982736587524,1.7724213732048402,0.25749024295521933,0.19476713477021773,0.3051015818787157,0.2547012237691215,99,100,0.061516642570495605,0.3799915909767151,0,23.498995542526245
30.802053451538086,1.7767323899235998,0.2564284190375544,0.19922651702645605,0.3051015818787157,0.2547012237691215,99,100,0.05983131751418114,0.372567743062973,0,23.599066257476807
30.90310788154602,1.770589388666104,0.2465877176926496,0.19112809155313015,0.3051015818787157,0.2547012237691215,99,100,0.05798877030611038,0.35420122742652893,0,23.70012068748474
31.000291347503662,1.7741773177901619,0.24585833424075001,0.19504437601638566,0.3051015818787157,0.2547012237691215,99,100,0.057508502155542374,0.33938106894493103,0,23.797304153442383
31.102744579315186,1.7778209164579362,0.24517157004871903,0.19875516016657682,0.3051015818787157,0.2547012237691215,99,100,0.05671919509768486,0.3110593259334564,0,23.899757385253906
31.20210862159729,1.781731081811232,0.24447064141336058,0.20266648656467967,0.3051015818787157,0.2547012237691215,99,100,0.05634184926748276,0.30306437611579895,0,23.99912142753601
31.302321672439575,1.7858851725282245,0.24377410550442324,0.2072192868560932,0.3051015818787157,0.2547012237691215,99,100,0.0556209534406662,0.2884770929813385,0,24.099334478378296
31.402156591415405,1.7900901945416228,0.24316665671890134,0.21251609140533873,0.3051015818787157,0.2547012237691215,99,100,0.05469077453017235,0.2714189291000366,0,24.199169397354126
31.5031898021698,1.7943254921885738,0.24267927309570525,0.21808455418360842,0.3515264617697563,0.25473507257678873,99,100,0.05290907248854637,0.22194698452949524,0,24.30020260810852
31.602245330810547,1.7985628741449464,0.2423109081882849,0.2239196982888763,0.3515264617697563,0.25473507257678873,99,100,0.05107786878943443,0.17167195677757263,0,24.399258136749268
31.70229721069336,1.8030934597262185,0.24203656858410977,0.23026405461201274,0.3515264617697563,0.25473507257678873,99,100,0.049020472913980484,0.1155436709523201,0,24.49931001663208
31.80215072631836,1.8079098284331792,0.2418525987907352,0.2360966489744421,0.3515264617697563,0.25473507257678873,99,100,0.047212060540914536,0.07142014056444168,0,24.59916353225708
31.902100563049316,1.8127223293045476,0.24171460159225314,0.2410858258785928,0.3515264617697563,0.25473507257678873,99,100,0.045595843344926834,0.04633268341422081,0,24.699113368988037
32.004013538360596,1.8174534965684495,0.2416146251078383,0.24654563403568971,0.3515264617697563,0.25473507257678873,99,100,0.0444166399538517,0.04235303774476051,0,24.801026344299316
32.102381467819214,1.8219579139457704,0.2310810075046128,0.2488959830319288,0.3515264617697563,0.25473507257678873,99,100,0.04317912459373474,0.024776173755526543,0,24.899394273757935
32.20228600502014,1.8263448272494731,0.23106134724700156,0.2533406076745196,0.3515264617697563,0.25473507257678873,99,100,0.04243548959493637,0.0032045759726315737,0,24.999298810958862
32.30206108093262,1.8307100420523406,0.2310540534038721,0.25788933037594947,0.3515264617697563,0.25473507257678873,99,100,0.041662029922008514,0.003630206920206547,0,25.099073886871338
32.40193271636963,1.834897837621062,0.23105640062228963,0.26189042229622356,0.3515264617697563,0.25473507257678873,99,100,0.040829844772815704,-0.001969390781596303,0,25.19894552230835
32.50569534301758,1.839055606844747,0.23105755690638416,0.26593516252654903,0.3515264617697563,0.25473507257678873,99,100,0.040002137422561646,-0.0018180916085839272,0,25.3027081489563
32.60209512710571,1.843081735433913,0.2310639980540792,0.2699854629928649,0.38261742224339546,0.19582738587168064,99,100,0.03911475092172623,-0.003241497790440917,0,25.399107933044434
32.70235204696655,1.8468140848701344,0.23107089172884432,0.27350025778021997,0.38261742224339546,0.19582738587168064,99,100,0.03812633454799652,-0.0023011888843029737,0,25.499364852905273
32.80217218399048,1.8506782622751894,0.23107668299517634,0.2772397033260116,0.38261742224339546,0.19582738587168064,99,100,0.037320394068956375,-0.0008954985532909632,0,25.5991849899292
32.90234684944153,1.8544129164913823,0.23108666043871304,0.28099385547968775,0.38261742224339546,0.19582738587168064,99,100,0.03651634231209755,0.0004768380895256996,0,25.69935965538025
33.0022087097168,1.8580562675147474,0.23109660857707956,0.28446455995859005,0.38261742224339546,0.19582738587168064,99,100,0.03567701205611229,-0.00447421008720994,0,25.799221515655518
33.10218524932861,1.8616888317156415,0.2311058044075853,0.2879682420196559,0.38261742224339546,0.19582738587168064,99,100,0.03486766293644905,-0.001381794922053814,0,25.899198055267334
33.20227384567261,1.865173415363803,0.23111663116283696,0.29136018808162584,0.38261742224339546,0.19582738587168064,99,100,0.03401971980929375,-0.0029924476984888315,0,25.999286651611328
33.30239725112915,1.8686336312783864,0.23112477863304826,0.294586086306288,0.38261742224339546,0.19582738587168064,99,100,0.03319986164569855,-0.004059090279042721,0,26.09941005706787
33.402326345443726,1.8720065341951209,0.23113097551320477,0.2978691723136805,0.38261742224339546,0.19582738587168064,99,100,0.0324590764939785,0.003290895139798522,0,26.199339151382446
33.502166509628296,1.8752289857767914,0.2311405629833438,0.30109283206307064,0.38261742224339546,0.19582738587168064,99,100,0.03169258311390877,0.0019839166197925806,0,26.299179315567017
33.602131843566895,1.8783914756143312,0.23115174803211033,0.3041375600350401,0.41803079961997525,0.21562941166335242,99,100,0.030925871804356575,-0.0004418897442519665,0,26.399144649505615
33.703174114227295,1.8815248850140318,0.23116181691549464,0.30716726247279125,0.41803079961997525,0.21562941166335242,99,100,0.030183888971805573,0.0017843111418187618,0,26.500186920166016
33.8022723197937,1.884569363268299,0.2311741466333582,0.31019505047491347,0.41803079961997525,0.21562941166335242,99,100,0.0294626597315073,0.002888979623094201,0,26.599285125732422
33.90225648880005,1.8875018364736262,0.2311875950794326,0.31303252262890824,0.41803079961997525,0.21562941166335242,99,100,0.028699059039354324,-0.0011001667007803917,0,26.69926929473877
34.00213670730591,1.8903802330300428,0.23119984709438246,0.3157783351735584,0.41803079961997525,0.21562941166335242,99,100,0.02797648124396801,-0.00038609374314546585,0,26.79914951324463
34.102362871170044,1.8932231047468187,0.23121160635532778,0.31858133531222965,0.41803079961997525,0.21562941166335242,99,100,0.027263902127742767,-0.0005738784093409777,0,26.899375677108765
34.202211141586304,1.8959457035927054,0.2312249673219961,0.3212823482194404,0.41803079961997525,0.21562941166335242,99,100,0.026591770350933075,0.00020772824063897133,0,26.999223947525024
34.30228543281555,1.8986095404124586,0.23123808743404914,0.32379938331392377,0.41803079961997525,0.21562941166335242,99,100,0.025899717584252357,-0.0016123445238918066,0,27.099298238754272
34.40227746963501,1.9012124280120406,0.2312495857462415,0.3263261703920432,0.41803079961997525,0.21562941166335242,99,100,0.02525392919778824,-8.947611786425114e-05,0,27.19929027557373
34.501002073287964,1.903790357491134,0.23126151976297984,0.3289160255662838,0.41803079961997525,0.21562941166335242,99,100,0.02464914880692959,0.0005800020880997181,0,27.298014879226685
34.60356116294861,1.906136709499228,0.23127450175824704,0.33125210437142727,0.41803079961997525,0.21562941166335242,99,100,0.02402864769101143,0.0015512495301663876,0,27.40057396888733
34.70214486122131,1.9186250550247312,0.2407909882500752,0.3460519480441569,0.41803079961997525,0.21562941166335242,99,100,0.023393893614411354,0.0003179972991347313,0,27.499157667160034
34.80196142196655,1.920971951948762,0.2408126052349543,0.34827166198917653,0.41803079961997525,0.21562941166335242,99,100,0.021352313458919525,-0.0044398680329322815,0,27.598974227905273
34.90226149559021,1.9231649181797421,0.24083149439777618,0.3503757546458641,0.41803079961997525,0.21562941166335242,99,100,0.019901828840374947,-0.005001405719667673,0,27.69927430152893
35.00176477432251,1.925015641577382,0.24084743056827077,0.35218958266032885,0.41803079961997525,0.21562941166335242,99,100,0.018785733729600906,-0.002240464324131608,0,27.79877758026123
35.10407471656799,1.927115757565849,0.2408663699457176,0.35427370977065425,0.41803079961997525,0.21562941166335242,99,100,0.01803538389503956,-0.0033610418904572725,0,27.901087522506714
35.202088832855225,1.9289277154674955,0.24088248151634978,0.3559740653891065,0.41803079961997525,0.21562941166335242,99,100,0.01749972067773342,-0.002882597269490361,0,27.999101638793945
35.302529096603394,1.9306933768580226,0.2408973763789144,0.35765729531658774,0.41803079961997525,0.21562941166335242,99,100,0.017062386497855186,-0.0019661320839077234,0,28.099541902542114
35.40197038650513,1.9323281211861563,0.24091054284671864,0.3592168160752045,0.41803079961997525,0.21562941166335242,99,100,0.016669202595949173,-0.001031222054734826,0,28.198983192443848
35.502047538757324,1.9341154682157724,0.24092493035142395,0.3609666013229918,0.41803079961997525,0.21562941166335242,99,100,0.016286171972751617,0.00031198328360915184,0,28.299060344696045
35.60227560997009,1.9357726610466561,0.24093879408830818,0.3626319750202195,0.41803079961997525,0.21562941166335242,99,100,0.015879156067967415,-0.00016360357403755188,0,28.399288415908813
35.7022922039032,1.9373638728336129,0.24095296161638913,0.3642062492490971,0.45200852898569954,0.1794259134682633,99,100,0.015387335792183876,-0.001233608229085803,0,28.49930500984192
35.80227732658386,1.9388309205364078,0.24096598340990447,0.36559182671337903,0.45200852898569954,0.1794259134682633,99,100,0.01497754268348217,-0.0020315805450081825,0,28.599290132522583
35.90255355834961,1.940322035175374,0.24097846231340445,0.36697301282634637,0.45200852898569954,0.1794259134682633,99,100,0.014594078063964844,-0.0007175465580075979,0,28.69956636428833
36.002246141433716,1.9418362025696723,0.24099036278585903,0.3684394231273552,0.45200852898569954,0.1794259134682633,99,100,0.014229132793843746,-0.00027651642449200153,0,28.799258947372437
36.10257267951965,1.9432764848987705,0.2410015594578324,0.3698294734918741,0.45200852898569954,0.1794259134682633,99,100,0.01388512086123228,0.0006743851117789745,0,28.899585485458374
36.20220947265625,1.9446383507108689,0.24101210049448393,0.3711676761551611,0.45200852898569954,0.1794259134682633,99,100,0.013541103340685368,0.0016246631275862455,0,28.99922227859497
36.3021399974823,1.9460994871897546,0.2410239645133268,0.37265082779715314,0.45200852898569954,0.1794259134682633,99,100,0.013185217045247555,0.0019181680399924517,0,29.09915280342102
36.4024338722229,1.9473406651296234,0.2410345208573143,0.37386451377206076,0.45200852898569954,0.1794259134682633,99,100,0.012818285264074802,0.0010497292969375849,0,29.19944667816162
36.5006890296936,1.9486322463846653,0.241045747337951,0.37515048484984054,0.45200852898569954,0.1794259134682633,99,100,0.012460390105843544,0.0012973104603588581,0,29.297701835632324
36.60240173339844,1.949890076897832,0.24105670391866288,0.376366948997203,0.45200852898569954,0.1794259134682633,99,100,0.012107759714126587,0.0004914631135761738,0,29.399414539337158
36.7001256942749,1.9511019455897236,0.24106713954392076,0.3775182706343692,0.45200852898569954,0.1794259134682633,99,100,0.011782152578234673,0.001325026387348771,0,29.497138500213623
36.80245780944824,1.9522752652612394,0.2410770544135409,0.3786675026181227,0.45200852898569954,0.1794259134682633,99,100,0.011462807655334473,0.00130519550293684,0,29.599470615386963
36.902430295944214,1.9534252902104707,0.2410868028097042,0.37978574265720133,0.45200852898569954,0.1794259134682633,99,100,0.011164028197526932,0.00169114931486547,0,29.699443101882935
37.000616788864136,1.954551036799046,0.24109642158567024,0.38094393682618566,0.45200852898569954,0.1794259134682633,99,100,0.010875082574784756,0.0024898878764361143,0,29.797629594802856
37.102367877960205,1.9556915361794154,0.24110666762344113,0.38206822298304455,0.45200852898569954,0.1794259134682633,99,100,0.010587092489004135,0.0022621259558945894,0,29.899380683898926
37.20204973220825,1.9567755474476063,0.2411172428655631,0.38326221638907865,0.45200852898569954,0.1794259134682633,99,100,0.010307468473911285,0.003063543001189828,0,29.999062538146973
37.30233645439148,1.957553132689477,0.24112674490767716,0.38432301015819303,0.45200852898569954,0.1794259134682633,99,100,0.00998187530785799,-0.0003143930807709694,0,30.0993492603302
37.40232014656067,1.9578454332618898,0.241130537121724,0.3844741245341463,0.45200852898569954,0.1794259134682633,99,100,0.009596817195415497,-0.008303903974592686,0,30.19933295249939
37.50027513504028,1.9581251962388069,0.2411337678367787,0.38462067092405994,0.45200852898569954,0.1794259134682633,99,100,0.009409031830728054,-0.004310596734285355,0,30.297287940979004
37.602174282073975,1.958469473227535,0.24113712861352088,0.38471265330713206,0.45200852898569954,0.1794259134682633,99,100,0.00935793574899435,-0.003550132503733039,0,30.399187088012695
37.70214533805847,1.9588287428065299,0.24113984198417854,0.38489491871862525,0.45200852898569954,0.1794259134682633,99,100,0.009398617781698704,0.0029869235586375,0,30.499158143997192
37.80899095535278,1.9590629226064633,0.2411415577561078,0.38523867401665834,0.45200852898569954,0.1794259134682633,99,100,0.009426401928067207,0.007140011992305517,0,30.606003761291504
37.90212607383728,1.9593872583772283,0.24114428462357057,0.38563598286149714,0.45200852898569954,0.1794259134682633,99,100,0.009383252821862698,0.005184747278690338,0,30.699138879776
38.002079010009766,1.9597621498354165,0.24114789352380342,0.3861625242360828,0.45200852898569954,0.1794259134682633,99,100,0.009294706396758556,0.0026309783570468426,0,30.799091815948486
38.1022891998291,1.9597621498354165,0.24114789352380342,0.3861625242360828,0.45200852898569954,0.1794259134682633,99,100,0.00913958065211773,-0.0003895957488566637,0,30.899302005767822
38.202245473861694,1.9597621498354165,0.24114789352380342,0.3861625242360828,0.45200852898569954,0.1794259134682633,99,100,0.008996800519526005,-0.0004190215840935707,0,30.999258279800415
38.302300214767456,1.9597621498354165,0.24114789352380342,0.3861625242360828,0.45200852898569954,0.1794259134682633,99,100,0.008966556750237942,5.061202682554722e-05,0,31.099313020706177
38.40207004547119,1.9597621498354165,0.24114789352380342,0.3861625242360828,0.45200852898569954,0.1794259134682633,99,100,0.008964656852185726,-0.00015159649774432182,0,31.199082851409912
38.502108335494995,1.9597621498354165,0.24114789352380342,0.3861625242360828,0.45200852898569954,0.1794259134682633,99,100,0.008979564532637596,0.00022803177125751972,0,31.299121141433716
38.60204243659973,1.9597621498354165,0.24114789352380342,0.3861625242360828,0.45200852898569954,0.1794259134682633,99,100,0.008991245180368423,0.0003385813906788826,0,31.399055242538452
38.70266056060791,1.9597621498354165,0.24114789352380342,0.3861625242360828,0.45200852898569954,0.1794259134682633,99,100,0.008993752300739288,-0.00011742860078811646,0,31.49967336654663
38.80245661735535,1.9597621498354165,0.24114789352380342,0.3861625242360828,0.45200852898569954,0.1794259134682633,99,100,0.008993948809802532,5.350937135517597e-05,0,31.599469423294067
38.90246558189392,1.9597621498354165,0.24114789352380342,0.3861625242360828,0.45200852898569954,0.1794259134682633,99,100,0.008995233103632927,0.00032568792812526226,0,31.69947838783264
39.00233292579651,1.9597621498354165,0.24114789352380342,0.3861625242360828,0.45200852898569954,0.1794259134682633,99,100,0.008997595869004726,0.00032365135848522186,0,31.79934573173523
39.102285385131836,1.9597621498354165,0.24114789352380342,0.3861625242360828,0.45200852898569954,0.1794259134682633,99,100,0.008998268283903599,0.00033869477920234203,0,31.899298191070557
39.20233941078186,1.9597621498354165,0.24114789352380342,0.3861625242360828,0.45200852898569954,0.1794259134682633,99,100,0.008997481316328049,0.0002424891572445631,0,31.99935221672058
39.302581548690796,1.9597621498354165,0.24114789352380342,0.3861625242360828,0.45200852898569954,0.1794259134682633,99,100,0.008996790274977684,0.0002703636419028044,0,32.09959435462952
39.402262449264526,1.9597621498354165,0.24114789352380342,0.3861625242360828,0.45200852898569954,0.1794259134682633,99,100,0.00899831298738718,0.0004367814399302006,0,32.19927525520325
39.50242853164673,1.9597621498354165,0.24114789352380342,0.3861625242360828,0.45200852898569954,0.1794259134682633,99,100,0.008996644988656044,0.0001905127428472042,0,32.29944133758545
39.60213875770569,1.9597621498354165,0.24114789352380342,0.3861625242360828,0.45200852898569954,0.1794259134682633,99,100,0.008997185155749321,0.0003166424576193094,0,32.39915156364441
39.70229935646057,1.9597621498354165,0.24114789352380342,0.3861625242360828,0.45200852898569954,0.1794259134682633,99,100,0.008993061259388924,-1.4620134606957436e-05,0,32.49931216239929
39.80231165885925,1.9597621498354165,0.24114789352380342,0.3861625242360828,0.45200852898569954,0.1794259134682633,99,100,0.00899309292435646,0.0001363030169159174,0,32.599324464797974
39.900617599487305,1.9599775919632443,0.2411501087758956,0.3863650363185699,0.45200852898569954,0.1794259134682633,99,100,0.008994745090603828,0.00036144605837762356,0,32.697630405426025
40.00206995010376,1.9599787319914088,0.24115011418075857,0.3863577372817038,0.45200852898569954,0.1794259134682633,99,100,0.008997054770588875,0.00031858496367931366,0,32.79908275604248
40.10222244262695,1.9599801043179317,0.24115012719544307,0.3863596390841612,0.45200852898569954,0.1794259134682633,99,100,0.009005830623209476,0.0010877824388444424,0,32.899235248565674
40.20206141471863,1.959978938319971,0.2411501148122043,0.38635798104037256,0.45200852898569954,0.1794259134682633,99,100,0.009005102328956127,0.0005174947436898947,0,32.99907422065735
40.302419662475586,1.9599801572096909,0.241150126558392,0.3863617162262886,0.45200852898569954,0.1794259134682633,99,100,0.009005671367049217,0.0006383676081895828,0,33.09943246841431
40.40604615211487,1.9599791170336547,0.24115011543065432,0.38636394354597386,0.45200852898569954,0.1794259134682633,99,100,0.009001223370432854,0.0004510069265961647,0,33.20305895805359
40.50255990028381,1.9599802542220277,0.24115012664836222,0.3863558928914586,0.45200852898569954,0.1794259134682633,99,100,0.008999967947602272,0.00039490615017712116,0,33.299572706222534
40.602240324020386,1.9599812136536974,0.2411501360144705,0.38635379028809486,0.45200852898569954,0.1794259134682633,99,100,0.008997856639325619,0.000346027547493577,0,33.399253129959106
40.70237112045288,1.9599802604444314,0.2411501259766824,0.38636324752286977,0.45200852898569954,0.1794259134682633,99,100,0.008998728357255459,0.00046660914085805416,0,33.4993839263916
40.802286863327026,1.9599794144186609,0.24115011704961184,0.38636251932221277,0.45200852898569954,0.1794259134682633,99,100,0.008997578173875809,0.0002738893963396549,0,33.59929966926575
40.90224313735962,1.9599802687228425,0.24115012545814798,0.38636547921435754,0.45200852898569954,0.1794259134682633,99,100,0.008998501114547253,0.0004272093065083027,0,33.69925594329834
41.00204801559448,1.959979540913614,0.24115011762411703,0.38637352304295625,0.45200852898569954,0.1794259134682633,99,100,0.008998187258839607,0.0003722752444446087,0,33.7990608215332
41.10242033004761,1.9599803044542359,0.24115012518528206,0.38637791845850566,0.45200852898569954,0.1794259134682633,99,100,0.008998006582260132,0.00031333649531006813,0,33.89943313598633
41.20204710960388,1.9599810192550708,0.24115013236678645,0.3863732706277556,0.45200852898569954,0.1794259134682633,99,100,0.008996456861495972,0.0002379128709435463,0,33.9990599155426
41.30216121673584,1.9599803572720114,0.2411501254609213,0.3863641646006841,0.45200852898569954,0.1794259134682633,99,100,0.008995620533823967,0.00023291422985494137,0,34.09917402267456
41.402021169662476,1.9599798433114957,0.24115012002139222,0.38636793487815957,0.45200852898569954,0.1794259134682633,99,100,0.008995460346341133,0.0002448190934956074,0,34.199033975601196
41.50234246253967,1.9599803572262906,0.24115012520511636,0.3863641650189201,0.45200852898569954,0.1794259134682633,99,100,0.008991129696369171,-0.00015747989527881145,0,34.299355268478394
41.60219049453735,1.9599798788115885,0.2411501202354528,0.38635840749248707,0.45200852898569954,0.1794259134682633,99,100,0.008992163464426994,0.00020703417249023914,0,34.399203300476074
41.70235061645508,1.9599805546295461,0.241150127079304,0.38635800279225624,0.45200852898569954,0.1794259134682633,99,100,0.008993699215352535,0.0002780656795948744,0,34.4993634223938
41.802244424819946,1.959980998763889,0.24115013149391235,0.3863632521865651,0.45200852898569954,0.1794259134682633,99,100,0.00899963453412056,0.000598846934735775,0,34.59925723075867
41.902183294296265,1.9599804621682133,0.2411501258806597,0.38637346618954926,0.45200852898569954,0.1794259134682633,99,100,0.009000580757856369,0.00045666168443858624,0,34.699196100234985
42.00220799446106,1.959980063504863,0.2411501217571776,0.38636911819314596,0.45200852898569954,0.1794259134682633,99,100,0.009001239202916622,0.00045341276563704014,0,34.79922080039978
42.10234451293945,1.9599804718485117,0.24115012582623346,0.3863751540616093,0.45200852898569954,0.1794259134682633,99,100,0.009000423364341259,0.0004802646581083536,0,34.899357318878174
42.202178716659546,1.9599801375480566,0.24115012228595986,0.38637460464595136,0.45200852898569954,0.1794259134682633,99,100,0.00899552833288908,2.2959429770708084e-05,0,34.99919152259827
42.302414894104004,1.9599805018762333,0.24115012604249103,0.3863689187781589,0.45200852898569954,0.1794259134682633,99,100,0.008990509435534477,-0.0001318836584687233,0,35.099427700042725
42.40213131904602,1.9599809250517222,0.2411501303366657,0.38637441471797135,0.45200852898569954,0.1794259134682633,99,100,0.008990000002086163,0.0001298293936997652,0,35.19914412498474
42.50273275375366,1.959980645454841,0.24115012739793912,0.38637860695370785,0.45200852898569954,0.1794259134682633,99,100,0.00899243913590908,0.00020975829102098942,0,35.29974555969238
42.602171421051025,1.9599802711854781,0.24115012342481404,0.3863838937764068,0.45200852898569954,0.1794259134682633,99,100,0.00899430550634861,0.0001807853113859892,0,35.399184226989746
42.70263481140137,1.9599806466163525,0.24115012730273686,0.386385384615269,0.45200852898569954,0.1794259134682633,99,100,0.008991255424916744,-0.00012895604595541954,0,35.49964761734009
42.8020293712616,1.959980427881099,0.24115012500205263,0.3863811218053777,0.45200852898569954,0.1794259134682633,99,100,0.008990802802145481,4.326691851019859e-05,0,35.59904217720032
42.90228056907654,1.9599806583437833,0.24115012737504476,0.3863809614011942,0.45200852898569954,0.1794259134682633,99,100,0.008991602808237076,0.00014822464436292648,0,35.69929337501526
43.00459814071655,1.959980465122858,0.24115012533509053,0.38638728984955,0.45200852898569954,0.1794259134682633,99,100,0.008993163704872131,0.00013199844397604465,0,35.80161094665527
43.10923218727112,1.9599806697997493,0.24115012738884914,0.38640123799520637,0.45200852898569954,0.1794259134682633,99,100,0.00899086706340313,-0.00010657357051968575,0,35.90624499320984
43.202024936676025,1.9599808631125057,0.24115012939013045,0.38639887690979824,0.45200852898569954,0.1794259134682633,99,100,0.00898975133895874,-5.249236710369587e-05,0,35.999037742614746
43.30243802070618,1.9599806867593148,0.2411501275074423,0.38639822283217445,0.45200852898569954,0.1794259134682633,99,100,0.008989209309220314,-3.422936424612999e-05,0,36.0994508266449
43.40199661254883,1.9599805277297415,0.24115012577770636,0.3864080987952574,0.45200852898569954,0.1794259134682633,99,100,0.00898798182606697,-0.00019454793073236942,0,36.19900941848755
43.50224161148071,1.9599806885887516,0.2411501274677692,0.38640107577899335,0.45200852898569954,0.1794259134682633,99,100,0.008983543142676353,-0.0005059379618614912,0,36.299254417419434
43.60192537307739,1.959980552094829,0.24115012600341618,0.38640261319333913,0.45200852898569954,0.1794259134682633,99,100,0.008982326835393906,-0.0003518005833029747,0,36.39893817901611
43.70237922668457,1.9599806950208414,0.24115012749723422,0.3864031613195688,0.45200852898569954,0.1794259134682633,99,100,0.008982548490166664,-0.0003167148679494858,0,36.49939203262329
43.802340507507324,1.9599808287443947,0.24115012890744605,0.3863949775808055,0.45200852898569954,0.1794259134682633,99,100,0.00898154266178608,-0.0005274873692542315,0,36.599353313446045
43.90420484542847,1.9599807036222348,0.24115012759066415,0.38639332574534274,0.45200852898569954,0.1794259134682633,99,100,0.00898800976574421,0.00021250732243061066,0,36.70121765136719
44.00214123725891,1.9599805922490285,0.24115012642876005,0.3863864070834598,0.45200852898569954,0.1794259134682633,99,100,0.008989441208541393,-7.26871658116579e-05,0,36.79915404319763
44.10236358642578,1.959980704557169,0.24115012758788287,0.3863930804974871,0.45200852898569954,0.1794259134682633,99,100,0.008994690142571926,0.00027875369414687157,0,36.8993763923645
44.20202136039734,1.9599806085298068,0.24115012659046373,0.38638432186675986,0.45200852898569954,0.1794259134682633,99,100,0.008992173708975315,-1.5913276001811028e-05,0,36.99903416633606
44.302398443222046,1.9599807088836132,0.24115012762291027,0.3863949999900256,0.45200852898569954,0.1794259134682633,99,100,0.008992576971650124,4.93144616484642e-05,0,37.09941124916077
44.40213465690613,1.959980624008397,0.2411501267281841,0.3863913112183239,0.45200852898569954,0.1794259134682633,99,100,0.008990391157567501,-2.0656967535614967e-05,0,37.19914746284485
44.50031328201294,1.9599807093223627,0.24115012761846102,0.38638955422581883,0.45200852898569954,0.1794259134682633,99,100,0.008991220965981483,6.23378437012434e-05,0,37.29732608795166
44.60206890106201,1.959980638321627,0.24115012687497664,0.3863898060814501,0.45200852898569954,0.1794259134682633,99,100,0.008989758789539337,-8.580950088799e-05,0,37.39908170700073
44.70239186286926,1.9599807183677025,0.24115012771483685,0.38638553155974026,0.45200852898569954,0.1794259134682633,99,100,0.00898988451808691,-2.698437310755253e-05,0,37.49940466880798
44.80252170562744,1.9599806518821592,0.24115012701723185,0.3863844248393255,0.45200852898569954,0.1794259134682633,99,100,0.008989579044282436,-3.3254968002438545e-05,0,37.59953451156616
44.90496468544006,1.9599807197294534,0.2411501277252397,0.38638753490053857,0.45200852898569954,0.1794259134682633,99,100,0.008990475907921791,1.5049939975142479e-05,0,37.701977491378784
45.00234293937683,1.9599806639919792,0.24115012714141776,0.3863829429696839,0.45200852898569954,0.1794259134682633,99,100,0.008990772068500519,1.5381723642349243e-05,0,37.79935574531555
45.104008197784424,1.9599807245671395,0.24115012777741704,0.3863834336612526,0.45200852898569954,0.1794259134682633,99,100,0.00899254996329546,0.00015948200598359108,0,37.901021003723145
45.202125549316406,1.9599806751209663,0.24115012726918833,0.38638115347185403,0.45200852898569954,0.1794259134682633,99,100,0.008992623537778854,7.418869063258171e-05,0,37.99913835525513
45.302863121032715,1.959980729054035,0.2411501278183847,0.38638884906231735,0.45200852898569954,0.1794259134682633,99,100,0.008998013101518154,0.0005846214480698109,0,38.099875926971436
45.40224647521973,1.9599806851609134,0.24115012735885694,0.3863867299584515,0.45200852898569954,0.1794259134682633,99,100,0.008994566276669502,-2.772035077214241e-05,0,38.19925928115845
45.50232815742493,1.959980733150138,0.2411501278577577,0.3863905996478663,0.45200852898569954,0.1794259134682633,99,100,0.008993643335998058,8.285627700388432e-05,0,38.29934096336365
45.60273885726929,1.9599806987092578,0.2411501274908423,0.3863980788752477,0.45200852898569954,0.1794259134682633,99,100,0.008989854715764523,-4.2448751628398895e-05,0,38.39975166320801
45.70537781715393,1.9599807368971154,0.24115012788485848,0.38640437435240593,0.45200852898569954,0.1794259134682633,99,100,0.00898992083966732,-3.883754834532738e-05,0,38.50239062309265
45.80312633514404,1.9599807316755287,0.24115012782456627,0.3864033403044553,0.45200852898569954,0.1794259134682633,99,100,0.008987907320261002,-0.0001587278675287962,0,38.600139141082764
45.9048535823822,1.9599807518408676,0.24115012803832706,0.38640274858657114,0.45200852898569954,0.1794259134682633,99,100,0.008983781561255455,-0.0004957315977662802,0,38.70186638832092
46.002665996551514,1.9599807843403134,0.24115012837786695,0.3864103036709526,0.45200852898569954,0.1794259134682633,99,100,0.008983386680483818,-0.00026057264767587185,0,38.799678802490234
46.10202360153198,1.9599807552664559,0.24115012806711877,0.38640794949595897,0.45200852898569954,0.1794259134682633,99,100,0.008982650004327297,-0.0003584674559533596,0,38.8990364074707
46.20207715034485,1.9599807317608886,0.24115012781568038,0.38640265012855235,0.45200852898569954,0.1794259134682633,99,100,0.008983533829450607,-0.000347804743796587,0,38.99908995628357
46.3022723197937,1.9599807556499387,0.24115012807204472,0.38640013663064904,0.45200852898569954,0.1794259134682633,99,100,0.008978636935353279,-0.000768530648201704,0,39.09928512573242
46.40207815170288,1.9599807810894754,0.2411501283394519,0.38639944778592,0.45200852898569954,0.1794259134682633,99,100,0.008980512619018555,-0.00033090217038989067,0,39.1990909576416
46.50290775299072,1.959980757979492,0.2411501280982388,0.3863894693014334,0.45200852898569954,0.1794259134682633,99,100,0.00898156687617302,-0.00034146872349083424,0,39.29992055892944
46.60203981399536,1.959980737067757,0.2411501278831169,0.3863809230041894,0.45200852898569954,0.1794259134682633,99,100,0.008985805325210094,-0.00016573118045926094,0,39.39905261993408
46.7049400806427,1.9599807582217896,0.24115012810540096,0.38637916280780654,0.45200852898569954,0.1794259134682633,99,100,0.008989608846604824,9.939027950167656e-05,0,39.50195288658142
46.80217361450195,1.9599807403049796,0.2411501279214288,0.38637556060763506,0.45200852898569954,0.1794259134682633,99,100,0.008991945534944534,4.724669270217419e-05,0,39.599186420440674
46.90243935585022,1.9599807591087153,0.2411501281181378,0.3863724701318198,0.45200852898569954,0.1794259134682633,99,100,0.00899362750351429,0.0001510742586106062,0,39.69945216178894
47.00216317176819,1.9599807767428412,0.24115012830208155,0.38636885065687987,0.45200852898569954,0.1794259134682633,99,100,0.008994515985250473,0.00022102356888353825,0,39.79917597770691
47.1093864440918,1.9599807603168604,0.24115012813365905,0.38636782559271093,0.45200852898569954,0.1794259134682633,99,100,0.008999817073345184,0.0006506477948278189,0,39.90639925003052
47.204445362091064,1.9599807754645568,0.24115012828986895,0.38636987441067716,0.45200852898569954,0.1794259134682633,99,100,0.00899979006499052,0.0003650940489023924,0,40.001458168029785
47.30251979827881,1.9599807607950737,0.24115012813989029,0.3863704674155096,0.45200852898569954,0.1794259134682633,99,100,0.009001648984849453,0.0005565471947193146,0,40.09953260421753
47.402230739593506,1.959980747776787,0.24115012800554467,0.3863696978433714,0.45200852898569954,0.1794259134682633,99,100,0.008998846635222435,0.00032813125289976597,0,40.19924354553223
47.504050493240356,1.9599807609389157,0.2411501281422292,0.38637097838841417,0.45200852898569954,0.1794259134682633,99,100,0.008998006582260132,0.00030688103288412094,0,40.30106329917908
47.60215210914612,1.9599807497450192,0.24115012802775584,0.38636743153596387,0.45200852898569954,0.1794259134682633,99,100,0.008996387012302876,0.00029740319587290287,0,40.39916491508484
47.700785636901855,1.9599807650059589,0.24115012818516718,0.3863657375182765,0.45200852898569954,0.1794259134682633,99,100,0.008996001444756985,0.0002552682999521494,0,40.497798442840576
47.80209255218506,1.9599807516148613,0.24115012804636296,0.3863760678822348,0.45200852898569954,0.1794259134682633,99,100,0.008995942771434784,0.0002788291312754154,0,40.59910535812378
47.90386199951172,1.9599807616164062,0.24115012814972622,0.38636974846318617,0.45200852898569954,0.1794259134682633,99,100,0.008997643366456032,0.00043177814222872257,0,40.70087480545044
48.002214193344116,1.9599807719250772,0.24115012825644952,0.386371324631249,0.45200852898569954,0.1794259134682633,99,100,0.00899661984294653,0.00021827383898198605,0,40.79922699928284
48.1024432182312,1.9599807629035733,0.24115012816341908,0.38637360187095227,0.45200852898569954,0.1794259134682633,99,100,0.008993652649223804,1.4036661013960838e-05,0,40.89945602416992
48.20221829414368,1.9599807583611628,0.24115012811578748,0.3863809570349914,0.45200852898569954,0.1794259134682633,99,100,0.008993183262646198,0.00021466566249728203,0,40.9992311000824
48.302671909332275,1.9599807630271304,0.24115012816316117,0.3863857826118851,0.45200852898569954,0.1794259134682633,99,100,0.008993472903966904,0.00018054945394396782,0,41.099684715270996
48.402299642562866,1.9599807565342326,0.24115012809462552,0.3863904566146359,0.45200852898569954,0.1794259134682633,99,100,0.008995774202048779,0.0003193847369402647,0,41.19931244850159
48.50456619262695,1.9599807636121966,0.24115012816747183,0.3863960877286242,0.45200852898569954,0.1794259134682633,99,100,0.008994034491479397,8.062389679253101e-05,0,41.301578998565674
48.602078914642334,1.9599807610751456,0.2411501281408943,0.38639138943038215,0.45200852898569954,0.1794259134682633,99,100,0.008993970230221748,0.00015832367353141308,0,41.399091720581055
48.702322244644165,1.959980764160169,0.24115012817320777,0.38639168262323487,0.45200852898569954,0.1794259134682633,99,100,0.008993822149932384,0.0002086227759718895,0,41.499335050582886
48.80232119560242,1.9599807590344764,0.24115012812006903,0.38638754726577373,0.45200852898569954,0.1794259134682633,99,100,0.00899207592010498,-3.116508014500141e-05,0,41.59933400154114
48.90283799171448,1.9599807663581483,0.24115012819630696,0.38638861490055704,0.45200852898569954,0.1794259134682633,99,100,0.008992369286715984,0.00014665140770375729,0,41.6998507976532
49.0020637512207,1.9599807600699033,0.24115012812990905,0.38639326426458404,0.45200852898569954,0.1794259134682633,99,100,0.008990585803985596,-3.9339764043688774e-05,0,41.799076557159424
49.10270714759827,1.9599807665824525,0.241150128197762,0.38639473114519607,0.45200852898569954,0.1794259134682633,99,100,0.008990163914859295,-5.558202974498272e-05,0,41.89971995353699
49.20212006568909,1.9599807709335997,0.24115012824352688,0.3863923613669158,0.45200852898569954,0.1794259134682633,99,100,0.008986543864011765,-0.00029115728102624416,0,41.99913287162781
49.30530500411987,1.959980767005651,0.24115012820213716,0.3863948691960835,0.45200852898569954,0.1794259134682633,99,100,0.00898655503988266,-0.0001463035587221384,0,42.102317810058594
49.40200901031494,1.9599807634958653,0.24115012816537673,0.3863922438200174,0.45200852898569954,0.1794259134682633,99,100,0.008986523374915123,-0.00014792871661484241,0,42.19902181625366
49.5024471282959,1.959980767037707,0.24115012820228782,0.3863974370439942,0.45200852898569954,0.1794259134682633,99,100,0.008988039568066597,-9.808922186493874e-05,0,42.29945993423462
49.60206151008606,1.9599807640613247,0.24115012817018705,0.386403828140244,0.45200852898569954,0.1794259134682633,99,100,0.008988634683191776,-7.817731238901615e-05,0,42.39907431602478
49.70483064651489,1.9599807672135938,0.24115012820324916,0.3864057185019824,0.45200852898569954,0.1794259134682633,99,100,0.00898770336061716,-0.00020893546752631664,0,42.50184345245361
49.80251359939575,1.9599807645640281,0.24115012817526213,0.3863993942053367,0.45200852898569954,0.1794259134682633,99,100,0.008984485641121864,-0.0004219156689941883,0,42.59952640533447
49.90001201629639,1.959980767361492,0.2411501282048811,0.38639945228398204,0.45200852898569954,0.1794259134682633,99,100,0.008983246982097626,-0.0003326893784105778,0,42.69702482223511
50.00203061103821,1.959980765002331,0.2411501281801303,0.3863918877385375,0.45200852898569954,0.1794259134682633,99,100,0.008983952924609184,-0.00024039787240326405,0,42.79904341697693
50.10221028327942,1.9599807673930008,0.2411501282054948,0.38638867542560335,0.45200852898569954,0.1794259134682633,99,100,0.008985543623566628,-0.0002101368736475706,0,42.89922308921814
50.202221155166626,1.959980765391263,0.2411501281841713,0.3864015992332401,0.45200852898569954,0.1794259134682633,99,100,0.008987518027424812,-9.292247705161572e-05,0,42.99923396110535
50.306172609329224,1.9599807675960248,0.24115012820683973,0.3864110051796831,0.45200852898569954,0.1794259134682633,99,100,0.00898877251893282,-7.628323510289192e-05,0,43.103185415267944
50.40213489532471,1.9599807657242032,0.24115012818715342,0.38640080127714005,0.45200852898569954,0.1794259134682633,99,100,0.00898717436939478,-0.00027892529033124447,0,43.19914770126343
50.50230693817139,1.9599807676756102,0.24115012820795725,0.3863959970432916,0.45200852898569954,0.1794259134682633,99,100,0.008992353454232216,0.0003634656313806772,0,43.29931974411011
50.60200572013855,1.9599807660082345,0.24115012819005166,0.38640280284054374,0.45200852898569954,0.1794259134682633,99,100,0.008990999311208725,-9.394553489983082e-05,0,43.39901852607727
50.70273303985596,1.9599807677403271,0.24115012820837087,0.38640109551730706,0.45200852898569954,0.1794259134682633,99,100,0.00898773968219757,-0.000377176096662879,0,43.49974584579468
50.80207443237305,1.9599807662638629,0.2411501281927836,0.3863978966262328,0.45200852898569954,0.1794259134682633,99,100,0.008983820676803589,-0.0003139716573059559,0,43.59908723831177
50.90299677848816,1.9599807678100802,0.24115012820906198,0.386401343871796,0.45200852898569954,0.1794259134682633,99,100,0.008980782702565193,-0.00054740603081882,0,43.70000958442688
51.002177238464355,1.9599807692581297,0.24115012822437365,0.38639803109513526,0.45200852898569954,0.1794259134682633,99,100,0.008982157334685326,-0.00028992909938097,0,43.799190044403076
51.100165128707886,1.9599807679156902,0.24115012821040094,0.386389969170199,0.45200852898569954,0.1794259134682633,99,100,0.008983024396002293,-0.00029936828650534153,0,43.897177934646606
51.20252799987793,1.9599807667418523,0.2411501281982043,0.3863885914953935,0.45200852898569954,0.1794259134682633,99,100,0.00898849405348301,6.839726120233536e-05,0,43.99954080581665
51.30235934257507,1.9599807679124555,0.24115012821043286,0.38638831920149713,0.45200852898569954,0.1794259134682633,99,100,0.008990180678665638,-1.3060634955763817e-05,0,44.099372148513794
51.404916286468506,1.9599807673801937,0.24115012820498324,0.3863838554235229,0.45200852898569954,0.1794259134682633,99,100,0.008991311304271221,-2.441881224513054e-05,0,44.20192909240723
51.5002806186676,1.959980768073351,0.24115012821238874,0.38637313112458027,0.45200852898569954,0.1794259134682633,99,100,0.008992830291390419,0.00020351307466626167,0,44.29729342460632
51.60252523422241,1.9599807675294716,0.24115012820690274,0.3863708673911876,0.45200852898569954,0.1794259134682633,99,100,0.008992722257971764,5.8442121371626854e-05,0,44.39953804016113
51.700165033340454,1.959980768142921,0.24115012821321577,0.3863744629953385,0.45200852898569954,0.1794259134682633,99,100,0.008993932045996189,0.00019048782996833324,0,44.497177839279175
51.802276849746704,1.9599807673208338,0.24115012820472595,0.3863776337559061,0.45200852898569954,0.1794259134682633,99,100,0.008993487805128098,0.00014000455848872662,0,44.599289655685425
51.9028856754303,1.9599807681471515,0.241150128213252,0.3863839329587196,0.45200852898569954,0.1794259134682633,99,100,0.008992413990199566,9.047100320458412e-06,0,44.69989848136902
52.00188136100769,1.9599807691126294,0.24115012822331192,0.3863783720340289,0.45200852898569954,0.1794259134682633,99,100,0.008992239832878113,0.00012171640992164612,0,44.79889416694641
52.10259985923767,1.9599807684780306,0.24115012821677162,0.38637663831155994,0.45200852898569954,0.1794259134682633,99,100,0.008995709009468555,0.0004320985171943903,0,44.89961266517639
52.20210361480713,1.959980767622558,0.24115012820799667,0.3863737813732836,0.45200852898569954,0.1794259134682633,99,100,0.008996536955237389,0.00025129341520369053,0,44.99911642074585
52.30231595039368,1.9599807682766048,0.24115012821475293,0.38637844714379266,0.45200852898569954,0.1794259134682633,99,100,0.009000067599117756,0.0005754237063229084,0,45.0993287563324
52.402023792266846,1.9599807679806138,0.24115012821166198,0.38637746368210035,0.45200852898569954,0.1794259134682633,99,100,0.008998457342386246,0.00030591199174523354,0,45.199036598205566
52.50426435470581,1.959980768505103,0.24115012821714746,0.386371360344397,0.45200852898569954,0.1794259134682633,99,100,0.009000517427921295,0.000535756116732955,0,45.30127716064453
52.60221719741821,1.959980768066205,0.2411501282126654,0.3863726091385407,0.45200852898569954,0.1794259134682633,99,100,0.008996983990073204,0.00021003792062401772,0,45.399230003356934
52.70406150817871,1.9599807685322606,0.24115012821747003,0.386373067427415,0.45200852898569954,0.1794259134682633,99,100,0.00899711437523365,0.0003229193389415741,0,45.50107431411743
52.80210494995117,1.9599807681416042,0.2411501282135012,0.386366176939173,0.45200852898569954,0.1794259134682633,99,100,0.00899519957602024,0.0002256289590150118,0,45.59911775588989
52.90085220336914,1.9599807685555732,0.2411501282178254,0.38636262828192036,0.45200852898569954,0.1794259134682633,99,100,0.008995764888823032,0.00026229070499539375,0,45.69786500930786
53.00195384025574,1.9599807689472153,0.24115012822183618,0.38636711726461354,0.45200852898569954,0.1794259134682633,99,100,0.008996482007205486,0.0003519798628985882,0,45.79896664619446
53.10287833213806,1.9599807685671282,0.24115012821789444,0.3863782097603876,0.45200852898569954,0.1794259134682633,99,100,0.008997594937682152,0.0003600320778787136,0,45.89989113807678
53.20245385169983,1.9599807682652746,0.24115012821477463,0.3863749810075288,0.45200852898569954,0.1794259134682633,99,100,0.008997426368296146,0.00029825838282704353,0,45.99946665763855
53.30299663543701,1.9599807685919057,0.24115012821813187,0.3863790523851652,0.45200852898569954,0.1794259134682633,99,100,0.008995856158435345,0.00019018142484128475,0,46.10000944137573
53.40208888053894,1.9599807683158834,0.2411501282152752,0.3863786679626778,0.45200852898569954,0.1794259134682633,99,100,0.008994199335575104,0.00013817613944411278,0,46.19910168647766
53.50028586387634,1.9599807686054795,0.24115012821826734,0.3863810106495715,0.45200852898569954,0.1794259134682633,99,100,0.008991084061563015,-6.639864295721054e-05,0,46.29729866981506
53.60227084159851,1.9599807683596673,0.2411501282156687,0.38639000417981806,0.45200852898569954,0.1794259134682633,99,100,0.008990957401692867,7.990747690200806e-05,0,46.39928364753723
53.69999647140503,1.9599807686165713,0.24115012821829696,0.3863999471241699,0.45200852898569954,0.1794259134682633,99,100,0.008988117799162865,-0.0002003347035497427,0,46.49700927734375
53.8020806312561,1.9599807683976187,0.2411501282159705,0.3863998161271832,0.45200852898569954,0.1794259134682633,99,100,0.008985909633338451,-0.00031050248071551323,0,46.599093437194824
53.9007613658905,1.959980768625428,0.24115012821836274,0.38640010412790954,0.45200852898569954,0.1794259134682633,99,100,0.008985902182757854,-0.0001166823785752058,0,46.697774171829224
54.002050161361694,1.9599807684306296,0.24115012821627146,0.3864061204294668,0.45200852898569954,0.1794259134682633,99,100,0.008985556662082672,-0.0002622390165925026,0,46.799062967300415
54.10005521774292,1.9599807686334643,0.24115012821841164,0.3864060648839036,0.45200852898569954,0.1794259134682633,99,100,0.008985739201307297,-0.0002491029445081949,0,46.89706802368164
54.20201778411865,1.9599807684613806,0.24115012821657977,0.3864036118926577,0.45200852898569954,0.1794259134682633,99,100,0.008987022563815117,-7.692864164710045e-05,0,46.99903059005737
54.30243253707886,1.9599807686424753,0.2411501282184935,0.38640159219732423,0.45200852898569954,0.1794259134682633,99,100,0.008987639099359512,-0.0001585122663527727,0,47.09944534301758
54.402040004730225,1.9599807684902746,0.24115012821685985,0.3864050782357181,0.45200852898569954,0.1794259134682633,99,100,0.008987375535070896,-0.0002002171240746975,0,47.199052810668945
54.500773429870605,1.9599807686994646,0.24115012821906737,0.38640949370561506,0.45200852898569954,0.1794259134682633,99,100,0.008985753171145916,-0.0002788596320897341,0,47.297786235809326
54.602137327194214,1.9599807685170416,0.24115012821712895,0.38640562175862037,0.45200852898569954,0.1794259134682633,99,100,0.008984285406768322,-0.00034837517887353897,0,47.399150133132935
54.70010447502136,1.9599807686542723,0.2411501282185942,0.38639753954462885,0.45200852898569954,0.1794259134682633,99,100,0.008986290544271469,-6.904103793203831e-05,0,47.49711728096008
54.8020441532135,1.9599807685413289,0.24115012821738657,0.386406805129929,0.45200852898569954,0.1794259134682633,99,100,0.008988488465547562,-3.1603965908288956e-05,0,47.59905695915222
54.90138483047485,1.9599807686638926,0.24115012821867376,0.38640601636217786,0.45200852898569954,0.1794259134682633,99,100,0.008988752029836178,-0.00016461219638586044,0,47.698397636413574
55.002087116241455,1.9599807685637274,0.24115012821759382,0.3864134973102732,0.45200852898569954,0.1794259134682633,99,100,0.008986445143818855,-0.00029633985832333565,0,47.799099922180176
55.10071063041687,1.959980768672878,0.241150128218748,0.3864137507453245,0.45200852898569954,0.1794259134682633,99,100,0.008982624858617783,-0.0005025037098675966,0,47.89772343635559
55.20228099822998,1.959980768583964,0.24115012821777604,0.386419588145251,0.45200852898569954,0.1794259134682633,99,100,0.008983450941741467,-0.0002175574190914631,0,47.9992938041687
55.30025672912598,1.959980768681127,0.24115012821881304,0.38641886930242836,0.45200852898569954,0.1794259134682633,99,100,0.008981778286397457,-0.000478025758638978,0,48.0972695350647
55.402305126190186,1.959980768637546,0.24115012821833184,0.3864246564786237,0.45200852898569954,0.1794259134682633,99,100,0.00898149237036705,-0.000481591559946537,0,48.199317932128906
55.50023317337036,1.9599807686889443,0.24115012821887136,0.38643075382205516,0.45200852898569954,0.1794259134682633,99,100,0.008979315869510174,-0.0005710721015930176,0,48.29724597930908
55.60233664512634,1.95998076865043,0.24115012821844975,0.38642695164939506,0.45200852898569954,0.1794259134682633,99,100,0.008978798054158688,-0.0005903125274926424,0,48.39934945106506
55.70067238807678,1.9599807687196118,0.24115012821919987,0.38642085951621935,0.45200852898569954,0.1794259134682633,99,100,0.008975164033472538,-0.0008703179191797972,0,48.4976851940155
55.802125692367554,1.959980768661819,0.24115012821858847,0.38641254270601155,0.45200852898569954,0.1794259134682633,99,100,0.008977042511105537,-0.0005093542858958244,0,48.599138498306274
55.90063524246216,1.9599807687233213,0.24115012821923995,0.38641515448175856,0.45200852898569954,0.1794259134682633,99,100,0.008977968245744705,-0.0005517126992344856,0,48.69764804840088
56.00220966339111,1.9599807686718511,0.2411501282186987,0.386406848886945,0.45200852898569954,0.1794259134682633,99,100,0.008977435529232025,-0.0007588786538690329,0,48.799222469329834
56.10008645057678,1.9599807687265052,0.24115012821928192,0.3864087147454625,0.45200852898569954,0.1794259134682633,99,100,0.0089782839640975,-0.0005093454383313656,0,48.8970992565155
56.20224618911743,1.9599807686806463,0.24115012821878784,0.38641115355957295,0.45200852898569954,0.1794259134682633,99,100,0.00898050144314766,-0.00039447215385735035,0,48.99925899505615
56.29999136924744,1.9599807687291904,0.2411501282193107,0.386402216385753,0.45200852898569954,0.1794259134682633,99,100,0.00897959154099226,-0.0006666276603937149,0,49.09700417518616
56.40223288536072,1.9599807686883122,0.24115012821887702,0.3864054424232915,0.45200852898569954,0.1794259134682633,99,100,0.008980559185147285,-0.00042084604501724243,0,49.19924569129944
56.500041484832764,1.9599807687314252,0.24115012821933138,0.38641357977962815,0.45200852898569954,0.1794259134682633,99,100,0.00897706113755703,-0.0007902332581579685,0,49.297054290771484
56.602237701416016,1.9599807686950292,0.2411501282189443,0.38640702380268277,0.45200852898569954,0.1794259134682633,99,100,0.008979810401797295,-0.00039178947918117046,0,49.399250507354736
56.702354192733765,1.9599807687318427,0.24115012821933904,0.3864062994463117,0.45200852898569954,0.1794259134682633,99,100,0.0089798578992486,-0.00047174724750220776,0,49.499366998672485
56.80035996437073,1.9599807687114446,0.24115012821911913,0.38641217930846533,0.45200852898569954,0.1794259134682633,99,100,0.008983401581645012,-0.0002995426766574383,0,49.59737277030945
56.90164566040039,1.95998076873494,0.24115012821936635,0.3864141779990406,0.45200852898569954,0.1794259134682633,99,100,0.008983680047094822,-0.0003298632800579071,0,49.69865846633911
57.00200271606445,1.959980768709267,0.24115012821909382,0.38640818878906247,0.45200852898569954,0.1794259134682633,99,100,0.008983518928289413,-0.00041194260120391846,0,49.799015522003174
57.10064625740051,1.9599807687360908,0.24115012821938173,0.38640504245244295,0.45200852898569954,0.1794259134682633,99,100,0.008982568979263306,-0.00040840916335582733,0,49.89765906333923
57.20240902900696,1.9599807687103317,0.24115012821910942,0.38640533132564814,0.45200852898569954,0.1794259134682633,99,100,0.008982101455330849,-0.0004119924269616604,0,49.99942183494568
57.30638289451599,1.959980768737119,0.24115012821939807,0.38639291603631637,0.45200852898569954,0.1794259134682633,99,100,0.008982904255390167,-0.00033512827940285206,0,50.10339570045471
57.402184009552,1.9599807687143926,0.24115012821916157,0.38639202104658343,0.45200852898569954,0.1794259134682633,99,100,0.008986477740108967,-4.5070191845297813e-05,0,50.19919681549072
57.50217652320862,1.9599807687383082,0.24115012821941642,0.38638393670748794,0.45200852898569954,0.1794259134682633,99,100,0.008988244459033012,-0.00011251750402152538,0,50.29918932914734
57.6021773815155,1.9599807687181978,0.2411501282192075,0.3863859624962754,0.45200852898569954,0.1794259134682633,99,100,0.008990190923213959,-1.0263407602906227e-05,0,50.399190187454224
57.70058059692383,1.9599807687385253,0.24115012821941956,0.38638996182363206,0.45200852898569954,0.1794259134682633,99,100,0.008988570421934128,-0.00017657922580838203,0,50.49759340286255
57.802405834198,1.959980768721687,0.2411501282192446,0.38638261681192493,0.45200852898569954,0.1794259134682633,99,100,0.008989483118057251,-1.4506280422210693e-05,0,50.59941864013672
57.90198564529419,1.9599807687398636,0.24115012821943702,0.3863804727800108,0.45200852898569954,0.1794259134682633,99,100,0.008988805115222931,-8.93112737685442e-05,0,50.69899845123291
58.002060890197754,1.9599807687316517,0.241150128219353,0.38638155399264085,0.45200852898569954,0.1794259134682633,99,100,0.008988979272544384,-0.00010229530744254589,0,50.799073696136475
58.10096764564514,1.959980768740973,0.24115012821945148,0.3863776996937283,0.45200852898569954,0.1794259134682633,99,100,0.008990059606730938,5.457852967083454e-05,0,50.89798045158386
58.20191407203674,1.9599807687278854,0.2411501282193171,0.38638152736911985,0.45200852898569954,0.1794259134682633,99,100,0.008992173708975315,0.00014062714762985706,0,50.998926877975464
58.30223512649536,1.9599807687423285,0.24115012821946538,0.38638571232673535,0.45200852898569954,0.1794259134682633,99,100,0.008995630778372288,0.0003419488202780485,0,51.09924793243408
58.4023220539093,1.959980768735846,0.24115012821939388,0.3864003056330669,0.45200852898569954,0.1794259134682633,99,100,0.00899507850408554,0.00013345805928111076,0,51.19933485984802
58.50232172012329,1.959980768743479,0.24115012821947587,0.3863896462076276,0.45200852898569954,0.1794259134682633,99,100,0.00899091549217701,-0.00019254116341471672,0,51.29933452606201
58.60231280326843,1.959980768737761,0.24115012821941276,0.3864053649825268,0.45200852898569954,0.1794259134682633,99,100,0.00898761861026287,-0.0001679214183241129,0,51.39932560920715
58.70260691642761,1.9599807687445647,0.2411501282194832,0.3864087064502636,0.45200852898569954,0.1794259134682633,99,100,0.008982205763459206,-0.0005495725199580193,0,51.49961972236633
58.80214262008667,1.9599807687394712,0.24115012821942913,0.38640420892426147,0.45200852898569954,0.1794259134682633,99,100,0.008981077000498772,-0.00042638485319912434,0,51.59915542602539
58.905431509017944,1.959980768748628,0.24115012821952664,0.38639942086190454,0.45200852898569954,0.1794259134682633,99,100,0.008980619721114635,-0.00040468014776706696,0,51.702444314956665
59.001957178115845,1.9599807687409874,0.24115012821944504,0.3864076604043201,0.45200852898569954,0.1794259134682633,99,100,0.008982502855360508,-0.00035242154262959957,0,51.798969984054565
59.10244107246399,1.9599807687489423,0.24115012821952891,0.38640761660641715,0.45200852898569954,0.1794259134682633,99,100,0.008983667008578777,-0.0003020395524799824,0,51.89945387840271
59.20222592353821,1.9599807687423867,0.24115012821945903,0.38640857201362194,0.45200852898569954,0.1794259134682633,99,100,0.008981434628367424,-0.0005835953634232283,0,51.99923872947693
59.30239939689636,1.9599807687496191,0.24115012821953505,0.38641773922221795,0.45200852898569954,0.1794259134682633,99,100,0.00898332241922617,-0.00022503826767206192,0,52.09941220283508
59.40224480628967,1.9599807687435609,0.2411501282194696,0.38641313758941775,0.45200852898569954,0.1794259134682633,99,100,0.008982500992715359,-0.00040670251473784447,0,52.199257612228394
59.50295662879944,1.9599807687499702,0.24115012821953816,0.3864161543681232,0.45200852898569954,0.1794259134682633,99,100,0.008982335217297077,-0.0004738057032227516,0,52.29996943473816
59.601961851119995,1.9599807687445732,0.24115012821947923,0.38642472571457,0.45200852898569954,0.1794259134682633,99,100,0.008979273028671741,-0.000616864301264286,0,52.398974657058716
59.702144622802734,1.959980768750264,0.2411501282195399,0.3864190522043505,0.45200852898569954,0.1794259134682633,99,100,0.0089791901409626,-0.0005243082996457815,0,52.499157428741455
59.80371165275574,1.9599807687454538,0.24115012821948686,0.38643014365296113,0.45200852898569954,0.1794259134682633,99,100,0.008976289071142673,-0.0007897517643868923,0,52.60072445869446
59.90253496170044,1.9599807687505033,0.24115012821954118,0.3864277608635904,0.45200852898569954,0.1794259134682633,99,100,0.008977212943136692,-0.000583442160859704,0,52.69954776763916
60.00229740142822,1.9599807687462172,0.2411501282194931,0.386443386737234,0.45200852898569954,0.1794259134682633,99,100,0.008973524905741215,-0.0009518398437649012,0,52.79931020736694
60.10242247581482,1.9599807687506967,0.24115012821954132,0.386441497968532,0.45200852898569954,0.1794259134682633,99,100,0.008969413116574287,-0.0011990922503173351,0,52.89943528175354
60.20224356651306,1.9599807687468762,0.24115012821949888,0.3864426999416906,0.45200852898569954,0.1794259134682633,99,100,0.008967789821326733,-0.0010293794330209494,0,52.99925637245178
60.30272650718689,1.9599807687508484,0.24115012821954188,0.3864501726278577,0.45200852898569954,0.1794259134682633,99,100,0.008968415670096874,-0.001014068489894271,0,53.09973931312561
60.40197801589966,1.9599807687474466,0.2411501282195052,0.3864364163403806,0.45200852898569954,0.1794259134682633,99,100,0.008970106951892376,-0.0009639379568397999,0,53.19899082183838
60.502535343170166,1.9599807687509858,0.24115012821954335,0.38644452306026944,0.45200852898569954,0.1794259134682633,99,100,0.008974358439445496,-0.0006182664074003696,0,53.29954814910889
60.602185010910034,1.9599807687479818,0.24115012821951012,0.38644455676791445,0.45200852898569954,0.1794259134682633,99,100,0.00897164735943079,-0.0011488241143524647,0,53.399197816848755
60.703269243240356,1.959980768751144,0.24115012821954424,0.3864515200602266,0.45200852898569954,0.1794259134682633,99,100,0.008971625939011574,-0.0009402225259691477,0,53.50028204917908
60.80194401741028,1.959980768750635,0.241150128219538,0.3864585109307375,0.45200852898569954,0.1794259134682633,99,100,0.008969173766672611,-0.001039151567965746,0,53.598956823349
60.902029037475586,1.9599807687511843,0.24115012821954404,0.38645798493663464,0.45200852898569954,0.1794259134682633,99,100,0.008963067084550858,-0.0016650280449539423,0,53.69904184341431
61.002071142196655,1.9599807687499635,0.24115012821953039,0.38645298469948985,0.45200852898569954,0.1794259134682633,99,100,0.0,0.0,0,53.799083948135376
61.10261821746826,1.9599807687513746,0.24115012821954604,0.386450875977037,0.45200852898569954,0.1794259134682633,99,100,0.0,0.0,0,53.89963102340698
61.20216202735901,1.9599807687502941,0.24115012821953383,0.3864518548194317,0.45200852898569954,0.1794259134682633,99,100,0.008963402360677719,-0.0011929778847843409,0,53.99917483329773
61.30261778831482,1.9599807687515551,0.24115012821954762,0.38645269463055376,0.45200852898569954,0.1794259134682633,99,100,0.008966967463493347,-0.001105093164369464,0,54.09963059425354
61.40217900276184,1.9599807687498096,0.2411501282195284,0.3864497789278991,0.45200852898569954,0.1794259134682633,99,100,0.008968030102550983,-0.0010937664192169905,0,54.19919180870056
61.5023729801178,1.9599807687517152,0.2411501282195494,0.38644685625443875,0.45200852898569954,0.1794259134682633,99,100,0.008970472030341625,-0.0009160924237221479,0,54.29938578605652
61.60220694541931,1.959980768750162,0.24115012821953252,0.3864405597626502,0.45200852898569954,0.1794259134682633,99,100,0.008972126059234142,-0.0008663914632052183,0,54.39921975135803
61.7024929523468,1.9599807687518582,0.24115012821955137,0.3864328261032825,0.45200852898569954,0.1794259134682633,99,100,0.008974655531346798,-0.0007334472611546516,0,54.49950575828552
61.802271366119385,1.959980768750476,0.24115012821953646,0.3864358153459917,0.45200852898569954,0.1794259134682633,99,100,0.008974693715572357,-0.0008156674448400736,0,54.599284172058105
61.90257430076599,1.9599807687524455,0.24115012821955778,0.38643790492958036,0.45200852898569954,0.1794259134682633,99,100,0.008974597789347172,-0.0008151677902787924,0,54.69958710670471
62.00226616859436,1.9599807687513038,0.24115012821954546,0.3864354383978408,0.45200852898569954,0.1794259134682633,99,100,0.008973555639386177,-0.0008534877561032772,0,54.79927897453308
62.1042263507843,1.9599807687531858,0.24115012821956588,0.38642970268944804,0.45200852898569954,0.1794259134682633,99,100,0.008973698131740093,-0.0008128385525196791,0,54.90123915672302
62.202431440353394,1.9599807687515045,0.24115012821954798,0.38641651193841897,0.45200852898569954,0.1794259134682633,99,100,0.008974357508122921,-0.0007561435922980309,0,54.999444246292114
62.302260637283325,1.9599807687525796,0.2411501282195597,0.3864178887400538,0.45200852898569954,0.1794259134682633,99,100,0.008978853933513165,-0.0003897720016539097,0,55.099273443222046
62.40508961677551,1.959980768751681,0.24115012821955015,0.3864195033558779,0.45200852898569954,0.1794259134682633,99,100,0.008980577811598778,-0.0004942987579852343,0,55.20210242271423
62.50223398208618,1.959980768752633,0.24115012821956028,0.38641760911002293,0.45200852898569954,0.1794259134682633,99,100,0.008981873281300068,-0.00046221213415265083,0,55.2992467880249
62.602219581604004,1.9599807687524908,0.2411501282195588,0.386417868553528,0.45200852898569954,0.1794259134682633,99,100,0.008982273750007153,-0.00037468993104994297,0,55.399232387542725
62.702356576919556,1.9599807687526813,0.24115012821956086,0.3864139131185495,0.45200852898569954,0.1794259134682633,99,100,0.008982939645648003,-0.000377073185518384,0,55.499369382858276
62.80236768722534,1.9599807687519692,0.24115012821955328,0.38641194107113624,0.45200852898569954,0.1794259134682633,99,100,0.008982133120298386,-0.0004633504431694746,0,55.59938049316406
62.902079343795776,1.95998076875272,0.24115012821956128,0.3864188555713461,0.45200852898569954,0.1794259134682633,99,100,0.008981495164334774,-0.0004539929796010256,0,55.6990921497345
63.002053022384644,1.9599807687520858,0.24115012821955442,0.3864291973137084,0.45200852898569954,0.1794259134682633,99,100,0.00898112915456295,-0.00045432010665535927,0,55.799065828323364
63.10224223136902,1.9599807687527535,0.2411501282195617,0.3864271337475754,0.45200852898569954,0.1794259134682633,99,100,0.008977575227618217,-0.000789661193266511,0,55.89925503730774
63.202181816101074,1.9599807687521882,0.2411501282195553,0.38643432415429557,0.45200852898569954,0.1794259134682633,99,100,0.008978236466646194,-0.0004986980929970741,0,55.999194622039795
63.30215930938721,1.9599807687527802,0.24115012821956178,0.3864359563226441,0.45200852898569954,0.1794259134682633,99,100,0.008976401761174202,-0.000726934289559722,0,56.09917211532593
63.402278661727905,1.9599807687522761,0.24115012821955625,0.38643579732964084,0.45200852898569954,0.1794259134682633,99,100,0.008975256234407425,-0.0008336438331753016,0,56.199291467666626
63.502460956573486,1.9599807687528004,0.24115012821956194,0.38643328823001993,0.45200852898569954,0.1794259134682633,99,100,0.008973048999905586,-0.0008629667572677135,0,56.29947376251221
63.602179765701294,1.959980768752352,0.2411501282195573,0.38643484327366934,0.45200852898569954,0.1794259134682633,99,100,0.00897346530109644,-0.0007922574877738953,0,56.399192571640015
63.70238733291626,1.95998076875282,0.24115012821956236,0.38642989188297855,0.45200852898569954,0.1794259134682633,99,100,0.008974084630608559,-0.0007757272105664015,0,56.49940013885498
63.80231523513794,1.9599807687525914,0.24115012821956008,0.38643152143764337,0.45200852898569954,0.1794259134682633,99,100,0.008975498378276825,-0.0006979182362556458,0,56.59932804107666
63.90221929550171,1.959980768752965,0.2411501282195641,0.3864309649015748,0.45200852898569954,0.1794259134682633,99,100,0.008976021781563759,-0.0007127183489501476,0,56.69923210144043
64.00223541259766,1.9599807687524904,0.24115012821955908,0.3864219889682572,0.45200852898569954,0.1794259134682633,99,100,0.008975999429821968,-0.0007400230970233679,0,56.79924821853638
64.10254693031311,1.959980768752845,0.24115012821956291,0.38642509781915707,0.45200852898569954,0.1794259134682633,99,100,0.00897948071360588,-0.0003723881673067808,0,56.89955973625183
64.20842576026917,1.9599807687525856,0.24115012821956003,0.38643086731642523,0.45200852898569954,0.1794259134682633,99,100,0.008979911915957928,-0.0005600310396403074,0,57.005438566207886
64.30260252952576,1.9599807687528683,0.24115012821956328,0.3864341875500061,0.45200852898569954,0.1794259134682633,99,100,0.008979937992990017,-0.0005899365060031414,0,57.09961533546448
64.40215682983398,1.9599807687527242,0.24115012821956172,0.3864386861039197,0.45200852898569954,0.1794259134682633,99,100,0.008977482095360756,-0.0006928900256752968,0,57.199169635772705
64.50224876403809,1.9599807687528925,0.24115012821956336,0.3864397890958966,0.45200852898569954,0.1794259134682633,99,100,0.00897236168384552,-0.0010893596336245537,0,57.29926156997681
64.60212707519531,1.959980768752885,0.2411501282195634,0.38644142107206275,0.45200852898569954,0.1794259134682633,99,100,0.00897066481411457,-0.0009327854495495558,0,57.39913988113403
64.70223903656006,1.959980768752992,0.24115012821956464,0.3864457671161233,0.45200852898569954,0.1794259134682633,99,100,0.008969436399638653,-0.0009898822754621506,0,57.49925184249878
64.80226063728333,1.9599807687528006,0.24115012821956255,0.3864381196698719,0.45200852898569954,0.1794259134682633,99,100,0.008970717899501324,-0.0009404802694916725,0,57.599273443222046
64.90233492851257,1.9599807687529334,0.24115012821956383,0.3864344201847746,0.45200852898569954,0.1794259134682633,99,100,0.008971180766820908,-0.0009148900862783194,0,57.699347734451294
65.00242853164673,1.959980768752833,0.24115012821956297,0.38643544890216175,0.45200852898569954,0.1794259134682633,99,100,0.008972899056971073,-0.0008228758815675974,0,57.79944133758545
65.104816198349,1.9599807687529491,0.24115012821956439,0.38642870097325627,0.45200852898569954,0.1794259134682633,99,100,0.008973938412964344,-0.0007970025762915611,0,57.90182900428772
65.2021119594574,1.9599807687528616,0.2411501282195635,0.38643282084295194,0.45200852898569954,0.1794259134682633,99,100,0.008974270895123482,-0.0008180749136954546,0,57.99912476539612
65.30228662490845,1.959980768753022,0.24115012821956505,0.3864379760591998,0.45200852898569954,0.1794259134682633,99,100,0.008974537253379822,-0.000779114430770278,0,58.09929943084717
65.40234231948853,1.959980768752888,0.2411501282195634,0.38643739863126547,0.45200852898569954,0.1794259134682633,99,100,0.008974483236670494,-0.0007921236101537943,0,58.199355125427246
65.50231575965881,1.9599807687530302,0.24115012821956483,0.38643070814531477,0.45200852898569954,0.1794259134682633,99,100,0.008974135853350163,-0.0008257078006863594,0,58.299328565597534
65.60208821296692,1.9599807687529116,0.2411501282195638,0.3864247418066285,0.45200852898569954,0.1794259134682633,99,100,0.008974072523415089,-0.0007984095718711615,0,58.39910101890564
65.70231103897095,1.9599807687530386,0.24115012821956522,0.386430543142824,0.45200852898569954,0.1794259134682633,99,100,0.008975100703537464,-0.0007078519556671381,0,58.49932384490967
65.80200004577637,1.9599807687529325,0.2411501282195642,0.38643116806816946,0.45200852898569954,0.1794259134682633,99,100,0.00897657684981823,-0.0006435727700591087,0,58.59901285171509
65.90198063850403,1.9599807687530786,0.24115012821956563,0.3864298603089328,0.45200852898569954,0.1794259134682633,99,100,0.00897652842104435,-0.000728449085727334,0,58.69899344444275
66.00243663787842,1.95998076875295,0.2411501282195641,0.38643892334401503,0.45200852898569954,0.1794259134682633,99,100,0.00897644367069006,-0.0007024582009762526,0,58.79944944381714
66.10220289230347,1.959980768753049,0.24115012821956505,0.38644260878418685,0.45200852898569954,0.1794259134682633,99,100,0.008974574506282806,-0.000845006201416254,0,58.89921569824219
66.2022078037262,1.9599807687530022,0.2411501282195643,0.38643790544113604,0.45200852898569954,0.1794259134682633,99,100,0.008972645737230778,-0.0009379498660564423,0,58.99922060966492
66.3021821975708,1.959980768753054,0.24115012821956477,0.38642648507034416,0.45200852898569954,0.1794259134682633,99,100,0.008971678093075752,-0.0009019409772008657,0,59.09919500350952
66.40242314338684,1.9599807687529804,0.2411501282195643,0.38643116022781787,0.45200852898569954,0.1794259134682633,99,100,0.008972919546067715,-0.0007877424359321594,0,59.19943594932556
66.5022041797638,1.9599807687530577,0.2411501282195653,0.3864203434873649,0.45200852898569954,0.1794259134682633,99,100,0.008974646218121052,-0.0007310057990252972,0,59.299216985702515
66.6022093296051,1.9599807687529902,0.24115012821956475,0.3864243196171956,0.45200852898569954,0.1794259134682633,99,100,0.008976345881819725,-0.0006683366373181343,0,59.39922213554382
66.70360469818115,1.9599807687530597,0.24115012821956552,0.38642907208762634,0.45200852898569954,0.1794259134682633,99,100,0.008977756835520267,-0.0006011289078742266,0,59.50061750411987
66.80223536491394,1.9599807687529995,0.24115012821956497,0.3864297413740911,0.45200852898569954,0.1794259134682633,99,100,0.008977996185421944,-0.0006426654290407896,0,59.59924817085266
66.90240716934204,1.9599807687530626,0.24115012821956563,0.38642983599323283,0.45200852898569954,0.1794259134682633,99,100,0.008977364748716354,-0.000687701627612114,0,59.69941997528076
67.00215482711792,1.9599807687530528,0.24115012821956544,0.38642608408425366,0.45200852898569954,0.1794259134682633,99,100,0.008976909331977367,-0.000668475404381752,0,59.79916763305664
67.10240387916565,1.9599807687530644,0.24115012821956558,0.3864256875626774,0.45200852898569954,0.1794259134682633,99,100,0.008978122845292091,-0.0005444085691124201,0,59.89941668510437
67.20194840431213,1.9599807687530397,0.24115012821956516,0.38642644875888277,0.45200852898569954,0.1794259134682633,99,100,0.0089739840477705,-0.0010177860967814922,0,59.998961210250854
67.30207920074463,1.9599807687530675,0.2411501282195653,0.38642724002876794,0.45200852898569954,0.1794259134682633,99,100,0.008974305354058743,-0.0007247140165418386,0,60.09909200668335
67.40217757225037,1.9599807687530457,0.24115012821956494,0.3864184360080262,0.45200852898569954,0.1794259134682633,99,100,0.008973756805062294,-0.0007617382798343897,0,60.19919037818909
67.50211596488953,1.959980768753069,0.24115012821956514,0.3864152930275759,0.45200852898569954,0.1794259134682633,99,100,0.008978351950645447,-0.00046771555207669735,0,60.29912877082825
67.6008791923523,1.9599807687530513,0.24115012821956472,0.3864157914403506,0.45200852898569954,0.1794259134682633,99,100,0.008974998258054256,-0.0009478635620325804,0,60.397891998291016
67.70277142524719,1.9599807687530741,0.24115012821956475,0.3864203228682194,0.45200852898569954,0.1794259134682633,99,100,0.008978026919066906,-0.00048099877312779427,0,60.49978423118591
67.80410385131836,1.9599807687530582,0.2411501282195644,0.3864195580575059,0.45200852898569954,0.1794259134682633,99,100,0.008977361023426056,-0.0006197758484631777,0,60.60111665725708
67.90199589729309,1.9599807687530868,0.24115012821956452,0.3864198236138186,0.45200852898569954,0.1794259134682633,99,100,0.008979417383670807,-0.0005645467899739742,0,60.69900870323181
68.00202941894531,1.9599807687530613,0.24115012821956414,0.38641302574359443,0.45200852898569954,0.1794259134682633,99,100,0.008976666256785393,-0.000758505193516612,0,60.79904222488403
68.10242748260498,1.9599807687530781,0.24115012821956458,0.38641033389629875,0.45200852898569954,0.1794259134682633,99,100,0.008978212252259254,-0.0005287609528750181,0,60.8994402885437
68.20273041725159,1.9599807687530661,0.2411501282195647,0.3864060219625037,0.45200852898569954,0.1794259134682633,99,100,0.00897923856973648,-0.0004875392187386751,0,60.99974322319031
68.30230331420898,1.9599807687530826,0.24115012821956508,0.38641549913077183,0.45200852898569954,0.1794259134682633,99,100,0.008982053957879543,-0.0003669583238661289,0,61.099316120147705
68.40221214294434,1.9599807687530708,0.24115012821956514,0.3864137948271582,0.45200852898569954,0.1794259134682633,99,100,0.008979834616184235,-0.0006572641432285309,0,61.19922494888306
68.50230360031128,1.9599807687530915,0.24115012821956552,0.3864236753829048,0.45200852898569954,0.1794259134682633,99,100,0.008980371057987213,-0.0004647953901439905,0,61.29931640625
68.60224318504333,1.9599807687530735,0.24115012821956552,0.38641663125272935,0.45200852898569954,0.1794259134682633,99,100,0.008977810852229595,-0.0006852122023701668,0,61.399255990982056
68.70230054855347,1.959980768753091,0.2411501282195659,0.38640908224296167,0.45200852898569954,0.1794259134682633,99,100,0.00898094940930605,-0.0003319431561976671,0,61.49931335449219
68.80212378501892,1.959980768753074,0.24115012821956586,0.3864114047098589,0.45200852898569954,0.1794259134682633,99,100,0.008981369435787201,-0.0004172439221292734,0,61.59913659095764
68.9025604724884,1.9599807687530895,0.24115012821956625,0.3864215995459764,0.45200852898569954,0.1794259134682633,99,100,0.008983246982097626,-0.00036854296922683716,0,61.699573278427124
69.0021562576294,1.959980768753077,0.2411501282195662,0.38641931404947527,0.45200852898569954,0.1794259134682633,99,100,0.00897990632802248,-0.0006542876362800598,0,61.799169063568115
69.10217094421387,1.9599807687530928,0.2411501282195664,0.38643262688363594,0.45200852898569954,0.1794259134682633,99,100,0.00897896382957697,-0.0005824856925755739,0,61.89918375015259
69.20226693153381,1.9599807687530812,0.24115012821956636,0.38644055132136235,0.45200852898569954,0.1794259134682633,99,100,0.00897539034485817,-0.000819517532363534,0,61.999279737472534
69.30208325386047,1.9599807687530948,0.24115012821956658,0.38643331621546684,0.45200852898569954,0.1794259134682633,99,100,0.008971688337624073,-0.0010483998339623213,0,62.099096059799194
69.40217709541321,1.9599807687530852,0.24115012821956658,0.3864384096704673,0.45200852898569954,0.1794259134682633,99,100,0.008971055038273335,-0.00086170993745327,0,62.19918990135193
69.50253558158875,1.9599807687530957,0.24115012821956686,0.38642848749400954,0.45200852898569954,0.1794259134682633,99,100,0.008967917412519455,-0.0012104029301553965,0,62.299548387527466
69.60221123695374,1.9599807687530904,0.24115012821956686,0.3864312970988297,0.45200852898569954,0.1794259134682633,99,100,0.008970829658210278,-0.0008139126002788544,0,62.399224042892456
69.70264530181885,1.9599807687530961,0.24115012821956708,0.3864237114772943,0.45200852898569954,0.1794259134682633,99,100,0.008972639217972755,-0.0007673208601772785,0,62.49965810775757
69.8020875453949,1.9599807687530864,0.24115012821956713,0.3864250073313368,0.45200852898569954,0.1794259134682633,99,100,0.008976014330983162,-0.0006973857525736094,0,62.59910035133362
69.90229272842407,1.9599807687530943,0.2411501282195673,0.38642355099928793,0.45200852898569954,0.1794259134682633,99,100,0.008977063931524754,-0.0006421776488423347,0,62.69930553436279
70.00221061706543,1.9599807687530855,0.2411501282195673,0.386415614222554,0.45200852898569954,0.1794259134682633,99,100,0.008978215046226978,-0.0006028162315487862,0,62.79922342300415
70.10220527648926,1.9599807687530926,0.24115012821956747,0.38642463583342257,0.45200852898569954,0.1794259134682633,99,100,0.00897904671728611,-0.0005507892929017544,0,62.89921808242798
70.20226979255676,1.9599807687530875,0.24115012821956752,0.3864355720013115,0.45200852898569954,0.1794259134682633,99,100,0.0089750736951828,-0.0009496095590293407,0,62.99928259849548
70.30245327949524,1.9599807687530906,0.24115012821956758,0.38643676420735984,0.45200852898569954,0.1794259134682633,99,100,0.008971596136689186,-0.0010157825890928507,0,63.09946608543396
70.40218544006348,1.959980768753086,0.24115012821956763,0.3864322916694411,0.45200852898569954,0.1794259134682633,99,100,0.008969963528215885,-0.0009479781147092581,0,63.1991982460022
70.50236582756042,1.9599807687530881,0.24115012821956774,0.38643194417514165,0.45200852898569954,0.1794259134682633,99,100,0.008973239921033382,-0.0006891277153044939,0,63.299378633499146
70.60222458839417,1.9599807687530832,0.2411501282195677,0.3864349512105194,0.45200852898569954,0.1794259134682633,99,100,0.008978405967354774,-0.0004218542017042637,0,63.399237394332886
70.70209622383118,1.9599807687530884,0.2411501282195678,0.3864426063649047,0.45200852898569954,0.1794259134682633,99,100,0.008978653699159622,-0.0007087986450642347,0,63.4991090297699
70.80220746994019,1.9599807687530881,0.24115012821956774,0.3864403753556271,0.45200852898569954,0.1794259134682633,99,100,0.008973987773060799,-0.0010482852812856436,0,63.599220275878906
70.90389466285706,1.9599807687530928,0.24115012821956786,0.3864462049856424,0.45200852898569954,0.1794259134682633,99,100,0.008971258997917175,-0.0009325933642685413,0,63.700907468795776
71.00216174125671,1.9599807687530924,0.24115012821956786,0.3864498386210808,0.45200852898569954,0.1794259134682633,99,100,0.008971462957561016,-0.0008426702115684748,0,63.799174547195435
71.10248827934265,1.9599807687530961,0.24115012821956786,0.38643816392682684,0.45200852898569954,0.1794259134682633,99,100,0.008971035480499268,-0.0009968446101993322,0,63.89950108528137
71.2031774520874,1.9599807687530957,0.24115012821956786,0.38643866070660926,0.45200852898569954,0.1794259134682633,99,100,0.00897169765084982,-0.0008852004539221525,0,64.00019025802612
71.30244445800781,1.959980768753099,0.24115012821956788,0.3864448364168962,0.45200852898569954,0.1794259134682633,99,100,0.008972056210041046,-0.000878163380548358,0,64.09945726394653
71.40209913253784,1.9599807687530983,0.24115012821956788,0.3864359651656703,0.45200852898569954,0.1794259134682633,99,100,0.00897146761417389,-0.0009954487904906273,0,64.19911193847656
71.5022759437561,1.9599807687531023,0.24115012821956788,0.38643664624887375,0.45200852898569954,0.1794259134682633,99,100,0.008972804993391037,-0.000790787860751152,0,64.29928874969482
71.60222434997559,1.9599807687531008,0.24115012821956788,0.38643383010163035,0.45200852898569954,0.1794259134682633,99,100,0.008972609415650368,-0.000891231931746006,0,64.3992371559143
71.70235085487366,1.9599807687531048,0.24115012821956794,0.38643817570020605,0.45200852898569954,0.1794259134682633,99,100,0.008973764255642891,-0.0008125160820782185,0,64.49936366081238
71.80209946632385,1.9599807687531041,0.24115012821956794,0.38643339736050547,0.45200852898569954,0.1794259134682633,99,100,0.008972623385488987,-0.00090932403691113,0,64.59911227226257
71.90221667289734,1.9599807687531074,0.241150128219568,0.3864287976952718,0.45200852898569954,0.1794259134682633,99,100,0.008975894190371037,-0.0005804677493870258,0,64.69922947883606
72.00203776359558,1.9599807687531061,0.24115012821956794,0.38644085683277646,0.45200852898569954,0.1794259134682633,99,100,0.008975808508694172,-0.0007535053882747889,0,64.7990505695343
72.1022207736969,1.959980768753109,0.24115012821956805,0.38644610872295193,0.45200852898569954,0.1794259134682633,99,100,0.008972699753940105,-0.0010693632066249847,0,64.89923357963562
72.20030164718628,1.959980768753108,0.24115012821956805,0.3864375875000408,0.45200852898569954,0.1794259134682633,99,100,0.0089707737788558,-0.0009467764757573605,0,64.997314453125
72.3020384311676,1.9599807687531106,0.24115012821956822,0.38644019250229794,0.45200852898569954,0.1794259134682633,99,100,0.008972682990133762,-0.0007278970442712307,0,65.09905123710632
72.40228843688965,1.9599807687531097,0.24115012821956822,0.38644050096342364,0.45200852898569954,0.1794259134682633,99,100,0.008973319083452225,-0.0008756476454436779,0,65.19930124282837
72.50224161148071,1.9599807687531114,0.24115012821956838,0.3864396031018055,0.45200852898569954,0.1794259134682633,99,100,0.008974791504442692,-0.000739402137696743,0,65.29925441741943
72.60208535194397,1.9599807687531103,0.24115012821956844,0.3864385305671911,0.45200852898569954,0.1794259134682633,99,100,0.008973988704383373,-0.0008402157109230757,0,65.39909815788269
72.70229935646057,1.9599807687531126,0.24115012821956866,0.38644116552419566,0.45200852898569954,0.1794259134682633,99,100,0.008971541188657284,-0.0010611042380332947,0,65.49931216239929
72.80202555656433,1.959980768753112,0.24115012821956877,0.38644410582252264,0.45200852898569954,0.1794259134682633,99,100,0.008972222916781902,-0.0007894071750342846,0,65.59903836250305
72.90338468551636,1.9599807687531134,0.24115012821956894,0.38644448020486216,0.45200852898569954,0.1794259134682633,99,100,0.008971182629466057,-0.0009751031175255775,0,65.70039749145508
73.00207996368408,1.9599807687531128,0.2411501282195691,0.3864417847648162,0.45200852898569954,0.1794259134682633,99,100,0.008972001262009144,-0.0009083463810384274,0,65.7990927696228
73.10236024856567,1.9599807687531143,0.24115012821956916,0.38644223797402016,0.45200852898569954,0.1794259134682633,99,100,0.008973576128482819,-0.0007212737109512091,0,65.8993730545044
73.20046257972717,1.959980768753114,0.24115012821956933,0.38643549794394305,0.45200852898569954,0.1794259134682633,99,100,0.00897376611828804,-0.0008754308801144361,0,65.9974753856659
73.30233907699585,1.9599807687531154,0.24115012821956944,0.38643822854469,0.45200852898569954,0.1794259134682633,99,100,0.008974309079349041,-0.0007961210794746876,0,66.09935188293457
73.4020938873291,1.9599807687531148,0.24115012821956955,0.38643886709314945,0.45200852898569954,0.1794259134682633,99,100,0.008973738178610802,-0.0008242756593972445,0,66.19910669326782
73.50219321250916,1.959980768753116,0.24115012821956966,0.38643623491197415,0.45200852898569954,0.1794259134682633,99,100,0.008973883464932442,-0.0008307863026857376,0,66.29920601844788
73.60221004486084,1.9599807687531159,0.24115012821956977,0.38643908551067246,0.45200852898569954,0.1794259134682633,99,100,0.008972933515906334,-0.0008868156000971794,0,66.39922285079956
73.70224690437317,1.9599807687531168,0.24115012821956988,0.3864418504112453,0.45200852898569954,0.1794259134682633,99,100,0.008972395211458206,-0.000901032006368041,0,66.49925971031189
73.80225419998169,1.959980768753117,0.24115012821956994,0.38644968035138977,0.45200852898569954,0.1794259134682633,99,100,0.008972124196588993,-0.0008935707155615091,0,66.59926700592041
73.90256214141846,1.9599807687531179,0.24115012821957,0.38644811283502367,0.45200852898569954,0.1794259134682633,99,100,0.008970932103693485,-0.0010050234850496054,0,66.69957494735718
74.00211238861084,1.9599807687531179,0.2411501282195701,0.3864467682581448,0.45200852898569954,0.1794259134682633,99,100,0.008970309048891068,-0.0009960341267287731,0,66.79912519454956
74.1022937297821,1.959980768753118,0.24115012821957016,0.3864455530330826,0.45200852898569954,0.1794259134682633,99,100,0.008969994261860847,-0.0009883909951895475,0,66.89930653572083
74.20218014717102,1.9599807687531179,0.24115012821957021,0.3864513980514785,0.45200852898569954,0.1794259134682633,99,100,0.00897008553147316,-0.0009998492896556854,0,66.99919295310974
74.30211973190308,1.9599807687531186,0.24115012821957033,0.38644596886421373,0.45200852898569954,0.1794259134682633,99,100,0.008969501592218876,-0.0010505497921258211,0,67.0991325378418
74.40217328071594,1.9599807687531183,0.24115012821957038,0.3864416334335694,0.45200852898569954,0.1794259134682633,99,100,0.008969539776444435,-0.0010150307789444923,0,67.19918608665466
74.50291895866394,1.9599807687531192,0.24115012821957044,0.38644217100716294,0.45200852898569954,0.1794259134682633,99,100,0.008971629664301872,-0.0008306775707751513,0,67.29993176460266
74.60239243507385,1.9599807687531188,0.2411501282195705,0.3864314788643307,0.45200852898569954,0.1794259134682633,99,100,0.008972197771072388,-0.0009159904439002275,0,67.39940524101257
74.70224523544312,1.9599807687531197,0.2411501282195706,0.38643776490273524,0.45200852898569954,0.1794259134682633,99,100,0.008976508863270283,-0.0005302901845425367,0,67.49925804138184
74.80239510536194,1.9599807687531199,0.24115012821957066,0.3864422846014664,0.45200852898569954,0.1794259134682633,99,100,0.008976773358881474,-0.0007139774970710278,0,67.59940791130066
74.902352809906,1.9599807687531217,0.24115012821957066,0.3864487174432003,0.45200852898569954,0.1794259134682633,99,100,0.008973043411970139,-0.0010983727406710386,0,67.69936561584473
75.00240206718445,1.9599807687531217,0.24115012821957071,0.38645166325617575,0.45200852898569954,0.1794259134682633,99,100,0.008968370035290718,-0.001161225140094757,0,67.79941487312317
75.10229015350342,1.9599807687531232,0.24115012821957077,0.38645667996543537,0.45200852898569954,0.1794259134682633,99,100,0.00896869320422411,-0.0009394714143127203,0,67.89930295944214
75.20236492156982,1.9599807687531237,0.24115012821957083,0.38646461689385825,0.45200852898569954,0.1794259134682633,99,100,0.008966118097305298,-0.0013115631882101297,0,67.99937772750854
75.30215263366699,1.9599807687531252,0.24115012821957083,0.38647293163123897,0.45200852898569954,0.1794259134682633,99,100,0.008963949978351593,-0.0013753015082329512,0,68.09916543960571
75.40229153633118,1.9599807687531263,0.24115012821957088,0.3864723249771251,0.45200852898569954,0.1794259134682633,99,100,0.008961129002273083,-0.0014448955189436674,0,68.1993043422699
75.50231790542603,1.9599807687531279,0.24115012821957088,0.38647819811888307,0.45200852898569954,0.1794259134682633,99,100,0.00896051712334156,-0.0014649785589426756,0,68.29933071136475
75.60218048095703,1.959980768753129,0.24115012821957088,0.38648305119783255,0.45200852898569954,0.1794259134682633,99,100,0.008960040286183357,-0.0014712079428136349,0,68.39919328689575
75.70205092430115,1.9599807687531303,0.24115012821957088,0.3864835259316168,0.45200852898569954,0.1794259134682633,99,100,0.008958900347352028,-0.001584153389558196,0,68.49906373023987
75.80236983299255,1.9599807687531314,0.24115012821957088,0.3864803307267375,0.45200852898569954,0.1794259134682633,99,100,0.008958064019680023,-0.0015972140245139599,0,68.59938263893127
75.90218544006348,1.9599807687531328,0.24115012821957088,0.38649142860952984,0.45200852898569954,0.1794259134682633,99,100,0.008957503363490105,-0.0015998948365449905,0,68.6991982460022
76.00242757797241,1.9599807687531337,0.24115012821957083,0.38648612889158995,0.45200852898569954,0.1794259134682633,99,100,0.008956313133239746,-0.0017127026803791523,0,68.79944038391113
76.10238647460938,1.9599807687531345,0.24115012821957083,0.386501086717857,0.45200852898569954,0.1794259134682633,99,100,0.008958234451711178,-0.0014663641341030598,0,68.8993992805481
76.20231795310974,1.9599807687531354,0.24115012821957083,0.38649567908162186,0.45200852898569954,0.1794259134682633,99,100,0.008956994861364365,-0.0017078069504350424,0,68.99933075904846
76.30211424827576,1.9599807687531363,0.24115012821957083,0.38648890238754796,0.45200852898569954,0.1794259134682633,99,100,0.008955893106758595,-0.0017606730107218027,0,69.09912705421448
76.40210175514221,1.959980768753137,0.24115012821957083,0.3864842797987713,0.45200852898569954,0.1794259134682633,99,100,0.008949151262640953,-0.002253473736345768,0,69.19911456108093
76.50230240821838,1.9599807687531376,0.24115012821957077,0.3864834477171788,0.45200852898569954,0.1794259134682633,99,100,0.00894898734986782,-0.0019238872919231653,0,69.2993152141571
76.60235118865967,1.9599807687531383,0.24115012821957077,0.38648552802518127,0.45200852898569954,0.1794259134682633,99,100,0.00895086582750082,-0.001755409874022007,0,69.39936399459839
76.70218825340271,1.959980768753139,0.2411501282195708,0.38647855361601774,0.45200852898569954,0.1794259134682633,99,100,0.008953463286161423,-0.0018117690924555063,0,69.49920105934143
76.80223274230957,1.9599807687531394,0.2411501282195708,0.3864725541783497,0.45200852898569954,0.1794259134682633,99,100,0.008955971337854862,-0.001608475111424923,0,69.59924554824829
76.90224838256836,1.95998076875314,0.2411501282195708,0.38646536599479375,0.45200852898569954,0.1794259134682633,99,100,0.008958231657743454,-0.0015212858561426401,0,69.69926118850708
77.00272035598755,1.9599807687531405,0.2411501282195708,0.3864648229360196,0.45200852898569954,0.1794259134682633,99,100,0.008961132727563381,-0.0013938900083303452,0,69.79973316192627
77.10216355323792,1.9599807687531412,0.24115012821957074,0.3864600653469522,0.45200852898569954,0.1794259134682633,99,100,0.008962610736489296,-0.0013478414621204138,0,69.89917635917664
77.20211911201477,1.9599807687531416,0.24115012821957074,0.38646751404376495,0.45200852898569954,0.1794259134682633,99,100,0.008964079432189465,-0.0012808435130864382,0,69.99913191795349
77.30206656455994,1.9599807687531423,0.24115012821957074,0.386475974304373,0.45200852898569954,0.1794259134682633,99,100,0.008961187675595284,-0.0015889012720435858,0,70.09907937049866
77.40205407142639,1.9599807687531428,0.24115012821957074,0.38647751224107324,0.45200852898569954,0.1794259134682633,99,100,0.008959956467151642,-0.0015058198478072882,0,70.19906687736511
77.5023889541626,1.9599807687531434,0.24115012821957074,0.38647102469829786,0.45200852898569954,0.1794259134682633,99,100,0.00895608402788639,-0.001773132011294365,0,70.29940176010132
77.60212326049805,1.9599807687531439,0.24115012821957074,0.38647366907234765,0.45200852898569954,0.1794259134682633,99,100,0.008957969956099987,-0.001472623087465763,0,70.39913606643677
77.70211815834045,1.9599807687531443,0.24115012821957074,0.3864747485179996,0.45200852898569954,0.1794259134682633,99,100,0.00895882397890091,-0.0014758575707674026,0,70.49913096427917
77.80234670639038,1.9599807687531448,0.24115012821957074,0.3864670505605278,0.45200852898569954,0.1794259134682633,99,100,0.008962939493358135,-0.0012606200762093067,0,70.5993595123291
77.90217733383179,1.959980768753145,0.24115012821957074,0.3864753979999049,0.45200852898569954,0.1794259134682633,99,100,0.00896499678492546,-0.001200871542096138,0,70.69919013977051
78.00401759147644,1.9599807687531452,0.2411501282195707,0.38646448722558074,0.45200852898569954,0.1794259134682633,99,100,0.008964307606220245,-0.0013991298619657755,0,70.80103039741516
78.10205101966858,1.9599807687531454,0.2411501282195707,0.3864658765717758,0.45200852898569954,0.1794259134682633,99,100,0.008965528570115566,-0.0011555536184459925,0,70.8990638256073
78.20239806175232,1.9599807687531456,0.2411501282195707,0.3864705765731195,0.45200852898569954,0.1794259134682633,99,100,0.008965211920440197,-0.0012395265512168407,0,70.99941086769104
78.30220150947571,1.9599807687531456,0.2411501282195707,0.38646885930901115,0.45200852898569954,0.1794259134682633,99,100,0.008964793756604195,-0.0013218277599662542,0,71.09921431541443
78.40210795402527,1.9599807687531459,0.2411501282195707,0.38646103237309826,0.45200852898569954,0.1794259134682633,99,100,0.00896358024328947,-0.001323811011388898,0,71.19912075996399
78.50075101852417,1.9599807687531459,0.2411501282195707,0.386457753513433,0.45200852898569954,0.1794259134682633,99,100,0.00896365474909544,-0.001292122295126319,0,71.29776382446289
78.6023006439209,1.9599807687531459,0.2411501282195707,0.38645819071358795,0.45200852898569954,0.1794259134682633,99,100,0.008968236856162548,-0.0008930121548473835,0,71.39931344985962
78.70225644111633,1.9599807687531459,0.2411501282195707,0.38645819071358795,0.45200852898569954,0.1794259134682633,99,100,0.008966098539531231,-0.0013835353311151266,0,71.49926924705505
78.80030727386475,1.9599807687531459,0.2411501282195707,0.38645819071358795,0.45200852898569954,0.1794259134682633,99,100,0.008969847112894058,-0.0008755640592426062,0,71.59732007980347
78.90214443206787,1.9599807687531459,0.2411501282195707,0.38645266553631846,0.45200852898569954,0.1794259134682633,99,100,0.008968086913228035,-0.0011358761694282293,0,71.69915723800659
79.002450466156,1.9599807687531459,0.2411501282195707,0.38645487405591744,0.45200852898569954,0.1794259134682633,99,100,0.008971440605819225,-0.0008928885217756033,0,71.79946327209473
79.1021294593811,1.9599807687531459,0.2411501282195707,0.3864648184797411,0.45200852898569954,0.1794259134682633,99,100,0.008968878537416458,-0.001125857699662447,0,71.89914226531982
79.20235848426819,1.9599807687531459,0.2411501282195707,0.3864648184797411,0.45200852898569954,0.1794259134682633,99,100,0.008967742323875427,-0.0012005800381302834,0,71.99937129020691
79.30233240127563,1.9599807687531459,0.2411501282195707,0.3864648184797411,0.45200852898569954,0.1794259134682633,99,100,0.008961126208305359,-0.0016383409965783358,0,72.09934520721436
79.40077614784241,1.9599807687531459,0.2411501282195707,0.3864648184797411,0.45200852898569954,0.1794259134682633,99,100,0.008964261040091515,-0.0010358304716646671,0,72.19778895378113
79.5021014213562,1.9599807687531459,0.2411501282195707,0.3864648184797411,0.45200852898569954,0.1794259134682633,99,100,0.00896416511386633,-0.0012653139419853687,0,72.29911422729492
79.60295605659485,1.9599807687531459,0.2411501282195707,0.3864648184797411,0.45200852898569954,0.1794259134682633,99,100,0.008966206572949886,-0.001223488710820675,0,72.39996886253357
79.70242071151733,1.9599807687531459,0.2411501282195707,0.3864648184797411,0.45200852898569954,0.1794259134682633,99,100,0.008964675478637218,-0.0012722441460937262,0,72.49943351745605
79.80242371559143,1.9599807687531459,0.2411501282195707,0.3864648184797411,0.45200852898569954,0.1794259134682633,99,100,0.008961749263107777,-0.0015578188467770815,0,72.59943652153015
79.90219712257385,1.9599807687531459,0.2411501282195707,0.3864648184797411,0.45200852898569954,0.1794259134682633,99,100,0.008958754129707813,-0.0016007209196686745,0,72.69920992851257
80.00210976600647,1.9599807687531459,0.2411501282195707,0.3864648184797411,0.45200852898569954,0.1794259134682633,99,100,0.008959710597991943,-0.001368716824799776,0,72.79912257194519
80.10225224494934,1.9599807687531459,0.2411501282195707,0.3864648184797411,0.45200852898569954,0.1794259134682633,99,100,0.008959662169218063,-0.001531671965494752,0,72.89926505088806
80.20253396034241,1.9599807687531459,0.2411501282195707,0.3864648184797411,0.45200852898569954,0.1794259134682633,99,100,0.00895966961979866,-0.001534423790872097,0,72.99954676628113
80.30211424827576,1.9599807687531459,0.2411501282195707,0.3864648184797411,0.45200852898569954,0.1794259134682633,99,100,0.008956855162978172,-0.00172335933893919,0,73.09912705421448
80.40013027191162,1.9599807687531459,0.2411501282195707,0.3864648184797411,0.45200852898569954,0.1794259134682633,99,100,0.008956330828368664,-0.0016599684022367,0,73.19714307785034
80.50242567062378,1.9599807687531459,0.2411501282195707,0.3864648184797411,0.45200852898569954,0.1794259134682633,99,100,0.00895523652434349,-0.001713781151920557,0,73.2994384765625
80.60215878486633,1.9599807687531459,0.2411501282195707,0.3864648184797411,0.45200852898569954,0.1794259134682633,99,100,0.008955148980021477,-0.0017292415723204613,0,73.39917159080505
80.70222663879395,1.9599807687531459,0.2411501282195707,0.3864648184797411,0.45200852898569954,0.1794259134682633,99,100,0.008955598808825016,-0.0016585111152380705,0,73.49923944473267
80.80231523513794,1.9599807687531459,0.2411501282195707,0.3864648184797411,0.45200852898569954,0.1794259134682633,99,100,0.00895849522203207,-0.001450969371944666,0,73.59932804107666
80.90232872962952,1.9599807687531459,0.2411501282195707,0.3864648184797411,0.45200852898569954,0.1794259134682633,99,100,0.008962789550423622,-0.0012322156690061092,0,73.69934153556824
81.0016860961914,1.9599807687531459,0.2411501282195707,0.3864648184797411,0.45200852898569954,0.1794259134682633,99,100,0.008962961845099926,-0.0014454035554081202,0,73.79869890213013
81.10236930847168,1.9599807687531459,0.2411501282195707,0.3864648184797411,0.45200852898569954,0.1794259134682633,99,100,0.008966590277850628,-0.0010472601279616356,0,73.8993821144104
81.20023036003113,1.9599807687531459,0.2411501282195707,0.3864648184797411,0.45200852898569954,0.1794259134682633,99,100,0.00896529108285904,-0.0013117468915879726,0,73.99724316596985
81.30221796035767,1.9599807687531459,0.2411501282195707,0.3864648184797411,0.45200852898569954,0.1794259134682633,99,100,0.00895730685442686,-0.0020723058842122555,0,74.09923076629639
81.40230941772461,1.9599807687531459,0.2411501282195707,0.3864648184797411,0.45200852898569954,0.1794259134682633,99,100,0.00895280297845602,-0.0018070908263325691,0,74.19932222366333
81.50220441818237,1.9599807687531459,0.2411501282195707,0.3864648184797411,0.45200852898569954,0.1794259134682633,99,100,0.008944938890635967,-0.002435544738546014,0,74.2992172241211
81.60225939750671,1.9599807687531459,0.2411501282195707,0.3864648184797411,0.45200852898569954,0.1794259134682633,99,100,0.008947561495006084,-0.001905270153656602,0,74.39927220344543
81.70224046707153,1.9599807687531459,0.2411501282195707,0.3864648184797411,0.45200852898569954,0.1794259134682633,99,100,0.008946997113525867,-0.0020453529432415962,0,74.49925327301025
81.80268120765686,1.9599807687531459,0.2411501282195707,0.3864648184797411,0.45200852898569954,0.1794259134682633,99,100,0.008951331488788128,-0.0018564257770776749,0,74.59969401359558
81.90048575401306,1.9599807687531459,0.2411501282195707,0.38649075573090647,0.45200852898569954,0.1794259134682633,99,100,0.008951454423367977,-0.0018891356885433197,0,74.69749855995178
82.00217080116272,1.9599807687531459,0.2411501282195707,0.3865197429794412,0.45200852898569954,0.1794259134682633,99,100,0.008951890282332897,-0.0019327099435031414,0,74.79918360710144
82.10220050811768,1.9599807687531459,0.2411501282195707,0.3865237240562918,0.45200852898569954,0.1794259134682633,99,100,0.008949046023190022,-0.002125111408531666,0,74.8992133140564
82.20235133171082,1.9599807687531459,0.2411501282195707,0.38652221572139994,0.45200852898569954,0.1794259134682633,99,100,0.00894609559327364,-0.0022404969204217196,0,74.99936413764954
82.30216860771179,1.9599807687531459,0.2411501282195707,0.38651942949860496,0.45200852898569954,0.1794259134682633,99,100,0.008941611275076866,-0.0025016108993440866,0,75.09918141365051
82.40213680267334,1.9599807687531459,0.2411501282195707,0.3865237070133618,0.45200852898569954,0.1794259134682633,99,100,0.008943679742515087,-0.002092228503897786,0,75.19914960861206
82.50213885307312,1.9599807687531459,0.2411501282195707,0.3865293149570366,0.45200852898569954,0.1794259134682633,99,100,0.00894366204738617,-0.002286679344251752,0,75.29915165901184
82.60224747657776,1.9599807687531459,0.2411501282195707,0.3865321704615059,0.45200852898569954,0.1794259134682633,99,100,0.008942861109972,-0.0024471422657370567,0,75.39926028251648
82.70225429534912,1.9599807687531459,0.2411501282195707,0.3865219812956208,0.45200852898569954,0.1794259134682633,99,100,0.008942811749875546,-0.002239660592749715,0,75.49926710128784
82.80218482017517,1.9599807687531459,0.2411501282195707,0.38651520456704636,0.45200852898569954,0.1794259134682633,99,100,0.0089425565674901,-0.002359044039621949,0,75.59919762611389
82.90243411064148,1.9599807687531459,0.2411501282195707,0.3865183262762665,0.45200852898569954,0.1794259134682633,99,100,0.008946027606725693,-0.002037207130342722,0,75.6994469165802
83.00223135948181,1.9599807687531459,0.2411501282195707,0.3865187338972117,0.45200852898569954,0.1794259134682633,99,100,0.008946401998400688,-0.002159670228138566,0,75.79924416542053
83.10206341743469,1.9599807687531459,0.2411501282195707,0.38651384457634735,0.45200852898569954,0.1794259134682633,99,100,0.008947141468524933,-0.0021543269976973534,0,75.89907622337341
83.20248126983643,1.9599807687531459,0.2411501282195707,0.3865195484484646,0.45200852898569954,0.1794259134682633,99,100,0.00894624087959528,-0.002156594069674611,0,75.99949407577515
83.3023157119751,1.9599807687531459,0.2411501282195707,0.3865154229098396,0.45200852898569954,0.1794259134682633,99,100,0.008944276720285416,-0.0023521853145211935,0,76.09932851791382
83.40238118171692,1.9599807687531459,0.2411501282195707,0.3865102253544506,0.45200852898569954,0.1794259134682633,99,100,0.008944891393184662,-0.0021441869903355837,0,76.19939398765564
83.5020661354065,1.9599807687531459,0.2411501282195707,0.3865098962835456,0.45200852898569954,0.1794259134682633,99,100,0.008945808745920658,-0.002114193979650736,0,76.29907894134521
83.60219883918762,1.9599807687531459,0.2411501282195707,0.3865127771848437,0.45200852898569954,0.1794259134682633,99,100,0.008947109803557396,-0.0021170235704630613,0,76.39921164512634
83.70227861404419,1.9599807687531459,0.2411501282195707,0.3865106923125857,0.45200852898569954,0.1794259134682633,99,100,0.008945377543568611,-0.0022850027307868004,0,76.49929141998291
83.80916261672974,1.9599807687531459,0.2411501282195707,0.38650260406221026,0.45200852898569954,0.1794259134682633,99,100,0.008945522829890251,-0.002158157527446747,0,76.60617542266846
83.9021384716034,1.9599807687531459,0.2411501282195707,0.3864914051598899,0.45200852898569954,0.1794259134682633,99,100,0.00894918106496334,-0.001826535677537322,0,76.69915127754211
84.0015938282013,1.9599807687531459,0.2411501282195707,0.38649213512878355,0.45200852898569954,0.1794259134682633,99,100,0.008954785764217377,-0.0015930747613310814,0,76.79860663414001
84.10017037391663,1.9599807687531459,0.2411501282195707,0.3865038274903342,0.45200852898569954,0.1794259134682633,99,100,0.008958376944065094,-0.001551715424284339,0,76.89718317985535
84.20284056663513,1.9599807687531459,0.2411501282195707,0.3865045118879775,0.45200852898569954,0.1794259134682633,99,100,0.008955413475632668,-0.001948328921571374,0,76.99985337257385
84.30256247520447,1.9599807687531459,0.2411501282195707,0.38650954838467777,0.45200852898569954,0.1794259134682633,99,100,0.008952545002102852,-0.0019304370507597923,0,77.09957528114319
84.40216135978699,1.9599807687531459,0.2411501282195707,0.3865102017912808,0.45200852898569954,0.1794259134682633,99,100,0.008949199691414833,-0.00204449356533587,0,77.19917416572571
84.50203561782837,1.9599807687531459,0.2411501282195707,0.3865090495882578,0.45200852898569954,0.1794259134682633,99,100,0.008948003873229027,-0.002084070350974798,0,77.29904842376709
84.602379322052,1.9599807687531459,0.2411501282195707,0.3865085878339891,0.45200852898569954,0.1794259134682633,99,100,0.0089470399543643,-0.002093094401061535,0,77.39939212799072
84.70213747024536,1.9599807687531459,0.2411501282195707,0.3865091057263241,0.45200852898569954,0.1794259134682633,99,100,0.008951013907790184,-0.0017378961201757193,0,77.49915027618408
84.80230116844177,1.9599807687531459,0.2411501282195707,0.38651088964520325,0.45200852898569954,0.1794259134682633,99,100,0.008952648378908634,-0.0018434242811053991,0,77.5993139743805
84.90237712860107,1.9599807687531459,0.2411501282195707,0.38651387187944375,0.45200852898569954,0.1794259134682633,99,100,0.008952071890234947,-0.0019885601941496134,0,77.6993899345398
85.00282597541809,1.9599807687531459,0.2411501282195707,0.3865116677275159,0.45200852898569954,0.1794259134682633,99,100,0.008949177339673042,-0.002086966997012496,0,77.79983878135681
85.1021716594696,1.9599807687531459,0.2411501282195707,0.3865149322822351,0.45200852898569954,0.1794259134682633,99,100,0.008947854861617088,-0.0020765583030879498,0,77.89918446540833
85.20234704017639,1.9599807687531459,0.2411501282195707,0.3865131059572851,0.45200852898569954,0.1794259134682633,99,100,0.008946405723690987,-0.002167550614103675,0,77.99935984611511
85.30232119560242,1.9599807687531459,0.2411501282195707,0.3865114511070998,0.45200852898569954,0.1794259134682633,99,100,0.008948291651904583,-0.0019454117864370346,0,78.09933400154114
85.40426182746887,1.9599807687531459,0.2411501282195707,0.38651862067474907,0.45200852898569954,0.1794259134682633,99,100,0.008947646245360374,-0.0021380726248025894,0,78.20127463340759
85.50216221809387,1.9599807687531459,0.2411501282195707,0.3865234486165344,0.45200852898569954,0.1794259134682633,99,100,0.008941160514950752,-0.002763391938060522,0,78.29917502403259
85.60305333137512,1.9599807687531459,0.2411501282195707,0.3865246076572948,0.45200852898569954,0.1794259134682633,99,100,0.008940163999795914,-0.002324621193110943,0,78.40006613731384
85.70201134681702,1.9599807687531459,0.2411501282195707,0.3865347481114356,0.45200852898569954,0.1794259134682633,99,100,0.008940099738538265,-0.0023636536207050085,0,78.49902415275574
85.80072569847107,1.9599807687531459,0.2411501282195707,0.38653848773541627,0.45200852898569954,0.1794259134682633,99,100,0.008940935134887695,-0.002486646641045809,0,78.59773850440979
85.90233397483826,1.9599807687531459,0.2411501282195707,0.3865400223762217,0.45200852898569954,0.1794259134682633,99,100,0.008939636871218681,-0.002482312498614192,0,78.69934678077698
86.00222063064575,1.9599807687531459,0.2411501282195707,0.3865400451082675,0.45200852898569954,0.1794259134682633,99,100,0.008938812650740147,-0.002538911299780011,0,78.79923343658447
86.10209274291992,1.9599807687531459,0.2411501282195707,0.38653900648459866,0.45200852898569954,0.1794259134682633,99,100,0.008938063867390156,-0.0025708999019116163,0,78.89910554885864
86.20260858535767,1.9599807687531459,0.2411501282195707,0.38653520325603363,0.45200852898569954,0.1794259134682633,99,100,0.008937692269682884,-0.002551776124164462,0,78.99962139129639
86.30215525627136,1.9599807687531459,0.2411501282195707,0.38653567635814196,0.45200852898569954,0.1794259134682633,99,100,0.0,0.0,0,79.09916806221008
86.40268898010254,1.9599807687531459,0.2411501282195707,0.3865474845974707,0.45200852898569954,0.1794259134682633,99,100,0.0,0.0,0,79.19970178604126
86.50306606292725,1.9599807687531459,0.2411501282195707,0.3865418517386585,0.45200852898569954,0.1794259134682633,99,100,0.0,0.0,0,79.30007886886597
86.60319709777832,1.9599807687531459,0.2411501282195707,0.3865337773529022,0.45200852898569954,0.1794259134682633,99,100,0.0,0.0,0,79.40020990371704
86.70206570625305,1.9599807687531459,0.2411501282195707,0.3865424472923942,0.45200852898569954,0.1794259134682633,99,100,0.008931580930948257,-0.0031737200915813446,0,79.49907851219177
86.8028450012207,1.9599807687531459,0.2411501282195707,0.38654640886813496,0.45200852898569954,0.1794259134682633,99,100,0.008932267315685749,-0.002686784602701664,0,79.59985780715942
86.90214371681213,1.9599807687531459,0.2411501282195707,0.38653748404790866,0.45200852898569954,0.1794259134682633,99,100,0.008935733698308468,-0.002419467782601714,0,79.69915652275085
87.0031681060791,1.9599807687531459,0.2411501282195707,0.3865375438823616,0.45200852898569954,0.1794259134682633,99,100,0.008939984254539013,-0.0024690621066838503,0,79.80018091201782
87.10251784324646,1.9599807687531459,0.2411501282195707,0.3865477283138777,0.45200852898569954,0.1794259134682633,99,100,0.008935868740081787,-0.002936780918389559,0,79.89953064918518
87.20224213600159,1.9599807687531459,0.2411501282195707,0.386552430395646,0.45200852898569954,0.1794259134682633,99,100,0.008933926932513714,-0.0027678452897816896,0,79.99925494194031
87.3020806312561,1.9599807687531459,0.2411501282195707,0.386542218877927,0.45200852898569954,0.1794259134682633,99,100,0.008938148617744446,-0.0022608565632253885,0,80.09909343719482
87.4023048877716,1.9599807687531459,0.2411501282195707,0.3865356224442761,0.45200852898569954,0.1794259134682633,99,100,0.008942348882555962,-0.002295474288985133,0,80.19931769371033
87.50228786468506,1.9599807687531459,0.2411501282195707,0.38654668331731956,0.45200852898569954,0.1794259134682633,99,100,0.008943164721131325,-0.002407077932730317,0,80.29930067062378
87.60272145271301,1.9599807687531459,0.2411501282195707,0.38653879302317623,0.45200852898569954,0.1794259134682633,99,100,0.008944451808929443,-0.0021732826717197895,0,80.39973425865173
87.7019956111908,1.9599807687531459,0.2411501282195707,0.3865378622044266,0.45200852898569954,0.1794259134682633,99,100,0.008945156820118427,-0.002206874080002308,0,80.49900841712952
87.80340528488159,1.9599807687531459,0.2411501282195707,0.3865344955069471,0.45200852898569954,0.1794259134682633,99,100,0.00894378311932087,-0.002397205913439393,0,80.60041809082031
87.90231204032898,1.9599807687531459,0.2411501282195707,0.38652479732889067,0.45200852898569954,0.1794259134682633,99,100,0.00894129741936922,-0.0024489143397659063,0,80.6993248462677
88.00272703170776,1.9599807687531459,0.2411501282195707,0.3865153138273173,0.45200852898569954,0.1794259134682633,99,100,0.008941363543272018,-0.0023210658691823483,0,80.79973983764648
88.10230207443237,1.9599807687531459,0.2411501282195707,0.3865137268531928,0.45200852898569954,0.1794259134682633,99,100,0.00894133746623993,-0.0023974322248250246,0,80.8993148803711
88.20249104499817,1.9599807687531459,0.2411501282195707,0.3865070107427879,0.45200852898569954,0.1794259134682633,99,100,0.00894397683441639,-0.002160709584131837,0,80.99950385093689
88.30209517478943,1.9599807687531459,0.2411501282195707,0.3864963258142321,0.45200852898569954,0.1794259134682633,99,100,0.00895024836063385,-0.001715704333037138,0,81.09910798072815
88.40259408950806,1.9599807687531459,0.2411501282195707,0.3864840314656641,0.45200852898569954,0.1794259134682633,99,100,0.008953615091741085,-0.0018204362131655216,0,81.19960689544678
88.50212788581848,1.9599807687531459,0.2411501282195707,0.3864793789091673,0.45200852898569954,0.1794259134682633,99,100,0.008958764374256134,-0.001443580724298954,0,81.2991406917572
88.6024124622345,1.9599807687531459,0.2411501282195707,0.3864871162810649,0.45200852898569954,0.1794259134682633,99,100,0.008959473110735416,-0.0015429123304784298,0,81.39942526817322
88.7029595375061,1.9599807687531459,0.2411501282195707,0.38648967425432057,0.45200852898569954,0.1794259134682633,99,100,0.008959434926509857,-0.0016162304673343897,0,81.49997234344482
88.80250978469849,1.9599807687531459,0.2411501282195707,0.38648635678278465,0.45200852898569954,0.1794259134682633,99,100,0.00895690731704235,-0.0016968112904578447,0,81.5995225906372
88.90214943885803,1.9599807687531459,0.2411501282195707,0.386491779008195,0.45200852898569954,0.1794259134682633,99,100,0.008952672593295574,-0.002000568201765418,0,81.69916224479675
89.00262475013733,1.9599807687531459,0.2411501282195707,0.38648701767096827,0.45200852898569954,0.1794259134682633,99,100,0.008951930329203606,-0.001816615229472518,0,81.79963755607605
89.10224509239197,1.9599807687531459,0.2411501282195707,0.3864754652905705,0.45200852898569954,0.1794259134682633,99,100,0.008957788348197937,-0.001281410688534379,0,81.89925789833069
89.2024199962616,1.9599807687531459,0.2411501282195707,0.38647304336378646,0.45200852898569954,0.1794259134682633,99,100,0.008961117826402187,-0.0014423399697989225,0,81.99943280220032
89.30256843566895,1.9599807687531459,0.2411501282195707,0.3864715899676372,0.45200852898569954,0.1794259134682633,99,100,0.008963045664131641,-0.001386362360790372,0,82.09958124160767
89.40310406684875,1.9599807687531459,0.2411501282195707,0.3864724662716826,0.45200852898569954,0.1794259134682633,99,100,0.008960195817053318,-0.001591661712154746,0,82.20011687278748
89.50259375572205,1.9599807687531459,0.2411501282195707,0.38646640170493696,0.45200852898569954,0.1794259134682633,99,100,0.008962712250649929,-0.0012435337994247675,0,82.29960656166077
89.60369992256165,1.9599807687531459,0.2411501282195707,0.3864650912136949,0.45200852898569954,0.1794259134682633,99,100,0.008962610736489296,-0.0013570652808994055,0,82.40071272850037
89.702219247818,1.9599807687531459,0.2411501282195707,0.38645813331551987,0.45200852898569954,0.1794259134682633,99,100,0.008964547887444496,-0.0012585739605128765,0,82.49923205375671
89.80231475830078,1.9599807687531459,0.2411501282195707,0.3864502363608605,0.45200852898569954,0.1794259134682633,99,100,0.008967237547039986,-0.0010118940845131874,0,82.5993275642395
89.90200757980347,1.9599807687531459,0.2411501282195707,0.3864453228611779,0.45200852898569954,0.1794259134682633,99,100,0.0089694419875741,-0.0010224746074527502,0,82.69902038574219
90.00003719329834,1.9599807687531459,0.2411501282195707,0.3864559527150521,0.45200852898569954,0.1794259134682633,99,100,0.00897127017378807,-0.0009333642665296793,0,82.79704999923706
