t,fwd,lat,clear_geo,plan_clear,plan_lat_at_box,lc_box,gc_box,v,w,box_pts,box_age
0.0006220340728759766,0.0,0.0,0.8924500472545622,nan,nan,100,-1,0.0,0.0,165,0.0006220340728759766
0.10093426704406738,0.0,0.0,0.8924091324032009,0.16468201938492985,0.36835760392869926,100,99,0.01,0.008495272149628866,167,0.10093426704406738
0.20233964920043945,0.0,0.0,0.8923391182135132,0.16468201938492985,0.36835760392869926,100,99,0.03,0.008522739785518109,172,0.20233964920043945
0.3008911609649658,0.0014113389843742113,1.0173507789055296e-06,0.890953586093088,0.16468201938492985,0.36835760392869926,100,99,0.05,0.008558006770012417,173,0.3008911609649658
0.4019162654876709,0.005286748683586187,8.052943650987615e-06,0.8866723226097915,0.16468201938492985,0.36835760392869926,100,99,0.07,0.011316223835290034,170,0.4019162654876709
0.5012614727020264,0.011081534352749957,2.3982745944237818e-05,0.8850000567436218,0.16583366794781826,0.36835760392869926,99,99,0.08,0.01591864343271442,164,0.0
0.6017730236053467,0.018782781925080188,5.39418073111898e-05,0.8770063177400789,0.16583366794781826,0.36835760392869926,99,99,0.08,0.02426615898150766,175,0.10051155090332031
0.7012789249420166,0.026628693746198976,8.57277195334846e-05,0.8687912018545665,0.16583366794781826,0.36835760392869926,99,99,0.08,0.03577326524870922,166,0.20001745223999023
0.8019227981567383,0.03416243881017026,0.0001384427821556539,0.8609397358532711,0.16583366794781826,0.36835760392869926,99,99,0.08,0.043657984429794246,183,0.3006613254547119
0.9011495113372803,0.041343882307650244,0.00021888241844278042,0.8529800620662442,0.16583366794781826,0.36835760392869926,99,99,0.08,0.05331368499726701,175,0.3998880386352539
1.0016288757324219,0.049076837920474896,0.00033608794138993627,0.8480000562667844,0.15850150440214164,0.36835760392869926,99,99,0.08,0.06319942208034986,202,0.0
1.101120948791504,0.0562436495076725,0.0004874394829385917,0.8403336572819913,0.15845167717991573,0.3682799183544329,99,99,0.08,0.07046638447093719,197,0.09949207305908203
1.2014577388763428,0.06330137669334532,0.0006817257446189858,0.8316609032663491,0.15845167717991573,0.3682799183544329,99,99,0.08,0.07132202383257286,207,0.1998288631439209
1.3013105392456055,0.07036709121028034,0.0009152377423443574,0.8238943953306639,0.15845167717991573,0.3682799183544329,99,99,0.08,0.07848927221481505,175,0.2996816635131836
1.4016883373260498,0.07699351480740602,0.001189053791738825,0.8157497438520779,0.15845167717991573,0.3682799183544329,99,99,0.08,0.08533402627439053,205,0.40005946159362793
1.5012953281402588,0.08385504137156109,0.0015190777843857321,0.8078607080888637,0.15845167717991573,0.3682799183544329,99,99,0.08,0.0916636804274654,176,0.4996664524078369
1.6014974117279053,0.09061800134358541,0.0019097221714041185,0.8000000185966492,0.15206778422753983,0.3682799183544329,99,99,0.08,0.09728564130674362,203,0.0
1.701253890991211,0.09729615856497287,0.0023401734152890315,0.7922303268844296,0.15206778422753983,0.3682799183544329,99,99,0.08,0.1039833393158535,217,0.09975647926330566
1.8041706085205078,0.10391461505864044,0.0028286483750831737,0.7838259991281605,0.15206778422753983,0.3682799183544329,99,99,0.08,0.10897621466495949,237,0.20267319679260254
1.9016332626342773,0.11040093700459191,0.0033553270646892648,0.7764684889766196,0.15206778422753983,0.3682799183544329,99,99,0.08,0.11517858839478642,232,0.30013585090637207
2.0016026496887207,0.11677036414557217,0.00624825185719274,0.7709482613698244,0.15206778422753983,0.3682799183544329,99,99,0.08,0.12676868959217136,215,0.40010523796081543
2.1011314392089844,0.12305150243182032,0.0067660833872533995,0.7635606505851549,0.1521820184645515,0.3684582770380161,99,99,0.08,0.1311400045260553,201,0.4996340274810791
2.2014570236206055,0.12937683707270495,0.0073384174874033025,0.7510000534057619,0.16424711594453315,0.3684582770380161,100,99,0.08,0.1540451328604127,231,0.0
2.301548480987549,0.13545295220644868,0.00795737933277846,0.7431283244483774,0.16424711594453315,0.3684582770380161,100,99,0.08,0.15581928363578604,229,0.10009145736694336
2.40205717086792,0.14135065368876942,0.00861818169501019,0.735671081752038,0.16424711594453315,0.3684582770380161,100,99,0.08,0.15787527800191525,243,0.20060014724731445
2.501248836517334,0.1474121130550493,0.009369924568071768,0.7274126736238261,0.16424711594453315,0.3684582770380161,100,99,0.08,0.15892075166661107,266,0.2997918128967285
2.60123872756958,0.15317914977406885,0.010167330580756726,0.7197416128799913,0.16424711594453315,0.3684582770380161,100,99,0.08,0.15811671282092007,267,0.3997817039489746
2.7010035514831543,0.15909560708388085,0.011044246586641014,0.7121055831914623,0.16424711594453315,0.3684582770380161,100,99,0.08,0.15978321959274952,262,0.49954652786254883
2.8013806343078613,0.16502279878249634,0.012469397827609658,0.6940000123977662,0.1612321276517968,0.36942432375012824,100,99,0.08,0.16124316788923834,283,0.0
2.901344060897827,0.17078485075652436,0.013453400692882103,0.6860932548419465,0.1612321276517968,0.36942432375012824,100,99,0.08,0.1603724049216316,281,0.09996342658996582
3.001420497894287,0.17652929338951964,0.014501496277832973,0.6785900511464755,0.1612321276517968,0.36942432375012824,100,99,0.08,0.16030497863265677,282,0.20003986358642578
3.101728677749634,0.1824295295440104,0.015646047646844387,0.6705601780527627,0.1612321276517968,0.36942432375012824,100,99,0.08,0.1615719723700283,305,0.30034804344177246
3.202653169631958,0.1881628793472554,0.01684835354246435,0.66246014268874,0.1612321276517968,0.36942432375012824,100,99,-0.05000000074505806,0.0,306,0.4012725353240967
3.3037924766540527,0.19393860588039769,0.018122899693397882,0.6424638650427918,0.17241565563319797,0.36942432375012824,100,100,-0.05000000074505806,0.0,313,0.0
3.4003489017486572,0.19537303194356456,0.01846156617704424,0.6407109491482058,0.17241565563319797,0.36942432375012824,100,100,-0.05000000074505806,0.0,317,0.09655642509460449
3.5043463706970215,0.19695740152837127,0.018822182731145283,0.6389338352673404,0.17241565563319797,0.36942432375012824,100,100,-0.05000000074505806,0.0,320,0.20055389404296875
3.6046388149261475,0.19696336971937217,0.018827519285273767,0.6389249337446469,0.17241565563319797,0.36942432375012824,100,100,-0.05000000074505806,0.0,324,0.3008463382720947
3.7005109786987305,0.1940685779262548,0.018174135073904262,0.6419411835702742,0.17241565563319797,0.36942432375012824,100,100,-0.05000000074505806,0.0,321,0.39671850204467773
3.8000001907348633,0.18918600672269473,0.017063341059757178,0.6468911452089986,0.17241565563319797,0.36942432375012824,100,100,-0.05000000074505806,0.0,322,0.49620771408081055
3.9043591022491455,0.18442017423735585,0.015972581786469254,0.6424234265632383,0.17837919702772684,0.36942432375012824,100,100,-0.05000000074505806,0.0,316,0.0
4.00019097328186,0.17978422894481294,0.014912054019313762,0.6471654032895386,0.17837919702772684,0.36942432375012824,100,100,-0.05000000074505806,0.0,314,0.09583187103271484
4.104579210281372,0.175197536980437,0.013860602487042337,0.6518224951161327,0.17837919702772684,0.36942432375012824,100,100,-0.05000000074505806,0.0,308,0.20022010803222656
4.204923629760742,0.17030601809542084,0.012742638340974109,0.65701273634863,0.17837919702772684,0.36942432375012824,100,100,-0.05000000074505806,0.0,304,0.3005645275115967
4.304976224899292,0.16544610282836264,0.011635090682617342,0.6620344424658965,0.17837919702772684,0.36942432375012824,100,100,-0.05000000074505806,0.0,300,0.4006171226501465
4.405173301696777,0.1607929157813406,0.010578078076176946,0.6647539792403164,0.17396701274982354,0.36942432375012824,100,100,-0.05000000074505806,0.0,306,0.0
4.5000176429748535,0.15620886682344076,0.009538184388679656,0.6694737970460913,0.17396701274982354,0.36942432375012824,100,100,-0.05000000074505806,0.0,301,0.09484434127807617
4.600022077560425,0.15122701507134606,0.008410949503861075,0.6746260709489924,0.17396701274982354,0.36942432375012824,100,100,-0.05000000074505806,0.0,298,0.19484877586364746
4.704452037811279,0.14645132709853906,0.007330938567875764,0.6794669922252993,0.17396701274982354,0.36942432375012824,100,100,-0.05000000074505806,0.0,292,0.29927873611450195
4.800289154052734,0.1417199561935015,0.00626210497377646,0.6843756236117833,0.17396701274982354,0.36942432375012824,100,100,-0.05000000074505806,0.0,287,0.39511585235595703
4.904415130615234,0.13719685914726706,0.005243319964435397,0.6890728638004531,0.17396701274982354,0.36942432375012824,100,100,-0.05000000074505806,0.0,284,0.49924182891845703
5.004695892333984,0.13239761154460555,0.004164518687484641,0.6969918212546837,0.17934189066503628,0.36942432375012824,100,100,-0.05000000074505806,0.0,280,0.0
5.1001362800598145,0.1275992152248391,0.0030887539407665017,0.7019755641345562,0.17934189066503628,0.36942432375012824,100,100,-0.05000000074505806,0.0,286,0.09544038772583008
5.205102205276489,0.12274242271328847,0.0020032456407936467,0.706999100828118,0.17934189066503628,0.36942432375012824,100,100,-0.05000000074505806,0.0,282,0.20040631294250488
5.304178237915039,0.11796820372089997,0.0009381616052828407,0.7119847364620165,0.17934189066503628,0.36942432375012824,100,100,-0.05000000074505806,0.0,273,0.2994823455810547
5.400164604187012,0.113071389405652,-0.00014892903376539284,0.7170522091132452,0.17934189066503628,0.36942432375012824,100,100,-0.05000000074505806,0.0,268,0.39546871185302734
5.504360675811768,0.1083164156186607,-0.0012041549420120463,0.7219937344630022,0.17934189066503628,0.36942432375012824,100,100,-0.05000000074505806,0.0,272,0.4996647834777832
5.604646682739258,0.10339501247068322,-0.002288819290452827,0.7295170998762992,0.177472191234512,0.36942432375012824,100,100,-0.05000000074505806,0.0,271,0.0
5.704196929931641,0.09858996108900785,-0.003346790214341946,0.7344451869604628,0.177472191234512,0.36942432375012824,100,100,-0.05000000074505806,0.0,266,0.09955024719238281
5.804508924484253,0.09368530393315803,-0.0044216721525038565,0.7396106258695635,0.177472191234512,0.36942432375012824,100,100,-0.05000000074505806,0.0,263,0.19986224174499512
5.904738187789917,0.09919774652008105,0.003319663003332654,0.7320461101678822,0.177472191234512,0.36942432375012824,100,100,-0.05000000074505806,0.0,260,0.3000915050506592
6.0000832080841064,0.09427633608793076,0.002210493602426843,0.7372121844176928,0.177472191234512,0.36942432375012824,100,100,-0.05000000074505806,0.0,250,0.39543652534484863
6.104342222213745,0.08947188523384784,0.0011309093627242233,0.7422402798774718,0.18239101138223382,0.37088244887449057,100,100,-0.05000000074505806,0.0,257,0.4996955394744873
6.2047483921051025,0.08457942193774141,3.7953763195042395e-05,0.76007552957248,0.17016582848636022,0.37088244887449057,100,99,-0.05000000074505806,0.0,254,0.0
6.300419092178345,0.07972975595691642,-0.0010425739162722488,0.7650750504123054,0.17016582848636022,0.37088244887449057,100,99,-0.05000000074505806,0.0,256,0.09567070007324219
6.405481576919556,0.07479191578147945,-0.0021379509076446014,0.7703224504754259,0.17016582848636022,0.37088244887449057,100,99,-0.05000000074505806,0.0,252,0.20073318481445312
6.504699230194092,0.06990904804984016,-0.003216994394366692,0.7753874031581705,0.17016582848636022,0.37088244887449057,100,99,-0.05000000074505806,0.0,243,0.29995083808898926
6.604637622833252,0.06501173128989696,-0.004294220381861371,0.7806238321423977,0.17016582848636022,0.37088244887449057,100,99,-0.05000000074505806,0.0,242,0.3998892307281494
6.700000762939453,0.06012030689408661,-0.005365061836416667,0.7857109999647696,0.17016582848636022,0.37088244887449057,100,99,-0.05000000074505806,0.0,231,0.4952523708343506
6.8045573234558105,0.05522834981776903,-0.006430556334918285,0.7926443369441356,0.16241624617881537,0.37088244887449057,100,99,-0.05000000074505806,0.0,231,0.0
6.900722026824951,0.05028973455802086,-0.007500800731329856,0.7977606575198919,0.16241624617881537,0.37088244887449057,100,99,0.0,0.0,226,0.09616470336914062
7.004217863082886,0.04544405977387967,-0.008548568878671607,0.8029224509075465,0.16293181116639058,0.37102085260725265,100,99,0.0,0.0,228,0.1996605396270752
7.104434490203857,0.04413406396495557,-0.008831480788113523,0.8041586238974607,0.16293181116639058,0.37102085260725265,100,99,0.02,0.03151974743188259,220,0.2998771667480469
7.204941511154175,0.04486152742730037,-0.008673567276470834,0.803015356685217,0.16293181116639058,0.37102085260725265,100,99,0.04,0.030839331942902434,223,0.40038418769836426
7.304249048233032,0.04727708163586174,-0.008139910501548473,0.7997867680278237,0.16293181116639058,0.37102085260725265,100,99,0.060000000000000005,0.030183389738870362,223,0.4996917247772217
7.400747537612915,0.05203214720609138,-0.00707340121653631,0.8040192582143628,0.16133308238966956,0.3728090189855256,100,99,0.08,0.031088138210434543,225,0.0
7.504068851470947,0.058589160938801566,-0.005582311808136597,0.7966276748943208,0.16133308238966956,0.3728090189855256,100,99,0.08,0.03590056989002361,231,0.10332131385803223
7.604569673538208,0.06589446937242395,-0.0038999220480933493,0.7888796418233043,0.16133308238966956,0.3728090189855256,100,99,0.08,0.041753220723175846,239,0.20382213592529297
7.704434156417847,0.07281319176944487,-0.0022809259083565857,0.7813009973588361,0.16133308238966956,0.3728090189855256,100,99,0.08,0.047590215472887255,249,0.30368661880493164
7.804340839385986,0.08041451623457285,-0.000473581961136572,0.7725627289753966,0.16133308238966956,0.3728090189855256,100,99,0.08,0.05416399896175694,248,0.4035933017730713
7.904146194458008,0.0875363154179855,0.00125165985499846,0.7571883359227698,0.1597288936916739,0.3728090189855256,100,99,0.08,0.058334644875967026,252,0.0
8.010308265686035,0.09454586414208893,0.0029867214914301226,0.7492751798899743,0.15964707653742363,0.3712357749055426,100,99,0.08,0.06348813529928642,262,0.10616207122802734
8.10417890548706,0.10120144334289215,0.004657660598194103,0.7416088426089714,0.15964707653742363,0.3712357749055426,100,99,0.08,0.061331313381539694,256,0.20003271102905273
8.204383850097656,0.10804475926298561,0.006418436744220769,0.7340685556028731,0.15964707653742363,0.3712357749055426,100,99,0.08,0.0649936513348227,276,0.30023765563964844
8.304939270019531,0.11496537439006724,0.00823412464014988,0.725852766351398,0.15964707653742363,0.3712357749055426,100,99,0.08,0.07099112814770536,278,0.40079307556152344
8.404643774032593,0.12147517642049997,0.009834524118514834,0.7199544068953211,0.14974820764541316,0.3712357749055426,100,99,0.08,0.0737382834964152,284,0.0
8.504437685012817,0.1183134982939645,0.002455851037475213,0.7235946334501003,0.14974820764541316,0.3712357749055426,100,99,0.08,0.08086790405599273,265,0.09979391098022461
8.604441404342651,0.12492909316944395,0.0042903582149359885,0.7161122515477096,0.14974820764541316,0.3712357749055426,100,99,0.065,0.05350700524973455,276,0.1997976303100586
8.704366683959961,0.1314268390117013,0.006143746697925053,0.708356387666409,0.14974820764541316,0.3712357749055426,100,99,0.04905750271435749,0.055662071946496805,287,0.29972290992736816
8.805012226104736,0.1364247652963429,0.007598137027274075,0.7027352716776886,0.14974820764541316,0.3712357749055426,100,99,0.04905750271435749,0.05794051744242194,285,0.40036845207214355
8.90436315536499,0.14127396475561127,0.00903410194084028,0.6967098076700002,0.14974820764541316,0.3712357749055426,100,99,0.04905750271435749,0.0599001605843137,297,0.49971938133239746
9.004550457000732,0.14586193537875008,0.010432541338112916,0.6716483687045356,0.16243769078467765,0.3712357749055426,100,100,0.04905750271435749,0.0599227637230382,325,0.0
9.101532697677612,0.15050688448799024,0.011869589841660332,0.666276836358946,0.16552509017313158,0.3738151415998655,100,100,0.04905750271435749,0.061571954607413285,322,0.09698224067687988
9.204331636428833,0.15528879411649832,0.013402267922239917,0.6603881624639154,0.16552509017313158,0.3738151415998655,100,100,0.0690575027143575,0.12960133895210812,347,0.19978117942810059
9.304660320281982,0.16037132617819977,0.01556978236850033,0.6542980205016246,0.16552509017313158,0.3738151415998655,100,100,0.08,0.1196619213712482,362,0.30010986328125
9.400075197219849,0.1663198301066604,0.01755431966761818,0.6471784711752604,0.16552509017313158,0.3738151415998655,100,100,0.08,0.11305585076455606,356,0.3955247402191162
9.504449367523193,0.17242988287449496,0.019675860943763408,0.6394811734275828,0.16552509017313158,0.3738151415998655,100,100,0.08,0.10280384865999531,314,0.49989891052246094
9.604616165161133,0.17853742129863295,0.021854604465790343,0.6326606815660969,0.16552509017313158,0.3738151415998655,100,100,0.08,0.09523683901267745,330,0.6000657081604004
9.70443058013916,0.1848343938684562,0.024164419804657087,0.6250522065669442,0.16552509017313158,0.3738151415998655,100,100,0.08,0.09054060070010829,293,0.6998801231384277
9.804642915725708,0.191068584107091,0.026514394914759362,0.6182598517983221,0.16552509017313158,0.3738151415998655,100,100,0.08,0.08384108754714323,262,0.8000924587249756
9.911298274993896,0.1974353632151379,0.028956394969086186,0.6108952593487719,0.16552509017313158,0.3738151415998655,100,100,0.08,0.08139488154601666,263,0.9067478179931641
10.004411220550537,0.20381695053709967,0.03148892682085059,0.603874908375797,0.16552509017313158,0.3738151415998655,100,100,0.08,0.07783388157411113,229,0.9998607635498047
10.104459762573242,0.21018921858682524,0.034542510809978104,0.5966147452982691,0.15355317039853542,0.36426010229103967,100,100,0.08,0.07689957748495792,223,1.0999093055725098
10.20427417755127,0.2166098705852593,0.03715720269485964,0.5898341100475017,0.15355317039853542,0.36426010229103967,100,100,0.08,0.18795384408503327,185,1.199723720550537
10.304270029067993,0.22277410312539933,0.0397222585008052,0.582690996560204,0.15355317039853542,0.36426010229103967,100,100,0.08,0.18971027569303722,148,1.2997195720672607
10.404370546340942,0.2280193369674271,0.04198701787627517,0.5766334985137913,0.15355317039853542,0.36426010229103967,100,100,0.08,0.18609177458106604,147,1.39982008934021
10.504440307617188,0.2332764063289948,0.044326933582231366,0.570531354335497,0.15355317039853542,0.36426010229103967,100,100,0.08,0.1835044150360742,88,1.499889850616455
10.609931707382202,0.23852842268058655,0.04674851219671116,0.5645054873917535,0.15355317039853542,0.36426010229103967,100,100,0.08,0.17895298326557993,60,1.6053812503814697
10.704212427139282,0.24366126101652152,0.04923023310199251,0.5586746089438095,0.15355317039853542,0.36426010229103967,100,100,0.08,0.17346324218642392,13,1.6996619701385498
10.804614782333374,0.2482459771928811,0.05257957838618684,0.5539305336707726,0.15355317039853542,0.36426010229103967,100,100,0.05,0.09374271208219052,0,1.8000643253326416
10.90411639213562,0.2534172388051191,0.05516702583524093,0.5484921351363499,0.15355317039853542,0.36426010229103967,100,100,0.04482149472305417,0.09250927351468312,0,1.8995659351348877
11.004515171051025,0.25778654781736743,0.05740967321791628,0.5438591711251793,0.15355317039853542,0.36426010229103967,100,100,0.046748180984103674,0.09479773332883511,0,1.999964714050293
11.105393648147583,0.2617684493215551,0.05950678364446047,0.5397798864764917,0.15335835310275645,0.3637427393739333,100,100,0.046748180984103674,0.09159012669503447,0,2.1008431911468506
11.20439624786377,0.2658020195007164,0.06167011373664728,0.5357163712251629,0.15335835310275645,0.3637427393739333,100,100,0.046748180984103674,0.090065859402383,0,2.199845790863037
11.304532051086426,0.2697900212932395,0.063846635453684,0.531745305368572,0.15335835310275645,0.3637427393739333,100,100,0.046748180984103674,0.08849043531902005,0,2.2999815940856934
11.404335975646973,0.27377132234896956,0.06608639694118085,0.5278563947136854,0.15335835310275645,0.3637427393739333,100,100,0.046748180984103674,0.08481628067268682,0,2.3997855186462402
11.504292249679565,0.2776602375276027,0.06834352828595552,0.5241856284655357,0.15335835310275645,0.3637427393739333,100,100,0.046748180984103674,0.08059200818305765,0,2.499741792678833
11.61024785041809,0.2816077797260706,0.0706749230622164,0.520499180769642,0.15335835310275645,0.3637427393739333,100,100,0.046748180984103674,0.07839272843141816,0,2.6056973934173584
11.704666376113892,0.28560506894745086,0.0730804994226971,0.5168804664367346,0.15335835310275645,0.3637427393739333,100,100,0.046748180984103674,0.07595667795653736,0,2.700115919113159
11.804624795913696,0.28952842117484223,0.07550407180387217,0.5135306769219417,0.15335835310275645,0.3637427393739333,100,100,0.046748180984103674,0.07254951870127917,0,2.800074338912964
11.904231071472168,0.29340566733755646,0.07795671696394153,0.5101736143439809,0.15335835310275645,0.3637427393739333,100,100,0.046748180984103674,0.06865709558094978,0,2.8996806144714355
12.004600048065186,0.2972728496026805,0.08044498723112388,0.506929230656507,0.15335835310275645,0.3637427393739333,100,100,0.046748180984103674,0.0663366262086355,0,3.000049591064453
12.10453486442566,0.30119899763705943,0.08301961608853888,0.5037710540685881,0.15335835310275645,0.3637427393739333,100,100,0.046748180984103674,0.0628877724824554,0,3.0999844074249268
12.204395532608032,0.3049839477673502,0.08555265036985428,0.5007425015650189,0.15301606469800813,0.36352267447904196,100,100,0.04905750271435749,0.05746863489520788,0,3.1998450756073
12.304507732391357,0.3088183298907575,0.0881509364661525,0.4976821742156711,0.15301606469800813,0.36352267447904196,100,100,0.04905750271435749,0.05495975123648719,0,3.299957275390625
12.400545597076416,0.31293524938761397,0.09098508812395825,0.4945807503574904,0.15301606469800813,0.36352267447904196,100,100,0.04905750271435749,0.05176969809536839,0,3.3959951400756836
12.504507064819336,0.3168756125334983,0.09375295082838582,0.4916761821052779,0.15301606469800813,0.36352267447904196,100,100,0.04905750271435749,0.0475175453306418,0,3.4999566078186035
12.62476658821106,0.32090052705507655,0.09660957785977503,0.4885662779476127,0.15301606469800813,0.36352267447904196,100,100,0.04905750271435749,0.04490176046552964,0,3.620216131210327
12.704339027404785,0.32489176856211,0.09947978294729733,0.4856978198347868,0.15301606469800813,0.36352267447904196,100,100,0.04455294741390027,0.03827324268239141,0,3.6997885704040527
12.804436206817627,0.32843957078083796,0.10267743977848286,0.48303072826251375,0.15301606469800813,0.36352267447904196,100,100,0.04455294741390027,0.03503715733331715,0,3.7998857498168945
12.90418815612793,0.3320731474836545,0.10532724949593897,0.48038483408250543,0.15301606469800813,0.36352267447904196,100,100,0.04455294741390027,0.033323897770618616,0,3.8996376991271973
13.004793167114258,0.3356693954415504,0.10798084404125319,0.47812170190385594,0.15301606469800813,0.36352267447904196,100,100,0.04455294741390027,0.030842164692101024,0,4.000242710113525
13.104642391204834,0.3392081603102458,0.11062350695031627,0.47557060705473675,0.15301606469800813,0.36352267447904196,100,100,0.04455294741390027,0.027384598955207267,0,4.100091934204102
13.204218864440918,0.3427859421771015,0.11330767128262954,0.47309726698469734,0.15203273893768796,0.3619549590407716,100,100,0.04455294741390027,0.025441709127341245,0,4.1996684074401855
13.304228782653809,0.34635415277812176,0.11601361022383648,0.47083709977096677,0.15203273893768796,0.3619549590407716,100,100,0.04455294741390027,0.01597077293515903,0,4.299678325653076
13.402071714401245,0.34988867050992284,0.11871076868258283,0.46827165580681057,0.15203273893768796,0.3619549590407716,100,100,0.04455294741390027,0.013261111769240367,0,4.397521257400513
13.504429817199707,0.3534422093387413,0.12143504460952477,0.4659968036066268,0.15203273893768796,0.3619549590407716,100,100,0.04455294741390027,0.011208440415631744,0,4.499879360198975
13.61489987373352,0.3569630561075303,0.12415197988212964,0.4635962268947142,0.15203273893768796,0.3619549590407716,100,100,0.043756906233165596,0.008272531358715196,0,4.610349416732788
13.704442977905273,0.360393917087118,0.12680712653484466,0.4612944164448644,0.15203273893768796,0.3619549590407716,100,100,0.043756906233165596,0.006275379145750593,0,4.699892520904541
13.804373502731323,0.36420625069161033,0.12914160667330032,0.45908444514726643,0.15203273893768796,0.3619549590407716,100,100,0.043756906233165596,0.003916236641815649,0,4.799823045730591
13.904281377792358,0.3675934213735818,0.13180631891593966,0.45675715211646684,0.15203273893768796,0.3619549590407716,100,100,0.043756906233165596,0.0009351031879581899,0,4.899730920791626
14.004594564437866,0.37107589722212414,0.13454906638471464,0.4545052661244108,0.15203273893768796,0.3619549590407716,100,100,0.043756906233165596,-0.0006608449594520428,0,5.000044107437134
14.10430645942688,0.37447055033134047,0.13723621444702838,0.452448496251032,0.15203273893768796,0.3619549590407716,100,100,0.043756906233165596,-0.0031921531809596493,0,5.0997560024261475
14.20438551902771,0.3778950312321353,0.13994863953741757,0.4501106969529164,0.15961381929506094,0.3674310320439057,100,100,0.043756906233165596,-0.005042459468776184,0,5.1998350620269775
14.304403305053711,0.3813393718745652,0.1426789693341601,0.44797369154362715,0.15961381929506094,0.3674310320439057,100,100,0.043756906233165596,-0.014010825496827448,0,5.2998528480529785
14.404280662536621,0.38471958741747136,0.14536070245742072,0.4455768801933222,0.15961381929506094,0.3674310320439057,100,100,0.043756906233165596,-0.016117508440712972,0,5.399730205535889
14.504244089126587,0.3881822074462102,0.1481009410285359,0.44328859301932577,0.15961381929506094,0.3674310320439057,100,100,0.043756906233165596,-0.017388646807583223,0,5.4996936321258545
14.604151725769043,0.3913933145358328,0.1506409915855983,0.44118469533006277,0.15961381929506094,0.3674310320439057,100,100,0.043756906233165596,-0.019040026488480685,0,5.5996012687683105
14.704184293746948,0.3948541608524146,0.15337357256856932,0.4388235403252236,0.15961381929506094,0.3674310320439057,100,100,0.043756906233165596,-0.02056279236313753,0,5.699633836746216
14.804460048675537,0.3982712192059786,0.15606346688989928,0.4365414811489364,0.15961381929506094,0.3674310320439057,100,100,0.043756906233165596,-0.02165745405133819,0,5.799909591674805
14.904334545135498,0.4017037935049273,0.15875788057428594,0.43415109020621345,0.15961381929506094,0.3674310320439057,100,100,0.043756906233165596,-0.023193202454850938,0,5.899784088134766
15.004337072372437,0.40517562936596974,0.16146944378416814,0.43157874776850663,0.15961381929506094,0.3674310320439057,100,100,0.043756906233165596,-0.02429816668141746,0,5.999786615371704
15.104242086410522,0.4086013123879996,0.1641310485451758,0.4293314987135027,0.15961381929506094,0.3674310320439057,100,100,0.03949699695360436,-0.022747246736072996,0,6.09969162940979
15.20561170578003,0.41186246721621894,0.16665820421294306,0.42715962907096183,0.15961381929506094,0.3674310320439057,100,100,0.03949699695360436,-0.024232303329155096,0,6.201061248779297
15.304219484329224,0.41498330861016525,0.16906026807598926,0.4244755821417463,0.15613707511413674,0.3652189615656861,100,100,0.03949699695360436,-0.02556563492305863,0,6.299669027328491
15.402134418487549,0.4181224822719105,0.17145948660639848,0.4226629485521161,0.15613707511413674,0.3652189615656861,100,100,0.03949699695360436,-0.025931503497090013,0,6.397583961486816
15.504307270050049,0.42126781534986685,0.17385968020277967,0.42049134553265444,0.15613707511413674,0.3652189615656861,100,100,0.03949699695360436,-0.02764120285010411,0,6.499756813049316
15.60452938079834,0.4244470079182992,0.17626351390593437,0.41794343868958495,0.15613707511413674,0.3652189615656861,100,100,0.03949699695360436,-0.028040425142667004,0,6.599978923797607
15.70441484451294,0.42762236719703056,0.17865350343649256,0.4160233090072177,0.15613707511413674,0.3652189615656861,100,100,0.03949699695360436,-0.02899844747839303,0,6.699864387512207
15.814197063446045,0.43079148118547067,0.1810234749110778,0.4135324638171481,0.15613707511413674,0.3652189615656861,100,100,0.03949699695360436,-0.03004355101285096,0,6.8096466064453125
15.90446138381958,0.43399237132686774,0.183392116038765,0.41091261234616056,0.15613707511413674,0.3652189615656861,100,100,0.03949699695360436,-0.03021771803113391,0,6.899910926818848
16.00424361228943,0.4374800551168925,0.1952794361277323,0.4137900079374328,0.15613707511413674,0.3652189615656861,100,100,0.03949699695360436,-0.030660101288300417,0,6.999693155288696
16.10442614555359,0.4406990002726151,0.19765155795339673,0.4115079539210976,0.15613707511413674,0.3652189615656861,100,100,0.03949699695360436,-0.044729494846059745,0,7.0998756885528564
16.204426050186157,0.4439011672507485,0.19997827721482725,0.4083266773098379,0.15613707511413674,0.3652189615656861,100,100,0.03949699695360436,-0.044683364124570114,0,7.199875593185425
16.304290294647217,0.44711766985560286,0.20228235282048723,0.4062668186251216,0.13233752950015407,0.34071143241179347,100,100,0.03949699695360436,-0.043797522836765045,0,7.299739837646484
16.404319047927856,0.4503416562343197,0.20457561085067374,0.4036326608889796,0.13233752950015407,0.34071143241179347,100,100,0.04170130544868757,-0.07477226384873621,0,7.399768590927124
16.50409746170044,0.4537382716792889,0.20694299571384406,0.39986673029051495,0.13233752950015407,0.34071143241179347,100,100,0.04170130544868757,-0.07364735361655148,0,7.499547004699707
16.60439133644104,0.45717706272900854,0.2092705032536753,0.39597993199154236,0.13233752950015407,0.34071143241179347,100,100,0.04170130544868757,-0.07108060901019904,0,7.599840879440308
16.704233169555664,0.46067811994312585,0.2115918313354222,0.39340650259099785,0.13233752950015407,0.34071143241179347,100,100,0.036943350063613815,-0.06137305251136263,0,7.699682712554932
16.804040670394897,0.4638394322980259,0.2136603817993111,0.39032603316809406,0.13233752950015407,0.34071143241179347,100,100,0.036943350063613815,-0.06170128366235242,0,7.799490213394165
16.904325008392334,0.4669677852957975,0.21566087114150992,0.3871582388959612,0.13233752950015407,0.34071143241179347,100,100,0.036943350063613815,-0.059848877581661575,0,7.899774551391602
17.0143940448761,0.47004431470209457,0.217585506806552,0.3839803321696823,0.13233752950015407,0.34071143241179347,100,100,0.036943350063613815,-0.05842149622185817,0,8.009843587875366
17.104413509368896,0.47312192731074926,0.21956984579571426,0.3813574857977102,0.13233752950015407,0.34071143241179347,100,100,0.036943350063613815,-0.056810721972491575,0,8.099863052368164
17.20418381690979,0.4760351215442974,0.22182840240420573,0.37872422418406854,0.13233752950015407,0.34071143241179347,100,100,0.036943350063613815,-0.056534841257131575,0,8.199633359909058
17.304364919662476,0.4791930419454674,0.22368946171521933,0.37556342694203754,0.13224758180224092,0.34061154306455255,100,100,0.036943350063613815,-0.05499374705681016,0,8.299814462661743
17.401227951049805,0.4823884246752367,0.2255324471159814,0.37251232455882843,0.13224758180224092,0.34061154306455255,100,100,0.036943350063613815,-0.054063890161198586,0,8.396677494049072
17.50442409515381,0.4855591047967801,0.22732412410617628,0.3697534433361627,0.13224758180224092,0.34061154306455255,100,100,0.036943350063613815,-0.05260123661802485,0,8.499873638153076
17.604405879974365,0.4887633694316975,0.22911284339292942,0.3672280338572913,0.13224758180224092,0.34061154306455255,100,100,0.036943350063613815,-0.05218588812470605,0,8.599855422973633
17.704368591308594,0.49194879858243673,0.2308574923862772,0.36409213129423135,0.13224758180224092,0.34061154306455255,100,100,0.036943350063613815,-0.05134133119728061,0,8.699818134307861
17.804192781448364,0.4950712257987028,0.23253097672790043,0.3611968108963801,0.13224758180224092,0.34061154306455255,100,100,0.036943350063613815,-0.04963711569833503,0,8.799642324447632
17.904215574264526,0.4984709195335979,0.23431750077630678,0.35830239473235426,0.13224758180224092,0.34061154306455255,100,100,0.036943350063613815,-0.048401376034090914,0,8.899665117263794
18.003971338272095,0.5016463632170636,0.23596498543907746,0.3559084138786856,0.13224758180224092,0.34061154306455255,100,100,0.036943350063613815,-0.04785205250726632,0,8.999420881271362
18.10429334640503,0.504901669314197,0.23762729599208135,0.3529567012663976,0.13224758180224092,0.34061154306455255,100,100,0.036943350063613815,-0.04731294414512887,0,9.099742889404297
18.20432686805725,0.5082513911547538,0.2393022163819857,0.35001647157294297,0.13224758180224092,0.34061154306455255,100,100,0.036943350063613815,-0.045734520246086444,0,9.199776411056519
18.311100244522095,0.5115179768900807,0.24090860359732177,0.34755832928618474,0.12995270934668643,0.33801424729108975,100,100,0.03223810557123549,-0.03916023783573669,0,9.306549787521362
18.404415607452393,0.5145062141146939,0.24236366566101097,0.34524754823739806,0.12995270934668643,0.33801424729108975,100,100,0.03223810557123549,-0.05071727808925226,0,9.39986515045166
18.504079580307007,0.5174464226647256,0.2437733863380464,0.34270219801824614,0.12995270934668643,0.33801424729108975,100,100,0.03223810557123549,-0.04983748848964798,0,9.499529123306274
18.607717990875244,0.5202954806450493,0.2451151196478584,0.34008705132117084,0.12995270934668643,0.33801424729108975,100,100,0.03223810557123549,-0.04881464322664589,0,9.603167533874512
18.704593896865845,0.5232652982941685,0.2464860594271388,0.33753445796739306,0.12995270934668643,0.33801424729108975,100,100,0.0022381055712354936,0.0,0,9.700043439865112
18.804295778274536,0.5247265181761985,0.24715111071229715,0.33674369543212945,0.12995270934668643,0.33801424729108975,100,100,0.01,-0.05403407271419463,0,9.799745321273804
18.90458106994629,0.5248886878100433,0.24722396313655012,0.3362171820698822,0.12995270934668643,0.33801424729108975,100,100,0.03,-0.0536999328206611,0,9.900030612945557
19.004520177841187,0.5260893775162567,0.24776720169009325,0.3346817140045831,0.12995270934668643,0.33801424729108975,100,100,0.036943350063613815,-0.05204383844659931,0,9.999969720840454
19.104414701461792,0.5288778106394182,0.24900895400826628,0.3325114858510273,0.12995270934668643,0.33801424729108975,100,100,0.036943350063613815,-0.051335673129750015,0,10.09986424446106
19.20456600189209,0.5320492372664337,0.25039748093792896,0.32991448388664496,0.12995270934668643,0.33801424729108975,100,100,0.021943350063613816,0.0,0,10.200015544891357
19.304502725601196,0.5350715493888437,0.25169721506049725,0.32768852009817884,0.12995270934668643,0.33801424729108975,100,100,0.0,0.0,0,10.299952268600464
19.400980472564697,0.5353045633081378,0.251791754211042,0.32755825636533425,0.12995270934668643,0.33801424729108975,100,100,0.0,0.0,0,10.396430015563965
19.50433349609375,0.5352945561986361,0.25178751416221923,0.32755982143875995,0.12995270934668643,0.33801424729108975,100,100,0.0,0.0,0,10.499783039093018
19.60440993309021,0.5353038920629534,0.2517918342050817,0.3275621009839056,0.12995270934668643,0.33801424729108975,100,100,0.0,0.0,0,10.599859476089478
19.70431351661682,0.5352904612096008,0.251786273266468,0.3275720284089618,0.12995270934668643,0.33801424729108975,100,100,0.0,0.0,0,10.699763059616089
19.804243087768555,0.5353038430014515,0.251792281204234,0.3275695246762371,0.12995270934668643,0.33801424729108975,100,100,0.0,0.0,0,10.799692630767822
19.904632806777954,0.535291970635804,0.2517873443839671,0.3275702718161238,0.12995270934668643,0.33801424729108975,100,100,0.0,0.0,0,10.900082349777222
20.00443387031555,0.5353038817667565,0.25179266250148796,0.3275680377773535,0.12995270934668643,0.33801424729108975,100,100,0.0,0.0,0,10.99988341331482
20.104438304901123,0.5352933588432712,0.2517882674069802,0.3275794481545583,0.12995270934668643,0.33801424729108975,100,100,0.0,0.0,0,11.09988784790039
20.20453119277954,0.5353039518600027,0.25179297489351704,0.3275688626763347,0.12995270934668643,0.33801424729108975,100,100,0.0,0.0,0,11.199980735778809
20.30450749397278,0.5352946191045459,0.25178906342578244,0.327580219735933,0.12995270934668643,0.33801424729108975,100,100,0.0,0.0,0,11.299957036972046
20.401233911514282,0.5353040353638946,0.2517932291641915,0.3275821159179726,0.12995270934668643,0.33801424729108975,100,100,0.0,0.0,0,11.39668345451355
20.50432586669922,0.5352981781258522,0.25179078802512833,0.327583864229726,0.12995270934668643,0.33801424729108975,100,100,0.0,0.0,0,11.499775409698486
20.60447359085083,0.5353041395338329,0.2517934434648664,0.3275864002162988,0.12995270934668643,0.33801424729108975,100,100,0.0,0.0,0,11.599923133850098
20.7046537399292,0.5352989674901549,0.2517912803421559,0.3275845706703692,0.12995270934668643,0.33801424729108975,100,100,0.0,0.0,0,11.700103282928467
20.804415941238403,0.5353042572118749,0.2517936267049734,0.32757143625050533,0.12995270934668643,0.33801424729108975,100,100,0.0,0.0,0,11.799865484237671
20.904594898223877,0.5352996624273443,0.25179170026950115,0.32756371060361844,0.12995270934668643,0.33801424729108975,100,100,0.0,0.0,0,11.900044441223145
21.004416942596436,0.5353054588366126,0.25179424550882984,0.32757623371674305,0.12995270934668643,0.33801424729108975,100,100,0.0,0.0,0,11.999866485595703
21.104456186294556,0.5353002710183121,0.2517920520383705,0.32759110196028934,0.12995270934668643,0.33801424729108975,100,100,0.0,0.0,0,12.099905729293823
21.204540491104126,0.5353054104287358,0.2517943034774777,0.327583467161395,0.12995270934668643,0.33801424729108975,100,100,0.0,0.0,0,12.199990034103394
21.30490279197693,0.535300797994151,0.2517923503323042,0.3275837593874343,0.12995270934668643,0.33801424729108975,100,100,0.0,0.0,0,12.300352334976196
21.40149211883545,0.5353053535121866,0.25179434083804847,0.32758314859067506,0.12995270934668643,0.33801424729108975,100,100,0.0,0.0,0,12.396941661834717
21.504631996154785,0.5353012526822042,0.25179260106022217,0.32758590260476184,0.12995270934668643,0.33801424729108975,100,100,0.0,0.0,0,12.500081539154053
21.604450464248657,0.5353052888443154,0.2517943610312721,0.3275833608445429,0.12995270934668643,0.33801424729108975,100,100,0.0,0.0,0,12.599900007247925
21.704384565353394,0.5353024598589722,0.2517931638038706,0.3275804434356068,0.12995270934668643,0.33801424729108975,100,100,0.0,0.0,0,12.699834108352661
21.804388761520386,0.5353052145149134,0.25179436654549797,0.32757853222876376,0.12995270934668643,0.33801424729108975,100,100,0.0,0.0,0,12.799838304519653
21.904752016067505,0.5353019660468509,0.25179298439920816,0.3275866783979456,0.12995270934668643,0.33801424729108975,100,100,0.0,0.0,0,12.900201559066772
22.004359245300293,0.5353051334619398,0.2517943604012538,0.32758854185742675,0.12995270934668643,0.33801424729108975,100,100,0.0,0.0,0,12.99980878829956
22.104508638381958,0.5353031890107842,0.25179353528227105,0.32758823824003186,0.12995270934668643,0.33801424729108975,100,100,0.0,0.0,0,13.099958181381226
22.204476594924927,0.5353050829356385,0.25179436115833176,0.32758449703887527,0.12995270934668643,0.33801424729108975,100,100,0.0,0.0,0,13.199926137924194
22.30453658103943,0.5353025402948393,0.2517932773868497,0.32757960891824733,0.12995270934668643,0.33801424729108975,100,100,0.0,0.0,0,13.299986124038696
22.404542684555054,0.535305061893233,0.2517943697096611,0.3275785193196122,0.12995270934668643,0.33801424729108975,100,100,0.0,0.0,0,13.399992227554321
22.504525899887085,0.53530281242235,0.25179340992305443,0.3275887170701361,0.12995270934668643,0.33801424729108975,100,100,0.0,0.0,0,13.499975442886353
22.604209184646606,0.5353050601111763,0.2517943823408078,0.3275848301846614,0.12995270934668643,0.33801424729108975,100,100,0.0,0.0,0,13.599658727645874
22.70433521270752,0.5353030684452558,0.2517935320469137,0.32758170635243383,0.12995270934668643,0.33801424729108975,100,100,0.0,0.0,0,13.699784755706787
22.804429292678833,0.5353050699700571,0.2517943971859527,0.32758384394215206,0.12995270934668643,0.33801424729108975,100,100,0.0,0.0,0,13.7998788356781
22.90437626838684,0.5353033055078809,0.2517936431469741,0.3275838961349076,0.12995270934668643,0.33801424729108975,100,100,0.0,0.0,0,13.899825811386108
23.00449538230896,0.5353050864904437,0.2517944123910452,0.32758103279915435,0.12995270934668643,0.33801424729108975,100,100,0.0,0.0,0,13.999944925308228
23.104533672332764,0.5353035222476094,0.2517937440302308,0.32757024515268696,0.12995270934668643,0.33801424729108975,100,100,0.0,0.0,0,14.099983215332031
23.204466342926025,0.5353051060404921,0.251794427290095,0.3275782519495252,0.12995270934668643,0.33801424729108975,100,100,0.0,0.0,0,14.199915885925293
23.304524183273315,0.5353037186662034,0.2517938341061447,0.3275667502724866,0.12995270934668643,0.33801424729108975,100,100,0.0,0.0,0,14.299973726272583
23.40192174911499,0.5353051261511151,0.2517944409694158,0.3275697310010037,0.12995270934668643,0.33801424729108975,100,100,0.0,0.0,0,14.397371292114258
23.504573106765747,0.5353038952282264,0.25179391436569415,0.3275741035141228,0.12995270934668643,0.33801424729108975,100,100,0.0,0.0,0,14.500022649765015
23.6045503616333,0.5353051454109627,0.25179445313953475,0.32756692897160816,0.12995270934668643,0.33801424729108975,100,100,0.0,0.0,0,14.599999904632568
23.70463490486145,0.5353040527209317,0.2517939855715155,0.3275680608914303,0.12995270934668643,0.33801424729108975,100,100,0.0,0.0,0,14.700084447860718
23.804561138153076,0.5353051627406492,0.2517944636709952,0.32756017743799976,0.12995270934668643,0.33801424729108975,100,100,0.0,0.0,0,14.800010681152344
23.905066967010498,0.5353041925324059,0.25179404841988834,0.3275583233004022,0.12995270934668643,0.33801424729108975,100,100,0.0,0.0,0,14.900516510009766
24.004542350769043,0.5353051777227843,0.25179447253528037,0.32755030701704146,0.12995270934668643,0.33801424729108975,100,100,0.0,0.0,0,14.99999189376831
24.104474544525146,0.5353048717504293,0.2517943422135239,0.3275474375814339,0.12995270934668643,0.33801424729108975,100,100,0.0,0.0,0,15.099924087524414
24.205431938171387,0.535305334289553,0.25179454164786136,0.3275421713580233,0.12995270934668643,0.33801424729108975,100,100,0.0,0.0,0,15.200881481170654
24.304415941238403,0.5353046473375314,0.2517942477085912,0.3275382616237563,0.13283186051937093,0.3412405118380653,100,100,0.01,-0.034276602913097406,0,15.299865484237671
24.404467582702637,0.5354283736263404,0.25184709984562414,0.3270970942731387,0.13283186051937093,0.3412405118380653,100,100,0.03,-0.03415613490399858,0,15.399917125701904
24.50465703010559,0.5366685770152035,0.2523724139530033,0.32604139778074853,0.13283186051937093,0.3412405118380653,100,100,0.0358293959008042,-0.033147551598980037,0,15.500106573104858
24.60422968864441,0.5395269636482539,0.25357716743313974,0.3241402172431574,0.13283186051937093,0.3412405118380653,100,100,0.0358293959008042,-0.033207986980796966,0,15.599679231643677
24.704339742660522,0.5426224301701895,0.25486896672933823,0.3218197041989898,0.13283186051937093,0.3412405118380653,100,100,0.0358293959008042,-0.03319297185634443,0,15.69978928565979
24.80440402030945,0.5457480522744298,0.25615741552117727,0.31948058909010957,0.13283186051937093,0.3412405118380653,100,100,0.0358293959008042,-0.03292507260456864,0,15.799853563308716
24.905171394348145,0.5488403699116357,0.25741679646868476,0.31726809139971274,0.13283186051937093,0.3412405118380653,100,100,0.0358293959008042,-0.032558932837470855,0,15.900620937347412
25.004462480545044,0.5520583910486485,0.2587200199257392,0.31528800089821885,0.13283186051937093,0.3412405118380653,100,100,0.0358293959008042,-0.03280253483756974,0,15.999912023544312
25.116759538650513,0.555205948631544,0.25998658709625794,0.3130292735772713,0.13283186051937093,0.3412405118380653,100,100,0.0358293959008042,-0.03319784240038153,0,16.11220908164978
25.20427942276001,0.5583578325760551,0.2612364439501573,0.3106379038076678,0.13283186051937093,0.3412405118380653,100,100,0.0358293959008042,-0.032677523777305525,0,16.199728965759277
25.304364442825317,0.5618029489463252,0.2620470881896715,0.30860234212723053,0.1301409125781681,0.33831350765823237,100,100,0.03223810557123549,-0.02917698981011562,0,16.299813985824585
25.402552843093872,0.5648289310731367,0.2632421827279319,0.306604428754774,0.1301409125781681,0.33831350765823237,100,100,0.03223810557123549,-0.03985934374344245,0,16.39800238609314
25.504698753356934,0.5677977182860763,0.2643997044026871,0.304307986084139,0.1301409125781681,0.33831350765823237,100,100,0.03223810557123549,-0.03946039589485436,0,16.5001482963562
25.60427474975586,0.5707403524290622,0.2655319137089377,0.3021078333817985,0.1301409125781681,0.33831350765823237,100,100,0.03223810557123549,-0.03893310346037851,0,16.599724292755127
25.70449709892273,0.5736134520016564,0.2666201781497585,0.3000159778434502,0.1301409125781681,0.33831350765823237,100,100,0.03223810557123549,-0.03813276226013737,0,16.699946641921997
25.8046133518219,0.5766013243111774,0.2677428148066904,0.29805327762947864,0.1301409125781681,0.33831350765823237,100,100,0.03223810557123549,-0.03817517737909807,0,16.800062894821167
25.9045627117157,0.5795343397428147,0.26883293335290975,0.2958471714419344,0.1301409125781681,0.33831350765823237,100,100,0.0022381055712354936,0.0,0,16.900012254714966
26.004415035247803,0.5808901348060064,0.2693310420614773,0.29516776581822596,0.1301409125781681,0.33831350765823237,100,100,0.01,-0.03784093766949315,0,16.99986457824707
26.104583740234375,0.5808949595489618,0.26933223603160483,0.294791509864635,0.1301409125781681,0.33831350765823237,100,100,0.03,-0.03789474175223524,0,17.100033283233643
26.204394817352295,0.5822334732672246,0.2698202457445989,0.2935039697155333,0.1301409125781681,0.33831350765823237,100,100,0.03223810557123549,-0.03678758841051753,0,17.199844360351562
26.304727792739868,0.5848609963503686,0.270764788662428,0.29158032696065084,0.1301409125781681,0.33831350765823237,100,100,0.03223810557123549,-0.03642933845107387,0,17.300177335739136
26.40488028526306,0.5876198606528493,0.27174579352743466,0.28975656156263885,0.1301409125781681,0.33831350765823237,100,100,0.03223810557123549,-0.036334894663741735,0,17.40032982826233
26.504438161849976,0.5904751316889334,0.2727500924955716,0.28773258997733075,0.1301409125781681,0.33831350765823237,100,100,0.03223810557123549,-0.03619048473456657,0,17.499887704849243
26.604323387145996,0.5933873486647226,0.27376253797904476,0.28566538107599265,0.1301409125781681,0.33831350765823237,100,100,0.03223810557123549,-0.03587262532990997,0,17.599772930145264
26.70441460609436,0.5961920312308902,0.2747214600853732,0.2834297212223914,0.1301409125781681,0.33831350765823237,100,100,0.03223810557123549,-0.03521132107560959,0,17.699864149093628
26.804170608520508,0.5991027994953407,0.27570453133811473,0.28165076638422915,0.1301409125781681,0.33831350765823237,100,100,0.03223810557123549,-0.03464138891041733,0,17.799620151519775
26.904176473617554,0.6020502124784948,0.276693673186947,0.2797680583461737,0.1301409125781681,0.33831350765823237,100,100,0.03223810557123549,-0.03489611642663773,0,17.89962601661682
27.004392623901367,0.5949896566547526,0.2877137996505217,0.2916723039293426,0.1301409125781681,0.33831350765823237,100,100,0.03223810557123549,-0.034747706990840614,0,17.999842166900635
27.104613780975342,0.597829447813697,0.2886378998468918,0.2894810305201854,0.1301409125781681,0.33831350765823237,100,100,0.03223810557123549,-0.045334819875283774,0,18.10006332397461
27.204286813735962,0.600776136578311,0.2895795849695679,0.28728546078196127,0.1301409125781681,0.33831350765823237,100,100,0.03223810557123549,-0.044600769804017684,0,18.19973635673523
27.3047354221344,0.603731575596329,0.2905108156397972,0.28525852431553844,0.1301409125781681,0.33831350765823237,100,100,0.015,0.0,0,18.300184965133667
27.412851810455322,0.6064025859239235,0.29134267211627896,0.28370680923026276,0.12707100348659814,0.3348631646527321,100,100,0.0,0.0,0,18.40830135345459
27.50432324409485,0.6070744177550652,0.2915496721595631,0.28336677137360705,0.12707100348659814,0.3348631646527321,100,100,0.01,-0.05159427110851069,0,18.499772787094116
27.604633569717407,0.6071469329903708,0.2915721712969538,0.28301306745421684,0.12707100348659814,0.3348631646527321,100,100,0.03,-0.05161790573964347,0,18.600083112716675
27.704354524612427,0.6083055699192885,0.29192746125860225,0.28164381628613105,0.12707100348659814,0.3348631646527321,100,100,0.03,-0.050654156644262996,0,18.699804067611694
27.804484844207764,0.610828680989002,0.2926859233948361,0.27959235071798877,0.12707100348659814,0.3348631646527321,100,100,0.03,-0.049683829698709346,0,18.79993438720703
27.904860734939575,0.6134938612955905,0.2934667502432997,0.27716818035315866,0.12707100348659814,0.3348631646527321,100,100,0.03,-0.04861239624378798,0,18.900310277938843
28.004583597183228,0.6161236196150192,0.29421414033985965,0.2749259184317319,0.12707100348659814,0.3348631646527321,100,100,0.03,-0.046956891278796764,0,19.000033140182495
28.10469961166382,0.6188060498026211,0.2949653411593941,0.2731555697984588,0.12707100348659814,0.3348631646527321,100,100,0.03,-0.04632972918426217,0,19.100149154663086
28.204618453979492,0.6215696777859689,0.2957301063768732,0.27128196618486417,0.12707100348659814,0.3348631646527321,100,100,0.03,-0.04598156534286983,0,19.20006799697876
28.304442167282104,0.6242425250010615,0.29645393737128534,0.26896408484137474,0.12707100348659814,0.3348631646527321,100,100,0.03,-0.045214414188957816,0,19.299891710281372
28.40082836151123,0.627030162001712,0.2971913591280154,0.266805761055826,0.12707100348659814,0.3348631646527321,100,100,0.015,0.0,0,19.396277904510498
28.50489830970764,0.6296184470922981,0.29786258956000333,0.2651332774440637,0.12707100348659814,0.3348631646527321,100,100,0.0,0.0,0,19.50034785270691
28.604321002960205,0.6297831295500012,0.2979023383478208,0.2650380649598924,0.12707100348659814,0.3348631646527321,100,100,0.01,-0.043461323321260396,0,19.599770545959473
28.70440673828125,0.6297822099640608,0.2979021523752705,0.2646253694019341,0.12707100348659814,0.3348631646527321,100,100,0.03,-0.04341903393703521,0,19.699856281280518
28.804325819015503,0.631112485900903,0.29824066141028927,0.26332603716421227,0.12707100348659814,0.3348631646527321,100,100,0.03,-0.04193026118561429,0,19.79977536201477
28.92390465736389,0.6335778302168988,0.2988580255499359,0.2617781923961113,0.12707100348659814,0.3348631646527321,100,100,0.03,-0.04178744727019402,0,19.91935420036316
29.00477385520935,0.6362845259251735,0.2995281422350883,0.2599783784034865,0.12707100348659814,0.3348631646527321,100,100,0.03,-0.0415622963923061,0,20.000223398208618
29.104426383972168,0.6406927562673701,0.30006357869920397,0.25663857450641375,0.12707100348659814,0.3348631646527321,100,100,0.03,-0.04063819290563764,0,20.099875926971436
29.20433473587036,0.6517465506883794,0.30025394074354705,0.24898905388413564,0.12707100348659814,0.3348631646527321,100,100,0.03,-0.039193609567691606,0,20.19978427886963
29.30461025238037,0.6545236957200912,0.30090845844356207,0.24697199864618233,0.12707100348659814,0.3348631646527321,100,100,0.03,-0.03835108127738735,0,20.30005979537964
29.40171480178833,0.6572335824002948,0.30153616934108385,0.2452550246099806,0.12707100348659814,0.3348631646527321,100,100,0.03,-0.03806236505969913,0,20.397164344787598
29.504443645477295,0.6600449216526474,0.30217874199183326,0.24349912487091538,0.12396797398619017,0.3330378094685088,100,100,0.03,-0.0376196623429528,0,20.499893188476562
29.60408639907837,0.6628668488914956,0.30281501886051465,0.2415225483330854,0.12396797398619017,0.3330378094685088,100,100,0.03,-0.017967419556607224,0,20.599535942077637
29.70471954345703,0.665627462198933,0.30342239546591687,0.23950287741996415,0.12396797398619017,0.3330378094685088,100,100,0.03,-0.01735782122179768,0,20.7001690864563
29.806578397750854,0.6676020434822858,0.3038505107321372,0.23840186871659652,0.12396797398619017,0.3330378094685088,100,100,0.03285114211045041,-0.018655516474556457,0,20.802027940750122
29.904431581497192,0.6713537874694948,0.30466106976904817,0.23644197768412697,0.12396797398619017,0.3330378094685088,100,100,0.03285114211045041,-0.019251697643417214,0,20.89988112449646
30.004413604736328,0.6744154917334954,0.30531367357652484,0.23446117771076125,0.12396797398619017,0.3330378094685088,100,100,0.03285114211045041,-0.019392939182555705,0,20.999863147735596
30.104461431503296,0.677597214361851,0.3059794402638749,0.23246138630994664,0.12396797398619017,0.3330378094685088,100,100,0.03285114211045041,-0.0192764407711019,0,21.099910974502563
30.204219579696655,0.6805800220816611,0.3065959985423708,0.23099732196122383,0.12396797398619017,0.3330378094685088,100,100,0.03285114211045041,-0.019325461982086914,0,21.199669122695923
30.304458618164062,0.6838669612193101,0.30726847415178193,0.22910637795298508,0.12396797398619017,0.3330378094685088,100,100,0.03285114211045041,-0.019654946376370386,0,21.29990816116333
30.404494524002075,0.6869300546251444,0.30788792317746017,0.22735160389450138,0.12396797398619017,0.3330378094685088,100,100,0.03285114211045041,-0.01991399559024979,0,21.399944067001343
30.5062153339386,0.6901322169570001,0.3085246740708629,0.22543885579575276,0.12396797398619017,0.3330378094685088,100,100,0.03285114211045041,-0.01980457009880486,0,21.501664876937866
30.604687213897705,0.6934349584918126,0.30917341266638815,0.22384881016369895,0.12396797398619017,0.3330378094685088,100,100,0.03285114211045041,-0.019918735444008902,0,21.600136756896973
30.704148292541504,0.6964362526669519,0.31027253375778135,0.22207210270239916,0.12396797398619017,0.3330378094685088,100,100,0.0,0.0,0,21.69959783554077
30.804365396499634,0.6988914788812305,0.3107364341848336,0.22112697189216748,0.12396797398619017,0.3330378094685088,100,100,0.0,0.0,0,21.7998149394989
30.904893398284912,0.69893498081257,0.3107431743326443,0.2211268375426435,0.12396797398619017,0.3330378094685088,100,100,0.0,0.0,0,21.90034294128418
31.00459909439087,0.6989317477432697,0.31074262967948185,0.22113792669341345,0.12396797398619017,0.3330378094685088,100,100,0.0,0.0,0,22.000048637390137
31.104825258255005,0.6989219478646265,0.31074086720318955,0.2211356271822547,0.12396797398619017,0.3330378094685088,100,100,0.0,0.0,0,22.100274801254272
31.204442501068115,0.6989313321613609,0.31074277173622844,0.22113615840795098,0.12396797398619017,0.3330378094685088,100,100,0.0,0.0,0,22.199892044067383
31.30448603630066,0.698920425326491,0.31074077305111686,0.22114274435301975,0.12396797398619017,0.3330378094685088,100,100,0.0,0.0,0,22.299935579299927
31.400973796844482,0.6989311022612669,0.310742900237727,0.22113254965228782,0.12396797398619017,0.3330378094685088,100,100,0.0,0.0,0,22.39642333984375
31.504111289978027,0.698921402316931,0.3107411138660521,0.22114971947495138,0.12396797398619017,0.3330378094685088,100,100,0.0,0.0,0,22.499560832977295
31.604475736618042,0.6989309017811582,0.3107429945889944,0.2211619315091971,0.12396797398619017,0.3330378094685088,100,100,0.0,0.0,0,22.59992527961731
31.7046217918396,0.6989223189187491,0.31074140607743883,0.2211706672241438,0.12396797398619017,0.3330378094685088,100,100,0.0,0.0,0,22.700071334838867
31.804384469985962,0.6989308115798203,0.3107430803112018,0.22116891967841906,0.12396797398619017,0.3330378094685088,100,100,0.0,0.0,0,22.79983401298523
31.904685735702515,0.6989232134715696,0.3107416690930389,0.22117449044604912,0.12396797398619017,0.3330378094685088,100,100,0.0,0.0,0,22.900135278701782
32.004454374313354,0.6989307969934507,0.31074315745341763,0.22117439779460243,0.12396797398619017,0.3330378094685088,100,100,0.0,0.0,0,22.999903917312622
32.10439729690552,0.6989240644053475,0.31074190316147304,0.2211785938606334,0.12396797398619017,0.3330378094685088,100,100,0.0,0.0,0,23.099846839904785
32.20443081855774,0.6989308278761323,0.31074322526051334,0.22117938270995058,0.12396797398619017,0.3330378094685088,100,100,0.0,0.0,0,23.199880361557007
32.30451846122742,0.6989248629771994,0.3107421113043463,0.22117545392433374,0.12396797398619017,0.3330378094685088,100,100,0.0,0.0,0,23.299968004226685
32.404510736465454,0.6989308929363132,0.3107432859864124,0.22117205971392298,0.12396797398619017,0.3330378094685088,100,100,0.0,0.0,0,23.39996027946472
32.50469160079956,0.6989256074234026,0.31074229683369214,0.2211726805399288,0.12396797398619017,0.3330378094685088,100,100,0.0,0.0,0,23.500141143798828
32.60434937477112,0.6989309679177791,0.3107433380380019,0.22116734971528654,0.12396797398619017,0.3330378094685088,100,100,0.0,0.0,0,23.599798917770386
32.704732179641724,0.6989262796183915,0.31074245825738706,0.2211818317098073,0.12396797398619017,0.3330378094685088,100,100,0.0,0.0,0,23.70018172264099
32.80478620529175,0.6989310425230586,0.3107433808589843,0.22117723670881365,0.12396797398619017,0.3330378094685088,100,100,0.0,0.0,0,23.800235748291016
32.90484046936035,0.6989268821963636,0.3107425991387902,0.22117521333204113,0.12396797398619017,0.3330378094685088,100,100,0.0,0.0,0,23.90029001235962
33.00490713119507,0.6989311121125776,0.3107434169018916,0.22117078747399038,0.12396797398619017,0.3330378094685088,100,100,0.0,0.0,0,24.000356674194336
33.104565382003784,0.698927419243105,0.310742721667557,0.22117650013698464,0.12396797398619017,0.3330378094685088,100,100,0.0,0.0,0,24.10001492500305
33.204402685165405,0.6989311740479345,0.3107434463297515,0.22116375372228372,0.12396797398619017,0.3330378094685088,100,100,0.0,0.0,0,24.199852228164673
33.30477690696716,0.6989291605466486,0.31074306976336796,0.2211661933349092,0.12396797398619017,0.3330378094685088,100,100,0.0,0.0,0,24.30022644996643
33.401156425476074,0.698931215875268,0.31074346782885665,0.2211770779762067,0.12396797398619017,0.3330378094685088,100,100,0.0,0.0,0,24.396605968475342
33.50466322898865,0.698928296313088,0.3107429169185513,0.22117506796520628,0.12396797398619017,0.3330378094685088,100,100,0.0,0.0,0,24.500112771987915
33.604310512542725,0.6989312527673577,0.31074348544599006,0.22117065088325466,0.12396797398619017,0.3330378094685088,100,100,0.0,0.0,0,24.599760055541992
33.70459699630737,0.6989303680210137,0.31074332087387607,0.22118445127561587,0.12396797398619017,0.3330378094685088,100,100,0.0,0.0,0,24.70004653930664
33.804476737976074,0.698931721655764,0.3107435826772363,0.22117918273323053,0.12396797398619017,0.3330378094685088,100,100,0.0,0.0,0,24.799926280975342
33.90459227561951,0.698930527321552,0.31074335856957075,0.22117119062315213,0.12396797398619017,0.3330378094685088,100,100,0.0,0.0,0,24.900041818618774
34.00438332557678,0.6989316994540758,0.3107435848602637,0.22117967820460432,0.12396797398619017,0.3330378094685088,100,100,0.0,0.0,0,24.99983286857605
34.10436010360718,0.6989298649973862,0.3107432375666224,0.22119188171994159,0.12396797398619017,0.3330378094685088,100,100,0.0,0.0,0,25.099809646606445
34.20449614524841,0.6989316749923559,0.3107435850066764,0.22118170815411642,0.12396797398619017,0.3330378094685088,100,100,0.0,0.0,0,25.19994568824768
34.304516077041626,0.6989300485194,0.3107432772304673,0.22117815504363444,0.12396797398619017,0.3330378094685088,100,100,0.0,0.0,0,25.299965620040894
34.40454387664795,0.6989316510099929,0.3107435842647395,0.22118743578368796,0.12396797398619017,0.3330378094685088,100,100,0.0,0.0,0,25.399993419647217
34.50052499771118,0.6989302040943711,0.31074331017505075,0.22118240816516826,0.12396797398619017,0.3330378094685088,100,100,0.0,0.0,0,25.49597454071045
34.60493350028992,0.6989316245728852,0.3107435822356183,0.22117768360953713,0.12396797398619017,0.3330378094685088,100,100,0.0,0.0,0,25.600383043289185
34.704418897628784,0.6989303428408286,0.3107433393491562,0.22117781513299914,0.12396797398619017,0.3330378094685088,100,100,0.0,0.0,0,25.69986844062805
34.80412817001343,0.6989316102504567,0.31074358177491734,0.22118319594667532,0.12396797398619017,0.3330378094685088,100,100,0.0,0.0,0,25.799577713012695
34.90462327003479,0.6989304768025179,0.31074336689693516,0.22118348891588357,0.12396797398619017,0.3330378094685088,100,100,0.0,0.0,0,25.900072813034058
35.004549741744995,0.6989316070231263,0.3107435829628978,0.22117930312018882,0.12396797398619017,0.3330378094685088,100,100,0.0,0.0,0,25.999999284744263
35.10483479499817,0.6989306039758274,0.31074339272815377,0.22117487701507227,0.12396797398619017,0.3330378094685088,100,100,0.0,0.0,0,26.100284337997437
35.204901456832886,0.6989316108034888,0.3107435851829232,0.2211623314016683,0.12396797398619017,0.3330378094685088,100,100,0.0,0.0,0,26.200350999832153
35.30457353591919,0.6989309904040011,0.3107434677639999,0.22115614585756674,0.12396797398619017,0.3330378094685088,100,100,0.0,0.0,0,26.300023078918457
35.40427875518799,0.6989316159688278,0.3107435873503962,0.2211537563427584,0.12396797398619017,0.3330378094685088,100,100,0.0,0.0,0,26.399728298187256
35.50464677810669,0.6989308270622884,0.31074343775466184,0.22115465994789643,0.12396797398619017,0.3330378094685088,100,100,0.0,0.0,0,26.500096321105957
35.60447716712952,0.6989316243707954,0.31074358979745775,0.2211638242626026,0.12396797398619017,0.3330378094685088,100,100,0.0,0.0,0,26.599926710128784
35.70466494560242,0.698930926430514,0.31074345734719483,0.2211598830137381,0.12396797398619017,0.3330378094685088,100,100,0.0,0.0,0,26.700114488601685
35.80447769165039,0.6989316352638298,0.31074359255169004,0.22116124118432534,0.12289844246255119,0.3318766700943329,100,100,0.01,-0.02337858049539652,0,26.799927234649658
35.90443301200867,0.6989833267697863,0.31075337581082857,0.2207844986663534,0.12289844246255119,0.3318766700943329,100,100,0.03,-0.02311631596180367,0,26.899882555007935
36.00466752052307,0.7004761846311172,0.31103116711749573,0.21952197461269432,0.12289844246255119,0.3318766700943329,100,100,0.03285114211045041,-0.022390107330380986,0,27.00011706352234
36.104451417922974,0.7032452257656625,0.31153801774409384,0.2182017583857682,0.12289844246255119,0.3318766700943329,100,100,0.03285114211045041,-0.02220977798643725,0,27.09990096092224
36.20417046546936,0.7063297416841516,0.3121007966171588,0.21682867646274706,0.12289844246255119,0.3318766700943329,100,100,0.03285114211045041,-0.02286059934903855,0,27.199620008468628
36.304527759552,0.7093351285582894,0.31264184009999707,0.2151140305555835,0.12289844246255119,0.3318766700943329,100,100,0.03285114211045041,-0.02282613949442244,0,27.29997730255127
36.40087819099426,0.7123736054889134,0.313179497814291,0.21356450788397863,0.12289844246255119,0.3318766700943329,100,100,0.03223810557123549,-0.02227639369225801,0,27.39632773399353
36.50184941291809,0.7154565587872251,0.31371897693514866,0.21223200932307185,0.12289844246255119,0.3318766700943329,100,100,0.03223810557123549,-0.02252945308646771,0,27.49729895591736
36.60438799858093,0.7184435664105845,0.31423712795495473,0.2106898687673541,0.12289844246255119,0.3318766700943329,100,100,0.03223810557123549,-0.02270699160721781,0,27.5998375415802
36.70468354225159,0.7215226500512997,0.3147612183437496,0.2090201770127796,0.12289844246255119,0.3318766700943329,100,100,0.03223810557123549,-0.022477619503783717,0,27.700133085250854
36.80432391166687,0.7244969943721942,0.31525772123422213,0.20728373452828688,0.12289844246255119,0.3318766700943329,100,100,0.03223810557123549,-0.022367339416761868,0,27.799773454666138
36.90005111694336,0.7275170126082714,0.31575121342710927,0.20590204334506057,0.12289844246255119,0.3318766700943329,100,100,0.03223810557123549,-0.022284312910867122,0,27.895500659942627
37.004271268844604,0.7306797408470449,0.31626082893223995,0.20432562704868626,0.12289844246255119,0.3318766700943329,100,100,0.03223810557123549,-0.022274976893954055,0,27.999720811843872
37.104570627212524,0.7338250721974189,0.31675863709070073,0.20270279955926718,0.12289844246255119,0.3318766700943329,100,100,0.03223810557123549,-0.022251553545323117,0,28.100020170211792
37.21176242828369,0.7368466681728062,0.3172230876950696,0.20094211183843144,0.12289844246255119,0.3318766700943329,100,100,0.03223810557123549,-0.02159491338419415,0,28.20721197128296
37.30052208900452,0.7400099724589095,0.3177012921319978,0.19971609093077886,0.12289844246255119,0.3318766700943329,100,100,0.03223810557123549,-0.021782382253774237,0,28.295971632003784
37.404515981674194,0.7531290877602496,0.3180985727161311,0.19432885122215168,0.12289844246255119,0.3318766700943329,100,100,0.03223810557123549,-0.022138230575593824,0,28.399965524673462
37.50189924240112,0.7561936795348583,0.3185453018961047,0.19260888084885355,0.12289844246255119,0.3318766700943329,100,100,0.03223810557123549,-0.02178856727045247,0,28.49734878540039
37.60458445549011,0.7593629986192899,0.31899514666900763,0.1910824658491467,0.12289844246255119,0.3318766700943329,100,100,0.03431532680908837,-0.022906483033018652,0,28.60003399848938
37.70184922218323,0.7625439878411168,0.31943847677277226,0.19001687257503916,0.12289844246255119,0.3318766700943329,100,100,0.03431532680908837,-0.023010805655806356,0,28.697298765182495
37.80627250671387,0.7658683578609672,0.3198920386263568,0.18850668901470535,0.12188563890251666,0.3307783904312303,100,100,0.03431532680908837,-0.02266044205116898,0,28.801722049713135
37.90434265136719,0.769298763902413,0.3203470791819738,0.186916536950851,0.12188563890251666,0.3307783904312303,100,100,0.03431532680908837,-0.02449593109292983,0,28.899792194366455
38.004403829574585,0.7725336145893604,0.3207605546725506,0.18554602164264966,0.12188563890251666,0.3307783904312303,100,100,0.03285114211045041,-0.022655726993223754,0,28.999853372573853
38.10453224182129,0.7758532710864908,0.3211769656573765,0.18446506835080168,0.12188563890251666,0.3307783904312303,100,100,0.03285114211045041,-0.02266044240763818,0,29.099981784820557
38.204466819763184,0.7791265674112422,0.3215790738009899,0.18326712934697104,0.12188563890251666,0.3307783904312303,100,100,0.03285114211045041,-0.02241208731956607,0,29.19991636276245
38.3000922203064,0.782263442044707,0.3219519465063012,0.1815339453125422,0.12188563890251666,0.3307783904312303,100,100,0.03285114211045041,-0.02179978946831822,0,29.295541763305664
38.40005302429199,0.7854955004805348,0.3223216450938636,0.18043421198643422,0.12188563890251666,0.3307783904312303,100,100,0.03285114211045041,-0.021160503037780297,0,29.39550256729126
38.500070333480835,0.7887932349360721,0.3226948004225904,0.17935731331021695,0.12188563890251666,0.3307783904312303,100,100,0.03285114211045041,-0.021552134346364604,0,29.495519876480103
38.60435724258423,0.7919766051177703,0.3230415214560862,0.17774710606409838,0.12188563890251666,0.3307783904312303,100,100,0.03285114211045041,-0.02089810219652139,0,29.599806785583496
38.70495820045471,0.7952719190046738,0.3233875004506678,0.1762330001401592,0.12188563890251666,0.3307783904312303,100,100,0.03285114211045041,-0.020003702533974942,0,29.70040774345398
38.80437397956848,0.7984161579483988,0.33471355058082475,0.18450584341574525,0.12188563890251666,0.3307783904312303,100,100,0.03285114211045041,-0.029657751208284226,0,29.79982352256775
38.904566526412964,0.8016658648437812,0.3350165162812026,0.1830093549250819,0.12095005583587434,0.329768521667277,100,100,0.03285114211045041,-0.031000950466300473,0,29.90001606941223
39.00446081161499,0.8049901786854218,0.3353107708901536,0.18129123123447888,0.12095005583587434,0.329768521667277,100,100,0.03285114211045041,-0.03004124533519223,0,29.999910354614258
39.10492205619812,0.8081734974223695,0.3355741166138414,0.17926506888704344,0.12095005583587434,0.329768521667277,100,100,0.03285114211045041,-0.02870818708483975,0,30.100371599197388
39.204222679138184,0.8114481113042127,0.3358303673220857,0.17813536153602946,0.12095005583587434,0.329768521667277,100,100,0.03285114211045041,-0.028129106959629523,0,30.19967222213745
39.304460525512695,0.8148216190664492,0.33608761870628817,0.17676473405726148,0.12095005583587434,0.329768521667277,100,100,0.03285114211045041,-0.027921064798556453,0,30.299910068511963
39.4012496471405,0.8180483333930386,0.3363186635666432,0.17483994742131045,0.12095005583587434,0.329768521667277,100,100,0.03285114211045041,-0.026874269267151692,0,30.39669919013977
39.50452756881714,0.8213541331681431,0.33653698598020787,0.17290112200327296,0.12095005583587434,0.329768521667277,100,100,0.03285114211045041,-0.02567682701507297,0,30.499977111816406
39.60456991195679,0.824435305020148,0.33672846591664174,0.17193510404530915,0.12095005583587434,0.329768521667277,100,100,0.03223810557123549,-0.024541498294283474,0,30.600019454956055
39.701091051101685,0.8277851600654851,0.3369293462456591,0.17026647848603418,0.12095005583587434,0.329768521667277,100,100,0.03223810557123549,-0.024182380050329293,0,30.696540594100952
39.8043577671051,0.8309466317328839,0.33710421343290736,0.1685943968374197,0.12095005583587434,0.329768521667277,100,100,0.03223810557123549,-0.02302722564347185,0,30.79980731010437
39.90479898452759,0.8343495234888384,0.33727666862262623,0.16679854981300182,0.12095005583587434,0.329768521667277,100,100,0.03223810557123549,-0.02194685509762493,0,30.900248527526855
40.00524020195007,0.8374068800906268,0.3374214613287287,0.1657550514422201,0.12095005583587434,0.329768521667277,100,100,0.03223810557123549,-0.021395268529736347,0,31.00068974494934
40.10216808319092,0.8407144725838621,0.33757077066483715,0.1643493353185912,0.12095005583587434,0.329768521667277,99,100,0.03223810557123549,-0.02084577497311612,0,31.097617626190186
40.204386472702026,0.8438623121312245,0.3350048549059304,0.1597749904112643,0.12095005583587434,0.329768521667277,99,100,0.03223810557123549,-0.020071873379825036,0,31.199836015701294
40.30059623718262,0.8470101131556701,0.32831282416389307,0.1511826958596781,0.12095005583587434,0.329768521667277,99,100,0.03223810557123549,-0.00801582795180485,0,31.296045780181885
40.40410280227661,0.8502760473032167,0.3284169369219034,0.15043044304642594,0.12095005583587434,0.329768521667277,99,100,0.03223810557123549,-0.008253177859933914,0,31.39955234527588
40.502708435058594,0.8534603951562265,0.3285137015936917,0.14901174160150024,0.12095005583587434,0.329768521667277,99,100,0.03223810557123549,-0.007746508612875217,0,31.49815797805786
40.60471773147583,0.8567130786234384,0.3286038962566692,0.1475855315907465,0.12095005583587434,0.329768521667277,99,100,0.03223810557123549,-0.007048859692826305,0,31.600167274475098
40.70485258102417,0.859972052166821,0.32868992722490803,0.1467379424263384,0.12095005583587434,0.329768521667277,99,100,0.03223810557123549,-0.007018404149579667,0,31.700302124023438
40.80448246002197,0.8631309024035866,0.3287700065875621,0.14536726368984818,0.12095005583587434,0.329768521667277,99,100,0.03223810557123549,-0.006627706340937553,0,31.79993200302124
40.900142431259155,0.8663518441102301,0.3288436456454395,0.14418698251098827,0.12008487889416988,0.3288405883000637,99,100,0.03223810557123549,-0.006077079080530143,0,31.895591974258423
41.00466251373291,0.8696496690782073,0.3289162095978082,0.1432682097462909,0.12008487889416988,0.3288405883000637,99,100,0.03223810557123549,-0.007137921244325371,0,32.00011205673218
41.10159754753113,0.8728171251599413,0.32898391923399883,0.14205544230928216,0.12008487889416988,0.3288405883000637,99,100,0.03285114211045041,-0.007130903950720678,0,32.097047090530396
41.204127073287964,0.8760523703208026,0.32904615457705877,0.14097703991407345,0.12008487889416988,0.3288405883000637,99,100,0.03285114211045041,-0.006474038746749572,0,32.19957661628723
41.302448987960815,0.8794168374257297,0.32911090306538504,0.13998913882701594,0.12008487889416988,0.3288405883000637,99,100,0.03285114211045041,-0.006468562503717217,0,32.29789853096008
41.40051078796387,0.882683541800051,0.32917266736383466,0.13907995333925338,0.12008487889416988,0.3288405883000637,0,100,0.03285114211045041,-0.006357341413208464,0,32.395960330963135
41.502206563949585,0.8860367491754763,0.32923220351856397,0.1377567117727272,0.12008487889416988,0.3288405883000637,0,100,0.03285114211045041,-0.005837129045759867,0,32.49765610694885
41.604369163513184,0.8894046072009006,0.3292881734118392,0.13672370810631104,0.12008487889416988,0.3288405883000637,0,100,0.03285114211045041,-0.005634271167310071,0,32.59981870651245
41.70282459259033,0.8926464764846346,0.3293403520007982,0.1357673446518669,0.12008487889416988,0.3288405883000637,0,100,0.03285114211045041,-0.005490125524106703,0,32.6982741355896
41.804584980010986,0.8959323873161633,0.3293899633901751,0.1344678613621235,0.12008487889416988,0.3288405883000637,0,100,0.03285114211045041,-0.005039568504376676,0,32.800034523010254
41.905487060546875,0.8992542056776303,0.329436558529846,0.13349070037054608,0.11931812531866573,0.3280031176043493,0,100,0.03285114211045041,-0.0049507066197907144,0,32.90093660354614
42.00436186790466,0.9024902207631711,0.3294776371937837,0.13221436074656098,0.11931812531866573,0.3280031176043493,0,100,0.03285114211045041,-0.005236136096826907,0,32.99981141090393
42.10587120056152,0.9057882919969419,0.3295152809315743,0.13098102403014442,0.11931812531866573,0.3280031176043493,0,100,0.03285114211045041,-0.004944818766749843,0,33.10132074356079
42.204299211502075,0.9089477958454398,0.32954726636101944,0.12996626233123854,0.11931812531866573,0.3280031176043493,0,100,0.03285114211045041,-0.004606280013602492,0,33.19974875450134
42.303913831710815,0.9123765088968376,0.3295768802143131,0.12841129456499253,0.11931812531866573,0.3280031176043493,0,100,0.03285114211045041,-0.003992951339384841,0,33.29936337471008
42.401116609573364,0.9156442072191194,0.3295983918012836,0.12738040133381195,0.11931812531866573,0.3280031176043493,0,100,0.03285114211045041,-0.0034741657933411722,0,33.39656615257263
42.50272989273071,0.9190156431521944,0.3296199769470985,0.12641550229180396,0.11931812531866573,0.3280031176043493,0,100,0.03285114211045041,-0.003414698045228858,0,33.49817943572998
42.60455775260925,0.9221379629834707,0.32963772920311507,0.1252460086718547,0.11931812531866573,0.3280031176043493,0,100,0.03431532680908837,-0.0031560436575096395,0,33.60000729560852
42.703083515167236,0.9255838604025004,0.32965084570825226,0.1242565727356393,0.11931812531866573,0.3280031176043493,0,100,0.03431532680908837,-0.0026474495596679874,0,33.698533058166504
42.80427598953247,0.9289145500885642,0.3296645427891713,0.12362523643870547,0.11931812531866573,0.3280031176043493,0,100,0.03431532680908837,-0.002747588266518634,0,33.79972553253174
42.90262961387634,0.9324777881143168,0.3296738808439123,0.12243321804992899,0.11931812531866573,0.3280031176043493,0,100,0.03431532680908837,-0.0023143718854688653,0,33.89807915687561
43.00433301925659,0.9157046168226735,0.32981525085085117,0.12643008555899132,0.11931812531866573,0.3280031176043493,0,100,0.03431532680908837,-0.0014305719072535547,0,33.99978256225586
43.11002254486084,0.919350273912058,0.32981845644166324,0.12544691369509614,0.11931812531866573,0.3280031176043493,0,100,0.03431532680908837,-0.00236840940801562,0,34.10547208786011
43.20450568199158,0.9226148644550234,0.3298191379769807,0.12428428637582466,0.11931812531866573,0.3280031176043493,0,100,0.03431532680908837,-0.0019182098954802118,0,34.199955224990845
43.302841663360596,0.9260499052657456,0.3298144281592648,0.12321123504538747,0.11931812531866573,0.3280031176043493,0,100,0.03431532680908837,-0.001312204524638741,0,34.29829120635986
43.40446901321411,0.9295490804756719,0.3298095332330148,0.12253113121303973,0.11931812531866573,0.3280031176043493,0,100,0.03949699695360436,-0.0016154161937359788,0,34.39991855621338
43.50489592552185,0.9331995941876491,0.3298010502446162,0.12128769929328934,0.11931812531866573,0.3280031176043493,0,100,0.03949699695360436,-0.0008391781138643837,0,34.50034546852112
43.60450577735901,0.9371730291338813,0.3297855214295388,0.12067440575661813,0.11931812531866573,0.3280031176043493,0,100,0.03949699695360436,-0.00047950161863561335,0,34.599955320358276
43.703258991241455,0.9411481322253444,0.32977422524143557,0.12013740946725673,0.11931812531866573,0.3280031176043493,0,100,0.03949699695360436,-0.0006557964623920083,0,34.69870853424072
43.80443096160889,0.9450792243555771,0.32975682018860075,0.1192369934372072,0.11931812531866573,0.3280031176043493,0,100,0.03949699695360436,0.0002656603936964819,0,34.799880504608154
43.90982961654663,0.9490816819769917,0.3297376286207762,0.11932069672009966,0.11931812531866573,0.3280031176043493,0,100,0.03949699695360436,0.0001963798915901202,0,34.9052791595459
44.00440335273743,0.9530628191710341,0.32972012433265807,0.11884485525565736,0.1186001672439064,0.3272546815869317,0,100,0.04170130544868757,0.0004536484821938697,0,34.999852895736694
44.10460162162781,0.9571158344992964,0.3296960616683222,0.11866498606091783,0.1186001672439064,0.3272546815869317,0,100,0.04170130544868757,0.00021730368353874168,0,35.100051164627075
44.20478272438049,0.9613021239512675,0.3296752277020162,0.11880892521912326,0.1186001672439064,0.3272546815869317,0,100,0.04170130544868757,-0.0001724346238997716,0,35.20023226737976
44.30383896827698,0.9654578659077276,0.3296494168772033,0.11833564731761995,0.1186001672439064,0.3272546815869317,0,100,0.04170130544868757,0.0006432535783113134,0,35.299288511276245
44.400301694869995,0.9696714344228713,0.32962296750959746,0.11882518023588065,0.1186001672439064,0.3272546815869317,0,100,0.04170130544868757,0.0006879547709615298,0,35.39575123786926
44.504167556762695,0.9738593962846028,0.32959976651908257,0.11849058226177242,0.1186001672439064,0.3272546815869317,0,100,0.04170130544868757,0.0007340448747066642,0,35.49961709976196
44.60440182685852,0.9780727233216757,0.3295689879887063,0.11830136813631467,0.1186001672439064,0.3272546815869317,0,100,0.04170130544868757,0.0014735975710419838,0,35.59985136985779
44.70488619804382,0.9822525428740477,0.3295419834645056,0.11852639977602134,0.1186001672439064,0.3272546815869317,0,100,0.04170130544868757,0.0012256211286939783,0,35.70033574104309
44.80472207069397,0.9864378569791004,0.3295105746418301,0.1181680833476352,0.1186001672439064,0.3272546815869317,0,100,0.04170130544868757,0.001975368895689087,0,35.80017161369324
44.903236627578735,0.9906572880928294,0.3294797759053567,0.1185176754472744,0.1186001672439064,0.3272546815869317,0,100,0.04170130544868757,0.0017817286617947841,0,35.898686170578
45.00535750389099,0.9946389604874066,0.32945384518807097,0.11836918663002663,0.11858842296269359,0.32726712930723334,0,100,0.04170130544868757,0.0018418217026094886,0,36.00080704689026
45.105101585388184,0.9990896363287798,0.32942113473830664,0.11840100103980364,0.11858842296269359,0.32726712930723334,0,100,0.04170130544868757,0.002238002034321527,0,36.10055112838745
45.204428911209106,1.0032659473268297,0.32939522125416526,0.11857130997054957,0.11858842296269359,0.32726712930723334,0,100,0.043234024385183985,0.001872399293425396,0,36.199878454208374
45.305012702941895,1.0074782669363262,0.32936515801160776,0.11816590398140789,0.11858842296269359,0.32726712930723334,0,100,0.043234024385183985,0.002644737770218699,0,36.30046224594116
45.40083599090576,1.0118477554315448,0.32982907665678374,0.11829046408613894,0.11858842296269359,0.32726712930723334,0,100,0.043234024385183985,0.002567999222199961,0,36.39628553390503
45.5043830871582,1.0161803109082477,0.32978335193474745,0.11805150806196771,0.11858842296269359,0.32726712930723334,0,100,0.043234024385183985,0.003108246593200926,0,36.49983263015747
45.60456156730652,1.0205122013983303,0.32973412938554314,0.11815229594015228,0.11858842296269359,0.32726712930723334,0,100,0.043234024385183985,0.0037594296028846913,0,36.600011110305786
45.704816818237305,1.024842818186141,0.32969168994287557,0.11824321984834782,0.11858842296269359,0.32726712930723334,0,100,0.043234024385183985,0.0031687696801280404,0,36.70026636123657
45.804601430892944,1.0291507158550324,0.32964602303864105,0.11813412909344587,0.11858842296269359,0.32726712930723334,0,100,0.043234024385183985,0.0037437268208050803,0,36.80005097389221
45.91008400917053,1.0334711424605987,0.32960410764261583,0.11854470414992943,0.11858842296269359,0.32726712930723334,0,100,0.043234024385183985,0.0032945174258358387,0,36.9055335521698
46.004284143447876,1.0375504271092024,0.3295669030075861,0.11828801110895401,0.11858842296269359,0.32726712930723334,0,100,0.043234024385183985,0.0035022003303723844,0,36.999733686447144
46.104758501052856,1.042097104604789,0.32952260195994193,0.11851101343016221,0.11826211707902759,0.3270404997153472,0,100,0.043234024385183985,0.003484825124269954,0,37.100208044052124
46.204219579696655,1.0461993012970374,0.329489195738323,0.1185339370871091,0.11826211707902759,0.3270404997153472,0,100,0.043234024385183985,0.0030292684329999713,0,37.19966912269592
46.304983139038086,1.0505291686264222,0.3294495591749274,0.11841689205286574,0.11826211707902759,0.3270404997153472,0,100,0.043234024385183985,0.0036726339299142886,0,37.30043268203735
46.40449357032776,1.054857268343616,0.3294128955760418,0.11864609918082666,0.11826211707902759,0.3270404997153472,0,100,0.043234024385183985,0.003214319582857771,0,37.399943113327026
46.5053493976593,1.0591996835834494,0.3293757542323772,0.11843453632320763,0.11826211707902759,0.3270404997153472,0,100,0.043234024385183985,0.0036705148316096225,0,37.50079894065857
46.60461449623108,1.0635353582790952,0.3293376519094129,0.11862065095524396,0.11826211707902759,0.3270404997153472,0,100,0.043234024385183985,0.0038060913065583804,0,37.60006403923035
46.71117377281189,1.0678473685940963,0.32930375494647685,0.11854039583029366,0.11826211707902759,0.3270404997153472,0,100,0.043234024385183985,0.0036524005317052776,0,37.70662331581116
46.80451273918152,1.0721835897568068,0.32926653047709314,0.11856040910520102,0.11826211707902759,0.3270404997153472,0,100,0.043234024385183985,0.0038677868558762074,0,37.799962282180786
46.9051353931427,1.0765228613662847,0.32923475557891174,0.11872293386002894,0.11826211707902759,0.3270404997153472,0,100,0.043234024385183985,0.0034671198700223587,0,37.90058493614197
47.00462079048157,1.0808681289945528,0.3292018290532572,0.11868751184726581,0.11826211707902759,0.3270404997153472,0,100,0.043234024385183985,0.004011522214943938,0,38.000070333480835
47.105384349823,1.085200058143692,0.3291726458533366,0.1189600436969955,0.11715626146440297,0.3259299042460522,0,100,0.043234024385183985,0.0036347862819620783,0,38.100833892822266
47.20441293716431,1.0895046519498834,0.3291490354549588,0.11885562872427577,0.11715626146440297,0.3259299042460522,0,100,0.043234024385183985,0.0015794007961858788,0,38.199862480163574
47.30446767807007,1.0938438563238737,0.3291241349546282,0.11892806008966447,0.11715626146440297,0.3259299042460522,0,100,0.043234024385183985,0.0015684130094113255,0,38.299917221069336
47.40264916419983,1.096667397540864,0.329111231323443,0.11909232278990553,0.11715626146440297,0.3259299042460522,0,100,0.043234024385183985,0.0010950966665187708,0,38.3980987071991
47.50442433357239,1.102491058011794,0.3290796267295446,0.11889658031351594,0.11715626146440297,0.3259299042460522,0,100,0.043234024385183985,0.0019202340741768214,0,38.499873876571655
47.60479402542114,1.116849643043997,0.3294828825600629,0.11921322999733117,0.11715626146440297,0.3259299042460522,0,100,0.043756906233165596,0.001991883947365807,0,38.60024356842041
47.70440101623535,1.1212078569713566,0.32944719124510674,0.11912097103049926,0.11715626146440297,0.3259299042460522,0,100,0.043756906233165596,0.0021735773606026644,0,38.69985055923462
47.804293632507324,1.125619262342311,0.3294116436395554,0.11925448069861141,0.11715626146440297,0.3259299042460522,0,100,0.043756906233165596,0.002174736733678878,0,38.79974317550659
47.90518879890442,1.130011308382466,0.3293808783259283,0.11921858725206583,0.11715626146440297,0.3259299042460522,0,100,0.043756906233165596,0.001812479560286307,0,38.90063834190369
48.00453424453735,1.1344080537571763,0.3293479609405684,0.1192332802130118,0.11715626146440297,0.3259299042460522,0,100,0.043756906233165596,0.0018936272708456499,0,38.99998378753662
48.10444188117981,1.1388279149674452,0.32931893722626754,0.11929221498811257,0.11047866344312848,0.31815557724180543,0,100,0.043756906233165596,0.0014995209437097393,0,39.09989142417908
48.204272508621216,1.1431805170508877,0.3292893375463892,0.11929406654425453,0.11047866344312848,0.31815557724180543,0,100,0.043756906233165596,0.008505734849068422,0,39.19972205162048
48.3051381111145,1.1475922386826485,0.3292627022843277,0.1193895445225012,0.11047866344312848,0.31815557724180543,0,100,0.043756906233165596,0.008481663986153694,0,39.30058765411377
48.402872800827026,1.1519288522289381,0.329239453916673,0.1193486680149434,0.11047866344312848,0.31815557724180543,0,100,0.043756906233165596,0.008816637868538013,0,39.398322343826294
48.50458741188049,1.1562693395569448,0.3292160330012501,0.11940154388177701,0.11047866344312848,0.31815557724180543,0,100,0.043756906233165596,0.009145465638958175,0,39.50003695487976
48.604965686798096,1.1606717404699,0.3292005905479576,0.11945800317961638,0.11047866344312848,0.31815557724180543,0,100,0.043756906233165596,0.008660167371409627,0,39.60041522979736
48.70465111732483,1.1649646056163598,0.32918644241411527,0.11949118512131177,0.11047866344312848,0.31815557724180543,0,100,0.04482149472305417,0.009326454323298549,0,39.7001006603241
48.80421829223633,1.1694620727644767,0.3291789500580905,0.11955995568543806,0.11047866344312848,0.31815557724180543,0,100,0.04482149472305417,0.009011716657327102,0,39.799667835235596
48.904921770095825,1.173910383686027,0.32917617245590924,0.11957542597872298,0.11047866344312848,0.31815557724180543,0,100,0.04482149472305417,0.009038656948946741,0,39.90037131309509
49.004443883895874,1.1784280171965418,0.3291759644134838,0.11960382770706804,0.11047866344312848,0.31815557724180543,0,100,0.04482149472305417,0.009252026471307578,0,39.99989342689514
49.11199140548706,1.1829275601420568,0.32918133938363836,0.1196260597875494,0.11047866344312848,0.31815557724180543,0,100,0.04482149472305417,0.009109525320711817,0,40.10744094848633
49.204413175582886,1.1873753352326906,0.3291882748230026,0.11962766641413305,0.09996435862080669,0.30773346548110453,0,100,0.04482149472305417,0.0011837235754346021,0,40.19986271858215
49.30419445037842,1.191922069700596,0.32919968072574346,0.11964675333134886,0.09996435862080669,0.30773346548110453,0,100,0.04482149472305417,0.0010071319077775943,0,40.299643993377686
49.4042272567749,1.196125705260716,0.3292121780441934,0.11964552918422364,0.09996435862080669,0.30773346548110453,0,100,0.04482149472305417,0.0013667411839392817,0,40.39967679977417
49.504679918289185,1.2009187615496895,0.3292262495930481,0.11964760230305552,0.09996435862080669,0.30773346548110453,0,100,0.04482149472305417,0.0016554332249050538,0,40.50012946128845
49.60410737991333,1.205111311329604,0.3292419898989296,0.11964759195354022,0.09996435862080669,0.30773346548110453,0,100,0.04482149472305417,0.0017031507327921538,0,40.5995569229126
49.70437812805176,1.2098855873832155,0.32926065088326506,0.11964687718989511,0.09996435862080669,0.30773346548110453,0,100,0.04482149472305417,0.001904545793318893,0,40.699827671051025
49.804290533065796,1.2241880321827783,0.3392093831975821,0.12952870833086402,0.09996435862080669,0.30773346548110453,0,100,0.046748180984103674,-0.012096328654965465,0,40.79974007606506
49.90435171127319,1.2287657389338058,0.3392296648621734,0.1295379794491441,0.09996435862080669,0.30773346548110453,0,100,0.046748180984103674,-0.01170932788385736,0,40.89980125427246
50.0045166015625,1.2334673529742648,0.339248455159982,0.1295424070024038,0.09996435862080669,0.30773346548110453,0,100,0.046748180984103674,-0.011335608876072396,0,40.99996614456177
50.10533666610718,1.2380974629530603,0.339265476574307,0.12956225347539022,0.09996435862080669,0.30773346548110453,0,100,0.046748180984103674,-0.010980911188302026,0,41.100786209106445
50.20445442199707,1.24283115330599,0.33927939346934033,0.12959925249626628,0.14357602512398557,0.3525615652710389,0,100,0.046748180984103674,-0.010374085533635604,0,41.19990396499634
50.30430722236633,1.2474378947887876,0.33928965794424165,0.12960295156802373,0.14357602512398557,0.3525615652710389,0,100,0.046748180984103674,0.026270251301000934,0,41.2997567653656
50.40440344810486,1.2521713481932832,0.3393026780971622,0.12951239142418855,0.14357602512398557,0.3525615652710389,0,100,0.046748180984103674,0.026020829418294887,0,41.399852991104126
50.50450110435486,1.2568043524387003,0.339330275446554,0.12935910772608064,0.14357602512398557,0.3525615652710389,0,100,0.046748180984103674,0.02449372189298203,0,41.499950647354126
50.60451531410217,1.2615365051986058,0.33936465196626897,0.12933247833118947,0.14357602512398557,0.3525615652710389,0,100,0.046748180984103674,0.023939280351228144,0,41.59996485710144
50.70462989807129,1.2662263258070952,0.33941115680457207,0.12909621014232062,0.14357602512398557,0.3525615652710389,0,100,0.046748180984103674,0.02234806048533537,0,41.70007944107056
50.80470538139343,1.2709235882593857,0.3394661925070816,0.12907837417002518,0.14357602512398557,0.3525615652710389,0,100,0.046748180984103674,0.021902009033970757,0,41.8001549243927
50.90437960624695,1.2756266367819986,0.3395277603688299,0.12881438123935154,0.14357602512398557,0.3525615652710389,0,100,0.04455294741390027,0.019884567811141222,0,41.899829149246216
51.004390716552734,1.2802008021318096,0.3395985535368026,0.12877734801546512,0.14357602512398557,0.3525615652710389,0,100,0.04455294741390027,0.019114790031657104,0,41.999840259552
51.104716062545776,1.284657905061424,0.3396688655602593,0.12870840812948783,0.14357602512398557,0.3525615652710389,0,100,0.04455294741390027,0.018686919250581007,0,42.100165605545044
51.20422101020813,1.2891375551714173,0.33974955470009444,0.12854446720418441,0.15033231120560728,0.35221235678400675,0,100,0.04455294741390027,0.01752181159528636,0,42.1996705532074
51.30426025390625,1.293574201712646,0.33983194967956204,0.12850150366282667,0.15033231120560728,0.35221235678400675,0,100,0.04455294741390027,0.01634831426769848,0,42.29970979690552
51.40416598320007,1.298057449494842,0.3399235983080227,0.12821271223598005,0.15033231120560728,0.35221235678400675,0,100,0.04455294741390027,0.015090409381677978,0,42.39961552619934
51.50446534156799,1.3025516632594825,0.3400234455919269,0.12815508163794678,0.15033231120560728,0.35221235678400675,0,100,0.04455294741390027,0.014505849555047447,0,42.49991488456726
51.604252099990845,1.306755837709674,0.3401201868809208,0.12799120001247946,0.15033231120560728,0.35221235678400675,0,100,0.04455294741390027,0.013830878784253839,0,42.59970164299011
51.704206228256226,1.311510565392874,0.3402391304705536,0.12779902481676705,0.15033231120560728,0.35221235678400675,0,100,0.04455294741390027,0.012929401254974904,0,42.69965577125549
51.804628133773804,1.3158966981648774,0.3403535138587295,0.12769255450192432,0.15033231120560728,0.35221235678400675,0,100,0.04455294741390027,0.012347049258000226,0,42.80007767677307
51.90462017059326,1.320437662091379,0.3404784508880313,0.1275052641136554,0.15033231120560728,0.35221235678400675,0,100,0.04455294741390027,0.011404913288853685,0,42.90006971359253
52.004345417022705,1.324821344678014,0.3406058124593681,0.12735327218585427,0.15033231120560728,0.35221235678400675,0,100,0.04788784456691867,0.011328822864738602,0,42.99979496002197
52.104358196258545,1.3294549046764934,0.340744598252711,0.12716146284517751,0.15033231120560728,0.35221235678400675,0,100,0.04788784456691867,0.011024901690233504,0,43.09980773925781
52.2043890953064,1.3342411705876633,0.340895010130035,0.12702649309743289,0.16462064536104673,0.35186314829697457,0,100,0.04788784456691867,0.009651145631049043,0,43.199838638305664
52.3043327331543,1.339068149933677,0.34105057928334825,0.126948142107931,0.16462064536104673,0.35186314829697457,0,100,0.04788784456691867,0.008287282963221008,0,43.299782276153564
52.40520763397217,1.3438556465380251,0.3412094393368205,0.1267499809850867,0.16462064536104673,0.35186314829697457,0,100,0.04788784456691867,0.007512064790296956,0,43.400657176971436
52.50420904159546,1.348658911307187,0.3413730911058364,0.12667814312769368,0.16462064536104673,0.35186314829697457,0,100,0.04788784456691867,0.006968136127226626,0,43.49965858459473
52.60438370704651,1.353233525100617,0.34153377296066717,0.1263268025779146,0.16462064536104673,0.35186314829697457,0,100,0.04788784456691867,0.006123927430995877,0,43.599833250045776
52.704354763031006,1.3580002135832825,0.3417078247490101,0.12631606328287284,0.16462064536104673,0.35186314829697457,0,100,0.04788784456691867,0.005448628800159482,0,43.69980430603027
52.804441690444946,1.362855083236152,0.3418863128023306,0.12607010362870943,0.16462064536104673,0.35186314829697457,0,100,0.04788784456691867,0.0038595990744562723,0,43.799891233444214
52.90430998802185,1.367571830121445,0.3420686132130091,0.12593616971672453,0.16462064536104673,0.35186314829697457,0,100,0.04788784456691867,-0.0006014262329259016,0,43.89975953102112
53.00438642501831,1.372439637937877,0.3422562553638756,0.12589745003119293,0.16462064536104673,0.35186314829697457,0,100,0.04788784456691867,-0.0042997294796002315,0,43.99983596801758
53.104132890701294,1.3771581299546183,0.34244350859274747,0.12569558972433217,0.16462064536104673,0.35186314829697457,0,100,0.06788784456691867,-0.014018050497851977,0,44.09958243370056
53.204421281814575,1.3833429700457172,0.3426854550500882,0.1257573198339241,0.16462064536104673,0.35186314829697457,0,100,0.08,-0.020219868299832355,0,44.19987082481384
53.30436635017395,1.3909520041907615,0.3429821366782797,0.1261853343985774,0.18552114537529338,0.35151393980994244,0,100,0.08,-0.027216045109627017,0,44.29981589317322
53.404821157455444,1.3988854075451183,0.3432797613206193,0.12638779713049467,0.18552114537529338,0.35151393980994244,0,100,0.08,-0.0342976492345981,0,44.40027070045471
53.503952741622925,1.4067533947153474,0.34355662692501937,0.1268251916066658,0.18552114537529338,0.35151393980994244,0,100,0.08,-0.04001743024669382,0,44.49940228462219
53.600926637649536,1.4144586538349835,0.34381002198340194,0.12781183485282663,0.18552114537529338,0.35151393980994244,0,100,0.08,-0.040527116451604346,0,44.596376180648804
53.7044792175293,1.4220616311372511,0.3440309769434454,0.12815384617436384,0.18552114537529338,0.35151393980994244,0,100,0.08,-0.037660619238698005,0,44.699928760528564
53.80475926399231,1.429692451439787,0.3442246358738524,0.12906838455074707,0.18552114537529338,0.35151393980994244,0,100,0.08,-0.03401997933654052,0,44.80020880699158
53.9044771194458,1.4374297169677044,0.34440102225240665,0.13026060728726405,0.18552114537529338,0.35151393980994244,0,100,0.08,-0.03752655218240155,0,44.89992666244507
54.004831314086914,1.4451390069528116,0.34455166980906754,0.13055013820269865,0.18552114537529338,0.35151393980994244,0,100,0.08,-0.047295765630891,0,45.00028085708618
54.104286432266235,1.45278492698896,0.3446726097319136,0.13136086736962144,0.18552114537529338,0.35151393980994244,0,100,0.08,-0.05531098442828549,0,45.0997359752655
54.20413041114807,1.4602361604114804,0.34476587388872104,0.13298201157264045,0.18552114537529338,0.35151393980994244,0,100,0.08,-0.09308961184128992,0,45.19957995414734
54.304327964782715,1.4672531381488634,0.34482113850874935,0.13450287268072075,0.23922695317867967,0.34607903185105215,0,100,0.08,-0.12566184799003025,0,45.29977750778198
54.4044508934021,1.4737245049005516,0.3448345532220758,0.13753014452298276,0.23922695317867967,0.34607903185105215,0,100,0.08,-0.1363295944213038,0,45.39990043640137
54.50441932678223,1.479972995980372,0.3447938866597777,0.13954308406702673,0.23922695317867967,0.34607903185105215,0,100,0.08,-0.14231840902868922,0,45.499868869781494
54.60442590713501,1.4861114892638312,0.3447118032542368,0.14238441173915292,0.23922695317867967,0.34607903185105215,0,100,0.08,-0.14789325812093165,0,45.59987545013428
54.704312562942505,1.4921151467431624,0.3445758762739688,0.14561847446182252,0.23922695317867967,0.34607903185105215,0,100,0.08,-0.15434347015499475,0,45.69976210594177
54.801162242889404,1.4980951273369703,0.3443955836700385,0.14834880800909497,0.23922695317867967,0.34607903185105215,0,100,0.08,-0.16586065111480283,0,45.79661178588867
54.90396499633789,1.504070209237149,0.3441707993663718,0.15149728507608518,0.23922695317867967,0.34607903185105215,0,100,0.08,-0.17581113431689877,0,45.89941453933716
55.00465798377991,1.5198280402110613,0.35382883464508524,0.167633834621943,0.23922695317867967,0.34607903185105215,0,100,0.08,-0.2283599370545244,0,46.000107526779175
55.10471487045288,1.5253037832953642,0.35351648932427926,0.17078210042683273,0.23922695317867967,0.34607903185105215,0,100,0.07630866175598244,-0.2285714285714286,0,46.10016441345215
55.20425987243652,1.530508445875282,0.3531675207522924,0.17456172989311347,0.23922695317867967,0.34607903185105215,0,100,0.0737927514782363,-0.2285714285714286,0,46.19970941543579
55.30533027648926,1.535588085291178,0.35276968024029165,0.17851546363154594,0.2738789509991655,0.34572982336402,0,100,0.07059946407841042,-0.2285714285714286,0,46.300779819488525
55.402894496917725,1.5405889856808357,0.35230969588985644,0.18277568623222112,0.2738789509991655,0.34572982336402,0,100,0.0678799855441479,-0.22857142857142862,0,46.39834403991699
55.50410532951355,1.5455422112012245,0.3517804883020824,0.18677477928813385,0.2738789509991655,0.34572982336402,0,100,0.06527807855811665,-0.22857142857142856,0,46.49955487251282
55.60483241081238,1.5503008332456856,0.35120354405052673,0.19084721042753033,0.2738789509991655,0.34572982336402,0,100,0.06351843891017393,-0.22857142857142862,0,46.600281953811646
55.70401406288147,1.554731411472798,0.35060278260931194,0.19499719571007473,0.2738789509991655,0.34572982336402,0,100,0.06440481629722798,-0.22857142857142856,0,46.69946360588074
55.80433201789856,1.558894049179985,0.3499749912928952,0.1990541885854344,0.2738789509991655,0.34572982336402,0,100,0.0653532185625246,-0.22857142857142856,0,46.79978156089783
55.904497146606445,1.5633205999612736,0.3587605011813607,0.21072583480785526,0.2738789509991655,0.34572982336402,0,100,0.06159726993328774,-0.22857142857142862,0,46.89994668960571
56.00448799133301,1.5677114264274417,0.358000415095189,0.21405785388484377,0.2738789509991655,0.34572982336402,0,100,0.062082615176329355,-0.22857142857142862,0,46.999937534332275
56.10436201095581,1.5718736571084164,0.35722112207660356,0.21818688279872334,0.2738789509991655,0.34572982336402,0,100,0.06309469030617966,-0.22857142857142862,0,47.09981155395508
56.20428800582886,1.5759788222096847,0.35638690614603136,0.2223157499667507,0.2738789509991655,0.34572982336402,0,100,0.06425369405120937,-0.22857142857142856,0,47.199737548828125
56.30439901351929,1.5801493792966284,0.35548007976072876,0.22569365300643138,0.2738789509991655,0.34572982336402,0,100,0.06511558022124939,-0.22857142857142862,0,47.299848556518555
56.40446710586548,1.5846399455012927,0.35445642911786696,0.22862334933739734,0.32378630803082653,0.3646797449366055,0,100,0.05898216284957031,-0.2285714285714286,0,47.399916648864746
56.50436353683472,1.5891616284346848,0.35337978134427256,0.23167408459176667,0.32378630803082653,0.3646797449366055,0,100,0.059411135982789166,-0.22857142857142856,0,47.499813079833984
56.60439705848694,1.5932130678426342,0.3523686877489605,0.23471641992489653,0.32378630803082653,0.3646797449366055,0,100,0.06002111084941204,-0.2285714285714286,0,47.599846601486206
56.704482316970825,1.5973280269660506,0.35129921614375526,0.23768603088215073,0.32378630803082653,0.3646797449366055,0,100,0.060601027059388926,-0.22857142857142856,0,47.69993185997009
56.80442190170288,1.6014107628752163,0.35019568639860876,0.2407122502722388,0.32378630803082653,0.3646797449366055,0,100,0.06115299477764172,-0.22857142857142862,0,47.79987144470215
56.90437865257263,1.6054556028146947,0.34905792093119276,0.24379553458005257,0.32378630803082653,0.3646797449366055,0,100,0.0618761845828848,-0.22857142857142856,0,47.8998281955719
57.004488706588745,1.5994757642410562,0.33793256716618936,0.23334104406950235,0.32378630803082653,0.3646797449366055,0,100,0.07027325423185694,-0.22857142857142862,0,47.99993824958801
57.104292154312134,1.6036189924515474,0.3366745990959753,0.23623010678010592,0.32378630803082653,0.3646797449366055,0,100,0.0712826086502439,-0.22857142857142862,0,48.0997416973114
57.204195499420166,1.608160977303033,0.3352462720411968,0.23942145526570352,0.32378630803082653,0.3646797449366055,0,100,0.07231160692090415,-0.22857142857142862,0,48.199645042419434
57.304396867752075,1.6127955212966654,0.3337164379911226,0.2440084461748109,0.32378630803082653,0.3646797449366055,0,100,0.07434406664064712,-0.2285714285714286,0,48.29984641075134
57.404581785202026,1.6175058049638722,0.3320834039574147,0.2476875036258569,0.33335847397991025,0.3143317551850426,0,100,0.0760550451357507,-0.2285714285714286,0,48.400031328201294
57.50434112548828,1.6222117696310494,0.33038855266676165,0.25106762670501426,0.33335847397991025,0.3143317551850426,0,100,0.0795657586700287,-0.22857142857142856,0,48.49979066848755
57.60436463356018,1.6270600008176261,0.3285836856551872,0.2541046182302806,0.33335847397991025,0.3143317551850426,0,100,0.08,-0.2258806479939816,0,48.59981417655945
57.70446825027466,1.6318905480274077,0.32672404130827354,0.25749629624589665,0.33335847397991025,0.3143317551850426,0,100,0.08,-0.22147971773928463,0,48.699917793273926
57.80161738395691,1.6367260028381623,0.3247930323324784,0.2614167241012154,0.33335847397991025,0.3143317551850426,0,100,0.08,-0.21557668906978275,0,48.79706692695618
57.90402269363403,1.6415244722962865,0.3227962708477335,0.2656525413451497,0.33335847397991025,0.3143317551850426,0,100,0.08,-0.20883041817684056,0,48.8994722366333
58.00438666343689,1.6364864021973073,0.31122047854176704,0.2566865550611254,0.33335847397991025,0.3143317551850426,0,100,0.08,-0.1689784697009073,0,48.99983620643616
58.104225158691406,1.6414912106178519,0.30897039196799525,0.25954847917749263,0.33335847397991025,0.3143317551850426,0,100,0.08,-0.16414241657308093,0,49.099674701690674
58.20417857170105,1.6468254046478643,0.3065094539188339,0.2628029361719708,0.33335847397991025,0.3143317551850426,0,100,0.08,-0.1600505686142507,0,49.19962811470032
58.30442261695862,1.6521313297603835,0.3039749937820418,0.26664731051390994,0.33335847397991025,0.3143317551850426,0,100,0.08,-0.15351555176456244,0,49.299872159957886
58.404587268829346,1.6574323921791279,0.3013725151484252,0.2695079933961333,0.3759033860021854,0.31398254669801046,0,100,0.08,-0.14914856720952163,0,49.40003681182861
58.504868507385254,1.6627258122833795,0.2987200632296467,0.27264957408885887,0.3759033860021854,0.31398254669801046,0,100,0.08,-0.1465599475264428,0,49.50031805038452
58.600196838378906,1.668107926145899,0.2959415706860018,0.2765277208594563,0.3759033860021854,0.31398254669801046,0,100,0.08,-0.14041755448702184,0,49.595646381378174
58.70428133010864,1.6707306770106647,0.29455537563858936,0.27801440265629374,0.3759033860021854,0.31398254669801046,0,100,0.08,-0.13814796668887405,0,49.69973087310791
58.804503440856934,1.6707306770106647,0.29455537563858936,0.27801440265629374,0.3759033860021854,0.31398254669801046,0,100,0.08,-0.13814796668887405,0,49.7999529838562
58.90393567085266,1.6707306770106647,0.29455537563858936,0.27801440265629374,0.3759033860021854,0.31398254669801046,0,100,0.065,-0.06314796668887405,0,49.89938521385193
59.00449180603027,1.6707306770106647,0.29455537563858936,0.27801440265629374,0.3759033860021854,0.31398254669801046,0,100,0.035,0.0,0,49.99994134902954
59.10432410240173,1.6707306770106647,0.29455537563858936,0.27801440265629374,0.3759033860021854,0.31398254669801046,0,100,0.0050000000000000044,0.0,0,50.099773645401
59.204181432724,1.6707306770106647,0.29455537563858936,0.27801440265629374,0.3759033860021854,0.31398254669801046,0,100,0.0,0.0,0,50.19963097572327
59.304314851760864,1.6707306770106647,0.29455537563858936,0.27801440265629374,0.3759033860021854,0.31398254669801046,0,100,0.0,0.0,0,50.29976439476013
59.402639865875244,1.6707306770106647,0.29455537563858936,0.27801440265629374,0.3759033860021854,0.31398254669801046,0,100,0.0,0.0,0,50.39808940887451
59.50422692298889,1.6707306770106647,0.29455537563858936,0.27801440265629374,0.41136390452770166,0.2997901281242098,0,100,0.0,0.0,0,50.49967646598816
59.604718923568726,1.6707306770106647,0.29455537563858936,0.27801440265629374,0.41136390452770166,0.2997901281242098,0,100,0.0,0.0,0,50.60016846656799
59.704726457595825,1.6707306770106647,0.29455537563858936,0.27801440265629374,0.41136390452770166,0.2997901281242098,0,100,0.0,0.0,0,50.70017600059509
59.80421209335327,1.7052245705435707,0.29080187649915834,0.3045792175014053,0.41136390452770166,0.2997901281242098,0,100,0.0,0.0,0,50.79966163635254
59.9043288230896,1.705219938323408,0.2908050423023951,0.3047436101411181,0.41136390452770166,0.2997901281242098,0,100,0.02,-0.12,0,50.89977836608887
60.004629611968994,1.7061854747563436,0.2902434421873018,0.30754270413997703,0.41136390452770166,0.2997901281242098,0,100,0.04,-0.16154422468114424,0,51.00007915496826
60.104276180267334,1.7086920664720806,0.28872893783522713,0.31221683566540853,0.41136390452770166,0.2997901281242098,0,100,0.060000000000000005,-0.15243324382026208,0,51.0997257232666
60.204456090927124,1.7125574769475207,0.2862883126132729,0.31667836181574305,0.41136390452770166,0.2997901281242098,0,100,0.08,-0.1408884498847459,0,51.19990563392639
60.304468870162964,1.7171688015012359,0.2832830560079158,0.31980739738855496,0.41136390452770166,0.2997901281242098,0,100,0.08,-0.1334900620848634,0,51.29991841316223
60.404431104660034,1.7221499215464589,0.2799566178142012,0.324263979868955,0.41136390452770166,0.2997901281242098,0,100,0.08,-0.12918133481844854,0,51.3998806476593
60.50436472892761,1.7372119810712663,0.28642042336388435,0.34282054658934624,0.41136390452770166,0.2997901281242098,0,100,0.08,-0.11825262636003561,0,51.49981427192688
60.604225873947144,1.7422380690865626,0.28284524990639015,0.34557678582056506,0.41136390452770166,0.2997901281242098,0,100,0.08,-0.14702386878684576,0,51.59967541694641
60.70420217514038,1.7470279981042187,0.2793269906185648,0.3508040173195958,0.41136390452770166,0.2997901281242098,0,100,0.08,-0.13923135513663595,0,51.69965171813965
60.80429720878601,1.751798551560525,0.27569559838679564,0.3546025173203539,0.41136390452770166,0.2997901281242098,0,100,0.08,-0.12810445881069785,0,51.79974675178528
60.9042546749115,1.756578168989106,0.27197012091122486,0.358810187218835,0.41136390452770166,0.2997901281242098,0,100,0.08,-0.1184239900309701,0,51.89970421791077
61.00435161590576,1.761492049451226,0.26799136377028865,0.36391905007471886,0.41136390452770166,0.2997901281242098,0,100,0.08,-0.10554750620827545,0,51.99980115890503
61.10420036315918,1.7664529189248313,0.2638500447445213,0.36669315073913694,0.41136390452770166,0.2997901281242098,0,100,0.08,-0.09617103042355256,0,52.09964990615845
61.20445990562439,1.7715192349439581,0.2594976335963683,0.37140793194942806,0.41136390452770166,0.2997901281242098,0,100,0.08,-0.0838814385475291,0,52.19990944862366
61.304322719573975,1.7762799132828533,0.2546571357619947,0.373247554907684,0.41136390452770166,0.2997901281242098,0,100,0.08,-0.07514289305741377,0,52.29977226257324
61.404412508010864,1.7814762948740037,0.24999415377882545,0.37752568546839127,0.41136390452770166,0.2997901281242098,0,100,0.08,-0.06618094294189636,0,52.39986205101013
61.504318952560425,1.7867152555134176,0.24518095618448857,0.37991162372661996,0.40994396761942775,0.21509045406979851,0,100,0.08,-0.05799898993134405,0,52.49976849555969
61.60438680648804,1.792069550469052,0.24017512209338565,0.38353420483637995,0.40994396761942775,0.21509045406979851,0,100,0.08,-0.049813316614668784,0,52.599836349487305
61.704466342926025,1.797432826646105,0.23506626948049036,0.3853886936564301,0.40994396761942775,0.21509045406979851,0,100,0.08,-0.04214792341445452,0,52.69991588592529
61.80395698547363,1.8028455683647384,0.22983764490247793,0.3877919481988878,0.40994396761942775,0.21509045406979851,0,100,0.08,-0.039474575068470116,0,52.7994065284729
61.904500246047974,1.8082757978160557,0.22451985616931275,0.39109457915405355,0.40994396761942775,0.21509045406979851,0,100,0.08,-0.03441059844662102,0,52.89994978904724
62.00465631484985,1.814098084978273,0.21939112806377897,0.3943989878777862,0.40994396761942775,0.21509045406979851,0,100,0.07810899425007833,-0.033279750258442306,0,53.00010585784912
62.104440450668335,1.8192961486183055,0.21413380245590535,0.3968744872837447,0.40994396761942775,0.21509045406979851,0,100,0.07605700108240833,-0.03290483908056386,0,53.0998899936676
62.204428911209106,1.8246809076047241,0.2086310937966346,0.39934680934842315,0.40994396761942775,0.21509045406979851,0,100,0.0740010199773204,-0.03373285486623711,0,53.199878454208374
62.304561614990234,1.8298923792960715,0.20324233185671398,0.4013799863699946,0.40994396761942775,0.21509045406979851,0,100,0.07197797203017939,-0.03274170735294595,0,53.3000111579895
62.401198625564575,1.8349031216143719,0.19800098501898095,0.4042363672649583,0.40994396761942775,0.21509045406979851,0,100,0.06999335083388825,-0.03298597721946234,0,53.39664816856384
62.504454612731934,1.8397614849607544,0.19287434954895125,0.4065949436862533,0.4713572723792757,0.19909414862108402,0,100,0.06807342203715593,-0.033973258129883305,0,53.4999041557312
62.60447931289673,1.8444563403272685,0.18786501647057505,0.4086725547883227,0.4713572723792757,0.19909414862108402,0,100,0.06621928950695016,-0.03206760099178838,0,53.599928855895996
62.704591512680054,1.849046363470624,0.1829236579217672,0.41150019318064307,0.4713572723792757,0.19909414862108402,0,100,0.06441318716977705,-0.03143686075596259,0,53.70004105567932
62.80433893203735,1.8533616420340133,0.1782278273382381,0.41358727067991324,0.4713572723792757,0.19909414862108402,0,100,0.06263626273608504,-0.02882188122599924,0,53.79978847503662
62.90486478805542,1.857587394444879,0.17358687002548903,0.4160529251522468,0.4713572723792757,0.19909414862108402,0,100,0.06095423660552735,-0.02726712544772328,0,53.90031433105469
63.00430965423584,1.8616875079769455,0.16904913594266055,0.4182541678051782,0.4713572723792757,0.19909414862108402,0,100,0.05931823737671679,-0.02600383132002306,0,53.99975919723511
63.10427737236023,1.8656690662840252,0.16460837033117093,0.4202388631285573,0.4713572723792757,0.19909414862108402,0,100,0.05767858879473691,-0.024691429825559753,0,54.0997269153595
63.204384326934814,1.8695682354580492,0.16024020404837355,0.42223287706394275,0.4713572723792757,0.19909414862108402,0,100,0.056110408318318615,-0.024123548739078987,0,54.19983386993408
63.30448293685913,1.8732108098873828,0.14605023070229145,0.41981181791149746,0.4713572723792757,0.19909414862108402,0,100,0.05458048004608673,-0.0225471744095183,0,54.2999324798584
63.405338287353516,1.8768768781221021,0.1418983371958297,0.42170383692149493,0.4713572723792757,0.19909414862108402,0,100,0.05106030887745334,-0.004926371142938964,0,54.40078783035278
63.50477647781372,1.8803007257564812,0.1380024539762762,0.4234619891072216,0.4713572723792757,0.19909414862108402,0,100,0.04961544285723034,-0.0034981133638462003,0,54.50022602081299
63.60409235954285,1.8836423458652722,0.1341992834233174,0.42511480702705534,0.5040217715520594,0.1487461588695211,0,100,0.04823561396379959,-0.003500295358766858,0,54.599541902542114
63.704357385635376,1.8868504893451863,0.13053610101318114,0.4268997110593294,0.5040217715520594,0.1487461588695211,0,100,0.04690896886563487,-0.0027896207986150548,0,54.699806928634644
63.804503440856934,1.8900123838932985,0.12692375336185496,0.42842234819207675,0.5040217715520594,0.1487461588695211,0,100,0.04561312938441186,-0.002629814359596903,0,54.7999529838562
63.9042444229126,1.8930366102959963,0.1234615034003001,0.4302897720947164,0.5040217715520594,0.1487461588695211,0,100,0.04435476343190995,-0.002307878463780981,0,54.899693965911865
64.00447821617126,1.89600508603213,0.12005742733971789,0.4315886372418542,0.5040217715520594,0.1487461588695211,0,100,0.0431408858190716,-0.0015399880744020138,0,54.99992775917053
64.10419821739197,1.8988755235995738,0.11676834375272231,0.4332825866314009,0.5040217715520594,0.1487461588695211,0,100,0.04200155946646079,-0.002248256701129592,0,55.099647760391235
64.20454049110413,1.9016725012339286,0.11355212101656512,0.43496768555741716,0.5040217715520594,0.1487461588695211,0,100,0.04079240701937884,-0.0009441620421319752,0,55.199990034103394
64.30474066734314,1.904393426070655,0.11042635288305773,0.43644691302318367,0.5040217715520594,0.1487461588695211,0,100,0.02545531348856174,0.07404331716522314,0,55.30019021034241
64.40443968772888,1.90629191742849,0.10824716391893144,0.43658147103772144,0.5040217715520594,0.1487461588695211,0,100,0.0,0.19404331716522313,0,55.39988923072815
64.50434017181396,1.9070111385103834,0.10744067864602654,0.4339849147977671,0.5040217715520594,0.1487461588695211,0,100,0.0,0.3140433171652231,0,55.49978971481323
64.60429167747498,1.9069448481615316,0.10751456708537331,0.42952233310324006,0.5366863156454252,0.0983981691179582,0,100,0.0,0.32,0,55.59974122047424
64.70439529418945,1.907021633610685,0.10743513678250682,0.4267252713515567,0.5366863156454252,0.0983981691179582,0,100,0.0,0.32,0,55.69984483718872
64.80452680587769,1.90696160299236,0.10749175730903929,0.4226199495064972,0.5366863156454252,0.0983981691179582,0,100,0.0,0.32,0,55.79997634887695
64.90445566177368,1.906952299719935,0.10749805154334593,0.41856938192004395,0.5366863156454252,0.0983981691179582,0,100,0.0,0.32,0,55.89990520477295
65.00450801849365,1.9071294966715326,0.10734176100716074,0.41604422795969564,0.5366863156454252,0.0983981691179582,0,100,0.0,0.32,0,55.99995756149292
65.10429263114929,1.9072221828021128,0.10726422604091553,0.41295240837401925,0.5366863156454252,0.0983981691179582,0,100,0.0,0.32,0,56.09974217414856
65.20442819595337,1.9071856322634075,0.10729091699285101,0.40927031425568944,0.5366863156454252,0.0983981691179582,0,100,0.0,0.32,0,56.19987773895264
65.30448865890503,1.9072175789118282,0.10726579804930465,0.40738498644041604,0.5366863156454252,0.0983981691179582,0,100,0.0,0.32,0,56.2999382019043
65.40436124801636,1.907203569783202,0.10727452972720121,0.405128031939438,0.5366863156454252,0.0983981691179582,0,100,0.0,0.32,0,56.399810791015625
65.50428366661072,1.9071096930967848,0.10733509246657855,0.40183132388690684,0.5366863156454252,0.0983981691179582,0,100,0.0,0.32,0,56.499733209609985
65.60427570343018,1.9072366590383114,0.1072536505129647,0.4002698606697991,0.5366863156454252,0.0983981691179582,0,100,0.0,0.32,0,56.59972524642944
65.70430994033813,1.9072166002550175,0.1072652568681685,0.3985557383606355,0.5366863156454252,0.0983981691179582,0,100,0.0,0.32,0,56.6997594833374
65.8043143749237,1.9071586830860325,0.10729580849008344,0.39642925819383373,0.5366863156454252,0.0983981691179582,0,100,0.0,0.32,0,56.799763917922974
65.9044041633606,1.9071402286395305,0.10730377201876913,0.3948234338475298,0.5366863156454252,0.0983981691179582,0,100,0.0,0.32,0,56.89985370635986
66.0046067237854,1.9071490076263187,0.1072983831032619,0.3936668809010325,0.5366863156454252,0.0983981691179582,0,100,0.0,0.32,0,57.00005626678467
66.10448384284973,1.9071424350474822,0.10730042611869159,0.39254581155586976,0.5366863156454252,0.0983981691179582,0,100,0.0,0.32,0,57.099933385849
66.20451164245605,1.9071646718396191,0.10729003958444734,0.3917782524299736,0.5366863156454252,0.0983981691179582,0,100,0.0,0.32,0,57.19996118545532
66.30416131019592,1.9071389747427863,0.10729987660466773,0.3911810715732686,0.5366863156454252,0.0983981691179582,0,100,0.0,0.32,0,57.29961085319519
66.40471315383911,1.9072531411029914,0.10725711536885268,0.3908429595218008,0.5366863156454252,0.0983981691179582,0,100,0.0,0.32,0,57.40016269683838
66.50440073013306,1.9072396273025527,0.10726175514595926,0.39060824884132894,0.5366863156454252,0.0983981691179582,0,100,0.0,0.32,0,57.499850273132324
66.60436630249023,1.9071574423247077,0.10728568032036409,0.39049731264113713,0.5366863156454252,0.0983981691179582,0,100,0.0,0.32,0,57.5998158454895
66.70432353019714,1.9071074521386697,0.1072966889257166,0.3908974108210876,0.5366863156454252,0.0983981691179582,0,100,0.0,0.32,0,57.69977307319641
66.80428218841553,1.9070914153007863,0.10729914762397898,0.3918397765249454,0.5366863156454252,0.0983981691179582,0,100,0.0,0.32,0,57.799731731414795
66.9043664932251,1.9070811319741756,0.10730050932410722,0.3934657549672184,0.5366863156454252,0.0983981691179582,0,100,0.0,0.32,0,57.899816036224365
