t,fwd,lat,clear_geo,plan_clear,plan_lat_at_box,lc_box,gc_box,v,w,box_pts,box_age
0.00038242340087890625,0.0,0.0,0.9919996250945959,nan,nan,99,99,0.0,0.0,107,0.00038242340087890625
0.11077570915222168,0.0,0.0,0.9919733124729389,0.14327339154906113,0.3399185100875974,99,99,0.01,-0.029213685454428717,105,0.11077570915222168
0.20172619819641113,0.0002051401755319019,-1.6425697057988372e-07,0.9917583091357256,0.14327339154906113,0.3399185100875974,99,99,0.03,-0.02903720048037273,113,0.20172619819641113
0.300048828125,0.0019286025475100269,-6.726966001951476e-06,0.9899292865574536,0.14327339154906113,0.3399185100875974,99,99,0.05,-0.025860412975331367,127,0.300048828125
0.40588808059692383,0.004405109424018933,-2.2585474797979848e-05,0.9873992403502005,0.14327339154906113,0.3399185100875974,99,99,0.07,-0.02525461819049638,137,0.40588808059692383
0.5009465217590332,0.011577393091755836,-8.717893262231318e-05,0.9819999999999998,0.14736917672639757,0.3399185100875974,99,99,0.08,-0.024834948753721733,139,0.0
0.6285202503204346,0.011577393091755836,-8.717893262231318e-05,0.9819999999999998,0.14736917672639757,0.3399185100875974,99,99,0.08,-0.024834948753721733,139,0.12757372856140137
0.7106647491455078,0.014899791524435805,-0.00012959657598300185,0.9785982314338639,0.14736917672639757,0.3399185100875974,99,99,0.08,-0.024834948753721733,144,0.2097182273864746
0.8008241653442383,0.014899791524435805,-0.00012959657598300185,0.9785982314338639,0.14736917672639757,0.3399185100875974,99,99,0.08,-0.024269575094858133,144,0.2998776435852051
0.9011249542236328,0.04337786376250955,-0.000695503069523082,0.9496076164403282,0.14736917672639757,0.3399185100875974,99,99,0.08,-0.02238792143252157,143,0.4001784324645996
1.0020852088928223,0.04920020335155682,-0.0008626671684217659,0.9480000205039976,0.1456987236531779,0.3399185100875974,99,99,0.08,-0.018866521469296207,149,0.0
1.100226640701294,0.05906023259653969,-0.001179349075516384,0.9377647657179649,0.14525460170393809,0.34173105447719154,99,99,0.08,0.003112716621623872,136,0.09814143180847168
1.2006306648254395,0.06689251092749464,-0.0009990162031221109,0.9296049436075351,0.14525460170393809,0.34173105447719154,99,99,0.08,0.004859765341478998,154,0.1985454559326172
1.300654649734497,0.07472260089125342,-0.001308777670043025,0.9218370615807387,0.14525460170393809,0.34173105447719154,99,99,0.08,0.0045867750536464766,173,0.2985694408416748
1.4015238285064697,0.0825758528702539,-0.001620041415105104,0.9140098457427992,0.14525460170393809,0.34173105447719154,99,99,0.08,0.002451526025476317,171,0.39943861961364746
1.5014586448669434,0.09053060409918227,-0.0019375286079578256,0.9059825703751234,0.14525460170393809,0.34173105447719154,99,99,0.08,-0.0029106152892106937,171,0.4993734359741211
1.6054582595825195,0.0983816371057084,-0.002256211521241605,0.8950500465631488,0.136069070776671,0.34173105447719154,100,100,0.08,-0.008812257908564557,178,0.0
1.7015783786773682,0.10621993724126295,-0.002582160074056644,0.8871474211483947,0.136069070776671,0.34173105447719154,100,100,0.08,-0.013808343883028509,178,0.09612011909484863
1.8000025749206543,0.11412041782266792,-0.0029216408487677888,0.879155996164156,0.136069070776671,0.34173105447719154,100,100,0.08,-0.017677509574103502,178,0.19454431533813477
1.9034948348999023,0.1221662204708704,-0.003280534310392805,0.8708440336232723,0.136069070776671,0.34173105447719154,100,100,0.08,-0.020288972259016318,179,0.2980365753173828
2.000100612640381,0.13005005918148418,-0.003648756806040269,0.8629024857727865,0.136069070776671,0.34173105447719154,100,100,0.08,-0.02469682310222726,180,0.39464235305786133
2.110135793685913,0.1375499146887196,-0.004022838147356602,0.8610000677108762,0.13694397990697724,0.34301786468174433,99,99,0.08,-0.025816229156079118,182,0.0
2.20633602142334,0.14546811542532712,-0.0044379273011575255,0.8527902434362076,0.13694397990697724,0.34301786468174433,99,99,0.08,0.01868830970831465,182,0.09620022773742676
2.304126739501953,0.1480194508035584,-0.0048655075936505695,0.850462844337661,0.13694397990697724,0.34301786468174433,99,99,0.08,0.01320140948537299,108,0.19399094581604004
2.4000566005706787,0.15140628443992282,-0.0052790876193914635,0.8469224750015394,0.13694397990697724,0.34301786468174433,99,99,0.08,0.013959084780256181,26,0.2899208068847656
2.500446319580078,0.15973551758536347,-0.005687949586686119,0.8385399964165083,0.13694397990697724,0.34301786468174433,99,99,0.08,0.006351696792267635,28,0.39031052589416504
2.6003503799438477,0.16726228201586288,-0.0060479879516682706,0.8308956209243537,0.13694397990697724,0.34301786468174433,99,99,0.08,-0.0004913480943751257,8,0.49021458625793457
2.7010486125946045,0.17529093991661465,-0.006429548736501412,0.8120000429153442,0.14997921221262797,0.33974545813423473,99,99,0.08,-0.007521730593550423,200,0.0
2.801412343978882,0.18322899823867292,-0.006809773640835878,0.8040016864983239,0.14997921221262797,0.33974545813423473,99,99,0.08,-0.013923746668874927,199,0.10036373138427734
2.900063991546631,0.19109171434321603,-0.007193943917956814,0.7961102807417999,0.14997921221262797,0.33974545813423473,99,99,0.08,-0.02032759410348312,197,0.19901537895202637
3.0003955364227295,0.19901435676667784,-0.00759569286533623,0.7879740884254889,0.14997921221262797,0.33974545813423473,99,99,0.08,-0.02579694609082918,220,0.299346923828125
3.100861072540283,0.20700269297081741,-0.00801773111761203,0.7796854857500359,0.16484035602931432,0.3566446568633706,99,99,0.08,-0.025403609296019182,228,0.3998124599456787
3.2002246379852295,0.21484659255189315,-0.008457122240038655,0.7717286299197665,0.16484035602931432,0.3566446568633706,99,99,0.08,-0.0331105316676174,228,0.499176025390625
3.301267147064209,0.22257127096024698,-0.008921023592353217,0.7640000648498535,0.16136442633925532,0.3566446568633706,100,100,0.08,-0.02840682313620704,223,0.0
3.401191473007202,0.22880611485185237,-0.00931275174694125,0.7572288001039338,0.16136442633925532,0.3566446568633706,100,100,0.08,-0.026216647449137702,230,0.09992432594299316
3.500365734100342,0.2382964422753748,-0.009669064475699053,0.7471955532451067,0.16136442633925532,0.3566446568633706,100,100,0.08,-0.0267377551389899,224,0.1990985870361328
3.600086212158203,0.2461866574059456,-0.010043665776618785,0.73891538930633,0.16136442633925532,0.3566446568633706,100,99,0.08,-0.025808116639146658,226,0.29881906509399414
3.7013492584228516,0.2542188901298234,-0.010663177091407397,0.7305889268108395,0.16136442633925532,0.3566446568633706,100,99,0.08,-0.02774999140024479,254,0.4000821113586426
3.8010194301605225,0.26215735586537275,-0.011295259611973767,0.7222500462760111,0.16136442633925532,0.3566446568633706,100,99,0.08,-0.036160428831632646,246,0.4997522830963135
3.9000377655029297,0.26984678028874276,-0.011939146669088145,0.7140000529289243,0.15967076466099686,0.3566446568633706,100,99,0.08,-0.043605298956004575,240,0.0
4.000220060348511,0.277456312677644,-0.012609168582850877,0.7056355094621785,0.15967076466099686,0.3566446568633706,100,99,0.08,0.007866481751031239,239,0.10018229484558105
4.099996566772461,0.2851235699078482,-0.013308393562380246,0.6978044131066409,0.15967076466099686,0.3566446568633706,100,99,0.08,0.07571218045217414,245,0.19995880126953125
4.2005393505096436,0.2924828965865261,-0.013964922729423285,0.6912579557509532,0.13481356393557034,0.33199480296397016,100,99,0.08,0.06851997643380422,245,0.30050158500671387
4.3001792430877686,0.2994286716153207,-0.014528854878400894,0.6838917616712095,0.13481356393557034,0.33199480296397016,100,99,0.08,0.06145881983356821,263,0.40014147758483887
4.400223016738892,0.3066689490670566,-0.015069012315891531,0.474000013589859,0.05570349085844023,0.2886674914104121,99,99,0.08,0.054848891440004335,2,0.0
4.500869512557983,0.3136052544462082,-0.015546183349441718,0.4668764821321816,0.05570349085844023,0.2886674914104121,99,99,0.08,0.08520350974815927,0,0.1006464958190918
4.600889682769775,0.321167087743508,-0.016020194721119027,0.4586980518429198,0.05570349085844023,0.2886674914104121,99,99,0.08,0.12337783545700552,0,0.2006666660308838
4.700369834899902,0.3274495096543942,-0.0163666115669161,0.451692321119885,0.05570349085844023,0.2886674914104121,99,99,0.08,0.15399191489336653,0,0.30014681816101074
4.800928354263306,0.327867410933395,-0.010290002114083941,0.45040804243594024,0.05570349085844023,0.2886674914104121,99,99,0.08,0.14883259992752343,0,0.40070533752441406
4.901182651519775,0.3298617666033484,-0.006361440318346991,0.6440000600814818,0.11377586026053674,0.33199480296397016,100,100,0.08,0.12391686952356416,302,0.0
5.000019073486328,0.3361318268228141,-0.0064976047532746195,0.6360797483175339,0.11377586026053674,0.33199480296397016,100,100,0.08,0.11120957262430528,300,0.09883642196655273
5.100131034851074,0.34247588206358476,-0.006554904765540046,0.628767345063806,0.11377586026053674,0.33199480296397016,100,100,0.08,0.09697584019389366,304,0.19894838333129883
5.201033115386963,0.3491972689157749,-0.006558031633203035,0.620444324338809,0.11350457830845453,0.331757563567056,100,100,0.08,0.07845511843374917,297,0.2998504638671875
5.301952123641968,0.35601786543047304,-0.006483930885046179,0.6125471267335314,0.11350457830845453,0.331757563567056,100,100,0.08,0.08421102224541245,301,0.4007694721221924
5.400920629501343,0.3630588932750017,-0.00636697387581914,0.604064332884261,0.11350457830845453,0.331757563567056,100,100,0.08,0.10939976154126102,316,0.4997379779815674
5.501099109649658,0.3749606483851738,-0.0061867201085798774,0.5990000433921814,0.12081914725616608,0.331757563567056,100,100,0.08,0.13838080653953477,343,0.0
5.603330135345459,0.38625527881577404,-0.00594012334476751,0.585975809814477,0.12081914725616608,0.331757563567056,100,100,0.08,0.17214859884191,347,0.10223102569580078
5.700467586517334,0.39198408148050273,-0.005667203433481103,0.5783940665121445,0.12081914725616608,0.331757563567056,100,100,0.08,0.17037511092199872,355,0.19936847686767578
5.80000638961792,0.3976627074688645,-0.005331297578314345,0.5708096355508692,0.12081914725616608,0.331757563567056,100,100,0.08,0.16803678218054308,354,0.2989072799682617
5.901585340499878,0.4034960565027196,-0.00491863152141786,0.5628618970312327,0.12081914725616608,0.331757563567056,100,100,0.08,0.16621952351355188,379,0.4004862308502197
6.000247478485107,0.4092142685951769,-0.004436669706627959,0.55499666527002,0.12081914725616608,0.331757563567056,100,100,0.08,0.16474353903436864,377,0.4991483688354492
6.100867033004761,0.4148698488564213,-0.0038809696495972334,0.5500000185966489,0.12106401393506969,0.331757563567056,100,100,0.08,0.16464237919927965,392,0.0
6.200117111206055,0.4201401688423988,-0.003300694608616481,0.5426421473283257,0.13037390032464416,0.33687137883195345,99,100,0.08,0.16420515499926527,399,0.09925007820129395
6.301121711730957,0.4208284361137921,-0.0022611896639814994,0.5401370675101891,0.13037390032464416,0.33687137883195345,99,100,0.08,0.1812020296450251,414,0.2002546787261963
6.4003095626831055,0.4219002960823633,-0.0013208757252028648,0.5368086679148592,0.13037390032464416,0.33687137883195345,99,100,0.08,0.16847648214893846,424,0.2994425296783447
6.50044059753418,0.4275323373374533,-0.0004898319773869025,0.5289370271289381,0.13037390032464416,0.33687137883195345,99,100,0.08,0.16718980145394763,446,0.39957356452941895
6.6003007888793945,0.4332098739384394,0.0004412788151333952,0.520972694916809,0.13037390032464416,0.33687137883195345,99,100,0.08,0.1641891513324134,458,0.4994337558746338
6.700968265533447,0.4388357129211056,0.0014540784772967509,0.49400002431869505,0.12747991360021857,0.33687137883195345,100,100,0.08,0.16129725892816688,470,0.0
6.800282001495361,0.4444847548177737,0.0025499767739626178,0.4859952937826756,0.12747991360021857,0.33687137883195345,100,100,0.08,0.16012270402623613,478,0.09931373596191406
6.900646686553955,0.45019203032296407,0.003741172692833573,0.47777867026032117,0.12747991360021857,0.33687137883195345,100,100,0.08,0.1576949333701187,530,0.1996784210205078
7.000282526016235,0.45509335155699304,0.004834121119152289,0.4708356611102209,0.12747991360021857,0.33687137883195345,100,100,0.08,0.1548964805225457,568,0.2993142604827881
7.100180149078369,0.4615449589515252,0.006669857833745547,0.4622510667471981,0.12747991360021857,0.33687137883195345,100,100,0.08,0.1500982928783057,535,0.3992118835449219
7.200631141662598,0.4673337543193114,0.008333160370222862,0.45432450274296005,0.14779050194237223,0.3553865631309343,100,100,0.08,0.14779495961358977,514,0.4996628761291504
7.300313949584961,0.47309069464498626,0.009864365837097707,0.440000034093857,0.12800019075771688,0.3553865631309343,100,100,0.07751762142337089,0.20675057531854052,471,0.0
7.4002909660339355,0.47856591314029706,0.011413730809971098,0.43158113903366113,0.12800019075771688,0.3553865631309343,100,100,0.07865685814240303,0.2285714285714286,443,0.09997701644897461
7.50018048286438,0.483549856968336,0.012922320584137685,0.4236418650998986,0.12800019075771688,0.3553865631309343,100,100,0.08,0.2261875766812095,394,0.19986653327941895
7.600281715393066,0.488439004015707,0.014501217060873426,0.4156061903652268,0.12800019075771688,0.3553865631309343,100,100,0.08,0.21854121839674076,359,0.29996776580810547
7.709932327270508,0.4933324254213891,0.01618732819158045,0.4077529586809373,0.12800019075771688,0.3553865631309343,100,100,0.08,0.21081060681317007,296,0.4096183776855469
7.810359239578247,0.4982371944011602,0.017984352333067694,0.41128483938909827,0.07004128026769421,0.3553865631309343,100,100,0.08,0.20254115344137102,223,0.0
7.900351524353027,0.5031513383634448,0.01989133068835895,0.4031050006127979,0.07004128026769421,0.3553865631309343,100,100,0.08,0.19416097029656626,179,0.08999228477478027
8.000322818756104,0.5081782172623878,0.02193155133744473,0.39565901923557634,0.07004128026769421,0.3553865631309343,100,100,0.08,0.1891804041977736,115,0.18996357917785645
8.10045599937439,0.5132725479683659,0.02410197864969403,0.38751438365247143,0.07004128026769421,0.3553865631309343,100,100,0.08,0.18128526098730943,19,0.2900967597961426
8.200493574142456,0.518364238593691,0.026388497606936078,0.3796439117254819,0.07004128026769421,0.3553865631309343,100,100,0.08,0.17262819535961757,25,0.390134334564209
8.301347970962524,0.5234481013419908,0.028782349147022237,0.3723485282639075,0.07039790098080836,0.35557672635536824,100,100,0.08,0.17942474415475912,0,0.49098873138427734
8.401082038879395,0.5286030162964497,0.03129510863822254,0.3649910037258518,0.07039790098080836,0.35557672635536824,100,100,0.08,0.17418191953350423,0,0.5907227993011475
8.501071453094482,0.5334633143534228,0.03376567076493522,0.3578815143399388,0.07039790098080836,0.35557672635536824,100,100,0.08,0.16409304179983783,0,0.6907122135162354
8.61098837852478,0.5388053852361886,0.036599416346339717,0.3505398995537402,0.07039790098080836,0.35557672635536824,100,100,0.08,0.1544159713029672,0,0.8006291389465332
8.700961828231812,0.5436625436223931,0.03926508809810444,0.34435896893963813,0.07039790098080836,0.35557672635536824,100,100,0.08,0.14686403693251293,0,0.8906025886535645
8.800187349319458,0.5489160132445665,0.04223508050227069,0.3375624530995568,0.07039790098080836,0.35557672635536824,100,100,0.08,0.1382730981696596,0,0.9898281097412109
8.901804447174072,0.55406083013008,0.04523893574387596,0.331166857462637,0.07039790098080836,0.35557672635536824,100,100,0.08,0.1300921190942776,0,1.0914452075958252
9.00106430053711,0.5662004081009254,0.04814458662535251,0.3180519360517948,0.07039790098080836,0.35557672635536824,100,100,0.08,0.1281214472835095,0,1.1907050609588623
9.100826501846313,0.5749353190558747,0.05130233426715733,0.30841368993451135,0.07039790098080836,0.35557672635536824,100,100,0.08,0.1295788992385049,0,1.2904672622680664
9.200296401977539,0.580190239758014,0.05462089259825978,0.3024049763215142,0.07039790098080836,0.35557672635536824,100,100,0.08,0.12189343293928227,0,1.389937162399292
9.300443649291992,0.5854182098202829,0.05798730874590723,0.29656326093343616,0.06944975413856863,0.3546839259760587,100,100,0.08,0.11523248752241173,0,1.4900844097137451
9.400071859359741,0.5907429391508977,0.06149582612675749,0.2907299346925814,0.06944975413856863,0.3546839259760587,100,100,0.08,0.08917656838544873,0,1.5897126197814941
9.50118374824524,0.5962625095164853,0.0651912261142366,0.28491070554596243,0.06944975413856863,0.3546839259760587,100,100,0.08,0.08503672482792692,0,1.6908245086669922
9.60003662109375,0.6018967442915838,0.06902916650492781,0.2790777284195759,0.06944975413856863,0.3546839259760587,100,100,0.08,0.07842393260378404,0,1.789677381515503
9.700737714767456,0.6075270527100315,0.07292097173935021,0.2733850492900535,0.06944975413856863,0.3546839259760587,100,100,0.08,0.073123898226743,0,1.890378475189209
9.800122022628784,0.6132571239817842,0.07694414680291477,0.26774189887145283,0.06944975413856863,0.3546839259760587,100,100,0.08,0.0659933461509976,0,1.989762783050537
9.900258779525757,0.619030211168268,0.08103904057659062,0.2621713735038696,0.06944975413856863,0.3546839259760587,100,100,0.08,0.0615131504971272,0,2.0898995399475098
10.001447200775146,0.6248474496117006,0.08522998311229164,0.2567646108256779,0.06944975413856863,0.3546839259760587,100,100,0.08,0.05305052855983672,0,2.1910879611968994
10.100414037704468,0.6307219911292151,0.08950775975525592,0.2514410071939864,0.06944975413856863,0.3546839259760587,100,100,0.08,0.04655647199068813,0,2.2900547981262207
10.200908899307251,0.6366669953949596,0.09388569599847957,0.24601671400055555,0.06944975413856863,0.3546839259760587,100,100,0.08,0.03996770303169342,0,2.390549659729004
10.301262855529785,0.6421281513358077,0.09793181391277336,0.24133938644014485,0.050155847228191414,0.33590933779470195,100,100,0.08,0.03262003466265497,0,2.490903615951538
10.400482416152954,0.6488336230806656,0.10292420031192899,0.23567106551851455,0.050155847228191414,0.33590933779470195,100,100,0.05,-0.0006916819408138535,0,2.590123176574707
10.501205682754517,0.6538658961167118,0.10670802569932092,0.23140825105224963,0.050155847228191414,0.33590933779470195,100,100,0.043756906233165596,-0.004239238928967194,0,2.6908464431762695
10.601420164108276,0.6575300318067087,0.10946676850039887,0.22855051874141438,0.050155847228191414,0.33590933779470195,100,100,0.04482149472305417,-0.006360955861029611,0,2.7910609245300293
10.710801839828491,0.6612233444304844,0.11226360619679009,0.22566068360389033,0.050155847228191414,0.33590933779470195,100,100,0.04482149472305417,-0.009771762722758395,0,2.900442600250244
10.800366878509521,0.6649208833815677,0.11506352193415906,0.22274558647420906,0.050155847228191414,0.33590933779470195,100,100,0.04482149472305417,-0.011319289134639567,0,2.9900076389312744
10.90049147605896,0.6686734744585361,0.11791704096410377,0.2199784853075228,0.050155847228191414,0.33590933779470195,100,100,0.04482149472305417,-0.014108204878922339,0,3.090132236480713
11.000546932220459,0.6723223341487032,0.1206888103928301,0.21703910779941593,0.050155847228191414,0.33590933779470195,100,100,0.04482149472305417,-0.015421496523351204,0,3.190187692642212
11.100600957870483,0.6760543218496743,0.12352598872181417,0.2144414713799452,0.050155847228191414,0.33590933779470195,100,100,0.04482149472305417,-0.017651155123380075,0,3.2902417182922363
11.200245380401611,0.6795058444520339,0.12614800449350275,0.2116906998766225,0.050155847228191414,0.33590933779470195,100,100,0.04482149472305417,-0.019145496380959692,0,3.3898861408233643
11.300400972366333,0.6833683870332561,0.12907987048112726,0.20900491714578617,0.050155847228191414,0.33590933779470195,100,100,0.04482149472305417,-0.02124089212883042,0,3.490041732788086
11.400748252868652,0.6870218276102199,0.13184967282021134,0.2061857203685368,0.05020823172376371,0.33620101627149307,100,100,0.04482149472305417,-0.0266933702528124,0,3.5903890132904053
11.500251531600952,0.6905078335973067,0.1344868904751578,0.20382750824487247,0.05020823172376371,0.33620101627149307,100,100,0.04482149472305417,-0.02848635790236068,0,3.689892292022705
11.610036134719849,0.6943415306896568,0.1373778298060346,0.20072801852451944,0.05020823172376371,0.33620101627149307,100,100,0.03949699695360436,-0.026158629451172526,0,3.7996768951416016
11.701425552368164,0.6976481758928738,0.1398541434657541,0.19853171295810912,0.05020823172376371,0.33620101627149307,100,100,0.03949699695360436,-0.026984241756000123,0,3.891066312789917
11.800288677215576,0.7009119505063622,0.14229669594254968,0.19622386008701026,0.05020823172376371,0.33620101627149307,100,100,0.03949699695360436,-0.028618106862051455,0,3.989929437637329
11.901436805725098,0.7041277525855921,0.14468462635396162,0.19369137918013815,0.05020823172376371,0.33620101627149307,100,100,0.03949699695360436,-0.02879939271469196,0,4.091077566146851
12.000389337539673,0.7073903265860308,0.14709795440333304,0.19167512131723558,0.05020823172376371,0.33620101627149307,100,100,0.03949699695360436,-0.030253251448870432,0,4.190030097961426
12.101316213607788,0.7106055083947694,0.14946644371287462,0.18919731941392962,0.05020823172376371,0.33620101627149307,100,100,0.03949699695360436,-0.030940864429321837,0,4.290956974029541
12.20141315460205,0.7138907059161003,0.1518665673953009,0.18690136267751192,0.05020823172376371,0.33620101627149307,100,100,0.03949699695360436,-0.03142919193064225,0,4.391053915023804
12.300309658050537,0.7171547877374382,0.1542431516499154,0.18480509114764568,0.05020823172376371,0.33620101627149307,100,100,0.03949699695360436,-0.032788944712169435,0,4.48995041847229
12.400321960449219,0.7206034455278759,0.1628827822191707,0.18538960098410975,0.041343055194361183,0.3273304575406225,100,100,0.03949699695360436,-0.037770121551735716,0,4.589962720870972
12.500387907028198,0.7239844291980002,0.16855133974307385,0.1846313590661428,0.041343055194361183,0.3273304575406225,100,100,0.04170130544868757,-0.061578264413582974,0,4.690028667449951
12.600366353988647,0.7272837071114011,0.1708950354511493,0.18214048487723666,0.041343055194361183,0.3273304575406225,100,100,0.04170130544868757,-0.061605467235667045,0,4.7900071144104
12.700042963027954,0.7307258750803063,0.17329931432808768,0.1789956498580008,0.041343055194361183,0.3273304575406225,100,100,0.04170130544868757,-0.06042645914426674,0,4.889683723449707
12.800226926803589,0.7341477162295514,0.17564042955953085,0.17589252253695412,0.041343055194361183,0.3273304575406225,100,100,0.04170130544868757,-0.05888270427788124,0,4.989867687225342
12.910276889801025,0.7376392387038758,0.1779917090785671,0.1732613048833776,0.041343055194361183,0.3273304575406225,100,100,0.04170130544868757,-0.05856715260350393,0,5.099917650222778
13.000442504882812,0.7410854303312412,0.1802798325041983,0.1702573729195339,0.041343055194361183,0.3273304575406225,100,100,0.04170130544868757,-0.057882899523822105,0,5.190083265304565
13.101272583007812,0.7446008915651202,0.18257315097920382,0.16743008259448594,0.041343055194361183,0.3273304575406225,100,100,0.036943350063613815,-0.050584513178505014,0,5.290913343429565
13.201293706893921,0.7478979724900141,0.1846854326823911,0.16468143129002835,0.041343055194361183,0.3273304575406225,100,100,0.036943350063613815,-0.04960182975284815,0,5.390934467315674
13.301031827926636,0.7510665236337931,0.18669421968618768,0.16286356352898984,0.041343055194361183,0.3273304575406225,100,100,0.036943350063613815,-0.049858341883354695,0,5.490672588348389
13.401346206665039,0.7541571409563432,0.18862629501744643,0.1597981751585898,0.04156551505405806,0.32588166021706094,100,100,0.036943350063613815,-0.04894068885239959,0,5.590986967086792
13.500234127044678,0.7571808830720782,0.19047945906577915,0.15728579824535088,0.04156551505405806,0.32588166021706094,100,100,0.036943350063613815,-0.04764667747415093,0,5.689874887466431
13.600524425506592,0.7604494838906471,0.1924518110851759,0.15473775088966157,0.04156551505405806,0.32588166021706094,100,100,0.036943350063613815,-0.04704710977403246,0,5.790165185928345
13.70125412940979,0.7639162049381328,0.20395184549683615,0.15938000997172555,0.04156551505405806,0.32588166021706094,100,100,0.036943350063613815,-0.05882445502539582,0,5.890894889831543
13.800609588623047,0.767081900720301,0.20581969603107117,0.1564754919458414,0.04156551505405806,0.32588166021706094,100,100,0.036943350063613815,-0.05744448016268753,0,5.9902503490448
13.90084981918335,0.7703123252535984,0.20768496307895964,0.15348392549554818,0.04156551505405806,0.32588166021706094,100,100,0.036943350063613815,-0.0559353685295844,0,6.0904905796051025
14.000881910324097,0.7734956758077062,0.20948498564037837,0.15094652209117834,0.04156551505405806,0.32588166021706094,100,100,0.036943350063613815,-0.05480942411057852,0,6.19052267074585
14.100582361221313,0.7767454062676798,0.21129631324148795,0.14891509606423153,0.04156551505405806,0.32588166021706094,100,100,0.036943350063613815,-0.05444737956958218,0,6.290223121643066
14.20115065574646,0.780019387385411,0.21308237766918967,0.14571318484357526,0.04156551505405806,0.32588166021706094,100,100,0.036943350063613815,-0.052605310981793746,0,6.390791416168213
14.300225973129272,0.7832925387723206,0.2148297680078472,0.14293501760922536,0.04156551505405806,0.32588166021706094,100,100,0.036943350063613815,-0.05138268014774589,0,6.489866733551025
14.40132451057434,0.7865730366519722,0.2165437868434592,0.1405108995290939,0.04156551505405806,0.32588166021706094,100,100,0.036943350063613815,-0.04998898443874853,0,6.590965270996094
14.500515699386597,0.7896676479444301,0.21813860455848832,0.13871718353267024,0.04127837755174035,0.3255680434498374,100,100,0.036943350063613815,-0.050343696243495877,0,6.69015645980835
14.601241111755371,0.7931855614013837,0.21992166963829052,0.1358777850579102,0.04127837755174035,0.3255680434498374,100,100,0.036943350063613815,-0.049127559473445395,0,6.790881872177124
14.701650142669678,0.796269912649676,0.22145089383239927,0.13337756081705135,0.04127837755174035,0.3255680434498374,100,100,0.03223810557123549,-0.041717134452583036,0,6.891290903091431
14.800347089767456,0.7992687578009963,0.22291066815430363,0.13130404676903845,0.04127837755174035,0.3255680434498374,100,100,0.03223810557123549,-0.04093484129936773,0,6.989987850189209
14.900630950927734,0.7957194937698462,0.23086191138624568,0.13837579722489013,0.04127837755174035,0.3255680434498374,100,100,0.03223810557123549,-0.0440709559378538,0,7.090271711349487
15.000221967697144,0.7948831079082711,0.23613234251106746,0.14123365048679365,0.04127837755174035,0.3255680434498374,100,100,0.03223810557123549,-0.05147107015751154,0,7.1898627281188965
15.101255893707275,0.7978742499458666,0.23750673787101514,0.13856797434837656,0.04127837755174035,0.3255680434498374,100,100,0.0358293959008042,-0.055610002034389885,0,7.290896654129028
15.200181245803833,0.801106102944354,0.23895349060937293,0.13577858145263516,0.04127837755174035,0.3255680434498374,100,100,0.0358293959008042,-0.05359020023109081,0,7.389822006225586
15.300379991531372,0.8044286613225874,0.2404085503868199,0.1335015901415328,0.04127837755174035,0.3255680434498374,100,100,0.0358293959008042,-0.052419340144106104,0,7.490020751953125
15.400832891464233,0.8077066586691661,0.24182107791133817,0.13131674337960383,0.04127837755174035,0.3255680434498374,100,100,0.0358293959008042,-0.05189362985333413,0,7.590473651885986
15.500424861907959,0.8110473013797966,0.24322488111149493,0.12841257031530512,0.03965889780297549,0.32600799442685136,100,100,0.0358293959008042,-0.04968191433225492,0,7.690065622329712
15.600017309188843,0.8142760504638282,0.24454605358035378,0.1257055652811508,0.03965889780297549,0.32600799442685136,100,100,0.0358293959008042,-0.058364369093459226,0,7.789658069610596
15.70041036605835,0.817615512014182,0.24588108278743787,0.12350657279088964,0.03965889780297549,0.32600799442685136,100,100,0.0358293959008042,-0.056724678464714316,0,7.8900511264801025
15.800269603729248,0.8207718576925243,0.2471191053450424,0.1215859457820246,0.03965889780297549,0.32600799442685136,100,100,0.0358293959008042,-0.055627283657369714,0,7.989910364151001
15.900383949279785,0.8243298083877195,0.24848503050132822,0.11885563096932973,0.03965889780297549,0.32600799442685136,100,100,0.0358293959008042,-0.05388972961449912,0,8.090024709701538
16.001081943511963,0.8276659647011024,0.2497292369932036,0.1162145989397632,0.03965889780297549,0.32600799442685136,100,100,0.0358293959008042,-0.05198910796896492,0,8.190722703933716
16.100549697875977,0.8309904628099374,0.25094068771079503,0.11413546457019602,0.03965889780297549,0.32600799442685136,100,100,0.0358293959008042,-0.05048614570144731,0,8.29019045829773
16.20065212249756,0.8343909223239369,0.25215349853905494,0.11196989849286791,0.03965889780297549,0.32600799442685136,100,100,0.03223810557123549,-0.04406399353676774,0,8.390292882919312
16.300597667694092,0.8479791139795343,0.2623814316643538,0.11538736834516308,0.03965889780297549,0.32600799442685136,100,100,0.03223810557123549,-0.05150463165472009,0,8.490238428115845
16.40165638923645,0.8510940809819761,0.26346530936107393,0.11322599776482818,0.03965889780297549,0.32600799442685136,100,100,0.03223810557123549,-0.04983798072549833,0,8.591297149658203
16.500158309936523,0.8541284881035145,0.2644954858301325,0.11147600507311176,0.041672388642707336,0.3262735136238048,100,100,0.03223810557123549,-0.04845100260490581,0,8.689799070358276
16.601248502731323,0.8572197375714871,0.26552320113117167,0.10993595387925686,0.041672388642707336,0.3262735136238048,100,100,0.03223810557123549,-0.038812630528621515,0,8.790889263153076
16.701057195663452,0.8602910360710525,0.2665278339503682,0.10875011824090425,0.041672388642707336,0.3262735136238048,100,100,0.03223810557123549,-0.03829596934099485,0,8.890697956085205
16.80197024345398,0.8633586175702058,0.2675137981308321,0.10717132854966878,0.041672388642707336,0.3262735136238048,100,100,0.03223810557123549,-0.03736728963144526,0,8.991611003875732
16.900101900100708,0.8665108067126419,0.26850441420144117,0.10529742423335578,0.041672388642707336,0.3262735136238048,100,100,0.03223810557123549,-0.0360416127839182,0,9.089742660522461
17.00243878364563,0.8695304091594597,0.26943174290029126,0.10387446527725391,0.041672388642707336,0.3262735136238048,100,100,0.03223810557123549,-0.034925886478167203,0,9.192079544067383
17.100507497787476,0.8726746532062266,0.2703846635567476,0.10275586205091014,0.041672388642707336,0.3262735136238048,100,100,0.03223810557123549,-0.034568184411495076,0,9.290148258209229
17.200813055038452,0.875807662206136,0.2713166636860652,0.10090713764648725,0.041672388642707336,0.3262735136238048,100,100,0.03223810557123549,-0.033611463730613356,0,9.390453815460205
17.30063557624817,0.8788457335481983,0.27219906311763703,0.099549500990941,0.041672388642707336,0.3262735136238048,100,100,0.03223810557123549,-0.03241481392262333,0,9.490276336669922
17.402734518051147,0.8820021039582845,0.273098309722876,0.09766693808233078,0.041672388642707336,0.3262735136238048,100,100,0.03223810557123549,-0.03137097774688137,0,9.5923752784729
17.501097202301025,0.8849090409419454,0.2739104622171421,0.09700690929745756,0.041672388642707336,0.3262735136238048,100,100,0.03223810557123549,-0.0306376031287104,0,9.690737962722778
17.600303649902344,0.8882174909476653,0.27482499526303583,0.09540246490498239,0.03813426157553754,0.32227834716760645,100,100,0.03223810557123549,-0.03732184720738647,0,9.789944410324097
17.701022148132324,0.8809380365075813,0.2865775756740942,0.10591472004779326,0.03813426157553754,0.32227834716760645,100,100,0.03223810557123549,-0.047038100131899935,0,9.890662908554077
17.800425052642822,0.8841228292183455,0.28739295369805945,0.10427455885285553,0.03813426157553754,0.32227834716760645,100,100,0.03,-0.04283003402721429,0,9.990065813064575
17.901060342788696,0.8870614644581623,0.2881260573322096,0.1024524213338257,0.03813426157553754,0.32227834716760645,100,100,0.03,-0.04147433053212758,0,10.09070110321045
18.00036072731018,0.8899979692339165,0.2888391957473828,0.10086367181109933,0.03813426157553754,0.32227834716760645,100,100,0.03,-0.04015689374811413,0,10.190001487731934
18.100763082504272,0.892910726910925,0.28953033513278026,0.09907615530204023,0.03813426157553754,0.32227834716760645,100,100,0.03,-0.03907524015220924,0,10.290403842926025
18.2036771774292,0.8958838204418171,0.290214358860448,0.09692897561509801,0.03813426157553754,0.32227834716760645,100,100,0.03,-0.03761902029639049,0,10.393317937850952
18.30063772201538,0.8987115137090638,0.2908438172715534,0.09505734794557738,0.03813426157553754,0.32227834716760645,100,100,0.03,-0.03607715072763137,0,10.490278482437134
18.400829315185547,0.9015686061676809,0.2914627619887518,0.09381333633172188,0.03813426157553754,0.32227834716760645,100,100,0.03,-0.03490211598780434,0,10.5904700756073
18.501941204071045,0.9045642246740151,0.29210456456286493,0.09274754983179936,0.03813426157553754,0.32227834716760645,100,100,0.03,-0.03453916940696731,0,10.691581964492798
18.600594758987427,0.9073731316642738,0.292690946833661,0.09088631603394991,0.03540008587176985,0.3194673464062572,100,100,0.03,-0.039441562459024394,0,10.79023551940918
18.701332092285156,0.9102664513221675,0.29327790858591074,0.08945865085955548,0.03540008587176985,0.3194673464062572,100,100,0.03,-0.038086850656868856,0,10.89097285270691
18.80038857460022,0.9131803397191326,0.2938566600249424,0.08767195382719054,0.03540008587176985,0.3194673464062572,100,100,0.03,-0.03722246119864484,0,10.990029335021973
18.901161432266235,0.9159978805615064,0.2943975205704842,0.08636299659718415,0.03540008587176985,0.3194673464062572,100,100,0.03,-0.03556494354402028,0,11.090802192687988
19.0008864402771,0.9190428440349364,0.2949745233825419,0.084921296471494,0.03540008587176985,0.3194673464062572,100,100,0.03,-0.035576811308056774,0,11.190527200698853
19.101227283477783,0.9220044185938784,0.29551835871778265,0.08294759852166292,0.03540008587176985,0.3194673464062572,100,100,0.03,-0.03376066981371021,0,11.290868043899536
19.200419664382935,0.9148131320812352,0.2865013641492995,0.07519346609386582,0.03540008587176985,0.3194673464062572,100,100,0.015,0.0,0,11.390060424804688
19.30090093612671,0.9175262137652807,0.2869608841851482,0.07432331227980375,0.03540008587176985,0.3194673464062572,100,100,0.0,0.0,0,11.490541696548462
19.400526523590088,0.9175809229698633,0.28696616564674526,0.07432687110641623,0.03540008587176985,0.3194673464062572,100,100,0.0,0.0,0,11.59016728401184
19.501885652542114,0.9175765284601753,0.28696552234799283,0.07433028608799168,0.03540008587176985,0.3194673464062572,100,100,0.0,0.0,0,11.691526412963867
19.60068964958191,0.9175827065821812,0.2869668351338549,0.07433695034091352,0.03538165210036276,0.31940957015427707,100,100,0.0,0.0,0,11.790330410003662
19.70123815536499,0.9175752548862751,0.2869657854210159,0.0740674914030535,0.03538165210036276,0.31940957015427707,100,100,0.02,-0.031184597555154413,0,11.890878915786743
19.80093264579773,0.9184584992750086,0.28711392905916977,0.07296916047401722,0.03538165210036276,0.31940957015427707,100,100,0.03997748211379173,-0.030788754100268306,0,11.990573406219482
19.90017342567444,0.9210504426619762,0.28753632275902735,0.07198421029154314,0.03538165210036276,0.31940957015427707,100,100,0.03997748211379173,-0.02902681548896946,0,12.089814186096191
20.0007426738739,0.924654961289708,0.2881096593229382,0.07019289617524611,0.03538165210036276,0.31940957015427707,100,100,0.03,-0.02140968531262326,0,12.190383434295654
20.1016263961792,0.9275339566830761,0.28855719471078056,0.06927593192537498,0.03538165210036276,0.31940957015427707,100,100,0.03,-0.020122209714260025,0,12.291267156600952
20.20054316520691,0.9301175983323463,0.28895163097869336,0.06806131577980598,0.03538165210036276,0.31940957015427707,100,100,0.03,-0.0195894903705682,0,12.390183925628662
20.300087928771973,0.9328516727855548,0.2893650378853463,0.06723582912623585,0.03538165210036276,0.31940957015427707,100,100,0.03,-0.018769392917094195,0,12.489728689193726
20.40013313293457,0.935756471094702,0.28979927603522604,0.0662329666528001,0.03538165210036276,0.31940957015427707,100,100,0.03,-0.01837543622522068,0,12.589773893356323
20.501035690307617,0.9385130799166971,0.2902034837968587,0.06492744755492322,0.03538165210036276,0.31940957015427707,100,100,0.03,-0.01785791703450987,0,12.69067645072937
20.60138249397278,0.9412676300335655,0.2905998655307012,0.06385064170067682,0.0353540197484733,0.31932098126899844,100,100,0.03,-0.016962006650014,0,12.791023254394531
20.70014452934265,0.9441542778852646,0.29100986925450467,0.06307709042673254,0.0353540197484733,0.31932098126899844,100,100,0.03,-0.016277958830501708,0,12.889785289764404
20.800781965255737,0.947064054007089,0.29142088578795466,0.062018432603101484,0.0353540197484733,0.31932098126899844,100,100,0.03,-0.016071018943110135,0,12.99042272567749
20.901747703552246,0.9497529451825046,0.2917928455487103,0.060860642877172036,0.0353540197484733,0.31932098126899844,100,100,0.03,-0.01542005057538507,0,13.091388463973999
21.00013041496277,0.952797457857497,0.2922069097580704,0.0595404956156998,0.0353540197484733,0.31932098126899844,100,100,0.03,-0.01471674686899695,0,13.189771175384521
21.100594758987427,0.952797457857497,0.2922069097580704,0.0595404956156998,0.0353540197484733,0.31932098126899844,99,100,0.03,-0.01383687963925978,0,13.29023551940918
21.200672149658203,0.952797457857497,0.2922069097580704,0.0595404956156998,0.0353540197484733,0.31932098126899844,99,100,0.03,-0.013665516230518397,0,13.390312910079956
21.301479816436768,0.952797457857497,0.2922069097580704,0.0595404956156998,0.0353540197484733,0.31932098126899844,99,100,0.03,-0.004169564015512977,0,13.49112057685852
21.40053677558899,0.952797457857497,0.2922069097580704,0.0595404956156998,0.0353540197484733,0.31932098126899844,99,100,0.03,-0.0037144619170810028,0,13.590177536010742
21.50126338005066,0.952797457857497,0.2922069097580704,0.0595404956156998,0.0353540197484733,0.31932098126899844,99,100,0.03,-0.0031659519620894725,0,13.690904140472412
21.600351810455322,0.952797457857497,0.2922069097580704,0.0595404956156998,0.0353540197484733,0.31932098126899844,99,100,0.03,-0.0028766754782138795,0,13.789992570877075
21.700905561447144,0.952797457857497,0.2922069097580704,0.0595404956156998,0.029703511117871756,0.3131895513735112,99,100,0.0,0.0,0,13.890546321868896
21.80014944076538,0.952797457857497,0.2922069097580704,0.0595404956156998,0.029703511117871756,0.3131895513735112,99,100,0.02,-0.00987680644225838,0,13.989790201187134
21.900405168533325,0.952797457857497,0.2922069097580704,0.0595404956156998,0.029703511117871756,0.3131895513735112,99,100,0.03431532680908837,-0.009411932928617393,0,14.090045928955078
22.000646352767944,0.952797457857497,0.2922069097580704,0.0595404956156998,0.029703511117871756,0.3131895513735112,99,100,0.03431532680908837,-0.00883698870246272,0,14.190287113189697
22.100329160690308,0.952797457857497,0.2922069097580704,0.0595404956156998,0.029703511117871756,0.3131895513735112,99,100,0.03431532680908837,-0.0084949724738454,0,14.28996992111206
22.200825452804565,0.952797457857497,0.2922069097580704,0.0595404956156998,0.029703511117871756,0.3131895513735112,99,100,0.03431532680908837,-0.007816920097222107,0,14.390466213226318
22.30056071281433,0.952797457857497,0.2922069097580704,0.0595404956156998,0.029703511117871756,0.3131895513735112,99,100,0.03431532680908837,-0.007418385877953779,0,14.490201473236084
22.411171913146973,0.952797457857497,0.2922069097580704,0.0595404956156998,0.029703511117871756,0.3131895513735112,99,100,0.03431532680908837,-0.006780260935882488,0,14.600812673568726
22.501195192337036,0.952797457857497,0.2922069097580704,0.0595404956156998,0.029703511117871756,0.3131895513735112,99,100,0.03431532680908837,-0.006128877386901257,0,14.690835952758789
22.601394653320312,0.952797457857497,0.2922069097580704,0.0595404956156998,0.029703511117871756,0.3131895513735112,99,100,0.03431532680908837,-0.0058119655886886695,0,14.791035413742065
22.701648235321045,0.952797457857497,0.2922069097580704,0.0595404956156998,0.029388471017019746,0.3162633860986929,99,100,0.03431532680908837,-0.005203458979193322,0,14.891288995742798
22.801422595977783,0.952797457857497,0.2922069097580704,0.0595404956156998,0.029388471017019746,0.3162633860986929,99,100,0.03431532680908837,-0.005300128172132973,0,14.991063356399536
22.901591062545776,0.952797457857497,0.2922069097580704,0.0595404956156998,0.029388471017019746,0.3162633860986929,99,100,0.03431532680908837,-0.004971839124593413,0,15.09123182296753
23.000946283340454,0.952797457857497,0.2922069097580704,0.0595404956156998,0.029388471017019746,0.3162633860986929,99,100,0.03431532680908837,-0.004059637066321533,0,15.190587043762207
23.10154700279236,0.952797457857497,0.2922069097580704,0.0595404956156998,0.029388471017019746,0.3162633860986929,99,100,0.03431532680908837,-0.003989732217382434,0,15.291187763214111
23.20025873184204,0.9845618208651504,0.28813824547227757,0.0396288390486835,0.029388471017019746,0.3162633860986929,99,100,0.03431532680908837,-0.003761069787729546,0,15.389899492263794
23.300957441329956,1.0095445315703873,0.29079749505329267,0.03247362253183344,0.029388471017019746,0.3162633860986929,99,100,0.03431532680908837,-0.003152522448003241,0,15.490598201751709
23.400351762771606,1.012912424489154,0.2911500581555783,0.032331028347728184,0.029388471017019746,0.3162633860986929,99,100,0.03431532680908837,-0.002959273570340518,0,15.58999252319336
23.50120186805725,1.0162088949932222,0.291494885786113,0.031984418238281104,0.029388471017019746,0.3162633860986929,99,100,0.03285114211045041,-0.0027555605356633208,0,15.690842628479004
23.60060477256775,1.019417811823767,0.2918249857711021,0.03160978523894373,0.029388471017019746,0.3162633860986929,99,100,0.03285114211045041,-0.002062764097544743,0,15.790245532989502
23.700565576553345,1.0226696784081641,0.29215805101845305,0.031719344683026174,0.022537357534506502,0.3096560182918889,99,100,0.03285114211045041,-0.0016472601588266658,0,15.890206336975098
23.80021071434021,1.0257092856270749,0.292469871002439,0.0315363717602721,0.022537357534506502,0.3096560182918889,99,100,0.03285114211045041,-0.008182191749056182,0,15.989851474761963
23.900885820388794,1.0290200929816646,0.29280377902334204,0.031064465074026743,0.022537357534506502,0.3096560182918889,99,100,0.03285114211045041,-0.007455203412421882,0,16.090526580810547
24.000196933746338,1.0323023752055493,0.29313140397722603,0.031161321777099016,0.022537357534506502,0.3096560182918889,99,100,0.03285114211045041,-0.006785605749563602,0,16.18983769416809
24.100508213043213,1.0355594507753716,0.29345668086553844,0.03085432145609815,0.022537357534506502,0.3096560182918889,99,100,0.03285114211045041,-0.006654125746559888,0,16.290148973464966
24.200173139572144,1.038575841811295,0.2937515497600924,0.030347268461450694,0.022537357534506502,0.3096560182918889,99,100,0.03285114211045041,-0.005849747024856424,0,16.389813899993896
24.300412893295288,1.0418151661040964,0.2940617704290896,0.03014649523557969,0.022537357534506502,0.3096560182918889,99,100,0.03285114211045041,-0.004975353403070555,0,16.49005365371704
24.400493621826172,1.0450323563875419,0.29487352156531577,0.029922014169778716,0.022537357534506502,0.3096560182918889,99,100,0.03285114211045041,-0.0044931107866906786,0,16.590134382247925
24.501710653305054,1.0482380681931212,0.2951658299625472,0.029398917710418276,0.022537357534506502,0.3096560182918889,99,100,0.03285114211045041,-0.003811398597883026,0,16.691351413726807
24.600247144699097,1.051480238289728,0.29545647866980607,0.029275258350895533,0.022537357534506502,0.3096560182918889,99,100,0.03285114211045041,-0.0031226681025980905,0,16.78988790512085
24.705512523651123,1.0547592688922731,0.2957529217296365,0.029537023961846876,0.022537357534506502,0.3096560182918889,99,100,0.03285114211045041,-0.00307058607590423,0,16.895153284072876
24.80049991607666,1.0579623427453655,0.29604015746298823,0.029124870111885665,0.015147087599923587,0.3032267709969338,99,100,0.03285114211045041,-0.008094335588159012,0,16.990140676498413
24.90024161338806,1.0612237401200733,0.2963273318352537,0.028826290101196778,0.015147087599923587,0.3032267709969338,99,100,0.03285114211045041,-0.0072991755423097585,0,17.089882373809814
25.001341581344604,1.0645290507409275,0.2966162555575535,0.028920267870704536,0.015147087599923587,0.3032267709969338,99,100,0.03285114211045041,-0.006655859292944663,0,17.190982341766357
25.101179122924805,1.0678027568076995,0.2969017185464083,0.028791272992220257,0.015147087599923587,0.3032267709969338,99,100,0.0028511421104504137,0.0,0,17.290819883346558
25.20117425918579,1.0685186276760377,0.29696311415868704,0.028838451699196715,0.015147087599923587,0.3032267709969338,99,100,0.0,0.0,0,17.390815019607544
25.300666570663452,1.0685246219149638,0.29696357925739425,0.028836826646523067,0.015147087599923587,0.3032267709969338,99,100,0.0,0.0,0,17.490307331085205
25.400306940078735,1.0685300462114604,0.2969640968401166,0.028856178946659816,0.015147087599923587,0.3032267709969338,99,100,0.0,0.0,0,17.58994770050049
25.50122594833374,1.0685211247041482,0.2969633516085009,0.02885024192920338,0.015147087599923587,0.3032267709969338,99,100,0.0,0.0,0,17.690866708755493
25.600355863571167,1.0685302010434354,0.29696418370031036,0.02885513103402082,0.015147087599923587,0.3032267709969338,99,100,0.0,0.0,0,17.78999662399292
25.700831413269043,1.0685224717920334,0.2969635355781649,0.028855427315767374,0.015147087599923587,0.3032267709969338,99,100,0.0,0.0,0,17.890472173690796
25.800240755081177,1.068530345462586,0.2969642534348474,0.028855483393334852,0.015147087599923587,0.3032267709969338,99,100,0.0,0.0,0,17.98988151550293
25.901405572891235,1.068523632899168,0.2969636881839837,0.028847417271119585,0.015147087599923587,0.3032267709969338,99,100,0.0,0.0,0,18.09104633331299
26.000678777694702,1.0685304532848166,0.29696430898741455,0.028829610319164728,0.015147087599923587,0.3032267709969338,99,100,0.0,0.0,0,18.190319538116455
26.101272583007812,1.0685246282772358,0.29696381840752895,0.028821598622144118,0.015147087599923587,0.3032267709969338,99,100,0.0,0.0,0,18.290913343429565
26.200779676437378,1.0685305317917086,0.29696435183563263,0.028826106840738552,0.015147087599923587,0.3032267709969338,99,100,0.0,0.0,0,18.39042043685913
26.30193853378296,1.0685254783082494,0.2969639221940734,0.02885332189247608,0.015147087599923587,0.3032267709969338,99,100,0.0,0.0,0,18.491579294204712
26.401415824890137,1.0685305839150163,0.29696438118332247,0.028869535663218288,0.015147087599923587,0.3032267709969338,99,100,0.0,0.0,0,18.59105658531189
26.50051522254944,1.0685262022857236,0.2969640074204424,0.02887342523770947,0.015147087599923587,0.3032267709969338,99,100,0.0,0.0,0,18.69015598297119
26.60068917274475,1.0685306393017437,0.29696440711524397,0.028850598924598597,0.015147087599923587,0.3032267709969338,99,100,0.0,0.0,0,18.790329933166504
26.702473163604736,1.0685268756688873,0.2969640852611287,0.02886892705791491,0.015147087599923587,0.3032267709969338,99,100,0.0,0.0,0,18.89211392402649
26.800662517547607,1.0685319873665229,0.2969645408271648,0.02885345044746432,0.015147087599923587,0.3032267709969338,99,100,0.0,0.0,0,18.99030327796936
26.900547742843628,1.0685290163299537,0.29696428740306635,0.02884944615037663,0.015147087599923587,0.3032267709969338,99,100,0.0,0.0,0,19.09018850326538
27.000858783721924,1.0685308209417108,0.2969644520420416,0.028844492511146097,0.015147087599923587,0.3032267709969338,99,100,0.0,0.0,0,19.190499544143677
27.10004687309265,1.0685294145919442,0.2969643337824772,0.028852633074670064,0.015147087599923587,0.3032267709969338,99,100,0.0,0.0,0,19.289687633514404
27.200968027114868,1.0685319504557373,0.2969645604815944,0.028843810526827496,0.015147087599923587,0.3032267709969338,99,100,0.0,0.0,0,19.39060878753662
27.300599813461304,1.0685297828249507,0.2969643750238822,0.02883396176980188,0.015147087599923587,0.3032267709969338,99,100,0.0,0.0,0,19.490240573883057
27.400346517562866,1.0685319830305928,0.29696457103824664,0.028843789996415375,0.015147087599923587,0.3032267709969338,99,100,0.0,0.0,0,19.58998727798462
27.501788854599,1.0685301159490883,0.29696441087446307,0.028840563401231895,0.015147087599923587,0.3032267709969338,99,100,0.0,0.0,0,19.691429615020752
27.600197553634644,1.0685320225192836,0.29696458060437975,0.028832192815780006,0.015147087599923587,0.3032267709969338,99,100,0.0,0.0,0,19.789838314056396
27.700529098510742,1.0685308152668245,0.29696447776551876,0.028819748107062254,0.015147087599923587,0.3032267709969338,99,100,0.0,0.0,0,19.890169858932495
27.801941394805908,1.0685320452167761,0.2969645874702483,0.028830391475327927,0.015147087599923587,0.3032267709969338,99,100,0.0,0.0,0,19.99158215522766
27.90048098564148,1.068530654641884,0.2969644678861214,0.02882625673403494,0.015147087599923587,0.3032267709969338,99,100,0.0,0.0,0,20.090121746063232
28.000327825546265,1.068532081972286,0.2969645944861784,0.028821750679453667,0.015147087599923587,0.3032267709969338,99,100,0.0,0.0,0,20.189968585968018
28.100166082382202,1.068531118681388,0.2969645117659054,0.028826150413494428,0.015147087599923587,0.3032267709969338,99,100,0.0,0.0,0,20.289806842803955
28.20041513442993,1.0685321047225405,0.29696459918090773,0.02883238144853828,0.015147087599923587,0.3032267709969338,99,100,0.0,0.0,0,20.390055894851685
28.30034351348877,1.068531072349456,0.2969645103048046,0.028819539137802747,0.015147087599923587,0.3032267709969338,99,100,0.0,0.0,0,20.489984273910522
28.400643825531006,1.0685321365568476,0.2969646043710471,0.028817192291162697,0.015147087599923587,0.3032267709969338,99,100,0.0,0.0,0,20.59028458595276
28.500408411026,1.0685307958733044,0.2969644882882739,0.02881761376728298,0.015147087599923587,0.3032267709969338,99,100,0.0,0.0,0,20.690049171447754
28.601001024246216,1.068532163013583,0.29696460836091065,0.02881834728767857,0.015147087599923587,0.3032267709969338,99,100,0.0,0.0,0,20.79064178466797
28.700810432434082,1.0685310018536072,0.2969645078841969,0.028810849863253468,0.015147087599923587,0.3032267709969338,99,100,0.0,0.0,0,20.890451192855835
28.80116033554077,1.0685321880371788,0.2969646120600107,0.028814732285426442,0.015147087599923587,0.3032267709969338,99,100,0.0,0.0,0,20.990801095962524
28.900879383087158,1.0685311796101322,0.29696452478684254,0.028799375211667755,0.015147087599923587,0.3032267709969338,99,100,0.0,0.0,0,21.09052014350891
29.000551462173462,1.0685322080698862,0.29696461515872796,0.028782208443953183,0.015147087599923587,0.3032267709969338,99,100,0.0,0.0,0,21.190192222595215
29.10141921043396,1.0685313323635675,0.296964539452801,0.028779137379497333,0.015147087599923587,0.3032267709969338,99,100,0.0,0.0,0,21.291059970855713
29.201123476028442,1.068532223443173,0.2969646173483805,0.028798504092261618,0.015147087599923587,0.3032267709969338,99,100,0.0,0.0,0,21.390764236450195
29.30107021331787,1.0685314629088545,0.2969645513319168,0.02880397519014144,0.015147087599923587,0.3032267709969338,99,100,0.0,0.0,0,21.490710973739624
29.401267766952515,1.068532234591476,0.2969646187930465,0.028823371776384776,0.015147087599923587,0.3032267709969338,99,100,0.0,0.0,0,21.590908527374268
29.50099492073059,1.0685316971527365,0.2969645721741146,0.028811700688124803,0.015147087599923587,0.3032267709969338,99,100,0.0,0.0,0,21.690635681152344
29.600921392440796,1.068532453649261,0.296964638461752,0.02880686902940177,0.015147087599923587,0.3032267709969338,99,100,0.0,0.0,0,21.79056215286255
29.700849533081055,1.0685316723447613,0.29696457054564845,0.02881044733730459,0.015147087599923587,0.3032267709969338,99,100,0.0,0.0,0,21.890490293502808
29.800420999526978,1.0685322554889563,0.2969646215227497,0.02881932443266974,0.015147087599923587,0.3032267709969338,99,100,0.0,0.0,0,21.99006175994873
29.90530037879944,1.0685317651455437,0.29696457885140887,0.028818963428733496,0.015147087599923587,0.3032267709969338,99,100,0.0,0.0,0,22.09494113922119
30.00156545639038,1.0685322726972601,0.2969646233103199,0.028812356853916504,0.015147087599923587,0.3032267709969338,99,100,0.0,0.0,0,22.191206216812134
30.10164189338684,1.0685320502839508,0.29696460399995384,0.028822164651326393,0.014727784799555832,0.3034645792758006,99,100,0.0,0.0,0,22.291282653808594
30.210020303726196,1.0685324887628314,0.296964642573241,0.0287031477262637,0.014727784799555832,0.3034645792758006,99,100,0.02,-0.006856918666730166,0,22.39966106414795
30.301873207092285,1.0689815619322862,0.2970031670455944,0.028337729959358293,0.014727784799555832,0.3034645792758006,99,100,0.03285114211045041,-0.006523774683647348,0,22.491513967514038
30.401160717010498,1.0717020571999993,0.29723275487130263,0.028228124801050858,0.014727784799555832,0.3034645792758006,99,100,0.03285114211045041,-0.005916640657784711,0,22.59080147743225
30.500336170196533,1.0746901174970618,0.29748539404051333,0.028294319444016447,0.014727784799555832,0.3034645792758006,99,100,0.03285114211045041,-0.00568444759693141,0,22.689976930618286
30.60115098953247,1.0776981705902149,0.29773679735503444,0.027900629459529286,0.014727784799555832,0.3034645792758006,99,100,0.03285114211045041,-0.005176629969466227,0,22.790791749954224
30.701249599456787,1.080793250003579,0.2979892334541858,0.027599390184768285,0.014727784799555832,0.3034645792758006,99,100,0.03285114211045041,-0.0042860642072857546,0,22.89089035987854
30.802481174468994,1.083902923730446,0.29824212253779964,0.02770819627644963,0.014727784799555832,0.3034645792758006,99,100,0.03285114211045041,-0.0038701633368441153,0,22.992121934890747
30.900111198425293,1.0869914874036684,0.2984922321777042,0.027453357152241398,0.014727784799555832,0.3034645792758006,99,100,0.03285114211045041,-0.003529004094212128,0,23.089751958847046
31.000049114227295,1.0901047077579993,0.29873959832452796,0.02725349884403766,0.014727784799555832,0.3034645792758006,99,100,0.03285114211045041,-0.002774588299484981,0,23.189689874649048
31.102879762649536,1.0932830170038168,0.2989911862446893,0.027305175909373813,0.014727784799555832,0.3034645792758006,99,100,0.03285114211045041,-0.0023143842266844963,0,23.29252052307129
31.200854778289795,1.096403818835052,0.2992379259675542,0.02717256236922555,0.014727784799555832,0.3034645792758006,99,100,0.03285114211045041,-0.0019954116997452495,0,23.390495538711548
31.301126718521118,1.0995544707721663,0.2994836607398598,0.026995994451447763,0.014727784799555832,0.3034645792758006,99,100,0.03285114211045041,-0.0014181436807153766,0,23.49076747894287
31.401344537734985,1.1027704640183997,0.2997330488662673,0.027079646529829693,0.014727784799555832,0.3034645792758006,99,100,0.03285114211045041,-0.0008406200395058273,0,23.59098529815674
31.50084137916565,1.1059588455776994,0.299981137752565,0.027013168331731563,0.014727784799555832,0.3034645792758006,99,100,0.03285114211045041,-0.0007031153598596327,0,23.690482139587402
31.600489139556885,1.1091414784908833,0.3002256869001639,0.026786299457920548,0.014727784799555832,0.3034645792758006,99,100,0.03223810557123549,-0.00016221935739938823,0,23.790129899978638
31.701390266418457,1.1123356963573126,0.300468121885986,0.026781452176752735,0.014727784799555832,0.3034645792758006,99,100,0.03223810557123549,0.00040918919792418953,0,23.89103102684021
31.801698446273804,1.1154485205558946,0.3007052398707044,0.026784513317233305,0.014727784799555832,0.3034645792758006,99,100,0.03223810557123549,0.0006122403773358398,0,23.991339206695557
31.9011869430542,1.1185900111413547,0.30094445834094785,0.026715788009474245,0.014727784799555832,0.3034645792758006,99,100,0.017238105571235493,0.0,0,24.090827703475952
32.00068378448486,1.1213947066333725,0.30115574122512334,0.02662247691676084,0.014727784799555832,0.3034645792758006,99,100,0.03223810557123549,0.0015144023246467042,0,24.190324544906616
32.10149121284485,1.1242046820811482,0.30136859686982365,0.02676354275322257,0.014727784799555832,0.3034645792758006,99,100,0.03223810557123549,0.0015672909438293077,0,24.2911319732666
32.20060110092163,1.1273164895553571,0.30160517313809376,0.026786812865012943,0.004125396240196144,0.29469888260837757,99,100,0.03223810557123549,-0.002663790773169127,0,24.390241861343384
32.30272150039673,1.1304864129737877,0.3018447344455698,0.02660722292112433,0.004125396240196144,0.29469888260837757,99,100,0.03223810557123549,-0.002132804852105081,0,24.49236226081848
32.40048551559448,1.1337046571304565,0.3020859710379805,0.026669483251020837,0.004125396240196144,0.29469888260837757,99,100,0.03223810557123549,-0.0016170475304276395,0,24.590126276016235
32.50089621543884,1.1367953241856377,0.3028191312296566,0.026642323254309985,0.004125396240196144,0.29469888260837757,99,100,0.03223810557123549,-0.0007955091113394526,0,24.690536975860596
32.6001341342926,1.1399375234824767,0.30304142570313003,0.02646067784594877,0.004125396240196144,0.29469888260837757,99,100,0.03223810557123549,-0.00012033608252828279,0,24.789774894714355
32.70163917541504,1.1431550998082511,0.3032659951588432,0.0264734017890991,0.004125396240196144,0.29469888260837757,99,100,0.03223810557123549,0.0005076797059219042,0,24.891279935836792
32.801109790802,1.1462961620164573,0.30348605401971745,0.02644998045149108,0.004125396240196144,0.29469888260837757,99,100,0.03223810557123549,0.0008790915168954182,0,24.990750551223755
32.9009804725647,1.1494027502768251,0.3037020032166118,0.026297390617073868,0.004125396240196144,0.29469888260837757,99,100,0.03223810557123549,0.0014439468578738336,0,25.09062123298645
33.00047326087952,1.1525356388517751,0.30391410057977963,0.02615629766763894,0.004125396240196144,0.29469888260837757,99,100,0.03,0.0022445714464471296,0,25.19011402130127
33.10150647163391,1.1555322774258696,0.30411723796682366,0.026216323869929614,0.004125396240196144,0.29469888260837757,99,100,0.03,0.002415199329466602,0,25.291147232055664
33.201271772384644,1.15825732998079,0.3043023950572846,0.026194728118614896,-0.007195942952439083,0.27601163838016585,99,100,0.03,0.00274880366682708,0,25.390912532806396
33.30129337310791,1.161371113844872,0.304512102049719,0.026061598791579377,-0.007195942952439083,0.27601163838016585,99,100,0.03,-0.001450168569700694,0,25.490934133529663
33.40017819404602,1.1642269232330564,0.30470248588222587,0.02610548722334291,-0.007195942952439083,0.27601163838016585,99,100,0.03,-0.0008869426247993958,0,25.589818954467773
33.50146269798279,1.1671929934795446,0.30490074967151376,0.026058418378295534,-0.007195942952439083,0.27601163838016585,99,100,0.03,-0.00037620465791374165,0,25.69110345840454
33.60049057006836,1.1700538566171765,0.30509073098346595,0.026037608069530455,0.04611087237669531,0.33149210838161103,99,100,0.0,0.0,0,25.790131330490112
33.701558351516724,1.1719202243655806,0.3052136937444577,0.025988272143569635,0.04611087237669531,0.33149210838161103,99,100,0.0,0.0,0,25.891199111938477
33.800947189331055,1.1716880478071459,0.3051982316720829,0.026038260590168616,0.04611087237669531,0.33149210838161103,99,100,0.02,0.009720801426637506,0,25.990587949752808
33.900476694107056,1.1721934952018214,0.3052318879487526,0.02606455598934937,0.04611087237669531,0.33149210838161103,99,100,0.03,0.009565670127393953,0,26.09011745452881
34.00083065032959,1.1748653728047795,0.30541175134428056,0.02623357210967764,0.04611087237669531,0.33149210838161103,99,100,0.03,0.009287591303967896,0,26.190471410751343
34.10131335258484,1.1775555261026753,0.3055972134128713,0.026310403431613144,0.04611087237669531,0.33149210838161103,99,100,0.03,0.008488687206453937,0,26.290954113006592
34.200188636779785,1.1802721153383637,0.3057853063170946,0.02629610215323888,0.04611087237669531,0.33149210838161103,99,100,0.03,0.008077913899572329,0,26.389829397201538
34.301995277404785,1.180653345300671,0.30581153008131684,0.026277943354352157,0.04611087237669531,0.33149210838161103,99,100,0.03,0.007921025403912629,0,26.491636037826538
34.40002965927124,1.180653345300671,0.30581153008131684,0.026277943354352157,0.04611087237669531,0.33149210838161103,99,100,0.03,0.007434941165836945,0,26.589670419692993
34.50054478645325,1.180653345300671,0.30581153008131684,0.026277943354352157,0.04611087237669531,0.33149210838161103,99,100,0.03,0.006646012154226172,0,26.690185546875
34.60130047798157,1.180653345300671,0.30581153008131684,0.026277943354352157,0.04611087237669531,0.33149210838161103,99,100,0.03,0.006071660773237109,0,26.79094123840332
34.70021677017212,1.180653345300671,0.30581153008131684,0.026277943354352157,0.04611087237669531,0.33149210838161103,99,100,0.03,0.005692998420765984,0,26.889857530593872
34.800252199172974,1.180653345300671,0.30581153008131684,0.026277943354352157,0.04611087237669531,0.33149210838161103,99,100,0.03,0.005134537597292119,0,26.989892959594727
34.90191388130188,1.180653345300671,0.30581153008131684,0.026277943354352157,0.04611087237669531,0.33149210838161103,99,100,0.03,0.004249365982888856,0,27.091554641723633
35.00058126449585,1.180653345300671,0.30581153008131684,0.026277943354352157,0.04611087237669531,0.33149210838161103,99,100,0.03,0.0037923165412421214,0,27.190222024917603
35.10159516334534,1.180653345300671,0.30581153008131684,0.026277943354352157,0.04611087237669531,0.33149210838161103,99,100,0.03,0.003471969504718856,0,27.29123592376709
35.202526569366455,1.180653345300671,0.30581153008131684,0.026277943354352157,0.04611087237669531,0.33149210838161103,99,100,0.03,0.0025931356644335875,0,27.392167329788208
35.30171275138855,1.180653345300671,0.30581153008131684,0.026277943354352157,0.04611087237669531,0.33149210838161103,99,100,0.03,0.0028807964924534107,0,27.491353511810303
35.4011766910553,1.180653345300671,0.30581153008131684,0.026277943354352157,0.04611087237669531,0.33149210838161103,99,100,0.03,0.003572343553717802,0,27.59081745147705
35.50163745880127,1.180653345300671,0.30581153008131684,0.026277943354352157,0.04611087237669531,0.33149210838161103,99,100,0.015,0.0,0,27.691278219223022
35.60073518753052,1.180653345300671,0.30581153008131684,0.026277943354352157,0.04611087237669531,0.33149210838161103,99,100,0.0,0.0,0,27.79037594795227
35.7009117603302,1.180653345300671,0.30581153008131684,0.026277943354352157,0.04542745234351547,0.33096878189711193,99,100,0.0,0.0,0,27.890552520751953
35.80107665061951,1.180653345300671,0.30581153008131684,0.026277943354352157,0.04542745234351547,0.33096878189711193,99,100,0.02,-0.00950790228346079,0,27.99071741104126
35.90151500701904,1.180653345300671,0.30581153008131684,0.026277943354352157,0.04542745234351547,0.33096878189711193,99,100,0.03,-0.00935352037954843,0,28.091155767440796
36.00127363204956,1.180653345300671,0.30581153008131684,0.026277943354352157,0.04542745234351547,0.33096878189711193,99,100,0.03,-0.008501575242889813,0,28.190914392471313
36.10121488571167,1.180653345300671,0.30581153008131684,0.026277943354352157,0.04542745234351547,0.33096878189711193,99,100,0.03,-0.0074557081319834686,0,28.290855646133423
36.20148777961731,1.180653345300671,0.30581153008131684,0.026277943354352157,0.04542745234351547,0.33096878189711193,99,100,0.03,-0.007024850723844454,0,28.391128540039062
36.30671191215515,1.180653345300671,0.30581153008131684,0.026277943354352157,0.04542745234351547,0.33096878189711193,99,100,0.03,-0.006531436830550574,0,28.496352672576904
36.40160250663757,1.180653345300671,0.30581153008131684,0.026277943354352157,0.04542745234351547,0.33096878189711193,99,100,0.03,-0.005787555400601416,0,28.591243267059326
36.50216054916382,1.180653345300671,0.30581153008131684,0.026277943354352157,0.04542745234351547,0.33096878189711193,99,100,0.03,-0.0049899089191923,0,28.69180130958557
36.600494623184204,1.180653345300671,0.30581153008131684,0.026277943354352157,0.04542745234351547,0.33096878189711193,99,100,0.03,-0.004678721751965385,0,28.790135383605957
36.70134162902832,1.180653345300671,0.30581153008131684,0.026277943354352157,0.04542745234351547,0.33096878189711193,99,100,0.03,-0.004090623080143428,0,28.890982389450073
36.800766706466675,1.1864954239461314,0.3062147651976592,0.02638602292934908,0.04542745234351547,0.33096878189711193,99,100,0.03,-0.002884407977610307,0,28.990407466888428
36.90250587463379,1.2483415115954855,0.3209525668595045,0.03652862479203972,0.04542745234351547,0.33096878189711193,99,100,0.03,-0.002510172315584631,0,29.092146635055542
37.010186195373535,1.2511891151658903,0.3211212377947769,0.036517172423378846,0.04542745234351547,0.33096878189711193,99,100,0.03,-0.002054608262832399,0,29.199826955795288
37.101423025131226,1.2540799725495166,0.32128939827477554,0.036495433289947615,0.04542745234351547,0.33096878189711193,99,100,0.03,-0.0013100094407585553,0,29.29106378555298
37.200507164001465,1.257024714392323,0.32145819861986774,0.036493295695722294,0.04542745234351547,0.33096878189711193,99,100,0.03,-0.0007418486205829221,0,29.390147924423218
37.302708864212036,1.2599267021622764,0.321624707286727,0.036489144884200686,0.04542745234351547,0.33096878189711193,99,100,0.03,-0.00031159812146473216,0,29.49234962463379
37.40057063102722,1.262802664539689,0.32178885320012457,0.03648254280803229,0.04542745234351547,0.33096878189711193,99,100,0.03,5.600054724990653e-05,0,29.590211391448975
37.50061750411987,1.2657566279347174,0.32195475810233787,0.03647794364835413,0.04542745234351547,0.33096878189711193,99,100,0.03,0.0003521803312765609,0,29.690258264541626
37.60040020942688,1.2687099995405549,0.32212069605463034,0.036479682787001116,0.04542745234351547,0.33096878189711193,99,100,0.03,0.0008866755155635401,0,29.790040969848633
37.70088243484497,1.2715884228010557,0.3222819996423393,0.036479460662026036,0.04542745234351547,0.33096878189711193,99,100,0.015,0.0,0,29.890523195266724
37.80052709579468,1.273486761923186,0.32238835725767234,0.03647931816349387,0.04542745234351547,0.33096878189711193,99,100,0.0,0.0,0,29.99016785621643
37.90184950828552,1.273454416768089,0.32238638078137294,0.03647906585212227,0.04542745234351547,0.33096878189711193,99,100,0.0,0.0,0,30.091490268707275
38.00254249572754,1.2734487233908636,0.32238607217390425,0.036479211947649526,0.04542745234351547,0.33096878189711193,99,100,0.0,0.0,0,30.192183256149292
38.10062623023987,1.2734410338267372,0.322385653370648,0.036479137171249815,0.04542745234351547,0.33096878189711193,99,100,0.0,0.0,0,30.29026699066162
38.201446533203125,1.2734488540046156,0.3223861062919905,0.03647916923186925,0.04542745234351547,0.33096878189711193,99,100,0.0,0.0,0,30.391087293624878
38.30028557777405,1.2734421906896944,0.3223857432216625,0.03647923069122805,0.04542745234351547,0.33096878189711193,99,100,0.0,0.0,0,30.4899263381958
38.40116548538208,1.273448983613911,0.32238613535508864,0.03647929953812307,0.04542745234351547,0.33096878189711193,99,100,0.0,0.0,0,30.590806245803833
38.50123143196106,1.2734431946936953,0.32238581889880014,0.0364792757666014,0.04542745234351547,0.33096878189711193,99,100,0.0,0.0,0,30.690872192382812
38.601526975631714,1.273449084348893,0.322386157842457,0.03647930238343314,0.04542745234351547,0.33096878189711193,99,100,0.0,0.0,0,30.791167736053467
38.7044792175293,1.2734462377980527,0.3223860045826453,0.03647935390896098,0.04542745234351547,0.33096878189711193,99,100,0.0,0.0,0,30.89411997795105
38.80143404006958,1.2734491142704982,0.32238617281049636,0.03647938807597867,0.04542745234351547,0.33096878189711193,99,100,0.0,0.0,0,30.991074800491333
38.90061402320862,1.2734447991438944,0.32238593683560096,0.036479509321696996,0.04542745234351547,0.33096878189711193,99,100,0.0,0.0,0,31.09025478363037
39.00091242790222,1.2734492234783206,0.3223861895034284,0.036479466792433524,0.04542745234351547,0.33096878189711193,99,100,0.0,0.0,0,31.190553188323975
39.102110147476196,1.2734454466710883,0.3223859826113039,0.03647951061916441,0.04542745234351547,0.33096878189711193,99,100,0.0,0.0,0,31.29175090789795
39.20216512680054,1.2734492978524514,0.32238620166132365,0.03647945016096407,0.04542745234351547,0.33096878189711193,99,100,0.0,0.0,0,31.39180588722229
39.300923347473145,1.2734475468359776,0.3223861066318782,0.03647942975562257,0.04542745234351547,0.33096878189711193,99,100,0.0,0.0,0,31.490564107894897
39.401350021362305,1.2734504547875616,0.3223862723268529,0.03647939662871591,0.04542745234351547,0.33096878189711193,99,100,0.0,0.0,0,31.590990781784058
39.50098466873169,1.2734479294602865,0.3223861335625364,0.03647947244051733,0.04542745234351547,0.33096878189711193,99,100,0.0,0.0,0,31.690625429153442
39.60160183906555,1.273450460592816,0.3223862779057876,0.036479523633326155,0.04542745234351547,0.33096878189711193,99,100,0.0,0.0,0,31.791242599487305
39.701255798339844,1.2734471262607039,0.32238609312537025,0.03647944031408534,0.04542745234351547,0.33096878189711193,99,100,0.0,0.0,0,31.890896558761597
39.80066394805908,1.2734505173281545,0.3223862843711416,0.03647936474110455,0.04542745234351547,0.33096878189711193,99,100,0.0,0.0,0,31.990304708480835
39.90219974517822,1.2734490539136119,0.3223862039377244,0.036479418421659277,0.04542745234351547,0.33096878189711193,99,100,0.0,0.0,0,32.091840505599976
40.00045943260193,1.2734505026244707,0.32238628612997366,0.03647929352698706,0.04542745234351547,0.33096878189711193,99,100,0.0,0.0,0,32.19010019302368
40.101255893707275,1.2734488836935742,0.32238619631321047,0.036479311028353806,0.04542745234351547,0.33096878189711193,99,100,0.0,0.0,0,32.29089665412903
40.20066165924072,1.2734505380186476,0.3223862900091828,0.03647924904026076,0.04542745234351547,0.33096878189711193,99,100,0.0,0.0,0,32.390302419662476
40.30410885810852,1.273449498168559,0.3223862326912534,0.036479337141050144,0.04542745234351547,0.33096878189711193,99,100,0.0,0.0,0,32.49374961853027
40.4013307094574,1.2734505619450829,0.3223862931480198,0.036479308334443655,0.04542745234351547,0.33096878189711193,99,100,0.0,0.0,0,32.59097146987915
40.50098180770874,1.273449357278172,0.32238622627199853,0.036479315880026425,0.04542745234351547,0.33096878189711193,99,100,0.0,0.0,0,32.69062256813049
40.60088920593262,1.2734505966098841,0.32238629637114224,0.03647933928527011,0.04542745234351547,0.33096878189711193,99,100,0.0,0.0,0,32.79052996635437
40.700318574905396,1.2734495610731167,0.3223862386957435,0.03647923738219183,0.04542745234351547,0.33096878189711193,99,100,0.0,0.0,0,32.88995933532715
40.800333976745605,1.2734506318401402,0.32238629908892175,0.03647920741840294,0.04542745234351547,0.33096878189711193,99,100,0.0,0.0,0,32.98997473716736
40.90231227874756,1.2734492897759173,0.32238622408990875,0.036479208282513775,0.04542745234351547,0.33096878189711193,99,100,0.0,0.0,0,33.09195303916931
41.00009512901306,1.2734506592008383,0.3223863013976878,0.0364792469455385,0.04542745234351547,0.33096878189711193,99,100,0.0,0.0,0,33.189735889434814
41.10203838348389,1.2734497325440624,0.3223862498078711,0.0364793197954171,0.04542745234351547,0.33096878189711193,99,100,0.0,0.0,0,33.29167914390564
41.201228618621826,1.2734506764913485,0.3223863031019434,0.036479419659099066,0.04542745234351547,0.33096878189711193,99,100,0.0,0.0,0,33.39086937904358
41.30074691772461,1.2734496635634693,0.3223862468152572,0.03647946853110007,0.04542745234351547,0.33096878189711193,99,100,0.0,0.0,0,33.49038767814636
41.400418519973755,1.2734506959429002,0.32238630483776937,0.03647945935708391,0.04542745234351547,0.33096878189711193,99,100,0.0,0.0,0,33.59005928039551
41.500261068344116,1.2734498182580558,0.32238625597302484,0.036479484417536734,0.04542745234351547,0.33096878189711193,99,100,0.0,0.0,0,33.68990182876587
41.60093426704407,1.2734507137897182,0.32238630622421194,0.036479435771519464,0.04542745234351547,0.33096878189711193,99,100,0.0,0.0,0,33.79057502746582
41.70050358772278,1.273449951224126,0.32238626372175105,0.03647943850276816,0.04542745234351547,0.33096878189711193,99,100,0.0,0.0,0,33.89014434814453
41.80065894126892,1.2734507275711149,0.3223863073002551,0.03647941392541659,0.04542745234351547,0.33096878189711193,99,100,0.0,0.0,0,33.990299701690674
41.900941133499146,1.273450353242455,0.3223862864120763,0.03647937934743192,0.04542745234351547,0.33096878189711193,99,100,0.0,0.0,0,34.0905818939209
42.0017352104187,1.2734507307655274,0.3223863076492586,0.036479345264667756,0.04542745234351547,0.33096878189711193,99,100,0.0,0.0,0,34.191375970840454
42.10028862953186,1.273450162840383,0.3223862758179182,0.03647925467064933,0.04542745234351547,0.33096878189711193,99,100,0.0,0.0,0,34.28992938995361
42.20007586479187,1.2734507464274363,0.3223863085771051,0.03647922405681464,0.04542745234351547,0.33096878189711193,99,100,0.0,0.0,0,34.38971662521362
42.30023956298828,1.2734504739319679,0.322386293389162,0.03647931690386938,0.04542745234351547,0.33096878189711193,99,100,0.0,0.0,0,34.489880323410034
42.40049171447754,1.273450914300001,0.3223863181532888,0.036479318307747255,0.04542745234351547,0.33096878189711193,99,100,0.0,0.0,0,34.59013247489929
42.50178050994873,1.2734503309804885,0.3223862854897351,0.03647923379524287,0.04542745234351547,0.33096878189711193,99,100,0.0,0.0,0,34.69142127037048
42.6099591255188,1.273450917825817,0.3223863184350778,0.03647933004220011,0.04542745234351547,0.33096878189711193,99,100,0.0,0.0,0,34.79959988594055
42.70180797576904,1.2734505801273412,0.32238629960744314,0.0364794265913872,0.04542745234351547,0.33096878189711193,99,100,0.0,0.0,0,34.891448736190796
42.80047845840454,1.2734509138460983,0.3223863182814662,0.03647923301613923,0.04344610646678124,0.3290520659752806,99,100,0.01,-0.003200984628493519,0,34.990119218826294
42.90134787559509,1.2734508706882268,0.32238631621476205,0.036480229871749065,0.04344610646678124,0.3290520659752806,99,100,0.03,-0.00319407176812345,0,35.090988636016846
43.00010848045349,1.275263810480174,0.32248574377381456,0.03648244664057404,0.04344610646678124,0.3290520659752806,99,100,0.03223810557123549,-0.0028772433335526614,0,35.189749240875244
43.10052704811096,1.278113933073311,0.3226408599103143,0.03648269320296718,0.04344610646678124,0.3290520659752806,99,100,0.03223810557123549,-0.002351017329467285,0,35.290167808532715
43.20096707344055,1.2810450342776432,0.32279885739825964,0.03648558000763963,0.04344610646678124,0.3290520659752806,99,100,0.03223810557123549,-0.0017183359973206242,0,35.390607833862305
43.30162048339844,1.2840433306420962,0.3229589452369272,0.036494616608486824,0.04344610646678124,0.3290520659752806,99,100,0.03223810557123549,-0.0011769731449248362,0,35.49126124382019
43.40091037750244,1.2870955752997246,0.32312026581634273,0.03649343199779212,0.04344610646678124,0.3290520659752806,99,100,0.03223810557123549,-0.0005164935602650194,0,35.590551137924194
43.500539779663086,1.2901131059972124,0.3232795489176031,0.0365030194745298,0.04344610646678124,0.3290520659752806,99,100,0.03223810557123549,-0.00012707420336941497,0,35.69018054008484
43.601118326187134,1.293128861102821,0.32343802147844114,0.036508327846281496,0.04344610646678124,0.3290520659752806,99,100,0.03223810557123549,0.0004167492486361959,0,35.79075908660889
43.70026111602783,1.296236074042308,0.3235998346407438,0.03650904884350614,0.04344610646678124,0.3290520659752806,99,100,0.03223810557123549,0.0010470694638967874,0,35.889901876449585
43.800424337387085,1.2993396305205516,0.3237620628082076,0.03651259497803416,0.0459465574940999,0.32915549370238356,99,100,0.03223810557123549,0.0014904352219044647,0,35.99006509780884
43.9008092880249,1.302402395298757,0.32392158334916676,0.03650825771418964,0.0459465574940999,0.32915549370238356,99,100,0.03223810557123549,-0.004395308236352405,0,36.090450048446655
44.00221800804138,1.305542181632672,0.32408376649701914,0.03653788582887016,0.0459465574940999,0.32915549370238356,99,100,0.03223810557123549,-0.003841971135752414,0,36.191858768463135
44.100268602371216,1.3087152099945656,0.3242465629062363,0.03654410036602679,0.0459465574940999,0.32915549370238356,99,100,0.03223810557123549,-0.0031941926186827866,0,36.28990936279297
44.2000515460968,1.3117892997808605,0.3244021033602165,0.036563356406493025,0.0459465574940999,0.32915549370238356,100,100,0.03223810557123549,-0.002538162102295728,0,36.389692306518555
44.30117917060852,1.3149462575713833,0.3245611255601291,0.0365767761556704,0.0459465574940999,0.32915549370238356,100,100,0.03223810557123549,-0.0021246054512351034,0,36.49081993103027
44.400511741638184,1.3281480970888686,0.334244487875183,0.04537762629520925,0.0459465574940999,0.32915549370238356,100,100,0.03285114211045041,-0.010812151735179446,0,36.59015250205994
44.500102519989014,1.33132792757975,0.3344137940414175,0.04545079324122139,0.0459465574940999,0.32915549370238356,100,100,0.03285114211045041,-0.010387232741447995,0,36.68974328041077
44.6005539894104,1.3345255179900508,0.3345812811438078,0.04549362607704496,0.0459465574940999,0.32915549370238356,100,100,0.03285114211045041,-0.009747006550896588,0,36.79019474983215
44.70028734207153,1.3378058401600321,0.3347517166885823,0.04549904269203647,0.0459465574940999,0.32915549370238356,100,100,0.03285114211045041,-0.009185206495695894,0,36.889928102493286
44.800299644470215,1.3409863388627148,0.3349142079905397,0.045610387436477606,0.0459465574940999,0.32915549370238356,100,100,0.03285114211045041,-0.008621475010701814,0,36.98994040489197
44.903382539749146,1.3441584766990726,0.33507272370227603,0.04564034543721404,0.0459465574940999,0.32915549370238356,100,100,0.03285114211045041,-0.007820135527518018,0,37.0930233001709
45.000946044921875,1.347453383312787,0.335235541523693,0.045662355429254425,0.0459465574940999,0.32915549370238356,100,100,0.03285114211045041,-0.007147476106485664,0,37.19058680534363
45.100836753845215,1.3506679009569857,0.3353923896907496,0.04578364530584744,0.0459465574940999,0.32915549370238356,100,100,0.03285114211045041,-0.00667811914752848,0,37.29047751426697
45.20195651054382,1.3538643607636147,0.33554385498851913,0.04584182643755699,0.0459465574940999,0.32915549370238356,100,100,0.03285114211045041,-0.0058519448232079935,0,37.391597270965576
45.30063271522522,1.3571680089984548,0.33569987920595673,0.04581205711314382,0.0459465574940999,0.32915549370238356,100,100,0.03285114211045041,-0.005234663015125512,0,37.49027347564697
45.410056829452515,1.3604213245934487,0.33585330226545873,0.04591293067074609,0.0459465574940999,0.32915549370238356,100,100,0.03285114211045041,-0.0035046485859771426,0,37.59969758987427
45.500516414642334,1.3634889190487014,0.33599312701694717,0.0460831409003753,0.0459465574940999,0.32915549370238356,100,100,0.03285114211045041,0.00204238777454928,0,37.69015717506409
45.600292682647705,1.3667696818255444,0.33614022589050646,0.046006922309205944,0.0459465574940999,0.32915549370238356,100,100,0.03285114211045041,0.007234762418828112,0,37.78993344306946
45.70103120803833,1.3700629197553649,0.33629061836973906,0.0459744377014816,0.0459465574940999,0.32915549370238356,100,100,0.03285114211045041,0.011777300056190963,0,37.89067196846008
45.801692485809326,1.3732680050383295,0.33643600477814184,0.04601391678145905,0.059826869135061606,0.32925892142948654,100,100,0.03285114211045041,0.016459208482213664,0,37.99133324623108
45.90094470977783,1.3765072671795662,0.33658351839849876,0.04590061186372754,0.059826869135061606,0.32925892142948654,100,100,0.03431532680908837,0.01526298070839505,0,38.090585470199585
46.00024104118347,1.3798928604350191,0.33674586351258606,0.04559903092339118,0.059826869135061606,0.32925892142948654,100,100,0.03431532680908837,0.018096414948199163,0,38.189881801605225
46.10068130493164,1.3833134059609165,0.3369133310133204,0.045612254610221864,0.059826869135061606,0.32925892142948654,100,100,0.03431532680908837,0.021271989862679395,0,38.290322065353394
46.20093655586243,1.3866827128007713,0.33708176983857213,0.045400295820012454,0.059826869135061606,0.32925892142948654,100,100,0.03431532680908837,0.02448918159493244,0,38.39057731628418
46.30006742477417,1.3901823511458449,0.3372650619009706,0.04508429169491421,0.059826869135061606,0.32925892142948654,100,100,0.03431532680908837,0.027248171496691665,0,38.48970818519592
46.40021228790283,1.393582166960085,0.337450966243307,0.044870199071859185,0.059826869135061606,0.32925892142948654,100,100,0.03431532680908837,0.029672605075464598,0,38.589853048324585
46.500953674316406,1.3969811031962587,0.3376402973798264,0.044753286290767136,0.059826869135061606,0.32925892142948654,100,100,0.03431532680908837,0.03178022475962719,0,38.69059443473816
46.60050344467163,1.4004684472206936,0.33784057674480106,0.044473327551061786,0.059826869135061606,0.32925892142948654,100,100,0.03431532680908837,0.03359906683191804,0,38.790144205093384
46.700090646743774,1.4038710944910067,0.33804468882856753,0.044062998276031856,0.059826869135061606,0.32925892142948654,100,100,0.03431532680908837,0.03540301416892197,0,38.88973140716553
46.80003213882446,1.407275399363578,0.33825663535696826,0.04389170853343566,0.059826869135061606,0.32925892142948654,100,100,0.03431532680908837,0.03694720693039901,0,38.989672899246216
46.900391817092896,1.4107173815387173,0.33847475044873815,0.04369069665319289,0.08318499592148645,0.3293623491565896,100,100,0.03431532680908837,0.0389642388095044,0,39.09003257751465
46.99997019767761,1.4141199186351034,0.3387024599067761,0.042916353778563315,0.08318499592148645,0.3293623491565896,100,100,0.03431532680908837,0.035689865791088536,0,39.189610958099365
47.108625411987305,1.4176203891161996,0.33895191206823816,0.04262605653385734,0.08318499592148645,0.3293623491565896,99,100,0.03431532680908837,0.033562766885022174,0,39.29826617240906
47.20988607406616,1.4210059790411347,0.33919713246160366,0.0423884124880953,0.08318499592148645,0.3293623491565896,99,100,0.03431532680908837,0.032758242400676985,0,39.399526834487915
47.30031871795654,1.414473056933112,0.33993322163631207,0.043609294468435145,0.08318499592148645,0.3293623491565896,99,100,0.03431532680908837,0.03276741106609211,0,39.489959478378296
47.41017174720764,1.418048121961629,0.3401997206299009,0.043186961941241414,0.08318499592148645,0.3293623491565896,99,100,0.03431532680908837,0.031472082761399366,0,39.599812507629395
47.501521587371826,1.4213691748200192,0.3404575901555907,0.04272301633988704,0.08318499592148645,0.3293623491565896,99,100,0.03431532680908837,0.030023602266189983,0,39.69116234779358
47.60068130493164,1.4248504060160307,0.3407364796721339,0.042444740121981905,0.08318499592148645,0.3293623491565896,99,100,0.03431532680908837,0.028678789935083285,0,39.790322065353394
47.70005989074707,1.4283679222317995,0.34102784626628074,0.0417961554585034,0.08318499592148645,0.3293623491565896,99,100,0.03431532680908837,0.02737533886927591,0,39.88970065116882
47.80072212219238,1.431696462020155,0.34131893212444664,0.041126370324408607,0.08318499592148645,0.3293623491565896,99,100,0.03431532680908837,0.025513757495858453,0,39.990362882614136
47.899980306625366,1.4351108836664128,0.3416262947151152,0.04097759189350747,0.08318499592148645,0.3293623491565896,99,100,0.03431532680908837,0.023947419922098836,0,40.08962106704712
48.000075578689575,1.4381818680925387,0.3419053078391204,0.04055641458798348,0.08318499592148645,0.3293623491565896,99,100,0.03431532680908837,0.02296314481496268,0,40.18971633911133
48.10101342201233,1.4420229545384304,0.34227250668034037,0.03960460822910908,0.08318499592148645,0.3293623491565896,99,100,0.03431532680908837,0.020723400313824858,0,40.29065418243408
48.200050830841064,1.4454424106873778,0.3426091864217086,0.03935428000895322,0.08318499592148645,0.3293623491565896,99,100,0.03431532680908837,0.01897266737135343,0,40.38969159126282
48.30129146575928,1.4487669375180345,0.34294266648548377,0.03891478245054081,0.08318499592148645,0.3293623491565896,99,100,0.03431532680908837,0.017556646411326926,0,40.49093222618103
48.400009870529175,1.4522933250916794,0.34330624333640847,0.03838368598268105,0.08318499592148645,0.3293623491565896,99,100,0.03431532680908837,0.016006302887838855,0,40.58965063095093
48.500004053115845,1.4557312771832716,0.3436677946452516,0.038135033653405065,0.08318499592148645,0.3293623491565896,100,100,0.03431532680908837,0.014353091411949338,0,40.6896448135376
48.60089683532715,1.4588940792356764,0.34400598147199746,0.037778117170013836,0.08318499592148645,0.3293623491565896,100,100,0.03431532680908837,0.012962147585570719,0,40.7905375957489
48.701493978500366,1.4724339125710435,0.34391228942534713,0.035244353116453825,0.08318499592148645,0.3293623491565896,100,100,0.03431532680908837,0.009800161271147712,0,40.89113473892212
48.80080699920654,1.4758242201459015,0.34429544765140774,0.03492492699504432,0.08318499592148645,0.3293623491565896,100,100,0.03431532680908837,0.008590398048371695,0,40.990447759628296
48.90586805343628,1.4791919523812225,0.34468229375328685,0.03458057265417086,0.11364756138361229,0.32946577688369255,100,100,0.038318030094340864,0.00801328797880998,0,41.09550881385803
49.00058603286743,1.4827612995246136,0.3450939953998637,0.034663283864398986,0.11364756138361229,0.32946577688369255,100,100,0.038318030094340864,0.003232334243537551,0,41.190226793289185
49.10080528259277,1.4864945461873222,0.3455281023522899,0.03419240407618088,0.11364756138361229,0.32946577688369255,100,100,0.038318030094340864,0.0015559136926530477,0,41.290446043014526
49.200108766555786,1.4902707774306412,0.3459721202468056,0.034052813901249396,0.11364756138361229,0.32946577688369255,100,100,0.038318030094340864,-0.00044173982523304576,0,41.38974952697754
49.30000638961792,1.4941191648854355,0.3464248738730892,0.03409571650505003,0.11364756138361229,0.32946577688369255,100,100,0.038318030094340864,-0.0020070637785051535,0,41.48964715003967
49.41010308265686,1.4978774146475358,0.3468708885429583,0.03372616263484593,0.11364756138361229,0.32946577688369255,100,100,0.038318030094340864,-0.003756901305178143,0,41.59974384307861
49.50110197067261,1.5017005615753176,0.34732703152760785,0.033809100370103484,0.11364756138361229,0.32946577688369255,100,100,0.038318030094340864,-0.005575456097624511,0,41.69074273109436
49.60059905052185,1.5053200654824548,0.34775628240802053,0.03374707017243256,0.11364756138361229,0.32946577688369255,100,100,0.038318030094340864,-0.007585554586169848,0,41.7902398109436
49.70042562484741,1.509291389237962,0.34823174819054425,0.033597923912798575,0.11364756138361229,0.32946577688369255,100,100,0.038318030094340864,-0.010945158427552169,0,41.890066385269165
49.80014371871948,1.5130829214634243,0.34868174834333276,0.034529580036263656,0.11364756138361229,0.32946577688369255,100,100,0.038318030094340864,-0.01367209333286615,0,41.989784479141235
49.90223479270935,1.516881925830379,0.3491280666910318,0.03514301016208696,0.11364756138361229,0.32946577688369255,100,100,0.038318030094340864,-0.015985440161966204,0,42.0918755531311
50.000855445861816,1.5206149430923799,0.34956785112803385,0.03640732149660464,0.14915463529690495,0.3295692046107956,100,100,0.038318030094340864,-0.02474419910392953,0,42.19049620628357
50.09997844696045,1.5244096190796783,0.3500063092661379,0.03833933545949956,0.14915463529690495,0.3295692046107956,100,100,0.038318030094340864,-0.02824978522404131,0,42.2896192073822
50.20104646682739,1.528191160142193,0.3504381682004783,0.04001568486434165,0.14915463529690495,0.3295692046107956,100,100,0.03785506294508506,-0.03147211853351388,0,42.390687227249146
50.30209493637085,1.5319367583296892,0.35086308643218433,0.042245391838076546,0.14915463529690495,0.3295692046107956,100,100,0.03785506294508506,-0.03541825570143063,0,42.4917356967926
50.400328636169434,1.5357185680698167,0.35128168271426635,0.04463968441760135,0.14915463529690495,0.3295692046107956,100,100,0.03785506294508506,-0.038471111510897625,0,42.58996939659119
50.50115513801575,1.5393861331478669,0.3516779341161555,0.04709073357142042,0.14915463529690495,0.3295692046107956,100,100,0.03785506294508506,-0.04161815964767248,0,42.6907958984375
50.60000538825989,1.5431715219298934,0.35208248719156005,0.049629861628810064,0.14915463529690495,0.3295692046107956,100,100,0.03785506294508506,-0.046145801318151006,0,42.78964614868164
50.70140743255615,1.546931849761232,0.3524747251766333,0.05245875477604329,0.14915463529690495,0.3295692046107956,100,100,0.03785506294508506,-0.051438859149105745,0,42.891048192977905
50.80029559135437,1.5506346140657477,0.3528427113388307,0.05535201949195456,0.14915463529690495,0.3295692046107956,100,100,0.03785506294508506,-0.05528303280569778,0,42.98993635177612
50.90016770362854,1.5544096001845613,0.35320718058044936,0.05810693526951073,0.14915463529690495,0.3295692046107956,100,100,0.03785506294508506,-0.05926449983306355,0,43.08980846405029
51.00030493736267,1.5581781223783229,0.3535580026415403,0.06117573754259735,0.18818806101146782,0.32967263233789856,100,100,0.03785506294508506,-0.06471959683609518,0,43.189945697784424
51.10097861289978,1.5620047239685981,0.35389168631980833,0.06426720882652705,0.18818806101146782,0.32967263233789856,100,100,0.03785506294508506,-0.07874533793630767,0,43.29061937332153
51.20031118392944,1.5654926753950034,0.3641725994592477,0.07487402033131868,0.18818806101146782,0.32967263233789856,100,100,0.03785506294508506,-0.09244974239598153,0,43.389951944351196
51.300881147384644,1.5694829395575491,0.3644689652394599,0.07790530573254024,0.18818806101146782,0.32967263233789856,100,100,0.03785506294508506,-0.09803161326381529,0,43.4905219078064
51.401230812072754,1.5730610709106039,0.3647137687169323,0.08089238165798368,0.18818806101146782,0.32967263233789856,100,100,0.03785506294508506,-0.11205777142825508,0,43.59087157249451
51.50151586532593,1.5771459141979711,0.36496186942232417,0.08419636169359251,0.18818806101146782,0.32967263233789856,100,100,0.038318030094340864,-0.12500828064868122,0,43.69115662574768
51.60056447982788,1.5807447236357408,0.3651505559836794,0.08726894723141305,0.18818806101146782,0.32967263233789856,100,100,0.038318030094340864,-0.13802487225796747,0,43.790205240249634
51.70114183425903,1.5841563052124379,0.3652990559539342,0.09027048675058792,0.18818806101146782,0.32967263233789856,100,100,0.038318030094340864,-0.14809223041646657,0,43.890782594680786
51.80160665512085,1.587663903744889,0.36541566276112014,0.09340456244536355,0.18818806101146782,0.32967263233789856,100,100,0.038318030094340864,-0.15166608260254433,0,43.9912474155426
51.900314807891846,1.5911722195759488,0.3654952997884985,0.0966121264213317,0.18818806101146782,0.32967263233789856,100,100,0.038318030094340864,-0.1527681550257688,0,44.0899555683136
52.00027275085449,1.5945841528015543,0.36553830381024227,0.09966112252131192,0.2581837692934531,0.3797759538369994,100,100,0.038318030094340864,-0.15356658730670425,0,44.189913511276245
52.09999752044678,1.5981536376106815,0.3655457383926892,0.10278334289261724,0.2581837692934531,0.3797759538369994,100,100,0.038318030094340864,-0.15273370277973133,0,44.28963828086853
52.20042181015015,1.6015496035512202,0.36551698180817493,0.10602103060467936,0.2581837692934531,0.3797759538369994,100,100,0.038318030094340864,-0.15376608647792223,0,44.3900625705719
52.30011343955994,1.6044034363753519,0.36546341115718534,0.10865114859898176,0.2581837692934531,0.3797759538369994,100,100,0.038318030094340864,-0.15407064925451058,0,44.48975419998169
52.40995502471924,1.6087746023965175,0.36532773855070844,0.11267040052585169,0.2581837692934531,0.3797759538369994,100,100,0.038318030094340864,-0.15425202369933153,0,44.59959578514099
52.50005865097046,1.6223524358201407,0.364697961741347,0.12180428422535232,0.2581837692934531,0.3797759538369994,100,100,0.038318030094340864,-0.16537597511354452,0,44.68969941139221
52.60068655014038,1.6259681908620687,0.36451105778337595,0.1251315011242829,0.2581837692934531,0.3797759538369994,100,100,0.038318030094340864,-0.16575143443291088,0,44.790327310562134
52.70148706436157,1.629684916377033,0.36427462992085796,0.12846950237663432,0.2581837692934531,0.3797759538369994,100,100,0.038318030094340864,-0.16589245533503993,0,44.891127824783325
52.800015926361084,1.6334290962215223,0.36399141197948787,0.13196659418083057,0.2581837692934531,0.3797759538369994,100,100,0.038318030094340864,-0.166275641947914,0,44.98965668678284
52.899962425231934,1.6371126298464629,0.36366855335956805,0.13550177812637215,0.2581837692934531,0.3797759538369994,100,100,0.03949699695360436,-0.17184282400395653,0,45.08960318565369
53.000192642211914,1.6409071652010632,0.36328842804453293,0.13904297332643653,0.2581837692934531,0.3797759538369994,100,100,0.03949699695360436,-0.17185703557066234,0,45.18983340263367
53.10086250305176,1.6447566337978468,0.362851739961577,0.14261191325669556,0.2581837692934531,0.3797759538369994,100,100,0.03949699695360436,-0.17170301310807756,0,45.29050326347351
53.20120406150818,1.6485786871342205,0.36236750651026406,0.1463437116636008,0.2581837692934531,0.3797759538369994,100,100,0.03949699695360436,-0.17188429718111267,0,45.39084482192993
53.30096077919006,1.6524198138906534,0.36183088468048785,0.15007260278477624,0.2581837692934531,0.3797759538369994,100,100,0.03949699695360436,-0.1719618179632098,0,45.490601539611816
53.40639019012451,1.656228901882321,0.36124742379058206,0.15370526531191286,0.2581837692934531,0.3797759538369994,100,100,0.03949699695360436,-0.17171230546977367,0,45.596030950546265
53.500757694244385,1.6600529759657752,0.3606104117306556,0.157268552344858,0.2581837692934531,0.3797759538369994,100,100,0.03949699695360436,-0.1713828558940844,0,45.69039845466614
53.60996866226196,1.663872101910137,0.3599245810442618,0.16096596464741983,0.2581837692934531,0.3797759538369994,100,100,0.03949699695360436,-0.17145501388864196,0,45.799609422683716
53.700891733169556,1.6576339245634075,0.3591818352220435,0.15816929505302446,0.2581837692934531,0.3797759538369994,100,100,0.03949699695360436,-0.16188442065563666,0,45.89053249359131
53.800331830978394,1.6613992404722433,0.3584117189958719,0.1617636753958012,0.2581837692934531,0.3797759538369994,100,100,0.03949699695360436,-0.1618211839106357,0,45.98997259140015
53.90042304992676,1.6650913334258068,0.3576042600272374,0.16536462524147677,0.2581837692934531,0.3797759538369994,100,100,0.03949699695360436,-0.16120685925257694,0,46.09006381034851
54.00018572807312,1.6687416507025041,0.3567523120735622,0.16936265189976762,0.2581837692934531,0.3797759538369994,100,100,0.03949699695360436,-0.16071001603721122,0,46.18982648849487
54.0999858379364,1.672384593746639,0.35584894796555533,0.17324003408370262,0.29882450825063855,0.37987938156410245,100,100,0.03949699695360436,-0.160048432076108,0,46.289626598358154
54.20106220245361,1.6759901497490184,0.35489827002625374,0.17689881276776856,0.29882450825063855,0.37987938156410245,100,100,0.03949699695360436,-0.1587553008770533,0,46.390702962875366
54.30085515975952,1.6795973190783715,0.35389051951561573,0.18084103889958758,0.29882450825063855,0.37987938156410245,100,100,0.04170130544868757,-0.16659671650047808,0,46.490495920181274
54.41092777252197,1.6831719856571485,0.35283740532790675,0.18481563775200285,0.29882450825063855,0.37987938156410245,100,100,0.04170130544868757,-0.16570335983018333,0,46.600568532943726
54.50011324882507,1.6871123708904812,0.35161418206958683,0.18884045519455145,0.29882450825063855,0.37987938156410245,100,100,0.04170130544868757,-0.16451038385186473,0,46.689754009246826
54.60035276412964,1.6908484514164113,0.3503920378401313,0.19264377894102308,0.29882450825063855,0.37987938156410245,100,100,0.04170130544868757,-0.16317387430873861,0,46.78999352455139
54.700791120529175,1.6943331194460929,0.34919678285554734,0.19637353551551107,0.29882450825063855,0.37987938156410245,100,100,0.04170130544868757,-0.16185986269437247,0,46.89043188095093
54.80044770240784,1.6979417830377437,0.3479056606144945,0.20014872366973013,0.29882450825063855,0.37987938156410245,100,100,0.04170130544868757,-0.16058506081162494,0,46.99008846282959
54.90141558647156,1.7017136105540414,0.33703143738124497,0.1970926022419293,0.29882450825063855,0.37987938156410245,100,100,0.036943350063613815,-0.13429610577845508,0,47.09105634689331
55.000043869018555,1.705086892582436,0.3357084772877901,0.2004882496671638,0.29882450825063855,0.37987938156410245,100,100,0.036943350063613815,-0.13293509775741924,0,47.18968462944031
55.099966049194336,1.7081461158501996,0.33446456992657875,0.204008014496558,0.31758452319012154,0.35992914748375165,100,100,0.036943350063613815,-0.13182921549723023,0,47.28960680961609
55.21003842353821,1.7112676507572324,0.3331513422852411,0.2072553868526535,0.31758452319012154,0.35992914748375165,100,100,0.036943350063613815,-0.13080960949877554,0,47.39967918395996
55.30007028579712,1.7142690981232587,0.3318424381755944,0.2106344017965176,0.31758452319012154,0.35992914748375165,100,100,0.036943350063613815,-0.1291840256701475,0,47.48971104621887
55.400028228759766,1.7172402186267413,0.3305029081166085,0.21416809495451475,0.31758452319012154,0.35992914748375165,100,100,0.036943350063613815,-0.1278032249006986,0,47.58966898918152
55.50066256523132,1.7201583630213988,0.3291418712640402,0.2172441214040187,0.31758452319012154,0.35992914748375165,100,100,0.036943350063613815,-0.12585781369066396,0,47.690303325653076
55.600894927978516,1.7230401120288323,0.32775281107466286,0.2208097896348905,0.31758452319012154,0.35992914748375165,100,100,0.036943350063613815,-0.12414331923622812,0,47.79053568840027
55.70192909240723,1.7259198054374874,0.326319818113252,0.22438379665523023,0.31758452319012154,0.35992914748375165,100,100,0.03997748211379173,-0.13251472210115608,0,47.89156985282898
55.79997420310974,1.728912191619789,0.3247796298183137,0.22760661617835168,0.31758452319012154,0.35992914748375165,100,100,0.03997748211379173,-0.13007290976556946,0,47.989614963531494
55.90027904510498,1.7322466190654155,0.32300987624985744,0.2312077480106203,0.31758452319012154,0.35992914748375165,100,100,0.03997748211379173,-0.12815254941373955,0,48.08991980552673
56.00006818771362,1.735472604409265,0.3212444727069127,0.23461420427252946,0.31758452319012154,0.35992914748375165,100,100,0.03997748211379173,-0.12698950736417494,0,48.189708948135376
56.10088324546814,1.739122314302866,0.3191883406199481,0.23792818106606137,0.3039340435075406,0.2959693379403898,100,100,0.03997748211379173,-0.12450879666053791,0,48.29052400588989
56.200973987579346,1.7625586771708752,0.31723835060475386,0.254922321433546,0.3039340435075406,0.2959693379403898,100,100,0.03997748211379173,-0.1314113722469852,0,48.3906147480011
56.30013918876648,1.7660115509671614,0.3151895126304648,0.2579416576899012,0.3039340435075406,0.2959693379403898,100,100,0.03997748211379173,-0.1299294485034522,0,48.48977994918823
56.400397300720215,1.7694495227210394,0.31309301833739867,0.26161409173993627,0.3039340435075406,0.2959693379403898,100,100,0.03997748211379173,-0.1280141664731523,0,48.59003806114197
56.50186276435852,1.7727825440416947,0.3109926443285451,0.2657746828324362,0.3039340435075406,0.2959693379403898,100,100,0.03997748211379173,-0.12570335518555042,0,48.69150352478027
56.59995651245117,1.7760680525944699,0.30885260802595965,0.26997820370163345,0.3039340435075406,0.2959693379403898,100,100,0.03997748211379173,-0.12262982396917528,0,48.789597272872925
56.70104360580444,1.7793308053093215,0.30665005044987526,0.27414081139767527,0.3039340435075406,0.2959693379403898,100,100,0.03997748211379173,-0.11916830374760581,0,48.890684366226196
56.80034804344177,1.7826123210793314,0.3043512821525048,0.2788296746225514,0.3039340435075406,0.2959693379403898,100,100,0.03997748211379173,-0.11531275833524789,0,48.989988803863525
56.90717029571533,1.7859106079250098,0.3019474215540663,0.2839531754219786,0.3039340435075406,0.2959693379403898,100,100,0.03997748211379173,-0.11099980736604019,0,49.096811056137085
57.000362157821655,1.7891491327204263,0.29948954335455785,0.28834188914283,0.3039340435075406,0.2959693379403898,100,100,0.03997748211379173,-0.10559929791619604,0,49.19000291824341
57.10121250152588,1.7922808187019965,0.29703009007903736,0.29258676741139333,0.3039340435075406,0.2959693379403898,100,100,0.03997748211379173,-0.10180587850470248,0,49.29085326194763
57.209848403930664,1.7954174525719018,0.2944838546800796,0.2973273747110846,0.3506510566327301,0.2960727656674928,100,100,0.043756906233165596,-0.10689631111420596,0,49.39948916435242
57.30069065093994,1.798673293396012,0.29173248073608393,0.3019888549797975,0.3506510566327301,0.2960727656674928,100,100,0.043756906233165596,-0.10104250612685974,0,49.490331411361694
57.400020599365234,1.802137613152347,0.2893362765288463,0.3083648086442363,0.3506510566327301,0.2960727656674928,100,100,0.043756906233165596,-0.09597344223709206,0,49.58966135978699
57.50011110305786,1.805494417387807,0.28626217985492103,0.3127081418980419,0.3506510566327301,0.2960727656674928,100,100,0.043756906233165596,-0.08929282004317445,0,49.689751863479614
57.60009813308716,1.8087102085109013,0.2832145801876384,0.31619954464958727,0.3506510566327301,0.2960727656674928,100,100,0.03997748211379173,-0.07678182734409088,0,49.78973889350891
57.70023465156555,1.8117063509267175,0.280299913258395,0.3201517708774742,0.3506510566327301,0.2960727656674928,100,100,0.03997748211379173,-0.07349814058741302,0,49.889875411987305
57.81021738052368,1.8145881380285234,0.27740716444559793,0.3233832671368118,0.3506510566327301,0.2960727656674928,100,100,0.03997748211379173,-0.06829166705732002,0,49.999858140945435
57.900211572647095,1.8173843712550524,0.2745265065670727,0.3272121394039426,0.3506510566327301,0.2960727656674928,100,100,0.03997748211379173,-0.06481512174771166,0,50.08985233306885
58.01086497306824,1.8198971917990643,0.2718730133167932,0.3294688834638649,0.3506510566327301,0.2960727656674928,100,100,0.03997748211379173,-0.06035117723596678,0,50.20050573348999
58.10049033164978,1.822770029223411,0.26878773796811345,0.33154158349776747,0.3506510566327301,0.2960727656674928,100,100,0.03997748211379173,-0.057657049835246735,0,50.29013109207153
58.200398683547974,1.8255126586843304,0.2657832227674462,0.33438560510562865,0.3723565020798789,0.2263599639922346,100,100,0.03997748211379173,-0.05449524796521201,0,50.39003944396973
58.30058026313782,1.828186194844608,0.2627854559614047,0.3374659924223192,0.3723565020798789,0.2263599639922346,100,100,0.03997748211379173,-0.06858214575160405,0,50.49022102355957
58.40003561973572,1.8408596677691063,0.25973667410176016,0.3481024331140988,0.3723565020798789,0.2263599639922346,100,100,0.03997748211379173,-0.06324291261350728,0,50.58967638015747
58.50005340576172,1.843462216592186,0.256689545566069,0.35032533087752044,0.3723565020798789,0.2263599639922346,100,100,0.03997748211379173,-0.06918940485618741,0,50.68969416618347
58.60076069831848,1.8460767547885675,0.25355277265906306,0.3538559346811109,0.3723565020798789,0.2263599639922346,100,100,0.03997748211379173,-0.06520374085580859,0,50.790401458740234
58.70019841194153,1.848606461672418,0.2504353917412731,0.3571187080004612,0.3723565020798789,0.2263599639922346,100,100,0.03997748211379173,-0.060903942042228126,0,50.88983917236328
58.80012035369873,1.8511137949232794,0.24727710216893029,0.3595852763824416,0.3723565020798789,0.2263599639922346,100,100,0.03997748211379173,-0.05697506264837087,0,50.98976111412048
58.910104274749756,1.853599406981125,0.24408088616038479,0.3618510729522746,0.3723565020798789,0.2263599639922346,100,100,0.04455294741390027,-0.05900878249263994,0,51.09974503517151
59.01263618469238,1.8561680088395491,0.2407096867544377,0.36471663947258515,0.3723565020798789,0.2263599639922346,100,100,0.04455294741390027,-0.05465132836189139,0,51.202276945114136
59.10008978843689,1.858819826329015,0.2371456307872669,0.36718594820267525,0.3723565020798789,0.2263599639922346,100,100,0.04455294741390027,-0.049120753693478646,0,51.28973054885864
59.200035572052,1.8614722205040533,0.23351646649832988,0.3688555855545076,0.39092800843201847,0.16523103737433567,100,100,0.040753017436601015,-0.04082751662979663,0,51.389676332473755
59.300522565841675,1.8640296776226815,0.22996464027998767,0.37102175825149464,0.39092800843201847,0.16523103737433567,100,100,0.037524168538116735,-0.034694635762954375,0,51.49016332626343
59.40012192726135,1.8662063299283769,0.2268929147528325,0.3724963045998605,0.39092800843201847,0.16523103737433567,100,100,0.037007615857312146,-0.03111719883288193,0,51.589762687683105
59.50108242034912,1.878740916441866,0.2341409300488964,0.38894304038422034,0.39092800843201847,0.16523103737433567,100,100,0.03643165177680947,-0.027310083888605088,0,51.690723180770874
59.60079908370972,1.8808165206937288,0.23113358583264582,0.3896946347067445,0.39092800843201847,0.16523103737433567,100,100,0.03647381941139949,-0.04246428664300224,0,51.79043984413147
59.702428340911865,1.8828456348971838,0.22815867574365933,0.3915196548520362,0.39092800843201847,0.16523103737433567,100,100,0.03600022046312834,-0.039596009897350334,0,51.89206910133362
59.80108070373535,1.8848493219253315,0.22517325367429106,0.3934710760380711,0.39092800843201847,0.16523103737433567,100,100,0.03550094633258597,-0.035900454665772095,0,51.990721464157104
59.90052628517151,1.8867853335283287,0.2222517245294371,0.39444125142254105,0.39092800843201847,0.16523103737433567,100,100,0.034983635065210766,-0.03244078613838229,0,52.09016704559326
60.0014750957489,1.8887389683058504,0.21927458361778757,0.39581822537956235,0.39092800843201847,0.16523103737433567,100,100,0.03449774506490923,-0.030736055389436377,0,52.191115856170654
60.10089135169983,1.8906187366478773,0.2163787773052085,0.3969631900490178,0.39092800843201847,0.16523103737433567,100,100,0.03403534030673448,-0.029789324822076396,0,52.29053211212158
60.201560735702515,1.892458944289797,0.21350625234365336,0.39842676545650435,0.39092800843201847,0.16523103737433567,100,100,0.033537867534455805,-0.02852271607792888,0,52.39120149612427
60.30024075508118,1.894278116395223,0.2106433885993041,0.3988213637262945,0.39092800843201847,0.16523103737433567,100,100,0.03308916345619842,-0.027716710622292366,0,52.48988151550293
60.4012131690979,1.8960394356361638,0.20785150616166048,0.40042249785444867,0.39092800843201847,0.16523103737433567,100,100,0.03262284376633521,-0.02756407054918015,0,52.59085392951965
60.50062298774719,1.8977815909184526,0.20505325829771381,0.4016580800629228,0.39092800843201847,0.16523103737433567,100,100,0.032167533404541496,-0.026176140679764495,0,52.690263748168945
60.60017538070679,1.8994673571075673,0.20231595671939612,0.40281289505845425,0.39092800843201847,0.16523103737433567,100,100,0.03171085423217162,-0.025224894108442603,0,52.78981614112854
60.6999785900116,1.9011060517415974,0.19963583117290162,0.40341315156988056,0.39092800843201847,0.16523103737433567,100,100,0.03127260789894053,-0.024590473321978085,0,52.88961935043335
60.80096197128296,1.9011060517415974,0.19963583117290162,0.40341315156988056,0.39092800843201847,0.16523103737433567,100,100,0.030832850452444195,-0.024037418411265728,0,52.99060273170471
60.90772747993469,1.9011060517415974,0.19963583117290162,0.40341315156988056,0.39092800843201847,0.16523103737433567,100,100,0.03122372193108197,-0.020619830477246137,0,53.097368240356445
61.0003342628479,1.9011060517415974,0.19963583117290162,0.40341315156988056,0.39092800843201847,0.16523103737433567,100,100,0.030154856751824326,-0.016017383631531528,0,53.18997502326965
61.10085439682007,1.9011060517415974,0.19963583117290162,0.40341315156988056,0.39092800843201847,0.16523103737433567,100,100,0.02974153191456203,-0.0155317739553953,0,53.29049515724182
61.20172190666199,1.9011060517415974,0.19963583117290162,0.40341315156988056,0.39092800843201847,0.16523103737433567,100,100,0.02933156509009752,-0.0157308964461848,0,53.39136266708374
61.3017520904541,1.9011060517415974,0.19963583117290162,0.40341315156988056,0.4211856360943437,0.10982286324844848,100,100,0.028947120129718885,-0.015003373295249742,0,53.491392850875854
61.40040373802185,1.9011060517415974,0.19963583117290162,0.40341315156988056,0.4211856360943437,0.10982286324844848,100,100,0.03241970193289702,-0.01657666781296877,0,53.5900444984436
61.501144886016846,1.9011060517415974,0.19963583117290162,0.40341315156988056,0.4211856360943437,0.10982286324844848,100,100,0.03197721184429014,-0.016626115771305162,0,53.6907856464386
61.60120463371277,1.9011060517415974,0.19963583117290162,0.40341315156988056,0.4211856360943437,0.10982286324844848,100,100,0.03167997301454962,-0.01656802519649144,0,53.79084539413452
61.70021080970764,1.9011060517415974,0.19963583117290162,0.40341315156988056,0.4211856360943437,0.10982286324844848,100,100,0.031059567994731963,-0.015900065654299408,0,53.889851570129395
61.80000329017639,1.9011060517415974,0.19963583117290162,0.40341315156988056,0.4211856360943437,0.10982286324844848,100,100,0.030582094928086473,-0.01553933917764601,0,53.989644050598145
61.90126895904541,1.9011060517415974,0.19963583117290162,0.40341315156988056,0.4211856360943437,0.10982286324844848,100,100,0.0301122563372381,-0.015417972188442628,0,54.09090971946716
62.000155448913574,1.9011060517415974,0.19963583117290162,0.40341315156988056,0.4211856360943437,0.10982286324844848,100,100,0.029695518577974433,-0.01512733856235746,0,54.18979620933533
62.100420236587524,1.9011060517415974,0.19963583117290162,0.40341315156988056,0.4211856360943437,0.10982286324844848,100,100,0.029220765926528735,-0.014666223126696418,0,54.29006099700928
62.20007252693176,1.9136480610121962,0.17103147032056298,0.40835513737713963,0.4211856360943437,0.10982286324844848,100,100,0.028925454635783165,-0.014562191015058084,0,54.389713287353516
62.3006386756897,1.9136480610121962,0.17103147032056298,0.40835513737713963,0.4211856360943437,0.10982286324844848,99,100,0.02834128244406034,-0.014341348574010314,0,54.49027943611145
62.4013295173645,1.9136480610121962,0.17103147032056298,0.40835513737713963,0.4211856360943437,0.10982286324844848,99,100,0.027311647063277312,0.008446246619117009,0,54.590970277786255
62.50276803970337,1.9136480610121962,0.17103147032056298,0.40835513737713963,0.4211856360943437,0.10982286324844848,99,100,0.026874563445286243,0.008985721705271874,0,54.69240880012512
62.60243058204651,1.9136480610121962,0.17103147032056298,0.40835513737713963,0.4211856360943437,0.10982286324844848,99,100,0.026471561066341704,0.009092507568132267,0,54.79207134246826
62.7010612487793,1.9136480610121962,0.17103147032056298,0.40835513737713963,0.4211856360943437,0.10982286324844848,99,100,0.026099959149984742,0.008810051655848826,0,54.89070200920105
62.80010771751404,1.9136480610121962,0.17103147032056298,0.40835513737713963,0.4211856360943437,0.10982286324844848,99,100,0.025692040087375818,0.008967590978864464,0,54.98974847793579
62.90022921562195,1.9136480610121962,0.17103147032056298,0.40835513737713963,0.4211856360943437,0.10982286324844848,99,100,0.025268928631885977,0.00880621371113893,0,55.0898699760437
63.0010941028595,1.9136480610121962,0.17103147032056298,0.40835513737713963,0.4211856360943437,0.10982286324844848,99,100,0.024293275405380926,0.008688482516487368,0,55.19073486328125
63.10179352760315,1.9136480610121962,0.17103147032056298,0.40835513737713963,0.4211856360943437,0.10982286324844848,99,100,0.023946435879912454,0.008537402376459335,0,55.2914342880249
63.20019507408142,1.9136480610121962,0.17103147032056298,0.40835513737713963,0.4211856360943437,0.10982286324844848,99,100,0.023689489577934503,0.008716174569822864,0,55.389835834503174
63.30180907249451,1.9136480610121962,0.17103147032056298,0.40835513737713963,0.37919469688895513,0.12614473865403183,99,100,0.023216482320301938,0.008632585166681655,0,55.49144983291626
63.4011869430542,1.9136480610121962,0.17103147032056298,0.40835513737713963,0.37919469688895513,0.12614473865403183,99,100,0.022866620869785192,0.008620755350651151,0,55.59082770347595
63.500417709350586,1.9136480610121962,0.17103147032056298,0.40835513737713963,0.37919469688895513,0.12614473865403183,99,100,0.022523810728959988,0.008744424252526674,0,55.69005846977234
63.600518465042114,1.9136480610121962,0.17103147032056298,0.40835513737713963,0.37919469688895513,0.12614473865403183,99,100,0.022187106109014663,0.009032328142432173,0,55.79015922546387
63.69994115829468,1.9136480610121962,0.17103147032056298,0.40835513737713963,0.37919469688895513,0.12614473865403183,99,100,0.0070691199380551566,0.06908550265533736,0,55.88958191871643
63.80114030838013,1.9136480610121962,0.17103147032056298,0.40835513737713963,0.37919469688895513,0.12614473865403183,99,100,0.0,0.18908550265533736,0,55.99078106880188
63.9006781578064,1.9136480610121962,0.17103147032056298,0.40835513737713963,0.37919469688895513,0.12614473865403183,99,100,0.0,0.30908550265533735,0,56.09031891822815
64.00200653076172,1.9136480610121962,0.17103147032056298,0.40835513737713963,0.37919469688895513,0.12614473865403183,99,100,0.0,0.32,0,56.19164729118347
64.10040736198425,1.9136480610121962,0.17103147032056298,0.40835513737713963,0.37919469688895513,0.12614473865403183,99,100,0.0,0.32,0,56.290048122406006
64.2001793384552,1.9136480610121962,0.17103147032056298,0.40835513737713963,0.37919469688895513,0.12614473865403183,99,100,0.0,0.245,0,56.38982009887695
64.30007457733154,1.9136480610121962,0.17103147032056298,0.40835513737713963,0.37919469688895513,0.12614473865403183,99,100,0.0,0.09499999999999999,0,56.489715337753296
64.40025115013123,1.9136480610121962,0.17103147032056298,0.40835513737713963,0.37919469688895513,0.12614473865403183,99,100,0.0,0.0,0,56.58989191055298
64.50051164627075,1.9136480610121962,0.17103147032056298,0.40835513737713963,0.37919469688895513,0.12614473865403183,99,100,0.0,0.0,0,56.690152406692505
64.60014033317566,1.9136480610121962,0.17103147032056298,0.40835513737713963,0.37919469688895513,0.12614473865403183,99,100,0.0,0.0,0,56.78978109359741
64.70252418518066,1.9136480610121962,0.17103147032056298,0.40835513737713963,0.37919469688895513,0.12614473865403183,99,100,0.0,0.12,0,56.89216494560242
64.80066847801208,1.9136480610121962,0.17103147032056298,0.40835513737713963,0.37919469688895513,0.12614473865403183,99,100,0.0,0.24,0,56.99030923843384
64.90839266777039,1.9136480610121962,0.17103147032056298,0.40835513737713963,0.37919469688895513,0.12614473865403183,99,100,-0.05000000074505806,0.0,0,57.09803342819214
65.00153684616089,1.9136480610121962,0.17103147032056298,0.40835513737713963,0.37919469688895513,0.12614473865403183,99,100,-0.05000000074505806,0.0,0,57.19117760658264
65.1003589630127,1.9136480610121962,0.17103147032056298,0.40835513737713963,0.37919469688895513,0.12614473865403183,99,100,-0.05000000074505806,0.0,0,57.28999972343445
65.20019268989563,1.9218584095711855,0.12956761810588974,0.39978527486514465,0.37919469688895513,0.12614473865403183,99,100,-0.05000000074505806,0.0,0,57.38983345031738
65.30010890960693,1.9228956468188148,0.12698787244364237,0.368685776900093,0.37919469688895513,0.12614473865403183,99,100,-0.05000000074505806,0.0,0,57.48974967002869
65.40092730522156,1.9201654857838453,0.1304962867757173,0.3674256029453679,0.37919469688895513,0.12614473865403183,99,100,-0.05000000074505806,0.0,0,57.59056806564331
65.50206017494202,1.9173287684943192,0.1341328579271545,0.36576549206089776,0.37919469688895513,0.12614473865403183,99,100,-0.05000000074505806,0.0,0,57.69170093536377
65.60025143623352,1.9143733222702528,0.13791177763134177,0.3644262813991661,0.37919469688895513,0.12614473865403183,99,100,-0.05000000074505806,0.0,0,57.78989219665527
65.70116376876831,1.9114421101443522,0.14166433009638474,0.3627963638021992,0.37919469688895513,0.12614473865403183,99,100,-0.05000000074505806,0.0,0,57.89080452919006
65.80029654502869,1.9084883094633958,0.14543230389505404,0.3612951645783115,0.37919469688895513,0.12614473865403183,99,100,-0.05000000074505806,0.0,0,57.98993730545044
65.90209484100342,1.9055070387681083,0.14924100950657926,0.35991195171832335,0.37919469688895513,0.12614473865403183,99,100,-0.05000000074505806,0.0,0,58.09173560142517
66.00097155570984,1.9025167709884236,0.15305209592119629,0.35822586203157747,0.37919469688895513,0.12614473865403183,99,100,-0.05000000074505806,0.0,0,58.19061231613159
66.10148000717163,1.8994887739284623,0.15691287388313024,0.356941734079483,0.37919469688895513,0.12614473865403183,99,100,-0.05000000074505806,0.0,0,58.291120767593384
66.2001965045929,1.8964793043580181,0.16074198189572314,0.35523526426067226,0.37919469688895513,0.12614473865403183,99,100,-0.05000000074505806,0.0,0,58.38983726501465
66.30009889602661,1.8934191464920644,0.1646341274811986,0.3540114987681198,0.37919469688895513,0.12614473865403183,99,100,-0.05000000074505806,0.0,0,58.489739656448364
66.41058945655823,1.890407722394738,0.16845549577576782,0.3522669512899012,0.37919469688895513,0.12614473865403183,99,100,-0.05000000074505806,0.0,0,58.60023021697998
66.50149130821228,1.8873353046444474,0.17234709475590757,0.35116461616541256,0.37919469688895513,0.12614473865403183,99,100,-0.05000000074505806,0.0,0,58.69113206863403
66.60025906562805,1.8842998426677315,0.17618693927342569,0.34953177136319297,0.37919469688895513,0.12614473865403183,99,100,-0.05000000074505806,0.0,0,58.789899826049805
66.70202803611755,1.8812170661011083,0.18008029401768857,0.3486074331151864,0.37919469688895513,0.12614473865403183,99,100,-0.05000000074505806,0.0,0,58.89166879653931
66.80006837844849,1.8781648235924293,0.18393639278387677,0.34730281977543226,0.37919469688895513,0.12614473865403183,99,100,-0.05000000074505806,0.0,0,58.98970913887024
66.90031862258911,1.8750671666216707,0.187844843479128,0.3465546941537235,0.37919469688895513,0.12614473865403183,99,100,-0.05000000074505806,0.0,0,59.089959383010864
67.00156211853027,1.8720362272260374,0.1916660637451486,0.344960385254731,0.37919469688895513,0.12614473865403183,99,100,-0.05000000074505806,0.0,0,59.191202878952026
67.10047769546509,1.8690877743610317,0.19536990649291072,0.344376008805157,0.37919469688895513,0.12614473865403183,99,100,-0.05000000074505806,0.0,0,59.29011845588684
67.2002809047699,1.865881148941574,0.19940090739581734,0.34321527141992103,0.37919469688895513,0.12614473865403183,99,100,-0.05000000074505806,0.0,0,59.38992166519165
67.30041027069092,1.8731819989646403,0.22366642939910308,0.36303955706166985,0.37919469688895513,0.12614473865403183,99,100,-0.05000000074505806,0.0,0,59.49005103111267
67.40050911903381,1.8701145197833664,0.22754785816259224,0.3624035282450708,0.37919469688895513,0.12614473865403183,99,100,-0.05000000074505806,0.0,0,59.590149879455566
67.50090217590332,1.8671808568577248,0.23125056886805898,0.3621894533745094,0.37919469688895513,0.12614473865403183,99,100,-0.05000000074505806,0.0,0,59.69054293632507
67.60031938552856,1.8639621476208605,0.23532422788685417,0.36203777726160036,0.37919469688895513,0.12614473865403183,99,100,-0.05000000074505806,0.0,0,59.78996014595032
67.70029139518738,1.8610304581968915,0.23902485057371903,0.3615210677785752,0.37919469688895513,0.12614473865403183,99,100,-0.05000000074505806,0.0,0,59.88993215560913
67.80005931854248,1.857929730072248,0.24293930990146625,0.3611331448677935,0.37919469688895513,0.12614473865403183,99,100,-0.05000000074505806,0.0,0,59.98970007896423
67.90024590492249,1.8548507795612625,0.24681876961918642,0.36094270846437704,0.37919469688895513,0.12614473865403183,99,100,-0.05000000074505806,0.0,0,60.08988666534424
68.00018835067749,1.8517550155916915,0.25071988867425155,0.36075416606600835,0.37919469688895513,0.12614473865403183,99,100,-0.05000000074505806,0.0,0,60.18982911109924
68.10164594650269,1.848670450004578,0.254598712014325,0.3606750154938996,0.37919469688895513,0.12614473865403183,99,100,-0.05000000074505806,0.0,0,60.29128670692444
68.20000958442688,1.8455653646166426,0.25851352069976447,0.3608579138782051,0.37919469688895513,0.12614473865403183,99,100,-0.05000000074505806,0.0,0,60.38965034484863
68.30000638961792,1.8424658961395501,0.26241127015988325,0.36057946423194553,0.37919469688895513,0.12614473865403183,0,100,-0.05000000074505806,0.0,0,60.48964715003967
68.40086579322815,1.8393384792401046,0.26635164108449305,0.36075216468416316,0.37919469688895513,0.12614473865403183,0,100,0.0,0.0,0,60.5905065536499
68.5001699924469,1.8364029886809503,0.27004104615405866,0.3604714875776408,0.3725843264739547,0.2265617267799508,0,100,0.01,-0.06,0,60.68981075286865
68.60078597068787,1.836653958023997,0.269722779482546,0.3613452093595996,0.3725843264739547,0.2265617267799508,0,100,0.03,-0.1258848093097352,0,60.79042673110962
68.70031809806824,1.8378309047917327,0.26820704398006834,0.36518579620955804,0.3725843264739547,0.2265617267799508,0,100,0.05,-0.11996900170746636,0,60.88995885848999
68.81002831459045,1.8402749029766916,0.2649486228640535,0.3691639028055731,0.3725843264739547,0.2265617267799508,0,100,0.07,-0.10824944593647992,0,60.99966907501221
68.90127992630005,1.8435778486486205,0.26034730067433565,0.37318236149081485,0.3725843264739547,0.2265617267799508,0,100,0.08,-0.09407925551343875,0,61.0909206867218
69.00126457214355,1.847247880278841,0.2550621822248926,0.3756070969745473,0.3725843264739547,0.2265617267799508,0,100,0.08,-0.08062918406198932,0,61.19090533256531
69.10131239891052,1.8510003764740142,0.24953001757007615,0.3786067580921252,0.3725843264739547,0.2265617267799508,0,100,0.08,-0.07256140690501493,0,61.290953159332275
69.20073223114014,1.8547511415838522,0.24385037341950497,0.3803976932477918,0.3725843264739547,0.2265617267799508,0,100,0.08,-0.06047281216245984,0,61.39037299156189
69.30558276176453,1.8586275884177161,0.23787026916142762,0.382614484785354,0.3725843264739547,0.2265617267799508,0,100,0.08,-0.05120734240543686,0,61.49522352218628
69.40002536773682,1.8624993074475067,0.23178412777166113,0.38355206037128675,0.3725843264739547,0.2265617267799508,0,100,0.07322553808420544,-0.035790738547940175,0,61.58966612815857
69.50224232673645,1.8663862300474237,0.2255838719269273,0.38495485113945294,0.39092800843201847,0.16523103737433567,0,100,0.07126327960110783,-0.026702139763292526,0,61.6918830871582
69.60051703453064,1.8700396986322896,0.21970380259483244,0.38607622273598263,0.39092800843201847,0.16523103737433567,0,100,0.06925912189286032,-0.019448194643420073,0,61.79015779495239
69.70289921760559,1.873643301443257,0.2138535718864025,0.3864710501475179,0.39092800843201847,0.16523103737433567,0,100,0.06751607962858394,-0.012073132168700502,0,61.892539978027344
69.80012035369873,1.8771450367859053,0.20813418414634316,0.3871680051046057,0.39092800843201847,0.16523103737433567,0,100,0.0657051644933221,-0.008775717844197208,0,61.98976111412048
69.90234041213989,1.8784234148852512,0.20256049550108013,0.3857321710921784,0.39092800843201847,0.16523103737433567,0,100,0.06390115840720838,-0.007561807169921168,0,62.091981172561646
70.00021815299988,1.8738024942546747,0.197165607119942,0.3795116805864288,0.39092800843201847,0.16523103737433567,0,100,0.06285556174884262,0.002433390949355696,0,62.18985891342163
70.10176706314087,1.8770234876102672,0.19184433989364064,0.3792708403873468,0.39092800843201847,0.16523103737433567,0,100,0.0619377242388742,0.013503182225810017,0,62.29140782356262
70.20098042488098,1.8801798216994714,0.18664229386184247,0.37917740592068266,0.39092800843201847,0.16523103737433567,0,100,0.060268762069879904,0.013094413017748115,0,62.390621185302734
70.30165100097656,1.883343613753735,0.18144057776944522,0.3789040089297197,0.39092800843201847,0.16523103737433567,0,100,0.058652545961334845,0.013402371711139838,0,62.491291761398315
70.40003442764282,1.8863342200921969,0.17652391202640216,0.37946419038215207,0.39092800843201847,0.16523103737433567,0,100,0.05705475032278606,0.013437945272333229,0,62.589675188064575
70.50181698799133,1.8891752230483183,0.17185419198694038,0.37934565043330554,0.38754780771806696,0.13810516738180084,0,100,0.05552601400027131,0.013991124060132785,0,62.691457748413086
70.60040426254272,1.8921753248666728,0.1669318458098351,0.3797686553365426,0.38754780771806696,0.13810516738180084,0,100,0.05401312235058712,0.013788011907091023,0,62.79004502296448
70.70040011405945,1.8948925698520123,0.16248261902418995,0.37969543765888386,0.38754780771806696,0.13810516738180084,0,100,0.05255452035445639,0.013819860819723402,0,62.8900408744812
70.81014776229858,1.8977525860989057,0.1578157342551457,0.38024557463100295,0.38754780771806696,0.13810516738180084,0,100,0.051113319596150834,0.012966592890267453,0,62.99978852272034
70.90008068084717,1.9003117707746318,0.15364206988624976,0.380277825022415,0.38754780771806696,0.13810516738180084,0,100,0.04972364151294614,0.013553176309485545,0,63.08972144126892
71.00997638702393,1.9029117509313231,0.14942405155559138,0.38084825892698737,0.38754780771806696,0.13810516738180084,0,100,0.048370015243280745,0.01210056841406676,0,63.19961714744568
71.10993719100952,1.9054669609174366,0.14527383584718984,0.3812901454335062,0.38754780771806696,0.13810516738180084,0,100,0.04705393127096184,0.013301909167772465,0,63.299577951431274
71.20136976242065,1.9079389062649663,0.1412778004245831,0.38187442176525005,0.38754780771806696,0.13810516738180084,0,100,0.04577598889666251,0.012242895524136535,0,63.39101052284241
71.30023741722107,1.9103439286566686,0.1373831961256195,0.3826907391924512,0.38754780771806696,0.13810516738180084,0,100,0.04454063240224623,0.01314940657795863,0,63.48987817764282
71.4000346660614,1.9127078003099276,0.13357266750527333,0.3827754284206374,0.38754780771806696,0.13810516738180084,0,100,0.043319987155769145,0.012502555952103624,0,63.589675426483154
71.50028371810913,1.914992172598701,0.12989787936888247,0.38383945329293184,0.38754780771806696,0.13810516738180084,0,100,0.042193767758318755,0.01212200262343092,0,63.689924478530884
71.61069464683533,1.9172062491435098,0.13630328779019424,0.38782563571004425,0.37919469688895513,0.12614473865403183,0,100,0.04100381513494992,0.01266325558705857,0,63.80033540725708
71.70176410675049,1.9194035592708127,0.13278878592694918,0.38833512238380274,0.37919469688895513,0.12614473865403183,0,100,0.04213220970567834,-0.006846741842295118,0,63.89140486717224
71.80034160614014,1.9215972258287353,0.12927013753524846,0.3895530196091648,0.37919469688895513,0.12614473865403183,0,100,0.04104266598731358,-0.006592325614207566,0,63.98998236656189
71.9000301361084,1.9237983385746669,0.12573872579860784,0.39019053902269935,0.37919469688895513,0.12614473865403183,0,100,0.02531675776746589,0.06874333216318206,0,64.08967089653015
72.00030493736267,1.9254865876086056,0.12303259236186576,0.39034443345083236,0.37919469688895513,0.12614473865403183,0,100,0.0,0.18874333216318206,0,64.18994569778442
72.10047483444214,1.9263177155449331,0.12172425233924901,0.3873150885130321,0.37919469688895513,0.12614473865403183,0,100,0.0,0.30874333216318206,0,64.29011559486389
72.20185399055481,1.9264121155896747,0.12158614475262092,0.38307946400165077,0.37919469688895513,0.12614473865403183,0,100,0.0,0.32,0,64.39149475097656
72.29995059967041,1.9266116737575818,0.12129771716033258,0.3780446568875764,0.37919469688895513,0.12614473865403183,0,100,0.0,0.32,0,64.48959136009216
72.40064191818237,1.9267006056349583,0.1211765231267522,0.3729166018046933,0.37919469688895513,0.12614473865403183,0,100,0.0,0.32,0,64.59028267860413
72.50251889228821,1.9267175771044691,0.12115390545134101,0.36797259383058695,0.37919469688895513,0.12614473865403183,0,100,0.0,0.32,0,64.69215965270996
72.60000324249268,1.92695960043193,0.12085351411091282,0.3639816593432255,0.37919469688895513,0.12614473865403183,0,100,0.0,0.32,0,64.78964400291443
72.70035195350647,1.9269749805048366,0.12083616848894123,0.36014832270008806,0.37919469688895513,0.12614473865403183,0,100,0.0,0.32,0,64.88999271392822
72.80062937736511,1.926982468041779,0.12082577519846055,0.35470138979763277,0.37919469688895513,0.12614473865403183,0,100,0.0,0.32,0,64.99027013778687
72.90348482131958,1.9271058234829526,0.12069368985141268,0.35079164037166133,0.37919469688895513,0.12614473865403183,0,100,0.0,0.32,0,65.09312558174133
73.00035881996155,1.9270954141497914,0.12070423194305718,0.3474259482492701,0.37919469688895513,0.12614473865403183,0,100,0.0,0.32,0,65.1899995803833
73.11019659042358,1.9272102505525424,0.12059165299557362,0.3435847382071659,0.37919469688895513,0.12614473865403183,0,100,0.0,0.32,0,65.29983735084534
73.2001097202301,1.927212780688017,0.12058944884989367,0.3401654353386712,0.37919469688895513,0.12614473865403183,0,100,0.0,0.32,0,65.38975048065186
73.3022952079773,1.927170013677011,0.12062636226574024,0.33684010368725203,0.37919469688895513,0.12614473865403183,0,100,0.0,0.32,0,65.49193596839905
73.40024590492249,1.9272666414998385,0.12054348034296397,0.33292979175651627,0.37919469688895513,0.12614473865403183,0,100,0.0,0.32,0,65.58988666534424
73.50260972976685,1.9272812022865158,0.12053150366661367,0.32920160909003665,0.37919469688895513,0.12614473865403183,0,100,0.0,0.32,0,65.6922504901886
73.6001558303833,1.9272870959253807,0.12052608294230285,0.3253733594790958,0.37919469688895513,0.12614473865403183,0,100,0.0,0.32,0,65.78979659080505
73.70194029808044,1.9273159198134238,0.1205052070699462,0.32133858986924685,0.37919469688895513,0.12614473865403183,0,100,0.0,0.32,0,65.8915810585022
73.80047464370728,1.9273228085893355,0.12050080064108347,0.31862503535356723,0.37919469688895513,0.12614473865403183,0,100,0.0,0.32,0,65.99011540412903
73.91027355194092,1.9274515213204262,0.12042347327698913,0.31615718045415575,0.37919469688895513,0.12614473865403183,0,100,0.0,0.32,0,66.09991431236267
74.0009536743164,1.927596863790856,0.12034223533571055,0.31366138707435204,0.37919469688895513,0.12614473865403183,0,100,0.0,0.32,0,66.19059443473816
74.10025668144226,1.9276633563444552,0.12030842747938665,0.3114957403157713,0.37919469688895513,0.12614473865403183,0,100,0.0,0.32,0,66.28989744186401
74.20106387138367,1.9276431622320553,0.12031717495615463,0.308642241348463,0.37919469688895513,0.12614473865403183,0,100,0.0,0.32,0,66.39070463180542
74.30106282234192,1.9276517941395686,0.1203119121051053,0.3065066270459936,0.37919469688895513,0.12614473865403183,0,100,0.0,0.32,0,66.49070358276367
74.40141344070435,1.927637737041366,0.12031722482876031,0.30526761513677936,0.37919469688895513,0.12614473865403183,0,100,0.0,0.32,0,66.5910542011261
74.49995303153992,1.9276755176816645,0.12030449335019068,0.3050958278190221,0.37919469688895513,0.12614473865403183,0,100,0.0,0.32,0,66.68959379196167
74.60101819038391,1.9277194013130063,0.12029109360682891,0.30612192407475736,0.37919469688895513,0.12614473865403183,0,100,0.0,0.32,0,66.79065895080566
74.70015907287598,1.9278466100243055,0.12026048997013884,0.308145806836061,0.37919469688895513,0.12614473865403183,0,100,0.0,0.32,0,66.88979983329773
74.8022403717041,1.9279484953006436,0.12024116771603481,0.3113655932871986,0.37919469688895513,0.12614473865403183,0,100,0.0,0.32,0,66.99188113212585
