[INFO] [1790134652.561889269] [nvblox_node]: Create nvblox cuda stream with type: kBlocking
I0923 12:37:32.592734 584712 block_memory_pool_impl.h:65] Expanding the memory pool with 2048 blocks. Number of allocated blocks: 2048
I0923 12:37:32.618477 584712 gpu_hash_interface_impl.cuh:83] Creating a GPUHashImpl with requested capacity of 4096 blocks. Real capacity: 4096
I0923 12:37:32.622901 584712 layer_cake_impl.h:32] Adding Layer with type: N6nvblox15VoxelBlockLayerINS_9TsdfVoxelEEE, voxel_size: 0.05, and memory_type: kDevice to LayerCake.
I0923 12:37:32.649861 584712 block_memory_pool_impl.h:65] Expanding the memory pool with 2048 blocks. Number of allocated blocks: 2048
I0923 12:37:32.652588 584712 gpu_hash_interface_impl.cuh:83] Creating a GPUHashImpl with requested capacity of 4096 blocks. Real capacity: 4096
I0923 12:37:32.660851 584712 layer_cake_impl.h:32] Adding Layer with type: N6nvblox15VoxelBlockLayerINS_10ColorVoxelEEE, voxel_size: 0.05, and memory_type: kDevice to LayerCake.
I0923 12:37:32.686731 584712 block_memory_pool_impl.h:65] Expanding the memory pool with 2048 blocks. Number of allocated blocks: 2048
I0923 12:37:32.691788 584712 gpu_hash_interface_impl.cuh:83] Creating a GPUHashImpl with requested capacity of 4096 blocks. Real capacity: 4096
I0923 12:37:32.693806 584712 layer_cake_impl.h:32] Adding Layer with type: N6nvblox15VoxelBlockLayerINS_14FreespaceVoxelEEE, voxel_size: 0.05, and memory_type: kDevice to LayerCake.
I0923 12:37:32.714284 584712 block_memory_pool_impl.h:65] Expanding the memory pool with 2048 blocks. Number of allocated blocks: 2048
I0923 12:37:32.723973 584712 gpu_hash_interface_impl.cuh:83] Creating a GPUHashImpl with requested capacity of 4096 blocks. Real capacity: 4096
I0923 12:37:32.727974 584712 layer_cake_impl.h:32] Adding Layer with type: N6nvblox15VoxelBlockLayerINS_14OccupancyVoxelEEE, voxel_size: 0.05, and memory_type: kDevice to LayerCake.
I0923 12:37:32.755048 584712 block_memory_pool_impl.h:65] Expanding the memory pool with 2048 blocks. Number of allocated blocks: 2048
I0923 12:37:32.769778 584712 gpu_hash_interface_impl.cuh:83] Creating a GPUHashImpl with requested capacity of 4096 blocks. Real capacity: 4096
I0923 12:37:32.772255 584712 layer_cake_impl.h:32] Adding Layer with type: N6nvblox15VoxelBlockLayerINS_9EsdfVoxelEEE, voxel_size: 0.05, and memory_type: kDevice to LayerCake.
I0923 12:37:32.772719 584712 block_memory_pool_impl.h:65] Expanding the memory pool with 2048 blocks. Number of allocated blocks: 2048
I0923 12:37:32.792754 584712 gpu_hash_interface_impl.cuh:83] Creating a GPUHashImpl with requested capacity of 4096 blocks. Real capacity: 4096
I0923 12:37:32.794405 584712 layer_cake_impl.h:32] Adding Layer with type: N6nvblox10BlockLayerINS_9MeshBlockEEE, voxel_size: 0.05, and memory_type: kDevice to LayerCake.
I0923 12:37:32.794495 584712 layer_cake_streamer_impl.h:79] Adding Streamer with type: N6nvblox25LayerStreamerOldestBlocksINS_15VoxelBlockLayerINS_9TsdfVoxelEEEEE to LayerCake.
I0923 12:37:32.794512 584712 layer_cake_streamer_impl.h:79] Adding Streamer with type: N6nvblox25LayerStreamerOldestBlocksINS_15VoxelBlockLayerINS_10ColorVoxelEEEEE to LayerCake.
I0923 12:37:32.794521 584712 layer_cake_streamer_impl.h:79] Adding Streamer with type: N6nvblox25LayerStreamerOldestBlocksINS_15VoxelBlockLayerINS_14FreespaceVoxelEEEEE to LayerCake.
I0923 12:37:32.794543 584712 layer_cake_streamer_impl.h:79] Adding Streamer with type: N6nvblox25LayerStreamerOldestBlocksINS_15VoxelBlockLayerINS_14OccupancyVoxelEEEEE to LayerCake.
I0923 12:37:32.794552 584712 layer_cake_streamer_impl.h:79] Adding Streamer with type: N6nvblox25LayerStreamerOldestBlocksINS_15VoxelBlockLayerINS_9EsdfVoxelEEEEE to LayerCake.
I0923 12:37:32.794567 584712 layer_cake_streamer_impl.h:79] Adding Streamer with type: N6nvblox25LayerStreamerOldestBlocksINS_10BlockLayerINS_9MeshBlockEEEEE to LayerCake.
I0923 12:37:32.816359 584712 block_memory_pool_impl.h:65] Expanding the memory pool with 2048 blocks. Number of allocated blocks: 2048
I0923 12:37:32.824973 584712 gpu_hash_interface_impl.cuh:83] Creating a GPUHashImpl with requested capacity of 4096 blocks. Real capacity: 4096
I0923 12:37:32.825510 584712 layer_cake_impl.h:32] Adding Layer with type: N6nvblox15VoxelBlockLayerINS_9TsdfVoxelEEE, voxel_size: 0.05, and memory_type: kDevice to LayerCake.
I0923 12:37:32.853660 584712 block_memory_pool_impl.h:65] Expanding the memory pool with 2048 blocks. Number of allocated blocks: 2048
I0923 12:37:32.857492 584712 gpu_hash_interface_impl.cuh:83] Creating a GPUHashImpl with requested capacity of 4096 blocks. Real capacity: 4096
I0923 12:37:32.858444 584712 layer_cake_impl.h:32] Adding Layer with type: N6nvblox15VoxelBlockLayerINS_10ColorVoxelEEE, voxel_size: 0.05, and memory_type: kDevice to LayerCake.
I0923 12:37:32.888536 584712 block_memory_pool_impl.h:65] Expanding the memory pool with 2048 blocks. Number of allocated blocks: 2048
I0923 12:37:32.914582 584712 gpu_hash_interface_impl.cuh:83] Creating a GPUHashImpl with requested capacity of 4096 blocks. Real capacity: 4096
I0923 12:37:32.916254 584712 layer_cake_impl.h:32] Adding Layer with type: N6nvblox15VoxelBlockLayerINS_14FreespaceVoxelEEE, voxel_size: 0.05, and memory_type: kDevice to LayerCake.
I0923 12:37:32.934964 584712 block_memory_pool_impl.h:65] Expanding the memory pool with 2048 blocks. Number of allocated blocks: 2048
I0923 12:37:32.950043 584712 gpu_hash_interface_impl.cuh:83] Creating a GPUHashImpl with requested capacity of 4096 blocks. Real capacity: 4096
I0923 12:37:32.950999 584712 layer_cake_impl.h:32] Adding Layer with type: N6nvblox15VoxelBlockLayerINS_14OccupancyVoxelEEE, voxel_size: 0.05, and memory_type: kDevice to LayerCake.
I0923 12:37:32.994935 584712 block_memory_pool_impl.h:65] Expanding the memory pool with 2048 blocks. Number of allocated blocks: 2048
I0923 12:37:33.004675 584712 gpu_hash_interface_impl.cuh:83] Creating a GPUHashImpl with requested capacity of 4096 blocks. Real capacity: 4096
I0923 12:37:33.005630 584712 layer_cake_impl.h:32] Adding Layer with type: N6nvblox15VoxelBlockLayerINS_9EsdfVoxelEEE, voxel_size: 0.05, and memory_type: kDevice to LayerCake.
I0923 12:37:33.006100 584712 block_memory_pool_impl.h:65] Expanding the memory pool with 2048 blocks. Number of allocated blocks: 2048
I0923 12:37:33.008783 584712 gpu_hash_interface_impl.cuh:83] Creating a GPUHashImpl with requested capacity of 4096 blocks. Real capacity: 4096
I0923 12:37:33.009768 584712 layer_cake_impl.h:32] Adding Layer with type: N6nvblox10BlockLayerINS_9MeshBlockEEE, voxel_size: 0.05, and memory_type: kDevice to LayerCake.
I0923 12:37:33.009842 584712 layer_cake_streamer_impl.h:79] Adding Streamer with type: N6nvblox25LayerStreamerOldestBlocksINS_15VoxelBlockLayerINS_9TsdfVoxelEEEEE to LayerCake.
I0923 12:37:33.009858 584712 layer_cake_streamer_impl.h:79] Adding Streamer with type: N6nvblox25LayerStreamerOldestBlocksINS_15VoxelBlockLayerINS_10ColorVoxelEEEEE to LayerCake.
I0923 12:37:33.009867 584712 layer_cake_streamer_impl.h:79] Adding Streamer with type: N6nvblox25LayerStreamerOldestBlocksINS_15VoxelBlockLayerINS_14FreespaceVoxelEEEEE to LayerCake.
I0923 12:37:33.009876 584712 layer_cake_streamer_impl.h:79] Adding Streamer with type: N6nvblox25LayerStreamerOldestBlocksINS_15VoxelBlockLayerINS_14OccupancyVoxelEEEEE to LayerCake.
I0923 12:37:33.009882 584712 layer_cake_streamer_impl.h:79] Adding Streamer with type: N6nvblox25LayerStreamerOldestBlocksINS_15VoxelBlockLayerINS_9EsdfVoxelEEEEE to LayerCake.
I0923 12:37:33.009891 584712 layer_cake_streamer_impl.h:79] Adding Streamer with type: N6nvblox25LayerStreamerOldestBlocksINS_10BlockLayerINS_9MeshBlockEEEEE to LayerCake.
[INFO] [1790134653.042799771] [nvblox_node]: Initialize Mapper:
[INFO] [1790134653.043176584] [nvblox_node]: static_mapper.do_depth_preprocessing: 0
[INFO] [1790134653.043251050] [nvblox_node]: static_mapper.depth_preprocessing_num_dilations: 4
[INFO] [1790134653.043315660] [nvblox_node]: static_mapper.esdf_slice_min_height: 0.06
[INFO] [1790134653.043355918] [nvblox_node]: static_mapper.esdf_slice_max_height: 0.3
[INFO] [1790134653.043389615] [nvblox_node]: static_mapper.esdf_slice_height: 0.1
[INFO] [1790134653.043462513] [nvblox_node]: static_mapper.exclude_last_view_from_decay: 0
[INFO] [1790134653.043498387] [nvblox_node]: static_mapper.projective_integrator_max_integration_distance_m: 1.4
[INFO] [1790134653.043637975] [nvblox_node]: static_mapper.lidar_projective_integrator_max_integration_distance_m: 10
[INFO] [1790134653.043682905] [nvblox_node]: static_mapper.projective_integrator_truncation_distance_vox: 2
[INFO] [1790134653.043781180] [nvblox_node]: static_mapper.projective_integrator_weighting_mode: inverse_square_tsdf_distance_penalty
[INFO] [1790134653.043821214] [nvblox_node]: static_mapper.projective_integrator_max_weight: 5
[INFO] [1790134653.043855167] [nvblox_node]: static_mapper.projective_tsdf_integrator_invalid_depth_decay_factor: -1
[INFO] [1790134653.043941186] [nvblox_node]: static_mapper.free_region_occupancy_probability: 0.3
[INFO] [1790134653.043978499] [nvblox_node]: static_mapper.occupied_region_occupancy_probability: 0.7
[INFO] [1790134653.044015012] [nvblox_node]: static_mapper.unobserved_region_occupancy_probability: 0.5
[INFO] [1790134653.044048933] [nvblox_node]: static_mapper.occupied_region_half_width_m: 0.1
[INFO] [1790134653.044082598] [nvblox_node]: static_mapper.raycast_subsampling_factor: 4
[INFO] [1790134653.044114503] [nvblox_node]: static_mapper.workspace_bounds_type: kUnbounded
[WARN] [1790134653.047153870] [nvblox_node]: Requested workspace bounds type: "kUnbounded" not recognized. Defaulting to: kUnbounded
[INFO] [1790134653.047276850] [nvblox_node]: static_mapper.workspace_bounds_min_height_m: 0
[INFO] [1790134653.047324244] [nvblox_node]: static_mapper.workspace_bounds_max_height_m: 1
[INFO] [1790134653.047358389] [nvblox_node]: static_mapper.workspace_bounds_min_corner_x_m: 0
[INFO] [1790134653.047389334] [nvblox_node]: static_mapper.workspace_bounds_max_corner_x_m: 0
[INFO] [1790134653.047418743] [nvblox_node]: static_mapper.workspace_bounds_min_corner_y_m: 2
[INFO] [1790134653.047448312] [nvblox_node]: static_mapper.workspace_bounds_max_corner_y_m: 2
[INFO] [1790134653.047503290] [nvblox_node]: static_mapper.esdf_integrator_min_weight: 0.1
[INFO] [1790134653.047537147] [nvblox_node]: static_mapper.esdf_integrator_max_site_distance_vox: 2
[INFO] [1790134653.047568988] [nvblox_node]: static_mapper.esdf_integrator_max_distance_m: 2
[INFO] [1790134653.047603293] [nvblox_node]: static_mapper.mesh_integrator_min_weight: 0.0001
[INFO] [1790134653.047633886] [nvblox_node]: static_mapper.mesh_integrator_weld_vertices: 1
[INFO] [1790134653.047663999] [nvblox_node]: static_mapper.decay_integrator_deallocate_decayed_blocks: 1
[INFO] [1790134653.047825092] [nvblox_node]: static_mapper.tsdf_decay_factor: 0.99
[INFO] [1790134653.047872070] [nvblox_node]: static_mapper.tsdf_decayed_weight_threshold: 0.001
[INFO] [1790134653.047911591] [nvblox_node]: static_mapper.tsdf_set_free_distance_on_decayed: 0
[INFO] [1790134653.047949673] [nvblox_node]: static_mapper.tsdf_decayed_free_distance_vox: 4
[INFO] [1790134653.047988042] [nvblox_node]: static_mapper.free_region_decay_probability: 0.55
[INFO] [1790134653.048025771] [nvblox_node]: static_mapper.occupied_region_decay_probability: 0.4
[INFO] [1790134653.048062028] [nvblox_node]: static_mapper.occupancy_decay_to_free: 0
[INFO] [1790134653.048099854] [nvblox_node]: static_mapper.max_tsdf_distance_for_occupancy_m: 0.15
[INFO] [1790134653.048180592] [nvblox_node]: static_mapper.max_unobserved_to_keep_consecutive_occupancy_ms: 200
[INFO] [1790134653.048232946] [nvblox_node]: static_mapper.min_duration_since_occupied_for_freespace_ms: 1000
[INFO] [1790134653.048439705] [nvblox_node]: static_mapper.min_consecutive_occupancy_duration_for_reset_ms: 2000
[INFO] [1790134653.048482299] [nvblox_node]: static_mapper.check_neighborhood: 1
[INFO] [1790134653.048565629] [nvblox_node]: Initialize Mapper:
[INFO] [1790134653.048608767] [nvblox_node]: dynamic_mapper.do_depth_preprocessing: 0
[INFO] [1790134653.048652480] [nvblox_node]: dynamic_mapper.depth_preprocessing_num_dilations: 4
[INFO] [1790134653.048687073] [nvblox_node]: dynamic_mapper.esdf_slice_min_height: 0
[INFO] [1790134653.048739651] [nvblox_node]: dynamic_mapper.esdf_slice_max_height: 1
[INFO] [1790134653.048770948] [nvblox_node]: dynamic_mapper.esdf_slice_height: 1
[INFO] [1790134653.048798405] [nvblox_node]: dynamic_mapper.exclude_last_view_from_decay: 0
[INFO] [1790134653.048825446] [nvblox_node]: dynamic_mapper.projective_integrator_max_integration_distance_m: 7
[INFO] [1790134653.048856135] [nvblox_node]: dynamic_mapper.lidar_projective_integrator_max_integration_distance_m: 10
[INFO] [1790134653.048934954] [nvblox_node]: dynamic_mapper.projective_integrator_truncation_distance_vox: 4
[INFO] [1790134653.048971019] [nvblox_node]: dynamic_mapper.projective_integrator_weighting_mode: kInverseSquareWeight
[WARN] [1790134653.048999308] [nvblox_node]: Requested weighting function: "kInverseSquareWeight" not recognized. Defaulting to: kInverseSquareWeight
[INFO] [1790134653.049031533] [nvblox_node]: dynamic_mapper.projective_integrator_max_weight: 5
[INFO] [1790134653.049089487] [nvblox_node]: dynamic_mapper.projective_tsdf_integrator_invalid_depth_decay_factor: -1
[INFO] [1790134653.049124176] [nvblox_node]: dynamic_mapper.free_region_occupancy_probability: 0.3
[INFO] [1790134653.049153841] [nvblox_node]: dynamic_mapper.occupied_region_occupancy_probability: 0.7
[INFO] [1790134653.049182962] [nvblox_node]: dynamic_mapper.unobserved_region_occupancy_probability: 0.5
[INFO] [1790134653.049212019] [nvblox_node]: dynamic_mapper.occupied_region_half_width_m: 0.1
[INFO] [1790134653.049241428] [nvblox_node]: dynamic_mapper.raycast_subsampling_factor: 4
[INFO] [1790134653.049275477] [nvblox_node]: dynamic_mapper.workspace_bounds_type: kUnbounded
[WARN] [1790134653.049396345] [nvblox_node]: Requested workspace bounds type: "kUnbounded" not recognized. Defaulting to: kUnbounded
[INFO] [1790134653.049439803] [nvblox_node]: dynamic_mapper.workspace_bounds_min_height_m: 0
[INFO] [1790134653.049474236] [nvblox_node]: dynamic_mapper.workspace_bounds_max_height_m: 1
[INFO] [1790134653.049506205] [nvblox_node]: dynamic_mapper.workspace_bounds_min_corner_x_m: 0
[INFO] [1790134653.049539998] [nvblox_node]: dynamic_mapper.workspace_bounds_max_corner_x_m: 0
[INFO] [1790134653.049574463] [nvblox_node]: dynamic_mapper.workspace_bounds_min_corner_y_m: 2
[INFO] [1790134653.049608608] [nvblox_node]: dynamic_mapper.workspace_bounds_max_corner_y_m: 2
[INFO] [1790134653.049643394] [nvblox_node]: dynamic_mapper.esdf_integrator_min_weight: 0.0001
[INFO] [1790134653.049675779] [nvblox_node]: dynamic_mapper.esdf_integrator_max_site_distance_vox: 1
[INFO] [1790134653.049707076] [nvblox_node]: dynamic_mapper.esdf_integrator_max_distance_m: 2
[INFO] [1790134653.049739525] [nvblox_node]: dynamic_mapper.mesh_integrator_min_weight: 0.0001
[INFO] [1790134653.049808807] [nvblox_node]: dynamic_mapper.mesh_integrator_weld_vertices: 1
[INFO] [1790134653.049845576] [nvblox_node]: dynamic_mapper.decay_integrator_deallocate_decayed_blocks: 1
[INFO] [1790134653.049880618] [nvblox_node]: dynamic_mapper.tsdf_decay_factor: 0.95
[INFO] [1790134653.049914699] [nvblox_node]: dynamic_mapper.tsdf_decayed_weight_threshold: 0.001
[INFO] [1790134653.049948332] [nvblox_node]: dynamic_mapper.tsdf_set_free_distance_on_decayed: 0
[INFO] [1790134653.049982061] [nvblox_node]: dynamic_mapper.tsdf_decayed_free_distance_vox: 4
[INFO] [1790134653.050016910] [nvblox_node]: dynamic_mapper.free_region_decay_probability: 0.55
[INFO] [1790134653.050051695] [nvblox_node]: dynamic_mapper.occupied_region_decay_probability: 0.4
[INFO] [1790134653.050170451] [nvblox_node]: dynamic_mapper.occupancy_decay_to_free: 0
[INFO] [1790134653.050214997] [nvblox_node]: dynamic_mapper.max_tsdf_distance_for_occupancy_m: 0.15
[INFO] [1790134653.050245558] [nvblox_node]: dynamic_mapper.max_unobserved_to_keep_consecutive_occupancy_ms: 200
[INFO] [1790134653.050274679] [nvblox_node]: dynamic_mapper.min_duration_since_occupied_for_freespace_ms: 1000
[INFO] [1790134653.050301944] [nvblox_node]: dynamic_mapper.min_consecutive_occupancy_duration_for_reset_ms: 2000
[INFO] [1790134653.050427804] [nvblox_node]: dynamic_mapper.check_neighborhood: 1
[INFO] [1790134653.050525695] [nvblox_node]: Initialize MultiMapper:
[INFO] [1790134653.050568609] [nvblox_node]: multi_mapper.connected_mask_component_size_threshold: 2000
[INFO] [1790134653.050603650] [nvblox_node]: multi_mapper.remove_small_connected_components: 1
[INFO] [1790134653.050776008] [nvblox_node]: NvbloxNode::subscribeToTopics()
[INFO] [1790134653.051632357] [nvblox_node]: Subscribing input topics with QoS: SENSOR_DATA
[INFO] [1790134653.055908789] [NitrosContext]: [NitrosContext] Loading extension: gxf/lib/std/libgxf_std.so
[INFO] [1790134653.058502092] [NitrosContext]: [NitrosContext] Loading extension: gxf/lib/libgxf_isaac_gxf_helpers.so
[INFO] [1790134653.071476673] [NitrosContext]: [NitrosContext] Loading extension: gxf/lib/libgxf_isaac_sight.so
[INFO] [1790134653.084712671] [NitrosContext]: [NitrosContext] Loading extension: gxf/lib/libgxf_isaac_atlas.so
[33m2026-09-23 12:37:33.117 WARN  gxf/std/program.cpp@538: No GXF scheduler specified.[0m
[INFO] [1790134653.117867868] [NitrosContext]: [NitrosContext] Loading extension: gxf/lib/multimedia/libgxf_multimedia.so
[INFO] [1790134653.133343333] [nvblox_node.ManagedNitrosSubscriber]: Starting Managed Nitros Subscriber
[INFO] [1790134653.140252397] [nvblox_node]: NvbloxNode::setupTimers()
[INFO] [1790134653.140535767] [nvblox_node]: NvbloxNode::advertiseTopics()
[INFO] [1790134653.171478057] [nvblox_node]: NvbloxNode::advertiseServices()
[INFO] [1790134653.194367436] [nvblox_node]: Started up nvblox node in frame odom and voxel size 0.05
[INFO] [1790134653.194552978] [nvblox_node]: Mapping type: kStaticTsdf
[INFO] [1790134653.196121959] [nvblox_node]: nvblox parameters:
nvblox_node
    cuda_stream_type: kBlocking
    global_frame: odom
    voxel_size: 0.050000
    max_back_projection_distance: 5.000000
    layer_visualization_min_tsdf_weight: 0.100000
    layer_visualization_exclusion_height_m: 2.000000
    layer_visualization_exclusion_radius_m: 5.000000
    layer_streamer_bandwidth_limit_mbps: 30.000000
    distance_map_unknown_value_optimistic: 1000.000000
    distance_map_unknown_value_pessimistic: -1000.000000
    esdf_mode: 2d
    mapping_type: static_tsdf
    pose_frame: base_link
    map_clearing_frame_id: base_link
    after_shutdown_map_save_path: 
    esdf_slice_bounds_visualization_attachment_frame_id: base_link
    workspace_height_bounds_visualization_attachment_frame_id: base_link
    publish_esdf_distance_slice: 1
    use_color: 0
    use_depth: 1
    use_segmentation: 0
    use_lidar: 0
    use_non_equal_vertical_fov_lidar_params: 0
    print_timings_to_console: 1
    print_rates_to_console: 1
    print_queue_drops_to_console: 1
    print_delays_to_console: 1
    layer_visualization_undo_gamma_correction: 0
    output_pessimistic_distance_map: 1
    num_cameras: 1
    lidar_width: 1800
    lidar_height: 16
    tick_period_ms: 10
    print_statistics_on_console_period_ms: 10000
    maximum_input_queue_length: 10
    back_projection_subsampling: 1
    lidar_vertical_fov_rad: 0.523599
    lidar_min_valid_range_m: 0.100000
    lidar_max_valid_range_m: 50.000000
    min_angle_below_zero_elevation_rad: 0.349066
    max_angle_above_zero_elevation_rad: 0.261799
    esdf_slice_bounds_visualization_side_length: 10.000000
    workspace_height_bounds_visualization_side_length: 10.000000
    integrate_depth_rate_hz: 40.000000
    integrate_color_rate_hz: 0.000000
    integrate_lidar_rate_hz: 0.000000
    update_mesh_rate_hz: 0.000000
    update_esdf_rate_hz: 10.000000
    publish_layer_rate_hz: 0.000000
    publish_debug_vis_rate_hz: 0.000000
    decay_tsdf_rate_hz: 5.000000
    decay_dynamic_occupancy_rate_hz: 10.000000
    clear_map_outside_radius_rate_hz: 1.000000
    map_clearing_radius_m: 3.000000
    esdf_and_gradients_unobserved_value: -1000.000000
    multi_mapper
        connected_mask_component_size_threshold: 2000
        background_mapper
            voxel_size_m: 0.050000
            memory_type: kDevice
            projective_layer_type: kTsdf
            esdf_mode: kUnset
            do_depth_preprocessing: 0
            depth_preprocessing_num_dilations: 4
            exclude_last_view_from_decay: 0
            camera_tsdf_integrator
                max_weight:: 5.000000
                marked_unobserved_voxels_distance_m:: -1.000000
                marked_unobserved_voxels_weight:: 0.100000
                weighting_function_type:: kInverseSquareTsdfDistancePenalty
                invalid_depth_decay_factor:: -1.000000
                projective_integrator
                    lidar_linear_interpolation_max_allowable_difference_vox:: 2.000000
                    lidar_nearest_interpolation_max_allowable_dist_to_ray_vox:: 0.500000
                    truncation_distance_vox:: 2.000000
                    max_integration_distance_m:: 1.400000
                    view_calculator
                        raycast_subsampling_factor: 4
                        workspace_bounds_type: kUnbounded
                        workspace_bounds_min_height_m: 0.000000
                        workspace_bounds_max_height_m: 1.000000
                        workspace_bounds_min_corner_x_m: 0.000000
                        workspace_bounds_max_corner_x_m: 0.000000
                        workspace_bounds_min_corner_y_m: 2.000000
                        workspace_bounds_max_corner_y_m: 2.000000
            lidar_tsdf_integrator
                max_weight:: 5.000000
                marked_unobserved_voxels_distance_m:: -1.000000
                marked_unobserved_voxels_weight:: 0.100000
                weighting_function_type:: kInverseSquareWeight
                invalid_depth_decay_factor:: -1.000000
                projective_integrator
                    lidar_linear_interpolation_max_allowable_difference_vox:: 2.000000
                    lidar_nearest_interpolation_max_allowable_dist_to_ray_vox:: 0.500000
                    truncation_distance_vox:: 2.000000
                    max_integration_distance_m:: 10.000000
                    view_calculator
                        raycast_subsampling_factor: 4
                        workspace_bounds_type: kUnbounded
                        workspace_bounds_min_height_m: 0.000000
                        workspace_bounds_max_height_m: 1.000000
                        workspace_bounds_min_corner_x_m: 0.000000
                        workspace_bounds_max_corner_x_m: 0.000000
                        workspace_bounds_min_corner_y_m: 2.000000
                        workspace_bounds_max_corner_y_m: 2.000000
            projective_color_integrator
                sphere_tracing_ray_subsampling_factor:: 4
                max_weight:: 5.000000
                weighting_function_type:: kInverseSquareTsdfDistancePenalty
                projective_integrator
                    lidar_linear_interpolation_max_allowable_difference_vox:: 2.000000
                    lidar_nearest_interpolation_max_allowable_dist_to_ray_vox:: 0.500000
                    truncation_distance_vox:: 4.000000
                    max_integration_distance_m:: 1.400000
                    view_calculator
                        raycast_subsampling_factor: 4
                        workspace_bounds_type: kUnbounded
                        workspace_bounds_min_height_m: 0.000000
                        workspace_bounds_max_height_m: 1.000000
                        workspace_bounds_min_corner_x_m: 0.000000
                        workspace_bounds_max_corner_x_m: 0.000000
                        workspace_bounds_min_corner_y_m: 2.000000
                        workspace_bounds_max_corner_y_m: 2.000000
                view_calculator
                    raycast_subsampling_factor: 4
                    workspace_bounds_type: kUnbounded
                    workspace_bounds_min_height_m: 0.000000
                    workspace_bounds_max_height_m: 1.000000
                    workspace_bounds_min_corner_x_m: 0.000000
                    workspace_bounds_max_corner_x_m: 0.000000
                    workspace_bounds_min_corner_y_m: 2.000000
                    workspace_bounds_max_corner_y_m: 2.000000
            camera_occupancy_integrator
                free_region_log_odds:: -0.847298
                occupied_region_log_odds:: 0.847298
                unobserved_region_log_odds:: 0.000000
                occupied_region_half_width_m:: 0.100000
                projective_integrator
                    lidar_linear_interpolation_max_allowable_difference_vox:: 2.000000
                    lidar_nearest_interpolation_max_allowable_dist_to_ray_vox:: 0.500000
                    truncation_distance_vox:: 2.000000
                    max_integration_distance_m:: 1.400000
                    view_calculator
                        raycast_subsampling_factor: 4
                        workspace_bounds_type: kUnbounded
                        workspace_bounds_min_height_m: 0.000000
                        workspace_bounds_max_height_m: 1.000000
                        workspace_bounds_min_corner_x_m: 0.000000
                        workspace_bounds_max_corner_x_m: 0.000000
                        workspace_bounds_min_corner_y_m: 2.000000
                        workspace_bounds_max_corner_y_m: 2.000000
            lidar_occupancy_integrator
                free_region_log_odds:: -0.847298
                occupied_region_log_odds:: 0.847298
                unobserved_region_log_odds:: 0.000000
                occupied_region_half_width_m:: 0.100000
                projective_integrator
                    lidar_linear_interpolation_max_allowable_difference_vox:: 2.000000
                    lidar_nearest_interpolation_max_allowable_dist_to_ray_vox:: 0.500000
                    truncation_distance_vox:: 2.000000
                    max_integration_distance_m:: 10.000000
                    view_calculator
                        raycast_subsampling_factor: 4
                        workspace_bounds_type: kUnbounded
                        workspace_bounds_min_height_m: 0.000000
                        workspace_bounds_max_height_m: 1.000000
                        workspace_bounds_min_corner_x_m: 0.000000
                        workspace_bounds_max_corner_x_m: 0.000000
                        workspace_bounds_min_corner_y_m: 2.000000
                        workspace_bounds_max_corner_y_m: 2.000000
            esdf_integrator
                max_esdf_distance_m:: 2.000000
                max_tsdf_site_distance_vox:: 2.000000
                tsdf_min_weight:: 0.100000
                occupied_threshold_log_odds:: 0.000000
                esdf_slice_min_height:: 0.060000
                esdf_slice_max_height:: 0.300000
                esdf_slice_height:: 0.100000
                slice_height_above_plane_m:: 0.000000
                slice_height_thickness_m:: 0.100000
            mesh_integrator
                min_weight:: 0.000100
                cutoff_distance_vox:: 5.000000
                weld_vertices:: 1
            occupancy_decay_integrator
                free_space_decay_log_odds:: 0.200671
                occupied_space_decay_log_odds:: -0.405465
                decay_to_log_odds_:: 0.000000
                decay_integrator
                    deallocate_decayed_blocks:: 1
            tsdf_decay_integrator
                decay_factor:: 0.990000
                decayed_weight_theshold:: 0.001000
                set_free_distance_on_decayed:: 0
                free_distance_vox:: 4.000000
                decay_integrator
                    deallocate_decayed_blocks:: 1
            freespace_integrator
                max_tsdf_distance_for_occupancy_m:: 0.150000
                max_unobserved_to_keep_consecutive_occupancy_ms:: 200
                min_duration_since_occupied_for_freespace_ms:: 1000
                min_consecutive_occupancy_duration_for_reset_ms:: 2000
                check_neighborhood:: 1
        foreground_mapper
            voxel_size_m: 0.050000
            memory_type: kDevice
            projective_layer_type: kNone
            esdf_mode: kUnset
            do_depth_preprocessing: 0
            depth_preprocessing_num_dilations: 4
            exclude_last_view_from_decay: 0
            camera_tsdf_integrator
                max_weight:: 5.000000
                marked_unobserved_voxels_distance_m:: -1.000000
                marked_unobserved_voxels_weight:: 0.100000
                weighting_function_type:: kInverseSquareWeight
                invalid_depth_decay_factor:: -1.000000
                projective_integrator
                    lidar_linear_interpolation_max_allowable_difference_vox:: 2.000000
                    lidar_nearest_interpolation_max_allowable_dist_to_ray_vox:: 0.500000
                    truncation_distance_vox:: 4.000000
                    max_integration_distance_m:: 7.000000
                    view_calculator
                        raycast_subsampling_factor: 4
                        workspace_bounds_type: kUnbounded
                        workspace_bounds_min_height_m: 0.000000
                        workspace_bounds_max_height_m: 1.000000
                        workspace_bounds_min_corner_x_m: 0.000000
                        workspace_bounds_max_corner_x_m: 0.000000
                        workspace_bounds_min_corner_y_m: 2.000000
                        workspace_bounds_max_corner_y_m: 2.000000
            lidar_tsdf_integrator
                max_weight:: 5.000000
                marked_unobserved_voxels_distance_m:: -1.000000
                marked_unobserved_voxels_weight:: 0.100000
                weighting_function_type:: kInverseSquareWeight
                invalid_depth_decay_factor:: -1.000000
                projective_integrator
                    lidar_linear_interpolation_max_allowable_difference_vox:: 2.000000
                    lidar_nearest_interpolation_max_allowable_dist_to_ray_vox:: 0.500000
                    truncation_distance_vox:: 4.000000
                    max_integration_distance_m:: 10.000000
                    view_calculator
                        raycast_subsampling_factor: 4
                        workspace_bounds_type: kUnbounded
                        workspace_bounds_min_height_m: 0.000000
                        workspace_bounds_max_height_m: 1.000000
                        workspace_bounds_min_corner_x_m: 0.000000
                        workspace_bounds_max_corner_x_m: 0.000000
                        workspace_bounds_min_corner_y_m: 2.000000
                        workspace_bounds_max_corner_y_m: 2.000000
            projective_color_integrator
                sphere_tracing_ray_subsampling_factor:: 4
                max_weight:: 5.000000
                weighting_function_type:: kInverseSquareWeight
                projective_integrator
                    lidar_linear_interpolation_max_allowable_difference_vox:: 2.000000
                    lidar_nearest_interpolation_max_allowable_dist_to_ray_vox:: 0.500000
                    truncation_distance_vox:: 4.000000
                    max_integration_distance_m:: 7.000000
                    view_calculator
                        raycast_subsampling_factor: 4
                        workspace_bounds_type: kUnbounded
                        workspace_bounds_min_height_m: 0.000000
                        workspace_bounds_max_height_m: 1.000000
                        workspace_bounds_min_corner_x_m: 0.000000
                        workspace_bounds_max_corner_x_m: 0.000000
                        workspace_bounds_min_corner_y_m: 2.000000
                        workspace_bounds_max_corner_y_m: 2.000000
                view_calculator
                    raycast_subsampling_factor: 4
                    workspace_bounds_type: kUnbounded
                    workspace_bounds_min_height_m: 0.000000
                    workspace_bounds_max_height_m: 1.000000
                    workspace_bounds_min_corner_x_m: 0.000000
                    workspace_bounds_max_corner_x_m: 0.000000
                    workspace_bounds_min_corner_y_m: 2.000000
                    workspace_bounds_max_corner_y_m: 2.000000
            camera_occupancy_integrator
                free_region_log_odds:: -0.847298
                occupied_region_log_odds:: 0.847298
                unobserved_region_log_odds:: 0.000000
                occupied_region_half_width_m:: 0.100000
                projective_integrator
                    lidar_linear_interpolation_max_allowable_difference_vox:: 2.000000
                    lidar_nearest_interpolation_max_allowable_dist_to_ray_vox:: 0.500000
                    truncation_distance_vox:: 4.000000
                    max_integration_distance_m:: 7.000000
                    view_calculator
                        raycast_subsampling_factor: 4
                        workspace_bounds_type: kUnbounded
                        workspace_bounds_min_height_m: 0.000000
                        workspace_bounds_max_height_m: 1.000000
                        workspace_bounds_min_corner_x_m: 0.000000
                        workspace_bounds_max_corner_x_m: 0.000000
                        workspace_bounds_min_corner_y_m: 2.000000
                        workspace_bounds_max_corner_y_m: 2.000000
            lidar_occupancy_integrator
                free_region_log_odds:: -0.847298
                occupied_region_log_odds:: 0.847298
                unobserved_region_log_odds:: 0.000000
                occupied_region_half_width_m:: 0.100000
                projective_integrator
                    lidar_linear_interpolation_max_allowable_difference_vox:: 2.000000
                    lidar_nearest_interpolation_max_allowable_dist_to_ray_vox:: 0.500000
                    truncation_distance_vox:: 4.000000
                    max_integration_distance_m:: 10.000000
                    view_calculator
                        raycast_subsampling_factor: 4
                        workspace_bounds_type: kUnbounded
                        workspace_bounds_min_height_m: 0.000000
                        workspace_bounds_max_height_m: 1.000000
                        workspace_bounds_min_corner_x_m: 0.000000
                        workspace_bounds_max_corner_x_m: 0.000000
                        workspace_bounds_min_corner_y_m: 2.000000
                        workspace_bounds_max_corner_y_m: 2.000000
            esdf_integrator
                max_esdf_distance_m:: 2.000000
                max_tsdf_site_distance_vox:: 1.000000
                tsdf_min_weight:: 0.000100
                occupied_threshold_log_odds:: 0.000000
                esdf_slice_min_height:: 0.000000
                esdf_slice_max_height:: 1.000000
                esdf_slice_height:: 1.000000
                slice_height_above_plane_m:: 0.000000
                slice_height_thickness_m:: 0.100000
            mesh_integrator
                min_weight:: 0.000100
                cutoff_distance_vox:: 5.000000
                weld_vertices:: 1
            occupancy_decay_integrator
                free_space_decay_log_odds:: 0.200671
                occupied_space_decay_log_odds:: -0.405465
                decay_to_log_odds_:: 0.000000
                decay_integrator
                    deallocate_decayed_blocks:: 1
            tsdf_decay_integrator
                decay_factor:: 0.950000
                decayed_weight_theshold:: 0.001000
                set_free_distance_on_decayed:: 0
                free_distance_vox:: 4.000000
                decay_integrator
                    deallocate_decayed_blocks:: 1
            freespace_integrator
                max_tsdf_distance_for_occupancy_m:: 0.150000
                max_unobserved_to_keep_consecutive_occupancy_ms:: 200
                min_duration_since_occupied_for_freespace_ms:: 1000
                min_consecutive_occupancy_duration_for_reset_ms:: 2000
                check_neighborhood:: 1
        image_masker
            occlusion_threshold_m:: 0.250000
        ground_plane_estimator
            ground_points_candidates_min_z_m:: -0.100000
            ground_points_candidates_max_z_m:: 0.150000
            ransac_plane_fitter
                num_ransac_iterations:: 1000
                ransac_distance_threshold_m:: 0.200000
            tsdf_zero_crossings_extractor
                min_tsdf_weight:: 0.100000
                max_crossings:: 360000

[INFO] [1790134653.208334083] [nvblox_node]: Timing statistics: 

NVBlox Timings (in seconds)
namespace/tag - NumSamples - TotalTime - (Mean +- StdDev) - [Min,Max]
-----------
esdf/integrate_slice    	      1	00.000002	(00.000002 +- 00.000000)	[00.000002,00.000002]
gpu_hash/transfer/reset 	     12	00.148102	(00.012342 +- 00.007510)	[00.003527,00.026729]
ros/clear_outside_radius	      1	00.000003	(00.000003 +- 00.000000)	[00.000003,00.000003]
ros/decay_tsdf          	      1	00.004971	(00.004971 +- 00.000000)	[00.004971,00.004971]
ros/esdf                	      1	00.000241	(00.000241 +- 00.000000)	[00.000241,00.000241]
ros/esdf/integrate      	      1	00.000114	(00.000114 +- 00.000000)	[00.000114,00.000114]
ros/esdf/slice_output   	      1	00.000107	(00.000107 +- 00.000000)	[00.000107,00.000107]
ros/idle                	      0	
ros/process_queue       	      3	00.000009	(00.000003 +- 00.000003)	[00.000000,00.000008]
ros/tick                	      0	
-----------

[INFO] [1790134653.208674062] [nvblox_node]: Rates statistics: 

NVBlox Rates (in Hz)
namespace/tag - NumSamples (Window Length) - Mean 
-----------
ros/update_esdf	1      	0.0
ros/tick       	1      	0.0
-----------

[INFO] [1790134653.208752625] [nvblox_node]: Delay statistics: 

NVBlox Delays
namespace/tag - NumSamples (Window Length) - Mean Delay (seconds) 
-----------
-----------

[INFO] [1790134663.211439680] [nvblox_node]: Timing statistics: 

NVBlox Timings (in seconds)
namespace/tag - NumSamples - TotalTime - (Mean +- StdDev) - [Min,Max]
-----------
/esdf_slicer/get_aabb                         	     84	00.000302	(00.000004 +- 00.000001)	[00.000002,00.000008]
/esdf_slicer/slice_layer                      	     84	00.014945	(00.000178 +- 00.000088)	[00.000093,00.001742]
esdf/integrate/clear                          	     94	00.019944	(00.000212 +- 00.000042)	[00.000157,00.000340]
esdf/integrate/clear/get_blocks               	     94	00.004323	(00.000046 +- 00.000019)	[00.000024,00.000155]
esdf/integrate/compute/neighbor_bands         	    132	00.057659	(00.000437 +- 00.000107)	[00.000170,00.003528]
esdf/integrate/compute/neighbor_bands/gpu_view	    132	00.015664	(00.000119 +- 00.000083)	[00.000008,00.002696]
esdf/integrate/compute/swap                   	    132	00.000174	(00.000001 +- 00.000000)	[00.000000,00.000005]
esdf/integrate/compute/sweep                  	    132	00.005878	(00.000045 +- 00.000010)	[00.000014,00.000695]
esdf/integrate/mark_sites/pack_out            	     94	00.006594	(00.000070 +- 00.000014)	[00.000054,00.000133]
esdf/integrate_slice                          	     95	00.198990	(00.002095 +- 00.000423)	[00.000002,00.012098]
esdf/integrate_slice/compute                  	     94	00.067240	(00.000715 +- 00.000133)	[00.000263,00.005223]
esdf/integrate_slice/mark_sites               	     94	00.110931	(00.001180 +- 00.000388)	[00.000188,00.007867]
gpu_hash/flush_insertion_cache                	     98	00.017750	(00.000181 +- 00.000036)	[00.000126,00.001205]
gpu_hash/flush_removal_cache                  	     96	00.038652	(00.000403 +- 00.000262)	[00.000103,00.003343]
gpu_hash/transfer/reset                       	     12	00.148102	(00.012342 +- 00.007510)	[00.003527,00.026729]
ros/clear_outside_radius                      	     10	00.000009	(00.000001 +- 00.000001)	[00.000000,00.000003]
ros/decay_tsdf                                	     49	00.091546	(00.001868 +- 00.001076)	[00.000485,00.006232]
ros/depth                                     	    150	00.264693	(00.001765 +- 00.000238)	[00.000534,00.018370]
ros/depth/conversions                         	    150	00.131910	(00.000879 +- 00.000072)	[00.000060,00.003426]
ros/depth/integrate                           	    150	00.123750	(00.000825 +- 00.000216)	[00.000390,00.014919]
ros/depth/output/back_projected_depth         	    150	00.003213	(00.000021 +- 00.000001)	[00.000003,00.001661]
ros/depth/transform                           	    150	00.003976	(00.000027 +- 00.000009)	[00.000016,00.000107]
ros/depth_image_callback                      	    150	00.006902	(00.000046 +- 00.000013)	[00.000022,00.000122]
ros/esdf                                      	     95	00.270573	(00.002848 +- 00.000500)	[00.000241,00.012768]
ros/esdf/integrate                            	     95	00.217813	(00.002293 +- 00.000455)	[00.000114,00.012266]
ros/esdf/slice_output                         	     95	00.052037	(00.000548 +- 00.000167)	[00.000013,00.002325]
ros/idle                                      	   1001	09.012087	(00.009003 +- 00.001143)	[00.000316,00.014825]
ros/process_queue                             	   3006	00.311604	(00.000104 +- 00.000398)	[00.000000,00.018715]
ros/push_onto_queue                           	    150	00.000558	(00.000004 +- 00.000002)	[00.000002,00.000018]
ros/static/esdf/output/compute                	     84	00.019129	(00.000228 +- 00.000098)	[00.000121,00.001819]
ros/static/esdf/output/slice                  	     84	00.028271	(00.000337 +- 00.000119)	[00.000213,00.000986]
ros/tick                                      	   1001	00.992207	(00.000991 +- 00.001114)	[00.000088,00.020706]
tsdf/integrate                                	    150	00.045164	(00.000301 +- 00.000074)	[00.000149,00.002971]
tsdf/integrate/allocate_blocks                	    150	00.009750	(00.000065 +- 00.000048)	[00.000013,00.000888]
tsdf/integrate/get_blocks_in_view             	    150	00.003283	(00.000022 +- 00.000006)	[00.000006,00.000991]
tsdf/integrate/transfer_blocks                	    150	00.016723	(00.000111 +- 00.000025)	[00.000060,00.001172]
tsdf/integrate/update_blocks                  	    150	00.013765	(00.000092 +- 00.000042)	[00.000059,00.001371]
view_calculator/raycast                       	    150	00.002618	(00.000017 +- 00.000006)	[00.000005,00.000981]
view_calculator/raycast/output                	      1	00.000095	(00.000095 +- 00.000000)	[00.000095,00.000095]
view_calculator/raycast/raycast_pixels_kernel 	      1	00.000769	(00.000769 +- 00.000000)	[00.000769,00.000769]
view_calculator/raycast/setup                 	      1	00.000103	(00.000103 +- 00.000000)	[00.000103,00.000103]
-----------

[INFO] [1790134663.212037588] [nvblox_node]: Rates statistics: 

NVBlox Rates (in Hz)
namespace/tag - NumSamples (Window Length) - Mean 
-----------
ros/depth               	100    	15.2
ros/depth_image_callback	100    	15.1
ros/update_esdf         	95     	9.6
ros/tick                	100    	101.0
-----------

[INFO] [1790134663.212132119] [nvblox_node]: Delay statistics: 

NVBlox Delays
namespace/tag - NumSamples (Window Length) - Mean Delay (seconds) 
-----------
ros/esdf_integration       	94     	0.104
ros/depth_image_integration	100    	0.070
ros/depth_image_callback   	100    	0.063
-----------

[INFO] [1790134673.211711337] [nvblox_node]: Timing statistics: 

NVBlox Timings (in seconds)
namespace/tag - NumSamples - TotalTime - (Mean +- StdDev) - [Min,Max]
-----------
/esdf_slicer/get_aabb                         	    179	00.000640	(00.000004 +- 00.000001)	[00.000002,00.000008]
/esdf_slicer/slice_layer                      	    179	00.027657	(00.000155 +- 00.000038)	[00.000093,00.001742]
esdf/integrate/clear                          	    189	00.041602	(00.000220 +- 00.000048)	[00.000153,00.000400]
esdf/integrate/clear/get_blocks               	    189	00.009346	(00.000049 +- 00.000013)	[00.000021,00.000157]
esdf/integrate/compute/neighbor_bands         	    239	00.082337	(00.000345 +- 00.000031)	[00.000170,00.003528]
esdf/integrate/compute/neighbor_bands/gpu_view	    239	00.023201	(00.000097 +- 00.000016)	[00.000008,00.002696]
esdf/integrate/compute/swap                   	    239	00.000327	(00.000001 +- 00.000000)	[00.000000,00.000005]
esdf/integrate/compute/sweep                  	    239	00.010436	(00.000044 +- 00.000009)	[00.000014,00.000695]
esdf/integrate/mark_sites/pack_out            	    189	00.013802	(00.000073 +- 00.000016)	[00.000054,00.000167]
esdf/integrate_slice                          	    190	00.353847	(00.001862 +- 00.000455)	[00.000002,00.012098]
esdf/integrate_slice/compute                  	    189	00.100216	(00.000530 +- 00.000106)	[00.000263,00.005223]
esdf/integrate_slice/mark_sites               	    189	00.210294	(00.001113 +- 00.000432)	[00.000188,00.007867]
gpu_hash/flush_insertion_cache                	    195	00.034708	(00.000178 +- 00.000034)	[00.000126,00.001205]
gpu_hash/flush_removal_cache                  	    194	00.065460	(00.000337 +- 00.000189)	[00.000103,00.003343]
gpu_hash/transfer/reset                       	     12	00.148102	(00.012342 +- 00.007510)	[00.003527,00.026729]
ros/clear_outside_radius                      	     20	00.000018	(00.000001 +- 00.000001)	[00.000000,00.000003]
ros/decay_tsdf                                	     98	00.162695	(00.001660 +- 00.000326)	[00.000476,00.006232]
ros/depth                                     	    300	00.506910	(00.001690 +- 00.000127)	[00.000534,00.018370]
ros/depth/conversions                         	    300	00.254719	(00.000849 +- 00.000026)	[00.000060,00.003426]
ros/depth/integrate                           	    300	00.234439	(00.000781 +- 00.000130)	[00.000390,00.014919]
ros/depth/output/back_projected_depth         	    300	00.004903	(00.000016 +- 00.000001)	[00.000003,00.001661]
ros/depth/transform                           	    300	00.008848	(00.000029 +- 00.000018)	[00.000016,00.000126]
ros/depth_image_callback                      	    300	00.014434	(00.000048 +- 00.000018)	[00.000022,00.000201]
ros/esdf                                      	    190	00.499070	(00.002627 +- 00.000549)	[00.000241,00.012768]
ros/esdf/integrate                            	    190	00.391781	(00.002062 +- 00.000501)	[00.000114,00.012266]
ros/esdf/slice_output                         	    190	00.105815	(00.000557 +- 00.000117)	[00.000013,00.002325]
ros/idle                                      	   2001	18.036165	(00.009014 +- 00.000998)	[00.000316,00.014825]
ros/process_queue                             	   6006	00.600966	(00.000100 +- 00.000356)	[00.000000,00.018715]
ros/push_onto_queue                           	    300	00.001192	(00.000004 +- 00.000001)	[00.000002,00.000046]
ros/static/esdf/output/compute                	    179	00.036477	(00.000204 +- 00.000044)	[00.000121,00.001819]
ros/static/esdf/output/slice                  	    179	00.059811	(00.000334 +- 00.000075)	[00.000213,00.000986]
ros/tick                                      	   2001	01.960750	(00.000980 +- 00.000998)	[00.000088,00.020706]
tsdf/integrate                                	    300	00.087138	(00.000290 +- 00.000030)	[00.000149,00.002971]
tsdf/integrate/allocate_blocks                	    300	00.018824	(00.000063 +- 00.000033)	[00.000013,00.000888]
tsdf/integrate/get_blocks_in_view             	    300	00.005822	(00.000019 +- 00.000001)	[00.000006,00.000991]
tsdf/integrate/transfer_blocks                	    300	00.032678	(00.000109 +- 00.000020)	[00.000060,00.001172]
tsdf/integrate/update_blocks                  	    300	00.026261	(00.000088 +- 00.000007)	[00.000059,00.001371]
view_calculator/raycast                       	    300	00.004411	(00.000015 +- 00.000001)	[00.000005,00.000981]
view_calculator/raycast/output                	      1	00.000095	(00.000095 +- 00.000000)	[00.000095,00.000095]
view_calculator/raycast/raycast_pixels_kernel 	      1	00.000769	(00.000769 +- 00.000000)	[00.000769,00.000769]
view_calculator/raycast/setup                 	      1	00.000103	(00.000103 +- 00.000000)	[00.000103,00.000103]
-----------

[INFO] [1790134673.212304125] [nvblox_node]: Rates statistics: 

NVBlox Rates (in Hz)
namespace/tag - NumSamples (Window Length) - Mean 
-----------
ros/depth               	100    	15.2
ros/depth_image_callback	100    	15.1
ros/update_esdf         	100    	9.6
ros/tick                	100    	101.0
-----------

[INFO] [1790134673.212438946] [nvblox_node]: Delay statistics: 

NVBlox Delays
namespace/tag - NumSamples (Window Length) - Mean Delay (seconds) 
-----------
ros/esdf_integration       	100    	0.102
ros/depth_image_integration	100    	0.072
ros/depth_image_callback   	100    	0.065
-----------

[INFO] [1790134683.214506166] [nvblox_node]: Timing statistics: 

NVBlox Timings (in seconds)
namespace/tag - NumSamples - TotalTime - (Mean +- StdDev) - [Min,Max]
-----------
/esdf_slicer/get_aabb                         	    275	00.001005	(00.000004 +- 00.000001)	[00.000002,00.000008]
/esdf_slicer/slice_layer                      	    275	00.042076	(00.000153 +- 00.000135)	[00.000093,00.001742]
esdf/integrate/clear                          	    284	00.062095	(00.000219 +- 00.000026)	[00.000153,00.000429]
esdf/integrate/clear/get_blocks               	    284	00.013888	(00.000049 +- 00.000010)	[00.000021,00.000231]
esdf/integrate/compute/neighbor_bands         	    344	00.107527	(00.000313 +- 00.000055)	[00.000170,00.003528]
esdf/integrate/compute/neighbor_bands/gpu_view	    344	00.030861	(00.000090 +- 00.000016)	[00.000008,00.002696]
esdf/integrate/compute/swap                   	    344	00.000504	(00.000001 +- 00.000003)	[00.000000,00.000026]
esdf/integrate/compute/sweep                  	    344	00.014825	(00.000043 +- 00.000013)	[00.000014,00.000695]
esdf/integrate/mark_sites/pack_out            	    284	00.020776	(00.000073 +- 00.000009)	[00.000054,00.000185]
esdf/integrate_slice                          	    286	00.511176	(00.001787 +- 00.000476)	[00.000001,00.012098]
esdf/integrate_slice/compute                  	    284	00.133523	(00.000470 +- 00.000115)	[00.000263,00.005223]
esdf/integrate_slice/mark_sites               	    284	00.312973	(00.001102 +- 00.000396)	[00.000188,00.007867]
gpu_hash/flush_insertion_cache                	    292	00.050750	(00.000174 +- 00.000025)	[00.000126,00.001205]
gpu_hash/flush_removal_cache                  	    292	00.093354	(00.000320 +- 00.000233)	[00.000100,00.003343]
gpu_hash/transfer/reset                       	     12	00.148102	(00.012342 +- 00.007510)	[00.003527,00.026729]
ros/clear_outside_radius                      	     30	00.000027	(00.000001 +- 00.000000)	[00.000000,00.000003]
ros/decay_tsdf                                	    147	00.235101	(00.001599 +- 00.000469)	[00.000476,00.006232]
ros/depth                                     	    449	00.739613	(00.001647 +- 00.000198)	[00.000534,00.018370]
ros/depth/conversions                         	    449	00.374793	(00.000835 +- 00.000056)	[00.000060,00.003426]
ros/depth/integrate                           	    449	00.339015	(00.000755 +- 00.000184)	[00.000390,00.014919]
ros/depth/output/back_projected_depth         	    449	00.006663	(00.000015 +- 00.000007)	[00.000003,00.001661]
ros/depth/transform                           	    449	00.013183	(00.000029 +- 00.000006)	[00.000016,00.000126]
ros/depth_image_callback                      	    449	00.022594	(00.000050 +- 00.000016)	[00.000022,00.000665]
ros/esdf                                      	    286	00.734070	(00.002567 +- 00.000520)	[00.000241,00.012768]
ros/esdf/integrate                            	    286	00.569237	(00.001990 +- 00.000543)	[00.000114,00.012266]
ros/esdf/slice_output                         	    286	00.162640	(00.000569 +- 00.000160)	[00.000013,00.002325]
ros/idle                                      	   3000	27.080669	(00.009027 +- 00.000976)	[00.000316,00.016306]
ros/process_queue                             	   9003	00.880887	(00.000098 +- 00.000312)	[00.000000,00.018715]
ros/push_onto_queue                           	    449	00.001757	(00.000004 +- 00.000001)	[00.000002,00.000046]
ros/static/esdf/output/compute                	    275	00.055907	(00.000203 +- 00.000142)	[00.000121,00.001819]
ros/static/esdf/output/slice                  	    275	00.092268	(00.000336 +- 00.000074)	[00.000192,00.000986]
ros/tick                                      	   3000	02.908645	(00.000970 +- 00.000963)	[00.000088,00.020706]
tsdf/integrate                                	    449	00.127256	(00.000283 +- 00.000066)	[00.000149,00.002971]
tsdf/integrate/allocate_blocks                	    449	00.027237	(00.000061 +- 00.000048)	[00.000013,00.000888]
tsdf/integrate/get_blocks_in_view             	    449	00.008166	(00.000018 +- 00.000001)	[00.000006,00.000991]
tsdf/integrate/transfer_blocks                	    449	00.048143	(00.000107 +- 00.000020)	[00.000060,00.001172]
tsdf/integrate/update_blocks                  	    449	00.038433	(00.000086 +- 00.000011)	[00.000059,00.001371]
view_calculator/raycast                       	    449	00.006051	(00.000013 +- 00.000001)	[00.000005,00.000981]
view_calculator/raycast/output                	      1	00.000095	(00.000095 +- 00.000000)	[00.000095,00.000095]
view_calculator/raycast/raycast_pixels_kernel 	      1	00.000769	(00.000769 +- 00.000000)	[00.000769,00.000769]
view_calculator/raycast/setup                 	      1	00.000103	(00.000103 +- 00.000000)	[00.000103,00.000103]
-----------

[INFO] [1790134683.215399124] [nvblox_node]: Rates statistics: 

NVBlox Rates (in Hz)
namespace/tag - NumSamples (Window Length) - Mean 
-----------
ros/depth               	100    	15.0
ros/depth_image_callback	100    	15.0
ros/update_esdf         	100    	9.6
ros/tick                	100    	101.0
-----------

[INFO] [1790134683.215492184] [nvblox_node]: Delay statistics: 

NVBlox Delays
namespace/tag - NumSamples (Window Length) - Mean Delay (seconds) 
-----------
ros/esdf_integration       	100    	0.102
ros/depth_image_integration	100    	0.073
ros/depth_image_callback   	100    	0.066
-----------

[INFO] [1790134693.222393439] [nvblox_node]: Timing statistics: 

NVBlox Timings (in seconds)
namespace/tag - NumSamples - TotalTime - (Mean +- StdDev) - [Min,Max]
-----------
/esdf_slicer/get_aabb                         	    369	00.001325	(00.000004 +- 00.000001)	[00.000002,00.000008]
/esdf_slicer/slice_layer                      	    369	00.060545	(00.000164 +- 00.000077)	[00.000093,00.002300]
esdf/integrate/clear                          	    378	00.082047	(00.000217 +- 00.000037)	[00.000153,00.000429]
esdf/integrate/clear/get_blocks               	    378	00.018314	(00.000048 +- 00.000022)	[00.000021,00.000231]
esdf/integrate/compute/neighbor_bands         	    449	00.149419	(00.000333 +- 00.000040)	[00.000170,00.006907]
esdf/integrate/compute/neighbor_bands/gpu_view	    449	00.044925	(00.000100 +- 00.000021)	[00.000008,00.006122]
esdf/integrate/compute/swap                   	    449	00.000649	(00.000001 +- 00.000000)	[00.000000,00.000026]
esdf/integrate/compute/sweep                  	    449	00.018859	(00.000042 +- 00.000026)	[00.000014,00.000695]
esdf/integrate/mark_sites/pack_out            	    378	00.027924	(00.000074 +- 00.000012)	[00.000054,00.000633]
esdf/integrate_slice                          	    380	00.693293	(00.001824 +- 00.000458)	[00.000001,00.012098]
esdf/integrate_slice/compute                  	    378	00.182815	(00.000484 +- 00.000212)	[00.000263,00.006973]
esdf/integrate_slice/mark_sites               	    378	00.425005	(00.001124 +- 00.000354)	[00.000188,00.007867]
gpu_hash/flush_insertion_cache                	    390	00.070511	(00.000181 +- 00.000044)	[00.000126,00.001555]
gpu_hash/flush_removal_cache                  	    389	00.139611	(00.000359 +- 00.000275)	[00.000100,00.005687]
gpu_hash/transfer/reset                       	     12	00.148102	(00.012342 +- 00.007510)	[00.003527,00.026729]
ros/clear_outside_radius                      	     40	00.000032	(00.000001 +- 00.000000)	[00.000000,00.000003]
ros/decay_tsdf                                	    196	00.321632	(00.001641 +- 00.000842)	[00.000469,00.006232]
ros/depth                                     	    598	01.020872	(00.001707 +- 00.000345)	[00.000534,00.018370]
ros/depth/conversions                         	    598	00.519585	(00.000869 +- 00.000207)	[00.000060,00.007653]
ros/depth/integrate                           	    598	00.467261	(00.000781 +- 00.000190)	[00.000390,00.014919]
ros/depth/output/back_projected_depth         	    598	00.008332	(00.000014 +- 00.000006)	[00.000003,00.001661]
ros/depth/transform                           	    598	00.017754	(00.000030 +- 00.000020)	[00.000016,00.000297]
ros/depth_image_callback                      	    598	00.030350	(00.000051 +- 00.000025)	[00.000016,00.000665]
ros/esdf                                      	    380	01.000508	(00.002633 +- 00.000523)	[00.000241,00.012768]
ros/esdf/integrate                            	    380	00.771345	(00.002030 +- 00.000486)	[00.000114,00.012266]
ros/esdf/slice_output                         	    380	00.226259	(00.000595 +- 00.000131)	[00.000013,00.007386]
ros/idle                                      	   3997	36.062365	(00.009022 +- 00.001012)	[00.000235,00.019645]
ros/process_queue                             	  11994	01.213079	(00.000101 +- 00.000425)	[00.000000,00.018715]
ros/push_onto_queue                           	    598	00.002305	(00.000004 +- 00.000001)	[00.000002,00.000046]
ros/static/esdf/output/compute                	    369	00.079413	(00.000215 +- 00.000088)	[00.000121,00.002350]
ros/static/esdf/output/slice                  	    369	00.127327	(00.000345 +- 00.000064)	[00.000192,00.007002]
ros/tick                                      	   3997	03.927958	(00.000983 +- 00.001000)	[00.000088,00.028144]
tsdf/integrate                                	    598	00.184984	(00.000309 +- 00.000100)	[00.000149,00.006873]
tsdf/integrate/allocate_blocks                	    598	00.045529	(00.000076 +- 00.000088)	[00.000013,00.003284]
tsdf/integrate/get_blocks_in_view             	    598	00.010626	(00.000018 +- 00.000001)	[00.000006,00.000991]
tsdf/integrate/transfer_blocks                	    598	00.068330	(00.000114 +- 00.000054)	[00.000060,00.002115]
tsdf/integrate/update_blocks                  	    598	00.053502	(00.000089 +- 00.000019)	[00.000059,00.001432]
view_calculator/raycast                       	    598	00.007763	(00.000013 +- 00.000001)	[00.000005,00.000981]
view_calculator/raycast/output                	      1	00.000095	(00.000095 +- 00.000000)	[00.000095,00.000095]
view_calculator/raycast/raycast_pixels_kernel 	      1	00.000769	(00.000769 +- 00.000000)	[00.000769,00.000769]
view_calculator/raycast/setup                 	      1	00.000103	(00.000103 +- 00.000000)	[00.000103,00.000103]
-----------

[INFO] [1790134693.222941906] [nvblox_node]: Rates statistics: 

NVBlox Rates (in Hz)
namespace/tag - NumSamples (Window Length) - Mean 
-----------
ros/depth               	100    	15.1
ros/depth_image_callback	100    	15.1
ros/update_esdf         	100    	9.5
ros/tick                	100    	101.0
-----------

[INFO] [1790134693.223024053] [nvblox_node]: Delay statistics: 

NVBlox Delays
namespace/tag - NumSamples (Window Length) - Mean Delay (seconds) 
-----------
ros/esdf_integration       	100    	0.105
ros/depth_image_integration	100    	0.076
ros/depth_image_callback   	100    	0.068
-----------

[INFO] [1790134703.222728765] [nvblox_node]: Timing statistics: 

NVBlox Timings (in seconds)
namespace/tag - NumSamples - TotalTime - (Mean +- StdDev) - [Min,Max]
-----------
/esdf_slicer/get_aabb                         	    464	00.001690	(00.000004 +- 00.000001)	[00.000002,00.000030]
/esdf_slicer/slice_layer                      	    464	00.073266	(00.000158 +- 00.000128)	[00.000093,00.002300]
esdf/integrate/clear                          	    472	00.101500	(00.000215 +- 00.000041)	[00.000153,00.000429]
esdf/integrate/clear/get_blocks               	    472	00.022716	(00.000048 +- 00.000026)	[00.000021,00.000231]
esdf/integrate/compute/neighbor_bands         	    546	00.175549	(00.000322 +- 00.000155)	[00.000170,00.006907]
esdf/integrate/compute/neighbor_bands/gpu_view	    546	00.053774	(00.000098 +- 00.000068)	[00.000008,00.006122]
esdf/integrate/compute/swap                   	    546	00.000783	(00.000001 +- 00.000000)	[00.000000,00.000026]
esdf/integrate/compute/sweep                  	    546	00.022423	(00.000041 +- 00.000004)	[00.000014,00.000695]
esdf/integrate/mark_sites/pack_out            	    472	00.035201	(00.000075 +- 00.000098)	[00.000054,00.000760]
esdf/integrate_slice                          	    475	00.853621	(00.001797 +- 00.001352)	[00.000001,00.012098]
esdf/integrate_slice/compute                  	    472	00.215775	(00.000457 +- 00.000160)	[00.000263,00.006973]
esdf/integrate_slice/mark_sites               	    472	00.532144	(00.001127 +- 00.001331)	[00.000182,00.010229]
gpu_hash/flush_insertion_cache                	    486	00.089118	(00.000183 +- 00.000511)	[00.000124,00.003797]
gpu_hash/flush_removal_cache                  	    484	00.171523	(00.000354 +- 00.000324)	[00.000100,00.005687]
gpu_hash/transfer/reset                       	     12	00.148102	(00.012342 +- 00.007510)	[00.003527,00.026729]
ros/clear_outside_radius                      	     50	00.000042	(00.000001 +- 00.000001)	[00.000000,00.000003]
ros/decay_tsdf                                	    244	00.392590	(00.001609 +- 00.000549)	[00.000469,00.006232]
ros/depth                                     	    748	01.263695	(00.001689 +- 00.000191)	[00.000534,00.018370]
ros/depth/conversions                         	    748	00.643520	(00.000860 +- 00.000071)	[00.000060,00.007653]
ros/depth/integrate                           	    748	00.578661	(00.000774 +- 00.000167)	[00.000390,00.014919]
ros/depth/output/back_projected_depth         	    748	00.010052	(00.000013 +- 00.000004)	[00.000003,00.001661]
ros/depth/transform                           	    748	00.021584	(00.000029 +- 00.000008)	[00.000015,00.000297]
ros/depth_image_callback                      	    748	00.037047	(00.000050 +- 00.000025)	[00.000016,00.000665]
ros/esdf                                      	    475	01.230314	(00.002590 +- 00.001347)	[00.000241,00.012768]
ros/esdf/integrate                            	    475	00.950459	(00.002001 +- 00.001355)	[00.000114,00.012266]
ros/esdf/slice_output                         	    475	00.276251	(00.000582 +- 00.000156)	[00.000013,00.007386]
ros/idle                                      	   4997	45.144576	(00.009034 +- 00.000926)	[00.000235,00.019645]
ros/process_queue                             	  14994	01.507008	(00.000101 +- 00.000349)	[00.000000,00.018715]
ros/push_onto_queue                           	    748	00.002831	(00.000004 +- 00.000001)	[00.000002,00.000046]
ros/static/esdf/output/compute                	    464	00.096957	(00.000209 +- 00.000133)	[00.000121,00.002350]
ros/static/esdf/output/slice                  	    464	00.154987	(00.000334 +- 00.000073)	[00.000192,00.007002]
ros/tick                                      	   4997	04.836412	(00.000968 +- 00.000925)	[00.000088,00.028144]
tsdf/integrate                                	    748	00.233501	(00.000312 +- 00.000066)	[00.000149,00.006873]
tsdf/integrate/allocate_blocks                	    748	00.057941	(00.000077 +- 00.000038)	[00.000013,00.003284]
tsdf/integrate/get_blocks_in_view             	    748	00.012911	(00.000017 +- 00.000001)	[00.000006,00.000991]
tsdf/integrate/transfer_blocks                	    748	00.087653	(00.000117 +- 00.000045)	[00.000060,00.003296]
tsdf/integrate/update_blocks                  	    748	00.066379	(00.000089 +- 00.000021)	[00.000059,00.001432]
view_calculator/raycast                       	    748	00.009378	(00.000013 +- 00.000001)	[00.000005,00.000981]
view_calculator/raycast/output                	      1	00.000095	(00.000095 +- 00.000000)	[00.000095,00.000095]
view_calculator/raycast/raycast_pixels_kernel 	      1	00.000769	(00.000769 +- 00.000000)	[00.000769,00.000769]
view_calculator/raycast/setup                 	      1	00.000103	(00.000103 +- 00.000000)	[00.000103,00.000103]
-----------

[INFO] [1790134703.223239502] [nvblox_node]: Rates statistics: 

NVBlox Rates (in Hz)
namespace/tag - NumSamples (Window Length) - Mean 
-----------
ros/depth               	100    	15.4
ros/depth_image_callback	100    	15.2
ros/update_esdf         	100    	9.6
ros/tick                	100    	101.0
-----------

[INFO] [1790134703.223305136] [nvblox_node]: Delay statistics: 

NVBlox Delays
namespace/tag - NumSamples (Window Length) - Mean Delay (seconds) 
-----------
ros/esdf_integration       	100    	0.111
ros/depth_image_integration	100    	0.082
ros/depth_image_callback   	100    	0.073
-----------

[INFO] [1790134713.223037423] [nvblox_node]: Timing statistics: 

NVBlox Timings (in seconds)
namespace/tag - NumSamples - TotalTime - (Mean +- StdDev) - [Min,Max]
-----------
/esdf_slicer/get_aabb                         	    558	00.002097	(00.000004 +- 00.000006)	[00.000002,00.000045]
/esdf_slicer/slice_layer                      	    558	00.087118	(00.000156 +- 00.000106)	[00.000090,00.002300]
esdf/integrate/clear                          	    566	00.121848	(00.000215 +- 00.000050)	[00.000153,00.000430]
esdf/integrate/clear/get_blocks               	    566	00.027267	(00.000048 +- 00.000023)	[00.000021,00.000231]
esdf/integrate/compute/neighbor_bands         	    653	00.204121	(00.000313 +- 00.000243)	[00.000170,00.006907]
esdf/integrate/compute/neighbor_bands/gpu_view	    653	00.062313	(00.000095 +- 00.000101)	[00.000008,00.006122]
esdf/integrate/compute/swap                   	    653	00.000931	(00.000001 +- 00.000000)	[00.000000,00.000026]
esdf/integrate/compute/sweep                  	    653	00.026642	(00.000041 +- 00.000015)	[00.000014,00.000695]
esdf/integrate/mark_sites/pack_out            	    566	00.042561	(00.000075 +- 00.000062)	[00.000054,00.000760]
esdf/integrate_slice                          	    569	01.024748	(00.001801 +- 00.000811)	[00.000001,00.012098]
esdf/integrate_slice/compute                  	    566	00.252263	(00.000446 +- 00.000256)	[00.000263,00.006973]
esdf/integrate_slice/mark_sites               	    566	00.645548	(00.001141 +- 00.000705)	[00.000180,00.010229]
gpu_hash/flush_insertion_cache                	    583	00.106384	(00.000182 +- 00.000112)	[00.000124,00.003797]
gpu_hash/flush_removal_cache                  	    582	00.214787	(00.000369 +- 00.000542)	[00.000100,00.005687]
gpu_hash/transfer/reset                       	     12	00.148102	(00.012342 +- 00.007510)	[00.003527,00.026729]
ros/clear_outside_radius                      	     60	00.000050	(00.000001 +- 00.000000)	[00.000000,00.000003]
ros/decay_tsdf                                	    293	00.488836	(00.001668 +- 00.001446)	[00.000469,00.008776]
ros/depth                                     	    898	01.521228	(00.001694 +- 00.000168)	[00.000534,00.018370]
ros/depth/conversions                         	    898	00.770845	(00.000858 +- 00.000032)	[00.000060,00.007653]
ros/depth/integrate                           	    898	00.701167	(00.000781 +- 00.000159)	[00.000390,00.014919]
ros/depth/output/back_projected_depth         	    898	00.011724	(00.000013 +- 00.000002)	[00.000003,00.001661]
ros/depth/transform                           	    898	00.025613	(00.000029 +- 00.000008)	[00.000015,00.000297]
ros/depth_image_callback                      	    898	00.044463	(00.000050 +- 00.000026)	[00.000016,00.000665]
ros/esdf                                      	    569	01.477586	(00.002597 +- 00.000957)	[00.000241,00.012768]
ros/esdf/integrate                            	    569	01.140792	(00.002005 +- 00.000878)	[00.000114,00.012266]
ros/esdf/slice_output                         	    569	00.332325	(00.000584 +- 00.000168)	[00.000013,00.007386]
ros/idle                                      	   5996	54.134670	(00.009028 +- 00.001088)	[00.000235,00.019645]
ros/process_queue                             	  17991	01.816578	(00.000101 +- 00.000399)	[00.000000,00.018715]
ros/push_onto_queue                           	    898	00.003381	(00.000004 +- 00.000001)	[00.000002,00.000046]
ros/static/esdf/output/compute                	    558	00.115921	(00.000208 +- 00.000111)	[00.000121,00.002350]
ros/static/esdf/output/slice                  	    558	00.187378	(00.000336 +- 00.000077)	[00.000192,00.007002]
ros/tick                                      	   5996	05.837808	(00.000974 +- 00.001074)	[00.000088,00.028144]
tsdf/integrate                                	    898	00.290060	(00.000323 +- 00.000039)	[00.000149,00.011037]
tsdf/integrate/allocate_blocks                	    898	00.077167	(00.000086 +- 00.000034)	[00.000012,00.006882]
tsdf/integrate/get_blocks_in_view             	    898	00.015269	(00.000017 +- 00.000002)	[00.000006,00.000991]
tsdf/integrate/transfer_blocks                	    898	00.106539	(00.000119 +- 00.000021)	[00.000060,00.003296]
tsdf/integrate/update_blocks                  	    898	00.080809	(00.000090 +- 00.000014)	[00.000059,00.001900]
view_calculator/raycast                       	    898	00.011007	(00.000012 +- 00.000001)	[00.000005,00.000981]
view_calculator/raycast/output                	      1	00.000095	(00.000095 +- 00.000000)	[00.000095,00.000095]
view_calculator/raycast/raycast_pixels_kernel 	      1	00.000769	(00.000769 +- 00.000000)	[00.000769,00.000769]
view_calculator/raycast/setup                 	      1	00.000103	(00.000103 +- 00.000000)	[00.000103,00.000103]
-----------

[INFO] [1790134713.223533535] [nvblox_node]: Rates statistics: 

NVBlox Rates (in Hz)
namespace/tag - NumSamples (Window Length) - Mean 
-----------
ros/depth               	100    	15.2
ros/depth_image_callback	100    	15.1
ros/update_esdf         	100    	9.5
ros/tick                	100    	101.0
-----------

[INFO] [1790134713.223606466] [nvblox_node]: Delay statistics: 

NVBlox Delays
namespace/tag - NumSamples (Window Length) - Mean Delay (seconds) 
-----------
ros/esdf_integration       	100    	0.105
ros/depth_image_integration	100    	0.072
ros/depth_image_callback   	100    	0.065
-----------

[INFO] [1790134723.223384728] [nvblox_node]: Timing statistics: 

NVBlox Timings (in seconds)
namespace/tag - NumSamples - TotalTime - (Mean +- StdDev) - [Min,Max]
-----------
/esdf_slicer/get_aabb                         	    653	00.002426	(00.000004 +- 00.000001)	[00.000002,00.000045]
/esdf_slicer/slice_layer                      	    653	00.100115	(00.000153 +- 00.000025)	[00.000090,00.002300]
esdf/integrate/clear                          	    661	00.142380	(00.000215 +- 00.000045)	[00.000153,00.000430]
esdf/integrate/clear/get_blocks               	    661	00.031585	(00.000048 +- 00.000015)	[00.000021,00.000231]
esdf/integrate/compute/neighbor_bands         	    754	00.228364	(00.000303 +- 00.000025)	[00.000170,00.006907]
esdf/integrate/compute/neighbor_bands/gpu_view	    754	00.069788	(00.000093 +- 00.000015)	[00.000008,00.006122]
esdf/integrate/compute/swap                   	    754	00.001077	(00.000001 +- 00.000000)	[00.000000,00.000026]
esdf/integrate/compute/sweep                  	    754	00.030805	(00.000041 +- 00.000010)	[00.000014,00.000695]
esdf/integrate/mark_sites/pack_out            	    661	00.049546	(00.000075 +- 00.000012)	[00.000054,00.000760]
esdf/integrate_slice                          	    664	01.177727	(00.001774 +- 00.000458)	[00.000001,00.012098]
esdf/integrate_slice/compute                  	    661	00.284143	(00.000430 +- 00.000087)	[00.000263,00.006973]
esdf/integrate_slice/mark_sites               	    661	00.745276	(00.001127 +- 00.000414)	[00.000176,00.010229]
gpu_hash/flush_insertion_cache                	    680	00.122699	(00.000180 +- 00.000036)	[00.000124,00.003797]
gpu_hash/flush_removal_cache                  	    679	00.241762	(00.000356 +- 00.000221)	[00.000100,00.005687]
gpu_hash/transfer/reset                       	     12	00.148102	(00.012342 +- 00.007510)	[00.003527,00.026729]
ros/clear_outside_radius                      	     70	00.000059	(00.000001 +- 00.000000)	[00.000000,00.000003]
ros/decay_tsdf                                	    342	00.562075	(00.001643 +- 00.000452)	[00.000469,00.008776]
ros/depth                                     	   1048	01.763738	(00.001683 +- 00.000210)	[00.000534,00.018370]
ros/depth/conversions                         	   1048	00.892707	(00.000852 +- 00.000035)	[00.000060,00.007653]
ros/depth/integrate                           	   1048	00.813667	(00.000776 +- 00.000196)	[00.000390,00.014919]
ros/depth/output/back_projected_depth         	   1048	00.013464	(00.000013 +- 00.000005)	[00.000003,00.001661]
ros/depth/transform                           	   1048	00.030106	(00.000029 +- 00.000004)	[00.000015,00.000297]
ros/depth_image_callback                      	   1048	00.052378	(00.000050 +- 00.000021)	[00.000016,00.000665]
ros/esdf                                      	    664	01.703392	(00.002565 +- 00.000564)	[00.000241,00.012768]
ros/esdf/integrate                            	    664	01.312719	(00.001977 +- 00.000504)	[00.000114,00.012266]
ros/esdf/slice_output                         	    664	00.385512	(00.000581 +- 00.000104)	[00.000013,00.007386]
ros/idle                                      	   6996	63.174231	(00.009030 +- 00.001033)	[00.000235,00.019645]
ros/process_queue                             	  20991	02.109265	(00.000100 +- 00.000500)	[00.000000,00.018715]
ros/push_onto_queue                           	   1048	00.004019	(00.000004 +- 00.000001)	[00.000002,00.000056]
ros/static/esdf/output/compute                	    653	00.134261	(00.000206 +- 00.000036)	[00.000120,00.002350]
ros/static/esdf/output/slice                  	    653	00.217413	(00.000333 +- 00.000071)	[00.000188,00.007002]
ros/tick                                      	   6996	06.789886	(00.000971 +- 00.001026)	[00.000088,00.028144]
tsdf/integrate                                	   1048	00.333993	(00.000319 +- 00.000055)	[00.000149,00.011037]
tsdf/integrate/allocate_blocks                	   1048	00.086823	(00.000083 +- 00.000042)	[00.000012,00.006882]
tsdf/integrate/get_blocks_in_view             	   1048	00.018124	(00.000017 +- 00.000023)	[00.000006,00.000991]
tsdf/integrate/transfer_blocks                	   1048	00.123053	(00.000117 +- 00.000018)	[00.000060,00.003296]
tsdf/integrate/update_blocks                  	   1048	00.093810	(00.000090 +- 00.000017)	[00.000059,00.001900]
view_calculator/raycast                       	   1048	00.013085	(00.000012 +- 00.000023)	[00.000005,00.000981]
view_calculator/raycast/output                	      2	00.000175	(00.000087 +- 00.000008)	[00.000079,00.000095]
view_calculator/raycast/raycast_pixels_kernel 	      2	00.000804	(00.000402 +- 00.000366)	[00.000036,00.000769]
view_calculator/raycast/setup                 	      2	00.000144	(00.000072 +- 00.000031)	[00.000041,00.000103]
-----------

[INFO] [1790134723.223915562] [nvblox_node]: Rates statistics: 

NVBlox Rates (in Hz)
namespace/tag - NumSamples (Window Length) - Mean 
-----------
ros/depth               	100    	15.2
ros/depth_image_callback	100    	15.1
ros/update_esdf         	100    	9.6
ros/tick                	100    	101.0
-----------

[INFO] [1790134723.223993069] [nvblox_node]: Delay statistics: 

NVBlox Delays
namespace/tag - NumSamples (Window Length) - Mean Delay (seconds) 
-----------
ros/esdf_integration       	100    	0.104
ros/depth_image_integration	100    	0.071
ros/depth_image_callback   	100    	0.064
-----------

[INFO] [1790134733.223616119] [nvblox_node]: Timing statistics: 

NVBlox Timings (in seconds)
namespace/tag - NumSamples - TotalTime - (Mean +- StdDev) - [Min,Max]
-----------
/esdf_slicer/get_aabb                         	    747	00.002777	(00.000004 +- 00.000001)	[00.000002,00.000045]
/esdf_slicer/slice_layer                      	    747	00.113370	(00.000152 +- 00.000099)	[00.000090,00.002300]
esdf/integrate/clear                          	    755	00.163506	(00.000217 +- 00.000079)	[00.000153,00.000624]
esdf/integrate/clear/get_blocks               	    755	00.036274	(00.000048 +- 00.000025)	[00.000021,00.000231]
esdf/integrate/compute/neighbor_bands         	    854	00.257139	(00.000301 +- 00.000695)	[00.000170,00.006907]
esdf/integrate/compute/neighbor_bands/gpu_view	    854	00.077201	(00.000090 +- 00.000029)	[00.000008,00.006122]
esdf/integrate/compute/swap                   	    854	00.001225	(00.000001 +- 00.000000)	[00.000000,00.000026]
esdf/integrate/compute/sweep                  	    854	00.034788	(00.000041 +- 00.000011)	[00.000013,00.000695]
esdf/integrate/mark_sites/pack_out            	    755	00.056863	(00.000075 +- 00.000035)	[00.000054,00.000760]
esdf/integrate_slice                          	    758	01.341867	(00.001770 +- 00.000969)	[00.000001,00.012098]
esdf/integrate_slice/compute                  	    755	00.320754	(00.000425 +- 00.000698)	[00.000263,00.006973]
esdf/integrate_slice/mark_sites               	    755	00.850795	(00.001127 +- 00.000529)	[00.000176,00.010229]
gpu_hash/flush_insertion_cache                	    778	00.139661	(00.000180 +- 00.000033)	[00.000124,00.003797]
gpu_hash/flush_removal_cache                  	    776	00.267467	(00.000345 +- 00.000198)	[00.000099,00.005687]
gpu_hash/transfer/reset                       	     12	00.148102	(00.012342 +- 00.007510)	[00.003527,00.026729]
ros/clear_outside_radius                      	     80	00.000067	(00.000001 +- 00.000000)	[00.000000,00.000003]
ros/decay_tsdf                                	    390	00.637279	(00.001634 +- 00.000468)	[00.000469,00.008776]
ros/depth                                     	   1198	02.005847	(00.001674 +- 00.000221)	[00.000534,00.018370]
ros/depth/conversions                         	   1198	01.013995	(00.000846 +- 00.000056)	[00.000060,00.007653]
ros/depth/integrate                           	   1198	00.925781	(00.000773 +- 00.000195)	[00.000390,00.014919]
ros/depth/output/back_projected_depth         	   1198	00.015317	(00.000013 +- 00.000026)	[00.000003,00.001661]
ros/depth/transform                           	   1198	00.034888	(00.000029 +- 00.000013)	[00.000015,00.000297]
ros/depth_image_callback                      	   1198	00.059686	(00.000050 +- 00.000020)	[00.000016,00.000665]
ros/esdf                                      	    758	01.941572	(00.002561 +- 00.001082)	[00.000241,00.012768]
ros/esdf/integrate                            	    758	01.495361	(00.001973 +- 00.000985)	[00.000114,00.012266]
ros/esdf/slice_output                         	    758	00.440298	(00.000581 +- 00.000147)	[00.000013,00.007386]
ros/idle                                      	   7995	72.192619	(00.009030 +- 00.000998)	[00.000235,00.021870]
ros/process_queue                             	  23988	02.399028	(00.000100 +- 00.000427)	[00.000000,00.018715]
ros/push_onto_queue                           	   1198	00.004646	(00.000004 +- 00.000007)	[00.000002,00.000056]
ros/static/esdf/output/compute                	    747	00.152216	(00.000204 +- 00.000107)	[00.000120,00.002350]
ros/static/esdf/output/slice                  	    747	00.248960	(00.000333 +- 00.000071)	[00.000188,00.007002]
ros/tick                                      	   7995	07.763558	(00.000971 +- 00.000981)	[00.000088,00.028144]
tsdf/integrate                                	   1198	00.375630	(00.000314 +- 00.000050)	[00.000149,00.011037]
tsdf/integrate/allocate_blocks                	   1198	00.095758	(00.000080 +- 00.000038)	[00.000012,00.006882]
tsdf/integrate/get_blocks_in_view             	   1198	00.020639	(00.000017 +- 00.000002)	[00.000006,00.000991]
tsdf/integrate/transfer_blocks                	   1198	00.138821	(00.000116 +- 00.000025)	[00.000060,00.003296]
tsdf/integrate/update_blocks                  	   1198	00.106349	(00.000089 +- 00.000010)	[00.000059,00.001900]
view_calculator/raycast                       	   1198	00.014856	(00.000012 +- 00.000001)	[00.000005,00.000981]
view_calculator/raycast/output                	      2	00.000175	(00.000087 +- 00.000008)	[00.000079,00.000095]
view_calculator/raycast/raycast_pixels_kernel 	      2	00.000804	(00.000402 +- 00.000366)	[00.000036,00.000769]
view_calculator/raycast/setup                 	      2	00.000144	(00.000072 +- 00.000031)	[00.000041,00.000103]
-----------

[INFO] [1790134733.224058214] [nvblox_node]: Rates statistics: 

NVBlox Rates (in Hz)
namespace/tag - NumSamples (Window Length) - Mean 
-----------
ros/depth               	100    	15.2
ros/depth_image_callback	100    	15.1
ros/update_esdf         	100    	9.6
ros/tick                	100    	101.0
-----------

[INFO] [1790134733.224104680] [nvblox_node]: Delay statistics: 

NVBlox Delays
namespace/tag - NumSamples (Window Length) - Mean Delay (seconds) 
-----------
ros/esdf_integration       	100    	0.101
ros/depth_image_integration	100    	0.072
ros/depth_image_callback   	100    	0.065
-----------

[INFO] [1790134743.224294816] [nvblox_node]: Timing statistics: 

NVBlox Timings (in seconds)
namespace/tag - NumSamples - TotalTime - (Mean +- StdDev) - [Min,Max]
-----------
/esdf_slicer/get_aabb                         	    842	00.003116	(00.000004 +- 00.000001)	[00.000002,00.000045]
/esdf_slicer/slice_layer                      	    842	00.129187	(00.000153 +- 00.000323)	[00.000090,00.002424]
esdf/integrate/clear                          	    850	00.183203	(00.000216 +- 00.000032)	[00.000151,00.000624]
esdf/integrate/clear/get_blocks               	    850	00.040523	(00.000048 +- 00.000013)	[00.000021,00.000231]
esdf/integrate/compute/neighbor_bands         	    955	00.290928	(00.000305 +- 00.000639)	[00.000170,00.006907]
esdf/integrate/compute/neighbor_bands/gpu_view	    955	00.091151	(00.000095 +- 00.000473)	[00.000008,00.006122]
esdf/integrate/compute/swap                   	    955	00.001373	(00.000001 +- 00.000000)	[00.000000,00.000026]
esdf/integrate/compute/sweep                  	    955	00.038771	(00.000041 +- 00.000016)	[00.000013,00.000695]
esdf/integrate/mark_sites/pack_out            	    850	00.064229	(00.000076 +- 00.000095)	[00.000054,00.000760]
esdf/integrate_slice                          	    853	01.503237	(00.001762 +- 00.000728)	[00.000001,00.012098]
esdf/integrate_slice/compute                  	    850	00.362001	(00.000426 +- 00.000662)	[00.000263,00.006973]
esdf/integrate_slice/mark_sites               	    850	00.950315	(00.001118 +- 00.000464)	[00.000176,00.010229]
gpu_hash/flush_insertion_cache                	    876	00.160490	(00.000183 +- 00.000658)	[00.000124,00.004859]
gpu_hash/flush_removal_cache                  	    874	00.298043	(00.000341 +- 00.000298)	[00.000094,00.005687]
gpu_hash/transfer/reset                       	     12	00.148102	(00.012342 +- 00.007510)	[00.003527,00.026729]
ros/clear_outside_radius                      	     90	00.000075	(00.000001 +- 00.000000)	[00.000000,00.000003]
ros/decay_tsdf                                	    439	00.713663	(00.001626 +- 00.000606)	[00.000469,00.008776]
ros/depth                                     	   1348	02.257161	(00.001674 +- 00.000204)	[00.000513,00.018370]
ros/depth/conversions                         	   1348	01.137721	(00.000844 +- 00.000044)	[00.000060,00.007653]
ros/depth/integrate                           	   1348	01.045191	(00.000775 +- 00.000185)	[00.000355,00.014919]
ros/depth/output/back_projected_depth         	   1348	00.017066	(00.000013 +- 00.000008)	[00.000003,00.001661]
ros/depth/transform                           	   1348	00.039205	(00.000029 +- 00.000012)	[00.000015,00.000297]
ros/depth_image_callback                      	   1348	00.066695	(00.000049 +- 00.000025)	[00.000016,00.000665]
ros/esdf                                      	    853	02.176513	(00.002552 +- 00.000905)	[00.000241,00.012768]
ros/esdf/integrate                            	    853	01.675127	(00.001964 +- 00.000732)	[00.000114,00.012266]
ros/esdf/slice_output                         	    853	00.494724	(00.000580 +- 00.000340)	[00.000013,00.007386]
ros/idle                                      	   8994	81.229083	(00.009031 +- 00.001050)	[00.000235,00.021870]
ros/process_queue                             	  26985	02.701782	(00.000100 +- 00.000493)	[00.000000,00.018715]
ros/push_onto_queue                           	   1348	00.005202	(00.000004 +- 00.000001)	[00.000002,00.000056]
ros/static/esdf/output/compute                	    842	00.172518	(00.000205 +- 00.000325)	[00.000120,00.002485]
ros/static/esdf/output/slice                  	    842	00.278340	(00.000331 +- 00.000079)	[00.000188,00.007002]
ros/tick                                      	   8994	08.718228	(00.000969 +- 00.001046)	[00.000088,00.028144]
tsdf/integrate                                	   1348	00.424416	(00.000315 +- 00.000072)	[00.000149,00.011037]
tsdf/integrate/allocate_blocks                	   1348	00.106783	(00.000079 +- 00.000033)	[00.000012,00.006882]
tsdf/integrate/get_blocks_in_view             	   1348	00.023061	(00.000017 +- 00.000001)	[00.000006,00.000991]
tsdf/integrate/transfer_blocks                	   1348	00.157565	(00.000117 +- 00.000048)	[00.000060,00.003296]
tsdf/integrate/update_blocks                  	   1348	00.121091	(00.000090 +- 00.000018)	[00.000059,00.002479]
view_calculator/raycast                       	   1348	00.016573	(00.000012 +- 00.000001)	[00.000004,00.000981]
view_calculator/raycast/output                	      2	00.000175	(00.000087 +- 00.000008)	[00.000079,00.000095]
view_calculator/raycast/raycast_pixels_kernel 	      2	00.000804	(00.000402 +- 00.000366)	[00.000036,00.000769]
view_calculator/raycast/setup                 	      2	00.000144	(00.000072 +- 00.000031)	[00.000041,00.000103]
-----------

[INFO] [1790134743.224935286] [nvblox_node]: Rates statistics: 

NVBlox Rates (in Hz)
namespace/tag - NumSamples (Window Length) - Mean 
-----------
ros/depth               	100    	15.2
ros/depth_image_callback	100    	15.1
ros/update_esdf         	100    	9.6
ros/tick                	100    	101.0
-----------

[INFO] [1790134743.225021625] [nvblox_node]: Delay statistics: 

NVBlox Delays
namespace/tag - NumSamples (Window Length) - Mean Delay (seconds) 
-----------
ros/esdf_integration       	100    	0.105
ros/depth_image_integration	100    	0.075
ros/depth_image_callback   	100    	0.067
-----------

[INFO] [1790134753.226615709] [nvblox_node]: Timing statistics: 

NVBlox Timings (in seconds)
namespace/tag - NumSamples - TotalTime - (Mean +- StdDev) - [Min,Max]
-----------
/esdf_slicer/get_aabb                         	    937	00.003463	(00.000004 +- 00.000001)	[00.000002,00.000045]
/esdf_slicer/slice_layer                      	    937	00.141408	(00.000151 +- 00.000027)	[00.000090,00.002424]
esdf/integrate/clear                          	    945	00.205252	(00.000217 +- 00.000120)	[00.000151,00.001045]
esdf/integrate/clear/get_blocks               	    945	00.045295	(00.000048 +- 00.000014)	[00.000021,00.000231]
esdf/integrate/compute/neighbor_bands         	   1064	00.316254	(00.000297 +- 00.000021)	[00.000170,00.006907]
esdf/integrate/compute/neighbor_bands/gpu_view	   1064	00.098714	(00.000093 +- 00.000011)	[00.000008,00.006122]
esdf/integrate/compute/swap                   	   1064	00.001528	(00.000001 +- 00.000000)	[00.000000,00.000026]
esdf/integrate/compute/sweep                  	   1064	00.043471	(00.000041 +- 00.000017)	[00.000013,00.000695]
esdf/integrate/mark_sites/pack_out            	    945	00.071416	(00.000076 +- 00.000054)	[00.000045,00.000760]
esdf/integrate_slice                          	    948	01.664521	(00.001756 +- 00.000522)	[00.000001,00.012098]
esdf/integrate_slice/compute                  	    945	00.395780	(00.000419 +- 00.000059)	[00.000263,00.006973]
esdf/integrate_slice/mark_sites               	    945	01.054876	(00.001116 +- 00.000485)	[00.000176,00.010229]
gpu_hash/flush_insertion_cache                	    972	00.177978	(00.000183 +- 00.000178)	[00.000124,00.004859]
gpu_hash/flush_removal_cache                  	    971	00.322698	(00.000332 +- 00.000175)	[00.000094,00.005687]
gpu_hash/transfer/reset                       	     12	00.148102	(00.012342 +- 00.007510)	[00.003527,00.026729]
ros/clear_outside_radius                      	    100	00.000085	(00.000001 +- 00.000000)	[00.000000,00.000003]
ros/decay_tsdf                                	    488	00.784636	(00.001608 +- 00.000333)	[00.000469,00.008776]
ros/depth                                     	   1498	02.496623	(00.001667 +- 00.000159)	[00.000513,00.018370]
ros/depth/conversions                         	   1498	01.258547	(00.000840 +- 00.000024)	[00.000060,00.007653]
ros/depth/integrate                           	   1498	01.155175	(00.000771 +- 00.000146)	[00.000355,00.014919]
ros/depth/output/back_projected_depth         	   1498	00.018743	(00.000013 +- 00.000001)	[00.000003,00.001661]
ros/depth/transform                           	   1498	00.044148	(00.000029 +- 00.000013)	[00.000015,00.000297]
ros/depth_image_callback                      	   1498	00.074457	(00.000050 +- 00.000018)	[00.000016,00.000665]
ros/esdf                                      	    948	02.412908	(00.002545 +- 00.000595)	[00.000241,00.012768]
ros/esdf/integrate                            	    948	01.855881	(00.001958 +- 00.000561)	[00.000114,00.012266]
ros/esdf/slice_output                         	    948	00.549646	(00.000580 +- 00.000167)	[00.000013,00.007386]
ros/idle                                      	   9994	90.236043	(00.009029 +- 00.000970)	[00.000235,00.021870]
ros/process_queue                             	  29985	02.989854	(00.000100 +- 00.000436)	[00.000000,00.018715]
ros/push_onto_queue                           	   1498	00.005845	(00.000004 +- 00.000001)	[00.000002,00.000056]
ros/static/esdf/output/compute                	    937	00.189926	(00.000203 +- 00.000044)	[00.000120,00.002485]
ros/static/esdf/output/slice                  	    937	00.310882	(00.000332 +- 00.000147)	[00.000188,00.007002]
ros/tick                                      	   9994	09.703927	(00.000971 +- 00.000955)	[00.000088,00.028144]
tsdf/integrate                                	   1498	00.466496	(00.000311 +- 00.000046)	[00.000149,00.011037]
tsdf/integrate/allocate_blocks                	   1498	00.115493	(00.000077 +- 00.000033)	[00.000012,00.006882]
tsdf/integrate/get_blocks_in_view             	   1498	00.025594	(00.000017 +- 00.000001)	[00.000006,00.000991]
tsdf/integrate/transfer_blocks                	   1498	00.173954	(00.000116 +- 00.000033)	[00.000060,00.003296]
tsdf/integrate/update_blocks                  	   1498	00.133687	(00.000089 +- 00.000015)	[00.000059,00.002479]
view_calculator/raycast                       	   1498	00.018337	(00.000012 +- 00.000001)	[00.000004,00.000981]
view_calculator/raycast/output                	      2	00.000175	(00.000087 +- 00.000008)	[00.000079,00.000095]
view_calculator/raycast/raycast_pixels_kernel 	      2	00.000804	(00.000402 +- 00.000366)	[00.000036,00.000769]
view_calculator/raycast/setup                 	      2	00.000144	(00.000072 +- 00.000031)	[00.000041,00.000103]
-----------

[INFO] [1790134753.227068108] [nvblox_node]: Rates statistics: 

NVBlox Rates (in Hz)
namespace/tag - NumSamples (Window Length) - Mean 
-----------
ros/depth               	100    	15.2
ros/depth_image_callback	100    	15.1
ros/update_esdf         	100    	9.6
ros/tick                	100    	101.0
-----------

[INFO] [1790134753.227126254] [nvblox_node]: Delay statistics: 

NVBlox Delays
namespace/tag - NumSamples (Window Length) - Mean Delay (seconds) 
-----------
ros/esdf_integration       	100    	0.101
ros/depth_image_integration	100    	0.072
ros/depth_image_callback   	100    	0.065
-----------

[INFO] [1790134763.238029898] [nvblox_node]: Timing statistics: 

NVBlox Timings (in seconds)
namespace/tag - NumSamples - TotalTime - (Mean +- StdDev) - [Min,Max]
-----------
/esdf_slicer/get_aabb                         	   1032	00.003835	(00.000004 +- 00.000001)	[00.000002,00.000045]
/esdf_slicer/slice_layer                      	   1032	00.153297	(00.000149 +- 00.000016)	[00.000089,00.002424]
esdf/integrate/clear                          	   1040	00.226501	(00.000218 +- 00.000039)	[00.000151,00.001045]
esdf/integrate/clear/get_blocks               	   1040	00.050161	(00.000048 +- 00.000024)	[00.000021,00.000231]
esdf/integrate/compute/neighbor_bands         	   1170	00.341320	(00.000292 +- 00.000031)	[00.000170,00.006907]
esdf/integrate/compute/neighbor_bands/gpu_view	   1170	00.106315	(00.000091 +- 00.000023)	[00.000006,00.006122]
esdf/integrate/compute/swap                   	   1170	00.001684	(00.000001 +- 00.000000)	[00.000000,00.000026]
esdf/integrate/compute/sweep                  	   1170	00.047877	(00.000041 +- 00.000009)	[00.000013,00.000695]
esdf/integrate/mark_sites/pack_out            	   1040	00.078347	(00.000075 +- 00.000012)	[00.000045,00.000760]
esdf/integrate_slice                          	   1043	01.823110	(00.001748 +- 00.000475)	[00.000001,00.012098]
esdf/integrate_slice/compute                  	   1040	00.429105	(00.000413 +- 00.000047)	[00.000263,00.006973]
esdf/integrate_slice/mark_sites               	   1040	01.157947	(00.001113 +- 00.000455)	[00.000176,00.010229]
gpu_hash/flush_insertion_cache                	   1070	00.195114	(00.000182 +- 00.000027)	[00.000124,00.004859]
gpu_hash/flush_removal_cache                  	   1069	00.351820	(00.000329 +- 00.000193)	[00.000094,00.005687]
gpu_hash/transfer/reset                       	     12	00.148102	(00.012342 +- 00.007510)	[00.003527,00.026729]
ros/clear_outside_radius                      	    110	00.000093	(00.000001 +- 00.000000)	[00.000000,00.000003]
ros/decay_tsdf                                	    537	00.856012	(00.001594 +- 00.000391)	[00.000469,00.008776]
ros/depth                                     	   1648	02.734048	(00.001659 +- 00.000237)	[00.000513,00.018370]
ros/depth/conversions                         	   1648	01.378159	(00.000836 +- 00.000028)	[00.000060,00.007653]
ros/depth/integrate                           	   1648	01.264482	(00.000767 +- 00.000213)	[00.000355,00.014919]
ros/depth/output/back_projected_depth         	   1648	00.020391	(00.000012 +- 00.000001)	[00.000003,00.001661]
ros/depth/transform                           	   1648	00.048970	(00.000030 +- 00.000007)	[00.000015,00.000297]
ros/depth_image_callback                      	   1648	00.082010	(00.000050 +- 00.000018)	[00.000016,00.000665]
ros/esdf                                      	   1043	02.646989	(00.002538 +- 00.000549)	[00.000241,00.012768]
ros/esdf/integrate                            	   1043	02.034193	(00.001950 +- 00.000516)	[00.000114,00.012266]
ros/esdf/slice_output                         	   1043	00.604712	(00.000580 +- 00.000098)	[00.000013,00.007386]
ros/idle                                      	  10995	99.266696	(00.009028 +- 00.000936)	[00.000235,00.021870]
ros/process_queue                             	  32988	03.275416	(00.000099 +- 00.000406)	[00.000000,00.018715]
ros/push_onto_queue                           	   1648	00.006446	(00.000004 +- 00.000001)	[00.000002,00.000056]
ros/static/esdf/output/compute                	   1032	00.207335	(00.000201 +- 00.000041)	[00.000116,00.002485]
ros/static/esdf/output/slice                  	   1032	00.343551	(00.000333 +- 00.000070)	[00.000188,00.007002]
ros/tick                                      	  10995	10.675433	(00.000971 +- 00.000961)	[00.000088,00.028144]
tsdf/integrate                                	   1648	00.508187	(00.000308 +- 00.000054)	[00.000149,00.011037]
tsdf/integrate/allocate_blocks                	   1648	00.124109	(00.000075 +- 00.000038)	[00.000012,00.006882]
tsdf/integrate/get_blocks_in_view             	   1648	00.028114	(00.000017 +- 00.000004)	[00.000006,00.000991]
tsdf/integrate/transfer_blocks                	   1648	00.190194	(00.000115 +- 00.000021)	[00.000060,00.003296]
tsdf/integrate/update_blocks                  	   1648	00.146200	(00.000089 +- 00.000016)	[00.000059,00.002479]
view_calculator/raycast                       	   1648	00.020079	(00.000012 +- 00.000004)	[00.000004,00.000981]
view_calculator/raycast/output                	      2	00.000175	(00.000087 +- 00.000008)	[00.000079,00.000095]
view_calculator/raycast/raycast_pixels_kernel 	      2	00.000804	(00.000402 +- 00.000366)	[00.000036,00.000769]
view_calculator/raycast/setup                 	      2	00.000144	(00.000072 +- 00.000031)	[00.000041,00.000103]
-----------

[INFO] [1790134763.238605086] [nvblox_node]: Rates statistics: 

NVBlox Rates (in Hz)
namespace/tag - NumSamples (Window Length) - Mean 
-----------
ros/depth               	100    	15.1
ros/depth_image_callback	100    	15.1
ros/update_esdf         	100    	9.6
ros/tick                	100    	101.0
-----------

[INFO] [1790134763.238692160] [nvblox_node]: Delay statistics: 

NVBlox Delays
namespace/tag - NumSamples (Window Length) - Mean Delay (seconds) 
-----------
ros/esdf_integration       	100    	0.101
ros/depth_image_integration	100    	0.071
ros/depth_image_callback   	100    	0.065
-----------

[INFO] [1790134773.246829056] [nvblox_node]: Timing statistics: 

NVBlox Timings (in seconds)
namespace/tag - NumSamples - TotalTime - (Mean +- StdDev) - [Min,Max]
-----------
/esdf_slicer/get_aabb                         	   1126	00.004188	(00.000004 +- 00.000001)	[00.000002,00.000045]
/esdf_slicer/slice_layer                      	   1126	00.164790	(00.000146 +- 00.000018)	[00.000089,00.002424]
esdf/integrate/clear                          	   1134	00.247444	(00.000218 +- 00.000042)	[00.000151,00.001045]
esdf/integrate/clear/get_blocks               	   1134	00.054677	(00.000048 +- 00.000014)	[00.000021,00.000231]
esdf/integrate/compute/neighbor_bands         	   1279	00.367017	(00.000287 +- 00.000037)	[00.000170,00.006907]
esdf/integrate/compute/neighbor_bands/gpu_view	   1279	00.114190	(00.000089 +- 00.000015)	[00.000006,00.006122]
esdf/integrate/compute/swap                   	   1279	00.001837	(00.000001 +- 00.000000)	[00.000000,00.000026]
esdf/integrate/compute/sweep                  	   1279	00.052478	(00.000041 +- 00.000009)	[00.000013,00.000695]
esdf/integrate/mark_sites/pack_out            	   1134	00.085496	(00.000075 +- 00.000018)	[00.000045,00.000760]
esdf/integrate_slice                          	   1137	01.977091	(00.001739 +- 00.000400)	[00.000001,00.012098]
esdf/integrate_slice/compute                  	   1134	00.463241	(00.000409 +- 00.000160)	[00.000263,00.006973]
esdf/integrate_slice/mark_sites               	   1134	01.255982	(00.001108 +- 00.000407)	[00.000176,00.010229]
gpu_hash/flush_insertion_cache                	   1168	00.212777	(00.000182 +- 00.000047)	[00.000124,00.004859]
gpu_hash/flush_removal_cache                  	   1166	00.378620	(00.000325 +- 00.000221)	[00.000094,00.005687]
gpu_hash/transfer/reset                       	     12	00.148102	(00.012342 +- 00.007510)	[00.003527,00.026729]
ros/clear_outside_radius                      	    120	00.000103	(00.000001 +- 00.000000)	[00.000000,00.000003]
ros/decay_tsdf                                	    585	00.927044	(00.001585 +- 00.000392)	[00.000469,00.008776]
ros/depth                                     	   1798	02.975241	(00.001655 +- 00.000180)	[00.000513,00.018370]
ros/depth/conversions                         	   1798	01.498265	(00.000833 +- 00.000051)	[00.000060,00.007653]
ros/depth/integrate                           	   1798	01.377018	(00.000766 +- 00.000157)	[00.000355,00.014919]
ros/depth/output/back_projected_depth         	   1798	00.022225	(00.000012 +- 00.000008)	[00.000003,00.001661]
ros/depth/transform                           	   1798	00.053698	(00.000030 +- 00.000007)	[00.000015,00.000297]
ros/depth_image_callback                      	   1798	00.090162	(00.000050 +- 00.000069)	[00.000016,00.000665]
ros/esdf                                      	   1137	02.872876	(00.002527 +- 00.000445)	[00.000241,00.012768]
ros/esdf/integrate                            	   1137	02.206989	(00.001941 +- 00.000435)	[00.000114,00.012266]
ros/esdf/slice_output                         	   1137	00.657050	(00.000578 +- 00.000067)	[00.000013,00.007386]
ros/idle                                      	  11996	108.302855	(00.009028 +- 00.000952)	[00.000235,00.021870]
ros/process_queue                             	  35991	03.564900	(00.000099 +- 00.000444)	[00.000000,00.018715]
ros/push_onto_queue                           	   1798	00.007107	(00.000004 +- 00.000001)	[00.000002,00.000061]
ros/static/esdf/output/compute                	   1126	00.223818	(00.000199 +- 00.000026)	[00.000116,00.002485]
ros/static/esdf/output/slice                  	   1126	00.374667	(00.000333 +- 00.000047)	[00.000188,00.007002]
ros/tick                                      	  11996	11.641989	(00.000970 +- 00.000954)	[00.000088,00.028144]
tsdf/integrate                                	   1798	00.550004	(00.000306 +- 00.000051)	[00.000149,00.011037]
tsdf/integrate/allocate_blocks                	   1798	00.132857	(00.000074 +- 00.000035)	[00.000012,00.006882]
tsdf/integrate/get_blocks_in_view             	   1798	00.030565	(00.000017 +- 00.000001)	[00.000006,00.000991]
tsdf/integrate/transfer_blocks                	   1798	00.206253	(00.000115 +- 00.000029)	[00.000060,00.003296]
tsdf/integrate/update_blocks                  	   1798	00.158737	(00.000088 +- 00.000012)	[00.000059,00.002479]
view_calculator/raycast                       	   1798	00.021818	(00.000012 +- 00.000001)	[00.000004,00.000981]
view_calculator/raycast/output                	      2	00.000175	(00.000087 +- 00.000008)	[00.000079,00.000095]
view_calculator/raycast/raycast_pixels_kernel 	      2	00.000804	(00.000402 +- 00.000366)	[00.000036,00.000769]
view_calculator/raycast/setup                 	      2	00.000144	(00.000072 +- 00.000031)	[00.000041,00.000103]
-----------

[INFO] [1790134773.247246318] [nvblox_node]: Rates statistics: 

NVBlox Rates (in Hz)
namespace/tag - NumSamples (Window Length) - Mean 
-----------
ros/depth               	100    	15.1
ros/depth_image_callback	100    	15.1
ros/update_esdf         	100    	9.6
ros/tick                	100    	101.0
-----------

[INFO] [1790134773.247309776] [nvblox_node]: Delay statistics: 

NVBlox Delays
namespace/tag - NumSamples (Window Length) - Mean Delay (seconds) 
-----------
ros/esdf_integration       	100    	0.101
ros/depth_image_integration	100    	0.072
ros/depth_image_callback   	100    	0.065
-----------

[INFO] [1790134783.257796897] [nvblox_node]: Timing statistics: 

NVBlox Timings (in seconds)
namespace/tag - NumSamples - TotalTime - (Mean +- StdDev) - [Min,Max]
-----------
/esdf_slicer/get_aabb                         	   1221	00.004549	(00.000004 +- 00.000001)	[00.000002,00.000045]
/esdf_slicer/slice_layer                      	   1221	00.177073	(00.000145 +- 00.000032)	[00.000089,00.002424]
esdf/integrate/clear                          	   1229	00.269713	(00.000219 +- 00.000052)	[00.000151,00.001045]
esdf/integrate/clear/get_blocks               	   1229	00.059698	(00.000049 +- 00.000029)	[00.000021,00.000231]
esdf/integrate/compute/neighbor_bands         	   1379	00.390586	(00.000283 +- 00.000044)	[00.000170,00.006907]
esdf/integrate/compute/neighbor_bands/gpu_view	   1379	00.121486	(00.000088 +- 00.000020)	[00.000006,00.006122]
esdf/integrate/compute/swap                   	   1379	00.001986	(00.000001 +- 00.000000)	[00.000000,00.000026]
esdf/integrate/compute/sweep                  	   1379	00.056763	(00.000041 +- 00.000011)	[00.000013,00.000695]
esdf/integrate/mark_sites/pack_out            	   1229	00.092456	(00.000075 +- 00.000013)	[00.000045,00.000760]
esdf/integrate_slice                          	   1232	02.133655	(00.001732 +- 00.000432)	[00.000001,00.012098]
esdf/integrate_slice/compute                  	   1229	00.494823	(00.000403 +- 00.000088)	[00.000263,00.006973]
esdf/integrate_slice/mark_sites               	   1229	01.357769	(00.001105 +- 00.000408)	[00.000176,00.010229]
gpu_hash/flush_insertion_cache                	   1266	00.230247	(00.000182 +- 00.000029)	[00.000124,00.004859]
gpu_hash/flush_removal_cache                  	   1264	00.404341	(00.000320 +- 00.000216)	[00.000094,00.005687]
gpu_hash/transfer/reset                       	     12	00.148102	(00.012342 +- 00.007510)	[00.003527,00.026729]
ros/clear_outside_radius                      	    130	00.000113	(00.000001 +- 00.000000)	[00.000000,00.000003]
ros/decay_tsdf                                	    634	01.001104	(00.001579 +- 00.000353)	[00.000469,00.008776]
ros/depth                                     	   1948	03.232911	(00.001660 +- 00.000302)	[00.000513,00.018370]
ros/depth/conversions                         	   1948	01.623524	(00.000833 +- 00.000089)	[00.000060,00.007653]
ros/depth/integrate                           	   1948	01.500581	(00.000770 +- 00.000279)	[00.000355,00.014919]
ros/depth/output/back_projected_depth         	   1948	00.024036	(00.000012 +- 00.000002)	[00.000003,00.001661]
ros/depth/transform                           	   1948	00.058596	(00.000030 +- 00.000009)	[00.000015,00.000297]
ros/depth_image_callback                      	   1948	00.097494	(00.000050 +- 00.000019)	[00.000016,00.000665]
ros/esdf                                      	   1232	03.103868	(00.002519 +- 00.000498)	[00.000241,00.012768]
ros/esdf/integrate                            	   1232	02.382847	(00.001934 +- 00.000462)	[00.000114,00.012266]
ros/esdf/slice_output                         	   1232	00.711432	(00.000577 +- 00.000101)	[00.000013,00.007386]
ros/idle                                      	  12997	117.315130	(00.009026 +- 00.001058)	[00.000235,00.021870]
ros/process_queue                             	  38994	03.870861	(00.000099 +- 00.000504)	[00.000000,00.018715]
ros/push_onto_queue                           	   1948	00.007691	(00.000004 +- 00.000001)	[00.000002,00.000061]
ros/static/esdf/output/compute                	   1221	00.240865	(00.000197 +- 00.000039)	[00.000116,00.002485]
ros/static/esdf/output/slice                  	   1221	00.407145	(00.000333 +- 00.000067)	[00.000188,00.007002]
ros/tick                                      	  12997	12.632860	(00.000972 +- 00.001039)	[00.000088,00.028144]
tsdf/integrate                                	   1948	00.598217	(00.000307 +- 00.000112)	[00.000149,00.011037]
tsdf/integrate/allocate_blocks                	   1948	00.143402	(00.000074 +- 00.000062)	[00.000012,00.006882]
tsdf/integrate/get_blocks_in_view             	   1948	00.033578	(00.000017 +- 00.000018)	[00.000006,00.000991]
tsdf/integrate/transfer_blocks                	   1948	00.225284	(00.000116 +- 00.000070)	[00.000060,00.003296]
tsdf/integrate/update_blocks                  	   1948	00.172177	(00.000088 +- 00.000021)	[00.000059,00.002479]
view_calculator/raycast                       	   1948	00.023965	(00.000012 +- 00.000018)	[00.000004,00.000981]
view_calculator/raycast/output                	      2	00.000175	(00.000087 +- 00.000008)	[00.000079,00.000095]
view_calculator/raycast/raycast_pixels_kernel 	      2	00.000804	(00.000402 +- 00.000366)	[00.000036,00.000769]
view_calculator/raycast/setup                 	      2	00.000144	(00.000072 +- 00.000031)	[00.000041,00.000103]
-----------

[INFO] [1790134783.258213487] [nvblox_node]: Rates statistics: 

NVBlox Rates (in Hz)
namespace/tag - NumSamples (Window Length) - Mean 
-----------
ros/depth               	100    	15.1
ros/depth_image_callback	100    	15.1
ros/update_esdf         	100    	9.5
ros/tick                	100    	101.0
-----------

[INFO] [1790134783.258259345] [nvblox_node]: Delay statistics: 

NVBlox Delays
namespace/tag - NumSamples (Window Length) - Mean Delay (seconds) 
-----------
ros/esdf_integration       	100    	0.100
ros/depth_image_integration	100    	0.072
ros/depth_image_callback   	100    	0.065
-----------

[INFO] [1790134793.265714592] [nvblox_node]: Timing statistics: 

NVBlox Timings (in seconds)
namespace/tag - NumSamples - TotalTime - (Mean +- StdDev) - [Min,Max]
-----------
/esdf_slicer/get_aabb                         	   1316	00.004908	(00.000004 +- 00.000001)	[00.000002,00.000045]
/esdf_slicer/slice_layer                      	   1316	00.189395	(00.000144 +- 00.000022)	[00.000089,00.002424]
esdf/integrate/clear                          	   1324	00.291233	(00.000220 +- 00.000042)	[00.000151,00.001045]
esdf/integrate/clear/get_blocks               	   1324	00.064571	(00.000049 +- 00.000027)	[00.000021,00.000231]
esdf/integrate/compute/neighbor_bands         	   1476	00.412896	(00.000280 +- 00.000043)	[00.000156,00.006907]
esdf/integrate/compute/neighbor_bands/gpu_view	   1476	00.128232	(00.000087 +- 00.000014)	[00.000006,00.006122]
esdf/integrate/compute/swap                   	   1476	00.002128	(00.000001 +- 00.000000)	[00.000000,00.000026]
esdf/integrate/compute/sweep                  	   1476	00.060882	(00.000041 +- 00.000008)	[00.000013,00.000695]
esdf/integrate/mark_sites/pack_out            	   1324	00.099544	(00.000075 +- 00.000014)	[00.000045,00.000760]
esdf/integrate_slice                          	   1327	02.284503	(00.001722 +- 00.000420)	[00.000001,00.012098]
esdf/integrate_slice/compute                  	   1324	00.524965	(00.000396 +- 00.000079)	[00.000263,00.006973]
esdf/integrate_slice/mark_sites               	   1324	01.455940	(00.001100 +- 00.000414)	[00.000176,00.010229]
gpu_hash/flush_insertion_cache                	   1363	00.247660	(00.000182 +- 00.000033)	[00.000124,00.004859]
gpu_hash/flush_removal_cache                  	   1362	00.428999	(00.000315 +- 00.000147)	[00.000094,00.005687]
gpu_hash/transfer/reset                       	     12	00.148102	(00.012342 +- 00.007510)	[00.003527,00.026729]
ros/clear_outside_radius                      	    140	00.000121	(00.000001 +- 00.000000)	[00.000000,00.000003]
ros/decay_tsdf                                	    683	01.074312	(00.001573 +- 00.000404)	[00.000469,00.008776]
ros/depth                                     	   2098	03.479376	(00.001658 +- 00.000178)	[00.000513,00.018370]
ros/depth/conversions                         	   2098	01.745947	(00.000832 +- 00.000030)	[00.000060,00.007653]
ros/depth/integrate                           	   2098	01.615562	(00.000770 +- 00.000171)	[00.000355,00.014919]
ros/depth/output/back_projected_depth         	   2098	00.025731	(00.000012 +- 00.000001)	[00.000003,00.001661]
ros/depth/transform                           	   2098	00.063851	(00.000030 +- 00.000009)	[00.000015,00.000309]
ros/depth_image_callback                      	   2098	00.105231	(00.000050 +- 00.000024)	[00.000016,00.000665]
ros/esdf                                      	   1327	03.328703	(00.002508 +- 00.000487)	[00.000241,00.012768]
ros/esdf/integrate                            	   1327	02.552221	(00.001923 +- 00.000453)	[00.000114,00.012266]
ros/esdf/slice_output                         	   1327	00.766001	(00.000577 +- 00.000075)	[00.000013,00.007386]
ros/idle                                      	  13998	126.339174	(00.009026 +- 00.001024)	[00.000235,00.021870]
ros/process_queue                             	  41997	04.166171	(00.000099 +- 00.000439)	[00.000000,00.018715]
ros/push_onto_queue                           	   2098	00.008273	(00.000004 +- 00.000001)	[00.000002,00.000061]
ros/static/esdf/output/compute                	   1316	00.258530	(00.000196 +- 00.000031)	[00.000116,00.002485]
ros/static/esdf/output/slice                  	   1316	00.439227	(00.000334 +- 00.000054)	[00.000188,00.007002]
ros/tick                                      	  13998	13.611271	(00.000972 +- 00.001007)	[00.000088,00.028144]
tsdf/integrate                                	   2098	00.642515	(00.000306 +- 00.000047)	[00.000149,00.011037]
tsdf/integrate/allocate_blocks                	   2098	00.152513	(00.000073 +- 00.000034)	[00.000012,00.006882]
tsdf/integrate/get_blocks_in_view             	   2098	00.036418	(00.000017 +- 00.000012)	[00.000006,00.000991]
tsdf/integrate/transfer_blocks                	   2098	00.242763	(00.000116 +- 00.000024)	[00.000060,00.003296]
tsdf/integrate/update_blocks                  	   2098	00.185113	(00.000088 +- 00.000007)	[00.000059,00.002479]
view_calculator/raycast                       	   2098	00.025941	(00.000012 +- 00.000012)	[00.000004,00.000981]
view_calculator/raycast/output                	      2	00.000175	(00.000087 +- 00.000008)	[00.000079,00.000095]
view_calculator/raycast/raycast_pixels_kernel 	      2	00.000804	(00.000402 +- 00.000366)	[00.000036,00.000769]
view_calculator/raycast/setup                 	      2	00.000144	(00.000072 +- 00.000031)	[00.000041,00.000103]
-----------

[INFO] [1790134793.266271699] [nvblox_node]: Rates statistics: 

NVBlox Rates (in Hz)
namespace/tag - NumSamples (Window Length) - Mean 
-----------
ros/depth               	100    	15.2
ros/depth_image_callback	100    	15.1
ros/update_esdf         	100    	9.6
ros/tick                	100    	101.0
-----------

[INFO] [1790134793.266353685] [nvblox_node]: Delay statistics: 

NVBlox Delays
namespace/tag - NumSamples (Window Length) - Mean Delay (seconds) 
-----------
ros/esdf_integration       	100    	0.101
ros/depth_image_integration	100    	0.072
ros/depth_image_callback   	100    	0.065
-----------

[INFO] [1790134803.267731231] [nvblox_node]: Timing statistics: 

NVBlox Timings (in seconds)
namespace/tag - NumSamples - TotalTime - (Mean +- StdDev) - [Min,Max]
-----------
/esdf_slicer/get_aabb                         	   1410	00.005248	(00.000004 +- 00.000001)	[00.000002,00.000045]
/esdf_slicer/slice_layer                      	   1410	00.200940	(00.000143 +- 00.000019)	[00.000089,00.002424]
esdf/integrate/clear                          	   1418	00.311593	(00.000220 +- 00.000027)	[00.000151,00.001045]
esdf/integrate/clear/get_blocks               	   1418	00.069043	(00.000049 +- 00.000010)	[00.000021,00.000231]
esdf/integrate/compute/neighbor_bands         	   1575	00.435924	(00.000277 +- 00.000045)	[00.000156,00.006907]
esdf/integrate/compute/neighbor_bands/gpu_view	   1575	00.135193	(00.000086 +- 00.000013)	[00.000006,00.006122]
esdf/integrate/compute/swap                   	   1575	00.002272	(00.000001 +- 00.000000)	[00.000000,00.000026]
esdf/integrate/compute/sweep                  	   1575	00.065025	(00.000041 +- 00.000011)	[00.000013,00.000695]
esdf/integrate/mark_sites/pack_out            	   1418	00.106640	(00.000075 +- 00.000026)	[00.000045,00.000760]
esdf/integrate_slice                          	   1421	02.434905	(00.001714 +- 00.000436)	[00.000001,00.012098]
esdf/integrate_slice/compute                  	   1418	00.555815	(00.000392 +- 00.000080)	[00.000263,00.006973]
esdf/integrate_slice/mark_sites               	   1418	01.554271	(00.001096 +- 00.000420)	[00.000176,00.010229]
gpu_hash/flush_insertion_cache                	   1460	00.264737	(00.000181 +- 00.000030)	[00.000124,00.004859]
gpu_hash/flush_removal_cache                  	   1458	00.456733	(00.000313 +- 00.000214)	[00.000094,00.005687]
gpu_hash/transfer/reset                       	     12	00.148102	(00.012342 +- 00.007510)	[00.003527,00.026729]
ros/clear_outside_radius                      	    150	00.000130	(00.000001 +- 00.000000)	[00.000000,00.000003]
ros/decay_tsdf                                	    731	01.141492	(00.001562 +- 00.000411)	[00.000469,00.008776]
ros/depth                                     	   2248	03.719093	(00.001654 +- 00.000209)	[00.000513,00.018370]
ros/depth/conversions                         	   2248	01.865769	(00.000830 +- 00.000030)	[00.000060,00.007653]
ros/depth/integrate                           	   2248	01.726840	(00.000768 +- 00.000187)	[00.000355,00.014919]
ros/depth/output/back_projected_depth         	   2248	00.027374	(00.000012 +- 00.000001)	[00.000003,00.001661]
ros/depth/transform                           	   2248	00.068831	(00.000031 +- 00.000009)	[00.000015,00.000309]
ros/depth_image_callback                      	   2248	00.112694	(00.000050 +- 00.000023)	[00.000016,00.000665]
ros/esdf                                      	   1421	03.551297	(00.002499 +- 00.000503)	[00.000241,00.012768]
ros/esdf/integrate                            	   1421	02.721695	(00.001915 +- 00.000482)	[00.000114,00.012266]
ros/esdf/slice_output                         	   1421	00.818389	(00.000576 +- 00.000071)	[00.000013,00.007386]
ros/idle                                      	  14998	135.373018	(00.009026 +- 00.000976)	[00.000235,00.021870]
ros/process_queue                             	  44997	04.452198	(00.000099 +- 00.000426)	[00.000000,00.018715]
ros/push_onto_queue                           	   2248	00.008910	(00.000004 +- 00.000010)	[00.000002,00.000075]
ros/static/esdf/output/compute                	   1410	00.275086	(00.000195 +- 00.000029)	[00.000116,00.002485]
ros/static/esdf/output/slice                  	   1410	00.470177	(00.000333 +- 00.000048)	[00.000188,00.007002]
ros/tick                                      	  14998	14.569803	(00.000971 +- 00.000971)	[00.000088,00.028144]
tsdf/integrate                                	   2248	00.684668	(00.000305 +- 00.000049)	[00.000149,00.011037]
tsdf/integrate/allocate_blocks                	   2248	00.161183	(00.000072 +- 00.000035)	[00.000012,00.006882]
tsdf/integrate/get_blocks_in_view             	   2248	00.038923	(00.000017 +- 00.000007)	[00.000006,00.000991]
tsdf/integrate/transfer_blocks                	   2248	00.259480	(00.000115 +- 00.000027)	[00.000060,00.003296]
tsdf/integrate/update_blocks                  	   2248	00.197537	(00.000088 +- 00.000013)	[00.000059,00.002479]
view_calculator/raycast                       	   2248	00.027718	(00.000012 +- 00.000007)	[00.000004,00.000981]
view_calculator/raycast/output                	      2	00.000175	(00.000087 +- 00.000008)	[00.000079,00.000095]
view_calculator/raycast/raycast_pixels_kernel 	      2	00.000804	(00.000402 +- 00.000366)	[00.000036,00.000769]
view_calculator/raycast/setup                 	      2	00.000144	(00.000072 +- 00.000031)	[00.000041,00.000103]
-----------

[INFO] [1790134803.268238896] [nvblox_node]: Rates statistics: 

NVBlox Rates (in Hz)
namespace/tag - NumSamples (Window Length) - Mean 
-----------
ros/depth               	100    	15.2
ros/depth_image_callback	100    	15.1
ros/update_esdf         	100    	9.6
ros/tick                	100    	101.0
-----------

[INFO] [1790134803.268307378] [nvblox_node]: Delay statistics: 

NVBlox Delays
namespace/tag - NumSamples (Window Length) - Mean Delay (seconds) 
-----------
ros/esdf_integration       	100    	0.101
ros/depth_image_integration	100    	0.072
ros/depth_image_callback   	100    	0.065
-----------

[INFO] [1790134813.269403642] [nvblox_node]: Timing statistics: 

NVBlox Timings (in seconds)
namespace/tag - NumSamples - TotalTime - (Mean +- StdDev) - [Min,Max]
-----------
/esdf_slicer/get_aabb                         	   1505	00.005575	(00.000004 +- 00.000001)	[00.000002,00.000045]
/esdf_slicer/slice_layer                      	   1505	00.212820	(00.000141 +- 00.000029)	[00.000089,00.002424]
esdf/integrate/clear                          	   1513	00.332452	(00.000220 +- 00.000043)	[00.000151,00.001045]
esdf/integrate/clear/get_blocks               	   1513	00.073482	(00.000049 +- 00.000013)	[00.000019,00.000231]
esdf/integrate/compute/neighbor_bands         	   1679	00.460322	(00.000274 +- 00.000033)	[00.000156,00.006907]
esdf/integrate/compute/neighbor_bands/gpu_view	   1679	00.142746	(00.000085 +- 00.000010)	[00.000006,00.006122]
esdf/integrate/compute/swap                   	   1679	00.002472	(00.000001 +- 00.000006)	[00.000000,00.000041]
esdf/integrate/compute/sweep                  	   1679	00.069205	(00.000041 +- 00.000005)	[00.000013,00.000695]
esdf/integrate/mark_sites/pack_out            	   1513	00.113596	(00.000075 +- 00.000013)	[00.000045,00.000760]
esdf/integrate_slice                          	   1516	02.592465	(00.001710 +- 00.000492)	[00.000001,00.012098]
esdf/integrate_slice/compute                  	   1513	00.588271	(00.000389 +- 00.000200)	[00.000263,00.006973]
esdf/integrate_slice/mark_sites               	   1513	01.657653	(00.001096 +- 00.000404)	[00.000176,00.010229]
gpu_hash/flush_insertion_cache                	   1558	00.282031	(00.000181 +- 00.000031)	[00.000124,00.004859]
gpu_hash/flush_removal_cache                  	   1556	00.482348	(00.000310 +- 00.000191)	[00.000094,00.005687]
gpu_hash/transfer/reset                       	     12	00.148102	(00.012342 +- 00.007510)	[00.003527,00.026729]
ros/clear_outside_radius                      	    160	00.000138	(00.000001 +- 00.000000)	[00.000000,00.000003]
ros/decay_tsdf                                	    780	01.211931	(00.001554 +- 00.000384)	[00.000469,00.008776]
ros/depth                                     	   2397	03.962807	(00.001653 +- 00.000213)	[00.000513,00.018370]
ros/depth/conversions                         	   2397	01.987203	(00.000829 +- 00.000045)	[00.000060,00.007653]
ros/depth/integrate                           	   2397	01.839896	(00.000768 +- 00.000184)	[00.000355,00.014919]
ros/depth/output/back_projected_depth         	   2397	00.029018	(00.000012 +- 00.000005)	[00.000003,00.001661]
ros/depth/transform                           	   2397	00.074376	(00.000031 +- 00.000023)	[00.000015,00.000309]
ros/depth_image_callback                      	   2397	00.120240	(00.000050 +- 00.000019)	[00.000016,00.000665]
ros/esdf                                      	   1516	03.780161	(00.002494 +- 00.000557)	[00.000241,00.012768]
ros/esdf/integrate                            	   1516	02.898742	(00.001912 +- 00.000534)	[00.000114,00.012266]
ros/esdf/slice_output                         	   1516	00.869503	(00.000574 +- 00.000077)	[00.000013,00.007386]
ros/idle                                      	  15998	144.384525	(00.009025 +- 00.000913)	[00.000235,00.021870]
ros/process_queue                             	  47997	04.743834	(00.000099 +- 00.000401)	[00.000000,00.018715]
ros/push_onto_queue                           	   2397	00.009516	(00.000004 +- 00.000001)	[00.000002,00.000075]
ros/static/esdf/output/compute                	   1505	00.291613	(00.000194 +- 00.000036)	[00.000116,00.002485]
ros/static/esdf/output/slice                  	   1505	00.499944	(00.000332 +- 00.000050)	[00.000188,00.007002]
ros/tick                                      	  15998	15.551126	(00.000972 +- 00.000917)	[00.000088,00.028144]
tsdf/integrate                                	   2397	00.729591	(00.000304 +- 00.000060)	[00.000149,00.011037]
tsdf/integrate/allocate_blocks                	   2397	00.171820	(00.000072 +- 00.000042)	[00.000012,00.006882]
tsdf/integrate/get_blocks_in_view             	   2397	00.041548	(00.000017 +- 00.000014)	[00.000006,00.000991]
tsdf/integrate/transfer_blocks                	   2397	00.276608	(00.000115 +- 00.000028)	[00.000060,00.003296]
tsdf/integrate/update_blocks                  	   2397	00.210102	(00.000088 +- 00.000018)	[00.000059,00.002479]
view_calculator/raycast                       	   2397	00.029517	(00.000012 +- 00.000014)	[00.000004,00.000981]
view_calculator/raycast/output                	      2	00.000175	(00.000087 +- 00.000008)	[00.000079,00.000095]
view_calculator/raycast/raycast_pixels_kernel 	      2	00.000804	(00.000402 +- 00.000366)	[00.000036,00.000769]
view_calculator/raycast/setup                 	      2	00.000144	(00.000072 +- 00.000031)	[00.000041,00.000103]
-----------

[INFO] [1790134813.270629540] [nvblox_node]: Rates statistics: 

NVBlox Rates (in Hz)
namespace/tag - NumSamples (Window Length) - Mean 
-----------
ros/depth               	100    	15.2
ros/depth_image_callback	100    	15.1
ros/update_esdf         	100    	9.5
ros/tick                	100    	101.0
-----------

[INFO] [1790134813.270689670] [nvblox_node]: Delay statistics: 

NVBlox Delays
namespace/tag - NumSamples (Window Length) - Mean Delay (seconds) 
-----------
ros/esdf_integration       	100    	0.102
ros/depth_image_integration	100    	0.071
ros/depth_image_callback   	100    	0.064
-----------

[INFO] [1790134823.276782879] [nvblox_node]: Timing statistics: 

NVBlox Timings (in seconds)
namespace/tag - NumSamples - TotalTime - (Mean +- StdDev) - [Min,Max]
-----------
/esdf_slicer/get_aabb                         	   1599	00.005909	(00.000004 +- 00.000001)	[00.000002,00.000045]
/esdf_slicer/slice_layer                      	   1599	00.225293	(00.000141 +- 00.000054)	[00.000085,00.002424]
esdf/integrate/clear                          	   1607	00.352901	(00.000220 +- 00.000024)	[00.000151,00.001045]
esdf/integrate/clear/get_blocks               	   1607	00.077870	(00.000048 +- 00.000010)	[00.000019,00.000231]
esdf/integrate/compute/neighbor_bands         	   1795	00.487536	(00.000272 +- 00.000044)	[00.000156,00.006907]
esdf/integrate/compute/neighbor_bands/gpu_view	   1795	00.151046	(00.000084 +- 00.000019)	[00.000006,00.006122]
esdf/integrate/compute/swap                   	   1795	00.002629	(00.000001 +- 00.000000)	[00.000000,00.000041]
esdf/integrate/compute/sweep                  	   1795	00.073656	(00.000041 +- 00.000006)	[00.000013,00.000695]
esdf/integrate/mark_sites/pack_out            	   1607	00.120511	(00.000075 +- 00.000017)	[00.000045,00.000760]
esdf/integrate_slice                          	   1610	02.747451	(00.001706 +- 00.000421)	[00.000001,00.012098]
esdf/integrate_slice/compute                  	   1607	00.623865	(00.000388 +- 00.000144)	[00.000263,00.006973]
esdf/integrate_slice/mark_sites               	   1607	01.755752	(00.001093 +- 00.000363)	[00.000176,00.010229]
gpu_hash/flush_insertion_cache                	   1655	00.298786	(00.000181 +- 00.000027)	[00.000124,00.004859]
gpu_hash/flush_removal_cache                  	   1653	00.508192	(00.000307 +- 00.000203)	[00.000094,00.005687]
gpu_hash/transfer/reset                       	     12	00.148102	(00.012342 +- 00.007510)	[00.003527,00.026729]
ros/clear_outside_radius                      	    170	00.000147	(00.000001 +- 00.000000)	[00.000000,00.000003]
ros/decay_tsdf                                	    829	01.284473	(00.001549 +- 00.000303)	[00.000469,00.008776]
ros/depth                                     	   2547	04.207143	(00.001652 +- 00.000405)	[00.000513,00.018370]
ros/depth/conversions                         	   2547	02.110255	(00.000829 +- 00.000266)	[00.000060,00.007653]
ros/depth/integrate                           	   2547	01.952302	(00.000767 +- 00.000211)	[00.000355,00.014919]
ros/depth/output/back_projected_depth         	   2547	00.030801	(00.000012 +- 00.000001)	[00.000003,00.001661]
ros/depth/transform                           	   2547	00.079199	(00.000031 +- 00.000007)	[00.000015,00.000309]
ros/depth_image_callback                      	   2547	00.127457	(00.000050 +- 00.000015)	[00.000016,00.000665]
ros/esdf                                      	   1610	04.007628	(00.002489 +- 00.000482)	[00.000241,00.012768]
ros/esdf/integrate                            	   1610	03.072823	(00.001909 +- 00.000456)	[00.000114,00.012266]
ros/esdf/slice_output                         	   1610	00.922205	(00.000573 +- 00.000090)	[00.000013,00.007386]
ros/idle                                      	  16999	153.412964	(00.009025 +- 00.000904)	[00.000235,00.021870]
ros/process_queue                             	  51000	05.037263	(00.000099 +- 00.000365)	[00.000000,00.018715]
ros/push_onto_queue                           	   2547	00.010066	(00.000004 +- 00.000001)	[00.000002,00.000075]
ros/static/esdf/output/compute                	   1599	00.308971	(00.000193 +- 00.000060)	[00.000116,00.002485]
ros/static/esdf/output/slice                  	   1599	00.530529	(00.000332 +- 00.000043)	[00.000188,00.007002]
ros/tick                                      	  16999	16.524609	(00.000972 +- 00.000881)	[00.000088,00.028144]
tsdf/integrate                                	   2547	00.772523	(00.000303 +- 00.000088)	[00.000149,00.011037]
tsdf/integrate/allocate_blocks                	   2547	00.181426	(00.000071 +- 00.000081)	[00.000012,00.006882]
tsdf/integrate/get_blocks_in_view             	   2547	00.044257	(00.000017 +- 00.000008)	[00.000006,00.000991]
tsdf/integrate/transfer_blocks                	   2547	00.292664	(00.000115 +- 00.000026)	[00.000060,00.003296]
tsdf/integrate/update_blocks                  	   2547	00.222869	(00.000088 +- 00.000007)	[00.000059,00.002479]
view_calculator/raycast                       	   2547	00.031285	(00.000012 +- 00.000001)	[00.000004,00.000981]
view_calculator/raycast/output                	      2	00.000175	(00.000087 +- 00.000008)	[00.000079,00.000095]
view_calculator/raycast/raycast_pixels_kernel 	      2	00.000804	(00.000402 +- 00.000366)	[00.000036,00.000769]
view_calculator/raycast/setup                 	      2	00.000144	(00.000072 +- 00.000031)	[00.000041,00.000103]
-----------

[INFO] [1790134823.277331249] [nvblox_node]: Rates statistics: 

NVBlox Rates (in Hz)
namespace/tag - NumSamples (Window Length) - Mean 
-----------
ros/depth               	100    	15.2
ros/depth_image_callback	100    	15.1
ros/update_esdf         	100    	9.6
ros/tick                	100    	101.0
-----------

[INFO] [1790134823.277421140] [nvblox_node]: Delay statistics: 

NVBlox Delays
namespace/tag - NumSamples (Window Length) - Mean Delay (seconds) 
-----------
ros/esdf_integration       	100    	0.102
ros/depth_image_integration	100    	0.071
ros/depth_image_callback   	100    	0.064
-----------

[INFO] [1790134833.276957693] [nvblox_node]: Timing statistics: 

NVBlox Timings (in seconds)
namespace/tag - NumSamples - TotalTime - (Mean +- StdDev) - [Min,Max]
-----------
/esdf_slicer/get_aabb                         	   1694	00.006283	(00.000004 +- 00.000007)	[00.000002,00.000054]
/esdf_slicer/slice_layer                      	   1694	00.242082	(00.000143 +- 00.000324)	[00.000085,00.002424]
esdf/integrate/clear                          	   1701	00.373713	(00.000220 +- 00.000111)	[00.000150,00.001045]
esdf/integrate/clear/get_blocks               	   1701	00.082115	(00.000048 +- 00.000012)	[00.000019,00.000231]
esdf/integrate/compute/neighbor_bands         	   1903	00.518667	(00.000273 +- 00.000362)	[00.000156,00.006907]
esdf/integrate/compute/neighbor_bands/gpu_view	   1903	00.161704	(00.000085 +- 00.000222)	[00.000006,00.006122]
esdf/integrate/compute/swap                   	   1903	00.002775	(00.000001 +- 00.000000)	[00.000000,00.000041]
esdf/integrate/compute/sweep                  	   1903	00.077699	(00.000041 +- 00.000014)	[00.000012,00.000695]
esdf/integrate/mark_sites/pack_out            	   1701	00.130620	(00.000077 +- 00.000312)	[00.000045,00.002120]
esdf/integrate_slice                          	   1705	02.929628	(00.001718 +- 00.002358)	[00.000001,00.016385]
esdf/integrate_slice/compute                  	   1701	00.662764	(00.000390 +- 00.000386)	[00.000263,00.006973]
esdf/integrate_slice/mark_sites               	   1701	01.877200	(00.001104 +- 00.002235)	[00.000176,00.015765]
gpu_hash/flush_insertion_cache                	   1751	00.315527	(00.000180 +- 00.000119)	[00.000122,00.004859]
gpu_hash/flush_removal_cache                  	   1749	00.552444	(00.000316 +- 00.000950)	[00.000094,00.005687]
gpu_hash/transfer/reset                       	     12	00.148102	(00.012342 +- 00.007510)	[00.003527,00.026729]
ros/clear_outside_radius                      	    180	00.000154	(00.000001 +- 00.000000)	[00.000000,00.000003]
ros/decay_tsdf                                	    877	01.385108	(00.001579 +- 00.002232)	[00.000469,00.014071]
ros/depth                                     	   2697	04.494059	(00.001666 +- 00.002565)	[00.000513,00.018370]
ros/depth/conversions                         	   2697	02.249792	(00.000834 +- 00.000613)	[00.000060,00.008034]
ros/depth/integrate                           	   2697	02.092305	(00.000776 +- 00.002022)	[00.000355,00.014919]
ros/depth/output/back_projected_depth         	   2697	00.032499	(00.000012 +- 00.000003)	[00.000003,00.001661]
ros/depth/transform                           	   2697	00.082915	(00.000031 +- 00.000005)	[00.000015,00.000309]
ros/depth_image_callback                      	   2697	00.134325	(00.000050 +- 00.000044)	[00.000016,00.000665]
ros/esdf                                      	   1705	04.273401	(00.002506 +- 00.002538)	[00.000241,00.017063]
ros/esdf/integrate                            	   1705	03.273169	(00.001920 +- 00.002370)	[00.000114,00.016574]
ros/esdf/slice_output                         	   1705	00.986948	(00.000579 +- 00.000835)	[00.000013,00.007386]
ros/idle                                      	  17993	162.360988	(00.009024 +- 00.001535)	[00.000119,00.021870]
ros/process_queue                             	  53982	05.374167	(00.000100 +- 00.000349)	[00.000000,00.018715]
ros/push_onto_queue                           	   2697	00.010620	(00.000004 +- 00.000004)	[00.000002,00.000075]
ros/static/esdf/output/compute                	   1694	00.330896	(00.000195 +- 00.000329)	[00.000114,00.002485]
ros/static/esdf/output/slice                  	   1694	00.564657	(00.000333 +- 00.000661)	[00.000188,00.007002]
ros/tick                                      	  17993	17.567226	(00.000976 +- 00.001650)	[00.000088,00.030488]
tsdf/integrate                                	   2697	00.844547	(00.000313 +- 00.001965)	[00.000149,00.011117]
tsdf/integrate/allocate_blocks                	   2697	00.212112	(00.000079 +- 00.001261)	[00.000012,00.008077]
tsdf/integrate/get_blocks_in_view             	   2697	00.046743	(00.000017 +- 00.000004)	[00.000006,00.000991]
tsdf/integrate/transfer_blocks                	   2697	00.316614	(00.000117 +- 00.000882)	[00.000060,00.006323]
tsdf/integrate/update_blocks                  	   2697	00.235915	(00.000087 +- 00.000084)	[00.000059,00.002479]
view_calculator/raycast                       	   2697	00.032977	(00.000012 +- 00.000004)	[00.000004,00.000981]
view_calculator/raycast/output                	      2	00.000175	(00.000087 +- 00.000008)	[00.000079,00.000095]
view_calculator/raycast/raycast_pixels_kernel 	      2	00.000804	(00.000402 +- 00.000366)	[00.000036,00.000769]
view_calculator/raycast/setup                 	      2	00.000144	(00.000072 +- 00.000031)	[00.000041,00.000103]
-----------

[INFO] [1790134833.277490447] [nvblox_node]: Rates statistics: 

NVBlox Rates (in Hz)
namespace/tag - NumSamples (Window Length) - Mean 
-----------
ros/depth               	100    	15.1
ros/depth_image_callback	100    	15.1
ros/update_esdf         	100    	9.5
ros/tick                	100    	101.0
-----------

[INFO] [1790134833.277600850] [nvblox_node]: Delay statistics: 

NVBlox Delays
namespace/tag - NumSamples (Window Length) - Mean Delay (seconds) 
-----------
ros/esdf_integration       	100    	0.104
ros/depth_image_integration	100    	0.078
ros/depth_image_callback   	100    	0.070
-----------

[INFO] [1790134843.277277197] [nvblox_node]: Timing statistics: 

NVBlox Timings (in seconds)
namespace/tag - NumSamples - TotalTime - (Mean +- StdDev) - [Min,Max]
-----------
/esdf_slicer/get_aabb                         	   1789	00.006647	(00.000004 +- 00.000001)	[00.000002,00.000054]
/esdf_slicer/slice_layer                      	   1789	00.255535	(00.000143 +- 00.000134)	[00.000085,00.002424]
esdf/integrate/clear                          	   1796	00.395490	(00.000220 +- 00.000040)	[00.000150,00.001045]
esdf/integrate/clear/get_blocks               	   1796	00.086928	(00.000048 +- 00.000015)	[00.000019,00.000231]
esdf/integrate/compute/neighbor_bands         	   2010	00.544889	(00.000271 +- 00.000062)	[00.000156,00.006907]
esdf/integrate/compute/neighbor_bands/gpu_view	   2010	00.169499	(00.000084 +- 00.000010)	[00.000006,00.006122]
esdf/integrate/compute/swap                   	   2010	00.002934	(00.000001 +- 00.000000)	[00.000000,00.000041]
esdf/integrate/compute/sweep                  	   2010	00.082177	(00.000041 +- 00.000009)	[00.000012,00.000695]
esdf/integrate/mark_sites/pack_out            	   1796	00.137740	(00.000077 +- 00.000014)	[00.000045,00.002120]
esdf/integrate_slice                          	   1800	03.093806	(00.001719 +- 00.000468)	[00.000001,00.016385]
esdf/integrate_slice/compute                  	   1796	00.697557	(00.000388 +- 00.000139)	[00.000263,00.006973]
esdf/integrate_slice/mark_sites               	   1796	01.983866	(00.001105 +- 00.000413)	[00.000176,00.015765]
gpu_hash/flush_insertion_cache                	   1849	00.332723	(00.000180 +- 00.000025)	[00.000122,00.004859]
gpu_hash/flush_removal_cache                  	   1847	00.583712	(00.000316 +- 00.000333)	[00.000094,00.005687]
gpu_hash/transfer/reset                       	     12	00.148102	(00.012342 +- 00.007510)	[00.003527,00.026729]
ros/clear_outside_radius                      	    190	00.000164	(00.000001 +- 00.000000)	[00.000000,00.000003]
ros/decay_tsdf                                	    926	01.460663	(00.001577 +- 00.000462)	[00.000469,00.014071]
ros/depth                                     	   2847	04.734873	(00.001663 +- 00.000222)	[00.000513,00.018370]
ros/depth/conversions                         	   2847	02.369658	(00.000832 +- 00.000080)	[00.000060,00.008034]
ros/depth/integrate                           	   2847	02.205045	(00.000775 +- 00.000174)	[00.000355,00.014919]
ros/depth/output/back_projected_depth         	   2847	00.034118	(00.000012 +- 00.000001)	[00.000003,00.001661]
ros/depth/transform                           	   2847	00.087595	(00.000031 +- 00.000010)	[00.000015,00.000309]
ros/depth_image_callback                      	   2847	00.141395	(00.000050 +- 00.000038)	[00.000016,00.000665]
ros/esdf                                      	   1800	04.528821	(00.002516 +- 00.000775)	[00.000241,00.017063]
ros/esdf/integrate                            	   1800	03.456673	(00.001920 +- 00.000497)	[00.000114,00.016574]
ros/esdf/slice_output                         	   1800	01.058063	(00.000588 +- 00.000575)	[00.000013,00.007386]
ros/idle                                      	  18992	171.353447	(00.009022 +- 00.001106)	[00.000119,00.021870]
ros/process_queue                             	  56979	05.662802	(00.000099 +- 00.000322)	[00.000000,00.018715]
ros/push_onto_queue                           	   2847	00.011251	(00.000004 +- 00.000006)	[00.000002,00.000075]
ros/static/esdf/output/compute                	   1789	00.350638	(00.000196 +- 00.000343)	[00.000114,00.002616]
ros/static/esdf/output/slice                  	   1789	00.610455	(00.000341 +- 00.000412)	[00.000188,00.007002]
ros/tick                                      	  18992	18.566783	(00.000978 +- 00.001089)	[00.000088,00.030488]
tsdf/integrate                                	   2847	00.888931	(00.000312 +- 00.000076)	[00.000149,00.011117]
tsdf/integrate/allocate_blocks                	   2847	00.222126	(00.000078 +- 00.000077)	[00.000012,00.008077]
tsdf/integrate/get_blocks_in_view             	   2847	00.049558	(00.000017 +- 00.000013)	[00.000006,00.000991]
tsdf/integrate/transfer_blocks                	   2847	00.333469	(00.000117 +- 00.000019)	[00.000060,00.006323]
tsdf/integrate/update_blocks                  	   2847	00.248716	(00.000087 +- 00.000014)	[00.000059,00.002479]
view_calculator/raycast                       	   2847	00.034881	(00.000012 +- 00.000010)	[00.000004,00.000981]
view_calculator/raycast/output                	      2	00.000175	(00.000087 +- 00.000008)	[00.000079,00.000095]
view_calculator/raycast/raycast_pixels_kernel 	      2	00.000804	(00.000402 +- 00.000366)	[00.000036,00.000769]
view_calculator/raycast/setup                 	      2	00.000144	(00.000072 +- 00.000031)	[00.000041,00.000103]
-----------

[INFO] [1790134843.277717979] [nvblox_node]: Rates statistics: 

NVBlox Rates (in Hz)
namespace/tag - NumSamples (Window Length) - Mean 
-----------
ros/depth               	100    	15.2
ros/depth_image_callback	100    	15.1
ros/update_esdf         	100    	9.6
ros/tick                	100    	100.0
-----------

[INFO] [1790134843.277784158] [nvblox_node]: Delay statistics: 

NVBlox Delays
namespace/tag - NumSamples (Window Length) - Mean Delay (seconds) 
-----------
ros/esdf_integration       	100    	0.102
ros/depth_image_integration	100    	0.072
ros/depth_image_callback   	100    	0.065
-----------

[INFO] [1790134853.277853908] [nvblox_node]: Timing statistics: 

NVBlox Timings (in seconds)
namespace/tag - NumSamples - TotalTime - (Mean +- StdDev) - [Min,Max]
-----------
/esdf_slicer/get_aabb                         	   1883	00.006981	(00.000004 +- 00.000001)	[00.000002,00.000054]
/esdf_slicer/slice_layer                      	   1883	00.270032	(00.000143 +- 00.000015)	[00.000085,00.002424]
esdf/integrate/clear                          	   1890	00.415715	(00.000220 +- 00.000046)	[00.000150,00.001045]
esdf/integrate/clear/get_blocks               	   1890	00.091446	(00.000048 +- 00.000018)	[00.000019,00.000231]
esdf/integrate/compute/neighbor_bands         	   2113	00.571433	(00.000270 +- 00.000038)	[00.000156,00.006907]
esdf/integrate/compute/neighbor_bands/gpu_view	   2113	00.177150	(00.000084 +- 00.000028)	[00.000006,00.006122]
esdf/integrate/compute/swap                   	   2113	00.003079	(00.000001 +- 00.000000)	[00.000000,00.000041]
esdf/integrate/compute/sweep                  	   2113	00.086260	(00.000041 +- 00.000016)	[00.000012,00.000695]
esdf/integrate/mark_sites/pack_out            	   1890	00.145024	(00.000077 +- 00.000044)	[00.000045,00.002120]
esdf/integrate_slice                          	   1894	03.252954	(00.001718 +- 00.000444)	[00.000001,00.016385]
esdf/integrate_slice/compute                  	   1890	00.731838	(00.000387 +- 00.000080)	[00.000263,00.006973]
esdf/integrate_slice/mark_sites               	   1890	02.087657	(00.001105 +- 00.000414)	[00.000176,00.015765]
gpu_hash/flush_insertion_cache                	   1947	00.348833	(00.000179 +- 00.000018)	[00.000122,00.004859]
gpu_hash/flush_removal_cache                  	   1945	00.628822	(00.000323 +- 00.000219)	[00.000094,00.014695]
gpu_hash/transfer/reset                       	     12	00.148102	(00.012342 +- 00.007510)	[00.003527,00.026729]
ros/clear_outside_radius                      	    200	00.000173	(00.000001 +- 00.000000)	[00.000000,00.000003]
ros/decay_tsdf                                	    975	01.558536	(00.001598 +- 00.002236)	[00.000469,00.016327]
ros/depth                                     	   2997	04.990842	(00.001665 +- 00.000181)	[00.000513,00.018370]
ros/depth/conversions                         	   2997	02.497138	(00.000833 +- 00.000035)	[00.000060,00.008034]
ros/depth/integrate                           	   2997	02.325722	(00.000776 +- 00.000167)	[00.000355,00.014919]
ros/depth/output/back_projected_depth         	   2997	00.035808	(00.000012 +- 00.000005)	[00.000003,00.001661]
ros/depth/transform                           	   2997	00.091788	(00.000031 +- 00.000006)	[00.000015,00.000309]
ros/depth_image_callback                      	   2997	00.148835	(00.000050 +- 00.000026)	[00.000016,00.000665]
ros/esdf                                      	   1894	04.772366	(00.002520 +- 00.000539)	[00.000241,00.017063]
ros/esdf/integrate                            	   1894	03.634843	(00.001919 +- 00.000493)	[00.000114,00.016574]
ros/esdf/slice_output                         	   1894	01.122758	(00.000593 +- 00.000094)	[00.000013,00.008202]
ros/idle                                      	  19992	180.342417	(00.009021 +- 00.000936)	[00.000119,00.021870]
ros/process_queue                             	  59979	05.969376	(00.000100 +- 00.000357)	[00.000000,00.018715]
ros/push_onto_queue                           	   2997	00.011835	(00.000004 +- 00.000001)	[00.000002,00.000075]
ros/static/esdf/output/compute                	   1883	00.369925	(00.000196 +- 00.000030)	[00.000114,00.002616]
ros/static/esdf/output/slice                  	   1883	00.650937	(00.000346 +- 00.000062)	[00.000188,00.007966]
ros/tick                                      	  19992	19.568356	(00.000979 +- 00.000932)	[00.000088,00.030488]
tsdf/integrate                                	   2997	00.942313	(00.000314 +- 00.000061)	[00.000149,00.011117]
tsdf/integrate/allocate_blocks                	   2997	00.236098	(00.000079 +- 00.000043)	[00.000012,00.008077]
tsdf/integrate/get_blocks_in_view             	   2997	00.052070	(00.000017 +- 00.000002)	[00.000006,00.000991]
tsdf/integrate/transfer_blocks                	   2997	00.353134	(00.000118 +- 00.000028)	[00.000060,00.006323]
tsdf/integrate/update_blocks                  	   2997	00.264032	(00.000088 +- 00.000019)	[00.000059,00.002605]
view_calculator/raycast                       	   2997	00.036624	(00.000012 +- 00.000001)	[00.000004,00.000981]
view_calculator/raycast/output                	      2	00.000175	(00.000087 +- 00.000008)	[00.000079,00.000095]
view_calculator/raycast/raycast_pixels_kernel 	      2	00.000804	(00.000402 +- 00.000366)	[00.000036,00.000769]
view_calculator/raycast/setup                 	      2	00.000144	(00.000072 +- 00.000031)	[00.000041,00.000103]
-----------

[INFO] [1790134853.278417639] [nvblox_node]: Rates statistics: 

NVBlox Rates (in Hz)
namespace/tag - NumSamples (Window Length) - Mean 
-----------
ros/depth               	100    	15.2
ros/depth_image_callback	100    	15.1
ros/update_esdf         	100    	9.5
ros/tick                	100    	101.0
-----------

[INFO] [1790134853.278499241] [nvblox_node]: Delay statistics: 

NVBlox Delays
namespace/tag - NumSamples (Window Length) - Mean Delay (seconds) 
-----------
ros/esdf_integration       	100    	0.104
ros/depth_image_integration	100    	0.071
ros/depth_image_callback   	100    	0.065
-----------

[INFO] [1790134863.278027901] [nvblox_node]: Timing statistics: 

NVBlox Timings (in seconds)
namespace/tag - NumSamples - TotalTime - (Mean +- StdDev) - [Min,Max]
-----------
/esdf_slicer/get_aabb                         	   1978	00.007554	(00.000004 +- 00.000026)	[00.000002,00.000187]
/esdf_slicer/slice_layer                      	   1978	00.286504	(00.000145 +- 00.000362)	[00.000085,00.002424]
esdf/integrate/clear                          	   1985	00.436432	(00.000220 +- 00.000061)	[00.000150,00.001045]
esdf/integrate/clear/get_blocks               	   1985	00.095800	(00.000048 +- 00.000020)	[00.000019,00.000231]
esdf/integrate/compute/neighbor_bands         	   2241	00.615862	(00.000275 +- 00.000834)	[00.000156,00.006907]
esdf/integrate/compute/neighbor_bands/gpu_view	   2241	00.187707	(00.000084 +- 00.000090)	[00.000006,00.006122]
esdf/integrate/compute/swap                   	   2241	00.003284	(00.000001 +- 00.000001)	[00.000000,00.000041]
esdf/integrate/compute/sweep                  	   2241	00.091404	(00.000041 +- 00.000024)	[00.000012,00.000695]
esdf/integrate/mark_sites/pack_out            	   1985	00.151778	(00.000076 +- 00.000018)	[00.000045,00.002120]
esdf/integrate_slice                          	   1989	03.422969	(00.001721 +- 00.000979)	[00.000001,00.016385]
esdf/integrate_slice/compute                  	   1985	00.785418	(00.000396 +- 00.001046)	[00.000260,00.006973]
esdf/integrate_slice/mark_sites               	   1985	02.182528	(00.001100 +- 00.000454)	[00.000176,00.015765]
gpu_hash/flush_insertion_cache                	   2043	00.364644	(00.000178 +- 00.000034)	[00.000122,00.004859]
gpu_hash/flush_removal_cache                  	   2043	00.661187	(00.000324 +- 00.000272)	[00.000094,00.014695]
gpu_hash/transfer/reset                       	     12	00.148102	(00.012342 +- 00.007510)	[00.003527,00.026729]
ros/clear_outside_radius                      	    210	00.000182	(00.000001 +- 00.000000)	[00.000000,00.000003]
ros/decay_tsdf                                	   1024	01.629425	(00.001591 +- 00.000661)	[00.000460,00.016327]
ros/depth                                     	   3147	05.233263	(00.001663 +- 00.000243)	[00.000513,00.018370]
ros/depth/conversions                         	   3147	02.622499	(00.000833 +- 00.000052)	[00.000060,00.008034]
ros/depth/integrate                           	   3147	02.434981	(00.000774 +- 00.000214)	[00.000355,00.014919]
ros/depth/output/back_projected_depth         	   3147	00.037475	(00.000012 +- 00.000001)	[00.000003,00.001661]
ros/depth/transform                           	   3147	00.095866	(00.000030 +- 00.000011)	[00.000015,00.000309]
ros/depth_image_callback                      	   3147	00.155928	(00.000050 +- 00.000015)	[00.000016,00.000665]
ros/esdf                                      	   1989	05.023082	(00.002525 +- 00.001207)	[00.000241,00.017063]
ros/esdf/integrate                            	   1989	03.825013	(00.001923 +- 00.000988)	[00.000114,00.016574]
ros/esdf/slice_output                         	   1989	01.182567	(00.000595 +- 00.000560)	[00.000013,00.008202]
ros/idle                                      	  20992	189.375871	(00.009021 +- 00.001059)	[00.000118,00.021870]
ros/process_queue                             	  62979	06.265304	(00.000099 +- 00.000459)	[00.000000,00.018715]
ros/push_onto_queue                           	   3147	00.012393	(00.000004 +- 00.000001)	[00.000002,00.000075]
ros/static/esdf/output/compute                	   1978	00.393043	(00.000199 +- 00.000461)	[00.000114,00.002948]
ros/static/esdf/output/slice                  	   1978	00.682157	(00.000345 +- 00.000144)	[00.000188,00.007966]
ros/tick                                      	  20992	20.525052	(00.000978 +- 00.001048)	[00.000088,00.030488]
tsdf/integrate                                	   3147	00.984043	(00.000313 +- 00.000051)	[00.000149,00.011117]
tsdf/integrate/allocate_blocks                	   3147	00.245247	(00.000078 +- 00.000038)	[00.000012,00.008077]
tsdf/integrate/get_blocks_in_view             	   3147	00.054857	(00.000017 +- 00.000019)	[00.000006,00.000991]
tsdf/integrate/transfer_blocks                	   3147	00.368580	(00.000117 +- 00.000022)	[00.000060,00.006323]
tsdf/integrate/update_blocks                  	   3147	00.276593	(00.000088 +- 00.000016)	[00.000059,00.002605]
view_calculator/raycast                       	   3147	00.038565	(00.000012 +- 00.000012)	[00.000004,00.000981]
view_calculator/raycast/output                	      2	00.000175	(00.000087 +- 00.000008)	[00.000079,00.000095]
view_calculator/raycast/raycast_pixels_kernel 	      2	00.000804	(00.000402 +- 00.000366)	[00.000036,00.000769]
view_calculator/raycast/setup                 	      2	00.000144	(00.000072 +- 00.000031)	[00.000041,00.000103]
-----------

[INFO] [1790134863.278423275] [nvblox_node]: Rates statistics: 

NVBlox Rates (in Hz)
namespace/tag - NumSamples (Window Length) - Mean 
-----------
ros/depth               	100    	15.2
ros/depth_image_callback	100    	15.1
ros/update_esdf         	100    	9.6
ros/tick                	100    	101.0
-----------

[INFO] [1790134863.278566383] [nvblox_node]: Delay statistics: 

NVBlox Delays
namespace/tag - NumSamples (Window Length) - Mean Delay (seconds) 
-----------
ros/esdf_integration       	100    	0.105
ros/depth_image_integration	100    	0.075
ros/depth_image_callback   	100    	0.066
-----------

[INFO] [1790134873.278424288] [nvblox_node]: Timing statistics: 

NVBlox Timings (in seconds)
namespace/tag - NumSamples - TotalTime - (Mean +- StdDev) - [Min,Max]
-----------
/esdf_slicer/get_aabb                         	   2072	00.007908	(00.000004 +- 00.000001)	[00.000002,00.000187]
/esdf_slicer/slice_layer                      	   2072	00.300895	(00.000145 +- 00.000165)	[00.000085,00.002424]
esdf/integrate/clear                          	   2079	00.457042	(00.000220 +- 00.000139)	[00.000150,00.001179]
esdf/integrate/clear/get_blocks               	   2079	00.100168	(00.000048 +- 00.000023)	[00.000019,00.000231]
esdf/integrate/compute/neighbor_bands         	   2339	00.642945	(00.000275 +- 00.000170)	[00.000156,00.006907]
esdf/integrate/compute/neighbor_bands/gpu_view	   2339	00.196293	(00.000084 +- 00.000027)	[00.000006,00.006122]
esdf/integrate/compute/swap                   	   2339	00.003428	(00.000001 +- 00.000000)	[00.000000,00.000041]
esdf/integrate/compute/sweep                  	   2339	00.097109	(00.000042 +- 00.000006)	[00.000012,00.001886]
esdf/integrate/mark_sites/pack_out            	   2079	00.159455	(00.000077 +- 00.000137)	[00.000044,00.002120]
esdf/integrate_slice                          	   2083	03.589990	(00.001723 +- 00.000673)	[00.000001,00.016385]
esdf/integrate_slice/compute                  	   2079	00.822237	(00.000395 +- 00.000186)	[00.000260,00.006973]
esdf/integrate_slice/mark_sites               	   2079	02.291260	(00.001102 +- 00.000526)	[00.000176,00.015765]
gpu_hash/flush_insertion_cache                	   2141	00.382907	(00.000179 +- 00.000038)	[00.000122,00.004859]
gpu_hash/flush_removal_cache                  	   2139	00.692912	(00.000324 +- 00.000265)	[00.000094,00.014695]
gpu_hash/transfer/reset                       	     12	00.148102	(00.012342 +- 00.007510)	[00.003527,00.026729]
ros/clear_outside_radius                      	    220	00.000190	(00.000001 +- 00.000000)	[00.000000,00.000003]
ros/decay_tsdf                                	   1072	01.702806	(00.001588 +- 00.000641)	[00.000460,00.016327]
ros/depth                                     	   3297	05.482765	(00.001663 +- 00.000227)	[00.000513,00.018370]
ros/depth/conversions                         	   3297	02.749900	(00.000834 +- 00.000030)	[00.000060,00.008034]
ros/depth/integrate                           	   3297	02.548854	(00.000773 +- 00.000216)	[00.000355,00.014919]
ros/depth/output/back_projected_depth         	   3297	00.039196	(00.000012 +- 00.000001)	[00.000003,00.001661]
ros/depth/transform                           	   3297	00.100323	(00.000030 +- 00.000010)	[00.000015,00.000309]
ros/depth_image_callback                      	   3297	00.163734	(00.000050 +- 00.000016)	[00.000016,00.000665]
ros/esdf                                      	   2083	05.266865	(00.002528 +- 00.000893)	[00.000241,00.017063]
ros/esdf/integrate                            	   2083	04.012292	(00.001926 +- 00.000697)	[00.000114,00.016574]
ros/esdf/slice_output                         	   2083	01.238393	(00.000595 +- 00.000405)	[00.000013,00.008202]
ros/idle                                      	  21991	198.397607	(00.009022 +- 00.001027)	[00.000118,00.021870]
ros/process_queue                             	  65976	06.567250	(00.000100 +- 00.000430)	[00.000000,00.018715]
ros/push_onto_queue                           	   3297	00.013111	(00.000004 +- 00.000001)	[00.000002,00.000132]
ros/static/esdf/output/compute                	   2072	00.412177	(00.000199 +- 00.000179)	[00.000114,00.002948]
ros/static/esdf/output/slice                  	   2072	00.713988	(00.000345 +- 00.000218)	[00.000188,00.007966]
ros/tick                                      	  21991	21.494446	(00.000977 +- 00.001010)	[00.000088,00.030488]
tsdf/integrate                                	   3297	01.031607	(00.000313 +- 00.000068)	[00.000149,00.011117]
tsdf/integrate/allocate_blocks                	   3297	00.258045	(00.000078 +- 00.000036)	[00.000012,00.008077]
tsdf/integrate/get_blocks_in_view             	   3297	00.057302	(00.000017 +- 00.000005)	[00.000006,00.000991]
tsdf/integrate/transfer_blocks                	   3297	00.386104	(00.000117 +- 00.000040)	[00.000060,00.006323]
tsdf/integrate/update_blocks                  	   3297	00.289703	(00.000088 +- 00.000007)	[00.000059,00.002605]
view_calculator/raycast                       	   3297	00.040298	(00.000012 +- 00.000005)	[00.000004,00.000981]
view_calculator/raycast/output                	      2	00.000175	(00.000087 +- 00.000008)	[00.000079,00.000095]
view_calculator/raycast/raycast_pixels_kernel 	      2	00.000804	(00.000402 +- 00.000366)	[00.000036,00.000769]
view_calculator/raycast/setup                 	      2	00.000144	(00.000072 +- 00.000031)	[00.000041,00.000103]
-----------

[INFO] [1790134873.278993555] [nvblox_node]: Rates statistics: 

NVBlox Rates (in Hz)
namespace/tag - NumSamples (Window Length) - Mean 
-----------
ros/depth               	100    	15.1
ros/depth_image_callback	100    	15.1
ros/update_esdf         	100    	9.6
ros/tick                	100    	101.0
-----------

[INFO] [1790134873.279074006] [nvblox_node]: Delay statistics: 

NVBlox Delays
namespace/tag - NumSamples (Window Length) - Mean Delay (seconds) 
-----------
ros/esdf_integration       	100    	0.108
ros/depth_image_integration	100    	0.075
ros/depth_image_callback   	100    	0.068
-----------

[INFO] [1790134883.278969147] [nvblox_node]: Timing statistics: 

NVBlox Timings (in seconds)
namespace/tag - NumSamples - TotalTime - (Mean +- StdDev) - [Min,Max]
-----------
/esdf_slicer/get_aabb                         	   2167	00.008263	(00.000004 +- 00.000001)	[00.000002,00.000187]
/esdf_slicer/slice_layer                      	   2167	00.312495	(00.000144 +- 00.000015)	[00.000085,00.002424]
esdf/integrate/clear                          	   2174	00.478557	(00.000220 +- 00.000025)	[00.000150,00.001179]
esdf/integrate/clear/get_blocks               	   2174	00.104786	(00.000048 +- 00.000010)	[00.000019,00.000231]
esdf/integrate/compute/neighbor_bands         	   2489	00.681096	(00.000274 +- 00.000047)	[00.000156,00.006907]
esdf/integrate/compute/neighbor_bands/gpu_view	   2489	00.207094	(00.000083 +- 00.000018)	[00.000006,00.006122]
esdf/integrate/compute/swap                   	   2489	00.003631	(00.000001 +- 00.000000)	[00.000000,00.000041]
esdf/integrate/compute/sweep                  	   2489	00.102995	(00.000041 +- 00.000011)	[00.000012,00.001886]
esdf/integrate/mark_sites/pack_out            	   2174	00.166761	(00.000077 +- 00.000012)	[00.000044,00.002120]
esdf/integrate_slice                          	   2178	03.763375	(00.001728 +- 00.000551)	[00.000001,00.016385]
esdf/integrate_slice/compute                  	   2174	00.870648	(00.000400 +- 00.000441)	[00.000260,00.006973]
esdf/integrate_slice/mark_sites               	   2174	02.393749	(00.001101 +- 00.000377)	[00.000176,00.015765]
gpu_hash/flush_insertion_cache                	   2239	00.399937	(00.000179 +- 00.000026)	[00.000122,00.004859]
gpu_hash/flush_removal_cache                  	   2237	00.718853	(00.000321 +- 00.000201)	[00.000094,00.014695]
gpu_hash/transfer/reset                       	     12	00.148102	(00.012342 +- 00.007510)	[00.003527,00.026729]
ros/clear_outside_radius                      	    230	00.000199	(00.000001 +- 00.000000)	[00.000000,00.000003]
ros/decay_tsdf                                	   1121	01.773005	(00.001582 +- 00.000292)	[00.000460,00.016327]
ros/depth                                     	   3447	05.720048	(00.001659 +- 00.000176)	[00.000513,00.018370]
ros/depth/conversions                         	   3447	02.869566	(00.000832 +- 00.000017)	[00.000060,00.008034]
ros/depth/integrate                           	   3447	02.657862	(00.000771 +- 00.000168)	[00.000355,00.014919]
ros/depth/output/back_projected_depth         	   3447	00.040877	(00.000012 +- 00.000001)	[00.000003,00.001661]
ros/depth/transform                           	   3447	00.105262	(00.000031 +- 00.000007)	[00.000015,00.000309]
ros/depth_image_callback                      	   3447	00.171495	(00.000050 +- 00.000019)	[00.000016,00.000665]
ros/esdf                                      	   2178	05.515037	(00.002532 +- 00.000571)	[00.000241,00.017063]
ros/esdf/integrate                            	   2178	04.206077	(00.001931 +- 00.000571)	[00.000114,00.016574]
ros/esdf/slice_output                         	   2178	01.292030	(00.000593 +- 00.000087)	[00.000013,00.008202]
ros/idle                                      	  22991	207.402066	(00.009021 +- 00.001002)	[00.000118,00.021870]
ros/process_queue                             	  68976	06.854029	(00.000099 +- 00.000419)	[00.000000,00.018715]
ros/push_onto_queue                           	   3447	00.013750	(00.000004 +- 00.000001)	[00.000002,00.000132]
ros/static/esdf/output/compute                	   2167	00.428685	(00.000198 +- 00.000030)	[00.000114,00.002948]
ros/static/esdf/output/slice                  	   2167	00.746261	(00.000344 +- 00.000072)	[00.000188,00.007966]
ros/tick                                      	  22991	22.482022	(00.000978 +- 00.000994)	[00.000088,00.030488]
tsdf/integrate                                	   3447	01.072804	(00.000311 +- 00.000038)	[00.000149,00.011117]
tsdf/integrate/allocate_blocks                	   3447	00.266654	(00.000077 +- 00.000032)	[00.000012,00.008077]
tsdf/integrate/get_blocks_in_view             	   3447	00.059833	(00.000017 +- 00.000001)	[00.000006,00.000991]
tsdf/integrate/transfer_blocks                	   3447	00.401918	(00.000117 +- 00.000015)	[00.000060,00.006323]
tsdf/integrate/update_blocks                  	   3447	00.302095	(00.000088 +- 00.000008)	[00.000059,00.002605]
view_calculator/raycast                       	   3447	00.042042	(00.000012 +- 00.000001)	[00.000004,00.000981]
view_calculator/raycast/output                	      2	00.000175	(00.000087 +- 00.000008)	[00.000079,00.000095]
view_calculator/raycast/raycast_pixels_kernel 	      2	00.000804	(00.000402 +- 00.000366)	[00.000036,00.000769]
view_calculator/raycast/setup                 	      2	00.000144	(00.000072 +- 00.000031)	[00.000041,00.000103]
-----------

[INFO] [1790134883.279633233] [nvblox_node]: Rates statistics: 

NVBlox Rates (in Hz)
namespace/tag - NumSamples (Window Length) - Mean 
-----------
ros/depth               	100    	15.1
ros/depth_image_callback	100    	15.1
ros/update_esdf         	100    	9.6
ros/tick                	100    	101.0
-----------

[INFO] [1790134883.279716244] [nvblox_node]: Delay statistics: 

NVBlox Delays
namespace/tag - NumSamples (Window Length) - Mean Delay (seconds) 
-----------
ros/esdf_integration       	100    	0.101
ros/depth_image_integration	100    	0.072
ros/depth_image_callback   	100    	0.065
-----------

[INFO] [1790134893.279064091] [nvblox_node]: Timing statistics: 

NVBlox Timings (in seconds)
namespace/tag - NumSamples - TotalTime - (Mean +- StdDev) - [Min,Max]
-----------
/esdf_slicer/get_aabb                         	   2261	00.008625	(00.000004 +- 00.000001)	[00.000002,00.000187]
/esdf_slicer/slice_layer                      	   2261	00.324419	(00.000143 +- 00.000017)	[00.000085,00.002424]
esdf/integrate/clear                          	   2268	00.500018	(00.000220 +- 00.000049)	[00.000150,00.001179]
esdf/integrate/clear/get_blocks               	   2268	00.109636	(00.000048 +- 00.000026)	[00.000019,00.000231]
esdf/integrate/compute/neighbor_bands         	   2592	00.706800	(00.000273 +- 00.000030)	[00.000156,00.006907]
esdf/integrate/compute/neighbor_bands/gpu_view	   2592	00.215596	(00.000083 +- 00.000010)	[00.000006,00.006122]
esdf/integrate/compute/swap                   	   2592	00.003786	(00.000001 +- 00.000000)	[00.000000,00.000041]
esdf/integrate/compute/sweep                  	   2592	00.107510	(00.000041 +- 00.000012)	[00.000012,00.001886]
esdf/integrate/mark_sites/pack_out            	   2268	00.173935	(00.000077 +- 00.000014)	[00.000044,00.002120]
esdf/integrate_slice                          	   2272	03.920513	(00.001726 +- 00.000504)	[00.000001,00.016385]
esdf/integrate_slice/compute                  	   2268	00.904895	(00.000399 +- 00.000191)	[00.000260,00.006973]
esdf/integrate_slice/mark_sites               	   2268	02.494298	(00.001100 +- 00.000419)	[00.000176,00.015765]
gpu_hash/flush_insertion_cache                	   2336	00.417449	(00.000179 +- 00.000038)	[00.000122,00.004859]
gpu_hash/flush_removal_cache                  	   2334	00.747925	(00.000320 +- 00.000242)	[00.000094,00.014695]
gpu_hash/transfer/reset                       	     12	00.148102	(00.012342 +- 00.007510)	[00.003527,00.026729]
ros/clear_outside_radius                      	    240	00.000209	(00.000001 +- 00.000000)	[00.000000,00.000003]
ros/decay_tsdf                                	   1170	01.850621	(00.001582 +- 00.000450)	[00.000460,00.016327]
ros/depth                                     	   3597	05.957625	(00.001656 +- 00.000180)	[00.000513,00.018370]
ros/depth/conversions                         	   3597	02.987446	(00.000831 +- 00.000032)	[00.000060,00.008034]
ros/depth/integrate                           	   3597	02.768897	(00.000770 +- 00.000168)	[00.000355,00.014919]
ros/depth/output/back_projected_depth         	   3597	00.042582	(00.000012 +- 00.000013)	[00.000003,00.001661]
ros/depth/transform                           	   3597	00.110291	(00.000031 +- 00.000018)	[00.000015,00.000309]
ros/depth_image_callback                      	   3597	00.178663	(00.000050 +- 00.000019)	[00.000016,00.000665]
ros/esdf                                      	   2272	05.746518	(00.002529 +- 00.000567)	[00.000241,00.017063]
ros/esdf/integrate                            	   2272	04.383008	(00.001929 +- 00.000545)	[00.000114,00.016574]
ros/esdf/slice_output                         	   2272	01.345880	(00.000592 +- 00.000068)	[00.000013,00.008202]
ros/idle                                      	  23991	216.417968	(00.009021 +- 00.001014)	[00.000118,00.021870]
ros/process_queue                             	  71976	07.137716	(00.000099 +- 00.000490)	[00.000000,00.018715]
ros/push_onto_queue                           	   3597	00.014324	(00.000004 +- 00.000001)	[00.000002,00.000132]
ros/static/esdf/output/compute                	   2261	00.445609	(00.000197 +- 00.000029)	[00.000114,00.002948]
ros/static/esdf/output/slice                  	   2261	00.778350	(00.000344 +- 00.000048)	[00.000188,00.007966]
ros/tick                                      	  23991	23.458876	(00.000978 +- 00.000990)	[00.000088,00.030488]
tsdf/integrate                                	   3597	01.114853	(00.000310 +- 00.000043)	[00.000149,00.011117]
tsdf/integrate/allocate_blocks                	   3597	00.275417	(00.000077 +- 00.000034)	[00.000012,00.008077]
tsdf/integrate/get_blocks_in_view             	   3597	00.062353	(00.000017 +- 00.000001)	[00.000006,00.000991]
tsdf/integrate/transfer_blocks                	   3597	00.417866	(00.000116 +- 00.000019)	[00.000060,00.006323]
tsdf/integrate/update_blocks                  	   3597	00.315030	(00.000088 +- 00.000020)	[00.000059,00.002605]
view_calculator/raycast                       	   3597	00.043846	(00.000012 +- 00.000001)	[00.000004,00.000981]
view_calculator/raycast/output                	      2	00.000175	(00.000087 +- 00.000008)	[00.000079,00.000095]
view_calculator/raycast/raycast_pixels_kernel 	      2	00.000804	(00.000402 +- 00.000366)	[00.000036,00.000769]
view_calculator/raycast/setup                 	      2	00.000144	(00.000072 +- 00.000031)	[00.000041,00.000103]
-----------

[INFO] [1790134893.289140461] [nvblox_node]: Rates statistics: 

NVBlox Rates (in Hz)
namespace/tag - NumSamples (Window Length) - Mean 
-----------
ros/depth               	100    	15.2
ros/depth_image_callback	100    	15.1
ros/update_esdf         	100    	9.5
ros/tick                	100    	101.0
-----------

[INFO] [1790134893.289359380] [nvblox_node]: Delay statistics: 

NVBlox Delays
namespace/tag - NumSamples (Window Length) - Mean Delay (seconds) 
-----------
ros/esdf_integration       	100    	0.100
ros/depth_image_integration	100    	0.071
ros/depth_image_callback   	100    	0.065
-----------

[INFO] [1790134903.281233656] [nvblox_node]: Timing statistics: 

NVBlox Timings (in seconds)
namespace/tag - NumSamples - TotalTime - (Mean +- StdDev) - [Min,Max]
-----------
/esdf_slicer/get_aabb                         	   2356	00.009008	(00.000004 +- 00.000005)	[00.000002,00.000187]
/esdf_slicer/slice_layer                      	   2356	00.336080	(00.000143 +- 00.000017)	[00.000085,00.002424]
esdf/integrate/clear                          	   2363	00.521879	(00.000221 +- 00.000051)	[00.000150,00.001179]
esdf/integrate/clear/get_blocks               	   2363	00.114531	(00.000048 +- 00.000027)	[00.000019,00.000231]
esdf/integrate/compute/neighbor_bands         	   2701	00.732336	(00.000271 +- 00.000058)	[00.000134,00.006907]
esdf/integrate/compute/neighbor_bands/gpu_view	   2701	00.223460	(00.000083 +- 00.000035)	[00.000006,00.006122]
esdf/integrate/compute/swap                   	   2701	00.003948	(00.000001 +- 00.000000)	[00.000000,00.000041]
esdf/integrate/compute/sweep                  	   2701	00.112202	(00.000042 +- 00.000019)	[00.000012,00.001886]
esdf/integrate/mark_sites/pack_out            	   2363	00.181287	(00.000077 +- 00.000028)	[00.000044,00.002120]
esdf/integrate_slice                          	   2367	04.080429	(00.001724 +- 00.000453)	[00.000001,00.016385]
esdf/integrate_slice/compute                  	   2363	00.939078	(00.000397 +- 00.000160)	[00.000260,00.006973]
esdf/integrate_slice/mark_sites               	   2363	02.597274	(00.001099 +- 00.000418)	[00.000176,00.015765]
gpu_hash/flush_insertion_cache                	   2433	00.434370	(00.000179 +- 00.000026)	[00.000122,00.004859]
gpu_hash/flush_removal_cache                  	   2431	00.773749	(00.000318 +- 00.000208)	[00.000094,00.014695]
gpu_hash/transfer/reset                       	     12	00.148102	(00.012342 +- 00.007510)	[00.003527,00.026729]
ros/clear_outside_radius                      	    250	00.000218	(00.000001 +- 00.000000)	[00.000000,00.000003]
ros/decay_tsdf                                	   1218	01.921972	(00.001578 +- 00.000302)	[00.000460,00.016327]
ros/depth                                     	   3747	06.201028	(00.001655 +- 00.000216)	[00.000513,00.018370]
ros/depth/conversions                         	   3747	03.107262	(00.000829 +- 00.000038)	[00.000060,00.008034]
ros/depth/integrate                           	   3747	02.883539	(00.000770 +- 00.000187)	[00.000355,00.014919]
ros/depth/output/back_projected_depth         	   3747	00.044246	(00.000012 +- 00.000003)	[00.000003,00.001661]
ros/depth/transform                           	   3747	00.115380	(00.000031 +- 00.000019)	[00.000015,00.000309]
ros/depth_image_callback                      	   3747	00.186243	(00.000050 +- 00.000025)	[00.000016,00.000665]
ros/esdf                                      	   2367	05.979399	(00.002526 +- 00.000513)	[00.000241,00.017063]
ros/esdf/integrate                            	   2367	04.562457	(00.001928 +- 00.000497)	[00.000114,00.016574]
ros/esdf/slice_output                         	   2367	01.398557	(00.000591 +- 00.000095)	[00.000013,00.008202]
ros/idle                                      	  24991	225.440394	(00.009021 +- 00.001051)	[00.000118,00.021870]
ros/process_queue                             	  74976	07.428922	(00.000099 +- 00.000462)	[00.000000,00.018715]
ros/push_onto_queue                           	   3747	00.014971	(00.000004 +- 00.000010)	[00.000002,00.000132]
ros/static/esdf/output/compute                	   2356	00.462041	(00.000196 +- 00.000023)	[00.000114,00.002948]
ros/static/esdf/output/slice                  	   2356	00.809723	(00.000344 +- 00.000073)	[00.000188,00.007966]
ros/tick                                      	  24991	24.429232	(00.000978 +- 00.001055)	[00.000088,00.030488]
tsdf/integrate                                	   3747	01.159699	(00.000310 +- 00.000054)	[00.000149,00.011117]
tsdf/integrate/allocate_blocks                	   3747	00.284880	(00.000076 +- 00.000046)	[00.000012,00.008077]
tsdf/integrate/get_blocks_in_view             	   3747	00.065029	(00.000017 +- 00.000004)	[00.000006,00.000991]
tsdf/integrate/transfer_blocks                	   3747	00.435285	(00.000116 +- 00.000027)	[00.000060,00.006323]
tsdf/integrate/update_blocks                  	   3747	00.328331	(00.000088 +- 00.000010)	[00.000059,00.002605]
view_calculator/raycast                       	   3747	00.045796	(00.000012 +- 00.000004)	[00.000004,00.000981]
view_calculator/raycast/output                	      2	00.000175	(00.000087 +- 00.000008)	[00.000079,00.000095]
view_calculator/raycast/raycast_pixels_kernel 	      2	00.000804	(00.000402 +- 00.000366)	[00.000036,00.000769]
view_calculator/raycast/setup                 	      2	00.000144	(00.000072 +- 00.000031)	[00.000041,00.000103]
-----------

[INFO] [1790134903.289463659] [nvblox_node]: Rates statistics: 

NVBlox Rates (in Hz)
namespace/tag - NumSamples (Window Length) - Mean 
-----------
ros/depth               	100    	15.2
ros/depth_image_callback	100    	15.1
ros/update_esdf         	100    	9.6
ros/tick                	100    	101.0
-----------

[INFO] [1790134903.289691570] [nvblox_node]: Delay statistics: 

NVBlox Delays
namespace/tag - NumSamples (Window Length) - Mean Delay (seconds) 
-----------
ros/esdf_integration       	100    	0.101
ros/depth_image_integration	100    	0.072
ros/depth_image_callback   	100    	0.065
-----------

[INFO] [1790134913.291807300] [nvblox_node]: Timing statistics: 

NVBlox Timings (in seconds)
namespace/tag - NumSamples - TotalTime - (Mean +- StdDev) - [Min,Max]
-----------
/esdf_slicer/get_aabb                         	   2451	00.009348	(00.000004 +- 00.000001)	[00.000002,00.000187]
/esdf_slicer/slice_layer                      	   2451	00.347982	(00.000142 +- 00.000026)	[00.000085,00.002424]
esdf/integrate/clear                          	   2458	00.543810	(00.000221 +- 00.000047)	[00.000150,00.001179]
esdf/integrate/clear/get_blocks               	   2458	00.119198	(00.000048 +- 00.000014)	[00.000019,00.000231]
esdf/integrate/compute/neighbor_bands         	   2804	00.756237	(00.000270 +- 00.000033)	[00.000134,00.006907]
esdf/integrate/compute/neighbor_bands/gpu_view	   2804	00.230889	(00.000082 +- 00.000013)	[00.000006,00.006122]
esdf/integrate/compute/swap                   	   2804	00.004099	(00.000001 +- 00.000000)	[00.000000,00.000041]
esdf/integrate/compute/sweep                  	   2804	00.116702	(00.000042 +- 00.000015)	[00.000012,00.001886]
esdf/integrate/mark_sites/pack_out            	   2458	00.188545	(00.000077 +- 00.000016)	[00.000044,00.002120]
esdf/integrate_slice                          	   2462	04.237859	(00.001721 +- 00.000471)	[00.000001,00.016385]
esdf/integrate_slice/compute                  	   2458	00.971490	(00.000395 +- 00.000120)	[00.000260,00.006973]
esdf/integrate_slice/mark_sites               	   2458	02.699388	(00.001098 +- 00.000434)	[00.000176,00.015765]
gpu_hash/flush_insertion_cache                	   2530	00.451619	(00.000179 +- 00.000042)	[00.000122,00.004859]
gpu_hash/flush_removal_cache                  	   2529	00.800596	(00.000317 +- 00.000201)	[00.000094,00.014695]
gpu_hash/transfer/reset                       	     12	00.148102	(00.012342 +- 00.007510)	[00.003527,00.026729]
ros/clear_outside_radius                      	    260	00.000227	(00.000001 +- 00.000000)	[00.000000,00.000003]
ros/decay_tsdf                                	   1267	01.990728	(00.001571 +- 00.000420)	[00.000460,00.016327]
ros/depth                                     	   3897	06.449333	(00.001655 +- 00.000208)	[00.000513,00.018370]
ros/depth/conversions                         	   3897	03.229849	(00.000829 +- 00.000031)	[00.000060,00.008034]
ros/depth/integrate                           	   3897	03.000186	(00.000770 +- 00.000192)	[00.000355,00.014919]
ros/depth/output/back_projected_depth         	   3897	00.045954	(00.000012 +- 00.000003)	[00.000003,00.001661]
ros/depth/transform                           	   3897	00.120480	(00.000031 +- 00.000007)	[00.000015,00.000309]
ros/depth_image_callback                      	   3897	00.192914	(00.000050 +- 00.000014)	[00.000016,00.000665]
ros/esdf                                      	   2462	06.210144	(00.002522 +- 00.000518)	[00.000241,00.017063]
ros/esdf/integrate                            	   2462	04.739362	(00.001925 +- 00.000507)	[00.000114,00.016574]
ros/esdf/slice_output                         	   2462	01.451571	(00.000590 +- 00.000087)	[00.000013,00.008202]
ros/idle                                      	  25992	234.468161	(00.009021 +- 00.001083)	[00.000118,00.021870]
ros/process_queue                             	  77979	07.726136	(00.000099 +- 00.000437)	[00.000000,00.018715]
ros/push_onto_queue                           	   3897	00.015539	(00.000004 +- 00.000001)	[00.000002,00.000132]
ros/static/esdf/output/compute                	   2451	00.478624	(00.000195 +- 00.000032)	[00.000114,00.002948]
ros/static/esdf/output/slice                  	   2451	00.840906	(00.000343 +- 00.000064)	[00.000188,00.007966]
ros/tick                                      	  25992	25.404041	(00.000977 +- 00.001060)	[00.000088,00.030488]
tsdf/integrate                                	   3897	01.203815	(00.000309 +- 00.000062)	[00.000149,00.011117]
tsdf/integrate/allocate_blocks                	   3897	00.294452	(00.000076 +- 00.000047)	[00.000012,00.008077]
tsdf/integrate/get_blocks_in_view             	   3897	00.067837	(00.000017 +- 00.000014)	[00.000006,00.000991]
tsdf/integrate/transfer_blocks                	   3897	00.451959	(00.000116 +- 00.000040)	[00.000060,00.006323]
tsdf/integrate/update_blocks                  	   3897	00.341429	(00.000088 +- 00.000012)	[00.000059,00.002605]
view_calculator/raycast                       	   3897	00.047733	(00.000012 +- 00.000014)	[00.000004,00.000981]
view_calculator/raycast/output                	      2	00.000175	(00.000087 +- 00.000008)	[00.000079,00.000095]
view_calculator/raycast/raycast_pixels_kernel 	      2	00.000804	(00.000402 +- 00.000366)	[00.000036,00.000769]
view_calculator/raycast/setup                 	      2	00.000144	(00.000072 +- 00.000031)	[00.000041,00.000103]
-----------

[INFO] [1790134913.292437561] [nvblox_node]: Rates statistics: 

NVBlox Rates (in Hz)
namespace/tag - NumSamples (Window Length) - Mean 
-----------
ros/depth               	100    	15.1
ros/depth_image_callback	100    	15.1
ros/update_esdf         	100    	9.6
ros/tick                	100    	101.0
-----------

[INFO] [1790134913.292533628] [nvblox_node]: Delay statistics: 

NVBlox Delays
namespace/tag - NumSamples (Window Length) - Mean Delay (seconds) 
-----------
ros/esdf_integration       	100    	0.101
ros/depth_image_integration	100    	0.071
ros/depth_image_callback   	100    	0.065
-----------

[INFO] [1790134923.304047969] [nvblox_node]: Timing statistics: 

NVBlox Timings (in seconds)
namespace/tag - NumSamples - TotalTime - (Mean +- StdDev) - [Min,Max]
-----------
/esdf_slicer/get_aabb                         	   2546	00.009680	(00.000004 +- 00.000001)	[00.000002,00.000187]
/esdf_slicer/slice_layer                      	   2546	00.360014	(00.000141 +- 00.000028)	[00.000085,00.002424]
esdf/integrate/clear                          	   2553	00.564605	(00.000221 +- 00.000032)	[00.000150,00.001179]
esdf/integrate/clear/get_blocks               	   2553	00.123736	(00.000048 +- 00.000013)	[00.000019,00.000231]
esdf/integrate/compute/neighbor_bands         	   2907	00.779959	(00.000268 +- 00.000017)	[00.000134,00.006907]
esdf/integrate/compute/neighbor_bands/gpu_view	   2907	00.238177	(00.000082 +- 00.000012)	[00.000006,00.006122]
esdf/integrate/compute/swap                   	   2907	00.004250	(00.000001 +- 00.000000)	[00.000000,00.000041]
esdf/integrate/compute/sweep                  	   2907	00.120988	(00.000042 +- 00.000013)	[00.000012,00.001886]
esdf/integrate/mark_sites/pack_out            	   2553	00.195466	(00.000077 +- 00.000021)	[00.000044,00.002120]
esdf/integrate_slice                          	   2557	04.390419	(00.001717 +- 00.000408)	[00.000001,00.016385]
esdf/integrate_slice/compute                  	   2553	01.003277	(00.000393 +- 00.000053)	[00.000260,00.006973]
esdf/integrate_slice/mark_sites               	   2553	02.798460	(00.001096 +- 00.000393)	[00.000176,00.015765]
gpu_hash/flush_insertion_cache                	   2629	00.468917	(00.000178 +- 00.000022)	[00.000122,00.004859]
gpu_hash/flush_removal_cache                  	   2627	00.828766	(00.000315 +- 00.000221)	[00.000094,00.014695]
gpu_hash/transfer/reset                       	     12	00.148102	(00.012342 +- 00.007510)	[00.003527,00.026729]
ros/clear_outside_radius                      	    270	00.000238	(00.000001 +- 00.000000)	[00.000000,00.000003]
ros/decay_tsdf                                	   1316	02.061674	(00.001567 +- 00.000458)	[00.000460,00.016327]
ros/depth                                     	   4047	06.695271	(00.001654 +- 00.000197)	[00.000513,00.018370]
ros/depth/conversions                         	   4047	03.351331	(00.000828 +- 00.000035)	[00.000060,00.008034]
ros/depth/integrate                           	   4047	03.115838	(00.000770 +- 00.000179)	[00.000355,00.014919]
ros/depth/output/back_projected_depth         	   4047	00.047669	(00.000012 +- 00.000001)	[00.000003,00.001661]
ros/depth/transform                           	   4047	00.125394	(00.000031 +- 00.000010)	[00.000015,00.000309]
ros/depth_image_callback                      	   4047	00.200808	(00.000050 +- 00.000018)	[00.000016,00.000665]
ros/esdf                                      	   2557	06.435128	(00.002517 +- 00.000472)	[00.000241,00.017063]
ros/esdf/integrate                            	   2557	04.910727	(00.001921 +- 00.000458)	[00.000114,00.016574]
ros/esdf/slice_output                         	   2557	01.504454	(00.000588 +- 00.000087)	[00.000013,00.008202]
ros/idle                                      	  26993	243.499877	(00.009021 +- 00.000895)	[00.000118,00.021870]
ros/process_queue                             	  80982	08.020211	(00.000099 +- 00.000414)	[00.000000,00.018715]
ros/push_onto_queue                           	   4047	00.016127	(00.000004 +- 00.000001)	[00.000002,00.000132]
ros/static/esdf/output/compute                	   2546	00.495419	(00.000195 +- 00.000036)	[00.000114,00.002948]
ros/static/esdf/output/slice                  	   2546	00.872090	(00.000343 +- 00.000060)	[00.000188,00.007966]
ros/tick                                      	  26993	26.375307	(00.000977 +- 00.000899)	[00.000088,00.030488]
tsdf/integrate                                	   4047	01.248343	(00.000308 +- 00.000044)	[00.000149,00.011117]
tsdf/integrate/allocate_blocks                	   4047	00.303802	(00.000075 +- 00.000035)	[00.000012,00.008077]
tsdf/integrate/get_blocks_in_view             	   4047	00.070502	(00.000017 +- 00.000005)	[00.000006,00.000991]
tsdf/integrate/transfer_blocks                	   4047	00.469355	(00.000116 +- 00.000015)	[00.000060,00.006323]
tsdf/integrate/update_blocks                  	   4047	00.354494	(00.000088 +- 00.000011)	[00.000059,00.002605]
view_calculator/raycast                       	   4047	00.049512	(00.000012 +- 00.000001)	[00.000004,00.000981]
view_calculator/raycast/output                	      2	00.000175	(00.000087 +- 00.000008)	[00.000079,00.000095]
view_calculator/raycast/raycast_pixels_kernel 	      2	00.000804	(00.000402 +- 00.000366)	[00.000036,00.000769]
view_calculator/raycast/setup                 	      2	00.000144	(00.000072 +- 00.000031)	[00.000041,00.000103]
-----------

[INFO] [1790134923.304619092] [nvblox_node]: Rates statistics: 

NVBlox Rates (in Hz)
namespace/tag - NumSamples (Window Length) - Mean 
-----------
ros/depth               	100    	15.1
ros/depth_image_callback	100    	15.1
ros/update_esdf         	100    	9.5
ros/tick                	100    	101.0
-----------

[INFO] [1790134923.304700823] [nvblox_node]: Delay statistics: 

NVBlox Delays
namespace/tag - NumSamples (Window Length) - Mean Delay (seconds) 
-----------
ros/esdf_integration       	100    	0.099
ros/depth_image_integration	100    	0.071
ros/depth_image_callback   	100    	0.064
-----------

[INFO] [1790134933.310476470] [nvblox_node]: Timing statistics: 

NVBlox Timings (in seconds)
namespace/tag - NumSamples - TotalTime - (Mean +- StdDev) - [Min,Max]
-----------
/esdf_slicer/get_aabb                         	   2640	00.010038	(00.000004 +- 00.000001)	[00.000002,00.000187]
/esdf_slicer/slice_layer                      	   2640	00.371589	(00.000141 +- 00.000020)	[00.000085,00.002424]
esdf/integrate/clear                          	   2647	00.585498	(00.000221 +- 00.000033)	[00.000150,00.001179]
esdf/integrate/clear/get_blocks               	   2647	00.128382	(00.000049 +- 00.000017)	[00.000019,00.000231]
esdf/integrate/compute/neighbor_bands         	   3016	00.805515	(00.000267 +- 00.000032)	[00.000134,00.006907]
esdf/integrate/compute/neighbor_bands/gpu_view	   3016	00.246478	(00.000082 +- 00.000014)	[00.000006,00.006122]
esdf/integrate/compute/swap                   	   3016	00.004460	(00.000001 +- 00.000007)	[00.000000,00.000051]
esdf/integrate/compute/sweep                  	   3016	00.125428	(00.000042 +- 00.000011)	[00.000012,00.001886]
esdf/integrate/mark_sites/pack_out            	   2647	00.202356	(00.000076 +- 00.000015)	[00.000044,00.002120]
esdf/integrate_slice                          	   2651	04.545515	(00.001715 +- 00.000474)	[00.000001,00.016385]
esdf/integrate_slice/compute                  	   2647	01.037269	(00.000392 +- 00.000145)	[00.000260,00.006973]
esdf/integrate_slice/mark_sites               	   2647	02.897755	(00.001095 +- 00.000419)	[00.000176,00.015765]
gpu_hash/flush_insertion_cache                	   2725	00.485548	(00.000178 +- 00.000037)	[00.000122,00.004859]
gpu_hash/flush_removal_cache                  	   2723	00.854102	(00.000314 +- 00.000201)	[00.000094,00.014695]
gpu_hash/transfer/reset                       	     12	00.148102	(00.012342 +- 00.007510)	[00.003527,00.026729]
ros/clear_outside_radius                      	    280	00.000247	(00.000001 +- 00.000000)	[00.000000,00.000003]
ros/decay_tsdf                                	   1364	02.132070	(00.001563 +- 00.000312)	[00.000460,00.016327]
ros/depth                                     	   4197	06.934267	(00.001652 +- 00.000203)	[00.000513,00.018370]
ros/depth/conversions                         	   4197	03.471523	(00.000827 +- 00.000049)	[00.000060,00.008034]
ros/depth/integrate                           	   4197	03.225728	(00.000769 +- 00.000175)	[00.000355,00.014919]
ros/depth/output/back_projected_depth         	   4197	00.049310	(00.000012 +- 00.000004)	[00.000003,00.001661]
ros/depth/transform                           	   4197	00.130692	(00.000031 +- 00.000024)	[00.000015,00.000309]
ros/depth_image_callback                      	   4197	00.207474	(00.000049 +- 00.000013)	[00.000016,00.000665]
ros/esdf                                      	   2651	06.664561	(00.002514 +- 00.000536)	[00.000241,00.017063]
ros/esdf/integrate                            	   2651	05.085230	(00.001918 +- 00.000514)	[00.000114,00.016574]
ros/esdf/slice_output                         	   2651	01.558628	(00.000588 +- 00.000090)	[00.000013,00.008202]
ros/idle                                      	  27994	252.512276	(00.009020 +- 00.001071)	[00.000118,00.021870]
ros/process_queue                             	  83985	08.306866	(00.000099 +- 00.000538)	[00.000000,00.018715]
ros/push_onto_queue                           	   4197	00.016713	(00.000004 +- 00.000001)	[00.000002,00.000132]
ros/static/esdf/output/compute                	   2640	00.512140	(00.000194 +- 00.000030)	[00.000114,00.002948]
ros/static/esdf/output/slice                  	   2640	00.904810	(00.000343 +- 00.000070)	[00.000188,00.007966]
ros/tick                                      	  27994	27.365836	(00.000978 +- 00.001063)	[00.000088,00.030488]
tsdf/integrate                                	   4197	01.291326	(00.000308 +- 00.000078)	[00.000149,00.011117]
tsdf/integrate/allocate_blocks                	   4197	00.312690	(00.000075 +- 00.000049)	[00.000012,00.008077]
tsdf/integrate/get_blocks_in_view             	   4197	00.072954	(00.000017 +- 00.000001)	[00.000006,00.000991]
tsdf/integrate/transfer_blocks                	   4197	00.486246	(00.000116 +- 00.000044)	[00.000060,00.006323]
tsdf/integrate/update_blocks                  	   4197	00.367375	(00.000088 +- 00.000026)	[00.000059,00.002605]
view_calculator/raycast                       	   4197	00.051228	(00.000012 +- 00.000001)	[00.000004,00.000981]
view_calculator/raycast/output                	      2	00.000175	(00.000087 +- 00.000008)	[00.000079,00.000095]
view_calculator/raycast/raycast_pixels_kernel 	      2	00.000804	(00.000402 +- 00.000366)	[00.000036,00.000769]
view_calculator/raycast/setup                 	      2	00.000144	(00.000072 +- 00.000031)	[00.000041,00.000103]
-----------

[INFO] [1790134933.311046793] [nvblox_node]: Rates statistics: 

NVBlox Rates (in Hz)
namespace/tag - NumSamples (Window Length) - Mean 
-----------
ros/depth               	100    	15.2
ros/depth_image_callback	100    	15.1
ros/update_esdf         	100    	9.5
ros/tick                	100    	101.0
-----------

[INFO] [1790134933.311127180] [nvblox_node]: Delay statistics: 

NVBlox Delays
namespace/tag - NumSamples (Window Length) - Mean Delay (seconds) 
-----------
ros/esdf_integration       	100    	0.100
ros/depth_image_integration	100    	0.071
ros/depth_image_callback   	100    	0.064
-----------

[INFO] [1790134943.312511636] [nvblox_node]: Timing statistics: 

NVBlox Timings (in seconds)
namespace/tag - NumSamples - TotalTime - (Mean +- StdDev) - [Min,Max]
-----------
/esdf_slicer/get_aabb                         	   2734	00.010420	(00.000004 +- 00.000004)	[00.000002,00.000187]
/esdf_slicer/slice_layer                      	   2734	00.386644	(00.000141 +- 00.000434)	[00.000085,00.003224]
esdf/integrate/clear                          	   2741	00.607358	(00.000222 +- 00.000054)	[00.000150,00.001179]
esdf/integrate/clear/get_blocks               	   2741	00.133219	(00.000049 +- 00.000026)	[00.000019,00.000231]
esdf/integrate/compute/neighbor_bands         	   3126	00.832109	(00.000266 +- 00.000049)	[00.000134,00.006907]
esdf/integrate/compute/neighbor_bands/gpu_view	   3126	00.254764	(00.000081 +- 00.000019)	[00.000006,00.006122]
esdf/integrate/compute/swap                   	   3126	00.004623	(00.000001 +- 00.000000)	[00.000000,00.000051]
esdf/integrate/compute/sweep                  	   3126	00.130153	(00.000042 +- 00.000013)	[00.000012,00.001886]
esdf/integrate/mark_sites/pack_out            	   2741	00.209376	(00.000076 +- 00.000014)	[00.000044,00.002120]
esdf/integrate_slice                          	   2745	04.701193	(00.001713 +- 00.000493)	[00.000001,00.016385]
esdf/integrate_slice/compute                  	   2741	01.072537	(00.000391 +- 00.000158)	[00.000260,00.006973]
esdf/integrate_slice/mark_sites               	   2741	02.995438	(00.001093 +- 00.000417)	[00.000176,00.015765]
gpu_hash/flush_insertion_cache                	   2823	00.503166	(00.000178 +- 00.000032)	[00.000122,00.004859]
gpu_hash/flush_removal_cache                  	   2821	00.881132	(00.000312 +- 00.000213)	[00.000094,00.014695]
gpu_hash/transfer/reset                       	     12	00.148102	(00.012342 +- 00.007510)	[00.003527,00.026729]
ros/clear_outside_radius                      	    290	00.000258	(00.000001 +- 00.000000)	[00.000000,00.000003]
ros/decay_tsdf                                	   1413	02.206944	(00.001562 +- 00.000307)	[00.000460,00.016327]
ros/depth                                     	   4347	07.178119	(00.001651 +- 00.000181)	[00.000513,00.018370]
ros/depth/conversions                         	   4347	03.592876	(00.000827 +- 00.000023)	[00.000060,00.008034]
ros/depth/integrate                           	   4347	03.339472	(00.000768 +- 00.000176)	[00.000355,00.014919]
ros/depth/output/back_projected_depth         	   4347	00.051047	(00.000012 +- 00.000004)	[00.000003,00.001661]
ros/depth/transform                           	   4347	00.135561	(00.000031 +- 00.000004)	[00.000015,00.000309]
ros/depth_image_callback                      	   4347	00.214530	(00.000049 +- 00.000018)	[00.000016,00.000665]
ros/esdf                                      	   2745	06.896198	(00.002512 +- 00.000769)	[00.000241,00.017063]
ros/esdf/integrate                            	   2745	05.260059	(00.001916 +- 00.000534)	[00.000114,00.016574]
ros/esdf/slice_output                         	   2745	01.614675	(00.000588 +- 00.000460)	[00.000013,00.008202]
ros/idle                                      	  28994	261.518539	(00.009020 +- 00.001090)	[00.000118,00.021870]
ros/process_queue                             	  86985	08.601124	(00.000099 +- 00.000454)	[00.000000,00.018715]
ros/push_onto_queue                           	   4347	00.017310	(00.000004 +- 00.000001)	[00.000002,00.000132]
ros/static/esdf/output/compute                	   2734	00.532246	(00.000195 +- 00.000435)	[00.000114,00.003279]
ros/static/esdf/output/slice                  	   2734	00.935712	(00.000342 +- 00.000077)	[00.000188,00.007966]
ros/tick                                      	  28994	28.351713	(00.000978 +- 00.001071)	[00.000088,00.030488]
tsdf/integrate                                	   4347	01.334770	(00.000307 +- 00.000069)	[00.000149,00.011117]
tsdf/integrate/allocate_blocks                	   4347	00.321962	(00.000074 +- 00.000037)	[00.000012,00.008077]
tsdf/integrate/get_blocks_in_view             	   4347	00.075548	(00.000017 +- 00.000002)	[00.000006,00.000991]
tsdf/integrate/transfer_blocks                	   4347	00.502790	(00.000116 +- 00.000039)	[00.000060,00.006323]
tsdf/integrate/update_blocks                  	   4347	00.380338	(00.000087 +- 00.000043)	[00.000059,00.002605]
view_calculator/raycast                       	   4347	00.052978	(00.000012 +- 00.000002)	[00.000004,00.000981]
view_calculator/raycast/output                	      2	00.000175	(00.000087 +- 00.000008)	[00.000079,00.000095]
view_calculator/raycast/raycast_pixels_kernel 	      2	00.000804	(00.000402 +- 00.000366)	[00.000036,00.000769]
view_calculator/raycast/setup                 	      2	00.000144	(00.000072 +- 00.000031)	[00.000041,00.000103]
-----------

[INFO] [1790134943.312915074] [nvblox_node]: Rates statistics: 

NVBlox Rates (in Hz)
namespace/tag - NumSamples (Window Length) - Mean 
-----------
ros/depth               	100    	15.2
ros/depth_image_callback	100    	15.1
ros/update_esdf         	100    	9.5
ros/tick                	100    	101.0
-----------

[INFO] [1790134943.312965315] [nvblox_node]: Delay statistics: 

NVBlox Delays
namespace/tag - NumSamples (Window Length) - Mean Delay (seconds) 
-----------
ros/esdf_integration       	100    	0.100
ros/depth_image_integration	100    	0.071
ros/depth_image_callback   	100    	0.065
-----------

[INFO] [1790134953.313663025] [nvblox_node]: Timing statistics: 

NVBlox Timings (in seconds)
namespace/tag - NumSamples - TotalTime - (Mean +- StdDev) - [Min,Max]
-----------
/esdf_slicer/get_aabb                         	   2828	00.010775	(00.000004 +- 00.000001)	[00.000002,00.000187]
/esdf_slicer/slice_layer                      	   2828	00.398376	(00.000141 +- 00.000020)	[00.000085,00.003224]
esdf/integrate/clear                          	   2835	00.628432	(00.000222 +- 00.000036)	[00.000150,00.001179]
esdf/integrate/clear/get_blocks               	   2835	00.137920	(00.000049 +- 00.000014)	[00.000019,00.000231]
esdf/integrate/compute/neighbor_bands         	   3230	00.856202	(00.000265 +- 00.000042)	[00.000134,00.006907]
esdf/integrate/compute/neighbor_bands/gpu_view	   3230	00.262217	(00.000081 +- 00.000022)	[00.000006,00.006122]
esdf/integrate/compute/swap                   	   3230	00.004775	(00.000001 +- 00.000000)	[00.000000,00.000051]
esdf/integrate/compute/sweep                  	   3230	00.134676	(00.000042 +- 00.000012)	[00.000012,00.001886]
esdf/integrate/mark_sites/pack_out            	   2835	00.216397	(00.000076 +- 00.000019)	[00.000044,00.002120]
esdf/integrate_slice                          	   2839	04.852428	(00.001709 +- 00.000420)	[00.000001,00.016385]
esdf/integrate_slice/compute                  	   2835	01.105029	(00.000390 +- 00.000124)	[00.000260,00.006973]
esdf/integrate_slice/mark_sites               	   2835	03.092202	(00.001091 +- 00.000405)	[00.000176,00.015765]
gpu_hash/flush_insertion_cache                	   2919	00.519822	(00.000178 +- 00.000031)	[00.000122,00.004859]
gpu_hash/flush_removal_cache                  	   2919	00.906905	(00.000311 +- 00.000206)	[00.000094,00.014695]
gpu_hash/transfer/reset                       	     12	00.148102	(00.012342 +- 00.007510)	[00.003527,00.026729]
ros/clear_outside_radius                      	    300	00.000266	(00.000001 +- 00.000000)	[00.000000,00.000003]
ros/decay_tsdf                                	   1462	02.278400	(00.001558 +- 00.000359)	[00.000460,00.016327]
ros/depth                                     	   4496	07.426290	(00.001652 +- 00.000302)	[00.000513,00.018370]
ros/depth/conversions                         	   4496	03.714495	(00.000826 +- 00.000126)	[00.000060,00.008034]
ros/depth/integrate                           	   4496	03.457015	(00.000769 +- 00.000238)	[00.000355,00.014919]
ros/depth/output/back_projected_depth         	   4496	00.052957	(00.000012 +- 00.000006)	[00.000003,00.001661]
ros/depth/transform                           	   4496	00.140485	(00.000031 +- 00.000009)	[00.000015,00.000309]
ros/depth_image_callback                      	   4496	00.221573	(00.000049 +- 00.000016)	[00.000016,00.000665]
ros/esdf                                      	   2839	07.119610	(00.002508 +- 00.000484)	[00.000241,00.017063]
ros/esdf/integrate                            	   2839	05.429653	(00.001913 +- 00.000451)	[00.000114,00.016574]
ros/esdf/slice_output                         	   2839	01.667706	(00.000587 +- 00.000083)	[00.000013,00.008202]
ros/idle                                      	  29994	270.543471	(00.009020 +- 00.001054)	[00.000118,00.021870]
ros/process_queue                             	  89985	08.898028	(00.000099 +- 00.000401)	[00.000000,00.018715]
ros/push_onto_queue                           	   4496	00.017880	(00.000004 +- 00.000001)	[00.000002,00.000132]
ros/static/esdf/output/compute                	   2828	00.548754	(00.000194 +- 00.000026)	[00.000114,00.003279]
ros/static/esdf/output/slice                  	   2828	00.967493	(00.000342 +- 00.000057)	[00.000188,00.007966]
ros/tick                                      	  29994	29.319399	(00.000978 +- 00.001019)	[00.000088,00.030488]
tsdf/integrate                                	   4496	01.380022	(00.000307 +- 00.000097)	[00.000149,00.011117]
tsdf/integrate/allocate_blocks                	   4496	00.331849	(00.000074 +- 00.000091)	[00.000012,00.008077]
tsdf/integrate/get_blocks_in_view             	   4496	00.078281	(00.000017 +- 00.000012)	[00.000006,00.000991]
tsdf/integrate/transfer_blocks                	   4496	00.519880	(00.000116 +- 00.000020)	[00.000060,00.006323]
tsdf/integrate/update_blocks                  	   4496	00.393798	(00.000088 +- 00.000015)	[00.000059,00.002605]
view_calculator/raycast                       	   4496	00.054815	(00.000012 +- 00.000009)	[00.000004,00.000981]
view_calculator/raycast/output                	      2	00.000175	(00.000087 +- 00.000008)	[00.000079,00.000095]
view_calculator/raycast/raycast_pixels_kernel 	      2	00.000804	(00.000402 +- 00.000366)	[00.000036,00.000769]
view_calculator/raycast/setup                 	      2	00.000144	(00.000072 +- 00.000031)	[00.000041,00.000103]
-----------

[INFO] [1790134953.314247525] [nvblox_node]: Rates statistics: 

NVBlox Rates (in Hz)
namespace/tag - NumSamples (Window Length) - Mean 
-----------
ros/depth               	100    	15.2
ros/depth_image_callback	100    	15.1
ros/update_esdf         	100    	9.5
ros/tick                	100    	101.0
-----------

[INFO] [1790134953.314345480] [nvblox_node]: Delay statistics: 

NVBlox Delays
namespace/tag - NumSamples (Window Length) - Mean Delay (seconds) 
-----------
ros/esdf_integration       	100    	0.100
ros/depth_image_integration	100    	0.072
ros/depth_image_callback   	100    	0.064
-----------

[INFO] [1790134963.321502028] [nvblox_node]: Timing statistics: 

NVBlox Timings (in seconds)
namespace/tag - NumSamples - TotalTime - (Mean +- StdDev) - [Min,Max]
-----------
/esdf_slicer/get_aabb                         	   2922	00.011142	(00.000004 +- 00.000001)	[00.000002,00.000187]
/esdf_slicer/slice_layer                      	   2922	00.411021	(00.000141 +- 00.000018)	[00.000085,00.003224]
esdf/integrate/clear                          	   2929	00.650338	(00.000222 +- 00.000049)	[00.000150,00.001179]
esdf/integrate/clear/get_blocks               	   2929	00.142854	(00.000049 +- 00.000016)	[00.000019,00.000239]
esdf/integrate/compute/neighbor_bands         	   3328	00.878595	(00.000264 +- 00.000011)	[00.000134,00.006907]
esdf/integrate/compute/neighbor_bands/gpu_view	   3328	00.269133	(00.000081 +- 00.000009)	[00.000006,00.006122]
esdf/integrate/compute/swap                   	   3328	00.004923	(00.000001 +- 00.000000)	[00.000000,00.000051]
esdf/integrate/compute/sweep                  	   3328	00.138739	(00.000042 +- 00.000004)	[00.000012,00.001886]
esdf/integrate/mark_sites/pack_out            	   2929	00.224255	(00.000077 +- 00.000016)	[00.000044,00.002120]
esdf/integrate_slice                          	   2933	05.006762	(00.001707 +- 00.000450)	[00.000001,00.016385]
esdf/integrate_slice/compute                  	   2929	01.135367	(00.000388 +- 00.000041)	[00.000260,00.006973]
esdf/integrate_slice/mark_sites               	   2929	03.193363	(00.001090 +- 00.000430)	[00.000176,00.015765]
gpu_hash/flush_insertion_cache                	   3017	00.536638	(00.000178 +- 00.000015)	[00.000122,00.004859]
gpu_hash/flush_removal_cache                  	   3015	00.931926	(00.000309 +- 00.000257)	[00.000094,00.014695]
gpu_hash/transfer/reset                       	     12	00.148102	(00.012342 +- 00.007510)	[00.003527,00.026729]
ros/clear_outside_radius                      	    310	00.000275	(00.000001 +- 00.000000)	[00.000000,00.000003]
ros/decay_tsdf                                	   1510	02.351485	(00.001557 +- 00.000485)	[00.000460,00.016327]
ros/depth                                     	   4646	07.671752	(00.001651 +- 00.000152)	[00.000513,00.018370]
ros/depth/conversions                         	   4646	03.835795	(00.000826 +- 00.000018)	[00.000060,00.008034]
ros/depth/integrate                           	   4646	03.572315	(00.000769 +- 00.000146)	[00.000355,00.014919]
ros/depth/output/back_projected_depth         	   4646	00.054666	(00.000012 +- 00.000001)	[00.000003,00.001661]
ros/depth/transform                           	   4646	00.145281	(00.000031 +- 00.000003)	[00.000015,00.000309]
ros/depth_image_callback                      	   4646	00.229439	(00.000049 +- 00.000015)	[00.000016,00.000665]
ros/esdf                                      	   2933	07.348548	(00.002505 +- 00.000505)	[00.000241,00.017063]
ros/esdf/integrate                            	   2933	05.602868	(00.001910 +- 00.000487)	[00.000114,00.016574]
ros/esdf/slice_output                         	   2933	01.722709	(00.000587 +- 00.000073)	[00.000013,00.008202]
ros/idle                                      	  30995	279.564104	(00.009020 +- 00.001104)	[00.000118,00.021870]
ros/process_queue                             	  92988	09.190861	(00.000099 +- 00.000372)	[00.000000,00.018715]
ros/push_onto_queue                           	   4646	00.018483	(00.000004 +- 00.000001)	[00.000002,00.000132]
ros/static/esdf/output/compute                	   2922	00.566398	(00.000194 +- 00.000029)	[00.000114,00.003279]
ros/static/esdf/output/slice                  	   2922	01.000045	(00.000342 +- 00.000059)	[00.000188,00.007966]
ros/tick                                      	  30995	30.301650	(00.000978 +- 00.001087)	[00.000088,00.030488]
tsdf/integrate                                	   4646	01.425190	(00.000307 +- 00.000043)	[00.000149,00.011117]
tsdf/integrate/allocate_blocks                	   4646	00.342103	(00.000074 +- 00.000039)	[00.000012,00.008077]
tsdf/integrate/get_blocks_in_view             	   4646	00.081151	(00.000017 +- 00.000010)	[00.000006,00.000991]
tsdf/integrate/transfer_blocks                	   4646	00.536848	(00.000116 +- 00.000017)	[00.000060,00.006323]
tsdf/integrate/update_blocks                  	   4646	00.406859	(00.000088 +- 00.000013)	[00.000059,00.002605]
view_calculator/raycast                       	   4646	00.056801	(00.000012 +- 00.000007)	[00.000004,00.000981]
view_calculator/raycast/output                	      2	00.000175	(00.000087 +- 00.000008)	[00.000079,00.000095]
view_calculator/raycast/raycast_pixels_kernel 	      2	00.000804	(00.000402 +- 00.000366)	[00.000036,00.000769]
view_calculator/raycast/setup                 	      2	00.000144	(00.000072 +- 00.000031)	[00.000041,00.000103]
-----------

[INFO] [1790134963.322337576] [nvblox_node]: Rates statistics: 

NVBlox Rates (in Hz)
namespace/tag - NumSamples (Window Length) - Mean 
-----------
ros/depth               	100    	15.2
ros/depth_image_callback	100    	15.1
ros/update_esdf         	100    	9.5
ros/tick                	100    	101.0
-----------

[INFO] [1790134963.322449036] [nvblox_node]: Delay statistics: 

NVBlox Delays
namespace/tag - NumSamples (Window Length) - Mean Delay (seconds) 
-----------
ros/esdf_integration       	100    	0.101
ros/depth_image_integration	100    	0.071
ros/depth_image_callback   	100    	0.065
-----------

[INFO] [1790134973.321778890] [nvblox_node]: Timing statistics: 

NVBlox Timings (in seconds)
namespace/tag - NumSamples - TotalTime - (Mean +- StdDev) - [Min,Max]
-----------
/esdf_slicer/get_aabb                         	   3017	00.011492	(00.000004 +- 00.000001)	[00.000002,00.000187]
/esdf_slicer/slice_layer                      	   3017	00.422780	(00.000140 +- 00.000019)	[00.000085,00.003224]
esdf/integrate/clear                          	   3024	00.672479	(00.000222 +- 00.000049)	[00.000150,00.001179]
esdf/integrate/clear/get_blocks               	   3024	00.148124	(00.000049 +- 00.000028)	[00.000019,00.000239]
esdf/integrate/compute/neighbor_bands         	   3435	00.903470	(00.000263 +- 00.000036)	[00.000134,00.006907]
esdf/integrate/compute/neighbor_bands/gpu_view	   3435	00.276625	(00.000081 +- 00.000013)	[00.000006,00.006122]
esdf/integrate/compute/swap                   	   3435	00.005077	(00.000001 +- 00.000000)	[00.000000,00.000051]
esdf/integrate/compute/sweep                  	   3435	00.143052	(00.000042 +- 00.000005)	[00.000012,00.001886]
esdf/integrate/mark_sites/pack_out            	   3024	00.231334	(00.000076 +- 00.000009)	[00.000044,00.002120]
esdf/integrate_slice                          	   3028	05.166730	(00.001706 +- 00.000476)	[00.000001,00.016385]
esdf/integrate_slice/compute                  	   3024	01.168311	(00.000386 +- 00.000109)	[00.000258,00.006973]
esdf/integrate_slice/mark_sites               	   3024	03.297331	(00.001090 +- 00.000419)	[00.000176,00.015765]
gpu_hash/flush_insertion_cache                	   3114	00.553724	(00.000178 +- 00.000061)	[00.000122,00.004859]
gpu_hash/flush_removal_cache                  	   3113	00.962956	(00.000309 +- 00.000239)	[00.000094,00.014695]
gpu_hash/transfer/reset                       	     12	00.148102	(00.012342 +- 00.007510)	[00.003527,00.026729]
ros/clear_outside_radius                      	    319	00.000284	(00.000001 +- 00.000000)	[00.000000,00.000003]
ros/decay_tsdf                                	   1559	02.425709	(00.001556 +- 00.000357)	[00.000460,00.016327]
ros/depth                                     	   4796	07.909107	(00.001649 +- 00.000172)	[00.000513,00.018370]
ros/depth/conversions                         	   4796	03.954810	(00.000825 +- 00.000039)	[00.000060,00.008034]
ros/depth/integrate                           	   4796	03.682226	(00.000768 +- 00.000161)	[00.000355,00.014919]
ros/depth/output/back_projected_depth         	   4796	00.056295	(00.000012 +- 00.000001)	[00.000003,00.001661]
ros/depth/transform                           	   4796	00.150074	(00.000031 +- 00.000004)	[00.000015,00.000309]
ros/depth_image_callback                      	   4796	00.236795	(00.000049 +- 00.000020)	[00.000016,00.000665]
ros/esdf                                      	   3028	07.581520	(00.002504 +- 00.000530)	[00.000241,00.017063]
ros/esdf/integrate                            	   3028	05.782205	(00.001910 +- 00.000493)	[00.000114,00.016574]
ros/esdf/slice_output                         	   3028	01.775654	(00.000586 +- 00.000082)	[00.000013,00.008202]
ros/idle                                      	  31995	288.584347	(00.009020 +- 00.001004)	[00.000118,00.021870]
ros/process_queue                             	  95988	09.474040	(00.000099 +- 00.000359)	[00.000000,00.018715]
ros/push_onto_queue                           	   4796	00.019107	(00.000004 +- 00.000005)	[00.000002,00.000132]
ros/static/esdf/output/compute                	   3017	00.583381	(00.000193 +- 00.000033)	[00.000114,00.003279]
ros/static/esdf/output/slice                  	   3017	01.031148	(00.000342 +- 00.000056)	[00.000188,00.007966]
ros/tick                                      	  31995	31.274307	(00.000977 +- 00.000988)	[00.000088,00.030488]
tsdf/integrate                                	   4796	01.467474	(00.000306 +- 00.000059)	[00.000149,00.011117]
tsdf/integrate/allocate_blocks                	   4796	00.350843	(00.000073 +- 00.000034)	[00.000012,00.008077]
tsdf/integrate/get_blocks_in_view             	   4796	00.083805	(00.000017 +- 00.000012)	[00.000006,00.000991]
tsdf/integrate/transfer_blocks                	   4796	00.553657	(00.000115 +- 00.000048)	[00.000060,00.006323]
tsdf/integrate/update_blocks                  	   4796	00.419170	(00.000087 +- 00.000007)	[00.000059,00.002605]
view_calculator/raycast                       	   4796	00.058690	(00.000012 +- 00.000012)	[00.000004,00.000981]
view_calculator/raycast/output                	      2	00.000175	(00.000087 +- 00.000008)	[00.000079,00.000095]
view_calculator/raycast/raycast_pixels_kernel 	      2	00.000804	(00.000402 +- 00.000366)	[00.000036,00.000769]
view_calculator/raycast/setup                 	      2	00.000144	(00.000072 +- 00.000031)	[00.000041,00.000103]
-----------

[INFO] [1790134973.322359710] [nvblox_node]: Rates statistics: 

NVBlox Rates (in Hz)
namespace/tag - NumSamples (Window Length) - Mean 
-----------
ros/depth               	100    	15.1
ros/depth_image_callback	100    	15.1
ros/update_esdf         	100    	9.6
ros/tick                	100    	101.0
-----------

[INFO] [1790134973.322453697] [nvblox_node]: Delay statistics: 

NVBlox Delays
namespace/tag - NumSamples (Window Length) - Mean Delay (seconds) 
-----------
ros/esdf_integration       	100    	0.101
ros/depth_image_integration	100    	0.071
ros/depth_image_callback   	100    	0.064
-----------

[INFO] [1790134983.322091146] [nvblox_node]: Timing statistics: 

NVBlox Timings (in seconds)
namespace/tag - NumSamples - TotalTime - (Mean +- StdDev) - [Min,Max]
-----------
/esdf_slicer/get_aabb                         	   3112	00.011837	(00.000004 +- 00.000001)	[00.000002,00.000187]
/esdf_slicer/slice_layer                      	   3112	00.434501	(00.000140 +- 00.000032)	[00.000085,00.003224]
esdf/integrate/clear                          	   3119	00.694323	(00.000223 +- 00.000050)	[00.000150,00.001179]
esdf/integrate/clear/get_blocks               	   3119	00.153164	(00.000049 +- 00.000021)	[00.000019,00.000239]
esdf/integrate/compute/neighbor_bands         	   3543	00.928274	(00.000262 +- 00.000024)	[00.000134,00.006907]
esdf/integrate/compute/neighbor_bands/gpu_view	   3543	00.284128	(00.000080 +- 00.000011)	[00.000006,00.006122]
esdf/integrate/compute/swap                   	   3543	00.005268	(00.000001 +- 00.000000)	[00.000000,00.000051]
esdf/integrate/compute/sweep                  	   3543	00.147560	(00.000042 +- 00.000014)	[00.000012,00.001886]
esdf/integrate/mark_sites/pack_out            	   3119	00.238379	(00.000076 +- 00.000012)	[00.000044,00.002120]
esdf/integrate_slice                          	   3123	05.327292	(00.001706 +- 00.000440)	[00.000001,00.016385]
esdf/integrate_slice/compute                  	   3119	01.201544	(00.000385 +- 00.000091)	[00.000258,00.006973]
esdf/integrate_slice/mark_sites               	   3119	03.401948	(00.001091 +- 00.000395)	[00.000176,00.015765]
gpu_hash/flush_insertion_cache                	   3211	00.570746	(00.000178 +- 00.000028)	[00.000122,00.004859]
gpu_hash/flush_removal_cache                  	   3211	00.989426	(00.000308 +- 00.000183)	[00.000094,00.014695]
gpu_hash/transfer/reset                       	     12	00.148102	(00.012342 +- 00.007510)	[00.003527,00.026729]
ros/clear_outside_radius                      	    329	00.000297	(00.000001 +- 00.000001)	[00.000000,00.000004]
ros/decay_tsdf                                	   1608	02.498670	(00.001554 +- 00.000376)	[00.000460,00.016327]
ros/depth                                     	   4946	08.150033	(00.001648 +- 00.000439)	[00.000513,00.018370]
ros/depth/conversions                         	   4946	04.074449	(00.000824 +- 00.000035)	[00.000060,00.008034]
ros/depth/integrate                           	   4946	03.794924	(00.000767 +- 00.000420)	[00.000355,00.014919]
ros/depth/output/back_projected_depth         	   4946	00.057875	(00.000012 +- 00.000001)	[00.000003,00.001661]
ros/depth/transform                           	   4946	00.154947	(00.000031 +- 00.000016)	[00.000015,00.000309]
ros/depth_image_callback                      	   4946	00.243558	(00.000049 +- 00.000019)	[00.000016,00.000665]
ros/esdf                                      	   3123	07.818492	(00.002504 +- 00.000557)	[00.000241,00.017063]
ros/esdf/integrate                            	   3123	05.962604	(00.001909 +- 00.000484)	[00.000114,00.016574]
ros/esdf/slice_output                         	   3123	01.831512	(00.000586 +- 00.000246)	[00.000013,00.008202]
ros/idle                                      	  32995	297.593244	(00.009019 +- 00.001034)	[00.000118,00.021870]
ros/process_queue                             	  98988	09.761373	(00.000099 +- 00.000371)	[00.000000,00.018715]
ros/push_onto_queue                           	   4946	00.019680	(00.000004 +- 00.000001)	[00.000002,00.000132]
ros/static/esdf/output/compute                	   3112	00.600461	(00.000193 +- 00.000041)	[00.000114,00.003279]
ros/static/esdf/output/slice                  	   3112	01.065031	(00.000342 +- 00.000235)	[00.000188,00.007966]
ros/tick                                      	  32995	32.258201	(00.000978 +- 00.001014)	[00.000088,00.030488]
tsdf/integrate                                	   4946	01.511821	(00.000306 +- 00.000376)	[00.000149,00.011117]
tsdf/integrate/allocate_blocks                	   4946	00.359654	(00.000073 +- 00.000040)	[00.000012,00.008077]
tsdf/integrate/get_blocks_in_view             	   4946	00.086398	(00.000017 +- 00.000010)	[00.000006,00.000991]
tsdf/integrate/transfer_blocks                	   4946	00.572193	(00.000116 +- 00.000353)	[00.000060,00.006323]
tsdf/integrate/update_blocks                  	   4946	00.431714	(00.000087 +- 00.000022)	[00.000059,00.002605]
view_calculator/raycast                       	   4946	00.060463	(00.000012 +- 00.000001)	[00.000004,00.000981]
view_calculator/raycast/output                	      2	00.000175	(00.000087 +- 00.000008)	[00.000079,00.000095]
view_calculator/raycast/raycast_pixels_kernel 	      2	00.000804	(00.000402 +- 00.000366)	[00.000036,00.000769]
view_calculator/raycast/setup                 	      2	00.000144	(00.000072 +- 00.000031)	[00.000041,00.000103]
-----------

[INFO] [1790134983.322673821] [nvblox_node]: Rates statistics: 

NVBlox Rates (in Hz)
namespace/tag - NumSamples (Window Length) - Mean 
-----------
ros/depth               	100    	15.1
ros/depth_image_callback	100    	15.1
ros/update_esdf         	100    	9.6
ros/tick                	100    	101.0
-----------

[INFO] [1790134983.322767489] [nvblox_node]: Delay statistics: 

NVBlox Delays
namespace/tag - NumSamples (Window Length) - Mean Delay (seconds) 
-----------
ros/esdf_integration       	100    	0.102
ros/depth_image_integration	100    	0.071
ros/depth_image_callback   	100    	0.064
-----------

[INFO] [1790134993.322276616] [nvblox_node]: Timing statistics: 

NVBlox Timings (in seconds)
namespace/tag - NumSamples - TotalTime - (Mean +- StdDev) - [Min,Max]
-----------
/esdf_slicer/get_aabb                         	   3207	00.012167	(00.000004 +- 00.000001)	[00.000002,00.000187]
/esdf_slicer/slice_layer                      	   3207	00.454443	(00.000142 +- 00.000512)	[00.000085,00.003247]
esdf/integrate/clear                          	   3214	00.714064	(00.000222 +- 00.000060)	[00.000150,00.001179]
esdf/integrate/clear/get_blocks               	   3214	00.157399	(00.000049 +- 00.000022)	[00.000019,00.000239]
esdf/integrate/compute/neighbor_bands         	   3652	00.964741	(00.000264 +- 00.000782)	[00.000134,00.006907]
esdf/integrate/compute/neighbor_bands/gpu_view	   3652	00.296701	(00.000081 +- 00.000618)	[00.000006,00.006122]
esdf/integrate/compute/swap                   	   3652	00.005425	(00.000001 +- 00.000001)	[00.000000,00.000051]
esdf/integrate/compute/sweep                  	   3652	00.151731	(00.000042 +- 00.000007)	[00.000012,00.001886]
esdf/integrate/mark_sites/pack_out            	   3214	00.245270	(00.000076 +- 00.000035)	[00.000044,00.002120]
esdf/integrate_slice                          	   3218	05.491235	(00.001706 +- 00.000866)	[00.000001,00.016385]
esdf/integrate_slice/compute                  	   3214	01.245707	(00.000388 +- 00.000790)	[00.000258,00.006973]
esdf/integrate_slice/mark_sites               	   3214	03.501118	(00.001089 +- 00.000497)	[00.000176,00.015765]
gpu_hash/flush_insertion_cache                	   3309	00.586054	(00.000177 +- 00.000025)	[00.000122,00.004859]
gpu_hash/flush_removal_cache                  	   3307	01.027495	(00.000311 +- 00.000656)	[00.000094,00.014695]
gpu_hash/transfer/reset                       	     12	00.148102	(00.012342 +- 00.007510)	[00.003527,00.026729]
ros/clear_outside_radius                      	    339	00.000308	(00.000001 +- 00.000001)	[00.000000,00.000004]
ros/decay_tsdf                                	   1656	02.588646	(00.001563 +- 00.001450)	[00.000460,00.016327]
ros/depth                                     	   5096	08.399148	(00.001648 +- 00.001240)	[00.000513,00.018370]
ros/depth/conversions                         	   5096	04.202770	(00.000825 +- 00.000423)	[00.000060,00.008034]
ros/depth/integrate                           	   5096	03.907454	(00.000767 +- 00.000824)	[00.000355,00.014919]
ros/depth/output/back_projected_depth         	   5096	00.059620	(00.000012 +- 00.000009)	[00.000003,00.001661]
ros/depth/transform                           	   5096	00.159351	(00.000031 +- 00.000009)	[00.000015,00.000309]
ros/depth_image_callback                      	   5096	00.250281	(00.000049 +- 00.000031)	[00.000016,00.000665]
ros/esdf                                      	   3218	08.068101	(00.002507 +- 00.001425)	[00.000241,00.017063]
ros/esdf/integrate                            	   3218	06.146369	(00.001910 +- 00.000923)	[00.000114,00.016574]
ros/esdf/slice_output                         	   3218	01.896656	(00.000589 +- 00.000681)	[00.000013,00.008202]
ros/idle                                      	  33993	306.602909	(00.009020 +- 00.001151)	[00.000118,00.021870]
ros/process_queue                             	 101982	10.060905	(00.000099 +- 00.000456)	[00.000000,00.018715]
ros/push_onto_queue                           	   5096	00.020267	(00.000004 +- 00.000007)	[00.000002,00.000132]
ros/static/esdf/output/compute                	   3207	00.626388	(00.000195 +- 00.000598)	[00.000114,00.003315]
ros/static/esdf/output/slice                  	   3207	01.099419	(00.000343 +- 00.000222)	[00.000188,00.007966]
ros/tick                                      	  33993	33.239336	(00.000978 +- 00.001188)	[00.000088,00.030488]
tsdf/integrate                                	   5096	01.560153	(00.000306 +- 00.000783)	[00.000149,00.011117]
tsdf/integrate/allocate_blocks                	   5096	00.372648	(00.000073 +- 00.000459)	[00.000012,00.008077]
tsdf/integrate/get_blocks_in_view             	   5096	00.089007	(00.000017 +- 00.000002)	[00.000006,00.000991]
tsdf/integrate/transfer_blocks                	   5096	00.589927	(00.000116 +- 00.000204)	[00.000060,00.006323]
tsdf/integrate/update_blocks                  	   5096	00.445111	(00.000087 +- 00.000125)	[00.000059,00.002605]
view_calculator/raycast                       	   5096	00.062271	(00.000012 +- 00.000001)	[00.000004,00.000981]
view_calculator/raycast/output                	      2	00.000175	(00.000087 +- 00.000008)	[00.000079,00.000095]
view_calculator/raycast/raycast_pixels_kernel 	      2	00.000804	(00.000402 +- 00.000366)	[00.000036,00.000769]
view_calculator/raycast/setup                 	      2	00.000144	(00.000072 +- 00.000031)	[00.000041,00.000103]
-----------

[INFO] [1790134993.323087075] [nvblox_node]: Rates statistics: 

NVBlox Rates (in Hz)
namespace/tag - NumSamples (Window Length) - Mean 
-----------
ros/depth               	100    	15.2
ros/depth_image_callback	100    	15.1
ros/update_esdf         	100    	9.6
ros/tick                	100    	101.0
-----------

[INFO] [1790134993.323172902] [nvblox_node]: Delay statistics: 

NVBlox Delays
namespace/tag - NumSamples (Window Length) - Mean Delay (seconds) 
-----------
ros/esdf_integration       	100    	0.105
ros/depth_image_integration	100    	0.080
ros/depth_image_callback   	100    	0.073
-----------

[INFO] [1790135003.322649839] [nvblox_node]: Timing statistics: 

NVBlox Timings (in seconds)
namespace/tag - NumSamples - TotalTime - (Mean +- StdDev) - [Min,Max]
-----------
/esdf_slicer/get_aabb                         	   3301	00.012503	(00.000004 +- 00.000001)	[00.000002,00.000187]
/esdf_slicer/slice_layer                      	   3301	00.471210	(00.000143 +- 00.000151)	[00.000085,00.003247]
esdf/integrate/clear                          	   3308	00.733346	(00.000222 +- 00.000037)	[00.000150,00.001179]
esdf/integrate/clear/get_blocks               	   3308	00.161454	(00.000049 +- 00.000016)	[00.000019,00.000239]
esdf/integrate/compute/neighbor_bands         	   3761	01.005460	(00.000267 +- 00.000522)	[00.000134,00.006907]
esdf/integrate/compute/neighbor_bands/gpu_view	   3761	00.310917	(00.000083 +- 00.000352)	[00.000006,00.006122]
esdf/integrate/compute/swap                   	   3761	00.005578	(00.000001 +- 00.000000)	[00.000000,00.000051]
esdf/integrate/compute/sweep                  	   3761	00.155852	(00.000041 +- 00.000018)	[00.000012,00.001886]
esdf/integrate/mark_sites/pack_out            	   3308	00.252245	(00.000076 +- 00.000059)	[00.000044,00.002120]
esdf/integrate_slice                          	   3312	05.656631	(00.001708 +- 00.000725)	[00.000001,00.016385]
esdf/integrate_slice/compute                  	   3308	01.294015	(00.000391 +- 00.000551)	[00.000258,00.006973]
esdf/integrate_slice/mark_sites               	   3308	03.598053	(00.001088 +- 00.000610)	[00.000176,00.015765]
gpu_hash/flush_insertion_cache                	   3406	00.603388	(00.000177 +- 00.000153)	[00.000122,00.004859]
gpu_hash/flush_removal_cache                  	   3404	01.054421	(00.000310 +- 00.000252)	[00.000094,00.014695]
gpu_hash/transfer/reset                       	     12	00.148102	(00.012342 +- 00.007510)	[00.003527,00.026729]
ros/clear_outside_radius                      	    349	00.000315	(00.000001 +- 00.000001)	[00.000000,00.000004]
ros/decay_tsdf                                	   1705	02.660522	(00.001560 +- 00.000871)	[00.000460,00.016327]
ros/depth                                     	   5246	08.644221	(00.001648 +- 00.000546)	[00.000461,00.018370]
ros/depth/conversions                         	   5246	04.326878	(00.000825 +- 00.000143)	[00.000060,00.008034]
ros/depth/integrate                           	   5246	04.021085	(00.000767 +- 00.000482)	[00.000307,00.014919]
ros/depth/output/back_projected_depth         	   5246	00.061454	(00.000012 +- 00.000002)	[00.000003,00.001661]
ros/depth/transform                           	   5246	00.162997	(00.000031 +- 00.000008)	[00.000015,00.000309]
ros/depth_image_callback                      	   5246	00.257270	(00.000049 +- 00.000014)	[00.000016,00.000665]
ros/esdf                                      	   3312	08.310615	(00.002509 +- 00.000847)	[00.000241,00.017063]
ros/esdf/integrate                            	   3312	06.328955	(00.001911 +- 00.000738)	[00.000114,00.016574]
ros/esdf/slice_output                         	   3312	01.955864	(00.000591 +- 00.000345)	[00.000013,00.008202]
ros/idle                                      	  34993	315.669099	(00.009021 +- 00.000944)	[00.000118,00.021870]
ros/process_queue                             	 104982	10.354773	(00.000099 +- 00.000453)	[00.000000,00.018715]
ros/push_onto_queue                           	   5246	00.020805	(00.000004 +- 00.000001)	[00.000002,00.000132]
ros/static/esdf/output/compute                	   3301	00.648182	(00.000196 +- 00.000179)	[00.000114,00.003315]
ros/static/esdf/output/slice                  	   3301	01.131917	(00.000343 +- 00.000210)	[00.000188,00.007966]
ros/tick                                      	  34993	34.162379	(00.000976 +- 00.000942)	[00.000088,00.030488]
tsdf/integrate                                	   5246	01.609312	(00.000307 +- 00.000413)	[00.000149,00.011117]
tsdf/integrate/allocate_blocks                	   5246	00.382988	(00.000073 +- 00.000058)	[00.000011,00.008077]
tsdf/integrate/get_blocks_in_view             	   5246	00.091680	(00.000017 +- 00.000002)	[00.000006,00.000991]
tsdf/integrate/transfer_blocks                	   5246	00.611103	(00.000116 +- 00.000218)	[00.000060,00.006323]
tsdf/integrate/update_blocks                  	   5246	00.457292	(00.000087 +- 00.000020)	[00.000059,00.002605]
view_calculator/raycast                       	   5246	00.064134	(00.000012 +- 00.000001)	[00.000004,00.000981]
view_calculator/raycast/output                	      2	00.000175	(00.000087 +- 00.000008)	[00.000079,00.000095]
view_calculator/raycast/raycast_pixels_kernel 	      2	00.000804	(00.000402 +- 00.000366)	[00.000036,00.000769]
view_calculator/raycast/setup                 	      2	00.000144	(00.000072 +- 00.000031)	[00.000041,00.000103]
-----------

[INFO] [1790135003.335203602] [nvblox_node]: Rates statistics: 

NVBlox Rates (in Hz)
namespace/tag - NumSamples (Window Length) - Mean 
-----------
ros/depth               	100    	15.2
ros/depth_image_callback	100    	15.2
ros/update_esdf         	100    	9.6
ros/tick                	100    	101.1
-----------

[INFO] [1790135003.335378648] [nvblox_node]: Delay statistics: 

NVBlox Delays
namespace/tag - NumSamples (Window Length) - Mean Delay (seconds) 
-----------
ros/esdf_integration       	100    	0.105
ros/depth_image_integration	100    	0.076
ros/depth_image_callback   	100    	0.069
-----------

[INFO] [1790135013.325212900] [nvblox_node]: Timing statistics: 

NVBlox Timings (in seconds)
namespace/tag - NumSamples - TotalTime - (Mean +- StdDev) - [Min,Max]
-----------
/esdf_slicer/get_aabb                         	   3396	00.012846	(00.000004 +- 00.000001)	[00.000002,00.000187]
/esdf_slicer/slice_layer                      	   3396	00.482924	(00.000142 +- 00.000020)	[00.000085,00.003247]
esdf/integrate/clear                          	   3403	00.754911	(00.000222 +- 00.000095)	[00.000150,00.001179]
esdf/integrate/clear/get_blocks               	   3403	00.166631	(00.000049 +- 00.000055)	[00.000019,00.000386]
esdf/integrate/compute/neighbor_bands         	   3871	01.032834	(00.000267 +- 00.000041)	[00.000134,00.006907]
esdf/integrate/compute/neighbor_bands/gpu_view	   3871	00.319599	(00.000083 +- 00.000017)	[00.000006,00.006122]
esdf/integrate/compute/swap                   	   3871	00.005735	(00.000001 +- 00.000000)	[00.000000,00.000051]
esdf/integrate/compute/sweep                  	   3871	00.160384	(00.000041 +- 00.000017)	[00.000012,00.001886]
esdf/integrate/mark_sites/pack_out            	   3403	00.259288	(00.000076 +- 00.000025)	[00.000044,00.002120]
esdf/integrate_slice                          	   3407	05.814214	(00.001707 +- 00.000560)	[00.000001,00.016385]
esdf/integrate_slice/compute                  	   3403	01.330017	(00.000391 +- 00.000239)	[00.000258,00.006973]
esdf/integrate_slice/mark_sites               	   3403	03.696989	(00.001086 +- 00.000422)	[00.000176,00.015765]
gpu_hash/flush_insertion_cache                	   3503	00.620033	(00.000177 +- 00.000034)	[00.000122,00.004859]
gpu_hash/flush_removal_cache                  	   3501	01.084363	(00.000310 +- 00.000224)	[00.000094,00.014695]
gpu_hash/transfer/reset                       	     12	00.148102	(00.012342 +- 00.007510)	[00.003527,00.026729]
ros/clear_outside_radius                      	    359	00.000324	(00.000001 +- 00.000001)	[00.000000,00.000004]
ros/decay_tsdf                                	   1754	02.739197	(00.001562 +- 00.000508)	[00.000460,00.016327]
ros/depth                                     	   5396	08.877505	(00.001645 +- 00.000162)	[00.000461,00.018370]
ros/depth/conversions                         	   5396	04.447017	(00.000824 +- 00.000046)	[00.000060,00.008034]
ros/depth/integrate                           	   5396	04.125570	(00.000765 +- 00.000145)	[00.000307,00.014919]
ros/depth/output/back_projected_depth         	   5396	00.063639	(00.000012 +- 00.000005)	[00.000003,00.001661]
ros/depth/transform                           	   5396	00.167534	(00.000031 +- 00.000008)	[00.000015,00.000317]
ros/depth_image_callback                      	   5396	00.264625	(00.000049 +- 00.000015)	[00.000016,00.000665]
ros/esdf                                      	   3407	08.542663	(00.002507 +- 00.000623)	[00.000241,00.017063]
ros/esdf/integrate                            	   3407	06.505569	(00.001909 +- 00.000595)	[00.000114,00.016574]
ros/esdf/slice_output                         	   3407	02.010509	(00.000590 +- 00.000131)	[00.000013,00.008202]
ros/idle                                      	  35992	324.711155	(00.009022 +- 00.002265)	[00.000118,00.023126]
ros/process_queue                             	 107979	10.635686	(00.000098 +- 00.000489)	[00.000000,00.018715]
ros/push_onto_queue                           	   5396	00.021382	(00.000004 +- 00.000001)	[00.000002,00.000132]
ros/static/esdf/output/compute                	   3396	00.664761	(00.000196 +- 00.000036)	[00.000114,00.003315]
ros/static/esdf/output/slice                  	   3396	01.165260	(00.000343 +- 00.000111)	[00.000188,00.007966]
ros/tick                                      	  35992	35.112418	(00.000976 +- 00.001010)	[00.000088,00.030488]
tsdf/integrate                                	   5396	01.649539	(00.000306 +- 00.000040)	[00.000149,00.011117]
tsdf/integrate/allocate_blocks                	   5396	00.391120	(00.000072 +- 00.000033)	[00.000011,00.008077]
tsdf/integrate/get_blocks_in_view             	   5396	00.094221	(00.000017 +- 00.000001)	[00.000006,00.000991]
tsdf/integrate/transfer_blocks                	   5396	00.626616	(00.000116 +- 00.000015)	[00.000060,00.006323]
tsdf/integrate/update_blocks                  	   5396	00.469605	(00.000087 +- 00.000013)	[00.000059,00.002605]
view_calculator/raycast                       	   5396	00.065961	(00.000012 +- 00.000001)	[00.000004,00.000981]
view_calculator/raycast/output                	      2	00.000175	(00.000087 +- 00.000008)	[00.000079,00.000095]
view_calculator/raycast/raycast_pixels_kernel 	      2	00.000804	(00.000402 +- 00.000366)	[00.000036,00.000769]
view_calculator/raycast/setup                 	      2	00.000144	(00.000072 +- 00.000031)	[00.000041,00.000103]
-----------

[INFO] [1790135013.342985749] [nvblox_node]: Rates statistics: 

NVBlox Rates (in Hz)
namespace/tag - NumSamples (Window Length) - Mean 
-----------
ros/depth               	100    	15.1
ros/depth_image_callback	100    	15.1
ros/update_esdf         	100    	9.6
ros/tick                	100    	100.0
-----------

[INFO] [1790135013.343168923] [nvblox_node]: Delay statistics: 

NVBlox Delays
namespace/tag - NumSamples (Window Length) - Mean Delay (seconds) 
-----------
ros/esdf_integration       	100    	0.102
ros/depth_image_integration	100    	0.071
ros/depth_image_callback   	100    	0.065
-----------

[INFO] [1790135023.333365625] [nvblox_node]: Timing statistics: 

NVBlox Timings (in seconds)
namespace/tag - NumSamples - TotalTime - (Mean +- StdDev) - [Min,Max]
-----------
/esdf_slicer/get_aabb                         	   3491	00.013175	(00.000004 +- 00.000001)	[00.000002,00.000187]
/esdf_slicer/slice_layer                      	   3491	00.494493	(00.000142 +- 00.000046)	[00.000085,00.003247]
esdf/integrate/clear                          	   3498	00.775813	(00.000222 +- 00.000069)	[00.000150,00.001179]
esdf/integrate/clear/get_blocks               	   3498	00.171342	(00.000049 +- 00.000023)	[00.000019,00.000386]
esdf/integrate/compute/neighbor_bands         	   3993	01.067601	(00.000267 +- 00.000370)	[00.000134,00.006907]
esdf/integrate/compute/neighbor_bands/gpu_view	   3993	00.330390	(00.000083 +- 00.000242)	[00.000006,00.006122]
esdf/integrate/compute/swap                   	   3993	00.005897	(00.000001 +- 00.000000)	[00.000000,00.000051]
esdf/integrate/compute/sweep                  	   3993	00.164820	(00.000041 +- 00.000006)	[00.000012,00.001886]
esdf/integrate/mark_sites/pack_out            	   3498	00.266691	(00.000076 +- 00.000069)	[00.000044,00.002120]
esdf/integrate_slice                          	   3502	05.986549	(00.001709 +- 00.000962)	[00.000001,00.016385]
esdf/integrate_slice/compute                  	   3498	01.372987	(00.000393 +- 00.000570)	[00.000258,00.006973]
esdf/integrate_slice/mark_sites               	   3498	03.804579	(00.001088 +- 00.000557)	[00.000176,00.015765]
gpu_hash/flush_insertion_cache                	   3600	00.635771	(00.000177 +- 00.000023)	[00.000122,00.004859]
gpu_hash/flush_removal_cache                  	   3600	01.114368	(00.000310 +- 00.000281)	[00.000094,00.014695]
gpu_hash/transfer/reset                       	     12	00.148102	(00.012342 +- 00.007510)	[00.003527,00.026729]
ros/clear_outside_radius                      	    369	00.000337	(00.000001 +- 00.000001)	[00.000000,00.000004]
ros/decay_tsdf                                	   1803	02.816252	(00.001562 +- 00.000779)	[00.000460,00.016327]
ros/depth                                     	   5546	09.123667	(00.001645 +- 00.000409)	[00.000461,00.018370]
ros/depth/conversions                         	   5546	04.573327	(00.000825 +- 00.000290)	[00.000060,00.008034]
ros/depth/integrate                           	   5546	04.237867	(00.000764 +- 00.000179)	[00.000307,00.014919]
ros/depth/output/back_projected_depth         	   5546	00.065209	(00.000012 +- 00.000002)	[00.000003,00.001661]
ros/depth/transform                           	   5546	00.171634	(00.000031 +- 00.000011)	[00.000015,00.000317]
ros/depth_image_callback                      	   5546	00.271653	(00.000049 +- 00.000018)	[00.000016,00.000665]
ros/esdf                                      	   3502	08.785670	(00.002509 +- 00.001004)	[00.000241,00.017063]
ros/esdf/integrate                            	   3502	06.697869	(00.001913 +- 00.000983)	[00.000114,00.016574]
ros/esdf/slice_output                         	   3502	02.060534	(00.000588 +- 00.000097)	[00.000013,00.008202]
ros/idle                                      	  36993	333.757999	(00.009022 +- 00.001467)	[00.000118,00.023126]
ros/process_queue                             	 110982	10.932201	(00.000099 +- 00.000408)	[00.000000,00.018715]
ros/push_onto_queue                           	   5546	00.022019	(00.000004 +- 00.000001)	[00.000002,00.000132]
ros/static/esdf/output/compute                	   3491	00.681113	(00.000195 +- 00.000050)	[00.000114,00.003315]
ros/static/esdf/output/slice                  	   3491	01.193941	(00.000342 +- 00.000062)	[00.000188,00.007966]
ros/tick                                      	  36993	36.066805	(00.000975 +- 00.001205)	[00.000088,00.030488]
tsdf/integrate                                	   5546	01.697726	(00.000306 +- 00.000109)	[00.000149,00.011117]
tsdf/integrate/allocate_blocks                	   5546	00.404455	(00.000073 +- 00.000089)	[00.000011,00.008077]
tsdf/integrate/get_blocks_in_view             	   5546	00.096804	(00.000017 +- 00.000009)	[00.000006,00.000991]
tsdf/integrate/transfer_blocks                	   5546	00.644030	(00.000116 +- 00.000023)	[00.000060,00.006323]
tsdf/integrate/update_blocks                  	   5546	00.482836	(00.000087 +- 00.000012)	[00.000059,00.002605]
view_calculator/raycast                       	   5546	00.067770	(00.000012 +- 00.000004)	[00.000004,00.000981]
view_calculator/raycast/output                	      2	00.000175	(00.000087 +- 00.000008)	[00.000079,00.000095]
view_calculator/raycast/raycast_pixels_kernel 	      2	00.000804	(00.000402 +- 00.000366)	[00.000036,00.000769]
view_calculator/raycast/setup                 	      2	00.000144	(00.000072 +- 00.000031)	[00.000041,00.000103]
-----------

[INFO] [1790135023.343984379] [nvblox_node]: Rates statistics: 

NVBlox Rates (in Hz)
namespace/tag - NumSamples (Window Length) - Mean 
-----------
ros/depth               	100    	15.1
ros/depth_image_callback	100    	15.1
ros/update_esdf         	100    	9.5
ros/tick                	100    	101.0
-----------

[INFO] [1790135023.344231971] [nvblox_node]: Delay statistics: 

NVBlox Delays
namespace/tag - NumSamples (Window Length) - Mean Delay (seconds) 
-----------
ros/esdf_integration       	100    	0.102
ros/depth_image_integration	100    	0.073
ros/depth_image_callback   	100    	0.065
-----------

[INFO] [1790135033.333937655] [nvblox_node]: Timing statistics: 

NVBlox Timings (in seconds)
namespace/tag - NumSamples - TotalTime - (Mean +- StdDev) - [Min,Max]
-----------
/esdf_slicer/get_aabb                         	   3585	00.013577	(00.000004 +- 00.000005)	[00.000002,00.000187]
/esdf_slicer/slice_layer                      	   3585	00.513613	(00.000143 +- 00.000574)	[00.000085,00.004218]
esdf/integrate/clear                          	   3592	00.794721	(00.000221 +- 00.000030)	[00.000150,00.001179]
esdf/integrate/clear/get_blocks               	   3592	00.175358	(00.000049 +- 00.000015)	[00.000019,00.000386]
esdf/integrate/compute/neighbor_bands         	   4102	01.108323	(00.000270 +- 00.000325)	[00.000134,00.006907]
esdf/integrate/compute/neighbor_bands/gpu_view	   4102	00.344399	(00.000084 +- 00.000122)	[00.000006,00.006122]
esdf/integrate/compute/swap                   	   4102	00.006045	(00.000001 +- 00.000000)	[00.000000,00.000051]
esdf/integrate/compute/sweep                  	   4102	00.168619	(00.000041 +- 00.000007)	[00.000012,00.001886]
esdf/integrate/mark_sites/pack_out            	   3592	00.273182	(00.000076 +- 00.000007)	[00.000044,00.002120]
esdf/integrate_slice                          	   3596	06.155530	(00.001712 +- 00.000965)	[00.000001,00.016385]
esdf/integrate_slice/compute                  	   3592	01.420670	(00.000396 +- 00.000884)	[00.000258,00.006973]
esdf/integrate_slice/mark_sites               	   3592	03.906137	(00.001087 +- 00.000609)	[00.000176,00.015765]
gpu_hash/flush_insertion_cache                	   3698	00.652189	(00.000176 +- 00.000028)	[00.000122,00.004859]
gpu_hash/flush_removal_cache                  	   3696	01.157513	(00.000313 +- 00.000385)	[00.000094,00.014695]
gpu_hash/transfer/reset                       	     12	00.148102	(00.012342 +- 00.007510)	[00.003527,00.026729]
ros/clear_outside_radius                      	    379	00.000344	(00.000001 +- 00.000001)	[00.000000,00.000004]
ros/decay_tsdf                                	   1851	02.897607	(00.001565 +- 00.001248)	[00.000460,00.016327]
ros/depth                                     	   5695	09.359238	(00.001643 +- 00.000310)	[00.000461,00.018370]
ros/depth/conversions                         	   5695	04.698365	(00.000825 +- 00.000132)	[00.000060,00.008034]
ros/depth/integrate                           	   5695	04.340646	(00.000762 +- 00.000204)	[00.000307,00.014919]
ros/depth/output/back_projected_depth         	   5695	00.067293	(00.000012 +- 00.000005)	[00.000003,00.001661]
ros/depth/transform                           	   5695	00.175483	(00.000031 +- 00.000011)	[00.000015,00.000317]
ros/depth_image_callback                      	   5695	00.278428	(00.000049 +- 00.000018)	[00.000016,00.000665]
ros/esdf                                      	   3596	09.029637	(00.002511 +- 00.001336)	[00.000241,00.017063]
ros/esdf/integrate                            	   3596	06.883340	(00.001914 +- 00.000976)	[00.000114,00.016574]
ros/esdf/slice_output                         	   3596	02.118319	(00.000589 +- 00.000587)	[00.000013,00.008202]
ros/idle                                      	  37993	342.821459	(00.009023 +- 00.001519)	[00.000118,00.023126]
ros/process_queue                             	 113982	11.217640	(00.000098 +- 00.000428)	[00.000000,00.018715]
ros/push_onto_queue                           	   5695	00.022552	(00.000004 +- 00.000002)	[00.000002,00.000132]
ros/static/esdf/output/compute                	   3585	00.704889	(00.000197 +- 00.000577)	[00.000114,00.004280]
ros/static/esdf/output/slice                  	   3585	01.223109	(00.000341 +- 00.000063)	[00.000188,00.007966]
ros/tick                                      	  37993	36.993932	(00.000974 +- 00.001008)	[00.000088,00.030488]
tsdf/integrate                                	   5695	01.737424	(00.000305 +- 00.000123)	[00.000149,00.011117]
tsdf/integrate/allocate_blocks                	   5695	00.414221	(00.000073 +- 00.000115)	[00.000011,00.008077]
tsdf/integrate/get_blocks_in_view             	   5695	00.099069	(00.000017 +- 00.000002)	[00.000006,00.000991]
tsdf/integrate/transfer_blocks                	   5695	00.658314	(00.000116 +- 00.000017)	[00.000060,00.006323]
tsdf/integrate/update_blocks                  	   5695	00.494708	(00.000087 +- 00.000014)	[00.000059,00.002605]
view_calculator/raycast                       	   5695	00.069335	(00.000012 +- 00.000002)	[00.000004,00.000981]
view_calculator/raycast/output                	      2	00.000175	(00.000087 +- 00.000008)	[00.000079,00.000095]
view_calculator/raycast/raycast_pixels_kernel 	      2	00.000804	(00.000402 +- 00.000366)	[00.000036,00.000769]
view_calculator/raycast/setup                 	      2	00.000144	(00.000072 +- 00.000031)	[00.000041,00.000103]
-----------

[INFO] [1790135033.344050856] [nvblox_node]: Rates statistics: 

NVBlox Rates (in Hz)
namespace/tag - NumSamples (Window Length) - Mean 
-----------
ros/depth               	100    	15.2
ros/depth_image_callback	100    	15.2
ros/update_esdf         	100    	9.6
ros/tick                	100    	101.0
-----------

[INFO] [1790135033.344272656] [nvblox_node]: Delay statistics: 

NVBlox Delays
namespace/tag - NumSamples (Window Length) - Mean Delay (seconds) 
-----------
ros/esdf_integration       	100    	0.103
ros/depth_image_integration	100    	0.075
ros/depth_image_callback   	100    	0.068
-----------

[INFO] [1790135043.334200755] [nvblox_node]: Timing statistics: 

NVBlox Timings (in seconds)
namespace/tag - NumSamples - TotalTime - (Mean +- StdDev) - [Min,Max]
-----------
/esdf_slicer/get_aabb                         	   3680	00.013918	(00.000004 +- 00.000001)	[00.000002,00.000187]
/esdf_slicer/slice_layer                      	   3680	00.525602	(00.000143 +- 00.000039)	[00.000085,00.004218]
esdf/integrate/clear                          	   3687	00.814701	(00.000221 +- 00.000041)	[00.000150,00.001179]
esdf/integrate/clear/get_blocks               	   3687	00.179742	(00.000049 +- 00.000017)	[00.000019,00.000386]
esdf/integrate/compute/neighbor_bands         	   4270	01.154317	(00.000270 +- 00.000137)	[00.000134,00.006907]
esdf/integrate/compute/neighbor_bands/gpu_view	   4270	00.356855	(00.000084 +- 00.000044)	[00.000006,00.006122]
esdf/integrate/compute/swap                   	   4270	00.006277	(00.000001 +- 00.000005)	[00.000000,00.000051]
esdf/integrate/compute/sweep                  	   4270	00.174541	(00.000041 +- 00.000020)	[00.000012,00.001886]
esdf/integrate/mark_sites/pack_out            	   3687	00.280028	(00.000076 +- 00.000019)	[00.000044,00.002120]
esdf/integrate_slice                          	   3691	06.331096	(00.001715 +- 00.000663)	[00.000001,00.016385]
esdf/integrate_slice/compute                  	   3687	01.476789	(00.000401 +- 00.000571)	[00.000258,00.006973]
esdf/integrate_slice/mark_sites               	   3687	04.004646	(00.001086 +- 00.000356)	[00.000176,00.015765]
gpu_hash/flush_insertion_cache                	   3796	00.668291	(00.000176 +- 00.000045)	[00.000122,00.004859]
gpu_hash/flush_removal_cache                  	   3794	01.186741	(00.000313 +- 00.000265)	[00.000094,00.014695]
gpu_hash/transfer/reset                       	     12	00.148102	(00.012342 +- 00.007510)	[00.003527,00.026729]
ros/clear_outside_radius                      	    389	00.000351	(00.000001 +- 00.000001)	[00.000000,00.000004]
ros/decay_tsdf                                	   1900	02.972769	(00.001565 +- 00.000793)	[00.000460,00.016327]
ros/depth                                     	   5846	09.604040	(00.001643 +- 00.000304)	[00.000461,00.018370]
ros/depth/conversions                         	   5846	04.824146	(00.000825 +- 00.000121)	[00.000060,00.008034]
ros/depth/integrate                           	   5846	04.451544	(00.000761 +- 00.000214)	[00.000307,00.014919]
ros/depth/output/back_projected_depth         	   5846	00.069026	(00.000012 +- 00.000004)	[00.000003,00.001661]
ros/depth/transform                           	   5846	00.179755	(00.000031 +- 00.000011)	[00.000015,00.000317]
ros/depth_image_callback                      	   5846	00.287169	(00.000049 +- 00.000023)	[00.000016,00.001192]
ros/esdf                                      	   3691	09.275295	(00.002513 +- 00.000701)	[00.000241,00.017063]
ros/esdf/integrate                            	   3691	07.076779	(00.001917 +- 00.000682)	[00.000114,00.016574]
ros/esdf/slice_output                         	   3691	02.169793	(00.000588 +- 00.000086)	[00.000013,00.008202]
ros/idle                                      	  38993	351.829945	(00.009023 +- 00.001194)	[00.000118,00.023126]
ros/process_queue                             	 116982	11.512173	(00.000098 +- 00.000441)	[00.000000,00.018715]
ros/push_onto_queue                           	   5846	00.023152	(00.000004 +- 00.000001)	[00.000002,00.000132]
ros/static/esdf/output/compute                	   3680	00.721460	(00.000196 +- 00.000044)	[00.000114,00.004280]
ros/static/esdf/output/slice                  	   3680	01.253277	(00.000341 +- 00.000058)	[00.000188,00.007966]
ros/tick                                      	  38993	37.976399	(00.000974 +- 00.001179)	[00.000088,00.030488]
tsdf/integrate                                	   5846	01.781283	(00.000305 +- 00.000120)	[00.000149,00.011117]
tsdf/integrate/allocate_blocks                	   5846	00.424779	(00.000073 +- 00.000110)	[00.000011,00.008077]
tsdf/integrate/get_blocks_in_view             	   5846	00.101568	(00.000017 +- 00.000002)	[00.000006,00.000991]
tsdf/integrate/transfer_blocks                	   5846	00.674542	(00.000115 +- 00.000030)	[00.000060,00.006323]
tsdf/integrate/update_blocks                  	   5846	00.507580	(00.000087 +- 00.000031)	[00.000059,00.002605]
view_calculator/raycast                       	   5846	00.071044	(00.000012 +- 00.000001)	[00.000004,00.000981]
view_calculator/raycast/output                	      2	00.000175	(00.000087 +- 00.000008)	[00.000079,00.000095]
view_calculator/raycast/raycast_pixels_kernel 	      2	00.000804	(00.000402 +- 00.000366)	[00.000036,00.000769]
view_calculator/raycast/setup                 	      2	00.000144	(00.000072 +- 00.000031)	[00.000041,00.000103]
-----------

[INFO] [1790135043.344435880] [nvblox_node]: Rates statistics: 

NVBlox Rates (in Hz)
namespace/tag - NumSamples (Window Length) - Mean 
-----------
ros/depth               	100    	15.2
ros/depth_image_callback	100    	15.1
ros/update_esdf         	100    	9.5
ros/tick                	100    	101.0
-----------

[INFO] [1790135043.344648976] [nvblox_node]: Delay statistics: 

NVBlox Delays
namespace/tag - NumSamples (Window Length) - Mean Delay (seconds) 
-----------
ros/esdf_integration       	100    	0.102
ros/depth_image_integration	100    	0.073
ros/depth_image_callback   	100    	0.066
-----------

[INFO] [1790135053.336238675] [nvblox_node]: Timing statistics: 

NVBlox Timings (in seconds)
namespace/tag - NumSamples - TotalTime - (Mean +- StdDev) - [Min,Max]
-----------
/esdf_slicer/get_aabb                         	   3774	00.014248	(00.000004 +- 00.000001)	[00.000002,00.000187]
/esdf_slicer/slice_layer                      	   3774	00.538867	(00.000143 +- 00.000068)	[00.000085,00.004218]
esdf/integrate/clear                          	   3781	00.835336	(00.000221 +- 00.000047)	[00.000150,00.001179]
esdf/integrate/clear/get_blocks               	   3781	00.184731	(00.000049 +- 00.000023)	[00.000019,00.000386]
esdf/integrate/compute/neighbor_bands         	   4375	01.182030	(00.000270 +- 00.000090)	[00.000134,00.006907]
esdf/integrate/compute/neighbor_bands/gpu_view	   4375	00.366843	(00.000084 +- 00.000070)	[00.000006,00.006122]
esdf/integrate/compute/swap                   	   4375	00.006423	(00.000001 +- 00.000000)	[00.000000,00.000051]
esdf/integrate/compute/sweep                  	   4375	00.178769	(00.000041 +- 00.000008)	[00.000012,00.001886]
esdf/integrate/mark_sites/pack_out            	   3781	00.287127	(00.000076 +- 00.000064)	[00.000044,00.002120]
esdf/integrate_slice                          	   3785	06.494913	(00.001716 +- 00.000453)	[00.000001,00.016385]
esdf/integrate_slice/compute                  	   3781	01.512328	(00.000400 +- 00.000148)	[00.000258,00.006973]
esdf/integrate_slice/mark_sites               	   3781	04.111298	(00.001087 +- 00.000398)	[00.000176,00.015765]
gpu_hash/flush_insertion_cache                	   3891	00.685251	(00.000176 +- 00.000033)	[00.000122,00.004859]
gpu_hash/flush_removal_cache                  	   3889	01.215857	(00.000313 +- 00.000227)	[00.000094,00.014695]
gpu_hash/transfer/reset                       	     12	00.148102	(00.012342 +- 00.007510)	[00.003527,00.026729]
ros/clear_outside_radius                      	    399	00.000359	(00.000001 +- 00.000001)	[00.000000,00.000004]
ros/decay_tsdf                                	   1948	03.044343	(00.001563 +- 00.000524)	[00.000460,00.016327]
ros/depth                                     	   5996	09.879200	(00.001648 +- 00.000224)	[00.000461,00.018370]
ros/depth/conversions                         	   5996	04.962453	(00.000828 +- 00.000058)	[00.000060,00.008034]
ros/depth/integrate                           	   5996	04.580208	(00.000764 +- 00.000183)	[00.000307,00.014919]
ros/depth/output/back_projected_depth         	   5996	00.070908	(00.000012 +- 00.000032)	[00.000003,00.001661]
ros/depth/transform                           	   5996	00.184125	(00.000031 +- 00.000024)	[00.000015,00.000317]
ros/depth_image_callback                      	   5996	00.294321	(00.000049 +- 00.000015)	[00.000016,00.001192]
ros/esdf                                      	   3785	09.515157	(00.002514 +- 00.000534)	[00.000241,00.017063]
ros/esdf/integrate                            	   3785	07.263242	(00.001919 +- 00.000490)	[00.000114,00.016574]
ros/esdf/slice_output                         	   3785	02.222487	(00.000587 +- 00.000121)	[00.000013,00.008202]
ros/idle                                      	  39992	360.837647	(00.009023 +- 00.000911)	[00.000118,00.024366]
ros/process_queue                             	 119979	11.839085	(00.000099 +- 00.000432)	[00.000000,00.018715]
ros/push_onto_queue                           	   5996	00.023747	(00.000004 +- 00.000007)	[00.000001,00.000132]
ros/static/esdf/output/compute                	   3774	00.739562	(00.000196 +- 00.000074)	[00.000114,00.004280]
ros/static/esdf/output/slice                  	   3774	01.282891	(00.000340 +- 00.000065)	[00.000188,00.007966]
ros/tick                                      	  39992	38.958581	(00.000974 +- 00.000896)	[00.000088,00.030488]
tsdf/integrate                                	   5996	01.843460	(00.000307 +- 00.000057)	[00.000149,00.011117]
tsdf/integrate/allocate_blocks                	   5996	00.442744	(00.000074 +- 00.000037)	[00.000011,00.008077]
tsdf/integrate/get_blocks_in_view             	   5996	00.103952	(00.000017 +- 00.000005)	[00.000006,00.000991]
tsdf/integrate/transfer_blocks                	   5996	00.696967	(00.000116 +- 00.000020)	[00.000060,00.006323]
tsdf/integrate/update_blocks                  	   5996	00.525231	(00.000088 +- 00.000020)	[00.000059,00.003153]
view_calculator/raycast                       	   5996	00.072734	(00.000012 +- 00.000005)	[00.000004,00.000981]
view_calculator/raycast/output                	      2	00.000175	(00.000087 +- 00.000008)	[00.000079,00.000095]
view_calculator/raycast/raycast_pixels_kernel 	      2	00.000804	(00.000402 +- 00.000366)	[00.000036,00.000769]
view_calculator/raycast/setup                 	      2	00.000144	(00.000072 +- 00.000031)	[00.000041,00.000103]
-----------

[INFO] [1790135053.344962102] [nvblox_node]: Rates statistics: 

NVBlox Rates (in Hz)
namespace/tag - NumSamples (Window Length) - Mean 
-----------
ros/depth               	100    	15.1
ros/depth_image_callback	100    	15.1
ros/update_esdf         	100    	9.6
ros/tick                	100    	101.0
-----------

[INFO] [1790135053.345255296] [nvblox_node]: Delay statistics: 

NVBlox Delays
namespace/tag - NumSamples (Window Length) - Mean Delay (seconds) 
-----------
ros/esdf_integration       	100    	0.105
ros/depth_image_integration	100    	0.073
ros/depth_image_callback   	100    	0.066
-----------

[INFO] [1790135063.346538129] [nvblox_node]: Timing statistics: 

NVBlox Timings (in seconds)
namespace/tag - NumSamples - TotalTime - (Mean +- StdDev) - [Min,Max]
-----------
/esdf_slicer/get_aabb                         	   3869	00.014602	(00.000004 +- 00.000001)	[00.000002,00.000187]
/esdf_slicer/slice_layer                      	   3869	00.551132	(00.000142 +- 00.000014)	[00.000085,00.004218]
esdf/integrate/clear                          	   3876	00.856655	(00.000221 +- 00.000064)	[00.000149,00.001179]
esdf/integrate/clear/get_blocks               	   3876	00.189574	(00.000049 +- 00.000018)	[00.000019,00.000386]
esdf/integrate/compute/neighbor_bands         	   4491	01.212708	(00.000270 +- 00.000261)	[00.000134,00.006907]
esdf/integrate/compute/neighbor_bands/gpu_view	   4491	00.375689	(00.000084 +- 00.000086)	[00.000006,00.006122]
esdf/integrate/compute/swap                   	   4491	00.006589	(00.000001 +- 00.000000)	[00.000000,00.000051]
esdf/integrate/compute/sweep                  	   4491	00.183376	(00.000041 +- 00.000015)	[00.000012,00.001886]
esdf/integrate/mark_sites/pack_out            	   3876	00.293926	(00.000076 +- 00.000012)	[00.000044,00.002120]
esdf/integrate_slice                          	   3880	06.653066	(00.001715 +- 00.000707)	[00.000001,00.016385]
esdf/integrate_slice/compute                  	   3876	01.551511	(00.000400 +- 00.000552)	[00.000258,00.006973]
esdf/integrate_slice/mark_sites               	   3876	04.208036	(00.001086 +- 00.000404)	[00.000176,00.015765]
gpu_hash/flush_insertion_cache                	   3988	00.702240	(00.000176 +- 00.000030)	[00.000122,00.004859]
gpu_hash/flush_removal_cache                  	   3987	01.246430	(00.000313 +- 00.000245)	[00.000094,00.014695]
gpu_hash/transfer/reset                       	     12	00.148102	(00.012342 +- 00.007510)	[00.003527,00.026729]
ros/clear_outside_radius                      	    409	00.000367	(00.000001 +- 00.000001)	[00.000000,00.000004]
ros/decay_tsdf                                	   1997	03.125425	(00.001565 +- 00.001290)	[00.000460,00.016327]
ros/depth                                     	   6146	10.112681	(00.001645 +- 00.000150)	[00.000461,00.018370]
ros/depth/conversions                         	   6146	05.080587	(00.000827 +- 00.000026)	[00.000060,00.008034]
ros/depth/integrate                           	   6146	04.687010	(00.000763 +- 00.000153)	[00.000307,00.014919]
ros/depth/output/back_projected_depth         	   6146	00.072631	(00.000012 +- 00.000001)	[00.000003,00.001661]
ros/depth/transform                           	   6146	00.189015	(00.000031 +- 00.000010)	[00.000015,00.000317]
ros/depth_image_callback                      	   6146	00.301641	(00.000049 +- 00.000031)	[00.000016,00.001192]
ros/esdf                                      	   3880	09.746229	(00.002512 +- 00.000728)	[00.000241,00.017063]
ros/esdf/integrate                            	   3880	07.440349	(00.001918 +- 00.000732)	[00.000114,00.016574]
ros/esdf/slice_output                         	   3880	02.275713	(00.000587 +- 00.000084)	[00.000013,00.008202]
ros/idle                                      	  40993	369.862735	(00.009023 +- 00.001040)	[00.000118,00.024366]
ros/process_queue                             	 122982	12.123570	(00.000099 +- 00.000427)	[00.000000,00.018715]
ros/push_onto_queue                           	   6146	00.024317	(00.000004 +- 00.000001)	[00.000001,00.000132]
ros/static/esdf/output/compute                	   3869	00.756566	(00.000196 +- 00.000023)	[00.000112,00.004280]
ros/static/esdf/output/slice                  	   3869	01.314329	(00.000340 +- 00.000068)	[00.000188,00.007966]
ros/tick                                      	  40993	39.935642	(00.000974 +- 00.001041)	[00.000088,00.030488]
tsdf/integrate                                	   6146	01.884178	(00.000307 +- 00.000048)	[00.000149,00.011117]
tsdf/integrate/allocate_blocks                	   6146	00.451300	(00.000073 +- 00.000041)	[00.000011,00.008077]
tsdf/integrate/get_blocks_in_view             	   6146	00.106397	(00.000017 +- 00.000001)	[00.000006,00.000991]
tsdf/integrate/transfer_blocks                	   6146	00.712638	(00.000116 +- 00.000016)	[00.000060,00.006323]
tsdf/integrate/update_blocks                  	   6146	00.537549	(00.000087 +- 00.000014)	[00.000059,00.003153]
view_calculator/raycast                       	   6146	00.074474	(00.000012 +- 00.000001)	[00.000004,00.000981]
view_calculator/raycast/output                	      2	00.000175	(00.000087 +- 00.000008)	[00.000079,00.000095]
view_calculator/raycast/raycast_pixels_kernel 	      2	00.000804	(00.000402 +- 00.000366)	[00.000036,00.000769]
view_calculator/raycast/setup                 	      2	00.000144	(00.000072 +- 00.000031)	[00.000041,00.000103]
-----------

[INFO] [1790135063.346949759] [nvblox_node]: Rates statistics: 

NVBlox Rates (in Hz)
namespace/tag - NumSamples (Window Length) - Mean 
-----------
ros/depth               	100    	15.1
ros/depth_image_callback	100    	15.1
ros/update_esdf         	100    	9.6
ros/tick                	100    	101.0
-----------

[INFO] [1790135063.346998240] [nvblox_node]: Delay statistics: 

NVBlox Delays
namespace/tag - NumSamples (Window Length) - Mean Delay (seconds) 
-----------
ros/esdf_integration       	100    	0.103
ros/depth_image_integration	100    	0.071
ros/depth_image_callback   	100    	0.064
-----------

[INFO] [1790135073.347306427] [nvblox_node]: Timing statistics: 

NVBlox Timings (in seconds)
namespace/tag - NumSamples - TotalTime - (Mean +- StdDev) - [Min,Max]
-----------
/esdf_slicer/get_aabb                         	   3965	00.014947	(00.000004 +- 00.000001)	[00.000002,00.000187]
/esdf_slicer/slice_layer                      	   3965	00.571286	(00.000144 +- 00.000137)	[00.000085,00.004218]
esdf/integrate/clear                          	   3972	00.885501	(00.000223 +- 00.000045)	[00.000149,00.006948]
esdf/integrate/clear/get_blocks               	   3972	00.194877	(00.000049 +- 00.000021)	[00.000019,00.000386]
esdf/integrate/compute/neighbor_bands         	   4618	01.256030	(00.000272 +- 00.000106)	[00.000134,00.006907]
esdf/integrate/compute/neighbor_bands/gpu_view	   4618	00.388017	(00.000084 +- 00.000018)	[00.000006,00.006122]
esdf/integrate/compute/swap                   	   4618	00.006776	(00.000001 +- 00.000000)	[00.000000,00.000051]
esdf/integrate/compute/sweep                  	   4618	00.191773	(00.000042 +- 00.000007)	[00.000012,00.003477]
esdf/integrate/mark_sites/pack_out            	   3972	00.305367	(00.000077 +- 00.000024)	[00.000044,00.003412]
esdf/integrate_slice                          	   3976	06.875909	(00.001729 +- 00.000505)	[00.000001,00.027265]
esdf/integrate_slice/compute                  	   3972	01.607382	(00.000405 +- 00.000242)	[00.000258,00.008486]
esdf/integrate_slice/mark_sites               	   3972	04.345137	(00.001094 +- 00.000405)	[00.000176,00.019873]
gpu_hash/flush_insertion_cache                	   4086	00.726526	(00.000178 +- 00.000046)	[00.000122,00.007163]
gpu_hash/flush_removal_cache                  	   4085	01.285750	(00.000315 +- 00.000248)	[00.000094,00.014695]
gpu_hash/transfer/reset                       	     12	00.148102	(00.012342 +- 00.007510)	[00.003527,00.026729]
ros/clear_outside_radius                      	    419	00.000377	(00.000001 +- 00.000000)	[00.000000,00.000004]
ros/decay_tsdf                                	   2046	03.211085	(00.001569 +- 00.001045)	[00.000460,00.016327]
ros/depth                                     	   6296	10.361478	(00.001646 +- 00.000206)	[00.000461,00.018370]
ros/depth/conversions                         	   6296	05.205168	(00.000827 +- 00.000082)	[00.000060,00.008034]
ros/depth/integrate                           	   6296	04.802229	(00.000763 +- 00.000167)	[00.000307,00.014919]
ros/depth/output/back_projected_depth         	   6296	00.074431	(00.000012 +- 00.000012)	[00.000003,00.001661]
ros/depth/transform                           	   6296	00.193787	(00.000031 +- 00.000006)	[00.000015,00.000317]
ros/depth_image_callback                      	   6296	00.308374	(00.000049 +- 00.000014)	[00.000016,00.001192]
ros/esdf                                      	   3976	10.054503	(00.002529 +- 00.000615)	[00.000241,00.032064]
ros/esdf/integrate                            	   3976	07.686454	(00.001933 +- 00.000531)	[00.000114,00.027506]
ros/esdf/slice_output                         	   3976	02.337071	(00.000588 +- 00.000164)	[00.000013,00.008202]
ros/idle                                      	  41987	378.808544	(00.009022 +- 00.002444)	[00.000118,00.024366]
ros/process_queue                             	 125964	12.425227	(00.000099 +- 00.000466)	[00.000000,00.018715]
ros/push_onto_queue                           	   6296	00.024868	(00.000004 +- 00.000001)	[00.000001,00.000132]
ros/static/esdf/output/compute                	   3965	00.781546	(00.000197 +- 00.000140)	[00.000112,00.004280]
ros/static/esdf/output/slice                  	   3965	01.345744	(00.000339 +- 00.000061)	[00.000188,00.007966]
ros/tick                                      	  41987	40.981691	(00.000976 +- 00.001193)	[00.000088,00.032364]
tsdf/integrate                                	   6296	01.931301	(00.000307 +- 00.000065)	[00.000149,00.011117]
tsdf/integrate/allocate_blocks                	   6296	00.462941	(00.000074 +- 00.000044)	[00.000011,00.008077]
tsdf/integrate/get_blocks_in_view             	   6296	00.108827	(00.000017 +- 00.000002)	[00.000006,00.000991]
tsdf/integrate/transfer_blocks                	   6296	00.730766	(00.000116 +- 00.000026)	[00.000060,00.006323]
tsdf/integrate/update_blocks                  	   6296	00.550736	(00.000087 +- 00.000029)	[00.000059,00.003153]
view_calculator/raycast                       	   6296	00.076173	(00.000012 +- 00.000001)	[00.000004,00.000981]
view_calculator/raycast/output                	      2	00.000175	(00.000087 +- 00.000008)	[00.000079,00.000095]
view_calculator/raycast/raycast_pixels_kernel 	      2	00.000804	(00.000402 +- 00.000366)	[00.000036,00.000769]
view_calculator/raycast/setup                 	      2	00.000144	(00.000072 +- 00.000031)	[00.000041,00.000103]
-----------

[INFO] [1790135073.347932464] [nvblox_node]: Rates statistics: 

NVBlox Rates (in Hz)
namespace/tag - NumSamples (Window Length) - Mean 
-----------
ros/depth               	100    	15.2
ros/depth_image_callback	100    	15.2
ros/update_esdf         	100    	9.6
ros/tick                	100    	100.0
-----------

[INFO] [1790135073.347990930] [nvblox_node]: Delay statistics: 

NVBlox Delays
namespace/tag - NumSamples (Window Length) - Mean Delay (seconds) 
-----------
ros/esdf_integration       	100    	0.104
ros/depth_image_integration	100    	0.076
ros/depth_image_callback   	100    	0.068
-----------

[INFO] [1790135083.356834326] [nvblox_node]: Timing statistics: 

NVBlox Timings (in seconds)
namespace/tag - NumSamples - TotalTime - (Mean +- StdDev) - [Min,Max]
-----------
/esdf_slicer/get_aabb                         	   4059	00.015314	(00.000004 +- 00.000002)	[00.000002,00.000187]
/esdf_slicer/slice_layer                      	   4059	00.606151	(00.000149 +- 00.001117)	[00.000085,00.005094]
esdf/integrate/clear                          	   4066	00.936855	(00.000230 +- 00.002354)	[00.000149,00.015305]
esdf/integrate/clear/get_blocks               	   4066	00.199409	(00.000049 +- 00.000023)	[00.000019,00.000386]
esdf/integrate/compute/neighbor_bands         	   4770	01.383510	(00.000290 +- 00.000295)	[00.000134,00.012431]
esdf/integrate/compute/neighbor_bands/gpu_view	   4770	00.444503	(00.000093 +- 00.000159)	[00.000006,00.008101]
esdf/integrate/compute/swap                   	   4770	00.007002	(00.000001 +- 00.000004)	[00.000000,00.000051]
esdf/integrate/compute/sweep                  	   4770	00.209796	(00.000044 +- 00.000007)	[00.000012,00.004635]
esdf/integrate/mark_sites/pack_out            	   4066	00.327511	(00.000081 +- 00.000584)	[00.000044,00.003934]
esdf/integrate_slice                          	   4070	07.246608	(00.001780 +- 00.010364)	[00.000001,00.063834]
esdf/integrate_slice/compute                  	   4066	01.757010	(00.000432 +- 00.006018)	[00.000258,00.039314]
esdf/integrate_slice/mark_sites               	   4066	04.513960	(00.001110 +- 00.002918)	[00.000176,00.022216]
gpu_hash/flush_insertion_cache                	   4182	00.752654	(00.000180 +- 00.000028)	[00.000122,00.007163]
gpu_hash/flush_removal_cache                  	   4180	01.359236	(00.000325 +- 00.002326)	[00.000094,00.015946]
gpu_hash/transfer/reset                       	     12	00.148102	(00.012342 +- 00.007510)	[00.003527,00.026729]
ros/clear_outside_radius                      	    429	00.000385	(00.000001 +- 00.000000)	[00.000000,00.000004]
ros/decay_tsdf                                	   2094	03.313840	(00.001583 +- 00.002294)	[00.000460,00.016327]
ros/depth                                     	   6446	10.723083	(00.001664 +- 00.000637)	[00.000461,00.029367]
ros/depth/conversions                         	   6446	05.359799	(00.000831 +- 00.000157)	[00.000060,00.008034]
ros/depth/integrate                           	   6446	05.001583	(00.000776 +- 00.000505)	[00.000307,00.021800]
ros/depth/output/back_projected_depth         	   6446	00.076085	(00.000012 +- 00.000002)	[00.000003,00.001661]
ros/depth/transform                           	   6446	00.197795	(00.000031 +- 00.000012)	[00.000015,00.000317]
ros/depth_image_callback                      	   6446	00.315864	(00.000049 +- 00.000028)	[00.000016,00.001192]
ros/esdf                                      	   4070	10.525260	(00.002586 +- 00.011259)	[00.000241,00.069643]
ros/esdf/integrate                            	   4070	08.079062	(00.001985 +- 00.010369)	[00.000114,00.064005]
ros/esdf/slice_output                         	   4070	02.412332	(00.000593 +- 00.001134)	[00.000013,00.008202]
ros/idle                                      	  42963	387.514249	(00.009020 +- 00.001483)	[00.000118,00.024366]
ros/process_queue                             	 128892	12.841003	(00.000100 +- 00.000410)	[00.000000,00.029667]
ros/push_onto_queue                           	   6446	00.025442	(00.000004 +- 00.000001)	[00.000001,00.000132]
ros/static/esdf/output/compute                	   4059	00.822085	(00.000203 +- 00.001123)	[00.000112,00.005170]
ros/static/esdf/output/slice                  	   4059	01.375657	(00.000339 +- 00.000107)	[00.000188,00.007966]
ros/tick                                      	  42963	42.275629	(00.000984 +- 00.001533)	[00.000088,00.089659]
tsdf/integrate                                	   6446	02.063510	(00.000320 +- 00.000459)	[00.000139,00.021334]
tsdf/integrate/allocate_blocks                	   6446	00.509360	(00.000079 +- 00.000162)	[00.000011,00.008870]
tsdf/integrate/get_blocks_in_view             	   6446	00.111231	(00.000017 +- 00.000001)	[00.000006,00.000991]
tsdf/integrate/transfer_blocks                	   6446	00.770173	(00.000119 +- 00.000171)	[00.000051,00.006323]
tsdf/integrate/update_blocks                  	   6446	00.592673	(00.000092 +- 00.000132)	[00.000059,00.009185]
view_calculator/raycast                       	   6446	00.077864	(00.000012 +- 00.000001)	[00.000004,00.000981]
view_calculator/raycast/output                	      2	00.000175	(00.000087 +- 00.000008)	[00.000079,00.000095]
view_calculator/raycast/raycast_pixels_kernel 	      2	00.000804	(00.000402 +- 00.000366)	[00.000036,00.000769]
view_calculator/raycast/setup                 	      2	00.000144	(00.000072 +- 00.000031)	[00.000041,00.000103]
-----------

[INFO] [1790135083.357206627] [nvblox_node]: Rates statistics: 

NVBlox Rates (in Hz)
namespace/tag - NumSamples (Window Length) - Mean 
-----------
ros/depth               	100    	15.2
ros/depth_image_callback	100    	15.2
ros/update_esdf         	100    	9.5
ros/tick                	100    	101.0
-----------

[INFO] [1790135083.357255844] [nvblox_node]: Delay statistics: 

NVBlox Delays
namespace/tag - NumSamples (Window Length) - Mean Delay (seconds) 
-----------
ros/esdf_integration       	100    	0.109
ros/depth_image_integration	100    	0.080
ros/depth_image_callback   	100    	0.068
-----------

[INFO] [1790135093.368384769] [nvblox_node]: Timing statistics: 

NVBlox Timings (in seconds)
namespace/tag - NumSamples - TotalTime - (Mean +- StdDev) - [Min,Max]
-----------
/esdf_slicer/get_aabb                         	   4154	00.015788	(00.000004 +- 00.000002)	[00.000002,00.000187]
/esdf_slicer/slice_layer                      	   4154	00.625340	(00.000151 +- 00.000023)	[00.000085,00.005094]
esdf/integrate/clear                          	   4161	00.974692	(00.000234 +- 00.000069)	[00.000149,00.015305]
esdf/integrate/clear/get_blocks               	   4161	00.204537	(00.000049 +- 00.000034)	[00.000019,00.000386]
esdf/integrate/compute/neighbor_bands         	   5023	01.481534	(00.000295 +- 00.000067)	[00.000134,00.012431]
esdf/integrate/compute/neighbor_bands/gpu_view	   5023	00.477062	(00.000095 +- 00.000022)	[00.000006,00.008101]
esdf/integrate/compute/swap                   	   5023	00.007370	(00.000001 +- 00.000001)	[00.000000,00.000051]
esdf/integrate/compute/sweep                  	   5023	00.226359	(00.000045 +- 00.000010)	[00.000012,00.005114]
esdf/integrate/mark_sites/pack_out            	   4161	00.340544	(00.000082 +- 00.000013)	[00.000044,00.003934]
esdf/integrate_slice                          	   4165	07.563038	(00.001816 +- 00.000747)	[00.000001,00.070457]
esdf/integrate_slice/compute                  	   4161	01.880790	(00.000452 +- 00.000662)	[00.000258,00.039314]
esdf/integrate_slice/mark_sites               	   4161	04.667673	(00.001122 +- 00.000397)	[00.000176,00.028838]
gpu_hash/flush_insertion_cache                	   4317	00.789465	(00.000183 +- 00.000031)	[00.000122,00.010414]
gpu_hash/flush_removal_cache                  	   4277	01.406498	(00.000329 +- 00.000161)	[00.000094,00.015946]
gpu_hash/transfer/reset                       	     12	00.148102	(00.012342 +- 00.007510)	[00.003527,00.026729]
ros/clear_outside_radius                      	    439	00.000393	(00.000001 +- 00.000000)	[00.000000,00.000004]
ros/decay_tsdf                                	   2143	03.414229	(00.001593 +- 00.001850)	[00.000460,00.016327]
ros/depth                                     	   6596	10.982854	(00.001665 +- 00.000221)	[00.000461,00.029367]
ros/depth/conversions                         	   6596	05.481237	(00.000831 +- 00.000029)	[00.000060,00.008034]
ros/depth/integrate                           	   6596	05.132359	(00.000778 +- 00.000193)	[00.000307,00.021800]
ros/depth/output/back_projected_depth         	   6596	00.077957	(00.000012 +- 00.000002)	[00.000003,00.001661]
ros/depth/transform                           	   6596	00.201650	(00.000031 +- 00.000014)	[00.000015,00.000317]
ros/depth_image_callback                      	   6596	00.323734	(00.000049 +- 00.000031)	[00.000016,00.001192]
ros/esdf                                      	   4165	10.940182	(00.002627 +- 00.000795)	[00.000241,00.080080]
ros/esdf/integrate                            	   4165	08.422684	(00.002022 +- 00.000769)	[00.000114,00.072865]
ros/esdf/slice_output                         	   4165	02.482851	(00.000596 +- 00.000087)	[00.000013,00.008202]
ros/idle                                      	  43953	396.356447	(00.009018 +- 00.001319)	[00.000118,00.024366]
ros/process_queue                             	 131862	13.151979	(00.000100 +- 00.000499)	[00.000000,00.029667]
ros/push_onto_queue                           	   6596	00.025993	(00.000004 +- 00.000001)	[00.000001,00.000132]
ros/static/esdf/output/compute                	   4154	00.846603	(00.000204 +- 00.000028)	[00.000112,00.005170]
ros/static/esdf/output/slice                  	   4154	01.416194	(00.000341 +- 00.000069)	[00.000188,00.007966]
ros/tick                                      	  43953	43.433131	(00.000988 +- 00.001322)	[00.000088,00.089659]
tsdf/integrate                                	   6596	02.123229	(00.000322 +- 00.000069)	[00.000139,00.021334]
tsdf/integrate/allocate_blocks                	   6596	00.517857	(00.000079 +- 00.000024)	[00.000011,00.008870]
tsdf/integrate/get_blocks_in_view             	   6596	00.129840	(00.000020 +- 00.000028)	[00.000006,00.001486]
tsdf/integrate/transfer_blocks                	   6596	00.788215	(00.000119 +- 00.000019)	[00.000051,00.006323]
tsdf/integrate/update_blocks                  	   6596	00.605479	(00.000092 +- 00.000031)	[00.000059,00.009185]
view_calculator/raycast                       	   6596	00.095716	(00.000015 +- 00.000028)	[00.000004,00.001481]
view_calculator/raycast/output                	    118	00.009521	(00.000081 +- 00.000019)	[00.000048,00.001365]
view_calculator/raycast/raycast_pixels_kernel 	    118	00.004191	(00.000036 +- 00.000007)	[00.000018,00.000769]
view_calculator/raycast/setup                 	    118	00.003740	(00.000032 +- 00.000012)	[00.000025,00.000103]
-----------

[INFO] [1790135093.368834032] [nvblox_node]: Rates statistics: 

NVBlox Rates (in Hz)
namespace/tag - NumSamples (Window Length) - Mean 
-----------
ros/depth               	100    	15.1
ros/depth_image_callback	100    	15.1
ros/update_esdf         	100    	9.6
ros/tick                	100    	101.0
-----------

[INFO] [1790135093.368929300] [nvblox_node]: Delay statistics: 

NVBlox Delays
namespace/tag - NumSamples (Window Length) - Mean Delay (seconds) 
-----------
ros/esdf_integration       	100    	0.107
ros/depth_image_integration	100    	0.072
ros/depth_image_callback   	100    	0.065
-----------

[INFO] [1790135103.378008794] [nvblox_node]: Timing statistics: 

NVBlox Timings (in seconds)
namespace/tag - NumSamples - TotalTime - (Mean +- StdDev) - [Min,Max]
-----------
/esdf_slicer/get_aabb                         	   4248	00.016448	(00.000004 +- 00.000002)	[00.000002,00.000187]
/esdf_slicer/slice_layer                      	   4248	00.637771	(00.000150 +- 00.000032)	[00.000085,00.005094]
esdf/integrate/clear                          	   4255	00.998977	(00.000235 +- 00.000082)	[00.000149,00.015305]
esdf/integrate/clear/get_blocks               	   4255	00.210515	(00.000049 +- 00.000039)	[00.000019,00.000386]
esdf/integrate/compute/neighbor_bands         	   5360	01.576256	(00.000294 +- 00.000112)	[00.000134,00.012431]
esdf/integrate/compute/neighbor_bands/gpu_view	   5360	00.501595	(00.000094 +- 00.000016)	[00.000006,00.008101]
esdf/integrate/compute/swap                   	   5360	00.007716	(00.000001 +- 00.000000)	[00.000000,00.000051]
esdf/integrate/compute/sweep                  	   5360	00.236702	(00.000044 +- 00.000012)	[00.000011,00.005114]
esdf/integrate/mark_sites/pack_out            	   4255	00.347675	(00.000082 +- 00.000044)	[00.000044,00.003934]
esdf/integrate_slice                          	   4259	07.798342	(00.001831 +- 00.000788)	[00.000001,00.070457]
esdf/integrate_slice/compute                  	   4255	01.991712	(00.000468 +- 00.000634)	[00.000258,00.039314]
esdf/integrate_slice/mark_sites               	   4255	04.766903	(00.001120 +- 00.000407)	[00.000176,00.028838]
gpu_hash/flush_insertion_cache                	   4438	00.808750	(00.000182 +- 00.000025)	[00.000122,00.010414]
gpu_hash/flush_removal_cache                  	   4359	01.429496	(00.000328 +- 00.000253)	[00.000094,00.015946]
gpu_hash/transfer/reset                       	     12	00.148102	(00.012342 +- 00.007510)	[00.003527,00.026729]
ros/clear_outside_radius                      	    449	00.000399	(00.000001 +- 00.000000)	[00.000000,00.000004]
ros/decay_tsdf                                	   2192	03.484539	(00.001590 +- 00.000556)	[00.000301,00.016327]
ros/depth                                     	   6746	11.237733	(00.001666 +- 00.000637)	[00.000461,00.029367]
ros/depth/conversions                         	   6746	05.603533	(00.000831 +- 00.000242)	[00.000060,00.008034]
ros/depth/integrate                           	   6746	05.257731	(00.000779 +- 00.000407)	[00.000307,00.021800]
ros/depth/output/back_projected_depth         	   6746	00.079588	(00.000012 +- 00.000001)	[00.000003,00.001661]
ros/depth/transform                           	   6746	00.205492	(00.000030 +- 00.000010)	[00.000015,00.000317]
ros/depth_image_callback                      	   6746	00.331216	(00.000049 +- 00.000021)	[00.000016,00.001192]
ros/esdf                                      	   4259	11.256135	(00.002643 +- 00.000849)	[00.000241,00.080080]
ros/esdf/integrate                            	   4259	08.677451	(00.002037 +- 00.000805)	[00.000114,00.072865]
ros/esdf/slice_output                         	   4259	02.543325	(00.000597 +- 00.000094)	[00.000013,00.008202]
ros/idle                                      	  44954	405.329643	(00.009017 +- 00.001193)	[00.000118,00.024366]
ros/process_queue                             	 134865	13.455392	(00.000100 +- 00.000462)	[00.000000,00.029667]
ros/push_onto_queue                           	   6746	00.026570	(00.000004 +- 00.000002)	[00.000001,00.000132]
ros/static/esdf/output/compute                	   4248	00.864141	(00.000203 +- 00.000036)	[00.000112,00.005170]
ros/static/esdf/output/slice                  	   4248	01.454156	(00.000342 +- 00.000073)	[00.000188,00.007966]
ros/tick                                      	  44954	44.459324	(00.000989 +- 00.001184)	[00.000088,00.089659]
tsdf/integrate                                	   6746	02.183082	(00.000324 +- 00.000397)	[00.000139,00.021334]
tsdf/integrate/allocate_blocks                	   6746	00.527549	(00.000078 +- 00.000024)	[00.000011,00.008870]
tsdf/integrate/get_blocks_in_view             	   6746	00.153270	(00.000023 +- 00.000296)	[00.000006,00.002143]
tsdf/integrate/transfer_blocks                	   6746	00.802525	(00.000119 +- 00.000100)	[00.000051,00.006323]
tsdf/integrate/update_blocks                  	   6746	00.616140	(00.000091 +- 00.000007)	[00.000059,00.009185]
view_calculator/raycast                       	   6746	00.118472	(00.000018 +- 00.000296)	[00.000004,00.002138]
view_calculator/raycast/output                	    268	00.022065	(00.000082 +- 00.000295)	[00.000048,00.002060]
view_calculator/raycast/raycast_pixels_kernel 	    268	00.008400	(00.000031 +- 00.000005)	[00.000018,00.000769]
view_calculator/raycast/setup                 	    268	00.008216	(00.000031 +- 00.000010)	[00.000025,00.000129]
-----------

[INFO] [1790135103.378442665] [nvblox_node]: Rates statistics: 

NVBlox Rates (in Hz)
namespace/tag - NumSamples (Window Length) - Mean 
-----------
ros/depth               	100    	15.1
ros/depth_image_callback	100    	15.1
ros/update_esdf         	100    	9.5
ros/tick                	100    	101.0
-----------

[INFO] [1790135103.378505195] [nvblox_node]: Delay statistics: 

NVBlox Delays
namespace/tag - NumSamples (Window Length) - Mean Delay (seconds) 
-----------
ros/esdf_integration       	100    	0.101
ros/depth_image_integration	100    	0.071
ros/depth_image_callback   	100    	0.064
-----------

[INFO] [1790135113.388020303] [nvblox_node]: Timing statistics: 

NVBlox Timings (in seconds)
namespace/tag - NumSamples - TotalTime - (Mean +- StdDev) - [Min,Max]
-----------
/esdf_slicer/get_aabb                         	   4343	00.017189	(00.000004 +- 00.000003)	[00.000002,00.000187]
/esdf_slicer/slice_layer                      	   4343	00.654256	(00.000151 +- 00.000376)	[00.000085,00.005094]
esdf/integrate/clear                          	   4350	01.027556	(00.000236 +- 00.000074)	[00.000149,00.015305]
esdf/integrate/clear/get_blocks               	   4350	00.217028	(00.000050 +- 00.000041)	[00.000019,00.000386]
esdf/integrate/compute/neighbor_bands         	   5559	01.633278	(00.000294 +- 00.000144)	[00.000134,00.012431]
esdf/integrate/compute/neighbor_bands/gpu_view	   5559	00.516678	(00.000093 +- 00.000016)	[00.000006,00.008101]
esdf/integrate/compute/swap                   	   5559	00.007950	(00.000001 +- 00.000000)	[00.000000,00.000051]
esdf/integrate/compute/sweep                  	   5559	00.248498	(00.000045 +- 00.000009)	[00.000011,00.005114]
esdf/integrate/mark_sites/pack_out            	   4350	00.355372	(00.000082 +- 00.000015)	[00.000044,00.003934]
esdf/integrate_slice                          	   4354	08.007455	(00.001839 +- 00.000640)	[00.000001,00.070457]
esdf/integrate_slice/compute                  	   4350	02.065389	(00.000475 +- 00.000433)	[00.000258,00.039314]
esdf/integrate_slice/mark_sites               	   4350	04.872588	(00.001120 +- 00.000388)	[00.000176,00.028838]
gpu_hash/flush_insertion_cache                	   4564	00.831036	(00.000182 +- 00.000060)	[00.000122,00.010414]
gpu_hash/flush_removal_cache                  	   4433	01.448948	(00.000327 +- 00.000187)	[00.000094,00.015946]
gpu_hash/transfer/reset                       	     12	00.148102	(00.012342 +- 00.007510)	[00.003527,00.026729]
ros/clear_outside_radius                      	    459	00.000408	(00.000001 +- 00.000000)	[00.000000,00.000004]
ros/decay_tsdf                                	   2240	03.556903	(00.001588 +- 00.000413)	[00.000301,00.016327]
ros/depth                                     	   6896	11.496800	(00.001667 +- 00.000224)	[00.000461,00.029367]
ros/depth/conversions                         	   6896	05.726264	(00.000830 +- 00.000057)	[00.000060,00.008034]
ros/depth/integrate                           	   6896	05.386096	(00.000781 +- 00.000194)	[00.000307,00.021800]
ros/depth/output/back_projected_depth         	   6896	00.081274	(00.000012 +- 00.000003)	[00.000003,00.001661]
ros/depth/transform                           	   6896	00.209782	(00.000030 +- 00.000014)	[00.000015,00.000317]
ros/depth_image_callback                      	   6896	00.339712	(00.000049 +- 00.000020)	[00.000016,00.001192]
ros/esdf                                      	   4354	11.555183	(00.002654 +- 00.000992)	[00.000241,00.080080]
ros/esdf/integrate                            	   4354	08.908846	(00.002046 +- 00.000714)	[00.000114,00.072865]
ros/esdf/slice_output                         	   4354	02.610255	(00.000600 +- 00.000424)	[00.000013,00.008202]
ros/idle                                      	  45954	414.299919	(00.009016 +- 00.001444)	[00.000118,00.024366]
ros/process_queue                             	 137865	13.766115	(00.000100 +- 00.000453)	[00.000000,00.029667]
ros/push_onto_queue                           	   6896	00.027130	(00.000004 +- 00.000001)	[00.000001,00.000132]
ros/static/esdf/output/compute                	   4343	00.886226	(00.000204 +- 00.000402)	[00.000112,00.005170]
ros/static/esdf/output/slice                  	   4343	01.493744	(00.000344 +- 00.000070)	[00.000188,00.007966]
ros/tick                                      	  45954	45.489406	(00.000990 +- 00.001430)	[00.000088,00.089659]
tsdf/integrate                                	   6896	02.242038	(00.000325 +- 00.000074)	[00.000139,00.021334]
tsdf/integrate/allocate_blocks                	   6896	00.536357	(00.000078 +- 00.000027)	[00.000011,00.008870]
tsdf/integrate/get_blocks_in_view             	   6896	00.175535	(00.000025 +- 00.000021)	[00.000006,00.002143]
tsdf/integrate/transfer_blocks                	   6896	00.816609	(00.000118 +- 00.000044)	[00.000051,00.006323]
tsdf/integrate/update_blocks                  	   6896	00.627763	(00.000091 +- 00.000008)	[00.000056,00.009185]
view_calculator/raycast                       	   6896	00.139950	(00.000020 +- 00.000021)	[00.000004,00.002138]
view_calculator/raycast/output                	    418	00.032468	(00.000078 +- 00.000010)	[00.000047,00.002060]
view_calculator/raycast/raycast_pixels_kernel 	    418	00.013209	(00.000032 +- 00.000013)	[00.000018,00.000769]
view_calculator/raycast/setup                 	    418	00.012848	(00.000031 +- 00.000002)	[00.000025,00.000129]
-----------

[INFO] [1790135113.388795593] [nvblox_node]: Rates statistics: 

NVBlox Rates (in Hz)
namespace/tag - NumSamples (Window Length) - Mean 
-----------
ros/depth               	100    	15.1
ros/depth_image_callback	100    	15.1
ros/update_esdf         	100    	9.6
ros/tick                	100    	101.0
-----------

[INFO] [1790135113.388857547] [nvblox_node]: Delay statistics: 

NVBlox Delays
namespace/tag - NumSamples (Window Length) - Mean Delay (seconds) 
-----------
ros/esdf_integration       	100    	0.102
ros/depth_image_integration	100    	0.072
ros/depth_image_callback   	100    	0.065
-----------

[INFO] [1790135123.398158424] [nvblox_node]: Timing statistics: 

NVBlox Timings (in seconds)
namespace/tag - NumSamples - TotalTime - (Mean +- StdDev) - [Min,Max]
-----------
/esdf_slicer/get_aabb                         	   4438	00.017994	(00.000004 +- 00.000003)	[00.000002,00.000187]
/esdf_slicer/slice_layer                      	   4438	00.668083	(00.000151 +- 00.000166)	[00.000085,00.005094]
esdf/integrate/clear                          	   4444	01.056503	(00.000238 +- 00.000138)	[00.000149,00.015305]
esdf/integrate/clear/get_blocks               	   4444	00.223324	(00.000050 +- 00.000046)	[00.000019,00.000386]
esdf/integrate/compute/neighbor_bands         	   5737	01.681097	(00.000293 +- 00.000056)	[00.000134,00.012431]
esdf/integrate/compute/neighbor_bands/gpu_view	   5737	00.529857	(00.000092 +- 00.000032)	[00.000006,00.008101]
esdf/integrate/compute/swap                   	   5737	00.008166	(00.000001 +- 00.000000)	[00.000000,00.000051]
esdf/integrate/compute/sweep                  	   5737	00.254856	(00.000044 +- 00.000014)	[00.000011,00.005114]
esdf/integrate/mark_sites/pack_out            	   4444	00.363216	(00.000082 +- 00.000022)	[00.000044,00.003934]
esdf/integrate_slice                          	   4449	08.185383	(00.001840 +- 00.000572)	[00.000001,00.070457]
esdf/integrate_slice/compute                  	   4444	02.124426	(00.000478 +- 00.000222)	[00.000258,00.039314]
esdf/integrate_slice/mark_sites               	   4444	04.961328	(00.001116 +- 00.000380)	[00.000172,00.028838]
gpu_hash/flush_insertion_cache                	   4606	00.839878	(00.000182 +- 00.000185)	[00.000122,00.010414]
gpu_hash/flush_removal_cache                  	   4464	01.459344	(00.000327 +- 00.000231)	[00.000094,00.015946]
gpu_hash/transfer/reset                       	     12	00.148102	(00.012342 +- 00.007510)	[00.003527,00.026729]
ros/clear_outside_radius                      	    469	00.000417	(00.000001 +- 00.000000)	[00.000000,00.000004]
ros/decay_tsdf                                	   2290	03.629451	(00.001585 +- 00.000360)	[00.000301,00.016327]
ros/depth                                     	   7046	11.739142	(00.001666 +- 00.000140)	[00.000461,00.029367]
ros/depth/conversions                         	   7046	05.851616	(00.000830 +- 00.000053)	[00.000060,00.008034]
ros/depth/integrate                           	   7046	05.494648	(00.000780 +- 00.000099)	[00.000307,00.021800]
ros/depth/output/back_projected_depth         	   7046	00.083343	(00.000012 +- 00.000005)	[00.000003,00.001661]
ros/depth/transform                           	   7046	00.214087	(00.000030 +- 00.000008)	[00.000015,00.000317]
ros/depth_image_callback                      	   7046	00.347935	(00.000049 +- 00.000020)	[00.000016,00.001192]
ros/esdf                                      	   4449	11.816175	(00.002656 +- 00.000583)	[00.000241,00.080080]
ros/esdf/integrate                            	   4449	09.107131	(00.002047 +- 00.000597)	[00.000114,00.072865]
ros/esdf/slice_output                         	   4449	02.672150	(00.000601 +- 00.000223)	[00.000013,00.008202]
ros/idle                                      	  46955	423.325297	(00.009016 +- 00.000962)	[00.000118,00.024366]
ros/process_queue                             	 140868	14.061467	(00.000100 +- 00.000385)	[00.000000,00.029667]
ros/push_onto_queue                           	   7046	00.027759	(00.000004 +- 00.000007)	[00.000001,00.000132]
ros/static/esdf/output/compute                	   4438	00.905602	(00.000204 +- 00.000176)	[00.000112,00.005170]
ros/static/esdf/output/slice                  	   4438	01.530918	(00.000345 +- 00.000087)	[00.000188,00.007966]
ros/tick                                      	  46955	46.464030	(00.000990 +- 00.000957)	[00.000088,00.089659]
tsdf/integrate                                	   7046	02.290413	(00.000325 +- 00.000042)	[00.000139,00.021334]
tsdf/integrate/allocate_blocks                	   7046	00.543523	(00.000077 +- 00.000012)	[00.000011,00.008870]
tsdf/integrate/get_blocks_in_view             	   7046	00.187516	(00.000027 +- 00.000005)	[00.000006,00.002143]
tsdf/integrate/transfer_blocks                	   7046	00.831941	(00.000118 +- 00.000025)	[00.000051,00.006323]
tsdf/integrate/update_blocks                  	   7046	00.638791	(00.000091 +- 00.000016)	[00.000050,00.009185]
view_calculator/raycast                       	   7046	00.151211	(00.000021 +- 00.000005)	[00.000004,00.002138]
view_calculator/raycast/output                	    486	00.037679	(00.000078 +- 00.000013)	[00.000047,00.002060]
view_calculator/raycast/raycast_pixels_kernel 	    486	00.015552	(00.000032 +- 00.000012)	[00.000018,00.000769]
view_calculator/raycast/setup                 	    486	00.014944	(00.000031 +- 00.000006)	[00.000025,00.000129]
-----------

[INFO] [1790135123.398601575] [nvblox_node]: Rates statistics: 

NVBlox Rates (in Hz)
namespace/tag - NumSamples (Window Length) - Mean 
-----------
ros/depth               	100    	15.1
ros/depth_image_callback	100    	15.1
ros/update_esdf         	100    	9.6
ros/tick                	100    	101.0
-----------

[INFO] [1790135123.398718506] [nvblox_node]: Delay statistics: 

NVBlox Delays
namespace/tag - NumSamples (Window Length) - Mean Delay (seconds) 
-----------
ros/esdf_integration       	100    	0.106
ros/depth_image_integration	100    	0.077
ros/depth_image_callback   	100    	0.069
-----------

[INFO] [1790135133.398656048] [nvblox_node]: Timing statistics: 

NVBlox Timings (in seconds)
namespace/tag - NumSamples - TotalTime - (Mean +- StdDev) - [Min,Max]
-----------
/esdf_slicer/get_aabb                         	   4533	00.018748	(00.000004 +- 00.000006)	[00.000002,00.000187]
/esdf_slicer/slice_layer                      	   4533	00.687764	(00.000152 +- 00.000571)	[00.000085,00.005094]
esdf/integrate/clear                          	   4538	01.092609	(00.000241 +- 00.000625)	[00.000149,00.015305]
esdf/integrate/clear/get_blocks               	   4538	00.228972	(00.000050 +- 00.000021)	[00.000019,00.000386]
esdf/integrate/compute/neighbor_bands         	   5834	01.711303	(00.000293 +- 00.000391)	[00.000134,00.012431]
esdf/integrate/compute/neighbor_bands/gpu_view	   5834	00.539394	(00.000092 +- 00.000258)	[00.000006,00.008101]
esdf/integrate/compute/swap                   	   5834	00.008309	(00.000001 +- 00.000000)	[00.000000,00.000051]
esdf/integrate/compute/sweep                  	   5834	00.261942	(00.000045 +- 00.000241)	[00.000011,00.005114]
esdf/integrate/mark_sites/pack_out            	   4538	00.376608	(00.000083 +- 00.000473)	[00.000044,00.003934]
esdf/integrate_slice                          	   4544	08.355670	(00.001839 +- 00.001900)	[00.000001,00.070457]
esdf/integrate_slice/compute                  	   4538	02.165593	(00.000477 +- 00.000626)	[00.000258,00.039314]
esdf/integrate_slice/mark_sites               	   4538	05.053397	(00.001114 +- 00.000823)	[00.000164,00.028838]
gpu_hash/flush_insertion_cache                	   4606	00.839878	(00.000182 +- 00.000185)	[00.000122,00.010414]
gpu_hash/flush_removal_cache                  	   4464	01.459344	(00.000327 +- 00.000231)	[00.000094,00.015946]
gpu_hash/transfer/reset                       	     12	00.148102	(00.012342 +- 00.007510)	[00.003527,00.026729]
ros/clear_outside_radius                      	    479	00.000425	(00.000001 +- 00.000000)	[00.000000,00.000004]
ros/decay_tsdf                                	   2338	03.693111	(00.001580 +- 00.000363)	[00.000301,00.016327]
ros/depth                                     	   7196	11.963768	(00.001663 +- 00.000463)	[00.000461,00.029367]
ros/depth/conversions                         	   7196	05.978513	(00.000831 +- 00.000317)	[00.000060,00.008034]
ros/depth/integrate                           	   7196	05.584642	(00.000776 +- 00.000191)	[00.000307,00.021800]
ros/depth/output/back_projected_depth         	   7196	00.085274	(00.000012 +- 00.000004)	[00.000003,00.001661]
ros/depth/transform                           	   7196	00.218001	(00.000030 +- 00.000010)	[00.000015,00.000317]
ros/depth_image_callback                      	   7196	00.354813	(00.000049 +- 00.000021)	[00.000016,00.001192]
ros/esdf                                      	   4544	12.076857	(00.002658 +- 00.002544)	[00.000241,00.080080]
ros/esdf/integrate                            	   4544	09.303149	(00.002047 +- 00.002155)	[00.000114,00.072865]
ros/esdf/slice_output                         	   4544	02.736150	(00.000602 +- 00.000642)	[00.000013,00.008202]
ros/idle                                      	  47953	432.387891	(00.009017 +- 00.000921)	[00.000118,00.024366]
ros/process_queue                             	 143862	14.337722	(00.000100 +- 00.000373)	[00.000000,00.029667]
ros/push_onto_queue                           	   7196	00.028306	(00.000004 +- 00.000001)	[00.000001,00.000132]
ros/static/esdf/output/compute                	   4533	00.930523	(00.000205 +- 00.000585)	[00.000112,00.005170]
ros/static/esdf/output/slice                  	   4533	01.563279	(00.000345 +- 00.000061)	[00.000188,00.007966]
ros/tick                                      	  47953	47.383082	(00.000988 +- 00.000906)	[00.000088,00.089659]
tsdf/integrate                                	   7196	02.328226	(00.000324 +- 00.000165)	[00.000139,00.021334]
tsdf/integrate/allocate_blocks                	   7196	00.551287	(00.000077 +- 00.000155)	[00.000011,00.008870]
tsdf/integrate/get_blocks_in_view             	   7196	00.189956	(00.000026 +- 00.000009)	[00.000006,00.002143]
tsdf/integrate/transfer_blocks                	   7196	00.846210	(00.000118 +- 00.000035)	[00.000051,00.006323]
tsdf/integrate/update_blocks                  	   7196	00.650390	(00.000090 +- 00.000017)	[00.000050,00.009185]
view_calculator/raycast                       	   7196	00.152876	(00.000021 +- 00.000009)	[00.000004,00.002138]
view_calculator/raycast/output                	    486	00.037679	(00.000078 +- 00.000013)	[00.000047,00.002060]
view_calculator/raycast/raycast_pixels_kernel 	    486	00.015552	(00.000032 +- 00.000012)	[00.000018,00.000769]
view_calculator/raycast/setup                 	    486	00.014944	(00.000031 +- 00.000006)	[00.000025,00.000129]
-----------

[INFO] [1790135133.399243140] [nvblox_node]: Rates statistics: 

NVBlox Rates (in Hz)
namespace/tag - NumSamples (Window Length) - Mean 
-----------
ros/depth               	100    	15.1
ros/depth_image_callback	100    	15.1
ros/update_esdf         	100    	9.6
ros/tick                	100    	101.0
-----------

[INFO] [1790135133.399323174] [nvblox_node]: Delay statistics: 

NVBlox Delays
namespace/tag - NumSamples (Window Length) - Mean Delay (seconds) 
-----------
ros/esdf_integration       	100    	0.107
ros/depth_image_integration	100    	0.074
ros/depth_image_callback   	100    	0.067
-----------

[INFO] [1790135143.409063237] [nvblox_node]: Timing statistics: 

NVBlox Timings (in seconds)
namespace/tag - NumSamples - TotalTime - (Mean +- StdDev) - [Min,Max]
-----------
/esdf_slicer/get_aabb                         	   4628	00.019520	(00.000004 +- 00.000013)	[00.000002,00.000187]
/esdf_slicer/slice_layer                      	   4628	00.700027	(00.000151 +- 00.000023)	[00.000085,00.005094]
esdf/integrate/clear                          	   4633	01.120414	(00.000242 +- 00.000042)	[00.000149,00.015305]
esdf/integrate/clear/get_blocks               	   4633	00.235114	(00.000051 +- 00.000021)	[00.000019,00.000386]
esdf/integrate/compute/neighbor_bands         	   5933	01.736200	(00.000293 +- 00.000045)	[00.000134,00.012431]
esdf/integrate/compute/neighbor_bands/gpu_view	   5933	00.546767	(00.000092 +- 00.000015)	[00.000006,00.008101]
esdf/integrate/compute/swap                   	   5933	00.008454	(00.000001 +- 00.000001)	[00.000000,00.000051]
esdf/integrate/compute/sweep                  	   5933	00.265868	(00.000045 +- 00.000010)	[00.000011,00.005114]
esdf/integrate/mark_sites/pack_out            	   4633	00.384895	(00.000083 +- 00.000052)	[00.000044,00.003934]
esdf/integrate_slice                          	   4639	08.497194	(00.001832 +- 00.000425)	[00.000001,00.070457]
esdf/integrate_slice/compute                  	   4633	02.198288	(00.000474 +- 00.000050)	[00.000258,00.039314]
esdf/integrate_slice/mark_sites               	   4633	05.133534	(00.001108 +- 00.000391)	[00.000164,00.028838]
gpu_hash/flush_insertion_cache                	   4606	00.839878	(00.000182 +- 00.000185)	[00.000122,00.010414]
gpu_hash/flush_removal_cache                  	   4464	01.459344	(00.000327 +- 00.000231)	[00.000094,00.015946]
gpu_hash/transfer/reset                       	     12	00.148102	(00.012342 +- 00.007510)	[00.003527,00.026729]
ros/clear_outside_radius                      	    489	00.000432	(00.000001 +- 00.000000)	[00.000000,00.000004]
ros/decay_tsdf                                	   2387	03.760832	(00.001576 +- 00.000565)	[00.000301,00.016327]
ros/depth                                     	   7346	12.201083	(00.001661 +- 00.000660)	[00.000461,00.029367]
ros/depth/conversions                         	   7346	06.108767	(00.000832 +- 00.000401)	[00.000060,00.008034]
ros/depth/integrate                           	   7346	05.683988	(00.000774 +- 00.000268)	[00.000307,00.021800]
ros/depth/output/back_projected_depth         	   7346	00.086944	(00.000012 +- 00.000007)	[00.000003,00.001661]
ros/depth/transform                           	   7346	00.222210	(00.000030 +- 00.000010)	[00.000015,00.000317]
ros/depth_image_callback                      	   7346	00.361362	(00.000049 +- 00.000013)	[00.000016,00.001192]
ros/esdf                                      	   4639	12.294680	(00.002650 +- 00.000500)	[00.000241,00.080080]
ros/esdf/integrate                            	   4639	09.464601	(00.002040 +- 00.000470)	[00.000114,00.072865]
ros/esdf/slice_output                         	   4639	02.791815	(00.000602 +- 00.000100)	[00.000013,00.008202]
ros/idle                                      	  48953	441.472780	(00.009018 +- 00.000905)	[00.000118,00.024366]
ros/process_queue                             	 146862	14.625616	(00.000100 +- 00.000404)	[00.000000,00.029667]
ros/push_onto_queue                           	   7346	00.028888	(00.000004 +- 00.000001)	[00.000001,00.000132]
ros/static/esdf/output/compute                	   4628	00.948065	(00.000205 +- 00.000034)	[00.000112,00.005170]
ros/static/esdf/output/slice                  	   4628	01.596577	(00.000345 +- 00.000077)	[00.000188,00.007966]
ros/tick                                      	  48953	48.299188	(00.000987 +- 00.000907)	[00.000088,00.089659]
tsdf/integrate                                	   7346	02.375494	(00.000323 +- 00.000236)	[00.000139,00.021334]
tsdf/integrate/allocate_blocks                	   7346	00.566105	(00.000077 +- 00.000219)	[00.000011,00.008870]
tsdf/integrate/get_blocks_in_view             	   7346	00.192371	(00.000026 +- 00.000007)	[00.000006,00.002143]
tsdf/integrate/transfer_blocks                	   7346	00.863135	(00.000117 +- 00.000044)	[00.000051,00.006323]
tsdf/integrate/update_blocks                  	   7346	00.661673	(00.000090 +- 00.000013)	[00.000050,00.009185]
view_calculator/raycast                       	   7346	00.154480	(00.000021 +- 00.000006)	[00.000004,00.002138]
view_calculator/raycast/output                	    486	00.037679	(00.000078 +- 00.000013)	[00.000047,00.002060]
view_calculator/raycast/raycast_pixels_kernel 	    486	00.015552	(00.000032 +- 00.000012)	[00.000018,00.000769]
view_calculator/raycast/setup                 	    486	00.014944	(00.000031 +- 00.000006)	[00.000025,00.000129]
-----------

[INFO] [1790135143.409530868] [nvblox_node]: Rates statistics: 

NVBlox Rates (in Hz)
namespace/tag - NumSamples (Window Length) - Mean 
-----------
ros/depth               	100    	15.1
ros/depth_image_callback	100    	15.1
ros/update_esdf         	100    	9.6
ros/tick                	100    	101.0
-----------

[INFO] [1790135143.409595446] [nvblox_node]: Delay statistics: 

NVBlox Delays
namespace/tag - NumSamples (Window Length) - Mean Delay (seconds) 
-----------
ros/esdf_integration       	100    	0.106
ros/depth_image_integration	100    	0.073
ros/depth_image_callback   	100    	0.065
-----------

[INFO] [1790135153.417756530] [nvblox_node]: Timing statistics: 

NVBlox Timings (in seconds)
namespace/tag - NumSamples - TotalTime - (Mean +- StdDev) - [Min,Max]
-----------
/esdf_slicer/get_aabb                         	   4723	00.020207	(00.000004 +- 00.000003)	[00.000002,00.000187]
/esdf_slicer/slice_layer                      	   4723	00.713614	(00.000151 +- 00.000129)	[00.000085,00.005094]
esdf/integrate/clear                          	   4728	01.151651	(00.000244 +- 00.000374)	[00.000149,00.015305]
esdf/integrate/clear/get_blocks               	   4728	00.241060	(00.000051 +- 00.000017)	[00.000019,00.000386]
esdf/integrate/compute/neighbor_bands         	   6044	01.764520	(00.000292 +- 00.000103)	[00.000134,00.012431]
esdf/integrate/compute/neighbor_bands/gpu_view	   6044	00.554814	(00.000092 +- 00.000047)	[00.000006,00.008101]
esdf/integrate/compute/swap                   	   6044	00.008610	(00.000001 +- 00.000000)	[00.000000,00.000051]
esdf/integrate/compute/sweep                  	   6044	00.272459	(00.000045 +- 00.000162)	[00.000011,00.005114]
esdf/integrate/mark_sites/pack_out            	   4728	00.392793	(00.000083 +- 00.000009)	[00.000044,00.003934]
esdf/integrate_slice                          	   4734	08.650908	(00.001827 +- 00.000751)	[00.000001,00.070457]
esdf/integrate_slice/compute                  	   4728	02.237469	(00.000473 +- 00.000398)	[00.000258,00.039314]
esdf/integrate_slice/mark_sites               	   4728	05.215902	(00.001103 +- 00.000328)	[00.000164,00.028838]
gpu_hash/flush_insertion_cache                	   4606	00.839878	(00.000182 +- 00.000185)	[00.000122,00.010414]
gpu_hash/flush_removal_cache                  	   4464	01.459344	(00.000327 +- 00.000231)	[00.000094,00.015946]
gpu_hash/transfer/reset                       	     12	00.148102	(00.012342 +- 00.007510)	[00.003527,00.026729]
ros/clear_outside_radius                      	    499	00.000443	(00.000001 +- 00.000000)	[00.000000,00.000004]
ros/decay_tsdf                                	   2436	03.823805	(00.001570 +- 00.000306)	[00.000301,00.016327]
ros/depth                                     	   7496	12.424785	(00.001658 +- 00.000417)	[00.000461,00.029367]
ros/depth/conversions                         	   7496	06.237362	(00.000832 +- 00.000237)	[00.000060,00.008034]
ros/depth/integrate                           	   7496	05.771149	(00.000770 +- 00.000227)	[00.000307,00.021800]
ros/depth/output/back_projected_depth         	   7496	00.088503	(00.000012 +- 00.000002)	[00.000003,00.001661]
ros/depth/transform                           	   7496	00.226499	(00.000030 +- 00.000006)	[00.000015,00.000317]
ros/depth_image_callback                      	   7496	00.368170	(00.000049 +- 00.000016)	[00.000016,00.001192]
ros/esdf                                      	   4734	12.528008	(00.002646 +- 00.000825)	[00.000241,00.080080]
ros/esdf/integrate                            	   4734	09.638247	(00.002036 +- 00.000767)	[00.000114,00.072865]
ros/esdf/slice_output                         	   4734	02.850803	(00.000602 +- 00.000195)	[00.000013,00.008202]
ros/idle                                      	  49953	450.543405	(00.009019 +- 00.001175)	[00.000118,00.024366]
ros/process_queue                             	 149862	14.896272	(00.000099 +- 00.000382)	[00.000000,00.029667]
ros/push_onto_queue                           	   7496	00.029481	(00.000004 +- 00.000007)	[00.000001,00.000132]
ros/static/esdf/output/compute                	   4723	00.966946	(00.000205 +- 00.000134)	[00.000112,00.005170]
ros/static/esdf/output/slice                  	   4723	01.631755	(00.000345 +- 00.000148)	[00.000188,00.007966]
ros/tick                                      	  49953	49.229250	(00.000986 +- 00.000981)	[00.000088,00.089659]
tsdf/integrate                                	   7496	02.412129	(00.000322 +- 00.000182)	[00.000139,00.021334]
tsdf/integrate/allocate_blocks                	   7496	00.572686	(00.000076 +- 00.000124)	[00.000011,00.008870]
tsdf/integrate/get_blocks_in_view             	   7496	00.194689	(00.000026 +- 00.000002)	[00.000006,00.002143]
tsdf/integrate/transfer_blocks                	   7496	00.877172	(00.000117 +- 00.000040)	[00.000051,00.006323]
tsdf/integrate/update_blocks                  	   7496	00.673686	(00.000090 +- 00.000123)	[00.000050,00.009185]
view_calculator/raycast                       	   7496	00.156093	(00.000021 +- 00.000001)	[00.000004,00.002138]
view_calculator/raycast/output                	    486	00.037679	(00.000078 +- 00.000013)	[00.000047,00.002060]
view_calculator/raycast/raycast_pixels_kernel 	    486	00.015552	(00.000032 +- 00.000012)	[00.000018,00.000769]
view_calculator/raycast/setup                 	    486	00.014944	(00.000031 +- 00.000006)	[00.000025,00.000129]
-----------

[INFO] [1790135153.418260675] [nvblox_node]: Rates statistics: 

NVBlox Rates (in Hz)
namespace/tag - NumSamples (Window Length) - Mean 
-----------
ros/depth               	100    	15.2
ros/depth_image_callback	100    	15.1
ros/update_esdf         	100    	9.5
ros/tick                	100    	101.0
-----------

[INFO] [1790135153.418332582] [nvblox_node]: Delay statistics: 

NVBlox Delays
namespace/tag - NumSamples (Window Length) - Mean Delay (seconds) 
-----------
ros/esdf_integration       	100    	0.099
ros/depth_image_integration	100    	0.069
ros/depth_image_callback   	100    	0.063
-----------

