top - 12:23:58 up  3:27,  0 users,  load average: 8.53, 4.77, 3.64
Tasks: 356 total,   2 running, 354 sleeping,   0 stopped,   0 zombie
%Cpu(s): 33.3 us, 18.0 sy,  0.0 ni, 45.0 id,  0.0 wa,  1.8 hi,  1.8 si,  0.0 st
MiB Mem :   7607.4 total,   2912.0 free,   1984.5 used,   2710.9 buff/cache
MiB Swap:   3803.7 total,   3803.7 free,      0.0 used.   5324.5 avail Mem 

    PID USER      PR  NI    VIRT    RES    SHR S  %CPU  %MEM     TIME+ COMMAND
 536577 jetson    20   0   39804  20720   9776 R 100.0   0.3   0:00.17 ros2
 189209 jetson    20   0  709056  62660  27264 S  37.5   0.8  42:42.27 python3
 189211 jetson    20   0  506208  34876  18400 S  18.8   0.4  12:47.52 ekf_node
 189612 jetson    20   0 9355088 429240  86828 S  18.8   5.5  17:31.40 nvblox_node
 189014 jetson    20   0 1750472 105416  51332 S  12.5   1.4  15:38.32 realsense2_came
 189018 jetson    20   0  432956  26444  14244 S  12.5   0.3  18:43.95 rplidar_node
 189020 jetson    20   0  707980  60952  27380 S  12.5   0.8   9:16.17 python3
 189435 jetson    20   0  889552  47892  23580 S  12.5   0.6  11:25.96 controller_serv
 189439 jetson    20   0  988928  70564  24600 S  12.5   0.9   9:57.34 planner_server
 189443 jetson    20   0  457160  46392  26204 S  12.5   0.6   9:48.05 bt_navigator
 189473 jetson    20   0  577396  31112  16252 S  12.5   0.4  12:30.27 lifecycle_manag
 536578 jetson    20   0   14340   3388   2776 R  12.5   0.0   0:00.03 top
 189016 jetson    20   0  709040  65192  27268 S   6.2   0.8   4:02.64 python3
 189322 jetson    20   0  904164  49204  24052 S   6.2   0.6   3:24.29 async_slam_tool
 189433 jetson    20   0  709716  63280  27368 S   6.2   0.8   4:43.34 python3
 189437 jetson    20   0  582640  33852  18848 S   6.2   0.4   6:55.52 smoother_server
 189441 jetson    20   0  516476  35260  21032 S   6.2   0.5   8:10.41 behavior_server
 189462 jetson    20   0  428560  29368  15952 S   6.2   0.4   5:36.64 velocity_smooth
      1 root      20   0  167880  11776   7444 S   0.0   0.2   0:15.82 systemd
      2 root      20   0       0      0      0 S   0.0   0.0   0:00.02 kthreadd
      3 root       0 -20       0      0      0 I   0.0   0.0   0:00.00 rcu_gp
      4 root       0 -20       0      0      0 I   0.0   0.0   0:00.00 rcu_par_gp
      5 root       0 -20       0      0      0 I   0.0   0.0   0:00.00 slub_flushwq
      6 root       0 -20       0      0      0 I   0.0   0.0   0:00.00 netns
      8 root       0 -20       0      0      0 I   0.0   0.0   0:00.00 kworker/0:0H-events_highpri
     10 root       0 -20       0      0      0 I   0.0   0.0   0:00.00 mm_percpu_wq
     11 root      20   0       0      0      0 S   0.0   0.0   0:00.00 rcu_tasks_kthre
     12 root      20   0       0      0      0 S   0.0   0.0   0:00.00 rcu_tasks_rude_
     13 root      20   0       0      0      0 S   0.0   0.0   0:00.00 rcu_tasks_trace
     14 root      20   0       0      0      0 S   0.0   0.0   0:09.19 ksoftirqd/0
     15 root      20   0       0      0      0 I   0.0   0.0   0:05.56 rcu_preempt
     16 root      rt   0       0      0      0 S   0.0   0.0   0:00.03 migration/0
     17 root      20   0       0      0      0 S   0.0   0.0   0:00.00 cpuhp/0
     18 root      20   0       0      0      0 S   0.0   0.0   0:00.00 cpuhp/1
     19 root      rt   0       0      0      0 S   0.0   0.0   0:00.03 migration/1
     20 root      20   0       0      0      0 S   0.0   0.0   0:01.10 ksoftirqd/1
     22 root       0 -20       0      0      0 I   0.0   0.0   0:00.00 kworker/1:0H-events_highpri
     23 root      20   0       0      0      0 S   0.0   0.0   0:00.00 cpuhp/2
     24 root      rt   0       0      0      0 S   0.0   0.0   0:00.03 migration/2
     25 root      20   0       0      0      0 S   0.0   0.0   0:01.10 ksoftirqd/2
     27 root       0 -20       0      0      0 I   0.0   0.0   0:00.00 kworker/2:0H-events_highpri
     28 root      20   0       0      0      0 S   0.0   0.0   0:00.00 cpuhp/3
     29 root      rt   0       0      0      0 S   0.0   0.0   0:00.02 migration/3
     30 root      20   0       0      0      0 S   0.0   0.0   0:01.07 ksoftirqd/3
     32 root       0 -20       0      0      0 I   0.0   0.0   0:00.00 kworker/3:0H-events_highpri
     33 root      20   0       0      0      0 S   0.0   0.0   0:00.00 cpuhp/4
     34 root      rt   0       0      0      0 S   0.0   0.0   0:00.07 migration/4
     35 root      20   0       0      0      0 S   0.0   0.0   0:00.94 ksoftirqd/4
     37 root       0 -20       0      0      0 I   0.0   0.0   0:00.00 kworker/4:0H-events_highpri
     38 root      20   0       0      0      0 S   0.0   0.0   0:00.00 cpuhp/5
     39 root      rt   0       0      0      0 S   0.0   0.0   0:00.07 migration/5
     40 root      20   0       0      0      0 S   0.0   0.0   0:00.86 ksoftirqd/5
     42 root       0 -20       0      0      0 I   0.0   0.0   0:00.00 kworker/5:0H-kblockd
     43 root      20   0       0      0      0 S   0.0   0.0   0:00.00 kdevtmpfs
     44 root       0 -20       0      0      0 I   0.0   0.0   0:00.00 inet_frag_wq
     51 root      20   0       0      0      0 S   0.0   0.0   0:00.00 kauditd
     52 root      20   0       0      0      0 S   0.0   0.0   0:00.00 oom_reaper
     53 root       0 -20       0      0      0 I   0.0   0.0   0:00.00 writeback
     54 root      20   0       0      0      0 S   0.0   0.0   0:00.10 kcompactd0
     55 root      25   5       0      0      0 S   0.0   0.0   0:00.00 ksmd
     56 root      39  19       0      0      0 S   0.0   0.0   0:00.89 khugepaged
     67 root       0 -20       0      0      0 I   0.0   0.0   0:00.00 cryptd
     86 root       0 -20       0      0      0 I   0.0   0.0   0:00.00 kintegrityd
     87 root       0 -20       0      0      0 I   0.0   0.0   0:00.00 kblockd
     88 root       0 -20       0      0      0 I   0.0   0.0   0:00.00 blkcg_punt_bio
     89 root       0 -20       0      0      0 I   0.0   0.0   0:00.00 tpm_dev_wq
     90 root       0 -20       0      0      0 I   0.0   0.0   0:00.00 ata_sff
     91 root       0 -20       0      0      0 I   0.0   0.0   0:00.00 edac-poller
     92 root       0 -20       0      0      0 I   0.0   0.0   0:00.00 devfreq_wq
     93 root     -51   0       0      0      0 S   0.0   0.0   0:00.00 watchdogd
     96 root       0 -20       0      0      0 I   0.0   0.0   0:00.04 kworker/0:1H-kblockd
     97 root       0 -20       0      0      0 I   0.0   0.0   0:00.00 rpciod
     99 root       0 -20       0      0      0 I   0.0   0.0   0:00.00 xprtiod
    127 root      20   0       0      0      0 S   0.0   0.0   0:00.00 kswapd0
    128 root       0 -20       0      0      0 I   0.0   0.0   0:00.00 nfsiod
    132 root       0 -20       0      0      0 I   0.0   0.0   0:00.00 vfio-irqfd-clea
    133 root       0 -20       0      0      0 I   0.0   0.0   0:00.00 bch_btree_io
    134 root       0 -20       0      0      0 I   0.0   0.0   0:00.00 bcache
    135 root       0 -20       0      0      0 I   0.0   0.0   0:00.00 bch_journal
    136 root       0 -20       0      0      0 I   0.0   0.0   0:00.00 dm_bufio_cache
    140 root      10 -10       0      0      0 S   0.0   0.0   0:00.00 krfcommd
    141 root      20   0       0      0      0 S   0.0   0.0   0:00.00 pr/tty0
    142 root      20   0       0      0      0 S   0.0   0.0   0:03.01 pr/ttyTCU0
    145 root     -51   0       0      0      0 S   0.0   0.0   0:00.00 irq/114-3160000
    147 root     -51   0       0      0      0 S   0.0   0.0   0:00.00 irq/115-3180000
    149 root     -51   0       0      0      0 S   0.0   0.0   0:00.00 irq/116-31b0000
    150 root     -51   0       0      0      0 S   0.0   0.0   0:00.00 irq/167-c240000
    151 root     -51   0       0      0      0 S   0.0   0.0   0:00.00 irq/168-c250000
    152 root     -51   0       0      0      0 S   0.0   0.0   0:00.00 irq/125-3610000
    153 root     -51   0       0      0      0 S   0.0   0.0   0:00.00 irq/122-3610000
    154 root       0 -20       0      0      0 I   0.0   0.0   0:00.00 sdhci
    155 root     -51   0       0      0      0 S   0.0   0.0   0:00.00 irq/120-mmc0
    156 root     -51   0       0      0      0 S   0.0   0.0   0:00.00 irq/230-3400000
    178 root     -51   0       0      0      0 S   0.0   0.0   0:00.00 irq/191-tegra-p
    179 root       0 -20       0      0      0 I   0.0   0.0   0:00.00 nvme-wq
    180 root       0 -20       0      0      0 I   0.0   0.0   0:00.00 nvme-reset-wq
    181 root       0 -20       0      0      0 I   0.0   0.0   0:00.00 nvme-delete-wq
    190 root     -51   0       0      0      0 S   0.0   0.0   0:00.00 irq/191-aerdrv
    191 root     -51   0       0      0      0 S   0.0   0.0   0:00.00 irq/193-tegra-p
    194 root     -51   0       0      0      0 S   0.0   0.0   0:00.00 irq/193-aerdrv
    195 root     -51   0       0      0      0 S   0.0   0.0   0:00.00 irq/195-tegra-p
    197 root     -51   0       0      0      0 S   0.0   0.0   0:00.00 irq/232-nvme0q0
    198 root     -51   0       0      0      0 S   0.0   0.0   0:00.38 irq/233-nvme0q1
    199 root     -51   0       0      0      0 S   0.0   0.0   0:00.37 irq/234-nvme0q2
    200 root     -51   0       0      0      0 S   0.0   0.0   0:00.43 irq/235-nvme0q3
    201 root     -51   0       0      0      0 S   0.0   0.0   0:00.29 irq/236-nvme0q4
    202 root     -51   0       0      0      0 S   0.0   0.0   0:00.11 irq/237-nvme0q5
    203 root     -51   0       0      0      0 S   0.0   0.0   0:00.11 irq/238-nvme0q6
    210 root       0 -20       0      0      0 I   0.0   0.0   0:00.05 kworker/5:1H-kblockd
    211 root      20   0       0      0      0 S   0.0   0.0   0:00.79 jbd2/nvme0n1p1-
    212 root       0 -20       0      0      0 I   0.0   0.0   0:00.00 ext4-rsv-conver
    221 root       0 -20       0      0      0 I   0.0   0.0   0:00.00 mld
    222 root       0 -20       0      0      0 I   0.0   0.0   0:00.03 kworker/1:1H-kblockd
    223 root       0 -20       0      0      0 I   0.0   0.0   0:00.00 ipv6_addrconf
    253 root       0 -20       0      0      0 I   0.0   0.0   0:00.04 kworker/3:1H-kblockd
    256 root      19  -1   48768  12064  10448 S   0.0   0.2   0:14.68 systemd-journal
    275 root       0 -20       0      0      0 I   0.0   0.0   0:00.04 kworker/2:1H-kblockd
    280 root      39  19       0      0      0 S   0.0   0.0   0:00.48 nvmap-bz
    281 root     -51   0       0      0      0 S   0.0   0.0   0:00.00 irq/188-host1x_
    284 root     -51   0       0      0      0 S   0.0   0.0   0:00.00 irq/197-gk20a_s
    285 root     -51   0       0      0      0 S   0.0   0.0   0:00.00 irq/198-gk20a_s
    286 root     -51   0       0      0      0 S   0.0   0.0   0:00.01 irq/199-gk20a_s
    287 root     -51   0       0      0      0 S   0.0   0.0   0:00.00 irq/200-gk20a_n
    293 root      20   0   11116   3456   3200 S   0.0   0.0   0:00.00 nv-tee-supplica
    300 root      20   0  150380   1344   1232 S   0.0   0.0   0:00.01 tee-supplicant
    302 root       0 -20       0      0      0 I   0.0   0.0   0:00.00 optee_bus_scan
    312 root      20   0   23872   6336   4084 S   0.0   0.1   0:14.31 systemd-udevd
    313 root      20   0   23220   4796   3028 S   0.0   0.1   0:00.08 systemd-udevd
    314 root      20   0   24292   6724   3856 S   0.0   0.1   0:00.17 systemd-udevd
    315 root      20   0   23252   5932   4012 S   0.0   0.1   0:00.37 systemd-udevd
    316 root      20   0   23216   4780   3004 S   0.0   0.1   0:00.21 systemd-udevd
    317 root      20   0   23520   5532   3480 S   0.0   0.1   0:00.14 systemd-udevd
    318 root      20   0   23216   5256   3456 S   0.0   0.1   0:00.39 systemd-udevd
    319 root      20   0   23216   5360   3528 S   0.0   0.1   0:00.28 systemd-udevd
    320 root      20   0   23264   5404   3480 S   0.0   0.1   0:00.13 systemd-udevd
    321 root      20   0   23216   5884   4040 S   0.0   0.1   0:00.29 systemd-udevd
    322 root      20   0   23216   5084   3276 S   0.0   0.1   0:00.13 systemd-udevd
    323 root      20   0   23240   5820   3912 S   0.0   0.1   0:00.12 systemd-udevd
    324 root      20   0   23268   5436   3500 S   0.0   0.1   0:00.15 systemd-udevd
    325 root      20   0   23216   5908   4044 S   0.0   0.1   0:00.62 systemd-udevd
    326 root      20   0   23216   4580   2760 S   0.0   0.1   0:00.11 systemd-udevd
    327 root      20   0   23528   5324   3256 S   0.0   0.1   0:00.11 systemd-udevd
    328 root      20   0   23216   5100   3284 S   0.0   0.1   0:00.13 systemd-udevd
    329 root      20   0   23572   6908   4792 S   0.0   0.1   0:48.37 systemd-udevd
    330 root      20   0   23216   5104   3280 S   0.0   0.1   0:00.11 systemd-udevd
    331 root      20   0   23216   5140   3312 S   0.0   0.1   0:00.27 systemd-udevd
    332 root      20   0   23264   5160   3236 S   0.0   0.1   0:00.18 systemd-udevd
    333 root      20   0   23216   5496   3668 S   0.0   0.1   0:00.11 systemd-udevd
    334 root      20   0   23216   4972   3156 S   0.0   0.1   0:00.27 systemd-udevd
    336 root      20   0   23216   5080   3248 S   0.0   0.1   0:00.26 systemd-udevd
    337 root      20   0   23276   4580   2644 S   0.0   0.1   0:00.11 systemd-udevd
    338 root      20   0   23280   6100   4152 S   0.0   0.1   0:00.24 systemd-udevd
    339 root      20   0   23548   6220   4128 S   0.0   0.1   0:00.35 systemd-udevd
    340 root      20   0   23216   5620   3796 S   0.0   0.1   0:00.21 systemd-udevd
    341 root      20   0   23216   4940   3108 S   0.0   0.1   0:00.17 systemd-udevd
    344 root       0 -20       0      0      0 I   0.0   0.0   0:00.05 kworker/4:1H-kblockd
    388 root     -51   0       0      0      0 S   0.0   0.0   0:00.00 irq/189-tegra-p
    397 root      20   0       0      0      0 S   0.0   0.0   0:00.00 15820000.crypto
    398 root      20   0       0      0      0 S   0.0   0.0   0:00.00 15840000.crypto
    420 root     -51   0       0      0      0 S   0.0   0.0   0:00.00 irq/189-aerdrv
    422 root     -51   0       0      0      0 S   0.0   0.0   0:00.00 irq/219-bc00000
    423 root      -2   0       0      0      0 S   0.0   0.0   0:00.00 capture-control
    424 root      -2   0       0      0      0 S   0.0   0.0   0:00.00 capture
    425 root     -51   0       0      0      0 S   0.0   0.0   0:00.00 irq/214-tegra_d
    426 root     -51   0       0      0      0 S   0.0   0.0   0:00.00 irq/215-tegra_d
    427 root       0 -20       0      0      0 I   0.0   0.0   0:00.00 dce-async-ipc-w
    428 root     -51   0       0      0      0 S   0.0   0.0   0:00.00 irq/240-nvvrs-p
    429 root      20   0       0      0      0 S   0.0   0.0   0:00.00 nv_queue
    430 root      20   0       0      0      0 S   0.0   0.0   0:00.00 nv_queue
    484 root       0 -20       0      0      0 I   0.0   0.0   0:00.00 cfg80211
    485 root     -51   0       0      0      0 S   0.0   0.0   0:00.00 irq/118-3210000
    489 root      20   0       0      0      0 S   0.0   0.0   0:00.00 spi0
    498 root     -51   0       0      0      0 S   0.0   0.0   0:00.00 irq/119-3230000
    503 root      20   0       0      0      0 S   0.0   0.0   0:00.00 spi1
    551 root       0 -20       0      0      0 I   0.0   0.0   0:00.00 btfwwork
    650 root      20   0    8236   6484   1432 S   0.0   0.1   0:00.51 haveged
    653 _rpc      20   0    7932   2260   1912 S   0.0   0.0   0:00.01 rpcbind
    655 systemd+  20   0   26320  13576   8500 S   0.0   0.2   0:00.46 systemd-resolve
    657 systemd+  20   0   88880   6412   5564 S   0.0   0.1   0:00.15 systemd-timesyn
    827 avahi     20   0    8224   3680   3144 S   0.0   0.0   0:00.72 avahi-daemon
    828 root      20   0    9888   4548   4112 S   0.0   0.1   0:00.06 bluetoothd
    829 message+  20   0   10456   5684   3584 S   0.0   0.1   0:21.59 dbus-daemon
    830 root      20   0  338724  21060  14884 S   0.0   0.3   0:21.00 NetworkManager
    840 root      20   0   43504  19808  10212 S   0.0   0.3   0:00.15 networkd-dispat
    851 root      20   0  241620   7020   6316 S   0.0   0.1   0:00.32 power-profiles-
    854 syslog    20   0  222160   7056   3672 S   0.0   0.1   0:02.99 rsyslogd
    860 root      20   0    2240    792    712 S   0.0   0.0   0:00.00 seatd
    866 root      20   0 2145700  49220  25584 S   0.0   0.6   0:21.53 snapd
    871 root      20   0  242128   7456   6576 S   0.0   0.1   0:01.16 accounts-daemon
    872 root      20   0  238124   8280   5636 S   0.0   0.1   0:00.03 switcheroo-cont
    875 root      20   0   49004   7660   6308 S   0.0   0.1   0:01.81 systemd-logind
    876 root      20   0  394252  11960   9468 S   0.0   0.2   0:00.52 udisksd
    878 root      20   0   16636  10300   8304 S   0.0   0.1   0:01.18 wpa_supplicant
    883 avahi     20   0    7812    356      0 S   0.0   0.0   0:00.00 avahi-daemon
    890 root      rt   0       0      0      0 S   0.0   0.0   0:54.48 sugov:0
    893 root      rt   0       0      0      0 S   0.0   0.0   0:23.72 sugov:4
    944 root      30  10   11248   3604   3204 S   0.0   0.0   0:04.62 wifi_mon.sh
    969 root      20   0  237048  10420   6400 S   0.0   0.1   1:31.09 polkitd
   1004 root      20   0    2460   1540   1364 S   0.0   0.0   0:04.26 nvfancontrol
   1045 root      20   0       0      0      0 S   0.0   0.0   0:00.00 sw-quiesce
   1050 root      20   0       0      0      0 S   0.0   0.0   0:11.89 nvgpu_channel_p
   1069 root      20   0       0      0      0 S   0.0   0.0   0:00.00 nvgpu_pg_init_g
   1108 root      20   0       0      0      0 S   0.0   0.0   0:00.00 nvgpu_clk_arb_p
   1129 root      20   0       0      0      0 S   0.0   0.0   0:04.61 RTW_CMD_THREAD
   1158 root      20   0   75936  10084   8260 S   0.0   0.1   0:00.01 nvargus-daemon
   1159 root      20   0   11116   3508   3204 S   0.0   0.0   0:00.04 nvmemwarning.sh
   1173 root      20   0   22192   1776   1580 S   0.0   0.0   0:00.00 nvs-service
   1191 ollama    20   0 2006720  38588  20428 S   0.0   0.5   0:00.61 ollama
   1203 root      20   0    2336   1396   1280 S   0.0   0.0   0:01.61 run-cups-browse
   1206 root      20   0    2336   1376   1248 S   0.0   0.0   0:01.92 run-cupsd
   1219 root      20   0       0      0      0 S   0.0   0.0   0:00.00 pr/ramoops-1
   1221 root      20   0 2093080  74688  33248 S   0.0   1.0   0:50.83 containerd
   1241 root      20   0   10772   2820   2572 S   0.0   0.0   0:00.03 cron
   1276 kernoops  20   0   12812    452      0 S   0.0   0.0   0:00.01 kerneloops
   1277 root      20   0  243100   7964   7012 S   0.0   0.1   0:00.03 gdm3
   1293 root      20   0    9468    732    656 S   0.0   0.0   0:00.00 agetty
   1296 kernoops  20   0   12812    452      0 S   0.0   0.0   0:00.01 kerneloops
   1305 root      20   0    9468    724    648 S   0.0   0.0   0:00.00 agetty
   1322 root      20   0  173408   8800   7628 S   0.0   0.1   0:00.01 gdm-session-wor
   1404 gdm       20   0   18124   9732   7360 S   0.0   0.1   0:00.43 systemd
   1420 root      20   0       0      0      0 S   0.0   0.0   0:00.00 file-storage
   1423 gdm       20   0  172232   4504      0 S   0.0   0.1   0:00.00 (sd-pam)
   1461 root      20   0   15272   8356   6776 S   0.0   0.1   0:00.32 sshd
   1522 root      20   0    3076    988    876 S   0.0   0.0   0:00.00 nvphsd
   1527 root      20   0    3208   1512   1352 S   0.0   0.0   0:00.00 nvphsd
   1570 root      20   0 2426540 117424  57248 S   0.0   1.5   0:51.69 dockerd
   1680 gdm        9 -11   41968   6472   5156 S   0.0   0.1   0:00.04 pipewire
   1681 gdm       20   0   25480   6440   5112 S   0.0   0.1   0:01.14 pipewire-media-
   1682 gdm        9 -11  891844  20764  12600 S   0.0   0.3   0:00.68 pulseaudio
   1685 gdm       20   0  163948   5500   4980 S   0.0   0.1   0:00.00 gdm-x-session
   1691 root      20   0   24.2g  82884  35884 S   0.0   1.1   0:01.17 Xorg
   1696 rtkit     21   1  153504   1600   1388 S   0.0   0.0   0:00.16 rtkit-daemon
   1705 gdm       20   0    8840   3596   3212 S   0.0   0.0   0:00.01 dbus-daemon
   1731 root      20   0       0      0      0 S   0.0   0.0   0:00.00 nvidia-modeset/
   1732 root      20   0       0      0      0 S   0.0   0.0   0:00.00 nvidia-modeset/
   1734 root      20   0       0      0      0 S   0.0   0.0   0:00.00 nvidia
   1738 root      20   0       0      0      0 S   0.0   0.0   0:00.00 nv_queue
   1782 root      20   0       0      0      0 S   0.0   0.0   0:00.00 nvidia-drm-nv-t
   1783 root     -51   0       0      0      0 S   0.0   0.0   0:00.00 card1-crtc0
   1784 root     -51   0       0      0      0 S   0.0   0.0   0:00.00 card1-crtc1
   1951 gdm       20   0    5876   1556   1344 S   0.0   0.0   0:00.00 dbus-run-sessio
   1954 gdm       20   0    9108   4476   3604 S   0.0   0.1   0:00.13 dbus-daemon
   2026 gdm       20   0  663384  17800  12956 S   0.0   0.2   0:00.55 gnome-session-b
   2051 gdm       20   0  310068   8972   6272 S   0.0   0.1   0:00.00 at-spi-bus-laun
   2056 gdm       20   0    8692   3552   3168 S   0.0   0.0   0:00.00 dbus-daemon
   2067 gdm       20   0 3397568 136708  73336 S   0.0   1.8   0:26.62 gnome-shell
   2084 gdm       20   0  237676   7020   4540 S   0.0   0.1   0:00.00 xdg-permission-
   2091 root      20   0  243852   8092   6980 S   0.0   0.1   0:00.26 upowerd
   2097 root      20   0  301608  19340  16412 S   0.0   0.2   0:00.88 packagekitd
   2099 gdm       20   0 2804036  25696  20860 S   0.0   0.3   0:00.08 gjs
   2101 gdm       20   0  163144   7192   6424 S   0.0   0.1   0:00.01 at-spi2-registr
   2128 gdm       20   0  468748   9916   8000 S   0.0   0.1   0:01.41 gsd-sharing
   2130 gdm       20   0  338880  16940  12620 S   0.0   0.2   0:00.06 gsd-wacom
   2139 gdm       20   0  599188  21500  16928 S   0.0   0.3   0:00.15 gsd-color
   2143 gdm       20   0  316840  11252   6240 S   0.0   0.1   0:00.09 ibus-daemon
   2150 gdm       20   0  338600  15024  13276 S   0.0   0.2   0:00.04 gsd-keyboard
   2151 gdm       20   0  252472   9916   8488 S   0.0   0.1   0:00.02 gsd-print-notif
   2152 gdm       20   0  459796   8176   5436 S   0.0   0.1   0:00.35 gsd-rfkill
   2153 gdm       20   0  388312   9428   6480 S   0.0   0.1   0:00.01 gsd-smartcard
   2160 gdm       20   0  380556  14476  12508 S   0.0   0.2   0:00.03 gsd-datetime
   2167 gdm       20   0  864180  22384  17516 S   0.0   0.3   0:00.28 gsd-media-keys
   2169 gdm       20   0  237936   4760   4376 S   0.0   0.1   0:00.00 gsd-screensaver
   2170 gdm       20   0  322096   8352   7324 S   0.0   0.1   0:00.01 gsd-sound
   2175 gdm       20   0  312416   6072   5492 S   0.0   0.1   0:00.01 gsd-a11y-settin
   2177 gdm       20   0  242216   7024   6228 S   0.0   0.1   0:00.01 gvfsd
   2178 gdm       20   0  314000   6928   6164 S   0.0   0.1   0:00.52 gsd-housekeepin
   2179 gdm       20   0  449976  18248  15904 S   0.0   0.2   0:00.29 gsd-power
   2203 gdm       20   0  347052  12600  10748 S   0.0   0.2   0:00.02 gsd-printer
   2234 colord    20   0  247460  12768   9028 S   0.0   0.2   0:00.22 colord
   2247 gdm       20   0  239040   8612   5940 S   0.0   0.1   0:00.00 ibus-dconf
   2258 gdm       20   0  238936   5920   5492 S   0.0   0.1   0:00.00 ibus-portal
   2281 gdm       20   0 2812420  25808  20904 S   0.0   0.3   0:00.09 gjs
   2300 gdm       20   0  165096   6500   5876 S   0.0   0.1   0:00.00 ibus-engine-sim
   2453 root      20   0  137440  11976   9612 S   0.0   0.2   0:00.65 cupsd
   2465 root      20   0  343140  19372  14152 S   0.0   0.2   0:01.30 cups-browsed
   2557 gdm       20   0  156672   4460   4068 S   0.0   0.1   0:00.00 dconf-service
   3864 root      20   0       0      0      0 I   0.0   0.0   0:12.98 kworker/u12:2-events_freezable_power_
   9961 jetson    20   0   18140   9776   7372 S   0.0   0.1   0:00.33 systemd
   9962 jetson    20   0  172508   4632      0 S   0.0   0.1   0:00.00 (sd-pam)
   9970 jetson    20   0   41976   6552   5228 S   0.0   0.1   0:00.04 pipewire
   9971 jetson    20   0   25488   6720   5380 S   0.0   0.1   0:01.23 pipewire-media-
  10023 jetson    20   0    8888   4148   3656 S   0.0   0.1   0:00.01 dbus-daemon
  10532 root      20   0 1233232  12156   6212 S   0.0   0.2   0:34.75 containerd-shim
  10561 jetson    20   0    5508    776    688 S   0.0   0.0   0:00.20 sleep
  10658 root      20   0   21764   5404   3884 S   0.0   0.1   0:13.55 systemd-udevd
  10666 root      20   0   21752   4108   2588 S   0.0   0.1   0:00.23 systemd-udevd
  11619 root      20   0   21748   4060   2540 S   0.0   0.1   0:00.02 systemd-udevd
  11620 root      20   0   21760   4112   2588 S   0.0   0.1   0:00.02 systemd-udevd
  11621 root      20   0   21760   4516   2952 S   0.0   0.1   0:27.60 systemd-udevd
  11634 root      20   0   21760   4016   2496 S   0.0   0.1   0:00.01 systemd-udevd
  11635 root      20   0   21760   4048   2540 S   0.0   0.1   0:00.03 systemd-udevd
  11636 root      20   0   21764   3380   1864 S   0.0   0.0   0:00.01 systemd-udevd
  11648 root      20   0   21764   4008   2468 S   0.0   0.1   0:00.01 systemd-udevd
  11649 root      20   0   21764   3832   2288 S   0.0   0.0   0:00.01 systemd-udevd
  11650 root      20   0   21764   3968   2432 S   0.0   0.1   0:00.00 systemd-udevd
  11653 root      20   0   21764   4496   2944 S   0.0   0.1   0:00.04 systemd-udevd
  11654 root      20   0   21764   4508   2960 S   0.0   0.1   0:00.03 systemd-udevd
 109437 snap_da+  20   0   14484   4632   3932 S   0.0   0.1   0:00.00 dbus
 112737 jetson    20   0  203640  36228  13220 S   0.0   0.5   0:00.70 ros2
 112739 jetson    20   0 2070728  32552  18032 S   0.0   0.4   0:00.36 docker
 112741 jetson    20   0  428380  30784  15880 S   0.0   0.4   0:43.57 robot_state_pub
 112768 root      20   0 1233232  12088   6600 S   0.0   0.2   0:00.91 containerd-shim
 112797 root      20   0   49400  29488  14684 S   0.0   0.4   0:00.36 ros2
 112823 root      20   0 1235152  44316  11476 S   0.0   0.6   9:26.72 micro_ros_agent
 113162 jetson    20   0  920440  65760  26672 S   0.0   0.8   0:44.79 python3
 115031 root      20   0  238832   6988   5696 S   0.0   0.1   0:02.63 iio-sensor-prox
 129749 root      20   0       0      0      0 I   0.0   0.0   0:09.22 kworker/u12:5-events_unbound
 189012 jetson    20   0  572504  38556  13204 S   0.0   0.5   0:01.38 ros2
 189022 jetson    20   0 1082604  55860  26332 S   0.0   0.7   0:56.81 foxglove_bridge
 189320 jetson    20   0  129772  36300  13220 S   0.0   0.5   0:00.72 ros2
 189431 jetson    20   0  796980  41908  13220 S   0.0   0.5   0:01.33 ros2
 189447 jetson    20   0  431308  30712  17020 S   0.0   0.4   5:40.28 waypoint_follow
 189475 jetson    20   0   11248   3072   2752 S   0.0   0.0   0:05.01 bash
 189596 jetson    20   0   53012  29660  15012 S   0.0   0.4   0:00.34 ros2
 206274 root      20   0       0      0      0 I   0.0   0.0   0:10.43 kworker/u12:9-events_freezable_power_
 244731 root      20   0       0      0      0 I   0.0   0.0   0:01.24 kworker/1:2-cgroup_destroy
 286436 root      20   0       0      0      0 I   0.0   0.0   0:08.51 kworker/u12:0-events_unbound
 344667 root      20   0       0      0      0 I   0.0   0.0   0:00.58 kworker/0:3-events
 349442 root      20   0       0      0      0 I   0.0   0.0   0:05.65 kworker/u12:6-events_unbound
 367657 root       0 -20       0      0      0 I   0.0   0.0   0:11.77 kworker/u13:2-uvcvideo
 369170 root      20   0       0      0      0 I   0.0   0.0   0:04.37 kworker/u12:1-events_freezable_power_
 403545 root      20   0       0      0      0 I   0.0   0.0   0:04.03 kworker/u12:8-events_unbound
 441418 root      20   0       0      0      0 I   0.0   0.0   0:02.87 kworker/u12:7-events_unbound
 443709 root      20   0       0      0      0 I   0.0   0.0   0:00.14 kworker/3:2-cgroup_destroy
 445412 root      20   0       0      0      0 I   0.0   0.0   0:00.25 kworker/2:1-events
 448401 root      20   0       0      0      0 I   0.0   0.0   0:00.00 kworker/5:2-events
 467530 root      20   0       0      0      0 I   0.0   0.0   0:01.91 kworker/u12:3-events_unbound
 468909 jetson    20   0   11116   3036   2756 S   0.0   0.0   0:01.61 bash
 469901 root       0 -20       0      0      0 I   0.0   0.0   0:01.75 kworker/u13:3-uvcvideo
 478380 root      20   0       0      0      0 I   0.0   0.0   0:00.28 kworker/1:1-events
 480561 root      20   0       0      0      0 I   0.0   0.0   0:00.00 kworker/4:1-events
 483353 root      20   0       0      0      0 I   0.0   0.0   0:00.00 kworker/2:3-events
 489026 root      20   0       0      0      0 I   0.0   0.0   0:01.19 kworker/u12:10-events_freezable_power_
 496325 root      20   0       0      0      0 I   0.0   0.0   0:00.11 kworker/3:0-events
 499790 root       0 -20       0      0      0 I   0.0   0.0   0:02.36 kworker/u13:4-uvcvideo
 511663 root      20   0       0      0      0 I   0.0   0.0   0:00.00 kworker/0:1-cgroup_destroy
 514145 root      20   0       0      0      0 I   0.0   0.0   0:00.04 kworker/5:1-events
 514952 root      20   0       0      0      0 I   0.0   0.0   0:00.03 kworker/4:0-events
 520043 root       0 -20       0      0      0 I   0.0   0.0   0:01.16 kworker/u13:0-uvcvideo
 528481 root      20   0       0      0      0 I   0.0   0.0   0:00.00 kworker/1:0-events
 528980 root      20   0    9436    780    704 S   0.0   0.0   0:00.00 sleep
 530050 root      20   0       0      0      0 I   0.0   0.0   0:00.00 kworker/3:1-events
 530052 root      20   0       0      0      0 I   0.0   0.0   0:00.00 kworker/2:0-cgroup_destroy
 530228 root      20   0       0      0      0 I   0.0   0.0   0:00.00 kworker/3:3-cgroup_destroy
 530300 root      20   0       0      0      0 I   0.0   0.0   0:00.00 kworker/2:2-events
 532747 root      20   0       0      0      0 I   0.0   0.0   0:00.00 kworker/0:0-events
 533529 jetson    20   0   11248   3304   2868 S   0.0   0.0   0:00.03 bash
 536438 root      30  10   11248   1592   1192 S   0.0   0.0   0:00.00 wifi_mon.sh
 536439 root      30  10   11248   1784   1384 S   0.0   0.0   0:00.00 wifi_mon.sh
 536440 root      30  10    9444    788    712 S   0.0   0.0   0:00.00 timeout
 536442 root      30  10    2768   1084    960 S   0.0   0.0   0:00.00 iw
 536477 jetson    20   0    9436    780    704 S   0.0   0.0   0:00.00 sleep
 536497 jetson    20   0   11248   3288   2852 S   0.0   0.0   0:00.01 bash
 536537 jetson    20   0    9444    784    700 S   0.0   0.0   0:00.00 sleep
 536579 jetson    20   0    2872    884    788 S   0.0   0.0   0:00.00 tegrastats
 536585 jetson    20   0    9444    792    704 S   0.0   0.0   0:00.00 sleep

top - 12:24:00 up  3:27,  0 users,  load average: 8.53, 4.77, 3.64
Tasks: 356 total,   1 running, 355 sleeping,   0 stopped,   0 zombie
%Cpu(s): 25.4 us, 24.6 sy,  0.0 ni, 43.5 id,  0.0 wa,  3.0 hi,  3.5 si,  0.0 st
MiB Mem :   7607.4 total,   2912.0 free,   1984.5 used,   2710.9 buff/cache
MiB Swap:   3803.7 total,   3803.7 free,      0.0 used.   5324.5 avail Mem 

    PID USER      PR  NI    VIRT    RES    SHR S  %CPU  %MEM     TIME+ COMMAND
 189209 jetson    20   0  709056  62660  27264 S  37.1   0.8  42:43.02 python3
 536577 jetson    20   0  762960  49576  25128 S  27.7   0.6   0:00.73 ros2
 189612 jetson    20   0 9355088 429240  86828 S  19.3   5.5  17:31.79 nvblox_node
 189014 jetson    20   0 1750472 105416  51332 S  18.8   1.4  15:38.70 realsense2_came
 189018 jetson    20   0  432956  26444  14244 S  18.8   0.3  18:44.33 rplidar_node
 112823 root      20   0 1235152  44316  11476 S  18.3   0.6   9:27.09 micro_ros_agent
 189473 jetson    20   0  577396  31112  16252 S  14.4   0.4  12:30.56 lifecycle_manag
 189443 jetson    20   0  457160  46392  26204 S  13.9   0.6   9:48.33 bt_navigator
 189211 jetson    20   0  506208  34876  18400 S  13.4   0.4  12:47.79 ekf_node
 189441 jetson    20   0  516476  35260  21032 S  12.4   0.5   8:10.66 behavior_server
 189020 jetson    20   0  707980  60952  27380 S  11.9   0.8   9:16.41 python3
 189435 jetson    20   0  889552  47892  23580 S  11.9   0.6  11:26.20 controller_serv
 189439 jetson    20   0  988928  70564  24600 S  10.9   0.9   9:57.56 planner_server
 189437 jetson    20   0  582640  33852  18848 S   8.9   0.4   6:55.70 smoother_server
 189447 jetson    20   0  431308  30712  17020 S   8.4   0.4   5:40.45 waypoint_follow
 189462 jetson    20   0  428560  29368  15952 S   7.9   0.4   5:36.80 velocity_smooth
 189016 jetson    20   0  709040  65192  27268 S   6.9   0.8   4:02.78 python3
 189433 jetson    20   0  709716  63280  27368 S   6.4   0.8   4:43.47 python3
 189322 jetson    20   0  904164  49204  24052 S   5.4   0.6   3:24.40 async_slam_tool
 112741 jetson    20   0  428380  30784  15880 S   3.5   0.4   0:43.64 robot_state_pub
 113162 jetson    20   0  920440  65760  26672 S   3.5   0.8   0:44.86 python3
 189022 jetson    20   0 1082604  55860  26332 S   3.5   0.7   0:56.88 foxglove_bridge
 469901 root       0 -20       0      0      0 I   1.5   0.0   0:01.78 kworker/u13:3-uvcvideo
    890 root      rt   0       0      0      0 S   1.0   0.0   0:54.50 sugov:0
   1570 root      20   0 2426540 117424  57248 S   1.0   1.5   0:51.71 dockerd
     15 root      20   0       0      0      0 I   0.5   0.0   0:05.57 rcu_preempt
    285 root     -51   0       0      0      0 S   0.5   0.0   0:00.01 irq/198-gk20a_s
    893 root      rt   0       0      0      0 S   0.5   0.0   0:23.73 sugov:4
   1050 root      20   0       0      0      0 S   0.5   0.0   0:11.90 nvgpu_channel_p
   1221 root      20   0 2093080  74688  33248 S   0.5   1.0   0:50.84 containerd
   3864 root      20   0       0      0      0 I   0.5   0.0   0:12.99 kworker/u12:2-events_freezable_power_
  10658 root      20   0   21764   5404   3884 S   0.5   0.1   0:13.56 systemd-udevd
 403545 root      20   0       0      0      0 I   0.5   0.0   0:04.04 kworker/u12:8-devfreq_wq
 468909 jetson    20   0   11116   3036   2756 S   0.5   0.0   0:01.62 bash
 536578 jetson    20   0   14340   3388   2776 R   0.5   0.0   0:00.04 top
 536579 jetson    20   0    2872    884    788 S   0.5   0.0   0:00.01 tegrastats
      1 root      20   0  167880  11776   7444 S   0.0   0.2   0:15.82 systemd
      2 root      20   0       0      0      0 S   0.0   0.0   0:00.02 kthreadd
      3 root       0 -20       0      0      0 I   0.0   0.0   0:00.00 rcu_gp
      4 root       0 -20       0      0      0 I   0.0   0.0   0:00.00 rcu_par_gp
      5 root       0 -20       0      0      0 I   0.0   0.0   0:00.00 slub_flushwq
      6 root       0 -20       0      0      0 I   0.0   0.0   0:00.00 netns
      8 root       0 -20       0      0      0 I   0.0   0.0   0:00.00 kworker/0:0H-events_highpri
     10 root       0 -20       0      0      0 I   0.0   0.0   0:00.00 mm_percpu_wq
     11 root      20   0       0      0      0 S   0.0   0.0   0:00.00 rcu_tasks_kthre
     12 root      20   0       0      0      0 S   0.0   0.0   0:00.00 rcu_tasks_rude_
     13 root      20   0       0      0      0 S   0.0   0.0   0:00.00 rcu_tasks_trace
     14 root      20   0       0      0      0 S   0.0   0.0   0:09.19 ksoftirqd/0
     16 root      rt   0       0      0      0 S   0.0   0.0   0:00.03 migration/0
     17 root      20   0       0      0      0 S   0.0   0.0   0:00.00 cpuhp/0
     18 root      20   0       0      0      0 S   0.0   0.0   0:00.00 cpuhp/1
     19 root      rt   0       0      0      0 S   0.0   0.0   0:00.03 migration/1
     20 root      20   0       0      0      0 S   0.0   0.0   0:01.10 ksoftirqd/1
     22 root       0 -20       0      0      0 I   0.0   0.0   0:00.00 kworker/1:0H-events_highpri
     23 root      20   0       0      0      0 S   0.0   0.0   0:00.00 cpuhp/2
     24 root      rt   0       0      0      0 S   0.0   0.0   0:00.03 migration/2
     25 root      20   0       0      0      0 S   0.0   0.0   0:01.10 ksoftirqd/2
     27 root       0 -20       0      0      0 I   0.0   0.0   0:00.00 kworker/2:0H-events_highpri
     28 root      20   0       0      0      0 S   0.0   0.0   0:00.00 cpuhp/3
     29 root      rt   0       0      0      0 S   0.0   0.0   0:00.02 migration/3
     30 root      20   0       0      0      0 S   0.0   0.0   0:01.07 ksoftirqd/3
     32 root       0 -20       0      0      0 I   0.0   0.0   0:00.00 kworker/3:0H-events_highpri
     33 root      20   0       0      0      0 S   0.0   0.0   0:00.00 cpuhp/4
     34 root      rt   0       0      0      0 S   0.0   0.0   0:00.07 migration/4
     35 root      20   0       0      0      0 S   0.0   0.0   0:00.94 ksoftirqd/4
     37 root       0 -20       0      0      0 I   0.0   0.0   0:00.00 kworker/4:0H-events_highpri
     38 root      20   0       0      0      0 S   0.0   0.0   0:00.00 cpuhp/5
     39 root      rt   0       0      0      0 S   0.0   0.0   0:00.07 migration/5
     40 root      20   0       0      0      0 S   0.0   0.0   0:00.86 ksoftirqd/5
     42 root       0 -20       0      0      0 I   0.0   0.0   0:00.00 kworker/5:0H-kblockd
     43 root      20   0       0      0      0 S   0.0   0.0   0:00.00 kdevtmpfs
     44 root       0 -20       0      0      0 I   0.0   0.0   0:00.00 inet_frag_wq
     51 root      20   0       0      0      0 S   0.0   0.0   0:00.00 kauditd
     52 root      20   0       0      0      0 S   0.0   0.0   0:00.00 oom_reaper
     53 root       0 -20       0      0      0 I   0.0   0.0   0:00.00 writeback
     54 root      20   0       0      0      0 S   0.0   0.0   0:00.10 kcompactd0
     55 root      25   5       0      0      0 S   0.0   0.0   0:00.00 ksmd
     56 root      39  19       0      0      0 S   0.0   0.0   0:00.89 khugepaged
     67 root       0 -20       0      0      0 I   0.0   0.0   0:00.00 cryptd
     86 root       0 -20       0      0      0 I   0.0   0.0   0:00.00 kintegrityd
     87 root       0 -20       0      0      0 I   0.0   0.0   0:00.00 kblockd
     88 root       0 -20       0      0      0 I   0.0   0.0   0:00.00 blkcg_punt_bio
     89 root       0 -20       0      0      0 I   0.0   0.0   0:00.00 tpm_dev_wq
     90 root       0 -20       0      0      0 I   0.0   0.0   0:00.00 ata_sff
     91 root       0 -20       0      0      0 I   0.0   0.0   0:00.00 edac-poller
     92 root       0 -20       0      0      0 I   0.0   0.0   0:00.00 devfreq_wq
     93 root     -51   0       0      0      0 S   0.0   0.0   0:00.00 watchdogd
     96 root       0 -20       0      0      0 I   0.0   0.0   0:00.04 kworker/0:1H-kblockd
     97 root       0 -20       0      0      0 I   0.0   0.0   0:00.00 rpciod
     99 root       0 -20       0      0      0 I   0.0   0.0   0:00.00 xprtiod
    127 root      20   0       0      0      0 S   0.0   0.0   0:00.00 kswapd0
    128 root       0 -20       0      0      0 I   0.0   0.0   0:00.00 nfsiod
    132 root       0 -20       0      0      0 I   0.0   0.0   0:00.00 vfio-irqfd-clea
    133 root       0 -20       0      0      0 I   0.0   0.0   0:00.00 bch_btree_io
    134 root       0 -20       0      0      0 I   0.0   0.0   0:00.00 bcache
    135 root       0 -20       0      0      0 I   0.0   0.0   0:00.00 bch_journal
    136 root       0 -20       0      0      0 I   0.0   0.0   0:00.00 dm_bufio_cache
    140 root      10 -10       0      0      0 S   0.0   0.0   0:00.00 krfcommd
    141 root      20   0       0      0      0 S   0.0   0.0   0:00.00 pr/tty0
    142 root      20   0       0      0      0 S   0.0   0.0   0:03.01 pr/ttyTCU0
    145 root     -51   0       0      0      0 S   0.0   0.0   0:00.00 irq/114-3160000
    147 root     -51   0       0      0      0 S   0.0   0.0   0:00.00 irq/115-3180000
    149 root     -51   0       0      0      0 S   0.0   0.0   0:00.00 irq/116-31b0000
    150 root     -51   0       0      0      0 S   0.0   0.0   0:00.00 irq/167-c240000
    151 root     -51   0       0      0      0 S   0.0   0.0   0:00.00 irq/168-c250000
    152 root     -51   0       0      0      0 S   0.0   0.0   0:00.00 irq/125-3610000
    153 root     -51   0       0      0      0 S   0.0   0.0   0:00.00 irq/122-3610000
    154 root       0 -20       0      0      0 I   0.0   0.0   0:00.00 sdhci
    155 root     -51   0       0      0      0 S   0.0   0.0   0:00.00 irq/120-mmc0
    156 root     -51   0       0      0      0 S   0.0   0.0   0:00.00 irq/230-3400000
    178 root     -51   0       0      0      0 S   0.0   0.0   0:00.00 irq/191-tegra-p
    179 root       0 -20       0      0      0 I   0.0   0.0   0:00.00 nvme-wq
    180 root       0 -20       0      0      0 I   0.0   0.0   0:00.00 nvme-reset-wq
    181 root       0 -20       0      0      0 I   0.0   0.0   0:00.00 nvme-delete-wq
    190 root     -51   0       0      0      0 S   0.0   0.0   0:00.00 irq/191-aerdrv
    191 root     -51   0       0      0      0 S   0.0   0.0   0:00.00 irq/193-tegra-p
    194 root     -51   0       0      0      0 S   0.0   0.0   0:00.00 irq/193-aerdrv
    195 root     -51   0       0      0      0 S   0.0   0.0   0:00.00 irq/195-tegra-p
    197 root     -51   0       0      0      0 S   0.0   0.0   0:00.00 irq/232-nvme0q0
    198 root     -51   0       0      0      0 S   0.0   0.0   0:00.38 irq/233-nvme0q1
    199 root     -51   0       0      0      0 S   0.0   0.0   0:00.37 irq/234-nvme0q2
    200 root     -51   0       0      0      0 S   0.0   0.0   0:00.43 irq/235-nvme0q3
    201 root     -51   0       0      0      0 S   0.0   0.0   0:00.29 irq/236-nvme0q4
    202 root     -51   0       0      0      0 S   0.0   0.0   0:00.11 irq/237-nvme0q5
    203 root     -51   0       0      0      0 S   0.0   0.0   0:00.11 irq/238-nvme0q6
    210 root       0 -20       0      0      0 I   0.0   0.0   0:00.05 kworker/5:1H-kblockd
    211 root      20   0       0      0      0 S   0.0   0.0   0:00.79 jbd2/nvme0n1p1-
    212 root       0 -20       0      0      0 I   0.0   0.0   0:00.00 ext4-rsv-conver
    221 root       0 -20       0      0      0 I   0.0   0.0   0:00.00 mld
    222 root       0 -20       0      0      0 I   0.0   0.0   0:00.03 kworker/1:1H-kblockd
    223 root       0 -20       0      0      0 I   0.0   0.0   0:00.00 ipv6_addrconf
    253 root       0 -20       0      0      0 I   0.0   0.0   0:00.04 kworker/3:1H-kblockd
    256 root      19  -1   48768  12064  10448 S   0.0   0.2   0:14.68 systemd-journal
    275 root       0 -20       0      0      0 I   0.0   0.0   0:00.04 kworker/2:1H-kblockd
    280 root      39  19       0      0      0 S   0.0   0.0   0:00.48 nvmap-bz
    281 root     -51   0       0      0      0 S   0.0   0.0   0:00.00 irq/188-host1x_
    284 root     -51   0       0      0      0 S   0.0   0.0   0:00.00 irq/197-gk20a_s
    286 root     -51   0       0      0      0 S   0.0   0.0   0:00.01 irq/199-gk20a_s
    287 root     -51   0       0      0      0 S   0.0   0.0   0:00.00 irq/200-gk20a_n
    293 root      20   0   11116   3456   3200 S   0.0   0.0   0:00.00 nv-tee-supplica
    300 root      20   0  150380   1344   1232 S   0.0   0.0   0:00.01 tee-supplicant
    302 root       0 -20       0      0      0 I   0.0   0.0   0:00.00 optee_bus_scan
    312 root      20   0   23872   6336   4084 S   0.0   0.1   0:14.31 systemd-udevd
    313 root      20   0   23220   4796   3028 S   0.0   0.1   0:00.08 systemd-udevd
    314 root      20   0   24292   6724   3856 S   0.0   0.1   0:00.17 systemd-udevd
    315 root      20   0   23252   5932   4012 S   0.0   0.1   0:00.37 systemd-udevd
    316 root      20   0   23216   4780   3004 S   0.0   0.1   0:00.21 systemd-udevd
    317 root      20   0   23520   5532   3480 S   0.0   0.1   0:00.14 systemd-udevd
    318 root      20   0   23216   5256   3456 S   0.0   0.1   0:00.39 systemd-udevd
    319 root      20   0   23216   5360   3528 S   0.0   0.1   0:00.28 systemd-udevd
    320 root      20   0   23264   5404   3480 S   0.0   0.1   0:00.13 systemd-udevd
    321 root      20   0   23216   5884   4040 S   0.0   0.1   0:00.29 systemd-udevd
    322 root      20   0   23216   5084   3276 S   0.0   0.1   0:00.13 systemd-udevd
    323 root      20   0   23240   5820   3912 S   0.0   0.1   0:00.12 systemd-udevd
    324 root      20   0   23268   5436   3500 S   0.0   0.1   0:00.15 systemd-udevd
    325 root      20   0   23216   5908   4044 S   0.0   0.1   0:00.62 systemd-udevd
    326 root      20   0   23216   4580   2760 S   0.0   0.1   0:00.11 systemd-udevd
    327 root      20   0   23528   5324   3256 S   0.0   0.1   0:00.11 systemd-udevd
    328 root      20   0   23216   5100   3284 S   0.0   0.1   0:00.13 systemd-udevd
    329 root      20   0   23572   6908   4792 S   0.0   0.1   0:48.37 systemd-udevd
    330 root      20   0   23216   5104   3280 S   0.0   0.1   0:00.11 systemd-udevd
    331 root      20   0   23216   5140   3312 S   0.0   0.1   0:00.27 systemd-udevd
    332 root      20   0   23264   5160   3236 S   0.0   0.1   0:00.18 systemd-udevd
    333 root      20   0   23216   5496   3668 S   0.0   0.1   0:00.11 systemd-udevd
    334 root      20   0   23216   4972   3156 S   0.0   0.1   0:00.27 systemd-udevd
    336 root      20   0   23216   5080   3248 S   0.0   0.1   0:00.26 systemd-udevd
    337 root      20   0   23276   4580   2644 S   0.0   0.1   0:00.11 systemd-udevd
    338 root      20   0   23280   6100   4152 S   0.0   0.1   0:00.24 systemd-udevd
    339 root      20   0   23548   6220   4128 S   0.0   0.1   0:00.35 systemd-udevd
    340 root      20   0   23216   5620   3796 S   0.0   0.1   0:00.21 systemd-udevd
    341 root      20   0   23216   4940   3108 S   0.0   0.1   0:00.17 systemd-udevd
    344 root       0 -20       0      0      0 I   0.0   0.0   0:00.05 kworker/4:1H-kblockd
    388 root     -51   0       0      0      0 S   0.0   0.0   0:00.00 irq/189-tegra-p
    397 root      20   0       0      0      0 S   0.0   0.0   0:00.00 15820000.crypto
    398 root      20   0       0      0      0 S   0.0   0.0   0:00.00 15840000.crypto
    420 root     -51   0       0      0      0 S   0.0   0.0   0:00.00 irq/189-aerdrv
    422 root     -51   0       0      0      0 S   0.0   0.0   0:00.00 irq/219-bc00000
    423 root      -2   0       0      0      0 S   0.0   0.0   0:00.00 capture-control
    424 root      -2   0       0      0      0 S   0.0   0.0   0:00.00 capture
    425 root     -51   0       0      0      0 S   0.0   0.0   0:00.00 irq/214-tegra_d
    426 root     -51   0       0      0      0 S   0.0   0.0   0:00.00 irq/215-tegra_d
    427 root       0 -20       0      0      0 I   0.0   0.0   0:00.00 dce-async-ipc-w
    428 root     -51   0       0      0      0 S   0.0   0.0   0:00.00 irq/240-nvvrs-p
    429 root      20   0       0      0      0 S   0.0   0.0   0:00.00 nv_queue
    430 root      20   0       0      0      0 S   0.0   0.0   0:00.00 nv_queue
    484 root       0 -20       0      0      0 I   0.0   0.0   0:00.00 cfg80211
    485 root     -51   0       0      0      0 S   0.0   0.0   0:00.00 irq/118-3210000
    489 root      20   0       0      0      0 S   0.0   0.0   0:00.00 spi0
    498 root     -51   0       0      0      0 S   0.0   0.0   0:00.00 irq/119-3230000
    503 root      20   0       0      0      0 S   0.0   0.0   0:00.00 spi1
    551 root       0 -20       0      0      0 I   0.0   0.0   0:00.00 btfwwork
    650 root      20   0    8236   6484   1432 S   0.0   0.1   0:00.51 haveged
    653 _rpc      20   0    7932   2260   1912 S   0.0   0.0   0:00.01 rpcbind
    655 systemd+  20   0   26320  13576   8500 S   0.0   0.2   0:00.46 systemd-resolve
    657 systemd+  20   0   88880   6412   5564 S   0.0   0.1   0:00.15 systemd-timesyn
    827 avahi     20   0    8224   3680   3144 S   0.0   0.0   0:00.72 avahi-daemon
    828 root      20   0    9888   4548   4112 S   0.0   0.1   0:00.06 bluetoothd
    829 message+  20   0   10456   5684   3584 S   0.0   0.1   0:21.59 dbus-daemon
    830 root      20   0  338724  21060  14884 S   0.0   0.3   0:21.00 NetworkManager
    840 root      20   0   43504  19808  10212 S   0.0   0.3   0:00.15 networkd-dispat
    851 root      20   0  241620   7020   6316 S   0.0   0.1   0:00.32 power-profiles-
    854 syslog    20   0  222160   7056   3672 S   0.0   0.1   0:02.99 rsyslogd
    860 root      20   0    2240    792    712 S   0.0   0.0   0:00.00 seatd
    866 root      20   0 2145700  49220  25584 S   0.0   0.6   0:21.53 snapd
    871 root      20   0  242128   7456   6576 S   0.0   0.1   0:01.16 accounts-daemon
    872 root      20   0  238124   8280   5636 S   0.0   0.1   0:00.03 switcheroo-cont
    875 root      20   0   49004   7660   6308 S   0.0   0.1   0:01.81 systemd-logind
    876 root      20   0  394252  11960   9468 S   0.0   0.2   0:00.52 udisksd
    878 root      20   0   16636  10300   8304 S   0.0   0.1   0:01.18 wpa_supplicant
    883 avahi     20   0    7812    356      0 S   0.0   0.0   0:00.00 avahi-daemon
    944 root      30  10   11248   3604   3204 S   0.0   0.0   0:04.62 wifi_mon.sh
    969 root      20   0  237048  10420   6400 S   0.0   0.1   1:31.09 polkitd
   1004 root      20   0    2460   1540   1364 S   0.0   0.0   0:04.26 nvfancontrol
   1045 root      20   0       0      0      0 S   0.0   0.0   0:00.00 sw-quiesce
   1069 root      20   0       0      0      0 S   0.0   0.0   0:00.00 nvgpu_pg_init_g
   1108 root      20   0       0      0      0 S   0.0   0.0   0:00.00 nvgpu_clk_arb_p
   1129 root      20   0       0      0      0 S   0.0   0.0   0:04.61 RTW_CMD_THREAD
   1158 root      20   0   75936  10084   8260 S   0.0   0.1   0:00.01 nvargus-daemon
   1159 root      20   0   11116   3508   3204 S   0.0   0.0   0:00.04 nvmemwarning.sh
   1173 root      20   0   22192   1776   1580 S   0.0   0.0   0:00.00 nvs-service
   1191 ollama    20   0 2006720  38588  20428 S   0.0   0.5   0:00.61 ollama
   1203 root      20   0    2336   1396   1280 S   0.0   0.0   0:01.61 run-cups-browse
   1206 root      20   0    2336   1376   1248 S   0.0   0.0   0:01.92 run-cupsd
   1219 root      20   0       0      0      0 S   0.0   0.0   0:00.00 pr/ramoops-1
   1241 root      20   0   10772   2820   2572 S   0.0   0.0   0:00.03 cron
   1276 kernoops  20   0   12812    452      0 S   0.0   0.0   0:00.01 kerneloops
   1277 root      20   0  243100   7964   7012 S   0.0   0.1   0:00.03 gdm3
   1293 root      20   0    9468    732    656 S   0.0   0.0   0:00.00 agetty
   1296 kernoops  20   0   12812    452      0 S   0.0   0.0   0:00.01 kerneloops
   1305 root      20   0    9468    724    648 S   0.0   0.0   0:00.00 agetty
   1322 root      20   0  173408   8800   7628 S   0.0   0.1   0:00.01 gdm-session-wor
   1404 gdm       20   0   18124   9732   7360 S   0.0   0.1   0:00.43 systemd
   1420 root      20   0       0      0      0 S   0.0   0.0   0:00.00 file-storage
   1423 gdm       20   0  172232   4504      0 S   0.0   0.1   0:00.00 (sd-pam)
   1461 root      20   0   15272   8356   6776 S   0.0   0.1   0:00.32 sshd
   1522 root      20   0    3076    988    876 S   0.0   0.0   0:00.00 nvphsd
   1527 root      20   0    3208   1512   1352 S   0.0   0.0   0:00.00 nvphsd
   1680 gdm        9 -11   41968   6472   5156 S   0.0   0.1   0:00.04 pipewire
   1681 gdm       20   0   25480   6440   5112 S   0.0   0.1   0:01.14 pipewire-media-
   1682 gdm        9 -11  891844  20764  12600 S   0.0   0.3   0:00.68 pulseaudio
   1685 gdm       20   0  163948   5500   4980 S   0.0   0.1   0:00.00 gdm-x-session
   1691 root      20   0   24.2g  82884  35884 S   0.0   1.1   0:01.17 Xorg
   1696 rtkit     21   1  153504   1600   1388 S   0.0   0.0   0:00.16 rtkit-daemon
   1705 gdm       20   0    8840   3596   3212 S   0.0   0.0   0:00.01 dbus-daemon
   1731 root      20   0       0      0      0 S   0.0   0.0   0:00.00 nvidia-modeset/
   1732 root      20   0       0      0      0 S   0.0   0.0   0:00.00 nvidia-modeset/
   1734 root      20   0       0      0      0 S   0.0   0.0   0:00.00 nvidia
   1738 root      20   0       0      0      0 S   0.0   0.0   0:00.00 nv_queue
   1782 root      20   0       0      0      0 S   0.0   0.0   0:00.00 nvidia-drm-nv-t
   1783 root     -51   0       0      0      0 S   0.0   0.0   0:00.00 card1-crtc0
   1784 root     -51   0       0      0      0 S   0.0   0.0   0:00.00 card1-crtc1
   1951 gdm       20   0    5876   1556   1344 S   0.0   0.0   0:00.00 dbus-run-sessio
   1954 gdm       20   0    9108   4476   3604 S   0.0   0.1   0:00.13 dbus-daemon
   2026 gdm       20   0  663384  17800  12956 S   0.0   0.2   0:00.55 gnome-session-b
   2051 gdm       20   0  310068   8972   6272 S   0.0   0.1   0:00.00 at-spi-bus-laun
   2056 gdm       20   0    8692   3552   3168 S   0.0   0.0   0:00.00 dbus-daemon
   2067 gdm       20   0 3397568 136708  73336 S   0.0   1.8   0:26.62 gnome-shell
   2084 gdm       20   0  237676   7020   4540 S   0.0   0.1   0:00.00 xdg-permission-
   2091 root      20   0  243852   8092   6980 S   0.0   0.1   0:00.26 upowerd
   2097 root      20   0  301608  19340  16412 S   0.0   0.2   0:00.88 packagekitd
   2099 gdm       20   0 2804036  25696  20860 S   0.0   0.3   0:00.08 gjs
   2101 gdm       20   0  163144   7192   6424 S   0.0   0.1   0:00.01 at-spi2-registr
   2128 gdm       20   0  468748   9916   8000 S   0.0   0.1   0:01.41 gsd-sharing
   2130 gdm       20   0  338880  16940  12620 S   0.0   0.2   0:00.06 gsd-wacom
   2139 gdm       20   0  599188  21500  16928 S   0.0   0.3   0:00.15 gsd-color
   2143 gdm       20   0  316840  11252   6240 S   0.0   0.1   0:00.09 ibus-daemon
   2150 gdm       20   0  338600  15024  13276 S   0.0   0.2   0:00.04 gsd-keyboard
   2151 gdm       20   0  252472   9916   8488 S   0.0   0.1   0:00.02 gsd-print-notif
   2152 gdm       20   0  459796   8176   5436 S   0.0   0.1   0:00.35 gsd-rfkill
   2153 gdm       20   0  388312   9428   6480 S   0.0   0.1   0:00.01 gsd-smartcard
   2160 gdm       20   0  380556  14476  12508 S   0.0   0.2   0:00.03 gsd-datetime
   2167 gdm       20   0  864180  22384  17516 S   0.0   0.3   0:00.28 gsd-media-keys
   2169 gdm       20   0  237936   4760   4376 S   0.0   0.1   0:00.00 gsd-screensaver
   2170 gdm       20   0  322096   8352   7324 S   0.0   0.1   0:00.01 gsd-sound
   2175 gdm       20   0  312416   6072   5492 S   0.0   0.1   0:00.01 gsd-a11y-settin
   2177 gdm       20   0  242216   7024   6228 S   0.0   0.1   0:00.01 gvfsd
   2178 gdm       20   0  314000   6928   6164 S   0.0   0.1   0:00.52 gsd-housekeepin
   2179 gdm       20   0  449976  18248  15904 S   0.0   0.2   0:00.29 gsd-power
   2203 gdm       20   0  347052  12600  10748 S   0.0   0.2   0:00.02 gsd-printer
   2234 colord    20   0  247460  12768   9028 S   0.0   0.2   0:00.22 colord
   2247 gdm       20   0  239040   8612   5940 S   0.0   0.1   0:00.00 ibus-dconf
   2258 gdm       20   0  238936   5920   5492 S   0.0   0.1   0:00.00 ibus-portal
   2281 gdm       20   0 2812420  25808  20904 S   0.0   0.3   0:00.09 gjs
   2300 gdm       20   0  165096   6500   5876 S   0.0   0.1   0:00.00 ibus-engine-sim
   2453 root      20   0  137440  11976   9612 S   0.0   0.2   0:00.65 cupsd
   2465 root      20   0  343140  19372  14152 S   0.0   0.2   0:01.30 cups-browsed
   2557 gdm       20   0  156672   4460   4068 S   0.0   0.1   0:00.00 dconf-service
   9961 jetson    20   0   18140   9776   7372 S   0.0   0.1   0:00.33 systemd
   9962 jetson    20   0  172508   4632      0 S   0.0   0.1   0:00.00 (sd-pam)
   9970 jetson    20   0   41976   6552   5228 S   0.0   0.1   0:00.04 pipewire
   9971 jetson    20   0   25488   6720   5380 S   0.0   0.1   0:01.23 pipewire-media-
  10023 jetson    20   0    8888   4148   3656 S   0.0   0.1   0:00.01 dbus-daemon
  10532 root      20   0 1233232  12156   6212 S   0.0   0.2   0:34.75 containerd-shim
  10561 jetson    20   0    5508    776    688 S   0.0   0.0   0:00.20 sleep
  10666 root      20   0   21752   4108   2588 S   0.0   0.1   0:00.23 systemd-udevd
  11619 root      20   0   21748   4060   2540 S   0.0   0.1   0:00.02 systemd-udevd
  11620 root      20   0   21760   4112   2588 S   0.0   0.1   0:00.02 systemd-udevd
  11621 root      20   0   21760   4516   2952 S   0.0   0.1   0:27.60 systemd-udevd
  11634 root      20   0   21760   4016   2496 S   0.0   0.1   0:00.01 systemd-udevd
  11635 root      20   0   21760   4048   2540 S   0.0   0.1   0:00.03 systemd-udevd
  11636 root      20   0   21764   3380   1864 S   0.0   0.0   0:00.01 systemd-udevd
  11648 root      20   0   21764   4008   2468 S   0.0   0.1   0:00.01 systemd-udevd
  11649 root      20   0   21764   3832   2288 S   0.0   0.0   0:00.01 systemd-udevd
  11650 root      20   0   21764   3968   2432 S   0.0   0.1   0:00.00 systemd-udevd
  11653 root      20   0   21764   4496   2944 S   0.0   0.1   0:00.04 systemd-udevd
  11654 root      20   0   21764   4508   2960 S   0.0   0.1   0:00.03 systemd-udevd
 109437 snap_da+  20   0   14484   4632   3932 S   0.0   0.1   0:00.00 dbus
 112737 jetson    20   0  203640  36228  13220 S   0.0   0.5   0:00.70 ros2
 112739 jetson    20   0 2070728  32552  18032 S   0.0   0.4   0:00.36 docker
 112768 root      20   0 1233232  12088   6600 S   0.0   0.2   0:00.91 containerd-shim
 112797 root      20   0   49400  29488  14684 S   0.0   0.4   0:00.36 ros2
 115031 root      20   0  238832   6988   5696 S   0.0   0.1   0:02.63 iio-sensor-prox
 129749 root      20   0       0      0      0 I   0.0   0.0   0:09.22 kworker/u12:5-events_unbound
 189012 jetson    20   0  572504  38556  13204 S   0.0   0.5   0:01.38 ros2
 189320 jetson    20   0  129772  36300  13220 S   0.0   0.5   0:00.72 ros2
 189431 jetson    20   0  796980  41908  13220 S   0.0   0.5   0:01.33 ros2
 189475 jetson    20   0   11248   3072   2752 S   0.0   0.0   0:05.01 bash
 189596 jetson    20   0   53012  29660  15012 S   0.0   0.4   0:00.34 ros2
 206274 root      20   0       0      0      0 I   0.0   0.0   0:10.43 kworker/u12:9-events_freezable_power_
 244731 root      20   0       0      0      0 I   0.0   0.0   0:01.24 kworker/1:2-cgroup_destroy
 286436 root      20   0       0      0      0 I   0.0   0.0   0:08.51 kworker/u12:0-events_freezable_power_
 344667 root      20   0       0      0      0 I   0.0   0.0   0:00.58 kworker/0:3-events
 349442 root      20   0       0      0      0 I   0.0   0.0   0:05.65 kworker/u12:6-events_freezable_power_
 367657 root       0 -20       0      0      0 I   0.0   0.0   0:11.77 kworker/u13:2-uvcvideo
 369170 root      20   0       0      0      0 I   0.0   0.0   0:04.37 kworker/u12:1-events_freezable_power_
 441418 root      20   0       0      0      0 I   0.0   0.0   0:02.87 kworker/u12:7-events_freezable_power_
 443709 root      20   0       0      0      0 I   0.0   0.0   0:00.14 kworker/3:2-cgroup_destroy
 445412 root      20   0       0      0      0 I   0.0   0.0   0:00.25 kworker/2:1-events
 448401 root      20   0       0      0      0 I   0.0   0.0   0:00.00 kworker/5:2-events
 467530 root      20   0       0      0      0 I   0.0   0.0   0:01.91 kworker/u12:3-events_unbound
 478380 root      20   0       0      0      0 I   0.0   0.0   0:00.28 kworker/1:1-events
 480561 root      20   0       0      0      0 I   0.0   0.0   0:00.00 kworker/4:1-events
 483353 root      20   0       0      0      0 I   0.0   0.0   0:00.00 kworker/2:3-events
 489026 root      20   0       0      0      0 I   0.0   0.0   0:01.19 kworker/u12:10-events_unbound
 496325 root      20   0       0      0      0 I   0.0   0.0   0:00.11 kworker/3:0-events
 499790 root       0 -20       0      0      0 I   0.0   0.0   0:02.36 kworker/u13:4-uvcvideo
 511663 root      20   0       0      0      0 I   0.0   0.0   0:00.00 kworker/0:1-cgroup_destroy
 514145 root      20   0       0      0      0 I   0.0   0.0   0:00.04 kworker/5:1-events
 514952 root      20   0       0      0      0 I   0.0   0.0   0:00.03 kworker/4:0-events
 520043 root       0 -20       0      0      0 I   0.0   0.0   0:01.16 kworker/u13:0-uvcvideo
 528481 root      20   0       0      0      0 I   0.0   0.0   0:00.00 kworker/1:0-events
 528980 root      20   0    9436    780    704 S   0.0   0.0   0:00.00 sleep
 530050 root      20   0       0      0      0 I   0.0   0.0   0:00.00 kworker/3:1-events
 530052 root      20   0       0      0      0 I   0.0   0.0   0:00.00 kworker/2:0-cgroup_destroy
 530228 root      20   0       0      0      0 I   0.0   0.0   0:00.00 kworker/3:3-cgroup_destroy
 530300 root      20   0       0      0      0 I   0.0   0.0   0:00.00 kworker/2:2-events
 532747 root      20   0       0      0      0 I   0.0   0.0   0:00.00 kworker/0:0-events
 533529 jetson    20   0   11248   3304   2868 S   0.0   0.0   0:00.03 bash
 536438 root      30  10   11248   1592   1192 S   0.0   0.0   0:00.00 wifi_mon.sh
 536439 root      30  10   11248   1784   1384 S   0.0   0.0   0:00.00 wifi_mon.sh
 536440 root      30  10    9444    788    712 S   0.0   0.0   0:00.00 timeout
 536442 root      30  10    2768   1084    960 S   0.0   0.0   0:00.00 iw
 536497 jetson    20   0   11248   3288   2852 S   0.0   0.0   0:00.01 bash
 536585 jetson    20   0    9444    792    704 S   0.0   0.0   0:00.00 sleep
 536648 jetson    20   0    9436    784    704 S   0.0   0.0   0:00.00 sleep
 536695 jetson    20   0    9444    788    704 S   0.0   0.0   0:00.00 sleep

top - 12:24:02 up  3:27,  0 users,  load average: 8.25, 4.77, 3.64
Tasks: 357 total,   3 running, 354 sleeping,   0 stopped,   0 zombie
%Cpu(s): 41.1 us, 30.9 sy,  0.0 ni, 19.1 id,  0.0 wa,  3.5 hi,  5.5 si,  0.0 st
MiB Mem :   7607.4 total,   2887.7 free,   2006.7 used,   2712.9 buff/cache
MiB Swap:   3803.7 total,   3803.7 free,      0.0 used.   5302.1 avail Mem 

    PID USER      PR  NI    VIRT    RES    SHR S  %CPU  %MEM     TIME+ COMMAND
 112823 root      20   0 1235152  44316  11476 S  79.7   0.6   9:28.70 micro_ros_agent
 189209 jetson    20   0  709056  62924  27264 R  34.7   0.8  42:43.72 python3
 536577 jetson    20   0  763888  54916  25424 S  27.2   0.7   0:01.28 ros2
 189612 jetson    20   0 9355088 429240  86828 S  26.2   5.5  17:32.32 nvblox_node
 189022 jetson    20   0 1082604  56124  26332 S  21.3   0.7   0:57.31 foxglove_bridge
 189211 jetson    20   0  506208  34876  18400 S  19.3   0.4  12:48.18 ekf_node
 189435 jetson    20   0  889552  47892  23580 S  18.3   0.6  11:26.57 controller_serv
 189014 jetson    20   0 1750472 105416  51332 S  17.8   1.4  15:39.06 realsense2_came
 189018 jetson    20   0  432956  26444  14244 S  16.8   0.3  18:44.67 rplidar_node
 189439 jetson    20   0  988928  70564  24600 S  16.3   0.9   9:57.89 planner_server
 189473 jetson    20   0  577396  31376  16252 S  15.8   0.4  12:30.88 lifecycle_manag
 189443 jetson    20   0  457160  46392  26204 S  14.4   0.6   9:48.62 bt_navigator
 189020 jetson    20   0  707980  60952  27380 S  13.4   0.8   9:16.68 python3
 189441 jetson    20   0  516476  35524  21032 S  13.4   0.5   8:10.93 behavior_server
 189437 jetson    20   0  582640  33852  18848 S  12.9   0.4   6:55.96 smoother_server
 189322 jetson    20   0  904164  49468  24052 S  11.4   0.6   3:24.63 async_slam_tool
 189433 jetson    20   0  709716  63544  27368 S  10.9   0.8   4:43.69 python3
 189447 jetson    20   0  431308  30976  17020 S  10.4   0.4   5:40.66 waypoint_follow
 189462 jetson    20   0  428560  29368  15952 S   9.9   0.4   5:37.00 velocity_smooth
 189016 jetson    20   0  709040  65192  27268 S   8.9   0.8   4:02.96 python3
 112741 jetson    20   0  428380  30784  15880 S   6.4   0.4   0:43.77 robot_state_pub
 113162 jetson    20   0  920440  65760  26672 S   5.9   0.8   0:44.98 python3
 536848 jetson    20   0   25304  13384   5364 R   5.0   0.2   0:00.10 python3
 536578 jetson    20   0   14340   3388   2776 R   1.5   0.0   0:00.07 top
  10532 root      20   0 1233232  12308   6212 S   1.0   0.2   0:34.77 containerd-shim
 469901 root       0 -20       0      0      0 I   1.0   0.0   0:01.80 kworker/u13:3-uvcvideo
     14 root      20   0       0      0      0 S   0.5   0.0   0:09.20 ksoftirqd/0
    256 root      19  -1   48768  12064  10448 S   0.5   0.2   0:14.69 systemd-journal
    329 root      20   0   23572   6908   4792 S   0.5   0.1   0:48.38 systemd-udevd
    893 root      rt   0       0      0      0 S   0.5   0.0   0:23.74 sugov:4
   1221 root      20   0 2093080  74688  33248 S   0.5   1.0   0:50.85 containerd
  11621 root      20   0   21760   4516   2952 S   0.5   0.1   0:27.61 systemd-udevd
 441418 root      20   0       0      0      0 I   0.5   0.0   0:02.88 kworker/u12:7-events_unbound
      1 root      20   0  167880  11776   7444 S   0.0   0.2   0:15.82 systemd
      2 root      20   0       0      0      0 S   0.0   0.0   0:00.02 kthreadd
      3 root       0 -20       0      0      0 I   0.0   0.0   0:00.00 rcu_gp
      4 root       0 -20       0      0      0 I   0.0   0.0   0:00.00 rcu_par_gp
      5 root       0 -20       0      0      0 I   0.0   0.0   0:00.00 slub_flushwq
      6 root       0 -20       0      0      0 I   0.0   0.0   0:00.00 netns
      8 root       0 -20       0      0      0 I   0.0   0.0   0:00.00 kworker/0:0H-events_highpri
     10 root       0 -20       0      0      0 I   0.0   0.0   0:00.00 mm_percpu_wq
     11 root      20   0       0      0      0 S   0.0   0.0   0:00.00 rcu_tasks_kthre
     12 root      20   0       0      0      0 S   0.0   0.0   0:00.00 rcu_tasks_rude_
     13 root      20   0       0      0      0 S   0.0   0.0   0:00.00 rcu_tasks_trace
     15 root      20   0       0      0      0 I   0.0   0.0   0:05.57 rcu_preempt
     16 root      rt   0       0      0      0 S   0.0   0.0   0:00.03 migration/0
     17 root      20   0       0      0      0 S   0.0   0.0   0:00.00 cpuhp/0
     18 root      20   0       0      0      0 S   0.0   0.0   0:00.00 cpuhp/1
     19 root      rt   0       0      0      0 S   0.0   0.0   0:00.03 migration/1
     20 root      20   0       0      0      0 S   0.0   0.0   0:01.10 ksoftirqd/1
     22 root       0 -20       0      0      0 I   0.0   0.0   0:00.00 kworker/1:0H-events_highpri
     23 root      20   0       0      0      0 S   0.0   0.0   0:00.00 cpuhp/2
     24 root      rt   0       0      0      0 S   0.0   0.0   0:00.03 migration/2
     25 root      20   0       0      0      0 S   0.0   0.0   0:01.10 ksoftirqd/2
     27 root       0 -20       0      0      0 I   0.0   0.0   0:00.00 kworker/2:0H-events_highpri
     28 root      20   0       0      0      0 S   0.0   0.0   0:00.00 cpuhp/3
     29 root      rt   0       0      0      0 S   0.0   0.0   0:00.02 migration/3
     30 root      20   0       0      0      0 S   0.0   0.0   0:01.07 ksoftirqd/3
     32 root       0 -20       0      0      0 I   0.0   0.0   0:00.00 kworker/3:0H-events_highpri
     33 root      20   0       0      0      0 S   0.0   0.0   0:00.00 cpuhp/4
     34 root      rt   0       0      0      0 S   0.0   0.0   0:00.07 migration/4
     35 root      20   0       0      0      0 S   0.0   0.0   0:00.94 ksoftirqd/4
     37 root       0 -20       0      0      0 I   0.0   0.0   0:00.00 kworker/4:0H-events_highpri
     38 root      20   0       0      0      0 S   0.0   0.0   0:00.00 cpuhp/5
     39 root      rt   0       0      0      0 S   0.0   0.0   0:00.07 migration/5
     40 root      20   0       0      0      0 S   0.0   0.0   0:00.86 ksoftirqd/5
     42 root       0 -20       0      0      0 I   0.0   0.0   0:00.00 kworker/5:0H-kblockd
     43 root      20   0       0      0      0 S   0.0   0.0   0:00.00 kdevtmpfs
     44 root       0 -20       0      0      0 I   0.0   0.0   0:00.00 inet_frag_wq
     51 root      20   0       0      0      0 S   0.0   0.0   0:00.00 kauditd
     52 root      20   0       0      0      0 S   0.0   0.0   0:00.00 oom_reaper
     53 root       0 -20       0      0      0 I   0.0   0.0   0:00.00 writeback
     54 root      20   0       0      0      0 S   0.0   0.0   0:00.10 kcompactd0
     55 root      25   5       0      0      0 S   0.0   0.0   0:00.00 ksmd
     56 root      39  19       0      0      0 S   0.0   0.0   0:00.89 khugepaged
     67 root       0 -20       0      0      0 I   0.0   0.0   0:00.00 cryptd
     86 root       0 -20       0      0      0 I   0.0   0.0   0:00.00 kintegrityd
     87 root       0 -20       0      0      0 I   0.0   0.0   0:00.00 kblockd
     88 root       0 -20       0      0      0 I   0.0   0.0   0:00.00 blkcg_punt_bio
     89 root       0 -20       0      0      0 I   0.0   0.0   0:00.00 tpm_dev_wq
     90 root       0 -20       0      0      0 I   0.0   0.0   0:00.00 ata_sff
     91 root       0 -20       0      0      0 I   0.0   0.0   0:00.00 edac-poller
     92 root       0 -20       0      0      0 I   0.0   0.0   0:00.00 devfreq_wq
     93 root     -51   0       0      0      0 S   0.0   0.0   0:00.00 watchdogd
     96 root       0 -20       0      0      0 I   0.0   0.0   0:00.04 kworker/0:1H-kblockd
     97 root       0 -20       0      0      0 I   0.0   0.0   0:00.00 rpciod
     99 root       0 -20       0      0      0 I   0.0   0.0   0:00.00 xprtiod
    127 root      20   0       0      0      0 S   0.0   0.0   0:00.00 kswapd0
    128 root       0 -20       0      0      0 I   0.0   0.0   0:00.00 nfsiod
    132 root       0 -20       0      0      0 I   0.0   0.0   0:00.00 vfio-irqfd-clea
    133 root       0 -20       0      0      0 I   0.0   0.0   0:00.00 bch_btree_io
    134 root       0 -20       0      0      0 I   0.0   0.0   0:00.00 bcache
    135 root       0 -20       0      0      0 I   0.0   0.0   0:00.00 bch_journal
    136 root       0 -20       0      0      0 I   0.0   0.0   0:00.00 dm_bufio_cache
    140 root      10 -10       0      0      0 S   0.0   0.0   0:00.00 krfcommd
    141 root      20   0       0      0      0 S   0.0   0.0   0:00.00 pr/tty0
    142 root      20   0       0      0      0 S   0.0   0.0   0:03.01 pr/ttyTCU0
    145 root     -51   0       0      0      0 S   0.0   0.0   0:00.00 irq/114-3160000
    147 root     -51   0       0      0      0 S   0.0   0.0   0:00.00 irq/115-3180000
    149 root     -51   0       0      0      0 S   0.0   0.0   0:00.00 irq/116-31b0000
    150 root     -51   0       0      0      0 S   0.0   0.0   0:00.00 irq/167-c240000
    151 root     -51   0       0      0      0 S   0.0   0.0   0:00.00 irq/168-c250000
    152 root     -51   0       0      0      0 S   0.0   0.0   0:00.00 irq/125-3610000
    153 root     -51   0       0      0      0 S   0.0   0.0   0:00.00 irq/122-3610000
    154 root       0 -20       0      0      0 I   0.0   0.0   0:00.00 sdhci
    155 root     -51   0       0      0      0 S   0.0   0.0   0:00.00 irq/120-mmc0
    156 root     -51   0       0      0      0 S   0.0   0.0   0:00.00 irq/230-3400000
    178 root     -51   0       0      0      0 S   0.0   0.0   0:00.00 irq/191-tegra-p
    179 root       0 -20       0      0      0 I   0.0   0.0   0:00.00 nvme-wq
    180 root       0 -20       0      0      0 I   0.0   0.0   0:00.00 nvme-reset-wq
    181 root       0 -20       0      0      0 I   0.0   0.0   0:00.00 nvme-delete-wq
    190 root     -51   0       0      0      0 S   0.0   0.0   0:00.00 irq/191-aerdrv
    191 root     -51   0       0      0      0 S   0.0   0.0   0:00.00 irq/193-tegra-p
    194 root     -51   0       0      0      0 S   0.0   0.0   0:00.00 irq/193-aerdrv
    195 root     -51   0       0      0      0 S   0.0   0.0   0:00.00 irq/195-tegra-p
    197 root     -51   0       0      0      0 S   0.0   0.0   0:00.00 irq/232-nvme0q0
    198 root     -51   0       0      0      0 S   0.0   0.0   0:00.38 irq/233-nvme0q1
    199 root     -51   0       0      0      0 S   0.0   0.0   0:00.37 irq/234-nvme0q2
    200 root     -51   0       0      0      0 S   0.0   0.0   0:00.43 irq/235-nvme0q3
    201 root     -51   0       0      0      0 S   0.0   0.0   0:00.29 irq/236-nvme0q4
    202 root     -51   0       0      0      0 S   0.0   0.0   0:00.11 irq/237-nvme0q5
    203 root     -51   0       0      0      0 S   0.0   0.0   0:00.11 irq/238-nvme0q6
    210 root       0 -20       0      0      0 I   0.0   0.0   0:00.05 kworker/5:1H-kblockd
    211 root      20   0       0      0      0 S   0.0   0.0   0:00.79 jbd2/nvme0n1p1-
    212 root       0 -20       0      0      0 I   0.0   0.0   0:00.00 ext4-rsv-conver
    221 root       0 -20       0      0      0 I   0.0   0.0   0:00.00 mld
    222 root       0 -20       0      0      0 I   0.0   0.0   0:00.03 kworker/1:1H-kblockd
    223 root       0 -20       0      0      0 I   0.0   0.0   0:00.00 ipv6_addrconf
    253 root       0 -20       0      0      0 I   0.0   0.0   0:00.04 kworker/3:1H-kblockd
    275 root       0 -20       0      0      0 I   0.0   0.0   0:00.04 kworker/2:1H-kblockd
    280 root      39  19       0      0      0 S   0.0   0.0   0:00.48 nvmap-bz
    281 root     -51   0       0      0      0 S   0.0   0.0   0:00.00 irq/188-host1x_
    284 root     -51   0       0      0      0 S   0.0   0.0   0:00.00 irq/197-gk20a_s
    285 root     -51   0       0      0      0 S   0.0   0.0   0:00.01 irq/198-gk20a_s
    286 root     -51   0       0      0      0 S   0.0   0.0   0:00.01 irq/199-gk20a_s
    287 root     -51   0       0      0      0 S   0.0   0.0   0:00.00 irq/200-gk20a_n
    293 root      20   0   11116   3456   3200 S   0.0   0.0   0:00.00 nv-tee-supplica
    300 root      20   0  150380   1344   1232 S   0.0   0.0   0:00.01 tee-supplicant
    302 root       0 -20       0      0      0 I   0.0   0.0   0:00.00 optee_bus_scan
    312 root      20   0   23872   6336   4084 S   0.0   0.1   0:14.31 systemd-udevd
    313 root      20   0   23220   4796   3028 S   0.0   0.1   0:00.08 systemd-udevd
    314 root      20   0   24292   6724   3856 S   0.0   0.1   0:00.17 systemd-udevd
    315 root      20   0   23252   5932   4012 S   0.0   0.1   0:00.37 systemd-udevd
    316 root      20   0   23216   4780   3004 S   0.0   0.1   0:00.21 systemd-udevd
    317 root      20   0   23520   5532   3480 S   0.0   0.1   0:00.14 systemd-udevd
    318 root      20   0   23216   5256   3456 S   0.0   0.1   0:00.39 systemd-udevd
    319 root      20   0   23216   5360   3528 S   0.0   0.1   0:00.28 systemd-udevd
    320 root      20   0   23264   5404   3480 S   0.0   0.1   0:00.13 systemd-udevd
    321 root      20   0   23216   5884   4040 S   0.0   0.1   0:00.29 systemd-udevd
    322 root      20   0   23216   5084   3276 S   0.0   0.1   0:00.13 systemd-udevd
    323 root      20   0   23240   5820   3912 S   0.0   0.1   0:00.12 systemd-udevd
    324 root      20   0   23268   5436   3500 S   0.0   0.1   0:00.15 systemd-udevd
    325 root      20   0   23216   5908   4044 S   0.0   0.1   0:00.62 systemd-udevd
    326 root      20   0   23216   4580   2760 S   0.0   0.1   0:00.11 systemd-udevd
    327 root      20   0   23528   5324   3256 S   0.0   0.1   0:00.11 systemd-udevd
    328 root      20   0   23216   5100   3284 S   0.0   0.1   0:00.13 systemd-udevd
    330 root      20   0   23216   5104   3280 S   0.0   0.1   0:00.11 systemd-udevd
    331 root      20   0   23216   5140   3312 S   0.0   0.1   0:00.27 systemd-udevd
    332 root      20   0   23264   5160   3236 S   0.0   0.1   0:00.18 systemd-udevd
    333 root      20   0   23216   5496   3668 S   0.0   0.1   0:00.11 systemd-udevd
    334 root      20   0   23216   4972   3156 S   0.0   0.1   0:00.27 systemd-udevd
    336 root      20   0   23216   5080   3248 S   0.0   0.1   0:00.26 systemd-udevd
    337 root      20   0   23276   4580   2644 S   0.0   0.1   0:00.11 systemd-udevd
    338 root      20   0   23280   6100   4152 S   0.0   0.1   0:00.24 systemd-udevd
    339 root      20   0   23548   6220   4128 S   0.0   0.1   0:00.35 systemd-udevd
    340 root      20   0   23216   5620   3796 S   0.0   0.1   0:00.21 systemd-udevd
    341 root      20   0   23216   4940   3108 S   0.0   0.1   0:00.17 systemd-udevd
    344 root       0 -20       0      0      0 I   0.0   0.0   0:00.05 kworker/4:1H-kblockd
    388 root     -51   0       0      0      0 S   0.0   0.0   0:00.00 irq/189-tegra-p
    397 root      20   0       0      0      0 S   0.0   0.0   0:00.00 15820000.crypto
    398 root      20   0       0      0      0 S   0.0   0.0   0:00.00 15840000.crypto
    420 root     -51   0       0      0      0 S   0.0   0.0   0:00.00 irq/189-aerdrv
    422 root     -51   0       0      0      0 S   0.0   0.0   0:00.00 irq/219-bc00000
    423 root      -2   0       0      0      0 S   0.0   0.0   0:00.00 capture-control
    424 root      -2   0       0      0      0 S   0.0   0.0   0:00.00 capture
    425 root     -51   0       0      0      0 S   0.0   0.0   0:00.00 irq/214-tegra_d
    426 root     -51   0       0      0      0 S   0.0   0.0   0:00.00 irq/215-tegra_d
    427 root       0 -20       0      0      0 I   0.0   0.0   0:00.00 dce-async-ipc-w
    428 root     -51   0       0      0      0 S   0.0   0.0   0:00.00 irq/240-nvvrs-p
    429 root      20   0       0      0      0 S   0.0   0.0   0:00.00 nv_queue
    430 root      20   0       0      0      0 S   0.0   0.0   0:00.00 nv_queue
    484 root       0 -20       0      0      0 I   0.0   0.0   0:00.00 cfg80211
    485 root     -51   0       0      0      0 S   0.0   0.0   0:00.00 irq/118-3210000
    489 root      20   0       0      0      0 S   0.0   0.0   0:00.00 spi0
    498 root     -51   0       0      0      0 S   0.0   0.0   0:00.00 irq/119-3230000
    503 root      20   0       0      0      0 S   0.0   0.0   0:00.00 spi1
    551 root       0 -20       0      0      0 I   0.0   0.0   0:00.00 btfwwork
    650 root      20   0    8236   6484   1432 S   0.0   0.1   0:00.51 haveged
    653 _rpc      20   0    7932   2260   1912 S   0.0   0.0   0:00.01 rpcbind
    655 systemd+  20   0   26320  13576   8500 S   0.0   0.2   0:00.46 systemd-resolve
    657 systemd+  20   0   88880   6412   5564 S   0.0   0.1   0:00.15 systemd-timesyn
    827 avahi     20   0    8224   3680   3144 S   0.0   0.0   0:00.72 avahi-daemon
    828 root      20   0    9888   4548   4112 S   0.0   0.1   0:00.06 bluetoothd
    829 message+  20   0   10456   5684   3584 S   0.0   0.1   0:21.59 dbus-daemon
    830 root      20   0  338724  21060  14884 S   0.0   0.3   0:21.00 NetworkManager
    840 root      20   0   43504  19808  10212 S   0.0   0.3   0:00.15 networkd-dispat
    851 root      20   0  241620   7020   6316 S   0.0   0.1   0:00.32 power-profiles-
    854 syslog    20   0  222160   7056   3672 S   0.0   0.1   0:02.99 rsyslogd
    860 root      20   0    2240    792    712 S   0.0   0.0   0:00.00 seatd
    866 root      20   0 2145700  49220  25584 S   0.0   0.6   0:21.53 snapd
    871 root      20   0  242128   7456   6576 S   0.0   0.1   0:01.16 accounts-daemon
    872 root      20   0  238124   8280   5636 S   0.0   0.1   0:00.03 switcheroo-cont
    875 root      20   0   49004   7660   6308 S   0.0   0.1   0:01.81 systemd-logind
    876 root      20   0  394252  11960   9468 S   0.0   0.2   0:00.52 udisksd
    878 root      20   0   16636  10300   8304 S   0.0   0.1   0:01.18 wpa_supplicant
    883 avahi     20   0    7812    356      0 S   0.0   0.0   0:00.00 avahi-daemon
    890 root      rt   0       0      0      0 S   0.0   0.0   0:54.50 sugov:0
    944 root      30  10   11248   3604   3204 S   0.0   0.0   0:04.62 wifi_mon.sh
    969 root      20   0  237048  10420   6400 S   0.0   0.1   1:31.09 polkitd
   1004 root      20   0    2460   1540   1364 S   0.0   0.0   0:04.26 nvfancontrol
   1045 root      20   0       0      0      0 S   0.0   0.0   0:00.00 sw-quiesce
   1050 root      20   0       0      0      0 S   0.0   0.0   0:11.90 nvgpu_channel_p
   1069 root      20   0       0      0      0 S   0.0   0.0   0:00.00 nvgpu_pg_init_g
   1108 root      20   0       0      0      0 S   0.0   0.0   0:00.00 nvgpu_clk_arb_p
   1129 root      20   0       0      0      0 S   0.0   0.0   0:04.61 RTW_CMD_THREAD
   1158 root      20   0   75936  10084   8260 S   0.0   0.1   0:00.01 nvargus-daemon
   1159 root      20   0   11116   3508   3204 S   0.0   0.0   0:00.04 nvmemwarning.sh
   1173 root      20   0   22192   1776   1580 S   0.0   0.0   0:00.00 nvs-service
   1191 ollama    20   0 2006720  38588  20428 S   0.0   0.5   0:00.61 ollama
   1203 root      20   0    2336   1396   1280 S   0.0   0.0   0:01.61 run-cups-browse
   1206 root      20   0    2336   1376   1248 S   0.0   0.0   0:01.92 run-cupsd
   1219 root      20   0       0      0      0 S   0.0   0.0   0:00.00 pr/ramoops-1
   1241 root      20   0   10772   2820   2572 S   0.0   0.0   0:00.03 cron
   1276 kernoops  20   0   12812    452      0 S   0.0   0.0   0:00.01 kerneloops
   1277 root      20   0  243100   7964   7012 S   0.0   0.1   0:00.03 gdm3
   1293 root      20   0    9468    732    656 S   0.0   0.0   0:00.00 agetty
   1296 kernoops  20   0   12812    452      0 S   0.0   0.0   0:00.01 kerneloops
   1305 root      20   0    9468    724    648 S   0.0   0.0   0:00.00 agetty
   1322 root      20   0  173408   8800   7628 S   0.0   0.1   0:00.01 gdm-session-wor
   1404 gdm       20   0   18124   9732   7360 S   0.0   0.1   0:00.43 systemd
   1420 root      20   0       0      0      0 S   0.0   0.0   0:00.00 file-storage
   1423 gdm       20   0  172232   4504      0 S   0.0   0.1   0:00.00 (sd-pam)
   1461 root      20   0   15272   8356   6776 S   0.0   0.1   0:00.32 sshd
   1522 root      20   0    3076    988    876 S   0.0   0.0   0:00.00 nvphsd
   1527 root      20   0    3208   1512   1352 S   0.0   0.0   0:00.00 nvphsd
   1570 root      20   0 2426540 117424  57248 S   0.0   1.5   0:51.71 dockerd
   1680 gdm        9 -11   41968   6472   5156 S   0.0   0.1   0:00.04 pipewire
   1681 gdm       20   0   25480   6440   5112 S   0.0   0.1   0:01.14 pipewire-media-
   1682 gdm        9 -11  891844  20764  12600 S   0.0   0.3   0:00.68 pulseaudio
   1685 gdm       20   0  163948   5500   4980 S   0.0   0.1   0:00.00 gdm-x-session
   1691 root      20   0   24.2g  82884  35884 S   0.0   1.1   0:01.17 Xorg
   1696 rtkit     21   1  153504   1600   1388 S   0.0   0.0   0:00.16 rtkit-daemon
   1705 gdm       20   0    8840   3596   3212 S   0.0   0.0   0:00.01 dbus-daemon
   1731 root      20   0       0      0      0 S   0.0   0.0   0:00.00 nvidia-modeset/
   1732 root      20   0       0      0      0 S   0.0   0.0   0:00.00 nvidia-modeset/
   1734 root      20   0       0      0      0 S   0.0   0.0   0:00.00 nvidia
   1738 root      20   0       0      0      0 S   0.0   0.0   0:00.00 nv_queue
   1782 root      20   0       0      0      0 S   0.0   0.0   0:00.00 nvidia-drm-nv-t
   1783 root     -51   0       0      0      0 S   0.0   0.0   0:00.00 card1-crtc0
   1784 root     -51   0       0      0      0 S   0.0   0.0   0:00.00 card1-crtc1
   1951 gdm       20   0    5876   1556   1344 S   0.0   0.0   0:00.00 dbus-run-sessio
   1954 gdm       20   0    9108   4476   3604 S   0.0   0.1   0:00.13 dbus-daemon
   2026 gdm       20   0  663384  17800  12956 S   0.0   0.2   0:00.55 gnome-session-b
   2051 gdm       20   0  310068   8972   6272 S   0.0   0.1   0:00.00 at-spi-bus-laun
   2056 gdm       20   0    8692   3552   3168 S   0.0   0.0   0:00.00 dbus-daemon
   2067 gdm       20   0 3397568 136708  73336 S   0.0   1.8   0:26.62 gnome-shell
   2084 gdm       20   0  237676   7020   4540 S   0.0   0.1   0:00.00 xdg-permission-
   2091 root      20   0  243852   8092   6980 S   0.0   0.1   0:00.26 upowerd
   2097 root      20   0  301608  19340  16412 S   0.0   0.2   0:00.88 packagekitd
   2099 gdm       20   0 2804036  25696  20860 S   0.0   0.3   0:00.08 gjs
   2101 gdm       20   0  163144   7192   6424 S   0.0   0.1   0:00.01 at-spi2-registr
   2128 gdm       20   0  468748   9916   8000 S   0.0   0.1   0:01.41 gsd-sharing
   2130 gdm       20   0  338880  16940  12620 S   0.0   0.2   0:00.06 gsd-wacom
   2139 gdm       20   0  599188  21500  16928 S   0.0   0.3   0:00.15 gsd-color
   2143 gdm       20   0  316840  11252   6240 S   0.0   0.1   0:00.09 ibus-daemon
   2150 gdm       20   0  338600  15024  13276 S   0.0   0.2   0:00.04 gsd-keyboard
   2151 gdm       20   0  252472   9916   8488 S   0.0   0.1   0:00.02 gsd-print-notif
   2152 gdm       20   0  459796   8176   5436 S   0.0   0.1   0:00.35 gsd-rfkill
   2153 gdm       20   0  388312   9428   6480 S   0.0   0.1   0:00.01 gsd-smartcard
   2160 gdm       20   0  380556  14476  12508 S   0.0   0.2   0:00.03 gsd-datetime
   2167 gdm       20   0  864180  22384  17516 S   0.0   0.3   0:00.28 gsd-media-keys
   2169 gdm       20   0  237936   4760   4376 S   0.0   0.1   0:00.00 gsd-screensaver
   2170 gdm       20   0  322096   8352   7324 S   0.0   0.1   0:00.01 gsd-sound
   2175 gdm       20   0  312416   6072   5492 S   0.0   0.1   0:00.01 gsd-a11y-settin
   2177 gdm       20   0  242216   7024   6228 S   0.0   0.1   0:00.01 gvfsd
   2178 gdm       20   0  314000   6928   6164 S   0.0   0.1   0:00.52 gsd-housekeepin
   2179 gdm       20   0  449976  18248  15904 S   0.0   0.2   0:00.29 gsd-power
   2203 gdm       20   0  347052  12600  10748 S   0.0   0.2   0:00.02 gsd-printer
   2234 colord    20   0  247460  12768   9028 S   0.0   0.2   0:00.22 colord
   2247 gdm       20   0  239040   8612   5940 S   0.0   0.1   0:00.00 ibus-dconf
   2258 gdm       20   0  238936   5920   5492 S   0.0   0.1   0:00.00 ibus-portal
   2281 gdm       20   0 2812420  25808  20904 S   0.0   0.3   0:00.09 gjs
   2300 gdm       20   0  165096   6500   5876 S   0.0   0.1   0:00.00 ibus-engine-sim
   2453 root      20   0  137440  11976   9612 S   0.0   0.2   0:00.65 cupsd
   2465 root      20   0  343140  19372  14152 S   0.0   0.2   0:01.30 cups-browsed
   2557 gdm       20   0  156672   4460   4068 S   0.0   0.1   0:00.00 dconf-service
   3864 root      20   0       0      0      0 I   0.0   0.0   0:12.99 kworker/u12:2-events_freezable_power_
   9961 jetson    20   0   18140   9776   7372 S   0.0   0.1   0:00.33 systemd
   9962 jetson    20   0  172508   4632      0 S   0.0   0.1   0:00.00 (sd-pam)
   9970 jetson    20   0   41976   6552   5228 S   0.0   0.1   0:00.04 pipewire
   9971 jetson    20   0   25488   6720   5380 S   0.0   0.1   0:01.23 pipewire-media-
  10023 jetson    20   0    8888   4148   3656 S   0.0   0.1   0:00.01 dbus-daemon
  10561 jetson    20   0    5508    776    688 S   0.0   0.0   0:00.20 sleep
  10658 root      20   0   21764   5404   3884 S   0.0   0.1   0:13.56 systemd-udevd
  10666 root      20   0   21752   4108   2588 S   0.0   0.1   0:00.23 systemd-udevd
  11619 root      20   0   21748   4060   2540 S   0.0   0.1   0:00.02 systemd-udevd
  11620 root      20   0   21760   4112   2588 S   0.0   0.1   0:00.02 systemd-udevd
  11634 root      20   0   21760   4016   2496 S   0.0   0.1   0:00.01 systemd-udevd
  11635 root      20   0   21760   4048   2540 S   0.0   0.1   0:00.03 systemd-udevd
  11636 root      20   0   21764   3380   1864 S   0.0   0.0   0:00.01 systemd-udevd
  11648 root      20   0   21764   4008   2468 S   0.0   0.1   0:00.01 systemd-udevd
  11649 root      20   0   21764   3832   2288 S   0.0   0.0   0:00.01 systemd-udevd
  11650 root      20   0   21764   3968   2432 S   0.0   0.1   0:00.00 systemd-udevd
  11653 root      20   0   21764   4496   2944 S   0.0   0.1   0:00.04 systemd-udevd
  11654 root      20   0   21764   4508   2960 S   0.0   0.1   0:00.03 systemd-udevd
 109437 snap_da+  20   0   14484   4632   3932 S   0.0   0.1   0:00.00 dbus
 112737 jetson    20   0  203640  36228  13220 S   0.0   0.5   0:00.70 ros2
 112739 jetson    20   0 2070728  32552  18032 S   0.0   0.4   0:00.36 docker
 112768 root      20   0 1233232  12088   6600 S   0.0   0.2   0:00.91 containerd-shim
 112797 root      20   0   49400  29488  14684 S   0.0   0.4   0:00.36 ros2
 115031 root      20   0  238832   6988   5696 S   0.0   0.1   0:02.63 iio-sensor-prox
 129749 root      20   0       0      0      0 I   0.0   0.0   0:09.22 kworker/u12:5-events_unbound
 189012 jetson    20   0  572504  38556  13204 S   0.0   0.5   0:01.38 ros2
 189320 jetson    20   0  129772  36300  13220 S   0.0   0.5   0:00.72 ros2
 189431 jetson    20   0  796980  41908  13220 S   0.0   0.5   0:01.33 ros2
 189475 jetson    20   0   11248   3072   2752 S   0.0   0.0   0:05.01 bash
 189596 jetson    20   0   53012  29660  15012 S   0.0   0.4   0:00.34 ros2
 206274 root      20   0       0      0      0 I   0.0   0.0   0:10.43 kworker/u12:9-events_freezable_power_
 244731 root      20   0       0      0      0 I   0.0   0.0   0:01.24 kworker/1:2-cgroup_destroy
 286436 root      20   0       0      0      0 I   0.0   0.0   0:08.51 kworker/u12:0-events_freezable_power_
 344667 root      20   0       0      0      0 I   0.0   0.0   0:00.58 kworker/0:3-events
 349442 root      20   0       0      0      0 I   0.0   0.0   0:05.65 kworker/u12:6-events_unbound
 367657 root       0 -20       0      0      0 I   0.0   0.0   0:11.77 kworker/u13:2-uvcvideo
 369170 root      20   0       0      0      0 I   0.0   0.0   0:04.37 kworker/u12:1-events_freezable_power_
 403545 root      20   0       0      0      0 I   0.0   0.0   0:04.04 kworker/u12:8-events_unbound
 443709 root      20   0       0      0      0 I   0.0   0.0   0:00.14 kworker/3:2-cgroup_destroy
 445412 root      20   0       0      0      0 I   0.0   0.0   0:00.25 kworker/2:1-events
 448401 root      20   0       0      0      0 I   0.0   0.0   0:00.00 kworker/5:2-events
 467530 root      20   0       0      0      0 I   0.0   0.0   0:01.91 kworker/u12:3-events_unbound
 468909 jetson    20   0   11116   3036   2756 S   0.0   0.0   0:01.62 bash
 478380 root      20   0       0      0      0 I   0.0   0.0   0:00.28 kworker/1:1-events
 480561 root      20   0       0      0      0 I   0.0   0.0   0:00.00 kworker/4:1-events
 483353 root      20   0       0      0      0 I   0.0   0.0   0:00.00 kworker/2:3-events
 489026 root      20   0       0      0      0 I   0.0   0.0   0:01.19 kworker/u12:10-events_freezable_power_
 496325 root      20   0       0      0      0 I   0.0   0.0   0:00.11 kworker/3:0-events
 499790 root       0 -20       0      0      0 I   0.0   0.0   0:02.36 kworker/u13:4-uvcvideo
 511663 root      20   0       0      0      0 I   0.0   0.0   0:00.00 kworker/0:1-cgroup_destroy
 514145 root      20   0       0      0      0 I   0.0   0.0   0:00.04 kworker/5:1-events
 514952 root      20   0       0      0      0 I   0.0   0.0   0:00.03 kworker/4:0-events
 520043 root       0 -20       0      0      0 I   0.0   0.0   0:01.16 kworker/u13:0-uvcvideo
 528481 root      20   0       0      0      0 I   0.0   0.0   0:00.00 kworker/1:0-events
 528980 root      20   0    9436    780    704 S   0.0   0.0   0:00.00 sleep
 530050 root      20   0       0      0      0 I   0.0   0.0   0:00.00 kworker/3:1-events
 530052 root      20   0       0      0      0 I   0.0   0.0   0:00.00 kworker/2:0-cgroup_destroy
 530228 root      20   0       0      0      0 I   0.0   0.0   0:00.00 kworker/3:3-cgroup_destroy
 530300 root      20   0       0      0      0 I   0.0   0.0   0:00.00 kworker/2:2-events
 532747 root      20   0       0      0      0 I   0.0   0.0   0:00.00 kworker/0:0-events
 533529 jetson    20   0   11248   3304   2868 S   0.0   0.0   0:00.03 bash
 536438 root      30  10   11248   1592   1192 S   0.0   0.0   0:00.00 wifi_mon.sh
 536439 root      30  10   11248   1784   1384 S   0.0   0.0   0:00.00 wifi_mon.sh
 536440 root      30  10    9444    788    712 S   0.0   0.0   0:00.00 timeout
 536442 root      30  10    2768   1084    960 S   0.0   0.0   0:00.00 iw
 536497 jetson    20   0   11248   3288   2852 S   0.0   0.0   0:00.01 bash
 536579 jetson    20   0    2872    884    788 S   0.0   0.0   0:00.01 tegrastats
 536771 jetson    20   0    9436    768    688 S   0.0   0.0   0:00.00 sleep
 536825 jetson    20   0    9444    788    704 S   0.0   0.0   0:00.00 sleep
 536849 jetson    20   0    9480    820    736 S   0.0   0.0   0:00.00 tail

top - 12:24:04 up  3:27,  0 users,  load average: 8.25, 4.77, 3.64
Tasks: 358 total,   5 running, 353 sleeping,   0 stopped,   0 zombie
%Cpu(s): 47.2 us, 35.2 sy,  0.0 ni,  8.6 id,  0.0 wa,  3.2 hi,  5.9 si,  0.0 st
MiB Mem :   7607.4 total,   2887.7 free,   2006.7 used,   2712.9 buff/cache
MiB Swap:   3803.7 total,   3803.7 free,      0.0 used.   5302.1 avail Mem 

    PID USER      PR  NI    VIRT    RES    SHR S  %CPU  %MEM     TIME+ COMMAND
 536848 jetson    20   0  708556  59428  25996 R  59.1   0.8   0:01.30 python3
 112823 root      20   0 1235152  44416  11476 S  48.8   0.6   9:29.69 micro_ros_agent
 189209 jetson    20   0  709056  62924  27264 R  33.0   0.8  42:44.39 python3
 189612 jetson    20   0 9355088 429240  86828 S  33.0   5.5  17:32.99 nvblox_node
 189211 jetson    20   0  506208  35136  18400 S  30.0   0.5  12:48.79 ekf_node
 536577 jetson    20   0  763888  55444  25424 S  27.6   0.7   0:01.84 ros2
 189322 jetson    20   0  904164  49468  24052 S  25.1   0.6   3:25.14 async_slam_tool
 189435 jetson    20   0  889552  48416  23580 S  19.7   0.6  11:26.97 controller_serv
 189443 jetson    20   0  457160  46392  26204 S  19.2   0.6   9:49.01 bt_navigator
 189014 jetson    20   0 1750472 105416  51332 S  18.2   1.4  15:39.43 realsense2_came
 189439 jetson    20   0  988928  70564  24600 S  17.7   0.9   9:58.25 planner_server
 189441 jetson    20   0  516476  35524  21032 S  16.3   0.5   8:11.26 behavior_server
    969 root      20   0  237048  10420   6400 S  15.8   0.1   1:31.41 polkitd
 189018 jetson    20   0  432956  26444  14244 S  14.3   0.3  18:44.96 rplidar_node
 189022 jetson    20   0 1082604  56124  26332 S  14.3   0.7   0:57.60 foxglove_bridge
 189437 jetson    20   0  582640  33852  18848 S  13.3   0.4   6:56.23 smoother_server
 189473 jetson    20   0  577396  31376  16252 R  12.8   0.4  12:31.14 lifecycle_manag
 189020 jetson    20   0  707980  60952  27380 R  10.3   0.8   9:16.89 python3
 189016 jetson    20   0  709040  65192  27268 S   8.9   0.8   4:03.14 python3
 189462 jetson    20   0  428560  29368  15952 S   8.9   0.4   5:37.18 velocity_smooth
 189447 jetson    20   0  431308  30976  17020 S   8.4   0.4   5:40.83 waypoint_follow
 189433 jetson    20   0  709716  63544  27368 S   6.4   0.8   4:43.82 python3
    829 message+  20   0   10456   5684   3584 S   3.9   0.1   0:21.67 dbus-daemon
 112741 jetson    20   0  428380  30784  15880 S   3.9   0.4   0:43.85 robot_state_pub
 113162 jetson    20   0  920440  65760  26672 S   3.9   0.8   0:45.06 python3
      1 root      20   0  167880  11776   7444 S   2.5   0.2   0:15.87 systemd
    830 root      20   0  338724  21060  14884 S   2.5   0.3   0:21.05 NetworkManager
   2067 gdm       20   0 3397568 136708  73336 S   1.0   1.8   0:26.64 gnome-shell
 369170 root      20   0       0      0      0 I   1.0   0.0   0:04.39 kworker/u12:1-events_unbound
 469901 root       0 -20       0      0      0 I   1.0   0.0   0:01.82 kworker/u13:3-uvcvideo
 536973 jetson    20   0 1848264  28572  16988 S   1.0   0.4   0:00.02 docker
 536994 root      20   0 1902084  15460   7816 S   1.0   0.2   0:00.02 runc
   1570 root      20   0 2426540 117424  57248 S   0.5   1.5   0:51.72 dockerd
  10658 root      20   0   21764   5404   3884 S   0.5   0.1   0:13.57 systemd-udevd
 189320 jetson    20   0  129772  36300  13220 S   0.5   0.5   0:00.73 ros2
 478380 root      20   0       0      0      0 I   0.5   0.0   0:00.29 kworker/1:1-events
 536578 jetson    20   0   14340   3388   2776 R   0.5   0.0   0:00.08 top
 536579 jetson    20   0    2872    884    788 S   0.5   0.0   0:00.02 tegrastats
      2 root      20   0       0      0      0 S   0.0   0.0   0:00.02 kthreadd
      3 root       0 -20       0      0      0 I   0.0   0.0   0:00.00 rcu_gp
      4 root       0 -20       0      0      0 I   0.0   0.0   0:00.00 rcu_par_gp
      5 root       0 -20       0      0      0 I   0.0   0.0   0:00.00 slub_flushwq
      6 root       0 -20       0      0      0 I   0.0   0.0   0:00.00 netns
      8 root       0 -20       0      0      0 I   0.0   0.0   0:00.00 kworker/0:0H-events_highpri
     10 root       0 -20       0      0      0 I   0.0   0.0   0:00.00 mm_percpu_wq
     11 root      20   0       0      0      0 S   0.0   0.0   0:00.00 rcu_tasks_kthre
     12 root      20   0       0      0      0 S   0.0   0.0   0:00.00 rcu_tasks_rude_
     13 root      20   0       0      0      0 S   0.0   0.0   0:00.00 rcu_tasks_trace
     14 root      20   0       0      0      0 S   0.0   0.0   0:09.20 ksoftirqd/0
     15 root      20   0       0      0      0 I   0.0   0.0   0:05.57 rcu_preempt
     16 root      rt   0       0      0      0 S   0.0   0.0   0:00.03 migration/0
     17 root      20   0       0      0      0 S   0.0   0.0   0:00.00 cpuhp/0
     18 root      20   0       0      0      0 S   0.0   0.0   0:00.00 cpuhp/1
     19 root      rt   0       0      0      0 S   0.0   0.0   0:00.03 migration/1
     20 root      20   0       0      0      0 S   0.0   0.0   0:01.10 ksoftirqd/1
     22 root       0 -20       0      0      0 I   0.0   0.0   0:00.00 kworker/1:0H-events_highpri
     23 root      20   0       0      0      0 S   0.0   0.0   0:00.00 cpuhp/2
     24 root      rt   0       0      0      0 S   0.0   0.0   0:00.03 migration/2
     25 root      20   0       0      0      0 S   0.0   0.0   0:01.10 ksoftirqd/2
     27 root       0 -20       0      0      0 I   0.0   0.0   0:00.00 kworker/2:0H-events_highpri
     28 root      20   0       0      0      0 S   0.0   0.0   0:00.00 cpuhp/3
     29 root      rt   0       0      0      0 S   0.0   0.0   0:00.02 migration/3
     30 root      20   0       0      0      0 S   0.0   0.0   0:01.07 ksoftirqd/3
     32 root       0 -20       0      0      0 I   0.0   0.0   0:00.00 kworker/3:0H-events_highpri
     33 root      20   0       0      0      0 S   0.0   0.0   0:00.00 cpuhp/4
     34 root      rt   0       0      0      0 S   0.0   0.0   0:00.07 migration/4
     35 root      20   0       0      0      0 S   0.0   0.0   0:00.94 ksoftirqd/4
     37 root       0 -20       0      0      0 I   0.0   0.0   0:00.00 kworker/4:0H-events_highpri
     38 root      20   0       0      0      0 S   0.0   0.0   0:00.00 cpuhp/5
     39 root      rt   0       0      0      0 S   0.0   0.0   0:00.07 migration/5
     40 root      20   0       0      0      0 S   0.0   0.0   0:00.86 ksoftirqd/5
     42 root       0 -20       0      0      0 I   0.0   0.0   0:00.00 kworker/5:0H-kblockd
     43 root      20   0       0      0      0 S   0.0   0.0   0:00.00 kdevtmpfs
     44 root       0 -20       0      0      0 I   0.0   0.0   0:00.00 inet_frag_wq
     51 root      20   0       0      0      0 S   0.0   0.0   0:00.00 kauditd
     52 root      20   0       0      0      0 S   0.0   0.0   0:00.00 oom_reaper
     53 root       0 -20       0      0      0 I   0.0   0.0   0:00.00 writeback
     54 root      20   0       0      0      0 S   0.0   0.0   0:00.10 kcompactd0
     55 root      25   5       0      0      0 S   0.0   0.0   0:00.00 ksmd
     56 root      39  19       0      0      0 S   0.0   0.0   0:00.89 khugepaged
     67 root       0 -20       0      0      0 I   0.0   0.0   0:00.00 cryptd
     86 root       0 -20       0      0      0 I   0.0   0.0   0:00.00 kintegrityd
     87 root       0 -20       0      0      0 I   0.0   0.0   0:00.00 kblockd
     88 root       0 -20       0      0      0 I   0.0   0.0   0:00.00 blkcg_punt_bio
     89 root       0 -20       0      0      0 I   0.0   0.0   0:00.00 tpm_dev_wq
     90 root       0 -20       0      0      0 I   0.0   0.0   0:00.00 ata_sff
     91 root       0 -20       0      0      0 I   0.0   0.0   0:00.00 edac-poller
     92 root       0 -20       0      0      0 I   0.0   0.0   0:00.00 devfreq_wq
     93 root     -51   0       0      0      0 S   0.0   0.0   0:00.00 watchdogd
     96 root       0 -20       0      0      0 I   0.0   0.0   0:00.04 kworker/0:1H-kblockd
     97 root       0 -20       0      0      0 I   0.0   0.0   0:00.00 rpciod
     99 root       0 -20       0      0      0 I   0.0   0.0   0:00.00 xprtiod
    127 root      20   0       0      0      0 S   0.0   0.0   0:00.00 kswapd0
    128 root       0 -20       0      0      0 I   0.0   0.0   0:00.00 nfsiod
    132 root       0 -20       0      0      0 I   0.0   0.0   0:00.00 vfio-irqfd-clea
    133 root       0 -20       0      0      0 I   0.0   0.0   0:00.00 bch_btree_io
    134 root       0 -20       0      0      0 I   0.0   0.0   0:00.00 bcache
    135 root       0 -20       0      0      0 I   0.0   0.0   0:00.00 bch_journal
    136 root       0 -20       0      0      0 I   0.0   0.0   0:00.00 dm_bufio_cache
    140 root      10 -10       0      0      0 S   0.0   0.0   0:00.00 krfcommd
    141 root      20   0       0      0      0 S   0.0   0.0   0:00.00 pr/tty0
    142 root      20   0       0      0      0 S   0.0   0.0   0:03.01 pr/ttyTCU0
    145 root     -51   0       0      0      0 S   0.0   0.0   0:00.00 irq/114-3160000
    147 root     -51   0       0      0      0 S   0.0   0.0   0:00.00 irq/115-3180000
    149 root     -51   0       0      0      0 S   0.0   0.0   0:00.00 irq/116-31b0000
    150 root     -51   0       0      0      0 S   0.0   0.0   0:00.00 irq/167-c240000
    151 root     -51   0       0      0      0 S   0.0   0.0   0:00.00 irq/168-c250000
    152 root     -51   0       0      0      0 S   0.0   0.0   0:00.00 irq/125-3610000
    153 root     -51   0       0      0      0 S   0.0   0.0   0:00.00 irq/122-3610000
    154 root       0 -20       0      0      0 I   0.0   0.0   0:00.00 sdhci
    155 root     -51   0       0      0      0 S   0.0   0.0   0:00.00 irq/120-mmc0
    156 root     -51   0       0      0      0 S   0.0   0.0   0:00.00 irq/230-3400000
    178 root     -51   0       0      0      0 S   0.0   0.0   0:00.00 irq/191-tegra-p
    179 root       0 -20       0      0      0 I   0.0   0.0   0:00.00 nvme-wq
    180 root       0 -20       0      0      0 I   0.0   0.0   0:00.00 nvme-reset-wq
    181 root       0 -20       0      0      0 I   0.0   0.0   0:00.00 nvme-delete-wq
    190 root     -51   0       0      0      0 S   0.0   0.0   0:00.00 irq/191-aerdrv
    191 root     -51   0       0      0      0 S   0.0   0.0   0:00.00 irq/193-tegra-p
    194 root     -51   0       0      0      0 S   0.0   0.0   0:00.00 irq/193-aerdrv
    195 root     -51   0       0      0      0 S   0.0   0.0   0:00.00 irq/195-tegra-p
    197 root     -51   0       0      0      0 S   0.0   0.0   0:00.00 irq/232-nvme0q0
    198 root     -51   0       0      0      0 S   0.0   0.0   0:00.38 irq/233-nvme0q1
    199 root     -51   0       0      0      0 S   0.0   0.0   0:00.37 irq/234-nvme0q2
    200 root     -51   0       0      0      0 S   0.0   0.0   0:00.43 irq/235-nvme0q3
    201 root     -51   0       0      0      0 S   0.0   0.0   0:00.29 irq/236-nvme0q4
    202 root     -51   0       0      0      0 S   0.0   0.0   0:00.11 irq/237-nvme0q5
    203 root     -51   0       0      0      0 S   0.0   0.0   0:00.11 irq/238-nvme0q6
    210 root       0 -20       0      0      0 I   0.0   0.0   0:00.05 kworker/5:1H-kblockd
    211 root      20   0       0      0      0 S   0.0   0.0   0:00.79 jbd2/nvme0n1p1-
    212 root       0 -20       0      0      0 I   0.0   0.0   0:00.00 ext4-rsv-conver
    221 root       0 -20       0      0      0 I   0.0   0.0   0:00.00 mld
    222 root       0 -20       0      0      0 I   0.0   0.0   0:00.03 kworker/1:1H-kblockd
    223 root       0 -20       0      0      0 I   0.0   0.0   0:00.00 ipv6_addrconf
    253 root       0 -20       0      0      0 I   0.0   0.0   0:00.04 kworker/3:1H-kblockd
    256 root      19  -1   48768  12064  10448 S   0.0   0.2   0:14.69 systemd-journal
    275 root       0 -20       0      0      0 I   0.0   0.0   0:00.04 kworker/2:1H-kblockd
    280 root      39  19       0      0      0 S   0.0   0.0   0:00.48 nvmap-bz
    281 root     -51   0       0      0      0 S   0.0   0.0   0:00.00 irq/188-host1x_
    284 root     -51   0       0      0      0 S   0.0   0.0   0:00.00 irq/197-gk20a_s
    285 root     -51   0       0      0      0 S   0.0   0.0   0:00.01 irq/198-gk20a_s
    286 root     -51   0       0      0      0 S   0.0   0.0   0:00.01 irq/199-gk20a_s
    287 root     -51   0       0      0      0 S   0.0   0.0   0:00.00 irq/200-gk20a_n
    293 root      20   0   11116   3456   3200 S   0.0   0.0   0:00.00 nv-tee-supplica
    300 root      20   0  150380   1344   1232 S   0.0   0.0   0:00.01 tee-supplicant
    302 root       0 -20       0      0      0 I   0.0   0.0   0:00.00 optee_bus_scan
    312 root      20   0   23872   6336   4084 S   0.0   0.1   0:14.31 systemd-udevd
    313 root      20   0   23220   4796   3028 S   0.0   0.1   0:00.08 systemd-udevd
    314 root      20   0   24292   6724   3856 S   0.0   0.1   0:00.17 systemd-udevd
    315 root      20   0   23252   5932   4012 S   0.0   0.1   0:00.37 systemd-udevd
    316 root      20   0   23216   4780   3004 S   0.0   0.1   0:00.21 systemd-udevd
    317 root      20   0   23520   5532   3480 S   0.0   0.1   0:00.14 systemd-udevd
    318 root      20   0   23216   5256   3456 S   0.0   0.1   0:00.39 systemd-udevd
    319 root      20   0   23216   5360   3528 S   0.0   0.1   0:00.28 systemd-udevd
    320 root      20   0   23264   5404   3480 S   0.0   0.1   0:00.13 systemd-udevd
    321 root      20   0   23216   5884   4040 S   0.0   0.1   0:00.29 systemd-udevd
    322 root      20   0   23216   5084   3276 S   0.0   0.1   0:00.13 systemd-udevd
    323 root      20   0   23240   5820   3912 S   0.0   0.1   0:00.12 systemd-udevd
    324 root      20   0   23268   5436   3500 S   0.0   0.1   0:00.15 systemd-udevd
    325 root      20   0   23216   5908   4044 S   0.0   0.1   0:00.62 systemd-udevd
    326 root      20   0   23216   4580   2760 S   0.0   0.1   0:00.11 systemd-udevd
    327 root      20   0   23528   5324   3256 S   0.0   0.1   0:00.11 systemd-udevd
    328 root      20   0   23216   5100   3284 S   0.0   0.1   0:00.13 systemd-udevd
    329 root      20   0   23572   6908   4792 S   0.0   0.1   0:48.38 systemd-udevd
    330 root      20   0   23216   5104   3280 S   0.0   0.1   0:00.11 systemd-udevd
    331 root      20   0   23216   5140   3312 S   0.0   0.1   0:00.27 systemd-udevd
    332 root      20   0   23264   5160   3236 S   0.0   0.1   0:00.18 systemd-udevd
    333 root      20   0   23216   5496   3668 S   0.0   0.1   0:00.11 systemd-udevd
    334 root      20   0   23216   4972   3156 S   0.0   0.1   0:00.27 systemd-udevd
    336 root      20   0   23216   5080   3248 S   0.0   0.1   0:00.26 systemd-udevd
    337 root      20   0   23276   4580   2644 S   0.0   0.1   0:00.11 systemd-udevd
    338 root      20   0   23280   6100   4152 S   0.0   0.1   0:00.24 systemd-udevd
    339 root      20   0   23548   6220   4128 S   0.0   0.1   0:00.35 systemd-udevd
    340 root      20   0   23216   5620   3796 S   0.0   0.1   0:00.21 systemd-udevd
    341 root      20   0   23216   4940   3108 S   0.0   0.1   0:00.17 systemd-udevd
    344 root       0 -20       0      0      0 I   0.0   0.0   0:00.05 kworker/4:1H-kblockd
    388 root     -51   0       0      0      0 S   0.0   0.0   0:00.00 irq/189-tegra-p
    397 root      20   0       0      0      0 S   0.0   0.0   0:00.00 15820000.crypto
    398 root      20   0       0      0      0 S   0.0   0.0   0:00.00 15840000.crypto
    420 root     -51   0       0      0      0 S   0.0   0.0   0:00.00 irq/189-aerdrv
    422 root     -51   0       0      0      0 S   0.0   0.0   0:00.00 irq/219-bc00000
    423 root      -2   0       0      0      0 S   0.0   0.0   0:00.00 capture-control
    424 root      -2   0       0      0      0 S   0.0   0.0   0:00.00 capture
    425 root     -51   0       0      0      0 S   0.0   0.0   0:00.00 irq/214-tegra_d
    426 root     -51   0       0      0      0 S   0.0   0.0   0:00.00 irq/215-tegra_d
    427 root       0 -20       0      0      0 I   0.0   0.0   0:00.00 dce-async-ipc-w
    428 root     -51   0       0      0      0 S   0.0   0.0   0:00.00 irq/240-nvvrs-p
    429 root      20   0       0      0      0 S   0.0   0.0   0:00.00 nv_queue
    430 root      20   0       0      0      0 S   0.0   0.0   0:00.00 nv_queue
    484 root       0 -20       0      0      0 I   0.0   0.0   0:00.00 cfg80211
    485 root     -51   0       0      0      0 S   0.0   0.0   0:00.00 irq/118-3210000
    489 root      20   0       0      0      0 S   0.0   0.0   0:00.00 spi0
    498 root     -51   0       0      0      0 S   0.0   0.0   0:00.00 irq/119-3230000
    503 root      20   0       0      0      0 S   0.0   0.0   0:00.00 spi1
    551 root       0 -20       0      0      0 I   0.0   0.0   0:00.00 btfwwork
    650 root      20   0    8236   6484   1432 S   0.0   0.1   0:00.51 haveged
    653 _rpc      20   0    7932   2260   1912 S   0.0   0.0   0:00.01 rpcbind
    655 systemd+  20   0   26320  13576   8500 S   0.0   0.2   0:00.46 systemd-resolve
    657 systemd+  20   0   88880   6412   5564 S   0.0   0.1   0:00.15 systemd-timesyn
    827 avahi     20   0    8224   3680   3144 S   0.0   0.0   0:00.72 avahi-daemon
    828 root      20   0    9888   4548   4112 S   0.0   0.1   0:00.06 bluetoothd
    840 root      20   0   43504  19808  10212 S   0.0   0.3   0:00.15 networkd-dispat
    851 root      20   0  241620   7020   6316 S   0.0   0.1   0:00.32 power-profiles-
    854 syslog    20   0  222160   7056   3672 S   0.0   0.1   0:02.99 rsyslogd
    860 root      20   0    2240    792    712 S   0.0   0.0   0:00.00 seatd
    866 root      20   0 2145700  49220  25584 S   0.0   0.6   0:21.53 snapd
    871 root      20   0  242128   7456   6576 S   0.0   0.1   0:01.16 accounts-daemon
    872 root      20   0  238124   8280   5636 S   0.0   0.1   0:00.03 switcheroo-cont
    875 root      20   0   49004   7660   6308 S   0.0   0.1   0:01.81 systemd-logind
    876 root      20   0  394252  11960   9468 S   0.0   0.2   0:00.52 udisksd
    878 root      20   0   16636  10300   8304 S   0.0   0.1   0:01.18 wpa_supplicant
    883 avahi     20   0    7812    356      0 S   0.0   0.0   0:00.00 avahi-daemon
    890 root      rt   0       0      0      0 S   0.0   0.0   0:54.50 sugov:0
    893 root      rt   0       0      0      0 S   0.0   0.0   0:23.74 sugov:4
    944 root      30  10   11248   3604   3204 S   0.0   0.0   0:04.62 wifi_mon.sh
   1004 root      20   0    2460   1540   1364 S   0.0   0.0   0:04.26 nvfancontrol
   1045 root      20   0       0      0      0 S   0.0   0.0   0:00.00 sw-quiesce
   1050 root      20   0       0      0      0 S   0.0   0.0   0:11.90 nvgpu_channel_p
   1069 root      20   0       0      0      0 S   0.0   0.0   0:00.00 nvgpu_pg_init_g
   1108 root      20   0       0      0      0 S   0.0   0.0   0:00.00 nvgpu_clk_arb_p
   1129 root      20   0       0      0      0 S   0.0   0.0   0:04.61 RTW_CMD_THREAD
   1158 root      20   0   75936  10084   8260 S   0.0   0.1   0:00.01 nvargus-daemon
   1159 root      20   0   11116   3508   3204 S   0.0   0.0   0:00.04 nvmemwarning.sh
   1173 root      20   0   22192   1776   1580 S   0.0   0.0   0:00.00 nvs-service
   1191 ollama    20   0 2006720  38588  20428 S   0.0   0.5   0:00.61 ollama
   1203 root      20   0    2336   1396   1280 S   0.0   0.0   0:01.61 run-cups-browse
   1206 root      20   0    2336   1376   1248 S   0.0   0.0   0:01.92 run-cupsd
   1219 root      20   0       0      0      0 S   0.0   0.0   0:00.00 pr/ramoops-1
   1221 root      20   0 2093080  74688  33248 S   0.0   1.0   0:50.85 containerd
   1241 root      20   0   10772   2820   2572 S   0.0   0.0   0:00.03 cron
   1276 kernoops  20   0   12812    452      0 S   0.0   0.0   0:00.01 kerneloops
   1277 root      20   0  243100   7964   7012 S   0.0   0.1   0:00.03 gdm3
   1293 root      20   0    9468    732    656 S   0.0   0.0   0:00.00 agetty
   1296 kernoops  20   0   12812    452      0 S   0.0   0.0   0:00.01 kerneloops
   1305 root      20   0    9468    724    648 S   0.0   0.0   0:00.00 agetty
   1322 root      20   0  173408   8800   7628 S   0.0   0.1   0:00.01 gdm-session-wor
   1404 gdm       20   0   18124   9732   7360 S   0.0   0.1   0:00.43 systemd
   1420 root      20   0       0      0      0 S   0.0   0.0   0:00.00 file-storage
   1423 gdm       20   0  172232   4504      0 S   0.0   0.1   0:00.00 (sd-pam)
   1461 root      20   0   15272   8356   6776 S   0.0   0.1   0:00.32 sshd
   1522 root      20   0    3076    988    876 S   0.0   0.0   0:00.00 nvphsd
   1527 root      20   0    3208   1512   1352 S   0.0   0.0   0:00.00 nvphsd
   1680 gdm        9 -11   41968   6472   5156 S   0.0   0.1   0:00.04 pipewire
   1681 gdm       20   0   25480   6440   5112 S   0.0   0.1   0:01.14 pipewire-media-
   1682 gdm        9 -11  891844  20764  12600 S   0.0   0.3   0:00.68 pulseaudio
   1685 gdm       20   0  163948   5500   4980 S   0.0   0.1   0:00.00 gdm-x-session
   1691 root      20   0   24.2g  82884  35884 S   0.0   1.1   0:01.17 Xorg
   1696 rtkit     21   1  153504   1600   1388 S   0.0   0.0   0:00.16 rtkit-daemon
   1705 gdm       20   0    8840   3596   3212 S   0.0   0.0   0:00.01 dbus-daemon
   1731 root      20   0       0      0      0 S   0.0   0.0   0:00.00 nvidia-modeset/
   1732 root      20   0       0      0      0 S   0.0   0.0   0:00.00 nvidia-modeset/
   1734 root      20   0       0      0      0 S   0.0   0.0   0:00.00 nvidia
   1738 root      20   0       0      0      0 S   0.0   0.0   0:00.00 nv_queue
   1782 root      20   0       0      0      0 S   0.0   0.0   0:00.00 nvidia-drm-nv-t
   1783 root     -51   0       0      0      0 S   0.0   0.0   0:00.00 card1-crtc0
   1784 root     -51   0       0      0      0 S   0.0   0.0   0:00.00 card1-crtc1
   1951 gdm       20   0    5876   1556   1344 S   0.0   0.0   0:00.00 dbus-run-sessio
   1954 gdm       20   0    9108   4476   3604 S   0.0   0.1   0:00.13 dbus-daemon
   2026 gdm       20   0  663384  17800  12956 S   0.0   0.2   0:00.55 gnome-session-b
   2051 gdm       20   0  310068   8972   6272 S   0.0   0.1   0:00.00 at-spi-bus-laun
   2056 gdm       20   0    8692   3552   3168 S   0.0   0.0   0:00.00 dbus-daemon
   2084 gdm       20   0  237676   7020   4540 S   0.0   0.1   0:00.00 xdg-permission-
   2091 root      20   0  243852   8092   6980 S   0.0   0.1   0:00.26 upowerd
   2097 root      20   0  301608  19340  16412 S   0.0   0.2   0:00.88 packagekitd
   2099 gdm       20   0 2804036  25696  20860 S   0.0   0.3   0:00.08 gjs
   2101 gdm       20   0  163144   7192   6424 S   0.0   0.1   0:00.01 at-spi2-registr
   2128 gdm       20   0  468748   9916   8000 S   0.0   0.1   0:01.41 gsd-sharing
   2130 gdm       20   0  338880  16940  12620 S   0.0   0.2   0:00.06 gsd-wacom
   2139 gdm       20   0  599188  21500  16928 S   0.0   0.3   0:00.15 gsd-color
   2143 gdm       20   0  316840  11252   6240 S   0.0   0.1   0:00.09 ibus-daemon
   2150 gdm       20   0  338600  15024  13276 S   0.0   0.2   0:00.04 gsd-keyboard
   2151 gdm       20   0  252472   9916   8488 S   0.0   0.1   0:00.02 gsd-print-notif
   2152 gdm       20   0  459796   8176   5436 S   0.0   0.1   0:00.35 gsd-rfkill
   2153 gdm       20   0  388312   9428   6480 S   0.0   0.1   0:00.01 gsd-smartcard
   2160 gdm       20   0  380556  14476  12508 S   0.0   0.2   0:00.03 gsd-datetime
   2167 gdm       20   0  864180  22384  17516 S   0.0   0.3   0:00.28 gsd-media-keys
   2169 gdm       20   0  237936   4760   4376 S   0.0   0.1   0:00.00 gsd-screensaver
   2170 gdm       20   0  322096   8352   7324 S   0.0   0.1   0:00.01 gsd-sound
   2175 gdm       20   0  312416   6072   5492 S   0.0   0.1   0:00.01 gsd-a11y-settin
   2177 gdm       20   0  242216   7024   6228 S   0.0   0.1   0:00.01 gvfsd
   2178 gdm       20   0  314000   6928   6164 S   0.0   0.1   0:00.52 gsd-housekeepin
   2179 gdm       20   0  449976  18248  15904 S   0.0   0.2   0:00.29 gsd-power
   2203 gdm       20   0  347052  12600  10748 S   0.0   0.2   0:00.02 gsd-printer
   2234 colord    20   0  247460  12768   9028 S   0.0   0.2   0:00.22 colord
   2247 gdm       20   0  239040   8612   5940 S   0.0   0.1   0:00.00 ibus-dconf
   2258 gdm       20   0  238936   5920   5492 S   0.0   0.1   0:00.00 ibus-portal
   2281 gdm       20   0 2812420  25808  20904 S   0.0   0.3   0:00.09 gjs
   2300 gdm       20   0  165096   6500   5876 S   0.0   0.1   0:00.00 ibus-engine-sim
   2453 root      20   0  137440  11976   9612 S   0.0   0.2   0:00.65 cupsd
   2465 root      20   0  343140  19372  14152 S   0.0   0.2   0:01.30 cups-browsed
   2557 gdm       20   0  156672   4460   4068 S   0.0   0.1   0:00.00 dconf-service
   3864 root      20   0       0      0      0 I   0.0   0.0   0:12.99 kworker/u12:2-events_freezable_power_
   9961 jetson    20   0   18140   9776   7372 S   0.0   0.1   0:00.33 systemd
   9962 jetson    20   0  172508   4632      0 S   0.0   0.1   0:00.00 (sd-pam)
   9970 jetson    20   0   41976   6552   5228 S   0.0   0.1   0:00.04 pipewire
   9971 jetson    20   0   25488   6720   5380 S   0.0   0.1   0:01.23 pipewire-media-
  10023 jetson    20   0    8888   4148   3656 S   0.0   0.1   0:00.01 dbus-daemon
  10532 root      20   0 1233232  12308   6212 S   0.0   0.2   0:34.77 containerd-shim
  10561 jetson    20   0    5508    776    688 S   0.0   0.0   0:00.20 sleep
  10666 root      20   0   21752   4108   2588 S   0.0   0.1   0:00.23 systemd-udevd
  11619 root      20   0   21748   4060   2540 S   0.0   0.1   0:00.02 systemd-udevd
  11620 root      20   0   21760   4112   2588 S   0.0   0.1   0:00.02 systemd-udevd
  11621 root      20   0   21760   4516   2952 S   0.0   0.1   0:27.61 systemd-udevd
  11634 root      20   0   21760   4016   2496 S   0.0   0.1   0:00.01 systemd-udevd
  11635 root      20   0   21760   4048   2540 S   0.0   0.1   0:00.03 systemd-udevd
  11636 root      20   0   21764   3380   1864 S   0.0   0.0   0:00.01 systemd-udevd
  11648 root      20   0   21764   4008   2468 S   0.0   0.1   0:00.01 systemd-udevd
  11649 root      20   0   21764   3832   2288 S   0.0   0.0   0:00.01 systemd-udevd
  11650 root      20   0   21764   3968   2432 S   0.0   0.1   0:00.00 systemd-udevd
  11653 root      20   0   21764   4496   2944 S   0.0   0.1   0:00.04 systemd-udevd
  11654 root      20   0   21764   4508   2960 S   0.0   0.1   0:00.03 systemd-udevd
 109437 snap_da+  20   0   14484   4632   3932 S   0.0   0.1   0:00.00 dbus
 112737 jetson    20   0  203640  36228  13220 S   0.0   0.5   0:00.70 ros2
 112739 jetson    20   0 2070728  32552  18032 S   0.0   0.4   0:00.36 docker
 112768 root      20   0 1233232  12088   6600 S   0.0   0.2   0:00.91 containerd-shim
 112797 root      20   0   49400  29488  14684 S   0.0   0.4   0:00.36 ros2
 115031 root      20   0  238832   6988   5696 S   0.0   0.1   0:02.63 iio-sensor-prox
 129749 root      20   0       0      0      0 I   0.0   0.0   0:09.22 kworker/u12:5-events_freezable_power_
 189012 jetson    20   0  572504  38556  13204 S   0.0   0.5   0:01.38 ros2
 189431 jetson    20   0  796980  41908  13220 S   0.0   0.5   0:01.33 ros2
 189475 jetson    20   0   11248   3072   2752 S   0.0   0.0   0:05.01 bash
 189596 jetson    20   0   53012  29660  15012 S   0.0   0.4   0:00.34 ros2
 206274 root      20   0       0      0      0 I   0.0   0.0   0:10.43 kworker/u12:9-events_unbound
 244731 root      20   0       0      0      0 I   0.0   0.0   0:01.24 kworker/1:2-cgroup_destroy
 286436 root      20   0       0      0      0 I   0.0   0.0   0:08.51 kworker/u12:0-events_unbound
 344667 root      20   0       0      0      0 I   0.0   0.0   0:00.58 kworker/0:3-events
 349442 root      20   0       0      0      0 I   0.0   0.0   0:05.65 kworker/u12:6-events_unbound
 367657 root       0 -20       0      0      0 I   0.0   0.0   0:11.77 kworker/u13:2-uvcvideo
 403545 root      20   0       0      0      0 I   0.0   0.0   0:04.04 kworker/u12:8-events_unbound
 441418 root      20   0       0      0      0 I   0.0   0.0   0:02.88 kworker/u12:7-events_freezable_power_
 443709 root      20   0       0      0      0 I   0.0   0.0   0:00.14 kworker/3:2-cgroup_destroy
 445412 root      20   0       0      0      0 I   0.0   0.0   0:00.25 kworker/2:1-mm_percpu_wq
 448401 root      20   0       0      0      0 I   0.0   0.0   0:00.00 kworker/5:2-events
 467530 root      20   0       0      0      0 I   0.0   0.0   0:01.91 kworker/u12:3-events_unbound
 468909 jetson    20   0   11116   3036   2756 S   0.0   0.0   0:01.62 bash
 480561 root      20   0       0      0      0 I   0.0   0.0   0:00.00 kworker/4:1-events
 483353 root      20   0       0      0      0 I   0.0   0.0   0:00.00 kworker/2:3-events
 489026 root      20   0       0      0      0 I   0.0   0.0   0:01.19 kworker/u12:10-events_freezable_power_
 496325 root      20   0       0      0      0 I   0.0   0.0   0:00.11 kworker/3:0-mm_percpu_wq
 499790 root       0 -20       0      0      0 I   0.0   0.0   0:02.36 kworker/u13:4-uvcvideo
 511663 root      20   0       0      0      0 I   0.0   0.0   0:00.00 kworker/0:1-cgroup_destroy
 514145 root      20   0       0      0      0 I   0.0   0.0   0:00.04 kworker/5:1-events
 514952 root      20   0       0      0      0 I   0.0   0.0   0:00.03 kworker/4:0-rcu_gp
 520043 root       0 -20       0      0      0 I   0.0   0.0   0:01.16 kworker/u13:0-uvcvideo
 528481 root      20   0       0      0      0 I   0.0   0.0   0:00.00 kworker/1:0-events
 528980 root      20   0    9436    780    704 S   0.0   0.0   0:00.00 sleep
 530050 root      20   0       0      0      0 I   0.0   0.0   0:00.00 kworker/3:1-cgroup_destroy
 530052 root      20   0       0      0      0 I   0.0   0.0   0:00.00 kworker/2:0-cgroup_destroy
 530228 root      20   0       0      0      0 I   0.0   0.0   0:00.00 kworker/3:3-cgroup_destroy
 530300 root      20   0       0      0      0 I   0.0   0.0   0:00.00 kworker/2:2-events
 532747 root      20   0       0      0      0 I   0.0   0.0   0:00.00 kworker/0:0-events
 533529 jetson    20   0   11248   3304   2868 S   0.0   0.0   0:00.03 bash
 536438 root      30  10   11248   1592   1192 S   0.0   0.0   0:00.00 wifi_mon.sh
 536439 root      30  10   11248   1784   1384 S   0.0   0.0   0:00.00 wifi_mon.sh
 536440 root      30  10    9444    788    712 S   0.0   0.0   0:00.00 timeout
 536442 root      30  10    2768   1084    960 S   0.0   0.0   0:00.00 iw
 536497 jetson    20   0   11248   3288   2852 S   0.0   0.0   0:00.01 bash
 536849 jetson    20   0    9480    820    736 S   0.0   0.0   0:00.00 tail
 536937 jetson    20   0    9436    784    704 S   0.0   0.0   0:00.00 sleep

top - 12:24:06 up  3:27,  0 users,  load average: 8.87, 4.96, 3.71
Tasks: 357 total,   2 running, 355 sleeping,   0 stopped,   0 zombie
%Cpu(s): 47.6 us, 35.3 sy,  0.0 ni,  7.5 id,  0.0 wa,  3.3 hi,  6.4 si,  0.0 st
MiB Mem :   7607.4 total,   2835.3 free,   2055.3 used,   2716.7 buff/cache
MiB Swap:   3803.7 total,   3803.7 free,      0.0 used.   5253.6 avail Mem 

    PID USER      PR  NI    VIRT    RES    SHR S  %CPU  %MEM     TIME+ COMMAND
 112823 root      20   0 1235152  44624  11476 S  75.1   0.6   9:31.26 micro_ros_agent
 189211 jetson    20   0  506208  35400  18400 S  34.9   0.5  12:49.52 ekf_node
 536848 jetson    20   0  753116  70820  29568 R  33.0   0.9   0:01.99 python3
 189612 jetson    20   0 9355088 429504  86828 S  31.1   5.5  17:33.64 nvblox_node
 189209 jetson    20   0  709056  62924  27264 S  29.7   0.8  42:45.01 python3
 536577 jetson    20   0  763888  55444  25424 S  29.2   0.7   0:02.45 ros2
 189322 jetson    20   0  904164  49468  24052 S  28.2   0.6   3:25.73 async_slam_tool
 189435 jetson    20   0  963220  49692  23640 S  24.9   0.6  11:27.49 controller_serv
 189439 jetson    20   0 1062720  71456  24728 S  24.4   0.9   9:58.76 planner_server
 189443 jetson    20   0  530952  46392  26204 S  23.9   0.6   9:49.51 bt_navigator
 189437 jetson    20   0  656432  34844  19416 S  17.7   0.4   6:56.60 smoother_server
 189441 jetson    20   0  516476  35524  21032 S  16.7   0.5   8:11.61 behavior_server
 189014 jetson    20   0 1750472 105416  51332 S  15.8   1.4  15:39.76 realsense2_came
 189018 jetson    20   0  432956  26708  14244 S  15.3   0.3  18:45.28 rplidar_node
 189473 jetson    20   0  577396  31376  16252 S  14.4   0.4  12:31.44 lifecycle_manag
 189022 jetson    20   0 1082604  56652  26332 S  12.0   0.7   0:57.85 foxglove_bridge
 189020 jetson    20   0  707980  61272  27440 S  10.0   0.8   9:17.10 python3
 189462 jetson    20   0  428560  29632  15952 S   9.1   0.4   5:37.37 velocity_smooth
 189433 jetson    20   0  709716  63544  27368 S   8.6   0.8   4:44.00 python3
 189447 jetson    20   0  431308  30976  17020 S   8.6   0.4   5:41.01 waypoint_follow
 189016 jetson    20   0  709040  65192  27268 S   6.7   0.8   4:03.28 python3
 113162 jetson    20   0  920440  65760  26672 S   4.3   0.8   0:45.15 python3
 112741 jetson    20   0  428380  30784  15880 S   3.8   0.4   0:43.93 robot_state_pub
 469901 root       0 -20       0      0      0 I   1.0   0.0   0:01.84 kworker/u13:3-uvcvideo
 536578 jetson    20   0   14340   3388   2776 R   1.0   0.0   0:00.10 top
     40 root      20   0       0      0      0 S   0.5   0.0   0:00.87 ksoftirqd/5
    256 root      19  -1   48768  12064  10448 S   0.5   0.2   0:14.70 systemd-journal
    312 root      20   0   23872   6336   4084 S   0.5   0.1   0:14.32 systemd-udevd
    329 root      20   0   23572   6908   4792 S   0.5   0.1   0:48.39 systemd-udevd
    866 root      20   0 2145700  49220  25584 S   0.5   0.6   0:21.54 snapd
    893 root      rt   0       0      0      0 S   0.5   0.0   0:23.75 sugov:4
   1004 root      20   0    2460   1540   1364 S   0.5   0.0   0:04.27 nvfancontrol
   1221 root      20   0 2093080  74688  33248 S   0.5   1.0   0:50.86 containerd
 129749 root      20   0       0      0      0 I   0.5   0.0   0:09.23 kworker/u12:5-events_unbound
 189431 jetson    20   0  796980  41908  13220 S   0.5   0.5   0:01.34 ros2
 189475 jetson    20   0   11248   3072   2752 S   0.5   0.0   0:05.02 bash
 403545 root      20   0       0      0      0 I   0.5   0.0   0:04.05 kworker/u12:8-events_freezable_power_
 441418 root      20   0       0      0      0 I   0.5   0.0   0:02.89 kworker/u12:7-events_unbound
 468909 jetson    20   0   11116   3036   2756 S   0.5   0.0   0:01.63 bash
      1 root      20   0  167880  11776   7444 S   0.0   0.2   0:15.87 systemd
      2 root      20   0       0      0      0 S   0.0   0.0   0:00.02 kthreadd
      3 root       0 -20       0      0      0 I   0.0   0.0   0:00.00 rcu_gp
      4 root       0 -20       0      0      0 I   0.0   0.0   0:00.00 rcu_par_gp
      5 root       0 -20       0      0      0 I   0.0   0.0   0:00.00 slub_flushwq
      6 root       0 -20       0      0      0 I   0.0   0.0   0:00.00 netns
      8 root       0 -20       0      0      0 I   0.0   0.0   0:00.00 kworker/0:0H-events_highpri
     10 root       0 -20       0      0      0 I   0.0   0.0   0:00.00 mm_percpu_wq
     11 root      20   0       0      0      0 S   0.0   0.0   0:00.00 rcu_tasks_kthre
     12 root      20   0       0      0      0 S   0.0   0.0   0:00.00 rcu_tasks_rude_
     13 root      20   0       0      0      0 S   0.0   0.0   0:00.00 rcu_tasks_trace
     14 root      20   0       0      0      0 S   0.0   0.0   0:09.20 ksoftirqd/0
     15 root      20   0       0      0      0 I   0.0   0.0   0:05.57 rcu_preempt
     16 root      rt   0       0      0      0 S   0.0   0.0   0:00.03 migration/0
     17 root      20   0       0      0      0 S   0.0   0.0   0:00.00 cpuhp/0
     18 root      20   0       0      0      0 S   0.0   0.0   0:00.00 cpuhp/1
     19 root      rt   0       0      0      0 S   0.0   0.0   0:00.03 migration/1
     20 root      20   0       0      0      0 S   0.0   0.0   0:01.10 ksoftirqd/1
     22 root       0 -20       0      0      0 I   0.0   0.0   0:00.00 kworker/1:0H-events_highpri
     23 root      20   0       0      0      0 S   0.0   0.0   0:00.00 cpuhp/2
     24 root      rt   0       0      0      0 S   0.0   0.0   0:00.03 migration/2
     25 root      20   0       0      0      0 S   0.0   0.0   0:01.10 ksoftirqd/2
     27 root       0 -20       0      0      0 I   0.0   0.0   0:00.00 kworker/2:0H-events_highpri
     28 root      20   0       0      0      0 S   0.0   0.0   0:00.00 cpuhp/3
     29 root      rt   0       0      0      0 S   0.0   0.0   0:00.02 migration/3
     30 root      20   0       0      0      0 S   0.0   0.0   0:01.07 ksoftirqd/3
     32 root       0 -20       0      0      0 I   0.0   0.0   0:00.00 kworker/3:0H-events_highpri
     33 root      20   0       0      0      0 S   0.0   0.0   0:00.00 cpuhp/4
     34 root      rt   0       0      0      0 S   0.0   0.0   0:00.07 migration/4
     35 root      20   0       0      0      0 S   0.0   0.0   0:00.94 ksoftirqd/4
     37 root       0 -20       0      0      0 I   0.0   0.0   0:00.00 kworker/4:0H-events_highpri
     38 root      20   0       0      0      0 S   0.0   0.0   0:00.00 cpuhp/5
     39 root      rt   0       0      0      0 S   0.0   0.0   0:00.07 migration/5
     42 root       0 -20       0      0      0 I   0.0   0.0   0:00.00 kworker/5:0H-kblockd
     43 root      20   0       0      0      0 S   0.0   0.0   0:00.00 kdevtmpfs
     44 root       0 -20       0      0      0 I   0.0   0.0   0:00.00 inet_frag_wq
     51 root      20   0       0      0      0 S   0.0   0.0   0:00.00 kauditd
     52 root      20   0       0      0      0 S   0.0   0.0   0:00.00 oom_reaper
     53 root       0 -20       0      0      0 I   0.0   0.0   0:00.00 writeback
     54 root      20   0       0      0      0 S   0.0   0.0   0:00.10 kcompactd0
     55 root      25   5       0      0      0 S   0.0   0.0   0:00.00 ksmd
     56 root      39  19       0      0      0 S   0.0   0.0   0:00.89 khugepaged
     67 root       0 -20       0      0      0 I   0.0   0.0   0:00.00 cryptd
     86 root       0 -20       0      0      0 I   0.0   0.0   0:00.00 kintegrityd
     87 root       0 -20       0      0      0 I   0.0   0.0   0:00.00 kblockd
     88 root       0 -20       0      0      0 I   0.0   0.0   0:00.00 blkcg_punt_bio
     89 root       0 -20       0      0      0 I   0.0   0.0   0:00.00 tpm_dev_wq
     90 root       0 -20       0      0      0 I   0.0   0.0   0:00.00 ata_sff
     91 root       0 -20       0      0      0 I   0.0   0.0   0:00.00 edac-poller
     92 root       0 -20       0      0      0 I   0.0   0.0   0:00.00 devfreq_wq
     93 root     -51   0       0      0      0 S   0.0   0.0   0:00.00 watchdogd
     96 root       0 -20       0      0      0 I   0.0   0.0   0:00.04 kworker/0:1H-kblockd
     97 root       0 -20       0      0      0 I   0.0   0.0   0:00.00 rpciod
     99 root       0 -20       0      0      0 I   0.0   0.0   0:00.00 xprtiod
    127 root      20   0       0      0      0 S   0.0   0.0   0:00.00 kswapd0
    128 root       0 -20       0      0      0 I   0.0   0.0   0:00.00 nfsiod
    132 root       0 -20       0      0      0 I   0.0   0.0   0:00.00 vfio-irqfd-clea
    133 root       0 -20       0      0      0 I   0.0   0.0   0:00.00 bch_btree_io
    134 root       0 -20       0      0      0 I   0.0   0.0   0:00.00 bcache
    135 root       0 -20       0      0      0 I   0.0   0.0   0:00.00 bch_journal
    136 root       0 -20       0      0      0 I   0.0   0.0   0:00.00 dm_bufio_cache
    140 root      10 -10       0      0      0 S   0.0   0.0   0:00.00 krfcommd
    141 root      20   0       0      0      0 S   0.0   0.0   0:00.00 pr/tty0
    142 root      20   0       0      0      0 S   0.0   0.0   0:03.01 pr/ttyTCU0
    145 root     -51   0       0      0      0 S   0.0   0.0   0:00.00 irq/114-3160000
    147 root     -51   0       0      0      0 S   0.0   0.0   0:00.00 irq/115-3180000
    149 root     -51   0       0      0      0 S   0.0   0.0   0:00.00 irq/116-31b0000
    150 root     -51   0       0      0      0 S   0.0   0.0   0:00.00 irq/167-c240000
    151 root     -51   0       0      0      0 S   0.0   0.0   0:00.00 irq/168-c250000
    152 root     -51   0       0      0      0 S   0.0   0.0   0:00.00 irq/125-3610000
    153 root     -51   0       0      0      0 S   0.0   0.0   0:00.00 irq/122-3610000
    154 root       0 -20       0      0      0 I   0.0   0.0   0:00.00 sdhci
    155 root     -51   0       0      0      0 S   0.0   0.0   0:00.00 irq/120-mmc0
    156 root     -51   0       0      0      0 S   0.0   0.0   0:00.00 irq/230-3400000
    178 root     -51   0       0      0      0 S   0.0   0.0   0:00.00 irq/191-tegra-p
    179 root       0 -20       0      0      0 I   0.0   0.0   0:00.00 nvme-wq
    180 root       0 -20       0      0      0 I   0.0   0.0   0:00.00 nvme-reset-wq
    181 root       0 -20       0      0      0 I   0.0   0.0   0:00.00 nvme-delete-wq
    190 root     -51   0       0      0      0 S   0.0   0.0   0:00.00 irq/191-aerdrv
    191 root     -51   0       0      0      0 S   0.0   0.0   0:00.00 irq/193-tegra-p
    194 root     -51   0       0      0      0 S   0.0   0.0   0:00.00 irq/193-aerdrv
    195 root     -51   0       0      0      0 S   0.0   0.0   0:00.00 irq/195-tegra-p
    197 root     -51   0       0      0      0 S   0.0   0.0   0:00.00 irq/232-nvme0q0
    198 root     -51   0       0      0      0 S   0.0   0.0   0:00.38 irq/233-nvme0q1
    199 root     -51   0       0      0      0 S   0.0   0.0   0:00.37 irq/234-nvme0q2
    200 root     -51   0       0      0      0 S   0.0   0.0   0:00.43 irq/235-nvme0q3
    201 root     -51   0       0      0      0 S   0.0   0.0   0:00.29 irq/236-nvme0q4
    202 root     -51   0       0      0      0 S   0.0   0.0   0:00.11 irq/237-nvme0q5
    203 root     -51   0       0      0      0 S   0.0   0.0   0:00.11 irq/238-nvme0q6
    210 root       0 -20       0      0      0 I   0.0   0.0   0:00.05 kworker/5:1H-kblockd
    211 root      20   0       0      0      0 S   0.0   0.0   0:00.79 jbd2/nvme0n1p1-
    212 root       0 -20       0      0      0 I   0.0   0.0   0:00.00 ext4-rsv-conver
    221 root       0 -20       0      0      0 I   0.0   0.0   0:00.00 mld
    222 root       0 -20       0      0      0 I   0.0   0.0   0:00.03 kworker/1:1H-kblockd
    223 root       0 -20       0      0      0 I   0.0   0.0   0:00.00 ipv6_addrconf
    253 root       0 -20       0      0      0 I   0.0   0.0   0:00.04 kworker/3:1H-kblockd
    275 root       0 -20       0      0      0 I   0.0   0.0   0:00.04 kworker/2:1H-kblockd
    280 root      39  19       0      0      0 S   0.0   0.0   0:00.48 nvmap-bz
    281 root     -51   0       0      0      0 S   0.0   0.0   0:00.00 irq/188-host1x_
    284 root     -51   0       0      0      0 S   0.0   0.0   0:00.00 irq/197-gk20a_s
    285 root     -51   0       0      0      0 S   0.0   0.0   0:00.01 irq/198-gk20a_s
    286 root     -51   0       0      0      0 S   0.0   0.0   0:00.01 irq/199-gk20a_s
    287 root     -51   0       0      0      0 S   0.0   0.0   0:00.00 irq/200-gk20a_n
    293 root      20   0   11116   3456   3200 S   0.0   0.0   0:00.00 nv-tee-supplica
    300 root      20   0  150380   1344   1232 S   0.0   0.0   0:00.01 tee-supplicant
    302 root       0 -20       0      0      0 I   0.0   0.0   0:00.00 optee_bus_scan
    313 root      20   0   23220   4796   3028 S   0.0   0.1   0:00.08 systemd-udevd
    314 root      20   0   24292   6724   3856 S   0.0   0.1   0:00.17 systemd-udevd
    315 root      20   0   23252   5932   4012 S   0.0   0.1   0:00.37 systemd-udevd
    316 root      20   0   23216   4780   3004 S   0.0   0.1   0:00.21 systemd-udevd
    317 root      20   0   23520   5532   3480 S   0.0   0.1   0:00.14 systemd-udevd
    318 root      20   0   23216   5256   3456 S   0.0   0.1   0:00.39 systemd-udevd
    319 root      20   0   23216   5360   3528 S   0.0   0.1   0:00.28 systemd-udevd
    320 root      20   0   23264   5404   3480 S   0.0   0.1   0:00.13 systemd-udevd
    321 root      20   0   23216   5884   4040 S   0.0   0.1   0:00.29 systemd-udevd
    322 root      20   0   23216   5084   3276 S   0.0   0.1   0:00.13 systemd-udevd
    323 root      20   0   23240   5820   3912 S   0.0   0.1   0:00.12 systemd-udevd
    324 root      20   0   23268   5436   3500 S   0.0   0.1   0:00.15 systemd-udevd
    325 root      20   0   23216   5908   4044 S   0.0   0.1   0:00.62 systemd-udevd
    326 root      20   0   23216   4580   2760 S   0.0   0.1   0:00.11 systemd-udevd
    327 root      20   0   23528   5324   3256 S   0.0   0.1   0:00.11 systemd-udevd
    328 root      20   0   23216   5100   3284 S   0.0   0.1   0:00.13 systemd-udevd
    330 root      20   0   23216   5104   3280 S   0.0   0.1   0:00.11 systemd-udevd
    331 root      20   0   23216   5140   3312 S   0.0   0.1   0:00.27 systemd-udevd
    332 root      20   0   23264   5160   3236 S   0.0   0.1   0:00.18 systemd-udevd
    333 root      20   0   23216   5496   3668 S   0.0   0.1   0:00.11 systemd-udevd
    334 root      20   0   23216   4972   3156 S   0.0   0.1   0:00.27 systemd-udevd
    336 root      20   0   23216   5080   3248 S   0.0   0.1   0:00.26 systemd-udevd
    337 root      20   0   23276   4580   2644 S   0.0   0.1   0:00.11 systemd-udevd
    338 root      20   0   23280   6100   4152 S   0.0   0.1   0:00.24 systemd-udevd
    339 root      20   0   23548   6220   4128 S   0.0   0.1   0:00.35 systemd-udevd
    340 root      20   0   23216   5620   3796 S   0.0   0.1   0:00.21 systemd-udevd
    341 root      20   0   23216   4940   3108 S   0.0   0.1   0:00.17 systemd-udevd
    344 root       0 -20       0      0      0 I   0.0   0.0   0:00.05 kworker/4:1H-kblockd
    388 root     -51   0       0      0      0 S   0.0   0.0   0:00.00 irq/189-tegra-p
    397 root      20   0       0      0      0 S   0.0   0.0   0:00.00 15820000.crypto
    398 root      20   0       0      0      0 S   0.0   0.0   0:00.00 15840000.crypto
    420 root     -51   0       0      0      0 S   0.0   0.0   0:00.00 irq/189-aerdrv
    422 root     -51   0       0      0      0 S   0.0   0.0   0:00.00 irq/219-bc00000
    423 root      -2   0       0      0      0 S   0.0   0.0   0:00.00 capture-control
    424 root      -2   0       0      0      0 S   0.0   0.0   0:00.00 capture
    425 root     -51   0       0      0      0 S   0.0   0.0   0:00.00 irq/214-tegra_d
    426 root     -51   0       0      0      0 S   0.0   0.0   0:00.00 irq/215-tegra_d
    427 root       0 -20       0      0      0 I   0.0   0.0   0:00.00 dce-async-ipc-w
    428 root     -51   0       0      0      0 S   0.0   0.0   0:00.00 irq/240-nvvrs-p
    429 root      20   0       0      0      0 S   0.0   0.0   0:00.00 nv_queue
    430 root      20   0       0      0      0 S   0.0   0.0   0:00.00 nv_queue
    484 root       0 -20       0      0      0 I   0.0   0.0   0:00.00 cfg80211
    485 root     -51   0       0      0      0 S   0.0   0.0   0:00.00 irq/118-3210000
    489 root      20   0       0      0      0 S   0.0   0.0   0:00.00 spi0
    498 root     -51   0       0      0      0 S   0.0   0.0   0:00.00 irq/119-3230000
    503 root      20   0       0      0      0 S   0.0   0.0   0:00.00 spi1
    551 root       0 -20       0      0      0 I   0.0   0.0   0:00.00 btfwwork
    650 root      20   0    8236   6484   1432 S   0.0   0.1   0:00.51 haveged
    653 _rpc      20   0    7932   2260   1912 S   0.0   0.0   0:00.01 rpcbind
    655 systemd+  20   0   26320  13576   8500 S   0.0   0.2   0:00.46 systemd-resolve
    657 systemd+  20   0   88880   6412   5564 S   0.0   0.1   0:00.15 systemd-timesyn
    827 avahi     20   0    8224   3680   3144 S   0.0   0.0   0:00.72 avahi-daemon
    828 root      20   0    9888   4548   4112 S   0.0   0.1   0:00.06 bluetoothd
    829 message+  20   0   10456   5684   3584 S   0.0   0.1   0:21.67 dbus-daemon
    830 root      20   0  338724  21060  14884 S   0.0   0.3   0:21.05 NetworkManager
    840 root      20   0   43504  19808  10212 S   0.0   0.3   0:00.15 networkd-dispat
    851 root      20   0  241620   7020   6316 S   0.0   0.1   0:00.32 power-profiles-
    854 syslog    20   0  222160   7056   3672 S   0.0   0.1   0:02.99 rsyslogd
    860 root      20   0    2240    792    712 S   0.0   0.0   0:00.00 seatd
    871 root      20   0  242128   7456   6576 S   0.0   0.1   0:01.16 accounts-daemon
    872 root      20   0  238124   8280   5636 S   0.0   0.1   0:00.03 switcheroo-cont
    875 root      20   0   49004   7660   6308 S   0.0   0.1   0:01.81 systemd-logind
    876 root      20   0  394252  11960   9468 S   0.0   0.2   0:00.52 udisksd
    878 root      20   0   16636  10300   8304 S   0.0   0.1   0:01.18 wpa_supplicant
    883 avahi     20   0    7812    356      0 S   0.0   0.0   0:00.00 avahi-daemon
    890 root      rt   0       0      0      0 S   0.0   0.0   0:54.50 sugov:0
    944 root      30  10   11248   3604   3204 S   0.0   0.0   0:04.62 wifi_mon.sh
    969 root      20   0  237048  10420   6400 S   0.0   0.1   1:31.41 polkitd
   1045 root      20   0       0      0      0 S   0.0   0.0   0:00.00 sw-quiesce
   1050 root      20   0       0      0      0 S   0.0   0.0   0:11.90 nvgpu_channel_p
   1069 root      20   0       0      0      0 S   0.0   0.0   0:00.00 nvgpu_pg_init_g
   1108 root      20   0       0      0      0 S   0.0   0.0   0:00.00 nvgpu_clk_arb_p
   1129 root      20   0       0      0      0 S   0.0   0.0   0:04.61 RTW_CMD_THREAD
   1158 root      20   0   75936  10084   8260 S   0.0   0.1   0:00.01 nvargus-daemon
   1159 root      20   0   11116   3508   3204 S   0.0   0.0   0:00.04 nvmemwarning.sh
   1173 root      20   0   22192   1776   1580 S   0.0   0.0   0:00.00 nvs-service
   1191 ollama    20   0 2006720  38588  20428 S   0.0   0.5   0:00.61 ollama
   1203 root      20   0    2336   1396   1280 S   0.0   0.0   0:01.61 run-cups-browse
   1206 root      20   0    2336   1376   1248 S   0.0   0.0   0:01.92 run-cupsd
   1219 root      20   0       0      0      0 S   0.0   0.0   0:00.00 pr/ramoops-1
   1241 root      20   0   10772   2820   2572 S   0.0   0.0   0:00.03 cron
   1276 kernoops  20   0   12812    452      0 S   0.0   0.0   0:00.01 kerneloops
   1277 root      20   0  243100   7964   7012 S   0.0   0.1   0:00.03 gdm3
   1293 root      20   0    9468    732    656 S   0.0   0.0   0:00.00 agetty
   1296 kernoops  20   0   12812    452      0 S   0.0   0.0   0:00.01 kerneloops
   1305 root      20   0    9468    724    648 S   0.0   0.0   0:00.00 agetty
   1322 root      20   0  173408   8800   7628 S   0.0   0.1   0:00.01 gdm-session-wor
   1404 gdm       20   0   18124   9732   7360 S   0.0   0.1   0:00.43 systemd
   1420 root      20   0       0      0      0 S   0.0   0.0   0:00.00 file-storage
   1423 gdm       20   0  172232   4504      0 S   0.0   0.1   0:00.00 (sd-pam)
   1461 root      20   0   15272   8356   6776 S   0.0   0.1   0:00.32 sshd
   1522 root      20   0    3076    988    876 S   0.0   0.0   0:00.00 nvphsd
   1527 root      20   0    3208   1512   1352 S   0.0   0.0   0:00.00 nvphsd
   1570 root      20   0 2426540 117424  57248 S   0.0   1.5   0:51.72 dockerd
   1680 gdm        9 -11   41968   6472   5156 S   0.0   0.1   0:00.04 pipewire
   1681 gdm       20   0   25480   6440   5112 S   0.0   0.1   0:01.14 pipewire-media-
   1682 gdm        9 -11  891844  20764  12600 S   0.0   0.3   0:00.68 pulseaudio
   1685 gdm       20   0  163948   5500   4980 S   0.0   0.1   0:00.00 gdm-x-session
   1691 root      20   0   24.2g  82884  35884 S   0.0   1.1   0:01.17 Xorg
   1696 rtkit     21   1  153504   1600   1388 S   0.0   0.0   0:00.16 rtkit-daemon
   1705 gdm       20   0    8840   3596   3212 S   0.0   0.0   0:00.01 dbus-daemon
   1731 root      20   0       0      0      0 S   0.0   0.0   0:00.00 nvidia-modeset/
   1732 root      20   0       0      0      0 S   0.0   0.0   0:00.00 nvidia-modeset/
   1734 root      20   0       0      0      0 S   0.0   0.0   0:00.00 nvidia
   1738 root      20   0       0      0      0 S   0.0   0.0   0:00.00 nv_queue
   1782 root      20   0       0      0      0 S   0.0   0.0   0:00.00 nvidia-drm-nv-t
   1783 root     -51   0       0      0      0 S   0.0   0.0   0:00.00 card1-crtc0
   1784 root     -51   0       0      0      0 S   0.0   0.0   0:00.00 card1-crtc1
   1951 gdm       20   0    5876   1556   1344 S   0.0   0.0   0:00.00 dbus-run-sessio
   1954 gdm       20   0    9108   4476   3604 S   0.0   0.1   0:00.13 dbus-daemon
   2026 gdm       20   0  663384  17800  12956 S   0.0   0.2   0:00.55 gnome-session-b
   2051 gdm       20   0  310068   8972   6272 S   0.0   0.1   0:00.00 at-spi-bus-laun
   2056 gdm       20   0    8692   3552   3168 S   0.0   0.0   0:00.00 dbus-daemon
   2067 gdm       20   0 3397568 136708  73336 S   0.0   1.8   0:26.64 gnome-shell
   2084 gdm       20   0  237676   7020   4540 S   0.0   0.1   0:00.00 xdg-permission-
   2091 root      20   0  243852   8092   6980 S   0.0   0.1   0:00.26 upowerd
   2097 root      20   0  301608  19340  16412 S   0.0   0.2   0:00.88 packagekitd
   2099 gdm       20   0 2804036  25696  20860 S   0.0   0.3   0:00.08 gjs
   2101 gdm       20   0  163144   7192   6424 S   0.0   0.1   0:00.01 at-spi2-registr
   2128 gdm       20   0  468748   9916   8000 S   0.0   0.1   0:01.41 gsd-sharing
   2130 gdm       20   0  338880  16940  12620 S   0.0   0.2   0:00.06 gsd-wacom
   2139 gdm       20   0  599188  21500  16928 S   0.0   0.3   0:00.15 gsd-color
   2143 gdm       20   0  316840  11252   6240 S   0.0   0.1   0:00.09 ibus-daemon
   2150 gdm       20   0  338600  15024  13276 S   0.0   0.2   0:00.04 gsd-keyboard
   2151 gdm       20   0  252472   9916   8488 S   0.0   0.1   0:00.02 gsd-print-notif
   2152 gdm       20   0  459796   8176   5436 S   0.0   0.1   0:00.35 gsd-rfkill
   2153 gdm       20   0  388312   9428   6480 S   0.0   0.1   0:00.01 gsd-smartcard
   2160 gdm       20   0  380556  14476  12508 S   0.0   0.2   0:00.03 gsd-datetime
   2167 gdm       20   0  864180  22384  17516 S   0.0   0.3   0:00.28 gsd-media-keys
   2169 gdm       20   0  237936   4760   4376 S   0.0   0.1   0:00.00 gsd-screensaver
   2170 gdm       20   0  322096   8352   7324 S   0.0   0.1   0:00.01 gsd-sound
   2175 gdm       20   0  312416   6072   5492 S   0.0   0.1   0:00.01 gsd-a11y-settin
   2177 gdm       20   0  242216   7024   6228 S   0.0   0.1   0:00.01 gvfsd
   2178 gdm       20   0  314000   6928   6164 S   0.0   0.1   0:00.52 gsd-housekeepin
   2179 gdm       20   0  449976  18248  15904 S   0.0   0.2   0:00.29 gsd-power
   2203 gdm       20   0  347052  12600  10748 S   0.0   0.2   0:00.02 gsd-printer
   2234 colord    20   0  247460  12768   9028 S   0.0   0.2   0:00.22 colord
   2247 gdm       20   0  239040   8612   5940 S   0.0   0.1   0:00.00 ibus-dconf
   2258 gdm       20   0  238936   5920   5492 S   0.0   0.1   0:00.00 ibus-portal
   2281 gdm       20   0 2812420  25808  20904 S   0.0   0.3   0:00.09 gjs
   2300 gdm       20   0  165096   6500   5876 S   0.0   0.1   0:00.00 ibus-engine-sim
   2453 root      20   0  137440  11976   9612 S   0.0   0.2   0:00.65 cupsd
   2465 root      20   0  343140  19372  14152 S   0.0   0.2   0:01.30 cups-browsed
   2557 gdm       20   0  156672   4460   4068 S   0.0   0.1   0:00.00 dconf-service
   3864 root      20   0       0      0      0 I   0.0   0.0   0:12.99 kworker/u12:2-events_freezable_power_
   9961 jetson    20   0   18140   9776   7372 S   0.0   0.1   0:00.33 systemd
   9962 jetson    20   0  172508   4632      0 S   0.0   0.1   0:00.00 (sd-pam)
   9970 jetson    20   0   41976   6552   5228 S   0.0   0.1   0:00.04 pipewire
   9971 jetson    20   0   25488   6720   5380 S   0.0   0.1   0:01.23 pipewire-media-
  10023 jetson    20   0    8888   4148   3656 S   0.0   0.1   0:00.01 dbus-daemon
  10532 root      20   0 1233232  12308   6212 S   0.0   0.2   0:34.77 containerd-shim
  10561 jetson    20   0    5508    776    688 S   0.0   0.0   0:00.20 sleep
  10658 root      20   0   21764   5404   3884 S   0.0   0.1   0:13.57 systemd-udevd
  10666 root      20   0   21752   4108   2588 S   0.0   0.1   0:00.23 systemd-udevd
  11619 root      20   0   21748   4060   2540 S   0.0   0.1   0:00.02 systemd-udevd
  11620 root      20   0   21760   4112   2588 S   0.0   0.1   0:00.02 systemd-udevd
  11621 root      20   0   21760   4516   2952 S   0.0   0.1   0:27.61 systemd-udevd
  11634 root      20   0   21760   4016   2496 S   0.0   0.1   0:00.01 systemd-udevd
  11635 root      20   0   21760   4048   2540 S   0.0   0.1   0:00.03 systemd-udevd
  11636 root      20   0   21764   3380   1864 S   0.0   0.0   0:00.01 systemd-udevd
  11648 root      20   0   21764   4008   2468 S   0.0   0.1   0:00.01 systemd-udevd
  11649 root      20   0   21764   3832   2288 S   0.0   0.0   0:00.01 systemd-udevd
  11650 root      20   0   21764   3968   2432 S   0.0   0.1   0:00.00 systemd-udevd
  11653 root      20   0   21764   4496   2944 S   0.0   0.1   0:00.04 systemd-udevd
  11654 root      20   0   21764   4508   2960 S   0.0   0.1   0:00.03 systemd-udevd
 109437 snap_da+  20   0   14484   4632   3932 S   0.0   0.1   0:00.00 dbus
 112737 jetson    20   0  203640  36228  13220 S   0.0   0.5   0:00.70 ros2
 112739 jetson    20   0 2070728  32552  18032 S   0.0   0.4   0:00.36 docker
 112768 root      20   0 1233232  12088   6600 S   0.0   0.2   0:00.91 containerd-shim
 112797 root      20   0   49400  29488  14684 S   0.0   0.4   0:00.36 ros2
 115031 root      20   0  238832   6988   5696 S   0.0   0.1   0:02.63 iio-sensor-prox
 189012 jetson    20   0  572504  38556  13204 S   0.0   0.5   0:01.38 ros2
 189320 jetson    20   0  129772  36300  13220 S   0.0   0.5   0:00.73 ros2
 189596 jetson    20   0   53012  29660  15012 S   0.0   0.4   0:00.34 ros2
 206274 root      20   0       0      0      0 I   0.0   0.0   0:10.43 kworker/u12:9-events_freezable_power_
 244731 root      20   0       0      0      0 I   0.0   0.0   0:01.24 kworker/1:2-cgroup_destroy
 286436 root      20   0       0      0      0 I   0.0   0.0   0:08.51 kworker/u12:0-events_freezable_power_
 344667 root      20   0       0      0      0 I   0.0   0.0   0:00.58 kworker/0:3-events
 349442 root      20   0       0      0      0 I   0.0   0.0   0:05.65 kworker/u12:6-events_unbound
 367657 root       0 -20       0      0      0 I   0.0   0.0   0:11.77 kworker/u13:2-uvcvideo
 369170 root      20   0       0      0      0 I   0.0   0.0   0:04.39 kworker/u12:1-events_freezable_power_
 443709 root      20   0       0      0      0 I   0.0   0.0   0:00.14 kworker/3:2-cgroup_destroy
 445412 root      20   0       0      0      0 I   0.0   0.0   0:00.25 kworker/2:1-mm_percpu_wq
 448401 root      20   0       0      0      0 I   0.0   0.0   0:00.00 kworker/5:2-events
 467530 root      20   0       0      0      0 I   0.0   0.0   0:01.91 kworker/u12:3-events_unbound
 478380 root      20   0       0      0      0 I   0.0   0.0   0:00.29 kworker/1:1-events
 480561 root      20   0       0      0      0 I   0.0   0.0   0:00.00 kworker/4:1-events
 483353 root      20   0       0      0      0 I   0.0   0.0   0:00.00 kworker/2:3-events
 489026 root      20   0       0      0      0 I   0.0   0.0   0:01.19 kworker/u12:10-events_unbound
 496325 root      20   0       0      0      0 I   0.0   0.0   0:00.11 kworker/3:0-mm_percpu_wq
 499790 root       0 -20       0      0      0 I   0.0   0.0   0:02.36 kworker/u13:4-uvcvideo
 511663 root      20   0       0      0      0 I   0.0   0.0   0:00.00 kworker/0:1-cgroup_destroy
 514145 root      20   0       0      0      0 I   0.0   0.0   0:00.04 kworker/5:1-events
 514952 root      20   0       0      0      0 I   0.0   0.0   0:00.03 kworker/4:0-events
 520043 root       0 -20       0      0      0 I   0.0   0.0   0:01.16 kworker/u13:0-uvcvideo
 528481 root      20   0       0      0      0 I   0.0   0.0   0:00.00 kworker/1:0-events
 528980 root      20   0    9436    780    704 S   0.0   0.0   0:00.00 sleep
 530050 root      20   0       0      0      0 I   0.0   0.0   0:00.00 kworker/3:1-cgroup_destroy
 530052 root      20   0       0      0      0 I   0.0   0.0   0:00.00 kworker/2:0-cgroup_destroy
 530228 root      20   0       0      0      0 I   0.0   0.0   0:00.00 kworker/3:3-cgroup_destroy
 530300 root      20   0       0      0      0 I   0.0   0.0   0:00.00 kworker/2:2-events
 532747 root      20   0       0      0      0 I   0.0   0.0   0:00.00 kworker/0:0-events
 533529 jetson    20   0   11248   3304   2868 S   0.0   0.0   0:00.03 bash
 536438 root      30  10   11248   1592   1192 S   0.0   0.0   0:00.00 wifi_mon.sh
 536439 root      30  10   11248   1784   1384 S   0.0   0.0   0:00.00 wifi_mon.sh
 536440 root      30  10    9444    788    712 S   0.0   0.0   0:00.00 timeout
 536442 root      30  10    2768   1084    960 S   0.0   0.0   0:00.00 iw
 536497 jetson    20   0   11248   3288   2852 S   0.0   0.0   0:00.01 bash
 536579 jetson    20   0    2872    884    788 S   0.0   0.0   0:00.02 tegrastats
 536849 jetson    20   0    9480    820    736 S   0.0   0.0   0:00.00 tail
 537023 root      20   0       0      0      0 I   0.0   0.0   0:00.00 kworker/4:2
 537083 jetson    20   0    9436    784    704 S   0.0   0.0   0:00.00 sleep

top - 12:24:08 up  3:27,  0 users,  load average: 8.87, 4.96, 3.71
Tasks: 356 total,   4 running, 352 sleeping,   0 stopped,   0 zombie
%Cpu(s): 46.4 us, 33.3 sy,  0.0 ni, 11.4 id,  0.0 wa,  3.2 hi,  5.6 si,  0.0 st
MiB Mem :   7607.4 total,   2835.3 free,   2055.3 used,   2716.7 buff/cache
MiB Swap:   3803.7 total,   3803.7 free,      0.0 used.   5253.6 avail Mem 

    PID USER      PR  NI    VIRT    RES    SHR S  %CPU  %MEM     TIME+ COMMAND
 536848 jetson    20   0  753416  71168  29568 R  49.5   0.9   0:03.00 python3
 189211 jetson    20   0  506208  35400  18400 S  46.1   0.5  12:50.46 ekf_node
 189322 jetson    20   0 1062768  52860  24352 S  45.1   0.7   3:26.65 async_slam_tool
 189435 jetson    20   0  963220  49980  23640 S  38.7   0.6  11:28.28 controller_serv
 536577 jetson    20   0  763888  55444  25424 S  33.8   0.7   0:03.14 ros2
 189612 jetson    20   0 9355088 429496  86828 S  31.4   5.5  17:34.28 nvblox_node
 189209 jetson    20   0  709056  62924  27264 R  30.9   0.8  42:45.64 python3
 189443 jetson    20   0  530952  46392  26204 S  29.4   0.6   9:50.11 bt_navigator
 189439 jetson    20   0 1070976  71508  24728 S  21.1   0.9   9:59.19 planner_server
 189441 jetson    20   0  516476  35524  21032 S  18.6   0.5   8:11.99 behavior_server
 189437 jetson    20   0  664688  34996  19416 S  17.6   0.4   6:56.96 smoother_server
 189018 jetson    20   0  432956  26708  14244 S  14.2   0.3  18:45.57 rplidar_node
    969 root      20   0  237048  10420   6400 S  12.3   0.1   1:31.66 polkitd
 189014 jetson    20   0 1750472 105416  51332 S  11.8   1.4  15:40.00 realsense2_came
 189020 jetson    20   0  707980  61536  27440 S   9.8   0.8   9:17.30 python3
 189473 jetson    20   0  577396  31376  16252 S   9.8   0.4  12:31.64 lifecycle_manag
 189433 jetson    20   0  709716  63544  27368 S   7.8   0.8   4:44.16 python3
 189447 jetson    20   0  431308  30976  17020 S   5.4   0.4   5:41.12 waypoint_follow
 189462 jetson    20   0  428560  29632  15952 S   5.4   0.4   5:37.48 velocity_smooth
 112823 root      20   0 1235152  44624  11476 S   4.4   0.6   9:31.35 micro_ros_agent
 189016 jetson    20   0  709040  65192  27268 S   3.9   0.8   4:03.36 python3
    829 message+  20   0   10456   5684   3584 R   2.5   0.1   0:21.72 dbus-daemon
    830 root      20   0  338724  21060  14884 S   2.5   0.3   0:21.10 NetworkManager
      1 root      20   0  167880  11776   7444 S   1.5   0.2   0:15.90 systemd
  11621 root      20   0   21760   4516   2952 S   1.0   0.1   0:27.63 systemd-udevd
 286436 root      20   0       0      0      0 I   1.0   0.0   0:08.53 kworker/u12:0-events_unbound
 469901 root       0 -20       0      0      0 I   1.0   0.0   0:01.86 kworker/u13:3-uvcvideo
 536578 jetson    20   0   14340   3388   2776 R   1.0   0.0   0:00.12 top
     14 root      20   0       0      0      0 S   0.5   0.0   0:09.21 ksoftirqd/0
    256 root      19  -1   48768  12328  10712 S   0.5   0.2   0:14.71 systemd-journal
    329 root      20   0   23572   6908   4792 S   0.5   0.1   0:48.40 systemd-udevd
    854 syslog    20   0  222160   7056   3672 S   0.5   0.1   0:03.00 rsyslogd
   1221 root      20   0 2093080  74688  33248 S   0.5   1.0   0:50.87 containerd
   1570 root      20   0 2426540 117424  57248 S   0.5   1.5   0:51.73 dockerd
   2067 gdm       20   0 3397568 136708  73336 S   0.5   1.8   0:26.65 gnome-shell
   3864 root      20   0       0      0      0 I   0.5   0.0   0:13.00 kworker/u12:2-events_freezable_power_
  10532 root      20   0 1233232  11896   6212 S   0.5   0.2   0:34.78 containerd-shim
 112741 jetson    20   0  428380  30784  15880 S   0.5   0.4   0:43.94 robot_state_pub
 189022 jetson    20   0 1082604  56652  26332 S   0.5   0.7   0:57.86 foxglove_bridge
 344667 root      20   0       0      0      0 I   0.5   0.0   0:00.59 kworker/0:3-events
 514952 root      20   0       0      0      0 I   0.5   0.0   0:00.04 kworker/4:0-events
 536579 jetson    20   0    2872    884    788 S   0.5   0.0   0:00.03 tegrastats
      2 root      20   0       0      0      0 S   0.0   0.0   0:00.02 kthreadd
      3 root       0 -20       0      0      0 I   0.0   0.0   0:00.00 rcu_gp
      4 root       0 -20       0      0      0 I   0.0   0.0   0:00.00 rcu_par_gp
      5 root       0 -20       0      0      0 I   0.0   0.0   0:00.00 slub_flushwq
      6 root       0 -20       0      0      0 I   0.0   0.0   0:00.00 netns
      8 root       0 -20       0      0      0 I   0.0   0.0   0:00.00 kworker/0:0H-events_highpri
     10 root       0 -20       0      0      0 I   0.0   0.0   0:00.00 mm_percpu_wq
     11 root      20   0       0      0      0 S   0.0   0.0   0:00.00 rcu_tasks_kthre
     12 root      20   0       0      0      0 S   0.0   0.0   0:00.00 rcu_tasks_rude_
     13 root      20   0       0      0      0 S   0.0   0.0   0:00.00 rcu_tasks_trace
     15 root      20   0       0      0      0 I   0.0   0.0   0:05.57 rcu_preempt
     16 root      rt   0       0      0      0 S   0.0   0.0   0:00.03 migration/0
     17 root      20   0       0      0      0 S   0.0   0.0   0:00.00 cpuhp/0
     18 root      20   0       0      0      0 S   0.0   0.0   0:00.00 cpuhp/1
     19 root      rt   0       0      0      0 S   0.0   0.0   0:00.03 migration/1
     20 root      20   0       0      0      0 S   0.0   0.0   0:01.10 ksoftirqd/1
     22 root       0 -20       0      0      0 I   0.0   0.0   0:00.00 kworker/1:0H-events_highpri
     23 root      20   0       0      0      0 S   0.0   0.0   0:00.00 cpuhp/2
     24 root      rt   0       0      0      0 S   0.0   0.0   0:00.03 migration/2
     25 root      20   0       0      0      0 S   0.0   0.0   0:01.10 ksoftirqd/2
     27 root       0 -20       0      0      0 I   0.0   0.0   0:00.00 kworker/2:0H-events_highpri
     28 root      20   0       0      0      0 S   0.0   0.0   0:00.00 cpuhp/3
     29 root      rt   0       0      0      0 S   0.0   0.0   0:00.02 migration/3
     30 root      20   0       0      0      0 S   0.0   0.0   0:01.07 ksoftirqd/3
     32 root       0 -20       0      0      0 I   0.0   0.0   0:00.00 kworker/3:0H-events_highpri
     33 root      20   0       0      0      0 S   0.0   0.0   0:00.00 cpuhp/4
     34 root      rt   0       0      0      0 S   0.0   0.0   0:00.07 migration/4
     35 root      20   0       0      0      0 S   0.0   0.0   0:00.94 ksoftirqd/4
     37 root       0 -20       0      0      0 I   0.0   0.0   0:00.00 kworker/4:0H-events_highpri
     38 root      20   0       0      0      0 S   0.0   0.0   0:00.00 cpuhp/5
     39 root      rt   0       0      0      0 S   0.0   0.0   0:00.07 migration/5
     40 root      20   0       0      0      0 S   0.0   0.0   0:00.87 ksoftirqd/5
     42 root       0 -20       0      0      0 I   0.0   0.0   0:00.00 kworker/5:0H-kblockd
     43 root      20   0       0      0      0 S   0.0   0.0   0:00.00 kdevtmpfs
     44 root       0 -20       0      0      0 I   0.0   0.0   0:00.00 inet_frag_wq
     51 root      20   0       0      0      0 S   0.0   0.0   0:00.00 kauditd
     52 root      20   0       0      0      0 S   0.0   0.0   0:00.00 oom_reaper
     53 root       0 -20       0      0      0 I   0.0   0.0   0:00.00 writeback
     54 root      20   0       0      0      0 S   0.0   0.0   0:00.10 kcompactd0
     55 root      25   5       0      0      0 S   0.0   0.0   0:00.00 ksmd
     56 root      39  19       0      0      0 S   0.0   0.0   0:00.89 khugepaged
     67 root       0 -20       0      0      0 I   0.0   0.0   0:00.00 cryptd
     86 root       0 -20       0      0      0 I   0.0   0.0   0:00.00 kintegrityd
     87 root       0 -20       0      0      0 I   0.0   0.0   0:00.00 kblockd
     88 root       0 -20       0      0      0 I   0.0   0.0   0:00.00 blkcg_punt_bio
     89 root       0 -20       0      0      0 I   0.0   0.0   0:00.00 tpm_dev_wq
     90 root       0 -20       0      0      0 I   0.0   0.0   0:00.00 ata_sff
     91 root       0 -20       0      0      0 I   0.0   0.0   0:00.00 edac-poller
     92 root       0 -20       0      0      0 I   0.0   0.0   0:00.00 devfreq_wq
     93 root     -51   0       0      0      0 S   0.0   0.0   0:00.00 watchdogd
     96 root       0 -20       0      0      0 I   0.0   0.0   0:00.04 kworker/0:1H-kblockd
     97 root       0 -20       0      0      0 I   0.0   0.0   0:00.00 rpciod
     99 root       0 -20       0      0      0 I   0.0   0.0   0:00.00 xprtiod
    127 root      20   0       0      0      0 S   0.0   0.0   0:00.00 kswapd0
    128 root       0 -20       0      0      0 I   0.0   0.0   0:00.00 nfsiod
    132 root       0 -20       0      0      0 I   0.0   0.0   0:00.00 vfio-irqfd-clea
    133 root       0 -20       0      0      0 I   0.0   0.0   0:00.00 bch_btree_io
    134 root       0 -20       0      0      0 I   0.0   0.0   0:00.00 bcache
    135 root       0 -20       0      0      0 I   0.0   0.0   0:00.00 bch_journal
    136 root       0 -20       0      0      0 I   0.0   0.0   0:00.00 dm_bufio_cache
    140 root      10 -10       0      0      0 S   0.0   0.0   0:00.00 krfcommd
    141 root      20   0       0      0      0 S   0.0   0.0   0:00.00 pr/tty0
    142 root      20   0       0      0      0 S   0.0   0.0   0:03.01 pr/ttyTCU0
    145 root     -51   0       0      0      0 S   0.0   0.0   0:00.00 irq/114-3160000
    147 root     -51   0       0      0      0 S   0.0   0.0   0:00.00 irq/115-3180000
    149 root     -51   0       0      0      0 S   0.0   0.0   0:00.00 irq/116-31b0000
    150 root     -51   0       0      0      0 S   0.0   0.0   0:00.00 irq/167-c240000
    151 root     -51   0       0      0      0 S   0.0   0.0   0:00.00 irq/168-c250000
    152 root     -51   0       0      0      0 S   0.0   0.0   0:00.00 irq/125-3610000
    153 root     -51   0       0      0      0 S   0.0   0.0   0:00.00 irq/122-3610000
    154 root       0 -20       0      0      0 I   0.0   0.0   0:00.00 sdhci
    155 root     -51   0       0      0      0 S   0.0   0.0   0:00.00 irq/120-mmc0
    156 root     -51   0       0      0      0 S   0.0   0.0   0:00.00 irq/230-3400000
    178 root     -51   0       0      0      0 S   0.0   0.0   0:00.00 irq/191-tegra-p
    179 root       0 -20       0      0      0 I   0.0   0.0   0:00.00 nvme-wq
    180 root       0 -20       0      0      0 I   0.0   0.0   0:00.00 nvme-reset-wq
    181 root       0 -20       0      0      0 I   0.0   0.0   0:00.00 nvme-delete-wq
    190 root     -51   0       0      0      0 S   0.0   0.0   0:00.00 irq/191-aerdrv
    191 root     -51   0       0      0      0 S   0.0   0.0   0:00.00 irq/193-tegra-p
    194 root     -51   0       0      0      0 S   0.0   0.0   0:00.00 irq/193-aerdrv
    195 root     -51   0       0      0      0 S   0.0   0.0   0:00.00 irq/195-tegra-p
    197 root     -51   0       0      0      0 S   0.0   0.0   0:00.00 irq/232-nvme0q0
    198 root     -51   0       0      0      0 S   0.0   0.0   0:00.38 irq/233-nvme0q1
    199 root     -51   0       0      0      0 S   0.0   0.0   0:00.37 irq/234-nvme0q2
    200 root     -51   0       0      0      0 S   0.0   0.0   0:00.43 irq/235-nvme0q3
    201 root     -51   0       0      0      0 S   0.0   0.0   0:00.29 irq/236-nvme0q4
    202 root     -51   0       0      0      0 S   0.0   0.0   0:00.11 irq/237-nvme0q5
    203 root     -51   0       0      0      0 S   0.0   0.0   0:00.11 irq/238-nvme0q6
    210 root       0 -20       0      0      0 I   0.0   0.0   0:00.05 kworker/5:1H-kblockd
    211 root      20   0       0      0      0 S   0.0   0.0   0:00.79 jbd2/nvme0n1p1-
    212 root       0 -20       0      0      0 I   0.0   0.0   0:00.00 ext4-rsv-conver
    221 root       0 -20       0      0      0 I   0.0   0.0   0:00.00 mld
    222 root       0 -20       0      0      0 I   0.0   0.0   0:00.03 kworker/1:1H-kblockd
    223 root       0 -20       0      0      0 I   0.0   0.0   0:00.00 ipv6_addrconf
    253 root       0 -20       0      0      0 I   0.0   0.0   0:00.04 kworker/3:1H-kblockd
    275 root       0 -20       0      0      0 I   0.0   0.0   0:00.04 kworker/2:1H-kblockd
    280 root      39  19       0      0      0 S   0.0   0.0   0:00.48 nvmap-bz
    281 root     -51   0       0      0      0 S   0.0   0.0   0:00.00 irq/188-host1x_
    284 root     -51   0       0      0      0 S   0.0   0.0   0:00.00 irq/197-gk20a_s
    285 root     -51   0       0      0      0 S   0.0   0.0   0:00.01 irq/198-gk20a_s
    286 root     -51   0       0      0      0 S   0.0   0.0   0:00.01 irq/199-gk20a_s
    287 root     -51   0       0      0      0 S   0.0   0.0   0:00.00 irq/200-gk20a_n
    293 root      20   0   11116   3456   3200 S   0.0   0.0   0:00.00 nv-tee-supplica
    300 root      20   0  150380   1344   1232 S   0.0   0.0   0:00.01 tee-supplicant
    302 root       0 -20       0      0      0 I   0.0   0.0   0:00.00 optee_bus_scan
    312 root      20   0   23872   6336   4084 S   0.0   0.1   0:14.32 systemd-udevd
    313 root      20   0   23220   4796   3028 S   0.0   0.1   0:00.08 systemd-udevd
    314 root      20   0   24292   6724   3856 S   0.0   0.1   0:00.17 systemd-udevd
    315 root      20   0   23252   5932   4012 S   0.0   0.1   0:00.37 systemd-udevd
    316 root      20   0   23216   4780   3004 S   0.0   0.1   0:00.21 systemd-udevd
    317 root      20   0   23520   5532   3480 S   0.0   0.1   0:00.14 systemd-udevd
    318 root      20   0   23216   5256   3456 S   0.0   0.1   0:00.39 systemd-udevd
    319 root      20   0   23216   5360   3528 S   0.0   0.1   0:00.28 systemd-udevd
    320 root      20   0   23264   5404   3480 S   0.0   0.1   0:00.13 systemd-udevd
    321 root      20   0   23216   5884   4040 S   0.0   0.1   0:00.29 systemd-udevd
    322 root      20   0   23216   5084   3276 S   0.0   0.1   0:00.13 systemd-udevd
    323 root      20   0   23240   5820   3912 S   0.0   0.1   0:00.12 systemd-udevd
    324 root      20   0   23268   5436   3500 S   0.0   0.1   0:00.15 systemd-udevd
    325 root      20   0   23216   5908   4044 S   0.0   0.1   0:00.62 systemd-udevd
    326 root      20   0   23216   4580   2760 S   0.0   0.1   0:00.11 systemd-udevd
    327 root      20   0   23528   5324   3256 S   0.0   0.1   0:00.11 systemd-udevd
    328 root      20   0   23216   5100   3284 S   0.0   0.1   0:00.13 systemd-udevd
    330 root      20   0   23216   5104   3280 S   0.0   0.1   0:00.11 systemd-udevd
    331 root      20   0   23216   5140   3312 S   0.0   0.1   0:00.27 systemd-udevd
    332 root      20   0   23264   5160   3236 S   0.0   0.1   0:00.18 systemd-udevd
    333 root      20   0   23216   5496   3668 S   0.0   0.1   0:00.11 systemd-udevd
    334 root      20   0   23216   4972   3156 S   0.0   0.1   0:00.27 systemd-udevd
    336 root      20   0   23216   5080   3248 S   0.0   0.1   0:00.26 systemd-udevd
    337 root      20   0   23276   4580   2644 S   0.0   0.1   0:00.11 systemd-udevd
    338 root      20   0   23280   6100   4152 S   0.0   0.1   0:00.24 systemd-udevd
    339 root      20   0   23548   6220   4128 S   0.0   0.1   0:00.35 systemd-udevd
    340 root      20   0   23216   5620   3796 S   0.0   0.1   0:00.21 systemd-udevd
    341 root      20   0   23216   4940   3108 S   0.0   0.1   0:00.17 systemd-udevd
    344 root       0 -20       0      0      0 I   0.0   0.0   0:00.05 kworker/4:1H-kblockd
    388 root     -51   0       0      0      0 S   0.0   0.0   0:00.00 irq/189-tegra-p
    397 root      20   0       0      0      0 S   0.0   0.0   0:00.00 15820000.crypto
    398 root      20   0       0      0      0 S   0.0   0.0   0:00.00 15840000.crypto
    420 root     -51   0       0      0      0 S   0.0   0.0   0:00.00 irq/189-aerdrv
    422 root     -51   0       0      0      0 S   0.0   0.0   0:00.00 irq/219-bc00000
    423 root      -2   0       0      0      0 S   0.0   0.0   0:00.00 capture-control
    424 root      -2   0       0      0      0 S   0.0   0.0   0:00.00 capture
    425 root     -51   0       0      0      0 S   0.0   0.0   0:00.00 irq/214-tegra_d
    426 root     -51   0       0      0      0 S   0.0   0.0   0:00.00 irq/215-tegra_d
    427 root       0 -20       0      0      0 I   0.0   0.0   0:00.00 dce-async-ipc-w
    428 root     -51   0       0      0      0 S   0.0   0.0   0:00.00 irq/240-nvvrs-p
    429 root      20   0       0      0      0 S   0.0   0.0   0:00.00 nv_queue
    430 root      20   0       0      0      0 S   0.0   0.0   0:00.00 nv_queue
    484 root       0 -20       0      0      0 I   0.0   0.0   0:00.00 cfg80211
    485 root     -51   0       0      0      0 S   0.0   0.0   0:00.00 irq/118-3210000
    489 root      20   0       0      0      0 S   0.0   0.0   0:00.00 spi0
    498 root     -51   0       0      0      0 S   0.0   0.0   0:00.00 irq/119-3230000
    503 root      20   0       0      0      0 S   0.0   0.0   0:00.00 spi1
    551 root       0 -20       0      0      0 I   0.0   0.0   0:00.00 btfwwork
    650 root      20   0    8236   6484   1432 S   0.0   0.1   0:00.51 haveged
    653 _rpc      20   0    7932   2260   1912 S   0.0   0.0   0:00.01 rpcbind
    655 systemd+  20   0   26320  13576   8500 S   0.0   0.2   0:00.46 systemd-resolve
    657 systemd+  20   0   88880   6412   5564 S   0.0   0.1   0:00.15 systemd-timesyn
    827 avahi     20   0    8224   3680   3144 S   0.0   0.0   0:00.72 avahi-daemon
    828 root      20   0    9888   4548   4112 S   0.0   0.1   0:00.06 bluetoothd
    840 root      20   0   43504  19808  10212 S   0.0   0.3   0:00.15 networkd-dispat
    851 root      20   0  241620   7020   6316 S   0.0   0.1   0:00.32 power-profiles-
    860 root      20   0    2240    792    712 S   0.0   0.0   0:00.00 seatd
    866 root      20   0 2145700  49220  25584 S   0.0   0.6   0:21.54 snapd
    871 root      20   0  242128   7456   6576 S   0.0   0.1   0:01.16 accounts-daemon
    872 root      20   0  238124   8280   5636 S   0.0   0.1   0:00.03 switcheroo-cont
    875 root      20   0   49004   7660   6308 S   0.0   0.1   0:01.81 systemd-logind
    876 root      20   0  394252  11960   9468 S   0.0   0.2   0:00.52 udisksd
    878 root      20   0   16636  10300   8304 S   0.0   0.1   0:01.18 wpa_supplicant
    883 avahi     20   0    7812    356      0 S   0.0   0.0   0:00.00 avahi-daemon
    890 root      rt   0       0      0      0 S   0.0   0.0   0:54.50 sugov:0
    893 root      rt   0       0      0      0 S   0.0   0.0   0:23.75 sugov:4
    944 root      30  10   11248   3604   3204 S   0.0   0.0   0:04.62 wifi_mon.sh
   1004 root      20   0    2460   1540   1364 S   0.0   0.0   0:04.27 nvfancontrol
   1045 root      20   0       0      0      0 S   0.0   0.0   0:00.00 sw-quiesce
   1050 root      20   0       0      0      0 S   0.0   0.0   0:11.90 nvgpu_channel_p
   1069 root      20   0       0      0      0 S   0.0   0.0   0:00.00 nvgpu_pg_init_g
   1108 root      20   0       0      0      0 S   0.0   0.0   0:00.00 nvgpu_clk_arb_p
   1129 root      20   0       0      0      0 S   0.0   0.0   0:04.61 RTW_CMD_THREAD
   1158 root      20   0   75936  10084   8260 S   0.0   0.1   0:00.01 nvargus-daemon
   1159 root      20   0   11116   3508   3204 S   0.0   0.0   0:00.04 nvmemwarning.sh
   1173 root      20   0   22192   1776   1580 S   0.0   0.0   0:00.00 nvs-service
   1191 ollama    20   0 2006720  38588  20428 S   0.0   0.5   0:00.61 ollama
   1203 root      20   0    2336   1396   1280 S   0.0   0.0   0:01.61 run-cups-browse
   1206 root      20   0    2336   1376   1248 S   0.0   0.0   0:01.92 run-cupsd
   1219 root      20   0       0      0      0 S   0.0   0.0   0:00.00 pr/ramoops-1
   1241 root      20   0   10772   2820   2572 S   0.0   0.0   0:00.03 cron
   1276 kernoops  20   0   12812    452      0 S   0.0   0.0   0:00.01 kerneloops
   1277 root      20   0  243100   7964   7012 S   0.0   0.1   0:00.03 gdm3
   1293 root      20   0    9468    732    656 S   0.0   0.0   0:00.00 agetty
   1296 kernoops  20   0   12812    452      0 S   0.0   0.0   0:00.01 kerneloops
   1305 root      20   0    9468    724    648 S   0.0   0.0   0:00.00 agetty
   1322 root      20   0  173408   8800   7628 S   0.0   0.1   0:00.01 gdm-session-wor
   1404 gdm       20   0   18124   9732   7360 S   0.0   0.1   0:00.43 systemd
   1420 root      20   0       0      0      0 S   0.0   0.0   0:00.00 file-storage
   1423 gdm       20   0  172232   4504      0 S   0.0   0.1   0:00.00 (sd-pam)
   1461 root      20   0   15272   8356   6776 S   0.0   0.1   0:00.32 sshd
   1522 root      20   0    3076    988    876 S   0.0   0.0   0:00.00 nvphsd
   1527 root      20   0    3208   1512   1352 S   0.0   0.0   0:00.00 nvphsd
   1680 gdm        9 -11   41968   6472   5156 S   0.0   0.1   0:00.04 pipewire
   1681 gdm       20   0   25480   6440   5112 S   0.0   0.1   0:01.14 pipewire-media-
   1682 gdm        9 -11  891844  20764  12600 S   0.0   0.3   0:00.68 pulseaudio
   1685 gdm       20   0  163948   5500   4980 S   0.0   0.1   0:00.00 gdm-x-session
   1691 root      20   0   24.2g  82884  35884 S   0.0   1.1   0:01.17 Xorg
   1696 rtkit     21   1  153504   1600   1388 S   0.0   0.0   0:00.16 rtkit-daemon
   1705 gdm       20   0    8840   3596   3212 S   0.0   0.0   0:00.01 dbus-daemon
   1731 root      20   0       0      0      0 S   0.0   0.0   0:00.00 nvidia-modeset/
   1732 root      20   0       0      0      0 S   0.0   0.0   0:00.00 nvidia-modeset/
   1734 root      20   0       0      0      0 S   0.0   0.0   0:00.00 nvidia
   1738 root      20   0       0      0      0 S   0.0   0.0   0:00.00 nv_queue
   1782 root      20   0       0      0      0 S   0.0   0.0   0:00.00 nvidia-drm-nv-t
   1783 root     -51   0       0      0      0 S   0.0   0.0   0:00.00 card1-crtc0
   1784 root     -51   0       0      0      0 S   0.0   0.0   0:00.00 card1-crtc1
   1951 gdm       20   0    5876   1556   1344 S   0.0   0.0   0:00.00 dbus-run-sessio
   1954 gdm       20   0    9108   4476   3604 S   0.0   0.1   0:00.13 dbus-daemon
   2026 gdm       20   0  663384  17800  12956 S   0.0   0.2   0:00.55 gnome-session-b
   2051 gdm       20   0  310068   8972   6272 S   0.0   0.1   0:00.00 at-spi-bus-laun
   2056 gdm       20   0    8692   3552   3168 S   0.0   0.0   0:00.00 dbus-daemon
   2084 gdm       20   0  237676   7020   4540 S   0.0   0.1   0:00.00 xdg-permission-
   2091 root      20   0  243852   8092   6980 S   0.0   0.1   0:00.26 upowerd
   2097 root      20   0  301608  19340  16412 S   0.0   0.2   0:00.88 packagekitd
   2099 gdm       20   0 2804036  25696  20860 S   0.0   0.3   0:00.08 gjs
   2101 gdm       20   0  163144   7192   6424 S   0.0   0.1   0:00.01 at-spi2-registr
   2128 gdm       20   0  468748   9916   8000 S   0.0   0.1   0:01.41 gsd-sharing
   2130 gdm       20   0  338880  16940  12620 S   0.0   0.2   0:00.06 gsd-wacom
   2139 gdm       20   0  599188  21500  16928 S   0.0   0.3   0:00.15 gsd-color
   2143 gdm       20   0  316840  11252   6240 S   0.0   0.1   0:00.09 ibus-daemon
   2150 gdm       20   0  338600  15024  13276 S   0.0   0.2   0:00.04 gsd-keyboard
   2151 gdm       20   0  252472   9916   8488 S   0.0   0.1   0:00.02 gsd-print-notif
   2152 gdm       20   0  459796   8176   5436 S   0.0   0.1   0:00.35 gsd-rfkill
   2153 gdm       20   0  388312   9428   6480 S   0.0   0.1   0:00.01 gsd-smartcard
   2160 gdm       20   0  380556  14476  12508 S   0.0   0.2   0:00.03 gsd-datetime
   2167 gdm       20   0  864180  22384  17516 S   0.0   0.3   0:00.28 gsd-media-keys
   2169 gdm       20   0  237936   4760   4376 S   0.0   0.1   0:00.00 gsd-screensaver
   2170 gdm       20   0  322096   8352   7324 S   0.0   0.1   0:00.01 gsd-sound
   2175 gdm       20   0  312416   6072   5492 S   0.0   0.1   0:00.01 gsd-a11y-settin
   2177 gdm       20   0  242216   7024   6228 S   0.0   0.1   0:00.01 gvfsd
   2178 gdm       20   0  314000   6928   6164 S   0.0   0.1   0:00.52 gsd-housekeepin
   2179 gdm       20   0  449976  18248  15904 S   0.0   0.2   0:00.29 gsd-power
   2203 gdm       20   0  347052  12600  10748 S   0.0   0.2   0:00.02 gsd-printer
   2234 colord    20   0  247460  12768   9028 S   0.0   0.2   0:00.22 colord
   2247 gdm       20   0  239040   8612   5940 S   0.0   0.1   0:00.00 ibus-dconf
   2258 gdm       20   0  238936   5920   5492 S   0.0   0.1   0:00.00 ibus-portal
   2281 gdm       20   0 2812420  25808  20904 S   0.0   0.3   0:00.09 gjs
   2300 gdm       20   0  165096   6500   5876 S   0.0   0.1   0:00.00 ibus-engine-sim
   2453 root      20   0  137440  11976   9612 S   0.0   0.2   0:00.65 cupsd
   2465 root      20   0  343140  19372  14152 S   0.0   0.2   0:01.30 cups-browsed
   2557 gdm       20   0  156672   4460   4068 S   0.0   0.1   0:00.00 dconf-service
   9961 jetson    20   0   18140   9776   7372 S   0.0   0.1   0:00.33 systemd
   9962 jetson    20   0  172508   4632      0 S   0.0   0.1   0:00.00 (sd-pam)
   9970 jetson    20   0   41976   6552   5228 S   0.0   0.1   0:00.04 pipewire
   9971 jetson    20   0   25488   6720   5380 S   0.0   0.1   0:01.23 pipewire-media-
  10023 jetson    20   0    8888   4148   3656 S   0.0   0.1   0:00.01 dbus-daemon
  10561 jetson    20   0    5508    776    688 S   0.0   0.0   0:00.20 sleep
  10658 root      20   0   21764   5404   3884 S   0.0   0.1   0:13.57 systemd-udevd
  10666 root      20   0   21752   4108   2588 S   0.0   0.1   0:00.23 systemd-udevd
  11619 root      20   0   21748   4060   2540 S   0.0   0.1   0:00.02 systemd-udevd
  11620 root      20   0   21760   4112   2588 S   0.0   0.1   0:00.02 systemd-udevd
  11634 root      20   0   21760   4016   2496 S   0.0   0.1   0:00.01 systemd-udevd
  11635 root      20   0   21760   4048   2540 S   0.0   0.1   0:00.03 systemd-udevd
  11636 root      20   0   21764   3380   1864 S   0.0   0.0   0:00.01 systemd-udevd
  11648 root      20   0   21764   4008   2468 S   0.0   0.1   0:00.01 systemd-udevd
  11649 root      20   0   21764   3832   2288 S   0.0   0.0   0:00.01 systemd-udevd
  11650 root      20   0   21764   3968   2432 S   0.0   0.1   0:00.00 systemd-udevd
  11653 root      20   0   21764   4496   2944 S   0.0   0.1   0:00.04 systemd-udevd
  11654 root      20   0   21764   4508   2960 S   0.0   0.1   0:00.03 systemd-udevd
 109437 snap_da+  20   0   14484   4632   3932 S   0.0   0.1   0:00.00 dbus
 112737 jetson    20   0  203640  36228  13220 S   0.0   0.5   0:00.70 ros2
 112739 jetson    20   0 2070728  32552  18032 S   0.0   0.4   0:00.36 docker
 112768 root      20   0 1233232  12088   6600 S   0.0   0.2   0:00.91 containerd-shim
 112797 root      20   0   49400  29488  14684 S   0.0   0.4   0:00.36 ros2
 113162 jetson    20   0  920440  65760  26672 S   0.0   0.8   0:45.15 python3
 115031 root      20   0  238832   6988   5696 S   0.0   0.1   0:02.63 iio-sensor-prox
 129749 root      20   0       0      0      0 I   0.0   0.0   0:09.23 kworker/u12:5-events_freezable_power_
 189012 jetson    20   0  572504  38556  13204 S   0.0   0.5   0:01.38 ros2
 189320 jetson    20   0  129772  36300  13220 S   0.0   0.5   0:00.73 ros2
 189431 jetson    20   0  796980  41908  13220 S   0.0   0.5   0:01.34 ros2
 189475 jetson    20   0   11248   3072   2752 S   0.0   0.0   0:05.02 bash
 189596 jetson    20   0   53012  29660  15012 S   0.0   0.4   0:00.34 ros2
 206274 root      20   0       0      0      0 I   0.0   0.0   0:10.43 kworker/u12:9-events_freezable_power_
 244731 root      20   0       0      0      0 I   0.0   0.0   0:01.24 kworker/1:2-cgroup_destroy
 349442 root      20   0       0      0      0 I   0.0   0.0   0:05.65 kworker/u12:6-events_unbound
 367657 root       0 -20       0      0      0 I   0.0   0.0   0:11.77 kworker/u13:2-uvcvideo
 369170 root      20   0       0      0      0 I   0.0   0.0   0:04.39 kworker/u12:1-events_unbound
 403545 root      20   0       0      0      0 I   0.0   0.0   0:04.05 kworker/u12:8-events_freezable_power_
 441418 root      20   0       0      0      0 I   0.0   0.0   0:02.89 kworker/u12:7-events_unbound
 443709 root      20   0       0      0      0 I   0.0   0.0   0:00.14 kworker/3:2-cgroup_destroy
 445412 root      20   0       0      0      0 I   0.0   0.0   0:00.25 kworker/2:1-mm_percpu_wq
 448401 root      20   0       0      0      0 I   0.0   0.0   0:00.00 kworker/5:2-events
 467530 root      20   0       0      0      0 I   0.0   0.0   0:01.91 kworker/u12:3-events_unbound
 468909 jetson    20   0   11116   3036   2756 S   0.0   0.0   0:01.63 bash
 478380 root      20   0       0      0      0 I   0.0   0.0   0:00.29 kworker/1:1-events
 480561 root      20   0       0      0      0 I   0.0   0.0   0:00.00 kworker/4:1-events
 483353 root      20   0       0      0      0 I   0.0   0.0   0:00.00 kworker/2:3-events
 489026 root      20   0       0      0      0 I   0.0   0.0   0:01.19 kworker/u12:10-events_freezable_power_
 496325 root      20   0       0      0      0 I   0.0   0.0   0:00.11 kworker/3:0-mm_percpu_wq
 499790 root       0 -20       0      0      0 I   0.0   0.0   0:02.36 kworker/u13:4-uvcvideo
 511663 root      20   0       0      0      0 I   0.0   0.0   0:00.00 kworker/0:1-cgroup_destroy
 514145 root      20   0       0      0      0 I   0.0   0.0   0:00.04 kworker/5:1-events
 520043 root       0 -20       0      0      0 I   0.0   0.0   0:01.16 kworker/u13:0-uvcvideo
 528481 root      20   0       0      0      0 I   0.0   0.0   0:00.00 kworker/1:0-events
 528980 root      20   0    9436    780    704 S   0.0   0.0   0:00.00 sleep
 530050 root      20   0       0      0      0 I   0.0   0.0   0:00.00 kworker/3:1-cgroup_destroy
 530052 root      20   0       0      0      0 I   0.0   0.0   0:00.00 kworker/2:0-cgroup_destroy
 530228 root      20   0       0      0      0 I   0.0   0.0   0:00.00 kworker/3:3-cgroup_destroy
 530300 root      20   0       0      0      0 I   0.0   0.0   0:00.00 kworker/2:2-events
 532747 root      20   0       0      0      0 I   0.0   0.0   0:00.00 kworker/0:0-events
 533529 jetson    20   0   11248   3304   2868 S   0.0   0.0   0:00.03 bash
 536438 root      30  10   11248   1592   1192 S   0.0   0.0   0:00.00 wifi_mon.sh
 536497 jetson    20   0   11248   3288   2852 S   0.0   0.0   0:00.01 bash
 536849 jetson    20   0    9480    820    736 S   0.0   0.0   0:00.00 tail
 537023 root      20   0       0      0      0 I   0.0   0.0   0:00.00 kworker/4:2
 537132 root      30  10    9436    772    692 S   0.0   0.0   0:00.00 sleep
 537157 jetson    20   0    9444    772    688 S   0.0   0.0   0:00.00 sleep
 537220 jetson    20   0    9436    780    704 S   0.0   0.0   0:00.00 sleep

top - 12:24:10 up  3:27,  0 users,  load average: 8.87, 4.96, 3.71
Tasks: 355 total,   4 running, 351 sleeping,   0 stopped,   0 zombie
%Cpu(s): 43.0 us, 33.2 sy,  0.1 ni, 14.6 id,  0.0 wa,  3.3 hi,  5.7 si,  0.0 st
MiB Mem :   7607.4 total,   2821.3 free,   2065.6 used,   2720.5 buff/cache
MiB Swap:   3803.7 total,   3803.7 free,      0.0 used.   5243.3 avail Mem 

    PID USER      PR  NI    VIRT    RES    SHR S  %CPU  %MEM     TIME+ COMMAND
 536848 jetson    20   0  753476  71236  29568 R  45.6   0.9   0:03.93 python3
 189322 jetson    20   0 1062768  53124  24352 S  45.1   0.7   3:27.57 async_slam_tool
 189211 jetson    20   0  506208  35400  18400 S  44.1   0.5  12:51.36 ekf_node
 189435 jetson    20   0  963220  49980  23640 S  41.2   0.6  11:29.12 controller_serv
 536577 jetson    20   0  763888  55444  25424 S  33.8   0.7   0:03.83 ros2
 189209 jetson    20   0  709056  62924  27264 R  32.4   0.8  42:46.30 python3
 189612 jetson    20   0 9355088 429500  86828 S  30.9   5.5  17:34.91 nvblox_node
 189443 jetson    20   0  530952  46392  26204 S  28.9   0.6   9:50.70 bt_navigator
 189439 jetson    20   0 1070976  72096  24728 S  21.6   0.9   9:59.63 planner_server
 189441 jetson    20   0  516476  35524  21032 S  19.1   0.5   8:12.38 behavior_server
 189437 jetson    20   0  664688  35004  19416 S  18.6   0.4   6:57.34 smoother_server
 189018 jetson    20   0  432956  26708  14244 S  13.7   0.3  18:45.85 rplidar_node
 189014 jetson    20   0 1750472 105416  51332 S  11.8   1.4  15:40.24 realsense2_came
 189433 jetson    20   0  709716  63544  27368 S   8.8   0.8   4:44.34 python3
 189473 jetson    20   0  577396  31376  16252 S   8.8   0.4  12:31.82 lifecycle_manag
 189020 jetson    20   0  707980  61536  27440 R   7.8   0.8   9:17.46 python3
 189447 jetson    20   0  431308  30976  17020 S   5.4   0.4   5:41.23 waypoint_follow
 189462 jetson    20   0  428560  29632  15952 S   5.4   0.4   5:37.59 velocity_smooth
    969 root      20   0  237048  10420   6400 S   4.4   0.1   1:31.75 polkitd
 112823 root      20   0 1235152  44624  11476 S   4.4   0.6   9:31.44 micro_ros_agent
 189016 jetson    20   0  709040  65192  27268 S   2.5   0.8   4:03.41 python3
    829 message+  20   0   10456   5684   3584 S   1.0   0.1   0:21.74 dbus-daemon
    830 root      20   0  338724  21060  14884 S   1.0   0.3   0:21.12 NetworkManager
   1570 root      20   0 2426540 117424  57248 S   1.0   1.5   0:51.75 dockerd
   2067 gdm       20   0 3397568 136704  73336 S   1.0   1.8   0:26.67 gnome-shell
 536578 jetson    20   0   14340   3388   2776 R   1.0   0.0   0:00.14 top
      1 root      20   0  167880  11776   7444 S   0.5   0.2   0:15.91 systemd
    329 root      20   0   23572   6908   4792 S   0.5   0.1   0:48.41 systemd-udevd
    944 root      30  10   11248   3604   3204 S   0.5   0.0   0:04.63 wifi_mon.sh
   1221 root      20   0 2093080  74688  33248 S   0.5   1.0   0:50.88 containerd
   2128 gdm       20   0  468748   9916   8000 S   0.5   0.1   0:01.42 gsd-sharing
  10532 root      20   0 1233232  11896   6212 S   0.5   0.2   0:34.79 containerd-shim
 112768 root      20   0 1233232  12088   6600 S   0.5   0.2   0:00.92 containerd-shim
 129749 root      20   0       0      0      0 I   0.5   0.0   0:09.24 kworker/u12:5-events_freezable_power_
 189431 jetson    20   0  796980  41908  13220 S   0.5   0.5   0:01.35 ros2
 468909 jetson    20   0   11116   3036   2756 S   0.5   0.0   0:01.64 bash
 469901 root       0 -20       0      0      0 I   0.5   0.0   0:01.87 kworker/u13:3-uvcvideo
 489026 root      20   0       0      0      0 I   0.5   0.0   0:01.20 kworker/u12:10-events_unbound
 499790 root       0 -20       0      0      0 I   0.5   0.0   0:02.37 kworker/u13:4-uvcvideo
 514145 root      20   0       0      0      0 I   0.5   0.0   0:00.05 kworker/5:1-events
      2 root      20   0       0      0      0 S   0.0   0.0   0:00.02 kthreadd
      3 root       0 -20       0      0      0 I   0.0   0.0   0:00.00 rcu_gp
      4 root       0 -20       0      0      0 I   0.0   0.0   0:00.00 rcu_par_gp
      5 root       0 -20       0      0      0 I   0.0   0.0   0:00.00 slub_flushwq
      6 root       0 -20       0      0      0 I   0.0   0.0   0:00.00 netns
      8 root       0 -20       0      0      0 I   0.0   0.0   0:00.00 kworker/0:0H-events_highpri
     10 root       0 -20       0      0      0 I   0.0   0.0   0:00.00 mm_percpu_wq
     11 root      20   0       0      0      0 S   0.0   0.0   0:00.00 rcu_tasks_kthre
     12 root      20   0       0      0      0 S   0.0   0.0   0:00.00 rcu_tasks_rude_
     13 root      20   0       0      0      0 S   0.0   0.0   0:00.00 rcu_tasks_trace
     14 root      20   0       0      0      0 S   0.0   0.0   0:09.21 ksoftirqd/0
     15 root      20   0       0      0      0 I   0.0   0.0   0:05.57 rcu_preempt
     16 root      rt   0       0      0      0 S   0.0   0.0   0:00.03 migration/0
     17 root      20   0       0      0      0 S   0.0   0.0   0:00.00 cpuhp/0
     18 root      20   0       0      0      0 S   0.0   0.0   0:00.00 cpuhp/1
     19 root      rt   0       0      0      0 S   0.0   0.0   0:00.03 migration/1
     20 root      20   0       0      0      0 S   0.0   0.0   0:01.10 ksoftirqd/1
     22 root       0 -20       0      0      0 I   0.0   0.0   0:00.00 kworker/1:0H-events_highpri
     23 root      20   0       0      0      0 S   0.0   0.0   0:00.00 cpuhp/2
     24 root      rt   0       0      0      0 S   0.0   0.0   0:00.03 migration/2
     25 root      20   0       0      0      0 S   0.0   0.0   0:01.10 ksoftirqd/2
     27 root       0 -20       0      0      0 I   0.0   0.0   0:00.00 kworker/2:0H-events_highpri
     28 root      20   0       0      0      0 S   0.0   0.0   0:00.00 cpuhp/3
     29 root      rt   0       0      0      0 S   0.0   0.0   0:00.02 migration/3
     30 root      20   0       0      0      0 S   0.0   0.0   0:01.07 ksoftirqd/3
     32 root       0 -20       0      0      0 I   0.0   0.0   0:00.00 kworker/3:0H-events_highpri
     33 root      20   0       0      0      0 S   0.0   0.0   0:00.00 cpuhp/4
     34 root      rt   0       0      0      0 S   0.0   0.0   0:00.07 migration/4
     35 root      20   0       0      0      0 S   0.0   0.0   0:00.94 ksoftirqd/4
     37 root       0 -20       0      0      0 I   0.0   0.0   0:00.00 kworker/4:0H-events_highpri
     38 root      20   0       0      0      0 S   0.0   0.0   0:00.00 cpuhp/5
     39 root      rt   0       0      0      0 S   0.0   0.0   0:00.07 migration/5
     40 root      20   0       0      0      0 S   0.0   0.0   0:00.87 ksoftirqd/5
     42 root       0 -20       0      0      0 I   0.0   0.0   0:00.00 kworker/5:0H-kblockd
     43 root      20   0       0      0      0 S   0.0   0.0   0:00.00 kdevtmpfs
     44 root       0 -20       0      0      0 I   0.0   0.0   0:00.00 inet_frag_wq
     51 root      20   0       0      0      0 S   0.0   0.0   0:00.00 kauditd
     52 root      20   0       0      0      0 S   0.0   0.0   0:00.00 oom_reaper
     53 root       0 -20       0      0      0 I   0.0   0.0   0:00.00 writeback
     54 root      20   0       0      0      0 S   0.0   0.0   0:00.10 kcompactd0
     55 root      25   5       0      0      0 S   0.0   0.0   0:00.00 ksmd
     56 root      39  19       0      0      0 S   0.0   0.0   0:00.89 khugepaged
     67 root       0 -20       0      0      0 I   0.0   0.0   0:00.00 cryptd
     86 root       0 -20       0      0      0 I   0.0   0.0   0:00.00 kintegrityd
     87 root       0 -20       0      0      0 I   0.0   0.0   0:00.00 kblockd
     88 root       0 -20       0      0      0 I   0.0   0.0   0:00.00 blkcg_punt_bio
     89 root       0 -20       0      0      0 I   0.0   0.0   0:00.00 tpm_dev_wq
     90 root       0 -20       0      0      0 I   0.0   0.0   0:00.00 ata_sff
     91 root       0 -20       0      0      0 I   0.0   0.0   0:00.00 edac-poller
     92 root       0 -20       0      0      0 I   0.0   0.0   0:00.00 devfreq_wq
     93 root     -51   0       0      0      0 S   0.0   0.0   0:00.00 watchdogd
     96 root       0 -20       0      0      0 I   0.0   0.0   0:00.04 kworker/0:1H-kblockd
     97 root       0 -20       0      0      0 I   0.0   0.0   0:00.00 rpciod
     99 root       0 -20       0      0      0 I   0.0   0.0   0:00.00 xprtiod
    127 root      20   0       0      0      0 S   0.0   0.0   0:00.00 kswapd0
    128 root       0 -20       0      0      0 I   0.0   0.0   0:00.00 nfsiod
    132 root       0 -20       0      0      0 I   0.0   0.0   0:00.00 vfio-irqfd-clea
    133 root       0 -20       0      0      0 I   0.0   0.0   0:00.00 bch_btree_io
    134 root       0 -20       0      0      0 I   0.0   0.0   0:00.00 bcache
    135 root       0 -20       0      0      0 I   0.0   0.0   0:00.00 bch_journal
    136 root       0 -20       0      0      0 I   0.0   0.0   0:00.00 dm_bufio_cache
    140 root      10 -10       0      0      0 S   0.0   0.0   0:00.00 krfcommd
    141 root      20   0       0      0      0 S   0.0   0.0   0:00.00 pr/tty0
    142 root      20   0       0      0      0 S   0.0   0.0   0:03.01 pr/ttyTCU0
    145 root     -51   0       0      0      0 S   0.0   0.0   0:00.00 irq/114-3160000
    147 root     -51   0       0      0      0 S   0.0   0.0   0:00.00 irq/115-3180000
    149 root     -51   0       0      0      0 S   0.0   0.0   0:00.00 irq/116-31b0000
    150 root     -51   0       0      0      0 S   0.0   0.0   0:00.00 irq/167-c240000
    151 root     -51   0       0      0      0 S   0.0   0.0   0:00.00 irq/168-c250000
    152 root     -51   0       0      0      0 S   0.0   0.0   0:00.00 irq/125-3610000
    153 root     -51   0       0      0      0 S   0.0   0.0   0:00.00 irq/122-3610000
    154 root       0 -20       0      0      0 I   0.0   0.0   0:00.00 sdhci
    155 root     -51   0       0      0      0 S   0.0   0.0   0:00.00 irq/120-mmc0
    156 root     -51   0       0      0      0 S   0.0   0.0   0:00.00 irq/230-3400000
    178 root     -51   0       0      0      0 S   0.0   0.0   0:00.00 irq/191-tegra-p
    179 root       0 -20       0      0      0 I   0.0   0.0   0:00.00 nvme-wq
    180 root       0 -20       0      0      0 I   0.0   0.0   0:00.00 nvme-reset-wq
    181 root       0 -20       0      0      0 I   0.0   0.0   0:00.00 nvme-delete-wq
    190 root     -51   0       0      0      0 S   0.0   0.0   0:00.00 irq/191-aerdrv
    191 root     -51   0       0      0      0 S   0.0   0.0   0:00.00 irq/193-tegra-p
    194 root     -51   0       0      0      0 S   0.0   0.0   0:00.00 irq/193-aerdrv
    195 root     -51   0       0      0      0 S   0.0   0.0   0:00.00 irq/195-tegra-p
    197 root     -51   0       0      0      0 S   0.0   0.0   0:00.00 irq/232-nvme0q0
    198 root     -51   0       0      0      0 S   0.0   0.0   0:00.38 irq/233-nvme0q1
    199 root     -51   0       0      0      0 S   0.0   0.0   0:00.37 irq/234-nvme0q2
    200 root     -51   0       0      0      0 S   0.0   0.0   0:00.43 irq/235-nvme0q3
    201 root     -51   0       0      0      0 S   0.0   0.0   0:00.29 irq/236-nvme0q4
    202 root     -51   0       0      0      0 S   0.0   0.0   0:00.11 irq/237-nvme0q5
    203 root     -51   0       0      0      0 S   0.0   0.0   0:00.11 irq/238-nvme0q6
    210 root       0 -20       0      0      0 I   0.0   0.0   0:00.05 kworker/5:1H-kblockd
    211 root      20   0       0      0      0 S   0.0   0.0   0:00.79 jbd2/nvme0n1p1-
    212 root       0 -20       0      0      0 I   0.0   0.0   0:00.00 ext4-rsv-conver
    221 root       0 -20       0      0      0 I   0.0   0.0   0:00.00 mld
    222 root       0 -20       0      0      0 I   0.0   0.0   0:00.03 kworker/1:1H-kblockd
    223 root       0 -20       0      0      0 I   0.0   0.0   0:00.00 ipv6_addrconf
    253 root       0 -20       0      0      0 I   0.0   0.0   0:00.04 kworker/3:1H-kblockd
    256 root      19  -1   48768  12328  10712 S   0.0   0.2   0:14.71 systemd-journal
    275 root       0 -20       0      0      0 I   0.0   0.0   0:00.04 kworker/2:1H-kblockd
    280 root      39  19       0      0      0 S   0.0   0.0   0:00.48 nvmap-bz
    281 root     -51   0       0      0      0 S   0.0   0.0   0:00.00 irq/188-host1x_
    284 root     -51   0       0      0      0 S   0.0   0.0   0:00.00 irq/197-gk20a_s
    285 root     -51   0       0      0      0 S   0.0   0.0   0:00.01 irq/198-gk20a_s
    286 root     -51   0       0      0      0 S   0.0   0.0   0:00.01 irq/199-gk20a_s
    287 root     -51   0       0      0      0 S   0.0   0.0   0:00.00 irq/200-gk20a_n
    293 root      20   0   11116   3456   3200 S   0.0   0.0   0:00.00 nv-tee-supplica
    300 root      20   0  150380   1344   1232 S   0.0   0.0   0:00.01 tee-supplicant
    302 root       0 -20       0      0      0 I   0.0   0.0   0:00.00 optee_bus_scan
    312 root      20   0   23872   6336   4084 S   0.0   0.1   0:14.32 systemd-udevd
    313 root      20   0   23220   4796   3028 S   0.0   0.1   0:00.08 systemd-udevd
    314 root      20   0   24292   6724   3856 S   0.0   0.1   0:00.17 systemd-udevd
    315 root      20   0   23252   5932   4012 S   0.0   0.1   0:00.37 systemd-udevd
    316 root      20   0   23216   4780   3004 S   0.0   0.1   0:00.21 systemd-udevd
    317 root      20   0   23520   5532   3480 S   0.0   0.1   0:00.14 systemd-udevd
    318 root      20   0   23216   5256   3456 S   0.0   0.1   0:00.39 systemd-udevd
    319 root      20   0   23216   5360   3528 S   0.0   0.1   0:00.28 systemd-udevd
    320 root      20   0   23264   5404   3480 S   0.0   0.1   0:00.13 systemd-udevd
    321 root      20   0   23216   5884   4040 S   0.0   0.1   0:00.29 systemd-udevd
    322 root      20   0   23216   5084   3276 S   0.0   0.1   0:00.13 systemd-udevd
    323 root      20   0   23240   5820   3912 S   0.0   0.1   0:00.12 systemd-udevd
    324 root      20   0   23268   5436   3500 S   0.0   0.1   0:00.15 systemd-udevd
    325 root      20   0   23216   5908   4044 S   0.0   0.1   0:00.62 systemd-udevd
    326 root      20   0   23216   4580   2760 S   0.0   0.1   0:00.11 systemd-udevd
    327 root      20   0   23528   5324   3256 S   0.0   0.1   0:00.11 systemd-udevd
    328 root      20   0   23216   5100   3284 S   0.0   0.1   0:00.13 systemd-udevd
    330 root      20   0   23216   5104   3280 S   0.0   0.1   0:00.11 systemd-udevd
    331 root      20   0   23216   5140   3312 S   0.0   0.1   0:00.27 systemd-udevd
    332 root      20   0   23264   5160   3236 S   0.0   0.1   0:00.18 systemd-udevd
    333 root      20   0   23216   5496   3668 S   0.0   0.1   0:00.11 systemd-udevd
    334 root      20   0   23216   4972   3156 S   0.0   0.1   0:00.27 systemd-udevd
    336 root      20   0   23216   5080   3248 S   0.0   0.1   0:00.26 systemd-udevd
    337 root      20   0   23276   4580   2644 S   0.0   0.1   0:00.11 systemd-udevd
    338 root      20   0   23280   6100   4152 S   0.0   0.1   0:00.24 systemd-udevd
    339 root      20   0   23548   6220   4128 S   0.0   0.1   0:00.35 systemd-udevd
    340 root      20   0   23216   5620   3796 S   0.0   0.1   0:00.21 systemd-udevd
    341 root      20   0   23216   4940   3108 S   0.0   0.1   0:00.17 systemd-udevd
    344 root       0 -20       0      0      0 I   0.0   0.0   0:00.05 kworker/4:1H-kblockd
    388 root     -51   0       0      0      0 S   0.0   0.0   0:00.00 irq/189-tegra-p
    397 root      20   0       0      0      0 S   0.0   0.0   0:00.00 15820000.crypto
    398 root      20   0       0      0      0 S   0.0   0.0   0:00.00 15840000.crypto
    420 root     -51   0       0      0      0 S   0.0   0.0   0:00.00 irq/189-aerdrv
    422 root     -51   0       0      0      0 S   0.0   0.0   0:00.00 irq/219-bc00000
    423 root      -2   0       0      0      0 S   0.0   0.0   0:00.00 capture-control
    424 root      -2   0       0      0      0 S   0.0   0.0   0:00.00 capture
    425 root     -51   0       0      0      0 S   0.0   0.0   0:00.00 irq/214-tegra_d
    426 root     -51   0       0      0      0 S   0.0   0.0   0:00.00 irq/215-tegra_d
    427 root       0 -20       0      0      0 I   0.0   0.0   0:00.00 dce-async-ipc-w
    428 root     -51   0       0      0      0 S   0.0   0.0   0:00.00 irq/240-nvvrs-p
    429 root      20   0       0      0      0 S   0.0   0.0   0:00.00 nv_queue
    430 root      20   0       0      0      0 S   0.0   0.0   0:00.00 nv_queue
    484 root       0 -20       0      0      0 I   0.0   0.0   0:00.00 cfg80211
    485 root     -51   0       0      0      0 S   0.0   0.0   0:00.00 irq/118-3210000
    489 root      20   0       0      0      0 S   0.0   0.0   0:00.00 spi0
    498 root     -51   0       0      0      0 S   0.0   0.0   0:00.00 irq/119-3230000
    503 root      20   0       0      0      0 S   0.0   0.0   0:00.00 spi1
    551 root       0 -20       0      0      0 I   0.0   0.0   0:00.00 btfwwork
    650 root      20   0    8236   6484   1432 S   0.0   0.1   0:00.51 haveged
    653 _rpc      20   0    7932   2260   1912 S   0.0   0.0   0:00.01 rpcbind
    655 systemd+  20   0   26320  13576   8500 S   0.0   0.2   0:00.46 systemd-resolve
    657 systemd+  20   0   88880   6412   5564 S   0.0   0.1   0:00.15 systemd-timesyn
    827 avahi     20   0    8224   3680   3144 S   0.0   0.0   0:00.72 avahi-daemon
    828 root      20   0    9888   4548   4112 S   0.0   0.1   0:00.06 bluetoothd
    840 root      20   0   43504  19808  10212 S   0.0   0.3   0:00.15 networkd-dispat
    851 root      20   0  241620   7020   6316 S   0.0   0.1   0:00.32 power-profiles-
    854 syslog    20   0  222160   7056   3672 S   0.0   0.1   0:03.00 rsyslogd
    860 root      20   0    2240    792    712 S   0.0   0.0   0:00.00 seatd
    866 root      20   0 2145700  49220  25584 S   0.0   0.6   0:21.54 snapd
    871 root      20   0  242128   7456   6576 S   0.0   0.1   0:01.16 accounts-daemon
    872 root      20   0  238124   8280   5636 S   0.0   0.1   0:00.03 switcheroo-cont
    875 root      20   0   49004   7660   6308 S   0.0   0.1   0:01.81 systemd-logind
    876 root      20   0  394252  11960   9468 S   0.0   0.2   0:00.52 udisksd
    878 root      20   0   16636  10300   8304 S   0.0   0.1   0:01.18 wpa_supplicant
    883 avahi     20   0    7812    356      0 S   0.0   0.0   0:00.00 avahi-daemon
    890 root      rt   0       0      0      0 S   0.0   0.0   0:54.50 sugov:0
    893 root      rt   0       0      0      0 S   0.0   0.0   0:23.75 sugov:4
   1004 root      20   0    2460   1540   1364 S   0.0   0.0   0:04.27 nvfancontrol
   1045 root      20   0       0      0      0 S   0.0   0.0   0:00.00 sw-quiesce
   1050 root      20   0       0      0      0 S   0.0   0.0   0:11.90 nvgpu_channel_p
   1069 root      20   0       0      0      0 S   0.0   0.0   0:00.00 nvgpu_pg_init_g
   1108 root      20   0       0      0      0 S   0.0   0.0   0:00.00 nvgpu_clk_arb_p
   1129 root      20   0       0      0      0 S   0.0   0.0   0:04.61 RTW_CMD_THREAD
   1158 root      20   0   75936  10084   8260 S   0.0   0.1   0:00.01 nvargus-daemon
   1159 root      20   0   11116   3508   3204 S   0.0   0.0   0:00.04 nvmemwarning.sh
   1173 root      20   0   22192   1776   1580 S   0.0   0.0   0:00.00 nvs-service
   1191 ollama    20   0 2006720  38588  20428 S   0.0   0.5   0:00.61 ollama
   1203 root      20   0    2336   1396   1280 S   0.0   0.0   0:01.61 run-cups-browse
   1206 root      20   0    2336   1376   1248 S   0.0   0.0   0:01.92 run-cupsd
   1219 root      20   0       0      0      0 S   0.0   0.0   0:00.00 pr/ramoops-1
   1241 root      20   0   10772   2820   2572 S   0.0   0.0   0:00.03 cron
   1276 kernoops  20   0   12812    452      0 S   0.0   0.0   0:00.01 kerneloops
   1277 root      20   0  243100   7964   7012 S   0.0   0.1   0:00.03 gdm3
   1293 root      20   0    9468    732    656 S   0.0   0.0   0:00.00 agetty
   1296 kernoops  20   0   12812    452      0 S   0.0   0.0   0:00.01 kerneloops
   1305 root      20   0    9468    724    648 S   0.0   0.0   0:00.00 agetty
   1322 root      20   0  173408   8800   7628 S   0.0   0.1   0:00.01 gdm-session-wor
   1404 gdm       20   0   18124   9732   7360 S   0.0   0.1   0:00.43 systemd
   1420 root      20   0       0      0      0 S   0.0   0.0   0:00.00 file-storage
   1423 gdm       20   0  172232   4504      0 S   0.0   0.1   0:00.00 (sd-pam)
   1461 root      20   0   15272   8356   6776 S   0.0   0.1   0:00.32 sshd
   1522 root      20   0    3076    988    876 S   0.0   0.0   0:00.00 nvphsd
   1527 root      20   0    3208   1512   1352 S   0.0   0.0   0:00.00 nvphsd
   1680 gdm        9 -11   41968   6472   5156 S   0.0   0.1   0:00.04 pipewire
   1681 gdm       20   0   25480   6440   5112 S   0.0   0.1   0:01.14 pipewire-media-
   1682 gdm        9 -11  891844  20764  12600 S   0.0   0.3   0:00.68 pulseaudio
   1685 gdm       20   0  163948   5500   4980 S   0.0   0.1   0:00.00 gdm-x-session
   1691 root      20   0   24.2g  82884  35884 S   0.0   1.1   0:01.17 Xorg
   1696 rtkit     21   1  153504   1600   1388 S   0.0   0.0   0:00.16 rtkit-daemon
   1705 gdm       20   0    8840   3596   3212 S   0.0   0.0   0:00.01 dbus-daemon
   1731 root      20   0       0      0      0 S   0.0   0.0   0:00.00 nvidia-modeset/
   1732 root      20   0       0      0      0 S   0.0   0.0   0:00.00 nvidia-modeset/
   1734 root      20   0       0      0      0 S   0.0   0.0   0:00.00 nvidia
   1738 root      20   0       0      0      0 S   0.0   0.0   0:00.00 nv_queue
   1782 root      20   0       0      0      0 S   0.0   0.0   0:00.00 nvidia-drm-nv-t
   1783 root     -51   0       0      0      0 S   0.0   0.0   0:00.00 card1-crtc0
   1784 root     -51   0       0      0      0 S   0.0   0.0   0:00.00 card1-crtc1
   1951 gdm       20   0    5876   1556   1344 S   0.0   0.0   0:00.00 dbus-run-sessio
   1954 gdm       20   0    9108   4476   3604 S   0.0   0.1   0:00.13 dbus-daemon
   2026 gdm       20   0  663384  17800  12956 S   0.0   0.2   0:00.55 gnome-session-b
   2051 gdm       20   0  310068   8972   6272 S   0.0   0.1   0:00.00 at-spi-bus-laun
   2056 gdm       20   0    8692   3552   3168 S   0.0   0.0   0:00.00 dbus-daemon
   2084 gdm       20   0  237676   7020   4540 S   0.0   0.1   0:00.00 xdg-permission-
   2091 root      20   0  243852   8092   6980 S   0.0   0.1   0:00.26 upowerd
   2097 root      20   0  301608  19340  16412 S   0.0   0.2   0:00.88 packagekitd
   2099 gdm       20   0 2804036  25696  20860 S   0.0   0.3   0:00.08 gjs
   2101 gdm       20   0  163144   7192   6424 S   0.0   0.1   0:00.01 at-spi2-registr
   2130 gdm       20   0  338880  16940  12620 S   0.0   0.2   0:00.06 gsd-wacom
   2139 gdm       20   0  599188  21500  16928 S   0.0   0.3   0:00.15 gsd-color
   2143 gdm       20   0  316840  11252   6240 S   0.0   0.1   0:00.09 ibus-daemon
   2150 gdm       20   0  338600  15024  13276 S   0.0   0.2   0:00.04 gsd-keyboard
   2151 gdm       20   0  252472   9916   8488 S   0.0   0.1   0:00.02 gsd-print-notif
   2152 gdm       20   0  459796   8176   5436 S   0.0   0.1   0:00.35 gsd-rfkill
   2153 gdm       20   0  388312   9428   6480 S   0.0   0.1   0:00.01 gsd-smartcard
   2160 gdm       20   0  380556  14476  12508 S   0.0   0.2   0:00.03 gsd-datetime
   2167 gdm       20   0  864180  22384  17516 S   0.0   0.3   0:00.28 gsd-media-keys
   2169 gdm       20   0  237936   4760   4376 S   0.0   0.1   0:00.00 gsd-screensaver
   2170 gdm       20   0  322096   8352   7324 S   0.0   0.1   0:00.01 gsd-sound
   2175 gdm       20   0  312416   6072   5492 S   0.0   0.1   0:00.01 gsd-a11y-settin
   2177 gdm       20   0  242216   7024   6228 S   0.0   0.1   0:00.01 gvfsd
   2178 gdm       20   0  314000   6928   6164 S   0.0   0.1   0:00.52 gsd-housekeepin
   2179 gdm       20   0  449976  18248  15904 S   0.0   0.2   0:00.29 gsd-power
   2203 gdm       20   0  347052  12600  10748 S   0.0   0.2   0:00.02 gsd-printer
   2234 colord    20   0  247460  12768   9028 S   0.0   0.2   0:00.22 colord
   2247 gdm       20   0  239040   8612   5940 S   0.0   0.1   0:00.00 ibus-dconf
   2258 gdm       20   0  238936   5920   5492 S   0.0   0.1   0:00.00 ibus-portal
   2281 gdm       20   0 2812420  25808  20904 S   0.0   0.3   0:00.09 gjs
   2300 gdm       20   0  165096   6500   5876 S   0.0   0.1   0:00.00 ibus-engine-sim
   2453 root      20   0  137440  11976   9612 S   0.0   0.2   0:00.65 cupsd
   2465 root      20   0  343140  19372  14152 S   0.0   0.2   0:01.30 cups-browsed
   2557 gdm       20   0  156672   4460   4068 S   0.0   0.1   0:00.00 dconf-service
   3864 root      20   0       0      0      0 I   0.0   0.0   0:13.00 kworker/u12:2-events_unbound
   9961 jetson    20   0   18140   9776   7372 S   0.0   0.1   0:00.33 systemd
   9962 jetson    20   0  172508   4632      0 S   0.0   0.1   0:00.00 (sd-pam)
   9970 jetson    20   0   41976   6552   5228 S   0.0   0.1   0:00.04 pipewire
   9971 jetson    20   0   25488   6720   5380 S   0.0   0.1   0:01.23 pipewire-media-
  10023 jetson    20   0    8888   4148   3656 S   0.0   0.1   0:00.01 dbus-daemon
  10561 jetson    20   0    5508    776    688 S   0.0   0.0   0:00.20 sleep
  10658 root      20   0   21764   5404   3884 S   0.0   0.1   0:13.57 systemd-udevd
  10666 root      20   0   21752   4108   2588 S   0.0   0.1   0:00.23 systemd-udevd
  11619 root      20   0   21748   4060   2540 S   0.0   0.1   0:00.02 systemd-udevd
  11620 root      20   0   21760   4112   2588 S   0.0   0.1   0:00.02 systemd-udevd
  11621 root      20   0   21760   4516   2952 S   0.0   0.1   0:27.63 systemd-udevd
  11634 root      20   0   21760   4016   2496 S   0.0   0.1   0:00.01 systemd-udevd
  11635 root      20   0   21760   4048   2540 S   0.0   0.1   0:00.03 systemd-udevd
  11636 root      20   0   21764   3380   1864 S   0.0   0.0   0:00.01 systemd-udevd
  11648 root      20   0   21764   4008   2468 S   0.0   0.1   0:00.01 systemd-udevd
  11649 root      20   0   21764   3832   2288 S   0.0   0.0   0:00.01 systemd-udevd
  11650 root      20   0   21764   3968   2432 S   0.0   0.1   0:00.00 systemd-udevd
  11653 root      20   0   21764   4496   2944 S   0.0   0.1   0:00.04 systemd-udevd
  11654 root      20   0   21764   4508   2960 S   0.0   0.1   0:00.03 systemd-udevd
 109437 snap_da+  20   0   14484   4632   3932 S   0.0   0.1   0:00.00 dbus
 112737 jetson    20   0  203640  36228  13220 S   0.0   0.5   0:00.70 ros2
 112739 jetson    20   0 2070728  32552  18032 S   0.0   0.4   0:00.36 docker
 112741 jetson    20   0  428380  30784  15880 S   0.0   0.4   0:43.94 robot_state_pub
 112797 root      20   0   49400  29488  14684 S   0.0   0.4   0:00.36 ros2
 113162 jetson    20   0  920440  65760  26672 S   0.0   0.8   0:45.15 python3
 115031 root      20   0  238832   6988   5696 S   0.0   0.1   0:02.63 iio-sensor-prox
 189012 jetson    20   0  572504  38556  13204 S   0.0   0.5   0:01.38 ros2
 189022 jetson    20   0 1082604  56652  26332 S   0.0   0.7   0:57.86 foxglove_bridge
 189320 jetson    20   0  129772  36300  13220 S   0.0   0.5   0:00.73 ros2
 189475 jetson    20   0   11248   3072   2752 S   0.0   0.0   0:05.02 bash
 189596 jetson    20   0   53012  29660  15012 S   0.0   0.4   0:00.34 ros2
 206274 root      20   0       0      0      0 I   0.0   0.0   0:10.43 kworker/u12:9-events_freezable_power_
 244731 root      20   0       0      0      0 I   0.0   0.0   0:01.24 kworker/1:2-cgroup_destroy
 286436 root      20   0       0      0      0 I   0.0   0.0   0:08.53 kworker/u12:0-events_freezable_power_
 344667 root      20   0       0      0      0 I   0.0   0.0   0:00.59 kworker/0:3-events
 349442 root      20   0       0      0      0 I   0.0   0.0   0:05.65 kworker/u12:6-events_unbound
 367657 root       0 -20       0      0      0 I   0.0   0.0   0:11.77 kworker/u13:2-uvcvideo
 369170 root      20   0       0      0      0 I   0.0   0.0   0:04.39 kworker/u12:1-events_freezable_power_
 403545 root      20   0       0      0      0 I   0.0   0.0   0:04.05 kworker/u12:8-events_freezable_power_
 441418 root      20   0       0      0      0 I   0.0   0.0   0:02.89 kworker/u12:7-devfreq_wq
 443709 root      20   0       0      0      0 I   0.0   0.0   0:00.14 kworker/3:2-cgroup_destroy
 445412 root      20   0       0      0      0 I   0.0   0.0   0:00.25 kworker/2:1-mm_percpu_wq
 448401 root      20   0       0      0      0 I   0.0   0.0   0:00.00 kworker/5:2-events
 467530 root      20   0       0      0      0 I   0.0   0.0   0:01.91 kworker/u12:3-events_unbound
 478380 root      20   0       0      0      0 I   0.0   0.0   0:00.29 kworker/1:1-events
 480561 root      20   0       0      0      0 I   0.0   0.0   0:00.00 kworker/4:1-events
 483353 root      20   0       0      0      0 I   0.0   0.0   0:00.00 kworker/2:3-events
 496325 root      20   0       0      0      0 I   0.0   0.0   0:00.11 kworker/3:0-mm_percpu_wq
 511663 root      20   0       0      0      0 I   0.0   0.0   0:00.00 kworker/0:1-cgroup_destroy
 514952 root      20   0       0      0      0 I   0.0   0.0   0:00.04 kworker/4:0-events
 520043 root       0 -20       0      0      0 I   0.0   0.0   0:01.16 kworker/u13:0-uvcvideo
 528481 root      20   0       0      0      0 I   0.0   0.0   0:00.00 kworker/1:0-events
 528980 root      20   0    9436    780    704 S   0.0   0.0   0:00.00 sleep
 530050 root      20   0       0      0      0 I   0.0   0.0   0:00.00 kworker/3:1-cgroup_destroy
 530052 root      20   0       0      0      0 I   0.0   0.0   0:00.00 kworker/2:0-cgroup_destroy
 530228 root      20   0       0      0      0 I   0.0   0.0   0:00.00 kworker/3:3-cgroup_destroy
 530300 root      20   0       0      0      0 I   0.0   0.0   0:00.00 kworker/2:2-events
 532747 root      20   0       0      0      0 I   0.0   0.0   0:00.00 kworker/0:0-events
 533529 jetson    20   0   11248   3304   2868 S   0.0   0.0   0:00.03 bash
 536497 jetson    20   0   11248   3288   2852 S   0.0   0.0   0:00.01 bash
 536579 jetson    20   0    2872    884    788 S   0.0   0.0   0:00.03 tegrastats
 536849 jetson    20   0    9480    820    736 S   0.0   0.0   0:00.00 tail
 537023 root      20   0       0      0      0 I   0.0   0.0   0:00.00 kworker/4:2
 537295 root      30  10    9436    768    692 S   0.0   0.0   0:00.00 sleep
 537339 jetson    20   0    9444    788    704 S   0.0   0.0   0:00.00 sleep
 537385 jetson    20   0    9436    784    704 S   0.0   0.0   0:00.00 sleep

top - 12:24:13 up  3:27,  0 users,  load average: 8.88, 5.02, 3.74
Tasks: 355 total,   3 running, 352 sleeping,   0 stopped,   0 zombie
%Cpu(s): 41.9 us, 33.5 sy,  0.0 ni, 15.4 id,  0.0 wa,  3.5 hi,  5.8 si,  0.0 st
MiB Mem :   7607.4 total,   2821.3 free,   2065.6 used,   2720.5 buff/cache
MiB Swap:   3803.7 total,   3803.7 free,      0.0 used.   5243.3 avail Mem 

    PID USER      PR  NI    VIRT    RES    SHR S  %CPU  %MEM     TIME+ COMMAND
 536848 jetson    20   0  753596  71248  29568 R  49.3   0.9   0:04.94 python3
 189322 jetson    20   0 1062768  53388  24352 S  45.9   0.7   3:28.51 async_slam_tool
 189211 jetson    20   0  506208  35400  18400 S  44.4   0.5  12:52.27 ekf_node
 189435 jetson    20   0  963220  49980  23640 S  41.0   0.6  11:29.96 controller_serv
 536577 jetson    20   0  763888  55444  25424 S  33.7   0.7   0:04.52 ros2
 189612 jetson    20   0 9355088 429500  86828 S  32.2   5.5  17:35.57 nvblox_node
 189209 jetson    20   0  709056  62924  27264 R  31.7   0.8  42:46.95 python3
 189443 jetson    20   0  530952  46392  26204 S  30.2   0.6   9:51.32 bt_navigator
 189439 jetson    20   0 1070976  71956  24728 S  22.9   0.9  10:00.10 planner_server
 189441 jetson    20   0  516476  35524  21032 S  19.5   0.5   8:12.78 behavior_server
 189437 jetson    20   0  664688  35016  19416 S  17.6   0.4   6:57.70 smoother_server
 189018 jetson    20   0  432956  26708  14244 S  14.1   0.3  18:46.14 rplidar_node
 189014 jetson    20   0 1750472 105416  51332 S  11.7   1.4  15:40.48 realsense2_came
 189473 jetson    20   0  577396  31376  16252 S   8.8   0.4  12:32.00 lifecycle_manag
 189433 jetson    20   0  709716  63544  27368 S   8.3   0.8   4:44.51 python3
 189020 jetson    20   0  707980  61536  27440 S   7.3   0.8   9:17.61 python3
 189447 jetson    20   0  431308  30976  17020 S   5.4   0.4   5:41.34 waypoint_follow
 189462 jetson    20   0  428560  29632  15952 S   5.4   0.4   5:37.70 velocity_smooth
 112823 root      20   0 1235152  44624  11476 S   3.9   0.6   9:31.52 micro_ros_agent
 189016 jetson    20   0  709040  65192  27268 S   2.4   0.8   4:03.46 python3
 520043 root       0 -20       0      0      0 I   1.5   0.0   0:01.19 kworker/u13:0-uvcvideo
 536578 jetson    20   0   14340   3388   2776 R   1.0   0.0   0:00.16 top
    854 syslog    20   0  222160   7056   3672 S   0.5   0.1   0:03.01 rsyslogd
   1050 root      20   0       0      0      0 S   0.5   0.0   0:11.91 nvgpu_channel_p
   1129 root      20   0       0      0      0 S   0.5   0.0   0:04.62 RTW_CMD_THREAD
   1570 root      20   0 2426540 117424  57248 S   0.5   1.5   0:51.76 dockerd
  10532 root      20   0 1233232  12156   6212 S   0.5   0.2   0:34.80 containerd-shim
 115031 root      20   0  238832   6988   5696 S   0.5   0.1   0:02.64 iio-sensor-prox
 189012 jetson    20   0  572504  38556  13204 S   0.5   0.5   0:01.39 ros2
 206274 root      20   0       0      0      0 I   0.5   0.0   0:10.44 kworker/u12:9-events_unbound
 369170 root      20   0       0      0      0 I   0.5   0.0   0:04.40 kworker/u12:1-events_freezable_power_
 441418 root      20   0       0      0      0 I   0.5   0.0   0:02.90 kworker/u12:7-events_unbound
      1 root      20   0  167880  11776   7444 S   0.0   0.2   0:15.91 systemd
      2 root      20   0       0      0      0 S   0.0   0.0   0:00.02 kthreadd
      3 root       0 -20       0      0      0 I   0.0   0.0   0:00.00 rcu_gp
      4 root       0 -20       0      0      0 I   0.0   0.0   0:00.00 rcu_par_gp
      5 root       0 -20       0      0      0 I   0.0   0.0   0:00.00 slub_flushwq
      6 root       0 -20       0      0      0 I   0.0   0.0   0:00.00 netns
      8 root       0 -20       0      0      0 I   0.0   0.0   0:00.00 kworker/0:0H-events_highpri
     10 root       0 -20       0      0      0 I   0.0   0.0   0:00.00 mm_percpu_wq
     11 root      20   0       0      0      0 S   0.0   0.0   0:00.00 rcu_tasks_kthre
     12 root      20   0       0      0      0 S   0.0   0.0   0:00.00 rcu_tasks_rude_
     13 root      20   0       0      0      0 S   0.0   0.0   0:00.00 rcu_tasks_trace
     14 root      20   0       0      0      0 S   0.0   0.0   0:09.21 ksoftirqd/0
     15 root      20   0       0      0      0 I   0.0   0.0   0:05.57 rcu_preempt
     16 root      rt   0       0      0      0 S   0.0   0.0   0:00.03 migration/0
     17 root      20   0       0      0      0 S   0.0   0.0   0:00.00 cpuhp/0
     18 root      20   0       0      0      0 S   0.0   0.0   0:00.00 cpuhp/1
     19 root      rt   0       0      0      0 S   0.0   0.0   0:00.03 migration/1
     20 root      20   0       0      0      0 S   0.0   0.0   0:01.10 ksoftirqd/1
     22 root       0 -20       0      0      0 I   0.0   0.0   0:00.00 kworker/1:0H-events_highpri
     23 root      20   0       0      0      0 S   0.0   0.0   0:00.00 cpuhp/2
     24 root      rt   0       0      0      0 S   0.0   0.0   0:00.03 migration/2
     25 root      20   0       0      0      0 S   0.0   0.0   0:01.10 ksoftirqd/2
     27 root       0 -20       0      0      0 I   0.0   0.0   0:00.00 kworker/2:0H-events_highpri
     28 root      20   0       0      0      0 S   0.0   0.0   0:00.00 cpuhp/3
     29 root      rt   0       0      0      0 S   0.0   0.0   0:00.02 migration/3
     30 root      20   0       0      0      0 S   0.0   0.0   0:01.07 ksoftirqd/3
     32 root       0 -20       0      0      0 I   0.0   0.0   0:00.00 kworker/3:0H-events_highpri
     33 root      20   0       0      0      0 S   0.0   0.0   0:00.00 cpuhp/4
     34 root      rt   0       0      0      0 S   0.0   0.0   0:00.07 migration/4
     35 root      20   0       0      0      0 S   0.0   0.0   0:00.94 ksoftirqd/4
     37 root       0 -20       0      0      0 I   0.0   0.0   0:00.00 kworker/4:0H-events_highpri
     38 root      20   0       0      0      0 S   0.0   0.0   0:00.00 cpuhp/5
     39 root      rt   0       0      0      0 S   0.0   0.0   0:00.07 migration/5
     40 root      20   0       0      0      0 S   0.0   0.0   0:00.87 ksoftirqd/5
     42 root       0 -20       0      0      0 I   0.0   0.0   0:00.00 kworker/5:0H-kblockd
     43 root      20   0       0      0      0 S   0.0   0.0   0:00.00 kdevtmpfs
     44 root       0 -20       0      0      0 I   0.0   0.0   0:00.00 inet_frag_wq
     51 root      20   0       0      0      0 S   0.0   0.0   0:00.00 kauditd
     52 root      20   0       0      0      0 S   0.0   0.0   0:00.00 oom_reaper
     53 root       0 -20       0      0      0 I   0.0   0.0   0:00.00 writeback
     54 root      20   0       0      0      0 S   0.0   0.0   0:00.10 kcompactd0
     55 root      25   5       0      0      0 S   0.0   0.0   0:00.00 ksmd
     56 root      39  19       0      0      0 S   0.0   0.0   0:00.89 khugepaged
     67 root       0 -20       0      0      0 I   0.0   0.0   0:00.00 cryptd
     86 root       0 -20       0      0      0 I   0.0   0.0   0:00.00 kintegrityd
     87 root       0 -20       0      0      0 I   0.0   0.0   0:00.00 kblockd
     88 root       0 -20       0      0      0 I   0.0   0.0   0:00.00 blkcg_punt_bio
     89 root       0 -20       0      0      0 I   0.0   0.0   0:00.00 tpm_dev_wq
     90 root       0 -20       0      0      0 I   0.0   0.0   0:00.00 ata_sff
     91 root       0 -20       0      0      0 I   0.0   0.0   0:00.00 edac-poller
     92 root       0 -20       0      0      0 I   0.0   0.0   0:00.00 devfreq_wq
     93 root     -51   0       0      0      0 S   0.0   0.0   0:00.00 watchdogd
     96 root       0 -20       0      0      0 I   0.0   0.0   0:00.04 kworker/0:1H-kblockd
     97 root       0 -20       0      0      0 I   0.0   0.0   0:00.00 rpciod
     99 root       0 -20       0      0      0 I   0.0   0.0   0:00.00 xprtiod
    127 root      20   0       0      0      0 S   0.0   0.0   0:00.00 kswapd0
    128 root       0 -20       0      0      0 I   0.0   0.0   0:00.00 nfsiod
    132 root       0 -20       0      0      0 I   0.0   0.0   0:00.00 vfio-irqfd-clea
    133 root       0 -20       0      0      0 I   0.0   0.0   0:00.00 bch_btree_io
    134 root       0 -20       0      0      0 I   0.0   0.0   0:00.00 bcache
    135 root       0 -20       0      0      0 I   0.0   0.0   0:00.00 bch_journal
    136 root       0 -20       0      0      0 I   0.0   0.0   0:00.00 dm_bufio_cache
    140 root      10 -10       0      0      0 S   0.0   0.0   0:00.00 krfcommd
    141 root      20   0       0      0      0 S   0.0   0.0   0:00.00 pr/tty0
    142 root      20   0       0      0      0 S   0.0   0.0   0:03.01 pr/ttyTCU0
    145 root     -51   0       0      0      0 S   0.0   0.0   0:00.00 irq/114-3160000
    147 root     -51   0       0      0      0 S   0.0   0.0   0:00.00 irq/115-3180000
    149 root     -51   0       0      0      0 S   0.0   0.0   0:00.00 irq/116-31b0000
    150 root     -51   0       0      0      0 S   0.0   0.0   0:00.00 irq/167-c240000
    151 root     -51   0       0      0      0 S   0.0   0.0   0:00.00 irq/168-c250000
    152 root     -51   0       0      0      0 S   0.0   0.0   0:00.00 irq/125-3610000
    153 root     -51   0       0      0      0 S   0.0   0.0   0:00.00 irq/122-3610000
    154 root       0 -20       0      0      0 I   0.0   0.0   0:00.00 sdhci
    155 root     -51   0       0      0      0 S   0.0   0.0   0:00.00 irq/120-mmc0
    156 root     -51   0       0      0      0 S   0.0   0.0   0:00.00 irq/230-3400000
    178 root     -51   0       0      0      0 S   0.0   0.0   0:00.00 irq/191-tegra-p
    179 root       0 -20       0      0      0 I   0.0   0.0   0:00.00 nvme-wq
    180 root       0 -20       0      0      0 I   0.0   0.0   0:00.00 nvme-reset-wq
    181 root       0 -20       0      0      0 I   0.0   0.0   0:00.00 nvme-delete-wq
    190 root     -51   0       0      0      0 S   0.0   0.0   0:00.00 irq/191-aerdrv
    191 root     -51   0       0      0      0 S   0.0   0.0   0:00.00 irq/193-tegra-p
    194 root     -51   0       0      0      0 S   0.0   0.0   0:00.00 irq/193-aerdrv
    195 root     -51   0       0      0      0 S   0.0   0.0   0:00.00 irq/195-tegra-p
    197 root     -51   0       0      0      0 S   0.0   0.0   0:00.00 irq/232-nvme0q0
    198 root     -51   0       0      0      0 S   0.0   0.0   0:00.38 irq/233-nvme0q1
    199 root     -51   0       0      0      0 S   0.0   0.0   0:00.37 irq/234-nvme0q2
    200 root     -51   0       0      0      0 S   0.0   0.0   0:00.43 irq/235-nvme0q3
    201 root     -51   0       0      0      0 S   0.0   0.0   0:00.29 irq/236-nvme0q4
    202 root     -51   0       0      0      0 S   0.0   0.0   0:00.11 irq/237-nvme0q5
    203 root     -51   0       0      0      0 S   0.0   0.0   0:00.11 irq/238-nvme0q6
    210 root       0 -20       0      0      0 I   0.0   0.0   0:00.05 kworker/5:1H-kblockd
    211 root      20   0       0      0      0 S   0.0   0.0   0:00.79 jbd2/nvme0n1p1-
    212 root       0 -20       0      0      0 I   0.0   0.0   0:00.00 ext4-rsv-conver
    221 root       0 -20       0      0      0 I   0.0   0.0   0:00.00 mld
    222 root       0 -20       0      0      0 I   0.0   0.0   0:00.03 kworker/1:1H-kblockd
    223 root       0 -20       0      0      0 I   0.0   0.0   0:00.00 ipv6_addrconf
    253 root       0 -20       0      0      0 I   0.0   0.0   0:00.04 kworker/3:1H-kblockd
    256 root      19  -1   48768  12328  10712 S   0.0   0.2   0:14.71 systemd-journal
    275 root       0 -20       0      0      0 I   0.0   0.0   0:00.04 kworker/2:1H-kblockd
    280 root      39  19       0      0      0 S   0.0   0.0   0:00.48 nvmap-bz
    281 root     -51   0       0      0      0 S   0.0   0.0   0:00.00 irq/188-host1x_
    284 root     -51   0       0      0      0 S   0.0   0.0   0:00.00 irq/197-gk20a_s
    285 root     -51   0       0      0      0 S   0.0   0.0   0:00.01 irq/198-gk20a_s
    286 root     -51   0       0      0      0 S   0.0   0.0   0:00.01 irq/199-gk20a_s
    287 root     -51   0       0      0      0 S   0.0   0.0   0:00.00 irq/200-gk20a_n
    293 root      20   0   11116   3456   3200 S   0.0   0.0   0:00.00 nv-tee-supplica
    300 root      20   0  150380   1344   1232 S   0.0   0.0   0:00.01 tee-supplicant
    302 root       0 -20       0      0      0 I   0.0   0.0   0:00.00 optee_bus_scan
    312 root      20   0   23872   6336   4084 S   0.0   0.1   0:14.32 systemd-udevd
    313 root      20   0   23220   4796   3028 S   0.0   0.1   0:00.08 systemd-udevd
    314 root      20   0   24292   6724   3856 S   0.0   0.1   0:00.17 systemd-udevd
    315 root      20   0   23252   5932   4012 S   0.0   0.1   0:00.37 systemd-udevd
    316 root      20   0   23216   4780   3004 S   0.0   0.1   0:00.21 systemd-udevd
    317 root      20   0   23520   5532   3480 S   0.0   0.1   0:00.14 systemd-udevd
    318 root      20   0   23216   5256   3456 S   0.0   0.1   0:00.39 systemd-udevd
    319 root      20   0   23216   5360   3528 S   0.0   0.1   0:00.28 systemd-udevd
    320 root      20   0   23264   5404   3480 S   0.0   0.1   0:00.13 systemd-udevd
    321 root      20   0   23216   5884   4040 S   0.0   0.1   0:00.29 systemd-udevd
    322 root      20   0   23216   5084   3276 S   0.0   0.1   0:00.13 systemd-udevd
    323 root      20   0   23240   5820   3912 S   0.0   0.1   0:00.12 systemd-udevd
    324 root      20   0   23268   5436   3500 S   0.0   0.1   0:00.15 systemd-udevd
    325 root      20   0   23216   5908   4044 S   0.0   0.1   0:00.62 systemd-udevd
    326 root      20   0   23216   4580   2760 S   0.0   0.1   0:00.11 systemd-udevd
    327 root      20   0   23528   5324   3256 S   0.0   0.1   0:00.11 systemd-udevd
    328 root      20   0   23216   5100   3284 S   0.0   0.1   0:00.13 systemd-udevd
    329 root      20   0   23572   6908   4792 S   0.0   0.1   0:48.41 systemd-udevd
    330 root      20   0   23216   5104   3280 S   0.0   0.1   0:00.11 systemd-udevd
    331 root      20   0   23216   5140   3312 S   0.0   0.1   0:00.27 systemd-udevd
    332 root      20   0   23264   5160   3236 S   0.0   0.1   0:00.18 systemd-udevd
    333 root      20   0   23216   5496   3668 S   0.0   0.1   0:00.11 systemd-udevd
    334 root      20   0   23216   4972   3156 S   0.0   0.1   0:00.27 systemd-udevd
    336 root      20   0   23216   5080   3248 S   0.0   0.1   0:00.26 systemd-udevd
    337 root      20   0   23276   4580   2644 S   0.0   0.1   0:00.11 systemd-udevd
    338 root      20   0   23280   6100   4152 S   0.0   0.1   0:00.24 systemd-udevd
    339 root      20   0   23548   6220   4128 S   0.0   0.1   0:00.35 systemd-udevd
    340 root      20   0   23216   5620   3796 S   0.0   0.1   0:00.21 systemd-udevd
    341 root      20   0   23216   4940   3108 S   0.0   0.1   0:00.17 systemd-udevd
    344 root       0 -20       0      0      0 I   0.0   0.0   0:00.05 kworker/4:1H-kblockd
    388 root     -51   0       0      0      0 S   0.0   0.0   0:00.00 irq/189-tegra-p
    397 root      20   0       0      0      0 S   0.0   0.0   0:00.00 15820000.crypto
    398 root      20   0       0      0      0 S   0.0   0.0   0:00.00 15840000.crypto
    420 root     -51   0       0      0      0 S   0.0   0.0   0:00.00 irq/189-aerdrv
    422 root     -51   0       0      0      0 S   0.0   0.0   0:00.00 irq/219-bc00000
    423 root      -2   0       0      0      0 S   0.0   0.0   0:00.00 capture-control
    424 root      -2   0       0      0      0 S   0.0   0.0   0:00.00 capture
    425 root     -51   0       0      0      0 S   0.0   0.0   0:00.00 irq/214-tegra_d
    426 root     -51   0       0      0      0 S   0.0   0.0   0:00.00 irq/215-tegra_d
    427 root       0 -20       0      0      0 I   0.0   0.0   0:00.00 dce-async-ipc-w
    428 root     -51   0       0      0      0 S   0.0   0.0   0:00.00 irq/240-nvvrs-p
    429 root      20   0       0      0      0 S   0.0   0.0   0:00.00 nv_queue
    430 root      20   0       0      0      0 S   0.0   0.0   0:00.00 nv_queue
    484 root       0 -20       0      0      0 I   0.0   0.0   0:00.00 cfg80211
    485 root     -51   0       0      0      0 S   0.0   0.0   0:00.00 irq/118-3210000
    489 root      20   0       0      0      0 S   0.0   0.0   0:00.00 spi0
    498 root     -51   0       0      0      0 S   0.0   0.0   0:00.00 irq/119-3230000
    503 root      20   0       0      0      0 S   0.0   0.0   0:00.00 spi1
    551 root       0 -20       0      0      0 I   0.0   0.0   0:00.00 btfwwork
    650 root      20   0    8236   6484   1432 S   0.0   0.1   0:00.51 haveged
    653 _rpc      20   0    7932   2260   1912 S   0.0   0.0   0:00.01 rpcbind
    655 systemd+  20   0   26320  13576   8500 S   0.0   0.2   0:00.46 systemd-resolve
    657 systemd+  20   0   88880   6412   5564 S   0.0   0.1   0:00.15 systemd-timesyn
    827 avahi     20   0    8224   3680   3144 S   0.0   0.0   0:00.72 avahi-daemon
    828 root      20   0    9888   4548   4112 S   0.0   0.1   0:00.06 bluetoothd
    829 message+  20   0   10456   5684   3584 S   0.0   0.1   0:21.74 dbus-daemon
    830 root      20   0  338724  21060  14884 S   0.0   0.3   0:21.12 NetworkManager
    840 root      20   0   43504  19808  10212 S   0.0   0.3   0:00.15 networkd-dispat
    851 root      20   0  241620   7020   6316 S   0.0   0.1   0:00.32 power-profiles-
    860 root      20   0    2240    792    712 S   0.0   0.0   0:00.00 seatd
    866 root      20   0 2145700  49220  25584 S   0.0   0.6   0:21.54 snapd
    871 root      20   0  242128   7456   6576 S   0.0   0.1   0:01.16 accounts-daemon
    872 root      20   0  238124   8280   5636 S   0.0   0.1   0:00.03 switcheroo-cont
    875 root      20   0   49004   7660   6308 S   0.0   0.1   0:01.81 systemd-logind
    876 root      20   0  394252  11960   9468 S   0.0   0.2   0:00.52 udisksd
    878 root      20   0   16636  10300   8304 S   0.0   0.1   0:01.18 wpa_supplicant
    883 avahi     20   0    7812    356      0 S   0.0   0.0   0:00.00 avahi-daemon
    890 root      rt   0       0      0      0 S   0.0   0.0   0:54.50 sugov:0
    893 root      rt   0       0      0      0 S   0.0   0.0   0:23.75 sugov:4
    944 root      30  10   11248   3604   3204 S   0.0   0.0   0:04.63 wifi_mon.sh
    969 root      20   0  237048  10420   6400 S   0.0   0.1   1:31.75 polkitd
   1004 root      20   0    2460   1540   1364 S   0.0   0.0   0:04.27 nvfancontrol
   1045 root      20   0       0      0      0 S   0.0   0.0   0:00.00 sw-quiesce
   1069 root      20   0       0      0      0 S   0.0   0.0   0:00.00 nvgpu_pg_init_g
   1108 root      20   0       0      0      0 S   0.0   0.0   0:00.00 nvgpu_clk_arb_p
   1158 root      20   0   75936  10084   8260 S   0.0   0.1   0:00.01 nvargus-daemon
   1159 root      20   0   11116   3508   3204 S   0.0   0.0   0:00.04 nvmemwarning.sh
   1173 root      20   0   22192   1776   1580 S   0.0   0.0   0:00.00 nvs-service
   1191 ollama    20   0 2006720  38588  20428 S   0.0   0.5   0:00.61 ollama
   1203 root      20   0    2336   1396   1280 S   0.0   0.0   0:01.61 run-cups-browse
   1206 root      20   0    2336   1376   1248 S   0.0   0.0   0:01.92 run-cupsd
   1219 root      20   0       0      0      0 S   0.0   0.0   0:00.00 pr/ramoops-1
   1221 root      20   0 2093080  74688  33248 S   0.0   1.0   0:50.88 containerd
   1241 root      20   0   10772   2820   2572 S   0.0   0.0   0:00.03 cron
   1276 kernoops  20   0   12812    452      0 S   0.0   0.0   0:00.01 kerneloops
   1277 root      20   0  243100   7964   7012 S   0.0   0.1   0:00.03 gdm3
   1293 root      20   0    9468    732    656 S   0.0   0.0   0:00.00 agetty
   1296 kernoops  20   0   12812    452      0 S   0.0   0.0   0:00.01 kerneloops
   1305 root      20   0    9468    724    648 S   0.0   0.0   0:00.00 agetty
   1322 root      20   0  173408   8800   7628 S   0.0   0.1   0:00.01 gdm-session-wor
   1404 gdm       20   0   18124   9732   7360 S   0.0   0.1   0:00.43 systemd
   1420 root      20   0       0      0      0 S   0.0   0.0   0:00.00 file-storage
   1423 gdm       20   0  172232   4504      0 S   0.0   0.1   0:00.00 (sd-pam)
   1461 root      20   0   15272   8356   6776 S   0.0   0.1   0:00.32 sshd
   1522 root      20   0    3076    988    876 S   0.0   0.0   0:00.00 nvphsd
   1527 root      20   0    3208   1512   1352 S   0.0   0.0   0:00.00 nvphsd
   1680 gdm        9 -11   41968   6472   5156 S   0.0   0.1   0:00.04 pipewire
   1681 gdm       20   0   25480   6440   5112 S   0.0   0.1   0:01.14 pipewire-media-
   1682 gdm        9 -11  891844  20764  12600 S   0.0   0.3   0:00.68 pulseaudio
   1685 gdm       20   0  163948   5500   4980 S   0.0   0.1   0:00.00 gdm-x-session
   1691 root      20   0   24.2g  82884  35884 S   0.0   1.1   0:01.17 Xorg
   1696 rtkit     21   1  153504   1600   1388 S   0.0   0.0   0:00.16 rtkit-daemon
   1705 gdm       20   0    8840   3596   3212 S   0.0   0.0   0:00.01 dbus-daemon
   1731 root      20   0       0      0      0 S   0.0   0.0   0:00.00 nvidia-modeset/
   1732 root      20   0       0      0      0 S   0.0   0.0   0:00.00 nvidia-modeset/
   1734 root      20   0       0      0      0 S   0.0   0.0   0:00.00 nvidia
   1738 root      20   0       0      0      0 S   0.0   0.0   0:00.00 nv_queue
   1782 root      20   0       0      0      0 S   0.0   0.0   0:00.00 nvidia-drm-nv-t
   1783 root     -51   0       0      0      0 S   0.0   0.0   0:00.00 card1-crtc0
   1784 root     -51   0       0      0      0 S   0.0   0.0   0:00.00 card1-crtc1
   1951 gdm       20   0    5876   1556   1344 S   0.0   0.0   0:00.00 dbus-run-sessio
   1954 gdm       20   0    9108   4476   3604 S   0.0   0.1   0:00.13 dbus-daemon
   2026 gdm       20   0  663384  17800  12956 S   0.0   0.2   0:00.55 gnome-session-b
   2051 gdm       20   0  310068   8972   6272 S   0.0   0.1   0:00.00 at-spi-bus-laun
   2056 gdm       20   0    8692   3552   3168 S   0.0   0.0   0:00.00 dbus-daemon
   2067 gdm       20   0 3397568 136704  73336 S   0.0   1.8   0:26.67 gnome-shell
   2084 gdm       20   0  237676   7020   4540 S   0.0   0.1   0:00.00 xdg-permission-
   2091 root      20   0  243852   8092   6980 S   0.0   0.1   0:00.26 upowerd
   2097 root      20   0  301608  19340  16412 S   0.0   0.2   0:00.88 packagekitd
   2099 gdm       20   0 2804036  25696  20860 S   0.0   0.3   0:00.08 gjs
   2101 gdm       20   0  163144   7192   6424 S   0.0   0.1   0:00.01 at-spi2-registr
   2128 gdm       20   0  468748   9916   8000 S   0.0   0.1   0:01.42 gsd-sharing
   2130 gdm       20   0  338880  16940  12620 S   0.0   0.2   0:00.06 gsd-wacom
   2139 gdm       20   0  599188  21500  16928 S   0.0   0.3   0:00.15 gsd-color
   2143 gdm       20   0  316840  11252   6240 S   0.0   0.1   0:00.09 ibus-daemon
   2150 gdm       20   0  338600  15024  13276 S   0.0   0.2   0:00.04 gsd-keyboard
   2151 gdm       20   0  252472   9916   8488 S   0.0   0.1   0:00.02 gsd-print-notif
   2152 gdm       20   0  459796   8176   5436 S   0.0   0.1   0:00.35 gsd-rfkill
   2153 gdm       20   0  388312   9428   6480 S   0.0   0.1   0:00.01 gsd-smartcard
   2160 gdm       20   0  380556  14476  12508 S   0.0   0.2   0:00.03 gsd-datetime
   2167 gdm       20   0  864180  22384  17516 S   0.0   0.3   0:00.28 gsd-media-keys
   2169 gdm       20   0  237936   4760   4376 S   0.0   0.1   0:00.00 gsd-screensaver
   2170 gdm       20   0  322096   8352   7324 S   0.0   0.1   0:00.01 gsd-sound
   2175 gdm       20   0  312416   6072   5492 S   0.0   0.1   0:00.01 gsd-a11y-settin
   2177 gdm       20   0  242216   7024   6228 S   0.0   0.1   0:00.01 gvfsd
   2178 gdm       20   0  314000   6928   6164 S   0.0   0.1   0:00.52 gsd-housekeepin
   2179 gdm       20   0  449976  18248  15904 S   0.0   0.2   0:00.29 gsd-power
   2203 gdm       20   0  347052  12600  10748 S   0.0   0.2   0:00.02 gsd-printer
   2234 colord    20   0  247460  12768   9028 S   0.0   0.2   0:00.22 colord
   2247 gdm       20   0  239040   8612   5940 S   0.0   0.1   0:00.00 ibus-dconf
   2258 gdm       20   0  238936   5920   5492 S   0.0   0.1   0:00.00 ibus-portal
   2281 gdm       20   0 2812420  25808  20904 S   0.0   0.3   0:00.09 gjs
   2300 gdm       20   0  165096   6500   5876 S   0.0   0.1   0:00.00 ibus-engine-sim
   2453 root      20   0  137440  11976   9612 S   0.0   0.2   0:00.65 cupsd
   2465 root      20   0  343140  19372  14152 S   0.0   0.2   0:01.30 cups-browsed
   2557 gdm       20   0  156672   4460   4068 S   0.0   0.1   0:00.00 dconf-service
   3864 root      20   0       0      0      0 I   0.0   0.0   0:13.00 kworker/u12:2-flush-259:0
   9961 jetson    20   0   18140   9776   7372 S   0.0   0.1   0:00.33 systemd
   9962 jetson    20   0  172508   4632      0 S   0.0   0.1   0:00.00 (sd-pam)
   9970 jetson    20   0   41976   6552   5228 S   0.0   0.1   0:00.04 pipewire
   9971 jetson    20   0   25488   6720   5380 S   0.0   0.1   0:01.23 pipewire-media-
  10023 jetson    20   0    8888   4148   3656 S   0.0   0.1   0:00.01 dbus-daemon
  10561 jetson    20   0    5508    776    688 S   0.0   0.0   0:00.20 sleep
  10658 root      20   0   21764   5404   3884 S   0.0   0.1   0:13.57 systemd-udevd
  10666 root      20   0   21752   4108   2588 S   0.0   0.1   0:00.23 systemd-udevd
  11619 root      20   0   21748   4060   2540 S   0.0   0.1   0:00.02 systemd-udevd
  11620 root      20   0   21760   4112   2588 S   0.0   0.1   0:00.02 systemd-udevd
  11621 root      20   0   21760   4516   2952 S   0.0   0.1   0:27.63 systemd-udevd
  11634 root      20   0   21760   4016   2496 S   0.0   0.1   0:00.01 systemd-udevd
  11635 root      20   0   21760   4048   2540 S   0.0   0.1   0:00.03 systemd-udevd
  11636 root      20   0   21764   3380   1864 S   0.0   0.0   0:00.01 systemd-udevd
  11648 root      20   0   21764   4008   2468 S   0.0   0.1   0:00.01 systemd-udevd
  11649 root      20   0   21764   3832   2288 S   0.0   0.0   0:00.01 systemd-udevd
  11650 root      20   0   21764   3968   2432 S   0.0   0.1   0:00.00 systemd-udevd
  11653 root      20   0   21764   4496   2944 S   0.0   0.1   0:00.04 systemd-udevd
  11654 root      20   0   21764   4508   2960 S   0.0   0.1   0:00.03 systemd-udevd
 109437 snap_da+  20   0   14484   4632   3932 S   0.0   0.1   0:00.00 dbus
 112737 jetson    20   0  203640  36228  13220 S   0.0   0.5   0:00.70 ros2
 112739 jetson    20   0 2070728  32552  18032 S   0.0   0.4   0:00.36 docker
 112741 jetson    20   0  428380  30784  15880 S   0.0   0.4   0:43.94 robot_state_pub
 112768 root      20   0 1233232  12088   6600 S   0.0   0.2   0:00.92 containerd-shim
 112797 root      20   0   49400  29488  14684 S   0.0   0.4   0:00.36 ros2
 113162 jetson    20   0  920440  65760  26672 S   0.0   0.8   0:45.15 python3
 129749 root      20   0       0      0      0 I   0.0   0.0   0:09.24 kworker/u12:5-events_freezable_power_
 189022 jetson    20   0 1082604  56652  26332 S   0.0   0.7   0:57.86 foxglove_bridge
 189320 jetson    20   0  129772  36300  13220 S   0.0   0.5   0:00.73 ros2
 189431 jetson    20   0  796980  41908  13220 S   0.0   0.5   0:01.35 ros2
 189475 jetson    20   0   11248   3072   2752 S   0.0   0.0   0:05.02 bash
 189596 jetson    20   0   53012  29660  15012 S   0.0   0.4   0:00.34 ros2
 244731 root      20   0       0      0      0 I   0.0   0.0   0:01.24 kworker/1:2-cgroup_destroy
 286436 root      20   0       0      0      0 I   0.0   0.0   0:08.53 kworker/u12:0-events_freezable_power_
 344667 root      20   0       0      0      0 I   0.0   0.0   0:00.59 kworker/0:3-events
 349442 root      20   0       0      0      0 I   0.0   0.0   0:05.65 kworker/u12:6-events_unbound
 367657 root       0 -20       0      0      0 I   0.0   0.0   0:11.77 kworker/u13:2-uvcvideo
 403545 root      20   0       0      0      0 I   0.0   0.0   0:04.05 kworker/u12:8-events_unbound
 443709 root      20   0       0      0      0 I   0.0   0.0   0:00.14 kworker/3:2-cgroup_destroy
 445412 root      20   0       0      0      0 I   0.0   0.0   0:00.25 kworker/2:1-mm_percpu_wq
 448401 root      20   0       0      0      0 I   0.0   0.0   0:00.00 kworker/5:2-events
 467530 root      20   0       0      0      0 I   0.0   0.0   0:01.91 kworker/u12:3-events_unbound
 468909 jetson    20   0   11116   3036   2756 S   0.0   0.0   0:01.64 bash
 469901 root       0 -20       0      0      0 I   0.0   0.0   0:01.87 kworker/u13:3-uvcvideo
 478380 root      20   0       0      0      0 I   0.0   0.0   0:00.29 kworker/1:1-mm_percpu_wq
 480561 root      20   0       0      0      0 I   0.0   0.0   0:00.00 kworker/4:1-events
 483353 root      20   0       0      0      0 I   0.0   0.0   0:00.00 kworker/2:3-events
 489026 root      20   0       0      0      0 I   0.0   0.0   0:01.20 kworker/u12:10-events_freezable_power_
 496325 root      20   0       0      0      0 I   0.0   0.0   0:00.11 kworker/3:0-events
 499790 root       0 -20       0      0      0 I   0.0   0.0   0:02.37 kworker/u13:4-uvcvideo
 511663 root      20   0       0      0      0 I   0.0   0.0   0:00.00 kworker/0:1-cgroup_destroy
 514145 root      20   0       0      0      0 I   0.0   0.0   0:00.05 kworker/5:1-events
 514952 root      20   0       0      0      0 I   0.0   0.0   0:00.04 kworker/4:0-events
 528481 root      20   0       0      0      0 I   0.0   0.0   0:00.00 kworker/1:0-events
 528980 root      20   0    9436    780    704 S   0.0   0.0   0:00.00 sleep
 530050 root      20   0       0      0      0 I   0.0   0.0   0:00.00 kworker/3:1-cgroup_destroy
 530052 root      20   0       0      0      0 I   0.0   0.0   0:00.00 kworker/2:0-cgroup_destroy
 530228 root      20   0       0      0      0 I   0.0   0.0   0:00.00 kworker/3:3-cgroup_destroy
 530300 root      20   0       0      0      0 I   0.0   0.0   0:00.00 kworker/2:2-events
 532747 root      20   0       0      0      0 I   0.0   0.0   0:00.00 kworker/0:0-events
 533529 jetson    20   0   11248   3304   2868 S   0.0   0.0   0:00.03 bash
 536497 jetson    20   0   11248   3288   2852 S   0.0   0.0   0:00.01 bash
 536579 jetson    20   0    2872    884    788 S   0.0   0.0   0:00.03 tegrastats
 536849 jetson    20   0    9480    820    736 S   0.0   0.0   0:00.00 tail
 537023 root      20   0       0      0      0 I   0.0   0.0   0:00.00 kworker/4:2
 537295 root      30  10    9436    768    692 S   0.0   0.0   0:00.00 sleep
 537476 jetson    20   0    9444    788    704 S   0.0   0.0   0:00.00 sleep
 537516 jetson    20   0    9436    784    704 S   0.0   0.0   0:00.00 sleep

top - 12:24:15 up  3:27,  0 users,  load average: 8.88, 5.02, 3.74
Tasks: 355 total,   6 running, 349 sleeping,   0 stopped,   0 zombie
%Cpu(s): 43.1 us, 36.3 sy,  0.0 ni, 11.9 id,  0.0 wa,  3.1 hi,  5.6 si,  0.0 st
MiB Mem :   7607.4 total,   2820.3 free,   2062.7 used,   2724.3 buff/cache
MiB Swap:   3803.7 total,   3803.7 free,      0.0 used.   5246.2 avail Mem 

    PID USER      PR  NI    VIRT    RES    SHR S  %CPU  %MEM     TIME+ COMMAND
 189211 jetson    20   0  506208  35400  18400 R  46.4   0.5  12:53.23 ekf_node
 536848 jetson    20   0  752992  71016  29568 R  46.4   0.9   0:05.90 python3
 189322 jetson    20   0 1062768  53388  24352 S  41.1   0.7   3:29.36 async_slam_tool
 189435 jetson    20   0  963220  49980  23640 S  40.1   0.6  11:30.79 controller_serv
 536577 jetson    20   0  763888  55444  25424 S  33.3   0.7   0:05.21 ros2
 189612 jetson    20   0 9355088 429500  86828 S  31.4   5.5  17:36.22 nvblox_node
 189209 jetson    20   0  709056  62924  27264 R  30.9   0.8  42:47.59 python3
 189443 jetson    20   0  530952  46392  26204 S  29.0   0.6   9:51.92 bt_navigator
 189439 jetson    20   0 1070976  71972  24728 S  22.7   0.9  10:00.57 planner_server
 189441 jetson    20   0  516476  35524  21032 R  19.8   0.5   8:13.19 behavior_server
 189437 jetson    20   0  664688  35016  19416 S  18.8   0.4   6:58.09 smoother_server
    969 root      20   0  237048  10420   6400 S  15.0   0.1   1:32.06 polkitd
 189018 jetson    20   0  432956  26708  14244 S  12.6   0.3  18:46.40 rplidar_node
 189014 jetson    20   0 1750472 105416  51332 S  11.6   1.4  15:40.72 realsense2_came
 189473 jetson    20   0  577396  31376  16252 S   9.2   0.4  12:32.19 lifecycle_manag
 189433 jetson    20   0  709716  63544  27368 S   8.7   0.8   4:44.69 python3
 189020 jetson    20   0  707980  61536  27440 S   7.7   0.8   9:17.77 python3
 189462 jetson    20   0  428560  29632  15952 S   5.3   0.4   5:37.81 velocity_smooth
 189447 jetson    20   0  431308  30976  17020 R   4.8   0.4   5:41.44 waypoint_follow
 112823 root      20   0 1235152  44624  11476 S   4.3   0.6   9:31.61 micro_ros_agent
    829 message+  20   0   10456   5684   3584 S   3.4   0.1   0:21.81 dbus-daemon
 189016 jetson    20   0  709040  65192  27268 S   3.4   0.8   4:03.53 python3
    830 root      20   0  338724  21060  14884 S   2.4   0.3   0:21.17 NetworkManager
      1 root      20   0  167880  11776   7444 S   1.9   0.2   0:15.95 systemd
   1221 root      20   0 2093080  74688  33248 S   1.0   1.0   0:50.90 containerd
   2067 gdm       20   0 3397568 136704  73336 S   1.0   1.8   0:26.69 gnome-shell
 520043 root       0 -20       0      0      0 I   1.0   0.0   0:01.21 kworker/u13:0-uvcvideo
 536578 jetson    20   0   14340   3388   2776 R   1.0   0.0   0:00.18 top
     14 root      20   0       0      0      0 S   0.5   0.0   0:09.22 ksoftirqd/0
     15 root      20   0       0      0      0 I   0.5   0.0   0:05.58 rcu_preempt
    256 root      19  -1   48768  12328  10712 S   0.5   0.2   0:14.72 systemd-journal
    875 root      20   0   49004   7660   6308 S   0.5   0.1   0:01.82 systemd-logind
   2167 gdm       20   0  864180  22384  17516 S   0.5   0.3   0:00.29 gsd-media-keys
   2465 root      20   0  343140  19372  14152 S   0.5   0.2   0:01.31 cups-browsed
   3864 root      20   0       0      0      0 I   0.5   0.0   0:13.01 kworker/u12:2-events_unbound
 113162 jetson    20   0  920440  65760  26672 S   0.5   0.8   0:45.16 python3
 189431 jetson    20   0  796980  41908  13220 S   0.5   0.5   0:01.36 ros2
 206274 root      20   0       0      0      0 I   0.5   0.0   0:10.45 kworker/u12:9-events_freezable_power_
 286436 root      20   0       0      0      0 I   0.5   0.0   0:08.54 kworker/u12:0-events_freezable_power_
 403545 root      20   0       0      0      0 I   0.5   0.0   0:04.06 kworker/u12:8-events_unbound
 536579 jetson    20   0    2872    884    788 S   0.5   0.0   0:00.04 tegrastats
      2 root      20   0       0      0      0 S   0.0   0.0   0:00.02 kthreadd
      3 root       0 -20       0      0      0 I   0.0   0.0   0:00.00 rcu_gp
      4 root       0 -20       0      0      0 I   0.0   0.0   0:00.00 rcu_par_gp
      5 root       0 -20       0      0      0 I   0.0   0.0   0:00.00 slub_flushwq
      6 root       0 -20       0      0      0 I   0.0   0.0   0:00.00 netns
      8 root       0 -20       0      0      0 I   0.0   0.0   0:00.00 kworker/0:0H-events_highpri
     10 root       0 -20       0      0      0 I   0.0   0.0   0:00.00 mm_percpu_wq
     11 root      20   0       0      0      0 S   0.0   0.0   0:00.00 rcu_tasks_kthre
     12 root      20   0       0      0      0 S   0.0   0.0   0:00.00 rcu_tasks_rude_
     13 root      20   0       0      0      0 S   0.0   0.0   0:00.00 rcu_tasks_trace
     16 root      rt   0       0      0      0 S   0.0   0.0   0:00.03 migration/0
     17 root      20   0       0      0      0 S   0.0   0.0   0:00.00 cpuhp/0
     18 root      20   0       0      0      0 S   0.0   0.0   0:00.00 cpuhp/1
     19 root      rt   0       0      0      0 S   0.0   0.0   0:00.03 migration/1
     20 root      20   0       0      0      0 S   0.0   0.0   0:01.10 ksoftirqd/1
     22 root       0 -20       0      0      0 I   0.0   0.0   0:00.00 kworker/1:0H-events_highpri
     23 root      20   0       0      0      0 S   0.0   0.0   0:00.00 cpuhp/2
     24 root      rt   0       0      0      0 S   0.0   0.0   0:00.03 migration/2
     25 root      20   0       0      0      0 S   0.0   0.0   0:01.10 ksoftirqd/2
     27 root       0 -20       0      0      0 I   0.0   0.0   0:00.00 kworker/2:0H-events_highpri
     28 root      20   0       0      0      0 S   0.0   0.0   0:00.00 cpuhp/3
     29 root      rt   0       0      0      0 S   0.0   0.0   0:00.02 migration/3
     30 root      20   0       0      0      0 S   0.0   0.0   0:01.07 ksoftirqd/3
     32 root       0 -20       0      0      0 I   0.0   0.0   0:00.00 kworker/3:0H-events_highpri
     33 root      20   0       0      0      0 S   0.0   0.0   0:00.00 cpuhp/4
     34 root      rt   0       0      0      0 S   0.0   0.0   0:00.07 migration/4
     35 root      20   0       0      0      0 S   0.0   0.0   0:00.94 ksoftirqd/4
     37 root       0 -20       0      0      0 I   0.0   0.0   0:00.00 kworker/4:0H-events_highpri
     38 root      20   0       0      0      0 S   0.0   0.0   0:00.00 cpuhp/5
     39 root      rt   0       0      0      0 S   0.0   0.0   0:00.07 migration/5
     40 root      20   0       0      0      0 S   0.0   0.0   0:00.87 ksoftirqd/5
     42 root       0 -20       0      0      0 I   0.0   0.0   0:00.00 kworker/5:0H-kblockd
     43 root      20   0       0      0      0 S   0.0   0.0   0:00.00 kdevtmpfs
     44 root       0 -20       0      0      0 I   0.0   0.0   0:00.00 inet_frag_wq
     51 root      20   0       0      0      0 S   0.0   0.0   0:00.00 kauditd
     52 root      20   0       0      0      0 S   0.0   0.0   0:00.00 oom_reaper
     53 root       0 -20       0      0      0 I   0.0   0.0   0:00.00 writeback
     54 root      20   0       0      0      0 S   0.0   0.0   0:00.10 kcompactd0
     55 root      25   5       0      0      0 S   0.0   0.0   0:00.00 ksmd
     56 root      39  19       0      0      0 S   0.0   0.0   0:00.89 khugepaged
     67 root       0 -20       0      0      0 I   0.0   0.0   0:00.00 cryptd
     86 root       0 -20       0      0      0 I   0.0   0.0   0:00.00 kintegrityd
     87 root       0 -20       0      0      0 I   0.0   0.0   0:00.00 kblockd
     88 root       0 -20       0      0      0 I   0.0   0.0   0:00.00 blkcg_punt_bio
     89 root       0 -20       0      0      0 I   0.0   0.0   0:00.00 tpm_dev_wq
     90 root       0 -20       0      0      0 I   0.0   0.0   0:00.00 ata_sff
     91 root       0 -20       0      0      0 I   0.0   0.0   0:00.00 edac-poller
     92 root       0 -20       0      0      0 I   0.0   0.0   0:00.00 devfreq_wq
     93 root     -51   0       0      0      0 S   0.0   0.0   0:00.00 watchdogd
     96 root       0 -20       0      0      0 I   0.0   0.0   0:00.04 kworker/0:1H-kblockd
     97 root       0 -20       0      0      0 I   0.0   0.0   0:00.00 rpciod
     99 root       0 -20       0      0      0 I   0.0   0.0   0:00.00 xprtiod
    127 root      20   0       0      0      0 S   0.0   0.0   0:00.00 kswapd0
    128 root       0 -20       0      0      0 I   0.0   0.0   0:00.00 nfsiod
    132 root       0 -20       0      0      0 I   0.0   0.0   0:00.00 vfio-irqfd-clea
    133 root       0 -20       0      0      0 I   0.0   0.0   0:00.00 bch_btree_io
    134 root       0 -20       0      0      0 I   0.0   0.0   0:00.00 bcache
    135 root       0 -20       0      0      0 I   0.0   0.0   0:00.00 bch_journal
    136 root       0 -20       0      0      0 I   0.0   0.0   0:00.00 dm_bufio_cache
    140 root      10 -10       0      0      0 S   0.0   0.0   0:00.00 krfcommd
    141 root      20   0       0      0      0 S   0.0   0.0   0:00.00 pr/tty0
    142 root      20   0       0      0      0 S   0.0   0.0   0:03.01 pr/ttyTCU0
    145 root     -51   0       0      0      0 S   0.0   0.0   0:00.00 irq/114-3160000
    147 root     -51   0       0      0      0 S   0.0   0.0   0:00.00 irq/115-3180000
    149 root     -51   0       0      0      0 S   0.0   0.0   0:00.00 irq/116-31b0000
    150 root     -51   0       0      0      0 S   0.0   0.0   0:00.00 irq/167-c240000
    151 root     -51   0       0      0      0 S   0.0   0.0   0:00.00 irq/168-c250000
    152 root     -51   0       0      0      0 S   0.0   0.0   0:00.00 irq/125-3610000
    153 root     -51   0       0      0      0 S   0.0   0.0   0:00.00 irq/122-3610000
    154 root       0 -20       0      0      0 I   0.0   0.0   0:00.00 sdhci
    155 root     -51   0       0      0      0 S   0.0   0.0   0:00.00 irq/120-mmc0
    156 root     -51   0       0      0      0 S   0.0   0.0   0:00.00 irq/230-3400000
    178 root     -51   0       0      0      0 S   0.0   0.0   0:00.00 irq/191-tegra-p
    179 root       0 -20       0      0      0 I   0.0   0.0   0:00.00 nvme-wq
    180 root       0 -20       0      0      0 I   0.0   0.0   0:00.00 nvme-reset-wq
    181 root       0 -20       0      0      0 I   0.0   0.0   0:00.00 nvme-delete-wq
    190 root     -51   0       0      0      0 S   0.0   0.0   0:00.00 irq/191-aerdrv
    191 root     -51   0       0      0      0 S   0.0   0.0   0:00.00 irq/193-tegra-p
    194 root     -51   0       0      0      0 S   0.0   0.0   0:00.00 irq/193-aerdrv
    195 root     -51   0       0      0      0 S   0.0   0.0   0:00.00 irq/195-tegra-p
    197 root     -51   0       0      0      0 S   0.0   0.0   0:00.00 irq/232-nvme0q0
    198 root     -51   0       0      0      0 S   0.0   0.0   0:00.38 irq/233-nvme0q1
    199 root     -51   0       0      0      0 S   0.0   0.0   0:00.37 irq/234-nvme0q2
    200 root     -51   0       0      0      0 S   0.0   0.0   0:00.43 irq/235-nvme0q3
    201 root     -51   0       0      0      0 S   0.0   0.0   0:00.29 irq/236-nvme0q4
    202 root     -51   0       0      0      0 S   0.0   0.0   0:00.11 irq/237-nvme0q5
    203 root     -51   0       0      0      0 S   0.0   0.0   0:00.11 irq/238-nvme0q6
    210 root       0 -20       0      0      0 I   0.0   0.0   0:00.05 kworker/5:1H-kblockd
    211 root      20   0       0      0      0 S   0.0   0.0   0:00.79 jbd2/nvme0n1p1-
    212 root       0 -20       0      0      0 I   0.0   0.0   0:00.00 ext4-rsv-conver
    221 root       0 -20       0      0      0 I   0.0   0.0   0:00.00 mld
    222 root       0 -20       0      0      0 I   0.0   0.0   0:00.03 kworker/1:1H-kblockd
    223 root       0 -20       0      0      0 I   0.0   0.0   0:00.00 ipv6_addrconf
    253 root       0 -20       0      0      0 I   0.0   0.0   0:00.04 kworker/3:1H-kblockd
    275 root       0 -20       0      0      0 I   0.0   0.0   0:00.04 kworker/2:1H-kblockd
    280 root      39  19       0      0      0 S   0.0   0.0   0:00.48 nvmap-bz
    281 root     -51   0       0      0      0 S   0.0   0.0   0:00.00 irq/188-host1x_
    284 root     -51   0       0      0      0 S   0.0   0.0   0:00.00 irq/197-gk20a_s
    285 root     -51   0       0      0      0 S   0.0   0.0   0:00.01 irq/198-gk20a_s
    286 root     -51   0       0      0      0 S   0.0   0.0   0:00.01 irq/199-gk20a_s
    287 root     -51   0       0      0      0 S   0.0   0.0   0:00.00 irq/200-gk20a_n
    293 root      20   0   11116   3456   3200 S   0.0   0.0   0:00.00 nv-tee-supplica
    300 root      20   0  150380   1344   1232 S   0.0   0.0   0:00.01 tee-supplicant
    302 root       0 -20       0      0      0 I   0.0   0.0   0:00.00 optee_bus_scan
    312 root      20   0   23872   6336   4084 S   0.0   0.1   0:14.32 systemd-udevd
    313 root      20   0   23220   4796   3028 S   0.0   0.1   0:00.08 systemd-udevd
    314 root      20   0   24292   6724   3856 S   0.0   0.1   0:00.17 systemd-udevd
    315 root      20   0   23252   5932   4012 S   0.0   0.1   0:00.37 systemd-udevd
    316 root      20   0   23216   4780   3004 S   0.0   0.1   0:00.21 systemd-udevd
    317 root      20   0   23520   5532   3480 S   0.0   0.1   0:00.14 systemd-udevd
    318 root      20   0   23216   5256   3456 S   0.0   0.1   0:00.39 systemd-udevd
    319 root      20   0   23216   5360   3528 S   0.0   0.1   0:00.28 systemd-udevd
    320 root      20   0   23264   5404   3480 S   0.0   0.1   0:00.13 systemd-udevd
    321 root      20   0   23216   5884   4040 S   0.0   0.1   0:00.29 systemd-udevd
    322 root      20   0   23216   5084   3276 S   0.0   0.1   0:00.13 systemd-udevd
    323 root      20   0   23240   5820   3912 S   0.0   0.1   0:00.12 systemd-udevd
    324 root      20   0   23268   5436   3500 S   0.0   0.1   0:00.15 systemd-udevd
    325 root      20   0   23216   5908   4044 S   0.0   0.1   0:00.62 systemd-udevd
    326 root      20   0   23216   4580   2760 S   0.0   0.1   0:00.11 systemd-udevd
    327 root      20   0   23528   5324   3256 S   0.0   0.1   0:00.11 systemd-udevd
    328 root      20   0   23216   5100   3284 S   0.0   0.1   0:00.13 systemd-udevd
    329 root      20   0   23572   6908   4792 S   0.0   0.1   0:48.41 systemd-udevd
    330 root      20   0   23216   5104   3280 S   0.0   0.1   0:00.11 systemd-udevd
    331 root      20   0   23216   5140   3312 S   0.0   0.1   0:00.27 systemd-udevd
    332 root      20   0   23264   5160   3236 S   0.0   0.1   0:00.18 systemd-udevd
    333 root      20   0   23216   5496   3668 S   0.0   0.1   0:00.11 systemd-udevd
    334 root      20   0   23216   4972   3156 S   0.0   0.1   0:00.27 systemd-udevd
    336 root      20   0   23216   5080   3248 S   0.0   0.1   0:00.26 systemd-udevd
    337 root      20   0   23276   4580   2644 S   0.0   0.1   0:00.11 systemd-udevd
    338 root      20   0   23280   6100   4152 S   0.0   0.1   0:00.24 systemd-udevd
    339 root      20   0   23548   6220   4128 S   0.0   0.1   0:00.35 systemd-udevd
    340 root      20   0   23216   5620   3796 S   0.0   0.1   0:00.21 systemd-udevd
    341 root      20   0   23216   4940   3108 S   0.0   0.1   0:00.17 systemd-udevd
    344 root       0 -20       0      0      0 I   0.0   0.0   0:00.05 kworker/4:1H-kblockd
    388 root     -51   0       0      0      0 S   0.0   0.0   0:00.00 irq/189-tegra-p
    397 root      20   0       0      0      0 S   0.0   0.0   0:00.00 15820000.crypto
    398 root      20   0       0      0      0 S   0.0   0.0   0:00.00 15840000.crypto
    420 root     -51   0       0      0      0 S   0.0   0.0   0:00.00 irq/189-aerdrv
    422 root     -51   0       0      0      0 S   0.0   0.0   0:00.00 irq/219-bc00000
    423 root      -2   0       0      0      0 S   0.0   0.0   0:00.00 capture-control
    424 root      -2   0       0      0      0 S   0.0   0.0   0:00.00 capture
    425 root     -51   0       0      0      0 S   0.0   0.0   0:00.00 irq/214-tegra_d
    426 root     -51   0       0      0      0 S   0.0   0.0   0:00.00 irq/215-tegra_d
    427 root       0 -20       0      0      0 I   0.0   0.0   0:00.00 dce-async-ipc-w
    428 root     -51   0       0      0      0 S   0.0   0.0   0:00.00 irq/240-nvvrs-p
    429 root      20   0       0      0      0 S   0.0   0.0   0:00.00 nv_queue
    430 root      20   0       0      0      0 S   0.0   0.0   0:00.00 nv_queue
    484 root       0 -20       0      0      0 I   0.0   0.0   0:00.00 cfg80211
    485 root     -51   0       0      0      0 S   0.0   0.0   0:00.00 irq/118-3210000
    489 root      20   0       0      0      0 S   0.0   0.0   0:00.00 spi0
    498 root     -51   0       0      0      0 S   0.0   0.0   0:00.00 irq/119-3230000
    503 root      20   0       0      0      0 S   0.0   0.0   0:00.00 spi1
    551 root       0 -20       0      0      0 I   0.0   0.0   0:00.00 btfwwork
    650 root      20   0    8236   6484   1432 S   0.0   0.1   0:00.51 haveged
    653 _rpc      20   0    7932   2260   1912 S   0.0   0.0   0:00.01 rpcbind
    655 systemd+  20   0   26320  13576   8500 S   0.0   0.2   0:00.46 systemd-resolve
    657 systemd+  20   0   88880   6412   5564 S   0.0   0.1   0:00.15 systemd-timesyn
    827 avahi     20   0    8224   3680   3144 S   0.0   0.0   0:00.72 avahi-daemon
    828 root      20   0    9888   4548   4112 S   0.0   0.1   0:00.06 bluetoothd
    840 root      20   0   43504  19808  10212 S   0.0   0.3   0:00.15 networkd-dispat
    851 root      20   0  241620   7020   6316 S   0.0   0.1   0:00.32 power-profiles-
    854 syslog    20   0  222160   7056   3672 S   0.0   0.1   0:03.01 rsyslogd
    860 root      20   0    2240    792    712 S   0.0   0.0   0:00.00 seatd
    866 root      20   0 2145700  49220  25584 S   0.0   0.6   0:21.54 snapd
    871 root      20   0  242128   7456   6576 S   0.0   0.1   0:01.16 accounts-daemon
    872 root      20   0  238124   8280   5636 S   0.0   0.1   0:00.03 switcheroo-cont
    876 root      20   0  394252  11960   9468 S   0.0   0.2   0:00.52 udisksd
    878 root      20   0   16636  10300   8304 S   0.0   0.1   0:01.18 wpa_supplicant
    883 avahi     20   0    7812    356      0 S   0.0   0.0   0:00.00 avahi-daemon
    890 root      rt   0       0      0      0 S   0.0   0.0   0:54.50 sugov:0
    893 root      rt   0       0      0      0 S   0.0   0.0   0:23.75 sugov:4
    944 root      30  10   11248   3604   3204 S   0.0   0.0   0:04.63 wifi_mon.sh
   1004 root      20   0    2460   1540   1364 S   0.0   0.0   0:04.27 nvfancontrol
   1045 root      20   0       0      0      0 S   0.0   0.0   0:00.00 sw-quiesce
   1050 root      20   0       0      0      0 S   0.0   0.0   0:11.91 nvgpu_channel_p
   1069 root      20   0       0      0      0 S   0.0   0.0   0:00.00 nvgpu_pg_init_g
   1108 root      20   0       0      0      0 S   0.0   0.0   0:00.00 nvgpu_clk_arb_p
   1129 root      20   0       0      0      0 S   0.0   0.0   0:04.62 RTW_CMD_THREAD
   1158 root      20   0   75936  10084   8260 S   0.0   0.1   0:00.01 nvargus-daemon
   1159 root      20   0   11116   3508   3204 S   0.0   0.0   0:00.04 nvmemwarning.sh
   1173 root      20   0   22192   1776   1580 S   0.0   0.0   0:00.00 nvs-service
   1191 ollama    20   0 2006720  38588  20428 S   0.0   0.5   0:00.61 ollama
   1203 root      20   0    2336   1396   1280 S   0.0   0.0   0:01.61 run-cups-browse
   1206 root      20   0    2336   1376   1248 S   0.0   0.0   0:01.92 run-cupsd
   1219 root      20   0       0      0      0 S   0.0   0.0   0:00.00 pr/ramoops-1
   1241 root      20   0   10772   2820   2572 S   0.0   0.0   0:00.03 cron
   1276 kernoops  20   0   12812    452      0 S   0.0   0.0   0:00.01 kerneloops
   1277 root      20   0  243100   7964   7012 S   0.0   0.1   0:00.03 gdm3
   1293 root      20   0    9468    732    656 S   0.0   0.0   0:00.00 agetty
   1296 kernoops  20   0   12812    452      0 S   0.0   0.0   0:00.01 kerneloops
   1305 root      20   0    9468    724    648 S   0.0   0.0   0:00.00 agetty
   1322 root      20   0  173408   8800   7628 S   0.0   0.1   0:00.01 gdm-session-wor
   1404 gdm       20   0   18124   9732   7360 S   0.0   0.1   0:00.43 systemd
   1420 root      20   0       0      0      0 S   0.0   0.0   0:00.00 file-storage
   1423 gdm       20   0  172232   4504      0 S   0.0   0.1   0:00.00 (sd-pam)
   1461 root      20   0   15272   8356   6776 S   0.0   0.1   0:00.32 sshd
   1522 root      20   0    3076    988    876 S   0.0   0.0   0:00.00 nvphsd
   1527 root      20   0    3208   1512   1352 S   0.0   0.0   0:00.00 nvphsd
   1570 root      20   0 2426540 117424  57248 S   0.0   1.5   0:51.76 dockerd
   1680 gdm        9 -11   41968   6472   5156 S   0.0   0.1   0:00.04 pipewire
   1681 gdm       20   0   25480   6440   5112 S   0.0   0.1   0:01.14 pipewire-media-
   1682 gdm        9 -11  891844  20764  12600 S   0.0   0.3   0:00.68 pulseaudio
   1685 gdm       20   0  163948   5500   4980 S   0.0   0.1   0:00.00 gdm-x-session
   1691 root      20   0   24.2g  82884  35884 S   0.0   1.1   0:01.17 Xorg
   1696 rtkit     21   1  153504   1600   1388 S   0.0   0.0   0:00.16 rtkit-daemon
   1705 gdm       20   0    8840   3596   3212 S   0.0   0.0   0:00.01 dbus-daemon
   1731 root      20   0       0      0      0 S   0.0   0.0   0:00.00 nvidia-modeset/
   1732 root      20   0       0      0      0 S   0.0   0.0   0:00.00 nvidia-modeset/
   1734 root      20   0       0      0      0 S   0.0   0.0   0:00.00 nvidia
   1738 root      20   0       0      0      0 S   0.0   0.0   0:00.00 nv_queue
   1782 root      20   0       0      0      0 S   0.0   0.0   0:00.00 nvidia-drm-nv-t
   1783 root     -51   0       0      0      0 S   0.0   0.0   0:00.00 card1-crtc0
   1784 root     -51   0       0      0      0 S   0.0   0.0   0:00.00 card1-crtc1
   1951 gdm       20   0    5876   1556   1344 S   0.0   0.0   0:00.00 dbus-run-sessio
   1954 gdm       20   0    9108   4476   3604 S   0.0   0.1   0:00.13 dbus-daemon
   2026 gdm       20   0  663384  17800  12956 S   0.0   0.2   0:00.55 gnome-session-b
   2051 gdm       20   0  310068   8972   6272 S   0.0   0.1   0:00.00 at-spi-bus-laun
   2056 gdm       20   0    8692   3552   3168 S   0.0   0.0   0:00.00 dbus-daemon
   2084 gdm       20   0  237676   7020   4540 S   0.0   0.1   0:00.00 xdg-permission-
   2091 root      20   0  243852   8092   6980 S   0.0   0.1   0:00.26 upowerd
   2097 root      20   0  301608  19340  16412 S   0.0   0.2   0:00.88 packagekitd
   2099 gdm       20   0 2804036  25696  20860 S   0.0   0.3   0:00.08 gjs
   2101 gdm       20   0  163144   7192   6424 S   0.0   0.1   0:00.01 at-spi2-registr
   2128 gdm       20   0  468748   9916   8000 S   0.0   0.1   0:01.42 gsd-sharing
   2130 gdm       20   0  338880  16940  12620 S   0.0   0.2   0:00.06 gsd-wacom
   2139 gdm       20   0  599188  21500  16928 S   0.0   0.3   0:00.15 gsd-color
   2143 gdm       20   0  316840  11252   6240 S   0.0   0.1   0:00.09 ibus-daemon
   2150 gdm       20   0  338600  15024  13276 S   0.0   0.2   0:00.04 gsd-keyboard
   2151 gdm       20   0  252472   9916   8488 S   0.0   0.1   0:00.02 gsd-print-notif
   2152 gdm       20   0  459796   8176   5436 S   0.0   0.1   0:00.35 gsd-rfkill
   2153 gdm       20   0  388312   9428   6480 S   0.0   0.1   0:00.01 gsd-smartcard
   2160 gdm       20   0  380556  14476  12508 S   0.0   0.2   0:00.03 gsd-datetime
   2169 gdm       20   0  237936   4760   4376 S   0.0   0.1   0:00.00 gsd-screensaver
   2170 gdm       20   0  322096   8352   7324 S   0.0   0.1   0:00.01 gsd-sound
   2175 gdm       20   0  312416   6072   5492 S   0.0   0.1   0:00.01 gsd-a11y-settin
   2177 gdm       20   0  242216   7024   6228 S   0.0   0.1   0:00.01 gvfsd
   2178 gdm       20   0  314000   6928   6164 S   0.0   0.1   0:00.52 gsd-housekeepin
   2179 gdm       20   0  449976  18248  15904 S   0.0   0.2   0:00.29 gsd-power
   2203 gdm       20   0  347052  12600  10748 S   0.0   0.2   0:00.02 gsd-printer
   2234 colord    20   0  247460  12768   9028 S   0.0   0.2   0:00.22 colord
   2247 gdm       20   0  239040   8612   5940 S   0.0   0.1   0:00.00 ibus-dconf
   2258 gdm       20   0  238936   5920   5492 S   0.0   0.1   0:00.00 ibus-portal
   2281 gdm       20   0 2812420  25808  20904 S   0.0   0.3   0:00.09 gjs
   2300 gdm       20   0  165096   6500   5876 S   0.0   0.1   0:00.00 ibus-engine-sim
   2453 root      20   0  137440  11976   9612 S   0.0   0.2   0:00.65 cupsd
   2557 gdm       20   0  156672   4460   4068 S   0.0   0.1   0:00.00 dconf-service
   9961 jetson    20   0   18140   9776   7372 S   0.0   0.1   0:00.33 systemd
   9962 jetson    20   0  172508   4632      0 S   0.0   0.1   0:00.00 (sd-pam)
   9970 jetson    20   0   41976   6552   5228 S   0.0   0.1   0:00.04 pipewire
   9971 jetson    20   0   25488   6720   5380 S   0.0   0.1   0:01.23 pipewire-media-
  10023 jetson    20   0    8888   4148   3656 S   0.0   0.1   0:00.01 dbus-daemon
  10532 root      20   0 1233232  12156   6212 S   0.0   0.2   0:34.80 containerd-shim
  10561 jetson    20   0    5508    776    688 S   0.0   0.0   0:00.20 sleep
  10658 root      20   0   21764   5404   3884 S   0.0   0.1   0:13.57 systemd-udevd
  10666 root      20   0   21752   4108   2588 S   0.0   0.1   0:00.23 systemd-udevd
  11619 root      20   0   21748   4060   2540 S   0.0   0.1   0:00.02 systemd-udevd
  11620 root      20   0   21760   4112   2588 S   0.0   0.1   0:00.02 systemd-udevd
  11621 root      20   0   21760   4516   2952 S   0.0   0.1   0:27.63 systemd-udevd
  11634 root      20   0   21760   4016   2496 S   0.0   0.1   0:00.01 systemd-udevd
  11635 root      20   0   21760   4048   2540 S   0.0   0.1   0:00.03 systemd-udevd
  11636 root      20   0   21764   3380   1864 S   0.0   0.0   0:00.01 systemd-udevd
  11648 root      20   0   21764   4008   2468 S   0.0   0.1   0:00.01 systemd-udevd
  11649 root      20   0   21764   3832   2288 S   0.0   0.0   0:00.01 systemd-udevd
  11650 root      20   0   21764   3968   2432 S   0.0   0.1   0:00.00 systemd-udevd
  11653 root      20   0   21764   4496   2944 S   0.0   0.1   0:00.04 systemd-udevd
  11654 root      20   0   21764   4508   2960 S   0.0   0.1   0:00.03 systemd-udevd
 109437 snap_da+  20   0   14484   4632   3932 S   0.0   0.1   0:00.00 dbus
 112737 jetson    20   0  203640  36228  13220 S   0.0   0.5   0:00.70 ros2
 112739 jetson    20   0 2070728  32552  18032 S   0.0   0.4   0:00.36 docker
 112741 jetson    20   0  428380  30784  15880 S   0.0   0.4   0:43.94 robot_state_pub
 112768 root      20   0 1233232  12088   6600 S   0.0   0.2   0:00.92 containerd-shim
 112797 root      20   0   49400  29488  14684 S   0.0   0.4   0:00.36 ros2
 115031 root      20   0  238832   6988   5696 S   0.0   0.1   0:02.64 iio-sensor-prox
 129749 root      20   0       0      0      0 I   0.0   0.0   0:09.24 kworker/u12:5-events_unbound
 189012 jetson    20   0  572504  38556  13204 S   0.0   0.5   0:01.39 ros2
 189022 jetson    20   0 1082604  56652  26332 S   0.0   0.7   0:57.86 foxglove_bridge
 189320 jetson    20   0  129772  36300  13220 S   0.0   0.5   0:00.73 ros2
 189475 jetson    20   0   11248   3072   2752 S   0.0   0.0   0:05.02 bash
 189596 jetson    20   0   53012  29660  15012 S   0.0   0.4   0:00.34 ros2
 244731 root      20   0       0      0      0 I   0.0   0.0   0:01.24 kworker/1:2-cgroup_destroy
 344667 root      20   0       0      0      0 I   0.0   0.0   0:00.59 kworker/0:3-events
 349442 root      20   0       0      0      0 I   0.0   0.0   0:05.65 kworker/u12:6-events_unbound
 367657 root       0 -20       0      0      0 I   0.0   0.0   0:11.77 kworker/u13:2-uvcvideo
 369170 root      20   0       0      0      0 I   0.0   0.0   0:04.40 kworker/u12:1-events_unbound
 441418 root      20   0       0      0      0 I   0.0   0.0   0:02.90 kworker/u12:7-events_freezable_power_
 443709 root      20   0       0      0      0 I   0.0   0.0   0:00.14 kworker/3:2-cgroup_destroy
 445412 root      20   0       0      0      0 I   0.0   0.0   0:00.25 kworker/2:1-events
 448401 root      20   0       0      0      0 I   0.0   0.0   0:00.00 kworker/5:2-events
 467530 root      20   0       0      0      0 I   0.0   0.0   0:01.91 kworker/u12:3-events_unbound
 468909 jetson    20   0   11116   3036   2756 S   0.0   0.0   0:01.64 bash
 469901 root       0 -20       0      0      0 I   0.0   0.0   0:01.87 kworker/u13:3-uvcvideo
 478380 root      20   0       0      0      0 I   0.0   0.0   0:00.29 kworker/1:1-events
 480561 root      20   0       0      0      0 I   0.0   0.0   0:00.00 kworker/4:1-events
 483353 root      20   0       0      0      0 I   0.0   0.0   0:00.00 kworker/2:3-events
 489026 root      20   0       0      0      0 I   0.0   0.0   0:01.20 kworker/u12:10-events_freezable_power_
 496325 root      20   0       0      0      0 I   0.0   0.0   0:00.11 kworker/3:0-events
 499790 root       0 -20       0      0      0 I   0.0   0.0   0:02.37 kworker/u13:4-uvcvideo
 511663 root      20   0       0      0      0 I   0.0   0.0   0:00.00 kworker/0:1-cgroup_destroy
 514145 root      20   0       0      0      0 I   0.0   0.0   0:00.05 kworker/5:1-events
 514952 root      20   0       0      0      0 I   0.0   0.0   0:00.04 kworker/4:0-events
 528481 root      20   0       0      0      0 I   0.0   0.0   0:00.00 kworker/1:0-events
 528980 root      20   0    9436    780    704 S   0.0   0.0   0:00.00 sleep
 530050 root      20   0       0      0      0 I   0.0   0.0   0:00.00 kworker/3:1-cgroup_destroy
 530052 root      20   0       0      0      0 I   0.0   0.0   0:00.00 kworker/2:0-cgroup_destroy
 530228 root      20   0       0      0      0 I   0.0   0.0   0:00.00 kworker/3:3-cgroup_destroy
 530300 root      20   0       0      0      0 I   0.0   0.0   0:00.00 kworker/2:2-events
 532747 root      20   0       0      0      0 I   0.0   0.0   0:00.00 kworker/0:0-events
 533529 jetson    20   0   11248   3304   2868 S   0.0   0.0   0:00.03 bash
 536497 jetson    20   0   11248   3288   2852 S   0.0   0.0   0:00.01 bash
 536849 jetson    20   0    9480    820    736 S   0.0   0.0   0:00.00 tail
 537023 root      20   0       0      0      0 I   0.0   0.0   0:00.00 kworker/4:2
 537295 root      30  10    9436    768    692 S   0.0   0.0   0:00.00 sleep
 537612 jetson    20   0    9444    788    704 S   0.0   0.0   0:00.00 sleep
 537676 jetson    20   0    9436    768    692 S   0.0   0.0   0:00.00 sleep

top - 12:24:17 up  3:27,  0 users,  load average: 9.37, 5.19, 3.80
Tasks: 355 total,   2 running, 353 sleeping,   0 stopped,   0 zombie
%Cpu(s): 41.6 us, 34.4 sy,  0.0 ni, 14.9 id,  0.0 wa,  3.5 hi,  5.6 si,  0.0 st
MiB Mem :   7607.4 total,   2820.3 free,   2062.7 used,   2724.3 buff/cache
MiB Swap:   3803.7 total,   3803.7 free,      0.0 used.   5246.2 avail Mem 

    PID USER      PR  NI    VIRT    RES    SHR S  %CPU  %MEM     TIME+ COMMAND
 536848 jetson    20   0  753564  71272  29568 R  49.5   0.9   0:06.91 python3
 189322 jetson    20   0 1062768  53652  24352 S  48.0   0.7   3:30.34 async_slam_tool
 189211 jetson    20   0  506208  35400  18400 S  42.2   0.5  12:54.09 ekf_node
 189435 jetson    20   0  963220  49980  23640 S  40.2   0.6  11:31.61 controller_serv
 536577 jetson    20   0  763888  55444  25424 S  33.3   0.7   0:05.89 ros2
 189612 jetson    20   0 9355088 429500  86828 S  31.9   5.5  17:36.87 nvblox_node
 189209 jetson    20   0  709056  62924  27264 S  29.4   0.8  42:48.19 python3
 189443 jetson    20   0  530952  46392  26204 S  29.4   0.6   9:52.52 bt_navigator
 189439 jetson    20   0 1070976  71976  24728 S  23.0   0.9  10:01.04 planner_server
 189441 jetson    20   0  516476  35524  21032 S  20.1   0.5   8:13.60 behavior_server
 189437 jetson    20   0  664688  35024  19416 S  18.1   0.4   6:58.46 smoother_server
 189018 jetson    20   0  432956  26708  14244 S  14.2   0.3  18:46.69 rplidar_node
 189014 jetson    20   0 1750472 105416  51332 S  12.3   1.4  15:40.97 realsense2_came
 189473 jetson    20   0  577396  31376  16252 S   8.8   0.4  12:32.37 lifecycle_manag
 189433 jetson    20   0  709716  63544  27368 S   8.3   0.8   4:44.86 python3
 189020 jetson    20   0  707980  61536  27440 S   7.8   0.8   9:17.93 python3
 189447 jetson    20   0  431308  30976  17020 S   4.9   0.4   5:41.54 waypoint_follow
 189462 jetson    20   0  428560  29632  15952 S   4.9   0.4   5:37.91 velocity_smooth
 112823 root      20   0 1235152  44624  11476 S   4.4   0.6   9:31.70 micro_ros_agent
 189016 jetson    20   0  709040  65192  27268 S   2.5   0.8   4:03.58 python3
   1570 root      20   0 2426540 117424  57248 S   1.0   1.5   0:51.78 dockerd
 536578 jetson    20   0   14340   3388   2776 R   1.0   0.0   0:00.20 top
    329 root      20   0   23572   6908   4792 S   0.5   0.1   0:48.42 systemd-udevd
   3864 root      20   0       0      0      0 I   0.5   0.0   0:13.02 kworker/u12:2-events_unbound
  10532 root      20   0 1233232  12156   6212 S   0.5   0.2   0:34.81 containerd-shim
  11621 root      20   0   21760   4516   2952 S   0.5   0.1   0:27.64 systemd-udevd
 112741 jetson    20   0  428380  30784  15880 S   0.5   0.4   0:43.95 robot_state_pub
 189431 jetson    20   0  796980  41908  13220 S   0.5   0.5   0:01.37 ros2
 286436 root      20   0       0      0      0 I   0.5   0.0   0:08.55 kworker/u12:0-devfreq_wq
 520043 root       0 -20       0      0      0 I   0.5   0.0   0:01.22 kworker/u13:0-uvcvideo
      1 root      20   0  167880  11776   7444 S   0.0   0.2   0:15.95 systemd
      2 root      20   0       0      0      0 S   0.0   0.0   0:00.02 kthreadd
      3 root       0 -20       0      0      0 I   0.0   0.0   0:00.00 rcu_gp
      4 root       0 -20       0      0      0 I   0.0   0.0   0:00.00 rcu_par_gp
      5 root       0 -20       0      0      0 I   0.0   0.0   0:00.00 slub_flushwq
      6 root       0 -20       0      0      0 I   0.0   0.0   0:00.00 netns
      8 root       0 -20       0      0      0 I   0.0   0.0   0:00.00 kworker/0:0H-events_highpri
     10 root       0 -20       0      0      0 I   0.0   0.0   0:00.00 mm_percpu_wq
     11 root      20   0       0      0      0 S   0.0   0.0   0:00.00 rcu_tasks_kthre
     12 root      20   0       0      0      0 S   0.0   0.0   0:00.00 rcu_tasks_rude_
     13 root      20   0       0      0      0 S   0.0   0.0   0:00.00 rcu_tasks_trace
     14 root      20   0       0      0      0 S   0.0   0.0   0:09.22 ksoftirqd/0
     15 root      20   0       0      0      0 I   0.0   0.0   0:05.58 rcu_preempt
     16 root      rt   0       0      0      0 S   0.0   0.0   0:00.03 migration/0
     17 root      20   0       0      0      0 S   0.0   0.0   0:00.00 cpuhp/0
     18 root      20   0       0      0      0 S   0.0   0.0   0:00.00 cpuhp/1
     19 root      rt   0       0      0      0 S   0.0   0.0   0:00.03 migration/1
     20 root      20   0       0      0      0 S   0.0   0.0   0:01.10 ksoftirqd/1
     22 root       0 -20       0      0      0 I   0.0   0.0   0:00.00 kworker/1:0H-events_highpri
     23 root      20   0       0      0      0 S   0.0   0.0   0:00.00 cpuhp/2
     24 root      rt   0       0      0      0 S   0.0   0.0   0:00.03 migration/2
     25 root      20   0       0      0      0 S   0.0   0.0   0:01.10 ksoftirqd/2
     27 root       0 -20       0      0      0 I   0.0   0.0   0:00.00 kworker/2:0H-events_highpri
     28 root      20   0       0      0      0 S   0.0   0.0   0:00.00 cpuhp/3
     29 root      rt   0       0      0      0 S   0.0   0.0   0:00.02 migration/3
     30 root      20   0       0      0      0 S   0.0   0.0   0:01.07 ksoftirqd/3
     32 root       0 -20       0      0      0 I   0.0   0.0   0:00.00 kworker/3:0H-events_highpri
     33 root      20   0       0      0      0 S   0.0   0.0   0:00.00 cpuhp/4
     34 root      rt   0       0      0      0 S   0.0   0.0   0:00.07 migration/4
     35 root      20   0       0      0      0 S   0.0   0.0   0:00.94 ksoftirqd/4
     37 root       0 -20       0      0      0 I   0.0   0.0   0:00.00 kworker/4:0H-events_highpri
     38 root      20   0       0      0      0 S   0.0   0.0   0:00.00 cpuhp/5
     39 root      rt   0       0      0      0 S   0.0   0.0   0:00.07 migration/5
     40 root      20   0       0      0      0 S   0.0   0.0   0:00.87 ksoftirqd/5
     42 root       0 -20       0      0      0 I   0.0   0.0   0:00.00 kworker/5:0H-kblockd
     43 root      20   0       0      0      0 S   0.0   0.0   0:00.00 kdevtmpfs
     44 root       0 -20       0      0      0 I   0.0   0.0   0:00.00 inet_frag_wq
     51 root      20   0       0      0      0 S   0.0   0.0   0:00.00 kauditd
     52 root      20   0       0      0      0 S   0.0   0.0   0:00.00 oom_reaper
     53 root       0 -20       0      0      0 I   0.0   0.0   0:00.00 writeback
     54 root      20   0       0      0      0 S   0.0   0.0   0:00.10 kcompactd0
     55 root      25   5       0      0      0 S   0.0   0.0   0:00.00 ksmd
     56 root      39  19       0      0      0 S   0.0   0.0   0:00.89 khugepaged
     67 root       0 -20       0      0      0 I   0.0   0.0   0:00.00 cryptd
     86 root       0 -20       0      0      0 I   0.0   0.0   0:00.00 kintegrityd
     87 root       0 -20       0      0      0 I   0.0   0.0   0:00.00 kblockd
     88 root       0 -20       0      0      0 I   0.0   0.0   0:00.00 blkcg_punt_bio
     89 root       0 -20       0      0      0 I   0.0   0.0   0:00.00 tpm_dev_wq
     90 root       0 -20       0      0      0 I   0.0   0.0   0:00.00 ata_sff
     91 root       0 -20       0      0      0 I   0.0   0.0   0:00.00 edac-poller
     92 root       0 -20       0      0      0 I   0.0   0.0   0:00.00 devfreq_wq
     93 root     -51   0       0      0      0 S   0.0   0.0   0:00.00 watchdogd
     96 root       0 -20       0      0      0 I   0.0   0.0   0:00.04 kworker/0:1H-kblockd
     97 root       0 -20       0      0      0 I   0.0   0.0   0:00.00 rpciod
     99 root       0 -20       0      0      0 I   0.0   0.0   0:00.00 xprtiod
    127 root      20   0       0      0      0 S   0.0   0.0   0:00.00 kswapd0
    128 root       0 -20       0      0      0 I   0.0   0.0   0:00.00 nfsiod
    132 root       0 -20       0      0      0 I   0.0   0.0   0:00.00 vfio-irqfd-clea
    133 root       0 -20       0      0      0 I   0.0   0.0   0:00.00 bch_btree_io
    134 root       0 -20       0      0      0 I   0.0   0.0   0:00.00 bcache
    135 root       0 -20       0      0      0 I   0.0   0.0   0:00.00 bch_journal
    136 root       0 -20       0      0      0 I   0.0   0.0   0:00.00 dm_bufio_cache
    140 root      10 -10       0      0      0 S   0.0   0.0   0:00.00 krfcommd
    141 root      20   0       0      0      0 S   0.0   0.0   0:00.00 pr/tty0
    142 root      20   0       0      0      0 S   0.0   0.0   0:03.01 pr/ttyTCU0
    145 root     -51   0       0      0      0 S   0.0   0.0   0:00.00 irq/114-3160000
    147 root     -51   0       0      0      0 S   0.0   0.0   0:00.00 irq/115-3180000
    149 root     -51   0       0      0      0 S   0.0   0.0   0:00.00 irq/116-31b0000
    150 root     -51   0       0      0      0 S   0.0   0.0   0:00.00 irq/167-c240000
    151 root     -51   0       0      0      0 S   0.0   0.0   0:00.00 irq/168-c250000
    152 root     -51   0       0      0      0 S   0.0   0.0   0:00.00 irq/125-3610000
    153 root     -51   0       0      0      0 S   0.0   0.0   0:00.00 irq/122-3610000
    154 root       0 -20       0      0      0 I   0.0   0.0   0:00.00 sdhci
    155 root     -51   0       0      0      0 S   0.0   0.0   0:00.00 irq/120-mmc0
    156 root     -51   0       0      0      0 S   0.0   0.0   0:00.00 irq/230-3400000
    178 root     -51   0       0      0      0 S   0.0   0.0   0:00.00 irq/191-tegra-p
    179 root       0 -20       0      0      0 I   0.0   0.0   0:00.00 nvme-wq
    180 root       0 -20       0      0      0 I   0.0   0.0   0:00.00 nvme-reset-wq
    181 root       0 -20       0      0      0 I   0.0   0.0   0:00.00 nvme-delete-wq
    190 root     -51   0       0      0      0 S   0.0   0.0   0:00.00 irq/191-aerdrv
    191 root     -51   0       0      0      0 S   0.0   0.0   0:00.00 irq/193-tegra-p
    194 root     -51   0       0      0      0 S   0.0   0.0   0:00.00 irq/193-aerdrv
    195 root     -51   0       0      0      0 S   0.0   0.0   0:00.00 irq/195-tegra-p
    197 root     -51   0       0      0      0 S   0.0   0.0   0:00.00 irq/232-nvme0q0
    198 root     -51   0       0      0      0 S   0.0   0.0   0:00.38 irq/233-nvme0q1
    199 root     -51   0       0      0      0 S   0.0   0.0   0:00.37 irq/234-nvme0q2
    200 root     -51   0       0      0      0 S   0.0   0.0   0:00.43 irq/235-nvme0q3
    201 root     -51   0       0      0      0 S   0.0   0.0   0:00.29 irq/236-nvme0q4
    202 root     -51   0       0      0      0 S   0.0   0.0   0:00.11 irq/237-nvme0q5
    203 root     -51   0       0      0      0 S   0.0   0.0   0:00.11 irq/238-nvme0q6
    210 root       0 -20       0      0      0 I   0.0   0.0   0:00.05 kworker/5:1H-kblockd
    211 root      20   0       0      0      0 S   0.0   0.0   0:00.79 jbd2/nvme0n1p1-
    212 root       0 -20       0      0      0 I   0.0   0.0   0:00.00 ext4-rsv-conver
    221 root       0 -20       0      0      0 I   0.0   0.0   0:00.00 mld
    222 root       0 -20       0      0      0 I   0.0   0.0   0:00.03 kworker/1:1H-kblockd
    223 root       0 -20       0      0      0 I   0.0   0.0   0:00.00 ipv6_addrconf
    253 root       0 -20       0      0      0 I   0.0   0.0   0:00.04 kworker/3:1H-kblockd
    256 root      19  -1   48768  12328  10712 S   0.0   0.2   0:14.72 systemd-journal
    275 root       0 -20       0      0      0 I   0.0   0.0   0:00.04 kworker/2:1H-kblockd
    280 root      39  19       0      0      0 S   0.0   0.0   0:00.48 nvmap-bz
    281 root     -51   0       0      0      0 S   0.0   0.0   0:00.00 irq/188-host1x_
    284 root     -51   0       0      0      0 S   0.0   0.0   0:00.00 irq/197-gk20a_s
    285 root     -51   0       0      0      0 S   0.0   0.0   0:00.01 irq/198-gk20a_s
    286 root     -51   0       0      0      0 S   0.0   0.0   0:00.01 irq/199-gk20a_s
    287 root     -51   0       0      0      0 S   0.0   0.0   0:00.00 irq/200-gk20a_n
    293 root      20   0   11116   3456   3200 S   0.0   0.0   0:00.00 nv-tee-supplica
    300 root      20   0  150380   1344   1232 S   0.0   0.0   0:00.01 tee-supplicant
    302 root       0 -20       0      0      0 I   0.0   0.0   0:00.00 optee_bus_scan
    312 root      20   0   23872   6336   4084 S   0.0   0.1   0:14.32 systemd-udevd
    313 root      20   0   23220   4796   3028 S   0.0   0.1   0:00.08 systemd-udevd
    314 root      20   0   24292   6724   3856 S   0.0   0.1   0:00.17 systemd-udevd
    315 root      20   0   23252   5932   4012 S   0.0   0.1   0:00.37 systemd-udevd
    316 root      20   0   23216   4780   3004 S   0.0   0.1   0:00.21 systemd-udevd
    317 root      20   0   23520   5532   3480 S   0.0   0.1   0:00.14 systemd-udevd
    318 root      20   0   23216   5256   3456 S   0.0   0.1   0:00.39 systemd-udevd
    319 root      20   0   23216   5360   3528 S   0.0   0.1   0:00.28 systemd-udevd
    320 root      20   0   23264   5404   3480 S   0.0   0.1   0:00.13 systemd-udevd
    321 root      20   0   23216   5884   4040 S   0.0   0.1   0:00.29 systemd-udevd
    322 root      20   0   23216   5084   3276 S   0.0   0.1   0:00.13 systemd-udevd
    323 root      20   0   23240   5820   3912 S   0.0   0.1   0:00.12 systemd-udevd
    324 root      20   0   23268   5436   3500 S   0.0   0.1   0:00.15 systemd-udevd
    325 root      20   0   23216   5908   4044 S   0.0   0.1   0:00.62 systemd-udevd
    326 root      20   0   23216   4580   2760 S   0.0   0.1   0:00.11 systemd-udevd
    327 root      20   0   23528   5324   3256 S   0.0   0.1   0:00.11 systemd-udevd
    328 root      20   0   23216   5100   3284 S   0.0   0.1   0:00.13 systemd-udevd
    330 root      20   0   23216   5104   3280 S   0.0   0.1   0:00.11 systemd-udevd
    331 root      20   0   23216   5140   3312 S   0.0   0.1   0:00.27 systemd-udevd
    332 root      20   0   23264   5160   3236 S   0.0   0.1   0:00.18 systemd-udevd
    333 root      20   0   23216   5496   3668 S   0.0   0.1   0:00.11 systemd-udevd
    334 root      20   0   23216   4972   3156 S   0.0   0.1   0:00.27 systemd-udevd
    336 root      20   0   23216   5080   3248 S   0.0   0.1   0:00.26 systemd-udevd
    337 root      20   0   23276   4580   2644 S   0.0   0.1   0:00.11 systemd-udevd
    338 root      20   0   23280   6100   4152 S   0.0   0.1   0:00.24 systemd-udevd
    339 root      20   0   23548   6220   4128 S   0.0   0.1   0:00.35 systemd-udevd
    340 root      20   0   23216   5620   3796 S   0.0   0.1   0:00.21 systemd-udevd
    341 root      20   0   23216   4940   3108 S   0.0   0.1   0:00.17 systemd-udevd
    344 root       0 -20       0      0      0 I   0.0   0.0   0:00.05 kworker/4:1H-kblockd
    388 root     -51   0       0      0      0 S   0.0   0.0   0:00.00 irq/189-tegra-p
    397 root      20   0       0      0      0 S   0.0   0.0   0:00.00 15820000.crypto
    398 root      20   0       0      0      0 S   0.0   0.0   0:00.00 15840000.crypto
    420 root     -51   0       0      0      0 S   0.0   0.0   0:00.00 irq/189-aerdrv
    422 root     -51   0       0      0      0 S   0.0   0.0   0:00.00 irq/219-bc00000
    423 root      -2   0       0      0      0 S   0.0   0.0   0:00.00 capture-control
    424 root      -2   0       0      0      0 S   0.0   0.0   0:00.00 capture
    425 root     -51   0       0      0      0 S   0.0   0.0   0:00.00 irq/214-tegra_d
    426 root     -51   0       0      0      0 S   0.0   0.0   0:00.00 irq/215-tegra_d
    427 root       0 -20       0      0      0 I   0.0   0.0   0:00.00 dce-async-ipc-w
    428 root     -51   0       0      0      0 S   0.0   0.0   0:00.00 irq/240-nvvrs-p
    429 root      20   0       0      0      0 S   0.0   0.0   0:00.00 nv_queue
    430 root      20   0       0      0      0 S   0.0   0.0   0:00.00 nv_queue
    484 root       0 -20       0      0      0 I   0.0   0.0   0:00.00 cfg80211
    485 root     -51   0       0      0      0 S   0.0   0.0   0:00.00 irq/118-3210000
    489 root      20   0       0      0      0 S   0.0   0.0   0:00.00 spi0
    498 root     -51   0       0      0      0 S   0.0   0.0   0:00.00 irq/119-3230000
    503 root      20   0       0      0      0 S   0.0   0.0   0:00.00 spi1
    551 root       0 -20       0      0      0 I   0.0   0.0   0:00.00 btfwwork
    650 root      20   0    8236   6484   1432 S   0.0   0.1   0:00.51 haveged
    653 _rpc      20   0    7932   2260   1912 S   0.0   0.0   0:00.01 rpcbind
    655 systemd+  20   0   26320  13576   8500 S   0.0   0.2   0:00.46 systemd-resolve
    657 systemd+  20   0   88880   6412   5564 S   0.0   0.1   0:00.15 systemd-timesyn
    827 avahi     20   0    8224   3680   3144 S   0.0   0.0   0:00.72 avahi-daemon
    828 root      20   0    9888   4548   4112 S   0.0   0.1   0:00.06 bluetoothd
    829 message+  20   0   10456   5684   3584 S   0.0   0.1   0:21.81 dbus-daemon
    830 root      20   0  338724  21060  14884 S   0.0   0.3   0:21.17 NetworkManager
    840 root      20   0   43504  19808  10212 S   0.0   0.3   0:00.15 networkd-dispat
    851 root      20   0  241620   7020   6316 S   0.0   0.1   0:00.32 power-profiles-
    854 syslog    20   0  222160   7056   3672 S   0.0   0.1   0:03.01 rsyslogd
    860 root      20   0    2240    792    712 S   0.0   0.0   0:00.00 seatd
    866 root      20   0 2145700  49220  25584 S   0.0   0.6   0:21.54 snapd
    871 root      20   0  242128   7456   6576 S   0.0   0.1   0:01.16 accounts-daemon
    872 root      20   0  238124   8280   5636 S   0.0   0.1   0:00.03 switcheroo-cont
    875 root      20   0   49004   7660   6308 S   0.0   0.1   0:01.82 systemd-logind
    876 root      20   0  394252  11960   9468 S   0.0   0.2   0:00.52 udisksd
    878 root      20   0   16636  10300   8304 S   0.0   0.1   0:01.18 wpa_supplicant
    883 avahi     20   0    7812    356      0 S   0.0   0.0   0:00.00 avahi-daemon
    890 root      rt   0       0      0      0 S   0.0   0.0   0:54.50 sugov:0
    893 root      rt   0       0      0      0 S   0.0   0.0   0:23.75 sugov:4
    944 root      30  10   11248   3604   3204 S   0.0   0.0   0:04.63 wifi_mon.sh
    969 root      20   0  237048  10420   6400 S   0.0   0.1   1:32.06 polkitd
   1004 root      20   0    2460   1540   1364 S   0.0   0.0   0:04.27 nvfancontrol
   1045 root      20   0       0      0      0 S   0.0   0.0   0:00.00 sw-quiesce
   1050 root      20   0       0      0      0 S   0.0   0.0   0:11.91 nvgpu_channel_p
   1069 root      20   0       0      0      0 S   0.0   0.0   0:00.00 nvgpu_pg_init_g
   1108 root      20   0       0      0      0 S   0.0   0.0   0:00.00 nvgpu_clk_arb_p
   1129 root      20   0       0      0      0 S   0.0   0.0   0:04.62 RTW_CMD_THREAD
   1158 root      20   0   75936  10084   8260 S   0.0   0.1   0:00.01 nvargus-daemon
   1159 root      20   0   11116   3508   3204 S   0.0   0.0   0:00.04 nvmemwarning.sh
   1173 root      20   0   22192   1776   1580 S   0.0   0.0   0:00.00 nvs-service
   1191 ollama    20   0 2006720  38588  20428 S   0.0   0.5   0:00.61 ollama
   1203 root      20   0    2336   1396   1280 S   0.0   0.0   0:01.61 run-cups-browse
   1206 root      20   0    2336   1376   1248 S   0.0   0.0   0:01.92 run-cupsd
   1219 root      20   0       0      0      0 S   0.0   0.0   0:00.00 pr/ramoops-1
   1221 root      20   0 2093080  74688  33248 S   0.0   1.0   0:50.90 containerd
   1241 root      20   0   10772   2820   2572 S   0.0   0.0   0:00.03 cron
   1276 kernoops  20   0   12812    452      0 S   0.0   0.0   0:00.01 kerneloops
   1277 root      20   0  243100   7964   7012 S   0.0   0.1   0:00.03 gdm3
   1293 root      20   0    9468    732    656 S   0.0   0.0   0:00.00 agetty
   1296 kernoops  20   0   12812    452      0 S   0.0   0.0   0:00.01 kerneloops
   1305 root      20   0    9468    724    648 S   0.0   0.0   0:00.00 agetty
   1322 root      20   0  173408   8800   7628 S   0.0   0.1   0:00.01 gdm-session-wor
   1404 gdm       20   0   18124   9732   7360 S   0.0   0.1   0:00.43 systemd
   1420 root      20   0       0      0      0 S   0.0   0.0   0:00.00 file-storage
   1423 gdm       20   0  172232   4504      0 S   0.0   0.1   0:00.00 (sd-pam)
   1461 root      20   0   15272   8356   6776 S   0.0   0.1   0:00.32 sshd
   1522 root      20   0    3076    988    876 S   0.0   0.0   0:00.00 nvphsd
   1527 root      20   0    3208   1512   1352 S   0.0   0.0   0:00.00 nvphsd
   1680 gdm        9 -11   41968   6472   5156 S   0.0   0.1   0:00.04 pipewire
   1681 gdm       20   0   25480   6440   5112 S   0.0   0.1   0:01.14 pipewire-media-
   1682 gdm        9 -11  891844  20764  12600 S   0.0   0.3   0:00.68 pulseaudio
   1685 gdm       20   0  163948   5500   4980 S   0.0   0.1   0:00.00 gdm-x-session
   1691 root      20   0   24.2g  82884  35884 S   0.0   1.1   0:01.17 Xorg
   1696 rtkit     21   1  153504   1600   1388 S   0.0   0.0   0:00.16 rtkit-daemon
   1705 gdm       20   0    8840   3596   3212 S   0.0   0.0   0:00.01 dbus-daemon
   1731 root      20   0       0      0      0 S   0.0   0.0   0:00.00 nvidia-modeset/
   1732 root      20   0       0      0      0 S   0.0   0.0   0:00.00 nvidia-modeset/
   1734 root      20   0       0      0      0 S   0.0   0.0   0:00.00 nvidia
   1738 root      20   0       0      0      0 S   0.0   0.0   0:00.00 nv_queue
   1782 root      20   0       0      0      0 S   0.0   0.0   0:00.00 nvidia-drm-nv-t
   1783 root     -51   0       0      0      0 S   0.0   0.0   0:00.00 card1-crtc0
   1784 root     -51   0       0      0      0 S   0.0   0.0   0:00.00 card1-crtc1
   1951 gdm       20   0    5876   1556   1344 S   0.0   0.0   0:00.00 dbus-run-sessio
   1954 gdm       20   0    9108   4476   3604 S   0.0   0.1   0:00.13 dbus-daemon
   2026 gdm       20   0  663384  17800  12956 S   0.0   0.2   0:00.55 gnome-session-b
   2051 gdm       20   0  310068   8972   6272 S   0.0   0.1   0:00.00 at-spi-bus-laun
   2056 gdm       20   0    8692   3552   3168 S   0.0   0.0   0:00.00 dbus-daemon
   2067 gdm       20   0 3397568 136704  73336 S   0.0   1.8   0:26.69 gnome-shell
   2084 gdm       20   0  237676   7020   4540 S   0.0   0.1   0:00.00 xdg-permission-
   2091 root      20   0  243852   8092   6980 S   0.0   0.1   0:00.26 upowerd
   2097 root      20   0  301608  19340  16412 S   0.0   0.2   0:00.88 packagekitd
   2099 gdm       20   0 2804036  25696  20860 S   0.0   0.3   0:00.08 gjs
   2101 gdm       20   0  163144   7192   6424 S   0.0   0.1   0:00.01 at-spi2-registr
   2128 gdm       20   0  468748   9916   8000 S   0.0   0.1   0:01.42 gsd-sharing
   2130 gdm       20   0  338880  16940  12620 S   0.0   0.2   0:00.06 gsd-wacom
   2139 gdm       20   0  599188  21500  16928 S   0.0   0.3   0:00.15 gsd-color
   2143 gdm       20   0  316840  11252   6240 S   0.0   0.1   0:00.09 ibus-daemon
   2150 gdm       20   0  338600  15024  13276 S   0.0   0.2   0:00.04 gsd-keyboard
   2151 gdm       20   0  252472   9916   8488 S   0.0   0.1   0:00.02 gsd-print-notif
   2152 gdm       20   0  459796   8176   5436 S   0.0   0.1   0:00.35 gsd-rfkill
   2153 gdm       20   0  388312   9428   6480 S   0.0   0.1   0:00.01 gsd-smartcard
   2160 gdm       20   0  380556  14476  12508 S   0.0   0.2   0:00.03 gsd-datetime
   2167 gdm       20   0  864180  22384  17516 S   0.0   0.3   0:00.29 gsd-media-keys
   2169 gdm       20   0  237936   4760   4376 S   0.0   0.1   0:00.00 gsd-screensaver
   2170 gdm       20   0  322096   8352   7324 S   0.0   0.1   0:00.01 gsd-sound
   2175 gdm       20   0  312416   6072   5492 S   0.0   0.1   0:00.01 gsd-a11y-settin
   2177 gdm       20   0  242216   7024   6228 S   0.0   0.1   0:00.01 gvfsd
   2178 gdm       20   0  314000   6928   6164 S   0.0   0.1   0:00.52 gsd-housekeepin
   2179 gdm       20   0  449976  18248  15904 S   0.0   0.2   0:00.29 gsd-power
   2203 gdm       20   0  347052  12600  10748 S   0.0   0.2   0:00.02 gsd-printer
   2234 colord    20   0  247460  12768   9028 S   0.0   0.2   0:00.22 colord
   2247 gdm       20   0  239040   8612   5940 S   0.0   0.1   0:00.00 ibus-dconf
   2258 gdm       20   0  238936   5920   5492 S   0.0   0.1   0:00.00 ibus-portal
   2281 gdm       20   0 2812420  25808  20904 S   0.0   0.3   0:00.09 gjs
   2300 gdm       20   0  165096   6500   5876 S   0.0   0.1   0:00.00 ibus-engine-sim
   2453 root      20   0  137440  11976   9612 S   0.0   0.2   0:00.65 cupsd
   2465 root      20   0  343140  19372  14152 S   0.0   0.2   0:01.31 cups-browsed
   2557 gdm       20   0  156672   4460   4068 S   0.0   0.1   0:00.00 dconf-service
   9961 jetson    20   0   18140   9776   7372 S   0.0   0.1   0:00.33 systemd
   9962 jetson    20   0  172508   4632      0 S   0.0   0.1   0:00.00 (sd-pam)
   9970 jetson    20   0   41976   6552   5228 S   0.0   0.1   0:00.04 pipewire
   9971 jetson    20   0   25488   6720   5380 S   0.0   0.1   0:01.23 pipewire-media-
  10023 jetson    20   0    8888   4148   3656 S   0.0   0.1   0:00.01 dbus-daemon
  10561 jetson    20   0    5508    776    688 S   0.0   0.0   0:00.20 sleep
  10658 root      20   0   21764   5404   3884 S   0.0   0.1   0:13.57 systemd-udevd
  10666 root      20   0   21752   4108   2588 S   0.0   0.1   0:00.23 systemd-udevd
  11619 root      20   0   21748   4060   2540 S   0.0   0.1   0:00.02 systemd-udevd
  11620 root      20   0   21760   4112   2588 S   0.0   0.1   0:00.02 systemd-udevd
  11634 root      20   0   21760   4016   2496 S   0.0   0.1   0:00.01 systemd-udevd
  11635 root      20   0   21760   4048   2540 S   0.0   0.1   0:00.03 systemd-udevd
  11636 root      20   0   21764   3380   1864 S   0.0   0.0   0:00.01 systemd-udevd
  11648 root      20   0   21764   4008   2468 S   0.0   0.1   0:00.01 systemd-udevd
  11649 root      20   0   21764   3832   2288 S   0.0   0.0   0:00.01 systemd-udevd
  11650 root      20   0   21764   3968   2432 S   0.0   0.1   0:00.00 systemd-udevd
  11653 root      20   0   21764   4496   2944 S   0.0   0.1   0:00.04 systemd-udevd
  11654 root      20   0   21764   4508   2960 S   0.0   0.1   0:00.03 systemd-udevd
 109437 snap_da+  20   0   14484   4632   3932 S   0.0   0.1   0:00.00 dbus
 112737 jetson    20   0  203640  36228  13220 S   0.0   0.5   0:00.70 ros2
 112739 jetson    20   0 2070728  32552  18032 S   0.0   0.4   0:00.36 docker
 112768 root      20   0 1233232  12088   6600 S   0.0   0.2   0:00.92 containerd-shim
 112797 root      20   0   49400  29488  14684 S   0.0   0.4   0:00.36 ros2
 113162 jetson    20   0  920440  65760  26672 S   0.0   0.8   0:45.16 python3
 115031 root      20   0  238832   6988   5696 S   0.0   0.1   0:02.64 iio-sensor-prox
 129749 root      20   0       0      0      0 I   0.0   0.0   0:09.24 kworker/u12:5-events_freezable_power_
 189012 jetson    20   0  572504  38556  13204 S   0.0   0.5   0:01.39 ros2
 189022 jetson    20   0 1082604  56652  26332 S   0.0   0.7   0:57.86 foxglove_bridge
 189320 jetson    20   0  129772  36300  13220 S   0.0   0.5   0:00.73 ros2
 189475 jetson    20   0   11248   3072   2752 S   0.0   0.0   0:05.02 bash
 189596 jetson    20   0   53012  29660  15012 S   0.0   0.4   0:00.34 ros2
 206274 root      20   0       0      0      0 I   0.0   0.0   0:10.45 kworker/u12:9-events_freezable_power_
 244731 root      20   0       0      0      0 I   0.0   0.0   0:01.24 kworker/1:2-cgroup_destroy
 344667 root      20   0       0      0      0 I   0.0   0.0   0:00.59 kworker/0:3-events
 349442 root      20   0       0      0      0 I   0.0   0.0   0:05.65 kworker/u12:6-events_unbound
 367657 root       0 -20       0      0      0 I   0.0   0.0   0:11.77 kworker/u13:2-uvcvideo
 369170 root      20   0       0      0      0 I   0.0   0.0   0:04.40 kworker/u12:1-events_freezable_power_
 403545 root      20   0       0      0      0 I   0.0   0.0   0:04.06 kworker/u12:8-events_unbound
 441418 root      20   0       0      0      0 I   0.0   0.0   0:02.90 kworker/u12:7-events_unbound
 443709 root      20   0       0      0      0 I   0.0   0.0   0:00.14 kworker/3:2-cgroup_destroy
 445412 root      20   0       0      0      0 I   0.0   0.0   0:00.25 kworker/2:1-events
 448401 root      20   0       0      0      0 I   0.0   0.0   0:00.00 kworker/5:2-events
 467530 root      20   0       0      0      0 I   0.0   0.0   0:01.91 kworker/u12:3-events_unbound
 468909 jetson    20   0   11116   3036   2756 S   0.0   0.0   0:01.64 bash
 469901 root       0 -20       0      0      0 I   0.0   0.0   0:01.87 kworker/u13:3-uvcvideo
 478380 root      20   0       0      0      0 I   0.0   0.0   0:00.29 kworker/1:1-mm_percpu_wq
 480561 root      20   0       0      0      0 I   0.0   0.0   0:00.00 kworker/4:1-events
 483353 root      20   0       0      0      0 I   0.0   0.0   0:00.00 kworker/2:3-events
 489026 root      20   0       0      0      0 I   0.0   0.0   0:01.20 kworker/u12:10-events_freezable_power_
 496325 root      20   0       0      0      0 I   0.0   0.0   0:00.11 kworker/3:0-events
 499790 root       0 -20       0      0      0 I   0.0   0.0   0:02.37 kworker/u13:4-uvcvideo
 511663 root      20   0       0      0      0 I   0.0   0.0   0:00.00 kworker/0:1-cgroup_destroy
 514145 root      20   0       0      0      0 I   0.0   0.0   0:00.05 kworker/5:1-events
 514952 root      20   0       0      0      0 I   0.0   0.0   0:00.04 kworker/4:0-events
 528481 root      20   0       0      0      0 I   0.0   0.0   0:00.00 kworker/1:0-events
 528980 root      20   0    9436    780    704 S   0.0   0.0   0:00.00 sleep
 530050 root      20   0       0      0      0 I   0.0   0.0   0:00.00 kworker/3:1-cgroup_destroy
 530052 root      20   0       0      0      0 I   0.0   0.0   0:00.00 kworker/2:0-cgroup_destroy
 530228 root      20   0       0      0      0 I   0.0   0.0   0:00.00 kworker/3:3-cgroup_destroy
 530300 root      20   0       0      0      0 I   0.0   0.0   0:00.00 kworker/2:2-events
 532747 root      20   0       0      0      0 I   0.0   0.0   0:00.00 kworker/0:0-events
 533529 jetson    20   0   11248   3304   2868 S   0.0   0.0   0:00.03 bash
 536497 jetson    20   0   11248   3288   2852 S   0.0   0.0   0:00.01 bash
 536579 jetson    20   0    2872    884    788 S   0.0   0.0   0:00.04 tegrastats
 536849 jetson    20   0    9480    820    736 S   0.0   0.0   0:00.00 tail
 537023 root      20   0       0      0      0 I   0.0   0.0   0:00.00 kworker/4:2
 537295 root      30  10    9436    768    692 S   0.0   0.0   0:00.00 sleep
 537779 jetson    20   0    9444    788    704 S   0.0   0.0   0:00.00 sleep
 537809 jetson    20   0    9436    768    692 S   0.0   0.0   0:00.00 sleep

top - 12:24:19 up  3:27,  0 users,  load average: 9.37, 5.19, 3.80
Tasks: 355 total,   3 running, 352 sleeping,   0 stopped,   0 zombie
%Cpu(s): 43.0 us, 33.5 sy,  0.0 ni, 14.5 id,  0.0 wa,  3.3 hi,  5.7 si,  0.0 st
MiB Mem :   7607.4 total,   2811.2 free,   2068.0 used,   2728.2 buff/cache
MiB Swap:   3803.7 total,   3803.7 free,      0.0 used.   5240.9 avail Mem 

    PID USER      PR  NI    VIRT    RES    SHR S  %CPU  %MEM     TIME+ COMMAND
 536848 jetson    20   0  753764  71760  29568 R  47.5   0.9   0:07.88 python3
 189211 jetson    20   0  506208  35400  18400 S  46.6   0.5  12:55.04 ekf_node
 189322 jetson    20   0 1062768  54180  24352 S  46.6   0.7   3:31.29 async_slam_tool
 189435 jetson    20   0  963220  49980  23640 S  40.7   0.6  11:32.44 controller_serv
 536577 jetson    20   0  763888  55444  25424 S  35.3   0.7   0:06.61 ros2
 189612 jetson    20   0 9355088 429500  86828 S  32.4   5.5  17:37.53 nvblox_node
 189209 jetson    20   0  709056  62924  27264 S  31.4   0.8  42:48.83 python3
 189443 jetson    20   0  530952  46392  26204 S  30.9   0.6   9:53.15 bt_navigator
 189439 jetson    20   0 1070976  72392  24728 S  22.5   0.9  10:01.50 planner_server
 189441 jetson    20   0  516476  35524  21032 S  19.1   0.5   8:13.99 behavior_server
 189437 jetson    20   0  664828  35024  19416 S  18.1   0.4   6:58.83 smoother_server
 189018 jetson    20   0  432956  26708  14244 S  13.7   0.3  18:46.97 rplidar_node
 189014 jetson    20   0 1750472 105416  51332 S  10.8   1.4  15:41.19 realsense2_came
 189473 jetson    20   0  577396  31376  16252 S   9.3   0.4  12:32.56 lifecycle_manag
 189433 jetson    20   0  709716  63544  27368 S   8.3   0.8   4:45.03 python3
 189020 jetson    20   0  707980  61536  27440 R   7.8   0.8   9:18.09 python3
 189447 jetson    20   0  431308  30976  17020 S   4.9   0.4   5:41.64 waypoint_follow
 189462 jetson    20   0  428560  29632  15952 S   4.9   0.4   5:38.01 velocity_smooth
 112823 root      20   0 1235152  44624  11476 S   3.4   0.6   9:31.77 micro_ros_agent
 189016 jetson    20   0  709040  65192  27268 S   3.4   0.8   4:03.65 python3
    866 root      20   0 2145700  49220  25584 S   1.0   0.6   0:21.56 snapd
   1221 root      20   0 2093080  74688  33248 S   1.0   1.0   0:50.92 containerd
 499790 root       0 -20       0      0      0 I   1.0   0.0   0:02.39 kworker/u13:4-uvcvideo
 536578 jetson    20   0   14340   3388   2776 R   1.0   0.0   0:00.22 top
     14 root      20   0       0      0      0 S   0.5   0.0   0:09.23 ksoftirqd/0
    329 root      20   0   23572   6908   4792 S   0.5   0.1   0:48.43 systemd-udevd
   1570 root      20   0 2426540 117424  57248 S   0.5   1.5   0:51.79 dockerd
  10532 root      20   0 1233232  12156   6212 S   0.5   0.2   0:34.82 containerd-shim
 189022 jetson    20   0 1082604  56652  26332 S   0.5   0.7   0:57.87 foxglove_bridge
 189431 jetson    20   0  796980  41908  13220 S   0.5   0.5   0:01.38 ros2
 189475 jetson    20   0   11248   3072   2752 S   0.5   0.0   0:05.03 bash
 369170 root      20   0       0      0      0 I   0.5   0.0   0:04.41 kworker/u12:1-events_freezable_power_
 441418 root      20   0       0      0      0 I   0.5   0.0   0:02.91 kworker/u12:7-events_freezable_power_
 468909 jetson    20   0   11116   3036   2756 S   0.5   0.0   0:01.65 bash
 489026 root      20   0       0      0      0 I   0.5   0.0   0:01.21 kworker/u12:10-events_unbound
 520043 root       0 -20       0      0      0 I   0.5   0.0   0:01.23 kworker/u13:0-uvcvideo
 536579 jetson    20   0    2872    884    788 S   0.5   0.0   0:00.05 tegrastats
      1 root      20   0  167880  11776   7444 S   0.0   0.2   0:15.95 systemd
      2 root      20   0       0      0      0 S   0.0   0.0   0:00.02 kthreadd
      3 root       0 -20       0      0      0 I   0.0   0.0   0:00.00 rcu_gp
      4 root       0 -20       0      0      0 I   0.0   0.0   0:00.00 rcu_par_gp
      5 root       0 -20       0      0      0 I   0.0   0.0   0:00.00 slub_flushwq
      6 root       0 -20       0      0      0 I   0.0   0.0   0:00.00 netns
      8 root       0 -20       0      0      0 I   0.0   0.0   0:00.00 kworker/0:0H-events_highpri
     10 root       0 -20       0      0      0 I   0.0   0.0   0:00.00 mm_percpu_wq
     11 root      20   0       0      0      0 S   0.0   0.0   0:00.00 rcu_tasks_kthre
     12 root      20   0       0      0      0 S   0.0   0.0   0:00.00 rcu_tasks_rude_
     13 root      20   0       0      0      0 S   0.0   0.0   0:00.00 rcu_tasks_trace
     15 root      20   0       0      0      0 I   0.0   0.0   0:05.58 rcu_preempt
     16 root      rt   0       0      0      0 S   0.0   0.0   0:00.03 migration/0
     17 root      20   0       0      0      0 S   0.0   0.0   0:00.00 cpuhp/0
     18 root      20   0       0      0      0 S   0.0   0.0   0:00.00 cpuhp/1
     19 root      rt   0       0      0      0 S   0.0   0.0   0:00.03 migration/1
     20 root      20   0       0      0      0 S   0.0   0.0   0:01.10 ksoftirqd/1
     22 root       0 -20       0      0      0 I   0.0   0.0   0:00.00 kworker/1:0H-events_highpri
     23 root      20   0       0      0      0 S   0.0   0.0   0:00.00 cpuhp/2
     24 root      rt   0       0      0      0 S   0.0   0.0   0:00.03 migration/2
     25 root      20   0       0      0      0 S   0.0   0.0   0:01.10 ksoftirqd/2
     27 root       0 -20       0      0      0 I   0.0   0.0   0:00.00 kworker/2:0H-events_highpri
     28 root      20   0       0      0      0 S   0.0   0.0   0:00.00 cpuhp/3
     29 root      rt   0       0      0      0 S   0.0   0.0   0:00.02 migration/3
     30 root      20   0       0      0      0 S   0.0   0.0   0:01.07 ksoftirqd/3
     32 root       0 -20       0      0      0 I   0.0   0.0   0:00.00 kworker/3:0H-events_highpri
     33 root      20   0       0      0      0 S   0.0   0.0   0:00.00 cpuhp/4
     34 root      rt   0       0      0      0 S   0.0   0.0   0:00.07 migration/4
     35 root      20   0       0      0      0 S   0.0   0.0   0:00.94 ksoftirqd/4
     37 root       0 -20       0      0      0 I   0.0   0.0   0:00.00 kworker/4:0H-events_highpri
     38 root      20   0       0      0      0 S   0.0   0.0   0:00.00 cpuhp/5
     39 root      rt   0       0      0      0 S   0.0   0.0   0:00.07 migration/5
     40 root      20   0       0      0      0 S   0.0   0.0   0:00.87 ksoftirqd/5
     42 root       0 -20       0      0      0 I   0.0   0.0   0:00.00 kworker/5:0H-kblockd
     43 root      20   0       0      0      0 S   0.0   0.0   0:00.00 kdevtmpfs
     44 root       0 -20       0      0      0 I   0.0   0.0   0:00.00 inet_frag_wq
     51 root      20   0       0      0      0 S   0.0   0.0   0:00.00 kauditd
     52 root      20   0       0      0      0 S   0.0   0.0   0:00.00 oom_reaper
     53 root       0 -20       0      0      0 I   0.0   0.0   0:00.00 writeback
     54 root      20   0       0      0      0 S   0.0   0.0   0:00.10 kcompactd0
     55 root      25   5       0      0      0 S   0.0   0.0   0:00.00 ksmd
     56 root      39  19       0      0      0 S   0.0   0.0   0:00.89 khugepaged
     67 root       0 -20       0      0      0 I   0.0   0.0   0:00.00 cryptd
     86 root       0 -20       0      0      0 I   0.0   0.0   0:00.00 kintegrityd
     87 root       0 -20       0      0      0 I   0.0   0.0   0:00.00 kblockd
     88 root       0 -20       0      0      0 I   0.0   0.0   0:00.00 blkcg_punt_bio
     89 root       0 -20       0      0      0 I   0.0   0.0   0:00.00 tpm_dev_wq
     90 root       0 -20       0      0      0 I   0.0   0.0   0:00.00 ata_sff
     91 root       0 -20       0      0      0 I   0.0   0.0   0:00.00 edac-poller
     92 root       0 -20       0      0      0 I   0.0   0.0   0:00.00 devfreq_wq
     93 root     -51   0       0      0      0 S   0.0   0.0   0:00.00 watchdogd
     96 root       0 -20       0      0      0 I   0.0   0.0   0:00.04 kworker/0:1H-kblockd
     97 root       0 -20       0      0      0 I   0.0   0.0   0:00.00 rpciod
     99 root       0 -20       0      0      0 I   0.0   0.0   0:00.00 xprtiod
    127 root      20   0       0      0      0 S   0.0   0.0   0:00.00 kswapd0
    128 root       0 -20       0      0      0 I   0.0   0.0   0:00.00 nfsiod
    132 root       0 -20       0      0      0 I   0.0   0.0   0:00.00 vfio-irqfd-clea
    133 root       0 -20       0      0      0 I   0.0   0.0   0:00.00 bch_btree_io
    134 root       0 -20       0      0      0 I   0.0   0.0   0:00.00 bcache
    135 root       0 -20       0      0      0 I   0.0   0.0   0:00.00 bch_journal
    136 root       0 -20       0      0      0 I   0.0   0.0   0:00.00 dm_bufio_cache
    140 root      10 -10       0      0      0 S   0.0   0.0   0:00.00 krfcommd
    141 root      20   0       0      0      0 S   0.0   0.0   0:00.00 pr/tty0
    142 root      20   0       0      0      0 S   0.0   0.0   0:03.01 pr/ttyTCU0
    145 root     -51   0       0      0      0 S   0.0   0.0   0:00.00 irq/114-3160000
    147 root     -51   0       0      0      0 S   0.0   0.0   0:00.00 irq/115-3180000
    149 root     -51   0       0      0      0 S   0.0   0.0   0:00.00 irq/116-31b0000
    150 root     -51   0       0      0      0 S   0.0   0.0   0:00.00 irq/167-c240000
    151 root     -51   0       0      0      0 S   0.0   0.0   0:00.00 irq/168-c250000
    152 root     -51   0       0      0      0 S   0.0   0.0   0:00.00 irq/125-3610000
    153 root     -51   0       0      0      0 S   0.0   0.0   0:00.00 irq/122-3610000
    154 root       0 -20       0      0      0 I   0.0   0.0   0:00.00 sdhci
    155 root     -51   0       0      0      0 S   0.0   0.0   0:00.00 irq/120-mmc0
    156 root     -51   0       0      0      0 S   0.0   0.0   0:00.00 irq/230-3400000
    178 root     -51   0       0      0      0 S   0.0   0.0   0:00.00 irq/191-tegra-p
    179 root       0 -20       0      0      0 I   0.0   0.0   0:00.00 nvme-wq
    180 root       0 -20       0      0      0 I   0.0   0.0   0:00.00 nvme-reset-wq
    181 root       0 -20       0      0      0 I   0.0   0.0   0:00.00 nvme-delete-wq
    190 root     -51   0       0      0      0 S   0.0   0.0   0:00.00 irq/191-aerdrv
    191 root     -51   0       0      0      0 S   0.0   0.0   0:00.00 irq/193-tegra-p
    194 root     -51   0       0      0      0 S   0.0   0.0   0:00.00 irq/193-aerdrv
    195 root     -51   0       0      0      0 S   0.0   0.0   0:00.00 irq/195-tegra-p
    197 root     -51   0       0      0      0 S   0.0   0.0   0:00.00 irq/232-nvme0q0
    198 root     -51   0       0      0      0 S   0.0   0.0   0:00.38 irq/233-nvme0q1
    199 root     -51   0       0      0      0 S   0.0   0.0   0:00.37 irq/234-nvme0q2
    200 root     -51   0       0      0      0 S   0.0   0.0   0:00.43 irq/235-nvme0q3
    201 root     -51   0       0      0      0 S   0.0   0.0   0:00.29 irq/236-nvme0q4
    202 root     -51   0       0      0      0 S   0.0   0.0   0:00.11 irq/237-nvme0q5
    203 root     -51   0       0      0      0 S   0.0   0.0   0:00.11 irq/238-nvme0q6
    210 root       0 -20       0      0      0 I   0.0   0.0   0:00.05 kworker/5:1H-kblockd
    211 root      20   0       0      0      0 S   0.0   0.0   0:00.79 jbd2/nvme0n1p1-
    212 root       0 -20       0      0      0 I   0.0   0.0   0:00.00 ext4-rsv-conver
    221 root       0 -20       0      0      0 I   0.0   0.0   0:00.00 mld
    222 root       0 -20       0      0      0 I   0.0   0.0   0:00.03 kworker/1:1H-kblockd
    223 root       0 -20       0      0      0 I   0.0   0.0   0:00.00 ipv6_addrconf
    253 root       0 -20       0      0      0 I   0.0   0.0   0:00.04 kworker/3:1H-kblockd
    256 root      19  -1   48768  12328  10712 S   0.0   0.2   0:14.72 systemd-journal
    275 root       0 -20       0      0      0 I   0.0   0.0   0:00.04 kworker/2:1H-kblockd
    280 root      39  19       0      0      0 S   0.0   0.0   0:00.48 nvmap-bz
    281 root     -51   0       0      0      0 S   0.0   0.0   0:00.00 irq/188-host1x_
    284 root     -51   0       0      0      0 S   0.0   0.0   0:00.00 irq/197-gk20a_s
    285 root     -51   0       0      0      0 S   0.0   0.0   0:00.01 irq/198-gk20a_s
    286 root     -51   0       0      0      0 S   0.0   0.0   0:00.01 irq/199-gk20a_s
    287 root     -51   0       0      0      0 S   0.0   0.0   0:00.00 irq/200-gk20a_n
    293 root      20   0   11116   3456   3200 S   0.0   0.0   0:00.00 nv-tee-supplica
    300 root      20   0  150380   1344   1232 S   0.0   0.0   0:00.01 tee-supplicant
    302 root       0 -20       0      0      0 I   0.0   0.0   0:00.00 optee_bus_scan
    312 root      20   0   23872   6336   4084 S   0.0   0.1   0:14.32 systemd-udevd
    313 root      20   0   23220   4796   3028 S   0.0   0.1   0:00.08 systemd-udevd
    314 root      20   0   24292   6724   3856 S   0.0   0.1   0:00.17 systemd-udevd
    315 root      20   0   23252   5932   4012 S   0.0   0.1   0:00.37 systemd-udevd
    316 root      20   0   23216   4780   3004 S   0.0   0.1   0:00.21 systemd-udevd
    317 root      20   0   23520   5532   3480 S   0.0   0.1   0:00.14 systemd-udevd
    318 root      20   0   23216   5256   3456 S   0.0   0.1   0:00.39 systemd-udevd
    319 root      20   0   23216   5360   3528 S   0.0   0.1   0:00.28 systemd-udevd
    320 root      20   0   23264   5404   3480 S   0.0   0.1   0:00.13 systemd-udevd
    321 root      20   0   23216   5884   4040 S   0.0   0.1   0:00.29 systemd-udevd
    322 root      20   0   23216   5084   3276 S   0.0   0.1   0:00.13 systemd-udevd
    323 root      20   0   23240   5820   3912 S   0.0   0.1   0:00.12 systemd-udevd
    324 root      20   0   23268   5436   3500 S   0.0   0.1   0:00.15 systemd-udevd
    325 root      20   0   23216   5908   4044 S   0.0   0.1   0:00.62 systemd-udevd
    326 root      20   0   23216   4580   2760 S   0.0   0.1   0:00.11 systemd-udevd
    327 root      20   0   23528   5324   3256 S   0.0   0.1   0:00.11 systemd-udevd
    328 root      20   0   23216   5100   3284 S   0.0   0.1   0:00.13 systemd-udevd
    330 root      20   0   23216   5104   3280 S   0.0   0.1   0:00.11 systemd-udevd
    331 root      20   0   23216   5140   3312 S   0.0   0.1   0:00.27 systemd-udevd
    332 root      20   0   23264   5160   3236 S   0.0   0.1   0:00.18 systemd-udevd
    333 root      20   0   23216   5496   3668 S   0.0   0.1   0:00.11 systemd-udevd
    334 root      20   0   23216   4972   3156 S   0.0   0.1   0:00.27 systemd-udevd
    336 root      20   0   23216   5080   3248 S   0.0   0.1   0:00.26 systemd-udevd
    337 root      20   0   23276   4580   2644 S   0.0   0.1   0:00.11 systemd-udevd
    338 root      20   0   23280   6100   4152 S   0.0   0.1   0:00.24 systemd-udevd
    339 root      20   0   23548   6220   4128 S   0.0   0.1   0:00.35 systemd-udevd
    340 root      20   0   23216   5620   3796 S   0.0   0.1   0:00.21 systemd-udevd
    341 root      20   0   23216   4940   3108 S   0.0   0.1   0:00.17 systemd-udevd
    344 root       0 -20       0      0      0 I   0.0   0.0   0:00.05 kworker/4:1H-kblockd
    388 root     -51   0       0      0      0 S   0.0   0.0   0:00.00 irq/189-tegra-p
    397 root      20   0       0      0      0 S   0.0   0.0   0:00.00 15820000.crypto
    398 root      20   0       0      0      0 S   0.0   0.0   0:00.00 15840000.crypto
    420 root     -51   0       0      0      0 S   0.0   0.0   0:00.00 irq/189-aerdrv
    422 root     -51   0       0      0      0 S   0.0   0.0   0:00.00 irq/219-bc00000
    423 root      -2   0       0      0      0 S   0.0   0.0   0:00.00 capture-control
    424 root      -2   0       0      0      0 S   0.0   0.0   0:00.00 capture
    425 root     -51   0       0      0      0 S   0.0   0.0   0:00.00 irq/214-tegra_d
    426 root     -51   0       0      0      0 S   0.0   0.0   0:00.00 irq/215-tegra_d
    427 root       0 -20       0      0      0 I   0.0   0.0   0:00.00 dce-async-ipc-w
    428 root     -51   0       0      0      0 S   0.0   0.0   0:00.00 irq/240-nvvrs-p
    429 root      20   0       0      0      0 S   0.0   0.0   0:00.00 nv_queue
    430 root      20   0       0      0      0 S   0.0   0.0   0:00.00 nv_queue
    484 root       0 -20       0      0      0 I   0.0   0.0   0:00.00 cfg80211
    485 root     -51   0       0      0      0 S   0.0   0.0   0:00.00 irq/118-3210000
    489 root      20   0       0      0      0 S   0.0   0.0   0:00.00 spi0
    498 root     -51   0       0      0      0 S   0.0   0.0   0:00.00 irq/119-3230000
    503 root      20   0       0      0      0 S   0.0   0.0   0:00.00 spi1
    551 root       0 -20       0      0      0 I   0.0   0.0   0:00.00 btfwwork
    650 root      20   0    8236   6484   1432 S   0.0   0.1   0:00.51 haveged
    653 _rpc      20   0    7932   2260   1912 S   0.0   0.0   0:00.01 rpcbind
    655 systemd+  20   0   26320  13576   8500 S   0.0   0.2   0:00.46 systemd-resolve
    657 systemd+  20   0   88880   6412   5564 S   0.0   0.1   0:00.15 systemd-timesyn
    827 avahi     20   0    8224   3680   3144 S   0.0   0.0   0:00.72 avahi-daemon
    828 root      20   0    9888   4548   4112 S   0.0   0.1   0:00.06 bluetoothd
    829 message+  20   0   10456   5684   3584 S   0.0   0.1   0:21.81 dbus-daemon
    830 root      20   0  338724  21060  14884 S   0.0   0.3   0:21.17 NetworkManager
    840 root      20   0   43504  19808  10212 S   0.0   0.3   0:00.15 networkd-dispat
    851 root      20   0  241620   7020   6316 S   0.0   0.1   0:00.32 power-profiles-
    854 syslog    20   0  222160   7056   3672 S   0.0   0.1   0:03.01 rsyslogd
    860 root      20   0    2240    792    712 S   0.0   0.0   0:00.00 seatd
    871 root      20   0  242128   7456   6576 S   0.0   0.1   0:01.16 accounts-daemon
    872 root      20   0  238124   8280   5636 S   0.0   0.1   0:00.03 switcheroo-cont
    875 root      20   0   49004   7660   6308 S   0.0   0.1   0:01.82 systemd-logind
    876 root      20   0  394252  11960   9468 S   0.0   0.2   0:00.52 udisksd
    878 root      20   0   16636  10300   8304 S   0.0   0.1   0:01.18 wpa_supplicant
    883 avahi     20   0    7812    356      0 S   0.0   0.0   0:00.00 avahi-daemon
    890 root      rt   0       0      0      0 S   0.0   0.0   0:54.50 sugov:0
    893 root      rt   0       0      0      0 S   0.0   0.0   0:23.75 sugov:4
    944 root      30  10   11248   3604   3204 S   0.0   0.0   0:04.63 wifi_mon.sh
    969 root      20   0  237048  10420   6400 S   0.0   0.1   1:32.06 polkitd
   1004 root      20   0    2460   1540   1364 S   0.0   0.0   0:04.27 nvfancontrol
   1045 root      20   0       0      0      0 S   0.0   0.0   0:00.00 sw-quiesce
   1050 root      20   0       0      0      0 S   0.0   0.0   0:11.91 nvgpu_channel_p
   1069 root      20   0       0      0      0 S   0.0   0.0   0:00.00 nvgpu_pg_init_g
   1108 root      20   0       0      0      0 S   0.0   0.0   0:00.00 nvgpu_clk_arb_p
   1129 root      20   0       0      0      0 S   0.0   0.0   0:04.62 RTW_CMD_THREAD
   1158 root      20   0   75936  10084   8260 S   0.0   0.1   0:00.01 nvargus-daemon
   1159 root      20   0   11116   3508   3204 S   0.0   0.0   0:00.04 nvmemwarning.sh
   1173 root      20   0   22192   1776   1580 S   0.0   0.0   0:00.00 nvs-service
   1191 ollama    20   0 2006720  38588  20428 S   0.0   0.5   0:00.61 ollama
   1203 root      20   0    2336   1396   1280 S   0.0   0.0   0:01.61 run-cups-browse
   1206 root      20   0    2336   1376   1248 S   0.0   0.0   0:01.92 run-cupsd
   1219 root      20   0       0      0      0 S   0.0   0.0   0:00.00 pr/ramoops-1
   1241 root      20   0   10772   2820   2572 S   0.0   0.0   0:00.03 cron
   1276 kernoops  20   0   12812    452      0 S   0.0   0.0   0:00.01 kerneloops
   1277 root      20   0  243100   7964   7012 S   0.0   0.1   0:00.03 gdm3
   1293 root      20   0    9468    732    656 S   0.0   0.0   0:00.00 agetty
   1296 kernoops  20   0   12812    452      0 S   0.0   0.0   0:00.01 kerneloops
   1305 root      20   0    9468    724    648 S   0.0   0.0   0:00.00 agetty
   1322 root      20   0  173408   8800   7628 S   0.0   0.1   0:00.01 gdm-session-wor
   1404 gdm       20   0   18124   9732   7360 S   0.0   0.1   0:00.43 systemd
   1420 root      20   0       0      0      0 S   0.0   0.0   0:00.00 file-storage
   1423 gdm       20   0  172232   4504      0 S   0.0   0.1   0:00.00 (sd-pam)
   1461 root      20   0   15272   8356   6776 S   0.0   0.1   0:00.32 sshd
   1522 root      20   0    3076    988    876 S   0.0   0.0   0:00.00 nvphsd
   1527 root      20   0    3208   1512   1352 S   0.0   0.0   0:00.00 nvphsd
   1680 gdm        9 -11   41968   6472   5156 S   0.0   0.1   0:00.04 pipewire
   1681 gdm       20   0   25480   6440   5112 S   0.0   0.1   0:01.14 pipewire-media-
   1682 gdm        9 -11  891844  20764  12600 S   0.0   0.3   0:00.68 pulseaudio
   1685 gdm       20   0  163948   5500   4980 S   0.0   0.1   0:00.00 gdm-x-session
   1691 root      20   0   24.2g  82884  35884 S   0.0   1.1   0:01.17 Xorg
   1696 rtkit     21   1  153504   1600   1388 S   0.0   0.0   0:00.16 rtkit-daemon
   1705 gdm       20   0    8840   3596   3212 S   0.0   0.0   0:00.01 dbus-daemon
   1731 root      20   0       0      0      0 S   0.0   0.0   0:00.00 nvidia-modeset/
   1732 root      20   0       0      0      0 S   0.0   0.0   0:00.00 nvidia-modeset/
   1734 root      20   0       0      0      0 S   0.0   0.0   0:00.00 nvidia
   1738 root      20   0       0      0      0 S   0.0   0.0   0:00.00 nv_queue
   1782 root      20   0       0      0      0 S   0.0   0.0   0:00.00 nvidia-drm-nv-t
   1783 root     -51   0       0      0      0 S   0.0   0.0   0:00.00 card1-crtc0
   1784 root     -51   0       0      0      0 S   0.0   0.0   0:00.00 card1-crtc1
   1951 gdm       20   0    5876   1556   1344 S   0.0   0.0   0:00.00 dbus-run-sessio
   1954 gdm       20   0    9108   4476   3604 S   0.0   0.1   0:00.13 dbus-daemon
   2026 gdm       20   0  663384  17800  12956 S   0.0   0.2   0:00.55 gnome-session-b
   2051 gdm       20   0  310068   8972   6272 S   0.0   0.1   0:00.00 at-spi-bus-laun
   2056 gdm       20   0    8692   3552   3168 S   0.0   0.0   0:00.00 dbus-daemon
   2067 gdm       20   0 3397568 136704  73336 S   0.0   1.8   0:26.69 gnome-shell
   2084 gdm       20   0  237676   7020   4540 S   0.0   0.1   0:00.00 xdg-permission-
   2091 root      20   0  243852   8092   6980 S   0.0   0.1   0:00.26 upowerd
   2097 root      20   0  301608  19340  16412 S   0.0   0.2   0:00.88 packagekitd
   2099 gdm       20   0 2804036  25696  20860 S   0.0   0.3   0:00.08 gjs
   2101 gdm       20   0  163144   7192   6424 S   0.0   0.1   0:00.01 at-spi2-registr
   2128 gdm       20   0  468748   9916   8000 S   0.0   0.1   0:01.42 gsd-sharing
   2130 gdm       20   0  338880  16940  12620 S   0.0   0.2   0:00.06 gsd-wacom
   2139 gdm       20   0  599188  21500  16928 S   0.0   0.3   0:00.15 gsd-color
   2143 gdm       20   0  316840  11252   6240 S   0.0   0.1   0:00.09 ibus-daemon
   2150 gdm       20   0  338600  15024  13276 S   0.0   0.2   0:00.04 gsd-keyboard
   2151 gdm       20   0  252472   9916   8488 S   0.0   0.1   0:00.02 gsd-print-notif
   2152 gdm       20   0  459796   8176   5436 S   0.0   0.1   0:00.35 gsd-rfkill
   2153 gdm       20   0  388312   9428   6480 S   0.0   0.1   0:00.01 gsd-smartcard
   2160 gdm       20   0  380556  14476  12508 S   0.0   0.2   0:00.03 gsd-datetime
   2167 gdm       20   0  864180  22384  17516 S   0.0   0.3   0:00.29 gsd-media-keys
   2169 gdm       20   0  237936   4760   4376 S   0.0   0.1   0:00.00 gsd-screensaver
   2170 gdm       20   0  322096   8352   7324 S   0.0   0.1   0:00.01 gsd-sound
   2175 gdm       20   0  312416   6072   5492 S   0.0   0.1   0:00.01 gsd-a11y-settin
   2177 gdm       20   0  242216   7024   6228 S   0.0   0.1   0:00.01 gvfsd
   2178 gdm       20   0  314000   6928   6164 S   0.0   0.1   0:00.52 gsd-housekeepin
   2179 gdm       20   0  449976  18248  15904 S   0.0   0.2   0:00.29 gsd-power
   2203 gdm       20   0  347052  12600  10748 S   0.0   0.2   0:00.02 gsd-printer
   2234 colord    20   0  247460  12768   9028 S   0.0   0.2   0:00.22 colord
   2247 gdm       20   0  239040   8612   5940 S   0.0   0.1   0:00.00 ibus-dconf
   2258 gdm       20   0  238936   5920   5492 S   0.0   0.1   0:00.00 ibus-portal
   2281 gdm       20   0 2812420  25808  20904 S   0.0   0.3   0:00.09 gjs
   2300 gdm       20   0  165096   6500   5876 S   0.0   0.1   0:00.00 ibus-engine-sim
   2453 root      20   0  137440  11976   9612 S   0.0   0.2   0:00.65 cupsd
   2465 root      20   0  343140  19372  14152 S   0.0   0.2   0:01.31 cups-browsed
   2557 gdm       20   0  156672   4460   4068 S   0.0   0.1   0:00.00 dconf-service
   3864 root      20   0       0      0      0 I   0.0   0.0   0:13.02 kworker/u12:2-events_freezable_power_
   9961 jetson    20   0   18140   9776   7372 S   0.0   0.1   0:00.33 systemd
   9962 jetson    20   0  172508   4632      0 S   0.0   0.1   0:00.00 (sd-pam)
   9970 jetson    20   0   41976   6552   5228 S   0.0   0.1   0:00.04 pipewire
   9971 jetson    20   0   25488   6720   5380 S   0.0   0.1   0:01.23 pipewire-media-
  10023 jetson    20   0    8888   4148   3656 S   0.0   0.1   0:00.01 dbus-daemon
  10561 jetson    20   0    5508    776    688 S   0.0   0.0   0:00.20 sleep
  10658 root      20   0   21764   5404   3884 S   0.0   0.1   0:13.57 systemd-udevd
  10666 root      20   0   21752   4108   2588 S   0.0   0.1   0:00.23 systemd-udevd
  11619 root      20   0   21748   4060   2540 S   0.0   0.1   0:00.02 systemd-udevd
  11620 root      20   0   21760   4112   2588 S   0.0   0.1   0:00.02 systemd-udevd
  11621 root      20   0   21760   4516   2952 S   0.0   0.1   0:27.64 systemd-udevd
  11634 root      20   0   21760   4016   2496 S   0.0   0.1   0:00.01 systemd-udevd
  11635 root      20   0   21760   4048   2540 S   0.0   0.1   0:00.03 systemd-udevd
  11636 root      20   0   21764   3380   1864 S   0.0   0.0   0:00.01 systemd-udevd
  11648 root      20   0   21764   4008   2468 S   0.0   0.1   0:00.01 systemd-udevd
  11649 root      20   0   21764   3832   2288 S   0.0   0.0   0:00.01 systemd-udevd
  11650 root      20   0   21764   3968   2432 S   0.0   0.1   0:00.00 systemd-udevd
  11653 root      20   0   21764   4496   2944 S   0.0   0.1   0:00.04 systemd-udevd
  11654 root      20   0   21764   4508   2960 S   0.0   0.1   0:00.03 systemd-udevd
 109437 snap_da+  20   0   14484   4632   3932 S   0.0   0.1   0:00.00 dbus
 112737 jetson    20   0  203640  36228  13220 S   0.0   0.5   0:00.70 ros2
 112739 jetson    20   0 2070728  32552  18032 S   0.0   0.4   0:00.36 docker
 112741 jetson    20   0  428380  30784  15880 S   0.0   0.4   0:43.95 robot_state_pub
 112768 root      20   0 1233232  12088   6600 S   0.0   0.2   0:00.92 containerd-shim
 112797 root      20   0   49400  29488  14684 S   0.0   0.4   0:00.36 ros2
 113162 jetson    20   0  920440  65760  26672 S   0.0   0.8   0:45.16 python3
 115031 root      20   0  238832   6988   5696 S   0.0   0.1   0:02.64 iio-sensor-prox
 129749 root      20   0       0      0      0 I   0.0   0.0   0:09.24 kworker/u12:5-events_unbound
 189012 jetson    20   0  572504  38556  13204 S   0.0   0.5   0:01.39 ros2
 189320 jetson    20   0  129772  36300  13220 S   0.0   0.5   0:00.73 ros2
 189596 jetson    20   0   53012  29660  15012 S   0.0   0.4   0:00.34 ros2
 206274 root      20   0       0      0      0 I   0.0   0.0   0:10.45 kworker/u12:9-events_freezable_power_
 244731 root      20   0       0      0      0 I   0.0   0.0   0:01.24 kworker/1:2-cgroup_destroy
 286436 root      20   0       0      0      0 I   0.0   0.0   0:08.55 kworker/u12:0-events_unbound
 344667 root      20   0       0      0      0 I   0.0   0.0   0:00.59 kworker/0:3-events
 349442 root      20   0       0      0      0 I   0.0   0.0   0:05.65 kworker/u12:6-events_unbound
 367657 root       0 -20       0      0      0 I   0.0   0.0   0:11.77 kworker/u13:2-uvcvideo
 403545 root      20   0       0      0      0 I   0.0   0.0   0:04.06 kworker/u12:8-events_freezable_power_
 443709 root      20   0       0      0      0 I   0.0   0.0   0:00.14 kworker/3:2-cgroup_destroy
 445412 root      20   0       0      0      0 I   0.0   0.0   0:00.25 kworker/2:1-mm_percpu_wq
 448401 root      20   0       0      0      0 I   0.0   0.0   0:00.00 kworker/5:2-events
 467530 root      20   0       0      0      0 I   0.0   0.0   0:01.91 kworker/u12:3-events_unbound
 469901 root       0 -20       0      0      0 I   0.0   0.0   0:01.87 kworker/u13:3-uvcvideo
 478380 root      20   0       0      0      0 I   0.0   0.0   0:00.29 kworker/1:1-mm_percpu_wq
 480561 root      20   0       0      0      0 I   0.0   0.0   0:00.00 kworker/4:1-events
 483353 root      20   0       0      0      0 I   0.0   0.0   0:00.00 kworker/2:3-events
 496325 root      20   0       0      0      0 I   0.0   0.0   0:00.11 kworker/3:0-mm_percpu_wq
 511663 root      20   0       0      0      0 I   0.0   0.0   0:00.00 kworker/0:1-cgroup_destroy
 514145 root      20   0       0      0      0 I   0.0   0.0   0:00.05 kworker/5:1-events
 514952 root      20   0       0      0      0 I   0.0   0.0   0:00.04 kworker/4:0-events
 528481 root      20   0       0      0      0 I   0.0   0.0   0:00.00 kworker/1:0-events
 528980 root      20   0    9436    780    704 S   0.0   0.0   0:00.00 sleep
 530050 root      20   0       0      0      0 I   0.0   0.0   0:00.00 kworker/3:1-cgroup_destroy
 530052 root      20   0       0      0      0 I   0.0   0.0   0:00.00 kworker/2:0-cgroup_destroy
 530228 root      20   0       0      0      0 I   0.0   0.0   0:00.00 kworker/3:3-cgroup_destroy
 530300 root      20   0       0      0      0 I   0.0   0.0   0:00.00 kworker/2:2-events
 532747 root      20   0       0      0      0 I   0.0   0.0   0:00.00 kworker/0:0-events
 533529 jetson    20   0   11248   3304   2868 S   0.0   0.0   0:00.03 bash
 536497 jetson    20   0   11248   3288   2852 S   0.0   0.0   0:00.01 bash
 536849 jetson    20   0    9480    820    736 S   0.0   0.0   0:00.00 tail
 537023 root      20   0       0      0      0 I   0.0   0.0   0:00.00 kworker/4:2
 537295 root      30  10    9436    768    692 S   0.0   0.0   0:00.00 sleep
 537917 jetson    20   0    9444    772    688 S   0.0   0.0   0:00.00 sleep
 537940 jetson    20   0    9436    780    700 S   0.0   0.0   0:00.00 sleep

top - 12:24:21 up  3:27,  0 users,  load average: 9.10, 5.20, 3.81
Tasks: 356 total,   3 running, 353 sleeping,   0 stopped,   0 zombie
%Cpu(s): 43.8 us, 32.8 sy,  0.0 ni, 15.6 id,  0.0 wa,  3.0 hi,  5.0 si,  0.0 st
MiB Mem :   7607.4 total,   2811.2 free,   2068.0 used,   2728.2 buff/cache
MiB Swap:   3803.7 total,   3803.7 free,      0.0 used.   5240.9 avail Mem 

    PID USER      PR  NI    VIRT    RES    SHR S  %CPU  %MEM     TIME+ COMMAND
 536848 jetson    20   0  753732  71568  29568 S  42.4   0.9   0:08.74 python3
 189211 jetson    20   0  506208  35400  18400 S  39.9   0.5  12:55.85 ekf_node
 189322 jetson    20   0 1062768  54180  24352 S  38.4   0.7   3:32.07 async_slam_tool
 189435 jetson    20   0  963220  49984  23640 S  37.9   0.6  11:33.21 controller_serv
 536577 jetson    20   0  763888  55444  25424 S  32.5   0.7   0:07.27 ros2
 189209 jetson    20   0  709056  62924  27264 R  30.0   0.8  42:49.44 python3
 189612 jetson    20   0 9355088 429496  86828 S  28.6   5.5  17:38.11 nvblox_node
 189443 jetson    20   0  530952  46392  26204 S  27.1   0.6   9:53.70 bt_navigator
    969 root      20   0  237048  10420   6400 S  20.7   0.1   1:32.48 polkitd
 189439 jetson    20   0 1070976  72424  24728 S  19.2   0.9  10:01.89 planner_server
 189441 jetson    20   0  516476  35524  21032 R  16.7   0.5   8:14.33 behavior_server
 189437 jetson    20   0  664776  35140  19416 S  15.8   0.5   6:59.15 smoother_server
 189018 jetson    20   0  432956  26708  14244 S  12.8   0.3  18:47.23 rplidar_node
 189014 jetson    20   0 1750480 105416  51332 S  12.3   1.4  15:41.44 realsense2_came
 189433 jetson    20   0  709716  63544  27368 S   8.9   0.8   4:45.21 python3
 189473 jetson    20   0  577396  31376  16252 S   8.9   0.4  12:32.74 lifecycle_manag
 189020 jetson    20   0  707980  61536  27440 S   8.4   0.8   9:18.26 python3
 189447 jetson    20   0  431308  30976  17020 S   5.9   0.4   5:41.76 waypoint_follow
 189462 jetson    20   0  428560  29632  15952 S   5.9   0.4   5:38.13 velocity_smooth
    829 message+  20   0   10456   5684   3584 S   4.9   0.1   0:21.91 dbus-daemon
 112823 root      20   0 1235152  44624  11476 S   4.9   0.6   9:31.87 micro_ros_agent
    830 root      20   0  338724  21060  14884 S   3.4   0.3   0:21.24 NetworkManager
      1 root      20   0  167880  11776   7444 S   3.0   0.2   0:16.01 systemd
 189016 jetson    20   0  709040  65192  27268 S   3.0   0.8   4:03.71 python3
   2067 gdm       20   0 3397568 136720  73336 S   1.0   1.8   0:26.71 gnome-shell
  10532 root      20   0 1233232  12112   6212 S   1.0   0.2   0:34.84 containerd-shim
 499790 root       0 -20       0      0      0 I   1.0   0.0   0:02.41 kworker/u13:4-uvcvideo
 536578 jetson    20   0   14340   3388   2776 R   1.0   0.0   0:00.24 top
    256 root      19  -1   48768  12328  10712 S   0.5   0.2   0:14.73 systemd-journal
    866 root      20   0 2145700  49220  25584 S   0.5   0.6   0:21.57 snapd
    875 root      20   0   49004   7660   6308 S   0.5   0.1   0:01.83 systemd-logind
    890 root      rt   0       0      0      0 S   0.5   0.0   0:54.51 sugov:0
    893 root      rt   0       0      0      0 S   0.5   0.0   0:23.76 sugov:4
   1221 root      20   0 2093080  74688  33248 S   0.5   1.0   0:50.93 containerd
   1570 root      20   0 2426540 117424  57248 S   0.5   1.5   0:51.80 dockerd
   2091 root      20   0  243852   8092   6980 S   0.5   0.1   0:00.27 upowerd
   9971 jetson    20   0   25488   6720   5380 S   0.5   0.1   0:01.24 pipewire-media-
  10658 root      20   0   21764   5404   3884 S   0.5   0.1   0:13.58 systemd-udevd
 113162 jetson    20   0  920440  65760  26672 S   0.5   0.8   0:45.17 python3
 189431 jetson    20   0  796980  41908  13220 S   0.5   0.5   0:01.39 ros2
      2 root      20   0       0      0      0 S   0.0   0.0   0:00.02 kthreadd
      3 root       0 -20       0      0      0 I   0.0   0.0   0:00.00 rcu_gp
      4 root       0 -20       0      0      0 I   0.0   0.0   0:00.00 rcu_par_gp
      5 root       0 -20       0      0      0 I   0.0   0.0   0:00.00 slub_flushwq
      6 root       0 -20       0      0      0 I   0.0   0.0   0:00.00 netns
      8 root       0 -20       0      0      0 I   0.0   0.0   0:00.00 kworker/0:0H-events_highpri
     10 root       0 -20       0      0      0 I   0.0   0.0   0:00.00 mm_percpu_wq
     11 root      20   0       0      0      0 S   0.0   0.0   0:00.00 rcu_tasks_kthre
     12 root      20   0       0      0      0 S   0.0   0.0   0:00.00 rcu_tasks_rude_
     13 root      20   0       0      0      0 S   0.0   0.0   0:00.00 rcu_tasks_trace
     14 root      20   0       0      0      0 S   0.0   0.0   0:09.23 ksoftirqd/0
     15 root      20   0       0      0      0 I   0.0   0.0   0:05.58 rcu_preempt
     16 root      rt   0       0      0      0 S   0.0   0.0   0:00.03 migration/0
     17 root      20   0       0      0      0 S   0.0   0.0   0:00.00 cpuhp/0
     18 root      20   0       0      0      0 S   0.0   0.0   0:00.00 cpuhp/1
     19 root      rt   0       0      0      0 S   0.0   0.0   0:00.03 migration/1
     20 root      20   0       0      0      0 S   0.0   0.0   0:01.10 ksoftirqd/1
     22 root       0 -20       0      0      0 I   0.0   0.0   0:00.00 kworker/1:0H-events_highpri
     23 root      20   0       0      0      0 S   0.0   0.0   0:00.00 cpuhp/2
     24 root      rt   0       0      0      0 S   0.0   0.0   0:00.03 migration/2
     25 root      20   0       0      0      0 S   0.0   0.0   0:01.10 ksoftirqd/2
     27 root       0 -20       0      0      0 I   0.0   0.0   0:00.00 kworker/2:0H-events_highpri
     28 root      20   0       0      0      0 S   0.0   0.0   0:00.00 cpuhp/3
     29 root      rt   0       0      0      0 S   0.0   0.0   0:00.02 migration/3
     30 root      20   0       0      0      0 S   0.0   0.0   0:01.07 ksoftirqd/3
     32 root       0 -20       0      0      0 I   0.0   0.0   0:00.00 kworker/3:0H-events_highpri
     33 root      20   0       0      0      0 S   0.0   0.0   0:00.00 cpuhp/4
     34 root      rt   0       0      0      0 S   0.0   0.0   0:00.07 migration/4
     35 root      20   0       0      0      0 S   0.0   0.0   0:00.94 ksoftirqd/4
     37 root       0 -20       0      0      0 I   0.0   0.0   0:00.00 kworker/4:0H-events_highpri
     38 root      20   0       0      0      0 S   0.0   0.0   0:00.00 cpuhp/5
     39 root      rt   0       0      0      0 S   0.0   0.0   0:00.07 migration/5
     40 root      20   0       0      0      0 S   0.0   0.0   0:00.87 ksoftirqd/5
     42 root       0 -20       0      0      0 I   0.0   0.0   0:00.00 kworker/5:0H-kblockd
     43 root      20   0       0      0      0 S   0.0   0.0   0:00.00 kdevtmpfs
     44 root       0 -20       0      0      0 I   0.0   0.0   0:00.00 inet_frag_wq
     51 root      20   0       0      0      0 S   0.0   0.0   0:00.00 kauditd
     52 root      20   0       0      0      0 S   0.0   0.0   0:00.00 oom_reaper
     53 root       0 -20       0      0      0 I   0.0   0.0   0:00.00 writeback
     54 root      20   0       0      0      0 S   0.0   0.0   0:00.10 kcompactd0
     55 root      25   5       0      0      0 S   0.0   0.0   0:00.00 ksmd
     56 root      39  19       0      0      0 S   0.0   0.0   0:00.89 khugepaged
     67 root       0 -20       0      0      0 I   0.0   0.0   0:00.00 cryptd
     86 root       0 -20       0      0      0 I   0.0   0.0   0:00.00 kintegrityd
     87 root       0 -20       0      0      0 I   0.0   0.0   0:00.00 kblockd
     88 root       0 -20       0      0      0 I   0.0   0.0   0:00.00 blkcg_punt_bio
     89 root       0 -20       0      0      0 I   0.0   0.0   0:00.00 tpm_dev_wq
     90 root       0 -20       0      0      0 I   0.0   0.0   0:00.00 ata_sff
     91 root       0 -20       0      0      0 I   0.0   0.0   0:00.00 edac-poller
     92 root       0 -20       0      0      0 I   0.0   0.0   0:00.00 devfreq_wq
     93 root     -51   0       0      0      0 S   0.0   0.0   0:00.00 watchdogd
     96 root       0 -20       0      0      0 I   0.0   0.0   0:00.04 kworker/0:1H-kblockd
     97 root       0 -20       0      0      0 I   0.0   0.0   0:00.00 rpciod
     99 root       0 -20       0      0      0 I   0.0   0.0   0:00.00 xprtiod
    127 root      20   0       0      0      0 S   0.0   0.0   0:00.00 kswapd0
    128 root       0 -20       0      0      0 I   0.0   0.0   0:00.00 nfsiod
    132 root       0 -20       0      0      0 I   0.0   0.0   0:00.00 vfio-irqfd-clea
    133 root       0 -20       0      0      0 I   0.0   0.0   0:00.00 bch_btree_io
    134 root       0 -20       0      0      0 I   0.0   0.0   0:00.00 bcache
    135 root       0 -20       0      0      0 I   0.0   0.0   0:00.00 bch_journal
    136 root       0 -20       0      0      0 I   0.0   0.0   0:00.00 dm_bufio_cache
    140 root      10 -10       0      0      0 S   0.0   0.0   0:00.00 krfcommd
    141 root      20   0       0      0      0 S   0.0   0.0   0:00.00 pr/tty0
    142 root      20   0       0      0      0 S   0.0   0.0   0:03.01 pr/ttyTCU0
    145 root     -51   0       0      0      0 S   0.0   0.0   0:00.00 irq/114-3160000
    147 root     -51   0       0      0      0 S   0.0   0.0   0:00.00 irq/115-3180000
    149 root     -51   0       0      0      0 S   0.0   0.0   0:00.00 irq/116-31b0000
    150 root     -51   0       0      0      0 S   0.0   0.0   0:00.00 irq/167-c240000
    151 root     -51   0       0      0      0 S   0.0   0.0   0:00.00 irq/168-c250000
    152 root     -51   0       0      0      0 S   0.0   0.0   0:00.00 irq/125-3610000
    153 root     -51   0       0      0      0 S   0.0   0.0   0:00.00 irq/122-3610000
    154 root       0 -20       0      0      0 I   0.0   0.0   0:00.00 sdhci
    155 root     -51   0       0      0      0 S   0.0   0.0   0:00.00 irq/120-mmc0
    156 root     -51   0       0      0      0 S   0.0   0.0   0:00.00 irq/230-3400000
    178 root     -51   0       0      0      0 S   0.0   0.0   0:00.00 irq/191-tegra-p
    179 root       0 -20       0      0      0 I   0.0   0.0   0:00.00 nvme-wq
    180 root       0 -20       0      0      0 I   0.0   0.0   0:00.00 nvme-reset-wq
    181 root       0 -20       0      0      0 I   0.0   0.0   0:00.00 nvme-delete-wq
    190 root     -51   0       0      0      0 S   0.0   0.0   0:00.00 irq/191-aerdrv
    191 root     -51   0       0      0      0 S   0.0   0.0   0:00.00 irq/193-tegra-p
    194 root     -51   0       0      0      0 S   0.0   0.0   0:00.00 irq/193-aerdrv
    195 root     -51   0       0      0      0 S   0.0   0.0   0:00.00 irq/195-tegra-p
    197 root     -51   0       0      0      0 S   0.0   0.0   0:00.00 irq/232-nvme0q0
    198 root     -51   0       0      0      0 S   0.0   0.0   0:00.38 irq/233-nvme0q1
    199 root     -51   0       0      0      0 S   0.0   0.0   0:00.37 irq/234-nvme0q2
    200 root     -51   0       0      0      0 S   0.0   0.0   0:00.43 irq/235-nvme0q3
    201 root     -51   0       0      0      0 S   0.0   0.0   0:00.29 irq/236-nvme0q4
    202 root     -51   0       0      0      0 S   0.0   0.0   0:00.11 irq/237-nvme0q5
    203 root     -51   0       0      0      0 S   0.0   0.0   0:00.11 irq/238-nvme0q6
    210 root       0 -20       0      0      0 I   0.0   0.0   0:00.05 kworker/5:1H-kblockd
    211 root      20   0       0      0      0 S   0.0   0.0   0:00.79 jbd2/nvme0n1p1-
    212 root       0 -20       0      0      0 I   0.0   0.0   0:00.00 ext4-rsv-conver
    221 root       0 -20       0      0      0 I   0.0   0.0   0:00.00 mld
    222 root       0 -20       0      0      0 I   0.0   0.0   0:00.03 kworker/1:1H-kblockd
    223 root       0 -20       0      0      0 I   0.0   0.0   0:00.00 ipv6_addrconf
    253 root       0 -20       0      0      0 I   0.0   0.0   0:00.04 kworker/3:1H-kblockd
    275 root       0 -20       0      0      0 I   0.0   0.0   0:00.04 kworker/2:1H-kblockd
    280 root      39  19       0      0      0 S   0.0   0.0   0:00.48 nvmap-bz
    281 root     -51   0       0      0      0 S   0.0   0.0   0:00.00 irq/188-host1x_
    284 root     -51   0       0      0      0 S   0.0   0.0   0:00.00 irq/197-gk20a_s
    285 root     -51   0       0      0      0 S   0.0   0.0   0:00.01 irq/198-gk20a_s
    286 root     -51   0       0      0      0 S   0.0   0.0   0:00.01 irq/199-gk20a_s
    287 root     -51   0       0      0      0 S   0.0   0.0   0:00.00 irq/200-gk20a_n
    293 root      20   0   11116   3456   3200 S   0.0   0.0   0:00.00 nv-tee-supplica
    300 root      20   0  150380   1344   1232 S   0.0   0.0   0:00.01 tee-supplicant
    302 root       0 -20       0      0      0 I   0.0   0.0   0:00.00 optee_bus_scan
    312 root      20   0   23872   6336   4084 S   0.0   0.1   0:14.32 systemd-udevd
    313 root      20   0   23220   4796   3028 S   0.0   0.1   0:00.08 systemd-udevd
    314 root      20   0   24292   6724   3856 S   0.0   0.1   0:00.17 systemd-udevd
    315 root      20   0   23252   5932   4012 S   0.0   0.1   0:00.37 systemd-udevd
    316 root      20   0   23216   4780   3004 S   0.0   0.1   0:00.21 systemd-udevd
    317 root      20   0   23520   5532   3480 S   0.0   0.1   0:00.14 systemd-udevd
    318 root      20   0   23216   5256   3456 S   0.0   0.1   0:00.39 systemd-udevd
    319 root      20   0   23216   5360   3528 S   0.0   0.1   0:00.28 systemd-udevd
    320 root      20   0   23264   5404   3480 S   0.0   0.1   0:00.13 systemd-udevd
    321 root      20   0   23216   5884   4040 S   0.0   0.1   0:00.29 systemd-udevd
    322 root      20   0   23216   5084   3276 S   0.0   0.1   0:00.13 systemd-udevd
    323 root      20   0   23240   5820   3912 S   0.0   0.1   0:00.12 systemd-udevd
    324 root      20   0   23268   5436   3500 S   0.0   0.1   0:00.15 systemd-udevd
    325 root      20   0   23216   5908   4044 S   0.0   0.1   0:00.62 systemd-udevd
    326 root      20   0   23216   4580   2760 S   0.0   0.1   0:00.11 systemd-udevd
    327 root      20   0   23528   5324   3256 S   0.0   0.1   0:00.11 systemd-udevd
    328 root      20   0   23216   5100   3284 S   0.0   0.1   0:00.13 systemd-udevd
    329 root      20   0   23572   6908   4792 S   0.0   0.1   0:48.43 systemd-udevd
    330 root      20   0   23216   5104   3280 S   0.0   0.1   0:00.11 systemd-udevd
    331 root      20   0   23216   5140   3312 S   0.0   0.1   0:00.27 systemd-udevd
    332 root      20   0   23264   5160   3236 S   0.0   0.1   0:00.18 systemd-udevd
    333 root      20   0   23216   5496   3668 S   0.0   0.1   0:00.11 systemd-udevd
    334 root      20   0   23216   4972   3156 S   0.0   0.1   0:00.27 systemd-udevd
    336 root      20   0   23216   5080   3248 S   0.0   0.1   0:00.26 systemd-udevd
    337 root      20   0   23276   4580   2644 S   0.0   0.1   0:00.11 systemd-udevd
    338 root      20   0   23280   6100   4152 S   0.0   0.1   0:00.24 systemd-udevd
    339 root      20   0   23548   6220   4128 S   0.0   0.1   0:00.35 systemd-udevd
    340 root      20   0   23216   5620   3796 S   0.0   0.1   0:00.21 systemd-udevd
    341 root      20   0   23216   4940   3108 S   0.0   0.1   0:00.17 systemd-udevd
    344 root       0 -20       0      0      0 I   0.0   0.0   0:00.05 kworker/4:1H-kblockd
    388 root     -51   0       0      0      0 S   0.0   0.0   0:00.00 irq/189-tegra-p
    397 root      20   0       0      0      0 S   0.0   0.0   0:00.00 15820000.crypto
    398 root      20   0       0      0      0 S   0.0   0.0   0:00.00 15840000.crypto
    420 root     -51   0       0      0      0 S   0.0   0.0   0:00.00 irq/189-aerdrv
    422 root     -51   0       0      0      0 S   0.0   0.0   0:00.00 irq/219-bc00000
    423 root      -2   0       0      0      0 S   0.0   0.0   0:00.00 capture-control
    424 root      -2   0       0      0      0 S   0.0   0.0   0:00.00 capture
    425 root     -51   0       0      0      0 S   0.0   0.0   0:00.00 irq/214-tegra_d
    426 root     -51   0       0      0      0 S   0.0   0.0   0:00.00 irq/215-tegra_d
    427 root       0 -20       0      0      0 I   0.0   0.0   0:00.00 dce-async-ipc-w
    428 root     -51   0       0      0      0 S   0.0   0.0   0:00.00 irq/240-nvvrs-p
    429 root      20   0       0      0      0 S   0.0   0.0   0:00.00 nv_queue
    430 root      20   0       0      0      0 S   0.0   0.0   0:00.00 nv_queue
    484 root       0 -20       0      0      0 I   0.0   0.0   0:00.00 cfg80211
    485 root     -51   0       0      0      0 S   0.0   0.0   0:00.00 irq/118-3210000
    489 root      20   0       0      0      0 S   0.0   0.0   0:00.00 spi0
    498 root     -51   0       0      0      0 S   0.0   0.0   0:00.00 irq/119-3230000
    503 root      20   0       0      0      0 S   0.0   0.0   0:00.00 spi1
    551 root       0 -20       0      0      0 I   0.0   0.0   0:00.00 btfwwork
    650 root      20   0    8236   6484   1432 S   0.0   0.1   0:00.51 haveged
    653 _rpc      20   0    7932   2260   1912 S   0.0   0.0   0:00.01 rpcbind
    655 systemd+  20   0   26320  13576   8500 S   0.0   0.2   0:00.46 systemd-resolve
    657 systemd+  20   0   88880   6412   5564 S   0.0   0.1   0:00.15 systemd-timesyn
    827 avahi     20   0    8224   3680   3144 S   0.0   0.0   0:00.72 avahi-daemon
    828 root      20   0    9888   4548   4112 S   0.0   0.1   0:00.06 bluetoothd
    840 root      20   0   43504  19808  10212 S   0.0   0.3   0:00.15 networkd-dispat
    851 root      20   0  241620   7020   6316 S   0.0   0.1   0:00.32 power-profiles-
    854 syslog    20   0  222160   7056   3672 S   0.0   0.1   0:03.01 rsyslogd
    860 root      20   0    2240    792    712 S   0.0   0.0   0:00.00 seatd
    871 root      20   0  242128   7456   6576 S   0.0   0.1   0:01.16 accounts-daemon
    872 root      20   0  238124   8280   5636 S   0.0   0.1   0:00.03 switcheroo-cont
    876 root      20   0  394252  11960   9468 S   0.0   0.2   0:00.52 udisksd
    878 root      20   0   16636  10300   8304 S   0.0   0.1   0:01.18 wpa_supplicant
    883 avahi     20   0    7812    356      0 S   0.0   0.0   0:00.00 avahi-daemon
    944 root      30  10   11248   3604   3204 S   0.0   0.0   0:04.63 wifi_mon.sh
   1004 root      20   0    2460   1540   1364 S   0.0   0.0   0:04.27 nvfancontrol
   1045 root      20   0       0      0      0 S   0.0   0.0   0:00.00 sw-quiesce
   1050 root      20   0       0      0      0 S   0.0   0.0   0:11.91 nvgpu_channel_p
   1069 root      20   0       0      0      0 S   0.0   0.0   0:00.00 nvgpu_pg_init_g
   1108 root      20   0       0      0      0 S   0.0   0.0   0:00.00 nvgpu_clk_arb_p
   1129 root      20   0       0      0      0 S   0.0   0.0   0:04.62 RTW_CMD_THREAD
   1158 root      20   0   75936  10084   8260 S   0.0   0.1   0:00.01 nvargus-daemon
   1159 root      20   0   11116   3508   3204 S   0.0   0.0   0:00.04 nvmemwarning.sh
   1173 root      20   0   22192   1776   1580 S   0.0   0.0   0:00.00 nvs-service
   1191 ollama    20   0 2006720  38588  20428 S   0.0   0.5   0:00.61 ollama
   1203 root      20   0    2336   1396   1280 S   0.0   0.0   0:01.61 run-cups-browse
   1206 root      20   0    2336   1376   1248 S   0.0   0.0   0:01.92 run-cupsd
   1219 root      20   0       0      0      0 S   0.0   0.0   0:00.00 pr/ramoops-1
   1241 root      20   0   10772   2820   2572 S   0.0   0.0   0:00.03 cron
   1276 kernoops  20   0   12812    452      0 S   0.0   0.0   0:00.01 kerneloops
   1277 root      20   0  243100   7964   7012 S   0.0   0.1   0:00.03 gdm3
   1293 root      20   0    9468    732    656 S   0.0   0.0   0:00.00 agetty
   1296 kernoops  20   0   12812    452      0 S   0.0   0.0   0:00.01 kerneloops
   1305 root      20   0    9468    724    648 S   0.0   0.0   0:00.00 agetty
   1322 root      20   0  173408   8800   7628 S   0.0   0.1   0:00.01 gdm-session-wor
   1404 gdm       20   0   18124   9732   7360 S   0.0   0.1   0:00.43 systemd
   1420 root      20   0       0      0      0 S   0.0   0.0   0:00.00 file-storage
   1423 gdm       20   0  172232   4504      0 S   0.0   0.1   0:00.00 (sd-pam)
   1461 root      20   0   15272   8356   6776 S   0.0   0.1   0:00.32 sshd
   1522 root      20   0    3076    988    876 S   0.0   0.0   0:00.00 nvphsd
   1527 root      20   0    3208   1512   1352 S   0.0   0.0   0:00.00 nvphsd
   1680 gdm        9 -11   41968   6472   5156 S   0.0   0.1   0:00.04 pipewire
   1681 gdm       20   0   25480   6440   5112 S   0.0   0.1   0:01.14 pipewire-media-
   1682 gdm        9 -11  891844  20764  12600 S   0.0   0.3   0:00.68 pulseaudio
   1685 gdm       20   0  163948   5500   4980 S   0.0   0.1   0:00.00 gdm-x-session
   1691 root      20   0   24.2g  82884  35884 S   0.0   1.1   0:01.17 Xorg
   1696 rtkit     21   1  153504   1600   1388 S   0.0   0.0   0:00.16 rtkit-daemon
   1705 gdm       20   0    8840   3596   3212 S   0.0   0.0   0:00.01 dbus-daemon
   1731 root      20   0       0      0      0 S   0.0   0.0   0:00.00 nvidia-modeset/
   1732 root      20   0       0      0      0 S   0.0   0.0   0:00.00 nvidia-modeset/
   1734 root      20   0       0      0      0 S   0.0   0.0   0:00.00 nvidia
   1738 root      20   0       0      0      0 S   0.0   0.0   0:00.00 nv_queue
   1782 root      20   0       0      0      0 S   0.0   0.0   0:00.00 nvidia-drm-nv-t
   1783 root     -51   0       0      0      0 S   0.0   0.0   0:00.00 card1-crtc0
   1784 root     -51   0       0      0      0 S   0.0   0.0   0:00.00 card1-crtc1
   1951 gdm       20   0    5876   1556   1344 S   0.0   0.0   0:00.00 dbus-run-sessio
   1954 gdm       20   0    9108   4476   3604 S   0.0   0.1   0:00.13 dbus-daemon
   2026 gdm       20   0  663384  17800  12956 S   0.0   0.2   0:00.55 gnome-session-b
   2051 gdm       20   0  310068   8972   6272 S   0.0   0.1   0:00.00 at-spi-bus-laun
   2056 gdm       20   0    8692   3552   3168 S   0.0   0.0   0:00.00 dbus-daemon
   2084 gdm       20   0  237676   7020   4540 S   0.0   0.1   0:00.00 xdg-permission-
   2097 root      20   0  301608  19340  16412 S   0.0   0.2   0:00.88 packagekitd
   2099 gdm       20   0 2804036  25696  20860 S   0.0   0.3   0:00.08 gjs
   2101 gdm       20   0  163144   7192   6424 S   0.0   0.1   0:00.01 at-spi2-registr
   2128 gdm       20   0  468748   9916   8000 S   0.0   0.1   0:01.42 gsd-sharing
   2130 gdm       20   0  338880  16940  12620 S   0.0   0.2   0:00.06 gsd-wacom
   2139 gdm       20   0  599188  21500  16928 S   0.0   0.3   0:00.15 gsd-color
   2143 gdm       20   0  316840  11252   6240 S   0.0   0.1   0:00.09 ibus-daemon
   2150 gdm       20   0  338600  15024  13276 S   0.0   0.2   0:00.04 gsd-keyboard
   2151 gdm       20   0  252472   9916   8488 S   0.0   0.1   0:00.02 gsd-print-notif
   2152 gdm       20   0  459796   8176   5436 S   0.0   0.1   0:00.35 gsd-rfkill
   2153 gdm       20   0  388312   9428   6480 S   0.0   0.1   0:00.01 gsd-smartcard
   2160 gdm       20   0  380556  14476  12508 S   0.0   0.2   0:00.03 gsd-datetime
   2167 gdm       20   0  864180  22384  17516 S   0.0   0.3   0:00.29 gsd-media-keys
   2169 gdm       20   0  237936   4760   4376 S   0.0   0.1   0:00.00 gsd-screensaver
   2170 gdm       20   0  322096   8352   7324 S   0.0   0.1   0:00.01 gsd-sound
   2175 gdm       20   0  312416   6072   5492 S   0.0   0.1   0:00.01 gsd-a11y-settin
   2177 gdm       20   0  242216   7024   6228 S   0.0   0.1   0:00.01 gvfsd
   2178 gdm       20   0  314000   6928   6164 S   0.0   0.1   0:00.52 gsd-housekeepin
   2179 gdm       20   0  449976  18248  15904 S   0.0   0.2   0:00.29 gsd-power
   2203 gdm       20   0  347052  12600  10748 S   0.0   0.2   0:00.02 gsd-printer
   2234 colord    20   0  247460  12768   9028 S   0.0   0.2   0:00.22 colord
   2247 gdm       20   0  239040   8612   5940 S   0.0   0.1   0:00.00 ibus-dconf
   2258 gdm       20   0  238936   5920   5492 S   0.0   0.1   0:00.00 ibus-portal
   2281 gdm       20   0 2812420  25808  20904 S   0.0   0.3   0:00.09 gjs
   2300 gdm       20   0  165096   6500   5876 S   0.0   0.1   0:00.00 ibus-engine-sim
   2453 root      20   0  137440  11976   9612 S   0.0   0.2   0:00.65 cupsd
   2465 root      20   0  343140  19372  14152 S   0.0   0.2   0:01.31 cups-browsed
   2557 gdm       20   0  156672   4460   4068 S   0.0   0.1   0:00.00 dconf-service
   3864 root      20   0       0      0      0 I   0.0   0.0   0:13.02 kworker/u12:2-events_freezable_power_
   9961 jetson    20   0   18140   9776   7372 S   0.0   0.1   0:00.33 systemd
   9962 jetson    20   0  172508   4632      0 S   0.0   0.1   0:00.00 (sd-pam)
   9970 jetson    20   0   41976   6552   5228 S   0.0   0.1   0:00.04 pipewire
  10023 jetson    20   0    8888   4148   3656 S   0.0   0.1   0:00.01 dbus-daemon
  10561 jetson    20   0    5508    776    688 S   0.0   0.0   0:00.20 sleep
  10666 root      20   0   21752   4108   2588 S   0.0   0.1   0:00.23 systemd-udevd
  11619 root      20   0   21748   4060   2540 S   0.0   0.1   0:00.02 systemd-udevd
  11620 root      20   0   21760   4112   2588 S   0.0   0.1   0:00.02 systemd-udevd
  11621 root      20   0   21760   4516   2952 S   0.0   0.1   0:27.64 systemd-udevd
  11634 root      20   0   21760   4016   2496 S   0.0   0.1   0:00.01 systemd-udevd
  11635 root      20   0   21760   4048   2540 S   0.0   0.1   0:00.03 systemd-udevd
  11636 root      20   0   21764   3380   1864 S   0.0   0.0   0:00.01 systemd-udevd
  11648 root      20   0   21764   4008   2468 S   0.0   0.1   0:00.01 systemd-udevd
  11649 root      20   0   21764   3832   2288 S   0.0   0.0   0:00.01 systemd-udevd
  11650 root      20   0   21764   3968   2432 S   0.0   0.1   0:00.00 systemd-udevd
  11653 root      20   0   21764   4496   2944 S   0.0   0.1   0:00.04 systemd-udevd
  11654 root      20   0   21764   4508   2960 S   0.0   0.1   0:00.03 systemd-udevd
 109437 snap_da+  20   0   14484   4632   3932 S   0.0   0.1   0:00.00 dbus
 112737 jetson    20   0  203640  36228  13220 S   0.0   0.5   0:00.70 ros2
 112739 jetson    20   0 2070728  32552  18032 S   0.0   0.4   0:00.36 docker
 112741 jetson    20   0  428380  30784  15880 S   0.0   0.4   0:43.95 robot_state_pub
 112768 root      20   0 1233232  12088   6600 S   0.0   0.2   0:00.92 containerd-shim
 112797 root      20   0   49400  29488  14684 S   0.0   0.4   0:00.36 ros2
 115031 root      20   0  238832   6988   5696 S   0.0   0.1   0:02.64 iio-sensor-prox
 129749 root      20   0       0      0      0 I   0.0   0.0   0:09.24 kworker/u12:5-events_unbound
 189012 jetson    20   0  572504  38556  13204 S   0.0   0.5   0:01.39 ros2
 189022 jetson    20   0 1082604  56652  26332 S   0.0   0.7   0:57.87 foxglove_bridge
 189320 jetson    20   0  129772  36300  13220 S   0.0   0.5   0:00.73 ros2
 189475 jetson    20   0   11248   3072   2752 S   0.0   0.0   0:05.03 bash
 189596 jetson    20   0   53012  29660  15012 S   0.0   0.4   0:00.34 ros2
 206274 root      20   0       0      0      0 I   0.0   0.0   0:10.45 kworker/u12:9-events_freezable_power_
 244731 root      20   0       0      0      0 I   0.0   0.0   0:01.24 kworker/1:2-cgroup_destroy
 286436 root      20   0       0      0      0 I   0.0   0.0   0:08.55 kworker/u12:0-events_unbound
 344667 root      20   0       0      0      0 I   0.0   0.0   0:00.59 kworker/0:3-events
 349442 root      20   0       0      0      0 I   0.0   0.0   0:05.65 kworker/u12:6-events_unbound
 367657 root       0 -20       0      0      0 I   0.0   0.0   0:11.77 kworker/u13:2-uvcvideo
 369170 root      20   0       0      0      0 I   0.0   0.0   0:04.41 kworker/u12:1-events_freezable_power_
 403545 root      20   0       0      0      0 I   0.0   0.0   0:04.06 kworker/u12:8-events_freezable_power_
 441418 root      20   0       0      0      0 I   0.0   0.0   0:02.91 kworker/u12:7-events_freezable_power_
 443709 root      20   0       0      0      0 I   0.0   0.0   0:00.14 kworker/3:2-cgroup_destroy
 445412 root      20   0       0      0      0 I   0.0   0.0   0:00.25 kworker/2:1-events
 448401 root      20   0       0      0      0 I   0.0   0.0   0:00.00 kworker/5:2-events
 467530 root      20   0       0      0      0 I   0.0   0.0   0:01.91 kworker/u12:3-events_unbound
 468909 jetson    20   0   11116   3036   2756 S   0.0   0.0   0:01.65 bash
 469901 root       0 -20       0      0      0 I   0.0   0.0   0:01.87 kworker/u13:3-uvcvideo
 478380 root      20   0       0      0      0 I   0.0   0.0   0:00.29 kworker/1:1-events
 480561 root      20   0       0      0      0 I   0.0   0.0   0:00.00 kworker/4:1-events
 483353 root      20   0       0      0      0 I   0.0   0.0   0:00.00 kworker/2:3-events
 489026 root      20   0       0      0      0 I   0.0   0.0   0:01.21 kworker/u12:10-events_unbound
 496325 root      20   0       0      0      0 I   0.0   0.0   0:00.11 kworker/3:0-events
 511663 root      20   0       0      0      0 I   0.0   0.0   0:00.00 kworker/0:1-cgroup_destroy
 514145 root      20   0       0      0      0 I   0.0   0.0   0:00.05 kworker/5:1-events
 514952 root      20   0       0      0      0 I   0.0   0.0   0:00.04 kworker/4:0-mm_percpu_wq
 520043 root       0 -20       0      0      0 I   0.0   0.0   0:01.23 kworker/u13:0-uvcvideo
 528481 root      20   0       0      0      0 I   0.0   0.0   0:00.00 kworker/1:0-events
 528980 root      20   0    9436    780    704 S   0.0   0.0   0:00.00 sleep
 530050 root      20   0       0      0      0 I   0.0   0.0   0:00.00 kworker/3:1-cgroup_destroy
 530052 root      20   0       0      0      0 I   0.0   0.0   0:00.00 kworker/2:0-cgroup_destroy
 530228 root      20   0       0      0      0 I   0.0   0.0   0:00.00 kworker/3:3-cgroup_destroy
 530300 root      20   0       0      0      0 I   0.0   0.0   0:00.00 kworker/2:2-events
 532747 root      20   0       0      0      0 I   0.0   0.0   0:00.00 kworker/0:0-events
 533529 jetson    20   0   11248   3304   2868 S   0.0   0.0   0:00.03 bash
 536497 jetson    20   0   11248   3288   2852 S   0.0   0.0   0:00.01 bash
 536579 jetson    20   0    2872    884    788 S   0.0   0.0   0:00.05 tegrastats
 536849 jetson    20   0    9480    820    736 S   0.0   0.0   0:00.00 tail
 537023 root      20   0       0      0      0 I   0.0   0.0   0:00.00 kworker/4:2
 537295 root      30  10    9436    768    692 S   0.0   0.0   0:00.00 sleep
 538032 root      20   0       0      0      0 I   0.0   0.0   0:00.00 kworker/5:0
 538080 jetson    20   0    9444    788    704 S   0.0   0.0   0:00.00 sleep
 538099 jetson    20   0    9436    784    704 S   0.0   0.0   0:00.00 sleep

top - 12:24:23 up  3:27,  0 users,  load average: 9.10, 5.20, 3.81
Tasks: 356 total,   3 running, 353 sleeping,   0 stopped,   0 zombie
%Cpu(s): 38.8 us, 25.4 sy,  0.0 ni, 28.8 id,  0.1 wa,  3.1 hi,  3.9 si,  0.0 st
MiB Mem :   7607.4 total,   2806.9 free,   2068.3 used,   2732.2 buff/cache
MiB Swap:   3803.7 total,   3803.7 free,      0.0 used.   5240.6 avail Mem 

    PID USER      PR  NI    VIRT    RES    SHR S  %CPU  %MEM     TIME+ COMMAND
 536848 jetson    20   0  753292  71368  29568 S  43.8   0.9   0:09.63 python3
 189435 jetson    20   0  963220  50108  23640 S  36.9   0.6  11:33.96 controller_serv
 189209 jetson    20   0  709056  62924  27264 R  33.0   0.8  42:50.11 python3
 189322 jetson    20   0 1062768  54444  24352 S  31.5   0.7   3:32.71 async_slam_tool
 536577 jetson    20   0  763888  55444  25424 S  29.1   0.7   0:07.86 ros2
 189211 jetson    20   0  506208  35400  18400 R  27.6   0.5  12:56.41 ekf_node
 189612 jetson    20   0 9355088 429500  86828 S  24.6   5.5  17:38.61 nvblox_node
 189443 jetson    20   0  530952  46392  26204 S  23.2   0.6   9:54.17 bt_navigator
 189439 jetson    20   0 1070976  72424  24728 S  16.7   0.9  10:02.23 planner_server
 189018 jetson    20   0  432956  26708  14244 S  14.3   0.3  18:47.52 rplidar_node
 189441 jetson    20   0  516476  35524  21032 S  13.8   0.5   8:14.61 behavior_server
 189437 jetson    20   0  664776  35144  19416 S  12.8   0.5   6:59.41 smoother_server
 189014 jetson    20   0 1750488 105416  51332 S  11.8   1.4  15:41.68 realsense2_came
 189473 jetson    20   0  577396  31376  16252 S   8.9   0.4  12:32.92 lifecycle_manag
 189020 jetson    20   0  707980  61536  27440 S   8.4   0.8   9:18.43 python3
 189433 jetson    20   0  709716  63544  27368 S   8.4   0.8   4:45.38 python3
 189462 jetson    20   0  428560  29632  15952 S   5.4   0.4   5:38.24 velocity_smooth
 189447 jetson    20   0  431308  30976  17020 S   4.4   0.4   5:41.85 waypoint_follow
 112823 root      20   0 1235152  44624  11476 S   3.4   0.6   9:31.94 micro_ros_agent
 189016 jetson    20   0  709040  65192  27268 S   3.4   0.8   4:03.78 python3
    312 root      20   0   23872   6336   4084 S   0.5   0.1   0:14.33 systemd-udevd
    890 root      rt   0       0      0      0 S   0.5   0.0   0:54.52 sugov:0
    893 root      rt   0       0      0      0 S   0.5   0.0   0:23.77 sugov:4
   1570 root      20   0 2426540 117424  57248 S   0.5   1.5   0:51.81 dockerd
  10532 root      20   0 1233232  12112   6212 S   0.5   0.2   0:34.85 containerd-shim
  11621 root      20   0   21760   4516   2952 S   0.5   0.1   0:27.65 systemd-udevd
 189012 jetson    20   0  572504  38556  13204 S   0.5   0.5   0:01.40 ros2
 189022 jetson    20   0 1082604  56652  26332 S   0.5   0.7   0:57.88 foxglove_bridge
 189431 jetson    20   0  796980  41908  13220 S   0.5   0.5   0:01.40 ros2
 286436 root      20   0       0      0      0 I   0.5   0.0   0:08.56 kworker/u12:0-events_freezable_power_
 441418 root      20   0       0      0      0 I   0.5   0.0   0:02.92 kworker/u12:7-events_freezable_power_
 489026 root      20   0       0      0      0 I   0.5   0.0   0:01.22 kworker/u12:10-events_unbound
 499790 root       0 -20       0      0      0 I   0.5   0.0   0:02.42 kworker/u13:4-uvcvideo
 520043 root       0 -20       0      0      0 I   0.5   0.0   0:01.24 kworker/u13:0-uvcvideo
 536578 jetson    20   0   14340   3388   2776 R   0.5   0.0   0:00.25 top
 536579 jetson    20   0    2872    884    788 S   0.5   0.0   0:00.06 tegrastats
      1 root      20   0  167880  11776   7444 S   0.0   0.2   0:16.01 systemd
      2 root      20   0       0      0      0 S   0.0   0.0   0:00.02 kthreadd
      3 root       0 -20       0      0      0 I   0.0   0.0   0:00.00 rcu_gp
      4 root       0 -20       0      0      0 I   0.0   0.0   0:00.00 rcu_par_gp
      5 root       0 -20       0      0      0 I   0.0   0.0   0:00.00 slub_flushwq
      6 root       0 -20       0      0      0 I   0.0   0.0   0:00.00 netns
      8 root       0 -20       0      0      0 I   0.0   0.0   0:00.00 kworker/0:0H-events_highpri
     10 root       0 -20       0      0      0 I   0.0   0.0   0:00.00 mm_percpu_wq
     11 root      20   0       0      0      0 S   0.0   0.0   0:00.00 rcu_tasks_kthre
     12 root      20   0       0      0      0 S   0.0   0.0   0:00.00 rcu_tasks_rude_
     13 root      20   0       0      0      0 S   0.0   0.0   0:00.00 rcu_tasks_trace
     14 root      20   0       0      0      0 S   0.0   0.0   0:09.23 ksoftirqd/0
     15 root      20   0       0      0      0 I   0.0   0.0   0:05.58 rcu_preempt
     16 root      rt   0       0      0      0 S   0.0   0.0   0:00.03 migration/0
     17 root      20   0       0      0      0 S   0.0   0.0   0:00.00 cpuhp/0
     18 root      20   0       0      0      0 S   0.0   0.0   0:00.00 cpuhp/1
     19 root      rt   0       0      0      0 S   0.0   0.0   0:00.03 migration/1
     20 root      20   0       0      0      0 S   0.0   0.0   0:01.10 ksoftirqd/1
     22 root       0 -20       0      0      0 I   0.0   0.0   0:00.00 kworker/1:0H-events_highpri
     23 root      20   0       0      0      0 S   0.0   0.0   0:00.00 cpuhp/2
     24 root      rt   0       0      0      0 S   0.0   0.0   0:00.03 migration/2
     25 root      20   0       0      0      0 S   0.0   0.0   0:01.10 ksoftirqd/2
     27 root       0 -20       0      0      0 I   0.0   0.0   0:00.00 kworker/2:0H-events_highpri
     28 root      20   0       0      0      0 S   0.0   0.0   0:00.00 cpuhp/3
     29 root      rt   0       0      0      0 S   0.0   0.0   0:00.02 migration/3
     30 root      20   0       0      0      0 S   0.0   0.0   0:01.07 ksoftirqd/3
     32 root       0 -20       0      0      0 I   0.0   0.0   0:00.00 kworker/3:0H-events_highpri
     33 root      20   0       0      0      0 S   0.0   0.0   0:00.00 cpuhp/4
     34 root      rt   0       0      0      0 S   0.0   0.0   0:00.07 migration/4
     35 root      20   0       0      0      0 S   0.0   0.0   0:00.94 ksoftirqd/4
     37 root       0 -20       0      0      0 I   0.0   0.0   0:00.00 kworker/4:0H-events_highpri
     38 root      20   0       0      0      0 S   0.0   0.0   0:00.00 cpuhp/5
     39 root      rt   0       0      0      0 S   0.0   0.0   0:00.07 migration/5
     40 root      20   0       0      0      0 S   0.0   0.0   0:00.87 ksoftirqd/5
     42 root       0 -20       0      0      0 I   0.0   0.0   0:00.00 kworker/5:0H-kblockd
     43 root      20   0       0      0      0 S   0.0   0.0   0:00.00 kdevtmpfs
     44 root       0 -20       0      0      0 I   0.0   0.0   0:00.00 inet_frag_wq
     51 root      20   0       0      0      0 S   0.0   0.0   0:00.00 kauditd
     52 root      20   0       0      0      0 S   0.0   0.0   0:00.00 oom_reaper
     53 root       0 -20       0      0      0 I   0.0   0.0   0:00.00 writeback
     54 root      20   0       0      0      0 S   0.0   0.0   0:00.10 kcompactd0
     55 root      25   5       0      0      0 S   0.0   0.0   0:00.00 ksmd
     56 root      39  19       0      0      0 S   0.0   0.0   0:00.89 khugepaged
     67 root       0 -20       0      0      0 I   0.0   0.0   0:00.00 cryptd
     86 root       0 -20       0      0      0 I   0.0   0.0   0:00.00 kintegrityd
     87 root       0 -20       0      0      0 I   0.0   0.0   0:00.00 kblockd
     88 root       0 -20       0      0      0 I   0.0   0.0   0:00.00 blkcg_punt_bio
     89 root       0 -20       0      0      0 I   0.0   0.0   0:00.00 tpm_dev_wq
     90 root       0 -20       0      0      0 I   0.0   0.0   0:00.00 ata_sff
     91 root       0 -20       0      0      0 I   0.0   0.0   0:00.00 edac-poller
     92 root       0 -20       0      0      0 I   0.0   0.0   0:00.00 devfreq_wq
     93 root     -51   0       0      0      0 S   0.0   0.0   0:00.00 watchdogd
     96 root       0 -20       0      0      0 I   0.0   0.0   0:00.04 kworker/0:1H-kblockd
     97 root       0 -20       0      0      0 I   0.0   0.0   0:00.00 rpciod
     99 root       0 -20       0      0      0 I   0.0   0.0   0:00.00 xprtiod
    127 root      20   0       0      0      0 S   0.0   0.0   0:00.00 kswapd0
    128 root       0 -20       0      0      0 I   0.0   0.0   0:00.00 nfsiod
    132 root       0 -20       0      0      0 I   0.0   0.0   0:00.00 vfio-irqfd-clea
    133 root       0 -20       0      0      0 I   0.0   0.0   0:00.00 bch_btree_io
    134 root       0 -20       0      0      0 I   0.0   0.0   0:00.00 bcache
    135 root       0 -20       0      0      0 I   0.0   0.0   0:00.00 bch_journal
    136 root       0 -20       0      0      0 I   0.0   0.0   0:00.00 dm_bufio_cache
    140 root      10 -10       0      0      0 S   0.0   0.0   0:00.00 krfcommd
    141 root      20   0       0      0      0 S   0.0   0.0   0:00.00 pr/tty0
    142 root      20   0       0      0      0 S   0.0   0.0   0:03.01 pr/ttyTCU0
    145 root     -51   0       0      0      0 S   0.0   0.0   0:00.00 irq/114-3160000
    147 root     -51   0       0      0      0 S   0.0   0.0   0:00.00 irq/115-3180000
    149 root     -51   0       0      0      0 S   0.0   0.0   0:00.00 irq/116-31b0000
    150 root     -51   0       0      0      0 S   0.0   0.0   0:00.00 irq/167-c240000
    151 root     -51   0       0      0      0 S   0.0   0.0   0:00.00 irq/168-c250000
    152 root     -51   0       0      0      0 S   0.0   0.0   0:00.00 irq/125-3610000
    153 root     -51   0       0      0      0 S   0.0   0.0   0:00.00 irq/122-3610000
    154 root       0 -20       0      0      0 I   0.0   0.0   0:00.00 sdhci
    155 root     -51   0       0      0      0 S   0.0   0.0   0:00.00 irq/120-mmc0
    156 root     -51   0       0      0      0 S   0.0   0.0   0:00.00 irq/230-3400000
    178 root     -51   0       0      0      0 S   0.0   0.0   0:00.00 irq/191-tegra-p
    179 root       0 -20       0      0      0 I   0.0   0.0   0:00.00 nvme-wq
    180 root       0 -20       0      0      0 I   0.0   0.0   0:00.00 nvme-reset-wq
    181 root       0 -20       0      0      0 I   0.0   0.0   0:00.00 nvme-delete-wq
    190 root     -51   0       0      0      0 S   0.0   0.0   0:00.00 irq/191-aerdrv
    191 root     -51   0       0      0      0 S   0.0   0.0   0:00.00 irq/193-tegra-p
    194 root     -51   0       0      0      0 S   0.0   0.0   0:00.00 irq/193-aerdrv
    195 root     -51   0       0      0      0 S   0.0   0.0   0:00.00 irq/195-tegra-p
    197 root     -51   0       0      0      0 S   0.0   0.0   0:00.00 irq/232-nvme0q0
    198 root     -51   0       0      0      0 S   0.0   0.0   0:00.38 irq/233-nvme0q1
    199 root     -51   0       0      0      0 S   0.0   0.0   0:00.37 irq/234-nvme0q2
    200 root     -51   0       0      0      0 S   0.0   0.0   0:00.43 irq/235-nvme0q3
    201 root     -51   0       0      0      0 S   0.0   0.0   0:00.29 irq/236-nvme0q4
    202 root     -51   0       0      0      0 S   0.0   0.0   0:00.11 irq/237-nvme0q5
    203 root     -51   0       0      0      0 S   0.0   0.0   0:00.11 irq/238-nvme0q6
    210 root       0 -20       0      0      0 I   0.0   0.0   0:00.05 kworker/5:1H-kblockd
    211 root      20   0       0      0      0 S   0.0   0.0   0:00.79 jbd2/nvme0n1p1-
    212 root       0 -20       0      0      0 I   0.0   0.0   0:00.00 ext4-rsv-conver
    221 root       0 -20       0      0      0 I   0.0   0.0   0:00.00 mld
    222 root       0 -20       0      0      0 I   0.0   0.0   0:00.03 kworker/1:1H-kblockd
    223 root       0 -20       0      0      0 I   0.0   0.0   0:00.00 ipv6_addrconf
    253 root       0 -20       0      0      0 I   0.0   0.0   0:00.04 kworker/3:1H-kblockd
    256 root      19  -1   48768  12328  10712 S   0.0   0.2   0:14.73 systemd-journal
    275 root       0 -20       0      0      0 I   0.0   0.0   0:00.04 kworker/2:1H-kblockd
    280 root      39  19       0      0      0 S   0.0   0.0   0:00.48 nvmap-bz
    281 root     -51   0       0      0      0 S   0.0   0.0   0:00.00 irq/188-host1x_
    284 root     -51   0       0      0      0 S   0.0   0.0   0:00.00 irq/197-gk20a_s
    285 root     -51   0       0      0      0 S   0.0   0.0   0:00.01 irq/198-gk20a_s
    286 root     -51   0       0      0      0 S   0.0   0.0   0:00.01 irq/199-gk20a_s
    287 root     -51   0       0      0      0 S   0.0   0.0   0:00.00 irq/200-gk20a_n
    293 root      20   0   11116   3456   3200 S   0.0   0.0   0:00.00 nv-tee-supplica
    300 root      20   0  150380   1344   1232 S   0.0   0.0   0:00.01 tee-supplicant
    302 root       0 -20       0      0      0 I   0.0   0.0   0:00.00 optee_bus_scan
    313 root      20   0   23220   4796   3028 S   0.0   0.1   0:00.08 systemd-udevd
    314 root      20   0   24292   6724   3856 S   0.0   0.1   0:00.17 systemd-udevd
    315 root      20   0   23252   5932   4012 S   0.0   0.1   0:00.37 systemd-udevd
    316 root      20   0   23216   4780   3004 S   0.0   0.1   0:00.21 systemd-udevd
    317 root      20   0   23520   5532   3480 S   0.0   0.1   0:00.14 systemd-udevd
    318 root      20   0   23216   5256   3456 S   0.0   0.1   0:00.39 systemd-udevd
    319 root      20   0   23216   5360   3528 S   0.0   0.1   0:00.28 systemd-udevd
    320 root      20   0   23264   5404   3480 S   0.0   0.1   0:00.13 systemd-udevd
    321 root      20   0   23216   5884   4040 S   0.0   0.1   0:00.29 systemd-udevd
    322 root      20   0   23216   5084   3276 S   0.0   0.1   0:00.13 systemd-udevd
    323 root      20   0   23240   5820   3912 S   0.0   0.1   0:00.12 systemd-udevd
    324 root      20   0   23268   5436   3500 S   0.0   0.1   0:00.15 systemd-udevd
    325 root      20   0   23216   5908   4044 S   0.0   0.1   0:00.62 systemd-udevd
    326 root      20   0   23216   4580   2760 S   0.0   0.1   0:00.11 systemd-udevd
    327 root      20   0   23528   5324   3256 S   0.0   0.1   0:00.11 systemd-udevd
    328 root      20   0   23216   5100   3284 S   0.0   0.1   0:00.13 systemd-udevd
    329 root      20   0   23572   6908   4792 S   0.0   0.1   0:48.43 systemd-udevd
    330 root      20   0   23216   5104   3280 S   0.0   0.1   0:00.11 systemd-udevd
    331 root      20   0   23216   5140   3312 S   0.0   0.1   0:00.27 systemd-udevd
    332 root      20   0   23264   5160   3236 S   0.0   0.1   0:00.18 systemd-udevd
    333 root      20   0   23216   5496   3668 S   0.0   0.1   0:00.11 systemd-udevd
    334 root      20   0   23216   4972   3156 S   0.0   0.1   0:00.27 systemd-udevd
    336 root      20   0   23216   5080   3248 S   0.0   0.1   0:00.26 systemd-udevd
    337 root      20   0   23276   4580   2644 S   0.0   0.1   0:00.11 systemd-udevd
    338 root      20   0   23280   6100   4152 S   0.0   0.1   0:00.24 systemd-udevd
    339 root      20   0   23548   6220   4128 S   0.0   0.1   0:00.35 systemd-udevd
    340 root      20   0   23216   5620   3796 S   0.0   0.1   0:00.21 systemd-udevd
    341 root      20   0   23216   4940   3108 S   0.0   0.1   0:00.17 systemd-udevd
    344 root       0 -20       0      0      0 I   0.0   0.0   0:00.05 kworker/4:1H-kblockd
    388 root     -51   0       0      0      0 S   0.0   0.0   0:00.00 irq/189-tegra-p
    397 root      20   0       0      0      0 S   0.0   0.0   0:00.00 15820000.crypto
    398 root      20   0       0      0      0 S   0.0   0.0   0:00.00 15840000.crypto
    420 root     -51   0       0      0      0 S   0.0   0.0   0:00.00 irq/189-aerdrv
    422 root     -51   0       0      0      0 S   0.0   0.0   0:00.00 irq/219-bc00000
    423 root      -2   0       0      0      0 S   0.0   0.0   0:00.00 capture-control
    424 root      -2   0       0      0      0 S   0.0   0.0   0:00.00 capture
    425 root     -51   0       0      0      0 S   0.0   0.0   0:00.00 irq/214-tegra_d
    426 root     -51   0       0      0      0 S   0.0   0.0   0:00.00 irq/215-tegra_d
    427 root       0 -20       0      0      0 I   0.0   0.0   0:00.00 dce-async-ipc-w
    428 root     -51   0       0      0      0 S   0.0   0.0   0:00.00 irq/240-nvvrs-p
    429 root      20   0       0      0      0 S   0.0   0.0   0:00.00 nv_queue
    430 root      20   0       0      0      0 S   0.0   0.0   0:00.00 nv_queue
    484 root       0 -20       0      0      0 I   0.0   0.0   0:00.00 cfg80211
    485 root     -51   0       0      0      0 S   0.0   0.0   0:00.00 irq/118-3210000
    489 root      20   0       0      0      0 S   0.0   0.0   0:00.00 spi0
    498 root     -51   0       0      0      0 S   0.0   0.0   0:00.00 irq/119-3230000
    503 root      20   0       0      0      0 S   0.0   0.0   0:00.00 spi1
    551 root       0 -20       0      0      0 I   0.0   0.0   0:00.00 btfwwork
    650 root      20   0    8236   6484   1432 S   0.0   0.1   0:00.51 haveged
    653 _rpc      20   0    7932   2260   1912 S   0.0   0.0   0:00.01 rpcbind
    655 systemd+  20   0   26320  13576   8500 S   0.0   0.2   0:00.46 systemd-resolve
    657 systemd+  20   0   88880   6412   5564 S   0.0   0.1   0:00.15 systemd-timesyn
    827 avahi     20   0    8224   3680   3144 S   0.0   0.0   0:00.72 avahi-daemon
    828 root      20   0    9888   4548   4112 S   0.0   0.1   0:00.06 bluetoothd
    829 message+  20   0   10456   5684   3584 S   0.0   0.1   0:21.91 dbus-daemon
    830 root      20   0  338724  21060  14884 S   0.0   0.3   0:21.24 NetworkManager
    840 root      20   0   43504  19808  10212 S   0.0   0.3   0:00.15 networkd-dispat
    851 root      20   0  241620   7020   6316 S   0.0   0.1   0:00.32 power-profiles-
    854 syslog    20   0  222160   7056   3672 S   0.0   0.1   0:03.01 rsyslogd
    860 root      20   0    2240    792    712 S   0.0   0.0   0:00.00 seatd
    866 root      20   0 2145700  49220  25584 S   0.0   0.6   0:21.57 snapd
    871 root      20   0  242128   7456   6576 S   0.0   0.1   0:01.16 accounts-daemon
    872 root      20   0  238124   8280   5636 S   0.0   0.1   0:00.03 switcheroo-cont
    875 root      20   0   49004   7660   6308 S   0.0   0.1   0:01.83 systemd-logind
    876 root      20   0  394252  11960   9468 S   0.0   0.2   0:00.52 udisksd
    878 root      20   0   16636  10300   8304 S   0.0   0.1   0:01.18 wpa_supplicant
    883 avahi     20   0    7812    356      0 S   0.0   0.0   0:00.00 avahi-daemon
    944 root      30  10   11248   3604   3204 S   0.0   0.0   0:04.63 wifi_mon.sh
    969 root      20   0  237048  10420   6400 S   0.0   0.1   1:32.48 polkitd
   1004 root      20   0    2460   1540   1364 S   0.0   0.0   0:04.27 nvfancontrol
   1045 root      20   0       0      0      0 S   0.0   0.0   0:00.00 sw-quiesce
   1050 root      20   0       0      0      0 S   0.0   0.0   0:11.91 nvgpu_channel_p
   1069 root      20   0       0      0      0 S   0.0   0.0   0:00.00 nvgpu_pg_init_g
   1108 root      20   0       0      0      0 S   0.0   0.0   0:00.00 nvgpu_clk_arb_p
   1129 root      20   0       0      0      0 S   0.0   0.0   0:04.62 RTW_CMD_THREAD
   1158 root      20   0   75936  10084   8260 S   0.0   0.1   0:00.01 nvargus-daemon
   1159 root      20   0   11116   3508   3204 S   0.0   0.0   0:00.04 nvmemwarning.sh
   1173 root      20   0   22192   1776   1580 S   0.0   0.0   0:00.00 nvs-service
   1191 ollama    20   0 2006720  38588  20428 S   0.0   0.5   0:00.61 ollama
   1203 root      20   0    2336   1396   1280 S   0.0   0.0   0:01.61 run-cups-browse
   1206 root      20   0    2336   1376   1248 S   0.0   0.0   0:01.92 run-cupsd
   1219 root      20   0       0      0      0 S   0.0   0.0   0:00.00 pr/ramoops-1
   1221 root      20   0 2093080  74688  33248 S   0.0   1.0   0:50.93 containerd
   1241 root      20   0   10772   2820   2572 S   0.0   0.0   0:00.03 cron
   1276 kernoops  20   0   12812    452      0 S   0.0   0.0   0:00.01 kerneloops
   1277 root      20   0  243100   7964   7012 S   0.0   0.1   0:00.03 gdm3
   1293 root      20   0    9468    732    656 S   0.0   0.0   0:00.00 agetty
   1296 kernoops  20   0   12812    452      0 S   0.0   0.0   0:00.01 kerneloops
   1305 root      20   0    9468    724    648 S   0.0   0.0   0:00.00 agetty
   1322 root      20   0  173408   8800   7628 S   0.0   0.1   0:00.01 gdm-session-wor
   1404 gdm       20   0   18124   9732   7360 S   0.0   0.1   0:00.43 systemd
   1420 root      20   0       0      0      0 S   0.0   0.0   0:00.00 file-storage
   1423 gdm       20   0  172232   4504      0 S   0.0   0.1   0:00.00 (sd-pam)
   1461 root      20   0   15272   8356   6776 S   0.0   0.1   0:00.32 sshd
   1522 root      20   0    3076    988    876 S   0.0   0.0   0:00.00 nvphsd
   1527 root      20   0    3208   1512   1352 S   0.0   0.0   0:00.00 nvphsd
   1680 gdm        9 -11   41968   6472   5156 S   0.0   0.1   0:00.04 pipewire
   1681 gdm       20   0   25480   6440   5112 S   0.0   0.1   0:01.14 pipewire-media-
   1682 gdm        9 -11  891844  20764  12600 S   0.0   0.3   0:00.68 pulseaudio
   1685 gdm       20   0  163948   5500   4980 S   0.0   0.1   0:00.00 gdm-x-session
   1691 root      20   0   24.2g  82884  35884 S   0.0   1.1   0:01.17 Xorg
   1696 rtkit     21   1  153504   1600   1388 S   0.0   0.0   0:00.16 rtkit-daemon
   1705 gdm       20   0    8840   3596   3212 S   0.0   0.0   0:00.01 dbus-daemon
   1731 root      20   0       0      0      0 S   0.0   0.0   0:00.00 nvidia-modeset/
   1732 root      20   0       0      0      0 S   0.0   0.0   0:00.00 nvidia-modeset/
   1734 root      20   0       0      0      0 S   0.0   0.0   0:00.00 nvidia
   1738 root      20   0       0      0      0 S   0.0   0.0   0:00.00 nv_queue
   1782 root      20   0       0      0      0 S   0.0   0.0   0:00.00 nvidia-drm-nv-t
   1783 root     -51   0       0      0      0 S   0.0   0.0   0:00.00 card1-crtc0
   1784 root     -51   0       0      0      0 S   0.0   0.0   0:00.00 card1-crtc1
   1951 gdm       20   0    5876   1556   1344 S   0.0   0.0   0:00.00 dbus-run-sessio
   1954 gdm       20   0    9108   4476   3604 S   0.0   0.1   0:00.13 dbus-daemon
   2026 gdm       20   0  663384  17800  12956 S   0.0   0.2   0:00.55 gnome-session-b
   2051 gdm       20   0  310068   8972   6272 S   0.0   0.1   0:00.00 at-spi-bus-laun
   2056 gdm       20   0    8692   3552   3168 S   0.0   0.0   0:00.00 dbus-daemon
   2067 gdm       20   0 3397568 136720  73336 S   0.0   1.8   0:26.71 gnome-shell
   2084 gdm       20   0  237676   7020   4540 S   0.0   0.1   0:00.00 xdg-permission-
   2091 root      20   0  243852   8092   6980 S   0.0   0.1   0:00.27 upowerd
   2097 root      20   0  301608  19340  16412 S   0.0   0.2   0:00.88 packagekitd
   2099 gdm       20   0 2804036  25696  20860 S   0.0   0.3   0:00.08 gjs
   2101 gdm       20   0  163144   7192   6424 S   0.0   0.1   0:00.01 at-spi2-registr
   2128 gdm       20   0  468748   9916   8000 S   0.0   0.1   0:01.42 gsd-sharing
   2130 gdm       20   0  338880  16940  12620 S   0.0   0.2   0:00.06 gsd-wacom
   2139 gdm       20   0  599188  21500  16928 S   0.0   0.3   0:00.15 gsd-color
   2143 gdm       20   0  316840  11252   6240 S   0.0   0.1   0:00.09 ibus-daemon
   2150 gdm       20   0  338600  15024  13276 S   0.0   0.2   0:00.04 gsd-keyboard
   2151 gdm       20   0  252472   9916   8488 S   0.0   0.1   0:00.02 gsd-print-notif
   2152 gdm       20   0  459796   8176   5436 S   0.0   0.1   0:00.35 gsd-rfkill
   2153 gdm       20   0  388312   9428   6480 S   0.0   0.1   0:00.01 gsd-smartcard
   2160 gdm       20   0  380556  14476  12508 S   0.0   0.2   0:00.03 gsd-datetime
   2167 gdm       20   0  864180  22384  17516 S   0.0   0.3   0:00.29 gsd-media-keys
   2169 gdm       20   0  237936   4760   4376 S   0.0   0.1   0:00.00 gsd-screensaver
   2170 gdm       20   0  322096   8352   7324 S   0.0   0.1   0:00.01 gsd-sound
   2175 gdm       20   0  312416   6072   5492 S   0.0   0.1   0:00.01 gsd-a11y-settin
   2177 gdm       20   0  242216   7024   6228 S   0.0   0.1   0:00.01 gvfsd
   2178 gdm       20   0  314000   6928   6164 S   0.0   0.1   0:00.52 gsd-housekeepin
   2179 gdm       20   0  449976  18248  15904 S   0.0   0.2   0:00.29 gsd-power
   2203 gdm       20   0  347052  12600  10748 S   0.0   0.2   0:00.02 gsd-printer
   2234 colord    20   0  247460  12768   9028 S   0.0   0.2   0:00.22 colord
   2247 gdm       20   0  239040   8612   5940 S   0.0   0.1   0:00.00 ibus-dconf
   2258 gdm       20   0  238936   5920   5492 S   0.0   0.1   0:00.00 ibus-portal
   2281 gdm       20   0 2812420  25808  20904 S   0.0   0.3   0:00.09 gjs
   2300 gdm       20   0  165096   6500   5876 S   0.0   0.1   0:00.00 ibus-engine-sim
   2453 root      20   0  137440  11976   9612 S   0.0   0.2   0:00.65 cupsd
   2465 root      20   0  343140  19372  14152 S   0.0   0.2   0:01.31 cups-browsed
   2557 gdm       20   0  156672   4460   4068 S   0.0   0.1   0:00.00 dconf-service
   3864 root      20   0       0      0      0 I   0.0   0.0   0:13.02 kworker/u12:2-events_unbound
   9961 jetson    20   0   18140   9776   7372 S   0.0   0.1   0:00.33 systemd
   9962 jetson    20   0  172508   4632      0 S   0.0   0.1   0:00.00 (sd-pam)
   9970 jetson    20   0   41976   6552   5228 S   0.0   0.1   0:00.04 pipewire
   9971 jetson    20   0   25488   6720   5380 S   0.0   0.1   0:01.24 pipewire-media-
  10023 jetson    20   0    8888   4148   3656 S   0.0   0.1   0:00.01 dbus-daemon
  10561 jetson    20   0    5508    776    688 S   0.0   0.0   0:00.20 sleep
  10658 root      20   0   21764   5404   3884 S   0.0   0.1   0:13.58 systemd-udevd
  10666 root      20   0   21752   4108   2588 S   0.0   0.1   0:00.23 systemd-udevd
  11619 root      20   0   21748   4060   2540 S   0.0   0.1   0:00.02 systemd-udevd
  11620 root      20   0   21760   4112   2588 S   0.0   0.1   0:00.02 systemd-udevd
  11634 root      20   0   21760   4016   2496 S   0.0   0.1   0:00.01 systemd-udevd
  11635 root      20   0   21760   4048   2540 S   0.0   0.1   0:00.03 systemd-udevd
  11636 root      20   0   21764   3380   1864 S   0.0   0.0   0:00.01 systemd-udevd
  11648 root      20   0   21764   4008   2468 S   0.0   0.1   0:00.01 systemd-udevd
  11649 root      20   0   21764   3832   2288 S   0.0   0.0   0:00.01 systemd-udevd
  11650 root      20   0   21764   3968   2432 S   0.0   0.1   0:00.00 systemd-udevd
  11653 root      20   0   21764   4496   2944 S   0.0   0.1   0:00.04 systemd-udevd
  11654 root      20   0   21764   4508   2960 S   0.0   0.1   0:00.03 systemd-udevd
 109437 snap_da+  20   0   14484   4632   3932 S   0.0   0.1   0:00.00 dbus
 112737 jetson    20   0  203640  36228  13220 S   0.0   0.5   0:00.70 ros2
 112739 jetson    20   0 2070728  32552  18032 S   0.0   0.4   0:00.36 docker
 112741 jetson    20   0  428380  30784  15880 S   0.0   0.4   0:43.95 robot_state_pub
 112768 root      20   0 1233232  12088   6600 S   0.0   0.2   0:00.92 containerd-shim
 112797 root      20   0   49400  29488  14684 S   0.0   0.4   0:00.36 ros2
 113162 jetson    20   0  920440  65760  26672 S   0.0   0.8   0:45.17 python3
 115031 root      20   0  238832   6988   5696 S   0.0   0.1   0:02.64 iio-sensor-prox
 129749 root      20   0       0      0      0 I   0.0   0.0   0:09.24 kworker/u12:5-events_freezable_power_
 189320 jetson    20   0  129772  36300  13220 S   0.0   0.5   0:00.73 ros2
 189475 jetson    20   0   11248   3072   2752 S   0.0   0.0   0:05.03 bash
 189596 jetson    20   0   53012  29660  15012 S   0.0   0.4   0:00.34 ros2
 206274 root      20   0       0      0      0 I   0.0   0.0   0:10.45 kworker/u12:9-events_freezable_power_
 244731 root      20   0       0      0      0 I   0.0   0.0   0:01.24 kworker/1:2-cgroup_destroy
 344667 root      20   0       0      0      0 I   0.0   0.0   0:00.59 kworker/0:3-events
 349442 root      20   0       0      0      0 I   0.0   0.0   0:05.65 kworker/u12:6-events_unbound
 367657 root       0 -20       0      0      0 I   0.0   0.0   0:11.77 kworker/u13:2-uvcvideo
 369170 root      20   0       0      0      0 I   0.0   0.0   0:04.41 kworker/u12:1-events_freezable_power_
 403545 root      20   0       0      0      0 I   0.0   0.0   0:04.06 kworker/u12:8-events_unbound
 443709 root      20   0       0      0      0 I   0.0   0.0   0:00.14 kworker/3:2-cgroup_destroy
 445412 root      20   0       0      0      0 I   0.0   0.0   0:00.25 kworker/2:1-events
 448401 root      20   0       0      0      0 I   0.0   0.0   0:00.00 kworker/5:2-events
 467530 root      20   0       0      0      0 I   0.0   0.0   0:01.91 kworker/u12:3-events_unbound
 468909 jetson    20   0   11116   3036   2756 S   0.0   0.0   0:01.65 bash
 469901 root       0 -20       0      0      0 I   0.0   0.0   0:01.87 kworker/u13:3-uvcvideo
 478380 root      20   0       0      0      0 I   0.0   0.0   0:00.29 kworker/1:1-events
 480561 root      20   0       0      0      0 I   0.0   0.0   0:00.00 kworker/4:1-events
 483353 root      20   0       0      0      0 I   0.0   0.0   0:00.00 kworker/2:3-events
 496325 root      20   0       0      0      0 I   0.0   0.0   0:00.11 kworker/3:0-events
 511663 root      20   0       0      0      0 I   0.0   0.0   0:00.00 kworker/0:1-cgroup_destroy
 514145 root      20   0       0      0      0 I   0.0   0.0   0:00.05 kworker/5:1-events
 514952 root      20   0       0      0      0 I   0.0   0.0   0:00.04 kworker/4:0-events
 528481 root      20   0       0      0      0 I   0.0   0.0   0:00.00 kworker/1:0-events
 528980 root      20   0    9436    780    704 S   0.0   0.0   0:00.00 sleep
 530050 root      20   0       0      0      0 I   0.0   0.0   0:00.00 kworker/3:1-cgroup_destroy
 530052 root      20   0       0      0      0 I   0.0   0.0   0:00.00 kworker/2:0-cgroup_destroy
 530228 root      20   0       0      0      0 I   0.0   0.0   0:00.00 kworker/3:3-cgroup_destroy
 530300 root      20   0       0      0      0 I   0.0   0.0   0:00.00 kworker/2:2-events
 532747 root      20   0       0      0      0 I   0.0   0.0   0:00.00 kworker/0:0-events
 533529 jetson    20   0   11248   3304   2868 S   0.0   0.0   0:00.03 bash
 536497 jetson    20   0   11248   3288   2852 S   0.0   0.0   0:00.01 bash
 536849 jetson    20   0    9480    820    736 S   0.0   0.0   0:00.00 tail
 537023 root      20   0       0      0      0 I   0.0   0.0   0:00.00 kworker/4:2
 537295 root      30  10    9436    768    692 S   0.0   0.0   0:00.00 sleep
 538032 root      20   0       0      0      0 I   0.0   0.0   0:00.00 kworker/5:0
 538220 jetson    20   0    9444    788    704 S   0.0   0.0   0:00.00 sleep
 538230 jetson    20   0    9436    772    696 S   0.0   0.0   0:00.00 sleep

top - 12:24:25 up  3:27,  0 users,  load average: 9.10, 5.20, 3.81
Tasks: 354 total,   3 running, 351 sleeping,   0 stopped,   0 zombie
%Cpu(s): 42.8 us, 27.8 sy,  0.0 ni, 21.9 id,  0.0 wa,  3.1 hi,  4.3 si,  0.0 st
MiB Mem :   7607.4 total,   2806.9 free,   2068.3 used,   2732.2 buff/cache
MiB Swap:   3803.7 total,   3803.7 free,      0.0 used.   5240.6 avail Mem 

    PID USER      PR  NI    VIRT    RES    SHR S  %CPU  %MEM     TIME+ COMMAND
 189211 jetson    20   0  506208  35400  18400 S  51.2   0.5  12:57.45 ekf_node
 536848 jetson    20   0  753816  71652  29568 R  49.3   0.9   0:10.63 python3
 189435 jetson    20   0  963220  49988  23640 S  40.4   0.6  11:34.78 controller_serv
 189209 jetson    20   0  709056  62924  27264 R  33.0   0.8  42:50.78 python3
 536577 jetson    20   0  763888  55444  25424 S  31.5   0.7   0:08.50 ros2
 189612 jetson    20   0 9355088 429500  86828 S  28.1   5.5  17:39.18 nvblox_node
 189443 jetson    20   0  530952  46392  26204 S  26.6   0.6   9:54.71 bt_navigator
 189322 jetson    20   0 1062768  54444  24352 S  21.7   0.7   3:33.15 async_slam_tool
 189439 jetson    20   0 1070976  72424  24728 S  19.2   0.9  10:02.62 planner_server
 189441 jetson    20   0  516476  35524  21032 S  17.2   0.5   8:14.96 behavior_server
 189437 jetson    20   0  664776  35144  19416 S  16.3   0.5   6:59.74 smoother_server
 189018 jetson    20   0  432956  26708  14244 S  14.3   0.3  18:47.81 rplidar_node
 189014 jetson    20   0 1750488 105416  51332 S  12.3   1.4  15:41.93 realsense2_came
 189473 jetson    20   0  577396  31376  16252 S   8.9   0.4  12:33.10 lifecycle_manag
 189020 jetson    20   0  707980  61536  27440 S   8.4   0.8   9:18.60 python3
 189433 jetson    20   0  709716  63544  27368 S   8.4   0.8   4:45.55 python3
 189447 jetson    20   0  431308  30976  17020 S   5.4   0.4   5:41.96 waypoint_follow
 112823 root      20   0 1235152  44624  11476 S   4.9   0.6   9:32.04 micro_ros_agent
 189462 jetson    20   0  428560  29632  15952 S   4.9   0.4   5:38.34 velocity_smooth
 189016 jetson    20   0  709040  65192  27268 S   3.0   0.8   4:03.84 python3
   1221 root      20   0 2093080  74688  33248 S   1.0   1.0   0:50.95 containerd
   1570 root      20   0 2426540 117424  57248 S   1.0   1.5   0:51.83 dockerd
   2067 gdm       20   0 3397568 136720  73336 S   1.0   1.8   0:26.73 gnome-shell
 520043 root       0 -20       0      0      0 I   1.0   0.0   0:01.26 kworker/u13:0-uvcvideo
 536578 jetson    20   0   14340   3388   2776 R   1.0   0.0   0:00.27 top
     14 root      20   0       0      0      0 S   0.5   0.0   0:09.24 ksoftirqd/0
     35 root      20   0       0      0      0 S   0.5   0.0   0:00.95 ksoftirqd/4
    329 root      20   0   23572   6908   4792 S   0.5   0.1   0:48.44 systemd-udevd
    871 root      20   0  242128   7456   6576 S   0.5   0.1   0:01.17 accounts-daemon
    893 root      rt   0       0      0      0 S   0.5   0.0   0:23.78 sugov:4
   1050 root      20   0       0      0      0 S   0.5   0.0   0:11.92 nvgpu_channel_p
 112741 jetson    20   0  428380  30784  15880 S   0.5   0.4   0:43.96 robot_state_pub
 189431 jetson    20   0  796980  41908  13220 S   0.5   0.5   0:01.41 ros2
 369170 root      20   0       0      0      0 I   0.5   0.0   0:04.42 kworker/u12:1-events_unbound
 403545 root      20   0       0      0      0 I   0.5   0.0   0:04.07 kworker/u12:8-writeback
 441418 root      20   0       0      0      0 I   0.5   0.0   0:02.93 kworker/u12:7-events_freezable_power_
 489026 root      20   0       0      0      0 I   0.5   0.0   0:01.23 kworker/u12:10-events_freezable_power_
      1 root      20   0  167880  11776   7444 S   0.0   0.2   0:16.01 systemd
      2 root      20   0       0      0      0 S   0.0   0.0   0:00.02 kthreadd
      3 root       0 -20       0      0      0 I   0.0   0.0   0:00.00 rcu_gp
      4 root       0 -20       0      0      0 I   0.0   0.0   0:00.00 rcu_par_gp
      5 root       0 -20       0      0      0 I   0.0   0.0   0:00.00 slub_flushwq
      6 root       0 -20       0      0      0 I   0.0   0.0   0:00.00 netns
      8 root       0 -20       0      0      0 I   0.0   0.0   0:00.00 kworker/0:0H-events_highpri
     10 root       0 -20       0      0      0 I   0.0   0.0   0:00.00 mm_percpu_wq
     11 root      20   0       0      0      0 S   0.0   0.0   0:00.00 rcu_tasks_kthre
     12 root      20   0       0      0      0 S   0.0   0.0   0:00.00 rcu_tasks_rude_
     13 root      20   0       0      0      0 S   0.0   0.0   0:00.00 rcu_tasks_trace
     15 root      20   0       0      0      0 I   0.0   0.0   0:05.58 rcu_preempt
     16 root      rt   0       0      0      0 S   0.0   0.0   0:00.03 migration/0
     17 root      20   0       0      0      0 S   0.0   0.0   0:00.00 cpuhp/0
     18 root      20   0       0      0      0 S   0.0   0.0   0:00.00 cpuhp/1
     19 root      rt   0       0      0      0 S   0.0   0.0   0:00.03 migration/1
     20 root      20   0       0      0      0 S   0.0   0.0   0:01.10 ksoftirqd/1
     22 root       0 -20       0      0      0 I   0.0   0.0   0:00.00 kworker/1:0H-events_highpri
     23 root      20   0       0      0      0 S   0.0   0.0   0:00.00 cpuhp/2
     24 root      rt   0       0      0      0 S   0.0   0.0   0:00.03 migration/2
     25 root      20   0       0      0      0 S   0.0   0.0   0:01.10 ksoftirqd/2
     27 root       0 -20       0      0      0 I   0.0   0.0   0:00.00 kworker/2:0H-events_highpri
     28 root      20   0       0      0      0 S   0.0   0.0   0:00.00 cpuhp/3
     29 root      rt   0       0      0      0 S   0.0   0.0   0:00.02 migration/3
     30 root      20   0       0      0      0 S   0.0   0.0   0:01.07 ksoftirqd/3
     32 root       0 -20       0      0      0 I   0.0   0.0   0:00.00 kworker/3:0H-events_highpri
     33 root      20   0       0      0      0 S   0.0   0.0   0:00.00 cpuhp/4
     34 root      rt   0       0      0      0 S   0.0   0.0   0:00.07 migration/4
     37 root       0 -20       0      0      0 I   0.0   0.0   0:00.00 kworker/4:0H-events_highpri
     38 root      20   0       0      0      0 S   0.0   0.0   0:00.00 cpuhp/5
     39 root      rt   0       0      0      0 S   0.0   0.0   0:00.07 migration/5
     40 root      20   0       0      0      0 S   0.0   0.0   0:00.87 ksoftirqd/5
     42 root       0 -20       0      0      0 I   0.0   0.0   0:00.00 kworker/5:0H-kblockd
     43 root      20   0       0      0      0 S   0.0   0.0   0:00.00 kdevtmpfs
     44 root       0 -20       0      0      0 I   0.0   0.0   0:00.00 inet_frag_wq
     51 root      20   0       0      0      0 S   0.0   0.0   0:00.00 kauditd
     52 root      20   0       0      0      0 S   0.0   0.0   0:00.00 oom_reaper
     53 root       0 -20       0      0      0 I   0.0   0.0   0:00.00 writeback
     54 root      20   0       0      0      0 S   0.0   0.0   0:00.10 kcompactd0
     55 root      25   5       0      0      0 S   0.0   0.0   0:00.00 ksmd
     56 root      39  19       0      0      0 S   0.0   0.0   0:00.89 khugepaged
     67 root       0 -20       0      0      0 I   0.0   0.0   0:00.00 cryptd
     86 root       0 -20       0      0      0 I   0.0   0.0   0:00.00 kintegrityd
     87 root       0 -20       0      0      0 I   0.0   0.0   0:00.00 kblockd
     88 root       0 -20       0      0      0 I   0.0   0.0   0:00.00 blkcg_punt_bio
     89 root       0 -20       0      0      0 I   0.0   0.0   0:00.00 tpm_dev_wq
     90 root       0 -20       0      0      0 I   0.0   0.0   0:00.00 ata_sff
     91 root       0 -20       0      0      0 I   0.0   0.0   0:00.00 edac-poller
     92 root       0 -20       0      0      0 I   0.0   0.0   0:00.00 devfreq_wq
     93 root     -51   0       0      0      0 S   0.0   0.0   0:00.00 watchdogd
     96 root       0 -20       0      0      0 I   0.0   0.0   0:00.04 kworker/0:1H-kblockd
     97 root       0 -20       0      0      0 I   0.0   0.0   0:00.00 rpciod
     99 root       0 -20       0      0      0 I   0.0   0.0   0:00.00 xprtiod
    127 root      20   0       0      0      0 S   0.0   0.0   0:00.00 kswapd0
    128 root       0 -20       0      0      0 I   0.0   0.0   0:00.00 nfsiod
    132 root       0 -20       0      0      0 I   0.0   0.0   0:00.00 vfio-irqfd-clea
    133 root       0 -20       0      0      0 I   0.0   0.0   0:00.00 bch_btree_io
    134 root       0 -20       0      0      0 I   0.0   0.0   0:00.00 bcache
    135 root       0 -20       0      0      0 I   0.0   0.0   0:00.00 bch_journal
    136 root       0 -20       0      0      0 I   0.0   0.0   0:00.00 dm_bufio_cache
    140 root      10 -10       0      0      0 S   0.0   0.0   0:00.00 krfcommd
    141 root      20   0       0      0      0 S   0.0   0.0   0:00.00 pr/tty0
    142 root      20   0       0      0      0 S   0.0   0.0   0:03.01 pr/ttyTCU0
    145 root     -51   0       0      0      0 S   0.0   0.0   0:00.00 irq/114-3160000
    147 root     -51   0       0      0      0 S   0.0   0.0   0:00.00 irq/115-3180000
    149 root     -51   0       0      0      0 S   0.0   0.0   0:00.00 irq/116-31b0000
    150 root     -51   0       0      0      0 S   0.0   0.0   0:00.00 irq/167-c240000
    151 root     -51   0       0      0      0 S   0.0   0.0   0:00.00 irq/168-c250000
    152 root     -51   0       0      0      0 S   0.0   0.0   0:00.00 irq/125-3610000
    153 root     -51   0       0      0      0 S   0.0   0.0   0:00.00 irq/122-3610000
    154 root       0 -20       0      0      0 I   0.0   0.0   0:00.00 sdhci
    155 root     -51   0       0      0      0 S   0.0   0.0   0:00.00 irq/120-mmc0
    156 root     -51   0       0      0      0 S   0.0   0.0   0:00.00 irq/230-3400000
    178 root     -51   0       0      0      0 S   0.0   0.0   0:00.00 irq/191-tegra-p
    179 root       0 -20       0      0      0 I   0.0   0.0   0:00.00 nvme-wq
    180 root       0 -20       0      0      0 I   0.0   0.0   0:00.00 nvme-reset-wq
    181 root       0 -20       0      0      0 I   0.0   0.0   0:00.00 nvme-delete-wq
    190 root     -51   0       0      0      0 S   0.0   0.0   0:00.00 irq/191-aerdrv
    191 root     -51   0       0      0      0 S   0.0   0.0   0:00.00 irq/193-tegra-p
    194 root     -51   0       0      0      0 S   0.0   0.0   0:00.00 irq/193-aerdrv
    195 root     -51   0       0      0      0 S   0.0   0.0   0:00.00 irq/195-tegra-p
    197 root     -51   0       0      0      0 S   0.0   0.0   0:00.00 irq/232-nvme0q0
    198 root     -51   0       0      0      0 S   0.0   0.0   0:00.38 irq/233-nvme0q1
    199 root     -51   0       0      0      0 S   0.0   0.0   0:00.37 irq/234-nvme0q2
    200 root     -51   0       0      0      0 S   0.0   0.0   0:00.43 irq/235-nvme0q3
    201 root     -51   0       0      0      0 S   0.0   0.0   0:00.29 irq/236-nvme0q4
    202 root     -51   0       0      0      0 S   0.0   0.0   0:00.11 irq/237-nvme0q5
    203 root     -51   0       0      0      0 S   0.0   0.0   0:00.11 irq/238-nvme0q6
    210 root       0 -20       0      0      0 I   0.0   0.0   0:00.05 kworker/5:1H-kblockd
    211 root      20   0       0      0      0 S   0.0   0.0   0:00.79 jbd2/nvme0n1p1-
    212 root       0 -20       0      0      0 I   0.0   0.0   0:00.00 ext4-rsv-conver
    221 root       0 -20       0      0      0 I   0.0   0.0   0:00.00 mld
    222 root       0 -20       0      0      0 I   0.0   0.0   0:00.03 kworker/1:1H-kblockd
    223 root       0 -20       0      0      0 I   0.0   0.0   0:00.00 ipv6_addrconf
    253 root       0 -20       0      0      0 I   0.0   0.0   0:00.04 kworker/3:1H-kblockd
    256 root      19  -1   48768  12328  10712 S   0.0   0.2   0:14.73 systemd-journal
    275 root       0 -20       0      0      0 I   0.0   0.0   0:00.04 kworker/2:1H-kblockd
    280 root      39  19       0      0      0 S   0.0   0.0   0:00.48 nvmap-bz
    281 root     -51   0       0      0      0 S   0.0   0.0   0:00.00 irq/188-host1x_
    284 root     -51   0       0      0      0 S   0.0   0.0   0:00.00 irq/197-gk20a_s
    285 root     -51   0       0      0      0 S   0.0   0.0   0:00.01 irq/198-gk20a_s
    286 root     -51   0       0      0      0 S   0.0   0.0   0:00.01 irq/199-gk20a_s
    287 root     -51   0       0      0      0 S   0.0   0.0   0:00.00 irq/200-gk20a_n
    293 root      20   0   11116   3456   3200 S   0.0   0.0   0:00.00 nv-tee-supplica
    300 root      20   0  150380   1344   1232 S   0.0   0.0   0:00.01 tee-supplicant
    302 root       0 -20       0      0      0 I   0.0   0.0   0:00.00 optee_bus_scan
    312 root      20   0   23872   6336   4084 S   0.0   0.1   0:14.33 systemd-udevd
    313 root      20   0   23220   4796   3028 S   0.0   0.1   0:00.08 systemd-udevd
    314 root      20   0   24292   6724   3856 S   0.0   0.1   0:00.17 systemd-udevd
    315 root      20   0   23252   5932   4012 S   0.0   0.1   0:00.37 systemd-udevd
    316 root      20   0   23216   4780   3004 S   0.0   0.1   0:00.21 systemd-udevd
    317 root      20   0   23520   5532   3480 S   0.0   0.1   0:00.14 systemd-udevd
    318 root      20   0   23216   5256   3456 S   0.0   0.1   0:00.39 systemd-udevd
    319 root      20   0   23216   5360   3528 S   0.0   0.1   0:00.28 systemd-udevd
    320 root      20   0   23264   5404   3480 S   0.0   0.1   0:00.13 systemd-udevd
    321 root      20   0   23216   5884   4040 S   0.0   0.1   0:00.29 systemd-udevd
    322 root      20   0   23216   5084   3276 S   0.0   0.1   0:00.13 systemd-udevd
    323 root      20   0   23240   5820   3912 S   0.0   0.1   0:00.12 systemd-udevd
    324 root      20   0   23268   5436   3500 S   0.0   0.1   0:00.15 systemd-udevd
    325 root      20   0   23216   5908   4044 S   0.0   0.1   0:00.62 systemd-udevd
    326 root      20   0   23216   4580   2760 S   0.0   0.1   0:00.11 systemd-udevd
    327 root      20   0   23528   5324   3256 S   0.0   0.1   0:00.11 systemd-udevd
    328 root      20   0   23216   5100   3284 S   0.0   0.1   0:00.13 systemd-udevd
    330 root      20   0   23216   5104   3280 S   0.0   0.1   0:00.11 systemd-udevd
    331 root      20   0   23216   5140   3312 S   0.0   0.1   0:00.27 systemd-udevd
    332 root      20   0   23264   5160   3236 S   0.0   0.1   0:00.18 systemd-udevd
    333 root      20   0   23216   5496   3668 S   0.0   0.1   0:00.11 systemd-udevd
    334 root      20   0   23216   4972   3156 S   0.0   0.1   0:00.27 systemd-udevd
    336 root      20   0   23216   5080   3248 S   0.0   0.1   0:00.26 systemd-udevd
    337 root      20   0   23276   4580   2644 S   0.0   0.1   0:00.11 systemd-udevd
    338 root      20   0   23280   6100   4152 S   0.0   0.1   0:00.24 systemd-udevd
    339 root      20   0   23548   6220   4128 S   0.0   0.1   0:00.35 systemd-udevd
    340 root      20   0   23216   5620   3796 S   0.0   0.1   0:00.21 systemd-udevd
    341 root      20   0   23216   4940   3108 S   0.0   0.1   0:00.17 systemd-udevd
    344 root       0 -20       0      0      0 I   0.0   0.0   0:00.05 kworker/4:1H-kblockd
    388 root     -51   0       0      0      0 S   0.0   0.0   0:00.00 irq/189-tegra-p
    397 root      20   0       0      0      0 S   0.0   0.0   0:00.00 15820000.crypto
    398 root      20   0       0      0      0 S   0.0   0.0   0:00.00 15840000.crypto
    420 root     -51   0       0      0      0 S   0.0   0.0   0:00.00 irq/189-aerdrv
    422 root     -51   0       0      0      0 S   0.0   0.0   0:00.00 irq/219-bc00000
    423 root      -2   0       0      0      0 S   0.0   0.0   0:00.00 capture-control
    424 root      -2   0       0      0      0 S   0.0   0.0   0:00.00 capture
    425 root     -51   0       0      0      0 S   0.0   0.0   0:00.00 irq/214-tegra_d
    426 root     -51   0       0      0      0 S   0.0   0.0   0:00.00 irq/215-tegra_d
    427 root       0 -20       0      0      0 I   0.0   0.0   0:00.00 dce-async-ipc-w
    428 root     -51   0       0      0      0 S   0.0   0.0   0:00.00 irq/240-nvvrs-p
    429 root      20   0       0      0      0 S   0.0   0.0   0:00.00 nv_queue
    430 root      20   0       0      0      0 S   0.0   0.0   0:00.00 nv_queue
    484 root       0 -20       0      0      0 I   0.0   0.0   0:00.00 cfg80211
    485 root     -51   0       0      0      0 S   0.0   0.0   0:00.00 irq/118-3210000
    489 root      20   0       0      0      0 S   0.0   0.0   0:00.00 spi0
    498 root     -51   0       0      0      0 S   0.0   0.0   0:00.00 irq/119-3230000
    503 root      20   0       0      0      0 S   0.0   0.0   0:00.00 spi1
    551 root       0 -20       0      0      0 I   0.0   0.0   0:00.00 btfwwork
    650 root      20   0    8236   6484   1432 S   0.0   0.1   0:00.51 haveged
    653 _rpc      20   0    7932   2260   1912 S   0.0   0.0   0:00.01 rpcbind
    655 systemd+  20   0   26320  13576   8500 S   0.0   0.2   0:00.46 systemd-resolve
    657 systemd+  20   0   88880   6412   5564 S   0.0   0.1   0:00.15 systemd-timesyn
    827 avahi     20   0    8224   3680   3144 S   0.0   0.0   0:00.72 avahi-daemon
    828 root      20   0    9888   4548   4112 S   0.0   0.1   0:00.06 bluetoothd
    829 message+  20   0   10456   5684   3584 S   0.0   0.1   0:21.91 dbus-daemon
    830 root      20   0  338724  21060  14884 S   0.0   0.3   0:21.24 NetworkManager
    840 root      20   0   43504  19808  10212 S   0.0   0.3   0:00.15 networkd-dispat
    851 root      20   0  241620   7020   6316 S   0.0   0.1   0:00.32 power-profiles-
    854 syslog    20   0  222160   7056   3672 S   0.0   0.1   0:03.01 rsyslogd
    860 root      20   0    2240    792    712 S   0.0   0.0   0:00.00 seatd
    866 root      20   0 2145700  49220  25584 S   0.0   0.6   0:21.57 snapd
    872 root      20   0  238124   8280   5636 S   0.0   0.1   0:00.03 switcheroo-cont
    875 root      20   0   49004   7660   6308 S   0.0   0.1   0:01.83 systemd-logind
    876 root      20   0  394252  11960   9468 S   0.0   0.2   0:00.52 udisksd
    878 root      20   0   16636  10300   8304 S   0.0   0.1   0:01.18 wpa_supplicant
    883 avahi     20   0    7812    356      0 S   0.0   0.0   0:00.00 avahi-daemon
    890 root      rt   0       0      0      0 S   0.0   0.0   0:54.52 sugov:0
    944 root      30  10   11248   3604   3204 S   0.0   0.0   0:04.63 wifi_mon.sh
    969 root      20   0  237048  10420   6400 S   0.0   0.1   1:32.48 polkitd
   1004 root      20   0    2460   1540   1364 S   0.0   0.0   0:04.27 nvfancontrol
   1045 root      20   0       0      0      0 S   0.0   0.0   0:00.00 sw-quiesce
   1069 root      20   0       0      0      0 S   0.0   0.0   0:00.00 nvgpu_pg_init_g
   1108 root      20   0       0      0      0 S   0.0   0.0   0:00.00 nvgpu_clk_arb_p
   1129 root      20   0       0      0      0 S   0.0   0.0   0:04.62 RTW_CMD_THREAD
   1158 root      20   0   75936  10084   8260 S   0.0   0.1   0:00.01 nvargus-daemon
   1159 root      20   0   11116   3508   3204 S   0.0   0.0   0:00.04 nvmemwarning.sh
   1173 root      20   0   22192   1776   1580 S   0.0   0.0   0:00.00 nvs-service
   1191 ollama    20   0 2006720  38588  20428 S   0.0   0.5   0:00.61 ollama
   1203 root      20   0    2336   1396   1280 S   0.0   0.0   0:01.61 run-cups-browse
   1206 root      20   0    2336   1376   1248 S   0.0   0.0   0:01.92 run-cupsd
   1219 root      20   0       0      0      0 S   0.0   0.0   0:00.00 pr/ramoops-1
   1241 root      20   0   10772   2820   2572 S   0.0   0.0   0:00.03 cron
   1276 kernoops  20   0   12812    452      0 S   0.0   0.0   0:00.01 kerneloops
   1277 root      20   0  243100   7964   7012 S   0.0   0.1   0:00.03 gdm3
   1293 root      20   0    9468    732    656 S   0.0   0.0   0:00.00 agetty
   1296 kernoops  20   0   12812    452      0 S   0.0   0.0   0:00.01 kerneloops
   1305 root      20   0    9468    724    648 S   0.0   0.0   0:00.00 agetty
   1322 root      20   0  173408   8800   7628 S   0.0   0.1   0:00.01 gdm-session-wor
   1404 gdm       20   0   18124   9732   7360 S   0.0   0.1   0:00.43 systemd
   1420 root      20   0       0      0      0 S   0.0   0.0   0:00.00 file-storage
   1423 gdm       20   0  172232   4504      0 S   0.0   0.1   0:00.00 (sd-pam)
   1461 root      20   0   15272   8356   6776 S   0.0   0.1   0:00.32 sshd
   1522 root      20   0    3076    988    876 S   0.0   0.0   0:00.00 nvphsd
   1527 root      20   0    3208   1512   1352 S   0.0   0.0   0:00.00 nvphsd
   1680 gdm        9 -11   41968   6472   5156 S   0.0   0.1   0:00.04 pipewire
   1681 gdm       20   0   25480   6440   5112 S   0.0   0.1   0:01.14 pipewire-media-
   1682 gdm        9 -11  891844  20764  12600 S   0.0   0.3   0:00.68 pulseaudio
   1685 gdm       20   0  163948   5500   4980 S   0.0   0.1   0:00.00 gdm-x-session
   1691 root      20   0   24.2g  82884  35884 S   0.0   1.1   0:01.17 Xorg
   1696 rtkit     21   1  153504   1600   1388 S   0.0   0.0   0:00.16 rtkit-daemon
   1705 gdm       20   0    8840   3596   3212 S   0.0   0.0   0:00.01 dbus-daemon
   1731 root      20   0       0      0      0 S   0.0   0.0   0:00.00 nvidia-modeset/
   1732 root      20   0       0      0      0 S   0.0   0.0   0:00.00 nvidia-modeset/
   1734 root      20   0       0      0      0 S   0.0   0.0   0:00.00 nvidia
   1738 root      20   0       0      0      0 S   0.0   0.0   0:00.00 nv_queue
   1782 root      20   0       0      0      0 S   0.0   0.0   0:00.00 nvidia-drm-nv-t
   1783 root     -51   0       0      0      0 S   0.0   0.0   0:00.00 card1-crtc0
   1784 root     -51   0       0      0      0 S   0.0   0.0   0:00.00 card1-crtc1
   1951 gdm       20   0    5876   1556   1344 S   0.0   0.0   0:00.00 dbus-run-sessio
   1954 gdm       20   0    9108   4476   3604 S   0.0   0.1   0:00.13 dbus-daemon
   2026 gdm       20   0  663384  17800  12956 S   0.0   0.2   0:00.55 gnome-session-b
   2051 gdm       20   0  310068   8972   6272 S   0.0   0.1   0:00.00 at-spi-bus-laun
   2056 gdm       20   0    8692   3552   3168 S   0.0   0.0   0:00.00 dbus-daemon
   2084 gdm       20   0  237676   7020   4540 S   0.0   0.1   0:00.00 xdg-permission-
   2091 root      20   0  243852   8092   6980 S   0.0   0.1   0:00.27 upowerd
   2097 root      20   0  301608  19340  16412 S   0.0   0.2   0:00.88 packagekitd
   2099 gdm       20   0 2804036  25696  20860 S   0.0   0.3   0:00.08 gjs
   2101 gdm       20   0  163144   7192   6424 S   0.0   0.1   0:00.01 at-spi2-registr
   2128 gdm       20   0  468748   9916   8000 S   0.0   0.1   0:01.42 gsd-sharing
   2130 gdm       20   0  338880  16940  12620 S   0.0   0.2   0:00.06 gsd-wacom
   2139 gdm       20   0  599188  21500  16928 S   0.0   0.3   0:00.15 gsd-color
   2143 gdm       20   0  316840  11252   6240 S   0.0   0.1   0:00.09 ibus-daemon
   2150 gdm       20   0  338600  15024  13276 S   0.0   0.2   0:00.04 gsd-keyboard
   2151 gdm       20   0  252472   9916   8488 S   0.0   0.1   0:00.02 gsd-print-notif
   2152 gdm       20   0  459796   8176   5436 S   0.0   0.1   0:00.35 gsd-rfkill
   2153 gdm       20   0  388312   9428   6480 S   0.0   0.1   0:00.01 gsd-smartcard
   2160 gdm       20   0  380556  14476  12508 S   0.0   0.2   0:00.03 gsd-datetime
   2167 gdm       20   0  864180  22384  17516 S   0.0   0.3   0:00.29 gsd-media-keys
   2169 gdm       20   0  237936   4760   4376 S   0.0   0.1   0:00.00 gsd-screensaver
   2170 gdm       20   0  322096   8352   7324 S   0.0   0.1   0:00.01 gsd-sound
   2175 gdm       20   0  312416   6072   5492 S   0.0   0.1   0:00.01 gsd-a11y-settin
   2177 gdm       20   0  242216   7024   6228 S   0.0   0.1   0:00.01 gvfsd
   2178 gdm       20   0  314000   6928   6164 S   0.0   0.1   0:00.52 gsd-housekeepin
   2179 gdm       20   0  449976  18248  15904 S   0.0   0.2   0:00.29 gsd-power
   2203 gdm       20   0  347052  12600  10748 S   0.0   0.2   0:00.02 gsd-printer
   2234 colord    20   0  247460  12768   9028 S   0.0   0.2   0:00.22 colord
   2247 gdm       20   0  239040   8612   5940 S   0.0   0.1   0:00.00 ibus-dconf
   2258 gdm       20   0  238936   5920   5492 S   0.0   0.1   0:00.00 ibus-portal
   2281 gdm       20   0 2812420  25808  20904 S   0.0   0.3   0:00.09 gjs
   2300 gdm       20   0  165096   6500   5876 S   0.0   0.1   0:00.00 ibus-engine-sim
   2453 root      20   0  137440  11976   9612 S   0.0   0.2   0:00.65 cupsd
   2465 root      20   0  343140  19372  14152 S   0.0   0.2   0:01.31 cups-browsed
   2557 gdm       20   0  156672   4460   4068 S   0.0   0.1   0:00.00 dconf-service
   3864 root      20   0       0      0      0 I   0.0   0.0   0:13.02 kworker/u12:2-events_unbound
   9961 jetson    20   0   18140   9776   7372 S   0.0   0.1   0:00.33 systemd
   9962 jetson    20   0  172508   4632      0 S   0.0   0.1   0:00.00 (sd-pam)
   9970 jetson    20   0   41976   6552   5228 S   0.0   0.1   0:00.04 pipewire
   9971 jetson    20   0   25488   6720   5380 S   0.0   0.1   0:01.24 pipewire-media-
  10023 jetson    20   0    8888   4148   3656 S   0.0   0.1   0:00.01 dbus-daemon
  10532 root      20   0 1233232  12112   6212 S   0.0   0.2   0:34.85 containerd-shim
  10561 jetson    20   0    5508    776    688 S   0.0   0.0   0:00.20 sleep
  10658 root      20   0   21764   5404   3884 S   0.0   0.1   0:13.58 systemd-udevd
  10666 root      20   0   21752   4108   2588 S   0.0   0.1   0:00.23 systemd-udevd
  11619 root      20   0   21748   4060   2540 S   0.0   0.1   0:00.02 systemd-udevd
  11620 root      20   0   21760   4112   2588 S   0.0   0.1   0:00.02 systemd-udevd
  11621 root      20   0   21760   4516   2952 S   0.0   0.1   0:27.65 systemd-udevd
  11634 root      20   0   21760   4016   2496 S   0.0   0.1   0:00.01 systemd-udevd
  11635 root      20   0   21760   4048   2540 S   0.0   0.1   0:00.03 systemd-udevd
  11636 root      20   0   21764   3380   1864 S   0.0   0.0   0:00.01 systemd-udevd
  11648 root      20   0   21764   4008   2468 S   0.0   0.1   0:00.01 systemd-udevd
  11649 root      20   0   21764   3832   2288 S   0.0   0.0   0:00.01 systemd-udevd
  11650 root      20   0   21764   3968   2432 S   0.0   0.1   0:00.00 systemd-udevd
  11653 root      20   0   21764   4496   2944 S   0.0   0.1   0:00.04 systemd-udevd
  11654 root      20   0   21764   4508   2960 S   0.0   0.1   0:00.03 systemd-udevd
 109437 snap_da+  20   0   14484   4632   3932 S   0.0   0.1   0:00.00 dbus
 112737 jetson    20   0  203640  36228  13220 S   0.0   0.5   0:00.70 ros2
 112739 jetson    20   0 2070728  32552  18032 S   0.0   0.4   0:00.36 docker
 112768 root      20   0 1233232  12088   6600 S   0.0   0.2   0:00.92 containerd-shim
 112797 root      20   0   49400  29488  14684 S   0.0   0.4   0:00.36 ros2
 113162 jetson    20   0  920440  65760  26672 S   0.0   0.8   0:45.17 python3
 115031 root      20   0  238832   6988   5696 S   0.0   0.1   0:02.64 iio-sensor-prox
 129749 root      20   0       0      0      0 I   0.0   0.0   0:09.24 kworker/u12:5-events_freezable_power_
 189012 jetson    20   0  572504  38556  13204 S   0.0   0.5   0:01.40 ros2
 189022 jetson    20   0 1082604  56652  26332 S   0.0   0.7   0:57.88 foxglove_bridge
 189320 jetson    20   0  129772  36300  13220 S   0.0   0.5   0:00.73 ros2
 189475 jetson    20   0   11248   3072   2752 S   0.0   0.0   0:05.03 bash
 189596 jetson    20   0   53012  29660  15012 S   0.0   0.4   0:00.34 ros2
 206274 root      20   0       0      0      0 I   0.0   0.0   0:10.45 kworker/u12:9-events_freezable_power_
 244731 root      20   0       0      0      0 I   0.0   0.0   0:01.24 kworker/1:2-cgroup_destroy
 286436 root      20   0       0      0      0 I   0.0   0.0   0:08.56 kworker/u12:0-events_unbound
 344667 root      20   0       0      0      0 I   0.0   0.0   0:00.59 kworker/0:3-events
 349442 root      20   0       0      0      0 I   0.0   0.0   0:05.65 kworker/u12:6-events_unbound
 367657 root       0 -20       0      0      0 I   0.0   0.0   0:11.77 kworker/u13:2-uvcvideo
 443709 root      20   0       0      0      0 I   0.0   0.0   0:00.14 kworker/3:2-cgroup_destroy
 445412 root      20   0       0      0      0 I   0.0   0.0   0:00.25 kworker/2:1-events
 448401 root      20   0       0      0      0 I   0.0   0.0   0:00.00 kworker/5:2-events
 467530 root      20   0       0      0      0 I   0.0   0.0   0:01.91 kworker/u12:3-devfreq_wq
 468909 jetson    20   0   11116   3036   2756 S   0.0   0.0   0:01.65 bash
 469901 root       0 -20       0      0      0 I   0.0   0.0   0:01.87 kworker/u13:3-uvcvideo
 478380 root      20   0       0      0      0 I   0.0   0.0   0:00.29 kworker/1:1-events
 480561 root      20   0       0      0      0 I   0.0   0.0   0:00.00 kworker/4:1-events
 483353 root      20   0       0      0      0 I   0.0   0.0   0:00.00 kworker/2:3-events
 496325 root      20   0       0      0      0 I   0.0   0.0   0:00.11 kworker/3:0-events
 499790 root       0 -20       0      0      0 I   0.0   0.0   0:02.42 kworker/u13:4-uvcvideo
 511663 root      20   0       0      0      0 I   0.0   0.0   0:00.00 kworker/0:1-cgroup_destroy
 514145 root      20   0       0      0      0 I   0.0   0.0   0:00.05 kworker/5:1-events
 514952 root      20   0       0      0      0 I   0.0   0.0   0:00.04 kworker/4:0-events
 528481 root      20   0       0      0      0 I   0.0   0.0   0:00.00 kworker/1:0-events
 528980 root      20   0    9436    780    704 S   0.0   0.0   0:00.00 sleep
 530050 root      20   0       0      0      0 I   0.0   0.0   0:00.00 kworker/3:1-cgroup_destroy
 530052 root      20   0       0      0      0 I   0.0   0.0   0:00.00 kworker/2:0-cgroup_destroy
 530228 root      20   0       0      0      0 I   0.0   0.0   0:00.00 kworker/3:3-cgroup_destroy
 530300 root      20   0       0      0      0 I   0.0   0.0   0:00.00 kworker/2:2-events
 532747 root      20   0       0      0      0 I   0.0   0.0   0:00.00 kworker/0:0-events
 533529 jetson    20   0   11248   3304   2868 S   0.0   0.0   0:00.03 bash
 536497 jetson    20   0   11248   3288   2852 S   0.0   0.0   0:00.01 bash
 536579 jetson    20   0    2872    884    788 S   0.0   0.0   0:00.06 tegrastats
 536849 jetson    20   0    9480    820    736 S   0.0   0.0   0:00.00 tail
 537023 root      20   0       0      0      0 I   0.0   0.0   0:00.00 kworker/4:2
 538032 root      20   0       0      0      0 I   0.0   0.0   0:00.00 kworker/5:0
 538300 root      30  10    9436    772    692 S   0.0   0.0   0:00.00 sleep

top - 12:24:27 up  3:27,  0 users,  load average: 9.01, 5.25, 3.83
Tasks: 355 total,   3 running, 352 sleeping,   0 stopped,   0 zombie
%Cpu(s): 45.0 us, 29.1 sy,  0.0 ni, 18.3 id,  0.0 wa,  3.0 hi,  4.7 si,  0.0 st
MiB Mem :   7607.4 total,   2800.1 free,   2071.1 used,   2736.2 buff/cache
MiB Swap:   3803.7 total,   3803.7 free,      0.0 used.   5237.9 avail Mem 

    PID USER      PR  NI    VIRT    RES    SHR S  %CPU  %MEM     TIME+ COMMAND
 536848 jetson    20   0  753912  71860  29568 R  49.0   0.9   0:11.64 python3
 189211 jetson    20   0  506208  35400  18400 S  41.3   0.5  12:58.30 ekf_node
 189435 jetson    20   0  963220  49992  23640 S  36.9   0.6  11:35.54 controller_serv
 189209 jetson    20   0  709056  62924  27264 R  32.5   0.8  42:51.45 python3
 536577 jetson    20   0  763888  55444  25424 S  31.1   0.7   0:09.14 ros2
 189322 jetson    20   0 1062768  54708  24352 S  30.6   0.7   3:33.78 async_slam_tool
 189612 jetson    20   0 9355088 429504  86828 S  26.7   5.5  17:39.73 nvblox_node
 189443 jetson    20   0  530952  46392  26204 S  25.2   0.6   9:55.23 bt_navigator
 189439 jetson    20   0 1070976  72424  24728 S  18.4   0.9  10:03.00 planner_server
 189441 jetson    20   0  516476  35524  21032 S  16.5   0.5   8:15.30 behavior_server
 189437 jetson    20   0  664776  35144  19416 S  15.0   0.5   7:00.05 smoother_server
    969 root      20   0  237048  10420   6400 S  14.6   0.1   1:32.78 polkitd
 189018 jetson    20   0  432956  26708  14244 S  12.6   0.3  18:48.07 rplidar_node
 189014 jetson    20   0 1750488 105416  51332 S  11.7   1.4  15:42.17 realsense2_came
 189473 jetson    20   0  577396  31376  16252 S   9.2   0.4  12:33.29 lifecycle_manag
 189433 jetson    20   0  709716  63544  27368 S   8.3   0.8   4:45.72 python3
 189020 jetson    20   0  707980  61536  27440 S   7.8   0.8   9:18.76 python3
 189462 jetson    20   0  428560  29632  15952 S   5.3   0.4   5:38.45 velocity_smooth
 189447 jetson    20   0  431308  30976  17020 S   4.9   0.4   5:42.06 waypoint_follow
 112823 root      20   0 1235152  44624  11476 S   3.9   0.6   9:32.12 micro_ros_agent
    829 message+  20   0   10456   5684   3584 S   3.4   0.1   0:21.98 dbus-daemon
 189016 jetson    20   0  709040  65192  27268 S   2.9   0.8   4:03.90 python3
    830 root      20   0  338724  21060  14884 S   2.4   0.3   0:21.29 NetworkManager
      1 root      20   0  167880  11776   7444 S   1.9   0.2   0:16.05 systemd
 536578 jetson    20   0   14340   3388   2776 R   1.5   0.0   0:00.30 top
   2067 gdm       20   0 3397568 136720  73336 S   1.0   1.8   0:26.75 gnome-shell
 520043 root       0 -20       0      0      0 I   1.0   0.0   0:01.28 kworker/u13:0-uvcvideo
 538508 jetson    20   0 1848520  29056  17752 S   1.0   0.4   0:00.02 docker
     40 root      20   0       0      0      0 S   0.5   0.0   0:00.88 ksoftirqd/5
    875 root      20   0   49004   7660   6308 S   0.5   0.1   0:01.84 systemd-logind
   1461 root      20   0   15272   8356   6776 S   0.5   0.1   0:00.33 sshd
   2097 root      20   0  301608  19340  16412 S   0.5   0.2   0:00.89 packagekitd
   2179 gdm       20   0  449976  18248  15904 S   0.5   0.2   0:00.30 gsd-power
   3864 root      20   0       0      0      0 I   0.5   0.0   0:13.03 kworker/u12:2-events_unbound
  10658 root      20   0   21764   5404   3884 S   0.5   0.1   0:13.59 systemd-udevd
  11621 root      20   0   21760   4516   2952 S   0.5   0.1   0:27.66 systemd-udevd
 113162 jetson    20   0  920440  65760  26672 S   0.5   0.8   0:45.18 python3
 115031 root      20   0  238832   6988   5696 S   0.5   0.1   0:02.65 iio-sensor-prox
 189475 jetson    20   0   11248   3072   2752 S   0.5   0.0   0:05.04 bash
 286436 root      20   0       0      0      0 I   0.5   0.0   0:08.57 kworker/u12:0-events_unbound
 468909 jetson    20   0   11116   3036   2756 S   0.5   0.0   0:01.66 bash
 536579 jetson    20   0    2872    884    788 S   0.5   0.0   0:00.07 tegrastats
      2 root      20   0       0      0      0 S   0.0   0.0   0:00.02 kthreadd
      3 root       0 -20       0      0      0 I   0.0   0.0   0:00.00 rcu_gp
      4 root       0 -20       0      0      0 I   0.0   0.0   0:00.00 rcu_par_gp
      5 root       0 -20       0      0      0 I   0.0   0.0   0:00.00 slub_flushwq
      6 root       0 -20       0      0      0 I   0.0   0.0   0:00.00 netns
      8 root       0 -20       0      0      0 I   0.0   0.0   0:00.00 kworker/0:0H-events_highpri
     10 root       0 -20       0      0      0 I   0.0   0.0   0:00.00 mm_percpu_wq
     11 root      20   0       0      0      0 S   0.0   0.0   0:00.00 rcu_tasks_kthre
     12 root      20   0       0      0      0 S   0.0   0.0   0:00.00 rcu_tasks_rude_
     13 root      20   0       0      0      0 S   0.0   0.0   0:00.00 rcu_tasks_trace
     14 root      20   0       0      0      0 S   0.0   0.0   0:09.24 ksoftirqd/0
     15 root      20   0       0      0      0 I   0.0   0.0   0:05.58 rcu_preempt
     16 root      rt   0       0      0      0 S   0.0   0.0   0:00.03 migration/0
     17 root      20   0       0      0      0 S   0.0   0.0   0:00.00 cpuhp/0
     18 root      20   0       0      0      0 S   0.0   0.0   0:00.00 cpuhp/1
     19 root      rt   0       0      0      0 S   0.0   0.0   0:00.03 migration/1
     20 root      20   0       0      0      0 S   0.0   0.0   0:01.10 ksoftirqd/1
     22 root       0 -20       0      0      0 I   0.0   0.0   0:00.00 kworker/1:0H-events_highpri
     23 root      20   0       0      0      0 S   0.0   0.0   0:00.00 cpuhp/2
     24 root      rt   0       0      0      0 S   0.0   0.0   0:00.03 migration/2
     25 root      20   0       0      0      0 S   0.0   0.0   0:01.10 ksoftirqd/2
     27 root       0 -20       0      0      0 I   0.0   0.0   0:00.00 kworker/2:0H-events_highpri
     28 root      20   0       0      0      0 S   0.0   0.0   0:00.00 cpuhp/3
     29 root      rt   0       0      0      0 S   0.0   0.0   0:00.02 migration/3
     30 root      20   0       0      0      0 S   0.0   0.0   0:01.07 ksoftirqd/3
     32 root       0 -20       0      0      0 I   0.0   0.0   0:00.00 kworker/3:0H-events_highpri
     33 root      20   0       0      0      0 S   0.0   0.0   0:00.00 cpuhp/4
     34 root      rt   0       0      0      0 S   0.0   0.0   0:00.07 migration/4
     35 root      20   0       0      0      0 S   0.0   0.0   0:00.95 ksoftirqd/4
     37 root       0 -20       0      0      0 I   0.0   0.0   0:00.00 kworker/4:0H-events_highpri
     38 root      20   0       0      0      0 S   0.0   0.0   0:00.00 cpuhp/5
     39 root      rt   0       0      0      0 S   0.0   0.0   0:00.07 migration/5
     42 root       0 -20       0      0      0 I   0.0   0.0   0:00.00 kworker/5:0H-kblockd
     43 root      20   0       0      0      0 S   0.0   0.0   0:00.00 kdevtmpfs
     44 root       0 -20       0      0      0 I   0.0   0.0   0:00.00 inet_frag_wq
     51 root      20   0       0      0      0 S   0.0   0.0   0:00.00 kauditd
     52 root      20   0       0      0      0 S   0.0   0.0   0:00.00 oom_reaper
     53 root       0 -20       0      0      0 I   0.0   0.0   0:00.00 writeback
     54 root      20   0       0      0      0 S   0.0   0.0   0:00.10 kcompactd0
     55 root      25   5       0      0      0 S   0.0   0.0   0:00.00 ksmd
     56 root      39  19       0      0      0 S   0.0   0.0   0:00.89 khugepaged
     67 root       0 -20       0      0      0 I   0.0   0.0   0:00.00 cryptd
     86 root       0 -20       0      0      0 I   0.0   0.0   0:00.00 kintegrityd
     87 root       0 -20       0      0      0 I   0.0   0.0   0:00.00 kblockd
     88 root       0 -20       0      0      0 I   0.0   0.0   0:00.00 blkcg_punt_bio
     89 root       0 -20       0      0      0 I   0.0   0.0   0:00.00 tpm_dev_wq
     90 root       0 -20       0      0      0 I   0.0   0.0   0:00.00 ata_sff
     91 root       0 -20       0      0      0 I   0.0   0.0   0:00.00 edac-poller
     92 root       0 -20       0      0      0 I   0.0   0.0   0:00.00 devfreq_wq
     93 root     -51   0       0      0      0 S   0.0   0.0   0:00.00 watchdogd
     96 root       0 -20       0      0      0 I   0.0   0.0   0:00.04 kworker/0:1H-kblockd
     97 root       0 -20       0      0      0 I   0.0   0.0   0:00.00 rpciod
     99 root       0 -20       0      0      0 I   0.0   0.0   0:00.00 xprtiod
    127 root      20   0       0      0      0 S   0.0   0.0   0:00.00 kswapd0
    128 root       0 -20       0      0      0 I   0.0   0.0   0:00.00 nfsiod
    132 root       0 -20       0      0      0 I   0.0   0.0   0:00.00 vfio-irqfd-clea
    133 root       0 -20       0      0      0 I   0.0   0.0   0:00.00 bch_btree_io
    134 root       0 -20       0      0      0 I   0.0   0.0   0:00.00 bcache
    135 root       0 -20       0      0      0 I   0.0   0.0   0:00.00 bch_journal
    136 root       0 -20       0      0      0 I   0.0   0.0   0:00.00 dm_bufio_cache
    140 root      10 -10       0      0      0 S   0.0   0.0   0:00.00 krfcommd
    141 root      20   0       0      0      0 S   0.0   0.0   0:00.00 pr/tty0
    142 root      20   0       0      0      0 S   0.0   0.0   0:03.01 pr/ttyTCU0
    145 root     -51   0       0      0      0 S   0.0   0.0   0:00.00 irq/114-3160000
    147 root     -51   0       0      0      0 S   0.0   0.0   0:00.00 irq/115-3180000
    149 root     -51   0       0      0      0 S   0.0   0.0   0:00.00 irq/116-31b0000
    150 root     -51   0       0      0      0 S   0.0   0.0   0:00.00 irq/167-c240000
    151 root     -51   0       0      0      0 S   0.0   0.0   0:00.00 irq/168-c250000
    152 root     -51   0       0      0      0 S   0.0   0.0   0:00.00 irq/125-3610000
    153 root     -51   0       0      0      0 S   0.0   0.0   0:00.00 irq/122-3610000
    154 root       0 -20       0      0      0 I   0.0   0.0   0:00.00 sdhci
    155 root     -51   0       0      0      0 S   0.0   0.0   0:00.00 irq/120-mmc0
    156 root     -51   0       0      0      0 S   0.0   0.0   0:00.00 irq/230-3400000
    178 root     -51   0       0      0      0 S   0.0   0.0   0:00.00 irq/191-tegra-p
    179 root       0 -20       0      0      0 I   0.0   0.0   0:00.00 nvme-wq
    180 root       0 -20       0      0      0 I   0.0   0.0   0:00.00 nvme-reset-wq
    181 root       0 -20       0      0      0 I   0.0   0.0   0:00.00 nvme-delete-wq
    190 root     -51   0       0      0      0 S   0.0   0.0   0:00.00 irq/191-aerdrv
    191 root     -51   0       0      0      0 S   0.0   0.0   0:00.00 irq/193-tegra-p
    194 root     -51   0       0      0      0 S   0.0   0.0   0:00.00 irq/193-aerdrv
    195 root     -51   0       0      0      0 S   0.0   0.0   0:00.00 irq/195-tegra-p
    197 root     -51   0       0      0      0 S   0.0   0.0   0:00.00 irq/232-nvme0q0
    198 root     -51   0       0      0      0 S   0.0   0.0   0:00.38 irq/233-nvme0q1
    199 root     -51   0       0      0      0 S   0.0   0.0   0:00.37 irq/234-nvme0q2
    200 root     -51   0       0      0      0 S   0.0   0.0   0:00.43 irq/235-nvme0q3
    201 root     -51   0       0      0      0 S   0.0   0.0   0:00.29 irq/236-nvme0q4
    202 root     -51   0       0      0      0 S   0.0   0.0   0:00.11 irq/237-nvme0q5
    203 root     -51   0       0      0      0 S   0.0   0.0   0:00.11 irq/238-nvme0q6
    210 root       0 -20       0      0      0 I   0.0   0.0   0:00.05 kworker/5:1H-kblockd
    211 root      20   0       0      0      0 S   0.0   0.0   0:00.79 jbd2/nvme0n1p1-
    212 root       0 -20       0      0      0 I   0.0   0.0   0:00.00 ext4-rsv-conver
    221 root       0 -20       0      0      0 I   0.0   0.0   0:00.00 mld
    222 root       0 -20       0      0      0 I   0.0   0.0   0:00.03 kworker/1:1H-kblockd
    223 root       0 -20       0      0      0 I   0.0   0.0   0:00.00 ipv6_addrconf
    253 root       0 -20       0      0      0 I   0.0   0.0   0:00.04 kworker/3:1H-kblockd
    256 root      19  -1   48768  12328  10712 S   0.0   0.2   0:14.73 systemd-journal
    275 root       0 -20       0      0      0 I   0.0   0.0   0:00.04 kworker/2:1H-kblockd
    280 root      39  19       0      0      0 S   0.0   0.0   0:00.48 nvmap-bz
    281 root     -51   0       0      0      0 S   0.0   0.0   0:00.00 irq/188-host1x_
    284 root     -51   0       0      0      0 S   0.0   0.0   0:00.00 irq/197-gk20a_s
    285 root     -51   0       0      0      0 S   0.0   0.0   0:00.01 irq/198-gk20a_s
    286 root     -51   0       0      0      0 S   0.0   0.0   0:00.01 irq/199-gk20a_s
    287 root     -51   0       0      0      0 S   0.0   0.0   0:00.00 irq/200-gk20a_n
    293 root      20   0   11116   3456   3200 S   0.0   0.0   0:00.00 nv-tee-supplica
    300 root      20   0  150380   1344   1232 S   0.0   0.0   0:00.01 tee-supplicant
    302 root       0 -20       0      0      0 I   0.0   0.0   0:00.00 optee_bus_scan
    312 root      20   0   23872   6336   4084 S   0.0   0.1   0:14.33 systemd-udevd
    313 root      20   0   23220   4796   3028 S   0.0   0.1   0:00.08 systemd-udevd
    314 root      20   0   24292   6724   3856 S   0.0   0.1   0:00.17 systemd-udevd
    315 root      20   0   23252   5932   4012 S   0.0   0.1   0:00.37 systemd-udevd
    316 root      20   0   23216   4780   3004 S   0.0   0.1   0:00.21 systemd-udevd
    317 root      20   0   23520   5532   3480 S   0.0   0.1   0:00.14 systemd-udevd
    318 root      20   0   23216   5256   3456 S   0.0   0.1   0:00.39 systemd-udevd
    319 root      20   0   23216   5360   3528 S   0.0   0.1   0:00.28 systemd-udevd
    320 root      20   0   23264   5404   3480 S   0.0   0.1   0:00.13 systemd-udevd
    321 root      20   0   23216   5884   4040 S   0.0   0.1   0:00.29 systemd-udevd
    322 root      20   0   23216   5084   3276 S   0.0   0.1   0:00.13 systemd-udevd
    323 root      20   0   23240   5820   3912 S   0.0   0.1   0:00.12 systemd-udevd
    324 root      20   0   23268   5436   3500 S   0.0   0.1   0:00.15 systemd-udevd
    325 root      20   0   23216   5908   4044 S   0.0   0.1   0:00.62 systemd-udevd
    326 root      20   0   23216   4580   2760 S   0.0   0.1   0:00.11 systemd-udevd
    327 root      20   0   23528   5324   3256 S   0.0   0.1   0:00.11 systemd-udevd
    328 root      20   0   23216   5100   3284 S   0.0   0.1   0:00.13 systemd-udevd
    329 root      20   0   23572   6908   4792 S   0.0   0.1   0:48.44 systemd-udevd
    330 root      20   0   23216   5104   3280 S   0.0   0.1   0:00.11 systemd-udevd
    331 root      20   0   23216   5140   3312 S   0.0   0.1   0:00.27 systemd-udevd
    332 root      20   0   23264   5160   3236 S   0.0   0.1   0:00.18 systemd-udevd
    333 root      20   0   23216   5496   3668 S   0.0   0.1   0:00.11 systemd-udevd
    334 root      20   0   23216   4972   3156 S   0.0   0.1   0:00.27 systemd-udevd
    336 root      20   0   23216   5080   3248 S   0.0   0.1   0:00.26 systemd-udevd
    337 root      20   0   23276   4580   2644 S   0.0   0.1   0:00.11 systemd-udevd
    338 root      20   0   23280   6100   4152 S   0.0   0.1   0:00.24 systemd-udevd
    339 root      20   0   23548   6220   4128 S   0.0   0.1   0:00.35 systemd-udevd
    340 root      20   0   23216   5620   3796 S   0.0   0.1   0:00.21 systemd-udevd
    341 root      20   0   23216   4940   3108 S   0.0   0.1   0:00.17 systemd-udevd
    344 root       0 -20       0      0      0 I   0.0   0.0   0:00.05 kworker/4:1H-kblockd
    388 root     -51   0       0      0      0 S   0.0   0.0   0:00.00 irq/189-tegra-p
    397 root      20   0       0      0      0 S   0.0   0.0   0:00.00 15820000.crypto
    398 root      20   0       0      0      0 S   0.0   0.0   0:00.00 15840000.crypto
    420 root     -51   0       0      0      0 S   0.0   0.0   0:00.00 irq/189-aerdrv
    422 root     -51   0       0      0      0 S   0.0   0.0   0:00.00 irq/219-bc00000
    423 root      -2   0       0      0      0 S   0.0   0.0   0:00.00 capture-control
    424 root      -2   0       0      0      0 S   0.0   0.0   0:00.00 capture
    425 root     -51   0       0      0      0 S   0.0   0.0   0:00.00 irq/214-tegra_d
    426 root     -51   0       0      0      0 S   0.0   0.0   0:00.00 irq/215-tegra_d
    427 root       0 -20       0      0      0 I   0.0   0.0   0:00.00 dce-async-ipc-w
    428 root     -51   0       0      0      0 S   0.0   0.0   0:00.00 irq/240-nvvrs-p
    429 root      20   0       0      0      0 S   0.0   0.0   0:00.00 nv_queue
    430 root      20   0       0      0      0 S   0.0   0.0   0:00.00 nv_queue
    484 root       0 -20       0      0      0 I   0.0   0.0   0:00.00 cfg80211
    485 root     -51   0       0      0      0 S   0.0   0.0   0:00.00 irq/118-3210000
    489 root      20   0       0      0      0 S   0.0   0.0   0:00.00 spi0
    498 root     -51   0       0      0      0 S   0.0   0.0   0:00.00 irq/119-3230000
    503 root      20   0       0      0      0 S   0.0   0.0   0:00.00 spi1
    551 root       0 -20       0      0      0 I   0.0   0.0   0:00.00 btfwwork
    650 root      20   0    8236   6484   1432 S   0.0   0.1   0:00.51 haveged
    653 _rpc      20   0    7932   2260   1912 S   0.0   0.0   0:00.01 rpcbind
    655 systemd+  20   0   26320  13576   8500 S   0.0   0.2   0:00.46 systemd-resolve
    657 systemd+  20   0   88880   6412   5564 S   0.0   0.1   0:00.15 systemd-timesyn
    827 avahi     20   0    8224   3680   3144 S   0.0   0.0   0:00.72 avahi-daemon
    828 root      20   0    9888   4548   4112 S   0.0   0.1   0:00.06 bluetoothd
    840 root      20   0   43504  19808  10212 S   0.0   0.3   0:00.15 networkd-dispat
    851 root      20   0  241620   7020   6316 S   0.0   0.1   0:00.32 power-profiles-
    854 syslog    20   0  222160   7056   3672 S   0.0   0.1   0:03.01 rsyslogd
    860 root      20   0    2240    792    712 S   0.0   0.0   0:00.00 seatd
    866 root      20   0 2145700  49220  25584 S   0.0   0.6   0:21.57 snapd
    871 root      20   0  242128   7456   6576 S   0.0   0.1   0:01.17 accounts-daemon
    872 root      20   0  238124   8280   5636 S   0.0   0.1   0:00.03 switcheroo-cont
    876 root      20   0  394252  11960   9468 S   0.0   0.2   0:00.52 udisksd
    878 root      20   0   16636  10300   8304 S   0.0   0.1   0:01.18 wpa_supplicant
    883 avahi     20   0    7812    356      0 S   0.0   0.0   0:00.00 avahi-daemon
    890 root      rt   0       0      0      0 S   0.0   0.0   0:54.52 sugov:0
    893 root      rt   0       0      0      0 S   0.0   0.0   0:23.78 sugov:4
    944 root      30  10   11248   3604   3204 S   0.0   0.0   0:04.63 wifi_mon.sh
   1004 root      20   0    2460   1540   1364 S   0.0   0.0   0:04.27 nvfancontrol
   1045 root      20   0       0      0      0 S   0.0   0.0   0:00.00 sw-quiesce
   1050 root      20   0       0      0      0 S   0.0   0.0   0:11.92 nvgpu_channel_p
   1069 root      20   0       0      0      0 S   0.0   0.0   0:00.00 nvgpu_pg_init_g
   1108 root      20   0       0      0      0 S   0.0   0.0   0:00.00 nvgpu_clk_arb_p
   1129 root      20   0       0      0      0 S   0.0   0.0   0:04.62 RTW_CMD_THREAD
   1158 root      20   0   75936  10084   8260 S   0.0   0.1   0:00.01 nvargus-daemon
   1159 root      20   0   11116   3508   3204 S   0.0   0.0   0:00.04 nvmemwarning.sh
   1173 root      20   0   22192   1776   1580 S   0.0   0.0   0:00.00 nvs-service
   1191 ollama    20   0 2006720  38588  20428 S   0.0   0.5   0:00.61 ollama
   1203 root      20   0    2336   1396   1280 S   0.0   0.0   0:01.61 run-cups-browse
   1206 root      20   0    2336   1376   1248 S   0.0   0.0   0:01.92 run-cupsd
   1219 root      20   0       0      0      0 S   0.0   0.0   0:00.00 pr/ramoops-1
   1221 root      20   0 2093080  74688  33248 S   0.0   1.0   0:50.95 containerd
   1241 root      20   0   10772   2820   2572 S   0.0   0.0   0:00.03 cron
   1276 kernoops  20   0   12812    452      0 S   0.0   0.0   0:00.01 kerneloops
   1277 root      20   0  243100   7964   7012 S   0.0   0.1   0:00.03 gdm3
   1293 root      20   0    9468    732    656 S   0.0   0.0   0:00.00 agetty
   1296 kernoops  20   0   12812    452      0 S   0.0   0.0   0:00.01 kerneloops
   1305 root      20   0    9468    724    648 S   0.0   0.0   0:00.00 agetty
   1322 root      20   0  173408   8800   7628 S   0.0   0.1   0:00.01 gdm-session-wor
   1404 gdm       20   0   18124   9732   7360 S   0.0   0.1   0:00.43 systemd
   1420 root      20   0       0      0      0 S   0.0   0.0   0:00.00 file-storage
   1423 gdm       20   0  172232   4504      0 S   0.0   0.1   0:00.00 (sd-pam)
   1522 root      20   0    3076    988    876 S   0.0   0.0   0:00.00 nvphsd
   1527 root      20   0    3208   1512   1352 S   0.0   0.0   0:00.00 nvphsd
   1570 root      20   0 2426540 117424  57248 S   0.0   1.5   0:51.83 dockerd
   1680 gdm        9 -11   41968   6472   5156 S   0.0   0.1   0:00.04 pipewire
   1681 gdm       20   0   25480   6440   5112 S   0.0   0.1   0:01.14 pipewire-media-
   1682 gdm        9 -11  891844  20764  12600 S   0.0   0.3   0:00.68 pulseaudio
   1685 gdm       20   0  163948   5500   4980 S   0.0   0.1   0:00.00 gdm-x-session
   1691 root      20   0   24.2g  82884  35884 S   0.0   1.1   0:01.17 Xorg
   1696 rtkit     21   1  153504   1600   1388 S   0.0   0.0   0:00.16 rtkit-daemon
   1705 gdm       20   0    8840   3596   3212 S   0.0   0.0   0:00.01 dbus-daemon
   1731 root      20   0       0      0      0 S   0.0   0.0   0:00.00 nvidia-modeset/
   1732 root      20   0       0      0      0 S   0.0   0.0   0:00.00 nvidia-modeset/
   1734 root      20   0       0      0      0 S   0.0   0.0   0:00.00 nvidia
   1738 root      20   0       0      0      0 S   0.0   0.0   0:00.00 nv_queue
   1782 root      20   0       0      0      0 S   0.0   0.0   0:00.00 nvidia-drm-nv-t
   1783 root     -51   0       0      0      0 S   0.0   0.0   0:00.00 card1-crtc0
   1784 root     -51   0       0      0      0 S   0.0   0.0   0:00.00 card1-crtc1
   1951 gdm       20   0    5876   1556   1344 S   0.0   0.0   0:00.00 dbus-run-sessio
   1954 gdm       20   0    9108   4476   3604 S   0.0   0.1   0:00.13 dbus-daemon
   2026 gdm       20   0  663384  17800  12956 S   0.0   0.2   0:00.55 gnome-session-b
   2051 gdm       20   0  310068   8972   6272 S   0.0   0.1   0:00.00 at-spi-bus-laun
   2056 gdm       20   0    8692   3552   3168 S   0.0   0.0   0:00.00 dbus-daemon
   2084 gdm       20   0  237676   7020   4540 S   0.0   0.1   0:00.00 xdg-permission-
   2091 root      20   0  243852   8092   6980 S   0.0   0.1   0:00.27 upowerd
   2099 gdm       20   0 2804036  25696  20860 S   0.0   0.3   0:00.08 gjs
   2101 gdm       20   0  163144   7192   6424 S   0.0   0.1   0:00.01 at-spi2-registr
   2128 gdm       20   0  468748   9916   8000 S   0.0   0.1   0:01.42 gsd-sharing
   2130 gdm       20   0  338880  16940  12620 S   0.0   0.2   0:00.06 gsd-wacom
   2139 gdm       20   0  599188  21500  16928 S   0.0   0.3   0:00.15 gsd-color
   2143 gdm       20   0  316840  11252   6240 S   0.0   0.1   0:00.09 ibus-daemon
   2150 gdm       20   0  338600  15024  13276 S   0.0   0.2   0:00.04 gsd-keyboard
   2151 gdm       20   0  252472   9916   8488 S   0.0   0.1   0:00.02 gsd-print-notif
   2152 gdm       20   0  459796   8176   5436 S   0.0   0.1   0:00.35 gsd-rfkill
   2153 gdm       20   0  388312   9428   6480 S   0.0   0.1   0:00.01 gsd-smartcard
   2160 gdm       20   0  380556  14476  12508 S   0.0   0.2   0:00.03 gsd-datetime
   2167 gdm       20   0  864180  22384  17516 S   0.0   0.3   0:00.29 gsd-media-keys
   2169 gdm       20   0  237936   4760   4376 S   0.0   0.1   0:00.00 gsd-screensaver
   2170 gdm       20   0  322096   8352   7324 S   0.0   0.1   0:00.01 gsd-sound
   2175 gdm       20   0  312416   6072   5492 S   0.0   0.1   0:00.01 gsd-a11y-settin
   2177 gdm       20   0  242216   7024   6228 S   0.0   0.1   0:00.01 gvfsd
   2178 gdm       20   0  314000   6928   6164 S   0.0   0.1   0:00.52 gsd-housekeepin
   2203 gdm       20   0  347052  12600  10748 S   0.0   0.2   0:00.02 gsd-printer
   2234 colord    20   0  247460  12768   9028 S   0.0   0.2   0:00.22 colord
   2247 gdm       20   0  239040   8612   5940 S   0.0   0.1   0:00.00 ibus-dconf
   2258 gdm       20   0  238936   5920   5492 S   0.0   0.1   0:00.00 ibus-portal
   2281 gdm       20   0 2812420  25808  20904 S   0.0   0.3   0:00.09 gjs
   2300 gdm       20   0  165096   6500   5876 S   0.0   0.1   0:00.00 ibus-engine-sim
   2453 root      20   0  137440  11976   9612 S   0.0   0.2   0:00.65 cupsd
   2465 root      20   0  343140  19372  14152 S   0.0   0.2   0:01.31 cups-browsed
   2557 gdm       20   0  156672   4460   4068 S   0.0   0.1   0:00.00 dconf-service
   9961 jetson    20   0   18140   9776   7372 S   0.0   0.1   0:00.33 systemd
   9962 jetson    20   0  172508   4632      0 S   0.0   0.1   0:00.00 (sd-pam)
   9970 jetson    20   0   41976   6552   5228 S   0.0   0.1   0:00.04 pipewire
   9971 jetson    20   0   25488   6720   5380 S   0.0   0.1   0:01.24 pipewire-media-
  10023 jetson    20   0    8888   4148   3656 S   0.0   0.1   0:00.01 dbus-daemon
  10532 root      20   0 1233232  12112   6212 S   0.0   0.2   0:34.85 containerd-shim
  10561 jetson    20   0    5508    776    688 S   0.0   0.0   0:00.20 sleep
  10666 root      20   0   21752   4108   2588 S   0.0   0.1   0:00.23 systemd-udevd
  11619 root      20   0   21748   4060   2540 S   0.0   0.1   0:00.02 systemd-udevd
  11620 root      20   0   21760   4112   2588 S   0.0   0.1   0:00.02 systemd-udevd
  11634 root      20   0   21760   4016   2496 S   0.0   0.1   0:00.01 systemd-udevd
  11635 root      20   0   21760   4048   2540 S   0.0   0.1   0:00.03 systemd-udevd
  11636 root      20   0   21764   3380   1864 S   0.0   0.0   0:00.01 systemd-udevd
  11648 root      20   0   21764   4008   2468 S   0.0   0.1   0:00.01 systemd-udevd
  11649 root      20   0   21764   3832   2288 S   0.0   0.0   0:00.01 systemd-udevd
  11650 root      20   0   21764   3968   2432 S   0.0   0.1   0:00.00 systemd-udevd
  11653 root      20   0   21764   4496   2944 S   0.0   0.1   0:00.04 systemd-udevd
  11654 root      20   0   21764   4508   2960 S   0.0   0.1   0:00.03 systemd-udevd
 109437 snap_da+  20   0   14484   4632   3932 S   0.0   0.1   0:00.00 dbus
 112737 jetson    20   0  203640  36228  13220 S   0.0   0.5   0:00.70 ros2
 112739 jetson    20   0 2070728  32552  18032 S   0.0   0.4   0:00.36 docker
 112741 jetson    20   0  428380  30784  15880 S   0.0   0.4   0:43.96 robot_state_pub
 112768 root      20   0 1233232  12088   6600 S   0.0   0.2   0:00.92 containerd-shim
 112797 root      20   0   49400  29488  14684 S   0.0   0.4   0:00.36 ros2
 129749 root      20   0       0      0      0 I   0.0   0.0   0:09.24 kworker/u12:5-events_freezable_power_
 189012 jetson    20   0  572504  38556  13204 S   0.0   0.5   0:01.40 ros2
 189022 jetson    20   0 1082604  56652  26332 S   0.0   0.7   0:57.88 foxglove_bridge
 189320 jetson    20   0  129772  36300  13220 S   0.0   0.5   0:00.73 ros2
 189431 jetson    20   0  796980  41908  13220 S   0.0   0.5   0:01.41 ros2
 189596 jetson    20   0   53012  29660  15012 S   0.0   0.4   0:00.34 ros2
 206274 root      20   0       0      0      0 I   0.0   0.0   0:10.45 kworker/u12:9-events_freezable_power_
 244731 root      20   0       0      0      0 I   0.0   0.0   0:01.24 kworker/1:2-cgroup_destroy
 344667 root      20   0       0      0      0 I   0.0   0.0   0:00.59 kworker/0:3-events
 349442 root      20   0       0      0      0 I   0.0   0.0   0:05.65 kworker/u12:6-events_unbound
 367657 root       0 -20       0      0      0 I   0.0   0.0   0:11.77 kworker/u13:2-uvcvideo
 369170 root      20   0       0      0      0 I   0.0   0.0   0:04.42 kworker/u12:1-events_freezable_power_
 403545 root      20   0       0      0      0 I   0.0   0.0   0:04.07 kworker/u12:8-events_freezable_power_
 441418 root      20   0       0      0      0 I   0.0   0.0   0:02.93 kworker/u12:7-events_freezable_power_
 443709 root      20   0       0      0      0 I   0.0   0.0   0:00.14 kworker/3:2-cgroup_destroy
 445412 root      20   0       0      0      0 I   0.0   0.0   0:00.25 kworker/2:1-events
 448401 root      20   0       0      0      0 I   0.0   0.0   0:00.00 kworker/5:2-events
 467530 root      20   0       0      0      0 I   0.0   0.0   0:01.91 kworker/u12:3-events_unbound
 469901 root       0 -20       0      0      0 I   0.0   0.0   0:01.87 kworker/u13:3-uvcvideo
 478380 root      20   0       0      0      0 I   0.0   0.0   0:00.29 kworker/1:1-events
 480561 root      20   0       0      0      0 I   0.0   0.0   0:00.00 kworker/4:1-events
 483353 root      20   0       0      0      0 I   0.0   0.0   0:00.00 kworker/2:3-events
 489026 root      20   0       0      0      0 I   0.0   0.0   0:01.23 kworker/u12:10-events_unbound
 496325 root      20   0       0      0      0 I   0.0   0.0   0:00.11 kworker/3:0-events
 499790 root       0 -20       0      0      0 I   0.0   0.0   0:02.42 kworker/u13:4-uvcvideo
 511663 root      20   0       0      0      0 I   0.0   0.0   0:00.00 kworker/0:1-cgroup_destroy
 514145 root      20   0       0      0      0 I   0.0   0.0   0:00.05 kworker/5:1-events
 514952 root      20   0       0      0      0 I   0.0   0.0   0:00.04 kworker/4:0-events
 528481 root      20   0       0      0      0 I   0.0   0.0   0:00.00 kworker/1:0-events
 528980 root      20   0    9436    780    704 S   0.0   0.0   0:00.00 sleep
 530050 root      20   0       0      0      0 I   0.0   0.0   0:00.00 kworker/3:1-cgroup_destroy
 530052 root      20   0       0      0      0 I   0.0   0.0   0:00.00 kworker/2:0-cgroup_destroy
 530228 root      20   0       0      0      0 I   0.0   0.0   0:00.00 kworker/3:3-cgroup_destroy
 530300 root      20   0       0      0      0 I   0.0   0.0   0:00.00 kworker/2:2-events
 532747 root      20   0       0      0      0 I   0.0   0.0   0:00.00 kworker/0:0-events
 533529 jetson    20   0   11248   3304   2868 S   0.0   0.0   0:00.03 bash
 536497 jetson    20   0   11248   3288   2852 S   0.0   0.0   0:00.01 bash
 536849 jetson    20   0    9480    820    736 S   0.0   0.0   0:00.00 tail
 537023 root      20   0       0      0      0 I   0.0   0.0   0:00.00 kworker/4:2
 538032 root      20   0       0      0      0 I   0.0   0.0   0:00.00 kworker/5:0
 538300 root      30  10    9436    772    692 S   0.0   0.0   0:00.00 sleep

top - 12:24:29 up  3:27,  0 users,  load average: 9.01, 5.25, 3.83
Tasks: 356 total,   3 running, 353 sleeping,   0 stopped,   0 zombie
%Cpu(s): 38.6 us, 20.5 sy,  0.0 ni, 35.4 id,  0.0 wa,  2.6 hi,  2.9 si,  0.0 st
MiB Mem :   7607.4 total,   2800.1 free,   2071.1 used,   2736.2 buff/cache
MiB Swap:   3803.7 total,   3803.7 free,      0.0 used.   5237.9 avail Mem 

    PID USER      PR  NI    VIRT    RES    SHR S  %CPU  %MEM     TIME+ COMMAND
 536848 jetson    20   0  753880  72108  29568 R  44.6   0.9   0:12.55 python3
 189435 jetson    20   0  963220  49992  23640 S  34.8   0.6  11:36.25 controller_serv
 189209 jetson    20   0  709056  62924  27264 R  34.3   0.8  42:52.15 python3
 536577 jetson    20   0  763888  55444  25424 S  25.5   0.7   0:09.66 ros2
 189322 jetson    20   0 1062768  54972  24352 S  23.5   0.7   3:34.26 async_slam_tool
 189211 jetson    20   0  506208  35400  18400 S  21.6   0.5  12:58.74 ekf_node
 189443 jetson    20   0  530952  46392  26204 S  20.1   0.6   9:55.64 bt_navigator
 189612 jetson    20   0 9355088 429496  86828 S  20.1   5.5  17:40.14 nvblox_node
 189018 jetson    20   0  432956  26708  14244 S  14.2   0.3  18:48.36 rplidar_node
 189014 jetson    20   0 1750488 105416  51332 S  13.2   1.4  15:42.44 realsense2_came
 189439 jetson    20   0 1070976  72732  24728 S  12.3   0.9  10:03.25 planner_server
 189441 jetson    20   0  516476  35524  21032 S  10.3   0.5   8:15.51 behavior_server
 189473 jetson    20   0  577396  31376  16252 S   9.8   0.4  12:33.49 lifecycle_manag
 189437 jetson    20   0  664776  35144  19416 S   9.3   0.5   7:00.24 smoother_server
 189433 jetson    20   0  709716  63544  27368 S   8.8   0.8   4:45.90 python3
 189020 jetson    20   0  707980  61536  27440 S   8.3   0.8   9:18.93 python3
 189462 jetson    20   0  428560  29632  15952 S   5.9   0.4   5:38.57 velocity_smooth
 189447 jetson    20   0  431308  30976  17020 S   5.4   0.4   5:42.17 waypoint_follow
 112823 root      20   0 1235152  44624  11476 S   4.4   0.6   9:32.21 micro_ros_agent
 189016 jetson    20   0  709040  65192  27268 S   3.9   0.8   4:03.98 python3
    890 root      rt   0       0      0      0 S   1.5   0.0   0:54.55 sugov:0
    893 root      rt   0       0      0      0 S   1.0   0.0   0:23.80 sugov:4
    200 root     -51   0       0      0      0 S   0.5   0.0   0:00.44 irq/235-nvme0q3
    329 root      20   0   23572   6908   4792 S   0.5   0.1   0:48.45 systemd-udevd
   1221 root      20   0 2093080  74688  33248 S   0.5   1.0   0:50.96 containerd
  10532 root      20   0 1233232  12088   6212 S   0.5   0.2   0:34.86 containerd-shim
  11621 root      20   0   21760   4516   2952 S   0.5   0.1   0:27.67 systemd-udevd
 129749 root      20   0       0      0      0 I   0.5   0.0   0:09.25 kworker/u12:5-events_unbound
 189431 jetson    20   0  796980  41908  13220 S   0.5   0.5   0:01.42 ros2
 206274 root      20   0       0      0      0 I   0.5   0.0   0:10.46 kworker/u12:9-events_freezable_power_
 286436 root      20   0       0      0      0 I   0.5   0.0   0:08.58 kworker/u12:0-events_unbound
 469901 root       0 -20       0      0      0 I   0.5   0.0   0:01.88 kworker/u13:3-uvcvideo
 489026 root      20   0       0      0      0 I   0.5   0.0   0:01.24 kworker/u12:10-events_freezable_power_
 499790 root       0 -20       0      0      0 I   0.5   0.0   0:02.43 kworker/u13:4-uvcvideo
 536578 jetson    20   0   14340   3388   2776 R   0.5   0.0   0:00.31 top
      1 root      20   0  167880  11776   7444 S   0.0   0.2   0:16.05 systemd
      2 root      20   0       0      0      0 S   0.0   0.0   0:00.02 kthreadd
      3 root       0 -20       0      0      0 I   0.0   0.0   0:00.00 rcu_gp
      4 root       0 -20       0      0      0 I   0.0   0.0   0:00.00 rcu_par_gp
      5 root       0 -20       0      0      0 I   0.0   0.0   0:00.00 slub_flushwq
      6 root       0 -20       0      0      0 I   0.0   0.0   0:00.00 netns
      8 root       0 -20       0      0      0 I   0.0   0.0   0:00.00 kworker/0:0H-events_highpri
     10 root       0 -20       0      0      0 I   0.0   0.0   0:00.00 mm_percpu_wq
     11 root      20   0       0      0      0 S   0.0   0.0   0:00.00 rcu_tasks_kthre
     12 root      20   0       0      0      0 S   0.0   0.0   0:00.00 rcu_tasks_rude_
     13 root      20   0       0      0      0 S   0.0   0.0   0:00.00 rcu_tasks_trace
     14 root      20   0       0      0      0 S   0.0   0.0   0:09.24 ksoftirqd/0
     15 root      20   0       0      0      0 I   0.0   0.0   0:05.58 rcu_preempt
     16 root      rt   0       0      0      0 S   0.0   0.0   0:00.03 migration/0
     17 root      20   0       0      0      0 S   0.0   0.0   0:00.00 cpuhp/0
     18 root      20   0       0      0      0 S   0.0   0.0   0:00.00 cpuhp/1
     19 root      rt   0       0      0      0 S   0.0   0.0   0:00.03 migration/1
     20 root      20   0       0      0      0 S   0.0   0.0   0:01.10 ksoftirqd/1
     22 root       0 -20       0      0      0 I   0.0   0.0   0:00.00 kworker/1:0H-events_highpri
     23 root      20   0       0      0      0 S   0.0   0.0   0:00.00 cpuhp/2
     24 root      rt   0       0      0      0 S   0.0   0.0   0:00.03 migration/2
     25 root      20   0       0      0      0 S   0.0   0.0   0:01.10 ksoftirqd/2
     27 root       0 -20       0      0      0 I   0.0   0.0   0:00.00 kworker/2:0H-events_highpri
     28 root      20   0       0      0      0 S   0.0   0.0   0:00.00 cpuhp/3
     29 root      rt   0       0      0      0 S   0.0   0.0   0:00.02 migration/3
     30 root      20   0       0      0      0 S   0.0   0.0   0:01.07 ksoftirqd/3
     32 root       0 -20       0      0      0 I   0.0   0.0   0:00.00 kworker/3:0H-events_highpri
     33 root      20   0       0      0      0 S   0.0   0.0   0:00.00 cpuhp/4
     34 root      rt   0       0      0      0 S   0.0   0.0   0:00.07 migration/4
     35 root      20   0       0      0      0 S   0.0   0.0   0:00.95 ksoftirqd/4
     37 root       0 -20       0      0      0 I   0.0   0.0   0:00.00 kworker/4:0H-events_highpri
     38 root      20   0       0      0      0 S   0.0   0.0   0:00.00 cpuhp/5
     39 root      rt   0       0      0      0 S   0.0   0.0   0:00.07 migration/5
     40 root      20   0       0      0      0 S   0.0   0.0   0:00.88 ksoftirqd/5
     42 root       0 -20       0      0      0 I   0.0   0.0   0:00.00 kworker/5:0H-kblockd
     43 root      20   0       0      0      0 S   0.0   0.0   0:00.00 kdevtmpfs
     44 root       0 -20       0      0      0 I   0.0   0.0   0:00.00 inet_frag_wq
     51 root      20   0       0      0      0 S   0.0   0.0   0:00.00 kauditd
     52 root      20   0       0      0      0 S   0.0   0.0   0:00.00 oom_reaper
     53 root       0 -20       0      0      0 I   0.0   0.0   0:00.00 writeback
     54 root      20   0       0      0      0 S   0.0   0.0   0:00.10 kcompactd0
     55 root      25   5       0      0      0 S   0.0   0.0   0:00.00 ksmd
     56 root      39  19       0      0      0 S   0.0   0.0   0:00.89 khugepaged
     67 root       0 -20       0      0      0 I   0.0   0.0   0:00.00 cryptd
     86 root       0 -20       0      0      0 I   0.0   0.0   0:00.00 kintegrityd
     87 root       0 -20       0      0      0 I   0.0   0.0   0:00.00 kblockd
     88 root       0 -20       0      0      0 I   0.0   0.0   0:00.00 blkcg_punt_bio
     89 root       0 -20       0      0      0 I   0.0   0.0   0:00.00 tpm_dev_wq
     90 root       0 -20       0      0      0 I   0.0   0.0   0:00.00 ata_sff
     91 root       0 -20       0      0      0 I   0.0   0.0   0:00.00 edac-poller
     92 root       0 -20       0      0      0 I   0.0   0.0   0:00.00 devfreq_wq
     93 root     -51   0       0      0      0 S   0.0   0.0   0:00.00 watchdogd
     96 root       0 -20       0      0      0 I   0.0   0.0   0:00.04 kworker/0:1H-kblockd
     97 root       0 -20       0      0      0 I   0.0   0.0   0:00.00 rpciod
     99 root       0 -20       0      0      0 I   0.0   0.0   0:00.00 xprtiod
    127 root      20   0       0      0      0 S   0.0   0.0   0:00.00 kswapd0
    128 root       0 -20       0      0      0 I   0.0   0.0   0:00.00 nfsiod
    132 root       0 -20       0      0      0 I   0.0   0.0   0:00.00 vfio-irqfd-clea
    133 root       0 -20       0      0      0 I   0.0   0.0   0:00.00 bch_btree_io
    134 root       0 -20       0      0      0 I   0.0   0.0   0:00.00 bcache
    135 root       0 -20       0      0      0 I   0.0   0.0   0:00.00 bch_journal
    136 root       0 -20       0      0      0 I   0.0   0.0   0:00.00 dm_bufio_cache
    140 root      10 -10       0      0      0 S   0.0   0.0   0:00.00 krfcommd
    141 root      20   0       0      0      0 S   0.0   0.0   0:00.00 pr/tty0
    142 root      20   0       0      0      0 S   0.0   0.0   0:03.01 pr/ttyTCU0
    145 root     -51   0       0      0      0 S   0.0   0.0   0:00.00 irq/114-3160000
    147 root     -51   0       0      0      0 S   0.0   0.0   0:00.00 irq/115-3180000
    149 root     -51   0       0      0      0 S   0.0   0.0   0:00.00 irq/116-31b0000
    150 root     -51   0       0      0      0 S   0.0   0.0   0:00.00 irq/167-c240000
    151 root     -51   0       0      0      0 S   0.0   0.0   0:00.00 irq/168-c250000
    152 root     -51   0       0      0      0 S   0.0   0.0   0:00.00 irq/125-3610000
    153 root     -51   0       0      0      0 S   0.0   0.0   0:00.00 irq/122-3610000
    154 root       0 -20       0      0      0 I   0.0   0.0   0:00.00 sdhci
    155 root     -51   0       0      0      0 S   0.0   0.0   0:00.00 irq/120-mmc0
    156 root     -51   0       0      0      0 S   0.0   0.0   0:00.00 irq/230-3400000
    178 root     -51   0       0      0      0 S   0.0   0.0   0:00.00 irq/191-tegra-p
    179 root       0 -20       0      0      0 I   0.0   0.0   0:00.00 nvme-wq
    180 root       0 -20       0      0      0 I   0.0   0.0   0:00.00 nvme-reset-wq
    181 root       0 -20       0      0      0 I   0.0   0.0   0:00.00 nvme-delete-wq
    190 root     -51   0       0      0      0 S   0.0   0.0   0:00.00 irq/191-aerdrv
    191 root     -51   0       0      0      0 S   0.0   0.0   0:00.00 irq/193-tegra-p
    194 root     -51   0       0      0      0 S   0.0   0.0   0:00.00 irq/193-aerdrv
    195 root     -51   0       0      0      0 S   0.0   0.0   0:00.00 irq/195-tegra-p
    197 root     -51   0       0      0      0 S   0.0   0.0   0:00.00 irq/232-nvme0q0
    198 root     -51   0       0      0      0 S   0.0   0.0   0:00.38 irq/233-nvme0q1
    199 root     -51   0       0      0      0 S   0.0   0.0   0:00.37 irq/234-nvme0q2
    201 root     -51   0       0      0      0 S   0.0   0.0   0:00.29 irq/236-nvme0q4
    202 root     -51   0       0      0      0 S   0.0   0.0   0:00.11 irq/237-nvme0q5
    203 root     -51   0       0      0      0 S   0.0   0.0   0:00.11 irq/238-nvme0q6
    210 root       0 -20       0      0      0 I   0.0   0.0   0:00.05 kworker/5:1H-kblockd
    211 root      20   0       0      0      0 S   0.0   0.0   0:00.79 jbd2/nvme0n1p1-
    212 root       0 -20       0      0      0 I   0.0   0.0   0:00.00 ext4-rsv-conver
    221 root       0 -20       0      0      0 I   0.0   0.0   0:00.00 mld
    222 root       0 -20       0      0      0 I   0.0   0.0   0:00.03 kworker/1:1H-kblockd
    223 root       0 -20       0      0      0 I   0.0   0.0   0:00.00 ipv6_addrconf
    253 root       0 -20       0      0      0 I   0.0   0.0   0:00.04 kworker/3:1H-kblockd
    256 root      19  -1   48768  12328  10712 S   0.0   0.2   0:14.73 systemd-journal
    275 root       0 -20       0      0      0 I   0.0   0.0   0:00.04 kworker/2:1H-kblockd
    280 root      39  19       0      0      0 S   0.0   0.0   0:00.48 nvmap-bz
    281 root     -51   0       0      0      0 S   0.0   0.0   0:00.00 irq/188-host1x_
    284 root     -51   0       0      0      0 S   0.0   0.0   0:00.00 irq/197-gk20a_s
    285 root     -51   0       0      0      0 S   0.0   0.0   0:00.01 irq/198-gk20a_s
    286 root     -51   0       0      0      0 S   0.0   0.0   0:00.01 irq/199-gk20a_s
    287 root     -51   0       0      0      0 S   0.0   0.0   0:00.00 irq/200-gk20a_n
    293 root      20   0   11116   3456   3200 S   0.0   0.0   0:00.00 nv-tee-supplica
    300 root      20   0  150380   1344   1232 S   0.0   0.0   0:00.01 tee-supplicant
    302 root       0 -20       0      0      0 I   0.0   0.0   0:00.00 optee_bus_scan
    312 root      20   0   23872   6336   4084 S   0.0   0.1   0:14.33 systemd-udevd
    313 root      20   0   23220   4796   3028 S   0.0   0.1   0:00.08 systemd-udevd
    314 root      20   0   24292   6724   3856 S   0.0   0.1   0:00.17 systemd-udevd
    315 root      20   0   23252   5932   4012 S   0.0   0.1   0:00.37 systemd-udevd
    316 root      20   0   23216   4780   3004 S   0.0   0.1   0:00.21 systemd-udevd
    317 root      20   0   23520   5532   3480 S   0.0   0.1   0:00.14 systemd-udevd
    318 root      20   0   23216   5256   3456 S   0.0   0.1   0:00.39 systemd-udevd
    319 root      20   0   23216   5360   3528 S   0.0   0.1   0:00.28 systemd-udevd
    320 root      20   0   23264   5404   3480 S   0.0   0.1   0:00.13 systemd-udevd
    321 root      20   0   23216   5884   4040 S   0.0   0.1   0:00.29 systemd-udevd
    322 root      20   0   23216   5084   3276 S   0.0   0.1   0:00.13 systemd-udevd
    323 root      20   0   23240   5820   3912 S   0.0   0.1   0:00.12 systemd-udevd
    324 root      20   0   23268   5436   3500 S   0.0   0.1   0:00.15 systemd-udevd
    325 root      20   0   23216   5908   4044 S   0.0   0.1   0:00.62 systemd-udevd
    326 root      20   0   23216   4580   2760 S   0.0   0.1   0:00.11 systemd-udevd
    327 root      20   0   23528   5324   3256 S   0.0   0.1   0:00.11 systemd-udevd
    328 root      20   0   23216   5100   3284 S   0.0   0.1   0:00.13 systemd-udevd
    330 root      20   0   23216   5104   3280 S   0.0   0.1   0:00.11 systemd-udevd
    331 root      20   0   23216   5140   3312 S   0.0   0.1   0:00.27 systemd-udevd
    332 root      20   0   23264   5160   3236 S   0.0   0.1   0:00.18 systemd-udevd
    333 root      20   0   23216   5496   3668 S   0.0   0.1   0:00.11 systemd-udevd
    334 root      20   0   23216   4972   3156 S   0.0   0.1   0:00.27 systemd-udevd
    336 root      20   0   23216   5080   3248 S   0.0   0.1   0:00.26 systemd-udevd
    337 root      20   0   23276   4580   2644 S   0.0   0.1   0:00.11 systemd-udevd
    338 root      20   0   23280   6100   4152 S   0.0   0.1   0:00.24 systemd-udevd
    339 root      20   0   23548   6220   4128 S   0.0   0.1   0:00.35 systemd-udevd
    340 root      20   0   23216   5620   3796 S   0.0   0.1   0:00.21 systemd-udevd
    341 root      20   0   23216   4940   3108 S   0.0   0.1   0:00.17 systemd-udevd
    344 root       0 -20       0      0      0 I   0.0   0.0   0:00.05 kworker/4:1H-kblockd
    388 root     -51   0       0      0      0 S   0.0   0.0   0:00.00 irq/189-tegra-p
    397 root      20   0       0      0      0 S   0.0   0.0   0:00.00 15820000.crypto
    398 root      20   0       0      0      0 S   0.0   0.0   0:00.00 15840000.crypto
    420 root     -51   0       0      0      0 S   0.0   0.0   0:00.00 irq/189-aerdrv
    422 root     -51   0       0      0      0 S   0.0   0.0   0:00.00 irq/219-bc00000
    423 root      -2   0       0      0      0 S   0.0   0.0   0:00.00 capture-control
    424 root      -2   0       0      0      0 S   0.0   0.0   0:00.00 capture
    425 root     -51   0       0      0      0 S   0.0   0.0   0:00.00 irq/214-tegra_d
    426 root     -51   0       0      0      0 S   0.0   0.0   0:00.00 irq/215-tegra_d
    427 root       0 -20       0      0      0 I   0.0   0.0   0:00.00 dce-async-ipc-w
    428 root     -51   0       0      0      0 S   0.0   0.0   0:00.00 irq/240-nvvrs-p
    429 root      20   0       0      0      0 S   0.0   0.0   0:00.00 nv_queue
    430 root      20   0       0      0      0 S   0.0   0.0   0:00.00 nv_queue
    484 root       0 -20       0      0      0 I   0.0   0.0   0:00.00 cfg80211
    485 root     -51   0       0      0      0 S   0.0   0.0   0:00.00 irq/118-3210000
    489 root      20   0       0      0      0 S   0.0   0.0   0:00.00 spi0
    498 root     -51   0       0      0      0 S   0.0   0.0   0:00.00 irq/119-3230000
    503 root      20   0       0      0      0 S   0.0   0.0   0:00.00 spi1
    551 root       0 -20       0      0      0 I   0.0   0.0   0:00.00 btfwwork
    650 root      20   0    8236   6484   1432 S   0.0   0.1   0:00.51 haveged
    653 _rpc      20   0    7932   2260   1912 S   0.0   0.0   0:00.01 rpcbind
    655 systemd+  20   0   26320  13576   8500 S   0.0   0.2   0:00.46 systemd-resolve
    657 systemd+  20   0   88880   6412   5564 S   0.0   0.1   0:00.15 systemd-timesyn
    827 avahi     20   0    8224   3680   3144 S   0.0   0.0   0:00.72 avahi-daemon
    828 root      20   0    9888   4548   4112 S   0.0   0.1   0:00.06 bluetoothd
    829 message+  20   0   10456   5684   3584 S   0.0   0.1   0:21.98 dbus-daemon
    830 root      20   0  338724  21060  14884 S   0.0   0.3   0:21.29 NetworkManager
    840 root      20   0   43504  19808  10212 S   0.0   0.3   0:00.15 networkd-dispat
    851 root      20   0  241620   7020   6316 S   0.0   0.1   0:00.32 power-profiles-
    854 syslog    20   0  222160   7056   3672 S   0.0   0.1   0:03.01 rsyslogd
    860 root      20   0    2240    792    712 S   0.0   0.0   0:00.00 seatd
    866 root      20   0 2145700  49220  25584 S   0.0   0.6   0:21.57 snapd
    871 root      20   0  242128   7456   6576 S   0.0   0.1   0:01.17 accounts-daemon
    872 root      20   0  238124   8280   5636 S   0.0   0.1   0:00.03 switcheroo-cont
    875 root      20   0   49004   7660   6308 S   0.0   0.1   0:01.84 systemd-logind
    876 root      20   0  394252  11960   9468 S   0.0   0.2   0:00.52 udisksd
    878 root      20   0   16636  10300   8304 S   0.0   0.1   0:01.18 wpa_supplicant
    883 avahi     20   0    7812    356      0 S   0.0   0.0   0:00.00 avahi-daemon
    944 root      30  10   11248   3604   3204 S   0.0   0.0   0:04.63 wifi_mon.sh
    969 root      20   0  237048  10420   6400 S   0.0   0.1   1:32.78 polkitd
   1004 root      20   0    2460   1540   1364 S   0.0   0.0   0:04.27 nvfancontrol
   1045 root      20   0       0      0      0 S   0.0   0.0   0:00.00 sw-quiesce
   1050 root      20   0       0      0      0 S   0.0   0.0   0:11.92 nvgpu_channel_p
   1069 root      20   0       0      0      0 S   0.0   0.0   0:00.00 nvgpu_pg_init_g
   1108 root      20   0       0      0      0 S   0.0   0.0   0:00.00 nvgpu_clk_arb_p
   1129 root      20   0       0      0      0 S   0.0   0.0   0:04.62 RTW_CMD_THREAD
   1158 root      20   0   75936  10084   8260 S   0.0   0.1   0:00.01 nvargus-daemon
   1159 root      20   0   11116   3508   3204 S   0.0   0.0   0:00.04 nvmemwarning.sh
   1173 root      20   0   22192   1776   1580 S   0.0   0.0   0:00.00 nvs-service
   1191 ollama    20   0 2006720  38588  20428 S   0.0   0.5   0:00.61 ollama
   1203 root      20   0    2336   1396   1280 S   0.0   0.0   0:01.61 run-cups-browse
   1206 root      20   0    2336   1376   1248 S   0.0   0.0   0:01.92 run-cupsd
   1219 root      20   0       0      0      0 S   0.0   0.0   0:00.00 pr/ramoops-1
   1241 root      20   0   10772   2820   2572 S   0.0   0.0   0:00.03 cron
   1276 kernoops  20   0   12812    452      0 S   0.0   0.0   0:00.01 kerneloops
   1277 root      20   0  243100   7964   7012 S   0.0   0.1   0:00.03 gdm3
   1293 root      20   0    9468    732    656 S   0.0   0.0   0:00.00 agetty
   1296 kernoops  20   0   12812    452      0 S   0.0   0.0   0:00.01 kerneloops
   1305 root      20   0    9468    724    648 S   0.0   0.0   0:00.00 agetty
   1322 root      20   0  173408   8800   7628 S   0.0   0.1   0:00.01 gdm-session-wor
   1404 gdm       20   0   18124   9732   7360 S   0.0   0.1   0:00.43 systemd
   1420 root      20   0       0      0      0 S   0.0   0.0   0:00.00 file-storage
   1423 gdm       20   0  172232   4504      0 S   0.0   0.1   0:00.00 (sd-pam)
   1461 root      20   0   15272   8356   6776 S   0.0   0.1   0:00.33 sshd
   1522 root      20   0    3076    988    876 S   0.0   0.0   0:00.00 nvphsd
   1527 root      20   0    3208   1512   1352 S   0.0   0.0   0:00.00 nvphsd
   1570 root      20   0 2426540 117424  57248 S   0.0   1.5   0:51.83 dockerd
   1680 gdm        9 -11   41968   6472   5156 S   0.0   0.1   0:00.04 pipewire
   1681 gdm       20   0   25480   6440   5112 S   0.0   0.1   0:01.14 pipewire-media-
   1682 gdm        9 -11  891844  20764  12600 S   0.0   0.3   0:00.68 pulseaudio
   1685 gdm       20   0  163948   5500   4980 S   0.0   0.1   0:00.00 gdm-x-session
   1691 root      20   0   24.2g  82884  35884 S   0.0   1.1   0:01.17 Xorg
   1696 rtkit     21   1  153504   1600   1388 S   0.0   0.0   0:00.16 rtkit-daemon
   1705 gdm       20   0    8840   3596   3212 S   0.0   0.0   0:00.01 dbus-daemon
   1731 root      20   0       0      0      0 S   0.0   0.0   0:00.00 nvidia-modeset/
   1732 root      20   0       0      0      0 S   0.0   0.0   0:00.00 nvidia-modeset/
   1734 root      20   0       0      0      0 S   0.0   0.0   0:00.00 nvidia
   1738 root      20   0       0      0      0 S   0.0   0.0   0:00.00 nv_queue
   1782 root      20   0       0      0      0 S   0.0   0.0   0:00.00 nvidia-drm-nv-t
   1783 root     -51   0       0      0      0 S   0.0   0.0   0:00.00 card1-crtc0
   1784 root     -51   0       0      0      0 S   0.0   0.0   0:00.00 card1-crtc1
   1951 gdm       20   0    5876   1556   1344 S   0.0   0.0   0:00.00 dbus-run-sessio
   1954 gdm       20   0    9108   4476   3604 S   0.0   0.1   0:00.13 dbus-daemon
   2026 gdm       20   0  663384  17800  12956 S   0.0   0.2   0:00.55 gnome-session-b
   2051 gdm       20   0  310068   8972   6272 S   0.0   0.1   0:00.00 at-spi-bus-laun
   2056 gdm       20   0    8692   3552   3168 S   0.0   0.0   0:00.00 dbus-daemon
   2067 gdm       20   0 3397568 136720  73336 S   0.0   1.8   0:26.75 gnome-shell
   2084 gdm       20   0  237676   7020   4540 S   0.0   0.1   0:00.00 xdg-permission-
   2091 root      20   0  243852   8092   6980 S   0.0   0.1   0:00.27 upowerd
   2097 root      20   0  301608  19340  16412 S   0.0   0.2   0:00.89 packagekitd
   2099 gdm       20   0 2804036  25696  20860 S   0.0   0.3   0:00.08 gjs
   2101 gdm       20   0  163144   7192   6424 S   0.0   0.1   0:00.01 at-spi2-registr
   2128 gdm       20   0  468748   9916   8000 S   0.0   0.1   0:01.42 gsd-sharing
   2130 gdm       20   0  338880  16940  12620 S   0.0   0.2   0:00.06 gsd-wacom
   2139 gdm       20   0  599188  21500  16928 S   0.0   0.3   0:00.15 gsd-color
   2143 gdm       20   0  316840  11252   6240 S   0.0   0.1   0:00.09 ibus-daemon
   2150 gdm       20   0  338600  15024  13276 S   0.0   0.2   0:00.04 gsd-keyboard
   2151 gdm       20   0  252472   9916   8488 S   0.0   0.1   0:00.02 gsd-print-notif
   2152 gdm       20   0  459796   8176   5436 S   0.0   0.1   0:00.35 gsd-rfkill
   2153 gdm       20   0  388312   9428   6480 S   0.0   0.1   0:00.01 gsd-smartcard
   2160 gdm       20   0  380556  14476  12508 S   0.0   0.2   0:00.03 gsd-datetime
   2167 gdm       20   0  864180  22384  17516 S   0.0   0.3   0:00.29 gsd-media-keys
   2169 gdm       20   0  237936   4760   4376 S   0.0   0.1   0:00.00 gsd-screensaver
   2170 gdm       20   0  322096   8352   7324 S   0.0   0.1   0:00.01 gsd-sound
   2175 gdm       20   0  312416   6072   5492 S   0.0   0.1   0:00.01 gsd-a11y-settin
   2177 gdm       20   0  242216   7024   6228 S   0.0   0.1   0:00.01 gvfsd
   2178 gdm       20   0  314000   6928   6164 S   0.0   0.1   0:00.52 gsd-housekeepin
   2179 gdm       20   0  449976  18248  15904 S   0.0   0.2   0:00.30 gsd-power
   2203 gdm       20   0  347052  12600  10748 S   0.0   0.2   0:00.02 gsd-printer
   2234 colord    20   0  247460  12768   9028 S   0.0   0.2   0:00.22 colord
   2247 gdm       20   0  239040   8612   5940 S   0.0   0.1   0:00.00 ibus-dconf
   2258 gdm       20   0  238936   5920   5492 S   0.0   0.1   0:00.00 ibus-portal
   2281 gdm       20   0 2812420  25808  20904 S   0.0   0.3   0:00.09 gjs
   2300 gdm       20   0  165096   6500   5876 S   0.0   0.1   0:00.00 ibus-engine-sim
   2453 root      20   0  137440  11976   9612 S   0.0   0.2   0:00.65 cupsd
   2465 root      20   0  343140  19372  14152 S   0.0   0.2   0:01.31 cups-browsed
   2557 gdm       20   0  156672   4460   4068 S   0.0   0.1   0:00.00 dconf-service
   3864 root      20   0       0      0      0 I   0.0   0.0   0:13.03 kworker/u12:2-events_freezable_power_
   9961 jetson    20   0   18140   9776   7372 S   0.0   0.1   0:00.33 systemd
   9962 jetson    20   0  172508   4632      0 S   0.0   0.1   0:00.00 (sd-pam)
   9970 jetson    20   0   41976   6552   5228 S   0.0   0.1   0:00.04 pipewire
   9971 jetson    20   0   25488   6720   5380 S   0.0   0.1   0:01.24 pipewire-media-
  10023 jetson    20   0    8888   4148   3656 S   0.0   0.1   0:00.01 dbus-daemon
  10561 jetson    20   0    5508    776    688 S   0.0   0.0   0:00.20 sleep
  10658 root      20   0   21764   5404   3884 S   0.0   0.1   0:13.59 systemd-udevd
  10666 root      20   0   21752   4108   2588 S   0.0   0.1   0:00.23 systemd-udevd
  11619 root      20   0   21748   4060   2540 S   0.0   0.1   0:00.02 systemd-udevd
  11620 root      20   0   21760   4112   2588 S   0.0   0.1   0:00.02 systemd-udevd
  11634 root      20   0   21760   4016   2496 S   0.0   0.1   0:00.01 systemd-udevd
  11635 root      20   0   21760   4048   2540 S   0.0   0.1   0:00.03 systemd-udevd
  11636 root      20   0   21764   3380   1864 S   0.0   0.0   0:00.01 systemd-udevd
  11648 root      20   0   21764   4008   2468 S   0.0   0.1   0:00.01 systemd-udevd
  11649 root      20   0   21764   3832   2288 S   0.0   0.0   0:00.01 systemd-udevd
  11650 root      20   0   21764   3968   2432 S   0.0   0.1   0:00.00 systemd-udevd
  11653 root      20   0   21764   4496   2944 S   0.0   0.1   0:00.04 systemd-udevd
  11654 root      20   0   21764   4508   2960 S   0.0   0.1   0:00.03 systemd-udevd
 109437 snap_da+  20   0   14484   4632   3932 S   0.0   0.1   0:00.00 dbus
 112737 jetson    20   0  203640  36228  13220 S   0.0   0.5   0:00.70 ros2
 112739 jetson    20   0 2070728  32552  18032 S   0.0   0.4   0:00.36 docker
 112741 jetson    20   0  428380  30784  15880 S   0.0   0.4   0:43.96 robot_state_pub
 112768 root      20   0 1233232  12088   6600 S   0.0   0.2   0:00.92 containerd-shim
 112797 root      20   0   49400  29488  14684 S   0.0   0.4   0:00.36 ros2
 113162 jetson    20   0  920440  65760  26672 S   0.0   0.8   0:45.18 python3
 115031 root      20   0  238832   6988   5696 S   0.0   0.1   0:02.65 iio-sensor-prox
 189012 jetson    20   0  572504  38556  13204 S   0.0   0.5   0:01.40 ros2
 189022 jetson    20   0 1082604  56652  26332 S   0.0   0.7   0:57.88 foxglove_bridge
 189320 jetson    20   0  129772  36300  13220 S   0.0   0.5   0:00.73 ros2
 189475 jetson    20   0   11248   3072   2752 S   0.0   0.0   0:05.04 bash
 189596 jetson    20   0   53012  29660  15012 S   0.0   0.4   0:00.34 ros2
 244731 root      20   0       0      0      0 I   0.0   0.0   0:01.24 kworker/1:2-cgroup_destroy
 344667 root      20   0       0      0      0 I   0.0   0.0   0:00.59 kworker/0:3-events
 349442 root      20   0       0      0      0 I   0.0   0.0   0:05.65 kworker/u12:6-events_unbound
 367657 root       0 -20       0      0      0 I   0.0   0.0   0:11.77 kworker/u13:2-uvcvideo
 369170 root      20   0       0      0      0 I   0.0   0.0   0:04.42 kworker/u12:1-events_freezable_power_
 403545 root      20   0       0      0      0 I   0.0   0.0   0:04.07 kworker/u12:8-events_unbound
 441418 root      20   0       0      0      0 I   0.0   0.0   0:02.93 kworker/u12:7-events_freezable_power_
 443709 root      20   0       0      0      0 I   0.0   0.0   0:00.14 kworker/3:2-cgroup_destroy
 445412 root      20   0       0      0      0 I   0.0   0.0   0:00.25 kworker/2:1-events
 448401 root      20   0       0      0      0 I   0.0   0.0   0:00.00 kworker/5:2-events
 467530 root      20   0       0      0      0 I   0.0   0.0   0:01.91 kworker/u12:3-events_unbound
 468909 jetson    20   0   11116   3036   2756 S   0.0   0.0   0:01.66 bash
 478380 root      20   0       0      0      0 I   0.0   0.0   0:00.29 kworker/1:1-events
 480561 root      20   0       0      0      0 I   0.0   0.0   0:00.00 kworker/4:1-events
 483353 root      20   0       0      0      0 I   0.0   0.0   0:00.00 kworker/2:3-events
 496325 root      20   0       0      0      0 I   0.0   0.0   0:00.11 kworker/3:0-events
 511663 root      20   0       0      0      0 I   0.0   0.0   0:00.00 kworker/0:1-cgroup_destroy
 514145 root      20   0       0      0      0 I   0.0   0.0   0:00.05 kworker/5:1-events
 514952 root      20   0       0      0      0 I   0.0   0.0   0:00.04 kworker/4:0-events
 520043 root       0 -20       0      0      0 I   0.0   0.0   0:01.28 kworker/u13:0-uvcvideo
 528481 root      20   0       0      0      0 I   0.0   0.0   0:00.00 kworker/1:0-events
 528980 root      20   0    9436    780    704 S   0.0   0.0   0:00.00 sleep
 530050 root      20   0       0      0      0 I   0.0   0.0   0:00.00 kworker/3:1-cgroup_destroy
 530052 root      20   0       0      0      0 I   0.0   0.0   0:00.00 kworker/2:0-cgroup_destroy
 530228 root      20   0       0      0      0 I   0.0   0.0   0:00.00 kworker/3:3-cgroup_destroy
 530300 root      20   0       0      0      0 I   0.0   0.0   0:00.00 kworker/2:2-events
 532747 root      20   0       0      0      0 I   0.0   0.0   0:00.00 kworker/0:0-events
 533529 jetson    20   0   11248   3304   2868 S   0.0   0.0   0:00.03 bash
 536497 jetson    20   0   11248   3288   2852 S   0.0   0.0   0:00.01 bash
 536579 jetson    20   0    2872    884    788 S   0.0   0.0   0:00.07 tegrastats
 536849 jetson    20   0    9480    820    736 S   0.0   0.0   0:00.00 tail
 537023 root      20   0       0      0      0 I   0.0   0.0   0:00.00 kworker/4:2
 538032 root      20   0       0      0      0 I   0.0   0.0   0:00.00 kworker/5:0
 538300 root      30  10    9436    772    692 S   0.0   0.0   0:00.00 sleep
 538553 jetson    20   0    9444    788    704 S   0.0   0.0   0:00.00 sleep
 538626 jetson    20   0   11116   1408   1128 S   0.0   0.0   0:00.00 bash

top - 12:24:31 up  3:27,  0 users,  load average: 9.17, 5.35, 3.87
Tasks: 356 total,   4 running, 352 sleeping,   0 stopped,   0 zombie
%Cpu(s): 45.3 us, 26.4 sy,  0.0 ni, 21.1 id,  0.0 wa,  2.9 hi,  4.3 si,  0.0 st
MiB Mem :   7607.4 total,   2803.6 free,   2063.4 used,   2740.3 buff/cache
MiB Swap:   3803.7 total,   3803.7 free,      0.0 used.   5245.5 avail Mem 

    PID USER      PR  NI    VIRT    RES    SHR S  %CPU  %MEM     TIME+ COMMAND
 536848 jetson    20   0  753776  71844  29568 S  45.4   0.9   0:13.48 python3
 189211 jetson    20   0  506208  35400  18400 S  39.0   0.5  12:59.54 ekf_node
 189435 jetson    20   0  963220  49988  23640 S  34.6   0.6  11:36.96 controller_serv
 189209 jetson    20   0  709056  62924  27264 R  31.2   0.8  42:52.79 python3
 189322 jetson    20   0 1062768  54972  24352 S  30.7   0.7   3:34.89 async_slam_tool
 536577 jetson    20   0  763888  55444  25424 S  30.2   0.7   0:10.28 ros2
 189612 jetson    20   0 9355088 429488  86828 S  25.9   5.5  17:40.67 nvblox_node
 189443 jetson    20   0  530952  46636  26204 S  24.4   0.6   9:56.14 bt_navigator
 189439 jetson    20   0 1070976  72732  24728 S  18.0   0.9  10:03.62 planner_server
 189441 jetson    20   0  516476  35524  21032 S  15.6   0.5   8:15.83 behavior_server
    969 root      20   0  237048  10420   6400 R  14.6   0.1   1:33.08 polkitd
 189437 jetson    20   0  664776  35144  19416 S  14.1   0.5   7:00.53 smoother_server
 189018 jetson    20   0  432956  26708  14244 S  13.7   0.3  18:48.64 rplidar_node
 189014 jetson    20   0 1750488 105416  51332 S  12.2   1.4  15:42.69 realsense2_came
 189473 jetson    20   0  577396  31376  16252 S   9.3   0.4  12:33.68 lifecycle_manag
 189433 jetson    20   0  709716  63544  27368 S   8.3   0.8   4:46.07 python3
 189020 jetson    20   0  707980  61536  27440 R   7.8   0.8   9:19.09 python3
 189447 jetson    20   0  431308  30976  17020 S   5.4   0.4   5:42.28 waypoint_follow
 189462 jetson    20   0  428560  29632  15952 S   5.4   0.4   5:38.68 velocity_smooth
 112823 root      20   0 1235152  44624  11476 S   3.9   0.6   9:32.29 micro_ros_agent
    829 message+  20   0   10456   5684   3584 S   2.9   0.1   0:22.04 dbus-daemon
    830 root      20   0  338724  21060  14884 S   2.9   0.3   0:21.35 NetworkManager
 189016 jetson    20   0  709040  65192  27268 S   2.9   0.8   4:04.04 python3
      1 root      20   0  167880  11776   7444 S   2.4   0.2   0:16.10 systemd
   1221 root      20   0 2093080  74688  33248 S   1.0   1.0   0:50.98 containerd
   1570 root      20   0 2426540 117424  57248 S   1.0   1.5   0:51.85 dockerd
 536578 jetson    20   0   14340   3388   2776 R   1.0   0.0   0:00.33 top
     14 root      20   0       0      0      0 S   0.5   0.0   0:09.25 ksoftirqd/0
     15 root      20   0       0      0      0 I   0.5   0.0   0:05.59 rcu_preempt
    256 root      19  -1   48768  12328  10712 S   0.5   0.2   0:14.74 systemd-journal
    329 root      20   0   23572   6908   4792 S   0.5   0.1   0:48.46 systemd-udevd
    893 root      rt   0       0      0      0 S   0.5   0.0   0:23.81 sugov:4
   2067 gdm       20   0 3397568 136720  73336 S   0.5   1.8   0:26.76 gnome-shell
   3864 root      20   0       0      0      0 I   0.5   0.0   0:13.04 kworker/u12:2-events_freezable_power_
  10532 root      20   0 1233232  12088   6212 S   0.5   0.2   0:34.87 containerd-shim
 129749 root      20   0       0      0      0 I   0.5   0.0   0:09.26 kworker/u12:5-events_unbound
 189012 jetson    20   0  572504  38556  13204 S   0.5   0.5   0:01.41 ros2
 189022 jetson    20   0 1082604  56652  26332 S   0.5   0.7   0:57.89 foxglove_bridge
 369170 root      20   0       0      0      0 I   0.5   0.0   0:04.43 kworker/u12:1-events_unbound
 469901 root       0 -20       0      0      0 I   0.5   0.0   0:01.89 kworker/u13:3-uvcvideo
 499790 root       0 -20       0      0      0 I   0.5   0.0   0:02.44 kworker/u13:4-uvcvideo
      2 root      20   0       0      0      0 S   0.0   0.0   0:00.02 kthreadd
      3 root       0 -20       0      0      0 I   0.0   0.0   0:00.00 rcu_gp
      4 root       0 -20       0      0      0 I   0.0   0.0   0:00.00 rcu_par_gp
      5 root       0 -20       0      0      0 I   0.0   0.0   0:00.00 slub_flushwq
      6 root       0 -20       0      0      0 I   0.0   0.0   0:00.00 netns
      8 root       0 -20       0      0      0 I   0.0   0.0   0:00.00 kworker/0:0H-events_highpri
     10 root       0 -20       0      0      0 I   0.0   0.0   0:00.00 mm_percpu_wq
     11 root      20   0       0      0      0 S   0.0   0.0   0:00.00 rcu_tasks_kthre
     12 root      20   0       0      0      0 S   0.0   0.0   0:00.00 rcu_tasks_rude_
     13 root      20   0       0      0      0 S   0.0   0.0   0:00.00 rcu_tasks_trace
     16 root      rt   0       0      0      0 S   0.0   0.0   0:00.03 migration/0
     17 root      20   0       0      0      0 S   0.0   0.0   0:00.00 cpuhp/0
     18 root      20   0       0      0      0 S   0.0   0.0   0:00.00 cpuhp/1
     19 root      rt   0       0      0      0 S   0.0   0.0   0:00.03 migration/1
     20 root      20   0       0      0      0 S   0.0   0.0   0:01.10 ksoftirqd/1
     22 root       0 -20       0      0      0 I   0.0   0.0   0:00.00 kworker/1:0H-events_highpri
     23 root      20   0       0      0      0 S   0.0   0.0   0:00.00 cpuhp/2
     24 root      rt   0       0      0      0 S   0.0   0.0   0:00.03 migration/2
     25 root      20   0       0      0      0 S   0.0   0.0   0:01.10 ksoftirqd/2
     27 root       0 -20       0      0      0 I   0.0   0.0   0:00.00 kworker/2:0H-events_highpri
     28 root      20   0       0      0      0 S   0.0   0.0   0:00.00 cpuhp/3
     29 root      rt   0       0      0      0 S   0.0   0.0   0:00.02 migration/3
     30 root      20   0       0      0      0 S   0.0   0.0   0:01.07 ksoftirqd/3
     32 root       0 -20       0      0      0 I   0.0   0.0   0:00.00 kworker/3:0H-events_highpri
     33 root      20   0       0      0      0 S   0.0   0.0   0:00.00 cpuhp/4
     34 root      rt   0       0      0      0 S   0.0   0.0   0:00.07 migration/4
     35 root      20   0       0      0      0 S   0.0   0.0   0:00.95 ksoftirqd/4
     37 root       0 -20       0      0      0 I   0.0   0.0   0:00.00 kworker/4:0H-events_highpri
     38 root      20   0       0      0      0 S   0.0   0.0   0:00.00 cpuhp/5
     39 root      rt   0       0      0      0 S   0.0   0.0   0:00.07 migration/5
     40 root      20   0       0      0      0 S   0.0   0.0   0:00.88 ksoftirqd/5
     42 root       0 -20       0      0      0 I   0.0   0.0   0:00.00 kworker/5:0H-kblockd
     43 root      20   0       0      0      0 S   0.0   0.0   0:00.00 kdevtmpfs
     44 root       0 -20       0      0      0 I   0.0   0.0   0:00.00 inet_frag_wq
     51 root      20   0       0      0      0 S   0.0   0.0   0:00.00 kauditd
     52 root      20   0       0      0      0 S   0.0   0.0   0:00.00 oom_reaper
     53 root       0 -20       0      0      0 I   0.0   0.0   0:00.00 writeback
     54 root      20   0       0      0      0 S   0.0   0.0   0:00.10 kcompactd0
     55 root      25   5       0      0      0 S   0.0   0.0   0:00.00 ksmd
     56 root      39  19       0      0      0 S   0.0   0.0   0:00.89 khugepaged
     67 root       0 -20       0      0      0 I   0.0   0.0   0:00.00 cryptd
     86 root       0 -20       0      0      0 I   0.0   0.0   0:00.00 kintegrityd
     87 root       0 -20       0      0      0 I   0.0   0.0   0:00.00 kblockd
     88 root       0 -20       0      0      0 I   0.0   0.0   0:00.00 blkcg_punt_bio
     89 root       0 -20       0      0      0 I   0.0   0.0   0:00.00 tpm_dev_wq
     90 root       0 -20       0      0      0 I   0.0   0.0   0:00.00 ata_sff
     91 root       0 -20       0      0      0 I   0.0   0.0   0:00.00 edac-poller
     92 root       0 -20       0      0      0 I   0.0   0.0   0:00.00 devfreq_wq
     93 root     -51   0       0      0      0 S   0.0   0.0   0:00.00 watchdogd
     96 root       0 -20       0      0      0 I   0.0   0.0   0:00.04 kworker/0:1H-kblockd
     97 root       0 -20       0      0      0 I   0.0   0.0   0:00.00 rpciod
     99 root       0 -20       0      0      0 I   0.0   0.0   0:00.00 xprtiod
    127 root      20   0       0      0      0 S   0.0   0.0   0:00.00 kswapd0
    128 root       0 -20       0      0      0 I   0.0   0.0   0:00.00 nfsiod
    132 root       0 -20       0      0      0 I   0.0   0.0   0:00.00 vfio-irqfd-clea
    133 root       0 -20       0      0      0 I   0.0   0.0   0:00.00 bch_btree_io
    134 root       0 -20       0      0      0 I   0.0   0.0   0:00.00 bcache
    135 root       0 -20       0      0      0 I   0.0   0.0   0:00.00 bch_journal
    136 root       0 -20       0      0      0 I   0.0   0.0   0:00.00 dm_bufio_cache
    140 root      10 -10       0      0      0 S   0.0   0.0   0:00.00 krfcommd
    141 root      20   0       0      0      0 S   0.0   0.0   0:00.00 pr/tty0
    142 root      20   0       0      0      0 S   0.0   0.0   0:03.01 pr/ttyTCU0
    145 root     -51   0       0      0      0 S   0.0   0.0   0:00.00 irq/114-3160000
    147 root     -51   0       0      0      0 S   0.0   0.0   0:00.00 irq/115-3180000
    149 root     -51   0       0      0      0 S   0.0   0.0   0:00.00 irq/116-31b0000
    150 root     -51   0       0      0      0 S   0.0   0.0   0:00.00 irq/167-c240000
    151 root     -51   0       0      0      0 S   0.0   0.0   0:00.00 irq/168-c250000
    152 root     -51   0       0      0      0 S   0.0   0.0   0:00.00 irq/125-3610000
    153 root     -51   0       0      0      0 S   0.0   0.0   0:00.00 irq/122-3610000
    154 root       0 -20       0      0      0 I   0.0   0.0   0:00.00 sdhci
    155 root     -51   0       0      0      0 S   0.0   0.0   0:00.00 irq/120-mmc0
    156 root     -51   0       0      0      0 S   0.0   0.0   0:00.00 irq/230-3400000
    178 root     -51   0       0      0      0 S   0.0   0.0   0:00.00 irq/191-tegra-p
    179 root       0 -20       0      0      0 I   0.0   0.0   0:00.00 nvme-wq
    180 root       0 -20       0      0      0 I   0.0   0.0   0:00.00 nvme-reset-wq
    181 root       0 -20       0      0      0 I   0.0   0.0   0:00.00 nvme-delete-wq
    190 root     -51   0       0      0      0 S   0.0   0.0   0:00.00 irq/191-aerdrv
    191 root     -51   0       0      0      0 S   0.0   0.0   0:00.00 irq/193-tegra-p
    194 root     -51   0       0      0      0 S   0.0   0.0   0:00.00 irq/193-aerdrv
    195 root     -51   0       0      0      0 S   0.0   0.0   0:00.00 irq/195-tegra-p
    197 root     -51   0       0      0      0 S   0.0   0.0   0:00.00 irq/232-nvme0q0
    198 root     -51   0       0      0      0 S   0.0   0.0   0:00.38 irq/233-nvme0q1
    199 root     -51   0       0      0      0 S   0.0   0.0   0:00.37 irq/234-nvme0q2
    200 root     -51   0       0      0      0 S   0.0   0.0   0:00.44 irq/235-nvme0q3
    201 root     -51   0       0      0      0 S   0.0   0.0   0:00.29 irq/236-nvme0q4
    202 root     -51   0       0      0      0 S   0.0   0.0   0:00.11 irq/237-nvme0q5
    203 root     -51   0       0      0      0 S   0.0   0.0   0:00.11 irq/238-nvme0q6
    210 root       0 -20       0      0      0 I   0.0   0.0   0:00.05 kworker/5:1H-kblockd
    211 root      20   0       0      0      0 S   0.0   0.0   0:00.79 jbd2/nvme0n1p1-
    212 root       0 -20       0      0      0 I   0.0   0.0   0:00.00 ext4-rsv-conver
    221 root       0 -20       0      0      0 I   0.0   0.0   0:00.00 mld
    222 root       0 -20       0      0      0 I   0.0   0.0   0:00.03 kworker/1:1H-kblockd
    223 root       0 -20       0      0      0 I   0.0   0.0   0:00.00 ipv6_addrconf
    253 root       0 -20       0      0      0 I   0.0   0.0   0:00.04 kworker/3:1H-kblockd
    275 root       0 -20       0      0      0 I   0.0   0.0   0:00.04 kworker/2:1H-kblockd
    280 root      39  19       0      0      0 S   0.0   0.0   0:00.48 nvmap-bz
    281 root     -51   0       0      0      0 S   0.0   0.0   0:00.00 irq/188-host1x_
    284 root     -51   0       0      0      0 S   0.0   0.0   0:00.00 irq/197-gk20a_s
    285 root     -51   0       0      0      0 S   0.0   0.0   0:00.01 irq/198-gk20a_s
    286 root     -51   0       0      0      0 S   0.0   0.0   0:00.01 irq/199-gk20a_s
    287 root     -51   0       0      0      0 S   0.0   0.0   0:00.00 irq/200-gk20a_n
    293 root      20   0   11116   3456   3200 S   0.0   0.0   0:00.00 nv-tee-supplica
    300 root      20   0  150380   1344   1232 S   0.0   0.0   0:00.01 tee-supplicant
    302 root       0 -20       0      0      0 I   0.0   0.0   0:00.00 optee_bus_scan
    312 root      20   0   23872   6336   4084 S   0.0   0.1   0:14.33 systemd-udevd
    313 root      20   0   23220   4796   3028 S   0.0   0.1   0:00.08 systemd-udevd
    314 root      20   0   24292   6724   3856 S   0.0   0.1   0:00.17 systemd-udevd
    315 root      20   0   23252   5932   4012 S   0.0   0.1   0:00.37 systemd-udevd
    316 root      20   0   23216   4780   3004 S   0.0   0.1   0:00.21 systemd-udevd
    317 root      20   0   23520   5532   3480 S   0.0   0.1   0:00.14 systemd-udevd
    318 root      20   0   23216   5256   3456 S   0.0   0.1   0:00.39 systemd-udevd
    319 root      20   0   23216   5360   3528 S   0.0   0.1   0:00.28 systemd-udevd
    320 root      20   0   23264   5404   3480 S   0.0   0.1   0:00.13 systemd-udevd
    321 root      20   0   23216   5884   4040 S   0.0   0.1   0:00.29 systemd-udevd
    322 root      20   0   23216   5084   3276 S   0.0   0.1   0:00.13 systemd-udevd
    323 root      20   0   23240   5820   3912 S   0.0   0.1   0:00.12 systemd-udevd
    324 root      20   0   23268   5436   3500 S   0.0   0.1   0:00.15 systemd-udevd
    325 root      20   0   23216   5908   4044 S   0.0   0.1   0:00.62 systemd-udevd
    326 root      20   0   23216   4580   2760 S   0.0   0.1   0:00.11 systemd-udevd
    327 root      20   0   23528   5324   3256 S   0.0   0.1   0:00.11 systemd-udevd
    328 root      20   0   23216   5100   3284 S   0.0   0.1   0:00.13 systemd-udevd
    330 root      20   0   23216   5104   3280 S   0.0   0.1   0:00.11 systemd-udevd
    331 root      20   0   23216   5140   3312 S   0.0   0.1   0:00.27 systemd-udevd
    332 root      20   0   23264   5160   3236 S   0.0   0.1   0:00.18 systemd-udevd
    333 root      20   0   23216   5496   3668 S   0.0   0.1   0:00.11 systemd-udevd
    334 root      20   0   23216   4972   3156 S   0.0   0.1   0:00.27 systemd-udevd
    336 root      20   0   23216   5080   3248 S   0.0   0.1   0:00.26 systemd-udevd
    337 root      20   0   23276   4580   2644 S   0.0   0.1   0:00.11 systemd-udevd
    338 root      20   0   23280   6100   4152 S   0.0   0.1   0:00.24 systemd-udevd
    339 root      20   0   23548   6220   4128 S   0.0   0.1   0:00.35 systemd-udevd
    340 root      20   0   23216   5620   3796 S   0.0   0.1   0:00.21 systemd-udevd
    341 root      20   0   23216   4940   3108 S   0.0   0.1   0:00.17 systemd-udevd
    344 root       0 -20       0      0      0 I   0.0   0.0   0:00.05 kworker/4:1H-kblockd
    388 root     -51   0       0      0      0 S   0.0   0.0   0:00.00 irq/189-tegra-p
    397 root      20   0       0      0      0 S   0.0   0.0   0:00.00 15820000.crypto
    398 root      20   0       0      0      0 S   0.0   0.0   0:00.00 15840000.crypto
    420 root     -51   0       0      0      0 S   0.0   0.0   0:00.00 irq/189-aerdrv
    422 root     -51   0       0      0      0 S   0.0   0.0   0:00.00 irq/219-bc00000
    423 root      -2   0       0      0      0 S   0.0   0.0   0:00.00 capture-control
    424 root      -2   0       0      0      0 S   0.0   0.0   0:00.00 capture
    425 root     -51   0       0      0      0 S   0.0   0.0   0:00.00 irq/214-tegra_d
    426 root     -51   0       0      0      0 S   0.0   0.0   0:00.00 irq/215-tegra_d
    427 root       0 -20       0      0      0 I   0.0   0.0   0:00.00 dce-async-ipc-w
    428 root     -51   0       0      0      0 S   0.0   0.0   0:00.00 irq/240-nvvrs-p
    429 root      20   0       0      0      0 S   0.0   0.0   0:00.00 nv_queue
    430 root      20   0       0      0      0 S   0.0   0.0   0:00.00 nv_queue
    484 root       0 -20       0      0      0 I   0.0   0.0   0:00.00 cfg80211
    485 root     -51   0       0      0      0 S   0.0   0.0   0:00.00 irq/118-3210000
    489 root      20   0       0      0      0 S   0.0   0.0   0:00.00 spi0
    498 root     -51   0       0      0      0 S   0.0   0.0   0:00.00 irq/119-3230000
    503 root      20   0       0      0      0 S   0.0   0.0   0:00.00 spi1
    551 root       0 -20       0      0      0 I   0.0   0.0   0:00.00 btfwwork
    650 root      20   0    8236   6484   1432 S   0.0   0.1   0:00.51 haveged
    653 _rpc      20   0    7932   2260   1912 S   0.0   0.0   0:00.01 rpcbind
    655 systemd+  20   0   26320  13576   8500 S   0.0   0.2   0:00.46 systemd-resolve
    657 systemd+  20   0   88880   6412   5564 S   0.0   0.1   0:00.15 systemd-timesyn
    827 avahi     20   0    8224   3680   3144 S   0.0   0.0   0:00.72 avahi-daemon
    828 root      20   0    9888   4548   4112 S   0.0   0.1   0:00.06 bluetoothd
    840 root      20   0   43504  19808  10212 S   0.0   0.3   0:00.15 networkd-dispat
    851 root      20   0  241620   7020   6316 S   0.0   0.1   0:00.32 power-profiles-
    854 syslog    20   0  222160   7056   3672 S   0.0   0.1   0:03.01 rsyslogd
    860 root      20   0    2240    792    712 S   0.0   0.0   0:00.00 seatd
    866 root      20   0 2145700  49220  25584 S   0.0   0.6   0:21.57 snapd
    871 root      20   0  242128   7456   6576 S   0.0   0.1   0:01.17 accounts-daemon
    872 root      20   0  238124   8280   5636 S   0.0   0.1   0:00.03 switcheroo-cont
    875 root      20   0   49004   7660   6308 S   0.0   0.1   0:01.84 systemd-logind
    876 root      20   0  394252  11960   9468 S   0.0   0.2   0:00.52 udisksd
    878 root      20   0   16636  10300   8304 S   0.0   0.1   0:01.18 wpa_supplicant
    883 avahi     20   0    7812    356      0 S   0.0   0.0   0:00.00 avahi-daemon
    890 root      rt   0       0      0      0 S   0.0   0.0   0:54.55 sugov:0
    944 root      30  10   11248   3604   3204 S   0.0   0.0   0:04.63 wifi_mon.sh
   1004 root      20   0    2460   1540   1364 S   0.0   0.0   0:04.27 nvfancontrol
   1045 root      20   0       0      0      0 S   0.0   0.0   0:00.00 sw-quiesce
   1050 root      20   0       0      0      0 S   0.0   0.0   0:11.92 nvgpu_channel_p
   1069 root      20   0       0      0      0 S   0.0   0.0   0:00.00 nvgpu_pg_init_g
   1108 root      20   0       0      0      0 S   0.0   0.0   0:00.00 nvgpu_clk_arb_p
   1129 root      20   0       0      0      0 S   0.0   0.0   0:04.62 RTW_CMD_THREAD
   1158 root      20   0   75936  10084   8260 S   0.0   0.1   0:00.01 nvargus-daemon
   1159 root      20   0   11116   3508   3204 S   0.0   0.0   0:00.04 nvmemwarning.sh
   1173 root      20   0   22192   1776   1580 S   0.0   0.0   0:00.00 nvs-service
   1191 ollama    20   0 2006720  38588  20428 S   0.0   0.5   0:00.61 ollama
   1203 root      20   0    2336   1396   1280 S   0.0   0.0   0:01.61 run-cups-browse
   1206 root      20   0    2336   1376   1248 S   0.0   0.0   0:01.92 run-cupsd
   1219 root      20   0       0      0      0 S   0.0   0.0   0:00.00 pr/ramoops-1
   1241 root      20   0   10772   2820   2572 S   0.0   0.0   0:00.03 cron
   1276 kernoops  20   0   12812    452      0 S   0.0   0.0   0:00.01 kerneloops
   1277 root      20   0  243100   7964   7012 S   0.0   0.1   0:00.03 gdm3
   1293 root      20   0    9468    732    656 S   0.0   0.0   0:00.00 agetty
   1296 kernoops  20   0   12812    452      0 S   0.0   0.0   0:00.01 kerneloops
   1305 root      20   0    9468    724    648 S   0.0   0.0   0:00.00 agetty
   1322 root      20   0  173408   8800   7628 S   0.0   0.1   0:00.01 gdm-session-wor
   1404 gdm       20   0   18124   9732   7360 S   0.0   0.1   0:00.43 systemd
   1420 root      20   0       0      0      0 S   0.0   0.0   0:00.00 file-storage
   1423 gdm       20   0  172232   4504      0 S   0.0   0.1   0:00.00 (sd-pam)
   1461 root      20   0   15272   8356   6776 S   0.0   0.1   0:00.33 sshd
   1522 root      20   0    3076    988    876 S   0.0   0.0   0:00.00 nvphsd
   1527 root      20   0    3208   1512   1352 S   0.0   0.0   0:00.00 nvphsd
   1680 gdm        9 -11   41968   6472   5156 S   0.0   0.1   0:00.04 pipewire
   1681 gdm       20   0   25480   6440   5112 S   0.0   0.1   0:01.14 pipewire-media-
   1682 gdm        9 -11  891844  20764  12600 S   0.0   0.3   0:00.68 pulseaudio
   1685 gdm       20   0  163948   5500   4980 S   0.0   0.1   0:00.00 gdm-x-session
   1691 root      20   0   24.2g  82884  35884 S   0.0   1.1   0:01.17 Xorg
   1696 rtkit     21   1  153504   1600   1388 S   0.0   0.0   0:00.16 rtkit-daemon
   1705 gdm       20   0    8840   3596   3212 S   0.0   0.0   0:00.01 dbus-daemon
   1731 root      20   0       0      0      0 S   0.0   0.0   0:00.00 nvidia-modeset/
   1732 root      20   0       0      0      0 S   0.0   0.0   0:00.00 nvidia-modeset/
   1734 root      20   0       0      0      0 S   0.0   0.0   0:00.00 nvidia
   1738 root      20   0       0      0      0 S   0.0   0.0   0:00.00 nv_queue
   1782 root      20   0       0      0      0 S   0.0   0.0   0:00.00 nvidia-drm-nv-t
   1783 root     -51   0       0      0      0 S   0.0   0.0   0:00.00 card1-crtc0
   1784 root     -51   0       0      0      0 S   0.0   0.0   0:00.00 card1-crtc1
   1951 gdm       20   0    5876   1556   1344 S   0.0   0.0   0:00.00 dbus-run-sessio
   1954 gdm       20   0    9108   4476   3604 S   0.0   0.1   0:00.13 dbus-daemon
   2026 gdm       20   0  663384  17800  12956 S   0.0   0.2   0:00.55 gnome-session-b
   2051 gdm       20   0  310068   8972   6272 S   0.0   0.1   0:00.00 at-spi-bus-laun
   2056 gdm       20   0    8692   3552   3168 S   0.0   0.0   0:00.00 dbus-daemon
   2084 gdm       20   0  237676   7020   4540 S   0.0   0.1   0:00.00 xdg-permission-
   2091 root      20   0  243852   8092   6980 S   0.0   0.1   0:00.27 upowerd
   2097 root      20   0  301608  19340  16412 S   0.0   0.2   0:00.89 packagekitd
   2099 gdm       20   0 2804036  25696  20860 S   0.0   0.3   0:00.08 gjs
   2101 gdm       20   0  163144   7192   6424 S   0.0   0.1   0:00.01 at-spi2-registr
   2128 gdm       20   0  468748   9916   8000 S   0.0   0.1   0:01.42 gsd-sharing
   2130 gdm       20   0  338880  16940  12620 S   0.0   0.2   0:00.06 gsd-wacom
   2139 gdm       20   0  599188  21500  16928 S   0.0   0.3   0:00.15 gsd-color
   2143 gdm       20   0  316840  11252   6240 S   0.0   0.1   0:00.09 ibus-daemon
   2150 gdm       20   0  338600  15024  13276 S   0.0   0.2   0:00.04 gsd-keyboard
   2151 gdm       20   0  252472   9916   8488 S   0.0   0.1   0:00.02 gsd-print-notif
   2152 gdm       20   0  459796   8176   5436 S   0.0   0.1   0:00.35 gsd-rfkill
   2153 gdm       20   0  388312   9428   6480 S   0.0   0.1   0:00.01 gsd-smartcard
   2160 gdm       20   0  380556  14476  12508 S   0.0   0.2   0:00.03 gsd-datetime
   2167 gdm       20   0  864180  22384  17516 S   0.0   0.3   0:00.29 gsd-media-keys
   2169 gdm       20   0  237936   4760   4376 S   0.0   0.1   0:00.00 gsd-screensaver
   2170 gdm       20   0  322096   8352   7324 S   0.0   0.1   0:00.01 gsd-sound
   2175 gdm       20   0  312416   6072   5492 S   0.0   0.1   0:00.01 gsd-a11y-settin
   2177 gdm       20   0  242216   7024   6228 S   0.0   0.1   0:00.01 gvfsd
   2178 gdm       20   0  314000   6928   6164 S   0.0   0.1   0:00.52 gsd-housekeepin
   2179 gdm       20   0  449976  18248  15904 S   0.0   0.2   0:00.30 gsd-power
   2203 gdm       20   0  347052  12600  10748 S   0.0   0.2   0:00.02 gsd-printer
   2234 colord    20   0  247460  12768   9028 S   0.0   0.2   0:00.22 colord
   2247 gdm       20   0  239040   8612   5940 S   0.0   0.1   0:00.00 ibus-dconf
   2258 gdm       20   0  238936   5920   5492 S   0.0   0.1   0:00.00 ibus-portal
   2281 gdm       20   0 2812420  25808  20904 S   0.0   0.3   0:00.09 gjs
   2300 gdm       20   0  165096   6500   5876 S   0.0   0.1   0:00.00 ibus-engine-sim
   2453 root      20   0  137440  11976   9612 S   0.0   0.2   0:00.65 cupsd
   2465 root      20   0  343140  19372  14152 S   0.0   0.2   0:01.31 cups-browsed
   2557 gdm       20   0  156672   4460   4068 S   0.0   0.1   0:00.00 dconf-service
   9961 jetson    20   0   18140   9776   7372 S   0.0   0.1   0:00.33 systemd
   9962 jetson    20   0  172508   4632      0 S   0.0   0.1   0:00.00 (sd-pam)
   9970 jetson    20   0   41976   6552   5228 S   0.0   0.1   0:00.04 pipewire
   9971 jetson    20   0   25488   6720   5380 S   0.0   0.1   0:01.24 pipewire-media-
  10023 jetson    20   0    8888   4148   3656 S   0.0   0.1   0:00.01 dbus-daemon
  10561 jetson    20   0    5508    776    688 S   0.0   0.0   0:00.20 sleep
  10658 root      20   0   21764   5404   3884 S   0.0   0.1   0:13.59 systemd-udevd
  10666 root      20   0   21752   4108   2588 S   0.0   0.1   0:00.23 systemd-udevd
  11619 root      20   0   21748   4060   2540 S   0.0   0.1   0:00.02 systemd-udevd
  11620 root      20   0   21760   4112   2588 S   0.0   0.1   0:00.02 systemd-udevd
  11621 root      20   0   21760   4516   2952 S   0.0   0.1   0:27.67 systemd-udevd
  11634 root      20   0   21760   4016   2496 S   0.0   0.1   0:00.01 systemd-udevd
  11635 root      20   0   21760   4048   2540 S   0.0   0.1   0:00.03 systemd-udevd
  11636 root      20   0   21764   3380   1864 S   0.0   0.0   0:00.01 systemd-udevd
  11648 root      20   0   21764   4008   2468 S   0.0   0.1   0:00.01 systemd-udevd
  11649 root      20   0   21764   3832   2288 S   0.0   0.0   0:00.01 systemd-udevd
  11650 root      20   0   21764   3968   2432 S   0.0   0.1   0:00.00 systemd-udevd
  11653 root      20   0   21764   4496   2944 S   0.0   0.1   0:00.04 systemd-udevd
  11654 root      20   0   21764   4508   2960 S   0.0   0.1   0:00.03 systemd-udevd
 109437 snap_da+  20   0   14484   4632   3932 S   0.0   0.1   0:00.00 dbus
 112737 jetson    20   0  203640  36228  13220 S   0.0   0.5   0:00.70 ros2
 112739 jetson    20   0 2070728  32552  18032 S   0.0   0.4   0:00.36 docker
 112741 jetson    20   0  428380  30784  15880 S   0.0   0.4   0:43.96 robot_state_pub
 112768 root      20   0 1233232  12088   6600 S   0.0   0.2   0:00.92 containerd-shim
 112797 root      20   0   49400  29488  14684 S   0.0   0.4   0:00.36 ros2
 113162 jetson    20   0  920440  65760  26672 S   0.0   0.8   0:45.18 python3
 115031 root      20   0  238832   6988   5696 S   0.0   0.1   0:02.65 iio-sensor-prox
 189320 jetson    20   0  129772  36300  13220 S   0.0   0.5   0:00.73 ros2
 189431 jetson    20   0  796980  41908  13220 S   0.0   0.5   0:01.42 ros2
 189475 jetson    20   0   11248   3072   2752 S   0.0   0.0   0:05.04 bash
 189596 jetson    20   0   53012  29660  15012 S   0.0   0.4   0:00.34 ros2
 206274 root      20   0       0      0      0 I   0.0   0.0   0:10.46 kworker/u12:9-events_unbound
 244731 root      20   0       0      0      0 I   0.0   0.0   0:01.24 kworker/1:2-cgroup_destroy
 286436 root      20   0       0      0      0 I   0.0   0.0   0:08.58 kworker/u12:0-events_freezable_power_
 344667 root      20   0       0      0      0 I   0.0   0.0   0:00.59 kworker/0:3-events
 349442 root      20   0       0      0      0 I   0.0   0.0   0:05.65 kworker/u12:6-events_unbound
 367657 root       0 -20       0      0      0 I   0.0   0.0   0:11.77 kworker/u13:2-uvcvideo
 403545 root      20   0       0      0      0 I   0.0   0.0   0:04.07 kworker/u12:8-events_freezable_power_
 441418 root      20   0       0      0      0 I   0.0   0.0   0:02.93 kworker/u12:7-events_freezable_power_
 443709 root      20   0       0      0      0 I   0.0   0.0   0:00.14 kworker/3:2-cgroup_destroy
 445412 root      20   0       0      0      0 I   0.0   0.0   0:00.25 kworker/2:1-events
 448401 root      20   0       0      0      0 I   0.0   0.0   0:00.00 kworker/5:2-events
 467530 root      20   0       0      0      0 I   0.0   0.0   0:01.91 kworker/u12:3-events_unbound
 468909 jetson    20   0   11116   3036   2756 S   0.0   0.0   0:01.66 bash
 478380 root      20   0       0      0      0 I   0.0   0.0   0:00.29 kworker/1:1-events
 480561 root      20   0       0      0      0 I   0.0   0.0   0:00.00 kworker/4:1-events
 483353 root      20   0       0      0      0 I   0.0   0.0   0:00.00 kworker/2:3-events
 489026 root      20   0       0      0      0 I   0.0   0.0   0:01.24 kworker/u12:10-events_freezable_power_
 496325 root      20   0       0      0      0 I   0.0   0.0   0:00.11 kworker/3:0-events
 511663 root      20   0       0      0      0 I   0.0   0.0   0:00.00 kworker/0:1-cgroup_destroy
 514145 root      20   0       0      0      0 I   0.0   0.0   0:00.05 kworker/5:1-events
 514952 root      20   0       0      0      0 I   0.0   0.0   0:00.04 kworker/4:0-events
 520043 root       0 -20       0      0      0 I   0.0   0.0   0:01.28 kworker/u13:0-uvcvideo
 528481 root      20   0       0      0      0 I   0.0   0.0   0:00.00 kworker/1:0-events
 528980 root      20   0    9436    780    704 S   0.0   0.0   0:00.00 sleep
 530050 root      20   0       0      0      0 I   0.0   0.0   0:00.00 kworker/3:1-cgroup_destroy
 530052 root      20   0       0      0      0 I   0.0   0.0   0:00.00 kworker/2:0-cgroup_destroy
 530228 root      20   0       0      0      0 I   0.0   0.0   0:00.00 kworker/3:3-cgroup_destroy
 530300 root      20   0       0      0      0 I   0.0   0.0   0:00.00 kworker/2:2-events
 532747 root      20   0       0      0      0 I   0.0   0.0   0:00.00 kworker/0:0-events
 533529 jetson    20   0   11248   3304   2868 S   0.0   0.0   0:00.03 bash
 536497 jetson    20   0   11248   3288   2852 S   0.0   0.0   0:00.01 bash
 536579 jetson    20   0    2872    884    788 S   0.0   0.0   0:00.07 tegrastats
 536849 jetson    20   0    9480    820    736 S   0.0   0.0   0:00.00 tail
 537023 root      20   0       0      0      0 I   0.0   0.0   0:00.00 kworker/4:2-events
 538032 root      20   0       0      0      0 I   0.0   0.0   0:00.00 kworker/5:0
 538300 root      30  10    9436    772    692 S   0.0   0.0   0:00.00 sleep
 538654 jetson    20   0    9436    784    704 S   0.0   0.0   0:00.00 sleep
 538686 jetson    20   0    9444    788    704 S   0.0   0.0   0:00.00 sleep

top - 12:24:33 up  3:27,  0 users,  load average: 9.17, 5.35, 3.87
Tasks: 356 total,   4 running, 352 sleeping,   0 stopped,   0 zombie
%Cpu(s): 41.5 us, 32.3 sy,  0.0 ni, 17.8 id,  0.0 wa,  3.2 hi,  5.3 si,  0.0 st
MiB Mem :   7607.4 total,   2803.6 free,   2063.4 used,   2740.3 buff/cache
MiB Swap:   3803.7 total,   3803.7 free,      0.0 used.   5245.5 avail Mem 

    PID USER      PR  NI    VIRT    RES    SHR S  %CPU  %MEM     TIME+ COMMAND
 536848 jetson    20   0  753776  71844  29568 R  45.9   0.9   0:14.42 python3
 189322 jetson    20   0 1062768  55236  24352 S  43.4   0.7   3:35.78 async_slam_tool
 189211 jetson    20   0  506208  35400  18400 S  40.5   0.5  13:00.37 ekf_node
 189435 jetson    20   0  963220  50256  23640 S  40.0   0.6  11:37.78 controller_serv
 536577 jetson    20   0  763888  55444  25424 S  33.7   0.7   0:10.97 ros2
 189209 jetson    20   0  709056  62924  27264 R  32.2   0.8  42:53.45 python3
 189612 jetson    20   0 9355088 429492  86828 S  29.3   5.5  17:41.27 nvblox_node
 189443 jetson    20   0  530952  46636  26204 S  28.8   0.6   9:56.73 bt_navigator
 189439 jetson    20   0 1070976  72732  24728 S  21.0   0.9  10:04.05 planner_server
 189441 jetson    20   0  516476  35524  21032 S  17.6   0.5   8:16.19 behavior_server
 189437 jetson    20   0  664776  35144  19416 S  16.1   0.5   7:00.86 smoother_server
 189018 jetson    20   0  432956  26708  14244 S  13.7   0.3  18:48.92 rplidar_node
 189014 jetson    20   0 1750488 105416  51332 S  11.7   1.4  15:42.93 realsense2_came
 189473 jetson    20   0  577396  31376  16252 S   8.8   0.4  12:33.86 lifecycle_manag
 189020 jetson    20   0  707980  61536  27440 R   8.3   0.8   9:19.26 python3
 189433 jetson    20   0  709716  63544  27368 S   8.3   0.8   4:46.24 python3
 189447 jetson    20   0  431308  30976  17020 S   4.9   0.4   5:42.38 waypoint_follow
 189462 jetson    20   0  428560  29632  15952 S   4.9   0.4   5:38.78 velocity_smooth
 112823 root      20   0 1235152  44624  11476 S   3.9   0.6   9:32.37 micro_ros_agent
 189016 jetson    20   0  709040  65192  27268 S   2.9   0.8   4:04.10 python3
 520043 root       0 -20       0      0      0 I   1.0   0.0   0:01.30 kworker/u13:0-uvcvideo
 536578 jetson    20   0   14340   3388   2776 R   1.0   0.0   0:00.35 top
    150 root     -51   0       0      0      0 S   0.5   0.0   0:00.01 irq/167-c240000
    893 root      rt   0       0      0      0 S   0.5   0.0   0:23.82 sugov:4
    969 root      20   0  237048  10420   6400 S   0.5   0.1   1:33.09 polkitd
  10532 root      20   0 1233232  12088   6212 S   0.5   0.2   0:34.88 containerd-shim
  10658 root      20   0   21764   5404   3884 S   0.5   0.1   0:13.60 systemd-udevd
 189431 jetson    20   0  796980  41908  13220 S   0.5   0.5   0:01.43 ros2
 206274 root      20   0       0      0      0 I   0.5   0.0   0:10.47 kworker/u12:9-events_unbound
 499790 root       0 -20       0      0      0 I   0.5   0.0   0:02.45 kworker/u13:4-uvcvideo
 536579 jetson    20   0    2872    884    788 S   0.5   0.0   0:00.08 tegrastats
      1 root      20   0  167880  11776   7444 S   0.0   0.2   0:16.10 systemd
      2 root      20   0       0      0      0 S   0.0   0.0   0:00.02 kthreadd
      3 root       0 -20       0      0      0 I   0.0   0.0   0:00.00 rcu_gp
      4 root       0 -20       0      0      0 I   0.0   0.0   0:00.00 rcu_par_gp
      5 root       0 -20       0      0      0 I   0.0   0.0   0:00.00 slub_flushwq
      6 root       0 -20       0      0      0 I   0.0   0.0   0:00.00 netns
      8 root       0 -20       0      0      0 I   0.0   0.0   0:00.00 kworker/0:0H-events_highpri
     10 root       0 -20       0      0      0 I   0.0   0.0   0:00.00 mm_percpu_wq
     11 root      20   0       0      0      0 S   0.0   0.0   0:00.00 rcu_tasks_kthre
     12 root      20   0       0      0      0 S   0.0   0.0   0:00.00 rcu_tasks_rude_
     13 root      20   0       0      0      0 S   0.0   0.0   0:00.00 rcu_tasks_trace
     14 root      20   0       0      0      0 S   0.0   0.0   0:09.25 ksoftirqd/0
     15 root      20   0       0      0      0 I   0.0   0.0   0:05.59 rcu_preempt
     16 root      rt   0       0      0      0 S   0.0   0.0   0:00.03 migration/0
     17 root      20   0       0      0      0 S   0.0   0.0   0:00.00 cpuhp/0
     18 root      20   0       0      0      0 S   0.0   0.0   0:00.00 cpuhp/1
     19 root      rt   0       0      0      0 S   0.0   0.0   0:00.03 migration/1
     20 root      20   0       0      0      0 S   0.0   0.0   0:01.10 ksoftirqd/1
     22 root       0 -20       0      0      0 I   0.0   0.0   0:00.00 kworker/1:0H-events_highpri
     23 root      20   0       0      0      0 S   0.0   0.0   0:00.00 cpuhp/2
     24 root      rt   0       0      0      0 S   0.0   0.0   0:00.03 migration/2
     25 root      20   0       0      0      0 S   0.0   0.0   0:01.10 ksoftirqd/2
     27 root       0 -20       0      0      0 I   0.0   0.0   0:00.00 kworker/2:0H-events_highpri
     28 root      20   0       0      0      0 S   0.0   0.0   0:00.00 cpuhp/3
     29 root      rt   0       0      0      0 S   0.0   0.0   0:00.02 migration/3
     30 root      20   0       0      0      0 S   0.0   0.0   0:01.07 ksoftirqd/3
     32 root       0 -20       0      0      0 I   0.0   0.0   0:00.00 kworker/3:0H-events_highpri
     33 root      20   0       0      0      0 S   0.0   0.0   0:00.00 cpuhp/4
     34 root      rt   0       0      0      0 S   0.0   0.0   0:00.07 migration/4
     35 root      20   0       0      0      0 S   0.0   0.0   0:00.95 ksoftirqd/4
     37 root       0 -20       0      0      0 I   0.0   0.0   0:00.00 kworker/4:0H-events_highpri
     38 root      20   0       0      0      0 S   0.0   0.0   0:00.00 cpuhp/5
     39 root      rt   0       0      0      0 S   0.0   0.0   0:00.07 migration/5
     40 root      20   0       0      0      0 S   0.0   0.0   0:00.88 ksoftirqd/5
     42 root       0 -20       0      0      0 I   0.0   0.0   0:00.00 kworker/5:0H-kblockd
     43 root      20   0       0      0      0 S   0.0   0.0   0:00.00 kdevtmpfs
     44 root       0 -20       0      0      0 I   0.0   0.0   0:00.00 inet_frag_wq
     51 root      20   0       0      0      0 S   0.0   0.0   0:00.00 kauditd
     52 root      20   0       0      0      0 S   0.0   0.0   0:00.00 oom_reaper
     53 root       0 -20       0      0      0 I   0.0   0.0   0:00.00 writeback
     54 root      20   0       0      0      0 S   0.0   0.0   0:00.10 kcompactd0
     55 root      25   5       0      0      0 S   0.0   0.0   0:00.00 ksmd
     56 root      39  19       0      0      0 S   0.0   0.0   0:00.89 khugepaged
     67 root       0 -20       0      0      0 I   0.0   0.0   0:00.00 cryptd
     86 root       0 -20       0      0      0 I   0.0   0.0   0:00.00 kintegrityd
     87 root       0 -20       0      0      0 I   0.0   0.0   0:00.00 kblockd
     88 root       0 -20       0      0      0 I   0.0   0.0   0:00.00 blkcg_punt_bio
     89 root       0 -20       0      0      0 I   0.0   0.0   0:00.00 tpm_dev_wq
     90 root       0 -20       0      0      0 I   0.0   0.0   0:00.00 ata_sff
     91 root       0 -20       0      0      0 I   0.0   0.0   0:00.00 edac-poller
     92 root       0 -20       0      0      0 I   0.0   0.0   0:00.00 devfreq_wq
     93 root     -51   0       0      0      0 S   0.0   0.0   0:00.00 watchdogd
     96 root       0 -20       0      0      0 I   0.0   0.0   0:00.04 kworker/0:1H-kblockd
     97 root       0 -20       0      0      0 I   0.0   0.0   0:00.00 rpciod
     99 root       0 -20       0      0      0 I   0.0   0.0   0:00.00 xprtiod
    127 root      20   0       0      0      0 S   0.0   0.0   0:00.00 kswapd0
    128 root       0 -20       0      0      0 I   0.0   0.0   0:00.00 nfsiod
    132 root       0 -20       0      0      0 I   0.0   0.0   0:00.00 vfio-irqfd-clea
    133 root       0 -20       0      0      0 I   0.0   0.0   0:00.00 bch_btree_io
    134 root       0 -20       0      0      0 I   0.0   0.0   0:00.00 bcache
    135 root       0 -20       0      0      0 I   0.0   0.0   0:00.00 bch_journal
    136 root       0 -20       0      0      0 I   0.0   0.0   0:00.00 dm_bufio_cache
    140 root      10 -10       0      0      0 S   0.0   0.0   0:00.00 krfcommd
    141 root      20   0       0      0      0 S   0.0   0.0   0:00.00 pr/tty0
    142 root      20   0       0      0      0 S   0.0   0.0   0:03.01 pr/ttyTCU0
    145 root     -51   0       0      0      0 S   0.0   0.0   0:00.00 irq/114-3160000
    147 root     -51   0       0      0      0 S   0.0   0.0   0:00.00 irq/115-3180000
    149 root     -51   0       0      0      0 S   0.0   0.0   0:00.00 irq/116-31b0000
    151 root     -51   0       0      0      0 S   0.0   0.0   0:00.00 irq/168-c250000
    152 root     -51   0       0      0      0 S   0.0   0.0   0:00.00 irq/125-3610000
    153 root     -51   0       0      0      0 S   0.0   0.0   0:00.00 irq/122-3610000
    154 root       0 -20       0      0      0 I   0.0   0.0   0:00.00 sdhci
    155 root     -51   0       0      0      0 S   0.0   0.0   0:00.00 irq/120-mmc0
    156 root     -51   0       0      0      0 S   0.0   0.0   0:00.00 irq/230-3400000
    178 root     -51   0       0      0      0 S   0.0   0.0   0:00.00 irq/191-tegra-p
    179 root       0 -20       0      0      0 I   0.0   0.0   0:00.00 nvme-wq
    180 root       0 -20       0      0      0 I   0.0   0.0   0:00.00 nvme-reset-wq
    181 root       0 -20       0      0      0 I   0.0   0.0   0:00.00 nvme-delete-wq
    190 root     -51   0       0      0      0 S   0.0   0.0   0:00.00 irq/191-aerdrv
    191 root     -51   0       0      0      0 S   0.0   0.0   0:00.00 irq/193-tegra-p
    194 root     -51   0       0      0      0 S   0.0   0.0   0:00.00 irq/193-aerdrv
    195 root     -51   0       0      0      0 S   0.0   0.0   0:00.00 irq/195-tegra-p
    197 root     -51   0       0      0      0 S   0.0   0.0   0:00.00 irq/232-nvme0q0
    198 root     -51   0       0      0      0 S   0.0   0.0   0:00.38 irq/233-nvme0q1
    199 root     -51   0       0      0      0 S   0.0   0.0   0:00.37 irq/234-nvme0q2
    200 root     -51   0       0      0      0 S   0.0   0.0   0:00.44 irq/235-nvme0q3
    201 root     -51   0       0      0      0 S   0.0   0.0   0:00.29 irq/236-nvme0q4
    202 root     -51   0       0      0      0 S   0.0   0.0   0:00.11 irq/237-nvme0q5
    203 root     -51   0       0      0      0 S   0.0   0.0   0:00.11 irq/238-nvme0q6
    210 root       0 -20       0      0      0 I   0.0   0.0   0:00.05 kworker/5:1H-kblockd
    211 root      20   0       0      0      0 S   0.0   0.0   0:00.79 jbd2/nvme0n1p1-
    212 root       0 -20       0      0      0 I   0.0   0.0   0:00.00 ext4-rsv-conver
    221 root       0 -20       0      0      0 I   0.0   0.0   0:00.00 mld
    222 root       0 -20       0      0      0 I   0.0   0.0   0:00.03 kworker/1:1H-kblockd
    223 root       0 -20       0      0      0 I   0.0   0.0   0:00.00 ipv6_addrconf
    253 root       0 -20       0      0      0 I   0.0   0.0   0:00.04 kworker/3:1H-kblockd
    256 root      19  -1   48768  12328  10712 S   0.0   0.2   0:14.74 systemd-journal
    275 root       0 -20       0      0      0 I   0.0   0.0   0:00.04 kworker/2:1H-kblockd
    280 root      39  19       0      0      0 S   0.0   0.0   0:00.48 nvmap-bz
    281 root     -51   0       0      0      0 S   0.0   0.0   0:00.00 irq/188-host1x_
    284 root     -51   0       0      0      0 S   0.0   0.0   0:00.00 irq/197-gk20a_s
    285 root     -51   0       0      0      0 S   0.0   0.0   0:00.01 irq/198-gk20a_s
    286 root     -51   0       0      0      0 S   0.0   0.0   0:00.01 irq/199-gk20a_s
    287 root     -51   0       0      0      0 S   0.0   0.0   0:00.00 irq/200-gk20a_n
    293 root      20   0   11116   3456   3200 S   0.0   0.0   0:00.00 nv-tee-supplica
    300 root      20   0  150380   1344   1232 S   0.0   0.0   0:00.01 tee-supplicant
    302 root       0 -20       0      0      0 I   0.0   0.0   0:00.00 optee_bus_scan
    312 root      20   0   23872   6336   4084 S   0.0   0.1   0:14.33 systemd-udevd
    313 root      20   0   23220   4796   3028 S   0.0   0.1   0:00.08 systemd-udevd
    314 root      20   0   24292   6724   3856 S   0.0   0.1   0:00.17 systemd-udevd
    315 root      20   0   23252   5932   4012 S   0.0   0.1   0:00.37 systemd-udevd
    316 root      20   0   23216   4780   3004 S   0.0   0.1   0:00.21 systemd-udevd
    317 root      20   0   23520   5532   3480 S   0.0   0.1   0:00.14 systemd-udevd
    318 root      20   0   23216   5256   3456 S   0.0   0.1   0:00.39 systemd-udevd
    319 root      20   0   23216   5360   3528 S   0.0   0.1   0:00.28 systemd-udevd
    320 root      20   0   23264   5404   3480 S   0.0   0.1   0:00.13 systemd-udevd
    321 root      20   0   23216   5884   4040 S   0.0   0.1   0:00.29 systemd-udevd
    322 root      20   0   23216   5084   3276 S   0.0   0.1   0:00.13 systemd-udevd
    323 root      20   0   23240   5820   3912 S   0.0   0.1   0:00.12 systemd-udevd
    324 root      20   0   23268   5436   3500 S   0.0   0.1   0:00.15 systemd-udevd
    325 root      20   0   23216   5908   4044 S   0.0   0.1   0:00.62 systemd-udevd
    326 root      20   0   23216   4580   2760 S   0.0   0.1   0:00.11 systemd-udevd
    327 root      20   0   23528   5324   3256 S   0.0   0.1   0:00.11 systemd-udevd
    328 root      20   0   23216   5100   3284 S   0.0   0.1   0:00.13 systemd-udevd
    329 root      20   0   23572   6908   4792 S   0.0   0.1   0:48.46 systemd-udevd
    330 root      20   0   23216   5104   3280 S   0.0   0.1   0:00.11 systemd-udevd
    331 root      20   0   23216   5140   3312 S   0.0   0.1   0:00.27 systemd-udevd
    332 root      20   0   23264   5160   3236 S   0.0   0.1   0:00.18 systemd-udevd
    333 root      20   0   23216   5496   3668 S   0.0   0.1   0:00.11 systemd-udevd
    334 root      20   0   23216   4972   3156 S   0.0   0.1   0:00.27 systemd-udevd
    336 root      20   0   23216   5080   3248 S   0.0   0.1   0:00.26 systemd-udevd
    337 root      20   0   23276   4580   2644 S   0.0   0.1   0:00.11 systemd-udevd
    338 root      20   0   23280   6100   4152 S   0.0   0.1   0:00.24 systemd-udevd
    339 root      20   0   23548   6220   4128 S   0.0   0.1   0:00.35 systemd-udevd
    340 root      20   0   23216   5620   3796 S   0.0   0.1   0:00.21 systemd-udevd
    341 root      20   0   23216   4940   3108 S   0.0   0.1   0:00.17 systemd-udevd
    344 root       0 -20       0      0      0 I   0.0   0.0   0:00.05 kworker/4:1H-kblockd
    388 root     -51   0       0      0      0 S   0.0   0.0   0:00.00 irq/189-tegra-p
    397 root      20   0       0      0      0 S   0.0   0.0   0:00.00 15820000.crypto
    398 root      20   0       0      0      0 S   0.0   0.0   0:00.00 15840000.crypto
    420 root     -51   0       0      0      0 S   0.0   0.0   0:00.00 irq/189-aerdrv
    422 root     -51   0       0      0      0 S   0.0   0.0   0:00.00 irq/219-bc00000
    423 root      -2   0       0      0      0 S   0.0   0.0   0:00.00 capture-control
    424 root      -2   0       0      0      0 S   0.0   0.0   0:00.00 capture
    425 root     -51   0       0      0      0 S   0.0   0.0   0:00.00 irq/214-tegra_d
    426 root     -51   0       0      0      0 S   0.0   0.0   0:00.00 irq/215-tegra_d
    427 root       0 -20       0      0      0 I   0.0   0.0   0:00.00 dce-async-ipc-w
    428 root     -51   0       0      0      0 S   0.0   0.0   0:00.00 irq/240-nvvrs-p
    429 root      20   0       0      0      0 S   0.0   0.0   0:00.00 nv_queue
    430 root      20   0       0      0      0 S   0.0   0.0   0:00.00 nv_queue
    484 root       0 -20       0      0      0 I   0.0   0.0   0:00.00 cfg80211
    485 root     -51   0       0      0      0 S   0.0   0.0   0:00.00 irq/118-3210000
    489 root      20   0       0      0      0 S   0.0   0.0   0:00.00 spi0
    498 root     -51   0       0      0      0 S   0.0   0.0   0:00.00 irq/119-3230000
    503 root      20   0       0      0      0 S   0.0   0.0   0:00.00 spi1
    551 root       0 -20       0      0      0 I   0.0   0.0   0:00.00 btfwwork
    650 root      20   0    8236   6484   1432 S   0.0   0.1   0:00.51 haveged
    653 _rpc      20   0    7932   2260   1912 S   0.0   0.0   0:00.01 rpcbind
    655 systemd+  20   0   26320  13576   8500 S   0.0   0.2   0:00.46 systemd-resolve
    657 systemd+  20   0   88880   6412   5564 S   0.0   0.1   0:00.15 systemd-timesyn
    827 avahi     20   0    8224   3680   3144 S   0.0   0.0   0:00.72 avahi-daemon
    828 root      20   0    9888   4548   4112 S   0.0   0.1   0:00.06 bluetoothd
    829 message+  20   0   10456   5684   3584 S   0.0   0.1   0:22.04 dbus-daemon
    830 root      20   0  338724  21060  14884 S   0.0   0.3   0:21.35 NetworkManager
    840 root      20   0   43504  19808  10212 S   0.0   0.3   0:00.15 networkd-dispat
    851 root      20   0  241620   7020   6316 S   0.0   0.1   0:00.32 power-profiles-
    854 syslog    20   0  222160   7056   3672 S   0.0   0.1   0:03.01 rsyslogd
    860 root      20   0    2240    792    712 S   0.0   0.0   0:00.00 seatd
    866 root      20   0 2145700  49220  25584 S   0.0   0.6   0:21.57 snapd
    871 root      20   0  242128   7456   6576 S   0.0   0.1   0:01.17 accounts-daemon
    872 root      20   0  238124   8280   5636 S   0.0   0.1   0:00.03 switcheroo-cont
    875 root      20   0   49004   7660   6308 S   0.0   0.1   0:01.84 systemd-logind
    876 root      20   0  394252  11960   9468 S   0.0   0.2   0:00.52 udisksd
    878 root      20   0   16636  10300   8304 S   0.0   0.1   0:01.18 wpa_supplicant
    883 avahi     20   0    7812    356      0 S   0.0   0.0   0:00.00 avahi-daemon
    890 root      rt   0       0      0      0 S   0.0   0.0   0:54.55 sugov:0
    944 root      30  10   11248   3604   3204 S   0.0   0.0   0:04.63 wifi_mon.sh
   1004 root      20   0    2460   1540   1364 S   0.0   0.0   0:04.27 nvfancontrol
   1045 root      20   0       0      0      0 S   0.0   0.0   0:00.00 sw-quiesce
   1050 root      20   0       0      0      0 S   0.0   0.0   0:11.92 nvgpu_channel_p
   1069 root      20   0       0      0      0 S   0.0   0.0   0:00.00 nvgpu_pg_init_g
   1108 root      20   0       0      0      0 S   0.0   0.0   0:00.00 nvgpu_clk_arb_p
   1129 root      20   0       0      0      0 S   0.0   0.0   0:04.62 RTW_CMD_THREAD
   1158 root      20   0   75936  10084   8260 S   0.0   0.1   0:00.01 nvargus-daemon
   1159 root      20   0   11116   3508   3204 S   0.0   0.0   0:00.04 nvmemwarning.sh
   1173 root      20   0   22192   1776   1580 S   0.0   0.0   0:00.00 nvs-service
   1191 ollama    20   0 2006720  38588  20428 S   0.0   0.5   0:00.61 ollama
   1203 root      20   0    2336   1396   1280 S   0.0   0.0   0:01.61 run-cups-browse
   1206 root      20   0    2336   1376   1248 S   0.0   0.0   0:01.92 run-cupsd
   1219 root      20   0       0      0      0 S   0.0   0.0   0:00.00 pr/ramoops-1
   1221 root      20   0 2093080  74688  33248 S   0.0   1.0   0:50.98 containerd
   1241 root      20   0   10772   2820   2572 S   0.0   0.0   0:00.03 cron
   1276 kernoops  20   0   12812    452      0 S   0.0   0.0   0:00.01 kerneloops
   1277 root      20   0  243100   7964   7012 S   0.0   0.1   0:00.03 gdm3
   1293 root      20   0    9468    732    656 S   0.0   0.0   0:00.00 agetty
   1296 kernoops  20   0   12812    452      0 S   0.0   0.0   0:00.01 kerneloops
   1305 root      20   0    9468    724    648 S   0.0   0.0   0:00.00 agetty
   1322 root      20   0  173408   8800   7628 S   0.0   0.1   0:00.01 gdm-session-wor
   1404 gdm       20   0   18124   9732   7360 S   0.0   0.1   0:00.43 systemd
   1420 root      20   0       0      0      0 S   0.0   0.0   0:00.00 file-storage
   1423 gdm       20   0  172232   4504      0 S   0.0   0.1   0:00.00 (sd-pam)
   1461 root      20   0   15272   8356   6776 S   0.0   0.1   0:00.33 sshd
   1522 root      20   0    3076    988    876 S   0.0   0.0   0:00.00 nvphsd
   1527 root      20   0    3208   1512   1352 S   0.0   0.0   0:00.00 nvphsd
   1570 root      20   0 2426540 117424  57248 S   0.0   1.5   0:51.85 dockerd
   1680 gdm        9 -11   41968   6472   5156 S   0.0   0.1   0:00.04 pipewire
   1681 gdm       20   0   25480   6440   5112 S   0.0   0.1   0:01.14 pipewire-media-
   1682 gdm        9 -11  891844  20764  12600 S   0.0   0.3   0:00.68 pulseaudio
   1685 gdm       20   0  163948   5500   4980 S   0.0   0.1   0:00.00 gdm-x-session
   1691 root      20   0   24.2g  82884  35884 S   0.0   1.1   0:01.17 Xorg
   1696 rtkit     21   1  153504   1600   1388 S   0.0   0.0   0:00.16 rtkit-daemon
   1705 gdm       20   0    8840   3596   3212 S   0.0   0.0   0:00.01 dbus-daemon
   1731 root      20   0       0      0      0 S   0.0   0.0   0:00.00 nvidia-modeset/
   1732 root      20   0       0      0      0 S   0.0   0.0   0:00.00 nvidia-modeset/
   1734 root      20   0       0      0      0 S   0.0   0.0   0:00.00 nvidia
   1738 root      20   0       0      0      0 S   0.0   0.0   0:00.00 nv_queue
   1782 root      20   0       0      0      0 S   0.0   0.0   0:00.00 nvidia-drm-nv-t
   1783 root     -51   0       0      0      0 S   0.0   0.0   0:00.00 card1-crtc0
   1784 root     -51   0       0      0      0 S   0.0   0.0   0:00.00 card1-crtc1
   1951 gdm       20   0    5876   1556   1344 S   0.0   0.0   0:00.00 dbus-run-sessio
   1954 gdm       20   0    9108   4476   3604 S   0.0   0.1   0:00.13 dbus-daemon
   2026 gdm       20   0  663384  17800  12956 S   0.0   0.2   0:00.55 gnome-session-b
   2051 gdm       20   0  310068   8972   6272 S   0.0   0.1   0:00.00 at-spi-bus-laun
   2056 gdm       20   0    8692   3552   3168 S   0.0   0.0   0:00.00 dbus-daemon
   2067 gdm       20   0 3397568 136720  73336 S   0.0   1.8   0:26.76 gnome-shell
   2084 gdm       20   0  237676   7020   4540 S   0.0   0.1   0:00.00 xdg-permission-
   2091 root      20   0  243852   8092   6980 S   0.0   0.1   0:00.27 upowerd
   2097 root      20   0  301608  19340  16412 S   0.0   0.2   0:00.89 packagekitd
   2099 gdm       20   0 2804036  25696  20860 S   0.0   0.3   0:00.08 gjs
   2101 gdm       20   0  163144   7192   6424 S   0.0   0.1   0:00.01 at-spi2-registr
   2128 gdm       20   0  468748   9916   8000 S   0.0   0.1   0:01.42 gsd-sharing
   2130 gdm       20   0  338880  16940  12620 S   0.0   0.2   0:00.06 gsd-wacom
   2139 gdm       20   0  599188  21500  16928 S   0.0   0.3   0:00.15 gsd-color
   2143 gdm       20   0  316840  11252   6240 S   0.0   0.1   0:00.09 ibus-daemon
   2150 gdm       20   0  338600  15024  13276 S   0.0   0.2   0:00.04 gsd-keyboard
   2151 gdm       20   0  252472   9916   8488 S   0.0   0.1   0:00.02 gsd-print-notif
   2152 gdm       20   0  459796   8176   5436 S   0.0   0.1   0:00.35 gsd-rfkill
   2153 gdm       20   0  388312   9428   6480 S   0.0   0.1   0:00.01 gsd-smartcard
   2160 gdm       20   0  380556  14476  12508 S   0.0   0.2   0:00.03 gsd-datetime
   2167 gdm       20   0  864180  22384  17516 S   0.0   0.3   0:00.29 gsd-media-keys
   2169 gdm       20   0  237936   4760   4376 S   0.0   0.1   0:00.00 gsd-screensaver
   2170 gdm       20   0  322096   8352   7324 S   0.0   0.1   0:00.01 gsd-sound
   2175 gdm       20   0  312416   6072   5492 S   0.0   0.1   0:00.01 gsd-a11y-settin
   2177 gdm       20   0  242216   7024   6228 S   0.0   0.1   0:00.01 gvfsd
   2178 gdm       20   0  314000   6928   6164 S   0.0   0.1   0:00.52 gsd-housekeepin
   2179 gdm       20   0  449976  18248  15904 S   0.0   0.2   0:00.30 gsd-power
   2203 gdm       20   0  347052  12600  10748 S   0.0   0.2   0:00.02 gsd-printer
   2234 colord    20   0  247460  12768   9028 S   0.0   0.2   0:00.22 colord
   2247 gdm       20   0  239040   8612   5940 S   0.0   0.1   0:00.00 ibus-dconf
   2258 gdm       20   0  238936   5920   5492 S   0.0   0.1   0:00.00 ibus-portal
   2281 gdm       20   0 2812420  25808  20904 S   0.0   0.3   0:00.09 gjs
   2300 gdm       20   0  165096   6500   5876 S   0.0   0.1   0:00.00 ibus-engine-sim
   2453 root      20   0  137440  11976   9612 S   0.0   0.2   0:00.65 cupsd
   2465 root      20   0  343140  19372  14152 S   0.0   0.2   0:01.31 cups-browsed
   2557 gdm       20   0  156672   4460   4068 S   0.0   0.1   0:00.00 dconf-service
   3864 root      20   0       0      0      0 I   0.0   0.0   0:13.04 kworker/u12:2-events_unbound
   9961 jetson    20   0   18140   9776   7372 S   0.0   0.1   0:00.33 systemd
   9962 jetson    20   0  172508   4632      0 S   0.0   0.1   0:00.00 (sd-pam)
   9970 jetson    20   0   41976   6552   5228 S   0.0   0.1   0:00.04 pipewire
   9971 jetson    20   0   25488   6720   5380 S   0.0   0.1   0:01.24 pipewire-media-
  10023 jetson    20   0    8888   4148   3656 S   0.0   0.1   0:00.01 dbus-daemon
  10561 jetson    20   0    5508    776    688 S   0.0   0.0   0:00.20 sleep
  10666 root      20   0   21752   4108   2588 S   0.0   0.1   0:00.23 systemd-udevd
  11619 root      20   0   21748   4060   2540 S   0.0   0.1   0:00.02 systemd-udevd
  11620 root      20   0   21760   4112   2588 S   0.0   0.1   0:00.02 systemd-udevd
  11621 root      20   0   21760   4516   2952 S   0.0   0.1   0:27.67 systemd-udevd
  11634 root      20   0   21760   4016   2496 S   0.0   0.1   0:00.01 systemd-udevd
  11635 root      20   0   21760   4048   2540 S   0.0   0.1   0:00.03 systemd-udevd
  11636 root      20   0   21764   3380   1864 S   0.0   0.0   0:00.01 systemd-udevd
  11648 root      20   0   21764   4008   2468 S   0.0   0.1   0:00.01 systemd-udevd
  11649 root      20   0   21764   3832   2288 S   0.0   0.0   0:00.01 systemd-udevd
  11650 root      20   0   21764   3968   2432 S   0.0   0.1   0:00.00 systemd-udevd
  11653 root      20   0   21764   4496   2944 S   0.0   0.1   0:00.04 systemd-udevd
  11654 root      20   0   21764   4508   2960 S   0.0   0.1   0:00.03 systemd-udevd
 109437 snap_da+  20   0   14484   4632   3932 S   0.0   0.1   0:00.00 dbus
 112737 jetson    20   0  203640  36228  13220 S   0.0   0.5   0:00.70 ros2
 112739 jetson    20   0 2070728  32552  18032 S   0.0   0.4   0:00.36 docker
 112741 jetson    20   0  428380  30784  15880 S   0.0   0.4   0:43.96 robot_state_pub
 112768 root      20   0 1233232  12088   6600 S   0.0   0.2   0:00.92 containerd-shim
 112797 root      20   0   49400  29488  14684 S   0.0   0.4   0:00.36 ros2
 113162 jetson    20   0  920440  65760  26672 S   0.0   0.8   0:45.18 python3
 115031 root      20   0  238832   6988   5696 S   0.0   0.1   0:02.65 iio-sensor-prox
 129749 root      20   0       0      0      0 I   0.0   0.0   0:09.26 kworker/u12:5-events_unbound
 189012 jetson    20   0  572504  38556  13204 S   0.0   0.5   0:01.41 ros2
 189022 jetson    20   0 1082604  56652  26332 S   0.0   0.7   0:57.89 foxglove_bridge
 189320 jetson    20   0  129772  36300  13220 S   0.0   0.5   0:00.73 ros2
 189475 jetson    20   0   11248   3072   2752 S   0.0   0.0   0:05.04 bash
 189596 jetson    20   0   53012  29660  15012 S   0.0   0.4   0:00.34 ros2
 244731 root      20   0       0      0      0 I   0.0   0.0   0:01.24 kworker/1:2-cgroup_destroy
 286436 root      20   0       0      0      0 I   0.0   0.0   0:08.58 kworker/u12:0-events_freezable_power_
 344667 root      20   0       0      0      0 I   0.0   0.0   0:00.59 kworker/0:3-events
 349442 root      20   0       0      0      0 I   0.0   0.0   0:05.65 kworker/u12:6-events_unbound
 367657 root       0 -20       0      0      0 I   0.0   0.0   0:11.77 kworker/u13:2-uvcvideo
 369170 root      20   0       0      0      0 I   0.0   0.0   0:04.43 kworker/u12:1-events_freezable_power_
 403545 root      20   0       0      0      0 I   0.0   0.0   0:04.07 kworker/u12:8-events_freezable_power_
 441418 root      20   0       0      0      0 I   0.0   0.0   0:02.93 kworker/u12:7-events_unbound
 443709 root      20   0       0      0      0 I   0.0   0.0   0:00.14 kworker/3:2-cgroup_destroy
 445412 root      20   0       0      0      0 I   0.0   0.0   0:00.25 kworker/2:1-events
 448401 root      20   0       0      0      0 I   0.0   0.0   0:00.00 kworker/5:2-events
 467530 root      20   0       0      0      0 I   0.0   0.0   0:01.91 kworker/u12:3-devfreq_wq
 468909 jetson    20   0   11116   3036   2756 S   0.0   0.0   0:01.66 bash
 469901 root       0 -20       0      0      0 I   0.0   0.0   0:01.89 kworker/u13:3-uvcvideo
 478380 root      20   0       0      0      0 I   0.0   0.0   0:00.29 kworker/1:1-events
 480561 root      20   0       0      0      0 I   0.0   0.0   0:00.00 kworker/4:1-events
 483353 root      20   0       0      0      0 I   0.0   0.0   0:00.00 kworker/2:3-events
 489026 root      20   0       0      0      0 I   0.0   0.0   0:01.24 kworker/u12:10-events_freezable_power_
 496325 root      20   0       0      0      0 I   0.0   0.0   0:00.11 kworker/3:0-events
 511663 root      20   0       0      0      0 I   0.0   0.0   0:00.00 kworker/0:1-cgroup_destroy
 514145 root      20   0       0      0      0 I   0.0   0.0   0:00.05 kworker/5:1-events
 514952 root      20   0       0      0      0 I   0.0   0.0   0:00.04 kworker/4:0-events
 528481 root      20   0       0      0      0 I   0.0   0.0   0:00.00 kworker/1:0-events
 528980 root      20   0    9436    780    704 S   0.0   0.0   0:00.00 sleep
 530050 root      20   0       0      0      0 I   0.0   0.0   0:00.00 kworker/3:1-cgroup_destroy
 530052 root      20   0       0      0      0 I   0.0   0.0   0:00.00 kworker/2:0-cgroup_destroy
 530228 root      20   0       0      0      0 I   0.0   0.0   0:00.00 kworker/3:3-cgroup_destroy
 530300 root      20   0       0      0      0 I   0.0   0.0   0:00.00 kworker/2:2-events
 532747 root      20   0       0      0      0 I   0.0   0.0   0:00.00 kworker/0:0-events
 533529 jetson    20   0   11248   3304   2868 S   0.0   0.0   0:00.03 bash
 536497 jetson    20   0   11248   3288   2852 S   0.0   0.0   0:00.01 bash
 536849 jetson    20   0    9480    820    736 S   0.0   0.0   0:00.00 tail
 537023 root      20   0       0      0      0 I   0.0   0.0   0:00.00 kworker/4:2-events
 538032 root      20   0       0      0      0 I   0.0   0.0   0:00.00 kworker/5:0
 538300 root      30  10    9436    772    692 S   0.0   0.0   0:00.00 sleep
 538811 jetson    20   0    9436    764    688 S   0.0   0.0   0:00.00 sleep
 538847 jetson    20   0    9444    772    688 S   0.0   0.0   0:00.00 sleep

top - 12:24:35 up  3:27,  0 users,  load average: 9.17, 5.35, 3.87
Tasks: 356 total,   3 running, 353 sleeping,   0 stopped,   0 zombie
%Cpu(s): 42.4 us, 34.1 sy,  0.0 ni, 14.4 id,  0.0 wa,  3.4 hi,  5.7 si,  0.0 st
MiB Mem :   7607.4 total,   2795.5 free,   2066.9 used,   2745.0 buff/cache
MiB Swap:   3803.7 total,   3803.7 free,      0.0 used.   5242.0 avail Mem 

    PID USER      PR  NI    VIRT    RES    SHR S  %CPU  %MEM     TIME+ COMMAND
 189322 jetson    20   0 1062768  55500  24352 S  53.4   0.7   3:36.88 async_slam_tool
 536848 jetson    20   0  753844  72092  29568 R  46.1   0.9   0:15.37 python3
 189211 jetson    20   0  506208  35400  18400 S  43.2   0.5  13:01.26 ekf_node
 189435 jetson    20   0  963220  50264  23640 S  40.3   0.6  11:38.61 controller_serv
 536577 jetson    20   0  763888  55444  25424 S  34.5   0.7   0:11.68 ros2
 189612 jetson    20   0 9355088 429484  86828 S  32.0   5.5  17:41.93 nvblox_node
 189209 jetson    20   0  709056  62924  27264 R  30.6   0.8  42:54.08 python3
 189443 jetson    20   0  530952  46636  26204 S  29.1   0.6   9:57.33 bt_navigator
 189439 jetson    20   0 1070976  72732  24728 S  23.3   0.9  10:04.53 planner_server
 189441 jetson    20   0  516476  35524  21032 S  19.4   0.5   8:16.59 behavior_server
 189437 jetson    20   0  664776  35144  19416 S  18.4   0.5   7:01.24 smoother_server
 189018 jetson    20   0  432956  26708  14244 S  13.6   0.3  18:49.20 rplidar_node
 189014 jetson    20   0 1750488 105416  51332 S  11.7   1.4  15:43.17 realsense2_came
 189433 jetson    20   0  709716  63544  27368 S   9.2   0.8   4:46.43 python3
 189020 jetson    20   0  707980  61536  27440 S   8.7   0.8   9:19.44 python3
 189473 jetson    20   0  577396  31376  16252 S   8.7   0.4  12:34.04 lifecycle_manag
 189462 jetson    20   0  428560  29632  15952 S   5.3   0.4   5:38.89 velocity_smooth
 189447 jetson    20   0  431308  30976  17020 S   4.9   0.4   5:42.48 waypoint_follow
 112823 root      20   0 1235152  44624  11476 S   4.4   0.6   9:32.46 micro_ros_agent
 189016 jetson    20   0  709040  65192  27268 S   2.9   0.8   4:04.16 python3
   1570 root      20   0 2426540 117424  57248 S   1.0   1.5   0:51.87 dockerd
     30 root      20   0       0      0      0 S   0.5   0.0   0:01.08 ksoftirqd/3
    256 root      19  -1   48768  12328  10712 S   0.5   0.2   0:14.75 systemd-journal
    312 root      20   0   23872   6336   4084 S   0.5   0.1   0:14.34 systemd-udevd
    329 root      20   0   23572   6908   4792 S   0.5   0.1   0:48.47 systemd-udevd
    866 root      20   0 2145700  49220  25584 S   0.5   0.6   0:21.58 snapd
   1050 root      20   0       0      0      0 S   0.5   0.0   0:11.93 nvgpu_channel_p
   1221 root      20   0 2093080  74688  33248 S   0.5   1.0   0:50.99 containerd
  11621 root      20   0   21760   4516   2952 S   0.5   0.1   0:27.68 systemd-udevd
 112741 jetson    20   0  428380  30784  15880 S   0.5   0.4   0:43.97 robot_state_pub
 113162 jetson    20   0  920440  65760  26672 S   0.5   0.8   0:45.19 python3
 403545 root      20   0       0      0      0 I   0.5   0.0   0:04.08 kworker/u12:8-events_freezable_power_
 441418 root      20   0       0      0      0 I   0.5   0.0   0:02.94 kworker/u12:7-events_unbound
 468909 jetson    20   0   11116   3036   2756 S   0.5   0.0   0:01.67 bash
 489026 root      20   0       0      0      0 I   0.5   0.0   0:01.25 kworker/u12:10-events_unbound
 514145 root      20   0       0      0      0 I   0.5   0.0   0:00.06 kworker/5:1-events
 514952 root      20   0       0      0      0 I   0.5   0.0   0:00.05 kworker/4:0-events
 520043 root       0 -20       0      0      0 I   0.5   0.0   0:01.31 kworker/u13:0-uvcvideo
 536578 jetson    20   0   14340   3388   2776 R   0.5   0.0   0:00.36 top
      1 root      20   0  167880  11776   7444 S   0.0   0.2   0:16.10 systemd
      2 root      20   0       0      0      0 S   0.0   0.0   0:00.02 kthreadd
      3 root       0 -20       0      0      0 I   0.0   0.0   0:00.00 rcu_gp
      4 root       0 -20       0      0      0 I   0.0   0.0   0:00.00 rcu_par_gp
      5 root       0 -20       0      0      0 I   0.0   0.0   0:00.00 slub_flushwq
      6 root       0 -20       0      0      0 I   0.0   0.0   0:00.00 netns
      8 root       0 -20       0      0      0 I   0.0   0.0   0:00.00 kworker/0:0H-events_highpri
     10 root       0 -20       0      0      0 I   0.0   0.0   0:00.00 mm_percpu_wq
     11 root      20   0       0      0      0 S   0.0   0.0   0:00.00 rcu_tasks_kthre
     12 root      20   0       0      0      0 S   0.0   0.0   0:00.00 rcu_tasks_rude_
     13 root      20   0       0      0      0 S   0.0   0.0   0:00.00 rcu_tasks_trace
     14 root      20   0       0      0      0 S   0.0   0.0   0:09.25 ksoftirqd/0
     15 root      20   0       0      0      0 I   0.0   0.0   0:05.59 rcu_preempt
     16 root      rt   0       0      0      0 S   0.0   0.0   0:00.03 migration/0
     17 root      20   0       0      0      0 S   0.0   0.0   0:00.00 cpuhp/0
     18 root      20   0       0      0      0 S   0.0   0.0   0:00.00 cpuhp/1
     19 root      rt   0       0      0      0 S   0.0   0.0   0:00.03 migration/1
     20 root      20   0       0      0      0 S   0.0   0.0   0:01.10 ksoftirqd/1
     22 root       0 -20       0      0      0 I   0.0   0.0   0:00.00 kworker/1:0H-events_highpri
     23 root      20   0       0      0      0 S   0.0   0.0   0:00.00 cpuhp/2
     24 root      rt   0       0      0      0 S   0.0   0.0   0:00.03 migration/2
     25 root      20   0       0      0      0 S   0.0   0.0   0:01.10 ksoftirqd/2
     27 root       0 -20       0      0      0 I   0.0   0.0   0:00.00 kworker/2:0H-events_highpri
     28 root      20   0       0      0      0 S   0.0   0.0   0:00.00 cpuhp/3
     29 root      rt   0       0      0      0 S   0.0   0.0   0:00.02 migration/3
     32 root       0 -20       0      0      0 I   0.0   0.0   0:00.00 kworker/3:0H-events_highpri
     33 root      20   0       0      0      0 S   0.0   0.0   0:00.00 cpuhp/4
     34 root      rt   0       0      0      0 S   0.0   0.0   0:00.07 migration/4
     35 root      20   0       0      0      0 S   0.0   0.0   0:00.95 ksoftirqd/4
     37 root       0 -20       0      0      0 I   0.0   0.0   0:00.00 kworker/4:0H-events_highpri
     38 root      20   0       0      0      0 S   0.0   0.0   0:00.00 cpuhp/5
     39 root      rt   0       0      0      0 S   0.0   0.0   0:00.07 migration/5
     40 root      20   0       0      0      0 S   0.0   0.0   0:00.88 ksoftirqd/5
     42 root       0 -20       0      0      0 I   0.0   0.0   0:00.00 kworker/5:0H-kblockd
     43 root      20   0       0      0      0 S   0.0   0.0   0:00.00 kdevtmpfs
     44 root       0 -20       0      0      0 I   0.0   0.0   0:00.00 inet_frag_wq
     51 root      20   0       0      0      0 S   0.0   0.0   0:00.00 kauditd
     52 root      20   0       0      0      0 S   0.0   0.0   0:00.00 oom_reaper
     53 root       0 -20       0      0      0 I   0.0   0.0   0:00.00 writeback
     54 root      20   0       0      0      0 S   0.0   0.0   0:00.10 kcompactd0
     55 root      25   5       0      0      0 S   0.0   0.0   0:00.00 ksmd
     56 root      39  19       0      0      0 S   0.0   0.0   0:00.89 khugepaged
     67 root       0 -20       0      0      0 I   0.0   0.0   0:00.00 cryptd
     86 root       0 -20       0      0      0 I   0.0   0.0   0:00.00 kintegrityd
     87 root       0 -20       0      0      0 I   0.0   0.0   0:00.00 kblockd
     88 root       0 -20       0      0      0 I   0.0   0.0   0:00.00 blkcg_punt_bio
     89 root       0 -20       0      0      0 I   0.0   0.0   0:00.00 tpm_dev_wq
     90 root       0 -20       0      0      0 I   0.0   0.0   0:00.00 ata_sff
     91 root       0 -20       0      0      0 I   0.0   0.0   0:00.00 edac-poller
     92 root       0 -20       0      0      0 I   0.0   0.0   0:00.00 devfreq_wq
     93 root     -51   0       0      0      0 S   0.0   0.0   0:00.00 watchdogd
     96 root       0 -20       0      0      0 I   0.0   0.0   0:00.04 kworker/0:1H-kblockd
     97 root       0 -20       0      0      0 I   0.0   0.0   0:00.00 rpciod
     99 root       0 -20       0      0      0 I   0.0   0.0   0:00.00 xprtiod
    127 root      20   0       0      0      0 S   0.0   0.0   0:00.00 kswapd0
    128 root       0 -20       0      0      0 I   0.0   0.0   0:00.00 nfsiod
    132 root       0 -20       0      0      0 I   0.0   0.0   0:00.00 vfio-irqfd-clea
    133 root       0 -20       0      0      0 I   0.0   0.0   0:00.00 bch_btree_io
    134 root       0 -20       0      0      0 I   0.0   0.0   0:00.00 bcache
    135 root       0 -20       0      0      0 I   0.0   0.0   0:00.00 bch_journal
    136 root       0 -20       0      0      0 I   0.0   0.0   0:00.00 dm_bufio_cache
    140 root      10 -10       0      0      0 S   0.0   0.0   0:00.00 krfcommd
    141 root      20   0       0      0      0 S   0.0   0.0   0:00.00 pr/tty0
    142 root      20   0       0      0      0 S   0.0   0.0   0:03.01 pr/ttyTCU0
    145 root     -51   0       0      0      0 S   0.0   0.0   0:00.00 irq/114-3160000
    147 root     -51   0       0      0      0 S   0.0   0.0   0:00.00 irq/115-3180000
    149 root     -51   0       0      0      0 S   0.0   0.0   0:00.00 irq/116-31b0000
    150 root     -51   0       0      0      0 S   0.0   0.0   0:00.01 irq/167-c240000
    151 root     -51   0       0      0      0 S   0.0   0.0   0:00.00 irq/168-c250000
    152 root     -51   0       0      0      0 S   0.0   0.0   0:00.00 irq/125-3610000
    153 root     -51   0       0      0      0 S   0.0   0.0   0:00.00 irq/122-3610000
    154 root       0 -20       0      0      0 I   0.0   0.0   0:00.00 sdhci
    155 root     -51   0       0      0      0 S   0.0   0.0   0:00.00 irq/120-mmc0
    156 root     -51   0       0      0      0 S   0.0   0.0   0:00.00 irq/230-3400000
    178 root     -51   0       0      0      0 S   0.0   0.0   0:00.00 irq/191-tegra-p
    179 root       0 -20       0      0      0 I   0.0   0.0   0:00.00 nvme-wq
    180 root       0 -20       0      0      0 I   0.0   0.0   0:00.00 nvme-reset-wq
    181 root       0 -20       0      0      0 I   0.0   0.0   0:00.00 nvme-delete-wq
    190 root     -51   0       0      0      0 S   0.0   0.0   0:00.00 irq/191-aerdrv
    191 root     -51   0       0      0      0 S   0.0   0.0   0:00.00 irq/193-tegra-p
    194 root     -51   0       0      0      0 S   0.0   0.0   0:00.00 irq/193-aerdrv
    195 root     -51   0       0      0      0 S   0.0   0.0   0:00.00 irq/195-tegra-p
    197 root     -51   0       0      0      0 S   0.0   0.0   0:00.00 irq/232-nvme0q0
    198 root     -51   0       0      0      0 S   0.0   0.0   0:00.38 irq/233-nvme0q1
    199 root     -51   0       0      0      0 S   0.0   0.0   0:00.37 irq/234-nvme0q2
    200 root     -51   0       0      0      0 S   0.0   0.0   0:00.44 irq/235-nvme0q3
    201 root     -51   0       0      0      0 S   0.0   0.0   0:00.29 irq/236-nvme0q4
    202 root     -51   0       0      0      0 S   0.0   0.0   0:00.11 irq/237-nvme0q5
    203 root     -51   0       0      0      0 S   0.0   0.0   0:00.11 irq/238-nvme0q6
    210 root       0 -20       0      0      0 I   0.0   0.0   0:00.05 kworker/5:1H-kblockd
    211 root      20   0       0      0      0 S   0.0   0.0   0:00.79 jbd2/nvme0n1p1-
    212 root       0 -20       0      0      0 I   0.0   0.0   0:00.00 ext4-rsv-conver
    221 root       0 -20       0      0      0 I   0.0   0.0   0:00.00 mld
    222 root       0 -20       0      0      0 I   0.0   0.0   0:00.03 kworker/1:1H-kblockd
    223 root       0 -20       0      0      0 I   0.0   0.0   0:00.00 ipv6_addrconf
    253 root       0 -20       0      0      0 I   0.0   0.0   0:00.04 kworker/3:1H-kblockd
    275 root       0 -20       0      0      0 I   0.0   0.0   0:00.04 kworker/2:1H-kblockd
    280 root      39  19       0      0      0 S   0.0   0.0   0:00.48 nvmap-bz
    281 root     -51   0       0      0      0 S   0.0   0.0   0:00.00 irq/188-host1x_
    284 root     -51   0       0      0      0 S   0.0   0.0   0:00.00 irq/197-gk20a_s
    285 root     -51   0       0      0      0 S   0.0   0.0   0:00.01 irq/198-gk20a_s
    286 root     -51   0       0      0      0 S   0.0   0.0   0:00.01 irq/199-gk20a_s
    287 root     -51   0       0      0      0 S   0.0   0.0   0:00.00 irq/200-gk20a_n
    293 root      20   0   11116   3456   3200 S   0.0   0.0   0:00.00 nv-tee-supplica
    300 root      20   0  150380   1344   1232 S   0.0   0.0   0:00.01 tee-supplicant
    302 root       0 -20       0      0      0 I   0.0   0.0   0:00.00 optee_bus_scan
    313 root      20   0   23220   4796   3028 S   0.0   0.1   0:00.08 systemd-udevd
    314 root      20   0   24292   6724   3856 S   0.0   0.1   0:00.17 systemd-udevd
    315 root      20   0   23252   5932   4012 S   0.0   0.1   0:00.37 systemd-udevd
    316 root      20   0   23216   4780   3004 S   0.0   0.1   0:00.21 systemd-udevd
    317 root      20   0   23520   5532   3480 S   0.0   0.1   0:00.14 systemd-udevd
    318 root      20   0   23216   5256   3456 S   0.0   0.1   0:00.39 systemd-udevd
    319 root      20   0   23216   5360   3528 S   0.0   0.1   0:00.28 systemd-udevd
    320 root      20   0   23264   5404   3480 S   0.0   0.1   0:00.13 systemd-udevd
    321 root      20   0   23216   5884   4040 S   0.0   0.1   0:00.29 systemd-udevd
    322 root      20   0   23216   5084   3276 S   0.0   0.1   0:00.13 systemd-udevd
    323 root      20   0   23240   5820   3912 S   0.0   0.1   0:00.12 systemd-udevd
    324 root      20   0   23268   5436   3500 S   0.0   0.1   0:00.15 systemd-udevd
    325 root      20   0   23216   5908   4044 S   0.0   0.1   0:00.62 systemd-udevd
    326 root      20   0   23216   4580   2760 S   0.0   0.1   0:00.11 systemd-udevd
    327 root      20   0   23528   5324   3256 S   0.0   0.1   0:00.11 systemd-udevd
    328 root      20   0   23216   5100   3284 S   0.0   0.1   0:00.13 systemd-udevd
    330 root      20   0   23216   5104   3280 S   0.0   0.1   0:00.11 systemd-udevd
    331 root      20   0   23216   5140   3312 S   0.0   0.1   0:00.27 systemd-udevd
    332 root      20   0   23264   5160   3236 S   0.0   0.1   0:00.18 systemd-udevd
    333 root      20   0   23216   5496   3668 S   0.0   0.1   0:00.11 systemd-udevd
    334 root      20   0   23216   4972   3156 S   0.0   0.1   0:00.27 systemd-udevd
    336 root      20   0   23216   5080   3248 S   0.0   0.1   0:00.26 systemd-udevd
    337 root      20   0   23276   4580   2644 S   0.0   0.1   0:00.11 systemd-udevd
    338 root      20   0   23280   6100   4152 S   0.0   0.1   0:00.24 systemd-udevd
    339 root      20   0   23548   6220   4128 S   0.0   0.1   0:00.35 systemd-udevd
    340 root      20   0   23216   5620   3796 S   0.0   0.1   0:00.21 systemd-udevd
    341 root      20   0   23216   4940   3108 S   0.0   0.1   0:00.17 systemd-udevd
    344 root       0 -20       0      0      0 I   0.0   0.0   0:00.05 kworker/4:1H-kblockd
    388 root     -51   0       0      0      0 S   0.0   0.0   0:00.00 irq/189-tegra-p
    397 root      20   0       0      0      0 S   0.0   0.0   0:00.00 15820000.crypto
    398 root      20   0       0      0      0 S   0.0   0.0   0:00.00 15840000.crypto
    420 root     -51   0       0      0      0 S   0.0   0.0   0:00.00 irq/189-aerdrv
    422 root     -51   0       0      0      0 S   0.0   0.0   0:00.00 irq/219-bc00000
    423 root      -2   0       0      0      0 S   0.0   0.0   0:00.00 capture-control
    424 root      -2   0       0      0      0 S   0.0   0.0   0:00.00 capture
    425 root     -51   0       0      0      0 S   0.0   0.0   0:00.00 irq/214-tegra_d
    426 root     -51   0       0      0      0 S   0.0   0.0   0:00.00 irq/215-tegra_d
    427 root       0 -20       0      0      0 I   0.0   0.0   0:00.00 dce-async-ipc-w
    428 root     -51   0       0      0      0 S   0.0   0.0   0:00.00 irq/240-nvvrs-p
    429 root      20   0       0      0      0 S   0.0   0.0   0:00.00 nv_queue
    430 root      20   0       0      0      0 S   0.0   0.0   0:00.00 nv_queue
    484 root       0 -20       0      0      0 I   0.0   0.0   0:00.00 cfg80211
    485 root     -51   0       0      0      0 S   0.0   0.0   0:00.00 irq/118-3210000
    489 root      20   0       0      0      0 S   0.0   0.0   0:00.00 spi0
    498 root     -51   0       0      0      0 S   0.0   0.0   0:00.00 irq/119-3230000
    503 root      20   0       0      0      0 S   0.0   0.0   0:00.00 spi1
    551 root       0 -20       0      0      0 I   0.0   0.0   0:00.00 btfwwork
    650 root      20   0    8236   6484   1432 S   0.0   0.1   0:00.51 haveged
    653 _rpc      20   0    7932   2260   1912 S   0.0   0.0   0:00.01 rpcbind
    655 systemd+  20   0   26320  13576   8500 S   0.0   0.2   0:00.46 systemd-resolve
    657 systemd+  20   0   88880   6412   5564 S   0.0   0.1   0:00.15 systemd-timesyn
    827 avahi     20   0    8224   3680   3144 S   0.0   0.0   0:00.72 avahi-daemon
    828 root      20   0    9888   4548   4112 S   0.0   0.1   0:00.06 bluetoothd
    829 message+  20   0   10456   5684   3584 S   0.0   0.1   0:22.04 dbus-daemon
    830 root      20   0  338724  21060  14884 S   0.0   0.3   0:21.35 NetworkManager
    840 root      20   0   43504  19808  10212 S   0.0   0.3   0:00.15 networkd-dispat
    851 root      20   0  241620   7020   6316 S   0.0   0.1   0:00.32 power-profiles-
    854 syslog    20   0  222160   7056   3672 S   0.0   0.1   0:03.01 rsyslogd
    860 root      20   0    2240    792    712 S   0.0   0.0   0:00.00 seatd
    871 root      20   0  242128   7456   6576 S   0.0   0.1   0:01.17 accounts-daemon
    872 root      20   0  238124   8280   5636 S   0.0   0.1   0:00.03 switcheroo-cont
    875 root      20   0   49004   7660   6308 S   0.0   0.1   0:01.84 systemd-logind
    876 root      20   0  394252  11960   9468 S   0.0   0.2   0:00.52 udisksd
    878 root      20   0   16636  10300   8304 S   0.0   0.1   0:01.18 wpa_supplicant
    883 avahi     20   0    7812    356      0 S   0.0   0.0   0:00.00 avahi-daemon
    890 root      rt   0       0      0      0 S   0.0   0.0   0:54.55 sugov:0
    893 root      rt   0       0      0      0 S   0.0   0.0   0:23.82 sugov:4
    944 root      30  10   11248   3604   3204 S   0.0   0.0   0:04.63 wifi_mon.sh
    969 root      20   0  237048  10420   6400 S   0.0   0.1   1:33.09 polkitd
   1004 root      20   0    2460   1540   1364 S   0.0   0.0   0:04.27 nvfancontrol
   1045 root      20   0       0      0      0 S   0.0   0.0   0:00.00 sw-quiesce
   1069 root      20   0       0      0      0 S   0.0   0.0   0:00.00 nvgpu_pg_init_g
   1108 root      20   0       0      0      0 S   0.0   0.0   0:00.00 nvgpu_clk_arb_p
   1129 root      20   0       0      0      0 S   0.0   0.0   0:04.62 RTW_CMD_THREAD
   1158 root      20   0   75936  10084   8260 S   0.0   0.1   0:00.01 nvargus-daemon
   1159 root      20   0   11116   3508   3204 S   0.0   0.0   0:00.04 nvmemwarning.sh
   1173 root      20   0   22192   1776   1580 S   0.0   0.0   0:00.00 nvs-service
   1191 ollama    20   0 2006720  38588  20428 S   0.0   0.5   0:00.61 ollama
   1203 root      20   0    2336   1396   1280 S   0.0   0.0   0:01.61 run-cups-browse
   1206 root      20   0    2336   1376   1248 S   0.0   0.0   0:01.92 run-cupsd
   1219 root      20   0       0      0      0 S   0.0   0.0   0:00.00 pr/ramoops-1
   1241 root      20   0   10772   2820   2572 S   0.0   0.0   0:00.03 cron
   1276 kernoops  20   0   12812    452      0 S   0.0   0.0   0:00.01 kerneloops
   1277 root      20   0  243100   7964   7012 S   0.0   0.1   0:00.03 gdm3
   1293 root      20   0    9468    732    656 S   0.0   0.0   0:00.00 agetty
   1296 kernoops  20   0   12812    452      0 S   0.0   0.0   0:00.01 kerneloops
   1305 root      20   0    9468    724    648 S   0.0   0.0   0:00.00 agetty
   1322 root      20   0  173408   8800   7628 S   0.0   0.1   0:00.01 gdm-session-wor
   1404 gdm       20   0   18124   9732   7360 S   0.0   0.1   0:00.43 systemd
   1420 root      20   0       0      0      0 S   0.0   0.0   0:00.00 file-storage
   1423 gdm       20   0  172232   4504      0 S   0.0   0.1   0:00.00 (sd-pam)
   1461 root      20   0   15272   8356   6776 S   0.0   0.1   0:00.33 sshd
   1522 root      20   0    3076    988    876 S   0.0   0.0   0:00.00 nvphsd
   1527 root      20   0    3208   1512   1352 S   0.0   0.0   0:00.00 nvphsd
   1680 gdm        9 -11   41968   6472   5156 S   0.0   0.1   0:00.04 pipewire
   1681 gdm       20   0   25480   6440   5112 S   0.0   0.1   0:01.14 pipewire-media-
   1682 gdm        9 -11  891844  20764  12600 S   0.0   0.3   0:00.68 pulseaudio
   1685 gdm       20   0  163948   5500   4980 S   0.0   0.1   0:00.00 gdm-x-session
   1691 root      20   0   24.2g  82884  35884 S   0.0   1.1   0:01.17 Xorg
   1696 rtkit     21   1  153504   1600   1388 S   0.0   0.0   0:00.16 rtkit-daemon
   1705 gdm       20   0    8840   3596   3212 S   0.0   0.0   0:00.01 dbus-daemon
   1731 root      20   0       0      0      0 S   0.0   0.0   0:00.00 nvidia-modeset/
   1732 root      20   0       0      0      0 S   0.0   0.0   0:00.00 nvidia-modeset/
   1734 root      20   0       0      0      0 S   0.0   0.0   0:00.00 nvidia
   1738 root      20   0       0      0      0 S   0.0   0.0   0:00.00 nv_queue
   1782 root      20   0       0      0      0 S   0.0   0.0   0:00.00 nvidia-drm-nv-t
   1783 root     -51   0       0      0      0 S   0.0   0.0   0:00.00 card1-crtc0
   1784 root     -51   0       0      0      0 S   0.0   0.0   0:00.00 card1-crtc1
   1951 gdm       20   0    5876   1556   1344 S   0.0   0.0   0:00.00 dbus-run-sessio
   1954 gdm       20   0    9108   4476   3604 S   0.0   0.1   0:00.13 dbus-daemon
   2026 gdm       20   0  663384  17800  12956 S   0.0   0.2   0:00.55 gnome-session-b
   2051 gdm       20   0  310068   8972   6272 S   0.0   0.1   0:00.00 at-spi-bus-laun
   2056 gdm       20   0    8692   3552   3168 S   0.0   0.0   0:00.00 dbus-daemon
   2067 gdm       20   0 3397568 136720  73336 S   0.0   1.8   0:26.76 gnome-shell
   2084 gdm       20   0  237676   7020   4540 S   0.0   0.1   0:00.00 xdg-permission-
   2091 root      20   0  243852   8092   6980 S   0.0   0.1   0:00.27 upowerd
   2097 root      20   0  301608  19340  16412 S   0.0   0.2   0:00.89 packagekitd
   2099 gdm       20   0 2804036  25696  20860 S   0.0   0.3   0:00.08 gjs
   2101 gdm       20   0  163144   7192   6424 S   0.0   0.1   0:00.01 at-spi2-registr
   2128 gdm       20   0  468748   9916   8000 S   0.0   0.1   0:01.42 gsd-sharing
   2130 gdm       20   0  338880  16940  12620 S   0.0   0.2   0:00.06 gsd-wacom
   2139 gdm       20   0  599188  21500  16928 S   0.0   0.3   0:00.15 gsd-color
   2143 gdm       20   0  316840  11252   6240 S   0.0   0.1   0:00.09 ibus-daemon
   2150 gdm       20   0  338600  15024  13276 S   0.0   0.2   0:00.04 gsd-keyboard
   2151 gdm       20   0  252472   9916   8488 S   0.0   0.1   0:00.02 gsd-print-notif
   2152 gdm       20   0  459796   8176   5436 S   0.0   0.1   0:00.35 gsd-rfkill
   2153 gdm       20   0  388312   9428   6480 S   0.0   0.1   0:00.01 gsd-smartcard
   2160 gdm       20   0  380556  14476  12508 S   0.0   0.2   0:00.03 gsd-datetime
   2167 gdm       20   0  864180  22384  17516 S   0.0   0.3   0:00.29 gsd-media-keys
   2169 gdm       20   0  237936   4760   4376 S   0.0   0.1   0:00.00 gsd-screensaver
   2170 gdm       20   0  322096   8352   7324 S   0.0   0.1   0:00.01 gsd-sound
   2175 gdm       20   0  312416   6072   5492 S   0.0   0.1   0:00.01 gsd-a11y-settin
   2177 gdm       20   0  242216   7024   6228 S   0.0   0.1   0:00.01 gvfsd
   2178 gdm       20   0  314000   6928   6164 S   0.0   0.1   0:00.52 gsd-housekeepin
   2179 gdm       20   0  449976  18248  15904 S   0.0   0.2   0:00.30 gsd-power
   2203 gdm       20   0  347052  12600  10748 S   0.0   0.2   0:00.02 gsd-printer
   2234 colord    20   0  247460  12768   9028 S   0.0   0.2   0:00.22 colord
   2247 gdm       20   0  239040   8612   5940 S   0.0   0.1   0:00.00 ibus-dconf
   2258 gdm       20   0  238936   5920   5492 S   0.0   0.1   0:00.00 ibus-portal
   2281 gdm       20   0 2812420  25808  20904 S   0.0   0.3   0:00.09 gjs
   2300 gdm       20   0  165096   6500   5876 S   0.0   0.1   0:00.00 ibus-engine-sim
   2453 root      20   0  137440  11976   9612 S   0.0   0.2   0:00.65 cupsd
   2465 root      20   0  343140  19372  14152 S   0.0   0.2   0:01.31 cups-browsed
   2557 gdm       20   0  156672   4460   4068 S   0.0   0.1   0:00.00 dconf-service
   3864 root      20   0       0      0      0 I   0.0   0.0   0:13.04 kworker/u12:2-events_unbound
   9961 jetson    20   0   18140   9776   7372 S   0.0   0.1   0:00.33 systemd
   9962 jetson    20   0  172508   4632      0 S   0.0   0.1   0:00.00 (sd-pam)
   9970 jetson    20   0   41976   6552   5228 S   0.0   0.1   0:00.04 pipewire
   9971 jetson    20   0   25488   6720   5380 S   0.0   0.1   0:01.24 pipewire-media-
  10023 jetson    20   0    8888   4148   3656 S   0.0   0.1   0:00.01 dbus-daemon
  10532 root      20   0 1233232  12212   6212 S   0.0   0.2   0:34.88 containerd-shim
  10561 jetson    20   0    5508    776    688 S   0.0   0.0   0:00.20 sleep
  10658 root      20   0   21764   5404   3884 S   0.0   0.1   0:13.60 systemd-udevd
  10666 root      20   0   21752   4108   2588 S   0.0   0.1   0:00.23 systemd-udevd
  11619 root      20   0   21748   4060   2540 S   0.0   0.1   0:00.02 systemd-udevd
  11620 root      20   0   21760   4112   2588 S   0.0   0.1   0:00.02 systemd-udevd
  11634 root      20   0   21760   4016   2496 S   0.0   0.1   0:00.01 systemd-udevd
  11635 root      20   0   21760   4048   2540 S   0.0   0.1   0:00.03 systemd-udevd
  11636 root      20   0   21764   3380   1864 S   0.0   0.0   0:00.01 systemd-udevd
  11648 root      20   0   21764   4008   2468 S   0.0   0.1   0:00.01 systemd-udevd
  11649 root      20   0   21764   3832   2288 S   0.0   0.0   0:00.01 systemd-udevd
  11650 root      20   0   21764   3968   2432 S   0.0   0.1   0:00.00 systemd-udevd
  11653 root      20   0   21764   4496   2944 S   0.0   0.1   0:00.04 systemd-udevd
  11654 root      20   0   21764   4508   2960 S   0.0   0.1   0:00.03 systemd-udevd
 109437 snap_da+  20   0   14484   4632   3932 S   0.0   0.1   0:00.00 dbus
 112737 jetson    20   0  203640  36228  13220 S   0.0   0.5   0:00.70 ros2
 112739 jetson    20   0 2070728  32552  18032 S   0.0   0.4   0:00.36 docker
 112768 root      20   0 1233232  12088   6600 S   0.0   0.2   0:00.92 containerd-shim
 112797 root      20   0   49400  29488  14684 S   0.0   0.4   0:00.36 ros2
 115031 root      20   0  238832   6988   5696 S   0.0   0.1   0:02.65 iio-sensor-prox
 129749 root      20   0       0      0      0 I   0.0   0.0   0:09.26 kworker/u12:5-events_freezable_power_
 189012 jetson    20   0  572504  38556  13204 S   0.0   0.5   0:01.41 ros2
 189022 jetson    20   0 1082604  56652  26332 S   0.0   0.7   0:57.89 foxglove_bridge
 189320 jetson    20   0  129772  36300  13220 S   0.0   0.5   0:00.73 ros2
 189431 jetson    20   0  796980  41908  13220 S   0.0   0.5   0:01.43 ros2
 189475 jetson    20   0   11248   3072   2752 S   0.0   0.0   0:05.04 bash
 189596 jetson    20   0   53012  29660  15012 S   0.0   0.4   0:00.34 ros2
 206274 root      20   0       0      0      0 I   0.0   0.0   0:10.47 kworker/u12:9-events_freezable_power_
 244731 root      20   0       0      0      0 I   0.0   0.0   0:01.24 kworker/1:2-cgroup_destroy
 286436 root      20   0       0      0      0 I   0.0   0.0   0:08.58 kworker/u12:0-events_unbound
 344667 root      20   0       0      0      0 I   0.0   0.0   0:00.59 kworker/0:3-events
 349442 root      20   0       0      0      0 I   0.0   0.0   0:05.65 kworker/u12:6-events_unbound
 367657 root       0 -20       0      0      0 I   0.0   0.0   0:11.77 kworker/u13:2-uvcvideo
 369170 root      20   0       0      0      0 I   0.0   0.0   0:04.43 kworker/u12:1-events_freezable_power_
 443709 root      20   0       0      0      0 I   0.0   0.0   0:00.14 kworker/3:2-cgroup_destroy
 445412 root      20   0       0      0      0 I   0.0   0.0   0:00.25 kworker/2:1-events
 448401 root      20   0       0      0      0 I   0.0   0.0   0:00.00 kworker/5:2-events
 467530 root      20   0       0      0      0 I   0.0   0.0   0:01.91 kworker/u12:3-events_freezable_power_
 469901 root       0 -20       0      0      0 I   0.0   0.0   0:01.89 kworker/u13:3-uvcvideo
 478380 root      20   0       0      0      0 I   0.0   0.0   0:00.29 kworker/1:1-events
 480561 root      20   0       0      0      0 I   0.0   0.0   0:00.00 kworker/4:1-events
 483353 root      20   0       0      0      0 I   0.0   0.0   0:00.00 kworker/2:3-events
 496325 root      20   0       0      0      0 I   0.0   0.0   0:00.11 kworker/3:0-events
 499790 root       0 -20       0      0      0 I   0.0   0.0   0:02.45 kworker/u13:4-uvcvideo
 511663 root      20   0       0      0      0 I   0.0   0.0   0:00.00 kworker/0:1-cgroup_destroy
 528481 root      20   0       0      0      0 I   0.0   0.0   0:00.00 kworker/1:0-events
 528980 root      20   0    9436    780    704 S   0.0   0.0   0:00.00 sleep
 530050 root      20   0       0      0      0 I   0.0   0.0   0:00.00 kworker/3:1-cgroup_destroy
 530052 root      20   0       0      0      0 I   0.0   0.0   0:00.00 kworker/2:0-cgroup_destroy
 530228 root      20   0       0      0      0 I   0.0   0.0   0:00.00 kworker/3:3-cgroup_destroy
 530300 root      20   0       0      0      0 I   0.0   0.0   0:00.00 kworker/2:2-events
 532747 root      20   0       0      0      0 I   0.0   0.0   0:00.00 kworker/0:0-events
 533529 jetson    20   0   11248   3304   2868 S   0.0   0.0   0:00.03 bash
 536497 jetson    20   0   11248   3288   2852 S   0.0   0.0   0:00.01 bash
 536579 jetson    20   0    2872    884    788 S   0.0   0.0   0:00.08 tegrastats
 536849 jetson    20   0    9480    820    736 S   0.0   0.0   0:00.00 tail
 537023 root      20   0       0      0      0 I   0.0   0.0   0:00.00 kworker/4:2-events
 538032 root      20   0       0      0      0 I   0.0   0.0   0:00.00 kworker/5:0
 538300 root      30  10    9436    772    692 S   0.0   0.0   0:00.00 sleep
 538941 jetson    20   0    9436    776    700 S   0.0   0.0   0:00.00 sleep
 538981 jetson    20   0    9444    788    704 S   0.0   0.0   0:00.00 sleep

top - 12:24:37 up  3:27,  0 users,  load average: 10.28, 5.64, 3.98
Tasks: 356 total,   2 running, 354 sleeping,   0 stopped,   0 zombie
%Cpu(s): 46.9 us, 32.3 sy,  0.0 ni, 12.2 id,  0.0 wa,  3.1 hi,  5.5 si,  0.0 st
MiB Mem :   7607.4 total,   2795.5 free,   2066.9 used,   2745.0 buff/cache
MiB Swap:   3803.7 total,   3803.7 free,      0.0 used.   5242.0 avail Mem 

    PID USER      PR  NI    VIRT    RES    SHR S  %CPU  %MEM     TIME+ COMMAND
 189322 jetson    20   0 1062768  55764  24352 S  47.0   0.7   3:37.83 async_slam_tool
 536848 jetson    20   0  753844  72092  29568 S  46.5   0.9   0:16.31 python3
 189211 jetson    20   0  506208  35400  18400 S  45.5   0.5  13:02.18 ekf_node
 189435 jetson    20   0  963220  50268  23640 S  40.1   0.6  11:39.42 controller_serv
 536577 jetson    20   0  763888  55444  25424 S  35.1   0.7   0:12.39 ros2
 189612 jetson    20   0 9355088 429492  86828 S  31.2   5.5  17:42.56 nvblox_node
 189209 jetson    20   0  709056  62924  27264 R  30.2   0.8  42:54.69 python3
 189443 jetson    20   0  530952  46636  26204 S  28.7   0.6   9:57.91 bt_navigator
 189439 jetson    20   0 1070976  72732  24728 S  22.3   0.9  10:04.98 planner_server
 189441 jetson    20   0  516476  35524  21032 S  18.8   0.5   8:16.97 behavior_server
 189437 jetson    20   0  664776  35144  19416 S  17.3   0.5   7:01.59 smoother_server
    969 root      20   0  237048  10420   6400 S  14.9   0.1   1:33.39 polkitd
 189018 jetson    20   0  432956  26708  14244 S  13.4   0.3  18:49.47 rplidar_node
 189014 jetson    20   0 1750488 105416  51332 S  11.9   1.4  15:43.41 realsense2_came
 189473 jetson    20   0  577396  31376  16252 S   9.9   0.4  12:34.24 lifecycle_manag
 189433 jetson    20   0  709716  63544  27368 S   8.9   0.8   4:46.61 python3
 189020 jetson    20   0  707980  61536  27440 S   8.4   0.8   9:19.61 python3
 189447 jetson    20   0  431308  30976  17020 S   5.4   0.4   5:42.59 waypoint_follow
 112823 root      20   0 1235152  44624  11476 S   5.0   0.6   9:32.56 micro_ros_agent
 189462 jetson    20   0  428560  29632  15952 S   5.0   0.4   5:38.99 velocity_smooth
    829 message+  20   0   10456   5684   3584 S   4.0   0.1   0:22.12 dbus-daemon
 189016 jetson    20   0  709040  65192  27268 S   3.5   0.8   4:04.23 python3
    830 root      20   0  338724  21060  14884 S   2.5   0.3   0:21.40 NetworkManager
      1 root      20   0  167880  11776   7444 S   2.0   0.2   0:16.14 systemd
   2067 gdm       20   0 3397568 136720  73336 S   2.0   1.8   0:26.80 gnome-shell
 520043 root       0 -20       0      0      0 I   1.0   0.0   0:01.33 kworker/u13:0-uvcvideo
 536578 jetson    20   0   14340   3388   2776 R   1.0   0.0   0:00.38 top
     20 root      20   0       0      0      0 S   0.5   0.0   0:01.11 ksoftirqd/1
    256 root      19  -1   48768  12328  10712 S   0.5   0.2   0:14.76 systemd-journal
    871 root      20   0  242128   7456   6576 S   0.5   0.1   0:01.18 accounts-daemon
    875 root      20   0   49004   7660   6308 S   0.5   0.1   0:01.85 systemd-logind
   1221 root      20   0 2093080  74688  33248 S   0.5   1.0   0:51.00 containerd
   1570 root      20   0 2426540 117424  57248 S   0.5   1.5   0:51.88 dockerd
   1682 gdm        9 -11  891844  20764  12600 S   0.5   0.3   0:00.69 pulseaudio
   2026 gdm       20   0  663384  17800  12956 S   0.5   0.2   0:00.56 gnome-session-b
   2097 root      20   0  301608  19340  16412 S   0.5   0.2   0:00.90 packagekitd
   2152 gdm       20   0  459796   8176   5436 S   0.5   0.1   0:00.36 gsd-rfkill
  10532 root      20   0 1233232  12212   6212 S   0.5   0.2   0:34.89 containerd-shim
 189431 jetson    20   0  796980  41908  13220 S   0.5   0.5   0:01.44 ros2
 206274 root      20   0       0      0      0 I   0.5   0.0   0:10.48 kworker/u12:9-events_freezable_power_
 286436 root      20   0       0      0      0 I   0.5   0.0   0:08.59 kworker/u12:0-events_unbound
 468909 jetson    20   0   11116   3036   2756 S   0.5   0.0   0:01.68 bash
      2 root      20   0       0      0      0 S   0.0   0.0   0:00.02 kthreadd
      3 root       0 -20       0      0      0 I   0.0   0.0   0:00.00 rcu_gp
      4 root       0 -20       0      0      0 I   0.0   0.0   0:00.00 rcu_par_gp
      5 root       0 -20       0      0      0 I   0.0   0.0   0:00.00 slub_flushwq
      6 root       0 -20       0      0      0 I   0.0   0.0   0:00.00 netns
      8 root       0 -20       0      0      0 I   0.0   0.0   0:00.00 kworker/0:0H-events_highpri
     10 root       0 -20       0      0      0 I   0.0   0.0   0:00.00 mm_percpu_wq
     11 root      20   0       0      0      0 S   0.0   0.0   0:00.00 rcu_tasks_kthre
     12 root      20   0       0      0      0 S   0.0   0.0   0:00.00 rcu_tasks_rude_
     13 root      20   0       0      0      0 S   0.0   0.0   0:00.00 rcu_tasks_trace
     14 root      20   0       0      0      0 S   0.0   0.0   0:09.25 ksoftirqd/0
     15 root      20   0       0      0      0 I   0.0   0.0   0:05.59 rcu_preempt
     16 root      rt   0       0      0      0 S   0.0   0.0   0:00.03 migration/0
     17 root      20   0       0      0      0 S   0.0   0.0   0:00.00 cpuhp/0
     18 root      20   0       0      0      0 S   0.0   0.0   0:00.00 cpuhp/1
     19 root      rt   0       0      0      0 S   0.0   0.0   0:00.03 migration/1
     22 root       0 -20       0      0      0 I   0.0   0.0   0:00.00 kworker/1:0H-events_highpri
     23 root      20   0       0      0      0 S   0.0   0.0   0:00.00 cpuhp/2
     24 root      rt   0       0      0      0 S   0.0   0.0   0:00.03 migration/2
     25 root      20   0       0      0      0 S   0.0   0.0   0:01.10 ksoftirqd/2
     27 root       0 -20       0      0      0 I   0.0   0.0   0:00.00 kworker/2:0H-events_highpri
     28 root      20   0       0      0      0 S   0.0   0.0   0:00.00 cpuhp/3
     29 root      rt   0       0      0      0 S   0.0   0.0   0:00.02 migration/3
     30 root      20   0       0      0      0 S   0.0   0.0   0:01.08 ksoftirqd/3
     32 root       0 -20       0      0      0 I   0.0   0.0   0:00.00 kworker/3:0H-events_highpri
     33 root      20   0       0      0      0 S   0.0   0.0   0:00.00 cpuhp/4
     34 root      rt   0       0      0      0 S   0.0   0.0   0:00.07 migration/4
     35 root      20   0       0      0      0 S   0.0   0.0   0:00.95 ksoftirqd/4
     37 root       0 -20       0      0      0 I   0.0   0.0   0:00.00 kworker/4:0H-events_highpri
     38 root      20   0       0      0      0 S   0.0   0.0   0:00.00 cpuhp/5
     39 root      rt   0       0      0      0 S   0.0   0.0   0:00.07 migration/5
     40 root      20   0       0      0      0 S   0.0   0.0   0:00.88 ksoftirqd/5
     42 root       0 -20       0      0      0 I   0.0   0.0   0:00.00 kworker/5:0H-kblockd
     43 root      20   0       0      0      0 S   0.0   0.0   0:00.00 kdevtmpfs
     44 root       0 -20       0      0      0 I   0.0   0.0   0:00.00 inet_frag_wq
     51 root      20   0       0      0      0 S   0.0   0.0   0:00.00 kauditd
     52 root      20   0       0      0      0 S   0.0   0.0   0:00.00 oom_reaper
     53 root       0 -20       0      0      0 I   0.0   0.0   0:00.00 writeback
     54 root      20   0       0      0      0 S   0.0   0.0   0:00.10 kcompactd0
     55 root      25   5       0      0      0 S   0.0   0.0   0:00.00 ksmd
     56 root      39  19       0      0      0 S   0.0   0.0   0:00.89 khugepaged
     67 root       0 -20       0      0      0 I   0.0   0.0   0:00.00 cryptd
     86 root       0 -20       0      0      0 I   0.0   0.0   0:00.00 kintegrityd
     87 root       0 -20       0      0      0 I   0.0   0.0   0:00.00 kblockd
     88 root       0 -20       0      0      0 I   0.0   0.0   0:00.00 blkcg_punt_bio
     89 root       0 -20       0      0      0 I   0.0   0.0   0:00.00 tpm_dev_wq
     90 root       0 -20       0      0      0 I   0.0   0.0   0:00.00 ata_sff
     91 root       0 -20       0      0      0 I   0.0   0.0   0:00.00 edac-poller
     92 root       0 -20       0      0      0 I   0.0   0.0   0:00.00 devfreq_wq
     93 root     -51   0       0      0      0 S   0.0   0.0   0:00.00 watchdogd
     96 root       0 -20       0      0      0 I   0.0   0.0   0:00.04 kworker/0:1H-kblockd
     97 root       0 -20       0      0      0 I   0.0   0.0   0:00.00 rpciod
     99 root       0 -20       0      0      0 I   0.0   0.0   0:00.00 xprtiod
    127 root      20   0       0      0      0 S   0.0   0.0   0:00.00 kswapd0
    128 root       0 -20       0      0      0 I   0.0   0.0   0:00.00 nfsiod
    132 root       0 -20       0      0      0 I   0.0   0.0   0:00.00 vfio-irqfd-clea
    133 root       0 -20       0      0      0 I   0.0   0.0   0:00.00 bch_btree_io
    134 root       0 -20       0      0      0 I   0.0   0.0   0:00.00 bcache
    135 root       0 -20       0      0      0 I   0.0   0.0   0:00.00 bch_journal
    136 root       0 -20       0      0      0 I   0.0   0.0   0:00.00 dm_bufio_cache
    140 root      10 -10       0      0      0 S   0.0   0.0   0:00.00 krfcommd
    141 root      20   0       0      0      0 S   0.0   0.0   0:00.00 pr/tty0
    142 root      20   0       0      0      0 S   0.0   0.0   0:03.01 pr/ttyTCU0
    145 root     -51   0       0      0      0 S   0.0   0.0   0:00.00 irq/114-3160000
    147 root     -51   0       0      0      0 S   0.0   0.0   0:00.00 irq/115-3180000
    149 root     -51   0       0      0      0 S   0.0   0.0   0:00.00 irq/116-31b0000
    150 root     -51   0       0      0      0 S   0.0   0.0   0:00.01 irq/167-c240000
    151 root     -51   0       0      0      0 S   0.0   0.0   0:00.00 irq/168-c250000
    152 root     -51   0       0      0      0 S   0.0   0.0   0:00.00 irq/125-3610000
    153 root     -51   0       0      0      0 S   0.0   0.0   0:00.00 irq/122-3610000
    154 root       0 -20       0      0      0 I   0.0   0.0   0:00.00 sdhci
    155 root     -51   0       0      0      0 S   0.0   0.0   0:00.00 irq/120-mmc0
    156 root     -51   0       0      0      0 S   0.0   0.0   0:00.00 irq/230-3400000
    178 root     -51   0       0      0      0 S   0.0   0.0   0:00.00 irq/191-tegra-p
    179 root       0 -20       0      0      0 I   0.0   0.0   0:00.00 nvme-wq
    180 root       0 -20       0      0      0 I   0.0   0.0   0:00.00 nvme-reset-wq
    181 root       0 -20       0      0      0 I   0.0   0.0   0:00.00 nvme-delete-wq
    190 root     -51   0       0      0      0 S   0.0   0.0   0:00.00 irq/191-aerdrv
    191 root     -51   0       0      0      0 S   0.0   0.0   0:00.00 irq/193-tegra-p
    194 root     -51   0       0      0      0 S   0.0   0.0   0:00.00 irq/193-aerdrv
    195 root     -51   0       0      0      0 S   0.0   0.0   0:00.00 irq/195-tegra-p
    197 root     -51   0       0      0      0 S   0.0   0.0   0:00.00 irq/232-nvme0q0
    198 root     -51   0       0      0      0 S   0.0   0.0   0:00.38 irq/233-nvme0q1
    199 root     -51   0       0      0      0 S   0.0   0.0   0:00.37 irq/234-nvme0q2
    200 root     -51   0       0      0      0 S   0.0   0.0   0:00.44 irq/235-nvme0q3
    201 root     -51   0       0      0      0 S   0.0   0.0   0:00.29 irq/236-nvme0q4
    202 root     -51   0       0      0      0 S   0.0   0.0   0:00.11 irq/237-nvme0q5
    203 root     -51   0       0      0      0 S   0.0   0.0   0:00.11 irq/238-nvme0q6
    210 root       0 -20       0      0      0 I   0.0   0.0   0:00.05 kworker/5:1H-kblockd
    211 root      20   0       0      0      0 S   0.0   0.0   0:00.79 jbd2/nvme0n1p1-
    212 root       0 -20       0      0      0 I   0.0   0.0   0:00.00 ext4-rsv-conver
    221 root       0 -20       0      0      0 I   0.0   0.0   0:00.00 mld
    222 root       0 -20       0      0      0 I   0.0   0.0   0:00.03 kworker/1:1H-kblockd
    223 root       0 -20       0      0      0 I   0.0   0.0   0:00.00 ipv6_addrconf
    253 root       0 -20       0      0      0 I   0.0   0.0   0:00.04 kworker/3:1H-kblockd
    275 root       0 -20       0      0      0 I   0.0   0.0   0:00.04 kworker/2:1H-kblockd
    280 root      39  19       0      0      0 S   0.0   0.0   0:00.48 nvmap-bz
    281 root     -51   0       0      0      0 S   0.0   0.0   0:00.00 irq/188-host1x_
    284 root     -51   0       0      0      0 S   0.0   0.0   0:00.00 irq/197-gk20a_s
    285 root     -51   0       0      0      0 S   0.0   0.0   0:00.01 irq/198-gk20a_s
    286 root     -51   0       0      0      0 S   0.0   0.0   0:00.01 irq/199-gk20a_s
    287 root     -51   0       0      0      0 S   0.0   0.0   0:00.00 irq/200-gk20a_n
    293 root      20   0   11116   3456   3200 S   0.0   0.0   0:00.00 nv-tee-supplica
    300 root      20   0  150380   1344   1232 S   0.0   0.0   0:00.01 tee-supplicant
    302 root       0 -20       0      0      0 I   0.0   0.0   0:00.00 optee_bus_scan
    312 root      20   0   23872   6336   4084 S   0.0   0.1   0:14.34 systemd-udevd
    313 root      20   0   23220   4796   3028 S   0.0   0.1   0:00.08 systemd-udevd
    314 root      20   0   24292   6724   3856 S   0.0   0.1   0:00.17 systemd-udevd
    315 root      20   0   23252   5932   4012 S   0.0   0.1   0:00.37 systemd-udevd
    316 root      20   0   23216   4780   3004 S   0.0   0.1   0:00.21 systemd-udevd
    317 root      20   0   23520   5532   3480 S   0.0   0.1   0:00.14 systemd-udevd
    318 root      20   0   23216   5256   3456 S   0.0   0.1   0:00.39 systemd-udevd
    319 root      20   0   23216   5360   3528 S   0.0   0.1   0:00.28 systemd-udevd
    320 root      20   0   23264   5404   3480 S   0.0   0.1   0:00.13 systemd-udevd
    321 root      20   0   23216   5884   4040 S   0.0   0.1   0:00.29 systemd-udevd
    322 root      20   0   23216   5084   3276 S   0.0   0.1   0:00.13 systemd-udevd
    323 root      20   0   23240   5820   3912 S   0.0   0.1   0:00.12 systemd-udevd
    324 root      20   0   23268   5436   3500 S   0.0   0.1   0:00.15 systemd-udevd
    325 root      20   0   23216   5908   4044 S   0.0   0.1   0:00.62 systemd-udevd
    326 root      20   0   23216   4580   2760 S   0.0   0.1   0:00.11 systemd-udevd
    327 root      20   0   23528   5324   3256 S   0.0   0.1   0:00.11 systemd-udevd
    328 root      20   0   23216   5100   3284 S   0.0   0.1   0:00.13 systemd-udevd
    329 root      20   0   23572   6908   4792 S   0.0   0.1   0:48.47 systemd-udevd
    330 root      20   0   23216   5104   3280 S   0.0   0.1   0:00.11 systemd-udevd
    331 root      20   0   23216   5140   3312 S   0.0   0.1   0:00.27 systemd-udevd
    332 root      20   0   23264   5160   3236 S   0.0   0.1   0:00.18 systemd-udevd
    333 root      20   0   23216   5496   3668 S   0.0   0.1   0:00.11 systemd-udevd
    334 root      20   0   23216   4972   3156 S   0.0   0.1   0:00.27 systemd-udevd
    336 root      20   0   23216   5080   3248 S   0.0   0.1   0:00.26 systemd-udevd
    337 root      20   0   23276   4580   2644 S   0.0   0.1   0:00.11 systemd-udevd
    338 root      20   0   23280   6100   4152 S   0.0   0.1   0:00.24 systemd-udevd
    339 root      20   0   23548   6220   4128 S   0.0   0.1   0:00.35 systemd-udevd
    340 root      20   0   23216   5620   3796 S   0.0   0.1   0:00.21 systemd-udevd
    341 root      20   0   23216   4940   3108 S   0.0   0.1   0:00.17 systemd-udevd
    344 root       0 -20       0      0      0 I   0.0   0.0   0:00.05 kworker/4:1H-kblockd
    388 root     -51   0       0      0      0 S   0.0   0.0   0:00.00 irq/189-tegra-p
    397 root      20   0       0      0      0 S   0.0   0.0   0:00.00 15820000.crypto
    398 root      20   0       0      0      0 S   0.0   0.0   0:00.00 15840000.crypto
    420 root     -51   0       0      0      0 S   0.0   0.0   0:00.00 irq/189-aerdrv
    422 root     -51   0       0      0      0 S   0.0   0.0   0:00.00 irq/219-bc00000
    423 root      -2   0       0      0      0 S   0.0   0.0   0:00.00 capture-control
    424 root      -2   0       0      0      0 S   0.0   0.0   0:00.00 capture
    425 root     -51   0       0      0      0 S   0.0   0.0   0:00.00 irq/214-tegra_d
    426 root     -51   0       0      0      0 S   0.0   0.0   0:00.00 irq/215-tegra_d
    427 root       0 -20       0      0      0 I   0.0   0.0   0:00.00 dce-async-ipc-w
    428 root     -51   0       0      0      0 S   0.0   0.0   0:00.00 irq/240-nvvrs-p
    429 root      20   0       0      0      0 S   0.0   0.0   0:00.00 nv_queue
    430 root      20   0       0      0      0 S   0.0   0.0   0:00.00 nv_queue
    484 root       0 -20       0      0      0 I   0.0   0.0   0:00.00 cfg80211
    485 root     -51   0       0      0      0 S   0.0   0.0   0:00.00 irq/118-3210000
    489 root      20   0       0      0      0 S   0.0   0.0   0:00.00 spi0
    498 root     -51   0       0      0      0 S   0.0   0.0   0:00.00 irq/119-3230000
    503 root      20   0       0      0      0 S   0.0   0.0   0:00.00 spi1
    551 root       0 -20       0      0      0 I   0.0   0.0   0:00.00 btfwwork
    650 root      20   0    8236   6484   1432 S   0.0   0.1   0:00.51 haveged
    653 _rpc      20   0    7932   2260   1912 S   0.0   0.0   0:00.01 rpcbind
    655 systemd+  20   0   26320  13576   8500 S   0.0   0.2   0:00.46 systemd-resolve
    657 systemd+  20   0   88880   6412   5564 S   0.0   0.1   0:00.15 systemd-timesyn
    827 avahi     20   0    8224   3680   3144 S   0.0   0.0   0:00.72 avahi-daemon
    828 root      20   0    9888   4548   4112 S   0.0   0.1   0:00.06 bluetoothd
    840 root      20   0   43504  19808  10212 S   0.0   0.3   0:00.15 networkd-dispat
    851 root      20   0  241620   7020   6316 S   0.0   0.1   0:00.32 power-profiles-
    854 syslog    20   0  222160   7056   3672 S   0.0   0.1   0:03.01 rsyslogd
    860 root      20   0    2240    792    712 S   0.0   0.0   0:00.00 seatd
    866 root      20   0 2145700  49220  25584 S   0.0   0.6   0:21.58 snapd
    872 root      20   0  238124   8280   5636 S   0.0   0.1   0:00.03 switcheroo-cont
    876 root      20   0  394252  11960   9468 S   0.0   0.2   0:00.52 udisksd
    878 root      20   0   16636  10300   8304 S   0.0   0.1   0:01.18 wpa_supplicant
    883 avahi     20   0    7812    356      0 S   0.0   0.0   0:00.00 avahi-daemon
    890 root      rt   0       0      0      0 S   0.0   0.0   0:54.55 sugov:0
    893 root      rt   0       0      0      0 S   0.0   0.0   0:23.82 sugov:4
    944 root      30  10   11248   3604   3204 S   0.0   0.0   0:04.63 wifi_mon.sh
   1004 root      20   0    2460   1540   1364 S   0.0   0.0   0:04.27 nvfancontrol
   1045 root      20   0       0      0      0 S   0.0   0.0   0:00.00 sw-quiesce
   1050 root      20   0       0      0      0 S   0.0   0.0   0:11.93 nvgpu_channel_p
   1069 root      20   0       0      0      0 S   0.0   0.0   0:00.00 nvgpu_pg_init_g
   1108 root      20   0       0      0      0 S   0.0   0.0   0:00.00 nvgpu_clk_arb_p
   1129 root      20   0       0      0      0 S   0.0   0.0   0:04.62 RTW_CMD_THREAD
   1158 root      20   0   75936  10084   8260 S   0.0   0.1   0:00.01 nvargus-daemon
   1159 root      20   0   11116   3508   3204 S   0.0   0.0   0:00.04 nvmemwarning.sh
   1173 root      20   0   22192   1776   1580 S   0.0   0.0   0:00.00 nvs-service
   1191 ollama    20   0 2006720  38588  20428 S   0.0   0.5   0:00.61 ollama
   1203 root      20   0    2336   1396   1280 S   0.0   0.0   0:01.61 run-cups-browse
   1206 root      20   0    2336   1376   1248 S   0.0   0.0   0:01.92 run-cupsd
   1219 root      20   0       0      0      0 S   0.0   0.0   0:00.00 pr/ramoops-1
   1241 root      20   0   10772   2820   2572 S   0.0   0.0   0:00.03 cron
   1276 kernoops  20   0   12812    452      0 S   0.0   0.0   0:00.01 kerneloops
   1277 root      20   0  243100   7964   7012 S   0.0   0.1   0:00.03 gdm3
   1293 root      20   0    9468    732    656 S   0.0   0.0   0:00.00 agetty
   1296 kernoops  20   0   12812    452      0 S   0.0   0.0   0:00.01 kerneloops
   1305 root      20   0    9468    724    648 S   0.0   0.0   0:00.00 agetty
   1322 root      20   0  173408   8800   7628 S   0.0   0.1   0:00.01 gdm-session-wor
   1404 gdm       20   0   18124   9732   7360 S   0.0   0.1   0:00.43 systemd
   1420 root      20   0       0      0      0 S   0.0   0.0   0:00.00 file-storage
   1423 gdm       20   0  172232   4504      0 S   0.0   0.1   0:00.00 (sd-pam)
   1461 root      20   0   15272   8356   6776 S   0.0   0.1   0:00.33 sshd
   1522 root      20   0    3076    988    876 S   0.0   0.0   0:00.00 nvphsd
   1527 root      20   0    3208   1512   1352 S   0.0   0.0   0:00.00 nvphsd
   1680 gdm        9 -11   41968   6472   5156 S   0.0   0.1   0:00.04 pipewire
   1681 gdm       20   0   25480   6440   5112 S   0.0   0.1   0:01.14 pipewire-media-
   1685 gdm       20   0  163948   5500   4980 S   0.0   0.1   0:00.00 gdm-x-session
   1691 root      20   0   24.2g  82884  35884 S   0.0   1.1   0:01.17 Xorg
   1696 rtkit     21   1  153504   1600   1388 S   0.0   0.0   0:00.16 rtkit-daemon
   1705 gdm       20   0    8840   3596   3212 S   0.0   0.0   0:00.01 dbus-daemon
   1731 root      20   0       0      0      0 S   0.0   0.0   0:00.00 nvidia-modeset/
   1732 root      20   0       0      0      0 S   0.0   0.0   0:00.00 nvidia-modeset/
   1734 root      20   0       0      0      0 S   0.0   0.0   0:00.00 nvidia
   1738 root      20   0       0      0      0 S   0.0   0.0   0:00.00 nv_queue
   1782 root      20   0       0      0      0 S   0.0   0.0   0:00.00 nvidia-drm-nv-t
   1783 root     -51   0       0      0      0 S   0.0   0.0   0:00.00 card1-crtc0
   1784 root     -51   0       0      0      0 S   0.0   0.0   0:00.00 card1-crtc1
   1951 gdm       20   0    5876   1556   1344 S   0.0   0.0   0:00.00 dbus-run-sessio
   1954 gdm       20   0    9108   4476   3604 S   0.0   0.1   0:00.13 dbus-daemon
   2051 gdm       20   0  310068   8972   6272 S   0.0   0.1   0:00.00 at-spi-bus-laun
   2056 gdm       20   0    8692   3552   3168 S   0.0   0.0   0:00.00 dbus-daemon
   2084 gdm       20   0  237676   7020   4540 S   0.0   0.1   0:00.00 xdg-permission-
   2091 root      20   0  243852   8092   6980 S   0.0   0.1   0:00.27 upowerd
   2099 gdm       20   0 2804036  25696  20860 S   0.0   0.3   0:00.08 gjs
   2101 gdm       20   0  163144   7192   6424 S   0.0   0.1   0:00.01 at-spi2-registr
   2128 gdm       20   0  468748   9916   8000 S   0.0   0.1   0:01.42 gsd-sharing
   2130 gdm       20   0  338880  16940  12620 S   0.0   0.2   0:00.06 gsd-wacom
   2139 gdm       20   0  599188  21500  16928 S   0.0   0.3   0:00.15 gsd-color
   2143 gdm       20   0  316840  11252   6240 S   0.0   0.1   0:00.09 ibus-daemon
   2150 gdm       20   0  338600  15024  13276 S   0.0   0.2   0:00.04 gsd-keyboard
   2151 gdm       20   0  252472   9916   8488 S   0.0   0.1   0:00.02 gsd-print-notif
   2153 gdm       20   0  388312   9428   6480 S   0.0   0.1   0:00.01 gsd-smartcard
   2160 gdm       20   0  380556  14476  12508 S   0.0   0.2   0:00.03 gsd-datetime
   2167 gdm       20   0  864180  22384  17516 S   0.0   0.3   0:00.29 gsd-media-keys
   2169 gdm       20   0  237936   4760   4376 S   0.0   0.1   0:00.00 gsd-screensaver
   2170 gdm       20   0  322096   8352   7324 S   0.0   0.1   0:00.01 gsd-sound
   2175 gdm       20   0  312416   6072   5492 S   0.0   0.1   0:00.01 gsd-a11y-settin
   2177 gdm       20   0  242216   7024   6228 S   0.0   0.1   0:00.01 gvfsd
   2178 gdm       20   0  314000   6928   6164 S   0.0   0.1   0:00.52 gsd-housekeepin
   2179 gdm       20   0  449976  18248  15904 S   0.0   0.2   0:00.30 gsd-power
   2203 gdm       20   0  347052  12600  10748 S   0.0   0.2   0:00.02 gsd-printer
   2234 colord    20   0  247460  12768   9028 S   0.0   0.2   0:00.22 colord
   2247 gdm       20   0  239040   8612   5940 S   0.0   0.1   0:00.00 ibus-dconf
   2258 gdm       20   0  238936   5920   5492 S   0.0   0.1   0:00.00 ibus-portal
   2281 gdm       20   0 2812420  25808  20904 S   0.0   0.3   0:00.09 gjs
   2300 gdm       20   0  165096   6500   5876 S   0.0   0.1   0:00.00 ibus-engine-sim
   2453 root      20   0  137440  11976   9612 S   0.0   0.2   0:00.65 cupsd
   2465 root      20   0  343140  19372  14152 S   0.0   0.2   0:01.31 cups-browsed
   2557 gdm       20   0  156672   4460   4068 S   0.0   0.1   0:00.00 dconf-service
   3864 root      20   0       0      0      0 I   0.0   0.0   0:13.04 kworker/u12:2-events_unbound
   9961 jetson    20   0   18140   9776   7372 S   0.0   0.1   0:00.33 systemd
   9962 jetson    20   0  172508   4632      0 S   0.0   0.1   0:00.00 (sd-pam)
   9970 jetson    20   0   41976   6552   5228 S   0.0   0.1   0:00.04 pipewire
   9971 jetson    20   0   25488   6720   5380 S   0.0   0.1   0:01.24 pipewire-media-
  10023 jetson    20   0    8888   4148   3656 S   0.0   0.1   0:00.01 dbus-daemon
  10561 jetson    20   0    5508    776    688 S   0.0   0.0   0:00.20 sleep
  10658 root      20   0   21764   5404   3884 S   0.0   0.1   0:13.60 systemd-udevd
  10666 root      20   0   21752   4108   2588 S   0.0   0.1   0:00.23 systemd-udevd
  11619 root      20   0   21748   4060   2540 S   0.0   0.1   0:00.02 systemd-udevd
  11620 root      20   0   21760   4112   2588 S   0.0   0.1   0:00.02 systemd-udevd
  11621 root      20   0   21760   4516   2952 S   0.0   0.1   0:27.68 systemd-udevd
  11634 root      20   0   21760   4016   2496 S   0.0   0.1   0:00.01 systemd-udevd
  11635 root      20   0   21760   4048   2540 S   0.0   0.1   0:00.03 systemd-udevd
  11636 root      20   0   21764   3380   1864 S   0.0   0.0   0:00.01 systemd-udevd
  11648 root      20   0   21764   4008   2468 S   0.0   0.1   0:00.01 systemd-udevd
  11649 root      20   0   21764   3832   2288 S   0.0   0.0   0:00.01 systemd-udevd
  11650 root      20   0   21764   3968   2432 S   0.0   0.1   0:00.00 systemd-udevd
  11653 root      20   0   21764   4496   2944 S   0.0   0.1   0:00.04 systemd-udevd
  11654 root      20   0   21764   4508   2960 S   0.0   0.1   0:00.03 systemd-udevd
 109437 snap_da+  20   0   14484   4632   3932 S   0.0   0.1   0:00.00 dbus
 112737 jetson    20   0  203640  36228  13220 S   0.0   0.5   0:00.70 ros2
 112739 jetson    20   0 2070728  32552  18032 S   0.0   0.4   0:00.36 docker
 112741 jetson    20   0  428380  30784  15880 S   0.0   0.4   0:43.97 robot_state_pub
 112768 root      20   0 1233232  12088   6600 S   0.0   0.2   0:00.92 containerd-shim
 112797 root      20   0   49400  29488  14684 S   0.0   0.4   0:00.36 ros2
 113162 jetson    20   0  920440  65760  26672 S   0.0   0.8   0:45.19 python3
 115031 root      20   0  238832   6988   5696 S   0.0   0.1   0:02.65 iio-sensor-prox
 129749 root      20   0       0      0      0 I   0.0   0.0   0:09.26 kworker/u12:5-events_unbound
 189012 jetson    20   0  572504  38556  13204 S   0.0   0.5   0:01.41 ros2
 189022 jetson    20   0 1082604  56652  26332 S   0.0   0.7   0:57.89 foxglove_bridge
 189320 jetson    20   0  129772  36300  13220 S   0.0   0.5   0:00.73 ros2
 189475 jetson    20   0   11248   3072   2752 S   0.0   0.0   0:05.04 bash
 189596 jetson    20   0   53012  29660  15012 S   0.0   0.4   0:00.34 ros2
 244731 root      20   0       0      0      0 I   0.0   0.0   0:01.24 kworker/1:2-cgroup_destroy
 344667 root      20   0       0      0      0 I   0.0   0.0   0:00.59 kworker/0:3-events
 349442 root      20   0       0      0      0 I   0.0   0.0   0:05.65 kworker/u12:6-events_unbound
 367657 root       0 -20       0      0      0 I   0.0   0.0   0:11.77 kworker/u13:2-uvcvideo
 369170 root      20   0       0      0      0 I   0.0   0.0   0:04.43 kworker/u12:1-events_unbound
 403545 root      20   0       0      0      0 I   0.0   0.0   0:04.08 kworker/u12:8-events_freezable_power_
 441418 root      20   0       0      0      0 I   0.0   0.0   0:02.94 kworker/u12:7-events_freezable_power_
 443709 root      20   0       0      0      0 I   0.0   0.0   0:00.14 kworker/3:2-cgroup_destroy
 445412 root      20   0       0      0      0 I   0.0   0.0   0:00.25 kworker/2:1-events
 448401 root      20   0       0      0      0 I   0.0   0.0   0:00.00 kworker/5:2-events
 467530 root      20   0       0      0      0 I   0.0   0.0   0:01.91 kworker/u12:3-events_unbound
 469901 root       0 -20       0      0      0 I   0.0   0.0   0:01.89 kworker/u13:3-uvcvideo
 478380 root      20   0       0      0      0 I   0.0   0.0   0:00.29 kworker/1:1-events
 480561 root      20   0       0      0      0 I   0.0   0.0   0:00.00 kworker/4:1-events
 483353 root      20   0       0      0      0 I   0.0   0.0   0:00.00 kworker/2:3-events
 489026 root      20   0       0      0      0 I   0.0   0.0   0:01.25 kworker/u12:10-events_unbound
 496325 root      20   0       0      0      0 I   0.0   0.0   0:00.11 kworker/3:0-events
 499790 root       0 -20       0      0      0 I   0.0   0.0   0:02.45 kworker/u13:4-uvcvideo
 511663 root      20   0       0      0      0 I   0.0   0.0   0:00.00 kworker/0:1-cgroup_destroy
 514145 root      20   0       0      0      0 I   0.0   0.0   0:00.06 kworker/5:1-events
 514952 root      20   0       0      0      0 I   0.0   0.0   0:00.05 kworker/4:0-events
 528481 root      20   0       0      0      0 I   0.0   0.0   0:00.00 kworker/1:0-events
 528980 root      20   0    9436    780    704 S   0.0   0.0   0:00.00 sleep
 530050 root      20   0       0      0      0 I   0.0   0.0   0:00.00 kworker/3:1-cgroup_destroy
 530052 root      20   0       0      0      0 I   0.0   0.0   0:00.00 kworker/2:0-cgroup_destroy
 530228 root      20   0       0      0      0 I   0.0   0.0   0:00.00 kworker/3:3-cgroup_destroy
 530300 root      20   0       0      0      0 I   0.0   0.0   0:00.00 kworker/2:2-events
 532747 root      20   0       0      0      0 I   0.0   0.0   0:00.00 kworker/0:0-events
 533529 jetson    20   0   11248   3304   2868 S   0.0   0.0   0:00.03 bash
 536497 jetson    20   0   11248   3288   2852 S   0.0   0.0   0:00.01 bash
 536579 jetson    20   0    2872    884    788 S   0.0   0.0   0:00.08 tegrastats
 536849 jetson    20   0    9480    820    736 S   0.0   0.0   0:00.00 tail
 537023 root      20   0       0      0      0 I   0.0   0.0   0:00.00 kworker/4:2-events
 538032 root      20   0       0      0      0 I   0.0   0.0   0:00.00 kworker/5:0
 538300 root      30  10    9436    772    692 S   0.0   0.0   0:00.00 sleep
 539063 jetson    20   0    9436    776    696 S   0.0   0.0   0:00.00 sleep
 539119 jetson    20   0    9444    788    704 S   0.0   0.0   0:00.00 sleep

top - 12:24:39 up  3:27,  0 users,  load average: 10.28, 5.64, 3.98
Tasks: 356 total,   4 running, 352 sleeping,   0 stopped,   0 zombie
%Cpu(s): 44.8 us, 31.9 sy,  0.0 ni, 14.4 id,  0.0 wa,  3.2 hi,  5.7 si,  0.0 st
MiB Mem :   7607.4 total,   2794.5 free,   2064.0 used,   2748.9 buff/cache
MiB Swap:   3803.7 total,   3803.7 free,      0.0 used.   5244.9 avail Mem 

    PID USER      PR  NI    VIRT    RES    SHR S  %CPU  %MEM     TIME+ COMMAND
 189322 jetson    20   0 1062768  55764  24352 S  50.7   0.7   3:38.88 async_slam_tool
 536848 jetson    20   0  753740  71824  29568 R  46.4   0.9   0:17.27 python3
 189211 jetson    20   0  506208  35400  18400 S  43.0   0.5  13:03.07 ekf_node
 189435 jetson    20   0  963220  50124  23768 R  37.7   0.6  11:40.20 controller_serv
 536577 jetson    20   0  763888  55444  25424 S  34.3   0.7   0:13.10 ros2
 189612 jetson    20   0 9355088 429492  86828 S  30.9   5.5  17:43.20 nvblox_node
 189209 jetson    20   0  709056  62924  27264 R  30.4   0.8  42:55.32 python3
 189443 jetson    20   0  530952  47240  26664 S  28.0   0.6   9:58.49 bt_navigator
 189439 jetson    20   0 1070976  72996  24728 S  22.2   0.9  10:05.44 planner_server
 189441 jetson    20   0  516476  35524  21032 S  18.8   0.5   8:17.36 behavior_server
 189437 jetson    20   0  664776  35144  19416 S  17.9   0.5   7:01.96 smoother_server
 189018 jetson    20   0  432956  26708  14244 S  13.0   0.3  18:49.74 rplidar_node
 189014 jetson    20   0 1750488 105416  51332 S  11.6   1.4  15:43.65 realsense2_came
 189473 jetson    20   0  577396  31376  16252 S   9.2   0.4  12:34.43 lifecycle_manag
 189433 jetson    20   0  709716  63544  27368 S   8.2   0.8   4:46.78 python3
 189020 jetson    20   0  707980  61536  27440 S   7.2   0.8   9:19.76 python3
 189462 jetson    20   0  428560  29632  15952 S   5.3   0.4   5:39.10 velocity_smooth
 189447 jetson    20   0  431308  30976  17020 S   4.8   0.4   5:42.69 waypoint_follow
 112823 root      20   0 1235152  44624  11476 S   3.9   0.6   9:32.64 micro_ros_agent
 189016 jetson    20   0  709040  65192  27268 S   3.4   0.8   4:04.30 python3
 536578 jetson    20   0   14340   3388   2776 R   1.4   0.0   0:00.41 top
 469901 root       0 -20       0      0      0 I   1.0   0.0   0:01.91 kworker/u13:3-uvcvideo
     14 root      20   0       0      0      0 S   0.5   0.0   0:09.26 ksoftirqd/0
    312 root      20   0   23872   6336   4084 S   0.5   0.1   0:14.35 systemd-udevd
    329 root      20   0   23572   6908   4792 S   0.5   0.1   0:48.48 systemd-udevd
    944 root      30  10   11248   3604   3204 S   0.5   0.0   0:04.64 wifi_mon.sh
   1221 root      20   0 2093080  74688  33248 S   0.5   1.0   0:51.01 containerd
   1570 root      20   0 2426540 117424  57248 S   0.5   1.5   0:51.89 dockerd
 189012 jetson    20   0  572504  38556  13204 S   0.5   0.5   0:01.42 ros2
 189431 jetson    20   0  796980  41908  13220 S   0.5   0.5   0:01.45 ros2
 286436 root      20   0       0      0      0 I   0.5   0.0   0:08.60 kworker/u12:0-events_freezable_power_
 369170 root      20   0       0      0      0 I   0.5   0.0   0:04.44 kworker/u12:1-events_unbound
 520043 root       0 -20       0      0      0 I   0.5   0.0   0:01.34 kworker/u13:0-uvcvideo
 536579 jetson    20   0    2872    884    788 S   0.5   0.0   0:00.09 tegrastats
      1 root      20   0  167880  11776   7444 S   0.0   0.2   0:16.14 systemd
      2 root      20   0       0      0      0 S   0.0   0.0   0:00.02 kthreadd
      3 root       0 -20       0      0      0 I   0.0   0.0   0:00.00 rcu_gp
      4 root       0 -20       0      0      0 I   0.0   0.0   0:00.00 rcu_par_gp
      5 root       0 -20       0      0      0 I   0.0   0.0   0:00.00 slub_flushwq
      6 root       0 -20       0      0      0 I   0.0   0.0   0:00.00 netns
      8 root       0 -20       0      0      0 I   0.0   0.0   0:00.00 kworker/0:0H-events_highpri
     10 root       0 -20       0      0      0 I   0.0   0.0   0:00.00 mm_percpu_wq
     11 root      20   0       0      0      0 S   0.0   0.0   0:00.00 rcu_tasks_kthre
     12 root      20   0       0      0      0 S   0.0   0.0   0:00.00 rcu_tasks_rude_
     13 root      20   0       0      0      0 S   0.0   0.0   0:00.00 rcu_tasks_trace
     15 root      20   0       0      0      0 I   0.0   0.0   0:05.59 rcu_preempt
     16 root      rt   0       0      0      0 S   0.0   0.0   0:00.03 migration/0
     17 root      20   0       0      0      0 S   0.0   0.0   0:00.00 cpuhp/0
     18 root      20   0       0      0      0 S   0.0   0.0   0:00.00 cpuhp/1
     19 root      rt   0       0      0      0 S   0.0   0.0   0:00.03 migration/1
     20 root      20   0       0      0      0 S   0.0   0.0   0:01.11 ksoftirqd/1
     22 root       0 -20       0      0      0 I   0.0   0.0   0:00.00 kworker/1:0H-events_highpri
     23 root      20   0       0      0      0 S   0.0   0.0   0:00.00 cpuhp/2
     24 root      rt   0       0      0      0 S   0.0   0.0   0:00.03 migration/2
     25 root      20   0       0      0      0 S   0.0   0.0   0:01.10 ksoftirqd/2
     27 root       0 -20       0      0      0 I   0.0   0.0   0:00.00 kworker/2:0H-events_highpri
     28 root      20   0       0      0      0 S   0.0   0.0   0:00.00 cpuhp/3
     29 root      rt   0       0      0      0 S   0.0   0.0   0:00.02 migration/3
     30 root      20   0       0      0      0 S   0.0   0.0   0:01.08 ksoftirqd/3
     32 root       0 -20       0      0      0 I   0.0   0.0   0:00.00 kworker/3:0H-events_highpri
     33 root      20   0       0      0      0 S   0.0   0.0   0:00.00 cpuhp/4
     34 root      rt   0       0      0      0 S   0.0   0.0   0:00.07 migration/4
     35 root      20   0       0      0      0 S   0.0   0.0   0:00.95 ksoftirqd/4
     37 root       0 -20       0      0      0 I   0.0   0.0   0:00.00 kworker/4:0H-events_highpri
     38 root      20   0       0      0      0 S   0.0   0.0   0:00.00 cpuhp/5
     39 root      rt   0       0      0      0 S   0.0   0.0   0:00.07 migration/5
     40 root      20   0       0      0      0 S   0.0   0.0   0:00.88 ksoftirqd/5
     42 root       0 -20       0      0      0 I   0.0   0.0   0:00.00 kworker/5:0H-kblockd
     43 root      20   0       0      0      0 S   0.0   0.0   0:00.00 kdevtmpfs
     44 root       0 -20       0      0      0 I   0.0   0.0   0:00.00 inet_frag_wq
     51 root      20   0       0      0      0 S   0.0   0.0   0:00.00 kauditd
     52 root      20   0       0      0      0 S   0.0   0.0   0:00.00 oom_reaper
     53 root       0 -20       0      0      0 I   0.0   0.0   0:00.00 writeback
     54 root      20   0       0      0      0 S   0.0   0.0   0:00.10 kcompactd0
     55 root      25   5       0      0      0 S   0.0   0.0   0:00.00 ksmd
     56 root      39  19       0      0      0 S   0.0   0.0   0:00.89 khugepaged
     67 root       0 -20       0      0      0 I   0.0   0.0   0:00.00 cryptd
     86 root       0 -20       0      0      0 I   0.0   0.0   0:00.00 kintegrityd
     87 root       0 -20       0      0      0 I   0.0   0.0   0:00.00 kblockd
     88 root       0 -20       0      0      0 I   0.0   0.0   0:00.00 blkcg_punt_bio
     89 root       0 -20       0      0      0 I   0.0   0.0   0:00.00 tpm_dev_wq
     90 root       0 -20       0      0      0 I   0.0   0.0   0:00.00 ata_sff
     91 root       0 -20       0      0      0 I   0.0   0.0   0:00.00 edac-poller
     92 root       0 -20       0      0      0 I   0.0   0.0   0:00.00 devfreq_wq
     93 root     -51   0       0      0      0 S   0.0   0.0   0:00.00 watchdogd
     96 root       0 -20       0      0      0 I   0.0   0.0   0:00.04 kworker/0:1H-kblockd
     97 root       0 -20       0      0      0 I   0.0   0.0   0:00.00 rpciod
     99 root       0 -20       0      0      0 I   0.0   0.0   0:00.00 xprtiod
    127 root      20   0       0      0      0 S   0.0   0.0   0:00.00 kswapd0
    128 root       0 -20       0      0      0 I   0.0   0.0   0:00.00 nfsiod
    132 root       0 -20       0      0      0 I   0.0   0.0   0:00.00 vfio-irqfd-clea
    133 root       0 -20       0      0      0 I   0.0   0.0   0:00.00 bch_btree_io
    134 root       0 -20       0      0      0 I   0.0   0.0   0:00.00 bcache
    135 root       0 -20       0      0      0 I   0.0   0.0   0:00.00 bch_journal
    136 root       0 -20       0      0      0 I   0.0   0.0   0:00.00 dm_bufio_cache
    140 root      10 -10       0      0      0 S   0.0   0.0   0:00.00 krfcommd
    141 root      20   0       0      0      0 S   0.0   0.0   0:00.00 pr/tty0
    142 root      20   0       0      0      0 S   0.0   0.0   0:03.01 pr/ttyTCU0
    145 root     -51   0       0      0      0 S   0.0   0.0   0:00.00 irq/114-3160000
    147 root     -51   0       0      0      0 S   0.0   0.0   0:00.00 irq/115-3180000
    149 root     -51   0       0      0      0 S   0.0   0.0   0:00.00 irq/116-31b0000
    150 root     -51   0       0      0      0 S   0.0   0.0   0:00.01 irq/167-c240000
    151 root     -51   0       0      0      0 S   0.0   0.0   0:00.00 irq/168-c250000
    152 root     -51   0       0      0      0 S   0.0   0.0   0:00.00 irq/125-3610000
    153 root     -51   0       0      0      0 S   0.0   0.0   0:00.00 irq/122-3610000
    154 root       0 -20       0      0      0 I   0.0   0.0   0:00.00 sdhci
    155 root     -51   0       0      0      0 S   0.0   0.0   0:00.00 irq/120-mmc0
    156 root     -51   0       0      0      0 S   0.0   0.0   0:00.00 irq/230-3400000
    178 root     -51   0       0      0      0 S   0.0   0.0   0:00.00 irq/191-tegra-p
    179 root       0 -20       0      0      0 I   0.0   0.0   0:00.00 nvme-wq
    180 root       0 -20       0      0      0 I   0.0   0.0   0:00.00 nvme-reset-wq
    181 root       0 -20       0      0      0 I   0.0   0.0   0:00.00 nvme-delete-wq
    190 root     -51   0       0      0      0 S   0.0   0.0   0:00.00 irq/191-aerdrv
    191 root     -51   0       0      0      0 S   0.0   0.0   0:00.00 irq/193-tegra-p
    194 root     -51   0       0      0      0 S   0.0   0.0   0:00.00 irq/193-aerdrv
    195 root     -51   0       0      0      0 S   0.0   0.0   0:00.00 irq/195-tegra-p
    197 root     -51   0       0      0      0 S   0.0   0.0   0:00.00 irq/232-nvme0q0
    198 root     -51   0       0      0      0 S   0.0   0.0   0:00.38 irq/233-nvme0q1
    199 root     -51   0       0      0      0 S   0.0   0.0   0:00.37 irq/234-nvme0q2
    200 root     -51   0       0      0      0 S   0.0   0.0   0:00.44 irq/235-nvme0q3
    201 root     -51   0       0      0      0 S   0.0   0.0   0:00.29 irq/236-nvme0q4
    202 root     -51   0       0      0      0 S   0.0   0.0   0:00.11 irq/237-nvme0q5
    203 root     -51   0       0      0      0 S   0.0   0.0   0:00.11 irq/238-nvme0q6
    210 root       0 -20       0      0      0 I   0.0   0.0   0:00.05 kworker/5:1H-kblockd
    211 root      20   0       0      0      0 S   0.0   0.0   0:00.79 jbd2/nvme0n1p1-
    212 root       0 -20       0      0      0 I   0.0   0.0   0:00.00 ext4-rsv-conver
    221 root       0 -20       0      0      0 I   0.0   0.0   0:00.00 mld
    222 root       0 -20       0      0      0 I   0.0   0.0   0:00.03 kworker/1:1H-kblockd
    223 root       0 -20       0      0      0 I   0.0   0.0   0:00.00 ipv6_addrconf
    253 root       0 -20       0      0      0 I   0.0   0.0   0:00.04 kworker/3:1H-kblockd
    256 root      19  -1   48768  12328  10712 S   0.0   0.2   0:14.76 systemd-journal
    275 root       0 -20       0      0      0 I   0.0   0.0   0:00.04 kworker/2:1H-kblockd
    280 root      39  19       0      0      0 S   0.0   0.0   0:00.48 nvmap-bz
    281 root     -51   0       0      0      0 S   0.0   0.0   0:00.00 irq/188-host1x_
    284 root     -51   0       0      0      0 S   0.0   0.0   0:00.00 irq/197-gk20a_s
    285 root     -51   0       0      0      0 S   0.0   0.0   0:00.01 irq/198-gk20a_s
    286 root     -51   0       0      0      0 S   0.0   0.0   0:00.01 irq/199-gk20a_s
    287 root     -51   0       0      0      0 S   0.0   0.0   0:00.00 irq/200-gk20a_n
    293 root      20   0   11116   3456   3200 S   0.0   0.0   0:00.00 nv-tee-supplica
    300 root      20   0  150380   1344   1232 S   0.0   0.0   0:00.01 tee-supplicant
    302 root       0 -20       0      0      0 I   0.0   0.0   0:00.00 optee_bus_scan
    313 root      20   0   23220   4796   3028 S   0.0   0.1   0:00.08 systemd-udevd
    314 root      20   0   24292   6724   3856 S   0.0   0.1   0:00.17 systemd-udevd
    315 root      20   0   23252   5932   4012 S   0.0   0.1   0:00.37 systemd-udevd
    316 root      20   0   23216   4780   3004 S   0.0   0.1   0:00.21 systemd-udevd
    317 root      20   0   23520   5532   3480 S   0.0   0.1   0:00.14 systemd-udevd
    318 root      20   0   23216   5256   3456 S   0.0   0.1   0:00.39 systemd-udevd
    319 root      20   0   23216   5360   3528 S   0.0   0.1   0:00.28 systemd-udevd
    320 root      20   0   23264   5404   3480 S   0.0   0.1   0:00.13 systemd-udevd
    321 root      20   0   23216   5884   4040 S   0.0   0.1   0:00.29 systemd-udevd
    322 root      20   0   23216   5084   3276 S   0.0   0.1   0:00.13 systemd-udevd
    323 root      20   0   23240   5820   3912 S   0.0   0.1   0:00.12 systemd-udevd
    324 root      20   0   23268   5436   3500 S   0.0   0.1   0:00.15 systemd-udevd
    325 root      20   0   23216   5908   4044 S   0.0   0.1   0:00.62 systemd-udevd
    326 root      20   0   23216   4580   2760 S   0.0   0.1   0:00.11 systemd-udevd
    327 root      20   0   23528   5324   3256 S   0.0   0.1   0:00.11 systemd-udevd
    328 root      20   0   23216   5100   3284 S   0.0   0.1   0:00.13 systemd-udevd
    330 root      20   0   23216   5104   3280 S   0.0   0.1   0:00.11 systemd-udevd
    331 root      20   0   23216   5140   3312 S   0.0   0.1   0:00.27 systemd-udevd
    332 root      20   0   23264   5160   3236 S   0.0   0.1   0:00.18 systemd-udevd
    333 root      20   0   23216   5496   3668 S   0.0   0.1   0:00.11 systemd-udevd
    334 root      20   0   23216   4972   3156 S   0.0   0.1   0:00.27 systemd-udevd
    336 root      20   0   23216   5080   3248 S   0.0   0.1   0:00.26 systemd-udevd
    337 root      20   0   23276   4580   2644 S   0.0   0.1   0:00.11 systemd-udevd
    338 root      20   0   23280   6100   4152 S   0.0   0.1   0:00.24 systemd-udevd
    339 root      20   0   23548   6220   4128 S   0.0   0.1   0:00.35 systemd-udevd
    340 root      20   0   23216   5620   3796 S   0.0   0.1   0:00.21 systemd-udevd
    341 root      20   0   23216   4940   3108 S   0.0   0.1   0:00.17 systemd-udevd
    344 root       0 -20       0      0      0 I   0.0   0.0   0:00.05 kworker/4:1H-kblockd
    388 root     -51   0       0      0      0 S   0.0   0.0   0:00.00 irq/189-tegra-p
    397 root      20   0       0      0      0 S   0.0   0.0   0:00.00 15820000.crypto
    398 root      20   0       0      0      0 S   0.0   0.0   0:00.00 15840000.crypto
    420 root     -51   0       0      0      0 S   0.0   0.0   0:00.00 irq/189-aerdrv
    422 root     -51   0       0      0      0 S   0.0   0.0   0:00.00 irq/219-bc00000
    423 root      -2   0       0      0      0 S   0.0   0.0   0:00.00 capture-control
    424 root      -2   0       0      0      0 S   0.0   0.0   0:00.00 capture
    425 root     -51   0       0      0      0 S   0.0   0.0   0:00.00 irq/214-tegra_d
    426 root     -51   0       0      0      0 S   0.0   0.0   0:00.00 irq/215-tegra_d
    427 root       0 -20       0      0      0 I   0.0   0.0   0:00.00 dce-async-ipc-w
    428 root     -51   0       0      0      0 S   0.0   0.0   0:00.00 irq/240-nvvrs-p
    429 root      20   0       0      0      0 S   0.0   0.0   0:00.00 nv_queue
    430 root      20   0       0      0      0 S   0.0   0.0   0:00.00 nv_queue
    484 root       0 -20       0      0      0 I   0.0   0.0   0:00.00 cfg80211
    485 root     -51   0       0      0      0 S   0.0   0.0   0:00.00 irq/118-3210000
    489 root      20   0       0      0      0 S   0.0   0.0   0:00.00 spi0
    498 root     -51   0       0      0      0 S   0.0   0.0   0:00.00 irq/119-3230000
    503 root      20   0       0      0      0 S   0.0   0.0   0:00.00 spi1
    551 root       0 -20       0      0      0 I   0.0   0.0   0:00.00 btfwwork
    650 root      20   0    8236   6484   1432 S   0.0   0.1   0:00.51 haveged
    653 _rpc      20   0    7932   2260   1912 S   0.0   0.0   0:00.01 rpcbind
    655 systemd+  20   0   26320  13576   8500 S   0.0   0.2   0:00.46 systemd-resolve
    657 systemd+  20   0   88880   6412   5564 S   0.0   0.1   0:00.15 systemd-timesyn
    827 avahi     20   0    8224   3680   3144 S   0.0   0.0   0:00.72 avahi-daemon
    828 root      20   0    9888   4548   4112 S   0.0   0.1   0:00.06 bluetoothd
    829 message+  20   0   10456   5684   3584 S   0.0   0.1   0:22.12 dbus-daemon
    830 root      20   0  338724  21060  14884 S   0.0   0.3   0:21.40 NetworkManager
    840 root      20   0   43504  19808  10212 S   0.0   0.3   0:00.15 networkd-dispat
    851 root      20   0  241620   7020   6316 S   0.0   0.1   0:00.32 power-profiles-
    854 syslog    20   0  222160   7056   3672 S   0.0   0.1   0:03.01 rsyslogd
    860 root      20   0    2240    792    712 S   0.0   0.0   0:00.00 seatd
    866 root      20   0 2145700  49220  25584 S   0.0   0.6   0:21.58 snapd
    871 root      20   0  242128   7456   6576 S   0.0   0.1   0:01.18 accounts-daemon
    872 root      20   0  238124   8280   5636 S   0.0   0.1   0:00.03 switcheroo-cont
    875 root      20   0   49004   7660   6308 S   0.0   0.1   0:01.85 systemd-logind
    876 root      20   0  394252  11960   9468 S   0.0   0.2   0:00.52 udisksd
    878 root      20   0   16636  10300   8304 S   0.0   0.1   0:01.18 wpa_supplicant
    883 avahi     20   0    7812    356      0 S   0.0   0.0   0:00.00 avahi-daemon
    890 root      rt   0       0      0      0 S   0.0   0.0   0:54.55 sugov:0
    893 root      rt   0       0      0      0 S   0.0   0.0   0:23.82 sugov:4
    969 root      20   0  237048  10420   6400 S   0.0   0.1   1:33.39 polkitd
   1004 root      20   0    2460   1540   1364 S   0.0   0.0   0:04.27 nvfancontrol
   1045 root      20   0       0      0      0 S   0.0   0.0   0:00.00 sw-quiesce
   1050 root      20   0       0      0      0 S   0.0   0.0   0:11.93 nvgpu_channel_p
   1069 root      20   0       0      0      0 S   0.0   0.0   0:00.00 nvgpu_pg_init_g
   1108 root      20   0       0      0      0 S   0.0   0.0   0:00.00 nvgpu_clk_arb_p
   1129 root      20   0       0      0      0 S   0.0   0.0   0:04.62 RTW_CMD_THREAD
   1158 root      20   0   75936  10084   8260 S   0.0   0.1   0:00.01 nvargus-daemon
   1159 root      20   0   11116   3508   3204 S   0.0   0.0   0:00.04 nvmemwarning.sh
   1173 root      20   0   22192   1776   1580 S   0.0   0.0   0:00.00 nvs-service
   1191 ollama    20   0 2006720  38588  20428 S   0.0   0.5   0:00.61 ollama
   1203 root      20   0    2336   1396   1280 S   0.0   0.0   0:01.61 run-cups-browse
   1206 root      20   0    2336   1376   1248 S   0.0   0.0   0:01.92 run-cupsd
   1219 root      20   0       0      0      0 S   0.0   0.0   0:00.00 pr/ramoops-1
   1241 root      20   0   10772   2820   2572 S   0.0   0.0   0:00.03 cron
   1276 kernoops  20   0   12812    452      0 S   0.0   0.0   0:00.01 kerneloops
   1277 root      20   0  243100   7964   7012 S   0.0   0.1   0:00.03 gdm3
   1293 root      20   0    9468    732    656 S   0.0   0.0   0:00.00 agetty
   1296 kernoops  20   0   12812    452      0 S   0.0   0.0   0:00.01 kerneloops
   1305 root      20   0    9468    724    648 S   0.0   0.0   0:00.00 agetty
   1322 root      20   0  173408   8800   7628 S   0.0   0.1   0:00.01 gdm-session-wor
   1404 gdm       20   0   18124   9732   7360 S   0.0   0.1   0:00.43 systemd
   1420 root      20   0       0      0      0 S   0.0   0.0   0:00.00 file-storage
   1423 gdm       20   0  172232   4504      0 S   0.0   0.1   0:00.00 (sd-pam)
   1461 root      20   0   15272   8356   6776 S   0.0   0.1   0:00.33 sshd
   1522 root      20   0    3076    988    876 S   0.0   0.0   0:00.00 nvphsd
   1527 root      20   0    3208   1512   1352 S   0.0   0.0   0:00.00 nvphsd
   1680 gdm        9 -11   41968   6472   5156 S   0.0   0.1   0:00.04 pipewire
   1681 gdm       20   0   25480   6440   5112 S   0.0   0.1   0:01.14 pipewire-media-
   1682 gdm        9 -11  891844  20764  12600 S   0.0   0.3   0:00.69 pulseaudio
   1685 gdm       20   0  163948   5500   4980 S   0.0   0.1   0:00.00 gdm-x-session
   1691 root      20   0   24.2g  82884  35884 S   0.0   1.1   0:01.17 Xorg
   1696 rtkit     21   1  153504   1600   1388 S   0.0   0.0   0:00.16 rtkit-daemon
   1705 gdm       20   0    8840   3596   3212 S   0.0   0.0   0:00.01 dbus-daemon
   1731 root      20   0       0      0      0 S   0.0   0.0   0:00.00 nvidia-modeset/
   1732 root      20   0       0      0      0 S   0.0   0.0   0:00.00 nvidia-modeset/
   1734 root      20   0       0      0      0 S   0.0   0.0   0:00.00 nvidia
   1738 root      20   0       0      0      0 S   0.0   0.0   0:00.00 nv_queue
   1782 root      20   0       0      0      0 S   0.0   0.0   0:00.00 nvidia-drm-nv-t
   1783 root     -51   0       0      0      0 S   0.0   0.0   0:00.00 card1-crtc0
   1784 root     -51   0       0      0      0 S   0.0   0.0   0:00.00 card1-crtc1
   1951 gdm       20   0    5876   1556   1344 S   0.0   0.0   0:00.00 dbus-run-sessio
   1954 gdm       20   0    9108   4476   3604 S   0.0   0.1   0:00.13 dbus-daemon
   2026 gdm       20   0  663384  17800  12956 S   0.0   0.2   0:00.56 gnome-session-b
   2051 gdm       20   0  310068   8972   6272 S   0.0   0.1   0:00.00 at-spi-bus-laun
   2056 gdm       20   0    8692   3552   3168 S   0.0   0.0   0:00.00 dbus-daemon
   2067 gdm       20   0 3397568 136720  73336 S   0.0   1.8   0:26.80 gnome-shell
   2084 gdm       20   0  237676   7020   4540 S   0.0   0.1   0:00.00 xdg-permission-
   2091 root      20   0  243852   8092   6980 S   0.0   0.1   0:00.27 upowerd
   2097 root      20   0  301608  19340  16412 S   0.0   0.2   0:00.90 packagekitd
   2099 gdm       20   0 2804036  25696  20860 S   0.0   0.3   0:00.08 gjs
   2101 gdm       20   0  163144   7192   6424 S   0.0   0.1   0:00.01 at-spi2-registr
   2128 gdm       20   0  468748   9916   8000 S   0.0   0.1   0:01.42 gsd-sharing
   2130 gdm       20   0  338880  16940  12620 S   0.0   0.2   0:00.06 gsd-wacom
   2139 gdm       20   0  599188  21500  16928 S   0.0   0.3   0:00.15 gsd-color
   2143 gdm       20   0  316840  11252   6240 S   0.0   0.1   0:00.09 ibus-daemon
   2150 gdm       20   0  338600  15024  13276 S   0.0   0.2   0:00.04 gsd-keyboard
   2151 gdm       20   0  252472   9916   8488 S   0.0   0.1   0:00.02 gsd-print-notif
   2152 gdm       20   0  459796   8176   5436 S   0.0   0.1   0:00.36 gsd-rfkill
   2153 gdm       20   0  388312   9428   6480 S   0.0   0.1   0:00.01 gsd-smartcard
   2160 gdm       20   0  380556  14476  12508 S   0.0   0.2   0:00.03 gsd-datetime
   2167 gdm       20   0  864180  22384  17516 S   0.0   0.3   0:00.29 gsd-media-keys
   2169 gdm       20   0  237936   4760   4376 S   0.0   0.1   0:00.00 gsd-screensaver
   2170 gdm       20   0  322096   8352   7324 S   0.0   0.1   0:00.01 gsd-sound
   2175 gdm       20   0  312416   6072   5492 S   0.0   0.1   0:00.01 gsd-a11y-settin
   2177 gdm       20   0  242216   7024   6228 S   0.0   0.1   0:00.01 gvfsd
   2178 gdm       20   0  314000   6928   6164 S   0.0   0.1   0:00.52 gsd-housekeepin
   2179 gdm       20   0  449976  18248  15904 S   0.0   0.2   0:00.30 gsd-power
   2203 gdm       20   0  347052  12600  10748 S   0.0   0.2   0:00.02 gsd-printer
   2234 colord    20   0  247460  12768   9028 S   0.0   0.2   0:00.22 colord
   2247 gdm       20   0  239040   8612   5940 S   0.0   0.1   0:00.00 ibus-dconf
   2258 gdm       20   0  238936   5920   5492 S   0.0   0.1   0:00.00 ibus-portal
   2281 gdm       20   0 2812420  25808  20904 S   0.0   0.3   0:00.09 gjs
   2300 gdm       20   0  165096   6500   5876 S   0.0   0.1   0:00.00 ibus-engine-sim
   2453 root      20   0  137440  11976   9612 S   0.0   0.2   0:00.65 cupsd
   2465 root      20   0  343140  19372  14152 S   0.0   0.2   0:01.31 cups-browsed
   2557 gdm       20   0  156672   4460   4068 S   0.0   0.1   0:00.00 dconf-service
   3864 root      20   0       0      0      0 I   0.0   0.0   0:13.04 kworker/u12:2-devfreq_wq
   9961 jetson    20   0   18140   9776   7372 S   0.0   0.1   0:00.33 systemd
   9962 jetson    20   0  172508   4632      0 S   0.0   0.1   0:00.00 (sd-pam)
   9970 jetson    20   0   41976   6552   5228 S   0.0   0.1   0:00.04 pipewire
   9971 jetson    20   0   25488   6720   5380 S   0.0   0.1   0:01.24 pipewire-media-
  10023 jetson    20   0    8888   4148   3656 S   0.0   0.1   0:00.01 dbus-daemon
  10532 root      20   0 1233232  11796   6212 S   0.0   0.2   0:34.89 containerd-shim
  10561 jetson    20   0    5508    776    688 S   0.0   0.0   0:00.20 sleep
  10658 root      20   0   21764   5404   3884 S   0.0   0.1   0:13.60 systemd-udevd
  10666 root      20   0   21752   4108   2588 S   0.0   0.1   0:00.23 systemd-udevd
  11619 root      20   0   21748   4060   2540 S   0.0   0.1   0:00.02 systemd-udevd
  11620 root      20   0   21760   4112   2588 S   0.0   0.1   0:00.02 systemd-udevd
  11621 root      20   0   21760   4516   2952 S   0.0   0.1   0:27.68 systemd-udevd
  11634 root      20   0   21760   4016   2496 S   0.0   0.1   0:00.01 systemd-udevd
  11635 root      20   0   21760   4048   2540 S   0.0   0.1   0:00.03 systemd-udevd
  11636 root      20   0   21764   3380   1864 S   0.0   0.0   0:00.01 systemd-udevd
  11648 root      20   0   21764   4008   2468 S   0.0   0.1   0:00.01 systemd-udevd
  11649 root      20   0   21764   3832   2288 S   0.0   0.0   0:00.01 systemd-udevd
  11650 root      20   0   21764   3968   2432 S   0.0   0.1   0:00.00 systemd-udevd
  11653 root      20   0   21764   4496   2944 S   0.0   0.1   0:00.04 systemd-udevd
  11654 root      20   0   21764   4508   2960 S   0.0   0.1   0:00.03 systemd-udevd
 109437 snap_da+  20   0   14484   4632   3932 S   0.0   0.1   0:00.00 dbus
 112737 jetson    20   0  203640  36228  13220 S   0.0   0.5   0:00.70 ros2
 112739 jetson    20   0 2070728  32552  18032 S   0.0   0.4   0:00.36 docker
 112741 jetson    20   0  428380  30784  15880 S   0.0   0.4   0:43.97 robot_state_pub
 112768 root      20   0 1233232  12056   6600 S   0.0   0.2   0:00.92 containerd-shim
 112797 root      20   0   49400  29488  14684 S   0.0   0.4   0:00.36 ros2
 113162 jetson    20   0  920440  65760  26672 S   0.0   0.8   0:45.19 python3
 115031 root      20   0  238832   6988   5696 S   0.0   0.1   0:02.65 iio-sensor-prox
 129749 root      20   0       0      0      0 I   0.0   0.0   0:09.26 kworker/u12:5-events_freezable_power_
 189022 jetson    20   0 1082604  56652  26332 S   0.0   0.7   0:57.89 foxglove_bridge
 189320 jetson    20   0  129772  36300  13220 S   0.0   0.5   0:00.73 ros2
 189475 jetson    20   0   11248   3072   2752 S   0.0   0.0   0:05.04 bash
 189596 jetson    20   0   53012  29660  15012 S   0.0   0.4   0:00.34 ros2
 206274 root      20   0       0      0      0 I   0.0   0.0   0:10.48 kworker/u12:9-devfreq_wq
 244731 root      20   0       0      0      0 I   0.0   0.0   0:01.24 kworker/1:2-cgroup_destroy
 344667 root      20   0       0      0      0 I   0.0   0.0   0:00.59 kworker/0:3-events
 349442 root      20   0       0      0      0 I   0.0   0.0   0:05.65 kworker/u12:6-events_unbound
 367657 root       0 -20       0      0      0 I   0.0   0.0   0:11.77 kworker/u13:2-uvcvideo
 403545 root      20   0       0      0      0 I   0.0   0.0   0:04.08 kworker/u12:8-events_freezable_power_
 441418 root      20   0       0      0      0 I   0.0   0.0   0:02.94 kworker/u12:7-events_freezable_power_
 443709 root      20   0       0      0      0 I   0.0   0.0   0:00.14 kworker/3:2-cgroup_destroy
 445412 root      20   0       0      0      0 I   0.0   0.0   0:00.25 kworker/2:1-events
 448401 root      20   0       0      0      0 I   0.0   0.0   0:00.00 kworker/5:2-events
 467530 root      20   0       0      0      0 I   0.0   0.0   0:01.91 kworker/u12:3-events_unbound
 468909 jetson    20   0   11116   3036   2756 S   0.0   0.0   0:01.68 bash
 478380 root      20   0       0      0      0 I   0.0   0.0   0:00.29 kworker/1:1-events
 480561 root      20   0       0      0      0 I   0.0   0.0   0:00.00 kworker/4:1-events
 483353 root      20   0       0      0      0 I   0.0   0.0   0:00.00 kworker/2:3-events
 489026 root      20   0       0      0      0 I   0.0   0.0   0:01.25 kworker/u12:10-events_freezable_power_
 496325 root      20   0       0      0      0 I   0.0   0.0   0:00.11 kworker/3:0-events
 499790 root       0 -20       0      0      0 I   0.0   0.0   0:02.45 kworker/u13:4-uvcvideo
 511663 root      20   0       0      0      0 I   0.0   0.0   0:00.00 kworker/0:1-cgroup_destroy
 514145 root      20   0       0      0      0 I   0.0   0.0   0:00.06 kworker/5:1-events
 514952 root      20   0       0      0      0 I   0.0   0.0   0:00.05 kworker/4:0-events
 528481 root      20   0       0      0      0 I   0.0   0.0   0:00.00 kworker/1:0-events
 528980 root      20   0    9436    780    704 S   0.0   0.0   0:00.00 sleep
 530050 root      20   0       0      0      0 I   0.0   0.0   0:00.00 kworker/3:1-cgroup_destroy
 530052 root      20   0       0      0      0 I   0.0   0.0   0:00.00 kworker/2:0-cgroup_destroy
 530228 root      20   0       0      0      0 I   0.0   0.0   0:00.00 kworker/3:3-cgroup_destroy
 530300 root      20   0       0      0      0 I   0.0   0.0   0:00.00 kworker/2:2-events
 532747 root      20   0       0      0      0 I   0.0   0.0   0:00.00 kworker/0:0-events
 533529 jetson    20   0   11248   3304   2868 S   0.0   0.0   0:00.03 bash
 536497 jetson    20   0   11248   3288   2852 S   0.0   0.0   0:00.01 bash
 536849 jetson    20   0    9480    820    736 S   0.0   0.0   0:00.00 tail
 537023 root      20   0       0      0      0 I   0.0   0.0   0:00.00 kworker/4:2-events
 538032 root      20   0       0      0      0 I   0.0   0.0   0:00.00 kworker/5:0
 539221 jetson    20   0    9436    784    704 S   0.0   0.0   0:00.00 sleep
 539281 jetson    20   0    9444    772    688 S   0.0   0.0   0:00.00 sleep
 539336 root      30  10    9436    780    704 S   0.0   0.0   0:00.00 sleep

top - 12:24:41 up  3:27,  0 users,  load average: 10.58, 5.78, 4.03
Tasks: 355 total,   2 running, 353 sleeping,   0 stopped,   0 zombie
%Cpu(s): 42.6 us, 31.9 sy,  0.0 ni, 16.7 id,  0.0 wa,  3.2 hi,  5.7 si,  0.0 st
MiB Mem :   7607.4 total,   2794.5 free,   2064.0 used,   2748.9 buff/cache
MiB Swap:   3803.7 total,   3803.7 free,      0.0 used.   5244.9 avail Mem 

    PID USER      PR  NI    VIRT    RES    SHR S  %CPU  %MEM     TIME+ COMMAND
 189211 jetson    20   0  506208  35400  18400 S  47.8   0.5  13:04.04 ekf_node
 189322 jetson    20   0 1062768  55764  24352 S  46.3   0.7   3:39.82 async_slam_tool
 112823 root      20   0 1235152  44316  11476 S  39.4   0.6   9:33.44 micro_ros_agent
 536577 jetson    20   0  763888  55444  25424 S  35.0   0.7   0:13.81 ros2
 189612 jetson    20   0 9355088 429492  86828 S  33.5   5.5  17:43.88 nvblox_node
 189209 jetson    20   0  709056  62924  27264 R  30.5   0.8  42:55.94 python3
 189443 jetson    20   0  530952  47240  26664 S  26.6   0.6   9:59.03 bt_navigator
 189435 jetson    20   0  963220  50124  23768 S  26.1   0.6  11:40.73 controller_serv
 189439 jetson    20   0 1070976  72996  24728 S  24.1   0.9  10:05.93 planner_server
 189441 jetson    20   0  516476  35524  21032 S  21.2   0.5   8:17.79 behavior_server
 189437 jetson    20   0  664776  35144  19416 S  19.2   0.5   7:02.35 smoother_server
 189018 jetson    20   0  432956  26708  14244 S  13.3   0.3  18:50.01 rplidar_node
 189014 jetson    20   0 1750488 105416  51332 S  11.3   1.4  15:43.88 realsense2_came
 189473 jetson    20   0  577396  31376  16252 S   9.9   0.4  12:34.63 lifecycle_manag
 189020 jetson    20   0  707980  61536  27440 S   8.4   0.8   9:19.93 python3
 189433 jetson    20   0  709716  63964  27568 S   5.9   0.8   4:46.90 python3
 189447 jetson    20   0  431308  30976  17020 S   4.9   0.4   5:42.79 waypoint_follow
 189462 jetson    20   0  428560  29632  15952 S   4.9   0.4   5:39.20 velocity_smooth
 189016 jetson    20   0  709040  65192  27268 S   3.0   0.8   4:04.36 python3
 189022 jetson    20   0 1082604  56652  26332 S   2.5   0.7   0:57.94 foxglove_bridge
 112741 jetson    20   0  428380  30784  15880 S   1.0   0.4   0:43.99 robot_state_pub
 129749 root      20   0       0      0      0 I   1.0   0.0   0:09.28 kworker/u12:5-events_freezable_power_
 469901 root       0 -20       0      0      0 I   1.0   0.0   0:01.93 kworker/u13:3-uvcvideo
    329 root      20   0   23572   6908   4792 S   0.5   0.1   0:48.49 systemd-udevd
   1004 root      20   0    2460   1540   1364 S   0.5   0.0   0:04.28 nvfancontrol
   1129 root      20   0       0      0      0 S   0.5   0.0   0:04.63 RTW_CMD_THREAD
   1570 root      20   0 2426540 117424  57248 S   0.5   1.5   0:51.90 dockerd
  10532 root      20   0 1233232  11796   6212 S   0.5   0.2   0:34.90 containerd-shim
  11621 root      20   0   21760   4516   2952 S   0.5   0.1   0:27.69 systemd-udevd
 113162 jetson    20   0  920440  65760  26672 S   0.5   0.8   0:45.20 python3
 206274 root      20   0       0      0      0 I   0.5   0.0   0:10.49 kworker/u12:9-events_unbound
 403545 root      20   0       0      0      0 I   0.5   0.0   0:04.09 kworker/u12:8-events_freezable_power_
 489026 root      20   0       0      0      0 I   0.5   0.0   0:01.26 kworker/u12:10-events_unbound
 536578 jetson    20   0   14340   3388   2776 R   0.5   0.0   0:00.42 top
      1 root      20   0  167880  11776   7444 S   0.0   0.2   0:16.14 systemd
      2 root      20   0       0      0      0 S   0.0   0.0   0:00.02 kthreadd
      3 root       0 -20       0      0      0 I   0.0   0.0   0:00.00 rcu_gp
      4 root       0 -20       0      0      0 I   0.0   0.0   0:00.00 rcu_par_gp
      5 root       0 -20       0      0      0 I   0.0   0.0   0:00.00 slub_flushwq
      6 root       0 -20       0      0      0 I   0.0   0.0   0:00.00 netns
      8 root       0 -20       0      0      0 I   0.0   0.0   0:00.00 kworker/0:0H-events_highpri
     10 root       0 -20       0      0      0 I   0.0   0.0   0:00.00 mm_percpu_wq
     11 root      20   0       0      0      0 S   0.0   0.0   0:00.00 rcu_tasks_kthre
     12 root      20   0       0      0      0 S   0.0   0.0   0:00.00 rcu_tasks_rude_
     13 root      20   0       0      0      0 S   0.0   0.0   0:00.00 rcu_tasks_trace
     14 root      20   0       0      0      0 S   0.0   0.0   0:09.26 ksoftirqd/0
     15 root      20   0       0      0      0 I   0.0   0.0   0:05.59 rcu_preempt
     16 root      rt   0       0      0      0 S   0.0   0.0   0:00.03 migration/0
     17 root      20   0       0      0      0 S   0.0   0.0   0:00.00 cpuhp/0
     18 root      20   0       0      0      0 S   0.0   0.0   0:00.00 cpuhp/1
     19 root      rt   0       0      0      0 S   0.0   0.0   0:00.03 migration/1
     20 root      20   0       0      0      0 S   0.0   0.0   0:01.11 ksoftirqd/1
     22 root       0 -20       0      0      0 I   0.0   0.0   0:00.00 kworker/1:0H-events_highpri
     23 root      20   0       0      0      0 S   0.0   0.0   0:00.00 cpuhp/2
     24 root      rt   0       0      0      0 S   0.0   0.0   0:00.03 migration/2
     25 root      20   0       0      0      0 S   0.0   0.0   0:01.10 ksoftirqd/2
     27 root       0 -20       0      0      0 I   0.0   0.0   0:00.00 kworker/2:0H-events_highpri
     28 root      20   0       0      0      0 S   0.0   0.0   0:00.00 cpuhp/3
     29 root      rt   0       0      0      0 S   0.0   0.0   0:00.02 migration/3
     30 root      20   0       0      0      0 S   0.0   0.0   0:01.08 ksoftirqd/3
     32 root       0 -20       0      0      0 I   0.0   0.0   0:00.00 kworker/3:0H-events_highpri
     33 root      20   0       0      0      0 S   0.0   0.0   0:00.00 cpuhp/4
     34 root      rt   0       0      0      0 S   0.0   0.0   0:00.07 migration/4
     35 root      20   0       0      0      0 S   0.0   0.0   0:00.95 ksoftirqd/4
     37 root       0 -20       0      0      0 I   0.0   0.0   0:00.00 kworker/4:0H-events_highpri
     38 root      20   0       0      0      0 S   0.0   0.0   0:00.00 cpuhp/5
     39 root      rt   0       0      0      0 S   0.0   0.0   0:00.07 migration/5
     40 root      20   0       0      0      0 S   0.0   0.0   0:00.88 ksoftirqd/5
     42 root       0 -20       0      0      0 I   0.0   0.0   0:00.00 kworker/5:0H-kblockd
     43 root      20   0       0      0      0 S   0.0   0.0   0:00.00 kdevtmpfs
     44 root       0 -20       0      0      0 I   0.0   0.0   0:00.00 inet_frag_wq
     51 root      20   0       0      0      0 S   0.0   0.0   0:00.00 kauditd
     52 root      20   0       0      0      0 S   0.0   0.0   0:00.00 oom_reaper
     53 root       0 -20       0      0      0 I   0.0   0.0   0:00.00 writeback
     54 root      20   0       0      0      0 S   0.0   0.0   0:00.10 kcompactd0
     55 root      25   5       0      0      0 S   0.0   0.0   0:00.00 ksmd
     56 root      39  19       0      0      0 S   0.0   0.0   0:00.89 khugepaged
     67 root       0 -20       0      0      0 I   0.0   0.0   0:00.00 cryptd
     86 root       0 -20       0      0      0 I   0.0   0.0   0:00.00 kintegrityd
     87 root       0 -20       0      0      0 I   0.0   0.0   0:00.00 kblockd
     88 root       0 -20       0      0      0 I   0.0   0.0   0:00.00 blkcg_punt_bio
     89 root       0 -20       0      0      0 I   0.0   0.0   0:00.00 tpm_dev_wq
     90 root       0 -20       0      0      0 I   0.0   0.0   0:00.00 ata_sff
     91 root       0 -20       0      0      0 I   0.0   0.0   0:00.00 edac-poller
     92 root       0 -20       0      0      0 I   0.0   0.0   0:00.00 devfreq_wq
     93 root     -51   0       0      0      0 S   0.0   0.0   0:00.00 watchdogd
     96 root       0 -20       0      0      0 I   0.0   0.0   0:00.04 kworker/0:1H-kblockd
     97 root       0 -20       0      0      0 I   0.0   0.0   0:00.00 rpciod
     99 root       0 -20       0      0      0 I   0.0   0.0   0:00.00 xprtiod
    127 root      20   0       0      0      0 S   0.0   0.0   0:00.00 kswapd0
    128 root       0 -20       0      0      0 I   0.0   0.0   0:00.00 nfsiod
    132 root       0 -20       0      0      0 I   0.0   0.0   0:00.00 vfio-irqfd-clea
    133 root       0 -20       0      0      0 I   0.0   0.0   0:00.00 bch_btree_io
    134 root       0 -20       0      0      0 I   0.0   0.0   0:00.00 bcache
    135 root       0 -20       0      0      0 I   0.0   0.0   0:00.00 bch_journal
    136 root       0 -20       0      0      0 I   0.0   0.0   0:00.00 dm_bufio_cache
    140 root      10 -10       0      0      0 S   0.0   0.0   0:00.00 krfcommd
    141 root      20   0       0      0      0 S   0.0   0.0   0:00.00 pr/tty0
    142 root      20   0       0      0      0 S   0.0   0.0   0:03.01 pr/ttyTCU0
    145 root     -51   0       0      0      0 S   0.0   0.0   0:00.00 irq/114-3160000
    147 root     -51   0       0      0      0 S   0.0   0.0   0:00.00 irq/115-3180000
    149 root     -51   0       0      0      0 S   0.0   0.0   0:00.00 irq/116-31b0000
    150 root     -51   0       0      0      0 S   0.0   0.0   0:00.01 irq/167-c240000
    151 root     -51   0       0      0      0 S   0.0   0.0   0:00.00 irq/168-c250000
    152 root     -51   0       0      0      0 S   0.0   0.0   0:00.00 irq/125-3610000
    153 root     -51   0       0      0      0 S   0.0   0.0   0:00.00 irq/122-3610000
    154 root       0 -20       0      0      0 I   0.0   0.0   0:00.00 sdhci
    155 root     -51   0       0      0      0 S   0.0   0.0   0:00.00 irq/120-mmc0
    156 root     -51   0       0      0      0 S   0.0   0.0   0:00.00 irq/230-3400000
    178 root     -51   0       0      0      0 S   0.0   0.0   0:00.00 irq/191-tegra-p
    179 root       0 -20       0      0      0 I   0.0   0.0   0:00.00 nvme-wq
    180 root       0 -20       0      0      0 I   0.0   0.0   0:00.00 nvme-reset-wq
    181 root       0 -20       0      0      0 I   0.0   0.0   0:00.00 nvme-delete-wq
    190 root     -51   0       0      0      0 S   0.0   0.0   0:00.00 irq/191-aerdrv
    191 root     -51   0       0      0      0 S   0.0   0.0   0:00.00 irq/193-tegra-p
    194 root     -51   0       0      0      0 S   0.0   0.0   0:00.00 irq/193-aerdrv
    195 root     -51   0       0      0      0 S   0.0   0.0   0:00.00 irq/195-tegra-p
    197 root     -51   0       0      0      0 S   0.0   0.0   0:00.00 irq/232-nvme0q0
    198 root     -51   0       0      0      0 S   0.0   0.0   0:00.38 irq/233-nvme0q1
    199 root     -51   0       0      0      0 S   0.0   0.0   0:00.37 irq/234-nvme0q2
    200 root     -51   0       0      0      0 S   0.0   0.0   0:00.44 irq/235-nvme0q3
    201 root     -51   0       0      0      0 S   0.0   0.0   0:00.29 irq/236-nvme0q4
    202 root     -51   0       0      0      0 S   0.0   0.0   0:00.11 irq/237-nvme0q5
    203 root     -51   0       0      0      0 S   0.0   0.0   0:00.11 irq/238-nvme0q6
    210 root       0 -20       0      0      0 I   0.0   0.0   0:00.05 kworker/5:1H-kblockd
    211 root      20   0       0      0      0 S   0.0   0.0   0:00.79 jbd2/nvme0n1p1-
    212 root       0 -20       0      0      0 I   0.0   0.0   0:00.00 ext4-rsv-conver
    221 root       0 -20       0      0      0 I   0.0   0.0   0:00.00 mld
    222 root       0 -20       0      0      0 I   0.0   0.0   0:00.03 kworker/1:1H-kblockd
    223 root       0 -20       0      0      0 I   0.0   0.0   0:00.00 ipv6_addrconf
    253 root       0 -20       0      0      0 I   0.0   0.0   0:00.04 kworker/3:1H-kblockd
    256 root      19  -1   48768  12328  10712 S   0.0   0.2   0:14.76 systemd-journal
    275 root       0 -20       0      0      0 I   0.0   0.0   0:00.04 kworker/2:1H-kblockd
    280 root      39  19       0      0      0 S   0.0   0.0   0:00.48 nvmap-bz
    281 root     -51   0       0      0      0 S   0.0   0.0   0:00.00 irq/188-host1x_
    284 root     -51   0       0      0      0 S   0.0   0.0   0:00.00 irq/197-gk20a_s
    285 root     -51   0       0      0      0 S   0.0   0.0   0:00.01 irq/198-gk20a_s
    286 root     -51   0       0      0      0 S   0.0   0.0   0:00.01 irq/199-gk20a_s
    287 root     -51   0       0      0      0 S   0.0   0.0   0:00.00 irq/200-gk20a_n
    293 root      20   0   11116   3456   3200 S   0.0   0.0   0:00.00 nv-tee-supplica
    300 root      20   0  150380   1344   1232 S   0.0   0.0   0:00.01 tee-supplicant
    302 root       0 -20       0      0      0 I   0.0   0.0   0:00.00 optee_bus_scan
    312 root      20   0   23872   6336   4084 S   0.0   0.1   0:14.35 systemd-udevd
    313 root      20   0   23220   4796   3028 S   0.0   0.1   0:00.08 systemd-udevd
    314 root      20   0   24292   6724   3856 S   0.0   0.1   0:00.17 systemd-udevd
    315 root      20   0   23252   5932   4012 S   0.0   0.1   0:00.37 systemd-udevd
    316 root      20   0   23216   4780   3004 S   0.0   0.1   0:00.21 systemd-udevd
    317 root      20   0   23520   5532   3480 S   0.0   0.1   0:00.14 systemd-udevd
    318 root      20   0   23216   5256   3456 S   0.0   0.1   0:00.39 systemd-udevd
    319 root      20   0   23216   5360   3528 S   0.0   0.1   0:00.28 systemd-udevd
    320 root      20   0   23264   5404   3480 S   0.0   0.1   0:00.13 systemd-udevd
    321 root      20   0   23216   5884   4040 S   0.0   0.1   0:00.29 systemd-udevd
    322 root      20   0   23216   5084   3276 S   0.0   0.1   0:00.13 systemd-udevd
    323 root      20   0   23240   5820   3912 S   0.0   0.1   0:00.12 systemd-udevd
    324 root      20   0   23268   5436   3500 S   0.0   0.1   0:00.15 systemd-udevd
    325 root      20   0   23216   5908   4044 S   0.0   0.1   0:00.62 systemd-udevd
    326 root      20   0   23216   4580   2760 S   0.0   0.1   0:00.11 systemd-udevd
    327 root      20   0   23528   5324   3256 S   0.0   0.1   0:00.11 systemd-udevd
    328 root      20   0   23216   5100   3284 S   0.0   0.1   0:00.13 systemd-udevd
    330 root      20   0   23216   5104   3280 S   0.0   0.1   0:00.11 systemd-udevd
    331 root      20   0   23216   5140   3312 S   0.0   0.1   0:00.27 systemd-udevd
    332 root      20   0   23264   5160   3236 S   0.0   0.1   0:00.18 systemd-udevd
    333 root      20   0   23216   5496   3668 S   0.0   0.1   0:00.11 systemd-udevd
    334 root      20   0   23216   4972   3156 S   0.0   0.1   0:00.27 systemd-udevd
    336 root      20   0   23216   5080   3248 S   0.0   0.1   0:00.26 systemd-udevd
    337 root      20   0   23276   4580   2644 S   0.0   0.1   0:00.11 systemd-udevd
    338 root      20   0   23280   6100   4152 S   0.0   0.1   0:00.24 systemd-udevd
    339 root      20   0   23548   6220   4128 S   0.0   0.1   0:00.35 systemd-udevd
    340 root      20   0   23216   5620   3796 S   0.0   0.1   0:00.21 systemd-udevd
    341 root      20   0   23216   4940   3108 S   0.0   0.1   0:00.17 systemd-udevd
    344 root       0 -20       0      0      0 I   0.0   0.0   0:00.05 kworker/4:1H-kblockd
    388 root     -51   0       0      0      0 S   0.0   0.0   0:00.00 irq/189-tegra-p
    397 root      20   0       0      0      0 S   0.0   0.0   0:00.00 15820000.crypto
    398 root      20   0       0      0      0 S   0.0   0.0   0:00.00 15840000.crypto
    420 root     -51   0       0      0      0 S   0.0   0.0   0:00.00 irq/189-aerdrv
    422 root     -51   0       0      0      0 S   0.0   0.0   0:00.00 irq/219-bc00000
    423 root      -2   0       0      0      0 S   0.0   0.0   0:00.00 capture-control
    424 root      -2   0       0      0      0 S   0.0   0.0   0:00.00 capture
    425 root     -51   0       0      0      0 S   0.0   0.0   0:00.00 irq/214-tegra_d
    426 root     -51   0       0      0      0 S   0.0   0.0   0:00.00 irq/215-tegra_d
    427 root       0 -20       0      0      0 I   0.0   0.0   0:00.00 dce-async-ipc-w
    428 root     -51   0       0      0      0 S   0.0   0.0   0:00.00 irq/240-nvvrs-p
    429 root      20   0       0      0      0 S   0.0   0.0   0:00.00 nv_queue
    430 root      20   0       0      0      0 S   0.0   0.0   0:00.00 nv_queue
    484 root       0 -20       0      0      0 I   0.0   0.0   0:00.00 cfg80211
    485 root     -51   0       0      0      0 S   0.0   0.0   0:00.00 irq/118-3210000
    489 root      20   0       0      0      0 S   0.0   0.0   0:00.00 spi0
    498 root     -51   0       0      0      0 S   0.0   0.0   0:00.00 irq/119-3230000
    503 root      20   0       0      0      0 S   0.0   0.0   0:00.00 spi1
    551 root       0 -20       0      0      0 I   0.0   0.0   0:00.00 btfwwork
    650 root      20   0    8236   6484   1432 S   0.0   0.1   0:00.51 haveged
    653 _rpc      20   0    7932   2260   1912 S   0.0   0.0   0:00.01 rpcbind
    655 systemd+  20   0   26320  13576   8500 S   0.0   0.2   0:00.46 systemd-resolve
    657 systemd+  20   0   88880   6412   5564 S   0.0   0.1   0:00.15 systemd-timesyn
    827 avahi     20   0    8224   3680   3144 S   0.0   0.0   0:00.72 avahi-daemon
    828 root      20   0    9888   4548   4112 S   0.0   0.1   0:00.06 bluetoothd
    829 message+  20   0   10456   5684   3584 S   0.0   0.1   0:22.12 dbus-daemon
    830 root      20   0  338724  21060  14884 S   0.0   0.3   0:21.40 NetworkManager
    840 root      20   0   43504  19808  10212 S   0.0   0.3   0:00.15 networkd-dispat
    851 root      20   0  241620   7020   6316 S   0.0   0.1   0:00.32 power-profiles-
    854 syslog    20   0  222160   7056   3672 S   0.0   0.1   0:03.01 rsyslogd
    860 root      20   0    2240    792    712 S   0.0   0.0   0:00.00 seatd
    866 root      20   0 2145700  49220  25584 S   0.0   0.6   0:21.58 snapd
    871 root      20   0  242128   7456   6576 S   0.0   0.1   0:01.18 accounts-daemon
    872 root      20   0  238124   8280   5636 S   0.0   0.1   0:00.03 switcheroo-cont
    875 root      20   0   49004   7660   6308 S   0.0   0.1   0:01.85 systemd-logind
    876 root      20   0  394252  11960   9468 S   0.0   0.2   0:00.52 udisksd
    878 root      20   0   16636  10300   8304 S   0.0   0.1   0:01.18 wpa_supplicant
    883 avahi     20   0    7812    356      0 S   0.0   0.0   0:00.00 avahi-daemon
    890 root      rt   0       0      0      0 S   0.0   0.0   0:54.55 sugov:0
    893 root      rt   0       0      0      0 S   0.0   0.0   0:23.82 sugov:4
    944 root      30  10   11248   3604   3204 S   0.0   0.0   0:04.64 wifi_mon.sh
    969 root      20   0  237048  10420   6400 S   0.0   0.1   1:33.39 polkitd
   1045 root      20   0       0      0      0 S   0.0   0.0   0:00.00 sw-quiesce
   1050 root      20   0       0      0      0 S   0.0   0.0   0:11.93 nvgpu_channel_p
   1069 root      20   0       0      0      0 S   0.0   0.0   0:00.00 nvgpu_pg_init_g
   1108 root      20   0       0      0      0 S   0.0   0.0   0:00.00 nvgpu_clk_arb_p
   1158 root      20   0   75936  10084   8260 S   0.0   0.1   0:00.01 nvargus-daemon
   1159 root      20   0   11116   3508   3204 S   0.0   0.0   0:00.04 nvmemwarning.sh
   1173 root      20   0   22192   1776   1580 S   0.0   0.0   0:00.00 nvs-service
   1191 ollama    20   0 2006720  38588  20428 S   0.0   0.5   0:00.61 ollama
   1203 root      20   0    2336   1396   1280 S   0.0   0.0   0:01.61 run-cups-browse
   1206 root      20   0    2336   1376   1248 S   0.0   0.0   0:01.92 run-cupsd
   1219 root      20   0       0      0      0 S   0.0   0.0   0:00.00 pr/ramoops-1
   1221 root      20   0 2093080  74948  33248 S   0.0   1.0   0:51.01 containerd
   1241 root      20   0   10772   2820   2572 S   0.0   0.0   0:00.03 cron
   1276 kernoops  20   0   12812    452      0 S   0.0   0.0   0:00.01 kerneloops
   1277 root      20   0  243100   7964   7012 S   0.0   0.1   0:00.03 gdm3
   1293 root      20   0    9468    732    656 S   0.0   0.0   0:00.00 agetty
   1296 kernoops  20   0   12812    452      0 S   0.0   0.0   0:00.01 kerneloops
   1305 root      20   0    9468    724    648 S   0.0   0.0   0:00.00 agetty
   1322 root      20   0  173408   8800   7628 S   0.0   0.1   0:00.01 gdm-session-wor
   1404 gdm       20   0   18124   9732   7360 S   0.0   0.1   0:00.43 systemd
   1420 root      20   0       0      0      0 S   0.0   0.0   0:00.00 file-storage
   1423 gdm       20   0  172232   4504      0 S   0.0   0.1   0:00.00 (sd-pam)
   1461 root      20   0   15272   8356   6776 S   0.0   0.1   0:00.33 sshd
   1522 root      20   0    3076    988    876 S   0.0   0.0   0:00.00 nvphsd
   1527 root      20   0    3208   1512   1352 S   0.0   0.0   0:00.00 nvphsd
   1680 gdm        9 -11   41968   6472   5156 S   0.0   0.1   0:00.04 pipewire
   1681 gdm       20   0   25480   6440   5112 S   0.0   0.1   0:01.14 pipewire-media-
   1682 gdm        9 -11  891844  20764  12600 S   0.0   0.3   0:00.69 pulseaudio
   1685 gdm       20   0  163948   5500   4980 S   0.0   0.1   0:00.00 gdm-x-session
   1691 root      20   0   24.2g  82884  35884 S   0.0   1.1   0:01.17 Xorg
   1696 rtkit     21   1  153504   1600   1388 S   0.0   0.0   0:00.16 rtkit-daemon
   1705 gdm       20   0    8840   3596   3212 S   0.0   0.0   0:00.01 dbus-daemon
   1731 root      20   0       0      0      0 S   0.0   0.0   0:00.00 nvidia-modeset/
   1732 root      20   0       0      0      0 S   0.0   0.0   0:00.00 nvidia-modeset/
   1734 root      20   0       0      0      0 S   0.0   0.0   0:00.00 nvidia
   1738 root      20   0       0      0      0 S   0.0   0.0   0:00.00 nv_queue
   1782 root      20   0       0      0      0 S   0.0   0.0   0:00.00 nvidia-drm-nv-t
   1783 root     -51   0       0      0      0 S   0.0   0.0   0:00.00 card1-crtc0
   1784 root     -51   0       0      0      0 S   0.0   0.0   0:00.00 card1-crtc1
   1951 gdm       20   0    5876   1556   1344 S   0.0   0.0   0:00.00 dbus-run-sessio
   1954 gdm       20   0    9108   4476   3604 S   0.0   0.1   0:00.13 dbus-daemon
   2026 gdm       20   0  663384  17800  12956 S   0.0   0.2   0:00.56 gnome-session-b
   2051 gdm       20   0  310068   8972   6272 S   0.0   0.1   0:00.00 at-spi-bus-laun
   2056 gdm       20   0    8692   3552   3168 S   0.0   0.0   0:00.00 dbus-daemon
   2067 gdm       20   0 3397568 136720  73336 S   0.0   1.8   0:26.80 gnome-shell
   2084 gdm       20   0  237676   7020   4540 S   0.0   0.1   0:00.00 xdg-permission-
   2091 root      20   0  243852   8092   6980 S   0.0   0.1   0:00.27 upowerd
   2097 root      20   0  301608  19340  16412 S   0.0   0.2   0:00.90 packagekitd
   2099 gdm       20   0 2804036  25696  20860 S   0.0   0.3   0:00.08 gjs
   2101 gdm       20   0  163144   7192   6424 S   0.0   0.1   0:00.01 at-spi2-registr
   2128 gdm       20   0  468748   9916   8000 S   0.0   0.1   0:01.42 gsd-sharing
   2130 gdm       20   0  338880  16940  12620 S   0.0   0.2   0:00.06 gsd-wacom
   2139 gdm       20   0  599188  21500  16928 S   0.0   0.3   0:00.15 gsd-color
   2143 gdm       20   0  316840  11252   6240 S   0.0   0.1   0:00.09 ibus-daemon
   2150 gdm       20   0  338600  15024  13276 S   0.0   0.2   0:00.04 gsd-keyboard
   2151 gdm       20   0  252472   9916   8488 S   0.0   0.1   0:00.02 gsd-print-notif
   2152 gdm       20   0  459796   8176   5436 S   0.0   0.1   0:00.36 gsd-rfkill
   2153 gdm       20   0  388312   9428   6480 S   0.0   0.1   0:00.01 gsd-smartcard
   2160 gdm       20   0  380556  14476  12508 S   0.0   0.2   0:00.03 gsd-datetime
   2167 gdm       20   0  864180  22384  17516 S   0.0   0.3   0:00.29 gsd-media-keys
   2169 gdm       20   0  237936   4760   4376 S   0.0   0.1   0:00.00 gsd-screensaver
   2170 gdm       20   0  322096   8352   7324 S   0.0   0.1   0:00.01 gsd-sound
   2175 gdm       20   0  312416   6072   5492 S   0.0   0.1   0:00.01 gsd-a11y-settin
   2177 gdm       20   0  242216   7024   6228 S   0.0   0.1   0:00.01 gvfsd
   2178 gdm       20   0  314000   6928   6164 S   0.0   0.1   0:00.52 gsd-housekeepin
   2179 gdm       20   0  449976  18248  15904 S   0.0   0.2   0:00.30 gsd-power
   2203 gdm       20   0  347052  12600  10748 S   0.0   0.2   0:00.02 gsd-printer
   2234 colord    20   0  247460  12768   9028 S   0.0   0.2   0:00.22 colord
   2247 gdm       20   0  239040   8612   5940 S   0.0   0.1   0:00.00 ibus-dconf
   2258 gdm       20   0  238936   5920   5492 S   0.0   0.1   0:00.00 ibus-portal
   2281 gdm       20   0 2812420  25808  20904 S   0.0   0.3   0:00.09 gjs
   2300 gdm       20   0  165096   6500   5876 S   0.0   0.1   0:00.00 ibus-engine-sim
   2453 root      20   0  137440  11976   9612 S   0.0   0.2   0:00.65 cupsd
   2465 root      20   0  343140  19372  14152 S   0.0   0.2   0:01.31 cups-browsed
   2557 gdm       20   0  156672   4460   4068 S   0.0   0.1   0:00.00 dconf-service
   3864 root      20   0       0      0      0 I   0.0   0.0   0:13.04 kworker/u12:2-events_unbound
   9961 jetson    20   0   18140   9776   7372 S   0.0   0.1   0:00.33 systemd
   9962 jetson    20   0  172508   4632      0 S   0.0   0.1   0:00.00 (sd-pam)
   9970 jetson    20   0   41976   6552   5228 S   0.0   0.1   0:00.04 pipewire
   9971 jetson    20   0   25488   6720   5380 S   0.0   0.1   0:01.24 pipewire-media-
  10023 jetson    20   0    8888   4148   3656 S   0.0   0.1   0:00.01 dbus-daemon
  10561 jetson    20   0    5508    776    688 S   0.0   0.0   0:00.20 sleep
  10658 root      20   0   21764   5404   3884 S   0.0   0.1   0:13.60 systemd-udevd
  10666 root      20   0   21752   4108   2588 S   0.0   0.1   0:00.23 systemd-udevd
  11619 root      20   0   21748   4060   2540 S   0.0   0.1   0:00.02 systemd-udevd
  11620 root      20   0   21760   4112   2588 S   0.0   0.1   0:00.02 systemd-udevd
  11634 root      20   0   21760   4016   2496 S   0.0   0.1   0:00.01 systemd-udevd
  11635 root      20   0   21760   4048   2540 S   0.0   0.1   0:00.03 systemd-udevd
  11636 root      20   0   21764   3380   1864 S   0.0   0.0   0:00.01 systemd-udevd
  11648 root      20   0   21764   4008   2468 S   0.0   0.1   0:00.01 systemd-udevd
  11649 root      20   0   21764   3832   2288 S   0.0   0.0   0:00.01 systemd-udevd
  11650 root      20   0   21764   3968   2432 S   0.0   0.1   0:00.00 systemd-udevd
  11653 root      20   0   21764   4496   2944 S   0.0   0.1   0:00.04 systemd-udevd
  11654 root      20   0   21764   4508   2960 S   0.0   0.1   0:00.03 systemd-udevd
 109437 snap_da+  20   0   14484   4632   3932 S   0.0   0.1   0:00.00 dbus
 112737 jetson    20   0  203640  36228  13220 S   0.0   0.5   0:00.70 ros2
 112739 jetson    20   0 2070728  32552  18032 S   0.0   0.4   0:00.36 docker
 112768 root      20   0 1233232  12056   6600 S   0.0   0.2   0:00.92 containerd-shim
 112797 root      20   0   49400  29488  14684 S   0.0   0.4   0:00.36 ros2
 115031 root      20   0  238832   6988   5696 S   0.0   0.1   0:02.65 iio-sensor-prox
 189012 jetson    20   0  572504  38556  13204 S   0.0   0.5   0:01.42 ros2
 189320 jetson    20   0  129772  36300  13220 S   0.0   0.5   0:00.73 ros2
 189431 jetson    20   0  796980  41908  13220 S   0.0   0.5   0:01.45 ros2
 189475 jetson    20   0   11248   3072   2752 S   0.0   0.0   0:05.04 bash
 189596 jetson    20   0   53012  29660  15012 S   0.0   0.4   0:00.34 ros2
 244731 root      20   0       0      0      0 I   0.0   0.0   0:01.24 kworker/1:2-cgroup_destroy
 286436 root      20   0       0      0      0 I   0.0   0.0   0:08.60 kworker/u12:0-events_freezable_power_
 344667 root      20   0       0      0      0 I   0.0   0.0   0:00.59 kworker/0:3-events
 349442 root      20   0       0      0      0 I   0.0   0.0   0:05.65 kworker/u12:6-events_unbound
 367657 root       0 -20       0      0      0 I   0.0   0.0   0:11.77 kworker/u13:2-uvcvideo
 369170 root      20   0       0      0      0 I   0.0   0.0   0:04.44 kworker/u12:1-events_unbound
 441418 root      20   0       0      0      0 I   0.0   0.0   0:02.94 kworker/u12:7-events_unbound
 443709 root      20   0       0      0      0 I   0.0   0.0   0:00.14 kworker/3:2-cgroup_destroy
 445412 root      20   0       0      0      0 I   0.0   0.0   0:00.25 kworker/2:1-events
 448401 root      20   0       0      0      0 I   0.0   0.0   0:00.00 kworker/5:2-events
 467530 root      20   0       0      0      0 I   0.0   0.0   0:01.91 kworker/u12:3-events_freezable_power_
 468909 jetson    20   0   11116   3036   2756 S   0.0   0.0   0:01.68 bash
 478380 root      20   0       0      0      0 I   0.0   0.0   0:00.29 kworker/1:1-events
 480561 root      20   0       0      0      0 I   0.0   0.0   0:00.00 kworker/4:1-events
 483353 root      20   0       0      0      0 I   0.0   0.0   0:00.00 kworker/2:3-events
 496325 root      20   0       0      0      0 I   0.0   0.0   0:00.11 kworker/3:0-events
 499790 root       0 -20       0      0      0 I   0.0   0.0   0:02.45 kworker/u13:4-uvcvideo
 511663 root      20   0       0      0      0 I   0.0   0.0   0:00.00 kworker/0:1-cgroup_destroy
 514145 root      20   0       0      0      0 I   0.0   0.0   0:00.06 kworker/5:1-events
 514952 root      20   0       0      0      0 I   0.0   0.0   0:00.05 kworker/4:0-events
 520043 root       0 -20       0      0      0 I   0.0   0.0   0:01.34 kworker/u13:0-uvcvideo
 528481 root      20   0       0      0      0 I   0.0   0.0   0:00.00 kworker/1:0-events
 528980 root      20   0    9436    780    704 S   0.0   0.0   0:00.00 sleep
 530050 root      20   0       0      0      0 I   0.0   0.0   0:00.00 kworker/3:1-cgroup_destroy
 530052 root      20   0       0      0      0 I   0.0   0.0   0:00.00 kworker/2:0-cgroup_destroy
 530228 root      20   0       0      0      0 I   0.0   0.0   0:00.00 kworker/3:3-cgroup_destroy
 530300 root      20   0       0      0      0 I   0.0   0.0   0:00.00 kworker/2:2-events
 532747 root      20   0       0      0      0 I   0.0   0.0   0:00.00 kworker/0:0-events
 533529 jetson    20   0   11248   3304   2868 S   0.0   0.0   0:00.03 bash
 536497 jetson    20   0   11248   3288   2852 S   0.0   0.0   0:00.01 bash
 536579 jetson    20   0    2872    884    788 S   0.0   0.0   0:00.09 tegrastats
 537023 root      20   0       0      0      0 I   0.0   0.0   0:00.00 kworker/4:2-events
 538032 root      20   0       0      0      0 I   0.0   0.0   0:00.00 kworker/5:0
 539336 root      30  10    9436    780    704 S   0.0   0.0   0:00.00 sleep
 539382 jetson    20   0    9436    784    704 S   0.0   0.0   0:00.00 sleep
 539391 jetson    20   0    9444    788    704 S   0.0   0.0   0:00.00 sleep
 539447 jetson    20   0    9444    788    704 S   0.0   0.0   0:00.00 sleep
