t,goal,map_x,map_y,map_yaw,odom_x,odom_y,odom_yaw,wheel_yaw,v,w,mo_x,mo_y,mo_yaw,stuck
2.68,1,0.0,0.0,0.0005620480278853966,0.0,0.0,0.0005620480278853957,108.48253764551816,0.01,0.06,0.0,0.0,7.765026067119565e-19,0
2.79,1,0.00010546807580384127,2.858995383383389e-08,0.07024009887754507,0.00010546807580384127,2.858995383383389e-08,0.07024009887754507,108.48840502116906,0.03,0.18,0.0,0.0,7.765026067119565e-19,0
2.89,1,0.0002177113019448356,0.0003435352584601761,0.763301470309056,0.0002177113019448356,0.0003435352584601761,0.763301470309056,108.97009595731551,0.05,0.3,0.0,0.0,7.765026067119565e-19,0
2.99,1,0.004411909011676638,0.0002751984405473538,1.582720560442127,0.004411909011676638,0.0002751984405473538,1.582720560442127,109.71690820907237,0.0635664239525795,0.38,0.0,0.0,7.765026067119565e-19,0
3.09,1,0.00794790060258352,0.0003896681054916472,2.2150894212912466,0.00794790060258352,0.0003896681054916472,2.2150894212912466,111.03476265923464,0.07237835973501205,0.3790147602558136,0.0,0.0,7.765026067119565e-19,0
3.19,1,0.011819511872049085,0.0005669086812583596,3.02798653328545,0.011819511872049085,0.0005669086812583596,3.02798653328545,111.93814162622476,0.07553210854530334,0.3637043237686157,-0.010049447101546588,0.0016614611218680243,-0.5998868115019695,0
3.29,1,0.0058472699728719015,0.002304229077179613,3.1427407794876117,0.015889116118622853,0.0008091683121596769,3.742627590989582,113.21307858157519,0.07576745748519897,0.3572877049446106,-0.010049447101546588,0.0016614611218680243,-0.5998868115019695,0
3.39,1,0.009904183975261485,0.002549299440419283,3.8720974417980005,0.01994324192193739,0.0010967003566735593,4.471984253299968,114.05137842407152,0.07436759769916534,0.3551943302154541,-0.010049447101546588,0.0016614611218680243,-0.5998868115019695,0
3.49,1,0.013425332004306742,0.002811410536522097,4.7156142557703715,0.023461452704000043,0.0013956628327932586,5.31550106727234,115.3321776112227,0.07569121569395065,0.3568829298019409,-0.010049447101546588,0.0016614611218680243,-0.5998868115019695,0
3.59,1,0.018175299655619502,0.0032517472885417002,5.947196881457609,0.028206549768263877,0.0018857067026779844,6.547083692959579,116.19315670849879,0.07531880587339401,0.35350286960601807,-0.020049447101546547,0.0016614611218678963,-0.5998868115019501,0
3.69,1,0.011268615748465258,0.00359586169123956,6.787766025223875,0.03129609350463987,0.0022621886722626284,7.387652836725826,117.48295306593681,0.07702282816171646,0.35389968752861023,-0.020049447101546547,0.0016614611218678963,-0.5998868115019501,0
3.79,1,0.016424612210340563,0.004272871570212641,8.179713671419385,0.036444719202681115,0.0029931437410371255,8.779600482921337,118.33906809097124,0.07851479202508926,0.3508661091327667,-0.02011527258387884,0.0022948905746938367,-0.7998490820025946,0
3.89,1,0.0205102173378983,0.005399228535981709,9.092388303426395,0.04057819625545588,0.0036711488959199853,9.892237385428992,119.6361029252065,0.07889575511217117,0.34984806180000305,-0.02011527258387884,0.0022948905746938367,-0.7998490820025946,0
3.98,1,0.024631063908772104,0.006098501991980959,10.200602632631563,0.04468887975388304,0.004427879364915536,11.000451714634153,120.5035105742946,0.07944457232952118,0.34894847869873047,-0.0201152725838788,0.0022948905746937877,-0.7998490820026037,0
4.08,1,0.02858528871788128,0.006847809449806947,11.301869833643476,0.04863225927406053,0.005232312996219314,12.10171891564608,121.80492409064142,0.07944457232952118,0.34894847869873047,-0.0201152725838788,0.0022948905746937877,-0.7998490820026037,0
4.19,1,0.03287206032509575,0.0077472793522374295,12.427428699363185,0.05290605698960356,0.0061915366429345685,13.227277781365792,122.67014631855122,0.07964211702346802,0.34765979647636414,-0.019999789618156853,0.0016101563839633994,-0.5998868115019654,0
4.3,1,0.037034289607740606,0.008199213524168107,13.75111677730585,0.05696196702305229,0.007185831893910047,14.351003588807814,123.96958287616839,0.08003492653369904,0.3474001884460449,-0.019999789618156853,0.0016101563839633994,-0.5998868115019654,0
4.39,1,0.04103033368647924,0.009440493494020095,14.754938421277801,0.060996640593586934,0.008258491549875856,15.439572976447558,124.83335228387463,0.08002671599388123,0.34491580724716187,-0.020143346667822696,0.002321013231218104,-0.7998490820026107,0
4.49,1,0.044833386563996214,0.010774939068363505,15.669202332862978,0.06485238897826666,0.009360147827385529,16.469051414865586,126.13397778387741,0.0800432488322258,0.3441888391971588,-0.020143346667822696,0.002321013231218104,-0.7998490820026107,0
4.59,1,0.04887122368684542,0.011948095082797611,16.754447016348124,0.06887345593139702,0.010589555905813957,17.55429609835074,127.00911991442113,0.08001726120710373,0.34021249413490295,-0.019974839373260105,0.001588654115117899,-0.5998868115019721,0
4.69,1,0.05302534712715717,0.012723133598953041,18.053655600885687,0.07287960949358613,0.011898167192220989,18.65354241238766,128.31355215038846,0.08001726120710373,0.34021249413490295,-0.019974839373260105,0.001588654115117899,-0.5998868115019721,0
4.79,1,0.05697573198634782,0.014049730272632418,19.103664553632495,0.07681588861897073,0.013266050929020725,19.703551365134466,129.17399836516356,0.07979853451251984,0.25991134643554686,-0.010172043864042352,0.0023443329965638754,-0.7998490820026001,0
4.89,1,0.07100877771413273,0.01600943262482081,19.90394781164796,0.08098215278766016,0.014797015571855976,20.70379689365057,130.40132579277483,0.080784872174263,0.1289200335741043,-0.010172043864042352,0.0023443329965638754,-0.7998490820026001,0
4.98,1,0.07605162825027667,0.01787312985795394,20.618716597102253,0.08599849558405684,0.016730927114743686,21.41856567910485,131.07008456887354,0.08045700937509537,0.05392003357410431,-0.010172043864042343,0.002344332996563663,-0.7998490820025674,0
5.09,1,0.08198241130274152,0.02011498143780386,20.95819545598118,0.09189740551410742,0.01905535129260608,21.758044537983746,131.74624114486883,0.08019602298736572,-0.04248524829745293,-0.010172043864042343,0.002344332996563663,-0.7998490820025674,0
5.19,1,0.08930951229324105,0.022914965172708912,20.85055766582909,0.09918470605424913,0.0219573452068593,21.650406747831653,131.8290815077826,0.08077087998390198,0.004549749195575714,-0.010172043864042343,0.002344332996563663,-0.7998490820025674,0
5.29,1,0.09660518961431175,0.02569264604269158,20.76876987589092,0.10644089732474149,0.02483659976918673,21.568618957893488,131.66611759230574,0.08128414303064346,0.044574763625860214,-0.010172043864042343,0.002344332996563663,-0.7998490820025674,0
5.39,1,0.10425907958225597,0.028596929072456326,20.8415959467,0.11405349902940076,0.027847444641410393,21.641445028702563,131.6808034861702,0.08112934231758118,-0.030425236374139783,-0.010172043864042343,0.002344332996563663,-0.7998490820025674,0
5.49,1,0.11161751694383315,0.0314053142150782,20.939152516536375,0.12137201560738624,0.03075827658628554,21.739001598538945,131.82171051805696,0.08123559504747391,0.028224285691976547,-0.010172043864042343,0.002344332996563663,-0.7998490820025674,0
5.59,1,0.11899786900773975,0.03422382337397122,20.874832560935765,0.128712303425673,0.03367953748026356,21.67468164293834,131.75802573440993,0.08133799582719803,0.05505889281630516,-0.010172043864042343,0.002344332996563663,-0.7998490820025674,0
5.69,1,0.1265307624731315,0.03711571892218187,21.114159062099567,0.13620409334121011,0.03667630702164625,21.91400814410213,131.89273119154592,0.08104892820119858,-0.019941107183694837,-0.010172043864042343,0.002344332996563663,-0.7998490820025674,0
5.79,1,0.1335626492145679,0.039846591046721856,21.27879051664995,0.1431971731644782,0.03950507500265479,22.078639598652515,132.06707386592979,0.08131298422813416,0.011970486491918564,-0.010172043864042343,0.002344332996563663,-0.7998490820025674,0
5.88,1,0.14067955205198068,0.04260747514382103,21.180158477228126,0.15027484184629192,0.04236503881803122,21.980007559230692,131.96675343873318,0.0810045599937439,0.015798036009073257,-0.019528452309218073,0.00037766899661278845,-0.39992454100126695,0
5.99,1,0.13868609652327238,0.044718261841534705,21.6213361254027,0.15790119988516127,0.04544384128717548,22.021260666403965,131.99456835776644,0.08106918632984161,0.04069569334387779,-0.019528452309218073,0.00037766899661278845,-0.39992454100126695,0
6.09,1,0.1463406602432447,0.04776354710365159,21.79955778939066,0.16553432122065845,0.048542480786756104,22.199482330391927,132.10559688065777,0.08089654892683029,0.029619287699460983,-0.019528452309218073,0.00037766899661278845,-0.39992454100126695,0
6.18,1,0.15348063313731322,0.0506297754624426,21.987832073888583,0.17265411407277292,0.05145847593005626,22.387756614889856,132.25924654766965,0.08081988990306854,0.028749965131282806,-0.019528452309218073,0.00037766899661278845,-0.39992454100126695,0
6.29,1,0.16078498230367577,0.05359124746745894,22.07177699153701,0.17993761439770642,0.054470859736500996,22.47170153253827,132.43470598959584,0.080671526491642,0.004802379757165909,-0.019528452309218073,0.00037766899661278845,-0.39992454100126695,0
6.39,1,0.1681755963474058,0.05660480519531055,22.231248983835506,0.187307013943193,0.05753593012092223,22.63117352483677,132.5525934313503,0.0807332918047905,-0.00225815549492836,-0.019528452309218073,0.00037766899661278845,-0.39992454100126695,0
6.49,1,0.17577332968080495,0.059708728526364954,22.289041222525892,0.1948828969861132,0.060692809588133834,22.688965763527158,132.60369962451867,0.0806245431303978,0.0017250217497348785,-0.019528452309218073,0.00037766899661278845,-0.39992454100126695,0
6.59,1,0.1832546076710122,0.06276439580389473,22.20585563519127,0.20234266434722398,0.06380062132564812,22.605780176192532,132.60864505761685,0.0808897390961647,0.0012650452554225922,-0.019528452309218073,0.00037766899661278845,-0.39992454100126695,0
6.69,1,0.19075870474743675,0.06582819254723425,22.158724379438684,0.20982519349546627,0.066916721606866,22.55864892043995,132.61656609796003,0.08073507249355316,0.0023634470999240875,-0.019528452309218073,0.00037766899661278845,-0.39992454100126695,0
6.79,1,0.19829840936666124,0.06890858197186109,22.17872368331895,0.21734321350313018,0.07004966270380239,22.57864822432022,132.61957323951208,0.08052573353052139,-0.0014562420547008514,-0.019528452309218073,0.00037766899661278845,-0.39992454100126695,0
6.88,1,0.20589566689758923,0.07201165939957052,22.263091416212802,0.22491862665952725,0.07320569296720104,22.663015957214064,132.63266148897267,0.0807076096534729,-0.01729956641793251,-0.019528452309218073,0.00037766899661278845,-0.39992454100126695,0
6.99,1,0.21300583066912088,0.07491071839880473,22.204812405200627,0.23200838195924864,0.07615430988520087,22.604736946201893,132.62992836490517,0.08101727068424225,-0.026808861643075943,-0.019528452309218073,0.00037766899661278845,-0.39992454100126695,0
7.09,1,0.22091644760818632,0.0781260811901219,22.020075003218356,0.2398963631448424,0.07942481000783269,22.419999544219614,132.5283501072186,0.08093854784965515,-0.030722368508577347,-0.009528452309217958,0.00037766899661254016,-0.39992454100124175,0
7.18,1,0.2382404713234892,0.08108351004053073,21.886754012012755,0.24719956576043212,0.0824332880853982,22.286678553013992,132.43226394606546,0.08084268122911453,-0.025931190699338913,-0.009528452309217958,0.00037766899661254016,-0.39992454100124175,0
7.28,1,0.24559158833968714,0.08402760674328831,21.78324349325241,0.2545299540745564,0.08542862344978944,22.18316803425366,132.27220339827173,0.08079583197832108,-0.016404148191213608,-0.009528452309217958,0.00037766899661254016,-0.39992454100124175,0
7.39,1,0.25308607285479456,0.08701132062000808,21.652051716998518,0.2620034298695146,0.08846457572008112,22.05197625799976,132.18184898853104,0.08077738434076309,-0.008090533316135406,-0.009528452309217958,0.00037766899661254016,-0.39992454100124175,0
7.48,1,0.2606426106002556,0.09001141655293077,21.6544863399528,0.2695388430373797,0.091517342775538,22.05441088095404,132.103356602157,0.08081819117069244,-0.004025686532258987,-0.009528452309217958,0.00037766899661254016,-0.39992454100124175,0
7.59,1,0.26779552726513756,0.09284938636203792,21.62698675693308,0.2766717765880712,0.09440517040432206,22.02691129793431,132.09017731650468,0.08081819117069244,-0.004025686532258987,-0.009528452309217958,0.00037766899661254016,-0.39992454100124175,0
7.68,1,0.27568774714331673,0.09597942603915978,21.620029397299387,0.2845419567114341,0.09759022108079597,22.01995393830062,132.0801219494904,0.08096031844615936,-0.005727078765630722,-0.009528452309217958,0.00037766899661254016,-0.39992454100124175,0
7.78,1,0.283238779342363,0.09897764247458489,21.668349046710674,0.2920718775857861,0.10064107025613807,22.068273587711914,132.0720947699996,0.08093539625406265,-0.0033079273998737335,-0.009528452309217958,0.00037766899661254016,-0.39992454100124175,0
7.89,1,0.2904243807344642,0.10183442127934392,21.676364266202313,0.29923736378177,0.10354793455992847,22.076288807203557,132.04414201155208,0.08086381107568741,-0.0009588710963726044,-0.009528452309217958,0.00037766899661254016,-0.39992454100124175,0
7.98,1,0.29797808364667405,0.10483643591449407,21.68812858837165,0.3067699287930079,0.10660260048389761,22.088053129372884,132.03523501522176,0.08086381107568741,-0.0009588710963726044,-0.009528452309217958,0.00037766899661254016,-0.39992454100124175,0
8.09,1,0.3054595183526045,0.10780920316958986,21.65264129042906,0.3142304315034823,0.10962751531229771,22.052565831430304,132.02773657657121,0.08100862801074982,0.0073067136108875275,-0.009528452309217958,0.00037766899661254016,-0.39992454100124175,0
8.19,1,0.3126589464800295,0.11067051328955042,21.694747810006564,0.32140971246964606,0.11253900733073523,22.0946723510078,132.02680344995116,0.08092848211526871,0.003910984843969345,-0.009528452309217958,0.00037766899661254016,-0.39992454100124175,0
8.28,1,0.32062686538433116,0.1138417829857428,21.704950418454906,0.3293553019918992,0.11576581539682407,22.104874959456133,132.05023830821162,0.08113490790128708,0.005766715854406357,-0.010102343537597041,-0.0080143213650007,-0.5998868115019313,0
8.39,1,0.3279740769676546,0.10726601349154351,21.5710435938346,0.33685092749951295,0.11881361180015777,22.17093040533653,132.0594256725922,0.08094862103462219,0.0018223971128463745,-0.010102343537597041,-0.0080143213650007,-0.5998868115019313,0
8.49,1,0.3354394069641761,0.11021469986844447,21.57112168050544,0.3442849761393563,0.12184029713674774,22.171008492007367,132.08215798012782,0.08103176951408386,0.013238910585641861,-0.010102343537597041,-0.0080143213650007,-0.5998868115019313,0
8.59,1,0.34300492222715395,0.11320805161287935,21.599404866368094,0.35181873691665244,0.12491269431334073,22.19929167787003,132.0914439796914,0.08088495582342148,0.01042914018034935,-0.010102343537597041,-0.0080143213650007,-0.5998868115019313,0
8.69,1,0.3505733203873843,0.11621216570494547,21.675912323511117,0.35935526775346854,0.12799588343106397,22.275799135013056,132.149916257388,0.0809129998087883,0.009925253689289093,-0.010102343537597041,-0.0080143213650007,-0.5998868115019313,0
8.79,1,0.35807603181387837,0.11919882633147354,21.77053758678548,0.3668262981912806,0.1310609323123356,22.37042439828741,132.18769610004816,0.08079370856285095,0.014003973454236984,-0.010102343537597041,-0.0080143213650007,-0.5998868115019313,0
8.89,1,0.36555325716163634,0.12218608942286609,21.8072254497033,0.37427183763955524,0.1341263167910814,22.407112261205228,132.2526549087515,0.08058261126279831,0.006766173988580704,-0.010102343537597041,-0.0080143213650007,-0.5998868115019313,0
8.99,1,0.3730283768581729,0.12518369410638436,21.840468893862752,0.38171516327752786,0.1372020202493653,22.440355705364677,132.30347390033788,0.08064523339271545,0.007934890687465668,-0.010102343537597041,-0.0080143213650007,-0.5998868115019313,0
9.09,1,0.38058175859332083,0.12822205262208286,21.94775103403715,0.3892363199797462,0.14031929469468762,22.54763784553908,132.35816976099764,0.08067747950553894,0.010223139077425003,-0.010102343537597041,-0.0080143213650007,-0.5998868115019313,0
9.19,1,0.38812237187172305,0.13126431598852403,22.070938750330132,0.396744668042017,0.1434403400934283,22.67082556183207,132.39834062080467,0.08080504834651947,0.015255626291036606,-0.010102343537597041,-0.0080143213650007,-0.5998868115019313,0
9.28,1,0.3955852611872285,0.1342840043914224,22.063053291056143,0.4041755327569875,0.14653799801093487,22.662940102558075,132.4899203032597,0.08090641349554062,0.018987763673067093,-0.010102343537597041,-0.0080143213650007,-0.5998868115019313,0
9.39,1,0.40309796302403644,0.13733717287156277,22.05058883376095,0.4116558567330343,0.14966965569821164,22.65047564526289,132.5584144509998,0.08052396029233932,0.01086956262588501,-0.010102343537597041,-0.0080143213650007,-0.5998868115019313,0
9.49,1,0.41059024206823735,0.1403926972406269,22.198275323555645,0.4191157343701399,0.15280345532255404,22.798162135057584,132.6846520785276,0.08047235757112503,3.6519020795822144e-05,-0.020801300053237336,-0.006091604380767104,-0.7998490820025883,0
9.59,1,0.40789395713858667,0.14387135247658867,22.0800223104171,0.426560070579883,0.155932735995526,22.879871392419687,132.74495522797753,0.08047932386398315,0.005556192249059677,-0.020801300053237336,-0.006091604380767104,-0.7998490820025883,0
9.69,1,0.4127501936608764,0.1458315367959138,21.895031499601732,0.43138847062997493,0.15796052017596068,22.694880581604323,132.75933151092903,0.08047932386398315,0.005556192249059677,-0.020801300053237336,-0.006091604380767104,-0.7998490820025883,0
9.79,1,0.4228178961638135,0.14989677905699275,21.9203382255732,0.4413984432051554,0.16216590688505683,22.720187307575788,132.795504223952,0.08069781213998795,-0.009808603674173355,-0.020801300053237336,-0.006091604380767104,-0.7998490820025883,0
9.88,1,0.4302908520367106,0.15291682276460286,21.9046170569456,0.44882851247826977,0.1652899753975683,22.7044661389482,132.7827981065617,0.08069781213998795,-0.009808603674173355,-0.020801300053237336,-0.006091604380767104,-0.7998490820025883,0
9.98,1,0.43779864272679814,0.1559344389124585,21.86873667696862,0.4562934470619306,0.16841210286511799,22.668585758971215,132.74337072678205,0.08053687959909439,-0.017341233789920807,-0.020801300053237336,-0.006091604380767104,-0.7998490820025883,0
10.09,1,0.4453190299155385,0.15893585634206994,21.77366895289129,0.4637712030436132,0.17151820903422355,22.57351803489388,132.64678263712696,0.08062178641557693,-0.005574468523263931,-0.020801300053237336,-0.006091604380767104,-0.7998490820025883,0
10.19,1,0.4527772275079471,0.16189758439031626,21.6096712001924,0.47118732953443754,0.17458376155069952,22.409520282194986,132.59413511298217,0.0808868259191513,0.01051490381360054,-0.020801300053237336,-0.006091604380767104,-0.7998490820025883,0
10.28,1,0.4602552273220494,0.16486109223612774,21.558075545826792,0.4786232314722755,0.1776513701213547,22.357924627829373,132.58875879949437,0.08070288598537445,0.0134805329144001,-0.020801300053237336,-0.006091604380767104,-0.7998490820025883,0
10.39,1,0.4677577832140877,0.16783927659455106,21.673667207678022,0.48608348221786307,0.18073399656626757,22.473516289680617,132.63085978578758,0.08083324134349823,0.004403941333293915,-0.020801300053237336,-0.006091604380767104,-0.7998490820025883,0
10.49,1,0.4753110370857451,0.17084007841702958,21.751030475593282,0.4935941102735553,0.1838399459922156,22.550879557595874,132.71214318042905,0.08109290897846222,0.019989464432001114,-0.020801300053237336,-0.006091604380767104,-0.7998490820025883,0
10.59,1,0.48287412938221475,0.17384955904160201,21.762984380579216,0.5011144546432693,0.18695471071455133,22.56283346258181,132.75240813573865,0.08095002919435501,0.017645057290792465,-0.020801300053237336,-0.006091604380767104,-0.7998490820025883,0
10.69,1,0.4903977084539477,0.17686023211173488,21.799513166246197,0.5085952729923848,0.1900701161795553,22.5993622482488,132.86855656988124,0.08132730424404144,0.002807680517435074,-0.009978500482134662,-0.008328350778657935,-0.5998868115019368,0
10.79,1,0.5081395352312285,0.17947486778206675,22.094395093202596,0.5161233739161549,0.19321752180029148,22.694281904704532,132.93198720251422,0.08148226141929626,-0.0172811858355999,-0.009978500482134662,-0.008328350778657935,-0.5998868115019368,0
10.89,1,0.515724351748695,0.18255767901375544,22.14416785804223,0.52367549826632,0.19637957564131067,22.74405466954417,132.93159936228017,0.08143702149391174,-0.015262249857187271,-0.009978500482134662,-0.008328350778657935,-0.5998868115019368,0
10.99,1,0.523300618996461,0.18562228397715505,22.07934483216282,0.5312192644315158,0.19952333470270706,22.67923164366476,132.88194700132888,0.0817147046327591,0.009267516434192657,-0.009978500482134662,-0.008328350778657935,-0.5998868115019368,0
11.09,1,0.5308584947869734,0.1886668675250617,21.91145369055695,0.5387448497678833,0.2026468808909439,22.511340502058882,132.82538832343005,0.08161275088787079,-0.01177598163485527,-0.009978500482134662,-0.008328350778657935,-0.5998868115019368,0
11.19,1,0.5380868821788757,0.19158641067963986,21.88653488272612,0.5459422739138823,0.20564194385880336,22.486421694228063,132.83876654667168,0.08131693303585052,-0.033468496054410934,-0.009978500482134662,-0.008328350778657935,-0.5998868115019368,0
11.29,1,0.5456907197424187,0.19464466355779567,21.814548918417174,0.5535136753888452,0.2087796398390458,22.41443572991912,132.76474016689934,0.08092519640922546,-0.0539977066218853,-0.009978500482134662,-0.008328350778657935,-0.5998868115019368,0
11.39,1,0.5528328993538371,0.19748325233890124,21.6352063707325,0.5606257440562092,0.2116928502915666,22.23509318223444,132.63966074576925,0.0812460407614708,-0.03629445657134056,-0.009978500482134662,-0.008328350778657935,-0.5998868115019368,0
11.48,1,0.5597927529517648,0.20021112239812744,21.215874437560426,0.5675566559072012,0.21449343917221098,21.81576124906237,132.3696415735448,0.08041736483573914,-0.03136485442519188,-0.009978500482134662,-0.008328350778657935,-0.5998868115019368,0
11.59,1,0.5669987591055637,0.20299902742943893,21.014175918406348,0.5747330782677815,0.21735663690460097,21.61406272990829,132.2244162084746,0.08056701719760895,-0.04167419299483299,-0.009978500482134662,-0.008328350778657935,-0.5998868115019368,0
11.69,1,0.5742921753794871,0.2057845337817015,20.788114735081884,0.5819969310712526,0.22021835125665076,21.38800154658382,132.0307134151205,0.08055967837572098,-0.04804151877760887,-0.009978500482134662,-0.008328350778657935,-0.5998868115019368,0
11.79,1,0.5793823839333279,0.20771110897640135,20.636902476709274,0.587066689757262,0.2221981143657277,21.236789288211213,131.86681538781838,0.08055967837572098,-0.04804151877760887,-0.009978500482134662,-0.008328350778657935,-0.5998868115019368,0
11.89,1,0.5885370557433909,0.21112374729804978,20.28838627425166,0.5961851301297941,0.22570641330352054,20.888273085753596,131.56043885919897,0.08003117889165878,-0.10140751302242279,-0.009034078518243912,-0.01087647750056242,-0.3999245410012987,0
11.98,1,0.5953585675543241,0.21310242274951083,19.872750629026882,0.6028145629775218,0.2281920705152835,20.27267517002818,131.30430762791715,0.0799643024802208,-0.16072338819503784,-0.009034078518243912,-0.01087647750056242,-0.3999245410012987,0
12.09,1,0.601553382311391,0.21531716014376462,19.30872116580032,0.6089937680867898,0.23044999341420555,19.70864570680162,130.77468805040542,0.0799643024802208,-0.16072338819503784,-0.009034078518243912,-0.01087647750056242,-0.3999245410012987,0
12.19,1,0.6052647484566734,0.2165978979769119,18.705709873054175,0.612696104345332,0.23175660517379124,19.105634414055466,130.28514931116118,0.07997378706932068,-0.15930336713790894,-0.009034078518243912,-0.01087647750056242,-0.3999245410012987,0
12.29,1,0.6128216620757583,0.21907015603406493,17.704907559509515,0.6202355776561206,0.2342815498352391,18.10483210051081,129.4987029326099,0.07999622076749802,-0.10850656777620316,0.0009659214817559325,-0.0008764775005622286,-0.399924541001315,0
12.39,1,0.6287154478137971,0.2309268514959258,17.16497125269562,0.6261162601918528,0.23617933835821472,17.564895793696923,129.04361134142977,0.07976283133029938,-0.08118994534015656,0.0009659214817559325,-0.0008764775005622286,-0.399924541001315,0
12.48,1,0.6343408666495697,0.23262157420213286,16.449995684501733,0.631729712923418,0.23791328488544194,16.849920225503038,128.4640067255558,0.07976283133029938,-0.08118994534015656,0.0009659214817559325,-0.0008764775005622286,-0.399924541001315,0
12.59,1,0.6416781281057714,0.23477280756183172,16.0995952418239,0.6390517801562657,0.2401156795099822,16.499519782825214,128.13745164607246,0.07996530830860138,-0.008666638284921646,0.0009659214817560436,-0.0008764775005622017,-0.39992454100132047,0
12.68,1,0.6486129065988859,0.23674587492858024,15.7288728412105,0.6459726178190842,0.24213710317344328,16.128797382211825,127.78512083642846,0.07975597679615021,-0.06866663828492164,0.0009659214817560436,-0.0008764775005622017,-0.39992454100132047,0
12.79,1,0.6561780078271383,0.23887709366365048,15.513472374214178,0.6535226589747283,0.24432107396960864,15.913396915215493,127.68870014733456,0.07995100319385529,-0.07378716766834259,0.0009659214817560436,-0.0008764775005622017,-0.39992454100132047,0
12.89,1,0.6627196555860918,0.24066745203367731,15.157486020686127,0.660051650778532,0.24615704905691504,15.557410561687444,127.23823181689295,0.07996838539838791,-0.09269446134567261,0.0009659214817560436,-0.0008764775005622017,-0.39992454100132047,0
12.98,1,0.6694411301597872,0.24243899847915262,14.461593830032506,0.6667605963226455,0.24797546785890498,14.861518371033819,126.9399001947845,0.08000750094652176,-0.01769446134567261,0.0009659214817560436,-0.0008764775005622017,-0.39992454100132047,0
13.09,1,0.6758888844771253,0.24408025201919292,14.195888028599274,0.6731967377153498,0.24966168637753278,14.595812569600598,126.48052048126432,0.08000745624303818,0.04352325201034546,-9.886475527702286e-06,-0.008039734433829595,-0.5998868115019981,0
13.18,1,0.6834555089106826,0.23646702730206673,13.912957867798875,0.6808679956582312,0.25164911228404147,14.512844679300871,126.39916540186321,0.08000588417053223,0.04137171804904938,-9.886475527702286e-06,-0.008039734433829595,-0.5998868115019981,0
13.29,1,0.6909746312628914,0.23835517935915124,14.20591026203456,0.6883669372968672,0.2536158846243215,14.805797073536556,126.56994520694711,0.08000215142965317,0.07979919761419296,-9.886475527702286e-06,-0.008039734433829595,-0.5998868115019981,0
13.39,1,0.6982367014101557,0.240212130300268,14.571092472296074,0.6956091674892927,0.25554876627135054,15.17097928379807,126.73700506809476,0.08000033348798752,0.08625993132591248,-9.886475527702286e-06,-0.008039734433829595,-0.5998868115019981,0
13.49,1,0.7050092077737095,0.24200222275727606,14.950648798160389,0.7023625607265132,0.2574096674596129,15.550535609662385,127.11527146146432,0.07999968528747559,0.0617092065513134,-9.886475527702286e-06,-0.008039734433829595,-0.5998868115019981,0
13.59,1,0.711689690972359,0.24381310743868223,15.532753660447586,0.7090237181520026,0.25929039626771894,16.13264047194958,127.40237614278405,0.0799996629357338,0.08865619450807571,-9.886475527702286e-06,-0.008039734433829595,-0.5998868115019981,0
13.68,1,0.7179230650610707,0.24556274275817586,15.808083600228521,0.7152384322426846,0.26110519792413217,16.407970411730517,127.78893540332352,0.0799996629357338,0.08865619450807571,-9.886475527702286e-06,-0.008039734433829595,-0.5998868115019981,0
13.79,1,0.7252359290368109,0.2476736799370977,16.481000832055994,0.7225287942922533,0.26329258368966135,17.080887643557997,128.08806920302948,0.07999993860721588,0.12744876503944397,-0.012542882496099169,-0.0005086364633237531,-1.0997924877536907,0
13.89,1,0.7213389258547717,0.25072262307496,16.202182039486523,0.7289245259512096,0.2652709744098308,17.30197452724022,128.49982287999538,0.07999999821186066,0.18197926878929138,-0.012542882496099169,-0.0005086364633237531,-1.0997924877536907,0
13.99,1,0.7278587416700071,0.2526691062236517,17.17816432636408,0.7354057802469832,0.267342239160231,18.27795681411777,128.85701262927324,0.08000001311302185,0.16691884398460388,-0.012542882496099169,-0.0005086364633237531,-1.0997924877536907,0
14.09,1,0.733237475306964,0.25437853043825454,18.104401268194326,0.7407507126395787,0.2691545869197366,19.20419375594802,129.64316725102626,0.08000001311302185,0.1579580456018448,-0.012542882496099169,-0.0005086364633237531,-1.0997924877536907,0
14.19,1,0.7386795080775191,0.25619258039257314,18.840302541993182,0.7461569243371592,0.2710727560972346,19.94009502974687,130.19092951245153,0.08000000566244125,0.08426878601312637,-0.012542882496099169,-0.0005086364633237531,-1.0997924877536907,0
14.29,1,0.7439930031493103,0.25805161106208563,19.758023565348587,0.7514337586631701,0.27303343057403334,20.85781605310227,130.93618714058516,0.07969848066568375,0.02730974555015564,-0.012542882496098856,-0.0005086364633249406,-1.099792487753619,0
14.39,1,0.7508398914864561,0.260541906445636,20.02842666461598,0.7582315873932378,0.2756546851506326,21.128219152369603,131.29624456404986,0.07969581335783005,0.030781792476773262,-0.012542882496098856,-0.0005086364633249406,-1.099792487753619,0
14.49,1,0.757796288478761,0.26310800577276916,20.504365964643117,0.7651374496376137,0.2783538315958938,21.60415845239673,131.55682972033415,0.07945069670677185,0.04211341589689255,-0.012542882496098856,-0.0005086364633249406,-1.099792487753619,0
14.59,1,0.765188632280221,0.26587420439124987,20.69276401451616,0.7724753377117007,0.28126140795568927,21.79255650226978,131.69973321983613,0.07975395768880844,0.04440604895353317,-0.012542882496098856,-0.0005086364633249406,-1.099792487753619,0
14.69,1,0.7723683606948444,0.26861039169625983,20.94421837167621,0.7796012255983956,0.28413489762890914,22.04401085942983,131.97064820801603,0.07991979271173477,-0.0033230967819690704,-0.012542882496098856,-0.0005086364633249406,-1.099792487753619,0
14.79,1,0.7794387310359893,0.2713368075345115,21.186279309412946,0.7866179631091633,0.2869965186361349,22.286071797166564,132.1620142247164,0.08000607043504715,-0.02366592362523079,-0.012542882496098856,-0.0005086364633249406,-1.099792487753619,0
14.88,1,0.786866146333775,0.2742092626781195,21.116986361462878,0.7939888767500081,0.2900110051026882,22.21677884921649,132.18003676597183,0.08000607043504715,-0.02366592362523079,-0.012542882496098856,-0.0005086364633249406,-1.099792487753619,0
14.99,1,0.7941671175689611,0.2770186567616823,20.975924138526075,0.8012345800042874,0.29296001518145975,22.075716626279696,132.08974838985225,0.07963176816701889,-0.13843096792697906,-0.012542882496098856,-0.0005086364633249406,-1.099792487753619,0
15.09,1,0.8005721166911661,0.2794232855027481,20.04995102224922,0.807592245193746,0.2954871373543184,21.149743510002835,131.64783963863655,0.0797620341181755,-0.06844545900821686,0.0009728316491922187,-0.010388142442034305,-0.4999056762516391,0
15.19,1,0.8168784916993114,0.2801912337156953,20.2247724065005,0.8133393316928217,0.2976870025236403,20.724678082752135,131.22307432469557,0.07997456938028336,-0.053065232932567596,0.0009728316491922187,-0.010388142442034305,-0.4999056762516391,0
15.29,1,0.8235555544788746,0.2826233650664678,19.765823895141164,0.8199949202494075,0.3001772979348484,20.26572957139281,130.81458067113502,0.08001668006181717,-0.026791047304868698,0.0009728316491922187,-0.010388142442034305,-0.4999056762516391,0
15.39,1,0.8305947420645926,0.28514144218125387,19.615862857303462,0.8270118699614698,0.30275669533760036,20.1157685335551,130.61458253122876,0.0800272598862648,0.001224965788424015,0.0009728316491922187,-0.010388142442034305,-0.4999056762516391,0
15.49,1,0.837975452838983,0.2877492067530035,19.478819296806186,0.8343695473498204,0.3054287565355955,19.97872497305783,130.47247002997915,0.08001477271318436,0.03588484600186348,0.0009728316491922187,-0.010388142442034305,-0.4999056762516391,0
15.59,1,0.845561306218657,0.29042907789475914,19.48902641774529,0.8419317304133581,0.3081747114055573,19.988932093996926,130.47661687063993,0.08000528812408447,0.016439566388726234,0.0009728316491922187,-0.010388142442034305,-0.4999056762516391,0
15.68,1,0.8529753724006252,0.29306064008034755,19.583745295070273,0.8493225543081475,0.3108708603338316,20.083650971321912,130.63579456938163,0.08000021427869797,-0.0009678918868303299,0.0009728316491922187,-0.010388142442034305,-0.4999056762516391,0
15.79,1,0.8604984685466058,0.2957378331271411,19.584733939024595,0.8568220058927757,0.3136135896608496,20.08463961527623,130.69852458935358,0.07999885827302933,-0.06096789188683033,0.0009728316491922187,-0.010388142442034305,-0.4999056762516391,0
15.89,1,0.867954086973187,0.2983837088201566,19.455912963717317,0.864254255566825,0.31632441409047657,19.955818639968953,130.65602829366463,0.07999885827302933,-0.061673231422901154,0.0009728316491922187,-0.010388142442034305,-0.4999056762516391,0
15.99,1,0.8748936784047189,0.30080633145845836,18.980937267729058,0.8711724457453276,0.3188074916845669,19.4808429439807,130.4566824132367,0.07975710928440094,-0.020061638206243515,-0.0002714721993194364,-0.01687337242318867,-0.6998679467523495,0
16.09,1,0.8817705211990045,0.29366110359065495,18.58668946922734,0.8781831068408732,0.32128518448660665,19.286557415979683,130.1665369224249,0.07994570583105087,-0.039698660373687744,-0.0002714721993194364,-0.01687337242318867,-0.6998679467523495,0
16.19,1,0.8892721470739141,0.29617089578279426,18.503560581839295,0.8856535167288415,0.32388641952415737,19.203428528591648,130.0660725541237,0.08128539472818375,0.03530133962631225,-0.0002714721993194364,-0.01687337242318867,-0.6998679467523495,0
16.29,1,0.8965314863082833,0.29856935525527306,18.24293339739975,0.8928830179467349,0.3263733706899937,18.942801344152098,129.91655032185344,0.08045278489589691,0.015660423785448074,-0.0002714721993194364,-0.01687337242318867,-0.6998679467523495,0
16.39,1,0.9038773844653497,0.30100984474780224,18.366196469472314,0.9001985582459126,0.32890340603129703,19.06606441622466,130.03364838427458,0.08206085860729218,-0.03256484121084213,-0.0002714721993194364,-0.01687337242318867,-0.6998679467523495,0
16.49,1,0.911495698528702,0.30354940729501034,18.346691267433627,0.9077852839812857,0.33153583451376,19.046559214185976,130.10825772094034,0.08077825605869293,-0.059640418738126755,-0.0002714721993194364,-0.01687337242318867,-0.6998679467523495,0
16.59,1,0.9188508756271897,0.305967231327645,18.141076999439427,0.9151103793813631,0.3340433194255125,18.84094494619178,130.00383258713558,0.08409816771745682,-0.1049237996339798,-0.0002714721993194364,-0.01687337242318867,-0.6998679467523495,0
16.68,1,0.9257945130521811,0.30820174381434334,17.614325670793892,0.9220262049045546,0.3363624796346668,18.31419361754625,129.674612984286,0.08378011733293533,-0.03516700491309166,-0.0002714721993194364,-0.01687337242318867,-0.6998679467523495,0
16.79,1,0.9322453764404388,0.31021288671156394,17.1167831208077,0.9284520215447178,0.33845226783302745,17.81665106756005,129.36264512179815,0.08225472271442413,-0.09516700491309166,-0.0002714721993194364,-0.01687337242318867,-0.6998679467523495,0
16.89,1,0.9395569244308297,0.31244018016097336,16.64828113427864,0.9357358183647244,0.3407687034592498,17.34814908103099,129.0618376947387,0.08225472271442413,-0.1720031201839447,-0.0002714721993194364,-0.01687337242318867,-0.6998679467523495,0
16.98,1,0.9456317067086224,0.3142383927704125,16.147661034332298,0.9417881828296812,0.34264098353836653,16.847528981084647,128.65352854215257,0.08484844863414764,-0.1604113107919693,-0.0002714721993192345,-0.006873372423189176,-0.6998679467523211,0
17.09,1,0.9517058366189377,0.32595589217250226,15.435655787300792,0.9478408808631392,0.344432548463045,16.135523734053113,127.99726374457039,0.08306673169136047,-0.15091000497341156,-0.0002714721993192345,-0.006873372423189176,-0.6998679467523211,0
17.18,1,0.9564685533586393,0.327235270775877,14.732609081676989,0.9525876150727458,0.34577000676024877,15.432477028429311,127.48420263964294,0.08306673169136047,-0.15091000497341156,-0.0002714721993192345,-0.006873372423189176,-0.6998679467523211,0
17.29,1,0.9630501511665175,0.32893020904149994,13.973931475788529,0.9591480187229817,0.3475452107977923,14.67379942254085,126.72428482017544,0.08130401372909546,-0.2035781443119049,0.0010364376703011881,-0.010714819607118968,-0.499905676251653,0
17.39,1,0.9686618356843827,0.32978847236634823,13.134014505303693,0.9646177141745116,0.34893275602530954,13.633920181555345,126.16393388374661,0.07646840065717697,-0.2635781443119049,0.0010364376703011881,-0.010714819607118968,-0.499905676251653,0
17.49,1,0.9734903365326502,0.3308778666483569,12.170328264176392,0.9694365263931067,0.3500642369775622,12.670233940428043,125.22565852834737,0.07841198891401291,-0.22811712622642516,0.0010364376703011881,-0.010714819607118968,-0.499905676251653,0
17.59,1,0.9785316061359344,0.33190967702358437,11.007439274783282,0.9744686016814049,0.35113999259865947,11.507344951034932,124.49776988373507,0.08169232308864594,-0.07811712622642515,0.012350081026115924,-0.014615863972667975,-0.2999434057510187,0
17.69,1,0.9940533348123759,0.33245353649396026,10.580117143925927,0.9798729019050471,0.35220383778002357,10.880060549676948,123.61160272694161,0.08213020861148834,-0.0063109733164310455,0.012350081026115924,-0.014615863972667975,-0.2999434057510187,0
17.79,1,1.0015473988700843,0.3338187590759865,10.078971305885721,0.9873597163671608,0.35360827290112795,10.37891471163674,123.32494337268105,0.08232748508453369,-0.008054051548242569,0.0023500810261156573,-0.0146158639726677,-0.2999434057510361,0
17.89,1,0.9995960017647545,0.3352536523591823,9.997825221914535,0.9954006973431687,0.35508528076628526,10.29776862766557,123.18389147646663,0.0833699181675911,-0.04479676112532616,0.0023500810261156573,-0.0146158639726677,-0.2999434057510361,0
17.99,1,1.0076568512909085,0.3366731985366172,9.875506808539575,1.0034540051245815,0.3565470058467996,10.175450214290608,123.11197372509501,0.08188368380069733,-0.08274391293525696,0.0023500810261156573,-0.0146158639726677,-0.2999434057510361,0
18.09,1,1.0148632211210873,0.33790467981057404,9.524172274868926,1.0106538294338694,0.3578161954200336,9.82411568061996,122.83686714730462,0.08257628232240677,-0.08710481226444244,0.0023500810261156573,-0.0146158639726677,-0.2999434057510361,0
18.19,1,1.0217097944229947,0.3390176698639741,8.950558966341507,1.0174944824437333,0.358965011870124,9.25050237209254,122.55010563935232,0.08151094615459442,-0.11191074550151825,0.0023500810261156573,-0.0146158639726677,-0.2999434057510361,0
18.29,1,1.0284823573659443,0.3400411146849759,8.337967123880372,1.0242615948759226,0.36002389687235736,8.637910529631412,122.05661092154574,0.08140230178833008,-0.09007002413272858,0.0023500810261156573,-0.0146158639726677,-0.2999434057510361,0
18.39,1,1.0349646290860546,0.3409612722747344,7.644545520784621,1.030738960769198,0.3609779763910388,7.944488926535657,121.67805054436914,0.08209192752838135,-0.06202767416834831,0.0023500810261156573,-0.0146158639726677,-0.2999434057510361,0
18.48,1,1.041708383731836,0.34183862306781576,7.106713866070782,1.03747803009771,0.3618906185564703,7.406657271821816,121.18960308311316,0.08209192752838135,-0.06202767416834831,0.0023500810261156573,-0.0146158639726677,-0.2999434057510361,0
18.59,1,1.0489258442919709,0.34272378110509644,6.690054597457496,1.0446907579788458,0.3628135476982565,6.989998003208532,120.93429331942345,0.08065613359212875,-0.042151954025030136,-0.008953738244816052,-0.010473729970262526,-0.4999056762516668,0
18.69,1,1.0462300343577113,0.34401543632738113,6.141877515042282,1.0520507308608475,0.36368203513681757,6.641783191293948,120.61994686902501,0.0805148184299469,-0.02746988832950592,-0.008953738244816052,-0.010473729970262526,-0.4999056762516668,0
18.79,1,1.0539547115123522,0.34482161746975304,5.7695620218411765,1.0597680801531915,0.3645555825469232,6.269467698092843,120.44433351858237,0.08072329312562943,-0.01014847680926323,-0.008953738244816052,-0.010473729970262526,-0.4999056762516668,0
18.89,1,1.061817267546084,0.34560883494295186,5.597812483960239,1.067623468532516,0.36541136998761886,6.0977181602119055,120.25947957571455,0.08086815476417542,-0.003278777003288269,-0.008953738244816052,-0.010473729970262526,-0.4999056762516668,0
18.99,1,1.0698804674290265,0.346389089879461,5.472445190731095,1.075679553871393,0.3662619457520101,5.972350866982764,120.19602739483112,0.08109293133020401,0.007050920277833939,-0.008953738244816052,-0.010473729970262526,-0.4999056762516668,0
19.09,1,1.078071338111934,0.3471687147403375,5.43419063626119,1.0838633106480955,0.36711300537834773,5.934096312512856,120.14729433733474,0.08111921697854996,0.0043879225850105286,-0.008953738244816052,-0.010473729970262526,-0.4999056762516668,0
19.19,1,1.0861436155377369,0.34793150291867536,5.39025672576968,1.0919286255798495,0.3679461942499541,5.8901624020213434,120.14555597955788,0.08130838721990585,-7.187947630882263e-05,-0.008953738244816052,-0.010473729970262526,-0.4999056762516668,0
19.29,1,1.094165169270463,0.3486855474664894,5.327654491850408,1.0999432950364092,0.3687701972652347,5.827560168102077,120.14022120448729,0.08130838721990585,-7.187947630882263e-05,-0.008953738244816052,-0.010473729970262526,-0.4999056762516668,0
19.39,1,1.1022949447920596,0.34944040952440864,5.280047985844186,1.1080661750299543,0.3695959619826317,5.779953662095854,120.12589946331741,0.08124781399965286,0.0003158971667289734,-0.008953738244816052,-0.010473729970262526,-0.4999056762516668,0
19.48,1,1.1105038433331127,0.35019558811138224,5.231864626746242,1.1162681722696497,0.3704227335566212,5.7317703029979095,120.09631482272059,0.08124781399965286,0.0003158971667289734,-0.008953738244816052,-0.010473729970262526,-0.4999056762516668,0
19.59,1,1.1186096975452124,0.35093393710034754,5.1773714588177375,1.1243672759389034,0.3712317771228169,5.677277135069406,120.07841345224159,0.08073125779628754,0.03177658095955849,-0.011534835069078162,-0.021623532474236463,-0.8998302172529559,0
19.69,1,1.1265594652741395,0.33257047158309727,4.748822664495113,1.1323915612719484,0.37202336075032205,5.648652881748069,120.0505045722579,0.08086103200912476,0.053181909024715424,-0.011534835069078162,-0.021623532474236463,-0.8998302172529559,0
19.79,1,1.1343464701610697,0.3332219521592863,4.845384743839073,1.1401673747759629,0.37279705086982134,5.74521496109203,120.14232347074277,0.08093404769897461,0.10794709622859955,-0.011534835069078162,-0.021623532474236463,-0.8998302172529559,0
19.88,1,1.141856640918665,0.3338807911504561,5.176151748135605,1.147666272730941,0.37357375099557477,6.075981965388561,120.40872128328587,0.08093404769897461,0.10794709622859955,-0.011534835069078162,-0.021623532474236463,-0.8998302172529559,0
19.99,1,1.148441796347582,0.33450128834101384,5.6625244489742945,1.1542408715642616,0.3742975872805088,6.562354666227251,120.72826837090318,0.08097101747989655,0.09641262888908386,-0.011534835069078162,-0.021623532474236463,-0.8998302172529559,0
20.09,1,1.1550487309769915,0.3351869751406234,6.1740820255474,1.160836223151518,0.37508694716353164,7.073912242800358,121.22237407184633,0.08096031099557877,0.07960686087608337,-0.011534835069078162,-0.021623532474236463,-0.8998302172529559,0
20.19,1,1.161738543116793,0.3359297062700486,6.53316653199007,1.167513546184258,0.3759346458794033,7.432996749243029,121.54769818082632,0.08123655617237091,0.07547502219676971,-0.011534835069078162,-0.021623532474236463,-0.8998302172529559,0
20.28,1,1.168630736846265,0.3367452607835775,6.943548171542087,1.1743920822045397,0.3768583372709379,7.843378388795043,121.9717179657381,0.08118847012519836,0.057245884090662,-0.011534835069078162,-0.021623532474236463,-0.8998302172529559,0
20.39,1,1.1756827484566312,0.3376194562802948,7.293387886034032,1.181429495478036,0.37784317225064007,8.193218103286988,122.23776644220277,0.08116678148508072,0.05561574921011925,-0.011534835069078162,-0.021623532474236463,-0.8998302172529559,0
20.49,1,1.1800437535077952,0.3381854125309593,7.487784504550845,1.1857810747482522,0.37847754547593093,8.387614721803804,122.46084839937969,0.08116678148508072,0.05561574921011925,-0.011534835069078162,-0.021623532474236463,-0.8998302172529559,0
20.58,1,1.1903397325327654,0.33956414265803103,7.850864614708229,1.196054131996472,0.38001779728025487,8.750694831961185,122.76538991765983,0.08018627017736435,-0.016675587743520737,-0.021534835069078155,-0.02162353247423562,-0.8998302172529845,0
20.68,1,1.1878527856314516,0.3406062474823942,7.900278838951931,1.2035498929946102,0.3811777612397902,8.800109056204915,122.93275109070545,0.07997528463602066,-0.005975164473056793,-0.021534835069078155,-0.02162353247423562,-0.8998302172529845,0
20.79,1,1.1958442357197914,0.3417158532765294,7.840923121792103,1.2115229319268659,0.38241273076068605,8.740753339045087,122.89392832694494,0.07884722948074341,-0.03024253621697426,-0.021534835069078155,-0.02162353247423562,-0.8998302172529845,0
20.89,1,1.2038698308104938,0.3428265939794362,7.827653526818489,1.2195300938276794,0.3836493712756139,8.727483744071469,122.81379677669895,0.07808759808540344,-0.007368642836809158,-0.021534835069078155,-0.02162353247423562,-0.8998302172529845,0
20.99,1,1.2116902903040794,0.343889029674764,7.6684480967372615,1.227332904027857,0.38483449121786434,8.568278313990247,122.70968935073144,0.07807528972625732,-0.013701654970645905,-0.021534835069078155,-0.02162353247423562,-0.8998302172529845,0
21.09,1,1.2194390198297733,0.34492888267631416,7.638997809729516,1.2350643477525798,0.3859959047784195,8.538828026982502,122.65246719969002,0.07787227630615234,-0.009198058396577835,-0.021534835069078155,-0.02162353247423562,-0.8998302172529845,0
21.19,1,1.2271374029736168,0.3459557136508443,7.5650804218028975,1.2427456558067445,0.38714350726042007,8.46491063905588,122.61562318505457,0.07778755575418472,0.018716443330049515,-0.021534835069078155,-0.02162353247423562,-0.8998302172529845,0
21.29,1,1.2348919709770476,0.3469872538269668,7.608078281582598,1.250483067836754,0.3882967007102169,8.507908498835581,122.58975105724839,0.07815003395080566,-0.00649508461356163,-0.021534835069078155,-0.02162353247423562,-0.8998302172529845,0
21.39,1,1.242299835274888,0.347984090592056,7.719139714034845,1.2578743639116787,0.3894097502707714,8.618969931287827,122.64217748724468,0.07932168990373611,0.0054152049124240875,-0.021534835069078155,-0.02162353247423562,-0.8998302172529845,0
21.48,1,1.2500891767075997,0.3490364269997449,7.738725865206777,1.2656462184912847,0.39058428348178054,8.63855608245976,122.64334162613494,0.07910565286874771,-0.030291136354207993,-0.021534835069078155,-0.02162353247423562,-0.8998302172529845,0
21.59,1,1.2579799309176465,0.35010583834947906,7.665197850815071,1.2735192051909618,0.3917774821513333,8.565028068068056,122.65038881369925,0.07972061634063721,0.007174644619226456,-0.021534835069078155,-0.02162353247423562,-0.8998302172529845,0
21.68,1,1.26341859050512,0.3508322270342011,7.555648612282815,1.2789457866122733,0.3925891918947661,8.455478829535798,122.56236544065514,0.07972061634063721,0.007174644619226456,-0.021534835069078155,-0.02162353247423562,-0.8998302172529845,0
21.79,1,1.2737139282311911,0.3522074114340423,7.616780976545372,1.2892182583240368,0.39412588833793694,8.51661119379836,122.56053965897111,0.08006808906793594,-0.07748246192932129,-0.010157055003255144,-0.016624918762111453,-0.6998679467523495,0
21.89,1,1.2916926191871143,0.362802513505497,7.646363942145,1.2971179625287534,0.3953008244767732,8.346231888897348,122.43898141492589,0.07895855605602264,-0.06354488432407379,-0.010157055003255144,-0.016624918762111453,-0.6998679467523495,0
21.99,1,1.2987179634518662,0.3637091629866264,7.158137827651926,1.3041317082394623,0.3962932187660687,7.858005774404275,122.19456769981828,0.07870213687419891,-0.12354488432407379,-0.010157055003255144,-0.016624918762111453,-0.6998679467523495,0
22.09,1,1.3058728596241176,0.36457962847259234,6.513560140611227,1.3112754381693255,0.3972510141968036,7.213428087363576,121.79468825959195,0.07878079265356064,-0.082967609167099,-0.010157055003255144,-0.016624918762111453,-0.6998679467523495,0
22.19,1,1.3122867990961016,0.3652761804331559,5.900992324062558,1.317680390976795,0.398025858515442,6.600860270814909,121.40254946258182,0.07818485051393509,-0.1127181351184845,-0.010157055003255144,-0.016624918762111453,-0.6998679467523495,0
22.29,1,1.3190930237277794,0.3659588635136013,5.392149710109255,1.3244777690827865,0.3987916266326773,6.092017656861604,120.88410844647436,0.07810024172067642,-0.12354612350463867,-0.010157055003255144,-0.016624918762111453,-0.6998679467523495,0
22.39,1,1.3254265256153093,0.36650984486420135,4.735084094684661,1.3308040684074043,0.3994199286805771,5.434952041437011,120.48812409642235,0.07975511252880096,-0.07478128373622894,-0.010157055003255144,-0.016624918762111453,-0.6998679467523495,0
22.48,1,1.3316898891159905,0.366999348532131,4.184478536343436,1.3370609855088698,0.39998590091308556,4.884346483095785,119.87291206824854,0.07975511252880096,-0.07478128373622894,-0.010157055003255144,-0.016624918762111453,-0.6998679467523495,0
22.58,1,1.3386686550268756,0.36747891581760495,3.6866808894294167,1.3440333730198497,0.40055067592754645,4.386548836181767,119.57352667357478,0.07968368381261826,-0.06547337770462036,-0.00015705500325531433,-0.016624918762110547,-0.6998679467523873,0
22.69,1,1.3557996725331725,0.3679259134755912,3.2917520490553622,1.351158398596046,0.40108474345127554,3.9916199958077487,119.16077505029651,0.07978492975234985,-0.03755057230591774,-0.00015705500325531433,-0.016624918762110547,-0.6998679467523873,0
22.78,1,1.3630810930266197,0.3683242091451281,3.0761948538861956,1.358434410818997,0.40157194974663213,3.776062800638582,118.90595374473898,0.07868321239948273,-0.063149094581604,-0.00015705500325531433,-0.016624918762110547,-0.6998679467523873,0
22.88,1,1.3695248712039323,0.36865804024102056,2.832816201338451,1.3648736306309457,0.40198446473109023,3.5326841480908384,118.61809704733177,0.07868321239948273,-0.063149094581604,-0.00015705500325531433,-0.016624918762110547,-0.6998679467523873,0
22.98,1,1.3778353402607266,0.36904715751901634,2.564492988742063,1.3731787267592372,0.40247506283525475,3.2643609354944503,118.38317166659863,0.07912247627973557,-0.0943635106086731,-0.00015705500325531433,-0.016624918762110547,-0.6998679467523873,0
23.09,1,1.3833144623916154,0.36926575198239614,1.9207559348151955,1.3786547700706728,0.40276056680351846,2.6206238815675835,117.93386960266056,0.07857003062963486,-0.08611653745174408,-0.00015705500325531433,-0.016624918762110547,-0.6998679467523873,0
23.19,1,1.3914506268711582,0.3695171044658843,1.493913417286019,1.386787257380333,0.403111281313265,2.193781364038405,117.59567208606835,0.07916266471147537,-0.07582882046699524,-0.00015705500325531433,-0.016624918762110547,-0.6998679467523873,0
23.29,1,1.3980118019607095,0.36966112538286106,0.9900450405677681,1.3933461838201335,0.4033354342466844,1.6899129873201553,117.11326578997738,0.07916266471147537,-0.07582882046699524,-0.00015705500325531433,-0.016624918762110547,-0.6998679467523873,0
23.39,1,1.4053398434187883,0.3697771807377734,0.7667096393141873,1.4006722610094007,0.4035409907440821,1.4665775860665748,116.80184419675682,0.07952241599559784,-0.09666827321052551,0.011212177490291072,-0.022019268171695385,-0.4999056762517238,0
23.48,1,1.4223835484457734,0.369373855306184,0.5691612335325908,1.407702796469382,0.4036905400457481,1.0690669097843144,116.3492831585256,0.07952241599559784,-0.09666827321052551,0.011212177490291072,-0.022019268171695385,-0.4999056762517238,0
23.59,1,1.4290467550791948,0.3694212795573374,0.1686848133360521,1.414365335712686,0.40379609823207935,0.6685904895877758,116.00230766538171,0.07993471622467041,-0.15269675850868225,0.011212177490291072,-0.022019268171695385,-0.4999056762517238,0
23.69,1,1.4353334169780294,0.3694092138503292,-0.48417207062648365,1.4206518635969634,0.40383888341346363,0.015733605625240017,115.36209438198429,0.08000220358371735,-0.17170560359954834,0.011212177490291072,-0.022019268171695385,-0.4999056762517238,0
23.79,1,1.4411780013290048,0.3693450822019239,-0.7878482005498908,1.4264967850295647,0.4038257475575468,-0.2879425242981671,114.84843580855433,0.0800243690609932,-0.16321031749248505,0.011212177490291072,-0.022019268171695385,-0.4999056762517238,0
23.89,1,1.446964585848672,0.3692308520966744,-1.4726944751789148,1.4322841459419706,0.4037620091095542,-0.9727887989271913,114.03961184285951,0.08001629263162613,-0.13246823847293854,0.011212177490291072,-0.022019268171695385,-0.4999056762517238,0
23.98,1,1.452846299457783,0.3690336919073503,-2.2504136155458165,1.4381673558787662,0.4036161737247939,-1.7505079392940934,113.509913966097,0.07980971783399582,-0.09087058901786804,0.011212177490291072,-0.022019268171695385,-0.4999056762517238,0
24.09,1,1.4589811737627245,0.36877220309018,-2.6114579187978473,1.4443042781356017,0.40340822095974693,-2.1115522425461237,112.83159647228605,0.07995718717575073,-0.10600775480270386,0.021212177490291566,-0.012019268171695786,-0.4999056762517079,0
24.19,1,1.4757362584300764,0.37844129444033087,-3.1615319072942016,1.451061992828402,0.4031362622710739,-2.6616262310424945,112.47720753676231,0.07978298515081406,-0.05767110362648964,0.021212177490291566,-0.012019268171695786,-0.4999056762517079,0
24.29,1,1.482317996280121,0.37806548224849695,-3.349521367546012,1.457646759080354,0.4028178893177686,-2.8496156912943054,111.93033248010192,0.0801975429058075,-0.07884238660335541,0.021212177490291566,-0.012019268171695786,-0.4999056762517079,0
24.39,1,1.4895864311254063,0.3776219857904762,-3.7125837568556492,1.4649187867278233,0.40243782602978045,-3.2126780806039403,111.65616870162245,0.079762302339077,-0.07650825381278992,0.021212177490291566,-0.012019268171695786,-0.4999056762517079,0
24.48,1,1.4965452196148998,0.37715171214429777,-3.9410533185030685,1.4718814134334397,0.40202828494266657,-3.441147642251361,111.20799721603582,0.07977684587240219,-0.0888499766588211,0.021212177490291566,-0.012019268171695786,-0.4999056762517079,0
24.58,1,1.50350431463503,0.3766410785437358,-4.421853799200378,1.4788446987941597,0.40157838811181856,-3.9219481229486717,110.90440797238473,0.07923949509859085,-0.1258016675710678,0.021212177490291566,-0.012019268171695786,-0.4999056762517079,0
24.68,1,1.5102629441780462,0.3760981434189356,-4.803337635677087,1.4856078081352202,0.4010944419471149,-4.303431959425378,110.37557100581412,0.07923949509859085,-0.1258016675710678,0.021212177490291566,-0.012019268171695786,-0.4999056762517079,0
24.79,1,1.5161760747859336,0.3755755576973695,-5.405101272836325,1.491525273176725,0.4006234675264816,-4.9051955965846155,109.93618538420391,0.07951317727565765,-0.1674182415008545,0.021212177490291566,-0.012019268171695786,-0.4999056762517079,0
24.89,1,1.5225536535317883,0.37493740090995115,-5.963658897929676,1.4979081770228626,0.4000409786975178,-5.463753221677967,109.19574513944215,0.08062473684549332,-0.12691618502140045,0.00991469624246204,-0.006282518405398371,-0.6998679467523573,0
24.98,1,1.5180792243872068,0.3748232789956003,-6.551652263368359,1.5033969242239569,0.39949913767198303,-5.851784316616003,108.66243462496922,0.08021369576454163,-0.09863881766796112,0.00991469624246204,-0.006282518405398371,-0.6998679467523573,0
25.09,1,1.5242370534443748,0.374078912211301,-7.261601686259014,1.5095633861077864,0.3988300424305234,-6.561733739506653,107.98650019183029,0.08021369576454163,-0.09863881766796112,0.00991469624246204,-0.006282518405398371,-0.6998679467523573,0
25.19,1,1.5309379042587423,0.3732076797825927,-7.5573992748097165,1.5162743788635167,0.3980407238549268,-6.857531328057358,107.60182292634492,0.0803920105099678,-0.0698816180229187,0.00991469624246204,-0.006282518405398371,-0.6998679467523573,0
25.28,1,1.5378882926098372,0.3722687674546642,-7.9581128759059725,1.5232357172293394,0.39718677845439065,-7.258244929153619,107.13463629208593,0.08024824410676956,-0.07856990396976471,0.00991469624246204,-0.006282518405398371,-0.6998679467523573,0
25.38,1,1.544892848309835,0.37127642892302337,-8.193934551672067,1.5302518714879119,0.39628007247356695,-7.494066604919708,106.83234424049743,0.08000153303146362,-0.0925690233707428,0.00991469624246204,-0.006282518405398371,-0.6998679467523573,0
25.48,1,1.551850841326656,0.3702477744169826,-8.6228284036359,1.5372219101255822,0.395336484478563,-7.922960456883541,106.35779626535191,0.08101614564657211,-0.06418924033641815,0.00991469624246204,-0.006282518405398371,-0.6998679467523573,0
25.59,1,1.5585548390972401,0.36921861243655035,-8.76993462011872,1.5439379786642609,0.3943892865722463,-8.070066673366364,106.01705359112364,0.08105466514825821,-0.05137472227215767,0.009914696242461597,-0.006282518405398367,-0.6998679467523599,0
25.69,1,1.5655995082309089,0.3681089659811295,-9.129094417532981,1.550995676244611,0.3933657713924776,-8.429226470780621,105.61393567734521,0.08089486509561539,-0.05147888883948326,0.009914696242461597,-0.006282518405398367,-0.6998679467523599,0
25.79,1,1.572918270847315,0.3669290653220416,-9.307573804622008,1.5583283049934835,0.39227535521879275,-8.607705857869648,105.3706165461335,0.08075088262557983,-0.06151251122355461,0.009914696242461597,-0.006282518405398367,-0.6998679467523599,0
25.88,1,1.5803331660126179,0.3657024732732909,-9.4811366054182,1.565757629440696,0.3911394253686087,-8.781268658665843,105.03378430154056,0.08078368008136749,-0.060891781002283096,0.009914696242461597,-0.006282518405398367,-0.6998679467523599,0
25.99,1,1.5874795307049456,0.3644955234285046,-9.745223358807799,1.5729182035243388,0.3900198562388782,-9.045355412055441,104.7810120509162,0.08054502308368683,-0.05800316855311394,0.009914696242461597,-0.006282518405398367,-0.6998679467523599,0
26.09,1,1.5946139125966636,0.3632572811217552,-9.862715171405831,1.5800671779292321,0.3888688506154011,-9.162847224653472,104.41130931467902,0.08082567155361176,-0.04766097292304039,0.009914696242461597,-0.006282518405398367,-0.6998679467523599,0
26.18,1,1.6018921989056598,0.3619635779275527,-10.258687167965483,1.5873607234537133,0.3876641459907193,-9.558819221213122,104.17509484304969,0.08115669339895248,-0.04091314598917961,0.009914696242461597,-0.006282518405398367,-0.6998679467523599,0
26.28,1,1.6092799368180324,0.3606220916375941,-10.373748056058032,1.5947642960722428,0.38641299875309343,-9.673880109305673,103.85155570457552,0.08135348558425903,-0.04796813800930977,0.009914696242461597,-0.006282518405398367,-0.6998679467523599,0
26.38,1,1.6167796980349174,0.3592385645749908,-10.531162005868897,1.6022803971533686,0.38512118220979313,-9.831294059116543,103.6666808253168,0.08060261607170105,-0.07458905875682831,0.009914696242461597,-0.006282518405398367,-0.6998679467523599,0
26.48,1,1.6242288214316007,0.35784206903513416,-10.800522462257554,1.6097460225979956,0.383815779631124,-10.100654515505195,103.33757134480174,0.08079778403043747,-0.08272659778594971,0.009914696242461597,-0.006282518405398367,-0.6998679467523599,0
26.59,1,1.6311136915107713,0.3565071139387871,-11.078567803518895,1.6166466851218155,0.3825650207220352,-10.378699856766534,103.05811324597761,0.08093296736478806,-0.06769205629825592,0.009914696242461597,-0.006282518405398367,-0.6998679467523599,0
26.69,1,1.6379500379400616,0.35513835162462465,-11.532516670343204,1.6234992405606221,0.3812798644155795,-10.832648723590841,102.61050373616632,0.08098937571048737,-0.06749337911605835,0.009914696242461597,-0.006282518405398367,-0.6998679467523599,0
26.78,1,1.6449764388552823,0.3536885124077174,-11.801242929388708,1.6305428266366186,0.37991595871270845,-11.101374982636353,102.33321351918758,0.08098937571048737,-0.06749337911605835,0.009914696242461597,-0.006282518405398367,-0.6998679467523599,0
26.89,1,1.6520698821115531,0.35218683119848054,-12.185577637391727,1.6376540832863495,0.378501033786865,-11.485709690639359,101.92121030130919,0.08061710745096207,-0.01680075377225876,0.00991469624246183,-0.016282518405399137,-0.6998679467523341,0
26.99,1,1.6592252613804246,0.34063394342786035,-12.406178032875625,1.6448278968007115,0.37703566264934,-11.706310086123295,101.65559399262689,0.08014745265245438,-0.004529781639575958,0.00991469624246183,-0.016282518405399137,-0.6998679467523341,0
27.09,1,1.6670463310256147,0.3389108829532444,-12.396905477381065,1.6526694296373239,0.37540826270881356,-11.69703753062873,101.48335955364071,0.07999292761087418,-0.02360868826508522,0.00991469624246183,-0.016282518405399137,-0.6998679467523341,0
27.19,1,1.6748551037962052,0.33718253149461724,-12.519623018466033,1.660498731144473,0.3737754219764069,-11.819755071713697,101.41827630775383,0.0799434557557106,-0.03623652085661888,0.00991469624246183,-0.016282518405399137,-0.6998679467523341,0
27.28,1,1.6826428468352714,0.33544286403256995,-12.654715625259966,1.6683071427105063,0.37213100921299597,-11.954847678507628,101.24248262988493,0.07996223121881485,-0.04430408403277397,0.00991469624246183,-0.016282518405399137,-0.6998679467523341,0
27.39,1,1.690168532717791,0.33374742496259,-12.786159654513412,1.675852976433655,0.3705276205935522,-12.086291707761081,101.08509035748669,0.07993897795677185,-0.053703468292951584,0.00991469624246183,-0.016282518405399137,-0.6998679467523341,0
27.48,1,1.6976080118756283,0.3320430188165896,-13.056053590333223,1.683312719393441,0.3689142125780953,-12.356185643580888,100.81067193009639,0.08026371151208878,-0.04964433237910271,0.00991469624246183,-0.016282518405399137,-0.6998679467523341,0
27.59,1,1.7048580237082103,0.33035146681182503,-13.294436373016687,1.6905828521532178,0.36731134345910116,-12.594568426264352,100.58389246114021,0.08057516068220139,-0.046469803899526596,0.00991469624246183,-0.016282518405399137,-0.6998679467523341,0
27.69,1,1.7121863600166363,0.32860059899107447,-13.531881488329587,1.697932028070336,0.3656501196588914,-12.832013541577252,100.26732624683946,0.08021268993616104,-0.040777962654829025,0.00991469624246183,-0.016282518405399137,-0.6998679467523341,0
27.78,1,1.7195529904859774,0.3268056893068509,-13.810453100915579,1.7053200332495257,0.36394532503237137,-13.110585154163239,100.07502557034435,0.08021268993616104,-0.040777962654829025,0.00991469624246183,-0.016282518405399137,-0.6998679467523341,0
27.89,1,1.7269689682241247,0.32497139973486294,-14.016428638414457,1.7127578630294746,0.3622017562178115,-13.316560691662119,99.7966329706676,0.08116395771503448,-0.04211368039250374,0.00991469624246183,-0.016282518405399137,-0.6998679467523341,0
27.99,1,1.734358209837611,0.3231155255126759,-14.237816452423608,1.720169222329281,0.3604362777896731,-13.53794850567127,99.60894263886145,0.08116395771503448,-0.04211368039250374,-8.530375753844455e-05,-0.016282518405399876,-0.69986794675231,0
28.08,1,1.7414293216123535,0.3213148783602393,-14.408849033645858,1.727261800941644,0.35872213645187895,-13.708981086893527,99.33427191702594,0.08112292736768723,-0.05830724164843559,-8.530375753844455e-05,-0.016282518405399876,-0.69986794675231,0
28.19,1,1.7388257080657563,0.3193916296777499,-14.69916168637368,1.7346811275069145,0.35688937586176944,-13.999293739621368,99.09541260186802,0.08078320324420929,-0.03289702907204628,-8.530375753844455e-05,-0.016282518405399876,-0.69986794675231,0
28.29,1,1.7456289946112908,0.3175881136100638,-14.893610177922731,1.7415059359133447,0.3551690944189321,-14.193742231170418,98.76194437066134,0.08087918162345886,-0.026304297149181366,-8.530375753844455e-05,-0.016282518405399876,-0.69986794675231,0
28.39,1,1.753267483471639,0.31553798560923163,-15.106808056114499,1.7491688966165246,0.35321242118331475,-14.406940109362184,98.61245943267356,0.08051731437444687,-0.032927509397268295,-8.530375753844455e-05,-0.016282518405399876,-0.69986794675231,0
28.48,1,1.7608270882507635,0.31349493633577696,-15.159943091241223,1.7567528926589009,0.35126186260189585,-14.460075144488911,98.40960052109448,0.0803719013929367,-0.04840732738375664,-8.530375753844455e-05,-0.016282518405399876,-0.69986794675231,0
28.59,1,1.7683040731142223,0.31146005245190334,-15.34975095812935,1.764254175211484,0.34931845962372854,-14.64988301137704,98.2506913992816,0.08103930205106735,-0.044458936899900436,-8.530375753844455e-05,-0.016282518405399876,-0.69986794675231,0
28.68,1,1.7756415782312236,0.3094368154282282,-15.506664869548343,1.771615846160244,0.3473849989341435,-14.806796922796032,97.96257227972322,0.08106622099876404,-0.03365490213036537,-8.530375753844455e-05,-0.016282518405399876,-0.69986794675231,0
28.79,1,1.7830137717615924,0.3073773420350314,-15.662888958875543,1.7790126455507873,0.34541572828678163,-14.963021012123237,97.78079223950694,0.08121665567159653,-0.027424532920122147,-8.530375753844455e-05,-0.016282518405399876,-0.69986794675231,0
28.88,1,1.7904529238784812,0.3052768429918852,-15.78903635451921,1.7864768996484457,0.3434062529288685,-15.089168407766904,97.63531962262917,0.08121665567159653,-0.027424532920122147,-8.530375753844455e-05,-0.016282518405399876,-0.69986794675231,0
28.99,1,1.798063439040013,0.303109211840245,-16.013696664560435,1.7941133240050027,0.3413317436182011,-15.313828717808136,97.4381667106481,0.08113183826208115,-0.040387172251939774,-8.530375753844455e-05,-0.016282518405399876,-0.69986794675231,0
29.08,1,1.805702154874769,0.3009155677851425,-16.132049055363474,1.8017782646706666,0.33923156780734814,-15.432181108611168,97.24377577368458,0.08113183826208115,-0.040387172251939774,-8.530375753844455e-05,-0.016282518405399876,-0.69986794675231,0
29.19,1,1.8129929528443525,0.29879509574338714,-16.283574916640372,1.8090944196526744,0.33720030884000957,-15.583706969888059,97.06489904504588,0.08072537183761597,-0.07771556079387665,0.008969631608145349,-0.009461683795421852,-0.8998302172529905,0
29.28,1,1.8197947929108524,0.2967919089418748,-16.53224147426621,1.8159202206053429,0.3352803538909169,-15.832373527513894,96.66327626709158,0.08076609671115875,-0.0702238380908966,0.008969631608145349,-0.009461683795421852,-0.8998302172529905,0
29.38,1,1.836630357421766,0.2952196846501767,-17.056325743038958,1.8226505127139343,0.3333460266196142,-16.156495525785967,96.37661890011475,0.0803024023771286,-0.08524766564369202,0.008969631608145349,-0.009461683795421852,-0.8998302172529905,0
29.49,1,1.843405089282002,0.2931229359247567,-17.352741367998288,1.829457337192705,0.3313559292574587,-16.452911150745297,95.94438164838098,0.0809989869594574,-0.07424205541610718,0.008969631608145349,-0.009461683795421852,-0.8998302172529905,0
29.59,1,1.850000550731089,0.29104428789802445,-17.674772376684636,1.8360846291083417,0.32938111503572337,-16.774942159431642,95.62426702959834,0.08054472506046295,-0.07367359101772308,0.008969631608145349,-0.009461683795421852,-0.8998302172529905,0
29.69,1,1.856740206219189,0.2888837034031775,-17.96836217902504,1.8428573840401752,0.32732663892465097,-17.068531961772052,95.19163605699383,0.08039616793394089,-0.08367323875427246,0.008969631608145349,-0.009461683795421852,-0.8998302172529905,0
29.79,1,1.8634492723396132,0.2866903557115197,-18.24332701658404,1.8496000679014988,0.32523892327088616,-17.34349679933105,94.89431196351458,0.0800599530339241,-0.14367323875427246,0.008969631608145349,-0.009461683795421852,-0.8998302172529905,0
29.89,1,1.869982308562624,0.2845132007174085,-18.61818360290339,1.8561664892777268,0.3231646338818729,-17.7183533856504,94.39858845331855,0.08107771724462509,-0.09245875775814057,0.008969631608145349,-0.009461683795421852,-0.8998302172529905,0
29.99,1,1.8757918127558588,0.2825224838029742,-19.107655760100698,1.8620065399611772,0.3212653969773882,-18.2078255428477,93.93459187200364,0.08067836612462997,-0.046543922275304794,0.008969631608145349,-0.009461683795421852,-0.8998302172529905,0
30.09,1,1.8824401290112793,0.2802050603898405,-19.38862598648242,1.8686904299783333,0.3190526668658764,-18.488795769229426,93.47811041138968,0.08039174228906631,-0.05198672041296959,0.008969631608145349,-0.009461683795421852,-0.8998302172529905,0
30.18,1,1.8895584844450835,0.27769429642403026,-19.525535266789724,1.875847337496743,0.31665400170647773,-18.625705049536734,93.25702323477446,0.08039174228906631,-0.05198672041296959,0.008969631608145349,-0.009461683795421852,-0.8998302172529905,0
30.3,1,1.89412160982618,0.27606981745382303,-19.670338514173555,1.8804354115422344,0.31510138400680454,-18.770508296920564,93.02720607183136,0.0806271955370903,-0.09245540201663971,0.008969631608145349,-0.009461683795421852,-0.8998302172529905,0
30.38,1,1.9028913005225496,0.27288591192686346,-20.25979371689462,1.8892540219325742,0.3120555934529439,-19.359963499641626,92.56101619091808,0.08076201379299164,-0.11177986860275269,0.018160489881339777,-0.0023896094445892894,-1.0997924877536496,0
30.48,1,1.9190200306600642,0.2710815242409227,-21.055132331340264,1.8952604114895193,0.30990551361555446,-19.95533984358661,91.95491552410135,0.08089068531990051,-0.09830832481384277,0.018160489881339777,-0.0023896094445892894,-1.0997924877536496,0
30.59,1,1.9251134054002865,0.2687068265849365,-21.544532753470847,1.9013982432407022,0.3076482085683146,-20.444740265717193,91.55449090685595,0.08133594691753387,-0.0987277626991272,0.018160489881339777,-0.0023896094445892894,-1.0997924877536496,0
30.69,1,1.931362397814361,0.2662115568571946,-22.073397650358547,1.9076939782369038,0.3052733405587301,-20.97360516260489,90.98338788128504,0.08184098452329636,-0.11272905766963959,0.018160489881339777,-0.0023896094445892894,-1.0997924877536496,0
30.79,1,1.9375397364778222,0.2636824371172231,-22.55804652054309,1.9139187223935141,0.30286325346342535,-21.458254032789437,90.60221099316833,0.08107475191354752,-0.12593603134155273,0.018160489881339777,-0.0023896094445892894,-1.0997924877536496,0
30.89,1,1.9432241101256036,0.26129461564866097,-23.080097219335634,1.9196478802938783,0.3005849767273789,-21.980304731581988,90.20437897857758,0.08107475191354752,-0.12593603134155273,0.018160489881339777,-0.0023896094445892894,-1.0997924877536496,0
30.98,1,1.949330302594968,0.258643377689271,-23.77637003377763,1.925803835278107,0.2980514283417378,-22.67657754602398,89.54883729456934,0.08112920820713043,-0.08807721734046936,0.028893243666749835,-0.009584203423475613,-0.899830217252979,0
31.08,1,1.9650275455253134,0.2555811598275284,-24.14913729410232,1.9317312850418396,0.2955384020596783,-23.24930707684934,88.92378803003278,0.08024481683969498,-0.14807721734046936,0.028893243666749835,-0.009584203423475613,-0.899830217252979,0
31.19,1,1.9712324196623339,0.2527476106726547,-25.113610556210553,1.9379798930478787,0.2928026458833702,-24.213780338957566,88.5610204780335,0.0802869200706482,-0.10874989628791809,0.028893243666749835,-0.009584203423475613,-0.899830217252979,0
31.29,1,1.9768065415294283,0.25009623446428775,-25.88284229430034,1.9435949656604636,0.2902391346306315,-24.98301207704737,87.8440080178547,0.08044159412384033,-0.11922498047351837,0.018893243666749618,-0.00958420342347555,-0.8998302172529805,0
31.39,1,1.972371531470717,0.24735733215079647,-26.645163498238716,1.9492022820143755,0.287587964655574,-25.745333280985744,87.40153585512681,0.08008461445569992,-0.0747980922460556,0.018893243666749618,-0.00958420342347555,-0.8998302172529805,0
31.49,1,1.978076480033209,0.24443497976445905,-27.454492221343777,1.954952420694617,0.28475556519070283,-26.554662004090797,86.75143176622905,0.08008461445569992,-0.0747980922460556,0.028893243666750047,-0.009584203423476548,-0.8998302172529553,0
31.59,1,1.994716757902376,0.24094342814600261,-27.9825567718912,1.961646712242279,0.28136872543084007,-27.08272655463824,86.4189592770573,0.07997649163007736,-0.05297700688242912,0.028893243666750047,-0.009584203423476548,-0.8998302172529553,0
31.68,1,2.000945162161867,0.2375991224933775,-28.45696849627284,1.9679268685700888,0.27812264526915376,-27.55713827901988,86.04777136620226,0.0799824520945549,-0.0719669833779335,0.028893243666750047,-0.009584203423476548,-0.8998302172529553,0
31.78,1,2.007492646742365,0.23401965939077168,-29.10960287788631,1.9745297588655457,0.2746464476077796,-28.20977266063335,85.8004749822733,0.07998917251825333,-0.10844188183546066,0.028893243666750047,-0.009584203423476548,-0.8998302172529553,0
31.89,1,2.013725078732333,0.23052237203150458,-29.669737221670935,1.980816344906068,0.27124746785821185,-28.76990700441798,85.32024481830143,0.07999686151742935,-0.10650071501731873,0.028893243666750047,-0.009584203423476548,-0.8998302172529553,0
31.98,1,2.019379559612408,0.2272376734832717,-30.603299565511843,1.9865217125401613,0.2680519743539573,-29.703469348258892,84.91593958969808,0.08000006526708603,-0.07481516152620316,0.028319009046500903,0.007792574368588494,-1.0997924877536431,0
32.09,1,2.025116328151441,0.23109949774930735,-31.298820370869407,1.9921495881171007,0.26479805194407807,-30.260610039789135,84.32402781963603,0.08000089973211288,-0.09900496155023575,0.028319009046500903,0.007792574368588494,-1.0997924877536431,0
32.19,1,2.031133305894205,0.23061195347980715,-32.30877802867153,1.9981685863465146,0.261219991392396,-31.208985540917883,84.00117004001044,0.08000067621469498,-0.0975087359547615,0.028319009046500903,0.007792574368588494,-1.0997924877536431,0
32.29,1,2.036765361889859,0.2270093470847532,-32.91955331864544,2.0038687525974135,0.2577261493398744,-31.81976083089179,83.42919993841437,0.08000030368566513,-0.11992017924785614,0.028319009046500903,0.007792574368588494,-1.0997924877536431,0
32.39,1,2.042396605492491,0.22330176822274267,-33.93246919445519,2.0095701214277213,0.25412733856532516,-32.832676706701534,83.04026318291797,0.08000006526708603,-0.06210382282733917,0.02882036203451691,0.00034966523574408434,-0.8998302172529985,0
32.48,1,2.047560303734794,0.21937922644994354,-34.48150132112017,2.014975168837697,0.2505846592883312,-33.52144347914353,82.40685140020868,0.07999996840953827,-0.05103762820363045,0.02882036203451691,0.00034966523574408434,-0.8998302172529985,0
32.58,1,2.0532530345195195,0.21527373139266986,-34.97152851844528,2.0208077737624315,0.24668996967756915,-34.071698301192285,82.10780301552921,0.07999996095895767,-0.06439676135778427,0.02882036203451691,0.00034966523574408434,-0.8998302172529985,0
32.68,1,2.059644572028936,0.2107634028956585,-35.39885703824567,2.0272693548584124,0.24228057236894668,-34.49902682099269,81.74093183673861,0.07978399842977524,-0.06387098133563995,0.02882036203451691,0.00034966523574408434,-0.8998302172529985,0
32.79,1,2.0655540676067026,0.2065015733678293,-36.132930047568365,2.033245050952744,0.23811207322703565,-35.233099830315375,81.47912633898135,0.0798206552863121,-0.06457970291376114,0.02882036203451691,0.00034966523574408434,-0.8998302172529985,0
32.89,1,2.071354928803703,0.20224651091492213,-36.57120542386488,2.039112019790665,0.23394863429270782,-35.671375206611884,81.06989846279517,0.0798206552863121,-0.06457970291376114,0.018412549008002096,-0.0021250092333811752,-1.0997924877536913,0
32.99,1,2.0698012721638763,0.19074450009795507,-37.407853646324305,2.0449037972376383,0.22973818046196548,-36.35840233018277,80.78314250655535,0.07965283840894699,-0.16911368072032928,0.018412549008002096,-0.0021250092333811752,-1.0997924877536913,0
33.09,1,2.0721872987928904,0.18454446123623827,-38.654312732031556,2.0498135063191296,0.22605486805433603,-37.55452024427786,80.06334115703262,0.07899216562509537,-0.09411368072032929,0.018412549008002096,-0.0021250092333811752,-1.0997924877536913,0
33.19,1,2.076678187653973,0.18086889233746226,-39.732116691349695,2.0543741160886495,0.22246617358107615,-38.632324203596,79.51230251412397,0.08134258538484573,-0.018793228268623355,0.028761513336087573,-0.009700385633006509,-0.8998302172530255,0
33.28,1,2.0886442234708342,0.1763500234614173,-40.12558215423221,2.059516779852372,0.2183118126541829,-39.167876803546115,78.9482566663398,0.08215652406215668,0.11620677173137664,0.028761513336087573,-0.009700385633006509,-0.8998302172530255,0
33.39,1,2.09721760355432,0.17142248852321945,-39.721953444764054,2.065356588383381,0.2135843054273112,-38.82212322751103,79.00561446452312,0.08225508034229279,0.1266927272081375,0.02876151333608835,0.00029961436699279354,-0.8998302172529993,0
33.49,1,2.1022093715297347,0.17734344704300745,-38.743750668980816,2.070411799482144,0.20958415947189776,-37.84392045172782,79.54365043989455,0.08219233900308609,0.09362289309501648,0.02876151333608835,0.00029961436699279354,-0.8998302172529993,0
33.59,1,2.1071588024222625,0.17343203004627375,-37.99710173395704,2.0754220462847743,0.20575095245179342,-37.097271516704055,79.95580430059309,0.0805215835571289,0.018622893095016482,0.02876151333608835,0.00029961436699279354,-0.8998302172529993,0
33.69,1,2.112488882845965,0.16929903449314848,-37.46673005496302,2.080816375424686,0.20170217205572508,-36.566899837710025,80.42642685868685,0.07659410685300827,0.005180370062589645,0.008058134259895466,0.013332286323313054,-1.4997170287549797,0
33.79,1,2.1188387346887354,0.16440175338806023,-37.729306701663134,2.087242352835635,0.19690521521191684,-36.82947648441013,80.45215353498804,0.08038605004549026,0.017575357109308243,0.008058134259895466,0.013332286323313054,-1.4997170287549797,0
33.89,1,2.1058268399845477,0.15074159642308743,-38.27045546723954,2.093453845955024,0.1922650672272449,-36.770738438484585,80.47467099836803,0.0815596655011177,0.07757535710930824,0.008058134259895466,0.013332286323313054,-1.4997170287549797,0
33.98,1,2.112144761013093,0.14577679080745246,-38.02661508200412,2.099899541754822,0.1874673149847416,-36.526898053249134,80.54298398858876,0.0832354873418808,0.16323089599609375,0.008058134259895466,0.013332286323313054,-1.4997170287549797,0
34.08,1,2.117564465484245,0.14157464212424886,-37.42242776447184,2.1054273684117017,0.18340845029595726,-35.92271073571686,80.95694397156062,0.08008793741464615,0.20158326625823975,0.008058134259895466,0.013332286323313054,-1.4997170287549797,0
34.18,1,2.1223509864563965,0.1379655139395631,-36.42061689106628,2.1103067079247597,0.1799258312833965,-34.92089986231131,81.40253389899935,0.07925278693437576,0.16168230772018433,0.008058134259895466,0.013332286323313054,-1.4997170287549797,0
34.29,1,2.12659151715709,0.13489442995578366,-35.37965469651931,2.114626162494147,0.17696678250347472,-33.87993766776434,82.24908525702969,0.0799676924943924,0.10819771885871887,0.008058134259895466,0.013332286323313054,-1.4997170287549797,0
34.39,1,2.1315996253918956,0.13137705864063576,-34.83613846197141,2.1197246119042634,0.17358168831385015,-33.33642143321643,82.79517424426093,0.07681593298912048,0.11213213205337524,-0.002047323291793731,0.021144872776269526,-1.6996792992556482,0
34.48,1,2.1298580324614673,0.1279812399650956,-34.25635201229483,2.1251688724580258,0.17004813975279048,-32.61068318152427,83.41198057554912,0.07845304906368256,0.07141673564910889,-0.002047323291793731,0.021144872776269526,-1.6996792992556482,0
34.59,1,2.1326090753778324,0.1244510952227694,-33.83379629695604,2.130653076053455,0.166576065151307,-32.134116997700396,83.81421509397224,0.0781221091747284,0.12945881485939026,-0.002047323291793731,0.021144872776269526,-1.6996792992556482,0
34.69,1,2.138460437657573,0.12056106902908671,-33.28121382279667,2.13661724458939,0.16286130567170726,-31.58153452354101,84.2837769072481,0.08122126013040543,0.09878624975681305,-0.002047323291793731,0.021144872776269526,-1.6996792992556482,0
34.79,1,2.1436067518097217,0.11720834842883394,-32.89487621803966,2.141860738367715,0.15966270319990208,-31.195196918784024,84.67548480522332,0.07965278625488281,0.11960776895284653,-0.002047323291793731,0.021144872776269526,-1.6996792992556482,0
34.89,1,2.1492244719747777,0.1136053821679413,-32.411959229576645,2.1475828532013996,0.15622794737741272,-30.712279930320985,85.2077821823373,0.08028478175401688,0.06781153380870819,0.008020099411776567,0.013225508541164556,-1.499717028754998,0
34.98,1,2.1617967048416804,0.10987354902051023,-31.85745126450426,2.1531700462373635,0.1529458104605749,-30.30311626248346,85.59344160906508,0.08028478175401688,0.06781153380870819,0.008020099411776567,0.013225508541164556,-1.499717028754998,0
35.08,1,2.1704116829891147,0.10609035693259782,-31.483383532548817,2.1592204056668822,0.14942717471937833,-29.983666503793817,85.99988980475592,0.08020945638418198,0.019586212933063507,0.008020099411776567,0.013225508541164556,-1.499717028754998,0
35.19,1,2.17708444982327,0.10201404581419087,-31.395855140905955,2.165997572033415,0.145526899652491,-29.89613811215094,86.15877578603352,0.08020945638418198,0.019586212933063507,0.008020099411776567,0.013225508541164556,-1.499717028754998,0
35.29,1,2.183957921125681,0.09783252362338056,-31.277147338818565,2.1729781277031077,0.1415267023924016,-29.777430310063583,86.30298134538494,0.08100862056016922,0.0065714046359062195,0.008020099411776567,0.013225508541164556,-1.499717028754998,0
35.39,1,2.190856162191624,0.09364279154220441,-31.210326976995518,2.179983659520898,0.13751894632873848,-29.710609948240524,86.36355172858747,0.06600862056016922,0.0,0.008020099411776567,0.013225508541164556,-1.499717028754998,0
40.11,2,2.205108501887091,0.08499495146484701,-31.25308746190855,2.194457448505445,0.12924708092670628,-29.75337043315356,86.43899687665966,0.0,0.0,0.008020099411776567,0.013225508541164556,-1.499717028754998,0
40.21,2,2.2051111148180644,0.0849932987491895,-31.23433793719472,2.194460103796263,0.12924549716283826,-29.73462090843973,86.43899687665966,0.0,0.0,0.008020099411776567,0.013225508541164556,-1.499717028754998,0
40.31,2,2.205106827754974,0.08499588873041651,-31.217277730693656,2.19445575041667,0.1292479740558149,-29.71756070193866,86.43899687665966,-0.02,0.0364622101187706,0.008020099411776567,0.013225508541164556,-1.499717028754998,0
40.41,2,2.204311405872995,0.08547739171135264,-31.149541959917237,2.1936479991016595,0.12970849430952933,-29.649824931162247,86.54193289212364,-0.04,0.019432805478572845,0.008020099411776567,0.013225508541164556,-1.499717028754998,0
40.51,2,2.201766973957792,0.08701251910308198,-31.090258820202813,2.1910642613994864,0.1311765029492548,-29.5905417914478,86.66892783888936,-0.053013477474451065,0.023039665073156357,0.008020099411776567,0.013225508541164556,-1.499717028754998,0
40.61,2,2.1974861561342145,0.08958465125534479,-30.90299643189934,2.1867175920803317,0.13363571641645935,-29.403279403144342,86.80123544955603,-0.041637394577264786,0.08303966507315635,0.008020099411776567,0.013225508541164556,-1.499717028754998,0
40.71,2,2.1931205301855647,0.09219449124209421,-30.766121978131732,2.1822851567969,0.13613040520229097,-29.266404949376735,86.92658243651226,-0.05163739457726479,0.20177191257476806,0.008020099411776567,0.013225508541164556,-1.499717028754998,0
40.81,2,2.190209498002523,0.09391368815536001,-30.278430563710245,2.179330126934671,0.13777282564499663,-28.778713534955248,87.62566194412925,-0.056997667998075485,0.298903226852417,0.008020099411776567,0.013225508541164556,-1.499717028754998,0
40.91,2,2.185505753184938,0.09659219866710123,-29.071195580354264,2.1745578913577366,0.14032731218219177,-27.57147855159927,88.45171072414772,-0.059686291962862015,0.3553095757961273,0.008020099411776567,0.013225508541164556,-1.499717028754998,0
41.01,2,2.182931494101099,0.0979977609446603,-28.337752339873454,2.171947727683719,0.14166501945273455,-26.838035311118453,89.75081615137745,-0.060580555349588394,0.2803095757961273,0.013777458805486791,0.02148298045516518,-1.8996415697563491,0
41.11,2,2.1846808521635412,0.09350860304766832,-27.58217749484791,2.167322743472592,0.14394915501590363,-25.68253592509156,90.64003006175558,-0.06048407778143883,0.2887307405471802,0.013777458805486791,0.02148298045516518,-1.8996415697563491,0
41.21,2,2.1803240310458887,0.0971507358130892,-26.456049974052863,2.163469504034073,0.14575793984748384,-24.55640840429652,91.95407027896562,-0.06025415286421776,0.26349931955337524,0.00967995885458854,0.03384527718932599,-1.8996415697563234,0
41.31,2,2.173091374711934,0.1096184077594968,-25.459690384367796,2.1597106575231164,0.14744625244257076,-23.560048814611473,92.81593946812076,-0.06006735935807228,0.3052246868610382,0.00967995885458854,0.03384527718932599,-1.8996415697563234,0
41.41,2,2.1687117160423997,0.11134014088518018,-24.351143583153394,2.1558859070074927,0.14907202291001415,-22.463435796738054,94.10748460094669,-0.06006735935807228,0.3052246868610382,-0.00028496979913591525,0.02580664214331142,-1.6996792992556522,0
41.51,2,2.1592261431913498,0.11212344077164478,-23.393332854703488,2.153304221926594,0.15011665547845718,-21.641009692841276,94.98453177341634,-0.05999099835753441,0.24718032777309418,-0.00028496979913591525,0.02580664214331142,-1.6996792992556522,0
41.61,2,2.1525329036268817,0.11424752198636101,-21.813544535460053,2.147807648832112,0.1522132190376818,-20.11386523620439,96.27357575771926,-0.05998292192816734,0.2581407129764557,0.009715030200863301,0.025806642143309758,-1.6996792992556138,0
41.71,2,2.1572405038005584,0.11574972589109579,-20.74027322745575,2.143912848297147,0.15360051100197536,-19.040593928200142,97.12928293127892,-0.05999293550848961,0.2686642110347748,-0.00038178182816548024,0.0338083342219215,-1.899641569756292,0
41.81,2,2.154623541511556,0.11672626268749849,-20.064620050789667,2.141268072687696,0.154498997347136,-18.364940751534046,98.44639509472758,-0.059998828917741776,0.2557687759399414,-0.00038178182816548024,0.0338083342219215,-1.899641569756292,0
41.91,2,2.1394573466239115,0.11913680408418897,-18.701729817843564,2.1358345756614967,0.15621494433138045,-16.80208824808727,99.32679012384075,-0.06000087782740593,0.2649971842765808,-0.00038178182816548024,0.0338083342219215,-1.899641569756292,0
42.01,2,2.13684080927393,0.11999729197042056,-17.75602554880945,2.13319095205009,0.1569882239104547,-15.856383979053154,100.6343993985873,-0.060000982135534286,0.23772889375686646,-0.00025622760574440433,0.035825881455584074,-1.699679299255614,0
42.11,2,2.1310669491421805,0.13114696672883905,-15.783518457937637,2.1275581650152455,0.15849557570323305,-14.083839158682025,101.50689194280885,-0.060000550001859665,0.22206784784793854,-0.00025622760574440433,0.035825881455584074,-1.699679299255614,0
42.21,2,2.126022421052715,0.13234852538769712,-14.25617889846328,2.123181771547306,0.15952943167572475,-12.54223252064419,102.7782847138094,-0.060000550001859665,0.22206784784793854,-0.010413143992031127,0.043786593594488284,-1.8996415697562519,0
42.31,2,2.1127191138719326,0.13387440608884502,-13.052856894379069,2.118979119682714,0.16041785652233811,-11.153215324622812,103.59440255842856,-0.06000000610947609,0.1961052566766739,-0.010413143992031127,0.043786593594488284,-1.8996415697562519,0
42.41,2,2.1078471026901218,0.1349369535756661,-11.393875393638552,2.1140745637365117,0.16131831811952524,-9.4942338238823,104.80587332981361,-0.05999995395541191,0.1780892163515091,-0.010413143992031094,0.043786593594488804,-1.899641569756273,0
42.51,2,2.102976359975765,0.13587060792167616,-10.173475556428771,2.109175548229835,0.16208999946089817,-8.273833986672498,105.57804839998535,-0.059999968856573105,0.19786660373210907,-0.010413143992031094,0.043786593594488804,-1.899641569756273,0
42.61,2,2.097957787092813,0.13667644320692626,-8.847245218950183,2.1041389374064305,0.16276982402052897,-6.962220379789576,106.66491483549197,-0.0599999837577343,0.15938907861709595,-0.010187273196841292,0.03587332923006938,-1.699679299255606,0
42.71,2,2.0927602633065607,0.13688431325463948,-7.53696401829764,2.099026243219078,0.16334133113496796,-5.837284719042032,107.39910155455543,-0.0599999837577343,0.15938907861709595,-0.010187273196841292,0.03587332923006938,-1.699679299255606,0
42.81,2,2.0873053741298997,0.13918280187083631,-6.316397654546356,2.0935540428469177,0.1638438005962196,-4.61671835529075,108.39953531544965,-0.05999999865889549,0.14916160702705383,-0.010187273196840894,0.04587332923006812,-1.6996792992555754,0
42.91,2,2.0815547148495326,0.14813354051582422,-5.1836216282021805,2.0877885720186535,0.164257644926232,-3.4839423289466054,108.97652675234838,-0.05999999865889549,0.12033703178167343,-0.010187273196840894,0.04587332923006812,-1.6996792992555754,0
43.01,2,2.0758876610989225,0.14776581076743475,-4.062156685125537,2.0821104102757126,0.16454792008491304,-2.362477385869961,109.88581479261546,-0.05999999865889549,0.09262993931770325,-0.010187273196841387,0.035873329230067245,-1.6996792992555547,0
43.11,2,2.069936824312032,0.13897517481359103,-3.248997277543594,2.0761508296294195,0.16475431475049593,-1.5493179782880389,110.42198030454566,-0.05999999865889549,0.11148937046527863,0.0001454025888450378,0.03806122324619727,-1.499717028754886,0
43.21,2,2.073874129318346,0.1486948471177162,-2.057882707587986,2.0701228753130048,0.1648693782966354,-0.5581656788331003,111.12306119066997,-0.05999999865889549,0.08815081417560577,0.0001454025888450378,0.03806122324619727,-1.499717028754886,0
43.31,2,2.0678578661846085,0.14886741958361016,-1.3624678073933398,2.064104156456148,0.164884433942325,0.1372492213615465,111.60482946865282,-0.05999999865889549,0.09963974356651306,-0.010207189089982053,0.03583099481684708,-1.699679299255515,0
43.41,2,2.0518146887161626,0.1395366379299129,-0.5959655345200139,2.0580386654031626,0.16482092303540685,1.1037137647355013,112.2599499832707,-0.05999999865889549,0.028367850929498672,-0.010207189089982053,0.03583099481684708,-1.699679299255515,0
43.51,2,2.0457665443445965,0.1395671850395357,-0.14683925361293887,2.0519922760098317,0.1646720648161953,1.552840045642576,112.66867301316775,-0.05999999865889549,-0.046632149070501325,-0.010207189089982053,0.03583099481684708,-1.699679299255515,0
43.61,2,2.0400515284607295,0.13958864146840694,-0.40337430585494655,2.046279138171871,0.1645240007231276,1.2963049934005684,112.80000293035108,-0.05999999865889549,-0.07755539566278458,-0.010207189089982053,0.03583099481684708,-1.699679299255515,0
43.71,2,2.035872226220836,0.13962834722144185,-0.7304646012690127,2.042100497017243,0.16443972818876254,0.9692146979865026,112.57139563207241,-0.05999999865889549,-0.044598810374736786,-0.010207189089982053,0.03583099481684708,-1.699679299255515,0
43.81,2,2.0299031909842076,0.1397304187390504,-1.3395515940787615,2.03613106049252,0.1643647093369729,0.36012770517675374,112.1685141407511,-0.05999999865889549,-0.04920051991939545,-0.010207189089982053,0.03583099481684708,-1.699679299255515,0
43.91,2,2.023958396606596,0.13988796444119939,-1.6608743133921087,2.0301842087611393,0.16434585926215045,0.038804985863406485,111.98085620928944,-0.05999999865889549,-0.04920051991939545,-0.010207189089982053,0.03583099481684708,-1.699679299255515,0
44.01,2,2.018273957310359,0.14006823566242174,-2.0005154856926133,2.024496923508056,0.16435744700852026,-0.3008361864370974,111.69294624032453,-0.05999999865889549,-0.07498902082443237,-0.010207189089982053,0.03583099481684708,-1.699679299255515,0
44.11,2,2.0101284209352737,0.14042094065828842,-2.880561626237405,2.01634450949676,0.16446839492592222,-1.1808823269818904,111.40651325238805,-0.05999999865889549,-0.06270524859428406,-0.010207189089982053,0.03583099481684708,-1.699679299255515,0
44.21,2,2.0041329906368737,0.14074243025582006,-3.3352773677681733,2.0103421814406914,0.16461191472116965,-1.635598068512658,110.99555103694317,-0.05999999865889549,0.013397589325904846,-0.010207189089982053,0.03583099481684708,-1.699679299255515,0
44.31,2,1.9981479444608035,0.14108834348706698,-3.2309524296594296,2.004349508517377,0.16478015540418262,-1.5312731304039149,110.91391131104805,-0.05999999865889549,-0.008142202161252499,-0.010207189089982053,0.03583099481684708,-1.699679299255515,0
44.41,2,1.9920778275643827,0.14143231840206547,-3.2996365808143078,1.9982718597943228,0.16494393537095667,-1.5999572815587924,110.93830486480633,-0.05999999865889549,-0.039211515337228775,-0.010207189089982053,0.03583099481684708,-1.699679299255515,0
44.51,2,1.9861246505929386,0.14177870459741007,-3.4151668139961915,1.992311028025596,0.16511359407127627,-1.715487514740677,110.88215241972729,-0.05999999865889549,0.003128829412162304,-0.010207189089982053,0.03583099481684708,-1.699679299255515,0
44.61,2,1.9819235707198002,0.14203634031697965,-3.5845464212418663,1.9881041548750098,0.16524650968121884,-1.8848671219863506,110.75121834804885,-0.05999999865889549,0.013289161026477814,-0.010207189089982053,0.03583099481684708,-1.699679299255515,0
44.71,2,1.97416756629579,0.14251889287488245,-3.5059891042189455,1.9803372500679235,0.16549880180170376,-1.8063098049634292,110.77028504266812,-0.05999999865889549,0.03238549828529358,-0.010207189089982053,0.03583099481684708,-1.699679299255515,0
44.81,2,1.970198945513329,0.1427629885672707,-3.497460126640573,1.976363135338092,0.16562507822927977,-1.7977808273850577,110.89889025537283,-0.05999999865889549,0.01505452673882246,0.00014361754008263252,0.03835306195929245,-1.4997170287548827,0
44.91,2,1.9720875199382044,0.15265393817022335,-3.2328418836237396,1.9682769375716938,0.16587146086989782,-1.7331248548688571,111.00016894211629,-0.05999999865889549,-0.013360023498535156,0.00014361754008263252,0.03835306195929245,-1.4997170287548827,0
45.01,2,1.9661090679815085,0.15298975370850493,-3.2852522875300987,1.962291744540298,0.16605069326430338,-1.7855352587752165,111.04718605261768,-0.05999999865889549,0.04017181694507599,0.00014361754008263252,0.03835306195929245,-1.4997170287548827,0
45.11,2,1.962189881426559,0.153218882362688,-3.3513060122041782,1.958367903728356,0.16617717043694918,-1.8515889834492947,111.07518327967483,-0.05999999865889549,0.014681314118206501,0.00014361754008263252,0.03835306195929245,-1.4997170287548827,0
45.21,2,1.9540522941203529,0.15367995898775672,-3.2302048874015568,1.9502210366155281,0.1664251120958955,-1.7304878586466739,111.25157443177666,-0.05999999865889549,0.036133699119091034,0.00014361754008263252,0.03835306195929245,-1.4997170287548827,0
45.31,2,1.9501342762805778,0.15390169915963908,-3.172947857451632,1.9462985574898637,0.1665442339047605,-1.6732308286967494,111.33583006298464,-0.05999999865889549,0.03438631072640419,0.00014361754008263252,0.03835306195929245,-1.4997170287548827,0
45.41,2,1.9420741612530537,0.15433527633127253,-3.0572420301220276,1.9382298558339215,0.16676671313543945,-1.5575250013671442,111.53526691982134,-0.05999999865889549,0.04642389714717865,0.00014361754008263252,0.03835306195929245,-1.4997170287548827,0
45.51,2,1.935989899797871,0.15464734115101553,-2.7806268720221685,1.9321395111527058,0.16691943369963264,-1.2809098432672852,111.6991557938853,-0.05999999865889549,0.01327945664525032,0.00014361754008263252,0.03835306195929245,-1.4997170287548827,0
45.61,2,1.9320374751219345,0.15483756589681139,-2.745095742035483,1.9281834617988807,0.16700615038178449,-1.2453787132805996,111.936420361559,-0.05999999865889549,0.01327945664525032,0.00014361754008263252,0.03835306195929245,-1.4997170287548827,0
45.71,2,1.9238795601081398,0.1552255760008986,-2.7390929103251986,1.9200181862394412,0.16718051853138471,-1.2393758815703162,112.00458602555909,-0.05999999865889549,-0.10067231208086014,0.00014361754008263252,0.03835306195929245,-1.4997170287548827,0
45.81,2,1.9178748438342652,0.15553276616509099,-3.1781090202400297,1.914007487071209,0.1673304479671976,-1.6783919914851468,111.72805547673956,-0.05999999865889549,-0.10067231208086014,0.00014361754008263252,0.03835306195929245,-1.4997170287548827,0
45.91,2,1.9119148878901495,0.1558870673974165,-3.783351358589705,1.908040299908871,0.1675286438012999,-2.2836343298348205,111.35765625017623,-0.05999999865889549,-0.16525812447071075,0.00014361754008263252,0.03835306195929245,-1.4997170287548827,0
46.01,2,1.9080419776339241,0.1561570971211769,-4.177577940040461,1.9041616490806512,0.16769721917684471,-2.67786091128558,110.69064743123482,-0.05999999865889549,-0.21908189356327057,0.00014361754008263252,0.03835306195929245,-1.4997170287548827,0
46.11,2,1.9025627552388007,0.15659245900116564,-4.920515735626054,1.898672909273889,0.16798902965546758,-3.4207987068711705,110.12890403954934,-0.05999999865889549,-0.22902578115463257,0.00014361754008263252,0.03835306195929245,-1.4997170287548827,0
46.21,2,1.8958525179768164,0.15722382760948597,-5.8893647158618,1.8919484463888891,0.1684445615862419,-4.389647687106917,109.14814675361335,-0.05999999865889549,-0.20607134699821472,0.00014361754008263252,0.03835306195929245,-1.4997170287548827,0
46.31,2,1.8928775047450612,0.15754246704991012,-6.413093437214173,1.888966112800276,0.16868522979839728,-4.913376408459293,108.43416223918553,-0.05999999865889549,-0.11163949966430664,0.000925952823962794,0.034028586618727284,-1.0997924877535445,0
46.41,2,1.8857071544385944,0.16723134817356194,-6.911444200292405,1.8818773203186643,0.16935437672517095,-5.811651712538861,107.53991497965433,-0.05999999865889549,-0.08486323803663254,0.000925952823962794,0.034028586618727284,-1.0997924877535445,0
46.51,2,1.881972337964223,0.16769310505407692,-7.140501975453271,1.8781343289869983,0.1697443631416135,-6.040709487699727,107.12526515662313,-0.05999999865889549,0.04139483422040939,0.000925952823962794,0.034028586618727284,-1.0997924877535445,0
46.61,2,1.8741196945338114,0.1686830858804428,-7.194960961086807,1.870264130642584,0.1705834393606417,-6.09516847333326,106.93970173451058,-0.05999999865889549,0.06995806097984314,0.000925952823962794,0.034028586618727284,-1.0997924877535445,0
46.71,2,1.8681931199094544,0.16942154706845125,-6.942721545664649,1.864324473909986,0.17120801089631216,-5.842929057911105,107.15578949492996,-0.05999999865889549,0.18995806097984314,0.000925952823962794,0.034028586618727284,-1.0997924877535445,0
46.81,2,1.864504496543428,0.16986125543997127,-6.6601887382321525,1.8606280903721875,0.17157683948776645,-5.5603962504786075,107.80331952634401,-0.05999999865889549,0.273508757352829,0.000925952823962794,0.034028586618727284,-1.0997924877535445,0
46.91,2,1.859279143382998,0.17044696203894485,-6.049953392262758,1.8553924578699352,0.17206214369406825,-4.950160904509214,108.39876382507705,-0.05999999865889549,0.3397008180618286,0.000925952823962794,0.034028586618727284,-1.0997924877535445,0
47.01,2,1.8536562447994667,0.17098587982168104,-4.853976047972473,1.849760251235923,0.17249303728768375,-3.754183560218927,109.59285149677314,-0.05999999865889549,0.37666866183280945,0.000925952823962794,0.034028586618727284,-1.0997924877535445,0
47.11,2,1.8511344514326369,0.17119182956428666,-4.464312325633756,1.8472349694671666,0.1726505462393403,-3.3645198378802124,110.4603571046168,-0.05999999865889549,0.38,0.000925952823962794,0.034028586618727284,-1.0997924877535445,0
47.21,2,1.8464141500606308,0.17151915743270346,-3.584574288887227,1.8425092549887085,0.1728872131869621,-2.4847818011336833,111.7993509068701,-0.05999999865889549,0.38,-0.02063395906382504,0.051977481837367515,-1.8996415697561846,0
47.31,2,1.8440422110938846,0.17165888315196814,-3.1201021572435903,1.8401350711061737,0.17298138659353393,-2.0203096694900444,112.690173308121,-0.05999999865889549,0.38,-0.02063395906382504,0.051977481837367515,-1.8996415697561846,0
47.41,2,1.8195476971739413,0.16413896657674176,-2.7031011898091006,1.8354523025761451,0.1730998890260666,-0.8034596200529154,114.11061411492916,-0.05999999865889549,0.3798849284648895,-0.02063395906382504,0.051977481837367515,-1.8996415697561846,0
47.51,2,1.8170381626478882,0.1642466136532957,-2.1832100187028964,1.8329405788467312,0.17312428856790182,-0.28356844894671196,115.07760183175557,-0.05999999865889549,0.37968525290489197,-0.02063395906382504,0.051977481837367515,-1.8996415697561846,0
47.61,2,1.8136147442504311,0.16435822146726342,-1.621890549819175,1.829515342200973,0.1731223524015603,0.27775101993701,116.5136436486787,-0.05999999865889549,0.37978991866111755,-0.02063395906382504,0.051977481837367515,-1.8996415697561846,0
47.71,2,1.810162466611589,0.1644404182103249,-1.058593967376057,1.8260622371196091,0.17309006467509264,0.8410476023801277,117.4804071380369,-0.05999999865889549,0.3799135386943817,-0.030633959063824986,0.05197748183736748,-1.8996415697561837,0
47.81,2,1.7956191919648814,0.16449728348437892,-0.3614096458204854,1.8215195743278707,0.17299629402207892,1.5382319239356983,118.94289028651707,-0.05999999865889549,0.3799862563610077,-0.030633959063824986,0.05197748183736748,-1.8996415697561837,0
47.91,2,1.7922491422513853,0.16450424895339325,0.22044728798161636,1.8181511458172435,0.17289154213433247,2.1200888577378003,119.90819326940492,-0.05999999865889549,0.38,-0.030633959063824986,0.05197748183736748,-1.8996415697561837,0
48.01,2,1.7887350681743792,0.16448457635532912,0.5679872138895737,1.814639655118851,0.17275539256619385,2.467628783645758,121.38511422204239,-0.05999999865889549,0.38,-0.030633959063824986,0.05197748183736748,-1.8996415697561837,0
48.11,2,1.786290454258277,0.16445188388882526,0.9496121915263975,1.8121974684256688,0.17264168174080716,2.8492537612825823,122.3735321513271,-0.05999999865889549,0.38,-0.030633959063824986,0.05197748183736748,-1.8996415697561837,0
48.21,2,1.7816115206510916,0.164338267282288,1.9170761100771114,1.8075248725197028,0.1723730259512183,3.816717679833295,123.87717820886488,-0.05999999865889549,0.38,-0.030633959063824986,0.05197748183736748,-1.8996415697561837,0
48.31,2,1.779356555374057,0.16425354942220893,2.4523261674628305,1.805273954825045,0.1722136049729087,4.351967737219015,124.86916673223917,-0.05999999865889549,0.3799999952316284,-0.05063395906382489,0.06197748183736733,-1.8996415697561781,0
48.41,2,1.7547148834165252,0.1740099714668007,3.636209890092481,1.800642908169741,0.17181629444184204,5.53585145984866,126.37221981342199,-0.05999999865889549,0.3799999952316284,-0.05063395906382489,0.06197748183736733,-1.8996415697561781,0
48.52,2,1.7524326290023817,0.1738573641020505,4.080478225840721,1.798366966799617,0.17158811666376125,5.980119795596899,127.37536377820143,-0.05999999865889549,0.3799995481967926,-0.05063395906382489,0.06197748183736733,-1.8996415697561781,0
48.61,2,1.7477669807086873,0.17347239127117725,5.32109544025842,1.7937166440732544,0.1710486941747598,7.220737010014599,128.87005590981758,-0.05999999865889549,0.3799997866153717,-0.05063395906382489,0.06197748183736733,-1.8996415697561781,0
48.71,2,1.7421473968473775,0.1720967099626687,6.200734044885883,1.7902849685001463,0.17058422641347987,8.122080861738194,129.85634805564817,-0.05999999865889549,0.37999996542930603,-0.07105257362002323,0.05879693721926007,-2.099603840256869,0
48.81,2,1.7207996937859058,0.1632828435378057,6.905412019318322,1.7868212730716588,0.17006349086606773,9.00501585957519,131.33526433147267,-0.05999999865889549,0.38,-0.07061986805093129,0.06200195252777885,-1.8996415697562028,0
48.91,2,1.7174206921837185,0.17229023958395961,7.942959985682922,1.7834019565941905,0.16949929947359496,9.842601555439124,132.3255470074516,-0.05999999865889549,0.38,-0.07061986805093129,0.06200195252777885,-1.8996415697562028,0
49.01,2,1.7139634012941556,0.17178736901504926,8.797964035251445,1.7799632353703243,0.16888209979062085,10.69760560500765,133.82437614820878,-0.06001623719930649,0.38,-0.07061986805093129,0.06200195252777885,-1.8996415697562028,0
49.11,2,1.7117685985257025,0.17143394573168724,9.512811902680903,1.77778135441654,0.16845611538580624,11.412453472437106,134.82461576621492,-0.055825669318437576,0.3799999952316284,-0.08106549049383807,0.058769778680529905,-2.099603840256816,0
49.21,2,1.697059535898487,0.16116508601034985,10.666769767434012,1.7731798407359027,0.16747137323636327,12.766373607690829,136.38164886447493,-0.058924350887537,0.3799999952316284,-0.08106549049383807,0.058769778680529905,-2.099603840256816,0
49.31,2,1.691804895973429,0.16253403987428078,11.700213399872847,1.7699617604098934,0.16671105215830706,13.799817240129663,137.38861146384613,-0.05826188996434212,0.3799999952316284,-0.0910654904938384,0.06876977868052835,-2.0996038402567714,0
49.41,2,1.6827409750709659,0.16883189995924203,12.273474403131193,1.7676961677446912,0.1661463680466521,14.373078243388008,138.938985078931,-0.05678338184952736,0.37882885336875916,-0.10059163710110194,0.0620553387146826,-1.8996415697561289,0
49.51,2,1.667086041010552,0.16846159305598665,13.659799355744571,1.7631789506514106,0.16494439255987037,15.5594409255007,139.97486330115754,-0.057656291872262955,0.37958335876464844,-0.10059163710110194,0.0620553387146826,-1.8996415697561289,0
49.61,2,1.6649259151295588,0.16792453874194463,14.285776701563462,1.7610378146989325,0.16433602754528306,16.185418271319595,141.51281720958553,-0.057656291872262955,0.37958335876464844,-0.10059163710110194,0.0620553387146826,-1.8996415697561289,0
49.71,2,1.6603958702855075,0.16670835636756412,15.658633362966613,1.7565505746014023,0.16297034743486694,17.55827493272274,142.5553138807576,-0.06316063553094864,0.3797827661037445,-0.10059163710110194,0.0620553387146826,-1.8996415697561289,0
49.81,2,1.6571235269807738,0.16575802057144032,16.677439492777676,1.7533115323112103,0.1619120592549377,18.577081062533797,144.10337187721035,-0.06230546161532402,0.37988945841789246,-0.10059163710110194,0.0620553387146826,-1.8996415697561289,0
49.91,2,1.6511498277233947,0.16735715562566048,17.62438875454434,1.7499273616030713,0.16074543150634604,19.574367342599466,145.12187599333726,-0.05892672762274742,0.38,-0.11108777848763249,0.07871670535846381,-2.0996038402567496,0
50.01,2,1.6429810073413673,0.17276088014416055,18.007598260216135,1.7476870253451469,0.1599409178071854,20.073835343260928,146.64555265584409,-0.05784827843308449,0.38,-0.11108777848763249,0.07871670535846381,-2.0996038402567496,0
50.12,2,1.637979285317886,0.17341626165084773,18.840694120836652,1.7444233339803192,0.1587161980272349,20.940297961093396,147.68848475548873,-0.06082582846283913,0.38,-0.1205811206117917,0.07208497444802618,-1.8996415697560904,0
50.21,2,1.6236951810126237,0.17129633716195242,20.2630511461137,1.7400289379450598,0.1569777245786508,22.162692715869785,149.2471219752712,-0.060120899230241776,0.38,-0.12058112061179174,0.08208497444802591,-1.8996415697560836,0
50.31,2,1.6203942734960393,0.18004674026439288,21.159239780192404,1.7367712673253592,0.15561939289125828,23.05888134994849,150.2545463438052,-0.05225434899330139,0.38,-0.12058112061179174,0.08208497444802591,-1.8996415697560836,0
50.41,2,1.6172311680406537,0.17879151230108362,22.19181212351079,1.7336515096978422,0.1542600012231531,24.091453693266885,151.81937974291614,-0.05121766775846481,0.3799978792667389,-0.12058112061179174,0.08208497444802591,-1.8996415697560836,0
50.51,2,1.615223724770335,0.1779624943009317,22.785034256195026,1.7316726507278755,0.15336489424345387,24.68467582595111,152.91038069945586,-0.0438680537045002,0.3799982964992523,-0.1311027682578398,0.08865961055342611,-2.09960384025674,0
50.61,2,1.6013388377425803,0.17689161170634504,23.951136499613806,1.7280459882422365,0.15164388134269463,26.050740339870547,154.57981682813787,-0.05024421215057373,0.37999919056892395,-0.1311027682578398,0.08865961055342611,-2.09960384025674,0
50.71,2,1.59641797111062,0.17549887982969992,24.961497134131285,1.7252673420121936,0.15025779949747728,27.018286685812768,155.72211027948788,-0.03572649136185646,0.3799997866153717,-0.14057374852141444,0.08211251095084036,-1.8996415697560718,0
50.81,2,1.5883437398146574,0.1742417467993264,26.102600512696036,1.7233398317642905,0.14925458847718434,28.03445357406553,157.43936967930637,-0.03422406688332558,0.38,-0.14057374852141435,0.08211251095083834,-1.8996415697560112,0
50.91,2,1.5838776605312308,0.17269726502163313,27.568028237859487,1.720500903483535,0.14769868302073527,29.467669807615497,158.66085438553472,-0.039501264691352844,0.38,-0.14057374852141435,0.08211251095083834,-1.8996415697560112,0
51.01,2,1.581511256623965,0.17143319536293572,29.01472926530116,1.7181777026482639,0.14635686431712544,30.914370835057184,160.53604249204255,-0.03327193483710289,0.38,-0.1500023841596008,0.07562193927008688,-1.6996792992553302,0
51.11,2,1.5797734643753856,0.1704564016453561,29.76648000727593,1.7164732451124542,0.1453230014758607,31.666121577031948,161.7673357601139,-0.03327193483710289,0.38,-0.1500023841596008,0.07562193927008688,-1.6996792992553302,0
51.21,2,1.568051745680933,0.16879661416071062,31.38585867765053,1.7145346096053438,0.1440922814328998,33.08553797690586,163.66451478234103,-0.019897520542144775,0.38,-0.1500023841596008,0.07562193927008688,-1.6996792992553302,0
51.31,2,1.5636735140847375,0.16671614026786408,33.57306743994475,1.710220012522981,0.14188286170238043,35.27274673920008,165.07434880888783,-0.01474516186863184,0.3799999952316284,-0.1500023841596008,0.07562193927008688,-1.6996792992553302,0
51.41,2,1.5572139341470677,0.167260758086047,35.17801873365628,1.7061027179086345,0.13997245063866653,36.92218491512395,167.15368950721816,-0.01474516186863184,0.3799999952316284,-0.16059343676632257,0.09207053924456828,-1.8996415697559934,0
51.51,2,1.5442925514599402,0.17329891806167774,37.17117515744863,1.7012563891471804,0.13769887712466575,39.07081672720464,168.65063504696622,-0.013049986213445663,0.3799999952316284,-0.16059343676632257,0.09207053924456828,-1.8996415697559934,0
51.61,2,1.5381888733814693,0.17102769142724467,39.59980927984882,1.6965209831309158,0.13533221149561508,41.47273026933994,170.9763413500041,0.011950013786554336,0.3799999952316284,-0.16998805668306366,0.08566711783548273,-1.6996792992553742,0
51.71,2,1.5278792041160665,0.16984513139810198,41.35612380884618,1.6946234690745483,0.13450082275819925,43.05580310810154,172.60990406146297,0.027784830182790758,0.3799999952316284,-0.16998805668306366,0.08566711783548273,-1.6996792992553742,0
51.81,2,1.5283520630033252,0.17074969049578576,42.78522803605481,1.6951469750575758,0.13532508786831776,44.53055821885478,174.75163287497588,0.03525723144412041,0.3799999952316284,-0.17061022518701519,0.09201601435021971,-1.8996415697560542,0
51.91,2,1.5298757207829845,0.17274567387652784,44.08308306541768,1.6968752970603558,0.1370545752430286,45.98272463517373,176.0255996959102,0.008314990103244782,0.3799999952316284,-0.17061022518701519,0.09201601435021971,-1.8996415697560542,0
52.01,2,1.530097079505172,0.17323107296858753,44.87891119518186,1.6970804436703526,0.13754704537498355,46.77855276493791,178.07273042731802,0.007376585155725479,0.3799999952316284,-0.16123222086007385,0.10833557772770337,-2.0996038402567256,0
52.11,2,1.536044418903904,0.1810626946515228,46.35727505724014,1.695073462508942,0.1367185608490936,48.42228416911291,179.6648066409917,0.007376585155725479,0.3799999952316284,-0.16058442531647854,0.10202504959099733,-1.899641569756071,0
52.21,2,1.5338456737258357,0.1807815303107126,48.98175139962524,1.6912857113523563,0.13449954399481967,51.081355239881965,-177.8870312785255,0.020292429253458977,0.3799999952316284,-0.16058442531647854,0.10202504959099733,-1.899641569756071,0
52.31,2,1.5297246577734782,0.17795922066470854,53.04141599622958,1.6868629924387228,0.1319243702040652,54.94105756598565,-176.3682706098446,0.027975879833102228,0.3799999952316284,-0.16058442531647854,0.10202504959099733,-1.899641569756071,0
52.41,2,1.5281659011037076,0.1771452164224026,54.76825349510052,1.6853320757916699,0.13105914220993736,56.66789506485658,-174.1780467939428,0.01989067777991295,0.3799999952316284,-0.1812506234573938,0.08828298805977548,-2.0996038402567425,0
52.51,2,1.5086172760036451,0.15892783151306553,58.014753051537625,1.6861452008459832,0.13250876650042198,60.11435689179435,-172.84091480041965,0.0004539844812825322,0.3799999952316284,-0.15256036153102845,0.11069095769752842,-2.4995283812581244,0
52.61,2,1.5059114696000975,0.15674993234401424,60.15224303812458,1.683521002247581,0.13023319738475483,62.251846878381336,-170.45243961884702,0.009202832356095314,0.3799999952316284,-0.15256036153102845,0.11069095769752842,-2.4995283812581244,0
52.71,2,1.5305703262498038,0.1631350011695864,63.148099360958916,1.6792421788033784,0.1257974354784685,65.64762774221705,-168.71057602006212,-0.005797167643904685,0.3799999952316284,-0.14256036153102872,0.11069095769752946,-2.4995283812581617,0
52.81,2,1.5364826760911034,0.1586502288619674,67.093250329703,1.6753540038545256,0.12113866288923197,69.59277871096114,-166.22315747508097,-0.004907031077891588,0.3799999952316284,-0.14256036153102872,0.11069095769752946,-2.4995283812581617,0
52.91,2,1.5354841101467251,0.15743376801422357,67.90531395951623,1.6744094392385735,0.1198798107828838,70.40484234077441,-164.55473474584144,-0.004907031077891588,0.3799999952316284,-0.14256036153102872,0.11069095769752946,-2.4995283812581617,0
53.02,2,1.5312760577636215,0.15149090971695056,71.69841766725243,1.6704645654454033,0.11375908857415978,74.19794604851059,-162.0065969139828,-0.0004441770724952221,0.3799999952316284,-0.13383133577962517,0.14284548489859442,-2.899452922259526,0
53.11,2,1.536019136086734,0.1654028766226237,75.69365434158067,1.6665717667877178,0.10699523568719871,78.59310726384018,-160.251783979128,0.012306760996580124,0.3799999952316284,-0.13383133577962517,0.14284548489859442,-2.899452922259526,0
53.21,2,1.5346203604128705,0.16338607016572118,77.4810869348618,1.6652767987060078,0.1049102562298064,80.38053985712132,-157.85662735440988,0.03230676099658013,0.3799999952316284,-0.12442239486429146,0.16884691640261726,-3.099415192760217,0
53.31,2,1.5411475723209707,0.17861993486763772,79.48076416499775,1.6638995406642578,0.1030169798121004,82.5491844560792,-156.45421194091017,0.05230676099658013,0.38,-0.11442239486429151,0.17884691640261913,-3.0994151927602736,0
53.41,2,1.5439492334847447,0.1859338422435221,81.07750557680852,1.6650073049273009,0.10726848490322191,84.17692076956874,-154.697158347619,0.06711691617965698,0.38,-0.11442239486429151,0.17884691640261913,-3.0994151927602736,0
53.51,2,1.5546089520455908,0.20069038250156748,83.33110880869236,1.6654088788935246,0.11205373747289686,86.43052400145262,-153.6726167344974,0.06423753499984741,0.38,-0.11442239486429151,0.17884691640261913,-3.0994151927602736,0
53.61,2,1.5533451921641739,0.20622046522769955,85.13125613476662,1.665587697182258,0.1158754422029332,88.19594360742178,-152.19493446288956,0.06423753499984741,0.38,-0.1238257730537276,0.1829453835151114,-2.8994529222596888,0
53.71,2,1.5457346799383358,0.21804740488826785,87.01258308191358,1.6656475691144175,0.11950913606405937,89.91203600417327,-151.20000597893,0.06442029774188995,0.3799837529659271,-0.12382577305372804,0.18294538351511144,-2.8994529222596936,0
53.81,2,1.5458691323420366,0.2217175816642863,88.69005176075633,1.6655961993629655,0.12318141548762215,91.58950468301606,-149.6953026553566,0.06285259127616882,0.37179526686668396,-0.12382577305372804,0.18294538351511144,-2.8994529222596936,0
53.91,2,1.5458991148851808,0.22547061213951702,90.43031176368268,1.6654363024669314,0.12693115810326164,93.32976468594235,-148.69836918060415,0.051919929683208466,0.35582998394966125,-0.12382577305372804,0.18294538351511144,-2.8994529222596936,0
54.01,2,1.5484536812139453,0.22914900760223053,92.34418902410813,1.6651618846606435,0.1306042803646475,95.19335134996574,-147.18918469568044,0.04056122526526451,0.3461732864379883,-0.12315368381176346,0.17710289402533172,-2.6994906517590667,0
54.11,2,1.5548681519854755,0.23168593080279692,93.74916355446697,1.6649068096191382,0.13314179410763227,96.47360585612068,-146.12437206974428,0.04130563512444496,0.3638336956501007,-0.12315368381176346,0.17710289402533172,-2.6994906517590667,0
54.21,2,1.545829261517044,0.2355307657183101,96.20965539488388,1.6643790536002758,0.1369680763011635,98.90914604664295,-144.42797083789648,0.036478254944086075,0.3305157423019409,-0.12315368381176346,0.17710289402533172,-2.6994906517590667,0
54.31,2,1.545587604796389,0.2375861076985608,97.46177789858989,1.664040863433232,0.13900975601094495,100.16126855034898,-143.27364247128673,0.021478254944086075,0.37043312191963196,-0.1124232236240865,0.16131418572934578,-2.499528381258468,0
54.41,2,1.5554636923661038,0.22933824644907086,100.51740864977018,1.6633334475473367,0.1406978309653723,103.01693703102866,-141.42290302824736,0.024909544028341772,0.3473140299320221,-0.11242322362408565,0.16131418572934436,-2.499528381258394,0
54.51,2,1.5547985702411828,0.22764069756581756,102.5710248131684,1.6627429903150863,0.13897289041306896,105.07055319442681,-140.02345232108834,0.029566312208771706,0.30921506881713867,-0.11242322362408565,0.16131418572934436,-2.499528381258394,0
54.61,2,1.5545943558486914,0.2302224778388433,103.89760024204733,1.6624263757734945,0.1415433083028951,106.3971286233057,-138.10927899224848,0.03878050297498703,0.3203856348991394,-0.10242322362408644,0.1713141857293454,-2.4995283812584455,0
54.71,2,1.563678508902834,0.24363506610204333,106.3539709524288,1.6613625732361326,0.14491270861212982,108.85349933368727,-136.90814223599165,0.02916772849857807,0.3409815728664398,-0.10242322362408644,0.1713141857293454,-2.4995283812584455,0
54.81,2,1.56286063943568,0.2462597960844999,108.3027587166067,1.660431014376409,0.14749927313616149,110.80228709786515,-135.1788429504449,0.02916772849857807,0.3409815728664398,-0.10242322362408644,0.1713141857293454,-2.4995283812584455,0
54.91,2,1.5602626184738484,0.24662097746322145,109.79008941984439,1.6595750653214074,0.14966240667212846,112.28961780110276,-133.93845465600714,0.019612235948443413,0.30580034852027893,-0.1124232236240862,0.1613141857293465,-2.4995283812584828,0
55.01,2,1.5513647629896319,0.24038028879734002,111.82609292498991,1.6587568616532014,0.15155060861940484,114.32562130624838,-131.9934075243613,0.028154252097010612,0.22410988807678223,-0.1124232236240862,0.1613141857293465,-2.4995283812584828,0
55.11,2,1.5507305200605985,0.2419424464953748,112.79333899089134,1.6580550946397958,0.1530836199779583,115.2928673721499,-130.88079511286165,0.014267591759562492,0.34199783205986023,-0.10164559468079433,0.16568171129503542,-2.29956611075788,0
55.21,2,1.5591467582430814,0.251319751902515,115.11779935785172,1.6574899018670255,0.15226615984270417,117.41736546860957,-128.9961915461158,0.013896526768803596,0.2874303638935089,-0.11164559468079327,0.16568171129503417,-2.2995661107578327,0
55.31,2,1.5523269680707263,0.24984700321170505,116.4095686947088,1.657512424245622,0.1507931286113703,118.70913480546665,-127.59425515911934,0.0054928925819695,0.34006768465042114,-0.10241805757816579,0.1812624937524387,-2.499528381258455,0
55.41,2,1.550580864946849,0.24789874613433727,118.08065654010015,1.6575889721167996,0.14884637523562308,120.38022265085797,-125.5353111575091,-0.00021536881104111671,0.33926841616630554,-0.10241805757816579,0.1812624937524387,-2.499528381258455,0
55.51,2,1.5605294697987813,0.2545242299970402,119.95374345321878,1.6581703372385204,0.14571511077773264,122.45327183447729,-124.00922988190791,-0.00021536881104111671,0.33926841616630554,-0.10241805757816579,0.1812624937524387,-2.499528381258455,0
55.61,2,1.561382518792883,0.2512769211878905,121.88123315615589,1.6591641935419577,0.142508093980702,124.38076153741433,-121.68300306786506,0.02139759063720703,0.3745752274990082,-0.11241805757816561,0.18126249375244116,-2.4995283812585694,0
55.72,2,1.553357135979526,0.25784455041033166,123.38217008484584,1.6597062753459078,0.1406132487641693,125.88169846610428,-120.19541159935204,0.021079998463392258,0.341620534658432,-0.11241805757816561,0.18126249375244116,-2.4995283812585694,0
55.81,2,1.5515256340154684,0.2478185190122103,125.55222047560898,1.659457997546053,0.1390592236174008,128.05174885686756,-118.17281715524621,0.03107999846339226,0.36770084500312805,-0.12172900975855452,0.18574843077192776,-2.2995661107579703,0
55.91,2,1.5411181011286155,0.25907999275710303,127.14248666459943,1.6585656462847052,0.13999296101301542,129.4420527753574,-116.82938897475371,0.04620303213596344,0.3741719424724579,-0.12172900975855452,0.18574843077192776,-2.2995661107579703,0
56.01,2,1.5392568611914776,0.26151137833042787,128.42333348913374,1.6566083477421194,0.14234770777752304,130.7228995998917,-115.06346821754677,0.05620303213596344,0.38,-0.11172900975855582,0.19574843077192813,-2.299566110757976,0
56.11,2,1.547269258671594,0.2739660698475093,129.6643779070226,1.6545238532437523,0.1447206715166798,131.9639440177806,-113.95859798786428,0.06902102589607238,0.38,-0.11172900975855582,0.19574843077192813,-2.299566110757976,0
56.21,2,1.5455403965111136,0.2760209835453328,130.51239829201623,1.6521005650269631,0.14736673477351853,133.0683293278422,-112.41807695943669,0.07071854174137115,0.38,-0.11172900975855582,0.19574843077192813,-2.299566110757976,0
56.31,2,1.5424599108693826,0.2795515817392664,131.76369181721134,1.6494942640736003,0.15010871403275985,134.06325792796932,-111.45483189031083,0.07781326025724411,0.38,-0.11172900975855582,0.19574843077192813,-2.299566110757976,0
56.41,2,1.5398623703855645,0.2824116346894353,132.64385878265,1.646784057981267,0.1528622394784238,134.943424893408,-110.03760558643238,0.07908353954553604,0.38,-0.11172900975855625,0.19574843077192924,-2.29956611075803,0
56.51,2,1.5370918331743106,0.2853830878553246,133.3774719710071,1.6438965246285222,0.15572013406934307,135.67703808176515,-109.13697978024257,0.07935959100723267,0.38,-0.1217290097585552,0.18574843077193023,-2.299566110758071,0
56.61,2,1.5351941886680587,0.28737160430868525,133.97234912898668,1.641920620614043,0.15763090765168095,136.27191523974471,-107.83254801619474,0.07906588912010193,0.37995627522468567,-0.1217290097585552,0.18574843077193023,-2.299566110758071,0
56.71,2,1.521162344832293,0.2814629996626503,135.25047140943235,1.637727859554999,0.1615572335882558,137.55003752019041,-106.95609832489765,0.07882106304168701,0.37994274497032166,-0.1217290097585552,0.18574843077193023,-2.299566110758071,0
56.81,2,1.5181208827163013,0.2844254831862946,136.28644118380322,1.6345699793735653,0.16439529510812884,138.58600729456128,-105.63765724848282,0.06642021238803864,0.378493070602417,-0.1217290097585552,0.18574843077193023,-2.299566110758071,0
56.91,2,1.5150365963184813,0.2873196251234436,137.38112499021278,1.631372051549991,0.16716335178589942,139.68069110097082,-104.74710689923718,0.07149035483598709,0.37965887784957886,-0.11172900975855495,0.19574843077192894,-2.299566110758023,0
57.01,2,1.5130375690315159,0.2891359505085585,138.08482413893668,1.6293017554317628,0.16889800506004254,140.38439024969477,-103.38741932422717,0.07454373687505722,0.37977826595306396,-0.11172900975855495,0.19574843077192894,-2.299566110758023,0
57.11,2,1.5189967877021122,0.3026798604885392,139.4142622371634,1.625122031503242,0.17227692790314114,141.7138283479214,-102.48903861329019,0.07831144332885742,0.38,-0.11100449765386725,0.19043945639072138,-2.099603840257357,0
57.21,2,1.5161819484163608,0.30569779924377166,140.58234724281564,1.621871333016663,0.17479586668638386,142.68195108307302,-101.14511300561918,0.07933421432971954,0.37420031428337097,-0.11100449765386725,0.19043945639072138,-2.099603840257357,0
57.31,2,1.5139572568970099,0.3075084718567717,141.21162316844973,1.619581797801689,0.1765238181229512,143.31122700870708,-100.2567658122911,0.07977420836687088,0.37327057123184204,-0.12173369311615834,0.19571299149364327,-2.299566110757957,0
57.41,2,1.4992893762026067,0.31054638998092604,142.24780487913566,1.615110056598552,0.17978321875523134,144.5473709898936,-98.94377024978797,0.07599065452814102,0.3792301416397095,-0.12173369311615834,0.19571299149364327,-2.299566110757957,0
57.51,2,1.496904607708212,0.3123720238211143,142.93341182417643,1.6126539564161229,0.18151169542101828,145.23297793493438,-98.05767663763403,0.07543642818927765,0.3680318593978882,-0.12173369311615834,0.19571299149364327,-2.299566110757957,0
57.61,2,1.492594660336993,0.3155490514365322,144.25933652278505,1.6082200040763215,0.18451323127124175,146.558902633543,-96.72361186097298,0.07502549141645432,0.3706723749637604,-0.12173369311615834,0.19571299149364327,-2.299566110757957,0
57.71,2,1.4902567047344546,0.31721241901105734,144.97946037441355,1.6058171898955689,0.18608145067559717,147.2790264851715,-95.82828583000904,0.071807362139225,0.36830058693885803,-0.1117336931161585,0.19571299149364355,-2.2995661107579504,0
57.81,2,1.4872339689168836,0.31929358012775727,145.89700335517884,1.6027133833115397,0.18803965089657218,148.1965694659368,-94.47127324939055,0.07810673117637634,0.37080371379852295,-0.1117336931161585,0.19571299149364355,-2.2995661107579504,0
57.91,2,1.4936410184039592,0.3216873051815885,146.8259816324389,1.5990272798406222,0.19028728392341404,149.12554774319688,-93.57483800492206,0.07898369431495667,0.3535955250263214,-0.11099578983720011,0.18054007153239648,-2.0996038402572883,0
58.01,2,1.4900529701690537,0.3239959725478657,147.720188255602,1.5953494875737788,0.1924501244598539,150.01975436636,-92.26055985858102,0.08031783998012543,0.3673606514930725,-0.11099578983720011,0.18054007153239648,-2.0996038402572883,0
58.11,2,1.486683816548355,0.3166613424662751,148.87029292270708,1.5916199519299417,0.19456375222401046,150.96989676296434,-91.37589031710141,0.08028872311115265,0.34830522537231445,-0.11099578983720043,0.18054007153239726,-2.0996038402573203,0
58.21,2,1.4817470101017602,0.3195623295683466,150.17646802014218,1.586580176941046,0.19728192295426691,152.2760718603995,-90.05764019909432,0.08021456003189087,0.3316679000854492,-0.11099578983720043,0.18054007153239726,-2.0996038402573203,0
58.31,2,1.4792972041219548,0.32095121696490225,150.7904387115831,1.5840811312570793,0.19858012486785698,152.8900425518404,-89.20621199389358,0.08007404953241348,0.32790622115135193,-0.11099578983720045,0.19054007153239785,-2.0996038402573403,0
58.41,2,1.4737265710558014,0.3339900120880315,152.07583835666748,1.5784029063251752,0.20141278972286106,154.1754421969248,-88.00204609211801,0.07976744323968887,0.32110509276390076,-0.11099578983720045,0.19054007153239785,-2.0996038402573403,0
58.51,2,1.470919284869287,0.33546240783521014,152.66196036479315,1.5755435609512043,0.20278134699300226,154.7615642050505,-87.21864760217191,0.07993283122777939,0.29635336995124817,-0.1017360424193148,0.18560755724253175,-2.299566110757984,0
58.61,2,1.4749889522053095,0.3278964332164175,153.69731543836903,1.569746025409338,0.20543916036510287,155.996881549127,-86.03967144436848,0.07995147258043289,0.2737833261489868,-0.1017360424193148,0.18560755724253175,-2.299566110757984,0
58.71,2,1.4721951342222346,0.3292611678050512,154.2822365955924,1.56689969837185,0.2066906961479035,156.5818027063504,-85.27202205055829,0.07999870926141739,0.27794405817985535,-0.1017360424193148,0.18560755724253175,-2.299566110757984,0
58.81,2,1.4678165046103826,0.33133279637506075,155.10444973779977,1.5624414723822302,0.20858496730994586,157.40401584855775,-84.13447220885595,0.08000495284795761,0.2771766781806946,-0.10099549167826845,0.1805760702886748,-2.0996038402573953,0
58.91,2,1.463630409176155,0.3337635693614295,156.11883293023385,1.5579652310907632,0.21041223566634093,158.22058825914363,-83.38186690077413,0.08000613003969193,0.2478431761264801,-0.10099549167826824,0.18057607028867498,-2.09960384025739,0
59.01,2,1.4573372227796533,0.33649698538535056,157.04116573070428,1.551574080066918,0.21290855966559044,159.14076957096165,-82.29799444768204,0.08000299334526062,0.19766771793365479,-0.10099549167826824,0.18057607028867498,-2.09960384025739,0
59.11,2,1.4521732426880123,0.33865388165566,157.7239423625078,1.5463345450529402,0.2148748161964228,159.82354620276521,-81.67416438079206,0.08000092953443527,0.16782601177692413,-0.10099549167826824,0.18057607028867498,-2.09960384025739,0
59.21,2,1.446743484385707,0.3408399702854442,158.46996126816555,1.5408283407446575,0.2168605082254573,160.56956510842295,-80.81513571072824,0.07999993115663528,0.21396072208881378,-0.10099549167826824,0.18057607028867498,-2.09960384025739,0
59.31,2,1.443355694600778,0.34216239438113694,158.8587690996913,1.5373943759762942,0.2180579267343254,160.9583729399487,-80.1944256977406,0.07912717014551163,0.14283819496631622,-0.09099549167826788,0.19057607028867485,-2.099603840257389,0
59.41,2,1.4457697646982088,0.3550506811439552,159.51155863189467,1.5297077213278618,0.2206663502480028,161.61116247215205,-79.39194356120463,0.07980480045080185,0.12142994999885559,-0.09099549167826788,0.19057607028867485,-2.099603840257389,0
59.51,2,1.4421335597397336,0.3563962442615863,159.91776259352875,1.526024660420498,0.22187779110756425,162.01736643378615,-78.95007046532004,0.07986901700496674,0.09821709990501404,-0.09099549167826788,0.19057607028867485,-2.099603840257389,0
59.61,2,1.4333360158957944,0.3595621788408026,160.4138500133896,1.517117033123947,0.2247192863814733,162.51345385364698,-78.34162871168984,0.0796654149889946,0.09990112483501434,-0.09099549167826788,0.19057607028867485,-2.099603840257389,0
59.71,2,1.4291187115905297,0.36105091339960704,160.76357378920946,1.512848017649192,0.22605251294364795,162.86317762946686,-77.96695616161055,0.0799456462264061,0.09248793125152588,-0.09099549167826788,0.19057607028867485,-2.099603840257389,0
59.81,2,1.4204617757919822,0.3640275430930713,161.29993128045055,1.5040878395254764,0.22870998185089,163.39953512070792,-77.40540744530726,0.07671507447957993,0.1252865195274353,-0.09099549167826788,0.19057607028867485,-2.099603840257389,0
59.91,2,1.4166119454565693,0.3653188169993673,161.6578288561371,1.5001932856421132,0.22985934339632627,163.75743269639446,-77.01130715058012,0.07928890734910965,0.07734599709510803,-0.09099549167826788,0.19057607028867485,-2.099603840257389,0
60.01,2,1.4074826576483246,0.3682863880979271,162.1525167932087,1.4909614045015036,0.23249045432451398,164.2521206334661,-76.4796153404015,0.08038761466741562,0.19734599709510803,-0.09099549167826869,0.18057607028867478,-2.099603840257386,0
60.11,2,1.4011272326548583,0.36028417806103485,163.00299987419484,1.484537053611473,0.23425406063716595,165.10260371445221,-76.09776450894292,0.08128775656223297,0.25781941413879395,-0.09099549167826869,0.18057607028867478,-2.099603840257386,0
60.21,2,1.395806360461191,0.36185298288246254,164.0838352934265,1.479162277613674,0.2356268725115888,166.1834391336839,-75.25820991713914,0.08045095950365067,0.2561225891113281,-0.09099549167826869,0.18057607028867478,-2.099603840257386,0
60.31,2,1.3912129578246977,0.3631212471644798,164.9967540082803,1.4745254936276173,0.23672599777134445,167.0963578485377,-74.54114989447145,0.07865369319915771,0.13482186198234558,-0.08099549167826765,0.1805760702886744,-2.0996038402573585,0
60.41,2,1.3957242022765821,0.36457021504059933,165.53811657681086,1.468987337426427,0.23797290244461508,167.6377204170682,-73.58141272501007,0.07828458398580551,0.21093493700027466,-0.08099549167826765,0.1805760702886744,-2.0996038402573585,0
60.51,2,1.3916835439428668,0.36559177948943655,166.1384393113155,1.4649119649488844,0.23884574427578523,168.23804315157287,-73.03664898660743,0.07941993325948715,0.20756812393665314,-0.08099549167826765,0.1805760702886744,-2.0996038402573585,0
60.61,2,1.3846813319884257,0.36722910452439617,167.6034789874962,1.4578544676013074,0.2402254314555344,169.70308282775355,-72.10206794384148,0.07979243248701096,0.09647442400455475,-0.08099549167826765,0.1805760702886744,-2.0996038402573585,0
60.72,2,1.3807381587631802,0.3680856300092811,167.84249078348728,1.4538825612846853,0.24093691666446612,169.94209462374462,-71.55443683852867,0.08002177625894547,0.02545410767197609,-0.08175413535500468,0.1951795786837745,-2.2995661107580414,0
60.81,2,1.3709391544167786,0.3796816112999878,168.0944719168861,1.4441204331826072,0.242641646573624,170.39403802764414,-71.1894419110306,0.08006506413221359,0.008866988122463226,-0.08175413535500468,0.1951795786837745,-2.2995661107580414,0
60.91,2,1.3654402220428077,0.3808479169919915,168.06796690981022,1.43857913199142,0.24358637263405122,170.36753302056823,-71.08090639506767,0.08004497736692429,-0.04140033572912216,-0.08175413535500468,0.1951795786837745,-2.2995661107580414,0
61.01,2,1.3556063479368279,0.38293882593664363,167.90379074399792,1.4286692810114356,0.24528102118215694,170.20335685475595,-71.15048162809524,0.07994859665632248,0.06824102997779846,-0.08175413535500468,0.1951795786837745,-2.2995661107580414,0
61.11,2,1.348190765859556,0.38448795933818536,168.36109855186638,1.4211975129314045,0.24653136257503894,170.66066466262438,-71.0094309369666,0.07918231934309006,0.031856779009103775,-0.08175413535500468,0.1951795786837745,-2.2995661107580414,0
61.21,2,1.342844526737097,0.3855833012574742,168.54935096809578,1.415811629394143,0.2474113087084561,170.84891707885382,-70.72235644107953,0.07711190730333328,0.09254373610019684,-0.08175413535500468,0.1951795786837745,-2.2995661107580414,0
61.31,2,1.3337281372714462,0.3873657521211282,169.17661477292597,1.4066310619050895,0.2488265360929087,171.476180883684,-70.41703183373333,0.07273909449577332,0.07543572783470154,-0.08175413535500468,0.1951795786837745,-2.2995661107580414,0
61.41,2,1.3269450567085554,0.38861733895220807,170.03055328879455,1.3998032248111245,0.2498049491634857,172.3301193995526,-69.8801351752342,0.07582687586545944,0.07942017912864685,-0.08175413535500468,0.1951795786837745,-2.2995661107580414,0
61.51,2,1.322557260298221,0.38937410975385545,170.32812212929366,1.3953885970550945,0.25038505360275476,172.6276882400517,-69.50889700426613,0.0763174369931221,0.08368551731109619,-0.08175413535500468,0.1951795786837745,-2.2995661107580414,0
61.61,2,1.3133488234868336,0.39088478038456154,171.28362381472456,1.386126961317569,0.251525026290666,173.5831899254826,-68.97518191777196,0.07720575481653214,0.04528958722949028,-0.09175413535500475,0.18517957868377413,-2.299566110758029,0
61.71,2,1.308644944564567,0.3915999523295268,171.36039139942653,1.3813981747130912,0.25205088280676236,173.65995751018457,-68.70866688965123,0.08011478185653687,0.03646671399474144,-0.09175413535500475,0.18517957868377413,-2.299566110758029,0
61.81,2,1.2911226370415971,0.38271925465025736,171.85334924645912,1.3738370137728289,0.2528674569863487,174.15291535721715,-68.37611621643752,0.08011731505393982,0.15646671399474144,-0.09175413535500475,0.18517957868377413,-2.299566110758029,0
61.91,2,1.2841109827291517,0.3837007436985285,172.29877841312853,1.3667916244644145,0.2535668184393855,174.59834452388657,-68.02799645260085,0.07926913350820541,0.0642983615398407,-0.09175413535500475,0.18517957868377413,-2.299566110758029,0
62.01,2,1.2774970072934606,0.38454553638707767,173.1201506066512,1.3601490786171644,0.2541455501714771,175.41971671740924,-67.48367909395385,0.07566148787736893,0.11821398884057999,-0.09175413535500475,0.18517957868377413,-2.299566110758029,0
62.11,2,1.2708719308923797,0.3853167395004332,173.62752123061563,1.3534983934688771,0.25465030617249174,175.92708734137366,-67.07083955446011,0.05733637884259224,0.17158260941505432,-0.09175413535500475,0.18517957868377413,-2.299566110758029,0
62.21,2,1.2648702915403578,0.3859330375571857,174.6837972581474,1.3474768587606414,0.255025296791052,176.98336336890543,-66.2889721379099,0.07455461472272873,0.24722173810005188,-0.09175413535500482,0.18517957868377377,-2.2995661107580125,0
62.31,2,1.2579387354317002,0.38646702450605336,176.53048225621512,1.34052945882815,0.25528073039699317,178.83004836697313,-65.60595020132637,0.07720687240362167,0.14336556196212769,-0.09175413535500482,0.18517957868377377,-2.2995661107580125,0
62.41,2,1.2523307230262717,0.38675421505776353,177.50167067114978,1.3349144392621888,0.2553426725176158,179.8012367819078,-64.63824349980847,0.080662302672863,0.13815751671791077,-0.08175413535500467,0.18517957868377424,-2.299566110758029,0
62.51,2,1.2563174556153154,0.386986833113039,178.15801230750986,1.3288966807221343,0.2553338255457268,-179.54242158173213,-64.11619207636437,0.08175257593393326,0.03587062284350395,-0.08175413535500467,0.18517957868377424,-2.299566110758029,0
62.61,2,1.2515618947195857,0.38713203816701375,178.5264077833778,1.3241391232439916,0.2552881004665675,-179.1740261058642,-63.63029981198614,0.0807880088686943,0.0931684747338295,-0.09175413535500525,0.18517957868377502,-2.2995661107580716,0
62.72,2,1.24452714806262,0.3872879883155926,178.8866473699211,1.3171037842965936,0.25516166126477036,-178.8137865193209,-63.29184470705545,0.08036001771688461,-0.02788645401597023,-0.09175413535500525,0.18517957868377502,-2.2995661107580716,0
62.81,2,1.224592648941367,0.38743064248154024,179.2030307341686,1.3071715615494899,0.25490558646486416,-178.49740315507333,-63.005436628028654,0.08001074194908142,0.02615957334637642,-0.09175413535500525,0.18517957868377502,-2.2995661107580716,0
62.91,2,1.2166947822859326,0.3875284372215746,179.4159366190125,1.2992761311157706,0.25468640666538905,-178.28449727022942,-62.880805982362276,0.07942724972963333,0.061977896839380264,-0.09175413535500525,0.18517957868377502,-2.2995661107580716,0
63.01,2,1.2119273244410127,0.3875687092685134,179.60588850127942,1.2945108966247352,0.25453535572597374,-178.09454538796254,-62.59354610540278,0.07982870191335678,0.010207220911979675,-0.09175413535500525,0.18517957868377502,-2.2995661107580716,0
63.11,2,1.2040925956329014,0.3876055062510585,179.8563318077953,1.2866810006811638,0.2542577606478096,-177.84410208144664,-62.49188360249837,0.08020182698965073,0.12358766794204712,-0.09175413535500525,0.18517957868377502,-2.2995661107580716,0
63.21,2,1.1967066374608104,0.38761251532110685,-179.80360174132315,1.2793007091950972,0.2539684082197329,-177.50403563056506,-62.134043083727754,0.07215218245983124,0.1205594390630722,-0.09175413535500525,0.18517957868377502,-2.2995661107580716,0
63.31,2,1.190195919124215,0.3875482478358552,-179.2020663537526,1.2727978126296093,0.253642954956258,-176.9025002429945,-61.72129508076489,0.07829169183969498,0.1007344126701355,-0.09175413535500525,0.18517957868377502,-2.2995661107580716,0
63.41,2,1.181469993486022,0.38738098441175484,-178.5903014157411,1.2640856253034993,0.25312570521862404,-176.290735304983,-61.129533944992986,0.0758453831076622,-0.002548588439822197,-0.09175413535500525,0.18517957868377502,-2.2995661107580716,0
63.51,2,1.1767542834093068,0.38725980576849023,-178.46132103542985,1.2593785749920936,0.25281540994454627,-176.16175492467178,-60.97263937215978,0.07412945479154587,0.1068280041217804,-0.09175413535500478,0.18517957868377408,-2.299566110758023,0
63.61,2,1.1670971769505172,0.38697418001893785,-177.9201556660768,1.2497407059229138,0.25214253028921974,-175.62058955531876,-60.61901827900093,0.07698570936918259,-0.01701183244585991,-0.09175413535500478,0.18517957868377408,-2.299566110758023,0
63.71,2,1.1623129979871814,0.38680413874989916,-178.03047281544434,1.2449672024379823,0.2517806644774199,-175.7309067046863,-60.463033050373,0.0769486054778099,0.04022662714123726,-0.09175413535500478,0.18517957868377408,-2.299566110758023,0
63.81,2,1.1547551653796848,0.38652417120146443,-177.74461664811957,1.2374266896418156,0.2511976702047576,-175.44505053736157,-60.221664359339165,0.08149885386228561,0.020964328199625015,-0.09175413535500478,0.18517957868377408,-2.299566110758023,0
63.91,2,1.1470023993657203,0.3862126961694583,-177.5710213587572,1.229692664632635,0.25057537226950777,-175.27145524799917,-60.09872007917267,0.08038567751646042,0.140964328199625,-0.09175413535500478,0.18517957868377408,-2.299566110758023,0
64.01,2,1.1376345979831413,0.385784111742124,-177.11453844914305,1.22034960376827,0.24977125720337973,-174.81497233838502,-59.71617456625738,0.07789965718984604,0.15089856088161469,-0.09175413535500478,0.18517957868377408,-2.299566110758023,0
64.11,2,1.133126023600198,0.38553861886502594,-176.57208927889783,1.2158545103564473,0.24934505896520148,-174.2725231681398,-59.28320600454224,0.07597749680280685,0.22788091003894806,-0.09175413535500478,0.18517957868377408,-2.299566110758023,0
64.21,2,1.1275073200028072,0.3851565153907842,-175.6925685915327,1.2102556631127996,0.24873781706722278,-173.39300248077467,-58.436600665537306,0.07779563218355179,0.18565963208675385,-0.09175413535500478,0.18517957868377408,-2.299566110758023,0
64.31,2,1.1222936176985436,0.3847230991472368,-174.91192350455975,1.2050635498994753,0.24809555408551243,-172.61235739380174,-57.801241611827734,0.07925781607627869,0.19414083659648895,-0.10175413535500549,0.18517957868377402,-2.2995661107580343,0
64.41,2,1.1168267568433004,0.38420655510067725,-174.2157922767144,1.1996218174427478,0.24736007245282135,-171.91622616595637,-56.91922919438929,0.07996686547994614,0.26966625452041626,-0.10175413535500549,0.18517957868377402,-2.2995661107580343,0
64.51,2,1.10117006356242,0.3835991713632837,-173.40808860603468,1.1939940503048967,0.24652620740347353,-171.10852249527665,-56.34723946348229,0.07145901769399643,0.15023347735404968,-0.10175413535500549,0.18517957868377402,-2.2995661107580343,0
64.61,2,1.095909267492835,0.3829538121781749,-172.49203239069078,1.1887633852973591,0.24567028255719028,-170.19246627993275,-55.3952678059937,0.0742344781756401,0.20506969094276428,-0.10175413535500549,0.18517957868377402,-2.2995661107580343,0
64.71,2,1.0891882696110433,0.3820008548110039,-171.2847987357185,1.1820860365185242,0.24444841777069026,-168.98523262496047,-54.72324773452908,0.07787512242794037,0.2564588487148285,-0.10175413535500549,0.18517957868377405,-2.299566110758031,0
64.81,2,1.0843614149478724,0.3812265569627974,-170.49643846676017,1.1772941370279875,0.24348106965873484,-168.19687235600213,-53.63571930961425,0.07784902304410934,0.1714983731508255,-0.10175413535500549,0.18517957868377405,-2.299566110758031,0
64.91,2,1.0790591124623288,0.3803104079492118,-169.85284147435505,1.1720328642618814,0.24235290763848794,-167.55327536359704,-52.99579438635898,0.07983972132205963,0.1609099954366684,-0.10175413535500549,0.18517957868377405,-2.299566110758031,0
65.01,2,1.074983543469753,0.37956509550568124,-169.29319803843745,1.1679904824139111,0.24144466634514752,-166.99363192767944,-52.45754859085094,0.0800345167517662,0.06902536749839783,-0.10175413535500549,0.18517957868377405,-2.299566110758031,0
65.11,2,1.0690458265271792,0.37841613145929776,-168.77212124220958,1.1621036484136296,0.24005838126510912,-166.47255513145154,-51.804204206782586,0.0802019014954567,0.10760445892810822,-0.10232772966912433,0.18876615482119766,-2.499528381258692,0
65.21,2,1.0601947718972569,0.3761335653963765,-168.22155799065553,1.153245144244658,0.2378881049357499,-165.72202960939683,-51.22792202871713,0.08010658621788025,0.06197039410471916,-0.10232772966912433,0.18876615482119766,-2.499528381258692,0
65.31,2,1.055734169162327,0.3751941061697458,-168.03416332771803,1.1488297563240486,0.2367550074519016,-165.53463494645933,-50.90736117674765,0.08004478365182877,0.04357108846306801,-0.10232772966912433,0.18876615482119766,-2.499528381258692,0
65.41,2,1.048447950537043,0.3736386934510094,-167.74517547616009,1.1416183033075802,0.23488331410834618,-165.2456470949014,-50.547021734930105,0.07784650474786758,0.163571088463068,-0.10232772966912433,0.18876615482119766,-2.499528381258692,0
65.51,2,1.041507620431118,0.37210133458881917,-167.31183975033835,1.134751622375724,0.2330447420454557,-164.81231136907965,-50.19044144511747,0.07951075583696365,0.2323043793439865,-0.10232772966912433,0.18876615482119766,-2.499528381258692,0
65.61,2,1.0356878501423323,0.3707560667816111,-166.55113644363058,1.128996057824167,0.2314469471962328,-164.05160806237186,-49.43503803191551,0.07808227092027664,0.11247262358665466,-0.10232772966912433,0.18876615482119766,-2.499528381258692,0
65.71,2,1.03009203078632,0.36936710326511757,-165.58725881589228,1.1234661367548586,0.22981526497150473,-163.08773043463358,-48.87790577136978,0.07493581622838974,0.23247262358665466,-0.10180939108322781,0.17531068330514735,-2.2995661107580156,0
65.81,2,1.0242801798512726,0.3583362341454024,-164.6000925839878,1.1178389713363446,0.2280616324363429,-162.30052647322978,-48.012057172082145,0.07870446145534515,0.23883667588233948,-0.10180939108322781,0.17531068330514735,-2.2995661107580156,0
65.91,2,1.0173660525314003,0.3563585944005163,-163.5478194557869,1.1110097632338933,0.22580816128068656,-161.2482533450289,-47.35496708818703,0.0649053081870079,0.3296186029911041,-0.09180939108322714,0.17531068330514724,-2.2995661107579957,0
66.01,2,1.0232823331591254,0.35512068707155764,-162.8591414383246,1.1069790025581614,0.2244073947613979,-160.5595753275666,-46.12342708055418,0.07692641019821167,0.20151802897453308,-0.09180939108322714,0.17531068330514724,-2.2995661107579957,0
66.11,2,1.0186342448146992,0.3536657987663446,-162.33884762312445,1.1023930335908718,0.22276717713275968,-160.03928151236644,-45.35038954326738,0.06886548548936844,0.3215180289745331,-0.09180939108322714,0.17531068330514724,-2.2995661107579957,0
66.21,2,1.0137370243414872,0.3520757693001313,-161.39265269665478,1.0975635555556138,0.22098193093863552,-159.09308658589677,-44.32986870642818,0.07839000970125198,0.17151802897453305,-0.09180939108322714,0.17531068330514724,-2.2995661107579957,0
66.31,2,1.0106671275684327,0.3510226384980402,-160.74623912073116,1.094538387031652,0.2198064709924211,-158.44667300997315,-43.608574629156124,0.08036613464355469,0.07376203685998917,-0.09180939108322714,0.17531068330514724,-2.2995661107579957,0
66.41,2,1.0046283421850182,0.3488989839504727,-160.45970996134537,1.0885896746828365,0.21744222503749297,-158.16014385058736,-42.976188912554534,0.06319938600063324,-0.009725229814648628,-0.09136510623584049,0.1719644706212924,-2.099603840257346,0
66.51,2,0.9981926948091413,0.34711752361186554,-160.13526576359556,1.0824092760706745,0.21495337370242296,-158.0356619233382,-42.89723418648732,0.07618292421102524,0.013398099690675735,-0.09136510623584049,0.1719644706212924,-2.099603840257346,0
66.61,2,0.9890933775061177,0.34382061124035734,-159.88088039950821,1.0734368559365928,0.21132530486293902,-157.7812765592509,-42.79197316536509,0.06255125254392624,0.13339809969067573,-0.09136510623584049,0.1719644706212924,-2.099603840257346,0
66.71,2,0.9831587040441074,0.34163769623068607,-159.63675835583598,1.0675861417532715,0.20892642792044663,-157.53715451557864,-42.53579204039403,0.07027449458837509,0.09291552752256393,-0.09136510623584049,0.1719644706212924,-2.099603840257346,0
66.81,2,0.9788559034121092,0.3400290601471737,-159.38329035829221,1.0633451650958177,0.20716123095726274,-157.2836865180349,-41.97050758343695,0.07850689440965652,0.09198884665966034,-0.09136510623584049,0.1719644706212924,-2.099603840257346,0
66.91,2,0.9726185841114752,0.33766005363234014,-159.0904355260552,1.057198826053109,0.2045652994679008,-156.99083168579784,-41.6143158386318,0.06136371195316315,0.21198884665966033,-0.09136510623584049,0.1719644706212924,-2.099603840257346,0
67.01,2,0.9664948345768269,0.33529895164524354,-158.64413932251924,1.0511656909344023,0.20198142803224375,-156.54453548226192,-40.995239745138846,0.07848486304283142,0.09586110711097717,-0.09136510623584049,0.1719644706212924,-2.099603840257346,0
67.11,2,0.9587494678413762,0.33221404311199965,-157.92731588088262,1.0435385452472588,0.19861482511651474,-155.8277120406253,-40.522594876537646,0.07811767607927322,0.21586110711097717,-0.09136510623584049,0.1719644706212924,-2.099603840257346,0
67.21,2,0.9534678463004154,0.3300540836143656,-157.49629951505923,1.0383396035402175,0.1962628140068161,-155.39669567480186,-39.77884873485494,0.08094245195388794,0.20305486023426056,-0.09136510623584049,0.1719644706212924,-2.099603840257346,0
67.31,2,0.949636940222137,0.32845613914486643,-157.21988705594228,1.0345698129222012,0.19452559018574048,-155.1202832156849,-39.25432315932426,0.08053456991910934,0.310793399810791,-0.09136510623584049,0.1719644706212924,-2.099603840257346,0
67.41,2,0.9445516353078933,0.32628395729179077,-156.4385647552057,1.0295675038321248,0.1921685573389184,-154.33896091494833,-38.33457610469162,0.0804418995976448,0.29992857575416565,-0.09170151635094484,0.17511092209857537,-2.2995661107580023,0
67.52,2,0.9402750487110928,0.32383724406084546,-155.6146539182261,1.02517798476754,0.1900138132600679,-153.3150878074681,-37.583386616428534,0.08011993020772934,0.33493977785110474,-0.09170151635094484,0.17511092209857537,-2.2995661107580023,0
67.61,2,0.9352340131623095,0.3214826093936841,-154.31791984931343,1.020235486662894,0.18745880713376092,-152.01835373855542,-36.29769241062141,0.08099108189344406,0.20148195326328278,-0.08139555734427734,0.1719926776171991,-2.099603840257335,0
67.71,2,0.942230839486988,0.32058049965817925,-153.66572862475005,1.017495400123271,0.1859904617893779,-151.56612478449273,-35.47101323170878,0.08018820732831955,0.31047898530960083,-0.08139555734427734,0.1719926776171991,-2.099603840257335,0
67.81,2,0.9376032399518937,0.3182684033017138,-153.17252896027412,1.012955615150065,0.18351037723117422,-151.07292512001678,-34.43139886075644,0.08012264221906662,0.3707728683948517,-0.08139555734427734,0.1719926776171991,-2.099603840257335,0
67.91,2,0.9335649085016278,0.3162018325439104,-152.65982579486865,1.0089957073828402,0.1812972423337297,-150.5602219546113,-33.61562678340232,0.07996764034032822,0.2506110966205597,-0.08139555734427734,0.1719926776171991,-2.099603840257335,0
68.01,2,0.929626791301621,0.3141467984050721,-152.13884266585325,1.005135523921958,0.17909930783945738,-150.0392388255959,-32.489468314231104,0.07996953278779984,0.25520557165145874,-0.08139555734427734,0.1719926776171991,-2.099603840257335,0
68.11,2,0.9249071433061962,0.31161524341751506,-151.27773670022893,1.0005117925471894,0.17639653962340152,-149.17813285997158,-31.80743898838953,0.07997654378414154,0.13437926769256592,-0.08163871725443507,0.17505287557606677,-2.2995661107579832,0
68.21,2,0.9202805515815371,0.308485568135373,-150.88554979762407,0.9957585387523332,0.17352647409042068,-148.5859836868661,-30.910025224776252,0.07999158650636673,0.2203444540500641,-0.08163871725443507,0.17505287557606677,-2.2995661107579832,0
68.31,2,0.9134354131026162,0.30463704861468416,-150.3202678662366,0.9890733315366873,0.16940639790415857,-148.02070175547863,-30.388626730873817,0.07999879866838455,0.17018070816993713,-0.08163871725443507,0.17505287557606677,-2.2995661107579832,0
68.41,2,0.9082869097796209,0.3016758069103365,-149.79689030524102,0.9840477918394898,0.16624096118067908,-147.49732419448304,-29.616557985659792,0.0800013393163681,0.27518370747566223,-0.08163871725443507,0.17505287557606677,-2.2995661107579832,0
68.51,2,0.9038290349107534,0.2990265347509381,-148.85505556787533,0.9796998068961567,0.16341495370482326,-146.55548945711735,-29.01621000487075,0.08000132441520691,0.24116957187652588,-0.08163871725443507,0.17505287557606677,-2.2995661107579832,0
68.61,2,0.9008369380196095,0.2971955146115527,-148.23535168980766,0.9767835878092276,0.16146535251641092,-145.93578557904965,-27.964796702284218,0.08000070601701736,0.09853249043226242,-0.07128953658275006,0.1690747328716159,-1.8996415697566569,0
68.71,2,0.9036867114249661,0.29386371885139057,-147.28548915105716,0.9703038029451058,0.1570398204002082,-145.38584758130048,-27.384890378733495,0.08000021427869797,0.006952211260795593,-0.07128953658275006,0.1690747328716159,-1.8996415697566569,0
68.81,2,0.8969967412075331,0.2895632727356494,-147.20980118724583,0.9637600645494275,0.15251997238136283,-145.31015961748918,-27.05745405767861,0.08022630214691162,0.020465411245822906,-0.07128953658275006,0.1690747328716159,-1.8996415697566569,0
68.91,2,0.8901675238107774,0.2851529256349442,-147.15985974160202,0.9570807986010493,0.1478856678821218,-145.26021817184537,-26.9360975104173,0.0800505131483078,-0.040640439838171005,-0.07128953658275006,0.1690747328716159,-1.8996415697566569,0
69.01,2,0.8859427547899703,0.28243265398950296,-147.28341926936596,0.952948525498297,0.14502684467869814,-145.3837776996093,-27.019330515181668,0.08003390580415726,-0.02771461009979248,-0.07128953658275006,0.1690747328716159,-1.8996415697566569,0
69.11,2,0.8769536916042144,0.2766837153386884,-147.44765608164548,0.9441549736340581,0.13898308771971316,-145.54801451188882,-27.091804937777898,0.07999364286661148,-0.07956314086914062,-0.07128953658275006,0.1690747328716159,-1.8996415697566569,0
69.21,2,0.8706087368668523,0.2726650293015191,-147.92331200065738,0.9379467210619881,0.13475628182330626,-146.02367043090072,-27.27914527021395,0.07999364286661148,-0.07956314086914062,-0.07128953658275006,0.1690747328716159,-1.8996415697566569,0
69.31,2,0.8669514241607974,0.27037661489077774,-148.12302531002817,0.9343672768097058,0.1323478890833316,-146.22338374027152,-27.528051601675834,0.07999775558710098,-0.128083273768425,-0.07128953658275006,0.1690747328716159,-1.8996415697566569,0
69.41,2,0.859190808244201,0.2656506809215139,-149.24758876599316,0.926767585582145,0.1273672962940636,-147.3479471962365,-28.065740294028682,0.07999775558710098,-0.128083273768425,-0.07128953658275006,0.1690747328716159,-1.8996415697566569,0
69.51,2,0.855691254637653,0.2635854748081636,-149.62064030019383,0.9233384146133082,0.12518721872612965,-147.72099873043717,-28.469731324178742,0.08000022917985916,-0.05962595641613007,-0.07147880203494274,0.17027202569326827,-2.6994906517593034,0
69.61,2,0.8488431582850186,0.247449198887225,-151.22413390999048,0.9156658158564578,0.12043645785771737,-148.52464325823115,-29.023896622449072,0.08000028878450394,0.04049457311630249,-0.07147880203494274,0.17027202569326827,-2.6994906517593034,0
69.71,2,0.8445514354673964,0.24509173095335496,-151.22556969032985,0.9114898866035888,0.11787947630175018,-148.52607903857054,-29.122946194093103,0.08000028878450394,0.10598056763410568,-0.07147880203494274,0.17027202569326827,-2.6994906517593034,0
69.81,2,0.8383259788854707,0.24165268873143836,-150.78985352392544,0.9054333089845541,0.11415104652472909,-148.0903628721661,-28.71777656545847,0.08000016957521439,-0.026538923382759094,-0.07147880203494274,0.17027202569326827,-2.6994906517593034,0
69.91,2,0.8294938106363694,0.23669993013357288,-150.7755653137183,0.8968442047468766,0.10878781036514479,-148.07607466195898,-28.58761740128892,0.08000000566244125,-0.1465389233827591,-0.07147880203494274,0.17027202569326827,-2.6994906517593034,0
70.01,2,0.8255988473451106,0.2345336904357624,-151.26474312328,0.8930555883484392,0.10644053124792949,-148.56525247152072,-28.974981370342825,0.07999999076128006,-0.2539300322532654,-0.07147880203494274,0.17027202569326827,-2.6994906517593034,0
70.11,2,0.8203819419616244,0.23174461168856378,-152.48180529034488,0.8879758310314648,0.10340884398850345,-149.78231463858555,-29.514565568485335,0.07999999076128006,-0.17893003225326537,-0.07147880203494274,0.17027202569326827,-2.6994906517593034,0
70.21,2,0.8159461206099263,0.22950073845410346,-153.60203601601205,0.8836506131171776,0.10095854438428432,-150.90254536425277,-30.470510864740607,0.07999999076128006,-0.15622828900814056,-0.07147880203494274,0.17027202569326827,-2.6994906517593034,0
70.31,2,0.8086303414934218,0.22593543953826434,-154.5643645013584,0.8765108692849388,0.09705264647845324,-151.8648738495991,-30.945160636365756,0.07999999076128006,-0.08122828900814057,-0.07147880203494274,0.17027202569326827,-2.6994906517593034,0
70.41,2,0.8050503741440572,0.22425550526278315,-155.2007878252974,0.8730139954713658,0.09520596867103784,-152.5012971735381,-31.608631634637085,0.07999999076128006,-0.06055528670549393,-0.08140199337367399,0.1755148914951038,-3.0994151927606244,0
70.51,2,0.7866702652286173,0.21940538222376615,-156.09612823040035,0.8644293635005801,0.09076175873829266,-152.99671303763972,-31.885519601088866,0.07999999076128006,-0.071619912981987,-0.08140199337367399,0.1755148914951038,-3.0994151927606244,0
70.61,2,0.7823723850231703,0.2175126920378522,-156.33612324548318,0.8602401052872183,0.0886394566810894,-153.23670805272255,-32.26704771584544,0.08057910948991776,0.006177783012390137,-0.08140199337367399,0.1755148914951038,-3.0994151927606244,0
70.71,2,0.7753631439903421,0.21444772179702493,-156.38138113765936,0.8534068359308947,0.08519998981290053,-153.28196594489873,-32.32114704231018,0.08012942224740982,0.0019626151770353317,-0.08140199337367399,0.1755148914951038,-3.0994151927606244,0
70.81,2,0.7656741560511204,0.21021159600282321,-156.38829058628514,0.8439610623082092,0.08044619031148466,-153.2888753935245,-32.32049175431361,0.07998792827129364,-0.08307773381471634,-0.08140199337367399,0.1755148914951038,-3.0994151927606244,0
70.91,2,0.7605350240634174,0.2079748024874877,-156.5972189741298,0.8389503880695234,0.07793480294768541,-153.49780378136913,-32.43944385410655,0.07998792827129364,-0.10720286518335342,-0.08140199337367399,0.1755148914951038,-3.0994151927606244,0
71.01,2,0.7544034592728472,0.2053492244626777,-157.18885036415625,0.8329697537789312,0.07498154030655162,-154.08943517139565,-32.925639712609765,0.07998574525117874,-0.08596615493297577,-0.08140199337367399,0.1755148914951038,-3.0994151927606244,0
71.11,2,0.7461825005041598,0.20193958007158985,-157.7671205352227,0.8249451752165314,0.0711323875626337,-154.66770534246209,-33.245360349039224,0.07999426871538162,-0.010966154932975772,-0.08140199337367399,0.1755148914951038,-3.0994151927606244,0
71.21,2,0.7391061006760944,0.20289633317711647,-157.76778797350855,0.8182874057038096,0.06801511959978075,-154.97289403833227,-33.59707601201213,0.07999879866838455,0.00998977292329073,-0.08180391494202921,0.1733727241482529,-2.099603840257329,0
71.31,2,0.7310968980251655,0.20825986959457676,-157.02673688470117,0.8110769163279021,0.06464580759910385,-154.92713304444385,-33.57790199467056,0.08000059425830841,0.04805883392691612,-0.08180391494202921,0.1733727241482529,-2.099603840257329,0
71.41,2,0.72390545525846,0.20520502473325455,-156.95504831265583,0.8040022212943451,0.06132954217309984,-154.85544447239852,-33.4612631200193,0.08000075072050095,0.03657863289117813,-0.08180391494202921,0.1733727241482529,-2.099603840257329,0
71.51,2,0.7168613919742143,0.20217966234605445,-156.58101532621976,0.7970737266561275,0.058048138940558075,-154.4814114859624,-33.30855255319793,0.08000043779611588,0.031782664358615875,-0.08180391494202921,0.1733727241482529,-2.099603840257329,0
71.61,2,0.7096629106367307,0.19906144533361386,-156.41277410928123,0.7899943195299235,0.05466828603780859,-154.31317026902389,-33.1236507112806,0.08000015467405319,-0.0010551977902650833,-0.08180391494202921,0.1733727241482529,-2.099603840257329,0
71.73,2,0.7049650976074304,0.197008673155992,-156.43355220271772,0.7853748673927121,0.0524447791627359,-154.33394836246043,-33.05347377311152,0.08000000566244125,-0.0558079294860363,-0.08180391494202921,0.1733727241482529,-2.099603840257329,0
71.81,2,0.6953406688572698,0.19281733552164104,-156.72311673222325,0.7759104572252024,0.04790364713281378,-154.62351289196593,-33.15900598417069,0.07999996840953827,-0.09530935436487198,-0.07153028738102042,0.17789471203093987,-2.4995283812586573,0
71.91,2,0.6990456605095025,0.1891165451166301,-157.48569895246524,0.7693534097766291,0.044816870375506385,-154.9861705712066,-33.38753867868116,0.07999996840953827,-0.09530935436487198,-0.07153028738102042,0.17789471203093987,-2.4995283812586573,0
72.01,2,0.6928238416056558,0.18657302315804736,-158.02587281958336,0.763248436385054,0.042004427609117365,-155.5263444383247,-33.872391286516894,0.07999998331069946,-0.0929446816444397,-0.07153028738102042,0.17789471203093987,-2.4995283812586573,0
72.11,2,0.688686861802298,0.184920170799359,-158.40830859260674,0.7591874753996851,0.040172729301992616,-155.9087802113481,-34.173674759633414,0.07999999076128006,-0.07826592028141022,-0.07153028738102042,0.17789471203093987,-2.4995283812586573,0
72.21,2,0.6823600181508993,0.18243128129720457,-158.80693573550093,0.7529751945981294,0.03741028676217365,-156.30740735424226,-34.64492910442338,0.07999999076128006,-0.07826592028141022,-0.07153028738102042,0.17789471203093987,-2.4995283812586573,0
72.31,2,0.673583138989596,0.17908195094569665,-159.3192231137087,0.744352734124909,0.033681373112945175,-156.81969473245005,-34.94195355264685,0.07999999076128006,-0.03963463380932808,-0.07153028738102042,0.17789471203093987,-2.4995283812586573,0
72.41,2,0.6692012796581349,0.1774346077682156,-159.47393190317408,0.7400468863327678,0.03184449926425037,-156.97440352191543,-35.31178003967358,0.07999999076128006,-0.0705307275056839,-0.07153028738102042,0.17789471203093987,-2.4995283812586573,0
72.51,2,0.6598120012131911,0.1739593588837452,-159.86978656055612,0.7308181006782494,0.027963079437865367,-157.37025817929748,-35.504985687023094,0.07999999076128006,-0.0705307275056839,-0.07153028738102042,0.17789471203093987,-2.4995283812586573,0
72.61,2,0.6554632554895499,0.17238467620177475,-160.31584258040456,0.7265421661802203,0.02620024107705345,-157.81631419914592,-35.8937305650997,0.07999999076128006,-0.06436453759670258,-0.07153028738102042,0.17789471203093987,-2.4995283812586573,0
72.71,2,0.6463235303442513,0.1691353071347379,-160.69999326227494,0.7175528455137551,0.022555369471512085,-158.2004648810163,-36.1505376040467,0.07999999076128006,-0.04760848358273506,-0.08112097752135958,0.1819748767531084,-2.89945292225997,0
72.81,2,0.6320617973120357,0.16663812102402786,-161.25127591134466,0.7130455722371547,0.02075809019017923,-158.3518229890847,-36.4706337000193,0.07999999076128006,-0.04760848358273506,-0.08112097752135958,0.1819748767531084,-2.89945292225997,0
72.91,2,0.6224376546509742,0.1633920040191683,-161.62630306175762,0.7035979496643574,0.017029306837438987,-158.72685013949763,-36.67316843310728,0.07999999076128006,-0.07907027751207352,-0.08112097752135958,0.1819748767531084,-2.89945292225997,0
73.01,2,0.6157072534148269,0.16117301974422188,-161.87151837671536,0.6969884081952425,0.014472716612150036,-158.9720654544554,-37.057518028954654,0.07999999076128006,-0.09882678091526031,-0.08112097752135958,0.1819748767531084,-2.89945292225997,0
73.11,2,0.6091656834980776,0.15907377282546392,-162.50844340251336,0.6905613995882032,0.012045262191017429,-159.6089904802534,-37.36271986121042,0.07999999076128006,-0.07934650778770447,-0.08112097752135958,0.1819748767531084,-2.89945292225997,0
73.21,2,0.6027164174922631,0.15706265196595776,-162.82897776401128,0.6842221190122861,0.009710490059716676,-159.92952484175132,-37.875223111961965,0.07999999076128006,-0.05874590948224068,-0.08112097752135958,0.1819748767531084,-2.89945292225997,0
73.31,2,0.595963447209624,0.15500423079413816,-163.3346647552129,0.6775819155603532,0.007313115771930621,-160.43521183295297,-38.16569704835604,0.07999999076128006,-0.018618134781718254,-0.08112097752135958,0.1819748767531084,-2.89945292225997,0
73.41,2,0.5886428076558311,0.1528137701348164,-163.4851644429518,0.6703814485513776,0.0047551563842061694,-160.58571152069183,-38.48316425092085,0.07999999076128006,-0.026448175311088562,-0.08112097752135958,0.1819748767531084,-2.89945292225997,0
73.51,2,0.5809752857179397,0.15054834890629332,-163.5949986685946,0.6628383349839371,0.0021047858970130585,-160.69554574633463,-38.592741470606875,0.07999999076128006,-0.037295714020729065,-0.08112097752135958,0.1819748767531084,-2.89945292225997,0
73.61,2,0.5768063287122238,0.14932891360416087,-163.81688893252755,0.6587363980978558,0.0006760316304580165,-160.91743601026758,-38.810347646228415,0.07999999076128006,-0.012394556775689125,-0.08112097752135958,0.1819748767531084,-2.89945292225997,0
73.72,2,0.56866395263826,0.14697155155561198,-163.91318779819636,0.6507236889631542,-0.0020901817164239766,-161.0137348759364,-38.95852207955734,0.07999999076128006,-0.001999238505959511,-0.09187925863596548,0.16661448427706851,-2.2995661107579806,0
73.81,2,0.548243997044635,0.1354286841813751,-163.39243746805295,0.6408590698658275,-0.005476236065605387,-161.09287135729497,-39.05613118853514,0.07999999076128006,-0.020606325939297676,-0.09187925863596548,0.16661448427706851,-2.2995661107579806,0
73.91,2,0.5401239219613108,0.13300790633506837,-163.44611467646155,0.6328426657241277,-0.00822087618353165,-161.14654856570357,-39.111170755057586,0.07999999076128006,-0.08060632593929767,-0.09187925863596548,0.16661448427706851,-2.2995661107579806,0
74.01,2,0.5332073932814773,0.13096536454290003,-163.7775786418274,0.6260136623399355,-0.010539293473495779,-161.47801253106942,-39.33642561104612,0.07999999076128006,-0.144903764128685,-0.09187925863596548,0.16661448427706851,-2.2995661107579806,0
74.11,2,0.5269157685578958,0.12917132232864525,-164.2811630656376,0.6197990888230271,-0.01258433751503937,-161.98159695487962,-39.69214757823974,0.07999999076128006,-0.144903764128685,-0.09187925863596548,0.16661448427706851,-2.2995661107579806,0
74.21,2,0.5210387482302742,0.1275560099917311,-164.96477587978788,0.6139916144227804,-0.014434159930175867,-162.6652097690299,-40.40335835104347,0.07999999076128006,-0.138197124004364,-0.09187925863596548,0.16661448427706851,-2.2995661107579806,0
74.31,2,0.5151279444371162,0.12600445793979242,-165.69708325664593,0.608147825430782,-0.016221628941959186,-163.39751714588795,-40.863016903662896,0.07999999076128006,-0.138197124004364,-0.09187925863596548,0.16661448427706851,-2.2995661107579806,0
74.41,2,0.511031047086731,0.12496575205704677,-165.8915266101973,0.6040959045853644,-0.01742388318832895,-163.59196049943932,-41.577150358080125,0.07999999076128006,-0.136396124958992,-0.09187925863596548,0.16661448427706851,-2.2995661107579806,0
74.52,2,0.5051044272748635,0.12350357350781874,-166.4585585370956,0.5982327262687057,-0.019122685275479605,-164.15899242633762,-42.04220837963795,0.07999999076128006,-0.1014760360121727,-0.09187925863596548,0.16661448427706851,-2.2995661107579806,0
74.61,2,0.49904635902716854,0.12208172741435998,-167.07384357476545,0.5922365870632134,-0.020786461653353096,-164.77427746400744,-42.70582373553422,0.07999999076128006,-0.061937931925058365,-0.09187925863596569,0.16661448427706851,-2.299566110757986,0
74.71,2,0.4929881592081523,0.1207005597621306,-167.3528297249073,0.5862386842013919,-0.022409597627584123,-165.05326361414933,-43.05561849222111,0.07999999076128006,-0.07078944891691208,-0.09187925863596569,0.16661448427706851,-2.299566110757986,0
74.81,2,0.48589301900264703,0.11913078411262795,-167.74136688411713,0.5792122437520927,-0.024262796143125053,-165.44180077335915,-43.46339902413762,0.07999999076128006,-0.0704588070511818,-0.09187925863596569,0.16661448427706851,-2.299566110757986,0
74.91,2,0.4789703688330823,0.11763258415724355,-167.95113809764769,0.5723552825130198,-0.02603755557536951,-165.6515719868897,-43.75007061586198,0.07999999076128006,-0.0704588070511818,-0.09187925863596569,0.16661448427706851,-2.299566110757986,0
75.01,2,0.47197067406029913,0.1161657497694787,-168.26437463765845,0.5654200801957063,-0.027784066053776518,-165.96480852690047,-44.158309558324476,0.07999999076128006,0.048040200024843216,-0.09187925863596569,0.16661448427706851,-2.299566110757986,0
75.11,2,0.46451649231121805,0.11462771738470498,-168.36483884933892,0.5580336136654244,-0.02961995313145051,-166.06527273858094,-44.22624313507776,0.07999999076128006,0.034410834312438965,-0.09187925863596569,0.16661448427706851,-2.299566110757986,0
75.21,2,0.45709303833229087,0.11308222167519427,-168.22440986938224,0.5506781496203194,-0.03146206459564947,-165.92484375862426,-44.00724840479076,0.07999999076128006,0.034410834312438965,-0.09187925863596569,0.16661448427706851,-2.299566110757986,0
75.31,2,0.44956986712273417,0.11149860080007967,-167.9705065287325,0.5432245783897255,-0.03334627159989974,-165.67094041797452,-43.8836192722128,0.07999999076128006,0.020352989435195923,-0.09187925863596569,0.16661448427706851,-2.299566110757986,0
75.41,2,0.4389198702593592,0.10923374644735127,-167.87348521192345,0.5326740335070558,-0.03603662494244438,-165.57391910116547,-43.77413975644477,0.07999999076128006,0.045361366122961044,-0.09187925863596569,0.16661448427706851,-2.299566110757986,0
75.51,2,0.43387381654756585,0.10815555711924033,-167.94344676970198,0.5276753048994798,-0.037316415002320275,-165.643880658944,-43.661336411995585,0.07999999076128006,0.013260694220662117,-0.09187925863596569,0.16661448427706851,-2.299566110757986,0
75.61,2,0.4237082827995733,0.10595590857765455,-167.7931699555233,0.517606216660867,-0.03992217633657659,-165.49360384476532,-43.47108013583201,0.07999999076128006,0.05507641285657883,-0.09187925863596569,0.16661448427706851,-2.299566110757986,0
75.71,2,0.41864247040469005,0.10484471776428458,-167.6626226160367,0.5125507819812513,-0.04123550561653523,-165.36229938822834,-43.404549596990904,0.07999999076128006,0.04276813566684723,-0.08156213585102491,0.1679300316421224,-2.499528381258643,0
75.82,2,0.4213766450813208,0.10279812537283703,-167.75187275900527,0.5053007534545902,-0.04313619290350574,-165.25234437774662,-43.16053897338688,0.07999999076128006,0.04276813566684723,-0.08156213585102491,0.1679300316421224,-2.499528381258643,0
75.91,2,0.41393388759002997,0.10116654650363036,-167.50693816039464,0.49793623220070177,-0.045090806773719606,-165.00740977913597,-43.00090086442363,0.07999999076128006,-0.053810345754027364,-0.08156213585102491,0.1679300316421224,-2.499528381258643,0
76.01,2,0.40628618909917713,0.09947757127748023,-167.58943984420793,0.49036946805402554,-0.047111700108390366,-165.0899114629493,-42.972712534932995,0.07999999076128006,-0.04236308112740517,-0.08156213585102491,0.1679300316421224,-2.499528381258643,0
76.11,2,0.39903886468305894,0.09790106849474739,-167.83291368806104,0.483197792004255,-0.04900276722871545,-165.33338530680237,-43.15126948128469,0.07999999076128006,-0.04236308112740517,-0.08156213585102491,0.1679300316421224,-2.499528381258643,0
76.21,2,0.3888346758469691,0.09574588581870797,-168.2033973528763,0.47309730165637964,-0.051600915973910436,-165.70386897161765,-43.39771281613818,0.07999999076128006,-0.0593450702726841,-0.08156213585102491,0.1679300316421224,-2.499528381258643,0
76.31,2,0.3814088666129334,0.09422399043063681,-168.58859517737523,0.46574492911057264,-0.05344521158475647,-166.08906679611658,-43.55393662902357,0.07999999076128006,0.0025282977148890495,-0.08156213585102491,0.1679300316421224,-2.499528381258643,0
76.41,2,0.37390057738619836,0.09272101506967088,-168.80800669015645,0.45830932992072915,-0.05527420221785822,-166.30847830889778,-43.798493006149215,0.07999999076128006,-0.07247170228511095,-0.08156213585102491,0.1679300316421224,-2.499528381258643,0
76.51,2,0.3663322085916118,0.09122805395927731,-169.0461834996031,0.45081327159077783,-0.05709580826802051,-166.54665511834443,-43.877330840714286,0.07999999076128006,-0.07160313427448273,-0.08156213585102491,0.1679300316421224,-2.499528381258643,0
76.61,2,0.361935167094691,0.09039501118676414,-169.43301983367527,0.4464567434893602,-0.05811981856486263,-166.93349145241663,-44.290041816781546,0.07999999076128006,-0.12867914140224457,-0.08156213585102491,0.1679300316421224,-2.499528381258643,0
76.71,2,0.35277387805150745,0.08873615428902598,-170.05671952618937,0.43737651535442346,-0.06017663167193637,-167.55719114493073,-44.59352850877422,0.07999999076128006,-0.1266145259141922,-0.08156213585102491,0.1679300316421224,-2.499528381258643,0
76.81,2,0.33767435010724184,0.08603369211271575,-170.78857369504814,0.43122776064808815,-0.061483201082749565,-168.45704398006666,-45.22565706493509,0.07999999076128006,-0.11467735469341278,-0.09968009548967235,0.16213544227629378,-2.16625600599952,0
76.91,2,0.3226372822524268,0.0833889211789142,-171.23963110339233,0.4249921320127702,-0.06272694680233615,-169.0733750973928,-45.67084675629118,0.079030342400074,-0.11572776734828949,-0.09968009548967235,0.16213544227629378,-2.16625600599952,0
77.01,2,0.3184458045257744,0.08275534179150713,-171.6445740430287,0.42082759857268065,-0.06351850829681831,-169.4783180370292,-46.29198423659991,0.07858685404062271,-0.1004793792963028,-0.09968009548967235,0.16213544227629378,-2.16625600599952,0
77.11,2,0.3124777515147517,0.08189874253836385,-172.33862158727018,0.4145640445005829,-0.06463296289070675,-170.2283769476354,-46.70071938578213,0.07705452293157578,-0.025479379296302798,-0.09725352448615793,0.1584956238686015,-1.633022442726064,0
77.21,2,0.3062661613799592,0.08083576368994336,-172.39788785465922,0.4055689309494813,-0.0661289120805226,-170.76486541193316,-47.180038148532574,0.07680012285709381,-0.01348222978413105,-0.09725352448615793,0.1584956238686015,-1.633022442726064,0
77.31,2,0.3010285339013965,0.0801446261762507,-172.5626107153526,0.4003531265707387,-0.06696902954238013,-170.92958827262655,-47.292227514451554,0.07767704874277115,0.01339968666434288,-0.09725352448615793,0.1584956238686015,-1.633022442726064,0
77.41,2,0.29334381921728353,0.07914487230300517,-172.6572138871239,0.3927000237301798,-0.06818737452436201,-171.02419144439784,-47.341383436986476,0.07941672205924988,0.06995667517185211,-0.09725352448615793,0.1584956238686015,-1.633022442726064,0
77.51,2,0.28557445811322957,0.07813957902793246,-172.47321382006294,0.38496246670882633,-0.06941366889171291,-170.84019137733688,-47.28243387807564,0.07994534820318222,0.1299566751718521,-0.09725352448615793,0.1584956238686015,-1.633022442726064,0
77.61,2,0.2766250652640165,0.0769115846848249,-171.8686674023766,0.37605170368621144,-0.07089620213958621,-170.23564495965056,-46.91058965482926,0.08017568290233612,0.24460731208324432,-0.09725352448615793,0.1584956238686015,-1.633022442726064,0
77.71,2,0.27234418034373337,0.07627699467969132,-171.19244504044545,0.3717906418135423,-0.07165253003977784,-169.5594225977194,-46.48303536412179,0.08012791723012924,0.3646073120832443,-0.09725352448615793,0.1584956238686015,-1.633022442726064,0
77.82,2,0.26719009244325387,0.07543292911644278,-170.0313710285343,0.3666627011906225,-0.0726431327496167,-168.39834858580824,-45.533309274412495,0.08006275445222855,0.3343740999698639,-0.09725352448615793,0.1584956238686015,-1.633022442726064,0
77.91,2,0.2619871060149972,0.07444458984605834,-168.40201739759863,0.36148999337718757,-0.07377934406923842,-166.76899495487254,-44.682443332917714,0.08001450449228287,0.2593740999698639,-0.09725352448615793,0.1584956238686015,-1.633022442726064,0
78.01,2,0.25916545824247983,0.0737294146953017,-167.80685955211788,0.35852170622933865,-0.07449297102196104,-166.1407378409104,-43.49595429052616,0.07999597489833832,0.20190627872943878,-0.09595616475142911,0.15921672817474614,-1.8329847132266885,0
78.11,2,0.25341712470311173,0.07182057183533051,-166.81046838481774,0.35198998685361693,-0.07617632625678744,-164.97748367159105,-42.84628416172068,0.07999301701784134,0.19631296396255493,-0.09595616475142911,0.15921672817474614,-1.8329847132266885,0
78.21,2,0.24983062001202352,0.07133534032728368,-166.20338512290724,0.3483256460210495,-0.07717899724104278,-164.34486576097862,-41.94430010087751,0.07999558746814728,0.1858559101819992,-0.09422460060951844,0.16572155375838835,-2.132928118977665,0
78.31,2,0.2440086864021455,0.0738858886118982,-165.35879536933004,0.34141689035064404,-0.0791836651015171,-163.22586725035237,-41.357097323428725,0.08363033831119537,0.11785547435283661,-0.09422460060951844,0.16572155375838835,-2.132928118977665,0
78.41,2,0.23983501759847858,0.073012472540219,-164.85092710143914,0.3378050143777093,-0.08028638851202502,-162.75182002427718,-40.558373998303466,0.07881999015808105,0.12834978103637695,-0.09935041019901644,0.16480454515605467,-1.8329847132266968,0
78.51,2,0.22732669211418502,0.07139322290520975,-163.82818622343154,0.32949781515198745,-0.08291437818899572,-161.99520151020485,-40.14551515777756,0.08010008186101913,0.08023963123559952,-0.09935041019901644,0.16480454515605467,-1.8329847132266968,0
78.61,2,0.22098950977474016,0.06952363560351135,-163.375525477828,0.3232236763954364,-0.0849857109834997,-161.5425407646013,-39.56289140186822,0.08028537780046463,0.06996560096740723,-0.09935041019901644,0.16480454515605467,-1.8329847132266968,0
78.71,2,0.21668135437000072,0.068227015584,-163.07755571245386,0.31895919932039996,-0.08641946889293622,-161.24457099922716,-39.25797315763423,0.08008719235658646,0.012490153312683105,-0.09935041019901644,0.16480454515605467,-1.8329847132266968,0
78.81,2,0.20702577098649746,0.06524835415295499,-162.78256542469978,0.30940383253073195,-0.08970545122878167,-160.9495807114731,-38.9325391714069,0.08006543666124344,0.015594727359712124,-0.09935041019901644,0.16480454515605467,-1.8329847132266968,0
78.91,2,0.2026761518981914,0.06499249214435762,-162.6929370032199,0.30442926576013435,-0.09142597276711682,-160.84638183688278,-38.854278109853,0.07836074382066727,0.04347686469554901,-0.0941828548679622,0.17494255377676682,-1.9329658484770205,0
79.01,2,0.19934480437799867,0.07092908484623027,-162.74080754199665,0.29686903155397243,-0.09405353031961698,-160.8078416935196,-38.711226186759376,0.07836074382066727,0.04347686469554901,-0.0941828548679622,0.17494255377676682,-1.9329658484770205,0
79.11,2,0.18959958578811903,0.06786404452586314,-162.4104816565723,0.2872327427259609,-0.09744553491176505,-160.47751580809526,-38.53475208454281,0.0790594145655632,0.061078574508428574,-0.0941828548679622,0.17494255377676682,-1.9329658484770205,0
79.21,2,0.18506275731490862,0.0664127603688808,-162.13865477952658,0.28274744795756507,-0.09904902146931437,-160.2056889310496,-38.211544663438055,0.07300921529531479,0.07371027022600174,-0.0941828548679622,0.17494255377676682,-1.9329658484770205,0
79.31,2,0.17825185524818848,0.0642003956305763,-161.78239286937244,0.276015045016853,-0.10148986053439772,-159.8494270208954,-37.93927805280951,0.0791604295372963,0.07607071101665497,-0.0941828548679622,0.17494255377676682,-1.9329658484770205,0
79.41,2,0.17152722780273144,0.061965874984150016,-161.4430569874849,0.26936961492856026,-0.10394993283843948,-159.5100911390079,-37.54268395758822,0.08025824278593063,0.07145499438047409,-0.0941828548679622,0.17494255377676682,-1.9329658484770205,0
79.51,2,0.1624820652856006,0.058895341405975105,-160.99726782103377,0.2604331691121647,-0.10732381451784591,-159.06430197255673,-37.27199618898009,0.08024417608976364,0.06933311372995377,-0.0941828548679622,0.17494255377676682,-1.9329658484770205,0
79.61,2,0.15814117972388914,0.05738977904959243,-160.8101751761131,0.25614553657426853,-0.10897493919175928,-158.87720932763605,-36.88397330919705,0.08033435046672821,0.05027094483375549,-0.0941828548679622,0.17494255377676682,-1.9329658484770205,0
79.71,2,0.15134153547535079,0.055002761965048746,-160.45443285065087,0.24943027610766197,-0.11158995149272753,-158.52146700217386,-36.65001149209735,0.08046671003103256,0.04041197523474693,-0.0941828548679622,0.17494255377676682,-1.9329658484770205,0
79.81,2,0.14429845210481212,0.05249084441761498,-160.26214886970453,0.24247592796216488,-0.11433800443994033,-158.3291830212275,-36.43994708853742,0.08067627996206284,0.03373665735125542,-0.0941828548679622,0.17494255377676682,-1.9329658484770205,0
