t,goal,map_x,map_y,map_yaw,odom_x,odom_y,odom_yaw,wheel_yaw,v,w,mo_x,mo_y,mo_yaw,stuck
3.94,1,0.0,0.0,0.3340599977944535,0.0,0.0,0.33405999779445356,-36.04571531595945,0.0,0.0,0.0,0.0,-6.212019314457552e-17,0
4.05,1,0.0,0.0,0.3449567762435122,0.0,0.0,0.34495677624351223,-36.04571531595945,0.01,0.06,0.0,0.0,-6.212019314457552e-17,0
4.15,1,0.00027289022745046685,1.8417905716099712e-06,0.49256582672772065,0.00027289022745046685,1.8417905716099716e-06,0.49256582672772076,-36.01455116648549,0.03,0.18,0.0,0.0,-6.212019314457552e-17,0
4.24,1,0.0016684198433862137,1.8340994047363436e-05,1.0328753151636885,0.0016684198433862137,1.8340994047363436e-05,1.0328753151636885,-35.70227353115713,0.04891966119408608,0.3,0.0,0.0,-6.212019314457552e-17,0
4.34,1,0.004889271793752056,0.00010326521174917034,1.9940159447161387,0.004889271793752056,0.00010326521174917034,1.9940159447161387,-34.606281699198746,0.05891966119408608,0.36,0.0,0.0,-6.212019314457552e-17,0
4.45,1,0.009976146759247151,0.0003272368848682198,3.0516808275231955,0.009976146759247151,0.0003272368848682198,3.0516808275231955,-33.72233804461828,0.0724983811378479,0.38,-0.010077547151017042,0.0027489277918559675,-0.9998113525032977,0
4.55,1,0.012395535299476842,0.00046557121942681934,3.52351038450453,0.012395535299476842,0.00046557121942681934,3.52351038450453,-32.40110280571208,0.07267123460769653,0.37475907802581787,-0.010077547151017042,0.0027489277918559675,-0.9998113525032977,0
4.64,1,0.006306200018758017,0.0031972701303358965,3.2511376302634423,0.016373429610322333,0.0007341559585032421,4.250948982766741,-31.55341994045007,0.07261049002408981,0.3722866177558899,-0.010077547151017042,0.0027489277918559675,-0.9998113525032977,0
4.74,1,0.010212305149877799,0.0034433257277549645,3.959572802980438,0.020274646594871264,0.001048332169965066,4.959384155483735,-30.26297569327985,0.07365002483129501,0.36838650703430176,-0.010077547151017042,0.0027489277918559675,-0.9998113525032977,0
4.85,1,0.014078510672771088,0.0037375992621955702,4.73723735049471,0.024135128685504652,0.0014100227645643217,5.737048702998006,-29.383971664942035,0.07377617061138153,0.36641785502433777,-0.020077547151017068,0.012748927791855852,-0.9998113525032838,0
4.95,1,0.017941092401900297,0.004082474105157389,5.482114819814254,0.027991104586064974,0.001822243731775788,6.481926172317552,-28.03974038608801,0.07369336485862732,0.3648895025253296,-0.020077547151017068,0.012748927791855852,-0.9998113525032838,0
5.04,1,0.01172061657509993,0.014467569362848947,6.210878241976903,0.031763333765372985,0.0022732297094673172,7.210689594480189,-27.127748155266964,0.0769769474864006,0.35871046781539917,-0.020077547151017068,0.012748927791855852,-0.9998113525032838,0
5.15,1,0.015438785024354675,0.014898960041626271,7.0348129219718905,0.03547340874788513,0.0027694334568402713,8.034624274475174,-25.74838108990993,0.07932890951633453,0.3487369418144226,-0.020077547151017068,0.012748927791855852,-0.9998113525032838,0
5.25,1,0.019486293091855615,0.015420299069454241,7.6707395913495295,0.0395112036885129,0.0033613185435441917,8.670550943852815,-24.88767891905448,0.07701393216848373,0.347669780254364,-0.03015030975888997,0.013401723876973044,-1.1997736230039835,0
5.35,1,0.014769184493406102,0.016671747886695676,8.216536967254719,0.044841177082642986,0.004209852580468372,9.416310590258702,-23.601010019824514,0.07790680229663849,0.3482811152935028,-0.03015030975888997,0.013401723876973044,-1.1997736230039835,0
5.44,1,0.017660411694578087,0.01709784393076589,8.568268817515408,0.04772284863000188,0.004696393083110499,9.76804244051939,-22.73845003306935,0.07790680229663849,0.3482811152935028,-0.03015030975888997,0.013401723876973044,-1.1997736230039835,0
5.54,1,0.021816413709839524,0.017741028351791015,9.042234139479243,0.05186447221166687,0.005426456818754866,10.24200776248323,-21.438385807194933,0.07795929163694382,0.34134548902511597,-0.03015030975888997,0.013401723876973044,-1.1997736230039835,0
5.64,1,0.025972874990570164,0.01842837149457756,9.78386591868322,0.05600563034205582,0.006200679211392886,10.983639541687202,-20.568037015870967,0.07813353091478348,0.3384998142719269,-0.03015030975888997,0.013401723876973044,-1.1997736230039835,0
5.75,1,0.02990424368531201,0.01913526391294365,10.709609346408113,0.059921335902441586,0.006989733499451477,11.9093829694121,-19.258476970107285,0.07893801480531693,0.3349817097187042,-0.03015030975888997,0.013401723876973044,-1.1997736230039835,0
5.85,1,0.034272500207305906,0.020007202954649334,11.889923849873865,0.06427037768577955,0.007952945989597547,13.089697472877853,-17.9416575862998,0.07974874973297119,0.3309641182422638,-0.04002863307946274,0.022669354021768777,-0.9998113525033188,0
5.94,1,0.03824537860365908,0.020882795527542904,13.022265335545734,0.06822405152436918,0.008911532597040056,14.222038958549717,-17.059254785128,0.07974874973297119,0.3309641182422638,-0.04002863307946274,0.022669354021768777,-0.9998113525033188,0
6.04,1,0.032617485539163875,0.0314349439697333,14.324828884892508,0.07248210665496842,0.010031865845654468,15.324640237395831,-16.202274048150738,0.08006639033555984,0.30850750207901,-0.04017843712382509,0.023427319791922262,-1.1997736230039866,0
6.15,1,0.03697243188338382,0.032585255662392315,15.309557410161913,0.07681631804964614,0.011257992363412109,16.30936876266523,-14.978724177718762,0.08043784648180008,0.23350750207901,-0.04017843712382509,0.023427319791922262,-1.1997736230039866,0
6.24,1,0.041318609954211834,0.03431939937019291,16.052069187240342,0.0812511166931168,0.012596115119379622,17.251842810244327,-14.187111949128456,0.08105307072401047,0.10938036441802979,-0.039825366246070464,0.021863108496224838,-0.7998490820026501,0
6.34,1,0.04658903412165972,0.035862252228396944,16.658682378229724,0.08648808042764221,0.014248984348977914,17.85845600123371,-13.294581970973477,0.08105307072401047,0.10938036441802979,-0.039825366246070464,0.021863108496224838,-0.7998490820026501,0
6.44,1,0.05329382270793436,0.036905949692501536,17.640062311360566,0.09290012425072004,0.016341277089286226,18.439911393363214,-12.90472291060393,0.08105991780757904,0.07172128558158875,-0.039825366246070464,0.021863108496224838,-0.7998490820026501,0
6.55,1,0.06006715143254054,0.03906886335706529,17.881312834059965,0.09964259969342623,0.018598532599066946,18.681161916062614,-12.453777171397851,0.08121749013662338,0.07829463481903076,-0.039825366246070464,0.021863108496224838,-0.7998490820026501,0
6.65,1,0.06693642734435143,0.04132244107485544,18.415385830020607,0.10647974734524417,0.02094778270706865,19.215234912023252,-12.186706376458512,0.08081894367933273,0.05831792950630188,-0.039825366246070464,0.021863108496224838,-0.7998490820026501,0
6.75,1,0.07372106521042715,0.04359990869415737,18.719055927650995,0.11323193170619895,0.023319738880026943,19.518905009653647,-11.760840645686091,0.08100499212741852,0.045267704874277115,-0.039825366246070464,0.021863108496224838,-0.7998490820026501,0
6.85,1,0.0807571725070293,0.046012894276191776,19.030384736816337,0.12023366922538245,0.025830710210182323,19.830233818818986,-11.532624553941671,0.08085176348686218,0.030352648347616196,-0.04957504941449101,0.03096017091426405,-0.5998868115019889,0
6.94,1,0.08806423097180205,0.04855489873732316,19.380964415693807,0.12750453046641425,0.02847447020338899,20.18081349769646,-11.277276505941224,0.08091482520103455,0.027584142982959747,-0.04957504941449101,0.03096017091426405,-0.5998868115019889,0
7.05,1,0.08573845193700388,0.060778790507628216,19.727926626570444,0.13499388958213,0.031233691711715285,20.327813438072436,-11.148142800273176,0.08060900866985321,0.005887094885110855,-0.04957504941449101,0.03096017091426405,-0.5998868115019889,0
7.15,1,0.09332649907260146,0.06351050225711624,19.84640265290456,0.1425529203177737,0.03404469913823254,20.446289464406544,-10.991172326233055,0.08069753646850586,-0.0001481957733631134,-0.04957504941449101,0.03096017091426405,-0.5998868115019889,0
7.25,1,0.10375958745934333,0.06728780536905478,19.93900256987247,0.1529458892264386,0.037931027656069614,20.538889381374464,-10.953849981984714,0.08109620213508606,0.04786607250571251,-0.04957504941449101,0.03096017091426405,-0.5998868115019889,0
7.35,1,0.11135479841183571,0.07005481868158511,20.11772414586527,0.16051171378571635,0.04077740971454485,20.717610957367263,-10.898693370709038,0.080983966588974,0.05643272399902344,-0.04957504941449101,0.03096017091426405,-0.5998868115019889,0
7.44,1,0.11592897901695293,0.07173656894360173,20.224721589144348,0.16506803607668086,0.042506958595867214,20.82460840064634,-10.726911697683349,0.08119836449623108,0.02960987389087677,-0.04957504941449101,0.03096017091426405,-0.5998868115019889,0
7.54,1,0.12296408760467703,0.0743577481746239,20.585820167285647,0.17207531582530972,0.04520165040137431,21.185706978787636,-10.427796409450913,0.08099131286144257,0.026773568242788315,-0.04957504941449101,0.03096017091426405,-0.5998868115019889,0
7.65,1,0.13036964018405747,0.07713692641483594,20.739036548945478,0.17945136504217554,0.04805821103388494,21.33892336044747,-10.285213078411568,0.08114126324653625,0.011703379452228546,-0.04957504941449101,0.03096017091426405,-0.5998868115019889,0
7.75,1,0.14051905238195836,0.0809860744692,20.87649387573197,0.1895599211074728,0.052013410520896405,21.476380687233956,-10.124269274770507,0.08114166557788849,0.004170920699834824,-0.04957504941449101,0.03096017091426405,-0.5998868115019889,0
7.85,1,0.1454905978848107,0.08287992529713381,20.816481129244437,0.19451136586426956,0.05395920867738309,21.416367940746426,-10.075665440376824,0.08099072426557541,0.00290510430932045,-0.04957504941449101,0.03096017091426405,-0.5998868115019889,0
7.94,1,0.15313370284749692,0.08579492961585897,20.89084882741064,0.20212353237114686,0.05695407507179881,21.490735638912632,-10.040689203560099,0.08099072426557541,0.00290510430932045,-0.04957504941449101,0.03096017091426405,-0.5998868115019889,0
8.04,1,0.16064123827413826,0.0886595716789742,20.864552426525645,0.20960066405572123,0.05989716258384762,21.46443923802763,-10.051773683290609,0.08106335997581482,-0.06454214453697205,-0.0399556305436874,0.022169831370711955,-0.7998490820026166,0
8.14,1,0.16709876179873817,0.09108411995506191,20.1582462642959,0.2160324490871191,0.06238918700662676,20.75813307579789,-10.46739314998734,0.08106335997581482,-0.06454214453697205,-0.0399556305436874,0.022169831370711955,-0.7998490820026166,0
8.24,1,0.18375088230296402,0.08400404902522023,19.79164956409133,0.22282153741749733,0.06495103406303042,20.591498646093946,-10.69118062828476,0.08068311214447021,-0.033788081258535385,-0.0399556305436874,0.022169831370711955,-0.7998490820026166,0
8.34,1,0.19105451705793794,0.08661945236477933,19.688990926556958,0.2300879506672716,0.06766813798929912,20.488840008559578,-10.818886832610866,0.08078030496835709,-0.02933615818619728,-0.0399556305436874,0.022169831370711955,-0.7998490820026166,0
8.44,1,0.19857950469123897,0.08932015377499977,19.786648136500073,0.23757450450453113,0.07047362166066751,20.586497218502682,-10.758303780960253,0.08119165152311325,-0.03810067102313042,-0.0399556305436874,0.022169831370711955,-0.7998490820026166,0
8.55,1,0.2060334356310413,0.09199926929538191,19.734655697309403,0.24499030990123524,0.07325652962628706,20.534504779312027,-10.87883301258818,0.08105111122131348,-0.0807374119758606,-0.0399556305436874,0.022169831370711955,-0.7998490820026166,0
8.65,1,0.21319692098039034,0.09455246836906925,19.543348699080298,0.25211745574477995,0.07590947892566305,20.3431977810829,-11.013047736575826,0.08110909163951874,-0.06916487216949463,-0.0399556305436874,0.022169831370711955,-0.7998490820026166,0
8.74,1,0.21997436845461676,0.09693105926893542,19.020299215622742,0.2588610387793663,0.07838244815120228,19.820148297625355,-11.385704567194063,0.08097070455551147,-0.06470485031604767,-0.0399556305436874,0.022169831370711955,-0.7998490820026166,0
8.84,1,0.22678611233688595,0.09926741784009757,18.763803721991213,0.2656395044243398,0.08081366792542817,19.56365280399383,-11.628825991989608,0.08081352710723877,-0.04627993330359459,-0.0399556305436874,0.022169831370711955,-0.7998490820026166,0
8.94,1,0.2336979641352489,0.10158342766557923,18.39146054789185,0.2725183522902334,0.08322593839785718,19.191309629894466,-11.959220903889733,0.08109384030103683,-0.031151559203863144,-0.0399556305436874,0.022169831370711955,-0.7998490820026166,0
9.05,1,0.24097044296181497,0.10398783042512022,18.15050759340924,0.2797565581198343,0.08573162738120532,18.950356675411857,-12.133499516321752,0.08082213252782822,-0.026827197521924973,-0.0399556305436874,0.022169831370711955,-0.7998490820026166,0
9.15,1,0.24835003630586922,0.1063893813744535,17.954405140785063,0.287101907839746,0.08823596010232018,18.754254222787672,-12.31072483058668,0.08092839270830154,-0.015371609479188919,-0.039501968233330076,0.030684668090476208,-0.599886811501983,0
9.24,1,0.25555379383168975,0.1087066045479412,17.724514266074124,0.29427261605224336,0.09065351867612692,18.524363348076744,-12.403731026943534,0.08068156987428665,0.0007523037493228912,-0.039501968233330076,0.030684668090476208,-0.599886811501983,0
9.34,1,0.2638153595398274,0.12086867914554812,17.748398244822678,0.3023564936211195,0.09335474247499326,18.348285056324663,-12.491488377024437,0.08064135164022446,-0.011463180184364319,-0.039501968233330076,0.030684668090476208,-0.599886811501983,0
9.45,1,0.2711536455314572,0.12322393056552515,17.788992247175074,0.309669718369829,0.09578669525436992,18.388879058677055,-12.516404003854783,0.08077045530080795,-0.020911309868097305,-0.039501968233330076,0.030684668090476208,-0.599886811501983,0
9.55,1,0.28157124393438615,0.12655023294634718,17.60259669652116,0.3200519200350701,0.09922188558325021,18.202483508023143,-12.606024097543298,0.08079354465007782,-0.024350427091121674,-0.039501968233330076,0.030684668090476208,-0.599886811501983,0
9.65,1,0.2892091001719276,0.12896028442877439,17.523122705362205,0.32766412486408997,0.1017117718646591,18.123009516864187,-12.697760491173254,0.08058084547519684,-0.016517411917448044,-0.039501968233330076,0.030684668090476208,-0.599886811501983,0
9.75,1,0.2941794077511431,0.13051688197491707,17.254973275510963,0.33261786274244837,0.10332032226336624,17.854860087012945,-12.847651125535737,0.08072017878293991,-0.014545854181051254,-0.039501968233330076,0.030684668090476208,-0.599886811501983,0
9.84,1,0.3018846963737574,0.13292056755102616,17.28054788561883,0.34029756291039687,0.10580454899154472,17.880434697120812,-12.935611205973217,0.08099762350320816,-0.018639590591192245,-0.039501968233330076,0.030684668090476208,-0.599886811501983,0
9.95,1,0.3123222574353707,0.13616095255564892,17.191881798771327,0.350700625678664,0.10915403565857063,17.791768610273312,-13.049298955408545,0.0807546004652977,-0.006994139403104782,-0.039501968233330076,0.030684668090476208,-0.599886811501983,0
10.04,1,0.3173556883333066,0.13771503049249162,17.177939399973194,0.3557175097957844,0.11076072747514973,17.77782621147518,-13.120737337318417,0.08068953454494476,0.0011175572872161865,-0.039501968233330076,0.030684668090476208,-0.599886811501983,0
10.15,1,0.32782749790315924,0.14094297812561643,17.12338219379256,0.3661549494120323,0.11409813602769933,17.723269005294547,-13.172247091998772,0.08064461499452591,0.007063470780849457,-0.039501968233330076,0.030684668090476208,-0.599886811501983,0
10.24,1,0.33283618150470107,0.14248605736411366,17.108634547860596,0.3711472027434245,0.1156935706493117,17.708521359362578,-13.171722980240583,0.08062344789505005,0.008522633463144302,-0.039501968233330076,0.030684668090476208,-0.599886811501983,0
10.35,1,0.34055101273775557,0.14486601502812918,17.154380621850855,0.378836693425484,0.11815417067522821,17.754267433352833,-13.13868816148234,0.0805458128452301,0.007536899298429489,-0.04950196823332988,0.030684668090475927,-0.5998868115019632,0
10.44,1,0.34827674441989465,0.14725432946702846,17.21787635544325,0.38653699646534045,0.12062324114361087,17.817763166945234,-13.109506048290744,0.08092382550239563,0.0030226856470108032,-0.04950196823332988,0.030684668090475927,-0.5998868115019632,0
10.54,1,0.34602448588495105,0.14965043020589128,17.215809801879757,0.39425922656068785,0.12310032792340746,17.815696613381718,-13.067293365499237,0.08092382550239563,0.0030226856470108032,-0.04950196823332988,0.030684668090475927,-0.5998868115019632,0
10.64,1,0.35374795524579783,0.1520383904483792,17.13083070503731,0.40195727111161833,0.12556902052872107,17.730717516539272,-13.05531703503108,0.08103842288255692,-0.003565225750207901,-0.04950196823332988,0.030684668090475927,-0.5998868115019632,0
10.74,1,0.36148965307065345,0.15442840238066938,17.125070930438596,0.4096735216466568,0.12803995555991524,17.72495774194056,-13.070519957249179,0.08086603134870529,-0.0067049190402030945,-0.04950196823332988,0.030684668090475927,-0.5998868115019632,0
10.85,1,0.3719742442666864,0.15765287684282422,17.044337969571213,0.4201237785519605,0.1313740249530403,17.64422478107317,-13.107183253275384,0.08082440495491028,-0.0018388740718364716,-0.04950196823332988,0.030684668090475927,-0.5998868115019632,0
10.95,1,0.37709386411075574,0.15922117173491102,17.05876714021892,0.42522669804240065,0.13299583532741208,17.658653951720876,-13.1429076708917,0.08079281449317932,0.001513015478849411,-0.04950196823332988,0.030684668090475927,-0.5998868115019632,0
11.05,1,0.3848111468776686,0.16158258594108202,16.99445240186775,0.4329188342704065,0.1354379185789406,17.594339213369715,-13.150057950007074,0.0807514488697052,0.004030708223581314,-0.04950196823332988,0.030684668090475927,-0.5998868115019632,0
11.14,1,0.39246793525125306,0.16392343561819275,16.962158379937303,0.44055069472746416,0.13785880506382336,17.562045191439267,-13.140878585518486,0.0809454694390297,0.007042869925498962,-0.04950196823332988,0.030684668090475927,-0.5998868115019632,0
11.25,1,0.400189031322051,0.1662856850889647,17.029643801489087,0.4482466353052875,0.14030176345873424,17.629530612991047,-13.132008912364666,0.08098301291465759,0.0021403469145298004,-0.04950196823332988,0.030684668090475927,-0.5998868115019632,0
11.35,1,0.41061452582413444,0.1694758585957559,17.011119120159954,0.45863815788016976,0.1436009150454481,17.611005931661914,-13.091893720894245,0.08144649863243103,0.007220320403575897,-0.04950196823332988,0.030684668090475927,-0.5998868115019632,0
11.45,1,0.4157439027154386,0.17104190887699564,16.989264262115622,0.4637508573837077,0.145220583086418,17.58915107361758,-13.068149479889597,0.08140528947114944,0.017862647771835327,-0.04950196823332988,0.030684668090475927,-0.5998868115019632,0
11.55,1,0.4262614024076817,0.17425572299391667,17.025566901327345,0.4742341325932839,0.14854433726426258,17.62545371282931,-13.014860518991318,0.08146629482507706,0.020524073392152786,-0.039501968233330007,0.0306846680904759,-0.5998868115019598,0
11.65,1,0.44401073933356566,0.17662722410251647,16.96896865488527,0.4819582156154353,0.15099684246627015,17.56885546638723,-12.949362549070013,0.0815168172121048,0.00805506482720375,-0.039501968233330007,0.0306846680904759,-0.5998868115019598,0
11.74,1,0.4490108326937944,0.17816270641761436,17.12119649152933,0.4869419587146798,0.15258459064268684,17.721083303031286,-12.827174671988798,0.08160430938005447,-0.002957519143819809,-0.039501968233330007,0.0306846680904759,-0.5998868115019598,0
11.84,1,0.45683635289640545,0.1805644364388773,17.12695698365821,0.49474190434702336,0.1550681207248468,17.72684379516017,-12.784359756315123,0.08171522617340088,-0.03658356890082359,-0.039501968233330007,0.0306846680904759,-0.5998868115019598,0
11.94,1,0.4646356846538962,0.1829513282299026,16.908957108919385,0.5025158183230664,0.15753653920204094,17.50884392042134,-12.826287531109942,0.08102039992809296,-0.07164569199085236,-0.039501968233330007,0.0306846680904759,-0.5998868115019598,0
12.05,1,0.47200250087357626,0.18518454381113994,16.639017768826488,0.5098588494279733,0.15984676153748623,17.238904580328448,-12.97469153238605,0.080291748046875,-0.11107635498046875,-0.039501968233330007,0.0306846680904759,-0.5998868115019598,0
12.15,1,0.4808192993631995,0.18777333009131755,16.084248514553952,0.5186480605721671,0.16252771612006275,16.684135326055912,-13.356632456582453,0.0800015926361084,-0.12140953540802002,-0.039501968233330007,0.0306846680904759,-0.5998868115019598,0
12.24,1,0.4848963392506584,0.18893807129915655,15.744140912333071,0.5227126823796308,0.16373507931623046,16.34402772383503,-13.730513403081533,0.07991479337215424,-0.13572193682193756,-0.039501968233330007,0.0306846680904759,-0.5998868115019598,0
12.34,1,0.4913389216907455,0.19069604766480683,14.913846629232957,0.5291365060258313,0.165560411933048,15.513733440734919,-14.341380612209514,0.07991479337215424,-0.13572193682193756,-0.039501968233330007,0.0306846680904759,-0.5998868115019598,0
12.45,1,0.49738930709330337,0.19227397981090025,14.314188392791094,0.5351700391593409,0.16720160397056263,14.914075204293049,-14.773026334568351,0.079971082508564,-0.13221297174692154,-0.039501968233329875,0.030684668090475112,-0.5998868115019087,0
12.55,1,0.5040274252882055,0.19393789768023845,13.688933071445202,0.5417903726175161,0.16893493046835886,14.288819882947164,-15.252425730579066,0.07999373972415924,-0.10396092385053635,-0.039501968233329875,0.030684668090475112,-0.5998868115019087,0
12.64,1,0.5100914973723181,0.19539374897271822,13.156957670571153,0.5478388698455987,0.17045419164044337,13.75684448207306,-15.692596366952872,0.08000234514474869,-0.16396092385053634,-0.039501968233329875,0.030684668090475112,-0.5998868115019087,0
12.75,1,0.5164314299471581,0.19683884003521168,12.46039087811398,0.5541633251020591,0.17196558137887813,13.06027768961589,-16.29542013570042,0.08000345528125763,-0.08906232118606568,-0.03950196823332956,0.030684668090474616,-0.5998868115018803,0
12.85,1,0.5240723044659136,0.19844762581042574,11.568795521153667,0.5617869371455434,0.1736542774712338,12.168682332655552,-16.793152534478253,0.08000210672616959,-0.0850791484117508,-0.03950196823332956,0.030684668090474616,-0.5998868115018803,0
12.95,1,0.5284908524354334,0.1993414241273181,11.234864862816151,0.5661958850372675,0.1745942881511139,11.834751674318028,-17.33234907705717,0.07935220003128052,-0.010649433359503746,-0.03950196823332956,0.030684668090474616,-0.5998868115018803,0
13.04,1,0.5356969222252413,0.2007342441667847,10.665342481630997,0.5733869773033713,0.17606247802245353,11.265229293132876,-17.639988076922933,0.07861322909593582,0.01113678328692913,-0.03950196823332956,0.030684668090474616,-0.5998868115018803,0
13.14,1,0.5433168149588239,0.20217320853330223,10.585907859373565,0.5809913867093578,0.17758114233873804,11.185794670875447,-17.79255410921155,0.07861322909593582,0.01113678328692913,-0.03950196823332956,0.030684668090474616,-0.5998868115018803,0
13.24,1,0.550700434207347,0.20356250565707268,10.741186954715367,0.5883600555869535,0.1790476683963421,11.341073766217246,-17.76762492335594,0.07979702204465866,0.049421798437833786,-0.03950196823332956,0.030684668090474616,-0.5998868115018803,0
13.34,1,0.5586743031057988,0.20508800031562957,10.931160345489426,0.5963175158007878,0.18065656432468005,11.531047156991308,-17.59120571258383,0.08002383261919022,0.027941621840000153,-0.03950196823332956,0.030684668090474616,-0.5998868115018803,0
13.44,1,0.5657700113146933,0.2064852798471887,11.276479341631758,0.6033982058448618,0.18212805797904627,11.876366153133636,-17.429104144877893,0.08005357533693314,-0.047058378159999845,-0.03950196823332956,0.030684668090474616,-0.5998868115018803,0
13.54,1,0.5735186807591588,0.20803617645849126,11.421264325809753,0.6111302129942946,0.18375999667264473,12.02115113731163,-17.331753026803366,0.08004076033830643,-0.0351908840239048,-0.03950196823332956,0.030684668090474616,-0.5998868115018803,0
13.64,1,0.5810009922122089,0.2095246882517732,11.086252297740765,0.6185965299084912,0.1853267652503121,11.686139109242646,-17.495852633232435,0.08001695573329926,-0.0323970653116703,-0.05093162194694619,0.026011342841069124,-0.9998113525032043,0
13.74,1,0.5885179482062104,0.21098377175443703,10.88247391426018,0.6260977975733473,0.18686446987204117,11.482360725762062,-17.728741161999807,0.08000325411558151,0.003525666892528534,-0.05093162194694619,0.026011342841069124,-0.9998113525032043,0
13.85,1,0.5887668682224632,0.20382011938136177,10.26402968452177,0.6364984920595461,0.18894387776718682,11.26384103702498,-17.842834991675733,0.07999815791845322,0.06352566689252853,-0.05093162194694619,0.026011342841069124,-0.9998113525032043,0
13.94,1,0.5939151120889853,0.20475176907994977,10.279067454171084,0.6416296956572051,0.18996521792082532,11.278878806674289,-17.807531312492042,0.07999774068593979,0.09816038608551025,-0.05093162194694619,0.026011342841069124,-0.9998113525032043,0
14.05,1,0.6008139744584488,0.20602852094313276,10.77671336592016,0.648505229503557,0.19136215444071747,11.776524718423369,-17.542013485109283,0.0799986943602562,0.10423888266086578,-0.05093162194694619,0.026011342841069124,-0.9998113525032043,0
14.14,1,0.6073517524370119,0.20731543301180239,11.384993142130917,0.6550195566465754,0.1927629490163799,12.384804494634121,-17.018743888613464,0.08010023087263107,0.15015952289104462,-0.05093162194694619,0.026011342841069124,-0.9998113525032043,0
14.24,1,0.613796894657525,0.2086377796203892,11.962563040178749,0.6614406438337546,0.19419755632520194,12.962374392681955,-16.648597040223173,0.08002247661352158,0.15165379643440247,-0.05093162194694619,0.026011342841069124,-0.9998113525032043,0
14.34,1,0.6199146942028042,0.2099736231587878,12.79062854105161,0.667534202673294,0.19563994666916917,13.790439893554819,-15.981237983288095,0.08018359541893005,0.17288650572299957,-0.05093162194694619,0.026011342841069124,-0.9998113525032043,0
14.44,1,0.6256569019639938,0.21130427045603342,13.345941010609348,0.6732523175814179,0.19707058781908227,14.345752363112549,-15.486183365986461,0.08003561943769455,0.1505221575498581,-0.0524313986577378,0.021735350003365916,-1.399735893504527,0
14.54,1,0.6312346921030432,0.21266867700763517,14.156791605888857,0.678805450830463,0.19853211414169203,15.156602958392067,-14.710799801939325,0.08002247661352158,0.0952415019273758,-0.0524313986577378,0.021735350003365916,-1.399735893504527,0
14.65,1,0.6368316583343627,0.20509011760170212,14.48260289999477,0.6845784711237499,0.2001370765475615,15.8823387934993,-14.215049579289982,0.07999401539564133,0.1467003971338272,-0.0524313986577378,0.021735350003365916,-1.399735893504527,0
14.75,1,0.6431530061103471,0.2067432089166905,14.942441835112296,0.6908575516208606,0.20194408974934977,16.34217772861682,-13.642720625619166,0.07999426871538162,0.18086495995521545,-0.0524313986577378,0.021735350003365916,-1.399735893504527,0
14.85,1,0.6492358769225443,0.20840278848638527,15.668320402610895,0.6968980678228439,0.20375176385703833,17.068056296115426,-13.210898836405555,0.07992542535066605,0.10700498521327972,-0.0524313986577378,0.021735350003365916,-1.399735893504527,0
14.95,1,0.6547319674645188,0.20998516741304918,16.44297246856082,0.7023538646725455,0.20546792674205755,17.842708362065352,-12.40979483632478,0.07998239994049072,0.08766359090805054,-0.04243139865773752,0.03173535000336536,-1.3997358935044912,0
15.05,1,0.6608947616328119,0.2118290457435686,16.91025281839059,0.7084697784108052,0.20746179694963696,18.309988711895116,-11.994208678758993,0.07998917251825333,0.12928208708763123,-0.04243139865773752,0.03173535000336536,-1.3997358935044912,0
15.15,1,0.6773241391967831,0.22381374822716116,17.43089620076268,0.714848756005038,0.20960296127325795,18.830632094267166,-11.464397381816838,0.07958275824785233,0.09994388371706009,-0.04243139865773752,0.03173535000336536,-1.3997358935044912,0
15.24,1,0.6831376421465475,0.22566771317011378,18.017334806715922,0.720615236361002,0.21159838274775838,19.417070700220414,-11.048064127744295,0.07990860193967819,0.10720037668943405,-0.04243139865773752,0.03173535000336536,-1.3997358935044912,0
15.34,1,0.6893968129359924,0.22773682709845622,18.68079476757317,0.7268219960035278,0.21381977559005663,20.08053066107766,-10.464384362176935,0.07993902266025543,0.11918162554502487,-0.04243139865773752,0.03173535000336536,-1.3997358935044912,0
15.44,1,0.6958692243934183,0.2299549936469149,19.162490519067028,0.7332382916902176,0.2161953855268698,20.56222641257151,-10.056981996228973,0.08034905791282654,0.09897387772798538,-0.04243139865773752,0.03173535000336536,-1.3997358935044912,0
15.54,1,0.7019413508796657,0.23210696904686073,19.93065054045665,0.7392560387387208,0.21849504607729692,21.33038643396114,-9.4442501347512,0.08142437040805817,0.0675160214304924,-0.0515591915715358,0.01865782809527855,-1.199773623003811,0
15.65,1,0.7005203862101786,0.2247638038836924,20.648850887118023,0.7475991527919321,0.22180818586517825,21.848624510121827,-9.062322036389673,0.08167313784360886,0.1078563928604126,-0.0515591915715358,0.01865782809527855,-1.199773623003811,0
15.75,1,0.7072230811506165,0.22732506744030007,21.240145019644704,0.7542467493357222,0.22450923208136336,22.439918642648518,-8.620907189700104,0.0806216150522232,0.0363912358880043,-0.0515591915715358,0.01865782809527855,-1.199773623003811,0
15.85,1,0.7113317239660184,0.22893441954770355,21.543945492196652,0.7583207940274131,0.22620426005761093,22.743719115200474,-8.27037867248152,0.08101444691419601,0.0963912358880043,-0.0515591915715358,0.01865782809527855,-1.199773623003811,0
15.94,1,0.7183770918130893,0.23173030563177735,21.912289956540608,0.7653060757156682,0.22914705241035793,23.112063579544426,-7.9576222610388,0.08013039827346802,0.06080798804759979,-0.0515591915715358,0.01865782809527855,-1.199773623003811,0
16.04,1,0.7247623006055696,0.2343269637603724,22.25047745776168,0.771635514607018,0.231876837764747,23.450251080765497,-7.634515419799197,0.08004739880561829,0.052412282675504684,-0.0515591915715358,0.01865782809527855,-1.199773623003811,0
16.15,1,0.733470052201983,0.23795471264737184,22.848293630208982,0.7802653976598124,0.23568611831979372,24.04806725321279,-7.235209748355589,0.08332318812608719,0.05972657352685928,-0.0515591915715358,0.01865782809527855,-1.199773623003811,0
16.24,1,0.7382051236745746,0.2399614753456468,23.13960405923508,0.7849574125047394,0.23779158621855706,24.339377682238897,-6.9960641013136,0.0783715471625328,-0.015273426473140714,-0.04252285391212577,0.021883207609373796,-1.3997358935044848,0
16.34,1,0.7449362258766411,0.24287389436881582,23.5016622748762,0.791626057424221,0.24084430572074778,24.70143589788001,-6.700471364564823,0.0783715471625328,-0.07527342647314071,-0.04252285391212577,0.021883207609373796,-1.3997358935044848,0
16.44,1,0.7615470044717211,0.24622492593183543,22.918019017174334,0.7983498028325875,0.2439162480411313,24.317754910678826,-6.829482500903715,0.07957255840301514,-0.007851450704038143,-0.04252285391212577,0.021883207609373796,-1.3997358935044848,0
16.54,1,0.7685777628454142,0.24918823660030445,22.847235594885305,0.805306076766008,0.24705041880711298,24.2469714883898,-7.012633572743575,0.0788382962346077,-0.048893410712480545,-0.04252285391212577,0.021883207609373796,-1.3997358935044848,0
16.65,1,0.7779951860518407,0.253144103303639,22.74742461536978,0.8146240576250621,0.2512351498538822,24.14716050887427,-7.0503880488515085,0.07893823832273483,0.011745587922632694,-0.04252285391212577,0.021883207609373796,-1.3997358935044848,0
16.74,1,0.7824968105156568,0.255011831570687,22.408243504892422,0.819078714751918,0.25321228454198735,23.8079793983969,-7.210061036340319,0.08033845573663712,0.07174558792263269,-0.04252285391212577,0.021883207609373796,-1.3997358935044848,0
16.84,1,0.7900458866312029,0.2581544027441681,22.6864937727116,0.8265487728638823,0.2565383235649967,24.086229666216095,-7.161156091508807,0.08033845573663712,0.09465259313583374,-0.04252285391212577,0.021883207609373796,-1.3997358935044848,0
16.94,1,0.7965642190673298,0.26090345444720986,23.07883076237956,0.8329980075922868,0.25944578197945395,24.478566655884045,-6.782703070751303,0.08143048733472824,0.057656184583902356,-0.04044147477906892,0.02510192208051003,-0.9998113525031442,0
17.04,1,0.8040350355398508,0.27304867037048336,23.515425832055282,0.8400214897964927,0.26264436629798993,24.515237184558416,-6.728295151796448,0.07935044914484024,0.03216757997870445,-0.04044147477906892,0.02510192208051003,-0.9998113525031442,0
17.14,1,0.8105957800174468,0.27592563228645206,23.95538467138685,0.8465310349802377,0.265635369385087,24.95519602388999,-6.46453706164367,0.08087468147277832,0.029015835374593735,-0.04044147477906892,0.02510192208051003,-0.9998113525031442,0
17.24,1,0.8177056976093349,0.27908293842570575,23.998032508808414,0.8535847779096745,0.26891625659830065,24.99784386131155,-6.308853972945977,0.08026377856731415,-0.04345761612057686,-0.04044147477906892,0.02510192208051003,-0.9998113525031442,0
17.34,1,0.824818977474682,0.28227843052683277,24.112985389638247,0.8606412162894552,0.272235382628369,25.112796742141395,-6.16582749274858,0.08242332190275192,-0.08968506753444672,-0.04044147477906892,0.02510192208051003,-0.9998113525031442,0
17.44,1,0.8317056576355653,0.28535207124598405,23.931325176457445,0.8674732156626908,0.2754287218638457,24.93113652896059,-6.301521753421432,0.0814468190073967,-0.14968506753444671,-0.04044147477906892,0.02510192208051003,-0.9998113525031442,0
17.55,1,0.8381212035325063,0.28816571339915026,23.375980807260486,0.8738386892456713,0.27835388124176136,24.375792159763638,-6.733335288852662,0.08042460680007935,-0.1936030238866806,-0.04044147477906892,0.02510192208051003,-0.9998113525031442,0
17.65,1,0.8436943839871145,0.2905350549560098,22.829674856568275,0.8793696782861975,0.28082010913598937,23.829486209071423,-7.167673561032826,0.08041048794984818,-0.22976431250572205,-0.04044147477906892,0.02510192208051003,-0.9998113525031442,0
17.74,1,0.8488931370180235,0.29267398854180204,21.813938821889238,0.8845303173236712,0.283049430711204,22.813750174392375,-7.986861589882997,0.08041048794984818,-0.22976431250572205,-0.04044147477906892,0.02510192208051003,-0.9998113525031442,0
17.84,1,0.8537556300824266,0.29457084447692944,20.70162685016983,0.8893589716299649,0.2850308440528133,21.70143820267298,-8.623093948093153,0.08103865385055542,-0.21066895127296448,-0.04044147477906892,0.02510192208051003,-0.9998113525031442,0
17.94,1,0.8587302788017628,0.296415538296697,19.903343261483005,0.8943006746985056,0.28696206023746434,20.903154613986153,-9.563123101304203,0.07979308813810349,-0.23683276772499084,-0.026992544561539735,0.024323252429845375,-0.3999245410012203,0
18.04,1,0.8730067144919331,0.3058903794578297,19.71552150048799,0.899101232301254,0.288753428183718,20.178057466480578,-10.213803219364134,0.08107059448957443,-0.18319301307201385,-0.036992544561539664,0.01432325242984582,-0.3999245410012426,0
18.15,1,0.8792872567786164,0.3086200821514382,18.999396757425774,0.9042733485144723,0.2906156858693714,19.399321298426994,-11.056040733327384,0.07997012883424759,-0.13230469822883606,-0.036992544561539664,0.01432325242984582,-0.3999245410012426,0
18.25,1,0.8749073008384697,0.3005157367936747,18.17449144319628,0.9098800241075228,0.29255052192227443,18.574415984197522,-11.545204029952867,0.0796506255865097,-0.1464768499135971,-0.036992544561539664,0.01432325242984582,-0.3999245410012426,0
18.34,1,0.8807065107351315,0.3023957509433998,17.76254235219476,0.9156659703426355,0.29447096843105625,18.162466893196004,-12.22788685245044,0.08064360916614532,-0.12054705619812012,-0.036992544561539664,0.01432325242984582,-0.3999245410012426,0
18.45,1,0.8865024342297199,0.3042217024077045,17.185533085368995,0.9214490076102119,0.29633733063248996,17.585457626370243,-12.909371771706853,0.08125140517950058,-0.1212082952260971,-0.036992544561539664,0.01432325242984582,-0.3999245410012426,0
18.55,1,0.8943441558505268,0.30658381951116,16.43111056521182,0.9292740507623852,0.2987541249669947,16.831035106213065,-13.329764967720955,0.08070716261863708,-0.11324617266654968,-0.02699254456153973,0.014323252429845139,-0.3999245410012045,0
18.64,1,0.9086505999973443,0.30784589930849116,16.19589919242003,0.9335715807583349,0.30004623275599895,16.59582373342124,-13.741631353337414,0.08144651353359222,-0.1186165064573288,-0.02699254456153973,0.014323252429845139,-0.3999245410012045,0
18.74,1,0.9148388524448152,0.30960796522459644,15.481956610843755,0.9397473833391263,0.30185144939934644,15.881881151844953,-14.336808272844362,0.08048790693283081,-0.09511157870292664,-0.02699254456153973,0.014323252429845139,-0.3999245410012045,0
18.84,1,0.9210519157807942,0.31130760724836987,15.117295359995463,0.9459484319192606,0.3035944168496099,15.517219900996663,-14.740713604659321,0.08048790693283081,-0.09511157870292664,-0.02699254456153973,0.014323252429845139,-0.3999245410012045,0
18.95,1,0.9296518120692695,0.3137422562963017,14.22001641709848,0.9545736235045222,0.3059340524793487,14.687218507258972,-15.300305650571127,0.08020372688770294,-0.1051422655582428,-0.028158110222800167,0.018124202730294463,-0.5998868115018678,0
19.04,1,0.9335027928160804,0.3150219364810941,13.812842186624707,0.958499731973969,0.30694986650224454,14.412728998126573,-15.745328764067771,0.08214426040649414,-0.12318946421146393,-0.028158110222800167,0.018124202730294463,-0.5998868115018678,0
19.14,1,0.9398378777832973,0.31655536191497796,13.316087178194621,0.9648184150445321,0.30854953501694277,13.915973989696493,-16.34842435179679,0.08040781319141388,-0.18138563632965088,-0.028158110222800167,0.018124202730294463,-0.5998868115018678,0
19.25,1,0.9459951876988049,0.31797804538700225,12.637704985826991,0.9709604922543847,0.3100366063687576,13.237591797328855,-16.769747637238197,0.08063109219074249,-0.1671205759048462,-0.028158110222800167,0.018124202730294463,-0.5998868115018678,0
19.35,1,0.9516940879791776,0.31922600337689716,11.992848794388282,0.9766460142968866,0.3113441623539458,12.592735605890153,-17.57608141192947,0.08049798756837845,-0.16093967854976654,-0.028158110222800167,0.018124202730294463,-0.5998868115018678,0
19.45,1,0.9573987636610686,0.32040688619527813,11.320768909979934,0.9823380136885722,0.312584707311356,11.920655721481799,-18.114732712272506,0.08132660388946533,-0.13112616539001465,-0.02815811022279993,0.018124202730294806,-0.5998868115018932,0
19.55,1,0.9649491071001798,0.32185098969945153,10.39108667713286,0.9898728238062922,0.31410778231581143,10.990973488634753,-18.88242897229865,0.08083812892436981,-0.1019967794418335,-0.02815811022279993,0.018124202730294806,-0.5998868115018932,0
19.64,1,0.9692655292307502,0.32263378424502015,10.171211975688525,0.9941808136448309,0.31493572607048054,10.771098787190418,-19.333699469902847,0.08076663315296173,-0.08751586079597473,-0.02815811022279993,0.018124202730294806,-0.5998868115018932,0
19.75,1,0.9757288127791661,0.32376628453142575,9.615677231730004,1.0006318858796377,0.3161358336270099,10.215564043231895,-19.908897193241252,0.08104835450649261,-0.07427293062210083,-0.03815811022279945,0.0181242027302936,-0.5998868115018356,0
19.85,1,0.9725067219764361,0.3248946461323613,9.233480436821912,1.0073976098499275,0.3173350967952701,9.833367248323748,-20.247665636137906,0.0811210423707962,-0.04973476752638817,-0.03815811022279945,0.0181242027302936,-0.5998868115018356,0
19.95,1,0.9795468852897986,0.3260128237643658,8.770215470272817,1.0144256801863818,0.31852692230321145,9.370102281774653,-20.67384763441566,0.08103906363248825,0.02526523247361183,-0.03815811022279945,0.0181242027302936,-0.5998868115018356,0
20.04,1,0.9869568828596846,0.32714478558062554,8.652678687355724,1.0218234201909906,0.31973640333381875,9.252565498857559,-20.87416152981969,0.08076278865337372,0.05359695479273796,-0.03815811022279945,0.0181242027302936,-0.5998868115018356,0
20.14,1,0.9946283604385722,0.32831129479354487,8.704810906493881,1.0294822641682602,0.32098316751322103,9.304697717995715,-20.764472550553574,0.08048085868358612,0.04850122705101967,-0.03815811022279945,0.0181242027302936,-0.5998868115018356,0
20.24,1,1.001253036829888,0.3293400094371247,8.916366338561682,1.0360958070158608,0.32208118486760323,9.516253150063516,-20.586962007705196,0.08010125160217285,0.01749682053923607,-0.03815811022279945,0.0181242027302936,-0.5998868115018356,0
20.34,1,1.0094811147020955,0.33064731935374314,9.172765803617851,1.044309746622782,0.3234745695320255,9.772652615119688,-20.386785536662934,0.08015596866607666,0.004678972065448761,-0.03815811022279945,0.0181242027302936,-0.5998868115018356,0
20.45,1,1.0169711131219346,0.3318518511813744,9.108356785644258,1.0517867232983638,0.3247574541900416,9.708243597146092,-20.32416803482255,0.08032511919736862,-0.01132599264383316,-0.03815811022279945,0.0181242027302936,-0.5998868115018356,0
20.55,1,1.0252892505303242,0.3331828147350646,9.04236138687442,1.0600904698562534,0.3261754341011977,9.642248198376256,-20.3280931537954,0.08032511919736862,-0.01132599264383316,-0.03815811022279945,0.0181242027302936,-0.5998868115018356,0
20.65,1,1.0332949184707922,0.3344470674517966,8.854645411191807,1.068082462522359,0.3275234353362555,9.45453222269364,-20.3911782076127,0.080057792365551,-0.024970773607492447,-0.03933339162025904,0.012359563482165542,-0.7998490820024718,0
20.75,1,1.0408527961601703,0.3260977382580626,8.473597602505736,1.0757012926187994,0.3287865137769062,9.273446684508208,-20.538052836793195,0.08036599308252335,-0.023661132901906967,-0.03933339162025904,0.012359563482165542,-0.7998490820024718,0
20.85,1,1.0516158612952273,0.327682091471207,8.17279928103837,1.0864411921567334,0.33052096012100846,8.972648363040843,-20.66063013347544,0.08030808717012405,0.029375728219747543,-0.03933339162025904,0.012359563482165542,-0.7998490820024718,0
20.95,1,1.056751204844797,0.3284164612363545,8.188429125118924,1.091565783853502,0.3313269453972246,8.988278207121395,-20.776101833209925,0.08053629100322723,0.06169785186648369,-0.03933339162025904,0.012359563482165542,-0.7998490820024718,0
21.04,1,1.0644566323356557,0.32953016566618154,8.257680414994846,1.0992549137246708,0.3325481055825401,9.057529496997319,-20.674205643792675,0.08053629100322723,0.06169785186648369,-0.03933339162025904,0.012359563482165542,-0.7998490820024718,0
21.15,1,1.07182593727195,0.33062328826444165,8.609223669190753,1.1066082411058302,0.33374399382330916,9.409072751193225,-20.391966340725258,0.08004936575889587,0.004147417843341827,-0.03933339162025904,0.012359563482165542,-0.7998490820024718,0
21.24,1,1.0794756108711785,0.33178309033241293,8.659840082895306,1.1142409790158572,0.33501046885600383,9.459689164897776,-20.251608824349347,0.07997547835111618,-0.017824821174144745,-0.03933339162025904,0.012359563482165542,-0.7998490820024718,0
21.35,1,1.0873466847998374,0.33298017312722716,8.600718312618444,1.1220945752601972,0.3363173116311481,9.400567394620914,-20.23533810870812,0.07997874915599823,-0.029741335660219193,-0.03933339162025904,0.012359563482165542,-0.7998490820024718,0
21.45,1,1.095297709165171,0.3341732867051117,8.4286568620754,1.1300281695593721,0.3376213016479649,9.228505944077869,-20.301767090633824,0.07978943735361099,-0.0595841147005558,-0.03933339162025904,0.012359563482165542,-0.7998490820024718,0
21.55,1,1.1031992706246827,0.3353335550691548,8.182489790795405,1.1379127642766447,0.33889175917161435,8.982338872797879,-20.505358421608268,0.07995165139436722,-0.0495636872947216,-0.03933339162025904,0.012359563482165542,-0.7998490820024718,0
21.64,1,1.1100959795166954,0.3363080169031014,7.933140352217213,1.144795198113378,0.33996240098378827,8.732989434219684,-20.71844310136699,0.0798833891749382,-0.047452639788389206,-0.03933339162025904,0.012359563482165542,-0.7998490820024718,0
21.74,1,1.117853348273614,0.3373546959539138,7.583212943541462,1.1525371998333904,0.3411172673975126,8.383062025543934,-21.012419751767663,0.079810231924057,-0.03802743926644325,-0.03933339162025904,0.012359563482165542,-0.7998490820024718,0
21.85,1,1.1279791491747337,0.33865675120589606,7.133537597764447,1.1626438379834536,0.3425605473675878,7.933386679766919,-21.19385333856088,0.07957049459218979,-0.034006889909505844,-0.029333391620259282,0.012359563482165678,-0.7998490820024776,0
21.95,1,1.1429533935356366,0.3392699044264927,6.9009910741615546,1.1676090383169349,0.34324307903887014,7.70084015616403,-21.441647607540993,0.08031802624464035,-0.02800629660487175,-0.029333391620259282,0.012359563482165678,-0.7998490820024776,0
22.05,1,1.1506986994921629,0.3401904334348221,6.6503537563100155,1.1753407394093391,0.34427163931084886,7.450202838312494,-21.577980411083374,0.08031802624464035,-0.02800629660487175,-0.029333391620259282,0.012359563482165678,-0.7998490820024776,0
22.15,1,1.1613024793059707,0.3413986636086539,6.2938378900105665,1.1859266196537477,0.3456277757139117,7.093686972013044,-21.77134230157131,0.0806998461484909,-0.007016826421022415,-0.029333391620259282,0.012359563482165678,-0.7998490820024776,0
22.25,1,1.1693981144191448,0.342291334612831,6.233044624910644,1.1940090046521072,0.3466333711323808,7.032893706913121,-21.87768198371955,0.08091382682323456,0.016576480120420456,-0.029333391620259282,0.012359563482165678,-0.7998490820024776,0
22.35,1,1.1745798477123468,0.34285316092744894,6.217605178469461,1.199182390200663,0.34726747735035324,7.017454260471941,-21.93112979231238,0.0808427557349205,0.0292455293238163,-0.029333391620259282,0.012359563482165678,-0.7998490820024776,0
22.44,1,1.182614929475132,0.3437350753993402,6.273751617427072,1.2072043779052186,0.3482614719873292,7.07360069942955,-21.884929506353192,0.08067300170660019,0.029897470027208328,-0.029333391620259282,0.012359563482165678,-0.7998490820024776,0
22.55,1,1.1932369050070264,0.34493021888135,6.545556018017949,1.2178086347790211,0.34960477697770126,7.345405100020428,-21.744199676604527,0.08093025535345078,0.03332863375544548,-0.029333391620259282,0.012359563482165678,-0.7998490820024776,0
22.64,1,1.1983207913834029,0.34551685100380053,6.68430496152604,1.2228838366670487,0.35026232068785473,7.484154043528519,-21.63738217062264,0.07981609553098679,0.03198245167732239,-0.029333391620259282,0.012359563482165678,-0.7998490820024776,0
22.75,1,1.208468609976932,0.34672277375228183,6.880130074544193,1.2330138323302948,0.35160978487850764,7.679979156546671,-21.479665352024224,0.07907064259052277,0.019821379333734512,-0.029333391620259282,0.012359563482165678,-0.7998490820024776,0
22.85,1,1.2138736220403865,0.3473860958391197,7.064432000940334,1.2384090580580345,0.352348493849425,7.864281082942813,-21.37396377195287,0.07858166098594666,0.00649232417345047,-0.029333391620259282,0.012359563482165678,-0.7998490820024776,0
22.96,1,1.2217570917915763,0.34836247679230786,7.1207699054906115,1.2462781298147043,0.35343482932802,7.920618987493093,-21.28238508178732,0.08014734834432602,-0.059335965663194656,-0.029333391620259282,0.012359563482165678,-0.7998490820024776,0
23.05,1,1.2322422558227102,0.3496606069472703,6.93545387198864,1.2567441508712938,0.3548792011298863,7.735302953991116,-21.28418645726507,0.08180486410856247,-0.011794336140155792,-0.05056297067167748,0.01725286580110049,-0.9998113525030937,0
23.14,1,1.2164985232743983,0.35065163629158597,6.562920047567787,1.2610510738515752,0.3554571123823774,7.562731400070883,-21.52436082472048,0.08079628646373749,-0.005561724305152893,-0.05056297067167748,0.01725286580110049,-0.9998113525030937,0
23.25,1,1.2273591369402967,0.3518838437236663,6.40111443218793,1.2718885330889558,0.35687864030461014,7.400925784691024,-21.588469883802915,0.0791814774274826,0.005607057362794876,-0.05056297067167748,0.01725286580110049,-0.9998113525030937,0
23.35,1,1.2331011988120029,0.3525289892993591,6.402997718265355,1.277618463527781,0.3576238815531737,7.402809070768449,-21.627899554812643,0.07723519206047058,-0.0013530030846595764,-0.05056297067167748,0.01725286580110049,-0.9998113525030937,0
23.45,1,1.2405958637838852,0.35337136171214706,6.4535661979012975,1.2850972888038938,0.35859690098358754,7.453377550404391,-21.619926082097354,0.07883170992136002,-0.061353003084659574,-0.05056297067167748,0.01725286580110049,-0.9998113525030937,0
23.55,1,1.250883131145343,0.35452346141470736,6.214587247250361,1.2953628868362483,0.35992832898722493,7.214398599753454,-21.696011067815896,0.07938440144062042,-0.09936708211898804,-0.05056297067167748,0.01725286580110049,-0.9998113525030937,0
23.64,1,1.2551825086676027,0.354969159103228,5.598269800700655,1.2996538327595533,0.36044897914975244,6.59808115320375,-21.994485551110056,0.08064838498830795,-0.09162037074565887,-0.05056297067167748,0.01725286580110049,-0.9998113525030937,0
23.75,1,1.2641332179378264,0.3557990272442905,4.813590464457243,1.308588698843536,0.3614349028957439,5.813401816960337,-22.532798071160183,0.07959258556365967,-0.06730405986309052,-0.05056297067167748,0.01725286580110049,-0.9998113525030937,0
23.84,1,1.268620821610534,0.3561607713468301,4.373977156882548,1.3130693071760768,0.36187489663364014,5.373788509385642,-22.874482471777483,0.07916881889104843,-0.07228337228298187,-0.05056297067167748,0.01725286580110049,-0.9998113525030937,0
23.95,1,1.2767846328898256,0.3566762170826353,4.137703859446435,1.3204790059705618,0.36255670002150864,5.122720861323119,-23.309471835785647,0.07945351302623749,-0.13228337228298187,-0.03933053082698737,0.012123598237130058,-0.7998490820024365,0
24.04,1,1.2927431606778983,0.35666791367299616,3.559375199509216,1.3271342128664907,0.3631058880517671,4.3592242815116515,-23.59878098685698,0.07945351302623749,-0.19228337228298187,-0.03933053082698737,0.012123598237130058,-0.7998490820024365,0
24.14,1,1.2988699306241362,0.3570220185674863,2.828676991716996,1.3332554426812901,0.3635454853730021,3.6285260737194327,-24.314580327045817,0.0798870101571083,-0.10381603240966797,-0.03933053082698737,0.012123598237130058,-0.7998490820024365,0
24.25,1,1.30510488879534,0.3573017458488756,2.1208760612667565,1.339485888457034,0.3639122225869986,2.920725143269193,-24.756268710312526,0.07947012037038803,-0.09089584648609161,-0.02933053082698759,0.012123598237130937,-0.7998490820024735,0
24.34,1,1.3216112322626545,0.3575026360075407,1.559086408318598,1.3459887936158046,0.3642039187757805,2.358935490321072,-25.34067080007153,0.07958216220140457,-0.07037888467311859,-0.02933053082698759,0.012123598237130937,-0.7998490820024735,0
24.44,1,1.3284219602796286,0.35765177901483225,0.9045853136979898,1.352796776032012,0.36444812192569015,1.7044343957004637,-25.685537595047332,0.07987327873706818,-0.10303039848804474,-0.02933053082698759,0.012123598237130937,-0.7998490820024735,0
24.54,1,1.3353788526555754,0.3577376981804688,0.5899195610394401,1.3597517911412147,0.36463114778260375,1.3897686430419132,-26.141598655088412,0.07997293025255203,-0.1550579071044922,-0.039330530826987814,0.0121235982371299,-0.7998490820024409,0
24.65,1,1.3419760498504523,0.3577666313930961,-0.2246423200762086,1.366347941615829,0.36475217205754,0.5752067619262652,-26.504445691394043,0.0800245925784111,-0.18457654118537903,-0.039330530826987814,0.0121235982371299,-0.7998490820024409,0
24.75,1,1.338048070705229,0.3577040082133244,-0.9901164228171192,1.37242024500884,0.3647743176376786,-0.19026734081467847,-27.243059227843602,0.08002138882875443,-0.2031385898590088,-0.039330530826987814,0.0121235982371299,-0.7998490820024409,0
24.85,1,1.3436494196564617,0.35757977839649396,-1.5604526564745038,1.3780227823609286,0.36472829221729924,-0.7606035744720627,-27.814668933985946,0.0800120085477829,-0.1947234570980072,-0.02933053082698785,0.012123598237129187,-0.7998490820024102,0
24.95,1,1.3491136578685115,0.3573939987771181,-2.363688332065557,1.3834890815411325,0.3646188089879889,-1.5638392500631162,-28.718144023378557,0.08000350743532181,-0.1920068860054016,-0.02933053082698785,0.012123598237129187,-0.7998490820024102,0
25.05,1,1.3664697543794917,0.3570033278465245,-3.7160292701146966,1.3908499148688778,0.36433086389595626,-2.9161801881122855,-29.32147626931404,0.07999982684850693,-0.17756947875022888,-0.02933053082698785,0.012123598237129187,-0.7998490820024102,0
25.14,1,1.370041536025313,0.3567569973212214,-4.203575660508532,1.3944247871455324,0.36413441782516487,-3.4037265785061224,-30.221914683101286,0.0799989327788353,-0.17216674983501434,-0.02933053082698785,0.012123598237129187,-0.7998490820024102,0
25.24,1,1.3753725085832063,0.3563511802238801,-4.623120119448353,1.3997609052803037,0.3638030582300621,-3.8232710374459407,-30.78813452684843,0.07999921590089798,-0.18273749947547913,-0.029330530826987188,0.012123598237129005,-0.7998490820023988,0
25.35,1,1.3833123410043084,0.3556494354556283,-5.64474539923118,1.4077097600891266,0.3632122182997902,-4.844896317228782,-31.61188002384576,0.0799996554851532,-0.1552615910768509,-0.029330530826987188,0.012123598237129005,-0.7998490820023988,0
25.45,1,1.3889507834509482,0.3550590434687693,-6.256703893754346,1.413355894734787,0.3627005939402363,-5.456854811751949,-32.18580531493023,0.07999993115663528,-0.13908915221691132,-0.03933053082698718,0.012123598237128403,-0.7998490820023768,0
25.54,1,1.3827106703763576,0.3546411609663156,-6.414220011231155,1.4171212487500142,0.36233523847259713,-5.614370929228777,-32.98067186744443,0.08000003546476364,-0.163559690117836,-0.03933053082698718,0.012123598237128403,-0.7998490820023768,0
25.64,1,1.3885073184124261,0.35396351062740283,-7.041160279742331,1.4229267916567045,0.36173857274166993,-6.241311197739957,-33.45529048185459,0.08000004291534424,-0.1566687673330307,-0.03933053082698718,0.012123598237128403,-0.7998490820023768,0
25.75,1,1.3966847409882757,0.352892486697745,-7.8717168463089,1.4311183684393312,0.3607818062830968,-7.071867764306524,-34.24216465346451,0.08000002056360245,-0.16138328611850739,-0.029330530826987656,0.01212359823712788,-0.7998490820023562,0
25.85,1,1.4104449460487707,0.3523694987916244,-8.050354237096602,1.4348855077824239,0.3603113600942004,-7.250505155094246,-34.775101654716394,0.08000000566244125,-0.151509091258049,-0.029330530826987656,0.01212359823712788,-0.7998490820023562,0
25.95,1,1.416302174489575,0.351505557168523,-8.640091473758748,1.4407542257328017,0.35952926690614334,-7.840242391756388,-35.5446344031043,0.07999999821186066,-0.1248328685760498,-0.029330530826987656,0.01212359823712788,-0.7998490820023562,0
26.05,1,1.4218853982155815,0.3506309047136752,-9.22139535484486,1.4463491151855414,0.35873263894841545,-8.421546272842503,-36.05288707419813,0.07975463569164276,-0.14983423054218292,-0.029330530826987656,0.01212359823712788,-0.7998490820023562,0
26.15,1,1.428305875939349,0.34957605164412375,-9.477511855348261,1.4527836925735425,0.3577675156207718,-8.677662773345906,-36.75918838957723,0.07919948548078537,-0.16527999937534332,-0.029330530826987656,0.01212359823712788,-0.7998490820023562,0
26.25,1,1.434203998906854,0.348573679801843,-10.001322213930225,1.4586952334889833,0.35684757657111793,-9.201473131927866,-37.25925613885829,0.07955420762300491,-0.19618579745292664,-0.029330530826987656,0.01212359823712788,-0.7998490820023562,0
26.35,1,1.4418542941416745,0.3471575502894729,-11.016531025603042,1.4663645518109134,0.35553837969797986,-10.216681943600685,-38.091770621257425,0.07983908802270889,-0.16634416580200195,-0.029330530826987656,0.01212359823712788,-0.7998490820023562,0
26.45,1,1.4472810933789384,0.34608868962962536,-11.319712329841153,1.471805743075274,0.354545378843811,-10.519863247838794,-38.71543247386658,0.079986073076725,-0.1976965367794037,-0.03824923486272312,-0.0035240680269480354,-0.5998868115017277,0
26.55,1,1.4425623386427544,0.3345108464471527,-11.617556466281066,1.4771912494054893,0.35352020071154294,-11.017669654779338,-39.565046868094235,0.08003200590610504,-0.18606409430503845,-0.03824923486272312,-0.0035240680269480354,-0.5998868115017277,0
26.64,1,1.4460531842450812,0.3337805764223697,-12.101493124586586,1.4806895494622134,0.3528265191985244,-11.501606313084858,-40.150809213345106,0.07964234054088593,-0.17258509993553162,-0.03824923486272312,-0.0035240680269480354,-0.5998868115017277,0
26.75,1,1.453347227003299,0.3321620184502576,-12.937362783824664,1.488000138426676,0.35128441717191267,-12.337475972322936,-41.05057097355274,0.07952246069908142,-0.1508004516363144,-0.03824923486272312,-0.0035240680269480354,-0.5998868115017277,0
26.84,1,1.4572867193159809,0.33125410630732277,-13.11726944997026,1.491948920482448,0.3504178005225348,-12.517382638468536,-41.64103003299735,0.07950852066278458,-0.14584094285964966,-0.03824923486272312,-0.0035240680269480354,-0.5998868115017277,0
26.94,1,1.4628034203498481,0.3299436978131254,-13.577248626948805,1.497479038872481,0.34916522265630956,-12.977361815447079,-42.430681293208586,0.07952504605054855,-0.12803904712200165,-0.03824923486272312,-0.0035240680269480354,-0.5998868115017277,0
27.05,1,1.4689727923270042,0.32840993132502716,-14.273052762242465,1.5036641309484118,0.3476961323783524,-13.673165950740737,-42.94291324480325,0.07930881530046463,-0.13690729439258575,-0.039278565381713065,0.012231815787748538,-0.7998490820024009,0
27.15,1,1.4768226833882279,0.3368845040084467,-14.800230571990307,1.5114215167270173,0.34578514031881535,-14.000381489987905,-43.6649055321182,0.07893908768892288,-0.17143206298351288,-0.039278565381713065,0.012231815787748538,-0.7998490820024009,0
27.24,1,1.4809361763722584,0.3357848606366305,-15.179636233851822,1.5155499594183799,0.3447430265923055,-14.379787151849417,-44.13878250300861,0.07932133227586746,-0.13745978474617004,-0.039278565381713065,0.012231815787748538,-0.7998490820024009,0
27.35,1,1.486269954087036,0.33431205900278066,-15.750521180821666,1.520903777057041,0.3433448255855507,-14.950672098819265,-44.94263493364397,0.07968831062316895,-0.11171626299619675,-0.039278565381713065,0.012231815787748538,-0.7998490820024009,0
27.45,1,1.49200771201153,0.33267807529634286,-16.010983295705014,1.5266637855705532,0.3417910975922179,-15.211134213702614,-45.44509852019389,0.07995852828025818,-0.07564312219619751,-0.039278565381713065,0.012231815787748538,-0.7998490820024009,0
27.55,1,1.4985480601766532,0.33077521859213715,-16.463744982574806,1.533230059466066,0.33997972659574033,-15.663895900572408,-46.07188671526834,0.08003416657447815,-0.015081685036420822,-0.039278565381713065,0.012231815787748538,-0.7998490820024009,0
27.65,1,1.5050085568735496,0.3288434762534057,-16.748613721812216,1.539716892904377,0.33813835808904047,-15.948764639809818,-46.3876262535518,0.08056779950857162,0.023326003924012184,-0.039278565381713065,0.012231815787748538,-0.7998490820024009,0
27.74,1,1.5124757179165467,0.3265902650753993,-16.80611597292352,1.5472147801594383,0.33598960464456745,-16.00626689092112,-46.54709132667637,0.0801401138305664,0.06370037794113159,-0.04022020297265795,0.01813151650599289,-0.999811352503052,0
27.84,1,1.5200425819766514,0.3243241753033574,-16.5850905854335,1.5548125404959565,0.3338293656698506,-15.785241503431095,-46.498881204667036,0.08008638769388199,0.006617484614253044,-0.04022020297265795,0.01813151650599289,-0.999811352503052,0
27.95,1,1.5299724614872094,0.3218609584650729,-16.535552173156333,1.5646537969451204,0.3310816714068752,-15.535740820653274,-46.265068940771805,0.07998902350664139,-0.014356540516018867,-0.04022020297265795,0.01813151650599289,-0.999811352503052,0
28.05,1,1.5349076056434872,0.3203974593775078,-16.509870851468733,1.5696137265016283,0.32970450902827725,-15.51005949896568,-46.2403280290525,0.07998337596654892,-0.04879187047481537,-0.04022020297265795,0.01813151650599289,-0.999811352503052,0
28.15,1,1.5426787462457348,0.31808812887227494,-16.62645736753709,1.5774239797402443,0.3275311296341112,-15.626646015034032,-46.38411216035152,0.07998558133840561,-0.034377921372652054,-0.04022020297265795,0.01813151650599289,-0.999811352503052,0
28.25,1,1.5500484265851098,0.3158732745506223,-16.867301149707025,1.5848311853115267,0.3254452069137118,-15.86748979720397,-46.573209252967565,0.07999411970376968,-0.06320764869451523,-0.04022020297265795,0.01813151650599289,-0.999811352503052,0
28.35,1,1.5575595179496908,0.31358478890520297,-17.04352030265689,1.5923810651799495,0.3232881315768813,-16.04370895015384,-46.83054764332327,0.07999875396490097,-0.025206923484802246,-0.04022020297265795,0.01813151650599289,-0.999811352503052,0
28.44,1,1.5646919694803325,0.3113758781622083,-17.27980554412077,1.5995509743497807,0.32120401209761856,-16.279994191617718,-47.06636772466721,0.08011481910943985,-0.02186664566397667,-0.04022020297265795,0.01813151650599289,-0.999811352503052,0
28.54,1,1.5721751009907523,0.30903967992473164,-17.405415748547526,1.6070737311633345,0.31899874355815383,-16.40560439604447,-47.28870698828113,0.0800262913107872,-0.048496101051568985,-0.04022020297265795,0.01813151650599289,-0.999811352503052,0
28.64,1,1.5797711135653756,0.30664524359611417,-17.57135532401621,1.6147103680583605,0.3167372154687504,-16.571543971513158,-47.398856820405676,0.08001758903265,-0.05804063007235527,-0.04022020297265795,0.01813151650599289,-0.999811352503052,0
28.75,1,1.5870619265803874,0.3043214996786029,-17.83464590548218,1.622040618339641,0.3145410435656821,-16.834834552979125,-47.684281300720755,0.07999777793884277,-0.07671618461608887,-0.04022020297265795,0.01813151650599289,-0.999811352503052,0
28.84,1,1.5940080103560867,0.3020744427187939,-18.04563414108556,1.6290248537462355,0.31241553172498693,-17.045822788582512,-47.92417311181378,0.07999680191278458,-0.09372448921203613,-0.04022020297265795,0.01813151650599289,-0.999811352503052,0
28.95,1,1.600762901438422,0.2998474387256158,-18.347683140345985,1.635817575661544,0.3103067336547284,-17.347871787842934,-48.37256983469429,0.07999715209007263,-0.10304334759712219,-0.04103596939250187,0.014340841172302176,-1.199773623003683,0
29.04,1,1.6072842445277051,0.2881686420838305,-18.92931419072219,1.6422253113148335,0.3082810715027755,-17.729540567718505,-48.717585597829085,0.07999883592128754,-0.0900014340877533,-0.04103596939250187,0.014340841172302176,-1.199773623003683,0
29.14,1,1.613516445937209,0.2860070366858136,-19.316695082195277,1.648501407124394,0.3062504327622382,-18.116921459191595,-49.264290466646116,0.07999975234270096,-0.08204985409975052,-0.04103596939250187,0.014340841172302176,-1.199773623003683,0
29.25,1,1.6221034010616568,0.28297287222551876,-19.711498642032133,1.6571500104588293,0.30339673119322413,-18.51172501902845,-49.617872552032075,0.08000010997056961,-0.10366368293762207,-0.04103596939250187,0.014340841172302176,-1.199773623003683,0
29.35,1,1.626376563777256,0.28143639130701825,-19.84959268121006,1.6614544079119717,0.30195006061141094,-18.64981905820638,-50.11999358356383,0.07987702637910843,-0.1327880471944809,-0.04103596939250187,0.014340841172302176,-1.199773623003683,0
29.45,1,1.6324972768114696,0.27921018569979994,-20.144785864976562,1.6676203924177857,0.29985250142825,-18.945012241972872,-50.50538529357747,0.07997257262468338,-0.1625298708677292,-0.04103596939250187,0.014340841172302176,-1.199773623003683,0
29.54,1,1.6383897563895098,0.27701199531690973,-20.764575985520626,1.6735576069079854,0.29777817246822086,-19.56480236251694,-51.181480669245424,0.07998155802488327,-0.15072530508041382,-0.04103596939250187,0.014340841172302176,-1.199773623003683,0
29.65,1,1.6438537554008796,0.274912007463659,-21.28656302369767,1.6790643785582389,0.2957930527811452,-20.086789400693988,-51.70078181166322,0.07998155802488327,-0.15072530508041382,-0.04103596939250187,0.014340841172302176,-1.199773623003683,0
29.75,1,1.6504923647449663,0.2726949704295343,-21.764807863179836,1.6846066145994996,0.2937466142606135,-20.58824484379057,-52.482721054524276,0.07988270372152328,-0.16903790831565857,-0.030307912861036956,0.007967727809941535,-0.9998113525029985,0
29.84,1,1.664638314609331,0.2700781610106385,-22.2511559572025,1.6901145813974983,0.29164583822892,-21.2513446046995,-53.01454277760353,0.07988270372152328,-0.16903790831565857,-0.030307912861036956,0.007967727809941535,-0.9998113525029985,0
29.95,1,1.6700292263505814,0.26783828011195204,-22.828720379543668,1.6955437563246099,0.2895003649820409,-21.828909027040673,-53.85490009328542,0.07991167157888412,-0.16241809725761414,-0.030307912861036956,0.007967727809941535,-0.9998113525029985,0
30.04,1,1.6753484190309846,0.26556632245990436,-23.4291354370647,1.7009017828208535,0.28732156843130385,-22.4293240845617,-54.418549104465335,0.07991167157888412,-0.16241809725761414,-0.030307912861036956,0.007967727809941535,-0.9998113525029985,0
30.14,1,1.6806804447212458,0.2632162112314743,-24.17011144865495,1.7062740040838593,0.28506485412751953,-23.170300096151955,-55.238137324353055,0.0799165889620781,-0.16658569872379303,-0.030307912861036956,0.007967727809941535,-0.9998113525029985,0
30.24,1,1.685884935860968,0.2608462003885536,-24.899071583873045,1.7115190574437789,0.2827860178739441,-23.89926023137004,-55.81600548931674,0.07995332032442093,-0.15850001573562622,-0.030307912861036956,0.007967727809941535,-0.9998113525029985,0
30.35,1,1.691100155240957,0.2584045642467052,-25.366227966211877,1.7167760872086544,0.2804357544244975,-24.36641661370888,-56.66513420725231,0.07999274879693985,-0.15581533312797546,-0.030307912861036946,0.007967727809941986,-0.9998113525030146,0
30.45,1,1.6964154956206898,0.2558516497283694,-25.97778023903018,1.7221351644392366,0.2779759765631857,-24.97796888652717,-57.20001394562643,0.08000761270523071,-0.11335182189941406,-0.030307912861036946,0.007967727809941986,-0.9998113525030146,0
30.55,1,1.7017621073696798,0.25320892578445187,-26.532080171062002,1.727527075373035,0.27542694860724276,-25.53226881855899,-57.96216655413301,0.08000632375478745,-0.1017938107252121,-0.030307912861036946,0.007967727809941986,-0.9998113525030146,0
30.64,1,1.7072305552454177,0.2504545226253379,-26.973685560841737,1.7330427525877534,0.272768384371488,-25.97387420833872,-58.38741557316059,0.08000371605157852,-0.11543229222297668,-0.030307912861036946,0.007967727809941986,-0.9998113525030146,0
30.75,1,1.7133794393196482,0.2472924041152496,-27.51756447955904,1.739245876678141,0.2697140398674377,-26.51775312705603,-58.975096907387616,0.08000103384256363,-0.11342418193817139,-0.030307912861036946,0.007967727809941986,-0.9998113525030146,0
30.85,1,1.7188014592347667,0.24445012338467262,-27.825281713850586,1.744716666386575,0.26696680131255346,-26.825470361347566,-59.40236620362896,0.07999995350837708,-0.13168305158615112,-0.030307912861036946,0.007967727809941986,-0.9998113525030146,0
30.95,1,1.7248497167894161,0.2412314501409955,-28.307666441841775,1.7508201661075238,0.263854154841571,-27.307855089338755,-60.044337596635906,0.07999995350837708,-0.13168305158615112,-0.030307912861036946,0.007967727809941986,-0.9998113525030146,0
31.05,1,1.73206266176641,0.23729254229135965,-28.942164710716895,1.7581007433862477,0.26004170618256084,-27.942353358213882,-60.50688150331178,0.07999975979328156,-0.11314566433429718,-0.0408600192195297,0.014560071745879718,-1.1997736230036895,0
31.15,1,1.7278695679603917,0.2345950298392814,-29.64109544941075,1.7637346265822331,0.2570212099100977,-28.44132182640705,-61.16758921657992,0.0799998939037323,-0.11632786691188812,-0.0408600192195297,0.014560071745879718,-1.1997736230036895,0
31.24,1,1.731814872436981,0.23233204103557215,-30.03331475750848,1.7677264496373295,0.2548413258683403,-28.833541134504788,-61.577230586464346,0.07999997586011887,-0.06937064230442047,-0.0408600192195297,0.014560071745879718,-1.1997736230036895,0
31.35,1,1.7371220683855642,0.22924297943724561,-30.454626879698264,1.7730971622919935,0.25186406605839046,-29.254853256694563,-62.187914228195595,0.08000000566244125,-0.081857830286026,-0.0408600192195297,0.014560071745879718,-1.1997736230036895,0
31.45,1,1.7453452156663545,0.22436478545921265,-30.959122540153015,1.7814206486979742,0.24715912166569604,-29.75934891714933,-62.49829761520894,0.08000001311302185,-0.12651380896568298,-0.0408600192195297,0.014560071745879718,-1.1997736230036895,0
31.55,1,1.7494842415175549,0.22187544623544728,-31.139446300103103,1.7856108900888288,0.24475699305668028,-29.939672677099416,-63.01346391697645,0.08000000566244125,-0.13807842135429382,-0.0408600192195297,0.014560071745879718,-1.1997736230036895,0
31.65,1,1.7564777910967242,0.2175774597435363,-31.969603316164015,1.7926928997056681,0.24060638305477197,-30.76982969316032,-63.445480761169605,0.08000000566244125,-0.12604649364948273,-0.0408600192195297,0.014560071745879718,-1.1997736230036895,0
31.74,1,1.7598437989387676,0.2154584034308529,-32.35590332178181,1.7961025394015089,0.2385582703641304,-31.156129698778106,-64.15248769327937,0.08000000566244125,-0.10995221138000488,-0.0408600192195297,0.014560071745879718,-1.1997736230036895,0
31.85,1,1.7651649568746333,0.21205533827612671,-32.92774060268755,1.801493785736476,0.23526736818061839,-31.727966979683863,-64.60466515615275,0.08041376620531082,-0.09671436250209808,-0.04041487309704709,0.017843299768278347,-0.9998113525029987,0
31.95,1,1.7703677636179151,0.21810803647298077,-33.162426475906095,1.8070125074859713,0.23183080033735257,-32.1626151234031,-65.22175584621048,0.08064193278551102,-0.09682755172252655,-0.04041487309704709,0.017843299768278347,-0.9998113525029987,0
32.04,1,1.7759769543131836,0.21441955370598423,-33.56268715533714,1.812685204954448,0.22824075454245601,-32.56287580283414,-65.6025939295618,0.08040416985750198,-0.11193004250526428,-0.04041487309704709,0.017843299768278347,-0.9998113525029987,0
32.15,1,1.7815827707869059,0.21066283428525262,-34.04051057971188,1.8183557193842734,0.22458242360549877,-33.040699227208876,-66.16191526470102,0.08012280613183975,-0.09517817199230194,-0.04041487309704709,0.017843299768278347,-0.9998113525029987,0
32.24,1,1.7869522546763212,0.20700719517476093,-34.402828293943244,1.8237881734489116,0.22102103379526394,-33.40301694144024,-66.57379883623241,0.0800098329782486,-0.10698308050632477,-0.04041487309704709,0.017843299768278347,-0.9998113525029987,0
32.36,1,1.7924043703811483,0.2032414239284511,-34.89225322104954,1.8293051684567225,0.21735097046854257,-33.89244186854655,-67.14004503019231,0.0800098329782486,-0.10698308050632477,-0.04041487309704709,0.017843299768278347,-0.9998113525029987,0
32.44,1,1.796979103311445,0.19864125584852851,-35.38104575873749,1.834760503979163,0.2136608134043042,-34.3812344062345,-67.53321666890582,0.07987896353006363,-0.12605911493301392,-0.05041487309704738,0.00784329976827902,-0.9998113525030261,0
32.55,1,1.793083177766337,0.18567166987507544,-35.878241016308124,1.8401144355259935,0.2099687046223587,-34.87842966380511,-68.16365786021265,0.07996656745672226,-0.05226752534508705,-0.05041487309704738,0.00784329976827902,-0.9998113525030261,0
32.65,1,1.7982429551018646,0.1819042873398343,-36.30480206581246,1.8453391647878228,0.20629192920636566,-35.30499071330942,-68.60347815074292,0.07998251914978027,-0.0327066034078598,-0.05041487309704738,0.00784329976827902,-0.9998113525030261,0
32.75,1,1.8040081343544192,0.17764437448760773,-36.60314515965406,1.8511777980136748,0.2021332621871603,-35.60333380715103,-69.00270384459085,0.08000267297029495,-0.009994663298130035,-0.05041487309704738,0.00784329976827902,-0.9998113525030261,0
32.85,1,1.8102959814889004,0.1729573816096401,-36.791631884325525,1.8575464717148695,0.1975567002557064,-35.791820531822495,-69.16644496070194,0.08000398427248001,-0.03175384923815727,-0.05041487309704738,0.00784329976827902,-0.9998113525030261,0
32.95,1,1.8189441269282336,0.1664738320505752,-36.934154734218694,1.8663064326947558,0.19122504027939854,-35.93434338171568,-69.30234980439782,0.08000320941209793,-0.049899905920028687,-0.05041487309704738,0.00784329976827902,-0.9998113525030261,0
33.05,1,1.8229630618175103,0.16344304361653034,-37.13930277038819,1.8703776402858632,0.18826484012969652,-36.139491417885154,-69.44761373561622,0.08000128716230392,-0.0587264709174633,-0.05041487309704738,0.00784329976827902,-0.9998113525030261,0
33.14,1,1.8289819065640347,0.1588732432653802,-37.30266462484385,1.8764753076482021,0.1838007590293578,-36.30285327234081,-69.75617644748156,0.08000024408102036,-0.07208864390850067,-0.05041487309704738,0.00784329976827902,-0.9998113525030261,0
33.24,1,1.8347927044175185,0.154416649175327,-37.595396224695136,1.8823629844430938,0.17944623672071752,-36.59558487219211,-70.00041011226328,0.07999985665082932,-0.07228364050388336,-0.05041487309704738,0.00784329976827902,-0.9998113525030261,0
33.35,1,1.8404293011951007,0.1500507320102539,-37.91843401516862,1.8880749044517031,0.1751793378772272,-36.918622662665605,-70.4311343309748,0.07999982684850693,-0.0937410444021225,-0.05059329673271408,0.014840058031560337,-1.1997736230036566,0
33.45,1,1.8462587683623075,0.14608036109431258,-38.5392890233417,1.89368823991722,0.17092871029312603,-37.33951540033803,-70.71973485980836,0.0799999013543129,-0.08106563985347748,-0.05059329673271408,0.014840058031560337,-1.1997736230036566,0
33.55,1,1.8515473633058674,0.14184304584423466,-38.97752497965566,1.8990643983191546,0.1668030590908431,-37.77775135665202,-71.24355520498744,0.08017537742853165,-0.069752037525177,-0.05059329673271408,0.014840058031560337,-1.1997736230036566,0
33.65,1,1.8569792682629,0.13742123558282848,-39.33951370936826,1.904587698359374,0.1624959540171507,-38.13974008636461,-71.5610708884492,0.08003919571638107,-0.06554548442363739,-0.05059329673271408,0.014840058031560337,-1.1997736230036566,0
33.75,1,1.8625235267051061,0.13284998186095856,-39.71634873905324,1.9102264563704587,0.15804179075609853,-38.51657511604958,-71.98551134883357,0.08002632111310959,-0.05876229330897331,-0.05059329673271408,0.014840058031560337,-1.1997736230036566,0
33.84,1,1.8680796288594292,0.12820715056033846,-40.038256354893065,1.9158785542220846,0.1535163135977276,-38.83848273188941,-72.2534207933834,0.07999634742736816,-0.053611088544130325,-0.05059329673271408,0.014840058031560337,-1.1997736230036566,0
33.95,1,1.8753696980608425,0.12202550632087376,-40.52207966741548,1.9232964593647688,0.14748866747682413,-39.32230604441183,-72.62251194993067,0.07999508827924728,-0.05178980901837349,-0.05059329673271408,0.014840058031560337,-1.1997736230036566,0
34.05,1,1.8793349825160008,0.11862197335124458,-40.77135259840727,1.927332139267637,0.14416890766514215,-39.57157897540362,-72.85257126217529,0.07999568432569504,-0.049901243299245834,-0.05059329673271408,0.014840058031560337,-1.1997736230036566,0
34.15,1,1.8849904049954793,0.11372264614516647,-41.04481953925769,1.9330889063017986,0.13938907044950385,-39.84504591625403,-73.18772866124878,0.07999826222658157,-0.06929323077201843,-0.050600117528734626,0.011974080012642543,-1.3997358935043538,0
34.25,1,1.8908908861518168,0.09918546189936003,-41.66602701855956,1.9387813052720015,0.1346112656165869,-40.266291125055204,-73.41373074866992,0.07999963313341141,-0.08203139901161194,-0.050600117528734626,0.011974080012642543,-1.3997358935043538,0
34.35,1,1.8962866535011862,0.09435350812849953,-42.00970992170449,1.944293495426274,0.12991255917380956,-40.60997402820012,-73.83817712618469,0.08000018447637558,-0.0521136038005352,-0.050600117528734626,0.011974080012642543,-1.3997358935043538,0
34.44,1,1.9014884315989717,0.08961543647056905,-42.564332030109064,1.9496094609030057,0.12530296814374184,-41.16459613660472,-74.15162613343249,0.08000022917985916,-0.04750674590468407,-0.050600117528734626,0.011974080012642543,-1.3997358935043538,0
34.55,1,1.9066541720887293,0.08484846589991565,-42.84732720746159,1.9548901054554593,0.1206636065131249,-41.44759131395723,-74.52298946482456,0.0800001323223114,-0.06783288717269897,-0.050600117528734626,0.011974080012642543,-1.3997358935043538,0
34.64,1,1.9124185729997687,0.07946993089564083,-43.23870561893856,1.9607841708233686,0.11542748675759842,-41.8389697254342,-74.74433395123472,0.07993697375059128,-0.1173149049282074,-0.050600117528734626,0.011974080012642543,-1.3997358935043538,0
34.75,1,1.9176778386925928,0.07449407498702172,-43.671627433688265,1.9661634152324066,0.11058158671334581,-42.271891540183915,-75.17576713819253,0.07998590171337128,-0.14599862694740295,-0.050600117528734626,0.011974080012642543,-1.3997358935043538,0
34.84,1,1.9220531106206173,0.07027685132186023,-44.212605711934835,1.9706403981160392,0.10647249871893393,-42.81286981843048,-75.58294537613855,0.07999052852392197,-0.15651965141296387,-0.050600117528734626,0.011974080012642543,-1.3997358935043538,0
34.95,1,1.9278768234389139,0.06452969163135065,-45.10460885873629,1.9766027622980011,0.10086931311966392,-43.70487296523196,-76.30828913824655,0.08000130206346512,-0.15558643639087677,-0.05060011752873467,0.01197408001264122,-1.3997358935043145,0
35.05,1,1.9319987325304233,0.0603384970154822,-45.93070390612794,1.9808258221215593,0.09678005736911448,-44.53096801262361,-76.82095857731278,0.08000176399946213,-0.12433607876300812,-0.05060011752873467,0.01197408001264122,-1.3997358935043145,0
35.14,1,1.9346655034627658,0.05755803881957812,-46.435071187307734,1.9835597171330468,0.09406557158891195,-45.035335293803406,-77.60088036817005,0.08000154793262482,-0.09540276229381561,-0.05060011752873467,0.01197408001264122,-1.3997358935043145,0
35.24,1,1.9390242933372581,0.05293877527818497,-47.02145131766509,1.988030043738572,0.08955416106948963,-45.621715424160776,-78.05883453743002,0.0800006240606308,-0.09047307074069977,-0.05060011752873467,0.01197408001264122,-1.3997358935043145,0
35.34,1,1.943536595116183,0.04805799110446182,-47.57971997370625,1.9926602247544973,0.08478505787766005,-46.17998408020193,-78.63382863433753,0.08004356920719147,-0.08412663638591766,-0.05060011752873467,0.01197408001264122,-1.3997358935043145,0
35.45,1,1.9481003912752457,0.04302489773375962,-48.02385391459403,1.9973456053283314,0.07986494882012701,-46.62411802108971,-78.9864340341381,0.08013326674699783,-0.07749086618423462,-0.050600117528734875,0.011974080012641794,-1.39973589350433,0
35.55,1,1.954312392624547,0.03602622339716299,-48.74333303073425,2.0037267136385535,0.07302010696901898,-47.34359713722992,-79.4734197303558,0.08003406226634979,-0.0680726021528244,-0.050600117528734875,0.011974080012641794,-1.39973589350433,0
35.65,1,1.9573270951533632,0.03257104618587781,-49.02297560077164,2.0068249181705364,0.06963960263140426,-47.623239707267295,-79.77638156632146,0.08034943789243698,-0.10913945734500885,-0.050600117528734875,0.011974080012641794,-1.39973589350433,0
35.74,1,1.9619658378327305,0.027184645678618422,-49.58194780156958,2.0115938533356226,0.06436812262468972,-48.18221190806525,-80.22608212638245,0.08066864311695099,-0.11543813347816467,-0.050600117528734875,0.011974080012641794,-1.39973589350433,0
35.84,1,1.966222618247945,0.02214414291997462,-50.14234601613307,2.0159724907717154,0.059433106741584626,-48.74261012262875,-80.61437614122497,0.0811096578836441,-0.11262109875679016,-0.050600117528734875,0.011974080012641794,-1.39973589350433,0
35.95,1,1.9703870972800797,0.017099181064635628,-50.813083536555304,2.020258963292137,0.05449137839387182,-49.413347643050976,-81.22872103698901,0.0811096578836441,-0.11262109875679016,-0.050600117528734875,0.011974080012641794,-1.39973589350433,0
36.04,1,1.9745169779199534,0.011984075989761504,-51.353345658287274,2.0245125611727794,0.049478682602543976,-49.95360976478294,-81.62880777389267,0.08161120116710663,-0.0717928409576416,-0.05060011752873551,0.011974080012642692,-1.3997358935043647,0
36.15,1,1.978760291088656,0.006625727747985274,-51.87700666836999,2.028885499573743,0.04422558710853199,-50.47727077486562,-82.12791271321238,0.08098634332418442,-0.05601125583052635,-0.05060011752873551,0.011974080012642692,-1.3997358935043647,0
36.24,1,1.9831669454382987,0.0009735883928643635,-52.26867583971951,2.033428907018016,0.038682778195872035,-50.86893994621515,-82.40857528498539,0.08118768781423569,-0.04733787104487419,-0.05060011752873551,0.011974080012642692,-1.3997358935043647,0
36.34,1,1.987651678097279,-0.0048557336482592615,-52.67858517881317,2.03805469761571,0.032964746731466,-51.278849285308816,-82.75686433946241,0.08125373721122742,-0.03899795934557915,-0.05060011752873551,0.011974080012642692,-1.3997358935043647,0
36.44,1,1.9922202179520687,-0.010863103388519929,-52.914489355102944,2.042768619673981,0.027070767903072758,-51.51475346159856,-82.95904447063455,0.08142063766717911,-0.05149950459599495,-0.05060011752873551,0.011974080012642692,-1.3997358935043647,0
36.55,1,1.9968171539018178,-0.016979254070825386,-53.13676219062665,2.0475135866079612,0.021068734240205052,-51.737026297122284,-83.2182005802918,0.08112726360559464,-0.057466771453619,-0.05060011752873551,0.011974080012642692,-1.3997358935043647,0
36.65,1,2.0028125963089214,-0.025060349755110664,-53.63140403099786,2.053704641519896,0.013136504024630317,-52.231668137493486,-83.41808317966023,0.08120713382959366,-0.05404096469283104,-0.05060011752873551,0.011974080012642692,-1.3997358935043647,0
36.74,1,2.0055915589584545,-0.028854095398731468,-53.89957537702774,2.0565754469208932,0.009411773730287457,-52.49983948352339,-83.75357451092172,0.08065737783908844,-0.0716993659734726,-0.05060011752873551,0.011974080012642692,-1.3997358935043647,0
36.85,1,2.009897811812696,-0.03480140437541264,-54.31642329544442,2.0610256931059228,0.003571430709419361,-52.91668740194004,-83.98209047065977,0.08111047744750977,-0.06916067004203796,-0.050600117528735326,0.011974080012641405,-1.3997358935043236,0
36.95,1,2.0152977352934776,-0.04237708116603904,-54.86180389809192,2.066609060637555,-0.003870078508545228,-53.4620680045876,-84.38837057620023,0.0808989554643631,-0.07082265615463257,-0.050600117528735326,0.011974080012641405,-1.3997358935043236,0
37.05,1,2.0196123380287423,-0.048540263263169396,-55.215623936390855,2.071072927467785,-0.009926026266536393,-53.81588804288652,-84.66767719954085,0.0808924213051796,-0.05962100252509117,-0.050600117528735326,0.011974080012641405,-1.3997358935043236,0
37.15,1,2.022234879851511,-0.052335785363221594,-55.48982804476724,2.0737874021121323,-0.013656353467915624,-54.09009215126292,-85.08030028037105,0.0809839516878128,-0.04287130758166313,-0.050600117528735326,0.011974080012641405,-1.3997358935043236,0
37.24,1,2.026389752344554,-0.058416485865031766,-55.85627389164437,2.0780895715383196,-0.019633746064570447,-54.456537998140035,-85.32536208441572,0.08102230727672577,-0.04249481484293938,-0.050600117528735326,0.011974080012641405,-1.3997358935043236,0
37.35,1,2.0319185201761325,-0.0666149872997812,-56.23928753930939,2.0838169590664943,-0.027694746722875235,-54.83955164580506,-85.634954976102,0.08103625476360321,-0.05228152498602867,-0.050600117528735326,0.011974080012641405,-1.3997358935043236,0
37.44,1,2.0348909715412353,-0.07106693490697163,-56.35403608389532,2.0868972737210307,-0.032072756115751944,-54.954300190390974,-85.83634025197371,0.08131130784749985,-0.044375378638505936,-0.050600117528735326,0.011974080012641405,-1.3997358935043236,0
37.55,1,2.040273929790495,-0.07922042021326506,-56.747021249070805,2.092477795541489,-0.04009231585208462,-55.34728535556649,-86.15283799392571,0.08160141110420227,-0.021300148218870163,-0.050600117528735326,0.011974080012641405,-1.3997358935043236,0
37.64,1,2.043217468643335,-0.08372415410694574,-56.895173800161395,2.095530471324326,-0.044522802340964694,-55.49543790665709,-86.32517189535054,0.0807911604642868,-0.02839718386530876,-0.050600117528735326,0.011974080012641405,-1.3997358935043236,0
37.75,1,2.048865857835077,-0.09241676096118374,-57.07311490768747,2.1013895143126584,-0.05307483891973342,-55.67337901418312,-86.49506737604476,0.081293985247612,-0.00810224562883377,-0.05060011752873622,0.01197408001264119,-1.399735893504317,0
37.85,1,2.0518871878509266,-0.09709469676460457,-57.22095048863166,2.1045242133751527,-0.05767757508784065,-55.82121459512736,-86.60764293864204,0.08132726699113846,0.004148814827203751,-0.05060011752873622,0.01197408001264119,-1.399735893504317,0
37.95,1,2.056323470425828,-0.10398949135093245,-57.32551902338742,2.109127595251339,-0.06446194468081175,-55.92578312988309,-86.67477841189634,0.08145684748888016,-0.00960010290145874,-0.05060011752873622,0.01197408001264119,-1.399735893504317,0
38.04,1,2.0607232543849996,-0.11085145702074237,-57.35808459668625,2.113693687472239,-0.07121438672582572,-55.958348703181926,-86.6803099559099,0.08150064200162888,-0.013507295399904251,-0.05060011752873622,0.01197408001264119,-1.399735893504317,0
38.14,1,2.065124317244871,-0.11774290489428874,-57.44179084958224,2.1182617783908135,-0.0779962709367207,-56.04205495607794,-86.74914848120284,0.081369549036026,0.0011456310749053955,-0.05060011752873622,0.01197408001264119,-1.399735893504317,0
38.25,1,2.069502485334736,-0.12462338418696836,-57.55113070946919,2.1228067134353488,-0.08476774910334421,-56.15139481596487,-86.80539059945765,0.08091993629932404,-0.021451324224472046,-0.05060011752873622,0.01197408001264119,-1.399735893504317,0
38.34,1,2.0738666235913685,-0.13149731812344645,-57.66338703840176,2.127337462945974,-0.09153302658161817,-56.26365114489746,-86.85147341250176,0.08019651472568512,-0.06031114235520363,-0.05060011752873622,0.01197408001264119,-1.399735893504317,0
38.44,1,2.078105208154362,-0.13820016110779598,-57.83754308764029,2.131738516891672,-0.09813033113253478,-56.43780719413598,-86.95993733470416,0.08019651472568512,-0.06031114235520363,-0.05060011752873622,0.01197408001264119,-1.399735893504317,0
38.55,1,2.0820540529389726,-0.1445070523899823,-58.16160918271538,2.135840245378722,-0.10433887977104758,-56.76187328921107,-87.32102238389905,0.07991973310709,-0.09752339124679565,-0.05060011752873622,0.01197408001264119,-1.399735893504317,0
38.64,1,2.085378159560416,-0.1499418407686798,-58.81470384389038,2.1392961187682573,-0.1096908465747052,-57.41496795038607,-87.66590556109267,0.079947330057621,-0.07215353846549988,-0.05060011752873622,0.01197408001264119,-1.399735893504317,0
38.76,1,2.088790169520241,-0.15564692399299757,-59.39314402047319,2.14284647191229,-0.11531088030369588,-57.99340812696887,-88.20210855640997,0.07997610419988632,-0.08023664355278015,-0.05060011752873622,0.01197408001264119,-1.399735893504317,0
38.85,1,2.092353689781857,-0.16174046128381178,-59.99119567699822,2.146557779136704,-0.12131555115691574,-58.59145978349388,-88.50953325312847,0.07999557256698608,-0.09401945769786835,-0.05060011752873625,0.011974080012640206,-1.3997358935042878,0
38.94,1,2.095997011603074,-0.1680900439744567,-60.466431984660495,2.150355118675052,-0.12757424164844808,-59.06669609115623,-88.99057628314092,0.08000236004590988,-0.148194819688797,-0.05060011752873625,0.011974080012640206,-1.3997358935042878,0
39.05,1,2.0990891045112705,-0.1736177022748705,-61.14020689328267,2.15358131617019,-0.13302471819288086,-59.74047099977841,-89.35551942415422,0.08000236004590988,-0.148194819688797,-0.05060011752873625,0.011974080012640206,-1.3997358935042878,0
39.15,1,2.10310014523508,-0.18105120502826946,-62.226570075088404,2.1577727424178965,-0.1403580228287794,-60.82683418158412,-90.04424638999369,0.08009972423315048,-0.08104464411735535,-0.05060011752873578,0.011974080012641273,-1.3997358935043132,0
39.24,1,2.105111937800293,-0.18490424381194623,-62.649384242884814,2.159878055043622,-0.14416076867118363,-61.249648349380486,-90.44564964460247,0.08006637543439865,-0.05736653879284859,-0.05060011752873578,0.011974080012641273,-1.3997358935043132,0
39.35,1,2.1082287667054316,-0.19098697732815811,-63.06770240464615,2.1631425402932307,-0.15016555055800063,-61.667966511141834,-90.93331841031413,0.07999088615179062,-0.07008235156536102,-0.05060011752873578,0.011974080012641273,-1.3997358935043132,0
39.44,1,2.1114984209632905,-0.1974743774432844,-63.606416635252785,2.1665696903145104,-0.15657114514018516,-62.20668074174846,-91.18921861435794,0.07998757064342499,-0.09065629541873932,-0.05060011752873578,0.011974080012641273,-1.3997358935043132,0
39.54,1,2.1146591932670593,-0.2038778650950327,-63.97309581467598,2.1698859410942424,-0.1628955120198255,-62.5733599211717,-91.62599368494635,0.07998757064342499,-0.09065629541873932,-0.05060011752873578,0.011974080012641273,-1.3997358935043132,0
39.64,1,2.117624717940144,-0.21004285013381505,-64.63411313968425,2.173001176465443,-0.16898621688027515,-63.23437724617993,-91.98057085765835,0.07998909801244736,-0.10003268718719482,-0.05060011752873578,0.011974080012641273,-1.3997358935043132,0
39.75,1,2.121505930469111,-0.2183633435859149,-65.40369758820599,2.177084480286113,-0.17720941892628825,-64.00396169470167,-92.53089808612908,0.07999907433986664,-0.07280784845352173,-0.04060011752873635,0.011974080012641513,-1.3997358935043276,0
39.85,1,2.133254987144094,-0.22221659458335138,-65.74306319948714,2.178927140605236,-0.18101879491847844,-64.34332730598281,-92.8399541710994,0.0803430825471878,-0.03997283801436424,-0.04060011752873635,0.011974080012641513,-1.3997358935043276,0
39.95,1,2.1363158797492456,-0.22905455434959568,-66.14271430166598,2.1821541545882046,-0.18777994408550436,-64.74297840816162,-93.26516961562159,0.08082517981529236,-0.04259747639298439,-0.04060011752873635,0.011974080012641513,-1.3997358935043276,0
40.04,1,2.1393839374756998,-0.23603338650915914,-66.49884669707076,2.185391772724669,-0.19468174858336196,-65.09911080356642,-93.46385982262605,0.08082517981529236,-0.04259747639298439,-0.04060011752873635,0.011974080012641513,-1.3997358935043276,0
40.15,1,2.1424518645271062,-0.24312081308846492,-66.84457649980911,2.188631912922869,-0.20169211828872063,-65.44484060630475,-93.75278572323907,0.07977122813463211,-0.1055862246453762,-0.04060011752873635,0.011974080012641513,-1.3997358935043276,0
40.24,1,2.145393032698672,-0.25005715788459876,-67.14302619101409,2.1917416415049407,-0.20855454770476056,-65.74329029750977,-93.96701527262806,0.07977122813463211,-0.15867428481578827,-0.04060011752873635,0.011974080012641513,-1.3997358935043276,0
40.34,1,2.1479035864169473,-0.2561626427257247,-68.15065808506483,2.1944005882383335,-0.21459688395711732,-66.75092219156052,-94.57825865882137,0.07995157688856125,-0.09324650466442108,-0.04060011752873635,0.011974080012641513,-1.3997358935043276,0
40.44,1,2.150311563557491,-0.2622773806753751,-68.76930343439145,2.196957215033557,-0.22065097625342595,-67.36956754088708,-94.96824801580642,0.07997312396764755,-0.09195093810558319,-0.03916131613942237,0.009806850925062192,-1.5996981640049786,0
40.55,1,2.1530849219784587,-0.27819495610820166,-69.87666987969654,2.199431802509889,-0.22668999868659453,-68.27697171569157,-95.55795552596629,0.07999181002378464,-0.1519509381055832,-0.03916131613942237,0.009806850925062192,-1.5996981640049786,0
40.65,1,2.156098744912016,-0.2865906620713813,-70.70550849319852,2.2026788284996077,-0.23499829752071774,-69.10581032919353,-95.93159877780069,0.08000475913286209,-0.121255162358284,-0.03916131613942237,0.009806850925062192,-1.5996981640049786,0
40.75,1,2.157306781566026,-0.29010674642141715,-71.42535187945573,2.203984550657291,-0.23847928751796482,-69.82565371545073,-96.70496655151393,0.08000475913286209,-0.11947688460350037,-0.03916131613942237,0.009806850925062192,-1.5996981640049786,0
40.85,1,2.159911985072557,-0.2981435589571265,-72.58076568578043,2.2068130974717564,-0.24644023997121772,-70.98106752177546,-97.16810699552612,0.08000270277261734,-0.01769116148352623,-0.03760074718353742,0.01763940256550233,-1.799660434505621,0
40.95,1,2.1616786850934058,-0.302194948117747,-73.06556056490776,2.2082389751704663,-0.25060858255745794,-71.26590013040214,-97.68299544339904,0.0800008699297905,0.0206032432615757,-0.03760074718353742,0.01763940256550233,-1.799660434505621,1
41.05,1,2.163971377866798,-0.30977428969916243,-73.27381152713397,2.2107685650404414,-0.2581121839628272,-71.47415109262835,-97.80079180452341,0.08032944798469543,0.046237844973802567,-0.03760074718353742,0.01763940256550233,-1.799660434505621,1
41.15,1,2.166270193455467,-0.31737752456134594,-73.15490072052617,2.2133050250701434,-0.2656394745775139,-71.35524028602055,-97.7175904477458,0.08007340878248215,-0.02876215502619743,-0.03760074718353742,0.01763940256550233,-1.799660434505621,1
41.25,1,2.16848946795513,-0.32466582577053094,-72.9541226771937,2.2157520928052055,-0.27285448485614017,-71.15446224268807,-97.60076291360622,0.08004924654960632,-0.039200905710458755,-0.03760074718353742,0.01763940256550233,-1.799660434505621,1
41.35,1,2.1707167048169094,-0.3320111349254921,-73.22010255271952,2.2182089093000776,-0.28012622490450195,-71.42044211821388,-97.77311627988769,0.07999304682016373,-0.06819749623537064,-0.03760074718353742,0.01763940256550233,-1.799660434505621,1
41.44,1,2.1728807862092427,-0.3392815241858546,-73.6396267162217,2.2206002486301974,-0.2873250653998916,-71.83996628171606,-97.94585041086317,0.07970131188631058,-0.050879474729299545,-0.03760074718353742,0.01763940256550233,-1.799660434505621,1
41.54,1,2.1749104048868007,-0.3462888225577464,-74.19608458917952,2.2228489292436797,-0.2942651675567446,-72.39642415467394,-98.30621304198877,0.07970131188631058,-0.050879474729299545,-0.03760074718353742,0.01763940256550233,-1.799660434505621,1
41.64,1,2.1769444960372577,-0.35353904424341,-74.52604226220957,2.2251097090906993,-0.3014479327473203,-72.72638182770399,-98.52930901327701,0.07995332777500153,-0.007268495857715607,-0.037600747183537446,0.027639402565502267,-1.7996604345056264,1
41.74,1,2.1790593554709843,-0.3512225030639067,-74.69626165264339,2.227464823122687,-0.3090611848623512,-72.89660121813776,-98.72489466976545,0.08000534772872925,0.0302814319729805,-0.037600747183537446,0.027639402565502267,-1.7996604345056264,1
41.84,1,2.181170166742768,-0.3589525670115922,-74.66670918376256,2.229817354615853,-0.316721146248289,-72.86704874925695,-98.76054749596851,0.08000845462083817,0.05619625374674797,-0.037600747183537446,0.027639402565502267,-1.7996604345056264,1
41.94,1,2.183261979759344,-0.36656030422743585,-74.57288843306516,2.232147055573881,-0.32425943787755174,-72.77322799855955,-98.62179493981012,0.08107224851846695,0.04055358096957207,-0.037600747183537446,0.027639402565502267,-1.7996604345056264,1
42.04,1,2.1852533365670195,-0.37368943532098975,-74.21926767875183,2.2343613193268603,-0.3313225142693794,-72.41960724424622,-98.44721047960546,0.08107224851846695,0.04055358096957207,-0.037600747183537446,0.027639402565502267,-1.7996604345056264,1
42.14,1,2.1872131731202376,-0.3806159334817824,-74.09906279244908,2.236537714718945,-0.33818404756625314,-72.29940235794344,-98.21992750564621,0.08029822260141373,0.035835035145282745,-0.037600747183537446,0.027639402565502267,-1.7996604345056264,1
42.24,1,2.1893892087442093,-0.3882112366232503,-74.01478245191304,2.238951206251213,-0.3457072662571631,-72.21512201740742,-98.12521153154405,0.08029822260141373,0.035835035145282745,-0.037600747183537446,0.027639402565502267,-1.7996604345056264,1
42.35,1,2.1915324159923992,-0.39561326929538615,-73.79511424245666,2.24132581597312,-0.3530383407798155,-71.99545380795105,-97.94368545484082,0.08185384422540665,0.014513075351715088,-0.037600747183537446,0.027639402565502267,-1.7996604345056264,1
42.44,1,2.1937734051604525,-0.40329912573469057,-73.61581238238277,2.2438070728223267,-0.3606500282474665,-71.81615194787715,-97.86033498064029,0.08192509412765503,0.0077931322157382965,-0.037600747183537446,0.027639402565502267,-1.7996604345056264,1
42.55,1,2.1960574438845755,-0.41109834885480195,-73.62526361904335,2.2463349182552173,-0.3683736745131877,-71.82560318453771,-97.79298897672706,0.08208665996789932,0.029087703675031662,-0.037600747183537446,0.027639402565502267,-1.7996604345056264,1
42.65,1,2.198473998546777,-0.41933012608491005,-73.6339459561392,2.249008798552891,-0.37652549988884726,-71.83428552163359,-97.76055888875685,0.08162348717451096,0.046484384685754776,-0.037600747183537446,0.027639402565502267,-1.7996604345056264,1
42.74,1,2.200625864492399,-0.42659942300762993,-73.4420630371747,2.2513878941569265,-0.3837236322094878,-71.64240260266907,-97.61584180380768,0.08056389540433884,0.04355480521917343,-0.037600747183537446,0.027639402565502267,-1.7996604345056264,1
42.84,1,2.202806480375877,-0.43389091081097614,-73.17277305753987,2.253796422418766,-0.3909430415779572,-71.37311262303425,-97.46323416523605,0.08068527281284332,0.0289660282433033,-0.03967866868831299,0.03967375975524985,-1.5996981640049617,1
42.94,1,2.204548951596503,-0.42124776439006334,-72.8358940396219,2.2562202168409575,-0.3980911907940569,-71.23619587561691,-97.22099502306891,0.08055821806192398,0.03430623933672905,-0.03967866868831299,0.03967375975524985,-1.5996981640049617,1
43.04,1,2.2068914260773886,-0.4287708130725618,-72.57231528917431,2.2587717946020027,-0.4055459140687454,-70.97261712516935,-97.10949840975331,0.07771189510822296,-0.024111438542604446,-0.03967866868831299,0.03967375975524985,-1.5996981640049617,1
43.15,1,2.2092455298997233,-0.4362579713901531,-72.44843425773361,2.261333995243297,-0.4129644363173309,-70.84873609372865,-96.97774904279001,0.0800573006272316,-0.018715765327215195,-0.03967866868831299,0.03967375975524985,-1.5996981640049617,1
43.25,1,2.212422090881338,-0.44639020571174914,-72.64820029656062,2.2647921734288277,-0.42300404366297767,-71.04850213255564,-97.04768651656244,0.07989251613616943,-0.01750275120139122,-0.03967866868831299,0.03967375975524985,-1.5996981640049617,1
43.35,1,2.213964418711703,-0.45134598246164,-72.80300735148762,2.2664722474666035,-0.4279148327603294,-71.20330918748265,-97.16585625656315,0.08172852545976639,-0.025409162044525146,-0.03967866868831299,0.03967375975524985,-1.5996981640049617,1
43.44,1,2.2163456934540906,-0.4590645940470967,-72.89132603991182,2.2690680697741135,-0.435563959557142,-71.29162787590685,-97.24220556174654,0.08258125931024551,-0.06498634815216064,-0.03967866868831299,0.03967375975524985,-1.5996981640049617,1
43.55,1,2.2194282058203143,-0.46917706674354104,-73.29429091016571,2.272431684325667,-0.4455864384756944,-71.69459274616075,-97.40263233658723,0.08054345101118088,-0.07970540225505829,-0.03967866868831299,0.03967375975524985,-1.5996981640049617,1
43.65,1,2.2207777371457547,-0.473685164655323,-73.41061594592881,2.273906539429305,-0.4500551053914346,-71.81091778192386,-97.62521625954004,0.07947637140750885,-0.07396285235881805,-0.03967866868831299,0.03967375975524985,-1.5996981640049617,1
43.75,1,2.222737825164756,-0.4804292801805096,-74.11429425526741,2.2760541347705923,-0.45674187393157245,-72.51459609126246,-98.03376169681708,0.07953339070081711,-0.07873643934726715,-0.03967866868831299,0.03967375975524985,-1.5996981640049617,1
43.84,1,2.2246401050932603,-0.48716462952909795,-74.5092292999007,2.2781436998315314,-0.46342149350382517,-72.90953113589572,-98.3153304249128,0.07883047312498093,-0.06989827752113342,-0.03967866868831299,0.03967375975524985,-1.5996981640049617,1
43.94,1,2.2264762517699763,-0.49391877313025073,-75.08414356059166,2.2801676820826757,-0.4701217462043179,-73.48444539658672,-98.74100476610393,0.07900548726320267,-0.04669083282351494,-0.037320920647055354,0.017713542257932893,-1.7996604345056295,1
44.04,1,2.2287536332443905,-0.5306816702293417,-75.71615261583378,2.2821790661167314,-0.4769590161133776,-73.91649218132815,-99.00887533914529,0.07827514410018921,-0.00413094088435173,-0.037320920647055354,0.017713542257932893,-1.7996604345056295,1
44.15,1,2.2305638912019106,-0.5378779056998925,-75.90140900221785,2.284214427749115,-0.4840948511623258,-74.10174856771222,-99.27049884356217,0.07620363682508469,-0.03323831781744957,-0.037320920647055354,0.017713542257932893,-1.7996604345056295,1
44.25,1,2.2324416716016104,-0.5454208408067441,-76.06098396890778,2.286328166563033,-0.4915750943055808,-74.26132353440214,-99.32653624986858,0.07626648247241974,-0.08113209903240204,-0.037320920647055354,0.017713542257932893,-1.7996604345056295,1
44.35,1,2.234260122610803,-0.5527969306426256,-76.47193960193209,2.2883773655025883,-0.4988904377046256,-74.67227916742645,-99.56159488773669,0.07893922924995422,-0.08560605347156525,-0.037320920647055354,0.017713542257932893,-1.7996604345056295,1
44.44,1,2.235856240500699,-0.5595501365623405,-76.89135854952019,2.290184779422534,-0.5055901867622028,-75.09169811501455,-99.86086777119931,0.08027040958404541,-0.03413405641913414,-0.037320920647055354,0.017713542257932893,-1.7996604345056295,1
44.55,1,2.2374008171290285,-0.5663227121129863,-77.53435618521084,2.2919412858038926,-0.5123109145414119,-75.7346957507052,-100.31838924659829,0.08058377355337143,0.014449771493673325,-0.037320920647055354,0.017713542257932893,-1.7996604345056295,1
44.66,1,2.239034623328798,-0.5737404516673359,-77.56505589127163,2.293807239013279,-0.5196736858549154,-75.76539545676597,-100.48179553925065,0.08081118017435074,0.07247795164585114,-0.037320920647055354,0.017713542257932893,-1.7996604345056295,1
44.75,1,2.2413664896129966,-0.5842688404793432,-77.26964673669248,2.296468597414647,-0.5301236496253621,-75.46998630218687,-100.43091070012107,0.08173050731420517,0.09952642023563385,-0.03988258808486586,0.019652055799848387,-1.5996981640049848,1
44.85,1,2.2419252983734954,-0.5788098585733632,-76.65465164355162,2.2976254653623016,-0.5345288716032913,-75.05495347954664,-100.21145361385747,0.08141172677278519,0.08108469098806381,-0.03988258808486586,0.019652055799848387,-1.5996981640049848,1
44.95,1,2.244026143567885,-0.5874286886320133,-75.80698022178838,2.2999660982502808,-0.5430856945998473,-74.2072820577834,-99.7218222536955,0.08165397495031357,0.06766226887702942,-0.03988258808486586,0.019652055799848387,-1.5996981640049848,1
45.05,1,2.2451560820658694,-0.5918399129774851,-75.4961696089613,2.30121874175152,-0.5474636559397994,-73.89647144495629,-99.42474133927688,0.08158065378665924,0.06064319238066673,-0.03988258808486586,0.019652055799848387,-1.5996981640049848,1
45.14,1,2.2470584268164684,-0.5990944332179561,-75.00783782897763,2.303322864977426,-0.5546622422537735,-73.40813966497265,-99.02818773726206,0.08080927282571793,0.051741112023591995,-0.03722566492014013,0.03775321184683219,-1.7996604345056284,1
45.24,1,2.2493419593164456,-0.595688278388753,-74.82914322483886,2.305332892542991,-0.5613197629855831,-73.02948279033323,-98.78675888342568,0.08095978200435638,0.02107442170381546,-0.03722566492014013,0.03775321184683219,-1.7996604345056284,1
45.35,1,2.251424292612373,-0.603286337258056,-74.42590484819893,2.3076528145093946,-0.5688486787512507,-72.62624441369329,-98.50114792334404,0.08117005228996277,0.010601367801427841,-0.03722566492014013,0.03775321184683219,-1.7996604345056284,1
45.44,1,2.2534742128304863,-0.6106567087375598,-74.43562385042803,2.309933188900833,-0.5761510373620957,-72.6359634159224,-98.39456882727325,0.0816543698310852,-0.0032808296382427216,-0.03722566492014013,0.03775321184683219,-1.7996604345056284,1
45.55,1,2.255771309629906,-0.6188582845659052,-74.40089292424757,2.3124867217886806,-0.5842764277874654,-72.60123248974196,-98.32667300726416,0.08184587955474854,-0.023716654628515244,-0.03722566492014013,0.03775321184683219,-1.7996604345056284,1
45.64,1,2.257962663629574,-0.6266934103260701,-74.42598021682812,2.314923055730684,-0.592038869732659,-72.6263197823225,-98.34203899030362,0.08186475187540054,0.004729185253381729,-0.03722566492014013,0.03775321184683219,-1.7996604345056284,1
45.74,1,2.260117324624996,-0.6344711570287287,-74.54321786327553,2.317320912787533,-0.5997451132605283,-72.7435574287699,-98.43297885604971,0.08145400881767273,0.02196395769715309,-0.03722566492014013,0.03775321184683219,-1.7996604345056284,1
45.85,1,2.2621864738844257,-0.6419653768903244,-74.49872657180319,2.3196243961735594,-0.6071706552799391,-72.69906613729756,-98.41931310871527,0.08125443756580353,0.030084725469350815,-0.03722566492014013,0.03775321184683219,-1.7996604345056284,1
45.94,1,2.264344205715044,-0.6497118828111711,-74.42541076359205,2.3220243414392923,-0.6148455769965472,-72.62575032908642,-98.3000306853598,0.08074048906564713,0.004397701472043991,-0.03722566492014013,0.03775321184683219,-1.7996604345056284,1
46.05,1,2.2665017817345476,-0.6573554561940442,-74.212833864992,2.324420898391346,-0.6224176218402382,-72.41317343048637,-98.20697975836828,0.08076159656047821,-0.02914392575621605,-0.03722566492014013,0.03775321184683219,-1.7996604345056284,1
46.15,1,2.2687010167674844,-0.6651104852915233,-74.13941283598317,2.3268625940567578,-0.6300997591281519,-72.3397524014775,-98.2120714131077,0.08000306785106659,-0.025872915983200073,-0.03722566492014013,0.03775321184683219,-1.7996604345056284,1
46.24,1,2.270949327651933,-0.6731394520957674,-74.38801041618633,2.3293619443354547,-0.6380541577830572,-72.58834998168068,-98.32065554211442,0.08013231307268143,-0.039900388568639755,-0.04016963297480229,0.019556580070963253,-1.5996981640049894,1
46.34,1,2.2725037540769066,-0.6905105358019173,-74.49480053609274,2.3315945489062067,-0.6452289235086399,-72.89510237208772,-98.49438761641132,0.08013231307268143,-0.039900388568639755,-0.04016963297480229,0.019556580070963253,-1.5996981640049894,1
46.44,1,2.2745540702216642,-0.6979101145712572,-74.60090223106265,2.3338506353641764,-0.652568380992084,-73.00120406705764,-98.65884606069454,0.07955425977706909,-0.04572468623518944,-0.04016963297480229,0.019556580070963253,-1.5996981640049894,1
46.54,1,2.276534662858216,-0.7051887618656457,-74.91676861161095,2.3360336495197003,-0.659788900559598,-73.31707044760596,-98.94493709591109,0.07963495701551437,-0.051521699875593185,-0.04016963297480229,0.019556580070963253,-1.5996981640049894,1
46.64,1,2.278416527055206,-0.7122244995129965,-75.25556028732275,2.3381111925576263,-0.6667693612910849,-73.65586212331775,-99.17811761526733,0.07981089502573013,-0.0919133722782135,-0.04016963297480229,0.019556580070963253,-1.5996981640049894,1
46.74,1,2.2802720941517567,-0.7193290483944416,-75.42406043479829,2.3401643697041488,-0.6738193405579793,-73.82436227079329,-99.52929710035191,0.0800371989607811,-0.10134700685739517,-0.04016963297480229,0.019556580070963253,-1.5996981640049894,1
46.85,1,2.282526112854664,-0.728279895673587,-76.22680722571269,2.342667385119612,-0.6827037753265842,-74.6271090617077,-99.84127331445457,0.08004689961671829,-0.031979750841856,-0.04016963297480229,0.019556580070963253,-1.5996981640049894,1
46.94,1,2.283527861533291,-0.7323947899460225,-76.3850689412498,2.343783616301147,-0.6867891006793341,-74.78537077724481,-100.32043705515663,0.08082903176546097,0.038265470415353775,-0.04016963297480229,0.019556580070963253,-1.5996981640049894,1
47.04,1,2.28530791894462,-0.739772949058603,-76.51459119851218,2.3457689513966327,-0.6941146914976106,-74.91489303450719,-100.43653509830335,0.0814455896615982,0.09826547041535377,-0.04016963297480229,0.019556580070963253,-1.5996981640049894,1
47.14,1,2.2870952929606214,-0.7471477794060495,-76.22577953300909,2.347761507318183,-0.7014367505950357,-74.6260813690041,-100.21939699210662,0.08105704188346863,0.14337195456027985,-0.04016963297480229,0.019556580070963253,-1.5996981640049894,1
47.24,1,2.28871508264987,-0.7536593480709823,-75.77862214836149,2.3495624450920363,-0.7079005628022584,-74.1789239843565,-99.89389461375765,0.08105704188346863,0.14337195456027985,-0.04016963297480229,0.019556580070963253,-1.5996981640049894,1
47.35,1,2.2903065863179175,-0.7598170871072961,-75.12603479648801,2.351325230229021,-0.7140114729247834,-73.52633663248304,-99.27858852514066,0.08149878680706024,0.12400048971176147,-0.04016963297480229,0.019556580070963253,-1.5996981640049894,1
47.45,1,2.2919074108251936,-0.7657523479834129,-74.67419916542036,2.3530911217893027,-0.7198997313912556,-73.07450100141538,-98.83167230670216,0.08182196319103241,0.10482628643512726,-0.04016963297480229,0.019556580070963253,-1.5996981640049894,1
47.54,1,2.2935927065232096,-0.7718244640274392,-74.32160209546716,2.3549452721185813,-0.7259224335587476,-72.72190393146215,-98.22480079292639,0.0812615379691124,0.09514319896697998,-0.03361612265017108,0.026087392505918315,-1.9996227050062845,1
47.64,1,2.296324962495112,-0.7878794265722767,-74.2172743668914,2.3569239589719997,-0.7321727217207764,-72.21765166188513,-97.8674037913519,0.0812615379691124,0.09514319896697998,-0.03361612265017108,0.026087392505918315,-1.9996227050062845,1
47.74,1,2.298150768061225,-0.7942761076402941,-73.91850125499413,2.358971851579346,-0.7385017998937775,-71.91887854998782,-97.36306511590483,0.08158884942531586,0.09169168025255203,-0.03361612265017108,0.026087392505918315,-1.9996227050062845,1
47.84,1,2.300085517909414,-0.800903091983085,-73.52169491982598,2.3611366580806354,-0.7450572397162941,-71.52207221481967,-97.06356847188637,0.08113950490951538,0.10883890092372894,-0.03361612265017108,0.026087392505918315,-1.9996227050062845,1
47.95,1,2.3020122669263494,-0.8073904616514807,-73.2578434562901,2.3632885970596633,-0.7514734290541507,-71.25822075128383,-96.56725149669721,0.08094083517789841,0.10879771411418915,-0.03361612265017108,0.026087392505918315,-1.9996227050062845,1
48.05,1,2.3039736229703505,-0.8138174573997411,-72.78343628967875,2.3654730153699384,-0.7578280736960823,-70.78381358467246,-96.21209325409706,0.0810178816318512,0.10169371962547302,-0.03361612265017108,0.026087392505918315,-1.9996227050062845,1
48.14,1,2.3058990538715642,-0.81998854710989,-72.55661148114517,2.3676126011059893,-0.7639282216651191,-70.55698877613888,-95.64743875130347,0.08076600730419159,0.10456450283527374,-0.03361612265017108,0.026087392505918315,-1.9996227050062845,1
48.24,1,2.3079200113954146,-0.8263412853620382,-72.15984020315067,2.369853993541649,-0.7702065743601245,-70.16021749814436,-95.30276363286751,0.08080600947141647,0.08326874673366547,-0.03361612265017108,0.026087392505918315,-1.9996227050062845,1
48.35,1,2.3099328507761574,-0.8325548920853562,-71.91197386532052,2.3720824180729863,-0.7763461635151792,-69.91235116031423,-94.74658503868021,0.08052998781204224,0.0814819186925888,-0.03361612265017108,0.026087392505918315,-1.9996227050062845,1
48.45,1,2.312125918290648,-0.8392246214963394,-71.61148108781411,2.374506876439854,-0.7829353089200229,-69.61185838280784,-94.43980135362301,0.08011868596076965,0.07154247164726257,-0.027096475941644133,0.017740381655589218,-1.7996604345056495,1
48.54,1,2.3238801668160445,-0.8459881204422478,-71.24341729631962,2.376942266808115,-0.7894704303452331,-69.44375686181398,-93.97982159946416,0.08011868596076965,0.07154247164726257,-0.027096475941644133,0.017740381655589218,-1.7996604345056495,1
48.65,1,2.326173948106074,-0.8526898211449082,-71.01178714662845,2.379445382490416,-0.7960967895865921,-69.21212671212281,-93.69689610369122,0.07957087457180023,0.14048178493976593,-0.027096475941644133,0.017740381655589218,-1.7996604345056495,1
48.74,1,2.32843042315292,-0.8591826955429768,-70.70289364051341,2.3819046521752325,-0.8025155971240928,-68.90323320600774,-93.2079310608726,0.07957087457180023,0.14048178493976593,-0.027096475941644133,0.017740381655589218,-1.7996604345056495,1
48.84,1,2.3306308564477454,-0.8653914982748134,-70.25647911486354,2.38429898652688,-0.8086522330967053,-68.45681868035786,-92.83557482638874,0.08070194721221924,0.12873820960521698,-0.027096475941644133,0.017740381655589218,-1.7996604345056495,1
48.94,1,2.332770965270141,-0.8713135941864592,-69.92941900166421,2.3866240221808392,-0.8145041981483991,-68.12975856715855,-92.1783842290082,0.08029146492481232,0.15752412378787994,-0.027096475941644133,0.017740381655589218,-1.7996604345056495,1
49.05,1,2.3349780641490825,-0.8773149206964616,-69.65647252367994,2.38901850307217,-0.8204332509059763,-67.8568120891743,-91.76909776536259,0.0805615484714508,0.1860474944114685,-0.027096475941644133,0.017740381655589218,-1.7996604345056495,1
49.14,1,2.337168230795063,-0.8831516410947933,-69.23640939051543,2.3913908906545687,-0.826198310498413,-67.43674895600978,-91.09267324981118,0.0806618481874466,0.21123282611370087,-0.027096475941644133,0.017740381655589218,-1.7996604345056495,1
49.24,1,2.339165364905033,-0.8883485316724641,-68.7733189934632,2.393550247164686,-0.831329918023517,-66.97365855895758,-90.57557820458253,0.0806618481874466,0.21123282611370087,-0.027096475941644133,0.017740381655589218,-1.7996604345056495,1
49.34,1,2.34130832002981,-0.8938093142865107,-68.29707513643672,2.395863640248869,-0.8367207079343497,-66.49741470193104,-89.79383078182767,0.08069133013486862,0.18466174602508545,-0.027096475941644164,0.027740381655589366,-1.7996604345056275,1
49.44,1,2.343407759266296,-0.8890221152341165,-67.74709132856529,2.398125751085691,-0.8418650051058785,-65.94743089405965,-89.21857821558174,0.08095648884773254,0.18015237152576447,-0.027096475941644164,0.027740381655589366,-1.7996604345056275,1
49.54,1,2.3456031856791397,-0.8943289814780133,-67.27697177642128,2.400486755858014,-0.8471003067141808,-65.47731134191567,-88.30987315408797,0.0807720422744751,0.1638472080230713,-0.027096475941644164,0.027740381655589366,-1.7996604345056275,1
49.64,1,2.347909273664744,-0.8997848962544164,-66.90647983670299,2.4029630484635294,-0.8524811080277948,-65.10681940219735,-87.77910742526437,0.08080194145441055,0.14786729216575623,-0.027096475941644164,0.027740381655589366,-1.7996604345056275,1
49.75,1,2.350988833200902,-0.9068939617949144,-66.19108682511204,2.4062643480298007,-0.859489953936329,-64.3914263906064,-87.00951641139058,0.08066437393426895,0.14007900655269623,-0.027096475941644164,0.027740381655589366,-1.7996604345056275,1
49.84,1,2.352514736106837,-0.9103215660542814,-65.84198637057523,2.4078971416266026,-0.862867946788218,-64.0423259360696,-86.45388140226892,0.08066437393426895,0.14007900655269623,-0.027096475941644164,0.027740381655589366,-1.7996604345056275,1
49.94,1,2.3550015007112863,-0.9158116778587178,-65.35663334328933,2.410555095683628,-0.8682772541425742,-63.55697290878369,-85.69046395174054,0.08064243942499161,0.1298530250787735,-0.027096475941644618,0.027740381655589046,-1.799660434505627,1
50.04,1,2.357614367464779,-0.9214452456045776,-64.80894828262217,2.4133435948996094,-0.8738259864609667,-63.00928784811653,-85.21363781903214,0.08054617792367935,0.12775522470474243,-0.027096475941644618,0.027740381655589046,-1.799660434505627,1
50.14,1,2.3602343817011193,-0.92696793977382,-64.40346472180256,2.416135756106486,-0.879263675425998,-62.603804287296924,-84.47866678878509,0.0804990828037262,0.13452355563640594,-0.027096475941644618,0.027740381655589046,-1.799660434505627,1
50.24,1,2.363013555690118,-0.932711598458214,-63.99318272992786,2.4190939379141585,-0.8849172215288169,-62.19352229542224,-84.04305109604717,0.0804990828037262,0.13452355563640594,-0.027096475941644618,0.027740381655589046,-1.799660434505627,1
50.35,1,2.3666883968452725,-0.9401330395816397,-63.38746589604828,2.423000035578472,-0.8922195942186303,-61.58780546154265,-83.32174121810924,0.08019296079874039,0.18692612648010254,-0.027096475941644618,0.027740381655589046,-1.799660434505627,1
50.44,1,2.3684541880328567,-0.943632169033792,-63.06196762900814,2.4248748453681017,-0.8956615433312379,-61.262307194502505,-82.81277601250986,0.08011652529239655,0.17437276244163513,-0.027096475941644618,0.027740381655589046,-1.799660434505627,1
50.54,1,2.371248604322227,-0.9490793007287264,-62.58661063239476,2.4278389495765125,-0.9010182300256356,-60.78695019788913,-82.08919086684334,0.080079086124897,0.1771300882101059,-0.027096475941644618,0.027740381655589046,-1.799660434505627,1
50.64,1,2.373932932437294,-0.954178117502056,-61.838566095725255,2.4306820811391936,-0.9060302309069815,-60.03890566121962,-81.52206012126531,0.0801197960972786,0.1789863407611847,-0.02709647594164409,0.027740381655591055,-1.7996604345056764,1
50.74,1,2.376568466785843,-0.959030370673253,-61.17456017963297,2.433468699713696,-0.9107973221647627,-59.374899745127315,-80.60092402440921,0.08054351806640625,0.18894290924072266,-0.02709647594164409,0.027740381655591055,-1.7996604345056764,1
50.85,1,2.379398078519029,-0.9641162526279603,-60.565617360559784,2.4364566370169927,-0.9157918319995081,-58.765956926054116,-80.0517628768291,0.08056501299142838,0.18692322075366974,-0.02709647594164409,0.027740381655591055,-1.7996604345056764,1
50.95,1,2.3822828782073713,-0.9691416965046308,-59.63002870033028,2.4394978370058977,-0.9207242003988584,-57.83036826582461,-79.2067642542414,0.08063692599534988,0.1747184693813324,-0.02709647594164452,0.02774038165559151,-1.7996604345056717,1
51.04,1,2.3850463814661684,-0.9737817905579546,-58.8033949959954,2.4424056985473466,-0.9252752183444224,-57.00373456148969,-78.55667155232638,0.08063692599534988,0.1747184693813324,-0.02709647594164452,0.02774038165559151,-1.7996604345056717,1
51.15,1,2.387931440449782,-0.9784966151105335,-58.19856938295177,2.4454374027548584,-0.9298971124906229,-56.398908948446106,-77.64163958261487,0.08060669898986816,0.15528416633605957,-0.02709647594164369,0.037740381655590856,-1.7996604345056522,1
51.24,1,2.3910920996995455,-0.9735430693534229,-57.67650624988608,2.448754986063585,-0.9348418175686176,-55.87684581538043,-77.11002053463211,0.08059343695640564,0.15356731414794922,-0.02709647594164369,0.037740381655590856,-1.7996604345056522,1
51.34,1,2.3943134920377056,-0.9785604433762104,-56.8938702106364,2.4521323592443736,-0.9397555494577818,-55.094209776130754,-76.31363026399102,0.08067289739847183,0.13213956356048584,-0.02709647594164369,0.037740381655590856,-1.7996604345056522,1
51.44,1,2.39749867670733,-0.9833882220246336,-56.3053034289423,2.455467588404648,-0.944480916587036,-54.50564299443668,-75.74513675409226,0.08067289739847183,0.13213956356048584,-0.02709647594164367,0.037740381655591085,-1.7996604345056686,1
51.54,1,2.4009555557943654,-0.9885329703151476,-55.76363569875393,2.4590843323475706,-0.9495145644935208,-53.963975264248255,-75.02644223686093,0.08093936741352081,0.13871651887893677,-0.02709647594164367,0.037740381655591085,-1.7996604345056686,1
51.64,1,2.404476956911665,-0.9936303373131244,-54.96573835301743,2.4627640784933438,-0.9544988281747127,-53.16607791851176,-74.53348604232333,0.08098610490560532,0.12628798186779022,-0.02709647594164367,0.037740381655591085,-1.7996604345056686,1
51.75,1,2.407954134361042,-0.9985438669852859,-54.4485196188846,2.4663938494037034,-0.9593007340455072,-52.64885918437892,-73.7528704106738,0.08094798773527145,0.1262170970439911,-0.031110485243311396,0.028948342526752012,-1.5996981640050079,1
51.84,1,2.4112426454524423,-1.0039052045845722,-53.50619236372935,2.4702347777732423,-0.9642693645861484,-51.90649419972434,-73.280056998703,0.08094274997711182,0.11411028355360031,-0.031110485243311396,0.028948342526752012,-1.5996981640050079,1
51.96,1,2.4149556992772676,-1.0088614287005697,-52.84604179574787,2.4740847442801672,-0.9691200020792623,-51.24634363174287,-72.55838539219054,0.08091837167739868,0.10900388658046722,-0.031110485243311396,0.028948342526752012,-1.5996981640050079,1
52.04,1,2.4188314814138203,-1.013923039395056,-52.20376766036369,2.478100317688439,-0.9740714422935168,-50.604069496358676,-72.1125528354549,0.08091837167739868,0.10900388658046722,-0.027054459331178487,0.027793456952401464,-1.7996604345056832,1
52.14,1,2.423194448556663,-1.028714582145578,-51.79061831061984,2.482219775187266,-0.9790372490122614,-49.99095787611415,-71.44876564358808,0.08129372447729111,0.11752118915319443,-0.027054459331178487,0.027793456952401464,-1.7996604345056832,1
52.24,1,2.427136035915792,-1.0336772092804276,-51.22840417231912,2.486315268833305,-0.9838736434114443,-49.42874373781343,-70.99441339179569,0.08128123730421066,0.1343153417110443,-0.027054459331178487,0.027793456952401464,-1.7996604345056832,1
52.34,1,2.4311566722805593,-1.0386375035397148,-50.65430178656294,2.490489699230209,-0.9887052235647487,-48.85464135205724,-70.32366570463455,0.0812770426273346,0.13370780646800995,-0.027054459331178008,0.027793456952402342,-1.799660434505697,1
52.44,1,2.435101294344928,-1.043394284436348,-50.048251742515305,2.4945817615173658,-0.9933357779556733,-48.24859130800961,-69.85607506718847,0.08070583641529083,0.16256457567214966,-0.027054459331178008,0.027793456952402342,-1.799660434505697,1
52.56,1,2.439066748985743,-1.0480764191857344,-49.38983505132683,2.4986923018552556,-0.9978910687751884,-47.59017461682116,-69.12140471497688,0.08074124902486801,0.18008622527122498,-0.027054459331178008,0.027793456952402342,-1.799660434505697,1
52.64,1,2.442974419322712,-1.0525771300186544,-48.617210455875224,2.5027393888033624,-1.0022668398727728,-46.817550021369534,-68.59950884830062,0.08074738830327988,0.1942596435546875,-0.03119399353353359,0.02883769225124574,-1.5996981640050216,1
52.75,1,2.4466614242936373,-1.0547717660710034,-47.82690092173771,2.5066316230042673,-1.0063630399621681,-46.069008587781454,-67.71325534734882,0.08083350211381912,0.2001720666885376,-0.03119399353353359,0.02883769225124574,-1.5996981640050216,1
52.84,1,2.4499212619871598,-1.050968883441957,-47.00048889059858,2.5102925537771803,-1.0101219958691312,-45.400790726593584,-67.09872652828477,0.08087318390607834,0.1911708265542984,-0.03119399353353359,0.02883769225124574,-1.5996981640050216,1
52.94,1,2.4536346369974216,-1.0548959941383547,-46.222943454318596,2.5141141122305455,-1.0139439120607965,-44.623245290313584,-66.46535106790854,0.08087318390607834,0.1911708265542984,-0.03119399353353359,0.02883769225124574,-1.5996981640050216,1
53.04,1,2.457615520005619,-1.0589952464389487,-45.466073531606305,2.518207879993033,-1.0179304349135718,-43.86637536760129,-65.52999019969204,0.08091215789318085,0.16266290843486786,-0.03119399353353314,0.01883769225124541,-1.5996981640050205,1
53.15,1,2.461591834499337,-1.0729928721878892,-44.834695068363374,2.5222942439768667,-1.021815498358763,-43.23499690435835,-64.68253872706984,0.0809246301651001,0.15418076515197754,-0.03119399353353314,0.01883769225124541,-1.5996981640050205,1
53.24,1,2.465724080831974,-1.0770569460346024,-44.17169586081405,2.5265383340169407,-1.0257626309530488,-42.571997696809035,-64.14160448689023,0.08060362935066223,0.16708560287952423,-0.03119399353353314,0.01883769225124541,-1.5996981640050205,1
53.35,1,2.469974557265551,-1.0811432187998105,-43.55215217690157,2.5309012277924903,-1.0297286532585015,-41.95245401289655,-63.34845022720457,0.08089638501405716,0.1600331962108612,-0.03119399353353314,0.01883769225124541,-1.5996981640050205,1
53.44,1,2.473946325586883,-1.0848827872502782,-42.996878819311355,2.5349758433520204,-1.0333558868925683,-41.397180655306336,-62.825240067310084,0.08095158636569977,0.16181914508342743,-0.03119399353353314,0.01883769225124541,-1.5996981640050205,1
53.54,1,2.4781482830881316,-1.0887652747586203,-42.426943551673595,2.5392845481597166,-1.0371195578365897,-40.82724538766856,-62.0411438951551,0.08055026829242706,0.17989639937877655,-0.03119399353353407,0.01883769225124431,-1.5996981640049888,1
53.64,1,2.4825195635667767,-1.0927166289734531,-41.7669167635823,2.5437644324618782,-1.0409473417637867,-40.16721859957732,-61.50160085127201,0.08059734106063843,0.18579690158367157,-0.03119399353353407,0.01883769225124431,-1.5996981640049888,1
53.74,1,2.4868812979655694,-1.096560693929552,-41.010204344659684,2.5482317792777183,-1.0446681447388615,-39.41050618065469,-60.657528267593925,0.08059734106063843,0.18579690158367157,-0.03119399353353407,0.01883769225124431,-1.5996981640049888,1
53.84,1,2.4910833271341355,-1.1001745541352927,-40.358139221247,2.5525330566248905,-1.0481632910738259,-38.75844105724202,-60.06218130326723,0.08052033931016922,0.18457220494747162,-0.031193993533533144,0.01883769225124541,-1.5996981640050179,1
53.95,1,2.496851476796038,-1.1049945817126632,-39.35586432597939,2.558433515906856,-1.052820414287848,-37.75616616197438,-59.164801724467836,0.08075651526451111,0.16214290261268616,-0.031193993533533144,0.01883769225124541,-1.5996981640050179,1
54.04,1,2.4997231191577565,-1.1073305653440277,-38.836618259432356,2.561369251270544,-1.0550753216593405,-37.23692009542733,-58.578341932946024,0.08075651526451111,0.16214290261268616,-0.031193993533533144,0.01883769225124541,-1.5996981640050179,1
54.14,1,2.5042183553983444,-1.1109091198328518,-38.21268374740187,2.565962635808282,-1.0585269907594492,-36.61298558339684,-57.746499835812415,0.08076726645231247,0.1499100774526596,-0.031193993533533144,0.01883769225124541,-1.5996981640050179,1
54.25,1,2.5106467893303197,-1.115901824891578,-37.408142250064515,2.572527942551462,-1.0633382914140703,-35.808444086059495,-57.22516915116984,0.08072272688150406,0.13462767004966736,-0.03119399353353368,0.018837692251242728,-1.5996981640049617,1
54.34,1,2.5120914862054105,-1.1170034435464382,-37.22850974663797,2.5758300731933987,-1.0657053100110718,-35.411575822483734,-56.48012982473965,0.08073414862155914,0.12995164096355438,-0.03119399353353368,0.018837692251242728,-1.5996981640049617,1
54.44,1,2.518848255976539,-1.1220702282489021,-36.51387846059114,2.580898412222811,-1.069275335510985,-34.91418029658616,-56.00291793793368,0.0807366594672203,0.12756618857383728,-0.03119399353353368,0.018837692251242728,-1.5996981640049617,1
54.55,1,2.525658915457172,-1.127055638228575,-35.826391073432355,2.587845591894727,-1.0740686735788325,-34.226692909427385,-55.30286802102966,0.08114111423492432,0.11763562262058258,-0.021193993533534353,0.00883769225124211,-1.5996981640049461,1
54.64,1,2.532364274394535,-1.1328157090523419,-35.430604701382734,2.5912488646209786,-1.0763670579887763,-33.83090653737777,-54.84373147749,0.08167076855897903,0.12027330696582794,-0.021193993533534353,0.00883769225124211,-1.5996981640049461,1
54.75,1,2.5442010268534445,-1.1431201662256372,-34.97403877854306,2.596553673730691,-1.079892373233832,-33.37434061453812,-54.185062501891274,0.08168138563632965,0.13330982625484467,-0.021193993533534353,0.00883769225124211,-1.5996981640049461,1
54.84,1,2.5494511731709224,-1.1467680833665213,-34.51398786467504,2.601903610481915,-1.0833923036016522,-32.91428970067009,-53.74600511512575,0.08154981583356857,0.14173750579357147,-0.021193993533534353,0.00883769225124211,-1.5996981640049461,1
54.94,1,2.5546866233107557,-1.150333412782285,-33.989527955544006,2.6072365512334317,-1.0868100886958905,-32.38982979153908,-53.072369609634976,0.08140508085489273,0.1420893520116806,-0.021193993533534353,0.00883769225124211,-1.5996981640049461,1
55.04,1,2.559745777242793,-1.1537034647391782,-33.34133469469215,2.6123878130481337,-1.0900375939889315,-31.74163653068719,-52.589238937058504,0.08114469796419144,0.13550791144371033,-0.021193993533534353,0.00883769225124211,-1.5996981640049461,1
55.14,1,2.5648683265049215,-1.157036135645164,-32.71777629678327,2.617601401942013,-1.0932259630322119,-31.118078132778336,-51.85207506242084,0.08114469796419144,0.13550791144371033,-0.031193993533534643,0.018837692251240507,-1.599698164004917,1
55.24,1,2.560081704444932,-1.1503518448904042,-32.200991405089106,2.6229053106063547,-1.0963948414181202,-30.601293241084186,-51.3766196110923,0.08170849084854126,0.1288384050130844,-0.031193993533534643,0.018837692251240507,-1.599698164004917,1
55.35,1,2.5653988217565837,-1.1536778574166842,-31.740665082169293,2.6283132058414087,-1.0995711230425225,-30.140966918164374,-50.69051469518011,0.08200745284557343,0.11898393929004669,-0.031193993533534643,0.018837692251240507,-1.599698164004917,1
55.44,1,2.570802941511292,-1.156985918373256,-31.203194081187732,2.6338075684686606,-1.1027270313009936,-29.60349591718282,-50.234701877637605,0.08200745284557343,0.11898393929004669,-0.031193993533534643,0.018837692251240507,-1.599698164004917,1
55.55,1,2.576311976241229,-1.1602923016646105,-30.732190164363864,2.639406758347473,-1.1058783337025417,-29.13249200035895,-49.592889280370166,0.08286342024803162,0.09458711743354797,-0.031193993533534643,0.018837692251240507,-1.599698164004917,1
55.64,1,2.5820034123837354,-1.163642277216765,-30.189097584434865,2.645189495487916,-1.1090681193895118,-28.58939942042995,-49.1980072295081,0.08291054517030716,0.08750517666339874,-0.031193993533534643,0.018837692251240507,-1.599698164004917,1
55.74,1,2.587806595442687,-1.16699448296456,-29.841971888382563,2.6510839982517713,-1.1122570148343582,-28.242273724377654,-48.64183752162059,0.0830683708190918,0.08097285032272339,-0.031193993533534588,0.008837692251241201,-1.5996981640049466,1
55.84,1,2.5938608299648322,-1.17398685026422,-29.432834203770714,2.657232136661986,-1.115534938025421,-27.83313603976579,-48.30706742041053,0.08302755653858185,0.08217334747314453,-0.031193993533534588,0.008837692251241201,-1.5996981640049466,1
55.95,1,2.5999809154732403,-1.1838806670143478,-29.130122799916823,2.663445810769354,-1.1188006522214704,-27.53042463591187,-47.82879122038566,0.08275780826807022,0.09586255252361298,-0.031193993533534588,0.008837692251241201,-1.5996981640049466,1
56.04,1,2.60608954971577,-1.1872610487248971,-28.741568663562912,2.6696464322415685,-1.122009185558735,-27.14187049955796,-47.5222537452997,0.08275780826807022,0.09586255252361298,-0.031193993533534588,0.008837692251241201,-1.5996981640049466,1
56.14,1,2.6120566871537303,-1.1905095705829658,-28.367262438451434,2.6757019310070858,-1.1250898605118371,-26.767564274446496,-47.007266128006904,0.08290788531303406,0.1117480993270874,-0.031193993533534588,0.008837692251241201,-1.5996981640049466,1
56.24,1,2.6179200886320926,-1.1936412777581908,-27.823412947218408,2.6816504732006106,-1.1280566622409176,-26.22371478321346,-46.627384465162436,0.08292587101459503,0.1124439537525177,-0.031193993533534588,0.008837692251241201,-1.5996981640049466,1
56.35,1,2.6236574569459337,-1.1966422364342346,-27.41269269790986,2.687469381325673,-1.1308962848172592,-25.81299453390491,-46.017148699963116,0.08288420736789703,0.10898670554161072,-0.031193993533534588,0.008837692251241201,-1.5996981640049466,1
56.44,1,2.62951179560964,-1.1996512336097636,-26.93887239337469,2.693405438618573,-1.1337406773722911,-25.339174229369746,-45.61597562465329,0.08286164700984955,0.10602912306785583,-0.031193993533534588,0.008837692251241201,-1.5996981640049466,1
56.55,1,2.6353641393870686,-1.2025906772982797,-26.44990250911007,2.699337560121608,-1.1365155992379279,-24.850204345105134,-45.01907665869208,0.0827937051653862,0.1047220379114151,-0.02119399353353355,0.008837692251239185,-1.599698164004911,1
56.64,1,2.64495954453491,-1.2055130486427603,-25.935055545085778,2.7053517739490083,-1.13927114948975,-24.335357381080836,-44.63602442013214,0.08191968500614166,0.11005382239818573,-0.02119399353353355,0.008837692251239185,-1.599698164004911,1
56.74,1,2.657223023680315,-1.2083649834241346,-25.486313813097595,2.711353020240567,-1.1419565978636737,-23.886615649092686,-44.06444525606959,0.08251681923866272,0.11247804760932922,-0.02119399353353355,0.008837692251239185,-1.599698164004911,1
56.84,1,2.663149869332717,-1.211164425431576,-25.015786897735314,2.717355706243259,-1.1445894927900824,-23.416088733730398,-43.67685455144906,0.08242849260568619,0.11046408116817474,-0.02119399353353355,0.008837692251239185,-1.599698164004911,1
56.95,1,2.6690837398198375,-1.213900556449502,-24.525753235677552,2.7233636469296427,-1.147158905293762,-22.92605507167264,-43.089498070443696,0.08255905658006668,0.109572634100914,-0.02119399353353355,0.008837692251239185,-1.599698164004911,1
57.04,1,2.6750491603485345,-1.2165941445159283,-24.042831494590498,2.7294019377164656,-1.149684910663821,-22.44313333058558,-42.68897927885136,0.0825839713215828,0.10792684555053711,-0.02119399353353355,0.008837692251239185,-1.599698164004911,1
57.14,1,2.6808046101709815,-1.219132947116672,-23.520224501501456,2.7352260185818214,-1.152062052514458,-21.92052633749655,-42.08330894508677,0.0825839713215828,0.10792684555053711,-0.03119399353353373,0.008837692251240268,-1.5996981640049115,1
57.24,1,2.6771772973246626,-1.2218782317262735,-23.10168533428973,2.7416728604463656,-1.154628364872682,-21.50198717028482,-41.67327093869353,0.0822911411523819,0.10197319090366364,-0.03119399353353373,0.008837692251240268,-1.5996981640049115,1
57.34,1,2.6829693431051065,-1.2243195811914707,-22.60165374916706,2.7475308024688294,-1.1569070699425468,-21.001955585162158,-41.07741944686615,0.0820426195859909,0.09396323561668396,-0.03119399353353373,0.008837692251240268,-1.5996981640049115,1
57.44,1,2.6891842358357287,-1.2268764073346845,-22.1720210412903,2.753814650331984,-1.159289402331717,-20.57232287728539,-40.6833128133598,0.08204139769077301,0.09128329157829285,-0.03119399353353373,0.008837692251240268,-1.5996981640049115,1
57.54,1,2.6955041585867234,-1.2294268664188281,-21.713563949027854,2.760203309536139,-1.161662438086103,-20.11386578502294,-40.13725031805102,0.08204139769077301,0.09128329157829285,-0.03119399353353373,0.008837692251240268,-1.5996981640049115,1
57.64,1,2.701846826632988,-1.2319241309167468,-21.31253967144838,2.7666132201709637,-1.163981665020068,-19.71284150744347,-39.78207091005597,0.0817936509847641,0.08440019190311432,-0.03119399353353373,0.008837692251240268,-1.5996981640049115,1
57.75,1,2.7082461186193,-1.234395280908536,-20.847806019995254,2.773079003655055,-1.1662732068906996,-19.248107855990344,-39.26299709383161,0.08208560943603516,0.08534137904644012,-0.035697431004832914,-0.0011955006015768714,-1.3997358935042685,1
57.84,1,2.714618440654252,-1.2369682954492764,-20.457474345778472,2.779569993427948,-1.1685177886269622,-18.923938157389937,-38.93853477730655,0.08208560943603516,0.08534137904644012,-0.035697431004832914,-0.0011955006015768714,-1.3997358935042685,1
57.94,1,2.720938003131384,-1.2396273222913723,-19.919612912624814,2.7860647407299286,-1.1707243715626454,-18.519877019120543,-38.45344648915963,0.0820498839020729,0.09229780733585358,-0.035697431004832914,-0.0011955006015768714,-1.3997358935042685,1
58.04,1,2.7274256563145913,-1.2419466220937978,-19.46064863126356,2.792607112871216,-1.1728845016892848,-18.060912737759292,-38.1065795601449,0.08185115456581116,0.09114167094230652,-0.035697431004832914,-0.0011955006015768714,-1.3997358935042685,1
58.14,1,2.733934922517581,-1.2442206784779004,-18.978486518209145,2.7991699863962447,-1.1749988739445751,-17.57875062470487,-37.56877721740422,0.08185115456581116,0.09114167094230652,-0.035697431004832914,-0.0011955006015768714,-1.3997358935042685,1
58.24,1,2.7403939422152552,-1.2464186751932103,-18.658977001032458,2.805680770456511,-1.177038436627122,-17.259241107528194,-37.216109264650775,0.08201728761196136,0.07697050273418427,-0.035697431004832914,-0.0011955006015768714,-1.3997358935042685,1
58.35,1,2.7494350482959864,-1.2494255507816008,-18.086321735252096,2.8147926293567265,-1.1798235627193592,-16.686585841747828,-36.74703214960238,0.08198559284210205,0.06332707405090332,-0.035697431004832914,-0.0011955006015768714,-1.3997358935042685,1
58.44,1,2.7538291027996653,-1.2508553810760696,-17.988616874041657,2.819220299964656,-1.1811456302819128,-16.588880980537393,-36.45966042528871,0.08198559284210205,0.06332707405090332,-0.035697431004832914,-0.0011955006015768714,-1.3997358935042685,1
58.55,1,2.7607863088410647,-1.2530864110862323,-17.52768978210646,2.826229928634156,-1.183206046920472,-16.127953888602185,-36.060360216734665,0.08192752301692963,0.058942295610904694,-0.03569743100483383,-0.0011955006015779758,-1.399735893504243,1
58.64,1,2.767757802490572,-1.2552749007344295,-17.268720440637548,2.833252801490706,-1.1852235868794598,-15.86898454713328,-35.792396374078464,0.08193985372781754,0.060778725892305374,-0.03569743100483383,-0.0011955006015779758,-1.399735893504243,1
58.74,1,2.7748331061300244,-1.2574485639712238,-16.828197298915562,2.840379091187347,-1.187223769025416,-15.428461405411323,-35.40154519369488,0.08193985372781754,0.060778725892305374,-0.03569743100483383,-0.0011955006015779758,-1.399735893504243,1
58.84,1,2.7819515031134805,-1.2595937441473477,-16.645795815695752,2.8475477655970822,-1.1891944239443006,-15.246059922191508,-35.15036673954097,0.08101966232061386,-0.011460799723863602,-0.03569743100483383,-0.0011955006015779758,-1.399735893504243,1
58.94,1,2.789585158744453,-1.2618715566724525,-16.639950337631863,2.8552347847883737,-1.19128508511831,-15.240214444127615,-35.05693545238658,0.08093368262052536,-0.017840903252363205,-0.03569743100483383,-0.0011955006015779758,-1.399735893504243,1
59.04,1,2.797463854113702,-1.2642182544791802,-16.615193542965592,2.8631684532987096,-1.1934386252933793,-15.215457649461348,-35.07315876948878,0.08093368262052536,-0.017840903252363205,-0.03569743100483383,-0.0011955006015779758,-1.399735893504243,1
59.14,1,2.80534967840789,-1.2665753950988687,-16.649804042238436,2.871109503699274,-1.1956024310229862,-15.250068148734197,-35.13540480393008,0.08092929422855377,-0.009415972977876663,-0.03569743100483383,-0.0011955006015779758,-1.399735893504243,1
59.24,1,2.8131953179819167,-1.2689313463492504,-16.74137228362924,2.8790103523173003,-1.197766029353256,-15.341636390125002,-35.18183863467561,0.08092929422855377,-0.009415972977876663,-0.03569743100483383,-0.0011955006015779758,-1.399735893504243,1
59.34,1,2.8210342187148214,-1.271295118692951,-16.77465671752131,2.886904655155363,-1.199937611056562,-15.374920824017073,-35.19509182918014,0.0807761698961258,0.004412110894918442,-0.03569743100483383,-0.0011955006015779758,-1.399735893504243,1
59.44,1,2.8288285366417427,-1.2736421090141594,-16.785989875787596,2.894753978546816,-1.2020935047947054,-15.386253982283353,-35.188004115150356,0.08079074323177338,0.006884131580591202,-0.03569743100483383,-0.0011955006015779758,-1.399735893504243,1
59.54,1,2.8366477614659944,-1.2759881531575905,-16.66370953893462,2.902628178290616,-1.2042478442224307,-15.26397364543037,-35.14197730354266,0.0808173269033432,0.006504960358142853,-0.03569743100483383,-0.0011955006015779758,-1.399735893504243,1
59.64,1,2.844470998819629,-1.2783251639255004,-16.509416092733055,2.910506168703058,-1.20639305495383,-15.109680199228816,-35.09820208475273,0.0808173269033432,0.006504960358142853,-0.025697431004834872,-0.0011955006015786887,-1.399735893504226,1
59.74,1,2.8622790503843647,-1.2806433005189553,-16.48019644004261,2.9183685168077864,-1.2085197680947042,-15.08046054653839,-35.02348257049071,0.08088722825050354,0.011308569461107254,-0.025697431004834872,-0.0011955006015786887,-1.399735893504226,1
59.84,1,2.8700133640675665,-1.2829218707977974,-16.400090194310486,2.926156182525268,-1.2106087279647222,-15.00035430080626,-34.951462897116095,0.0812951847910881,0.0911966860294342,-0.025697431004834872,-0.0011955006015786887,-1.399735893504226,1
59.95,1,2.8770364299743827,-1.2849484248370722,-15.802044250753251,2.9332266565566667,-1.2124631208510614,-14.402308357249023,-34.55436929000523,0.0821254774928093,0.12764085829257965,-0.025697431004834872,-0.0011955006015786887,-1.399735893504226,1
60.04,1,2.8829991918979085,-1.2866106131931376,-15.289205222346673,2.9392282424287157,-1.213979157429813,-13.889469328842443,-34.16077981303431,0.08223617821931839,0.1292889267206192,-0.025697431004834872,-0.0011955006015786887,-1.399735893504226,1
60.14,1,2.889539487758064,-1.288353728188693,-14.463108881557586,2.9458091667437993,-1.2155619887490747,-13.063372988053361,-33.532915490837524,0.08223617821931839,0.1292889267206192,-0.025697431004834872,-0.0011955006015786887,-1.399735893504226,1
60.24,1,2.8955796632800594,-1.28987867140645,-13.892808916078303,2.951884790549062,-1.2169389301170437,-12.493073022574077,-33.069315357548426,0.08202136307954788,0.10888169705867767,-0.031053213036123028,0.009475147807637054,-1.5996981640049046,1
60.34,1,2.89192899662564,-1.2909218139362182,-13.41797612287508,2.9581453790686623,-1.2182910868944803,-11.818277958870175,-32.42596953363786,0.08199875801801682,0.0958293080329895,-0.031053213036123028,0.009475147807637054,-1.5996981640049046,1
60.44,1,2.8978947908481962,-1.2923102628856487,-12.872920762830377,2.964147608653627,-1.2195124513775206,-11.273222598825472,-32.02016978394574,0.08199875801801682,0.0958293080329895,-0.031053213036123028,0.009475147807637054,-1.5996981640049046,1
60.54,1,2.9044420268524305,-1.2937819066895468,-12.3511789822332,2.9707333759089503,-1.2208007465453357,-10.751480818228295,-31.462342971897915,0.08193806558847427,0.09032495319843292,-0.035695284197052465,-0.0012653095910571141,-1.3997358935042323,1
60.64,1,2.911077338398887,-1.2953491541423856,-11.58557821950851,2.977435817723921,-1.2220313846005282,-10.049719401418814,-31.105188886212662,0.08189068734645844,0.0878516212105751,-0.035695284197052465,-0.0012653095910571141,-1.3997358935042323,1
60.74,1,2.9176682479301888,-1.2970064426855163,-11.15715587814259,2.984134062742977,-1.223210992621103,-9.757419984638355,-30.574040689790145,0.081949383020401,0.08362966775894165,-0.035695284197052465,-0.0012653095910571141,-1.3997358935042323,1
60.84,1,2.9243801640544147,-1.2982938685178875,-10.579299066803667,2.9908754247321228,-1.2243340784877228,-9.17956317329944,-30.23928388756764,0.08089795708656311,0.06540368497371674,-0.035695284197052465,-0.0012653095910571141,-1.3997358935042323,1
60.95,1,2.9311307775119384,-1.2995392526844907,-10.2474408007578,2.9976544455316407,-1.225414189951889,-8.847704907253569,-29.749790264779666,0.08078710734844208,0.062150418758392334,-0.035695284197052465,-0.0012653095910571141,-1.3997358935042323,1
61.04,1,2.9377872758388204,-1.300709017731992,-9.802810609681035,3.004337532092922,-1.2264210038654597,-8.403074716176802,-29.477160408171564,0.08078710734844208,0.062150418758392334,-0.035695284197052465,-0.0012653095910571141,-1.3997358935042323,1
61.14,1,2.9453413806456603,-1.3019963551596316,-9.414959619167911,3.01192082929808,-1.2275234287307297,-8.015223725663681,-29.095467585053193,0.08058025687932968,0.05789355933666229,-0.0356952841970534,-0.0012653095910591103,-1.3997358935041992,1
61.24,1,2.952571631696745,-1.3031756597782482,-9.153990157132444,3.0191777304056653,-1.2285257639839966,-7.754254263628245,-28.85244404151406,0.08051130920648575,0.06130736693739891,-0.0356952841970534,-0.0012653095910591103,-1.3997358935041992,1
61.34,1,2.9599060051266726,-1.304337387306887,-8.725034109853759,3.0265382934566265,-1.2295079839355498,-7.32529821634956,-28.487659346137534,0.08054308593273163,0.061687421053647995,-0.0356952841970534,-0.0012653095910591103,-1.3997358935041992,1
61.44,1,2.9670762689956347,-1.3054243234407288,-8.537488534566323,3.033732968944493,-1.2304194436076679,-7.137752641062124,-28.22374256595005,0.08104303479194641,0.06506721675395966,-0.0356952841970534,-0.0012653095910591103,-1.3997358935041992,1
61.54,1,2.9742836125069845,-1.3064698608600043,-8.069153437061274,3.040963701740273,-1.2312886111529369,-6.669417543557078,-27.840268623850964,0.08098068833351135,0.0555647574365139,-0.0356952841970534,-0.0012653095910591103,-1.3997358935041992,1
61.64,1,2.9814424951064966,-1.3074706509796084,-7.832159441053044,3.048144895017038,-1.2321142285333377,-6.432423547548847,-27.574098921882165,0.08116914331912994,0.05744822695851326,-0.0356952841970534,-0.0012653095910591103,-1.3997358935041992,1
61.74,1,2.9887226163540195,-1.3084462368068774,-7.498845464357828,3.0554466750848777,-1.2329116875767434,-6.09910957085363,-27.336916494351694,0.08116914331912994,0.05744822695851326,-0.0356952841970534,-0.0012653095910591103,-1.3997358935041992,1
61.85,1,2.996058353554063,-1.3093999122097808,-7.126783673688461,3.0628035192911454,-1.233685884171228,-5.727047780184262,-26.962229613119334,0.08129580318927765,0.06459370255470276,-0.0356952841970534,-0.0012653095910591103,-1.3997358935041992,1
61.95,1,3.003466240458881,-1.3103145412895147,-6.971425566126015,3.0702315378660954,-1.234419283651909,-5.571689672621817,-26.601844908722697,0.08088725060224533,0.06069910153746605,-0.0356952841970534,-0.0012653095910591103,-1.3997358935041992,1
62.04,1,3.010734297249536,-1.3111732862803323,-6.54729096716301,3.0775184029393614,-1.235100231429254,-5.147555073658809,-26.33845409463473,0.08077666163444519,0.06347484886646271,-0.0356952841970534,-0.0012653095910591103,-1.3997358935041992,1
62.14,1,3.017984368659637,-1.3119915515888891,-6.319952214466482,3.0847862991785937,-1.2357411509425205,-4.920216320962282,-25.94958670853446,0.08077666163444519,0.06347484886646271,-0.0356952841970534,-0.0012653095910591103,-1.3997358935041992,1
62.24,1,3.0252057823328666,-1.3093362554965666,-5.861409684127329,3.0920242600885754,-1.2363301348866849,-4.461673790623125,-25.6890663961138,0.08070188760757446,0.06434664130210876,-0.035695284197052445,0.00873469040894118,-1.3997358935042072,1
62.34,1,3.032398428429065,-1.303487632989174,-5.521647329117655,3.099232603460187,-1.2368846854616844,-4.121911435613446,-25.293887469050194,0.08074706047773361,0.05179440230131149,-0.035695284197052445,0.00873469040894118,-1.3997358935042072,1
62.44,1,3.039753978626071,-1.3041768365691786,-5.231727755382137,3.1066027943472996,-1.2373940051676602,-3.8319918618779294,-25.047449926621272,0.08067587018013,0.0323902927339077,-0.035695284197052445,0.00873469040894118,-1.3997358935042072,1
62.54,1,3.04720412475969,-1.3048426029202553,-4.926077609384389,3.114066980429273,-1.2378775838894571,-3.5263417158801835,-24.719137479112018,0.08072397112846375,0.026052113622426987,-0.035695284197052445,0.00873469040894118,-1.3997358935042072,1
62.64,1,3.0550226754606733,-1.3055131172828245,-4.895376343722408,3.1218995771299527,-1.2383569099775937,-3.4956404502182004,-24.55895591398654,0.08044347912073135,0.015131201595067978,-0.035695284197052445,0.00873469040894118,-1.3997358935042072,1
62.75,1,3.062869497018876,-1.3061605631488031,-4.742570152462483,3.1297598727445792,-1.23881248386438,-3.3428342589582742,-24.36423978823333,0.08046165853738785,0.010211307555437088,-0.035695284197052445,0.00873469040894118,-1.3997358935042072,1
62.84,1,3.0709496774595255,-1.306818215022123,-4.514555303852382,3.1378537069158803,-1.2392725603226231,-3.114819410348176,-24.281562638456656,0.08033744990825653,0.010162580758333206,-0.035695284197052445,0.00873469040894118,-1.3997358935042072,1
62.94,1,3.078995938173406,-1.3074597320710721,-4.418640768181968,3.1459132373474246,-1.2397173353475888,-3.0189048746777623,-24.175230612712912,0.0813547819852829,0.014972247183322906,-0.035695284197052445,0.00873469040894118,-1.3997358935042072,1
63.04,1,3.0866459372664163,-1.308050263555091,-4.423563352927298,3.153575378948162,-1.240120819730077,-3.0238274594230923,-24.100078967692053,0.08134883642196655,0.011102896183729172,-0.035695284197052445,0.00873469040894118,-1.3997358935042072,1
63.16,1,3.095217412969202,-1.3086900469725566,-4.299148413634856,3.162159925297311,-1.240551031914964,-2.899412520130648,-24.019980787461755,0.08134883642196655,0.011102896183729172,-0.035695284197052445,0.00873469040894118,-1.3997358935042072,1
63.24,1,3.1033805917526482,-1.3092849085816662,-4.123365213641294,3.1703351992313267,-1.240946309397633,-2.723629320137086,-23.908719475388477,0.08127782493829727,-0.005518805235624313,-0.04031114017282822,-0.012716500220085665,-1.1997736230035332,1
63.35,1,3.1144040593571445,-1.3205327276870384,-3.945687123248353,3.181407249849402,-1.2414746012613334,-2.7459135002448205,-23.87333218394094,0.08128782361745834,-0.0033888518810272217,-0.04031114017282822,-0.012716500220085665,-1.1997736230035332,1
63.44,1,3.1196476232276096,-1.3208957010975682,-3.9071618473201535,3.1866572642612607,-1.24172770289247,-2.707388224316621,-23.86150985314663,0.08113013207912445,0.004249285906553268,-0.04031114017282822,-0.012716500220085665,-1.1997736230035332,1
63.54,1,3.1277850074483355,-1.3214556370478256,-3.9912960006139637,3.1948045886943546,-1.2421171317126949,-2.791522377610431,-23.847384746316262,0.08104387670755386,0.011127680540084839,-0.04031114017282822,-0.012716500220085665,-1.1997736230035332,1
63.65,1,3.1359589996394277,-1.3220197022900677,-3.9704340817307306,3.2029885995331653,-1.2425099224047444,-2.7706604587271983,-23.82296064083701,0.08099464327096939,0.01516200602054596,-0.04031114017282822,-0.012716500220085665,-1.1997736230035332,1
63.74,1,3.144037744011885,-1.3225733352999667,-3.8497193344051186,3.211077164999901,-1.2428942774951162,-2.6499457114015845,-23.73272279239204,0.08099189400672913,0.017106063663959503,-0.04031114017282822,-0.012716500220085665,-1.1997736230035332,1
63.84,1,3.1516884222335717,-1.3230882023227049,-3.831279090572562,3.218736946461981,-1.2432488381472797,-2.6315054675690295,-23.661841994429214,0.08091815561056137,0.01274239644408226,-0.04031114017282822,-0.012716500220085665,-1.1997736230035332,1
63.95,1,3.1626039790444533,-1.323807659112594,-3.756051757217377,3.229665174538199,-1.2437395821521062,-2.556278134213845,-23.549066075041683,0.08099383860826492,-0.002508845180273056,-0.04031114017282822,-0.012716500220085665,-1.1997736230035332,1
64.05,1,3.168265859204885,-1.32417409246016,-3.681582722271851,3.235333485976745,-1.2439873840587705,-2.4818090992683195,-23.496079726315806,0.08091671764850616,-0.008043617010116577,-0.04031114017282822,-0.012716500220085665,-1.1997736230035332,1
64.14,1,3.1764025231300552,-1.3247022904408208,-3.6943503161716875,3.2434794257276804,-1.2443450969493208,-2.494576693168154,-23.49544678765653,0.08094875514507294,-0.0038477331399917603,-0.04031114017282822,-0.012716500220085665,-1.1997736230035332,1
64.24,1,3.1844299447091053,-1.3252254775233734,-3.7726281042431404,3.2515160421615716,-1.244700087407878,-2.5728544812396086,-23.508998554265773,0.08093385398387909,0.002798672765493393,-0.04031114017282822,-0.012716500220085665,-1.1997736230035332,1
64.35,1,3.192449560953433,-1.3257519129849202,-3.7668927390173446,3.2595449229880185,-1.2450584889650398,-2.5671191160138114,-23.50637872221283,0.08093385398387909,0.002798672765493393,-0.04031114017282822,-0.012716500220085665,-1.1997736230035332,1
64.44,1,3.2005191915866655,-1.3262834165537976,-3.7878108481356265,3.2676239133569376,-1.2454209102936635,-2.588037225132093,-23.49005264995723,0.08055857568979263,-0.006393205374479294,-0.030311140172828318,-0.012716500220085056,-1.199773623003535,1
64.54,1,3.218205051456722,-1.3267997569636085,-3.862755532924269,3.2753188996048523,-1.245776207360005,-2.6629819099207355,-23.518875169292976,0.08052543550729752,-0.0018232055008411407,-0.030311140172828318,-0.012716500220085056,-1.199773623003535,1
64.64,1,3.22623128386296,-1.3273441899960337,-3.908866408599735,3.283354771984316,-1.2461524640100634,-2.7090927855961997,-23.535611262764156,0.08008040487766266,-0.020530782639980316,-0.030311140172828318,-0.012716500220085056,-1.199773623003535,1
64.74,1,3.234205293507373,-1.327888214616394,-3.9208186387955934,3.291338424499425,-1.2465294058023124,-2.721045015792057,-23.55684660084649,0.0805831328034401,-0.02915249392390251,-0.030311140172828318,-0.012716500220085056,-1.199773623003535,1
64.84,1,3.2422153426972415,-1.328448326017054,-4.067635085943309,3.2993584454914657,-1.2469216762351638,-2.867861462939774,-23.619570842493076,0.08059211820363998,-0.02970213070511818,-0.030311140172828318,-0.012716500220085056,-1.199773623003535,1
64.95,1,3.250192970905942,-1.329023238522779,-4.296894685537719,3.307346362522603,-1.2473294233739103,-3.097121062534185,-23.778908530755764,0.08054569363594055,-0.02781442552804947,-0.030311140172828318,-0.012716500220085056,-1.199773623003535,1
65.05,1,3.2580223566379733,-1.3296118044895706,-4.361668359757694,3.3151863554594128,-1.2477539249510334,-3.16189473675416,-23.89987541154188,0.08045611530542374,-0.014023706316947937,-0.030311140172828318,-0.012716500220085056,-1.199773623003535,1
65.14,1,3.2659024125197718,-1.330238375202314,-4.560875351355313,3.3230778031986032,-1.2482153619867868,-3.3611017283517772,-24.043191736905396,0.08056974411010742,-0.013601597398519516,-0.030311140172828318,-0.012716500220085056,-1.199773623003535,1
65.24,1,3.273940306745139,-1.3308972123845766,-4.7721501343257255,3.331127730288359,-1.2487057535247812,-3.572376511322191,-24.0975853910871,0.08038883656263351,-0.07360159739851951,-0.030311140172828318,-0.012716500220085056,-1.199773623003535,1
65.35,1,3.2819810674563326,-1.3315704348668684,-4.986526390669235,3.339180824441679,-1.2492104671892337,-3.7867527676657,-24.218707561907202,0.0809052363038063,-0.07413043081760406,-0.030311140172828318,-0.012716500220085056,-1.199773623003535,1
65.44,1,3.2888970727610825,-1.3321988832252816,-5.492499482160562,3.3461084722713093,-1.249693967202835,-4.292725859157027,-24.540111968070057,0.08017352968454361,-0.13413043081760406,-0.030311140172828318,-0.012716500220085056,-1.199773623003535,1
65.54,1,3.295816853626309,-1.33289996890738,-6.136475739997654,3.3530414157480877,-1.2502500095611075,-4.936702116994117,-25.022593436203138,0.08050788938999176,-0.16366484761238098,-0.030311140172828318,-0.012716500220085056,-1.199773623003535,1
65.64,1,3.3017731389023,-1.333590884004966,-7.0164848462348575,3.359010861909944,-1.2508160576878293,-5.816711223231322,-25.516679519190404,0.08005312830209732,-0.2002336084842682,-0.02031114017282886,-0.012716500220084663,-1.1997736230035383,1
65.74,1,3.3174886295386883,-1.3343354524939508,-7.92094669924578,3.3647406896424297,-1.2514407893145856,-6.721173076242245,-26.327289964924063,0.08005312830209732,-0.2002336084842682,-0.02031114017282886,-0.012716500220084663,-1.1997736230035383,1
65.85,1,3.324910739308382,-1.3354624849921986,-9.405523956576232,3.3721847705707213,-1.2524121671085142,-8.205750333572695,-26.91439490026366,0.08038732409477234,-0.13943816483020782,-0.020311140172828434,-0.012716500220085561,-1.1997736230035327,1
65.94,1,3.326957927711204,-1.3358002989785962,-9.465899022265676,3.3742385834685997,-1.2527070420422755,-8.26612539926214,-27.35808654470404,0.08038732409477234,-0.15050935745239258,-0.020311140172828434,-0.012716500220085561,-1.1997736230035327,1
66.05,1,3.3375901384769135,-1.3376632342402341,-10.601240479404364,3.384907470308035,-1.2543469466623218,-9.40146685640083,-28.020785756257432,0.08103388547897339,-0.024076830595731735,-0.020311140172829797,-0.012716500220087317,-1.199773623003508,1
66.15,1,3.342519181004805,-1.3385849595124457,-10.510335049770879,3.389854731739965,-1.2551652632534618,-9.310561426767372,-28.324736598350288,0.08044195175170898,0.17092316940426827,-0.020311140172829797,-0.012716500220087317,-1.199773623003508,1
66.25,1,3.351810534404496,-1.3402731344575922,-9.852706319073457,3.3991793959610273,-1.2566585213717478,-8.65293269606995,-28.09575045980173,0.08072968572378159,0.18812495470046997,-0.020311140172829797,-0.012716500220087317,-1.199773623003508,1
66.35,1,3.35559314014195,-1.3409094744304524,-9.211210762315668,3.40297449640875,-1.2572155198616661,-8.011437139312157,-27.423401200058006,0.08033531904220581,0.16602066159248352,-0.020311140172829797,-0.012716500220087317,-1.199773623003508,1
66.44,1,3.3610878655600422,-1.341748266584831,-8.133032910006117,3.4084855802215,-1.2579390769826446,-6.93325928700261,-26.8677950114809,0.08033069968223572,0.12483146786689758,-0.020311140172829797,-0.012716500220087317,-1.199773623003508,1
66.54,1,3.366682913370489,-1.3425085075239713,-7.343435194695336,3.4140953196903046,-1.25858199951209,-6.143661571691827,-26.064247550569664,0.08033069968223572,0.12483146786689758,-0.020311140172829797,-0.012716500220087317,-1.199773623003508,1
66.64,1,3.37298124886061,-1.3432850178708293,-6.625943373731241,3.4204085333108614,-1.25922646211466,-5.426169750727731,-25.628444816090322,0.0805242583155632,0.05676287040114403,-0.03557938046933629,-0.00038570359360981277,-1.3997358935041353,1
66.74,1,3.359696831060692,-1.3435513213350376,-6.336708919862424,3.4270733413774535,-1.2598264730050666,-4.93697302635829,-25.132004420616727,0.0805242583155632,0.05676287040114403,-0.03557938046933629,-0.00038570359360981277,-1.3997358935041353,1
66.84,1,3.367073327910244,-1.3443499336302738,-5.916690425836028,3.4344671452557303,-1.260444657103153,-4.516954532331894,-24.900126830353855,0.08007758110761642,-0.029996264725923538,-0.03557938046933629,-0.00038570359360981277,-1.3997358935041353,1
66.94,1,3.374644065037754,-1.3451299633917417,-5.924013954338216,3.442054677524987,-1.2610395193944681,-4.524278060834082,-24.706802726077747,0.07999680936336517,-0.035192690789699554,-0.03557938046933629,-0.00038570359360981277,-1.3997358935041353,1
67.05,1,3.382461723088991,-1.3459469672493303,-6.017793555030496,3.4498899602246786,-1.2616653130707733,-4.618057661526364,-24.78900459699945,0.08013466745615005,0.009664203971624374,-0.03557938046933629,-0.00038570359360981277,-1.3997358935041353,1
67.14,1,3.3902341483654737,-1.3467832602429894,-6.278009491717075,3.4576804948336886,-1.2623114950540881,-4.878273598212941,-24.946835453285015,0.08054126799106598,0.0476616807281971,-0.03557938046933629,-0.00038570359360981277,-1.3997358935041353,1
67.24,1,3.3981341038334993,-1.3476467373720196,-6.128695145651707,3.4655991856219077,-1.2629817378084125,-4.728959252147573,-24.921736533018947,0.08023794740438461,0.05106787011027336,-0.03557938046933629,-0.00038570359360981277,-1.3997358935041353,1
67.35,1,3.4079496006851002,-1.3486893615306612,-5.925458376735505,3.47543722232734,-1.2637842821140668,-4.52572248323137,-24.67999912723955,0.08060378581285477,0.044407572597265244,-0.03557938046933629,-0.00038570359360981277,-1.3997358935041353,1
67.44,1,3.4130863525540582,-1.349206855010543,-5.675798875487228,3.480585082510029,-1.2641761428092777,-4.276062981983093,-24.489354426705848,0.08060378581285477,0.044407572597265244,-0.03557938046933629,-0.00038570359360981277,-1.3997358935041353,1
67.55,1,3.420659306586777,-1.3499560078124657,-5.488812355612837,3.4881740767738845,-1.2647400832010514,-4.089076462108701,-24.244503993456895,0.08110833913087845,0.015278603881597519,-0.020798132060532305,0.002158594744344155,-1.5996981640048,1
67.64,1,3.438560089497343,-1.3602444293145317,-5.644065649908335,3.4960433292622928,-1.2652993104184729,-4.044367485903535,-24.120199012393762,0.08037184923887253,-0.014960560947656631,-0.020798132060532305,0.002158594744344155,-1.5996981640048,1
67.75,1,3.4489774857778785,-1.361263727129071,-5.645431630235163,3.506485120586601,-1.2660273950564396,-4.045733466230363,-24.035640773848865,0.08100039511919022,-0.012166578322649002,-0.020798132060532305,0.002158594744344155,-1.5996981640048,1
67.84,1,3.454597536146651,-1.3618160148505103,-5.66781444317802,3.5121183984787434,-1.2664225761094912,-4.068116279173221,-24.08204642319687,0.08033670485019684,-0.022384531795978546,-0.020798132060532305,0.002158594744344155,-1.5996981640048,1
67.94,1,3.4622651089396976,-1.3625862330086047,-5.6883029859907115,3.5198044846254097,-1.2669784432642508,-4.088604821985911,-24.154693978852656,0.08104115724563599,-0.003898315131664276,-0.020798132060532305,0.002158594744344155,-1.5996981640048,1
68.05,1,3.4731003870089476,-1.363699131658948,-5.83316166854509,3.5306666078698914,-1.2677884265144528,-4.233463504540291,-24.218048877918726,0.08109474927186966,0.011467784643173218,-0.020798132060532305,0.002158594744344155,-1.5996981640048,1
68.14,1,3.478323156147498,-1.3642424888185767,-6.022868661845546,3.5359025100584645,-1.2681857711371796,-4.423170497840746,-24.2191060427506,0.08109474927186966,0.011467784643173218,-0.020798132060532305,0.002158594744344155,-1.5996981640048,1
68.24,1,3.486400943637029,-1.3650809932750239,-5.97063191198247,3.544000557331167,-1.268798446270162,-4.370933747977671,-24.186998673542288,0.08079206943511963,-0.033612433820962906,-0.020798132060532305,0.002158594744344155,-1.5996981640048,1
68.34,1,3.4944455472448386,-1.3659265971046854,-5.986435891043832,3.5520656318439134,-1.2694191443830756,-4.386737727039031,-24.2570188478743,0.08099981397390366,-0.035947803407907486,-0.020798132060532305,0.002158594744344155,-1.5996981640048,1
68.44,1,3.502233396635839,-1.366768183828769,-6.238715431633844,3.5598739400636785,-1.2700429946024496,-4.639017267629045,-24.369476736838156,0.08071824908256531,-0.03830822929739952,-0.020798132060532305,0.002158594744344155,-1.5996981640048,1
68.54,1,3.509931303783264,-1.3676222028164309,-6.4689987223070355,3.5675926881574713,-1.270681783101275,-4.869300558302234,-24.56620255555314,0.08101357519626617,-0.040655795484781265,-0.020798132060532305,0.002158594744344155,-1.5996981640048,1
68.64,1,3.5175407414673234,-1.3684921578163898,-6.585752621320871,3.5752234461434593,-1.271338971148046,-4.9860544573160706,-24.714253362135825,0.08101357519626617,-0.040655795484781265,-0.020798132060532305,0.002158594744344155,-1.5996981640048,1
68.75,1,3.525203704083089,-1.3693928334062317,-6.839655224418101,3.582908565807898,-1.2720253735897773,-5.239957060413301,-24.947989011178205,0.08127894252538681,-0.0388495959341526,-0.015618419706763564,-0.010715228552975591,-1.3997358935041364,1
68.84,1,3.5369819079435976,-1.3705119261711702,-6.953053752882199,3.5906053259253325,-1.272737016558494,-5.435749780916074,-25.112176038293008,0.08078528195619583,-0.05339846387505531,-0.015618419706763564,-0.010715228552975591,-1.3997358935041364,1
68.94,1,3.5504062873752606,-1.3717090020761733,-7.008041151125884,3.598206384510038,-1.2734783380802162,-5.608305257621746,-25.365140714436933,0.08072707802057266,-0.054048988968133926,-0.015618419706763564,-0.010715228552975591,-1.3997358935041364,1
69.04,1,3.557820689249096,-1.3726529964140346,-7.466632861144484,3.6056416334318526,-1.2742409349116395,-6.066896967640349,-25.560021161021538,0.08052737265825272,-0.0564747117459774,-0.015618419706763564,-0.010715228552975591,-1.3997358935041364,1
69.14,1,3.565136701039389,-1.3736210087952732,-7.772750497086696,3.612979108331928,-1.2750299460501673,-6.373014603582558,-25.88998084130483,0.0804581418633461,-0.06584271788597107,-0.015618419706763564,-0.010715228552975591,-1.3997358935041364,1
69.24,1,3.572383220821337,-1.374622026616246,-7.967067777863099,3.620247918202596,-1.275853650300583,-6.567331884358962,-26.11186585770252,0.08008266985416412,-0.12584271788597107,-0.015618419706763564,-0.010715228552975591,-1.3997358935041364,1
69.34,1,3.579554263942719,-1.3756417896612512,-8.314608021917104,3.627441731835024,-1.27669793789291,-6.914872128412966,-26.502986168591686,0.0804085060954094,-0.07053800225257874,-0.015618419706763564,-0.010715228552975591,-1.3997358935041364,1
69.45,1,3.5858177363699903,-1.3765942299534655,-8.79833850954055,3.633726601059011,-1.2774970925680555,-7.398602616036412,-26.921461176645753,0.08017336577177048,-0.04573475942015648,-0.015618419706763564,-0.010715228552975591,-1.3997358935041364,1
69.54,1,3.5927015265083346,-1.3776863488491733,-9.233998987167105,3.640635014901614,-1.278420731312624,-7.834263093662967,-27.331539108120797,0.08005999773740768,-0.030774112790822983,-0.015618419706763564,-0.010715228552975591,-1.3997358935041364,1
69.64,1,3.6001347051974926,-1.3789030213189213,-9.382092718544639,3.6480956958999484,-1.2794554662374613,-7.9823568250405055,-27.516274480079797,0.08005999773740768,-0.030774112790822983,-0.015618419706763564,-0.010715228552975591,-1.3997358935041364,1
69.75,1,3.6078143657843613,-1.3801856612195276,-9.600588275769619,3.6558043966704195,-1.2805501279548228,-8.200852382265483,-27.730747707855624,0.08034131675958633,-0.035024244338274,-0.015618419706763155,-0.01071522855297716,-1.3997358935041198,1
69.84,1,3.615595419616741,-1.381506011283714,-9.796699793102624,3.66361538159856,-1.2816800117925393,-8.396963899598507,-27.870491179112683,0.08065507560968399,-0.040228355675935745,-0.015618419706763155,-0.01071522855297716,-1.3997358935041198,1
69.94,1,3.6232621285235815,-1.3828351677785997,-9.866707283870861,3.671312270841118,-1.2828214926018104,-8.46697139036674,-28.093685217518765,0.08074674010276794,-0.038007255643606186,-0.015618419706763155,-0.01071522855297716,-1.3997358935041198,1
70.05,1,3.633464195096158,-1.3846584481575024,-10.261571679930677,3.681555831450512,-1.2843950172228573,-8.861835786426564,-28.244830824529743,0.080848827958107,-0.03149658069014549,-0.015618419706763155,-0.01071522855297716,-1.3997358935041198,1
70.14,1,3.6384066949907807,-1.385561922760282,-10.476353128944071,3.6865189262040885,-1.2851774889688228,-9.076617235439954,-28.47099364342598,0.080848827958107,-0.03149658069014549,-0.015618419706763155,-0.01071522855297716,-1.3997358935041198,1
70.24,1,3.6461342563222194,-1.3869967520455593,-10.635942293136997,3.6942792310425103,-1.286423124559116,-9.236206399632875,-28.607712291005456,0.08041863143444061,-0.0944860590994358,-0.015618419706763155,-0.01071522855297716,-1.3997358935041198,1
70.34,1,3.6534305015799178,-1.3883842039950587,-10.95210283684568,3.701607191197689,-1.2876319329544983,-9.552366943341564,-28.876821227710735,0.08041863143444061,-0.09558646380901337,-0.015618419706763155,-0.01071522855297716,-1.3997358935041198,1
70.44,1,3.6605754785648306,-1.3897887491000125,-11.394846732475278,3.708784345762427,-1.2888615245211013,-9.995110838971158,-29.202719844797375,0.08113043010234833,-0.00868465006351471,-0.015618419706763155,-0.01071522855297716,-1.3997358935041198,1
70.55,1,3.6681737943053885,-1.3913397815327424,-11.50252933359318,3.7164182821370617,-1.2902264857398245,-10.102793440089062,-29.41524609679024,0.08128004521131516,0.02835056558251381,-0.015618419706763155,-0.01071522855297716,-1.3997358935041198,1
70.64,1,3.6761401597897296,-1.392986865160385,-11.739251416202974,3.724422504727604,-1.2916784789311335,-10.339515522698852,-29.448945716268568,0.08088500797748566,-0.04664943441748619,-0.015618419706763155,-0.01071522855297716,-1.3997358935041198,1
70.75,1,3.6838953389145948,-1.3945861709867395,-11.743187318868351,3.732214436880589,-1.2930878673475152,-10.343451425364226,-29.398557599223007,0.08104700595140457,-0.009167167544364932,-0.015618419706763155,-0.01071522855297716,-1.3997358935041198,1
70.84,1,3.691087273744976,-1.3960956977120738,-12.063620030204602,3.7394410997245657,-1.2944212621421765,-10.66388413670048,-29.6252668226653,0.08104700595140457,-0.005595739930868149,-0.015618419706763155,-0.01071522855297716,-1.3997358935041198,1
70.95,1,3.6988377918882103,-1.3977654585996042,-12.076343052111604,3.747230093332685,-1.2959011984525675,-10.676607158607485,-29.743182174805717,0.08092987537384033,-0.07151241675019264,-0.015618419706763115,-0.01071522855297538,-1.3997358935041389,1
71.05,1,3.7090832507964713,-1.3999760567275235,-12.287382678508099,3.7575264945610214,-1.2978608652786239,-10.88764678500396,-29.764917002351257,0.08117101341485977,-0.027641075849533084,-0.015618419706763115,-0.01071522855297538,-1.3997358935041389,1
71.14,1,3.7136619575533034,-1.4009939649662053,-12.759078712019681,3.762128700067461,-1.2987666230961075,-11.359342818515543,-30.14487591127591,0.08093442022800446,0.0011898539960384369,-0.015618419706763115,-0.01071522855297538,-1.3997358935041389,1
71.24,1,3.721261396799793,-1.4027290374476407,-12.917953860875874,3.7697682552639487,-1.3003155420019052,-11.51821796737174,-30.266764355321317,0.08093346655368805,-0.07381014600396156,-0.015618419706763115,-0.01071522855297538,-1.3997358935041389,1
71.35,1,3.7288920761743545,-1.4044737444985957,-12.925770333944056,3.77743927661565,-1.3018733294818758,-11.526034440439917,-30.374768019211846,0.08101603388786316,-0.07297764718532562,-0.015618419706763115,-0.01071522855297538,-1.3997358935041389,1
71.44,1,3.7357072080653633,-1.4060639975476692,-13.386089916701737,3.7842912209052755,-1.3032966308919123,-11.986354023197599,-30.702121082995056,0.08020638674497604,-0.07403738796710968,-0.015618419706763115,-0.01071522855297538,-1.3997358935041389,1
71.54,1,3.7424262720337405,-1.4077081832905787,-13.990573318454777,3.7910484433833602,-1.3047761956083028,-12.590837424950635,-31.164229476888153,0.08037290722131729,-0.039339613169431686,-0.015618419706763115,-0.01071522855297538,-1.3997358935041389,1
71.64,1,3.7493676498063295,-1.4094570604382701,-14.450405297162888,3.7980304706843686,-1.3063549899037963,-13.05066940365875,-31.44809534801187,0.08017607033252716,-0.03577207401394844,-0.015618419706763115,-0.01071522855297538,-1.3997358935041389,1
71.76,1,3.756641120917632,-1.411348205858396,-14.727260259605622,3.8053479674964166,-1.3080678977859335,-13.327524366101485,-31.742095083848657,0.08017607033252716,-0.03577207401394844,-0.015618419706763115,-0.01071522855297538,-1.3997358935041389,1
71.84,1,3.7641966116834302,-1.4133500027780899,-15.076083147626713,3.812950102756221,-1.3098845350946442,-13.67634725412258,-31.905207149693776,0.08048058301210403,-0.024315599352121353,-0.005618419706763285,-0.010715228552976979,-1.399735893504112,1
71.95,1,3.7819149441696864,-1.415432222904955,-15.145303191892348,3.820716995688425,-1.3117775937849083,-13.745567298388233,-32.08450439267872,0.08058837056159973,-0.02942412719130516,-0.005618419706763285,-0.010715228552976979,-1.399735893504112,1
72.04,1,3.7896595438955356,-1.417550239414912,-15.302005806047022,3.828511022440796,-1.3137057965318748,-13.902269912542906,-32.20411693463182,0.08089089393615723,-0.03242992237210274,-0.005618419706763285,-0.010715228552976979,-1.399735893504112,1
72.15,1,3.7973336702040204,-1.4196810500514703,-15.64950186458852,3.836234909334323,-1.315648511082042,-14.249765971084406,-32.407902186373335,0.0807274878025055,-0.03692544624209404,-0.005618419706763285,-0.010715228552976979,-1.399735893504112,1
72.24,1,3.804883965512024,-1.4218102747392503,-15.945467161713857,3.8438349634373705,-1.3175926650471066,-14.545731268209742,-32.546545828810366,0.08086711168289185,-0.04209606721997261,-0.005618419706763285,-0.010715228552976979,-1.399735893504112,1
72.35,1,3.812345986295801,-1.4239517264465213,-16.142058485245446,3.8513470680334727,-1.3195511987152686,-14.742322591741335,-32.7766894482453,0.08076027780771255,-0.024616483598947525,-0.005618419706763285,-0.010715228552976979,-1.399735893504112,1
72.44,1,3.8197705937218487,-1.42612069845042,-16.440004166519365,3.858822442689873,-1.3215381583854826,-15.040268273015254,-32.93682010673365,0.08076027780771255,-0.024616483598947525,-0.005618419706763285,-0.010715228552976979,-1.399735893504112,1
72.55,1,3.827349836267546,-1.4283692124036904,-16.636529881113475,3.8664543493397097,-1.3236008589097306,-15.236793987609362,-33.11879125439048,0.080877386033535,-0.029988449066877365,-0.005618419706763285,-0.010715228552976979,-1.399735893504112,1
72.64,1,3.8347988525437957,-1.4306131902685042,-16.827771566878244,3.8739559577736884,-1.3256622058103933,-15.42803567337413,-33.259293461478656,0.080877386033535,-0.029988449066877365,-0.005618419706763285,-0.010715228552976979,-1.399735893504112,1
72.74,1,3.8422984096077952,-1.432901971414033,-17.08834862914363,3.8815091863494424,-1.3277671080339484,-15.68861273563953,-33.45277275637435,0.0809507742524147,-0.02681109681725502,-0.005618419706763285,-0.010715228552976979,-1.399735893504112,1
72.84,1,3.8499088836998556,-1.435250567292654,-17.34517227364248,3.889174759984462,-1.3299290977085556,-15.945436380138363,-33.58087288933094,0.08083438873291016,-0.022451229393482208,-0.005618419706763285,-0.010715228552976979,-1.399735893504112,1
72.94,1,3.8576348396998026,-1.4376573951502962,-17.394671544670523,3.896957203533585,-1.3321464810435109,-15.994935651166404,-33.73250071675966,0.08083438873291016,-0.022451229393482208,-0.005618419706763285,-0.010715228552976979,-1.399735893504112,1
73.04,1,3.865265778994657,-1.4400580370372327,-17.475536936319884,3.9046445076221414,-1.3343600012808547,-16.075801042815762,-33.840146146303006,0.08086409419775009,-0.012721128761768341,-0.015618419706763118,-0.010715228552975605,-1.3997358935041262,1
73.15,1,3.865591597868059,-1.4433400894295103,-17.686134738361982,3.915047417860442,-1.3373888396532054,-16.286398844857846,-33.99131678458313,0.08105216920375824,0.0021621957421302795,-0.015618419706763118,-0.010715228552975605,-1.3997358935041262,1
73.24,1,3.870618540907592,-1.4449498069522138,-17.82719949997681,3.9201121823596603,-1.3388752808370632,-16.427463606472685,-34.05112554664417,0.08094945549964905,0.022345751523971558,-0.015618419706763118,-0.010715228552975605,-1.3997358935041262,1
73.34,1,3.8783337704384637,-1.4474248106825962,-17.830132076646816,3.9278855680113636,-1.341161081722816,-16.43039618314269,-34.05045826477546,0.0807693749666214,0.014943178743124008,-0.015618419706763118,-0.010715228552975605,-1.3997358935041262,1
73.45,1,3.8860180540100973,-1.4498853873310342,-17.676535231819773,3.9356276645194783,-1.343433215766217,-16.276799338315648,-33.98873577051773,0.08107373863458633,0.04974674805998802,-0.015618419706763118,-0.010715228552975605,-1.3997358935041262,1
73.55,1,3.8963032403166453,-1.4531606788753402,-17.580678586753596,3.945989789164498,-1.3464562878628878,-16.18094269324947,-33.88894188819669,0.08125580102205276,0.06788226962089539,-0.015618419706763118,-0.010715228552975605,-1.3997358935041262,1
73.64,1,3.900937953899319,-1.4546260867829377,-17.44822143876899,3.9506589161139636,-1.3478080437057967,-16.048485545264864,-33.727148901093194,0.08095590770244598,0.07116886973381042,-0.015618419706763118,-0.010715228552975605,-1.3997358935041262,1
73.74,1,3.9078283946117107,-1.4567683210199407,-17.109295702548216,3.9575996303121075,-1.3497813219823909,-15.709559809044082,-33.389976686370225,0.08077071607112885,0.06750303506851196,-0.015618419706763118,-0.010715228552975605,-1.3997358935041262,1
73.85,1,3.9145837451194496,-1.4588235595126922,-16.755336981886828,3.964403169521558,-1.3516709303994854,-15.35560108838271,-33.136672697244116,0.08079496026039124,0.06786701083183289,-0.015618419706763118,-0.010715228552975605,-1.3997358935041262,1
73.94,1,3.921404155263159,-1.4608568316104003,-16.472939034766803,3.9712712123676877,-1.3535369897274445,-15.07320314126268,-32.76168986871213,0.08075779676437378,0.061830583959817886,-0.015618419706763118,-0.010715228552975605,-1.3997358935041262,1
74.04,1,3.9282642576247055,-1.46287549852292,-16.16567038808514,3.9781785788184076,-1.355387478643938,-14.765934494581012,-32.508226114358614,0.08075779676437378,0.061830583959817886,-0.015618419706763118,-0.010715228552975605,-1.3997358935041262,1
74.14,1,3.93518143258949,-1.4648696008882003,-16.013105304607247,3.9851424007898406,-1.3572120161981835,-14.613369411103118,-32.16118358605718,0.08073444664478302,0.058299336582422256,-0.015618419706763118,-0.010715228552975605,-1.3997358935041262,1
74.25,1,3.9442339239811686,-1.4674250159389857,-15.5567743199775,3.994254613519769,-1.3595455383520798,-14.157038426473381,-31.94458223755168,0.0807209238409996,0.05516992136836052,-0.010375409057242373,0.003560503026664671,-1.5996981640047983,1
74.34,1,3.949263055441694,-1.4683337384046948,-15.612578051229903,3.9991851916778423,-1.3607818451768652,-14.012879887225097,-31.612901849105008,0.08085580915212631,0.0434410385787487,-0.010375409057242373,0.003560503026664671,-1.5996981640047983,1
74.44,1,3.9564091179844363,-1.4703068681080533,-15.307838588563113,4.006383551753582,-1.36255471373123,-13.708140424558316,-31.405284821795085,0.08014974743127823,-0.02263554558157921,-0.010375409057242373,0.003560503026664671,-1.5996981640047983,1
74.55,1,3.9637174658278056,-1.4723032990571123,-15.149889803462257,4.01374478436748,-1.3643463440329735,-13.55019163945746,-31.20880888576502,0.0805373415350914,-0.03976335749030113,-0.010375409057242373,0.003560503026664671,-1.5996981640047983,1
74.64,1,3.97133692752557,-1.4743823180160072,-15.391312664018017,4.021419315140586,-1.3662118449865512,-13.79161450001322,-31.283712444833576,0.0805373415350914,-0.03976335749030113,-0.010375409057242373,0.003560503026664671,-1.5996981640047983,1
74.75,1,3.978758003833932,-1.4764284488069457,-15.490618413678012,4.028894619724235,-1.3680500087904155,-13.89092024967321,-31.49633408414129,0.08061166107654572,-0.03487059846520424,-0.010375409057242373,0.003560503026664671,-1.5996981640047983,1
74.84,1,3.986139983828057,-1.4784868029270262,-15.643329525924738,4.036331184461973,-1.3699014825868083,-14.04363136191994,-31.641847243507254,0.08051284402608871,-0.029572460800409317,-0.010375409057242373,0.003560503026664671,-1.5996981640047983,1
74.94,1,3.993631010166753,-1.4805959055168665,-15.861274689362888,4.043878169757991,-1.3718006408959587,-14.261576525358091,-31.826529900888335,0.08035247772932053,-0.02655273675918579,-0.010375409057242373,0.003560503026664671,-1.5996981640047983,1
75.04,1,4.0012422041591575,-1.482765650500512,-15.928867511010408,4.0515469687894985,-1.3737570633192633,-14.32916934700561,-31.934675079979638,0.08038309216499329,-0.02453768253326416,-0.010375409057242373,0.003560503026664671,-1.5996981640047983,1
75.14,1,4.008824094400307,-1.4849490732042698,-16.11401239905864,4.059186857322866,-1.3757279761863972,-14.514314235053847,-32.07756331339207,0.08044060319662094,-0.015912946313619614,-0.010375409057242373,0.003560503026664671,-1.5996981640047983,1
75.24,1,4.016128024441284,-1.4870677448663696,-16.28823115362833,4.0665470863734665,-1.377641922888363,-14.688532989623532,-32.162119784734486,0.08044060319662094,-0.015912946313619614,-0.010375409057242373,0.003560503026664671,-1.5996981640047983,1
75.34,1,4.0239336687509875,-1.4893457472407383,-16.379395098580684,4.0744132820912915,-1.3797011321628463,-14.779696934575883,-32.25901731512223,0.08051769435405731,-0.017931241542100906,-0.010375409057242373,0.003560503026664671,-1.5996981640047983,1
75.44,1,4.031669913578423,-1.4916217305610573,-16.449541783909876,4.082210049009789,-1.381760260551997,-14.849843619905073,-32.33766561224447,0.08034798502922058,-0.032754506915807724,-0.015704559841479816,-0.011023989517379283,-1.3997358935041149,1
75.54,1,4.039254600650545,-1.4941379971326223,-16.521983325046005,4.089917420923914,-1.3838237923558891,-15.029111865164392,-32.50181109148852,0.08113833516836166,-0.00469154492020607,-0.015704559841479816,-0.011023989517379283,-1.3997358935041149,1
75.65,1,4.046700461861551,-1.4965767697997905,-16.673845104538703,4.097481254288989,-1.3858748118474278,-15.274109211034592,-32.60441146048489,0.08123314380645752,0.0008184127509593964,-0.015704559841479816,-0.011023989517379283,-1.3997358935041149,1
75.75,1,4.054378507451369,-1.4988765878950905,-16.746331606645494,4.105213187735873,-1.3879863876863958,-15.346595713141385,-32.64496313846255,0.0813336968421936,0.0032899901270866394,-0.015704559841479816,-0.011023989517379283,-1.3997358935041149,1
75.84,1,4.062187893204378,-1.501223863674157,-16.75413291142099,4.113077581430254,-1.390142198726841,-15.354397017916872,-32.64741099303454,0.0813097134232521,0.0011929310858249664,-0.015704559841479816,-0.011023989517379283,-1.3997358935041149,1
75.94,1,4.070018689135467,-1.5035824066275516,-16.71244899961409,4.120963654143656,-1.3923087505808922,-15.312713106109975,-32.63409161476392,0.08134287595748901,0.004187244921922684,-0.015704559841479816,-0.011023989517379283,-1.3997358935041149,1
76.05,1,4.077793246117664,-1.5059229315846006,-16.69865212826921,4.128793064553869,-1.3944586635959864,-15.298916234765093,-32.62713855605187,0.08130915462970734,0.0040640756487846375,-0.015704559841479816,-0.011023989517379283,-1.3997358935041149,1
76.14,1,4.085601661731502,-1.5082710445444547,-16.791991067837134,4.136656508848856,-1.3966153352655488,-15.39225517433302,-32.60299879205793,0.08130772411823273,0.003250669687986374,-0.015704559841479816,-0.011023989517379283,-1.3997358935041149,1
76.25,1,4.09338772100602,-1.5106095766084544,-16.772847027768375,4.144497369437597,-1.3987629750092165,-15.373111134264253,-32.58922562554741,0.08015085011720657,-0.040750499814748764,-0.015704559841479816,-0.011023989517379283,-1.3997358935041149,1
76.34,1,4.101208533118325,-1.5129615328803179,-16.744469835044104,4.152373300414739,-1.4009231860276192,-15.344733941539987,-32.623940329177906,0.08063314110040665,-0.029849018901586533,-0.015704559841479816,-0.011023989517379283,-1.3997358935041149,1
76.44,1,4.108572849131712,-1.5151987494278878,-17.003848047184594,4.15979006869766,-1.4029798426501991,-15.60411215368047,-32.76136154195116,0.08004739135503769,-0.03526745364069939,-0.015704559841479816,-0.011023989517379283,-1.3997358935041149,1
76.54,1,4.1160503492802345,-1.5174993216581472,-17.219510804844465,4.167321534967216,-1.4050970712368998,-15.819774911340351,-32.95210210832114,0.08045821636915207,-0.010256882756948471,-0.015704559841479816,-0.011023989517379283,-1.3997358935041149,1
76.64,1,4.123480058425044,-1.519821794002646,-17.461217365699053,4.174805759460353,-1.4072373608209872,-16.061481472194938,-33.069315357548426,0.08065284788608551,-0.006797954440116882,-0.010269204121505981,0.003879559426287208,-1.5996981640047947,1
76.75,1,4.131257119331787,-1.5217922917490752,-17.78047324074252,4.1825034378423505,-1.409460846480784,-16.18077507673772,-33.14942201218019,0.08061585575342178,-0.016228415071964264,-0.010269204121505981,0.003879559426287208,-1.5996981640047947,1
76.85,1,4.141652769747028,-1.525132577909323,-17.893074098080334,4.192988285352348,-1.41250962195306,-16.293375934075538,-33.18923857706929,0.08075958490371704,-0.019491691142320633,-0.010269204121505981,0.003879559426287208,-1.5996981640047947,1
76.95,1,4.146669369871248,-1.5267515634650295,-17.915937681985778,4.198048126521704,-1.4139879312497845,-16.316239517980982,-33.2755602669705,0.08073744922876358,-0.02655288204550743,-0.010269204121505981,0.003879559426287208,-1.5996981640047947,1
77.04,1,4.154308157131148,-1.5292372645992427,-18.02303006091616,4.205753328416238,-1.4162594163796351,-16.423331896911368,-33.35535950963775,0.08072913438081741,-0.02713681384921074,-0.010269204121505981,0.003879559426287208,-1.5996981640047947,1
77.14,1,4.161828186879165,-1.5317054217506652,-18.259037409862685,4.213339329318826,-1.418516679643218,-16.659339245857893,-33.515329056754695,0.08078020811080933,-0.026843171566724777,-0.010269204121505981,0.003879559426287208,-1.5996981640047947,1
77.24,1,4.169435994064791,-1.5342227609692702,-18.491338388094864,4.22101444643375,-1.4208206553782015,-16.891640224090068,-33.63045932018274,0.08065969496965408,-0.035347770899534225,-0.010269204121505981,0.003879559426287208,-1.5996981640047947,1
77.34,1,4.176888966240613,-1.5367171143769733,-18.630637006169376,4.228534147203471,-1.4231059766925722,-17.03093884216458,-33.800225568686194,0.08070991933345795,-0.03784151002764702,-0.010269204121505981,0.003879559426287208,-1.5996981640047947,1
77.45,1,4.184234594488813,-1.5392103090600486,-18.821758717329583,4.23594651353418,-1.4253931363870094,-17.222060553324788,-33.935409501561544,0.08060748130083084,-0.09784151002764702,-0.010269204121505981,0.003879559426287208,-1.5996981640047947,1
77.55,1,4.191535934568472,-1.5417208808372032,-19.112464973484744,4.24331509406256,-1.427698902768035,-17.512766809479956,-34.184014346689125,0.08110269904136658,-0.09959186613559723,-0.010269204121505981,0.003879559426287208,-1.5996981640047947,1
77.64,1,4.197720328314134,-1.5438972716929285,-19.686251218125093,4.249557834454074,-1.4297017995607921,-18.086553054120305,-34.55927903997583,0.08117430657148361,-0.05513964220881462,-0.010269204121505981,0.003879559426287208,-1.5996981640047947,1
77.74,1,4.203833627305071,-1.5461217297834011,-20.339800304062475,4.255730849662022,-1.4317547295623474,-18.74010214005769,-35.08972754632948,0.08117430657148361,-0.05513964220881462,-0.010269204121505981,0.003879559426287208,-1.5996981640047947,1
77.84,1,4.210660950775171,-1.5486608153296002,-20.545438251055856,4.262626394324078,-1.4341022314238818,-18.94574008705106,-35.32530940004783,0.08120787888765335,0.005608119070529938,-0.00026920412150625286,0.003879559426285937,-1.599698164004775,1
77.95,1,4.223166385241939,-1.5514981070346718,-20.56169595122742,4.270257558864842,-1.4367275118663905,-18.961997787222625,-35.41012746157351,0.08097874373197556,0.01036764681339264,-0.00026920412150625286,0.003879559426285937,-1.599698164004775,1
78.05,1,4.238146230609108,-1.5552260498761754,-20.52037376898357,4.280288137016857,-1.4401767816604552,-18.920675604978797,-35.401991043767964,0.08079180121421814,-0.007240321487188339,-0.00026920412150625286,0.003879559426285937,-1.599698164004775,1
78.14,1,4.243414256071147,-1.557203031409231,-20.619616234257094,4.285609299483199,-1.4420059285264872,-19.019918070252317,-35.381380144031546,0.0807294175028801,-0.011230286210775375,-0.00026920412150625286,0.003879559426285937,-1.599698164004775,1
78.24,1,4.250996288288486,-1.5600543768674235,-20.655584333598192,4.293267975918001,-1.4446444998697963,-19.055886169593418,-35.4173230774869,0.08062227070331573,-0.018389899283647537,-0.00026920412150625286,0.003879559426285937,-1.599698164004775,1
78.34,1,4.258618107118375,-1.562932150220997,-20.70603552262723,4.300967161229982,-1.4473083781106282,-19.10633735862245,-35.50133324395977,0.08062227070331573,-0.018389899283647537,-0.00026920412150625286,0.003879559426285937,-1.599698164004775,1
78.44,1,4.266179533687011,-1.5658046026239958,-20.895500170895854,4.308605829276221,-1.4499686234075375,-19.295802006891076,-35.586140232960254,0.08052360266447067,-0.017033766955137253,-0.00026920412150625286,0.003879559426285937,-1.599698164004775,1
78.54,1,4.273709069500546,-1.5686881647426316,-20.994731365590074,4.316212929139357,-1.4526408643644133,-19.3950332015853,-35.71132843856189,0.08052360266447067,-0.017033766955137253,-0.00026920412150625286,0.003879559426285937,-1.599698164004775,1
78.64,1,4.281239882903247,-1.571590653989801,-21.088917513785137,4.323821834470511,-1.4553319894075483,-19.489219349780363,-35.77781586761388,0.08056441694498062,-0.014148343354463577,-0.00026920412150625286,0.003879559426285937,-1.599698164004775,1
78.74,1,4.288763598447127,-1.5745053339422497,-21.274255034413844,4.331423985029419,-1.4580354985512556,-19.674556870409063,-35.87988983498583,0.08051177859306335,-0.0170682854950428,-0.00026920412150625286,0.003879559426285937,-1.599698164004775,1
78.84,1,4.295969204821651,-1.5773120747411737,-21.393412333694922,4.338705137128522,-1.4606399910635606,-19.793714169690148,-35.95090421800419,0.0805337131023407,-0.018422897905111313,-0.00026920412150625286,0.003879559426285937,-1.599698164004775,1
78.94,1,4.303475792419111,-1.5802553028882431,-21.431747596544053,4.346290963378463,-1.4633725154257125,-19.832049432539282,-36.073186050785075,0.0805337131023407,-0.018422897905111313,-0.00026920412150625286,0.003879559426285937,-1.599698164004775,1
79.05,1,4.310948844650834,-1.5832082630123747,-21.55756885052476,4.353843539014169,-1.4661157041577761,-19.957870686519982,-36.15504790885694,0.08064896613359451,0.001559760421514511,-0.010269204121505981,0.0038795594262872077,-1.599698164004792,1
79.14,1,4.3084718572080085,-1.5861939490609105,-21.69218839655695,4.361446969092998,-1.4688902113486442,-20.092490232552162,-36.2354555097718,0.08062426745891571,0.0012092851102352142,-0.010269204121505981,0.0038795594262872077,-1.599698164004792,1
79.24,1,4.316000676460136,-1.5891861332728807,-21.763738856084014,4.369056385008843,-1.4716710520685052,-20.164040692079226,-36.252438219321945,0.08062104880809784,-0.001354701817035675,-0.010269204121505981,0.0038795594262872077,-1.599698164004792,1
79.34,1,4.323515540033962,-1.5921783570448855,-21.74946970220936,4.376651851789818,-1.4744523219249004,-20.14977153820457,-36.26501152172842,0.08077222108840942,0.0010135993361473083,-0.010269204121505981,0.0038795594262872077,-1.599698164004792,1
79.44,1,4.330982316868286,-1.59515861333864,-21.69289453491365,4.384198916483931,-1.4772229713745684,-20.093196370908853,-36.28182284365026,0.08078861236572266,0.009862583130598068,-0.010269204121505981,0.0038795594262872077,-1.599698164004792,1
79.54,1,4.3384982750199255,-1.5981641462549887,-21.776850550610533,4.391795848959154,-1.4800175146315875,-20.17715238660574,-36.28331422061346,0.08083408325910568,0.017999760806560516,-0.010269204121505981,0.0038795594262872077,-1.599698164004792,1
79.64,1,4.346038780582504,-1.6011727770427568,-21.778553312687166,4.399417405759593,-1.4828144692779943,-20.178855148682377,-36.251622248214204,0.08068591356277466,0.009766664355993271,-0.010269204121505981,0.0038795594262872077,-1.599698164004792,1
79.74,1,4.353585952472843,-1.604171354656688,-21.657425299430056,4.407045345641524,-1.4856011885689762,-20.057727135425274,-36.16820712092117,0.080500029027462,0.0019587166607379913,-0.010269204121505981,0.0038795594262872077,-1.599698164004792,1
79.85,1,4.361090481493965,-1.6071444685930483,-21.535104723172445,4.4146299484202665,-1.4883636445407789,-19.935406559167653,-36.141817292597,0.08051601052284241,0.006223816424608231,-0.010269204121505981,0.0038795594262872077,-1.599698164004792,1
79.94,1,4.368543202342882,-1.6100951478546197,-21.554048547659463,4.422162136923666,-1.4911051208776818,-19.95435038365467,-36.13019697190113,0.08090624958276749,0.011401969939470291,-0.010269204121505981,0.0038795594262872077,-1.599698164004792,1
80.04,1,4.3760341891417,-1.6130592013978111,-21.624959330228606,4.429732949824709,-1.4938588980372198,-20.025261166223817,-36.10275689119104,0.08079149574041367,0.00873580202460289,-0.010269204121505981,0.0038795594262872077,-1.599698164004792,1
80.14,1,4.383576897765603,-1.6160420876784367,-21.58997180998333,4.437355990134598,-1.4966300567086126,-19.990273645978533,-36.04328765429383,0.08119164407253265,0.006382647901773453,-0.010269204121505981,0.0038795594262872077,-1.599698164004792,1
80.25,1,4.391136467181387,-1.6190232125094386,-21.52296505860882,4.444995835491795,-1.4993989839247344,-19.923266894604026,-36.01573341294838,0.08080139756202698,-0.004911031574010849,-0.010269204121506113,0.013879559426284752,-1.5996981640047636,1
80.34,1,4.398706446424468,-1.612008002079017,-21.484069614186417,4.452646188925393,-1.5021712838465258,-19.884371450181654,-35.9939048331473,0.08084958791732788,-0.015020579099655151,-0.010269204121506113,0.013879559426284752,-1.5996981640047636,1
80.44,1,4.406203717059871,-1.6149683793674736,-21.576095205058905,4.460223180586272,-1.50492121076218,-19.97639704105415,-36.013599435818406,0.08084958791732788,-0.015020579099655151,-0.010269204121506113,0.013879559426284752,-1.5996981640047636,1
80.54,1,4.413763918508821,-1.6179661740784979,-21.72151563938195,4.467864123092895,-1.5077067837173668,-20.121817475377192,-36.11731831637693,0.0806998461484909,-0.030880633741617203,-0.010269204121506113,0.013879559426284752,-1.5996981640047636,1
80.64,1,4.4212044108666895,-1.6209365079564806,-21.958753717420933,4.4753846365567505,-1.5104682483856469,-20.359055553416173,-36.234320566257814,0.08048027753829956,-0.02908540889620781,-0.010269204121506113,0.013879559426284752,-1.5996981640047636,1
80.74,1,4.428402815156769,-1.6238429905004026,-22.04999160603091,4.4826613738060646,-1.5131726448258875,-20.45029344202615,-36.43131066882594,0.08073622733354568,-0.026339363306760788,-0.010269204121506113,0.013879559426284752,-1.5996981640047636,1
80.85,1,4.435690391019394,-1.6268202579316664,-22.206411016361425,4.490029223931685,-1.5159453092190602,-20.60671285235666,-36.553797618191005,0.08103306591510773,-0.005643632262945175,-0.010269204121506113,0.013879559426284752,-1.5996981640047636,1
80.94,1,4.443008715715602,-1.6298343171465421,-22.518476647185775,4.497428838000049,-1.5187538926607935,-20.91877848318101,-36.70792958687008,0.08092395961284637,0.0045395903289318085,-0.010269204121506113,0.013879559426284752,-1.5996981640047636,1
81.04,1,4.450476081299943,-1.6329239395797743,-22.57610240577008,4.504979544320636,-1.5216338491900472,-20.976404241765316,-36.75019913862005,0.0807647779583931,-0.006746303290128708,-0.010269204121506113,0.013879559426284752,-1.5996981640047636,1
81.14,1,4.45796892980083,-1.6360270717143583,-22.51710784035212,4.512556100767969,-1.5245265987648131,-20.917409676347358,-36.76487132272235,0.081053726375103,-0.020186904817819595,-0.010269204121506113,0.013879559426284752,-1.5996981640047636,1
81.24,1,4.465427149953243,-1.6391271490763222,-22.559298891846318,4.520097957084635,-1.5274172614554031,-20.959600727841554,-36.80168776581028,0.08124110102653503,-0.008594978600740433,-0.010269204121506113,0.013879559426284752,-1.5996981640047636,1
81.34,1,4.4702543847386265,-1.6411408167931867,-22.775174419868183,4.52497952481233,-1.5292953854840803,-21.17547625586341,-36.91279493405689,0.08124110102653503,-0.008594978600740433,-0.010269204121506113,0.013879559426284752,-1.5996981640047636,1
81.44,1,4.480381511068439,-1.6453903756540402,-22.831834319203885,4.5352213364865435,-1.533260575497406,-21.23213615519912,-36.96890957357604,0.08106444776058197,-0.019709017127752304,-0.00426244860872301,0.019990580568144893,-1.7996604345054052,1
81.54,1,4.4879801325858395,-1.6580931749856953,-23.088412537397673,4.542726711083196,-1.5361778957407624,-21.28875210289228,-37.07024973802468,0.08109695464372635,-0.02284635230898857,-0.00426244860872301,0.019990580568144893,-1.7996604345054052,1
81.64,1,4.4954330891752905,-1.6612829509201898,-23.20817523887532,4.550276165864157,-1.5391320394317023,-21.408514804369908,-37.14672496377552,0.08115695416927338,-0.00647219642996788,-0.00426244860872301,0.019990580568144893,-1.7996604345054052,1
81.74,1,4.502892718834586,-1.6644903590648328,-23.35139481065179,4.557832844160109,-1.5421035970689805,-21.551734376146385,-37.26370343644404,0.08115020394325256,0.0015848912298679352,-0.00426244860872301,0.019990580568144893,-1.7996604345054052,1
81.84,1,4.51027722969843,-1.6676747203125835,-23.33353636247886,4.565313716929213,-1.5450544782707407,-21.533875927973455,-37.29381222994679,0.08113861829042435,0.023250553756952286,-0.00426244860872301,0.019990580568144893,-1.7996604345054052,1
81.94,1,4.517741035954328,-1.6708961363215273,-23.330881349862782,4.572875009676318,-1.548039905697563,-21.53122091535737,-37.2682413125247,0.08102032542228699,0.01996247097849846,-0.00426244860872301,0.019990580568144893,-1.7996604345054052,1
82.04,1,4.525119869662919,-1.6740700721281285,-23.212888655115783,4.580349880681181,-1.5509805448906853,-21.413228220610378,-37.20418175449151,0.08089643716812134,0.02142307534813881,-0.00426244860872301,0.019990580568144893,-1.7996604345054052,1
82.14,1,4.532581438582548,-1.6772663114919024,-23.129660163957702,4.587908146527193,-1.5539408783539832,-21.329999729452297,-37.099657482645675,0.08089643716812134,0.02142307534813881,-0.00426244860872301,0.019990580568144893,-1.7996604345054052,1
82.24,1,4.539938456537937,-1.6804043319424322,-23.011047363578417,4.595360084623701,-1.5568463050265489,-21.21138692907301,-37.02541297621338,0.08091901242733002,0.01043243333697319,-0.00426244860872301,0.019990580568144893,-1.7996604345054052,1
82.34,1,4.547307845744299,-1.6835297980152615,-23.023045493129796,4.602823993600855,-1.5597387949968038,-21.22338505862439,-36.93575943671855,0.08091901242733002,0.01043243333697319,-0.00426244860872301,0.019990580568144893,-1.7996604345054052,1
82.44,1,4.554723866610859,-1.686664742849696,-22.8925194071527,4.610334808915924,-1.5626392945936154,-21.092858972647303,-36.90884709543644,0.08072151988744736,0.005411352962255478,-0.00426244860872301,0.019990580568144893,-1.7996604345054052,1
82.54,1,4.561830333644349,-1.6896636594220236,-22.821616038713586,4.617531951141245,-1.5654135545119312,-21.021955604208177,-36.87223463687314,0.08072151988744736,0.005411352962255478,-0.00426244860872301,0.019990580568144893,-1.7996604345054052,1
82.64,1,4.569284160206918,-1.6928025998495235,-22.77744160676356,4.625080678985476,-1.5683168604493052,-20.97778117225815,-36.843311584398236,0.08061834424734116,0.0067545510828495026,-0.0004012894659758894,0.0035688646931236094,-1.5996981640047865,1
82.75,1,4.589154835811326,-1.6974362661097118,-22.50010045368241,4.635253294669293,-1.5722184251386375,-20.900402289677622,-36.79782513114022,0.0806136280298233,0.010461520403623581,-0.0004012894659758894,0.0035688646931236094,-1.5996981640047865,1
82.84,1,4.5939681711184965,-1.6994318477186114,-22.56515940306812,4.640120463437397,-1.5740788581312062,-20.965461239063337,-36.782329600690126,0.08054998517036438,-0.0034762881696224213,-0.0004012894659758894,0.0035688646931236094,-1.5996981640047865,1
82.94,1,4.601454744172432,-1.7025300571922004,-22.408809754786002,4.647690609460718,-1.576966862151241,-20.809111590781214,-36.75205938091709,0.08076021075248718,-0.0020465031266212463,-0.0004012894659758894,0.0035688646931236094,-1.5996981640047865,1
83.04,1,4.608921732168068,-1.7056193245998645,-22.420454816359168,4.655240928428734,-1.5798464743342004,-20.820756652354376,-36.75996550358885,0.08086593449115753,0.00747232511639595,-0.0004012894659758894,0.0035688646931236094,-1.5996981640047865,1
83.14,1,4.616430488786312,-1.708725986097711,-22.521703379392807,4.662833485320448,-1.5827423077997687,-20.92200521538802,-36.76125854070345,0.08086593449115753,0.00747232511639595,-0.0004012894659758894,0.0035688646931236094,-1.5996981640047865,1
83.25,1,4.6238697878274975,-1.7118048100027323,-22.52950650079957,4.670355834580736,-1.5856122535254875,-20.92980833679479,-36.72594770978489,0.0810081735253334,0.01073053851723671,-0.0004012894659758894,0.0035688646931236094,-1.5996981640047865,1
83.34,1,4.6314005033428725,-1.7149133599477409,-22.41125384939396,4.677970394529962,-1.5885093616894608,-20.811555685389173,-36.65783487423714,0.08107196539640427,0.004713576287031174,-0.0004012894659758894,0.0035688646931236094,-1.5996981640047865,1
83.44,1,4.63895324383296,-1.7180270087687022,-22.281394873812104,4.685607113212056,-1.5914109518847581,-20.681696709807316,-36.61570647519046,0.08116485178470612,0.001034066081047058,-0.0004012894659758894,0.0035688646931236094,-1.5996981640047865,1
83.54,1,4.646468271361642,-1.7211214401795707,-22.338936632363122,4.69320559715053,-1.5942943849688032,-20.739238468358337,-36.579776737886675,0.08116785436868668,0.003625985234975815,-0.0004012894659758894,0.0035688646931236094,-1.5996981640047865,1
83.64,1,4.653940210711068,-1.724195789379104,-22.471417595698806,4.700760449080346,-1.5971589465339846,-20.87171943169401,-36.568939995683195,0.08118252456188202,0.006693489849567413,-0.0004012894659758894,0.0035688646931236094,-1.5996981640047865,1
83.74,1,4.661084370984587,-1.7271343551836795,-22.392452307557697,4.707983859102313,-1.5998969280270023,-20.79275414355291,-36.53958142743833,0.08118252456188202,0.006693489849567413,-0.0004012894659758894,0.0035688646931236094,-1.5996981640047865,1
83.85,1,4.668985132347598,-1.730381994805766,-22.281347489188988,4.715972203557561,-1.602922741321722,-20.68164932518421,-36.527298954652125,0.08097360283136368,-0.010674547404050827,-0.0004012894659777222,0.003568864693121661,-1.5996981640047647,1
83.94,1,4.676521493362428,-1.7334870035281789,-22.30972087089967,4.7235923079478885,-1.605816152041381,-20.710022706894915,-36.56970469713768,0.08093172311782837,-0.00288599357008934,-0.0004012894659777222,0.003568864693121661,-1.5996981640047647,1
84.04,1,4.6840222616606635,-1.7365837640232398,-22.49327213935723,4.731176603232861,-1.6087023113678784,-20.893573975352464,-36.60877131771175,0.08084505796432495,0.010660331696271896,-0.0004012894659777222,0.003568864693121661,-1.5996981640047647,1
84.14,1,4.691501180119452,-1.7396754557932868,-22.559905018172724,4.73873891569368,-1.6115840139130986,-20.96020685416796,-36.61776515335144,0.08065645396709442,-0.006315898150205612,-0.0004012894659777222,0.003568864693121661,-1.5996981640047647,1
84.24,1,4.698986502644236,-1.7427649356746515,-22.42302032801951,4.746307567976678,-1.6144633266533996,-20.82332216401475,-36.593492075961436,0.0807432010769844,-0.011795122176408768,-0.0004012894659777222,0.003568864693121661,-1.5996981640047647,1
84.34,1,4.706467408179563,-1.7458574685531323,-22.40652002591939,4.753871890220293,-1.6173458145072723,-20.806821861914635,-36.627657653402295,0.08069668710231781,0.002725224941968918,-0.0004012894659777222,0.003568864693121661,-1.5996981640047647,1
84.44,1,4.713924550886438,-1.7489533915437494,-22.495627701193076,4.761412553536363,-1.620232354524003,-20.895929537188316,-36.665887707431544,0.08086644858121872,-0.0005920864641666412,-0.0004012894659777222,0.003568864693121661,-1.5996981640047647,1
84.54,1,4.721394898516478,-1.7520489200281664,-22.58385993399296,4.76896640561596,-1.62311813155473,-20.984161769988205,-36.656818689455676,0.08086644858121872,-0.0005920864641666412,-0.0004012894659777222,0.003568864693121661,-1.5996981640047647,1
84.64,1,4.728873108517957,-1.7551452155501082,-22.576664804023924,4.776528138415636,-1.6260044558351467,-20.976966640019157,-36.65997642259303,0.08054667711257935,-0.007428530603647232,-0.0004012894659777222,0.003568864693121661,-1.5996981640047647,1
84.74,1,4.736357500423862,-1.7582519278517708,-22.526280913759713,4.78409634150912,-1.6289010202591223,-20.926582749754946,-36.672758474796765,0.0807681530714035,-0.014906693249940872,-0.0004012894659777222,0.003568864693121661,-1.5996981640047647,1
84.84,1,4.743856522894417,-1.7613729800975646,-22.550744397554517,4.791679569784396,-1.6318115106061135,-20.951046233549746,-36.69574336685484,0.08073770254850388,-0.005871567875146866,-0.0004012894659777222,0.003568864693121661,-1.5996981640047647,1
84.94,1,4.750569150076394,-1.764174044852963,-22.742028338921514,4.79846777636907,-1.6344240914779569,-21.14233017491675,-36.760185254483424,0.08085418492555618,0.003688368946313858,-0.0004012894659777222,0.003568864693121661,-1.5996981640047647,1
85.04,1,4.758789151210604,-1.7676161597420665,-22.81323937957842,4.806780665219729,-1.6376353922288673,-21.213541215573656,-36.77670098310146,0.08078436553478241,-0.00632689893245697,-0.0004012894659787183,0.003568864693117912,-1.599698164004717,1
85.14,1,4.766227139735588,-1.7707332684460393,-22.771534376309702,4.814302773247292,-1.64054364441736,-21.171836212304992,-36.76664147286393,0.08072859048843384,-0.009765807539224625,-0.0004012894659787183,0.003568864693117912,-1.599698164004717,1
85.24,1,4.77372740873693,-1.7738846054811472,-22.775642060510314,4.821888093009,-1.6434843729519177,-21.17594389650559,-36.79016659183987,0.08072859048843384,-0.009765807539224625,-0.0004012894659787183,0.003568864693117912,-1.599698164004717,1
85.34,1,4.781136758694722,-1.7770050129040975,-22.822093020998082,4.829381665719172,-1.6463967220586686,-21.222394856993365,-36.83752439026705,0.08074019104242325,0.004043396562337875,-0.0004012894659787183,0.003568864693117912,-1.599698164004717,1
85.44,1,4.788558830772281,-1.7801330689832078,-22.903060487977093,4.836888169113556,-1.6493163616851707,-21.30336232397238,-36.853656324164255,0.08074738085269928,-0.005021829158067703,-0.0004012894659787183,0.003568864693117912,-1.599698164004717,1
85.55,1,4.7959923223247936,-1.7832657224959274,-22.899156273307216,4.844406215875962,-1.6522402781631689,-21.299458109302503,-36.85553744260847,0.08070757985115051,-0.012241426855325699,-0.0004012894659787183,0.003568864693117912,-1.599698164004717,1
85.64,1,4.803488714545611,-1.786428951632608,-22.889931395527345,4.851987992352415,-1.6551930023901467,-21.290233231522624,-36.87785267630916,0.08080701529979706,-0.0026393644511699677,-0.0004012894659787183,0.003568864693117912,-1.599698164004717,1
85.74,1,4.8109221409764,-1.789573454453907,-22.90189250467196,4.859506304808193,-1.6581287653765624,-21.30219434066725,-36.9437678048028,0.08080701529979706,-0.0026393644511699677,-0.0004012894659787183,0.003568864693117912,-1.599698164004717,1
85.85,1,4.818299338141895,-1.7926975937788152,-22.980476779528853,4.866967841438395,-1.661045742520142,-21.380778615524136,-36.96778584807045,0.08036299049854279,-0.0033957138657569885,-0.0004012894659787183,0.003568864693117912,-1.599698164004717,1
85.94,1,4.825518356901173,-1.795768212842066,-23.133498302659476,4.874269767218925,-1.6639136360282858,-21.533800138654755,-37.0161530916098,0.0806291326880455,0.004425715655088425,-0.0004012894659787183,0.003568864693117912,-1.599698164004717,1
86.04,1,4.83247504643417,-1.7987276360799163,-22.897767754765525,4.881306361828699,-1.6666777003287174,-21.298069590760807,-37.03253317735597,0.07987502962350845,-0.026792585849761963,-0.0004012894659787183,0.003568864693117912,-1.599698164004717,1
86.14,1,4.839883597428936,-1.8018541006881321,-22.957959228400195,4.888799304981875,-1.6695961265641688,-21.358261064395474,-37.02454831474457,0.08043157309293747,-0.027266472578048706,-0.010401289465979477,0.008568864693115524,-1.5996981640046903,1
86.24,1,4.847111133876757,-1.8049128388905904,-22.944727329995615,4.896109413460741,-1.6724519060589733,-21.345029165990898,-37.1157601500959,0.0810507982969284,-0.04280475154519081,-0.010401289465979477,0.008568864693115524,-1.5996981640046903,1
86.35,1,4.8444023048047065,-1.803019019969734,-23.058548996692345,4.903484456052001,-1.6753533334963102,-21.458850832687656,-37.284239235484364,0.08129309862852097,-0.03547944501042366,-0.010401289465979477,0.008568864693115524,-1.5996981640046903,1
86.44,1,4.851514417208324,-1.806056616147467,-23.316682602969127,4.9106785952631435,-1.678191201426879,-21.716984438964438,-37.42691150537295,0.08111803233623505,-0.02423693984746933,-0.010401289465979477,0.008568864693115524,-1.5996981640046903,1
86.54,1,4.858546584366475,-1.8090950644598862,-23.59422030753694,4.917792844175021,-1.6810321529412968,-21.99452214353225,-37.619143533253485,0.08089177310466766,-0.011535894125699997,-0.010401289465979477,0.008568864693115524,-1.5996981640046903,1
86.64,1,4.865674283164432,-1.812221889738742,-23.73377104779681,4.925005054658744,-1.6839587800814335,-22.13407288379212,-37.740076901159426,0.0800202488899231,0.0262162946164608,-0.010401289465979477,0.008568864693115524,-1.5996981640046903,1
86.74,1,4.872996927880764,-1.8154524979498374,-23.752390212823666,4.932415032326051,-1.6869837075227474,-22.152692048818984,-37.80010179359334,0.0818992629647255,0.036540377885103226,-0.010401289465979477,0.008568864693115524,-1.5996981640046903,1
86.84,1,4.880290796000017,-1.8186659753851488,-23.751819919008117,4.939795766382488,-1.6899923142029998,-22.152121755003417,-37.70155569972126,0.08063475042581558,0.0144316665828228,-0.010401289465979477,0.008568864693115524,-1.5996981640046903,1
86.94,1,4.887460514722263,-1.8218049793662128,-23.61664168006192,4.947050320398933,-1.692929942254974,-22.01694351605725,-37.516188596636816,0.0806143656373024,0.012539666146039963,-0.010401289465979477,0.008568864693115524,-1.5996981640046903,1
87.04,1,4.894390627519689,-1.824830366232428,-23.547866837689106,4.9540621900963355,-1.6957606864013022,-21.94816867368442,-37.44610666307941,0.08141432702541351,0.028299693018198013,-0.010401289465979477,0.008568864693115524,-1.5996981640046903,1
87.14,1,4.902096971069927,-1.828192343358323,-23.552651055503105,4.961859384399172,-1.6989062200783038,-21.95295289149841,-37.34908937424903,0.08130641281604767,0.02962806448340416,-0.010401289465979477,0.008568864693115524,-1.5996981640046903,1
87.24,1,4.909280472030453,-1.8313192448218971,-23.5522970996272,4.969127377424046,-1.7018313655794968,-21.95259893562251,-37.25706022890569,0.0811462253332138,0.019144732505083084,-0.010401289465979477,0.008568864693115524,-1.5996981640046903,1
87.34,1,4.916483548676756,-1.8344495717305498,-23.402503847503077,4.976415034131314,-1.7047593887086012,-21.80280568349838,-37.092754902376896,0.0810278058052063,0.015844687819480896,0.006266059190854142,0.016221037972058355,-1.7996604345053655,1
87.45,1,4.9367004966140025,-1.8483515165329802,-23.46077908585833,4.986559077694615,-1.7088133652927098,-21.66111865135296,-37.00463366320219,0.08110145479440689,0.02068723365664482,0.006266059190854142,0.016221037972058355,-1.7996604345053655,1
87.54,1,4.941494385412537,-1.8504361612753542,-23.54339614589774,4.991416069815886,-1.7107464304878186,-21.74373571139237,-36.89433407656661,0.08096589148044586,0.02442159876227379,0.006266059190854142,0.016221037972058355,-1.7996604345053655,1
87.64,1,4.948903027890628,-1.8536459571087085,-23.44447584323296,4.998921861065208,-1.7137219758801092,-21.644815408727595,-36.807748956684684,0.08085526525974274,0.020023684948682785,0.006266059190854142,0.016221037972058355,-1.7996604345053655,1
87.74,1,4.956210314358631,-1.8568117463523541,-23.38371110140778,5.00632496427894,-1.7166567194579154,-21.584050666902414,-36.667919741463095,0.08076746016740799,0.027128856629133224,0.006266059190854142,0.016221037972058355,-1.7996604345053655,1
87.84,1,4.963448918529604,-1.859961546123033,-23.508426952506717,5.013658916926657,-1.719577638405856,-21.708766518001347,-36.58525421664468,0.08071975409984589,0.03473817929625511,0.006266059190854142,0.016221037972058355,-1.7996604345053655,1
87.94,1,4.970629356299016,-1.8630817471593242,-23.514635048984555,5.020933802320211,-1.722470799925359,-21.714974614479193,-36.36850719204943,0.08071975409984589,0.03473817929625511,0.006266059190854142,0.016221037972058355,-1.7996604345053655,1
88.04,1,4.977899083308344,-1.8662146692654662,-23.128777727222033,5.028298332414556,-1.7253738721261118,-21.329117292716656,-36.231686891277135,0.08089528977870941,0.03721689060330391,0.006266059190854142,0.016221037972058355,-1.7996604345053655,1
88.14,1,4.98513872815967,-1.8692958128978827,-22.837995000458424,5.035631169094581,-1.7282261361182751,-21.038334565953054,-36.0074298538218,0.08094895631074905,0.042032938450574875,0.006266059190854142,0.016221037972058355,-1.7996604345053655,1
88.24,1,4.992296149138403,-1.8722941103291568,-22.638216021654422,5.042879220687908,-1.7309981770006644,-20.838555587149056,-35.83888016554476,0.0808064192533493,0.041536301374435425,0.006266059190854142,0.016221037972058355,-1.7996604345053655,1
88.34,1,4.9994929099639425,-1.8752545265707405,-22.120491164947932,5.050165403070998,-1.7337311199169763,-20.32083073044256,-35.57941943899872,0.0808064192533493,0.041536301374435425,0.006266059190854142,0.016221037972058355,-1.7996604345053655,1
88.45,1,5.006468348785641,-1.878083501625592,-21.888761262588517,5.0572262447292555,-1.7363396370614959,-20.08910082808316,-35.39254614419382,0.08095969259738922,0.02723124250769615,0.006266059190854142,0.016221037972058355,-1.7996604345053655,1
88.54,1,5.013837788148166,-1.8810267754132763,-21.747368543438377,5.064684482119094,-1.7390500230384411,-19.947708108933007,-35.1941599231864,0.08091222494840622,0.016866210848093033,0.0062660591908524094,0.016221037972059742,-1.7996604345053688,1
88.65,1,5.023447087007647,-1.8848273718222979,-21.529753541153703,5.0744083982632295,-1.742546966340376,-19.730093106648326,-35.09138620746756,0.08104859292507172,0.01620962843298912,0.0062660591908524094,0.016221037972059742,-1.7996604345053688,1
88.74,1,5.028763396697454,-1.8869143194990683,-21.2960878198328,5.079787625913117,-1.7444659267918168,-19.496427385327426,-34.9944026065677,0.08112635463476181,0.018552929162979126,0.0062660591908524094,0.016221037972059742,-1.7996604345053688,1
88.84,1,5.03628719137753,-1.8898490758630557,-21.250077453235306,5.087399874995917,-1.747162952042963,-19.450417018729937,-34.93077530156768,0.08108513057231903,0.009100817143917084,0.0062660591908524094,0.016221037972059742,-1.7996604345053688,1
88.94,1,5.043759746042147,-1.8927518553711962,-21.296201762259948,5.094959905109678,-1.7498296253952126,-19.496541327754578,-34.85681230583023,0.08108267188072205,-0.0028137564659118652,0.0062660591908524094,0.016221037972059742,-1.7996604345053688,1
89.04,1,5.051232075220977,-1.895664704737209,-21.380795004909576,5.102520026091103,-1.7525063707196864,-19.581134570404206,-34.84632889216187,0.08113112300634384,-0.0006685815751552582,0.0062660591908524094,0.016221037972059742,-1.7996604345053688,1
89.14,1,5.058861718103109,-1.8986561684952141,-21.431504511925763,5.1102398520523415,-1.7552567512483603,-19.631844077420396,-34.851242414724965,0.0811387449502945,0.018587764352560043,0.0062660591908524094,0.016221037972059742,-1.7996604345053688,1
89.24,1,5.0664598091221595,-1.9016477192829844,-21.372107839549805,5.11792814444672,-1.75800820964494,-19.57244740504444,-34.844961697843345,0.08129967749118805,0.02198324352502823,0.0062660591908524094,0.016221037972059742,-1.7996604345053688,1
89.35,1,5.074070917465668,-1.9046125581892939,-21.187955312641378,5.125628608862476,-1.7607325605288553,-19.388294878136012,-34.731295732692935,0.081301249563694,0.01767750456929207,0.0062660591908524094,0.016221037972059742,-1.7996604345053688,1
89.44,1,5.081675129866446,-1.9075309814660406,-20.97061595928512,5.133320723061739,-1.763410735243826,-19.170955524779757,-34.626566609099854,0.08122606575489044,-0.006171111017465591,0.0062660591908524094,0.016221037972059742,-1.7996604345053688,1
89.54,1,5.089305042513585,-1.910433216289978,-20.731905108305224,5.141038016434928,-1.7660719223789896,-18.932244673799854,-34.53272754308724,0.08122606575489044,-0.006171111017465591,0.0062660591908524094,0.016221037972059742,-1.7996604345053688,1
89.64,1,5.096857478955194,-1.9133117119122474,-20.894514218797855,5.148677126292275,-1.7687118151494172,-19.094853784292482,-34.55825918716024,0.08135762810707092,0.00264580175280571,0.0062660591908524094,0.016221037972059742,-1.7996604345053688,1
89.74,1,5.104511483597153,-1.9162398172838668,-20.90883127493902,5.1564193122371185,-1.7713981034663917,-19.109170840433645,-34.59223811785865,0.08135762810707092,0.00264580175280571,0.016266059190850987,0.016221037972055874,-1.7996604345053302,1
89.84,1,5.1117113615011744,-1.9189762370917813,-20.724515543626623,5.163701575590035,-1.773907062544721,-18.924855109121253,-34.5710281376212,0.08137782663106918,-0.008359827101230621,0.016266059190850987,0.016221037972055874,-1.7996604345053302,1
89.94,1,5.129109680501174,-1.9217325737277386,-19.9765067803328,5.171182807641872,-1.776429696617079,-18.17684634582747,-34.52458862032848,0.08129957318305969,-0.04063316807150841,0.016266059190850987,0.016221037972055874,-1.7996604345053302,1
90.04,1,5.136608469128827,-1.9244061220780897,-19.627091292782527,5.178761859811881,-1.7788664280073163,-17.8274308582772,-34.522967977524445,0.08129957318305969,-0.04063316807150841,0.016266059190850987,0.016221037972055874,-1.7996604345053302,1
90.14,1,5.143542037960942,-1.926881996518623,-19.65188742792304,5.185769763066378,-1.7811233336257641,-17.852226993417716,-34.66900914634365,0.08127933740615845,-0.07173709571361542,0.016266059190850987,0.016221037972055874,-1.7996604345053302,1
90.24,1,5.150149563066263,-1.929260197166732,-20.04762584208034,5.192448715986907,-1.7832928529793215,-18.247965407575006,-34.86770032152713,0.08109422773122787,-0.09222598373889923,0.016266059190850987,0.016221037972055874,-1.7996604345053302,1
90.34,1,5.156635975231516,-1.9316720247160846,-20.706136280079207,5.1990076717540505,-1.785499786179492,-18.906475845573873,-35.21553589291472,0.08109422773122787,-0.09222598373889923,0.016266059190850987,0.016221037972055874,-1.7996604345053302,1
90.44,1,5.162955617440977,-1.934111087048282,-21.566307273728057,5.20540079512914,-1.7877391781118774,-19.766646839222723,-35.496829467030345,0.08120349794626236,-0.08262015879154205,0.016266059190850987,0.016221037972055874,-1.7996604345053302,1
90.54,1,5.169324053392532,-1.936653156365931,-21.843050032688783,5.21184592309607,-1.7900799938617162,-20.04338959818345,-35.921086538680484,0.08120349794626236,-0.08262015879154205,0.009307114289491384,-0.0022342763262108082,-1.5996981640046768,1
90.64,1,5.175408440182337,-1.9394238659987946,-21.6221749703389,5.218108899857526,-1.7923605715179063,-19.955893833542877,-36.172666600869334,0.08076952397823334,-0.12892559170722961,0.009307114289491384,-0.0022342763262108082,-1.5996981640046768,1
90.74,1,5.181527984783778,-1.941994100687175,-21.3368842909364,5.2243561183829215,-1.7946141807353684,-19.73718612693173,-36.61974361260641,0.08076952397823334,-0.12892559170722961,0.009307114289491384,-0.0022342763262108082,-1.5996981640046768,1
90.84,1,5.187323915930694,-1.9442561625935582,-21.41453808032906,5.230212939199263,-1.7967135596562338,-19.814839916324388,-36.99448865125277,0.08008596301078796,-0.09065966606140137,0.009307114289491384,-0.0022342763262108082,-1.5996981640046768,1
90.94,1,5.1929227309547175,-1.946490588610454,-22.293277473272084,5.235871949222541,-1.7987908162255255,-20.693579309267413,-37.63120917426956,0.07998905330896378,-0.1044490784406662,0.009307114289491384,-0.0022342763262108082,-1.5996981640046768,1
91.04,1,5.199280056611004,-1.9491350846096736,-22.767025167027498,5.24230062192423,-1.8012568080917937,-21.16732700302282,-37.96491424236097,0.07982921600341797,-0.07243369519710541,0.02633060145144216,0.01634037916450764,-1.7996604345053369,1
91.14,1,5.205572574142977,-1.951793405022097,-23.211853434372973,5.248664897687261,-1.8037384281911233,-21.612155270368294,-38.478951504143424,0.07991619408130646,-0.09694260358810425,0.02633060145144216,0.01634037916450764,-1.7996604345053369,1
91.24,1,5.222312139809007,-1.954186777906192,-23.553304613744867,5.255302683453897,-1.8063762423670309,-21.753644179239533,-38.77122130063234,0.07996319979429245,-0.12536519765853882,0.02633060145144216,0.01634037916450764,-1.7996604345053369,1
91.34,1,5.228504134394776,-1.9569192231894372,-24.179501227013642,5.261577435811239,-1.8089128812909179,-22.379840792508304,-39.31809294803981,0.07999672740697861,-0.15637487173080444,0.02633060145144216,0.01634037916450764,-1.7996604345053369,1
91.44,1,5.234356820834664,-1.9595932042936788,-24.948241466743095,5.267511211329704,-1.8114017407899556,-23.148581032237768,-39.77567841177402,0.08000563830137253,-0.16927099227905273,0.02633060145144216,0.01634037916450764,-1.7996604345053369,1
91.54,1,5.2398171440327115,-1.9621893677790225,-26.005192022959434,5.27305037329135,-1.8138251431569608,-24.2055315884541,-40.56486851510944,0.08000553399324417,-0.1632322371006012,0.02633060145144216,0.01634037916450764,-1.7996604345053369,1
91.64,1,5.245059702090047,-1.9647969721563483,-26.933189697206842,5.278372236825033,-1.8162668196511025,-25.133529262701515,-41.123792211520716,0.08000553399324417,-0.1632322371006012,0.0363306014514399,0.01634037916450537,-1.799660434505306,1
91.74,1,5.250244584800299,-1.9674736966950501,-27.730160353693243,5.2836386241674935,-1.8187793934976446,-25.93049991918791,-41.93703738400656,0.08000082522630692,-0.15325497090816498,0.0363306014514399,0.01634037916450537,-1.799660434505306,1
91.84,1,5.265383164217604,-1.9702104146074877,-28.268569264588713,5.288860615138301,-1.8213533852732784,-26.468908830083414,-42.46992404911038,0.07999992370605469,-0.21325497090816498,0.0363306014514399,0.01634037916450537,-1.799660434505306,1
91.94,1,5.2704971770476705,-1.9729778933871103,-28.677902631073596,5.2940590176793965,-1.8239588942528215,-26.878242196568287,-43.26562838404184,0.07999972999095917,-0.29264870285987854,0.0363306014514399,0.01634037916450537,-1.799660434505306,1
92.04,1,5.275274059020748,-1.9756617900772269,-30.12048462859098,5.298917830772706,-1.8264914499091107,-28.320824194085684,-43.92746515106557,0.07999980449676514,-0.265216201543808,0.0363306014514399,0.01634037916450537,-1.799660434505306,1
92.15,1,5.279521757035209,-1.9782023818397778,-31.709664216115428,5.3032432204615665,-1.828897390258642,-29.910003781610126,-45.09073921954612,0.07999980449676514,-0.265216201543808,0.0363306014514399,0.01634037916450537,-1.799660434505306,1
92.24,1,5.283689270603657,-1.9808495888169355,-33.26173801053501,5.3074918134889435,-1.8314124114137873,-31.462077576029703,-45.87813524048652,0.07999998331069946,-0.22062700986862183,0.029138594661311735,-0.0024174216984461394,-1.5996981640046488,1
92.34,1,5.287576418146709,-1.983884331582856,-34.353431079253305,5.31163535331349,-1.8340094149058377,-32.700331295923995,-47.04476489243998,0.08000000566244125,-0.1635899543762207,0.03913859466131151,-0.0024174216984458206,-1.5996981640046324,1
92.44,1,5.2917241688674785,-1.9869149564434703,-35.17297257481175,5.315934518145467,-1.8368118003871365,-33.5732744108071,-47.740995761353744,0.08000001311302185,-0.2038840353488922,0.03913859466131151,-0.0024174216984458206,-1.5996981640046324,1
92.54,1,5.3061267354751855,-1.990046741307159,-35.753297736774954,5.320422796979805,-1.8398194609851728,-34.15359957277032,-48.61935141264214,0.08000000566244125,-0.22521933913230896,0.03913859466131151,-0.0024174216984458206,-1.5996981640046324,1
92.64,1,5.310677165560542,-1.9933922673899431,-36.94157424470155,5.325064848543336,-1.8430366516872956,-35.34187608069693,-49.22837680000097,0.07987166941165924,-0.1935453563928604,0.029138594661311686,0.007582578301554967,-1.5996981640046362,1
92.74,1,5.307422590239011,-1.9891715003391477,-38.11565765442596,5.3292916383120925,-1.846093462045422,-36.51595949042132,-50.21914859780407,0.07977192848920822,-0.16196328401565552,0.0464427275790035,0.016393415852506078,-1.7996604345053075,1
92.84,1,5.309118410754356,-1.9899917762346708,-38.995116756104665,5.333687038212975,-1.849397939506164,-37.395418592100036,-50.8572784887936,0.079936183989048,-0.20215874910354614,0.0464427275790035,0.016393415852506078,-1.7996604345053075,1
92.94,1,5.322310290671113,-2.001966279967648,-39.55839987292278,5.336651477136903,-1.8516763800867575,-37.75873943841747,-51.44142645756313,0.079936183989048,-0.20215874910354614,0.0464427275790035,0.016393415852506078,-1.7996604345053075,1
93.04,1,5.3279341501149355,-2.0067029132193275,-40.76569898012632,5.342421315780333,-1.8562340605970147,-38.96603854562102,-52.35308881659366,0.0799727588891983,-0.1518336534500122,0.029099713977819748,0.00756334607267965,-1.599698164004644,1
93.14,1,5.324928883215328,-2.0036210300015513,-41.66001235402701,5.347215356381664,-1.860181290755309,-40.00942775959098,-53.170798578348574,0.08000875264406204,-0.07270945608615875,0.029099713977819748,0.00756334607267965,-1.599698164004644,1
93.24,1,5.326840607592161,-2.0052341129455593,-42.102050550200254,5.351866167428606,-1.8641192861072462,-40.5023523861956,-53.649673091403564,0.0800061747431755,-0.05599162355065346,0.029099713977819748,0.00756334607267965,-1.599698164004644,1
93.34,1,5.332006326066767,-2.009930924009095,-42.67072152360488,5.3571609905554025,-1.8686700585231542,-41.071023359600254,-54.11058084056111,0.0800061747431755,-0.05599162355065346,0.029099713977819748,0.00756334607267965,-1.599698164004644,1
93.44,1,5.337140074586785,-2.0146840767191017,-42.920612415406296,5.362425429041916,-1.8732780431122287,-41.32091425140166,-54.33384182621181,0.07938137650489807,0.07399334833025932,0.03909971397781953,0.007563346072680174,-1.5996981640046521,1
93.54,1,5.342816908832293,-2.0199755799032855,-42.97620456137506,5.368247770385343,-1.8784090073763617,-41.37650639737042,-54.355810776017236,0.07958417385816574,0.17242526024580002,0.03909971397781953,0.007563346072680174,-1.5996981640046521,1
93.64,1,5.357967868801835,-2.024759842772879,-42.769075706588026,5.373530282096239,-1.883047609518975,-41.16937754258338,-54.05825412974975,0.08005739003419876,0.1967717707157135,0.03909971397781953,0.007563346072680174,-1.5996981640046521,1
93.74,1,5.362347464065427,-2.0287668107198664,-42.06823791537594,5.378020030476437,-1.8869307533849125,-40.468539751371274,-53.35914021948521,0.08231411129236221,0.2567717707157135,0.03909971397781953,0.007563346072680174,-1.5996981640046521,1
93.84,1,5.366491521791618,-2.0324549112953423,-41.14485046389874,5.382265431496735,-1.8905017295077213,-39.54515229989408,-52.79481913710996,0.08231411129236221,0.29530397057533264,0.03909971397781953,0.007563346072680174,-1.5996981640046521,1
93.94,1,5.370306679140828,-2.0357391421110034,-40.21422664483896,5.386170785746235,-1.89367817497958,-38.6145284808343,-51.76956663976628,0.08094014972448349,0.38,0.04417240419421459,0.055504605936894796,-1.999622705005976,1
94.04,1,5.373901849249649,-2.0387336129553066,-39.31291555967377,5.389848149445339,-1.8965711146563204,-37.71321739566911,-50.999609215716184,0.08034660667181015,0.38,0.04417240419421459,0.055504605936894796,-1.999622705005976,1
94.14,1,5.367699506523631,-2.0305483629983963,-38.910973095165275,5.393073847099396,-1.899029298924085,-36.91135039015933,-49.71865327435004,0.07988056540489197,0.38,0.04417240419421459,0.055504605936894796,-1.999622705005976,1
94.24,1,5.371134157527156,-2.0332696038743228,-37.822342419729836,5.396601358624001,-1.901629037731084,-35.82271971472386,-48.8520677285119,0.07988056540489197,0.38,0.04417240419421265,0.04550460593689279,-1.9996227050059556,1
94.34,1,5.374449264628341,-2.042896901225574,-36.848925354063965,5.400002817007646,-1.9040444273860084,-34.84930264905799,-47.56159831230977,0.07991216331720352,0.38,0.044172404194213546,0.04550460593689298,-1.999622705005953,1
94.44,1,5.377790812079401,-2.0482676227016,-35.923080604842355,5.403428355101274,-1.9063917429628847,-33.9234578998364,-46.70330240388826,0.07996905595064163,0.37979447841644287,0.044172404194213546,0.04550460593689298,-1.999622705005953,1
94.54,1,5.381192745797802,-2.0506944670658345,-35.03262101511606,5.406912896911064,-1.9086984061304133,-33.032998310110095,-45.41361253146074,0.08008924126625061,0.3796654939651489,0.04417240419421076,0.045504605936889986,-1.999622705005929,1
94.64,1,5.384607358237518,-2.0530516606401275,-34.177926808087676,5.410407679402408,-1.9109350185238205,-32.17830410308172,-44.55357260787335,0.08008924126625061,0.3796654939651489,0.04417240419421076,0.045504605936889986,-1.999622705005929,1
94.74,1,5.388066558382699,-2.055365100532976,-33.32458279537649,5.413945495754324,-1.9131263480842413,-31.324960090370567,-43.266095301530726,0.08062084764242172,0.3799189031124115,0.04417240419421076,0.045504605936889986,-1.999622705005929,1
94.84,1,5.391538603970914,-2.0576126152590906,-32.409001863936105,5.417493849405841,-1.9152513444076507,-30.409379158930186,-42.409626196011885,0.08084714412689209,0.3799905776977539,0.04417240419421076,0.045504605936889986,-1.999622705005929,1
94.94,1,5.395086923376426,-2.0598313599527502,-31.5511196306792,5.4211174265579185,-1.9173449268020455,-29.55149692567327,-41.11528764681314,0.08117187023162842,0.38,0.0441724041942107,0.05550460593688721,-1.9996227050059068,1
95.04,1,5.398665491379093,-2.061995672036038,-30.729898147039613,5.424769334574991,-1.9193830542706847,-28.730275442033673,-40.25193853634316,0.08141312748193741,0.38,0.0441724041942107,0.05550460593688721,-1.9996227050059068,1
95.14,1,5.40226825201985,-2.054101821267046,-29.856543532623824,5.428443391026709,-1.9213622101532364,-27.856920827617916,-38.95676777033913,0.08168844878673553,0.38,0.0441724041942107,0.05550460593688721,-1.9996227050059068,1
95.24,1,5.405896722103512,-2.056147757089557,-28.920258260132456,5.4321410402443595,-1.9232802922164125,-26.920635555126555,-38.09238541398549,0.08182822167873383,0.38,0.0441724041942107,0.05550460593688721,-1.9996227050059068,1
95.34,1,5.409596356789074,-2.058157596373794,-28.014902446094172,5.435908551215243,-1.9251598165816037,-26.015279741088264,-36.78978574515091,0.08182822167873383,0.38,0.034172404194210734,0.0655046059368887,-1.9996227050059172,1
95.44,1,5.413316622210241,-2.060104369766661,-27.143700092146215,5.439694479805956,-1.926975593592451,-25.144077387140307,-35.92264520648984,0.0809410810470581,0.38,0.034172404194210734,0.0655046059368887,-1.9996227050059172,1
95.54,1,5.407086429497827,-2.052002579428191,-26.269669391248122,5.443528225564726,-1.928741107784349,-24.270046686242203,-34.616575292595215,0.0809410810470581,0.38,0.034172404194210734,0.0655046059368887,-1.9996227050059172,1
101.85,2,5.421421019338643,-2.049100178134189,-23.040645419378965,5.458295120178931,-1.9348791665817096,-21.24098498487372,-30.662792521797087,0.0,0.0,0.026582784176749866,0.056241462710919905,-1.7996604345052447,1
101.95,2,5.421422158161729,-2.0491009042429216,-23.03046678473609,5.458296281243613,-1.9348798565677354,-21.23080635023083,-30.662792521797087,-0.01,0.005489463917911053,0.026582784176749866,0.056241462710919905,-1.7996604345052447,1
102.05,2,5.4214213604871855,-2.049100565232454,-23.03856233937657,5.4582954733159585,-1.9348795427753234,-21.238901904871327,-30.662771550889268,-0.03,0.0016937009058892727,0.026582784176749866,0.056241462710919905,-1.7996604345052447,1
102.15,2,5.420605919691592,-2.0487541876708026,-22.988450362320023,5.457469556809055,-1.9345589448496328,-21.18878992781477,-30.63793482270324,-0.05,0.06169370090588927,0.026582784176749866,0.056241462710919905,-1.7996604345052447,1
102.25,2,5.416430192051522,-2.046985114908875,-22.826373223402765,5.45324033142222,-1.9329218827285153,-21.026712788897527,-30.6385888629388,-0.06285251677036285,0.004669411573559046,0.026582784176749866,0.056241462710919905,-1.7996604345052447,1
102.35,2,5.411114390048727,-2.0447503114603913,-22.84001227979809,5.447856967822742,-1.9308551234919105,-21.040351845292847,-30.35002310508824,-0.06154918298125267,0.00524419080466032,0.026582784176749866,0.056241462710919905,-1.7996604345052447,1
102.45,2,5.405649160943243,-2.042443128380768,-22.90172622717327,5.4423219777556096,-1.928720713059247,-21.102065792668025,-30.321313146308267,-0.06040533259510994,-0.051230646669864655,0.026582784176749866,0.056241462710919905,-1.7996604345052447,1
102.55,2,5.4001237114747624,-2.0401135535976387,-22.792852442753592,5.436726093821619,-1.926565813178454,-20.993192008248343,-30.36295609646573,-0.0599454902112484,-0.05099888890981674,0.026582784176749866,0.056241462710919905,-1.7996604345052447,1
102.65,2,5.394557999927199,-2.037759817615205,-23.047452417363864,5.4310892088894684,-1.9243880284399222,-21.247791982858622,-30.555778833899517,-0.05984887108206749,-0.04117982089519501,0.026582784176749866,0.056241462710919905,-1.7996604345052447,1
102.75,2,5.389331705013979,-2.03552758376155,-23.194108801847356,5.425795388927584,-1.9223210265752637,-21.394448367342104,-30.848756752787672,-0.059896741062402725,-0.02286902442574501,0.026582784176749866,0.056241462710919905,-1.7996604345052447,1
102.85,2,5.383585983052292,-2.033059555112387,-23.214701412560707,5.419974993029682,-1.9200346587426977,-21.41504097805547,-30.993737741907438,-0.059957366436719894,-0.013239122927188873,0.026582784176749866,0.056241462710919905,-1.7996604345052447,1
102.95,2,5.377983759973232,-2.030654664879779,-23.325976911623023,5.414300008084667,-1.9178068916246438,-21.526316477117785,-31.117322336926545,-0.05999289080500603,0.0014553408836945891,0.026582784176749866,0.056241462710919905,-1.7996604345052447,1
103.05,2,5.372750233414021,-2.0284024058201133,-23.271350955847165,5.408998331155526,-1.91572010154013,-21.471690521341927,-31.152026649746563,-0.06000528112053871,0.005796144716441631,0.026582784176749866,0.056241462710919905,-1.7996604345052447,1
103.15,2,5.367406742525071,-2.0260788905759592,-23.675379343149334,5.403584506348184,-1.913565543830172,-21.875718908644096,-31.153026902887575,-0.060005929321050644,0.002228911966085434,0.026582784176749866,0.056241462710919905,-1.7996604345052447,1
103.25,2,5.361962915626764,-2.0236781225592373,-23.857958535694554,5.398067968911962,-1.9113369224887118,-22.058298101189312,-31.130159285416855,-0.06000330671668053,0.004909648559987545,0.026582784176749866,0.056241462710919905,-1.7996604345052447,1
103.35,2,5.35675125902694,-2.02136426735382,-24.02607820264784,5.392786216737954,-1.9091878798184843,-22.226417768142596,-31.14288657471547,-0.05992477014660835,0.0015977639704942703,0.026582784176749866,0.056241462710919905,-1.7996604345052447,1
103.45,2,5.351347392138994,-2.018966370359943,-23.721952971811465,5.387309709765677,-1.9069608731461756,-21.92229253730623,-31.13686752375815,-0.05998295173048973,0.06159776397049427,0.026582784176749866,0.056241462710919905,-1.7996604345052447,1
103.55,2,5.345794664597208,-2.0165325207830045,-23.47938553061017,5.381683286480644,-1.9047026065688848,-21.679725096104928,-31.042448354462927,-0.05998827889561653,0.11163018643856049,0.026582784176749866,0.056241462710919905,-1.7996604345052447,1
103.65,2,5.340125384050394,-2.014110280524393,-22.767650072223997,5.375940732269493,-1.9024596039115296,-20.967989637718752,-30.75775037188031,-0.06000137701630592,0.12087798118591309,0.026582784176749866,0.056241462710919905,-1.7996604345052447,1
103.75,2,5.334532991272042,-2.011801332048566,-22.151885950460123,5.370278585811439,-1.9003274225076738,-20.35222551595488,-30.058103124597377,-0.06000204011797905,0.09634437412023544,0.026582784176749866,0.056241462710919905,-1.7996604345052447,1
103.85,2,5.330649061052534,-2.010242444778668,-21.617182329531836,5.366347614755865,-1.8988912783538747,-19.817521895026594,-29.57446189780038,-0.060001861304044724,0.05987100675702095,0.026582784176749866,0.056241462710919905,-1.7996604345052447,1
103.95,2,5.325227928915386,-2.008091873197711,-21.68605340526986,5.360861618264432,-1.8969120173126726,-19.88639297076461,-28.957351764693758,-0.060000766068696976,0.035743121057748795,0.02402212825780195,0.07523000136924848,-1.9996227050058821,1
104.05,2,5.3086292289432455,-2.004853222310625,-21.803418501202547,5.353969243707509,-1.8944212212397495,-19.803795796196663,-28.728267718580817,-0.06000017747282982,0.022564951330423355,0.02402212825780195,0.07523000136924848,-1.9996227050058821,1
104.15,2,5.303062486493752,-2.0026316042248737,-21.6961015365892,5.348328372355383,-1.8923951958680634,-19.696478831583317,-28.488714632178894,-0.05999993160367012,0.014584998600184917,0.02402212825780195,0.07523000136924848,-1.9996227050058821,1
104.25,2,5.2974443355971035,-2.000408233331817,-21.433633933815617,5.342636062700372,-1.890369212547043,-19.434011228809734,-28.389107625053047,-0.05999990180134773,0.009654739871621132,0.02402212825780195,0.07523000136924848,-1.9996227050058821,1
104.35,2,5.291707138702121,-1.9981692898530168,-21.216057223119478,5.336824236166352,-1.8883318199850796,-19.21643451811359,-28.271712849012452,-0.05999993905425072,-0.02191179059445858,0.02402212825780195,0.07523000136924848,-1.9996227050058821,1
104.45,2,5.285863091753164,-1.995901213238976,-21.181315474982195,5.330904608103943,-1.8862690403382236,-19.181692769976316,-28.221194953186856,-0.0599999763071537,-0.04533098638057709,0.02402212825780195,0.07523000136924848,-1.9996227050058821,1
104.55,2,5.280274080037041,-1.9937235468268202,-21.41620800232496,5.325243014647948,-1.8842877169157024,-19.416585297319077,-28.327657732957814,-0.05999999865889549,-0.06410251557826996,0.02402212825780195,0.07523000136924848,-1.9996227050058821,1
104.65,2,5.2748149565483295,-1.9915666844532176,-21.767987347293186,5.319711956238376,-1.8823226526842916,-19.76836464228731,-28.491788464480884,-0.059810515493154526,-0.07601321488618851,0.02402212825780195,0.07523000136924848,-1.9996227050058821,1
104.75,2,5.269437856285051,-1.9893533785795177,-22.991318889218167,5.314260901628463,-1.8802983172941796,-20.99169618421229,-28.867694638825974,-0.05995766445994377,-0.06350821256637573,0.02402212825780195,0.07523000136924848,-1.9996227050058821,1
104.85,2,5.2642310183180046,-1.9871129134102181,-23.64079290426453,5.308979057967707,-1.8782408981989918,-21.641170199258646,-29.2072664850052,-0.059971582144498825,-0.05384582281112671,0.02402212825780195,0.07523000136924848,-1.9996227050058821,1
104.95,2,5.258957549348713,-1.9847795954538794,-24.09620046742689,5.303627383974732,-1.8760930078087787,-22.096577762421017,-29.67395413925218,-0.06000395491719246,-0.03293955698609352,0.026644369078636713,0.05643814598988922,-1.7996604345052034,1
105.05,2,5.263334035820479,-1.9828847149255122,-23.938789022424107,5.298151250171592,-1.8738595804163551,-22.13912858791891,-29.903786114261273,-0.060005318373441696,-0.027939407154917717,0.026644369078636713,0.05643814598988922,-1.7996604345052034,1
105.15,2,5.2580760503431305,-1.9805510215343987,-23.8101443355492,5.2928225689569794,-1.871692164296462,-22.010483901043997,-30.068676757331588,-0.06000466272234917,-0.056622281670570374,0.026644369078636713,0.05643814598988922,-1.7996604345052034,1
105.25,2,5.252570871508651,-1.9781516645562813,-23.25389305545509,5.287244754160079,-1.8694668800450671,-21.454232620949895,-30.162966802702773,-0.06000187620520592,-0.062006112188100815,0.026644369078636713,0.05643814598988922,-1.7996604345052034,1
105.35,2,5.248898251862756,-1.9765817277305266,-23.130726648040348,5.283524642438954,-1.8680130556118473,-21.331066213535152,-30.44985576017068,-0.06000039353966713,-0.08259137719869614,0.026644369078636713,0.05643814598988922,-1.7996604345052034,1
105.45,2,5.241546847296914,-1.973361586331712,-24.142127433126827,5.2760757359682975,-1.8650253722098658,-22.342466998621624,-30.656550137686942,-0.05999980494379997,-0.06406761705875397,0.026644369078636713,0.05643814598988922,-1.7996604345052034,1
105.55,2,5.236210451048149,-1.9709344827748703,-24.762132889685606,5.2706657491277715,-1.8627670544765098,-22.962472455180404,-31.05803431839843,-0.05999976024031639,-0.047624677419662476,0.026644369078636713,0.05643814598988922,-1.7996604345052034,1
105.65,2,5.232343416866364,-1.9691329834200888,-25.213191829443495,5.266744046583281,-1.861087887289802,-23.41353139493829,-31.30171428067712,-0.05999985709786415,-0.010161113925278187,0.026644369078636713,0.05643814598988922,-1.7996604345052034,1
105.75,2,5.225096577719621,-1.96566538352075,-25.96188247279993,5.259391882560973,-1.8578495835872846,-24.16222203829472,-31.570386366347492,-0.05999995395541191,0.0018594423308968544,0.026644369078636713,0.05643814598988922,-1.7996604345052034,1
105.85,2,5.22161864842138,-1.9639633300540413,-26.151683085335442,5.255862216054437,-1.8562575934617707,-24.352022650830232,-31.66527038754333,-0.05999999865889549,0.008843276649713516,0.026644369078636713,0.05643814598988922,-1.7996604345052034,1
105.95,2,5.214557769016289,-1.9605159473697558,-25.762203301911015,5.248696554966801,-1.8530336569670047,-23.962542867405805,-31.672583171090604,-0.060000013560056686,0.02321876585483551,0.05878592203183408,0.10213267863826642,-2.399547246007178,1
106.05,2,5.211054608164177,-1.9588385399317578,-25.397623675456256,5.245142443356422,-1.8514670931062591,-23.597963240951056,-31.613022228505343,-0.060000013560056686,0.0159519724547863,0.05878592203183408,0.10213267863826642,-2.399547246007178,1
106.15,2,5.214418276804427,-1.9637263396273388,-25.815186949531654,5.237604581807233,-1.84819282153113,-23.415639703524477,-31.485342078877213,-0.06000000610947609,0.00275452621281147,0.05878592203183408,0.10213267863826642,-2.399547246007178,1
106.25,2,5.208873164091369,-1.9610620930161933,-25.531060010451288,5.2319527852314245,-1.8457630724759397,-23.131512764444114,-31.418878683124255,-0.05999999865889549,0.03089008666574955,0.05878592203183408,0.10213267863826642,-2.399547246007178,1
106.35,2,5.203151065481983,-1.9583325942161613,-25.55012233668605,5.226121425984536,-1.8432755384503139,-23.15057509067888,-31.363337828606245,-0.05999999865889549,0.06469707936048508,0.05878592203183408,0.10213267863826642,-2.399547246007178,1
106.45,2,5.197410441911585,-1.955579186603129,-25.72117584453523,5.220270557011634,-1.8407648921744635,-23.32162859852805,-31.230204580539205,-0.05999999865889549,0.11534485220909119,0.05878592203183408,0.10213267863826642,-2.399547246007178,1
106.55,2,5.192223611639973,-1.9530748014737995,-25.810289898015064,5.214983421763175,-1.8384798639455295,-23.410742652007883,-30.843640845148887,-0.05999999865889549,0.15650999546051025,0.05878592203183408,0.10213267863826642,-2.399547246007178,1
106.65,2,5.186933037357982,-1.950507975475673,-25.705154367344974,5.209590019211914,-1.8361367931275727,-23.30560712133779,-30.41611007872096,-0.05999999865889549,0.16113533079624176,0.05878592203183408,0.10213267863826642,-2.399547246007178,1
106.75,2,5.182301897822683,-1.9483005987960846,-25.232755987752,5.204870522526522,-1.8341252473941687,-22.83320874174482,-29.556787364495154,-0.05999999865889549,0.22113533079624176,0.05878592203183408,0.10213267863826642,-2.399547246007178,1
106.85,2,5.177476301272907,-1.9460765281867183,-24.054852269433155,5.199956040396731,-1.832105163848218,-21.655305023425978,-28.93427719448876,-0.059868913143873215,0.21943612396717072,0.05878592203183408,0.10213267863826642,-2.399547246007178,1
106.95,2,5.173554427946975,-1.9443849622853475,-22.605618801463617,5.195966783849563,-1.8305792812235644,-20.20607155545644,-27.762979873776022,-0.05997070297598839,0.1444361239671707,0.05878592203183408,0.10213267863826642,-2.399547246007178,1
107.05,2,5.167405945701987,-1.9410246188040363,-20.953836300198457,5.191686736792245,-1.8290649739143061,-18.62901320863025,-26.905440161987983,-0.05998033657670021,0.05885149911046028,0.03417701206660028,0.07537975782783875,-1.9996227050058224,1
107.15,2,5.153533142579793,-1.9318043414677455,-18.853537769914407,5.186275238988055,-1.8273325764478177,-16.85391506490859,-25.995120263057647,-0.06000274047255516,0.05938247591257095,0.03417701206660028,0.07537975782783875,-1.9996227050058224,1
107.25,2,5.148044762783625,-1.9299761396643798,-17.809669212513025,5.180726410012021,-1.825696993488897,-15.810046507507206,-25.62236928850604,-0.05951094999909401,-0.015617524087429044,0.04866439747620909,0.11207174301570207,-2.3995472460071503,1
107.35,2,5.142729692041082,-1.9271576344006731,-16.497579098991224,5.1749765826258125,-1.8241642054055192,-14.098031852984075,-25.203242286257762,-0.05989311262965202,-0.07277823984622955,0.04866439747620909,0.11207174301570207,-2.3995472460071503,1
107.45,2,5.137134724944125,-1.9255064716109982,-16.550677539917345,5.169317390929266,-1.8227487391516755,-14.151130293910196,-25.193546474557266,-0.05992738530039787,-0.13277823984622955,0.053664397476206924,0.11207174301569954,-2.399547246007127,1
107.55,2,5.13644229461712,-1.923768194805012,-17.59905046076571,5.163557174193629,-1.8212503158334787,-15.199503214758574,-25.54931663029761,-0.06001054868102074,-0.11914729326963425,0.053664397476206924,0.11207174301569954,-2.399547246007127,1
107.65,2,5.1309293072535915,-1.921944278234792,-19.136100987718407,5.157972657533898,-1.8196588149686574,-16.73655374171128,-26.016097517843797,-0.06001369282603264,-0.11987578123807907,0.053664397476206924,0.11207174301569954,-2.399547246007127,1
107.75,2,5.1253959986749615,-1.9199318835025512,-20.852092655280458,5.152359946319308,-1.8178798520105524,-18.452545409273327,-26.804376161215455,-0.05942660942673683,-0.11501064151525497,0.053664397476206924,0.11207174301569954,-2.399547246007127,1
107.85,2,5.123728637237127,-1.9219135669837493,-22.32282078501131,5.146696689836318,-1.8159107538539994,-20.00250086474744,-27.34748428315012,-0.05987396463751793,-0.08918564021587372,0.059250157890857365,0.06556923369138018,-1.9996227050057676,1
107.95,2,5.131524429443106,-1.9326619118604795,-23.314100358242463,5.143031346967614,-1.8145349917381879,-21.226172714831858,-28.119847706998595,-0.059342171996831894,-0.0721590518951416,0.059250157890857365,0.06556923369138018,-1.9996227050057676,1
108.05,2,5.128511106204017,-1.9241087001644808,-23.75564802386467,5.135599720753522,-1.8115850382364347,-21.756025318858903,-28.543284793658025,-0.05988408997654915,-0.09526480734348297,0.059250157890857365,0.06556923369138018,-1.9996227050057676,1
108.15,2,5.12502285174989,-1.922566154703346,-24.06540661578438,5.132059766539485,-1.8101651474663654,-22.06578391077862,-29.048406773381732,-0.05952860787510872,-0.09445971995592117,0.05925015789085721,0.06556923369137689,-1.9996227050057374,1
108.25,2,5.117616341757042,-1.9191478408660985,-25.384436779441067,5.1245384917539765,-1.8070073499166568,-23.384814074435326,-29.46176751319239,-0.05993621423840523,-0.020673178136348724,0.05925015789085721,0.06556923369137689,-1.9996227050057374,1
108.35,2,5.112258345749332,-1.9165894377496577,-25.64834065747643,5.119094488317235,-1.8046374608252405,-23.6487179524707,-30.03181768058871,-0.05996144935488701,0.05432682186365127,0.056436431990372536,0.08369284679041304,-2.19958497550643,1
108.45,2,5.097059088624973,-1.9134381892175953,-25.9063363864548,5.113559727164183,-1.8021975636120044,-23.706751410948367,-30.136493733837128,-0.0597817562520504,0.022109003737568855,0.056436431990372536,0.08369284679041304,-2.19958497550643,1
108.55,2,5.09164472693988,-1.910833669754849,-25.557847743695763,5.108049391866987,-1.7998027694660919,-23.358262768189334,-29.917791346128787,-0.059962283819913864,0.04363479092717171,0.056436431990372536,0.08369284679041304,-2.19958497550643,1
108.65,2,5.08631809754068,-1.9083192416872838,-24.80071083489609,5.102630181973226,-1.7974946331203034,-22.60112585938967,-29.797738408014027,-0.05997404083609581,0.04209478572010994,0.056436431990372536,0.08369284679041304,-2.19958497550643,1
108.75,2,5.080860422950511,-1.9058145850880215,-24.490245494536417,5.097080398477853,-1.795201290632386,-22.290660519029988,-29.49669575175716,-0.06000799313187599,0.03619292378425598,0.056436431990372536,0.08369284679041304,-2.19958497550643,1
108.85,2,5.0753661666049785,-1.9033431225081017,-24.128191743777744,5.091495334186168,-1.7929425217349284,-21.928606768271315,-29.29198341186591,-0.06000671908259392,0.05491942539811134,0.056436431990372536,0.08369284679041304,-2.19958497550643,1
108.95,2,5.0697235555531,-1.9008350534881502,-23.64688449487928,5.085760619520643,-1.7906528673075897,-21.44729951937284,-29.018237468978718,-0.06000509485602379,0.07847267389297485,0.056436431990372536,0.08369284679041304,-2.19958497550643,1
109.05,2,5.064072248166757,-1.898380621766231,-23.27106728007184,5.080019273558279,-1.7884171444283057,-21.071482304565407,-28.7739993207496,-0.06000175699591637,0.08422563225030899,0.056436431990372536,0.08369284679041304,-2.19958497550643,1
109.15,2,5.058434883015792,-1.8960002539016794,-22.680798036329854,5.074294702171705,-1.7862548957247746,-20.481213060823425,-28.300620366022134,-0.0600002221763134,0.0741877406835556,0.056436431990372536,0.08369284679041304,-2.19958497550643,1
109.25,2,5.052874278142029,-1.8937238515850574,-21.797493682471398,5.068650824762016,-1.7841935898635206,-19.59790870696497,-27.94822968448456,-0.05999969318509102,0.05808761343359947,0.056436431990372536,0.08369284679041304,-2.19958497550643,1
109.35,2,5.043053205915682,-1.8893920979197725,-21.331409055403512,5.062959378597856,-1.7821842659453324,-19.131824079897083,-27.477686944786377,-0.05999971553683281,0.02128671482205391,0.03643643199037295,0.09369284679041295,-2.1995849755064296,1
109.45,2,5.021497542369907,-1.8792633961679786,-21.082393984337138,5.0571112766066735,-1.780173066548461,-18.882809008830712,-27.227355282399344,-0.059999849647283554,-0.029049258679151535,0.03643643199037295,0.09369284679041295,-2.1995849755064296,1
109.55,2,5.017898306007235,-1.8778812118351695,-20.918410900533292,5.053461643157578,-1.7789300413630798,-18.718825925026863,-27.100359247056225,-0.05999995395541191,-0.024151567369699478,0.03643643199037295,0.09369284679041295,-2.1995849755064296,1
109.65,2,5.010427218119334,-1.8749956986038976,-21.204352077300854,5.045885312363608,-1.7763333988122216,-19.004767101794425,-27.187728683032436,-0.05999999865889549,0.0038073835894465446,0.03643643199037295,0.09369284679041295,-2.1995849755064296,1
109.75,2,5.004941325068305,-1.8728778311926542,-21.043831489584743,5.040322176388741,-1.7744276435645394,-18.84424651407831,-27.351108981261667,-0.060000013560056686,0.027680929750204086,0.03643643199037295,0.09369284679041295,-2.1995849755064296,1
109.85,2,4.999432260097663,-1.870763539579101,-20.759592646947446,5.034736022808615,-1.7725263508313829,-18.560007671441014,-27.334384775418574,-0.060000013560056686,0.030769776552915573,0.03643643199037295,0.09369284679041295,-2.1995849755064296,1
109.95,2,4.993755169997501,-1.8686251750940202,-20.545734704529984,5.0289810439702665,-1.7706074518641177,-18.346149729023548,-27.15607927423344,-0.06000000610947609,0.009971392340958118,0.03643643199037295,0.09369284679041295,-2.1995849755064296,1
110.05,2,4.988161735482078,-1.8665497219106435,-20.187245791484212,5.023312073650432,-1.7687482070960605,-17.987660815977783,-27.04326183651094,-0.05999999865889549,-0.010892998427152634,0.03643643199037295,0.09369284679041295,-2.1995849755064296,1
110.15,2,4.98249748761386,-1.864458865961079,-20.2788957988685,5.017571750986515,-1.7668762887675655,-18.07931082336206,-26.972146160429535,-0.05999999865889549,-0.031634967774152756,0.03643643199037295,0.09369284679041295,-2.1995849755064296,1
110.25,2,4.978853241033637,-1.863117646542971,-20.198223921310714,5.01387871274046,-1.765675925831554,-17.998638945804284,-27.026549997154863,-0.05999999865889549,-0.037236496806144714,0.03643643199037295,0.09369284679041295,-2.1995849755064296,1
110.35,2,4.9716796681117685,-1.8604618694263662,-20.3473972432405,5.006608495105076,-1.7632974313302758,-18.147812267734075,-27.18596533705293,-0.05999999865889549,-0.03637135028839111,0.03643643199037295,0.09369284679041295,-2.1995849755064296,1
110.45,2,4.96500023734949,-1.8584585478429416,-20.392528785387864,5.001130221600468,-1.7615030468989932,-18.192943809881424,-27.324141138623855,-0.05999999865889549,-0.05224606767296791,0.026436431990372763,0.09369284679041359,-2.199584975506433,1
110.55,2,4.9506751953905495,-1.856367955679315,-20.590928466158083,4.995455003793701,-1.759628891946895,-18.391343490651646,-27.589727090146237,-0.05999999865889549,-0.06422379612922668,0.026436431990372763,0.09369284679041359,-2.199584975506433,1
110.65,2,4.945102028356911,-1.8542770598978546,-20.604153764683193,4.989805693326727,-1.757753438081425,-18.404568789176764,-27.835315878008206,-0.05999999865889549,-0.04654126986861229,0.026436431990372763,0.09369284679041359,-2.199584975506433,1
110.75,2,4.939444965358641,-1.8521289921896467,-20.940524943160252,4.984070354418949,-1.7558240743888176,-18.740939967653826,-28.233741581562747,-0.05999999865889549,-0.017141034826636314,0.026436431990372763,0.09369284679041359,-2.199584975506433,1
110.85,2,4.933744870561516,-1.8499468180711895,-20.892105241948595,4.978290706394886,-1.7538622810007596,-18.692520266442163,-28.444776636615288,-0.05999999865889549,0.005126438103616238,0.026436431990372763,0.09369284679041359,-2.199584975506433,1
110.95,2,4.928058951203375,-1.8477646688037404,-20.94598181009836,4.972525224319062,-1.7518999683839585,-18.746396834591923,-28.571899764886556,-0.05999999865889549,0.0233602337539196,0.026436431990372763,0.09369284679041359,-2.199584975506433,1
111.05,2,4.922443896175959,-1.8456259536216981,-20.837063275062587,4.966832221385723,-1.7499783380366205,-18.63747829955616,-28.56198097210865,-0.05999999865889549,0.03261896222829819,0.026436431990372763,0.09369284679041359,-2.199584975506433,1
111.15,2,4.916910320212594,-1.8435316518401994,-20.47874045596545,4.961222342093877,-1.7480979611527927,-18.27915548045901,-28.425575642423777,-0.05999999865889549,0.02036033757030964,0.026436431990372763,0.09369284679041359,-2.199584975506433,1
111.25,2,4.911466271833607,-1.8415046967472493,-20.446041950666427,4.95570450922634,-1.7462814452163018,-18.246456975159987,-28.297395053481235,-0.05999999865889549,0.01664573885500431,0.026436431990372763,0.09369284679041359,-2.199584975506433,1
111.35,2,4.90582238897686,-1.8394124134339171,-20.19637305658394,4.949984481785805,-1.7444073189549623,-17.996788081077508,-28.18329836925302,-0.05999999865889549,-0.001215074211359024,0.026436431990372763,0.09369284679041359,-2.199584975506433,1
111.45,2,4.900114155814603,-1.8373199602821604,-19.959129732726698,4.944200144934925,-1.7425354927817982,-17.75954475722027,-28.129167483672035,-0.059994105249643326,-0.03181108459830284,0.026436431990372763,0.09369284679041359,-2.199584975506433,1
111.55,2,4.894473755518101,-1.8352731210253102,-20.044313393693244,4.938485341657495,-1.740706643430857,-17.84472841818681,-28.150821276226214,-0.05999867990612984,-0.06482332199811935,0.026436431990372763,0.09369284679041359,-2.199584975506433,1
111.65,2,4.888792002080415,-1.833205208087946,-20.00754380289848,4.9327284068882165,-1.7388583230837735,-17.807958827392053,-28.2812702864902,-0.05999911203980446,-0.08267483115196228,0.026436431990372763,0.09369284679041359,-2.199584975506433,1
111.75,2,4.883104388194702,-1.831138947642249,-20.175617471832535,4.926965679412494,-1.737011878938133,-17.976032496326102,-28.701674755119672,-0.06000011786818504,-0.07383441925048828,0.026436431990372763,0.09369284679041359,-2.199584975506433,1
111.85,2,4.877395848360725,-1.8290250946664357,-20.364987882492464,4.921180214778388,-1.7351186804786571,-18.165402906986028,-29.052188437249974,-0.05968144163489342,-0.07641837000846863,0.026436431990372763,0.09369284679041359,-2.199584975506433,1
111.95,2,4.871815462170754,-1.8269360746979886,-20.700689991942607,4.91552376246897,-1.7332453781194321,-18.50110501643617,-29.54385000812943,-0.05992892012000084,-0.019181814044713974,0.026436431990372763,0.09369284679041359,-2.199584975506433,1
112.05,2,4.864462525063413,-1.8248276504297385,-20.940709750128484,4.90968510204575,-1.731273420314292,-18.772455922654984,-29.83855031252103,-0.05995224043726921,-0.03280017897486687,0.00957077461460863,0.0762507752058305,-1.999622705005786,1
112.15,2,4.850164005837133,-1.8231113739477955,-21.003022615648327,4.903919868251943,-1.7293031340857044,-19.003399910642536,-30.00711398947789,-0.06000665947794914,0.011252177879214287,0.00957077461460863,0.0762507752058305,-1.999622705005786,1
112.25,2,4.844449165448992,-1.8208932406661156,-21.346651950882723,4.898131110739378,-1.7272857589649258,-19.347029245876936,-30.10176241616024,-0.059727270156145096,0.007992655970156193,0.00957077461460863,0.0762507752058305,-1.999622705005786,1
112.35,2,4.838802397230013,-1.8186891477167422,-21.338763695478427,4.892410873852022,-1.725280040390231,-19.339140990472643,-30.059818281615097,-0.059944894164800644,0.05106070637702942,0.00957077461460863,0.0762507752058305,-1.999622705005786,1
112.45,2,4.833161291366214,-1.8164850712781955,-21.242124873326972,4.886696296447902,-1.723274140740227,-19.242502168321174,-30.009969687188374,-0.059960898011922836,0.06605595350265503,0.00957077461460863,0.0762507752058305,-1.999622705005786,1
112.55,2,4.8275110700515675,-1.8142929318632643,-21.163258441835374,4.880973025661287,-1.721280488909527,-19.16363573682959,-29.717780794710194,-0.06000654026865959,0.030292820185422897,0.00957077461460863,0.0762507752058305,-1.999622705005786,1
112.65,2,4.8217871524652525,-1.812101435851656,-20.76595865557996,4.875176125930063,-1.7192900515681464,-18.766335950574174,-29.464027671018744,-0.06000756844878197,0.000584007240831852,0.00957077461460863,0.0762507752058305,-1.999622705005786,1
112.75,2,4.816141669998842,-1.8099600437024066,-20.761367598601915,4.869459361826057,-1.7173469507486947,-18.761744893596127,-29.278641294213692,-0.0600065179169178,-0.029787756502628326,0.00957077461460863,0.0762507752058305,-1.999622705005786,1
112.85,2,4.812293369880858,-1.808502212981019,-20.758986235200275,4.863665774734545,-1.7153792473042442,-18.811193031375648,-29.28449662341008,-0.06000254675745964,-0.05877560377120972,0.00957077461460863,0.0762507752058305,-1.999622705005786,1
112.95,2,4.806772150004658,-1.8064000934340259,-20.960432126090552,4.8599713302927325,-1.7141160981588353,-18.960809421084768,-29.460764159345565,-0.06000050529837608,-0.08884389698505402,0.00957077461460863,0.0762507752058305,-1.999622705005786,1
113.05,2,4.799169128283136,-1.8034621895105645,-21.541332053452344,4.852270426345639,-1.7114452748477462,-19.541709348446552,-29.69744125548799,-0.05999970808625221,-0.10939313471317291,0.00957077461460863,0.0762507752058305,-1.999622705005786,1
113.15,2,4.7938755335437575,-1.8013472358896456,-22.004217566061246,4.84690625820637,-1.7095163180682775,-20.004594861055455,-30.238233047407956,-0.05999964848160744,-0.1279687136411667,0.00957077461460863,0.0762507752058305,-1.999622705005786,1
113.25,2,4.788063070085875,-1.7989586296040967,-22.69085375879353,4.841013988770816,-1.707331980105545,-20.691231053787742,-30.692485799566953,-0.05999980494379997,-0.14362376928329468,0.00957077461460863,0.0762507752058305,-1.999622705005786,1
113.35,2,4.782764024671771,-1.7966929056285543,-23.65569173393694,4.835639112458702,-1.7052525349719667,-21.65606902893116,-31.469470901035173,-0.05999993905425072,-0.15058228373527527,0.00957077461460863,0.0762507752058305,-1.999622705005786,1
113.45,2,4.777842633410873,-1.7943346064455152,-24.601346846946566,4.830579889834944,-1.7032052354359746,-22.549722120121316,-32.049989938747515,-0.05999999865889549,-0.15304017066955566,0.016350603370680814,0.09341072113506876,-2.199584975506428,1
113.55,2,4.77314544010949,-1.7916657221901013,-25.49935407322791,4.825640313944764,-1.701119007134876,-23.299769097721487,-32.97167186347129,-0.058531973510980606,-0.1162661612033844,0.016350603370680814,0.09341072113506876,-2.199584975506428,1
113.65,2,4.768204450811254,-1.7892693728622657,-26.265930850342883,4.82061099193964,-1.698914061440516,-24.066345874836443,-33.583280473943915,-0.05967193469405174,-0.07819046080112457,0.016350603370680814,0.09341072113506876,-2.199584975506428,1
113.75,2,4.762969834308228,-1.7866395584816757,-26.946579843443143,4.815279298553875,-1.696487092291495,-24.746994867936717,-34.355483982029064,-0.05977977439761162,-0.027920953929424286,0.019574439874127644,0.06633446784447786,-1.9996227050057749,1
113.85,2,4.767527141605952,-1.7944935735028207,-27.074591703167368,4.809991184206377,-1.6940249895452781,-25.074968998161587,-34.69816457417412,-0.06003061309456825,0.03422924131155014,0.019574439874127644,0.06633446784447786,-1.9996227050057749,1
113.95,2,4.762451179718291,-1.7918954921772419,-27.117977429652463,4.8048276586585255,-1.6916056054137312,-25.118354724646686,-34.87944320359402,-0.060041170567274094,0.03570174798369408,0.019574439874127644,0.06633446784447786,-1.9996227050057749,1
114.05,2,4.757065726600895,-1.7891439791377657,-26.950973031694808,4.799349476663658,-1.6890436820508647,-24.951350326689035,-34.75717454500632,-0.06003613397479057,0.05846560746431351,0.019574439874127644,0.06633446784447786,-1.9996227050057749,1
114.15,2,4.751610198416348,-1.786376877295031,-26.77897511533231,4.7938007183345785,-1.6864686245008442,-24.77935241032654,-34.50862805531507,-0.060014527291059494,0.056026969105005264,0.019574439874127644,0.06633446784447786,-1.9996227050057749,1
114.25,2,4.746136555817238,-1.7836246800936444,-26.55862161653609,4.78823437668798,-1.6839090945808317,-24.55899891153031,-34.282245962902486,-0.06000305339694023,0.11602696910500526,0.019574439874127644,0.06633446784447786,-1.9996227050057749,1
114.35,2,4.74074916461489,-1.7809581027076695,-26.124840186181363,4.7827572214409395,-1.6814321227759141,-24.125217481175593,-33.9175525479329,-0.059998493641614914,0.1497662216424942,0.019574439874127644,0.06633446784447786,-1.9996227050057749,1
114.45,2,4.735433357762827,-1.7783859885057143,-25.324962992898072,4.7773549030492966,-1.6790470588456052,-23.325340287892303,-33.461291980407935,-0.05999808385968208,0.14496482908725739,0.019574439874127644,0.06633446784447786,-1.9996227050057749,1
114.55,2,4.7304078590319625,-1.7760536330155237,-24.427479654458665,4.772251081878211,-1.6768914779308344,-22.427856949452895,-32.62036035433667,-0.059998881071805954,0.1019613966345787,0.019574439874127644,0.06633446784447786,-1.9996227050057749,1
114.65,2,4.725214419204948,-1.7737297620803811,-23.850747241125994,4.766979717928427,-1.674750236359006,-21.85112453612022,-32.049677839592526,-0.05999961122870445,0.06491868197917938,0.019574439874127644,0.06633446784447786,-1.9996227050057749,1
114.75,2,4.719728007993459,-1.7713261852962008,-23.484792493260116,4.7614127798276265,-1.6725395601002864,-21.485169788254336,-31.394503969175418,-0.0599999763071537,0.05735405907034874,0.019574439874127644,0.06633446784447786,-1.9996227050057749,1
114.85,2,4.711604289797459,-1.7686471628835756,-23.15382335641669,4.7557413334911836,-1.6703315720239977,-21.046934469192934,-31.099399772787503,-0.060000088065862656,0.05710678547620773,0.022972177010928727,0.1001138794916726,-2.3995472460070526,1
114.95,2,4.699015330263564,-1.7654436649160887,-23.295966243061823,4.750049729060012,-1.6681463047450225,-20.89641899705478,-30.716429831203094,-0.059950124472379684,0.040662456303834915,0.022972177010928727,0.1001138794916726,-2.3995472460070526,1
115.05,2,4.693436668363396,-1.763073671017738,-22.865091865447596,4.744376732415881,-1.666011955019631,-20.465544619440553,-30.485008744697318,-0.059988874942064285,0.0938703715801239,0.022972177010928727,0.1001138794916726,-2.3995472460070526,1
115.15,2,4.687921266126948,-1.7607561119649662,-22.650649006763285,4.738769135296384,-1.6639273456225696,-20.25110176075622,-30.165111184490218,-0.05999251827597618,0.12872283160686493,0.022972177010928727,0.1001138794916726,-2.3995472460070526,1
115.25,2,4.684255303878712,-1.7592375330072936,-22.276038773439332,4.735042808009694,-1.6625635838366832,-19.87649152743228,-29.79506371356723,-0.06000104174017906,0.13395245373249054,0.022972177010928727,0.1001138794916726,-2.3995472460070526,1
115.36,2,4.678811636803162,-1.7570559719902468,-21.49067380219473,4.729512577083838,-1.6606118498365605,-19.091126556187675,-29.019363189144414,-0.05997197702527046,0.09981872141361237,0.022972177010928727,0.1001138794916726,-2.3995472460070526,1
115.45,2,4.671613109911561,-1.754271237424582,-20.867708964344445,4.722203771546975,-1.6581309432211033,-18.468161718337385,-28.473152690489908,-0.05997197702527046,0.09981872141361237,0.022972177010928727,0.1001138794916726,-2.3995472460070526,1
115.55,2,4.663253662810772,-1.7520225291938367,-20.10346842367153,4.716498799501056,-1.6562675467693955,-17.647883451851385,-27.79030774386717,-0.05999607965350151,0.06087144464254379,0.01967623513954517,0.1168432935552261,-2.5995095165077196,1
115.65,2,4.650660785548984,-1.7495977157670692,-20.05668154988642,4.710870453235145,-1.654484669087945,-17.457172033378697,-27.468966110458442,-0.059883151203393936,0.05390173941850662,0.01967623513954517,0.1168432935552261,-2.5995095165077196,1
115.75,2,4.645019922704974,-1.747546136615404,-19.815028354933414,4.705142346859301,-1.6526910392522491,-17.215518838425695,-27.090313558997785,-0.056280530989170074,0.07984177768230438,0.01967623513954517,0.1168432935552261,-2.5995095165077196,1
115.85,2,4.639422792569199,-1.7455506628844264,-19.531230725903455,4.699460472818637,-1.650951473630078,-16.931721209395736,-26.834274446516623,-0.041280530989170075,0.1346694529056549,0.01967623513954517,0.1168432935552261,-2.5995095165077196,1
115.95,2,4.634372692008358,-1.7437757437537496,-19.092296991006904,4.694335068566135,-1.649407425430221,-16.492787474499178,-26.33962381552712,-0.03446543589234352,0.1946694529056549,0.01967623513954517,0.1168432935552261,-2.5995095165077196,1
116.05,2,4.6302806906095135,-1.7423904209002816,-18.103205495538766,4.6901844474710055,-1.6482091185491774,-15.503695979031047,-25.875494924961895,-0.04446543589234352,0.3020589029788971,0.01967623513954517,0.1168432935552261,-2.5995095165077196,1
116.15,2,4.626677510614842,-1.7412625089917686,-16.800885778736617,4.6865338194906645,-1.6472457875071567,-14.2013762622289,-24.58562364636798,-0.0573892705142498,0.31848785281181335,0.01967623513954517,0.1168432935552261,-2.5995095165077196,1
116.25,2,4.62553776232617,-1.7402321400785383,-15.650359363737675,4.682943354121966,-1.6463773684875251,-13.050849847229959,-23.612892419145222,-0.06103947386145592,0.3130827248096466,0.02967623513954437,0.11684329355522488,-2.5995095165076973,1
116.35,2,4.6291921662901965,-1.7391623503231837,-14.680769371991591,4.678960926386328,-1.6454872835628835,-12.081259855483898,-22.256981765657542,-0.06111539527773857,0.3441452085971832,0.023077255480803423,0.1102515688555644,-2.3995472460070277,1
116.45,2,4.625023571199671,-1.7286798206832839,-13.61932870459524,4.67490308510051,-1.6446457652356261,-11.219781458588214,-21.369229124181643,-0.06072026863694191,0.3102828562259674,0.023077255480803423,0.1102515688555644,-2.3995472460070277,1
116.55,2,4.621121616268217,-1.7277618273710948,-12.776875043246347,4.670966117233028,-1.6438919429629844,-10.377327797239321,-20.014349445494748,-0.060248296707868576,0.32828742265701294,0.023077255480803423,0.1102515688555644,-2.3995472460070277,1
116.65,2,4.619562931927257,-1.7269115787091407,-11.916510930836678,4.667054160693933,-1.6432048767065988,-9.516963684829646,-19.106109392871893,-0.060019876807928085,0.3148593604564667,0.033077255480803834,0.11025156885556422,-2.399547246007028,1
116.75,2,4.623351115281422,-1.7261214634830244,-11.065750373002016,4.6631337513654705,-1.642578350869598,-8.666203126994988,-17.722618097404112,-0.059950318187475204,0.24500364065170288,0.033077255480803834,0.11025156885556422,-2.399547246007028,1
116.85,2,4.619606928285839,-1.7254176572917341,-10.243327538877448,4.659363380631451,-1.642031922520372,-7.84378029287042,-16.815806933089252,-0.05995652452111244,0.18693652749061584,0.033077255480803834,0.11025156885556422,-2.399547246007028,1
116.95,2,4.615041856295927,-1.7246137060777587,-9.562229653818113,4.654768651839467,-1.6414198055743159,-7.1626824078110864,-15.588530113018452,-0.059978511184453964,0.24693652749061584,0.033077255480803834,0.11025156885556422,-2.399547246007028,1
117.05,2,4.6100824292198865,-1.7236612528544974,-8.989803991511398,4.649748865628093,-1.6408121315049082,-6.541095562875284,-14.88089802207633,-0.059994231909513474,0.26451367139816284,0.039609056828797694,0.12677216153891785,-2.5995095165076894,1
117.15,2,4.605839665569509,-1.7225881022967398,-7.981143369593486,4.645408458501832,-1.6403583789326328,-5.381633853085797,-13.670369193910286,-0.0600009523332119,0.27819257974624634,0.039609056828797694,0.12677216153891785,-2.5995095165076894,1
117.25,2,4.6017027459291056,-1.722062512388111,-6.541128126886432,4.641251958091055,-1.6400209575367233,-3.941618610378741,-12.797976872218724,-0.06000220403075218,0.2510017156600952,0.04310522321980585,0.12029439456314933,-2.3995472460070393,1
117.35,2,4.607404946517868,-1.7121843860679224,-4.973249441950503,4.6370193464090805,-1.6397749926711955,-2.5737021959434645,-11.499710830992028,-0.06000148877501488,0.2381201982498169,0.04310522321980585,0.12029439456314933,-2.3995472460070393,1
117.45,2,4.6044841020668485,-1.7119421938810557,-4.376330252816536,4.634090923024456,-1.6396553020583076,-1.9767830068094978,-10.643934832346439,-0.06000060215592384,0.2551836371421814,0.04310522321980585,0.12029439456314933,-2.3995472460070393,1
117.55,2,4.5987133217506315,-1.7115774758206053,-2.8394250274639505,4.62830993282593,-1.6395325134341663,-0.4398777814569118,-9.422140981993516,-0.06000009551644325,0.25791847705841064,0.033105223219806544,0.1302943945631468,-2.399547246007012,1
117.65,2,4.595779981932823,-1.711458950112786,-1.8935951063994994,4.625374202669236,-1.6395369040177306,0.5059521396075396,-8.54943526147028,-0.05999992415308952,0.27968794107437134,0.033105223219806544,0.1302943945631468,-2.399547246007012,1
117.75,2,4.581572707651036,-1.7013573434203964,-0.6684670317144024,4.621166363445273,-1.6396115355620962,1.7310802142926094,-7.681175934764406,-0.05999990925192833,0.32218238711357117,0.033105223219806544,0.1302943945631468,-2.399547246007012,1
117.85,2,4.576093374370402,-1.7033878456559344,0.8297303432597334,4.6156833409383555,-1.6398422115242706,3.272241122634461,-6.37226275672235,-0.05999995395541191,0.34517136216163635,0.03954337912069217,0.13670080973322493,-2.5995095165076556,1
117.95,2,4.57313543176893,-1.7101489894668813,1.450561838799597,4.612720719085438,-1.640028257449913,4.035246190752201,-5.056289538859161,-0.0599999837577343,0.3374783992767334,0.03954337912069217,0.13670080973322493,-2.5995095165076556,1
118.05,2,4.56778756414026,-1.7081803765152104,3.1878783328748708,4.607381503406522,-1.6404868205484546,5.726251549697182,-4.137016653638641,-0.05999999865889549,0.2624783992767334,0.03312674851680211,0.1303224368028936,-2.399547246006993,1
118.15,2,4.563670737877841,-1.7019052040841096,4.340229211978474,4.603282696158838,-1.6409373500564879,6.739776457985467,-2.7546108046659388,-0.05999999865889549,0.2056361883878708,0.03312674851680211,0.1303224368028936,-2.399547246006993,1
118.25,2,4.560727061188141,-1.7021439200632194,4.974301440695629,4.600351595102738,-1.6412991018651846,7.3738486867026225,-1.9265994228282388,-0.05999999865889549,0.15546360611915588,0.023126748516802575,0.1303224368028933,-2.3995472460069958,1
118.35,2,4.544538578824548,-1.7027250781402146,5.916158366004274,4.594192870828094,-1.6421388482458654,8.315705612011271,-0.7622682954376496,-0.05999999865889549,0.18326635658740997,0.03312674851679962,0.12032243680288819,-2.399547246006941,1
118.45,2,4.549280845295609,-1.71329653249422,6.637789855268513,4.58896367299807,-1.6429299310446224,9.037337101275451,-0.09193403144333723,-0.05999999865889549,0.1770211011171341,0.03312674851679962,0.12032243680288819,-2.399547246006941,1
118.55,2,4.544132641556887,-1.7139197325845281,7.253902845334835,4.583846075396262,-1.6437681284401837,9.653450091341774,0.93023074392218,-0.05999999865889549,0.1725318729877472,0.03312674851679962,0.12032243680288819,-2.399547246006941,1
118.65,2,4.538985236185891,-1.7145933288864739,7.717518395868005,4.578731385438562,-1.6446566444321502,10.117065641874945,1.6200023242713273,-0.05999999865889549,0.12171287089586258,0.03312674851679962,0.12032243680288819,-2.399547246006941,1
118.75,2,4.5335223009105174,-1.715365847948909,8.381109287661678,4.573305583919681,-1.6456572069751403,10.78065653366862,2.581665275174161,-0.05999999865889549,0.1229717880487442,0.03312674851679962,0.12032243680288819,-2.399547246006941,1
118.85,2,4.527794647097554,-1.7162418643112165,8.940488686108417,4.567619629178722,-1.6467722592393625,11.340035932115358,3.1452246916695423,-0.05999999865889549,0.047971788048744204,0.02312674851679833,0.13032243680288308,-2.3995472460068816,1
118.95,2,4.512004893138442,-1.7071708625392212,9.229522358056734,4.561873846975409,-1.6479428469066424,11.629069604063618,3.9126143347027424,-0.05999999865889549,0.014088910073041916,0.02312674851679833,0.13032243680288308,-2.3995472460068816,1
119.05,2,4.505952978694719,-1.708151617803541,9.268478647066836,4.555868301111134,-1.6491761222995356,11.66802589307372,4.135844892793707,-0.05999999865889549,-0.0385366789996624,0.02312674851679833,0.13032243680288308,-2.3995472460068816,1
119.15,2,4.5001052804426935,-1.7091076671948504,9.198942477549892,4.5500657579943,-1.6503761634082734,11.598489723556773,4.217561759369707,-0.05999999865889549,-0.0291934572160244,0.02312674851679833,0.13032243680288308,-2.3995472460068816,1
119.25,2,4.49412008291116,-1.7100680250925606,9.09038103231928,4.5441260165502015,-1.6515862660321894,11.489928278326163,4.118223555782121,-0.05999999865889549,-0.00969238206744194,0.02312674851679833,0.13032243680288308,-2.3995472460068816,1
119.35,2,4.4882055076054295,-1.711007690993698,8.963103108127582,4.538255969080062,-1.6527727380087802,11.36265035413446,4.0016229121952955,-0.05999999865889549,-0.023278923705220222,0.02312674851679833,0.13032243680288308,-2.3995472460068816,1
119.45,2,4.482243512362441,-1.7119477288975065,8.938087901020994,4.532338558827235,-1.6539615670283419,11.337635147027877,3.9897265226026453,-0.05999999865889549,-0.04279500991106033,0.02312674851679833,0.13032243680288308,-2.3995472460068816,1
119.55,2,4.476286766527177,-1.7128726266441352,8.727054304415729,4.526425759494801,-1.6551350493852692,11.12660155042261,3.8716335273214004,-0.05999999865889549,-0.05617855489253998,0.02312674851679833,0.13032243680288308,-2.3995472460068816,1
119.65,2,4.470423765414063,-1.7137641640482275,8.49258352622155,4.520605225962717,-1.6562712757699123,10.892130772228429,3.743206818588935,-0.05999999865889549,-0.03504970669746399,0.02312674851679833,0.13032243680288308,-2.3995472460068816,1
119.75,2,4.464476009468273,-1.7146307203812743,8.181218918043923,4.514698966012849,-1.6573860914827636,10.580766164050806,3.4965199005127956,-0.05999999865889549,-0.006949588656425476,0.02312674851679833,0.13032243680288308,-2.3995472460068816,1
119.85,2,4.45853179405825,-1.7154804233810097,8.11122963784186,4.508795537882979,-1.6584839204056672,10.51077688384874,3.3882603463340777,-0.05999999865889549,-0.00674159312620759,0.02312674851679833,0.13032243680288308,-2.3995472460068816,1
119.95,2,4.452480804977452,-1.7163406581798755,8.057260686645822,4.502785870648479,-1.6595967422672826,10.456807932652703,3.3646526966065062,-0.05999999865889549,-0.06674159312620759,0.02312674851679833,0.13032243680288308,-2.3995472460068816,1
120.05,2,4.448612149559247,-1.7168862564453482,7.992399878761447,4.498943450394812,-1.6603038340621026,10.391947124768325,3.343819311211913,-0.05999999865889549,-0.09061293303966522,0.02312674851679833,0.13032243680288308,-2.3995472460068816,1
120.15,2,4.440417556133714,-1.7180003023227501,7.3397916910858285,4.490802684912497,-1.6617599923600583,9.739338937092707,3.0063470611586416,-0.05999999865889549,-0.08050470054149628,0.02312674851679833,0.13032243680288308,-2.3995472460068816,1
120.25,2,4.436516256358648,-1.7184954435846753,7.151683712872336,4.48692553640417,-1.6624180381400535,9.551230958879218,2.6471271504802014,-0.05999999865889549,-0.11806603521108627,0.02312674851679833,0.13032243680288308,-2.3995472460068816,1
120.35,2,4.430524532542958,-1.7192127073255112,6.449547137164227,4.480969096590934,-1.6633855330024292,8.849094383171105,2.1194533549079297,-0.05999999865889549,-0.13420474529266357,0.03954105340008228,0.13623982112632824,-2.599509516507526,1
120.45,2,4.432451263774118,-1.7294748300354619,5.2494197268742795,4.4730081581092165,-1.6645567858912482,7.8489292433818045,1.651421471216351,-0.05999999865889549,-0.14289674162864685,0.03954105340008228,0.13623982112632824,-2.599509516507526,1
120.55,2,4.426833332880979,-1.7299561243553225,4.391157264422142,4.467417837135049,-1.6652923830284072,6.990666780929667,0.8479448974849083,-0.05999999865889549,-0.10502652078866959,0.03954105340008228,0.13623982112632824,-2.599509516507526,1
120.65,2,4.421127568142935,-1.7303565411760173,3.461706410571646,4.461736104547292,-1.6659511695472684,6.061215927079172,0.29547398674631975,-0.05999999865889549,-0.10902342200279236,0.03954105340008228,0.13623982112632824,-2.599509516507526,1
120.75,2,4.4151663745330385,-1.7306823795708082,2.778432904140831,4.455795823472226,-1.6665470392170716,5.377942420648354,-0.4321418447317698,-0.05999999865889549,-0.06702279299497604,0.04309063333477312,0.12040102437405364,-2.399547246006884,1
120.85,2,4.419285941674464,-1.7315180888509172,2.5049175302911424,4.449893791895619,-1.6670737894619787,4.904464776298027,-0.896076801143183,-0.05999999865889549,-0.04867171496152878,0.04309063333477312,0.12040102437405364,-2.399547246006884,1
120.95,2,4.413333258514082,-1.7317434215283074,1.8585233854531829,4.443955762454302,-1.6675481500605325,4.2580706314600665,-1.3469992926890806,-0.05999999865889549,-0.0412880964577198,0.04309063333477312,0.12040102437405364,-2.399547246006884,1
121.05,2,4.40941863767926,-1.7318665840146688,1.7533928383772706,4.440049730649061,-1.6678351009533865,4.152940084384153,-1.5813389165549798,-0.05999999865889549,-0.0923776850104332,0.04309063333477312,0.12040102437405364,-2.399547246006884,1
121.15,2,4.401475670234208,-1.732068129685995,1.1025226731803894,4.432122166173387,-1.66836902414525,3.502069919187273,-1.9155342240416873,-0.05999999865889549,-0.07570596784353256,0.04309063333477312,0.12040102437405364,-2.399547246006884,1
121.25,2,4.395461363770683,-1.732144415730486,0.44046312907742186,4.426116327214197,-1.66869704883039,2.8400103750843058,-2.2809652418989534,-0.05999999865889549,-0.034389905631542206,0.04309063333477312,0.12040102437405364,-2.399547246006884,1
121.35,2,4.389480849281078,-1.7321709214065462,0.005034789385468345,4.420142166406357,-1.6689739220022617,2.4045820353923526,-2.7690016734821734,-0.05999999865889549,-0.055466681718826294,0.04957786890646832,0.12611761460177995,-2.599509516507552,1
121.45,2,4.383398611740192,-1.7415804360074527,-0.42877315322467086,4.4140694520717325,-1.669218113834296,2.1707363632828804,-2.9626097043526167,-0.05999999865889549,-0.004343177191913128,0.04957786890646832,0.12611761460177995,-2.599509516507552,1
121.55,2,4.377338780306619,-1.741521519989965,-0.6549464009738947,4.408013184355928,-1.6694340986831369,1.9445631155336573,-3.27410702969885,-0.05999999865889549,-0.013102764263749123,0.04957786890646832,0.12611761460177995,-2.599509516507552,1
121.65,2,4.371324590695216,-1.7414477245343005,-0.7571983231621763,4.402001836646411,-1.6696331493462464,1.842311193345376,-3.333993986896735,-0.05999999865889549,-0.0022512162104249,0.04957786890646832,0.12611761460177995,-2.599509516507552,1
121.75,2,4.365258330689003,-1.741363870686708,-0.8355279413468233,4.395938015932007,-1.6698245135913439,1.7639815751607284,-3.421003023139744,-0.05999999865889549,-0.008083924651145935,0.04957786890646832,0.12611761460177995,-2.599509516507552,1
121.85,2,4.359279153512731,-1.741272510620869,-0.892361231768072,4.389960847995364,-1.670004429749737,1.7071482847394803,-3.4582562242927377,-0.05999999865889549,-0.006742972880601883,0.04957786890646832,0.12611761460177995,-2.599509516507552,1
121.95,2,4.35323708031348,-1.7411730134790295,-0.9874379989512851,4.383920479705892,-1.6701790698191952,1.612071517556267,-3.5306636878774356,-0.05999999865889549,-0.013320201076567173,0.04957786890646832,0.12611761460177995,-2.599509516507552,1
122.05,2,4.3472047064534145,-1.7410669988624596,-1.0310016179415398,4.3778895051781825,-1.6703467592126153,1.568507898566012,-3.575695084184683,-0.05999999865889549,-0.019925110042095184,0.04957786890646832,0.12611761460177995,-2.599509516507552,1
122.15,2,4.341184915703838,-1.740951386969621,-1.2039648586531697,4.37187066553336,-1.6705042905058822,1.3955446578543824,-3.6833001862947787,-0.05999999865889549,0.007060587406158447,0.04957786890646832,0.12611761460177995,-2.599509516507552,1
122.25,2,4.335195960016632,-1.740826391617044,-1.173410096791294,4.365882203638807,-1.6706510494885094,1.4260994197162578,-3.770945921037161,-0.05999999865889549,0.016212061047554016,0.04957786890646832,0.12611761460177995,-2.599509516507552,1
122.35,2,4.329157590137205,-1.7406978001924835,-1.1716115962252072,4.359844215303492,-1.6707964572524994,1.427897920282345,-3.7581788695039378,-0.05999999865889549,0.012984163127839565,0.04957786890646832,0.12611761460177995,-2.599509516507552,1
122.45,2,4.323121660253966,-1.7405766138884753,-1.1636872569621726,4.3538090003085745,-1.6709491518522104,1.43582225954538,-3.7123449363267675,-0.05999999865889549,-0.035129666328430176,0.04957786890646832,0.12611761460177995,-2.599509516507552,1
122.55,2,4.317130626905289,-1.7404536575922782,-1.2152351474013363,4.347818555370805,-1.671098042024108,1.3842743691062154,-3.6948291887821703,-0.05999999865889549,-0.07435847073793411,0.04957786890646832,0.12611761460177995,-2.599509516507552,1
122.65,2,4.313226121766178,-1.7403683335482578,-1.357094980026318,4.343914198307207,-1.6711898924120643,1.2424145364812338,-3.8517121531772953,-0.05999999865889549,-0.09564609825611115,0.04957786890646832,0.12611761460177995,-2.599509516507552,1
122.75,2,4.305085636251543,-1.7401176512987022,-2.097490858365769,4.335770720141222,-1.671308675257493,0.5020186581417829,-4.314724363769893,-0.05999999865889549,-0.04254153370857239,0.04957786890646832,0.12611761460177995,-2.599509516507552,1
122.85,2,4.299175244049695,-1.7398678421748281,-2.604316512364994,4.329855080028659,-1.671327185704826,-0.004806995857441926,-4.689645483701149,-0.05999999865889549,0.017825935035943985,0.04957786890646832,0.12611761460177995,-2.599509516507552,1
122.95,2,4.29322435083916,-1.7395845381733157,-2.698775236971468,4.323897461443346,-1.671314072642576,-0.09926572046391646,-4.973100631185465,-0.05999999865889549,0.024197470396757126,0.03957786890646832,0.1161176146017812,-2.599509516507567,1
123.05,2,4.277212426904495,-1.7493038864147052,-2.673233549536623,4.317878995228061,-1.6713063771080539,-0.07372403302905602,-4.9448484398246535,-0.05999999865889549,-0.029744189232587814,0.03957786890646832,0.1161176146017812,-2.599509516507567,1
123.15,2,4.271201173384721,-1.7490249790800902,-2.6431378913551127,4.311861277855146,-1.6713003937961521,-0.04362837484754631,-4.870265392429547,-0.05999999865889549,-0.06449578702449799,0.03957786890646832,0.1161176146017812,-2.599509516507567,1
123.25,2,4.265125924980361,-1.748735019860062,-2.969919214577456,4.3057791301990305,-1.6712862724236126,-0.37040969806988844,-5.000171370685792,-0.05999999865889549,-0.04916778951883316,0.03957786890646832,0.1161176146017812,-2.599509516507567,1
123.35,2,4.259161562126886,-1.7484072616371742,-3.2385875926173786,4.299806039635448,-1.671229361793308,-0.6390780761098127,-5.372287725726379,-0.05999999865889549,-0.03227396681904793,0.03957786890646832,0.1161176146017812,-2.599509516507567,1
123.45,2,4.253276628339973,-1.7480556483903877,-3.638987179342876,4.293911214471428,-1.6711450182263772,-1.0394776628353102,-5.578249908958031,-0.05999999865889549,-0.01062842458486557,0.03957786890646832,0.1161176146017812,-2.599509516507567,1
123.55,2,4.247249815418339,-1.7476743331225197,-3.6381566003700203,4.287873309053834,-1.67103743805118,-1.038647083862454,-5.803136492172482,-0.05999999865889549,0.023374374955892563,0.03957786890646832,0.1161176146017812,-2.599509516507567,1
123.65,2,4.241163826349684,-1.747287391811291,-3.6020992375221095,4.281776033217931,-1.6709269215228526,-1.002589721014543,-5.858684344636703,-0.05999999865889549,0.027021192014217377,0.03957786890646832,0.1161176146017812,-2.599509516507567,1
123.75,2,4.235207477441159,-1.7469185001877912,-3.504769321424255,4.275809082770414,-1.6708285563519725,-0.9052598049166887,-5.765796146872003,-0.05999999865889549,0.010260913521051407,0.03957786890646832,0.1161176146017812,-2.599509516507567,1
123.85,2,4.229120218949711,-1.746551322399767,-3.4214800678511263,4.2697114351814625,-1.670737840583311,-0.8219705513435595,-5.67277550015983,-0.05999999865889549,0.012780328281223774,0.03957786890646832,0.1161176146017812,-2.599509516507567,1
123.95,2,4.223119090549575,-1.746191417064927,-3.445323289117001,4.263700158890364,-1.6706504834024272,-0.8458137726094345,-5.613784056987268,-0.05999999865889549,0.014668062329292297,0.03957786890646832,0.1161176146017812,-2.599509516507567,1
124.05,2,4.2171156748322804,-1.7458327732390653,-3.3915053301822815,4.2576866548508825,-1.6705644901723562,-0.7919958136747163,-5.565304166494629,-0.05999999865889549,0.03995811939239502,0.03957786890646832,0.1161176146017812,-2.599509516507567,1
124.15,2,4.211107211699938,-1.7454770350405933,-3.3297601473003104,4.251668240373447,-1.6704816285023272,-0.7302506307927455,-5.475229836807586,-0.05999999865889549,0.0054747010581195354,0.03957786890646832,0.1161176146017812,-2.599509516507567,1
124.25,2,4.2051660386813445,-1.7451417086461478,-3.1963532224512425,4.2457179725312795,-1.6704161057265399,-0.5968437059436772,-5.349460925522284,-0.05999999865889549,0.027510177344083786,0.03957786890646832,0.1161176146017812,-2.599509516507567,1
124.35,2,4.1991119719314165,-1.7448014986610898,-3.1462245701498133,4.239654705637659,-1.6703508246171153,-0.5467150536422473,-5.272304829097496,-0.05999999865889549,0.03725110739469528,0.03957786890646832,0.1161176146017812,-2.599509516507567,1
124.45,2,4.193129206212955,-1.744475682229953,-3.1081555228308995,4.233663319215282,-1.670296688431946,-0.5086460063233333,-5.177610444862541,-0.05999999865889549,0.05317901819944382,0.03957786890646832,0.1161176146017812,-2.599509516507567,1
124.55,2,4.187042807490866,-1.7441586655054733,-2.761487589326925,4.227568805537716,-1.6702560431146374,-0.16197807281935883,-4.934090755670439,-0.05999999865889549,0.05678876116871834,0.026126794224195494,0.1411404892591023,-2.799471787008225,1
124.65,2,4.161000502030341,-1.7332918664824293,-2.8392272004266412,4.22148742765372,-1.670245830385118,-0.0397554134184165,-4.708005578108453,-0.05999999865889549,0.07869794964790344,0.026126794224195494,0.1411404892591023,-2.799471787008225,1
124.75,2,4.155278565497948,-1.7330209495795417,-2.5279335503408773,4.21575908801734,-1.6702546993923142,0.2715382366673471,-4.338728413487705,-0.05999999865889549,0.04137015342712402,0.026126794224195494,0.1411404892591023,-2.799471787008225,1
124.85,2,4.149331756774598,-1.7327707465763194,-2.309829536029759,4.20980715623375,-1.6702952404630789,0.4896422509784648,-4.036939285737748,-0.05999999865889549,0.020839164033532143,0.026126794224195494,0.1411404892591023,-2.799471787008225,1
124.95,2,4.145959353757865,-1.73263541260194,-2.2773035427532875,4.206432168097102,-1.6703247780557007,0.5221682442549367,-3.776718815617749,-0.05999999865889549,0.020839164033532143,0.026126794224195494,0.1411404892591023,-2.799471787008225,1
125.05,2,4.137307991857262,-1.7323108048842684,-2.0489885425984427,4.197775276815377,-1.6704230951039645,0.7504832444097814,-3.6806528766018434,-0.05999999865889549,0.07534203678369522,0.026126794224195494,0.1411404892591023,-2.799471787008225,1
125.15,2,4.131305634854898,-1.7321116852857783,-1.5941067237945779,4.191770357986957,-1.670517371625046,1.2053650632136457,-3.308475447347588,-0.05999999865889549,0.07679515331983566,0.026126794224195494,0.1411404892591023,-2.799471787008225,1
125.25,2,4.125299247505793,-1.7319620177817494,-1.2898890643323004,4.185763828889736,-1.6706612380682473,1.5095827226759235,-2.9909745676265356,-0.05999999865889549,0.04246366769075394,0.026126794224195494,0.1411404892591023,-2.799471787008225,1
125.35,2,4.11928137367175,-1.7318402056785267,-1.079399077227601,4.179747187489114,-1.6708334876756523,1.7200727097806237,-2.555864634136596,-0.05999999865889549,0.016801849007606506,0.026126794224195494,0.1411404892591023,-2.799471787008225,1
125.45,2,4.113295590665998,-1.7317373034249803,-0.9304346792107079,4.17376352218687,-1.6710230572314049,1.8690371077975165,-2.362749937020398,-0.05999999865889549,0.005362558178603649,0.026126794224195494,0.1411404892591023,-2.799471787008225,1
125.55,2,4.107242284924623,-1.7316369702542926,-0.9505960313137587,4.16771254020692,-1.6712184906523793,1.8488757556944653,-2.2451916301462576,-0.05999999865889549,0.006834883708506823,0.026126794224195494,0.1411404892591023,-2.799471787008225,1
125.65,2,4.1012900388993865,-1.731541789291814,-0.9325414917736845,4.161762748973939,-1.6714141343195477,1.8669302952345395,-2.2198301220491508,-0.05999999865889549,0.01145542785525322,0.026126794224195494,0.1411404892591023,-2.799471787008225,1
125.75,2,4.095282601965712,-1.7314427684381355,-0.895714427527299,4.15575764515559,-1.6716086382330613,1.903757359480924,-2.154269045635665,-0.05999999865889549,0.009750948287546635,0.026126794224195494,0.1411404892591023,-2.799471787008225,1
125.85,2,4.089255822975825,-1.7313491348498657,-0.9113420681984223,4.149733485481144,-1.671809467659645,1.8881297188098014,-2.1088214591276637,-0.05999999865889549,0.01834648847579956,0.026126794224195494,0.1411404892591023,-2.799471787008225,1
125.95,2,4.083279439322416,-1.731256715944114,-0.8210886028539582,4.1437597203265355,-1.672009048982587,1.978383184154266,-2.025142513189784,-0.05999999865889549,0.024026181548833847,0.026126794224195494,0.1411404892591023,-2.799471787008225,1
126.05,2,4.077241605670389,-1.7311698753953713,-0.8283022455589185,4.1377248509585876,-1.6722172032577096,1.9711695414493056,-1.9324380714847336,-0.05999999865889549,0.014545884914696217,0.026126794224195494,0.1411404892591023,-2.799471787008225,1
126.15,2,4.06759669428321,-1.7310895055185953,-0.7187136738010692,4.1316787070407095,-1.6724323872495013,2.0807581132071546,-1.7870734151800622,-0.05999999865889549,0.00840953178703785,0.016126794224195436,0.14114048925910225,-2.7994717870082177,1
126.25,2,4.055257271465336,-1.7310149547926785,-0.7038956266162183,4.125747252596747,-1.6726477891538802,2.0955761603919987,-1.7097189414985978,-0.05999999865889549,-0.0024948064237833023,0.016126794224195436,0.14114048925910225,-2.7994717870082177,1
126.35,2,4.049227833639467,-1.7309430390733498,-0.6749574346462098,4.119721497972326,-1.6728704403900747,2.1245143523620076,-1.660284755874308,-0.05999999865889549,-0.00863133929669857,0.016126794224195436,0.14114048925910225,-2.7994717870082177,1
126.45,2,4.043331106231374,-1.730872567998557,-0.6818434228514678,4.113828365944681,-1.6730880528953955,2.1176283641567486,-1.658117904838305,-0.05999999865889549,0.029615268111228943,0.016126794224195436,0.14114048925910225,-2.7994717870082177,1
126.55,2,4.03728524003021,-1.730797704070244,-0.7086071005360942,4.107786058558608,-1.6733085618121133,2.0908646864721225,-1.6411812677793773,-0.05999999865889549,0.02799106016755104,0.016126794224195436,0.14114048925910225,-2.7994717870082177,1
126.65,2,4.033534223585135,-1.7307529084389037,-0.6547832077226663,4.104037330779093,-1.673447021390721,2.1446885792855506,-1.5400174182956963,-0.05999999865889549,0.02468910627067089,0.016126794224195436,0.14114048925910225,-2.7994717870082177,1
126.75,2,4.025428257763887,-1.730676080733243,-0.47339809807762867,4.095937286409281,-1.6737661852963803,2.326073688930588,-1.3591038660293888,-0.05999999865889549,0.023274369537830353,0.016126794224195436,0.14114048925910225,-2.7994717870082177,1
126.85,2,4.019372065371555,-1.730626493009114,-0.42115855994307433,4.089885899659456,-1.6740124445893247,2.3783132270651417,-1.257561913308393,-0.05999999865889549,0.01683991402387619,0.016126794224195436,0.14114048925910225,-2.7994717870082177,1
126.95,2,4.013395597201965,-1.7305901112029913,-0.31543949798150617,4.083914786972954,-1.6742680002643464,2.484032289026711,-1.117721623961021,-0.05999999865889549,-0.006358983926475048,0.016126794224195436,0.14114048925910225,-2.7994717870082177,1
127.05,2,4.007380301703324,-1.7305540700531687,-0.34147083780311643,4.07790490993226,-1.6745257925376869,2.4580009492051,-1.0472522416527728,-0.05999999865889549,0.011555449105799198,0.016126794224195436,0.14114048925910225,-2.7994717870082177,1
127.15,2,4.001423456865072,-1.7305224768848857,-0.30270066328822465,4.071953631038133,-1.674785172721203,2.4967711237199923,-1.043044480459462,-0.05999999865889549,0.052410516887903214,0.016126794224195436,0.14114048925910225,-2.7994717870082177,1
127.25,2,3.9954259893800224,-1.7304961778219583,-0.09380553867819454,4.065962036543855,-1.675051824724913,2.7056662483300222,-0.9689987364970829,-0.05999999865889549,0.026313627138733864,0.016126794224195436,0.14114048925910225,-2.7994717870082177,1
127.35,2,3.991473789668337,-1.7304916245082127,-0.05176839300625978,4.062014331049723,-1.6752403044991915,2.7477033940019573,-0.6817709841519513,-0.05999999865889549,-0.0038085458800196648,0.016126794224195436,0.14114048925910225,-2.7994717870082177,1
127.45,2,3.9834193331861165,-1.7304976299437165,0.13969919821263568,4.053969780164203,-1.6756396869468684,2.9391709852208527,-0.5761242959239221,-0.05999999865889549,-0.027734000235795975,0.016126794224195436,0.14114048925910225,-2.7994717870082177,1
127.55,2,3.9777310817842078,-1.730507992311499,0.08555245416166028,4.048288823295643,-1.6759278543418834,2.8850242411698774,-0.5755627584056336,-0.05999999865889549,-0.056337472051382065,0.016126794224195436,0.14114048925910225,-2.7994717870082177,1
127.65,2,3.971378418682273,-1.7305163324274104,-0.04385543573903023,4.04194414887627,-1.6762464521390659,2.755616351269187,-0.6912956550163588,-0.05999999865889549,-0.06823383271694183,0.006126794224196375,0.1411404892591033,-2.79947178700823,1
127.75,2,3.955440005713493,-1.7304931695346346,-0.34748063121022377,4.036011691594185,-1.6765133523144355,2.451991155798005,-1.0138411281016175,-0.05999999865889549,-0.07810594141483307,0.006126794224196375,0.1411404892591033,-2.79947178700823,1
127.85,2,3.9494488302100166,-1.7304466515918806,-0.7211048827857443,4.030025394071104,-1.6767595022638657,2.0783669042224857,-1.2883692565903861,-0.05999999865889549,-0.07993268966674805,0.006126794224196375,0.1411404892591033,-2.79947178700823,1
127.95,2,3.9434073030198524,-1.7303479818586804,-1.1203466414783643,4.023986257828918,-1.676956021866103,1.6791251455298655,-1.7604773923176247,-0.05999999865889549,-0.06356426328420639,0.006126794224196375,0.1411404892591033,-2.79947178700823,1
128.05,2,3.937470140192882,-1.730218290905915,-1.358107719912432,4.018049846306416,-1.677116460055757,1.441364067095797,-2.0706612650569167,-0.05999999865889549,-0.06032324582338333,0.006126794224196375,0.1411404892591033,-2.79947178700823,1
128.15,2,3.9313982559096523,-1.7300507475947982,-1.8212592238271135,4.011977025375461,-1.6772456709321346,0.9782125631811165,-2.4597237697295906,-0.05999999865889549,-0.04894834756851196,0.006126794224196375,0.1411404892591033,-2.79947178700823,1
128.25,2,3.925415754490032,-1.729854231921325,-1.9531088558570926,4.005992065611047,-1.677341578512862,0.846362931151137,-2.7039062074818445,-0.05999999865889549,-0.014240462332963943,0.006126794224196375,0.1411404892591033,-2.79947178700823,1
128.35,2,3.9196512988081214,-1.7296402672781774,-2.2140800447864493,4.000224039148387,-1.677409408471415,0.5853917422217806,-2.9718113249186815,-0.05999999865889549,0.007538198493421078,0.006126794224196375,0.1411404892591033,-2.79947178700823,1
128.45,2,3.9137219438963116,-1.729413880224992,-2.129557478175326,3.994290703531121,-1.6774728846160076,0.6699143088329028,-3.049664651756117,-0.05999999865889549,0.036058951169252396,0.006126794224196375,0.1411404892591033,-2.79947178700823,1
128.55,2,3.9077022550354292,-1.7291898916616484,-2.0975517957571292,3.9882672589140244,-1.6775431683488715,0.7019199912510995,-3.0086087906951158,-0.05999999865889549,0.03715556114912033,0.006126794224196375,0.1411404892591033,-2.79947178700823,1
128.65,2,3.90172778995406,-1.7289835585626059,-1.8655558312107063,3.982289846408617,-1.6776288777209918,0.9339159557975231,-2.9014319258950003,-0.05999999865889549,0.019706977531313896,0.006126794224196375,0.1411404892591033,-2.79947178700823,1
128.75,2,3.8957192007691104,-1.7287951717899226,-1.6663753413050577,3.9762792270324177,-1.6777341786424917,1.1330964457031718,-2.709177898258063,-0.05999999865889549,-0.026825319975614548,0.006126794224196375,0.1411404892591033,-2.79947178700823,1
128.85,2,3.8897140577814353,-1.7286278779933921,-1.6170151329810054,3.970273079933562,-1.6778603790533153,1.182456654027224,-2.66769045219574,-0.05999999865889549,0.023157574236392975,0.006126794224196375,0.1411404892591033,-2.79947178700823,1
128.95,2,3.8837571970300835,-1.7284612220620363,-1.5442512884237365,3.9643151886041066,-1.6779848584365333,1.2552204985844928,-2.7728423145665184,-0.05999999865889549,-0.01275239884853363,0.006126794224196375,0.1411404892591033,-2.79947178700823,1
129.05,2,3.8777233607557715,-1.7282997652799623,-1.5451393109661598,3.958280667544602,-1.6781182902920857,1.2543324760420695,-2.734876964265754,-0.05999999865889549,-0.02869115024805069,0.0061267942241954275,0.1411404892591027,-2.799471787008219,1
129.15,2,3.8717981175274745,-1.7281429212989854,-1.5025165057871952,3.9523548352266267,-1.6782510256983931,1.296955281221023,-2.8264605374905907,-0.05999999865889549,-0.05806998163461685,0.0061267942241954275,0.1411404892591027,-2.799471787008219,1
129.25,2,3.865700393211273,-1.727971413705121,-1.7199942082156334,3.9462560114827174,-1.6783775390647728,1.079477578792585,-2.948266632873701,-0.05999999865889549,-0.09086409956216812,0.0061267942241954275,0.1411404892591027,-2.799471787008219,1
129.35,2,3.8597242415701847,-1.727782750595391,-1.9560994733765724,3.9402777774425566,-1.6784809797111462,0.8433723136316467,-3.308154010588086,-0.05999999865889549,-0.14523273706436157,0.0061267942241954275,0.1411404892591027,-2.799471787008219,1
129.45,2,3.8536837658756573,-1.7275417003468367,-2.7473391651787566,3.934232737496789,-1.6785352373610574,0.0521326218294617,-3.6543888649908687,-0.05999999865889549,-0.11924704909324646,0.0061267942241954275,0.1411404892591027,-2.799471787008219,1
129.55,2,3.8480625440214196,-1.7272382133958382,-3.412534683058671,3.9286034016049785,-1.6785066562281836,-0.6130628960504528,-4.416903653148218,-0.05999999865889549,-0.1198250874876976,0.0061267942241954275,0.1411404892591027,-2.799471787008219,1
129.65,2,3.842262257632916,-1.726865161777179,-3.9782710671000387,3.9227918172992826,-1.6784173390594246,-1.1787992800918203,-4.928635535774789,-0.05999999865889549,-0.07332348823547363,0.0061267942241954275,0.1411404892591027,-2.799471787008219,1
129.75,2,3.838462497458996,-1.7265793585047524,-4.639055292874874,3.9189826330137163,-1.67831745928954,-1.8395835058666554,-5.649331040958017,-0.05999999865889549,-0.0415780209004879,0.0061267942241954275,0.1411404892591027,-2.799471787008219,1
129.85,2,3.830864583004918,-1.7259403763543208,-4.897717585872061,3.9113625777574272,-1.6780503261183193,-2.0982457988638417,-5.975957574749973,-0.05999999865889549,-0.007183724083006382,0.0061267942241954275,0.1411404892591027,-2.799471787008219,1
129.95,2,3.8245866090117677,-1.7253948078811834,-5.0458223568089995,3.9050654501052895,-1.6778120285097764,-2.246350569800781,-6.216856190288788,-0.05999999865889549,0.055391933768987656,0.0061267942241954275,0.1411404892591027,-2.799471787008219,1
130.05,2,3.8225991978857734,-1.7234188502185297,-4.7309856785200335,3.8990806177900335,-1.6775837218197336,-1.9714516810728788,-6.2291596215163505,-0.05999999865889549,0.06418801099061966,0.01283435351142156,0.13813058725847485,-2.699490651757874,1
130.15,2,3.8225503070942253,-1.720747120113832,-4.491253754333272,3.8930369121290895,-1.6773865323023949,-1.7917631025753966,-5.944301679783325,-0.05999999865889549,0.058154262602329254,0.01283435351142156,0.13813058725847485,-2.699490651757874,1
130.25,2,3.816493518987144,-1.7203020313123434,-3.91917265289261,3.886965882676663,-1.6772271974252866,-1.2196820011347358,-5.702853588018708,-0.05999999865889549,0.024101311340928078,0.01283435351142156,0.13813058725847485,-2.699490651757874,1
130.35,2,3.8104606366022185,-1.7198997126123807,-3.6840606596682126,3.8809207467859457,-1.6771094592860116,-0.9845700079103398,-5.362525240022636,-0.05933826044201851,-0.05089868865907192,0.01283435351142156,0.13813058725847485,-2.699490651757874,1
130.45,2,3.8044197214304947,-1.7195083455574491,-3.7965486473326573,3.8748681028183403,-1.6770030389634027,-1.0970579955747828,-5.2841406865683185,-0.05985211208462715,-0.026894884184002876,0.01283435351142156,0.13813058725847485,-2.699490651757874,1
130.55,2,3.798580331813716,-1.7191145659464222,-3.965040476372073,3.8690166471459695,-1.6768847173978407,-1.2655498246141994,-5.492635126318865,-0.05990072712302208,0.04810511581599712,0.01283435351142156,0.13813058725847485,-2.699490651757874,1
130.65,2,3.7925176277674626,-1.7186850850961237,-4.012755050380735,3.862940443415911,-1.6767412517780445,-1.313264398622862,-5.588474426916066,-0.060013797134160995,0.12278275936841965,0.01283435351142156,0.13813058725847485,-2.699490651757874,1
130.75,2,3.7865425773262817,-1.7182943943538291,-3.397440451962725,3.856953622941025,-1.6766324049487558,-0.6979498002048509,-5.261880614727477,-0.06001856550574303,0.18278275936841964,0.01283435351142156,0.13813058725847485,-2.699490651757874,1
130.85,2,3.7807468133278506,-1.7180060774215942,-2.1349394139558697,3.8511507115113552,-1.676617374368738,0.5645512378020037,-4.7860558675495035,-0.060016293078660965,0.219498872756958,0.01283435351142156,0.13813058725847485,-2.699490651757874,1
130.95,2,3.7759974834254435,-1.7178650777736888,-1.0891457547053636,3.8464000112294148,-1.6767002130902335,1.61034489705251,-3.8057214615102666,-0.06000654771924019,0.21213367581367493,0.01283435351142156,0.13813058725847485,-2.699490651757874,1
131.05,2,3.771133668906672,-1.7179122351222245,-0.19795906596285867,3.842992495344312,-1.6768228845396171,2.5071783730200154,-3.059262028917214,-0.06000654771924019,0.21213367581367493,-0.009676329658898915,0.14318429316847597,-2.799471787008207,1
131.15,2,3.740311057412198,-1.7193829736023276,1.0979794232969493,3.836480937397577,-1.6771929654703974,3.897451210305157,-1.927264137872611,-0.059999313205480576,0.13412870466709137,-0.009676329658898915,0.14318429316847597,-2.799471787008207,1
131.25,2,3.737093544946449,-1.7183785096217727,1.8480840877029514,3.8332550632734783,-1.6774324031388064,4.633331462065321,-1.2452097911386275,-0.05999913439154625,0.0837019756436348,-0.012811929998116296,0.1442795645538486,-2.6994906517578694,1
131.35,2,3.7294345235776416,-1.7121645486531065,3.238800821981372,3.8255276670785263,-1.678133288263427,5.938291473739241,-0.39562986181264875,-0.0599994920194149,0.04905641824007034,-0.012811929998116296,0.1442795645538486,-2.6994906517578694,1
131.45,2,3.7235321785677113,-1.7135395095084252,3.7511878500542193,3.8195836437360007,-1.6787736181114532,6.387576455560128,0.009189529314815049,-0.059999819844961166,0.09801333397626877,-0.01751167419754637,0.13208418611245804,-2.5495189488823575,1
131.55,2,3.717532555080193,-1.7153540237796105,4.2439310932890875,3.813526350165815,-1.6794642332068732,6.793450042171446,0.4368466415667506,-0.0599999837577343,0.10296378284692764,-0.01751167419754637,0.13208418611245804,-2.5495189488823575,1
131.65,2,3.711473810723542,-1.7158460820216057,4.9539364092301,3.807495491196514,-1.6802253144017354,7.503455358112455,0.8449944857671641,-0.06000003591179848,0.15027573704719543,-0.01751167419754637,0.13208418611245804,-2.5495189488823575,1
131.76,2,3.707637777253495,-1.7161898924252024,5.348703026514663,3.8036785484810594,-1.680739422059604,7.898221975397021,1.5372183432457431,-0.06000002846121788,0.09104309976100922,-0.01751167419754637,0.13208418611245804,-2.5495189488823575,1
131.85,2,3.7019041589731962,-1.7167599756999519,6.066252186888011,3.79797596453519,-1.6815639885303293,8.615771135770366,2.0891387020023484,-0.06000002846121788,0.09104309976100922,-0.01751167419754637,0.13208418611245804,-2.5495189488823575,1
131.95,2,3.69430255965239,-1.71568974031207,6.928031364286759,3.7903982100739104,-1.6827847259793385,9.56219949779185,2.7472051683262078,-0.06000000610947609,0.1023949533700943,-0.010992333333892188,0.1496462873452997,-2.749481219382993,1
132.05,2,3.68836902977683,-1.7137609901358073,7.286784073835324,3.784488676655592,-1.6838071840064068,10.036265293218317,3.095669631063873,-0.05999999865889549,0.06356790661811829,-0.010992333333892188,0.1496462873452997,-2.749481219382993,1
132.16,2,3.6842604954858613,-1.7143117734444069,8.06628824040489,3.780411292594681,-1.6845544158933936,10.815769459787878,3.7122735341259085,-0.05999999865889549,0.08532444387674332,-0.010992333333892188,0.1496462873452997,-2.749481219382993,1
132.25,2,3.678251484068097,-1.7151822565427433,8.414663141484185,3.7744509549028358,-1.6857121436863047,11.164144360867182,4.043777209803684,-0.05999999865889549,0.08532444387674332,-0.010992333333892188,0.1496462873452997,-2.749481219382993,1
132.35,2,3.672049698942706,-1.7158835628831006,8.765352814170909,3.76864065988021,-1.6868796432916093,11.497433168757942,4.395402971069133,-0.05999999865889549,0.034457966685295105,-0.026654589553497546,0.13357074280430162,-2.449537813631978,1
132.45,2,3.6604034216845993,-1.7149289050811047,9.191461290323307,3.7610656552337147,-1.6884410342054967,11.72090420109461,4.683687657759674,-0.05999999865889549,0.03140623867511749,-0.026654589553497546,0.13357074280430162,-2.449537813631978,1
132.55,2,3.6529395564896263,-1.7150360045471886,9.421676835488897,3.7552404073266636,-1.6896536536016382,11.871214649120878,4.833153174759108,-0.05999999865889549,-0.02710597589612007,-0.026654589553497546,0.13357074280430162,-2.449537813631978,1
132.65,2,3.647056686529763,-1.7160136491774274,9.402088581534505,3.749404696853678,-1.690881835698553,11.851626395166482,4.936393241794161,-0.05999999865889549,0.015765856951475143,-0.026654589553497546,0.13357074280430162,-2.449537813631978,1
132.75,2,3.6411796812499877,-1.7169836699356724,9.402835170801591,3.743574519861629,-1.692102150236416,11.852372984433568,4.888671424812318,-0.05999999865889549,0.053303174674510956,-0.026654589553497546,0.13357074280430162,-2.449537813631978,1
132.85,2,3.6352269217064346,-1.7179704314630104,9.466913830182067,3.737669373317905,-1.6933424279441665,11.916451643814044,4.982937005482358,-0.05999999865889549,0.016666095703840256,-0.026654589553497546,0.13357074280430162,-2.449537813631978,1
132.95,2,3.629191529724993,-1.7189906657828518,9.694402225372853,3.7316831004512565,-1.6946196795259127,12.143940039004832,5.285762858135592,-0.05999999865889549,-0.0025302437134087086,-0.026654589553497546,0.13357074280430162,-2.449537813631978,1
133.05,2,3.6233773553919244,-1.7199834233500413,9.665962252383189,3.72591666875354,-1.6958600247351514,12.115500066015167,5.3722907237625295,-0.05999999865889549,-0.035265352576971054,-0.026654589553497546,0.13357074280430162,-2.449537813631978,1
133.15,2,3.617447078408042,-1.72098965736238,9.588071308786885,3.720034816469907,-1.6971187962420864,12.03760912241886,5.344897608765527,-0.05999999865889549,-0.04351240396499634,-0.026654589553497546,0.13357074280430162,-2.449537813631978,1
133.25,2,3.611592273492787,-1.721970439027007,9.371714238410139,3.714227279472335,-1.6983489130215845,11.821252052042114,5.215800304405883,-0.05999999865889549,-0.06210343912243843,-0.026654589553497546,0.13357074280430162,-2.449537813631978,1
133.35,2,3.605695873308471,-1.7229364655493464,9.1652877563846,3.7083775545862627,-1.6995660659013574,11.614825570016578,4.9486041947302954,-0.05999999865889549,-0.06056468188762665,-0.026654589553497546,0.13357074280430162,-2.449537813631978,1
133.45,2,3.5998508877140085,-1.7238588878053684,8.833997353374132,3.7025773336864596,-1.7007374569254585,11.283535167006109,4.724090603278761,-0.05999999865889549,-0.06128483638167381,-0.026654589553497546,0.13357074280430162,-2.449537813631978,1
133.55,2,3.593903730744485,-1.7247608232037224,8.340159780584655,3.6966741591729853,-1.7018927465629228,10.789697594216634,4.359172974609322,-0.05999999865889549,-0.10698836296796799,-0.026654589553497546,0.13357074280430162,-2.449537813631978,1
133.65,2,3.5879756881980036,-1.7256185460310334,8.026587513212002,3.6907881919945837,-1.7030030470880804,10.476125326843983,4.0909433484603674,-0.05999999865889549,-0.1522689014673233,-0.026654589553497546,0.13357074280430162,-2.449537813631978,1
133.76,2,3.5840828125395237,-1.726149386148234,7.519423793449736,3.68692156127636,-1.7036997816223924,9.968961607081715,3.479488220580365,-0.05999999865889549,-0.1541452258825302,-0.026654589553497546,0.13357074280430162,-2.449537813631978,1
133.85,2,3.5853260252223724,-1.7282660611597747,6.279943719179715,3.679438828453953,-1.7049379754472986,8.778451498519303,2.960493131631367,-0.05999999865889549,-0.16996432840824127,-0.005495392478145555,0.13740811698960811,-2.5495189488823433,1
133.95,2,3.5892935244124295,-1.730043312327359,5.4197053784578495,3.6743001139357854,-1.7056965939430049,7.969224327340194,2.0591498419422103,-0.05999999865889549,-0.115020751953125,-0.005495392478145555,0.13740811698960811,-2.5495189488823433,1
134.05,2,3.5841096028389146,-1.7305119891907799,4.839269233348621,3.6691421717363446,-1.7063954023215246,7.388788182230967,1.4254667251113096,-0.05458546057343483,-0.040020751953125,-0.005495392478145555,0.13740811698960811,-2.5495189488823433,1
134.15,2,3.5783852474780855,-1.7309773823831385,4.521106531532983,3.6634441846312567,-1.7071149702966277,7.070625480415326,0.7316787411715937,-0.05423255264759064,0.06798073410987854,-0.005495392478145555,0.13740811698960811,-2.5495189488823433,1
134.25,2,3.5760085486200515,-1.7311643909359435,4.490601023868569,3.6580477589114806,-1.707784712727955,7.242370937663054,0.6893138195822787,-0.058169249445199966,0.18798073410987853,-0.005495392478145555,0.13740811698960811,-2.5495189488823433,1
134.35,2,3.5705877171602984,-1.7364390545754649,5.277762075552519,3.652589681165285,-1.70850445634281,7.827281024434861,1.2774424101834383,-0.05942922458052635,0.30798073410987853,-0.0013518047127876237,0.1313335932199964,-2.549518948882299,1
134.45,2,3.5684513949252294,-1.7382654576723637,5.843530546004764,3.649434661063361,-1.7089535247843304,8.393049494887064,1.9796806276752503,-0.06024690344929695,0.38,-0.0013518047127876237,0.1313335932199964,-2.549518948882299,1
134.55,2,3.5634193655343873,-1.7388377803051418,7.138229649247556,3.644433071151853,-1.7097491197462236,9.687748598129856,3.2934100204319137,-0.06026111915707588,0.38,-0.0013518047127876237,0.1313335932199964,-2.549518948882299,1
134.65,2,3.560007365231896,-1.7392950169944326,8.216640838399993,3.6410447873952667,-1.7103576792249047,10.766159787282291,4.2199654686742525,-0.06016577407717705,0.38,-0.0013518047127876237,0.1313335932199964,-2.549518948882299,1
134.76,2,3.5576548810252744,-1.7396464828301315,8.867293375528114,3.638710265986578,-1.7108134422866363,11.416812324410413,5.651196060939793,-0.060056354850530624,0.3799130916595459,-0.0013518047127876237,0.1313335932199964,-2.549518948882299,1
134.85,2,3.5527591559838214,-1.7404880995382084,10.551394520157126,3.6338568244626335,-1.7118720015615376,13.10091346903943,6.613347643522184,-0.06000390276312828,0.3792145550251007,-0.0013518047127876237,0.1313335932199964,-2.549518948882299,1
134.95,2,3.551107555994172,-1.7408068015181017,11.23257466042787,3.6303445918797363,-1.712730632440181,14.23693559772177,8.067270822740518,-0.05998824164271355,0.37311771512031555,-0.0013518047127876237,0.1313335932199964,-2.549518948882299,1
135.05,2,3.5333030361939777,-1.7395147633473012,12.459303609914631,3.6281000591206856,-1.713314622084331,15.037161460403958,9.028121893321421,-0.05998824164271355,0.37311771512031555,-0.023779713424000558,0.13823664234046243,-2.599509516507535,1
135.15,2,3.5196922505510226,-1.738591077863385,13.202121383180168,3.6234311753566213,-1.714619735084997,16.27817171669019,10.461421038735823,-0.059995073825120926,0.37698274850845337,-0.023779713424000558,0.13823664234046243,-2.599509516507535,1
135.25,2,3.5102534062573407,-1.7376521976180495,14.909026900419288,3.6199973105401337,-1.7156525973840373,17.28182902291692,11.409867301236606,-0.05999870225787163,0.37970393896102905,-0.03943132186646473,0.12257924443395399,-2.299566110756519,1
135.36,2,3.5091955758189473,-1.7366203765273205,15.59202920705761,3.6177768208090226,-1.7163586804461937,17.948410075698654,12.87795701548864,-0.06000024452805519,0.37990593910217285,-0.015794197711315894,0.14608637083483497,-2.599509516507514,1
135.45,2,3.5158455335689465,-1.73389881510617,16.674081952751347,3.6132711944993123,-1.7178750728491488,19.27359146925885,13.865259768910814,-0.06000052019953728,0.38,-0.015794197711315894,0.14608637083483497,-2.599509516507514,1
135.56,2,3.511782505438763,-1.7347173188648646,17.605737647694067,3.610973359461953,-1.7186962703575281,20.172008835832873,15.324277817459487,-0.06000034138560295,0.38,-0.04124868940374492,0.1266838199948237,-2.2995661107565226,1
135.65,2,3.493527730942499,-1.736962673497484,19.33654574056526,3.6067072341285855,-1.7203155297289232,21.63611185132179,16.313153881053157,-0.06000013276934624,0.38,-0.04124868940374492,0.1266838199948237,-2.2995661107565226,1
135.75,2,3.492300065328364,-1.7359305563850789,20.226226296767358,3.60345106312413,-1.7216383649519325,22.57539062536235,17.809074729162607,-0.060000013560056686,0.38,-0.03380106756022419,0.1373264710550512,-2.399547246006888,1
135.85,2,3.492248300640048,-1.7344808158083413,20.89680440816408,3.6013259661499037,-1.722538229379801,23.29635165417098,18.787395610474725,-0.060000013560056686,0.38,-0.03380106756022419,0.1373264710550512,-2.399547246006888,1
135.96,2,3.4881527091056337,-1.7364519071759998,21.79759469146147,3.597952776721943,-1.7240139545718345,24.20867362404387,20.295303909314764,-0.0599999763071537,0.3799925148487091,-0.03628509142849557,0.1379425419994621,-2.4995283812572047,1
136.05,2,3.4796498328206056,-1.7427202402150312,22.347723756082235,3.594607688358552,-1.7255394689067185,24.847252137339435,21.29482629290143,-0.0599999763071537,0.3799925148487091,-0.03628509142849557,0.1379425419994621,-2.4995283812572047,1
136.15,2,3.4746210223851848,-1.7396216929798658,23.45902781086318,3.5904661796938444,-1.727498327572566,25.907105589980272,22.779974936890067,-0.05999999865889549,0.3799983859062195,-0.04113309006846284,0.14128630752242566,-2.399547246006843,1
136.25,2,3.4705093990105293,-1.7365072168800508,24.523170023645616,3.587182349890798,-1.7291224016895714,26.92271726965245,23.798166658912784,-0.05999999865889549,0.37999990582466125,-0.04113309006846284,0.14128630752242566,-2.399547246006843,1
136.35,2,3.468235034452107,-1.7375618992231647,25.197313733479845,3.5849541367697393,-1.7302713817923705,27.59686097948668,25.333835368047456,-0.05999999865889549,0.38,-0.04113309006846284,0.14128630752242566,-2.399547246006843,1
136.45,2,3.465098483276846,-1.7390799902985283,26.42048303072904,3.581883894915659,-1.731919462113708,28.820030276735878,26.350036429540395,-0.05999999865889549,0.38,-0.04113309006846284,0.14128630752242566,-2.399547246006843,1
136.55,2,3.46194141242635,-1.741914642722827,27.46162797556329,3.57880195006238,-1.7336481253922404,29.861175221570125,27.876142956325005,-0.05999999865889549,0.38,-0.04115948552497924,0.13530091334380234,-2.3995472460068203,1
136.65,2,3.45783893208199,-1.7488243543464996,28.33392360210903,3.57481446113369,-1.735977971990019,30.733470848115857,28.89195627234018,-0.05999999865889549,0.38,-0.04115948552497924,0.13530091334380234,-2.3995472460068203,1
136.75,2,3.4502463035944584,-1.7490897765574327,29.145653181661,3.5716675778576303,-1.7378723793723792,31.501337500434346,30.38871206216954,-0.05999999865889549,0.37999996542930603,-0.05440715117264382,0.13260853105250245,-2.2995661107564835,1
136.86,2,3.4425627126374843,-1.7483565215505878,29.760316367214532,3.569626017027336,-1.739137100999207,32.05988247797103,31.405004404774903,-0.05999999865889549,0.37999996542930603,-0.05440715117264382,0.13260853105250245,-2.2995661107564835,1
136.96,2,3.439410399790629,-1.7501978459847687,30.824092175485593,3.5665501244586175,-1.7411034267255454,33.123658286242076,32.93426678678882,-0.05999999865889549,0.3799999952316284,-0.05440715117264382,0.13260853105250245,-2.2995661107564835,1
137.05,2,3.437104739685186,-1.7552823319133655,32.039552767302546,3.5626746448540256,-1.7436904563193258,34.38354410794197,33.94704646546864,-0.0597837008535862,0.3799999952316284,-0.04735551024443522,0.13272173130047474,-2.399547246006843,1
137.15,2,3.43608317155776,-1.7605826025054754,33.18390148202926,3.559652675636958,-1.7458004408049785,35.583448728036096,35.4460112954397,-0.059482838958501816,0.3799999952316284,-0.04735551024443522,0.13272173130047474,-2.399547246006843,1
137.25,2,3.433888519191459,-1.7615731475091503,34.3311314411696,3.557877002586797,-1.7470965596005474,36.73067868717646,36.439712191441245,-0.059482838958501816,0.3799999952316284,-0.0532341588602803,0.136414740022875,-2.3995472460068754,1
137.35,2,3.427862166009471,-1.7617132270134384,35.53272962306799,3.5550054649102827,-1.7492846904052457,37.93227686907484,38.023175834653,-0.06141223385930061,0.3799999952316284,-0.0532341588602803,0.136414740022875,-2.3995472460068754,1
137.45,2,3.4231205837481413,-1.7618450832890347,36.596920557407955,3.55123139934668,-1.752315222420635,39.58974094769068,39.05704947823109,-0.060006193816661835,0.3799999952316284,-0.0532341588602803,0.136414740022875,-2.3995472460068754,1
137.55,2,3.415047080954803,-1.7658471418640318,38.69248913698225,3.548472576795555,-1.7546491610733481,40.88051470680037,40.59369348339424,-0.06325974315404892,0.3799999952316284,-0.06828440227436948,0.11739193844261563,-2.0996038402559183,1
137.65,2,3.411679850401325,-1.7675834213734019,39.62427553786142,3.545760158934456,-1.7570477196235723,42.118810316713834,41.62471716596636,-0.06258898973464966,0.3799999952316284,-0.06828440227436948,0.11739193844261563,-2.0996038402559183,1
137.75,2,3.4087552288423346,-1.7732041587101357,40.55668346207313,3.5439823453209054,-1.7586689830644069,42.7119893810377,43.14579437893743,-0.06258898973464966,0.3799999952316284,-0.06522400702164839,0.11759284003105326,-2.1995849755062955,1
137.85,2,3.405914778697865,-1.77742678587251,41.45408601779311,3.541358290810714,-1.7611306498942056,43.67191433795714,44.14990415916133,-0.060903411358594894,0.3799999952316284,-0.062008192625968066,0.12766534360937865,-2.2995661107566603,1
137.95,2,3.4031451572694293,-1.7765580663098561,42.53999533203815,3.538768348564753,-1.76365334132647,44.839561442794825,45.679505018696084,-0.06157943233847618,0.3799999952316284,-0.062008192625968066,0.12766534360937865,-2.2995661107566603,1
138.05,2,3.404611435532559,-1.7778766681221763,44.3936646309508,3.535466111537685,-1.7670500370681372,46.743112611590604,46.6894612366551,-0.060579415410757065,0.3799999952316284,-0.048851346295405974,0.13759877603085358,-2.3995472460070415,1
138.15,2,3.407064401521933,-1.7783897994247129,45.65541491639084,3.533103613188486,-1.76961711558252,48.05496216239789,48.21903745792666,-0.061671070754528046,0.3799999952316284,-0.048851346295405974,0.13759877603085358,-2.3995472460070415,1
138.25,2,3.4059636482395286,-1.7795231337432793,46.05150308351375,3.5308696786410554,-1.7721388825436875,48.94396874582451,49.240124160215395,-0.06175767257809639,0.3799999952316284,-0.048851346295405974,0.13759877603085358,-2.3995472460070415,1
138.35,2,3.3974806942842393,-1.7808991757785446,47.37222632472041,3.529205027103045,-1.774068825668008,49.596571871576074,50.74243050996239,-0.06175767257809639,0.3799999952316284,-0.06829596453928298,0.122552214564999,-2.099603840256074,1
138.45,2,3.392448639579216,-1.7831936970733118,48.531862272352626,3.526846952430906,-1.7768909230092957,50.65981415366596,51.76325086484523,-0.06003473326563835,0.3799999952316284,-0.052016318498885834,0.12873014305528574,-2.2995661107566856,1
138.55,2,3.398321308167289,-1.7909661409050055,49.470171356401664,3.5245853935446863,-1.7797082244712956,51.76973746715833,52.792138026623505,-0.05885591357946396,0.3799999952316284,-0.052016318498885834,0.12873014305528574,-2.2995661107566856,1
138.65,2,3.3950895112875914,-1.7919426420070408,50.72918738843305,3.52243182494641,-1.7824989255435646,53.02875349918974,54.350049843288,-0.05773444101214409,0.3799999952316284,-0.05625286969054597,0.13628225086672313,-2.299566110756675,1
138.75,2,3.3888763101572708,-1.789828938680676,52.65480285155025,3.5196385342142764,-1.786326949024888,54.95436896230696,55.942939609209354,-0.04668036848306656,0.3799999952316284,-0.05625286969054597,0.13628225086672313,-2.299566110756675,1
138.85,2,3.386137108894615,-1.7919913763137096,53.498053330531356,3.5183561368533356,-1.7881800104097036,55.768121066222896,57.025360187324736,-0.04668036848306656,0.3799999952316284,-0.07235648539866553,0.12180564607287576,-2.099603840256024,1
138.95,2,3.375694969574638,-1.7974815805682927,55.255968465880514,3.5160531361548624,-1.791673139338485,57.35557230613654,58.66202299305045,-0.053526997566223145,0.3799999952316284,-0.07235648539866553,0.12180564607287576,-2.099603840256024,1
139.05,2,3.3759113694721834,-1.7979335603682904,56.39765385421108,3.5143550104764762,-1.7943853995278258,58.606904232491466,59.741075336806084,-0.05442807823419571,0.3799999952316284,-0.06196676899260113,0.13783194164394308,-2.299566110756725,1
139.15,2,3.3757552400890916,-1.7988948144573524,57.6257970802592,3.5126632698399987,-1.7972311738450013,59.92536319101592,61.368492641344794,-0.052751243114471436,0.3799999952316284,-0.06196676899260113,0.13783194164394308,-2.299566110756725,1
139.25,2,3.3745893076095594,-1.8018663795798189,58.60260582555672,3.511534398479948,-1.7992184047951487,60.88683073623878,62.4438273836795,-0.052751243114471436,0.3799999952316284,-0.06507674491551375,0.12511407780329054,-2.1995849755064794,1
139.35,2,3.3727017060365636,-1.8111515841923058,60.52032657785645,3.5095604581895756,-1.802895111193629,62.7199115533629,64.07038944987241,-0.050685133785009384,0.3799999952316284,-0.06507674491551375,0.12511407780329054,-2.1995849755064794,1
139.46,2,3.370019039940513,-1.81379695713502,61.32307479241877,3.508500155803295,-1.8049839134725358,63.54678043267845,65.16671379388676,-0.050685133785009384,0.3799999952316284,-0.06808882408472457,0.12862823043050087,-2.299566110756749,1
139.55,2,3.3636344337506863,-1.8185288545828782,62.404113464503084,3.5070878582669365,-1.807893798452476,64.70367957525981,66.79413965355849,-0.04506731778383255,0.3799999952316284,-0.06808882408472457,0.12862823043050087,-2.299566110756749,1
139.65,2,3.3621070616691155,-1.821346105145609,63.71762511006588,3.5057507503799763,-1.8108081912462057,66.0490003024774,67.91106888557819,-0.0399957150220871,0.3799999952316284,-0.061747670131960586,0.14085663394320164,-2.499528381257471,1
139.75,2,3.3600826539636017,-1.824513270664779,65.72169996825264,3.5042867973460248,-1.814270010440857,68.22122834951008,69.63999131703117,-0.03840874508023262,0.3799999952316284,-0.061747670131960586,0.14085663394320164,-2.499528381257471,1
139.85,2,3.3595588688808533,-1.8256935361247615,66.40878673686812,3.50358056386176,-1.8160816212934503,69.29827311575431,70.83749867114417,-0.03840874508023262,0.3799999952316284,-0.061747670131960586,0.14085663394320164,-2.499528381257471,1
139.95,2,3.3608603399578443,-1.8298031869130336,68.6755699386139,3.5023613168440666,-1.8194607506318459,71.10239430936255,72.63950715436751,-0.04830366373062134,0.3799999952316284,-0.06115622840274936,0.13462845816736516,-2.399547246007163,1
140.05,2,3.3613471427096067,-1.831463569353935,69.43618536450317,3.5014180938626684,-1.8223093162824846,72.52389642783066,73.81055992452664,-0.05051257833838463,0.3799999952316284,-0.06115622840274936,0.13462845816736516,-2.399547246007163,1
140.15,2,3.359498997932141,-1.8379351863675473,71.46180957357116,3.500532191007691,-1.8252634459057462,74.01101691296125,75.52691463892434,-0.04866630584001541,0.3799999952316284,-0.054782806260207796,0.14343077295027865,-2.5995095165078137,1
140.25,2,3.3589100361466837,-1.8400911619921858,71.9668307619049,3.499727531640554,-1.8281778073089436,75.10193762544425,76.60637439098196,-0.043988704681396484,0.3799999952316284,-0.054782806260207796,0.14343077295027865,-2.5995095165078137,1
140.35,2,3.3564447831648025,-1.8436383694092617,73.4020644634621,3.4991742282222935,-1.830308796657481,76.0015739799699,78.25977162522325,-0.043988704681396484,0.3799999952316284,-0.057028853259355944,0.14353061519420002,-2.5995095165078475,1
140.45,2,3.3548342334692944,-1.846018365420672,74.43933583206797,3.498299855176642,-1.8340378740260088,77.76816914675229,79.42012004310058,-0.04139668121933937,0.3799999952316284,-0.057028853259355944,0.14353061519420002,-2.5995095165078475,1
140.55,2,3.3570172716601876,-1.8499357696368168,76.57830047969675,3.4977491791259476,-1.8367400865629098,79.1014776750978,81.16321553504731,-0.03889651969075203,0.3799999952316284,-0.05631135055710667,0.1376052711960504,-2.499528381257518,1
140.65,2,3.357748400278562,-1.8510429499834877,77.1261839627433,3.4972719769413585,-1.8393553594601055,80.26448283522767,82.30902462286448,-0.03867923468351364,0.3799999952316284,-0.05631135055710667,0.1376052711960504,-2.499528381257518,1
140.75,2,3.3592877517682695,-1.8542321996685005,78.62454071856158,3.496986103386855,-1.8410906722456373,81.1240690998191,83.49672682159779,-0.03867923468351364,0.3799999952316284,-0.05243709815812842,0.13762121471609212,-2.4995283812575497,1
140.85,2,3.359140448381383,-1.8568972018196686,79.97791036250823,3.496591910981802,-1.8437894426158958,82.48988609830276,85.30959136495187,-0.03545014560222626,0.3799999952316284,-0.059219987372313904,0.14363451912418543,-2.599509516507853,1
140.95,2,3.349752504317248,-1.8592550112186799,81.16731787491709,3.4963044419096057,-1.8462164470441602,83.76682739142494,87.14050963424859,-0.04303562268614769,0.3799999952316284,-0.059219987372313904,0.14363451912418543,-2.599509516507853,1
141.05,2,3.3502501906361637,-1.8638548135614215,82.32871517988283,3.496056281692854,-1.8487082486620943,84.90720553239063,88.33475141409627,-0.04303562268614769,0.3799999952316284,-0.05863416364290929,0.12759306160572934,-2.499528381257526,1
141.15,2,3.35301893534938,-1.8756437331764635,84.28155048620508,3.495770674205942,-1.8525447139528528,86.78107886746258,90.11467324206696,-0.029855545610189438,0.36478134989738464,-0.05863416364290929,0.12759306160572934,-2.499528381257526,1
141.26,2,3.3526241996133326,-1.8772008113348932,85.39227811823088,3.495698688751592,-1.8540918572814344,87.87876137007895,91.33142152934572,-0.029855545610189438,0.36478134989738464,-0.0640888618335038,0.12152808640874103,-2.3995472460072165,1
141.35,2,3.3507593221661396,-1.8796319729733684,86.71095417730048,3.495637998143189,-1.8564333246764746,89.11050142330771,93.25676506776672,-0.023324059322476387,0.35738226771354675,-0.0640888618335038,0.12152808640874103,-2.3995472460072165,1
141.45,2,3.3502316630469924,-1.8830202865865158,88.22023500666465,3.495634962439456,-1.8584709183115675,90.59837643481107,94.59897393930642,-0.02537268027663231,0.37342244386672974,-0.0696352614026189,0.10925086930318623,-2.2995661107569405,1
141.56,2,3.348580152131728,-1.8898225211916706,89.47016581697059,3.495673993412181,-1.860310287476293,91.76973192772752,96.60035884096283,-0.01904214173555374,0.3610689342021942,-0.0696352614026189,0.10925086930318623,-2.2995661107569405,1
141.65,2,3.3495759280893593,-1.8926920889924723,90.86223212578935,3.495757096726029,-1.86227184633626,93.17549413347227,98.67143315867975,-0.014293648302555084,0.37316206097602844,-0.058905107878694365,0.10859951823968482,-2.3995472460072733,1
141.76,2,3.355856415967821,-1.8999306122857522,92.01638602710345,3.495859982336645,-1.8638005617201463,94.41593327311072,100.07584450903457,-0.0006473497487604618,0.36406654119491577,-0.058905107878694365,0.10859951823968482,-2.3995472460072733,1
141.85,2,3.352815673356711,-1.904991519543098,94.11659826319259,3.4960032265158993,-1.8653420663624716,96.46255806354179,101.57679906156042,0.011073611676692963,0.3535548448562622,-0.0682297994668429,0.09608130154608069,-2.2995661107569703,1
141.95,2,3.350090524081165,-1.9076647486217875,95.70832064459054,3.495966305793679,-1.8649749748186941,98.00788675534756,103.98064605873184,0.00570578221231699,0.37342265248298645,-0.0682297994668429,0.09608130154608069,-2.2995661107569703,1
142.05,2,3.3447826191435412,-1.9117588474357385,97.07596302676728,3.4958193755480003,-1.8639974637451098,99.42620239794716,105.51329898353401,0.014074444770812988,0.3772517144680023,-0.07499284791446041,0.09202789186218947,-2.399547246007286,1
142.15,2,3.339624780426624,-1.916056178564159,99.13481614602347,3.495697537467855,-1.8633609173262478,101.53436339203073,107.93191050109057,0.022039487957954407,0.38,-0.07499284791446041,0.09202789186218947,-2.399547246007286,1
142.25,2,3.339533584501125,-1.9155053000573108,99.96498962058422,3.4953918365225967,-1.8619512206420246,103.03980934930281,109.46674194416896,0.03203948795795441,0.38,-0.07499284791446041,0.09202789186218947,-2.399547246007286,1
142.35,2,3.3343919494142225,-1.9101622983717919,101.75830243450926,3.4949420971891394,-1.8600787087608697,104.15784968051658,111.52467908414424,0.03223102167248726,0.38,-0.08130242716968378,0.09555887316149729,-2.3995472460072738,1
142.45,2,3.332439737747674,-1.9080053883393586,102.35725078316894,3.494328169607972,-1.85773844333336,105.32299159069451,112.81284339863721,0.03790602087974548,0.38,-0.08130242716968378,0.09555887316149729,-2.3995472460072738,1
142.55,2,3.332439737747674,-1.9080053883393586,102.35725078316894,3.493571615213372,-1.8550509779525204,106.24035732117483,114.63099423478235,0.03790602087974548,0.38,-0.08130242716968378,0.09555887316149729,-2.3995472460072738,1
142.65,2,3.3253744441441397,-1.9238714736694995,104.75165339451048,3.4928379871543447,-1.8526164484050958,107.23419316722686,115.82865265133354,0.04341375455260277,0.38,-0.08447923425933332,0.07476504245024568,-2.499528381257651,1
142.75,2,3.323891091372068,-1.9271258474359967,105.50046656530859,3.4919982814015413,-1.8500296875504219,108.67835796805922,117.64681042744651,0.04635324329137802,0.3799522817134857,-0.08447923425933332,0.07476504245024568,-2.499528381257651,1
142.86,2,3.321813431096518,-1.9156513779582722,106.91433072424744,3.4912899382211444,-1.8479749061703283,109.41385910550508,118.78956025870689,0.03758402168750763,0.35894039273262024,-0.08629502231721445,0.08827464724568318,-2.4995283812577003,1
142.96,2,3.3203534450181644,-1.907873968144156,107.73755699915938,3.4902692875273145,-1.8451610288164653,110.42245623762716,120.51866402897986,0.03446963429450989,0.3525242507457733,-0.08629502231721445,0.08827464724568318,-2.4995283812577003,1
143.05,2,3.31260061453526,-1.9203566379000525,109.31659128934808,3.488925075633759,-1.8416791649381856,111.91610080585602,121.67872644023089,0.03446963429450989,0.3525242507457733,-0.08920589042829771,0.07766559239196087,-2.5995095165079314,1
143.15,2,3.3122232674108583,-1.9193113590986035,110.12225173819539,3.4879222635564373,-1.8393034112008169,113.68732840046763,123.51313306980877,0.048423631340265276,0.37780213356018066,-0.08920589042829771,0.07766559239196087,-2.5995095165079314,1
143.25,2,3.3108205964343838,-1.9151993140742274,112.27248442492963,3.486736352632056,-1.836671465849337,114.79656243122471,124.71338777306943,0.05308084934949875,0.3505631685256958,-0.09244193460222769,0.07180414709473588,-2.4995283812575737,1
143.35,2,3.311471348989405,-1.925628943529965,113.20411413415823,3.485267892960736,-1.833541865226425,115.60101811529144,126.32728506692244,0.05362270027399063,0.3719676733016968,-0.09560538896647897,0.033349400779702304,-2.2995661107569805,1
143.45,2,3.3122937653118263,-1.9362845101511985,113.87380548055505,3.4841848055235554,-1.8313084474709687,116.173371591312,127.35802998200289,0.05362270027399063,0.3719676733016968,-0.09560538896647897,0.033349400779702304,-2.2995661107569805,1
143.55,2,3.3061848850773954,-1.924170099363181,115.10540987902782,3.4821927510742774,-1.8273663760166,117.58600285766933,128.93149984894956,0.06110168248414993,0.38,-0.09237314536365959,0.06457744854502839,-2.5995095165079007,1
143.66,2,3.302337263503633,-1.9167126176545422,116.13861954080076,3.481077403845832,-1.825286058382905,118.73812905730878,129.99457722000489,0.0637013167142868,0.3643582761287689,-0.09237314536365959,0.06457744854502839,-2.5995095165079007,1
143.75,2,3.3003748385604754,-1.9125743888032796,117.94904907390553,3.4788108301400626,-1.8212997397050292,120.49607570096913,131.55968979441806,0.048701316714286805,0.3231443762779236,-0.09559011200133637,0.05875710730209994,-2.4995283812576528,1
143.85,2,3.2987056334122236,-1.9092574041831187,119.10706874854105,3.47689374998054,-1.8181129162115484,121.60659712979877,132.56162502246335,0.03794688731431961,0.2896879315376282,-0.09559011200133637,0.05875710730209994,-2.4995283812576528,1
143.95,2,3.29936467276493,-1.9123108046416342,120.10079534557062,3.47505979555161,-1.8151908242640704,122.53885476961094,134.09182953302997,0.04794688731431961,0.34968793153762817,-0.09517107312109596,0.04299030766164666,-2.399547246007308,1
144.05,2,3.2991441563821824,-1.9132274361079291,121.03521128466508,3.473241413721203,-1.8123900850227477,123.43475853067238,135.1603047958359,0.06293663963675498,0.38,-0.09517107312109596,0.04299030766164666,-2.399547246007308,1
144.15,2,3.2917368630910526,-1.908708698637775,121.81614979774369,3.471334432380865,-1.809550483662471,124.3226991563857,136.74444574789257,0.07609229534864426,0.38,-0.09884711462964688,0.05781722744322065,-2.599509516508004,1
144.25,2,3.2855747298976787,-1.9052755174128755,122.21810013997809,3.4699740976164968,-1.8075740948826866,124.81760965648608,137.73811479653952,0.07038960605859756,0.34065935015678406,-0.09884711462964688,0.05781722744322065,-2.599509516508004,1
144.35,2,3.284015069127567,-1.9028437776155362,123.31540459000222,3.466953464281936,-1.8033760128394172,126.69758577641406,139.21059282893006,0.06988460570573807,0.26565935015678405,-0.09884711462964688,0.05781722744322065,-2.599509516508004,1
144.45,2,3.2774805578236803,-1.9050951547869743,125.47972221301785,3.4642968995064933,-1.7998909576288815,128.07923172952587,140.12722060864417,0.07148848474025726,0.23807549476623535,-0.1024405721244999,0.047764922264702664,-2.599509516508015,1
144.55,2,3.2761590623753696,-1.9079847894064137,126.35675462381057,3.4624344901451396,-1.7975440478412432,128.91990309671397,141.40527430769637,0.06832940876483917,0.29327407479286194,-0.10235164826336375,0.019375215853035595,-2.399547246007326,1
144.65,2,3.2779739107447177,-1.9165563303056636,128.15338397398048,3.458414672290382,-1.7927073912890306,130.5529312199878,142.193340215553,0.06947719305753708,0.22325578331947327,-0.10235164826336375,0.019375215853035595,-2.399547246007326,1
144.75,2,3.2725418799797663,-1.9092032850732779,129.35162145411354,3.455444605393882,-1.7893299297209704,131.87793089417295,143.48442113806314,0.07713032513856888,0.28325578331947326,-0.09970524498222184,0.0372350570302589,-2.599509516507906,1
144.85,2,3.267958175033141,-1.9032834805873995,130.34880822439945,3.452209077779551,-1.7857831863481657,132.94831774090738,144.27540039982622,0.07405786961317062,0.338389128446579,-0.09970524498222184,0.0372350570302589,-2.599509516507906,1
144.95,2,3.266443134314607,-1.901513410223165,130.80487972833583,3.44887903296848,-1.782265408762137,133.99026066691047,145.41158833249165,0.07944043725728989,0.26916569471359253,-0.09970524498222184,0.0372350570302589,-2.599509516507906,1
145.05,2,3.262113598324701,-1.9017205854372414,132.41125568034852,3.446036365862059,-1.7793747594831668,135.01076519685643,146.2970659920635,0.07603073865175247,0.2204311490058899,-0.09966409117638327,0.030468458143076898,-2.599509516507947,1
145.15,2,3.2605874522365017,-1.9016982163080465,132.93396333026394,3.4423606307119443,-1.775765393087249,136.17575604122854,147.4883081505022,0.0777340680360794,0.2804311490058899,-0.09966409117638327,0.030468458143076898,-2.599509516507947,1
145.25,2,3.25190278473199,-1.8851117525946133,134.57856357347436,3.438593153007588,-1.772216650057205,137.3456554028917,148.19430025875627,0.07820897549390793,0.3648799955844879,-0.09663485200415207,0.05501525436148798,-2.799471787008581,1
145.35,2,3.246417144796802,-1.8800425198191428,135.94204069866944,3.435500608430278,-1.7694398996352991,138.68382911285988,149.41345016026636,0.07220852375030518,0.38,-0.10335080513809315,0.04928443302878694,-2.699490651758235,1
145.45,2,3.242809777302308,-1.8779145358672835,137.01982992410953,3.433213716757168,-1.7674643091905398,139.71932057586778,150.30167513878314,0.07220852375030518,0.38,-0.10335080513809315,0.04928443302878694,-2.699490651758235,1
145.57,2,3.241453454186356,-1.8779320701513595,138.449232632575,3.4299779642475983,-1.764787992770825,141.1766289279879,151.654992253255,0.07311291247606277,0.35064542055130005,-0.09372215354522989,0.04493027173174677,-2.799471787008561,1
145.65,2,3.2427039155076476,-1.8824355665503014,139.7216252055393,3.426577967197521,-1.7621127726535553,142.52109699254788,152.53342361379873,0.07311291247606277,0.38,-0.09372215354522989,0.04493027173174677,-2.799471787008561,1
145.75,2,3.2359251009373753,-1.8722569427498237,141.71483376753054,3.4217544811653196,-1.75854121700813,144.45191088618415,153.83483233487317,0.07936492562294006,0.3058367198705673,-0.10049756180994276,0.04933097572040459,-2.6994906517583055,1
145.85,2,3.232251248835228,-1.8665594583945577,142.58518761999642,3.419284223572546,-1.7567999854331486,145.28467827175473,154.64264026156206,0.07809899002313614,0.38,-0.10049756180994276,0.04933097572040459,-2.6994906517583055,1
145.95,2,3.228566106657244,-1.8638089349758906,144.05981303938432,3.4154736278487188,-1.7542260755322114,146.75930369114263,155.9081378110824,0.07809899002313614,0.38,-0.10049756180994276,0.04933097572040459,-2.6994906517583055,1
146.05,2,3.2222567278493752,-1.8641383393124296,146.0756498144466,3.4108470278788814,-1.7513080733199202,148.7207199561849,156.81693612265605,0.07982312887907028,0.38,-0.10718128291669549,0.037167501559266784,-2.599509516507976,1
146.15,2,3.2181926770121834,-1.8653644228425992,147.18792728655677,3.408240273887305,-1.7497536775769111,149.78743680306474,158.15555822965362,0.08009383827447891,0.305,-0.10718128291669549,0.037167501559266784,-2.599509516507976,1
146.26,2,3.2145935849835077,-1.8631054748080336,148.62519263822116,3.40454243216024,-1.747660288885024,151.22470215472913,159.0381542573409,0.08009383827447891,0.28595247864723206,-0.10718128291669549,0.037167501559266784,-2.599509516507976,1
146.35,2,3.2114335975387185,-1.8619905149804106,150.10178940063247,3.399295274816225,-1.7448672404202912,152.70129891714043,160.28769760015692,0.08004270493984222,0.20456455647945404,-0.1006965135668432,0.03082169826495592,-2.599509516507965,1
146.45,2,3.2102731787266805,-1.8627260070106961,150.86206065594732,3.394642472954784,-1.7425033817929092,153.46157017245528,160.98425293943328,0.08001246303319931,0.1954330950975418,-0.1006965135668432,0.03082169826495592,-2.599509516507965,1
146.56,2,3.20690155428754,-1.8602109306156964,151.5187272513276,3.391100167751703,-1.7407518878990507,154.05390472969506,161.8939122972027,0.08000017702579498,0.1350991129875183,-0.11059581874612923,0.024646203135318106,-2.3995472460073044,1
146.65,2,3.1995896380880784,-1.8538789236170412,152.6607295315319,3.3859325935851325,-1.7382879169385361,155.0602767775392,162.47432662397205,0.08000017702579498,0.1350991129875183,-0.11059581874612923,0.024646203135318106,-2.3995472460073044,1
146.75,2,3.190099779447869,-1.8479568384510316,153.42022756335058,3.3786591422042305,-1.7349592294904483,155.81977480935788,163.2075610955007,0.07999739795923233,0.11756657809019089,-0.11447985705505631,0.02841455597465246,-2.3995472460073417,1
146.85,2,3.182811951180402,-1.8436263985791954,154.048479723775,3.3727787728843,-1.73234925848243,156.44802696978235,163.65969251933004,0.07999879866838455,0.07643050700426102,-0.11447985705505631,0.02841455597465246,-2.3995472460073417,1
146.95,2,3.176828566580603,-1.8407566252511238,154.61619160007047,3.366680483772673,-1.7297325123857206,157.01573884607782,164.27186845411327,0.07999972254037857,0.06543218344449997,-0.11447985705505631,0.02841455597465246,-2.3995472460073417,1
147.05,2,3.170432720786511,-1.8377390065840327,154.93704989336993,3.3601639051758614,-1.7269853194122742,157.3365971393773,164.58862538132274,0.08000008761882782,0.0754004716873169,-0.11447985705505631,0.02841455597465246,-2.3995472460073417,1
147.15,2,3.163831642468793,-1.8346831591061648,155.2617591225751,3.353440673456688,-1.724208523774323,157.66130636858247,165.00510363981027,0.080000139772892,0.04931420832872391,-0.11447985705505631,0.02841455597465246,-2.3995472460073417,1
147.25,2,3.1545331640355623,-1.8254196288052622,155.57613319619463,3.346685179113335,-1.7214590460294115,158.10661956981676,165.29294021598687,0.08000008761882782,0.1093142083287239,-0.11204351139743747,0.04934489561575222,-2.599509516507966,1
147.35,2,3.1463278993068493,-1.8190471847310208,155.78521534635166,3.3397582797086875,-1.7186878277089332,158.38472486285963,165.6290703212864,0.08000002801418304,0.204027459025383,-0.11204351139743747,0.04934489561575222,-2.599509516507966,1
147.45,2,3.1402165412298784,-1.8163414310220822,156.49083807251276,3.3335304925408535,-1.716262035535117,159.09034758902072,165.9781044121247,0.08000002801418304,0.204027459025383,-0.11204351139743747,0.04934489561575222,-2.599509516507966,1
147.55,2,3.135079255202431,-1.8141567556093092,157.30084765218237,3.328299408274013,-1.7143126069572514,159.90035716869036,166.76964151183773,0.07999999076128006,0.15038913488388062,-0.11204351139743747,0.04934489561575222,-2.599509516507966,1
147.66,2,3.1317460708445775,-1.8127771118972533,157.7576668816469,3.3249070809395933,-1.7130855576543298,160.3571763981549,167.3677196855587,0.07999999076128006,0.14098361134529114,-0.11204351139743747,0.04934489561575222,-2.599509516507966,1
147.75,2,3.124339115463099,-1.8097993784848194,158.5362542943388,3.3173726942050195,-1.7104468267410646,161.13576381084675,168.13316562609864,0.07999999076128006,0.06614875048398972,-0.11204351139743747,0.04934489561575222,-2.599509516507966,1
147.85,2,3.118743641882307,-1.810985069300913,159.29730056332983,3.311489376547238,-1.7084762783440597,161.7807741308315,168.613983085204,0.07999999076128006,0.026828328147530556,-0.11818111447605388,0.03216814996686939,-2.399547246007291,1
147.95,2,3.1119263215806656,-1.810847823828644,159.63888967907477,3.3044380996971254,-1.7061625870368822,162.03843692508207,169.06655215310764,0.07999999076128006,-0.005460970103740692,-0.11818111447605388,0.03216814996686939,-2.399547246007291,1
148.05,2,3.1045362380716126,-1.8081153317076737,159.67964490207373,3.296940092781192,-1.7037418971041254,162.07919214808103,169.193170237131,0.07999999076128006,-0.014612186700105667,-0.11818111447605388,0.03216814996686939,-2.399547246007291,1
148.15,2,3.096997159900814,-1.805332839792718,159.6932102205688,3.289291128468542,-1.7012774892916862,162.0927574665761,169.21166688019898,0.07999999076128006,-0.037220023572444916,-0.11818111447605388,0.03216814996686939,-2.399547246007291,1
148.25,2,3.0894583787049177,-1.8025412097363314,159.66028719110378,3.2816420782768954,-1.698803938916822,162.05983443711105,169.1765312918439,0.07999999076128006,-0.049679696559906006,-0.11818111447605388,0.03216814996686939,-2.399547246007291,1
148.35,2,3.0822744147718795,-1.7998616921325519,159.4248841815842,3.2743522281275856,-1.6964275472864778,161.8244314275915,169.00421965258388,0.07999999076128006,-0.04888802021741867,-0.11818111447605388,0.03216814996686939,-2.399547246007291,1
148.45,2,3.075265594097911,-1.7972200553338584,159.24035597497914,3.2672389536493034,-1.6940816703901582,161.63990322098644,168.85271236308054,0.07999999076128006,-0.04878644645214081,-0.11818111447605388,0.03216814996686939,-2.399547246007291,1
148.55,2,3.0682544287379074,-1.7945406281327634,158.99949098494997,3.2601217543414536,-1.691698134394286,161.39903823095727,168.62365568856097,0.07999999076128006,-0.04888381063938141,-0.11818111447605388,0.03216814996686939,-2.399547246007291,1
148.65,2,3.061198765709715,-1.7918198914672878,158.68978398803708,3.2529583668480235,-1.6892751881734143,161.08933123404438,168.4536794453412,0.07999999076128006,-0.1007966622710228,-0.11818111447605388,0.03216814996686939,-2.399547246007291,1
148.75,2,3.049573573122022,-1.7835986712878504,158.1265485477648,3.246112605031357,-1.686922959919833,160.8428878072033,168.1608975321666,0.07999999076128006,-0.11494217813014984,-0.10992032094876568,0.06861773053901397,-2.8994529222589307,1
148.85,2,3.040477781914182,-1.7777817340775157,157.32310713151512,3.239762259960882,-1.684677918295311,160.22256005377403,167.84801897603262,0.07999999076128006,-0.1183813288807869,-0.10992032094876568,0.06861773053901397,-2.8994529222589307,1
148.95,2,3.034553498602713,-1.775279951121614,156.843662956044,3.2337190119806944,-1.682479008437461,159.74311587830292,167.2881757680701,0.07999999076128006,-0.11642609536647797,-0.10992032094876568,0.06861773053901397,-2.8994529222589307,1
149.05,2,3.0306895973898844,-1.7736109298623008,156.3415208038888,3.229775632402174,-1.6810075730680865,159.24097372614773,166.90045225818884,0.07999999076128006,-0.13882452249526978,-0.10992032094876568,0.06861773053901397,-2.8994529222589307,1
149.15,2,3.0248376075641428,-1.7710099355403612,155.7617289056568,3.2237995669118917,-1.678705922000005,158.66118182791575,166.29453298936085,0.07999999076128006,-0.14294575154781342,-0.10992032094876568,0.06861773053901397,-2.8994529222589307,1
149.25,2,3.019215661487731,-1.7684410112879236,155.0846726674062,3.2180548728914644,-1.676424663550703,157.98412558966515,165.8463096510436,0.07999999076128006,-0.09856260567903519,-0.10992032094876568,0.06861773053901397,-2.8994529222589307,1
149.35,2,3.0116404574439475,-1.7648343090230632,154.1145057745319,3.210306927041505,-1.673205758047524,157.0139586967908,165.16876880925102,0.07999999076128006,-0.02356260567903519,-0.10992032094876568,0.06861773053901397,-2.8994529222589307,1
149.45,2,3.001289135883448,-1.7557296371273092,153.8181561445369,3.2040284961919974,-1.6705184964616675,156.71760906679583,164.8127382209158,0.07999999076128006,0.06553083658218384,-0.11692649463318792,0.078758108107988,-2.8994529222589254,1
149.55,2,2.992071870348469,-1.7485466560939664,154.06074615514459,3.1974496454138857,-1.6677018018148189,156.9601990774035,164.85188846012773,0.07999999076128006,0.09421081095933914,-0.11692649463318792,0.078758108107988,-2.8994529222589254,1
149.65,2,2.9852329523928307,-1.745243456768478,154.5893593683924,3.190452395300027,-1.6647487668621022,157.4888122906513,165.09311895778615,0.07999999076128006,0.06830789148807526,-0.11692649463318792,0.078758108107988,-2.8994529222589254,1
149.75,2,2.98159449338369,-1.7435247627573758,154.8374490477528,3.1867316567062804,-1.6632163186959317,157.73690197001173,165.54255619537648,0.07999999076128006,0.034501370042562485,-0.11692649463318792,0.078758108107988,-2.8994529222589254,1
149.85,2,2.972825025794868,-1.7394512789132408,155.356677154972,3.1777673647582425,-1.6595916390838585,158.25613007723092,165.79994539953992,0.07999999076128006,0.0374288447201252,-0.11692649463318792,0.078758108107988,-2.8994529222589254,1
149.95,2,2.9657431613467162,-1.7362077725860103,155.49230940287322,3.170530498637247,-1.6567105097734038,158.39176232513213,166.03848365092105,0.07999999076128006,-0.018863968551158905,-0.11692649463318792,0.078758108107988,-2.8994529222589254,1
150.05,2,2.958627737000043,-1.732988024450425,155.6406829423878,3.163261317349968,-1.653854805814218,158.54013586464671,166.1525339188246,0.07999999076128006,-0.03816469758749008,-0.11692649463318792,0.078758108107988,-2.8994529222589254,1
150.15,2,2.9513715147095794,-1.7296879969839958,155.44020039955382,3.1558474575609394,-1.6509260473338312,158.33965332181273,166.06804369497215,0.07999999076128006,0.0021337145008146763,-0.11692649463318792,0.078758108107988,-2.8994529222589254,1
150.25,2,2.94642004393698,-1.7274202870844118,155.3417937797049,3.1507876169761038,-1.6489117027117206,158.2412467019638,165.9391585078298,0.07999999076128006,0.0021337145008146763,-0.11692649463318792,0.078758108107988,-2.8994529222589254,1
150.35,2,2.937089290829602,-1.723137604252282,155.31504782732256,3.141252176047734,-1.6451064836519256,158.21450074958148,165.86610437884048,0.07999999076128006,-0.06720340251922607,-0.11692649463318792,0.078758108107988,-2.8994529222589254,1
150.45,2,2.9303272940871032,-1.7199937042093438,154.8704654340233,3.134339806575536,-1.6423086531164242,157.7699183562822,165.69816336353784,0.07999999076128006,-0.10886259377002716,-0.11692649463318792,0.078758108107988,-2.8994529222589254,1
150.55,2,2.9239834414074988,-1.7169935961627667,154.23314985309807,3.127852319363663,-1.639633279350491,157.132602775357,165.32042626903555,0.07999999076128006,-0.10729403048753738,-0.11692649463318792,0.078758108107988,-2.8994529222589254,1
150.65,2,2.9200887069586487,-1.7150892405969742,153.69937566752714,3.1238662420102914,-1.6379283705901868,156.59882858978605,164.95742871455803,0.07999999076128006,-0.080475352704525,-0.11692649463318792,0.078758108107988,-2.8994529222589254,1
150.75,2,2.9140246573020407,-1.7109945852582078,153.05026129862577,3.115644382906366,-1.6343086290014162,155.88898703502377,164.39634299633744,0.07999999076128006,-0.06551157683134079,-0.11669968773164809,0.06839324806573795,-2.699490651758253,1
150.85,2,2.9112057426754605,-1.707702586041466,152.62436427393982,3.1093153103066444,-1.6314293058396465,155.3587895971288,164.09328829400917,0.07999999076128006,-0.08639826625585556,-0.11669968773164809,0.06839324806573795,-2.699490651758253,1
150.95,2,2.9059817504414314,-1.704350240215505,151.98300871211856,3.10281906140803,-1.6284153106878523,154.68249936387681,163.67200070933984,0.07999999076128006,-0.09798723459243774,-0.11669968773164809,0.06839324806573795,-2.699490651758253,1
151.05,2,2.9016297394034867,-1.7020172057206322,151.58097835756044,3.0983619995669596,-1.6262898343239443,154.2804690093187,163.34592628287652,0.07999999076128006,-0.07970838248729706,-0.11669968773164809,0.06839324806573795,-2.699490651758253,1
151.15,2,2.8940008956534027,-1.6978342828201647,150.7951796947344,3.0905446160855847,-1.6224708532478487,153.49467034649265,162.82075295459478,0.07999999076128006,-0.05421033501625061,-0.11669968773164809,0.06839324806573795,-2.699490651758253,1
151.25,2,2.8917525003997118,-1.6965713236123314,150.56091221152343,3.08421817826567,-1.6192843164857689,153.13443748251996,162.51488493096917,0.07999999076128006,-0.02770981565117836,-0.11669968773164809,0.06839324806573795,-2.699490651758253,1
151.35,2,2.8698154685712383,-1.6909357711489332,149.90489449619656,3.0775476373952433,-1.61587583197682,152.77424382713605,162.18893269546646,0.07999999076128006,-0.041804153472185135,-0.12409916415298483,0.07849253404884257,-2.8994529222588676,1
151.45,2,2.861120737918208,-1.6871117412149301,149.66719252507465,3.0707086179551886,-1.6123414353564776,152.56664544733354,162.06042969012117,0.07999999076128006,0.03319584652781486,-0.12409916415298483,0.07849253404884257,-2.8994529222588676,1
151.55,2,2.8545370869702302,-1.6832386877872214,149.52071013062783,3.0639374829061627,-1.6088063635316698,152.42016305288672,161.89182234071237,0.07999999076128006,0.15319584652781487,-0.12409916415298483,0.07849253404884257,-2.8994529222588676,1
151.65,2,2.8504101627508485,-1.6808227865272272,149.91594006032096,3.059693637299754,-1.6066023088863557,152.81539298257982,162.08395446685267,0.07999999076128006,0.21026380360126495,-0.12409916415298483,0.07849253404884257,-2.8994529222588676,1
151.75,2,2.8436103592704427,-1.6769897424933533,151.25220312088777,3.052708650239412,-1.6031181289678385,154.15165604314666,162.81340542825794,0.07999999076128006,0.13787320256233215,-0.12409916415298483,0.07849253404884257,-2.8994529222588676,1
151.85,2,2.840623702252508,-1.6753715896119001,151.86229277736922,3.049643964938754,-1.6016531228591604,154.76174569962808,163.4288330382526,0.07999999076128006,0.10424768924713135,-0.12409916415298483,0.07849253404884257,-2.8994529222588676,1
151.95,2,2.8353455965435925,-1.6725850253827532,152.6166404676642,3.044231662144345,-1.5991371104308763,155.51609338992307,163.9328041083837,0.07999999076128006,0.10424768924713135,-0.12409916415298483,0.07849253404884257,-2.8994529222588676,1
152.05,2,2.834100803956288,-1.671196888707697,153.3386916511176,3.038342509120711,-1.5965044518339702,156.2532097814928,164.53436652500667,0.07999999076128006,0.07986441999673843,-0.09115921049596946,0.07343237011207492,-2.9994340575092413,1
152.15,2,2.8465465530172698,-1.6740863674617317,153.73260240488258,3.0295287034118075,-1.5926558416080367,156.71753472131428,164.95917558666565,0.07999999076128006,0.03710614889860153,-0.09115921049596946,0.07343237011207492,-2.9994340575092413,1
152.25,2,2.8438713253907153,-1.672095399701421,153.68264190867689,3.0223463427198567,-1.5895578084565731,156.68207596618612,165.04363803214218,0.07999999076128006,0.02853374555706978,-0.09115921049596946,0.07343237011207492,-2.9994340575092413,1
152.35,2,2.8371767095119167,-1.6688116490107918,153.89233538105523,3.015489072277528,-1.5866288594225944,156.89176943856447,165.23153689741793,0.07999999076128006,-0.0153386564925313,-0.09115921049596946,0.07343237011207492,-2.9994340575092413,1
152.45,2,2.82966090877743,-1.66513580606209,153.95186239902603,3.0077912253046906,-1.583351324671168,156.9512964565353,165.34117586397966,0.07999999076128006,-0.0753386564925313,-0.09115921049596946,0.07343237011207492,-2.9994340575092413,1
152.55,2,2.822667792433764,-1.66169790410767,153.76142652224823,3.000627797194468,-1.5802840549155184,156.76086057975746,165.24482764212922,0.07999999076128006,-0.10669828206300735,-0.09115921049596946,0.07343237011207492,-2.9994340575092413,1
152.65,2,2.8166240174878636,-1.658682792962532,153.17361942743315,2.994434532924211,-1.5775893214420569,156.17305348494241,164.94908208834266,0.07999999076128006,-0.12228992581367493,-0.09115921049596946,0.07343237011207492,-2.9994340575092413,1
152.75,2,2.810895894786963,-1.6557548682445944,152.63639308774452,2.988561050596715,-1.5749651381064138,155.63582714525376,164.40460658377145,0.07999999076128006,-0.11752253025770187,-0.09115921049596946,0.07343237011207492,-2.9994340575092413,1
152.85,2,2.7965373475078508,-1.6512135026356578,152.2953604861617,2.982750458691913,-1.572313367848179,155.15920589385303,163.99987767673247,0.07999999076128006,-0.13130682706832886,-0.12882970795636373,0.05788868345724208,-2.59950951650793,1
152.95,2,2.777534002865689,-1.6457974609689414,151.92821775748513,2.9770206504645484,-1.5696228656007458,154.58352446754515,163.39408117999739,0.07999999076128006,-0.13199585676193237,-0.12882970795636373,0.05788868345724208,-2.59950951650793,1
153.05,2,2.768582317305649,-1.6422603643782576,151.50030695992956,2.971539768687374,-1.5669890338155725,154.0998164764375,162.97571767296307,0.07999999076128006,-0.15966381132602692,-0.12882970795636373,0.05788868345724208,-2.59950951650793,1
153.15,2,2.763238330082323,-1.6393221021076894,150.7787614193604,2.9660680174216445,-1.5642961686686139,153.37827093586836,162.30872082407734,0.07999999076128006,-0.14567525684833527,-0.12882970795636373,0.05788868345724208,-2.59950951650793,1
153.25,2,2.7598813076799185,-1.6374316829184867,150.40891537521344,2.962628710639134,-1.5625599506589951,153.00842489172135,161.80424417076065,0.07999999076128006,-0.14983603358268738,-0.12882970795636373,0.05788868345724208,-2.59950951650793,1
153.35,2,2.7529078296509732,-1.6334158613259246,149.65248796909603,2.955480273286398,-1.558864539680838,152.25199748560397,161.0749983070529,0.07999999076128006,-0.15165238082408905,-0.12882970795636373,0.05788868345724208,-2.59950951650793,1
153.45,2,2.7437481297213293,-1.6263866619778204,148.7812805840082,2.9504798975915705,-1.5561945103102646,151.52410277524925,160.58444145700852,0.07999999076128006,-0.1125451922416687,-0.12890420021249693,0.07369124642242143,-2.7994717870085633,1
153.55,2,2.7368910970047997,-1.6215739347904121,148.18423308836785,2.945172925465995,-1.553274978645902,150.9837048753764,159.86074244693273,0.07999999076128006,-0.054224446415901184,-0.12890420021249693,0.07369124642242143,-2.7994717870085633,1
153.65,2,2.73311970709221,-1.619225677690066,147.91603975375145,2.941291346180812,-1.5511137207864722,150.71551154076002,159.45327983317196,0.07999999076128006,-0.05879224091768265,-0.12890420021249693,0.07369124642242143,-2.7994717870085633,1
153.75,2,2.725163657011245,-1.6141049784809072,147.554791332944,2.933055603603797,-1.546456868918375,150.32033699804927,159.07744042386474,0.07999999076128006,-0.05879224091768265,-0.1317230326223224,0.06890804196758467,-2.6994906517582336,1
153.85,2,2.7190300962068545,-1.6100560181232675,147.29819827554087,2.926679100569784,-1.5428098950436417,150.01169194013744,158.84003792704206,0.07999999076128006,-0.053516313433647156,-0.1317230326223224,0.06890804196758467,-2.6994906517582336,1
153.95,2,2.7127812368573037,-1.6059892385131573,147.0928806696024,2.920231298346317,-1.5390693952542194,149.79237132136063,158.51869194960375,0.07999999076128006,-0.020891759544610977,-0.1317230326223224,0.06890804196758467,-2.6994906517582336,1
154.05,2,2.70640620044721,-1.6018334019477813,146.82220426916766,2.913667606547599,-1.535218419175408,149.52169492092588,158.30381464060778,0.07999999076128006,-0.02462918683886528,-0.1317230326223224,0.06890804196758467,-2.6994906517582336,1
154.15,2,2.6997016923649624,-1.5974384488647264,146.62584135217588,2.9067635468864057,-1.531144109243423,149.3253320039341,158.10923280305053,0.07999999076128006,-0.028940286487340927,-0.1317230326223224,0.06890804196758467,-2.6994906517582336,1
154.25,2,2.6930827746476167,-1.5930719996758524,146.52800691395933,2.899946325074121,-1.5270942404763994,149.22749756571756,157.98804024855474,0.07999999076128006,-0.025464730337262154,-0.1317230326223224,0.06890804196758467,-2.6994906517582336,1
154.35,2,2.686803312712585,-1.5889093581084852,146.3571760192882,2.893477781191804,-1.5232319656215472,149.05666667104643,157.79044419428814,0.07999999076128006,-0.014851091429591179,-0.1317230326223224,0.06890804196758467,-2.6994906517582336,1
154.45,2,2.68185358821388,-1.5856160438524578,146.3560041323201,2.88837844233236,-1.520175425977015,149.05549478407832,157.666542250806,0.07999999076128006,-0.014851091429591179,-0.1317230326223224,0.06890804196758467,-2.6994906517582336,1
154.55,2,2.675505553166924,-1.5813788369364115,146.2641697188463,2.881837889587347,-1.5162418981461134,148.96366037060452,157.52260516839297,0.07999999076128006,-0.023092258721590042,-0.1317230326223224,0.06890804196758467,-2.6994906517582336,1
154.65,2,2.6666258799804696,-1.5754163771790453,145.97367331557464,2.8726872528598597,-1.510704266004303,148.67316396733284,157.41262449910113,0.07999999076128006,-0.08088156580924988,-0.1317230326223224,0.06890804196758467,-2.6994906517582336,1
154.75,2,2.6650257187990274,-1.5743337295981663,145.87784150470043,2.8687032503624184,-1.5082656622384663,148.32546921822814,157.03390299048942,0.07999999076128006,-0.08088156580924988,-0.1317230326223224,0.06890804196758467,-2.6994906517582336,1
154.85,2,2.6635377157908877,-1.5714767741499818,145.09028566510477,2.8627641837228177,-1.5045616639393415,147.8566543237503,156.71788482451967,0.07999999076128006,-0.047377996146678925,-0.1190933001781018,0.0697907744370232,-2.7994717870085575,1
154.95,2,2.6590165839806574,-1.5673137781225126,144.36827182489088,2.854751559487704,-1.4994663644357853,147.16774361189945,156.2641955277895,0.07999999076128006,-0.0161643885076046,-0.1190933001781018,0.0697907744370232,-2.7994717870085575,1
155.05,2,2.6528006445765207,-1.5628475995695803,144.23375990718722,2.8483249075930592,-1.4953091058477703,147.0332316941958,156.0484973700756,0.07999999076128006,0.00789343100041151,-0.1190933001781018,0.0697907744370232,-2.7994717870085575,1
155.15,2,2.6462837392610856,-1.5581324445936457,144.20144060013675,2.8415854888151912,-1.4909178673124648,147.00091238714532,155.9201309424221,0.07999999076128006,0.008585261180996895,-0.1190933001781018,0.0697907744370232,-2.7994717870085575,1
155.25,2,2.6438777771006214,-1.556396080829322,144.16420250014437,2.8348422991046616,-1.4865259084492026,146.8541932670261,155.9267310503841,0.07999999076128006,-0.013884153217077255,-0.1190933001781018,0.0697907744370232,-2.7994717870085575,1
155.35,2,2.6331806353363474,-1.5435811030654532,143.888189414016,2.8281223250959453,-1.4821467143016125,146.77270321505011,155.9273980161385,0.07999999076128006,8.25636088848114e-05,-0.1163646665339023,0.08062636998761034,-2.8994529222588765,1
155.45,2,2.6266465697878547,-1.5379233433588502,143.8418581069404,2.82137149768437,-1.4777268655660205,146.74131102919927,155.86901703635004,0.07999999076128006,-0.01230153813958168,-0.1163646665339023,0.08062636998761034,-2.8994529222588765,1
155.55,2,2.6201536110712316,-1.5331672145027817,143.85770397243115,2.814646269805001,-1.4733052612687256,146.75715689469,155.81459058286657,0.07999999076128006,0.04741398245096207,-0.1163646665339023,0.08062636998761034,-2.8994529222588765,1
155.65,2,2.613709503548776,-1.5284330740872771,143.73083234181976,2.807970942832638,-1.468903146203587,146.63028526407862,155.76879971958638,0.07999999076128006,-0.013307328335940838,-0.1163646665339023,0.08062636998761034,-2.8994529222588765,1
155.75,2,2.6075373732259193,-1.5239315936654427,143.75407522531958,2.8015790136200533,-1.4647196357575867,146.65352814757844,155.89896116103785,0.07999999076128006,-0.057615648955106735,-0.1163646665339023,0.08062636998761034,-2.8994529222588765,1
155.85,2,2.601211046604811,-1.5192999610189122,143.61475827679894,2.795026501962554,-1.4604139394761833,146.51421119905783,155.8368871760367,0.07999999076128006,-0.061764247715473175,-0.1163646665339023,0.08062636998761034,-2.8994529222588765,1
155.95,2,2.5953053355729785,-1.514898708364889,143.1599060733984,2.788905720843402,-1.4563170520958069,146.05935899565725,155.50910392156297,0.07999999076128006,-0.05647491291165352,-0.1163646665339023,0.08062636998761034,-2.8994529222588765,1
156.05,2,2.589482815270454,-1.5105047422559619,142.7434102379528,2.782868392534387,-1.452223233862315,145.64286316021165,155.26275303530457,0.07999999076128006,-0.06096423417329788,-0.1163646665339023,0.08062636998761034,-2.8994529222588765,1
156.15,2,2.5836925146145417,-1.5060616685885015,142.39269484497248,2.776860758598215,-1.4480787411564109,145.29214776723134,154.91617512271512,0.07999999076128006,-0.019567128270864487,-0.1163646665339023,0.08062636998761034,-2.8994529222588765,1
156.25,2,2.579917622483522,-1.5031411743986105,142.04364006351028,2.772942970394821,-1.4453529325594312,144.94309298576917,154.68501684245848,0.07999999076128006,-0.021655647084116936,-0.1163646665339023,0.08062636998761034,-2.8994529222588765,1
156.35,2,2.571484928375242,-1.4965454818181727,141.8112087613672,2.764187438899992,-1.4391922378922264,144.71066168362609,154.5100547538793,0.07999999076128006,-0.03167418763041496,-0.1163646665339023,0.08062636998761034,-2.8994529222588765,1
156.45,2,2.5694713483062444,-1.497961455520707,141.8341871078684,2.7576458176635317,-1.434551667413583,144.53161906069946,154.41535818201191,0.07999999076128006,0.020286504179239273,-0.11820850327075573,0.057099263838190056,-2.5995095165078785,1
156.55,2,2.5675361627650877,-1.497905522201657,141.81560318548094,2.7535072878568787,-1.4315941853283254,144.41511270198882,154.28334487177094,0.07999999076128006,0.020286504179239273,-0.11820850327075573,0.057099263838190056,-2.5995095165078785,1
156.65,2,2.5591393098540762,-1.4913196438762946,141.9469216865084,2.744820376859887,-1.4253959186790117,144.5464312030163,154.34631849960118,0.07999999076128006,0.11161264032125473,-0.11820850327075573,0.057099263838190056,-2.5995095165078785,1
156.75,2,2.553952345644883,-1.4873078257080332,142.57218072985773,2.739456796502357,-1.4216234806780694,145.1716902463656,154.78932391904104,0.07999999076128006,0.0555109865963459,-0.11820850327075573,0.057099263838190056,-2.5995095165078785,1
156.85,2,2.548779862227547,-1.483378782704238,142.8346907189354,2.7341114362562724,-1.4179330758943265,145.43420023544326,155.15964482512183,0.07999999076128006,0.10397468507289886,-0.11820850327075573,0.057099263838190056,-2.5995095165078785,1
156.95,2,2.5430107874873764,-1.4790322073824131,143.22748469167774,2.7281511616618728,-1.4138526265140106,145.82699420818562,155.54094662745624,0.07999999076128006,0.07820320874452591,-0.11820850327075573,0.057099263838190056,-2.5995095165078785,1
157.05,2,2.537899704853131,-1.4752221168750133,143.42351207913512,2.7228725340383306,-1.4102782670216474,146.02302159564303,155.86864406810412,0.07999999076128006,0.0270907711237669,-0.11820850327075573,0.057099263838190056,-2.5995095165078785,1
157.15,2,2.5339786231483146,-1.4723282005954725,143.7231650279122,2.718824235349122,-1.4075651671540073,146.32267454442007,156.26120507836833,0.07999999076128006,0.05089058727025986,-0.11820850327075573,0.057099263838190056,-2.5995095165078785,1
157.25,2,2.5259340647666595,-1.4664375349822618,143.8841040072466,2.7105207873363804,-1.402045419694004,146.48361352375446,156.4098012606908,0.07999999076128006,0.002571563236415386,-0.11820850327075573,0.057099263838190056,-2.5995095165078785,1
157.35,2,2.5198363073453716,-1.4620033397241952,143.95161415909098,2.704228194336294,-1.397892347759786,146.55112367559886,156.64890057684067,0.07999999076128006,-0.04968639463186264,-0.11820850327075573,0.057099263838190056,-2.5995095165078785,1
157.45,2,2.513458801034809,-1.457361033988481,143.8558885892005,2.697646701586844,-1.393544067355528,146.45539810570838,156.66889686592097,0.07999999076128006,-0.08473441004753113,-0.11820850327075573,0.057099263838190056,-2.5995095165078785,1
157.55,2,2.5075157301395636,-1.452997448227685,143.49094319544213,2.691511838387833,-1.3894545165382426,146.09045271194998,156.40756161466095,0.07999999076128006,-0.0728217288851738,-0.11820850327075573,0.057099263838190056,-2.5995095165078785,1
157.65,2,2.501967333268807,-1.4488571437243174,143.19483560599397,2.6857813698727844,-1.385570116994676,145.79434512250182,156.1370712840585,0.07999999076128006,-0.09446780383586884,-0.11820850327075573,0.057099263838190056,-2.5995095165078785,1
157.75,2,2.4928854167137557,-1.444754481040506,142.44597210805017,2.6800035113510825,-1.3815958606156378,145.11347309092167,155.71638762580216,0.07999999076128006,-0.08009704947471619,-0.12322687706257457,0.06584002914572434,-2.799471787008614,1
157.85,2,2.4853940651940785,-1.4420014527437621,142.2138330457511,2.676128248155342,-1.37888833358766,144.95430517494313,155.38371874006046,0.07999999076128006,-0.1378556489944458,-0.12322687706257457,0.06584002914572434,-2.799471787008614,1
157.95,2,2.475401222419981,-1.4366470991661386,141.41677513853153,2.6689091799695563,-1.3737755854714326,144.21624692554013,154.9210668217257,0.07999999076128006,-0.1473398059606552,-0.12322687706257457,0.06584002914572434,-2.799471787008614,1
158.05,2,2.470577883945013,-1.432765504687562,140.95097673553485,2.663902018471508,-1.3701341978962518,143.75044852254345,154.49697937155256,0.07999999076128006,-0.15418730676174164,-0.12322687706257457,0.06584002914572434,-2.799471787008614,1
158.15,2,2.4659775560660178,-1.4289804207219248,140.16294068067646,2.659122315053498,-1.36657831369439,142.96241246768508,153.78893549399487,0.07999999076128006,-0.14706426858901978,-0.12322687706257457,0.06584002914572434,-2.799471787008614,1
158.25,2,2.4628351475708086,-1.426326861630859,139.4051288336102,2.655854055430775,-1.364081398389656,142.2046006206188,153.3037216264554,0.07999999076128006,-0.1419072449207306,-0.12322687706257457,0.06584002914572434,-2.799471787008614,1
158.35,2,2.456939317371407,-1.4212222955562033,138.78250014693896,2.6497159515134143,-1.3592708798260926,141.58197193394759,152.55961163706596,0.07999999076128006,-0.15411749482154846,-0.12322687706257457,0.06584002914572434,-2.799471787008614,1
158.45,2,2.4479493969314996,-1.4100742132290212,138.2049412836904,2.6449173073917787,-1.3554307747208558,140.93459730156948,152.08596286775784,0.07999999076128006,-0.1548311710357666,-0.13209095526108316,0.07148057253827707,-2.69949065175827,1
158.56,2,2.443194962004336,-1.4044345734042019,137.65377495921024,2.6419401242725145,-1.3529876028430299,140.3532656109685,151.3437428460197,0.07999999076128006,-0.1548311710357666,-0.13209095526108316,0.07148057253827707,-2.69949065175827,1
158.65,2,2.4372774970595152,-1.3989723176988627,136.98450224211288,2.6357719670012236,-1.3478101068613497,139.68399289387116,150.8380370784994,0.0800541490316391,-0.14012156426906586,-0.13209095526108316,0.07148057253827707,-2.69949065175827,1
158.75,2,2.4349771556826902,-1.3952743534996062,135.88412357024208,2.6310053115370184,-1.3437102181387806,138.815481217266,150.15985319409043,0.08007306605577469,-0.13318319618701935,-0.12145480537468611,0.08408727940344812,-2.99943405750921,1
158.85,2,2.432767200297776,-1.3926426626277812,135.27264127134885,2.6279943605960767,-1.3410544420821366,138.27207532885805,149.68197245675537,0.08007306605577469,-0.13318319618701935,-0.12145480537468611,0.08408727940344812,-2.99943405750921,1
158.97,2,2.428396354897963,-1.3882854955697836,134.90264999790426,2.623401509503391,-1.3369319533773873,137.90208405541347,148.96765537908271,0.08000335842370987,-0.14724253118038177,-0.12145480537468611,0.08408727940344812,-2.99943405750921,1
159.05,2,2.4228704855227194,-1.3835215486163919,133.92064483201167,2.6173315238157753,-1.331342978644778,136.77255219169902,148.48757681207795,0.08007453382015228,-0.1260537952184677,-0.131008227505008,0.06323962825226254,-2.5995095165078315,1
159.15,2,2.419017843866705,-1.380744968570639,133.50124986633452,2.612967826037265,-1.327179669454958,136.14518561323902,147.74364326500708,0.08001448959112167,-0.12664245069026947,-0.131008227505008,0.06323962825226254,-2.5995095165078315,1
159.25,2,2.414796176275526,-1.3765263613196448,132.82007723626572,2.60848443933298,-1.322820886134644,135.41958675277354,147.2914050418931,0.08001016825437546,-0.13795699179172516,-0.131008227505008,0.06323962825226254,-2.5995095165078315,1
159.35,2,2.4103091146609117,-1.368071465054509,131.68654078955143,2.6040937067879275,-1.318429338185699,134.4964116717434,146.6085771427142,0.07999793440103531,-0.1358131468296051,-0.12389844074039784,0.08204739271269945,-2.8994529222588077,1
159.45,2,2.4075428331516395,-1.363448998091132,131.40566200155547,2.601318752485363,-1.3155970078101562,134.30511492381424,146.11233421776453,0.07999793440103531,-0.1358131468296051,-0.12389844074039784,0.08204739271269945,-2.8994529222588077,1
159.55,2,2.402066728655119,-1.3571300996639588,130.2884784448975,2.595530026885652,-1.3095631985886949,133.1879313671563,145.39509808458934,0.08011467009782791,-0.11940613389015198,-0.12389844074039784,0.08204739271269945,-2.8994529222588077,1
159.65,2,2.398351506500051,-1.3539377051016752,129.63043280743685,2.591546163849079,-1.3052558246674477,132.52988572969565,144.91427014105486,0.08002535253763199,-0.13904307782649994,-0.1237704541007019,0.07837260172220499,-2.899452922258823,1
159.75,2,2.394194820453249,-1.3506502446751896,129.07107422167962,2.5870702523729365,-1.3003346455175218,131.97052714393843,144.2282462973042,0.08012223243713379,-0.12771110236644745,-0.1237704541007019,0.07837260172220499,-2.899452922258823,1
159.85,2,2.390339938581316,-1.346314934282797,128.14131867261662,2.5829574748635444,-1.2956914466362262,131.04077159487545,143.75380267865842,0.08011261373758316,-0.15143060684204102,-0.1237704541007019,0.07837260172220499,-2.899452922258823,1
159.95,2,2.3878509743570118,-1.3431336929996183,127.89186652135872,2.580310778898114,-1.2926401781330883,130.79131944361757,143.04310684745886,0.08003301173448563,-0.17894649505615234,-0.1237704541007019,0.07837260172220499,-2.899452922258823,1
160.05,2,2.383279167108458,-1.3371821329262275,127.11600593020317,2.575443774125752,-1.2869274945805964,130.015458852462,142.53876751174647,0.08000872284173965,-0.18239231407642365,-0.1237704541007019,0.07837260172220499,-2.899452922258823,1
160.15,2,2.379608835428503,-1.3350631019746377,126.04419730365524,2.571472602735089,-1.2821099456775105,128.94365022591404,141.70970891539125,0.08005901426076889,-0.1693488210439682,-0.123701910338229,0.07456387514516961,-2.8994529222587593,1
160.25,2,2.376393095374438,-1.3314493747779634,125.19832439210269,2.5680154208717636,-1.2777500126056145,128.09777731436145,141.1260788681741,0.08008215576410294,-0.1493428349494934,-0.123701910338229,0.07456387514516961,-2.8994529222587593,1
160.35,2,2.3730383980299576,-1.326645657445827,124.5120618035707,2.5644220297014253,-1.273122136810277,127.41151472582945,140.26914902593845,0.080022893846035,-0.1655324101448059,-0.123701910338229,0.07456387514516961,-2.8994529222587593,1
160.45,2,2.3696352694818277,-1.3165830719620006,123.4826611593116,2.5608030188022513,-1.2683204887925026,126.46734251018718,139.7558354895771,0.08004815131425858,-0.148378387093544,-0.12129936218546483,0.08487703680526566,-2.999434057509047,1
160.55,2,2.3664330167163667,-1.31079346661075,122.63140778230819,2.5573542975193666,-1.263585193052414,125.63084183981721,138.94817837713717,0.08000548928976059,-0.18175819516181946,-0.12129936218546483,0.08487703680526566,-2.999434057509047,1
160.66,2,2.3643698171092185,-1.3075609125321188,122.4411249275712,2.5551247774662844,-1.260465026578792,125.44055898508023,138.41763519981177,0.08000548928976059,-0.18175819516181946,-0.12129936218546483,0.08487703680526566,-2.999434057509047,1
160.75,2,2.3613130076873308,-1.3026692852442654,121.46403367262762,2.5518161959748404,-1.2557400514593349,124.46346773013667,137.57588527587097,0.08012134581804276,-0.12971678376197815,-0.12129936218546483,0.08487703680526566,-2.999434057509047,1
160.85,2,2.3572832264989003,-1.3042350946504577,120.1214863519483,2.5476101714565718,-1.2494566863125074,123.20049013899505,137.01945336143183,0.08002592623233795,-0.14022518694400787,-0.11908533547033373,0.07907237695008222,-3.099415192759395,1
160.95,2,2.354177663509044,-1.3009717878731835,119.4630060419032,2.5442622499432805,-1.2442995469326377,122.56242123466258,136.28287560584513,0.08001762628555298,-0.06670866906642914,-0.11908533547033373,0.07907237695008222,-3.099415192759395,1
161.05,2,2.3514398444391977,-1.2905841844758856,118.81460828798818,2.540871692966977,-1.238925135728773,121.76890785971068,135.80668554574157,0.07999715954065323,-0.0653599202632904,-0.12337920596635993,0.0771115832646874,-2.8994529222587633,1
161.15,2,2.3491368175501064,-1.284323280313979,118.69576546091031,2.5382168176535784,-1.2346237325167864,121.59521838316904,135.4747289695931,0.07999715954065323,-0.0653599202632904,-0.12337920596635993,0.0771115832646874,-2.8994529222587633,1
161.25,2,2.3446413862019755,-1.2759921367083977,117.96197717510903,2.533305723573135,-1.2265306483262188,120.86143009736779,135.05369527633042,0.07999704033136368,-0.06236882880330086,-0.12337920596635993,0.0771115832646874,-2.8994529222587633,1
161.35,2,2.3410923020380285,-1.2725879851030208,117.55862081787038,2.5295974044419687,-1.2202840068213971,120.60471258740054,134.65294906826665,0.07999883592128754,-0.06361861526966095,-0.11888851155536372,0.08158611638724854,-3.099415192759345,1
161.45,2,2.3376960959956676,-1.2671718661949818,116.77521526985213,2.5259166545614327,-1.213960907049777,119.87463046261149,134.39141601010502,0.07999976724386215,-0.0628984346985817,-0.11888851155536372,0.08158611638724854,-3.099415192759345,1
161.55,2,2.3344315182332727,-1.2606731084486402,116.35906148542406,2.5223054732805172,-1.2076481667597985,119.45847667818347,133.98547502276864,0.08002235740423203,-0.09814136475324631,-0.11888851155536372,0.08158611638724854,-3.099415192759345,1
161.65,2,2.3312747395436615,-1.2542012071179351,115.66221080674926,2.51880338547566,-1.2013564150532674,118.76162599950862,133.7044272644957,0.08000512421131134,-0.11693091690540314,-0.11888851155536372,0.08158611638724854,-3.099415192759345,1
161.75,2,2.3311955080950453,-1.2479724389037277,115.21689269008539,2.5156045325828766,-1.1954809927090724,118.16881956245534,133.1464944186703,0.08000341802835464,-0.140207901597023,-0.11972584419769183,0.07329534168976168,-2.899452922258663,1
161.85,2,2.330406410225775,-1.2440644994702221,114.50383195406862,2.5136322386965206,-1.1917373804042555,117.40328487632728,132.72673704104776,0.08000341802835464,-0.140207901597023,-0.11972584419769183,0.07329534168976168,-2.899452922258663,1
161.95,2,2.3278798710111044,-1.238438880007212,113.90391019292377,2.510824370873729,-1.1862467635868479,116.80336311518244,132.01071079880873,0.07999956607818604,-0.10787589848041534,-0.11972584419769183,0.07329534168976168,-2.899452922258663,1
162.05,2,2.3243044593992113,-1.2297342125330375,112.52343592558185,2.5069761330822544,-1.1784689832118802,115.53629832677022,131.59714625814098,0.07999937981367111,-0.15662747621536255,-0.11321993147651056,0.08804665728868005,-3.199396328009651,1
162.15,2,2.3227405050851697,-1.2255389238811165,111.72358256543819,2.5053313350351467,-1.1749747989456514,114.83014999440107,130.84219038547425,0.07999977469444275,-0.12075207382440567,-0.11321993147651056,0.08804665728868005,-3.199396328009651,1
162.27,2,2.3203871016662467,-1.2191676693978133,111.10113999620867,2.502770816695708,-1.1693548335525088,114.30053632421831,130.39397217378848,0.07999977469444275,-0.12075207382440567,-0.11321993147651056,0.08804665728868005,-3.199396328009651,1
162.35,2,2.318106370869033,-1.213089664095138,110.00133596186348,2.5001544212894524,-1.1634135915521495,113.2007322898731,129.73882885241198,0.08000002056360245,-0.11309920251369476,-0.11321993147651056,0.08804665728868005,-3.199396328009651,1
162.45,2,2.314156246645348,-1.204287293457746,109.0569933032716,2.4969370785928064,-1.1556999850534815,112.25638963128122,129.26952707497082,0.08000002801418304,-0.15410654246807098,-0.11628726936640726,0.0904653034981293,-3.1993963280096165,1
162.55,2,2.310648540332809,-1.1970894238785348,107.97681102507148,2.494575387998929,-1.1497912977201554,111.17620735308113,128.6051177232446,0.08000002056360245,-0.18550054728984833,-0.11628726936640726,0.0904653034981293,-3.1993963280096165,1
162.65,2,2.308500247437684,-1.1940732955794473,106.80837550780026,2.492495654780816,-1.144249796038798,110.00777183580986,128.0828324938598,0.08000000566244125,-0.22555936872959137,-0.11623581173602525,0.08650352056534899,-3.19939632800967,1
162.75,2,2.3069401406286953,-1.1897290960994582,105.8789009678395,2.490626874533819,-1.139003581999492,109.07829729584915,127.17947262970759,0.08000000566244125,-0.2519027888774872,-0.11623581173602525,0.08650352056534899,-3.19939632800967,1
162.86,2,2.3060210116262723,-1.1864145659647973,105.07441962225778,2.4895241909369306,-1.1357455155450096,108.2738159502674,126.5246234687073,0.08000000566244125,-0.22891736030578613,-0.11623581173602525,0.08650352056534899,-3.19939632800967,1
162.96,2,2.3047832762053746,-1.1815754868068018,103.62166747292304,2.488018310933527,-1.130983058040229,106.8210638009327,125.46992834682591,0.08000000566244125,-0.1898619383573532,-0.11623581173602525,0.08650352056534899,-3.19939632800967,1
163.05,2,2.301908181397152,-1.1723103241733024,101.74861485772215,2.486077710325813,-1.124185359533553,104.98554339415968,124.77761138041632,0.08000000566244125,-0.1898619383573532,-0.11754173526860781,0.0970374846720996,-3.299377463259988,1
163.15,2,2.2990040012712756,-1.1635551637487063,100.60223541743682,2.4846862766693225,-1.118782960002681,103.89112752966709,123.82748272628162,0.08000000566244125,-0.08742904663085938,-0.11754173526860781,0.0970374846720996,-3.299377463259988,1
163.25,2,2.2978759625478453,-1.1597900297409869,100.19187271930792,2.483204524035845,-1.1127085579317397,103.32358458072085,123.30352251295078,0.08000000566244125,-0.06952942907810211,-0.12146483916787798,0.08496862197962278,-3.099415192759436,1
163.35,2,2.296750205198102,-1.1535230336618083,99.43172138554586,2.481641269267706,-1.105930464612844,102.5311365783053,122.77109709535559,0.08000000566244125,-0.004719158634543419,-0.12146483916787798,0.08496862197962278,-3.099415192759436,1
163.45,2,2.295557503568169,-1.1538894697418889,99.30466741505155,2.4800593567977276,-1.0987748012028835,102.40408260781099,122.48641083133882,0.08000000566244125,0.009845618158578873,-0.12146483916787741,0.07496862197962069,-3.099415192759356,1
163.55,2,2.2942684405791,-1.1483607537731888,99.28860688622025,2.4783433313523746,-1.090924549360799,102.38802207897962,122.3835820644158,0.08000000566244125,-0.022745370864868164,-0.12146483916787741,0.07496862197962069,-3.099415192759356,1
163.65,2,2.2929784639087205,-1.1404254254703132,99.13191610682233,2.4766261893718107,-1.0830705759394583,102.2313312995817,122.38631144739159,0.08000000566244125,-0.05164007470011711,-0.12146483916787741,0.07496862197962069,-3.099415192759356,1
163.75,2,2.2917362252013156,-1.132630168239407,98.77904821022128,2.474964288973909,-1.0753538875714068,101.87846340298059,122.22045176158869,0.08000000566244125,-0.05758897215127945,-0.12146483916787741,0.07496862197962069,-3.099415192759356,1
163.85,2,2.290596488338916,-1.1251553754355912,98.48762286477829,2.473422067553281,-1.06795165272879,101.58703805753764,122.00676719191233,0.08000000566244125,-0.05321768671274185,-0.12146483916787741,0.07496862197962069,-3.099415192759356,1
163.95,2,2.2895387970244157,-1.1178236797768248,97.96635010598634,2.4719695087314673,-1.0606878696222597,101.06576529874566,121.66039483281496,0.08000000566244125,-0.010891636833548546,-0.12146483916787741,0.07496862197962069,-3.099415192759356,1
164.05,2,2.28852004986323,-1.110416726757723,97.72282967138156,2.470551768034625,-1.0533468335835168,100.8222448641409,121.45421333622598,0.08000000566244125,-0.014219418168067932,-0.12146483916787741,0.07496862197962069,-3.099415192759356,1
164.15,2,2.2874988505746674,-1.1028142528962064,97.61265237067018,2.469121007254977,-1.0458106952890438,100.71206756342946,121.32909022086963,0.08000000566244125,-0.014219418168067932,-0.12146483916787741,0.07496862197962069,-3.099415192759356,1
164.25,2,2.2864304714577828,-1.0947844667781395,97.5811174577882,2.4676200314761165,-1.0378504207491444,100.68053265054756,121.26993771295507,0.08000000566244125,0.04131050035357475,-0.12146483916787741,0.07496862197962069,-3.099415192759356,1
164.35,2,2.286780653133989,-1.0883722636599205,97.84100608640203,2.466128669702353,-1.0300193914396125,100.90234506963013,121.38260155300664,0.08000000566244125,0.032962094992399216,-0.11977285475288865,0.0668607978607118,-2.999434057509094,1
164.45,2,2.2876400903777037,-1.0827022108435127,98.09582955431978,2.4646459419111038,-1.0223779983009886,101.10498101710434,121.52156047091438,0.08000000566244125,-0.006527449004352093,-0.11977285475288865,0.0668607978607118,-2.999434057509094,1
164.55,2,2.286874493487776,-1.0753028636949515,98.21310253213652,2.4631153267766384,-1.0146685052617317,101.21253658964555,121.6681145704124,0.08000000566244125,-0.01631622016429901,-0.11977285475288865,0.0668607978607118,-2.999434057509094,1
164.65,2,2.2857374688818948,-1.0673642347264274,98.06164371123629,2.4615644624042443,-1.0068002478591864,101.06107776874535,121.65005365371164,0.08000000566244125,0.058683779835700986,-0.11977285475288865,0.0668607978607118,-2.999434057509094,1
164.75,2,2.2846290680150365,-1.0595240165831876,98.1908244005362,2.460047332011749,-0.9990287686957707,101.19025845804534,121.5964121772979,0.08000000566244125,0.023341432213783264,-0.11977285475288865,0.0668607978607118,-2.999434057509094,1
164.85,2,2.2835858582572803,-1.0524057765060795,98.44795480053023,2.4586330817107713,-0.9919748673298449,101.44738885803932,121.8176384098691,0.08000000566244125,-0.05165856778621673,-0.11977285475288865,0.0668607978607118,-2.999434057509094,1
164.95,2,2.2824242261173318,-1.0446655342638005,98.37174398356609,2.457068024317493,-0.9843060124900748,101.37117804107523,121.91374683809146,0.08000000566244125,-0.07763862609863281,-0.11977285475288865,0.0668607978607118,-2.999434057509094,1
165.05,2,2.2814007434226773,-1.037540738525954,97.94415048461514,2.455673131022451,-0.977244532204204,100.94358454212423,121.68364651798262,0.08000000566244125,-0.0026386260986328153,-0.11977285475288865,0.0668607978607118,-2.999434057509094,1
165.15,2,2.2804248631738817,-1.030375238004382,97.67109362294393,2.4543236450381087,-0.970139912048087,100.67052768045302,121.3094665011122,0.0774528756737709,0.06275846850126982,-0.11977285475288865,0.0668607978607118,-2.999434057509094,1
165.25,2,2.2793804956660724,-1.0226065840868297,97.72442526268259,2.4528742049585417,-0.9624365484556158,100.72385932019169,121.28837555419773,0.07943077385425568,0.1827584685012698,-0.11977285475288865,0.0668607978607118,-2.999434057509094,1
165.35,2,2.2787008020681125,-1.0177737254121968,98.36368617723977,2.4519425578970173,-0.9576458762576008,101.36312023474885,121.66841162217962,0.07943077385425568,0.218099907040596,-0.11977285475288865,0.0668607978607118,-2.999434057509094,1
165.45,2,2.2778836992562046,-1.012385148132342,99.02797660605837,2.4508446112820863,-0.9523074368473464,102.0274106635675,122.19842894917889,0.07961788773536682,0.07612294703722,-0.11977285475288865,0.0668607978607118,-2.999434057509094,1
165.55,2,2.2810308597943125,-1.006471277302683,99.55308726769107,2.448919980122542,-0.943559426041936,102.70720166080032,122.7552299733058,0.08007144182920456,-0.03984154760837555,-0.11006446979731252,0.0714399375429896,-3.1993963280097355,1
165.65,2,2.2811178359330446,-0.9997753074038113,99.41094665122141,2.447240873193942,-0.936091357087189,102.61034297923116,122.88588213205436,0.08006269484758377,-0.05927791818976402,-0.11006446979731252,0.0714399375429896,-3.1993963280097355,1
165.75,2,2.2798923422295814,-0.9923042455378465,99.19907932571266,2.4456003222790796,-0.928700335986012,102.39847565372241,122.7175493922743,0.08002520352602005,-0.045705921947956085,-0.11006446979731252,0.0714399375429896,-3.1993963280097355,1
165.85,2,2.2787329153542246,-0.984973030994244,98.7542246133764,2.4440335402342726,-0.9214452569797091,101.9536209413861,122.51313276606639,0.08000529557466507,-0.009504321962594986,-0.11006446979731252,0.0714399375429896,-3.1993963280097355,1
165.95,2,2.277572427509142,-0.9774022713262461,98.62246192353008,2.442452329623988,-0.9139510654292421,101.82185825153984,122.29219590743523,0.07999737560749054,0.00611037015914917,-0.11006446979731252,0.0714399375429896,-3.1993963280097355,1
166.05,2,2.27639190869082,-0.9695885507512706,98.62278305377883,2.440837559374074,-0.9062154096106187,101.8221793817886,122.26435394640653,0.08002322167158127,-0.017350802198052406,-0.11006446979731252,0.0714399375429896,-3.1993963280097355,1
166.15,2,2.2751938674691465,-0.9616553382670202,98.58033160132132,2.439198625070864,-0.8983614260711109,101.77972792933105,122.26374879967271,0.08000398427248001,0.0130336694419384,-0.11006446979731252,0.0714399375429896,-3.1993963280097355,1
166.25,2,2.2740054196192587,-0.9537435415736734,98.49875567274577,2.4375704644231453,-0.8905282895273008,101.69815200075546,122.21193482612343,0.08035165816545486,-0.009379096329212189,-0.11006446979731252,0.0714399375429896,-3.1993963280097355,1
166.35,2,2.271364871549088,-0.9432757776211206,98.50258430124677,2.4359370717697613,-0.8826754602441098,101.70198062925647,122.23331219885141,0.08035165816545486,-0.009379096329212189,-0.11373769924187137,0.07787330521962792,-3.1993963280097044,1
166.45,2,2.268274323621163,-0.9320066723485738,98.4983904644388,2.43431432515941,-0.8748270279327124,101.69778679244851,122.20544732874933,0.08033355325460434,-0.004171576350927353,-0.11373769924187137,0.07787330521962792,-3.1993963280097044,1
166.55,2,2.266785656890676,-0.9236076560419257,98.52619454007716,2.432706598058315,-0.867060651065123,101.72559086808691,122.24285855279894,0.08005519956350327,0.03815394267439842,-0.11373769924187137,0.07787330521962792,-3.1993963280097044,1
166.65,2,2.265606288844652,-0.9157241877835961,98.53512830428377,2.431089084100116,-0.8592552920494784,101.73452463229347,122.25078070384366,0.08003231137990952,0.0006891489028930664,-0.11373769924187137,0.07787330521962792,-3.1993963280097044,1
166.75,2,2.2644408831458303,-0.9080362186760669,98.6148160264184,2.4294964217269803,-0.8516443482179704,101.8142123544281,122.38642308871809,0.07998550683259964,-0.025800339877605438,-0.11373769924187137,0.07787330521962792,-3.1993963280097044,1
166.85,2,2.2632531927616664,-0.9002022200618306,98.620609533131,2.4278733593518176,-0.8438888462185624,101.8200058611407,122.38784105313069,0.07998866587877274,-0.051286112517118454,-0.11373769924187137,0.07787330521962792,-3.1993963280097044,1
166.95,2,2.262101173229631,-0.8924900308040356,98.44980918757649,2.4262927105306984,-0.8362529728923126,101.64920551558613,122.2379337302284,0.08007403463125229,-0.03363920748233795,-0.11373769924187137,0.07787330521962792,-3.1993963280097044,1
167.05,2,2.261007304914817,-0.8850062450415274,98.17071880392339,2.424782869713668,-0.8288419015840263,101.37011513193312,122.05480026174511,0.08001583814620972,-0.026500068604946136,-0.11373769924187137,0.07787330521962792,-3.1993963280097044,1
167.15,2,2.2598942099795107,-0.8772594241506729,98.0622852570179,2.4232391519939784,-0.8211692781831353,101.2616815850276,121.8580692302388,0.08054502308368683,-0.03145332634449005,-0.11373769924187137,0.07787330521962792,-3.1993963280097044,1
167.25,2,2.2587961976648194,-0.869466581002891,97.98313474694636,2.421707924838903,-0.8134498624818853,101.18253107495603,121.74927148204108,0.08054868131875992,0.008908852934837341,-0.11373769924187137,0.07787330521962792,-3.1993963280097044,1
167.35,2,2.257708856719762,-0.8616432600329952,97.93011804794845,2.4201856514232722,-0.8056994208830555,101.1295143759582,121.61778261283912,0.08072809875011444,0.04089897498488426,-0.11373769924187137,0.07787330521962792,-3.1993963280097044,1
167.45,2,2.256620191227483,-0.8538303732132447,97.95614079595668,2.4186626378651233,-0.7979594710954918,101.15553712396638,121.64903005963023,0.08017545938491821,0.02538517490029335,-0.11373769924187137,0.07787330521962792,-3.1993963280097044,1
167.55,2,2.2529669568842055,-0.8409842097508686,98.14166500719182,2.417166532137896,-0.7904768145064471,101.34106133520156,121.85310396571955,0.08005838841199875,0.03439699113368988,-0.11693384309574598,0.08443614900374322,-3.1993963280097746,1
167.65,2,2.25121398756634,-0.8318349844342228,98.28613522838452,2.4155947172198755,-0.782674325617412,101.4855315563943,121.95876543042533,0.0799630656838417,0.03591959923505783,-0.11693384309574598,0.08443614900374322,-3.1993963280097746,1
167.75,2,2.2501135022084853,-0.824277979062486,98.37048769981905,2.4140741832149044,-0.7751905181271674,101.56988402782885,122.17122496042906,0.0799686536192894,0.007430914789438248,-0.11693384309574598,0.08443614900374322,-3.1993963280097746,1
167.85,2,2.24902867116501,-0.8169239686053682,98.36604961447796,2.4125806084709587,-0.7679085154712676,101.56544594248773,122.30441001500624,0.07998108863830566,0.05482717230916023,-0.11693384309574598,0.08443614900374322,-3.1993963280097746,1
167.95,2,2.2478602984706426,-0.8090289215457093,98.48958781260431,2.410973426502226,-0.7600909820401558,101.6889841406141,122.38738133007622,0.07999423146247864,0.059604939073324203,-0.11693384309574598,0.08443614900374322,-3.1993963280097746,1
168.05,2,2.246755127166215,-0.8017189289524479,98.734786074748,2.409461999880984,-0.7528540638497745,101.93418240275778,122.55608346212617,0.08000000566244125,0.07595188170671463,-0.11693384309574598,0.08443614900374322,-3.1993963280097746,1
168.15,2,2.245639485823968,-0.7945680661239273,99.0013559162879,2.4079490007299937,-0.7457766117400142,102.20075224429766,122.88480826685637,0.08000154048204422,0.046633780002593994,-0.11693384309574598,0.08443614900374322,-3.1993963280097746,1
168.25,2,2.244501225147336,-0.787504318650958,99.39498795412078,2.406418279494025,-0.7387874016109939,102.59438428213048,123.15279530721378,0.08000119030475616,0.057251133024692535,-0.11693384309574598,0.08443614900374322,-3.1993963280097746,1
168.35,2,2.2432851001057643,-0.7801729369264003,99.47318384058418,2.4047948783249375,-0.7315353200648362,102.67258016859398,123.46969990658478,0.07890322059392929,0.0059293098747730255,-0.11693384309574598,0.08443614900374322,-3.1993963280097746,1
168.45,2,2.242039003522284,-0.7728413826535229,99.68523577574943,2.403141542698925,-0.7242847389805873,102.88463210375917,123.67009479231737,0.07348062843084335,-0.012950935401022434,-0.11693384309574598,0.08443614900374322,-3.1993963280097746,1
168.55,2,2.2407350376551687,-0.7652181032187694,99.75066741244065,2.4014141465183685,-0.7167461171729665,102.95006374045046,123.75349567014274,0.0736236572265625,-0.07295093540102243,-0.11693384309574598,0.08443614900374322,-3.1993963280097746,1
168.65,2,2.239864686450085,-0.7600871269181345,99.4838679508493,2.40025878704105,-0.7116717134152787,102.68326427885908,123.70836718888123,0.07501358538866043,-0.1042553037405014,-0.11693384309574598,0.08443614900374322,-3.1993963280097746,1
168.75,2,2.2384253128023985,-0.7513199705742203,98.9109891740591,2.3983323532355287,-0.7029985548413085,102.11038550206894,123.30357868509971,0.07872938364744186,-0.14182749390602112,-0.11693384309574598,0.08443614900374322,-3.1993963280097746,1
168.85,2,2.2347102062743303,-0.7452745936241855,98.30139096771919,2.3970090973022518,-0.6967057171839232,101.58240399886897,122.93799728267953,0.07984491437673569,-0.06682749390602112,-0.11884641353781693,0.08816193017670368,-3.2993774632599955,1
168.95,2,2.2332101510540725,-0.7390602972834842,97.78792617428816,2.3957671639052287,-0.6904827246191547,101.08730363754816,122.3230997330534,0.08035635203123093,-0.008773814886808395,-0.11884641353781693,0.08816193017670368,-3.2993774632599955,1
169.05,2,2.232185482410599,-0.7314739013710058,97.69611174617597,2.394307572502556,-0.6829678765363901,100.99548920943596,122.19991064308851,0.08026759326457977,0.022603508085012436,-0.11884641353781693,0.08816193017670368,-3.2993774632599955,1
169.15,2,2.231112199627604,-0.7234627609947392,97.66703162824577,2.3927750021466845,-0.6750317859267243,100.96640909150574,122.1836431567754,0.08025381714105606,0.016563501209020615,-0.11884641353781693,0.08816193017670368,-3.2993774632599955,1
169.25,2,2.2269062520594574,-0.7101754307688016,97.57429090443941,2.3912282092387693,-0.6671131036937507,101.03624126779066,122.25777868914022,0.08121559023857117,0.017601806670427322,-0.11986455285303385,0.10286550238358799,-3.499339733760635,1
169.35,2,2.225105455094871,-0.7009160483852195,97.73483817122751,2.389658260167555,-0.6591528799485581,101.23417790498817,122.3683565580266,0.08146993815898895,0.028453446924686432,-0.11986455285303385,0.10286550238358799,-3.499339733760635,1
169.45,2,2.2240214007118775,-0.6929774242438178,97.87766205707612,2.388091676904857,-0.6512952248247464,101.3770017908367,122.447138072239,0.08042497932910919,0.005881438031792641,-0.11986455285303385,0.10286550238358799,-3.499339733760635,1
169.55,2,2.2229162275684144,-0.6850503613921965,97.95502348568174,2.386504719924453,-0.6434503984612804,101.45436321944234,122.57789322242336,0.08129499107599258,0.010110028088092804,-0.11986455285303385,0.10286550238358799,-3.499339733760635,1
169.65,2,2.2217817503884767,-0.67698039772612,98.03857340146381,2.3848797913025668,-0.635464726353225,101.53791313522443,122.60979084929785,0.08078216761350632,0.015616534277796745,-0.11986455285303385,0.10286550238358799,-3.499339733760635,1
169.75,2,2.22063455114015,-0.6688943520945949,98.17963353585837,2.383241182737041,-0.6274637787818774,101.67897326961901,122.67121362386824,0.08024054020643234,-0.00312175415456295,-0.11986455285303385,0.10286550238358799,-3.499339733760635,1
169.85,2,2.2194802348920577,-0.6608661845248647,98.2223032128415,2.381599003146793,-0.6195210357593663,101.72164294660209,122.72220002703327,0.0800236165523529,0.015537889674305916,-0.11986455285303385,0.10286550238358799,-3.499339733760635,1
169.95,2,2.2183296357354196,-0.6528891357321507,98.17268985930556,2.379963653856185,-0.6116290893227573,101.67202959306616,122.73725214329421,0.07994180172681808,0.02225498855113983,-0.11986455285303385,0.10286550238358799,-3.499339733760635,1
170.05,2,2.217159809048554,-0.6449323977803456,98.47913125702489,2.378310352598595,-0.6037585894490106,101.97847099078554,122.79318099991487,0.07995427399873734,-0.02333005703985691,-0.11986455285303385,0.10286550238358799,-3.499339733760635,1
170.15,2,2.2159737267821704,-0.6369950629115106,98.54014063233424,2.3766420103766817,-0.5959084486736336,102.03948036609492,122.88488398350148,0.07997702807188034,0.051669942960143087,-0.11986455285303385,0.10286550238358799,-3.499339733760635,1
170.25,2,2.215217812179968,-0.6319124254427382,98.36561433421409,2.375577276043561,-0.5908814265606261,101.8649540679747,122.83451429094738,0.07999425381422043,0.0713346004486084,-0.11986455285303385,0.10286550238358799,-3.499339733760635,1
170.35,2,2.2136944107472156,-0.6220664933284781,99.07903756557816,2.373455748465157,-0.5811468360783306,102.5783772993388,123.12202783610317,0.08000116050243378,0.026434093713760376,-0.11986455285303385,0.10286550238358799,-3.499339733760635,1
170.45,2,2.2183050166957354,-0.6234714064064159,99.60992536516498,2.3718517195935425,-0.5741006264986294,103.10926509892562,123.3955096391883,0.08000241219997406,0.003871159628033638,-0.11297440590575313,0.09269290305322328,-3.499339733760599,1
170.55,2,2.2180887725906846,-0.6172573608890534,99.62653155095813,2.3700501762285766,-0.5663453730476798,103.12587128471873,123.5999795029558,0.0800015851855278,0.023399312049150467,-0.11297440590575313,0.09269290305322328,-3.499339733760599,1
170.65,2,2.217211735939863,-0.6121042184223221,99.65005133571677,2.3688602422624867,-0.5612553703241384,103.14939106947737,123.64654126240508,0.0800006315112114,0.04292602464556694,-0.11297440590575313,0.09269290305322328,-3.499339733760599,1
170.75,2,2.2153903179780294,-0.6015793167388335,100.00747736773917,2.366399811515404,-0.5508612662560813,103.50681710149976,123.80959947755873,0.08000008761882782,0.06074490398168564,-0.11297440590575313,0.09269290305322328,-3.499339733760599,1
170.85,2,2.2140562293795667,-0.5941341334857855,100.4073506461812,2.364613778395425,-0.5435113933487208,103.90669037994181,123.99619108350689,0.0799999088048935,-0.014255096018314359,-0.11297440590575313,0.09269290305322328,-3.499339733760599,1
170.95,2,2.2126856105288844,-0.586857583584004,100.62719884035158,2.3628015760139487,-0.5363320690744221,104.12653857411219,124.28286341490588,0.0799999088048935,-0.07948307082056999,-0.11297440590575313,0.09269290305322328,-3.499339733760599,1
171.05,2,2.2112687253508745,-0.5791937709210236,100.24750084717238,2.360919556197062,-0.5287690280491619,103.746840580933,124.24223936755416,0.07999994605779648,-0.08800891786813736,-0.11297440590575313,0.09269290305322328,-3.499339733760599,1
171.15,2,2.2101044749543304,-0.5725294429190373,99.48670637117964,2.3593507057070022,-0.5221881880690566,102.98604610494023,123.81425580660834,0.07999997586011887,-0.07479554414749146,-0.11297440590575313,0.09269290305322328,-3.499339733760599,1
171.25,2,2.209016845000914,-0.5657846152562438,98.98310418293372,2.3578534193406058,-0.5155223218347736,102.48244391669424,123.49046021012715,0.07999999076128006,-0.07381109148263931,-0.11297440590575313,0.09269290305322328,-3.499339733760599,1
171.35,2,2.2079493012109292,-0.5588148024415738,98.2737380910916,2.3563624492599407,-0.5086306639331047,101.77307782485218,123.05154896928704,0.07999999821186066,-0.040171682834625244,-0.11297440590575313,0.09269290305322328,-3.499339733760599,1
171.45,2,2.2069891919114393,-0.5520913887355516,97.97668728607896,2.3549937528299254,-0.5019783882464125,101.47602701983952,122.77062804535859,0.07999999821186066,-0.036536891013383865,-0.11297440590575313,0.09269290305322328,-3.499339733760599,1
171.55,2,2.2059480943620358,-0.5445464602789303,97.67204476614185,2.3534940763260406,-0.494511072804662,101.17138449990244,122.48950827797512,0.07999999821186066,-0.05845462903380394,-0.11297440590575313,0.09269290305322328,-3.499339733760599,1
171.65,2,2.2025234100671187,-0.5340972632616179,97.55017558390378,2.352025007327319,-0.48698526857881674,100.88904516170989,122.32243213491938,0.07999999821186066,-0.09585690498352051,-0.11817322215757399,0.08814890852367295,-3.299377463259974,1
171.75,2,2.201017247638041,-0.5263088653453414,97.10118500301631,2.3507102757449396,-0.4799624887072141,100.40056246627628,121.96999826804391,0.07999999821186066,-0.02085690498352051,-0.11817322215757399,0.08814890852367295,-3.299377463259974,1
171.85,2,2.200448504202239,-0.5216235822949685,96.64673882803513,2.349872822097223,-0.47531770477835306,99.94611629129508,121.65408631688601,0.07999999821186066,0.0606888173520565,-0.11817322215757399,0.08814890852367295,-3.299377463259974,1
171.95,2,2.199546202898137,-0.5139207717739075,96.792632041776,2.3485286951720785,-0.46767959242150375,100.09200950503596,121.58044100029618,0.07999999821186066,0.079780213534832,-0.11817322215757399,0.08814890852367295,-3.299377463259974,1
172.05,2,2.198395919820573,-0.5046081439267891,97.47743672374696,2.34684434741186,-0.45844860324373415,100.7768141870069,121.81195190442442,0.0772942379117012,0.07022380083799362,-0.11817322215757399,0.08814890852367295,-3.299377463259974,1
172.15,2,2.1945820346971106,-0.5032108967332523,97.79344454026167,2.345491626131687,-0.4513959395917776,101.00834874262783,122.1857063972094,0.07939531654119492,0.05835781618952751,-0.12258824811732105,0.07733542601367555,-3.1993963280095996,1
172.25,2,2.1930403851806313,-0.4971498658493115,98.35369860771067,2.344081974185233,-0.44435235592501093,101.5530949357203,122.44736626765882,0.07959409058094025,-0.014187728986144066,-0.12258824811732105,0.07733542601367555,-3.1993963280095996,1
172.35,2,2.1919395672835016,-0.4897290088221516,98.47014938650752,2.342568706732564,-0.4370045031313791,101.66954571451708,122.7424366796678,0.08005642145872116,0.059625789523124695,-0.12258824811732105,0.07733542601367555,-3.1993963280095996,1
172.45,2,2.1907963703860744,-0.48205802454995067,98.58053049536375,2.3409991664855214,-0.4294092781667349,101.77992682337329,122.75077407267926,0.08007588982582092,0.1140059307217598,-0.12258824811732105,0.07733542601367555,-3.1993963280095996,1
172.55,2,2.189691555783737,-0.47494321007807166,99.22698508080528,2.3394989890936713,-0.42236721397590427,102.42638140881485,123.06042452186793,0.08006660640239716,0.15807993710041046,-0.12258824811732105,0.07733542601367555,-3.1993963280095996,1
172.65,2,2.1886160993394395,-0.46853550965200613,99.8995710125519,2.338067588832489,-0.4160295231814532,103.09896734056146,123.43149099417185,0.080026775598526,0.1632867008447647,-0.12258824811732105,0.07733542601367555,-3.1993963280095996,1
172.75,2,2.1875558626538254,-0.4627321599835518,100.79018399597582,2.3366851140190312,-0.4102943917449452,103.98958032398541,124.15453453930829,0.08000562340021133,0.10273818671703339,-0.12258824811732105,0.07733542601367555,-3.1993963280095996,1
172.85,2,2.1864106188657253,-0.4569708075115582,101.59433598046868,2.33522010850413,-0.4046059363762146,104.79373230847823,124.66989525007007,0.07999720424413681,0.0686950534582138,-0.12258824811732105,0.07733542601367555,-3.1993963280095996,1
172.95,2,2.1933943455396827,-0.45326968949838564,101.92136415587801,2.333496403312884,-0.39816098153329155,105.20733896136908,125.26406952056841,0.07999646663665771,0.01897088997066021,-0.11202734957759446,0.07809347002670503,-3.299377463259915,1
173.05,2,2.193161967404502,-0.44662093112540807,102.2597407539393,2.3315673142011817,-0.3911736816984139,105.55911821719921,125.5269381168443,0.07999793440103531,0.03867064416408539,-0.11202734957759446,0.07809347002670503,-3.299377463259915,1
173.15,2,2.1914640717782183,-0.4388038587353608,102.51416659397232,2.3294223355637094,-0.3834672858512114,105.81354405723222,125.73116489270988,0.07999927550554276,0.04332622140645981,-0.11202734957759446,0.07809347002670503,-3.299377463259915,1
173.25,2,2.1897888953555755,-0.43126312509433257,102.5611687015009,2.327315942645148,-0.3760354631431168,105.86054616476082,125.87795962629407,0.07999996095895767,0.08298909664154053,-0.11202734957759446,0.07809347002670503,-3.299377463259915,1
173.35,2,2.1886986392325665,-0.42644169228924106,102.89109805998095,2.325950004896456,-0.3712847698490315,106.19047552324086,126.14723810477894,0.08000015467405319,0.08342806994915009,-0.11202734957759446,0.07809347002670503,-3.299377463259915,1
173.45,2,2.1865511196849505,-0.41720580076978747,103.4795613152784,2.3232744900631204,-0.36218778393373474,106.77893877853828,126.43109189502209,0.0800001248717308,0.10917985439300537,-0.11202734957759446,0.07809347002670503,-3.299377463259915,1
173.55,2,2.184930771464835,-0.41062933136196994,104.12222613036573,2.3212783309388128,-0.3557154715975728,107.42160359362569,126.90908205410373,0.08000006526708603,0.14139331877231598,-0.11202734957759446,0.07809347002670503,-3.299377463259915,1
173.65,2,2.1917122472839647,-0.39577371911930226,104.49764664187744,2.3193080361274006,-0.3495025339900693,107.88284211568052,127.3074703861215,0.08000001311302185,0.12771815061569214,-0.10140680819726078,0.0920471415534192,-3.399358598510203,1
173.75,2,2.191484458152715,-0.38830306629532974,105.38321445218264,2.3173393663215407,-0.34354758444910244,108.78257305069282,127.94945230619194,0.07999999076128006,0.11991702765226364,-0.10140680819726078,0.0920471415534192,-3.399358598510203,1
173.85,2,2.1898170373420864,-0.38235493385272507,105.84560958922175,2.3153221836564195,-0.3377087878427784,109.24496818773193,128.4152468857506,0.07975956052541733,0.10001169145107269,-0.10140680819726078,0.0920471415534192,-3.399358598510203,1
173.96,2,2.188673819577147,-0.37837322438316184,106.22160947529551,2.313944881138348,-0.33380187154833413,109.62096807380576,128.85764909277768,0.07975956052541733,0.10001169145107269,-0.10140680819726078,0.0920471415534192,-3.399358598510203,1
174.07,2,2.186884190009904,-0.37236832797201724,107.02431555616036,2.311802338913132,-0.3279136572426474,110.42367415467055,129.4456909497303,0.07996392995119095,0.13254910707473755,-0.10140680819726078,0.0920471415534192,-3.399358598510203,1
174.15,2,2.18186130204586,-0.37514899696011295,107.13699062698743,2.30944373734623,-0.32164877634438677,110.84764823508972,130.0937803185066,0.07996392995119095,0.13254910707473755,-0.10458795262761615,0.08990607366810822,-3.4993397337603773,1
174.25,2,2.178388338331496,-0.3642436585464911,108.48742426721732,2.306439640031059,-0.31395686207729173,111.98676400097774,130.5192926127136,0.08000674098730087,0.2076338505744934,-0.10458795262761615,0.08990607366810822,-3.4993397337603773,1
174.35,2,2.177057029882999,-0.36031922674965156,108.92847523546384,2.304871278115084,-0.3101210064995093,112.42781496922419,131.286572445528,0.08000592142343521,0.13726699650287627,-0.10458795262761615,0.08990607366810822,-3.4993397337603773,1
174.45,2,2.1761186691959598,-0.36411789547309187,109.29215417574115,2.3019103965275756,-0.3031027541503087,113.27952023462448,131.86002933009743,0.08000592142343521,0.13277851045131683,-0.10557364479147426,0.08001245220194773,-3.399358598510032,1
174.55,2,2.1721726855023684,-0.3532544355324143,110.84293804400274,2.2994292630829807,-0.297445129816819,114.24229664251268,132.58127895711476,0.08000049740076065,0.13793939352035522,-0.10557364479147426,0.08001245220194773,-3.399358598510032,1
174.65,2,2.1700781030954546,-0.3478321266607029,111.37688944295718,2.2970168492290415,-0.2921565602222205,114.77624804146721,133.0762411562868,0.07999975234270096,0.13634751737117767,-0.10557364479147426,0.08001245220194773,-3.399358598510032,1
174.75,2,2.167672462822452,-0.34175258372477624,111.85577815029202,2.294254953993452,-0.2862303572101311,115.2551367488021,133.7850010238245,0.07999968528747559,0.14230456948280334,-0.10669482532811284,0.08087767700956763,-3.4993397337603396,1
174.85,2,2.1636855013961314,-0.3386979191066982,112.79893919404063,2.291547119357982,-0.2806205049491114,116.28565513941916,134.22992540295152,0.07999981194734573,0.11736741662025452,-0.10669482532811284,0.08087767700956763,-3.4993397337603396,1
174.95,2,2.1619390359577655,-0.3355277352281073,113.14823625125759,2.289820150328441,-0.27715833572803944,116.64757598501778,134.9867811749447,0.07999981194734573,0.11736741662025452,-0.10669482532811284,0.08087767700956763,-3.4993397337603396,1
175.05,2,2.1585567014182216,-0.3277362912835142,114.0480248073549,2.2859685554914,-0.2695878665952576,117.54736454111517,135.38907925187172,0.07999999076128006,0.10571061819791794,-0.10669482532811284,0.08087767700956763,-3.4993397337603396,1
175.15,2,2.155865105527342,-0.3242732658322684,114.57604339843598,2.2828524286420673,-0.26366303225131266,117.9839115380749,135.96290378461876,0.08000000566244125,0.12463389337062836,-0.10733165610134057,0.07404240250365601,-3.3993585985100254,1
175.25,2,2.1530694158381882,-0.31846220456375396,115.25392770328021,2.2796975163215154,-0.2577830612589307,118.65328630179023,136.35432257689683,0.08000000566244125,0.12098502367734909,-0.10733165610134057,0.07404240250365601,-3.3993585985100254,1
175.35,2,2.1503299657647146,-0.31276501730728035,116.02067593986817,2.276625070482537,-0.2522583344867796,119.42003453837827,137.01171182962278,0.08000000566244125,0.1809850236773491,-0.10733165610134057,0.07404240250365601,-3.3993585985100254,1
175.45,2,2.147531780062223,-0.3070975830103079,116.5617607541221,2.2734957565680087,-0.24676679106434643,119.96111935263205,137.47710535957557,0.08000000566244125,0.16809725761413574,-0.10733165610134057,0.07404240250365601,-3.3993585985100254,1
175.55,2,2.1447490228817583,-0.3016672933553507,117.77317880950524,2.270395905567567,-0.24151106018870006,121.17253740801527,138.18150248423194,0.07966875284910202,0.18116693198680878,-0.10733165610134057,0.07404240250365601,-3.3993585985100254,1
175.65,2,2.142344660971312,-0.2923125321332244,119.02238354487498,2.267438972725699,-0.23672933855417214,122.22575720616337,138.77172567802148,0.07992597669363022,0.23204785585403442,-0.10834299378296652,0.07068529451536305,-3.1993963280094224,1
175.75,2,2.139668327042848,-0.2874593820951985,119.7803401937553,2.2644958703745672,-0.23212272831852426,122.9797365217647,139.70786748101594,0.07995031028985977,0.1570478558540344,-0.10834299378296652,0.07068529451536305,-3.1993963280094224,1
175.85,2,2.1393984908463746,-0.2851720605936094,120.43565604230025,2.2614486448359217,-0.2274883583356183,123.72505051264864,140.30868326923226,0.080006904900074,0.1207781657576561,-0.10493047158595353,0.07181442828433295,-3.2993774632596287,1
175.95,2,2.136395887749986,-0.27996342254134304,121.2668824617077,2.257857164760759,-0.2221993000082,124.56625992496731,141.01370910113292,0.08000928908586502,0.17557287216186523,-0.10493047158595353,0.07181442828433295,-3.2993774632596287,1
176.05,2,2.133144790084899,-0.27466079770388685,121.77552938882117,2.2543062730586705,-0.21709257558693135,125.07490685208079,141.48331257625782,0.08000814914703369,0.19164271652698517,-0.10493047158595353,0.07181442828433295,-3.2993774632596287,1
176.15,2,2.1298851291745926,-0.2694674105619601,122.67035232174425,2.2507531192821544,-0.21209540063536725,125.96972978500386,142.17807456900826,0.0800032690167427,0.23345832526683807,-0.10493047158595353,0.07181442828433295,-3.2993774632596287,1
176.25,2,2.126507462871008,-0.2615397163746072,123.81954936774352,2.2474724514101148,-0.2076688152095317,127.20962310793402,142.76289495187777,0.08000069111585617,0.15931209921836853,-0.10473366181069085,0.07936791851393715,-3.399358598509889,1
176.35,2,2.1235507904896256,-0.25693651707177056,124.93531329242535,2.2443050058033887,-0.20358613578482018,128.33467189093523,143.79028900269142,0.0799996629357338,0.11260148882865906,-0.10473366181069085,0.07936791851393715,-3.399358598509889,1
176.45,2,2.1202135595909093,-0.2521968389938664,125.39508832689421,2.240692606636457,-0.199052678978776,128.79444692540412,144.3814443062293,0.07999956607818604,0.05778028070926666,-0.10473366181069085,0.07936791851393715,-3.399358598509889,1
176.55,2,2.1189112104116714,-0.2503708875978872,125.74389201451713,2.239284278800461,-0.19730716341267593,129.14325061302702,144.82498600162765,0.07999956607818604,0.05778028070926666,-0.10473366181069085,0.07936791851393715,-3.399358598509889,1
176.65,2,2.1120872190852498,-0.24631733728821625,126.7367981067476,2.231957439830787,-0.1884411397287532,129.9536497315989,145.32634401781772,0.07980551570653915,0.14832675457000732,-0.10587889837490246,0.06589766791618214,-3.199396328009241,1
176.75,2,2.108087067888913,-0.24155290353954223,127.68278939195866,2.2276742925669732,-0.1834077422006924,130.88218571996794,145.87588593714224,0.07986950129270554,0.18343371152877808,-0.10587889837490246,0.06589766791618214,-3.199396328009241,1
176.85,2,2.1044602146797478,-0.23690894991897338,128.2980789050774,2.2237939087168423,-0.17897344511925273,131.49747523308665,146.3970017998512,0.08001815527677536,0.1596469283103943,-0.10587889837490246,0.06589766791618214,-3.199396328009241,1
176.95,2,2.101012650844238,-0.23257857693768097,128.78829519337592,2.220110036035856,-0.17484223359872925,131.98769152138516,147.21062985448842,0.08002441376447678,0.15058767795562744,-0.10587889837490246,0.06589766791618214,-3.199396328009241,1
177.05,2,2.097022779175391,-0.22770148566657922,129.77585889718966,2.2158541879019427,-0.17019542266416426,132.9752552251989,147.7009985180233,0.08002141863107681,0.1489371359348297,-0.10587889837490246,0.06589766791618214,-3.199396328009241,1
177.15,2,2.092335427914307,-0.2241054355159346,130.39338618672122,2.211845091530963,-0.16594970615014262,133.6408543129506,148.5260968070041,0.0800086036324501,0.1884268820285797,-0.10728922792321603,0.06793215086093618,-3.2993774632596278,1
177.25,2,2.0874879225484495,-0.22054916608913333,130.94003624416436,2.207742197123923,-0.16168673878894202,134.239413707424,149.05238857205276,0.08000180125236511,0.1767050176858902,-0.10728922792321603,0.06793215086093618,-3.2993774632596278,1
177.35,2,2.0836202644213295,-0.21615474933312295,131.86386137550463,2.2036280372074013,-0.15752220205659473,135.16323883876424,149.820963124878,0.07999910414218903,0.1611865907907486,-0.10728922792321603,0.06793215086093618,-3.2993774632596278,1
177.45,2,2.0798608611744793,-0.21201993410451297,132.71285458108403,2.1996368936257538,-0.15361060613448801,136.01223204434365,150.41409838346823,0.07999885827302933,0.15077483654022217,-0.10728922792321603,0.06793215086093618,-3.2993774632596278,1
177.55,2,2.075947720816255,-0.2078117568512347,133.11563720620072,2.1954880455431227,-0.1496346178491143,136.41501466946033,151.27709205542104,0.07999933511018753,0.1398451179265976,-0.10728922792321603,0.06793215086093618,-3.2993774632596278,1
177.65,2,2.07186835991211,-0.2061157125450171,133.9146660728404,2.19103268698532,-0.14544068418686718,137.11916794155044,151.755780702949,0.07999976724386215,0.14062117040157318,-0.10762541339996626,0.06123415138359882,-3.1993963280092763,1
177.75,2,2.067905484684087,-0.20219376452215654,134.61064510487205,2.186842183334993,-0.14159880149033888,137.81004143288135,152.50060029871773,0.07999999076128006,0.09631257504224777,-0.10762541339996626,0.06123415138359882,-3.1993963280092763,1
177.85,2,2.0634058530824912,-0.19766040109679273,135.0502672717882,2.182096553594259,-0.1373236328550247,138.24966359979743,153.01727252087136,0.08000005036592484,0.10546550154685974,-0.10762541339996626,0.06123415138359882,-3.1993963280092763,1
177.95,2,2.0552321589271387,-0.19441490139141224,135.53747653746612,2.177085437888827,-0.13288831652025343,138.78550224760363,153.60755290358227,0.08000003546476364,0.12688268721103668,-0.11420745317848331,0.06200707765218716,-3.2993774632595194,1
178.05,2,2.046977679658169,-0.19142013887055648,135.80308555178937,2.1721883852666513,-0.12862406999198067,139.10246301504887,154.0178674549932,0.08000002056360245,0.1325339525938034,-0.11420745317848331,0.06200707765218716,-3.2993774632595194,1
178.15,2,2.0423116732588453,-0.18691790335575867,136.22387122575427,2.167270995074091,-0.12439784069823043,139.52324868901377,154.61985751342544,0.08000000566244125,0.13825002312660217,-0.11420745317848331,0.06200707765218716,-3.2993774632595194,1
178.25,2,2.0378131844350778,-0.18265625295537158,136.80015676508972,2.162534691225304,-0.12040215656598967,140.09953422834926,155.0681620470643,0.07999999821186066,0.11205079406499863,-0.11420745317848331,0.06200707765218716,-3.2993774632595194,1
178.35,2,2.033238939169013,-0.1783863916710698,137.20064505063593,2.157722283942438,-0.1164026351839842,140.50002251389546,155.7870799968732,0.07999999821186066,0.12660038471221924,-0.11420745317848331,0.06200707765218716,-3.2993774632595194,1
178.45,2,2.0284549935375478,-0.1739958247134327,137.8142581159142,2.1526935768893862,-0.11229467712810116,141.11363557917375,156.204198125986,0.07999999821186066,0.09982121735811234,-0.11420745317848331,0.06200707765218716,-3.2993774632595194,1
178.55,2,2.0240665060771,-0.16987037662921228,138.11441000584134,2.1480506343002808,-0.10856991667803066,141.41378746910084,156.8935992291909,0.07999999821186066,0.102484330534935,-0.11121092932635507,0.07492727172025614,-3.299377463259524,1
178.65,2,2.0217071546633085,-0.15395079567745334,138.47217627707204,2.142786803992868,-0.10439639439255904,141.77155374033154,157.27129230937993,0.07999999821186066,0.10194996744394302,-0.11121092932635507,0.07492727172025614,-3.299377463259524,1
178.75,2,2.0170838466740513,-0.14828657018551916,138.84075897924168,2.1376136703269153,-0.10035372041160114,142.1401364425012,157.84952229663767,0.07999999821186066,0.12066110223531723,-0.11121092932635507,0.07492727172025614,-3.299377463259524,1
178.85,2,2.011986541803373,-0.14385325866142712,139.18651035772544,2.13226966336005,-0.09622112346145255,142.48588782098497,158.2096780874248,0.07999999821186066,0.06028759479522705,-0.11121092932635507,0.07492727172025614,-3.299377463259524,1
178.95,2,2.00693661987529,-0.13952802377706025,139.58734147596704,2.1269791809500664,-0.09219369696872322,142.88671893922657,158.77001725365585,0.07999999821186066,0.09852111339569092,-0.11121092932635507,0.07492727172025614,-3.299377463259524,1
179.05,2,2.001444531593297,-0.1348600225524041,139.8458069731801,2.1212275378097853,-0.08784952037039669,143.1451844364396,159.07354920172025,0.07999999821186066,0.030569424852728844,-0.11121092932635507,0.07492727172025614,-3.299377463259524,1
179.15,2,1.9961078229476754,-0.13037960084118677,140.0019672951219,2.115641812552553,-0.08368366976946007,143.3013447583814,159.54448970788735,0.07999999821186066,0.09056942485272884,-0.11121092932635507,0.07492727172025614,-3.299377463259524,1
179.25,2,1.9902430503519348,-0.12548729460653807,140.30831961784662,2.1095051933778493,-0.07913700912696778,143.60769708110612,159.74322190527192,0.07999999821186066,0.03732429817318916,-0.11121092932635507,0.07492727172025614,-3.299377463259524,1
179.35,2,1.9847745243129362,-0.1209796240181253,140.63188350655685,2.1037863009626903,-0.07495154132555278,143.93126096981635,160.17047531838915,0.07999999821186066,0.04184247553348541,-0.11121092932635507,0.07492727172025614,-3.299377463259524,1
179.45,2,1.9789091591421222,-0.11619357323594899,140.89247380562534,2.097655205534286,-0.07051099411553798,144.19185126888485,160.37644917148975,0.07999999821186066,-0.012769728899002075,-0.11121092932635507,0.07492727172025614,-3.299377463259524,1
179.55,2,1.9730415452407966,-0.10834430675463065,141.14797537623753,2.0914074452189846,-0.06600806400616599,144.35315401438376,160.6312952620519,0.07999999821186066,0.06223027110099792,-0.1114155498686064,0.0744681980308956,-3.199396328009202,1
179.65,2,1.9668983169958094,-0.10319009833960763,141.1029708505442,2.084989792241083,-0.061388644883867416,144.30236717855342,160.66879315621821,0.07999999821186066,0.011445115320384502,-0.1114155498686064,0.0744681980308956,-3.199396328009202,1
179.75,2,1.9610769854529682,-0.09852561817716687,141.3586653270995,2.0789172048694304,-0.05705632925234528,144.55806165510867,160.97570133859213,0.07999999821186066,0.0028902050107717514,-0.1114155498686064,0.0744681980308956,-3.199396328009202,1
179.85,2,1.9548965969031233,-0.09358741600818477,141.41317010846532,2.0724708434392674,-0.05247075757582642,144.6125664364745,161.09066641923079,0.07999999821186066,-0.03920700401067734,-0.1114155498686064,0.0744681980308956,-3.199396328009202,1
179.95,2,1.9487261994777378,-0.0886578604358387,141.33568771548704,2.0660349401359976,-0.047893261404444484,144.53508404349623,161.15698961121706,0.07999999821186066,-0.051944032311439514,-0.1114155498686064,0.0744681980308956,-3.199396328009202,1
180.05,2,1.9428475297675882,-0.08392673261601899,140.90646896787314,2.059901384295611,-0.04349760209537947,144.10586529588232,161.07031487222088,0.07999999821186066,-0.006769186817109585,-0.1114155498686064,0.0744681980308956,-3.199396328009202,1
180.15,2,1.93697297354109,-0.07915458288864266,140.7819916057003,2.0537696460543233,-0.03906075523988524,143.9813879337095,160.87732036991264,0.07999999821186066,-0.04694299399852753,-0.1114155498686064,0.0744681980308956,-3.199396328009202,1
180.25,2,1.930901707535292,-0.07420110855973852,140.75090134068873,2.0474313847303067,-0.03445384497065418,143.9502976686979,160.85122957142477,0.07999999821186066,-0.024695580825209618,-0.1114155498686064,0.0744681980308956,-3.199396328009202,1
180.35,2,1.9250160836716785,-0.06935281187188805,140.51341522932498,2.0412843462655546,-0.02994158753670626,143.71281155733416,160.6767295694444,0.07999999821186066,-0.01646607741713524,-0.1114155498686064,0.0744681980308956,-3.199396328009202,1
180.45,2,1.9189380143846309,-0.0643223267194366,140.27040437486156,2.0349349942142623,-0.02525816617450374,143.46980070287077,160.59210318698194,0.07999999821186066,-0.007265351712703705,-0.1114155498686064,0.0744681980308956,-3.199396328009202,1
180.55,2,1.9149535535132036,-0.06101686884553961,140.29503631545057,2.030772262852756,-0.022180237032373873,143.49443264345976,160.53182032409043,0.07999999821186066,-0.007265351712703705,-0.1114155498686064,0.0744681980308956,-3.199396328009202,1
180.65,2,1.9070570942820335,-0.05444383101134148,140.13610036801893,2.0225212637015777,-0.016058153419207535,143.33549669602814,160.50650811674353,0.07999999821186066,-0.05461735278367996,-0.1114155498686064,0.0744681980308956,-3.199396328009202,1
180.75,2,1.9009907113237285,-0.04323649869300243,139.92140221146047,2.0162530228971414,-0.01136360837919028,143.02487416519153,160.27731348852635,0.07999999821186066,-0.019043920561671257,-0.11170164817704992,0.07738746380092935,-3.0994151927588436,1
180.85,2,1.8952838917301436,-0.03816349150808662,139.806770717643,2.0102974469287997,-0.006866989219644314,142.90618591040183,160.10753053343444,0.07999999821186066,-0.020796626806259155,-0.11170164817704992,0.07738746380092935,-3.0994151927588436,1
180.95,2,1.8891636044815723,-0.03298166754706426,139.70986379818348,2.003905938223874,-0.002023660607738018,142.80927899094235,159.9863895140164,0.07999999821186066,-0.03149355202913284,-0.11170164817704992,0.07738746380092935,-3.0994151927588436,1
181.05,2,1.8830857762460307,-0.0278230169640349,139.6051447474915,1.9975580793764731,0.0027988242239651486,142.70455994025033,159.90310290993935,0.07999999821186066,-0.04148748517036438,-0.11170164817704992,0.07738746380092935,-3.0994151927588436,1
181.15,2,1.8771673832662625,-0.022780520979541058,139.4201154334919,1.9913757028854782,0.007513944809930863,142.5195306262507,159.73734591171575,0.07999999821186066,-0.018443284556269646,-0.11170164817704992,0.07738746380092935,-3.0994151927588436,1
181.25,2,1.8713267963533402,-0.017769214259575963,139.33883345151335,1.9852727050088719,0.012202128621078176,142.4382486442722,159.60730190817853,0.07999999821186066,0.020024996250867844,-0.11170164817704992,0.07738746380092935,-3.0994151927588436,1
181.35,2,1.8652659972950114,-0.012549088207692793,139.37699420555586,1.978938526534949,0.017086919740817358,142.4764093983147,159.5327429268076,0.07999999821186066,0.05263404920697212,-0.11170164817704992,0.07738746380092935,-3.0994151927588436,1
181.45,2,1.8595874576763787,-0.007682749213466372,139.48860486112957,1.9730051771184907,0.021639109555546397,142.5880200538884,159.61437736156415,0.07999999821186066,0.08417192101478577,-0.11170164817704992,0.07738746380092935,-3.0994151927588436,1
181.55,2,1.8539655399090638,-0.002910032511110966,139.86114430568574,1.9671334287563917,0.02610087549243541,142.96055949844458,159.91959089070915,0.07999999821186066,0.11084155738353729,-0.11170164817704992,0.07738746380092935,-3.0994151927588436,1
181.65,2,1.8484630164206364,0.0017014175653535801,140.2471066166068,1.9613896194899776,0.030408066184693692,143.3465218093656,160.21088519140272,0.07999999821186066,0.10662779211997986,-0.11170164817704992,0.07738746380092935,-3.0994151927588436,1
181.76,2,1.8451772216402824,0.004414347767137894,140.73992340885601,1.9579619467019638,0.032939369579520796,143.83933860161488,160.57161259536605,0.07999999821186066,0.10662779211997986,-0.11170164817704992,0.07738746380092935,-3.0994151927588436,1
181.85,2,1.838271840970589,0.010001237695648063,141.35349759893245,1.950764591634788,0.03814472271870947,144.4529127916913,161.13826133133495,0.07999999821186066,0.05339090898633003,-0.11170164817704992,0.07738746380092935,-3.0994151927588436,1
181.95,2,1.8326425254896277,0.012802685632683941,141.68279576671978,1.9449657016345758,0.042266577769622435,144.78221095947862,161.57808289569834,0.07999999821186066,0.06771200895309448,-0.11182813877846283,0.07405392404124685,-3.09941519275889,1
182.05,2,1.8268630202326361,0.015608960740502671,141.7795555088381,1.9390153232889922,0.046462886409583265,144.87897070159698,161.7966774230349,0.07999999821186066,0.09100604057312012,-0.11182813877846283,0.07405392404124685,-3.09941519275889,1
182.15,2,1.8215843976102375,0.019729539069773074,142.14969747353376,1.9335216281299115,0.050292029402009664,145.24911266629263,162.177883064991,0.07999999821186066,0.12812666594982147,-0.11182813877846283,0.07405392404124685,-3.09941519275889,1
182.25,2,1.8162381160398917,0.023853429214721625,142.60278736985885,1.9279601939275808,0.05412082113964293,145.70220256261774,162.50712522059078,0.07999999821186066,0.09673795104026794,-0.11182813877846283,0.07405392404124685,-3.09941519275889,1
182.35,2,1.8111134969392972,0.0277364206776737,143.11422016364116,1.9226331230116338,0.05772105156060302,146.21363535640003,163.08748653451005,0.08006668835878372,0.03811484947800636,-0.11182813877846283,0.07405392404124685,-3.09941519275889,1
182.45,2,1.8056875375796864,0.03179539449580604,143.3746790053207,1.9169956375072137,0.06148071386138043,146.4740941980796,163.43973359156936,0.0800149068236351,0.05514473840594292,-0.11182813877846283,0.07405392404124685,-3.09941519275889,1
182.55,2,1.7996395864870622,0.03627378415609086,143.5469799515869,1.9107143928691952,0.06562554825680357,146.6463951443458,163.7503686956185,0.08001000434160233,0.054561447352170944,-0.11182813877846283,0.07405392404124685,-3.09941519275889,1
182.65,2,1.7933567661466752,0.040618252756031106,143.85366192150195,1.9045412567242903,0.06966239259014508,146.95815824401674,163.9614917814125,0.07999860495328903,0.08945213258266449,-0.11840043430135386,0.07698072313693417,-3.1993963280091435,1
182.75,2,1.7815772099989555,0.04453463202075828,144.002057224466,1.898458883288653,0.07360183110091295,147.19587290933094,164.30760446862385,0.07999812811613083,0.09570492804050446,-0.11840043430135386,0.07698072313693417,-3.1993963280091435,1
182.85,2,1.7755578699367185,0.048585722471103356,144.50355681070775,1.8925910433842408,0.07735293631736252,147.70295313871688,164.6227356452161,0.07999835163354874,0.08482693135738373,-0.11840043430135386,0.07698072313693417,-3.1993963280091435,1
182.95,2,1.7700623800671629,0.05248755310444602,144.7834151162355,1.8868863540351875,0.08094197666660295,147.98281144424462,165.13274532778934,0.07999934256076813,0.1305137425661087,-0.11840043430135386,0.07698072313693417,-3.1993963280091435,1
183.05,2,1.7664169166067412,0.05504455636380082,145.1324044279353,1.8831038636966706,0.08329153755082075,148.3318007559444,165.46190686700177,0.07999986410140991,0.0972120463848114,-0.11840043430135386,0.07698072313693417,-3.1993963280091435,1
183.15,2,1.759189064368316,0.06001912867774918,145.71639107787834,1.8756096413512038,0.08785496270347914,148.91578740588747,166.05391849679947,0.08000006526708603,0.08106255531311035,-0.11840043430135386,0.07698072313693417,-3.1993963280091435,1
183.25,2,1.7535944578898623,0.06380148651749341,146.204076550808,1.869812657775464,0.09131918467951262,149.40347287881713,166.41642464875176,0.08000008761882782,0.05853308364748955,-0.11840043430135386,0.07698072313693417,-3.1993963280091435,1
183.35,2,1.7478056007551364,0.06765926373048663,146.43286890687807,1.863817517082261,0.09484786715602751,149.6322652348872,166.87653468760095,0.08000005036592484,0.028351347893476486,-0.11840043430135386,0.07698072313693417,-3.1993963280091435,1
183.45,2,1.7416876538508348,0.07169570881937573,146.70874280538453,1.857483827924302,0.09853657220384826,149.90813913339366,167.1105633367124,0.08083326369524002,0.05701209232211113,-0.11840043430135386,0.07698072313693417,-3.1993963280091435,1
183.55,2,1.7352037634331718,0.07594897028674766,146.83827393172038,1.850772664894285,0.10242133202172991,150.0376702597295,167.33985283444252,0.08018621057271957,0.04126041755080223,-0.11840043430135386,0.07698072313693417,-3.1993963280091435,1
183.65,2,1.7320377423047848,0.07868684008038855,147.09977792859078,1.8443031739989202,0.1061199119505211,150.29917425659994,167.5501271049073,0.07996786385774612,-0.004504311829805374,-0.11215591643176288,0.0743186023253568,-3.199396328009083,1
183.75,2,1.7286967122957217,0.0815351886910908,147.27035002198244,1.83758062315221,0.10994513735131825,150.4697463499915,167.7992784033882,0.07994750887155533,0.06957167387008667,-0.11215591643176288,0.0743186023253568,-3.199396328009083,1
183.85,2,1.72204168981129,0.08582310884194765,147.27861349595102,1.8306966604547563,0.11385495078273423,150.4780098239601,167.83685893375434,0.07995305210351944,0.09134303033351898,-0.11215591643176288,0.0743186023253568,-3.199396328009083,1
183.95,2,1.7160800556932123,0.08962156080822362,147.6689567347719,1.8245323230771313,0.11731475762600588,150.868353062781,168.18015749922057,0.07998276501893997,0.039041515439748764,-0.11215591643176288,0.0743186023253568,-3.199396328009083,1
184.05,2,1.7101880419557587,0.09331774188127782,148.10121695926696,1.818443205405806,0.12067633856239517,151.30061328727606,168.51091699803771,0.07999616116285324,0.005009617656469345,-0.11215591643176288,0.0743186023253568,-3.199396328009083,1
184.15,2,1.7035607544317848,0.09742652737598453,148.21316683998413,1.8115969321214473,0.1244088444609589,151.4125631679932,168.78222511371237,0.07999616116285324,0.005009617656469345,-0.11215591643176288,0.0743186023253568,-3.199396328009083,1
184.25,2,1.6973650819552055,0.10126238251450405,148.1721868870432,1.8046630205216478,0.1281836474326912,151.335851564233,168.83339627948263,0.08000241219997406,-0.040219150483608246,-0.11215591643176288,0.0743186023253568,-3.199396328009083,1
184.35,2,1.6913382864954556,0.10575873563546961,148.02393266999096,1.8004007044340986,0.13052100777969633,151.22332899800003,168.64544459618955,0.08000241219997406,-0.040219150483608246,-0.1161019354442654,0.07889117255394831,-3.1993963280090707,1
184.45,2,1.6800019539352493,0.11424045671874167,147.70230146030596,1.7913315177406028,0.13553651494830868,150.90169778831503,168.52116230695688,0.0802139937877655,-0.044920146465301514,-0.1161019354442654,0.07889117255394831,-3.1993963280090707,1
184.55,2,1.6735487707918706,0.11833593699533133,147.4865098116789,1.7846598200467747,0.139265453303939,150.68590613968797,168.33241674972948,0.08004773408174515,-0.00534231960773468,-0.1161019354442654,0.07889117255394831,-3.1993963280090707,1
184.65,2,1.6670182249180494,0.12251342255975714,147.35502032062652,1.77790630340783,0.14307195143983364,150.5544166486356,168.2027660565801,0.08003192394971848,0.01792563498020172,-0.1161019354442654,0.07889117255394831,-3.1993963280090707,1
184.75,2,1.6602292552315512,0.1268612819851413,147.39997952575825,1.77088525701484,0.1470341349962297,150.59937585376733,168.20165894683845,0.07988414168357849,0.021912138909101486,-0.1161019354442654,0.07889117255394831,-3.1993963280090707,1
184.85,2,1.6534735138969234,0.13117534988078405,147.5631102344802,1.7638992731209968,0.15096443419903524,150.76250656248925,168.2938666885463,0.07996908575296402,-0.018910899758338928,-0.1161019354442654,0.07889117255394831,-3.1993963280090707,1
184.95,2,1.6467422452379257,0.13545525502911077,147.4724488145829,1.756939630415093,0.1548619897463546,150.671845142592,168.40089600797947,0.07997803390026093,-0.01986982300877571,-0.1161019354442654,0.07889117255394831,-3.1993963280090707,1
185.05,2,1.6399664391288886,0.13977809387785364,147.35068442872466,1.7499331235052202,0.15879992639660334,150.5500807567337,168.34365888744856,0.08000020682811737,0.013502191752195358,-0.1161019354442654,0.07889117255394831,-3.1993963280090707,1
185.15,2,1.6331981198371675,0.14411501352872974,147.35914324577558,1.7429333058799112,0.16275233974862657,150.55853957378463,168.266013519124,0.08000268042087555,0.018581759184598923,-0.1161019354442654,0.07889117255394831,-3.1993963280090707,1
185.25,2,1.6264454873776437,0.14843073443366628,147.52911224080984,1.7359503337594533,0.16668446289364958,150.72850856881888,168.32202062807585,0.08000295609235764,0.07858175918459892,-0.1161019354442654,0.07889117255394831,-3.1993963280090707,1
185.35,2,1.6199546229797999,0.1525523832990479,147.70393965391892,1.729239553048236,0.17043742602251916,150.90333598192797,168.47844484141524,0.07263264805078506,0.14598077297210693,-0.1161019354442654,0.07889117255394831,-3.1993963280090707,1
185.45,2,1.6132703531948864,0.15679858390724027,148.26798636299029,1.7231978915515511,0.17376100561120128,151.46738269099933,168.7468170295603,0.0783536359667778,0.25002577662467956,-0.12599396084193332,0.085866946001396,-3.1993963280091027,1
185.55,2,1.6003744465054608,0.16545376151040755,149.0042092045642,1.7184065551751735,0.17633108658503938,152.20360553257328,169.43269191367477,0.07072512060403824,0.2854200005531311,-0.12599396084193332,0.085866946001396,-3.1993963280091027,1
185.65,2,1.5948903879299683,0.16877756642679637,150.0224323442582,1.7135747728580695,0.17882564316068597,153.22182867226732,170.0623245390624,0.07832782715559006,0.3405335545539856,-0.12599396084193332,0.085866946001396,-3.1993963280091027,1
185.75,2,1.5909473350396701,0.17100845854941604,151.0297279148978,1.709513357510643,0.18083299244124065,154.22912424290686,171.12402312626173,0.06640136986970901,0.29383188486099243,-0.12599396084193332,0.085866946001396,-3.1993963280091027,1
185.85,2,1.5885494366710275,0.17231619960081618,151.77598582451233,1.707046210304193,0.18200486611428005,154.97538215252143,171.9797918491887,0.07640136986970901,0.2818261682987213,-0.12599396084193332,0.085866946001396,-3.1993963280091027,1
185.95,2,1.5846829174661907,0.17434172168568984,152.9871219845963,1.7030726712573412,0.18381143687703116,156.1865183126054,173.27316990772852,0.0784149095416069,0.2068261682987213,-0.11960648496871924,0.08583325431337425,-3.299377463259419,1
186.05,2,1.5858558694911755,0.1739893748382526,154.18421659825165,1.6977042244153107,0.18610892795564332,157.48146968078225,174.08742379456953,0.07894929498434067,0.1918261682987213,-0.11960648496871924,0.08583325431337425,-3.299377463259419,1
186.15,2,1.5805473241834476,0.1766253562056883,154.8012335743138,1.6921818443109866,0.18836970847942017,158.10413152540872,174.93559727996447,0.07668634504079819,0.15781985223293304,-0.12358183356581515,0.09887111111562448,-3.4993397337600203,1
186.25,2,1.5747082318951082,0.18301322023197325,155.2089937313771,1.688742052878696,0.18973433635027345,158.64755243911958,175.47781901018593,0.07685861736536026,0.11792944371700287,-0.12358183356581515,0.09887111111562448,-3.4993397337600203,1
186.35,2,1.5662779978537293,0.18849508648172214,156.092229098269,1.6812387090015564,0.19260090903340849,159.59156883202903,176.25008092059937,0.07903951406478882,0.05585867911577225,-0.12358183356581515,0.09887111111562448,-3.4993397337600203,1
186.45,2,1.5603062995276336,0.19111041709364773,156.5142042401265,1.6751185128639705,0.1948468685933852,160.01354397388653,176.6828961646983,0.07805310934782028,0.06532541662454605,-0.12358183356581515,0.09887111111562448,-3.4993397337600203,1
186.55,2,1.55331421594735,0.19398432716711755,156.84497733194863,1.6681919134015364,0.19735619746106414,160.34203573704488,177.0934042857084,0.07771676778793335,0.07104691118001938,-0.13356405269781757,0.09359900025658328,-3.3993585985097057,1
186.65,2,1.536765833273955,0.19449719608563315,157.1741604734063,1.6614081482202818,0.1997632071210486,160.573519071916,177.34754213949535,0.07943538576364517,0.017213568091392517,-0.13356405269781757,0.09359900025658328,-3.3993585985097057,1
186.75,2,1.529955331318022,0.19733274081472507,157.53675319888708,1.6544414952104285,0.2021899326190708,160.9361117973968,177.71962344565773,0.07981514185667038,0.013140024617314339,-0.13356405269781757,0.09359900025658328,-3.3993585985097057,1
186.85,2,1.522573506793464,0.2003844235159848,157.65832698638764,1.6468917089347033,0.20479853910748666,161.0576855848973,177.8269805863279,0.07458580285310745,0.056986432522535324,-0.13356405269781757,0.09359900025658328,-3.3993585985097057,1
186.95,2,1.515318111622391,0.20336030494799562,157.77751581626654,1.6394726242102975,0.2073389743532481,161.17687441477625,177.96922592001937,0.07829292863607407,0.0580509677529335,-0.13356405269781757,0.09359900025658328,-3.3993585985097057,1
187.05,2,1.5084064496129832,0.2061526166743295,158.23052121380104,1.6324075526484054,0.20971654461186426,161.62987981231075,178.1891852577315,0.07067395001649857,0.1170012354850769,-0.13356405269781757,0.09359900025658328,-3.3993585985097057,1
187.15,2,1.5020538459121662,0.20868055606896452,158.47178222157777,1.6259162317373506,0.21186335717757254,161.87114082008748,178.56729097300874,0.06793048232793808,0.1626802533864975,-0.13356405269781757,0.09359900025658328,-3.3993585985097057,1
187.25,2,1.4956225626915791,0.21116832442433486,159.25882967416405,1.6193487516935439,0.21396540406753123,162.65818827267375,178.9314356510697,0.06430523842573166,0.2185027301311493,-0.13356405269781757,0.09359900025658328,-3.3993585985097057,1
187.35,2,1.4903736720578293,0.21311955380258313,159.96639858903174,1.6139933979923509,0.2156019662285019,163.36575718754145,179.74096324805745,0.04930523842573166,0.14350273013114928,-0.13356405269781757,0.09359900025658328,-3.3993585985097057,1
187.45,2,1.4861316778959757,0.21469627827235319,160.77521377569013,1.6088418040282841,0.2171012969554922,164.15875923028608,-179.64844149825143,0.05902728646993637,-0.0064972698688507136,-0.12287650486315023,0.08509848125611888,-3.1993963280090365,1
187.55,2,1.4910572897175722,0.21361298279212007,161.27408934626837,1.6042457193651147,0.21838942807169553,164.4734856742774,-179.05114154506668,0.07671483606100082,-0.1030314713716507,-0.12287650486315023,0.08509848125611888,-3.1993963280090365,1
187.65,2,1.4847962721072054,0.2157589785788097,160.904642404306,1.5978746903362404,0.22018264544475802,164.10403873231505,-179.16142173089554,0.08123893290758133,-0.11336047947406769,-0.12287650486315023,0.08509848125611888,-3.1993963280090365,1
187.75,2,1.4785886542667528,0.21794487616652716,160.31637914354724,1.5915547508870174,0.22201868271977324,163.51577547155628,-179.62083388546088,0.08117175847291946,-0.03836047947406769,-0.12287650486315023,0.08509848125611888,-3.1993963280090365,1
187.85,2,1.472239718387211,0.22023638773191434,159.92023345332814,1.5850878192435849,0.22395228225846103,163.11962978133715,-179.96055383578286,0.08079453557729721,-0.0064858682453632355,-0.12287650486315023,0.08509848125611888,-3.1993963280090365,1
187.95,2,1.4674164324299452,0.2220042805569413,159.91705220709977,1.5801733832494838,0.2254482272194203,163.11644853510882,179.8708734507815,0.08079453557729721,-0.0064858682453632355,-0.12287650486315023,0.08509848125611888,-3.1993963280090365,1
188.05,2,1.4572347232848812,0.2257489807529277,159.7197654637699,1.5697985483945172,0.2286188395269516,162.91916179177895,179.84710439400922,0.07991526275873184,-0.004727061837911606,-0.12287650486315023,0.08509848125611888,-3.1993963280090365,1
188.15,2,1.450297041801752,0.22833296210424947,159.4476096499128,1.5627274657675594,0.23081159452194552,162.64700597792185,179.6344259888914,0.07828246802091599,0.07027293816208839,-0.12287650486315023,0.08509848125611888,-3.1993963280090365,1
188.25,2,1.4430300945073116,0.23104676831685,159.56308997700597,1.55532038488527,0.2331155953776195,162.762486305015,179.62668051835757,0.07963187992572784,0.035119812935590744,-0.12287650486315023,0.08509848125611888,-3.1993963280090365,1
188.35,2,1.4357301868119792,0.2331389225175694,160.01455067125352,1.5487546246075437,0.23512770893738627,163.2303305238844,179.96082704326992,0.07975692301988602,0.04402092844247818,-0.13384921638863417,0.08708381289973922,-3.399358598509741,1
188.45,2,1.418556755888702,0.23273060451568522,160.01764985443614,1.5410383457433299,0.2374407454903688,163.41700845294588,-179.8721028905948,0.07616695016622543,0.10402092844247818,-0.13384921638863417,0.08708381289973922,-3.399358598509741,1
188.55,2,1.4116523613129375,0.23521291641749048,160.44379669536494,1.533998910329167,0.23950929229562073,163.84315529387467,-179.56033210570854,0.0812133252620697,0.1891995370388031,-0.13384921638863417,0.08708381289973922,-3.399358598509741,1
188.65,2,1.4058041981832865,0.2372534042021403,161.10935161821206,1.528040045962017,0.2411994218303672,164.50871021672182,-179.1557936711976,0.08058452606201172,0.2491995370388031,-0.13384921638863417,0.08708381289973922,-3.399358598509741,1
188.75,2,1.4006958662297668,0.23895722994677943,162.02147865744473,1.522839673474515,0.24259735012133246,165.42083725595447,-178.3657729932493,0.08055137097835541,0.2805681824684143,-0.13384921638863417,0.08708381289973922,-3.399358598509741,1
188.85,2,1.3954251950912313,0.24066434533747394,163.277629907174,1.5174851752447072,0.24392974435599257,166.67868268031935,-177.74324239334206,0.08017005771398544,0.3307870030403137,-0.1343884660466419,0.09326788106072088,-3.499339733760082,1
188.95,2,1.390670445217802,0.24542101163453517,164.52016812409713,1.5129284654814181,0.24495451885308214,168.0195078578572,-176.63347281051853,0.08002253621816635,0.3629012703895569,-0.1343884660466419,0.09326788106072088,-3.499339733760082,1
189.05,2,1.388256390252724,0.24607397744804116,165.24535262345745,1.5104790564186605,0.24545892045032966,168.74469235721753,-175.78479487397027,0.08002253621816635,0.3629012703895569,-0.1343884660466419,0.09326788106072088,-3.499339733760082,1
189.16,2,1.3875549188901706,0.24846789943752282,166.54261970999062,1.5063363757219486,0.2462372165955837,169.9748704959973,-174.91822095623428,0.08344250917434692,0.21290127038955686,-0.12375637696696677,0.09203456348586467,-3.2993774632594612,1
189.25,2,1.3874923995491684,0.25259811880563476,167.79596161778505,1.4996465453953625,0.24734209022035478,171.09826439539557,-173.77655454413366,0.085,0.18166062235832214,-0.12375637696696677,0.09203456348586467,-3.2993774632594612,1
189.35,2,1.3823528139904264,0.25350318329918503,168.24827960793957,1.495450525010772,0.24798670012570379,171.58253046805083,-172.9850453744873,0.085,0.18166062235832214,-0.12729131212926403,0.09455270508323549,-3.399358598509814,1
189.45,2,1.3725136115139982,0.25511088505629187,169.39578318736721,1.487830098788814,0.24903601552320917,172.80036092481274,-172.4608561066263,0.08076249808073044,0.14102272987365722,-0.13090365067768575,0.10064762197748671,-3.49933973376012,1
189.55,2,1.363916402621695,0.25938800375967064,170.13550755764194,1.4823439215134602,0.2496837978452225,173.63484729140205,-171.56032267280898,0.0794970840215683,0.11327327787876129,-0.13090365067768575,0.10064762197748671,-3.49933973376012,1
189.65,2,1.357285198946282,0.2605370171125414,170.49623060518448,1.4756549493341449,0.25042591983939155,173.9955703389446,-171.15087977369586,0.07835515588521957,0.1732732778787613,-0.13090365067768575,0.10064762197748671,-3.49933973376012,1
189.75,2,1.3508259939015408,0.26157504197659576,171.18045806150803,1.4691444295028966,0.2510677585693938,174.67979779526814,-170.59185620805076,0.0795164704322815,0.25302503764629364,-0.13090365067768575,0.10064762197748671,-3.49933973376012,1
189.86,2,1.346700476591536,0.2621949841112151,171.70125402115667,1.464988764781074,0.25143473546951955,175.20059375491678,-170.06881498606,0.07974972575902939,0.3023821711540222,-0.13090365067768575,0.10064762197748671,-3.49933973376012,1
189.95,2,1.3393191351686633,0.2635480814723956,172.7704982690234,1.4578928736036543,0.2519724844786066,176.26983800278353,-169.19557461507986,0.07747592031955719,0.2748938500881195,-0.13396449741814756,0.10418615650644666,-3.499339733760095,1
190.05,2,1.3312984587631993,0.2673205949896788,174.00706927164967,1.4525737333454476,0.252265584199287,177.50640900540978,-168.56579045204523,0.07773482799530029,0.28580522537231445,-0.13396449741814756,0.10418615650644666,-3.499339733760095,1
190.15,2,1.3267019916629907,0.26774788565972063,175.39070535736568,1.4479597557930366,0.2524115234532647,178.89004509112576,-167.4467454789616,0.07927066832780838,0.34580522537231445,-0.13396449741814756,0.10418615650644666,-3.499339733760095,1
190.25,2,1.322418166691653,0.2680415401592081,176.80043857888404,1.4436659942047454,0.25244315845033016,-179.70022168735585,-166.58090945650224,0.07927066832780838,0.3785055875778198,-0.13396449741814756,0.10418615650644666,-3.499339733760095,1
190.35,2,1.3194782704849561,0.2681812948179606,177.8290915132241,1.4407230492187282,0.25240320998263477,-178.6715687530158,-165.27220594298018,0.07980934530496597,0.31816160678863525,-0.12702374902822863,0.10426726500407865,-3.4993397337600767,1
190.45,2,1.3208129024314714,0.2683608271746648,179.10794740457746,1.4365403279485263,0.2522626954210287,-177.39271286166246,-164.4261508295633,0.08011187613010406,0.17046105861663818,-0.12702374902822863,0.10426726500407865,-3.4993397337600767,1
190.55,2,1.3169248888375127,0.26842918325485005,179.8108646258575,1.4312364412157288,0.2519901853926849,-176.6897956403824,-163.4747990829302,0.08006591349840164,0.06939809024333954,-0.1305617294070073,0.10030842644776775,-3.599320869010402,1
190.65,2,1.3041265206073402,0.2619795397323841,-179.879946930277,1.421708787480193,0.25142006125510025,-176.2806260612666,-163.1634931562019,0.0800212100148201,-0.005601909756660459,-0.1305617294070073,0.10030842644776775,-3.599320869010402,1
190.75,2,1.2966092979490846,0.26195191788449124,-179.71876481529532,1.4142081268128837,0.25092057250231964,-176.11944394628492,-162.83477043178712,0.08000051230192184,-0.028424376621842384,-0.1305617294070073,0.10030842644776775,-3.599320869010402,1
190.85,2,1.2885439560989853,0.26191212793798907,-179.85019273655544,1.4061611920311337,0.2503745294480961,-176.25087186754504,-162.8751212518683,0.07999483495950699,-0.08723850548267365,-0.1305617294070073,0.10030842644776775,-3.599320869010402,1
190.95,2,1.2807428160741383,0.2618990519144469,179.89659632740546,1.3983762608642174,0.2498717338673313,-176.50408280358414,-163.07892191735826,0.07999586313962936,-0.09245115518569946,-0.1305617294070073,0.10030842644776775,-3.599320869010402,1
191.05,2,1.2735954369148148,0.26194337273606844,179.2036476042588,1.391240197702876,0.24946726416548934,-177.19703152673077,-163.3725503365963,0.07999806851148605,-0.12339673936367035,-0.1305617294070073,0.10030842644776775,-3.599320869010402,1
191.15,2,1.269225394613845,0.2620178062818267,178.8992517430278,1.3868741025895195,0.24926720535882968,-177.5014273879618,-163.87605875365088,0.07999953627586365,-0.1221454069018364,-0.1305617294070073,0.10030842644776775,-3.599320869010402,1
191.26,2,1.2633622666933315,0.262153741135276,178.19915160756804,1.3810140060373657,0.24903479258783018,-178.2015275234216,-164.2724150348779,0.07999953627586365,-0.1221454069018364,-0.1305617294070073,0.10030842644776775,-3.599320869010402,1
191.35,2,1.2572883679415594,0.2623846486068644,177.42736406275938,1.3749375921486515,0.24888393318223664,-178.97331506823025,-164.85434808821162,0.08000021427869797,-0.12311272323131561,-0.1305617294070073,0.10030842644776775,-3.599320869010402,1
191.45,2,1.2456334502275515,0.26033362838216173,176.93867165435697,1.366923188509617,0.24876643910386906,-179.42561973800932,-165.16287953902096,0.080000139772892,-0.048112723231315616,-0.14087052585095083,0.09602059446076001,-3.6993020042607143,1
191.55,2,1.2301736690583287,0.25666733757070953,175.93442380268095,1.3578225410169777,0.24877199917287338,179.63372580694164,-165.7012369161418,0.080000139772892,-0.012938084080815315,-0.14087052585095083,0.09602059446076001,-3.6993020042607143,1
191.65,2,1.2222889996328923,0.25723766068111353,175.7689137703085,1.3499175027210617,0.24883241389611285,179.46821577456922,-165.84801789507975,0.08000000566244125,0.004553080070763826,-0.14087052585095083,0.09602059446076001,-3.6993020042607143,1
191.75,2,1.2143891405195453,0.25782786232240784,175.74841112521267,1.3419960238205826,0.2489116856904598,179.44771312947339,-166.00587623251147,0.07999999076128006,0.05123654752969742,-0.14087052585095083,0.09602059446076001,-3.6993020042607143,1
191.85,2,1.2065664155764153,0.2584069758283225,175.83990949954372,1.3341522337820715,0.24898486916095186,179.53921150380444,-165.9803311652567,0.07999999076128006,-0.02376345247030258,-0.14087052585095083,0.09602059446076001,-3.6993020042607143,1
191.95,2,1.199062818577038,0.25936433551315935,176.00864716740793,1.3266402080093447,0.2490205144982985,179.75010931114736,-165.77048173725186,0.07999999076128006,-0.026304611936211586,-0.14178851213096713,0.1061452879582728,-3.9992454100116737,1
192.05,2,1.1915567797232092,0.2626169547932657,175.29890230814667,1.319185698569794,0.2490826018025829,179.29814771815833,-165.95886992555097,0.07999999076128006,-0.07094937562942505,-0.14178851213096713,0.1061452879582728,-3.9992454100116737,1
192.15,2,1.1838157799695155,0.26326545115988587,175.12358750810654,1.311418320091642,0.2491896359155791,179.1228329181182,-166.20803710761984,0.07999999076128006,-0.13094937562942505,-0.14178851213096713,0.1061452879582728,-3.9992454100116737,1
192.25,2,1.1768207008236544,0.2639104290221761,174.38785805303243,1.304395291273652,0.24934518308330045,178.3871034630441,-166.46957847938,0.07776463776826859,-0.21889351069927215,-0.14178851213096713,0.1061452879582728,-3.9992454100116737,1
192.35,2,1.171194916616441,0.26449269919132096,173.56423800894484,1.2987425965622066,0.24953367444969418,177.5634834189565,-167.16930254410212,0.07754138857126236,-0.18008962273597717,-0.14178851213096713,0.1061452879582728,-3.9992454100116737,1
192.45,2,1.1659691140542732,0.2651233025458769,172.57566651078744,1.2934855386104729,0.24979827736284832,176.57491192079914,-167.7807013730566,0.07473517209291458,-0.10508962273597718,-0.14178851213096713,0.1061452879582728,-3.9992454100116737,1
192.56,2,1.1618117472845948,0.2656981280878643,171.72773741842292,1.289298204907524,0.2500817545603359,175.7269828284346,-168.63843563387027,0.07402877509593964,-0.028215276077389717,-0.15125976105092614,0.10532935755356343,-3.799283139510996,1
192.65,2,1.1430857704066906,0.27072130720138887,171.37862699484214,1.2805418400915525,0.2507936354606114,175.1779101343531,-169.0560331649217,0.0758039653301239,-0.010430622845888138,-0.15125976105092614,0.10532935755356343,-3.799283139510996,1
192.75,2,1.135650242429456,0.27242608985284933,171.1742873103619,1.2730347811719858,0.2514486819826656,174.94316584149092,-169.30697534981047,0.07717030495405197,0.06456937715411186,-0.1506008581176396,0.10448007213131649,-3.5993208690103464,1
192.85,2,1.1286737482676912,0.276580748590078,171.3749723370606,1.2659469472069607,0.252072386899643,174.97429320607094,-169.34598894714827,0.07650406658649445,0.032881300896406174,-0.1506008581176396,0.10448007213131649,-3.5993208690103464,1
192.95,2,1.1216979732888983,0.277605009825615,171.92999946078746,1.258920630356896,0.2526566977380433,175.5293203297978,-169.00319541562317,0.07946223020553589,0.09288130089640617,-0.1506008581176396,0.10448007213131649,-3.5993208690103464,1
193.05,2,1.1143785562329256,0.2786425098007227,172.11079578423931,1.2515505181623328,0.2532326478028578,175.71011665324966,-168.80910860247374,0.07893666625022888,0.07358817756175995,-0.1506008581176396,0.10448007213131649,-3.5993208690103464,1
193.15,2,1.1075311773376473,0.27955311616198053,172.6966567320825,1.2446594792350933,0.2537115884922343,176.29597760109286,-168.39614125365006,0.07837020605802536,0.03710122033953667,-0.1506008581176396,0.10448007213131649,-3.5993208690103464,1
193.25,2,1.1004397286364407,0.28045802840205003,172.84163236228252,1.2375252094057692,0.2541695239095862,176.4409532312929,-168.1239329316281,0.08102677017450333,0.07498952746391296,-0.1506008581176396,0.10448007213131649,-3.5993208690103464,1
193.35,2,1.0929099004077143,0.28137361544246475,173.15884548928176,1.2299527546145663,0.2546105921785559,176.7581663582921,-167.87952057821016,0.08115264773368835,0.058071400970220566,-0.1506008581176396,0.10448007213131649,-3.5993208690103464,1
193.45,2,1.0862101423764448,0.2824019438474977,173.58544062513255,1.2227821582283496,0.254994118982001,177.20514519381825,-167.64172042011774,0.08050801604986191,0.09569394588470459,-0.14516420600686367,0.1138279259196109,-3.899264274761361,1
193.55,2,1.0850338743948404,0.28590092259711614,173.49132849707672,1.215648968549973,0.2553311936936058,177.3905927718381,-167.28864156783536,0.08018472045660019,0.1556939458847046,-0.14516420600686367,0.1138279259196109,-3.899264274761361,1
193.65,2,1.0782103315027332,0.2866504352109535,174.12600144187297,1.2087902524054142,0.2556149534636632,178.02526571663432,-166.9945743924898,0.07998184114694595,0.25208580493927,-0.14516420600686367,0.1138279259196109,-3.899264274761361,1
193.75,2,1.07408120938673,0.28706024297909966,174.5310014260922,1.204642820634583,0.25574302204684285,178.43026570085354,-166.3183982513871,0.07995094358921051,0.17708580493927,-0.14516420600686367,0.1138279259196109,-3.899264274761361,1
193.85,2,1.0671752635954503,0.2876676500827601,175.33348477884607,1.1977115558680804,0.25587940165789413,179.23274905360742,-165.72031883501543,0.07996224611997604,0.11391831934452057,-0.14516420600686367,0.1138279259196109,-3.899264274761361,1
193.96,2,1.0631370611849,0.2879887136512746,175.6999927472452,1.1936608681630372,0.2559251142361763,179.59925702200655,-165.02640048587045,0.07998412102460861,0.03891831934452057,-0.14516420600686367,0.1138279259196109,-3.899264274761361,1
194.05,2,1.0543562928983579,0.28859823251396677,176.227819369153,1.184858977225289,0.25593610813943146,-179.87291635608565,-164.62938750068207,0.07999682426452637,0.009221592918038368,-0.14516420600686367,0.1138279259196109,-3.899264274761361,1
194.15,2,1.0464578893080332,0.2885995666949715,176.31169028690482,1.176925905896327,0.25591594515630844,-179.80630310315996,-164.44687103135456,0.08000164479017258,0.06922159291803837,-0.14475561335939335,0.10874751923743949,-3.799283139511008,1
194.25,2,1.038549328950093,0.2866194294185548,176.55953434475964,1.168918345273727,0.255888462045611,-179.64118251572938,-164.3823955283305,0.0800020694732666,0.08634639531373978,-0.14475561335939335,0.10874751923743949,-3.799283139511008,1
194.35,2,1.0314769620974613,0.2870274468463305,176.75920534425626,1.1618344855674307,0.2558269577279937,-179.44151151623277,-164.05124060072697,0.08000120520591736,0.04500075429677963,-0.14475561335939335,0.10874751923743949,-3.799283139511008,1
194.45,2,1.026996980757092,0.28726861222555466,177.11070817391683,1.157348369934083,0.2557707431887107,-179.0900086865722,-163.7471067781499,0.08000042289495468,0.0756298080086708,-0.14475561335939335,0.10874751923743949,-3.799283139511008,1
194.55,2,1.017125316701327,0.28774207361359017,177.38159908731882,1.1474670286378845,0.2555890536075946,-178.81911777317018,-163.40770031395365,0.08000002056360245,0.1356298080086708,-0.14475561335939335,0.10874751923743949,-3.799283139511008,1
194.65,2,1.0100830744521927,0.2880397374284162,177.86246050950035,1.140420539516857,0.2554194343003432,-178.33825635098867,-163.12714302043662,0.0799999013543129,0.15662385523319244,-0.14475561335939335,0.10874751923743949,-3.799283139511008,1
194.75,2,1.0043959254079655,0.2882322439132264,178.2569852155158,1.1347331333825077,0.255234679162624,-177.9437316449732,-162.48418865675754,0.07999992370605469,0.19576714932918549,-0.14475561335939335,0.10874751923743949,-3.799283139511008,1
194.85,2,0.9981602021685755,0.2883930355810824,178.78283603065023,1.1285004601246176,0.2549819296045548,-177.41788082983877,-161.9983451194341,0.07999996095895767,0.2557671493291855,-0.14475561335939335,0.10874751923743949,-3.799283139511008,1
194.95,2,0.9923705808863489,0.28847211696928626,179.78199162276485,1.1227183226633208,0.2546772086892345,-176.41872523772417,-161.24068545760738,0.07999999076128006,0.22960159182548523,-0.14475561335939335,0.10874751923743949,-3.799283139511008,1
195.05,2,0.9872358369792992,0.28845334243244425,-179.3502978340231,1.1175961074236824,0.2543182400094879,-175.55101469451208,-160.58760919028143,0.07999999821186066,0.2896015918254852,-0.14475561335939335,0.10874751923743949,-3.799283139511008,1
195.15,2,0.9818624643577485,0.28784954601181495,-178.61953825207146,1.1127298920194417,0.25391018125790227,-174.79401518746502,-159.52090086773717,0.07999999821186066,0.27063761949539183,-0.149121849169279,0.1087256298052473,-3.999245410011614,1
195.25,2,0.973937667983154,0.28428986910336496,-178.27109772142433,1.1080803965838673,0.25346265187108336,-174.27185231141272,-158.7694529181835,0.07999999821186066,0.32866012811660766,-0.149121849169279,0.1087256298052473,-3.999245410011614,1
195.35,2,0.9685665671336625,0.2841080579346253,-177.8439885178993,1.1027350546495207,0.25290668492835994,-173.8447431078877,-157.78757596399723,0.07789656519889832,0.29056267738342284,-0.149121849169279,0.1087256298052473,-3.999245410011614,1
195.45,2,0.9653981534868814,0.2839789584000115,-177.478522743145,1.0995833600207832,0.25255692401840124,-173.47927733313338,-157.04747058024702,0.07789656519889832,0.22340527176856995,-0.149121849169279,0.1087256298052473,-3.999245410011614,1
195.55,2,0.9588126516471083,0.2836339539935273,-176.4534386983969,1.0930379558411392,0.251753464842559,-172.45419328838528,-155.99574298668932,0.07810339331626892,0.16974468827247619,-0.149121849169279,0.1087256298052473,-3.999245410011614,1
195.65,2,0.9536123985957614,0.2844805013036491,-175.82921366004027,1.0879096779129898,0.2510438055668594,-171.82996825002866,-155.30530702930946,0.07969052344560623,0.2053930139541626,-0.14931541412899432,0.11535046704864889,-3.9992454100116146,1
195.75,2,0.9473205690851612,0.28944892930989624,-175.50933228861425,1.0818234329532532,0.2501575786480324,-171.51008687860264,-154.50192597367828,0.08027523756027222,0.19039301395416258,-0.14931541412899432,0.11535046704864889,-3.9992454100116146,1
195.85,2,0.9412760856477678,0.2889413025401905,-174.8560043448264,1.075829071605415,0.24922962552756395,-170.8567589348148,-154.03052116939276,0.08018607646226883,0.24899744749069214,-0.14931541412899432,0.11535046704864889,-3.9992454100116146,1
195.95,2,0.9357397688310429,0.288405244352426,-174.1291657990341,1.070343622378641,0.24830875145566178,-170.1299203890225,-153.15484920266815,0.08013318479061127,0.2875131666660309,-0.14931541412899432,0.11535046704864889,-3.9992454100116146,1
196.05,2,0.9305137974137656,0.28783965294828223,-173.5581604029811,1.0651698225956312,0.24738006060507062,-169.55891499296948,-152.4940826799773,0.08003383874893188,0.21251316666603087,-0.14931541412899432,0.11535046704864889,-3.9992454100116146,1
196.15,2,0.9253269856611336,0.2866100508564622,-173.1528322004136,1.0600428802424489,0.24641960111083253,-169.13602680997892,-151.5547814954882,0.08000076562166214,0.1430676430463791,-0.14964563625535834,0.11364414782287516,-4.099226545261947,1
196.25,2,0.9191632414775307,0.2829083879804814,-172.68658928772783,1.0539749138114964,0.24523393152828277,-168.58736274246587,-151.0130653163245,0.07998938113451004,0.2030676430463791,-0.14964563625535834,0.11364414782287516,-4.099226545261947,1
196.36,2,0.9153068505247602,0.282399768243131,-172.31492785625886,1.050164746641463,0.24445094279641452,-168.2157013109969,-150.233029659651,0.07999227195978165,0.2450164407491684,-0.14964563625535834,0.11364414782287516,-4.099226545261947,1
196.45,2,0.9077367902478611,0.28134177381304204,-171.7717731308583,1.0426896821385447,0.2428545169487178,-167.67254658559634,-149.70326814688596,0.07999642938375473,0.24013176560401917,-0.14964563625535834,0.11364414782287516,-4.099226545261947,1
196.55,2,0.9020059115251186,0.2804851428265097,-171.06654380869634,1.037034699839628,0.24159041142273863,-166.9673172634344,-148.9026715763207,0.07999923080205917,0.22545349597930908,-0.14964563625535834,0.11364414782287516,-4.099226545261947,1
196.65,2,0.8970555894513056,0.2796704677601115,-170.16550502136212,1.0321552781529022,0.24042395177860076,-166.06627847610017,-148.25881859258686,0.08000028878450394,0.21169042587280273,-0.14964563625535834,0.11364414782287516,-4.099226545261947,1
196.75,2,0.8918798287912675,0.27840293518730186,-169.25657274187475,1.0271069155095842,0.23913001182240892,-165.17672239933844,-147.16773350570978,0.08000042289495468,0.21909096837043762,-0.14956230592120762,0.10652326853792952,-3.899264274761283,1
196.85,2,0.8864096126109486,0.2742612851157898,-168.55636183113455,1.0221672000939588,0.23779838780939705,-164.65709755637326,-146.4582832397889,0.08000025898218155,0.2708320617675781,-0.14956230592120762,0.10652326853792952,-3.899264274761283,1
196.95,2,0.880908968981978,0.2737135507006651,-168.0983931236962,1.016774982651516,0.23629590046655286,-164.1803101740105,-145.54013529040128,0.08000009506940842,0.25895053148269653,-0.14995227669622033,0.11142737474502881,-3.999245410011598,1
197.05,2,0.8754587829351462,0.2750754058783311,-167.32054177451798,1.0115007922032868,0.23476513088670312,-163.32129636450637,-144.93928090622302,0.08000000566244125,0.2125401496887207,-0.14995227669622033,0.11142737474502881,-3.999245410011598,1
197.16,2,0.8720279330469521,0.2742791449795211,-166.48718719058388,1.0081338304325698,0.23373152999234242,-162.48794178057227,-143.870026311223,0.08000000566244125,0.2125401496887207,-0.14995227669622033,0.11142737474502881,-3.999245410011598,1
197.25,2,0.8672665197905189,0.27213843364692397,-165.0508784401163,1.0020172520319934,0.2317201376408053,-161.05163303010468,-143.11354182856496,0.07999998331069946,0.22889746725559235,-0.13999617647122725,0.10765617777834433,-3.999245410011594,1
197.35,2,0.8708455915586081,0.26871385697461786,-164.5718988673811,0.9989031580010809,0.23063673840372628,-160.5726534573695,-142.015461820973,0.07999998331069946,0.22889746725559235,-0.13999617647122725,0.10765617777834433,-3.999245410011594,1
197.45,2,0.8650456279278893,0.2676978091403515,-163.77907127000344,0.9922925596338966,0.22825299711928343,-159.81985628179777,-141.32774854592662,0.07999999076128006,0.17778922617435455,-0.14320632825005467,0.11188994619668395,-3.799283139510952,1
197.55,2,0.8593260622846169,0.27116829415739446,-163.35250037929148,0.9888474100866743,0.22697726553798178,-159.50981877407082,-140.7174299557152,0.07999999076128006,0.17778922617435455,-0.14320632825005467,0.11188994619668395,-3.799283139510952,1
197.65,2,0.8511834323090891,0.27059360085468515,-162.24697007950792,0.9816884586680366,0.2242445451391229,-158.44768693999697,-139.84932925644014,0.07999999076128006,0.19810067117214203,-0.14320632825005467,0.11188994619668395,-3.799283139510952,1
197.75,2,0.8460791718580094,0.2689146907177013,-161.29215410984625,0.9767066628269573,0.22223110922051825,-157.4928709703353,-138.88726770640773,0.07999999076128006,0.15132512152194977,-0.14320632825005467,0.11188994619668395,-3.799283139510952,1
197.85,2,0.8410345387445399,0.2671711398706717,-160.56316489076335,0.9717886464653335,0.22015712564476586,-156.7638817512524,-138.21166856620988,0.07999999076128006,0.21132512152194977,-0.14320632825005467,0.11188994619668395,-3.799283139510952,1
197.95,2,0.8362487520291271,0.26552321845693294,-159.63360524935317,0.9663935059478898,0.21779730018561913,-155.82267522701127,-137.35678028026993,0.07999999076128006,0.14431341290473937,-0.13700220376895955,0.11659571058121455,-3.899264274761288,1
198.05,2,0.8367942249200689,0.2662000168185831,-158.62000253684957,0.9613687743182242,0.21547856677207144,-154.7207382620883,-136.7404512685093,0.07999999076128006,0.07625902444124222,-0.13700220376895955,0.11659571058121455,-3.899264274761288,1
198.15,2,0.8310037626779807,0.26390021383276197,-158.0598713128932,0.9557481084208993,0.21279032168999804,-154.16060703813187,-135.92574920965447,0.08018866181373596,0.026736963540315628,-0.13700220376895955,0.11659571058121455,-3.899264274761288,1
198.25,2,0.8245491170236467,0.2612703489997016,-157.5395898131518,0.9494872416189117,0.20972761268473045,-153.64032553839047,-135.56130953087214,0.08004216104745865,0.012171819806098938,-0.13700220376895955,0.11659571058121455,-3.899264274761288,1
198.35,2,0.8178412965530248,0.25745621927734913,-157.37171612293673,0.9424948398735443,0.20625841110474089,-153.4478209682798,-135.24354929971065,0.08002830296754837,0.07097095251083374,-0.13340182003213502,0.11320073097435851,-4.099226545261941,1
198.45,2,0.8141952767563547,0.24855572376759028,-157.3339844786783,0.9354971910920609,0.2027467320942419,-153.23475793341635,-135.11782510466654,0.07999606430530548,0.04301831126213074,-0.13340182003213502,0.11320073097435851,-4.099226545261941,1
198.55,2,0.807569180818398,0.24574490875767752,-156.72578804485525,0.9290889746199034,0.19946944815095513,-152.6265614995933,-134.71450278805347,0.07999470084905624,0.018879467621445656,-0.13340182003213502,0.11320073097435851,-4.099226545261941,1
198.65,2,0.8005746705112513,0.2427227802659664,-156.59163357014987,0.9223283918039595,0.19595505559377557,-152.4924070248879,-134.49488054593158,0.07999535650014877,0.04309925436973572,-0.13340182003213502,0.11320073097435851,-4.099226545261941,1
198.75,2,0.7933385875510135,0.23956312738278468,-156.32123735825914,0.9153366851294321,0.19228622189258243,-152.22201081299718,-134.27603908493066,0.07999812811613083,0.017026593908667564,-0.13340182003213502,0.11320073097435851,-4.099226545261941,1
198.85,2,0.7863382101386154,0.2364765513821614,-156.03360667581376,0.908574857182179,0.18870712729542705,-151.9343801305518,-134.06642357097041,0.07999960333108902,0.016540247946977615,-0.13340182003213502,0.11320073097435851,-4.099226545261941,1
198.95,2,0.7790515084027736,0.23323708452709582,-155.93814351956166,0.9015383666479648,0.18495506537508286,-151.8389169742997,-133.86901203676084,0.08000019937753677,0.0015262607485055923,-0.13340182003213502,0.11320073097435851,-4.099226545261941,1
199.05,2,0.7717534400889201,0.2299721626023484,-155.90982117541054,0.8944923582439895,0.1811768009773095,-151.8105946301486,-133.7609888221411,0.08000024408102036,-0.020693093538284302,-0.13340182003213502,0.11320073097435851,-4.099226545261941,1
199.15,2,0.7644873175995801,0.22671427736682503,-155.91079541334415,0.8874777109285101,0.177407838881802,-151.81156886808222,-133.7072944066953,0.080000139772892,-0.014729496091604233,-0.13340182003213502,0.11320073097435851,-4.099226545261941,1
199.25,2,0.7572147158407865,0.22346977366354853,-155.90661405224864,0.880455644354004,0.17365176092124474,-151.8073875069867,-133.7426861288094,0.08000005036592484,-0.014705982059240341,-0.13340182003213502,0.11320073097435851,-4.099226545261941,1
199.35,2,0.7500560713793295,0.2197439396621986,-155.95403681941198,0.8734491792485106,0.1699121798487068,-151.89882408013918,-133.7890652401929,0.08000000566244125,-0.013829796575009823,-0.13258539562840843,0.10786149023784385,-3.899264274761299,1
199.45,2,0.7431702212123624,0.2147419985645424,-155.90236023939144,0.8664602362293109,0.16618664964966162,-152.00309596463012,-133.82048824740446,0.07999999076128006,-0.013834090903401375,-0.13258539562840843,0.10786149023784385,-3.899264274761299,1
199.55,2,0.7358630461141733,0.21147027543288469,-155.9730831803977,0.8593924614152741,0.16242559403402795,-152.0738189056364,-133.87403656213513,0.07999999076128006,-0.03680850937962532,-0.13258539562840843,0.10786149023784385,-3.899264274761299,1
199.65,2,0.7289788881064337,0.20839507955434228,-155.94374054817885,0.8527333601309603,0.15888937695186567,-152.04447627341756,-133.9198498074724,0.07999999076128006,-0.035328663885593414,-0.13258539562840843,0.10786149023784385,-3.899264274761299,1
199.75,2,0.7219272858111698,0.20526988259110732,-156.09899162194452,0.8459106023649151,0.15529188790317427,-152.1997273471832,-134.0907475831416,0.07999999076128006,-0.00857611931860447,-0.13258539562840843,0.10786149023784385,-3.899264274761299,1
199.85,2,0.7169706788112662,0.2030825592116875,-156.31794187971593,0.8411142125696043,0.15277256627839347,-152.41867760495464,-134.20476252597302,0.07999999076128006,-0.002762509509921074,-0.13258539562840843,0.10786149023784385,-3.899264274761299,1
199.95,2,0.7074650644705953,0.19889934730817996,-156.31134930865,0.8319150710620763,0.14795263252908822,-152.4120850338887,-134.2613349342993,0.07999999076128006,-0.030153680592775345,-0.13258539562840843,0.10786149023784385,-3.899264274761299,1
200.05,2,0.6997891367258986,0.1955250537667282,-156.3382572471247,0.8244863722500082,0.144064167844246,-152.4389929723634,-134.27814607657976,0.07999999076128006,-0.042890772223472595,-0.13258539562840843,0.10786149023784385,-3.899264274761299,1
200.15,2,0.6929945533214635,0.19256501173325208,-156.49608346938524,0.8179088074704222,0.14064892933864745,-152.59681919462392,-134.43545719450083,0.07999999076128006,-0.017528988420963287,-0.13258539562840843,0.10786149023784385,-3.899264274761299,1
200.25,2,0.6859455886209067,0.18951435509901726,-156.6648687558708,0.8110836122662539,0.13712598743241433,-152.76560448110948,-134.57926292104935,0.07999999076128006,-0.0023468579165637493,-0.13258539562840843,0.10786149023784385,-3.899264274761299,1
200.35,2,0.6786375765948037,0.18636192613616137,-156.71063950375463,0.8040068901623878,0.13348389292455615,-152.8113752289933,-134.6674114964469,0.07999999076128006,-0.03729420527815819,-0.13258539562840843,0.10786149023784385,-3.899264274761299,1
200.46,2,0.6733923520340038,0.18410398445300657,-156.7226602263369,0.7989273531316848,0.13087448975688293,-152.8233959515756,-134.68067355619905,0.07999999076128006,-0.03729420527815819,-0.13258539562840843,0.10786149023784385,-3.899264274761299,1
200.55,2,0.663226659702387,0.18192350894640866,-156.98491248783697,0.7901001915875652,0.12635921174616277,-153.08564821307567,-134.86532318134067,0.07999999076128006,-0.046127818524837494,-0.13838353174425277,0.11736460247165127,-3.8992642747613093,1
200.65,2,0.6514959422228834,0.18674266727732733,-157.1054794384528,0.7833331427117094,0.12293122792918439,-153.20621516369147,-135.01668022378976,0.07999999076128006,0.028872181475162503,-0.13838353174425277,0.11736460247165127,-3.8992642747613093,1
200.75,2,0.6445853140310359,0.18384485678638443,-157.19086861857906,0.7766355698715411,0.11957018557628026,-153.29160434381777,-135.1901680915583,0.07999999076128006,-0.019105002284049988,-0.13838353174425277,0.11736460247165127,-3.8992642747613093,1
200.85,2,0.637505504994077,0.18086186060635018,-157.16768454779285,0.7697750006522628,0.11611265000923315,-153.26842027303155,-135.08716919807065,0.07999999076128006,-0.06422140449285507,-0.13838353174425277,0.11736460247165127,-3.8992642747613093,1
200.95,2,0.6303085166502036,0.17783649679214697,-157.42328054522392,0.7628004044825164,0.11260487639922076,-153.5240162704626,-135.20108984877552,0.07999999076128006,-0.0494840070605278,-0.13838353174425277,0.11736460247165127,-3.8992642747613093,1
201.05,2,0.6234825769050617,0.17501657407252758,-157.610486044271,0.7561820274866049,0.10932730054366499,-153.7112217695097,-135.4181277475057,0.07999999076128006,-0.02701777219772339,-0.13838353174425277,0.11736460247165127,-3.8992642747613093,1
201.15,2,0.6164253581912179,0.17213877989680731,-157.8976885324447,0.7493368423001315,0.10597625965228191,-153.99842425768338,-135.7065422241156,0.07999999076128006,0.017666757106781006,-0.13838353174425277,0.11736460247165127,-3.8992642747613093,1
201.25,2,0.6091282282828725,0.16917976183742367,-157.95271679585997,0.7422578247025642,0.10252786834206772,-154.05345252109868,-135.81868279903935,0.07999999076128006,-0.03143841773271561,-0.13838353174425277,0.11736460247165127,-3.8992642747613093,1
201.35,2,0.6017584382451111,0.16618160978584356,-157.95813397894247,0.7351089763812317,0.0990354925599297,-154.05886970418115,-135.81138629439604,0.07999999076128006,-0.04331435263156891,-0.13838353174425277,0.11736460247165127,-3.8992642747613093,1
201.45,2,0.5944625361789976,0.16324323123890383,-158.1301882596257,0.7280297802456052,0.09560777648114421,-154.2309239848644,-135.92680144925785,0.07999999076128006,-0.02168039232492447,-0.13838353174425277,0.11736460247165127,-3.8992642747613093,1
201.55,2,0.5872989332739269,0.16038041836843472,-158.32465103750124,0.7210774383652195,0.09226444782677944,-154.42538676273992,-136.1521172347944,0.07999999076128006,-0.05136224627494812,-0.13838353174425277,0.11736460247165127,-3.8992642747613093,1
201.65,2,0.5799813476746828,0.15747640285485326,-158.4357812413108,0.713974272119069,0.08886954070213883,-154.5365169665495,-136.24712222563602,0.07999999076128006,-0.06825899332761765,-0.13838353174425277,0.11736460247165127,-3.8992642747613093,1
201.75,2,0.5716431855807759,0.15351946414288467,-158.77357434590132,0.707353984590017,0.08574596921771026,-154.8343596115372,-136.52289591349478,0.07999999076128006,-0.04113242030143738,-0.14612528889109344,0.11338719550781227,-4.099226545261975,1
201.85,2,0.5587470003983255,0.1457558088681388,-159.45667056907547,0.7007552110558312,0.08267288259806914,-155.3574440238135,-136.76626059087138,0.07999999076128006,0.0055432431399822235,-0.14612528889109344,0.11338719550781227,-4.099226545261975,1
201.95,2,0.5515055940766562,0.14304438565088798,-159.4959933397885,0.6937261533981027,0.07945075134331137,-155.3967667945265,-136.99133411286985,0.07999999076128006,-0.06945675686001777,-0.14612528889109344,0.11338719550781227,-4.099226545261975,1
202.05,2,0.5441156755721829,0.14028468887628998,-159.58232408407915,0.6865524142751435,0.07616985378529335,-155.48309753881716,-137.01825573822637,0.07999999076128006,-0.11155045032501221,-0.14612528889109344,0.11338719550781227,-4.099226545261975,1
202.15,2,0.5377191391051861,0.13793026385630813,-160.03862871145026,0.6803405454302685,0.07336420209586232,-155.93940216618827,-137.40343641823674,0.07999999076128006,-0.09570964425802231,-0.14612528889109344,0.11338719550781227,-4.099226545261975,1
202.25,2,0.5315286507872804,0.13572558279432684,-160.66543069595832,0.6743234933173663,0.07072264042332725,-156.56620415069634,-137.76986998532712,0.07999999076128006,-0.09311524033546448,-0.14612528889109344,0.11338719550781227,-4.099226545261975,1
202.35,2,0.5252020077292394,0.13352343314492346,-161.12842679638067,0.6681704538270191,0.06807387080472045,-157.0292002511187,-138.3067691380243,0.07999999076128006,-0.09366589784622192,-0.14612528889109344,0.11338719550781227,-4.099226545261975,1
202.45,2,0.5188090884090083,0.13136422473893203,-161.53871935145446,0.6619482380148961,0.06546319488403357,-157.43949280619248,-138.65274071282332,0.07999999076128006,-0.08044090121984482,-0.14612528889109344,0.11338719550781227,-4.099226545261975,1
202.56,2,0.5146899997096794,0.12999501262822322,-161.70438708887966,0.6579375637129492,0.06380303671061985,-157.60516054361767,-139.16599144544406,0.07999999076128006,-0.05261969566345215,-0.14612528889109344,0.11338719550781227,-4.099226545261975,1
202.65,2,0.5038074520919374,0.12562059074807644,-162.26542636905327,0.6491746575122144,0.06025022822678388,-158.11542864537867,-139.46537229593235,0.07999999076128006,-0.050066057592630386,-0.15360830371320344,0.10992324464906124,-4.299188815762645,1
202.75,2,0.4911974061548545,0.11912650235247485,-162.7795749387681,0.6423014336991437,0.05751496934564162,-158.48038612300545,-139.81042553791838,0.07999999076128006,-0.05519229173660278,-0.15360830371320344,0.10992324464906124,-4.299188815762645,1
202.85,2,0.48412011702939994,0.11694731636591135,-163.01969800675374,0.6354074205105503,0.054811368952681475,-158.7205091909911,-140.02013481357682,0.07999999076128006,-0.026368625462055206,-0.15360830371320344,0.10992324464906124,-4.299188815762645,1
202.95,2,0.4769118045144569,0.11475771869299976,-163.20305197824507,0.6283835331147365,0.05208756405268747,-158.90386316248242,-140.32183906600798,0.07999999076128006,-0.00941435992717743,-0.15360830371320344,0.10992324464906124,-4.299188815762645,1
203.05,2,0.4692914688839186,0.11245669254106977,-163.2995737274234,0.6209571351483887,0.04922175705999894,-159.00038491166075,-140.45591506056428,0.07999999076128006,0.022254765033721924,-0.15360830371320344,0.10992324464906124,-4.299188815762645,1
203.15,2,0.4616318690893165,0.11016214208732121,-163.2252041282931,0.6134910980514987,0.046359464121439396,-158.92601531253044,-140.51063388573812,0.07999999076128006,-0.01939757913351059,-0.15360830371320344,0.10992324464906124,-4.299188815762645,1
203.25,2,0.45400283267712105,0.10786653071205395,-163.25471772246192,0.6060556178691825,0.043498404418594254,-158.95552890669927,-140.46825109999614,0.07999999076128006,-0.07939757913351059,-0.15360830371320344,0.10992324464906124,-4.299188815762645,1
203.35,2,0.44657589943310816,0.10564853247857024,-163.7037153778337,0.5988158539373217,0.040729890054230514,-159.40452656207106,-140.62021889580708,0.07999999076128006,-0.15310578048229218,-0.15360830371320344,0.10992324464906124,-4.299188815762645,1
203.45,2,0.4405258285661052,0.1038946854287429,-164.0426759006632,0.592914283248254,0.038527436792096796,-159.74348708490058,-140.9502865454888,0.07999999076128006,-0.15089064836502075,-0.15360830371320344,0.10992324464906124,-4.299188815762645,1
203.55,2,0.43536006241181535,0.10244711450472171,-164.59646833635085,0.5878715691408768,0.036696689411343214,-160.2972795205882,-141.64856036388753,0.07999999076128006,-0.15043140947818756,-0.15360830371320344,0.10992324464906124,-4.299188815762645,1
203.66,2,0.43082289996212864,0.1012254303700004,-165.34600308770726,0.5834387564550305,0.03513831624933175,-161.04681427194464,-142.13603107477434,0.07999999076128006,-0.13846835494041443,-0.15360830371320344,0.10992324464906124,-4.299188815762645,1
203.75,2,0.4226322815888408,0.09939357260121341,-165.94697561421518,0.5760668474014288,0.03264522947917061,-161.6895085584458,-142.86860630691373,0.07999999076128006,-0.13630352914333344,-0.15756321335826667,0.1080151019640686,-4.049235977636819,1
203.85,2,0.4134438702871765,0.09842215889160554,-166.40162972921175,0.5702590934837184,0.0307519174880742,-162.3523937515749,-143.33751320506445,0.07999999076128006,-0.09073027968406677,-0.15756321335826667,0.1080151019640686,-4.049235977636819,1
203.95,2,0.40922851457674864,0.09741773318742988,-166.80565802230942,0.5661251866048681,0.029452337295227834,-162.7564220446726,-143.80168644627074,0.07999999076128006,-0.09073027968406677,-0.15756321335826667,0.1080151019640686,-4.049235977636819,1
204.05,2,0.4022434376261145,0.09557671427608967,-167.1624451123974,0.5576865857109772,0.026863602666679972,-163.16542292392973,-144.36062214139278,0.07999999076128006,-0.01709738001227379,-0.15142031250261198,0.10662372624867494,-3.849273707136145,1
204.15,2,0.3994381725313384,0.09430981941766357,-167.19723957963055,0.5504424627426894,0.024694089274659374,-163.3479658724944,-144.69718048803617,0.07999999076128006,0.007115565240383148,-0.15142031250261198,0.10662372624867494,-3.849273707136145,1
204.25,2,0.3916335440160351,0.09254901101137616,-167.34085860803614,0.5427736471967285,0.022413312953410428,-163.4915849009,-144.79686791856676,0.07999999076128006,0.014876378700137138,-0.15142031250261198,0.10662372624867494,-3.849273707136145,1
204.35,2,0.38376380596536963,0.09077592686253323,-167.38152553943138,0.5350406930905353,0.020115917650795463,-163.53225183229523,-144.79801582641153,0.07941523939371109,-0.05311614274978638,-0.15142031250261198,0.10662372624867494,-3.849273707136145,1
204.45,2,0.37600138969536223,0.08903019499092851,-167.44751501785026,0.527412982445931,0.01785301764447554,-163.59824131071414,-144.78568127664275,0.07986932247877121,-0.11311614274978637,-0.15142031250261198,0.10662372624867494,-3.849273707136145,1
204.55,2,0.36891266298576897,0.08748444641645217,-167.8834986988665,0.5204440163151135,0.015834875903587297,-164.03422499173035,-145.09374739906391,0.07967773824930191,-0.10618395358324051,-0.15142031250261198,0.10662372624867494,-3.849273707136145,1
204.65,2,0.36278892783168426,0.08620696882034344,-168.44638150387388,0.5144198552595203,0.014149181737314455,-164.59710779673773,-145.526154014046,0.07995977997779846,-0.10837844014167786,-0.15142031250261198,0.10662372624867494,-3.849273707136145,1
204.75,2,0.3586239080745772,0.08537343020383681,-169.0238873446327,0.5103201884439094,0.013037917500835189,-165.17461363749655,-146.14482057128717,0.07932433485984802,-0.09402486681938171,-0.15142031250261198,0.10662372624867494,-3.849273707136145,1
204.85,2,0.35000719045286555,0.08375280650332653,-169.67824548064422,0.5018317049037194,0.010842492498950957,-165.82897177350807,-146.5554483136134,0.0796724483370781,-0.1003691703081131,-0.15142031250261198,0.10662372624867494,-3.849273707136145,1
204.95,2,0.3426591288376869,0.08171321068457078,-170.3850438724504,0.49538056150284604,0.009246150055439013,-166.53577016531426,-147.10560609564564,0.07849908620119095,-0.11666139960289001,-0.15565587227237937,0.10198990743726613,-3.8492737071361627,1
205.05,2,0.33274675549354926,0.07687917547549387,-170.71606250635617,0.48898657548540053,0.007733347488694198,-166.86678879922,-147.4936872590321,0.07956776022911072,-0.08493980765342712,-0.15565587227237937,0.10198990743726613,-3.8492737071361627,1
205.15,2,0.32630046984156347,0.07587760705222493,-171.52623505684687,0.4826220692448324,0.0063012866215321406,-167.67696134971072,-148.1004914319285,0.07835247367620468,-0.1379082202911377,-0.15565587227237937,0.10198990743726613,-3.8492737071361627,1
205.25,2,0.3197011222847299,0.0749345972879675,-172.08021696342664,0.4761009152327287,0.0049173769634282775,-168.23094325629046,-148.45793027851505,0.07955460995435715,-0.0629082202911377,-0.15565587227237937,0.10198990743726613,-3.8492737071361627,1
205.36,2,0.31574129062847334,0.07439963423455294,-172.6147848278275,0.4721859296682729,0.004117789416930932,-168.76551112069134,-149.09775517588412,0.07438145577907562,-0.10797177761793136,-0.15565587227237937,0.10198990743726613,-3.8492737071361627,1
205.45,2,0.3062135333204107,0.07093259107340502,-173.24793978605905,0.462766573716265,0.0023018985856090722,-169.42209164134056,-149.38568890955443,0.07878895848989487,-0.07856546342372894,-0.15573897132762227,0.09142041128210497,-3.7492925718858054,1
205.55,2,0.2997423166172114,0.06272155029922111,-173.87315888700192,0.4563830770524977,0.0011468520799523961,-170.1238663151161,-149.98125587211928,0.07923628389835358,-0.043708305805921555,-0.15573897132762227,0.09142041128210497,-3.7492925718858054,1
205.65,2,0.2927344987209744,0.061999546317634824,-174.24176760806063,0.4494374701980708,-3.18534982067675e-05,-170.49247503617482,-150.30235695538641,0.08014877885580063,0.03129169419407844,-0.15573897132762227,0.09142041128210497,-3.7492925718858054,1
205.75,2,0.2851002908524405,0.06124840732386039,-174.41717966580902,0.44186871917658843,-0.001280591878638739,-170.6678870939232,-150.56693102764245,0.08016915619373322,0.1246991953253746,-0.1557389713276222,0.09142041128210503,-3.7492925718858054,1
205.85,2,0.2779360688543768,0.06051853976949502,-173.95393298912936,0.434767557172617,-0.002477371590117737,-170.20464041724352,-150.4225540321816,0.08013703674077988,0.2411939948797226,-0.1557389713276222,0.09142041128210503,-3.7492925718858054,1
205.95,2,0.2720885411702048,0.05986429120523885,-173.1374565870859,0.42897532661519167,-0.0035125944504804493,-169.3881640152001,-149.8159120288717,0.08005236834287643,0.29001301527023315,-0.1557389713276222,0.09142041128210503,-3.7492925718858054,1
206.05,2,0.2669320636985985,0.059205477105939285,-172.2080972336582,0.42387296578080025,-0.004507184742152372,-168.4588046617724,-149.26694081720623,0.08000927418470383,0.3340688645839691,-0.1557389713276222,0.09142041128210503,-3.7492925718858054,1
206.15,2,0.26346462704946544,0.05871311890687266,-171.58531552680404,0.4204451460807183,-0.0052252276487182005,-167.83602295491823,-148.30199618765687,0.07999320328235626,0.26051321625709534,-0.1557389713276222,0.09142041128210503,-3.7492925718858054,1
206.25,2,0.2573372347753183,0.05773958744126684,-170.36499351779358,0.41439452808603716,-0.006597350630904219,-166.61570094590778,-147.5906609360444,0.07999247312545776,0.21496352553367615,-0.1557389713276222,0.09142041128210503,-3.7492925718858054,1
206.35,2,0.2535682876114852,0.057072679690570664,-169.56078636480325,0.4096738104453679,-0.007763194999811786,-165.62476837564978,-146.50127188522967,0.07999247312545776,0.21496352553367615,-0.1557389713276222,0.09142041128210503,-3.7492925718858054,1
206.45,2,0.2539092016101323,0.06517694821131567,-168.56478469396612,0.4046290135300744,-0.009091022894373926,-164.87910986732084,-145.84095868705796,0.08002722263336182,0.18877312541007996,-0.1456172256689904,0.10531241238595589,-3.649311436635482,1
206.55,2,0.25152754054689147,0.069213821164086,-167.7506237034133,0.39863713834720826,-0.01074735089311975,-164.10131226677785,-145.04555871817567,0.08001918345689774,0.20957480370998383,-0.14561722566899032,0.10531241238595582,-3.6493114366354713,1
206.65,2,0.24626385025280506,0.0680380213691924,-166.9647574986335,0.39345896014553583,-0.012255797505186865,-163.31544606199802,-144.50489587950955,0.07999767363071442,0.1836250275373459,-0.14561722566899032,0.10531241238595582,-3.6493114366354713,1
206.75,2,0.2426992831836015,0.0671948638934036,-166.4542242134988,0.3899552873888175,-0.013324128040956939,-162.80491277686332,-143.59736553944575,0.07999668270349503,0.14797069132328033,-0.14561722566899032,0.10531241238595582,-3.6493114366354713,1
206.85,2,0.23540265457553605,0.06537172826932663,-165.41213666856126,0.3827894955910292,-0.015607993286230184,-161.76282523192577,-143.02695283505057,0.07794023305177689,0.11398644000291824,-0.14561722566899032,0.10531241238595582,-3.6493114366354713,1
206.95,2,0.2298275096232591,0.06381315861186865,-164.80870378097904,0.3773037913108512,-0.017449925551162922,-161.12983948981176,-142.2761777546545,0.07869575172662735,0.10795879364013672,-0.1454883514472837,0.10573227221372858,-3.7492925718858174,1
207.05,2,0.22371159250820707,0.0619569505064506,-164.3298718959597,0.3712722603348438,-0.019539347818420132,-160.5805793240739,-141.84144882605796,0.0813450813293457,0.07279626280069351,-0.1454883514472837,0.10573227221372858,-3.7492925718858174,1
207.15,2,0.21732747606062106,0.06013387509232721,-163.76556733496818,0.365021019991422,-0.021775983897601513,-160.01627476308235,-141.25824617801476,0.08034442365169525,-0.0022037371993064853,-0.1454883514472837,0.10573227221372858,-3.7492925718858174,1
207.25,2,0.21051208456740664,0.058137063662098976,-163.65929914655158,0.35835078838571083,-0.02421418557503527,-159.91000657466574,-140.99073182867954,0.0803554356098175,-0.12025495007634163,-0.1454883514472837,0.10573227221372858,-3.7492925718858174,1
207.35,2,0.20356937965624297,0.05611137159213658,-163.92437887562286,0.35155540437543964,-0.02668953120721586,-160.17508630373703,-141.13114641227813,0.07886423170566559,-0.17282947897911072,-0.1454883514472837,0.10573227221372858,-3.7492925718858174,1
207.45,2,0.19740377986759364,0.05438213672462454,-164.8230255719089,0.34551607669722334,-0.028818238602782962,-161.07373300002305,-141.50466687583608,0.07947520166635513,-0.1559608429670334,-0.1454883514472837,0.10573227221372858,-3.7492925718858174,1
207.55,2,0.19181082214995607,0.05291413465091884,-165.72199728109436,0.3400310832581206,-0.030648826784949162,-161.97270470920853,-142.24252601420795,0.0771089717745781,-0.10760180652141571,-0.1454883514472837,0.10573227221372858,-3.7492925718858174,1
207.65,2,0.18603759042323129,0.05148098224471995,-166.44964850861777,0.33436392279691785,-0.03245642815052613,-162.70035593673197,-142.72082851272103,0.07974138110876083,-0.03260180652141571,-0.1454883514472837,0.10573227221372858,-3.7492925718858174,1
207.75,2,0.1794083286191784,0.04992106986964645,-166.99441966568818,0.3278508533301655,-0.03444649468354429,-163.24512709380235,-143.26067810357407,0.07971730083227158,0.03589409217238426,-0.1454883514472837,0.10573227221372858,-3.7492925718858174,1
207.85,2,0.1695478455834028,0.048154213186562884,-166.91521785213357,0.3203627234661695,-0.0367078461352758,-163.16592528024776,-143.3910259403264,0.08014395087957382,0.04822494089603424,-0.15548835144728385,0.10573227221372847,-3.7492925718857864,1
207.95,2,0.1543067008268465,0.04640246450338105,-166.677359947732,0.3130116315387384,-0.0389450769409311,-162.9280673758462,-143.20008279695224,0.08040639758110046,0.044652365148067474,-0.15548835144728385,0.10573227221372847,-3.7492925718857864,1
208.05,2,0.15169435937498327,0.04578073203869464,-166.5325000463205,0.31044553678977516,-0.039736301850872256,-162.78320747443473,-143.01884566428356,0.08040639758110046,0.044652365148067474,-0.15548835144728385,0.10573227221372847,-3.7492925718857864,1
208.15,2,0.13944321820215033,0.042794299065414945,-166.06625084986536,0.29841590162567044,-0.043517455082243486,-162.31695827797958,-142.75293469704144,0.08100499212741852,0.013463285751640797,-0.15548835144728385,0.10573227221372847,-3.7492925718857864,1
