t,goal,map_x,map_y,map_yaw,odom_x,odom_y,odom_yaw,wheel_yaw,v,w,mo_x,mo_y,mo_yaw,stuck
2.83,1,0.0,0.0,0.18832832319733983,0.0,0.0,0.17555440858875282,-142.54840058479664,0.0,0.0,0.0,0.0,0.0,0
2.94,1,0.0,0.0,0.1800294911284062,0.0,0.0,0.1800294911284062,-142.54840058479664,0.0,0.0,0.0,0.0,0.0,0
3.04,1,0.0,0.0,0.19173361676896142,0.0,0.0,0.19173361676896142,-142.54840058479664,0.02,0.12,0.0,0.0,0.0,0
3.14,1,0.0017227963327550511,1.6497028748784825e-05,1.0028731986813124,0.0017227963327550511,1.6497028748784825e-05,1.0028731986813124,-142.2031331434287,0.038482505828142166,0.23255684971809387,0.0,0.0,0.0,0
3.24,1,0.005161125903118279,0.00010632687116228806,2.117116078734826,0.005161125903118279,0.00010632687116228806,2.117116078734826,-141.09012636715173,0.05329025536775589,0.2850467264652252,0.0,0.0,0.0,0
3.34,1,0.008960439499850299,0.00027873437955097967,3.166606053579187,0.008960439499850299,0.00027873437955097967,3.166606053579187,-140.20215520817953,0.058657482266426086,0.31251272559165955,-0.010076475951120727,0.002208348036288421,-0.7998490820026287,0
3.44,1,0.012789582615678786,0.0005233815305870948,4.211725411274291,0.012789582615678786,0.0005233815305870948,4.211725411274291,-138.8626897429953,0.06447398662567139,0.32587870955467224,-0.010076475951120727,0.002208348036288421,-0.7998490820026287,0
3.54,1,0.006355816818178343,0.0027996428438522704,4.359454976232697,0.016422437412140296,0.0008206245485879644,5.159304058235326,-137.96651622180536,0.06506586819887161,0.36976921558380127,-0.00011030724057337233,0.002785198728494127,-0.9998113525032519,0
3.64,1,0.010316828629637518,0.0031419404107155824,5.510674786232053,0.020378284946879002,0.0012181826911297697,6.310523868234681,-136.59127666778434,0.0538734570145607,0.3643588721752167,-0.00011030724057337233,0.002785198728494127,-0.9998113525032519,0
3.74,1,0.023561425473777327,0.003982153540651401,6.367313208467285,0.023647242953436527,0.0016098233515370742,7.367124560970539,-135.62074085882466,0.06849983334541321,0.3708201050758362,-0.010054153318184076,0.00218266218609148,-0.799849082002608,0
3.83,1,0.027182889707119597,0.004413584101772203,7.230307979446111,0.027260627747088765,0.0021043795722532946,8.230119331949362,-134.66317680919107,0.06741193681955338,0.35612016916275024,-0.010054153318184076,0.00218266218609148,-0.799849082002608,0
3.93,1,0.021040850108775436,0.004431461698744232,8.16700897691665,0.031060581332609874,0.002682652540128433,8.966858058919257,-133.27833914630781,0.06792101263999939,0.3751624822616577,-0.00013049224222414933,0.002807016218590333,-0.9998113525033029,0
4.03,1,0.02484910300339167,0.005000706854048683,8.903614106855917,0.034860516749782945,0.0033050037123007678,9.703463188858525,-132.36915820892125,0.07120027393102646,0.3710298240184784,-0.00013049224222414933,0.002807016218590333,-0.9998113525033029,0
4.14,1,0.03861193546011881,0.006118051972166302,9.64300636611478,0.038678754627264895,0.003986552710872326,10.642817718618087,-131.00002926649154,0.0670575499534607,0.3795389235019684,-0.00013049224222414933,0.002807016218590333,-0.9998113525033029,0
4.23,1,0.041326648793713165,0.006591555313421536,10.158489855461353,0.041384792438869555,0.004507353306053186,11.158301207964657,-130.0782216454038,0.06981009989976883,0.37859877943992615,-0.00013049224222414933,0.002807016218590333,-0.9998113525033029,0
4.33,1,0.04506593733498676,0.007295831365187403,11.117631223573106,0.04511122268982525,0.0052767694072319675,12.117442576076408,-128.71114847307152,0.06951799243688583,0.38,-0.00013049224222418953,0.002807016218590353,-0.9998113525033251,0
4.44,1,0.0499847583265282,0.008319703002775302,12.347674664091759,0.05001142915037108,0.006386314233325369,13.347486016595063,-127.33203481945208,0.07173634320497513,0.3748933970928192,-0.00013049224222418953,0.002807016218590353,-0.9998113525033251,0
4.54,1,0.05377604411107534,0.009175666509396243,13.108425304625946,0.053787201916400317,0.007308302001187978,14.108236657129273,-126.41713859707396,0.07319764792919159,0.37004899978637695,-0.0002651850214650524,0.0035041343364828332,-1.199773623003968,0
4.64,1,0.0575557809825826,0.010083129801535551,13.88351635707788,0.05755052890203141,0.008281580195556153,14.883327709581202,-125.502406502269,0.07408186048269272,0.36662712693214417,-0.0002651850214650524,0.0035041343364828332,-1.199773623003968,0
4.74,1,0.05992231464776533,0.011192486081910832,14.184921053491259,0.06001332221536728,0.008946900338639006,15.384694676495227,-124.13572384570718,0.07506175339221954,0.3629326820373535,-0.0002651850214650524,0.0035041343364828332,-1.199773623003968,0
4.84,1,0.06372936871895495,0.012172903897331637,14.683718841498687,0.06379901320292129,0.010006817099761416,15.883492464502654,-123.24416131204113,0.07551559805870056,0.36284738779067993,-0.0002651850214650524,0.0035041343364828332,-1.199773623003968,0
4.94,1,0.06784561279186842,0.013266777036064535,15.078665977185095,0.06789145082645118,0.01118663827644612,16.27843960018906,-121.94532326915093,0.0755663514137268,0.36195844411849976,-0.0002651850214650524,0.0035041343364828332,-1.199773623003968,0
5.03,1,0.07333003120675434,0.014783625634992525,16.00737922226549,0.07334290638304053,0.012817989659852131,17.20715284526946,-121.07914562615629,0.07556542754173279,0.3618836998939514,-0.010086678671707462,0.012746483467821533,-0.9998113525033158,0
5.13,1,0.07739461196520471,0.015986914574180024,16.986674015697094,0.07738140101902616,0.014106120898605112,18.18644763870106,-119.76594466932163,0.07623352110385895,0.36000314354896545,-0.010086678671707462,0.012746483467821533,-0.9998113525033158,0
5.24,1,0.07018427602773139,0.026337635736391335,17.869895144617104,0.08002158008534699,0.014989740124205418,18.869706497120415,-118.89135496368918,0.0787922814488411,0.26618802547454834,-0.010086678671707386,0.012746483467821186,-0.9998113525032519,0
5.34,1,0.07607796408536274,0.02828492449265238,18.694679129512306,0.08588039238005965,0.01703957204810812,19.69449048201562,-117.69247643000647,0.08070088922977448,0.28097957372665405,-0.010086678671707386,0.012746483467821186,-0.9998113525032519,0
5.43,1,0.08091715525355128,0.029957144553202697,19.48731388236887,0.09068966803486957,0.018795977117912335,20.48712523487212,-116.99284764724581,0.08089235424995422,0.2978242039680481,-0.010086678671707386,0.012746483467821186,-0.9998113525032519,0
5.54,1,0.0858178670681777,0.031733634743819704,20.382683109495204,0.09555863554832977,0.02065770992372699,21.382494461998462,-115.96377434649433,0.08139527589082718,0.3040667772293091,-0.010086678671707386,0.012746483467821186,-0.9998113525032519,0
5.64,1,0.09066834077524746,0.0335771072330006,21.252631030964196,0.10037620382106223,0.022585538219738695,22.252442383467443,-114.9578262668178,0.08134664595127106,0.298080712556839,-0.010338857192123569,0.0035814818646419167,-1.199773623003924,0
5.73,1,0.09549419612589065,0.03549568753047464,22.107929562543717,0.10516784692070791,0.024588033320557923,23.10774091504697,-114.28360736010916,0.08128911256790161,0.28881457448005676,-0.010338857192123569,0.0035814818646419167,-1.199773623003924,0
5.84,1,0.09986767992736889,0.027829844290125305,22.73050911189671,0.10967465252024616,0.026550602606173087,23.930282734900622,-113.1883736464788,0.08119405806064606,0.25820374488830566,-0.010616995905815952,0.0044462170897677745,-1.3997358935045774,0
5.94,1,0.10434045424651389,0.029734589769648444,23.447194316505172,0.11410656380057171,0.028548583550799443,24.6469679395091,-112.45468156935868,0.08132334053516388,0.26785096526145935,-0.010616995905815952,0.0044462170897677745,-1.3997358935045774,0
6.03,1,0.10861293608004853,0.03215376463616855,24.090138984918152,0.11851752600205187,0.03061177719020716,25.489874878422732,-111.73398459374103,0.08119923621416092,0.2567456066608429,-0.010616995905815952,0.0044462170897677745,-1.3997358935045774,0
6.14,1,0.11313258542872445,0.03420657061830128,24.837996244212615,0.12298568163634438,0.032774374670786165,26.237732137717195,-110.68570787981263,0.08126839995384216,0.2378499060869217,-0.010616995905815952,0.0044462170897677745,-1.3997358935045774,0
6.24,1,0.11792441047179918,0.03645628209464065,25.51329741036018,0.12772112182571616,0.035140467480270575,26.91303330386476,-109.74548931446785,0.0810285359621048,0.08784990608692168,-0.010285057294710371,0.0035299103743518367,-1.1997736230039477,0
6.34,1,0.12358674764225978,0.039190658655162296,26.02636622519872,0.13331497519346608,0.038012345246963126,27.426102118703298,-109.26513114740105,0.08074181526899338,-0.04636138305068016,-0.010285057294710371,0.0035299103743518367,-1.1997736230039477,0
6.44,1,0.1306039454487863,0.04206834498015706,25.957132278806128,0.14005117926733018,0.041479985797407116,27.15690590181008,-109.28243640988286,0.08049733191728592,-0.10053634643554688,-0.010285057294710371,0.0035299103743518367,-1.1997736230039477,0
6.54,1,0.13666596016920202,0.044997486510659074,25.541585523323423,0.14605053324803102,0.0445354144728137,26.741359146327365,-109.54151863428481,0.08046557009220123,-0.09852668642997742,-0.010285057294710371,0.0035299103743518367,-1.1997736230039477,0
6.64,1,0.14273635828617143,0.04786495985954507,25.025927940431483,0.15205956002471566,0.04752936402184833,26.225701563435436,-109.94659873367688,0.08030905574560165,-0.08145703375339508,-0.010285057294710371,0.0035299103743518367,-1.1997736230039477,0
6.74,1,0.14915649082668414,0.050847808680636764,24.706305691350686,0.1584158287655089,0.05064598665252615,25.906079314354624,-110.18428987288293,0.08041701465845108,-0.054836858063936234,-0.010285057294710371,0.0035299103743518367,-1.1997736230039477,0
6.84,1,0.15565542489645634,0.053824329336463944,24.540362456003002,0.16485101426170057,0.053757932488721856,25.74013607900694,-110.35844957974236,0.08045747131109238,-0.043224673718214035,-0.010285057294710371,0.0035299103743518367,-1.1997736230039477,0
6.94,1,0.162626399315602,0.05698662949329489,24.291283208677587,0.17175424668161396,0.05706550089934213,25.491056831681533,-110.5579576566224,0.08080663532018661,-0.04509262368083,-0.010285057294710371,0.0035299103743518367,-1.1997736230039477,0
7.03,1,0.1674668566413951,0.059166235214792126,24.16314537665282,0.17654800520719355,0.05934598054679368,25.36291899965677,-110.68234490196149,0.08083029091358185,-0.04356968030333519,-0.010285057294710371,0.0035299103743518367,-1.1997736230039477,0
7.14,1,0.176532111539988,0.06320303002104634,23.883838930633992,0.18552674838976715,0.06357170291647801,25.083612553637938,-110.88564425438473,0.0807221382856369,-0.04562536999583244,-0.010285057294710371,0.0035299103743518367,-1.1997736230039477,0
7.24,1,0.18353960924292315,0.06629054321325985,23.61368422667927,0.1924680620109267,0.06680526549998236,24.81345784968322,-111.10478798283236,0.08065889775753021,-0.03837854042649269,-0.010285057294710371,0.0035299103743518367,-1.1997736230039477,0
7.34,1,0.19059777183475404,0.06936960521050267,23.480540190732327,0.19946020636861644,0.07003143958654583,24.680313813736277,-111.24133075094868,0.08123879134654999,-0.052211303263902664,-0.010285057294710371,0.0035299103743518367,-1.1997736230039477,0
7.43,1,0.19750438887795405,0.07234274639816161,23.19131892864043,0.20630305622124492,0.07314854295306375,24.39109255164438,-111.40365469139223,0.0812230259180069,-0.05922089144587517,-0.010285057294710371,0.0035299103743518367,-1.1997736230039477,0
7.54,1,0.20431144160046935,0.07522647507721357,22.7064307002702,0.2130482357421565,0.07617416868870329,23.906204323274153,-111.70210076695305,0.08140775561332703,-0.061593275517225266,-0.010285057294710371,0.0035299103743518367,-1.1997736230039477,0
7.64,1,0.21106160431427243,0.07803969818615962,22.453734793119207,0.21973801400531323,0.07912811312171508,23.65350841612315,-112.01519348283259,0.08132551610469818,-0.05038219317793846,-0.019375165931924218,0.0010952606514150417,-0.7998490820025895,0
7.74,1,0.21046242289481368,0.08024179749610526,22.469937361307444,0.22666080493856217,0.0821388827891266,23.3549248776045,-112.19334753339892,0.08123677223920822,-0.035151880234479904,-0.019375165931924218,0.0010952606514150417,-0.7998490820025895,0
7.84,1,0.21562003938320262,0.08304696140750555,22.37148724617315,0.2338282989821846,0.08522414196113967,23.171336328175737,-112.33445200839661,0.08116897195577621,-0.024523716419935226,-0.019375165931924218,0.0010952606514150417,-0.7998490820025895,0
7.94,1,0.22299308607725365,0.08607129027815377,22.270201244670748,0.241158408992592,0.08835110053231043,23.070050326673343,-112.48966861972661,0.08110909163951874,-0.025760244578123093,-0.019375165931924218,0.0010952606514150417,-0.7998490820025895,0
8.04,1,0.23039844795966996,0.08908096996657146,22.08519823023069,0.24852103553853971,0.09146386245403276,22.88504731223328,-112.63941540597239,0.08099287748336792,-0.021226990967988968,-0.019375165931924218,0.0010952606514150417,-0.7998490820025895,0
8.14,1,0.23785577014226494,0.09208951152082902,21.861129083532877,0.25593563320953194,0.0945762116947245,22.660978165535465,-112.71841650563925,0.08097140491008759,-0.015054352581501007,-0.019375165931924218,0.0010952606514150417,-0.7998490820025895,0
8.24,1,0.24501774520348396,0.0949652779168627,21.761821502886495,0.26305676601854655,0.0975516758028018,22.561670584889097,-112.81092637754726,0.08093179762363434,-0.00045859068632125854,-0.019375165931924218,0.0010952606514150417,-0.7998490820025895,0
8.34,1,0.2529121781817531,0.09812372119403709,21.812378484308145,0.2709063393333955,0.10082001402861655,22.612227566310747,-112.83301823067949,0.08095642179250717,-0.004965107887983322,-0.019375165931924218,0.0010952606514150417,-0.7998490820025895,0
8.43,1,0.26046191682096526,0.10113199294083398,21.762763171123147,0.2784133482224075,0.10393338357996836,22.56261225312573,-112.84880024396871,0.08087150752544403,-0.016477808356285095,-0.019375165931924218,0.0010952606514150417,-0.7998490820025895,0
8.54,1,0.2680237316593696,0.10412812017526073,21.582238858521084,0.2859326016658023,0.10703477838056691,22.382087940523675,-112.94196066383444,0.08100652694702148,-0.019110120832920074,-0.019375165931924218,0.0010952606514150417,-0.7998490820025895,0
8.63,1,0.2755477998095701,0.10709967181493917,21.4517487362096,0.2934144551631609,0.11011107305439169,22.25159781821219,-113.02633157214278,0.0810830146074295,-0.006619017571210861,-0.019375165931924218,0.0010952606514150417,-0.7998490820025895,0
8.74,1,0.28316224685534,0.1101006145196916,21.474844393793255,0.30098626846369786,0.11321801757785058,22.27469347579584,-113.09214432123972,0.08121953904628754,0.0007976889610290527,-0.008805422792918608,-0.00043311357253226373,-0.5998868115019117,0
8.84,1,0.29075015080963423,0.11308872513209778,21.535461857834644,0.30853172038928806,0.11631176072979044,22.335310939837232,-113.11518269279084,0.08092799782752991,-0.014568541198968887,-0.008805422792918608,-0.00043311357253226373,-0.5998868115019117,0
8.94,1,0.3084977932425675,0.1156486085012063,21.657725490432863,0.3160704712371626,0.11939746361621356,22.257612301934778,-113.16667988831506,0.08062679320573807,-0.011936265975236893,-0.008805422792918608,-0.00043311357253226373,-0.5998868115019117,0
9.03,1,0.31338085625930767,0.1175852813730824,21.589233749770855,0.3209329900189591,0.12138515507486448,22.189120561272773,-113.22129590085545,0.08049176633358002,-0.0005031265318393707,-0.008805422792918608,-0.00043311357253226373,-0.5998868115019117,0
9.13,1,0.3235607581819996,0.12161376310082972,21.560340056334212,0.331070156548651,0.1255199976275759,22.16022686783612,-113.24483062070246,0.08054293692111969,0.00349237397313118,-0.008805422792918608,-0.00043311357253226373,-0.5998868115019117,0
9.24,1,0.33103423773642565,0.12457418141970718,21.637082437667626,0.3385122314685337,0.12855849958742757,22.23696924916953,-113.23039339627564,0.08066656440496445,0.0074309296905994415,-0.008805422792918608,-0.00043311357253226373,-0.5998868115019117,0
9.33,1,0.33856925366139634,0.12756253258092798,21.675711589012874,0.3460155469346396,0.13162557713265335,22.275598400514784,-113.21310557270019,0.08061140775680542,-0.005851965397596359,-0.008805422792918608,-0.00043311357253226373,-0.5998868115019117,0
9.44,1,0.3461320725743257,0.13055889732344764,21.54802095169279,0.3535465799641604,0.13470095891191966,22.147907763194706,-113.27059769708453,0.08049874007701874,-0.028646524995565414,-0.008805422792918608,-0.00043311357253226373,-0.5998868115019117,0
9.54,1,0.35339950001640147,0.13342389018961262,21.433458379832175,0.3607836131516349,0.13764188332312194,22.03334519133408,-113.37511802954893,0.08056056499481201,-0.027318593114614487,-0.008805422792918608,-0.00043311357253226373,-0.5998868115019117,0
9.63,1,0.3607223131446025,0.13628881989168753,21.318337970791422,0.3680760296508639,0.14058332445123534,21.918224782293333,-113.47676420612693,0.08049847185611725,-0.024164654314517975,-0.008805422792918608,-0.00043311357253226373,-0.5998868115019117,0
9.74,1,0.36818375731582614,0.13918998189132756,21.15919089906584,0.3755066902495303,0.14356244733152554,21.759077710567748,-113.63062090382662,0.08093926310539246,-0.026574663817882538,-0.008805422792918608,-0.00043311357253226373,-0.5998868115019117,0
9.84,1,0.3752182233985755,0.14191054057611316,21.049524498495703,0.3825122870445293,0.146356506416909,21.64941130999761,-113.79164970789314,0.08067939430475235,-0.022560857236385345,-0.008805422792918608,-0.00043311357253226373,-0.5998868115019117,0
9.94,1,0.3803917926890827,0.1438943506701821,20.96939154851617,0.3876648026597589,0.14839437405928013,21.56927836001808,-113.88398562947782,0.08061031997203827,-0.018260624259710312,-0.019491597733712937,0.0014108251231471477,-0.7998490820025707,0
10.04,1,0.3901590326280801,0.14762267899065795,20.875745040193955,0.3973924723724974,0.1522247591640809,21.47563185169587,-113.96216897217536,0.08051055669784546,-0.010860253125429153,-0.019491597733712937,0.0014108251231471477,-0.7998490820025707,0
10.14,1,0.38753987379319804,0.15091627895575802,20.55455260062621,0.404904782352079,0.15517286092443158,21.354401682628776,-114.04808353052233,0.08053520321846008,-0.004293259233236313,-0.019491597733712937,0.0014108251231471477,-0.7998490820025707,0
10.24,1,0.39510108263444566,0.1537581737894608,20.51842108037913,0.41242558287174713,0.15812002989314508,21.318270162381708,-114.08322626414245,0.08054447174072266,0.0042850784957408905,-0.019491597733712937,0.0014108251231471477,-0.7998490820025707,0
10.34,1,0.4030068540443133,0.15672329652833,20.592849526743287,0.42028919218044597,0.16119522469702066,21.392698608745853,-114.08456957067261,0.08073271065950394,-0.008566085249185562,-0.019491597733712937,0.0014108251231471477,-0.7998490820025707,0
10.43,1,0.41022103279059396,0.15942139869074248,20.53174122303349,0.42746500369998075,0.16399377062271395,21.331590305036062,-114.11406716696919,0.08089839667081833,-0.01853790506720543,-0.019491597733712937,0.0014108251231471477,-0.7998490820025707,0
10.54,1,0.417840794547716,0.16225605921217567,20.285804266971066,0.4350444524178921,0.16693452335622014,21.08565334897364,-114.22316789025083,0.08099272847175598,-0.025993313640356064,-0.019491597733712937,0.0014108251231471477,-0.7998490820025707,0
10.63,1,0.4230929785976394,0.16419759732334924,20.194938465476447,0.44026902170741167,0.16894919039333037,20.994787547479017,-114.32493447602371,0.08095958828926086,-0.008519221097230911,-0.019491597733712937,0.0014108251231471477,-0.7998490820025707,0
10.74,1,0.4329230190648818,0.167804307387709,20.111102328228565,0.4500477563060587,0.1726927719304682,20.91095141023113,-114.39770120988477,0.08108038455247879,-0.002661101520061493,-0.019491597733712937,0.0014108251231471477,-0.7998490820025707,0
10.84,1,0.44062468426344625,0.1706161309260438,20.099783062301654,0.45770941927873454,0.17561183324099963,20.899632144304228,-114.41265490131295,0.08089138567447662,-0.0018168576061725616,-0.019491597733712937,0.0014108251231471477,-0.7998490820025707,0
10.94,1,0.4459233920596231,0.172547309124736,19.935445398219453,0.4629806524009509,0.1776167908254932,20.735294480222024,-114.43095432850913,0.08070803433656693,-0.004301939159631729,-0.019491597733712937,0.0014108251231471477,-0.7998490820025707,0
11.04,1,0.4558054773574755,0.17612976444082024,19.806413874292915,0.47281176534428876,0.18133684649995635,20.606262956295488,-114.44831129836761,0.08069499582052231,0.004247631877660751,-0.019491597733712937,0.0014108251231471477,-0.7998490820025707,0
11.14,1,0.4634059652893847,0.1788724565079513,19.799261681557756,0.4803732259529354,0.18418537068663376,20.599110763560326,-114.44153867743996,0.08091726899147034,0.003628455102443695,-0.019491597733712937,0.0014108251231471477,-0.7998490820025707,0
11.24,1,0.4710251187269188,0.18160980115261777,19.75966945759794,0.48795342489604765,0.1870288085338905,20.559518539600507,-114.4269086324809,0.08086954057216644,-0.00523834303021431,-0.010280049847002646,0.013576467993834475,-0.9998113525031759,0
11.33,1,0.48023703478685453,0.18788538060614576,19.505437905765163,0.49289591945288586,0.1888748410966236,20.391486785658866,-114.44494664842165,0.08066392689943314,-0.009314946830272675,-0.010280049847002646,0.013576467993834475,-0.9998113525031759,0
11.44,1,0.49607921654882586,0.197428354395268,19.322886943273062,0.5030741219189085,0.19265941620851668,20.322698295776235,-114.48373980541672,0.08087564259767532,0.0037998221814632416,-0.010280049847002646,0.013576467993834475,-0.9998113525031759,0
11.54,1,0.5035975136787388,0.20006888346649038,19.239816465898826,0.5105451995138418,0.1954307308929423,20.239627818402003,-114.49744941256289,0.08177356421947479,-0.11379781365394592,-0.010280049847002646,0.013576467993834475,-0.9998113525031759,0
11.64,1,0.510160714630865,0.20232510484786925,18.684532521455488,0.5170680321707375,0.19780113081487888,19.684343873958667,-114.8724002407399,0.08151403814554214,-0.03466566279530525,-0.010280049847002646,0.013576467993834475,-0.9998113525031759,0
11.74,1,0.5174618731218098,0.2047891380964221,18.54111716952056,0.5243250838812971,0.20039218767070666,19.540928522023737,-115.04696830158915,0.08101639896631241,-0.004864592105150223,-0.010280049847002646,0.013576467993834475,-0.9998113525031759,0
11.83,1,0.5250901371059647,0.20734671650580633,18.603684946227656,0.5319075590038957,0.20308248314653762,19.60349629873084,-115.09170547872817,0.08093168586492538,0.020158331841230392,-0.010280049847002646,0.013576467993834475,-0.9998113525031759,0
11.94,1,0.5300020656755797,0.20900186937832985,18.660530565511593,0.5367898587933695,0.20482309282998953,19.660341918014772,-115.00894681662538,0.08099843561649323,0.027068469673395157,-0.010280049847002646,0.013576467993834475,-0.9998113525031759,0
12.04,1,0.5401163686547211,0.21243985553477035,18.904500419422593,0.5468426320825012,0.208437041191971,19.90431177192577,-114.85207379649604,0.0810600146651268,0.030108142644166946,-0.010280049847002646,0.013576467993834475,-0.9998113525031759,0
12.14,1,0.5476383520725848,0.21502132540622426,19.079708907929152,0.5543184259348917,0.21114936999069728,20.07952026043234,-114.74849732462624,0.08125601708889008,0.014233928173780441,-0.010280049847002646,0.013576467993834475,-0.9998113525031759,0
12.24,1,0.5525508685222167,0.21671797022113135,19.028473114808808,0.559200589517229,0.21293147555747866,20.028284467311988,-114.68024670452935,0.0814429521560669,0.02146274223923683,-0.010280049847002646,0.013576467993834475,-0.9998113525031759,0
12.34,1,0.5629125659858907,0.22031538005668136,19.132505184063167,0.5694979378237116,0.21670914014139828,20.132316536566346,-114.5644946119586,0.08134116977453232,0.022326450794935226,-0.010280049847002332,0.013576467993833878,-0.9998113525031342,0
12.44,1,0.5705301188676248,0.22298473353511736,19.356875707106965,0.5770677530986579,0.21951100676956714,20.35668705961014,-114.4362407408275,0.0814308151602745,0.01750970259308815,-0.010280049847002332,0.013576467993833878,-0.9998113525031342,0
12.54,1,0.5782108430665298,0.22568716149615964,19.541832486850616,0.5847001529526755,0.22234704512838022,20.541643839353746,-114.36926139801393,0.08072517812252045,0.007137753069400787,-0.010280049847002332,0.013576467993833878,-0.9998113525031342,0
12.64,1,0.5858517032454321,0.2283808981785785,19.48872971811348,0.5922928465109986,0.22517369793994793,20.48854107061661,-114.31633250514314,0.08105401694774628,0.011036451905965805,-0.010280049847002332,0.013576467993833878,-0.9998113525031342,0
12.74,1,0.5934293046460973,0.2310620173077619,19.440438690964594,0.5998225110871981,0.22798663130961025,20.440250043467728,-114.2785453402418,0.08051393926143646,0.010568644851446152,-0.010280049847002332,0.013576467993833878,-0.9998113525031342,0
12.84,1,0.6010474439418872,0.23376955967903967,19.58345918947694,0.6073922463245595,0.2308266912488677,20.583270541980077,-114.2480532849518,0.08065646886825562,0.02122633531689644,-0.010280049847002332,0.013576467993833878,-0.9998113525031342,0
12.94,1,0.6086101202492641,0.23646987530249736,19.741075718088435,0.6149066531179522,0.23365855776052769,20.740887070591576,-114.1615976994801,0.0805562362074852,-0.004323732107877731,-0.010280049847002332,0.013576467993833878,-0.9998113525031342,0
13.03,1,0.6135318776573435,0.23822701573515073,19.606805757385967,0.6197970006568694,0.23550131098129698,20.606617109889104,-114.16292820681501,0.0814916118979454,-0.016970913857221603,-0.010280049847002332,0.013576467993833878,-0.9998113525031342,0
13.14,1,0.6238621479474767,0.24189596131215998,19.469263583197357,0.6300616783391786,0.23934995203919918,20.46907493570049,-114.24580086943169,0.0812830924987793,-0.012443013489246368,-0.010280049847002332,0.013576467993833878,-0.9998113525031342,0
13.24,1,0.6311683907390269,0.24448305401831694,19.423106810820194,0.637321666297716,0.24206413833369322,20.42291816332332,-114.30838702724174,0.08113289624452591,0.0028478913009166718,-0.010280049847002332,0.013576467993833878,-0.9998113525031342,0
13.34,1,0.6392130607617321,0.2473326754641309,19.495597612521134,0.645315388169776,0.24505369829977613,20.49540896502427,-114.32135979418909,0.08087794482707977,-0.007881272584199905,-0.010280049847002332,0.013576467993833878,-0.9998113525031342,0
13.43,1,0.6464613872226977,0.24989652676880442,19.522658575484215,0.6525178741572127,0.24774363614255038,20.52246992798736,-114.34357952821617,0.0803501084446907,-0.01618717983365059,-0.010280049847002332,0.013576467993833878,-0.9998113525031342,0
13.54,1,0.6543532134755491,0.25267306675894147,19.32341212816942,0.6603600507361652,0.25065745879098866,20.323223480672553,-114.44012080392038,0.079996757209301,-0.04934333637356758,-0.03127887652777021,0.016377360577046713,-1.1997736230038267,0
13.64,1,0.6610435865964192,0.2550030032747106,18.95188386416123,0.6670087499363601,0.25310378166610215,19.951695216664366,-114.71284629005363,0.07994285970926285,-0.08193463087081909,-0.03127887652777021,0.016377360577046713,-1.1997736230038267,0
13.74,1,0.6474067836900046,0.257644103114558,18.27649098900995,0.673485113004515,0.25542448786518956,19.47626461201378,-114.99725169574032,0.07994137704372406,-0.10968461632728577,-0.03127887652777021,0.016377360577046713,-1.1997736230038267,0
13.84,1,0.6536855671711711,0.25969204793403505,17.655104295239383,0.6797196391335861,0.25760345182379946,18.854877918243208,-115.56511027871093,0.0799739882349968,-0.1500779390335083,-0.03127887652777021,0.016377360577046713,-1.1997736230038267,0
13.94,1,0.6591529424483674,0.2613892408976622,16.935462421505555,0.6851502791538971,0.2594147511771037,18.135236044509377,-116.03968349966097,0.07999277859926224,-0.15652620792388916,-0.03127887652777021,0.016377360577046713,-1.1997736230038267,0
14.04,1,0.6650817122874594,0.2631544167840865,16.33478899703559,0.6910407891244548,0.2613036794451173,17.53456262003942,-116.53705458015492,0.08000149577856064,-0.13057897984981537,-0.01026446374601154,0.023477243022017816,-0.9998113525031631,0
14.14,1,0.6869785344114252,0.2723963772810186,15.703385128045532,0.6970800683158833,0.2631723176340808,16.74611969980872,-117.2183157717685,0.08000285178422928,-0.09306986629962921,-0.01026446374601154,0.023477243022017816,-0.9998113525031631,0
14.24,1,0.6977053189096238,0.2762261228039405,15.331977502110176,0.703451751983896,0.2650638451680493,16.331788854613336,-117.7505506755994,0.08000189065933228,-0.0853261649608612,-0.020264463746011784,0.013477243022017462,-0.9998113525031591,0
14.34,1,0.7043872603436596,0.27804263802134344,14.930280820729472,0.710100979527939,0.26699667778637926,15.930092173232635,-118.06578568678721,0.08000074326992035,-0.05819346383213997,-0.020264463746011784,0.013477243022017462,-0.9998113525031591,0
14.43,1,0.7014419250938226,0.2699001073275133,14.66437494215254,0.717122159029378,0.26897696195011306,15.664186294655707,-118.3178196195848,0.08000010251998901,-0.04346374049782753,-0.020264463746011784,0.013477243022017462,-0.9998113525031591,0
14.54,1,0.7087438188297844,0.27177909348855095,14.215458173047667,0.7243901544265858,0.2709830736196902,15.215269525550825,-118.62720078230785,0.0799998864531517,-0.06885389238595963,-0.020264463746011784,0.013477243022017462,-0.9998113525031591,0
14.64,1,0.7132319157658921,0.2729084865330308,14.005152946137715,0.7288578611532073,0.2721906080339909,15.004964298640875,-118.87690085173699,0.07934262603521347,-0.04380336403846741,-0.020264463746011784,0.013477243022017462,-0.9998113525031591,0
14.74,1,0.7222523800687538,0.27513060989934957,13.748299671114992,0.7378381780290812,0.2745697922015649,14.74811102361816,-119.1755185685914,0.08009648323059082,-0.006907438859343529,-0.020264463746011784,0.013477243022017462,-0.9998113525031591,0
14.83,1,0.7307716127258659,0.2772125468678981,13.588821148567577,0.7463197856989084,0.2768000652660444,14.588632501070743,-119.26265680208765,0.07995577901601791,-0.006135003175586462,-0.020264463746011784,0.013477243022017462,-0.9998113525031591,0
14.94,1,0.7385760647433444,0.2791062503776131,13.66961129825282,0.754090006059747,0.27882966124057734,14.66942265075598,-119.3061974086994,0.08005022257566452,0.017121510580182076,-0.020264463746011784,0.013477243022017462,-0.9998113525031591,0
15.04,1,0.7462869457124653,0.2809846085674129,13.803790150342017,0.7617669373804186,0.2808422814995508,14.803601502845178,-119.25655148163365,0.08001336455345154,0.04979868605732918,-0.020264463746011784,0.013477243022017462,-0.9998113525031591,0
15.14,1,0.7534863749108627,0.2827722403755267,14.087045939351476,0.768934077892577,0.2827552648092258,15.086857291854633,-119.03984893841339,0.0800093486905098,0.07901008427143097,-0.020264463746011784,0.013477243022017462,-0.9998113525031591,0
15.24,1,0.7603558988539011,0.2845265048092769,14.655479829607744,0.7757719456077226,0.28462912927008466,15.6552911821109,-118.65148440231484,0.08000051230192184,0.09359275549650192,-0.0323836769921371,0.019923244039430927,-1.3997358935044282,0
15.34,1,0.7668423051318121,0.2862441087011866,14.944598175068352,0.7822273936803931,0.28645965370660004,15.94440952757151,-118.33399431280932,0.07999896258115768,0.08548202365636826,-0.0323836769921371,0.019923244039430927,-1.3997358935044282,0
15.43,1,0.7632560135977259,0.28895471491706287,15.273344603552907,0.7888304885216694,0.28838673676710497,16.67308049705734,-118.03485996573137,0.07999882102012634,0.11647918820381165,-0.0323836769921371,0.019923244039430927,-1.3997358935044282,0
15.54,1,0.7694234894766081,0.2906709796602581,15.745225451398051,0.7949541998633441,0.2902531458297626,17.14496134490248,-117.48843678203633,0.0799993947148323,0.1136910617351532,-0.0323836769921371,0.019923244039430927,-1.3997358935044282,0
15.64,1,0.7757329379721614,0.2924729037032163,16.283162628113363,0.8012177490088599,0.29220865667768486,17.68289852161779,-116.94975277838682,0.07999981194734573,0.07488957792520523,-0.0323836769921371,0.019923244039430927,-1.3997358935044282,0
15.74,1,0.782519014912146,0.29447927994695056,16.570305630913452,0.8079527901035725,0.29438020159302597,17.970041524417883,-116.65471821928584,0.08000000566244125,0.03460231423377991,-0.0323836769921371,0.019923244039430927,-1.3997358935044282,0
15.84,1,0.7899490620875006,0.29670791889155634,16.756174300968734,0.8153261799367928,0.2967896735145829,18.155910194473165,-116.48118312458554,0.08000005036592484,0.007777641527354717,-0.0323836769921371,0.019923244039430927,-1.3997358935044282,0
15.94,1,0.7948784093078926,0.2981930184107976,16.804540200629148,0.8202177788792983,0.2983947418579618,18.20427609413358,-116.39373511822737,0.08000003546476364,-0.041666142642498016,-0.0323836769921371,0.019923244039430927,-1.3997358935044282,0
16.04,1,0.8049233963176456,0.30119169396899986,16.494312687771718,0.8301865181318422,0.3016378972418829,17.89404858127614,-116.49453854699837,0.08000001311302185,-0.03503435477614403,-0.0323836769921371,0.019923244039430927,-1.3997358935044282,0
16.14,1,0.8122687251628431,0.30334534095048316,16.073754834466566,0.8374770467860811,0.30397033011479946,17.473490727970994,-116.70843816546493,0.08000000566244125,-0.08275877684354782,-0.0323836769921371,0.019923244039430927,-1.3997358935044282,0
16.23,1,0.81903152819728,0.30528039359638043,15.678850067391958,0.8441905631823027,0.3060700041901377,17.07858596089638,-116.96319374235024,0.07999999821186066,-0.04765339940786362,-0.0323836769921371,0.019923244039430927,-1.3997358935044282,0
16.34,1,0.8260915767668662,0.30723520802485554,15.323254770067006,0.8512007536839894,0.30819669513730225,16.722990663571434,-117.27769086055399,0.07062632590532303,-0.084073506295681,-0.010086336412735292,0.0030115958384025793,-0.9998113525030965,0
16.44,1,0.8515712761907238,0.29881720122464916,15.371180907430393,0.8576720702026487,0.31012165182247187,16.39658629559028,-117.69506355573235,0.07790518552064896,-0.022837383672595024,-0.010086336412735292,0.0030115958384025793,-0.9998113525030965,0
16.54,1,0.8602846538847361,0.3001501542753202,15.288622675369702,0.8650536738844223,0.3122805228643537,16.288434027872807,-117.80633599444239,0.07859379798173904,-0.009592331014573574,-0.010086336412735292,0.0030115958384025793,-0.9998113525030965,0
16.64,1,0.867477593898932,0.3021100114401328,15.258387579327293,0.8722113210203857,0.31436559207934933,16.258198931830393,-117.82786673362507,0.08019545674324036,0.041771262884140015,-0.010086336412735292,0.0030115958384025793,-0.9998113525030965,0
16.74,1,0.874988462847151,0.3041708613914103,15.434261831583944,0.8796850864518364,0.31655718628326895,16.434073184087044,-117.70525643916118,0.0802629217505455,0.030418304726481438,-0.010086336412735292,0.0030115958384025793,-0.9998113525030965,0
16.83,1,0.8801944798005044,0.30560892014036123,15.423496702736438,0.8848652179510625,0.3180858664770183,16.42330805523954,-117.5878879736818,0.08023075014352798,0.04419788718223572,-0.010086336412735292,0.0030115958384025793,-0.9998113525030965,0
16.94,1,0.8897893218869596,0.3082811456882051,15.629645724445538,0.894411971278548,0.320925106682902,16.629457076948633,-117.35871207735552,0.08009275794029236,0.06694085150957108,-0.010086336412735292,0.0030115958384025793,-0.9998113525030965,0
17.04,1,0.8967541039883977,0.3102458804364959,15.992649329413931,0.9013414101286874,0.3230110715852514,16.99246068191702,-117.12409827670125,0.08001948893070221,0.0789952203631401,-0.010086336412735292,0.0030115958384025793,-0.9998113525030965,0
17.14,1,0.9014804203403873,0.3116062006752106,16.127579495835178,0.9060432705278726,0.32445365475356963,17.127390848338273,-116.73509328436808,0.07996401935815811,-0.026482824236154556,-0.010086336412735292,0.0030115958384025793,-0.9998113525030965,0
17.24,1,0.9110772830651056,0.3143846114575336,16.102299347329037,0.9155901913476783,0.3273990992858563,17.102110699832135,-116.68864411372391,0.08056555688381195,0.0475214421749115,-0.010086336412735292,0.0030115958384025793,-0.9998113525030965,0
17.34,1,0.9184190063490959,0.31651419958550014,16.202489565505193,0.9228936374465756,0.32965646975920854,17.202300918008294,-116.55739471027555,0.0832119956612587,-0.03627370297908783,-0.010086336412735292,0.0030115958384025793,-0.9998113525030965,0
17.44,1,0.9258441765136415,0.31865735091064057,16.085791864698763,0.9302802810556794,0.33192885743894013,17.085603217201857,-116.6389544565883,0.08219445496797562,-0.0003947243094444275,-0.010086336412735292,0.0030115958384025793,-0.9998113525030965,0
17.54,1,0.9337719123169967,0.3209355195089762,15.987494911988318,0.9381670578574391,0.3343450111611744,16.987306264491416,-116.63444237351757,0.08223528414964676,-0.005722034722566605,-0.011329062343893935,0.001792498282386316,-1.1997736230037492,0
17.64,1,0.9417679069158978,0.3232200671048483,15.787942090323028,0.9461219717546637,0.336768733965293,16.787753442826126,-116.64351746655458,0.08238045871257782,-0.013897139579057693,-0.011329062343893935,0.001792498282386316,-1.1997736230037492,0
17.74,1,0.9494587111066163,0.3208589935330627,15.405989054879091,0.953896372155236,0.3391139708012896,16.605762677882844,-116.70374065054612,0.08235286176204681,-0.08203808963298798,-0.011329062343893935,0.001792498282386316,-1.1997736230037492,0
17.84,1,0.9562993597972252,0.32270021064034515,14.931790370392752,0.960696968875854,0.34109801696708236,16.131563993396504,-117.06924883333252,0.08260370045900345,-0.12758992612361908,-0.011329062343893935,0.001792498282386316,-1.1997736230037492,0
17.94,1,0.9623606529743371,0.324278707709598,14.191633251448946,0.9667238818996003,0.3428030821801299,15.391406874452693,-117.45557888939643,0.08169211447238922,-0.1412794291973114,-0.011329062343893935,0.001792498282386316,-1.1997736230037492,0
18.04,1,0.9683035973317705,0.3257356851620935,13.320700231990434,0.9726350164845442,0.3443841763744481,14.52047385499419,-118.11830187968258,0.08218072354793549,-0.12703388929367065,-0.011329062343893935,0.001792498282386316,-1.1997736230037492,0
18.14,1,0.9745676720832468,0.3272041688806481,12.872113550421137,0.9788669701372947,0.3459834982912971,14.071887173424887,-118.54308241917424,0.08169063925743103,-0.0870763510465622,0.0012087709167576343,0.003967356084314141,-0.7998490820024075,0
18.24,1,0.989833047962067,0.3363290239636755,12.6516050728648,0.9855151958787955,0.34761914650192144,13.515976258672895,-119.04149378973807,0.08173061907291412,-0.09028473496437073,0.0012087709167576343,0.003967356084314141,-0.7998490820024075,0
18.34,1,0.9981349977361564,0.33926910262135634,12.304622952675711,0.9921484267587908,0.3491857130972146,13.10447203467812,-119.37203826445892,0.08183876425027847,-0.10149966180324554,0.0012087709167576343,0.003967356084314141,-0.7998490820024075,0
18.44,1,1.0045989734470464,0.34063549908137497,11.558728404574465,0.998592698349915,0.35064221058665873,12.358577486576875,-119.9099270305803,0.08163654059171677,-0.12914812564849854,-6.610363585951044e-05,0.007945678539205126,-0.9998113525030603,0
18.54,1,1.010716240422644,0.3422418872798354,10.746324931027331,1.0047753011163452,0.3519608257567055,11.711298870472044,-120.33306938059084,0.08222240954637527,-0.1150071918964386,-6.610363585951044e-05,0.007945678539205126,-0.9998113525030603,0
18.64,1,1.017103062378934,0.34350365635113633,10.01525235858566,1.0111591151185546,0.3532555911477202,11.015063711088718,-120.93764919909924,0.08193499594926834,-0.11990872025489807,0.0012066715901101917,0.0038965705268257395,-0.7998490820024119,0
18.74,1,1.0234617261599313,0.3445981138776567,9.5394215680275,1.017497713495002,0.3544608350978071,10.539232920530559,-121.3517906912927,0.08110757917165756,-0.09665639698505402,0.0012066715901101917,0.0038965705268257395,-0.7998490820024119,0
18.84,1,1.0302310194863429,0.34523052131044707,9.171095738919702,1.0241592133836623,0.35566540478683084,9.970944820922108,-121.72058267730411,0.08085675537586212,-0.057638708502054214,0.0012066715901101917,0.0038965705268257395,-0.7998490820024119,0
18.93,1,1.0349239211720889,0.3459726738414717,8.841908483321122,1.0288412976839136,0.3564729957827706,9.641757565323532,-122.1199692919314,0.08094604313373566,-0.014921799302101135,0.0012066715901101917,0.0038965705268257395,-0.7998490820024119,0
19.04,1,1.0455504818024632,0.3476126604485139,8.662022995599022,1.0394439294011035,0.3582611645589048,9.461872077601432,-122.23163019617785,0.08137985318899155,0.003963977098464966,-6.151731391634907e-05,0.008017603889942979,-0.9998113525030193,0
19.14,1,1.0535804496860524,0.34924834268699445,8.398775470952394,1.0475187559363275,0.3596092299036184,9.37811300565194,-122.25527655069727,0.08101252466440201,-0.009972818195819855,-6.151731391634907e-05,0.008017603889942979,-0.9998113525030193,0
19.24,1,1.0616855262980152,0.3504945822102745,8.308928401597749,1.0556094754187926,0.3609513827431099,9.308739754100769,-122.33442576102614,0.08038486540317535,-0.024012725800275803,-6.151731391634907e-05,0.008017603889942979,-0.9998113525030193,0
19.33,1,1.0695568837053326,0.3516295713177569,8.146537598801803,1.0634598298777154,0.36222354726749767,9.146348951304827,-122.44614795239977,0.08059561252593994,-0.06190333887934685,-6.151731391634907e-05,0.008017603889942979,-0.9998113525030193,0
19.44,1,1.0742904127966855,0.3522899069680797,7.760103270047105,1.0681811160293173,0.36296637827416267,8.759914622550125,-122.65067489517558,0.08043258637189865,-0.07417050004005432,-6.151731391634907e-05,0.008017603889942979,-0.9998113525030193,0
19.53,1,1.0838129483477985,0.35354250869126186,7.14138965096307,1.0776803450084897,0.36438494910439356,8.141201003466092,-123.04335341897986,0.0801391676068306,-0.0641106516122818,-6.151731391634907e-05,0.008017603889942979,-0.9998113525030193,0
19.63,1,1.0906628596562435,0.35437155943078497,6.629440765501008,1.0845147472346264,0.3653333985092872,7.629252118004028,-123.30256927174231,0.08086047321557999,-0.03281814232468605,-6.151731391634907e-05,0.008017603889942979,-0.9998113525030193,0
19.74,1,1.0987129121795278,0.35530760287954755,6.44549643629224,1.0925472410292136,0.3664097657354364,7.445307788795261,-123.56001112487355,0.08016037195920944,-0.045517969876527786,-6.151731391634907e-05,0.008017603889942979,-0.9998113525030193,0
19.84,1,1.1058515400088322,0.35609013335290096,6.168650350914241,1.0996711275573212,0.3673167398043563,7.16846170341726,-123.73711373655514,0.07979203760623932,-0.0654125064611435,-6.151731391634907e-05,0.008017603889942979,-0.9998113525030193,0
19.93,1,1.1130624843881354,0.3568317158954317,5.600370976098181,1.1068680341305517,0.3681840340364244,6.600182328601202,-124.1086992720736,0.0799005851149559,-0.03326084837317467,-6.151731391634907e-05,0.008017603889942979,-0.9998113525030193,0
20.04,1,1.1207618732753095,0.35755973948323594,5.253637139582646,1.1145535474390063,0.36904629430218644,6.253448492085665,-124.43192768571589,0.07992637902498245,-0.01793714240193367,-0.021325256981840512,0.00240979364189453,-1.1997736230036806,0
20.13,1,1.1137605035785907,0.3522354528025844,4.880443974686023,1.1197194489774158,0.36960616609432195,6.001713329049007,-124.54134205987837,0.07998614758253098,-0.006634209305047989,-0.021325256981840512,0.00240979364189453,-1.1997736230036806,0
20.24,1,1.1138711894048843,0.34916093305377877,4.798638288916037,1.127687134733618,0.3704443962712497,5.9984119119197175,-124.60893256927558,0.08011287450790405,0.038367126137018204,-0.021325256981840512,0.00240979364189453,-1.1997736230036806,0
20.34,1,1.1240281201743836,0.3500176322981641,4.983257446005905,1.137823900789508,0.3715135782856377,6.183031069009586,-124.49025838974997,0.08003159612417221,0.04647073522210121,-0.021325256981840512,0.00240979364189453,-1.1997736230036806,0
20.44,1,1.1293211483099483,0.35048694505492645,5.11812958273034,1.14310594182351,0.3720936160625604,6.317903205734021,-124.35253337982432,0.0800209790468216,0.026484135538339615,-0.021325256981840512,0.00240979364189453,-1.1997736230036806,0
20.54,1,1.1394702771335028,0.3514084814088172,5.2492727151428165,1.153233550054051,0.37322745761115966,6.449046338146498,-124.2093991019278,0.08032850176095963,0.01792651042342186,-0.021325256981840512,0.00240979364189453,-1.1997736230036806,0
20.64,1,1.1475662314163109,0.35215386104205704,5.334976768669164,1.1613121223212415,0.3741421907256502,6.534750391672845,-124.1487726712997,0.08038400113582611,0.0057547427713871,-0.021325256981840512,0.00240979364189453,-1.1997736230036806,0
20.73,1,1.155561725635707,0.35289082974905944,5.2997527430518145,1.1692904326611846,0.3750464112778661,6.499526366055494,-124.12132171725678,0.08034048974514008,0.010278813540935516,-0.021325256981840512,0.00240979364189453,-1.1997736230036806,0
20.84,1,1.163555203141766,0.3536338003018402,5.286755891234196,1.1772666010604567,0.3759565901331619,6.486529514237877,-124.08099204688028,0.08051745593547821,0.023656480014324188,-0.021325256981840512,0.00240979364189453,-1.1997736230036806,0
20.94,1,1.1715584928556717,0.35439005903365695,5.421345644273436,1.1852523012822733,0.3768802597068927,6.621119267277115,-124.01742545849204,0.08076266944408417,0.014170024544000626,-0.021325256981840512,0.00240979364189453,-1.1997736230036806,0
21.04,1,1.1796744017696272,0.35516394056625505,5.550886856983932,1.1933502270197252,0.3778239062916023,6.750660479987611,-123.9603211660695,0.08107635378837585,0.019088253378868103,-0.021325256981840512,0.00240979364189453,-1.1997736230036806,0
21.14,1,1.1877461895489834,0.35594228791399174,5.569525371268331,1.201403947788086,0.37877109388335173,6.769298994272011,-123.8711727154879,0.08100426197052002,0.0026485025882720947,-0.021325256981840512,0.00240979364189453,-1.1997736230036806,0
21.24,1,1.1958336821019786,0.35672812770402634,5.502093740281611,1.209473213006793,0.37972610110873006,6.701867363285292,-123.84125165658772,0.0810878723859787,0.02183998003602028,-0.021325256981840377,-0.007590206358105533,-1.1997736230036848,0
21.33,1,1.2038372298795288,0.34787709834521474,5.72769664023625,1.2174584627772216,0.38068360392276634,6.927470263239931,-123.77404385263765,0.08052397519350052,0.029268581420183182,-0.021325256981840377,-0.007590206358105533,-1.1997736230036848,0
21.44,1,1.211610902496117,0.3483050111809849,5.821047721288165,1.2252139569741813,0.381632989731129,7.020821344291852,-123.69492309164724,0.07933097332715988,-0.057252317667007446,-0.021325256981840377,-0.007590206358105533,-1.1997736230036848,0
21.54,1,1.2190813833674177,0.34903881838482814,5.548559932528599,1.232667435263733,0.38252305649719937,6.748333555532285,-123.83934438276385,0.08268428593873978,0.0700298398733139,-0.021325256981840377,-0.007590206358105533,-1.1997736230036848,0
21.63,1,1.2241333639973497,0.349531999159092,5.594591304366843,1.2377079818780987,0.3831219098930485,6.794364927370528,-123.8015093534238,0.08200103789567947,0.08657132089138031,-0.021325256981840377,-0.007590206358105533,-1.1997736230036848,0
21.74,1,1.2336321626695281,0.3505081172598094,6.211923887831502,1.247184259673353,0.38429670430412494,7.411697510835188,-123.42500399446153,0.0810723528265953,0.05428111180663109,-0.021325256981840377,-0.007590206358105533,-1.1997736230036848,0
21.83,1,1.238293210744318,0.35102324888296554,6.36882653940335,1.2518334998210168,0.3849093182070279,7.568600162407037,-123.19435200683438,0.0813588798046112,0.009871479123830795,-0.021325256981840377,-0.007590206358105533,-1.1997736230036848,0
21.94,1,1.2461514948794208,0.3519102920389974,6.507705760625876,1.2596714878284456,0.38596070733768706,7.707479383629559,-123.07387239448043,0.08128288388252258,0.00748945027589798,-0.021325256981840377,-0.007590206358105533,-1.1997736230036848,0
22.04,1,1.2571149913825084,0.35316285102526906,6.591282015225601,1.270606354094241,0.38744255056032495,7.791055638229284,-123.04270540569686,0.079159215092659,-0.06751054972410202,-0.021325256981840377,-0.007590206358105533,-1.1997736230036848,0
22.14,1,1.2645264035150225,0.35401091021265435,6.450054601536672,1.277998384333171,0.3884456074530433,7.6498282245403555,-123.10306851350113,0.08167426288127899,-0.019685402512550354,-0.021325256981840377,-0.007590206358105533,-1.1997736230036848,0
22.24,1,1.2728737643905665,0.3549463600987408,6.407096711397442,1.2863243282960426,0.3895556332198896,7.606870334401124,-123.20123256294714,0.08261791616678238,0.0194803848862648,-0.021325256981840377,-0.007590206358105533,-1.1997736230036848,0
22.34,1,1.280801164966294,0.3558474812100768,6.467743419100687,1.2942311228205965,0.39062254441198907,7.667517042104374,-123.16911575527821,0.07896830141544342,-0.05113774165511131,-0.03132525698184018,0.002409793641894787,-1.199773623003698,0
22.44,1,1.2883127073225957,0.35667959866291327,6.093648969386071,1.301723595126912,0.39161175963878475,7.293422592389758,-123.36436715113848,0.0804741382598877,-0.02661975845694542,-0.03132525698184018,0.002409793641894787,-1.199773623003698,0
22.53,1,1.2861216407212286,0.36751158736967227,5.883925666937536,1.309513395973139,0.3926070730610651,7.083699289941235,-123.49427844445071,0.0779627338051796,-0.0623333565890789,-0.03132525698184018,0.002409793641894787,-1.199773623003698,0
22.64,1,1.2908545589990383,0.36798550524115675,5.631107338981706,1.3142353535203375,0.39317998709981355,6.830880961985404,-123.69505732562172,0.07960367947816849,-0.09042446315288544,-0.03132525698184018,0.002409793641894787,-1.199773623003698,0
22.74,1,1.3001567021135076,0.3688568703502987,4.93989593416334,1.3235172122387686,0.3942459338182682,6.139669557167038,-124.14066731466743,0.07941848039627075,-0.0911611020565033,-0.03132525698184018,0.002409793641894787,-1.199773623003698,0
22.83,1,1.306834106631875,0.3694152669671851,4.602740989629159,1.330181460873785,0.39494402264810313,5.802514612632857,-124.46222463428124,0.08058258891105652,-0.08003063499927521,-0.03132525698184018,0.002409793641894787,-1.199773623003698,0
22.94,1,1.3137906774787533,0.36994252962839497,3.9203858473867066,1.3371254665320094,0.39561682966359474,5.120159470390404,-124.9110593993289,0.07975465059280396,-0.08846940100193024,-0.03132525698184018,0.002409793641894787,-1.199773623003698,0
23.04,1,1.32060502651199,0.3703898459105281,3.535579665714927,1.343928955511257,0.3962067299198178,4.735353288718626,-125.41635311196407,0.08005651831626892,-0.17794032394886017,-0.03132525698184018,0.002409793641894787,-1.199773623003698,0
23.14,1,1.3263156228199586,0.3706952533526637,2.652856369841028,1.349631905099079,0.39663164155423336,3.8526299928447263,-125.89916220021072,0.07956794649362564,-0.14168687164783478,-0.03132525698184018,0.002409793641894787,-1.199773623003698,0
23.24,1,1.3323083106946556,0.3709285143770148,1.8823378735370069,1.3556183950452099,0.39699032915352644,3.0821114965407044,-126.61993492129469,0.07991554588079453,-0.12425635755062103,-0.02263265654686783,0.007660840928899567,-1.3997358935043758,0
23.34,1,1.3479895856941029,0.37155706907412417,1.1508926722346842,1.3618589040702798,0.39730672564016273,2.5398804780438344,-127.06680569639488,0.07932194322347641,-0.18559134006500244,-0.02263265654686783,0.007660840928899567,-1.3997358935043758,0
23.44,1,1.3542606785070264,0.37165703679352785,0.2458040806691106,1.3675909308209908,0.39752173859542794,1.645539974173486,-127.88508054650778,0.07987197488546371,-0.21375499665737152,-0.02263265654686783,0.007660840928899567,-1.3997358935043758,0
23.54,1,1.3595143083861292,0.3716336624717205,-0.6758849215760865,1.372843564007383,0.39762670466009065,0.7238509719282888,-128.52410655967188,0.07952456921339035,-0.24090693891048431,-0.02263265654686783,0.007660840928899567,-1.3997358935043758,0
23.63,1,1.3645599473114558,0.37153574222914604,-1.4381131139974659,1.3778900892797004,0.3976520663347278,-0.03837722049309047,-129.19848064670913,0.07993476837873459,-0.2549431025981903,-0.01135184941621223,0.0023253669906224818,-1.1997736230037204,0
23.74,1,1.379066295890683,0.37091893712310964,-2.1188365126201676,1.3828530284953664,0.39761355739207443,-0.9099172413404855,-130.24416802132714,0.07916475087404251,-0.2803448736667633,-0.01135184941621223,0.0023253669906224818,-1.1997736230037204,0
23.84,1,1.3828996143959589,0.37075873293615064,-2.61009766503396,1.3862313659021834,0.39754608496789323,-1.4103240420302396,-130.9561219262863,0.07970331609249115,-0.23703914880752563,-0.01135184941621223,0.0023253669906224818,-1.1997736230037204,0
23.94,1,1.3887674873043192,0.3704554582460227,-3.363444431544459,1.3921043024824509,0.39736574104507116,-2.163670808540739,-132.00811993473928,0.07986053079366684,-0.25452837347984314,-0.01135184941621223,0.0023253669906224818,-1.1997736230037204,0
24.04,1,1.3941508004833565,0.3700992417751851,-4.275237093718497,1.3974938940851331,0.39712232100894373,-3.0754634707147757,-133.05640343369416,0.07984471321105957,-0.25536489486694336,-0.010083260409316308,-0.0030744649477126964,-0.9998113525030677,0
24.14,1,1.399025694565543,0.3692274499506408,-5.056616571629712,1.4023973184254028,0.39681614745754434,-4.049846325412071,-133.7780076702575,0.07978764921426773,-0.26146990060806274,-0.010083260409316308,-0.0030744649477126964,-0.9998113525030677,0
24.24,1,1.4038432688104756,0.36874584859473386,-5.965234939589154,1.4072233274066264,0.3964354706594166,-4.965423587086087,-134.87913377615388,0.07995401322841644,-0.24761277437210083,-0.010083260409316308,-0.0030744649477126964,-0.9998113525030677,0
24.34,1,1.408736199297646,0.36820721613052565,-6.688539400692478,1.412124911617415,0.39598229750450686,-5.688728048189411,-135.60379271877548,0.0799781009554863,-0.26009297370910645,-0.010083260409316102,-0.0030744649477137042,-0.9998113525030357,0
24.44,1,1.413593017596547,0.3676233378690509,-7.132156048542329,1.4169911786370133,0.3954832553151799,-6.13234469603926,-136.3340025256763,0.07997496426105499,-0.22404024004936218,-0.010083260409316102,-0.0030744649477137042,-0.9998113525030357,0
24.54,1,1.4186976413808603,0.3669611702569836,-7.661177537873266,1.4221065794941232,0.39491025968087823,-6.661366185370233,-137.35382986155219,0.08000025898218155,-0.218405619263649,-0.010083260409316102,-0.0030744649477137042,-0.9998113525030357,0
24.64,1,1.4238907056953913,0.36623733970965267,-8.268545035515766,1.427311483380224,0.3942771537082645,-7.268733683012727,-138.32828002264523,0.08000020682811737,-0.2052682638168335,-0.010083260409316102,-0.0030744649477137042,-0.9998113525030357,0
24.74,1,1.4292122588387661,0.3654334507655876,-8.962939693341651,1.4326462534812048,0.3935662435438742,-7.963128340838614,-138.95100398984314,0.07965099066495895,-0.18980152904987335,-0.010083260409316102,-0.0030744649477137042,-0.9998113525030357,0
24.84,1,1.434616048487236,0.3645469518568885,-9.671222295864125,1.4380646890377127,0.39277417094618805,-8.67141094336109,-139.5661218784693,0.0791456401348114,-0.1976439356803894,-0.010083260409316102,-0.0030744649477137042,-0.9998113525030357,0
24.93,1,1.4399900264843928,0.363617731004218,-10.092258467667813,1.443454062941742,0.39193886272192,-9.092447115164779,-140.4994660123888,0.07851675897836685,-0.19269537925720215,-0.021267569023941398,-0.0075077440168767225,-1.199773623003711,0
25.04,1,1.4354641654612055,0.3531203370809253,-10.803309263540726,1.44886136950917,0.39105075255828264,-9.603535640537016,-141.41221584357382,0.07943231612443924,-0.18270878493785858,-0.021267569023941398,-0.0075077440168767225,-1.199773623003711,0
25.14,1,1.4409794708108168,0.3520292976301665,-11.577333820022217,1.4543983104140017,0.39007543435432784,-10.377560197018504,-142.00370445578764,0.07949315011501312,-0.18884700536727905,-0.021267569023941398,-0.0075077440168767225,-1.199773623003711,0
25.24,1,1.446393097856293,0.3508823681133933,-12.18168302320453,1.4598347655584734,0.38904210934925665,-10.981909400200818,-142.88202647365418,0.07966963201761246,-0.09079867601394653,-0.020109606746156687,-0.013128901504332368,-0.9998113525030456,0
25.34,1,1.4528234030534202,0.3494825874460493,-12.47053175572676,1.4662929702805538,0.3877772763118297,-11.27075813272305,-143.30706858504894,0.07963308691978455,-0.11122700572013855,-0.020109606746156687,-0.013128901504332368,-0.9998113525030456,0
25.44,1,1.4591172735525169,0.34758717410788836,-12.815988437108961,1.472707495795887,0.38647235661795293,-11.816177084605917,-143.9180021595032,0.07993590086698532,-0.10486579686403275,-0.020109606746156687,-0.013128901504332368,-0.9998113525030456,0
25.54,1,1.4654563627790356,0.3461366404482031,-13.02342359320661,1.4790709304404337,0.38513265529145047,-12.023612240703562,-144.32417602038618,0.07998507469892502,-0.13308219611644745,-0.020109606746156687,-0.013128901504332368,-0.9998113525030456,0
25.63,1,1.4715822689723843,0.3446871936847931,-13.615030635426853,1.4852211955429924,0.3837903208406083,-12.615219282923803,-144.76881381701702,0.07967403531074524,-0.14304758608341217,-0.020109606746156687,-0.013128901504332368,-0.9998113525030456,0
25.74,1,1.4774390730331837,0.3432339386605187,-14.091021205824742,1.4911024659338776,0.38243948311479825,-13.091209853321693,-145.49549848574574,0.0799383744597435,-0.14114606380462646,-0.020109606746156687,-0.013128901504332368,-0.9998113525030456,0
25.83,1,1.4833489040381513,0.34172968221193717,-14.494260162186402,1.4970376451254057,0.3810385770027308,-13.494448809683353,-145.99181053560645,0.07995610684156418,-0.0912419930100441,-0.020109606746156687,-0.013128901504332368,-0.9998113525030456,0
25.94,1,1.4898855327728304,0.34001617221667674,-14.951083113999289,1.5036031779074075,0.37943938626759316,-13.951271761496246,-146.57658249950273,0.0799151286482811,-0.09615515172481537,-0.020109606746156687,-0.013128901504332368,-0.9998113525030456,0
26.03,1,1.4960680433685853,0.3383614837425538,-15.116515443873519,1.5098136200805936,0.3778928290502463,-14.116704091370472,-146.95547885135863,0.07962291687726974,-0.1065402701497078,-0.02120484010358139,-0.00736530899403202,-1.1997736230037126,0
26.14,1,1.5030473915278744,0.33688769354231046,-15.822276174922502,1.5167156984787398,0.3761194170683589,-14.634323524225097,-147.51305906802037,0.07991190999746323,-0.06435324996709824,-0.02120484010358139,-0.00736530899403202,-1.1997736230037126,0
26.24,1,1.5099633854841106,0.334955733900791,-15.906755842327717,1.523664862982916,0.3743063140920976,-14.706982219324004,-147.99330379735883,0.07995001971721649,-0.11779531091451645,-0.02120484010358139,-0.00736530899403202,-1.1997736230037126,0
26.34,1,1.5159426857233296,0.3332108090616955,-16.540076104352206,1.5296793884134054,0.37268696919652633,-15.34030248134849,-148.38838652492115,0.08001074939966202,-0.08632064610719681,-0.02120484010358139,-0.00736530899403202,-1.1997736230037126,0
26.44,1,1.5224199380962506,0.33127935064859343,-16.743099315135503,1.536195662537256,0.370891557977087,-15.543325692131795,-148.92002139852957,0.08001217246055603,-0.05836714059114456,-0.021204840103581316,0.002634691005967084,-1.1997736230036793,0
26.54,1,1.5294840631640758,0.32913709375673683,-17.06445371668521,1.5433030944912514,0.3688976827091974,-15.864680093681502,-149.17431159703227,0.0802990198135376,-0.05497677996754646,-0.021204840103581316,0.002634691005967084,-1.1997736230036793,0
26.64,1,1.5365277501901473,0.33697424348024524,-17.168162271799652,1.5503905240781646,0.36688279063012025,-15.968388648795967,-149.49165399679117,0.08006828278303146,-0.00556010939180851,-0.021204840103581316,0.002634691005967084,-1.1997736230036793,0
26.74,1,1.544086942941335,0.3346291506184083,-17.287266132776498,1.5579971622547755,0.36469648982044894,-16.087492509772822,-149.5836587361087,0.08004402369260788,-0.06103969365358353,-0.021204840103581316,0.002634691005967084,-1.1997736230036793,0
26.84,1,1.5511555186811317,0.33239861833204404,-17.681646243290203,1.5651108922566805,0.3626144517012614,-16.481872620286524,-149.9435664993046,0.07999346405267715,-0.08205513656139374,-0.021204840103581316,0.002634691005967084,-1.1997736230036793,0
26.94,1,1.557736212999076,0.3302814048517905,-18.0257595508814,1.5717344750744349,0.360635492054492,-16.82598592787772,-150.2534912088992,0.07999134808778763,-0.09253183007240295,-0.021204840103581316,0.002634691005967084,-1.1997736230036793,0
27.04,1,1.5642270443783004,0.32814283108362624,-18.50318026710083,1.5782686619062036,0.3586332952102869,-17.303406644097155,-150.59776141967194,0.07999258488416672,-0.06110956147313118,-0.021204840103581316,0.002634691005967084,-1.1997736230036793,0
27.14,1,1.5710344254777031,0.3258637536247991,-18.630479669478742,1.5851222709920296,0.35649725354530815,-17.430706046475063,-151.03139420873023,0.07999704033136368,-0.07957524061203003,-0.021204840103581316,0.002634691005967084,-1.1997736230036793,0
27.24,1,1.5776973986258527,0.3235885994093624,-18.978067775281502,1.5918314216389915,0.35436211058209677,-17.77829415227782,-151.47149132882004,0.0799993947148323,-0.04835783317685127,-0.021204840103581316,0.002634691005967084,-1.1997736230036793,0
27.33,1,1.5846549735636546,0.3211908403701807,-19.130990565562385,1.5988376766463295,0.35211055818491427,-17.931216942558706,-151.71082538599688,0.08000031858682632,-0.0605180449783802,-0.021204840103581316,0.002634691005967084,-1.1997736230036793,0
27.44,1,1.5915416981210246,0.31878176983907414,-19.35213317848889,1.6057733336513638,0.3498462132771224,-18.15235955548521,-152.09379368902515,0.0800003930926323,-0.06862789392471313,-0.021204840103581316,0.002634691005967084,-1.1997736230036793,0
27.54,1,1.5982420090036822,0.31641429993544085,-19.745350116738972,1.6125217467963835,0.3476195566594562,-18.545576493735297,-152.38117902120175,0.08000022917985916,-0.08409783244132996,-0.021204840103581316,0.002634691005967084,-1.1997736230036793,0
27.64,1,1.6047922283581666,0.3140495866631786,-19.97842123198873,1.6191200435987219,0.34539251338189547,-18.778647608985057,-152.84885555917344,0.08000008016824722,-0.05342061445116997,-0.021204840103581316,0.002634691005967084,-1.1997736230036793,0
27.74,1,1.6117316297186797,0.31151398816371895,-20.234579015814788,1.6261110151603995,0.3430027712166043,-19.0348053928111,-153.13434514536056,0.08000000566244125,-0.07670754194259644,-0.022109692357283526,-0.0012119242833576844,-1.3997358935043422,0
27.83,1,1.6185091941793643,0.29948598642076996,-20.648643671414018,1.632784010521515,0.34068451586160364,-19.248907777909686,-153.39031284477005,0.07999998331069946,-0.07993625104427338,-0.022109692357283526,-0.0012119242833576844,-1.3997358935043422,0
27.94,1,1.6227654972014915,0.2978723208513367,-20.923461001116195,1.6370784614016534,0.33917530294613357,-19.523725107611853,-153.85581529670793,0.07999999076128006,-0.09127636253833771,-0.022109692357283526,-0.0012119242833576844,-1.3997358935043422,0
28.04,1,1.6313532598229807,0.29456458245014033,-21.241461774201603,1.6457444614666512,0.3360783297387499,-19.84172588069726,-154.36088359324592,0.07999999076128006,-0.07081234455108643,-0.022109692357283526,-0.0012119242833576844,-1.3997358935043422,0
28.14,1,1.6379165692423074,0.2919939874205317,-21.617067986734334,1.652368605800171,0.33366882746882615,-20.217332093229984,-154.64934929368917,0.07999999076128006,-0.08440860360860825,-0.022109692357283526,-0.0012119242833576844,-1.3997358935043422,0
28.23,1,1.642104093701021,0.2903322056184448,-21.705788419642506,1.6565954740028959,0.33210983258529886,-20.306052526138163,-154.9776224803707,0.07999999076128006,-0.09425723552703857,-0.022109692357283526,-0.0012119242833576844,-1.3997358935043422,0
28.33,1,1.650552522556771,0.28691250594391765,-22.347459608157422,1.6651249168208588,0.32889752792824456,-20.94772371465308,-155.51405070844132,0.07999999076128006,-0.13081064820289612,-0.022109692357283526,-0.0012119242833576844,-1.3997358935043422,0
28.45,1,1.6563471367191727,0.2845034062621604,-22.770975437230298,1.6709766503353658,0.3266306954591491,-21.371239543725952,-155.93800089029259,0.07999999076128006,-0.1438193917274475,-0.022109692357283526,-0.0012119242833576844,-1.3997358935043422,0
28.53,1,1.6619596056831596,0.2821118560626392,-23.38212657131655,1.6766458643119437,0.32437695787098153,-21.982390677812212,-156.6328475785059,0.07999999076128006,-0.13677287101745605,-0.022109692357283526,-0.0012119242833576844,-1.3997358935043422,0
28.64,1,1.6676094814159375,0.27963897591819964,-23.90137960377669,1.682354460588145,0.3220428283630198,-22.501643710272344,-157.34005930493876,0.07999999076128006,-0.12686589360237122,-0.012109692357283656,-0.0012119242833575402,-1.3997358935043451,0
28.74,1,1.6832978115329826,0.2770997105478876,-24.34939703838727,1.6881031214036692,0.3196432727855417,-22.94966114488292,-157.7961102408769,0.07998684793710709,-0.1470395177602768,-0.012109692357283656,-0.0012119242833575402,-1.3997358935043451,0
28.84,1,1.68888714194544,0.274534452455703,-24.977156573249584,1.6937534469949138,0.31721531392014335,-23.577420679745238,-158.523924331542,0.07999706268310547,-0.14401155710220337,-0.012109692357283656,-0.0012119242833575402,-1.3997358935043451,0
28.94,1,1.6943712883153488,0.2719436517701162,-25.53286878423924,1.6992992438737646,0.3147592506926292,-24.133132890734892,-159.0314736370025,0.07999802380800247,-0.1553037315607071,-0.012109692357283656,-0.0012119242833575402,-1.3997358935043451,0
29.04,1,1.6978486194816973,0.2702727989353595,-25.830376851540024,1.7028163522873905,0.3131738391868436,-24.430640958035678,-159.56483188061893,0.07981850206851959,-0.1676962822675705,-0.012109692357283656,-0.0012119242833575402,-1.3997358935043451,0
29.13,1,1.7049292553264443,0.26677147671371304,-26.894775886541858,1.7099804040809974,0.3098465244791205,-25.495039993037512,-160.37902816855606,0.07995974272489548,-0.15852966904640198,-0.012109692357283656,-0.0012119242833575402,-1.3997358935043451,0
29.23,1,1.7078569695675938,0.2652794766925213,-27.16879241492022,1.7129436906341768,0.30842648661173405,-25.769056521415866,-160.92525373416774,0.07997304946184158,-0.1276974380016327,-0.012109692357283656,-0.0012119242833575402,-1.3997358935043451,0
29.33,1,1.7155840413083783,0.2612476335595354,-27.93604926828331,1.720766944765594,0.30458460015694405,-26.536313374778963,-161.64424080689167,0.08000391721725464,-0.0931457132101059,-0.011403195047275645,-0.0076763701463032205,-1.199773623003681,0
29.43,1,1.7216298486206643,0.25747686114248647,-28.23404763418539,1.7271012013613574,0.301382160659861,-27.034274011181715,-162.02987151772618,0.08000512421131134,-0.09208635985851288,-0.011403195047275645,-0.0076763701463032205,-1.199773623003681,0
29.54,1,1.7272541722257964,0.25443032037816216,-28.61019299369011,1.7327880818262773,0.2984540525297457,-27.410419370686434,-162.57575443598896,0.08000446110963821,-0.10188476741313934,-0.011403195047275645,-0.0076763701463032205,-1.199773623003681,0
29.63,1,1.733339609700087,0.2510698354512562,-29.203824000954118,1.738942548578959,0.29522172408300656,-28.00405037795043,-162.94619883857874,0.08000177890062332,-0.10982471704483032,-0.011403195047275645,-0.0076763701463032205,-1.199773623003681,0
29.74,1,1.7388169924845625,0.24798655193341076,-29.626328482363398,1.7444832897746474,0.29225380453869837,-28.426554859359715,-163.54367413552694,0.0800003632903099,-0.0720510184764862,-0.011403195047275645,-0.0076763701463032205,-1.199773623003681,0
29.83,1,1.7449098871980722,0.2445053586723888,-29.941031884146874,1.7506477395794688,0.28890095036436636,-28.7412582611432,-163.86765973547267,0.07999981194734573,-0.09746626019477844,-0.011403195047275645,-0.0076763701463032205,-1.199773623003681,0
29.94,1,1.750691459006467,0.24115448740105455,-30.228389760323225,1.75649820598864,0.2856718709835147,-29.028616137319545,-164.39432182868424,0.07999975979328156,-0.10189308226108551,-0.011403195047275645,-0.0076763701463032205,-1.199773623003681,0
30.04,1,1.7564107610893382,0.23778116668625077,-30.798901916144672,1.7622868863809074,0.2824190432481074,-29.599128293140986,-164.98625243553104,0.07999985665082932,-0.12743698060512543,-0.022005753010467893,-0.001084495384500462,-1.3997358935043471,0
30.14,1,1.7524734962427369,0.23490474706695363,-31.466911033861923,1.7677651722764613,0.2792719700040888,-30.075756457319958,-165.42801452717725,0.07999994605779648,-0.1014866828918457,-0.022005753010467893,-0.001084495384500462,-1.3997358935043471,0
30.24,1,1.7575947214382994,0.23150985164492105,-31.928086690823868,1.7733877312291022,0.27599625659493565,-30.52835079731952,-166.02177629351368,0.07999999076128006,-0.08659274876117706,-0.022005753010467893,-0.001084495384500462,-1.3997358935043471,0
30.33,1,1.7634494949821753,0.22784602816409075,-32.1947264208661,1.7793302560271007,0.27247654428085033,-30.79499052736174,-166.36316242848412,0.08000000566244125,-0.07085636258125305,-0.022005753010467893,-0.001084495384500462,-1.3997358935043471,0
30.44,1,1.7694408675666236,0.2240566160020102,-32.504001003841864,1.7854124069311472,0.2688346175435025,-31.10426511033751,-166.66990852086116,0.08000000566244125,-0.094159796833992,-0.022005753010468126,-0.0010844953845009088,-1.399735893504326,0
30.54,1,1.775106773397522,0.22041091054512527,-32.92172689360858,1.7911656777945446,0.26532840426770843,-31.521991000104244,-167.1812695275472,0.08000000566244125,-0.10697795450687408,-0.022005753010468126,-0.0010844953845009088,-1.399735893504326,0
30.63,1,1.7805912817784366,0.21682659419340905,-33.40645087230052,1.796736105749859,0.2618791306798124,-32.00671497879621,-167.58227030877174,0.08000000566244125,-0.0777331292629242,-0.022005753010468126,-0.0010844953845009088,-1.399735893504326,0
30.74,1,1.7864539133382016,0.21293003515904677,-33.76395114036954,1.8026921713829593,0.2581269442121609,-32.36421524686522,-168.09506726598025,0.08000000566244125,-0.07882687449455261,-0.022005753010468126,-0.0010844953845009088,-1.399735893504326,0
30.84,1,1.7923081447521758,0.20899059934120007,-34.244076409340245,1.808640886752482,0.2543316885602054,-32.844340515835924,-168.59503725650288,0.08000000566244125,-0.09298445284366608,-0.022005753010468126,-0.0010844953845009088,-1.399735893504326,0
30.94,1,1.7978905029739087,0.2051689323782153,-34.56820944240914,1.8143149332491277,0.25064752541973234,-33.16847354890483,-168.95303543818332,0.08000000566244125,-0.105650395154953,-0.022005753010468126,-0.0010844953845009088,-1.399735893504326,0
31.04,1,1.8033152166194868,0.2014044390752247,-34.97232498059236,1.8198299855968016,0.24701666800485086,-33.572589087088026,-169.54209697585173,0.08000000566244125,-0.10519152879714966,-0.022005753010468126,-0.0010844953845009088,-1.399735893504326,0
31.14,1,1.8086787899236574,0.1976168621210642,-35.40149228308282,1.8252844797247043,0.24336124031693623,-34.00175638957849,-169.93201848647124,0.08000000566244125,-0.10665898025035858,-0.03159258237082083,-0.0078899282356934,-1.1997736230036615,0
31.23,1,1.812137278933988,0.19514843452528283,-35.67254837534611,1.8288022344180717,0.2409780317764422,-34.27281248184178,-170.33099838150267,0.08000000566244125,-0.10107417404651642,-0.03159258237082083,-0.0078899282356934,-1.1997736230036615,0
31.34,1,1.8090754637030317,0.1895362254834318,-36.160715926311006,1.8361307079011762,0.23592364339333705,-34.960942303307334,-170.90758804137667,0.08000000566244125,-0.12551940977573395,-0.03159258237082083,-0.0078899282356934,-1.1997736230036615,0
31.43,1,1.8141711526676272,0.18578908658720367,-36.550494502208565,1.8413037390729097,0.23228402192568406,-35.35072087920491,-171.3443927691355,0.08000000566244125,-0.07947538793087006,-0.03159258237082083,-0.0078899282356934,-1.1997736230036615,0
31.54,1,1.8197487426561043,0.1816269655144281,-36.94469511380465,1.8469672547112774,0.22823959952959794,-35.74492149080097,-171.8806860108743,0.08000000566244125,-0.08470401167869568,-0.03159258237082083,-0.0078899282356934,-1.1997736230036615,0
31.64,1,1.8247325932546008,0.17785947433267726,-37.174943937266775,1.852028898181375,0.22457728851408815,-35.97517031426312,-172.21021451785282,0.08000000566244125,-0.06313061714172363,-0.03159258237082083,-0.0078899282356934,-1.1997736230036615,0
31.74,1,1.8310718403074584,0.1730123317372422,-37.58281981026384,1.8584682472055731,0.2198639427085904,-36.38304618726018,-172.64264841745774,0.08000000566244125,-0.07646799087524414,-0.03159258237082083,-0.0078899282356934,-1.1997736230036615,0
31.83,1,1.8365902177837086,0.16873863855785726,-37.929890056274154,1.8640748994622742,0.21570673284687591,-36.73011643327049,-172.94760254710187,0.08000000566244125,-0.06941008567810059,-0.03159258237082083,-0.0078899282356934,-1.1997736230036615,0
31.94,1,1.8421940428924195,0.1643434262654251,-38.35921511683527,1.8697695250426973,0.2114298196558752,-37.1594414938316,-173.38717953266968,0.08000000566244125,-0.07467387616634369,-0.03159258237082083,-0.0078899282356934,-1.1997736230036615,0
32.04,1,1.8477519655748027,0.1599206579409598,-38.74642833529602,1.8754188352412982,0.20712439534749066,-37.54665471229236,-173.8308820022892,0.08000000566244125,-0.05144994333386421,-0.03144489578768347,-0.021359543796310887,-1.099792487753343,0
32.13,1,1.8534174955056548,0.14537597427561716,-38.86321834533205,1.8813164695982656,0.2025746241384407,-37.76040238119622,-174.08179645002346,0.08000000566244125,-0.07632680237293243,-0.03144489578768347,-0.021359543796310887,-1.099792487753343,0
32.24,1,1.858905562717139,0.1406006149235524,-39.34755180533404,1.8868935869074095,0.19821337157125662,-38.247759317580694,-174.55089382598166,0.08000000566244125,-0.09906813502311707,-0.03144489578768347,-0.021359543796310887,-1.099792487753343,0
32.34,1,1.8641473078420279,0.13625653316674394,-39.827451418727996,1.8922177459355596,0.1939706991932498,-38.72765893097467,-174.90577634899847,0.08000000566244125,-0.05435528978705406,-0.03144489578768347,-0.021359543796310887,-1.099792487753343,0
32.44,1,1.869753518856723,0.13155185110681333,-40.24929383776403,1.8979132250099857,0.18937448843447302,-39.14950135001068,-175.17936690077124,0.08000000566244125,-0.06691192090511322,-0.03144489578768347,-0.021359543796310887,-1.099792487753343,0
32.54,1,1.8752386734192037,0.12689075326275306,-40.552246597253685,1.9034868333853674,0.18481953032664356,-39.452454109500344,-175.57294925175532,0.08000000566244125,-0.06672722101211548,-0.03144489578768347,-0.021359543796310887,-1.099792487753343,0
32.63,1,1.880721959249332,0.12216972666786002,-40.965133440700704,1.9090597236343854,0.18020461863984247,-39.86534095294737,-175.8444771090774,0.08000000566244125,-0.08547163009643555,-0.03144489578768347,-0.021359543796310887,-1.099792487753343,0
32.74,1,1.8856019110155293,0.11791496258018186,-41.22723718422849,1.9140204416054418,0.17604430327993933,-40.12744469647514,-176.3334367370637,0.08000000566244125,-0.09174597263336182,-0.03144489578768347,-0.021359543796310887,-1.099792487753343,0
32.84,1,1.8907636556976306,0.11348206979476563,-41.899291022173905,1.9191918260628549,0.1716319354395104,-40.75675624237583,-176.8685544039652,0.08000000566244125,-0.10449960827827454,-0.03183779197619493,0.0033958033375258156,-1.799660434505625,0
32.94,1,1.896600806768076,0.11014049489101119,-42.88557182553407,1.9241745827919994,0.16730942775662988,-41.11732050279516,-177.2460861485396,0.08000000566244125,-0.07967878878116608,-0.03183779197619493,0.0033958033375258156,-1.799660434505625,0
33.04,1,1.901722044251769,0.10543171689460966,-43.47238572463963,1.9294016800043918,0.16270871250664745,-41.672725290134004,-177.7424362153793,0.08000000566244125,-0.08705370128154755,-0.03183779197619493,0.0033958033375258156,-1.799660434505625,0
33.13,1,1.9052221717987676,0.10210350457158149,-43.629170119408755,1.933004603061646,0.15949206276570285,-41.82950968490312,-178.0899698057138,0.08000000566244125,-0.0778011828660965,-0.033110549920980975,-0.00026435969678969434,-1.8996415697559486,0
33.23,1,1.9106476512820447,0.08874412324421417,-44.4746338594059,1.9397394214333459,0.15339306280568663,-42.57499228964995,-178.4140486456538,0.08000000566244125,-0.11318348348140717,-0.033110549920980975,-0.00026435969678969434,-1.8996415697559486,0
33.33,1,1.915322742468389,0.08410577814160966,-45.01306068309382,1.9445656994574134,0.1489122410812827,-43.113419113337876,-178.99476503090798,0.08000000566244125,-0.07638905942440033,-0.033110549920980975,-0.00026435969678969434,-1.8996415697559486,0
33.43,1,1.9202711781036572,0.07910541529240572,-45.56503455370967,1.9496771722061812,0.1440786616417062,-43.66539298395373,-179.334949444561,0.08000000566244125,-0.07656629383563995,-0.033110549920980975,-0.00026435969678969434,-1.8996415697559486,0
33.54,1,1.9252097199648184,0.0740495248011361,-45.77378097030373,1.9547805972999293,0.13918925710877428,-43.874139400547804,-179.82046664351634,0.08000000566244125,-0.06479261815547943,-0.033110549920980975,-0.00026435969678969434,-1.8996415697559486,0
33.64,1,1.9302075745198306,0.06886745458481391,-46.410229569135424,1.9599474852130294,0.1341757083483241,-44.51058799937948,179.89544847195336,0.08000000566244125,-0.09881030023097992,-0.033110549920980975,-0.00026435969678969434,-1.8996415697559486,0
33.74,1,1.9327841181911636,0.06614883301577815,-46.64276681843807,1.9626127322614024,0.13154399052586455,-44.743125248682134,179.37677755800274,0.08000000566244125,-0.08638910949230194,-0.033110549920980975,-0.00026435969678969434,-1.8996415697559486,0
33.84,1,1.939568386166803,0.05886749264654287,-47.43506007414175,1.969634640375033,0.12449154300874898,-45.535418504385824,178.84437795742815,0.08000000566244125,-0.10655482113361359,-0.03306049924838223,0.015055335875070694,-2.2995661107572665,0
33.94,1,1.9427242284279924,0.05674915589121398,-47.96911427197875,1.9726173161566114,0.1214360427575186,-45.79900198355559,178.4637041313782,0.08000000566244125,-0.07475970685482025,-0.03306049924838223,0.015055335875070694,-2.2995661107572665,0
34.04,1,1.9488517686071536,0.05047267638961085,-48.77556601683566,1.978895138546411,0.11491151431765508,-46.47599990607839,178.15624991527773,0.08000000566244125,-0.07356724143028259,-0.03306049924838223,0.015055335875070694,-2.2995661107572665,0
34.14,1,1.9537135671330683,0.0448975250522292,-49.006594148417285,1.9839767204924221,0.1095359285572687,-46.70702803766002,177.71262939011407,0.08000000566244125,-0.053733158856630325,-0.03306049924838223,0.015055335875070694,-2.2995661107572665,0
34.24,1,1.9585438544106175,0.03930071623396094,-49.568140009670714,1.9890276855557618,0.10413743839234102,-47.26857389891345,177.3590988770741,0.08013208955526352,-0.05111898109316826,-0.03306049924838223,0.015055335875070694,-2.2995661107572665,0
34.33,1,1.9633996173863724,0.033585574718831564,-49.86205332354892,1.9941088538095544,0.09862173301666,-47.56248721279165,177.13523207920002,0.08002952486276627,-0.04550568386912346,-0.03306049924838223,0.015055335875070694,-2.2995661107572665,0
34.44,1,1.9665278453038837,0.029849170859953998,-50.206978176434426,1.997384482874231,0.09501385581099196,-47.90741206567717,176.93501229473068,0.08010944724082947,-0.05209722742438316,-0.03306049924838223,0.015055335875070694,-2.2995661107572665,0
34.54,1,1.9730226254613654,0.022004907222852678,-50.628890074807536,2.0041887777844227,0.0874365071930712,-48.32932396405027,176.60638421453325,0.08081239461898804,-0.028619375079870224,-0.04146891065265968,0.013670590920023389,-2.1995849755069603,0
34.63,1,1.9703710244559625,0.017871757297011646,-50.745373279488966,2.0093760798904037,0.08158751624841708,-48.53612974049292,176.4572543029084,0.08004917204380035,-0.07726407051086426,-0.04146891065265968,0.013670590920023389,-2.1995849755069603,0
34.73,1,1.9739862936846093,0.012594490948476495,-51.36759581693272,2.0140115070845144,0.0762790142339052,-49.168010841425755,176.07291932919452,0.08008325845003128,-0.08346238732337952,-0.04146891065265968,0.013670590920023389,-2.1995849755069603,0
34.83,1,1.9781135984656861,0.00741435442328441,-51.695516246873865,2.0183345874415966,0.07126110277576465,-49.4959312713669,175.74576674780195,0.07995885610580444,-0.06456458568572998,-0.04146891065265968,0.013670590920023389,-2.1995849755069603,0
34.93,1,1.9811996403356538,0.003485735419733958,-51.95304359219703,2.0215691381389145,0.06745382244924127,-49.75345861669009,175.3251232275246,0.0799781009554863,-0.08013705909252167,-0.04146891065265968,0.013670590920023389,-2.1995849755069603,0
35.04,1,1.9869962592004644,-0.003987739937557232,-52.516418008624335,2.027648322273447,0.06020833113129991,-50.31683303311737,174.8574187354891,0.07998355478048325,-0.09527282416820526,-0.04146891065265968,0.013670590920023389,-2.1995849755069603,0
35.14,1,1.9910435279886298,-0.009305152039794535,-52.88012168955141,2.0318966943235974,0.055050173414422435,-50.68053671404445,174.5126177279742,0.0799955204129219,-0.08120490610599518,-0.04146891065265968,0.013670590920023389,-2.1995849755069603,0
35.23,1,1.995233815454563,-0.014889656995497188,-53.47277678715504,2.0362982308507527,0.04963060877807632,-51.273191811648076,174.17964510879477,0.08025504648685455,-0.06928691267967224,-0.04195648978582339,0.006257720957789783,-1.9996227050063327,0
35.34,1,1.9991059893606256,-0.020944859086060152,-53.567611107094265,2.0407687653850672,0.04403260575072047,-51.56798840208793,173.75639244148593,0.08045470714569092,-0.06012686714529991,-0.04195648978582339,0.006257720957789783,-1.9996227050063327,0
35.43,1,2.003460971488321,-0.02688678798070199,-54.00606193031551,2.0453284267999194,0.03824625317734289,-52.00643922530918,173.50750027452852,0.08012782782316208,-0.07079759240150452,-0.04195648978582339,0.006257720957789783,-1.9996227050063327,0
35.54,1,2.00764611100706,-0.03267866179587112,-54.25835623918793,2.0497131131710806,0.03260393800458752,-52.258733534181594,173.1033173037637,0.08074143528938293,-0.06033024564385414,-0.04195648978582339,0.006257720957789783,-1.9996227050063327,0
35.63,1,2.0118344035026503,-0.038555497816597506,-54.71026196085064,2.054103915178184,0.026876822379986592,-52.71063925584431,172.8603396743306,0.08112315833568573,-0.09374885261058807,-0.04195648978582339,0.006257720957789783,-1.9996227050063327,0
35.73,1,2.0157386117065146,-0.04410571177429419,-55.14376571193898,2.058199409088652,0.021466217394899716,-53.14414300693266,172.3913524343356,0.08152731508016586,-0.08711066842079163,-0.04195648978582339,0.006257720957789783,-1.9996227050063327,0
35.84,1,2.019645347356408,-0.04976245997925442,-55.5971275974207,2.062301146196585,0.015949231225814643,-53.597504892414364,171.92803270058246,0.08166736364364624,-0.07697658240795135,-0.04195648978582339,0.006257720957789783,-1.9996227050063327,0
35.94,1,2.0221870152847603,-0.053482210697776186,-55.702360662705466,2.064971059341713,0.012320431828847435,-53.70273795769913,171.63268121323787,0.08108202368021011,-0.07187299430370331,-0.04195648978582339,0.006257720957789783,-1.9996227050063327,0
36.04,1,2.027336839773517,-0.06111927246840462,-56.20063358441487,2.070384227232282,0.004867712986578895,-54.20101087940855,171.21269361459696,0.08103789389133453,-0.07176636159420013,-0.04195648978582339,0.006257720957789783,-1.9996227050063327,0
36.13,1,2.0313191421537735,-0.06711105730649984,-56.663623485581205,2.07457317545972,-0.000981469053815416,-54.66400078057488,170.9354842058021,0.08102351427078247,-0.059167008846998215,-0.04195648978582339,0.006257720957789881,-1.999622705006352,0
36.24,1,2.0352845933770234,-0.07317666861353618,-56.96683193110503,2.0787478588123034,-0.0069050205930260514,-54.96720922609869,170.57534221193936,0.08114811778068542,-0.05081762745976448,-0.04195648978582339,0.006257720957789881,-1.999622705006352,0
36.33,1,2.0381535554590084,-0.07759596700552591,-57.10217808171998,2.0817692760654984,-0.011221521431367013,-55.102555376713624,170.3492208883524,0.08093776553869247,-0.05349811539053917,-0.04195648978582339,0.006257720957789881,-1.999622705006352,0
36.43,1,2.043351843884156,-0.0856949393794754,-57.46453515809905,2.087246995788405,-0.019134178551595556,-55.4649124530927,170.13349638356286,0.0811471939086914,-0.05186566337943077,-0.04195648978582339,0.006257720957789881,-1.999622705006352,0
36.54,1,2.0471070735230463,-0.09162842179173976,-57.769836422051036,2.0912069752072475,-0.02493301689904026,-55.77021371704469,169.809772580806,0.08070667833089828,-0.06947995722293854,-0.04195648978582339,0.006257720957789881,-1.999622705006352,0
36.64,1,2.0510864865987246,-0.09798924221905554,-58.225933446595086,2.095405912617224,-0.031151110623207984,-56.22631074158873,169.5469734264338,0.08017636090517044,-0.07731331884860992,-0.04195648978582339,0.006257720957789881,-1.999622705006352,0
36.74,1,2.0536738547565005,-0.10219177152792967,-58.587544864470615,2.098138343715575,-0.0352608000115421,-56.58792215946427,169.10816099897926,0.08017892390489578,-0.0403989739716053,-0.04195648978582339,0.006257720957789881,-1.999622705006352,0
36.84,1,2.0587785936441803,-0.11058807329224693,-58.97206629778113,2.103532945556712,-0.04347386968155372,-56.97244359277476,168.8135759660043,0.08015777915716171,-0.021976206451654434,-0.04195648978582339,0.006257720957789881,-1.999622705006352,0
36.93,1,2.061672209768919,-0.11539647193398651,-58.96302532496852,2.1065925786819526,-0.048178373578263885,-56.96340261996217,168.67826901924633,0.0800246074795723,-0.015989281237125397,-0.04195648978582339,0.006257720957789881,-1.999622705006352,0
37.03,1,2.0670584826984566,-0.12440261451434534,-59.145041524400284,2.112289750712964,-0.056991133996876386,-57.14538401102475,168.58469737445486,0.08000380545854568,-0.017685335129499435,-0.04108078504009681,0.013861245637427343,-2.199584975507002,0
37.14,1,2.0715387502311344,-0.1310685817314534,-59.489858803814016,2.1166254349809805,-0.06373949844784475,-57.290273828307015,168.4493488878901,0.08022411912679672,-0.0005106590688228607,-0.04108078504009681,0.013861245637427343,-2.199584975507002,0
37.23,1,2.075606454925295,-0.13798166590416683,-59.61720987767292,2.1209554706848412,-0.07049136819341942,-57.4176249021659,168.41007627618418,0.08004523068666458,0.007410500198602676,-0.04108078504009681,0.013861245637427343,-2.199584975507002,0
37.34,1,2.0796744944071013,-0.14490790473084467,-59.648268099048366,2.1252863458128037,-0.07725637005119541,-57.44868312354136,168.40701535491675,0.08003171533346176,-0.007090207189321518,-0.04108078504009681,0.013861245637427343,-2.199584975507002,0
37.44,1,2.083745835868044,-0.15187155817480102,-59.74773760360116,2.1296219564813565,-0.0840586322271079,-57.54815262809417,168.29013694272808,0.0799943283200264,-0.05889922007918358,-0.04108078504009681,0.013861245637427343,-2.199584975507002,0
37.54,1,2.0874010562387237,-0.15819888320500533,-60.272301612823,2.1335173300121872,-0.09024100580457659,-58.072716637315985,168.05379894016082,0.07999367266893387,-0.1284116804599762,-0.04108078504009681,0.013861245637427343,-2.199584975507002,0
37.64,1,2.0905208743348545,-0.1637415444997148,-60.87566935160655,2.136847579913719,-0.09565984283609566,-58.676084376099546,167.4423735376117,0.07999462634325027,-0.15956047177314758,-0.04108078504009681,0.013861245637427343,-2.199584975507002,0
37.73,1,2.0923799280455806,-0.16711671479721568,-61.48528922431331,2.138834804826191,-0.09896117474666556,-59.28570424880632,166.94508293306615,0.07999792695045471,-0.1671537160873413,-0.04108078504009681,0.013861245637427343,-2.199584975507002,0
37.84,1,2.0960443737610954,-0.17404310954426835,-62.77965412963258,2.1427623895423022,-0.10574182256908796,-60.58006915412556,166.14765764711623,0.07999960333108902,-0.13238616287708282,-0.0321719566768163,-0.0038402676172125125,-1.9996227050063329,0
37.93,1,2.1084679312898387,-0.18986734578596376,-63.00081050347824,2.145827387040418,-0.11122063114903363,-61.00118779847191,165.67965257872564,0.08000024408102036,-0.06761756539344788,-0.0321719566768163,-0.0038402676172125125,-1.9996227050063329,0
38.03,1,2.1115351347735523,-0.1959443370451808,-63.57786680818766,2.149104766715019,-0.11718689819330988,-61.57824410318132,165.36017701421486,0.08000028878450394,-0.10641629993915558,-0.0321719566768163,-0.0038402676172125125,-1.9996227050063329,0
38.14,1,2.114655685692541,-0.2023123148849684,-64.03742688415417,2.152445614709556,-0.12344211317630017,-62.03780417914785,164.8248674455283,0.08054729551076889,-0.060663048177957535,-0.0321719566768163,-0.0038402676172125125,-1.9996227050063329,0
38.24,1,2.117786978925959,-0.20866431696897067,-64.76944929063951,2.155803072990228,-0.12986520914236238,-62.76982658563319,164.39891091518095,0.08008545637130737,-0.06659212708473206,-0.03217195667681614,0.006159732382787881,-1.9996227050063442,0
38.33,1,2.1197701430030675,-0.20613716885492928,-64.92515508622735,2.157932345912081,-0.1340153993947082,-62.925532381221025,164.1147888599089,0.08007383346557617,-0.0795917958021164,-0.03217195667681614,0.006159732382787881,-1.9996227050063442,0
38.44,1,2.1227508724229365,-0.20951979914283098,-65.6341299576649,2.1611362912282948,-0.14035665438589826,-63.63450725265853,163.79503780481946,0.07998304814100266,-0.10941904783248901,-0.03217195667681614,0.006159732382787881,-1.9996227050063442,0
38.53,1,2.126265660618493,-0.21740959415829594,-66.30986228501119,2.1649242370696764,-0.14811900375631687,-64.31023958000486,163.20548581839208,0.07998540997505188,-0.10104966163635254,-0.03217195667681614,0.006159732382787881,-1.9996227050063442,0
38.63,1,2.1290357618961884,-0.22385723557750253,-67.17917871887661,2.167917628521401,-0.15446606201791352,-65.17955601387027,162.81416824067009,0.0799875557422638,-0.11304864287376404,-0.03217195667681614,0.006159732382787881,-1.9996227050063442,0
38.73,1,2.1315414561976693,-0.22990687975527138,-67.65738077825172,2.170632886721554,-0.16042459132610595,-65.65775807324536,162.20560063851758,0.07999549061059952,-0.06680543720722198,-0.032171956676816126,0.00615973238278827,-1.9996227050063453,0
38.84,1,2.1332460851406467,-0.23409729652820402,-68.1841300676877,2.172482693501442,-0.1645529768993283,-66.18450736268136,161.90013899733475,0.08044879138469696,-0.08055199682712555,-0.032171956676816126,0.00615973238278827,-1.9996227050063453,0
38.94,1,2.136769882207789,-0.24303681827484502,-68.71681160889725,2.1763162707548296,-0.17336409943118453,-66.7171889038909,161.45034396945556,0.08039640635251999,-0.006007451564073563,-0.032171956676816126,0.00615973238278827,-1.9996227050063453,0
39.03,1,2.139503073250815,-0.2500729814511149,-68.8632498636008,2.1792933096881613,-0.18030060897923528,-66.86362715859443,161.33353393468204,0.08013410866260529,-0.02148173376917839,-0.032171956676816126,0.00615973238278827,-1.9996227050063453,0
39.14,1,2.1415409414039117,-0.2553505054417976,-68.95186163915264,2.181514085094899,-0.18550381209601513,-66.95223893414628,161.16162148431886,0.08003529161214828,-0.13475042581558228,-0.032171956676816126,0.00615973238278827,-1.9996227050063453,0
39.24,1,2.1447129793363384,-0.2637702136105803,-69.65385876679898,2.1849779796035613,-0.19380771148877496,-67.65423606179263,160.64181337053404,0.07998134940862656,-0.09625494480133057,-0.032171956676816126,0.00615973238278827,-1.9996227050063453,0
39.34,1,2.147015811049353,-0.2701224005378096,-70.53558129510533,2.1875010553456846,-0.2000756777822741,-68.53595859009899,160.27906276440274,0.07998064905405045,-0.07679596543312073,-0.032171956676816126,0.00615973238278827,-1.9996227050063453,0
39.44,1,2.149305656232341,-0.2766757097805542,-70.92272718335578,2.190018170209834,-0.20654509705712168,-68.92310447834942,159.74643027961292,0.07998824864625931,-0.1282259225845337,-0.030694483017387825,0.01393926871347665,-2.199584975506998,0
39.53,1,2.151844028718809,-0.2826585796884316,-71.96479183451983,2.1923139999876597,-0.21261223940875087,-69.76520685901286,159.31343772704,0.07999611645936966,-0.08138422667980194,-0.030694483017387825,0.01393926871347665,-2.199584975506998,0
39.64,1,2.1539469881315774,-0.2892123052570469,-72.34442563187567,2.1946669456569827,-0.219080423373179,-70.14484065636863,158.82125516765026,0.07999984174966812,-0.02143486961722374,-0.030694483017387825,0.01393926871347665,-2.199584975506998,0
39.74,1,2.156368356105133,-0.2968746995286802,-72.57117809191742,2.197380616619639,-0.22664423846503298,-70.37159311641042,158.68786256463065,0.08000088483095169,0.02603888139128685,-0.030694483017387825,0.01393926871347665,-2.199584975506998,0
39.84,1,2.1587528663543574,-0.30444819855277705,-72.4613505812733,2.2000540451645905,-0.23412063842836364,-70.26176560576627,158.78938692961216,0.08000072836875916,0.05249722674489021,-0.030694483017387825,0.01393926871347665,-2.199584975506998,0
39.93,1,2.160350317896401,-0.30944722354146476,-72.11940366800958,2.201842185128387,-0.23905466900554648,-69.91981869250259,158.8651322310033,0.08000034093856812,0.06966646760702133,-0.030694483017387825,0.01393926871347665,-2.199584975506998,0
40.03,1,2.1625833158296106,-0.3163463680259062,-71.88425579891445,2.204338330880231,-0.2458630264265747,-69.68467082340746,159.20155940027593,0.07961179316043854,0.08077631890773773,-0.030694483017387825,0.01393926871347665,-2.199584975506998,0
40.14,1,2.1652256040566824,-0.32429209147083665,-71.38533129611274,2.207283633656552,-0.25370148288776867,-69.18574632060576,159.61298455312115,0.08085710555315018,0.07594005763530731,-0.030694483017387825,0.01393926871347665,-2.199584975506998,0
40.24,1,2.16774509272307,-0.33167410065864134,-70.80623030491547,2.2100845916765848,-0.26098135355687424,-68.60664532940847,160.00812357230296,0.08072815090417862,0.06185251846909523,-0.030694483017387825,0.01393926871347665,-2.199584975506998,0
40.34,1,2.170137009926119,-0.33852242903838303,-70.70472829376735,2.212737589254559,-0.2677328329024903,-68.50514331826035,160.24492793268777,0.08001723885536194,0.04555575177073479,-0.03069448301738814,0.03393926871347658,-2.1995849755069927,0
40.44,1,2.171772227077308,-0.34314941420148576,-70.33075314636547,2.214549187900694,-0.2722936483094584,-68.13116817085847,160.4205033728774,0.08152389526367188,0.07267618924379349,-0.03069448301738814,0.03393926871347658,-2.1995849755069927,0
40.54,1,2.174236516190575,-0.33001911505420034,-70.13635411134547,2.2172753243525745,-0.2790637067054607,-67.93676913583849,160.75854256314042,0.08000624179840088,0.038565829396247864,-0.03069448301738814,0.03393926871347658,-2.1995849755069927,0
40.64,1,2.1776949886972834,-0.3394818333471609,-69.88858591892703,2.2210944331677167,-0.2883867146658615,-67.68900094342006,160.9552233500887,0.08013710379600525,-0.09013736248016357,-0.03069448301738814,0.03393926871347658,-2.1995849755069927,0
40.74,1,2.1802536660527045,-0.34652080452553463,-70.41614341959853,2.223921385007703,-0.2953222959935887,-68.21655844409153,160.77620443113827,0.08076375722885132,-0.020730171352624893,-0.03069448301738814,0.03393926871347658,-2.1995849755069927,0
40.84,1,2.1829345416286285,-0.3540458115382445,-70.36597968987948,2.226889099364655,-0.30273886500428737,-68.16639471437249,160.6179096076906,0.08124637603759766,0.010434988886117935,-0.03069448301738814,0.03393926871347658,-2.1995849755069927,0
40.93,1,2.1847088420135825,-0.3590352247198901,-70.42486272867703,2.228853588961512,-0.3076565032969102,-68.22527775317003,160.6448349145695,0.08146374672651291,0.018918905407190323,-0.03069448301738814,0.03393926871347658,-2.1995849755069927,0
41.04,1,2.1883881243458068,-0.3693408086264548,-70.30175856117211,2.2329256945716907,-0.317813281035692,-68.1021735856651,160.75668581630265,0.0799098014831543,0.03003523126244545,-0.028801640934129073,0.031849032970883054,-2.3995472460076517,0
41.13,1,2.1901446866642855,-0.3742224807080221,-70.11528932485,2.2348683240066487,-0.3226239384095949,-67.91570434934297,160.84109365177764,0.07999139279127121,-0.02333434671163559,-0.028801640934129073,0.031849032970883054,-2.3995472460076517,0
41.24,1,2.194194653719147,-0.3941757074993044,-70.52031827978644,2.238883785737507,-0.33257931309174016,-68.12077103377878,160.7538837522385,0.07778036594390869,-0.00803057849407196,-0.028801640934129073,0.031849032970883054,-2.3995472460076517,0
41.34,1,2.195872895424773,-0.3989411352794,-70.59324763655201,2.240760073675283,-0.33727029814014586,-68.19370039054436,160.738679994966,0.0790240466594696,0.023743096739053726,-0.028801640934129073,0.031849032970883054,-2.3995472460076517,0
41.44,1,2.1994275014743208,-0.40897816985351915,-70.4645689368365,2.2447317910482383,-0.3471497084625745,-68.06502169082883,160.83409744631703,0.079208604991436,-0.0003412477672100067,-0.028801640934129073,0.031849032970883054,-2.3995472460076517,0
41.54,1,2.2021045116622378,-0.4165119787708473,-70.46494100557875,2.2477218776223173,-0.35456483102585945,-68.06539375957111,160.84947922255017,0.08075520396232605,0.029424522072076797,-0.028801640934129073,0.031849032970883054,-2.3995472460076517,0
41.64,1,2.2047692087431296,-0.4239797391761294,-70.27814580040707,2.2506968965828253,-0.3619144785132042,-67.87859855439942,160.992600248964,0.08148381859064102,0.01325879618525505,-0.028801640934129073,0.031849032970883054,-2.3995472460076517,0
41.74,1,2.20752471574928,-0.4316703308743593,-70.2470379020267,2.253771975289689,-0.3694829598982919,-67.84749065601905,161.04761074832496,0.08229296654462814,-0.01301635056734085,-0.028801640934129073,0.031849032970883054,-2.3995472460076517,0
41.84,1,2.2102791245586766,-0.43938141192790764,-70.39849804877647,2.2568468146061234,-0.37707195865186827,-67.99895080276882,160.9886909127157,0.08223641663789749,-0.02210291102528572,-0.028801640934129073,0.031849032970883054,-2.3995472460076517,0
41.94,1,2.2129466003056657,-0.4469062350882066,-70.61745448467501,2.2598269988859383,-0.38447850252285765,-68.21790723866735,160.90137485207768,0.0820891484618187,-0.04819357022643089,-0.028801640934129073,0.031849032970883054,-2.3995472460076517,0
42.04,1,2.2154512515075506,-0.4540641416778876,-70.99740743567185,2.262629139417155,-0.39152526864874915,-68.5978601896642,160.6240557264591,0.08132781088352203,-0.07655550539493561,-0.028801640934129073,0.031849032970883054,-2.3995472460076517,0
42.14,1,2.2169420586461683,-0.4584382267717633,-71.32458487138281,2.264301772496746,-0.39583310162068286,-68.92503762537514,160.3643179194098,0.08101211488246918,-0.032417502254247665,-0.028801640934129073,0.031849032970883054,-2.3995472460076517,0
42.24,1,2.220218092116991,-0.4682214888701379,-71.63878222429524,2.267984536669529,-0.40547062519446,-69.23923497828758,160.14995973116834,0.07946312427520752,-0.01616276428103447,-0.023186930632713182,0.00581511460700529,-1.9996227050063176,0
42.33,1,2.23181670091648,-0.4860661238292458,-71.41511217392195,2.2707936330228837,-0.4128980591482131,-69.41548946891565,160.07986860016013,0.07972972095012665,-0.012539256364107132,-0.023186930632713182,0.00581511460700529,-1.9996227050063176,0
42.43,1,2.234202436254606,-0.4931672528332479,-71.49822382864683,2.2734256946792493,-0.4199116187061092,-69.49860112364051,160.0225475401074,0.07893529534339905,-0.05367286875844002,-0.023186930632713182,0.00581511460700529,-1.9996227050063176,0
42.54,1,2.2365108733412367,-0.5001491707105659,-72.03350689920131,2.275976345530572,-0.4268087368914958,-70.03388419419502,159.75487492740655,0.0786079615354538,-0.10610070824623108,-0.023186930632713182,0.00581511460700529,-1.9996227050063176,0
42.64,1,2.2385550473561033,-0.5065160759298556,-72.42084567123344,2.2782414346465134,-0.4331004378357014,-70.4212229662271,159.22194276564971,0.0801805928349495,-0.11335459351539612,-0.023186930632713182,0.00581511460700529,-1.9996227050063176,0
42.74,1,2.2404456365082552,-0.5126598017680254,-73.29089262924529,2.2803452450448707,-0.4391744543260142,-71.29126992423897,158.8249026117521,0.07979996502399445,-0.14853495359420776,-0.023186930632713182,0.00581511460700529,-1.9996227050063176,0
42.84,1,2.2421227440514815,-0.5184222190579606,-74.1718958051076,2.282222398865455,-0.4448748434591135,-72.17227310010126,158.09691454337946,0.07890284061431885,-0.1799943745136261,-0.023186930632713182,0.00581511460700529,-1.9996227050063176,0
42.94,1,2.243544747585996,-0.52358224103508,-75.20640749667128,2.2838235846923243,-0.4499821054265832,-73.20678479166496,157.5419889331909,0.07901518046855927,-0.17897483706474304,-0.02318693063271342,-0.014184885392993559,-1.9996227050063498,0
43.04,1,2.2450124929410613,-0.5493288138295682,-76.32405715388718,2.2854909509537826,-0.45567396496980944,-74.32443444888084,156.71141103654136,0.07770143449306488,-0.12613901495933533,-0.02318693063271342,-0.014184885392993559,-1.9996227050063498,0
43.14,1,2.2464449771482786,-0.555357635854942,-76.97554194932496,2.287132926038041,-0.4616491322344335,-74.9759192443186,156.22649375810494,0.07814312726259232,-0.1276463270187378,-0.020791496734386555,-0.006147035283800357,-2.1995849755070167,0
43.24,1,2.2482942549276212,-0.5613715103106136,-77.91127914768587,2.288723709001679,-0.46772657602272016,-75.71169417217884,155.57787357094597,0.07995008677244186,-0.0322297029197216,-0.020791496734386555,-0.006147035283800357,-2.1995849755070167,0
43.33,1,2.2498765643543956,-0.5688721865929458,-78.15427034868259,2.2905927328117976,-0.47516099582601407,-75.95468537317556,155.36220137539684,0.08000034838914871,-0.03151935711503029,-0.020791496734386555,-0.006147035283800357,-2.1995849755070167,0
43.44,1,2.2514711724485474,-0.5765878975944608,-78.53651542558102,2.2924822993828498,-0.48280981987984073,-76.336930450074,155.1550289097041,0.08095253258943558,-0.013080652803182602,-0.020791496734386555,-0.006147035283800357,-2.1995849755070167,0
43.54,1,2.2530951751604458,-0.5845257921409166,-78.50600845362739,2.2944097664448257,-0.4906795355903289,-76.30642347812038,155.08937533259018,0.08086003363132477,0.028559181839227676,-0.020791496734386555,-0.006147035283800357,-2.1995849755070167,0
43.64,1,2.2546966331890537,-0.5923169368696617,-78.18961586258425,2.2963090730927784,-0.49840347488700176,-75.99003088707722,155.20936782874787,0.08124557137489319,0.030210237950086594,-0.020791496734386555,-0.006147035283800357,-2.1995849755070167,0
43.73,1,2.256313715630012,-0.6000444891982166,-77.98462616939551,2.298221551928305,-0.5060632689648522,-75.78504119388852,155.3259998640695,0.08066295087337494,0.048667263239622116,-0.020791496734386555,-0.006147035283800357,-2.1995849755070167,0
43.83,1,2.2579163380742053,-0.6074546393450745,-77.64082266531032,2.30010739934434,-0.5134064497076261,-75.44123768980332,155.48509048043795,0.08104635030031204,0.06162167340517044,-0.020791496734386555,-0.006147035283800357,-2.1995849755070167,0
43.93,1,2.2589486902685327,-0.612098140438506,-77.23880678225888,2.301317211118695,-0.5180069071771028,-75.03922180675187,155.81257000396536,0.081647589802742,0.07760953903198242,-0.020791496734386555,-0.006147035283800357,-2.1995849755070167,0
44.04,1,2.2602617182557085,-0.62042082443385,-76.64605733707154,2.3038378862221816,-0.5272033645751967,-74.40863543885887,156.20798468844407,0.08224654197692871,0.04895327612757683,-0.025505971335512738,0.019965707591914423,-2.599509516508314,0
44.14,1,2.2536854757171887,-0.6181818752348583,-76.64359005656469,2.305788887476007,-0.5341194587149923,-74.04408054005637,156.39543169589146,0.08083909749984741,0.054276105016469955,-0.025505971335512738,0.019965707591914423,-2.599509516508314,0
44.24,1,2.2555009652444005,-0.6257281226139255,-76.25942081052803,2.3079447645851254,-0.5415756001849401,-73.65991129401971,156.6920396932203,0.08124332129955292,0.050479691475629807,-0.025505971335512738,0.019965707591914423,-2.599509516508314,0
44.33,1,2.2573065343796435,-0.6330170105812748,-75.89774076419046,2.3100790591197065,-0.5487750970105779,-73.29823124768214,156.88299863346953,0.08110024780035019,0.0374116376042366,-0.025505971335512738,0.019965707591914423,-2.599509516508314,0
44.44,1,2.2591871786078643,-0.6404475378925969,-75.66123096933337,2.3122947754644643,-0.5561126824388383,-73.06172145282505,157.12149639987234,0.08135104179382324,0.021957937628030777,-0.025505971335512738,0.019965707591914423,-2.599509516508314,0
44.53,1,2.26119839675585,-0.6483014583881838,-75.55533540430254,2.3146601341221933,-0.5638673032554928,-72.95582588779422,157.21076550111894,0.08136048167943954,0.017169665545225143,-0.025505971335512738,0.019965707591914423,-2.599509516508314,0
44.63,1,2.2632330288577203,-0.6561671855876832,-75.53309223918944,2.317049418126268,-0.5716326566997847,-72.9335827226811,157.27615949947037,0.08110526949167252,0.01208508014678955,-0.025505971335512738,0.019965707591914423,-2.599509516508314,0
44.73,1,2.2652885639032996,-0.6640656588624712,-75.36573478490256,2.3194610687438364,-0.5794297744810504,-72.76622526839425,157.34724603369372,0.08120445907115936,0.013371046632528305,-0.025505971335512738,0.019965707591914423,-2.599509516508314,0
44.84,1,2.2673678021009245,-0.6720030857247,-75.22594124503632,2.3218981648399164,-0.587264730721781,-72.626431728528,157.41879893674098,0.08154665678739548,0.01623549312353134,-0.025505971335512724,0.019965707591914645,-2.5995095165083186,0
44.94,1,2.2693435662586476,-0.6795054599778165,-75.20863716015886,2.3242121618093337,-0.5946697750475295,-72.60912764365054,157.4770478150902,0.08175778388977051,-0.0036738552153110504,-0.025505971335512724,0.019965707591914645,-2.5995095165083186,0
45.04,1,2.2715410653986186,-0.6878422110010599,-75.28271200576687,2.3267855082745523,-0.602898280869589,-72.68320248925855,157.4810774779844,0.08115067332983017,0.0057440996170043945,-0.025505971335512724,0.019965707591914645,-2.5995095165083186,0
45.14,1,2.27350936839355,-0.6953023677656133,-75.26482338275994,2.329090137008627,-0.6102614895471729,-72.66531386625164,157.50416103321984,0.08136393129825592,0.007225450128316879,-0.025505971335512724,0.019965707591914645,-2.5995095165083186,0
45.23,1,2.27570497911415,-0.7036100100847831,-75.11138421109071,2.3316602767888703,-0.6184610022674315,-72.5118746945824,157.53018414149284,0.08092975616455078,0.014208462089300156,-0.025505971335512724,0.019965707591914645,-2.5995095165083186,0
45.33,1,2.277794017881064,-0.7114812273043395,-75.08353009727706,2.334104160468016,-0.6262293724986908,-72.48402058076874,157.5948532300025,0.0802186131477356,-0.020498473197221756,-0.025505971335512724,0.019965707591914645,-2.5995095165083186,0
45.43,1,2.279846468651178,-0.7192729691973203,-75.41709098506792,2.3365078892423012,-0.6339200086147901,-72.81758146855958,157.5385477295526,0.08001277595758438,-0.05027705803513527,-0.025505971335512724,0.019965707591914645,-2.5995095165083186,0
45.53,1,2.281550632974231,-0.7258359076591001,-75.5623957637057,2.338507958283822,-0.6403989021254309,-72.96288624719736,157.31140004235655,0.07992439717054367,-0.02768922969698906,-0.025505971335512724,0.019965707591914645,-2.5995095165083186,0
45.63,1,2.2835834531228447,-0.733784420600232,-75.66765690416817,2.34089918689987,-0.6482470383014759,-73.06814738765983,157.19878483639187,0.0805961862206459,-0.0007434934377670288,-0.025505971335512724,0.019965707591914645,-2.5995095165083186,0
45.74,1,2.2855611397976947,-0.7415395382458572,-75.6122366869352,2.3432265674421813,-0.6559044787415079,-73.0127271704269,157.17513664464175,0.08108824491500854,0.05774175748229027,-0.025505971335512724,0.019965707591914645,-2.5995095165083186,0
45.84,1,2.2874133136411565,-0.748715903895612,-75.4157822425291,2.3454023153404866,-0.6629894553094581,-72.81627272602078,157.46361671500776,0.08183629810810089,0.09597373008728027,-0.025505971335512724,0.019965707591914645,-2.5995095165083186,0
45.94,1,2.288985287184882,-0.7546372604669244,-74.92743897619708,2.3472412310474944,-0.6688334225825799,-72.32792945968879,157.76458381688082,0.08088812232017517,0.1089860051870346,-0.025505971335512724,0.019965707591914645,-2.5995095165083186,0
46.03,1,2.2903599640604284,-0.7596939300637582,-74.54993597882903,2.3488438357224837,-0.6738225409595486,-71.95042646232072,158.129698826834,0.0813133493065834,0.09270763397216797,-0.025505971335512724,0.019965707591914645,-2.5995095165083186,0
46.14,1,2.2927516748308294,-0.767989488097675,-73.92282686418335,2.3515610266551503,-0.6820155389942554,-71.30287018175419,158.634284694457,0.08063994348049164,0.08428622782230377,-0.022276259275399217,0.02817552183225587,-2.799471787008963,0
46.24,1,2.295059403824365,-0.7744837232760803,-73.86006145751868,2.3537724545151884,-0.6885213661154246,-71.06058967050969,159.08811053455716,0.08096811175346375,0.05920106917619705,-0.022276259275399217,0.02817552183225587,-2.799471787008963,0
46.33,1,2.2971019351725412,-0.7814453759428636,-73.54722772648374,2.3561525593081365,-0.6953749522814986,-70.74775593947477,159.32482961271864,0.08164803683757782,0.07049758732318878,-0.022276259275399217,0.02817552183225587,-2.799471787008963,0
46.44,1,2.299140787226339,-0.7882854721846594,-73.20203554713602,2.3585230523135414,-0.7021073067883284,-70.40256376012707,159.70953559541667,0.08129020780324936,0.08020496368408203,-0.022276259275399217,0.02817552183225587,-2.799471787008963,0
46.54,1,2.301165837447516,-0.7948948727337763,-72.82926826000224,2.36086849265038,-0.7086099150068271,-70.02979647299327,159.99830003179608,0.08137273788452148,0.09146422147750854,-0.022276259275399217,0.02817552183225587,-2.799471787008963,0
46.64,1,2.3031917414949787,-0.8013944368933456,-72.43517374918787,2.363209421323573,-0.7150027762145265,-69.63570196217889,160.48881912776002,0.08107920736074448,0.08447758853435516,-0.022276259275399217,0.02817552183225587,-2.799471787008963,0
46.74,1,2.305261185035957,-0.8078895745297703,-72.21308202143712,2.3655936213358335,-0.7213890896884275,-69.41361023442812,160.84923328695484,0.08109685778617859,0.0903070867061615,-0.022276259275399217,0.02817552183225587,-2.799471787008963,0
46.83,1,2.307392684975195,-0.8144713101483966,-71.8562163068673,2.3680440331815795,-0.7278588669280776,-69.05674451985833,161.1234525524005,0.08092868328094482,0.09751708805561066,-0.022276259275399217,0.02817552183225587,-2.799471787008963,0
46.94,1,2.309497891067234,-0.8208015832415511,-71.5312501268138,2.3704559009885267,-0.7340787659470075,-68.73177833980483,161.62217830138044,0.08099154382944107,0.09961056709289551,-0.022276259275399217,0.02817552183225587,-2.799471787008963,0
47.04,1,2.311634652174292,-0.8287773560924768,-71.18557461735116,2.37289949148873,-0.740301323002168,-68.38610283034218,162.1601923067302,0.08109065145254135,0.10028840601444244,-0.022276259275400067,0.018175521832254526,-2.7994717870089345,0
47.14,1,2.313047933734274,-0.839291596890926,-70.96860371409804,2.3745127948703764,-0.744357305947632,-68.16913192708905,162.5182041520784,0.08093885332345963,0.10361950099468231,-0.022276259275400067,0.018175521832254526,-2.7994717870089345,0
47.24,1,2.315967236685732,-0.8496805728422739,-70.67683608273396,2.377839586467311,-0.7526192586542192,-67.87736429572504,163.0601933109914,0.08116910606622696,0.11257889866828918,-0.022276259275400067,0.018175521832254526,-2.7994717870089345,0
47.34,1,2.3181443490651334,-0.8558251056207088,-70.33811992506273,2.38031420308646,-0.7586501270797478,-67.53864813805379,163.43745272575987,0.08077359199523926,0.12505309283733368,-0.022276259275400067,0.018175521832254526,-2.7994717870089345,0
47.43,1,2.320293832312061,-0.8617774804412627,-69.99820634173724,2.382751838443476,-0.7644904162934263,-67.19873455472833,163.8528084179563,0.08050990849733353,0.10878977179527283,-0.022276259275400067,0.018175521832254526,-2.7994717870089345,0
47.53,1,2.321788531728086,-0.8658612413063872,-69.7322893343492,2.3844442072414362,-0.7684963015887737,-66.93281754734028,164.40978439044036,0.08008169382810593,0.1401442587375641,-0.022276259275400067,0.018175521832254526,-2.7994717870089345,0
47.63,1,2.3247420817249362,-0.8737636768201339,-69.24099376676841,2.387780191824874,-0.7762450531973802,-66.4415219797595,164.85330948999294,0.08038153499364853,0.1531093716621399,-0.022276259275400067,0.018175521832254526,-2.7994717870089345,0
47.74,1,2.32698013641262,-0.879623841041925,-68.90607135831354,2.390301789302953,-0.7819889159786427,-66.1065995713046,165.52101349892934,0.08025569468736649,0.15134570002555847,-0.022276259275400067,0.018175521832254526,-2.7994717870089345,0
47.84,1,2.3292014938987315,-0.8853160796753157,-68.47219721594192,2.392798507926037,-0.7875658690766804,-65.67272542893299,166.23049363004714,0.0803891122341156,0.15758460760116577,-0.012276259275400915,0.018175521832254574,-2.79947178700892,0
47.93,1,2.341395060841145,-0.8908132539422955,-68.04969956121411,2.3952579421177704,-0.7929493479062977,-65.25022777420516,166.74969670896033,0.08044034987688065,0.1613188534975052,-0.012276259275400915,0.018175521832254574,-2.79947178700892,0
48.03,1,2.3437270709808184,-0.8965376585213798,-67.57526673859562,2.3978667523430297,-0.7985530242250336,-64.77579495158669,167.209519030438,0.08043222874403,0.17560946941375732,-0.012276259275400915,0.018175521832254574,-2.79947178700892,0
48.13,1,2.3458945192148724,-0.901729659381441,-67.05105089297386,2.400285194156169,-0.8036329694978332,-64.25157910596495,167.95284950522068,0.08050302416086197,0.1732497215270996,-0.012276259275400915,0.018175521832254574,-2.79947178700892,0
48.23,1,2.348303108791139,-0.9073659133745299,-66.62583603395395,2.402966187103038,-0.8091448602478708,-63.82636424694503,168.52084743375522,0.08056327700614929,0.1687101274728775,-0.015957890594892006,0.019734385322070128,-2.5995095165083035,0
48.33,1,2.350176827606123,-0.9028711794008278,-65.9450074779983,2.405544121799228,-0.8143414583643865,-63.34549796148998,169.26857614776293,0.080330491065979,0.1684160977602005,-0.015957890594892006,0.019734385322070128,-2.5995095165083035,0
48.43,1,2.3527114410873096,-0.9084542454417238,-65.27889040180396,2.40832934387051,-0.8198038232304184,-62.679380885295664,169.78384592496823,0.08031979948282242,0.1565064787864685,-0.015957890594892006,0.019734385322070128,-2.5995095165083035,0
48.53,1,2.3550158429116417,-0.913405354751395,-64.82781545153635,2.410855929141016,-0.8246453227951361,-62.22830593502804,170.64537870858868,0.08036261051893234,0.13089552521705627,-0.015957890594892006,0.019734385322070128,-2.5995095165083035,0
48.63,1,2.3578310058397016,-0.9193460904329417,-64.3547157929274,2.413937633866997,-0.8304522650827253,-61.75520627641908,171.1268792074753,0.08033766597509384,0.12595809996128082,-0.015957890594892006,0.019734385322070128,-2.5995095165083035,0
48.74,1,2.360395797323139,-0.9246368048886899,-63.90083127326141,2.416739743444729,-0.8356212104993607,-61.301321756753104,171.82512865138818,0.08032850176095963,0.12813305854797363,-0.015957890594892006,0.019734385322070128,-2.5995095165083035,0
48.83,1,2.3633235023062755,-0.9305597922840307,-63.47924968735181,2.419933069451778,-0.8414053184829964,-60.87974017084351,172.29937668347196,0.08074942231178284,0.12921378016471863,-0.01595789059489152,0.019734385322070887,-2.5995095165083155,0
48.93,1,2.3652078649062043,-0.9343143180958668,-63.18199548099097,2.421985777365711,-0.8450705165267353,-60.582485964482665,172.92155223858626,0.08075858652591705,0.13735175132751465,-0.01595789059489152,0.019734385322070887,-2.5995095165083155,0
49.04,1,2.3688836816425645,-0.9414924715152404,-62.54435989196525,2.4259833726352267,-0.8520745687290336,-59.94485037545693,173.6349651203966,0.0807756707072258,0.13631190359592438,-0.01595789059489152,0.019734385322070887,-2.5995095165083155,0
49.14,1,2.3717924205579046,-0.9470384741191847,-62.026947919494845,2.4291406541586165,-0.8574829400497394,-59.427438402986546,174.090634793159,0.08072598278522491,0.13667656481266022,-0.01595789059489152,0.019734385322070887,-2.5995095165083155,0
49.24,1,2.374745734437618,-0.9525265917392588,-61.40436060456216,2.4323398394360543,-0.8628314642802631,-58.80485108805385,174.80938864688528,0.08069892972707748,0.13079260289669037,-0.019783591782183554,0.021147191029107303,-2.3995472460076237,0
49.34,1,2.3772748911434456,-0.948132381836721,-60.7497216697937,2.4355382116769757,-0.868070204765721,-58.35017442378607,175.30442783630224,0.08036725968122482,0.1622307300567627,-0.019783591782183554,0.021147191029107303,-2.3995472460076237,0
49.44,1,2.3803447359749166,-0.9535425982493876,-60.07249183909642,2.4388318783834873,-0.8733471497671036,-57.67294459308877,176.01543640969956,0.08039166778326035,0.1540485918521881,-0.019783591782183554,0.021147191029107303,-2.3995472460076237,0
49.53,1,2.3833549098792792,-0.9586910268156961,-59.36340905113545,2.442054966014329,-0.8783650347559011,-56.96386180512781,176.53921622978433,0.08045533299446106,0.1343507468700409,-0.015908276893417273,0.02978035079036141,-2.599509516508276,0
49.64,1,2.386867825024621,-0.9636128377565509,-59.00933031606528,2.4453583327784303,-0.8833943894495474,-56.40982079955699,177.3185001853929,0.0804542824625969,0.12691569328308105,-0.015908276893417273,0.02978035079036141,-2.599509516508276,0
49.73,1,2.390166388658566,-0.969050131235143,-58.37543294349029,2.4489001074333405,-0.8886764832307448,-55.77592342698201,177.769456503059,0.08044639229774475,0.12639273703098297,-0.015908276893417273,0.02978035079036141,-2.599509516508276,0
49.84,1,2.3934033786337445,-0.9742466167412648,-57.79309708835358,2.45236945008149,-0.8937208094795583,-55.1935875718453,178.51412477361504,0.08044876158237457,0.12955079972743988,-0.015908276893417273,0.019780350790361778,-2.59950951650829,0
49.93,1,2.3967232752864427,-0.9894748276563197,-57.275727018302554,2.4559230529807548,-0.8987930683048974,-54.676217501794255,179.01630751744736,0.08097472041845322,0.13755430281162262,-0.015908276893417273,0.019780350790361778,-2.59950951650829,0
50.04,1,2.400107420936741,-0.9946722754682173,-56.551766614903,2.4595394435195024,-0.9038316817065276,-53.9522570983947,179.49321864829636,0.08099348843097687,0.14433653652668,-0.015908276893417273,0.019780350790361778,-2.59950951650829,0
50.13,1,2.4022233563267323,-0.9978478252356087,-56.17385086819143,2.4617972267932138,-0.9069079966430624,-53.57434135168314,-179.71873778699563,0.08091072738170624,0.15470272302627563,-0.005908276893418435,0.02978035079036078,-2.5995095165082893,0
50.24,1,2.41679335172176,-0.9945787867805546,-55.34662980184899,2.4666677984386576,-0.9134247621810199,-52.74712028534069,-179.21778442215347,0.08133668452501297,0.16991153359413147,-0.005908276893418435,0.02978035079036078,-2.5995095165082893,0
50.34,1,2.420198158541447,-0.9994409776818142,-54.51946044081325,2.470289623497358,-0.9181275265897322,-51.91995092430495,-178.45386883083185,0.08139775693416595,0.16771522164344788,-0.005908276893418435,0.02978035079036078,-2.5995095165082893,0
50.44,1,2.4235079904244583,-1.0040319778222777,-53.9324705242657,2.4738042716484627,-0.9225636868390316,-51.33296100775741,-177.58767794238392,0.0813448578119278,0.13386349380016327,-0.019915533843149667,0.021000758022665374,-2.399547246007669,0
50.54,1,2.416806738069439,-1.0093420326257507,-53.21460681115679,2.4777238019678784,-0.927419245992802,-50.81505956514912,-177.1086904327802,0.08124975860118866,0.12285538762807846,-0.019915533843149667,0.021000758022665374,-2.399547246007669,0
50.63,1,2.4206292764534183,-1.0143929725904723,-52.52574696878416,2.481754460136217,-0.9323057159818863,-50.1261997227765,-176.67236448509917,0.0811980590224266,0.11031963676214218,-0.019915533843149667,0.021000758022665374,-2.399547246007669,0
50.74,1,2.4245501425256264,-1.0194705129222241,-52.08049178530895,2.4858844734729755,-0.9372146462538453,-49.68094453930126,-175.9897963108601,0.08118096739053726,0.10018126666545868,-0.009915533843150671,0.011000758022664495,-2.399547246007641,0
50.84,1,2.4386502339319702,-1.0346746354487626,-51.36588995290779,2.490198854704878,-0.9422425439653559,-48.96634270690014,-175.58335868821806,0.08113846182823181,0.10228297114372253,-0.009915533843150671,0.011000758022664495,-2.399547246007641,0
50.94,1,2.441330516134925,-1.0380106576336174,-51.078524016348176,2.4930164585033467,-0.9454634235874736,-48.67897677034054,-174.95103386590023,0.08156722038984299,0.10852213948965073,-0.009915533843150671,0.011000758022664495,-2.399547246007641,0
51.04,1,2.4469452147300452,-1.0448856191867388,-50.33024436001395,2.498914073142372,-0.9520972820605264,-47.93069711400632,-174.30844922884398,0.0810043066740036,0.1344415545463562,-0.009915533843150671,0.011000758022664495,-2.399547246007641,0
51.13,1,2.450920098563033,-1.0496158606980077,-49.66317990872125,2.503083516251847,-0.9566569564345938,-47.26363266271361,-173.82832779192432,0.0815047025680542,0.13750919699668884,-0.009915533843150671,0.011000758022664495,-2.399547246007641,0
51.23,1,2.4548776222420834,-1.0542314517662574,-49.08514443994767,2.5072308142723734,-0.9611028077263598,-46.68559719394004,-173.33222377610468,0.08153008669614792,0.13551825284957886,-0.009915533843150671,0.011000758022664495,-2.399547246007641,0
51.34,1,2.4589774149306423,-1.058909149538202,-48.40441029520593,2.511522856823865,-0.9656047547796909,-46.00486304919828,-172.60411284974887,0.08101563155651093,0.1454094648361206,-0.005783649970937957,0.01993978264797062,-2.599509516508298,0
51.44,1,2.463342014356718,-1.0630478765146911,-47.95191523662585,2.5157031254256546,-0.9698874165921046,-45.35240572011756,-171.8115234033719,0.07980243116617203,0.1792871057987213,-0.005783649970937957,0.01993978264797062,-2.599509516508298,0
51.53,1,2.4671658124203253,-1.0672414965759796,-47.292829340334286,2.5197131879150905,-0.9739032950365429,-44.69331982382599,-171.17113927972255,0.08049006760120392,0.18278470635414124,-0.005783649970937957,0.01993978264797062,-2.599509516508298,0
51.64,1,2.4710268001174196,-1.0713721377962024,-46.53239015497777,2.5237575453984817,-0.977854572732916,-43.93288063846946,-170.37270270128573,0.08073663711547852,0.18793652951717377,-0.015783649970937688,0.019939782647970975,-2.599509516508311,0
51.74,1,2.4648484807473325,-1.075350898105457,-45.74567567593314,2.5277557477901955,-0.9816559085600225,-43.14616615942482,-169.78008887885133,0.08066360652446747,0.18461419641971588,-0.015783649970937688,0.019939782647970975,-2.599509516508311,0
51.83,1,2.468468917025697,-1.0790288629374327,-45.136677677975705,2.5315392705098936,-0.9851658857651444,-42.53716816146739,-169.16605541887674,0.08059172332286835,0.1849486231803894,-0.015783649970937688,0.019939782647970975,-2.599509516508311,0
51.94,1,2.472459165034718,-1.0830036178019204,-44.5426946671731,2.5357056851531277,-0.9889555749907812,-41.94318515066479,-168.27647638314707,0.08028268814086914,0.18602818250656128,-0.015783649970937688,0.019939782647970975,-2.599509516508311,0
52.04,1,2.476536034553035,-1.0869730563713593,-43.884684425369706,2.5399583910509285,-0.9927360247223269,-41.2851749088614,-167.4177717560113,0.08028300851583481,0.18158935010433197,-0.015783649970937688,0.019939782647970975,-2.599509516508311,0
52.14,1,2.4806059834639123,-1.0908377141102128,-43.13385883660579,2.5441994311873697,-0.9964121153274034,-40.534349320097476,-166.85418469344043,0.08039158582687378,0.1741950511932373,-0.009997190296715608,0.010854695993703525,-2.3995472460076845,0
52.24,1,2.494339222393855,-1.0949677177069164,-42.382770320315636,2.5484388186663534,-1.0000018330408111,-39.98322307430794,-166.00739261556026,0.0806383490562439,0.16349376738071442,-0.009997190296715608,0.010854695993703525,-2.3995472460076845,0
52.34,1,2.497412587584731,-1.0977512927019302,-41.86088808094707,2.5516260310566476,-1.002654292376693,-39.461340834939385,-165.47720567790446,0.08050177991390228,0.1627478003501892,-0.009997190296715608,0.010854695993703525,-2.3995472460076845,0
52.44,1,2.5031536973293735,-1.1028187377225476,-40.96408499461597,2.5575742693370973,-1.0074769266667885,-38.56453774860831,-164.6604105362345,0.0804152563214302,0.1582174450159073,-0.009997190296716528,0.010854695993702894,-2.399547246007668,0
52.53,1,2.5076208497076324,-1.106661106008954,-40.43630528471194,2.5621983760897153,-1.0111288961572644,-38.03675803870428,-164.11407957263697,0.08186852931976318,0.12524715065956116,-0.009997190296716528,0.010854695993702894,-2.399547246007668,0
52.63,1,2.5124572635709526,-1.1107521904527988,-39.95950741532933,2.5672018337325535,-1.0150139035704238,-37.55996016932166,-163.64682473485283,0.08152024447917938,0.12091211974620819,-0.009997190296716528,0.010854695993702894,-2.399547246007668,0
52.74,1,2.5173621225172345,-1.1148224355643386,-39.402747138582136,2.5722728039469,-1.0188752242818064,-37.003199892574465,-163.0004291576817,0.08155795931816101,0.11618867516517639,-0.009997190296716528,0.010854695993702894,-2.399547246007668,0
52.84,1,2.52234504739331,-1.1188864439562156,-38.95502421106288,2.5774215105223117,-1.022727045296621,-36.5554769650552,-162.3571898863002,0.08153597265481949,0.11301374435424805,-0.009997190296716528,0.010854695993702894,-2.399547246007668,0
52.94,1,2.527401690680445,-1.1229363678334119,-38.42676375122896,2.5826432811825426,-1.0265617077219673,-36.0272165052213,-161.95031511661935,0.08145563304424286,0.11131308972835541,-0.009997190296716528,0.010854695993702894,-2.399547246007668,0
53.04,1,2.5324904569236537,-1.126949178763037,-38.08527231604412,2.5878955927962557,-1.030357944825653,-35.68572507003646,-161.33714143835113,0.08103607594966888,0.10872308909893036,-0.005696675027884597,0.010114033223730974,-2.599509516508295,0
53.13,1,2.5379468692226346,-1.1405846228916554,-37.819694885267104,2.5932153174308343,-1.0341490196462015,-35.220185368758806,-160.9319048891247,0.08110326528549194,0.11082421243190765,-0.005696675027884597,0.010114033223730974,-2.599509516508295,0
53.24,1,2.5412407961393417,-1.1431248268059349,-37.483129494930736,2.5966210642755265,-1.0365372153853727,-34.88361997842244,-160.52792868434662,0.08116112649440765,0.11348633468151093,-0.005696675027884597,0.010114033223730974,-2.599509516508295,0
53.34,1,2.5482144761476095,-1.1484174552367812,-36.85441467021592,2.6038276122542667,-1.0415081101534034,-34.25490515370762,-159.91321063106886,0.08093875646591187,0.1274362951517105,-0.005696675027884597,0.010114033223730974,-2.599509516508295,0
53.43,1,2.5516347871395566,-1.1509670334371642,-36.492176478260376,2.6073600382851514,-1.0438999384536438,-33.89266696175207,-159.4930450119178,0.0810173973441124,0.12945298850536346,-0.005696675027884597,0.010114033223730974,-2.599509516508295,0
53.54,1,2.558312410310448,-1.1559848277966926,-35.80244661925747,2.614316578264558,-1.0485192669825096,-33.24786200586025,-158.81114684914883,0.08086641132831573,0.12864167988300323,-0.010039627470500625,0.0007734324446608073,-2.3995472460076477,0
53.64,1,2.5632276521250463,-1.1599372623877076,-35.098085217367306,2.6196072936019523,-1.0519560050889782,-32.69853797135966,-158.12383718004682,0.08155692368745804,0.14669854938983917,-0.010039627470500625,0.0007734324446608073,-2.3995472460076477,0
53.74,1,2.56822613021436,-1.163410047122753,-34.50555023970356,2.6247467865435885,-1.0552164696767612,-32.106002993695895,-157.6393718152712,0.08214913308620453,0.1524202823638916,-0.010039627470500625,0.0007734324446608073,-2.3995472460076477,0
53.84,1,2.5731669884964052,-1.1667739942824162,-33.92655960607448,2.6298241534159184,-1.0583706045343773,-31.527012360066845,-156.88512807766833,0.0825653001666069,0.1559615284204483,-0.010039627470500625,0.0007734324446608073,-2.3995472460076477,0
53.93,1,2.5781514934233085,-1.1700904165033938,-33.27921134705846,2.6349431388993634,-1.0614754287378378,-30.879664101050796,-156.3828501199291,0.08286379277706146,0.15293560922145844,-0.010039627470500625,0.0007734324446608073,-2.3995472460076477,0
54.04,1,2.5832886666761885,-1.1734263617616083,-32.691727591533486,2.640215476229049,-1.0645933669793552,-30.292180345525836,-155.6259553341324,0.08181808888912201,0.13418324291706085,-0.010039627470500625,0.0007734324446608073,-2.3995472460076477,0
54.14,1,2.5867153548285056,-1.1756152228276755,-32.3882057918716,2.6437308024342023,-1.0666368410142126,-29.98865854586395,-155.14041083262978,0.08245591819286346,0.13278745114803314,-0.010039627470501127,0.0007734324446594909,-2.399547246007625,0
54.23,1,2.5938711629060998,-1.180085508647105,-31.602847334591658,2.651067496867603,-1.0708036094673021,-29.203300088584037,-154.67699487042836,0.08260872960090637,0.12910623848438263,-0.010039627470501127,0.0007734324446594909,-2.399547246007625,0
54.34,1,2.5992549073686133,-1.1833691765995786,-31.125056891977334,2.656584000470044,-1.073858992857975,-28.725509645969712,-153.99157147135213,0.08268647640943527,0.12725801765918732,-0.010039627470501127,0.0007734324446594909,-2.399547246007625,0
54.43,1,2.604730550676725,-1.1866396471816338,-30.5493865083536,2.6621917697932704,-1.0768973428515143,-28.14983926234598,-153.56716020226236,0.08274509012699127,0.1286659985780716,-0.010039627470501127,0.0007734324446594909,-2.399547246007625,0
54.54,1,2.6101928754417965,-1.1898310468916926,-29.99227796318412,2.667782921731493,-1.0798572489230291,-27.592730717176494,-152.90091676443296,0.08278795331716537,0.13135217130184174,-0.010039627470501127,0.0007734324446594909,-2.399547246007625,0
54.64,1,2.6156499500236494,-1.192952009929011,-29.49429670905389,2.67336587906445,-1.0827469998968307,-27.094749463046277,-152.2352837475365,0.08298521488904953,0.09841227531433105,-0.010039627470500743,-0.009226567555340948,-2.399547246007623,0
54.74,1,2.6215560321350675,-1.2062594927975285,-28.977707574807294,2.679405259386915,-1.0858043082151008,-26.57816032879966,-151.85432561196907,0.08284234255552292,0.091109499335289,-0.010039627470500743,-0.009226567555340948,-2.399547246007623,0
54.83,1,2.625385245148462,-1.2083707680404878,-28.770680077820312,2.683319509159124,-1.0877534116434098,-26.371132831812684,-151.48714740734854,0.08301351219415665,0.0735568106174469,-0.010039627470500743,-0.009226567555340948,-2.399547246007623,0
54.93,1,2.6337864957177723,-1.212926746654099,-28.160578132467194,2.6919041417968774,-1.0919536538662873,-25.761030886459576,-151.00949757088972,0.08276659995317459,0.08457371592521667,-0.010039627470500743,-0.009226567555340948,-2.399547246007623,0
55.03,1,2.639612557331566,-1.2160233765274957,-27.79579761999281,2.6978547438445113,-1.0948036443524511,-25.3962503739852,-150.678291666824,0.08308988064527512,0.08226868510246277,-0.010039627470500743,-0.009226567555340948,-2.399547246007623,0
55.14,1,2.6457745542424935,-1.2192406243832472,-27.32717922267426,2.704146036632669,-1.0977600822004858,-24.92763197666664,-150.1816131746269,0.08298477530479431,0.0881354808807373,-0.010039627470500743,-0.009226567555340948,-2.399547246007623,0
55.23,1,2.651939131192127,-1.2224095373517707,-27.019037753134082,2.7104378835238636,-1.10066811952277,-24.619490507126446,-149.84730248575454,0.0831121876835823,0.0827929675579071,-0.010039627470500743,-0.009226567555340948,-2.399547246007623,0
55.34,1,2.6581705210066815,-1.225556608038957,-26.597811622543784,2.7167955702084883,-1.1035515364109814,-24.19826437653616,-149.35514620747168,0.08295457065105438,0.08518964797258377,-0.010039627470501177,-0.009226567555340707,-2.399547246007622,0
55.44,1,2.66437095207656,-1.2286411667008985,-26.25045083034939,2.72311970805589,-1.1063737922601808,-23.85090358434177,-148.84317831804756,0.08270934224128723,0.09303489327430725,-0.010039627470501177,-0.009226567555340707,-2.399547246007622,0
55.54,1,2.6705289748401615,-1.2316463210912156,-25.8097416395533,2.7293981503033957,-1.1091184890032502,-23.410194393545687,-148.5031062888821,0.08255784213542938,0.1008041650056839,-0.010039627470501177,-0.009226567555340707,-2.399547246007622,0
55.64,1,2.6766325124962758,-1.2345747864398553,-25.384612868860764,2.735618944419798,-1.1117888451179152,-22.985065622853135,-148.14333441004885,0.08256256580352783,0.0989057868719101,-0.010039627470501177,-0.009226567555340707,-2.399547246007622,0
55.73,1,2.6827010936341518,-1.2374229827414662,-24.85140027792482,2.7418014519841156,-1.1143804661196521,-22.4518530319172,-147.59126436791706,0.08271722495555878,0.08177193999290466,-0.010039627470501177,-0.009226567555340707,-2.399547246007622,0
55.84,1,2.688996895477125,-1.2403299245234851,-24.60385540733444,2.7482134405591414,-1.1170212678698348,-22.20430816132682,-147.107481057844,0.08269520103931427,0.07170148938894272,-0.010039627470501177,-0.009226567555340707,-2.399547246007622,0
55.94,1,2.6954861921086066,-1.2432751824030375,-24.22488159841608,2.7548203584680167,-1.119692250927403,-21.825334352408458,-146.8137986301965,0.08268523216247559,0.06841860711574554,-0.010039627470501177,-0.009226567555340707,-2.399547246007622,0
56.04,1,2.7020210604241264,-1.2461965095383851,-23.885803936343173,2.761471806175276,-1.1223374162399105,-21.486256690335544,-146.39188069666076,0.08265308290719986,0.06707600504159927,-0.010039627470501177,-0.009226567555340707,-2.399547246007622,0
56.14,1,2.708560230750238,-1.2490661632754632,-23.57649287979038,2.7681253886715913,-1.1249307733478593,-21.176945633782758,-146.11790837293498,0.08253411948680878,0.06658054888248444,-0.00549161781002485,0.0007113730858922234,-2.5995095165082445,0
56.24,1,2.7154465492693514,-1.2515308892957546,-23.39332020598722,2.7749329496927637,-1.1275470355924848,-20.793810689478974,-145.837419587853,0.08235669881105423,0.06445522606372833,-0.00549161781002485,0.0007113730858922234,-2.5995095165082445,0
56.34,1,2.7220695135073543,-1.2543768228103749,-23.09804229656752,2.781678174333527,-1.1300896597120011,-20.49853278005927,-145.4347409577879,0.08230162411928177,0.06369654834270477,-0.00549161781002485,0.0007113730858922234,-2.5995095165082445,0
56.43,1,2.7288069149726315,-1.2572238364106803,-22.68174728320789,2.7885377674275387,-1.132628172569804,-20.08223776669965,-145.17588767689375,0.08227735012769699,0.06745634973049164,-0.00549161781002485,0.0007113730858922234,-2.5995095165082445,0
56.53,1,2.7354238386480234,-1.2599724653681332,-22.444588205812448,2.7952725445283346,-1.1350738662289332,-19.8450786893042,-144.76053544856725,0.08220600336790085,0.0626976490020752,-0.00549161781002485,0.0007113730858922234,-2.5995095165082445,0
56.63,1,2.742144271757861,-1.2627214035160106,-22.108072696444843,2.8021107385711868,-1.137515174148257,-19.508563179936598,-144.50252971407247,0.08225502073764801,0.06645357608795166,-0.00549161781002485,0.0007113730858922234,-2.5995095165082445,0
56.73,1,2.7488451319186127,-1.265423672251756,-21.750643017531214,2.808927263141455,-1.1399107484003042,-19.151133501022965,-144.10151439016667,0.08221711963415146,0.07540032267570496,-0.00549161781002485,0.0007113730858922234,-2.5995095165082445,0
56.83,1,2.7555019429253944,-1.2680548393189266,-21.39384914850948,2.815696559110074,-1.1422372919749253,-18.794339632001233,-143.8055126554191,0.08200075477361679,0.07675761729478836,-0.00549161781002485,0.0007113730858922234,-2.5995095165082445,0
56.94,1,2.7597900045192447,-1.2697279846241598,-21.208163647951697,2.8200560926711304,-1.1437142329267245,-18.60865413144346,-143.33105509547076,0.08181441575288773,0.08298549056053162,-0.00549161781002485,0.0007113730858922234,-2.5995095165082445,0
57.04,1,2.768591448899841,-1.2730924750014943,-20.714448903917074,2.829001074561356,-1.1466760765531583,-18.11493938740883,-143.01756083773404,0.08174773305654526,0.07961620390415192,-0.005491617810024467,0.0007113730858908715,-2.599509516508235,0
57.13,1,2.7728294147660457,-1.2746825859716642,-20.39611024126305,2.833306797969902,-1.1480723406791984,-17.7966007247548,-142.54495608137404,0.08169172704219818,0.08528439700603485,-0.005491617810024467,0.0007113730858908715,-2.599509516508235,0
57.24,1,2.781613674385001,-1.2778895596862505,-19.82399687062649,2.8422274687028652,-1.1508776091393098,-17.224487354118256,-142.21711934257968,0.08180348575115204,0.08106885850429535,-0.005491617810024467,0.0007113730858908715,-2.599509516508235,0
57.34,1,2.7882432871554053,-1.2802550635130276,-19.377549117300976,2.848957545416695,-1.1529399964128282,-16.778039600792745,-141.71572679485692,0.08179343491792679,0.07739438116550446,-0.005491617810024467,0.0007113730858908715,-2.599509516508235,0
57.43,1,2.794902905532234,-1.2825776945644392,-19.063131775113348,2.8557156523893594,-1.1549581941414964,-16.463622258605113,-141.39879360118837,0.08174871653318405,0.07333782315254211,-0.005491617810024467,0.0007113730858908715,-2.599509516508235,0
57.54,1,2.801267950551995,-1.2847559999754379,-18.709547438761064,2.86217294332521,-1.1568455749554694,-16.11003792225283,-140.95413531813654,0.0818646103143692,0.07348231971263885,-0.005491617810024467,0.0007113730858908715,-2.599509516508235,0
57.64,1,2.808270960807925,-1.2871059736259485,-18.358479869694875,2.8692753289205104,-1.158875512801419,-15.758970353186646,-140.51519997733214,0.08148438483476639,0.06888872385025024,-0.005491617810024467,0.0007113730858908715,-2.599509516508235,0
57.73,1,2.815131756525425,-1.2893526096950945,-17.944064500471715,2.876230959504342,-1.1608086694649429,-15.34455498396348,-140.23262176870816,0.0818377137184143,0.06997770071029663,-0.005491617810024467,0.0007113730858908715,-2.599509516508235,0
57.83,1,2.8192546810929726,-1.2906824551722258,-17.755934249405293,2.8804099558018015,-1.1619501535553074,-15.156424732897056,-139.9368775727359,0.08186016976833344,0.04338045045733452,-0.005491617810024478,0.010711373085890397,-2.599509516508215,0
57.94,1,2.8267950570353833,-1.2930728790697026,-17.38943247130428,2.8880509887099213,-1.1639961281053788,-14.78992295479605,-139.63044674393475,0.08226893097162247,0.028132710605859756,-0.005491617810024478,0.010711373085890397,-2.599509516508215,0
58.04,1,2.8367008588987854,-1.2861610215000032,-17.15126072548678,2.8980866580474296,-1.1666318206471957,-14.551751208978565,-139.48520763341466,0.08243187516927719,0.02040647342801094,-0.005491617810024478,0.010711373085890397,-2.599509516508215,0
58.13,1,2.8448179779945955,-1.2886716047728668,-17.14829844094916,2.906309290376818,-1.168771673062957,-14.548788924440943,-139.30326466820958,0.08234553784132004,0.00719958171248436,-0.005491617810024478,0.010711373085890397,-2.599509516508215,0
58.23,1,2.8527057376850045,-1.291098117765142,-17.108966250375815,2.9142989863610542,-1.1708379441765349,-14.5094567338676,-139.2365585598532,0.08249948918819427,0.01049640029668808,-0.005491617810024478,0.010711373085890397,-2.599509516508215,0
58.33,1,2.8578908382609103,-1.292687722380752,-16.987596469180836,2.919550846872562,-1.1721907457081329,-14.388086952672623,-139.13281316751696,0.08238888531923294,0.008066091686487198,-0.005491617810024478,0.010711373085890397,-2.599509516508215,0
58.44,1,2.868216049073228,-1.2958433269834275,-16.932908015546655,2.930008553278405,-1.174874808944427,-14.333398499038445,-139.06429262654962,0.08245421200990677,0.006202634423971176,-0.005491617810024478,0.010711373085890397,-2.599509516508215,0
58.54,1,2.8761705893619083,-1.298266253391291,-16.88547396977227,2.9380647984733628,-1.1769344683679424,-14.285964453264059,-138.9847445715036,0.08235637098550797,0.009253576397895813,-0.005491617810024478,0.010711373085890397,-2.599509516508215,0
58.64,1,2.884169386737886,-1.300691726299605,-16.826934521308512,2.9461653707083126,-1.1789946644162022,-14.2274250048003,-138.89993162340522,0.08235087990760803,0.011718209832906723,-0.005491617810024478,0.010711373085890397,-2.599509516508215,0
58.74,1,2.892068555583691,-1.3030686846153932,-16.739439281853166,2.9541642165830235,-1.1810109143913194,-14.139929765344952,-138.83467139944935,0.08235405385494232,0.01922416314482689,-0.005491617810024478,0.010711373085890397,-2.599509516508215,0
58.83,1,2.899865780404599,-1.3053941233154611,-16.49208578041294,2.9620588866943764,-1.1829803213803527,-13.89257626390473,-138.73806551032683,0.07844884693622589,0.13922416314482688,-0.005491617810024478,0.010711373085890397,-2.599509516508215,0
58.93,1,2.904627436885704,-1.3067948220777303,-16.23267994405515,2.966879171134297,-1.1841636165189122,-13.633170427546935,-138.35305042347755,0.08032877743244171,0.15688900649547577,-0.005491617810024478,0.010711373085890397,-2.599509516508215,0
59.03,1,2.912313093144213,-1.308964838466451,-15.210675246168456,2.9746553384006456,-1.1859828212619374,-12.611165729660241,-137.88803237074413,0.08056792616844177,0.17739009857177734,-0.010219426356970467,3.512308233140995e-05,-2.399547246007543,0
59.13,1,2.917587676188237,-1.3108566064866742,-14.093042980033596,2.9801239855079174,-1.1871615675075544,-11.693495734026058,-137.04381771862896,0.08172457665205002,0.16814112663269043,-0.010219426356970467,3.512308233140995e-05,-2.399547246007543,0
59.23,1,2.9231759547365446,-1.3122348852901313,-13.553750507830756,2.9857650694797315,-1.1883046690850496,-11.154203261823216,-136.4744869862224,0.08192803710699081,0.1579272449016571,-0.010219426356970467,3.512308233140995e-05,-2.399547246007543,0
59.35,1,2.9289739997803395,-1.3135923215305327,-12.709735198600082,2.991614863384184,-1.189418163922064,-10.310187952592539,-135.69333513638506,0.08188271522521973,0.1542404741048813,-0.010219426356970467,3.512308233140995e-05,-2.399547246007543,0
59.44,1,2.9346617345196853,-1.3148335242618394,-11.9661574446431,2.997349577272067,-1.1904201456132604,-9.566610198635557,-134.91129289317442,0.08217233419418335,0.14578558504581451,-0.020219426356970417,3.512308233210656e-05,-2.39954724600755,0
59.54,1,2.9305705500620625,-1.3160587337881067,-11.386116573696587,3.003304508511056,-1.1913968919651885,-8.986569327689036,-134.4001721008705,0.08245552331209183,0.12714360654354095,-0.020219426356970417,3.512308233210656e-05,-2.39954724600755,0
59.63,1,2.9349275388157685,-1.3169222402306888,-10.909934736218998,3.007693829966272,-1.1920772238982071,-8.51038749021145,-133.9534623811427,0.0824570506811142,0.12253619730472565,-0.020219426356970417,3.512308233210656e-05,-2.39954724600755,0
59.74,1,2.9430545698087593,-1.3184251796322075,-10.150881313847542,3.0158766595653685,-1.1932385848919582,-7.751334067839989,-133.2904082850382,0.08232234418392181,0.11292721331119537,-0.01021942635697044,3.512308233207646e-05,-2.399547246007548,0
59.84,1,2.959470454654844,-1.3195402547696937,-9.53960931761522,3.0223336044099054,-1.1940840635700287,-7.140062071607676,-132.67221678754697,0.08245126903057098,0.11437122523784637,-0.01021942635697044,3.512308233207646e-05,-2.399547246007548,0
59.93,1,2.965874659406072,-1.3205727917324246,-8.919373694396755,3.028775423712771,-1.1948475654654291,-6.519826448389208,-132.25564447677394,0.08170066028833389,0.1063477098941803,-0.01021942635697044,3.512308233207646e-05,-2.399547246007548,0
60.04,1,2.972357734468711,-1.3215685858180324,-8.44757256823324,3.035294505828571,-1.1955710545781353,-6.0480253222256914,-131.84552398571276,0.08148746192455292,0.10017624497413635,-0.01021942635697044,3.512308233207646e-05,-2.399547246007548,0
60.13,1,2.9758932200210113,-1.3226660856413275,-7.697047593658568,3.0419779156302242,-1.1962416232482902,-5.359386925918563,-131.2846638984111,0.08151819556951523,0.09541639685630798,-0.024891139713992674,-0.01087700257208478,-2.199584975506897,0
60.24,1,2.9756316010915267,-1.3238645945496859,-7.182357858904017,3.048705152332476,-1.1968583996946422,-4.98277288339712,-130.73579090422098,0.08134939521551132,0.07801704853773117,-0.024891139713992674,-0.01087700257208478,-2.199584975506897,0
60.33,1,2.9825274020595947,-1.3247093847927742,-6.7491785755306175,3.055628295967912,-1.197437902713748,-4.5495936000237185,-130.3764947428711,0.08170948177576065,0.07946005463600159,-0.024891139713992674,-0.01087700257208478,-2.199584975506897,0
60.44,1,2.9893940925227738,-1.325503345386098,-6.468803334595363,3.0625203996762647,-1.1979677308124541,-4.269218359088467,-129.9357262210204,0.08143766224384308,0.07654249668121338,-0.024891139713992674,-0.01087700257208478,-2.199584975506897,0
60.53,1,2.9939557868220166,-1.3260030429905207,-6.003276074059879,3.0670979115731476,-1.1982919798055147,-3.8036910985529797,-129.6316107484543,0.08145289123058319,0.07886451482772827,-0.024891139713992674,-0.01087700257208478,-2.199584975506897,0
60.63,1,3.0008913815345255,-1.32671959726983,-5.7233497744376605,3.074055897863275,-1.1987418140391823,-3.5237647989307637,-129.31146400631263,0.08116243034601212,0.06612609326839447,-0.024891139713992674,-0.01087700257208478,-2.199584975506897,0
60.73,1,3.0104514111287477,-1.3276276651523622,-5.053493190375384,3.083643735738347,-1.1992822934587848,-2.853908214868488,-128.87562026471952,0.08133777976036072,0.07425613701343536,-0.024891139713992674,-0.01087700257208478,-2.199584975506897,0
60.84,1,3.019988042522424,-1.325811717999225,-4.7655522543684405,3.0907610667023313,-1.1996313789055864,-2.5659672788615433,-128.56599764904553,0.08117449283599854,0.06745176017284393,-0.014891139713992472,-0.0008770025720866258,-2.1995849755068675,0
60.94,1,3.0347474609889544,-1.31881853516938,-4.418109790195852,3.0979749584607466,-1.1999235954811742,-2.2185248146889855,-128.1390765044391,0.08116897195577621,0.05026109144091606,-0.014891139713992472,-0.0008770025720866258,-2.1995849755068675,0
61.04,1,3.0421546715754464,-1.3193712109789133,-4.078540459894508,3.1053979233864375,-1.2001915711051518,-1.8789554843876402,-127.89396581971867,0.08107678592205048,0.022309046238660812,-0.014891139713992472,-0.0008770025720866258,-2.1995849755068675,0
61.13,1,3.050226934034339,-1.3199466762691343,-4.031767540113378,3.1134863248438958,-1.2004567943478726,-1.8321825646065097,-127.65962734015702,0.08097439259290695,0.013461213558912277,-0.014891139713992472,-0.0008770025720866258,-2.1995849755068675,0
61.24,1,3.058329459020684,-1.3205077330645005,-3.9505651286216708,3.1216044135249508,-1.2007064582189175,-1.7509801531148033,-127.56535213323842,0.0809607058763504,0.014063827693462372,-0.014891139713992472,-0.0008770025720866258,-2.1995849755068675,0
61.34,1,3.0664295196423,-1.3210608687753882,-3.844078043979457,3.12971973564129,-1.2009483014255085,-1.6444930684725896,-127.42038937434778,0.08095405995845795,0.01804998144507408,-0.014891139713992472,-0.0008770025720866258,-2.1995849755068675,0
61.44,1,3.0746304959137936,-1.3216136095318234,-3.7340236874865758,3.137935883893717,-1.2011858767683983,-1.5344387119797072,-127.30115262035616,0.08096588402986526,0.016666878014802933,-0.014891139713992472,-0.0008770025720866258,-2.1995849755068675,0
61.54,1,3.0827450469196065,-1.3221390933202106,-3.7067866066548496,3.1460646244210864,-1.2013995322773607,-1.5072016311479828,-127.14200988938867,0.08096832036972046,0.020115528255701065,-0.014891139713992472,-0.0008770025720866258,-2.1995849755068675,0
61.64,1,3.0908357619951916,-1.3226382601403157,-3.532315033377466,3.154168536520406,-1.2015878050451392,-1.3327300578705992,-127.03463359425248,0.08101548254489899,0.021257169544696808,-0.014891139713992472,-0.0008770025720866258,-2.1995849755068675,0
61.74,1,3.098924716855146,-1.3231174280410136,-3.2266236970454982,3.162269922131089,-1.2017561611869059,-1.0270387215386303,-126.86036665823093,0.080681711435318,0.013490796089172363,-0.019515610805041345,-0.01224352533744319,-1.999622705006219,0
61.84,1,3.10692453113,-1.323751030978755,-3.1064541917110637,3.1702871898447573,-1.201906045581759,-0.9820660978019714,-126.75664913979264,0.08056750148534775,0.004994049668312073,-0.019515610805041345,-0.01224352533744319,-1.999622705006219,0
61.93,1,3.1145751909293526,-1.3244370968845065,-2.9749871650357242,3.177968578129134,-1.2020369541530194,-0.9753644600295056,-126.6778839796765,0.08064576238393784,0.014108587056398392,-0.019515610805041345,-0.01224352533744319,-1.999622705006219,0
62.04,1,3.122692980854993,-1.3248462459188655,-2.881907821196562,3.1860957011846516,-1.202162600679532,-0.8822851161903426,-126.60647743446069,0.08042653650045395,0.013526979833841324,-0.019515610805041345,-0.01224352533744319,-1.999622705006219,0
62.13,1,3.1307993672941414,-1.3252437518963451,-2.719430086783928,3.194211021437549,-1.2022770091400181,-0.7198073817777092,-126.49469431811697,0.08042769134044647,0.012309230864048004,-0.019515610805041345,-0.01224352533744319,-1.999622705006219,0
62.24,1,3.1387730167401195,-1.3256253561673272,-2.7326123080823046,3.202193130669663,-1.2023801571579522,-0.7329896030760849,-126.39591257616387,0.08041463792324066,0.01118919625878334,-0.019515610805041345,-0.01224352533744319,-1.999622705006219,0
62.34,1,3.146810612234809,-1.3259987364331136,-2.6575265212469676,3.2102388600514553,-1.2024728549145571,-0.6579038162407479,-126.33429955906452,0.08049116283655167,0.014180287718772888,-0.019515610805041345,-0.01224352533744319,-1.999622705006219,0
62.44,1,3.1549302115025566,-1.3263711473267277,-2.615177589639683,3.218366509446447,-1.202561722538544,-0.6155548846334638,-126.24521636152564,0.0803142786026001,0.0018244236707687378,-0.019515610805041345,-0.01224352533744319,-1.999622705006219,0
62.54,1,3.162980446423462,-1.3267410124630363,-2.6056487023411674,3.226424747904647,-1.2026504662797521,-0.6060259973349486,-126.21947979957345,0.08038236200809479,-0.004876207560300827,-0.019515610805041345,-0.01224352533744319,-1.999622705006219,0
62.64,1,3.1710011657495016,-1.3271129785696902,-2.6849668246171294,3.234453562050283,-1.2027423395970969,-0.6853441196109106,-126.2298237574846,0.07994267344474792,-0.013346083462238312,-0.019515610805041345,-0.01224352533744319,-1.999622705006219,0
62.73,1,3.1789898018136147,-1.3274907888696879,-2.748908216346847,3.2424505163918216,-1.202841173027556,-0.749285511340627,-126.25463560374398,0.08089496940374374,-0.005868036299943924,-0.019515610805041345,-0.01224352533744319,-1.999622705006219,0
62.84,1,3.1870705723601525,-1.327880701736522,-2.76139450251866,3.2505399714049634,-1.2029488868143505,-0.7617717975124417,-126.26698412408174,0.0803895965218544,-0.006338711827993393,-0.019515610805041345,-0.01224352533744319,-1.999622705006219,0
62.93,1,3.192348390036601,-1.3281379790241756,-2.8179791565961696,3.2558235523449937,-1.2030218489876296,-0.8183564515899502,-126.27648524992901,0.08052045106887817,-0.011003561317920685,-0.019515610805041345,-0.01224352533744319,-1.999622705006219,0
63.04,1,3.2032322425487405,-1.3319115144378397,-2.937031900733619,3.266707417085508,-1.203183586956024,-0.8696676855227393,-126.29157610788727,0.08075687289237976,0.05472217872738838,-0.01487841532631757,-0.010539624161658313,-2.199584975506901,0
63.13,1,3.2106922253317633,-1.3385933394586444,-2.847569955566204,3.274165482056975,-1.2032759553386458,-0.6479849800593037,-126.0888179257615,0.08097068965435028,0.07049170881509781,-0.01487841532631757,-0.010539624161658313,-2.199584975506901,0
63.24,1,3.21783518819734,-1.3389257499026264,-2.4409708364947997,3.2813159400504635,-1.2033339698681993,-0.24138586098789835,-125.83477384696717,0.08083026111125946,0.09740912914276123,-0.01487841532631757,-0.010539624161658313,-2.199584975506901,0
63.34,1,3.2245694671760545,-1.3391947844221386,-2.1089302332703097,3.2880555828734845,-1.2033443406899038,0.09065474223659112,-125.35993067909966,0.08054111152887344,0.07851040363311768,-0.01487841532631757,-0.010539624161658313,-2.199584975506901,0
63.44,1,3.2315746440811948,-1.339429805341402,-1.6931804263606,3.29506461856244,-1.2033103257557025,0.5064045491463004,-125.06949613396358,0.08089733123779297,0.08334958553314209,-0.01487841532631757,-0.010539624161658313,-2.199584975506901,0
63.54,1,3.238447218948035,-1.3396156924574767,-1.466132826564282,3.3019392641315974,-1.203232302562301,0.733452148942619,-124.61983700551419,0.08081677556037903,0.07503819465637207,-0.01487841532631757,-0.010539624161658313,-2.199584975506901,0
63.64,1,3.245467048331914,-1.3397672673721523,-1.030573073413035,3.308959738797971,-1.2031143407364926,1.1690119020938663,-124.35080863313438,0.08079173415899277,0.07418838143348694,-0.01487841532631757,-0.010539624161658313,-2.199584975506901,0
63.74,1,3.2525297888417466,-1.3398832093936404,-0.8218629486618076,3.3160217253623583,-1.2029591253184986,1.3777220268450934,-123.94006672216632,0.08094813674688339,0.05443998798727989,-0.01487841532631757,-0.010539624161658313,-2.199584975506901,0
63.84,1,3.25987255921138,-1.3399727150977012,-0.5437413034813711,3.3233625208180366,-1.2027667453556197,1.6558436720255298,-123.71775919175217,0.08068376779556274,0.04060881957411766,-0.01487841532631757,-0.010539624161658313,-2.199584975506901,0
63.94,1,3.2676368675953404,-1.3400448277284758,-0.38747591514299273,3.3311238761404107,-1.2025408062651295,1.8121090603639083,-123.46039766820148,0.08073709905147552,0.024235278367996216,-0.01487841532631757,-0.010539624161658313,-2.199584975506901,0
64.04,1,3.2755305618309447,-1.3400996654046835,-0.4218617652296728,3.3390138589595963,-1.2022926390455044,1.777723210277228,-123.32794900481628,0.08105310052633286,0.008266337215900421,-0.01487841532631757,-0.010539624161658313,-2.199584975506901,0
64.14,1,3.2836303486223066,-1.3401440568075704,-0.3281077246088966,3.347109381550467,-1.2020261232994869,1.871477250898005,-123.21667051855268,0.0811418816447258,0.03269655629992485,-0.014878415326318138,-0.020539624161660518,-2.1995849755068724,0
64.24,1,3.2915430337511116,-1.3501647498129379,0.10855792228050132,3.3550170307782987,-1.2017431076856815,2.3081428977873735,-123.01814320249873,0.08115366846323013,0.04396595433354378,-0.014878415326318138,-0.020539624161660518,-2.1995849755068724,0
64.33,1,3.2992473090801755,-1.3501472582814977,0.27260085655174077,3.3627149582195655,-1.2014299345567392,2.4721858320586128,-122.83980619766082,0.08105067163705826,0.029610659927129745,-0.014878415326318138,-0.020539624161660518,-2.1995849755068724,0
64.44,1,3.307093354099377,-1.350091234035202,0.5125260962335011,3.3705530719866803,-1.2010728159024184,2.712111071740374,-122.6938309987961,0.08103886246681213,0.06227649003267288,-0.014878415326318138,-0.020539624161660518,-2.1995849755068724,0
64.54,1,3.31442964754975,-1.3499941540480127,1.0202567560443276,3.37788023402998,-1.2006942363135216,3.2198417315512,-122.35237455875001,0.08091425150632858,0.05123123154044151,-0.014878415326318138,-0.020539624161660518,-2.1995849755068724,0
64.64,1,3.3214279727493827,-1.3498623515666484,1.175170622655129,3.384868344170274,-1.2002939312285792,3.3747555981620025,-121.99564942983541,0.0809810683131218,0.04184364899992943,-0.014878415326318138,-0.020539624161660518,-2.1995849755068724,0
64.74,1,3.32932527419484,-1.3496576493008143,1.6700739262160897,3.3927519702503584,-1.1997862768506093,3.8696589017229623,-121.79313076884604,0.08099298179149628,0.0388188511133194,-0.014878415326318138,-0.020539624161660518,-2.1995849755068724,0
64.84,1,3.3370346941021145,-1.3494198098984904,2.0427166353371335,3.4004465814022042,-1.1992527207524695,4.242301610844006,-121.54827240558897,0.0808538943529129,0.008216645568609238,-0.014878415326318138,-0.020539624161660518,-2.1995849755068724,0
64.94,1,3.3447300432688922,-1.3491538024125376,1.991132940356804,3.408126051073823,-1.198691557368154,4.190717915863676,-121.48029465871791,0.08094331622123718,-0.004438798874616623,-0.014878415326318138,-0.020539624161660518,-2.1995849755068724,0
65.04,1,3.353275653917401,-1.3488539631680436,1.9772378807407103,3.416653857267586,-1.198063953631657,4.1768228562475835,-121.48245862137996,0.08089365810155869,0.009203668683767319,-0.014878415326318138,-0.020539624161660518,-2.1995849755068724,0
65.14,1,3.3613669012126,-1.3485599070594858,2.02034304288102,3.4247278568455393,-1.197459567494938,4.219928018387893,-121.44980849107063,0.07981988787651062,-0.032345112413167953,-0.014878415326318138,-0.020539624161660518,-2.1995849755068724,0
65.23,1,3.3688126606591378,-1.348312066591855,1.852288335554433,3.432158617956544,-1.1969261371393334,4.051873311061305,-121.53589376673557,0.08009613305330276,-0.06337174773216248,-0.014878415326318138,-0.020539624161660518,-2.1995849755068724,0
65.34,1,3.3760596525321596,-1.3481251973566273,1.2382794634370176,3.4393930980577916,-1.1964612619051338,3.4378644389438895,-121.84405007322204,0.08056804537773132,-0.06670080125331879,-0.004878415326318744,-0.010539624161660098,-2.199584975506869,0
65.44,1,3.3865033250983334,-1.3447685505459062,0.758252411939207,3.4466067030065743,-1.1960469277966377,2.9578373874460797,-122.091768445213,0.08123507350683212,-0.05213380977511406,-0.004878415326318744,-0.010539624161660098,-2.199584975506869,0
65.55,1,3.4007131396381,-1.3379057444062008,0.48854837855078187,3.4540273656635603,-1.1956795614483262,2.688133354057651,-122.40965070234549,0.0808001160621643,-0.05373694375157356,-0.004878415326318744,-0.010539624161660098,-2.199584975506869,0
65.63,1,3.408180952865679,-1.3378611734595487,-0.0021328657749670947,3.4614879659065165,-1.1953484044068823,2.197452109731901,-122.62124690895726,0.08089837431907654,-0.08999109268188477,-0.004878415326318744,-0.010539624161660098,-2.199584975506869,0
65.74,1,3.414997064887106,-1.3378873867551415,-0.37816236714862506,3.4683000618600133,-1.1951129921177972,1.8214226083582437,-123.05283034856373,0.08050206303596497,-0.09358254075050354,-0.004878415326318744,-0.010539624161660098,-2.199584975506869,0
65.84,1,3.4217678726101686,-1.3379768498947846,-1.1493788096317192,3.475069314460728,-1.194942521874761,1.0502061658751491,-123.56687032616892,0.0801144540309906,-0.1959717571735382,-0.004878415326318744,-0.010539624161660098,-2.199584975506869,0
65.94,1,3.42758711839802,-1.338138357250966,-1.9886673347526536,3.480890471340507,-1.1948805642559865,0.2109176407542149,-124.05832089308481,0.08101771026849747,-0.07842981815338135,-0.004878415326318744,-0.010539624161660098,-2.199584975506869,0
66.04,1,3.4342241260263116,-1.3383861927460643,-2.417649656697552,3.4875321008525177,-1.194873485002796,-0.21806468119068356,-124.57455180452862,0.08070402592420578,-0.04629106447100639,-0.004878415326318744,-0.010539624161660098,-2.199584975506869,0
66.14,1,3.4446488344021704,-1.3387172738102933,-2.558984336808255,3.4951197069732878,-1.1949133788064603,-0.35939936130138683,-124.76982865267507,0.08041918277740479,-0.02587984874844551,0.005121584673680602,-0.010539624161659673,-2.1995849755068773,0
66.23,1,3.459790721538064,-1.3390851427600363,-2.6891954513467167,3.5031140529108287,-1.194974465204091,-0.48961047583983924,-124.89334748963033,0.08093073964118958,-0.0045422278344631195,0.005121584673680602,-0.010539624161659673,-2.1995849755068773,0
66.34,1,3.467876268302168,-1.3394664267326737,-2.731554034362627,3.5112082760957253,-1.1950451403438833,-0.5319690588557494,-124.95449164694344,0.080783911049366,-0.009681977331638336,0.005121584673680602,-0.010539624161659673,-2.1995849755068773,0
66.43,1,3.4758934190563244,-1.339853802664308,-2.806760698592283,3.519234387478099,-1.195124528031991,-0.6071757230854051,-124.98995057146236,0.08096255362033844,-0.00918344035744667,0.005121584673680602,-0.010539624161659673,-2.1995849755068773,0
66.53,1,3.483981384553867,-1.3402516995746752,-2.8281531237007504,3.5273316652283313,-1.1952117110366383,-0.6285681481938725,-125.05576823868569,0.08087651431560516,-0.013581357896327972,0.005121584673680602,-0.010539624161659673,-2.1995849755068773,0
66.64,1,3.4921585909679083,-1.340662885374506,-3.034239707446685,3.535518628177025,-1.1953087480221003,-0.8346547319398069,-125.19914540067909,0.08021227270364761,-0.13358135789632797,0.005121584673680602,-0.010539624161659673,-2.1995849755068773,0
66.74,1,3.498864628799788,-1.3410312153742028,-3.3377022534138114,3.542233861678661,-1.1954194250738666,-1.1381172779069348,-125.54274399688126,0.08086167275905609,-0.061361562460660934,0.005121584673680602,-0.010539624161659673,-2.1995849755068773,0
66.84,1,3.5059772098923583,-1.3414803565986764,-3.7148677927930764,3.5493584404785956,-1.1955952504458167,-1.5152828172861987,-125.81857254535076,0.0806116983294487,-0.06069936230778694,0.005121584673680602,-0.010539624161659673,-2.1995849755068773,0
66.94,1,3.5131800461271694,-1.3419652413511782,-4.028497105105231,3.5565745797772927,-1.1958033289658814,-1.828912129598354,-126.2000145821739,0.0803365707397461,-0.1485464870929718,0.005121584673680602,-0.010539624161659673,-2.1995849755068773,0
67.03,1,3.5174896185257647,-1.342280431420195,-4.430387881073825,3.560893074033804,-1.1959528829521913,-2.2308029055669487,-126.58212507236018,0.0808379054069519,-0.06461052596569061,0.005121584673680602,-0.010539624161659673,-2.1995849755068773,0
67.14,1,3.526608658887581,-1.3430169787485926,-4.826118930131098,3.570033664543,-1.196338893613448,-2.62653395462422,-127.05873140976165,0.08076634258031845,-0.0414656363427639,0.0051215846736800625,-0.0205396241616612,-2.199584975506849,0
67.24,1,3.53417265719704,-1.3536673844058884,-4.9395544844544625,3.577617052596943,-1.1966985094749798,-2.739969508947614,-127.3313109930193,0.08101251721382141,-0.014094434678554535,0.0051215846736800625,-0.0205396241616612,-2.199584975506849,0
67.33,1,3.542215503867997,-1.3543730521713178,-4.996841122340431,3.5856810571855102,-1.1970949682537362,-2.7972561468335826,-127.40366519077621,0.08091171085834503,0.007229965180158615,0.0051215846736800625,-0.0205396241616612,-2.199584975506849,0
67.43,1,3.5473459641683336,-1.3548216917868832,-5.048643095010687,3.590824956378779,-1.197346367313929,-2.8490581195038387,-127.40239891037862,0.08105988055467606,0.005600195378065109,0.0051215846736800625,-0.0205396241616612,-2.199584975506849,0
67.54,1,3.5582871711442485,-1.355781407437492,-5.044803150279242,3.6017949362472055,-1.1978854460708475,-2.845218174772394,-127.39675513983566,0.08109966665506363,0.005268976092338562,0.0051215846736800625,-0.0205396241616612,-2.199584975506849,0
67.64,1,3.566336415416712,-1.3564896264818498,-5.066031958957655,3.6098654316430325,-1.198284208705138,-2.866446983450806,-127.4571795733262,0.08041277527809143,-0.1160367876291275,0.0051215846736800625,-0.0205396241616612,-2.199584975506849,0
67.73,1,3.5732566296691544,-1.3571323030173874,-5.518466103065284,3.61680521333552,-1.1986608099394034,-3.3188811275584365,-127.74370564502726,0.08051859587430954,-0.04129097983241081,0.0051215846736800625,-0.0205396241616612,-2.199584975506849,0
67.84,1,3.580665890434582,-1.3578553681002525,-5.58819229274263,3.624236766567146,-1.1990989706059125,-3.388607317235782,-127.95443049567595,0.08079744130373001,-0.034432392567396164,0.0051215846736800625,-0.0205396241616612,-2.199584975506849,0
67.93,1,3.5876156266250825,-1.3585553107068082,-5.856900530603406,3.6312082463502624,-1.199531662648401,-3.657315555096555,-128.2048771758097,0.08018112927675247,-0.14012488722801208,0.0051215846736800625,-0.0205396241616612,-2.199584975506849,0
68.04,1,3.5947921508295098,-1.3593201663226402,-6.478344005400621,3.638408838446991,-1.2000205156184565,-4.278759029893772,-128.72417498538198,0.0807841345667839,-0.03878968581557274,0.0051215846736800625,-0.0205396241616612,-2.199584975506849,0
68.15,1,3.602222028873167,-1.360176420861242,-6.671113085346555,3.6458661056532673,-1.200590976303063,-4.471528109839707,-128.94879283880212,0.08104604482650757,-0.02593088150024414,0.0051215846736800625,-0.0205396241616612,-2.199584975506849,0
68.23,1,3.6097649085951593,-1.3610688075422606,-6.846602705782179,3.6534376780498685,-1.2011932054387986,-4.64701773027533,-129.08086071605598,0.08123563975095749,0.004281103610992432,0.005121584673680023,-0.02053962416166231,-2.1995849755068373,0
68.34,1,3.618227874283768,-1.3620899009204044,-6.877590686980343,3.6619335983251498,-1.2018887330151908,-4.6780057114735065,-129.1202222277361,0.08086144179105759,-0.021147947758436203,0.005121584673680023,-0.02053962416166231,-2.1995849755068373,0
68.44,1,3.625746735448394,-1.3630170016698446,-7.0717043415462255,3.6694825022071544,-1.202526572487773,-4.872119366039387,-129.19104653991317,0.08108800649642944,-0.018871519714593887,0.005121584673680023,-0.02053962416166231,-2.1995849755068373,0
68.54,1,3.633666506597417,-1.3640129499530054,-7.360757017972472,3.6774346630885026,-1.2032178216127571,-5.161172042465637,-129.33594405867936,0.08035307377576828,-0.13887151971459388,0.005121584673680023,-0.02053962416166231,-2.1995849755068373,0
68.64,1,3.640400550838378,-1.3649012710341202,-7.90771490654909,3.6841978399185,-1.2038470317116567,-5.708129931042252,-129.82996910886544,0.08091810345649719,-0.05304168537259102,0.005121584673680023,-0.02053962416166231,-2.1995849755068373,0
68.74,1,3.647587563117382,-1.3659241633516976,-8.212910031561366,3.6914188159580545,-1.2045933287222936,-6.01332505605453,-130.09267596547562,0.08086653798818588,-0.04201794043183327,0.005121584673680023,-0.02053962416166231,-2.1995849755068373,0
68.84,1,3.655096352589722,-1.3670287698232355,-8.542635545368155,3.698964468339602,-1.2054089296870714,-6.343050569861317,-130.28433259039346,0.0804891362786293,-0.04034765437245369,0.005121584673680023,-0.02053962416166231,-2.1995849755068373,0
68.94,1,3.662567847775205,-1.3681775618066399,-8.821874634811257,3.706474549778098,-1.2062701149836057,-6.622289659304424,-130.55682941409316,0.080400250852108,-0.16034765437245369,0.005121584673680023,-0.02053962416166231,-2.1995849755068373,0
69.04,1,3.669046144591154,-1.3692355670809597,-9.885192115471993,3.7129886801954117,-1.207078699983628,-7.685607139965152,-131.09693436581477,0.0808626115322113,-0.07607762515544891,0.005121584673680023,-0.02053962416166231,-2.1995849755068373,0
69.16,1,3.6759577321815087,-1.3704578533154679,-10.29887520404931,3.7199420873331195,-1.208034814953436,-8.099290228542472,-131.4366341198218,0.0809166356921196,-0.0383266918361187,0.005121584673680023,-0.02053962416166231,-2.1995849755068373,0
69.24,1,3.6834712960797087,-1.371844133360253,-10.569228691441836,3.7275033214152464,-1.2091316987076184,-8.369643715934998,-131.7126720769584,0.08050990849733353,-0.012934610247612,0.005121584673679183,-0.020539624161660948,-2.19958497550685,0
69.33,1,3.6913534302563384,-1.3733207233979334,-10.733280580950048,3.7354363203602596,-1.2103046799760966,-8.533695605443198,-131.81780050088585,0.08029170334339142,-0.132934610247612,0.005121584673679183,-0.020539624161660948,-2.19958497550685,0
69.44,1,3.697923599427118,-1.3746124227306955,-11.356805984248615,3.7420512247517173,-1.2113432607340546,-9.157221008741764,-132.27247491975274,0.08065419644117355,-0.027199003845453262,0.005121584673679183,-0.020539624161660948,-2.19958497550685,0
69.54,1,3.7054048346776316,-1.3761464291795549,-11.762460645504369,3.749585823829807,-1.2125890028386308,-9.56287566999752,-132.4492115436265,0.08086501806974411,-0.00401933491230011,0.005121584673679183,-0.020539624161660948,-2.19958497550685,0
69.64,1,3.713312471716984,-1.3777847646928565,-11.788712775253604,3.757550514730583,-1.2139226315933347,-9.589127799746757,-132.5076088521201,0.08099975436925888,0.024138662964105606,0.005121584673679183,-0.020539624161660948,-2.19958497550685,0
69.74,1,3.721235264809822,-1.379416126775966,-11.509209351842623,3.7655300828735494,-1.2152487103579233,-9.30962437633577,-132.44961824125076,0.0808529481291771,0.016774926334619522,0.005121584673679183,-0.020539624161660948,-2.19958497550685,0
69.83,1,3.729212593126454,-1.3810487334715538,-11.471905729291949,3.7735641938273914,-1.2165739397249307,-9.272320753785099,-132.38251388785088,0.0808466300368309,-0.010546278208494186,0.005121584673679183,-0.020539624161660948,-2.19958497550685,0
69.95,1,3.737206302412966,-1.3826912037438148,-11.671385329951772,3.781615052251227,-1.2179083966900976,-9.471800354444921,-132.43209749465106,0.08129455149173737,-0.009213089942932129,0.005121584673679183,-0.020539624161660948,-2.19958497550685,0
70.04,1,3.7452030428602128,-1.3843451635191804,-11.845403692055227,3.7896693805761097,-1.2192542183551598,-9.645818716548373,-132.5015178067571,0.08104391396045685,-0.004431676119565964,0.005121584673679183,-0.020539624161660948,-2.19958497550685,0
70.13,1,3.75317282353789,-1.3860074382519236,-11.871481525198654,3.7976970881283414,-1.2206093835824399,-9.671896549691805,-132.53811298087354,0.08113980293273926,-0.00039884820580482483,0.005121584673679183,-0.020539624161660948,-2.19958497550685,0
70.23,1,3.758396043588252,-1.3871074982676375,-11.807537431934216,3.8029586806125795,-1.2215081629004532,-9.607952456427363,-132.55439422867963,0.08059120178222656,-0.12039884820580482,0.005121584673679183,-0.020539624161660948,-2.19958497550685,0
70.34,1,3.7641561158863914,-1.389006879643182,-12.587638193355035,3.812708348483675,-1.2232135529804316,-10.308865060763944,-132.87854591341565,0.0811985433101654,-0.050735924392938614,1.631230557963893e-05,-0.006958352266482649,-2.3995472460075287,0
70.44,1,3.765305339437211,-1.3903657202807618,-13.046629534987165,3.819907640502835,-1.2245501303507869,-10.647082288979638,-133.11473612737583,0.08077223598957062,-0.0454259030520916,1.631230557963893e-05,-0.006958352266482649,-2.3995472460075287,0
70.54,1,3.7727257746485963,-1.3921160359716114,-13.433404382316521,3.827394850981854,-1.2259882343063035,-11.03385713630899,-133.40155329082734,0.08064327389001846,-0.008008431643247604,1.631230557963893e-05,-0.006958352266482649,-2.3995472460075287,0
70.63,1,3.7804892753260195,-1.3939699376574561,-13.532724513666459,3.8352291630271544,-1.2275154700464523,-11.133177267658933,-133.48611576856848,0.08059890568256378,-0.008487585932016373,1.631230557963893e-05,-0.006958352266482649,-2.3995472460075287,0
70.74,1,3.78836091012143,-1.3958605798006083,-13.555292003337454,3.843173052614825,-1.2290748866952916,-11.155744757329925,-133.5583685178709,0.08066848665475845,-0.006733190268278122,1.631230557963893e-05,-0.006958352266482649,-2.3995472460075287,0
70.84,1,3.7962551004892195,-1.3977702520355944,-13.587216527045348,3.8511402747445596,-1.230652372398378,-11.187669281037817,-133.6425129771483,0.08061893284320831,-0.01960941031575203,1.631230557963893e-05,-0.006958352266482649,-2.3995472460075287,0
70.93,1,3.804099584753859,-1.3996860905383905,-13.750708454515706,3.8590580925232083,-1.2322381000455787,-11.351161208508177,-133.71989063680542,0.08057671040296555,-0.017627131193876266,1.631230557963893e-05,-0.006958352266482649,-2.3995472460075287,0
71.04,1,3.8119042730756427,-1.4016108495477357,-13.989783662378862,3.866936522735251,-1.233834406544409,-11.590236416371333,-133.80231468130225,0.0805259719491005,-0.013525869697332382,1.631230557963893e-05,-0.006958352266482649,-2.3995472460075287,0
71.16,1,3.8197647224384825,-1.4035632787860037,-14.070708870225252,3.8748718235853588,-1.2354560244200186,-11.67116162421772,-133.90657968078452,0.08075590431690216,-0.008674681186676025,1.631230557963893e-05,-0.006958352266482649,-2.3995472460075287,0
71.24,1,3.8276709602873855,-1.40554037263553,-14.059074286651327,3.8828539054243882,-1.2371003682187112,-11.6595270406438,-133.98502385496997,0.0807117372751236,-0.008140575140714645,-0.004958102140631404,-0.020800003125899115,-2.1995849755068684,0
71.34,1,3.835419947278977,-1.4079680605111053,-13.909787798258424,3.890788739503073,-1.2387500823208415,-11.710202822751555,-134.02471555900536,0.08062855154275894,-0.013991016894578934,-0.004958102140631404,-0.020800003125899115,-2.1995849755068684,0
71.44,1,3.84324204113083,-1.4099239369180447,-14.087260639705883,3.898680137645822,-1.2404043011996608,-11.887675664199017,-134.120228785646,0.08079879730939865,-0.015793241560459137,-0.004958102140631404,-0.020800003125899115,-2.1995849755068684,0
71.54,1,3.8506905611698126,-1.411801183608983,-14.238384826618288,3.9061952193735716,-1.241994286273495,-12.038799851111413,-134.18584335582315,0.08046472072601318,-0.015372026711702347,-0.004958102140631404,-0.020800003125899115,-2.1995849755068684,0
71.64,1,3.8585360382055205,-1.4137930616409509,-14.276190549100212,3.9141113652342363,-1.2436835827912005,-12.07660557359334,-134.27301061773525,0.08073938637971878,-0.008812185376882553,-0.004958102140631404,-0.020800003125899115,-2.1995849755068684,0
71.74,1,3.866380515472519,-1.4157966917996607,-14.364530991316594,3.92202696311616,-1.2453846611483095,-12.16494601580972,-134.31252766112092,0.08067512512207031,-0.007787466049194336,-0.004958102140631404,-0.020800003125899115,-2.1995849755068684,0
71.83,1,3.8742436537114466,-1.4178134703031402,-14.419950849650895,3.9299617128614845,-1.2470981619436587,-12.220365874144026,-134.3469842767461,0.08067480474710464,-0.005544573068618774,-0.004958102140631404,-0.020800003125899115,-2.1995849755068684,0
71.94,1,3.882058091231303,-1.4198246122167233,-14.45897470825491,3.93784758143516,-1.2488078994635825,-12.259389732748046,-134.38802881096046,0.0806739330291748,-0.003535650670528412,-0.004958102140631404,-0.020800003125899115,-2.1995849755068684,0
72.03,1,3.889760645508376,-1.4218134201309365,-14.5125068384228,3.9456207920105997,-1.2504996135826818,-12.31292186291593,-134.4042754602838,0.0800965204834938,-0.12353565067052841,-0.004958102140631404,-0.020800003125899115,-2.1995849755068684,0
72.14,1,3.896436939975157,-1.4235664070672205,-15.008365292137245,3.952359447985914,-1.2519950689154495,-12.808780316630376,-134.76000376096422,0.08101768791675568,-0.08077146112918854,-0.004958102140631404,-0.020800003125899115,-2.1995849755068684,0
72.24,1,3.9031172721405496,-1.4253727828791016,-15.298543318483054,3.9591041877803668,-1.2535437188174163,-13.098958342976188,-135.2520725685028,0.07986675202846527,-0.20077146112918853,-0.004958102140631404,-0.020800003125899115,-2.1995849755068684,0
72.34,1,3.9071690851419905,-1.4265046817094773,-15.906470529887004,3.9631964583067836,-1.2545192727623482,-13.706885554380138,-135.74158068959883,0.08071056008338928,-0.19212515652179718,-0.004958102140631404,-0.020800003125899115,-2.1995849755068684,0
72.44,1,3.913956984328875,-1.4285045514410093,-16.89706016698163,3.970056112273847,-1.2562571455328788,-14.697475191474762,-136.31538991034145,0.08099700510501862,-0.09884002804756165,0.010116134279446165,-0.016647702198630113,-2.3995472460075096,0
72.53,1,3.9303799523759078,-1.4399630042871032,-17.355003457848902,3.9764173992729495,-1.2579346244518455,-14.95545621184139,-136.9919963258436,0.08071159571409225,-0.03410744294524193,0.010116134279446165,-0.016647702198630113,-2.3995472460075096,0
72.64,1,3.9372529895105,-1.4421143732630284,-17.40545518033466,3.983374482857304,-1.2597963483638082,-15.005907934327155,-137.2055110359116,0.08069254457950592,0.009142491966485977,0.010116134279446165,-0.016647702198630113,-2.3995472460075096,0
72.73,1,3.9452886551755832,-1.4446326039676345,-17.397308039623287,3.9915085352123763,-1.2619759356751008,-14.997760793615775,-137.2443509438598,0.08057106286287308,0.023753758519887924,0.010116134279446165,-0.016647702198630113,-2.3995472460075096,0
72.84,1,3.952862069697561,-1.446996593681894,-17.26457872231902,3.999174284019636,-1.2640207706598439,-14.86503147631151,-137.14889055604354,0.08086878061294556,0.02639702335000038,0.010116134279446165,-0.016647702198630113,-2.3995472460075096,0
72.94,1,3.960437970824937,-1.4493377735739528,-17.161686751235827,4.0068415622558105,-1.2660427117143345,-14.76213950522832,-137.0778019622236,0.08078642189502716,0.027998238801956177,0.010116134279446165,-0.016647702198630113,-2.3995472460075096,0
73.04,1,3.9680314072251828,-1.4516671806867958,-16.970885850386694,4.014525867489366,-1.2680521561498697,-14.571338604379186,-136.94934780784746,0.08092369884252548,0.01889018341898918,0.010116134279446165,-0.016647702198630113,-2.3995472460075096,0
73.13,1,3.9757643831276486,-1.4540240552540324,-16.82156452059223,4.022350739872209,-1.270083201749067,-14.422017274584716,-136.88640096459648,0.08108323812484741,0.006680432707071304,0.010116134279446165,-0.016647702198630113,-2.3995472460075096,0
73.23,1,3.980766562456676,-1.4555403652468268,-16.91887299443657,4.027412017595929,-1.2713887521454006,-14.51932574842906,-136.86612638290697,0.08117129653692245,-0.1283195672929287,0.010116134279446165,-0.016647702198630113,-2.3995472460075096,0
73.34,1,3.9901900069498635,-1.4584378930162236,-17.342569474612116,4.0369485122384186,-1.2738892007500329,-14.943022228604619,-137.16806601707606,0.0813290998339653,-0.04478643462061882,0.010116134279446165,-0.016647702198630113,-2.3995472460075096,0
73.44,1,3.9937879918186043,-1.457189698154318,-17.726870635945104,4.044114999112835,-1.2758238752106275,-15.327323389937595,-137.47348634352267,0.08072804659605026,-0.025494083762168884,0.00011613427944745291,-0.00664770219863239,-2.3995472460074834,0
73.54,1,3.994830361737652,-1.453083979310815,-17.80811246322017,4.0517705510112,-1.2779182543345875,-15.408565217212686,-137.58007846444295,0.08076294511556625,0.015212122350931168,0.00011613427944745291,-0.00664770219863239,-2.3995472460074834,0
73.64,1,4.002476002083732,-1.4555307631144982,-17.656861626627165,4.059511928715089,-1.2800427868782966,-15.257314380619686,-137.5535484142472,0.08064041286706924,-0.0021168626844882965,0.00011613427944745291,-0.00664770219863239,-2.3995472460074834,0
73.74,1,4.010211872381655,-1.4580101882446102,-17.736347514336618,4.067344823872856,-1.2821961544014024,-15.336800268329133,-137.56318141888937,0.08043951541185379,-0.013096719980239868,0.00011613427944745291,-0.00664770219863239,-2.3995472460074834,0
73.84,1,4.017877455970881,-1.4604785208548805,-17.981223025016806,4.07510702953311,-1.2843413818779739,-15.58167577900932,-137.65990576776687,0.08087266236543655,-0.02190721407532692,0.00011613427944745291,-0.00664770219863239,-2.3995472460074834,0
73.93,1,4.025585829152472,-1.4629819734336915,-18.149958921063806,4.082913457660512,-1.2865199070242028,-15.750411675056329,-137.76415344812503,0.08099153637886047,-0.013379368931055069,0.00011613427944745291,-0.00664770219863239,-2.3995472460074834,0
74.04,1,4.033294101186371,-1.465506548650198,-18.206236147789383,4.090720669086407,-1.2887195405218013,-15.806688901781895,-137.83657800736557,0.08063286542892456,-0.011131450533866882,0.00011613427944745291,-0.00664770219863239,-2.3995472460074834,0
74.14,1,4.04095840322642,-1.468036684399021,-18.22206057086387,4.0984841818800835,-1.290926570601113,-15.822513324856386,-137.92562903832697,0.08041583001613617,-0.022967692464590073,0.00011613427944745291,-0.00664770219863239,-2.3995472460074834,0
74.24,1,4.047827032875672,-1.4703242753733867,-18.54303720502023,4.105442565153501,-1.2929245815982842,-16.143489959012744,-138.0800096657163,0.08038515597581863,-0.02501833066344261,0.00011613427944745291,-0.00664770219863239,-2.3995472460074834,0
74.33,1,4.056131586069691,-1.4731188142480864,-18.77192306670439,4.113856837670198,-1.2953689770837273,-16.372375820696902,-138.18615765279202,0.08078844845294952,-0.009384669363498688,0.00011613427944745291,-0.00664770219863239,-2.3995472460074834,0
74.43,1,4.063735921560981,-1.4757008835038405,-18.814166950201752,4.121562610835658,-1.297630405797633,-16.41461970419427,-138.25374426569235,0.08082634210586548,-0.0029664598405361176,0.00011613427944745291,-0.00664770219863239,-2.3995472460074834,0
74.54,1,4.071413956293084,-1.478320880946938,-18.856641133911108,4.129343606587753,-1.2999266438199424,-16.45709388790362,-138.3048689483509,0.08050357550382614,-0.008596081286668777,0.00011613427944566993,-0.006647702198632537,-2.399547246007474,0
74.64,1,4.078750826547383,-1.4808352786038512,-18.902423171457944,4.136779315782016,-1.3021316584420852,-16.50287592545046,-138.33735430074302,0.08091720938682556,0.019634932279586792,0.00011613427944566993,-0.006647702198632537,-2.399547246007474,0
74.74,1,4.086743188822856,-1.4835729438385175,-18.922584424305775,4.144879289949518,-1.3045323008905412,-16.5230371782983,-138.26694675907228,0.08057952672243118,0.018687579780817032,0.00011613427944566993,-0.006647702198632537,-2.399547246007474,0
74.84,1,4.0939139079501725,-1.4860167411182201,-18.8567356777851,4.15214603782504,-1.3066737334159173,-16.45718843177763,-138.15195083697736,0.08079688251018524,0.022271957248449326,0.00011613427944566993,-0.006647702198632537,-2.399547246007474,0
74.94,1,4.099249877888268,-1.4878335610384474,-18.63388175219005,4.157553395154298,-1.3082655551762037,-16.234334506182577,-138.07509783690904,0.0807354748249054,0.010088559240102768,0.00011613427944566993,-0.006647702198632537,-2.399547246007474,0
75.04,1,4.109216898698881,-1.4912073608589667,-18.601731037402725,4.16765292992855,-1.3112190998959905,-16.202183791395264,-138.02487253902387,0.0805964395403862,-0.00797269493341446,0.00011613427944566993,-0.006647702198632537,-2.399547246007474,0
75.14,1,4.1168762250741775,-1.493805884739845,-18.816066215995203,4.175414334678137,-1.3134946664619054,-16.416518969987735,-138.03950264761946,0.08084879070520401,-0.00408921018242836,0.00011613427944566993,-0.006647702198632537,-2.399547246007474,0
75.24,1,4.124500924199859,-1.4964003939511596,-18.869372060048978,4.183140974455415,-1.3157676716438036,-16.469824814041505,-138.05834402077133,0.08075575530529022,0.0049371905624866486,0.00011613427944566993,-0.006647702198632537,-2.399547246007474,0
75.34,1,4.132145605442056,-1.4990056310330948,-18.83180951710158,4.190888027980008,-1.3180505586832756,-16.432262271094107,-138.04352190702082,0.08072897791862488,0.0022515319287776947,0.00011613427944566993,-0.006647702198632537,-2.399547246007474,0
75.44,1,4.139845742820658,-1.5016342440779435,-18.785202427616454,4.198691467714072,-1.3203544793645725,-16.38565518160899,-138.03531362523236,0.08075880259275436,-0.00036499276757240295,0.00011613427944566993,-0.006647702198632537,-2.399547246007474,0
75.54,1,4.147471871576859,-1.5042436490518074,-18.870361534523994,4.206420159520506,-1.3226423073924085,-16.470814288516518,-138.02856401362965,0.08074980229139328,-0.0037092454731464386,0.00011613427944566993,-0.006647702198632537,-2.399547246007474,0
75.63,1,4.152795360436909,-1.5060636632261555,-18.975288264894083,4.211815180451874,-1.3242378431607318,-16.575741018886617,-138.04970800507775,0.08094443380832672,0.005808543413877487,0.00011613427944566993,-0.006647702198632537,-2.399547246007474,0
75.74,1,4.162773159491685,-1.5094921550937348,-19.058634000438516,4.221927773852931,-1.3272455807105326,-16.659086754431048,-138.0457743157473,0.08114555478096008,-0.01629074290394783,0.010116134279445528,-0.01664770219863519,-2.399547246007442,0
75.83,1,4.180475207173988,-1.5221579738411741,-19.138466296082754,4.229734679935042,-1.3295865944908734,-16.738919050075317,-138.09801502757992,0.0808417797088623,-0.025715932250022888,0.010116134279445528,-0.01664770219863519,-2.399547246007442,0
75.94,1,4.188008659726368,-1.524792719118712,-19.32459929283162,4.237371837741485,-1.3319036207479467,-16.925052046824177,-138.2428401650432,0.08075027912855148,-0.02674827352166176,0.010116134279445528,-0.01664770219863519,-2.399547246007442,0
76.04,1,4.195452124056142,-1.5274181999307106,-19.50600927468855,4.244918698348099,-1.3342151582681077,-17.10646202868111,-138.39072542972633,0.0806846171617508,-0.017734341323375702,0.010116134279445528,-0.01664770219863519,-2.399547246007442,0
76.14,1,4.203051402026724,-1.530116266402823,-19.63972946812182,4.2526242749709375,-1.3365926942345407,-17.24018222211438,-138.45881029466472,0.08055377006530762,-0.01401263102889061,0.010116134279445528,-0.01664770219863519,-2.399547246007442,0
76.24,1,4.210605812706109,-1.5328138666257711,-19.694779296415412,4.260285004123163,-1.338971642853553,-17.295232050407968,-138.54307188271065,0.08066181093454361,-0.008120957762002945,0.010116134279445528,-0.01664770219863519,-2.399547246007442,0
76.34,1,4.218209462729187,-1.5355415808199526,-19.77122505945593,4.2679961902485815,-1.341378617497737,-17.371677813448493,-138.58363867723048,0.0805240049958229,-0.012007240206003189,0.010116134279445528,-0.01664770219863519,-2.399547246007442,0
76.44,1,4.225874356588746,-1.53830148049809,-19.868635484937165,4.275769914043567,-1.343815185262226,-17.469088238929718,-138.62558630446298,0.08049429208040237,-0.012758906930685043,0.010116134279445528,-0.01664770219863519,-2.399547246007442,0
76.55,1,4.233410582194437,-1.5410336380851233,-19.94637720806243,4.283413920906859,-1.3462294223123537,-17.546829962054982,-138.6958738636056,0.08045874536037445,-0.013393200933933258,0.010116134279445528,-0.01664770219863519,-2.399547246007442,0
76.64,1,4.240922409807754,-1.5437739126311039,-20.061489017141216,4.291033891009766,-1.3486527906934167,-17.661941771133773,-138.7597738691216,0.08077200502157211,-0.0016401447355747223,0.010116134279445528,-0.01664770219863519,-2.399547246007442,0
76.74,1,4.248464935526317,-1.5465342515696772,-20.23990677545128,4.298685372351769,-1.35109492061297,-17.840359529443845,-138.79401246625955,0.08107668906450272,-0.12164014473557472,0.010116134279445528,-0.01664770219863519,-2.399547246007442,0
76.83,1,4.255030816272869,-1.5489710738107427,-20.725381257470005,4.305347520163192,-1.3532547074430201,-18.325834011462558,-139.05006670752365,0.08123414218425751,-0.041276391595602036,0.010116134279445528,-0.01664770219863519,-2.399547246007442,0
76.94,1,4.262096916994156,-1.5516672648831968,-20.92340298565777,4.312520308528574,-1.3556526925905894,-18.523855739650333,-139.39610757157087,0.08065826445817947,-0.018849480897188187,0.010116134279444225,-0.006647702198634712,-2.399547246007449,0
77.04,1,4.269604646821107,-1.5445547818821779,-21.16859870295358,4.3201423491496955,-1.358223345881854,-18.769051456946134,-139.5849993770258,0.08061733096837997,-0.12400926649570465,0.010116134279444225,-0.006647702198634712,-2.399547246007449,0
77.14,1,4.275756115961598,-1.5469723876539903,-21.857298659636346,4.326389644176833,-1.360381283577489,-19.457751413628902,-139.9095697892834,0.08075955510139465,-0.16752192378044128,0.010116134279444225,-0.006647702198634712,-2.399547246007449,0
77.23,1,4.28116618652967,-1.549208603621842,-23.05942689803059,4.331888596334226,-1.3623890312152884,-20.659879652023143,-140.4029669922583,0.08109644800424576,-0.0842360109090805,0.010116134279444225,-0.006647702198634712,-2.399547246007449,0
77.33,1,4.287535712554972,-1.551942788126199,-23.449899295787162,4.338367011487341,-1.3648541405018628,-21.05035204977972,-140.99995430180888,0.08085319399833679,-0.03355685994029045,0.010116134279442442,-0.006647702198634857,-2.399547246007439,0
77.43,1,4.2920162967773186,-1.553891422493157,-23.587017094062496,4.342925251911868,-1.3666134742114957,-21.187469848055052,-141.1949304265724,0.08068999648094177,0.008710961788892746,0.010116134279442442,-0.006647702198634857,-2.399547246007439,0
77.53,1,4.299375093154228,-1.5571126584715158,-23.660971513087553,4.35041246173928,-1.3695237893740482,-21.261424267080116,-141.21577722933853,0.08100726455450058,0.03570931777358055,0.010116134279442442,-0.006647702198634857,-2.399547246007439,0
77.64,1,4.308984076031023,-1.5612928707410605,-23.3969521424231,4.360188035203107,-1.3732980296947386,-20.99740489641566,-141.03060576618842,0.0810345858335495,0.04149223491549492,0.010116134279442442,-0.006647702198634857,-2.399547246007439,0
77.74,1,4.315950253441238,-1.56428067073455,-23.007671912484945,4.367273196885993,-1.3759915516343275,-20.6081246664775,-140.8696785129061,0.08113637566566467,0.03783682733774185,0.010116134279442442,-0.006647702198634857,-2.399547246007439,0
77.84,1,4.3229577172690234,-1.5672564169892103,-22.854538118351087,4.3743991041218795,-1.3786713018345116,-20.454990872343643,-140.6993847419701,0.08059598505496979,0.02161874994635582,0.010116134279442442,-0.006647702198634857,-2.399547246007439,0
77.93,1,4.330007942839077,-1.5702235706825691,-22.842810125952035,4.381567375853589,-1.3813406766693836,-20.443262879944598,-140.55109252238353,0.08072656393051147,0.01746710017323494,0.010116134279442442,-0.006647702198634857,-2.399547246007439,0
78.03,1,4.337889076030802,-1.5735234637390991,-22.72682561971029,4.3895797576860724,-1.3843077108688346,-20.327278373702843,-140.49058262320335,0.0806329995393753,0.012723308056592941,0.010116134279442442,-0.006647702198634857,-2.399547246007439,0
78.14,1,4.345003447810188,-1.576493619193773,-22.55155243301936,4.39681224505823,-1.3869773991749526,-20.15200518701192,-140.42314787899343,0.08059457689523697,0.008362740278244019,0.010116134279442442,-0.006647702198634857,-2.399547246007439,0
78.24,1,4.352493416463583,-1.5796124126444782,-22.521373844288245,4.404426223106138,-1.3897798697462491,-20.121826598280805,-140.38336538267876,0.08053363114595413,0.005240343511104584,0.010116134279442442,-0.006647702198634857,-2.399547246007439,0
78.34,1,4.359966296744527,-1.5827208678551572,-22.60650511775565,4.412022694926409,-1.3925727265943448,-20.206957871748205,-140.34978740906925,0.0807335153222084,0.011300429701805115,0.010116134279442442,-0.006647702198634857,-2.399547246007439,0
78.43,1,4.367441375142638,-1.585818380379757,-22.52056379872339,4.419620904790712,-1.3953545583210967,-20.121016552715947,-140.31320566545006,0.08077321946620941,0.02172107622027397,0.010116134279442442,-0.006647702198634857,-2.399547246007439,0
78.54,1,4.374915837990146,-1.588903308549165,-22.31015839708519,4.427217972765406,-1.3981238424988347,-19.910611151077756,-140.18446867292744,0.08079798519611359,0.027260184288024902,0.00011613427944378877,-0.006647702198635125,-2.3995472460074287,0
78.63,1,4.37802299270183,-1.5919352238053996,-22.28527334919388,4.434720510800135,-1.4008440284688826,-19.885726103186435,-140.0781924151992,0.08093713223934174,0.019023407250642776,0.00011613427944378877,-0.006647702198635125,-2.3995472460074287,0
78.73,1,4.379769722571923,-1.5949885893001639,-22.224058046395175,4.442313609947015,-1.4035818885840574,-19.824510800387745,-139.95904989820826,0.08094272017478943,0.006113715469837189,0.00011613427944378877,-0.006647702198635125,-2.3995472460074287,0
78.83,1,4.385121451199987,-1.5971745864993683,-22.193510605649404,4.447752168773607,-1.4055419041332466,-19.793963359641978,-139.93353891838632,0.08062533289194107,-0.0927073061466217,0.00011613427944378877,-0.006647702198635125,-2.3995472460074287,0
78.94,1,4.393862483133501,-1.6007831878372354,-22.71906364311472,4.456636620278908,-1.4087813738936137,-20.319516397107293,-140.24477791825046,0.08107758313417435,-0.024165324866771698,0.00011613427944378877,-0.006647702198635125,-2.3995472460074287,0
79.04,1,4.40105452474834,-1.6038098521994035,-22.812200530320332,4.463949075283875,-1.4115042696960878,-20.412653284312896,-140.43848094203582,0.08103449642658234,-0.014095228165388107,0.00011613427944378877,-0.006647702198635125,-2.3995472460074287,0
79.13,1,4.408527713212674,-1.606972671153129,-22.946377798214957,4.471548131105379,-1.4143514297160305,-20.546830552207528,-140.49374207584856,0.08101415634155273,0.00041985884308815,0.00011613427944378877,-0.006647702198635125,-2.3995472460074287,0
79.24,1,4.415991110796296,-1.6101349870586155,-23.022070171274926,4.479137383569695,-1.417198497051057,-20.622522925267496,-140.49230188280615,0.08134095370769501,0.02380615845322609,0.00011613427944378877,-0.006647702198635125,-2.3995472460074287,0
79.34,1,4.4233630826667865,-1.6132485906178429,-22.834311371175353,4.486633251009759,-1.420000722542399,-20.434764125167916,-140.42001340009443,0.08128330856561661,0.029667560011148453,0.00011613427944378877,-0.006647702198635125,-2.3995472460074287,0
79.43,1,4.430677631928813,-1.6163176167305289,-22.644834187583722,4.4940698798339715,-1.4227608138303545,-20.2452869415763,-140.31892777636585,0.08138686418533325,0.02965604141354561,0.00011613427944378877,-0.006647702198635125,-2.3995472460074287,0
79.54,1,4.437888894315972,-1.6193173212948686,-22.515125054555718,4.501400410011428,-1.4254559687437474,-20.11557780854829,-140.14549555518204,0.08130855858325958,0.02292540669441223,0.00011613427944378877,-0.006647702198635125,-2.3995472460074287,0
79.63,1,4.445285834657566,-1.6223742910275212,-22.397026649178958,4.508918852897885,-1.4282005646933429,-19.99747940317152,-140.05566886514134,0.08099821209907532,0.006969016045331955,0.00011613427944378877,-0.006647702198635125,-2.3995472460074287,0
79.73,1,4.452815061414562,-1.6254753064833143,-22.35798884579206,4.516571310301555,-1.4309836292093623,-19.95844159978463,-139.99893589197822,0.08086363226175308,-0.0007712207734584808,0.00011613427944242853,0.0033522978013640205,-2.3995472460074208,0
79.83,1,4.4603480153591635,-1.6185729655842247,-22.33080655573039,4.5242273511016355,-1.4337631842644907,-19.93125930972297,-139.9900052039106,0.0807650089263916,-0.00573604553937912,0.00011613427944242853,0.0033522978013640205,-2.3995472460074208,0
79.94,1,4.4678605543745284,-1.6216616275371607,-22.37237955068493,4.531862618182663,-1.4365346047880247,-19.972832304677503,-140.0170261307704,0.08102567493915558,-0.007900010794401169,0.00011613427944242853,0.0033522978013640205,-2.3995472460074208,0
80.04,1,4.47531093877596,-1.6247266373660882,-22.358551205732073,4.539434794887931,-1.4392849962010286,-19.95900395972465,-140.0414325017483,0.0811217799782753,0.007109154015779495,0.00011613427944242853,0.0033522978013640205,-2.3995472460074208,0
80.14,1,4.482872788822086,-1.6278339945499736,-22.313288561056186,4.5471201124893,-1.4420730310204712,-19.913741315048764,-140.01594051427696,0.08100345730781555,0.0022418536245822906,0.00011613427944242853,0.0033522978013640205,-2.3995472460074208,0
80.23,1,4.490447825037278,-1.6309442897745277,-22.307409503328547,4.554818727706764,-1.4448634492290502,-19.90786225732112,-139.99508301406115,0.08106416463851929,0.0007231645286083221,0.00011613427944242853,0.0033522978013640205,-2.3995472460074208,0
80.34,1,4.4979452783011205,-1.634020719197879,-22.32584903548765,4.562438410115449,-1.4476232795555621,-19.92630178948023,-139.98759607139726,0.08100248873233795,0.00031068921089172363,0.00011613427944242853,0.0033522978013640205,-2.3995472460074208,0
80.43,1,4.505410233827311,-1.6370860351873284,-22.369125441443536,4.5700251579871995,-1.4503733668003,-19.969578195436114,-139.98948568786903,0.08097441494464874,-0.006395377218723297,0.00011613427944242853,0.0033522978013640205,-2.3995472460074208,0
80.54,1,4.512927855244737,-1.6401752007533856,-22.324363318529667,4.577665524098993,-1.4531450777065853,-19.924816072522237,-140.02822269201968,0.08097385615110397,-0.009313583374023438,0.00011613427944242853,0.0033522978013640205,-2.3995472460074208,0
80.64,1,4.520543571067924,-1.6433098535731052,-22.381319679177885,4.5854058030528995,-1.4559581289886319,-19.98177243317047,-140.08469585952585,0.08091874420642853,-0.005942944437265396,0.00011613427944242853,0.0033522978013640205,-2.3995472460074208,0
80.74,1,4.528000724116174,-1.6463828712549344,-22.39198182297339,4.592985077740823,-1.458716237844868,-19.992434576965962,-140.12021941202215,0.08093176037073135,-0.01663169264793396,0.00011613427944242853,0.0033522978013640205,-2.3995472460074208,0
80.83,1,4.5354440921988814,-1.64945703332953,-22.461664524260787,4.600550627463561,-1.4614760672360323,-20.062117278253368,-140.1859824801878,0.08084563910961151,-0.01754823699593544,0.00011613427944242853,0.0033522978013640205,-2.3995472460074208,0
80.94,1,4.540334311182032,-1.6514823572051216,-22.567485260639966,4.605521354282981,-1.46329487272066,-20.167938014632547,-140.3032866897903,0.08081739395856857,-0.016043704003095627,0.010116134279441412,-0.00664770219863836,-2.3995472460073857,0
81.03,1,4.555794580295487,-1.6610466185287922,-22.693655470006046,4.615782824921473,-1.4670670866191642,-20.294108223998624,-140.38796829397307,0.08094807714223862,-0.014249496161937714,0.010116134279441412,-0.00664770219863836,-2.3995472460073857,0
81.14,1,4.567947599152387,-1.6688194459260839,-22.711016707850387,4.623426385694495,-1.4698880991067766,-20.311469461842993,-140.48895984393525,0.0811544805765152,-0.00198577344417572,0.010116134279441412,-0.00664770219863836,-2.3995472460073857,0
81.24,1,4.575040733063809,-1.671788448691178,-22.658024372319602,4.630637605560353,-1.4725575249159673,-20.258477126312222,-140.54628997341288,0.08097843825817108,-0.021193113178014755,0.010116134279441412,-0.00664770219863836,-2.3995472460073857,0
81.34,1,4.582518009058976,-1.674936145121127,-22.842617289372217,4.638240112182409,-1.4753894045363984,-20.44307004336483,-140.61651995151988,0.08088123798370361,-0.01519986242055893,0.010116134279441412,-0.00664770219863836,-2.3995472460073857,0
81.44,1,4.589951544828773,-1.678080756604866,-23.064550770389683,4.645798787772447,-1.478220033220818,-20.6650035243823,-140.6885953305783,0.08102545142173767,-0.028720688074827194,0.010116134279441412,-0.00664770219863836,-2.3995472460073857,0
81.54,1,4.597247144850783,-1.6811874615191769,-23.190050523702382,4.653218061499048,-1.4810185636343614,-20.790503277695002,-140.85542876953085,0.08083970844745636,-0.028789859265089035,0.010116134279441412,-0.00664770219863836,-2.3995472460073857,0
81.64,1,4.604485627370832,-1.684303033759933,-23.370354875202295,4.660580639061627,-1.4838283449809169,-20.970807629194912,-141.03049903387736,0.081008180975914,-0.04403528943657875,0.010116134279441412,-0.00664770219863836,-2.3995472460073857,0
81.74,1,4.611476898605715,-1.6873481652104072,-23.7175178330374,4.667693272905537,-1.4865780974848377,-21.317970587030008,-141.18411325608395,0.08101455867290497,-0.030620496720075607,0.010116134279441412,-0.00664770219863836,-2.3995472460073857,0
81.83,1,4.618609172377097,-1.6904859874069904,-23.808461409208434,4.674950666403204,-1.4894145559998422,-21.408914163201047,-141.311345253595,0.08073531836271286,-0.017714332789182663,0.010116134279441412,-0.00664770219863836,-2.3995472460073857,0
81.94,1,4.623372960688434,-1.6925963186124702,-23.952695964364988,4.679798632476525,-1.4913235876454618,-21.553148718357605,-141.43402377268004,0.08067571371793747,-0.029344890266656876,0.010116134279441412,-0.00664770219863836,-2.3995472460073857,0
82.04,1,4.6331450543603845,-1.6969606131552575,-24.25689881989802,4.689744880825776,-1.4952749197454744,-21.857351573890632,-141.57029146894214,0.08101647347211838,-0.0003194548189640045,0.010116134279441412,-0.00664770219863836,-2.3995472460073857,0
82.14,1,4.640500860620574,-1.700269617168465,-24.26264392225338,4.697232777809218,-1.4982730511739224,-21.863096676245988,-141.60133826157366,0.08076338469982147,0.001635376363992691,0.020116134279441814,-0.006647702198638822,-2.3995472460073803,0
82.23,1,4.657873169150433,-1.7035846320219157,-24.156790217517834,4.704737414252902,-1.5012764972590307,-21.757242971510454,-141.60756290903439,0.08070585876703262,-0.006246689707040787,0.020116134279441814,-0.006647702198638822,-2.3995472460073803,0
82.34,1,4.665256213606873,-1.7069077931016863,-24.20283678473764,4.7122531182737255,-1.5042876329383472,-21.80328953873026,-141.66382068049816,0.08071109652519226,-0.009748630225658417,0.020116134279441814,-0.006647702198638822,-2.3995472460073803,0
82.44,1,4.672592751175332,-1.7102165005872767,-24.31502341441499,4.719721751046029,-1.5072862748361189,-21.91547616840761,-141.7128048235924,0.08072733879089355,-0.008403122425079346,0.020116134279441814,-0.006647702198638822,-2.3995472460073803,0
82.54,1,4.679965302570168,-1.7135497302426619,-24.405165634066286,4.727227392754668,-1.5103079095835004,-22.00561838805891,-141.7811260080841,0.0808110311627388,0.0004246644675731659,0.020116134279441814,-0.006647702198638822,-2.3995472460073803,0
82.64,1,4.687346331525658,-1.7168848051408934,-24.336152958250867,4.734741581846687,-1.513331033019284,-21.936605712243487,-141.79421958800356,0.0807722732424736,0.00715218111872673,0.020116134279441814,-0.006647702198638822,-2.3995472460073803,0
82.74,1,4.694721707427007,-1.7202157847627404,-24.25581122363009,4.74224995138134,-1.5163503014502875,-21.85626397762271,-141.78044130126364,0.08076456934213638,-0.0038975030183792114,0.020116134279441814,-0.006647702198638822,-2.3995472460073803,0
82.84,1,4.702042802905746,-1.723528338226441,-24.319294380416654,4.749703316626634,-1.5193534324795506,-21.91974713440927,-141.7892647473195,0.08079202473163605,-0.007729358971118927,0.020116134279441814,-0.006647702198638822,-2.3995472460073803,0
82.94,1,4.709431729952699,-1.7268756212549072,-24.41563959998208,4.75722590801181,-1.5223884226656172,-22.0160923539747,-141.83499929909243,0.0809093490242958,-0.007197778671979904,0.020116134279441814,-0.006647702198638822,-2.3995472460073803,0
83.04,1,4.716838515461272,-1.7302380422156758,-24.567974716834115,4.764766975990907,-1.525437789816696,-22.168427470826742,-141.90661835457826,0.08084627985954285,-0.02378719300031662,0.020116134279441814,-0.006647702198638822,-2.3995472460073803,0
83.14,1,4.724065797881987,-1.7335420868014986,-24.61703987882641,4.772126254189483,-1.5284363471714653,-22.217492632819027,-142.00989233984387,0.08092260360717773,-0.040530022233724594,0.020116134279441814,-0.006647702198638822,-2.3995472460073803,0
83.23,1,4.728656783611263,-1.735658368998202,-24.854631200947352,4.776801818355456,-1.5303585594470404,-22.455083954939976,-142.15152197350037,0.08062346279621124,-0.030608277767896652,0.020116134279441814,-0.006647702198638822,-2.3995472460073803,0
83.34,1,4.738254368018597,-1.7401183384728829,-25.087847289443744,4.786577716151578,-1.5344127888991987,-22.688300043436367,-142.33085652199196,0.08035901933908463,-0.014509547501802444,0.01640083497812145,0.00025204183458916405,-2.5995095165080504,0
83.44,1,4.740368860075433,-1.7485172109388505,-25.26702968886187,4.793946480897045,-1.5374946031450247,-22.762951595706184,-142.39724432813492,0.08072018623352051,-0.002957921475172043,0.01640083497812145,0.00025204183458916405,-2.5995095165080504,0
83.54,1,4.742994043182322,-1.7565549519949952,-25.391694717040718,4.801408336732084,-1.5406271948041976,-22.79218520053266,-142.43833637393365,0.08084028214216232,-0.013626232743263245,0.01640083497812145,0.00025204183458916405,-2.5995095165080504,0
83.64,1,4.750356544346651,-1.7600611979030758,-25.461244375757946,4.808922285381126,-1.5437959105475634,-22.86173485924989,-142.48922222333917,0.0807032436132431,0.0147278793156147,0.01640083497812145,0.00025204183458916405,-2.5995095165080504,0
83.73,1,4.757677995468833,-1.7635484184780064,-25.370040581937523,4.816394363346971,-1.5469474823371696,-22.77053106542948,-142.45412681137637,0.08076594769954681,0.022182513028383255,0.01640083497812145,0.00025204183458916405,-2.5995095165080504,0
83.83,1,4.7623115799838605,-1.7657437084783354,-25.384188953675658,4.821122745849995,-1.5489303596779394,-22.784679437167608,-142.38668677817475,0.08089765906333923,0.02032696083188057,0.01640083497812145,0.00025204183458916405,-2.5995095165080504,0
83.94,1,4.771775789758894,-1.7702160535539966,-25.252678539109553,4.830780057246732,-1.5529688586228587,-22.653169022601503,-142.2683369434764,0.08112698048353195,0.02968958020210266,0.01640083497812145,0.00025204183458916405,-2.5995095165080504,0
84.03,1,4.779264559602214,-1.773738475381165,-25.11612739906719,4.8384208782886935,-1.5561480067948443,-22.516617882559135,-142.16832593080176,0.08109578490257263,-0.019303254783153534,0.01640083497812145,0.00025204183458916405,-2.5995095165080504,0
84.13,1,4.784025422105253,-1.775981967948731,-25.338330468227078,4.843278594005615,-1.5581732644789783,-22.738820951719028,-142.21612450395259,0.08115793764591217,0.006012760102748871,0.01640083497812145,0.00025204183458916405,-2.5995095165080504,0
84.24,1,4.793942962286571,-1.7806588381192339,-25.259248159812543,4.85339804543305,-1.5623955175087696,-22.65973864330449,-142.2058089258437,0.08084693551063538,0.00963890552520752,0.01640083497812145,0.00025204183458916405,-2.5995095165080504,0
84.34,1,4.801282817164643,-1.7841099850201452,-25.219547658366118,4.860886872115396,-1.5655102180537035,-22.620038141858064,-142.18428097676514,0.08090020716190338,0.016513641923666,0.01640083497812145,0.00025204183458916405,-2.5995095165080504,0
84.44,1,4.805706788100158,-1.7861884017112937,-25.052243898350056,4.865400556017001,-1.5673858492585844,-22.452734381842006,-142.1260472550896,0.08088312298059464,0.019677728414535522,0.01640083497812145,0.00025204183458916405,-2.5995095165080504,0
84.54,1,4.815551208648853,-1.7907884664642828,-24.972570998379194,4.875443479588555,-1.5715346922065825,-22.37306148187114,-142.01321050398394,0.08082062751054764,0.007261659950017929,0.006400834978122054,0.00025204183458711984,-2.599509516508036,0
84.64,1,4.817970560228759,-1.7942160551532609,-25.02498826149926,4.882937587461717,-1.5746255705000538,-22.425478744991217,-141.97870503575368,0.08007533103227615,-0.009727228432893753,0.006400834978122054,0.00025204183458711984,-2.599509516508036,0
84.74,1,4.819764070941783,-1.797420577865192,-25.10573091080926,4.889942511925124,-1.5775153625281237,-22.506221394301217,-142.03326958665747,0.08024565130472183,-0.035436686128377914,0.006400834978122054,0.00025204183458711984,-2.599509516508036,0
84.84,1,4.825103431217674,-1.7999283970738291,-25.155261260276998,4.89539011850227,-1.5797784374096966,-22.555751743768965,-142.1511567289757,0.08035863935947418,-0.032822687178850174,0.006400834978122054,0.00025204183458711984,-2.599509516508036,0
84.93,1,4.8342509880540945,-1.804262307186372,-25.47112052317935,4.90472482416981,-1.5836930054624383,-22.871611006671312,-142.33445123548586,0.08081715553998947,-0.04045526310801506,0.006400834978122054,0.00025204183458711984,-2.599509516508036,0
85.04,1,4.841188574424291,-1.807583101280283,-25.706173835036218,4.911805884217342,-1.5866957320003252,-23.106664318528193,-142.56649567974858,0.0808306336402893,-0.04599815979599953,0.006400834978122054,0.00025204183458711984,-2.599509516508036,0
85.14,1,4.847931364379886,-1.8108396656188492,-25.850959214105263,4.918689435199596,-1.5896431297595721,-23.25144969759723,-142.73356327054145,0.0810014009475708,-0.062439534813165665,0.006400834978122054,0.00025204183458711984,-2.599509516508036,0
85.23,1,4.854480204776601,-1.8140366004716861,-26.229576072250033,4.925376531743475,-1.592539755867261,-23.630066555741998,-142.95225807178898,0.08085627108812332,-0.04927476868033409,0.006400834978122054,0.00025204183458711984,-2.599509516508036,0
85.34,1,4.86125172967972,-1.8173771175784765,-26.400264061292763,4.932292595734275,-1.5955697167464653,-23.800754544784727,-143.24532346414634,0.08009076863527298,-0.025442056357860565,0.006400834978122054,0.00025204183458711984,-2.599509516508036,0
85.44,1,4.868334069854682,-1.8208967481317224,-26.41024391739929,4.939527278744386,-1.5987645099054062,-23.810734400891256,-143.36611147489356,0.07985851168632507,-0.009263895452022552,0.006400834978122054,0.00025204183458711984,-2.599509516508036,0
85.54,1,4.875490568120001,-1.8244636853657275,-26.461187062998604,4.946838189100915,-1.6020031976661573,-23.86167754649056,-143.4712121640646,0.07889213413000107,-0.026301860809326172,0.006400834978122054,0.00025204183458711984,-2.599509516508036,0
85.63,1,4.882504814245817,-1.8279741256200537,-26.72336269263789,4.954004431312685,-1.6051918983506017,-24.123853176129852,-143.5731721795329,0.07952480763196945,0.0081930011510849,0.006400834978122054,0.00025204183458711984,-2.599509516508036,0
85.74,1,4.889416895301141,-1.8314431628895833,-26.743535384342113,4.961066735777063,-1.6083438722948469,-24.144025867834085,-143.6189911332169,0.08038723468780518,-0.03293999657034874,0.01640083497812141,-0.009747958165412135,-2.5995095165080384,0
85.84,1,4.9014259539710885,-1.8400336045284642,-26.67878643595977,4.968114691115579,-1.6115061334458312,-24.079276919451736,-143.72884564442032,0.08018133789300919,-0.01967480778694153,0.01640083497812141,-0.009747958165412135,-2.5995095165080384,0
85.94,1,4.913448488958702,-1.8485155409261655,-26.87638894618889,4.975404654056408,-1.6147725775360335,-24.276879429680847,-143.8658710049114,0.0804678350687027,-0.020807992666959763,0.01640083497812141,-0.009747958165412135,-2.5995095165080384,0
86.04,1,4.920541236720487,-1.8521025776482953,-26.790265140812505,4.982652791112299,-1.6180342354698507,-24.19075562430446,-144.00011536433246,0.08065374195575714,-0.026995588093996048,0.01640083497812141,-0.009747958165412135,-2.5995095165080384,0
86.13,1,4.92764818268282,-1.8557131825684428,-26.899457918179888,4.989916180680532,-1.6213187933976383,-24.299948401671855,-144.09568222735913,0.08066457509994507,-0.015836719423532486,0.01640083497812141,-0.009747958165412135,-2.5995095165080384,0
86.23,1,4.934884296453935,-1.8593874020427053,-26.99235561403882,4.997311490340706,-1.624661042084332,-24.392846097530786,-144.1786551631365,0.08111271262168884,-0.016007576137781143,0.01640083497812141,-0.009747958165412135,-2.5995095165080384,0
86.34,1,4.942089288488645,-1.8630648666709217,-27.20082668609653,5.004675857472175,-1.6280079440943942,-24.6013171695885,-144.27914505204103,0.081065833568573,0.025655027478933334,0.01640083497812141,-0.009747958165412135,-2.5995095165080384,0
86.44,1,4.94906093567507,-1.8666423418786606,-27.118065413793083,5.011802584913177,-1.6312655428013614,-24.518555897285047,-144.18518402558428,0.08166463673114777,0.055345360189676285,0.01640083497812141,-0.009747958165412135,-2.5995095165080384,0
86.54,1,4.955583284439378,-1.8699769127913943,-27.02385546671507,5.018469459491575,-1.634300864848729,-24.424345950207034,-143.9990773217757,0.08078838884830475,0.045335639268159866,0.01640083497812141,-0.009747958165412135,-2.5995095165080384,0
86.64,1,4.962213251760106,-1.8733421786024884,-26.831227373386987,5.025245234032203,-1.637361969229149,-24.23171785687896,-143.80081165600885,0.0809776559472084,0.04333821311593056,0.01640083497812141,-0.009747958165412135,-2.5995095165080384,0
86.74,1,4.969076821002861,-1.876812053153204,-26.6345783464018,5.032259114579114,-1.6405169798188999,-24.03506882989376,-143.53735970566893,0.08271419256925583,0.043098289519548416,0.01640083497812141,-0.009747958165412135,-2.5995095165080384,0
86.84,1,4.97590176940917,-1.8802312053592665,-26.594659576332667,5.039232113548687,-1.6436230718856861,-23.99515005982463,-143.3838116696259,0.08106351643800735,0.03598723188042641,0.01640083497812141,-0.009747958165412135,-2.5995095165080384,0
86.94,1,4.98044403058661,-1.882493561735083,-26.33932517315422,5.043872308447328,-1.6456770885063374,-23.73981565664618,-143.25683610428666,0.08081098645925522,0.03512125834822655,0.023191458985597335,0.008011242991715604,-2.799471787008672,0
87.04,1,4.987518593533389,-1.8854740748988559,-26.591095332413733,5.0508815318045315,-1.6487650831912235,-23.791623545405063,-143.07895334465735,0.08084775507450104,0.01123226061463356,0.023191458985597335,0.008011242991715604,-2.799471787008672,0
87.14,1,4.997119817711825,-1.8902750353946194,-26.55810651398871,5.060705779370959,-1.6530913849791242,-23.758634726980038,-142.98075381355466,0.08058661222457886,0.016224194318056107,0.023191458985597335,0.008011242991715604,-2.799471787008672,0
87.24,1,5.001850913460603,-1.8926330890942276,-26.506083761693123,5.065546397638943,-1.6552155551742849,-23.706611974684453,-142.92376052764635,0.08061668276786804,0.007283173501491547,0.023191458985597335,0.008011242991715604,-2.799471787008672,0
87.34,1,5.011509017997895,-1.8974380338776882,-26.38548035183412,5.075427652277353,-1.659543058426306,-23.586008564825445,-142.85261539802693,0.08060621470212936,0.030711587518453598,0.023191458985597335,0.008011242991715604,-2.799471787008672,0
87.44,1,5.018606316530681,-1.900946635190465,-26.179071513182834,5.082687842865454,-1.6627008364837308,-23.379599726174153,-142.68530838095552,0.08062039315700531,0.04858124628663063,0.023191458985597335,0.008011242991715604,-2.799471787008672,0
87.54,1,5.02528767750917,-1.9042197378400423,-26.147991411890974,5.089521090397273,-1.665643711548772,-23.348519624882307,-142.51223771838352,0.08021393418312073,0.042955558747053146,0.023191458985597335,0.008011242991715604,-2.799471787008672,0
87.63,1,5.031652770563795,-1.9073327328282752,-25.968267608890773,5.096030627695154,-1.6684421167299934,-23.1687958218821,-142.3308462880648,0.08079105615615845,0.03672301396727562,0.023191458985597335,0.008011242991715604,-2.799471787008672,0
87.74,1,5.038649122368661,-1.9107434116711646,-25.864245271802325,5.103185209437972,-1.6715070194743138,-23.064773484793644,-142.0977288248264,0.08132632076740265,0.011947710067033768,0.023191458985597335,0.008011242991715604,-2.799471787008672,0
87.83,1,5.045862274222028,-1.914231542387042,-25.81594167235628,5.110560115290417,-1.6746386930234456,-23.016469885347593,-142.02786768298273,0.08207263052463531,0.004595395177602768,0.023191458985597335,0.008011242991715604,-2.799471787008672,0
87.94,1,5.053283406984037,-1.9178028718654936,-25.64619154826552,5.11814681731882,-1.6778433081403104,-22.846719761256853,-141.95764455724003,0.0818212479352951,0.032177556306123734,0.023191458985597335,0.008011242991715604,-2.799471787008672,0
88.03,1,5.060486376357239,-1.921239900339819,-25.18580351567747,5.125509056980817,-1.680924437751988,-22.386331728668793,-141.83142075507465,0.08154270797967911,0.060536328703165054,0.023191458985597335,0.008011242991715604,-2.799471787008672,0
88.14,1,5.0671270404974145,-1.9243409891515764,-24.939918422059147,5.132293254989963,-1.6836974919190926,-22.140446635050466,-141.48271205799497,0.08108306676149368,0.06882040202617645,0.02319145898559734,0.018011242991718968,-2.7994717870086996,0
88.24,1,5.073675449599123,-1.9173438209098084,-24.276917855613718,5.138980509129258,-1.6863769120817564,-21.477446068605023,-141.0913311342498,0.08095374703407288,0.07603387534618378,0.02319145898559734,0.018011242991718968,-2.7994717870086996,0
88.33,1,5.080178469065367,-1.9202690046121969,-24.11371995455907,5.145618635426973,-1.6889809937100186,-21.314248167550375,-140.82047350695458,0.0816444680094719,0.027432840317487717,0.02319145898559734,0.018011242991718968,-2.7994717870086996,0
88.44,1,5.087255940044655,-1.9234091913998275,-23.888330678793974,5.152841028551662,-1.6917717653015933,-21.088858891785268,-140.69797311450733,0.08224695175886154,0.02080666646361351,0.02319145898559734,0.018011242991718968,-2.7994717870086996,0
88.54,1,5.094713648484055,-1.926692303761053,-23.629176463606886,5.160450185921681,-1.6946867208864702,-20.82970467659818,-140.5695929773303,0.08145654201507568,0.0033984631299972534,0.02319145898559734,0.018011242991718968,-2.7994717870086996,0
88.63,1,5.102209817559321,-1.9299772543384597,-23.569228555678645,5.168097847807679,-1.6976016340547173,-20.76975676866995,-140.5419086285101,0.08141937106847763,-0.0021818317472934723,0.02319145898559734,0.018011242991718968,-2.7994717870086996,0
88.74,1,5.109611010832923,-1.9332260966188888,-23.82452526503996,5.175648883687801,-1.7004851206895801,-21.025053478031257,-140.56582234597067,0.08127589523792267,-0.001964062452316284,0.02319145898559734,0.018011242991718968,-2.7994717870086996,0
88.83,1,5.114430844250318,-1.9353568948403737,-23.9899113223624,5.18056703443856,-1.7023779726185293,-21.190439535353697,-140.58860911978383,0.08127385377883911,0.014596465975046158,0.02319145898559734,0.018011242991718968,-2.7994717870086996,0
88.94,1,5.124334813350494,-1.9397790832822766,-23.98360234354613,5.190675166187315,-1.706311168151774,-21.184130556537433,-140.52283710669232,0.08137212693691254,0.012388315051794052,0.02319145898559734,0.018011242991718968,-2.7994717870086996,0
89.05,1,5.131559971145349,-1.942971905700043,-23.58239092649363,5.198047640630044,-1.7091472994504389,-20.782919139484925,-140.4417220915617,0.08140871673822403,0.003915015608072281,0.02319145898559734,0.018011242991718968,-2.7994717870086996,0
89.14,1,5.138991941480069,-1.9461745956054668,-23.10142983352998,5.205627162733637,-1.711983185620157,-20.30195804652128,-140.34111015000641,0.08145103603601456,-0.005034778267145157,0.026171151293373985,-0.0002999055676031207,-2.5995095165080415,0
89.24,1,5.146205376851959,-1.948380098685067,-23.161607252538605,5.210648415382145,-1.7138439485444783,-20.40867688539789,-140.31037458350107,0.08135783672332764,-0.019262369722127914,0.026171151293373985,-0.0002999055676031207,-2.5995095165080415,0
89.33,1,5.163481538714801,-1.9528723962731485,-23.335203695244175,5.220581704532299,-1.7175633946002646,-20.73569417873613,-140.36867980917884,0.08177683502435684,-0.028400536626577377,0.026171151293373985,-0.0002999055676031207,-2.5995095165080415,0
89.44,1,5.171148981074754,-1.9562118345389572,-23.76218742329457,5.228392715113091,-1.7205516439173552,-21.162677906786527,-140.51764586570582,0.08165593445301056,-0.05824130401015282,0.026171151293373985,-0.0002999055676031207,-2.5995095165080415,0
89.54,1,5.177810679123367,-1.959197437132077,-24.39532795232418,5.235182968318087,-1.7232320366398857,-21.795818435816134,-140.6941497299226,0.08170050382614136,-0.06943468749523163,0.026171151293373985,-0.0002999055676031207,-2.5995095165080415,0
89.64,1,5.184178175366849,-1.9620949263116443,-24.587191323122564,5.241675326129729,-1.7258377499783155,-21.98768180661453,-141.0230583059009,0.08137579262256622,-0.0830753743648529,0.026171151293373985,-0.0002999055676031207,-2.5995095165080415,0
89.74,1,5.190378364688365,-1.964917695076364,-24.12572990834655,5.247997160282938,-1.728376407903486,-21.526220391838518,-141.25783375020688,0.08031279593706131,-0.007092297077178955,0.026171151293373985,-0.0002999055676031207,-2.5995095165080415,0
89.84,1,5.19754382798132,-1.9680682669584246,-23.485810348044165,5.255298142425847,-1.7311987521659156,-20.88630083153613,-141.3845443909825,0.08004188537597656,-0.09302301704883575,0.026171151293373985,-0.0002999055676031207,-2.5995095165080415,0
89.93,1,5.201556026606082,-1.969816517896167,-23.701667390090684,5.259385503266003,-1.7327632330728637,-21.10215787358264,-141.63132186398312,0.07989894598722458,-0.1298770308494568,0.026171151293373985,-0.0002999055676031207,-2.5995095165080415,0
90.04,1,5.209557881774013,-1.973416692423432,-24.818480742053378,5.267542408076163,-1.735996783238442,-22.21897122554534,-142.20102744103053,0.07992836833000183,-0.15170839428901672,0.026171151293373985,-0.0002999055676031207,-2.5995095165080415,0
90.14,1,5.215037064694211,-1.975982787028332,-25.404467527731548,5.273132336462006,-1.7383117319712253,-22.804958011223512,-142.6634770845716,0.07996401935815811,-0.13807235658168793,0.026171151293373985,-0.0002999055676031207,-2.5995095165080415,0
90.23,1,5.218621185745472,-1.9776972619432291,-25.738682272408518,5.276790528345949,-1.739861886829348,-23.13917275590048,-143.10984358169912,0.0799902006983757,-0.15058325231075287,0.026171151293373985,-0.0002999055676031207,-2.5995095165080415,0
90.34,1,5.225906521370594,-1.9812729767847086,-26.529017082505877,5.284230541586679,-1.7431034998192079,-23.929507565997845,-143.8000045085456,0.08000185340642929,-0.12128084897994995,0.026171151293373985,-0.0002999055676031207,-2.5995095165080415,0
90.44,1,5.231221394377048,-1.983947789341586,-27.02007012053108,5.2896612599820045,-1.7455345068121704,-24.42056060402304,-144.43865051571,0.08000371605157852,-0.13319584727287292,0.043345728112062366,0.008298965136297924,-2.7994717870086903,0
90.54,1,5.24359320069074,-1.9931729868703278,-28.121857552016568,5.295456842834222,-1.7482168534915445,-25.39118939613504,-144.8843096034139,0.08000253140926361,-0.14250807464122772,0.043345728112062366,0.008298965136297924,-2.7994717870086903,0
90.64,1,5.252199517032793,-1.9992520997667769,-29.068536653141678,5.300687400207523,-1.7507518835713225,-26.269064866132986,-145.61186136864592,0.08000100404024124,-0.11827278137207031,0.043345728112062366,0.008298965136297924,-2.7994717870086903,0
90.74,1,5.25816228848508,-2.0026180638972972,-29.841287135360453,5.30680745119365,-1.7538226056113917,-27.041815348351765,-146.04332518371788,0.08000015467405319,-0.08136890083551407,0.03612319823008169,-0.0003479727855668096,-2.5995095165080415,0
90.83,1,5.261752206896927,-1.9952447861303129,-29.99351605058385,5.310729038013511,-1.7558385224483308,-27.3940065340758,-146.39141773115944,0.07999985665082932,-0.11630190163850784,0.03612319823008169,-0.0003479727855668096,-2.5995095165080415,0
90.94,1,5.267364650270459,-1.998532081751561,-30.79641996419269,5.316484799387718,-1.758867886098635,-28.19691044768465,-146.9892094990932,0.07999984920024872,-0.23630190163850784,0.03612319823008169,-0.0003479727855668096,-2.5995095165080415,0
91.03,1,5.273531449459765,-2.002297837425271,-32.17416567527979,5.32281604640834,-1.7623500749503698,-29.57465615877175,-147.5396945470805,0.07999991625547409,-0.21835646033287048,0.03612319823008169,-0.0003479727855668096,-2.5995095165080415,0
91.14,1,5.277905669522869,-2.0050979868088583,-33.156736589922254,5.327312764412755,-1.7649489525772768,-30.557227073414214,-148.50368194786975,0.07999997586011887,-0.208683043718338,0.03612319823008157,-0.0003479727855696771,-2.599509516508016,0
91.24,1,5.28239811625291,-2.0080885558247794,-34.26878381152213,5.331936223799014,-1.7677326917828875,-31.669274295014098,-149.1504730638041,0.07965478301048279,-0.25552764534950256,0.03612319823008157,-0.0003479727855696771,-2.599509516508016,0
91.34,1,5.286588305665446,-2.011010855235971,-35.550005932752065,5.336254640573769,-1.7704619403463369,-32.95049641624405,-150.2149292079397,0.0799228623509407,-0.2824518382549286,0.053449528499817274,0.018380967712983826,-2.799471787008679,0
91.44,1,5.299644802494995,-2.012627378277815,-36.660795535877796,5.339129988277742,-1.7723573913426571,-33.861323748869125,-150.98128948963455,0.07994821667671204,-0.20734696090221405,0.053449528499817274,0.018380967712983826,-2.799471787008679,0
91.54,1,5.305003256128544,-2.0167269323178774,-38.12910115808479,5.344682271588752,-1.776190343038748,-35.32962937107611,-152.0055160879299,0.0799315795302391,-0.2070469707250595,0.038780500721698904,-0.019136257770717844,-2.3995472460073866,0
91.64,1,5.307347609754856,-2.0198271595704176,-38.235166756741094,5.347711867498191,-1.778353521982939,-35.835619510733714,-152.638773462943,0.0771876871585846,-0.1022379919886589,0.038780500721698904,-0.019136257770717844,-2.3995472460073866,0
91.74,1,5.313486825824877,-2.0247039393865216,-38.581605753705006,5.354049880304096,-1.7829689904316812,-36.18205850769762,-153.40810932650268,0.07910418510437012,-0.14840805530548096,0.04611788516435299,-0.00034828148475431593,-2.5995095165080646,0
91.83,1,5.316969489649795,-2.026881445909121,-39.25703370763279,5.357339946758162,-1.785391273051328,-36.65752419112472,-153.899436310007,0.07952471822500229,-0.12372127175331116,0.04611788516435299,-0.00034828148475431593,-2.5995095165080646,0
91.95,1,5.32186755818783,-2.0309676567219124,-40.364386673102615,5.362418302766753,-1.7892511298439913,-37.76487715659455,-154.38665634647282,0.08002141118049622,-0.07431883364915848,0.04611788516435299,-0.00034828148475431593,-2.5995095165080646,0
92.05,1,5.329017481389434,-2.037098584477746,-40.97870049245927,5.369838933170606,-1.7950514678811667,-38.379190975951204,-154.96540776909936,0.08008573204278946,-0.08639739453792572,0.04611788516435307,-0.00034828148475254706,-2.5995095165080717,0
92.14,1,5.334228051166713,-2.0416773022296404,-41.56518277234685,5.375251806216208,-1.7993891514850748,-38.96567325583879,-155.46413388202274,0.08007680624723434,-0.09485860168933868,0.04611788516435307,-0.00034828148475254706,-2.5995095165080717,0
92.24,1,5.339069921178507,-2.0459964324936206,-42.01972059144786,5.38028458545963,-1.8034842368975328,-39.42021107493978,-155.98368146841952,0.08003419637680054,-0.08978316187858582,0.04611788516435307,-0.00034828148475254706,-2.5995095165080717,0
92.34,1,5.344518969608633,-2.050952614133771,-42.5438517985486,5.385952811415458,-1.808188179898643,-39.94434228204052,-156.3121709683544,0.08000829070806503,-0.008607136085629463,0.04611788516435307,-0.00034828148475254706,-2.5995095165080717,0
92.44,1,5.350420334611587,-2.056365223664661,-42.55773105038923,5.392093589521139,-1.8133275665438333,-39.95822153388116,-156.40568998237893,0.07999756187200546,0.10636308789253235,0.04611788516435307,-0.00034828148475254706,-2.5995095165080717,0
92.54,1,5.355481503348176,-2.0609940408445797,-42.23474150833587,5.3973594874973045,-1.8177220740213496,-39.635231991827794,-156.11563767866713,0.07860966771841049,0.18076208233833313,0.04611788516435307,-0.00034828148475254706,-2.5995095165080717,0
92.63,1,5.358547045266334,-2.0637608473786235,-41.779136473721344,5.4005473617952875,-1.8203469974695803,-39.179626957213266,-155.68860224885245,0.07915391772985458,0.3007620823383331,0.04611788516435307,-0.00034828148475254706,-2.5995095165080717,0
92.74,1,5.3637253084866,-2.068304705314825,-40.599044919842356,5.405926380481386,-1.8246513223756906,-37.99953540333428,-154.73558461672891,0.07933492958545685,0.38,0.04611788516435307,-0.00034828148475254706,-2.5995095165080717,0
92.84,1,5.366866694990813,-2.070946334860096,-39.48908526627076,5.40918434398639,-1.8271477577590625,-36.889575749762685,-153.89881812059306,0.07953914254903793,0.38,0.04611788516435307,-0.00034828148475254706,-2.5995095165080717,0
92.94,1,5.3700815473266506,-2.073537584692812,-38.168885733552735,5.412513412780132,-1.829590533271329,-35.56937621704466,-152.61848591322308,0.07966700196266174,0.38,0.05137559864241525,0.04753257882006868,-2.999434057509377,0
93.03,1,5.36776517332016,-2.069612464583124,-37.116632107235155,5.4158967582069675,-1.8319551567712626,-34.277002772006156,-151.76348329244595,0.07977961748838425,0.38,0.05137559864241525,0.04753257882006868,-2.999434057509377,0
93.14,1,5.367318755546287,-2.0677914571968774,-36.17903965116577,5.419347229965016,-1.8342636195091016,-33.1796055936564,-150.47751037842085,0.07984963804483414,0.38,0.05137559864241524,0.047532578820068686,-2.999434057509371,0
93.23,1,5.370691374457108,-2.0702165826333476,-35.19605579056321,5.422842125899377,-1.836508946680858,-32.19662173305383,-149.61611470249272,0.07983099669218063,0.3794080317020416,0.05137559864241524,0.047532578820068686,-2.999434057509371,0
93.33,1,5.374130897053619,-2.0726011008439134,-34.2657345022926,5.426401709047389,-1.8387102214480844,-31.266300444783226,-148.3238439094189,0.07990623265504837,0.37933623790740967,0.05137559864241326,0.04753257882006549,-2.9994340575093363,0
93.43,1,5.377273363903901,-2.074707628963429,-33.397645576029475,5.429650097265059,-1.8406494307226944,-30.398211518520096,-147.46009581490122,0.0799577608704567,0.37963446974754333,0.05137559864241326,0.04753257882006549,-2.9994340575093363,0
93.54,1,5.381178955415366,-2.0772325252977564,-32.3143417101394,5.433682456276336,-1.8429665037378826,-29.314907652630072,-146.1525658632004,0.07999733835458755,0.37988191843032837,0.05137559864241427,0.04753257882006742,-2.999434057509356,0
93.66,1,5.384766550849337,-2.0794611605722495,-31.27228773484698,5.437381752664779,-1.8450043610476587,-28.272853677337626,-145.27619870788448,0.07997239381074905,0.38,0.05137559864241427,0.04753257882006742,-2.999434057509356,0
93.74,1,5.388376377160465,-2.081611156477465,-30.195709150714663,5.441099134584338,-1.8469625234651024,-27.1962750932053,-143.9727487833654,0.07999759167432785,0.38,0.05137559864241211,0.037532578820063424,-2.999434057509296,0
93.84,1,5.3907513283942015,-2.086396091693989,-29.490115512579457,5.443542196821217,-1.8482002259445716,-26.490681455070103,-143.10042680058083,0.07991944253444672,0.38,0.05137559864241211,0.037532578820063424,-2.999434057509296,0
93.94,1,5.395752863153752,-2.0957196419774298,-27.96502967358366,5.44868049616401,-1.8506793978658427,-24.965595616074374,-141.79634072888112,0.07984272390604019,0.38,0.051375598642413124,0.04753257882006329,-2.9994340575093084,0
94.03,1,5.398165247608523,-2.0869811775498848,-27.187978298798615,5.451155587003394,-1.8518129745482854,-24.1885442412893,-140.9256942470375,0.07975491881370544,0.38,0.051375598642413124,0.04753257882006329,-2.9994340575093084,0
94.13,1,5.403103557443747,-2.089440690415726,-25.643419693865635,5.456215828306272,-1.8540107155527166,-22.643985636356312,-139.6159232474896,0.07994556427001953,0.37999916076660156,0.05137559864241301,0.04753257882006154,-2.9994340575092893,0
94.24,1,5.405787255487087,-2.090708959270631,-24.870132197653668,5.458962213374983,-1.855136819513506,-21.870698140144363,-138.74062803969895,0.08006349951028824,0.37999871373176575,0.05137559864241301,0.04753257882006154,-2.9994340575092893,0
94.34,1,5.410786664032464,-2.092946424525694,-23.304357751133118,5.4640718508021795,-1.8571096200441737,-20.30492369362382,-137.43251921866798,0.08020399510860443,0.37999922037124634,0.05137559864241294,0.04753257882006021,-2.9994340575092795,0
94.45,1,5.414688538742374,-2.094578916487116,-22.075527597504728,5.468053802070215,-1.8585357057200462,-19.07609353999545,-136.56201287537235,0.08042459934949875,0.37999972701072693,0.05137559864241294,0.04753257882006021,-2.9994340575092795,0
94.54,1,5.418613950271484,-2.096123331966511,-20.83930033071558,5.472054649215103,-1.8598726039843523,-17.8398662732063,-135.25351579393924,0.08069909363985062,0.37999996542930603,0.043730949682933305,0.03832108584957009,-2.7994717870085952,0
94.64,1,5.422461369055772,-2.0911831803713827,-19.388258956713322,5.476094026679272,-1.8611255210231188,-16.52298954308931,-133.94244032081636,0.08032893389463425,0.38,0.043730949682933305,0.03832108584957009,-2.7994717870085952,0
94.74,1,5.426392398173015,-2.0893952972200753,-18.004388987296696,5.480156577210424,-1.8622849312341168,-15.2049172002881,-133.07018168280072,0.07891640067100525,0.38,0.04373094968293426,0.03832108584957114,-2.799471787008617,0
94.83,1,5.429225678180158,-2.0902936242142887,-17.123416072271013,5.4830303507412355,-1.8630438071666717,-14.323944285262389,-132.19328573613723,0.07626929879188538,0.3799999952316284,0.04373094968293426,0.03832108584957114,-2.799471787008617,0
94.94,1,5.434445743360164,-2.0918104671646938,-15.257218306909875,5.488318269692751,-1.8643038889822316,-12.45774651990126,-130.8677791636198,0.07377766817808151,0.3799999952316284,0.04373094968293323,0.038321085849568545,-2.799471787008586,0
95.04,1,5.4372210536791075,-2.092542604443406,-14.243388599164154,5.491126025918045,-1.8648996048042807,-11.443916812155546,-129.9688416926761,0.07106266915798187,0.3799999952316284,0.04373094968293323,0.038321085849568545,-2.799471787008586,0
95.13,1,5.442404756528148,-2.093779549158846,-12.496178992518287,5.4963639555468236,-1.8658818983755576,-9.696707205509702,-128.60318645043944,0.06790244579315186,0.3799999952316284,0.04373094968293414,0.03832108584956894,-2.799471787008589,0
95.24,1,5.445954554583205,-2.0945279116770115,-11.199695170001798,5.499946067674807,-1.8664559936575633,-8.400223382993214,-127.68261556582183,0.06383058428764343,0.3799999952316284,0.04373094968293414,0.03832108584956894,-2.799471787008589,0
95.33,1,5.450174505195475,-2.09530564534547,-9.593838522354178,5.504198967095146,-1.8670266944106202,-6.794366735345587,-126.26294533318257,0.059801407158374786,0.3799999952316284,0.05373094968293336,0.03832108584957026,-2.7994717870086054,0
95.44,1,5.455749443151098,-2.0956940201512517,-8.622874681820132,5.506635399464823,-1.8672963943540601,-5.823402894811538,-125.28098072729478,0.05595992133021355,0.3799999952316284,0.05373094968293336,0.03832108584957026,-2.7994717870086054,0
95.54,1,5.467362869486656,-2.0963412209795522,-6.862051993958342,5.511429330799288,-1.8677099504259471,-4.062580206949739,-123.7567859015173,0.05114778131246567,0.3799999952316284,0.04373094968293294,0.04832108584956661,-2.7994717870085695,0
95.64,1,5.4606898005955875,-2.086700960198237,-5.421368646209213,5.5147698613730585,-1.86790677114316,-2.621896859200646,-122.7074505744514,0.044474534690380096,0.3799999952316284,0.04373094968293294,0.04832108584956661,-2.7994717870085695,0
95.74,1,5.463683163635017,-2.0869459839648417,-3.9252032374296366,5.5177716191944635,-1.868005304963026,-1.1257314504210671,-121.03913435187305,0.04163456708192825,0.3799999952316284,0.04373094968293208,0.0483210858495671,-2.799471787008571,0
95.84,1,5.465628455973681,-2.0870671743956772,-3.096058301636152,5.519720509005943,-1.8680313415931276,-0.2965865146275826,-119.90343652281477,0.03830435127019882,0.3799999952316284,0.04373094968293208,0.0483210858495671,-2.799471787008571,0
95.93,1,5.469640050069329,-2.0872182245970987,-0.9933648919844923,5.523734692992334,-1.8679862830202532,1.8061068950240788,-118.19539213819199,0.035502057522535324,0.3799999952316284,0.043730949682933146,0.038321085849567005,-2.7994717870085704,0
96.04,1,5.472403969715135,-2.0972306729915777,0.6362884832294897,5.526495922128872,-1.8678637251705477,3.435760270238059,-117.01044176167161,0.032617583870887756,0.3799999952316284,0.043730949682933146,0.038321085849567005,-2.7994717870085704,0
96.13,1,5.474824149205786,-2.0971621600547152,2.379500519894286,5.528909867137101,-1.867677091072026,5.178972306902855,-115.15065869937563,0.03067891113460064,0.3799999952316284,0.053730949682931205,0.04832108584956689,-2.799471787008563,0
96.24,1,5.486455190572778,-2.0870830834227205,3.329364468103121,5.530535099852053,-1.8675184478344697,6.1288362551116835,-113.92021722663257,0.02882404252886772,0.3799999952316284,0.053730949682931205,0.04832108584956689,-2.799471787008563,0
96.34,1,5.489772073183562,-2.0868277527412777,5.895759633085479,5.5338355535602455,-1.8671014234578667,8.695231420094045,-112.06067549966232,0.02096632681787014,0.3799999952316284,0.03633966486517697,0.028820241856384137,-2.599509516507927,0
96.44,1,5.481557848933524,-2.0871195827493945,8.312701493015517,5.535582084504209,-1.8667976320901403,10.912211009523446,-110.70240495150358,0.01630270481109619,0.3799999952316284,0.03633966486517697,0.028820241856384137,-2.599509516507927,0
96.54,1,5.482900979552968,-2.0868989648175345,10.298037045817484,5.5369138269839935,-1.8665163242511384,12.89754656232541,-108.5077636566888,0.015063337050378323,0.3799999952316284,0.07112039698904267,0.06782186613618889,-2.9994340575092115,0
96.63,1,5.490461192077298,-2.086399388582,11.631560220465515,5.5377579768582414,-1.8663128117004395,14.365402610220874,-107.03336105310507,0.012791317887604237,0.3799999952316284,0.07112039698904267,0.06782186613618889,-2.9994340575092115,0
96.74,1,5.505113661867775,-2.085358931149484,15.149416819000717,5.539216511771306,-1.8658914181343202,18.14885087650993,-104.73939586449453,0.006312410347163677,0.3799999952316284,0.0611203969890416,0.06782186613618509,-2.999434057509168,0
104.12,2,5.4956394381575695,-2.076331269470474,20.824308312818303,5.5393689777962365,-1.8658614250621586,23.42381782932612,-100.06772086705544,0.0,0.0,0.04659579652701401,0.038845063914506005,-2.599509516507814,0
104.22,2,5.495638957553447,-2.076331831587696,20.81048722012309,5.539368523181185,-1.8658620083984676,23.4099967366309,-100.06772086705544,0.0,0.0,0.04659579652701401,0.038845063914506005,-2.599509516507814,0
104.32,2,5.495639028589272,-2.0763318066541454,20.820892493302317,5.539368593013065,-1.8658619802687848,23.42040200981013,-100.06772086705544,-0.02,0.06298366189002991,0.04659579652701401,0.038845063914506005,-2.599509516507814,0
104.42,2,5.49493319730877,-2.0766027907970477,21.260642234042667,5.538675778395606,-1.8661646981375584,23.86015175055048,-99.90684444682641,-0.04,0.10405194014310837,0.04659579652701401,0.038845063914506005,-2.599509516507814,0
104.52,2,5.492373351150791,-2.0776109159356695,21.81288978387683,5.536164289374088,-1.8672878862528939,24.41239930038464,-99.33427191702594,-0.060000000000000005,0.10405194014310837,0.04659579652701401,0.038845063914506005,-2.599509516507814,0
104.62,2,5.48799576032165,-2.07940023061333,22.762279401851636,5.531872356628117,-1.8692739028155483,25.361788918359444,-98.87855099838175,-0.06286849081516266,0.16339394450187683,0.04659579652701401,0.038845063914506005,-2.599509516507814,0
104.72,2,5.482761373170478,-2.081648543738315,23.915049499889612,5.526745326855323,-1.871757305011172,26.51455901639743,-98.00532437852004,-0.0615706630051136,0.27530422806739807,0.04659579652701401,0.038845063914506005,-2.599509516507814,0
104.82,2,5.4782526176687405,-2.083726609937918,25.55019176897085,5.522335460573236,-1.8740377248581495,28.149701285478663,-97.27679430399023,-0.060424190014600754,0.36157986521720886,0.04659579652701401,0.038845063914506005,-2.599509516507814,0
104.92,2,5.474560815005173,-2.085570975290562,27.60000455519106,5.51873110708041,-1.8760476319106039,30.19951407169888,-95.8992670091141,-0.059953074902296066,0.38,0.0610937784395132,0.06768315549319802,-2.999434057509126,0
105.02,2,5.470932517722795,-2.091229255955419,29.588174265475853,5.515359056244337,-1.8780940449217702,32.35501063285208,-94.90581590684856,-0.05985046550631523,0.38,0.0610937784395132,0.06768315549319802,-2.999434057509126,0
105.12,2,5.4674240226110316,-2.0983102580076687,31.49400368116342,5.512261822111081,-1.8801339794997118,34.49343773867254,-93.39360902557418,-0.05989595875144005,0.38,0.06109377843951313,0.06768315549319692,-2.9994340575091156,0
105.22,2,5.464281570538661,-2.1003093237532795,33.548409490524904,5.509228278334272,-1.882294738865445,36.54784354803404,-92.37433333290109,-0.05995636805891991,0.38,0.06109377843951313,0.06768315549319692,-2.9994340575091156,0
105.32,2,5.461269861458943,-2.102384082026428,35.50126771372892,5.506329259133146,-1.8845242457939735,38.50070177123803,-90.84215929533963,-0.05999230965971947,0.38,0.06840449112599023,0.08697850428040693,-3.1993963280097923,0
105.42,2,5.458556193589821,-2.1041810351250034,37.46280671377819,5.503810416076779,-1.886603469355008,40.52611695887437,-89.82513302355251,-0.060005079954862595,0.37948575615882874,0.043887313935954755,0.048452773488390784,-2.79947178700848,0
105.52,2,5.4551946531538,-2.1063533478048266,39.55499145007921,5.500806065619716,-1.8892711535225915,42.754387778089004,-88.31479508264626,-0.060005929321050644,0.3795459568500519,0.043887313935954755,0.048452773488390784,-2.79947178700848,0
105.62,2,5.443113383368792,-2.1095963597075515,41.771337646790464,5.49818289828534,-1.8917724564898262,44.570809433798956,-87.3178500338378,-0.06000335142016411,0.3797762095928192,0.043887313935954755,0.048452773488390784,-2.79947178700848,0
105.72,2,5.440481784770571,-2.1120159830633956,43.54034431000047,5.4956726160333,-1.894317720991091,46.339816097008956,-85.82153021460267,-0.06000111624598503,0.37994006276130676,0.053887313935953786,0.05845277348839217,-2.7994717870084935,0
105.82,2,5.441798728204384,-2.110645491724456,45.3299028688757,5.493322063766811,-1.8968536027075615,48.129374655884185,-84.82335823958853,-0.059637609869241714,0.38,0.053887313935953786,0.05845277348839217,-2.7994717870084935,0
105.92,2,5.445390203617216,-2.1071842945577552,47.40923902164557,5.49083953447244,-1.8997285402423687,50.20871080865407,-83.81292080074189,-0.06021289527416229,0.38,0.03674792392203766,0.02923217271066758,-2.599509516507805,0
106.02,2,5.438773677894702,-2.1144552346275747,49.29878537949463,5.4886073475543995,-1.902496272948399,52.00957047456181,-82.29936409196551,-0.062386784702539444,0.38,0.0367479239220369,0.029232172710670048,-2.599509516507822,0
106.12,2,5.431326172306612,-2.1227420807200694,50.82599849538372,5.486628580646686,-1.905091725719188,53.425508011891544,-80.80582482585031,-0.062386784702539444,0.38,0.02674792392203839,0.03923217271066923,-2.5995095165078212,0
106.22,2,5.428784663111003,-2.1259517214456474,52.41090595086978,5.48423525821668,-1.908413332307074,55.01041546737759,-79.82603504446064,-0.06408345699310303,0.37999919056892395,0.02674792392203839,0.03923217271066923,-2.5995095165078212,0
106.32,2,5.41658427496984,-2.1188723306059205,53.59679493582145,5.482169596949513,-1.9114307334020848,56.19630445232928,-78.85913751648167,-0.06408345699310303,0.37999919056892395,0.02674792392203839,0.03923217271066923,-2.5995095165078212,0
106.42,2,5.414368207076881,-2.1219376609084235,54.77119986599186,5.480094835811514,-1.9145934178615105,57.37070938249969,-77.43835501319018,-0.061098527163267136,0.3799991011619568,0.04388465375576997,0.058351151832204795,-2.7994717870084727,0
106.52,2,5.4152685642600025,-2.124572183928239,55.80838472279506,5.478331220602093,-1.9174059837520014,58.46615314994017,-76.0081086091194,-0.060515571385622025,0.3799998462200165,0.026739999333641074,0.04926370280108864,-2.599509516507808,0
106.63,2,5.419771668021378,-2.127716454282552,56.95596186377667,5.476240134191399,-1.9208973843819093,59.75543365078513,-75.04904577645065,-0.060515571385622025,0.3799998462200165,0.026739999333641074,0.04926370280108864,-2.599509516507808,0
106.72,2,5.408416072328813,-2.1208889449406216,58.296302272044706,5.474564152964952,-1.9238365845934593,60.89581178855251,-74.07556516595402,-0.05865549296140671,0.3799999952316284,0.026739999333641074,0.04926370280108864,-2.599509516507808,0
106.82,2,5.406508860558532,-2.1240684171715145,59.859773877978895,5.472803106966565,-1.9270992855290776,62.45928339448671,-72.58694940113537,-0.05761915072798729,0.38,0.03389434963374103,0.06831763038750419,-2.7994717870084447,0
106.92,2,5.40486053613241,-2.1266658808065815,61.370838635449935,5.4714134591511145,-1.9298492313291757,64.03053394018255,-71.04384237785273,-0.05755385383963585,0.38,0.03389434963374103,0.06831763038750419,-2.7994717870084447,0
107.02,2,5.402744330751097,-2.129817078396376,63.06013654258827,5.469800863198412,-1.9332937786736262,65.85960832959672,-69.99535820186924,-0.05615779012441635,0.3799999952316284,0.016733494594109753,0.059298639122492204,-2.5995095165078013,0
107.12,2,5.396542491723844,-2.1281402442625375,64.71589619437825,5.468425271746107,-1.936471316821642,67.41695818386431,-68.44039306389007,-0.055229440331459045,0.3799999952316284,0.016733494594109753,0.059298639122492204,-2.5995095165078013,0
107.23,2,5.390296735761004,-2.1263080055106185,66.6373515228288,5.4671605768996185,-1.939642631589409,69.23686103933659,-67.39118435108033,-0.0562247633934021,0.3799999952316284,0.016733494594112684,0.04929863912249587,-2.5995095165078386,0
107.32,2,5.389120552358572,-2.1322375843065777,68.5283074972393,5.466114519300166,-1.9425354520176128,71.12781701374708,-66.31449675460297,-0.05439626798033714,0.3799999952316284,0.016733494594112597,0.049298639122494325,-2.59950951650782,0
107.42,2,5.387836992444522,-2.1426515787956895,71.17777769202087,5.464991073953136,-1.9460912373434658,73.7772872085287,-64.6843102308427,-0.04825980216264725,0.3799999952316284,0.016733494594112597,0.049298639122494325,-2.59950951650782,0
107.53,2,5.386890502635436,-2.1455978021333677,73.1538381987994,5.464179182420687,-1.9490773564056816,75.75334771530721,-63.55741677793533,-0.05565624684095383,0.3799999952316284,0.016733494594112597,0.049298639122494325,-2.59950951650782,0
107.62,2,5.385976055688997,-2.1488053933622644,75.06226904191462,5.463411154970836,-1.9523231211146244,77.66177855842241,-61.91401606794852,-0.04642914608120918,0.3799999952316284,-0.007435645833228913,0.01144404121545622,-2.19958497550659,0
107.72,2,5.381505171561516,-2.152010405977561,77.32364250589677,5.46279144331128,-1.9554085202261768,79.75560219482884,-60.26345138553638,-0.049786657094955444,0.3799999952316284,-0.00037242115113337546,0.04034555896201215,-2.399547246007271,0
107.82,2,5.3756642840292574,-2.1551928296465155,79.4930525662806,5.462290391945268,-1.958434032365266,81.69263754178719,-59.155528453847865,-0.04429302364587784,0.3799999952316284,-0.00037242115113337546,0.04034555896201215,-2.399547246007271,0
107.92,2,5.374681380370049,-2.147722783621382,81.40307112466822,5.461950261758141,-1.9611083037770052,83.80261837067552,-57.41554759465114,-0.04267355427145958,0.3799999952316284,-0.00037242115113337546,0.04034555896201215,-2.399547246007271,0
108.02,2,5.3742737667644285,-2.150807644505768,83.67539662541682,5.461672161774897,-1.9642075256030156,86.07494387142413,-56.217456465337584,-0.0454847477376461,0.3799999952316284,-0.014460065238046766,-0.007393232616110198,-1.9996227050059354,0
108.12,2,5.374428124680938,-2.157630085561696,85.5058762352724,5.461511797299329,-1.9672222926042244,87.75584944068477,-54.492496266627704,-0.04330603778362274,0.3799999952316284,-0.014460065238046766,-0.007393232616110198,-1.9996227050059354,0
108.22,2,5.374922246281482,-2.166796726389393,87.56245791804133,5.461448367886238,-1.9700372771987271,89.56208062304727,-53.36861076215273,-0.04128444194793701,0.3799999952316284,-0.01446006523804482,-0.007393232616105139,-1.999622705006003,0
108.32,2,5.37484121485165,-2.1692515701548825,88.76807701729184,5.461453042456443,-1.9724934535266787,90.76769972229776,-52.25458552209076,-0.03360160067677498,0.3799999952316284,-0.00030475821591952626,0.04020905463635335,-2.399547246007383,0
108.42,2,5.374830148233714,-2.1714715172292474,90.55232226952909,5.461519443003517,-1.9747124349259584,92.55194497453508,-50.50518609588142,-0.032303206622600555,0.3799999952316284,-0.00030475821591952626,0.04020905463635335,-2.399547246007383,0
108.52,2,5.373776273054125,-2.1635988292343966,91.42551968950062,5.461637323785205,-1.9768747717303115,93.82506693550803,-48.660864420019585,-0.0318700410425663,0.3799999952316284,-0.007429727530489818,0.02144857533023302,-2.199584975506732,0
108.62,2,5.373863656218626,-2.1658582584758084,93.05788292062688,5.461819227566816,-1.9791285612787435,95.45743016663428,-47.3702942531332,-0.02422773279249668,0.3584672510623932,-0.007429727530489818,0.02144857533023302,-2.199584975506732,0
108.72,2,5.374549534570878,-2.167935301282721,94.8567354290958,5.462043592964955,-1.9812072898645503,97.05632040460256,-46.07978063592469,-0.02422773279249668,0.3584672510623932,-0.007429727530489818,0.02144857533023302,-2.199584975506732,0
108.82,2,5.374761450073127,-2.1701097276403845,96.4699981715079,5.462338808051633,-1.9833719806548469,98.66958314701462,-44.074399582693616,-0.02324378490447998,0.3751879036426544,-0.02742972753049303,0.03144857533023006,-2.199584975506707,0
108.92,2,5.36831130878318,-2.1686417063056167,98.42428437207585,5.462657939441141,-1.9852417263317532,100.62386934758256,-42.687652470166995,-0.020055362954735756,0.3550252318382263,-0.02742972753049303,0.03144857533023006,-2.199584975506707,0
109.02,2,5.355312223656771,-2.163866029972937,99.97392278499767,5.463033344850172,-1.9871043763184193,102.1735077605044,-40.62499697017037,-0.016640638932585716,0.37180548906326294,-0.04155247442739546,-0.01602718615803897,-1.7996604345054479,0
109.14,2,5.3566570204195,-2.1751180654931708,101.58294426370392,5.463352702969523,-1.9884960192162628,103.38260469820939,-39.218938698147205,0.002137301489710808,0.3585445284843445,-0.04155247442739546,-0.01602718615803897,-1.7996604345054479,0
109.22,2,5.356746945682888,-2.1754961051959527,102.87956159772655,5.463454456151625,-1.988871048361539,104.67922203223202,-36.96944982858348,0.022137301489710808,0.37820884585380554,-0.024506405581487478,0.0026963240943438074,-1.9996227050061015,0
109.32,2,5.360039569667618,-2.1742021698238543,103.82223928333465,5.463109215793964,-1.9875454750627777,105.69757816158244,-34.80004835707719,0.023361915722489357,0.37820884585380554,-0.024506405581487478,0.0026963240943438074,-1.9996227050061015,0
109.42,2,5.365375761233867,-2.172123883180337,105.35940341731369,5.462485852882756,-1.9854271613887557,107.35902612231976,-33.43577782080252,0.03084927424788475,0.38,-0.01739007292700805,0.031373933703760674,-2.199584975506767,0
109.52,2,5.364272520049783,-2.160130829205858,106.33664736086396,5.46180855799079,-1.9833387674221952,108.5362323363707,-32.14181504724151,0.03970227390527725,0.38,-0.01739007292700805,0.031373933703760674,-2.199584975506767,0
109.62,2,5.363427416619543,-2.1573419172839845,107.53474584156324,5.460857037205748,-1.980584345938216,109.73433081707,-30.404062480722384,0.046872541308403015,0.38,-0.020216311849196627,0.04999921273061038,-2.3995472460074643,0
109.72,2,5.358246255777077,-2.1544979170893126,108.42597916183603,5.45979665750247,-1.9777202905814535,110.70639525967202,-29.306610552070175,0.04668983444571495,0.38,-0.020216311849196627,0.04999921273061038,-2.3995472460074643,0
109.82,2,5.3510141731893,-2.151718005440567,109.3648665036895,5.458701745537003,-1.9749052851895463,111.76441374969693,-27.638050818446608,0.040938928723335266,0.3799993395805359,-0.017378141017141167,0.031399988749286005,-2.1995849755067876,0
109.93,2,5.35518759706147,-2.149008955059032,110.28561240684084,5.457641224119375,-1.9723113840388535,112.58754222766234,-26.484311776742633,0.04007875546813011,0.3799596428871155,-0.017378141017141167,0.031399988749286005,-2.1995849755067876,0
110.02,2,5.359466599216709,-2.146105481679717,111.4561010486634,5.456456954231152,-1.969534701636697,113.65568602417022,-24.779494199221084,0.03597384691238403,0.3799690902233124,-0.010231085584062783,0.04997556038029891,-2.399547246007446,0
110.12,2,5.358331888480593,-2.143761456831107,112.42484857589456,5.455391656507443,-1.96716562087408,114.695149360966,-23.613906941304915,0.032296616584062576,0.37868204712867737,-0.010231085584062783,0.04997556038029891,-2.399547246007446,0
110.22,2,5.357097239609663,-2.1417103447955657,113.65063803845207,5.454383018667237,-1.9650461427274248,116.0501852844595,-21.7220604121856,0.02988937497138977,0.37939807772636414,-0.01023108558406299,0.049975560380294465,-2.399547246007421,0
110.32,2,5.356173852363764,-2.1396631482501967,114.70811744292396,5.453374729552521,-1.9630394013982013,117.10766468893137,-19.832117291932267,0.028603121638298035,0.3755932152271271,-0.017360174200776183,0.03145278209947773,-2.199584975506793,0
110.42,2,5.355250212422341,-2.137677578256985,115.35121993545847,5.452368768129465,-1.9610942431643652,117.75076718146587,-18.564495837898242,0.027863699942827225,0.3730643093585968,-0.017360174200776183,0.03145278209947773,-2.199584975506793,0
110.52,2,5.354882184878951,-2.1357307482958867,116.09652306453302,5.451461802185917,-1.9593970088818908,118.29610804003983,-16.6355995212309,0.026942186057567596,0.3611913025379181,-0.017360174200776183,0.03145278209947773,-2.199584975506793,0
110.62,2,5.353902336820014,-2.133755098328721,116.70316591986992,5.450406849510867,-1.9574604217124691,118.9027508953767,-15.379018351691375,0.027936551719903946,0.37545356154441833,-0.017360174200776183,0.03145278209947773,-2.199584975506793,0
110.72,2,5.352962676225967,-2.131909744716326,117.11712844634758,5.449397055538841,-1.9556524924768957,119.31671342185436,-13.506477333897312,0.027986377477645874,0.36832892894744873,0.014183030343850985,0.08687146646097484,-2.7994717870088666,0
110.82,2,5.3553364762971105,-2.130338998600143,117.2392222752304,5.448370909980708,-1.9538346930312127,119.66574578859068,-12.244812928518165,0.026119224727153778,0.3661940097808838,0.014183030343850985,0.08687146646097484,-2.7994717870088666,0
110.92,2,5.359723330837614,-2.128972070669692,117.40186112517597,5.447383909759901,-1.9521199309816082,120.20133291218487,-10.25823764611637,0.024848341941833496,0.36148640513420105,0.014183030343850985,0.08687146646097484,-2.7994717870088666,0
111.02,2,5.358896267835083,-2.127399763947314,118.1225229687272,5.446481041441017,-1.9505898948911358,120.92199475573604,-8.908644681036725,0.025927487760782242,0.3707718551158905,0.014183030343850985,0.08687146646097484,-2.7994717870088666,0
111.12,2,5.357839457877747,-2.1254637520516466,119.1494924739634,5.4453309367852105,-1.9487078086479515,121.94896426097228,-7.591972149307123,0.026383865624666214,0.370184063911438,0.016954211171763288,0.05845101200469862,-2.599509516508182,0
111.22,2,5.361240521572417,-2.1277272694699483,119.87785717611237,5.444146440855084,-1.9468355968497033,122.59153721724904,-5.610432812454032,0.026427630335092545,0.3682244122028351,0.016954211171763288,0.05845101200469862,-2.599509516508182,0
111.32,2,5.366120394904757,-2.1314443907864815,120.44669419414966,5.442983139269467,-1.945033491224986,123.04620371065785,-3.624377777174971,0.025998301804065704,0.3673951029777527,0.01695421117176055,0.058451012004697205,-2.599509516508173,0
111.42,2,5.365008289371428,-2.129573614255802,121.17276764882808,5.441787330124187,-1.943215078721435,123.77227716533628,-2.3048102661690044,0.024701282382011414,0.3630436360836029,0.01695421117176055,0.058451012004697205,-2.599509516508173,0
111.53,2,5.364101300293688,-2.1281031062162525,121.97459380217771,5.440814580312885,-1.9417872198747232,124.57410331868589,-0.9768571388212468,0.023823756724596024,0.36165449023246765,0.01695421117176055,0.058451012004697205,-2.599509516508173,0
111.62,2,5.363099303052529,-2.1265241767848715,122.77342935556105,5.4397420027144285,-1.9402553602480412,125.37293887206921,0.9636677150867291,0.02424236759543419,0.3505195081233978,0.016954211171761668,0.04845101200470116,-2.5995095165082347,0
111.72,2,5.3620584346987785,-2.1287477417880902,123.35419468498169,5.438629630855909,-1.9387040494369159,125.95370420148986,2.944194825976491,0.020380601286888123,0.3268013894557953,0.016954211171761668,0.04845101200470116,-2.5995095165082347,0
111.82,2,5.361085156963274,-2.133462546676077,124.05587177772036,5.437591070757907,-1.9372882311456336,126.6553812942286,4.303233177020545,0.019172795116901398,0.33632150292396545,0.016954211171761668,0.04845101200470116,-2.5995095165082347,0
111.92,2,5.360047448726988,-2.131944085780124,124.75092487448312,5.4364855614287775,-1.9358183974817789,127.35043439099134,5.671772186153915,0.019088460132479668,0.3384706974029541,0.016954211171761668,0.04845101200470116,-2.5995095165082347,0
112.02,2,5.359089321330351,-2.1305980689801443,126.29440665939285,5.435467372152058,-1.9345172211175654,128.8939161759011,7.79702632359416,0.02306373603641987,0.3127937912940979,0.016954211171761668,0.04845101200470116,-2.5995095165082347,0
112.12,2,5.358073474056871,-2.129262104775882,128.18693985627243,5.434391978324482,-1.9332287048570098,130.78644937278068,9.93732248991144,0.02306373603641987,0.3127937912940979,0.006954211171764219,0.03845101200470309,-2.599509516508245,0
112.22,2,5.352544465664993,-2.132066437848904,129.19841965868957,5.43311276927315,-1.9317723911395885,131.7979291751978,11.293228425827063,0.038953669369220734,0.3426838517189026,0.009802193133461524,0.02013238127471417,-2.3995472460076743,0
112.32,2,5.345293479773123,-2.1358445667219836,129.93883241970744,5.431459844259099,-1.9299407686669134,132.5383419362157,12.53342729127655,0.056490458548069,0.3496319353580475,0.009802193133461524,0.02013238127471417,-2.3995472460076743,0
112.42,2,5.353828526710894,-2.1333029781086403,130.2382631569912,5.429499994528652,-1.927804738666479,132.63781040299887,14.246779821365664,0.06586449593305588,0.29987832903862,0.009802193133461524,0.02013238127471417,-2.3995472460076743,0
112.52,2,5.351353193282676,-2.130388602855753,130.64842700117026,5.426904813209803,-1.9249965555140136,133.04797424717796,15.663242396357894,0.07330241054296494,0.375301718711853,0.009802193133461524,0.02013238127471417,-2.3995472460076743,0
112.63,2,5.348595046544313,-2.1271944179480395,130.97181756731047,5.424015351559472,-1.9219206488141494,133.37136481331817,16.534555309800577,0.06446392089128494,0.354020357131958,0.009802193133461524,0.02013238127471417,-2.3995472460076743,0
112.72,2,5.345835381471041,-2.1240441894864843,131.49062203138655,5.421126213263443,-1.9188887235869956,133.89016927739425,17.40775684488379,0.06815741211175919,0.38,0.009802193133461524,0.02013238127471417,-2.3995472460076743,0
112.82,2,5.342967183912222,-2.120836682783023,132.09661187792307,5.4181262395357805,-1.9158041143536402,134.49615912393074,18.745740692395692,0.059492096304893494,0.38,0.009802193133461524,0.02013238127471417,-2.3995472460076743,0
112.92,2,5.34019115316138,-2.117798261470404,132.6897474020821,5.415225431026971,-1.9128845834327886,135.08929464808978,20.119485095263425,0.059492096304893494,0.38,0.04409309996859288,0.03660853366277127,-2.7994717870090016,0
113.02,2,5.346150928167538,-2.124162007959115,132.86556271363403,5.412445855491709,-1.9101348705110544,135.44348635392336,21.057260663995127,0.07082579284906387,0.38,0.04409309996859288,0.03660853366277127,-2.7994717870090016,0
113.12,2,5.354243775087717,-2.132841077335445,132.82420610968458,5.409770613387512,-1.9075098211168673,135.6236778966936,22.397496051627527,0.07476383447647095,0.38,0.04409309996859288,0.03660853366277127,-2.7994717870090016,0
113.22,2,5.351469166240193,-2.1298723585670665,133.50742242997399,5.406854321900152,-1.90468015870887,136.30689421698298,23.24353575995536,0.07333797961473465,0.3555878698825836,0.04409309996859288,0.03660853366277127,-2.7994717870090016,0
113.32,2,5.348666064052647,-2.126949455016554,134.07599522032237,5.403911808718051,-1.9018976484730243,136.87546700733137,24.51784873986925,0.07862731069326401,0.37308254837989807,0.04409309996859288,0.03660853366277127,-2.7994717870090016,0
113.42,2,5.345765117302982,-2.1239795605131544,134.57978081625728,5.400869272678204,-1.8990729821472534,137.37925260326628,25.38510259177742,0.07500188797712326,0.3786618411540985,0.04409309996859288,0.03660853366277127,-2.7994717870090016,0
113.52,2,5.342911158930165,-2.1211187531885574,135.30062365148635,5.397878996817788,-1.896354977875577,138.10009543849534,26.232278571923136,0.07500188797712326,0.3786618411540985,0.04409309996859288,0.03660853366277127,-2.7994717870090016,0
113.62,2,5.339917784812003,-2.118190554552123,136.01007369763872,5.394746180162971,-1.8935764718610066,138.8095454846477,27.530055495816324,0.07606825977563858,0.38,0.05409309996859325,0.0066085336627712135,-2.799471787009019,0
113.72,2,5.341031654012195,-2.127704765637845,136.80691113385024,5.391596740074814,-1.8908605512923926,139.60638292085923,28.831806245256782,0.07794008404016495,0.38,0.05409309996859325,0.0066085336627712135,-2.799471787009019,0
113.82,2,5.343950354678496,-2.1425866946640864,137.55002496349996,5.38851217596943,-1.8882707523284674,140.349496750509,29.7088103442674,0.07955891638994217,0.38,0.05409309996859325,0.0066085336627712135,-2.799471787009019,0
113.92,2,5.340671133785928,-2.139627759881153,138.3639391698342,5.385092352502618,-1.8854755077653291,141.16341095684322,31.054385561947004,0.07946204394102097,0.32410427927970886,0.05409309996859325,0.0066085336627712135,-2.799471787009019,0
114.02,2,5.337420113523176,-2.1367975049602395,139.7072264904151,5.381706980807389,-1.882807412161472,142.50669827742414,31.92703339374203,0.07946204394102097,0.32410427927970886,0.054093099968595175,-0.003391466337228048,-2.799471787009035,0
114.12,2,5.333780550250023,-2.1387840910512135,140.889467032939,5.3779238555181665,-1.879960450892922,143.68893881994802,33.10794146556211,0.07962807267904282,0.2299734652042389,0.05409309996859439,-0.01339146633722805,-2.7994717870090335,0
114.22,2,5.330082303900577,-2.1408174843502215,141.92675646536586,5.374085860651597,-1.8771929109258536,144.72622825237488,33.83311687956721,0.07943087071180344,0.2515489459037781,0.05409309996859439,-0.01339146633722805,-2.7994717870090335,0
114.32,2,5.326333094123041,-2.147912672407508,142.51124556517112,5.37019925258028,-1.8744746791332256,145.31071735218015,34.54552773430919,0.07994680851697922,0.1679006814956665,0.05409309996859439,-0.01339146633722805,-2.7994717870090335,0
114.42,2,5.321820064575532,-2.1444754432183526,143.00267654052757,5.365523732733537,-1.8712619708741094,145.8021483275366,35.47263652252229,0.07938004285097122,0.2879006814956665,0.05409309996859719,-0.0033914663372233084,-2.799471787009091,0
114.52,2,5.317704660095705,-2.136762996543847,144.1551652405445,5.361264310285949,-1.8684173123477514,146.95463702755353,36.06424034810825,0.0784522071480751,0.38,0.05409309996859719,-0.0033914663372233084,-2.799471787009091,0
114.62,2,5.314247851831541,-2.1290035783432755,145.7982537243583,5.357693307807482,-1.8661664673142249,148.5977255113674,37.24643643536164,0.0784522071480751,0.38,0.05409309996859719,-0.0033914663372233084,-2.799471787009091,0
114.72,2,5.310578128695357,-2.1265875672624963,147.37527946416958,5.353909964825854,-1.8639325708703285,150.1747512511787,38.55598927483643,0.07968655973672867,0.305,0.04998238945638943,-0.059297965320840036,-2.399547246007751,0
114.82,2,5.312044072684001,-2.1332357608457735,149.0314427320206,5.35043450502145,-1.8619987706559873,151.6488240898658,39.410947440059005,0.07968655973672867,0.2737904489040375,0.04998238945638943,-0.059297965320840036,-2.399547246007751,0
114.92,2,5.313855916205247,-2.1414145836029697,150.77641970247947,5.346431512972486,-1.8599043509892672,153.17596694848723,40.56683418972838,0.0799620971083641,0.14958469569683075,0.043011850583697664,-0.07724575510551347,-2.199584975507077,0
115.02,2,5.309569992251565,-2.1388348813325613,152.13189764512592,5.3419323024926255,-1.8576867016895549,154.44644137737578,41.185861776132704,0.08006959408521652,0.11194920539855957,0.043011850583697664,-0.07724575510551347,-2.199584975507077,0
115.12,2,5.304082740051037,-2.135663626109746,152.94301209352815,5.336197756229793,-1.8549783131019024,155.14259706903522,41.8701012969228,0.08005700260400772,0.15586283802986145,0.039989675545429954,-0.059335990162574195,-2.3995472460077685,0
115.22,2,5.293172649967899,-2.1330762089801167,154.37672455922035,5.330429042093568,-1.8523920484214167,156.67900328060264,42.341794145457875,0.08002927154302597,0.1804567277431488,0.039989675545429954,-0.059335990162574195,-2.3995472460077685,0
115.32,2,5.283182935972199,-2.1309361444347124,155.39350810338973,5.325329079138422,-1.8502629446237582,157.79305534939752,43.21305267579807,0.08000770956277847,0.1269468069076538,0.03301533585380649,-0.07720133674047153,-2.1995849755071477,0
115.42,2,5.277939135049685,-2.128282538889035,155.91199663415435,5.319869688354606,-1.848051805917894,158.20906199308124,43.68311034600543,0.07999879866838455,0.1270933747291565,0.03301533585380649,-0.07720133674047153,-2.1995849755071477,0
115.52,2,5.272364047728487,-2.12561729087541,157.50394039511838,5.31410770437883,-1.8458174752772811,159.70352537062553,44.28908741295174,0.07999704033136368,0.12801896035671234,0.03301533585380649,-0.07720133674047153,-2.1995849755071477,0
115.62,2,5.266791507343285,-2.1233846632613806,158.56018601053762,5.308453580349927,-1.8438003699569183,160.75977098604474,44.51567403070302,0.07999800145626068,0.07425728440284729,0.03301533585380649,-0.07720133674047153,-2.1995849755071477,0
115.72,2,5.260545270715808,-2.1209462471207936,158.82201437397507,5.302118358180753,-1.841603484582506,161.0215993494822,45.1815746115499,0.07999918609857559,0.03171560540795326,0.04999466962023865,-0.06943238352008181,-2.399547246007794,0
115.82,2,5.257672019866661,-2.1227605335810447,158.8112999047905,5.2948090253961775,-1.8390968113455952,161.09894626619095,45.31901206805933,0.08000010997056961,0.033327654004096985,0.04999466962023865,-0.06943238352008181,-2.399547246007794,0
115.92,2,5.255760922117131,-2.125705314334696,158.55298510782828,5.28729317217793,-1.8365161456075219,160.9525323538361,45.46222405104291,0.08000010997056961,0.033327654004096985,0.04999466962023865,-0.06943238352008181,-2.399547246007794,0
116.02,2,5.248421613607144,-2.1227872322267283,158.01900720603527,5.279838125502785,-1.833907902584907,160.41855445204305,45.55721087736147,0.08000006526708603,0.058004848659038544,0.04999466962023865,-0.06943238352008181,-2.399547246007794,0
116.12,2,5.241159140365096,-2.119872808050376,158.3982553985376,5.272459999872815,-1.8313000973660396,160.79780264454538,45.68207293231978,0.08000002056360245,0.04245414957404137,0.04999466962023865,-0.06943238352008181,-2.399547246007794,0
116.23,2,5.234290593345286,-2.1171739334547692,158.6401216777923,5.265484479633013,-1.8288911599176494,161.03966892380012,45.96946412675793,0.08000002056360245,0.04245414957404137,0.04999466962023865,-0.06943238352008181,-2.399547246007794,0
116.32,2,5.227489619018945,-2.114530518168327,158.92084645958533,5.258578794793273,-1.8265348040323184,161.32039370559312,46.24440009739322,0.07999999821186066,0.06437919288873672,0.04999466962023865,-0.06943238352008181,-2.399547246007794,0
116.42,2,5.220128175165893,-2.1117317428365143,159.39287378581705,5.251106627291501,-1.824046689930221,161.79242103182483,46.48540211692934,0.07999999076128006,0.04669627547264099,0.04401736211175148,-0.02430670515291339,-2.799471787009159,0
116.52,2,5.201847043530553,-2.1040745315766536,159.87372533832806,5.2441318685604115,-1.8218043331702907,162.49814613718706,46.75756418261158,0.07999999076128006,0.013708837330341339,0.04401736211175148,-0.02430670515291339,-2.799471787009159,0
116.62,2,5.18554314343794,-2.0973301223051606,159.63710664040573,5.236637449151461,-1.8194344380185665,162.43657842741487,47.109068482951784,0.07999999076128006,0.014188069850206375,0.04401736211175148,-0.02430670515291339,-2.799471787009159,0
116.72,2,5.177697443129712,-2.094413819703113,159.5834900633492,5.228658678141593,-1.8169048041783953,162.38296185035836,47.25215286540338,0.07999999076128006,0.014188069850206375,0.04401736211175148,-0.02430670515291339,-2.799471787009159,0
116.82,2,5.169781042285487,-2.09147559606557,159.67858617528233,5.220608220334934,-1.8143567285174587,162.47805796229147,47.45083080165328,0.07999999076128006,0.08124439418315887,0.04401736211175148,-0.02430670515291339,-2.799471787009159,0
116.92,2,5.16272978864097,-2.0888985539644906,160.26979304967816,5.2134395175597605,-1.8121271490792519,163.06926483668732,47.89946839554275,0.07999999076128006,0.012736409902572632,0.04401736211175148,-0.02430670515291339,-2.799471787009159,0
117.02,2,5.155416635194386,-2.086308360557485,160.6247373842052,5.20600858521981,-1.8098972253635044,163.42420917121433,48.12295179212184,0.07999999076128006,0.05786852166056633,0.04401736211175148,-0.02430670515291339,-2.799471787009159,0
117.12,2,5.148058751020216,-2.0837689696213575,161.41671649467722,5.198535456755692,-1.8077202281642006,164.21618828168636,48.49476753679395,0.07999999076128006,0.008532929234206676,0.04401736211175148,-0.02430670515291339,-2.799471787009159,0
117.22,2,5.14077440560439,-2.0813604731526665,161.87283702800568,5.191142172247174,-1.805670377546992,164.67230881501484,48.67475244296971,0.07999999076128006,-0.04415658116340637,0.04401736211175148,-0.02430670515291339,-2.799471787009159,0
117.32,2,5.132704290216091,-2.0786894435123853,161.3502185787264,5.1829512332461976,-1.80339668451538,164.14969036573555,48.60735015249061,0.07999999076128006,-0.06151696294546127,0.044017362111752584,-0.03430670515291039,-2.7994717870091828,0
117.42,2,5.1254696778049285,-2.081610554772174,160.7615377412603,5.175603904615504,-1.8012683751128062,163.56100952826947,48.445042493194634,0.07999999076128006,-0.008439256809651852,0.044017362111752584,-0.03430670515291039,-2.7994717870091828,0
117.52,2,5.117892154287169,-2.083547562160392,160.6547177294573,5.167905641929606,-1.7989843725875037,163.45418951646647,48.37790890734844,0.07999999076128006,-0.10039786994457245,0.044017362111752584,-0.03430670515291039,-2.7994717870091828,0
117.62,2,5.111129706625382,-2.081168595035604,160.52871008278092,5.1610350745656435,-1.796938526294034,163.3281818697901,48.198044495035674,0.07999999076128006,-0.12928703427314758,0.044017362111752584,-0.03430670515291039,-2.7994717870091828,0
117.72,2,5.1051043957239175,-2.0790100442350545,159.95903487233934,5.154911529510983,-1.7950768311037826,162.7585066593485,47.68852932734372,0.07999999076128006,-0.15567632019519806,0.044017362111752584,-0.03430670515291039,-2.7994717870091828,0
117.82,2,5.099414670264765,-2.0769041988123487,159.37768101259297,5.149125743567084,-1.7932513882106105,162.17715279960217,47.264497809400375,0.07999999076128006,-0.13408398628234863,0.044017362111752584,-0.03430670515291039,-2.7994717870091828,0
117.92,2,5.093515496184032,-2.074637531033918,158.39273117467656,5.14312290430598,-1.7912755444774333,161.19220296168575,46.6314605360099,0.07999999076128006,-0.13973058760166168,0.044017362111752584,-0.03430670515291039,-2.7994717870091828,0
118.02,2,5.087604685699682,-2.0722371659244314,157.47330250817606,5.137101912675536,-1.7891667312977364,160.27277429518523,46.18198897825525,0.07999999076128006,-0.14374881982803345,0.044017362111752584,-0.03430670515291039,-2.7994717870091828,0
118.12,2,5.081618682206003,-2.0697000480694285,156.55253863926686,5.130999138691119,-1.7869250010437536,159.35201042627602,45.53578365116167,0.07999999076128006,-0.06874881982803345,0.03096483960650415,-0.007196488518280928,-2.999434057509827,0
118.22,2,5.0667795030614275,-2.0628577882861996,155.85968704654846,5.124980992692998,-1.7846115847908586,158.74784213141163,45.15689330005394,0.07999999076128006,-0.07277096807956696,0.03096483960650415,-0.007196488518280928,-2.999434057509827,0
118.32,2,5.048664756944519,-2.0544320387778914,155.67441004587195,5.1179497638462275,-1.78187431471668,158.67384410338175,44.8502690911448,0.07999999076128006,-0.13232553005218506,0.040964839606502976,-0.007196488518285055,-2.999434057509793,0
118.42,2,5.047392833086055,-2.051513772008116,155.3216799551329,5.111390747431347,-1.7792957231073814,158.32111401264274,44.57944508998589,0.07999999076128006,-0.14860308170318604,0.040964839606502976,-0.007196488518285055,-2.999434057509793,0
118.52,2,5.046574560610273,-2.0488705548288078,154.66455325810716,5.105585119734427,-1.776953082441626,157.66398731561696,43.94193646442414,0.07999999076128006,-0.12242264300584793,0.040964839606502976,-0.007196488518285055,-2.999434057509793,0
118.62,2,5.040978998668071,-2.0461828966292104,154.09774202460065,5.099856588772231,-1.7745619000851207,157.09717608211045,43.49663027318592,0.07999999076128006,-0.10195323824882507,0.040964839606502976,-0.007196488518285055,-2.999434057509793,0
118.72,2,5.035049757499817,-2.0432835376668037,153.71045390590643,5.093783758233651,-1.7719767671148687,156.70988796341624,42.9141573407972,0.07999999076128006,-0.026953238248825076,0.040964839606502976,-0.007196488518285055,-2.999434057509793,0
118.82,2,5.028975716998331,-2.0402401609399172,153.1384699045757,5.087558790842619,-1.7692553904602981,156.13790396208546,42.59465881258055,0.07999999076128006,0.0648859603703022,0.040964839606502976,-0.007196488518285055,-2.999434057509793,0
118.92,2,5.022113541032475,-2.036782850003912,153.41429482044734,5.080525108132492,-1.766161886714081,156.41372887795714,42.61773596409094,0.07999999076128006,0.045696753263473514,0.040964839606502976,-0.007196488518285055,-2.999434057509793,0
119.02,2,5.016204763746026,-2.0338511531800076,153.8534989432185,5.074471021327332,-1.7635433893885646,156.8529330007283,43.10847044075781,0.07999999076128006,0.031119024381041527,0.040964839606502976,-0.007196488518285055,-2.999434057509793,0
119.13,2,5.009282967582909,-2.0304646409886447,154.02512799655065,5.067381504718177,-1.7605237070883066,157.02456205406045,43.36285583666572,0.07999999076128006,-0.014346597716212273,0.040964839606502976,-0.007196488518285055,-2.999434057509793,0
119.22,2,5.002024243815188,-2.0269331606177907,154.0595615049087,5.059947936459502,-1.7573768853123841,157.05899556241846,43.389460193164815,0.07999999076128006,-0.014346597716212273,0.040964839606502976,-0.007196488518285055,-2.999434057509793,0
119.33,2,4.995041533585261,-2.0235339443705564,153.97969020136054,5.052796924479061,-1.7543477037552324,156.97912425887034,43.33976903612687,0.07999999076128006,0.05230775475502014,0.040964839606502976,-0.007196488518285055,-2.999434057509793,0
119.43,2,4.987672400645884,-2.019949547396372,154.13573124501409,5.045250329384525,-1.7511538151494903,157.13516530252386,43.50221136572111,0.07999999076128006,0.008946385234594345,0.047805922889310445,-0.00038157370808782244,-3.199396328010457,0
119.52,2,4.98079145869546,-2.0224101751188917,154.2005074708173,5.038311154266632,-1.748239360742698,157.30999575209648,43.72695795909209,0.07999999076128006,-0.0607261061668396,0.047805922889310445,-0.00038157370808782244,-3.199396328010457,0
119.62,2,4.973432863849083,-2.023577311770338,154.23944179526953,5.030866171393452,-1.7451381955452636,157.43883812328,43.70207788958651,0.07999999076128006,-0.009553106501698494,0.047805922889310445,-0.00038157370808782244,-3.199396328010457,0
119.72,2,4.966646501050515,-2.0203019198374346,154.2763344161035,5.023907583292688,-1.7422466623893371,157.47573074411395,43.5273784125685,0.07999999076128006,-0.009553106501698494,0.047805922889310445,-0.00038157370808782244,-3.199396328010457,0
119.82,2,4.959386489617532,-2.016795250552545,154.22142452438146,5.016463176991976,-1.7391506471583433,157.42082085239193,43.41799547203537,0.07999999076128006,-0.05492866039276123,0.047805922889310445,-0.00038157370808782244,-3.199396328010457,0
119.93,2,4.952213875668585,-2.0133338410048403,154.21417396760225,5.009108557943938,-1.7360949433808464,157.41357029561271,43.33887334837051,0.07999999076128006,-0.05492866039276123,0.047805922889310445,-0.00038157370808782244,-3.199396328010457,0
120.02,2,4.945360088103014,-2.0100143756112407,153.99486677031288,5.002080190384362,-1.7331631685019067,157.19426309832335,43.02662226112489,0.07999999076128006,0.003766540437936783,0.047805922889310445,-0.00038157370808782244,-3.199396328010457,0
120.12,2,4.938333804386938,-2.006574423061807,153.7616407449829,4.994872871028126,-1.730120721444295,156.96103707299338,42.95155423975367,0.07999999076128006,0.010948985815048218,0.047805922889310445,-0.00038157370808782244,-3.199396328010457,0
120.22,2,4.930953766553186,-2.0029369232205236,153.79804651880949,4.987301323623256,-1.7269007783673536,156.99744284681995,42.981924892963036,0.07999999076128006,0.10202007740736008,0.047805922889310445,-0.00038157370808782244,-3.199396328010457,0
120.32,2,4.924281879530797,-1.999662385101037,154.02775554384874,4.980457080523429,-1.7240037086881812,157.2271518718592,43.32364924433342,0.07999999076128006,0.081208236515522,0.047805922889310445,-0.00038157370808782244,-3.199396328010457,0
120.42,2,4.918007683722274,-1.9966411920912275,154.53319441817385,4.974024048217165,-1.7213373937043923,157.73259074618431,43.61985524642787,0.07999999076128006,-0.030528707429766655,0.047805922889310445,-0.00038157370808782244,-3.199396328010457,0
120.52,2,4.911169928427198,-1.9933802371689529,154.48021512384383,4.967014953466481,-1.7184631433227502,157.6796114518543,43.71906440837681,0.07999999076128006,-0.007456600666046143,0.047805922889310445,-0.00038157370808782244,-3.199396328010457,0
120.62,2,4.9039346700817354,-1.989918083183884,154.35874211688582,4.9595977461146905,-1.7154101925137013,157.5581384448963,43.648842886543285,0.07999999076128006,0.09588811308145523,0.054569769653675194,0.016116738919404457,-3.3993585985110473,0
120.73,2,4.89683844836035,-1.9868193673844623,154.44427490886235,4.95243299261421,-1.7124649279705193,157.75930838623808,43.744552232060634,0.07999999076128006,0.09931627660989761,0.054569769653675194,0.016116738919404457,-3.3993585985110473,0
120.83,2,4.8909193034425735,-1.9842166529789294,154.8019394394086,4.946450102939616,-1.7100414822021843,158.20129803791966,44.20643482286626,0.07999999076128006,0.0444604717195034,0.054569769653675194,0.016116738919404457,-3.3993585985110473,0
120.92,2,4.884366348812017,-1.9811581359521144,155.02455795647757,4.939727322911802,-1.7073769054081969,158.4239165549886,44.514798572768754,0.07999999076128006,0.025615818798542023,0.054569769653675194,0.016116738919404457,-3.3993585985110473,0
121.03,2,4.877215954775205,-1.9778393039799957,155.22179483193196,4.932392719250874,-1.7044878969835044,158.621153430443,44.623745297223195,0.07999999076128006,0.0536554791033268,0.054569769653675194,0.016116738919404457,-3.3993585985110473,0
121.12,2,4.870336410820096,-1.9746677757727031,155.34017068362434,4.925337223514709,-1.7017298730320372,158.7395292821354,44.881124880629535,0.07999999076128006,0.0065626841969788074,0.054569769653675194,0.016116738919404457,-3.3993585985110473,0
121.22,2,4.863247752438798,-1.9714229298710328,155.3856435520261,4.918068633903649,-1.6989110598707324,158.78500215053717,44.94044182924737,0.07999999076128006,-0.04731259495019913,0.054569769653675194,0.016116738919404457,-3.3993585985110473,0
121.32,2,4.856138354897385,-1.968158159411996,155.2357786606229,4.91077816019261,-1.6960735869421038,158.63513725913398,44.745537458065556,0.07999999076128006,-0.08074326068162918,0.054569769653675194,0.016116738919404457,-3.3993585985110473,0
121.42,2,4.849585801620006,-1.9651209384818735,154.94715821056099,4.904057043568075,-1.693430244975835,158.34651680907203,44.480957325811154,0.07999999076128006,-0.08955591171979904,0.054569769653675194,0.016116738919404457,-3.3993585985110473,0
121.52,2,4.843418057519007,-1.9622096863719627,154.57453685770895,4.89772752839123,-1.6908898328500237,157.97389545622,44.18928547956893,0.07999999076128006,-0.12284978479146957,0.054569769653675194,0.016116738919404457,-3.3993585985110473,0
121.62,2,4.837288729163873,-1.959261774884933,153.98828041974056,4.891434187642378,-1.688310547980285,157.38763901825158,43.70411462128445,0.07999999076128006,-0.12284978479146957,0.054569769653675194,0.016116738919404457,-3.3993585985110473,0
121.72,2,4.831583498444829,-1.9564524858675694,153.50962194103957,4.885572417973221,-1.6858444947192315,156.9089805395506,43.30224060984143,0.07999999076128006,-0.0583200640976429,0.054569769653675194,0.016116738919404457,-3.3993585985110473,0
121.82,2,4.825984108357005,-1.9536390801620453,153.1170254440128,4.879816058607981,-1.6833680561721052,156.51638404252384,42.84342852589662,0.07999999076128006,-0.023253343999385834,0.04456976965367476,0.01611673891940188,-3.399358598511016,0
121.93,2,4.81290627181126,-1.9497790008616978,152.88903822571066,4.872035860572817,-1.6799633145894108,156.28839682422173,42.66702517992528,0.07999999076128006,0.014304930344223976,0.04456976965367476,0.01611673891940188,-3.399358598511016,0
122.02,2,4.801289267826227,-1.9461186604554115,152.8235241035634,4.864701148989168,-1.6767322021951019,156.22288270207443,42.701028213075084,0.07999999076128006,0.004973334260284901,0.04456976965367476,0.01611673891940188,-3.399358598511016,0
122.12,2,4.7940927338003325,-1.9424282611161703,152.80801681998048,4.857298454361982,-1.6734750160589484,156.20737541849152,42.73386972832157,0.07999999076128006,-0.011013857088983059,0.04456976965367476,0.01611673891940188,-3.399358598511016,0
122.23,2,4.786888567919093,-1.9387311605574644,152.7812406843777,4.849887743957623,-1.6702115930265602,156.18059928288872,42.70912375426588,0.07999999076128006,0.06398614291101694,0.04456976965367476,0.01611673891940188,-3.399358598511016,0
122.32,2,4.779766906122444,-1.9350701429587256,152.8714234435802,4.842561532017519,-1.6669792973697841,156.27078204209118,42.789633094457905,0.07999999076128006,0.13673432171344757,0.04456976965367476,0.01611673891940188,-3.399358598511016,0
122.42,2,4.773638561400818,-1.931949355533512,153.25955146205277,4.836258922458359,-1.664227382413753,156.6589100605638,43.128748830996955,0.07999999076128006,0.13673432171344757,0.04456976965367476,0.01611673891940188,-3.399358598511016,0
122.52,2,4.768154607736574,-1.9292280223506184,153.9405218375758,4.830623255863885,-1.6618360095612215,157.33988043608684,43.55174068742589,0.07999999076128006,0.11222338676452637,0.04456976965367476,0.01611673891940188,-3.399358598511016,0
122.63,2,4.762501117756645,-1.9264898804205122,154.35127906166372,4.824817354576262,-1.6594379102261327,157.7506376601747,44.17654265751206,0.07999999076128006,0.0721769630908966,0.04456976965367476,0.01611673891940188,-3.399358598511016,0
122.72,2,4.7563050386455235,-1.9235387153852956,154.75646291033732,4.818457187600143,-1.656859335532192,158.1558215088483,44.63005943700651,0.07999999076128006,0.09407945722341537,0.06456976965367406,0.006116738919404004,-3.399358598511035,0
122.82,2,4.760763197846514,-1.9259669076643822,155.13339182379397,4.812090325135267,-1.6543287167538956,158.53275042230499,44.95126223947396,0.07999999076128006,0.08673927187919617,0.06456976965367406,0.006116738919404004,-3.399358598511035,0
122.93,2,4.7639337274031535,-1.9278014101827623,155.57729328668202,4.80576744912968,-1.651865684523783,158.97665188519304,45.27025172798432,0.07999999076128006,0.09696345031261444,0.06456976965367406,0.006116738919404004,-3.399358598511035,0
123.02,2,4.757825360097584,-1.9250592421473423,155.97869807290184,4.7995072321481,-1.6494905382087584,159.37805667141285,45.77698502766553,0.07999999076128006,0.040708474814891815,0.06456976965367406,0.006116738919404004,-3.399358598511035,0
123.12,2,4.751083517250213,-1.9220770237833515,156.3418524820677,4.792600420398214,-1.6469133259938198,159.74121108057872,46.08449394710495,0.07999999076128006,0.040708474814891815,0.06456976965367406,0.006116738919404004,-3.399358598511035,0
123.22,2,4.744125098523462,-1.9190379346295348,156.49927938109508,4.7854740416712085,-1.644292184963481,159.89863797960612,46.266264342802714,0.07999999076128006,0.043097760528326035,0.06456976965367406,0.006116738919404004,-3.399358598511035,0
123.32,2,4.737238039639186,-1.9160643886813675,156.7184677018841,4.778422783625851,-1.6417322405189432,160.1178263003951,46.57041183357798,0.07999999076128006,0.07780443131923676,0.06456976965367406,0.006116738919404004,-3.399358598511035,0
123.42,2,4.730547948865448,-1.9132070026179777,157.1666683147826,4.771575034847471,-1.6392765723116556,160.56602691329363,46.8392095735244,0.07999999076128006,-0.0015758026856929064,0.06456976965367406,0.006116738919404004,-3.399358598511035,0
123.53,2,4.723554643207821,-1.9102755622197376,157.2381933655378,4.7644202136277825,-1.6367649592555211,160.6375519640488,46.97166259197195,0.07999999076128006,-0.06912067532539368,0.06456976965367406,0.006116738919404004,-3.399358598511035,0
123.62,2,4.716496397917088,-1.907304980961931,156.95332849636256,4.757198246171763,-1.6342181248169334,160.35268709487363,46.7884688384362,0.07999999076128006,-0.09481950849294662,0.06456976965367581,0.006116738919403675,-3.3993585985110384,0
123.72,2,4.710057305235471,-1.9045556193709114,156.66089194631965,4.750607459184847,-1.6318554080303203,160.0602505448307,46.520215578929324,0.07999999076128006,-0.08390305936336517,0.06456976965367581,0.006116738919403675,-3.3993585985110384,0
123.82,2,4.703709925458655,-1.9017770124205955,156.14111305858054,4.744106489623731,-1.6294580592069463,159.54047165709156,46.06389532938161,0.07999999076128006,-0.11501558125019073,0.06456976965367581,0.006116738919403675,-3.3993585985110384,0
123.92,2,4.697677766797359,-1.8990769617237122,155.60428427062374,4.737924844552645,-1.627120437317949,159.00364286913478,45.72373043378797,0.07999999076128006,-0.10054095089435577,0.06456976965367581,0.006116738919403675,-3.3993585985110384,0
124.02,2,4.692068681584748,-1.896490398627177,154.8663021605448,4.732172257798845,-1.624871017122725,158.26566075905583,45.161225625262155,0.07999999076128006,-0.10054095089435577,0.06456976965367581,0.006116738919403675,-3.3993585985110384,0
124.12,2,4.686073479920797,-1.893657786890412,154.42138354259515,4.7260196444657625,-1.6223988760635852,157.8207421411062,44.80097893105795,0.07999999076128006,-0.05804546922445297,0.06456976965367581,0.006116738919403675,-3.3993585985110384,0
124.23,2,4.680033190618684,-1.8907357054398573,153.97742274415384,4.719816717702133,-1.6198400961938173,157.37678134266488,44.386363874396075,0.07999999076128006,-0.05417041853070259,0.06456976965367581,0.006116738919403675,-3.3993585985110384,0
124.32,2,4.673100380426956,-1.8873275724300314,153.6813165666109,4.712694019922948,-1.6168490421799986,157.08067516512193,44.06940076520577,0.07999999076128006,0.037738160043954846,0.050992371363819594,0.03174899780376147,-3.599320869011717,0
124.42,2,4.6548222075863395,-1.8784898838140018,153.33283409363003,4.705769726895414,-1.6138922745788187,156.846499989932,44.04126423238045,0.07999999076128006,0.15773816004395486,0.050992371363819594,0.03174899780376147,-3.599320869011717,0
124.52,2,4.639778092286702,-1.871189101936107,153.64678340139008,4.699198176194359,-1.6111065467060006,157.24610427040182,44.265427833163486,0.07999999076128006,0.20886513590812683,0.050992371363819594,0.03174899780376147,-3.599320869011717,0
124.62,2,4.634429010492603,-1.8685884767853105,154.5494142749,4.693696381770825,-1.6088468597064158,158.1487351439117,44.97496041348886,0.07999999076128006,0.20886513590812683,0.050992371363819594,0.03174899780376147,-3.599320869011717,0
124.72,2,4.629481166832693,-1.866275037279901,155.41338533886903,4.688613063166834,-1.6068486026662903,159.01270620788074,45.82788658870699,0.07999999076128006,0.1529986411333084,0.050992371363819594,0.03174899780376147,-3.599320869011717,0
124.83,2,4.624307303518553,-1.8639577763426474,156.38723223680117,4.683303930834084,-1.6048607209499703,159.98655310581287,46.365604884257074,0.07999999076128006,0.10614408552646637,0.050992371363819594,0.03174899780376147,-3.599320869011717,0
124.92,2,4.6185524862446865,-1.8614646264526105,156.78369993016847,4.677403948411187,-1.6027337687550933,160.3830207991802,46.99702947376456,0.07999999076128006,0.06774844974279404,0.06461598202020037,0.006250535960033806,-3.39935859851105,0
125.02,2,4.6242824397182245,-1.8644984455591431,157.4721966902049,4.6708829487941905,-1.6004422401596186,160.95182422472797,47.28074711734407,0.07999999076128006,0.06900534778833389,0.06461598202020037,0.006250535960033806,-3.39935859851105,0
125.12,2,4.6257593282236975,-1.865619788156169,157.8820778779057,4.664110899775215,-1.598122851823779,161.28143647641673,47.55545441192798,0.07999999076128006,0.024697378277778625,0.06461598202020037,0.006250535960033806,-3.39935859851105,0
125.23,2,4.618676758425504,-1.8627639318908946,158.050469999303,4.656871453252135,-1.5956919828446585,161.44982859781408,47.82456465990047,0.07999999076128006,0.008925529196858406,0.06461598202020037,0.006250535960033806,-3.39935859851105,0
125.32,2,4.611167749991737,-1.8597482167430441,158.23714602628672,4.649196839551562,-1.5931268220196149,161.63650462479777,47.89608247111787,0.07999999076128006,-0.0050389631651341915,0.06461598202020037,0.006250535960033806,-3.39935859851105,0
125.42,2,4.603716028707207,-1.8567626009568723,158.14431037939764,4.641581196950647,-1.5905883107432779,161.54366897790868,47.935601000181364,0.07999999076128006,-0.004179647192358971,0.06461598202020037,0.006250535960033806,-3.39935859851105,0
125.52,2,4.596230590358078,-1.853755519150643,158.06923634047791,4.633930623778661,-1.5880303704765677,161.46859493898896,47.9319387507483,0.07999999076128006,0.045517999678850174,0.06461598202020037,0.006250535960033806,-3.39935859851105,0
125.62,2,4.5889407621985105,-1.8508390908986418,158.28536120127717,4.626480691939011,-1.5855513255133515,161.6847197997882,48.08952804090246,0.07999999076128006,0.016272811219096184,0.06461598202020037,0.006250535960033806,-3.39935859851105,0
125.73,2,4.581634538527959,-1.847935470191804,158.4923677859479,4.619015152862349,-1.5830860377353992,161.89172638445893,48.20046219940721,0.07999999076128006,0.008246814832091331,0.06461598202020037,0.006250535960033806,-3.39935859851105,0
125.82,2,4.574197676704404,-1.8449964745421399,158.4396814185711,4.6114171079273225,-1.580593183472365,161.83904001708214,48.28953081840189,0.07999999076128006,0.04990355297923088,0.0672851939471402,0.04678239015631849,-3.799283139512337,0
125.92,2,4.5602835683892025,-1.8362056811776455,158.45021537384,4.604097832766622,-1.5782146352786637,162.11149291480461,48.420420147658746,0.07999999076128006,0.018212519586086273,0.0672851939471402,0.04678239015631849,-3.799283139512337,0
126.02,2,4.549404556745121,-1.830157009470527,158.55981436366764,4.5966376604202965,-1.575822867915672,162.35909750317998,48.60720668103086,0.07999999076128006,0.03281104937195778,0.0672851939471402,0.04678239015631849,-3.799283139512337,0
126.13,2,4.542043728150027,-1.8272619705331723,158.65164079206127,4.589101179357001,-1.5734219303409476,162.4509239315736,48.727775750827256,0.07999999076128006,0.021833082661032677,0.0672851939471402,0.04678239015631849,-3.799283139512337,0
126.22,2,4.535074718565667,-1.824549404928975,158.74817891555432,4.581967747144279,-1.571177102594668,162.54746205506666,48.89964082350551,0.07999999076128006,0.04382916912436485,0.0672851939471402,0.04678239015631849,-3.799283139512337,0
126.33,2,4.527403914703314,-1.8215858064140842,159.02719548180988,4.5741174291924604,-1.5687282955162036,162.82647862132225,49.03392425730789,0.07999999076128006,0.09090257436037064,0.0672851939471402,0.04678239015631849,-3.799283139512337,0
126.42,2,4.520728738439608,-1.8190473862974712,159.42243422821363,4.5672887236687965,-1.5666377607255282,163.22171736772597,49.41454271439956,0.07999999076128006,0.032739099115133286,0.0672851939471402,0.04678239015631849,-3.799283139512337,0
126.52,2,4.513827551811869,-1.8164838051217969,159.70197151062584,4.56023283727725,-1.5645370959391416,163.50125465013818,49.62137144529706,0.07999999076128006,-0.051589325070381165,0.0672851939471402,0.04678239015631849,-3.799283139512337,0
126.62,2,4.5069801005202415,-1.8139473413685692,159.61928405558479,4.553232364966347,-1.5624599283996938,163.41856719509713,49.566143631741134,0.07999999076128006,-0.09592141211032867,0.0672851939471402,0.04678239015631849,-3.799283139512337,0
126.73,2,4.50006930821092,-1.8113569401393912,159.3271944820625,4.546165116868921,-1.560333138988371,163.12647762157485,49.15502881673459,0.07999999076128006,-0.09592141211032867,0.0672851939471402,0.04678239015631849,-3.799283139512337,0
126.82,2,4.4941517694780835,-1.8090834739755555,158.60904127432084,4.540109940038329,-1.5584567737246258,162.40832441383318,48.83262857872541,0.07999999076128006,-0.07098657637834549,0.0672851939471402,0.04678239015631849,-3.799283139512337,0
126.92,2,4.487343540850931,-1.8063890799672364,158.2108253818364,4.5331381395097665,-1.5562194240645182,162.01010852134877,48.42335858631363,0.07999999076128006,-0.07338804006576538,0.0672851939471402,0.04678239015631849,-3.799283139512337,0
127.02,2,4.481086405567353,-1.8038590426964527,157.67537005931257,4.5267271116957195,-1.5541095537092444,161.4746531988249,48.16611302680304,0.07999999076128006,-0.04535774886608124,0.0672851939471402,0.04678239015631849,-3.799283139512337,0
127.13,2,4.474081026657454,-1.8009612353984497,157.35597979681467,4.519545115709424,-1.5516823012583314,161.155262936327,47.827770364592496,0.07999999076128006,-0.04535774886608124,0.05728519394713961,0.046782390156321095,-3.79928313951237,0
127.23,2,4.46179937398025,-1.798194855802006,157.07120588738096,4.512803576749764,-1.5493575163958488,160.8704890268933,47.65101364047495,0.07999999076128006,-0.01953950524330139,0.05728519394713961,0.046782390156321095,-3.79928313951237,0
127.33,2,4.450268380205476,-1.7951123232048536,156.83670953391595,4.5053752681404875,-1.5467614887513619,160.63599267342832,47.551373656309934,0.07999999076128006,-0.020160598680377007,0.05728519394713961,0.046782390156321095,-3.79928313951237,0
127.42,2,4.442565064472947,-1.7917998842051155,156.5840183491855,4.497469395105316,-1.5439667621182545,160.38330148869787,47.43275237707644,0.07999999076128006,0.07326287396717816,0.05728519394713961,0.046782390156321095,-3.79928313951237,0
127.52,2,4.435710981657647,-1.788838879749619,156.7473533573486,4.490434175176639,-1.541466426304892,160.54663649686097,47.44016555125631,0.07999999076128006,0.0792369619011879,0.05728519394713961,0.046782390156321095,-3.79928313951237,0
127.62,2,4.429205659718169,-1.786071383532938,157.1380173479085,4.483759771781074,-1.5391360640671958,160.93730048742086,47.82852874692408,0.07999999076128006,0.09999756515026093,0.05728519394713961,0.046782390156321095,-3.79928313951237,0
127.73,2,4.422970507515841,-1.7834866335154815,157.74110837917988,4.477367053391917,-1.5369701445774957,161.54039151869225,48.146696502516626,0.07999999076128006,0.12934957444667816,0.05728519394713961,0.046782390156321095,-3.79928313951237,0
127.82,2,4.417055096759,-1.78110235078634,158.43325383763386,4.471306656998093,-1.5349830652875944,162.23253697714622,48.74094540223756,0.07999999076128006,0.08397719264030457,0.05728519394713961,0.046782390156321095,-3.79928313951237,0
127.92,2,4.410913468278776,-1.778728974902087,159.30660610552772,4.465021262743153,-1.5330218583793298,163.1058892450401,49.10185874563663,0.07999999076128006,0.057679127901792526,0.055019587887633094,0.00730942491932354,-3.399358598511008,0
128.02,2,4.404261960017988,-1.776229077702485,159.55915933601437,4.458218725790216,-1.530968193568356,163.35844247552672,49.52438118349963,0.07999999076128006,0.05519958585500717,0.055019587887633094,0.00730942491932354,-3.399358598511008,0
128.13,2,4.407513452416201,-1.7827684274027593,160.40529558228417,4.45097863771247,-1.5288462070333038,163.80465418079515,49.819011951863686,0.07999999076128006,0.05519958585500717,0.055019587887633094,0.00730942491932354,-3.399358598511008,0
128.22,2,4.400507254586241,-1.7803011893494876,160.91353573096606,4.443838471974619,-1.5267987439982116,164.31289432947707,50.036524980225785,0.07999999076128006,0.012650654651224613,0.055019587887633094,0.00730942491932354,-3.399358598511008,0
128.33,2,4.393227841543644,-1.777786964758696,160.94187595557216,4.436422785672468,-1.5247205774491226,164.34123455408317,50.17814756276561,0.07999999076128006,0.009767069481313229,0.055019587887633094,0.00730942491932354,-3.399358598511008,0
128.42,2,4.385643121190284,-1.7751888117283043,161.12946532898835,4.428697352696775,-1.5225767333908728,164.52882392749936,50.258841496982036,0.07999999076128006,-0.0714283362030983,0.055019587887633094,0.00730942491932354,-3.399358598511008,0
128.53,2,4.378553522139449,-1.77274728466333,160.7456176853972,4.4214754570213435,-1.520559881397347,164.14497628390822,50.12551999548586,0.07999999076128006,-0.0968790352344513,0.055019587887633094,0.00730942491932354,-3.399358598511008,0
128.62,2,4.372007526222135,-1.7704359039506927,160.25162476252987,4.414803925059069,-1.5186407137067595,163.6509833610409,49.67348198511621,0.07999999076128006,-0.03682712838053703,0.055019587887633094,0.00730942491932354,-3.399358598511008,0
128.73,2,4.365200217651212,-1.767938280857515,159.76030997686053,4.407860496945989,-1.5165511259163535,163.15966857537154,49.3518052233109,0.07999999076128006,-0.03682712838053703,0.055019587887633094,0.00730942491932354,-3.399358598511008,0
128.82,2,4.358011692833867,-1.7652732574182666,159.47766233345348,4.4005265973028225,-1.514317036615246,162.87702093196447,49.200509569320424,0.07999999076128006,-0.01255068089812994,0.055019587887633094,0.00730942491932354,-3.399358598511008,0
128.92,2,4.3506430928925965,-1.7624981951388003,159.23332531784757,4.393006414604501,-1.5119837796784217,162.6326839163586,49.05224409766216,0.07999999076128006,0.014388419687747955,0.05713590374813207,0.04633574838662132,-3.7992831395122906,0
129.02,2,4.337817562352459,-1.7547559887094,159.05745595498314,4.385697079831964,-1.509696758882637,162.67728362052176,49.04777625105195,0.07999999076128006,0.02287260629236698,0.05713590374813207,0.04633574838662132,-3.7992831395122906,0
129.13,2,4.325668548833783,-1.7477504355292701,159.01310817665745,4.378030371371586,-1.50730429735597,162.81239131616974,49.11018577002701,0.07999999076128006,0.06202108412981033,0.05713590374813207,0.04633574838662132,-3.7992831395122906,0
129.22,2,4.317944582510008,-1.7448002225035495,159.19098485554053,4.370127894735096,-1.5048723689693408,162.99026799505282,49.311444406747505,0.07999999076128006,0.0662141740322113,0.05713590374813207,0.04633574838662132,-3.7992831395122906,0
129.33,2,4.311216361049588,-1.7423036409817376,159.89534255001394,4.363249032876831,-1.5028270956745418,163.69462568952622,49.5410017920503,0.07999999076128006,0.0662141740322113,0.05713590374813207,0.04633574838662132,-3.7992831395122906,0
129.44,2,4.304488974975932,-1.7398625196419764,160.39085452512077,4.356374679439611,-1.5008371053228968,164.19013766463306,49.93498050145391,0.07999999076128006,0.04343428462743759,0.05713590374813207,0.04633574838662132,-3.7992831395122906,0
129.52,2,4.297431862400886,-1.7373720311266887,160.63208822279512,4.349168053002819,-1.498819704435078,164.43137136230743,50.219622926445865,0.07999999076128006,0.10343428462743759,0.05713590374813207,0.04633574838662132,-3.7992831395122906,0
129.62,2,4.290231153169799,-1.734878199893795,161.3468954033828,4.341817923999526,-1.4968084830937607,165.1461785428951,50.432471273642236,0.07999999076128006,0.12253011018037796,0.05713590374813207,0.04633574838662132,-3.7992831395122906,0
129.73,2,4.284227346384352,-1.732888719427785,161.88946908315592,4.3356954860023995,-1.4952211956550863,165.68875222266823,50.82507421235065,0.07999999076128006,0.13045357167720795,0.05713590374813207,0.04633574838662132,-3.7992831395122906,0
129.82,2,4.278280059568145,-1.7310034795163307,162.92633441565954,4.329636350887216,-1.493734174588017,166.72561755517182,51.484872569737824,0.07999999076128006,0.152139812707901,0.061114298372255224,0.032062931764285166,-3.599320869011631,0
129.92,2,4.2786450491134,-1.7290402450497195,164.15794213153276,4.323807597506899,-1.492421461774133,167.83728808176636,51.980988240853115,0.07999999076128006,0.14577238261699677,0.061114298372255224,0.032062931764285166,-3.599320869011631,0
130.02,2,4.27699193562555,-1.7272824824512616,164.94440636492286,4.318011103262342,-1.491207782610066,168.54372723393448,52.75913993992529,0.07999999076128006,0.07811540365219116,0.061114298372255224,0.032062931764285166,-3.599320869011631,0
130.12,2,4.272966720110481,-1.726215830524451,165.44690646239505,4.313926864584609,-1.4903959324397569,169.04622733140667,53.14204078175526,0.07999999076128006,0.07496972382068634,0.061114298372255224,0.032062931764285166,-3.599320869011631,0
130.22,2,4.263891174186842,-1.7239337312730976,166.07519611207553,4.304725953222715,-1.4886880855743545,169.67451698108715,53.627224104796476,0.07999999076128006,0.040370021015405655,0.04513626724486402,0.017859388903519798,-3.399358598510953,0
130.33,2,4.249911880671401,-1.7218553497064388,166.67529139451972,4.297304038736745,-1.4873735049803019,170.13983523855757,53.8383824395307,0.07999999076128006,0.06193055585026741,0.04513626724486402,0.017859388903519798,-3.399358598510953,0
130.42,2,4.2398664384830225,-1.7201153563664022,167.04125174362147,4.290403066852727,-1.4861894053694804,170.44061034213243,54.191081914948896,0.07999999076128006,0.03126319497823715,0.04513626724486402,0.017859388903519798,-3.399358598510953,0
130.52,2,4.2321620444939905,-1.7183753075147437,167.38706818251407,4.2826090522659,-1.4849092517206068,170.78642678102503,54.38688211720929,0.07999999076128006,0.0060632964596152306,0.04513626724486402,0.017859388903519798,-3.399358598510953,0
130.62,2,4.224734582265321,-1.7167175949045064,167.48856881183747,4.275096364319519,-1.4836948687181006,170.88792741034842,54.51813182334562,0.07999999076128006,0.0068048881366848946,0.04513626724486402,0.017859388903519798,-3.399358598510953,0
130.72,2,4.216863749319393,-1.714968226033857,167.5620908139796,4.267135650994135,-1.482415280479908,170.96144941249057,54.55493433068761,0.07999999076128006,0.03145728260278702,0.04513626724486402,0.017859388903519798,-3.399358598510953,0
130.82,2,4.209224790743541,-1.7132889593790412,167.61939898187345,4.259410560778779,-1.4811919220752745,171.0187575803844,54.718311850825295,0.07999999076128006,0.04131392017006874,0.04513626724486402,0.017859388903519798,-3.399358598510953,0
130.92,2,4.201719455313469,-1.7116695991912438,167.96346584182947,4.251822410764046,-1.4800204415207565,171.3628244403404,54.87388499226037,0.07999999076128006,0.049220405519008636,0.04513626724486402,0.017859388903519798,-3.399358598510953,0
131.02,2,4.194354523283539,-1.7101115638299222,168.27882468247043,4.244378053376287,-1.4789018526436668,171.67818328098136,55.066165046317536,0.07999999076128006,0.046294763684272766,0.04513626724486402,0.017859388903519798,-3.399358598510953,0
131.12,2,4.186968892207298,-1.7085929053963202,168.4489788083311,4.236915368225113,-1.477823798764332,171.84833740684206,55.43838947313922,0.07999999076128006,0.06487148255109787,0.04513626724486509,0.017859388903522604,-3.399358598510984,0
131.22,2,4.17973970509353,-1.7071488151209355,168.98075193036354,4.229613273305732,-1.476810905464087,172.38011052887447,55.66549237460504,0.07999999076128006,0.06172696501016617,0.04513626724486509,0.017859388903522604,-3.399358598510984,0
131.32,2,4.172646980700387,-1.7057811832674874,169.2183447183035,4.22245193461702,-1.4758662444724167,172.6177033168145,55.91171648716172,0.07999999076128006,0.05866355448961258,0.04513626724486509,0.017859388903522604,-3.399358598510984,0
131.42,2,4.165474367201579,-1.7044541072244046,169.69962439170604,4.2152132521530135,-1.474966804973226,173.09898299021702,56.266420076873075,0.07999999076128006,0.07571403682231903,0.04513626724486509,0.017859388903522604,-3.399358598510984,0
131.53,2,4.158462447582883,-1.7031974381251005,170.09991775443683,4.208139155620637,-1.4741281201606646,173.49927635294782,56.54297290464763,0.07999999076128006,0.06976523995399475,0.04513626724486509,0.017859388903522604,-3.399358598510984,0
131.62,2,4.151472594295974,-1.7020051529892024,170.4799015077422,4.20109090425406,-1.473352397599868,173.87926010625318,56.96232864712297,0.07999999076128006,-0.0032523181289434433,0.04513626724486509,0.017859388903522604,-3.399358598510984,0
131.72,2,4.14394926980896,-1.7007411912083048,170.4696164521452,4.193505870253436,-1.472536756790534,173.8689750506562,57.08170305082449,0.07999999076128006,-0.008591689169406891,0.04513626724486509,0.017859388903522604,-3.399358598510984,0
131.83,2,4.136005924822917,-1.6993978729513826,170.38518601510904,4.185496849325292,-1.4716668043324996,173.78454461362003,57.043127472171854,0.07999999076128006,-0.008591689169406891,0.04513626724486509,0.017859388903522604,-3.399358598510984,0
131.92,2,4.128042963229925,-1.6980416050219758,170.28429951545897,4.177467478452378,-1.4707850881576434,173.68365811396995,57.016021817615005,0.07999999076128006,0.002887837588787079,0.04513626724486509,0.017859388903522604,-3.399358598510984,0
132.03,2,4.120082115000507,-1.6966796329684757,170.28030333691757,4.169439878997386,-1.469897552582834,173.67966193542856,57.034880637997595,0.07999999076128006,0.01986423134803772,0.04513626724486509,0.017859388903522604,-3.399358598510984,0
132.12,2,4.11216149572782,-1.6953269058288378,170.36412296117217,4.161452985894949,-1.469016860271401,173.76348155968316,57.16121302903326,0.07999999076128006,0.031698137521743774,0.029262396635086084,-0.005870044568635188,-3.1993963280103084,0
132.23,2,4.097851145980077,-1.7003302063425276,170.6157274462338,4.153632567827142,-1.4681662483669373,173.88291501874718,57.28633657816952,0.07999999076128006,0.010698913596570492,0.029262396635086084,-0.005870044568635188,-3.1993963280103084,0
132.32,2,4.086622552980098,-1.7022821468785758,170.68684479093827,4.145714592126419,-1.4673227251663943,173.88624111894856,57.385897270697065,0.07999999076128006,0.02043900080025196,0.029262396635086084,-0.005870044568635188,-3.1993963280103084,0
132.43,2,4.079075943984818,-1.7010586241398238,170.83312106367654,4.138111459626499,-1.4665222931526982,174.03251739168687,57.459385224106015,0.07999999076128006,0.01708071120083332,0.029262396635086084,-0.005870044568635188,-3.1993963280103084,0
132.53,2,4.070735545015018,-1.69971507216064,170.9547578379808,4.129709075440824,-1.465646321182517,174.15415416599112,57.57531286102628,0.07999999076128006,0.031715765595436096,0.029262396635086084,-0.005870044568635188,-3.1993963280103084,0
132.63,2,4.063320795992228,-1.6985333105229905,170.9727373086586,4.122239928118351,-1.4648802259440843,174.1721336366689,57.69977928890017,0.07999999076128006,0.09317462891340256,0.029262396635086084,-0.005870044568635188,-3.1993963280103084,0
132.72,2,4.055750495318179,-1.6973540597783245,171.30251695680687,4.114615611730257,-1.4641253191759682,174.5019132848172,58.076758535817596,0.07999999076128006,0.1324920356273651,0.029262396635086084,-0.005870044568635188,-3.1993963280103084,0
132.83,2,4.0492779632296525,-1.696393324223413,171.80383152033056,4.1080995484412215,-1.463527319462952,175.00322784834086,58.457335032120774,0.07999999076128006,0.03577956557273865,0.029262396635086084,-0.005870044568635188,-3.1993963280103084,0
132.92,2,4.04231450198211,-1.6954116181877572,172.04201732493004,4.101092150795598,-1.4629357811948873,175.24141365294034,58.823402440851375,0.07999999076128006,0.03801145404577255,0.029262396635086084,-0.005870044568635188,-3.1993963280103084,0
133.03,2,4.0346627168294,-1.6943529082031068,172.28563933085763,4.093393204433034,-1.4623057750352493,175.48503565886796,58.98310034447503,0.07999999076128006,0.047294676303863525,0.029262396635086084,-0.005870044568635188,-3.1993963280103084,0
133.12,2,4.027136020610167,-1.6933397967634771,172.4509663422135,4.085821696934092,-1.4617143150119287,175.6503626702238,59.27007786311159,0.07999999076128006,0.05666457489132881,0.029262396635086074,-0.0058700445686354075,-3.1993963280103035,0
133.23,2,4.02015051568369,-1.6924350510449029,172.8022868075945,4.078796585198992,-1.4612008473863642,176.00168313560482,59.49265731550266,0.07999999076128006,0.08179423958063126,0.029262396635086074,-0.0058700445686354075,-3.1993963280103035,0
133.32,2,4.012783119536242,-1.6915211922449385,173.14845671949314,4.071389668866759,-1.460699594608834,176.34785304750343,59.92538711583723,0.07999999076128006,0.07816801965236664,0.029262396635086074,-0.0058700445686354075,-3.1993963280103035,0
133.43,2,4.006203119491635,-1.6907664845971626,173.6810228921967,4.064777803746838,-1.4603132995705452,176.880419220207,60.23588598106018,0.07999999076128006,0.04362521320581436,0.029262396635086074,-0.0058700445686354075,-3.1993963280103035,0
133.52,2,3.99849610438887,-1.6899225813840957,173.9141113172365,4.0570357020958365,-1.4599008478123363,177.11350764524678,60.560441120260194,0.07999999076128006,0.0365532822906971,0.029262396635086074,-0.0058700445686354075,-3.1993963280103035,0
133.63,2,3.99125470053519,-1.6891617749999455,174.0778702298772,4.049763123685904,-1.4595453771417566,177.27726655788751,60.736288367199165,0.07999999076128006,0.04179295152425766,0.029262396635086074,-0.0058700445686354075,-3.1993963280103035,0
133.73,2,3.9833166613402176,-1.688362392255837,174.4473663384982,4.041792842759115,-1.459190270143005,177.6467626665085,61.02583772415342,0.07999999076128006,0.05472717434167862,0.029262396635086074,-0.0058700445686354075,-3.1993963280103035,0
133.83,2,3.975890106384467,-1.6876469656516362,174.6500112927674,4.034337934522693,-1.4588904419867292,177.84940762077773,61.24388698431412,0.07999999076128006,0.08701909281313419,0.029262396635086074,-0.0058700445686354075,-3.1993963280103035,0
133.92,2,3.9689723225267173,-1.6870100977624525,174.82829914270891,4.027395388828644,-1.4586406550838085,178.02769547071924,61.45878499793648,0.07999999076128006,0.09740114212036133,0.029262396635086074,-0.0058700445686354075,-3.1993963280103035,0
134.03,2,3.962068163924824,-1.6864156848245204,175.38354000969244,4.020468816606141,-1.4584324965208706,178.58293633770273,61.9231536247772,0.07999999076128006,-0.014514504931867123,0.029262396635086074,-0.0058700445686354075,-3.1993963280103035,0
134.12,2,3.9547568605608614,-1.68583426260583,175.4395755362169,4.013136459241671,-1.4582600315795722,178.6389718642272,62.1091730250692,0.07999999076128006,-0.014514504931867123,0.029262396635086074,-0.0058700445686354075,-3.1993963280103035,0
134.22,2,3.946752263463895,-1.6851946345157691,175.39764496158716,4.005108640217869,-1.4580681448957318,178.59704128959746,62.078710779015964,0.07999999076128006,-0.029458850622177124,0.02510816536816498,0.007307142805531319,-3.399358598510895,0
134.33,2,3.932592480906735,-1.6848475696726615,175.16606472103203,3.9972045003826495,-1.4578733013959038,178.49066653626573,61.96612878481309,0.07999999076128006,-0.01721801608800888,0.02510816536816498,0.007307142805531319,-3.399358598510895,0
134.43,2,3.9209122112457964,-1.6843325944201637,175.06600004261946,3.9892554609606434,-1.4576608081557318,178.46535864113036,61.904793866221524,0.07999999076128006,0.0019021062180399895,0.02510816536816498,0.007307142805531319,-3.399358598510895,0
134.52,2,3.9129002324315008,-1.6836350877418882,175.05035661879168,3.981216220491918,-1.4574396006220414,178.44971521730258,61.910719810373216,0.07999999076128006,-0.006245991215109825,0.02510816536816498,0.007307142805531319,-3.399358598510895,0
134.63,2,3.9049034824081787,-1.6829408005122755,175.02385001660915,3.9731923729168312,-1.4572207038781804,178.42320861512005,61.914160751825094,0.07999999076128006,0.007916858419775963,0.02510816536816498,0.007307142805531319,-3.399358598510895,0
134.72,2,3.896859920433843,-1.6822452478619956,175.04790129925468,3.9651217207233733,-1.4570033196641077,178.44725989776558,61.98958507975555,0.07999999076128006,0.047151632606983185,0.02510816536816498,0.007307142805531319,-3.399358598510895,0
134.83,2,3.8892473377294463,-1.6815968927722225,175.2548069721429,3.957484088077011,-1.4568074949645948,178.6541655706538,62.17012704693763,0.07999999076128006,0.01843109354376793,0.02510816536816498,0.007307142805531319,-3.399358598510895,0
134.92,2,3.8814622380425527,-1.6809549326284945,175.31471999091744,3.949674621182799,-1.456628283387925,178.71407858942834,62.33761528898974,0.07999999076128006,0.020270347595214844,0.02510816536816498,0.007307142805531319,-3.399358598510895,0
135.03,2,3.873447286978249,-1.6803097299237195,175.41633795946012,3.9416355150682656,-1.456459464038618,178.81569655797102,62.42545679400071,0.07999999076128006,0.045331861823797226,0.02510816536816498,0.007307142805531319,-3.399358598510895,0
135.12,2,3.8656900275137267,-1.6797015183693782,175.73572009567064,3.9338558405406383,-1.4563122908788966,179.13507869418154,62.62918383928584,0.07999999076128006,-0.01607450842857361,0.02510816536816498,0.007307142805531319,-3.399358598510895,0
135.23,2,3.8578644189744895,-1.6791093420609884,175.64412384974176,3.9260088880121504,-1.456185177522946,179.04348244825266,62.620804623196605,0.07999999076128006,-0.057883575558662415,0.02510816536816498,0.007307142805531319,-3.399358598510895,0
135.32,2,3.852130658975693,-1.6786636352778859,175.40459729516823,3.9202587883389883,-1.4560802394030734,178.80395589367913,62.36527577983988,0.07999999076128006,-0.08211173862218857,0.0151081653681652,0.007307142805531991,-3.3993585985108994,0
135.43,2,3.843271953428191,-1.6779263472805417,174.8893590955305,3.9113719521184924,-1.45586952737577,178.2887176940414,62.105402196263825,0.07999999076128006,-0.0723470002412796,0.0151081653681652,0.007307142805531991,-3.3993585985108994,0
135.53,2,3.8262405122523626,-1.677278258190384,174.38363287352166,3.9043144542498966,-1.4556395093054304,177.78299147203256,61.71728633575904,0.07999999076128006,-0.0723470002412796,0.0151081653681652,0.007307142805531991,-3.3993585985108994,0
135.63,2,3.819223580634734,-1.6765710947270334,174.14741039646455,3.8972679375831163,-1.4553496604566063,177.54676899497545,61.447325564543,0.07999999076128006,-0.04661444574594498,0.0151081653681652,0.007307142805531991,-3.3993585985108994,0
135.72,2,3.8118128309812467,-1.675782700428931,173.83727120332654,3.889823479208064,-1.4550020752180446,177.23662980183744,61.17106408822488,0.07999999076128006,-0.04661444574594498,0.0151081653681652,0.007307142805531991,-3.3993585985108994,0
135.83,2,3.8043804503392513,-1.6749524980768211,173.46518583214967,3.8823549488875377,-1.4546140381008519,176.86454443066057,60.99600808914287,0.07999999076128006,-0.02996066026389599,0.0151081653681652,0.007307142805531991,-3.3993585985108994,0
135.92,2,3.796713661888122,-1.6740576194837584,173.20351550341698,3.8746485882097863,-1.4541753377987061,176.60287410192788,60.80843553403031,0.07999999076128006,0.06402441188693046,0.0151081653681652,0.007307142805531991,-3.3993585985108994,0
136.03,2,3.788792113618938,-1.6731182036526087,173.31323901266583,3.866685275121595,-1.4537072846561447,176.71259761117673,60.85352540491549,0.07999999076128006,0.18402441188693047,0.0151081653681652,0.007307142805531991,-3.3993585985108994,0
136.12,2,3.7823371819909037,-1.6723942538877505,173.9429768767996,3.8601987742537185,-1.4533673551403918,177.3423354753105,61.41830254325044,0.07999999076128006,0.20338815450668335,0.0151081653681652,0.007307142805531991,-3.3993585985108994,0
136.23,2,3.776416789979439,-1.671815637142826,175.00863032562427,3.8542544900258537,-1.4531408072971457,178.40798892413517,61.91515466181514,0.07999999076128006,0.20338815450668335,0.0151081653681652,0.007307142805531991,-3.3993585985108994,0
136.32,2,3.7710116035988537,-1.671409368564136,176.52503288454747,3.848834724339085,-1.4530557551518581,179.92439148305837,62.50948963626833,0.07999999076128006,0.16925927996635437,0.035108165368166126,0.0073071428055312285,-3.399358598510902,0
136.43,2,3.76554705755688,-1.6711130123198887,177.21676481515806,3.8433622207084515,-1.4530839416922736,-179.38387658633104,63.420742369212164,0.07999999076128006,0.04369058459997177,0.035108165368166126,0.0073071428055312285,-3.399358598510902,0
136.54,2,3.7792968695822378,-1.6708257889155622,177.5741465067658,3.8371059990221523,-1.4531678297978134,-179.0264948947233,63.91851225173568,0.07999999076128006,0.007871642708778381,0.019297398811728664,-0.005258217846270731,-3.199396328010218,0
136.63,2,3.771184246625655,-1.6705015994623769,177.62883389482946,3.8289884274143793,-1.453325250348899,-178.97180750665964,64.01235497343552,0.07999999076128006,-0.005155032500624657,0.019297398811728664,-0.005258217846270731,-3.199396328010218,0
136.72,2,3.753182160205301,-1.669724170680132,177.85876098127108,3.8209604352859428,-1.453479849013988,-178.94184269071872,64.02216464601506,0.07999999076128006,-0.0058804890140891075,0.019297398811728664,-0.005258217846270731,-3.199396328010218,0
136.83,2,3.745056757373748,-1.6694179664743418,177.8643193317146,3.81283060753666,-1.4536276088111202,-178.9362843402752,64.01148428809262,0.07999999076128006,-0.0187787227332592,0.019297398811728664,-0.005258217846270731,-3.199396328010218,0
136.92,2,3.7370865402538054,-1.6691095583529398,177.76051895501863,3.8048556006164285,-1.453764507060291,-179.0400847169712,63.9107272516767,0.07999999076128006,-0.001707928255200386,0.019297398811728664,-0.005258217846270731,-3.199396328010218,0
137.03,2,3.72970453330613,-1.6687994714462924,177.4960089951139,3.7974677933613523,-1.4538669005515412,-179.3045946768759,63.832826793271,0.07999999076128006,-0.001707928255200386,0.019297398811728664,-0.005258217846270731,-3.199396328010218,0
137.13,2,3.7217452115761054,-1.6684635255239386,177.56988433515016,3.789502127937158,-1.453975695839044,-179.23071933683963,63.82945532288804,0.07999999076128006,0.006006544455885887,0.019297398811728664,-0.005258217846270731,-3.199396328010218,0
137.23,2,3.713710334395595,-1.6681324927193242,177.72889139566206,3.7814612990327516,-1.4540936134106068,-179.07171227632773,63.878753606480025,0.07999999076128006,-0.006923267617821693,0.019297398811728664,-0.005258217846270731,-3.199396328010218,0
137.32,2,3.7056996560620923,-1.6678123902993327,177.77296153895043,3.7734452412934116,-1.4542210937686773,-179.02764213303936,63.89511983159363,0.07999999076128006,-0.006923267617821693,0.019297398811728664,-0.005258217846270731,-3.199396328010218,0
137.43,2,3.6977585064495657,-1.667493624020337,177.69274916421003,3.765498678475609,-1.4543460277187426,-179.10785450777976,63.87455318865746,0.07999999076128006,-0.00527028925716877,0.019297398811728664,-0.005258217846270731,-3.199396328010218,0
137.52,2,3.689744737551924,-1.6671659600518636,177.59829814692492,3.757479112971759,-1.4544661308015514,-179.20230552506487,63.84609657368201,0.07999999076128006,-0.012463830411434174,0.019297398811728664,-0.005258217846270731,-3.199396328010218,0
137.63,2,3.6817063930204736,-1.6668321230414698,177.59157816237794,3.749434665615304,-1.4545814420543763,-179.20902550961188,63.81886714443882,0.07999999076128006,0.0019447002559900284,0.019297398811728664,-0.005258217846270731,-3.199396328010218,0
137.72,2,3.6736831004491464,-1.6664920605174212,177.58879648141823,3.741404899306217,-1.4546896974322032,-179.2118071905716,63.78612177835191,0.07999999076128006,-0.009969213046133518,0.01509463986703854,0.006977128199833407,-3.3993585985108266,0
137.83,2,3.665601700270786,-1.6661463299546466,177.5655373725979,3.7333167996205603,-1.454795536648585,-179.2350662993919,63.76275308693718,0.07999999076128006,-0.009969213046133518,0.01509463986703854,0.006977128199833407,-3.3993585985108266,0
137.93,2,3.6475710284747453,-1.6662500005503031,177.2524081217655,3.72529935159245,-1.454894662579661,-179.34823327972364,63.71453026822369,0.07999999076128006,-0.0011277217417955399,0.01509463986703854,0.006977128199833407,-3.3993585985108266,0
138.03,2,3.639581764204093,-1.6658637349282135,177.17328949323357,3.717301240801213,-1.454982801607578,-179.4273519082556,63.711547628628765,0.07999999076128006,-0.0011277217417955399,0.01509463986703854,0.006977128199833407,-3.3993585985108266,0
138.12,2,3.6315656823039935,-1.6654692060485272,177.1639109804933,3.7092758695948693,-1.4550642820738346,-179.43673042099584,63.73214966964177,0.07999999076128006,0.08440212160348892,0.01509463986703854,0.006977128199833407,-3.3993585985108266,0
138.23,2,3.6238967014739214,-1.665098619943401,177.51162808443692,3.701598408422938,-1.455149081760223,-179.08901331705223,63.924292510986255,0.07999999076128006,0.10376579314470291,0.01509463986703854,0.006977128199833407,-3.3993585985108266,0
138.33,2,3.6172916295320388,-1.664846720497244,177.9576626156193,3.694990021731779,-1.4552892745864945,-178.64297878586987,64.44707774727492,0.07999999076128006,0.1262020468711853,0.01509463986703854,0.006977128199833407,-3.3993585985108266,0
138.43,2,3.6108638271616003,-1.664648743564407,178.52509250728167,3.6885617900509367,-1.4554727838145163,-178.0755488942075,64.84544590976537,0.07999999076128006,0.06420408934354782,0.01509463986703854,0.006977128199833407,-3.3993585985108266,0
138.52,2,3.60407723027746,-1.664496863872322,178.93287765260823,3.6817781285033435,-1.4557235839668012,-177.66776374888093,65.27308979848569,0.07999999076128006,0.010807445272803307,0.01509463986703854,0.006977128199833407,-3.3993585985108266,0
138.63,2,3.5963850222643163,-1.6643540662370657,179.05177655720368,3.6740909877793446,-1.4560371485878076,-177.5488648442855,65.36215192998488,0.07999999076128006,-0.021741332486271858,0.01509463986703854,0.006977128199833407,-3.3993585985108266,0
138.72,2,3.5883280311387113,-1.6642009449193076,178.86004445172713,3.666039093636967,-1.4563620375780564,-177.74059694976205,65.33337863352583,0.07999999076128006,-0.016623593866825104,0.01509463986703854,0.006977128199833407,-3.3993585985108266,0
138.83,2,3.580371380657062,-1.6640328281361514,178.69845486425243,3.6580864744292563,-1.4566660077691296,-177.90218653723676,65.23947252622693,0.07999999076128006,-0.03535444661974907,0.01509463986703854,0.006977128199833407,-3.3993585985108266,0
138.92,2,3.572520121276402,-1.6638473456031189,178.53008222543127,3.650238031180436,-1.4569463935792306,-178.07055917605788,65.07598454307862,0.07999999076128006,-0.03625990450382233,0.01509463986703854,0.006977128199833407,-3.3993585985108266,0
139.02,2,3.564747000039195,-1.6636350293732274,178.31201463995203,3.642465997480975,-1.4571953596898406,-178.28862676153713,64.94285309959788,0.07999999076128006,-0.019429318606853485,0.01509463986703854,0.006977128199833407,-3.3993585985108266,0
139.13,2,3.556822181319563,-1.6633915426239134,178.18695358873563,3.634540684949914,-1.457422205058178,-178.41368781275355,64.84318805840195,0.07999999076128006,0.07792729139328003,-0.000701235939518119,-0.004908874143918263,-3.199396328010175,0
139.23,2,3.5423875125460964,-1.6628465147111178,178.5273717698702,3.6270796555117624,-1.4576383207142882,-178.2129721074546,65.03555997438805,0.07999999076128006,0.06809502840042114,-0.000701235939518119,-0.004908874143918263,-3.199396328010175,0
139.32,2,3.532455264281866,-1.6625673399285041,179.11507754647806,3.6201651062032716,-1.4578858144834876,-177.68552612551176,65.45901947955029,0.07999999076128006,0.023762324824929237,-0.000701235939518119,-0.004908874143918263,-3.199396328010175,0
139.43,2,3.5251593297175545,-1.6624574419099432,179.2146257030634,3.612874409914136,-1.45818328105434,-177.58597796892644,65.6509832402117,0.07999999076128006,0.023762324824929237,-0.000701235939518119,-0.004908874143918263,-3.199396328010175,0
139.52,2,3.517128179228124,-1.662359336264202,179.33581340266778,3.6048503017864633,-1.4585335547430862,-177.46479026932207,65.82731850009694,0.07999999076128006,0.05181726813316345,-0.000701235939518119,-0.004908874143918263,-3.199396328010175,0
139.63,2,3.5093671768516934,-1.662285836263637,179.64328965090073,3.597097293971349,-1.4588933184930977,-177.15731402108912,66.00168089721694,0.07999999076128006,0.010137598030269146,-0.000701235939518119,-0.004908874143918263,-3.199396328010175,0
139.72,2,3.502039295739452,-1.662240190546602,179.64799108439192,3.5897782869119568,-1.4592567201870905,-177.15261258759793,66.11987506788495,0.07999999076128006,-0.055919162929058075,-0.0007012359395178811,-0.014908874143918917,-3.199396328010165,0
139.83,2,3.4940113056304827,-1.662180321173592,179.44017456916256,3.581759468242883,-1.4596449941677405,-177.36042910282728,65.96829184176197,0.07999999076128006,-0.07641732692718506,-0.0007012359395178811,-0.014908874143918917,-3.199396328010165,0
139.92,2,3.487231622956296,-1.6720985849997358,178.97897276388596,3.5749857909293343,-1.4599417661622234,-177.82163090810388,65.59327361624327,0.07999999076128006,-0.061173953115940094,-0.0007012359395178811,-0.014908874143918917,-3.199396328010165,0
140.03,2,3.479621757785819,-1.6719438135537426,178.63993301233754,3.56737914891106,-1.4602119500239725,-178.1606706596523,65.3466772540575,0.07999999076128006,-0.09715263545513153,-0.0007012359395178811,-0.014908874143918917,-3.199396328010165,0
140.13,2,3.472727963967849,-1.6717532827138835,178.2353281248919,3.5604854663752934,-1.4604064655803866,-178.56527554709794,64.87149311089318,0.07999999076128006,-0.11824650317430496,-0.0007012359395178811,-0.014908874143918917,-3.199396328010165,0
140.23,2,3.466592389362192,-1.671530487417449,177.6543833392314,3.5543470205440695,-1.4605264500077935,-179.14622033275845,64.47762358026571,0.07999999076128006,-0.09280051290988922,-0.0007012359395178811,-0.014908874143918917,-3.199396328010165,0
140.33,2,3.460048961022198,-1.6712224441823484,176.90083313958408,3.5477965989073503,-1.4605840820868348,-179.89977053240577,63.9485499003594,0.07999999076128006,-0.08973626792430878,-0.0007012359395178811,-0.014908874143918917,-3.199396328010165,0
140.43,2,3.4533141546653274,-1.6708488256365694,176.59039716372766,3.5410514377219635,-1.4605869220597043,179.7897934917378,63.61718194661601,0.07999999076128006,-0.09070523083209991,-0.0007012359395178811,-0.014908874143918917,-3.199396328010165,0
140.52,2,3.446585772578211,-1.6704192466930612,176.02799379561898,3.5343095675882195,-1.4605335303125662,179.22739012362914,63.12967174774052,0.07999999076128006,-0.09019814431667328,-0.010701235939520505,-0.004908874143921751,-3.199396328010106,0
140.63,2,3.439840496381677,-1.6699337264269987,175.71985345262638,3.527547707536689,-1.4604252273125828,178.91924978063653,62.793806090752625,0.07999999076128006,-0.1173844262957573,-0.010701235939520505,-0.004908874143921751,-3.199396328010106,0
140.72,2,3.423326980998615,-1.6594074631204823,175.08097551457564,3.521014973155931,-1.4602633099768276,178.28037184258574,62.220442643145425,0.07999999076128006,-0.03529424965381622,-0.010701235939520505,-0.004908874143921751,-3.199396328010106,0
140.83,2,3.4163656249678094,-1.6587843416560784,174.70099460345722,3.5140296904040076,-1.4600296798787649,177.9003909314673,61.98527452407361,0.07999999076128006,-0.03529424965381622,-0.010701235939520505,-0.004908874143921751,-3.199396328010106,0
140.92,2,3.4085711707779436,-1.6580493206112452,174.43077948383427,3.5062063627737383,-1.4597308206414545,177.63017581184437,61.75921165204563,0.07999999076128006,-0.018778111785650253,-0.010701235939520505,-0.004908874143921751,-3.199396328010106,0
141.03,2,3.397896969803159,-1.6569947116420431,174.250631917567,3.495489940352386,-1.4592735931104073,177.4500282455771,61.659426726293276,0.07999999076128006,-0.006520450115203857,-0.010701235939520505,-0.004908874143921751,-3.199396328010106,0
141.13,2,3.392616619173065,-1.6564648821336083,174.25894226201459,3.490188249621904,-1.4590392909912182,177.4583385900247,61.59191568706444,0.07999999076128006,0.00978020392358303,-0.010701235939520505,-0.004908874143921751,-3.199396328010106,0
141.23,2,3.3846633855959336,-1.6556596580352676,174.27336155045694,3.4822024719839093,-1.4586791997562878,177.47275787846706,61.61307601525679,0.07999999076128006,0.007606117054820061,-0.010701235939520505,-0.004908874143921751,-3.199396328010106,0
141.33,2,3.376647010364326,-1.6548561319122694,174.27384710687846,3.4741537458727128,-1.4583243278481077,177.47324343488856,61.63856220611729,0.07999999076128006,-0.00368373841047287,-0.010701235939520505,-0.004908874143921751,-3.199396328010106,0
141.42,2,3.3694195787846857,-1.6541358858682336,174.26113598125758,3.4668973816715143,-1.4580085744919782,177.4605323092677,61.61763945182374,0.07999999076128006,0.008553273975849152,-0.010701235939520505,-0.004908874143921751,-3.199396328010106,0
141.53,2,3.36057462137263,-1.6532493115967082,174.33337732539619,3.4580167298486075,-1.4576170278660177,177.53277365340628,61.61504631611281,0.07999999076128006,-0.05279471352696419,0.015023560786054152,0.0063701145709681205,-3.3993585985107835,0
141.63,2,3.3676235209722094,-1.6528087445665203,173.99452875529835,3.4503458380388294,-1.4572708921993804,177.34107890931642,61.44106420969226,0.07999999076128006,-0.08439375460147858,0.015023560786054152,0.0063701145709681205,-3.3993585985107835,0
141.73,2,3.3658406284009064,-1.6521315404116814,173.1910116488086,3.4432624625996895,-1.4568961438109114,176.59037024731936,61.00701753533542,0.07999999076128006,-0.08526124805212021,0.015023560786054152,0.0063701145709681205,-3.3993585985107835,0
141.83,2,3.3590579894534294,-1.6513005542937713,172.7378732271268,3.436442484274273,-1.4564687977440751,176.1372318256376,60.687964167403614,0.07999999076128006,-0.05176958441734314,0.015023560786054152,0.0063701145709681205,-3.3993585985107835,0
141.93,2,3.3518738659727436,-1.6503565050933402,172.16906634313497,3.429215023733043,-1.4559523936353171,175.56842494164576,60.43095576798226,0.07999999076128006,-0.04470333456993103,0.015023560786054152,0.0063701145709681205,-3.3993585985107835,0
142.03,2,3.344394167923393,-1.649318181360544,171.93015193926425,3.4216869186619046,-1.4553594070237919,175.32951053777504,60.12222043447299,0.07999999076128006,-0.03439066931605339,0.015023560786054152,0.0063701145709681205,-3.3993585985107835,0
142.12,2,3.336748230802356,-1.648210551319559,171.6716232655391,3.4139887574867793,-1.4547070932278858,175.07098186404988,59.87782359313019,0.07999999076128006,-0.0542304664850235,0.015023560786054152,0.0063701145709681205,-3.3993585985107835,0
142.23,2,3.3290432247671125,-1.6470544609429507,171.3209070716529,3.406228757864457,-1.4540099068657217,174.72026567016366,59.71487558351054,0.07999999076128006,-0.0542304664850235,0.015023560786054152,0.0063701145709681205,-3.3993585985107835,0
142.32,2,3.321756061619943,-1.6459170144168547,170.93822558583125,3.3988869714230296,-1.4533065554729838,174.337584184342,59.40869217017619,0.07999999076128006,0.0807695335149765,-0.0006455209623391465,-0.004674152467232062,-3.199396328010127,0
142.43,2,3.314381067936437,-1.6447405759315001,171.09098282018186,3.3914551969478453,-1.4525694886567653,174.49034141869262,59.50938132241039,0.07999999076128006,0.11909668892621994,-0.0006455209623391465,-0.004674152467232062,-3.199396328010127,0
142.53,2,3.297927507528386,-1.6432865067036442,171.85892777876083,3.384884285216701,-1.451961723819088,175.05832410677095,60.03506884530914,0.07999999076128006,0.08646714687347412,-0.0006455209623391465,-0.004674152467232062,-3.199396328010127,0
142.63,2,3.2915905493930833,-1.6424356206641053,172.67469779588367,3.378509715378548,-1.4514658358888282,175.8740941238938,60.421723807388645,0.07999999076128006,0.08646714687347412,-0.0006455209623391465,-0.004674152467232062,-3.199396328010127,0
142.72,2,3.284823612880131,-1.6415851932486496,173.0967789818288,3.371705862943832,-1.4509944033847557,176.29617530983893,60.75495589580497,0.07999999076128006,0.036720674484968185,-0.0006455209623391465,-0.004674152467232062,-3.199396328010127,0
142.82,2,3.2786148400436557,-1.6408578337746402,173.42230092110128,3.365466172748121,-1.4506146953377883,176.6216972491114,61.08486307733438,0.07999999076128006,0.020195648074150085,-0.0006455209623391465,-0.004674152467232062,-3.199396328010127,0
142.93,2,3.2699335886276626,-1.6398676902274132,173.72750053348065,3.356743191457967,-1.4501106042711942,176.92689686149077,61.225999515006905,0.07999999076128006,0.017554517835378647,0.02073045109538335,0.017153321074152083,-3.599320869011461,0
143.03,2,3.2694689902123995,-1.6396690603131117,173.45283002981594,3.3483046016311664,-1.4496527833688895,176.97261539678038,61.29471606858034,0.07999999076128006,-0.06236385181546211,0.02073045109538335,0.017153321074152083,-3.599320869011461,0
143.13,2,3.263895742838495,-1.638957865657542,173.07313860127272,3.3407365499394714,-1.4492427941113124,176.67245947028417,61.05158220365835,0.07999999076128006,-0.07597742229700089,0.02073045109538335,0.017153321074152083,-3.599320869011461,0
143.23,2,3.2568221722891955,-1.6380815484766693,172.7012054616413,3.3336219181572626,-1.4488122749816665,176.3005263306528,60.77912111169778,0.07999999076128006,-0.10188652575016022,0.02073045109538335,0.017153321074152083,-3.599320869011461,0
143.32,2,3.2500421310763508,-1.6371818655924897,172.02746448055728,3.3267987698486143,-1.4483400088510305,175.62678534956876,60.27714682223539,0.07999999076128006,0.04811347424983978,0.02073045109538335,0.017153321074152083,-3.599320869011461,0
143.43,2,3.2427845721625843,-1.6361523327907106,172.0862281161682,3.319490893948081,-1.4477681268709535,175.68554898517968,60.20297717529888,0.07999999076128006,0.0359419547021389,0.02073045109538335,0.017153321074152083,-3.599320869011461,0
143.52,2,3.2355057552112125,-1.635148713409407,172.18239098303147,3.3121634287525907,-1.4472234417481697,175.78171185204295,60.372798180640515,0.07999999076128006,-0.01559058390557766,0.00941213944800842,-0.014310904163813691,-3.1993963280101814,0
143.63,2,3.227686916811676,-1.6340815972651268,172.13143383630273,3.3042930210724397,-1.4466492869505159,175.7307547053142,60.35091895381792,0.07999999076128006,-0.027472365647554398,0.00941213944800842,-0.014310904163813691,-3.1993963280101814,0
143.72,2,3.2198938803256474,-1.6420769632024732,172.3448045399098,3.2963249584670513,-1.4460487957375983,175.54420086791998,60.209246381199215,0.07999999076128006,-0.022874105721712112,0.00941213944800842,-0.014310904163813691,-3.1993963280101814,0
143.83,2,3.2119876902058033,-1.6409989598233266,172.22844817353302,3.2883709268817203,-1.4454137248469643,175.4278445015432,60.10398477949537,0.07999999076128006,-0.09325665980577469,0.00941213944800842,-0.014310904163813691,-3.1993963280101814,0
143.93,2,3.2047571416414757,-1.6399797836163164,171.78961459246693,3.281094766967169,-1.4447996812166688,174.9890109204771,59.71484800348702,0.07999999076128006,-0.09325665980577469,0.00941213944800842,-0.014310904163813691,-3.1993963280101814,0
144.02,2,3.198079265590137,-1.6389865348449884,171.2116002428581,3.2743718651795786,-1.444180679412788,174.4109965708683,59.386998567884994,0.07999999076128006,-0.10610959678888321,0.00941213944800842,-0.014310904163813691,-3.1993963280101814,0
144.12,2,3.1915675644756787,-1.6379401283130086,170.4516795853209,3.2678119125336798,-1.4434993283155102,173.65107591333108,58.84299849213131,0.07999999076128006,-0.10149082541465759,0.00941213944800842,-0.014310904163813691,-3.1993963280101814,0
144.23,2,3.185045288468346,-1.636830335810634,170.09582856671034,3.2612378638439723,-1.4427552802394281,173.29522489472052,58.46405331247822,0.07999999076128006,-0.10073980689048767,0.00941213944800842,-0.014310904163813691,-3.1993963280101814,0
144.34,2,3.1785766139844354,-1.6356613720700033,169.48790993107906,3.254714030726683,-1.4419491615983677,172.68730625908924,58.09631330449189,0.07999999076128006,-0.025739806890487674,0.00941213944800842,-0.014310904163813691,-3.1993963280101814,0
144.43,2,3.173602719211989,-1.6347237131782113,169.15323684070117,3.249695556837378,-1.441290562154783,172.35263316871135,57.65083212451687,0.07999999076128006,0.06154927238821983,-0.005010041766829957,0.006212583326953723,-3.3993585985108523,0
144.52,2,3.164383127472531,-1.6329518086527872,169.17543659624647,3.24039144345618,-1.4400359739038777,172.37483292425665,57.8255572373784,0.07999999076128006,0.08549905568361282,-0.005010041766829957,0.006212583326953723,-3.3993585985108523,0
144.63,2,3.137143752159776,-1.6220548225067295,169.39152247486504,3.2331735878476073,-1.439087822348706,172.79088107337589,58.071068408610735,0.07999999076128006,0.08549905568361282,-0.005010041766829957,0.006212583326953723,-3.3993585985108523,0
144.73,2,3.1304009306099663,-1.6208112606770828,169.6707556492979,3.22636889310201,-1.4382462655199866,173.07011424780873,58.51858661899705,0.07999999076128006,0.038350656628608704,-0.005010041766829957,0.006212583326953723,-3.3993585985108523,0
144.83,2,3.1231166995392607,-1.6195122604196777,170.0287835336397,3.219020454217434,-1.4373814707930028,173.42814213215055,58.69506441736825,0.07999999076128006,0.03806640952825546,-0.005010041766829957,0.006212583326953723,-3.3993585985108523,0
144.92,2,3.1154479296141653,-1.6181649087419725,170.1764914879505,3.211285286070672,-1.4364912110282233,173.57585008646134,58.88183928459918,0.07999999076128006,-0.02619696408510208,-0.005010041766829957,0.006212583326953723,-3.3993585985108523,0
145.03,2,3.107708548435557,-1.61681829681418,170.02893393167582,3.203479674775097,-1.4356058766200686,173.42829253018667,58.82178088204983,0.07999999076128006,-0.05062444508075714,-0.005010041766829957,0.006212583326953723,-3.3993585985108523,0
145.12,2,3.1001552944466324,-1.615477506744699,169.73956197854753,3.1958602083851297,-1.4347153173779204,173.1389205770584,58.56314966660997,0.07999999076128006,-0.046607017517089844,-0.0005638113549625243,-0.014134436555825918,-3.1993963280101987,0
145.23,2,3.0927182735750645,-1.6141210933834036,169.49802232716084,3.188355844213199,-1.433802270267478,172.89738092567168,58.385165070617965,0.07999999076128006,-0.06812343746423721,-0.0005638113549625243,-0.014134436555825918,-3.1993963280101987,0
145.33,2,3.0956282099659074,-1.6223273529791913,169.45984648580534,3.181120979946903,-1.4328847826210442,172.65924281381555,58.0401069137319,0.07999999076128006,-0.066931813955307,-0.0005638113549625243,-0.014134436555825918,-3.1993963280101987,0
145.43,2,3.088651683339738,-1.6209981523635764,168.9668016009259,3.1740811432720633,-1.4319470205863156,172.16619792893607,57.78727238215832,0.07999999076128006,-0.12630029022693634,-0.0005638113549625243,-0.014134436555825918,-3.1993963280101987,0
145.53,2,3.0821326466597867,-1.6196940249532217,168.39979888648912,3.167499482838064,-1.4310087597118644,171.5991952144993,57.24513631532564,0.07999999076128006,-0.01925146020948887,-0.0005638113549625243,-0.014134436555825918,-3.1993963280101987,0
145.63,2,3.0752171231819108,-1.6182546610563886,167.99638265407515,3.1605144059078243,-1.4299576014558504,171.19577898208536,57.04037059928899,0.07999999076128006,-0.02976575493812561,-0.010563811354964295,-0.014134436555826312,-3.1993963280101783,0
145.72,2,3.067446470173375,-1.6165963836690085,167.83606444495965,3.1526633145150154,-1.428735596540017,171.03546077296986,56.86673480400935,0.07999999076128006,0.004911466967314482,-0.010563811354964295,-0.014134436555826312,-3.1993963280101783,0
145.83,2,3.0496574200779984,-1.6149152770208706,167.8043666391557,3.1447925805864068,-1.4274918247057469,171.00376296716587,56.84966530873414,0.07999999076128006,-0.03738237917423248,-0.010563811354964295,-0.014134436555826312,-3.1993963280101783,0
145.92,2,3.0419947003609042,-1.6132462039128852,167.6076174336331,3.1370486517352547,-1.426253017032686,170.80701376164328,56.67047729604413,0.07999999076128006,-0.07208685576915741,-0.010563811354964295,-0.014134436555826312,-3.1993963280101783,0
146.03,2,3.034883531701102,-1.6116624204727055,167.25387528607632,3.1298601743679892,-1.4250685834829024,170.4532716140865,56.428941879123606,0.07999999076128006,-0.07172056287527084,-0.010563811354964295,-0.014134436555826312,-3.1993963280101783,0
146.12,2,3.0280552429137435,-1.6100823512160312,166.66519711733417,3.1229543432553357,-1.4238720705231025,169.86459344534435,55.99166341265426,0.07999999076128006,-0.07172056287527084,-0.010563811354964295,-0.014134436555826312,-3.1993963280101783,0
146.22,2,3.021127121260534,-1.608432931474212,166.40743343764666,3.1159449643621917,-1.4226118869417486,169.60682976565684,55.6989185966786,0.07999999076128006,0.007037237752228975,-0.010563811354964295,-0.014134436555826312,-3.1993963280101783,0
146.33,2,3.0144680295566983,-1.6068087290813882,166.31665971147532,3.1092056035005955,-1.4213618665778611,169.5160560394855,55.592688173309654,0.07999999076128006,-0.03282593935728073,-0.010563811354964295,-0.014134436555826312,-3.1993963280101783,0
146.42,2,3.005995556444596,-1.6047317482912695,166.15744068218595,3.1006304176450565,-1.419760980141921,169.35683701019613,55.495578390337265,0.07999999076128006,0.03751539885997772,-0.010563811354964295,-0.014134436555826312,-3.1993963280101783,0
146.53,2,2.998823692692387,-1.6029504397309429,165.99526437939434,3.093370315716064,-1.4183827167969851,169.19466070740452,55.379678527163016,0.07999999076128006,0.023823508992791176,-0.010563811354964295,-0.014134436555826312,-3.1993963280101783,0
146.63,2,2.9913409374041295,-1.6011079877731818,166.27564830533086,3.085796394348154,-1.4169607565185978,169.47504463334104,55.52508474790593,0.07999999076128006,0.023823508992791176,-0.010563811354964295,-0.014134436555826312,-3.1993963280101783,0
146.72,2,2.9835808129941026,-1.5992204128229919,166.4281699325782,3.077943017820558,-1.4155092238226243,169.62756626058837,55.665127895364165,0.07999999076128006,0.010756043717265129,-0.010563811354964295,-0.014134436555826312,-3.1993963280101783,0
146.83,2,2.97582940476044,-1.5973496230865458,166.43879593983365,3.0700992806831957,-1.4140739637197681,169.63819226784383,55.73096008317612,0.07999999076128006,0.04083414375782013,0.009436188645036722,-0.02413443655582802,-3.199396328010171,0
146.92,2,2.9681231912083272,-1.595507222095821,166.61123173309943,3.062302252188667,-1.412664525754869,169.8106280611096,55.87627374891251,0.07999999076128006,0.04083414375782013,0.009436188645036722,-0.02413443655582802,-3.199396328010171,0
147.03,2,2.9806345001121413,-1.6037404251544207,166.90092394039254,3.05472662664567,-1.4113184338566103,170.10032026840273,56.026460061655285,0.07999999076128006,-0.036937542259693146,0.009436188645036722,-0.02413443655582802,-3.199396328010171,0
147.13,2,2.9731586099191074,-1.6019897710782707,166.7948126768034,3.0471646830029444,-1.4099877452315448,169.99420900481357,55.91383595868943,0.07999999076128006,-0.06660894304513931,0.009436188645036722,-0.02413443655582802,-3.199396328010171,0
147.23,2,2.9659658014752526,-1.6002697100507124,166.35917738872163,3.039887087312857,-1.4086718028999279,169.55857371673181,55.69338027124926,0.07999999076128006,-0.08657688647508621,0.009436188645036722,-0.02413443655582802,-3.199396328010171,0
147.33,2,2.9591976769536545,-1.598606117906305,165.88842055838083,3.0330366651964042,-1.4073885394081993,169.087816886391,55.40075743387825,0.07999999076128006,-0.09476859867572784,0.009436188645036722,-0.02413443655582802,-3.199396328010171,0
147.43,2,2.952615876784629,-1.5969221358577286,165.35175684797895,3.0263711390378507,-1.4060745188472674,168.5511531759891,54.90087636323478,0.07999999076128006,-0.11512427031993866,0.009436188645036722,-0.02413443655582802,-3.199396328010171,0
147.52,2,2.946292889306492,-1.5952425298459567,164.82751583342744,3.019964266403298,-1.4047504229111392,168.02691216143762,54.32861042120784,0.07999999076128006,-0.017619887366890907,0.009436188645036722,-0.02413443655582802,-3.199396328010171,0
147.63,2,2.9394145739647937,-1.59335590130398,164.6278987230777,3.0129913773342984,-1.4032506205152642,167.82729505108787,54.135165990441386,0.07999999076128006,-0.0060659730806946754,0.009436188645036722,-0.02413443655582802,-3.199396328010171,0
147.72,2,2.9316862414947757,-1.5912211449308995,164.51186946609198,3.0051559477555028,-1.4015505173256666,167.71126579410216,54.07835283000374,0.07999999076128006,0.032578203827142715,0.009436188645036722,-0.02413443655582802,-3.199396328010171,0
147.83,2,2.9240140424873142,-1.5891034933358679,164.5953564543234,2.9973775187814864,-1.3998643593899378,167.79475278233355,54.16896704713092,0.07999999076128006,0.042192354798316956,0.009436188645036722,-0.02413443655582802,-3.199396328010171,0
147.92,2,2.91650953757683,-1.5870496531378968,164.88489200818648,2.9897700839053707,-1.3982325542189897,168.08428833619666,54.36228738237668,0.07999999076128006,-0.0027427366003394127,0.009436188645036722,-0.02413443655582802,-3.199396328010171,0
148.03,2,2.908898565540425,-1.584987031337985,164.857750851578,2.982055857738221,-1.3965979231687307,168.05714717958818,54.374389141694614,0.07999999076128006,-0.035520125180482864,0.009436188645036722,-0.02413443655582802,-3.199396328010171,0
148.12,2,2.9013533801300415,-1.5829366296004765,164.7067254890052,2.9744079976726403,-1.3949718215176807,167.9061218170154,54.18607186866328,0.07999999076128006,-0.03836195170879364,-0.011110928840875466,-0.043373888059470046,-2.7994717870088928,0
148.23,2,2.8939123179189923,-1.5808878267268587,164.43094453487595,2.9668641877491755,-1.3933415050201026,167.63034086288613,54.02955158209735,0.07999999076128006,-0.04627085104584694,-0.011110928840875466,-0.043373888059470046,-2.7994717870088928,0
148.32,2,2.8768496823054956,-1.577963772829877,164.6631831608515,2.9594643152990154,-1.3917088677034075,167.4626549478604,53.761461477012666,0.07999999076128006,-0.050642769783735275,-0.011110928840875466,-0.043373888059470046,-2.7994717870088928,0
148.43,2,2.8696326779203916,-1.575965129826593,164.38406750290315,2.952158308929085,-1.3900650924536488,167.18353928991203,53.568989493958945,0.07999999076128006,-0.06778072565793991,-0.011110928840875466,-0.043373888059470046,-2.7994717870088928,0
148.52,2,2.8626735574681637,-1.573998836744856,164.06036884159968,2.9451114587185003,-1.3884410333224946,166.85984062860857,53.216832854926636,0.07999999076128006,-0.08736293017864227,-0.011110928840875466,-0.043373888059470046,-2.7994717870088928,0
148.63,2,2.8563702064732857,-1.5721668225780865,163.55350317404063,2.938726153619532,-1.3869190647075202,166.3529749610495,52.91779046372909,0.07999999076128006,0.06263706982135772,-0.011110928840875466,-0.043373888059470046,-2.7994717870088928,0
148.72,2,2.8492482543483035,-1.5700612524354398,163.4805326479536,2.9315098636916295,-1.3851638475207881,166.28000443496248,52.780299451056415,0.07999999076128006,0.16662347316741943,-0.011110928840875466,-0.043373888059470046,-2.7994717870088928,0
148.83,2,2.842380732629986,-1.5680450530851235,164.0185456663185,2.924552065449703,-1.383485467946193,166.8180174533274,53.2091981584396,0.07999999076128006,0.23964351415634155,-0.011110928840875466,-0.043373888059470046,-2.7994717870088928,0
148.92,2,2.8369295612145353,-1.5665260595113735,164.92015909402863,2.9190332110301265,-1.3822345254322301,167.71963088103752,54.03438636349725,0.07999999076128006,0.23964351415634155,-0.011110928840875466,-0.043373888059470046,-2.7994717870088928,0
149.03,2,2.8322993371114555,-1.5653195044402428,165.83814881584266,2.914349583866236,-1.38125555302502,168.63762060285154,54.71088587397434,0.07999999076128006,0.1686905026435852,-0.011110928840875466,-0.043373888059470046,-2.7994717870088928,0
149.12,2,2.827048382114496,-1.5640332518258886,166.55884692193956,2.909042074123601,-1.3802272950321677,169.35831870894845,55.6385381240978,0.07999999076128006,0.15181738138198853,0.009312177557476643,-0.0145615826319164,-3.199396328010271,0
149.23,2,2.829865790969998,-1.5547180423881637,166.6984670513592,2.903235461761056,-1.379159725839601,169.8489732562285,56.111734411731824,0.07999999076128006,0.15181738138198853,0.009312177557476643,-0.0145615826319164,-3.199396328010271,0
149.32,2,2.8251641445937983,-1.5522338790570052,167.30494502397457,2.8972820517629456,-1.3781201340913005,170.50434135198483,56.81836326830627,0.07999999076128006,0.13740740716457367,0.009312177557476643,-0.0145615826319164,-3.199396328010271,0
149.43,2,2.819354468677001,-1.5509447578308264,167.6535203899008,2.89140948395848,-1.377157265888507,170.85291671791109,57.28441882061156,0.07999999076128006,0.19374695420265198,0.009312177557476643,-0.0145615826319164,-3.199396328010271,0
149.52,2,2.8134752312575975,-1.549690208978991,168.29651547586653,2.885469392591564,-1.3762327984699068,171.4959118038768,57.929383889245976,0.07999999076128006,0.19374695420265198,0.009312177557476643,-0.0145615826319164,-3.199396328010271,0
149.62,2,2.807563713198867,-1.5485086280158191,169.14904707397085,2.8795011433092332,-1.3753829868230247,172.34844340198114,58.49820597171555,0.07999999076128006,0.1759013533592224,-0.005920274342721058,-0.02385697740546655,-2.999434057509586,0
149.73,2,2.793300987530559,-1.5470958026256745,169.97225333674103,2.8740804594061893,-1.3746848531936686,172.9920577937802,59.370317681586585,0.07999999076128006,0.11550110578536987,-0.005920274342721058,-0.02385697740546655,-2.999434057509586,0
149.83,2,2.7865641467505387,-1.5460518452006426,170.35393225551803,2.8683093707139546,-1.373989742125118,173.35336631302764,59.80819005585121,0.07999999076128006,0.0884004458785057,-0.005920274342721058,-0.02385697740546655,-2.999434057509586,0
149.93,2,2.7800313858406516,-1.5449811280254009,170.9690610682298,2.8617295329033987,-1.373262325626901,173.9684951257394,60.36244731421096,0.07999999076128006,0.06499326229095459,-0.005920274342721058,-0.02385697740546655,-2.999434057509586,0
150.03,2,2.7731183303419176,-1.5438927588960771,171.1681873949592,2.854768997830159,-1.372537180686593,174.1676214524688,60.652423794843635,0.07999999076128006,-0.022774294018745422,-0.005920274342721058,-0.02385697740546655,-2.999434057509586,0
150.12,2,2.7655595700993136,-1.5427316036820038,171.19407824680155,2.8471598339838122,-1.3717731365806844,174.19351230431116,60.75495589580497,0.07999999076128006,-0.022774294018745422,-0.005920274342720206,-0.023856977405467262,-2.9994340575095872,0
150.23,2,2.7576655382044555,-1.5415074955659787,171.09111655494414,2.8392125637107006,-1.3709637692704408,174.0905506124537,60.7049749794183,0.07999999076128006,-0.03475299850106239,-0.005920274342720206,-0.023856977405467262,-2.9994340575095872,0
150.32,2,2.7498611094991694,-1.5402759893779192,170.91169926721955,2.831354386763221,-1.3701423254383793,173.91113332472912,60.55438402679805,0.07999999076128006,-0.05007387697696686,-0.005920274342720206,-0.023856977405467262,-2.9994340575095872,0
150.43,2,2.7423137838271296,-1.5390583922230006,170.71967043507578,2.823753688436465,-1.3693213183877753,173.7191044925854,60.38321249042078,0.07999999076128006,-0.07854361087083817,-0.005920274342720206,-0.023856977405467262,-2.9994340575095872,0
150.52,2,2.735284187221337,-1.5378849078409038,170.41592185807926,2.8166723181628988,-1.3685172729389088,173.41535591558886,60.012565087955274,0.07999999076128006,-0.09100350737571716,-0.005920274342720206,-0.023856977405467262,-2.9994340575095872,0
150.63,2,2.7285675973962826,-1.5367087380574787,169.68137792296588,2.8099033853503923,-1.367694167345901,172.68081198047545,59.72397658968887,0.07999999076128006,-0.11650770157575607,-0.005920274342720206,-0.023856977405467262,-2.9994340575095872,0
150.72,2,2.7220324537617935,-1.5354998856714863,169.21083668034717,2.803313940003667,-1.3668289295537037,172.21027073785675,59.20513187185566,0.07999999076128006,-0.11650770157575607,-0.005920274342720206,-0.023856977405467262,-2.9994340575095872,0
150.83,2,2.7156577266212896,-1.534253050226154,168.5035102458239,2.796882703883551,-1.3659173667687383,171.50294430333346,58.818618134221914,0.07999999076128006,-0.1678997278213501,-0.005920274342720206,-0.023856977405467262,-2.9994340575095872,0
150.92,2,2.7100322615600207,-1.5330810252299933,168.01132208524896,2.7912036179307895,-1.36504130598984,171.01075614275854,58.11621374219634,0.07999999076128006,-0.1678997278213501,-0.015528087866443644,-0.005938782000383502,-3.399358598510917,0
151.03,2,2.7040971579278255,-1.5317579741687082,166.9685003083012,2.785207414992137,-1.364030628220142,169.9679343658108,57.58951513392594,0.07999999076128006,-0.19612236320972443,-0.015528087866443644,-0.005938782000383502,-3.399358598510917,0
151.12,2,2.6784756156174585,-1.531381013121761,165.60179802287547,2.779714982010286,-1.363016718041676,169.0011566213864,57.03170098268834,0.07999999076128006,-0.20933300256729126,-0.015528087866443644,-0.005938782000383502,-3.399358598510917,0
151.23,2,2.6732473927334572,-1.52999476667792,164.6316165413687,2.7744137604691286,-1.3619429192246617,168.03097513987962,56.13410257958482,0.07999999076128006,-0.1861443668603897,-0.015528087866443644,-0.005938782000383502,-3.399358598510917,0
151.33,2,2.6679925927418573,-1.5285176235937754,163.7767248578446,2.769080618848662,-1.360779959595607,167.17608345635554,55.226285084533956,0.07999999076128006,-0.1861443668603897,-0.020690416871914242,-0.014819237463975864,-3.1993963280103355,0
151.43,2,2.66264890664064,-1.526915669630115,162.92885354203025,2.7636513468285187,-1.359497679212338,166.32821214054115,54.63735339775582,0.07999999076128006,-0.1735527366399765,-0.020690416871914242,-0.014819237463975864,-3.1993963280103355,0
151.52,2,2.657676780855621,-1.5248466635172535,162.17227524056858,2.7584686853229248,-1.3581915127804143,165.3716715685789,54.07563271943984,0.07999999076128006,-0.17767779529094696,-0.020690416871914242,-0.014819237463975864,-3.1993963280103355,0
151.63,2,2.6520012919035705,-1.5229667019687343,161.21980909159998,2.752697119952421,-1.3566312360604857,164.4192054196103,53.24191407960052,0.07999999076128006,-0.22039106488227844,-0.025794570706983367,-0.023683789394986433,-2.9994340575096667,0
151.72,2,2.6467828162966116,-1.5206965615436205,160.351653257982,2.7472583171928435,-1.3550713487855581,163.3703556147997,52.36908128160485,0.07999999076128006,-0.22039106488227844,-0.020717910961586466,-0.014850256216514972,-3.1993963280103035,0
151.83,2,2.6417543675218456,-1.5188045537896409,159.32049802864324,2.742128360975969,-1.3534901144452642,162.3199320861529,51.7206082718608,0.07999999076128006,-0.16719967126846313,-0.020717910961586466,-0.014850256216514972,-3.1993963280103035,0
151.92,2,2.636424049361643,-1.5172555144384519,158.28991765340433,2.7368511298896085,-1.351765826637614,161.48931398141463,50.85535137696813,0.07999999076128006,-0.18754056096076965,-0.015643043123195022,-0.0060649392628170885,-3.3993585985109793,0
152.03,2,2.6312570581892243,-1.5151564293871078,157.5223400729923,2.731575040231217,-1.34995838818908,160.72173640100263,50.27852717829088,0.07999999076128006,-0.19770079851150513,-0.015643043123195022,-0.0060649392628170885,-3.3993585985109793,0
152.13,2,2.6259577976769912,-1.5134214703273012,156.24032198113642,2.726331927416055,-1.3480700780786083,159.63968057964738,49.3789077480731,0.07999999076128006,-0.22100341320037842,-0.015643043123195022,-0.0060649392628170885,-3.3993585985109793,0
152.23,2,2.6210624157602345,-1.5112159562510394,155.2198914745152,2.7213143825686608,-1.3461587172660237,158.6192500730262,48.740264501358055,0.07999999076128006,-0.2292630821466446,-0.015643043123195022,-0.0060649392628170885,-3.3993585985109793,0
152.33,2,2.61641418272322,-1.5090244477066073,154.1928037635107,2.7165443822013136,-1.344246682600485,157.5921623620217,47.74883783750356,0.07999999076128006,-0.20358064770698547,-0.02065669054155377,-0.0047926723280861,-3.1993963280103888,0
152.43,2,2.6116798114739646,-1.5066927589572414,153.39905357409924,2.7116800831695125,-1.3421998219606484,156.79841217261023,47.11003836660091,0.07999999076128006,-0.19127289950847626,-0.02065669054155377,-0.0047926723280861,-3.1993963280103888,0
152.52,2,2.607220716107305,-1.49389080519041,152.8883071144117,2.706889505566971,-1.3401127259753165,156.08770344242208,46.212765145836286,0.07999999076128006,-0.17518070340156555,-0.015672810570820143,-0.006089426400938134,-3.3993585985110344,0
152.63,2,2.6019763320005214,-1.4911464928511993,151.89335869610892,2.7015001328318227,-1.3376653852968927,155.0927550241193,45.6417410030042,0.07999999076128006,-0.08225810825824738,-0.015672810570820143,-0.006089426400938134,-3.3993585985110344,0
152.73,2,2.5964032440777483,-1.498659191638027,150.95297150118148,2.6959823061506527,-1.3350600077490673,154.35233009969255,44.96379016597375,0.07999999076128006,-0.036151785403490067,-0.02062364984368801,-0.014764249638926,-3.1993963280103546,0
152.83,2,2.589925449971501,-1.4950625910794373,150.82330734596792,2.689302648631647,-1.3318538375274835,154.22266594447893,44.753409052324066,0.07999999076128006,0.0023577003739774227,-0.02062364984368801,-0.014764249638926,-3.1993963280103546,0
152.93,2,2.5831699701294517,-1.490765786956015,151.0068393188392,2.682112323128622,-1.3283806832744973,154.2062356468496,44.674756586024806,0.07999999076128006,0.0023577003739774227,-0.02062364984368801,-0.014764249638926,-3.1993963280103546,0
153.02,2,2.5760759397863966,-1.4868320247117308,151.02120147084563,2.674809802732886,-1.3248489772034036,154.22059779885598,44.66145391674245,0.07999999076128006,-0.07096438854932785,-0.02062364984368801,-0.014764249638926,-3.1993963280103546,0
153.12,2,2.569696339466895,-1.4832798403529976,150.77537573601393,2.6682418950537485,-1.3216583812287725,153.97477206402428,44.41802978055421,0.07999999076128006,-0.10965767502784729,-0.02062364984368801,-0.014764249638926,-3.1993963280103546,0
153.23,2,2.5635301501319727,-1.4798057680851415,150.4273320881468,2.6618914252394013,-1.3185338649184504,153.62672841615716,44.11656432627305,0.07999999076128006,-0.10965767502784729,-0.02062364984368801,-0.014764249638926,-3.1993963280103546,0
153.33,2,2.5578176153500305,-1.476532901288282,149.89108384307596,2.656005132365989,-1.3155849215630608,153.0904801710863,43.52956190122543,0.07999999076128006,-0.13626377284526825,-0.02062364984368801,-0.014764249638926,-3.1993963280103546,0
153.43,2,2.552377458504007,-1.4733519596791975,149.47895756270728,2.65039592332255,-1.3127125584354684,152.67835389071763,43.08487237433974,0.07999999076128006,-0.1805780827999115,-0.02062364984368801,-0.014764249638926,-3.1993963280103546,0
153.52,2,2.547259322861382,-1.4702886918804876,148.7038061999568,2.6451148010561996,-1.3099397133855657,151.90320252796715,42.32948197270445,0.07999999076128006,-0.1187884509563446,-0.02062364984368801,-0.014764249638926,-3.1993963280103546,0
153.63,2,2.542416085589727,-1.4672972927233625,148.00031224672455,2.640112159750798,-1.3072232826103962,151.1997085747349,41.82269189939017,0.07999999076128006,-0.1187884509563446,-0.02062364984368801,-0.014764249638926,-3.1993963280103546,0
153.73,2,2.5370265285291143,-1.463909423706303,147.59165827058604,2.6345419228029936,-1.3041414905778819,150.7910545985964,41.1787835680146,0.07999999076128006,-0.10786943137645721,-0.02062364984368777,-0.004764249638925363,-3.199396328010373,0
153.83,2,2.531607717039273,-1.4513854010637626,146.99523232290022,2.6289377540289287,-1.300976838347895,150.1946286509106,40.78246327513619,0.07999999076128006,0.02774764597415924,-0.02062364984368777,-0.004764249638925363,-3.199396328010373,0
153.93,2,2.5254850914026603,-1.4464370053997677,146.81648482528837,2.622601431682701,-1.297324858117645,150.01588115329872,40.61509365584296,0.07999999076128006,0.004564123228192329,-0.02062364984368777,-0.004764249638925363,-3.199396328010373,0
154.03,2,2.5189049560686576,-1.4421368111185173,146.87268850052115,2.615791554381678,-1.2933986101612254,150.07208482853153,40.6593631155802,0.07999999076128006,-0.0308611448854208,-0.02062364984368777,-0.004764249638925363,-3.199396328010373,0
154.13,2,2.512178244392286,-1.4377388349081412,146.71829520180174,2.6088298718933545,-1.2893829132533594,149.91769152981212,40.568635477819235,0.07999999076128006,-0.0308611448854208,-0.02062364984368777,-0.004764249638925363,-3.199396328010373,0
154.23,2,2.5055383790796,-1.4333727278725559,146.54672416701627,2.601956679055877,-1.2853941888663354,149.74612049502664,40.4301714144639,0.07999999076128006,-0.07082180678844452,-0.02062364984368777,-0.004764249638925363,-3.199396328010373,0
154.33,2,2.4993196946039897,-1.4292466242837323,146.3221681502794,2.595517405411769,-1.281621587327715,149.52156447828978,40.07409545379413,0.07999999076128006,-0.04239559546113014,-0.02062364984368777,-0.004764249638925363,-3.199396328010373,0
154.43,2,2.4930773581984917,-1.4250712163101398,146.09520440022493,2.589051764976505,-1.277801078290006,149.2946007282353,39.870261901631835,0.07999999076128006,-0.07843953371047974,-0.02062364984368777,-0.004764249638925363,-3.199396328010373,0
154.52,2,2.4874126377932875,-1.4212415788664603,145.83306698878272,2.5831821380356437,-1.274293563529624,149.0324633167931,39.46444678183174,0.07999999076128006,-0.11297617107629776,-0.02062364984368777,-0.004764249638925363,-3.199396328010373,0
154.63,2,2.4815545391033527,-1.4172259156558769,145.2731244246908,2.577109051937327,-1.2706111055835951,148.47252075270117,39.083959725558344,0.07999999076128006,-0.08594520390033722,-0.005949197273937769,-0.006441022845409405,-3.3993585985110415,0
154.72,2,2.4838130309233257,-1.4216550387927451,144.79874165411687,2.571420950114667,-1.2671040637359383,148.15697982281446,38.553116889229834,0.07999999076128006,-0.09838349372148514,-0.005949197273937769,-0.006441022845409405,-3.3993585985110415,0
154.83,2,2.480288779517303,-1.4198574399419106,144.29887049629178,2.565672227920445,-1.2635075244076142,147.69822909480283,38.18420109214717,0.07999999076128006,-0.09838349372148514,-0.005949197273937769,-0.006441022845409405,-3.3993585985110415,0
154.93,2,2.474905368080037,-1.4159671027664826,144.0276638572707,2.560067610324044,-1.2599432427633661,147.42702245578175,37.63251466542631,0.07999999076128006,-0.08899227529764175,-0.005949197273937769,-0.006441022845409405,-3.3993585985110415,0
155.03,2,2.4694191515248165,-1.4119431709293508,143.53963490594128,2.554352446974128,-1.2562516973682183,146.93899350445233,37.273881449084975,0.07999999076128006,-0.0955641120672226,-0.005949197273937769,-0.006441022845409405,-3.3993585985110415,0
155.13,2,2.464294629022903,-1.40812888704604,143.2076140350229,2.5490107723909365,-1.2527479843288285,146.60697263353396,36.73414499601382,0.07999999076128006,-0.13470584154129028,-0.005949197273937769,-0.006441022845409405,-3.3993585985110415,0
155.23,2,2.458823862067533,-1.403991342960052,142.46961659643333,2.5433042947963016,-1.248942110499418,145.86897519494437,36.32373866691516,0.07999999076128006,-0.14830973744392395,-0.005949197273937769,-0.006441022845409405,-3.3993585985110415,0
155.32,2,2.4542240586170725,-1.4004255682162823,141.86530345565194,2.5385011514158844,-1.2456553560252714,145.264662054163,35.60767304723546,0.07999999076128006,-0.14830973744392395,-0.01594919727393762,0.0035589771545893327,-3.399358598511018,0
155.43,2,2.4492230938125235,-1.3964625502806844,141.25684327971868,2.5332739979140864,-1.2419958442541668,144.6562018782297,35.10024008718294,0.07999999076128006,-0.16177216172218323,-0.01594919727393762,0.0035589771545893327,-3.399358598511018,0
155.53,2,2.4346439632807386,-1.3827318770108745,140.48862795462387,2.528481713387305,-1.2385432555894722,143.88798655313488,34.30235270947642,0.08004886656999588,-0.11140736937522888,-0.01594919727393762,0.0035589771545893327,-3.399358598511018,0
155.63,2,2.4301094268969163,-1.3789497126342372,139.93893754319708,2.523730891369305,-1.2350366221981124,143.33829614170807,33.854831666071796,0.08001091331243515,-0.10836877673864365,-0.020434173453565737,-0.004591275894916184,-3.1993963280104403,0
155.73,2,2.4248434052685326,-1.3744866269717535,139.31619037913336,2.5182094957981023,-1.230893639170441,142.71554897764437,33.2422810904159,0.0800461545586586,-0.09767027944326401,-0.020434173453565737,-0.004591275894916184,-3.1993963280104403,0
155.83,2,2.4201163993913277,-1.3697715648198472,138.89241196653936,2.5129386713349806,-1.2268429214825671,142.09180829454976,32.8641481302359,0.08000444620847702,-0.1325504183769226,-0.020434173453565737,-0.004591275894916184,-3.1993963280104403,0
155.93,2,2.415150904656236,-1.365415939389519,138.3785934642406,2.507737824309906,-1.2227712140918863,141.57798979225103,32.23963938344029,0.08000444620847702,-0.1325504183769226,-0.020434173453565643,-0.0045912758949144,-3.1993963280104714,0
156.03,2,2.4104222805364257,-1.3611664546159061,137.7337741495741,2.5027794025169037,-1.2187922619395857,140.9331704775845,31.76038454838795,0.07999797910451889,-0.2183988392353058,-0.020434173453565643,-0.0045912758949144,-3.1993963280104714,0
156.12,2,2.406167680454215,-1.3572372032841817,136.9120759910058,2.498312138468944,-1.2151065883494254,140.11147231901626,31.221527831673722,0.0799984261393547,-0.2367706000804901,-0.020434173453565643,-0.0045912758949144,-3.1993963280104714,0
156.23,2,2.4025936162521746,-1.3538344832173173,135.93138138350088,2.4945537358141583,-1.2119086439693203,139.13077771151134,30.242360859259513,0.0799989402294159,-0.15370884537696838,-0.016061692659180893,0.0034825505503809076,-3.399358598511079,0
156.33,2,2.3986070653578335,-1.3499048495337709,134.7809485254399,2.490354081820376,-1.208207628533991,137.98034485345036,29.362514362899937,0.07999997586011887,-0.11237464100122452,-0.016061692659180893,0.0034825505503809076,-3.399358598511079,0
156.43,2,2.3939580751824274,-1.3458550751864204,133.91099235617824,2.4857885608700085,-1.204060854053548,137.3103509546893,28.89308361830964,0.08000007271766663,-0.12544125318527222,-0.026061692659180777,0.0034825505503798316,-3.399358598511063,0
156.52,2,2.3895143907159917,-1.3411964766645899,133.3636453630323,2.481076462577905,-1.199673941527591,136.7630039615434,28.222200129447483,0.08000006526708603,-0.13546763360500336,-0.026061692659180777,0.0034825505503798316,-3.399358598511063,0
156.63,2,2.3752168232787647,-1.3365799310384583,132.6296557813149,2.4765127177557,-1.1953203438666358,136.02901437982598,27.74793158710987,0.08000006526708603,-0.13546763360500336,-0.026061692659180777,0.0034825505503798316,-3.399358598511063,0
156.72,2,2.3711101204259037,-1.3320383881376774,131.74401045830368,2.472143948991559,-1.191030299609662,135.14336905681475,27.008462379218834,0.08000002801418304,-0.20607097446918488,-0.016061692659180997,0.0034825505503791286,-3.399358598511059,0
156.83,2,2.3672538749236507,-1.327662007986347,130.87110218323787,2.4680349902543046,-1.1868902765785496,134.2704607817489,26.4367198102324,0.08000000566244125,-0.16649307310581207,-0.016061692659180997,0.0034825505503791286,-3.399358598511059,0
156.93,2,2.3735590485995175,-1.323304215335394,129.63587482624396,2.464088268826325,-1.182759236960712,133.035233424755,25.552422114085946,0.07999999076128006,-0.1996738761663437,-0.016061692659180997,0.0034825505503791286,-3.399358598511059,0
157.03,2,2.369991753662495,-1.31894427751804,128.7125920058088,2.460268727194863,-1.1786184939519717,132.11195060431984,24.92747820316623,0.07999999076128006,-0.14975354075431824,-0.016061692659180997,0.0034825505503791286,-3.399358598511059,0
157.12,2,2.3664251850166216,-1.3144292185706676,127.94258560145818,2.4564407126384076,-1.1743228596845399,131.34194419996925,24.067672247762616,0.07999999076128006,-0.17481066286563873,-0.02184938073202695,0.021470227492488364,-3.5993208690117298,0
157.23,2,2.3628761460520096,-1.3098044832871536,126.99646425768404,2.452623693639449,-1.1699167026314485,130.39582285619508,23.48929267049233,0.07999999076128006,-0.16965550184249878,-0.02184938073202695,0.021470227492488364,-3.5993208690117298,0
157.33,2,2.349090406168934,-1.2954641462979741,125.69229626544667,2.4489384578469147,-1.16549219116184,129.2916171344584,22.61062521738476,0.07999999076128006,-0.16965550184249878,-0.02184938073202695,0.021470227492488364,-3.5993208690117298,0
157.43,2,2.345774280917035,-1.2907627527010692,124.58317782380448,2.4453337264124273,-1.161008253191203,128.18249869281624,22.03748213291869,0.07999999076128006,-0.15440914034843445,-0.02184938073202695,0.021470227492488364,-3.5993208690117298,0
157.53,2,2.3425123935779326,-1.2859677418826796,123.76236489410282,2.4417772487384575,-1.1564274776765089,127.36168576311454,21.18583117480171,0.07999999076128006,-0.15124739706516266,-0.021849380732026885,0.02147022749248926,-3.599320869011755,0
157.63,2,2.3391929007807004,-1.2809272440287156,122.82457932125537,2.4381478678802346,-1.1516053157513286,126.42390019026712,20.644147038985917,0.07999999076128006,-0.15124739706516266,-0.021849380732026885,0.02147022749248926,-3.599320869011755,0
157.73,2,2.336002351969512,-1.2758986902208467,121.96721867964702,2.4346479264940775,-1.1467869793777787,125.5665395486588,19.850763485859122,0.07999999076128006,-0.12358412891626358,-0.025933648810155745,0.013510845900292294,-3.3993585985112125,0
157.84,2,2.332792555669401,-1.270671401278739,121.23626682106863,2.4311162992538438,-1.1417715082126214,124.83558769008037,19.36343540347155,0.07999999076128006,-0.12358412891626358,-0.025933648810155745,0.013510845900292294,-3.3993585985112125,0
157.93,2,2.3300898982848404,-1.2652232216440158,120.54856993876736,2.4277008949055956,-1.13678324004142,123.94792853727856,18.694226649660905,0.07999999076128006,-0.17134760826826095,-0.025933648810155745,0.013510845900292294,-3.3993585985112125,0
158.03,2,2.326768577324811,-1.2595034071196036,119.62282381689322,2.4240462602983257,-1.1312704279640355,123.02218241540437,18.222581837120103,0.07999999076128006,-0.290475977063179,-0.025933648810155745,0.013510845900292294,-3.3993585985112125,0
158.13,2,2.3241204885221616,-1.2547599264721552,118.56782773568548,2.4211215652021556,-1.1266923124615746,121.96718633419673,17.27402623340541,0.07999999076128006,-0.2201696217060089,-0.015933648810154938,0.0035108459002950346,-3.3993585985112698,0
158.23,2,2.321773846960903,-1.2503267432255003,117.13536001115773,2.4185161860945126,-1.1224060740149988,120.53471860966891,16.541459325434946,0.07999999076128006,-0.18753251433372498,-0.015933648810154938,0.0035108459002950346,-3.3993585985112698,0
158.33,2,2.329354292224655,-1.255491185665565,116.07343037754347,2.415814163238352,-1.1177224926372575,119.4727889760547,15.584632172103312,0.07999999076128006,-0.2252522087097168,-0.025933648810157393,0.01351084590029441,-3.3993585985112493,0
158.43,2,2.316964428756268,-1.240493399540209,114.9074047947405,2.4131321600329994,-1.1128752075869637,118.30676339325179,14.98172979791755,0.07999999076128006,-0.1715894967317581,-0.025933648810157393,0.01351084590029441,-3.3993585985112493,0
158.53,2,2.3149003066363005,-1.2359266020878772,113.83075706033081,2.41080088059049,-1.1084388379835948,117.23011565884204,14.014957430259544,0.07999999076128006,-0.2248099273443222,-0.025933648810157393,0.01351084590029441,-3.3993585985112493,0
158.63,2,2.31260630071388,-1.2306498117081388,112.92026694370792,2.4081980226562574,-1.1033073556969644,116.31962554221917,13.4240823253336,0.07999999076128006,-0.19373255968093872,-0.02593364881015575,0.013510845900292279,-3.3993585985111796,0
158.73,2,2.310589421159677,-1.2257240359696373,111.55513516598283,2.4058926169670176,-1.098509838175348,114.95449376449406,12.76550311957541,0.07999999076128006,-0.19373255968093872,-0.02593364881015575,0.013510845900292279,-3.3993585985111796,0
158.83,2,2.3089411210216726,-1.220447885819508,110.54649504694058,2.403549013001813,-1.093363597635452,113.94585364545175,11.821720342863657,0.07999999076128006,-0.2335900217294693,-0.015933648810155288,0.01351084590029532,-3.3993585985112555,0
158.92,2,2.3156062562281505,-1.2154531071013865,109.31624547534429,2.4014446836786174,-1.0884850116304763,112.71560407385545,10.805749299803447,0.07999999076128006,-0.2259438931941986,-0.015933648810155288,0.01351084590029532,-3.3993585985112555,0
159.03,2,2.315171358102362,-1.2108210514497455,108.24160215158449,2.399600411607778,-1.083954340704967,111.6409607500957,10.115084680940859,0.07999999076128006,-0.21000853180885315,-0.015933648810155954,0.013510845900298727,-3.3993585985113577,0
159.13,2,2.313414058434118,-1.2053209204467514,107.07304042848111,2.397520072562017,-1.078568086660755,110.47239902699248,9.168873368963048,0.07999999076128006,-0.21000853180885315,-0.015933648810155954,0.013510845900298727,-3.3993585985113577,0
159.23,2,2.3118860269928123,-1.2001396756206915,105.70695015764205,2.3956875067630876,-1.0734865632055515,109.10630875615341,8.520341683941611,0.07999999076128006,-0.1741449236869812,-0.02593364881015639,0.013510845900296144,-3.399358598511278,0
159.33,2,2.310421179550656,-1.1947991025873368,104.79975396259609,2.3939085663928292,-1.0682422453745604,108.19911256110744,7.639802014931534,0.07999999076128006,-0.12417725473642349,-0.02593364881015639,0.013510845900296144,-3.399358598511278,0
159.43,2,2.2989952346912665,-1.189260053056377,104.16859617036661,2.3921566914525583,-1.06279749353062,107.56795476887784,7.163263592874576,0.07999999076128006,-0.1474551087617874,-0.01593364881015702,0.013510845900296092,-3.399358598511262,0
159.53,2,2.2974476288635763,-1.1829821579645443,103.38388298647888,2.3902395596131147,-1.056622410041942,106.78324158499015,6.52857488327191,0.07999999076128006,-0.15658073127269745,-0.01593364881015702,0.013510845900296092,-3.399358598511262,0
159.63,2,2.306101821952877,-1.1770692300741048,102.28601750028658,2.3885455124265356,-1.0507996858849804,105.68537609879782,6.007100223207785,0.07999999076128006,-0.08679299056529999,-0.01593364881015702,0.013510845900296092,-3.399358598511262,0
159.73,2,2.304736572119522,-1.1706883194386313,101.7410951023875,2.386804307397424,-1.044510955274438,105.14045370089875,5.40003352743899,0.07999999076128006,-0.055344581604003906,-0.01593364881015702,0.013510845900296092,-3.399358598511262,0
159.83,2,2.303290447220191,-1.1635690175198443,101.13089275174657,2.3849385865448127,-1.0374899280892296,104.53025135025781,5.136818190342613,0.07999999076128006,0.0009844601154327393,-0.012307302434808515,0.011495735831276404,-3.599320869011953,0
159.93,2,2.301789806936336,-1.1559248546425895,101.18160754995357,2.382987324493117,-1.029948195943287,104.58096614846491,5.000824753884542,0.07999999076128006,-0.025097759440541267,-0.012307302434808515,0.011495735831276404,-3.599320869011953,0
160.03,2,2.2998205019876283,-1.1581906951713932,100.80695304169546,2.380998450683971,-1.0222268381800652,104.40627391070737,4.898333247976507,0.07999999076128006,-0.060434043407440186,-0.012307302434808515,0.011495735831276404,-3.599320869011953,0
160.13,2,2.298380275408858,-1.150505241745349,100.41641556761347,2.37907858229463,-1.014646960059033,104.01573643662539,4.651309174953254,0.07999999076128006,-0.07080698758363724,-0.012307302434808515,0.011495735831276404,-3.599320869011953,0
160.23,2,2.2970805873377516,-1.143348605457151,100.00138396955772,2.377332173643979,-1.0075860331461794,103.60070483856964,4.3970036909388055,0.07999999076128006,-0.09882079064846039,-0.012307302434808515,0.011495735831276404,-3.599320869011953,0
160.33,2,2.295899357271518,-1.1364515494259502,99.40696761448588,2.375720285444987,-1.0007767378228112,103.00628848349783,3.914806386646706,0.07999999076128006,-0.15452900528907776,-0.012307302434808515,0.011495735831276404,-3.599320869011953,0
160.43,2,2.2948489432240113,-1.129852272244047,98.54053494087634,2.374257649392563,-0.9942564215135408,102.13985580988833,3.495149785397089,0.07999999076128006,-0.15452900528907776,-0.012307302434808515,0.011495735831276404,-3.599320869011953,0
160.53,2,2.294037834094541,-1.123990449843113,97.39921597697408,2.37308014266764,-0.9884570820862645,100.99853684598602,2.735607665803764,0.07999999076128006,-0.043471671640872955,-0.012307302434808345,0.02149573583127832,-3.599320869012001,0
160.63,2,2.2932329835406815,-1.117494797809414,96.83652746160467,2.371869091179188,-0.9820247703673515,100.43584833061665,2.406775577006246,0.07999999076128006,0.008051576092839241,-0.012307302434808345,0.02149573583127832,-3.599320869012001,0
160.73,2,2.292294488334327,-1.0996765781644124,96.78534116839667,2.370441629594112,-0.9742808898741513,100.38466203740865,2.334140399772664,0.07999999076128006,0.09135974943637848,-0.012307302434808345,0.02149573583127832,-3.599320869012001,0
160.83,2,2.2913614924306165,-1.092073422244189,97.32674297228141,2.369033157883029,-0.9667513036476278,100.92606384129337,2.516467257664854,0.07999999076128006,0.09007859230041504,-0.012307302434808345,0.02149573583127832,-3.599320869012001,0
160.92,2,2.290532546393159,-1.0857265888797012,97.62910696813542,2.3678074010810573,-0.9604690297319177,101.22842783714741,2.82662294781631,0.07999999076128006,0.10488272458314896,-0.012307302434808345,0.02149573583127832,-3.599320869012001,0
161.03,2,2.289550504526285,-1.078740897123222,98.53330494780333,2.3663887437425397,-0.9535587687454784,102.13262581681532,3.3233623261395087,0.07999999076128006,0.02579338476061821,-0.012307302434808345,0.02149573583127832,-3.599320869012001,0
161.12,2,2.2884475062475857,-1.0714680377029304,98.68404387435504,2.364831340572333,-0.9463695000263689,102.28336474336697,3.6148175295852356,0.07999999076128006,0.07197114825248718,-0.012307302434808345,0.02149573583127832,-3.599320869012001,0
161.23,2,2.287261825683216,-1.0639022925517332,99.09291428506165,2.3631730312270682,-0.9388931139870452,102.69223515407363,3.808162437327669,0.07999999076128006,0.187476247549057,-0.012307302434808345,0.02149573583127832,-3.599320869012001,0
161.33,2,2.286181821060486,-1.0573385429140618,99.72710470397976,2.3616830933403214,-0.9324101128004969,103.32642557299171,4.346906443808453,0.07999999076128006,0.11683359742164612,-0.012307302434808345,0.02149573583127832,-3.599320869012001,0
161.43,2,2.2851057589434767,-1.0514030088998996,100.79903299169156,2.3602365287363773,-0.9265538405595952,104.39835386070355,4.81890020067768,0.07999999076128006,0.11683359742164612,-0.012307302434808345,0.02149573583127832,-3.599320869012001,0
161.52,2,2.2838997011876083,-1.0451716602092418,101.21816743978172,2.3586416540557056,-0.9204104981006398,104.81748830879371,5.256167004352806,0.07999999076128006,0.022874867543578148,-0.0023073024348076758,0.001495735831279188,-3.5993208690120255,0
161.63,2,2.2924681718436632,-1.058062799030391,101.49512828764763,2.356766663451508,-0.9134055288817978,105.09444915665966,5.623647960955224,0.07999999076128006,-0.04790155962109566,-0.0023073024348076758,0.001495735831279188,-3.5993208690120255,0
161.73,2,2.290934868160798,-1.0504674013123803,101.31631724202204,2.354759555134572,-0.9059213720900987,104.91563811103403,5.471852099538912,0.07999999076128006,-0.04790155962109566,-0.0023073024348076758,0.001495735831279188,-3.5993208690120255,0
161.83,2,2.2895582931291845,-1.0435123911310247,101.09380125848493,2.3529490690078747,-0.8990665004337174,104.69312212749695,5.3049697596578,0.07999999076128006,-0.04355039820075035,-0.0023073024348076758,0.001495735831279188,-3.5993208690120255,0
161.93,2,2.2880559955429685,-1.03573950168876,100.806517367253,2.3509617629293063,-0.8914032555029259,104.40583823626496,5.065829289748745,0.07999999076128006,-0.03546114265918732,-0.0023073024348076758,0.001495735831279188,-3.5993208690120255,0
162.03,2,2.2866241327749472,-1.0281699490667806,100.55819003650367,2.3490575179535003,-0.8839385244993678,104.15751090551568,4.9242628773862505,0.07999999076128006,-0.028844818472862244,-0.0023073024348076758,0.001495735831279188,-3.5993208690120255,0
162.13,2,2.2851921946669274,-1.0204559426280102,100.42276910666152,2.347144129164944,-0.8763296293478745,104.02208997567352,4.759140770663001,0.07999999076128006,-0.01848623715341091,-0.0023073024348076758,0.001495735831279188,-3.5993208690120255,0
162.23,2,2.283767344996971,-1.0126549500541722,100.32482125197457,2.3452323539567206,-0.8686334746409919,103.92414212098663,4.6749564687229395,0.07999999076128006,-0.029397429898381233,-0.0023073024348060816,0.011495735831282345,-3.599320869012107,0
162.33,2,2.282435249219488,-1.0052661710048778,100.15471877553439,2.3434390279063835,-0.8613428973883417,103.75403964454641,4.503815548560286,0.08009660243988037,-0.03671702742576599,-0.0023073024348060816,0.011495735831282345,-3.599320869012107,0
162.43,2,2.2810036556090867,-0.9871954463007117,99.92133946673823,2.341503588630571,-0.8533779659808891,103.52066033575034,4.374162191197785,0.08006754517555237,-0.043572068214416504,-0.0023073024348060816,0.011495735831282345,-3.599320869012107,0
162.53,2,2.27969671405045,-0.9796834217424235,99.73580553409568,2.33972762999011,-0.8459628071754831,103.3351264031078,4.1353345052056145,0.08059185743331909,-0.04074334353208542,-0.0023073024348060816,0.011495735831282345,-3.599320869012107,0
162.63,2,2.278487642036696,-0.9725675583227966,99.53149196506389,2.3380742183214274,-0.8389368839482416,103.130812834076,3.981751816274882,0.08068431168794632,-0.03295941650867462,-0.0023073024348060816,0.011495735831282345,-3.599320869012107,0
162.73,2,2.2772207442897012,-0.9649626100848082,99.38712446842722,2.3363323908782276,-0.8314264708596067,102.98644533743928,3.7944532058201172,0.08020491898059845,-0.011606300249695778,-0.0023073024348060816,0.011495735831282345,-3.599320869012107,0
162.83,2,2.275947777770159,-0.9571929603093516,99.27452095260146,2.3345741668865627,-0.8237520621013855,102.87384182161357,3.747692259831301,0.08006741851568222,-0.019993294030427933,-0.0023073024348060816,0.011495735831282345,-3.599320869012107,0
162.93,2,2.274668589558185,-0.9493251372627389,99.20107507656436,2.3328035702855847,-0.815980064311173,102.80039594557648,3.6564189950059043,0.07997047901153564,-0.008305713534355164,-0.0023073024348060816,0.011495735831282345,-3.599320869012107,0
163.03,2,2.2733827322564926,-0.9413584415943855,99.12001730512401,2.3310201106561954,-0.8081098076048886,102.71933817413613,3.6148773828528107,0.07996988296508789,-0.034126024693250656,-0.0023073024348060816,0.011495735831282345,-3.599320869012107,0
163.13,2,2.2721408958671487,-0.9335855896058194,98.97709164161562,2.329292754358951,-0.8004302486412224,102.57641251062775,3.454368249378244,0.07999352365732193,-0.024687010794878006,-0.0023073024348060816,0.011495735831282345,-3.599320869012107,0
163.23,2,2.270927396844607,-0.9258462991660044,98.91311329298898,2.327595786482337,-0.792782406042472,102.51243416200101,3.3526521245840284,0.07999352365732193,-0.024687010794878006,-0.0023073024348060816,0.011495735831282345,-3.599320869012107,0
163.32,2,2.2697096579060667,-0.9179547308591749,98.74649305260908,2.325885027248091,-0.7849828521253408,102.3458139216212,3.190881422139496,0.08000137656927109,-0.05720774829387665,-0.0023073024348060816,0.011495735831282345,-3.599320869012107,0
163.42,2,2.268536356464042,-0.9102202087645502,98.45575272716268,2.3242284770116295,-0.7773372449146497,102.05507359617476,3.043123418745615,0.08000137656927109,-0.05720774829387665,-0.0023073024348060816,0.011495735831282345,-3.599320869012107,0
163.52,2,2.2675755672238096,-0.9037216112197367,98.28208777382433,2.3228616095148045,-0.7709117831211498,101.88140864283639,2.8304551853806963,0.08054862916469574,0.012564953416585922,-0.0023073024348060816,0.011495735831282345,-3.599320869012107,0
163.63,2,2.267423582228614,-0.9026683637540523,98.22148307539514,2.3206863319427136,-0.7604217986545095,101.62993589375739,2.6262401830219977,0.08054862916469574,0.012564953416585922,-0.0023073024348060816,0.011495735831282345,-3.599320869012107,0
163.73,2,2.267423582228614,-0.9026683637540523,98.22148307539514,2.319539664600992,-0.7548518183331147,101.66501279494871,2.669454188513003,0.08054862916469574,0.012564953416585922,-0.0023073024348060816,0.011495735831282345,-3.599320869012107,0
163.83,2,2.2701608010657996,-0.8499369051815122,97.33428163448546,2.317923940952067,-0.7469985290682142,101.6124233627685,2.7178877952863614,0.06554862916469574,0.0,0.025600195835877103,0.10558742977581106,-4.7318392193830014,0
163.93,2,2.2711762749138975,-0.832331377060187,97.12749484207606,2.3163868920367467,-0.7395294496332149,101.63512568742405,2.7564769824864457,0.06054862916469574,0.042222391813993454,0.025600195835877103,0.10558742977581106,-4.7318392193830014,0
164.03,2,2.272369494181886,-0.8165653984457365,96.97342402555542,2.3151821662815477,-0.7336686278689415,101.7052632449384,2.819869150167814,0.07979487627744675,0.056243475526571274,0.025600195835877103,0.10558742977581106,-4.7318392193830014,0
164.13,2,2.271535962760664,-0.8099351683454664,97.26074304476818,2.3138045326790704,-0.7271297555296146,101.9925822641512,3.0912673616281405,0.07960376888513565,0.04412474483251572,0.025600195835877103,0.10558742977581106,-4.7318392193830014,0
164.23,2,2.270578269844107,-0.8025087716978192,97.52134640765341,2.312237483130088,-0.7198076725881528,102.25318562703639,3.259080328545667,0.07912400364875793,-0.030851006507873535,0.025600195835877103,0.10558742977581106,-4.7318392193830014,0
164.33,2,2.269592068569732,-0.7949049089107589,97.34947991583904,2.310627382793605,-0.7123110800859236,102.08131913522207,3.1664722256999123,0.07944940775632858,-0.07012348622083664,0.025600195835877103,0.10558742977581106,-4.7318392193830014,0
164.43,2,2.2684116849335427,-0.785463568738039,96.96515274611573,2.3086721841425546,-0.7029992914274258,101.6969919654987,2.935645505607487,0.07964933663606644,-0.10067244619131088,0.025600195835877103,0.10558742977581106,-4.7318392193830014,0
164.53,2,2.2678640331235966,-0.7808399179709121,96.48058458197409,2.307744983185423,-0.6984365765221985,101.21242380135709,2.444361914409399,0.07994217425584793,-0.09244634211063385,0.025600195835877103,0.10558742977581106,-4.7318392193830014,0
164.63,2,2.2671329661562916,-0.7741501593699542,95.89603958893655,2.3064645541627224,-0.6918299260419929,100.62787880831952,2.109754002351112,0.08001285046339035,-0.011613830924034119,0.025600195835877103,0.10558742977581106,-4.7318392193830014,0
164.73,2,2.2663806371210957,-0.7667463590038263,95.75466359260034,2.3051040325731735,-0.6845134214227745,100.48650281198337,1.9270524270041434,0.08003569394350052,-0.046162717044353485,0.025600195835877103,0.10558742977581106,-4.7318392193830014,0
164.82,2,2.2653673966983865,-0.7585179045604595,95.64442578085287,2.303673069207969,-0.6767225692829408,100.37626500023585,1.776893689674064,0.08002115041017532,0.0006196089088916779,0.01934913537820165,0.11500081254653391,-4.731839219383031,0
164.93,2,2.2585877378988326,-0.7416228504742414,95.47473865483182,2.302271484033625,-0.6689840303559494,100.20657787421484,1.728118385591537,0.08000854402780533,0.01849888637661934,0.01934913537820165,0.11500081254653391,-4.731839219383031,0
165.03,2,2.257813214307471,-0.73360532137284,95.49301590924792,2.3008382156223717,-0.6610577196538195,100.22485512863095,1.783887357040166,0.08000101894140244,0.024052586406469345,0.01934913537820165,0.11500081254653391,-4.731839219383031,0
165.13,2,2.257033262899243,-0.7255916510995286,95.61434687669954,2.2993998562175895,-0.6531357023809764,100.34618609608258,1.9197648796766802,0.07999870181083679,0.028798390179872513,0.01934913537820165,0.11500081254653391,-4.731839219383031,0
165.24,2,2.256258721163329,-0.7177366466525635,95.73232432154052,2.2979799767604936,-0.6453713638972529,100.4641635409235,2.0340665047218054,0.08046551048755646,0.02067701891064644,0.01934913537820165,0.11500081254653391,-4.731839219383031,0
165.33,2,2.255495063356184,-0.7101609680889214,95.76106586015081,2.2965939863784537,-0.6378845014297747,100.49290507953384,2.16557119838197,0.08152858912944794,0.01853083446621895,0.01934913537820165,0.11500081254653391,-4.731839219383031,0
165.42,2,2.2546230927519417,-0.7016399965641689,95.82312167443116,2.2950220729462054,-0.6294645028180276,100.55496089381421,2.232197254800253,0.08084134012460709,0.01960916444659233,0.01934913537820165,0.11500081254653391,-4.731839219383031,0
165.53,2,2.2538332271739523,-0.6939682380542479,95.9947768021361,2.2936020382589675,-0.621884049813564,100.72661602151912,2.3374225320556534,0.0805787444114685,0.019734319299459457,0.01934913537820165,0.11500081254653391,-4.731839219383031,0
165.62,2,2.2529489388335824,-0.6855343471729243,96.08652951264176,2.29202503255801,-0.6135518511669803,100.81836873202481,2.406677328101863,0.08041705191135406,0.018564637750387192,0.01934913537820165,0.11500081254653391,-4.731839219383031,0
165.73,2,2.252136561573143,-0.6779259396397846,96.08946022729513,2.2905877888843587,-0.6060363902612097,100.82129944667815,2.5068301185280166,0.08032584190368652,0.014596309512853622,0.01934913537820165,0.11500081254653391,-4.731839219383031,0
165.83,2,2.2512646261918303,-0.6698608107913717,96.15573620328786,2.2890535140779065,-0.598070677771484,100.88757542267088,2.561254298085816,0.08005226403474808,0.07004690170288086,0.01934913537820165,0.11500081254653391,-4.731839219383031,0
165.94,2,2.250678117975964,-0.6644777354405438,96.32080248886199,2.2880249424483963,-0.5927543319848617,101.05264170824503,2.7204904098040483,0.08005226403474808,0.07004690170288086,0.01934913537820165,0.11500081254653391,-4.731839219383031,0
166.03,2,2.2495987476516257,-0.6553110782023865,96.9502829370095,2.2861891751181656,-0.5836890675718074,101.68248426598052,3.1103883857140784,0.08045778423547745,0.028392452746629715,0.01934913537820165,0.11500081254653391,-4.731839219383031,0
166.12,2,2.2505080383851754,-0.6548601384278426,97.3616728261189,2.284627730077373,-0.5762591298709113,102.04119334665042,3.3505584235358423,0.08045778423547745,0.028392452746629715,0.02156447362622714,0.0975388439930908,-4.6318580841327135,0
166.23,2,2.2511794041664164,-0.653499141507672,97.55354946461718,2.282981983939941,-0.5685367667604516,102.18540754874984,3.4613939568312166,0.08002737164497375,0.0515834279358387,0.02156447362622714,0.0975388439930908,-4.6318580841327135,0
166.33,2,2.2501550581806344,-0.6459275672021156,97.80945768782671,2.2813495548629064,-0.5610726393853595,102.44131577195937,3.7426505686643794,0.07996321469545364,0.08066439628601074,0.02156447362622714,0.0975388439930908,-4.6318580841327135,0
166.43,2,2.249144530156574,-0.6387881259421903,98.4366971527972,2.279765794724311,-0.5540381179222651,103.06855523692991,4.018646103111615,0.07999073714017868,0.14883998036384583,0.02156447362622714,0.0975388439930908,-4.6318580841327135,0
166.53,2,2.248177662241746,-0.6325116543363681,99.01764661546545,2.2782952396241165,-0.5478602220765337,103.6495046995981,4.683307334526025,0.07999379932880402,0.18400295078754425,0.02156447362622714,0.0975388439930908,-4.6318580841327135,0
166.63,2,2.247212561921559,-0.6266595030169351,99.7874164308808,2.2768607115452815,-0.542105118004095,104.41927451501348,5.180848401403613,0.07999993115663528,0.22146479785442352,0.02156447362622714,0.0975388439930908,-4.6318580841327135,0
166.73,2,2.2462015781914473,-0.6211823325097574,101.27359609930993,2.275410730787233,-0.5367274753357377,105.90545418344266,6.0788228227339856,0.0800008550286293,0.16694869101047516,0.02156447362622714,0.0975388439930908,-4.6318580841327135,0
166.82,2,2.2452614460327815,-0.6159592003154932,102.34963857793996,2.2738649300835942,-0.5314877488011834,106.98328869446354,6.68328811901422,0.0800008550286293,0.055702853947877884,0.032712220358645745,0.0944833381030067,-4.731839219382979,0
166.93,2,2.2535891789586793,-0.6164352632378115,102.63902307407048,2.271952872578863,-0.5252902699970474,107.37086229345348,7.2184679103205145,0.08000040799379349,-0.030740508809685707,0.032712220358645745,0.0944833381030067,-4.731839219382979,0
167.03,2,2.251944916544009,-0.608744928355802,102.64728363103238,2.269677540863886,-0.5180678576507894,107.37007255319992,7.209915888772072,0.08000010997056961,-0.08196098357439041,0.03178888959523651,0.09397839400414809,-4.631858084132651,0
167.13,2,2.250609093988992,-0.5985625183229157,102.2909713558994,2.2674989454393284,-0.5110319213783153,106.92491622935567,6.842264283879387,0.08079635351896286,-0.12328478693962097,0.03178888959523651,0.09397839400414809,-4.631858084132651,0
167.23,2,2.249242309123182,-0.5919847961864089,101.34093764179721,2.265605196160324,-0.504656577490006,105.97279572592986,6.4523053077910495,0.08017793297767639,-0.017396852374076843,0.03178888959523651,0.09397839400414809,-4.631858084132651,0
167.33,2,2.247866839593595,-0.584956110706144,101.08481501692245,2.2636666302451873,-0.49776192026865107,105.71667310105505,6.103540856951854,0.07951289415359497,-0.04772864654660225,0.03178888959523651,0.09397839400414809,-4.631858084132651,0
167.43,2,2.246417666636503,-0.5774063565394814,100.60711484213482,2.2616125236708067,-0.4903538478866013,105.23897292626746,5.9229728517707905,0.07984783500432968,-0.06821902096271515,0.03178888959523651,0.09397839400414809,-4.631858084132651,0
167.53,2,2.245087491283597,-0.5701994945722348,100.1467385228977,2.2597047156950656,-0.48327793843183003,104.77859660703032,5.544506816299747,0.07988666743040085,-0.13695979118347168,0.03178888959523651,0.09397839400414809,-4.631858084132651,0
167.63,2,2.2439439007762676,-0.563586234830391,99.34807651592814,2.2580308184524793,-0.4767786252617475,103.97993460006073,5.1507356185438775,0.07999304682016373,-0.08925379812717438,0.03178888959523651,0.09397839400414809,-4.631858084132651,0
167.73,2,2.2429102676129955,-0.5571018962803443,98.72652420760471,2.256476930239976,-0.4703989328419768,103.35838229173731,4.606433139084566,0.08000913262367249,-0.03880099207162857,0.03178888959523651,0.09397839400414809,-4.631858084132651,0
167.83,2,2.2418301269065632,-0.5498425030508258,98.3771967776064,2.254814098265563,-0.4632504725999846,103.009054861739,4.387558287226625,0.08001327514648438,0.05490950867533684,0.03178888959523651,0.09397839400414809,-4.631858084132651,0
167.93,2,2.2407666957921313,-0.5426693599771993,98.55986238809373,2.2531748862835386,-0.4561866314800383,103.19172047222645,4.522017422557173,0.08000681549310684,0.08949387073516846,0.03178888959523651,0.09397839400414809,-4.631858084132651,0
168.03,2,2.2332187763157827,-0.5323804808003647,99.30381927312285,2.2515045458141603,-0.4492514268750691,103.88628759647544,4.815413880893192,0.0800023004412651,0.056351661682128906,0.017648995404750165,0.09668692184176414,-4.531876948882303,0
168.13,2,2.225382876431873,-0.5216937475970214,99.7779481087308,2.249692024040229,-0.4420060392578607,104.30982505761304,5.1900640873979755,0.07999997586011887,0.033166468143463135,0.017648995404750165,0.09668692184176414,-4.531876948882303,0
168.23,2,2.224066512273408,-0.5141667903432368,99.99248390415669,2.247785042517681,-0.43460662566145636,104.524360853039,5.3529840462323275,0.0799994245171547,-0.007006809115409851,0.017648995404750165,0.09668692184176414,-4.531876948882303,0
168.33,2,2.222677911373028,-0.5062934988192298,100.01669321551603,2.2457786849381582,-0.4268676682933334,104.54857016439836,5.392554006096565,0.07999955117702484,0.03034627065062523,0.017648995404750165,0.09668692184176414,-4.531876948882303,0
168.43,2,2.2213460396750864,-0.4988020219953763,100.24574179122844,2.243859047800995,-0.41950484950677225,104.77761874011068,5.479503552979352,0.07999979704618454,0.049213387072086334,0.017648995404750165,0.09668692184176414,-4.531876948882303,0
168.53,2,2.219895329039924,-0.4909108998846186,100.50364891482951,2.2417893658099297,-0.4117530248203051,105.03552586371183,5.75139789766516,0.07999994605779648,0.06053787097334862,0.017648995404750165,0.09668692184176414,-4.531876948882303,0
168.63,2,2.218792212293838,-0.4849661239784506,101.13154257391652,2.239936926219424,-0.4049964537154922,105.67731303344368,5.976967504447701,0.08000001311302185,0.0745893120765686,0.02269429094395872,0.0908816040283993,-4.731839219382998,0
168.73,2,2.220127319596323,-0.4900993755934898,101.28903475835206,2.2380161300225883,-0.398197222329074,106.0137772909117,6.393636109289214,0.08000002056360245,0.06673629581928253,0.02269429094395872,0.0908816040283993,-4.731839219382998,0
168.83,2,2.2187446893894776,-0.4832910089415371,101.80605816897527,2.2359304340667157,-0.39105835371677594,106.53789738835832,6.65859600549588,0.08000001311302185,0.05677046999335289,0.02269429094395872,0.0908816040283993,-4.731839219382998,0
168.93,2,2.2172374398466124,-0.4761541514520843,102.15713868002786,2.2338395857041884,-0.38407015730181004,106.8889778994109,7.001085488931162,0.08000000566244125,0.04369634762406349,0.02269429094395872,0.0908816040283993,-4.731839219382998,0
169.03,2,2.216081916590006,-0.4682054217999944,102.47990311255633,2.231635072372656,-0.3769183551330449,107.20531766832399,7.2050243322077305,0.08000000566244125,0.044204603880643845,0.028744181108127185,0.09700601010827639,-4.631858084132576,0
169.13,2,2.2177882740226234,-0.4560205100006943,103.05222931784245,2.2293615127027873,-0.3696869305281423,107.72949812233234,7.49342879273936,0.08000000566244125,0.10235536098480225,0.028744181108127185,0.09700601010827639,-4.631858084132576,0
169.23,2,2.219451299728055,-0.44502967970604534,103.49660728975883,2.2273236462238066,-0.3633589734364675,108.1284653738914,7.81375070503942,0.08000000566244125,0.13772010803222656,0.028744181108127185,0.09700601010827639,-4.631858084132576,0
169.33,2,2.2180362988001208,-0.4392908678959908,104.34375098004288,2.225449839375778,-0.3577531696124331,108.97560906417546,8.439189322213318,0.08000000566244125,0.14688827097415924,0.028744181108127185,0.09700601010827639,-4.631858084132576,0
169.43,2,2.216339350253866,-0.4328893717120097,105.18248452284038,2.2232414918630723,-0.3515096138126274,109.81434260697299,8.941526493400712,0.08000000566244125,0.11728193610906601,0.028744181108127185,0.09700601010827639,-4.631858084132576,0
169.53,2,2.2146694896758348,-0.42686215870763444,105.76834548272963,2.221090368398342,-0.3456369313940338,110.4002035668622,9.58749879020719,0.08000000566244125,0.12430151551961899,0.028744181108127185,0.09700601010827639,-4.631858084132576,0
169.63,2,2.2128866632039177,-0.4207994270926558,106.82142454802839,2.218817635079658,-0.3396955463230716,111.45260742540194,10.02872255830841,0.08000000566244125,0.11668803542852402,0.028240338443712182,0.08686003214794374,-4.531876948882223,0
169.73,2,2.211241731709579,-0.4180641303305491,107.31820198390427,2.216488843133852,-0.33382273597361,111.89722287081683,10.672984560665476,0.08000000566244125,0.0774533674120903,0.028240338443712182,0.08686003214794374,-4.531876948882223,0
169.83,2,2.2093682867563595,-0.41458201450109683,108.09173856850701,2.2139295177023,-0.32753525566659525,112.62361551738921,10.999287958149745,0.08000000566244125,0.06602445244789124,0.028240338443712182,0.08686003214794374,-4.531876948882223,0
169.93,2,2.2071610128957775,-0.4078512153178514,108.27204567383231,2.211197319297565,-0.32099990507018866,112.80392262271448,11.434464101882426,0.08000000566244125,0.02734025940299034,0.028240338443712182,0.08686003214794374,-4.531876948882223,0
170.03,2,2.2047111036761176,-0.400527249035091,108.57731861244804,2.2081763757835846,-0.3138924134183522,113.10919556133025,11.592277012321313,0.08000000566244125,0.041234198957681656,0.028240338443712182,0.08686003214794374,-4.531876948882223,0
170.13,2,2.202207797419622,-0.39322487450513005,108.84946828507812,2.2050999921996293,-0.3067199336074618,113.38134523396042,11.856162550810353,0.08000000566244125,0.09885022044181824,0.028131644573786075,0.08383890320941477,-4.531876948882269,0
170.23,2,2.1998364832638964,-0.3881028055323519,109.20329150044697,2.2022632356841796,-0.3002224319555915,113.7351684493292,12.176375818317682,0.08000000566244125,0.12232990562915802,0.028131644573786075,0.08383890320941477,-4.531876948882269,0
170.33,2,2.19761865515719,-0.3832959448803268,109.79058916064136,2.1996142354436814,-0.29425511146529276,114.32246610952359,12.735972817517187,0.08000000566244125,0.15763339400291443,0.028131644573786075,0.08383890320941477,-4.531876948882269,0
170.43,2,2.1954884391269043,-0.3775269310681278,110.70852960858666,2.197034848196079,-0.28867245061871283,115.24040655746893,13.236696356127327,0.08000000566244125,0.15094828605651855,0.028131644573786075,0.08383890320941477,-4.531876948882269,0
170.53,2,2.1933899693533276,-0.37204278284007736,111.16855353263503,2.1945096162426783,-0.28337125634200805,115.70043048151733,13.990460865834796,0.08000000566244125,0.19235090911388397,0.028131644573786075,0.08383890320941477,-4.531876948882269,0
170.63,2,2.1911506456020153,-0.3663440385914466,111.83949435850619,2.1918270146563277,-0.2778672663707779,116.37137130738844,14.456678706972138,0.08000000566244125,0.13596683740615845,0.028131644573786075,0.08383890320941477,-4.531876948882269,0
170.72,2,2.1889102826850517,-0.36090301413967907,112.79789564692584,2.189163740554714,-0.27262027255106414,117.32977259580807,15.219688782502251,0.08000000566244125,0.07583294063806534,0.028131644573786075,0.08383890320941477,-4.531876948882269,0
170.83,2,2.1863589316651937,-0.35491350344699096,113.15831305233473,2.186144169035327,-0.26680090830649045,117.690190001217,15.57779110679365,0.08000000566244125,0.0842609629034996,0.028071615217148686,0.08090977195347941,-4.5318769488822195,0
170.93,2,2.1835557663008798,-0.3500532977028683,113.78746312027941,2.18287624867227,-0.2606520324663235,118.31934006916173,16.07970441311551,0.08000000566244125,0.13182681798934937,0.028071615217148686,0.08090977195347941,-4.5318769488822195,0
171.03,2,2.181005171785654,-0.3457170740795047,114.1112923964805,2.179911847153625,-0.25518170662105955,118.64316934536274,16.486880775941785,0.08000000566244125,0.0942540392279625,0.028071615217148686,0.08090977195347941,-4.5318769488822195,0
171.13,2,2.178230896877441,-0.33890875143277854,114.91875679345793,2.1765966492798143,-0.2492117256348863,119.42300571939842,17.104229975692,0.07911937683820724,0.1758614331483841,0.02703210039633325,0.07771241429541662,-4.331914678381603,0
171.23,2,2.1759801568085457,-0.32969466681058046,115.61515025105975,2.1735821257440544,-0.24392421269544284,119.94706492944132,17.623282292865138,0.07980319857597351,0.14942003786563873,0.02703210039633325,0.07771241429541662,-4.331914678381603,0
171.33,2,2.1733781992710317,-0.3243207888420214,116.21672519086049,2.170581690064324,-0.23876222342968564,120.54863986924205,18.370805060182,0.0798678919672966,0.18578055500984192,0.02703210039633325,0.07771241429541662,-4.331914678381603,0
171.43,2,2.17069569882486,-0.3190032406392742,117.48643474560066,2.1675051963914913,-0.233662486748908,121.81834942398228,18.91828568095882,0.08001836389303207,0.18974705040454865,0.02703210039633325,0.07771241429541662,-4.331914678381603,0
171.53,2,2.16828688956129,-0.3144731308199169,118.40108100061492,2.164761090523811,-0.2293272658744122,122.73299567899653,19.86994161594916,0.08002469688653946,0.10619744658470154,0.02703210039633325,0.07771241429541662,-4.331914678381603,0
171.63,2,2.165284090671039,-0.30907757747680387,118.87037721655624,2.161335885127613,-0.22404563169316227,123.19253983617247,20.32962025585871,0.08002167195081711,0.10250893980264664,0.025963745296890658,0.0675901448488325,-4.131952407880878,0
171.73,2,2.1624146261850172,-0.3060818687572636,119.96202364324154,2.157822166668077,-0.2187615990889922,124.09397605112241,20.932393259863765,0.08000871539115906,0.20843389630317688,0.025963745296890658,0.0675901448488325,-4.131952407880878,0
171.84,2,2.1593448847480263,-0.3008144018368146,120.63154702992802,2.154380863860025,-0.21372900977221881,124.76349943780889,21.45469694194547,0.0800018310546875,0.15073736011981964,0.025963745296890658,0.0675901448488325,-4.131952407880878,0
171.93,2,2.1561244378218647,-0.295423383499685,121.16182624580824,2.150780344948888,-0.20858404906429948,125.29377865368915,22.191812396268556,0.07999909669160843,0.12950600683689117,0.025963745296890658,0.0675901448488325,-4.131952407880878,0
172.03,2,2.1529126015125044,-0.29036987839923395,122.20801892732517,2.147192484022961,-0.20361102252982827,126.33422285736629,22.681088064773224,0.07999884337186813,0.11807448416948318,0.025485225630685497,0.061006837657505066,-4.031971272630508,0
172.13,2,2.149876895974984,-0.28809195741781696,122.63791665571802,2.143679959560588,-0.19886218526807967,126.66988792834856,23.378461484152737,0.07999932020902634,0.10859949141740799,0.025485225630685497,0.061006837657505066,-4.031971272630508,0
172.23,2,2.1450757086084735,-0.28077718744193736,124.00399644914131,2.1383763310660377,-0.19190310596689605,128.0359677217718,23.788138392560796,0.07999976724386215,0.16450712084770203,0.025485225630685497,0.061006837657505066,-4.031971272630508,0
172.33,2,2.143112518641546,-0.27789687938501473,124.42624746812369,2.136215476641851,-0.18916796474449296,128.4582187407542,24.297073747692075,0.07999999076128006,0.16774186491966248,0.025485225630685497,0.061006837657505066,-4.031971272630508,0
172.43,2,2.1396150119228756,-0.2728683421538977,125.08229699829833,2.132372927514032,-0.18438034724122393,129.11426827092885,25.09748927223366,0.08000005036592484,0.12077947705984116,0.02529662974752719,0.05802222953801007,-4.031971272630461,0
172.53,2,2.1359384543041093,-0.2693690782322562,125.61417545658506,2.128448086754469,-0.1795876894819871,129.64614672921556,25.784810726299,0.08000003546476364,0.14531485736370087,0.02529662974752719,0.05802222953801007,-4.031971272630461,0
172.63,2,2.1322808756285467,-0.26586241470993294,126.23510883690096,2.1245427336860665,-0.17493441031473247,130.26708010953143,26.297469050220347,0.08000002056360245,0.1118917316198349,0.02529662974752719,0.05802222953801007,-4.031971272630461,0
172.73,2,2.12853229593014,-0.2607980881200379,126.7906027081097,2.1204473432925144,-0.17014619236973186,130.82257398074015,26.949053845083682,0.08000000566244125,0.14580363035202026,0.02529662974752719,0.05802222953801007,-4.031971272630461,0
172.84,2,2.1247128123650634,-0.25578583764961804,127.8458664922586,2.1162848861552392,-0.16541490712548146,131.87783776488905,27.433634974484427,0.07999999821186066,0.16444288194179535,0.02529662974752719,0.05802222953801007,-4.031971272630461,0
172.93,2,2.120891873558533,-0.25080979201840997,128.38640391140535,2.11238665366739,-0.16110859785225964,132.43683837610143,28.250743859171177,0.07999999821186066,0.1439250409603119,0.023097224226838485,0.07559414247374188,-4.331914678381417,0
173.03,2,2.1135058123575976,-0.2398300659469544,128.58432692890426,2.1082620428282306,-0.15662584511629343,132.91624160728568,28.715852346361633,0.07999999821186066,0.10264120250940323,0.023097224226838485,0.07559414247374188,-4.331914678381417,0
173.13,2,2.1097037015126054,-0.23510870864172714,129.14996852986184,2.104114170024076,-0.1522051649783754,133.48188320824326,29.34800816401111,0.07999999821186066,0.09161893278360367,0.023097224226838485,0.07559414247374188,-4.331914678381417,0
173.23,2,2.105298389942764,-0.22972223070266903,129.50210377162932,2.0993145803795037,-0.14716682657578142,133.83401845001072,29.711584055571162,0.07999999821186066,0.13566716015338898,0.023097224226838485,0.07559414247374188,-4.331914678381417,0
173.33,2,2.1010683202392375,-0.22466148331415112,130.2731391345218,2.094714335757465,-0.14244005143362737,134.60505381290326,30.329387799207243,0.07999999821186066,0.09684240072965622,0.023097224226838485,0.07559414247374188,-4.331914678381417,0
173.43,2,2.0970861893300166,-0.22012011230266,130.69269454037968,2.0903647945455828,-0.13806644026699408,135.00790432077716,30.77741680616234,0.07999999821186066,0.16207244992256165,0.021993716797670294,0.06207420119365039,-4.031971272630431,0
173.53,2,2.092975278963913,-0.21653797877282505,131.49263992207844,2.0856827531444253,-0.13342386081692872,135.65137590595828,31.387479882647575,0.07999999821186066,0.17719818651676178,0.021993716797670294,0.06207420119365039,-4.031971272630431,0
173.63,2,2.0892011931046657,-0.2133007749617856,132.35668186054298,2.08145354727723,-0.12934163335593474,136.3886531331734,31.951932078004226,0.07999999821186066,0.1433393955230713,0.021993716797670294,0.06207420119365039,-4.031971272630431,0
173.73,2,2.0851063813793544,-0.20940871318645127,132.83979718558047,2.077350913483037,-0.12546825464145223,136.8791867664042,32.79560189758698,0.07999999821186066,0.16831175982952118,0.01876518260689475,0.06216791640222966,-4.131952407880712,0
173.83,2,2.0775426145184803,-0.20821907538265153,133.22679747836452,2.0729085439925052,-0.12134169818250576,137.35874988624525,33.29130059428572,0.07999999821186066,0.14482147991657257,0.01876518260689475,0.06216791640222966,-4.131952407880712,0
173.93,2,2.073465110817767,-0.20395183742627995,134.16264871524334,2.068534168519641,-0.11737935097055768,138.29460112312404,34.09192056801511,0.07999999821186066,0.1032753735780716,0.01876518260689475,0.06216791640222966,-4.131952407880712,0
174.03,2,2.068960702860533,-0.199596578254384,134.6115884220943,2.063846027136925,-0.11322964515607761,138.74720599480446,34.54024993751288,0.07999999821186066,0.12422365695238113,0.015745083694827133,0.0624324818019239,-4.231933543130973,0
174.14,2,2.0610535506774457,-0.19818979411717463,135.1065925179293,2.058964309500014,-0.108980126725807,139.33852606106024,34.967462781787574,0.07999999821186066,0.14030370116233826,0.015745083694827133,0.0624324818019239,-4.231933543130973,0
174.23,2,2.0567345193297704,-0.19391874556840444,135.5245594945963,2.0543418760731846,-0.10503944192457115,139.7564930377273,35.718128042198764,0.07999999821186066,0.14169557392597198,0.015745083694827133,0.0624324818019239,-4.231933543130973,0
174.33,2,2.0526402276646953,-0.18910828756048698,135.9591445373202,2.0495837583779886,-0.10103931388014925,140.15805395577735,36.41062499769733,0.07999999821186066,0.14836224913597107,0.017021193366453618,0.058171272921313875,-4.031971272630306,0
174.43,2,2.0499183748803538,-0.1824402703035356,136.77402625321216,2.044783846474819,-0.09707670439320651,140.80599752584249,36.899748408164506,0.07999999821186066,0.10023487359285355,0.017021193366453618,0.058171272921313875,-4.031971272630306,0
174.53,2,2.0455729528253825,-0.1783810685007932,137.10975060467243,2.0401637643743706,-0.09333308936273975,141.1417218773027,37.55908708724831,0.07999999821186066,0.07738936692476273,0.017021193366453618,0.058171272921313875,-4.031971272630306,0
174.63,2,2.040322031260427,-0.17353253961763357,137.60957547566915,2.034584923861972,-0.08886576934405198,141.64154674829942,37.896396418271046,0.07999999821186066,0.07056636363267899,0.017021193366453618,0.058171272921313875,-4.031971272630306,0
174.73,2,2.0351649860000705,-0.16884033295751094,137.84959149311433,2.0291107188088384,-0.0845477839115957,141.88156276574463,38.375232114991846,0.07999999821186066,0.07124683260917664,0.017021193366453618,0.058171272921313875,-4.031971272630306,0
174.83,2,2.0298769952769278,-0.1640931721956755,138.3634308680188,2.0235020283931275,-0.08018418757285506,142.3954021406491,38.67246367860442,0.07999999821186066,0.09655798971652985,0.017021193366453618,0.058171272921313875,-4.031971272630306,0
174.92,2,2.0250375376521164,-0.1598178711599719,138.65442958621585,2.0183739388668047,-0.07625974533754923,142.68640085884613,39.030783401846854,0.07999999821186066,0.10064047574996948,0.017021193366453618,0.058171272921313875,-4.031971272630306,0
175.03,2,2.0196222832353348,-0.15539284603032533,139.19290920010445,2.0126576537879437,-0.07194254270144326,143.22037029825628,39.559591612364784,0.07999999821186066,0.10885435342788696,0.016526761426256035,0.05165297108055184,-3.9653172125320904,0
175.13,2,2.0145562270572808,-0.15335454801865617,139.684295021595,2.0074384651442925,-0.06807227534811615,143.6769692645611,40.17329178557739,0.07999999821186066,0.1160912960767746,0.016526761426256035,0.05165297108055184,-3.9653172125320904,0
175.22,2,2.0093795548204745,-0.15080129592814576,140.17185949527243,2.002082329640022,-0.06415864487620261,144.1371767078045,40.5551550164211,0.07999999821186066,0.11991739273071289,0.016526761426256035,0.05165297108055184,-3.9653172125320904,0
175.33,2,2.0046688463020046,-0.1469182119121184,140.7352658211751,1.9971143727373852,-0.06061061437533909,144.7005830337072,40.98434511902024,0.07999999821186066,0.12067902833223343,0.016526761426256035,0.05165297108055184,-3.9653172125320904,0
175.43,2,1.9997099151866757,-0.14271962437534064,141.24039461674937,1.9919011871160912,-0.056955377823814025,145.19670369041197,41.64321840896188,0.07999999821186066,0.12905514240264893,0.015604217081687943,0.04898459682064766,-3.765354130170478,0
175.53,2,1.9945491310660974,-0.13651458994292756,141.91273861584156,1.9866146553436204,-0.05331460886839845,145.76481291595363,42.070546694331725,0.07999999821186066,0.11233837902545929,0.015604217081687943,0.04898459682064766,-3.765354130170478,0
175.63,2,1.9894188350271595,-0.13079328783414565,142.49630539844074,1.9813599736311884,-0.049768350569375557,146.26165952861123,42.75059899922312,0.07999999821186066,0.11318103224039078,0.015604217081687943,0.04898459682064766,-3.765354130170478,0
175.73,2,1.985777468195235,-0.12801114919246898,142.81129967426915,1.9775437626687808,-0.04723134806315845,146.57665380443964,43.16322464952405,0.07999999821186066,0.0940149798989296,0.015604217081687943,0.04898459682064766,-3.765354130170478,0
175.84,2,1.9789364018170152,-0.12290501842755747,143.5142006902836,1.970382141355389,-0.04258549606991154,147.27955482045408,43.785242012452606,0.07999999821186066,0.06268075108528137,0.015604217081687943,0.04898459682064766,-3.765354130170478,0
175.93,2,1.9732695341405133,-0.1187427039554827,143.88508692898063,1.9644541649914458,-0.03880431275566272,147.6504410591511,44.253547259362406,0.07999999821186066,0.013616572134196758,0.015604217081687943,0.04898459682064766,-3.765354130170478,0
176.03,2,1.9672913138114478,-0.11513142815766109,143.9863328177194,1.9582704438105205,-0.034907690854112335,147.80337097776683,44.46301755015643,0.07999999821186066,-0.038564227521419525,0.01614895734997713,0.05593256278643254,-4.098624611073651,0
176.13,2,1.9606611109351746,-0.11425634351002784,143.59201168764454,1.9517030586098099,-0.030772557255465936,147.6906362987182,44.419325743361526,0.07999999821186066,0.04440398886799812,0.01614895734997713,0.05593256278643254,-4.098624611073651,0
176.24,2,1.9544342103468808,-0.10967423696893092,143.90767858779657,1.9451645841313583,-0.02664722784012278,148.00630319887023,44.54968302513977,0.07999999821186066,0.0005077552050352097,0.01614895734997713,0.05593256278643254,-4.098624611073651,0
176.33,2,1.9481171470637109,-0.1050624417739757,143.87990862530785,1.9385340555971962,-0.022498729943118558,147.9785332363815,44.65861900600361,0.07999999821186066,-0.07320088148117065,0.01614895734997713,0.05593256278643254,-4.098624611073651,0
176.43,2,1.9421231393037102,-0.10067174982248212,143.51725008789555,1.9322415593941842,-0.01854767990864216,147.61587469896918,44.495124332017994,0.07999999821186066,-0.028083594515919685,0.01614895734997713,0.05593256278643254,-4.098624611073651,0
176.53,2,1.9360708594147567,-0.09618911970696045,143.41049552458998,1.925884368950821,-0.01450909175513766,147.50912013566364,44.3077055520898,0.07999999821186066,-0.06189746409654617,0.01614895734997713,0.05593256278643254,-4.098624611073651,0
176.63,2,1.9300295324797572,-0.09169205464962787,143.19884916050316,1.9195370717333975,-0.010455322731239232,147.29747377157682,44.12961355280495,0.07999999821186066,-0.13099205493927002,0.01614895734997713,0.05593256278643254,-4.098624611073651,0
176.73,2,1.924736540915665,-0.08770340417345512,142.70612669010853,1.9139725341882927,-0.0068551818690304875,146.8047513011822,43.64273959195547,0.07999999821186066,-0.15143781900405884,0.01614895734997713,0.05593256278643254,-4.098624611073651,0
176.83,2,1.9200166447507019,-0.08405900242204989,141.9512747466157,1.909004231011693,-0.003557448180712337,146.04989935768936,43.20719209304775,0.07999999821186066,-0.18245536088943481,0.01614895734997713,0.05593256278643254,-4.098624611073651,0
176.92,2,1.9154943942023375,-0.08048979594159808,141.27354688715943,1.9042384424420686,-0.0003205910272502255,145.3721714982331,42.7012111344499,0.07999999821186066,-0.16440075635910034,0.01614895734997713,0.05593256278643254,-4.098624611073651,0
177.03,2,1.9099007635042897,-0.07679656329269462,140.45024955146917,1.8995032105223981,0.0029986970866308607,144.52601591193155,41.9224666268938,0.07999999821186066,-0.16540734469890594,0.005996381549330926,0.04970423205462646,-3.898662340573,0
177.13,2,1.896862690980929,-0.07275013622772138,139.86648194334478,1.894816509517728,0.006392786087079932,143.76514428391778,41.14007390677031,0.07999999821186066,-0.18356144428253174,0.005996381549330926,0.04970423205462646,-3.898662340573,0
177.23,2,1.8925712584516212,-0.06908910492362853,139.17675110269394,1.8902860871026022,0.009753562203347601,143.07541344326694,40.598738609227496,0.07999999821186066,-0.16840840876102448,0.005996381549330926,0.04970423205462646,-3.898662340573,0
177.33,2,1.8882767716744477,-0.06532461288387226,138.24966483534567,1.8857455830054004,0.013217351968907786,142.14832717591867,39.81745397223033,0.07999999821186066,-0.09919029474258423,0.005996381549330926,0.04970423205462646,-3.898662340573,0
177.43,2,1.883610698313625,-0.05993137289383245,137.67280188652776,1.8808043455479395,0.017096182134500145,141.57146422710076,39.42614803828641,0.07999999821186066,-0.07661084830760956,0.005996381549331091,0.059704232054626494,-3.898662340573003,0
177.52,2,1.8785204435932692,-0.04646401489657548,137.3570419312138,1.8754093826080431,0.021394093108613652,141.25570427178678,38.98041330360722,0.07999999821186066,-0.06145158410072327,0.005996381549331091,0.059704232054626494,-3.898662340573003,0
177.63,2,1.8732596347709183,-0.04158190624840701,137.04297966450991,1.869828803677522,0.025907211001830056,140.9416420050829,38.73426506958583,0.07999999821186066,-0.08250369131565094,0.005996381549331091,0.059704232054626494,-3.898662340573003,0
177.73,2,1.8681037171726271,-0.036741542062069296,136.56140977724456,1.8643557115281355,0.03038581279938602,140.46007211781756,38.30889595377148,0.07999999821186066,-0.1065576896071434,0.005996381549331091,0.059704232054626494,-3.898662340573003,0
177.82,2,1.8633171767910182,-0.03217206903310556,136.0352520066951,1.8592695602383058,0.03461926501290684,139.9339143472681,38.14715703061994,0.07999999821186066,-0.12618973851203918,0.005996381549331091,0.059704232054626494,-3.898662340573003,0
177.93,2,1.8589592775216943,-0.02794007726052021,135.55029420821657,1.8546340041529572,0.03854516111244802,139.4489565487896,37.5741882963544,0.07999999821186066,-0.11989191174507141,0.005996381549331091,0.059704232054626494,-3.898662340573003,0
178.04,2,1.8573619858712311,-0.0330456084697984,135.00419172078892,1.8495960556660465,0.04289786338635469,138.90285406136186,36.95079247272349,0.07999999821186066,-0.09319392591714859,0.009129430975394582,0.04991353112144381,-3.898662340572913,0
178.13,2,1.853023954461947,-0.02867259096069312,134.58109785080495,1.84497073284224,0.04696580972553576,138.47976019137784,36.36205744811178,0.07999999821186066,-0.10559307038784027,0.009129430975394582,0.04991353112144381,-3.898662340572913,0
178.23,2,1.8481770837767288,-0.0236981829406524,134.0004950728891,1.839796858522015,0.05159915787860874,137.899157413462,35.97397231483783,0.07999999821186066,-0.10671181231737137,0.009129430975394582,0.04991353112144381,-3.898662340572913,0
178.33,2,1.8436326456541132,-0.0189563556607871,133.49437013397932,1.8349405305243192,0.05602102650862846,137.39303247455223,35.39269064820996,0.07999999821186066,-0.13547579944133759,0.009129430975394582,0.04991353112144381,-3.898662340572913,0
178.43,2,1.8393212113086574,-0.014371633431687056,132.84013637655744,1.8303273489882548,0.06030199604233148,136.73879871713032,34.94694295680952,0.07999999821186066,-0.15701361000537872,0.009129430975394582,0.04991353112144381,-3.898662340572913,0
178.53,2,1.8354850390477635,-0.010194501755160228,132.2754572848226,1.8262160426129312,0.06420863226119274,136.17411962539552,34.44585699615587,0.07999999821186066,-0.12243875861167908,0.009129430975394582,0.04991353112144381,-3.898662340572913,0
178.64,2,1.8310659338088766,-0.005778274065530456,131.72071146780652,1.8215201830033765,0.0687595153723768,135.6331570959415,33.73767492966681,0.07999999821186066,-0.04855714738368988,0.00891041984632825,0.04987650629553023,-3.998643475823232,0
178.73,2,1.8264176030402408,-0.003588787676714847,131.27863872649183,1.8168111158465112,0.07340482244079655,135.27728220231506,33.319860576508006,0.07999999821186066,-0.0026213787496089935,0.00891041984632825,0.04987650629553023,-3.998643475823232,0
178.83,2,1.8210170556026175,0.002577495312943441,131.144406475281,1.810993722432088,0.07917949926261049,135.14304995110425,33.250190106801035,0.07999999821186066,-0.01591799408197403,0.00891041984632825,0.04987650629553023,-3.998643475823232,0
178.93,2,1.8159882840582149,0.008334041204745887,131.03603754308418,1.8055757720352668,0.08457136140363425,135.0346810189074,33.14689492207659,0.07999999821186066,0.028543807566165924,0.00891041984632825,0.04987650629553023,-3.998643475823232,0
179.03,2,1.810754616273434,0.014330458607043399,131.18676276215604,1.7999366972512731,0.09018822313635992,135.18540623797927,33.19946554230999,0.07999999821186066,0.14854380756616592,0.00891041984632825,0.04987650629553023,-3.998643475823232,0
179.13,2,1.806051778025114,0.019674763715903477,131.62625578273727,1.7948726334585907,0.09519157627101786,135.62489925856053,33.61217913197904,0.07999999821186066,0.2214965671300888,0.00891041984632825,0.04987650629553023,-3.998643475823232,0
179.23,2,1.802040472091781,0.024131765861368993,132.3410411334167,1.7905602927542388,0.09935800892558795,136.33968460923992,34.08284720494207,0.07999999821186066,0.22688336670398712,0.00891041984632825,0.04987650629553023,-3.998643475823232,0
179.32,2,1.7984198483686866,0.028042627299043065,133.32999109499963,1.7866757671741216,0.10300687372800667,137.32863457082286,34.968930075253276,0.07999999821186066,0.2077884078025818,0.00891041984632825,0.04987650629553023,-3.998643475823232,0
179.43,2,1.7947851969787951,0.03184331698706851,134.18843692521037,1.7827849306654417,0.10654485678243623,138.1870804010336,35.58595483996308,0.07999999821186066,0.14930061995983124,0.012293236740508515,0.04977613444692769,-4.098624611073479,0
179.53,2,1.7913011614979624,0.035415222352879444,134.85758824186084,1.7785406518162103,0.11029666499196718,138.87076997957504,36.35934533640968,0.07999999821186066,0.07558504492044449,0.012293236740508515,0.04977613444692769,-4.098624611073479,0
179.63,2,1.7895679958900776,0.03727846233280106,135.08674670343774,1.7736226294532718,0.11456233940389493,139.1853713145112,36.690741351047066,0.07999999821186066,0.03327814117074013,0.012293236740508515,0.04977613444692769,-4.098624611073479,0
179.73,2,1.784195368633695,0.04260802692391869,135.33724859329422,1.7678828200583363,0.11949427315007696,139.4358732043677,36.9247504235899,0.07999999821186066,0.020654868334531784,0.012293236740508515,0.04977613444692769,-4.098624611073479,0
179.83,2,1.7785537888770566,0.04817798692707926,135.45541984760538,1.761857564107802,0.12464676452007167,139.55404445867887,37.01076095801524,0.07999999821186066,0.0040096715092659,0.012293236740508515,0.04977613444692769,-4.098624611073479,0
179.93,2,1.7747895231828688,0.051880478966229104,135.47124034343543,1.757838295459819,0.12807074218526596,139.5698649545089,37.04892850916963,0.07999999821186066,0.01342855766415596,0.012293236740508515,0.04977613444692769,-4.098624611073479,0
180.03,2,1.7670403477418117,0.059490827604542065,135.55804546221594,1.7495650002845498,0.13510776665273921,139.65667007328943,37.112510094263115,0.07999999821186066,0.031380947679281235,0.012293236740508515,0.04977613444692769,-4.098624611073479,0
180.13,2,1.7613431589018982,0.06506372606026894,135.74233822604197,1.7434840674495378,0.14025921438435335,139.84096283711543,37.26592322763534,0.07999999821186066,0.15138094767928123,0.012293236740508515,0.04977613444692769,-4.098624611073479,0
180.22,2,1.7561450593659365,0.07010889871095116,136.000147232888,1.7379386659077423,0.1449199576299322,140.0987718439615,37.5462101840683,0.07999999821186066,0.24782466888427734,0.012293236740508515,0.04977613444692769,-4.098624611073479,0
180.33,2,1.7522081953956636,0.07649511588038506,136.6296909253357,1.7331643358450453,0.14887222780496506,140.71237118191758,38.20099810896924,0.07999999821186066,0.3173315227031708,0.015740143464822928,0.05992692077229103,-3.9986434758231453,0
180.43,2,1.7510424105001692,0.09132109154596238,137.50075454367357,1.72888881819018,0.1523253303739784,141.4993980194967,38.81073479751186,0.08014862984418869,0.34722307324409485,0.015740143464822928,0.05992692077229103,-3.9986434758231453,0
180.53,2,1.7477512703725906,0.09429449657503991,138.37304597074117,1.7253983456565198,0.15506199664849318,142.37168944656432,40.003911474154336,0.08003321290016174,0.3596923053264618,0.015740143464822928,0.05992692077229103,-3.9986434758231453,0
180.63,2,1.7446831978473636,0.09697449285332839,139.34830744548614,1.722150857942132,0.15752152355759486,143.3469509213093,40.85200855841717,0.08002229779958725,0.3652772605419159,0.015740143464822928,0.05992692077229103,-3.9986434758231453,0
180.72,2,1.7415014955759602,0.0996564381845652,140.4088366370891,1.718789881177259,0.15997507104838807,144.40748011291228,41.711465761758554,0.08094819635152817,0.3562508821487427,0.015740143464822928,0.05992692077229103,-3.9986434758231453,0
180.82,2,1.738206832157707,0.10091181199895077,141.50861650117366,1.7153352465393457,0.16240046348227774,145.52833378541345,43.005945358289694,0.08031094074249268,0.3564257323741913,0.015583377746633204,0.05626680738918913,-4.09862461107347,0
180.92,2,1.7348329552858972,0.09823989708494896,142.5334038096134,1.7118526312748745,0.16474652932561257,146.63202842068685,43.87233025813766,0.08169344067573547,0.34168311953544617,0.015583377746633204,0.05626680738918913,-4.09862461107347,0
181.03,2,1.7299443984029081,0.10138792247145942,143.44297050213265,1.7083210324963312,0.16703579487042478,147.49360179041807,45.13295905423752,0.08202622830867767,0.3279944062232971,0.00936815440024899,0.05282911726098887,-3.898662340572784,0
181.12,2,1.7212452875160367,0.10612212965175288,144.48102721761455,1.7042921224718026,0.16956363211186512,148.37968955818735,46.276787739537674,0.0810462236404419,0.2561374306678772,0.009139934662600808,0.0629239538088967,-3.898662340572806,0
181.24,2,1.7170673970813186,0.11123141305847774,145.34124332345954,1.6999762926850839,0.17217913307587077,149.23990566403234,46.97413553792606,0.08069641888141632,0.10613743066787719,0.009139934662600808,0.0629239538088967,-3.898662340572806,0
181.33,2,1.7121366171960366,0.12236434823689805,146.08718961626155,1.6950142496496547,0.17509298870675008,149.98585195683435,47.76559194761734,0.08099889755249023,0.02153710648417473,0.009139934662600808,0.0629239538088967,-3.898662340572806,0
181.43,2,1.705963633765716,0.1269387710276414,146.24468260919676,1.688582470551378,0.17880094960369372,150.1156772582242,47.959842798288975,0.08016958087682724,0.08646245300769806,0.009303984791495622,0.06016568579459395,-3.6987000700721735,0
181.53,2,1.6994344440526592,0.13392807944556243,146.84096259607514,1.6818516688354497,0.18263850655019784,150.5396626661473,48.28291557889934,0.08006218075752258,0.0659492164850235,0.009303984791495622,0.06016568579459395,-3.6987000700721735,0
181.63,2,1.6936638055689641,0.1376775756800836,147.22081867075795,1.675851171362517,0.18600793092233064,150.9195187408301,48.55099321009907,0.07837500423192978,0.1680387705564499,0.009303984791495622,0.06016568579459395,-3.6987000700721735,0
181.73,2,1.687630224017467,0.14151820443211574,147.77459382246485,1.6695823995821975,0.18945133562055763,151.47329389253704,49.09569200801941,0.07960882782936096,0.1821528971195221,0.009303984791495622,0.06016568579459395,-3.6987000700721735,0
181.83,2,1.682365243650598,0.14480161284577464,148.40804263186982,1.6641165741520982,0.19238826283144994,152.106742701942,49.58111906069472,0.07974158972501755,0.267111599445343,0.009303984791495622,0.06016568579459395,-3.6987000700721735,0
181.94,2,1.6777785286018387,0.14757784525549497,149.2770431786556,1.6593603190245179,0.1948628251144939,152.97574324872775,50.15100293826286,0.08002648502588272,0.26295721530914307,0.009303984791495622,0.06016568579459395,-3.6987000700721735,0
182.03,2,1.6733115691654048,0.1501833032643752,150.235347316473,1.6547345866679681,0.19717469410047808,153.93404738654516,51.158658655766665,0.08004461228847504,0.25048527121543884,0.009303984791495622,0.06016568579459395,-3.6987000700721735,0
182.13,2,1.6689954669941085,0.1504323024387532,151.16355940595105,1.650348661330582,0.19927669473696114,154.9065218210441,52.25686565738243,0.08004076033830643,0.2770072817802429,0.008645326900072062,0.05632873913291557,-3.8986623405728027,0
182.23,2,1.6645439252852068,0.1452070568021373,151.96005551251747,1.6460236135337418,0.2012604958129811,155.85871785309027,53.02087356722779,0.08001703023910522,0.23063592612743378,0.008645326900072062,0.05632873913291557,-3.8986623405728027,0
182.32,2,1.6602954863448596,0.14769999318493088,152.761282743965,1.6416259042563224,0.20319552356311804,156.6599450845378,53.764721718587836,0.08000389486551285,0.17571943998336792,0.008752202062493419,0.06006838787826179,-3.898662340572774,0
182.43,2,1.65547186890893,0.15212930395732702,153.48502053932347,1.6365893128941558,0.2053364079931178,157.38368287989627,54.716931642803445,0.07999850064516068,0.12633216381072998,0.005215605664593861,0.06255538694812762,-3.998643475823083,0
182.53,2,1.6494783956879673,0.15616508773248672,154.19710350268835,1.6311420885480963,0.20756611072783177,158.11814148023618,55.51143494816603,0.07999788224697113,0.1258770376443863,0.005215605664593861,0.06255538694812762,-3.998643475823083,0
182.63,2,1.6413051078094567,0.15853641160461868,154.62722320476416,1.625413741027858,0.2098365711704201,158.62586668058725,55.97822953306255,0.07999871671199799,0.12686267495155334,0.005215605664593861,0.06255538694812762,-3.998643475823083,0
182.73,2,1.6355872219355405,0.16121374573899966,155.22001023037808,1.619523076040281,0.2121086633644974,159.21865370620117,56.64218735492441,0.07999952882528305,0.0918581411242485,0.005215605664593861,0.06255538694812762,-3.998643475823083,0
182.83,2,1.6297062531329722,0.163890549936767,155.81868834167452,1.6134697620705705,0.214368854673673,159.8173318174976,57.051021569129276,0.07993107289075851,0.07100832462310791,0.005215605664593861,0.06255538694812762,-3.998643475823083,0
182.93,2,1.6233625201972697,0.1667227748586929,156.18887863083592,1.6069439725428383,0.21675181850210934,160.187522106659,57.38871878442319,0.07998469471931458,0.08239299803972244,0.005215605664593861,0.06255538694812762,-3.998643475823083,0
183.03,2,1.6168835850480394,0.1704514417173565,156.68360055211585,1.6002244425791041,0.21914197660521445,160.65996087956088,57.84334041209727,0.07998974621295929,0.08930859714746475,0.00566118809878012,0.06367254458106127,-3.8986623405727445,0
183.12,2,1.6107565400394446,0.17620335941015675,157.09972443386823,1.593729752041319,0.22140404369826178,160.99838677444097,58.17314486546412,0.08000148087739944,0.08979872614145279,0.00566118809878012,0.06367254458106127,-3.8986623405727445,0
183.24,2,1.6044978233953084,0.1788096592303364,157.63829991382988,1.5873083113705673,0.2235787695421955,161.53696225440262,58.68599067212793,0.08000194281339645,0.1497987261414528,0.00566118809878012,0.06367254458106127,-3.8986623405727445,0
183.32,2,1.598365615530513,0.18130937835249034,158.06944074781646,1.5810203333555735,0.22565576291475947,161.9681030883892,59.060762021107536,0.08000168949365616,0.1323098987340927,0.00566118809878012,0.06367254458106127,-3.8986623405727445,0
183.43,2,1.5924717066330911,0.1827248318925328,158.73571483155197,1.5749631312545098,0.22758749418123805,162.68346017828267,59.72064636535796,0.08000067621469498,0.13441962003707886,0.005317905632206522,0.06544772019266198,-4.098624611073399,0
183.53,2,1.5868593292284325,0.1820723562176121,159.17903020240456,1.569161058733517,0.22936467041163347,163.27765481347797,60.46498557858054,0.080000139772892,0.08753545582294464,0.005317905632206522,0.06544772019266198,-4.098624611073399,0
183.63,2,1.5810265621927284,0.1842627901920889,159.69459864146282,1.5631866510214976,0.23113261407020982,163.79322325253622,60.90508324380303,0.07999993115663528,0.06739351153373718,0.005317905632206522,0.06544772019266198,-4.098624611073399,0
183.72,2,1.5745528393632664,0.18662367611515307,160.20382853360843,1.5565607439633757,0.23302476239197342,164.3024531446818,61.40688799906498,0.0799999088048935,0.0642901360988617,0.005317905632206522,0.06544772019266198,-4.098624611073399,0
183.83,2,1.567814373346846,0.18903343234113468,160.52605822040653,1.5496672778676468,0.23494673390844975,164.62468283147993,61.70562097624099,0.07999994605779648,0.10440326482057571,0.005317905632206522,0.06544772019266198,-4.098624611073399,0
183.93,2,1.561133678736905,0.19136653107085097,160.8958675694568,1.542836914407576,0.23679637310494878,164.9944921805302,62.01238273852242,0.07999997586011887,0.06242647394537926,0.005317905632206522,0.06544772019266198,-4.098624611073399,0
184.03,2,1.5539797435996128,0.1930254306029266,161.37775286935386,1.5362223754008317,0.23854276176771963,165.47637748042726,62.532782179514996,0.07999999076128006,0.10704553127288818,0.002135325570755644,0.06285081803785646,-4.098624611073401,0
184.13,2,1.5447906571374908,0.19321646800450681,161.67295088811935,1.5293922995561209,0.24029121657052144,165.77157549919275,62.84942554611733,0.07999999821186066,0.07677417993545532,0.002135325570755644,0.06285081803785646,-4.098624611073401,0
184.23,2,1.5384376735339182,0.1952970557310394,162.1545023437559,1.5229068568265316,0.24191241321383078,166.25312695482933,63.405736245198305,0.07999999821186066,0.11577528715133667,0.002135325570755644,0.06285081803785646,-4.098624611073401,0
184.33,2,1.5319072483623173,0.19736469998222367,162.65280071548997,1.5162453514514058,0.24350801711471043,166.7514253265634,63.93639295117165,0.07999999821186066,0.07320727407932281,0.002135325570755644,0.06285081803785646,-4.098624611073401,0
184.43,2,1.5254838415441323,0.1993372598844333,163.1854736611063,1.5096973867414252,0.24501642882129396,167.2840982721797,64.29970156758446,0.07999999821186066,0.0668344795703888,0.002135325570755644,0.06285081803785646,-4.098624611073401,0
184.52,2,1.518708699965095,0.20134756008053212,163.61521119197673,1.502795889401693,0.24653734458625598,167.71383580305013,64.77408453835525,0.07999999821186066,0.04770655930042267,0.002135325570755644,0.06285081803785646,-4.098624611073401,0
184.63,2,1.5117835430191857,0.20336616960329207,164.01518969031116,1.495744166462884,0.24805582630334116,168.11381430138456,65.0470372999124,0.07999999821186066,0.056107379496097565,0.002135325570755644,0.06285081803785646,-4.098624611073401,0
184.73,2,1.5067081699848475,0.20750616913268943,164.20325622516935,1.4885096804879312,0.249569533135734,168.27193006647045,65.40759349996107,0.07999999821186066,0.031073089689016342,0.009169338657637834,0.06728283005548993,-3.998643475823091,0
184.83,2,1.5042767793176925,0.21444048708627064,164.68808731567725,1.4812061792461684,0.2510575426128747,168.68673079150037,65.60576357288437,0.07999999821186066,0.0824052095413208,0.009169338657637834,0.06728283005548993,-3.998643475823091,0
184.92,2,1.4971722877483578,0.21638190206636387,164.84841356818058,1.4739836017194152,0.25249881512483074,168.8470570440037,65.91800360012593,0.07999999821186066,0.08060088008642197,0.009169338657637834,0.06728283005548993,-3.998643475823091,0
185.03,2,1.4899701255498696,0.2182850920743433,165.37731797794376,1.4666662568594329,0.25389514486378684,169.37596145376688,66.23942096916535,0.07999999821186066,0.05971574783325195,0.009169338657637834,0.06728283005548993,-3.998643475823091,0
185.13,2,1.483537720884251,0.21994524067810636,165.80133806415003,1.46013374368387,0.25510270222472164,169.79998153997312,66.69498064799234,0.07999999821186066,0.09431923180818558,0.009169338657637834,0.06728283005548993,-3.998643475823091,0
185.24,2,1.4789785850504833,0.22108452311580948,166.15190554397742,1.4555062607298277,0.2559212897482343,170.1505490198005,66.83672750979017,0.07999999821186066,0.09431923180818558,0.009169338657637834,0.06728283005548993,-3.998643475823091,0
185.33,2,1.4700578017193087,0.22324150321928685,166.79454457024954,1.446456780865889,0.25745094742259506,170.79318804607266,67.54185174539705,0.07999999821186066,0.05857438966631889,0.009169338657637834,0.06728283005548993,-3.998643475823091,0
185.43,2,1.4631943207697435,0.2248215349521661,167.12980738064667,1.4394998275529092,0.2585485227607687,171.12845085646975,67.84486088439687,0.07999999821186066,0.0962153822183609,0.009169338657637834,0.06728283005548993,-3.998643475823091,0
185.52,2,1.456402258572587,0.22634506697935372,167.75449515543946,1.432618059023595,0.25959471616394597,171.75313863126254,68.35679552240721,0.07999999821186066,0.058932606130838394,-0.005093212000844197,0.07192393323543742,-4.1986057463237145,0
185.63,2,1.4470018275745447,0.22772993634333139,168.1032191159517,1.4256586509434832,0.26056778630183663,172.13871825805998,68.67379940219553,0.07999999821186066,0.04292074218392372,-0.005093212000844197,0.07192393323543742,-4.1986057463237145,0
185.72,2,1.428401434840668,0.2289779489922287,168.3720000649199,1.4181489772482905,0.2615842975375895,172.5706058112436,69.01219247245082,0.07999999821186066,0.10187166929244995,-0.005093212000844197,0.07192393323543742,-4.1986057463237145,0
185.83,2,1.4213830839251627,0.2304106047396449,168.65288908409687,1.4110445714130329,0.26249926736864226,172.8514948304206,69.31943891936308,0.07999999821186066,0.10169564932584763,-0.005093212000844197,0.07192393323543742,-4.1986057463237145,0
185.93,2,1.4147399368896272,0.23170172702538758,169.4027644696815,1.4043247247284503,0.26330055372706257,173.60137021600522,69.66279609749516,0.07999999821186066,0.09867426007986069,-0.005093212000844197,0.07192393323543742,-4.1986057463237145,0
186.03,2,1.4083333517208618,0.2328825611737718,169.62793094831076,1.3978488796676511,0.2640091675564202,173.82653669463448,70.2603410579616,0.07999999821186066,0.07151366025209427,-0.005093212000844197,0.07192393323543742,-4.1986057463237145,0
186.13,2,1.401660557597561,0.23406903110056076,170.32220754660315,1.3911071274706923,0.2647039118359464,174.52081329292687,70.6165862480617,0.07999999821186066,0.10281389951705933,-0.005093212000844197,0.07192393323543742,-4.1986057463237145,0
186.23,2,1.3948504916528155,0.23521081601225216,170.64558474131954,1.3842317434197704,0.2653440408141055,174.84419048764326,71.11403995243737,0.07999999821186066,0.02781389951705933,-0.0016855539430305066,0.08079835802093414,-4.298586881574044,0
186.33,2,1.3889849417065392,0.23805592528881142,171.20793460716624,1.3773016233982607,0.26593420022374686,175.43368148177166,71.553427244053,0.07999999821186066,0.06365062296390533,-0.0016855539430305066,0.08079835802093414,-4.298586881574044,0
186.43,2,1.3840636177695298,0.2439432238334629,171.22791414778436,1.3696226530784752,0.2665535636927687,175.5265010293584,71.75791676853304,0.07999999821186066,0.02671099826693535,-0.0016855539430305066,0.08079835802093414,-4.298586881574044,0
186.53,2,1.3766812389348253,0.2450426020835742,171.6341293535549,1.3621786380616823,0.2670965095700698,175.93271623512894,72.06766302370934,0.07999999821186066,0.04796929657459259,-0.0016855539430305066,0.08079835802093414,-4.298586881574044,0
186.63,2,1.3688018367765575,0.24619278548842177,171.92984405444602,1.3542351898003433,0.26765286373418706,176.22843093602006,72.22576429181953,0.07999999821186066,0.044615570455789566,-0.0016855539430305066,0.08079835802093414,-4.298586881574044,0
186.73,2,1.3613327592481033,0.2472359147075172,172.09556725523038,1.3467089360720794,0.2681332203845902,176.39415413680442,72.53700268792738,0.07999999821186066,0.039223916828632355,-0.0016855539430305066,0.08079835802093414,-4.298586881574044,0
186.83,2,1.3537169613975868,0.24826439884623636,172.49041434543958,1.3390374724578895,0.2685879758570013,176.78900122701364,72.72166177825142,0.07999999821186066,0.03956104442477226,-0.0016855539430305066,0.08079835802093414,-4.298586881574044,0
186.92,2,1.346125471985028,0.2492601129825956,172.72472685892342,1.3313927051486993,0.2690118755275272,177.02331374049749,73.01467217419248,0.07999999821186066,0.09113176167011261,-0.0016855539430305066,0.08079835802093414,-4.298586881574044,0
187.03,2,1.338645304449939,0.25020020872686816,172.87634407757318,1.3238631153949239,0.26938865729625033,177.17493095914722,73.24885468103766,0.07999999821186066,0.13273702561855316,-0.0016855539430305066,0.08079835802093414,-4.298586881574044,0
187.13,2,1.3318080479511358,0.25101476719160665,173.53783992784926,1.3169840376953197,0.2696884437631097,177.83642680942333,73.77592590463698,0.07999999821186066,0.06667985022068024,-0.0016855539430305066,0.08079835802093414,-4.298586881574044,0
187.22,2,1.32540006403646,0.25170869996763423,173.93984778034306,1.3105420664224101,0.26990011961765326,178.23843466191713,74.16717393515921,0.07999999821186066,0.12667985022068023,-0.0016855539430305066,0.08079835802093414,-4.298586881574044,0
187.33,2,1.3157706625463161,0.2516452309955668,174.54141376039672,1.3034798266803702,0.27009055771519064,178.84000064197076,74.6543159421655,0.07999999821186066,0.22590868175029755,-0.012098580153475324,0.0776651439870454,-4.298586881574011,0
187.43,2,1.3019910408885136,0.24982308325372926,175.33237696076216,1.297489114877154,0.27017010374600986,179.63096384233614,75.21038712687363,0.07999999821186066,0.15090868175029754,-0.012098580153475324,0.0776651439870454,-4.298586881574011,0
187.52,2,1.2967141620946243,0.2502237970630261,175.90941418065455,1.2921970448798223,0.2701741664671924,-179.79199893777144,76.10091108634913,0.07999999821186066,0.14400646090507507,-0.011750360148550515,0.08421178227407851,-4.298586881573963,0
187.63,2,1.2908713815056723,0.251996260469779,176.63901520727717,1.2862680932855108,0.27012178511052976,-179.06239791114885,76.59577270435905,0.07999999821186066,0.12900646090507506,-0.011750360148550515,0.08421178227407851,-4.298586881573963,0
187.73,2,1.2852019658829612,0.2574396346777195,178.00207169017574,1.2803198329668453,0.26995249611492006,-177.6993414282503,77.11628351255504,0.07999999821186066,0.1855798190832138,-0.011750360148550515,0.08421178227407851,-4.298586881573963,0
187.83,2,1.2791660986864064,0.25762935301747625,178.49406199088543,1.2742867245969483,0.26968926758309814,-177.20735112754062,77.88590475119796,0.07999999821186066,0.2960968017578125,-0.011750360148550515,0.08421178227407851,-4.298586881573963,0
187.93,2,1.2752870628152284,0.256120161379154,179.57492164960217,1.2686827332256003,0.26937475878990247,-176.12649146882387,78.4011272165858,0.07999999821186066,0.2960968017578125,-0.004846374992155673,0.07777458743745702,-4.298586881573942,0
188.03,2,1.274983509154213,0.25127148912905883,-178.8448415910427,1.263225390454948,0.2689373907820118,-174.54625470946874,79.40160040919558,0.07999999821186066,0.17009721994400023,-0.004846374992155673,0.07777458743745702,-4.298586881573942,0
188.13,2,1.27008012054691,0.2511040778648417,-177.30790400959538,1.2583483433318858,0.2684029212084664,-173.00931712802142,80.15545733315446,0.07999999821186066,0.15509721994400022,-0.004846374992155673,0.07777458743745702,-4.298586881573942,0
188.23,2,1.2641928255186101,0.2508054849251286,-176.84744993032885,1.2524999901425495,0.26766389112337524,-172.5488630487549,81.01756851735061,0.07165117561817169,0.18037199974060059,-0.014654589879155166,0.07928063587370542,-4.198605746323591,0
188.33,2,1.254595476254975,0.25172811797856465,-175.86435155748123,1.2464865329242028,0.26683496600331347,-171.60075922840693,81.76686687596272,0.0666017010807991,0.10537199974060059,-0.014654589879155166,0.07928063587370542,-4.198605746323591,0
188.43,2,1.2422710531076777,0.2536550455304872,-174.4812226347545,1.2407857447711743,0.2659308976287947,-170.28261688843088,82.3239748794727,0.07298552989959717,0.05228163301944733,-0.014654589879155166,0.07928063587370542,-4.198605746323591,0
188.53,2,1.2357732447562357,0.2530197176826579,-174.21249225778388,1.234351889700962,0.26482154476257225,-170.01388651146027,82.76086084773105,0.07773231714963913,0.02203097939491272,-0.014654589879155166,0.07928063587370542,-4.198605746323591,0
188.63,2,1.228835981237342,0.2522810674441285,-173.64961090001148,1.2274873234851784,0.26357697255712215,-169.45100515368787,83.14027431552562,0.07999689131975174,0.0026523154228925705,-0.02629346143391933,0.08803185041222701,-4.698511422575252,0
188.73,2,1.2179794709851395,0.25080139512780375,-173.76982330269507,1.2198058794185822,0.2621499979049377,-169.41898924733815,83.30833054499254,0.08059539645910263,0.02521621622145176,-0.02629346143391933,0.08803185041222701,-4.698511422575252,0
188.83,2,1.2029752669070721,0.24855264576046676,-173.984426762361,1.2119891114055734,0.26067398422289595,-169.28591533978576,83.40229308915026,0.08045583963394165,-0.040943898260593414,-0.02629346143391933,0.08803185041222701,-4.698511422575252,0
188.93,2,1.1952183045534164,0.24771065920571383,-173.7756048210618,1.2043271855261133,0.25919943407723256,-169.07709339848657,83.43768196474238,0.080209881067276,-0.045332714915275574,-0.02629346143391933,0.08803185041222701,-4.698511422575252,0
189.03,2,1.187695927774293,0.24690844901314352,-173.97468253659858,1.1968957987140927,0.2577837421438371,-169.27617111402336,83.30882420067502,0.0800468921661377,-0.055802930146455765,-0.02629346143391933,0.08803185041222701,-4.698511422575252,0
189.13,2,1.1802799265792892,0.24615025512670063,-174.29834264640985,1.1895668245219129,0.25642063210275395,-169.59983122383463,83.0749973312426,0.07998384535312653,-0.014672314748167992,-0.02629346143391933,0.08803185041222701,-4.698511422575252,0
189.23,2,1.1728844600356816,0.2454322951811923,-174.58933487446748,1.182255020307418,0.2550993028440641,-169.8908234518922,82.97238325622362,0.07997528463602066,-0.1182243674993515,-0.02629346143391933,0.08803185041222701,-4.698511422575252,0
189.32,2,1.1657112755147219,0.24476779506895535,-175.042324087346,1.1751603721054715,0.25384946146952214,-170.34381266477075,82.76577633632424,0.07998480647802353,-0.043224367499351504,-0.02629346143391933,0.08803185041222701,-4.698511422575252,0
189.43,2,1.159043212025014,0.24421649197084566,-175.57603357506443,1.168559875219794,0.25275381249702966,-170.87752215248918,82.31688965510932,0.08001692593097687,-0.026641299948096275,-0.02629346143391933,0.08803185041222701,-4.698511422575252,0
189.54,2,1.1513958401041229,0.24363959791485068,-175.7075076893575,1.160985457076232,0.251552440849805,-171.00899626678225,82.17341379350034,0.0800044983625412,0.016345802694559097,-0.02629346143391933,0.08803185041222701,-4.698511422575252,0
189.63,2,1.1439556730632026,0.24309210621437743,-175.7295847626232,1.1536151390799712,0.25039734544557546,-171.03107334004795,82.12130888852374,0.08000438660383224,0.02639888785779476,-0.01894113337130078,0.0859207327434828,-4.398568016824242,0
189.73,2,1.1371671110053607,0.24336656482582247,-175.55569500273768,1.1454121399102974,0.24908824642137103,-170.92570471980255,82.27983559394242,0.08000045269727707,0.020061299204826355,-0.01894113337130078,0.0859207327434828,-4.398568016824242,0
189.83,2,1.134209163494734,0.24575479425291152,-175.07274157249483,1.1374955570156464,0.24780313184156497,-170.6741735556706,82.38227817859573,0.07999982684850693,0.031802013516426086,-0.01894113337130078,0.0859207327434828,-4.398568016824242,0
189.92,2,1.1263437056265195,0.24507096347024962,-174.85283889092787,1.1297057113141855,0.2465180808840524,-170.45427087410363,82.57239609208693,0.07999957352876663,-0.006317689083516598,-0.01894113337130078,0.0859207327434828,-4.398568016824242,0
190.05,2,1.118571641742856,0.24436024405072343,-174.77175830123008,1.1220110467211544,0.2452133832540277,-170.37319028440584,82.67746942760023,0.07999975234270096,-0.0013651764020323753,-0.01894113337130078,0.0859207327434828,-4.398568016824242,0
190.13,2,1.1106352404999795,0.24363165966022524,-174.81233176097632,1.114153898934803,0.24387826956394712,-170.4137637441521,82.69621032135116,0.0799999013543129,-0.026544177904725075,-0.01894113337130078,0.0859207327434828,-4.398568016824242,0
190.23,2,1.1026010152685861,0.24290026975462206,-174.82972283151904,1.1061994304504081,0.24253285609829875,-170.4311548146948,82.65362879800641,0.07999999076128006,-0.02575090527534485,-0.01894113337130078,0.0859207327434828,-4.398568016824242,0
190.33,2,1.09471746026762,0.24219658664278398,-174.9289352920231,1.0983930634749322,0.241226623339813,-170.53036727519887,82.51405374970912,0.08000001311302185,-0.07838217169046402,-0.01894113337130078,0.0859207327434828,-4.398568016824242,0
190.43,2,1.0874305974870022,0.2415757249823286,-175.25870276414224,1.0911752793464986,0.24004873087430198,-170.86013474731803,82.29637955789066,0.08000001311302185,-0.09490405768156052,-0.01894113337130078,0.0859207327434828,-4.398568016824242,0
190.52,2,1.0806501732721705,0.24104036494532827,-175.85291047382407,1.084455884683992,0.2389949290562296,-171.45434245699983,81.848353245406,0.08000000566244125,-0.06307599693536758,-0.01894113337130078,0.0859207327434828,-4.398568016824242,0
190.63,2,1.0735689888663704,0.24054914567606847,-176.26136654321633,1.077433230331879,0.23796207146188977,-171.86279852639208,81.60223213254609,0.08000000566244125,-0.054021742194890976,-0.01894113337130078,0.0859207327434828,-4.398568016824242,0
190.73,2,1.066252339088038,0.24008822094738574,-176.5880248231238,1.0701734807178191,0.23694136037375488,-172.18945680629955,81.29118795952098,0.08000000566244125,-0.0259209256619215,-0.01894113337130078,0.0859207327434828,-4.398568016824242,0
190.83,2,1.058550129061241,0.23964513829887094,-176.71072288267615,1.0625279380752755,0.23590886861526283,-172.3121548658519,81.16173279937134,0.08000000566244125,0.08731760829687119,-0.01894113337130078,0.0859207327434828,-4.398568016824242,0
190.93,2,1.0485998827617715,0.2380553574738158,-176.62715894500775,1.055128812040297,0.2349068169342536,-172.15309238806793,81.39300232613307,0.08000000566244125,0.014655180275440216,-0.029656376760571576,0.08692176299928409,-4.698511422575227,0
191.03,2,1.033631754208333,0.2341735923140605,-176.60856169451662,1.0476531850041677,0.23385370351251103,-171.9100502719414,81.50733576454985,0.08000000566244125,0.020308533683419228,-0.029656376760571576,0.08692176299928409,-4.698511422575227,0
191.13,2,1.0256359704749838,0.2336979172060706,-176.48151818962327,1.0397232347719578,0.23272467134577401,-171.78300676704808,81.63822906955643,0.08000000566244125,0.05899186432361603,-0.029656376760571576,0.08692176299928409,-4.698511422575227,0
191.23,2,1.0184465685062036,0.23324264096129005,-176.34155559741382,1.0325952855464917,0.23168202233151533,-171.64304417483862,81.83290502266377,0.08000000566244125,0.09809818118810654,-0.029656376760571576,0.08692176299928409,-4.698511422575227,0
191.33,2,1.0114421795186892,0.23276838638902356,-175.79047225187085,1.0256532821334363,0.23063561366332616,-171.09196082929566,82.26530769073705,0.08000000566244125,0.1726076453924179,-0.029656376760571576,0.08692176299928409,-4.698511422575227,0
191.43,2,1.005184158604689,0.2322802135271494,-175.2251634441972,1.0194562787189012,0.22963647043867225,-170.52665202162194,82.71853043793094,0.08000000566244125,0.05800676345825195,-0.029656376760571576,0.08692176299928409,-4.698511422575227,0
191.53,2,0.9988356003578527,0.2317242567741011,-174.81218102356348,1.0131745945766595,0.2285623549598511,-170.11366960098823,83.2287065186176,0.08000000566244125,0.033297084271907806,-0.029656376760571576,0.08692176299928409,-4.698511422575227,0
191.65,2,0.9913450973351654,0.23102314397881846,-174.6007117827733,1.0057666932575828,0.22725003155023754,-169.9022003601981,83.39545936797145,0.08000000566244125,0.07783766090869904,-0.029656376760571576,0.08692176299928409,-4.698511422575227,0
191.73,2,0.9839843214494752,0.23030370403138228,-174.16098103484512,0.9984895843544087,0.22593006886566322,-169.46246961226993,83.75754715992768,0.08000000566244125,0.10351459681987762,-0.019920839792514765,0.09450129094364945,-4.798492557825539,0
191.83,2,0.9798441073332553,0.23109068016468384,-173.85127730496387,0.9918756616700872,0.22468185243067376,-169.12719281959616,84.11217210534075,0.08000000566244125,0.0940498560667038,-0.019920839792514765,0.09450129094364945,-4.798492557825539,0
191.93,2,0.9806007921951656,0.23469191412417897,-173.4622916119118,0.9852876906100282,0.22339452463163387,-168.66379905408624,84.60844738393921,0.08000000566244125,0.04870908707380295,-0.019920839792514765,0.09450129094364945,-4.798492557825539,0
192.03,2,0.9735664184866093,0.23386439598927708,-173.22575435942883,0.9783471951933808,0.2219814701009392,-168.42726180160327,84.8636904539509,0.08000000566244125,0.16870908707380294,-0.019920839792514765,0.09450129094364945,-4.798492557825539,0
192.13,2,0.9665663203782694,0.23299924541786635,-172.65559246806316,0.971444003257538,0.22053378224283218,-167.85709991023765,85.36351493554729,0.08000000566244125,0.13549582660198212,-0.019920839792514765,0.09450129094364945,-4.798492557825539,0
192.23,2,0.9605276461937604,0.2321910608358476,-172.1653180222327,0.9654941002151705,0.2192232853860281,-167.36682546440716,85.82525114914934,0.08000000566244125,0.17583034932613373,-0.019920839792514765,0.09450129094364945,-4.798492557825539,0
192.33,2,0.9543941525437658,0.2313225723876058,-171.6099873713942,0.9594547545602599,0.2178447642219662,-166.81149481356866,86.49216066854295,0.08000000566244125,0.14310772716999054,-0.019920839792514765,0.09450129094364945,-4.798492557825539,0
192.44,2,0.9485655116244553,0.23042038226699393,-170.77531628308986,0.9537220123453263,0.21645816093439335,-165.97682372526432,87.00025979791552,0.08000000566244125,0.1405848264694214,-0.019920839792514765,0.09450129094364945,-4.798492557825539,0
192.53,2,0.9427124111435965,0.22944538907298873,-170.2818795932732,0.9479709863935775,0.21499696366170962,-165.48338703544766,87.50754626302059,0.08000000566244125,0.0488697849214077,-0.019920839792514765,0.09450129094364945,-4.798492557825539,0
192.63,2,0.9351333585824253,0.227439764996836,-169.78636762955176,0.9414659121154416,0.21328362220141664,-164.98787507172622,88.03322296350977,0.08000000566244125,0.1498228907585144,-0.023479234216771717,0.09135718497003983,-4.798492557825531,0
192.73,2,0.9257655692599032,0.22390196245783334,-169.46169167357502,0.9348301717054484,0.21148608709776073,-164.66319911574948,88.56580975437589,0.08000000566244125,0.147344708442688,-0.023479234216771717,0.09135718497003983,-4.798492557825531,0
192.83,2,0.9195136495642433,0.2227072931165875,-168.79368250442346,0.9287001006429902,0.20977262175375505,-163.99518994659795,88.9948469116008,0.08000000566244125,0.1304839849472046,-0.023479234216771717,0.09135718497003983,-4.798492557825531,0
192.93,2,0.9136109102240056,0.22150025464409165,-168.11836023165253,0.9229190207778564,0.2080760401359664,-163.319867673827,89.72219362347423,0.08000000566244125,0.09938216209411621,-0.023479234216771717,0.09135718497003983,-4.798492557825531,0
193.03,2,0.9073746809328674,0.2201688401297905,-167.73672466519935,0.9168160240820399,0.20622762143031698,-162.9382321073738,90.12200258353104,0.08000000566244125,0.1470072716474533,-0.023479234216771717,0.09135718497003983,-4.798492557825531,0
193.13,2,0.9010490333816837,0.2187610112330951,-167.06998999537095,0.9106303147190914,0.2042955761872398,-162.2714974375454,90.7716501683,0.08000000566244125,0.18720152974128723,-0.023479234216771717,0.09135718497003983,-4.798492557825531,0
193.23,2,0.8917324274886845,0.21998714574291936,-166.28781453085628,0.9051348684981799,0.20249503818983702,-161.48932197303074,91.34589710713284,0.08000000566244125,0.11975027620792389,-0.033794251483923704,0.09851562656738803,-4.798492557825527,0
193.33,2,0.879292029527634,0.22313931210510002,-165.7337462085047,0.8994609948949411,0.20056803890730454,-160.93525365067916,92.06824613929929,0.08000000566244125,0.08847703039646149,-0.033794251483923704,0.09851562656738803,-4.798492557825527,0
193.43,2,0.8729285051494107,0.2214800810728983,-165.0237815141218,0.8932585716582931,0.19838230421984765,-160.22528895629625,92.46005196951052,0.08000000566244125,0.087227962911129,-0.033794251483923704,0.09851562656738803,-4.798492557825527,0
193.52,2,0.8663422325448578,0.21970433230697634,-164.69446838215265,0.8868439278122369,0.19606182693501858,-159.8959758243271,92.83131438612958,0.08000000566244125,0.05545628070831299,-0.033794251483923704,0.09851562656738803,-4.798492557825527,0
193.63,2,0.8594732482096111,0.21779733969153883,-164.3211102119219,0.8801585418843927,0.19358691650654217,-159.5226176540964,93.26844206299981,0.08000000566244125,0.034055620431900024,-0.03378531762212012,0.09263150186981318,-4.798492557825516,0
193.73,2,0.8521368375945085,0.21380374867802027,-164.10232352316677,0.8730179923773547,0.190911407343537,-159.30383096534123,93.55442025412243,0.08000000566244125,0.02753893844783306,-0.03378531762212012,0.09263150186981318,-4.798492557825516,0
193.83,2,0.844985142538767,0.20779587978362274,-164.022055438271,0.8660567353829853,0.1882713113817862,-159.2235628804455,93.70782173178647,0.08000000566244125,0.015418222174048424,-0.03378531762212012,0.09263150186981318,-4.798492557825516,0
193.93,2,0.836998279877295,0.2054915874137055,-163.87330241258735,0.8582906239952396,0.18530698137107557,-159.0748098547618,93.89241333551901,0.08000000566244125,0.05236296355724335,-0.03378531762212012,0.09263150186981318,-4.798492557825516,0
194.03,2,0.8296296697763349,0.2033456873720234,-163.5325093621382,0.8511273484543945,0.18255220636487382,-158.73401680431266,94.09848202724274,0.08000000566244125,0.07138080894947052,-0.03378531762212012,0.09263150186981318,-4.798492557825516,0
194.13,2,0.8228219316843829,0.20131791534434643,-163.32949900878955,0.8445130974996555,0.17996206319651864,-158.53100645096401,94.50297482681874,0.08000000566244125,0.006314935628324747,-0.03378531762212012,0.09263150186981318,-4.798492557825516,0
194.23,2,0.8155448117438349,0.19912154919490005,-163.17408551502712,0.8374452130237009,0.1771646522638677,-158.3755929572016,94.60299240566398,0.08000000566244125,-0.014013973996043205,-0.03378531762212012,0.09263150186981318,-4.798492557825516,0
194.33,2,0.8078656977826961,0.19680155101203226,-163.1578388475355,0.8299870855124853,0.17421041516723562,-158.35934628970998,94.61036558270688,0.08000000566244125,0.007345337420701981,-0.03378531762212012,0.09263150186981318,-4.798492557825516,0
194.43,2,0.8002239937372994,0.19448940764963268,-163.11645317635347,0.8225655797290168,0.1712671347606718,-158.31796061852793,94.66132498422049,0.08000000566244125,0.03928256779909134,-0.03378531762212012,0.09263150186981318,-4.798492557825516,0
194.53,2,0.7927990951193702,0.19221716127800986,-162.87296974874465,0.8153567820349584,0.16838174763482222,-158.07447719091917,94.8635529376897,0.08000000566244125,-0.03933630883693695,-0.03378531762212012,0.09263150186981318,-4.798492557825516,0
194.63,2,0.7854739398564392,0.18996971221825956,-163.054741863345,0.8082453037660166,0.16552941460156925,-158.25624930551945,94.80115174951607,0.08000000566244125,-0.04847567155957222,-0.03378531762212012,0.09263150186981318,-4.798492557825516,0
194.73,2,0.7782357830202512,0.18777903003806418,-163.23857318455666,0.8012157703578281,0.16274092704322454,-158.44008062673112,94.57157236818776,0.08000000566244125,-0.07718837261199951,-0.03378531762212012,0.09263150186981318,-4.798492557825516,0
194.83,2,0.771776949350507,0.18585788990272806,-163.62332684444615,0.7949402810052391,0.1602862284510217,-158.82483428662061,94.34006871262926,0.08000000566244125,-0.044030144810676575,-0.033234452633456965,0.08842278093685707,-4.598530287324851,0
194.93,2,0.7647509931022897,0.1833577814730739,-163.8751492889161,0.7880412426766042,0.15763464522143894,-159.13780683757292,94.06857385744468,0.08000000566244125,-0.04331453889608383,-0.033234452633456965,0.08842278093685707,-4.598530287324851,0
195.03,2,0.7575819622197165,0.18024180447238777,-164.01094044048725,0.7809092864521424,0.15492585780640586,-159.41241015316237,93.92463343594558,0.08000000566244125,0.0030597252771258354,-0.033234452633456965,0.08842278093685707,-4.598530287324851,0
195.13,2,0.7500176033154622,0.17807588965429003,-163.98420212511553,0.7735429263672527,0.15216045517182053,-159.38567183779068,93.88572991948497,0.08000000566244125,-0.0459672175347805,-0.033234452633456965,0.08842278093685707,-4.598530287324851,0
195.23,2,0.7425895955981527,0.17595693637949517,-164.11930736772536,0.7663087134815094,0.1494527946404914,-159.5207770804005,93.75787154155341,0.08000000566244125,-0.06979156285524368,-0.033234452633456965,0.08842278093685707,-4.598530287324851,0
195.33,2,0.7355737507600724,0.17399128360920818,-164.59655014918079,0.7594730460801731,0.14693098561051615,-159.9980198618559,93.42482368907147,0.08000000566244125,-0.10818091034889221,-0.033234452633456965,0.08842278093685707,-4.598530287324851,0
195.43,2,0.7290668687705337,0.17223345215144964,-165.21776377475436,0.7531280414110668,0.14465713416227097,-160.6192334874295,93.09420003547753,0.08000000566244125,-0.09337666630744934,-0.033234452633456965,0.08842278093685707,-4.598530287324851,0
195.53,2,0.7225891183571597,0.1705440774886116,-165.6992469782223,0.746806586130735,0.14245385471831196,-161.10071669089746,92.58897757389934,0.08000000566244125,-0.09458255767822266,-0.033234452633456965,0.08842278093685707,-4.598530287324851,0
195.63,2,0.7161258022837858,0.16892903762316464,-166.1803736280108,0.7404935590551847,0.14032582803269822,-161.58184334068596,92.24563932659292,0.08000000566244125,-0.09338843822479248,-0.033234452633456965,0.08842278093685707,-4.598530287324851,0
195.73,2,0.7095660642776999,0.16734543473092356,-166.65152244616132,0.7340819000277267,0.13822140665274155,-162.05299215883647,91.74733677095635,0.08000000566244125,-0.1019769012928009,-0.03314872851223582,0.08572379284472985,-4.498549152074517,0
195.83,2,0.7031645331102004,0.16535193693116332,-167.26230808672935,0.7278372897656896,0.13624293182472902,-162.7006908703765,91.38941336670969,0.08000000566244125,-0.07329485565423965,-0.03314872851223582,0.08572379284472985,-4.498549152074517,0
195.93,2,0.6963551006193031,0.16293917265915916,-167.65967643973127,0.7212001617438107,0.13419529909115768,-163.16112728765674,91.08314534258318,0.08000000566244125,-0.03313828259706497,-0.03314872851223582,0.08572379284472985,-4.498549152074517,0
196.03,2,0.6890673949767155,0.16135700794242291,-167.89929358780745,0.7140590024618126,0.13204640569384365,-163.40074443573295,90.7781466188176,0.08000000566244125,0.010857410728931427,-0.03314872851223582,0.08572379284472985,-4.498549152074517,0
196.13,2,0.6813231539696409,0.159688089298755,-167.75033633783966,0.7064695186992593,0.1297752178036027,-163.25178718576515,90.77767004303497,0.08000000566244125,0.03486213833093643,-0.03314872851223582,0.08572379284472985,-4.498549152074517,0
196.23,2,0.6736918760976238,0.15802388205447326,-167.58494993632695,0.6989922805353099,0.12751758693221626,-163.08640078425245,90.89065025191367,0.08000000566244125,0.029784753918647766,-0.03314872851223582,0.08572379284472985,-4.498549152074517,0
196.33,2,0.665991930108741,0.15630920634716006,-167.40377227682205,0.6914505442349225,0.12520425717008096,-162.90522312474752,90.99470050749677,0.08000000566244125,0.0016415305435657501,-0.03314872851223582,0.08572379284472985,-4.498549152074517,0
196.43,2,0.658168817955772,0.15455522343047637,-167.34514056947324,0.6837891042217975,0.12284208089485556,-162.8465914173987,91.06352602571955,0.08000000566244125,0.0027622152119874954,-0.03314872851223582,0.08572379284472985,-4.498549152074517,0
196.53,2,0.6503109452693643,0.15279071216803167,-167.2721578447677,0.6760938365400184,0.12046668230580733,-162.7736086926932,91.08032692454584,0.08000000566244125,0.024122102186083794,-0.03314872851223582,0.08572379284472985,-4.498549152074517,0
196.63,2,0.6424717741728968,0.15102060727311,-167.22568336520825,0.6684176515647086,0.11808717415420465,-162.72713421313375,91.15339105629725,0.08000000566244125,0.007744284346699715,-0.03314872851223582,0.08572379284472985,-4.498549152074517,0
196.73,2,0.6362645413138609,0.14991685065922955,-167.1177605090302,0.6607743538030142,0.11569358680471264,-162.61921135695567,91.24363074869807,0.08000000566244125,0.0054975952953100204,-0.023186325663184907,0.08997558482219206,-4.498549152074523,0
196.83,2,0.6335768364969605,0.15032340430755403,-167.04055547661756,0.6530535298591044,0.11326799670045581,-162.54200632454305,91.2672569004548,0.08000000566244125,0.028142528608441353,-0.023186325663184907,0.08997558482219206,-4.498549152074523,0
196.93,2,0.6289734463600635,0.1498809094154745,-166.7585810595245,0.6454520712169032,0.11087217830389834,-162.26003190744996,91.40039522339251,0.08000000566244125,0.010567395016551018,-0.023186325663184907,0.08997558482219206,-4.498549152074523,0
197.03,2,0.6212114994627181,0.14806083572368145,-166.8063229844648,0.637856791782885,0.10844891228467017,-162.30777383239027,91.45555613066468,0.08000000566244125,-0.048050619661808014,-0.023186325663184907,0.08997558482219206,-4.498549152074523,0
197.13,2,0.6136636023161788,0.14630142475778937,-167.1238400224974,0.6304701446696745,0.10610291085531506,-162.62529087042287,91.25750902869062,0.08000000566244125,-0.052177708595991135,-0.023186325663184907,0.08997558482219206,-4.498549152074523,0
197.22,2,0.6063495546960715,0.14464450792296132,-167.42590354920108,0.6233085876578995,0.10387742952449441,-162.92735439712658,91.06164411648993,0.08000000566244125,-0.02324768155813217,-0.023186325663184907,0.08997558482219206,-4.498549152074523,0
197.33,2,0.5991096602007567,0.14304326488508542,-167.6078218189279,0.6162165886185474,0.10171326659267431,-163.1092726668534,90.87039276632748,0.08000000566244125,-0.025523236021399498,-0.023186325663184907,0.08997558482219206,-4.498549152074523,0
197.43,2,0.5913275275834241,0.14134799091906325,-167.75451952764593,0.6085913971271008,0.09941283258745014,-163.25597037557142,90.76026268775695,0.08000000566244125,-0.024150390177965164,-0.023186325663184907,0.08997558482219206,-4.498549152074523,0
197.53,2,0.583188969622012,0.1395988628730985,-167.92514643398894,0.6006151023068651,0.09703075459688598,-163.4265972819144,90.62521755436717,0.08000000566244125,0.0021759867668151855,-0.023186325663184907,0.08997558482219206,-4.498549152074523,0
197.63,2,0.5758302606755029,0.13802740944581976,-167.96589111634688,0.5934023183317038,0.09488697042836676,-163.46734196427235,90.61920567448871,0.08000000566244125,0.037997566163539886,-0.023186325663184907,0.08997558482219206,-4.498549152074523,0
197.74,2,0.5681101800547657,0.136365880546236,-167.71209561446014,0.5858363409189812,0.09262504450893312,-163.21354646238564,90.6975986343817,0.08000000566244125,0.018147598952054977,-0.023186325663184907,0.08997558482219206,-4.498549152074523,0
197.83,2,0.5603765178955921,0.13467517261183948,-167.56724818486254,0.5782591124322829,0.09033296419357956,-163.068699032788,90.84378444238027,0.08000000566244125,-0.006931858137249947,-0.0274455400069199,0.09431302884951273,-4.498549152074528,0
197.93,2,0.5513281596742441,0.13421519240286406,-167.5831599340692,0.5706088652687068,0.0880040040537864,-163.08461078199468,90.8921981389123,0.08000000566244125,0.011527955532073975,-0.0274455400069199,0.09431302884951273,-4.498549152074528,0
198.03,2,0.5405132852990365,0.13556318589209856,-167.49669358589935,0.5629737173035356,0.0856702767848849,-162.99814443382485,90.93051359410953,0.08000000566244125,0.05242699012160301,-0.0274455400069199,0.09431302884951273,-4.498549152074528,0
198.13,2,0.5329378386927132,0.1338686727802382,-167.17883478610435,0.5555545154129482,0.08338681246980813,-162.68028563402981,91.15054163524024,0.08000000566244125,0.13513612747192383,-0.0274455400069199,0.09431302884951273,-4.498549152074528,0
198.23,2,0.5260891573565765,0.13230022096615962,-166.89960056939867,0.5488499523882978,0.08128602409742904,-162.40105141732414,91.47150559413853,0.08000000566244125,0.039921488612890244,-0.0274455400069199,0.09431302884951273,-4.498549152074528,0
198.33,2,0.5192764425144393,0.13068297389595337,-166.51681369805937,0.542185072256276,0.07913941178214018,-162.01826454598483,91.80429885393873,0.08000000566244125,-0.029983781278133392,-0.0274455400069199,0.09431302884951273,-4.498549152074528,0
198.43,2,0.5117349858635236,0.12887757550345447,-166.53380733384466,0.5348084527685822,0.07674806975159476,-162.03525818177016,91.74078378606853,0.08000000566244125,-0.0674348995089531,-0.0274455400069199,0.09431302884951273,-4.498549152074528,0
198.53,2,0.504510730541871,0.12717300707125717,-166.8570272017707,0.5277401489322592,0.07448212637854003,-162.35847804969617,91.43885521731184,0.08000000566244125,-0.06888429075479507,-0.0274455400069199,0.09431302884951273,-4.498549152074528,0
198.63,2,0.4975169949568774,0.12555842002744727,-167.24532028523782,0.5208945970882182,0.07232396774086003,-162.7467711331633,91.20489605659431,0.08000000566244125,-0.08309541642665863,-0.0274455400069199,0.09431302884951273,-4.498549152074528,0
198.73,2,0.49072385950982544,0.12403518535069888,-167.53612404315427,0.5142418622793088,0.07027261388431415,-163.03757489107977,90.80608203019501,0.08000000566244125,-0.07267282158136368,-0.0274455400069199,0.09431302884951273,-4.498549152074528,0
198.83,2,0.4838827232314743,0.12254240440439546,-167.85316784072975,0.5075388859109162,0.06824785504993673,-163.35461868865522,90.54165297219801,0.08000000566244125,-0.03881711885333061,-0.0274455400069199,0.09431302884951273,-4.498549152074528,0
198.94,2,0.4766198090143713,0.12100191938914198,-168.08938361461864,0.5004191725804334,0.06614245743927902,-163.5908344625441,90.36898085401232,0.08000000566244125,-0.03215552866458893,-0.0274455400069199,0.09431302884951273,-4.498549152074528,0
199.03,2,0.46910256799819516,0.1194393953787104,-168.3499316776358,0.4930476445535992,0.0639951408980923,-163.85138252556126,90.1741628970694,0.08000000566244125,0.014200454577803612,-0.031727559720432494,0.08608014463673874,-4.798492557825496,0
199.13,2,0.460088962207784,0.11433192117375995,-168.59979023945016,0.4855443605755153,0.06182921406067892,-164.00294764094477,90.12921638170964,0.08000000566244125,0.058436498045921326,-0.031727559720432494,0.08608014463673874,-4.798492557825496,0
199.23,2,0.44994561609131295,0.10560020018495658,-168.47786829986643,0.47835205606851117,0.059744383168679756,-163.67937574204092,90.29957857253244,0.08000000566244125,0.09738001227378845,-0.031727559720432494,0.08608014463673874,-4.798492557825496,0
199.33,2,0.4432406268392767,0.10422020279855713,-168.16997483023513,0.4717860064233554,0.05780833933814775,-163.37148227240962,90.58293729757543,0.08000000566244125,0.05574151501059532,-0.031727559720432494,0.08608014463673874,-4.798492557825496,0
199.43,2,0.43627120581988676,0.10274252710638167,-167.87889675462725,0.46496462277728284,0.05575283941115827,-163.08040419680177,90.95782438393016,0.08000000566244125,0.019160261377692223,-0.031727559720432494,0.08608014463673874,-4.798492557825496,0
199.53,2,0.4286649702077715,0.10111227248690653,-167.85959583734115,0.4575214200104574,0.05349202476080473,-163.06110327951563,91.11555564398103,0.08000000566244125,0.027311762794852257,-0.031727559720432494,0.08608014463673874,-4.798492557825496,0
199.63,2,0.42093544191805427,0.09944429418708166,-167.84895202098397,0.44995851234660184,0.05118330501639647,-163.05045946315846,91.21992161114518,0.08000000566244125,0.09210295230150223,-0.031727559720432494,0.08608014463673874,-4.798492557825496,0
199.73,2,0.41375184719682107,0.09787835652727207,-167.57793957881668,0.44293108892164745,0.04902193649628231,-162.77944702099117,91.55603817978084,0.08000000566244125,0.06449580192565918,-0.029018162964383327,0.08636457754552347,-4.89847369307581,0
199.83,2,0.408335663207889,0.09622778081521782,-167.35762717963257,0.43653692556663604,0.047027664665686454,-162.51798652934204,91.79968554758022,0.08000000566244125,0.1397622525691986,-0.029018162964383327,0.08636457754552347,-4.89847369307581,0
199.93,2,0.4028612122619471,0.09434499363847086,-167.01716168318424,0.4296205158127395,0.04482961275426805,-162.11868799010844,92.27294918956355,0.08000000566244125,0.06110223010182381,-0.029018162964383327,0.08636457754552347,-4.89847369307581,0
200.03,2,0.3961989359307818,0.09279485791290953,-166.78404119559232,0.4231149396518841,0.04271624447217036,-161.8855675025165,92.55720168925376,0.08000000566244125,0.04736192524433136,-0.029018162964383327,0.08636457754552347,-4.89847369307581,0
200.13,2,0.3889686674181403,0.09108320846625634,-166.6286510410416,0.4160572375787598,0.040393451317337445,-161.7301773479658,92.83547563073726,0.08000000566244125,-0.05074222385883331,-0.029018162964383327,0.08636457754552347,-4.89847369307581,0
200.23,2,0.3815532203297531,0.08931770836109415,-166.7169421004662,0.40881963160970847,0.03800119172048098,-161.8184684073904,92.75165071353194,0.08000000566244125,-0.16878223419189453,-0.029018162964383327,0.08636457754552347,-4.89847369307581,0
200.33,2,0.37492469648063126,0.08778520779627509,-167.18596562045929,0.40234617877925977,0.035908276325272076,-162.28749192738348,92.477815909856,0.08000000566244125,-0.2887822341918945,-0.029018162964383327,0.08636457754552347,-4.89847369307581,0
200.43,2,0.3694177878710969,0.08657831451401363,-168.11908059384473,0.3969624408386296,0.034235554108300106,-163.22060690076893,91.728169723989,0.08000000566244125,-0.362278550863266,-0.03752552564976718,0.07536465346139742,-4.698511422575128,0
200.53,2,0.36145118272790755,0.08153686966591471,-169.15150485128962,0.39277964575695384,0.033012821013199294,-164.33988555173764,90.56429782967264,0.07988932728767395,-0.35065770149230957,-0.03752552564976718,0.07536465346139742,-4.698511422575128,0
200.63,2,0.35262703642992455,0.07535447278417676,-170.20432989394587,0.3888422942867103,0.03194827029498278,-165.50581847137073,89.72399559773912,0.0798560157418251,-0.2941402494907379,-0.03752552564976718,0.07536465346139742,-4.698511422575128,0
200.73,2,0.34846817910656414,0.0746733976624049,-171.18550523733253,0.3847532013842901,0.030928821035361938,-166.4869938147574,88.4966792341976,0.07987942546606064,-0.2622683048248291,-0.03752552564976718,0.07536465346139742,-4.698511422575128,0
200.83,2,0.34428766661344773,0.07406070243405316,-172.17059141997495,0.38063692490807066,0.029975748047983593,-167.47207999739982,87.73907191900052,0.07976589351892471,-0.2560318410396576,-0.04189386774109096,0.07000130757145234,-4.498549152074456,0
200.93,2,0.33785447887509995,0.07187651578244403,-173.23876159583216,0.37596583524171345,0.028979204061305146,-168.61799573182785,86.65600760774257,0.07969571650028229,-0.23955446481704712,-0.04189386774109096,0.07000130757145234,-4.498549152074456,0
201.03,2,0.33031014051604757,0.06885488278411017,-174.22158316422963,0.3711472853844556,0.028050500962060063,-169.72303401215515,85.95646151160466,0.07975777238607407,-0.20793427526950836,-0.04173342873964083,0.07498445535200271,-4.398568016824129,0
201.12,2,0.3251601906075779,0.07063464180344504,-175.1966736333831,0.36598583290069114,0.027156717169300463,-170.73841098967077,85.29172452789199,0.0796753540635109,-0.12162765860557556,-0.04173342873964083,0.07498445535200271,-4.398568016824129,0
201.23,2,0.3193845833267403,0.07352252266528005,-175.733168017807,0.36016652173847674,0.02623799734665099,-171.33460000098287,84.48195129578991,0.07967743277549744,-0.011219317093491554,-0.04180778970960732,0.06384507630456898,-4.098624611073131,0
201.33,2,0.31217127406359485,0.06936468055150864,-176.031250987763,0.353038576783772,0.025190445027488722,-171.75089777889104,84.17252318146092,0.07915503531694412,0.04525993391871452,-0.04180778970960732,0.06384507630456898,-4.098624611073131,0
201.43,2,0.3045026305901248,0.06317861967962043,-175.756744894151,0.3454723650222795,0.024087265899700717,-171.6581202830779,84.28671525719074,0.07959981262683868,0.06771615147590637,-0.04180778970960732,0.06384507630456898,-4.098624611073131,0
201.53,2,0.297171003513017,0.06260661539553361,-175.2939338324789,0.3382003717377491,0.022992707464285826,-171.19530922140578,84.5934683641795,0.07985766232013702,0.045877475291490555,-0.04180778970960732,0.06384507630456898,-4.098624611073131,0
201.63,2,0.2898603560580401,0.06198983276613716,-175.01238371887771,0.3309525048850378,0.021854984691263377,-170.91375910780457,84.7965241507669,0.07999984174966812,0.1371452808380127,-0.04180778970960732,0.06384507630456898,-4.098624611073131,0
201.73,2,0.28282936807364245,0.061348919204632556,-174.46430672712987,0.32398530699570693,0.020713180942377986,-170.36568211605672,85.24479389658983,0.08003438264131546,0.22548621892929077,-0.04180778970960732,0.06384507630456898,-4.098624611073131,0
201.83,2,0.2768530495813248,0.06073686581761847,-173.7572993930654,0.3180680185424157,0.01967554447871679,-169.65867478199226,85.74220458972793,0.08002709597349167,0.26737427711486816,-0.04180778970960732,0.06384507630456898,-4.098624611073131,0
201.93,2,0.27154013003425803,0.06011214296058186,-172.7944565606338,0.3128133379222468,0.018672686392181198,-168.69583194956064,86.31935722882248,0.08001253753900528,0.28172406554222107,-0.04180778970960732,0.06384507630456898,-4.098624611073131,0
202.03,2,0.2665533990149945,0.05943199351784846,-171.61793442078098,0.3078879731344875,0.01763785730946431,-167.51930980970786,87.3354778174526,0.08000288158655167,0.2384958267211914,-0.04180778970960732,0.06384507630456898,-4.098624611073131,0
202.13,2,0.2618413831740101,0.05868427005011099,-170.3976372357895,0.30324145069277114,0.016555261877865456,-166.29901262471637,88.06824624593419,0.07999908924102783,0.21901041269302368,-0.04180778970960732,0.06384507630456898,-4.098624611073131,0
202.23,2,0.25908945624074614,0.058886867742804466,-169.48461293396045,0.29834352398294,0.015321939702400629,-165.32043345678764,89.11148970824115,0.07999854534864426,0.14401041269302367,-0.031610332010387265,0.07036244204494023,-4.398568016824108,0
202.33,2,0.25902584761866343,0.06041133420844194,-168.90695300763204,0.2932013135900232,0.013935891867528645,-164.5902232733684,89.76006939527899,0.07999909669160843,0.011443832889199257,-0.03178129206886803,0.06957039151821622,-4.098624611073102,0
202.43,2,0.25518152202340544,0.060772629149869174,-168.44318821138444,0.2867583858070891,0.012131299008804887,-164.17450633042216,90.27982348397823,0.08052850514650345,-0.00016222335398197174,-0.03178129206886803,0.06957039151821622,-4.098624611073102,0
202.53,2,0.2471398043425344,0.05952857961120289,-168.2650784038204,0.27892547886306923,0.00991933721184242,-164.16645379274732,90.34421437456805,0.08019021153450012,0.03768265247344971,-0.03178129206886803,0.06957039151821622,-4.098624611073102,0
202.63,2,0.2393704673889907,0.05790293618470761,-168.09702306687086,0.2712922024235364,0.007742549660086519,-163.99839845579777,90.48551182253024,0.07999224215745926,0.0046370793133974075,-0.03178129206886803,0.06957039151821622,-4.098624611073102,0
202.73,2,0.23161158947747168,0.0562542220412905,-168.00619485298597,0.2636710072219188,0.005543497939138927,-163.90757024191285,90.55839591687665,0.0764271691441536,-0.028112372383475304,-0.03178129206886803,0.06957039151821622,-4.098624611073102,0
202.83,2,0.22392023409105227,0.05462523552808622,-168.08599834147313,0.25611575185368013,0.00336894946621277,-163.98737373040004,90.4970754769176,0.07706383615732193,-0.009330361150205135,-0.03178129206886803,0.06957039151821622,-4.098624611073102,0
202.93,2,0.2163938773607706,0.053045388260823556,-168.1380205537635,0.24872156100341367,0.0012552075971166755,-164.0393959426904,90.44421448393634,0.08083584904670715,0.022699683904647827,-0.03178129206886803,0.06957039151821622,-4.098624611073102,0
203.03,2,0.20868005398932002,0.051417755191636626,-168.05475273674313,0.24114379837665736,-0.0009195967587700586,-163.95612812567,90.52714447731331,0.0781189352273941,-0.05031748116016388,-0.03178129206886803,0.06957039151821622,-4.098624611073102,0
203.13,2,0.20114338118022218,0.04983077971083058,-168.29183595085883,0.2337398273093328,-0.0030411859372621555,-164.19321133978573,90.3594554319616,0.0799645185470581,-0.08992128819227219,-0.03169389388835177,0.07546861305565863,-4.3985680168240915,0
203.23,2,0.1941752492358738,0.05042347305013018,-168.8389788265516,0.22690191879153326,-0.004959831795274505,-164.61200972997446,90.08432618742822,0.08159022033214569,-0.06409379839897156,-0.03169389388835177,0.07546861305565863,-4.3985680168240915,0
203.33,2,0.18724512269020077,0.05181362309401285,-169.40576603025062,0.2201083671575898,-0.006793985405409052,-165.00719801342652,89.72618300277068,0.08038150519132614,0.014606361277401447,-0.03169389388835177,0.07546861305565863,-4.3985680168240915,0
203.43,2,0.17969341761974728,0.05040978437917284,-169.4779884534893,0.2126865705149444,-0.008772860642409749,-165.07942043666523,89.72207801608766,0.08066367357969284,0.0038257967680692673,-0.03169389388835177,0.07546861305565863,-4.3985680168240915,0
203.53,2,0.17171974774613297,0.04891764083140408,-169.43557948779517,0.20485082435548693,-0.010872142839990535,-165.0370114709711,89.76607477280842,0.08019208163022995,0.017163217067718506,-0.03169389388835177,0.07546861305565863,-4.3985680168240915,0
203.63,2,0.16378433734386644,0.047427736864412665,-169.2818350374454,0.19705305321793115,-0.012966257777036317,-164.8832670206213,89.82125593241797,0.08034248650074005,0.01750251278281212,-0.03169389388835177,0.07546861305565863,-4.3985680168240915,0
203.73,2,0.15589117086028448,0.04592949299454539,-169.1545535744311,0.18929804119817079,-0.015065448193484593,-164.755985557607,89.92368563107509,0.08044363558292389,0.011772217229008675,-0.03169389388835177,0.07546861305565863,-4.3985680168240915,0
203.83,2,0.1479571813819313,0.04440897124325685,-169.12155511263163,0.18150403500312198,-0.017189981758835272,-164.72298709580755,89.98098036446693,0.08070468157529831,0.006137616001069546,-0.03169389388835177,0.07546861305565863,-4.3985680168240915,0
203.92,2,0.13999622581554816,0.04287455343030268,-169.1137503723254,0.17368420789015632,-0.019330438597448207,-164.71518235550133,90.00681774026383,0.08102765679359436,0.0016435757279396057,-0.03169389388835177,0.07546861305565863,-4.3985680168240915,0
