[INFO] [1790059849.053460335] [nvblox_node]: Create nvblox cuda stream with type: kBlocking
I0922 15:50:49.099072 609244 block_memory_pool_impl.h:65] Expanding the memory pool with 2048 blocks. Number of allocated blocks: 2048
I0922 15:50:49.119491 609244 gpu_hash_interface_impl.cuh:83] Creating a GPUHashImpl with requested capacity of 4096 blocks. Real capacity: 4096
I0922 15:50:49.126874 609244 layer_cake_impl.h:32] Adding Layer with type: N6nvblox15VoxelBlockLayerINS_9TsdfVoxelEEE, voxel_size: 0.05, and memory_type: kDevice to LayerCake.
I0922 15:50:49.156817 609244 block_memory_pool_impl.h:65] Expanding the memory pool with 2048 blocks. Number of allocated blocks: 2048
I0922 15:50:49.168220 609244 gpu_hash_interface_impl.cuh:83] Creating a GPUHashImpl with requested capacity of 4096 blocks. Real capacity: 4096
I0922 15:50:49.179124 609244 layer_cake_impl.h:32] Adding Layer with type: N6nvblox15VoxelBlockLayerINS_10ColorVoxelEEE, voxel_size: 0.05, and memory_type: kDevice to LayerCake.
I0922 15:50:49.239537 609244 block_memory_pool_impl.h:65] Expanding the memory pool with 2048 blocks. Number of allocated blocks: 2048
I0922 15:50:49.253897 609244 gpu_hash_interface_impl.cuh:83] Creating a GPUHashImpl with requested capacity of 4096 blocks. Real capacity: 4096
I0922 15:50:49.255105 609244 layer_cake_impl.h:32] Adding Layer with type: N6nvblox15VoxelBlockLayerINS_14FreespaceVoxelEEE, voxel_size: 0.05, and memory_type: kDevice to LayerCake.
I0922 15:50:49.292807 609244 block_memory_pool_impl.h:65] Expanding the memory pool with 2048 blocks. Number of allocated blocks: 2048
I0922 15:50:49.298053 609244 gpu_hash_interface_impl.cuh:83] Creating a GPUHashImpl with requested capacity of 4096 blocks. Real capacity: 4096
I0922 15:50:49.305289 609244 layer_cake_impl.h:32] Adding Layer with type: N6nvblox15VoxelBlockLayerINS_14OccupancyVoxelEEE, voxel_size: 0.05, and memory_type: kDevice to LayerCake.
I0922 15:50:49.350448 609244 block_memory_pool_impl.h:65] Expanding the memory pool with 2048 blocks. Number of allocated blocks: 2048
I0922 15:50:49.362912 609244 gpu_hash_interface_impl.cuh:83] Creating a GPUHashImpl with requested capacity of 4096 blocks. Real capacity: 4096
I0922 15:50:49.364827 609244 layer_cake_impl.h:32] Adding Layer with type: N6nvblox15VoxelBlockLayerINS_9EsdfVoxelEEE, voxel_size: 0.05, and memory_type: kDevice to LayerCake.
I0922 15:50:49.365392 609244 block_memory_pool_impl.h:65] Expanding the memory pool with 2048 blocks. Number of allocated blocks: 2048
I0922 15:50:49.376060 609244 gpu_hash_interface_impl.cuh:83] Creating a GPUHashImpl with requested capacity of 4096 blocks. Real capacity: 4096
I0922 15:50:49.377585 609244 layer_cake_impl.h:32] Adding Layer with type: N6nvblox10BlockLayerINS_9MeshBlockEEE, voxel_size: 0.05, and memory_type: kDevice to LayerCake.
I0922 15:50:49.377693 609244 layer_cake_streamer_impl.h:79] Adding Streamer with type: N6nvblox25LayerStreamerOldestBlocksINS_15VoxelBlockLayerINS_9TsdfVoxelEEEEE to LayerCake.
I0922 15:50:49.377712 609244 layer_cake_streamer_impl.h:79] Adding Streamer with type: N6nvblox25LayerStreamerOldestBlocksINS_15VoxelBlockLayerINS_10ColorVoxelEEEEE to LayerCake.
I0922 15:50:49.377722 609244 layer_cake_streamer_impl.h:79] Adding Streamer with type: N6nvblox25LayerStreamerOldestBlocksINS_15VoxelBlockLayerINS_14FreespaceVoxelEEEEE to LayerCake.
I0922 15:50:49.377730 609244 layer_cake_streamer_impl.h:79] Adding Streamer with type: N6nvblox25LayerStreamerOldestBlocksINS_15VoxelBlockLayerINS_14OccupancyVoxelEEEEE to LayerCake.
I0922 15:50:49.377737 609244 layer_cake_streamer_impl.h:79] Adding Streamer with type: N6nvblox25LayerStreamerOldestBlocksINS_15VoxelBlockLayerINS_9EsdfVoxelEEEEE to LayerCake.
I0922 15:50:49.377750 609244 layer_cake_streamer_impl.h:79] Adding Streamer with type: N6nvblox25LayerStreamerOldestBlocksINS_10BlockLayerINS_9MeshBlockEEEEE to LayerCake.
I0922 15:50:49.408093 609244 block_memory_pool_impl.h:65] Expanding the memory pool with 2048 blocks. Number of allocated blocks: 2048
I0922 15:50:49.409157 609244 gpu_hash_interface_impl.cuh:83] Creating a GPUHashImpl with requested capacity of 4096 blocks. Real capacity: 4096
I0922 15:50:49.409925 609244 layer_cake_impl.h:32] Adding Layer with type: N6nvblox15VoxelBlockLayerINS_9TsdfVoxelEEE, voxel_size: 0.05, and memory_type: kDevice to LayerCake.
I0922 15:50:49.437516 609244 block_memory_pool_impl.h:65] Expanding the memory pool with 2048 blocks. Number of allocated blocks: 2048
I0922 15:50:49.439008 609244 gpu_hash_interface_impl.cuh:83] Creating a GPUHashImpl with requested capacity of 4096 blocks. Real capacity: 4096
I0922 15:50:49.439435 609244 layer_cake_impl.h:32] Adding Layer with type: N6nvblox15VoxelBlockLayerINS_10ColorVoxelEEE, voxel_size: 0.05, and memory_type: kDevice to LayerCake.
I0922 15:50:49.469030 609244 block_memory_pool_impl.h:65] Expanding the memory pool with 2048 blocks. Number of allocated blocks: 2048
I0922 15:50:49.470758 609244 gpu_hash_interface_impl.cuh:83] Creating a GPUHashImpl with requested capacity of 4096 blocks. Real capacity: 4096
I0922 15:50:49.472374 609244 layer_cake_impl.h:32] Adding Layer with type: N6nvblox15VoxelBlockLayerINS_14FreespaceVoxelEEE, voxel_size: 0.05, and memory_type: kDevice to LayerCake.
I0922 15:50:49.495603 609244 block_memory_pool_impl.h:65] Expanding the memory pool with 2048 blocks. Number of allocated blocks: 2048
I0922 15:50:49.497251 609244 gpu_hash_interface_impl.cuh:83] Creating a GPUHashImpl with requested capacity of 4096 blocks. Real capacity: 4096
I0922 15:50:49.497682 609244 layer_cake_impl.h:32] Adding Layer with type: N6nvblox15VoxelBlockLayerINS_14OccupancyVoxelEEE, voxel_size: 0.05, and memory_type: kDevice to LayerCake.
I0922 15:50:49.541927 609244 block_memory_pool_impl.h:65] Expanding the memory pool with 2048 blocks. Number of allocated blocks: 2048
I0922 15:50:49.544214 609244 gpu_hash_interface_impl.cuh:83] Creating a GPUHashImpl with requested capacity of 4096 blocks. Real capacity: 4096
I0922 15:50:49.544612 609244 layer_cake_impl.h:32] Adding Layer with type: N6nvblox15VoxelBlockLayerINS_9EsdfVoxelEEE, voxel_size: 0.05, and memory_type: kDevice to LayerCake.
I0922 15:50:49.545637 609244 block_memory_pool_impl.h:65] Expanding the memory pool with 2048 blocks. Number of allocated blocks: 2048
I0922 15:50:49.546913 609244 gpu_hash_interface_impl.cuh:83] Creating a GPUHashImpl with requested capacity of 4096 blocks. Real capacity: 4096
I0922 15:50:49.548059 609244 layer_cake_impl.h:32] Adding Layer with type: N6nvblox10BlockLayerINS_9MeshBlockEEE, voxel_size: 0.05, and memory_type: kDevice to LayerCake.
I0922 15:50:49.548141 609244 layer_cake_streamer_impl.h:79] Adding Streamer with type: N6nvblox25LayerStreamerOldestBlocksINS_15VoxelBlockLayerINS_9TsdfVoxelEEEEE to LayerCake.
I0922 15:50:49.548158 609244 layer_cake_streamer_impl.h:79] Adding Streamer with type: N6nvblox25LayerStreamerOldestBlocksINS_15VoxelBlockLayerINS_10ColorVoxelEEEEE to LayerCake.
I0922 15:50:49.548171 609244 layer_cake_streamer_impl.h:79] Adding Streamer with type: N6nvblox25LayerStreamerOldestBlocksINS_15VoxelBlockLayerINS_14FreespaceVoxelEEEEE to LayerCake.
I0922 15:50:49.548180 609244 layer_cake_streamer_impl.h:79] Adding Streamer with type: N6nvblox25LayerStreamerOldestBlocksINS_15VoxelBlockLayerINS_14OccupancyVoxelEEEEE to LayerCake.
I0922 15:50:49.548189 609244 layer_cake_streamer_impl.h:79] Adding Streamer with type: N6nvblox25LayerStreamerOldestBlocksINS_15VoxelBlockLayerINS_9EsdfVoxelEEEEE to LayerCake.
I0922 15:50:49.548209 609244 layer_cake_streamer_impl.h:79] Adding Streamer with type: N6nvblox25LayerStreamerOldestBlocksINS_10BlockLayerINS_9MeshBlockEEEEE to LayerCake.
[INFO] [1790059849.601064319] [nvblox_node]: Initialize Mapper:
[INFO] [1790059849.601323847] [nvblox_node]: static_mapper.do_depth_preprocessing: 0
[INFO] [1790059849.601431563] [nvblox_node]: static_mapper.depth_preprocessing_num_dilations: 4
[INFO] [1790059849.601582032] [nvblox_node]: static_mapper.esdf_slice_min_height: 0.06
[INFO] [1790059849.601644306] [nvblox_node]: static_mapper.esdf_slice_max_height: 0.3
[INFO] [1790059849.601689908] [nvblox_node]: static_mapper.esdf_slice_height: 0.1
[INFO] [1790059849.601777975] [nvblox_node]: static_mapper.exclude_last_view_from_decay: 0
[INFO] [1790059849.602616914] [nvblox_node]: static_mapper.projective_integrator_max_integration_distance_m: 1.4
[INFO] [1790059849.602666196] [nvblox_node]: static_mapper.lidar_projective_integrator_max_integration_distance_m: 10
[INFO] [1790059849.602727830] [nvblox_node]: static_mapper.projective_integrator_truncation_distance_vox: 2
[INFO] [1790059849.602771864] [nvblox_node]: static_mapper.projective_integrator_weighting_mode: inverse_square_tsdf_distance_penalty
[INFO] [1790059849.602814809] [nvblox_node]: static_mapper.projective_integrator_max_weight: 5
[INFO] [1790059849.602891675] [nvblox_node]: static_mapper.projective_tsdf_integrator_invalid_depth_decay_factor: -1
[INFO] [1790059849.602928573] [nvblox_node]: static_mapper.free_region_occupancy_probability: 0.3
[INFO] [1790059849.603010335] [nvblox_node]: static_mapper.occupied_region_occupancy_probability: 0.7
[INFO] [1790059849.603055137] [nvblox_node]: static_mapper.unobserved_region_occupancy_probability: 0.5
[INFO] [1790059849.603093378] [nvblox_node]: static_mapper.occupied_region_half_width_m: 0.1
[INFO] [1790059849.603278696] [nvblox_node]: static_mapper.raycast_subsampling_factor: 4
[INFO] [1790059849.603337514] [nvblox_node]: static_mapper.workspace_bounds_type: kUnbounded
[WARN] [1790059849.603382924] [nvblox_node]: Requested workspace bounds type: "kUnbounded" not recognized. Defaulting to: kUnbounded
[INFO] [1790059849.603425933] [nvblox_node]: static_mapper.workspace_bounds_min_height_m: 0
[INFO] [1790059849.603460430] [nvblox_node]: static_mapper.workspace_bounds_max_height_m: 1
[INFO] [1790059849.603492399] [nvblox_node]: static_mapper.workspace_bounds_min_corner_x_m: 0
[INFO] [1790059849.603522768] [nvblox_node]: static_mapper.workspace_bounds_max_corner_x_m: 0
[INFO] [1790059849.603552977] [nvblox_node]: static_mapper.workspace_bounds_min_corner_y_m: 2
[INFO] [1790059849.603582450] [nvblox_node]: static_mapper.workspace_bounds_max_corner_y_m: 2
[INFO] [1790059849.603614803] [nvblox_node]: static_mapper.esdf_integrator_min_weight: 0.1
[INFO] [1790059849.603661941] [nvblox_node]: static_mapper.esdf_integrator_max_site_distance_vox: 2
[INFO] [1790059849.603694166] [nvblox_node]: static_mapper.esdf_integrator_max_distance_m: 2
[INFO] [1790059849.603726743] [nvblox_node]: static_mapper.mesh_integrator_min_weight: 0.0001
[INFO] [1790059849.603757752] [nvblox_node]: static_mapper.mesh_integrator_weld_vertices: 1
[INFO] [1790059849.603787577] [nvblox_node]: static_mapper.decay_integrator_deallocate_decayed_blocks: 1
[INFO] [1790059849.603818714] [nvblox_node]: static_mapper.tsdf_decay_factor: 0.99
[INFO] [1790059849.603851419] [nvblox_node]: static_mapper.tsdf_decayed_weight_threshold: 0.001
[INFO] [1790059849.604040930] [nvblox_node]: static_mapper.tsdf_set_free_distance_on_decayed: 0
[INFO] [1790059849.604083875] [nvblox_node]: static_mapper.tsdf_decayed_free_distance_vox: 4
[INFO] [1790059849.604120068] [nvblox_node]: static_mapper.free_region_decay_probability: 0.55
[INFO] [1790059849.604156293] [nvblox_node]: static_mapper.occupied_region_decay_probability: 0.4
[INFO] [1790059849.604188998] [nvblox_node]: static_mapper.occupancy_decay_to_free: 0
[INFO] [1790059849.604223592] [nvblox_node]: static_mapper.max_tsdf_distance_for_occupancy_m: 0.15
[INFO] [1790059849.604262729] [nvblox_node]: static_mapper.max_unobserved_to_keep_consecutive_occupancy_ms: 200
[INFO] [1790059849.604297066] [nvblox_node]: static_mapper.min_duration_since_occupied_for_freespace_ms: 1000
[INFO] [1790059849.604419758] [nvblox_node]: static_mapper.min_consecutive_occupancy_duration_for_reset_ms: 2000
[INFO] [1790059849.604456431] [nvblox_node]: static_mapper.check_neighborhood: 1
[INFO] [1790059849.604485840] [nvblox_node]: Initialize Mapper:
[INFO] [1790059849.604518513] [nvblox_node]: dynamic_mapper.do_depth_preprocessing: 0
[INFO] [1790059849.604548722] [nvblox_node]: dynamic_mapper.depth_preprocessing_num_dilations: 4
[INFO] [1790059849.605378254] [nvblox_node]: dynamic_mapper.esdf_slice_min_height: 0
[INFO] [1790059849.605477457] [nvblox_node]: dynamic_mapper.esdf_slice_max_height: 1
[INFO] [1790059849.605518387] [nvblox_node]: dynamic_mapper.esdf_slice_height: 1
[INFO] [1790059849.605613814] [nvblox_node]: dynamic_mapper.exclude_last_view_from_decay: 0
[INFO] [1790059849.605647511] [nvblox_node]: dynamic_mapper.projective_integrator_max_integration_distance_m: 7
[INFO] [1790059849.605678840] [nvblox_node]: dynamic_mapper.lidar_projective_integrator_max_integration_distance_m: 10
[INFO] [1790059849.605707865] [nvblox_node]: dynamic_mapper.projective_integrator_truncation_distance_vox: 4
[INFO] [1790059849.605736698] [nvblox_node]: dynamic_mapper.projective_integrator_weighting_mode: kInverseSquareWeight
[WARN] [1790059849.605763515] [nvblox_node]: Requested weighting function: "kInverseSquareWeight" not recognized. Defaulting to: kInverseSquareWeight
[INFO] [1790059849.605795964] [nvblox_node]: dynamic_mapper.projective_integrator_max_weight: 5
[INFO] [1790059849.605826685] [nvblox_node]: dynamic_mapper.projective_tsdf_integrator_invalid_depth_decay_factor: -1
[INFO] [1790059849.605859198] [nvblox_node]: dynamic_mapper.free_region_occupancy_probability: 0.3
[INFO] [1790059849.605890175] [nvblox_node]: dynamic_mapper.occupied_region_occupancy_probability: 0.7
[INFO] [1790059849.605919968] [nvblox_node]: dynamic_mapper.unobserved_region_occupancy_probability: 0.5
[INFO] [1790059849.606228202] [nvblox_node]: dynamic_mapper.occupied_region_half_width_m: 0.1
[INFO] [1790059849.606345006] [nvblox_node]: dynamic_mapper.raycast_subsampling_factor: 4
[INFO] [1790059849.606424241] [nvblox_node]: dynamic_mapper.workspace_bounds_type: kUnbounded
[WARN] [1790059849.606464306] [nvblox_node]: Requested workspace bounds type: "kUnbounded" not recognized. Defaulting to: kUnbounded
[INFO] [1790059849.606526836] [nvblox_node]: dynamic_mapper.workspace_bounds_min_height_m: 0
[INFO] [1790059849.606566229] [nvblox_node]: dynamic_mapper.workspace_bounds_max_height_m: 1
[INFO] [1790059849.606603703] [nvblox_node]: dynamic_mapper.workspace_bounds_min_corner_x_m: 0
[INFO] [1790059849.606714266] [nvblox_node]: dynamic_mapper.workspace_bounds_max_corner_x_m: 0
[INFO] [1790059849.606768476] [nvblox_node]: dynamic_mapper.workspace_bounds_min_corner_y_m: 2
[INFO] [1790059849.606811037] [nvblox_node]: dynamic_mapper.workspace_bounds_max_corner_y_m: 2
[INFO] [1790059849.606853791] [nvblox_node]: dynamic_mapper.esdf_integrator_min_weight: 0.0001
[INFO] [1790059849.606892256] [nvblox_node]: dynamic_mapper.esdf_integrator_max_site_distance_vox: 1
[INFO] [1790059849.606929025] [nvblox_node]: dynamic_mapper.esdf_integrator_max_distance_m: 2
[INFO] [1790059849.607007428] [nvblox_node]: dynamic_mapper.mesh_integrator_min_weight: 0.0001
[INFO] [1790059849.607045413] [nvblox_node]: dynamic_mapper.mesh_integrator_weld_vertices: 1
[INFO] [1790059849.607135784] [nvblox_node]: dynamic_mapper.decay_integrator_deallocate_decayed_blocks: 1
[INFO] [1790059849.607168809] [nvblox_node]: dynamic_mapper.tsdf_decay_factor: 0.95
[INFO] [1790059849.607198378] [nvblox_node]: dynamic_mapper.tsdf_decayed_weight_threshold: 0.001
[INFO] [1790059849.607226315] [nvblox_node]: dynamic_mapper.tsdf_set_free_distance_on_decayed: 0
[INFO] [1790059849.607255500] [nvblox_node]: dynamic_mapper.tsdf_decayed_free_distance_vox: 4
[INFO] [1790059849.607284365] [nvblox_node]: dynamic_mapper.free_region_decay_probability: 0.55
[INFO] [1790059849.607313902] [nvblox_node]: dynamic_mapper.occupied_region_decay_probability: 0.4
[INFO] [1790059849.607477940] [nvblox_node]: dynamic_mapper.occupancy_decay_to_free: 0
[INFO] [1790059849.607547766] [nvblox_node]: dynamic_mapper.max_tsdf_distance_for_occupancy_m: 0.15
[INFO] [1790059849.607582519] [nvblox_node]: dynamic_mapper.max_unobserved_to_keep_consecutive_occupancy_ms: 200
[INFO] [1790059849.607611192] [nvblox_node]: dynamic_mapper.min_duration_since_occupied_for_freespace_ms: 1000
[INFO] [1790059849.607638425] [nvblox_node]: dynamic_mapper.min_consecutive_occupancy_duration_for_reset_ms: 2000
[INFO] [1790059849.607664858] [nvblox_node]: dynamic_mapper.check_neighborhood: 1
[INFO] [1790059849.607713755] [nvblox_node]: Initialize MultiMapper:
[INFO] [1790059849.607745020] [nvblox_node]: multi_mapper.connected_mask_component_size_threshold: 2000
[INFO] [1790059849.607773117] [nvblox_node]: multi_mapper.remove_small_connected_components: 1
[INFO] [1790059849.608004325] [nvblox_node]: NvbloxNode::subscribeToTopics()
[INFO] [1790059849.609148267] [nvblox_node]: Subscribing input topics with QoS: SENSOR_DATA
[INFO] [1790059849.619462785] [NitrosContext]: [NitrosContext] Loading extension: gxf/lib/std/libgxf_std.so
[INFO] [1790059849.626675664] [NitrosContext]: [NitrosContext] Loading extension: gxf/lib/libgxf_isaac_gxf_helpers.so
[INFO] [1790059849.641403321] [NitrosContext]: [NitrosContext] Loading extension: gxf/lib/libgxf_isaac_sight.so
[INFO] [1790059849.659297162] [NitrosContext]: [NitrosContext] Loading extension: gxf/lib/libgxf_isaac_atlas.so
[33m2026-09-22 15:50:49.703 WARN  gxf/std/program.cpp@538: No GXF scheduler specified.[0m
[INFO] [1790059849.704077911] [NitrosContext]: [NitrosContext] Loading extension: gxf/lib/multimedia/libgxf_multimedia.so
[INFO] [1790059849.734555242] [nvblox_node.ManagedNitrosSubscriber]: Starting Managed Nitros Subscriber
[INFO] [1790059849.738120416] [nvblox_node]: NvbloxNode::setupTimers()
[INFO] [1790059849.738328423] [nvblox_node]: NvbloxNode::advertiseTopics()
[INFO] [1790059849.779667298] [nvblox_node]: NvbloxNode::advertiseServices()
[INFO] [1790059849.806980300] [nvblox_node]: Started up nvblox node in frame odom and voxel size 0.05
[INFO] [1790059849.807132113] [nvblox_node]: Mapping type: kStaticTsdf
[INFO] [1790059849.809776744] [nvblox_node]: nvblox parameters:
nvblox_node
    cuda_stream_type: kBlocking
    global_frame: odom
    voxel_size: 0.050000
    max_back_projection_distance: 5.000000
    layer_visualization_min_tsdf_weight: 0.100000
    layer_visualization_exclusion_height_m: 2.000000
    layer_visualization_exclusion_radius_m: 5.000000
    layer_streamer_bandwidth_limit_mbps: 30.000000
    distance_map_unknown_value_optimistic: 1000.000000
    distance_map_unknown_value_pessimistic: -1000.000000
    esdf_mode: 2d
    mapping_type: static_tsdf
    pose_frame: base_link
    map_clearing_frame_id: base_link
    after_shutdown_map_save_path: 
    esdf_slice_bounds_visualization_attachment_frame_id: base_link
    workspace_height_bounds_visualization_attachment_frame_id: base_link
    publish_esdf_distance_slice: 1
    use_color: 0
    use_depth: 1
    use_segmentation: 0
    use_lidar: 0
    use_non_equal_vertical_fov_lidar_params: 0
    print_timings_to_console: 1
    print_rates_to_console: 1
    print_queue_drops_to_console: 1
    print_delays_to_console: 1
    layer_visualization_undo_gamma_correction: 0
    output_pessimistic_distance_map: 1
    num_cameras: 1
    lidar_width: 1800
    lidar_height: 16
    tick_period_ms: 10
    print_statistics_on_console_period_ms: 10000
    maximum_input_queue_length: 10
    back_projection_subsampling: 1
    lidar_vertical_fov_rad: 0.523599
    lidar_min_valid_range_m: 0.100000
    lidar_max_valid_range_m: 50.000000
    min_angle_below_zero_elevation_rad: 0.349066
    max_angle_above_zero_elevation_rad: 0.261799
    esdf_slice_bounds_visualization_side_length: 10.000000
    workspace_height_bounds_visualization_side_length: 10.000000
    integrate_depth_rate_hz: 40.000000
    integrate_color_rate_hz: 0.000000
    integrate_lidar_rate_hz: 0.000000
    update_mesh_rate_hz: 0.000000
    update_esdf_rate_hz: 10.000000
    publish_layer_rate_hz: 0.000000
    publish_debug_vis_rate_hz: 0.000000
    decay_tsdf_rate_hz: 5.000000
    decay_dynamic_occupancy_rate_hz: 10.000000
    clear_map_outside_radius_rate_hz: 1.000000
    map_clearing_radius_m: 3.000000
    esdf_and_gradients_unobserved_value: -1000.000000
    multi_mapper
        connected_mask_component_size_threshold: 2000
        background_mapper
            voxel_size_m: 0.050000
            memory_type: kDevice
            projective_layer_type: kTsdf
            esdf_mode: kUnset
            do_depth_preprocessing: 0
            depth_preprocessing_num_dilations: 4
            exclude_last_view_from_decay: 0
            camera_tsdf_integrator
                max_weight:: 5.000000
                marked_unobserved_voxels_distance_m:: -1.000000
                marked_unobserved_voxels_weight:: 0.100000
                weighting_function_type:: kInverseSquareTsdfDistancePenalty
                invalid_depth_decay_factor:: -1.000000
                projective_integrator
                    lidar_linear_interpolation_max_allowable_difference_vox:: 2.000000
                    lidar_nearest_interpolation_max_allowable_dist_to_ray_vox:: 0.500000
                    truncation_distance_vox:: 2.000000
                    max_integration_distance_m:: 1.400000
                    view_calculator
                        raycast_subsampling_factor: 4
                        workspace_bounds_type: kUnbounded
                        workspace_bounds_min_height_m: 0.000000
                        workspace_bounds_max_height_m: 1.000000
                        workspace_bounds_min_corner_x_m: 0.000000
                        workspace_bounds_max_corner_x_m: 0.000000
                        workspace_bounds_min_corner_y_m: 2.000000
                        workspace_bounds_max_corner_y_m: 2.000000
            lidar_tsdf_integrator
                max_weight:: 5.000000
                marked_unobserved_voxels_distance_m:: -1.000000
                marked_unobserved_voxels_weight:: 0.100000
                weighting_function_type:: kInverseSquareWeight
                invalid_depth_decay_factor:: -1.000000
                projective_integrator
                    lidar_linear_interpolation_max_allowable_difference_vox:: 2.000000
                    lidar_nearest_interpolation_max_allowable_dist_to_ray_vox:: 0.500000
                    truncation_distance_vox:: 2.000000
                    max_integration_distance_m:: 10.000000
                    view_calculator
                        raycast_subsampling_factor: 4
                        workspace_bounds_type: kUnbounded
                        workspace_bounds_min_height_m: 0.000000
                        workspace_bounds_max_height_m: 1.000000
                        workspace_bounds_min_corner_x_m: 0.000000
                        workspace_bounds_max_corner_x_m: 0.000000
                        workspace_bounds_min_corner_y_m: 2.000000
                        workspace_bounds_max_corner_y_m: 2.000000
            projective_color_integrator
                sphere_tracing_ray_subsampling_factor:: 4
                max_weight:: 5.000000
                weighting_function_type:: kInverseSquareTsdfDistancePenalty
                projective_integrator
                    lidar_linear_interpolation_max_allowable_difference_vox:: 2.000000
                    lidar_nearest_interpolation_max_allowable_dist_to_ray_vox:: 0.500000
                    truncation_distance_vox:: 4.000000
                    max_integration_distance_m:: 1.400000
                    view_calculator
                        raycast_subsampling_factor: 4
                        workspace_bounds_type: kUnbounded
                        workspace_bounds_min_height_m: 0.000000
                        workspace_bounds_max_height_m: 1.000000
                        workspace_bounds_min_corner_x_m: 0.000000
                        workspace_bounds_max_corner_x_m: 0.000000
                        workspace_bounds_min_corner_y_m: 2.000000
                        workspace_bounds_max_corner_y_m: 2.000000
                view_calculator
                    raycast_subsampling_factor: 4
                    workspace_bounds_type: kUnbounded
                    workspace_bounds_min_height_m: 0.000000
                    workspace_bounds_max_height_m: 1.000000
                    workspace_bounds_min_corner_x_m: 0.000000
                    workspace_bounds_max_corner_x_m: 0.000000
                    workspace_bounds_min_corner_y_m: 2.000000
                    workspace_bounds_max_corner_y_m: 2.000000
            camera_occupancy_integrator
                free_region_log_odds:: -0.847298
                occupied_region_log_odds:: 0.847298
                unobserved_region_log_odds:: 0.000000
                occupied_region_half_width_m:: 0.100000
                projective_integrator
                    lidar_linear_interpolation_max_allowable_difference_vox:: 2.000000
                    lidar_nearest_interpolation_max_allowable_dist_to_ray_vox:: 0.500000
                    truncation_distance_vox:: 2.000000
                    max_integration_distance_m:: 1.400000
                    view_calculator
                        raycast_subsampling_factor: 4
                        workspace_bounds_type: kUnbounded
                        workspace_bounds_min_height_m: 0.000000
                        workspace_bounds_max_height_m: 1.000000
                        workspace_bounds_min_corner_x_m: 0.000000
                        workspace_bounds_max_corner_x_m: 0.000000
                        workspace_bounds_min_corner_y_m: 2.000000
                        workspace_bounds_max_corner_y_m: 2.000000
            lidar_occupancy_integrator
                free_region_log_odds:: -0.847298
                occupied_region_log_odds:: 0.847298
                unobserved_region_log_odds:: 0.000000
                occupied_region_half_width_m:: 0.100000
                projective_integrator
                    lidar_linear_interpolation_max_allowable_difference_vox:: 2.000000
                    lidar_nearest_interpolation_max_allowable_dist_to_ray_vox:: 0.500000
                    truncation_distance_vox:: 2.000000
                    max_integration_distance_m:: 10.000000
                    view_calculator
                        raycast_subsampling_factor: 4
                        workspace_bounds_type: kUnbounded
                        workspace_bounds_min_height_m: 0.000000
                        workspace_bounds_max_height_m: 1.000000
                        workspace_bounds_min_corner_x_m: 0.000000
                        workspace_bounds_max_corner_x_m: 0.000000
                        workspace_bounds_min_corner_y_m: 2.000000
                        workspace_bounds_max_corner_y_m: 2.000000
            esdf_integrator
                max_esdf_distance_m:: 2.000000
                max_tsdf_site_distance_vox:: 2.000000
                tsdf_min_weight:: 0.100000
                occupied_threshold_log_odds:: 0.000000
                esdf_slice_min_height:: 0.060000
                esdf_slice_max_height:: 0.300000
                esdf_slice_height:: 0.100000
                slice_height_above_plane_m:: 0.000000
                slice_height_thickness_m:: 0.100000
            mesh_integrator
                min_weight:: 0.000100
                cutoff_distance_vox:: 5.000000
                weld_vertices:: 1
            occupancy_decay_integrator
                free_space_decay_log_odds:: 0.200671
                occupied_space_decay_log_odds:: -0.405465
                decay_to_log_odds_:: 0.000000
                decay_integrator
                    deallocate_decayed_blocks:: 1
            tsdf_decay_integrator
                decay_factor:: 0.990000
                decayed_weight_theshold:: 0.001000
                set_free_distance_on_decayed:: 0
                free_distance_vox:: 4.000000
                decay_integrator
                    deallocate_decayed_blocks:: 1
            freespace_integrator
                max_tsdf_distance_for_occupancy_m:: 0.150000
                max_unobserved_to_keep_consecutive_occupancy_ms:: 200
                min_duration_since_occupied_for_freespace_ms:: 1000
                min_consecutive_occupancy_duration_for_reset_ms:: 2000
                check_neighborhood:: 1
        foreground_mapper
            voxel_size_m: 0.050000
            memory_type: kDevice
            projective_layer_type: kNone
            esdf_mode: kUnset
            do_depth_preprocessing: 0
            depth_preprocessing_num_dilations: 4
            exclude_last_view_from_decay: 0
            camera_tsdf_integrator
                max_weight:: 5.000000
                marked_unobserved_voxels_distance_m:: -1.000000
                marked_unobserved_voxels_weight:: 0.100000
                weighting_function_type:: kInverseSquareWeight
                invalid_depth_decay_factor:: -1.000000
                projective_integrator
                    lidar_linear_interpolation_max_allowable_difference_vox:: 2.000000
                    lidar_nearest_interpolation_max_allowable_dist_to_ray_vox:: 0.500000
                    truncation_distance_vox:: 4.000000
                    max_integration_distance_m:: 7.000000
                    view_calculator
                        raycast_subsampling_factor: 4
                        workspace_bounds_type: kUnbounded
                        workspace_bounds_min_height_m: 0.000000
                        workspace_bounds_max_height_m: 1.000000
                        workspace_bounds_min_corner_x_m: 0.000000
                        workspace_bounds_max_corner_x_m: 0.000000
                        workspace_bounds_min_corner_y_m: 2.000000
                        workspace_bounds_max_corner_y_m: 2.000000
            lidar_tsdf_integrator
                max_weight:: 5.000000
                marked_unobserved_voxels_distance_m:: -1.000000
                marked_unobserved_voxels_weight:: 0.100000
                weighting_function_type:: kInverseSquareWeight
                invalid_depth_decay_factor:: -1.000000
                projective_integrator
                    lidar_linear_interpolation_max_allowable_difference_vox:: 2.000000
                    lidar_nearest_interpolation_max_allowable_dist_to_ray_vox:: 0.500000
                    truncation_distance_vox:: 4.000000
                    max_integration_distance_m:: 10.000000
                    view_calculator
                        raycast_subsampling_factor: 4
                        workspace_bounds_type: kUnbounded
                        workspace_bounds_min_height_m: 0.000000
                        workspace_bounds_max_height_m: 1.000000
                        workspace_bounds_min_corner_x_m: 0.000000
                        workspace_bounds_max_corner_x_m: 0.000000
                        workspace_bounds_min_corner_y_m: 2.000000
                        workspace_bounds_max_corner_y_m: 2.000000
            projective_color_integrator
                sphere_tracing_ray_subsampling_factor:: 4
                max_weight:: 5.000000
                weighting_function_type:: kInverseSquareWeight
                projective_integrator
                    lidar_linear_interpolation_max_allowable_difference_vox:: 2.000000
                    lidar_nearest_interpolation_max_allowable_dist_to_ray_vox:: 0.500000
                    truncation_distance_vox:: 4.000000
                    max_integration_distance_m:: 7.000000
                    view_calculator
                        raycast_subsampling_factor: 4
                        workspace_bounds_type: kUnbounded
                        workspace_bounds_min_height_m: 0.000000
                        workspace_bounds_max_height_m: 1.000000
                        workspace_bounds_min_corner_x_m: 0.000000
                        workspace_bounds_max_corner_x_m: 0.000000
                        workspace_bounds_min_corner_y_m: 2.000000
                        workspace_bounds_max_corner_y_m: 2.000000
                view_calculator
                    raycast_subsampling_factor: 4
                    workspace_bounds_type: kUnbounded
                    workspace_bounds_min_height_m: 0.000000
                    workspace_bounds_max_height_m: 1.000000
                    workspace_bounds_min_corner_x_m: 0.000000
                    workspace_bounds_max_corner_x_m: 0.000000
                    workspace_bounds_min_corner_y_m: 2.000000
                    workspace_bounds_max_corner_y_m: 2.000000
            camera_occupancy_integrator
                free_region_log_odds:: -0.847298
                occupied_region_log_odds:: 0.847298
                unobserved_region_log_odds:: 0.000000
                occupied_region_half_width_m:: 0.100000
                projective_integrator
                    lidar_linear_interpolation_max_allowable_difference_vox:: 2.000000
                    lidar_nearest_interpolation_max_allowable_dist_to_ray_vox:: 0.500000
                    truncation_distance_vox:: 4.000000
                    max_integration_distance_m:: 7.000000
                    view_calculator
                        raycast_subsampling_factor: 4
                        workspace_bounds_type: kUnbounded
                        workspace_bounds_min_height_m: 0.000000
                        workspace_bounds_max_height_m: 1.000000
                        workspace_bounds_min_corner_x_m: 0.000000
                        workspace_bounds_max_corner_x_m: 0.000000
                        workspace_bounds_min_corner_y_m: 2.000000
                        workspace_bounds_max_corner_y_m: 2.000000
            lidar_occupancy_integrator
                free_region_log_odds:: -0.847298
                occupied_region_log_odds:: 0.847298
                unobserved_region_log_odds:: 0.000000
                occupied_region_half_width_m:: 0.100000
                projective_integrator
                    lidar_linear_interpolation_max_allowable_difference_vox:: 2.000000
                    lidar_nearest_interpolation_max_allowable_dist_to_ray_vox:: 0.500000
                    truncation_distance_vox:: 4.000000
                    max_integration_distance_m:: 10.000000
                    view_calculator
                        raycast_subsampling_factor: 4
                        workspace_bounds_type: kUnbounded
                        workspace_bounds_min_height_m: 0.000000
                        workspace_bounds_max_height_m: 1.000000
                        workspace_bounds_min_corner_x_m: 0.000000
                        workspace_bounds_max_corner_x_m: 0.000000
                        workspace_bounds_min_corner_y_m: 2.000000
                        workspace_bounds_max_corner_y_m: 2.000000
            esdf_integrator
                max_esdf_distance_m:: 2.000000
                max_tsdf_site_distance_vox:: 1.000000
                tsdf_min_weight:: 0.000100
                occupied_threshold_log_odds:: 0.000000
                esdf_slice_min_height:: 0.000000
                esdf_slice_max_height:: 1.000000
                esdf_slice_height:: 1.000000
                slice_height_above_plane_m:: 0.000000
                slice_height_thickness_m:: 0.100000
            mesh_integrator
                min_weight:: 0.000100
                cutoff_distance_vox:: 5.000000
                weld_vertices:: 1
            occupancy_decay_integrator
                free_space_decay_log_odds:: 0.200671
                occupied_space_decay_log_odds:: -0.405465
                decay_to_log_odds_:: 0.000000
                decay_integrator
                    deallocate_decayed_blocks:: 1
            tsdf_decay_integrator
                decay_factor:: 0.950000
                decayed_weight_theshold:: 0.001000
                set_free_distance_on_decayed:: 0
                free_distance_vox:: 4.000000
                decay_integrator
                    deallocate_decayed_blocks:: 1
            freespace_integrator
                max_tsdf_distance_for_occupancy_m:: 0.150000
                max_unobserved_to_keep_consecutive_occupancy_ms:: 200
                min_duration_since_occupied_for_freespace_ms:: 1000
                min_consecutive_occupancy_duration_for_reset_ms:: 2000
                check_neighborhood:: 1
        image_masker
            occlusion_threshold_m:: 0.250000
        ground_plane_estimator
            ground_points_candidates_min_z_m:: -0.100000
            ground_points_candidates_max_z_m:: 0.150000
            ransac_plane_fitter
                num_ransac_iterations:: 1000
                ransac_distance_threshold_m:: 0.200000
            tsdf_zero_crossings_extractor
                min_tsdf_weight:: 0.100000
                max_crossings:: 360000

[INFO] [1790059849.816908469] [nvblox_node]: Timing statistics: 

NVBlox Timings (in seconds)
namespace/tag - NumSamples - TotalTime - (Mean +- StdDev) - [Min,Max]
-----------
/esdf_slicer/get_aabb         	      1	00.000004	(00.000004 +- 00.000000)	[00.000004,00.000004]
esdf/integrate_slice          	      1	00.000001	(00.000001 +- 00.000000)	[00.000001,00.000001]
gpu_hash/transfer/reset       	     12	00.107621	(00.008968 +- 00.008079)	[00.001275,00.026848]
ros/clear_outside_radius      	      1	00.000002	(00.000002 +- 00.000000)	[00.000002,00.000002]
ros/decay_tsdf                	      1	00.000517	(00.000517 +- 00.000000)	[00.000517,00.000517]
ros/depth_image_callback      	      1	00.000063	(00.000063 +- 00.000000)	[00.000063,00.000063]
ros/esdf                      	      1	00.001211	(00.001211 +- 00.000000)	[00.001211,00.001211]
ros/esdf/integrate            	      1	00.000074	(00.000074 +- 00.000000)	[00.000074,00.000074]
ros/esdf/slice_output         	      1	00.001124	(00.001124 +- 00.000000)	[00.001124,00.001124]
ros/idle                      	      0	
ros/process_queue             	      3	00.000008	(00.000003 +- 00.000003)	[00.000000,00.000007]
ros/push_onto_queue           	      1	00.000008	(00.000008 +- 00.000000)	[00.000008,00.000008]
ros/static/esdf/output/compute	      1	00.000071	(00.000071 +- 00.000000)	[00.000071,00.000071]
ros/static/esdf/output/slice  	      1	00.000937	(00.000937 +- 00.000000)	[00.000937,00.000937]
ros/tick                      	      0	
-----------

[INFO] [1790059849.817139228] [nvblox_node]: Rates statistics: 

NVBlox Rates (in Hz)
namespace/tag - NumSamples (Window Length) - Mean 
-----------
ros/depth_image_callback	1      	0.0
ros/update_esdf         	1      	0.0
ros/tick                	1      	0.0
-----------

[INFO] [1790059849.817204511] [nvblox_node]: Delay statistics: 

NVBlox Delays
namespace/tag - NumSamples (Window Length) - Mean Delay (seconds) 
-----------
ros/depth_image_callback	1      	0.104
-----------

[INFO] [1790059859.819444950] [nvblox_node]: Timing statistics: 

NVBlox Timings (in seconds)
namespace/tag - NumSamples - TotalTime - (Mean +- StdDev) - [Min,Max]
-----------
/esdf_slicer/get_aabb                         	     96	00.000455	(00.000005 +- 00.000001)	[00.000002,00.000032]
/esdf_slicer/slice_layer                      	     95	00.014939	(00.000157 +- 00.000036)	[00.000099,00.001467]
esdf/integrate/clear                          	     95	00.020695	(00.000218 +- 00.000036)	[00.000160,00.000321]
esdf/integrate/clear/get_blocks               	     95	00.004395	(00.000046 +- 00.000016)	[00.000025,00.000107]
esdf/integrate/compute/neighbor_bands         	    122	00.043771	(00.000359 +- 00.000093)	[00.000166,00.001815]
esdf/integrate/compute/neighbor_bands/gpu_view	    122	00.014355	(00.000118 +- 00.000053)	[00.000027,00.001617]
esdf/integrate/compute/swap                   	    122	00.000204	(00.000002 +- 00.000003)	[00.000001,00.000025]
esdf/integrate/compute/sweep                  	    122	00.004812	(00.000039 +- 00.000013)	[00.000016,00.000157]
esdf/integrate/mark_sites/pack_out            	     95	00.006881	(00.000072 +- 00.000027)	[00.000055,00.000234]
esdf/integrate_slice                          	     96	00.182569	(00.001902 +- 00.000538)	[00.000001,00.006193]
esdf/integrate_slice/compute                  	     95	00.052913	(00.000557 +- 00.000255)	[00.000292,00.003935]
esdf/integrate_slice/mark_sites               	     95	00.107940	(00.001136 +- 00.000460)	[00.000215,00.002808]
gpu_hash/flush_insertion_cache                	     98	00.018872	(00.000193 +- 00.000075)	[00.000126,00.000486]
gpu_hash/flush_removal_cache                  	     96	00.035480	(00.000370 +- 00.000373)	[00.000103,00.002534]
gpu_hash/transfer/reset                       	     12	00.107621	(00.008968 +- 00.008079)	[00.001275,00.026848]
ros/clear_outside_radius                      	     10	00.000009	(00.000001 +- 00.000001)	[00.000000,00.000002]
ros/decay_tsdf                                	     49	00.077292	(00.001577 +- 00.000784)	[00.000517,00.005840]
ros/depth                                     	    151	00.265061	(00.001755 +- 00.000535)	[00.001242,00.014144]
ros/depth/conversions                         	    151	00.136232	(00.000902 +- 00.000120)	[00.000726,00.008372]
ros/depth/integrate                           	    151	00.115671	(00.000766 +- 00.000320)	[00.000446,00.002543]
ros/depth/output/back_projected_depth         	    151	00.005123	(00.000034 +- 00.000006)	[00.000007,00.003382]
ros/depth/transform                           	    151	00.005806	(00.000038 +- 00.000128)	[00.000017,00.000937]
ros/depth_image_callback                      	    151	00.007556	(00.000050 +- 00.000023)	[00.000022,00.000138]
ros/esdf                                      	     96	00.262987	(00.002739 +- 00.000662)	[00.001211,00.006881]
ros/esdf/integrate                            	     96	00.204553	(00.002131 +- 00.000551)	[00.000074,00.006357]
ros/esdf/slice_output                         	     96	00.057776	(00.000602 +- 00.000202)	[00.000411,00.001824]
ros/idle                                      	   1001	08.992577	(00.008984 +- 00.001000)	[00.000470,00.014267]
ros/process_queue                             	   3006	00.316090	(00.000105 +- 00.000450)	[00.000000,00.014412]
ros/push_onto_queue                           	    151	00.000545	(00.000004 +- 00.000001)	[00.000002,00.000008]
ros/static/esdf/output/compute                	     96	00.020387	(00.000212 +- 00.000048)	[00.000071,00.001536]
ros/static/esdf/output/slice                  	     96	00.031662	(00.000330 +- 00.000185)	[00.000195,00.001213]
ros/tick                                      	   1001	01.003027	(00.001002 +- 00.000997)	[00.000189,00.014616]
tsdf/integrate                                	    151	00.045458	(00.000301 +- 00.000145)	[00.000185,00.001594]
tsdf/integrate/allocate_blocks                	    151	00.010427	(00.000069 +- 00.000115)	[00.000022,00.000830]
tsdf/integrate/get_blocks_in_view             	    151	00.003134	(00.000021 +- 00.000008)	[00.000013,00.000679]
tsdf/integrate/transfer_blocks                	    151	00.016087	(00.000107 +- 00.000063)	[00.000071,00.000470]
tsdf/integrate/update_blocks                  	    151	00.014078	(00.000093 +- 00.000009)	[00.000062,00.000652]
view_calculator/raycast                       	    151	00.002419	(00.000016 +- 00.000008)	[00.000009,00.000672]
view_calculator/raycast/output                	      1	00.000088	(00.000088 +- 00.000000)	[00.000088,00.000088]
view_calculator/raycast/raycast_pixels_kernel 	      1	00.000489	(00.000489 +- 00.000000)	[00.000489,00.000489]
view_calculator/raycast/setup                 	      1	00.000080	(00.000080 +- 00.000000)	[00.000080,00.000080]
-----------

[INFO] [1790059859.820079243] [nvblox_node]: Rates statistics: 

NVBlox Rates (in Hz)
namespace/tag - NumSamples (Window Length) - Mean 
-----------
ros/depth               	100    	15.2
ros/depth_image_callback	100    	15.1
ros/update_esdf         	96     	9.6
ros/tick                	100    	101.0
-----------

[INFO] [1790059859.820199471] [nvblox_node]: Delay statistics: 

NVBlox Delays
namespace/tag - NumSamples (Window Length) - Mean Delay (seconds) 
-----------
ros/esdf_integration       	95     	0.099
ros/depth_image_integration	100    	0.071
ros/depth_image_callback   	100    	0.064
-----------

[INFO] [1790059869.819551243] [nvblox_node]: Timing statistics: 

NVBlox Timings (in seconds)
namespace/tag - NumSamples - TotalTime - (Mean +- StdDev) - [Min,Max]
-----------
/esdf_slicer/get_aabb                         	    191	00.000902	(00.000005 +- 00.000002)	[00.000002,00.000032]
/esdf_slicer/slice_layer                      	    190	00.028732	(00.000151 +- 00.000097)	[00.000099,00.001467]
esdf/integrate/clear                          	    190	00.043905	(00.000231 +- 00.000078)	[00.000158,00.000683]
esdf/integrate/clear/get_blocks               	    190	00.009593	(00.000050 +- 00.000022)	[00.000025,00.000186]
esdf/integrate/compute/neighbor_bands         	    267	00.080849	(00.000303 +- 00.000061)	[00.000166,00.001815]
esdf/integrate/compute/neighbor_bands/gpu_view	    267	00.024475	(00.000092 +- 00.000022)	[00.000023,00.001617]
esdf/integrate/compute/swap                   	    267	00.000424	(00.000002 +- 00.000000)	[00.000001,00.000025]
esdf/integrate/compute/sweep                  	    267	00.010924	(00.000041 +- 00.000024)	[00.000016,00.000185]
esdf/integrate/mark_sites/pack_out            	    190	00.014885	(00.000078 +- 00.000017)	[00.000055,00.000724]
esdf/integrate_slice                          	    191	00.360916	(00.001890 +- 00.000651)	[00.000001,00.006193]
esdf/integrate_slice/compute                  	    190	00.100721	(00.000530 +- 00.000402)	[00.000274,00.003935]
esdf/integrate_slice/mark_sites               	    190	00.214190	(00.001127 +- 00.000448)	[00.000215,00.003253]
gpu_hash/flush_insertion_cache                	    196	00.037328	(00.000190 +- 00.000057)	[00.000126,00.000486]
gpu_hash/flush_removal_cache                  	    194	00.062306	(00.000321 +- 00.000220)	[00.000103,00.002534]
gpu_hash/transfer/reset                       	     12	00.107621	(00.008968 +- 00.008079)	[00.001275,00.026848]
ros/clear_outside_radius                      	     20	00.000020	(00.000001 +- 00.000001)	[00.000000,00.000003]
ros/decay_tsdf                                	     98	00.149703	(00.001528 +- 00.000268)	[00.000517,00.005840]
ros/depth                                     	    301	00.515871	(00.001714 +- 00.000304)	[00.001242,00.014144]
ros/depth/conversions                         	    301	00.259926	(00.000864 +- 00.000123)	[00.000726,00.008372]
ros/depth/integrate                           	    301	00.233467	(00.000776 +- 00.000236)	[00.000446,00.002543]
ros/depth/output/back_projected_depth         	    301	00.006923	(00.000023 +- 00.000007)	[00.000007,00.003382]
ros/depth/transform                           	    301	00.010881	(00.000036 +- 00.000004)	[00.000017,00.000937]
ros/depth_image_callback                      	    301	00.015918	(00.000053 +- 00.000026)	[00.000022,00.000198]
ros/esdf                                      	    191	00.521931	(00.002733 +- 00.000870)	[00.001211,00.006881]
ros/esdf/integrate                            	    191	00.403355	(00.002112 +- 00.000684)	[00.000074,00.006357]
ros/esdf/slice_output                         	    191	00.117186	(00.000614 +- 00.000507)	[00.000411,00.004142]
ros/idle                                      	   2001	17.971560	(00.008981 +- 00.001115)	[00.000470,00.014267]
ros/process_queue                             	   6006	00.615755	(00.000103 +- 00.000459)	[00.000000,00.014412]
ros/push_onto_queue                           	    301	00.001214	(00.000004 +- 00.000001)	[00.000002,00.000071]
ros/static/esdf/output/compute                	    191	00.042406	(00.000222 +- 00.000486)	[00.000071,00.003656]
ros/static/esdf/output/slice                  	    191	00.063618	(00.000333 +- 00.000085)	[00.000195,00.001213]
ros/tick                                      	   2001	02.016987	(00.001008 +- 00.001096)	[00.000189,00.014616]
tsdf/integrate                                	    301	00.090647	(00.000301 +- 00.000124)	[00.000185,00.001594]
tsdf/integrate/allocate_blocks                	    301	00.020241	(00.000067 +- 00.000089)	[00.000022,00.000830]
tsdf/integrate/get_blocks_in_view             	    301	00.005923	(00.000020 +- 00.000031)	[00.000013,00.000679]
tsdf/integrate/transfer_blocks                	    301	00.033202	(00.000110 +- 00.000033)	[00.000071,00.000470]
tsdf/integrate/update_blocks                  	    301	00.027617	(00.000092 +- 00.000045)	[00.000062,00.000652]
view_calculator/raycast                       	    301	00.004395	(00.000015 +- 00.000030)	[00.000009,00.000672]
view_calculator/raycast/output                	      1	00.000088	(00.000088 +- 00.000000)	[00.000088,00.000088]
view_calculator/raycast/raycast_pixels_kernel 	      1	00.000489	(00.000489 +- 00.000000)	[00.000489,00.000489]
view_calculator/raycast/setup                 	      1	00.000080	(00.000080 +- 00.000000)	[00.000080,00.000080]
-----------

[INFO] [1790059869.820114206] [nvblox_node]: Rates statistics: 

NVBlox Rates (in Hz)
namespace/tag - NumSamples (Window Length) - Mean 
-----------
ros/depth               	100    	15.1
ros/depth_image_callback	100    	15.1
ros/update_esdf         	100    	9.6
ros/tick                	100    	101.0
-----------

[INFO] [1790059869.820234690] [nvblox_node]: Delay statistics: 

NVBlox Delays
namespace/tag - NumSamples (Window Length) - Mean Delay (seconds) 
-----------
ros/esdf_integration       	100    	0.102
ros/depth_image_integration	100    	0.072
ros/depth_image_callback   	100    	0.065
-----------

[INFO] [1790059879.819864364] [nvblox_node]: Timing statistics: 

NVBlox Timings (in seconds)
namespace/tag - NumSamples - TotalTime - (Mean +- StdDev) - [Min,Max]
-----------
/esdf_slicer/get_aabb                         	    286	00.001328	(00.000005 +- 00.000001)	[00.000002,00.000032]
/esdf_slicer/slice_layer                      	    285	00.042250	(00.000148 +- 00.000069)	[00.000099,00.001467]
esdf/integrate/clear                          	    285	00.067106	(00.000235 +- 00.000069)	[00.000158,00.000683]
esdf/integrate/clear/get_blocks               	    285	00.014913	(00.000052 +- 00.000027)	[00.000025,00.000203]
esdf/integrate/compute/neighbor_bands         	    376	00.107835	(00.000287 +- 00.000040)	[00.000166,00.001815]
esdf/integrate/compute/neighbor_bands/gpu_view	    376	00.032344	(00.000086 +- 00.000014)	[00.000023,00.001617]
esdf/integrate/compute/swap                   	    376	00.000613	(00.000002 +- 00.000000)	[00.000001,00.000025]
esdf/integrate/compute/sweep                  	    376	00.015796	(00.000042 +- 00.000019)	[00.000016,00.000185]
esdf/integrate/mark_sites/pack_out            	    285	00.022456	(00.000079 +- 00.000022)	[00.000055,00.000724]
esdf/integrate_slice                          	    286	00.527626	(00.001845 +- 00.000523)	[00.000001,00.006193]
esdf/integrate_slice/compute                  	    285	00.136674	(00.000480 +- 00.000263)	[00.000274,00.003935]
esdf/integrate_slice/mark_sites               	    285	00.320660	(00.001125 +- 00.000442)	[00.000215,00.003253]
gpu_hash/flush_insertion_cache                	    292	00.055766	(00.000191 +- 00.000045)	[00.000126,00.000486]
gpu_hash/flush_removal_cache                  	    290	00.090532	(00.000312 +- 00.000195)	[00.000103,00.002534]
gpu_hash/transfer/reset                       	     12	00.107621	(00.008968 +- 00.008079)	[00.001275,00.026848]
ros/clear_outside_radius                      	     30	00.000028	(00.000001 +- 00.000001)	[00.000000,00.000003]
ros/decay_tsdf                                	    146	00.217072	(00.001487 +- 00.000344)	[00.000517,00.005840]
ros/depth                                     	    451	00.766594	(00.001700 +- 00.000231)	[00.001242,00.014144]
ros/depth/conversions                         	    451	00.382854	(00.000849 +- 00.000055)	[00.000726,00.008372]
ros/depth/integrate                           	    451	00.352233	(00.000781 +- 00.000210)	[00.000446,00.002543]
ros/depth/output/back_projected_depth         	    451	00.008548	(00.000019 +- 00.000003)	[00.000007,00.003382]
ros/depth/transform                           	    451	00.016010	(00.000035 +- 00.000010)	[00.000017,00.000937]
ros/depth_image_callback                      	    451	00.023433	(00.000052 +- 00.000018)	[00.000022,00.000198]
ros/esdf                                      	    286	00.764661	(00.002674 +- 00.000601)	[00.001211,00.006881]
ros/esdf/integrate                            	    286	00.590372	(00.002064 +- 00.000545)	[00.000074,00.006357]
ros/esdf/slice_output                         	    286	00.172174	(00.000602 +- 00.000115)	[00.000411,00.004142]
ros/idle                                      	   3001	26.972812	(00.008988 +- 00.001070)	[00.000470,00.014267]
ros/process_queue                             	   9006	00.915914	(00.000102 +- 00.000456)	[00.000000,00.014412]
ros/push_onto_queue                           	    451	00.001790	(00.000004 +- 00.000001)	[00.000002,00.000071]
ros/static/esdf/output/compute                	    286	00.061106	(00.000214 +- 00.000073)	[00.000071,00.003656]
ros/static/esdf/output/slice                  	    286	00.094634	(00.000331 +- 00.000063)	[00.000195,00.001213]
ros/tick                                      	   3001	03.009471	(00.001003 +- 00.001054)	[00.000189,00.014616]
tsdf/integrate                                	    451	00.135977	(00.000302 +- 00.000071)	[00.000185,00.001594]
tsdf/integrate/allocate_blocks                	    451	00.030020	(00.000067 +- 00.000050)	[00.000022,00.000830]
tsdf/integrate/get_blocks_in_view             	    451	00.008574	(00.000019 +- 00.000004)	[00.000012,00.000679]
tsdf/integrate/transfer_blocks                	    451	00.050140	(00.000111 +- 00.000029)	[00.000071,00.000470]
tsdf/integrate/update_blocks                  	    451	00.041585	(00.000092 +- 00.000023)	[00.000062,00.000652]
view_calculator/raycast                       	    451	00.006178	(00.000014 +- 00.000003)	[00.000009,00.000672]
view_calculator/raycast/output                	      1	00.000088	(00.000088 +- 00.000000)	[00.000088,00.000088]
view_calculator/raycast/raycast_pixels_kernel 	      1	00.000489	(00.000489 +- 00.000000)	[00.000489,00.000489]
view_calculator/raycast/setup                 	      1	00.000080	(00.000080 +- 00.000000)	[00.000080,00.000080]
-----------

[INFO] [1790059879.820384510] [nvblox_node]: Rates statistics: 

NVBlox Rates (in Hz)
namespace/tag - NumSamples (Window Length) - Mean 
-----------
ros/depth               	100    	15.1
ros/depth_image_callback	100    	15.1
ros/update_esdf         	100    	9.6
ros/tick                	100    	101.0
-----------

[INFO] [1790059879.820487329] [nvblox_node]: Delay statistics: 

NVBlox Delays
namespace/tag - NumSamples (Window Length) - Mean Delay (seconds) 
-----------
ros/esdf_integration       	100    	0.102
ros/depth_image_integration	100    	0.071
ros/depth_image_callback   	100    	0.064
-----------

[INFO] [1790059889.823720744] [nvblox_node]: Timing statistics: 

NVBlox Timings (in seconds)
namespace/tag - NumSamples - TotalTime - (Mean +- StdDev) - [Min,Max]
-----------
/esdf_slicer/get_aabb                         	    380	00.001742	(00.000005 +- 00.000001)	[00.000002,00.000032]
/esdf_slicer/slice_layer                      	    379	00.056191	(00.000148 +- 00.000021)	[00.000094,00.001467]
esdf/integrate/clear                          	    379	00.090381	(00.000238 +- 00.000177)	[00.000158,00.001454]
esdf/integrate/clear/get_blocks               	    379	00.019773	(00.000052 +- 00.000021)	[00.000022,00.000203]
esdf/integrate/compute/neighbor_bands         	    503	00.141496	(00.000281 +- 00.000074)	[00.000166,00.001815]
esdf/integrate/compute/neighbor_bands/gpu_view	    503	00.042628	(00.000085 +- 00.000059)	[00.000009,00.001617]
esdf/integrate/compute/swap                   	    503	00.000861	(00.000002 +- 00.000000)	[00.000001,00.000066]
esdf/integrate/compute/sweep                  	    503	00.020886	(00.000042 +- 00.000016)	[00.000016,00.000185]
esdf/integrate/mark_sites/pack_out            	    379	00.029511	(00.000078 +- 00.000019)	[00.000055,00.000724]
esdf/integrate_slice                          	    380	00.695947	(00.001831 +- 00.000630)	[00.000001,00.006193]
esdf/integrate_slice/compute                  	    379	00.179457	(00.000474 +- 00.000222)	[00.000271,00.003935]
esdf/integrate_slice/mark_sites               	    379	00.421883	(00.001113 +- 00.000474)	[00.000215,00.003253]
gpu_hash/flush_insertion_cache                	    390	00.073346	(00.000188 +- 00.000048)	[00.000126,00.000486]
gpu_hash/flush_removal_cache                  	    388	00.121560	(00.000313 +- 00.000258)	[00.000103,00.002534]
gpu_hash/transfer/reset                       	     12	00.107621	(00.008968 +- 00.008079)	[00.001275,00.026848]
ros/clear_outside_radius                      	     40	00.000036	(00.000001 +- 00.000000)	[00.000000,00.000003]
ros/decay_tsdf                                	    195	00.295134	(00.001514 +- 00.000550)	[00.000517,00.005840]
ros/depth                                     	    601	01.011358	(00.001683 +- 00.000324)	[00.001242,00.014144]
ros/depth/conversions                         	    601	00.506270	(00.000842 +- 00.000183)	[00.000726,00.008372]
ros/depth/integrate                           	    601	00.465367	(00.000774 +- 00.000200)	[00.000446,00.002543]
ros/depth/output/back_projected_depth         	    601	00.010157	(00.000017 +- 00.000001)	[00.000007,00.003382]
ros/depth/transform                           	    601	00.020458	(00.000034 +- 00.000009)	[00.000017,00.000937]
ros/depth_image_callback                      	    601	00.030286	(00.000050 +- 00.000014)	[00.000022,00.000198]
ros/esdf                                      	    380	01.008156	(00.002653 +- 00.000663)	[00.001211,00.006881]
ros/esdf/integrate                            	    380	00.777826	(00.002047 +- 00.000655)	[00.000074,00.006357]
ros/esdf/slice_output                         	    380	00.227500	(00.000599 +- 00.000082)	[00.000411,00.004142]
ros/idle                                      	   4001	36.000022	(00.008998 +- 00.001264)	[00.000470,00.014267]
ros/process_queue                             	  12006	01.206686	(00.000101 +- 00.000437)	[00.000000,00.014412]
ros/push_onto_queue                           	    601	00.002414	(00.000004 +- 00.000001)	[00.000002,00.000076]
ros/static/esdf/output/compute                	    380	00.080498	(00.000212 +- 00.000035)	[00.000071,00.003656]
ros/static/esdf/output/slice                  	    380	00.125359	(00.000330 +- 00.000062)	[00.000195,00.001213]
ros/tick                                      	   4001	03.978968	(00.000994 +- 00.001124)	[00.000189,00.014616]
tsdf/integrate                                	    601	00.181876	(00.000303 +- 00.000133)	[00.000181,00.001594]
tsdf/integrate/allocate_blocks                	    601	00.039948	(00.000066 +- 00.000098)	[00.000022,00.000830]
tsdf/integrate/get_blocks_in_view             	    601	00.011103	(00.000018 +- 00.000012)	[00.000012,00.000679]
tsdf/integrate/transfer_blocks                	    601	00.067953	(00.000113 +- 00.000059)	[00.000065,00.000470]
tsdf/integrate/update_blocks                  	    601	00.055311	(00.000092 +- 00.000017)	[00.000062,00.000652]
view_calculator/raycast                       	    601	00.007929	(00.000013 +- 00.000011)	[00.000009,00.000672]
view_calculator/raycast/output                	      1	00.000088	(00.000088 +- 00.000000)	[00.000088,00.000088]
view_calculator/raycast/raycast_pixels_kernel 	      1	00.000489	(00.000489 +- 00.000000)	[00.000489,00.000489]
view_calculator/raycast/setup                 	      1	00.000080	(00.000080 +- 00.000000)	[00.000080,00.000080]
-----------

[INFO] [1790059889.824315324] [nvblox_node]: Rates statistics: 

NVBlox Rates (in Hz)
namespace/tag - NumSamples (Window Length) - Mean 
-----------
ros/depth               	100    	15.2
ros/depth_image_callback	100    	15.1
ros/update_esdf         	100    	9.5
ros/tick                	100    	100.6
-----------

[INFO] [1790059889.824506083] [nvblox_node]: Delay statistics: 

NVBlox Delays
namespace/tag - NumSamples (Window Length) - Mean Delay (seconds) 
-----------
ros/esdf_integration       	100    	0.104
ros/depth_image_integration	100    	0.071
ros/depth_image_callback   	100    	0.064
-----------

[INFO] [1790059899.830474410] [nvblox_node]: Timing statistics: 

NVBlox Timings (in seconds)
namespace/tag - NumSamples - TotalTime - (Mean +- StdDev) - [Min,Max]
-----------
/esdf_slicer/get_aabb                         	    474	00.002189	(00.000005 +- 00.000001)	[00.000002,00.000032]
/esdf_slicer/slice_layer                      	    473	00.077146	(00.000163 +- 00.000425)	[00.000094,00.002540]
esdf/integrate/clear                          	    472	00.114677	(00.000243 +- 00.000520)	[00.000158,00.003909]
esdf/integrate/clear/get_blocks               	    472	00.024287	(00.000051 +- 00.000014)	[00.000022,00.000203]
esdf/integrate/compute/neighbor_bands         	    602	00.175591	(00.000292 +- 00.000489)	[00.000166,00.003700]
esdf/integrate/compute/neighbor_bands/gpu_view	    602	00.056380	(00.000094 +- 00.000329)	[00.000009,00.002332]
esdf/integrate/compute/swap                   	    602	00.002437	(00.000004 +- 00.000000)	[00.000001,00.001429]
esdf/integrate/compute/sweep                  	    602	00.025571	(00.000042 +- 00.000083)	[00.000016,00.000607]
esdf/integrate/mark_sites/pack_out            	    472	00.037239	(00.000079 +- 00.000032)	[00.000055,00.000773]
esdf/integrate_slice                          	    474	00.876697	(00.001850 +- 00.000830)	[00.000001,00.006743]
esdf/integrate_slice/compute                  	    472	00.224313	(00.000475 +- 00.000544)	[00.000271,00.003935]
esdf/integrate_slice/mark_sites               	    472	00.532395	(00.001128 +- 00.000417)	[00.000202,00.004655]
gpu_hash/flush_insertion_cache                	    486	00.091586	(00.000188 +- 00.000102)	[00.000126,00.000875]
gpu_hash/flush_removal_cache                  	    485	00.169378	(00.000349 +- 00.000351)	[00.000103,00.006096]
gpu_hash/transfer/reset                       	     12	00.107621	(00.008968 +- 00.008079)	[00.001275,00.026848]
ros/clear_outside_radius                      	     50	00.000043	(00.000001 +- 00.000000)	[00.000000,00.000003]
ros/decay_tsdf                                	    244	00.436554	(00.001789 +- 00.004406)	[00.000517,00.026523]
ros/depth                                     	    751	01.319905	(00.001758 +- 00.002665)	[00.000546,00.020308]
ros/depth/conversions                         	    751	00.647451	(00.000862 +- 00.000307)	[00.000082,00.008372]
ros/depth/integrate                           	    751	00.623009	(00.000830 +- 00.002462)	[00.000363,00.018078]
ros/depth/output/back_projected_depth         	    751	00.011772	(00.000016 +- 00.000004)	[00.000005,00.003382]
ros/depth/transform                           	    751	00.025115	(00.000033 +- 00.000034)	[00.000016,00.000937]
ros/depth_image_callback                      	    751	00.037257	(00.000050 +- 00.000029)	[00.000022,00.000198]
ros/esdf                                      	    474	01.285753	(00.002713 +- 00.001851)	[00.001211,00.013207]
ros/esdf/integrate                            	    474	00.988741	(00.002086 +- 00.001723)	[00.000074,00.012679]
ros/esdf/slice_output                         	    474	00.293500	(00.000619 +- 00.000459)	[00.000411,00.004217]
ros/idle                                      	   4993	44.859996	(00.008985 +- 00.001117)	[00.000147,00.040650]
ros/process_queue                             	  14982	01.575283	(00.000105 +- 00.000470)	[00.000000,00.021293]
ros/push_onto_queue                           	    751	00.003026	(00.000004 +- 00.000001)	[00.000002,00.000090]
ros/static/esdf/output/compute                	    474	00.109197	(00.000230 +- 00.000427)	[00.000071,00.003830]
ros/static/esdf/output/slice                  	    474	00.155835	(00.000329 +- 00.000077)	[00.000195,00.001213]
ros/tick                                      	   4993	05.117624	(00.001025 +- 00.001123)	[00.000189,00.032421]
tsdf/integrate                                	    751	00.271032	(00.000361 +- 00.002332)	[00.000164,00.016753]
tsdf/integrate/allocate_blocks                	    751	00.074640	(00.000099 +- 00.001575)	[00.000016,00.011217]
tsdf/integrate/get_blocks_in_view             	    751	00.013899	(00.000019 +- 00.000001)	[00.000011,00.000679]
tsdf/integrate/transfer_blocks                	    751	00.096202	(00.000128 +- 00.000282)	[00.000064,00.004435]
tsdf/integrate/update_blocks                  	    751	00.076656	(00.000102 +- 00.000492)	[00.000062,00.003966]
view_calculator/raycast                       	    751	00.009970	(00.000013 +- 00.000001)	[00.000007,00.000672]
view_calculator/raycast/output                	      1	00.000088	(00.000088 +- 00.000000)	[00.000088,00.000088]
view_calculator/raycast/raycast_pixels_kernel 	      1	00.000489	(00.000489 +- 00.000000)	[00.000489,00.000489]
view_calculator/raycast/setup                 	      1	00.000080	(00.000080 +- 00.000000)	[00.000080,00.000080]
-----------

[INFO] [1790059899.831019932] [nvblox_node]: Rates statistics: 

NVBlox Rates (in Hz)
namespace/tag - NumSamples (Window Length) - Mean 
-----------
ros/depth               	100    	15.2
ros/depth_image_callback	100    	15.1
ros/update_esdf         	100    	9.5
ros/tick                	100    	101.0
-----------

[INFO] [1790059899.831101566] [nvblox_node]: Delay statistics: 

NVBlox Delays
namespace/tag - NumSamples (Window Length) - Mean Delay (seconds) 
-----------
ros/esdf_integration       	100    	0.106
ros/depth_image_integration	100    	0.073
ros/depth_image_callback   	100    	0.065
-----------

[INFO] [1790059909.832956994] [nvblox_node]: Timing statistics: 

NVBlox Timings (in seconds)
namespace/tag - NumSamples - TotalTime - (Mean +- StdDev) - [Min,Max]
-----------
/esdf_slicer/get_aabb                         	    569	00.002725	(00.000005 +- 00.000001)	[00.000002,00.000109]
/esdf_slicer/slice_layer                      	    568	00.091727	(00.000161 +- 00.000019)	[00.000094,00.002540]
esdf/integrate/clear                          	    567	00.136700	(00.000241 +- 00.000050)	[00.000158,00.003909]
esdf/integrate/clear/get_blocks               	    567	00.029277	(00.000052 +- 00.000021)	[00.000022,00.000203]
esdf/integrate/compute/neighbor_bands         	    717	00.206368	(00.000288 +- 00.000072)	[00.000166,00.003700]
esdf/integrate/compute/neighbor_bands/gpu_view	    717	00.065535	(00.000091 +- 00.000024)	[00.000009,00.002332]
esdf/integrate/compute/swap                   	    717	00.002619	(00.000004 +- 00.000000)	[00.000001,00.001429]
esdf/integrate/compute/sweep                  	    717	00.031100	(00.000043 +- 00.000010)	[00.000016,00.000607]
esdf/integrate/mark_sites/pack_out            	    567	00.045013	(00.000079 +- 00.000090)	[00.000055,00.000773]
esdf/integrate_slice                          	    569	01.048913	(00.001843 +- 00.000676)	[00.000001,00.006743]
esdf/integrate_slice/compute                  	    567	00.265303	(00.000468 +- 00.000383)	[00.000271,00.003935]
esdf/integrate_slice/mark_sites               	    567	00.640571	(00.001130 +- 00.000539)	[00.000198,00.004655]
gpu_hash/flush_insertion_cache                	    584	00.110622	(00.000189 +- 00.000220)	[00.000126,00.001741]
gpu_hash/flush_removal_cache                  	    583	00.204867	(00.000351 +- 00.000242)	[00.000103,00.006096]
gpu_hash/transfer/reset                       	     12	00.107621	(00.008968 +- 00.008079)	[00.001275,00.026848]
ros/clear_outside_radius                      	     60	00.000053	(00.000001 +- 00.000000)	[00.000000,00.000003]
ros/decay_tsdf                                	    293	00.512598	(00.001749 +- 00.000551)	[00.000517,00.026523]
ros/depth                                     	    901	01.567753	(00.001740 +- 00.000364)	[00.000546,00.020308]
ros/depth/conversions                         	    901	00.769568	(00.000854 +- 00.000055)	[00.000082,00.008372]
ros/depth/integrate                           	    901	00.739200	(00.000820 +- 00.000349)	[00.000363,00.018078]
ros/depth/output/back_projected_depth         	    901	00.013492	(00.000015 +- 00.000005)	[00.000005,00.003382]
ros/depth/transform                           	    901	00.030578	(00.000034 +- 00.000019)	[00.000016,00.000937]
ros/depth_image_callback                      	    901	00.045954	(00.000051 +- 00.000022)	[00.000022,00.000198]
ros/esdf                                      	    569	01.537740	(00.002703 +- 00.000685)	[00.001211,00.013207]
ros/esdf/integrate                            	    569	01.182085	(00.002077 +- 00.000681)	[00.000074,00.012679]
ros/esdf/slice_output                         	    569	00.351453	(00.000618 +- 00.000086)	[00.000411,00.004217]
ros/idle                                      	   5993	53.852698	(00.008986 +- 00.001269)	[00.000147,00.040650]
ros/process_queue                             	  17982	01.873184	(00.000104 +- 00.000423)	[00.000000,00.021293]
ros/push_onto_queue                           	    901	00.003646	(00.000004 +- 00.000001)	[00.000002,00.000090]
ros/static/esdf/output/compute                	    569	00.129342	(00.000227 +- 00.000031)	[00.000071,00.003830]
ros/static/esdf/output/slice                  	    569	00.188295	(00.000331 +- 00.000062)	[00.000195,00.001213]
ros/tick                                      	   5993	06.117972	(00.001021 +- 00.001256)	[00.000189,00.032421]
tsdf/integrate                                	    901	00.316762	(00.000352 +- 00.000311)	[00.000164,00.016753]
tsdf/integrate/allocate_blocks                	    901	00.083367	(00.000093 +- 00.000037)	[00.000016,00.011217]
tsdf/integrate/get_blocks_in_view             	    901	00.016392	(00.000018 +- 00.000001)	[00.000011,00.000679]
tsdf/integrate/transfer_blocks                	    901	00.114948	(00.000128 +- 00.000306)	[00.000064,00.004435]
tsdf/integrate/update_blocks                  	    901	00.090447	(00.000100 +- 00.000012)	[00.000062,00.003966]
view_calculator/raycast                       	    901	00.011682	(00.000013 +- 00.000001)	[00.000007,00.000672]
view_calculator/raycast/output                	      1	00.000088	(00.000088 +- 00.000000)	[00.000088,00.000088]
view_calculator/raycast/raycast_pixels_kernel 	      1	00.000489	(00.000489 +- 00.000000)	[00.000489,00.000489]
view_calculator/raycast/setup                 	      1	00.000080	(00.000080 +- 00.000000)	[00.000080,00.000080]
-----------

[INFO] [1790059909.833544597] [nvblox_node]: Rates statistics: 

NVBlox Rates (in Hz)
namespace/tag - NumSamples (Window Length) - Mean 
-----------
ros/depth               	100    	15.2
ros/depth_image_callback	100    	15.1
ros/update_esdf         	100    	9.5
ros/tick                	100    	101.0
-----------

[INFO] [1790059909.833670202] [nvblox_node]: Delay statistics: 

NVBlox Delays
namespace/tag - NumSamples (Window Length) - Mean Delay (seconds) 
-----------
ros/esdf_integration       	100    	0.104
ros/depth_image_integration	100    	0.072
ros/depth_image_callback   	100    	0.065
-----------

[INFO] [1790059919.843753235] [nvblox_node]: Timing statistics: 

NVBlox Timings (in seconds)
namespace/tag - NumSamples - TotalTime - (Mean +- StdDev) - [Min,Max]
-----------
/esdf_slicer/get_aabb                         	    664	00.003164	(00.000005 +- 00.000001)	[00.000002,00.000109]
/esdf_slicer/slice_layer                      	    663	00.104212	(00.000157 +- 00.000020)	[00.000094,00.002540]
esdf/integrate/clear                          	    662	00.159872	(00.000241 +- 00.000040)	[00.000158,00.003909]
esdf/integrate/clear/get_blocks               	    662	00.034542	(00.000052 +- 00.000023)	[00.000022,00.000203]
esdf/integrate/compute/neighbor_bands         	    840	00.236740	(00.000282 +- 00.000038)	[00.000166,00.003700]
esdf/integrate/compute/neighbor_bands/gpu_view	    840	00.074202	(00.000088 +- 00.000015)	[00.000009,00.002332]
esdf/integrate/compute/swap                   	    840	00.002808	(00.000003 +- 00.000000)	[00.000001,00.001429]
esdf/integrate/compute/sweep                  	    840	00.036168	(00.000043 +- 00.000012)	[00.000015,00.000607]
esdf/integrate/mark_sites/pack_out            	    662	00.052351	(00.000079 +- 00.000017)	[00.000055,00.000773]
esdf/integrate_slice                          	    664	01.222510	(00.001841 +- 00.000495)	[00.000001,00.006743]
esdf/integrate_slice/compute                  	    662	00.305088	(00.000461 +- 00.000286)	[00.000271,00.003935]
esdf/integrate_slice/mark_sites               	    662	00.750115	(00.001133 +- 00.000374)	[00.000198,00.004655]
gpu_hash/flush_insertion_cache                	    681	00.129100	(00.000190 +- 00.000042)	[00.000126,00.001741]
gpu_hash/flush_removal_cache                  	    679	00.234024	(00.000345 +- 00.000225)	[00.000103,00.006096]
gpu_hash/transfer/reset                       	     12	00.107621	(00.008968 +- 00.008079)	[00.001275,00.026848]
ros/clear_outside_radius                      	     70	00.000060	(00.000001 +- 00.000000)	[00.000000,00.000003]
ros/decay_tsdf                                	    341	00.582121	(00.001707 +- 00.000316)	[00.000517,00.026523]
ros/depth                                     	   1051	01.822998	(00.001735 +- 00.000223)	[00.000546,00.020308]
ros/depth/conversions                         	   1051	00.894773	(00.000851 +- 00.000045)	[00.000082,00.008372]
ros/depth/integrate                           	   1051	00.859211	(00.000818 +- 00.000205)	[00.000363,00.018078]
ros/depth/output/back_projected_depth         	   1051	00.015186	(00.000014 +- 00.000006)	[00.000005,00.003382]
ros/depth/transform                           	   1051	00.036507	(00.000035 +- 00.000029)	[00.000016,00.000937]
ros/depth_image_callback                      	   1051	00.054136	(00.000052 +- 00.000020)	[00.000022,00.000198]
ros/esdf                                      	    664	01.787035	(00.002691 +- 00.000558)	[00.001211,00.013207]
ros/esdf/integrate                            	    664	01.375822	(00.002072 +- 00.000523)	[00.000074,00.012679]
ros/esdf/slice_output                         	    664	00.406237	(00.000612 +- 00.000080)	[00.000411,00.004217]
ros/idle                                      	   6994	62.831138	(00.008984 +- 00.000982)	[00.000147,00.040650]
ros/process_queue                             	  20985	02.179326	(00.000104 +- 00.000495)	[00.000000,00.021293]
ros/push_onto_queue                           	   1051	00.004328	(00.000004 +- 00.000001)	[00.000002,00.000090]
ros/static/esdf/output/compute                	    664	00.147189	(00.000222 +- 00.000027)	[00.000071,00.003830]
ros/static/esdf/output/slice                  	    664	00.219827	(00.000331 +- 00.000054)	[00.000195,00.001213]
ros/tick                                      	   6994	07.143213	(00.001021 +- 00.000959)	[00.000189,00.032421]
tsdf/integrate                                	   1051	00.363596	(00.000346 +- 00.000088)	[00.000164,00.016753]
tsdf/integrate/allocate_blocks                	   1051	00.093344	(00.000089 +- 00.000066)	[00.000016,00.011217]
tsdf/integrate/get_blocks_in_view             	   1051	00.018983	(00.000018 +- 00.000001)	[00.000011,00.000679]
tsdf/integrate/transfer_blocks                	   1051	00.133343	(00.000127 +- 00.000053)	[00.000064,00.004435]
tsdf/integrate/update_blocks                  	   1051	00.104214	(00.000099 +- 00.000023)	[00.000062,00.003966]
view_calculator/raycast                       	   1051	00.013411	(00.000013 +- 00.000001)	[00.000007,00.000672]
view_calculator/raycast/output                	      1	00.000088	(00.000088 +- 00.000000)	[00.000088,00.000088]
view_calculator/raycast/raycast_pixels_kernel 	      1	00.000489	(00.000489 +- 00.000000)	[00.000489,00.000489]
view_calculator/raycast/setup                 	      1	00.000080	(00.000080 +- 00.000000)	[00.000080,00.000080]
-----------

[INFO] [1790059919.844446122] [nvblox_node]: Rates statistics: 

NVBlox Rates (in Hz)
namespace/tag - NumSamples (Window Length) - Mean 
-----------
ros/depth               	100    	15.1
ros/depth_image_callback	100    	15.1
ros/update_esdf         	100    	9.6
ros/tick                	100    	101.0
-----------

[INFO] [1790059919.844553485] [nvblox_node]: Delay statistics: 

NVBlox Delays
namespace/tag - NumSamples (Window Length) - Mean Delay (seconds) 
-----------
ros/esdf_integration       	100    	0.101
ros/depth_image_integration	100    	0.072
ros/depth_image_callback   	100    	0.065
-----------

[INFO] [1790059929.851416993] [nvblox_node]: Timing statistics: 

NVBlox Timings (in seconds)
namespace/tag - NumSamples - TotalTime - (Mean +- StdDev) - [Min,Max]
-----------
/esdf_slicer/get_aabb                         	    758	00.003587	(00.000005 +- 00.000001)	[00.000002,00.000109]
/esdf_slicer/slice_layer                      	    757	00.116287	(00.000154 +- 00.000026)	[00.000094,00.002540]
esdf/integrate/clear                          	    756	00.184900	(00.000245 +- 00.000320)	[00.000153,00.003909]
esdf/integrate/clear/get_blocks               	    756	00.039644	(00.000052 +- 00.000023)	[00.000022,00.000203]
esdf/integrate/compute/neighbor_bands         	    961	00.269403	(00.000280 +- 00.000176)	[00.000166,00.003700]
esdf/integrate/compute/neighbor_bands/gpu_view	    961	00.084271	(00.000088 +- 00.000120)	[00.000009,00.002332]
esdf/integrate/compute/swap                   	    961	00.002993	(00.000003 +- 00.000000)	[00.000001,00.001429]
esdf/integrate/compute/sweep                  	    961	00.041320	(00.000043 +- 00.000011)	[00.000015,00.000607]
esdf/integrate/mark_sites/pack_out            	    756	00.059378	(00.000079 +- 00.000015)	[00.000055,00.000773]
esdf/integrate_slice                          	    758	01.392144	(00.001837 +- 00.000689)	[00.000001,00.006743]
esdf/integrate_slice/compute                  	    756	00.346833	(00.000459 +- 00.000448)	[00.000271,00.003935]
esdf/integrate_slice/mark_sites               	    756	00.851986	(00.001127 +- 00.000427)	[00.000198,00.004655]
gpu_hash/flush_insertion_cache                	    779	00.147099	(00.000189 +- 00.000047)	[00.000126,00.001741]
gpu_hash/flush_removal_cache                  	    777	00.263435	(00.000339 +- 00.000243)	[00.000103,00.006096]
gpu_hash/transfer/reset                       	     12	00.107621	(00.008968 +- 00.008079)	[00.001275,00.026848]
ros/clear_outside_radius                      	     80	00.000071	(00.000001 +- 00.000000)	[00.000000,00.000003]
ros/decay_tsdf                                	    390	00.653527	(00.001676 +- 00.000324)	[00.000517,00.026523]
ros/depth                                     	   1200	02.067689	(00.001723 +- 00.000229)	[00.000546,00.020308]
ros/depth/conversions                         	   1200	01.016030	(00.000847 +- 00.000046)	[00.000082,00.008372]
ros/depth/integrate                           	   1200	00.973880	(00.000812 +- 00.000199)	[00.000363,00.018078]
ros/depth/output/back_projected_depth         	   1200	00.016863	(00.000014 +- 00.000001)	[00.000005,00.003382]
ros/depth/transform                           	   1200	00.041279	(00.000034 +- 00.000010)	[00.000016,00.000937]
ros/depth_image_callback                      	   1200	00.062206	(00.000052 +- 00.000024)	[00.000022,00.000198]
ros/esdf                                      	    758	02.030064	(00.002678 +- 00.000778)	[00.001208,00.013207]
ros/esdf/integrate                            	    758	01.564604	(00.002064 +- 00.000721)	[00.000074,00.012679]
ros/esdf/slice_output                         	    758	00.459823	(00.000607 +- 00.000154)	[00.000411,00.004217]
ros/idle                                      	   7995	71.851993	(00.008987 +- 00.000984)	[00.000147,00.040650]
ros/process_queue                             	  23988	02.473672	(00.000103 +- 00.000382)	[00.000000,00.021293]
ros/push_onto_queue                           	   1200	00.004905	(00.000004 +- 00.000001)	[00.000002,00.000090]
ros/static/esdf/output/compute                	    758	00.164601	(00.000217 +- 00.000036)	[00.000071,00.003830]
ros/static/esdf/output/slice                  	    758	00.250696	(00.000331 +- 00.000133)	[00.000195,00.001213]
ros/tick                                      	   7995	08.124261	(00.001016 +- 00.000958)	[00.000189,00.032421]
tsdf/integrate                                	   1200	00.408502	(00.000340 +- 00.000061)	[00.000164,00.016753]
tsdf/integrate/allocate_blocks                	   1200	00.102431	(00.000085 +- 00.000044)	[00.000016,00.011217]
tsdf/integrate/get_blocks_in_view             	   1200	00.022277	(00.000019 +- 00.000008)	[00.000011,00.000679]
tsdf/integrate/transfer_blocks                	   1200	00.150358	(00.000125 +- 00.000026)	[00.000064,00.004435]
tsdf/integrate/update_blocks                  	   1200	00.117876	(00.000098 +- 00.000016)	[00.000061,00.003966]
view_calculator/raycast                       	   1200	00.015819	(00.000013 +- 00.000004)	[00.000007,00.000672]
view_calculator/raycast/output                	      2	00.000170	(00.000085 +- 00.000003)	[00.000082,00.000088]
view_calculator/raycast/raycast_pixels_kernel 	      2	00.000522	(00.000261 +- 00.000228)	[00.000033,00.000489]
view_calculator/raycast/setup                 	      2	00.000114	(00.000057 +- 00.000022)	[00.000035,00.000080]
-----------

[INFO] [1790059929.851873936] [nvblox_node]: Rates statistics: 

NVBlox Rates (in Hz)
namespace/tag - NumSamples (Window Length) - Mean 
-----------
ros/depth               	100    	15.1
ros/depth_image_callback	100    	15.1
ros/update_esdf         	100    	9.6
ros/tick                	100    	101.0
-----------

[INFO] [1790059929.851955570] [nvblox_node]: Delay statistics: 

NVBlox Delays
namespace/tag - NumSamples (Window Length) - Mean Delay (seconds) 
-----------
ros/esdf_integration       	100    	0.100
ros/depth_image_integration	100    	0.071
ros/depth_image_callback   	100    	0.064
-----------

[INFO] [1790059939.852476056] [nvblox_node]: Timing statistics: 

NVBlox Timings (in seconds)
namespace/tag - NumSamples - TotalTime - (Mean +- StdDev) - [Min,Max]
-----------
/esdf_slicer/get_aabb                         	    853	00.004010	(00.000005 +- 00.000002)	[00.000002,00.000109]
/esdf_slicer/slice_layer                      	    852	00.129824	(00.000152 +- 00.000030)	[00.000094,00.002540]
esdf/integrate/clear                          	    851	00.207247	(00.000244 +- 00.000037)	[00.000153,00.003909]
esdf/integrate/clear/get_blocks               	    851	00.044464	(00.000052 +- 00.000018)	[00.000022,00.000203]
esdf/integrate/compute/neighbor_bands         	   1089	00.310107	(00.000285 +- 00.000053)	[00.000166,00.004089]
esdf/integrate/compute/neighbor_bands/gpu_view	   1089	00.097693	(00.000090 +- 00.000024)	[00.000009,00.003160]
esdf/integrate/compute/swap                   	   1089	00.003188	(00.000003 +- 00.000000)	[00.000001,00.001429]
esdf/integrate/compute/sweep                  	   1089	00.046848	(00.000043 +- 00.000014)	[00.000015,00.000607]
esdf/integrate/mark_sites/pack_out            	    851	00.066656	(00.000078 +- 00.000021)	[00.000055,00.000773]
esdf/integrate_slice                          	    853	01.574671	(00.001846 +- 00.000885)	[00.000001,00.006743]
esdf/integrate_slice/compute                  	    851	00.397517	(00.000467 +- 00.000758)	[00.000271,00.005315]
esdf/integrate_slice/mark_sites               	    851	00.960364	(00.001129 +- 00.000489)	[00.000198,00.004655]
gpu_hash/flush_insertion_cache                	    876	00.165052	(00.000188 +- 00.000046)	[00.000126,00.001741]
gpu_hash/flush_removal_cache                  	    874	00.292096	(00.000334 +- 00.000308)	[00.000103,00.006096]
gpu_hash/transfer/reset                       	     12	00.107621	(00.008968 +- 00.008079)	[00.001275,00.026848]
ros/clear_outside_radius                      	     90	00.000078	(00.000001 +- 00.000000)	[00.000000,00.000003]
ros/decay_tsdf                                	    439	00.727666	(00.001658 +- 00.000382)	[00.000513,00.026523]
ros/depth                                     	   1350	02.319816	(00.001718 +- 00.000212)	[00.000546,00.020308]
ros/depth/conversions                         	   1350	01.141172	(00.000845 +- 00.000031)	[00.000082,00.008372]
ros/depth/integrate                           	   1350	01.092104	(00.000809 +- 00.000187)	[00.000363,00.018078]
ros/depth/output/back_projected_depth         	   1350	00.018587	(00.000014 +- 00.000005)	[00.000005,00.003382]
ros/depth/transform                           	   1350	00.045861	(00.000034 +- 00.000014)	[00.000016,00.000937]
ros/depth_image_callback                      	   1350	00.069468	(00.000051 +- 00.000021)	[00.000021,00.000198]
ros/esdf                                      	    853	02.294440	(00.002690 +- 00.000960)	[00.001208,00.013207]
ros/esdf/integrate                            	    853	01.767851	(00.002073 +- 00.000898)	[00.000074,00.012679]
ros/esdf/slice_output                         	    853	00.520279	(00.000610 +- 00.000193)	[00.000411,00.004217]
ros/idle                                      	   8995	80.846907	(00.008988 +- 00.001130)	[00.000147,00.040650]
ros/process_queue                             	  26988	02.776687	(00.000103 +- 00.000366)	[00.000000,00.021293]
ros/push_onto_queue                           	   1350	00.005474	(00.000004 +- 00.000001)	[00.000002,00.000090]
ros/static/esdf/output/compute                	    853	00.183793	(00.000215 +- 00.000055)	[00.000071,00.003830]
ros/static/esdf/output/slice                  	    853	00.286387	(00.000336 +- 00.000176)	[00.000195,00.001490]
ros/tick                                      	   8995	09.122464	(00.001014 +- 00.001046)	[00.000189,00.032421]
tsdf/integrate                                	   1350	00.458518	(00.000340 +- 00.000079)	[00.000164,00.016753]
tsdf/integrate/allocate_blocks                	   1350	00.115250	(00.000085 +- 00.000042)	[00.000016,00.011217]
tsdf/integrate/get_blocks_in_view             	   1350	00.024803	(00.000018 +- 00.000003)	[00.000011,00.000679]
tsdf/integrate/transfer_blocks                	   1350	00.168662	(00.000125 +- 00.000030)	[00.000064,00.004435]
tsdf/integrate/update_blocks                  	   1350	00.131863	(00.000098 +- 00.000044)	[00.000060,00.003966]
view_calculator/raycast                       	   1350	00.017599	(00.000013 +- 00.000003)	[00.000007,00.000672]
view_calculator/raycast/output                	      2	00.000170	(00.000085 +- 00.000003)	[00.000082,00.000088]
view_calculator/raycast/raycast_pixels_kernel 	      2	00.000522	(00.000261 +- 00.000228)	[00.000033,00.000489]
view_calculator/raycast/setup                 	      2	00.000114	(00.000057 +- 00.000022)	[00.000035,00.000080]
-----------

[INFO] [1790059939.853022922] [nvblox_node]: Rates statistics: 

NVBlox Rates (in Hz)
namespace/tag - NumSamples (Window Length) - Mean 
-----------
ros/depth               	100    	15.1
ros/depth_image_callback	100    	15.1
ros/update_esdf         	100    	9.6
ros/tick                	100    	100.9
-----------

[INFO] [1790059939.853131694] [nvblox_node]: Delay statistics: 

NVBlox Delays
namespace/tag - NumSamples (Window Length) - Mean Delay (seconds) 
-----------
ros/esdf_integration       	100    	0.103
ros/depth_image_integration	100    	0.071
ros/depth_image_callback   	100    	0.065
-----------

[INFO] [1790059949.854066373] [nvblox_node]: Timing statistics: 

NVBlox Timings (in seconds)
namespace/tag - NumSamples - TotalTime - (Mean +- StdDev) - [Min,Max]
-----------
/esdf_slicer/get_aabb                         	    947	00.004638	(00.000005 +- 00.000006)	[00.000002,00.000119]
/esdf_slicer/slice_layer                      	    946	00.156904	(00.000166 +- 00.000743)	[00.000094,00.005426]
esdf/integrate/clear                          	    945	00.238366	(00.000252 +- 00.000056)	[00.000153,00.005659]
esdf/integrate/clear/get_blocks               	    945	00.049074	(00.000052 +- 00.000011)	[00.000021,00.000203]
esdf/integrate/compute/neighbor_bands         	   1217	00.352038	(00.000289 +- 00.000089)	[00.000157,00.004089]
esdf/integrate/compute/neighbor_bands/gpu_view	   1217	00.110851	(00.000091 +- 00.000016)	[00.000009,00.003160]
esdf/integrate/compute/swap                   	   1217	00.003374	(00.000003 +- 00.000000)	[00.000001,00.001429]
esdf/integrate/compute/sweep                  	   1217	00.055079	(00.000045 +- 00.000016)	[00.000015,00.001399]
esdf/integrate/mark_sites/pack_out            	    945	00.079959	(00.000085 +- 00.000023)	[00.000055,00.003488]
esdf/integrate_slice                          	    947	01.790180	(00.001890 +- 00.000644)	[00.000001,00.018880]
esdf/integrate_slice/compute                  	    945	00.451713	(00.000478 +- 00.000478)	[00.000271,00.005315]
esdf/integrate_slice/mark_sites               	    945	01.089574	(00.001153 +- 00.000422)	[00.000193,00.012874]
gpu_hash/flush_insertion_cache                	    974	00.186696	(00.000192 +- 00.000039)	[00.000125,00.004307]
gpu_hash/flush_removal_cache                  	    972	00.348854	(00.000359 +- 00.000237)	[00.000103,00.009179]
gpu_hash/transfer/reset                       	     12	00.107621	(00.008968 +- 00.008079)	[00.001275,00.026848]
ros/clear_outside_radius                      	    100	00.000088	(00.000001 +- 00.000001)	[00.000000,00.000003]
ros/decay_tsdf                                	    488	00.826389	(00.001693 +- 00.001354)	[00.000513,00.026523]
ros/depth                                     	   1500	02.593959	(00.001729 +- 00.000172)	[00.000546,00.020308]
ros/depth/conversions                         	   1500	01.275674	(00.000850 +- 00.000031)	[00.000080,00.008372]
ros/depth/integrate                           	   1500	01.223300	(00.000816 +- 00.000159)	[00.000358,00.018078]
ros/depth/output/back_projected_depth         	   1500	00.020254	(00.000014 +- 00.000001)	[00.000005,00.003382]
ros/depth/transform                           	   1500	00.050356	(00.000034 +- 00.000015)	[00.000016,00.000937]
ros/depth_image_callback                      	   1500	00.078605	(00.000052 +- 00.000132)	[00.000021,00.000849]
ros/esdf                                      	    947	02.615482	(00.002762 +- 00.001375)	[00.001208,00.023779]
ros/esdf/integrate                            	    947	02.004357	(00.002117 +- 00.000690)	[00.000074,00.019042]
ros/esdf/slice_output                         	    947	00.604133	(00.000638 +- 00.000893)	[00.000411,00.009865]
ros/idle                                      	   9991	89.742540	(00.008982 +- 00.000935)	[00.000147,00.040650]
ros/process_queue                             	  29976	03.101673	(00.000103 +- 00.000345)	[00.000000,00.021293]
ros/push_onto_queue                           	   1500	00.006028	(00.000004 +- 00.000001)	[00.000002,00.000090]
ros/static/esdf/output/compute                	    947	00.216135	(00.000228 +- 00.000782)	[00.000071,00.005752]
ros/static/esdf/output/slice                  	    947	00.332267	(00.000351 +- 00.000399)	[00.000195,00.009528]
ros/tick                                      	   9991	10.218971	(00.001023 +- 00.000921)	[00.000189,00.032421]
tsdf/integrate                                	   1500	00.521826	(00.000348 +- 00.000051)	[00.000155,00.016753]
tsdf/integrate/allocate_blocks                	   1500	00.134032	(00.000089 +- 00.000042)	[00.000014,00.011217]
tsdf/integrate/get_blocks_in_view             	   1500	00.027472	(00.000018 +- 00.000010)	[00.000011,00.000679]
tsdf/integrate/transfer_blocks                	   1500	00.191772	(00.000128 +- 00.000030)	[00.000064,00.004435]
tsdf/integrate/update_blocks                  	   1500	00.148709	(00.000099 +- 00.000018)	[00.000060,00.003966]
view_calculator/raycast                       	   1500	00.019464	(00.000013 +- 00.000010)	[00.000007,00.000672]
view_calculator/raycast/output                	      2	00.000170	(00.000085 +- 00.000003)	[00.000082,00.000088]
view_calculator/raycast/raycast_pixels_kernel 	      2	00.000522	(00.000261 +- 00.000228)	[00.000033,00.000489]
view_calculator/raycast/setup                 	      2	00.000114	(00.000057 +- 00.000022)	[00.000035,00.000080]
-----------

[INFO] [1790059949.854455506] [nvblox_node]: Rates statistics: 

NVBlox Rates (in Hz)
namespace/tag - NumSamples (Window Length) - Mean 
-----------
ros/depth               	100    	15.2
ros/depth_image_callback	100    	15.1
ros/update_esdf         	100    	9.5
ros/tick                	100    	101.0
-----------

[INFO] [1790059949.854507796] [nvblox_node]: Delay statistics: 

NVBlox Delays
namespace/tag - NumSamples (Window Length) - Mean Delay (seconds) 
-----------
ros/esdf_integration       	100    	0.103
ros/depth_image_integration	100    	0.075
ros/depth_image_callback   	100    	0.068
-----------

[INFO] [1790059959.862593885] [nvblox_node]: Timing statistics: 

NVBlox Timings (in seconds)
namespace/tag - NumSamples - TotalTime - (Mean +- StdDev) - [Min,Max]
-----------
/esdf_slicer/get_aabb                         	   1041	00.005078	(00.000005 +- 00.000001)	[00.000002,00.000119]
/esdf_slicer/slice_layer                      	   1040	00.175711	(00.000169 +- 00.000450)	[00.000094,00.005426]
esdf/integrate/clear                          	   1039	00.266217	(00.000256 +- 00.000820)	[00.000153,00.006057]
esdf/integrate/clear/get_blocks               	   1039	00.054449	(00.000052 +- 00.000031)	[00.000021,00.000203]
esdf/integrate/compute/neighbor_bands         	   1344	00.397446	(00.000296 +- 00.000765)	[00.000157,00.005305]
esdf/integrate/compute/neighbor_bands/gpu_view	   1344	00.124442	(00.000093 +- 00.000354)	[00.000009,00.003160]
esdf/integrate/compute/swap                   	   1344	00.003586	(00.000003 +- 00.000002)	[00.000001,00.001429]
esdf/integrate/compute/sweep                  	   1344	00.063942	(00.000048 +- 00.000413)	[00.000015,00.002988]
esdf/integrate/mark_sites/pack_out            	   1039	00.090498	(00.000087 +- 00.000469)	[00.000055,00.003488]
esdf/integrate_slice                          	   1041	01.995468	(00.001917 +- 00.003036)	[00.000001,00.022703]
esdf/integrate_slice/compute                  	   1039	00.510082	(00.000491 +- 00.001251)	[00.000271,00.008365]
esdf/integrate_slice/mark_sites               	   1039	01.207616	(00.001162 +- 00.001176)	[00.000193,00.012874]
gpu_hash/flush_insertion_cache                	   1071	00.206143	(00.000192 +- 00.000197)	[00.000125,00.004307]
gpu_hash/flush_removal_cache                  	   1068	00.398885	(00.000373 +- 00.001027)	[00.000103,00.009179]
gpu_hash/transfer/reset                       	     12	00.107621	(00.008968 +- 00.008079)	[00.001275,00.026848]
ros/clear_outside_radius                      	    110	00.000098	(00.000001 +- 00.000001)	[00.000000,00.000003]
ros/decay_tsdf                                	    536	00.913887	(00.001705 +- 00.001282)	[00.000513,00.026523]
ros/depth                                     	   1650	02.852697	(00.001729 +- 00.000659)	[00.000546,00.020308]
ros/depth/conversions                         	   1650	01.403613	(00.000851 +- 00.000165)	[00.000080,00.008372]
ros/depth/integrate                           	   1650	01.345588	(00.000816 +- 00.000558)	[00.000358,00.018078]
ros/depth/output/back_projected_depth         	   1650	00.022007	(00.000013 +- 00.000007)	[00.000005,00.003382]
ros/depth/transform                           	   1650	00.054935	(00.000033 +- 00.000026)	[00.000016,00.000937]
ros/depth_image_callback                      	   1650	00.088034	(00.000053 +- 00.000147)	[00.000021,00.001041]
ros/esdf                                      	   1041	02.907282	(00.002793 +- 00.003222)	[00.001208,00.023999]
ros/esdf/integrate                            	   1041	02.230642	(00.002143 +- 00.003039)	[00.000074,00.022859]
ros/esdf/slice_output                         	   1041	00.668956	(00.000643 +- 00.000470)	[00.000411,00.009865]
ros/idle                                      	  10990	98.677154	(00.008979 +- 00.001344)	[00.000147,00.040650]
ros/process_queue                             	  32973	03.414187	(00.000104 +- 00.000377)	[00.000000,00.021293]
ros/push_onto_queue                           	   1650	00.006613	(00.000004 +- 00.000003)	[00.000002,00.000090]
ros/static/esdf/output/compute                	   1041	00.240233	(00.000231 +- 00.000452)	[00.000071,00.005752]
ros/static/esdf/output/slice                  	   1041	00.367469	(00.000353 +- 00.000127)	[00.000195,00.009528]
ros/tick                                      	  10990	11.285316	(00.001027 +- 00.001011)	[00.000189,00.032421]
tsdf/integrate                                	   1650	00.573761	(00.000348 +- 00.000478)	[00.000155,00.016753]
tsdf/integrate/allocate_blocks                	   1650	00.147083	(00.000089 +- 00.000178)	[00.000014,00.011217]
tsdf/integrate/get_blocks_in_view             	   1650	00.030217	(00.000018 +- 00.000023)	[00.000011,00.000679]
tsdf/integrate/transfer_blocks                	   1650	00.212222	(00.000129 +- 00.000217)	[00.000064,00.004435]
tsdf/integrate/update_blocks                  	   1650	00.162528	(00.000099 +- 00.000093)	[00.000060,00.003966]
view_calculator/raycast                       	   1650	00.021310	(00.000013 +- 00.000005)	[00.000007,00.000672]
view_calculator/raycast/output                	      2	00.000170	(00.000085 +- 00.000003)	[00.000082,00.000088]
view_calculator/raycast/raycast_pixels_kernel 	      2	00.000522	(00.000261 +- 00.000228)	[00.000033,00.000489]
view_calculator/raycast/setup                 	      2	00.000114	(00.000057 +- 00.000022)	[00.000035,00.000080]
-----------

[INFO] [1790059959.863198513] [nvblox_node]: Rates statistics: 

NVBlox Rates (in Hz)
namespace/tag - NumSamples (Window Length) - Mean 
-----------
ros/depth               	100    	15.2
ros/depth_image_callback	100    	15.1
ros/update_esdf         	100    	9.5
ros/tick                	100    	101.0
-----------

[INFO] [1790059959.863349718] [nvblox_node]: Delay statistics: 

NVBlox Delays
namespace/tag - NumSamples (Window Length) - Mean Delay (seconds) 
-----------
ros/esdf_integration       	100    	0.109
ros/depth_image_integration	100    	0.083
ros/depth_image_callback   	100    	0.074
-----------

[INFO] [1790059969.862866957] [nvblox_node]: Timing statistics: 

NVBlox Timings (in seconds)
namespace/tag - NumSamples - TotalTime - (Mean +- StdDev) - [Min,Max]
-----------
/esdf_slicer/get_aabb                         	   1136	00.005517	(00.000005 +- 00.000002)	[00.000002,00.000119]
/esdf_slicer/slice_layer                      	   1135	00.188780	(00.000166 +- 00.000026)	[00.000094,00.005426]
esdf/integrate/clear                          	   1134	00.287896	(00.000254 +- 00.000028)	[00.000153,00.006057]
esdf/integrate/clear/get_blocks               	   1134	00.059260	(00.000052 +- 00.000014)	[00.000021,00.000203]
esdf/integrate/compute/neighbor_bands         	   1460	00.426458	(00.000292 +- 00.000037)	[00.000157,00.005305]
esdf/integrate/compute/neighbor_bands/gpu_view	   1460	00.133085	(00.000091 +- 00.000016)	[00.000009,00.003160]
esdf/integrate/compute/swap                   	   1460	00.003770	(00.000003 +- 00.000000)	[00.000001,00.001429]
esdf/integrate/compute/sweep                  	   1460	00.068864	(00.000047 +- 00.000013)	[00.000015,00.002988]
esdf/integrate/mark_sites/pack_out            	   1134	00.098206	(00.000087 +- 00.000028)	[00.000055,00.003488]
esdf/integrate_slice                          	   1136	02.159517	(00.001901 +- 00.000469)	[00.000001,00.022703]
esdf/integrate_slice/compute                  	   1134	00.548127	(00.000483 +- 00.000295)	[00.000271,00.008365]
esdf/integrate_slice/mark_sites               	   1134	01.310920	(00.001156 +- 00.000392)	[00.000193,00.012874]
gpu_hash/flush_insertion_cache                	   1169	00.224058	(00.000192 +- 00.000031)	[00.000125,00.004307]
gpu_hash/flush_removal_cache                  	   1166	00.425488	(00.000365 +- 00.000184)	[00.000103,00.009179]
gpu_hash/transfer/reset                       	     12	00.107621	(00.008968 +- 00.008079)	[00.001275,00.026848]
ros/clear_outside_radius                      	    120	00.000108	(00.000001 +- 00.000001)	[00.000000,00.000003]
ros/decay_tsdf                                	    585	00.989184	(00.001691 +- 00.000264)	[00.000513,00.026523]
ros/depth                                     	   1800	03.101039	(00.001723 +- 00.000633)	[00.000546,00.020308]
ros/depth/conversions                         	   1800	01.528169	(00.000849 +- 00.000498)	[00.000080,00.008372]
ros/depth/integrate                           	   1800	01.459759	(00.000811 +- 00.000185)	[00.000358,00.018078]
ros/depth/output/back_projected_depth         	   1800	00.023664	(00.000013 +- 00.000001)	[00.000005,00.003382]
ros/depth/transform                           	   1800	00.060334	(00.000034 +- 00.000010)	[00.000016,00.000937]
ros/depth_image_callback                      	   1800	00.096347	(00.000054 +- 00.000020)	[00.000021,00.001041]
ros/esdf                                      	   1136	03.148383	(00.002771 +- 00.000513)	[00.001208,00.023999]
ros/esdf/integrate                            	   1136	02.414309	(00.002125 +- 00.000496)	[00.000074,00.022859]
ros/esdf/slice_output                         	   1136	00.725630	(00.000639 +- 00.000085)	[00.000411,00.009865]
ros/idle                                      	  11990	107.666790	(00.008980 +- 00.000966)	[00.000147,00.040650]
ros/process_queue                             	  35973	03.711021	(00.000103 +- 00.000374)	[00.000000,00.021293]
ros/push_onto_queue                           	   1800	00.007219	(00.000004 +- 00.000001)	[00.000002,00.000090]
ros/static/esdf/output/compute                	   1136	00.258810	(00.000228 +- 00.000040)	[00.000071,00.005752]
ros/static/esdf/output/slice                  	   1136	00.400115	(00.000352 +- 00.000059)	[00.000195,00.009528]
ros/tick                                      	  11990	12.289179	(00.001025 +- 00.000950)	[00.000189,00.032421]
tsdf/integrate                                	   1800	00.618632	(00.000344 +- 00.000093)	[00.000155,00.016753]
tsdf/integrate/allocate_blocks                	   1800	00.156951	(00.000087 +- 00.000092)	[00.000014,00.011217]
tsdf/integrate/get_blocks_in_view             	   1800	00.032907	(00.000018 +- 00.000011)	[00.000011,00.000679]
tsdf/integrate/transfer_blocks                	   1800	00.229136	(00.000127 +- 00.000008)	[00.000064,00.004435]
tsdf/integrate/update_blocks                  	   1800	00.175969	(00.000098 +- 00.000007)	[00.000060,00.003966]
view_calculator/raycast                       	   1800	00.023219	(00.000013 +- 00.000011)	[00.000007,00.000672]
view_calculator/raycast/output                	      2	00.000170	(00.000085 +- 00.000003)	[00.000082,00.000088]
view_calculator/raycast/raycast_pixels_kernel 	      2	00.000522	(00.000261 +- 00.000228)	[00.000033,00.000489]
view_calculator/raycast/setup                 	      2	00.000114	(00.000057 +- 00.000022)	[00.000035,00.000080]
-----------

[INFO] [1790059969.863492610] [nvblox_node]: Rates statistics: 

NVBlox Rates (in Hz)
namespace/tag - NumSamples (Window Length) - Mean 
-----------
ros/depth               	100    	15.1
ros/depth_image_callback	100    	15.1
ros/update_esdf         	100    	9.6
ros/tick                	100    	101.0
-----------

[INFO] [1790059969.863587557] [nvblox_node]: Delay statistics: 

NVBlox Delays
namespace/tag - NumSamples (Window Length) - Mean Delay (seconds) 
-----------
ros/esdf_integration       	100    	0.101
ros/depth_image_integration	100    	0.072
ros/depth_image_callback   	100    	0.065
-----------

[INFO] [1790059979.863295976] [nvblox_node]: Timing statistics: 

NVBlox Timings (in seconds)
namespace/tag - NumSamples - TotalTime - (Mean +- StdDev) - [Min,Max]
-----------
/esdf_slicer/get_aabb                         	   1231	00.005984	(00.000005 +- 00.000004)	[00.000002,00.000119]
/esdf_slicer/slice_layer                      	   1230	00.202754	(00.000165 +- 00.000028)	[00.000094,00.005426]
esdf/integrate/clear                          	   1229	00.310571	(00.000253 +- 00.000036)	[00.000153,00.006057]
esdf/integrate/clear/get_blocks               	   1229	00.064496	(00.000052 +- 00.000024)	[00.000021,00.000203]
esdf/integrate/compute/neighbor_bands         	   1571	00.455173	(00.000290 +- 00.000044)	[00.000157,00.005305]
esdf/integrate/compute/neighbor_bands/gpu_view	   1571	00.142117	(00.000090 +- 00.000013)	[00.000009,00.003160]
esdf/integrate/compute/swap                   	   1571	00.003947	(00.000003 +- 00.000000)	[00.000001,00.001429]
esdf/integrate/compute/sweep                  	   1571	00.073569	(00.000047 +- 00.000012)	[00.000015,00.002988]
esdf/integrate/mark_sites/pack_out            	   1229	00.105532	(00.000086 +- 00.000025)	[00.000055,00.003488]
esdf/integrate_slice                          	   1231	02.326179	(00.001890 +- 00.000381)	[00.000001,00.022703]
esdf/integrate_slice/compute                  	   1229	00.585655	(00.000477 +- 00.000222)	[00.000271,00.008365]
esdf/integrate_slice/mark_sites               	   1229	01.416402	(00.001152 +- 00.000384)	[00.000193,00.012874]
gpu_hash/flush_insertion_cache                	   1267	00.242870	(00.000192 +- 00.000056)	[00.000125,00.004307]
gpu_hash/flush_removal_cache                  	   1264	00.456322	(00.000361 +- 00.000245)	[00.000103,00.009179]
gpu_hash/transfer/reset                       	     12	00.107621	(00.008968 +- 00.008079)	[00.001275,00.026848]
ros/clear_outside_radius                      	    130	00.000118	(00.000001 +- 00.000001)	[00.000000,00.000003]
ros/decay_tsdf                                	    634	01.069210	(00.001686 +- 00.000328)	[00.000513,00.026523]
ros/depth                                     	   1950	03.352644	(00.001719 +- 00.000284)	[00.000546,00.020308]
ros/depth/conversions                         	   1950	01.650982	(00.000847 +- 00.000043)	[00.000080,00.008372]
ros/depth/integrate                           	   1950	01.578821	(00.000810 +- 00.000248)	[00.000358,00.018078]
ros/depth/output/back_projected_depth         	   1950	00.025583	(00.000013 +- 00.000007)	[00.000005,00.003382]
ros/depth/transform                           	   1950	00.065808	(00.000034 +- 00.000015)	[00.000016,00.000937]
ros/depth_image_callback                      	   1950	00.103854	(00.000053 +- 00.000022)	[00.000021,00.001041]
ros/esdf                                      	   1231	03.392943	(00.002756 +- 00.000424)	[00.001208,00.023999]
ros/esdf/integrate                            	   1231	02.601717	(00.002113 +- 00.000410)	[00.000074,00.022859]
ros/esdf/slice_output                         	   1231	00.782068	(00.000635 +- 00.000081)	[00.000411,00.009865]
ros/idle                                      	  12990	116.632171	(00.008979 +- 00.001111)	[00.000147,00.040650]
ros/process_queue                             	  38973	04.012953	(00.000103 +- 00.000386)	[00.000000,00.021293]
ros/push_onto_queue                           	   1950	00.007811	(00.000004 +- 00.000001)	[00.000002,00.000090]
ros/static/esdf/output/compute                	   1231	00.278300	(00.000226 +- 00.000038)	[00.000071,00.005752]
ros/static/esdf/output/slice                  	   1231	00.431784	(00.000351 +- 00.000053)	[00.000195,00.009528]
ros/tick                                      	  12990	13.317379	(00.001025 +- 00.001109)	[00.000189,00.032421]
tsdf/integrate                                	   1950	00.665596	(00.000341 +- 00.000080)	[00.000155,00.016753]
tsdf/integrate/allocate_blocks                	   1950	00.166631	(00.000085 +- 00.000047)	[00.000014,00.011217]
tsdf/integrate/get_blocks_in_view             	   1950	00.035690	(00.000018 +- 00.000017)	[00.000011,00.000679]
tsdf/integrate/transfer_blocks                	   1950	00.247683	(00.000127 +- 00.000050)	[00.000064,00.004435]
tsdf/integrate/update_blocks                  	   1950	00.189964	(00.000097 +- 00.000014)	[00.000060,00.003966]
view_calculator/raycast                       	   1950	00.025069	(00.000013 +- 00.000002)	[00.000007,00.000672]
view_calculator/raycast/output                	      2	00.000170	(00.000085 +- 00.000003)	[00.000082,00.000088]
view_calculator/raycast/raycast_pixels_kernel 	      2	00.000522	(00.000261 +- 00.000228)	[00.000033,00.000489]
view_calculator/raycast/setup                 	      2	00.000114	(00.000057 +- 00.000022)	[00.000035,00.000080]
-----------

[INFO] [1790059979.863840250] [nvblox_node]: Rates statistics: 

NVBlox Rates (in Hz)
namespace/tag - NumSamples (Window Length) - Mean 
-----------
ros/depth               	100    	15.1
ros/depth_image_callback	100    	15.1
ros/update_esdf         	100    	9.6
ros/tick                	100    	101.0
-----------

[INFO] [1790059979.863932957] [nvblox_node]: Delay statistics: 

NVBlox Delays
namespace/tag - NumSamples (Window Length) - Mean Delay (seconds) 
-----------
ros/esdf_integration       	100    	0.101
ros/depth_image_integration	100    	0.071
ros/depth_image_callback   	100    	0.065
-----------

[INFO] [1790059989.863468192] [nvblox_node]: Timing statistics: 

NVBlox Timings (in seconds)
namespace/tag - NumSamples - TotalTime - (Mean +- StdDev) - [Min,Max]
-----------
/esdf_slicer/get_aabb                         	   1326	00.006481	(00.000005 +- 00.000006)	[00.000002,00.000119]
/esdf_slicer/slice_layer                      	   1325	00.215810	(00.000163 +- 00.000092)	[00.000094,00.005426]
esdf/integrate/clear                          	   1324	00.332754	(00.000251 +- 00.000046)	[00.000153,00.006057]
esdf/integrate/clear/get_blocks               	   1324	00.069674	(00.000053 +- 00.000039)	[00.000021,00.000269]
esdf/integrate/compute/neighbor_bands         	   1704	00.490963	(00.000288 +- 00.000276)	[00.000157,00.005305]
esdf/integrate/compute/neighbor_bands/gpu_view	   1704	00.151453	(00.000089 +- 00.000020)	[00.000009,00.003160]
esdf/integrate/compute/swap                   	   1704	00.004151	(00.000002 +- 00.000000)	[00.000001,00.001429]
esdf/integrate/compute/sweep                  	   1704	00.079068	(00.000046 +- 00.000011)	[00.000015,00.002988]
esdf/integrate/mark_sites/pack_out            	   1324	00.112633	(00.000085 +- 00.000019)	[00.000054,00.003488]
esdf/integrate_slice                          	   1326	02.498136	(00.001884 +- 00.000583)	[00.000001,00.022703]
esdf/integrate_slice/compute                  	   1324	00.631355	(00.000477 +- 00.000460)	[00.000271,00.008365]
esdf/integrate_slice/mark_sites               	   1324	01.519506	(00.001148 +- 00.000391)	[00.000193,00.012874]
gpu_hash/flush_insertion_cache                	   1364	00.261044	(00.000191 +- 00.000033)	[00.000125,00.004307]
gpu_hash/flush_removal_cache                  	   1362	00.486180	(00.000357 +- 00.000193)	[00.000103,00.009179]
gpu_hash/transfer/reset                       	     12	00.107621	(00.008968 +- 00.008079)	[00.001275,00.026848]
ros/clear_outside_radius                      	    140	00.000126	(00.000001 +- 00.000001)	[00.000000,00.000003]
ros/decay_tsdf                                	    683	01.146148	(00.001678 +- 00.000427)	[00.000513,00.026523]
ros/depth                                     	   2100	03.601929	(00.001715 +- 00.000204)	[00.000546,00.020308]
ros/depth/conversions                         	   2100	01.772727	(00.000844 +- 00.000027)	[00.000080,00.008372]
ros/depth/integrate                           	   2100	01.696875	(00.000808 +- 00.000192)	[00.000358,00.018078]
ros/depth/output/back_projected_depth         	   2100	00.027302	(00.000013 +- 00.000001)	[00.000005,00.003382]
ros/depth/transform                           	   2100	00.071315	(00.000034 +- 00.000008)	[00.000016,00.000937]
ros/depth_image_callback                      	   2100	00.111814	(00.000053 +- 00.000019)	[00.000021,00.001041]
ros/esdf                                      	   1326	03.641623	(00.002746 +- 00.000660)	[00.001208,00.023999]
ros/esdf/integrate                            	   1326	02.794211	(00.002107 +- 00.000590)	[00.000074,00.022859]
ros/esdf/slice_output                         	   1326	00.837488	(00.000632 +- 00.000130)	[00.000411,00.009865]
ros/idle                                      	  13990	125.609277	(00.008979 +- 00.001188)	[00.000147,00.040650]
ros/process_queue                             	  41973	04.315304	(00.000103 +- 00.000370)	[00.000000,00.021293]
ros/push_onto_queue                           	   2100	00.008393	(00.000004 +- 00.000001)	[00.000002,00.000090]
ros/static/esdf/output/compute                	   1326	00.296843	(00.000224 +- 00.000096)	[00.000071,00.005752]
ros/static/esdf/output/slice                  	   1326	00.463189	(00.000349 +- 00.000073)	[00.000195,00.009528]
ros/tick                                      	  13990	14.332905	(00.001025 +- 00.001058)	[00.000189,00.032421]
tsdf/integrate                                	   2100	00.713328	(00.000340 +- 00.000075)	[00.000155,00.016753]
tsdf/integrate/allocate_blocks                	   2100	00.175900	(00.000084 +- 00.000046)	[00.000014,00.011217]
tsdf/integrate/get_blocks_in_view             	   2100	00.038540	(00.000018 +- 00.000009)	[00.000011,00.000679]
tsdf/integrate/transfer_blocks                	   2100	00.267491	(00.000127 +- 00.000034)	[00.000064,00.004435]
tsdf/integrate/update_blocks                  	   2100	00.203733	(00.000097 +- 00.000031)	[00.000060,00.003966]
view_calculator/raycast                       	   2100	00.027002	(00.000013 +- 00.000001)	[00.000007,00.000672]
view_calculator/raycast/output                	      2	00.000170	(00.000085 +- 00.000003)	[00.000082,00.000088]
view_calculator/raycast/raycast_pixels_kernel 	      2	00.000522	(00.000261 +- 00.000228)	[00.000033,00.000489]
view_calculator/raycast/setup                 	      2	00.000114	(00.000057 +- 00.000022)	[00.000035,00.000080]
-----------

[INFO] [1790059989.863886222] [nvblox_node]: Rates statistics: 

NVBlox Rates (in Hz)
namespace/tag - NumSamples (Window Length) - Mean 
-----------
ros/depth               	100    	15.2
ros/depth_image_callback	100    	15.1
ros/update_esdf         	100    	9.6
ros/tick                	100    	101.0
-----------

[INFO] [1790059989.863956368] [nvblox_node]: Delay statistics: 

NVBlox Delays
namespace/tag - NumSamples (Window Length) - Mean Delay (seconds) 
-----------
ros/esdf_integration       	100    	0.101
ros/depth_image_integration	100    	0.072
ros/depth_image_callback   	100    	0.065
-----------

[INFO] [1790059999.863770951] [nvblox_node]: Timing statistics: 

NVBlox Timings (in seconds)
namespace/tag - NumSamples - TotalTime - (Mean +- StdDev) - [Min,Max]
-----------
/esdf_slicer/get_aabb                         	   1420	00.006912	(00.000005 +- 00.000001)	[00.000002,00.000119]
/esdf_slicer/slice_layer                      	   1419	00.228632	(00.000161 +- 00.000021)	[00.000094,00.005426]
esdf/integrate/clear                          	   1418	00.358716	(00.000253 +- 00.000151)	[00.000153,00.006057]
esdf/integrate/clear/get_blocks               	   1418	00.074579	(00.000053 +- 00.000022)	[00.000021,00.000269]
esdf/integrate/compute/neighbor_bands         	   1815	00.531308	(00.000293 +- 00.000065)	[00.000157,00.005305]
esdf/integrate/compute/neighbor_bands/gpu_view	   1815	00.164522	(00.000091 +- 00.000048)	[00.000009,00.003160]
esdf/integrate/compute/swap                   	   1815	00.004328	(00.000002 +- 00.000000)	[00.000001,00.001429]
esdf/integrate/compute/sweep                  	   1815	00.084396	(00.000046 +- 00.000020)	[00.000015,00.002988]
esdf/integrate/mark_sites/pack_out            	   1418	00.122603	(00.000086 +- 00.000121)	[00.000054,00.003488]
esdf/integrate_slice                          	   1420	02.688979	(00.001894 +- 00.000897)	[00.000001,00.022703]
esdf/integrate_slice/compute                  	   1418	00.680935	(00.000480 +- 00.000258)	[00.000271,00.008365]
esdf/integrate_slice/mark_sites               	   1418	01.633844	(00.001152 +- 00.000796)	[00.000193,00.012874]
gpu_hash/flush_insertion_cache                	   1461	00.278935	(00.000191 +- 00.000033)	[00.000125,00.004307]
gpu_hash/flush_removal_cache                  	   1458	00.526713	(00.000361 +- 00.000763)	[00.000103,00.009179]
gpu_hash/transfer/reset                       	     12	00.107621	(00.008968 +- 00.008079)	[00.001275,00.026848]
ros/clear_outside_radius                      	    150	00.000135	(00.000001 +- 00.000000)	[00.000000,00.000003]
ros/decay_tsdf                                	    731	01.220046	(00.001669 +- 00.000867)	[00.000504,00.026523]
ros/depth                                     	   2250	03.852383	(00.001712 +- 00.000174)	[00.000546,00.020308]
ros/depth/conversions                         	   2250	01.901135	(00.000845 +- 00.000047)	[00.000070,00.008372]
ros/depth/integrate                           	   2250	01.809667	(00.000804 +- 00.000171)	[00.000358,00.018078]
ros/depth/output/back_projected_depth         	   2250	00.029343	(00.000013 +- 00.000001)	[00.000005,00.003382]
ros/depth/transform                           	   2250	00.076218	(00.000034 +- 00.000008)	[00.000016,00.000937]
ros/depth_image_callback                      	   2250	00.119631	(00.000053 +- 00.000016)	[00.000021,00.001041]
ros/esdf                                      	   1420	03.907723	(00.002752 +- 00.000941)	[00.001208,00.023999]
ros/esdf/integrate                            	   1420	03.003758	(00.002115 +- 00.000917)	[00.000074,00.022859]
ros/esdf/slice_output                         	   1420	00.893300	(00.000629 +- 00.000122)	[00.000411,00.009865]
ros/idle                                      	  14989	134.601583	(00.008980 +- 00.001018)	[00.000147,00.040650]
ros/process_queue                             	  44970	04.618051	(00.000103 +- 00.000464)	[00.000000,00.021293]
ros/push_onto_queue                           	   2250	00.008953	(00.000004 +- 00.000001)	[00.000002,00.000090]
ros/static/esdf/output/compute                	   1420	00.315090	(00.000222 +- 00.000044)	[00.000071,00.005752]
ros/static/esdf/output/slice                  	   1420	00.495389	(00.000349 +- 00.000081)	[00.000195,00.009528]
ros/tick                                      	  14989	15.333128	(00.001023 +- 00.001015)	[00.000189,00.032421]
tsdf/integrate                                	   2250	00.759196	(00.000337 +- 00.000062)	[00.000155,00.016753]
tsdf/integrate/allocate_blocks                	   2250	00.186814	(00.000083 +- 00.000039)	[00.000014,00.011217]
tsdf/integrate/get_blocks_in_view             	   2250	00.041116	(00.000018 +- 00.000002)	[00.000008,00.000679]
tsdf/integrate/transfer_blocks                	   2250	00.284616	(00.000126 +- 00.000035)	[00.000064,00.004435]
tsdf/integrate/update_blocks                  	   2250	00.217054	(00.000096 +- 00.000023)	[00.000060,00.003966]
view_calculator/raycast                       	   2250	00.028791	(00.000013 +- 00.000001)	[00.000006,00.000672]
view_calculator/raycast/output                	      2	00.000170	(00.000085 +- 00.000003)	[00.000082,00.000088]
view_calculator/raycast/raycast_pixels_kernel 	      2	00.000522	(00.000261 +- 00.000228)	[00.000033,00.000489]
view_calculator/raycast/setup                 	      2	00.000114	(00.000057 +- 00.000022)	[00.000035,00.000080]
-----------

[INFO] [1790059999.864216630] [nvblox_node]: Rates statistics: 

NVBlox Rates (in Hz)
namespace/tag - NumSamples (Window Length) - Mean 
-----------
ros/depth               	100    	15.2
ros/depth_image_callback	100    	15.1
ros/update_esdf         	100    	9.5
ros/tick                	100    	101.0
-----------

[INFO] [1790059999.864287096] [nvblox_node]: Delay statistics: 

NVBlox Delays
namespace/tag - NumSamples (Window Length) - Mean Delay (seconds) 
-----------
ros/esdf_integration       	100    	0.104
ros/depth_image_integration	100    	0.073
ros/depth_image_callback   	100    	0.066
-----------

[INFO] [1790060009.864214559] [nvblox_node]: Timing statistics: 

NVBlox Timings (in seconds)
namespace/tag - NumSamples - TotalTime - (Mean +- StdDev) - [Min,Max]
-----------
/esdf_slicer/get_aabb                         	   1515	00.007343	(00.000005 +- 00.000001)	[00.000002,00.000119]
/esdf_slicer/slice_layer                      	   1514	00.241427	(00.000159 +- 00.000118)	[00.000094,00.005426]
esdf/integrate/clear                          	   1513	00.384077	(00.000254 +- 00.000483)	[00.000153,00.006057]
esdf/integrate/clear/get_blocks               	   1513	00.079117	(00.000052 +- 00.000024)	[00.000021,00.000269]
esdf/integrate/compute/neighbor_bands         	   1932	00.564120	(00.000292 +- 00.000376)	[00.000157,00.005305]
esdf/integrate/compute/neighbor_bands/gpu_view	   1932	00.176022	(00.000091 +- 00.000279)	[00.000009,00.003160]
esdf/integrate/compute/swap                   	   1932	00.004557	(00.000002 +- 00.000009)	[00.000001,00.001429]
esdf/integrate/compute/sweep                  	   1932	00.091053	(00.000047 +- 00.000265)	[00.000015,00.002988]
esdf/integrate/mark_sites/pack_out            	   1513	00.132161	(00.000087 +- 00.000326)	[00.000054,00.003488]
esdf/integrate_slice                          	   1515	02.886842	(00.001906 +- 00.003810)	[00.000001,00.028875]
esdf/integrate_slice/compute                  	   1513	00.724410	(00.000479 +- 00.000816)	[00.000271,00.008365]
esdf/integrate_slice/mark_sites               	   1513	01.761912	(00.001165 +- 00.002547)	[00.000193,00.019177]
gpu_hash/flush_insertion_cache                	   1560	00.311942	(00.000200 +- 00.001444)	[00.000125,00.008336]
gpu_hash/flush_removal_cache                  	   1556	00.571171	(00.000367 +- 00.000743)	[00.000103,00.009179]
gpu_hash/transfer/reset                       	     12	00.107621	(00.008968 +- 00.008079)	[00.001275,00.026848]
ros/clear_outside_radius                      	    160	00.000142	(00.000001 +- 00.000000)	[00.000000,00.000003]
ros/decay_tsdf                                	    780	01.311707	(00.001682 +- 00.001732)	[00.000481,00.026523]
ros/depth                                     	   2400	04.114755	(00.001714 +- 00.002840)	[00.000546,00.021638]
ros/depth/conversions                         	   2400	02.030570	(00.000846 +- 00.000861)	[00.000070,00.008372]
ros/depth/integrate                           	   2400	01.933116	(00.000805 +- 00.002014)	[00.000358,00.018078]
ros/depth/output/back_projected_depth         	   2400	00.032185	(00.000013 +- 00.000168)	[00.000005,00.003382]
ros/depth/transform                           	   2400	00.080644	(00.000034 +- 00.000028)	[00.000016,00.000937]
ros/depth_image_callback                      	   2400	00.126765	(00.000053 +- 00.000019)	[00.000021,00.001041]
ros/esdf                                      	   1515	04.196320	(00.002770 +- 00.004019)	[00.001208,00.029614]
ros/esdf/integrate                            	   1515	03.230879	(00.002133 +- 00.003997)	[00.000074,00.029148]
ros/esdf/slice_output                         	   1515	00.954037	(00.000630 +- 00.000467)	[00.000401,00.009865]
ros/idle                                      	  15984	143.560444	(00.008982 +- 00.001052)	[00.000147,00.040650]
ros/process_queue                             	  47955	04.932554	(00.000103 +- 00.000483)	[00.000000,00.021929]
ros/push_onto_queue                           	   2400	00.009562	(00.000004 +- 00.000001)	[00.000002,00.000090]
ros/static/esdf/output/compute                	   1515	00.333411	(00.000220 +- 00.000129)	[00.000071,00.005752]
ros/static/esdf/output/slice                  	   1515	00.532339	(00.000351 +- 00.000384)	[00.000195,00.009528]
ros/tick                                      	  15984	16.365283	(00.001024 +- 00.001038)	[00.000189,00.051809]
tsdf/integrate                                	   2400	00.810039	(00.000338 +- 00.001074)	[00.000155,00.016753]
tsdf/integrate/allocate_blocks                	   2400	00.198633	(00.000083 +- 00.000379)	[00.000014,00.011217]
tsdf/integrate/get_blocks_in_view             	   2400	00.043783	(00.000018 +- 00.000008)	[00.000008,00.000679]
tsdf/integrate/transfer_blocks                	   2400	00.301996	(00.000126 +- 00.000209)	[00.000064,00.004435]
tsdf/integrate/update_blocks                  	   2400	00.234157	(00.000098 +- 00.000492)	[00.000060,00.003966]
view_calculator/raycast                       	   2400	00.030700	(00.000013 +- 00.000007)	[00.000006,00.000672]
view_calculator/raycast/output                	      2	00.000170	(00.000085 +- 00.000003)	[00.000082,00.000088]
view_calculator/raycast/raycast_pixels_kernel 	      2	00.000522	(00.000261 +- 00.000228)	[00.000033,00.000489]
view_calculator/raycast/setup                 	      2	00.000114	(00.000057 +- 00.000022)	[00.000035,00.000080]
-----------

[INFO] [1790060009.865823862] [nvblox_node]: Rates statistics: 

NVBlox Rates (in Hz)
namespace/tag - NumSamples (Window Length) - Mean 
-----------
ros/depth               	100    	15.2
ros/depth_image_callback	100    	15.1
ros/update_esdf         	100    	9.5
ros/tick                	100    	101.0
-----------

[INFO] [1790060009.865956634] [nvblox_node]: Delay statistics: 

NVBlox Delays
namespace/tag - NumSamples (Window Length) - Mean Delay (seconds) 
-----------
ros/esdf_integration       	100    	0.104
ros/depth_image_integration	100    	0.074
ros/depth_image_callback   	100    	0.066
-----------

[INFO] [1790060019.864480001] [nvblox_node]: Timing statistics: 

NVBlox Timings (in seconds)
namespace/tag - NumSamples - TotalTime - (Mean +- StdDev) - [Min,Max]
-----------
/esdf_slicer/get_aabb                         	   1609	00.007777	(00.000005 +- 00.000001)	[00.000002,00.000119]
/esdf_slicer/slice_layer                      	   1608	00.256160	(00.000159 +- 00.000025)	[00.000094,00.005426]
esdf/integrate/clear                          	   1607	00.406284	(00.000253 +- 00.000054)	[00.000153,00.006057]
esdf/integrate/clear/get_blocks               	   1607	00.084107	(00.000052 +- 00.000022)	[00.000021,00.000269]
esdf/integrate/compute/neighbor_bands         	   2056	00.600256	(00.000292 +- 00.000058)	[00.000157,00.005305]
esdf/integrate/compute/neighbor_bands/gpu_view	   2056	00.187163	(00.000091 +- 00.000026)	[00.000009,00.003160]
esdf/integrate/compute/swap                   	   2056	00.004752	(00.000002 +- 00.000000)	[00.000001,00.001429]
esdf/integrate/compute/sweep                  	   2056	00.096122	(00.000047 +- 00.000007)	[00.000015,00.002988]
esdf/integrate/mark_sites/pack_out            	   1607	00.139468	(00.000087 +- 00.000023)	[00.000054,00.003488]
esdf/integrate_slice                          	   1609	03.062339	(00.001903 +- 00.000850)	[00.000001,00.028875]
esdf/integrate_slice/compute                  	   1607	00.770071	(00.000479 +- 00.000709)	[00.000271,00.008365]
esdf/integrate_slice/mark_sites               	   1607	01.868523	(00.001163 +- 00.000585)	[00.000193,00.019177]
gpu_hash/flush_insertion_cache                	   1657	00.334204	(00.000202 +- 00.000641)	[00.000125,00.008336]
gpu_hash/flush_removal_cache                  	   1654	00.606175	(00.000366 +- 00.000528)	[00.000103,00.009179]
gpu_hash/transfer/reset                       	     12	00.107621	(00.008968 +- 00.008079)	[00.001275,00.026848]
ros/clear_outside_radius                      	    170	00.000150	(00.000001 +- 00.000000)	[00.000000,00.000003]
ros/decay_tsdf                                	    829	01.387891	(00.001674 +- 00.000426)	[00.000481,00.026523]
ros/depth                                     	   2550	04.376703	(00.001716 +- 00.001937)	[00.000546,00.021638]
ros/depth/conversions                         	   2550	02.157760	(00.000846 +- 00.000385)	[00.000070,00.008372]
ros/depth/integrate                           	   2550	02.058900	(00.000807 +- 00.001554)	[00.000358,00.018078]
ros/depth/output/back_projected_depth         	   2550	00.033815	(00.000013 +- 00.000001)	[00.000005,00.003382]
ros/depth/transform                           	   2550	00.085635	(00.000034 +- 00.000010)	[00.000016,00.000937]
ros/depth_image_callback                      	   2550	00.134360	(00.000053 +- 00.000018)	[00.000021,00.001041]
ros/esdf                                      	   1609	04.458907	(00.002771 +- 00.000922)	[00.001208,00.029614]
ros/esdf/integrate                            	   1609	03.427178	(00.002130 +- 00.000923)	[00.000074,00.029148]
ros/esdf/slice_output                         	   1609	01.019560	(00.000634 +- 00.000193)	[00.000401,00.009865]
ros/idle                                      	  16983	152.521791	(00.008981 +- 00.000999)	[00.000147,00.040650]
ros/process_queue                             	  50952	05.243275	(00.000103 +- 00.000442)	[00.000000,00.021929]
ros/push_onto_queue                           	   2550	00.010148	(00.000004 +- 00.000001)	[00.000002,00.000090]
ros/static/esdf/output/compute                	   1609	00.353453	(00.000220 +- 00.000033)	[00.000071,00.005752]
ros/static/esdf/output/slice                  	   1609	00.572280	(00.000356 +- 00.000183)	[00.000195,00.009528]
ros/tick                                      	  16983	17.396917	(00.001024 +- 00.000996)	[00.000189,00.051809]
tsdf/integrate                                	   2550	00.861074	(00.000338 +- 00.000880)	[00.000155,00.016753]
tsdf/integrate/allocate_blocks                	   2550	00.209842	(00.000082 +- 00.000199)	[00.000014,00.011217]
tsdf/integrate/get_blocks_in_view             	   2550	00.046487	(00.000018 +- 00.000010)	[00.000008,00.000679]
tsdf/integrate/transfer_blocks                	   2550	00.322026	(00.000126 +- 00.000447)	[00.000064,00.004435]
tsdf/integrate/update_blocks                  	   2550	00.249353	(00.000098 +- 00.000237)	[00.000060,00.003966]
view_calculator/raycast                       	   2550	00.032621	(00.000013 +- 00.000010)	[00.000006,00.000672]
view_calculator/raycast/output                	      2	00.000170	(00.000085 +- 00.000003)	[00.000082,00.000088]
view_calculator/raycast/raycast_pixels_kernel 	      2	00.000522	(00.000261 +- 00.000228)	[00.000033,00.000489]
view_calculator/raycast/setup                 	      2	00.000114	(00.000057 +- 00.000022)	[00.000035,00.000080]
-----------

[INFO] [1790060019.874534773] [nvblox_node]: Rates statistics: 

NVBlox Rates (in Hz)
namespace/tag - NumSamples (Window Length) - Mean 
-----------
ros/depth               	100    	15.1
ros/depth_image_callback	100    	15.1
ros/update_esdf         	100    	9.5
ros/tick                	100    	100.0
-----------

[INFO] [1790060019.874723132] [nvblox_node]: Delay statistics: 

NVBlox Delays
namespace/tag - NumSamples (Window Length) - Mean Delay (seconds) 
-----------
ros/esdf_integration       	100    	0.104
ros/depth_image_integration	100    	0.072
ros/depth_image_callback   	100    	0.065
-----------

[INFO] [1790060029.865011869] [nvblox_node]: Timing statistics: 

NVBlox Timings (in seconds)
namespace/tag - NumSamples - TotalTime - (Mean +- StdDev) - [Min,Max]
-----------
/esdf_slicer/get_aabb                         	   1704	00.008210	(00.000005 +- 00.000001)	[00.000002,00.000119]
/esdf_slicer/slice_layer                      	   1703	00.270370	(00.000159 +- 00.000021)	[00.000094,00.005426]
esdf/integrate/clear                          	   1701	00.429499	(00.000252 +- 00.000037)	[00.000153,00.006057]
esdf/integrate/clear/get_blocks               	   1701	00.089084	(00.000052 +- 00.000020)	[00.000021,00.000269]
esdf/integrate/compute/neighbor_bands         	   2181	00.636519	(00.000292 +- 00.000062)	[00.000157,00.005305]
esdf/integrate/compute/neighbor_bands/gpu_view	   2181	00.197842	(00.000091 +- 00.000016)	[00.000009,00.003160]
esdf/integrate/compute/swap                   	   2181	00.004985	(00.000002 +- 00.000000)	[00.000001,00.001429]
esdf/integrate/compute/sweep                  	   2181	00.102548	(00.000047 +- 00.000010)	[00.000015,00.002988]
esdf/integrate/mark_sites/pack_out            	   1701	00.146580	(00.000086 +- 00.000014)	[00.000054,00.003488]
esdf/integrate_slice                          	   1704	03.236098	(00.001899 +- 00.000531)	[00.000001,00.028875]
esdf/integrate_slice/compute                  	   1701	00.817755	(00.000481 +- 00.000383)	[00.000271,00.008365]
esdf/integrate_slice/mark_sites               	   1701	01.970410	(00.001158 +- 00.000383)	[00.000193,00.019177]
gpu_hash/flush_insertion_cache                	   1755	00.355480	(00.000203 +- 00.000023)	[00.000125,00.008336]
gpu_hash/flush_removal_cache                  	   1752	00.641831	(00.000366 +- 00.000190)	[00.000103,00.009179]
gpu_hash/transfer/reset                       	     12	00.107621	(00.008968 +- 00.008079)	[00.001275,00.026848]
ros/clear_outside_radius                      	    180	00.000162	(00.000001 +- 00.000000)	[00.000000,00.000003]
ros/decay_tsdf                                	    878	01.468183	(00.001672 +- 00.000665)	[00.000481,00.026523]
ros/depth                                     	   2700	04.654159	(00.001724 +- 00.000263)	[00.000546,00.021638]
ros/depth/conversions                         	   2700	02.285722	(00.000847 +- 00.000025)	[00.000070,00.008372]
ros/depth/integrate                           	   2700	02.199279	(00.000815 +- 00.000236)	[00.000358,00.018078]
ros/depth/output/back_projected_depth         	   2700	00.035589	(00.000013 +- 00.000010)	[00.000005,00.003382]
ros/depth/transform                           	   2700	00.090662	(00.000034 +- 00.000004)	[00.000016,00.000937]
ros/depth_image_callback                      	   2700	00.142423	(00.000053 +- 00.000025)	[00.000021,00.001041]
ros/esdf                                      	   1704	04.711258	(00.002765 +- 00.000570)	[00.001208,00.029614]
ros/esdf/integrate                            	   1704	03.620671	(00.002125 +- 00.000549)	[00.000074,00.029148]
ros/esdf/slice_output                         	   1704	01.077733	(00.000632 +- 00.000096)	[00.000401,00.009865]
ros/idle                                      	  17982	161.484288	(00.008980 +- 00.001187)	[00.000147,00.040650]
ros/process_queue                             	  53949	05.572411	(00.000103 +- 00.000438)	[00.000000,00.021929]
ros/push_onto_queue                           	   2700	00.010722	(00.000004 +- 00.000001)	[00.000002,00.000090]
ros/static/esdf/output/compute                	   1704	00.373325	(00.000219 +- 00.000040)	[00.000071,00.005752]
ros/static/esdf/output/slice                  	   1704	00.605292	(00.000355 +- 00.000064)	[00.000195,00.009528]
ros/tick                                      	  17982	18.427637	(00.001025 +- 00.001165)	[00.000189,00.051809]
tsdf/integrate                                	   2700	00.929570	(00.000344 +- 00.000081)	[00.000155,00.016753]
tsdf/integrate/allocate_blocks                	   2700	00.227034	(00.000084 +- 00.000044)	[00.000014,00.011217]
tsdf/integrate/get_blocks_in_view             	   2700	00.049019	(00.000018 +- 00.000001)	[00.000008,00.000679]
tsdf/integrate/transfer_blocks                	   2700	00.346735	(00.000128 +- 00.000044)	[00.000064,00.004680]
tsdf/integrate/update_blocks                  	   2700	00.271270	(00.000100 +- 00.000012)	[00.000060,00.006774]
view_calculator/raycast                       	   2700	00.034403	(00.000013 +- 00.000001)	[00.000006,00.000672]
view_calculator/raycast/output                	      2	00.000170	(00.000085 +- 00.000003)	[00.000082,00.000088]
view_calculator/raycast/raycast_pixels_kernel 	      2	00.000522	(00.000261 +- 00.000228)	[00.000033,00.000489]
view_calculator/raycast/setup                 	      2	00.000114	(00.000057 +- 00.000022)	[00.000035,00.000080]
-----------

[INFO] [1790060029.874889835] [nvblox_node]: Rates statistics: 

NVBlox Rates (in Hz)
namespace/tag - NumSamples (Window Length) - Mean 
-----------
ros/depth               	100    	15.1
ros/depth_image_callback	100    	15.1
ros/update_esdf         	100    	9.6
ros/tick                	100    	101.0
-----------

[INFO] [1790060029.875106547] [nvblox_node]: Delay statistics: 

NVBlox Delays
namespace/tag - NumSamples (Window Length) - Mean Delay (seconds) 
-----------
ros/esdf_integration       	100    	0.103
ros/depth_image_integration	100    	0.071
ros/depth_image_callback   	100    	0.065
-----------

[INFO] [1790060039.869464049] [nvblox_node]: Timing statistics: 

NVBlox Timings (in seconds)
namespace/tag - NumSamples - TotalTime - (Mean +- StdDev) - [Min,Max]
-----------
/esdf_slicer/get_aabb                         	   1799	00.008664	(00.000005 +- 00.000001)	[00.000002,00.000119]
/esdf_slicer/slice_layer                      	   1798	00.283357	(00.000158 +- 00.000020)	[00.000094,00.005426]
esdf/integrate/clear                          	   1796	00.451685	(00.000251 +- 00.000042)	[00.000153,00.006057]
esdf/integrate/clear/get_blocks               	   1796	00.094125	(00.000052 +- 00.000024)	[00.000021,00.000269]
esdf/integrate/compute/neighbor_bands         	   2324	00.672702	(00.000289 +- 00.000056)	[00.000157,00.005305]
esdf/integrate/compute/neighbor_bands/gpu_view	   2324	00.207826	(00.000089 +- 00.000009)	[00.000009,00.003160]
esdf/integrate/compute/swap                   	   2324	00.005202	(00.000002 +- 00.000000)	[00.000001,00.001429]
esdf/integrate/compute/sweep                  	   2324	00.108546	(00.000047 +- 00.000006)	[00.000015,00.002988]
esdf/integrate/mark_sites/pack_out            	   1796	00.154413	(00.000086 +- 00.000061)	[00.000054,00.003488]
esdf/integrate_slice                          	   1799	03.411417	(00.001896 +- 00.000675)	[00.000001,00.028875]
esdf/integrate_slice/compute                  	   1796	00.864518	(00.000481 +- 00.000466)	[00.000270,00.008365]
esdf/integrate_slice/mark_sites               	   1796	02.075779	(00.001156 +- 00.000410)	[00.000193,00.019177]
gpu_hash/flush_insertion_cache                	   1852	00.372733	(00.000201 +- 00.000040)	[00.000125,00.008336]
gpu_hash/flush_removal_cache                  	   1850	00.666854	(00.000360 +- 00.000185)	[00.000103,00.009179]
gpu_hash/transfer/reset                       	     12	00.107621	(00.008968 +- 00.008079)	[00.001275,00.026848]
ros/clear_outside_radius                      	    190	00.000174	(00.000001 +- 00.000001)	[00.000000,00.000004]
ros/decay_tsdf                                	    927	01.538147	(00.001659 +- 00.000326)	[00.000481,00.026523]
ros/depth                                     	   2850	04.900190	(00.001719 +- 00.000162)	[00.000546,00.021638]
ros/depth/conversions                         	   2850	02.409675	(00.000845 +- 00.000040)	[00.000070,00.008372]
ros/depth/integrate                           	   2850	02.311779	(00.000811 +- 00.000156)	[00.000358,00.018078]
ros/depth/output/back_projected_depth         	   2850	00.037257	(00.000013 +- 00.000001)	[00.000005,00.003382]
ros/depth/transform                           	   2850	00.096221	(00.000034 +- 00.000008)	[00.000016,00.000937]
ros/depth_image_callback                      	   2850	00.150421	(00.000053 +- 00.000015)	[00.000021,00.001041]
ros/esdf                                      	   1799	04.965865	(00.002760 +- 00.000698)	[00.001208,00.029614]
ros/esdf/integrate                            	   1799	03.816436	(00.002121 +- 00.000694)	[00.000074,00.029148]
ros/esdf/slice_output                         	   1799	01.135862	(00.000631 +- 00.000089)	[00.000401,00.009865]
ros/idle                                      	  18982	170.460449	(00.008980 +- 00.001090)	[00.000147,00.040650]
ros/process_queue                             	  56949	05.868834	(00.000103 +- 00.000443)	[00.000000,00.021929]
ros/push_onto_queue                           	   2850	00.011368	(00.000004 +- 00.000001)	[00.000002,00.000090]
ros/static/esdf/output/compute                	   1799	00.392053	(00.000218 +- 00.000035)	[00.000071,00.005752]
ros/static/esdf/output/slice                  	   1799	00.639362	(00.000355 +- 00.000059)	[00.000195,00.009528]
ros/tick                                      	  18982	19.445048	(00.001024 +- 00.001073)	[00.000189,00.051809]
tsdf/integrate                                	   2850	00.974236	(00.000342 +- 00.000038)	[00.000155,00.016753]
tsdf/integrate/allocate_blocks                	   2850	00.236970	(00.000083 +- 00.000038)	[00.000014,00.011217]
tsdf/integrate/get_blocks_in_view             	   2850	00.051692	(00.000018 +- 00.000005)	[00.000008,00.000679]
tsdf/integrate/transfer_blocks                	   2850	00.363783	(00.000128 +- 00.000010)	[00.000064,00.004680]
tsdf/integrate/update_blocks                  	   2850	00.284412	(00.000100 +- 00.000011)	[00.000060,00.006774]
view_calculator/raycast                       	   2850	00.036251	(00.000013 +- 00.000005)	[00.000006,00.000672]
view_calculator/raycast/output                	      2	00.000170	(00.000085 +- 00.000003)	[00.000082,00.000088]
view_calculator/raycast/raycast_pixels_kernel 	      2	00.000522	(00.000261 +- 00.000228)	[00.000033,00.000489]
view_calculator/raycast/setup                 	      2	00.000114	(00.000057 +- 00.000022)	[00.000035,00.000080]
-----------

[INFO] [1790060039.875277654] [nvblox_node]: Rates statistics: 

NVBlox Rates (in Hz)
namespace/tag - NumSamples (Window Length) - Mean 
-----------
ros/depth               	100    	15.2
ros/depth_image_callback	100    	15.1
ros/update_esdf         	100    	9.6
ros/tick                	100    	101.0
-----------

[INFO] [1790060039.875498494] [nvblox_node]: Delay statistics: 

NVBlox Delays
namespace/tag - NumSamples (Window Length) - Mean Delay (seconds) 
-----------
ros/esdf_integration       	100    	0.102
ros/depth_image_integration	100    	0.072
ros/depth_image_callback   	100    	0.065
-----------

[INFO] [1790060049.877766269] [nvblox_node]: Timing statistics: 

NVBlox Timings (in seconds)
namespace/tag - NumSamples - TotalTime - (Mean +- StdDev) - [Min,Max]
-----------
/esdf_slicer/get_aabb                         	   1893	00.009083	(00.000005 +- 00.000001)	[00.000002,00.000119]
/esdf_slicer/slice_layer                      	   1892	00.295461	(00.000156 +- 00.000029)	[00.000094,00.005426]
esdf/integrate/clear                          	   1890	00.474657	(00.000251 +- 00.000054)	[00.000153,00.006057]
esdf/integrate/clear/get_blocks               	   1890	00.099447	(00.000053 +- 00.000025)	[00.000021,00.000269]
esdf/integrate/compute/neighbor_bands         	   2440	00.704440	(00.000289 +- 00.000038)	[00.000157,00.005305]
esdf/integrate/compute/neighbor_bands/gpu_view	   2440	00.218102	(00.000089 +- 00.000018)	[00.000009,00.003160]
esdf/integrate/compute/swap                   	   2440	00.005418	(00.000002 +- 00.000000)	[00.000001,00.001429]
esdf/integrate/compute/sweep                  	   2440	00.113605	(00.000047 +- 00.000016)	[00.000015,00.002988]
esdf/integrate/mark_sites/pack_out            	   1890	00.161314	(00.000085 +- 00.000016)	[00.000054,00.003488]
esdf/integrate_slice                          	   1893	03.576076	(00.001889 +- 00.000399)	[00.000001,00.028875]
esdf/integrate_slice/compute                  	   1890	00.905590	(00.000479 +- 00.000169)	[00.000270,00.008365]
esdf/integrate_slice/mark_sites               	   1890	02.175383	(00.001151 +- 00.000332)	[00.000193,00.019177]
gpu_hash/flush_insertion_cache                	   1952	00.391833	(00.000201 +- 00.000093)	[00.000125,00.008336]
gpu_hash/flush_removal_cache                  	   1946	00.695239	(00.000357 +- 00.000247)	[00.000103,00.009179]
gpu_hash/transfer/reset                       	     12	00.107621	(00.008968 +- 00.008079)	[00.001275,00.026848]
ros/clear_outside_radius                      	    200	00.000184	(00.000001 +- 00.000001)	[00.000000,00.000004]
ros/decay_tsdf                                	    975	01.609450	(00.001651 +- 00.000363)	[00.000481,00.026523]
ros/depth                                     	   3000	05.146941	(00.001716 +- 00.000223)	[00.000546,00.021638]
ros/depth/conversions                         	   3000	02.531028	(00.000844 +- 00.000033)	[00.000070,00.008372]
ros/depth/integrate                           	   3000	02.427755	(00.000809 +- 00.000205)	[00.000358,00.018078]
ros/depth/output/back_projected_depth         	   3000	00.039028	(00.000013 +- 00.000004)	[00.000005,00.003382]
ros/depth/transform                           	   3000	00.101463	(00.000034 +- 00.000010)	[00.000016,00.000937]
ros/depth_image_callback                      	   3000	00.158684	(00.000053 +- 00.000021)	[00.000021,00.001041]
ros/esdf                                      	   1893	05.205186	(00.002750 +- 00.000408)	[00.001208,00.029614]
ros/esdf/integrate                            	   1893	04.001194	(00.002114 +- 00.000415)	[00.000074,00.029148]
ros/esdf/slice_output                         	   1893	01.189720	(00.000628 +- 00.000101)	[00.000401,00.009865]
ros/idle                                      	  19983	179.466072	(00.008981 +- 00.001092)	[00.000147,00.040650]
ros/process_queue                             	  59952	06.163865	(00.000103 +- 00.000504)	[00.000000,00.021929]
ros/push_onto_queue                           	   3000	00.012134	(00.000004 +- 00.000013)	[00.000002,00.000090]
ros/static/esdf/output/compute                	   1893	00.409174	(00.000216 +- 00.000035)	[00.000071,00.005752]
ros/static/esdf/output/slice                  	   1893	00.670887	(00.000354 +- 00.000076)	[00.000195,00.009528]
ros/tick                                      	  19983	20.442346	(00.001023 +- 00.001083)	[00.000189,00.051809]
tsdf/integrate                                	   3000	01.018854	(00.000340 +- 00.000061)	[00.000155,00.016753]
tsdf/integrate/allocate_blocks                	   3000	00.246493	(00.000082 +- 00.000042)	[00.000014,00.011217]
tsdf/integrate/get_blocks_in_view             	   3000	00.054463	(00.000018 +- 00.000006)	[00.000008,00.000679]
tsdf/integrate/transfer_blocks                	   3000	00.380796	(00.000127 +- 00.000031)	[00.000064,00.004680]
tsdf/integrate/update_blocks                  	   3000	00.297778	(00.000099 +- 00.000014)	[00.000060,00.006774]
view_calculator/raycast                       	   3000	00.038176	(00.000013 +- 00.000006)	[00.000006,00.000672]
view_calculator/raycast/output                	      2	00.000170	(00.000085 +- 00.000003)	[00.000082,00.000088]
view_calculator/raycast/raycast_pixels_kernel 	      2	00.000522	(00.000261 +- 00.000228)	[00.000033,00.000489]
view_calculator/raycast/setup                 	      2	00.000114	(00.000057 +- 00.000022)	[00.000035,00.000080]
-----------

[INFO] [1790060049.878258766] [nvblox_node]: Rates statistics: 

NVBlox Rates (in Hz)
namespace/tag - NumSamples (Window Length) - Mean 
-----------
ros/depth               	100    	15.2
ros/depth_image_callback	100    	15.1
ros/update_esdf         	100    	9.6
ros/tick                	100    	101.0
-----------

[INFO] [1790060049.878357905] [nvblox_node]: Delay statistics: 

NVBlox Delays
namespace/tag - NumSamples (Window Length) - Mean Delay (seconds) 
-----------
ros/esdf_integration       	100    	0.102
ros/depth_image_integration	100    	0.071
ros/depth_image_callback   	100    	0.065
-----------

[INFO] [1790060059.887412942] [nvblox_node]: Timing statistics: 

NVBlox Timings (in seconds)
namespace/tag - NumSamples - TotalTime - (Mean +- StdDev) - [Min,Max]
-----------
/esdf_slicer/get_aabb                         	   1988	00.009545	(00.000005 +- 00.000001)	[00.000002,00.000119]
/esdf_slicer/slice_layer                      	   1987	00.310444	(00.000156 +- 00.000281)	[00.000094,00.005426]
esdf/integrate/clear                          	   1985	00.496018	(00.000250 +- 00.000034)	[00.000153,00.006057]
esdf/integrate/clear/get_blocks               	   1985	00.104292	(00.000053 +- 00.000022)	[00.000021,00.000269]
esdf/integrate/compute/neighbor_bands         	   2571	00.747263	(00.000291 +- 00.000331)	[00.000157,00.005305]
esdf/integrate/compute/neighbor_bands/gpu_view	   2571	00.232528	(00.000090 +- 00.000153)	[00.000009,00.003160]
esdf/integrate/compute/swap                   	   2571	00.005609	(00.000002 +- 00.000000)	[00.000001,00.001429]
esdf/integrate/compute/sweep                  	   2571	00.118647	(00.000046 +- 00.000009)	[00.000015,00.002988]
esdf/integrate/mark_sites/pack_out            	   1985	00.168472	(00.000085 +- 00.000016)	[00.000054,00.003488]
esdf/integrate_slice                          	   1988	03.751860	(00.001887 +- 00.000818)	[00.000001,00.028875]
esdf/integrate_slice/compute                  	   1985	00.957624	(00.000482 +- 00.000759)	[00.000270,00.008365]
esdf/integrate_slice/mark_sites               	   1985	02.276813	(00.001147 +- 00.000438)	[00.000193,00.019177]
gpu_hash/flush_insertion_cache                	   2050	00.409001	(00.000200 +- 00.000036)	[00.000125,00.008336]
gpu_hash/flush_removal_cache                  	   2044	00.726916	(00.000356 +- 00.000341)	[00.000102,00.009179]
gpu_hash/transfer/reset                       	     12	00.107621	(00.008968 +- 00.008079)	[00.001275,00.026848]
ros/clear_outside_radius                      	    210	00.000191	(00.000001 +- 00.000001)	[00.000000,00.000004]
ros/decay_tsdf                                	   1024	01.686137	(00.001647 +- 00.000712)	[00.000481,00.026523]
ros/depth                                     	   3150	05.391458	(00.001712 +- 00.000501)	[00.000546,00.021638]
ros/depth/conversions                         	   3150	02.657418	(00.000844 +- 00.000278)	[00.000070,00.008372]
ros/depth/integrate                           	   3150	02.536990	(00.000805 +- 00.000279)	[00.000358,00.018078]
ros/depth/output/back_projected_depth         	   3150	00.040695	(00.000013 +- 00.000006)	[00.000005,00.003382]
ros/depth/transform                           	   3150	00.105790	(00.000034 +- 00.000005)	[00.000016,00.000937]
ros/depth_image_callback                      	   3150	00.166041	(00.000053 +- 00.000014)	[00.000021,00.001041]
ros/esdf                                      	   1988	05.462087	(00.002748 +- 00.000906)	[00.001208,00.029614]
ros/esdf/integrate                            	   1988	04.198351	(00.002112 +- 00.000816)	[00.000074,00.029148]
ros/esdf/slice_output                         	   1988	01.248535	(00.000628 +- 00.000348)	[00.000401,00.009865]
ros/idle                                      	  20984	188.490861	(00.008983 +- 00.001184)	[00.000147,00.040650]
ros/process_queue                             	  62955	06.455534	(00.000103 +- 00.000417)	[00.000000,00.021929]
ros/push_onto_queue                           	   3150	00.012751	(00.000004 +- 00.000001)	[00.000002,00.000090]
ros/static/esdf/output/compute                	   1988	00.429973	(00.000216 +- 00.000308)	[00.000071,00.005752]
ros/static/esdf/output/slice                  	   1988	00.703597	(00.000354 +- 00.000143)	[00.000195,00.009528]
ros/tick                                      	  20984	21.420069	(00.001021 +- 00.001028)	[00.000189,00.051809]
tsdf/integrate                                	   3150	01.064240	(00.000338 +- 00.000185)	[00.000155,00.016753]
tsdf/integrate/allocate_blocks                	   3150	00.258839	(00.000082 +- 00.000169)	[00.000014,00.011217]
tsdf/integrate/get_blocks_in_view             	   3150	00.056992	(00.000018 +- 00.000001)	[00.000008,00.000679]
tsdf/integrate/transfer_blocks                	   3150	00.396701	(00.000126 +- 00.000026)	[00.000064,00.004680]
tsdf/integrate/update_blocks                  	   3150	00.310693	(00.000099 +- 00.000015)	[00.000060,00.006774]
view_calculator/raycast                       	   3150	00.039927	(00.000013 +- 00.000001)	[00.000006,00.000672]
view_calculator/raycast/output                	      2	00.000170	(00.000085 +- 00.000003)	[00.000082,00.000088]
view_calculator/raycast/raycast_pixels_kernel 	      2	00.000522	(00.000261 +- 00.000228)	[00.000033,00.000489]
view_calculator/raycast/setup                 	      2	00.000114	(00.000057 +- 00.000022)	[00.000035,00.000080]
-----------

[INFO] [1790060059.887840861] [nvblox_node]: Rates statistics: 

NVBlox Rates (in Hz)
namespace/tag - NumSamples (Window Length) - Mean 
-----------
ros/depth               	100    	15.1
ros/depth_image_callback	100    	15.1
ros/update_esdf         	100    	9.6
ros/tick                	100    	101.0
-----------

[INFO] [1790060059.887922336] [nvblox_node]: Delay statistics: 

NVBlox Delays
namespace/tag - NumSamples (Window Length) - Mean Delay (seconds) 
-----------
ros/esdf_integration       	100    	0.102
ros/depth_image_integration	100    	0.070
ros/depth_image_callback   	100    	0.064
-----------

[INFO] [1790060069.898317475] [nvblox_node]: Timing statistics: 

NVBlox Timings (in seconds)
namespace/tag - NumSamples - TotalTime - (Mean +- StdDev) - [Min,Max]
-----------
/esdf_slicer/get_aabb                         	   2082	00.009970	(00.000005 +- 00.000001)	[00.000002,00.000119]
/esdf_slicer/slice_layer                      	   2081	00.325536	(00.000156 +- 00.000161)	[00.000094,00.005426]
esdf/integrate/clear                          	   2079	00.518439	(00.000249 +- 00.000184)	[00.000152,00.006057]
esdf/integrate/clear/get_blocks               	   2079	00.108990	(00.000052 +- 00.000025)	[00.000020,00.000269]
esdf/integrate/compute/neighbor_bands         	   2685	00.784901	(00.000292 +- 00.000093)	[00.000157,00.005305]
esdf/integrate/compute/neighbor_bands/gpu_view	   2685	00.243647	(00.000091 +- 00.000020)	[00.000009,00.003160]
esdf/integrate/compute/swap                   	   2685	00.005779	(00.000002 +- 00.000000)	[00.000001,00.001429]
esdf/integrate/compute/sweep                  	   2685	00.123853	(00.000046 +- 00.000134)	[00.000013,00.002988]
esdf/integrate/mark_sites/pack_out            	   2079	00.176239	(00.000085 +- 00.000090)	[00.000054,00.003488]
esdf/integrate_slice                          	   2082	03.926520	(00.001886 +- 00.000890)	[00.000001,00.028875]
esdf/integrate_slice/compute                  	   2079	01.005452	(00.000484 +- 00.000577)	[00.000270,00.008365]
esdf/integrate_slice/mark_sites               	   2079	02.380248	(00.001145 +- 00.000561)	[00.000174,00.019177]
gpu_hash/flush_insertion_cache                	   2147	00.426584	(00.000199 +- 00.000097)	[00.000125,00.008336]
gpu_hash/flush_removal_cache                  	   2142	00.764228	(00.000357 +- 00.000318)	[00.000102,00.009179]
gpu_hash/transfer/reset                       	     12	00.107621	(00.008968 +- 00.008079)	[00.001275,00.026848]
ros/clear_outside_radius                      	    220	00.000198	(00.000001 +- 00.000001)	[00.000000,00.000004]
ros/decay_tsdf                                	   1073	01.762472	(00.001643 +- 00.000608)	[00.000481,00.026523]
ros/depth                                     	   3300	05.634987	(00.001708 +- 00.000254)	[00.000459,00.021638]
ros/depth/conversions                         	   3300	02.779811	(00.000842 +- 00.000111)	[00.000057,00.008372]
ros/depth/integrate                           	   3300	02.650440	(00.000803 +- 00.000194)	[00.000301,00.018078]
ros/depth/output/back_projected_depth         	   3300	00.042291	(00.000013 +- 00.000002)	[00.000003,00.003382]
ros/depth/transform                           	   3300	00.109764	(00.000033 +- 00.000012)	[00.000016,00.000937]
ros/depth_image_callback                      	   3300	00.174265	(00.000053 +- 00.000021)	[00.000021,00.001041]
ros/esdf                                      	   2082	05.712700	(00.002744 +- 00.001062)	[00.001208,00.029614]
ros/esdf/integrate                            	   2082	04.391419	(00.002109 +- 00.000922)	[00.000074,00.029148]
ros/esdf/slice_output                         	   2082	01.305388	(00.000627 +- 00.000215)	[00.000386,00.009865]
ros/idle                                      	  21985	197.547170	(00.008986 +- 00.001122)	[00.000064,00.040650]
ros/process_queue                             	  65958	06.747795	(00.000102 +- 00.000445)	[00.000000,00.021929]
ros/push_onto_queue                           	   3300	00.013291	(00.000004 +- 00.000001)	[00.000002,00.000090]
ros/static/esdf/output/compute                	   2082	00.450348	(00.000216 +- 00.000171)	[00.000071,00.005752]
ros/static/esdf/output/slice                  	   2082	00.734657	(00.000353 +- 00.000065)	[00.000195,00.009528]
ros/tick                                      	  21985	22.366336	(00.001017 +- 00.001113)	[00.000189,00.051809]
tsdf/integrate                                	   3300	01.112747	(00.000337 +- 00.000080)	[00.000139,00.016753]
tsdf/integrate/allocate_blocks                	   3300	00.271192	(00.000082 +- 00.000044)	[00.000011,00.011217]
tsdf/integrate/get_blocks_in_view             	   3300	00.059546	(00.000018 +- 00.000012)	[00.000008,00.000679]
tsdf/integrate/transfer_blocks                	   3300	00.414655	(00.000126 +- 00.000045)	[00.000056,00.004680]
tsdf/integrate/update_blocks                  	   3300	00.324595	(00.000098 +- 00.000023)	[00.000057,00.006774]
view_calculator/raycast                       	   3300	00.041767	(00.000013 +- 00.000012)	[00.000006,00.000672]
view_calculator/raycast/output                	      2	00.000170	(00.000085 +- 00.000003)	[00.000082,00.000088]
view_calculator/raycast/raycast_pixels_kernel 	      2	00.000522	(00.000261 +- 00.000228)	[00.000033,00.000489]
view_calculator/raycast/setup                 	      2	00.000114	(00.000057 +- 00.000022)	[00.000035,00.000080]
-----------

[INFO] [1790060069.898876566] [nvblox_node]: Rates statistics: 

NVBlox Rates (in Hz)
namespace/tag - NumSamples (Window Length) - Mean 
-----------
ros/depth               	100    	15.1
ros/depth_image_callback	100    	15.1
ros/update_esdf         	100    	9.5
ros/tick                	100    	101.0
-----------

[INFO] [1790060069.899004987] [nvblox_node]: Delay statistics: 

NVBlox Delays
namespace/tag - NumSamples (Window Length) - Mean Delay (seconds) 
-----------
ros/esdf_integration       	100    	0.103
ros/depth_image_integration	100    	0.075
ros/depth_image_callback   	100    	0.067
-----------

[INFO] [1790060079.909026221] [nvblox_node]: Timing statistics: 

NVBlox Timings (in seconds)
namespace/tag - NumSamples - TotalTime - (Mean +- StdDev) - [Min,Max]
-----------
/esdf_slicer/get_aabb                         	   2177	00.010435	(00.000005 +- 00.000003)	[00.000002,00.000119]
/esdf_slicer/slice_layer                      	   2176	00.338790	(00.000156 +- 00.000038)	[00.000094,00.005426]
esdf/integrate/clear                          	   2174	00.540696	(00.000249 +- 00.000058)	[00.000152,00.006057]
esdf/integrate/clear/get_blocks               	   2174	00.114081	(00.000052 +- 00.000023)	[00.000020,00.000269]
esdf/integrate/compute/neighbor_bands         	   2829	00.837405	(00.000296 +- 00.000959)	[00.000157,00.007098]
esdf/integrate/compute/neighbor_bands/gpu_view	   2829	00.266014	(00.000094 +- 00.000867)	[00.000009,00.006265]
esdf/integrate/compute/swap                   	   2829	00.005988	(00.000002 +- 00.000000)	[00.000001,00.001429]
esdf/integrate/compute/sweep                  	   2829	00.129544	(00.000046 +- 00.000010)	[00.000013,00.002988]
esdf/integrate/mark_sites/pack_out            	   2174	00.183086	(00.000084 +- 00.000014)	[00.000054,00.003488]
esdf/integrate_slice                          	   2177	04.117669	(00.001891 +- 00.001628)	[00.000001,00.028875]
esdf/integrate_slice/compute                  	   2174	01.067832	(00.000491 +- 00.001584)	[00.000270,00.009357]
esdf/integrate_slice/mark_sites               	   2174	02.485728	(00.001143 +- 00.000375)	[00.000174,00.019177]
gpu_hash/flush_insertion_cache                	   2256	00.445994	(00.000198 +- 00.000034)	[00.000125,00.008336]
gpu_hash/flush_removal_cache                  	   2239	00.799237	(00.000357 +- 00.000536)	[00.000102,00.009179]
gpu_hash/transfer/reset                       	     12	00.107621	(00.008968 +- 00.008079)	[00.001275,00.026848]
ros/clear_outside_radius                      	    230	00.000205	(00.000001 +- 00.000001)	[00.000000,00.000004]
ros/decay_tsdf                                	   1122	01.847463	(00.001647 +- 00.001585)	[00.000481,00.026523]
ros/depth                                     	   3450	05.887117	(00.001706 +- 00.001443)	[00.000459,00.021638]
ros/depth/conversions                         	   3450	02.903074	(00.000841 +- 00.000208)	[00.000057,00.008372]
ros/depth/integrate                           	   3450	02.770652	(00.000803 +- 00.001241)	[00.000301,00.018078]
ros/depth/output/back_projected_depth         	   3450	00.044066	(00.000013 +- 00.000008)	[00.000003,00.003382]
ros/depth/transform                           	   3450	00.114307	(00.000033 +- 00.000014)	[00.000016,00.000937]
ros/depth_image_callback                      	   3450	00.182314	(00.000053 +- 00.000020)	[00.000021,00.001041]
ros/esdf                                      	   2177	05.979858	(00.002747 +- 00.001685)	[00.001208,00.029614]
ros/esdf/integrate                            	   2177	04.601662	(00.002114 +- 00.001630)	[00.000074,00.029148]
ros/esdf/slice_output                         	   2177	01.361630	(00.000625 +- 00.000141)	[00.000386,00.009865]
ros/idle                                      	  22985	206.544991	(00.008986 +- 00.002377)	[00.000064,00.040650]
ros/process_queue                             	  68958	07.049662	(00.000102 +- 00.000445)	[00.000000,00.021929]
ros/push_onto_queue                           	   3450	00.013868	(00.000004 +- 00.000001)	[00.000002,00.000090]
ros/static/esdf/output/compute                	   2177	00.469256	(00.000216 +- 00.000048)	[00.000071,00.005752]
ros/static/esdf/output/slice                  	   2177	00.766706	(00.000352 +- 00.000110)	[00.000195,00.009528]
ros/tick                                      	  22985	23.371197	(00.001017 +- 00.003736)	[00.000189,00.051809]
tsdf/integrate                                	   3450	01.163942	(00.000337 +- 00.001240)	[00.000139,00.016753]
tsdf/integrate/allocate_blocks                	   3450	00.283633	(00.000082 +- 00.000525)	[00.000011,00.011217]
tsdf/integrate/get_blocks_in_view             	   3450	00.062326	(00.000018 +- 00.000002)	[00.000008,00.000679]
tsdf/integrate/transfer_blocks                	   3450	00.434865	(00.000126 +- 00.000576)	[00.000056,00.004680]
tsdf/integrate/update_blocks                  	   3450	00.338507	(00.000098 +- 00.000138)	[00.000057,00.006774]
view_calculator/raycast                       	   3450	00.043654	(00.000013 +- 00.000001)	[00.000006,00.000672]
view_calculator/raycast/output                	      2	00.000170	(00.000085 +- 00.000003)	[00.000082,00.000088]
view_calculator/raycast/raycast_pixels_kernel 	      2	00.000522	(00.000261 +- 00.000228)	[00.000033,00.000489]
view_calculator/raycast/setup                 	      2	00.000114	(00.000057 +- 00.000022)	[00.000035,00.000080]
-----------

[INFO] [1790060079.909531198] [nvblox_node]: Rates statistics: 

NVBlox Rates (in Hz)
namespace/tag - NumSamples (Window Length) - Mean 
-----------
ros/depth               	100    	15.2
ros/depth_image_callback	100    	15.2
ros/update_esdf         	100    	9.6
ros/tick                	100    	100.0
-----------

[INFO] [1790060079.909616801] [nvblox_node]: Delay statistics: 

NVBlox Delays
namespace/tag - NumSamples (Window Length) - Mean Delay (seconds) 
-----------
ros/esdf_integration       	100    	0.102
ros/depth_image_integration	100    	0.074
ros/depth_image_callback   	100    	0.066
-----------

[INFO] [1790060089.916842835] [nvblox_node]: Timing statistics: 

NVBlox Timings (in seconds)
namespace/tag - NumSamples - TotalTime - (Mean +- StdDev) - [Min,Max]
-----------
/esdf_slicer/get_aabb                         	   2272	00.010872	(00.000005 +- 00.000001)	[00.000002,00.000119]
/esdf_slicer/slice_layer                      	   2271	00.352225	(00.000155 +- 00.000131)	[00.000094,00.005426]
esdf/integrate/clear                          	   2269	00.563473	(00.000248 +- 00.000057)	[00.000152,00.006057]
esdf/integrate/clear/get_blocks               	   2269	00.119095	(00.000052 +- 00.000026)	[00.000020,00.000269]
esdf/integrate/compute/neighbor_bands         	   2969	00.881813	(00.000297 +- 00.000432)	[00.000157,00.007098]
esdf/integrate/compute/neighbor_bands/gpu_view	   2969	00.282939	(00.000095 +- 00.000328)	[00.000009,00.006265]
esdf/integrate/compute/swap                   	   2969	00.006186	(00.000002 +- 00.000000)	[00.000000,00.001429]
esdf/integrate/compute/sweep                  	   2969	00.134801	(00.000045 +- 00.000011)	[00.000013,00.002988]
esdf/integrate/mark_sites/pack_out            	   2269	00.190250	(00.000084 +- 00.000012)	[00.000054,00.003488]
esdf/integrate_slice                          	   2272	04.302390	(00.001894 +- 00.000688)	[00.000001,00.028875]
esdf/integrate_slice/compute                  	   2269	01.121700	(00.000494 +- 00.000559)	[00.000270,00.009357]
esdf/integrate_slice/mark_sites               	   2269	02.592775	(00.001143 +- 00.000406)	[00.000174,00.019177]
gpu_hash/flush_insertion_cache                	   2355	00.462618	(00.000196 +- 00.000023)	[00.000125,00.008336]
gpu_hash/flush_removal_cache                  	   2336	00.839339	(00.000359 +- 00.000459)	[00.000100,00.009179]
gpu_hash/transfer/reset                       	     12	00.107621	(00.008968 +- 00.008079)	[00.001275,00.026848]
ros/clear_outside_radius                      	    240	00.000212	(00.000001 +- 00.000000)	[00.000000,00.000004]
ros/decay_tsdf                                	   1170	01.933147	(00.001652 +- 00.001658)	[00.000481,00.026523]
ros/depth                                     	   3599	06.127996	(00.001703 +- 00.000294)	[00.000459,00.021638]
ros/depth/conversions                         	   3599	03.028500	(00.000841 +- 00.000149)	[00.000057,00.008372]
ros/depth/integrate                           	   3599	02.878193	(00.000800 +- 00.000190)	[00.000301,00.018078]
ros/depth/output/back_projected_depth         	   3599	00.045718	(00.000013 +- 00.000001)	[00.000003,00.003382]
ros/depth/transform                           	   3599	00.118499	(00.000033 +- 00.000011)	[00.000016,00.000937]
ros/depth_image_callback                      	   3599	00.189904	(00.000053 +- 00.000094)	[00.000021,00.001041]
ros/esdf                                      	   2272	06.241355	(00.002747 +- 00.000818)	[00.001208,00.029614]
ros/esdf/integrate                            	   2272	04.806343	(00.002115 +- 00.000721)	[00.000074,00.029148]
ros/esdf/slice_output                         	   2272	01.417718	(00.000624 +- 00.000210)	[00.000386,00.009865]
ros/idle                                      	  23986	215.563129	(00.008987 +- 00.001862)	[00.000064,00.040650]
ros/process_queue                             	  71961	07.338756	(00.000102 +- 00.000547)	[00.000000,00.021929]
ros/push_onto_queue                           	   3599	00.014397	(00.000004 +- 00.000001)	[00.000002,00.000090]
ros/static/esdf/output/compute                	   2272	00.487767	(00.000215 +- 00.000134)	[00.000071,00.005752]
ros/static/esdf/output/slice                  	   2272	00.798132	(00.000351 +- 00.000064)	[00.000195,00.009528]
ros/tick                                      	  23986	24.355057	(00.001015 +- 00.001610)	[00.000189,00.051809]
tsdf/integrate                                	   3599	01.208469	(00.000336 +- 00.000116)	[00.000139,00.016753]
tsdf/integrate/allocate_blocks                	   3599	00.294922	(00.000082 +- 00.000095)	[00.000011,00.011217]
tsdf/integrate/get_blocks_in_view             	   3599	00.064745	(00.000018 +- 00.000005)	[00.000008,00.000679]
tsdf/integrate/transfer_blocks                	   3599	00.451164	(00.000125 +- 00.000033)	[00.000056,00.004680]
tsdf/integrate/update_blocks                  	   3599	00.351260	(00.000098 +- 00.000025)	[00.000057,00.006774]
view_calculator/raycast                       	   3599	00.045315	(00.000013 +- 00.000001)	[00.000006,00.000672]
view_calculator/raycast/output                	      2	00.000170	(00.000085 +- 00.000003)	[00.000082,00.000088]
view_calculator/raycast/raycast_pixels_kernel 	      2	00.000522	(00.000261 +- 00.000228)	[00.000033,00.000489]
view_calculator/raycast/setup                 	      2	00.000114	(00.000057 +- 00.000022)	[00.000035,00.000080]
-----------

[INFO] [1790060089.917271137] [nvblox_node]: Rates statistics: 

NVBlox Rates (in Hz)
namespace/tag - NumSamples (Window Length) - Mean 
-----------
ros/depth               	100    	15.0
ros/depth_image_callback	100    	15.0
ros/update_esdf         	100    	9.6
ros/tick                	100    	101.0
-----------

[INFO] [1790060089.917355012] [nvblox_node]: Delay statistics: 

NVBlox Delays
namespace/tag - NumSamples (Window Length) - Mean Delay (seconds) 
-----------
ros/esdf_integration       	100    	0.102
ros/depth_image_integration	100    	0.071
ros/depth_image_callback   	100    	0.064
-----------

[INFO] [1790060099.920029372] [nvblox_node]: Timing statistics: 

NVBlox Timings (in seconds)
namespace/tag - NumSamples - TotalTime - (Mean +- StdDev) - [Min,Max]
-----------
/esdf_slicer/get_aabb                         	   2367	00.011382	(00.000005 +- 00.000009)	[00.000002,00.000119]
/esdf_slicer/slice_layer                      	   2366	00.367578	(00.000155 +- 00.000150)	[00.000094,00.005426]
esdf/integrate/clear                          	   2364	00.584748	(00.000247 +- 00.000043)	[00.000152,00.006057]
esdf/integrate/clear/get_blocks               	   2364	00.123538	(00.000052 +- 00.000020)	[00.000020,00.000269]
esdf/integrate/compute/neighbor_bands         	   3113	00.933554	(00.000300 +- 00.000174)	[00.000157,00.007098]
esdf/integrate/compute/neighbor_bands/gpu_view	   3113	00.297286	(00.000095 +- 00.000024)	[00.000009,00.006265]
esdf/integrate/compute/swap                   	   3113	00.006388	(00.000002 +- 00.000000)	[00.000000,00.001429]
esdf/integrate/compute/sweep                  	   3113	00.140733	(00.000045 +- 00.000073)	[00.000013,00.002988]
esdf/integrate/mark_sites/pack_out            	   2364	00.199899	(00.000085 +- 00.000034)	[00.000051,00.003488]
esdf/integrate_slice                          	   2367	04.499888	(00.001901 +- 00.001221)	[00.000001,00.028875]
esdf/integrate_slice/compute                  	   2364	01.183810	(00.000501 +- 00.000942)	[00.000270,00.009357]
esdf/integrate_slice/mark_sites               	   2364	02.705917	(00.001145 +- 00.000519)	[00.000174,00.019177]
gpu_hash/flush_insertion_cache                	   2455	00.479743	(00.000195 +- 00.000031)	[00.000125,00.008336]
gpu_hash/flush_removal_cache                  	   2434	00.874666	(00.000359 +- 00.000268)	[00.000100,00.009179]
gpu_hash/transfer/reset                       	     12	00.107621	(00.008968 +- 00.008079)	[00.001275,00.026848]
ros/clear_outside_radius                      	    250	00.000219	(00.000001 +- 00.000000)	[00.000000,00.000004]
ros/decay_tsdf                                	   1219	02.019573	(00.001657 +- 00.000958)	[00.000481,00.026523]
ros/depth                                     	   3749	06.365826	(00.001698 +- 00.000285)	[00.000459,00.021638]
ros/depth/conversions                         	   3749	03.153399	(00.000841 +- 00.000049)	[00.000057,00.008372]
ros/depth/integrate                           	   3749	02.982123	(00.000795 +- 00.000242)	[00.000301,00.018078]
ros/depth/output/back_projected_depth         	   3749	00.047339	(00.000013 +- 00.000005)	[00.000003,00.003382]
ros/depth/transform                           	   3749	00.123553	(00.000033 +- 00.000021)	[00.000016,00.000937]
ros/depth_image_callback                      	   3749	00.197353	(00.000053 +- 00.000021)	[00.000021,00.001041]
ros/esdf                                      	   2367	06.519017	(00.002754 +- 00.001335)	[00.001208,00.029614]
ros/esdf/integrate                            	   2367	05.022664	(00.002122 +- 00.001260)	[00.000074,00.029148]
ros/esdf/slice_output                         	   2367	01.478248	(00.000625 +- 00.000171)	[00.000386,00.009865]
ros/idle                                      	  24986	224.563055	(00.008988 +- 00.000937)	[00.000064,00.040650]
ros/process_queue                             	  74961	07.630160	(00.000102 +- 00.000448)	[00.000000,00.021929]
ros/push_onto_queue                           	   3749	00.014948	(00.000004 +- 00.000001)	[00.000002,00.000090]
ros/static/esdf/output/compute                	   2367	00.508319	(00.000215 +- 00.000153)	[00.000071,00.005752]
ros/static/esdf/output/slice                  	   2367	00.829114	(00.000350 +- 00.000065)	[00.000195,00.009528]
ros/tick                                      	  24986	25.347166	(00.001014 +- 00.000952)	[00.000189,00.051809]
tsdf/integrate                                	   3749	01.250269	(00.000333 +- 00.000156)	[00.000139,00.016753]
tsdf/integrate/allocate_blocks                	   3749	00.304187	(00.000081 +- 00.000039)	[00.000011,00.011217]
tsdf/integrate/get_blocks_in_view             	   3749	00.067378	(00.000018 +- 00.000007)	[00.000008,00.000679]
tsdf/integrate/transfer_blocks                	   3749	00.466459	(00.000124 +- 00.000128)	[00.000056,00.004680]
tsdf/integrate/update_blocks                  	   3749	00.364174	(00.000097 +- 00.000016)	[00.000057,00.006774]
view_calculator/raycast                       	   3749	00.047239	(00.000013 +- 00.000007)	[00.000006,00.000672]
view_calculator/raycast/output                	      2	00.000170	(00.000085 +- 00.000003)	[00.000082,00.000088]
view_calculator/raycast/raycast_pixels_kernel 	      2	00.000522	(00.000261 +- 00.000228)	[00.000033,00.000489]
view_calculator/raycast/setup                 	      2	00.000114	(00.000057 +- 00.000022)	[00.000035,00.000080]
-----------

[INFO] [1790060099.920385672] [nvblox_node]: Rates statistics: 

NVBlox Rates (in Hz)
namespace/tag - NumSamples (Window Length) - Mean 
-----------
ros/depth               	100    	15.2
ros/depth_image_callback	100    	15.1
ros/update_esdf         	100    	9.5
ros/tick                	100    	101.0
-----------

[INFO] [1790060099.920431977] [nvblox_node]: Delay statistics: 

NVBlox Delays
namespace/tag - NumSamples (Window Length) - Mean Delay (seconds) 
-----------
ros/esdf_integration       	100    	0.103
ros/depth_image_integration	100    	0.071
ros/depth_image_callback   	100    	0.065
-----------

[INFO] [1790060109.927596442] [nvblox_node]: Timing statistics: 

NVBlox Timings (in seconds)
namespace/tag - NumSamples - TotalTime - (Mean +- StdDev) - [Min,Max]
-----------
/esdf_slicer/get_aabb                         	   2461	00.011812	(00.000005 +- 00.000001)	[00.000002,00.000119]
/esdf_slicer/slice_layer                      	   2460	00.382208	(00.000155 +- 00.000153)	[00.000094,00.005426]
esdf/integrate/clear                          	   2458	00.609343	(00.000248 +- 00.000062)	[00.000152,00.006057]
esdf/integrate/clear/get_blocks               	   2458	00.128497	(00.000052 +- 00.000022)	[00.000020,00.000287]
esdf/integrate/compute/neighbor_bands         	   3241	00.974506	(00.000301 +- 00.000482)	[00.000157,00.007098]
esdf/integrate/compute/neighbor_bands/gpu_view	   3241	00.310874	(00.000096 +- 00.000311)	[00.000009,00.006265]
esdf/integrate/compute/swap                   	   3241	00.006621	(00.000002 +- 00.000000)	[00.000000,00.001429]
esdf/integrate/compute/sweep                  	   3241	00.146717	(00.000045 +- 00.000013)	[00.000013,00.002988]
esdf/integrate/mark_sites/pack_out            	   2458	00.207216	(00.000084 +- 00.000033)	[00.000051,00.003488]
esdf/integrate_slice                          	   2461	04.688991	(00.001905 +- 00.000845)	[00.000001,00.028875]
esdf/integrate_slice/compute                  	   2458	01.235645	(00.000503 +- 00.000730)	[00.000270,00.009357]
esdf/integrate_slice/mark_sites               	   2458	02.817638	(00.001146 +- 00.000429)	[00.000174,00.019177]
gpu_hash/flush_insertion_cache                	   2553	00.496795	(00.000195 +- 00.000031)	[00.000125,00.008336]
gpu_hash/flush_removal_cache                  	   2532	00.909085	(00.000359 +- 00.000332)	[00.000100,00.009179]
gpu_hash/transfer/reset                       	     12	00.107621	(00.008968 +- 00.008079)	[00.001275,00.026848]
ros/clear_outside_radius                      	    260	00.000226	(00.000001 +- 00.000000)	[00.000000,00.000004]
ros/decay_tsdf                                	   1268	02.097958	(00.001655 +- 00.000733)	[00.000481,00.026523]
ros/depth                                     	   3899	06.610362	(00.001695 +- 00.000176)	[00.000459,00.021638]
ros/depth/conversions                         	   3899	03.276178	(00.000840 +- 00.000028)	[00.000057,00.008372]
ros/depth/integrate                           	   3899	03.095603	(00.000794 +- 00.000160)	[00.000301,00.018078]
ros/depth/output/back_projected_depth         	   3899	00.049025	(00.000013 +- 00.000002)	[00.000003,00.003382]
ros/depth/transform                           	   3899	00.127986	(00.000033 +- 00.000016)	[00.000016,00.000937]
ros/depth_image_callback                      	   3899	00.205432	(00.000053 +- 00.000029)	[00.000021,00.001041]
ros/esdf                                      	   2461	06.786473	(00.002758 +- 00.000917)	[00.001208,00.029614]
ros/esdf/integrate                            	   2461	05.231417	(00.002126 +- 00.000854)	[00.000074,00.029148]
ros/esdf/slice_output                         	   2461	01.536273	(00.000624 +- 00.000184)	[00.000386,00.009865]
ros/idle                                      	  25986	233.564491	(00.008988 +- 00.001339)	[00.000064,00.040650]
ros/process_queue                             	  77961	07.924598	(00.000102 +- 00.000418)	[00.000000,00.021929]
ros/push_onto_queue                           	   3899	00.015644	(00.000004 +- 00.000012)	[00.000002,00.000090]
ros/static/esdf/output/compute                	   2461	00.528067	(00.000215 +- 00.000154)	[00.000071,00.005752]
ros/static/esdf/output/slice                  	   2461	00.862079	(00.000350 +- 00.000066)	[00.000195,00.009528]
ros/tick                                      	  25986	26.348128	(00.001014 +- 00.001335)	[00.000189,00.051809]
tsdf/integrate                                	   3899	01.298046	(00.000333 +- 00.000062)	[00.000139,00.016753]
tsdf/integrate/allocate_blocks                	   3899	00.315091	(00.000081 +- 00.000037)	[00.000011,00.011217]
tsdf/integrate/get_blocks_in_view             	   3899	00.070051	(00.000018 +- 00.000006)	[00.000008,00.000679]
tsdf/integrate/transfer_blocks                	   3899	00.484613	(00.000124 +- 00.000029)	[00.000056,00.004680]
tsdf/integrate/update_blocks                  	   3899	00.378330	(00.000097 +- 00.000026)	[00.000057,00.006774]
view_calculator/raycast                       	   3899	00.049044	(00.000013 +- 00.000006)	[00.000006,00.000672]
view_calculator/raycast/output                	      2	00.000170	(00.000085 +- 00.000003)	[00.000082,00.000088]
view_calculator/raycast/raycast_pixels_kernel 	      2	00.000522	(00.000261 +- 00.000228)	[00.000033,00.000489]
view_calculator/raycast/setup                 	      2	00.000114	(00.000057 +- 00.000022)	[00.000035,00.000080]
-----------

[INFO] [1790060109.928100555] [nvblox_node]: Rates statistics: 

NVBlox Rates (in Hz)
namespace/tag - NumSamples (Window Length) - Mean 
-----------
ros/depth               	100    	15.2
ros/depth_image_callback	100    	15.1
ros/update_esdf         	100    	9.5
ros/tick                	100    	101.0
-----------

[INFO] [1790060109.928163981] [nvblox_node]: Delay statistics: 

NVBlox Delays
namespace/tag - NumSamples (Window Length) - Mean Delay (seconds) 
-----------
ros/esdf_integration       	100    	0.102
ros/depth_image_integration	100    	0.072
ros/depth_image_callback   	100    	0.065
-----------

[INFO] [1790060119.929625824] [nvblox_node]: Timing statistics: 

NVBlox Timings (in seconds)
namespace/tag - NumSamples - TotalTime - (Mean +- StdDev) - [Min,Max]
-----------
/esdf_slicer/get_aabb                         	   2556	00.012248	(00.000005 +- 00.000001)	[00.000002,00.000119]
/esdf_slicer/slice_layer                      	   2555	00.402051	(00.000157 +- 00.000229)	[00.000094,00.005426]
esdf/integrate/clear                          	   2552	00.637747	(00.000250 +- 00.000037)	[00.000152,00.007986]
esdf/integrate/clear/get_blocks               	   2552	00.132921	(00.000052 +- 00.000015)	[00.000020,00.000287]
esdf/integrate/compute/neighbor_bands         	   3395	01.025043	(00.000302 +- 00.000058)	[00.000157,00.007098]
esdf/integrate/compute/neighbor_bands/gpu_view	   3395	00.326530	(00.000096 +- 00.000017)	[00.000009,00.006265]
esdf/integrate/compute/swap                   	   3395	00.006830	(00.000002 +- 00.000000)	[00.000000,00.001429]
esdf/integrate/compute/sweep                  	   3395	00.154569	(00.000046 +- 00.000013)	[00.000013,00.002988]
esdf/integrate/mark_sites/pack_out            	   2552	00.216579	(00.000085 +- 00.000022)	[00.000051,00.003488]
esdf/integrate_slice                          	   2556	04.915552	(00.001923 +- 00.000670)	[00.000001,00.028875]
esdf/integrate_slice/compute                  	   2552	01.298518	(00.000509 +- 00.000552)	[00.000270,00.009357]
esdf/integrate_slice/mark_sites               	   2552	02.951993	(00.001157 +- 00.000425)	[00.000174,00.019177]
gpu_hash/flush_insertion_cache                	   2649	00.521746	(00.000197 +- 00.000033)	[00.000125,00.008336]
gpu_hash/flush_removal_cache                  	   2628	00.960721	(00.000366 +- 00.000282)	[00.000100,00.009179]
gpu_hash/transfer/reset                       	     12	00.107621	(00.008968 +- 00.008079)	[00.001275,00.026848]
ros/clear_outside_radius                      	    270	00.000234	(00.000001 +- 00.000000)	[00.000000,00.000004]
ros/decay_tsdf                                	   1317	02.188985	(00.001662 +- 00.001118)	[00.000481,00.026523]
ros/depth                                     	   4049	06.882082	(00.001700 +- 00.000251)	[00.000459,00.021638]
ros/depth/conversions                         	   4049	03.408384	(00.000842 +- 00.000102)	[00.000057,00.008372]
ros/depth/integrate                           	   4049	03.226893	(00.000797 +- 00.000199)	[00.000301,00.018078]
ros/depth/output/back_projected_depth         	   4049	00.051160	(00.000013 +- 00.000001)	[00.000003,00.003382]
ros/depth/transform                           	   4049	00.131967	(00.000033 +- 00.000007)	[00.000016,00.000937]
ros/depth_image_callback                      	   4049	00.214537	(00.000053 +- 00.000017)	[00.000021,00.001723]
ros/esdf                                      	   2556	07.093746	(00.002775 +- 00.000758)	[00.001208,00.029614]
ros/esdf/integrate                            	   2556	05.476921	(00.002143 +- 00.000698)	[00.000074,00.029148]
ros/esdf/slice_output                         	   2556	01.597268	(00.000625 +- 00.000262)	[00.000386,00.009865]
ros/idle                                      	  26984	242.499974	(00.008987 +- 00.001185)	[00.000064,00.040650]
ros/process_queue                             	  80955	08.252810	(00.000102 +- 00.000455)	[00.000000,00.021929]
ros/push_onto_queue                           	   4049	00.016208	(00.000004 +- 00.000001)	[00.000002,00.000090]
ros/static/esdf/output/compute                	   2556	00.553179	(00.000216 +- 00.000234)	[00.000071,00.005752]
ros/static/esdf/output/slice                  	   2556	00.892256	(00.000349 +- 00.000084)	[00.000191,00.009528]
ros/tick                                      	  26984	27.405221	(00.001016 +- 00.001183)	[00.000189,00.051809]
tsdf/integrate                                	   4049	01.360622	(00.000336 +- 00.000089)	[00.000139,00.016753]
tsdf/integrate/allocate_blocks                	   4049	00.332765	(00.000082 +- 00.000065)	[00.000011,00.011217]
tsdf/integrate/get_blocks_in_view             	   4049	00.072547	(00.000018 +- 00.000002)	[00.000008,00.000679]
tsdf/integrate/transfer_blocks                	   4049	00.509549	(00.000126 +- 00.000051)	[00.000056,00.005246]
tsdf/integrate/update_blocks                  	   4049	00.394003	(00.000097 +- 00.000025)	[00.000057,00.006774]
view_calculator/raycast                       	   4049	00.050840	(00.000013 +- 00.000001)	[00.000006,00.000672]
view_calculator/raycast/output                	      2	00.000170	(00.000085 +- 00.000003)	[00.000082,00.000088]
view_calculator/raycast/raycast_pixels_kernel 	      2	00.000522	(00.000261 +- 00.000228)	[00.000033,00.000489]
view_calculator/raycast/setup                 	      2	00.000114	(00.000057 +- 00.000022)	[00.000035,00.000080]
-----------

[INFO] [1790060119.930042286] [nvblox_node]: Rates statistics: 

NVBlox Rates (in Hz)
namespace/tag - NumSamples (Window Length) - Mean 
-----------
ros/depth               	100    	15.2
ros/depth_image_callback	100    	15.1
ros/update_esdf         	100    	9.6
ros/tick                	100    	101.0
-----------

[INFO] [1790060119.930126033] [nvblox_node]: Delay statistics: 

NVBlox Delays
namespace/tag - NumSamples (Window Length) - Mean Delay (seconds) 
-----------
ros/esdf_integration       	100    	0.109
ros/depth_image_integration	100    	0.080
ros/depth_image_callback   	100    	0.073
-----------

[INFO] [1790060129.940349072] [nvblox_node]: Timing statistics: 

NVBlox Timings (in seconds)
namespace/tag - NumSamples - TotalTime - (Mean +- StdDev) - [Min,Max]
-----------
/esdf_slicer/get_aabb                         	   2651	00.013118	(00.000005 +- 00.000001)	[00.000002,00.000426]
/esdf_slicer/slice_layer                      	   2650	00.415329	(00.000157 +- 00.000029)	[00.000094,00.005426]
esdf/integrate/clear                          	   2647	00.660648	(00.000250 +- 00.000034)	[00.000152,00.007986]
esdf/integrate/clear/get_blocks               	   2647	00.138271	(00.000052 +- 00.000017)	[00.000020,00.000287]
esdf/integrate/compute/neighbor_bands         	   3560	01.076578	(00.000302 +- 00.000423)	[00.000157,00.007098]
esdf/integrate/compute/neighbor_bands/gpu_view	   3560	00.343136	(00.000096 +- 00.000274)	[00.000009,00.006265]
esdf/integrate/compute/swap                   	   3560	00.007074	(00.000002 +- 00.000000)	[00.000000,00.001429]
esdf/integrate/compute/sweep                  	   3560	00.161478	(00.000045 +- 00.000012)	[00.000013,00.002988]
esdf/integrate/mark_sites/pack_out            	   2647	00.223954	(00.000085 +- 00.000018)	[00.000051,00.003488]
esdf/integrate_slice                          	   2651	05.112542	(00.001929 +- 00.000723)	[00.000001,00.028875]
esdf/integrate_slice/compute                  	   2647	01.361808	(00.000514 +- 00.000733)	[00.000270,00.009357]
esdf/integrate_slice/mark_sites               	   2647	03.061784	(00.001157 +- 00.000366)	[00.000174,00.019177]
gpu_hash/flush_insertion_cache                	   2746	00.541660	(00.000197 +- 00.000038)	[00.000125,00.008336]
gpu_hash/flush_removal_cache                  	   2725	00.988304	(00.000363 +- 00.000201)	[00.000100,00.009179]
gpu_hash/transfer/reset                       	     12	00.107621	(00.008968 +- 00.008079)	[00.001275,00.026848]
ros/clear_outside_radius                      	    280	00.000246	(00.000001 +- 00.000000)	[00.000000,00.000004]
ros/decay_tsdf                                	   1366	02.259334	(00.001654 +- 00.000370)	[00.000481,00.026523]
ros/depth                                     	   4199	07.130740	(00.001698 +- 00.000173)	[00.000459,00.021638]
ros/depth/conversions                         	   4199	03.529833	(00.000841 +- 00.000069)	[00.000057,00.008372]
ros/depth/integrate                           	   4199	03.344924	(00.000797 +- 00.000145)	[00.000301,00.018078]
ros/depth/output/back_projected_depth         	   4199	00.052811	(00.000013 +- 00.000001)	[00.000003,00.003382]
ros/depth/transform                           	   4199	00.136892	(00.000033 +- 00.000010)	[00.000016,00.000937]
ros/depth_image_callback                      	   4199	00.222505	(00.000053 +- 00.000045)	[00.000021,00.001723]
ros/esdf                                      	   2651	07.370831	(00.002780 +- 00.000762)	[00.001208,00.029614]
ros/esdf/integrate                            	   2651	05.694310	(00.002148 +- 00.000735)	[00.000074,00.029148]
ros/esdf/slice_output                         	   2651	01.656255	(00.000625 +- 00.000094)	[00.000386,00.009865]
ros/idle                                      	  27985	251.474010	(00.008986 +- 00.001013)	[00.000064,00.040650]
ros/process_queue                             	  83958	08.550144	(00.000102 +- 00.000458)	[00.000000,00.021929]
ros/push_onto_queue                           	   4199	00.016798	(00.000004 +- 00.000001)	[00.000002,00.000090]
ros/static/esdf/output/compute                	   2651	00.572362	(00.000216 +- 00.000038)	[00.000071,00.005752]
ros/static/esdf/output/slice                  	   2651	00.926196	(00.000349 +- 00.000060)	[00.000191,00.009528]
ros/tick                                      	  27985	28.434518	(00.001016 +- 00.001002)	[00.000189,00.051809]
tsdf/integrate                                	   4199	01.405952	(00.000335 +- 00.000050)	[00.000139,00.016753]
tsdf/integrate/allocate_blocks                	   4199	00.342225	(00.000082 +- 00.000039)	[00.000011,00.011217]
tsdf/integrate/get_blocks_in_view             	   4199	00.075748	(00.000018 +- 00.000019)	[00.000008,00.000679]
tsdf/integrate/transfer_blocks                	   4199	00.526806	(00.000125 +- 00.000026)	[00.000056,00.005246]
tsdf/integrate/update_blocks                  	   4199	00.407306	(00.000097 +- 00.000010)	[00.000057,00.006774]
view_calculator/raycast                       	   4199	00.053089	(00.000013 +- 00.000019)	[00.000006,00.000672]
view_calculator/raycast/output                	      3	00.000255	(00.000085 +- 00.000002)	[00.000082,00.000088]
view_calculator/raycast/raycast_pixels_kernel 	      3	00.000558	(00.000186 +- 00.000215)	[00.000033,00.000489]
view_calculator/raycast/setup                 	      3	00.000144	(00.000048 +- 00.000022)	[00.000030,00.000080]
-----------

[INFO] [1790060129.940917924] [nvblox_node]: Rates statistics: 

NVBlox Rates (in Hz)
namespace/tag - NumSamples (Window Length) - Mean 
-----------
ros/depth               	100    	15.2
ros/depth_image_callback	100    	15.1
ros/update_esdf         	100    	9.6
ros/tick                	100    	101.0
-----------

[INFO] [1790060129.941013703] [nvblox_node]: Delay statistics: 

NVBlox Delays
namespace/tag - NumSamples (Window Length) - Mean Delay (seconds) 
-----------
ros/esdf_integration       	100    	0.103
ros/depth_image_integration	100    	0.071
ros/depth_image_callback   	100    	0.065
-----------

[INFO] [1790060139.948739449] [nvblox_node]: Timing statistics: 

NVBlox Timings (in seconds)
namespace/tag - NumSamples - TotalTime - (Mean +- StdDev) - [Min,Max]
-----------
/esdf_slicer/get_aabb                         	   2746	00.013608	(00.000005 +- 00.000007)	[00.000002,00.000426]
/esdf_slicer/slice_layer                      	   2745	00.430488	(00.000157 +- 00.000303)	[00.000094,00.005426]
esdf/integrate/clear                          	   2742	00.687347	(00.000251 +- 00.000175)	[00.000151,00.007986]
esdf/integrate/clear/get_blocks               	   2742	00.142927	(00.000052 +- 00.000020)	[00.000018,00.000287]
esdf/integrate/compute/neighbor_bands         	   3698	01.123966	(00.000304 +- 00.000383)	[00.000157,00.007098]
esdf/integrate/compute/neighbor_bands/gpu_view	   3698	00.357144	(00.000097 +- 00.000237)	[00.000009,00.006265]
esdf/integrate/compute/swap                   	   3698	00.007275	(00.000002 +- 00.000001)	[00.000000,00.001429]
esdf/integrate/compute/sweep                  	   3698	00.167246	(00.000045 +- 00.000042)	[00.000013,00.002988]
esdf/integrate/mark_sites/pack_out            	   2742	00.235709	(00.000086 +- 00.000225)	[00.000051,00.003488]
esdf/integrate_slice                          	   2746	05.321703	(00.001938 +- 00.001666)	[00.000001,00.028875]
esdf/integrate_slice/compute                  	   2742	01.419313	(00.000518 +- 00.000594)	[00.000270,00.009357]
esdf/integrate_slice/mark_sites               	   2742	03.185787	(00.001162 +- 00.001244)	[00.000174,00.019177]
gpu_hash/flush_insertion_cache                	   2843	00.563971	(00.000198 +- 00.000511)	[00.000125,00.008336]
gpu_hash/flush_removal_cache                  	   2823	01.031463	(00.000365 +- 00.000575)	[00.000100,00.009179]
gpu_hash/transfer/reset                       	     12	00.107621	(00.008968 +- 00.008079)	[00.001275,00.026848]
ros/clear_outside_radius                      	    290	00.000252	(00.000001 +- 00.000000)	[00.000000,00.000004]
ros/decay_tsdf                                	   1415	02.343975	(00.001657 +- 00.001033)	[00.000481,00.026523]
ros/depth                                     	   4348	07.383132	(00.001698 +- 00.000390)	[00.000459,00.021638]
ros/depth/conversions                         	   4348	03.654656	(00.000841 +- 00.000233)	[00.000057,00.008372]
ros/depth/integrate                           	   4348	03.464080	(00.000797 +- 00.000252)	[00.000301,00.018078]
ros/depth/output/back_projected_depth         	   4348	00.054482	(00.000013 +- 00.000006)	[00.000003,00.003382]
ros/depth/transform                           	   4348	00.141461	(00.000033 +- 00.000034)	[00.000015,00.000937]
ros/depth_image_callback                      	   4349	00.229269	(00.000053 +- 00.000018)	[00.000021,00.001723]
ros/esdf                                      	   2746	07.656530	(00.002788 +- 00.001889)	[00.001208,00.029614]
ros/esdf/integrate                            	   2746	05.922034	(00.002157 +- 00.001673)	[00.000074,00.029148]
ros/esdf/slice_output                         	   2746	01.713564	(00.000624 +- 00.000387)	[00.000386,00.009865]
ros/idle                                      	  28986	260.453609	(00.008985 +- 00.001931)	[00.000064,00.040650]
ros/process_queue                             	  86961	08.855721	(00.000102 +- 00.000330)	[00.000000,00.021929]
ros/push_onto_queue                           	   4349	00.017352	(00.000004 +- 00.000001)	[00.000002,00.000090]
ros/static/esdf/output/compute                	   2746	00.592610	(00.000216 +- 00.000304)	[00.000071,00.005752]
ros/static/esdf/output/slice                  	   2746	00.958021	(00.000349 +- 00.000227)	[00.000191,00.009528]
ros/tick                                      	  28986	29.457266	(00.001016 +- 00.001581)	[00.000189,00.051809]
tsdf/integrate                                	   4348	01.455075	(00.000335 +- 00.000140)	[00.000139,00.016753]
tsdf/integrate/allocate_blocks                	   4348	00.354618	(00.000082 +- 00.000125)	[00.000011,00.011217]
tsdf/integrate/get_blocks_in_view             	   4348	00.078262	(00.000018 +- 00.000005)	[00.000008,00.000679]
tsdf/integrate/transfer_blocks                	   4348	00.545530	(00.000125 +- 00.000038)	[00.000056,00.005246]
tsdf/integrate/update_blocks                  	   4348	00.420888	(00.000097 +- 00.000049)	[00.000057,00.006774]
view_calculator/raycast                       	   4348	00.054867	(00.000013 +- 00.000005)	[00.000006,00.000672]
view_calculator/raycast/output                	      3	00.000255	(00.000085 +- 00.000002)	[00.000082,00.000088]
view_calculator/raycast/raycast_pixels_kernel 	      3	00.000558	(00.000186 +- 00.000215)	[00.000033,00.000489]
view_calculator/raycast/setup                 	      3	00.000144	(00.000048 +- 00.000022)	[00.000030,00.000080]
-----------

[INFO] [1790060139.949131334] [nvblox_node]: Rates statistics: 

NVBlox Rates (in Hz)
namespace/tag - NumSamples (Window Length) - Mean 
-----------
ros/depth               	100    	15.1
ros/depth_image_callback	100    	15.2
ros/update_esdf         	100    	9.6
ros/tick                	100    	101.0
-----------

[INFO] [1790060139.949194984] [nvblox_node]: Delay statistics: 

NVBlox Delays
namespace/tag - NumSamples (Window Length) - Mean Delay (seconds) 
-----------
ros/esdf_integration       	100    	0.107
ros/depth_image_integration	100    	0.077
ros/depth_image_callback   	100    	0.067
-----------

[INFO] [1790060149.960470810] [nvblox_node]: Timing statistics: 

NVBlox Timings (in seconds)
namespace/tag - NumSamples - TotalTime - (Mean +- StdDev) - [Min,Max]
-----------
/esdf_slicer/get_aabb                         	   2841	00.014109	(00.000005 +- 00.000006)	[00.000002,00.000426]
/esdf_slicer/slice_layer                      	   2840	00.449790	(00.000158 +- 00.000433)	[00.000094,00.005426]
esdf/integrate/clear                          	   2836	00.708978	(00.000250 +- 00.000063)	[00.000151,00.007986]
esdf/integrate/clear/get_blocks               	   2836	00.147737	(00.000052 +- 00.000018)	[00.000018,00.000287]
esdf/integrate/compute/neighbor_bands         	   3823	01.175683	(00.000308 +- 00.000240)	[00.000157,00.007098]
esdf/integrate/compute/neighbor_bands/gpu_view	   3823	00.378055	(00.000099 +- 00.000116)	[00.000009,00.006265]
esdf/integrate/compute/swap                   	   3823	00.007603	(00.000002 +- 00.000004)	[00.000000,00.001429]
esdf/integrate/compute/sweep                  	   3823	00.172179	(00.000045 +- 00.000053)	[00.000013,00.002988]
esdf/integrate/mark_sites/pack_out            	   2836	00.242221	(00.000085 +- 00.000015)	[00.000051,00.003488]
esdf/integrate_slice                          	   2841	05.515857	(00.001942 +- 00.001177)	[00.000001,00.028875]
esdf/integrate_slice/compute                  	   2836	01.480040	(00.000522 +- 00.001055)	[00.000270,00.009357]
esdf/integrate_slice/mark_sites               	   2836	03.296666	(00.001162 +- 00.000514)	[00.000174,00.019177]
gpu_hash/flush_insertion_cache                	   2941	00.581406	(00.000198 +- 00.000066)	[00.000125,00.008336]
gpu_hash/flush_removal_cache                  	   2920	01.073548	(00.000368 +- 00.000365)	[00.000100,00.009179]
gpu_hash/transfer/reset                       	     12	00.107621	(00.008968 +- 00.008079)	[00.001275,00.026848]
ros/clear_outside_radius                      	    299	00.000260	(00.000001 +- 00.000001)	[00.000000,00.000004]
ros/decay_tsdf                                	   1463	02.432702	(00.001663 +- 00.000986)	[00.000481,00.026523]
ros/depth                                     	   4499	07.657435	(00.001702 +- 00.001290)	[00.000459,00.021638]
ros/depth/conversions                         	   4499	03.793853	(00.000843 +- 00.000438)	[00.000057,00.008372]
ros/depth/integrate                           	   4499	03.591401	(00.000798 +- 00.000856)	[00.000301,00.018078]
ros/depth/output/back_projected_depth         	   4499	00.056329	(00.000013 +- 00.000001)	[00.000003,00.003382]
ros/depth/transform                           	   4499	00.145347	(00.000032 +- 00.000003)	[00.000015,00.000937]
ros/depth_image_callback                      	   4499	00.237284	(00.000053 +- 00.000022)	[00.000021,00.001723]
ros/esdf                                      	   2841	07.936815	(00.002794 +- 00.001544)	[00.001208,00.029614]
ros/esdf/integrate                            	   2841	06.136746	(00.002160 +- 00.001201)	[00.000074,00.029148]
ros/esdf/slice_output                         	   2841	01.777863	(00.000626 +- 00.000577)	[00.000386,00.009865]
ros/idle                                      	  29984	269.441866	(00.008986 +- 00.001759)	[00.000064,00.040650]
ros/process_queue                             	  89955	09.185123	(00.000102 +- 00.000396)	[00.000000,00.021929]
ros/push_onto_queue                           	   4499	00.017873	(00.000004 +- 00.000001)	[00.000002,00.000090]
ros/static/esdf/output/compute                	   2841	00.618864	(00.000218 +- 00.000564)	[00.000071,00.005752]
ros/static/esdf/output/slice                  	   2841	00.989642	(00.000348 +- 00.000080)	[00.000191,00.009528]
ros/tick                                      	  29984	30.470609	(00.001016 +- 00.000968)	[00.000189,00.051809]
tsdf/integrate                                	   4499	01.516543	(00.000337 +- 00.000799)	[00.000139,00.016753]
tsdf/integrate/allocate_blocks                	   4499	00.374051	(00.000083 +- 00.000222)	[00.000011,00.011217]
tsdf/integrate/get_blocks_in_view             	   4499	00.080809	(00.000018 +- 00.000002)	[00.000008,00.000679]
tsdf/integrate/transfer_blocks                	   4499	00.569024	(00.000126 +- 00.000494)	[00.000056,00.005246]
tsdf/integrate/update_blocks                  	   4499	00.435098	(00.000097 +- 00.000086)	[00.000057,00.006774]
view_calculator/raycast                       	   4499	00.056576	(00.000013 +- 00.000002)	[00.000006,00.000672]
view_calculator/raycast/output                	      3	00.000255	(00.000085 +- 00.000002)	[00.000082,00.000088]
view_calculator/raycast/raycast_pixels_kernel 	      3	00.000558	(00.000186 +- 00.000215)	[00.000033,00.000489]
view_calculator/raycast/setup                 	      3	00.000144	(00.000048 +- 00.000022)	[00.000030,00.000080]
-----------

[INFO] [1790060149.960889864] [nvblox_node]: Rates statistics: 

NVBlox Rates (in Hz)
namespace/tag - NumSamples (Window Length) - Mean 
-----------
ros/depth               	100    	15.2
ros/depth_image_callback	100    	15.2
ros/update_esdf         	100    	9.6
ros/tick                	100    	101.0
-----------

[INFO] [1790060149.960978475] [nvblox_node]: Delay statistics: 

NVBlox Delays
namespace/tag - NumSamples (Window Length) - Mean Delay (seconds) 
-----------
ros/esdf_integration       	100    	0.112
ros/depth_image_integration	100    	0.083
ros/depth_image_callback   	100    	0.072
-----------

[INFO] [1790060159.961359064] [nvblox_node]: Timing statistics: 

NVBlox Timings (in seconds)
namespace/tag - NumSamples - TotalTime - (Mean +- StdDev) - [Min,Max]
-----------
/esdf_slicer/get_aabb                         	   2935	00.014681	(00.000005 +- 00.000002)	[00.000002,00.000426]
/esdf_slicer/slice_layer                      	   2934	00.471243	(00.000161 +- 00.001265)	[00.000092,00.009151]
esdf/integrate/clear                          	   2930	00.733357	(00.000250 +- 00.000079)	[00.000151,00.007986]
esdf/integrate/clear/get_blocks               	   2930	00.153965	(00.000053 +- 00.000042)	[00.000018,00.000463]
esdf/integrate/compute/neighbor_bands         	   4115	01.263268	(00.000307 +- 00.000095)	[00.000141,00.007098]
esdf/integrate/compute/neighbor_bands/gpu_view	   4115	00.400877	(00.000097 +- 00.000049)	[00.000006,00.006265]
esdf/integrate/compute/swap                   	   4115	00.007938	(00.000002 +- 00.000000)	[00.000000,00.001429]
esdf/integrate/compute/sweep                  	   4115	00.182430	(00.000044 +- 00.000016)	[00.000013,00.002988]
esdf/integrate/mark_sites/pack_out            	   2930	00.249622	(00.000085 +- 00.000018)	[00.000051,00.003488]
esdf/integrate_slice                          	   2935	05.755105	(00.001961 +- 00.000786)	[00.000001,00.028875]
esdf/integrate_slice/compute                  	   2930	01.583967	(00.000541 +- 00.000629)	[00.000270,00.009357]
esdf/integrate_slice/mark_sites               	   2930	03.406542	(00.001163 +- 00.000440)	[00.000174,00.019177]
gpu_hash/flush_insertion_cache                	   3077	00.605820	(00.000197 +- 00.000172)	[00.000125,00.008336]
gpu_hash/flush_removal_cache                  	   3017	01.103144	(00.000366 +- 00.000230)	[00.000100,00.009179]
gpu_hash/transfer/reset                       	     12	00.107621	(00.008968 +- 00.008079)	[00.001275,00.026848]
ros/clear_outside_radius                      	    309	00.000265	(00.000001 +- 00.000001)	[00.000000,00.000004]
ros/decay_tsdf                                	   1512	02.510186	(00.001660 +- 00.000530)	[00.000481,00.026523]
ros/depth                                     	   4649	07.926684	(00.001705 +- 00.000242)	[00.000459,00.021638]
ros/depth/conversions                         	   4649	03.917429	(00.000843 +- 00.000040)	[00.000057,00.008372]
ros/depth/integrate                           	   4649	03.728242	(00.000802 +- 00.000226)	[00.000301,00.018078]
ros/depth/output/back_projected_depth         	   4649	00.058123	(00.000013 +- 00.000007)	[00.000003,00.003382]
ros/depth/transform                           	   4649	00.150017	(00.000032 +- 00.000009)	[00.000015,00.000937]
ros/depth_image_callback                      	   4649	00.245972	(00.000053 +- 00.000023)	[00.000021,00.001723]
ros/esdf                                      	   2935	08.265463	(00.002816 +- 00.001658)	[00.001208,00.029614]
ros/esdf/integrate                            	   2935	06.395137	(00.002179 +- 00.000793)	[00.000074,00.029148]
ros/esdf/slice_output                         	   2935	01.847475	(00.000629 +- 00.001281)	[00.000386,00.009865]
ros/idle                                      	  30984	278.355743	(00.008984 +- 00.001663)	[00.000064,00.040650]
ros/process_queue                             	  92955	09.507391	(00.000102 +- 00.000511)	[00.000000,00.021929]
ros/push_onto_queue                           	   4649	00.018474	(00.000004 +- 00.000001)	[00.000002,00.000090]
ros/static/esdf/output/compute                	   2935	00.645805	(00.000220 +- 00.001276)	[00.000071,00.009288]
ros/static/esdf/output/slice                  	   2935	01.026569	(00.000350 +- 00.000081)	[00.000191,00.009528]
ros/tick                                      	  30984	31.548025	(00.001018 +- 00.001657)	[00.000189,00.051809]
tsdf/integrate                                	   4649	01.578946	(00.000340 +- 00.000090)	[00.000139,00.016753]
tsdf/integrate/allocate_blocks                	   4649	00.382927	(00.000082 +- 00.000029)	[00.000011,00.011217]
tsdf/integrate/get_blocks_in_view             	   4649	00.104615	(00.000023 +- 00.000055)	[00.000008,00.000679]
tsdf/integrate/transfer_blocks                	   4649	00.584507	(00.000126 +- 00.000027)	[00.000056,00.005246]
tsdf/integrate/update_blocks                  	   4649	00.447182	(00.000096 +- 00.000020)	[00.000057,00.006774]
view_calculator/raycast                       	   4649	00.079634	(00.000017 +- 00.000053)	[00.000006,00.000672]
view_calculator/raycast/output                	    139	00.011630	(00.000084 +- 00.000014)	[00.000049,00.000509]
view_calculator/raycast/raycast_pixels_kernel 	    139	00.006410	(00.000046 +- 00.000046)	[00.000023,00.000489]
view_calculator/raycast/setup                 	    139	00.004407	(00.000032 +- 00.000009)	[00.000024,00.000088]
-----------

[INFO] [1790060159.961796551] [nvblox_node]: Rates statistics: 

NVBlox Rates (in Hz)
namespace/tag - NumSamples (Window Length) - Mean 
-----------
ros/depth               	100    	15.2
ros/depth_image_callback	100    	15.1
ros/update_esdf         	100    	9.5
ros/tick                	100    	101.0
-----------

[INFO] [1790060159.961867529] [nvblox_node]: Delay statistics: 

NVBlox Delays
namespace/tag - NumSamples (Window Length) - Mean Delay (seconds) 
-----------
ros/esdf_integration       	100    	0.104
ros/depth_image_integration	100    	0.072
ros/depth_image_callback   	100    	0.065
-----------

[INFO] [1790060169.971707265] [nvblox_node]: Timing statistics: 

NVBlox Timings (in seconds)
namespace/tag - NumSamples - TotalTime - (Mean +- StdDev) - [Min,Max]
-----------
/esdf_slicer/get_aabb                         	   3030	00.015695	(00.000005 +- 00.000006)	[00.000002,00.000426]
/esdf_slicer/slice_layer                      	   3029	00.485340	(00.000160 +- 00.000285)	[00.000092,00.009151]
esdf/integrate/clear                          	   3025	00.760461	(00.000251 +- 00.000114)	[00.000151,00.007986]
esdf/integrate/clear/get_blocks               	   3025	00.159944	(00.000053 +- 00.000030)	[00.000018,00.000463]
esdf/integrate/compute/neighbor_bands         	   4432	01.366455	(00.000308 +- 00.000065)	[00.000141,00.007098]
esdf/integrate/compute/neighbor_bands/gpu_view	   4432	00.427566	(00.000096 +- 00.000022)	[00.000006,00.006265]
esdf/integrate/compute/swap                   	   4432	00.008314	(00.000002 +- 00.000000)	[00.000000,00.001429]
esdf/integrate/compute/sweep                  	   4432	00.194596	(00.000044 +- 00.000011)	[00.000013,00.002988]
esdf/integrate/mark_sites/pack_out            	   3025	00.259944	(00.000086 +- 00.000269)	[00.000051,00.003488]
esdf/integrate_slice                          	   3030	06.011875	(00.001984 +- 00.001096)	[00.000001,00.028875]
esdf/integrate_slice/compute                  	   3025	01.705763	(00.000564 +- 00.000790)	[00.000270,00.009357]
esdf/integrate_slice/mark_sites               	   3025	03.513316	(00.001161 +- 00.000582)	[00.000174,00.019177]
gpu_hash/flush_insertion_cache                	   3181	00.624475	(00.000196 +- 00.000038)	[00.000125,00.008336]
gpu_hash/flush_removal_cache                  	   3088	01.127250	(00.000365 +- 00.000306)	[00.000100,00.009179]
gpu_hash/transfer/reset                       	     12	00.107621	(00.008968 +- 00.008079)	[00.001275,00.026848]
ros/clear_outside_radius                      	    319	00.000274	(00.000001 +- 00.000001)	[00.000000,00.000004]
ros/decay_tsdf                                	   1561	02.585034	(00.001656 +- 00.000396)	[00.000410,00.026523]
ros/depth                                     	   4799	08.193544	(00.001707 +- 00.000250)	[00.000459,00.021638]
ros/depth/conversions                         	   4799	04.042313	(00.000842 +- 00.000116)	[00.000057,00.008372]
ros/depth/integrate                           	   4799	03.862153	(00.000805 +- 00.000167)	[00.000301,00.018078]
ros/depth/output/back_projected_depth         	   4799	00.059890	(00.000012 +- 00.000004)	[00.000003,00.003382]
ros/depth/transform                           	   4799	00.153972	(00.000032 +- 00.000012)	[00.000015,00.000937]
ros/depth_image_callback                      	   4799	00.255367	(00.000053 +- 00.000126)	[00.000021,00.001723]
ros/esdf                                      	   3030	08.606498	(00.002840 +- 00.001305)	[00.001208,00.029614]
ros/esdf/integrate                            	   3030	06.672305	(00.002202 +- 00.001102)	[00.000074,00.029148]
ros/esdf/slice_output                         	   3030	01.910590	(00.000631 +- 00.000295)	[00.000386,00.009865]
ros/idle                                      	  31985	287.287504	(00.008982 +- 00.001154)	[00.000064,00.040650]
ros/process_queue                             	  95958	09.825037	(00.000102 +- 00.000462)	[00.000000,00.021929]
ros/push_onto_queue                           	   4799	00.019039	(00.000004 +- 00.000001)	[00.000002,00.000090]
ros/static/esdf/output/compute                	   3030	00.665999	(00.000220 +- 00.000285)	[00.000071,00.009288]
ros/static/esdf/output/slice                  	   3030	01.063561	(00.000351 +- 00.000064)	[00.000191,00.009528]
ros/tick                                      	  31985	32.617289	(00.001020 +- 00.001153)	[00.000189,00.051809]
tsdf/integrate                                	   4799	01.642462	(00.000342 +- 00.000112)	[00.000139,00.016753]
tsdf/integrate/allocate_blocks                	   4799	00.392575	(00.000082 +- 00.000024)	[00.000011,00.011217]
tsdf/integrate/get_blocks_in_view             	   4799	00.130200	(00.000027 +- 00.000092)	[00.000008,00.000786]
tsdf/integrate/transfer_blocks                	   4799	00.598932	(00.000125 +- 00.000029)	[00.000056,00.005246]
tsdf/integrate/update_blocks                  	   4799	00.458963	(00.000096 +- 00.000012)	[00.000057,00.006774]
view_calculator/raycast                       	   4799	00.104480	(00.000022 +- 00.000092)	[00.000006,00.000781]
view_calculator/raycast/output                	    289	00.024019	(00.000083 +- 00.000089)	[00.000048,00.000702]
view_calculator/raycast/raycast_pixels_kernel 	    289	00.012137	(00.000042 +- 00.000010)	[00.000023,00.000489]
view_calculator/raycast/setup                 	    289	00.009348	(00.000032 +- 00.000016)	[00.000024,00.000237]
-----------

[INFO] [1790060169.972197810] [nvblox_node]: Rates statistics: 

NVBlox Rates (in Hz)
namespace/tag - NumSamples (Window Length) - Mean 
-----------
ros/depth               	100    	15.2
ros/depth_image_callback	100    	15.1
ros/update_esdf         	100    	9.6
ros/tick                	100    	101.0
-----------

[INFO] [1790060169.972290517] [nvblox_node]: Delay statistics: 

NVBlox Delays
namespace/tag - NumSamples (Window Length) - Mean Delay (seconds) 
-----------
ros/esdf_integration       	100    	0.100
ros/depth_image_integration	100    	0.071
ros/depth_image_callback   	100    	0.064
-----------

[INFO] [1790060179.982016278] [nvblox_node]: Timing statistics: 

NVBlox Timings (in seconds)
namespace/tag - NumSamples - TotalTime - (Mean +- StdDev) - [Min,Max]
-----------
/esdf_slicer/get_aabb                         	   3124	00.016641	(00.000005 +- 00.000006)	[00.000002,00.000426]
/esdf_slicer/slice_layer                      	   3123	00.498781	(00.000160 +- 00.000050)	[00.000089,00.009151]
esdf/integrate/clear                          	   3119	00.788828	(00.000253 +- 00.000078)	[00.000151,00.007986]
esdf/integrate/clear/get_blocks               	   3119	00.166369	(00.000053 +- 00.000046)	[00.000018,00.000463]
esdf/integrate/compute/neighbor_bands         	   4667	01.434560	(00.000307 +- 00.000052)	[00.000141,00.007098]
esdf/integrate/compute/neighbor_bands/gpu_view	   4667	00.445445	(00.000095 +- 00.000014)	[00.000006,00.006265]
esdf/integrate/compute/swap                   	   4667	00.008631	(00.000002 +- 00.000000)	[00.000000,00.001429]
esdf/integrate/compute/sweep                  	   4667	00.202971	(00.000043 +- 00.000008)	[00.000013,00.002988]
esdf/integrate/mark_sites/pack_out            	   3119	00.267703	(00.000086 +- 00.000020)	[00.000051,00.003488]
esdf/integrate_slice                          	   3124	06.221718	(00.001992 +- 00.000833)	[00.000001,00.028875]
esdf/integrate_slice/compute                  	   3119	01.787855	(00.000573 +- 00.000727)	[00.000270,00.009357]
esdf/integrate_slice/mark_sites               	   3119	03.611691	(00.001158 +- 00.000381)	[00.000174,00.019177]
gpu_hash/flush_insertion_cache                	   3303	00.645887	(00.000196 +- 00.000046)	[00.000125,00.008336]
gpu_hash/flush_removal_cache                  	   3162	01.146292	(00.000363 +- 00.000186)	[00.000100,00.009179]
gpu_hash/transfer/reset                       	     12	00.107621	(00.008968 +- 00.008079)	[00.001275,00.026848]
ros/clear_outside_radius                      	    329	00.000283	(00.000001 +- 00.000000)	[00.000000,00.000004]
ros/decay_tsdf                                	   1610	02.667191	(00.001657 +- 00.000462)	[00.000410,00.026523]
ros/depth                                     	   4949	08.458627	(00.001709 +- 00.000276)	[00.000459,00.021638]
ros/depth/conversions                         	   4949	04.164383	(00.000841 +- 00.000113)	[00.000057,00.008372]
ros/depth/integrate                           	   4949	03.996800	(00.000808 +- 00.000200)	[00.000301,00.018078]
ros/depth/output/back_projected_depth         	   4949	00.061661	(00.000012 +- 00.000001)	[00.000003,00.003382]
ros/depth/transform                           	   4949	00.158205	(00.000032 +- 00.000014)	[00.000015,00.000937]
ros/depth_image_callback                      	   4949	00.264191	(00.000053 +- 00.000032)	[00.000021,00.001723]
ros/esdf                                      	   3124	08.901823	(00.002849 +- 00.000942)	[00.001208,00.029614]
ros/esdf/integrate                            	   3124	06.901951	(00.002209 +- 00.000831)	[00.000074,00.029148]
ros/esdf/slice_output                         	   3124	01.975516	(00.000632 +- 00.000176)	[00.000386,00.009865]
ros/idle                                      	  32986	296.269562	(00.008982 +- 00.001436)	[00.000064,00.040650]
ros/process_queue                             	  98961	10.140601	(00.000102 +- 00.000498)	[00.000000,00.021929]
ros/push_onto_queue                           	   4949	00.019596	(00.000004 +- 00.000001)	[00.000002,00.000090]
ros/static/esdf/output/compute                	   3124	00.685438	(00.000219 +- 00.000059)	[00.000071,00.009288]
ros/static/esdf/output/slice                  	   3124	01.102989	(00.000353 +- 00.000121)	[00.000191,00.009528]
ros/tick                                      	  32986	33.636230	(00.001020 +- 00.001541)	[00.000189,00.051809]
tsdf/integrate                                	   4949	01.704136	(00.000344 +- 00.000105)	[00.000139,00.016753]
tsdf/integrate/allocate_blocks                	   4949	00.402346	(00.000081 +- 00.000035)	[00.000011,00.011217]
tsdf/integrate/get_blocks_in_view             	   4949	00.154654	(00.000031 +- 00.000082)	[00.000008,00.000786]
tsdf/integrate/transfer_blocks                	   4949	00.613379	(00.000124 +- 00.000032)	[00.000056,00.005246]
tsdf/integrate/update_blocks                  	   4949	00.469808	(00.000095 +- 00.000012)	[00.000056,00.006774]
view_calculator/raycast                       	   4949	00.128157	(00.000026 +- 00.000081)	[00.000006,00.000781]
view_calculator/raycast/output                	    439	00.035941	(00.000082 +- 00.000077)	[00.000048,00.000702]
view_calculator/raycast/raycast_pixels_kernel 	    439	00.017618	(00.000040 +- 00.000011)	[00.000019,00.000489]
view_calculator/raycast/setup                 	    439	00.013993	(00.000032 +- 00.000010)	[00.000024,00.000237]
-----------

[INFO] [1790060179.982635819] [nvblox_node]: Rates statistics: 

NVBlox Rates (in Hz)
namespace/tag - NumSamples (Window Length) - Mean 
-----------
ros/depth               	100    	15.1
ros/depth_image_callback	100    	15.1
ros/update_esdf         	100    	9.5
ros/tick                	100    	101.0
-----------

[INFO] [1790060179.982733454] [nvblox_node]: Delay statistics: 

NVBlox Delays
namespace/tag - NumSamples (Window Length) - Mean Delay (seconds) 
-----------
ros/esdf_integration       	100    	0.100
ros/depth_image_integration	100    	0.071
ros/depth_image_callback   	100    	0.064
-----------

[INFO] [1790060189.992258935] [nvblox_node]: Timing statistics: 

NVBlox Timings (in seconds)
namespace/tag - NumSamples - TotalTime - (Mean +- StdDev) - [Min,Max]
-----------
/esdf_slicer/get_aabb                         	   3219	00.017536	(00.000005 +- 00.000004)	[00.000002,00.000426]
/esdf_slicer/slice_layer                      	   3218	00.519536	(00.000161 +- 00.000518)	[00.000089,00.009151]
esdf/integrate/clear                          	   3213	00.820120	(00.000255 +- 00.000081)	[00.000151,00.007986]
esdf/integrate/clear/get_blocks               	   3213	00.173650	(00.000054 +- 00.000031)	[00.000018,00.000463]
esdf/integrate/compute/neighbor_bands         	   4786	01.473029	(00.000308 +- 00.000463)	[00.000141,00.007098]
esdf/integrate/compute/neighbor_bands/gpu_view	   4786	00.457301	(00.000096 +- 00.000140)	[00.000006,00.006265]
esdf/integrate/compute/swap                   	   4786	00.008809	(00.000002 +- 00.000000)	[00.000000,00.001429]
esdf/integrate/compute/sweep                  	   4786	00.207876	(00.000043 +- 00.000006)	[00.000013,00.002988]
esdf/integrate/mark_sites/pack_out            	   3213	00.278330	(00.000087 +- 00.000166)	[00.000051,00.003488]
esdf/integrate_slice                          	   3219	06.394644	(00.001987 +- 00.000817)	[00.000001,00.028875]
esdf/integrate_slice/compute                  	   3213	01.835581	(00.000571 +- 00.000479)	[00.000270,00.009357]
esdf/integrate_slice/mark_sites               	   3213	03.704521	(00.001153 +- 00.000422)	[00.000174,00.019177]
gpu_hash/flush_insertion_cache                	   3331	00.651093	(00.000195 +- 00.000046)	[00.000125,00.008336]
gpu_hash/flush_removal_cache                  	   3180	01.151043	(00.000362 +- 00.000185)	[00.000100,00.009179]
gpu_hash/transfer/reset                       	     12	00.107621	(00.008968 +- 00.008079)	[00.001275,00.026848]
ros/clear_outside_radius                      	    339	00.000291	(00.000001 +- 00.000000)	[00.000000,00.000004]
ros/decay_tsdf                                	   1659	02.743146	(00.001653 +- 00.000503)	[00.000410,00.026523]
ros/depth                                     	   5099	08.702132	(00.001707 +- 00.000289)	[00.000459,00.021638]
ros/depth/conversions                         	   5099	04.288026	(00.000841 +- 00.000104)	[00.000057,00.008372]
ros/depth/integrate                           	   5099	04.107973	(00.000806 +- 00.000257)	[00.000301,00.018078]
ros/depth/output/back_projected_depth         	   5099	00.063284	(00.000012 +- 00.000002)	[00.000003,00.003382]
ros/depth/transform                           	   5099	00.162710	(00.000032 +- 00.000012)	[00.000015,00.000937]
ros/depth_image_callback                      	   5099	00.272320	(00.000053 +- 00.000021)	[00.000021,00.001723]
ros/esdf                                      	   3219	09.167236	(00.002848 +- 00.000994)	[00.001208,00.029614]
ros/esdf/integrate                            	   3219	07.095084	(00.002204 +- 00.000835)	[00.000074,00.029148]
ros/esdf/slice_output                         	   3219	02.047012	(00.000636 +- 00.000524)	[00.000386,00.009865]
ros/idle                                      	  33987	305.288407	(00.008983 +- 00.000964)	[00.000064,00.040650]
ros/process_queue                             	 101964	10.437252	(00.000102 +- 00.000429)	[00.000000,00.021929]
ros/push_onto_queue                           	   5099	00.020157	(00.000004 +- 00.000001)	[00.000002,00.000090]
ros/static/esdf/output/compute                	   3219	00.712077	(00.000221 +- 00.000524)	[00.000071,00.009288]
ros/static/esdf/output/slice                  	   3219	01.141974	(00.000355 +- 00.000074)	[00.000191,00.009528]
ros/tick                                      	  33987	34.619144	(00.001019 +- 00.000927)	[00.000189,00.051809]
tsdf/integrate                                	   5099	01.754645	(00.000344 +- 00.000234)	[00.000139,00.016753]
tsdf/integrate/allocate_blocks                	   5099	00.408985	(00.000080 +- 00.000006)	[00.000010,00.011217]
tsdf/integrate/get_blocks_in_view             	   5099	00.165565	(00.000032 +- 00.000004)	[00.000008,00.000786]
tsdf/integrate/transfer_blocks                	   5099	00.632734	(00.000124 +- 00.000228)	[00.000056,00.005246]
tsdf/integrate/update_blocks                  	   5099	00.481514	(00.000094 +- 00.000016)	[00.000052,00.006774]
view_calculator/raycast                       	   5099	00.138265	(00.000027 +- 00.000003)	[00.000006,00.000781]
view_calculator/raycast/output                	    488	00.040254	(00.000082 +- 00.000054)	[00.000048,00.000702]
view_calculator/raycast/raycast_pixels_kernel 	    488	00.019618	(00.000040 +- 00.000015)	[00.000019,00.000489]
view_calculator/raycast/setup                 	    488	00.015860	(00.000032 +- 00.000020)	[00.000024,00.000237]
-----------

[INFO] [1790060189.992865292] [nvblox_node]: Rates statistics: 

NVBlox Rates (in Hz)
namespace/tag - NumSamples (Window Length) - Mean 
-----------
ros/depth               	100    	15.1
ros/depth_image_callback	100    	15.1
ros/update_esdf         	100    	9.6
ros/tick                	100    	101.0
-----------

[INFO] [1790060189.992961263] [nvblox_node]: Delay statistics: 

NVBlox Delays
namespace/tag - NumSamples (Window Length) - Mean Delay (seconds) 
-----------
ros/esdf_integration       	100    	0.102
ros/depth_image_integration	100    	0.073
ros/depth_image_callback   	100    	0.065
-----------

[INFO] [1790060200.002559211] [nvblox_node]: Timing statistics: 

NVBlox Timings (in seconds)
namespace/tag - NumSamples - TotalTime - (Mean +- StdDev) - [Min,Max]
-----------
/esdf_slicer/get_aabb                         	   3314	00.018409	(00.000006 +- 00.000003)	[00.000002,00.000426]
/esdf_slicer/slice_layer                      	   3313	00.546998	(00.000165 +- 00.000251)	[00.000089,00.009151]
esdf/integrate/clear                          	   3308	00.852202	(00.000258 +- 00.000101)	[00.000151,00.007986]
esdf/integrate/clear/get_blocks               	   3308	00.180240	(00.000054 +- 00.000011)	[00.000018,00.000463]
esdf/integrate/compute/neighbor_bands         	   4897	01.504088	(00.000307 +- 00.000151)	[00.000141,00.007098]
esdf/integrate/compute/neighbor_bands/gpu_view	   4897	00.466494	(00.000095 +- 00.000014)	[00.000006,00.006265]
esdf/integrate/compute/swap                   	   4897	00.008983	(00.000002 +- 00.000001)	[00.000000,00.001429]
esdf/integrate/compute/sweep                  	   4897	00.212906	(00.000043 +- 00.000056)	[00.000013,00.002988]
esdf/integrate/mark_sites/pack_out            	   3308	00.289055	(00.000087 +- 00.000057)	[00.000051,00.003488]
esdf/integrate_slice                          	   3314	06.560180	(00.001980 +- 00.000407)	[00.000001,00.028875]
esdf/integrate_slice/compute                  	   3308	01.875814	(00.000567 +- 00.000278)	[00.000270,00.009357]
esdf/integrate_slice/mark_sites               	   3308	03.796691	(00.001148 +- 00.000329)	[00.000174,00.019177]
gpu_hash/flush_insertion_cache                	   3331	00.651093	(00.000195 +- 00.000046)	[00.000125,00.008336]
gpu_hash/flush_removal_cache                  	   3180	01.151043	(00.000362 +- 00.000185)	[00.000100,00.009179]
gpu_hash/transfer/reset                       	     12	00.107621	(00.008968 +- 00.008079)	[00.001275,00.026848]
ros/clear_outside_radius                      	    349	00.000299	(00.000001 +- 00.000000)	[00.000000,00.000004]
ros/decay_tsdf                                	   1707	02.810240	(00.001646 +- 00.000329)	[00.000410,00.026523]
ros/depth                                     	   5249	08.928403	(00.001701 +- 00.000287)	[00.000459,00.021638]
ros/depth/conversions                         	   5249	04.410608	(00.000840 +- 00.000148)	[00.000057,00.008372]
ros/depth/integrate                           	   5249	04.202721	(00.000801 +- 00.000131)	[00.000301,00.018078]
ros/depth/output/back_projected_depth         	   5249	00.064903	(00.000012 +- 00.000001)	[00.000003,00.003382]
ros/depth/transform                           	   5249	00.167823	(00.000032 +- 00.000034)	[00.000015,00.000937]
ros/depth_image_callback                      	   5249	00.280629	(00.000053 +- 00.000016)	[00.000021,00.001723]
ros/esdf                                      	   3314	09.427431	(00.002845 +- 00.000583)	[00.001208,00.029614]
ros/esdf/integrate                            	   3314	07.281384	(00.002197 +- 00.000428)	[00.000074,00.029148]
ros/esdf/slice_output                         	   3314	02.120237	(00.000640 +- 00.000293)	[00.000386,00.009865]
ros/idle                                      	  34988	314.326193	(00.008984 +- 00.000951)	[00.000064,00.040650]
ros/process_queue                             	 104967	10.711436	(00.000102 +- 00.000424)	[00.000000,00.021929]
ros/push_onto_queue                           	   5249	00.020771	(00.000004 +- 00.000001)	[00.000002,00.000090]
ros/static/esdf/output/compute                	   3314	00.745326	(00.000225 +- 00.000257)	[00.000071,00.009288]
ros/static/esdf/output/slice                  	   3314	01.176316	(00.000355 +- 00.000106)	[00.000191,00.009528]
ros/tick                                      	  34988	35.582866	(00.001017 +- 00.000934)	[00.000189,00.051809]
tsdf/integrate                                	   5249	01.795027	(00.000342 +- 00.000096)	[00.000139,00.016753]
tsdf/integrate/allocate_blocks                	   5249	00.415904	(00.000079 +- 00.000080)	[00.000010,00.011217]
tsdf/integrate/get_blocks_in_view             	   5249	00.168011	(00.000032 +- 00.000001)	[00.000008,00.000786]
tsdf/integrate/transfer_blocks                	   5249	00.650087	(00.000124 +- 00.000033)	[00.000056,00.005246]
tsdf/integrate/update_blocks                  	   5249	00.493175	(00.000094 +- 00.000009)	[00.000052,00.006774]
view_calculator/raycast                       	   5249	00.139927	(00.000027 +- 00.000001)	[00.000006,00.000781]
view_calculator/raycast/output                	    488	00.040254	(00.000082 +- 00.000054)	[00.000048,00.000702]
view_calculator/raycast/raycast_pixels_kernel 	    488	00.019618	(00.000040 +- 00.000015)	[00.000019,00.000489]
view_calculator/raycast/setup                 	    488	00.015860	(00.000032 +- 00.000020)	[00.000024,00.000237]
-----------

[INFO] [1790060200.003030587] [nvblox_node]: Rates statistics: 

NVBlox Rates (in Hz)
namespace/tag - NumSamples (Window Length) - Mean 
-----------
ros/depth               	100    	15.1
ros/depth_image_callback	100    	15.1
ros/update_esdf         	100    	9.6
ros/tick                	100    	101.0
-----------

[INFO] [1790060200.003121630] [nvblox_node]: Delay statistics: 

NVBlox Delays
namespace/tag - NumSamples (Window Length) - Mean Delay (seconds) 
-----------
ros/esdf_integration       	100    	0.104
ros/depth_image_integration	100    	0.072
ros/depth_image_callback   	100    	0.065
-----------

[INFO] [1790060210.010853550] [nvblox_node]: Timing statistics: 

NVBlox Timings (in seconds)
namespace/tag - NumSamples - TotalTime - (Mean +- StdDev) - [Min,Max]
-----------
/esdf_slicer/get_aabb                         	   3409	00.019253	(00.000006 +- 00.000004)	[00.000002,00.000426]
/esdf_slicer/slice_layer                      	   3408	00.560168	(00.000164 +- 00.000016)	[00.000089,00.009151]
esdf/integrate/clear                          	   3402	00.883343	(00.000260 +- 00.000306)	[00.000151,00.007986]
esdf/integrate/clear/get_blocks               	   3402	00.186988	(00.000055 +- 00.000025)	[00.000018,00.000463]
esdf/integrate/compute/neighbor_bands         	   5001	01.532475	(00.000306 +- 00.000103)	[00.000141,00.007098]
esdf/integrate/compute/neighbor_bands/gpu_view	   5001	00.476222	(00.000095 +- 00.000087)	[00.000006,00.006265]
esdf/integrate/compute/swap                   	   5001	00.009148	(00.000002 +- 00.000000)	[00.000000,00.001429]
esdf/integrate/compute/sweep                  	   5001	00.217268	(00.000043 +- 00.000010)	[00.000013,00.002988]
esdf/integrate/mark_sites/pack_out            	   3402	00.299044	(00.000088 +- 00.000185)	[00.000051,00.003488]
esdf/integrate_slice                          	   3409	06.713113	(00.001969 +- 00.000755)	[00.000001,00.028875]
esdf/integrate_slice/compute                  	   3402	01.912749	(00.000562 +- 00.000134)	[00.000270,00.009357]
esdf/integrate_slice/mark_sites               	   3402	03.880501	(00.001141 +- 00.000489)	[00.000172,00.019177]
gpu_hash/flush_insertion_cache                	   3331	00.651093	(00.000195 +- 00.000046)	[00.000125,00.008336]
gpu_hash/flush_removal_cache                  	   3180	01.151043	(00.000362 +- 00.000185)	[00.000100,00.009179]
gpu_hash/transfer/reset                       	     12	00.107621	(00.008968 +- 00.008079)	[00.001275,00.026848]
ros/clear_outside_radius                      	    359	00.000308	(00.000001 +- 00.000000)	[00.000000,00.000004]
ros/decay_tsdf                                	   1756	02.876961	(00.001638 +- 00.000532)	[00.000410,00.026523]
ros/depth                                     	   5397	09.149394	(00.001695 +- 00.001057)	[00.000459,00.021638]
ros/depth/conversions                         	   5397	04.530918	(00.000840 +- 00.000119)	[00.000057,00.008372]
ros/depth/integrate                           	   5397	04.295137	(00.000796 +- 00.000944)	[00.000301,00.018078]
ros/depth/output/back_projected_depth         	   5397	00.066467	(00.000012 +- 00.000002)	[00.000003,00.003382]
ros/depth/transform                           	   5397	00.172182	(00.000032 +- 00.000006)	[00.000015,00.000937]
ros/depth_image_callback                      	   5397	00.288072	(00.000053 +- 00.000021)	[00.000021,00.001723]
ros/esdf                                      	   3409	09.659659	(00.002834 +- 00.000793)	[00.001208,00.029614]
ros/esdf/integrate                            	   3409	07.455309	(00.002187 +- 00.000766)	[00.000074,00.029148]
ros/esdf/slice_output                         	   3409	02.177843	(00.000639 +- 00.000090)	[00.000386,00.009865]
ros/idle                                      	  35989	323.402480	(00.008986 +- 00.002021)	[00.000064,00.040650]
ros/process_queue                             	 107970	10.984400	(00.000102 +- 00.000933)	[00.000000,00.021929]
ros/push_onto_queue                           	   5397	00.021336	(00.000004 +- 00.000001)	[00.000002,00.000090]
ros/static/esdf/output/compute                	   3409	00.764273	(00.000224 +- 00.000028)	[00.000071,00.009288]
ros/static/esdf/output/slice                  	   3409	01.209338	(00.000355 +- 00.000071)	[00.000191,00.009528]
ros/tick                                      	  35989	36.509416	(00.001014 +- 00.002267)	[00.000189,00.051809]
tsdf/integrate                                	   5397	01.835962	(00.000340 +- 00.000913)	[00.000139,00.016753]
tsdf/integrate/allocate_blocks                	   5397	00.422693	(00.000078 +- 00.000379)	[00.000010,00.011217]
tsdf/integrate/get_blocks_in_view             	   5397	00.170495	(00.000032 +- 00.000017)	[00.000008,00.000786]
tsdf/integrate/transfer_blocks                	   5397	00.668134	(00.000124 +- 00.000409)	[00.000056,00.005246]
tsdf/integrate/update_blocks                  	   5397	00.505106	(00.000094 +- 00.000123)	[00.000052,00.006774]
view_calculator/raycast                       	   5397	00.141550	(00.000026 +- 00.000008)	[00.000006,00.000781]
view_calculator/raycast/output                	    488	00.040254	(00.000082 +- 00.000054)	[00.000048,00.000702]
view_calculator/raycast/raycast_pixels_kernel 	    488	00.019618	(00.000040 +- 00.000015)	[00.000019,00.000489]
view_calculator/raycast/setup                 	    488	00.015860	(00.000032 +- 00.000020)	[00.000024,00.000237]
-----------

[INFO] [1790060210.011568902] [nvblox_node]: Rates statistics: 

NVBlox Rates (in Hz)
namespace/tag - NumSamples (Window Length) - Mean 
-----------
ros/depth               	100    	15.1
ros/depth_image_callback	100    	15.1
ros/update_esdf         	100    	9.6
ros/tick                	100    	101.0
-----------

[INFO] [1790060210.011622183] [nvblox_node]: Delay statistics: 

NVBlox Delays
namespace/tag - NumSamples (Window Length) - Mean Delay (seconds) 
-----------
ros/esdf_integration       	100    	0.101
ros/depth_image_integration	100    	0.073
ros/depth_image_callback   	100    	0.065
-----------

[INFO] [1790060220.013835825] [nvblox_node]: Timing statistics: 

NVBlox Timings (in seconds)
namespace/tag - NumSamples - TotalTime - (Mean +- StdDev) - [Min,Max]
-----------
/esdf_slicer/get_aabb                         	   3504	00.020107	(00.000006 +- 00.000003)	[00.000002,00.000426]
/esdf_slicer/slice_layer                      	   3503	00.574660	(00.000164 +- 00.000109)	[00.000089,00.009151]
esdf/integrate/clear                          	   3497	00.914683	(00.000262 +- 00.000115)	[00.000151,00.007986]
esdf/integrate/clear/get_blocks               	   3497	00.193989	(00.000055 +- 00.000024)	[00.000018,00.000463]
esdf/integrate/compute/neighbor_bands         	   5102	01.558379	(00.000305 +- 00.000074)	[00.000141,00.007098]
esdf/integrate/compute/neighbor_bands/gpu_view	   5102	00.484129	(00.000095 +- 00.000020)	[00.000006,00.006265]
esdf/integrate/compute/swap                   	   5102	00.009312	(00.000002 +- 00.000000)	[00.000000,00.001429]
esdf/integrate/compute/sweep                  	   5102	00.221556	(00.000043 +- 00.000009)	[00.000013,00.002988]
esdf/integrate/mark_sites/pack_out            	   3497	00.308775	(00.000088 +- 00.000123)	[00.000051,00.003488]
esdf/integrate_slice                          	   3504	06.865516	(00.001959 +- 00.000475)	[00.000001,00.028875]
esdf/integrate_slice/compute                  	   3497	01.947160	(00.000557 +- 00.000167)	[00.000270,00.009357]
esdf/integrate_slice/mark_sites               	   3497	03.966140	(00.001134 +- 00.000458)	[00.000172,00.019177]
gpu_hash/flush_insertion_cache                	   3331	00.651093	(00.000195 +- 00.000046)	[00.000125,00.008336]
gpu_hash/flush_removal_cache                  	   3180	01.151043	(00.000362 +- 00.000185)	[00.000100,00.009179]
gpu_hash/transfer/reset                       	     12	00.107621	(00.008968 +- 00.008079)	[00.001275,00.026848]
ros/clear_outside_radius                      	    369	00.000317	(00.000001 +- 00.000001)	[00.000000,00.000004]
ros/decay_tsdf                                	   1805	02.954988	(00.001637 +- 00.001248)	[00.000410,00.026523]
ros/depth                                     	   5548	09.375794	(00.001690 +- 00.000137)	[00.000459,00.021638]
ros/depth/conversions                         	   5548	04.655261	(00.000839 +- 00.000039)	[00.000057,00.008372]
ros/depth/integrate                           	   5548	04.387868	(00.000791 +- 00.000105)	[00.000301,00.018078]
ros/depth/output/back_projected_depth         	   5548	00.068124	(00.000012 +- 00.000001)	[00.000003,00.003382]
ros/depth/transform                           	   5548	00.177623	(00.000032 +- 00.000022)	[00.000015,00.000937]
ros/depth_image_callback                      	   5548	00.295747	(00.000053 +- 00.000029)	[00.000021,00.001723]
ros/esdf                                      	   3504	09.894735	(00.002824 +- 00.000556)	[00.001208,00.029614]
ros/esdf/integrate                            	   3504	07.629347	(00.002177 +- 00.000494)	[00.000074,00.029148]
ros/esdf/slice_output                         	   3504	02.238181	(00.000639 +- 00.000189)	[00.000386,00.009865]
ros/idle                                      	  36989	332.433020	(00.008987 +- 00.000944)	[00.000064,00.040650]
ros/process_queue                             	 110970	11.262298	(00.000101 +- 00.000445)	[00.000000,00.021929]
ros/push_onto_queue                           	   5548	00.021903	(00.000004 +- 00.000001)	[00.000002,00.000090]
ros/static/esdf/output/compute                	   3504	00.784644	(00.000224 +- 00.000111)	[00.000071,00.009288]
ros/static/esdf/output/slice                  	   3504	01.244045	(00.000355 +- 00.000147)	[00.000191,00.009528]
ros/tick                                      	  36989	37.471433	(00.001013 +- 00.000938)	[00.000189,00.051809]
tsdf/integrate                                	   5548	01.872846	(00.000338 +- 00.000054)	[00.000139,00.016753]
tsdf/integrate/allocate_blocks                	   5548	00.427870	(00.000077 +- 00.000007)	[00.000010,00.011217]
tsdf/integrate/get_blocks_in_view             	   5548	00.172956	(00.000031 +- 00.000016)	[00.000008,00.000786]
tsdf/integrate/transfer_blocks                	   5548	00.684086	(00.000123 +- 00.000036)	[00.000056,00.005246]
tsdf/integrate/update_blocks                  	   5548	00.516602	(00.000093 +- 00.000015)	[00.000051,00.006774]
view_calculator/raycast                       	   5548	00.143232	(00.000026 +- 00.000016)	[00.000006,00.000781]
view_calculator/raycast/output                	    489	00.040315	(00.000082 +- 00.000054)	[00.000048,00.000702]
view_calculator/raycast/raycast_pixels_kernel 	    489	00.019647	(00.000040 +- 00.000015)	[00.000019,00.000489]
view_calculator/raycast/setup                 	    489	00.015887	(00.000032 +- 00.000021)	[00.000024,00.000237]
-----------

[INFO] [1790060220.014526024] [nvblox_node]: Rates statistics: 

NVBlox Rates (in Hz)
namespace/tag - NumSamples (Window Length) - Mean 
-----------
ros/depth               	100    	15.2
ros/depth_image_callback	100    	15.1
ros/update_esdf         	100    	9.6
ros/tick                	100    	101.0
-----------

[INFO] [1790060220.014665773] [nvblox_node]: Delay statistics: 

NVBlox Delays
namespace/tag - NumSamples (Window Length) - Mean Delay (seconds) 
-----------
ros/esdf_integration       	100    	0.103
ros/depth_image_integration	100    	0.075
ros/depth_image_callback   	100    	0.067
-----------

