top - 15:55:42 up  6:18,  0 users,  load average: 11.58, 8.75, 6.90
Tasks: 352 total,   2 running, 350 sleeping,   0 stopped,   0 zombie
%Cpu(s): 33.3 us, 14.8 sy,  0.0 ni, 49.1 id,  0.0 wa,  1.9 hi,  0.9 si,  0.0 st
MiB Mem :   7607.4 total,   2438.0 free,   2151.4 used,   3018.0 buff/cache
MiB Swap:   3803.7 total,   3803.7 free,      0.0 used.   5139.2 avail Mem 

    PID USER      PR  NI    VIRT    RES    SHR S  %CPU  %MEM     TIME+ COMMAND
 626968 jetson    20   0   40732  21772   9772 R 100.0   0.3   0:00.18 ros2
 513359 jetson    20   0  709132  64972  27276 S  29.4   0.8  14:08.83 python3
 609086 jetson    20   0  577388  31484  16252 S  17.6   0.4   0:39.56 lifecycle_manag
 513125 jetson    20   0 1750824 109316  51324 S  11.8   1.4   5:31.26 realsense2_came
 513129 jetson    20   0  432964  27132  14244 S  11.8   0.3   6:27.78 rplidar_node
 609057 jetson    20   0  889300  48328  23464 S  11.8   0.6   0:36.87 controller_serv
 609061 jetson    20   0  988576  69824  24476 S  11.8   0.9   0:36.28 planner_server
 609063 jetson    20   0  516308  35148  21032 S  11.8   0.5   0:27.63 behavior_server
 609065 jetson    20   0  457116  46080  26216 S  11.8   0.6   0:33.66 bt_navigator
 609244 jetson    20   0 9351828 401156  83868 S  11.8   5.1   0:55.93 nvblox_node
     14 root      20   0       0      0      0 S   5.9   0.0   0:22.54 ksoftirqd/0
  13320 root      20   0 1300496  44680  11392 S   5.9   0.6  30:06.61 micro_ros_agent
 513127 jetson    20   0  710644  65280  27232 S   5.9   0.8   2:00.97 python3
 513131 jetson    20   0  708060  64032  27388 S   5.9   0.8   3:26.56 python3
 513361 jetson    20   0  506336  34940  18388 S   5.9   0.4   4:30.51 ekf_node
 513439 jetson    20   0  903324  49848  24060 S   5.9   0.6   1:30.15 async_slam_tool
 609059 jetson    20   0  582484  34196  18844 S   5.9   0.4   0:23.37 smoother_server
 609067 jetson    20   0  431292  29052  17020 S   5.9   0.4   0:19.76 waypoint_follow
 609077 jetson    20   0  428704  29412  15956 S   5.9   0.4   0:19.85 velocity_smooth
 626969 jetson    20   0   14340   3376   2764 R   5.9   0.0   0:00.02 top
      1 root      20   0  167628  11768   7448 S   0.0   0.2   0:29.28 systemd
      2 root      20   0       0      0      0 S   0.0   0.0   0:00.03 kthreadd
      3 root       0 -20       0      0      0 I   0.0   0.0   0:00.00 rcu_gp
      4 root       0 -20       0      0      0 I   0.0   0.0   0:00.00 rcu_par_gp
      5 root       0 -20       0      0      0 I   0.0   0.0   0:00.00 slub_flushwq
      6 root       0 -20       0      0      0 I   0.0   0.0   0:00.00 netns
      8 root       0 -20       0      0      0 I   0.0   0.0   0:00.00 kworker/0:0H-events_highpri
     10 root       0 -20       0      0      0 I   0.0   0.0   0:00.00 mm_percpu_wq
     11 root      20   0       0      0      0 S   0.0   0.0   0:00.00 rcu_tasks_kthre
     12 root      20   0       0      0      0 S   0.0   0.0   0:00.00 rcu_tasks_rude_
     13 root      20   0       0      0      0 S   0.0   0.0   0:00.00 rcu_tasks_trace
     15 root      20   0       0      0      0 I   0.0   0.0   0:09.94 rcu_preempt
     16 root      rt   0       0      0      0 S   0.0   0.0   0:00.02 migration/0
     17 root      20   0       0      0      0 S   0.0   0.0   0:00.00 cpuhp/0
     18 root      20   0       0      0      0 S   0.0   0.0   0:00.00 cpuhp/1
     19 root      rt   0       0      0      0 S   0.0   0.0   0:00.03 migration/1
     20 root      20   0       0      0      0 S   0.0   0.0   0:01.60 ksoftirqd/1
     22 root       0 -20       0      0      0 I   0.0   0.0   0:00.00 kworker/1:0H-events_highpri
     23 root      20   0       0      0      0 S   0.0   0.0   0:00.00 cpuhp/2
     24 root      rt   0       0      0      0 S   0.0   0.0   0:00.02 migration/2
     25 root      20   0       0      0      0 S   0.0   0.0   0:01.61 ksoftirqd/2
     27 root       0 -20       0      0      0 I   0.0   0.0   0:00.00 kworker/2:0H-events_highpri
     28 root      20   0       0      0      0 S   0.0   0.0   0:00.00 cpuhp/3
     29 root      rt   0       0      0      0 S   0.0   0.0   0:00.02 migration/3
     30 root      20   0       0      0      0 S   0.0   0.0   0:01.49 ksoftirqd/3
     32 root       0 -20       0      0      0 I   0.0   0.0   0:00.00 kworker/3:0H-events_highpri
     33 root      20   0       0      0      0 S   0.0   0.0   0:00.00 cpuhp/4
     34 root      rt   0       0      0      0 S   0.0   0.0   0:00.06 migration/4
     35 root      20   0       0      0      0 S   0.0   0.0   0:01.11 ksoftirqd/4
     37 root       0 -20       0      0      0 I   0.0   0.0   0:00.00 kworker/4:0H-kblockd
     38 root      20   0       0      0      0 S   0.0   0.0   0:00.00 cpuhp/5
     39 root      rt   0       0      0      0 S   0.0   0.0   0:00.07 migration/5
     40 root      20   0       0      0      0 S   0.0   0.0   0:01.16 ksoftirqd/5
     42 root       0 -20       0      0      0 I   0.0   0.0   0:00.00 kworker/5:0H-events_highpri
     43 root      20   0       0      0      0 S   0.0   0.0   0:00.01 kdevtmpfs
     44 root       0 -20       0      0      0 I   0.0   0.0   0:00.00 inet_frag_wq
     51 root      20   0       0      0      0 S   0.0   0.0   0:00.00 kauditd
     52 root      20   0       0      0      0 S   0.0   0.0   0:00.00 oom_reaper
     53 root       0 -20       0      0      0 I   0.0   0.0   0:00.00 writeback
     54 root      20   0       0      0      0 S   0.0   0.0   0:00.18 kcompactd0
     55 root      25   5       0      0      0 S   0.0   0.0   0:00.00 ksmd
     56 root      39  19       0      0      0 S   0.0   0.0   0:02.04 khugepaged
     67 root       0 -20       0      0      0 I   0.0   0.0   0:00.00 cryptd
     86 root       0 -20       0      0      0 I   0.0   0.0   0:00.00 kintegrityd
     87 root       0 -20       0      0      0 I   0.0   0.0   0:00.00 kblockd
     88 root       0 -20       0      0      0 I   0.0   0.0   0:00.00 blkcg_punt_bio
     89 root       0 -20       0      0      0 I   0.0   0.0   0:00.00 tpm_dev_wq
     90 root       0 -20       0      0      0 I   0.0   0.0   0:00.00 ata_sff
     91 root       0 -20       0      0      0 I   0.0   0.0   0:00.00 edac-poller
     92 root       0 -20       0      0      0 I   0.0   0.0   0:00.00 devfreq_wq
     93 root     -51   0       0      0      0 S   0.0   0.0   0:00.00 watchdogd
     96 root       0 -20       0      0      0 I   0.0   0.0   0:00.06 kworker/1:1H-kblockd
     97 root       0 -20       0      0      0 I   0.0   0.0   0:00.00 rpciod
     99 root       0 -20       0      0      0 I   0.0   0.0   0:00.00 xprtiod
    127 root      20   0       0      0      0 S   0.0   0.0   0:00.00 kswapd0
    128 root       0 -20       0      0      0 I   0.0   0.0   0:00.00 nfsiod
    132 root       0 -20       0      0      0 I   0.0   0.0   0:00.00 vfio-irqfd-clea
    133 root       0 -20       0      0      0 I   0.0   0.0   0:00.00 bch_btree_io
    134 root       0 -20       0      0      0 I   0.0   0.0   0:00.00 bcache
    135 root       0 -20       0      0      0 I   0.0   0.0   0:00.00 bch_journal
    136 root       0 -20       0      0      0 I   0.0   0.0   0:00.00 dm_bufio_cache
    139 root      20   0       0      0      0 I   0.0   0.0   0:01.86 kworker/2:3-events
    140 root      10 -10       0      0      0 S   0.0   0.0   0:00.00 krfcommd
    141 root      20   0       0      0      0 S   0.0   0.0   0:00.01 pr/tty0
    142 root      20   0       0      0      0 S   0.0   0.0   0:03.09 pr/ttyTCU0
    145 root     -51   0       0      0      0 S   0.0   0.0   0:00.00 irq/114-3160000
    147 root     -51   0       0      0      0 S   0.0   0.0   0:00.00 irq/115-3180000
    149 root     -51   0       0      0      0 S   0.0   0.0   0:00.00 irq/116-31b0000
    150 root     -51   0       0      0      0 S   0.0   0.0   0:00.02 irq/167-c240000
    151 root     -51   0       0      0      0 S   0.0   0.0   0:00.00 irq/168-c250000
    152 root     -51   0       0      0      0 S   0.0   0.0   0:00.00 irq/125-3610000
    153 root     -51   0       0      0      0 S   0.0   0.0   0:00.00 irq/122-3610000
    155 root       0 -20       0      0      0 I   0.0   0.0   0:00.00 sdhci
    156 root     -51   0       0      0      0 S   0.0   0.0   0:00.00 irq/120-mmc0
    157 root     -51   0       0      0      0 S   0.0   0.0   0:00.00 irq/230-3400000
    174 root       0 -20       0      0      0 I   0.0   0.0   0:00.06 kworker/3:1H-kblockd
    180 root     -51   0       0      0      0 S   0.0   0.0   0:00.00 irq/191-tegra-p
    181 root       0 -20       0      0      0 I   0.0   0.0   0:00.00 nvme-wq
    182 root       0 -20       0      0      0 I   0.0   0.0   0:00.00 nvme-reset-wq
    183 root       0 -20       0      0      0 I   0.0   0.0   0:00.00 nvme-delete-wq
    192 root     -51   0       0      0      0 S   0.0   0.0   0:00.00 irq/191-aerdrv
    193 root     -51   0       0      0      0 S   0.0   0.0   0:00.00 irq/193-tegra-p
    196 root     -51   0       0      0      0 S   0.0   0.0   0:00.00 irq/193-aerdrv
    197 root     -51   0       0      0      0 S   0.0   0.0   0:00.00 irq/195-tegra-p
    199 root     -51   0       0      0      0 S   0.0   0.0   0:00.00 irq/232-nvme0q0
    200 root     -51   0       0      0      0 S   0.0   0.0   0:00.37 irq/233-nvme0q1
    201 root     -51   0       0      0      0 S   0.0   0.0   0:00.40 irq/234-nvme0q2
    202 root     -51   0       0      0      0 S   0.0   0.0   0:00.53 irq/235-nvme0q3
    203 root     -51   0       0      0      0 S   0.0   0.0   0:00.65 irq/236-nvme0q4
    204 root     -51   0       0      0      0 S   0.0   0.0   0:00.16 irq/237-nvme0q5
    205 root     -51   0       0      0      0 S   0.0   0.0   0:00.12 irq/238-nvme0q6
    211 root       0 -20       0      0      0 I   0.0   0.0   0:00.06 kworker/4:1H-kblockd
    212 root      20   0       0      0      0 S   0.0   0.0   0:01.44 jbd2/nvme0n1p1-
    213 root       0 -20       0      0      0 I   0.0   0.0   0:00.00 ext4-rsv-conver
    222 root       0 -20       0      0      0 I   0.0   0.0   0:00.00 mld
    223 root       0 -20       0      0      0 I   0.0   0.0   0:00.04 kworker/0:1H-kblockd
    224 root       0 -20       0      0      0 I   0.0   0.0   0:00.00 ipv6_addrconf
    256 root      19  -1   76560  38072  36444 S   0.0   0.5   0:29.05 systemd-journal
    278 root       0 -20       0      0      0 I   0.0   0.0   0:00.08 kworker/2:1H-kblockd
    280 root      39  19       0      0      0 S   0.0   0.0   0:01.64 nvmap-bz
    281 root     -51   0       0      0      0 S   0.0   0.0   0:00.00 irq/188-host1x_
    285 root     -51   0       0      0      0 S   0.0   0.0   0:00.00 irq/197-gk20a_s
    286 root     -51   0       0      0      0 S   0.0   0.0   0:00.02 irq/198-gk20a_s
    287 root     -51   0       0      0      0 S   0.0   0.0   0:00.03 irq/199-gk20a_s
    288 root     -51   0       0      0      0 S   0.0   0.0   0:00.00 irq/200-gk20a_n
    291 root       0 -20       0      0      0 I   0.0   0.0   0:00.06 kworker/5:1H-kblockd
    295 root      20   0   11116   3460   3204 S   0.0   0.0   0:00.00 nv-tee-supplica
    299 root      20   0   76588   1360   1248 S   0.0   0.0   0:00.01 tee-supplicant
    301 root       0 -20       0      0      0 I   0.0   0.0   0:00.00 optee_bus_scan
    303 root     -51   0       0      0      0 S   0.0   0.0   0:00.00 irq/189-tegra-p
    312 root      20   0   23732   6316   4080 S   0.0   0.1   0:26.84 systemd-udevd
    313 root     -51   0       0      0      0 S   0.0   0.0   0:00.00 irq/189-aerdrv
    314 root      20   0   23216   5820   3992 S   0.0   0.1   0:00.40 systemd-udevd
    315 root      20   0   23216   5020   3248 S   0.0   0.1   0:00.15 systemd-udevd
    316 root      20   0   23268   6252   4316 S   0.0   0.1   0:00.16 systemd-udevd
    317 root      20   0   23220   4364   2600 S   0.0   0.1   0:00.11 systemd-udevd
    318 root      20   0   23216   4480   2672 S   0.0   0.1   0:00.12 systemd-udevd
    319 root      20   0   23212   5820   3980 S   0.0   0.1   0:00.29 systemd-udevd
    320 root      20   0   23264   4688   2764 S   0.0   0.1   0:00.13 systemd-udevd
    321 root      20   0   23268   5072   3136 S   0.0   0.1   0:00.18 systemd-udevd
    322 root      20   0   23524   5520   3456 S   0.0   0.1   0:00.27 systemd-udevd
    323 root      20   0   23216   6296   4444 S   0.0   0.1   0:00.41 systemd-udevd
    324 root      20   0   23220   5196   3388 S   0.0   0.1   0:00.16 systemd-udevd
    325 root      20   0   23220   5820   3976 S   0.0   0.1   0:00.40 systemd-udevd
    326 root      20   0   23220   5252   3388 S   0.0   0.1   0:00.42 systemd-udevd
    327 root      20   0   23220   5504   3684 S   0.0   0.1   0:00.18 systemd-udevd
    330 root      20   0   23512   5728   3684 S   0.0   0.1   0:00.14 systemd-udevd
    331 root      20   0   24292   5540   2676 S   0.0   0.1   0:00.16 systemd-udevd
    333 root      20   0   23524   5596   3532 S   0.0   0.1   0:00.27 systemd-udevd
    334 root      20   0   23220   5584   3740 S   0.0   0.1   0:00.27 systemd-udevd
    335 root      20   0   23220   4504   2708 S   0.0   0.1   0:00.11 systemd-udevd
    336 root      20   0   23220   4696   2892 S   0.0   0.1   0:00.14 systemd-udevd
    337 root      20   0   23524   5056   2992 S   0.0   0.1   0:00.16 systemd-udevd
    339 root      20   0   23220   4980   3148 S   0.0   0.1   0:00.17 systemd-udevd
    340 root      20   0   23544   6732   4608 S   0.0   0.1   1:30.02 systemd-udevd
    341 root      20   0   23276   5328   3384 S   0.0   0.1   0:00.13 systemd-udevd
    342 root      20   0   23280   5176   3228 S   0.0   0.1   0:00.13 systemd-udevd
    343 root      20   0   23220   5988   4152 S   0.0   0.1   0:00.32 systemd-udevd
    344 root      20   0   23560   6700   4596 S   0.0   0.1   0:00.55 systemd-udevd
    345 root      20   0       0      0      0 S   0.0   0.0   0:00.00 15820000.crypto
    346 root      20   0       0      0      0 S   0.0   0.0   0:00.00 15840000.crypto
    368 root      20   0   23324   5984   4116 S   0.0   0.1   0:00.45 systemd-udevd
    417 root     -51   0       0      0      0 S   0.0   0.0   0:00.00 irq/219-bc00000
    419 root      -2   0       0      0      0 S   0.0   0.0   0:00.00 capture-control
    420 root      -2   0       0      0      0 S   0.0   0.0   0:00.00 capture
    422 root     -51   0       0      0      0 S   0.0   0.0   0:00.00 irq/214-tegra_d
    423 root     -51   0       0      0      0 S   0.0   0.0   0:00.00 irq/215-tegra_d
    424 root       0 -20       0      0      0 I   0.0   0.0   0:00.00 dce-async-ipc-w
    425 root     -51   0       0      0      0 S   0.0   0.0   0:00.00 irq/240-nvvrs-p
    427 root      20   0       0      0      0 S   0.0   0.0   0:00.00 nv_queue
    428 root      20   0       0      0      0 S   0.0   0.0   0:00.00 nv_queue
    483 root     -51   0       0      0      0 S   0.0   0.0   0:00.00 irq/118-3210000
    487 root      20   0       0      0      0 S   0.0   0.0   0:00.00 spi0
    495 root       0 -20       0      0      0 I   0.0   0.0   0:00.00 cfg80211
    497 root     -51   0       0      0      0 S   0.0   0.0   0:00.00 irq/119-3230000
    498 root      20   0       0      0      0 S   0.0   0.0   0:00.00 spi1
    584 root       0 -20       0      0      0 I   0.0   0.0   0:00.00 btfwwork
    650 root      20   0    8236   6424   1432 S   0.0   0.1   0:00.72 haveged
    653 _rpc      20   0    7932   2264   1912 S   0.0   0.0   0:00.03 rpcbind
    659 systemd+  20   0   26320  13580   8496 S   0.0   0.2   0:00.53 systemd-resolve
    662 systemd+  20   0   88880   6332   5484 S   0.0   0.1   0:00.15 systemd-timesyn
    826 avahi     20   0    8084   3108   2752 S   0.0   0.0   0:00.66 avahi-daemon
    827 root      20   0    9888   4552   4112 S   0.0   0.1   0:00.07 bluetoothd
    828 message+  20   0   10496   5632   3584 S   0.0   0.1   0:42.29 dbus-daemon
    829 root      20   0  264864  18900  14872 S   0.0   0.2   0:38.59 NetworkManager
    838 root      20   0   43504  19780  10232 S   0.0   0.3   0:00.15 networkd-dispat
    849 root      20   0  241652   9056   6312 S   0.0   0.1   0:00.59 power-profiles-
    854 syslog    20   0  222160   5012   3672 S   0.0   0.1   0:05.51 rsyslogd
    859 root      20   0    2240    796    720 S   0.0   0.0   0:00.00 seatd
    865 root      20   0 2145956  51416  25768 S   0.0   0.7   0:36.75 snapd
    867 root      20   0  242124   7452   6576 S   0.0   0.1   0:02.12 accounts-daemon
    869 root      20   0  238128   6232   5620 S   0.0   0.1   0:00.04 switcheroo-cont
    871 root      20   0   48968   7620   6296 S   0.0   0.1   0:03.60 systemd-logind
    874 root      20   0  394188  13988   9476 S   0.0   0.2   0:01.03 udisksd
    875 root      20   0   16632   9928   8148 S   0.0   0.1   0:01.30 wpa_supplicant
    882 avahi     20   0    7812    356      0 S   0.0   0.0   0:00.00 avahi-daemon
    904 root      rt   0       0      0      0 S   0.0   0.0   1:47.31 sugov:0
    909 root      rt   0       0      0      0 S   0.0   0.0   0:50.10 sugov:4
    921 root      30  10   11248   3612   3220 S   0.0   0.0   0:08.47 wifi_mon.sh
    969 root      20   0  237044  10468   6400 S   0.0   0.1   3:04.81 polkitd
    983 root      20   0    2460   1556   1380 S   0.0   0.0   0:08.22 nvfancontrol
   1049 root      20   0       0      0      0 S   0.0   0.0   0:00.00 sw-quiesce
   1052 root      20   0       0      0      0 S   0.0   0.0   0:20.92 nvgpu_channel_p
   1068 root      20   0       0      0      0 S   0.0   0.0   0:00.00 nvgpu_pg_init_g
   1087 root      20   0       0      0      0 S   0.0   0.0   0:00.00 nvgpu_clk_arb_p
   1117 root      20   0       0      0      0 S   0.0   0.0   0:07.68 RTW_CMD_THREAD
   1157 root      20   0   75936   9960   8136 S   0.0   0.1   0:00.01 nvargus-daemon
   1158 root      20   0   11116   3520   3220 S   0.0   0.0   0:00.08 nvmemwarning.sh
   1171 root      20   0   22192   1776   1580 S   0.0   0.0   0:00.00 nvs-service
   1181 ollama    20   0 2006720  39588  20072 S   0.0   0.5   0:01.06 ollama
   1195 root      20   0    2336   1408   1292 S   0.0   0.0   0:01.96 run-cups-browse
   1201 root      20   0    2336   1424   1296 S   0.0   0.0   0:02.02 run-cupsd
   1204 root      20   0       0      0      0 S   0.0   0.0   0:00.00 pr/ramoops-1
   1212 root      20   0 2093336  76348  33916 S   0.0   1.0   0:38.44 containerd
   1239 root      20   0   10772   2824   2576 S   0.0   0.0   0:00.06 cron
   1259 root      20   0  243128   8056   7012 S   0.0   0.1   0:00.02 gdm3
   1263 kernoops  20   0   12812    452      0 S   0.0   0.0   0:00.02 kerneloops
   1290 root      20   0    9468    800    724 S   0.0   0.0   0:00.00 agetty
   1291 kernoops  20   0   12812    452      0 S   0.0   0.0   0:00.02 kerneloops
   1293 root      20   0    9468    804    724 S   0.0   0.0   0:00.00 agetty
   1330 root      20   0  173408   8804   7628 S   0.0   0.1   0:00.02 gdm-session-wor
   1417 root      20   0       0      0      0 S   0.0   0.0   0:00.00 file-storage
   1426 root      20   0   15272   8368   6788 S   0.0   0.1   0:00.72 sshd
   1474 gdm       20   0   18120   9728   7360 S   0.0   0.1   0:00.46 systemd
   1478 root      20   0    3076    992    880 S   0.0   0.0   0:00.00 nvphsd
   1483 root      20   0    3208   1476   1316 S   0.0   0.0   0:00.00 nvphsd
   1497 gdm       20   0  106692   4552      0 S   0.0   0.1   0:00.00 (sd-pam)
   1588 root      20   0 2353004 116452  56964 S   0.0   1.5   0:27.68 dockerd
   1688 gdm        9 -11   41972   6472   5156 S   0.0   0.1   0:00.07 pipewire
   1689 gdm       20   0   25476   6428   5104 S   0.0   0.1   0:01.69 pipewire-media-
   1690 gdm        9 -11  891840  20748  12584 S   0.0   0.3   0:00.94 pulseaudio
   1695 gdm       20   0  163948   5472   4964 S   0.0   0.1   0:00.00 gdm-x-session
   1697 root      20   0   24.2g  80528  35884 S   0.0   1.0   0:02.02 Xorg
   1698 rtkit     21   1  153504   1588   1380 S   0.0   0.0   0:00.31 rtkit-daemon
   1729 gdm       20   0    8840   3600   3212 S   0.0   0.0   0:00.02 dbus-daemon
   1748 root      20   0       0      0      0 S   0.0   0.0   0:00.00 nvidia-modeset/
   1749 root      20   0       0      0      0 S   0.0   0.0   0:00.00 nvidia-modeset/
   1752 root      20   0       0      0      0 S   0.0   0.0   0:00.00 nvidia
   1753 root      20   0       0      0      0 S   0.0   0.0   0:00.00 nv_queue
   1790 root      20   0       0      0      0 S   0.0   0.0   0:00.00 nvidia-drm-nv-t
   1791 root     -51   0       0      0      0 S   0.0   0.0   0:00.00 card1-crtc0
   1792 root     -51   0       0      0      0 S   0.0   0.0   0:00.00 card1-crtc1
   1980 gdm       20   0    5876   1552   1344 S   0.0   0.0   0:00.00 dbus-run-sessio
   1983 gdm       20   0    9108   4440   3588 S   0.0   0.1   0:00.13 dbus-daemon
   2035 gdm       20   0  597840  17824  12972 S   0.0   0.2   0:00.99 gnome-session-b
   2057 gdm       20   0  310068   8976   6272 S   0.0   0.1   0:00.00 at-spi-bus-laun
   2062 gdm       20   0    8692   3556   3168 S   0.0   0.0   0:00.00 dbus-daemon
   2071 gdm       20   0 3471500 137248  73260 S   0.0   1.8   0:47.03 gnome-shell
   2092 gdm       20   0  237676   4964   4528 S   0.0   0.1   0:00.00 xdg-permission-
   2099 root      20   0  243852  10136   6984 S   0.0   0.1   0:00.47 upowerd
   2106 root      20   0  301608  19332  16408 S   0.0   0.2   0:01.55 packagekitd
   2110 gdm       20   0 2812288  25716  20860 S   0.0   0.3   0:00.08 gjs
   2113 gdm       20   0  163144   7196   6428 S   0.0   0.1   0:00.02 at-spi2-registr
   2141 gdm       20   0  468748   9856   7940 S   0.0   0.1   0:01.96 gsd-sharing
   2146 gdm       20   0  338880  14892  12620 S   0.0   0.2   0:00.06 gsd-wacom
   2148 gdm       20   0  451616  18896  16480 S   0.0   0.2   0:00.22 gsd-color
   2150 gdm       20   0  412392  17092  13292 S   0.0   0.2   0:00.04 gsd-keyboard
   2152 gdm       20   0  316864  13188   6244 S   0.0   0.2   0:00.10 ibus-daemon
   2156 gdm       20   0  326124   9848   8488 S   0.0   0.1   0:00.02 gsd-print-notif
   2166 gdm       20   0  242216   6512   5848 S   0.0   0.1   0:00.01 gvfsd
   2168 gdm       20   0  459796   6140   5436 S   0.0   0.1   0:00.57 gsd-rfkill
   2170 gdm       20   0  388312   7432   6528 S   0.0   0.1   0:00.01 gsd-smartcard
   2173 gdm       20   0  380556  16508  12504 S   0.0   0.2   0:00.03 gsd-datetime
   2183 gdm       20   0  864216  20108  17428 S   0.0   0.3   0:00.52 gsd-media-keys
   2184 gdm       20   0  237936   4760   4376 S   0.0   0.1   0:00.01 gsd-screensaver
   2185 gdm       20   0  322096  10392   7320 S   0.0   0.1   0:00.02 gsd-sound
   2186 gdm       20   0  312416   8104   5476 S   0.0   0.1   0:00.01 gsd-a11y-settin
   2193 gdm       20   0  313996   8944   6152 S   0.0   0.1   0:00.97 gsd-housekeepin
   2195 gdm       20   0  450004  20288  15904 S   0.0   0.3   0:00.52 gsd-power
   2218 gdm       20   0  347052  12608  10748 S   0.0   0.2   0:00.03 gsd-printer
   2221 gdm       20   0  239040   6576   5948 S   0.0   0.1   0:00.00 ibus-dconf
   2233 gdm       20   0  238936   5920   5488 S   0.0   0.1   0:00.00 ibus-portal
   2263 colord    20   0  247516  14492   8720 S   0.0   0.2   0:00.27 colord
   2285 gdm       20   0 2812300  27868  20904 S   0.0   0.4   0:00.09 gjs
   2349 gdm       20   0  165096   6516   5892 S   0.0   0.1   0:00.01 ibus-engine-sim
   2508 root      20   0  136716  13172   9512 S   0.0   0.2   0:00.70 cupsd
   2522 root      20   0  260792  17940  13508 S   0.0   0.2   0:01.59 cups-browsed
  11687 jetson    20   0   18140   9764   7368 S   0.0   0.1   0:00.37 systemd
  11688 jetson    20   0  172512   4632      0 S   0.0   0.1   0:00.00 (sd-pam)
  11696 jetson    20   0   41976   6552   5228 S   0.0   0.1   0:00.06 pipewire
  11697 jetson    20   0   25484   6724   5388 S   0.0   0.1   0:01.86 pipewire-media-
  11749 jetson    20   0    8888   4168   3672 S   0.0   0.1   0:00.03 dbus-daemon
  11931 jetson    20   0  707268  63144  26432 S   0.0   0.8   2:16.01 python3
  13234 jetson    20   0  203640  35476  13212 S   0.0   0.5   0:00.75 ros2
  13236 jetson    20   0 2070472  36080  17228 S   0.0   0.5   0:00.90 docker
  13238 jetson    20   0  428524  31584  15828 S   0.0   0.4   2:21.64 robot_state_pub
  13265 root      20   0 1232976  11076   5960 S   0.0   0.1   0:02.38 containerd-shim
  13294 root      20   0   49400  29204  14412 S   0.0   0.4   0:00.40 ros2
  90870 root      20   0       0      0      0 I   0.0   0.0   0:23.05 kworker/u12:11-events_unbound
 100141 root      20   0       0      0      0 I   0.0   0.0   0:22.80 kworker/u12:6-events_unbound
 284193 root      20   0       0      0      0 I   0.0   0.0   0:13.21 kworker/u12:3-events_freezable_power_
 407770 root      20   0       0      0      0 I   0.0   0.0   0:09.18 kworker/u12:9-devfreq_wq
 417230 root      20   0       0      0      0 I   0.0   0.0   0:07.49 kworker/u12:0-events_unbound
 418183 root       0 -20       0      0      0 I   0.0   0.0   0:12.89 kworker/u13:0-uvcvideo
 437586 root      20   0       0      0      0 I   0.0   0.0   0:06.17 kworker/u12:4-events_freezable_power_
 465092 root      20   0  238836   6948   5700 S   0.0   0.1   0:01.12 iio-sensor-prox
 481530 root       0 -20       0      0      0 I   0.0   0.0   0:07.87 kworker/u13:3-uvcvideo
 494770 root      20   0 1233488  12520   6732 S   0.0   0.2   0:08.92 containerd-shim
 494799 jetson    20   0    5508    792    704 S   0.0   0.0   0:00.21 sleep
 494866 root      20   0   21760   5464   3940 S   0.0   0.1   0:03.58 systemd-udevd
 494879 root      20   0   21756   3352   1840 S   0.0   0.0   0:01.00 systemd-udevd
 509136 root      20   0       0      0      0 I   0.0   0.0   0:03.67 kworker/u12:5-events_unbound
 512501 root      20   0       0      0      0 I   0.0   0.0   0:00.21 kworker/4:0-events
 513123 jetson    20   0  572504  38640  13228 S   0.0   0.5   0:01.14 ros2
 513133 jetson    20   0 1082972  59692  26368 S   0.0   0.8   1:13.65 foxglove_bridge
 513219 root      20   0   21752   3192   1712 S   0.0   0.0   0:00.00 systemd-udevd
 513220 root      20   0   21760   3352   1840 S   0.0   0.0   0:00.00 systemd-udevd
 513233 root      20   0   21760   3356   1840 S   0.0   0.0   0:00.00 systemd-udevd
 513234 root      20   0   21760   3356   1840 S   0.0   0.0   0:00.00 systemd-udevd
 513235 root      20   0   21760   3336   1840 S   0.0   0.0   0:00.00 systemd-udevd
 513236 root      20   0   21760   3352   1840 S   0.0   0.0   0:00.00 systemd-udevd
 513237 root      20   0   21760   3336   1840 S   0.0   0.0   0:00.00 systemd-udevd
 513250 root      20   0   21760   4428   2868 S   0.0   0.1   0:05.96 systemd-udevd
 513251 root      20   0   21760   3840   2288 S   0.0   0.0   0:00.00 systemd-udevd
 513265 root      20   0   21760   4056   2496 S   0.0   0.1   0:00.00 systemd-udevd
 513266 root      20   0   21760   3244   1712 S   0.0   0.0   0:00.00 systemd-udevd
 513437 jetson    20   0  129772  36180  13228 S   0.0   0.5   0:00.78 ros2
 526709 root      20   0       0      0      0 I   0.0   0.0   0:00.21 kworker/3:1-cgroup_destroy
 536340 root      20   0       0      0      0 I   0.0   0.0   0:00.15 kworker/1:1-cgroup_destroy
 536745 root       0 -20       0      0      0 I   0.0   0.0   0:05.51 kworker/u13:4-uvcvideo
 538507 root      20   0       0      0      0 I   0.0   0.0   0:00.18 kworker/0:0-events
 550304 root      20   0       0      0      0 I   0.0   0.0   0:00.30 kworker/5:0-events
 562560 root      20   0       0      0      0 I   0.0   0.0   0:01.72 kworker/u12:1-events_freezable_power_
 568778 root      20   0       0      0      0 I   0.0   0.0   0:00.00 kworker/2:0-cgroup_destroy
 576600 root      20   0       0      0      0 I   0.0   0.0   0:00.18 kworker/3:0-events
 576729 root      20   0       0      0      0 I   0.0   0.0   0:00.08 kworker/5:1-events
 576909 root      20   0       0      0      0 I   0.0   0.0   0:00.02 kworker/4:1-events
 582730 root      20   0       0      0      0 I   0.0   0.0   0:01.28 kworker/u12:2-events_unbound
 589172 root      20   0       0      0      0 I   0.0   0.0   0:00.71 kworker/u12:10-events_freezable_power_
 590592 root      20   0       0      0      0 I   0.0   0.0   0:00.00 kworker/0:2-cgroup_destroy
 591089 root       0 -20       0      0      0 I   0.0   0.0   0:02.94 kworker/u13:1-uvcvideo
 593950 root      20   0       0      0      0 I   0.0   0.0   0:00.00 kworker/2:1-cgroup_destroy
 602672 root      20   0       0      0      0 I   0.0   0.0   0:00.07 kworker/1:3-events
 608435 root      20   0       0      0      0 I   0.0   0.0   0:00.00 kworker/3:2-events
 608538 root      20   0       0      0      0 I   0.0   0.0   0:00.00 kworker/2:2-events
 609021 jetson    20   0  796964  40120  13228 S   0.0   0.5   0:01.28 ros2
 609055 jetson    20   0  709540  61828  27352 S   0.0   0.8   0:18.02 python3
 609103 jetson    20   0   11248   3076   2756 S   0.0   0.0   0:00.23 bash
 609212 root      20   0       0      0      0 I   0.0   0.0   0:00.04 kworker/0:1-events
 609220 jetson    20   0   53568  30340  15008 S   0.0   0.4   0:00.41 ros2
 613727 root      20   0    9436    780    704 S   0.0   0.0   0:00.00 sleep
 615420 root      20   0       0      0      0 I   0.0   0.0   0:00.01 kworker/4:2-events
 617319 root      20   0       0      0      0 I   0.0   0.0   0:00.00 kworker/0:3-cgroup_destroy
 621315 root      20   0       0      0      0 I   0.0   0.0   0:00.00 kworker/1:0-events
 621531 root      20   0       0      0      0 I   0.0   0.0   0:00.00 kworker/5:2-events
 622272 root      20   0       0      0      0 I   0.0   0.0   0:00.00 kworker/u12:7-events_unbound
 623951 jetson    20   0   11248   3292   2852 S   0.0   0.0   0:00.03 bash
 626491 root      30  10    9436    776    696 S   0.0   0.0   0:00.00 sleep
 626884 jetson    20   0   11248   3292   2860 S   0.0   0.0   0:00.01 bash
 626961 jetson    20   0    9444    784    704 S   0.0   0.0   0:00.00 sleep
 626970 jetson    20   0    2872    896    800 S   0.0   0.0   0:00.00 tegrastats
 626977 jetson    20   0    9444    788    704 S   0.0   0.0   0:00.00 sleep

top - 15:55:44 up  6:18,  0 users,  load average: 11.58, 8.75, 6.90
Tasks: 350 total,   3 running, 347 sleeping,   0 stopped,   0 zombie
%Cpu(s): 41.7 us, 35.1 sy,  0.0 ni, 12.8 id,  0.0 wa,  3.6 hi,  6.8 si,  0.0 st
MiB Mem :   7607.4 total,   2438.0 free,   2151.4 used,   3018.0 buff/cache
MiB Swap:   3803.7 total,   3803.7 free,      0.0 used.   5139.2 avail Mem 

    PID USER      PR  NI    VIRT    RES    SHR S  %CPU  %MEM     TIME+ COMMAND
  13320 root      20   0 1300496  44680  11392 S  74.9   0.6  30:08.13 micro_ros_agent
 609244 jetson    20   0 9351828 401156  83868 S  32.0   5.1   0:56.58 nvblox_node
 626968 jetson    20   0  763588  50448  25200 S  30.0   0.6   0:00.79 ros2
 513359 jetson    20   0  709132  64972  27276 R  27.6   0.8  14:09.39 python3
 513133 jetson    20   0 1082972  59692  26368 S  27.1   0.8   1:14.20 foxglove_bridge
 513125 jetson    20   0 1750824 109316  51324 S  21.2   1.4   5:31.69 realsense2_came
 609065 jetson    20   0  457116  46080  26216 S  21.2   0.6   0:34.09 bt_navigator
 513129 jetson    20   0  432964  27132  14244 S  18.7   0.3   6:28.16 rplidar_node
 609057 jetson    20   0  889300  48328  23464 S  18.2   0.6   0:37.24 controller_serv
 609061 jetson    20   0  988576  69824  24476 S  17.2   0.9   0:36.63 planner_server
 609086 jetson    20   0  577388  31484  16252 S  17.2   0.4   0:39.91 lifecycle_manag
 513131 jetson    20   0  708060  64032  27388 S  14.8   0.8   3:26.86 python3
 609063 jetson    20   0  516308  35148  21032 S  14.8   0.5   0:27.93 behavior_server
 513361 jetson    20   0  506336  34940  18388 R  13.8   0.4   4:30.79 ekf_node
 609067 jetson    20   0  431292  29052  17020 S  13.8   0.4   0:20.04 waypoint_follow
 609077 jetson    20   0  428704  29412  15956 S  13.8   0.4   0:20.13 velocity_smooth
 513127 jetson    20   0  710644  65280  27232 S  13.3   0.8   2:01.24 python3
 609055 jetson    20   0  709540  61828  27352 S  13.3   0.8   0:18.29 python3
 609059 jetson    20   0  582484  34196  18844 S  13.3   0.4   0:23.64 smoother_server
 513439 jetson    20   0  903324  49848  24060 S  10.3   0.6   1:30.36 async_slam_tool
  13238 jetson    20   0  428524  31584  15828 S   9.4   0.4   2:21.83 robot_state_pub
  11931 jetson    20   0  707268  63144  26432 S   8.4   0.8   2:16.18 python3
 626969 jetson    20   0   14340   3376   2764 R   1.5   0.0   0:00.05 top
 627059 jetson    20   0 1922120  26524  15796 S   1.5   0.3   0:00.03 docker
 418183 root       0 -20       0      0      0 I   1.0   0.0   0:12.91 kworker/u13:0-uvcvideo
    340 root      20   0   23544   6732   4608 S   0.5   0.1   1:30.03 systemd-udevd
    909 root      rt   0       0      0      0 S   0.5   0.0   0:50.11 sugov:4
    983 root      20   0    2460   1556   1380 S   0.5   0.0   0:08.23 nvfancontrol
   1181 ollama    20   0 2006720  39588  20072 S   0.5   0.5   0:01.07 ollama
   1212 root      20   0 2093336  76348  33916 S   0.5   1.0   0:38.45 containerd
   1588 root      20   0 2353004 116452  56964 S   0.5   1.5   0:27.69 dockerd
 407770 root      20   0       0      0      0 I   0.5   0.0   0:09.19 kworker/u12:9-events_freezable_power_
 417230 root      20   0       0      0      0 I   0.5   0.0   0:07.50 kworker/u12:0-events_unbound
 513250 root      20   0   21760   4428   2868 S   0.5   0.1   0:05.97 systemd-udevd
 582730 root      20   0       0      0      0 I   0.5   0.0   0:01.29 kworker/u12:2-events_unbound
 609103 jetson    20   0   11248   3076   2756 S   0.5   0.0   0:00.24 bash
 626970 jetson    20   0    2872    896    800 S   0.5   0.0   0:00.01 tegrastats
      1 root      20   0  167628  11768   7448 S   0.0   0.2   0:29.28 systemd
      2 root      20   0       0      0      0 S   0.0   0.0   0:00.03 kthreadd
      3 root       0 -20       0      0      0 I   0.0   0.0   0:00.00 rcu_gp
      4 root       0 -20       0      0      0 I   0.0   0.0   0:00.00 rcu_par_gp
      5 root       0 -20       0      0      0 I   0.0   0.0   0:00.00 slub_flushwq
      6 root       0 -20       0      0      0 I   0.0   0.0   0:00.00 netns
      8 root       0 -20       0      0      0 I   0.0   0.0   0:00.00 kworker/0:0H-events_highpri
     10 root       0 -20       0      0      0 I   0.0   0.0   0:00.00 mm_percpu_wq
     11 root      20   0       0      0      0 S   0.0   0.0   0:00.00 rcu_tasks_kthre
     12 root      20   0       0      0      0 S   0.0   0.0   0:00.00 rcu_tasks_rude_
     13 root      20   0       0      0      0 S   0.0   0.0   0:00.00 rcu_tasks_trace
     14 root      20   0       0      0      0 S   0.0   0.0   0:22.54 ksoftirqd/0
     15 root      20   0       0      0      0 I   0.0   0.0   0:09.94 rcu_preempt
     16 root      rt   0       0      0      0 S   0.0   0.0   0:00.02 migration/0
     17 root      20   0       0      0      0 S   0.0   0.0   0:00.00 cpuhp/0
     18 root      20   0       0      0      0 S   0.0   0.0   0:00.00 cpuhp/1
     19 root      rt   0       0      0      0 S   0.0   0.0   0:00.03 migration/1
     20 root      20   0       0      0      0 S   0.0   0.0   0:01.60 ksoftirqd/1
     22 root       0 -20       0      0      0 I   0.0   0.0   0:00.00 kworker/1:0H-events_highpri
     23 root      20   0       0      0      0 S   0.0   0.0   0:00.00 cpuhp/2
     24 root      rt   0       0      0      0 S   0.0   0.0   0:00.02 migration/2
     25 root      20   0       0      0      0 S   0.0   0.0   0:01.61 ksoftirqd/2
     27 root       0 -20       0      0      0 I   0.0   0.0   0:00.00 kworker/2:0H-events_highpri
     28 root      20   0       0      0      0 S   0.0   0.0   0:00.00 cpuhp/3
     29 root      rt   0       0      0      0 S   0.0   0.0   0:00.02 migration/3
     30 root      20   0       0      0      0 S   0.0   0.0   0:01.49 ksoftirqd/3
     32 root       0 -20       0      0      0 I   0.0   0.0   0:00.00 kworker/3:0H-events_highpri
     33 root      20   0       0      0      0 S   0.0   0.0   0:00.00 cpuhp/4
     34 root      rt   0       0      0      0 S   0.0   0.0   0:00.06 migration/4
     35 root      20   0       0      0      0 S   0.0   0.0   0:01.11 ksoftirqd/4
     37 root       0 -20       0      0      0 I   0.0   0.0   0:00.00 kworker/4:0H-kblockd
     38 root      20   0       0      0      0 S   0.0   0.0   0:00.00 cpuhp/5
     39 root      rt   0       0      0      0 S   0.0   0.0   0:00.07 migration/5
     40 root      20   0       0      0      0 S   0.0   0.0   0:01.16 ksoftirqd/5
     42 root       0 -20       0      0      0 I   0.0   0.0   0:00.00 kworker/5:0H-events_highpri
     43 root      20   0       0      0      0 S   0.0   0.0   0:00.01 kdevtmpfs
     44 root       0 -20       0      0      0 I   0.0   0.0   0:00.00 inet_frag_wq
     51 root      20   0       0      0      0 S   0.0   0.0   0:00.00 kauditd
     52 root      20   0       0      0      0 S   0.0   0.0   0:00.00 oom_reaper
     53 root       0 -20       0      0      0 I   0.0   0.0   0:00.00 writeback
     54 root      20   0       0      0      0 S   0.0   0.0   0:00.18 kcompactd0
     55 root      25   5       0      0      0 S   0.0   0.0   0:00.00 ksmd
     56 root      39  19       0      0      0 S   0.0   0.0   0:02.04 khugepaged
     67 root       0 -20       0      0      0 I   0.0   0.0   0:00.00 cryptd
     86 root       0 -20       0      0      0 I   0.0   0.0   0:00.00 kintegrityd
     87 root       0 -20       0      0      0 I   0.0   0.0   0:00.00 kblockd
     88 root       0 -20       0      0      0 I   0.0   0.0   0:00.00 blkcg_punt_bio
     89 root       0 -20       0      0      0 I   0.0   0.0   0:00.00 tpm_dev_wq
     90 root       0 -20       0      0      0 I   0.0   0.0   0:00.00 ata_sff
     91 root       0 -20       0      0      0 I   0.0   0.0   0:00.00 edac-poller
     92 root       0 -20       0      0      0 I   0.0   0.0   0:00.00 devfreq_wq
     93 root     -51   0       0      0      0 S   0.0   0.0   0:00.00 watchdogd
     96 root       0 -20       0      0      0 I   0.0   0.0   0:00.06 kworker/1:1H-kblockd
     97 root       0 -20       0      0      0 I   0.0   0.0   0:00.00 rpciod
     99 root       0 -20       0      0      0 I   0.0   0.0   0:00.00 xprtiod
    127 root      20   0       0      0      0 S   0.0   0.0   0:00.00 kswapd0
    128 root       0 -20       0      0      0 I   0.0   0.0   0:00.00 nfsiod
    132 root       0 -20       0      0      0 I   0.0   0.0   0:00.00 vfio-irqfd-clea
    133 root       0 -20       0      0      0 I   0.0   0.0   0:00.00 bch_btree_io
    134 root       0 -20       0      0      0 I   0.0   0.0   0:00.00 bcache
    135 root       0 -20       0      0      0 I   0.0   0.0   0:00.00 bch_journal
    136 root       0 -20       0      0      0 I   0.0   0.0   0:00.00 dm_bufio_cache
    139 root      20   0       0      0      0 I   0.0   0.0   0:01.86 kworker/2:3-events
    140 root      10 -10       0      0      0 S   0.0   0.0   0:00.00 krfcommd
    141 root      20   0       0      0      0 S   0.0   0.0   0:00.01 pr/tty0
    142 root      20   0       0      0      0 S   0.0   0.0   0:03.09 pr/ttyTCU0
    145 root     -51   0       0      0      0 S   0.0   0.0   0:00.00 irq/114-3160000
    147 root     -51   0       0      0      0 S   0.0   0.0   0:00.00 irq/115-3180000
    149 root     -51   0       0      0      0 S   0.0   0.0   0:00.00 irq/116-31b0000
    150 root     -51   0       0      0      0 S   0.0   0.0   0:00.02 irq/167-c240000
    151 root     -51   0       0      0      0 S   0.0   0.0   0:00.00 irq/168-c250000
    152 root     -51   0       0      0      0 S   0.0   0.0   0:00.00 irq/125-3610000
    153 root     -51   0       0      0      0 S   0.0   0.0   0:00.00 irq/122-3610000
    155 root       0 -20       0      0      0 I   0.0   0.0   0:00.00 sdhci
    156 root     -51   0       0      0      0 S   0.0   0.0   0:00.00 irq/120-mmc0
    157 root     -51   0       0      0      0 S   0.0   0.0   0:00.00 irq/230-3400000
    174 root       0 -20       0      0      0 I   0.0   0.0   0:00.06 kworker/3:1H-kblockd
    180 root     -51   0       0      0      0 S   0.0   0.0   0:00.00 irq/191-tegra-p
    181 root       0 -20       0      0      0 I   0.0   0.0   0:00.00 nvme-wq
    182 root       0 -20       0      0      0 I   0.0   0.0   0:00.00 nvme-reset-wq
    183 root       0 -20       0      0      0 I   0.0   0.0   0:00.00 nvme-delete-wq
    192 root     -51   0       0      0      0 S   0.0   0.0   0:00.00 irq/191-aerdrv
    193 root     -51   0       0      0      0 S   0.0   0.0   0:00.00 irq/193-tegra-p
    196 root     -51   0       0      0      0 S   0.0   0.0   0:00.00 irq/193-aerdrv
    197 root     -51   0       0      0      0 S   0.0   0.0   0:00.00 irq/195-tegra-p
    199 root     -51   0       0      0      0 S   0.0   0.0   0:00.00 irq/232-nvme0q0
    200 root     -51   0       0      0      0 S   0.0   0.0   0:00.37 irq/233-nvme0q1
    201 root     -51   0       0      0      0 S   0.0   0.0   0:00.40 irq/234-nvme0q2
    202 root     -51   0       0      0      0 S   0.0   0.0   0:00.53 irq/235-nvme0q3
    203 root     -51   0       0      0      0 S   0.0   0.0   0:00.65 irq/236-nvme0q4
    204 root     -51   0       0      0      0 S   0.0   0.0   0:00.16 irq/237-nvme0q5
    205 root     -51   0       0      0      0 S   0.0   0.0   0:00.12 irq/238-nvme0q6
    211 root       0 -20       0      0      0 I   0.0   0.0   0:00.06 kworker/4:1H-kblockd
    212 root      20   0       0      0      0 S   0.0   0.0   0:01.44 jbd2/nvme0n1p1-
    213 root       0 -20       0      0      0 I   0.0   0.0   0:00.00 ext4-rsv-conver
    222 root       0 -20       0      0      0 I   0.0   0.0   0:00.00 mld
    223 root       0 -20       0      0      0 I   0.0   0.0   0:00.04 kworker/0:1H-kblockd
    224 root       0 -20       0      0      0 I   0.0   0.0   0:00.00 ipv6_addrconf
    256 root      19  -1   76560  38072  36444 S   0.0   0.5   0:29.05 systemd-journal
    278 root       0 -20       0      0      0 I   0.0   0.0   0:00.08 kworker/2:1H-kblockd
    280 root      39  19       0      0      0 S   0.0   0.0   0:01.64 nvmap-bz
    281 root     -51   0       0      0      0 S   0.0   0.0   0:00.00 irq/188-host1x_
    285 root     -51   0       0      0      0 S   0.0   0.0   0:00.00 irq/197-gk20a_s
    286 root     -51   0       0      0      0 S   0.0   0.0   0:00.02 irq/198-gk20a_s
    287 root     -51   0       0      0      0 S   0.0   0.0   0:00.03 irq/199-gk20a_s
    288 root     -51   0       0      0      0 S   0.0   0.0   0:00.00 irq/200-gk20a_n
    291 root       0 -20       0      0      0 I   0.0   0.0   0:00.06 kworker/5:1H-kblockd
    295 root      20   0   11116   3460   3204 S   0.0   0.0   0:00.00 nv-tee-supplica
    299 root      20   0   76588   1360   1248 S   0.0   0.0   0:00.01 tee-supplicant
    301 root       0 -20       0      0      0 I   0.0   0.0   0:00.00 optee_bus_scan
    303 root     -51   0       0      0      0 S   0.0   0.0   0:00.00 irq/189-tegra-p
    312 root      20   0   23732   6316   4080 S   0.0   0.1   0:26.84 systemd-udevd
    313 root     -51   0       0      0      0 S   0.0   0.0   0:00.00 irq/189-aerdrv
    314 root      20   0   23216   5820   3992 S   0.0   0.1   0:00.40 systemd-udevd
    315 root      20   0   23216   5020   3248 S   0.0   0.1   0:00.15 systemd-udevd
    316 root      20   0   23268   6252   4316 S   0.0   0.1   0:00.16 systemd-udevd
    317 root      20   0   23220   4364   2600 S   0.0   0.1   0:00.11 systemd-udevd
    318 root      20   0   23216   4480   2672 S   0.0   0.1   0:00.12 systemd-udevd
    319 root      20   0   23212   5820   3980 S   0.0   0.1   0:00.29 systemd-udevd
    320 root      20   0   23264   4688   2764 S   0.0   0.1   0:00.13 systemd-udevd
    321 root      20   0   23268   5072   3136 S   0.0   0.1   0:00.18 systemd-udevd
    322 root      20   0   23524   5520   3456 S   0.0   0.1   0:00.27 systemd-udevd
    323 root      20   0   23216   6296   4444 S   0.0   0.1   0:00.41 systemd-udevd
    324 root      20   0   23220   5196   3388 S   0.0   0.1   0:00.16 systemd-udevd
    325 root      20   0   23220   5820   3976 S   0.0   0.1   0:00.40 systemd-udevd
    326 root      20   0   23220   5252   3388 S   0.0   0.1   0:00.42 systemd-udevd
    327 root      20   0   23220   5504   3684 S   0.0   0.1   0:00.18 systemd-udevd
    330 root      20   0   23512   5728   3684 S   0.0   0.1   0:00.14 systemd-udevd
    331 root      20   0   24292   5540   2676 S   0.0   0.1   0:00.16 systemd-udevd
    333 root      20   0   23524   5596   3532 S   0.0   0.1   0:00.27 systemd-udevd
    334 root      20   0   23220   5584   3740 S   0.0   0.1   0:00.27 systemd-udevd
    335 root      20   0   23220   4504   2708 S   0.0   0.1   0:00.11 systemd-udevd
    336 root      20   0   23220   4696   2892 S   0.0   0.1   0:00.14 systemd-udevd
    337 root      20   0   23524   5056   2992 S   0.0   0.1   0:00.16 systemd-udevd
    339 root      20   0   23220   4980   3148 S   0.0   0.1   0:00.17 systemd-udevd
    341 root      20   0   23276   5328   3384 S   0.0   0.1   0:00.13 systemd-udevd
    342 root      20   0   23280   5176   3228 S   0.0   0.1   0:00.13 systemd-udevd
    343 root      20   0   23220   5988   4152 S   0.0   0.1   0:00.32 systemd-udevd
    344 root      20   0   23560   6700   4596 S   0.0   0.1   0:00.55 systemd-udevd
    345 root      20   0       0      0      0 S   0.0   0.0   0:00.00 15820000.crypto
    346 root      20   0       0      0      0 S   0.0   0.0   0:00.00 15840000.crypto
    368 root      20   0   23324   5984   4116 S   0.0   0.1   0:00.45 systemd-udevd
    417 root     -51   0       0      0      0 S   0.0   0.0   0:00.00 irq/219-bc00000
    419 root      -2   0       0      0      0 S   0.0   0.0   0:00.00 capture-control
    420 root      -2   0       0      0      0 S   0.0   0.0   0:00.00 capture
    422 root     -51   0       0      0      0 S   0.0   0.0   0:00.00 irq/214-tegra_d
    423 root     -51   0       0      0      0 S   0.0   0.0   0:00.00 irq/215-tegra_d
    424 root       0 -20       0      0      0 I   0.0   0.0   0:00.00 dce-async-ipc-w
    425 root     -51   0       0      0      0 S   0.0   0.0   0:00.00 irq/240-nvvrs-p
    427 root      20   0       0      0      0 S   0.0   0.0   0:00.00 nv_queue
    428 root      20   0       0      0      0 S   0.0   0.0   0:00.00 nv_queue
    483 root     -51   0       0      0      0 S   0.0   0.0   0:00.00 irq/118-3210000
    487 root      20   0       0      0      0 S   0.0   0.0   0:00.00 spi0
    495 root       0 -20       0      0      0 I   0.0   0.0   0:00.00 cfg80211
    497 root     -51   0       0      0      0 S   0.0   0.0   0:00.00 irq/119-3230000
    498 root      20   0       0      0      0 S   0.0   0.0   0:00.00 spi1
    584 root       0 -20       0      0      0 I   0.0   0.0   0:00.00 btfwwork
    650 root      20   0    8236   6424   1432 S   0.0   0.1   0:00.72 haveged
    653 _rpc      20   0    7932   2264   1912 S   0.0   0.0   0:00.03 rpcbind
    659 systemd+  20   0   26320  13580   8496 S   0.0   0.2   0:00.53 systemd-resolve
    662 systemd+  20   0   88880   6332   5484 S   0.0   0.1   0:00.15 systemd-timesyn
    826 avahi     20   0    8084   3108   2752 S   0.0   0.0   0:00.66 avahi-daemon
    827 root      20   0    9888   4552   4112 S   0.0   0.1   0:00.07 bluetoothd
    828 message+  20   0   10496   5632   3584 S   0.0   0.1   0:42.29 dbus-daemon
    829 root      20   0  264864  18900  14872 S   0.0   0.2   0:38.59 NetworkManager
    838 root      20   0   43504  19780  10232 S   0.0   0.3   0:00.15 networkd-dispat
    849 root      20   0  241652   9056   6312 S   0.0   0.1   0:00.59 power-profiles-
    854 syslog    20   0  222160   5012   3672 S   0.0   0.1   0:05.51 rsyslogd
    859 root      20   0    2240    796    720 S   0.0   0.0   0:00.00 seatd
    865 root      20   0 2145956  51416  25768 S   0.0   0.7   0:36.75 snapd
    867 root      20   0  242124   7452   6576 S   0.0   0.1   0:02.12 accounts-daemon
    869 root      20   0  238128   6232   5620 S   0.0   0.1   0:00.04 switcheroo-cont
    871 root      20   0   48968   7620   6296 S   0.0   0.1   0:03.60 systemd-logind
    874 root      20   0  394188  13988   9476 S   0.0   0.2   0:01.03 udisksd
    875 root      20   0   16632   9928   8148 S   0.0   0.1   0:01.30 wpa_supplicant
    882 avahi     20   0    7812    356      0 S   0.0   0.0   0:00.00 avahi-daemon
    904 root      rt   0       0      0      0 S   0.0   0.0   1:47.31 sugov:0
    921 root      30  10   11248   3612   3220 S   0.0   0.0   0:08.47 wifi_mon.sh
    969 root      20   0  237044  10468   6400 S   0.0   0.1   3:04.81 polkitd
   1049 root      20   0       0      0      0 S   0.0   0.0   0:00.00 sw-quiesce
   1052 root      20   0       0      0      0 S   0.0   0.0   0:20.92 nvgpu_channel_p
   1068 root      20   0       0      0      0 S   0.0   0.0   0:00.00 nvgpu_pg_init_g
   1087 root      20   0       0      0      0 S   0.0   0.0   0:00.00 nvgpu_clk_arb_p
   1117 root      20   0       0      0      0 S   0.0   0.0   0:07.68 RTW_CMD_THREAD
   1157 root      20   0   75936   9960   8136 S   0.0   0.1   0:00.01 nvargus-daemon
   1158 root      20   0   11116   3520   3220 S   0.0   0.0   0:00.08 nvmemwarning.sh
   1171 root      20   0   22192   1776   1580 S   0.0   0.0   0:00.00 nvs-service
   1195 root      20   0    2336   1408   1292 S   0.0   0.0   0:01.96 run-cups-browse
   1201 root      20   0    2336   1424   1296 S   0.0   0.0   0:02.02 run-cupsd
   1204 root      20   0       0      0      0 S   0.0   0.0   0:00.00 pr/ramoops-1
   1239 root      20   0   10772   2824   2576 S   0.0   0.0   0:00.06 cron
   1259 root      20   0  243128   8056   7012 S   0.0   0.1   0:00.02 gdm3
   1263 kernoops  20   0   12812    452      0 S   0.0   0.0   0:00.02 kerneloops
   1290 root      20   0    9468    800    724 S   0.0   0.0   0:00.00 agetty
   1291 kernoops  20   0   12812    452      0 S   0.0   0.0   0:00.02 kerneloops
   1293 root      20   0    9468    804    724 S   0.0   0.0   0:00.00 agetty
   1330 root      20   0  173408   8804   7628 S   0.0   0.1   0:00.02 gdm-session-wor
   1417 root      20   0       0      0      0 S   0.0   0.0   0:00.00 file-storage
   1426 root      20   0   15272   8368   6788 S   0.0   0.1   0:00.72 sshd
   1474 gdm       20   0   18120   9728   7360 S   0.0   0.1   0:00.46 systemd
   1478 root      20   0    3076    992    880 S   0.0   0.0   0:00.00 nvphsd
   1483 root      20   0    3208   1476   1316 S   0.0   0.0   0:00.00 nvphsd
   1497 gdm       20   0  106692   4552      0 S   0.0   0.1   0:00.00 (sd-pam)
   1688 gdm        9 -11   41972   6472   5156 S   0.0   0.1   0:00.07 pipewire
   1689 gdm       20   0   25476   6428   5104 S   0.0   0.1   0:01.69 pipewire-media-
   1690 gdm        9 -11  891840  20748  12584 S   0.0   0.3   0:00.94 pulseaudio
   1695 gdm       20   0  163948   5472   4964 S   0.0   0.1   0:00.00 gdm-x-session
   1697 root      20   0   24.2g  80528  35884 S   0.0   1.0   0:02.02 Xorg
   1698 rtkit     21   1  153504   1588   1380 S   0.0   0.0   0:00.31 rtkit-daemon
   1729 gdm       20   0    8840   3600   3212 S   0.0   0.0   0:00.02 dbus-daemon
   1748 root      20   0       0      0      0 S   0.0   0.0   0:00.00 nvidia-modeset/
   1749 root      20   0       0      0      0 S   0.0   0.0   0:00.00 nvidia-modeset/
   1752 root      20   0       0      0      0 S   0.0   0.0   0:00.00 nvidia
   1753 root      20   0       0      0      0 S   0.0   0.0   0:00.00 nv_queue
   1790 root      20   0       0      0      0 S   0.0   0.0   0:00.00 nvidia-drm-nv-t
   1791 root     -51   0       0      0      0 S   0.0   0.0   0:00.00 card1-crtc0
   1792 root     -51   0       0      0      0 S   0.0   0.0   0:00.00 card1-crtc1
   1980 gdm       20   0    5876   1552   1344 S   0.0   0.0   0:00.00 dbus-run-sessio
   1983 gdm       20   0    9108   4440   3588 S   0.0   0.1   0:00.13 dbus-daemon
   2035 gdm       20   0  597840  17824  12972 S   0.0   0.2   0:00.99 gnome-session-b
   2057 gdm       20   0  310068   8976   6272 S   0.0   0.1   0:00.00 at-spi-bus-laun
   2062 gdm       20   0    8692   3556   3168 S   0.0   0.0   0:00.00 dbus-daemon
   2071 gdm       20   0 3471500 137248  73260 S   0.0   1.8   0:47.03 gnome-shell
   2092 gdm       20   0  237676   4964   4528 S   0.0   0.1   0:00.00 xdg-permission-
   2099 root      20   0  243852  10136   6984 S   0.0   0.1   0:00.47 upowerd
   2106 root      20   0  301608  19332  16408 S   0.0   0.2   0:01.55 packagekitd
   2110 gdm       20   0 2812288  25716  20860 S   0.0   0.3   0:00.08 gjs
   2113 gdm       20   0  163144   7196   6428 S   0.0   0.1   0:00.02 at-spi2-registr
   2141 gdm       20   0  468748   9856   7940 S   0.0   0.1   0:01.96 gsd-sharing
   2146 gdm       20   0  338880  14892  12620 S   0.0   0.2   0:00.06 gsd-wacom
   2148 gdm       20   0  451616  18896  16480 S   0.0   0.2   0:00.22 gsd-color
   2150 gdm       20   0  412392  17092  13292 S   0.0   0.2   0:00.04 gsd-keyboard
   2152 gdm       20   0  316864  13188   6244 S   0.0   0.2   0:00.10 ibus-daemon
   2156 gdm       20   0  326124   9848   8488 S   0.0   0.1   0:00.02 gsd-print-notif
   2166 gdm       20   0  242216   6512   5848 S   0.0   0.1   0:00.01 gvfsd
   2168 gdm       20   0  459796   6140   5436 S   0.0   0.1   0:00.57 gsd-rfkill
   2170 gdm       20   0  388312   7432   6528 S   0.0   0.1   0:00.01 gsd-smartcard
   2173 gdm       20   0  380556  16508  12504 S   0.0   0.2   0:00.03 gsd-datetime
   2183 gdm       20   0  864216  20108  17428 S   0.0   0.3   0:00.52 gsd-media-keys
   2184 gdm       20   0  237936   4760   4376 S   0.0   0.1   0:00.01 gsd-screensaver
   2185 gdm       20   0  322096  10392   7320 S   0.0   0.1   0:00.02 gsd-sound
   2186 gdm       20   0  312416   8104   5476 S   0.0   0.1   0:00.01 gsd-a11y-settin
   2193 gdm       20   0  313996   8944   6152 S   0.0   0.1   0:00.97 gsd-housekeepin
   2195 gdm       20   0  450004  20288  15904 S   0.0   0.3   0:00.52 gsd-power
   2218 gdm       20   0  347052  12608  10748 S   0.0   0.2   0:00.03 gsd-printer
   2221 gdm       20   0  239040   6576   5948 S   0.0   0.1   0:00.00 ibus-dconf
   2233 gdm       20   0  238936   5920   5488 S   0.0   0.1   0:00.00 ibus-portal
   2263 colord    20   0  247516  14492   8720 S   0.0   0.2   0:00.27 colord
   2285 gdm       20   0 2812300  27868  20904 S   0.0   0.4   0:00.09 gjs
   2349 gdm       20   0  165096   6516   5892 S   0.0   0.1   0:00.01 ibus-engine-sim
   2508 root      20   0  136716  13172   9512 S   0.0   0.2   0:00.70 cupsd
   2522 root      20   0  260792  17940  13508 S   0.0   0.2   0:01.59 cups-browsed
  11687 jetson    20   0   18140   9764   7368 S   0.0   0.1   0:00.37 systemd
  11688 jetson    20   0  172512   4632      0 S   0.0   0.1   0:00.00 (sd-pam)
  11696 jetson    20   0   41976   6552   5228 S   0.0   0.1   0:00.06 pipewire
  11697 jetson    20   0   25484   6724   5388 S   0.0   0.1   0:01.86 pipewire-media-
  11749 jetson    20   0    8888   4168   3672 S   0.0   0.1   0:00.03 dbus-daemon
  13234 jetson    20   0  203640  35476  13212 S   0.0   0.5   0:00.75 ros2
  13236 jetson    20   0 2070472  36080  17228 S   0.0   0.5   0:00.90 docker
  13265 root      20   0 1232976  11076   5960 S   0.0   0.1   0:02.38 containerd-shim
  13294 root      20   0   49400  29204  14412 S   0.0   0.4   0:00.40 ros2
  90870 root      20   0       0      0      0 I   0.0   0.0   0:23.05 kworker/u12:11-events_unbound
 100141 root      20   0       0      0      0 I   0.0   0.0   0:22.80 kworker/u12:6-events_unbound
 284193 root      20   0       0      0      0 I   0.0   0.0   0:13.21 kworker/u12:3-events_freezable_power_
 437586 root      20   0       0      0      0 I   0.0   0.0   0:06.17 kworker/u12:4-events_unbound
 465092 root      20   0  238836   6948   5700 S   0.0   0.1   0:01.12 iio-sensor-prox
 481530 root       0 -20       0      0      0 I   0.0   0.0   0:07.87 kworker/u13:3-uvcvideo
 494770 root      20   0 1233488  12520   6732 S   0.0   0.2   0:08.92 containerd-shim
 494799 jetson    20   0    5508    792    704 S   0.0   0.0   0:00.21 sleep
 494866 root      20   0   21760   5464   3940 S   0.0   0.1   0:03.58 systemd-udevd
 494879 root      20   0   21756   3352   1840 S   0.0   0.0   0:01.00 systemd-udevd
 509136 root      20   0       0      0      0 I   0.0   0.0   0:03.67 kworker/u12:5-events_freezable_power_
 512501 root      20   0       0      0      0 I   0.0   0.0   0:00.21 kworker/4:0-events
 513123 jetson    20   0  572504  38640  13228 S   0.0   0.5   0:01.14 ros2
 513219 root      20   0   21752   3192   1712 S   0.0   0.0   0:00.00 systemd-udevd
 513220 root      20   0   21760   3352   1840 S   0.0   0.0   0:00.00 systemd-udevd
 513233 root      20   0   21760   3356   1840 S   0.0   0.0   0:00.00 systemd-udevd
 513234 root      20   0   21760   3356   1840 S   0.0   0.0   0:00.00 systemd-udevd
 513235 root      20   0   21760   3336   1840 S   0.0   0.0   0:00.00 systemd-udevd
 513236 root      20   0   21760   3352   1840 S   0.0   0.0   0:00.00 systemd-udevd
 513237 root      20   0   21760   3336   1840 S   0.0   0.0   0:00.00 systemd-udevd
 513251 root      20   0   21760   3840   2288 S   0.0   0.0   0:00.00 systemd-udevd
 513265 root      20   0   21760   4056   2496 S   0.0   0.1   0:00.00 systemd-udevd
 513266 root      20   0   21760   3244   1712 S   0.0   0.0   0:00.00 systemd-udevd
 513437 jetson    20   0  129772  36180  13228 S   0.0   0.5   0:00.78 ros2
 536340 root      20   0       0      0      0 I   0.0   0.0   0:00.15 kworker/1:1-cgroup_destroy
 536745 root       0 -20       0      0      0 I   0.0   0.0   0:05.51 kworker/u13:4-uvcvideo
 538507 root      20   0       0      0      0 I   0.0   0.0   0:00.18 kworker/0:0-events
 550304 root      20   0       0      0      0 I   0.0   0.0   0:00.30 kworker/5:0-events
 562560 root      20   0       0      0      0 I   0.0   0.0   0:01.72 kworker/u12:1-events_freezable_power_
 568778 root      20   0       0      0      0 I   0.0   0.0   0:00.00 kworker/2:0-cgroup_destroy
 576600 root      20   0       0      0      0 I   0.0   0.0   0:00.18 kworker/3:0-events
 576729 root      20   0       0      0      0 I   0.0   0.0   0:00.08 kworker/5:1-events
 576909 root      20   0       0      0      0 I   0.0   0.0   0:00.02 kworker/4:1-rcu_gp
 589172 root      20   0       0      0      0 I   0.0   0.0   0:00.71 kworker/u12:10-events_freezable_power_
 590592 root      20   0       0      0      0 I   0.0   0.0   0:00.00 kworker/0:2-cgroup_destroy
 591089 root       0 -20       0      0      0 I   0.0   0.0   0:02.94 kworker/u13:1-uvcvideo
 602672 root      20   0       0      0      0 I   0.0   0.0   0:00.07 kworker/1:3-rcu_gp
 608435 root      20   0       0      0      0 I   0.0   0.0   0:00.00 kworker/3:2-events
 608538 root      20   0       0      0      0 I   0.0   0.0   0:00.00 kworker/2:2-events
 609021 jetson    20   0  796964  40120  13228 S   0.0   0.5   0:01.28 ros2
 609212 root      20   0       0      0      0 I   0.0   0.0   0:00.04 kworker/0:1-events
 609220 jetson    20   0   53568  30340  15008 S   0.0   0.4   0:00.41 ros2
 613727 root      20   0    9436    780    704 S   0.0   0.0   0:00.00 sleep
 615420 root      20   0       0      0      0 I   0.0   0.0   0:00.01 kworker/4:2-events
 617319 root      20   0       0      0      0 I   0.0   0.0   0:00.00 kworker/0:3-cgroup_destroy
 621315 root      20   0       0      0      0 I   0.0   0.0   0:00.00 kworker/1:0-events
 621531 root      20   0       0      0      0 I   0.0   0.0   0:00.00 kworker/5:2-events
 622272 root      20   0       0      0      0 I   0.0   0.0   0:00.00 kworker/u12:7-events_unbound
 623951 jetson    20   0   11248   3292   2852 S   0.0   0.0   0:00.03 bash
 626491 root      30  10    9436    776    696 S   0.0   0.0   0:00.00 sleep
 626884 jetson    20   0   11248   3292   2860 S   0.0   0.0   0:00.01 bash
 626977 jetson    20   0    9444    788    704 S   0.0   0.0   0:00.00 sleep

top - 15:55:46 up  6:18,  0 users,  load average: 10.98, 8.67, 6.88
Tasks: 350 total,   3 running, 347 sleeping,   0 stopped,   0 zombie
%Cpu(s): 41.9 us, 20.3 sy,  0.0 ni, 31.9 id,  0.0 wa,  2.4 hi,  3.5 si,  0.0 st
MiB Mem :   7607.4 total,   2412.7 free,   2175.6 used,   3019.1 buff/cache
MiB Swap:   3803.7 total,   3803.7 free,      0.0 used.   5114.8 avail Mem 

    PID USER      PR  NI    VIRT    RES    SHR S  %CPU  %MEM     TIME+ COMMAND
  13320 root      20   0 1300496  44680  11392 S  69.3   0.6  30:09.53 micro_ros_agent
 513359 jetson    20   0  709132  64972  27276 S  33.7   0.8  14:10.07 python3
 626968 jetson    20   0  764024  54856  25372 S  21.8   0.7   0:01.23 ros2
 609244 jetson    20   0 9351828 401156  83868 S  21.3   5.1   0:57.01 nvblox_node
 513125 jetson    20   0 1750824 109316  51324 S  16.3   1.4   5:32.02 realsense2_came
 513129 jetson    20   0  432964  27132  14244 S  15.3   0.3   6:28.47 rplidar_node
    969 root      20   0  237044  10468   6400 S  14.4   0.1   3:05.10 polkitd
 609065 jetson    20   0  457116  46344  26216 S  13.9   0.6   0:34.37 bt_navigator
 609057 jetson    20   0  889300  48328  23464 S  12.9   0.6   0:37.50 controller_serv
 609086 jetson    20   0  577388  31484  16252 S  12.9   0.4   0:40.17 lifecycle_manag
 513361 jetson    20   0  506336  34940  18388 S  12.4   0.4   4:31.04 ekf_node
 513131 jetson    20   0  708060  64032  27388 S  10.9   0.8   3:27.08 python3
 609061 jetson    20   0  988576  70088  24476 R  10.9   0.9   0:36.85 planner_server
 609063 jetson    20   0  516308  35148  21032 S  10.9   0.5   0:28.15 behavior_server
 609059 jetson    20   0  582484  34196  18844 S   9.4   0.4   0:23.83 smoother_server
 513133 jetson    20   0 1082972  60220  26368 S   8.4   0.8   1:14.37 foxglove_bridge
 609067 jetson    20   0  431292  29052  17020 S   7.9   0.4   0:20.20 waypoint_follow
 609077 jetson    20   0  428704  29676  15956 S   7.4   0.4   0:20.28 velocity_smooth
 627201 jetson    20   0   38168  19284   9580 R   7.4   0.2   0:00.15 python3
 513127 jetson    20   0  710644  65280  27232 S   6.4   0.8   2:01.37 python3
 609055 jetson    20   0  709540  61828  27352 S   6.4   0.8   0:18.42 python3
 513439 jetson    20   0  903324  49848  24060 S   5.4   0.6   1:30.47 async_slam_tool
    828 message+  20   0   10496   5632   3584 S   3.0   0.1   0:42.35 dbus-daemon
    829 root      20   0  264864  18900  14872 S   2.5   0.2   0:38.64 NetworkManager
  11931 jetson    20   0  707268  63144  26432 S   2.5   0.8   2:16.23 python3
  13238 jetson    20   0  428524  31584  15828 S   2.5   0.4   2:21.88 robot_state_pub
      1 root      20   0  167628  11768   7448 S   2.0   0.2   0:29.32 systemd
 418183 root       0 -20       0      0      0 I   1.0   0.0   0:12.93 kworker/u13:0-uvcvideo
     15 root      20   0       0      0      0 I   0.5   0.0   0:09.95 rcu_preempt
    854 syslog    20   0  222160   5012   3672 S   0.5   0.1   0:05.52 rsyslogd
    904 root      rt   0       0      0      0 S   0.5   0.0   1:47.32 sugov:0
   2035 gdm       20   0  597840  17824  12972 S   0.5   0.2   0:01.00 gnome-session-b
   2071 gdm       20   0 3471500 137260  73260 S   0.5   1.8   0:47.04 gnome-shell
   2106 root      20   0  301608  19332  16408 S   0.5   0.2   0:01.56 packagekitd
   2522 root      20   0  260792  17940  13508 S   0.5   0.2   0:01.60 cups-browsed
 417230 root      20   0       0      0      0 I   0.5   0.0   0:07.51 kworker/u12:0-events_unbound
 437586 root      20   0       0      0      0 I   0.5   0.0   0:06.18 kworker/u12:4-events_freezable_power_
 494866 root      20   0   21760   5464   3940 S   0.5   0.1   0:03.59 systemd-udevd
 626969 jetson    20   0   14340   3376   2764 R   0.5   0.0   0:00.06 top
      2 root      20   0       0      0      0 S   0.0   0.0   0:00.03 kthreadd
      3 root       0 -20       0      0      0 I   0.0   0.0   0:00.00 rcu_gp
      4 root       0 -20       0      0      0 I   0.0   0.0   0:00.00 rcu_par_gp
      5 root       0 -20       0      0      0 I   0.0   0.0   0:00.00 slub_flushwq
      6 root       0 -20       0      0      0 I   0.0   0.0   0:00.00 netns
      8 root       0 -20       0      0      0 I   0.0   0.0   0:00.00 kworker/0:0H-events_highpri
     10 root       0 -20       0      0      0 I   0.0   0.0   0:00.00 mm_percpu_wq
     11 root      20   0       0      0      0 S   0.0   0.0   0:00.00 rcu_tasks_kthre
     12 root      20   0       0      0      0 S   0.0   0.0   0:00.00 rcu_tasks_rude_
     13 root      20   0       0      0      0 S   0.0   0.0   0:00.00 rcu_tasks_trace
     14 root      20   0       0      0      0 S   0.0   0.0   0:22.54 ksoftirqd/0
     16 root      rt   0       0      0      0 S   0.0   0.0   0:00.02 migration/0
     17 root      20   0       0      0      0 S   0.0   0.0   0:00.00 cpuhp/0
     18 root      20   0       0      0      0 S   0.0   0.0   0:00.00 cpuhp/1
     19 root      rt   0       0      0      0 S   0.0   0.0   0:00.03 migration/1
     20 root      20   0       0      0      0 S   0.0   0.0   0:01.60 ksoftirqd/1
     22 root       0 -20       0      0      0 I   0.0   0.0   0:00.00 kworker/1:0H-events_highpri
     23 root      20   0       0      0      0 S   0.0   0.0   0:00.00 cpuhp/2
     24 root      rt   0       0      0      0 S   0.0   0.0   0:00.02 migration/2
     25 root      20   0       0      0      0 S   0.0   0.0   0:01.61 ksoftirqd/2
     27 root       0 -20       0      0      0 I   0.0   0.0   0:00.00 kworker/2:0H-events_highpri
     28 root      20   0       0      0      0 S   0.0   0.0   0:00.00 cpuhp/3
     29 root      rt   0       0      0      0 S   0.0   0.0   0:00.02 migration/3
     30 root      20   0       0      0      0 S   0.0   0.0   0:01.49 ksoftirqd/3
     32 root       0 -20       0      0      0 I   0.0   0.0   0:00.00 kworker/3:0H-events_highpri
     33 root      20   0       0      0      0 S   0.0   0.0   0:00.00 cpuhp/4
     34 root      rt   0       0      0      0 S   0.0   0.0   0:00.06 migration/4
     35 root      20   0       0      0      0 S   0.0   0.0   0:01.11 ksoftirqd/4
     37 root       0 -20       0      0      0 I   0.0   0.0   0:00.00 kworker/4:0H-kblockd
     38 root      20   0       0      0      0 S   0.0   0.0   0:00.00 cpuhp/5
     39 root      rt   0       0      0      0 S   0.0   0.0   0:00.07 migration/5
     40 root      20   0       0      0      0 S   0.0   0.0   0:01.16 ksoftirqd/5
     42 root       0 -20       0      0      0 I   0.0   0.0   0:00.00 kworker/5:0H-events_highpri
     43 root      20   0       0      0      0 S   0.0   0.0   0:00.01 kdevtmpfs
     44 root       0 -20       0      0      0 I   0.0   0.0   0:00.00 inet_frag_wq
     51 root      20   0       0      0      0 S   0.0   0.0   0:00.00 kauditd
     52 root      20   0       0      0      0 S   0.0   0.0   0:00.00 oom_reaper
     53 root       0 -20       0      0      0 I   0.0   0.0   0:00.00 writeback
     54 root      20   0       0      0      0 S   0.0   0.0   0:00.18 kcompactd0
     55 root      25   5       0      0      0 S   0.0   0.0   0:00.00 ksmd
     56 root      39  19       0      0      0 S   0.0   0.0   0:02.04 khugepaged
     67 root       0 -20       0      0      0 I   0.0   0.0   0:00.00 cryptd
     86 root       0 -20       0      0      0 I   0.0   0.0   0:00.00 kintegrityd
     87 root       0 -20       0      0      0 I   0.0   0.0   0:00.00 kblockd
     88 root       0 -20       0      0      0 I   0.0   0.0   0:00.00 blkcg_punt_bio
     89 root       0 -20       0      0      0 I   0.0   0.0   0:00.00 tpm_dev_wq
     90 root       0 -20       0      0      0 I   0.0   0.0   0:00.00 ata_sff
     91 root       0 -20       0      0      0 I   0.0   0.0   0:00.00 edac-poller
     92 root       0 -20       0      0      0 I   0.0   0.0   0:00.00 devfreq_wq
     93 root     -51   0       0      0      0 S   0.0   0.0   0:00.00 watchdogd
     96 root       0 -20       0      0      0 I   0.0   0.0   0:00.06 kworker/1:1H-kblockd
     97 root       0 -20       0      0      0 I   0.0   0.0   0:00.00 rpciod
     99 root       0 -20       0      0      0 I   0.0   0.0   0:00.00 xprtiod
    127 root      20   0       0      0      0 S   0.0   0.0   0:00.00 kswapd0
    128 root       0 -20       0      0      0 I   0.0   0.0   0:00.00 nfsiod
    132 root       0 -20       0      0      0 I   0.0   0.0   0:00.00 vfio-irqfd-clea
    133 root       0 -20       0      0      0 I   0.0   0.0   0:00.00 bch_btree_io
    134 root       0 -20       0      0      0 I   0.0   0.0   0:00.00 bcache
    135 root       0 -20       0      0      0 I   0.0   0.0   0:00.00 bch_journal
    136 root       0 -20       0      0      0 I   0.0   0.0   0:00.00 dm_bufio_cache
    139 root      20   0       0      0      0 I   0.0   0.0   0:01.86 kworker/2:3-events
    140 root      10 -10       0      0      0 S   0.0   0.0   0:00.00 krfcommd
    141 root      20   0       0      0      0 S   0.0   0.0   0:00.01 pr/tty0
    142 root      20   0       0      0      0 S   0.0   0.0   0:03.09 pr/ttyTCU0
    145 root     -51   0       0      0      0 S   0.0   0.0   0:00.00 irq/114-3160000
    147 root     -51   0       0      0      0 S   0.0   0.0   0:00.00 irq/115-3180000
    149 root     -51   0       0      0      0 S   0.0   0.0   0:00.00 irq/116-31b0000
    150 root     -51   0       0      0      0 S   0.0   0.0   0:00.02 irq/167-c240000
    151 root     -51   0       0      0      0 S   0.0   0.0   0:00.00 irq/168-c250000
    152 root     -51   0       0      0      0 S   0.0   0.0   0:00.00 irq/125-3610000
    153 root     -51   0       0      0      0 S   0.0   0.0   0:00.00 irq/122-3610000
    155 root       0 -20       0      0      0 I   0.0   0.0   0:00.00 sdhci
    156 root     -51   0       0      0      0 S   0.0   0.0   0:00.00 irq/120-mmc0
    157 root     -51   0       0      0      0 S   0.0   0.0   0:00.00 irq/230-3400000
    174 root       0 -20       0      0      0 I   0.0   0.0   0:00.06 kworker/3:1H-kblockd
    180 root     -51   0       0      0      0 S   0.0   0.0   0:00.00 irq/191-tegra-p
    181 root       0 -20       0      0      0 I   0.0   0.0   0:00.00 nvme-wq
    182 root       0 -20       0      0      0 I   0.0   0.0   0:00.00 nvme-reset-wq
    183 root       0 -20       0      0      0 I   0.0   0.0   0:00.00 nvme-delete-wq
    192 root     -51   0       0      0      0 S   0.0   0.0   0:00.00 irq/191-aerdrv
    193 root     -51   0       0      0      0 S   0.0   0.0   0:00.00 irq/193-tegra-p
    196 root     -51   0       0      0      0 S   0.0   0.0   0:00.00 irq/193-aerdrv
    197 root     -51   0       0      0      0 S   0.0   0.0   0:00.00 irq/195-tegra-p
    199 root     -51   0       0      0      0 S   0.0   0.0   0:00.00 irq/232-nvme0q0
    200 root     -51   0       0      0      0 S   0.0   0.0   0:00.37 irq/233-nvme0q1
    201 root     -51   0       0      0      0 S   0.0   0.0   0:00.40 irq/234-nvme0q2
    202 root     -51   0       0      0      0 S   0.0   0.0   0:00.53 irq/235-nvme0q3
    203 root     -51   0       0      0      0 S   0.0   0.0   0:00.65 irq/236-nvme0q4
    204 root     -51   0       0      0      0 S   0.0   0.0   0:00.16 irq/237-nvme0q5
    205 root     -51   0       0      0      0 S   0.0   0.0   0:00.12 irq/238-nvme0q6
    211 root       0 -20       0      0      0 I   0.0   0.0   0:00.06 kworker/4:1H-kblockd
    212 root      20   0       0      0      0 S   0.0   0.0   0:01.44 jbd2/nvme0n1p1-
    213 root       0 -20       0      0      0 I   0.0   0.0   0:00.00 ext4-rsv-conver
    222 root       0 -20       0      0      0 I   0.0   0.0   0:00.00 mld
    223 root       0 -20       0      0      0 I   0.0   0.0   0:00.04 kworker/0:1H-kblockd
    224 root       0 -20       0      0      0 I   0.0   0.0   0:00.00 ipv6_addrconf
    256 root      19  -1   76560  38072  36444 S   0.0   0.5   0:29.05 systemd-journal
    278 root       0 -20       0      0      0 I   0.0   0.0   0:00.08 kworker/2:1H-kblockd
    280 root      39  19       0      0      0 S   0.0   0.0   0:01.64 nvmap-bz
    281 root     -51   0       0      0      0 S   0.0   0.0   0:00.00 irq/188-host1x_
    285 root     -51   0       0      0      0 S   0.0   0.0   0:00.00 irq/197-gk20a_s
    286 root     -51   0       0      0      0 S   0.0   0.0   0:00.02 irq/198-gk20a_s
    287 root     -51   0       0      0      0 S   0.0   0.0   0:00.03 irq/199-gk20a_s
    288 root     -51   0       0      0      0 S   0.0   0.0   0:00.00 irq/200-gk20a_n
    291 root       0 -20       0      0      0 I   0.0   0.0   0:00.06 kworker/5:1H-kblockd
    295 root      20   0   11116   3460   3204 S   0.0   0.0   0:00.00 nv-tee-supplica
    299 root      20   0   76588   1360   1248 S   0.0   0.0   0:00.01 tee-supplicant
    301 root       0 -20       0      0      0 I   0.0   0.0   0:00.00 optee_bus_scan
    303 root     -51   0       0      0      0 S   0.0   0.0   0:00.00 irq/189-tegra-p
    312 root      20   0   23732   6316   4080 S   0.0   0.1   0:26.84 systemd-udevd
    313 root     -51   0       0      0      0 S   0.0   0.0   0:00.00 irq/189-aerdrv
    314 root      20   0   23216   5820   3992 S   0.0   0.1   0:00.40 systemd-udevd
    315 root      20   0   23216   5020   3248 S   0.0   0.1   0:00.15 systemd-udevd
    316 root      20   0   23268   6252   4316 S   0.0   0.1   0:00.16 systemd-udevd
    317 root      20   0   23220   4364   2600 S   0.0   0.1   0:00.11 systemd-udevd
    318 root      20   0   23216   4480   2672 S   0.0   0.1   0:00.12 systemd-udevd
    319 root      20   0   23212   5820   3980 S   0.0   0.1   0:00.29 systemd-udevd
    320 root      20   0   23264   4688   2764 S   0.0   0.1   0:00.13 systemd-udevd
    321 root      20   0   23268   5072   3136 S   0.0   0.1   0:00.18 systemd-udevd
    322 root      20   0   23524   5520   3456 S   0.0   0.1   0:00.27 systemd-udevd
    323 root      20   0   23216   6296   4444 S   0.0   0.1   0:00.41 systemd-udevd
    324 root      20   0   23220   5196   3388 S   0.0   0.1   0:00.16 systemd-udevd
    325 root      20   0   23220   5820   3976 S   0.0   0.1   0:00.40 systemd-udevd
    326 root      20   0   23220   5252   3388 S   0.0   0.1   0:00.42 systemd-udevd
    327 root      20   0   23220   5504   3684 S   0.0   0.1   0:00.18 systemd-udevd
    330 root      20   0   23512   5728   3684 S   0.0   0.1   0:00.14 systemd-udevd
    331 root      20   0   24292   5540   2676 S   0.0   0.1   0:00.16 systemd-udevd
    333 root      20   0   23524   5596   3532 S   0.0   0.1   0:00.27 systemd-udevd
    334 root      20   0   23220   5584   3740 S   0.0   0.1   0:00.27 systemd-udevd
    335 root      20   0   23220   4504   2708 S   0.0   0.1   0:00.11 systemd-udevd
    336 root      20   0   23220   4696   2892 S   0.0   0.1   0:00.14 systemd-udevd
    337 root      20   0   23524   5056   2992 S   0.0   0.1   0:00.16 systemd-udevd
    339 root      20   0   23220   4980   3148 S   0.0   0.1   0:00.17 systemd-udevd
    340 root      20   0   23544   6732   4608 S   0.0   0.1   1:30.03 systemd-udevd
    341 root      20   0   23276   5328   3384 S   0.0   0.1   0:00.13 systemd-udevd
    342 root      20   0   23280   5176   3228 S   0.0   0.1   0:00.13 systemd-udevd
    343 root      20   0   23220   5988   4152 S   0.0   0.1   0:00.32 systemd-udevd
    344 root      20   0   23560   6700   4596 S   0.0   0.1   0:00.55 systemd-udevd
    345 root      20   0       0      0      0 S   0.0   0.0   0:00.00 15820000.crypto
    346 root      20   0       0      0      0 S   0.0   0.0   0:00.00 15840000.crypto
    368 root      20   0   23324   5984   4116 S   0.0   0.1   0:00.45 systemd-udevd
    417 root     -51   0       0      0      0 S   0.0   0.0   0:00.00 irq/219-bc00000
    419 root      -2   0       0      0      0 S   0.0   0.0   0:00.00 capture-control
    420 root      -2   0       0      0      0 S   0.0   0.0   0:00.00 capture
    422 root     -51   0       0      0      0 S   0.0   0.0   0:00.00 irq/214-tegra_d
    423 root     -51   0       0      0      0 S   0.0   0.0   0:00.00 irq/215-tegra_d
    424 root       0 -20       0      0      0 I   0.0   0.0   0:00.00 dce-async-ipc-w
    425 root     -51   0       0      0      0 S   0.0   0.0   0:00.00 irq/240-nvvrs-p
    427 root      20   0       0      0      0 S   0.0   0.0   0:00.00 nv_queue
    428 root      20   0       0      0      0 S   0.0   0.0   0:00.00 nv_queue
    483 root     -51   0       0      0      0 S   0.0   0.0   0:00.00 irq/118-3210000
    487 root      20   0       0      0      0 S   0.0   0.0   0:00.00 spi0
    495 root       0 -20       0      0      0 I   0.0   0.0   0:00.00 cfg80211
    497 root     -51   0       0      0      0 S   0.0   0.0   0:00.00 irq/119-3230000
    498 root      20   0       0      0      0 S   0.0   0.0   0:00.00 spi1
    584 root       0 -20       0      0      0 I   0.0   0.0   0:00.00 btfwwork
    650 root      20   0    8236   6424   1432 S   0.0   0.1   0:00.72 haveged
    653 _rpc      20   0    7932   2264   1912 S   0.0   0.0   0:00.03 rpcbind
    659 systemd+  20   0   26320  13580   8496 S   0.0   0.2   0:00.53 systemd-resolve
    662 systemd+  20   0   88880   6332   5484 S   0.0   0.1   0:00.15 systemd-timesyn
    826 avahi     20   0    8084   3108   2752 S   0.0   0.0   0:00.66 avahi-daemon
    827 root      20   0    9888   4552   4112 S   0.0   0.1   0:00.07 bluetoothd
    838 root      20   0   43504  19780  10232 S   0.0   0.3   0:00.15 networkd-dispat
    849 root      20   0  241652   9056   6312 S   0.0   0.1   0:00.59 power-profiles-
    859 root      20   0    2240    796    720 S   0.0   0.0   0:00.00 seatd
    865 root      20   0 2145956  51416  25768 S   0.0   0.7   0:36.75 snapd
    867 root      20   0  242124   7452   6576 S   0.0   0.1   0:02.12 accounts-daemon
    869 root      20   0  238128   6232   5620 S   0.0   0.1   0:00.04 switcheroo-cont
    871 root      20   0   48968   7620   6296 S   0.0   0.1   0:03.60 systemd-logind
    874 root      20   0  394188  13988   9476 S   0.0   0.2   0:01.03 udisksd
    875 root      20   0   16632   9928   8148 S   0.0   0.1   0:01.30 wpa_supplicant
    882 avahi     20   0    7812    356      0 S   0.0   0.0   0:00.00 avahi-daemon
    909 root      rt   0       0      0      0 S   0.0   0.0   0:50.11 sugov:4
    921 root      30  10   11248   3612   3220 S   0.0   0.0   0:08.47 wifi_mon.sh
    983 root      20   0    2460   1556   1380 S   0.0   0.0   0:08.23 nvfancontrol
   1049 root      20   0       0      0      0 S   0.0   0.0   0:00.00 sw-quiesce
   1052 root      20   0       0      0      0 S   0.0   0.0   0:20.92 nvgpu_channel_p
   1068 root      20   0       0      0      0 S   0.0   0.0   0:00.00 nvgpu_pg_init_g
   1087 root      20   0       0      0      0 S   0.0   0.0   0:00.00 nvgpu_clk_arb_p
   1117 root      20   0       0      0      0 S   0.0   0.0   0:07.68 RTW_CMD_THREAD
   1157 root      20   0   75936   9960   8136 S   0.0   0.1   0:00.01 nvargus-daemon
   1158 root      20   0   11116   3520   3220 S   0.0   0.0   0:00.08 nvmemwarning.sh
   1171 root      20   0   22192   1776   1580 S   0.0   0.0   0:00.00 nvs-service
   1181 ollama    20   0 2006720  39588  20072 S   0.0   0.5   0:01.07 ollama
   1195 root      20   0    2336   1408   1292 S   0.0   0.0   0:01.96 run-cups-browse
   1201 root      20   0    2336   1424   1296 S   0.0   0.0   0:02.02 run-cupsd
   1204 root      20   0       0      0      0 S   0.0   0.0   0:00.00 pr/ramoops-1
   1212 root      20   0 2093336  76348  33916 S   0.0   1.0   0:38.45 containerd
   1239 root      20   0   10772   2824   2576 S   0.0   0.0   0:00.06 cron
   1259 root      20   0  243128   8056   7012 S   0.0   0.1   0:00.02 gdm3
   1263 kernoops  20   0   12812    452      0 S   0.0   0.0   0:00.02 kerneloops
   1290 root      20   0    9468    800    724 S   0.0   0.0   0:00.00 agetty
   1291 kernoops  20   0   12812    452      0 S   0.0   0.0   0:00.02 kerneloops
   1293 root      20   0    9468    804    724 S   0.0   0.0   0:00.00 agetty
   1330 root      20   0  173408   8804   7628 S   0.0   0.1   0:00.02 gdm-session-wor
   1417 root      20   0       0      0      0 S   0.0   0.0   0:00.00 file-storage
   1426 root      20   0   15272   8368   6788 S   0.0   0.1   0:00.72 sshd
   1474 gdm       20   0   18120   9728   7360 S   0.0   0.1   0:00.46 systemd
   1478 root      20   0    3076    992    880 S   0.0   0.0   0:00.00 nvphsd
   1483 root      20   0    3208   1476   1316 S   0.0   0.0   0:00.00 nvphsd
   1497 gdm       20   0  106692   4552      0 S   0.0   0.1   0:00.00 (sd-pam)
   1588 root      20   0 2353004 116452  56964 S   0.0   1.5   0:27.69 dockerd
   1688 gdm        9 -11   41972   6472   5156 S   0.0   0.1   0:00.07 pipewire
   1689 gdm       20   0   25476   6428   5104 S   0.0   0.1   0:01.69 pipewire-media-
   1690 gdm        9 -11  891840  20748  12584 S   0.0   0.3   0:00.94 pulseaudio
   1695 gdm       20   0  163948   5472   4964 S   0.0   0.1   0:00.00 gdm-x-session
   1697 root      20   0   24.2g  80528  35884 S   0.0   1.0   0:02.02 Xorg
   1698 rtkit     21   1  153504   1588   1380 S   0.0   0.0   0:00.31 rtkit-daemon
   1729 gdm       20   0    8840   3600   3212 S   0.0   0.0   0:00.02 dbus-daemon
   1748 root      20   0       0      0      0 S   0.0   0.0   0:00.00 nvidia-modeset/
   1749 root      20   0       0      0      0 S   0.0   0.0   0:00.00 nvidia-modeset/
   1752 root      20   0       0      0      0 S   0.0   0.0   0:00.00 nvidia
   1753 root      20   0       0      0      0 S   0.0   0.0   0:00.00 nv_queue
   1790 root      20   0       0      0      0 S   0.0   0.0   0:00.00 nvidia-drm-nv-t
   1791 root     -51   0       0      0      0 S   0.0   0.0   0:00.00 card1-crtc0
   1792 root     -51   0       0      0      0 S   0.0   0.0   0:00.00 card1-crtc1
   1980 gdm       20   0    5876   1552   1344 S   0.0   0.0   0:00.00 dbus-run-sessio
   1983 gdm       20   0    9108   4440   3588 S   0.0   0.1   0:00.13 dbus-daemon
   2057 gdm       20   0  310068   8976   6272 S   0.0   0.1   0:00.00 at-spi-bus-laun
   2062 gdm       20   0    8692   3556   3168 S   0.0   0.0   0:00.00 dbus-daemon
   2092 gdm       20   0  237676   4964   4528 S   0.0   0.1   0:00.00 xdg-permission-
   2099 root      20   0  243852  10136   6984 S   0.0   0.1   0:00.47 upowerd
   2110 gdm       20   0 2812288  25716  20860 S   0.0   0.3   0:00.08 gjs
   2113 gdm       20   0  163144   7196   6428 S   0.0   0.1   0:00.02 at-spi2-registr
   2141 gdm       20   0  468748   9856   7940 S   0.0   0.1   0:01.96 gsd-sharing
   2146 gdm       20   0  338880  14892  12620 S   0.0   0.2   0:00.06 gsd-wacom
   2148 gdm       20   0  451616  18896  16480 S   0.0   0.2   0:00.22 gsd-color
   2150 gdm       20   0  412392  17092  13292 S   0.0   0.2   0:00.04 gsd-keyboard
   2152 gdm       20   0  316864  13188   6244 S   0.0   0.2   0:00.10 ibus-daemon
   2156 gdm       20   0  326124   9848   8488 S   0.0   0.1   0:00.02 gsd-print-notif
   2166 gdm       20   0  242216   6512   5848 S   0.0   0.1   0:00.01 gvfsd
   2168 gdm       20   0  459796   6140   5436 S   0.0   0.1   0:00.57 gsd-rfkill
   2170 gdm       20   0  388312   7432   6528 S   0.0   0.1   0:00.01 gsd-smartcard
   2173 gdm       20   0  380556  16508  12504 S   0.0   0.2   0:00.03 gsd-datetime
   2183 gdm       20   0  864216  20108  17428 S   0.0   0.3   0:00.52 gsd-media-keys
   2184 gdm       20   0  237936   4760   4376 S   0.0   0.1   0:00.01 gsd-screensaver
   2185 gdm       20   0  322096  10392   7320 S   0.0   0.1   0:00.02 gsd-sound
   2186 gdm       20   0  312416   8104   5476 S   0.0   0.1   0:00.01 gsd-a11y-settin
   2193 gdm       20   0  313996   8944   6152 S   0.0   0.1   0:00.97 gsd-housekeepin
   2195 gdm       20   0  450004  20288  15904 S   0.0   0.3   0:00.52 gsd-power
   2218 gdm       20   0  347052  12608  10748 S   0.0   0.2   0:00.03 gsd-printer
   2221 gdm       20   0  239040   6576   5948 S   0.0   0.1   0:00.00 ibus-dconf
   2233 gdm       20   0  238936   5920   5488 S   0.0   0.1   0:00.00 ibus-portal
   2263 colord    20   0  247516  14492   8720 S   0.0   0.2   0:00.27 colord
   2285 gdm       20   0 2812300  27868  20904 S   0.0   0.4   0:00.09 gjs
   2349 gdm       20   0  165096   6516   5892 S   0.0   0.1   0:00.01 ibus-engine-sim
   2508 root      20   0  136716  13172   9512 S   0.0   0.2   0:00.70 cupsd
  11687 jetson    20   0   18140   9764   7368 S   0.0   0.1   0:00.37 systemd
  11688 jetson    20   0  172512   4632      0 S   0.0   0.1   0:00.00 (sd-pam)
  11696 jetson    20   0   41976   6552   5228 S   0.0   0.1   0:00.06 pipewire
  11697 jetson    20   0   25484   6724   5388 S   0.0   0.1   0:01.86 pipewire-media-
  11749 jetson    20   0    8888   4168   3672 S   0.0   0.1   0:00.03 dbus-daemon
  13234 jetson    20   0  203640  35476  13212 S   0.0   0.5   0:00.75 ros2
  13236 jetson    20   0 2070472  36080  17228 S   0.0   0.5   0:00.90 docker
  13265 root      20   0 1232976  11076   5960 S   0.0   0.1   0:02.38 containerd-shim
  13294 root      20   0   49400  29204  14412 S   0.0   0.4   0:00.40 ros2
  90870 root      20   0       0      0      0 I   0.0   0.0   0:23.05 kworker/u12:11-events_unbound
 100141 root      20   0       0      0      0 I   0.0   0.0   0:22.80 kworker/u12:6-events_unbound
 284193 root      20   0       0      0      0 I   0.0   0.0   0:13.21 kworker/u12:3-events_freezable_power_
 407770 root      20   0       0      0      0 I   0.0   0.0   0:09.19 kworker/u12:9-events_freezable_power_
 465092 root      20   0  238836   6948   5700 S   0.0   0.1   0:01.12 iio-sensor-prox
 481530 root       0 -20       0      0      0 I   0.0   0.0   0:07.87 kworker/u13:3-uvcvideo
 494770 root      20   0 1233488  12520   6732 S   0.0   0.2   0:08.92 containerd-shim
 494799 jetson    20   0    5508    792    704 S   0.0   0.0   0:00.21 sleep
 494879 root      20   0   21756   3352   1840 S   0.0   0.0   0:01.00 systemd-udevd
 509136 root      20   0       0      0      0 I   0.0   0.0   0:03.67 kworker/u12:5-events_freezable_power_
 512501 root      20   0       0      0      0 I   0.0   0.0   0:00.21 kworker/4:0-events
 513123 jetson    20   0  572504  38640  13228 S   0.0   0.5   0:01.14 ros2
 513219 root      20   0   21752   3192   1712 S   0.0   0.0   0:00.00 systemd-udevd
 513220 root      20   0   21760   3352   1840 S   0.0   0.0   0:00.00 systemd-udevd
 513233 root      20   0   21760   3356   1840 S   0.0   0.0   0:00.00 systemd-udevd
 513234 root      20   0   21760   3356   1840 S   0.0   0.0   0:00.00 systemd-udevd
 513235 root      20   0   21760   3336   1840 S   0.0   0.0   0:00.00 systemd-udevd
 513236 root      20   0   21760   3352   1840 S   0.0   0.0   0:00.00 systemd-udevd
 513237 root      20   0   21760   3336   1840 S   0.0   0.0   0:00.00 systemd-udevd
 513250 root      20   0   21760   4428   2868 S   0.0   0.1   0:05.97 systemd-udevd
 513251 root      20   0   21760   3840   2288 S   0.0   0.0   0:00.00 systemd-udevd
 513265 root      20   0   21760   4056   2496 S   0.0   0.1   0:00.00 systemd-udevd
 513266 root      20   0   21760   3244   1712 S   0.0   0.0   0:00.00 systemd-udevd
 513437 jetson    20   0  129772  36180  13228 S   0.0   0.5   0:00.78 ros2
 536340 root      20   0       0      0      0 I   0.0   0.0   0:00.15 kworker/1:1-cgroup_destroy
 536745 root       0 -20       0      0      0 I   0.0   0.0   0:05.51 kworker/u13:4-uvcvideo
 538507 root      20   0       0      0      0 I   0.0   0.0   0:00.18 kworker/0:0-events
 550304 root      20   0       0      0      0 I   0.0   0.0   0:00.30 kworker/5:0-events
 562560 root      20   0       0      0      0 I   0.0   0.0   0:01.72 kworker/u12:1-events_unbound
 568778 root      20   0       0      0      0 I   0.0   0.0   0:00.00 kworker/2:0-cgroup_destroy
 576600 root      20   0       0      0      0 I   0.0   0.0   0:00.18 kworker/3:0-events
 576729 root      20   0       0      0      0 I   0.0   0.0   0:00.08 kworker/5:1-pm
 576909 root      20   0       0      0      0 I   0.0   0.0   0:00.02 kworker/4:1-events
 582730 root      20   0       0      0      0 I   0.0   0.0   0:01.29 kworker/u12:2-events_freezable_power_
 589172 root      20   0       0      0      0 I   0.0   0.0   0:00.71 kworker/u12:10-events_unbound
 590592 root      20   0       0      0      0 I   0.0   0.0   0:00.00 kworker/0:2-cgroup_destroy
 591089 root       0 -20       0      0      0 I   0.0   0.0   0:02.94 kworker/u13:1-uvcvideo
 602672 root      20   0       0      0      0 I   0.0   0.0   0:00.07 kworker/1:3-events
 608435 root      20   0       0      0      0 I   0.0   0.0   0:00.00 kworker/3:2-events
 608538 root      20   0       0      0      0 I   0.0   0.0   0:00.00 kworker/2:2-events
 609021 jetson    20   0  796964  40120  13228 S   0.0   0.5   0:01.28 ros2
 609103 jetson    20   0   11248   3076   2756 S   0.0   0.0   0:00.24 bash
 609212 root      20   0       0      0      0 I   0.0   0.0   0:00.04 kworker/0:1-events
 609220 jetson    20   0   53568  30340  15008 S   0.0   0.4   0:00.41 ros2
 613727 root      20   0    9436    780    704 S   0.0   0.0   0:00.00 sleep
 615420 root      20   0       0      0      0 I   0.0   0.0   0:00.01 kworker/4:2-events
 617319 root      20   0       0      0      0 I   0.0   0.0   0:00.00 kworker/0:3-cgroup_destroy
 621315 root      20   0       0      0      0 I   0.0   0.0   0:00.00 kworker/1:0-events
 621531 root      20   0       0      0      0 I   0.0   0.0   0:00.00 kworker/5:2-events
 622272 root      20   0       0      0      0 I   0.0   0.0   0:00.00 kworker/u12:7-devfreq_wq
 623951 jetson    20   0   11248   3292   2852 S   0.0   0.0   0:00.03 bash
 626491 root      30  10    9436    776    696 S   0.0   0.0   0:00.00 sleep
 626884 jetson    20   0   11248   3292   2860 S   0.0   0.0   0:00.01 bash
 626970 jetson    20   0    2872    896    800 S   0.0   0.0   0:00.01 tegrastats
 627202 jetson    20   0    9480    808    724 S   0.0   0.0   0:00.00 tail

top - 15:55:48 up  6:18,  0 users,  load average: 10.98, 8.67, 6.88
Tasks: 351 total,   5 running, 346 sleeping,   0 stopped,   0 zombie
%Cpu(s): 43.8 us, 27.2 sy,  0.0 ni, 21.7 id,  0.0 wa,  2.6 hi,  4.7 si,  0.0 st
MiB Mem :   7607.4 total,   2412.7 free,   2175.6 used,   3019.1 buff/cache
MiB Swap:   3803.7 total,   3803.7 free,      0.0 used.   5114.8 avail Mem 

    PID USER      PR  NI    VIRT    RES    SHR S  %CPU  %MEM     TIME+ COMMAND
  13320 root      20   0 1300496  44944  11392 S  65.3   0.6  30:10.85 micro_ros_agent
 627201 jetson    20   0  713520  62952  27524 R  61.9   0.8   0:01.40 python3
 513359 jetson    20   0  709132  64972  27276 R  31.7   0.8  14:10.71 python3
 609244 jetson    20   0 9351828 401156  83868 S  23.8   5.1   0:57.49 nvblox_node
 626968 jetson    20   0  764024  55912  25372 S  23.3   0.7   0:01.70 ros2
 513125 jetson    20   0 1750824 109316  51324 S  17.8   1.4   5:32.38 realsense2_came
 513133 jetson    20   0 1082972  60220  26368 S  16.8   0.8   1:14.71 foxglove_bridge
 513129 jetson    20   0  432964  27132  14244 S  16.3   0.3   6:28.80 rplidar_node
 609065 jetson    20   0  457116  46344  26216 R  15.3   0.6   0:34.68 bt_navigator
 609086 jetson    20   0  577388  31744  16252 S  15.3   0.4   0:40.48 lifecycle_manag
 609057 jetson    20   0  889300  48328  23464 S  13.4   0.6   0:37.77 controller_serv
 609061 jetson    20   0  988576  70088  24476 S  13.4   0.9   0:37.12 planner_server
 609063 jetson    20   0  516308  35148  21032 R  13.4   0.5   0:28.42 behavior_server
 513361 jetson    20   0  506336  34940  18388 S  12.9   0.4   4:31.30 ekf_node
 513131 jetson    20   0  708060  64032  27388 S  11.4   0.8   3:27.31 python3
 609059 jetson    20   0  582484  34196  18844 S  10.4   0.4   0:24.04 smoother_server
 609067 jetson    20   0  431292  29316  17020 S   9.9   0.4   0:20.40 waypoint_follow
 609077 jetson    20   0  428704  29676  15956 S   9.9   0.4   0:20.48 velocity_smooth
 513439 jetson    20   0  903324  49848  24060 S   7.9   0.6   1:30.63 async_slam_tool
 609055 jetson    20   0  709540  62092  27352 S   7.9   0.8   0:18.58 python3
 513127 jetson    20   0  710644  65280  27232 S   6.9   0.8   2:01.51 python3
  13238 jetson    20   0  428524  31584  15828 S   5.0   0.4   2:21.98 robot_state_pub
  11931 jetson    20   0  707268  63144  26432 S   4.5   0.8   2:16.32 python3
 626969 jetson    20   0   14340   3376   2764 R   1.5   0.0   0:00.09 top
    909 root      rt   0       0      0      0 S   1.0   0.0   0:50.13 sugov:4
   1588 root      20   0 2353004 116452  56964 S   1.0   1.5   0:27.71 dockerd
 418183 root       0 -20       0      0      0 I   1.0   0.0   0:12.95 kworker/u13:0-uvcvideo
    256 root      19  -1   76560  38072  36444 S   0.5   0.5   0:29.06 systemd-journal
    340 root      20   0   23544   6732   4608 S   0.5   0.1   1:30.04 systemd-udevd
   1052 root      20   0       0      0      0 S   0.5   0.0   0:20.93 nvgpu_channel_p
 417230 root      20   0       0      0      0 I   0.5   0.0   0:07.52 kworker/u12:0-events_freezable_power_
 494770 root      20   0 1233488  12520   6732 S   0.5   0.2   0:08.93 containerd-shim
 513123 jetson    20   0  572504  38640  13228 S   0.5   0.5   0:01.15 ros2
 582730 root      20   0       0      0      0 I   0.5   0.0   0:01.30 kworker/u12:2-events_freezable_power_
 589172 root      20   0       0      0      0 I   0.5   0.0   0:00.72 kworker/u12:10-events_freezable_power_
 626970 jetson    20   0    2872    896    800 S   0.5   0.0   0:00.02 tegrastats
      1 root      20   0  167628  11768   7448 S   0.0   0.2   0:29.32 systemd
      2 root      20   0       0      0      0 S   0.0   0.0   0:00.03 kthreadd
      3 root       0 -20       0      0      0 I   0.0   0.0   0:00.00 rcu_gp
      4 root       0 -20       0      0      0 I   0.0   0.0   0:00.00 rcu_par_gp
      5 root       0 -20       0      0      0 I   0.0   0.0   0:00.00 slub_flushwq
      6 root       0 -20       0      0      0 I   0.0   0.0   0:00.00 netns
      8 root       0 -20       0      0      0 I   0.0   0.0   0:00.00 kworker/0:0H-events_highpri
     10 root       0 -20       0      0      0 I   0.0   0.0   0:00.00 mm_percpu_wq
     11 root      20   0       0      0      0 S   0.0   0.0   0:00.00 rcu_tasks_kthre
     12 root      20   0       0      0      0 S   0.0   0.0   0:00.00 rcu_tasks_rude_
     13 root      20   0       0      0      0 S   0.0   0.0   0:00.00 rcu_tasks_trace
     14 root      20   0       0      0      0 S   0.0   0.0   0:22.54 ksoftirqd/0
     15 root      20   0       0      0      0 I   0.0   0.0   0:09.95 rcu_preempt
     16 root      rt   0       0      0      0 S   0.0   0.0   0:00.02 migration/0
     17 root      20   0       0      0      0 S   0.0   0.0   0:00.00 cpuhp/0
     18 root      20   0       0      0      0 S   0.0   0.0   0:00.00 cpuhp/1
     19 root      rt   0       0      0      0 S   0.0   0.0   0:00.03 migration/1
     20 root      20   0       0      0      0 S   0.0   0.0   0:01.60 ksoftirqd/1
     22 root       0 -20       0      0      0 I   0.0   0.0   0:00.00 kworker/1:0H-events_highpri
     23 root      20   0       0      0      0 S   0.0   0.0   0:00.00 cpuhp/2
     24 root      rt   0       0      0      0 S   0.0   0.0   0:00.02 migration/2
     25 root      20   0       0      0      0 S   0.0   0.0   0:01.61 ksoftirqd/2
     27 root       0 -20       0      0      0 I   0.0   0.0   0:00.00 kworker/2:0H-events_highpri
     28 root      20   0       0      0      0 S   0.0   0.0   0:00.00 cpuhp/3
     29 root      rt   0       0      0      0 S   0.0   0.0   0:00.02 migration/3
     30 root      20   0       0      0      0 S   0.0   0.0   0:01.49 ksoftirqd/3
     32 root       0 -20       0      0      0 I   0.0   0.0   0:00.00 kworker/3:0H-events_highpri
     33 root      20   0       0      0      0 S   0.0   0.0   0:00.00 cpuhp/4
     34 root      rt   0       0      0      0 S   0.0   0.0   0:00.06 migration/4
     35 root      20   0       0      0      0 S   0.0   0.0   0:01.11 ksoftirqd/4
     37 root       0 -20       0      0      0 I   0.0   0.0   0:00.00 kworker/4:0H-kblockd
     38 root      20   0       0      0      0 S   0.0   0.0   0:00.00 cpuhp/5
     39 root      rt   0       0      0      0 S   0.0   0.0   0:00.07 migration/5
     40 root      20   0       0      0      0 S   0.0   0.0   0:01.16 ksoftirqd/5
     42 root       0 -20       0      0      0 I   0.0   0.0   0:00.00 kworker/5:0H-events_highpri
     43 root      20   0       0      0      0 S   0.0   0.0   0:00.01 kdevtmpfs
     44 root       0 -20       0      0      0 I   0.0   0.0   0:00.00 inet_frag_wq
     51 root      20   0       0      0      0 S   0.0   0.0   0:00.00 kauditd
     52 root      20   0       0      0      0 S   0.0   0.0   0:00.00 oom_reaper
     53 root       0 -20       0      0      0 I   0.0   0.0   0:00.00 writeback
     54 root      20   0       0      0      0 S   0.0   0.0   0:00.18 kcompactd0
     55 root      25   5       0      0      0 S   0.0   0.0   0:00.00 ksmd
     56 root      39  19       0      0      0 S   0.0   0.0   0:02.04 khugepaged
     67 root       0 -20       0      0      0 I   0.0   0.0   0:00.00 cryptd
     86 root       0 -20       0      0      0 I   0.0   0.0   0:00.00 kintegrityd
     87 root       0 -20       0      0      0 I   0.0   0.0   0:00.00 kblockd
     88 root       0 -20       0      0      0 I   0.0   0.0   0:00.00 blkcg_punt_bio
     89 root       0 -20       0      0      0 I   0.0   0.0   0:00.00 tpm_dev_wq
     90 root       0 -20       0      0      0 I   0.0   0.0   0:00.00 ata_sff
     91 root       0 -20       0      0      0 I   0.0   0.0   0:00.00 edac-poller
     92 root       0 -20       0      0      0 I   0.0   0.0   0:00.00 devfreq_wq
     93 root     -51   0       0      0      0 S   0.0   0.0   0:00.00 watchdogd
     96 root       0 -20       0      0      0 I   0.0   0.0   0:00.06 kworker/1:1H-kblockd
     97 root       0 -20       0      0      0 I   0.0   0.0   0:00.00 rpciod
     99 root       0 -20       0      0      0 I   0.0   0.0   0:00.00 xprtiod
    127 root      20   0       0      0      0 S   0.0   0.0   0:00.00 kswapd0
    128 root       0 -20       0      0      0 I   0.0   0.0   0:00.00 nfsiod
    132 root       0 -20       0      0      0 I   0.0   0.0   0:00.00 vfio-irqfd-clea
    133 root       0 -20       0      0      0 I   0.0   0.0   0:00.00 bch_btree_io
    134 root       0 -20       0      0      0 I   0.0   0.0   0:00.00 bcache
    135 root       0 -20       0      0      0 I   0.0   0.0   0:00.00 bch_journal
    136 root       0 -20       0      0      0 I   0.0   0.0   0:00.00 dm_bufio_cache
    139 root      20   0       0      0      0 I   0.0   0.0   0:01.86 kworker/2:3-events
    140 root      10 -10       0      0      0 S   0.0   0.0   0:00.00 krfcommd
    141 root      20   0       0      0      0 S   0.0   0.0   0:00.01 pr/tty0
    142 root      20   0       0      0      0 S   0.0   0.0   0:03.09 pr/ttyTCU0
    145 root     -51   0       0      0      0 S   0.0   0.0   0:00.00 irq/114-3160000
    147 root     -51   0       0      0      0 S   0.0   0.0   0:00.00 irq/115-3180000
    149 root     -51   0       0      0      0 S   0.0   0.0   0:00.00 irq/116-31b0000
    150 root     -51   0       0      0      0 S   0.0   0.0   0:00.02 irq/167-c240000
    151 root     -51   0       0      0      0 S   0.0   0.0   0:00.00 irq/168-c250000
    152 root     -51   0       0      0      0 S   0.0   0.0   0:00.00 irq/125-3610000
    153 root     -51   0       0      0      0 S   0.0   0.0   0:00.00 irq/122-3610000
    155 root       0 -20       0      0      0 I   0.0   0.0   0:00.00 sdhci
    156 root     -51   0       0      0      0 S   0.0   0.0   0:00.00 irq/120-mmc0
    157 root     -51   0       0      0      0 S   0.0   0.0   0:00.00 irq/230-3400000
    174 root       0 -20       0      0      0 I   0.0   0.0   0:00.06 kworker/3:1H-kblockd
    180 root     -51   0       0      0      0 S   0.0   0.0   0:00.00 irq/191-tegra-p
    181 root       0 -20       0      0      0 I   0.0   0.0   0:00.00 nvme-wq
    182 root       0 -20       0      0      0 I   0.0   0.0   0:00.00 nvme-reset-wq
    183 root       0 -20       0      0      0 I   0.0   0.0   0:00.00 nvme-delete-wq
    192 root     -51   0       0      0      0 S   0.0   0.0   0:00.00 irq/191-aerdrv
    193 root     -51   0       0      0      0 S   0.0   0.0   0:00.00 irq/193-tegra-p
    196 root     -51   0       0      0      0 S   0.0   0.0   0:00.00 irq/193-aerdrv
    197 root     -51   0       0      0      0 S   0.0   0.0   0:00.00 irq/195-tegra-p
    199 root     -51   0       0      0      0 S   0.0   0.0   0:00.00 irq/232-nvme0q0
    200 root     -51   0       0      0      0 S   0.0   0.0   0:00.37 irq/233-nvme0q1
    201 root     -51   0       0      0      0 S   0.0   0.0   0:00.40 irq/234-nvme0q2
    202 root     -51   0       0      0      0 S   0.0   0.0   0:00.53 irq/235-nvme0q3
    203 root     -51   0       0      0      0 S   0.0   0.0   0:00.65 irq/236-nvme0q4
    204 root     -51   0       0      0      0 S   0.0   0.0   0:00.16 irq/237-nvme0q5
    205 root     -51   0       0      0      0 S   0.0   0.0   0:00.12 irq/238-nvme0q6
    211 root       0 -20       0      0      0 I   0.0   0.0   0:00.06 kworker/4:1H-kblockd
    212 root      20   0       0      0      0 S   0.0   0.0   0:01.44 jbd2/nvme0n1p1-
    213 root       0 -20       0      0      0 I   0.0   0.0   0:00.00 ext4-rsv-conver
    222 root       0 -20       0      0      0 I   0.0   0.0   0:00.00 mld
    223 root       0 -20       0      0      0 I   0.0   0.0   0:00.04 kworker/0:1H-kblockd
    224 root       0 -20       0      0      0 I   0.0   0.0   0:00.00 ipv6_addrconf
    278 root       0 -20       0      0      0 I   0.0   0.0   0:00.08 kworker/2:1H-kblockd
    280 root      39  19       0      0      0 S   0.0   0.0   0:01.64 nvmap-bz
    281 root     -51   0       0      0      0 S   0.0   0.0   0:00.00 irq/188-host1x_
    285 root     -51   0       0      0      0 S   0.0   0.0   0:00.00 irq/197-gk20a_s
    286 root     -51   0       0      0      0 S   0.0   0.0   0:00.02 irq/198-gk20a_s
    287 root     -51   0       0      0      0 S   0.0   0.0   0:00.03 irq/199-gk20a_s
    288 root     -51   0       0      0      0 S   0.0   0.0   0:00.00 irq/200-gk20a_n
    291 root       0 -20       0      0      0 I   0.0   0.0   0:00.06 kworker/5:1H-kblockd
    295 root      20   0   11116   3460   3204 S   0.0   0.0   0:00.00 nv-tee-supplica
    299 root      20   0   76588   1360   1248 S   0.0   0.0   0:00.01 tee-supplicant
    301 root       0 -20       0      0      0 I   0.0   0.0   0:00.00 optee_bus_scan
    303 root     -51   0       0      0      0 S   0.0   0.0   0:00.00 irq/189-tegra-p
    312 root      20   0   23732   6316   4080 S   0.0   0.1   0:26.84 systemd-udevd
    313 root     -51   0       0      0      0 S   0.0   0.0   0:00.00 irq/189-aerdrv
    314 root      20   0   23216   5820   3992 S   0.0   0.1   0:00.40 systemd-udevd
    315 root      20   0   23216   5020   3248 S   0.0   0.1   0:00.15 systemd-udevd
    316 root      20   0   23268   6252   4316 S   0.0   0.1   0:00.16 systemd-udevd
    317 root      20   0   23220   4364   2600 S   0.0   0.1   0:00.11 systemd-udevd
    318 root      20   0   23216   4480   2672 S   0.0   0.1   0:00.12 systemd-udevd
    319 root      20   0   23212   5820   3980 S   0.0   0.1   0:00.29 systemd-udevd
    320 root      20   0   23264   4688   2764 S   0.0   0.1   0:00.13 systemd-udevd
    321 root      20   0   23268   5072   3136 S   0.0   0.1   0:00.18 systemd-udevd
    322 root      20   0   23524   5520   3456 S   0.0   0.1   0:00.27 systemd-udevd
    323 root      20   0   23216   6296   4444 S   0.0   0.1   0:00.41 systemd-udevd
    324 root      20   0   23220   5196   3388 S   0.0   0.1   0:00.16 systemd-udevd
    325 root      20   0   23220   5820   3976 S   0.0   0.1   0:00.40 systemd-udevd
    326 root      20   0   23220   5252   3388 S   0.0   0.1   0:00.42 systemd-udevd
    327 root      20   0   23220   5504   3684 S   0.0   0.1   0:00.18 systemd-udevd
    330 root      20   0   23512   5728   3684 S   0.0   0.1   0:00.14 systemd-udevd
    331 root      20   0   24292   5540   2676 S   0.0   0.1   0:00.16 systemd-udevd
    333 root      20   0   23524   5596   3532 S   0.0   0.1   0:00.27 systemd-udevd
    334 root      20   0   23220   5584   3740 S   0.0   0.1   0:00.27 systemd-udevd
    335 root      20   0   23220   4504   2708 S   0.0   0.1   0:00.11 systemd-udevd
    336 root      20   0   23220   4696   2892 S   0.0   0.1   0:00.14 systemd-udevd
    337 root      20   0   23524   5056   2992 S   0.0   0.1   0:00.16 systemd-udevd
    339 root      20   0   23220   4980   3148 S   0.0   0.1   0:00.17 systemd-udevd
    341 root      20   0   23276   5328   3384 S   0.0   0.1   0:00.13 systemd-udevd
    342 root      20   0   23280   5176   3228 S   0.0   0.1   0:00.13 systemd-udevd
    343 root      20   0   23220   5988   4152 S   0.0   0.1   0:00.32 systemd-udevd
    344 root      20   0   23560   6700   4596 S   0.0   0.1   0:00.55 systemd-udevd
    345 root      20   0       0      0      0 S   0.0   0.0   0:00.00 15820000.crypto
    346 root      20   0       0      0      0 S   0.0   0.0   0:00.00 15840000.crypto
    368 root      20   0   23324   5984   4116 S   0.0   0.1   0:00.45 systemd-udevd
    417 root     -51   0       0      0      0 S   0.0   0.0   0:00.00 irq/219-bc00000
    419 root      -2   0       0      0      0 S   0.0   0.0   0:00.00 capture-control
    420 root      -2   0       0      0      0 S   0.0   0.0   0:00.00 capture
    422 root     -51   0       0      0      0 S   0.0   0.0   0:00.00 irq/214-tegra_d
    423 root     -51   0       0      0      0 S   0.0   0.0   0:00.00 irq/215-tegra_d
    424 root       0 -20       0      0      0 I   0.0   0.0   0:00.00 dce-async-ipc-w
    425 root     -51   0       0      0      0 S   0.0   0.0   0:00.00 irq/240-nvvrs-p
    427 root      20   0       0      0      0 S   0.0   0.0   0:00.00 nv_queue
    428 root      20   0       0      0      0 S   0.0   0.0   0:00.00 nv_queue
    483 root     -51   0       0      0      0 S   0.0   0.0   0:00.00 irq/118-3210000
    487 root      20   0       0      0      0 S   0.0   0.0   0:00.00 spi0
    495 root       0 -20       0      0      0 I   0.0   0.0   0:00.00 cfg80211
    497 root     -51   0       0      0      0 S   0.0   0.0   0:00.00 irq/119-3230000
    498 root      20   0       0      0      0 S   0.0   0.0   0:00.00 spi1
    584 root       0 -20       0      0      0 I   0.0   0.0   0:00.00 btfwwork
    650 root      20   0    8236   6424   1432 S   0.0   0.1   0:00.72 haveged
    653 _rpc      20   0    7932   2264   1912 S   0.0   0.0   0:00.03 rpcbind
    659 systemd+  20   0   26320  13580   8496 S   0.0   0.2   0:00.53 systemd-resolve
    662 systemd+  20   0   88880   6332   5484 S   0.0   0.1   0:00.15 systemd-timesyn
    826 avahi     20   0    8084   3108   2752 S   0.0   0.0   0:00.66 avahi-daemon
    827 root      20   0    9888   4552   4112 S   0.0   0.1   0:00.07 bluetoothd
    828 message+  20   0   10496   5632   3584 S   0.0   0.1   0:42.35 dbus-daemon
    829 root      20   0  264864  18900  14872 S   0.0   0.2   0:38.64 NetworkManager
    838 root      20   0   43504  19780  10232 S   0.0   0.3   0:00.15 networkd-dispat
    849 root      20   0  241652   9056   6312 S   0.0   0.1   0:00.59 power-profiles-
    854 syslog    20   0  222160   5012   3672 S   0.0   0.1   0:05.52 rsyslogd
    859 root      20   0    2240    796    720 S   0.0   0.0   0:00.00 seatd
    865 root      20   0 2145956  51416  25768 S   0.0   0.7   0:36.75 snapd
    867 root      20   0  242124   7452   6576 S   0.0   0.1   0:02.12 accounts-daemon
    869 root      20   0  238128   6232   5620 S   0.0   0.1   0:00.04 switcheroo-cont
    871 root      20   0   48968   7620   6296 S   0.0   0.1   0:03.60 systemd-logind
    874 root      20   0  394188  13988   9476 S   0.0   0.2   0:01.03 udisksd
    875 root      20   0   16632   9928   8148 S   0.0   0.1   0:01.30 wpa_supplicant
    882 avahi     20   0    7812    356      0 S   0.0   0.0   0:00.00 avahi-daemon
    904 root      rt   0       0      0      0 S   0.0   0.0   1:47.32 sugov:0
    921 root      30  10   11248   3612   3220 S   0.0   0.0   0:08.47 wifi_mon.sh
    969 root      20   0  237044  10468   6400 S   0.0   0.1   3:05.10 polkitd
    983 root      20   0    2460   1556   1380 S   0.0   0.0   0:08.23 nvfancontrol
   1049 root      20   0       0      0      0 S   0.0   0.0   0:00.00 sw-quiesce
   1068 root      20   0       0      0      0 S   0.0   0.0   0:00.00 nvgpu_pg_init_g
   1087 root      20   0       0      0      0 S   0.0   0.0   0:00.00 nvgpu_clk_arb_p
   1117 root      20   0       0      0      0 S   0.0   0.0   0:07.68 RTW_CMD_THREAD
   1157 root      20   0   75936   9960   8136 S   0.0   0.1   0:00.01 nvargus-daemon
   1158 root      20   0   11116   3520   3220 S   0.0   0.0   0:00.08 nvmemwarning.sh
   1171 root      20   0   22192   1776   1580 S   0.0   0.0   0:00.00 nvs-service
   1181 ollama    20   0 2006720  39588  20072 S   0.0   0.5   0:01.07 ollama
   1195 root      20   0    2336   1408   1292 S   0.0   0.0   0:01.96 run-cups-browse
   1201 root      20   0    2336   1424   1296 S   0.0   0.0   0:02.02 run-cupsd
   1204 root      20   0       0      0      0 S   0.0   0.0   0:00.00 pr/ramoops-1
   1212 root      20   0 2093336  76348  33916 S   0.0   1.0   0:38.45 containerd
   1239 root      20   0   10772   2824   2576 S   0.0   0.0   0:00.06 cron
   1259 root      20   0  243128   8056   7012 S   0.0   0.1   0:00.02 gdm3
   1263 kernoops  20   0   12812    452      0 S   0.0   0.0   0:00.02 kerneloops
   1290 root      20   0    9468    800    724 S   0.0   0.0   0:00.00 agetty
   1291 kernoops  20   0   12812    452      0 S   0.0   0.0   0:00.02 kerneloops
   1293 root      20   0    9468    804    724 S   0.0   0.0   0:00.00 agetty
   1330 root      20   0  173408   8804   7628 S   0.0   0.1   0:00.02 gdm-session-wor
   1417 root      20   0       0      0      0 S   0.0   0.0   0:00.00 file-storage
   1426 root      20   0   15272   8368   6788 S   0.0   0.1   0:00.72 sshd
   1474 gdm       20   0   18120   9728   7360 S   0.0   0.1   0:00.46 systemd
   1478 root      20   0    3076    992    880 S   0.0   0.0   0:00.00 nvphsd
   1483 root      20   0    3208   1476   1316 S   0.0   0.0   0:00.00 nvphsd
   1497 gdm       20   0  106692   4552      0 S   0.0   0.1   0:00.00 (sd-pam)
   1688 gdm        9 -11   41972   6472   5156 S   0.0   0.1   0:00.07 pipewire
   1689 gdm       20   0   25476   6428   5104 S   0.0   0.1   0:01.69 pipewire-media-
   1690 gdm        9 -11  891840  20748  12584 S   0.0   0.3   0:00.94 pulseaudio
   1695 gdm       20   0  163948   5472   4964 S   0.0   0.1   0:00.00 gdm-x-session
   1697 root      20   0   24.2g  80528  35884 S   0.0   1.0   0:02.02 Xorg
   1698 rtkit     21   1  153504   1588   1380 S   0.0   0.0   0:00.31 rtkit-daemon
   1729 gdm       20   0    8840   3600   3212 S   0.0   0.0   0:00.02 dbus-daemon
   1748 root      20   0       0      0      0 S   0.0   0.0   0:00.00 nvidia-modeset/
   1749 root      20   0       0      0      0 S   0.0   0.0   0:00.00 nvidia-modeset/
   1752 root      20   0       0      0      0 S   0.0   0.0   0:00.00 nvidia
   1753 root      20   0       0      0      0 S   0.0   0.0   0:00.00 nv_queue
   1790 root      20   0       0      0      0 S   0.0   0.0   0:00.00 nvidia-drm-nv-t
   1791 root     -51   0       0      0      0 S   0.0   0.0   0:00.00 card1-crtc0
   1792 root     -51   0       0      0      0 S   0.0   0.0   0:00.00 card1-crtc1
   1980 gdm       20   0    5876   1552   1344 S   0.0   0.0   0:00.00 dbus-run-sessio
   1983 gdm       20   0    9108   4440   3588 S   0.0   0.1   0:00.13 dbus-daemon
   2035 gdm       20   0  597840  17824  12972 S   0.0   0.2   0:01.00 gnome-session-b
   2057 gdm       20   0  310068   8976   6272 S   0.0   0.1   0:00.00 at-spi-bus-laun
   2062 gdm       20   0    8692   3556   3168 S   0.0   0.0   0:00.00 dbus-daemon
   2071 gdm       20   0 3471500 137260  73260 S   0.0   1.8   0:47.04 gnome-shell
   2092 gdm       20   0  237676   4964   4528 S   0.0   0.1   0:00.00 xdg-permission-
   2099 root      20   0  243852  10136   6984 S   0.0   0.1   0:00.47 upowerd
   2106 root      20   0  301608  19332  16408 S   0.0   0.2   0:01.56 packagekitd
   2110 gdm       20   0 2812288  25716  20860 S   0.0   0.3   0:00.08 gjs
   2113 gdm       20   0  163144   7196   6428 S   0.0   0.1   0:00.02 at-spi2-registr
   2141 gdm       20   0  468748   9856   7940 S   0.0   0.1   0:01.96 gsd-sharing
   2146 gdm       20   0  338880  14892  12620 S   0.0   0.2   0:00.06 gsd-wacom
   2148 gdm       20   0  451616  18896  16480 S   0.0   0.2   0:00.22 gsd-color
   2150 gdm       20   0  412392  17092  13292 S   0.0   0.2   0:00.04 gsd-keyboard
   2152 gdm       20   0  316864  13188   6244 S   0.0   0.2   0:00.10 ibus-daemon
   2156 gdm       20   0  326124   9848   8488 S   0.0   0.1   0:00.02 gsd-print-notif
   2166 gdm       20   0  242216   6512   5848 S   0.0   0.1   0:00.01 gvfsd
   2168 gdm       20   0  459796   6140   5436 S   0.0   0.1   0:00.57 gsd-rfkill
   2170 gdm       20   0  388312   7432   6528 S   0.0   0.1   0:00.01 gsd-smartcard
   2173 gdm       20   0  380556  16508  12504 S   0.0   0.2   0:00.03 gsd-datetime
   2183 gdm       20   0  864216  20108  17428 S   0.0   0.3   0:00.52 gsd-media-keys
   2184 gdm       20   0  237936   4760   4376 S   0.0   0.1   0:00.01 gsd-screensaver
   2185 gdm       20   0  322096  10392   7320 S   0.0   0.1   0:00.02 gsd-sound
   2186 gdm       20   0  312416   8104   5476 S   0.0   0.1   0:00.01 gsd-a11y-settin
   2193 gdm       20   0  313996   8944   6152 S   0.0   0.1   0:00.97 gsd-housekeepin
   2195 gdm       20   0  450004  20288  15904 S   0.0   0.3   0:00.52 gsd-power
   2218 gdm       20   0  347052  12608  10748 S   0.0   0.2   0:00.03 gsd-printer
   2221 gdm       20   0  239040   6576   5948 S   0.0   0.1   0:00.00 ibus-dconf
   2233 gdm       20   0  238936   5920   5488 S   0.0   0.1   0:00.00 ibus-portal
   2263 colord    20   0  247516  14492   8720 S   0.0   0.2   0:00.27 colord
   2285 gdm       20   0 2812300  27868  20904 S   0.0   0.4   0:00.09 gjs
   2349 gdm       20   0  165096   6516   5892 S   0.0   0.1   0:00.01 ibus-engine-sim
   2508 root      20   0  136716  13172   9512 S   0.0   0.2   0:00.70 cupsd
   2522 root      20   0  260792  17940  13508 S   0.0   0.2   0:01.60 cups-browsed
  11687 jetson    20   0   18140   9764   7368 S   0.0   0.1   0:00.37 systemd
  11688 jetson    20   0  172512   4632      0 S   0.0   0.1   0:00.00 (sd-pam)
  11696 jetson    20   0   41976   6552   5228 S   0.0   0.1   0:00.06 pipewire
  11697 jetson    20   0   25484   6724   5388 S   0.0   0.1   0:01.86 pipewire-media-
  11749 jetson    20   0    8888   4168   3672 S   0.0   0.1   0:00.03 dbus-daemon
  13234 jetson    20   0  203640  35476  13212 S   0.0   0.5   0:00.75 ros2
  13236 jetson    20   0 2070472  36080  17228 S   0.0   0.5   0:00.90 docker
  13265 root      20   0 1232976  11076   5960 S   0.0   0.1   0:02.38 containerd-shim
  13294 root      20   0   49400  29204  14412 S   0.0   0.4   0:00.40 ros2
  90870 root      20   0       0      0      0 I   0.0   0.0   0:23.05 kworker/u12:11-events_unbound
 100141 root      20   0       0      0      0 I   0.0   0.0   0:22.80 kworker/u12:6-events_unbound
 284193 root      20   0       0      0      0 I   0.0   0.0   0:13.21 kworker/u12:3-events_unbound
 407770 root      20   0       0      0      0 I   0.0   0.0   0:09.19 kworker/u12:9-events_unbound
 437586 root      20   0       0      0      0 I   0.0   0.0   0:06.18 kworker/u12:4-events_freezable_power_
 465092 root      20   0  238836   6948   5700 S   0.0   0.1   0:01.12 iio-sensor-prox
 481530 root       0 -20       0      0      0 I   0.0   0.0   0:07.87 kworker/u13:3-uvcvideo
 494799 jetson    20   0    5508    792    704 S   0.0   0.0   0:00.21 sleep
 494866 root      20   0   21760   5464   3940 S   0.0   0.1   0:03.59 systemd-udevd
 494879 root      20   0   21756   3352   1840 S   0.0   0.0   0:01.00 systemd-udevd
 509136 root      20   0       0      0      0 I   0.0   0.0   0:03.67 kworker/u12:5-events_unbound
 512501 root      20   0       0      0      0 I   0.0   0.0   0:00.21 kworker/4:0-events
 513219 root      20   0   21752   3192   1712 S   0.0   0.0   0:00.00 systemd-udevd
 513220 root      20   0   21760   3352   1840 S   0.0   0.0   0:00.00 systemd-udevd
 513233 root      20   0   21760   3356   1840 S   0.0   0.0   0:00.00 systemd-udevd
 513234 root      20   0   21760   3356   1840 S   0.0   0.0   0:00.00 systemd-udevd
 513235 root      20   0   21760   3336   1840 S   0.0   0.0   0:00.00 systemd-udevd
 513236 root      20   0   21760   3352   1840 S   0.0   0.0   0:00.00 systemd-udevd
 513237 root      20   0   21760   3336   1840 S   0.0   0.0   0:00.00 systemd-udevd
 513250 root      20   0   21760   4428   2868 S   0.0   0.1   0:05.97 systemd-udevd
 513251 root      20   0   21760   3840   2288 S   0.0   0.0   0:00.00 systemd-udevd
 513265 root      20   0   21760   4056   2496 S   0.0   0.1   0:00.00 systemd-udevd
 513266 root      20   0   21760   3244   1712 S   0.0   0.0   0:00.00 systemd-udevd
 513437 jetson    20   0  129772  36180  13228 S   0.0   0.5   0:00.78 ros2
 536340 root      20   0       0      0      0 I   0.0   0.0   0:00.15 kworker/1:1-cgroup_destroy
 536745 root       0 -20       0      0      0 I   0.0   0.0   0:05.51 kworker/u13:4-uvcvideo
 538507 root      20   0       0      0      0 I   0.0   0.0   0:00.18 kworker/0:0-events
 550304 root      20   0       0      0      0 I   0.0   0.0   0:00.30 kworker/5:0-events
 562560 root      20   0       0      0      0 I   0.0   0.0   0:01.72 kworker/u12:1-events_freezable_power_
 568778 root      20   0       0      0      0 I   0.0   0.0   0:00.00 kworker/2:0-cgroup_destroy
 576600 root      20   0       0      0      0 I   0.0   0.0   0:00.18 kworker/3:0-events
 576729 root      20   0       0      0      0 I   0.0   0.0   0:00.08 kworker/5:1-events
 576909 root      20   0       0      0      0 I   0.0   0.0   0:00.02 kworker/4:1-events
 590592 root      20   0       0      0      0 I   0.0   0.0   0:00.00 kworker/0:2-cgroup_destroy
 591089 root       0 -20       0      0      0 I   0.0   0.0   0:02.94 kworker/u13:1-uvcvideo
 602672 root      20   0       0      0      0 I   0.0   0.0   0:00.07 kworker/1:3-events
 608435 root      20   0       0      0      0 I   0.0   0.0   0:00.00 kworker/3:2-events
 608538 root      20   0       0      0      0 I   0.0   0.0   0:00.00 kworker/2:2-mm_percpu_wq
 609021 jetson    20   0  796964  40120  13228 S   0.0   0.5   0:01.28 ros2
 609103 jetson    20   0   11248   3076   2756 S   0.0   0.0   0:00.24 bash
 609212 root      20   0       0      0      0 I   0.0   0.0   0:00.04 kworker/0:1-events
 609220 jetson    20   0   53568  30340  15008 S   0.0   0.4   0:00.41 ros2
 613727 root      20   0    9436    780    704 S   0.0   0.0   0:00.00 sleep
 615420 root      20   0       0      0      0 I   0.0   0.0   0:00.01 kworker/4:2-events
 617319 root      20   0       0      0      0 I   0.0   0.0   0:00.00 kworker/0:3-cgroup_destroy
 621315 root      20   0       0      0      0 I   0.0   0.0   0:00.00 kworker/1:0-events
 621531 root      20   0       0      0      0 I   0.0   0.0   0:00.00 kworker/5:2-events
 622272 root      20   0       0      0      0 I   0.0   0.0   0:00.00 kworker/u12:7-devfreq_wq
 623951 jetson    20   0   11248   3292   2852 S   0.0   0.0   0:00.03 bash
 626491 root      30  10    9436    776    696 S   0.0   0.0   0:00.00 sleep
 626884 jetson    20   0   11248   3292   2860 S   0.0   0.0   0:00.01 bash
 627202 jetson    20   0    9480    808    724 S   0.0   0.0   0:00.00 tail
 627258 jetson    20   0    9444    788    704 S   0.0   0.0   0:00.00 sleep

top - 15:55:50 up  6:18,  0 users,  load average: 10.98, 8.67, 6.88
Tasks: 353 total,   3 running, 350 sleeping,   0 stopped,   0 zombie
%Cpu(s): 39.9 us, 24.3 sy,  0.0 ni, 28.2 id,  0.0 wa,  3.2 hi,  4.4 si,  0.0 st
MiB Mem :   7607.4 total,   2365.5 free,   2219.0 used,   3022.9 buff/cache
MiB Swap:   3803.7 total,   3803.7 free,      0.0 used.   5071.5 avail Mem 

    PID USER      PR  NI    VIRT    RES    SHR S  %CPU  %MEM     TIME+ COMMAND
  13320 root      20   0 1300496  44944  11392 S  58.7   0.6  30:12.06 micro_ros_agent
 513359 jetson    20   0  709132  64972  27276 S  33.0   0.8  14:11.39 python3
 609244 jetson    20   0 9351828 401420  83868 S  23.3   5.2   0:57.97 nvblox_node
 626968 jetson    20   0  764024  55912  25372 S  23.3   0.7   0:02.18 ros2
 513125 jetson    20   0 1750824 109316  51324 S  17.5   1.4   5:32.74 realsense2_came
 513133 jetson    20   0 1082972  60484  26368 S  17.0   0.8   1:15.06 foxglove_bridge
 513129 jetson    20   0  432964  27132  14244 S  16.5   0.3   6:29.14 rplidar_node
 627201 jetson    20   0  753356  71088  29564 R  16.0   0.9   0:01.73 python3
 609057 jetson    20   0  889300  48592  23464 S  15.5   0.6   0:38.09 controller_serv
 609065 jetson    20   0  530908  46344  26216 S  15.5   0.6   0:35.00 bt_navigator
 609061 jetson    20   0 1062368  70604  24604 S  14.6   0.9   0:37.42 planner_server
 609086 jetson    20   0  577388  31744  16252 S  14.6   0.4   0:40.78 lifecycle_manag
 513361 jetson    20   0  506336  34940  18388 S  12.6   0.4   4:31.56 ekf_node
 513131 jetson    20   0  708060  64296  27388 S  11.2   0.8   3:27.54 python3
 609063 jetson    20   0  516308  35412  21032 S  11.2   0.5   0:28.65 behavior_server
 609059 jetson    20   0  656276  34924  19412 S  10.2   0.4   0:24.25 smoother_server
 609077 jetson    20   0  428704  29676  15956 S   9.2   0.4   0:20.67 velocity_smooth
 513127 jetson    20   0  710644  65280  27232 S   8.3   0.8   2:01.68 python3
 609067 jetson    20   0  431292  29316  17020 S   8.3   0.4   0:20.57 waypoint_follow
 609055 jetson    20   0  709540  62092  27352 S   7.3   0.8   0:18.73 python3
 513439 jetson    20   0  903324  49848  24060 S   6.3   0.6   1:30.76 async_slam_tool
  11931 jetson    20   0  707268  63144  26432 S   4.4   0.8   2:16.41 python3
  13238 jetson    20   0  428524  31584  15828 S   4.4   0.4   2:22.07 robot_state_pub
 627467 root      20   0   34620  25260   7224 R   2.9   0.3   0:00.06 sshd
 418183 root       0 -20       0      0      0 I   1.5   0.0   0:12.98 kworker/u13:0-uvcvideo
   2071 gdm       20   0 3471500 137260  73260 S   1.0   1.8   0:47.06 gnome-shell
     14 root      20   0       0      0      0 S   0.5   0.0   0:22.55 ksoftirqd/0
    150 root     -51   0       0      0      0 S   0.5   0.0   0:00.03 irq/167-c240000
    312 root      20   0   23732   6316   4080 S   0.5   0.1   0:26.85 systemd-udevd
    340 root      20   0   23544   6732   4608 S   0.5   0.1   1:30.05 systemd-udevd
    904 root      rt   0       0      0      0 S   0.5   0.0   1:47.33 sugov:0
    909 root      rt   0       0      0      0 S   0.5   0.0   0:50.14 sugov:4
    921 root      30  10   11248   3612   3220 S   0.5   0.0   0:08.48 wifi_mon.sh
   1212 root      20   0 2093336  76348  33916 S   0.5   1.0   0:38.46 containerd
   1588 root      20   0 2353004 116452  56964 S   0.5   1.5   0:27.72 dockerd
 284193 root      20   0       0      0      0 I   0.5   0.0   0:13.22 kworker/u12:3-events_freezable_power_
 407770 root      20   0       0      0      0 I   0.5   0.0   0:09.20 kworker/u12:9-events_freezable_power_
 417230 root      20   0       0      0      0 I   0.5   0.0   0:07.53 kworker/u12:0-events_unbound
 494770 root      20   0 1233488  12520   6732 S   0.5   0.2   0:08.94 containerd-shim
 513250 root      20   0   21760   4428   2868 S   0.5   0.1   0:05.98 systemd-udevd
 609021 jetson    20   0  796964  40120  13228 S   0.5   0.5   0:01.29 ros2
 626969 jetson    20   0   14340   3376   2764 R   0.5   0.0   0:00.10 top
      1 root      20   0  167628  11768   7448 S   0.0   0.2   0:29.32 systemd
      2 root      20   0       0      0      0 S   0.0   0.0   0:00.03 kthreadd
      3 root       0 -20       0      0      0 I   0.0   0.0   0:00.00 rcu_gp
      4 root       0 -20       0      0      0 I   0.0   0.0   0:00.00 rcu_par_gp
      5 root       0 -20       0      0      0 I   0.0   0.0   0:00.00 slub_flushwq
      6 root       0 -20       0      0      0 I   0.0   0.0   0:00.00 netns
      8 root       0 -20       0      0      0 I   0.0   0.0   0:00.00 kworker/0:0H-events_highpri
     10 root       0 -20       0      0      0 I   0.0   0.0   0:00.00 mm_percpu_wq
     11 root      20   0       0      0      0 S   0.0   0.0   0:00.00 rcu_tasks_kthre
     12 root      20   0       0      0      0 S   0.0   0.0   0:00.00 rcu_tasks_rude_
     13 root      20   0       0      0      0 S   0.0   0.0   0:00.00 rcu_tasks_trace
     15 root      20   0       0      0      0 I   0.0   0.0   0:09.95 rcu_preempt
     16 root      rt   0       0      0      0 S   0.0   0.0   0:00.02 migration/0
     17 root      20   0       0      0      0 S   0.0   0.0   0:00.00 cpuhp/0
     18 root      20   0       0      0      0 S   0.0   0.0   0:00.00 cpuhp/1
     19 root      rt   0       0      0      0 S   0.0   0.0   0:00.03 migration/1
     20 root      20   0       0      0      0 S   0.0   0.0   0:01.60 ksoftirqd/1
     22 root       0 -20       0      0      0 I   0.0   0.0   0:00.00 kworker/1:0H-events_highpri
     23 root      20   0       0      0      0 S   0.0   0.0   0:00.00 cpuhp/2
     24 root      rt   0       0      0      0 S   0.0   0.0   0:00.02 migration/2
     25 root      20   0       0      0      0 S   0.0   0.0   0:01.61 ksoftirqd/2
     27 root       0 -20       0      0      0 I   0.0   0.0   0:00.00 kworker/2:0H-events_highpri
     28 root      20   0       0      0      0 S   0.0   0.0   0:00.00 cpuhp/3
     29 root      rt   0       0      0      0 S   0.0   0.0   0:00.02 migration/3
     30 root      20   0       0      0      0 S   0.0   0.0   0:01.49 ksoftirqd/3
     32 root       0 -20       0      0      0 I   0.0   0.0   0:00.00 kworker/3:0H-events_highpri
     33 root      20   0       0      0      0 S   0.0   0.0   0:00.00 cpuhp/4
     34 root      rt   0       0      0      0 S   0.0   0.0   0:00.06 migration/4
     35 root      20   0       0      0      0 S   0.0   0.0   0:01.11 ksoftirqd/4
     37 root       0 -20       0      0      0 I   0.0   0.0   0:00.00 kworker/4:0H-kblockd
     38 root      20   0       0      0      0 S   0.0   0.0   0:00.00 cpuhp/5
     39 root      rt   0       0      0      0 S   0.0   0.0   0:00.07 migration/5
     40 root      20   0       0      0      0 S   0.0   0.0   0:01.16 ksoftirqd/5
     42 root       0 -20       0      0      0 I   0.0   0.0   0:00.00 kworker/5:0H-events_highpri
     43 root      20   0       0      0      0 S   0.0   0.0   0:00.01 kdevtmpfs
     44 root       0 -20       0      0      0 I   0.0   0.0   0:00.00 inet_frag_wq
     51 root      20   0       0      0      0 S   0.0   0.0   0:00.00 kauditd
     52 root      20   0       0      0      0 S   0.0   0.0   0:00.00 oom_reaper
     53 root       0 -20       0      0      0 I   0.0   0.0   0:00.00 writeback
     54 root      20   0       0      0      0 S   0.0   0.0   0:00.18 kcompactd0
     55 root      25   5       0      0      0 S   0.0   0.0   0:00.00 ksmd
     56 root      39  19       0      0      0 S   0.0   0.0   0:02.04 khugepaged
     67 root       0 -20       0      0      0 I   0.0   0.0   0:00.00 cryptd
     86 root       0 -20       0      0      0 I   0.0   0.0   0:00.00 kintegrityd
     87 root       0 -20       0      0      0 I   0.0   0.0   0:00.00 kblockd
     88 root       0 -20       0      0      0 I   0.0   0.0   0:00.00 blkcg_punt_bio
     89 root       0 -20       0      0      0 I   0.0   0.0   0:00.00 tpm_dev_wq
     90 root       0 -20       0      0      0 I   0.0   0.0   0:00.00 ata_sff
     91 root       0 -20       0      0      0 I   0.0   0.0   0:00.00 edac-poller
     92 root       0 -20       0      0      0 I   0.0   0.0   0:00.00 devfreq_wq
     93 root     -51   0       0      0      0 S   0.0   0.0   0:00.00 watchdogd
     96 root       0 -20       0      0      0 I   0.0   0.0   0:00.06 kworker/1:1H-kblockd
     97 root       0 -20       0      0      0 I   0.0   0.0   0:00.00 rpciod
     99 root       0 -20       0      0      0 I   0.0   0.0   0:00.00 xprtiod
    127 root      20   0       0      0      0 S   0.0   0.0   0:00.00 kswapd0
    128 root       0 -20       0      0      0 I   0.0   0.0   0:00.00 nfsiod
    132 root       0 -20       0      0      0 I   0.0   0.0   0:00.00 vfio-irqfd-clea
    133 root       0 -20       0      0      0 I   0.0   0.0   0:00.00 bch_btree_io
    134 root       0 -20       0      0      0 I   0.0   0.0   0:00.00 bcache
    135 root       0 -20       0      0      0 I   0.0   0.0   0:00.00 bch_journal
    136 root       0 -20       0      0      0 I   0.0   0.0   0:00.00 dm_bufio_cache
    139 root      20   0       0      0      0 I   0.0   0.0   0:01.86 kworker/2:3-events
    140 root      10 -10       0      0      0 S   0.0   0.0   0:00.00 krfcommd
    141 root      20   0       0      0      0 S   0.0   0.0   0:00.01 pr/tty0
    142 root      20   0       0      0      0 S   0.0   0.0   0:03.09 pr/ttyTCU0
    145 root     -51   0       0      0      0 S   0.0   0.0   0:00.00 irq/114-3160000
    147 root     -51   0       0      0      0 S   0.0   0.0   0:00.00 irq/115-3180000
    149 root     -51   0       0      0      0 S   0.0   0.0   0:00.00 irq/116-31b0000
    151 root     -51   0       0      0      0 S   0.0   0.0   0:00.00 irq/168-c250000
    152 root     -51   0       0      0      0 S   0.0   0.0   0:00.00 irq/125-3610000
    153 root     -51   0       0      0      0 S   0.0   0.0   0:00.00 irq/122-3610000
    155 root       0 -20       0      0      0 I   0.0   0.0   0:00.00 sdhci
    156 root     -51   0       0      0      0 S   0.0   0.0   0:00.00 irq/120-mmc0
    157 root     -51   0       0      0      0 S   0.0   0.0   0:00.00 irq/230-3400000
    174 root       0 -20       0      0      0 I   0.0   0.0   0:00.06 kworker/3:1H-kblockd
    180 root     -51   0       0      0      0 S   0.0   0.0   0:00.00 irq/191-tegra-p
    181 root       0 -20       0      0      0 I   0.0   0.0   0:00.00 nvme-wq
    182 root       0 -20       0      0      0 I   0.0   0.0   0:00.00 nvme-reset-wq
    183 root       0 -20       0      0      0 I   0.0   0.0   0:00.00 nvme-delete-wq
    192 root     -51   0       0      0      0 S   0.0   0.0   0:00.00 irq/191-aerdrv
    193 root     -51   0       0      0      0 S   0.0   0.0   0:00.00 irq/193-tegra-p
    196 root     -51   0       0      0      0 S   0.0   0.0   0:00.00 irq/193-aerdrv
    197 root     -51   0       0      0      0 S   0.0   0.0   0:00.00 irq/195-tegra-p
    199 root     -51   0       0      0      0 S   0.0   0.0   0:00.00 irq/232-nvme0q0
    200 root     -51   0       0      0      0 S   0.0   0.0   0:00.37 irq/233-nvme0q1
    201 root     -51   0       0      0      0 S   0.0   0.0   0:00.40 irq/234-nvme0q2
    202 root     -51   0       0      0      0 S   0.0   0.0   0:00.53 irq/235-nvme0q3
    203 root     -51   0       0      0      0 S   0.0   0.0   0:00.65 irq/236-nvme0q4
    204 root     -51   0       0      0      0 S   0.0   0.0   0:00.16 irq/237-nvme0q5
    205 root     -51   0       0      0      0 S   0.0   0.0   0:00.12 irq/238-nvme0q6
    211 root       0 -20       0      0      0 I   0.0   0.0   0:00.06 kworker/4:1H-kblockd
    212 root      20   0       0      0      0 S   0.0   0.0   0:01.44 jbd2/nvme0n1p1-
    213 root       0 -20       0      0      0 I   0.0   0.0   0:00.00 ext4-rsv-conver
    222 root       0 -20       0      0      0 I   0.0   0.0   0:00.00 mld
    223 root       0 -20       0      0      0 I   0.0   0.0   0:00.04 kworker/0:1H-kblockd
    224 root       0 -20       0      0      0 I   0.0   0.0   0:00.00 ipv6_addrconf
    256 root      19  -1   76560  38072  36444 S   0.0   0.5   0:29.06 systemd-journal
    278 root       0 -20       0      0      0 I   0.0   0.0   0:00.08 kworker/2:1H-kblockd
    280 root      39  19       0      0      0 S   0.0   0.0   0:01.64 nvmap-bz
    281 root     -51   0       0      0      0 S   0.0   0.0   0:00.00 irq/188-host1x_
    285 root     -51   0       0      0      0 S   0.0   0.0   0:00.00 irq/197-gk20a_s
    286 root     -51   0       0      0      0 S   0.0   0.0   0:00.02 irq/198-gk20a_s
    287 root     -51   0       0      0      0 S   0.0   0.0   0:00.03 irq/199-gk20a_s
    288 root     -51   0       0      0      0 S   0.0   0.0   0:00.00 irq/200-gk20a_n
    291 root       0 -20       0      0      0 I   0.0   0.0   0:00.06 kworker/5:1H-kblockd
    295 root      20   0   11116   3460   3204 S   0.0   0.0   0:00.00 nv-tee-supplica
    299 root      20   0   76588   1360   1248 S   0.0   0.0   0:00.01 tee-supplicant
    301 root       0 -20       0      0      0 I   0.0   0.0   0:00.00 optee_bus_scan
    303 root     -51   0       0      0      0 S   0.0   0.0   0:00.00 irq/189-tegra-p
    313 root     -51   0       0      0      0 S   0.0   0.0   0:00.00 irq/189-aerdrv
    314 root      20   0   23216   5820   3992 S   0.0   0.1   0:00.40 systemd-udevd
    315 root      20   0   23216   5020   3248 S   0.0   0.1   0:00.15 systemd-udevd
    316 root      20   0   23268   6252   4316 S   0.0   0.1   0:00.16 systemd-udevd
    317 root      20   0   23220   4364   2600 S   0.0   0.1   0:00.11 systemd-udevd
    318 root      20   0   23216   4480   2672 S   0.0   0.1   0:00.12 systemd-udevd
    319 root      20   0   23212   5820   3980 S   0.0   0.1   0:00.29 systemd-udevd
    320 root      20   0   23264   4688   2764 S   0.0   0.1   0:00.13 systemd-udevd
    321 root      20   0   23268   5072   3136 S   0.0   0.1   0:00.18 systemd-udevd
    322 root      20   0   23524   5520   3456 S   0.0   0.1   0:00.27 systemd-udevd
    323 root      20   0   23216   6296   4444 S   0.0   0.1   0:00.41 systemd-udevd
    324 root      20   0   23220   5196   3388 S   0.0   0.1   0:00.16 systemd-udevd
    325 root      20   0   23220   5820   3976 S   0.0   0.1   0:00.40 systemd-udevd
    326 root      20   0   23220   5252   3388 S   0.0   0.1   0:00.42 systemd-udevd
    327 root      20   0   23220   5504   3684 S   0.0   0.1   0:00.18 systemd-udevd
    330 root      20   0   23512   5728   3684 S   0.0   0.1   0:00.14 systemd-udevd
    331 root      20   0   24292   5540   2676 S   0.0   0.1   0:00.16 systemd-udevd
    333 root      20   0   23524   5596   3532 S   0.0   0.1   0:00.27 systemd-udevd
    334 root      20   0   23220   5584   3740 S   0.0   0.1   0:00.27 systemd-udevd
    335 root      20   0   23220   4504   2708 S   0.0   0.1   0:00.11 systemd-udevd
    336 root      20   0   23220   4696   2892 S   0.0   0.1   0:00.14 systemd-udevd
    337 root      20   0   23524   5056   2992 S   0.0   0.1   0:00.16 systemd-udevd
    339 root      20   0   23220   4980   3148 S   0.0   0.1   0:00.17 systemd-udevd
    341 root      20   0   23276   5328   3384 S   0.0   0.1   0:00.13 systemd-udevd
    342 root      20   0   23280   5176   3228 S   0.0   0.1   0:00.13 systemd-udevd
    343 root      20   0   23220   5988   4152 S   0.0   0.1   0:00.32 systemd-udevd
    344 root      20   0   23560   6700   4596 S   0.0   0.1   0:00.55 systemd-udevd
    345 root      20   0       0      0      0 S   0.0   0.0   0:00.00 15820000.crypto
    346 root      20   0       0      0      0 S   0.0   0.0   0:00.00 15840000.crypto
    368 root      20   0   23324   5984   4116 S   0.0   0.1   0:00.45 systemd-udevd
    417 root     -51   0       0      0      0 S   0.0   0.0   0:00.00 irq/219-bc00000
    419 root      -2   0       0      0      0 S   0.0   0.0   0:00.00 capture-control
    420 root      -2   0       0      0      0 S   0.0   0.0   0:00.00 capture
    422 root     -51   0       0      0      0 S   0.0   0.0   0:00.00 irq/214-tegra_d
    423 root     -51   0       0      0      0 S   0.0   0.0   0:00.00 irq/215-tegra_d
    424 root       0 -20       0      0      0 I   0.0   0.0   0:00.00 dce-async-ipc-w
    425 root     -51   0       0      0      0 S   0.0   0.0   0:00.00 irq/240-nvvrs-p
    427 root      20   0       0      0      0 S   0.0   0.0   0:00.00 nv_queue
    428 root      20   0       0      0      0 S   0.0   0.0   0:00.00 nv_queue
    483 root     -51   0       0      0      0 S   0.0   0.0   0:00.00 irq/118-3210000
    487 root      20   0       0      0      0 S   0.0   0.0   0:00.00 spi0
    495 root       0 -20       0      0      0 I   0.0   0.0   0:00.00 cfg80211
    497 root     -51   0       0      0      0 S   0.0   0.0   0:00.00 irq/119-3230000
    498 root      20   0       0      0      0 S   0.0   0.0   0:00.00 spi1
    584 root       0 -20       0      0      0 I   0.0   0.0   0:00.00 btfwwork
    650 root      20   0    8236   6424   1432 S   0.0   0.1   0:00.72 haveged
    653 _rpc      20   0    7932   2264   1912 S   0.0   0.0   0:00.03 rpcbind
    659 systemd+  20   0   26320  13580   8496 S   0.0   0.2   0:00.53 systemd-resolve
    662 systemd+  20   0   88880   6332   5484 S   0.0   0.1   0:00.15 systemd-timesyn
    826 avahi     20   0    8084   3108   2752 S   0.0   0.0   0:00.66 avahi-daemon
    827 root      20   0    9888   4552   4112 S   0.0   0.1   0:00.07 bluetoothd
    828 message+  20   0   10496   5632   3584 S   0.0   0.1   0:42.35 dbus-daemon
    829 root      20   0  264864  18900  14872 S   0.0   0.2   0:38.64 NetworkManager
    838 root      20   0   43504  19780  10232 S   0.0   0.3   0:00.15 networkd-dispat
    849 root      20   0  241652   9056   6312 S   0.0   0.1   0:00.59 power-profiles-
    854 syslog    20   0  222160   5012   3672 S   0.0   0.1   0:05.52 rsyslogd
    859 root      20   0    2240    796    720 S   0.0   0.0   0:00.00 seatd
    865 root      20   0 2145956  51416  25768 S   0.0   0.7   0:36.75 snapd
    867 root      20   0  242124   7452   6576 S   0.0   0.1   0:02.12 accounts-daemon
    869 root      20   0  238128   6232   5620 S   0.0   0.1   0:00.04 switcheroo-cont
    871 root      20   0   48968   7620   6296 S   0.0   0.1   0:03.60 systemd-logind
    874 root      20   0  394188  13988   9476 S   0.0   0.2   0:01.03 udisksd
    875 root      20   0   16632   9928   8148 S   0.0   0.1   0:01.30 wpa_supplicant
    882 avahi     20   0    7812    356      0 S   0.0   0.0   0:00.00 avahi-daemon
    969 root      20   0  237044  10468   6400 S   0.0   0.1   3:05.10 polkitd
    983 root      20   0    2460   1556   1380 S   0.0   0.0   0:08.23 nvfancontrol
   1049 root      20   0       0      0      0 S   0.0   0.0   0:00.00 sw-quiesce
   1052 root      20   0       0      0      0 S   0.0   0.0   0:20.93 nvgpu_channel_p
   1068 root      20   0       0      0      0 S   0.0   0.0   0:00.00 nvgpu_pg_init_g
   1087 root      20   0       0      0      0 S   0.0   0.0   0:00.00 nvgpu_clk_arb_p
   1117 root      20   0       0      0      0 S   0.0   0.0   0:07.68 RTW_CMD_THREAD
   1157 root      20   0   75936   9960   8136 S   0.0   0.1   0:00.01 nvargus-daemon
   1158 root      20   0   11116   3520   3220 S   0.0   0.0   0:00.08 nvmemwarning.sh
   1171 root      20   0   22192   1776   1580 S   0.0   0.0   0:00.00 nvs-service
   1181 ollama    20   0 2006720  39588  20072 S   0.0   0.5   0:01.07 ollama
   1195 root      20   0    2336   1408   1292 S   0.0   0.0   0:01.96 run-cups-browse
   1201 root      20   0    2336   1424   1296 S   0.0   0.0   0:02.02 run-cupsd
   1204 root      20   0       0      0      0 S   0.0   0.0   0:00.00 pr/ramoops-1
   1239 root      20   0   10772   2824   2576 S   0.0   0.0   0:00.06 cron
   1259 root      20   0  243128   8056   7012 S   0.0   0.1   0:00.02 gdm3
   1263 kernoops  20   0   12812    452      0 S   0.0   0.0   0:00.02 kerneloops
   1290 root      20   0    9468    800    724 S   0.0   0.0   0:00.00 agetty
   1291 kernoops  20   0   12812    452      0 S   0.0   0.0   0:00.02 kerneloops
   1293 root      20   0    9468    804    724 S   0.0   0.0   0:00.00 agetty
   1330 root      20   0  173408   8804   7628 S   0.0   0.1   0:00.02 gdm-session-wor
   1417 root      20   0       0      0      0 S   0.0   0.0   0:00.00 file-storage
   1426 root      20   0   15272   8368   6788 S   0.0   0.1   0:00.72 sshd
   1474 gdm       20   0   18120   9728   7360 S   0.0   0.1   0:00.46 systemd
   1478 root      20   0    3076    992    880 S   0.0   0.0   0:00.00 nvphsd
   1483 root      20   0    3208   1476   1316 S   0.0   0.0   0:00.00 nvphsd
   1497 gdm       20   0  106692   4552      0 S   0.0   0.1   0:00.00 (sd-pam)
   1688 gdm        9 -11   41972   6472   5156 S   0.0   0.1   0:00.07 pipewire
   1689 gdm       20   0   25476   6428   5104 S   0.0   0.1   0:01.69 pipewire-media-
   1690 gdm        9 -11  891840  20748  12584 S   0.0   0.3   0:00.94 pulseaudio
   1695 gdm       20   0  163948   5472   4964 S   0.0   0.1   0:00.00 gdm-x-session
   1697 root      20   0   24.2g  80528  35884 S   0.0   1.0   0:02.02 Xorg
   1698 rtkit     21   1  153504   1588   1380 S   0.0   0.0   0:00.31 rtkit-daemon
   1729 gdm       20   0    8840   3600   3212 S   0.0   0.0   0:00.02 dbus-daemon
   1748 root      20   0       0      0      0 S   0.0   0.0   0:00.00 nvidia-modeset/
   1749 root      20   0       0      0      0 S   0.0   0.0   0:00.00 nvidia-modeset/
   1752 root      20   0       0      0      0 S   0.0   0.0   0:00.00 nvidia
   1753 root      20   0       0      0      0 S   0.0   0.0   0:00.00 nv_queue
   1790 root      20   0       0      0      0 S   0.0   0.0   0:00.00 nvidia-drm-nv-t
   1791 root     -51   0       0      0      0 S   0.0   0.0   0:00.00 card1-crtc0
   1792 root     -51   0       0      0      0 S   0.0   0.0   0:00.00 card1-crtc1
   1980 gdm       20   0    5876   1552   1344 S   0.0   0.0   0:00.00 dbus-run-sessio
   1983 gdm       20   0    9108   4440   3588 S   0.0   0.1   0:00.13 dbus-daemon
   2035 gdm       20   0  597840  17824  12972 S   0.0   0.2   0:01.00 gnome-session-b
   2057 gdm       20   0  310068   8976   6272 S   0.0   0.1   0:00.00 at-spi-bus-laun
   2062 gdm       20   0    8692   3556   3168 S   0.0   0.0   0:00.00 dbus-daemon
   2092 gdm       20   0  237676   4964   4528 S   0.0   0.1   0:00.00 xdg-permission-
   2099 root      20   0  243852  10136   6984 S   0.0   0.1   0:00.47 upowerd
   2106 root      20   0  301608  19332  16408 S   0.0   0.2   0:01.56 packagekitd
   2110 gdm       20   0 2812288  25716  20860 S   0.0   0.3   0:00.08 gjs
   2113 gdm       20   0  163144   7196   6428 S   0.0   0.1   0:00.02 at-spi2-registr
   2141 gdm       20   0  468748   9856   7940 S   0.0   0.1   0:01.96 gsd-sharing
   2146 gdm       20   0  338880  14892  12620 S   0.0   0.2   0:00.06 gsd-wacom
   2148 gdm       20   0  451616  18896  16480 S   0.0   0.2   0:00.22 gsd-color
   2150 gdm       20   0  412392  17092  13292 S   0.0   0.2   0:00.04 gsd-keyboard
   2152 gdm       20   0  316864  13188   6244 S   0.0   0.2   0:00.10 ibus-daemon
   2156 gdm       20   0  326124   9848   8488 S   0.0   0.1   0:00.02 gsd-print-notif
   2166 gdm       20   0  242216   6512   5848 S   0.0   0.1   0:00.01 gvfsd
   2168 gdm       20   0  459796   6140   5436 S   0.0   0.1   0:00.57 gsd-rfkill
   2170 gdm       20   0  388312   7432   6528 S   0.0   0.1   0:00.01 gsd-smartcard
   2173 gdm       20   0  380556  16508  12504 S   0.0   0.2   0:00.03 gsd-datetime
   2183 gdm       20   0  864216  20108  17428 S   0.0   0.3   0:00.52 gsd-media-keys
   2184 gdm       20   0  237936   4760   4376 S   0.0   0.1   0:00.01 gsd-screensaver
   2185 gdm       20   0  322096  10392   7320 S   0.0   0.1   0:00.02 gsd-sound
   2186 gdm       20   0  312416   8104   5476 S   0.0   0.1   0:00.01 gsd-a11y-settin
   2193 gdm       20   0  313996   8944   6152 S   0.0   0.1   0:00.97 gsd-housekeepin
   2195 gdm       20   0  450004  20288  15904 S   0.0   0.3   0:00.52 gsd-power
   2218 gdm       20   0  347052  12608  10748 S   0.0   0.2   0:00.03 gsd-printer
   2221 gdm       20   0  239040   6576   5948 S   0.0   0.1   0:00.00 ibus-dconf
   2233 gdm       20   0  238936   5920   5488 S   0.0   0.1   0:00.00 ibus-portal
   2263 colord    20   0  247516  14492   8720 S   0.0   0.2   0:00.27 colord
   2285 gdm       20   0 2812300  27868  20904 S   0.0   0.4   0:00.09 gjs
   2349 gdm       20   0  165096   6516   5892 S   0.0   0.1   0:00.01 ibus-engine-sim
   2508 root      20   0  136716  13172   9512 S   0.0   0.2   0:00.70 cupsd
   2522 root      20   0  260792  17940  13508 S   0.0   0.2   0:01.60 cups-browsed
  11687 jetson    20   0   18140   9764   7368 S   0.0   0.1   0:00.37 systemd
  11688 jetson    20   0  172512   4632      0 S   0.0   0.1   0:00.00 (sd-pam)
  11696 jetson    20   0   41976   6552   5228 S   0.0   0.1   0:00.06 pipewire
  11697 jetson    20   0   25484   6724   5388 S   0.0   0.1   0:01.86 pipewire-media-
  11749 jetson    20   0    8888   4168   3672 S   0.0   0.1   0:00.03 dbus-daemon
  13234 jetson    20   0  203640  35476  13212 S   0.0   0.5   0:00.75 ros2
  13236 jetson    20   0 2070472  36080  17228 S   0.0   0.5   0:00.90 docker
  13265 root      20   0 1232976  11076   5960 S   0.0   0.1   0:02.38 containerd-shim
  13294 root      20   0   49400  29204  14412 S   0.0   0.4   0:00.40 ros2
  90870 root      20   0       0      0      0 I   0.0   0.0   0:23.05 kworker/u12:11-events_unbound
 100141 root      20   0       0      0      0 I   0.0   0.0   0:22.80 kworker/u12:6-events_unbound
 437586 root      20   0       0      0      0 I   0.0   0.0   0:06.18 kworker/u12:4-events_unbound
 465092 root      20   0  238836   6948   5700 S   0.0   0.1   0:01.12 iio-sensor-prox
 481530 root       0 -20       0      0      0 I   0.0   0.0   0:07.87 kworker/u13:3-uvcvideo
 494799 jetson    20   0    5508    792    704 S   0.0   0.0   0:00.21 sleep
 494866 root      20   0   21760   5464   3940 S   0.0   0.1   0:03.59 systemd-udevd
 494879 root      20   0   21756   3352   1840 S   0.0   0.0   0:01.00 systemd-udevd
 509136 root      20   0       0      0      0 I   0.0   0.0   0:03.67 kworker/u12:5-events_unbound
 512501 root      20   0       0      0      0 I   0.0   0.0   0:00.21 kworker/4:0-events
 513123 jetson    20   0  572504  38640  13228 S   0.0   0.5   0:01.15 ros2
 513219 root      20   0   21752   3192   1712 S   0.0   0.0   0:00.00 systemd-udevd
 513220 root      20   0   21760   3352   1840 S   0.0   0.0   0:00.00 systemd-udevd
 513233 root      20   0   21760   3356   1840 S   0.0   0.0   0:00.00 systemd-udevd
 513234 root      20   0   21760   3356   1840 S   0.0   0.0   0:00.00 systemd-udevd
 513235 root      20   0   21760   3336   1840 S   0.0   0.0   0:00.00 systemd-udevd
 513236 root      20   0   21760   3352   1840 S   0.0   0.0   0:00.00 systemd-udevd
 513237 root      20   0   21760   3336   1840 S   0.0   0.0   0:00.00 systemd-udevd
 513251 root      20   0   21760   3840   2288 S   0.0   0.0   0:00.00 systemd-udevd
 513265 root      20   0   21760   4056   2496 S   0.0   0.1   0:00.00 systemd-udevd
 513266 root      20   0   21760   3244   1712 S   0.0   0.0   0:00.00 systemd-udevd
 513437 jetson    20   0  129772  36180  13228 S   0.0   0.5   0:00.78 ros2
 536340 root      20   0       0      0      0 I   0.0   0.0   0:00.15 kworker/1:1-cgroup_destroy
 536745 root       0 -20       0      0      0 I   0.0   0.0   0:05.51 kworker/u13:4-uvcvideo
 538507 root      20   0       0      0      0 I   0.0   0.0   0:00.18 kworker/0:0-events
 550304 root      20   0       0      0      0 I   0.0   0.0   0:00.30 kworker/5:0-events
 562560 root      20   0       0      0      0 I   0.0   0.0   0:01.72 kworker/u12:1-events_unbound
 568778 root      20   0       0      0      0 I   0.0   0.0   0:00.00 kworker/2:0-cgroup_destroy
 576600 root      20   0       0      0      0 I   0.0   0.0   0:00.18 kworker/3:0-events
 576729 root      20   0       0      0      0 I   0.0   0.0   0:00.08 kworker/5:1-events
 576909 root      20   0       0      0      0 I   0.0   0.0   0:00.02 kworker/4:1-events
 582730 root      20   0       0      0      0 I   0.0   0.0   0:01.30 kworker/u12:2-events_unbound
 589172 root      20   0       0      0      0 I   0.0   0.0   0:00.72 kworker/u12:10-events_freezable_power_
 590592 root      20   0       0      0      0 I   0.0   0.0   0:00.00 kworker/0:2-cgroup_destroy
 591089 root       0 -20       0      0      0 I   0.0   0.0   0:02.94 kworker/u13:1-uvcvideo
 602672 root      20   0       0      0      0 I   0.0   0.0   0:00.07 kworker/1:3-events
 608435 root      20   0       0      0      0 I   0.0   0.0   0:00.00 kworker/3:2-events
 608538 root      20   0       0      0      0 I   0.0   0.0   0:00.00 kworker/2:2-events
 609103 jetson    20   0   11248   3076   2756 S   0.0   0.0   0:00.24 bash
 609212 root      20   0       0      0      0 I   0.0   0.0   0:00.04 kworker/0:1-events
 609220 jetson    20   0   53568  30340  15008 S   0.0   0.4   0:00.41 ros2
 613727 root      20   0    9436    780    704 S   0.0   0.0   0:00.00 sleep
 615420 root      20   0       0      0      0 I   0.0   0.0   0:00.01 kworker/4:2-events
 617319 root      20   0       0      0      0 I   0.0   0.0   0:00.00 kworker/0:3-cgroup_destroy
 621315 root      20   0       0      0      0 I   0.0   0.0   0:00.00 kworker/1:0-events
 621531 root      20   0       0      0      0 I   0.0   0.0   0:00.00 kworker/5:2-events
 622272 root      20   0       0      0      0 I   0.0   0.0   0:00.00 kworker/u12:7-devfreq_wq
 623951 jetson    20   0   11248   3292   2852 S   0.0   0.0   0:00.03 bash
 626884 jetson    20   0   11248   3292   2860 S   0.0   0.0   0:00.01 bash
 626970 jetson    20   0    2872    896    800 S   0.0   0.0   0:00.02 tegrastats
 627202 jetson    20   0    9480    808    724 S   0.0   0.0   0:00.00 tail
 627381 jetson    20   0    9444    788    704 S   0.0   0.0   0:00.00 sleep
 627452 root      30  10    9436    784    704 S   0.0   0.0   0:00.00 sleep
 627469 sshd      20   0   15268   6112   4536 S   0.0   0.1   0:00.00 sshd

top - 15:55:52 up  6:18,  0 users,  load average: 10.18, 8.54, 6.85
Tasks: 351 total,   2 running, 349 sleeping,   0 stopped,   0 zombie
%Cpu(s): 43.1 us, 11.2 sy,  0.0 ni, 41.3 id,  0.0 wa,  2.3 hi,  2.1 si,  0.0 st
MiB Mem :   7607.4 total,   2365.5 free,   2219.0 used,   3022.9 buff/cache
MiB Swap:   3803.7 total,   3803.7 free,      0.0 used.   5071.5 avail Mem 

    PID USER      PR  NI    VIRT    RES    SHR S  %CPU  %MEM     TIME+ COMMAND
 627201 jetson    20   0  753600  71476  29564 S  44.3   0.9   0:02.63 python3
 513359 jetson    20   0  709132  64972  27276 S  36.0   0.8  14:12.12 python3
 609057 jetson    20   0  962968  50012  23524 S  31.0   0.6   0:38.72 controller_serv
 626968 jetson    20   0  764024  55912  25372 S  21.7   0.7   0:02.62 ros2
 609244 jetson    20   0 9351828 401416  83868 S  16.7   5.2   0:58.31 nvblox_node
 609065 jetson    20   0  530908  46344  26216 S  16.3   0.6   0:35.33 bt_navigator
    969 root      20   0  237044  10468   6400 S  14.8   0.1   3:05.40 polkitd
 513129 jetson    20   0  432964  27132  14244 S  14.8   0.3   6:29.44 rplidar_node
 513125 jetson    20   0 1750824 109316  51324 S  14.3   1.4   5:33.03 realsense2_came
 513361 jetson    20   0  506336  34940  18388 S  10.8   0.4   4:31.78 ekf_node
 609086 jetson    20   0  577388  31744  16252 S  10.8   0.4   0:41.00 lifecycle_manag
 513439 jetson    20   0 1061928  51124  24360 S   9.9   0.7   1:30.96 async_slam_tool
 513131 jetson    20   0  708192  64296  27388 R   9.4   0.8   3:27.73 python3
 609055 jetson    20   0  709540  62092  27352 S   9.4   0.8   0:18.92 python3
 609061 jetson    20   0 1070624  70648  24604 S   8.9   0.9   0:37.60 planner_server
 609063 jetson    20   0  516308  35412  21032 S   7.4   0.5   0:28.80 behavior_server
 609077 jetson    20   0  428704  29676  15956 S   6.4   0.4   0:20.80 velocity_smooth
 609059 jetson    20   0  664532  34964  19412 S   5.9   0.4   0:24.37 smoother_server
 609067 jetson    20   0  431292  29316  17020 S   5.9   0.4   0:20.69 waypoint_follow
  13320 root      20   0 1300496  44944  11392 S   4.4   0.6  30:12.15 micro_ros_agent
    828 message+  20   0   10496   5632   3584 S   3.4   0.1   0:42.42 dbus-daemon
 513127 jetson    20   0  710644  65280  27232 S   3.4   0.8   2:01.75 python3
    829 root      20   0  264864  18900  14872 S   3.0   0.2   0:38.70 NetworkManager
      1 root      20   0  167628  11768   7448 S   2.0   0.2   0:29.36 systemd
    904 root      rt   0       0      0      0 S   1.0   0.0   1:47.35 sugov:0
    909 root      rt   0       0      0      0 S   1.0   0.0   0:50.16 sugov:4
   1212 root      20   0 2093336  76348  33916 S   1.0   1.0   0:38.48 containerd
   2071 gdm       20   0 3471500 137260  73260 S   1.0   1.8   0:47.08 gnome-shell
 418183 root       0 -20       0      0      0 I   1.0   0.0   0:13.00 kworker/u13:0-uvcvideo
 626969 jetson    20   0   14340   3376   2764 R   1.0   0.0   0:00.12 top
    256 root      19  -1   76560  38072  36444 S   0.5   0.5   0:29.07 systemd-journal
    871 root      20   0   48968   7620   6296 S   0.5   0.1   0:03.61 systemd-logind
   1588 root      20   0 2353004 116452  56964 S   0.5   1.5   0:27.73 dockerd
 284193 root      20   0       0      0      0 I   0.5   0.0   0:13.23 kworker/u12:3-events_unbound
 407770 root      20   0       0      0      0 I   0.5   0.0   0:09.21 kworker/u12:9-events_unbound
 513133 jetson    20   0 1082972  60484  26368 S   0.5   0.8   1:15.07 foxglove_bridge
 626970 jetson    20   0    2872    896    800 S   0.5   0.0   0:00.03 tegrastats
      2 root      20   0       0      0      0 S   0.0   0.0   0:00.03 kthreadd
      3 root       0 -20       0      0      0 I   0.0   0.0   0:00.00 rcu_gp
      4 root       0 -20       0      0      0 I   0.0   0.0   0:00.00 rcu_par_gp
      5 root       0 -20       0      0      0 I   0.0   0.0   0:00.00 slub_flushwq
      6 root       0 -20       0      0      0 I   0.0   0.0   0:00.00 netns
      8 root       0 -20       0      0      0 I   0.0   0.0   0:00.00 kworker/0:0H-events_highpri
     10 root       0 -20       0      0      0 I   0.0   0.0   0:00.00 mm_percpu_wq
     11 root      20   0       0      0      0 S   0.0   0.0   0:00.00 rcu_tasks_kthre
     12 root      20   0       0      0      0 S   0.0   0.0   0:00.00 rcu_tasks_rude_
     13 root      20   0       0      0      0 S   0.0   0.0   0:00.00 rcu_tasks_trace
     14 root      20   0       0      0      0 S   0.0   0.0   0:22.55 ksoftirqd/0
     15 root      20   0       0      0      0 I   0.0   0.0   0:09.95 rcu_preempt
     16 root      rt   0       0      0      0 S   0.0   0.0   0:00.02 migration/0
     17 root      20   0       0      0      0 S   0.0   0.0   0:00.00 cpuhp/0
     18 root      20   0       0      0      0 S   0.0   0.0   0:00.00 cpuhp/1
     19 root      rt   0       0      0      0 S   0.0   0.0   0:00.03 migration/1
     20 root      20   0       0      0      0 S   0.0   0.0   0:01.60 ksoftirqd/1
     22 root       0 -20       0      0      0 I   0.0   0.0   0:00.00 kworker/1:0H-events_highpri
     23 root      20   0       0      0      0 S   0.0   0.0   0:00.00 cpuhp/2
     24 root      rt   0       0      0      0 S   0.0   0.0   0:00.02 migration/2
     25 root      20   0       0      0      0 S   0.0   0.0   0:01.61 ksoftirqd/2
     27 root       0 -20       0      0      0 I   0.0   0.0   0:00.00 kworker/2:0H-events_highpri
     28 root      20   0       0      0      0 S   0.0   0.0   0:00.00 cpuhp/3
     29 root      rt   0       0      0      0 S   0.0   0.0   0:00.02 migration/3
     30 root      20   0       0      0      0 S   0.0   0.0   0:01.49 ksoftirqd/3
     32 root       0 -20       0      0      0 I   0.0   0.0   0:00.00 kworker/3:0H-events_highpri
     33 root      20   0       0      0      0 S   0.0   0.0   0:00.00 cpuhp/4
     34 root      rt   0       0      0      0 S   0.0   0.0   0:00.06 migration/4
     35 root      20   0       0      0      0 S   0.0   0.0   0:01.11 ksoftirqd/4
     37 root       0 -20       0      0      0 I   0.0   0.0   0:00.00 kworker/4:0H-kblockd
     38 root      20   0       0      0      0 S   0.0   0.0   0:00.00 cpuhp/5
     39 root      rt   0       0      0      0 S   0.0   0.0   0:00.07 migration/5
     40 root      20   0       0      0      0 S   0.0   0.0   0:01.16 ksoftirqd/5
     42 root       0 -20       0      0      0 I   0.0   0.0   0:00.00 kworker/5:0H-events_highpri
     43 root      20   0       0      0      0 S   0.0   0.0   0:00.01 kdevtmpfs
     44 root       0 -20       0      0      0 I   0.0   0.0   0:00.00 inet_frag_wq
     51 root      20   0       0      0      0 S   0.0   0.0   0:00.00 kauditd
     52 root      20   0       0      0      0 S   0.0   0.0   0:00.00 oom_reaper
     53 root       0 -20       0      0      0 I   0.0   0.0   0:00.00 writeback
     54 root      20   0       0      0      0 S   0.0   0.0   0:00.18 kcompactd0
     55 root      25   5       0      0      0 S   0.0   0.0   0:00.00 ksmd
     56 root      39  19       0      0      0 S   0.0   0.0   0:02.04 khugepaged
     67 root       0 -20       0      0      0 I   0.0   0.0   0:00.00 cryptd
     86 root       0 -20       0      0      0 I   0.0   0.0   0:00.00 kintegrityd
     87 root       0 -20       0      0      0 I   0.0   0.0   0:00.00 kblockd
     88 root       0 -20       0      0      0 I   0.0   0.0   0:00.00 blkcg_punt_bio
     89 root       0 -20       0      0      0 I   0.0   0.0   0:00.00 tpm_dev_wq
     90 root       0 -20       0      0      0 I   0.0   0.0   0:00.00 ata_sff
     91 root       0 -20       0      0      0 I   0.0   0.0   0:00.00 edac-poller
     92 root       0 -20       0      0      0 I   0.0   0.0   0:00.00 devfreq_wq
     93 root     -51   0       0      0      0 S   0.0   0.0   0:00.00 watchdogd
     96 root       0 -20       0      0      0 I   0.0   0.0   0:00.06 kworker/1:1H-kblockd
     97 root       0 -20       0      0      0 I   0.0   0.0   0:00.00 rpciod
     99 root       0 -20       0      0      0 I   0.0   0.0   0:00.00 xprtiod
    127 root      20   0       0      0      0 S   0.0   0.0   0:00.00 kswapd0
    128 root       0 -20       0      0      0 I   0.0   0.0   0:00.00 nfsiod
    132 root       0 -20       0      0      0 I   0.0   0.0   0:00.00 vfio-irqfd-clea
    133 root       0 -20       0      0      0 I   0.0   0.0   0:00.00 bch_btree_io
    134 root       0 -20       0      0      0 I   0.0   0.0   0:00.00 bcache
    135 root       0 -20       0      0      0 I   0.0   0.0   0:00.00 bch_journal
    136 root       0 -20       0      0      0 I   0.0   0.0   0:00.00 dm_bufio_cache
    139 root      20   0       0      0      0 I   0.0   0.0   0:01.86 kworker/2:3-events
    140 root      10 -10       0      0      0 S   0.0   0.0   0:00.00 krfcommd
    141 root      20   0       0      0      0 S   0.0   0.0   0:00.01 pr/tty0
    142 root      20   0       0      0      0 S   0.0   0.0   0:03.09 pr/ttyTCU0
    145 root     -51   0       0      0      0 S   0.0   0.0   0:00.00 irq/114-3160000
    147 root     -51   0       0      0      0 S   0.0   0.0   0:00.00 irq/115-3180000
    149 root     -51   0       0      0      0 S   0.0   0.0   0:00.00 irq/116-31b0000
    150 root     -51   0       0      0      0 S   0.0   0.0   0:00.03 irq/167-c240000
    151 root     -51   0       0      0      0 S   0.0   0.0   0:00.00 irq/168-c250000
    152 root     -51   0       0      0      0 S   0.0   0.0   0:00.00 irq/125-3610000
    153 root     -51   0       0      0      0 S   0.0   0.0   0:00.00 irq/122-3610000
    155 root       0 -20       0      0      0 I   0.0   0.0   0:00.00 sdhci
    156 root     -51   0       0      0      0 S   0.0   0.0   0:00.00 irq/120-mmc0
    157 root     -51   0       0      0      0 S   0.0   0.0   0:00.00 irq/230-3400000
    174 root       0 -20       0      0      0 I   0.0   0.0   0:00.06 kworker/3:1H-kblockd
    180 root     -51   0       0      0      0 S   0.0   0.0   0:00.00 irq/191-tegra-p
    181 root       0 -20       0      0      0 I   0.0   0.0   0:00.00 nvme-wq
    182 root       0 -20       0      0      0 I   0.0   0.0   0:00.00 nvme-reset-wq
    183 root       0 -20       0      0      0 I   0.0   0.0   0:00.00 nvme-delete-wq
    192 root     -51   0       0      0      0 S   0.0   0.0   0:00.00 irq/191-aerdrv
    193 root     -51   0       0      0      0 S   0.0   0.0   0:00.00 irq/193-tegra-p
    196 root     -51   0       0      0      0 S   0.0   0.0   0:00.00 irq/193-aerdrv
    197 root     -51   0       0      0      0 S   0.0   0.0   0:00.00 irq/195-tegra-p
    199 root     -51   0       0      0      0 S   0.0   0.0   0:00.00 irq/232-nvme0q0
    200 root     -51   0       0      0      0 S   0.0   0.0   0:00.37 irq/233-nvme0q1
    201 root     -51   0       0      0      0 S   0.0   0.0   0:00.40 irq/234-nvme0q2
    202 root     -51   0       0      0      0 S   0.0   0.0   0:00.53 irq/235-nvme0q3
    203 root     -51   0       0      0      0 S   0.0   0.0   0:00.65 irq/236-nvme0q4
    204 root     -51   0       0      0      0 S   0.0   0.0   0:00.16 irq/237-nvme0q5
    205 root     -51   0       0      0      0 S   0.0   0.0   0:00.12 irq/238-nvme0q6
    211 root       0 -20       0      0      0 I   0.0   0.0   0:00.06 kworker/4:1H-kblockd
    212 root      20   0       0      0      0 S   0.0   0.0   0:01.44 jbd2/nvme0n1p1-
    213 root       0 -20       0      0      0 I   0.0   0.0   0:00.00 ext4-rsv-conver
    222 root       0 -20       0      0      0 I   0.0   0.0   0:00.00 mld
    223 root       0 -20       0      0      0 I   0.0   0.0   0:00.04 kworker/0:1H-kblockd
    224 root       0 -20       0      0      0 I   0.0   0.0   0:00.00 ipv6_addrconf
    278 root       0 -20       0      0      0 I   0.0   0.0   0:00.08 kworker/2:1H-kblockd
    280 root      39  19       0      0      0 S   0.0   0.0   0:01.64 nvmap-bz
    281 root     -51   0       0      0      0 S   0.0   0.0   0:00.00 irq/188-host1x_
    285 root     -51   0       0      0      0 S   0.0   0.0   0:00.00 irq/197-gk20a_s
    286 root     -51   0       0      0      0 S   0.0   0.0   0:00.02 irq/198-gk20a_s
    287 root     -51   0       0      0      0 S   0.0   0.0   0:00.03 irq/199-gk20a_s
    288 root     -51   0       0      0      0 S   0.0   0.0   0:00.00 irq/200-gk20a_n
    291 root       0 -20       0      0      0 I   0.0   0.0   0:00.06 kworker/5:1H-kblockd
    295 root      20   0   11116   3460   3204 S   0.0   0.0   0:00.00 nv-tee-supplica
    299 root      20   0   76588   1360   1248 S   0.0   0.0   0:00.01 tee-supplicant
    301 root       0 -20       0      0      0 I   0.0   0.0   0:00.00 optee_bus_scan
    303 root     -51   0       0      0      0 S   0.0   0.0   0:00.00 irq/189-tegra-p
    312 root      20   0   23732   6316   4080 S   0.0   0.1   0:26.85 systemd-udevd
    313 root     -51   0       0      0      0 S   0.0   0.0   0:00.00 irq/189-aerdrv
    314 root      20   0   23216   5820   3992 S   0.0   0.1   0:00.40 systemd-udevd
    315 root      20   0   23216   5020   3248 S   0.0   0.1   0:00.15 systemd-udevd
    316 root      20   0   23268   6252   4316 S   0.0   0.1   0:00.16 systemd-udevd
    317 root      20   0   23220   4364   2600 S   0.0   0.1   0:00.11 systemd-udevd
    318 root      20   0   23216   4480   2672 S   0.0   0.1   0:00.12 systemd-udevd
    319 root      20   0   23212   5820   3980 S   0.0   0.1   0:00.29 systemd-udevd
    320 root      20   0   23264   4688   2764 S   0.0   0.1   0:00.13 systemd-udevd
    321 root      20   0   23268   5072   3136 S   0.0   0.1   0:00.18 systemd-udevd
    322 root      20   0   23524   5520   3456 S   0.0   0.1   0:00.27 systemd-udevd
    323 root      20   0   23216   6296   4444 S   0.0   0.1   0:00.41 systemd-udevd
    324 root      20   0   23220   5196   3388 S   0.0   0.1   0:00.16 systemd-udevd
    325 root      20   0   23220   5820   3976 S   0.0   0.1   0:00.40 systemd-udevd
    326 root      20   0   23220   5252   3388 S   0.0   0.1   0:00.42 systemd-udevd
    327 root      20   0   23220   5504   3684 S   0.0   0.1   0:00.18 systemd-udevd
    330 root      20   0   23512   5728   3684 S   0.0   0.1   0:00.14 systemd-udevd
    331 root      20   0   24292   5540   2676 S   0.0   0.1   0:00.16 systemd-udevd
    333 root      20   0   23524   5596   3532 S   0.0   0.1   0:00.27 systemd-udevd
    334 root      20   0   23220   5584   3740 S   0.0   0.1   0:00.27 systemd-udevd
    335 root      20   0   23220   4504   2708 S   0.0   0.1   0:00.11 systemd-udevd
    336 root      20   0   23220   4696   2892 S   0.0   0.1   0:00.14 systemd-udevd
    337 root      20   0   23524   5056   2992 S   0.0   0.1   0:00.16 systemd-udevd
    339 root      20   0   23220   4980   3148 S   0.0   0.1   0:00.17 systemd-udevd
    340 root      20   0   23544   6732   4608 S   0.0   0.1   1:30.05 systemd-udevd
    341 root      20   0   23276   5328   3384 S   0.0   0.1   0:00.13 systemd-udevd
    342 root      20   0   23280   5176   3228 S   0.0   0.1   0:00.13 systemd-udevd
    343 root      20   0   23220   5988   4152 S   0.0   0.1   0:00.32 systemd-udevd
    344 root      20   0   23560   6700   4596 S   0.0   0.1   0:00.55 systemd-udevd
    345 root      20   0       0      0      0 S   0.0   0.0   0:00.00 15820000.crypto
    346 root      20   0       0      0      0 S   0.0   0.0   0:00.00 15840000.crypto
    368 root      20   0   23324   5984   4116 S   0.0   0.1   0:00.45 systemd-udevd
    417 root     -51   0       0      0      0 S   0.0   0.0   0:00.00 irq/219-bc00000
    419 root      -2   0       0      0      0 S   0.0   0.0   0:00.00 capture-control
    420 root      -2   0       0      0      0 S   0.0   0.0   0:00.00 capture
    422 root     -51   0       0      0      0 S   0.0   0.0   0:00.00 irq/214-tegra_d
    423 root     -51   0       0      0      0 S   0.0   0.0   0:00.00 irq/215-tegra_d
    424 root       0 -20       0      0      0 I   0.0   0.0   0:00.00 dce-async-ipc-w
    425 root     -51   0       0      0      0 S   0.0   0.0   0:00.00 irq/240-nvvrs-p
    427 root      20   0       0      0      0 S   0.0   0.0   0:00.00 nv_queue
    428 root      20   0       0      0      0 S   0.0   0.0   0:00.00 nv_queue
    483 root     -51   0       0      0      0 S   0.0   0.0   0:00.00 irq/118-3210000
    487 root      20   0       0      0      0 S   0.0   0.0   0:00.00 spi0
    495 root       0 -20       0      0      0 I   0.0   0.0   0:00.00 cfg80211
    497 root     -51   0       0      0      0 S   0.0   0.0   0:00.00 irq/119-3230000
    498 root      20   0       0      0      0 S   0.0   0.0   0:00.00 spi1
    584 root       0 -20       0      0      0 I   0.0   0.0   0:00.00 btfwwork
    650 root      20   0    8236   6424   1432 S   0.0   0.1   0:00.72 haveged
    653 _rpc      20   0    7932   2264   1912 S   0.0   0.0   0:00.03 rpcbind
    659 systemd+  20   0   26320  13580   8496 S   0.0   0.2   0:00.53 systemd-resolve
    662 systemd+  20   0   88880   6332   5484 S   0.0   0.1   0:00.15 systemd-timesyn
    826 avahi     20   0    8084   3108   2752 S   0.0   0.0   0:00.66 avahi-daemon
    827 root      20   0    9888   4552   4112 S   0.0   0.1   0:00.07 bluetoothd
    838 root      20   0   43504  19780  10232 S   0.0   0.3   0:00.15 networkd-dispat
    849 root      20   0  241652   9056   6312 S   0.0   0.1   0:00.59 power-profiles-
    854 syslog    20   0  222160   5012   3672 S   0.0   0.1   0:05.52 rsyslogd
    859 root      20   0    2240    796    720 S   0.0   0.0   0:00.00 seatd
    865 root      20   0 2145956  51416  25768 S   0.0   0.7   0:36.75 snapd
    867 root      20   0  242124   7452   6576 S   0.0   0.1   0:02.12 accounts-daemon
    869 root      20   0  238128   6232   5620 S   0.0   0.1   0:00.04 switcheroo-cont
    874 root      20   0  394188  13988   9476 S   0.0   0.2   0:01.03 udisksd
    875 root      20   0   16632   9928   8148 S   0.0   0.1   0:01.30 wpa_supplicant
    882 avahi     20   0    7812    356      0 S   0.0   0.0   0:00.00 avahi-daemon
    921 root      30  10   11248   3612   3220 S   0.0   0.0   0:08.48 wifi_mon.sh
    983 root      20   0    2460   1556   1380 S   0.0   0.0   0:08.23 nvfancontrol
   1049 root      20   0       0      0      0 S   0.0   0.0   0:00.00 sw-quiesce
   1052 root      20   0       0      0      0 S   0.0   0.0   0:20.93 nvgpu_channel_p
   1068 root      20   0       0      0      0 S   0.0   0.0   0:00.00 nvgpu_pg_init_g
   1087 root      20   0       0      0      0 S   0.0   0.0   0:00.00 nvgpu_clk_arb_p
   1117 root      20   0       0      0      0 S   0.0   0.0   0:07.68 RTW_CMD_THREAD
   1157 root      20   0   75936   9960   8136 S   0.0   0.1   0:00.01 nvargus-daemon
   1158 root      20   0   11116   3520   3220 S   0.0   0.0   0:00.08 nvmemwarning.sh
   1171 root      20   0   22192   1776   1580 S   0.0   0.0   0:00.00 nvs-service
   1181 ollama    20   0 2006720  39588  20072 S   0.0   0.5   0:01.07 ollama
   1195 root      20   0    2336   1408   1292 S   0.0   0.0   0:01.96 run-cups-browse
   1201 root      20   0    2336   1424   1296 S   0.0   0.0   0:02.02 run-cupsd
   1204 root      20   0       0      0      0 S   0.0   0.0   0:00.00 pr/ramoops-1
   1239 root      20   0   10772   2824   2576 S   0.0   0.0   0:00.06 cron
   1259 root      20   0  243128   8056   7012 S   0.0   0.1   0:00.02 gdm3
   1263 kernoops  20   0   12812    452      0 S   0.0   0.0   0:00.02 kerneloops
   1290 root      20   0    9468    800    724 S   0.0   0.0   0:00.00 agetty
   1291 kernoops  20   0   12812    452      0 S   0.0   0.0   0:00.02 kerneloops
   1293 root      20   0    9468    804    724 S   0.0   0.0   0:00.00 agetty
   1330 root      20   0  173408   8804   7628 S   0.0   0.1   0:00.02 gdm-session-wor
   1417 root      20   0       0      0      0 S   0.0   0.0   0:00.00 file-storage
   1426 root      20   0   15272   8368   6788 S   0.0   0.1   0:00.72 sshd
   1474 gdm       20   0   18120   9728   7360 S   0.0   0.1   0:00.46 systemd
   1478 root      20   0    3076    992    880 S   0.0   0.0   0:00.00 nvphsd
   1483 root      20   0    3208   1476   1316 S   0.0   0.0   0:00.00 nvphsd
   1497 gdm       20   0  106692   4552      0 S   0.0   0.1   0:00.00 (sd-pam)
   1688 gdm        9 -11   41972   6472   5156 S   0.0   0.1   0:00.07 pipewire
   1689 gdm       20   0   25476   6428   5104 S   0.0   0.1   0:01.69 pipewire-media-
   1690 gdm        9 -11  891840  20748  12584 S   0.0   0.3   0:00.94 pulseaudio
   1695 gdm       20   0  163948   5472   4964 S   0.0   0.1   0:00.00 gdm-x-session
   1697 root      20   0   24.2g  80528  35884 S   0.0   1.0   0:02.02 Xorg
   1698 rtkit     21   1  153504   1588   1380 S   0.0   0.0   0:00.31 rtkit-daemon
   1729 gdm       20   0    8840   3600   3212 S   0.0   0.0   0:00.02 dbus-daemon
   1748 root      20   0       0      0      0 S   0.0   0.0   0:00.00 nvidia-modeset/
   1749 root      20   0       0      0      0 S   0.0   0.0   0:00.00 nvidia-modeset/
   1752 root      20   0       0      0      0 S   0.0   0.0   0:00.00 nvidia
   1753 root      20   0       0      0      0 S   0.0   0.0   0:00.00 nv_queue
   1790 root      20   0       0      0      0 S   0.0   0.0   0:00.00 nvidia-drm-nv-t
   1791 root     -51   0       0      0      0 S   0.0   0.0   0:00.00 card1-crtc0
   1792 root     -51   0       0      0      0 S   0.0   0.0   0:00.00 card1-crtc1
   1980 gdm       20   0    5876   1552   1344 S   0.0   0.0   0:00.00 dbus-run-sessio
   1983 gdm       20   0    9108   4440   3588 S   0.0   0.1   0:00.13 dbus-daemon
   2035 gdm       20   0  597840  17824  12972 S   0.0   0.2   0:01.00 gnome-session-b
   2057 gdm       20   0  310068   8976   6272 S   0.0   0.1   0:00.00 at-spi-bus-laun
   2062 gdm       20   0    8692   3556   3168 S   0.0   0.0   0:00.00 dbus-daemon
   2092 gdm       20   0  237676   4964   4528 S   0.0   0.1   0:00.00 xdg-permission-
   2099 root      20   0  243852  10136   6984 S   0.0   0.1   0:00.47 upowerd
   2106 root      20   0  301608  19332  16408 S   0.0   0.2   0:01.56 packagekitd
   2110 gdm       20   0 2812288  25716  20860 S   0.0   0.3   0:00.08 gjs
   2113 gdm       20   0  163144   7196   6428 S   0.0   0.1   0:00.02 at-spi2-registr
   2141 gdm       20   0  468748   9856   7940 S   0.0   0.1   0:01.96 gsd-sharing
   2146 gdm       20   0  338880  14892  12620 S   0.0   0.2   0:00.06 gsd-wacom
   2148 gdm       20   0  451616  18896  16480 S   0.0   0.2   0:00.22 gsd-color
   2150 gdm       20   0  412392  17092  13292 S   0.0   0.2   0:00.04 gsd-keyboard
   2152 gdm       20   0  316864  13188   6244 S   0.0   0.2   0:00.10 ibus-daemon
   2156 gdm       20   0  326124   9848   8488 S   0.0   0.1   0:00.02 gsd-print-notif
   2166 gdm       20   0  242216   6512   5848 S   0.0   0.1   0:00.01 gvfsd
   2168 gdm       20   0  459796   6140   5436 S   0.0   0.1   0:00.57 gsd-rfkill
   2170 gdm       20   0  388312   7432   6528 S   0.0   0.1   0:00.01 gsd-smartcard
   2173 gdm       20   0  380556  16508  12504 S   0.0   0.2   0:00.03 gsd-datetime
   2183 gdm       20   0  864216  20108  17428 S   0.0   0.3   0:00.52 gsd-media-keys
   2184 gdm       20   0  237936   4760   4376 S   0.0   0.1   0:00.01 gsd-screensaver
   2185 gdm       20   0  322096  10392   7320 S   0.0   0.1   0:00.02 gsd-sound
   2186 gdm       20   0  312416   8104   5476 S   0.0   0.1   0:00.01 gsd-a11y-settin
   2193 gdm       20   0  313996   8944   6152 S   0.0   0.1   0:00.97 gsd-housekeepin
   2195 gdm       20   0  450004  20288  15904 S   0.0   0.3   0:00.52 gsd-power
   2218 gdm       20   0  347052  12608  10748 S   0.0   0.2   0:00.03 gsd-printer
   2221 gdm       20   0  239040   6576   5948 S   0.0   0.1   0:00.00 ibus-dconf
   2233 gdm       20   0  238936   5920   5488 S   0.0   0.1   0:00.00 ibus-portal
   2263 colord    20   0  247516  14492   8720 S   0.0   0.2   0:00.27 colord
   2285 gdm       20   0 2812300  27868  20904 S   0.0   0.4   0:00.09 gjs
   2349 gdm       20   0  165096   6516   5892 S   0.0   0.1   0:00.01 ibus-engine-sim
   2508 root      20   0  136716  13172   9512 S   0.0   0.2   0:00.70 cupsd
   2522 root      20   0  260792  17940  13508 S   0.0   0.2   0:01.60 cups-browsed
  11687 jetson    20   0   18140   9764   7368 S   0.0   0.1   0:00.37 systemd
  11688 jetson    20   0  172512   4632      0 S   0.0   0.1   0:00.00 (sd-pam)
  11696 jetson    20   0   41976   6552   5228 S   0.0   0.1   0:00.06 pipewire
  11697 jetson    20   0   25484   6724   5388 S   0.0   0.1   0:01.86 pipewire-media-
  11749 jetson    20   0    8888   4168   3672 S   0.0   0.1   0:00.03 dbus-daemon
  11931 jetson    20   0  707268  63144  26432 S   0.0   0.8   2:16.41 python3
  13234 jetson    20   0  203640  35476  13212 S   0.0   0.5   0:00.75 ros2
  13236 jetson    20   0 2070472  36080  17228 S   0.0   0.5   0:00.90 docker
  13238 jetson    20   0  428524  31584  15828 S   0.0   0.4   2:22.07 robot_state_pub
  13265 root      20   0 1232976  11076   5960 S   0.0   0.1   0:02.38 containerd-shim
  13294 root      20   0   49400  29204  14412 S   0.0   0.4   0:00.40 ros2
  90870 root      20   0       0      0      0 I   0.0   0.0   0:23.05 kworker/u12:11-events_unbound
 100141 root      20   0       0      0      0 I   0.0   0.0   0:22.80 kworker/u12:6-events_unbound
 417230 root      20   0       0      0      0 I   0.0   0.0   0:07.53 kworker/u12:0-events_freezable_power_
 437586 root      20   0       0      0      0 I   0.0   0.0   0:06.18 kworker/u12:4-events_unbound
 465092 root      20   0  238836   6948   5700 S   0.0   0.1   0:01.12 iio-sensor-prox
 481530 root       0 -20       0      0      0 I   0.0   0.0   0:07.87 kworker/u13:3-uvcvideo
 494770 root      20   0 1233488  12520   6732 S   0.0   0.2   0:08.94 containerd-shim
 494799 jetson    20   0    5508    792    704 S   0.0   0.0   0:00.21 sleep
 494866 root      20   0   21760   5464   3940 S   0.0   0.1   0:03.59 systemd-udevd
 494879 root      20   0   21756   3352   1840 S   0.0   0.0   0:01.00 systemd-udevd
 509136 root      20   0       0      0      0 I   0.0   0.0   0:03.67 kworker/u12:5-events_unbound
 512501 root      20   0       0      0      0 I   0.0   0.0   0:00.21 kworker/4:0-events
 513123 jetson    20   0  572504  38640  13228 S   0.0   0.5   0:01.15 ros2
 513219 root      20   0   21752   3192   1712 S   0.0   0.0   0:00.00 systemd-udevd
 513220 root      20   0   21760   3352   1840 S   0.0   0.0   0:00.00 systemd-udevd
 513233 root      20   0   21760   3356   1840 S   0.0   0.0   0:00.00 systemd-udevd
 513234 root      20   0   21760   3356   1840 S   0.0   0.0   0:00.00 systemd-udevd
 513235 root      20   0   21760   3336   1840 S   0.0   0.0   0:00.00 systemd-udevd
 513236 root      20   0   21760   3352   1840 S   0.0   0.0   0:00.00 systemd-udevd
 513237 root      20   0   21760   3336   1840 S   0.0   0.0   0:00.00 systemd-udevd
 513250 root      20   0   21760   4428   2868 S   0.0   0.1   0:05.98 systemd-udevd
 513251 root      20   0   21760   3840   2288 S   0.0   0.0   0:00.00 systemd-udevd
 513265 root      20   0   21760   4056   2496 S   0.0   0.1   0:00.00 systemd-udevd
 513266 root      20   0   21760   3244   1712 S   0.0   0.0   0:00.00 systemd-udevd
 513437 jetson    20   0  129772  36180  13228 S   0.0   0.5   0:00.78 ros2
 536340 root      20   0       0      0      0 I   0.0   0.0   0:00.15 kworker/1:1-cgroup_destroy
 536745 root       0 -20       0      0      0 I   0.0   0.0   0:05.51 kworker/u13:4-uvcvideo
 538507 root      20   0       0      0      0 I   0.0   0.0   0:00.18 kworker/0:0-events
 550304 root      20   0       0      0      0 I   0.0   0.0   0:00.30 kworker/5:0-events
 562560 root      20   0       0      0      0 I   0.0   0.0   0:01.72 kworker/u12:1-events_freezable_power_
 568778 root      20   0       0      0      0 I   0.0   0.0   0:00.00 kworker/2:0-cgroup_destroy
 576600 root      20   0       0      0      0 I   0.0   0.0   0:00.18 kworker/3:0-events
 576729 root      20   0       0      0      0 I   0.0   0.0   0:00.08 kworker/5:1-events
 576909 root      20   0       0      0      0 I   0.0   0.0   0:00.02 kworker/4:1-events
 582730 root      20   0       0      0      0 I   0.0   0.0   0:01.30 kworker/u12:2-events_freezable_power_
 589172 root      20   0       0      0      0 I   0.0   0.0   0:00.72 kworker/u12:10-events_unbound
 590592 root      20   0       0      0      0 I   0.0   0.0   0:00.00 kworker/0:2-cgroup_destroy
 591089 root       0 -20       0      0      0 I   0.0   0.0   0:02.94 kworker/u13:1-uvcvideo
 602672 root      20   0       0      0      0 I   0.0   0.0   0:00.07 kworker/1:3-events
 608435 root      20   0       0      0      0 I   0.0   0.0   0:00.00 kworker/3:2-events
 608538 root      20   0       0      0      0 I   0.0   0.0   0:00.00 kworker/2:2-events
 609021 jetson    20   0  796964  40120  13228 S   0.0   0.5   0:01.29 ros2
 609103 jetson    20   0   11248   3076   2756 S   0.0   0.0   0:00.24 bash
 609212 root      20   0       0      0      0 I   0.0   0.0   0:00.04 kworker/0:1-events
 609220 jetson    20   0   53568  30340  15008 S   0.0   0.4   0:00.41 ros2
 613727 root      20   0    9436    780    704 S   0.0   0.0   0:00.00 sleep
 615420 root      20   0       0      0      0 I   0.0   0.0   0:00.01 kworker/4:2-events
 617319 root      20   0       0      0      0 I   0.0   0.0   0:00.00 kworker/0:3-cgroup_destroy
 621315 root      20   0       0      0      0 I   0.0   0.0   0:00.00 kworker/1:0-events
 621531 root      20   0       0      0      0 I   0.0   0.0   0:00.00 kworker/5:2-events
 622272 root      20   0       0      0      0 I   0.0   0.0   0:00.00 kworker/u12:7-devfreq_wq
 623951 jetson    20   0   11248   3292   2852 S   0.0   0.0   0:00.03 bash
 626884 jetson    20   0   11248   3292   2860 S   0.0   0.0   0:00.01 bash
 627202 jetson    20   0    9480    808    724 S   0.0   0.0   0:00.00 tail
 627452 root      30  10    9436    784    704 S   0.0   0.0   0:00.00 sleep
 627560 jetson    20   0    9444    788    704 S   0.0   0.0   0:00.00 sleep

top - 15:55:54 up  6:19,  0 users,  load average: 10.18, 8.54, 6.85
Tasks: 351 total,   5 running, 346 sleeping,   0 stopped,   0 zombie
%Cpu(s): 42.1 us,  9.6 sy,  0.0 ni, 43.7 id,  0.0 wa,  2.5 hi,  2.1 si,  0.0 st
MiB Mem :   7607.4 total,   2360.7 free,   2220.0 used,   3026.6 buff/cache
MiB Swap:   3803.7 total,   3803.7 free,      0.0 used.   5070.4 avail Mem 

    PID USER      PR  NI    VIRT    RES    SHR S  %CPU  %MEM     TIME+ COMMAND
 627201 jetson    20   0  754088  71908  29564 R  41.9   0.9   0:03.48 python3
 513359 jetson    20   0  709132  64972  27276 S  36.5   0.8  14:12.86 python3
 609057 jetson    20   0  962968  50012  23524 S  35.0   0.6   0:39.43 controller_serv
 626968 jetson    20   0  764024  55912  25372 S  25.1   0.7   0:03.13 ros2
 609244 jetson    20   0 9351828 401416  83868 S  17.2   5.2   0:58.66 nvblox_node
 609065 jetson    20   0  530908  46344  26216 R  16.3   0.6   0:35.66 bt_navigator
 513129 jetson    20   0  432964  27132  14244 S  14.8   0.3   6:29.74 rplidar_node
 513125 jetson    20   0 1750824 109316  51324 S  14.3   1.4   5:33.32 realsense2_came
 513439 jetson    20   0 1061928  51388  24360 S  14.3   0.7   1:31.25 async_slam_tool
 513361 jetson    20   0  506336  34940  18388 S  11.8   0.4   4:32.02 ekf_node
 609086 jetson    20   0  577388  31744  16252 S  11.3   0.4   0:41.23 lifecycle_manag
 513131 jetson    20   0  708192  64296  27388 R   9.9   0.8   3:27.93 python3
 609055 jetson    20   0  709540  62092  27352 R   9.9   0.8   0:19.12 python3
 609061 jetson    20   0 1070624  71192  24604 S   9.4   0.9   0:37.79 planner_server
 609063 jetson    20   0  516308  35412  21032 S   6.9   0.5   0:28.94 behavior_server
 609059 jetson    20   0  664532  34976  19412 S   6.4   0.4   0:24.50 smoother_server
 609067 jetson    20   0  431292  29316  17020 S   5.9   0.4   0:20.81 waypoint_follow
 609077 jetson    20   0  428704  29676  15956 S   5.9   0.4   0:20.92 velocity_smooth
  13320 root      20   0 1300496  44944  11392 S   4.4   0.6  30:12.24 micro_ros_agent
 513127 jetson    20   0  710644  65280  27232 S   3.4   0.8   2:01.82 python3
    904 root      rt   0       0      0      0 S   1.5   0.0   1:47.38 sugov:0
    909 root      rt   0       0      0      0 S   1.5   0.0   0:50.19 sugov:4
 418183 root       0 -20       0      0      0 I   1.5   0.0   0:13.03 kworker/u13:0-uvcvideo
    865 root      20   0 2145956  51416  25768 S   1.0   0.7   0:36.77 snapd
 437586 root      20   0       0      0      0 I   1.0   0.0   0:06.20 kworker/u12:4-events_freezable_power_
 626969 jetson    20   0   14340   3376   2764 R   1.0   0.0   0:00.14 top
    212 root      20   0       0      0      0 S   0.5   0.0   0:01.45 jbd2/nvme0n1p1-
    340 root      20   0   23544   6732   4608 S   0.5   0.1   1:30.06 systemd-udevd
   1117 root      20   0       0      0      0 S   0.5   0.0   0:07.69 RTW_CMD_THREAD
 407770 root      20   0       0      0      0 I   0.5   0.0   0:09.22 kworker/u12:9-events_unbound
 494770 root      20   0 1233488  12780   6732 S   0.5   0.2   0:08.95 containerd-shim
 494866 root      20   0   21760   5464   3940 S   0.5   0.1   0:03.60 systemd-udevd
 509136 root      20   0       0      0      0 I   0.5   0.0   0:03.68 kworker/u12:5-events_unbound
 513250 root      20   0   21760   4428   2868 S   0.5   0.1   0:05.99 systemd-udevd
 576909 root      20   0       0      0      0 I   0.5   0.0   0:00.03 kworker/4:1-events
 609021 jetson    20   0  796964  40120  13228 S   0.5   0.5   0:01.30 ros2
      1 root      20   0  167628  11768   7448 S   0.0   0.2   0:29.36 systemd
      2 root      20   0       0      0      0 S   0.0   0.0   0:00.03 kthreadd
      3 root       0 -20       0      0      0 I   0.0   0.0   0:00.00 rcu_gp
      4 root       0 -20       0      0      0 I   0.0   0.0   0:00.00 rcu_par_gp
      5 root       0 -20       0      0      0 I   0.0   0.0   0:00.00 slub_flushwq
      6 root       0 -20       0      0      0 I   0.0   0.0   0:00.00 netns
      8 root       0 -20       0      0      0 I   0.0   0.0   0:00.00 kworker/0:0H-events_highpri
     10 root       0 -20       0      0      0 I   0.0   0.0   0:00.00 mm_percpu_wq
     11 root      20   0       0      0      0 S   0.0   0.0   0:00.00 rcu_tasks_kthre
     12 root      20   0       0      0      0 S   0.0   0.0   0:00.00 rcu_tasks_rude_
     13 root      20   0       0      0      0 S   0.0   0.0   0:00.00 rcu_tasks_trace
     14 root      20   0       0      0      0 S   0.0   0.0   0:22.55 ksoftirqd/0
     15 root      20   0       0      0      0 I   0.0   0.0   0:09.95 rcu_preempt
     16 root      rt   0       0      0      0 S   0.0   0.0   0:00.02 migration/0
     17 root      20   0       0      0      0 S   0.0   0.0   0:00.00 cpuhp/0
     18 root      20   0       0      0      0 S   0.0   0.0   0:00.00 cpuhp/1
     19 root      rt   0       0      0      0 S   0.0   0.0   0:00.03 migration/1
     20 root      20   0       0      0      0 S   0.0   0.0   0:01.60 ksoftirqd/1
     22 root       0 -20       0      0      0 I   0.0   0.0   0:00.00 kworker/1:0H-events_highpri
     23 root      20   0       0      0      0 S   0.0   0.0   0:00.00 cpuhp/2
     24 root      rt   0       0      0      0 S   0.0   0.0   0:00.02 migration/2
     25 root      20   0       0      0      0 S   0.0   0.0   0:01.61 ksoftirqd/2
     27 root       0 -20       0      0      0 I   0.0   0.0   0:00.00 kworker/2:0H-events_highpri
     28 root      20   0       0      0      0 S   0.0   0.0   0:00.00 cpuhp/3
     29 root      rt   0       0      0      0 S   0.0   0.0   0:00.02 migration/3
     30 root      20   0       0      0      0 S   0.0   0.0   0:01.49 ksoftirqd/3
     32 root       0 -20       0      0      0 I   0.0   0.0   0:00.00 kworker/3:0H-events_highpri
     33 root      20   0       0      0      0 S   0.0   0.0   0:00.00 cpuhp/4
     34 root      rt   0       0      0      0 S   0.0   0.0   0:00.06 migration/4
     35 root      20   0       0      0      0 S   0.0   0.0   0:01.11 ksoftirqd/4
     37 root       0 -20       0      0      0 I   0.0   0.0   0:00.00 kworker/4:0H-kblockd
     38 root      20   0       0      0      0 S   0.0   0.0   0:00.00 cpuhp/5
     39 root      rt   0       0      0      0 S   0.0   0.0   0:00.07 migration/5
     40 root      20   0       0      0      0 S   0.0   0.0   0:01.16 ksoftirqd/5
     42 root       0 -20       0      0      0 I   0.0   0.0   0:00.00 kworker/5:0H-events_highpri
     43 root      20   0       0      0      0 S   0.0   0.0   0:00.01 kdevtmpfs
     44 root       0 -20       0      0      0 I   0.0   0.0   0:00.00 inet_frag_wq
     51 root      20   0       0      0      0 S   0.0   0.0   0:00.00 kauditd
     52 root      20   0       0      0      0 S   0.0   0.0   0:00.00 oom_reaper
     53 root       0 -20       0      0      0 I   0.0   0.0   0:00.00 writeback
     54 root      20   0       0      0      0 S   0.0   0.0   0:00.18 kcompactd0
     55 root      25   5       0      0      0 S   0.0   0.0   0:00.00 ksmd
     56 root      39  19       0      0      0 S   0.0   0.0   0:02.04 khugepaged
     67 root       0 -20       0      0      0 I   0.0   0.0   0:00.00 cryptd
     86 root       0 -20       0      0      0 I   0.0   0.0   0:00.00 kintegrityd
     87 root       0 -20       0      0      0 I   0.0   0.0   0:00.00 kblockd
     88 root       0 -20       0      0      0 I   0.0   0.0   0:00.00 blkcg_punt_bio
     89 root       0 -20       0      0      0 I   0.0   0.0   0:00.00 tpm_dev_wq
     90 root       0 -20       0      0      0 I   0.0   0.0   0:00.00 ata_sff
     91 root       0 -20       0      0      0 I   0.0   0.0   0:00.00 edac-poller
     92 root       0 -20       0      0      0 I   0.0   0.0   0:00.00 devfreq_wq
     93 root     -51   0       0      0      0 S   0.0   0.0   0:00.00 watchdogd
     96 root       0 -20       0      0      0 I   0.0   0.0   0:00.06 kworker/1:1H-kblockd
     97 root       0 -20       0      0      0 I   0.0   0.0   0:00.00 rpciod
     99 root       0 -20       0      0      0 I   0.0   0.0   0:00.00 xprtiod
    127 root      20   0       0      0      0 S   0.0   0.0   0:00.00 kswapd0
    128 root       0 -20       0      0      0 I   0.0   0.0   0:00.00 nfsiod
    132 root       0 -20       0      0      0 I   0.0   0.0   0:00.00 vfio-irqfd-clea
    133 root       0 -20       0      0      0 I   0.0   0.0   0:00.00 bch_btree_io
    134 root       0 -20       0      0      0 I   0.0   0.0   0:00.00 bcache
    135 root       0 -20       0      0      0 I   0.0   0.0   0:00.00 bch_journal
    136 root       0 -20       0      0      0 I   0.0   0.0   0:00.00 dm_bufio_cache
    139 root      20   0       0      0      0 I   0.0   0.0   0:01.86 kworker/2:3-events
    140 root      10 -10       0      0      0 S   0.0   0.0   0:00.00 krfcommd
    141 root      20   0       0      0      0 S   0.0   0.0   0:00.01 pr/tty0
    142 root      20   0       0      0      0 S   0.0   0.0   0:03.09 pr/ttyTCU0
    145 root     -51   0       0      0      0 S   0.0   0.0   0:00.00 irq/114-3160000
    147 root     -51   0       0      0      0 S   0.0   0.0   0:00.00 irq/115-3180000
    149 root     -51   0       0      0      0 S   0.0   0.0   0:00.00 irq/116-31b0000
    150 root     -51   0       0      0      0 S   0.0   0.0   0:00.03 irq/167-c240000
    151 root     -51   0       0      0      0 S   0.0   0.0   0:00.00 irq/168-c250000
    152 root     -51   0       0      0      0 S   0.0   0.0   0:00.00 irq/125-3610000
    153 root     -51   0       0      0      0 S   0.0   0.0   0:00.00 irq/122-3610000
    155 root       0 -20       0      0      0 I   0.0   0.0   0:00.00 sdhci
    156 root     -51   0       0      0      0 S   0.0   0.0   0:00.00 irq/120-mmc0
    157 root     -51   0       0      0      0 S   0.0   0.0   0:00.00 irq/230-3400000
    174 root       0 -20       0      0      0 I   0.0   0.0   0:00.06 kworker/3:1H-kblockd
    180 root     -51   0       0      0      0 S   0.0   0.0   0:00.00 irq/191-tegra-p
    181 root       0 -20       0      0      0 I   0.0   0.0   0:00.00 nvme-wq
    182 root       0 -20       0      0      0 I   0.0   0.0   0:00.00 nvme-reset-wq
    183 root       0 -20       0      0      0 I   0.0   0.0   0:00.00 nvme-delete-wq
    192 root     -51   0       0      0      0 S   0.0   0.0   0:00.00 irq/191-aerdrv
    193 root     -51   0       0      0      0 S   0.0   0.0   0:00.00 irq/193-tegra-p
    196 root     -51   0       0      0      0 S   0.0   0.0   0:00.00 irq/193-aerdrv
    197 root     -51   0       0      0      0 S   0.0   0.0   0:00.00 irq/195-tegra-p
    199 root     -51   0       0      0      0 S   0.0   0.0   0:00.00 irq/232-nvme0q0
    200 root     -51   0       0      0      0 S   0.0   0.0   0:00.37 irq/233-nvme0q1
    201 root     -51   0       0      0      0 S   0.0   0.0   0:00.40 irq/234-nvme0q2
    202 root     -51   0       0      0      0 S   0.0   0.0   0:00.53 irq/235-nvme0q3
    203 root     -51   0       0      0      0 S   0.0   0.0   0:00.65 irq/236-nvme0q4
    204 root     -51   0       0      0      0 S   0.0   0.0   0:00.16 irq/237-nvme0q5
    205 root     -51   0       0      0      0 S   0.0   0.0   0:00.12 irq/238-nvme0q6
    211 root       0 -20       0      0      0 I   0.0   0.0   0:00.06 kworker/4:1H-kblockd
    213 root       0 -20       0      0      0 I   0.0   0.0   0:00.00 ext4-rsv-conver
    222 root       0 -20       0      0      0 I   0.0   0.0   0:00.00 mld
    223 root       0 -20       0      0      0 I   0.0   0.0   0:00.04 kworker/0:1H-kblockd
    224 root       0 -20       0      0      0 I   0.0   0.0   0:00.00 ipv6_addrconf
    256 root      19  -1   76560  38072  36444 S   0.0   0.5   0:29.07 systemd-journal
    278 root       0 -20       0      0      0 I   0.0   0.0   0:00.08 kworker/2:1H-kblockd
    280 root      39  19       0      0      0 S   0.0   0.0   0:01.64 nvmap-bz
    281 root     -51   0       0      0      0 S   0.0   0.0   0:00.00 irq/188-host1x_
    285 root     -51   0       0      0      0 S   0.0   0.0   0:00.00 irq/197-gk20a_s
    286 root     -51   0       0      0      0 S   0.0   0.0   0:00.02 irq/198-gk20a_s
    287 root     -51   0       0      0      0 S   0.0   0.0   0:00.03 irq/199-gk20a_s
    288 root     -51   0       0      0      0 S   0.0   0.0   0:00.00 irq/200-gk20a_n
    291 root       0 -20       0      0      0 I   0.0   0.0   0:00.06 kworker/5:1H-kblockd
    295 root      20   0   11116   3460   3204 S   0.0   0.0   0:00.00 nv-tee-supplica
    299 root      20   0   76588   1360   1248 S   0.0   0.0   0:00.01 tee-supplicant
    301 root       0 -20       0      0      0 I   0.0   0.0   0:00.00 optee_bus_scan
    303 root     -51   0       0      0      0 S   0.0   0.0   0:00.00 irq/189-tegra-p
    312 root      20   0   23732   6316   4080 S   0.0   0.1   0:26.85 systemd-udevd
    313 root     -51   0       0      0      0 S   0.0   0.0   0:00.00 irq/189-aerdrv
    314 root      20   0   23216   5820   3992 S   0.0   0.1   0:00.40 systemd-udevd
    315 root      20   0   23216   5020   3248 S   0.0   0.1   0:00.15 systemd-udevd
    316 root      20   0   23268   6252   4316 S   0.0   0.1   0:00.16 systemd-udevd
    317 root      20   0   23220   4364   2600 S   0.0   0.1   0:00.11 systemd-udevd
    318 root      20   0   23216   4480   2672 S   0.0   0.1   0:00.12 systemd-udevd
    319 root      20   0   23212   5820   3980 S   0.0   0.1   0:00.29 systemd-udevd
    320 root      20   0   23264   4688   2764 S   0.0   0.1   0:00.13 systemd-udevd
    321 root      20   0   23268   5072   3136 S   0.0   0.1   0:00.18 systemd-udevd
    322 root      20   0   23524   5520   3456 S   0.0   0.1   0:00.27 systemd-udevd
    323 root      20   0   23216   6296   4444 S   0.0   0.1   0:00.41 systemd-udevd
    324 root      20   0   23220   5196   3388 S   0.0   0.1   0:00.16 systemd-udevd
    325 root      20   0   23220   5820   3976 S   0.0   0.1   0:00.40 systemd-udevd
    326 root      20   0   23220   5252   3388 S   0.0   0.1   0:00.42 systemd-udevd
    327 root      20   0   23220   5504   3684 S   0.0   0.1   0:00.18 systemd-udevd
    330 root      20   0   23512   5728   3684 S   0.0   0.1   0:00.14 systemd-udevd
    331 root      20   0   24292   5540   2676 S   0.0   0.1   0:00.16 systemd-udevd
    333 root      20   0   23524   5596   3532 S   0.0   0.1   0:00.27 systemd-udevd
    334 root      20   0   23220   5584   3740 S   0.0   0.1   0:00.27 systemd-udevd
    335 root      20   0   23220   4504   2708 S   0.0   0.1   0:00.11 systemd-udevd
    336 root      20   0   23220   4696   2892 S   0.0   0.1   0:00.14 systemd-udevd
    337 root      20   0   23524   5056   2992 S   0.0   0.1   0:00.16 systemd-udevd
    339 root      20   0   23220   4980   3148 S   0.0   0.1   0:00.17 systemd-udevd
    341 root      20   0   23276   5328   3384 S   0.0   0.1   0:00.13 systemd-udevd
    342 root      20   0   23280   5176   3228 S   0.0   0.1   0:00.13 systemd-udevd
    343 root      20   0   23220   5988   4152 S   0.0   0.1   0:00.32 systemd-udevd
    344 root      20   0   23560   6700   4596 S   0.0   0.1   0:00.55 systemd-udevd
    345 root      20   0       0      0      0 S   0.0   0.0   0:00.00 15820000.crypto
    346 root      20   0       0      0      0 S   0.0   0.0   0:00.00 15840000.crypto
    368 root      20   0   23324   5984   4116 S   0.0   0.1   0:00.45 systemd-udevd
    417 root     -51   0       0      0      0 S   0.0   0.0   0:00.00 irq/219-bc00000
    419 root      -2   0       0      0      0 S   0.0   0.0   0:00.00 capture-control
    420 root      -2   0       0      0      0 S   0.0   0.0   0:00.00 capture
    422 root     -51   0       0      0      0 S   0.0   0.0   0:00.00 irq/214-tegra_d
    423 root     -51   0       0      0      0 S   0.0   0.0   0:00.00 irq/215-tegra_d
    424 root       0 -20       0      0      0 I   0.0   0.0   0:00.00 dce-async-ipc-w
    425 root     -51   0       0      0      0 S   0.0   0.0   0:00.00 irq/240-nvvrs-p
    427 root      20   0       0      0      0 S   0.0   0.0   0:00.00 nv_queue
    428 root      20   0       0      0      0 S   0.0   0.0   0:00.00 nv_queue
    483 root     -51   0       0      0      0 S   0.0   0.0   0:00.00 irq/118-3210000
    487 root      20   0       0      0      0 S   0.0   0.0   0:00.00 spi0
    495 root       0 -20       0      0      0 I   0.0   0.0   0:00.00 cfg80211
    497 root     -51   0       0      0      0 S   0.0   0.0   0:00.00 irq/119-3230000
    498 root      20   0       0      0      0 S   0.0   0.0   0:00.00 spi1
    584 root       0 -20       0      0      0 I   0.0   0.0   0:00.00 btfwwork
    650 root      20   0    8236   6424   1432 S   0.0   0.1   0:00.72 haveged
    653 _rpc      20   0    7932   2264   1912 S   0.0   0.0   0:00.03 rpcbind
    659 systemd+  20   0   26320  13580   8496 S   0.0   0.2   0:00.53 systemd-resolve
    662 systemd+  20   0   88880   6332   5484 S   0.0   0.1   0:00.15 systemd-timesyn
    826 avahi     20   0    8084   3108   2752 S   0.0   0.0   0:00.66 avahi-daemon
    827 root      20   0    9888   4552   4112 S   0.0   0.1   0:00.07 bluetoothd
    828 message+  20   0   10496   5632   3584 S   0.0   0.1   0:42.42 dbus-daemon
    829 root      20   0  264864  18900  14872 S   0.0   0.2   0:38.70 NetworkManager
    838 root      20   0   43504  19780  10232 S   0.0   0.3   0:00.15 networkd-dispat
    849 root      20   0  241652   9056   6312 S   0.0   0.1   0:00.59 power-profiles-
    854 syslog    20   0  222160   5012   3672 S   0.0   0.1   0:05.52 rsyslogd
    859 root      20   0    2240    796    720 S   0.0   0.0   0:00.00 seatd
    867 root      20   0  242124   7452   6576 S   0.0   0.1   0:02.12 accounts-daemon
    869 root      20   0  238128   6232   5620 S   0.0   0.1   0:00.04 switcheroo-cont
    871 root      20   0   48968   7620   6296 S   0.0   0.1   0:03.61 systemd-logind
    874 root      20   0  394188  13988   9476 S   0.0   0.2   0:01.03 udisksd
    875 root      20   0   16632   9928   8148 S   0.0   0.1   0:01.30 wpa_supplicant
    882 avahi     20   0    7812    356      0 S   0.0   0.0   0:00.00 avahi-daemon
    921 root      30  10   11248   3612   3220 S   0.0   0.0   0:08.48 wifi_mon.sh
    969 root      20   0  237044  10468   6400 S   0.0   0.1   3:05.40 polkitd
    983 root      20   0    2460   1556   1380 S   0.0   0.0   0:08.23 nvfancontrol
   1049 root      20   0       0      0      0 S   0.0   0.0   0:00.00 sw-quiesce
   1052 root      20   0       0      0      0 S   0.0   0.0   0:20.93 nvgpu_channel_p
   1068 root      20   0       0      0      0 S   0.0   0.0   0:00.00 nvgpu_pg_init_g
   1087 root      20   0       0      0      0 S   0.0   0.0   0:00.00 nvgpu_clk_arb_p
   1157 root      20   0   75936   9960   8136 S   0.0   0.1   0:00.01 nvargus-daemon
   1158 root      20   0   11116   3520   3220 S   0.0   0.0   0:00.08 nvmemwarning.sh
   1171 root      20   0   22192   1776   1580 S   0.0   0.0   0:00.00 nvs-service
   1181 ollama    20   0 2006720  39588  20072 S   0.0   0.5   0:01.07 ollama
   1195 root      20   0    2336   1408   1292 S   0.0   0.0   0:01.96 run-cups-browse
   1201 root      20   0    2336   1424   1296 S   0.0   0.0   0:02.02 run-cupsd
   1204 root      20   0       0      0      0 S   0.0   0.0   0:00.00 pr/ramoops-1
   1212 root      20   0 2093336  76348  33916 S   0.0   1.0   0:38.48 containerd
   1239 root      20   0   10772   2824   2576 S   0.0   0.0   0:00.06 cron
   1259 root      20   0  243128   8056   7012 S   0.0   0.1   0:00.02 gdm3
   1263 kernoops  20   0   12812    452      0 S   0.0   0.0   0:00.02 kerneloops
   1290 root      20   0    9468    800    724 S   0.0   0.0   0:00.00 agetty
   1291 kernoops  20   0   12812    452      0 S   0.0   0.0   0:00.02 kerneloops
   1293 root      20   0    9468    804    724 S   0.0   0.0   0:00.00 agetty
   1330 root      20   0  173408   8804   7628 S   0.0   0.1   0:00.02 gdm-session-wor
   1417 root      20   0       0      0      0 S   0.0   0.0   0:00.00 file-storage
   1426 root      20   0   15272   8368   6788 S   0.0   0.1   0:00.72 sshd
   1474 gdm       20   0   18120   9728   7360 S   0.0   0.1   0:00.46 systemd
   1478 root      20   0    3076    992    880 S   0.0   0.0   0:00.00 nvphsd
   1483 root      20   0    3208   1476   1316 S   0.0   0.0   0:00.00 nvphsd
   1497 gdm       20   0  106692   4552      0 S   0.0   0.1   0:00.00 (sd-pam)
   1588 root      20   0 2353004 116452  56964 S   0.0   1.5   0:27.73 dockerd
   1688 gdm        9 -11   41972   6472   5156 S   0.0   0.1   0:00.07 pipewire
   1689 gdm       20   0   25476   6428   5104 S   0.0   0.1   0:01.69 pipewire-media-
   1690 gdm        9 -11  891840  20748  12584 S   0.0   0.3   0:00.94 pulseaudio
   1695 gdm       20   0  163948   5472   4964 S   0.0   0.1   0:00.00 gdm-x-session
   1697 root      20   0   24.2g  80528  35884 S   0.0   1.0   0:02.02 Xorg
   1698 rtkit     21   1  153504   1588   1380 S   0.0   0.0   0:00.31 rtkit-daemon
   1729 gdm       20   0    8840   3600   3212 S   0.0   0.0   0:00.02 dbus-daemon
   1748 root      20   0       0      0      0 S   0.0   0.0   0:00.00 nvidia-modeset/
   1749 root      20   0       0      0      0 S   0.0   0.0   0:00.00 nvidia-modeset/
   1752 root      20   0       0      0      0 S   0.0   0.0   0:00.00 nvidia
   1753 root      20   0       0      0      0 S   0.0   0.0   0:00.00 nv_queue
   1790 root      20   0       0      0      0 S   0.0   0.0   0:00.00 nvidia-drm-nv-t
   1791 root     -51   0       0      0      0 S   0.0   0.0   0:00.00 card1-crtc0
   1792 root     -51   0       0      0      0 S   0.0   0.0   0:00.00 card1-crtc1
   1980 gdm       20   0    5876   1552   1344 S   0.0   0.0   0:00.00 dbus-run-sessio
   1983 gdm       20   0    9108   4440   3588 S   0.0   0.1   0:00.13 dbus-daemon
   2035 gdm       20   0  597840  17824  12972 S   0.0   0.2   0:01.00 gnome-session-b
   2057 gdm       20   0  310068   8976   6272 S   0.0   0.1   0:00.00 at-spi-bus-laun
   2062 gdm       20   0    8692   3556   3168 S   0.0   0.0   0:00.00 dbus-daemon
   2071 gdm       20   0 3471500 137260  73260 S   0.0   1.8   0:47.08 gnome-shell
   2092 gdm       20   0  237676   4964   4528 S   0.0   0.1   0:00.00 xdg-permission-
   2099 root      20   0  243852  10136   6984 S   0.0   0.1   0:00.47 upowerd
   2106 root      20   0  301608  19332  16408 S   0.0   0.2   0:01.56 packagekitd
   2110 gdm       20   0 2812288  25716  20860 S   0.0   0.3   0:00.08 gjs
   2113 gdm       20   0  163144   7196   6428 S   0.0   0.1   0:00.02 at-spi2-registr
   2141 gdm       20   0  468748   9856   7940 S   0.0   0.1   0:01.96 gsd-sharing
   2146 gdm       20   0  338880  14892  12620 S   0.0   0.2   0:00.06 gsd-wacom
   2148 gdm       20   0  451616  18896  16480 S   0.0   0.2   0:00.22 gsd-color
   2150 gdm       20   0  412392  17092  13292 S   0.0   0.2   0:00.04 gsd-keyboard
   2152 gdm       20   0  316864  13188   6244 S   0.0   0.2   0:00.10 ibus-daemon
   2156 gdm       20   0  326124   9848   8488 S   0.0   0.1   0:00.02 gsd-print-notif
   2166 gdm       20   0  242216   6512   5848 S   0.0   0.1   0:00.01 gvfsd
   2168 gdm       20   0  459796   6140   5436 S   0.0   0.1   0:00.57 gsd-rfkill
   2170 gdm       20   0  388312   7432   6528 S   0.0   0.1   0:00.01 gsd-smartcard
   2173 gdm       20   0  380556  16508  12504 S   0.0   0.2   0:00.03 gsd-datetime
   2183 gdm       20   0  864216  20108  17428 S   0.0   0.3   0:00.52 gsd-media-keys
   2184 gdm       20   0  237936   4760   4376 S   0.0   0.1   0:00.01 gsd-screensaver
   2185 gdm       20   0  322096  10392   7320 S   0.0   0.1   0:00.02 gsd-sound
   2186 gdm       20   0  312416   8104   5476 S   0.0   0.1   0:00.01 gsd-a11y-settin
   2193 gdm       20   0  313996   8944   6152 S   0.0   0.1   0:00.97 gsd-housekeepin
   2195 gdm       20   0  450004  20288  15904 S   0.0   0.3   0:00.52 gsd-power
   2218 gdm       20   0  347052  12608  10748 S   0.0   0.2   0:00.03 gsd-printer
   2221 gdm       20   0  239040   6576   5948 S   0.0   0.1   0:00.00 ibus-dconf
   2233 gdm       20   0  238936   5920   5488 S   0.0   0.1   0:00.00 ibus-portal
   2263 colord    20   0  247516  14492   8720 S   0.0   0.2   0:00.27 colord
   2285 gdm       20   0 2812300  27868  20904 S   0.0   0.4   0:00.09 gjs
   2349 gdm       20   0  165096   6516   5892 S   0.0   0.1   0:00.01 ibus-engine-sim
   2508 root      20   0  136716  13172   9512 S   0.0   0.2   0:00.70 cupsd
   2522 root      20   0  260792  17940  13508 S   0.0   0.2   0:01.60 cups-browsed
  11687 jetson    20   0   18140   9764   7368 S   0.0   0.1   0:00.37 systemd
  11688 jetson    20   0  172512   4632      0 S   0.0   0.1   0:00.00 (sd-pam)
  11696 jetson    20   0   41976   6552   5228 S   0.0   0.1   0:00.06 pipewire
  11697 jetson    20   0   25484   6724   5388 S   0.0   0.1   0:01.86 pipewire-media-
  11749 jetson    20   0    8888   4168   3672 S   0.0   0.1   0:00.03 dbus-daemon
  11931 jetson    20   0  707268  63144  26432 S   0.0   0.8   2:16.41 python3
  13234 jetson    20   0  203640  35476  13212 S   0.0   0.5   0:00.75 ros2
  13236 jetson    20   0 2070472  36080  17228 S   0.0   0.5   0:00.90 docker
  13238 jetson    20   0  428524  31584  15828 S   0.0   0.4   2:22.07 robot_state_pub
  13265 root      20   0 1232976  11076   5960 S   0.0   0.1   0:02.38 containerd-shim
  13294 root      20   0   49400  29204  14412 S   0.0   0.4   0:00.40 ros2
  90870 root      20   0       0      0      0 I   0.0   0.0   0:23.05 kworker/u12:11-events_unbound
 100141 root      20   0       0      0      0 I   0.0   0.0   0:22.80 kworker/u12:6-events_unbound
 284193 root      20   0       0      0      0 I   0.0   0.0   0:13.23 kworker/u12:3-events_unbound
 417230 root      20   0       0      0      0 I   0.0   0.0   0:07.53 kworker/u12:0-events_freezable_power_
 465092 root      20   0  238836   6948   5700 S   0.0   0.1   0:01.12 iio-sensor-prox
 481530 root       0 -20       0      0      0 I   0.0   0.0   0:07.87 kworker/u13:3-uvcvideo
 494799 jetson    20   0    5508    792    704 S   0.0   0.0   0:00.21 sleep
 494879 root      20   0   21756   3352   1840 S   0.0   0.0   0:01.00 systemd-udevd
 512501 root      20   0       0      0      0 I   0.0   0.0   0:00.21 kworker/4:0-events
 513123 jetson    20   0  572504  38640  13228 S   0.0   0.5   0:01.15 ros2
 513133 jetson    20   0 1082972  60484  26368 S   0.0   0.8   1:15.07 foxglove_bridge
 513219 root      20   0   21752   3192   1712 S   0.0   0.0   0:00.00 systemd-udevd
 513220 root      20   0   21760   3352   1840 S   0.0   0.0   0:00.00 systemd-udevd
 513233 root      20   0   21760   3356   1840 S   0.0   0.0   0:00.00 systemd-udevd
 513234 root      20   0   21760   3356   1840 S   0.0   0.0   0:00.00 systemd-udevd
 513235 root      20   0   21760   3336   1840 S   0.0   0.0   0:00.00 systemd-udevd
 513236 root      20   0   21760   3352   1840 S   0.0   0.0   0:00.00 systemd-udevd
 513237 root      20   0   21760   3336   1840 S   0.0   0.0   0:00.00 systemd-udevd
 513251 root      20   0   21760   3840   2288 S   0.0   0.0   0:00.00 systemd-udevd
 513265 root      20   0   21760   4056   2496 S   0.0   0.1   0:00.00 systemd-udevd
 513266 root      20   0   21760   3244   1712 S   0.0   0.0   0:00.00 systemd-udevd
 513437 jetson    20   0  129772  36180  13228 S   0.0   0.5   0:00.78 ros2
 536340 root      20   0       0      0      0 I   0.0   0.0   0:00.15 kworker/1:1-cgroup_destroy
 536745 root       0 -20       0      0      0 I   0.0   0.0   0:05.51 kworker/u13:4-uvcvideo
 538507 root      20   0       0      0      0 I   0.0   0.0   0:00.18 kworker/0:0-events
 550304 root      20   0       0      0      0 I   0.0   0.0   0:00.30 kworker/5:0-events
 562560 root      20   0       0      0      0 I   0.0   0.0   0:01.72 kworker/u12:1-events_unbound
 568778 root      20   0       0      0      0 I   0.0   0.0   0:00.00 kworker/2:0-cgroup_destroy
 576600 root      20   0       0      0      0 I   0.0   0.0   0:00.18 kworker/3:0-events
 576729 root      20   0       0      0      0 I   0.0   0.0   0:00.08 kworker/5:1-events
 582730 root      20   0       0      0      0 I   0.0   0.0   0:01.30 kworker/u12:2-events_freezable_power_
 589172 root      20   0       0      0      0 I   0.0   0.0   0:00.72 kworker/u12:10-events_freezable_power_
 590592 root      20   0       0      0      0 I   0.0   0.0   0:00.00 kworker/0:2-cgroup_destroy
 591089 root       0 -20       0      0      0 I   0.0   0.0   0:02.94 kworker/u13:1-uvcvideo
 602672 root      20   0       0      0      0 I   0.0   0.0   0:00.07 kworker/1:3-events
 608435 root      20   0       0      0      0 I   0.0   0.0   0:00.00 kworker/3:2-events
 608538 root      20   0       0      0      0 I   0.0   0.0   0:00.00 kworker/2:2-events
 609103 jetson    20   0   11248   3076   2756 S   0.0   0.0   0:00.24 bash
 609212 root      20   0       0      0      0 I   0.0   0.0   0:00.04 kworker/0:1-events
 609220 jetson    20   0   53568  30340  15008 S   0.0   0.4   0:00.41 ros2
 613727 root      20   0    9436    780    704 S   0.0   0.0   0:00.00 sleep
 615420 root      20   0       0      0      0 I   0.0   0.0   0:00.01 kworker/4:2-events
 617319 root      20   0       0      0      0 I   0.0   0.0   0:00.00 kworker/0:3-cgroup_destroy
 621315 root      20   0       0      0      0 I   0.0   0.0   0:00.00 kworker/1:0-events
 621531 root      20   0       0      0      0 I   0.0   0.0   0:00.00 kworker/5:2-events
 622272 root      20   0       0      0      0 I   0.0   0.0   0:00.00 kworker/u12:7-events_unbound
 623951 jetson    20   0   11248   3292   2852 S   0.0   0.0   0:00.03 bash
 626884 jetson    20   0   11248   3292   2860 S   0.0   0.0   0:00.01 bash
 626970 jetson    20   0    2872    896    800 S   0.0   0.0   0:00.03 tegrastats
 627202 jetson    20   0    9480    808    724 S   0.0   0.0   0:00.00 tail
 627452 root      30  10    9436    784    704 S   0.0   0.0   0:00.00 sleep
 627683 jetson    20   0    9444    788    704 S   0.0   0.0   0:00.00 sleep

top - 15:55:56 up  6:19,  0 users,  load average: 10.24, 8.58, 6.87
Tasks: 351 total,   4 running, 347 sleeping,   0 stopped,   0 zombie
%Cpu(s): 43.3 us, 10.7 sy,  0.0 ni, 41.6 id,  0.0 wa,  2.3 hi,  2.1 si,  0.0 st
MiB Mem :   7607.4 total,   2360.7 free,   2220.0 used,   3026.6 buff/cache
MiB Swap:   3803.7 total,   3803.7 free,      0.0 used.   5070.4 avail Mem 

    PID USER      PR  NI    VIRT    RES    SHR S  %CPU  %MEM     TIME+ COMMAND
 627201 jetson    20   0  754188  71932  29564 R  42.1   0.9   0:04.33 python3
 513359 jetson    20   0  709132  64972  27276 S  34.7   0.8  14:13.56 python3
 609057 jetson    20   0  962968  50012  23524 S  31.2   0.6   0:40.06 controller_serv
 626968 jetson    20   0  764024  55912  25372 S  22.8   0.7   0:03.59 ros2
 609065 jetson    20   0  530908  46344  26216 S  16.8   0.6   0:36.00 bt_navigator
 609244 jetson    20   0 9351828 401420  83868 S  16.3   5.2   0:58.99 nvblox_node
    969 root      20   0  237044  10468   6400 S  14.9   0.1   3:05.70 polkitd
 513129 jetson    20   0  432964  27132  14244 S  14.4   0.3   6:30.03 rplidar_node
 513125 jetson    20   0 1750824 109316  51324 S  13.4   1.4   5:33.59 realsense2_came
 609086 jetson    20   0  577388  31744  16252 S  11.4   0.4   0:41.46 lifecycle_manag
 513361 jetson    20   0  506336  34940  18388 R  10.9   0.4   4:32.24 ekf_node
 609055 jetson    20   0  709540  62092  27352 R   9.4   0.8   0:19.31 python3
 609061 jetson    20   0 1070624  71272  24604 S   9.4   0.9   0:37.98 planner_server
 513131 jetson    20   0  708192  64296  27388 S   8.9   0.8   3:28.11 python3
 609063 jetson    20   0  516308  35412  21032 S   7.4   0.5   0:29.09 behavior_server
 513439 jetson    20   0 1061928  51388  24360 S   6.4   0.7   1:31.38 async_slam_tool
 609059 jetson    20   0  664676  34984  19412 S   5.9   0.4   0:24.62 smoother_server
 609077 jetson    20   0  428704  29676  15956 S   5.9   0.4   0:21.04 velocity_smooth
 609067 jetson    20   0  431292  29316  17020 S   5.4   0.4   0:20.92 waypoint_follow
  13320 root      20   0 1300496  44944  11392 S   5.0   0.6  30:12.34 micro_ros_agent
    828 message+  20   0   10496   5632   3584 S   3.5   0.1   0:42.49 dbus-daemon
 513127 jetson    20   0  710644  65280  27232 S   3.5   0.8   2:01.89 python3
      1 root      20   0  167628  11768   7448 S   2.5   0.2   0:29.41 systemd
    829 root      20   0  264864  18900  14872 S   2.5   0.2   0:38.75 NetworkManager
    909 root      rt   0       0      0      0 S   1.5   0.0   0:50.22 sugov:4
 418183 root       0 -20       0      0      0 I   1.5   0.0   0:13.06 kworker/u13:0-uvcvideo
    904 root      rt   0       0      0      0 S   1.0   0.0   1:47.40 sugov:0
     30 root      20   0       0      0      0 S   0.5   0.0   0:01.50 ksoftirqd/3
    340 root      20   0   23544   6732   4608 S   0.5   0.1   1:30.07 systemd-udevd
    871 root      20   0   48968   7620   6296 S   0.5   0.1   0:03.62 systemd-logind
   1212 root      20   0 2093336  76348  33916 S   0.5   1.0   0:38.49 containerd
   1588 root      20   0 2353004 116452  56964 S   0.5   1.5   0:27.74 dockerd
   2071 gdm       20   0 3471500 137260  73260 S   0.5   1.8   0:47.09 gnome-shell
   2141 gdm       20   0  468748   9856   7940 S   0.5   0.1   0:01.97 gsd-sharing
 494770 root      20   0 1233488  12780   6732 S   0.5   0.2   0:08.96 containerd-shim
 562560 root      20   0       0      0      0 I   0.5   0.0   0:01.73 kworker/u12:1-events_unbound
 582730 root      20   0       0      0      0 I   0.5   0.0   0:01.31 kworker/u12:2-events_freezable_power_
 602672 root      20   0       0      0      0 I   0.5   0.0   0:00.08 kworker/1:3-events
 609021 jetson    20   0  796964  40120  13228 S   0.5   0.5   0:01.31 ros2
 626969 jetson    20   0   14340   3376   2764 R   0.5   0.0   0:00.15 top
 626970 jetson    20   0    2872    896    800 S   0.5   0.0   0:00.04 tegrastats
      2 root      20   0       0      0      0 S   0.0   0.0   0:00.03 kthreadd
      3 root       0 -20       0      0      0 I   0.0   0.0   0:00.00 rcu_gp
      4 root       0 -20       0      0      0 I   0.0   0.0   0:00.00 rcu_par_gp
      5 root       0 -20       0      0      0 I   0.0   0.0   0:00.00 slub_flushwq
      6 root       0 -20       0      0      0 I   0.0   0.0   0:00.00 netns
      8 root       0 -20       0      0      0 I   0.0   0.0   0:00.00 kworker/0:0H-events_highpri
     10 root       0 -20       0      0      0 I   0.0   0.0   0:00.00 mm_percpu_wq
     11 root      20   0       0      0      0 S   0.0   0.0   0:00.00 rcu_tasks_kthre
     12 root      20   0       0      0      0 S   0.0   0.0   0:00.00 rcu_tasks_rude_
     13 root      20   0       0      0      0 S   0.0   0.0   0:00.00 rcu_tasks_trace
     14 root      20   0       0      0      0 S   0.0   0.0   0:22.55 ksoftirqd/0
     15 root      20   0       0      0      0 I   0.0   0.0   0:09.95 rcu_preempt
     16 root      rt   0       0      0      0 S   0.0   0.0   0:00.02 migration/0
     17 root      20   0       0      0      0 S   0.0   0.0   0:00.00 cpuhp/0
     18 root      20   0       0      0      0 S   0.0   0.0   0:00.00 cpuhp/1
     19 root      rt   0       0      0      0 S   0.0   0.0   0:00.03 migration/1
     20 root      20   0       0      0      0 S   0.0   0.0   0:01.60 ksoftirqd/1
     22 root       0 -20       0      0      0 I   0.0   0.0   0:00.00 kworker/1:0H-events_highpri
     23 root      20   0       0      0      0 S   0.0   0.0   0:00.00 cpuhp/2
     24 root      rt   0       0      0      0 S   0.0   0.0   0:00.02 migration/2
     25 root      20   0       0      0      0 S   0.0   0.0   0:01.61 ksoftirqd/2
     27 root       0 -20       0      0      0 I   0.0   0.0   0:00.00 kworker/2:0H-events_highpri
     28 root      20   0       0      0      0 S   0.0   0.0   0:00.00 cpuhp/3
     29 root      rt   0       0      0      0 S   0.0   0.0   0:00.02 migration/3
     32 root       0 -20       0      0      0 I   0.0   0.0   0:00.00 kworker/3:0H-events_highpri
     33 root      20   0       0      0      0 S   0.0   0.0   0:00.00 cpuhp/4
     34 root      rt   0       0      0      0 S   0.0   0.0   0:00.06 migration/4
     35 root      20   0       0      0      0 S   0.0   0.0   0:01.11 ksoftirqd/4
     37 root       0 -20       0      0      0 I   0.0   0.0   0:00.00 kworker/4:0H-kblockd
     38 root      20   0       0      0      0 S   0.0   0.0   0:00.00 cpuhp/5
     39 root      rt   0       0      0      0 S   0.0   0.0   0:00.07 migration/5
     40 root      20   0       0      0      0 S   0.0   0.0   0:01.16 ksoftirqd/5
     42 root       0 -20       0      0      0 I   0.0   0.0   0:00.00 kworker/5:0H-events_highpri
     43 root      20   0       0      0      0 S   0.0   0.0   0:00.01 kdevtmpfs
     44 root       0 -20       0      0      0 I   0.0   0.0   0:00.00 inet_frag_wq
     51 root      20   0       0      0      0 S   0.0   0.0   0:00.00 kauditd
     52 root      20   0       0      0      0 S   0.0   0.0   0:00.00 oom_reaper
     53 root       0 -20       0      0      0 I   0.0   0.0   0:00.00 writeback
     54 root      20   0       0      0      0 S   0.0   0.0   0:00.18 kcompactd0
     55 root      25   5       0      0      0 S   0.0   0.0   0:00.00 ksmd
     56 root      39  19       0      0      0 S   0.0   0.0   0:02.04 khugepaged
     67 root       0 -20       0      0      0 I   0.0   0.0   0:00.00 cryptd
     86 root       0 -20       0      0      0 I   0.0   0.0   0:00.00 kintegrityd
     87 root       0 -20       0      0      0 I   0.0   0.0   0:00.00 kblockd
     88 root       0 -20       0      0      0 I   0.0   0.0   0:00.00 blkcg_punt_bio
     89 root       0 -20       0      0      0 I   0.0   0.0   0:00.00 tpm_dev_wq
     90 root       0 -20       0      0      0 I   0.0   0.0   0:00.00 ata_sff
     91 root       0 -20       0      0      0 I   0.0   0.0   0:00.00 edac-poller
     92 root       0 -20       0      0      0 I   0.0   0.0   0:00.00 devfreq_wq
     93 root     -51   0       0      0      0 S   0.0   0.0   0:00.00 watchdogd
     96 root       0 -20       0      0      0 I   0.0   0.0   0:00.06 kworker/1:1H-kblockd
     97 root       0 -20       0      0      0 I   0.0   0.0   0:00.00 rpciod
     99 root       0 -20       0      0      0 I   0.0   0.0   0:00.00 xprtiod
    127 root      20   0       0      0      0 S   0.0   0.0   0:00.00 kswapd0
    128 root       0 -20       0      0      0 I   0.0   0.0   0:00.00 nfsiod
    132 root       0 -20       0      0      0 I   0.0   0.0   0:00.00 vfio-irqfd-clea
    133 root       0 -20       0      0      0 I   0.0   0.0   0:00.00 bch_btree_io
    134 root       0 -20       0      0      0 I   0.0   0.0   0:00.00 bcache
    135 root       0 -20       0      0      0 I   0.0   0.0   0:00.00 bch_journal
    136 root       0 -20       0      0      0 I   0.0   0.0   0:00.00 dm_bufio_cache
    139 root      20   0       0      0      0 I   0.0   0.0   0:01.86 kworker/2:3-events
    140 root      10 -10       0      0      0 S   0.0   0.0   0:00.00 krfcommd
    141 root      20   0       0      0      0 S   0.0   0.0   0:00.01 pr/tty0
    142 root      20   0       0      0      0 S   0.0   0.0   0:03.09 pr/ttyTCU0
    145 root     -51   0       0      0      0 S   0.0   0.0   0:00.00 irq/114-3160000
    147 root     -51   0       0      0      0 S   0.0   0.0   0:00.00 irq/115-3180000
    149 root     -51   0       0      0      0 S   0.0   0.0   0:00.00 irq/116-31b0000
    150 root     -51   0       0      0      0 S   0.0   0.0   0:00.03 irq/167-c240000
    151 root     -51   0       0      0      0 S   0.0   0.0   0:00.00 irq/168-c250000
    152 root     -51   0       0      0      0 S   0.0   0.0   0:00.00 irq/125-3610000
    153 root     -51   0       0      0      0 S   0.0   0.0   0:00.00 irq/122-3610000
    155 root       0 -20       0      0      0 I   0.0   0.0   0:00.00 sdhci
    156 root     -51   0       0      0      0 S   0.0   0.0   0:00.00 irq/120-mmc0
    157 root     -51   0       0      0      0 S   0.0   0.0   0:00.00 irq/230-3400000
    174 root       0 -20       0      0      0 I   0.0   0.0   0:00.06 kworker/3:1H-kblockd
    180 root     -51   0       0      0      0 S   0.0   0.0   0:00.00 irq/191-tegra-p
    181 root       0 -20       0      0      0 I   0.0   0.0   0:00.00 nvme-wq
    182 root       0 -20       0      0      0 I   0.0   0.0   0:00.00 nvme-reset-wq
    183 root       0 -20       0      0      0 I   0.0   0.0   0:00.00 nvme-delete-wq
    192 root     -51   0       0      0      0 S   0.0   0.0   0:00.00 irq/191-aerdrv
    193 root     -51   0       0      0      0 S   0.0   0.0   0:00.00 irq/193-tegra-p
    196 root     -51   0       0      0      0 S   0.0   0.0   0:00.00 irq/193-aerdrv
    197 root     -51   0       0      0      0 S   0.0   0.0   0:00.00 irq/195-tegra-p
    199 root     -51   0       0      0      0 S   0.0   0.0   0:00.00 irq/232-nvme0q0
    200 root     -51   0       0      0      0 S   0.0   0.0   0:00.37 irq/233-nvme0q1
    201 root     -51   0       0      0      0 S   0.0   0.0   0:00.40 irq/234-nvme0q2
    202 root     -51   0       0      0      0 S   0.0   0.0   0:00.53 irq/235-nvme0q3
    203 root     -51   0       0      0      0 S   0.0   0.0   0:00.65 irq/236-nvme0q4
    204 root     -51   0       0      0      0 S   0.0   0.0   0:00.16 irq/237-nvme0q5
    205 root     -51   0       0      0      0 S   0.0   0.0   0:00.12 irq/238-nvme0q6
    211 root       0 -20       0      0      0 I   0.0   0.0   0:00.06 kworker/4:1H-kblockd
    212 root      20   0       0      0      0 S   0.0   0.0   0:01.45 jbd2/nvme0n1p1-
    213 root       0 -20       0      0      0 I   0.0   0.0   0:00.00 ext4-rsv-conver
    222 root       0 -20       0      0      0 I   0.0   0.0   0:00.00 mld
    223 root       0 -20       0      0      0 I   0.0   0.0   0:00.04 kworker/0:1H-kblockd
    224 root       0 -20       0      0      0 I   0.0   0.0   0:00.00 ipv6_addrconf
    256 root      19  -1   76560  38072  36444 S   0.0   0.5   0:29.07 systemd-journal
    278 root       0 -20       0      0      0 I   0.0   0.0   0:00.08 kworker/2:1H-kblockd
    280 root      39  19       0      0      0 S   0.0   0.0   0:01.64 nvmap-bz
    281 root     -51   0       0      0      0 S   0.0   0.0   0:00.00 irq/188-host1x_
    285 root     -51   0       0      0      0 S   0.0   0.0   0:00.00 irq/197-gk20a_s
    286 root     -51   0       0      0      0 S   0.0   0.0   0:00.02 irq/198-gk20a_s
    287 root     -51   0       0      0      0 S   0.0   0.0   0:00.03 irq/199-gk20a_s
    288 root     -51   0       0      0      0 S   0.0   0.0   0:00.00 irq/200-gk20a_n
    291 root       0 -20       0      0      0 I   0.0   0.0   0:00.06 kworker/5:1H-kblockd
    295 root      20   0   11116   3460   3204 S   0.0   0.0   0:00.00 nv-tee-supplica
    299 root      20   0   76588   1360   1248 S   0.0   0.0   0:00.01 tee-supplicant
    301 root       0 -20       0      0      0 I   0.0   0.0   0:00.00 optee_bus_scan
    303 root     -51   0       0      0      0 S   0.0   0.0   0:00.00 irq/189-tegra-p
    312 root      20   0   23732   6316   4080 S   0.0   0.1   0:26.85 systemd-udevd
    313 root     -51   0       0      0      0 S   0.0   0.0   0:00.00 irq/189-aerdrv
    314 root      20   0   23216   5820   3992 S   0.0   0.1   0:00.40 systemd-udevd
    315 root      20   0   23216   5020   3248 S   0.0   0.1   0:00.15 systemd-udevd
    316 root      20   0   23268   6252   4316 S   0.0   0.1   0:00.16 systemd-udevd
    317 root      20   0   23220   4364   2600 S   0.0   0.1   0:00.11 systemd-udevd
    318 root      20   0   23216   4480   2672 S   0.0   0.1   0:00.12 systemd-udevd
    319 root      20   0   23212   5820   3980 S   0.0   0.1   0:00.29 systemd-udevd
    320 root      20   0   23264   4688   2764 S   0.0   0.1   0:00.13 systemd-udevd
    321 root      20   0   23268   5072   3136 S   0.0   0.1   0:00.18 systemd-udevd
    322 root      20   0   23524   5520   3456 S   0.0   0.1   0:00.27 systemd-udevd
    323 root      20   0   23216   6296   4444 S   0.0   0.1   0:00.41 systemd-udevd
    324 root      20   0   23220   5196   3388 S   0.0   0.1   0:00.16 systemd-udevd
    325 root      20   0   23220   5820   3976 S   0.0   0.1   0:00.40 systemd-udevd
    326 root      20   0   23220   5252   3388 S   0.0   0.1   0:00.42 systemd-udevd
    327 root      20   0   23220   5504   3684 S   0.0   0.1   0:00.18 systemd-udevd
    330 root      20   0   23512   5728   3684 S   0.0   0.1   0:00.14 systemd-udevd
    331 root      20   0   24292   5540   2676 S   0.0   0.1   0:00.16 systemd-udevd
    333 root      20   0   23524   5596   3532 S   0.0   0.1   0:00.27 systemd-udevd
    334 root      20   0   23220   5584   3740 S   0.0   0.1   0:00.27 systemd-udevd
    335 root      20   0   23220   4504   2708 S   0.0   0.1   0:00.11 systemd-udevd
    336 root      20   0   23220   4696   2892 S   0.0   0.1   0:00.14 systemd-udevd
    337 root      20   0   23524   5056   2992 S   0.0   0.1   0:00.16 systemd-udevd
    339 root      20   0   23220   4980   3148 S   0.0   0.1   0:00.17 systemd-udevd
    341 root      20   0   23276   5328   3384 S   0.0   0.1   0:00.13 systemd-udevd
    342 root      20   0   23280   5176   3228 S   0.0   0.1   0:00.13 systemd-udevd
    343 root      20   0   23220   5988   4152 S   0.0   0.1   0:00.32 systemd-udevd
    344 root      20   0   23560   6700   4596 S   0.0   0.1   0:00.55 systemd-udevd
    345 root      20   0       0      0      0 S   0.0   0.0   0:00.00 15820000.crypto
    346 root      20   0       0      0      0 S   0.0   0.0   0:00.00 15840000.crypto
    368 root      20   0   23324   5984   4116 S   0.0   0.1   0:00.45 systemd-udevd
    417 root     -51   0       0      0      0 S   0.0   0.0   0:00.00 irq/219-bc00000
    419 root      -2   0       0      0      0 S   0.0   0.0   0:00.00 capture-control
    420 root      -2   0       0      0      0 S   0.0   0.0   0:00.00 capture
    422 root     -51   0       0      0      0 S   0.0   0.0   0:00.00 irq/214-tegra_d
    423 root     -51   0       0      0      0 S   0.0   0.0   0:00.00 irq/215-tegra_d
    424 root       0 -20       0      0      0 I   0.0   0.0   0:00.00 dce-async-ipc-w
    425 root     -51   0       0      0      0 S   0.0   0.0   0:00.00 irq/240-nvvrs-p
    427 root      20   0       0      0      0 S   0.0   0.0   0:00.00 nv_queue
    428 root      20   0       0      0      0 S   0.0   0.0   0:00.00 nv_queue
    483 root     -51   0       0      0      0 S   0.0   0.0   0:00.00 irq/118-3210000
    487 root      20   0       0      0      0 S   0.0   0.0   0:00.00 spi0
    495 root       0 -20       0      0      0 I   0.0   0.0   0:00.00 cfg80211
    497 root     -51   0       0      0      0 S   0.0   0.0   0:00.00 irq/119-3230000
    498 root      20   0       0      0      0 S   0.0   0.0   0:00.00 spi1
    584 root       0 -20       0      0      0 I   0.0   0.0   0:00.00 btfwwork
    650 root      20   0    8236   6424   1432 S   0.0   0.1   0:00.72 haveged
    653 _rpc      20   0    7932   2264   1912 S   0.0   0.0   0:00.03 rpcbind
    659 systemd+  20   0   26320  13580   8496 S   0.0   0.2   0:00.53 systemd-resolve
    662 systemd+  20   0   88880   6332   5484 S   0.0   0.1   0:00.15 systemd-timesyn
    826 avahi     20   0    8084   3108   2752 S   0.0   0.0   0:00.66 avahi-daemon
    827 root      20   0    9888   4552   4112 S   0.0   0.1   0:00.07 bluetoothd
    838 root      20   0   43504  19780  10232 S   0.0   0.3   0:00.15 networkd-dispat
    849 root      20   0  241652   9056   6312 S   0.0   0.1   0:00.59 power-profiles-
    854 syslog    20   0  222160   5012   3672 S   0.0   0.1   0:05.52 rsyslogd
    859 root      20   0    2240    796    720 S   0.0   0.0   0:00.00 seatd
    865 root      20   0 2145956  51416  25768 S   0.0   0.7   0:36.77 snapd
    867 root      20   0  242124   7452   6576 S   0.0   0.1   0:02.12 accounts-daemon
    869 root      20   0  238128   6232   5620 S   0.0   0.1   0:00.04 switcheroo-cont
    874 root      20   0  394188  13988   9476 S   0.0   0.2   0:01.03 udisksd
    875 root      20   0   16632   9928   8148 S   0.0   0.1   0:01.30 wpa_supplicant
    882 avahi     20   0    7812    356      0 S   0.0   0.0   0:00.00 avahi-daemon
    921 root      30  10   11248   3612   3220 S   0.0   0.0   0:08.48 wifi_mon.sh
    983 root      20   0    2460   1556   1380 S   0.0   0.0   0:08.23 nvfancontrol
   1049 root      20   0       0      0      0 S   0.0   0.0   0:00.00 sw-quiesce
   1052 root      20   0       0      0      0 S   0.0   0.0   0:20.93 nvgpu_channel_p
   1068 root      20   0       0      0      0 S   0.0   0.0   0:00.00 nvgpu_pg_init_g
   1087 root      20   0       0      0      0 S   0.0   0.0   0:00.00 nvgpu_clk_arb_p
   1117 root      20   0       0      0      0 S   0.0   0.0   0:07.69 RTW_CMD_THREAD
   1157 root      20   0   75936   9960   8136 S   0.0   0.1   0:00.01 nvargus-daemon
   1158 root      20   0   11116   3520   3220 S   0.0   0.0   0:00.08 nvmemwarning.sh
   1171 root      20   0   22192   1776   1580 S   0.0   0.0   0:00.00 nvs-service
   1181 ollama    20   0 2006720  39588  20072 S   0.0   0.5   0:01.07 ollama
   1195 root      20   0    2336   1408   1292 S   0.0   0.0   0:01.96 run-cups-browse
   1201 root      20   0    2336   1424   1296 S   0.0   0.0   0:02.02 run-cupsd
   1204 root      20   0       0      0      0 S   0.0   0.0   0:00.00 pr/ramoops-1
   1239 root      20   0   10772   2824   2576 S   0.0   0.0   0:00.06 cron
   1259 root      20   0  243128   8056   7012 S   0.0   0.1   0:00.02 gdm3
   1263 kernoops  20   0   12812    452      0 S   0.0   0.0   0:00.02 kerneloops
   1290 root      20   0    9468    800    724 S   0.0   0.0   0:00.00 agetty
   1291 kernoops  20   0   12812    452      0 S   0.0   0.0   0:00.02 kerneloops
   1293 root      20   0    9468    804    724 S   0.0   0.0   0:00.00 agetty
   1330 root      20   0  173408   8804   7628 S   0.0   0.1   0:00.02 gdm-session-wor
   1417 root      20   0       0      0      0 S   0.0   0.0   0:00.00 file-storage
   1426 root      20   0   15272   8368   6788 S   0.0   0.1   0:00.72 sshd
   1474 gdm       20   0   18120   9728   7360 S   0.0   0.1   0:00.46 systemd
   1478 root      20   0    3076    992    880 S   0.0   0.0   0:00.00 nvphsd
   1483 root      20   0    3208   1476   1316 S   0.0   0.0   0:00.00 nvphsd
   1497 gdm       20   0  106692   4552      0 S   0.0   0.1   0:00.00 (sd-pam)
   1688 gdm        9 -11   41972   6472   5156 S   0.0   0.1   0:00.07 pipewire
   1689 gdm       20   0   25476   6428   5104 S   0.0   0.1   0:01.69 pipewire-media-
   1690 gdm        9 -11  891840  20748  12584 S   0.0   0.3   0:00.94 pulseaudio
   1695 gdm       20   0  163948   5472   4964 S   0.0   0.1   0:00.00 gdm-x-session
   1697 root      20   0   24.2g  80528  35884 S   0.0   1.0   0:02.02 Xorg
   1698 rtkit     21   1  153504   1588   1380 S   0.0   0.0   0:00.31 rtkit-daemon
   1729 gdm       20   0    8840   3600   3212 S   0.0   0.0   0:00.02 dbus-daemon
   1748 root      20   0       0      0      0 S   0.0   0.0   0:00.00 nvidia-modeset/
   1749 root      20   0       0      0      0 S   0.0   0.0   0:00.00 nvidia-modeset/
   1752 root      20   0       0      0      0 S   0.0   0.0   0:00.00 nvidia
   1753 root      20   0       0      0      0 S   0.0   0.0   0:00.00 nv_queue
   1790 root      20   0       0      0      0 S   0.0   0.0   0:00.00 nvidia-drm-nv-t
   1791 root     -51   0       0      0      0 S   0.0   0.0   0:00.00 card1-crtc0
   1792 root     -51   0       0      0      0 S   0.0   0.0   0:00.00 card1-crtc1
   1980 gdm       20   0    5876   1552   1344 S   0.0   0.0   0:00.00 dbus-run-sessio
   1983 gdm       20   0    9108   4440   3588 S   0.0   0.1   0:00.13 dbus-daemon
   2035 gdm       20   0  597840  17824  12972 S   0.0   0.2   0:01.00 gnome-session-b
   2057 gdm       20   0  310068   8976   6272 S   0.0   0.1   0:00.00 at-spi-bus-laun
   2062 gdm       20   0    8692   3556   3168 S   0.0   0.0   0:00.00 dbus-daemon
   2092 gdm       20   0  237676   4964   4528 S   0.0   0.1   0:00.00 xdg-permission-
   2099 root      20   0  243852  10136   6984 S   0.0   0.1   0:00.47 upowerd
   2106 root      20   0  301608  19332  16408 S   0.0   0.2   0:01.56 packagekitd
   2110 gdm       20   0 2812288  25716  20860 S   0.0   0.3   0:00.08 gjs
   2113 gdm       20   0  163144   7196   6428 S   0.0   0.1   0:00.02 at-spi2-registr
   2146 gdm       20   0  338880  14892  12620 S   0.0   0.2   0:00.06 gsd-wacom
   2148 gdm       20   0  451616  18896  16480 S   0.0   0.2   0:00.22 gsd-color
   2150 gdm       20   0  412392  17092  13292 S   0.0   0.2   0:00.04 gsd-keyboard
   2152 gdm       20   0  316864  13188   6244 S   0.0   0.2   0:00.10 ibus-daemon
   2156 gdm       20   0  326124   9848   8488 S   0.0   0.1   0:00.02 gsd-print-notif
   2166 gdm       20   0  242216   6512   5848 S   0.0   0.1   0:00.01 gvfsd
   2168 gdm       20   0  459796   6140   5436 S   0.0   0.1   0:00.57 gsd-rfkill
   2170 gdm       20   0  388312   7432   6528 S   0.0   0.1   0:00.01 gsd-smartcard
   2173 gdm       20   0  380556  16508  12504 S   0.0   0.2   0:00.03 gsd-datetime
   2183 gdm       20   0  864216  20108  17428 S   0.0   0.3   0:00.52 gsd-media-keys
   2184 gdm       20   0  237936   4760   4376 S   0.0   0.1   0:00.01 gsd-screensaver
   2185 gdm       20   0  322096  10392   7320 S   0.0   0.1   0:00.02 gsd-sound
   2186 gdm       20   0  312416   8104   5476 S   0.0   0.1   0:00.01 gsd-a11y-settin
   2193 gdm       20   0  313996   8944   6152 S   0.0   0.1   0:00.97 gsd-housekeepin
   2195 gdm       20   0  450004  20288  15904 S   0.0   0.3   0:00.52 gsd-power
   2218 gdm       20   0  347052  12608  10748 S   0.0   0.2   0:00.03 gsd-printer
   2221 gdm       20   0  239040   6576   5948 S   0.0   0.1   0:00.00 ibus-dconf
   2233 gdm       20   0  238936   5920   5488 S   0.0   0.1   0:00.00 ibus-portal
   2263 colord    20   0  247516  14492   8720 S   0.0   0.2   0:00.27 colord
   2285 gdm       20   0 2812300  27868  20904 S   0.0   0.4   0:00.09 gjs
   2349 gdm       20   0  165096   6516   5892 S   0.0   0.1   0:00.01 ibus-engine-sim
   2508 root      20   0  136716  13172   9512 S   0.0   0.2   0:00.70 cupsd
   2522 root      20   0  260792  17940  13508 S   0.0   0.2   0:01.60 cups-browsed
  11687 jetson    20   0   18140   9764   7368 S   0.0   0.1   0:00.37 systemd
  11688 jetson    20   0  172512   4632      0 S   0.0   0.1   0:00.00 (sd-pam)
  11696 jetson    20   0   41976   6552   5228 S   0.0   0.1   0:00.06 pipewire
  11697 jetson    20   0   25484   6724   5388 S   0.0   0.1   0:01.86 pipewire-media-
  11749 jetson    20   0    8888   4168   3672 S   0.0   0.1   0:00.03 dbus-daemon
  11931 jetson    20   0  707268  63144  26432 S   0.0   0.8   2:16.41 python3
  13234 jetson    20   0  203640  35476  13212 S   0.0   0.5   0:00.75 ros2
  13236 jetson    20   0 2070472  36080  17228 S   0.0   0.5   0:00.90 docker
  13238 jetson    20   0  428524  31584  15828 S   0.0   0.4   2:22.07 robot_state_pub
  13265 root      20   0 1232976  11076   5960 S   0.0   0.1   0:02.38 containerd-shim
  13294 root      20   0   49400  29204  14412 S   0.0   0.4   0:00.40 ros2
  90870 root      20   0       0      0      0 I   0.0   0.0   0:23.05 kworker/u12:11-events_unbound
 100141 root      20   0       0      0      0 I   0.0   0.0   0:22.80 kworker/u12:6-events_unbound
 284193 root      20   0       0      0      0 I   0.0   0.0   0:13.23 kworker/u12:3-events_unbound
 407770 root      20   0       0      0      0 I   0.0   0.0   0:09.22 kworker/u12:9-events_freezable_power_
 417230 root      20   0       0      0      0 I   0.0   0.0   0:07.53 kworker/u12:0-events_freezable_power_
 437586 root      20   0       0      0      0 I   0.0   0.0   0:06.20 kworker/u12:4-events_freezable_power_
 465092 root      20   0  238836   6948   5700 S   0.0   0.1   0:01.12 iio-sensor-prox
 481530 root       0 -20       0      0      0 I   0.0   0.0   0:07.87 kworker/u13:3-uvcvideo
 494799 jetson    20   0    5508    792    704 S   0.0   0.0   0:00.21 sleep
 494866 root      20   0   21760   5464   3940 S   0.0   0.1   0:03.60 systemd-udevd
 494879 root      20   0   21756   3352   1840 S   0.0   0.0   0:01.00 systemd-udevd
 509136 root      20   0       0      0      0 I   0.0   0.0   0:03.68 kworker/u12:5-events_unbound
 512501 root      20   0       0      0      0 I   0.0   0.0   0:00.21 kworker/4:0-events
 513123 jetson    20   0  572504  38640  13228 S   0.0   0.5   0:01.15 ros2
 513133 jetson    20   0 1082972  60484  26368 S   0.0   0.8   1:15.07 foxglove_bridge
 513219 root      20   0   21752   3192   1712 S   0.0   0.0   0:00.00 systemd-udevd
 513220 root      20   0   21760   3352   1840 S   0.0   0.0   0:00.00 systemd-udevd
 513233 root      20   0   21760   3356   1840 S   0.0   0.0   0:00.00 systemd-udevd
 513234 root      20   0   21760   3356   1840 S   0.0   0.0   0:00.00 systemd-udevd
 513235 root      20   0   21760   3336   1840 S   0.0   0.0   0:00.00 systemd-udevd
 513236 root      20   0   21760   3352   1840 S   0.0   0.0   0:00.00 systemd-udevd
 513237 root      20   0   21760   3336   1840 S   0.0   0.0   0:00.00 systemd-udevd
 513250 root      20   0   21760   4428   2868 S   0.0   0.1   0:05.99 systemd-udevd
 513251 root      20   0   21760   3840   2288 S   0.0   0.0   0:00.00 systemd-udevd
 513265 root      20   0   21760   4056   2496 S   0.0   0.1   0:00.00 systemd-udevd
 513266 root      20   0   21760   3244   1712 S   0.0   0.0   0:00.00 systemd-udevd
 513437 jetson    20   0  129772  36180  13228 S   0.0   0.5   0:00.78 ros2
 536340 root      20   0       0      0      0 I   0.0   0.0   0:00.15 kworker/1:1-cgroup_destroy
 536745 root       0 -20       0      0      0 I   0.0   0.0   0:05.51 kworker/u13:4-uvcvideo
 538507 root      20   0       0      0      0 I   0.0   0.0   0:00.18 kworker/0:0-events
 550304 root      20   0       0      0      0 I   0.0   0.0   0:00.30 kworker/5:0-events
 568778 root      20   0       0      0      0 I   0.0   0.0   0:00.00 kworker/2:0-cgroup_destroy
 576600 root      20   0       0      0      0 I   0.0   0.0   0:00.18 kworker/3:0-events
 576729 root      20   0       0      0      0 I   0.0   0.0   0:00.08 kworker/5:1-events
 576909 root      20   0       0      0      0 I   0.0   0.0   0:00.03 kworker/4:1-events
 589172 root      20   0       0      0      0 I   0.0   0.0   0:00.72 kworker/u12:10-events_freezable_power_
 590592 root      20   0       0      0      0 I   0.0   0.0   0:00.00 kworker/0:2-cgroup_destroy
 591089 root       0 -20       0      0      0 I   0.0   0.0   0:02.94 kworker/u13:1-uvcvideo
 608435 root      20   0       0      0      0 I   0.0   0.0   0:00.00 kworker/3:2-events
 608538 root      20   0       0      0      0 I   0.0   0.0   0:00.00 kworker/2:2-events
 609103 jetson    20   0   11248   3076   2756 S   0.0   0.0   0:00.24 bash
 609212 root      20   0       0      0      0 I   0.0   0.0   0:00.04 kworker/0:1-events
 609220 jetson    20   0   53568  30340  15008 S   0.0   0.4   0:00.41 ros2
 613727 root      20   0    9436    780    704 S   0.0   0.0   0:00.00 sleep
 615420 root      20   0       0      0      0 I   0.0   0.0   0:00.01 kworker/4:2-events
 617319 root      20   0       0      0      0 I   0.0   0.0   0:00.00 kworker/0:3-cgroup_destroy
 621315 root      20   0       0      0      0 I   0.0   0.0   0:00.00 kworker/1:0-events
 621531 root      20   0       0      0      0 I   0.0   0.0   0:00.00 kworker/5:2-events
 622272 root      20   0       0      0      0 I   0.0   0.0   0:00.00 kworker/u12:7-events_unbound
 623951 jetson    20   0   11248   3292   2852 S   0.0   0.0   0:00.03 bash
 626884 jetson    20   0   11248   3292   2860 S   0.0   0.0   0:00.01 bash
 627202 jetson    20   0    9480    808    724 S   0.0   0.0   0:00.00 tail
 627452 root      30  10    9436    784    704 S   0.0   0.0   0:00.00 sleep
 627800 jetson    20   0    9444    788    704 S   0.0   0.0   0:00.00 sleep

top - 15:55:58 up  6:19,  0 users,  load average: 10.24, 8.58, 6.87
Tasks: 351 total,   4 running, 347 sleeping,   0 stopped,   0 zombie
%Cpu(s): 42.2 us,  9.5 sy,  0.0 ni, 43.8 id,  0.0 wa,  2.5 hi,  2.1 si,  0.0 st
MiB Mem :   7607.4 total,   2346.7 free,   2230.3 used,   3030.4 buff/cache
MiB Swap:   3803.7 total,   3803.7 free,      0.0 used.   5060.2 avail Mem 

    PID USER      PR  NI    VIRT    RES    SHR S  %CPU  %MEM     TIME+ COMMAND
 627201 jetson    20   0  754092  71944  29564 S  43.3   0.9   0:05.21 python3
 513359 jetson    20   0  709132  64972  27276 S  36.0   0.8  14:14.29 python3
 609057 jetson    20   0  962968  50016  23524 S  33.5   0.6   0:40.74 controller_serv
 626968 jetson    20   0  764024  55912  25372 S  23.6   0.7   0:04.07 ros2
 609065 jetson    20   0  530908  46344  26216 R  16.7   0.6   0:36.34 bt_navigator
 609244 jetson    20   0 9351828 401420  83868 S  16.7   5.2   0:59.33 nvblox_node
 513129 jetson    20   0  432964  27132  14244 S  15.3   0.3   6:30.34 rplidar_node
 513125 jetson    20   0 1750824 109316  51324 S  14.8   1.4   5:33.89 realsense2_came
 513439 jetson    20   0 1061928  51652  24360 S  11.8   0.7   1:31.62 async_slam_tool
 513361 jetson    20   0  506336  34940  18388 S  11.3   0.4   4:32.47 ekf_node
 609086 jetson    20   0  577388  31744  16252 R  11.3   0.4   0:41.69 lifecycle_manag
 609055 jetson    20   0  709540  62092  27352 S  10.3   0.8   0:19.52 python3
 513131 jetson    20   0  708192  64296  27388 S   9.4   0.8   3:28.30 python3
 609061 jetson    20   0 1070624  71356  24604 S   9.4   0.9   0:38.17 planner_server
 609063 jetson    20   0  516308  35412  21032 R   7.4   0.5   0:29.24 behavior_server
 609059 jetson    20   0  664652  35108  19412 S   6.9   0.5   0:24.76 smoother_server
 609077 jetson    20   0  428704  29676  15956 S   6.4   0.4   0:21.17 velocity_smooth
 609067 jetson    20   0  431292  29316  17020 S   5.4   0.4   0:21.03 waypoint_follow
  13320 root      20   0 1300496  44944  11392 S   4.9   0.6  30:12.44 micro_ros_agent
 513127 jetson    20   0  710644  65280  27232 S   3.0   0.8   2:01.95 python3
    904 root      rt   0       0      0      0 S   1.5   0.0   1:47.43 sugov:0
 626969 jetson    20   0   14340   3376   2764 R   1.5   0.0   0:00.18 top
    909 root      rt   0       0      0      0 S   1.0   0.0   0:50.24 sugov:4
   1212 root      20   0 2093336  75924  33916 S   1.0   1.0   0:38.51 containerd
   1588 root      20   0 2353004 116452  56964 S   1.0   1.5   0:27.76 dockerd
 418183 root       0 -20       0      0      0 I   1.0   0.0   0:13.08 kworker/u13:0-uvcvideo
 562560 root      20   0       0      0      0 I   1.0   0.0   0:01.75 kworker/u12:1-events_freezable_power_
     14 root      20   0       0      0      0 S   0.5   0.0   0:22.56 ksoftirqd/0
    256 root      19  -1   76560  38072  36444 S   0.5   0.5   0:29.08 systemd-journal
    312 root      20   0   23732   6316   4080 S   0.5   0.1   0:26.86 systemd-udevd
   1052 root      20   0       0      0      0 S   0.5   0.0   0:20.94 nvgpu_channel_p
  11931 jetson    20   0  707268  63144  26432 S   0.5   0.8   2:16.42 python3
 494770 root      20   0 1233488  12780   6732 S   0.5   0.2   0:08.97 containerd-shim
 509136 root      20   0       0      0      0 I   0.5   0.0   0:03.69 kworker/u12:5-events_unbound
 513133 jetson    20   0 1082972  60484  26368 S   0.5   0.8   1:15.08 foxglove_bridge
 589172 root      20   0       0      0      0 I   0.5   0.0   0:00.73 kworker/u12:10-events_unbound
 609103 jetson    20   0   11248   3076   2756 S   0.5   0.0   0:00.25 bash
      1 root      20   0  167628  11768   7448 S   0.0   0.2   0:29.41 systemd
      2 root      20   0       0      0      0 S   0.0   0.0   0:00.03 kthreadd
      3 root       0 -20       0      0      0 I   0.0   0.0   0:00.00 rcu_gp
      4 root       0 -20       0      0      0 I   0.0   0.0   0:00.00 rcu_par_gp
      5 root       0 -20       0      0      0 I   0.0   0.0   0:00.00 slub_flushwq
      6 root       0 -20       0      0      0 I   0.0   0.0   0:00.00 netns
      8 root       0 -20       0      0      0 I   0.0   0.0   0:00.00 kworker/0:0H-events_highpri
     10 root       0 -20       0      0      0 I   0.0   0.0   0:00.00 mm_percpu_wq
     11 root      20   0       0      0      0 S   0.0   0.0   0:00.00 rcu_tasks_kthre
     12 root      20   0       0      0      0 S   0.0   0.0   0:00.00 rcu_tasks_rude_
     13 root      20   0       0      0      0 S   0.0   0.0   0:00.00 rcu_tasks_trace
     15 root      20   0       0      0      0 I   0.0   0.0   0:09.95 rcu_preempt
     16 root      rt   0       0      0      0 S   0.0   0.0   0:00.02 migration/0
     17 root      20   0       0      0      0 S   0.0   0.0   0:00.00 cpuhp/0
     18 root      20   0       0      0      0 S   0.0   0.0   0:00.00 cpuhp/1
     19 root      rt   0       0      0      0 S   0.0   0.0   0:00.03 migration/1
     20 root      20   0       0      0      0 S   0.0   0.0   0:01.60 ksoftirqd/1
     22 root       0 -20       0      0      0 I   0.0   0.0   0:00.00 kworker/1:0H-events_highpri
     23 root      20   0       0      0      0 S   0.0   0.0   0:00.00 cpuhp/2
     24 root      rt   0       0      0      0 S   0.0   0.0   0:00.02 migration/2
     25 root      20   0       0      0      0 S   0.0   0.0   0:01.61 ksoftirqd/2
     27 root       0 -20       0      0      0 I   0.0   0.0   0:00.00 kworker/2:0H-events_highpri
     28 root      20   0       0      0      0 S   0.0   0.0   0:00.00 cpuhp/3
     29 root      rt   0       0      0      0 S   0.0   0.0   0:00.02 migration/3
     30 root      20   0       0      0      0 S   0.0   0.0   0:01.50 ksoftirqd/3
     32 root       0 -20       0      0      0 I   0.0   0.0   0:00.00 kworker/3:0H-events_highpri
     33 root      20   0       0      0      0 S   0.0   0.0   0:00.00 cpuhp/4
     34 root      rt   0       0      0      0 S   0.0   0.0   0:00.06 migration/4
     35 root      20   0       0      0      0 S   0.0   0.0   0:01.11 ksoftirqd/4
     37 root       0 -20       0      0      0 I   0.0   0.0   0:00.00 kworker/4:0H-kblockd
     38 root      20   0       0      0      0 S   0.0   0.0   0:00.00 cpuhp/5
     39 root      rt   0       0      0      0 S   0.0   0.0   0:00.07 migration/5
     40 root      20   0       0      0      0 S   0.0   0.0   0:01.16 ksoftirqd/5
     42 root       0 -20       0      0      0 I   0.0   0.0   0:00.00 kworker/5:0H-events_highpri
     43 root      20   0       0      0      0 S   0.0   0.0   0:00.01 kdevtmpfs
     44 root       0 -20       0      0      0 I   0.0   0.0   0:00.00 inet_frag_wq
     51 root      20   0       0      0      0 S   0.0   0.0   0:00.00 kauditd
     52 root      20   0       0      0      0 S   0.0   0.0   0:00.00 oom_reaper
     53 root       0 -20       0      0      0 I   0.0   0.0   0:00.00 writeback
     54 root      20   0       0      0      0 S   0.0   0.0   0:00.18 kcompactd0
     55 root      25   5       0      0      0 S   0.0   0.0   0:00.00 ksmd
     56 root      39  19       0      0      0 S   0.0   0.0   0:02.04 khugepaged
     67 root       0 -20       0      0      0 I   0.0   0.0   0:00.00 cryptd
     86 root       0 -20       0      0      0 I   0.0   0.0   0:00.00 kintegrityd
     87 root       0 -20       0      0      0 I   0.0   0.0   0:00.00 kblockd
     88 root       0 -20       0      0      0 I   0.0   0.0   0:00.00 blkcg_punt_bio
     89 root       0 -20       0      0      0 I   0.0   0.0   0:00.00 tpm_dev_wq
     90 root       0 -20       0      0      0 I   0.0   0.0   0:00.00 ata_sff
     91 root       0 -20       0      0      0 I   0.0   0.0   0:00.00 edac-poller
     92 root       0 -20       0      0      0 I   0.0   0.0   0:00.00 devfreq_wq
     93 root     -51   0       0      0      0 S   0.0   0.0   0:00.00 watchdogd
     96 root       0 -20       0      0      0 I   0.0   0.0   0:00.06 kworker/1:1H-kblockd
     97 root       0 -20       0      0      0 I   0.0   0.0   0:00.00 rpciod
     99 root       0 -20       0      0      0 I   0.0   0.0   0:00.00 xprtiod
    127 root      20   0       0      0      0 S   0.0   0.0   0:00.00 kswapd0
    128 root       0 -20       0      0      0 I   0.0   0.0   0:00.00 nfsiod
    132 root       0 -20       0      0      0 I   0.0   0.0   0:00.00 vfio-irqfd-clea
    133 root       0 -20       0      0      0 I   0.0   0.0   0:00.00 bch_btree_io
    134 root       0 -20       0      0      0 I   0.0   0.0   0:00.00 bcache
    135 root       0 -20       0      0      0 I   0.0   0.0   0:00.00 bch_journal
    136 root       0 -20       0      0      0 I   0.0   0.0   0:00.00 dm_bufio_cache
    139 root      20   0       0      0      0 I   0.0   0.0   0:01.86 kworker/2:3-events
    140 root      10 -10       0      0      0 S   0.0   0.0   0:00.00 krfcommd
    141 root      20   0       0      0      0 S   0.0   0.0   0:00.01 pr/tty0
    142 root      20   0       0      0      0 S   0.0   0.0   0:03.09 pr/ttyTCU0
    145 root     -51   0       0      0      0 S   0.0   0.0   0:00.00 irq/114-3160000
    147 root     -51   0       0      0      0 S   0.0   0.0   0:00.00 irq/115-3180000
    149 root     -51   0       0      0      0 S   0.0   0.0   0:00.00 irq/116-31b0000
    150 root     -51   0       0      0      0 S   0.0   0.0   0:00.03 irq/167-c240000
    151 root     -51   0       0      0      0 S   0.0   0.0   0:00.00 irq/168-c250000
    152 root     -51   0       0      0      0 S   0.0   0.0   0:00.00 irq/125-3610000
    153 root     -51   0       0      0      0 S   0.0   0.0   0:00.00 irq/122-3610000
    155 root       0 -20       0      0      0 I   0.0   0.0   0:00.00 sdhci
    156 root     -51   0       0      0      0 S   0.0   0.0   0:00.00 irq/120-mmc0
    157 root     -51   0       0      0      0 S   0.0   0.0   0:00.00 irq/230-3400000
    174 root       0 -20       0      0      0 I   0.0   0.0   0:00.06 kworker/3:1H-kblockd
    180 root     -51   0       0      0      0 S   0.0   0.0   0:00.00 irq/191-tegra-p
    181 root       0 -20       0      0      0 I   0.0   0.0   0:00.00 nvme-wq
    182 root       0 -20       0      0      0 I   0.0   0.0   0:00.00 nvme-reset-wq
    183 root       0 -20       0      0      0 I   0.0   0.0   0:00.00 nvme-delete-wq
    192 root     -51   0       0      0      0 S   0.0   0.0   0:00.00 irq/191-aerdrv
    193 root     -51   0       0      0      0 S   0.0   0.0   0:00.00 irq/193-tegra-p
    196 root     -51   0       0      0      0 S   0.0   0.0   0:00.00 irq/193-aerdrv
    197 root     -51   0       0      0      0 S   0.0   0.0   0:00.00 irq/195-tegra-p
    199 root     -51   0       0      0      0 S   0.0   0.0   0:00.00 irq/232-nvme0q0
    200 root     -51   0       0      0      0 S   0.0   0.0   0:00.37 irq/233-nvme0q1
    201 root     -51   0       0      0      0 S   0.0   0.0   0:00.40 irq/234-nvme0q2
    202 root     -51   0       0      0      0 S   0.0   0.0   0:00.53 irq/235-nvme0q3
    203 root     -51   0       0      0      0 S   0.0   0.0   0:00.65 irq/236-nvme0q4
    204 root     -51   0       0      0      0 S   0.0   0.0   0:00.16 irq/237-nvme0q5
    205 root     -51   0       0      0      0 S   0.0   0.0   0:00.12 irq/238-nvme0q6
    211 root       0 -20       0      0      0 I   0.0   0.0   0:00.06 kworker/4:1H-kblockd
    212 root      20   0       0      0      0 S   0.0   0.0   0:01.45 jbd2/nvme0n1p1-
    213 root       0 -20       0      0      0 I   0.0   0.0   0:00.00 ext4-rsv-conver
    222 root       0 -20       0      0      0 I   0.0   0.0   0:00.00 mld
    223 root       0 -20       0      0      0 I   0.0   0.0   0:00.04 kworker/0:1H-kblockd
    224 root       0 -20       0      0      0 I   0.0   0.0   0:00.00 ipv6_addrconf
    278 root       0 -20       0      0      0 I   0.0   0.0   0:00.08 kworker/2:1H-kblockd
    280 root      39  19       0      0      0 S   0.0   0.0   0:01.64 nvmap-bz
    281 root     -51   0       0      0      0 S   0.0   0.0   0:00.00 irq/188-host1x_
    285 root     -51   0       0      0      0 S   0.0   0.0   0:00.00 irq/197-gk20a_s
    286 root     -51   0       0      0      0 S   0.0   0.0   0:00.02 irq/198-gk20a_s
    287 root     -51   0       0      0      0 S   0.0   0.0   0:00.03 irq/199-gk20a_s
    288 root     -51   0       0      0      0 S   0.0   0.0   0:00.00 irq/200-gk20a_n
    291 root       0 -20       0      0      0 I   0.0   0.0   0:00.06 kworker/5:1H-kblockd
    295 root      20   0   11116   3460   3204 S   0.0   0.0   0:00.00 nv-tee-supplica
    299 root      20   0   76588   1360   1248 S   0.0   0.0   0:00.01 tee-supplicant
    301 root       0 -20       0      0      0 I   0.0   0.0   0:00.00 optee_bus_scan
    303 root     -51   0       0      0      0 S   0.0   0.0   0:00.00 irq/189-tegra-p
    313 root     -51   0       0      0      0 S   0.0   0.0   0:00.00 irq/189-aerdrv
    314 root      20   0   23216   5820   3992 S   0.0   0.1   0:00.40 systemd-udevd
    315 root      20   0   23216   5020   3248 S   0.0   0.1   0:00.15 systemd-udevd
    316 root      20   0   23268   6252   4316 S   0.0   0.1   0:00.16 systemd-udevd
    317 root      20   0   23220   4364   2600 S   0.0   0.1   0:00.11 systemd-udevd
    318 root      20   0   23216   4480   2672 S   0.0   0.1   0:00.12 systemd-udevd
    319 root      20   0   23212   5820   3980 S   0.0   0.1   0:00.29 systemd-udevd
    320 root      20   0   23264   4688   2764 S   0.0   0.1   0:00.13 systemd-udevd
    321 root      20   0   23268   5072   3136 S   0.0   0.1   0:00.18 systemd-udevd
    322 root      20   0   23524   5520   3456 S   0.0   0.1   0:00.27 systemd-udevd
    323 root      20   0   23216   6296   4444 S   0.0   0.1   0:00.41 systemd-udevd
    324 root      20   0   23220   5196   3388 S   0.0   0.1   0:00.16 systemd-udevd
    325 root      20   0   23220   5820   3976 S   0.0   0.1   0:00.40 systemd-udevd
    326 root      20   0   23220   5252   3388 S   0.0   0.1   0:00.42 systemd-udevd
    327 root      20   0   23220   5504   3684 S   0.0   0.1   0:00.18 systemd-udevd
    330 root      20   0   23512   5728   3684 S   0.0   0.1   0:00.14 systemd-udevd
    331 root      20   0   24292   5540   2676 S   0.0   0.1   0:00.16 systemd-udevd
    333 root      20   0   23524   5596   3532 S   0.0   0.1   0:00.27 systemd-udevd
    334 root      20   0   23220   5584   3740 S   0.0   0.1   0:00.27 systemd-udevd
    335 root      20   0   23220   4504   2708 S   0.0   0.1   0:00.11 systemd-udevd
    336 root      20   0   23220   4696   2892 S   0.0   0.1   0:00.14 systemd-udevd
    337 root      20   0   23524   5056   2992 S   0.0   0.1   0:00.16 systemd-udevd
    339 root      20   0   23220   4980   3148 S   0.0   0.1   0:00.17 systemd-udevd
    340 root      20   0   23544   6732   4608 S   0.0   0.1   1:30.07 systemd-udevd
    341 root      20   0   23276   5328   3384 S   0.0   0.1   0:00.13 systemd-udevd
    342 root      20   0   23280   5176   3228 S   0.0   0.1   0:00.13 systemd-udevd
    343 root      20   0   23220   5988   4152 S   0.0   0.1   0:00.32 systemd-udevd
    344 root      20   0   23560   6700   4596 S   0.0   0.1   0:00.55 systemd-udevd
    345 root      20   0       0      0      0 S   0.0   0.0   0:00.00 15820000.crypto
    346 root      20   0       0      0      0 S   0.0   0.0   0:00.00 15840000.crypto
    368 root      20   0   23324   5984   4116 S   0.0   0.1   0:00.45 systemd-udevd
    417 root     -51   0       0      0      0 S   0.0   0.0   0:00.00 irq/219-bc00000
    419 root      -2   0       0      0      0 S   0.0   0.0   0:00.00 capture-control
    420 root      -2   0       0      0      0 S   0.0   0.0   0:00.00 capture
    422 root     -51   0       0      0      0 S   0.0   0.0   0:00.00 irq/214-tegra_d
    423 root     -51   0       0      0      0 S   0.0   0.0   0:00.00 irq/215-tegra_d
    424 root       0 -20       0      0      0 I   0.0   0.0   0:00.00 dce-async-ipc-w
    425 root     -51   0       0      0      0 S   0.0   0.0   0:00.00 irq/240-nvvrs-p
    427 root      20   0       0      0      0 S   0.0   0.0   0:00.00 nv_queue
    428 root      20   0       0      0      0 S   0.0   0.0   0:00.00 nv_queue
    483 root     -51   0       0      0      0 S   0.0   0.0   0:00.00 irq/118-3210000
    487 root      20   0       0      0      0 S   0.0   0.0   0:00.00 spi0
    495 root       0 -20       0      0      0 I   0.0   0.0   0:00.00 cfg80211
    497 root     -51   0       0      0      0 S   0.0   0.0   0:00.00 irq/119-3230000
    498 root      20   0       0      0      0 S   0.0   0.0   0:00.00 spi1
    584 root       0 -20       0      0      0 I   0.0   0.0   0:00.00 btfwwork
    650 root      20   0    8236   6424   1432 S   0.0   0.1   0:00.72 haveged
    653 _rpc      20   0    7932   2264   1912 S   0.0   0.0   0:00.03 rpcbind
    659 systemd+  20   0   26320  13580   8496 S   0.0   0.2   0:00.53 systemd-resolve
    662 systemd+  20   0   88880   6332   5484 S   0.0   0.1   0:00.15 systemd-timesyn
    826 avahi     20   0    8084   3108   2752 S   0.0   0.0   0:00.66 avahi-daemon
    827 root      20   0    9888   4552   4112 S   0.0   0.1   0:00.07 bluetoothd
    828 message+  20   0   10496   5632   3584 S   0.0   0.1   0:42.49 dbus-daemon
    829 root      20   0  264864  18900  14872 S   0.0   0.2   0:38.75 NetworkManager
    838 root      20   0   43504  19780  10232 S   0.0   0.3   0:00.15 networkd-dispat
    849 root      20   0  241652   9056   6312 S   0.0   0.1   0:00.59 power-profiles-
    854 syslog    20   0  222160   5012   3672 S   0.0   0.1   0:05.52 rsyslogd
    859 root      20   0    2240    796    720 S   0.0   0.0   0:00.00 seatd
    865 root      20   0 2145956  51416  25768 S   0.0   0.7   0:36.77 snapd
    867 root      20   0  242124   7452   6576 S   0.0   0.1   0:02.12 accounts-daemon
    869 root      20   0  238128   6232   5620 S   0.0   0.1   0:00.04 switcheroo-cont
    871 root      20   0   48968   7620   6296 S   0.0   0.1   0:03.62 systemd-logind
    874 root      20   0  394188  13988   9476 S   0.0   0.2   0:01.03 udisksd
    875 root      20   0   16632   9928   8148 S   0.0   0.1   0:01.30 wpa_supplicant
    882 avahi     20   0    7812    356      0 S   0.0   0.0   0:00.00 avahi-daemon
    921 root      30  10   11248   3612   3220 S   0.0   0.0   0:08.48 wifi_mon.sh
    969 root      20   0  237044  10468   6400 S   0.0   0.1   3:05.70 polkitd
    983 root      20   0    2460   1556   1380 S   0.0   0.0   0:08.23 nvfancontrol
   1049 root      20   0       0      0      0 S   0.0   0.0   0:00.00 sw-quiesce
   1068 root      20   0       0      0      0 S   0.0   0.0   0:00.00 nvgpu_pg_init_g
   1087 root      20   0       0      0      0 S   0.0   0.0   0:00.00 nvgpu_clk_arb_p
   1117 root      20   0       0      0      0 S   0.0   0.0   0:07.69 RTW_CMD_THREAD
   1157 root      20   0   75936   9960   8136 S   0.0   0.1   0:00.01 nvargus-daemon
   1158 root      20   0   11116   3520   3220 S   0.0   0.0   0:00.08 nvmemwarning.sh
   1171 root      20   0   22192   1776   1580 S   0.0   0.0   0:00.00 nvs-service
   1181 ollama    20   0 2006720  39588  20072 S   0.0   0.5   0:01.07 ollama
   1195 root      20   0    2336   1408   1292 S   0.0   0.0   0:01.96 run-cups-browse
   1201 root      20   0    2336   1424   1296 S   0.0   0.0   0:02.02 run-cupsd
   1204 root      20   0       0      0      0 S   0.0   0.0   0:00.00 pr/ramoops-1
   1239 root      20   0   10772   2824   2576 S   0.0   0.0   0:00.06 cron
   1259 root      20   0  243128   8056   7012 S   0.0   0.1   0:00.02 gdm3
   1263 kernoops  20   0   12812    452      0 S   0.0   0.0   0:00.02 kerneloops
   1290 root      20   0    9468    800    724 S   0.0   0.0   0:00.00 agetty
   1291 kernoops  20   0   12812    452      0 S   0.0   0.0   0:00.02 kerneloops
   1293 root      20   0    9468    804    724 S   0.0   0.0   0:00.00 agetty
   1330 root      20   0  173408   8804   7628 S   0.0   0.1   0:00.02 gdm-session-wor
   1417 root      20   0       0      0      0 S   0.0   0.0   0:00.00 file-storage
   1426 root      20   0   15272   8368   6788 S   0.0   0.1   0:00.72 sshd
   1474 gdm       20   0   18120   9728   7360 S   0.0   0.1   0:00.46 systemd
   1478 root      20   0    3076    992    880 S   0.0   0.0   0:00.00 nvphsd
   1483 root      20   0    3208   1476   1316 S   0.0   0.0   0:00.00 nvphsd
   1497 gdm       20   0  106692   4552      0 S   0.0   0.1   0:00.00 (sd-pam)
   1688 gdm        9 -11   41972   6472   5156 S   0.0   0.1   0:00.07 pipewire
   1689 gdm       20   0   25476   6428   5104 S   0.0   0.1   0:01.69 pipewire-media-
   1690 gdm        9 -11  891840  20748  12584 S   0.0   0.3   0:00.94 pulseaudio
   1695 gdm       20   0  163948   5472   4964 S   0.0   0.1   0:00.00 gdm-x-session
   1697 root      20   0   24.2g  80528  35884 S   0.0   1.0   0:02.02 Xorg
   1698 rtkit     21   1  153504   1588   1380 S   0.0   0.0   0:00.31 rtkit-daemon
   1729 gdm       20   0    8840   3600   3212 S   0.0   0.0   0:00.02 dbus-daemon
   1748 root      20   0       0      0      0 S   0.0   0.0   0:00.00 nvidia-modeset/
   1749 root      20   0       0      0      0 S   0.0   0.0   0:00.00 nvidia-modeset/
   1752 root      20   0       0      0      0 S   0.0   0.0   0:00.00 nvidia
   1753 root      20   0       0      0      0 S   0.0   0.0   0:00.00 nv_queue
   1790 root      20   0       0      0      0 S   0.0   0.0   0:00.00 nvidia-drm-nv-t
   1791 root     -51   0       0      0      0 S   0.0   0.0   0:00.00 card1-crtc0
   1792 root     -51   0       0      0      0 S   0.0   0.0   0:00.00 card1-crtc1
   1980 gdm       20   0    5876   1552   1344 S   0.0   0.0   0:00.00 dbus-run-sessio
   1983 gdm       20   0    9108   4440   3588 S   0.0   0.1   0:00.13 dbus-daemon
   2035 gdm       20   0  597840  17824  12972 S   0.0   0.2   0:01.00 gnome-session-b
   2057 gdm       20   0  310068   8976   6272 S   0.0   0.1   0:00.00 at-spi-bus-laun
   2062 gdm       20   0    8692   3556   3168 S   0.0   0.0   0:00.00 dbus-daemon
   2071 gdm       20   0 3471500 137260  73260 S   0.0   1.8   0:47.09 gnome-shell
   2092 gdm       20   0  237676   4964   4528 S   0.0   0.1   0:00.00 xdg-permission-
   2099 root      20   0  243852  10136   6984 S   0.0   0.1   0:00.47 upowerd
   2106 root      20   0  301608  19332  16408 S   0.0   0.2   0:01.56 packagekitd
   2110 gdm       20   0 2812288  25716  20860 S   0.0   0.3   0:00.08 gjs
   2113 gdm       20   0  163144   7196   6428 S   0.0   0.1   0:00.02 at-spi2-registr
   2141 gdm       20   0  468748   9856   7940 S   0.0   0.1   0:01.97 gsd-sharing
   2146 gdm       20   0  338880  14892  12620 S   0.0   0.2   0:00.06 gsd-wacom
   2148 gdm       20   0  451616  18896  16480 S   0.0   0.2   0:00.22 gsd-color
   2150 gdm       20   0  412392  17092  13292 S   0.0   0.2   0:00.04 gsd-keyboard
   2152 gdm       20   0  316864  13188   6244 S   0.0   0.2   0:00.10 ibus-daemon
   2156 gdm       20   0  326124   9848   8488 S   0.0   0.1   0:00.02 gsd-print-notif
   2166 gdm       20   0  242216   6512   5848 S   0.0   0.1   0:00.01 gvfsd
   2168 gdm       20   0  459796   6140   5436 S   0.0   0.1   0:00.57 gsd-rfkill
   2170 gdm       20   0  388312   7432   6528 S   0.0   0.1   0:00.01 gsd-smartcard
   2173 gdm       20   0  380556  16508  12504 S   0.0   0.2   0:00.03 gsd-datetime
   2183 gdm       20   0  864216  20108  17428 S   0.0   0.3   0:00.52 gsd-media-keys
   2184 gdm       20   0  237936   4760   4376 S   0.0   0.1   0:00.01 gsd-screensaver
   2185 gdm       20   0  322096  10392   7320 S   0.0   0.1   0:00.02 gsd-sound
   2186 gdm       20   0  312416   8104   5476 S   0.0   0.1   0:00.01 gsd-a11y-settin
   2193 gdm       20   0  313996   8944   6152 S   0.0   0.1   0:00.97 gsd-housekeepin
   2195 gdm       20   0  450004  20288  15904 S   0.0   0.3   0:00.52 gsd-power
   2218 gdm       20   0  347052  12608  10748 S   0.0   0.2   0:00.03 gsd-printer
   2221 gdm       20   0  239040   6576   5948 S   0.0   0.1   0:00.00 ibus-dconf
   2233 gdm       20   0  238936   5920   5488 S   0.0   0.1   0:00.00 ibus-portal
   2263 colord    20   0  247516  14492   8720 S   0.0   0.2   0:00.27 colord
   2285 gdm       20   0 2812300  27868  20904 S   0.0   0.4   0:00.09 gjs
   2349 gdm       20   0  165096   6516   5892 S   0.0   0.1   0:00.01 ibus-engine-sim
   2508 root      20   0  136716  13172   9512 S   0.0   0.2   0:00.70 cupsd
   2522 root      20   0  260792  17940  13508 S   0.0   0.2   0:01.60 cups-browsed
  11687 jetson    20   0   18140   9764   7368 S   0.0   0.1   0:00.37 systemd
  11688 jetson    20   0  172512   4632      0 S   0.0   0.1   0:00.00 (sd-pam)
  11696 jetson    20   0   41976   6552   5228 S   0.0   0.1   0:00.06 pipewire
  11697 jetson    20   0   25484   6724   5388 S   0.0   0.1   0:01.86 pipewire-media-
  11749 jetson    20   0    8888   4168   3672 S   0.0   0.1   0:00.03 dbus-daemon
  13234 jetson    20   0  203640  35476  13212 S   0.0   0.5   0:00.75 ros2
  13236 jetson    20   0 2070472  36080  17228 S   0.0   0.5   0:00.90 docker
  13238 jetson    20   0  428524  31584  15828 S   0.0   0.4   2:22.07 robot_state_pub
  13265 root      20   0 1232976  11076   5960 S   0.0   0.1   0:02.38 containerd-shim
  13294 root      20   0   49400  29204  14412 S   0.0   0.4   0:00.40 ros2
  90870 root      20   0       0      0      0 I   0.0   0.0   0:23.05 kworker/u12:11-events_unbound
 100141 root      20   0       0      0      0 I   0.0   0.0   0:22.80 kworker/u12:6-events_unbound
 284193 root      20   0       0      0      0 I   0.0   0.0   0:13.23 kworker/u12:3-events_freezable_power_
 407770 root      20   0       0      0      0 I   0.0   0.0   0:09.22 kworker/u12:9-devfreq_wq
 417230 root      20   0       0      0      0 I   0.0   0.0   0:07.53 kworker/u12:0-events_freezable_power_
 437586 root      20   0       0      0      0 I   0.0   0.0   0:06.20 kworker/u12:4-events_freezable_power_
 465092 root      20   0  238836   6948   5700 S   0.0   0.1   0:01.12 iio-sensor-prox
 481530 root       0 -20       0      0      0 I   0.0   0.0   0:07.87 kworker/u13:3-uvcvideo
 494799 jetson    20   0    5508    792    704 S   0.0   0.0   0:00.21 sleep
 494866 root      20   0   21760   5464   3940 S   0.0   0.1   0:03.60 systemd-udevd
 494879 root      20   0   21756   3352   1840 S   0.0   0.0   0:01.00 systemd-udevd
 512501 root      20   0       0      0      0 I   0.0   0.0   0:00.21 kworker/4:0-events
 513123 jetson    20   0  572504  38640  13228 S   0.0   0.5   0:01.15 ros2
 513219 root      20   0   21752   3192   1712 S   0.0   0.0   0:00.00 systemd-udevd
 513220 root      20   0   21760   3352   1840 S   0.0   0.0   0:00.00 systemd-udevd
 513233 root      20   0   21760   3356   1840 S   0.0   0.0   0:00.00 systemd-udevd
 513234 root      20   0   21760   3356   1840 S   0.0   0.0   0:00.00 systemd-udevd
 513235 root      20   0   21760   3336   1840 S   0.0   0.0   0:00.00 systemd-udevd
 513236 root      20   0   21760   3352   1840 S   0.0   0.0   0:00.00 systemd-udevd
 513237 root      20   0   21760   3336   1840 S   0.0   0.0   0:00.00 systemd-udevd
 513250 root      20   0   21760   4428   2868 S   0.0   0.1   0:05.99 systemd-udevd
 513251 root      20   0   21760   3840   2288 S   0.0   0.0   0:00.00 systemd-udevd
 513265 root      20   0   21760   4056   2496 S   0.0   0.1   0:00.00 systemd-udevd
 513266 root      20   0   21760   3244   1712 S   0.0   0.0   0:00.00 systemd-udevd
 513437 jetson    20   0  129772  36180  13228 S   0.0   0.5   0:00.78 ros2
 536340 root      20   0       0      0      0 I   0.0   0.0   0:00.15 kworker/1:1-cgroup_destroy
 536745 root       0 -20       0      0      0 I   0.0   0.0   0:05.51 kworker/u13:4-uvcvideo
 538507 root      20   0       0      0      0 I   0.0   0.0   0:00.18 kworker/0:0-events
 550304 root      20   0       0      0      0 I   0.0   0.0   0:00.30 kworker/5:0-events
 568778 root      20   0       0      0      0 I   0.0   0.0   0:00.00 kworker/2:0-cgroup_destroy
 576600 root      20   0       0      0      0 I   0.0   0.0   0:00.18 kworker/3:0-events
 576729 root      20   0       0      0      0 I   0.0   0.0   0:00.08 kworker/5:1-events
 576909 root      20   0       0      0      0 I   0.0   0.0   0:00.03 kworker/4:1-events
 582730 root      20   0       0      0      0 I   0.0   0.0   0:01.31 kworker/u12:2-events_freezable_power_
 590592 root      20   0       0      0      0 I   0.0   0.0   0:00.00 kworker/0:2-cgroup_destroy
 591089 root       0 -20       0      0      0 I   0.0   0.0   0:02.94 kworker/u13:1-uvcvideo
 602672 root      20   0       0      0      0 I   0.0   0.0   0:00.08 kworker/1:3-events
 608435 root      20   0       0      0      0 I   0.0   0.0   0:00.00 kworker/3:2-events
 608538 root      20   0       0      0      0 I   0.0   0.0   0:00.00 kworker/2:2-events
 609021 jetson    20   0  796964  40120  13228 S   0.0   0.5   0:01.31 ros2
 609212 root      20   0       0      0      0 I   0.0   0.0   0:00.04 kworker/0:1-events
 609220 jetson    20   0   53568  30340  15008 S   0.0   0.4   0:00.41 ros2
 613727 root      20   0    9436    780    704 S   0.0   0.0   0:00.00 sleep
 615420 root      20   0       0      0      0 I   0.0   0.0   0:00.01 kworker/4:2-events
 617319 root      20   0       0      0      0 I   0.0   0.0   0:00.00 kworker/0:3-cgroup_destroy
 621315 root      20   0       0      0      0 I   0.0   0.0   0:00.00 kworker/1:0-events
 621531 root      20   0       0      0      0 I   0.0   0.0   0:00.00 kworker/5:2-events
 622272 root      20   0       0      0      0 I   0.0   0.0   0:00.00 kworker/u12:7-events_unbound
 623951 jetson    20   0   11248   3292   2852 S   0.0   0.0   0:00.03 bash
 626884 jetson    20   0   11248   3292   2860 S   0.0   0.0   0:00.01 bash
 626970 jetson    20   0    2872    896    800 S   0.0   0.0   0:00.04 tegrastats
 627202 jetson    20   0    9480    808    724 S   0.0   0.0   0:00.00 tail
 627452 root      30  10    9436    784    704 S   0.0   0.0   0:00.00 sleep
 627945 jetson    20   0    9444    788    704 S   0.0   0.0   0:00.00 sleep

top - 15:56:00 up  6:19,  0 users,  load average: 10.24, 8.58, 6.87
Tasks: 351 total,   1 running, 350 sleeping,   0 stopped,   0 zombie
%Cpu(s): 42.3 us,  9.3 sy,  0.0 ni, 44.0 id,  0.0 wa,  2.4 hi,  2.0 si,  0.0 st
MiB Mem :   7607.4 total,   2346.7 free,   2230.3 used,   3030.4 buff/cache
MiB Swap:   3803.7 total,   3803.7 free,      0.0 used.   5060.2 avail Mem 

    PID USER      PR  NI    VIRT    RES    SHR S  %CPU  %MEM     TIME+ COMMAND
 627201 jetson    20   0  754076  71956  29564 S  42.1   0.9   0:06.06 python3
 513359 jetson    20   0  709132  64972  27276 S  36.1   0.8  14:15.02 python3
 609057 jetson    20   0  962968  50012  23524 S  35.6   0.6   0:41.46 controller_serv
 626968 jetson    20   0  764024  55912  25372 S  23.3   0.7   0:04.54 ros2
 609244 jetson    20   0 9351828 401420  83868 S  17.3   5.2   0:59.68 nvblox_node
 609065 jetson    20   0  530908  46344  26216 S  16.8   0.6   0:36.68 bt_navigator
 513129 jetson    20   0  432964  27132  14244 S  15.3   0.3   6:30.65 rplidar_node
 513125 jetson    20   0 1750824 109316  51324 S  13.4   1.4   5:34.16 realsense2_came
 513439 jetson    20   0 1061928  51652  24360 S  11.9   0.7   1:31.86 async_slam_tool
 609086 jetson    20   0  577388  31744  16252 S  11.4   0.4   0:41.92 lifecycle_manag
 513361 jetson    20   0  506336  34940  18388 S  10.9   0.4   4:32.69 ekf_node
 609055 jetson    20   0  709540  62092  27352 S   9.9   0.8   0:19.72 python3
 609061 jetson    20   0 1070624  71356  24604 S   9.4   0.9   0:38.36 planner_server
 513131 jetson    20   0  708192  64296  27388 S   8.4   0.8   3:28.47 python3
 609063 jetson    20   0  516308  35412  21032 S   7.9   0.5   0:29.40 behavior_server
 609059 jetson    20   0  664652  35108  19412 S   6.4   0.5   0:24.89 smoother_server
 609067 jetson    20   0  431292  29316  17020 S   5.9   0.4   0:21.15 waypoint_follow
 609077 jetson    20   0  428704  29676  15956 S   5.9   0.4   0:21.29 velocity_smooth
  13320 root      20   0 1300496  44944  11392 S   4.5   0.6  30:12.53 micro_ros_agent
 513127 jetson    20   0  710644  65280  27232 S   3.5   0.8   2:02.02 python3
    904 root      rt   0       0      0      0 S   1.5   0.0   1:47.46 sugov:0
    909 root      rt   0       0      0      0 S   1.5   0.0   0:50.27 sugov:4
 418183 root       0 -20       0      0      0 I   1.0   0.0   0:13.10 kworker/u13:0-uvcvideo
 626969 jetson    20   0   14340   3376   2764 R   1.0   0.0   0:00.20 top
     15 root      20   0       0      0      0 I   0.5   0.0   0:09.96 rcu_preempt
    340 root      20   0   23544   6732   4608 S   0.5   0.1   1:30.08 systemd-udevd
   1212 root      20   0 2093336  75924  33916 S   0.5   1.0   0:38.52 containerd
   1588 root      20   0 2353004 116452  56964 S   0.5   1.5   0:27.77 dockerd
  13265 root      20   0 1232976  11076   5960 S   0.5   0.1   0:02.39 containerd-shim
 465092 root      20   0  238836   6948   5700 S   0.5   0.1   0:01.13 iio-sensor-prox
 481530 root       0 -20       0      0      0 I   0.5   0.0   0:07.88 kworker/u13:3-uvcvideo
 494770 root      20   0 1233488  12780   6732 S   0.5   0.2   0:08.98 containerd-shim
 509136 root      20   0       0      0      0 I   0.5   0.0   0:03.70 kworker/u12:5-events_unbound
 513250 root      20   0   21760   4428   2868 S   0.5   0.1   0:06.00 systemd-udevd
 609021 jetson    20   0  796964  40120  13228 S   0.5   0.5   0:01.32 ros2
 609103 jetson    20   0   11248   3076   2756 S   0.5   0.0   0:00.26 bash
 626970 jetson    20   0    2872    896    800 S   0.5   0.0   0:00.05 tegrastats
      1 root      20   0  167628  11768   7448 S   0.0   0.2   0:29.41 systemd
      2 root      20   0       0      0      0 S   0.0   0.0   0:00.03 kthreadd
      3 root       0 -20       0      0      0 I   0.0   0.0   0:00.00 rcu_gp
      4 root       0 -20       0      0      0 I   0.0   0.0   0:00.00 rcu_par_gp
      5 root       0 -20       0      0      0 I   0.0   0.0   0:00.00 slub_flushwq
      6 root       0 -20       0      0      0 I   0.0   0.0   0:00.00 netns
      8 root       0 -20       0      0      0 I   0.0   0.0   0:00.00 kworker/0:0H-events_highpri
     10 root       0 -20       0      0      0 I   0.0   0.0   0:00.00 mm_percpu_wq
     11 root      20   0       0      0      0 S   0.0   0.0   0:00.00 rcu_tasks_kthre
     12 root      20   0       0      0      0 S   0.0   0.0   0:00.00 rcu_tasks_rude_
     13 root      20   0       0      0      0 S   0.0   0.0   0:00.00 rcu_tasks_trace
     14 root      20   0       0      0      0 S   0.0   0.0   0:22.56 ksoftirqd/0
     16 root      rt   0       0      0      0 S   0.0   0.0   0:00.02 migration/0
     17 root      20   0       0      0      0 S   0.0   0.0   0:00.00 cpuhp/0
     18 root      20   0       0      0      0 S   0.0   0.0   0:00.00 cpuhp/1
     19 root      rt   0       0      0      0 S   0.0   0.0   0:00.03 migration/1
     20 root      20   0       0      0      0 S   0.0   0.0   0:01.60 ksoftirqd/1
     22 root       0 -20       0      0      0 I   0.0   0.0   0:00.00 kworker/1:0H-events_highpri
     23 root      20   0       0      0      0 S   0.0   0.0   0:00.00 cpuhp/2
     24 root      rt   0       0      0      0 S   0.0   0.0   0:00.02 migration/2
     25 root      20   0       0      0      0 S   0.0   0.0   0:01.61 ksoftirqd/2
     27 root       0 -20       0      0      0 I   0.0   0.0   0:00.00 kworker/2:0H-events_highpri
     28 root      20   0       0      0      0 S   0.0   0.0   0:00.00 cpuhp/3
     29 root      rt   0       0      0      0 S   0.0   0.0   0:00.02 migration/3
     30 root      20   0       0      0      0 S   0.0   0.0   0:01.50 ksoftirqd/3
     32 root       0 -20       0      0      0 I   0.0   0.0   0:00.00 kworker/3:0H-events_highpri
     33 root      20   0       0      0      0 S   0.0   0.0   0:00.00 cpuhp/4
     34 root      rt   0       0      0      0 S   0.0   0.0   0:00.06 migration/4
     35 root      20   0       0      0      0 S   0.0   0.0   0:01.11 ksoftirqd/4
     37 root       0 -20       0      0      0 I   0.0   0.0   0:00.00 kworker/4:0H-kblockd
     38 root      20   0       0      0      0 S   0.0   0.0   0:00.00 cpuhp/5
     39 root      rt   0       0      0      0 S   0.0   0.0   0:00.07 migration/5
     40 root      20   0       0      0      0 S   0.0   0.0   0:01.16 ksoftirqd/5
     42 root       0 -20       0      0      0 I   0.0   0.0   0:00.00 kworker/5:0H-events_highpri
     43 root      20   0       0      0      0 S   0.0   0.0   0:00.01 kdevtmpfs
     44 root       0 -20       0      0      0 I   0.0   0.0   0:00.00 inet_frag_wq
     51 root      20   0       0      0      0 S   0.0   0.0   0:00.00 kauditd
     52 root      20   0       0      0      0 S   0.0   0.0   0:00.00 oom_reaper
     53 root       0 -20       0      0      0 I   0.0   0.0   0:00.00 writeback
     54 root      20   0       0      0      0 S   0.0   0.0   0:00.18 kcompactd0
     55 root      25   5       0      0      0 S   0.0   0.0   0:00.00 ksmd
     56 root      39  19       0      0      0 S   0.0   0.0   0:02.04 khugepaged
     67 root       0 -20       0      0      0 I   0.0   0.0   0:00.00 cryptd
     86 root       0 -20       0      0      0 I   0.0   0.0   0:00.00 kintegrityd
     87 root       0 -20       0      0      0 I   0.0   0.0   0:00.00 kblockd
     88 root       0 -20       0      0      0 I   0.0   0.0   0:00.00 blkcg_punt_bio
     89 root       0 -20       0      0      0 I   0.0   0.0   0:00.00 tpm_dev_wq
     90 root       0 -20       0      0      0 I   0.0   0.0   0:00.00 ata_sff
     91 root       0 -20       0      0      0 I   0.0   0.0   0:00.00 edac-poller
     92 root       0 -20       0      0      0 I   0.0   0.0   0:00.00 devfreq_wq
     93 root     -51   0       0      0      0 S   0.0   0.0   0:00.00 watchdogd
     96 root       0 -20       0      0      0 I   0.0   0.0   0:00.06 kworker/1:1H-kblockd
     97 root       0 -20       0      0      0 I   0.0   0.0   0:00.00 rpciod
     99 root       0 -20       0      0      0 I   0.0   0.0   0:00.00 xprtiod
    127 root      20   0       0      0      0 S   0.0   0.0   0:00.00 kswapd0
    128 root       0 -20       0      0      0 I   0.0   0.0   0:00.00 nfsiod
    132 root       0 -20       0      0      0 I   0.0   0.0   0:00.00 vfio-irqfd-clea
    133 root       0 -20       0      0      0 I   0.0   0.0   0:00.00 bch_btree_io
    134 root       0 -20       0      0      0 I   0.0   0.0   0:00.00 bcache
    135 root       0 -20       0      0      0 I   0.0   0.0   0:00.00 bch_journal
    136 root       0 -20       0      0      0 I   0.0   0.0   0:00.00 dm_bufio_cache
    139 root      20   0       0      0      0 I   0.0   0.0   0:01.86 kworker/2:3-events
    140 root      10 -10       0      0      0 S   0.0   0.0   0:00.00 krfcommd
    141 root      20   0       0      0      0 S   0.0   0.0   0:00.01 pr/tty0
    142 root      20   0       0      0      0 S   0.0   0.0   0:03.09 pr/ttyTCU0
    145 root     -51   0       0      0      0 S   0.0   0.0   0:00.00 irq/114-3160000
    147 root     -51   0       0      0      0 S   0.0   0.0   0:00.00 irq/115-3180000
    149 root     -51   0       0      0      0 S   0.0   0.0   0:00.00 irq/116-31b0000
    150 root     -51   0       0      0      0 S   0.0   0.0   0:00.03 irq/167-c240000
    151 root     -51   0       0      0      0 S   0.0   0.0   0:00.00 irq/168-c250000
    152 root     -51   0       0      0      0 S   0.0   0.0   0:00.00 irq/125-3610000
    153 root     -51   0       0      0      0 S   0.0   0.0   0:00.00 irq/122-3610000
    155 root       0 -20       0      0      0 I   0.0   0.0   0:00.00 sdhci
    156 root     -51   0       0      0      0 S   0.0   0.0   0:00.00 irq/120-mmc0
    157 root     -51   0       0      0      0 S   0.0   0.0   0:00.00 irq/230-3400000
    174 root       0 -20       0      0      0 I   0.0   0.0   0:00.06 kworker/3:1H-kblockd
    180 root     -51   0       0      0      0 S   0.0   0.0   0:00.00 irq/191-tegra-p
    181 root       0 -20       0      0      0 I   0.0   0.0   0:00.00 nvme-wq
    182 root       0 -20       0      0      0 I   0.0   0.0   0:00.00 nvme-reset-wq
    183 root       0 -20       0      0      0 I   0.0   0.0   0:00.00 nvme-delete-wq
    192 root     -51   0       0      0      0 S   0.0   0.0   0:00.00 irq/191-aerdrv
    193 root     -51   0       0      0      0 S   0.0   0.0   0:00.00 irq/193-tegra-p
    196 root     -51   0       0      0      0 S   0.0   0.0   0:00.00 irq/193-aerdrv
    197 root     -51   0       0      0      0 S   0.0   0.0   0:00.00 irq/195-tegra-p
    199 root     -51   0       0      0      0 S   0.0   0.0   0:00.00 irq/232-nvme0q0
    200 root     -51   0       0      0      0 S   0.0   0.0   0:00.37 irq/233-nvme0q1
    201 root     -51   0       0      0      0 S   0.0   0.0   0:00.40 irq/234-nvme0q2
    202 root     -51   0       0      0      0 S   0.0   0.0   0:00.53 irq/235-nvme0q3
    203 root     -51   0       0      0      0 S   0.0   0.0   0:00.65 irq/236-nvme0q4
    204 root     -51   0       0      0      0 S   0.0   0.0   0:00.16 irq/237-nvme0q5
    205 root     -51   0       0      0      0 S   0.0   0.0   0:00.12 irq/238-nvme0q6
    211 root       0 -20       0      0      0 I   0.0   0.0   0:00.06 kworker/4:1H-kblockd
    212 root      20   0       0      0      0 S   0.0   0.0   0:01.45 jbd2/nvme0n1p1-
    213 root       0 -20       0      0      0 I   0.0   0.0   0:00.00 ext4-rsv-conver
    222 root       0 -20       0      0      0 I   0.0   0.0   0:00.00 mld
    223 root       0 -20       0      0      0 I   0.0   0.0   0:00.04 kworker/0:1H-kblockd
    224 root       0 -20       0      0      0 I   0.0   0.0   0:00.00 ipv6_addrconf
    256 root      19  -1   76560  38072  36444 S   0.0   0.5   0:29.08 systemd-journal
    278 root       0 -20       0      0      0 I   0.0   0.0   0:00.08 kworker/2:1H-kblockd
    280 root      39  19       0      0      0 S   0.0   0.0   0:01.64 nvmap-bz
    281 root     -51   0       0      0      0 S   0.0   0.0   0:00.00 irq/188-host1x_
    285 root     -51   0       0      0      0 S   0.0   0.0   0:00.00 irq/197-gk20a_s
    286 root     -51   0       0      0      0 S   0.0   0.0   0:00.02 irq/198-gk20a_s
    287 root     -51   0       0      0      0 S   0.0   0.0   0:00.03 irq/199-gk20a_s
    288 root     -51   0       0      0      0 S   0.0   0.0   0:00.00 irq/200-gk20a_n
    291 root       0 -20       0      0      0 I   0.0   0.0   0:00.06 kworker/5:1H-kblockd
    295 root      20   0   11116   3460   3204 S   0.0   0.0   0:00.00 nv-tee-supplica
    299 root      20   0   76588   1360   1248 S   0.0   0.0   0:00.01 tee-supplicant
    301 root       0 -20       0      0      0 I   0.0   0.0   0:00.00 optee_bus_scan
    303 root     -51   0       0      0      0 S   0.0   0.0   0:00.00 irq/189-tegra-p
    312 root      20   0   23732   6316   4080 S   0.0   0.1   0:26.86 systemd-udevd
    313 root     -51   0       0      0      0 S   0.0   0.0   0:00.00 irq/189-aerdrv
    314 root      20   0   23216   5820   3992 S   0.0   0.1   0:00.40 systemd-udevd
    315 root      20   0   23216   5020   3248 S   0.0   0.1   0:00.15 systemd-udevd
    316 root      20   0   23268   6252   4316 S   0.0   0.1   0:00.16 systemd-udevd
    317 root      20   0   23220   4364   2600 S   0.0   0.1   0:00.11 systemd-udevd
    318 root      20   0   23216   4480   2672 S   0.0   0.1   0:00.12 systemd-udevd
    319 root      20   0   23212   5820   3980 S   0.0   0.1   0:00.29 systemd-udevd
    320 root      20   0   23264   4688   2764 S   0.0   0.1   0:00.13 systemd-udevd
    321 root      20   0   23268   5072   3136 S   0.0   0.1   0:00.18 systemd-udevd
    322 root      20   0   23524   5520   3456 S   0.0   0.1   0:00.27 systemd-udevd
    323 root      20   0   23216   6296   4444 S   0.0   0.1   0:00.41 systemd-udevd
    324 root      20   0   23220   5196   3388 S   0.0   0.1   0:00.16 systemd-udevd
    325 root      20   0   23220   5820   3976 S   0.0   0.1   0:00.40 systemd-udevd
    326 root      20   0   23220   5252   3388 S   0.0   0.1   0:00.42 systemd-udevd
    327 root      20   0   23220   5504   3684 S   0.0   0.1   0:00.18 systemd-udevd
    330 root      20   0   23512   5728   3684 S   0.0   0.1   0:00.14 systemd-udevd
    331 root      20   0   24292   5540   2676 S   0.0   0.1   0:00.16 systemd-udevd
    333 root      20   0   23524   5596   3532 S   0.0   0.1   0:00.27 systemd-udevd
    334 root      20   0   23220   5584   3740 S   0.0   0.1   0:00.27 systemd-udevd
    335 root      20   0   23220   4504   2708 S   0.0   0.1   0:00.11 systemd-udevd
    336 root      20   0   23220   4696   2892 S   0.0   0.1   0:00.14 systemd-udevd
    337 root      20   0   23524   5056   2992 S   0.0   0.1   0:00.16 systemd-udevd
    339 root      20   0   23220   4980   3148 S   0.0   0.1   0:00.17 systemd-udevd
    341 root      20   0   23276   5328   3384 S   0.0   0.1   0:00.13 systemd-udevd
    342 root      20   0   23280   5176   3228 S   0.0   0.1   0:00.13 systemd-udevd
    343 root      20   0   23220   5988   4152 S   0.0   0.1   0:00.32 systemd-udevd
    344 root      20   0   23560   6700   4596 S   0.0   0.1   0:00.55 systemd-udevd
    345 root      20   0       0      0      0 S   0.0   0.0   0:00.00 15820000.crypto
    346 root      20   0       0      0      0 S   0.0   0.0   0:00.00 15840000.crypto
    368 root      20   0   23324   5984   4116 S   0.0   0.1   0:00.45 systemd-udevd
    417 root     -51   0       0      0      0 S   0.0   0.0   0:00.00 irq/219-bc00000
    419 root      -2   0       0      0      0 S   0.0   0.0   0:00.00 capture-control
    420 root      -2   0       0      0      0 S   0.0   0.0   0:00.00 capture
    422 root     -51   0       0      0      0 S   0.0   0.0   0:00.00 irq/214-tegra_d
    423 root     -51   0       0      0      0 S   0.0   0.0   0:00.00 irq/215-tegra_d
    424 root       0 -20       0      0      0 I   0.0   0.0   0:00.00 dce-async-ipc-w
    425 root     -51   0       0      0      0 S   0.0   0.0   0:00.00 irq/240-nvvrs-p
    427 root      20   0       0      0      0 S   0.0   0.0   0:00.00 nv_queue
    428 root      20   0       0      0      0 S   0.0   0.0   0:00.00 nv_queue
    483 root     -51   0       0      0      0 S   0.0   0.0   0:00.00 irq/118-3210000
    487 root      20   0       0      0      0 S   0.0   0.0   0:00.00 spi0
    495 root       0 -20       0      0      0 I   0.0   0.0   0:00.00 cfg80211
    497 root     -51   0       0      0      0 S   0.0   0.0   0:00.00 irq/119-3230000
    498 root      20   0       0      0      0 S   0.0   0.0   0:00.00 spi1
    584 root       0 -20       0      0      0 I   0.0   0.0   0:00.00 btfwwork
    650 root      20   0    8236   6424   1432 S   0.0   0.1   0:00.72 haveged
    653 _rpc      20   0    7932   2264   1912 S   0.0   0.0   0:00.03 rpcbind
    659 systemd+  20   0   26320  13580   8496 S   0.0   0.2   0:00.53 systemd-resolve
    662 systemd+  20   0   88880   6332   5484 S   0.0   0.1   0:00.15 systemd-timesyn
    826 avahi     20   0    8084   3108   2752 S   0.0   0.0   0:00.66 avahi-daemon
    827 root      20   0    9888   4552   4112 S   0.0   0.1   0:00.07 bluetoothd
    828 message+  20   0   10496   5632   3584 S   0.0   0.1   0:42.49 dbus-daemon
    829 root      20   0  264864  18900  14872 S   0.0   0.2   0:38.75 NetworkManager
    838 root      20   0   43504  19780  10232 S   0.0   0.3   0:00.15 networkd-dispat
    849 root      20   0  241652   9056   6312 S   0.0   0.1   0:00.59 power-profiles-
    854 syslog    20   0  222160   5012   3672 S   0.0   0.1   0:05.52 rsyslogd
    859 root      20   0    2240    796    720 S   0.0   0.0   0:00.00 seatd
    865 root      20   0 2145956  51416  25768 S   0.0   0.7   0:36.77 snapd
    867 root      20   0  242124   7452   6576 S   0.0   0.1   0:02.12 accounts-daemon
    869 root      20   0  238128   6232   5620 S   0.0   0.1   0:00.04 switcheroo-cont
    871 root      20   0   48968   7620   6296 S   0.0   0.1   0:03.62 systemd-logind
    874 root      20   0  394188  13988   9476 S   0.0   0.2   0:01.03 udisksd
    875 root      20   0   16632   9928   8148 S   0.0   0.1   0:01.30 wpa_supplicant
    882 avahi     20   0    7812    356      0 S   0.0   0.0   0:00.00 avahi-daemon
    921 root      30  10   11248   3612   3220 S   0.0   0.0   0:08.48 wifi_mon.sh
    969 root      20   0  237044  10468   6400 S   0.0   0.1   3:05.70 polkitd
    983 root      20   0    2460   1556   1380 S   0.0   0.0   0:08.23 nvfancontrol
   1049 root      20   0       0      0      0 S   0.0   0.0   0:00.00 sw-quiesce
   1052 root      20   0       0      0      0 S   0.0   0.0   0:20.94 nvgpu_channel_p
   1068 root      20   0       0      0      0 S   0.0   0.0   0:00.00 nvgpu_pg_init_g
   1087 root      20   0       0      0      0 S   0.0   0.0   0:00.00 nvgpu_clk_arb_p
   1117 root      20   0       0      0      0 S   0.0   0.0   0:07.69 RTW_CMD_THREAD
   1157 root      20   0   75936   9960   8136 S   0.0   0.1   0:00.01 nvargus-daemon
   1158 root      20   0   11116   3520   3220 S   0.0   0.0   0:00.08 nvmemwarning.sh
   1171 root      20   0   22192   1776   1580 S   0.0   0.0   0:00.00 nvs-service
   1181 ollama    20   0 2006720  39588  20072 S   0.0   0.5   0:01.07 ollama
   1195 root      20   0    2336   1408   1292 S   0.0   0.0   0:01.96 run-cups-browse
   1201 root      20   0    2336   1424   1296 S   0.0   0.0   0:02.02 run-cupsd
   1204 root      20   0       0      0      0 S   0.0   0.0   0:00.00 pr/ramoops-1
   1239 root      20   0   10772   2824   2576 S   0.0   0.0   0:00.06 cron
   1259 root      20   0  243128   8056   7012 S   0.0   0.1   0:00.02 gdm3
   1263 kernoops  20   0   12812    452      0 S   0.0   0.0   0:00.02 kerneloops
   1290 root      20   0    9468    800    724 S   0.0   0.0   0:00.00 agetty
   1291 kernoops  20   0   12812    452      0 S   0.0   0.0   0:00.02 kerneloops
   1293 root      20   0    9468    804    724 S   0.0   0.0   0:00.00 agetty
   1330 root      20   0  173408   8804   7628 S   0.0   0.1   0:00.02 gdm-session-wor
   1417 root      20   0       0      0      0 S   0.0   0.0   0:00.00 file-storage
   1426 root      20   0   15272   8368   6788 S   0.0   0.1   0:00.72 sshd
   1474 gdm       20   0   18120   9728   7360 S   0.0   0.1   0:00.46 systemd
   1478 root      20   0    3076    992    880 S   0.0   0.0   0:00.00 nvphsd
   1483 root      20   0    3208   1476   1316 S   0.0   0.0   0:00.00 nvphsd
   1497 gdm       20   0  106692   4552      0 S   0.0   0.1   0:00.00 (sd-pam)
   1688 gdm        9 -11   41972   6472   5156 S   0.0   0.1   0:00.07 pipewire
   1689 gdm       20   0   25476   6428   5104 S   0.0   0.1   0:01.69 pipewire-media-
   1690 gdm        9 -11  891840  20748  12584 S   0.0   0.3   0:00.94 pulseaudio
   1695 gdm       20   0  163948   5472   4964 S   0.0   0.1   0:00.00 gdm-x-session
   1697 root      20   0   24.2g  80528  35884 S   0.0   1.0   0:02.02 Xorg
   1698 rtkit     21   1  153504   1588   1380 S   0.0   0.0   0:00.31 rtkit-daemon
   1729 gdm       20   0    8840   3600   3212 S   0.0   0.0   0:00.02 dbus-daemon
   1748 root      20   0       0      0      0 S   0.0   0.0   0:00.00 nvidia-modeset/
   1749 root      20   0       0      0      0 S   0.0   0.0   0:00.00 nvidia-modeset/
   1752 root      20   0       0      0      0 S   0.0   0.0   0:00.00 nvidia
   1753 root      20   0       0      0      0 S   0.0   0.0   0:00.00 nv_queue
   1790 root      20   0       0      0      0 S   0.0   0.0   0:00.00 nvidia-drm-nv-t
   1791 root     -51   0       0      0      0 S   0.0   0.0   0:00.00 card1-crtc0
   1792 root     -51   0       0      0      0 S   0.0   0.0   0:00.00 card1-crtc1
   1980 gdm       20   0    5876   1552   1344 S   0.0   0.0   0:00.00 dbus-run-sessio
   1983 gdm       20   0    9108   4440   3588 S   0.0   0.1   0:00.13 dbus-daemon
   2035 gdm       20   0  597840  17824  12972 S   0.0   0.2   0:01.00 gnome-session-b
   2057 gdm       20   0  310068   8976   6272 S   0.0   0.1   0:00.00 at-spi-bus-laun
   2062 gdm       20   0    8692   3556   3168 S   0.0   0.0   0:00.00 dbus-daemon
   2071 gdm       20   0 3471500 137260  73260 S   0.0   1.8   0:47.09 gnome-shell
   2092 gdm       20   0  237676   4964   4528 S   0.0   0.1   0:00.00 xdg-permission-
   2099 root      20   0  243852  10136   6984 S   0.0   0.1   0:00.47 upowerd
   2106 root      20   0  301608  19332  16408 S   0.0   0.2   0:01.56 packagekitd
   2110 gdm       20   0 2812288  25716  20860 S   0.0   0.3   0:00.08 gjs
   2113 gdm       20   0  163144   7196   6428 S   0.0   0.1   0:00.02 at-spi2-registr
   2141 gdm       20   0  468748   9856   7940 S   0.0   0.1   0:01.97 gsd-sharing
   2146 gdm       20   0  338880  14892  12620 S   0.0   0.2   0:00.06 gsd-wacom
   2148 gdm       20   0  451616  18896  16480 S   0.0   0.2   0:00.22 gsd-color
   2150 gdm       20   0  412392  17092  13292 S   0.0   0.2   0:00.04 gsd-keyboard
   2152 gdm       20   0  316864  13188   6244 S   0.0   0.2   0:00.10 ibus-daemon
   2156 gdm       20   0  326124   9848   8488 S   0.0   0.1   0:00.02 gsd-print-notif
   2166 gdm       20   0  242216   6512   5848 S   0.0   0.1   0:00.01 gvfsd
   2168 gdm       20   0  459796   6140   5436 S   0.0   0.1   0:00.57 gsd-rfkill
   2170 gdm       20   0  388312   7432   6528 S   0.0   0.1   0:00.01 gsd-smartcard
   2173 gdm       20   0  380556  16508  12504 S   0.0   0.2   0:00.03 gsd-datetime
   2183 gdm       20   0  864216  20108  17428 S   0.0   0.3   0:00.52 gsd-media-keys
   2184 gdm       20   0  237936   4760   4376 S   0.0   0.1   0:00.01 gsd-screensaver
   2185 gdm       20   0  322096  10392   7320 S   0.0   0.1   0:00.02 gsd-sound
   2186 gdm       20   0  312416   8104   5476 S   0.0   0.1   0:00.01 gsd-a11y-settin
   2193 gdm       20   0  313996   8944   6152 S   0.0   0.1   0:00.97 gsd-housekeepin
   2195 gdm       20   0  450004  20288  15904 S   0.0   0.3   0:00.52 gsd-power
   2218 gdm       20   0  347052  12608  10748 S   0.0   0.2   0:00.03 gsd-printer
   2221 gdm       20   0  239040   6576   5948 S   0.0   0.1   0:00.00 ibus-dconf
   2233 gdm       20   0  238936   5920   5488 S   0.0   0.1   0:00.00 ibus-portal
   2263 colord    20   0  247516  14492   8720 S   0.0   0.2   0:00.27 colord
   2285 gdm       20   0 2812300  27868  20904 S   0.0   0.4   0:00.09 gjs
   2349 gdm       20   0  165096   6516   5892 S   0.0   0.1   0:00.01 ibus-engine-sim
   2508 root      20   0  136716  13172   9512 S   0.0   0.2   0:00.70 cupsd
   2522 root      20   0  260792  17940  13508 S   0.0   0.2   0:01.60 cups-browsed
  11687 jetson    20   0   18140   9764   7368 S   0.0   0.1   0:00.37 systemd
  11688 jetson    20   0  172512   4632      0 S   0.0   0.1   0:00.00 (sd-pam)
  11696 jetson    20   0   41976   6552   5228 S   0.0   0.1   0:00.06 pipewire
  11697 jetson    20   0   25484   6724   5388 S   0.0   0.1   0:01.86 pipewire-media-
  11749 jetson    20   0    8888   4168   3672 S   0.0   0.1   0:00.03 dbus-daemon
  11931 jetson    20   0  707268  63144  26432 S   0.0   0.8   2:16.42 python3
  13234 jetson    20   0  203640  35476  13212 S   0.0   0.5   0:00.75 ros2
  13236 jetson    20   0 2070472  36080  17228 S   0.0   0.5   0:00.90 docker
  13238 jetson    20   0  428524  31584  15828 S   0.0   0.4   2:22.07 robot_state_pub
  13294 root      20   0   49400  29204  14412 S   0.0   0.4   0:00.40 ros2
  90870 root      20   0       0      0      0 I   0.0   0.0   0:23.05 kworker/u12:11-events_unbound
 100141 root      20   0       0      0      0 I   0.0   0.0   0:22.80 kworker/u12:6-events_unbound
 284193 root      20   0       0      0      0 I   0.0   0.0   0:13.23 kworker/u12:3-events_freezable_power_
 407770 root      20   0       0      0      0 I   0.0   0.0   0:09.22 kworker/u12:9-events_unbound
 417230 root      20   0       0      0      0 I   0.0   0.0   0:07.53 kworker/u12:0-events_freezable_power_
 437586 root      20   0       0      0      0 I   0.0   0.0   0:06.20 kworker/u12:4-events_freezable_power_
 494799 jetson    20   0    5508    792    704 S   0.0   0.0   0:00.21 sleep
 494866 root      20   0   21760   5464   3940 S   0.0   0.1   0:03.60 systemd-udevd
 494879 root      20   0   21756   3352   1840 S   0.0   0.0   0:01.00 systemd-udevd
 512501 root      20   0       0      0      0 I   0.0   0.0   0:00.21 kworker/4:0-events
 513123 jetson    20   0  572504  38640  13228 S   0.0   0.5   0:01.15 ros2
 513133 jetson    20   0 1082972  60484  26368 S   0.0   0.8   1:15.08 foxglove_bridge
 513219 root      20   0   21752   3192   1712 S   0.0   0.0   0:00.00 systemd-udevd
 513220 root      20   0   21760   3352   1840 S   0.0   0.0   0:00.00 systemd-udevd
 513233 root      20   0   21760   3356   1840 S   0.0   0.0   0:00.00 systemd-udevd
 513234 root      20   0   21760   3356   1840 S   0.0   0.0   0:00.00 systemd-udevd
 513235 root      20   0   21760   3336   1840 S   0.0   0.0   0:00.00 systemd-udevd
 513236 root      20   0   21760   3352   1840 S   0.0   0.0   0:00.00 systemd-udevd
 513237 root      20   0   21760   3336   1840 S   0.0   0.0   0:00.00 systemd-udevd
 513251 root      20   0   21760   3840   2288 S   0.0   0.0   0:00.00 systemd-udevd
 513265 root      20   0   21760   4056   2496 S   0.0   0.1   0:00.00 systemd-udevd
 513266 root      20   0   21760   3244   1712 S   0.0   0.0   0:00.00 systemd-udevd
 513437 jetson    20   0  129772  36180  13228 S   0.0   0.5   0:00.78 ros2
 536340 root      20   0       0      0      0 I   0.0   0.0   0:00.15 kworker/1:1-cgroup_destroy
 536745 root       0 -20       0      0      0 I   0.0   0.0   0:05.51 kworker/u13:4-uvcvideo
 538507 root      20   0       0      0      0 I   0.0   0.0   0:00.18 kworker/0:0-events
 550304 root      20   0       0      0      0 I   0.0   0.0   0:00.30 kworker/5:0-events
 562560 root      20   0       0      0      0 I   0.0   0.0   0:01.75 kworker/u12:1-events_freezable_power_
 568778 root      20   0       0      0      0 I   0.0   0.0   0:00.00 kworker/2:0-cgroup_destroy
 576600 root      20   0       0      0      0 I   0.0   0.0   0:00.18 kworker/3:0-events
 576729 root      20   0       0      0      0 I   0.0   0.0   0:00.08 kworker/5:1-events
 576909 root      20   0       0      0      0 I   0.0   0.0   0:00.03 kworker/4:1-events
 582730 root      20   0       0      0      0 I   0.0   0.0   0:01.31 kworker/u12:2-events_unbound
 589172 root      20   0       0      0      0 I   0.0   0.0   0:00.73 kworker/u12:10-events_freezable_power_
 590592 root      20   0       0      0      0 I   0.0   0.0   0:00.00 kworker/0:2-cgroup_destroy
 591089 root       0 -20       0      0      0 I   0.0   0.0   0:02.94 kworker/u13:1-uvcvideo
 602672 root      20   0       0      0      0 I   0.0   0.0   0:00.08 kworker/1:3-events
 608435 root      20   0       0      0      0 I   0.0   0.0   0:00.00 kworker/3:2-events
 608538 root      20   0       0      0      0 I   0.0   0.0   0:00.00 kworker/2:2-events
 609212 root      20   0       0      0      0 I   0.0   0.0   0:00.04 kworker/0:1-events
 609220 jetson    20   0   53568  30340  15008 S   0.0   0.4   0:00.41 ros2
 613727 root      20   0    9436    780    704 S   0.0   0.0   0:00.00 sleep
 615420 root      20   0       0      0      0 I   0.0   0.0   0:00.01 kworker/4:2-events
 617319 root      20   0       0      0      0 I   0.0   0.0   0:00.00 kworker/0:3-cgroup_destroy
 621315 root      20   0       0      0      0 I   0.0   0.0   0:00.00 kworker/1:0-events
 621531 root      20   0       0      0      0 I   0.0   0.0   0:00.00 kworker/5:2-events
 622272 root      20   0       0      0      0 I   0.0   0.0   0:00.00 kworker/u12:7-events_unbound
 623951 jetson    20   0   11248   3292   2852 S   0.0   0.0   0:00.03 bash
 626884 jetson    20   0   11248   3292   2860 S   0.0   0.0   0:00.01 bash
 627202 jetson    20   0    9480    808    724 S   0.0   0.0   0:00.00 tail
 627452 root      30  10    9436    784    704 S   0.0   0.0   0:00.00 sleep
 628063 jetson    20   0    9444    784    700 S   0.0   0.0   0:00.00 sleep

top - 15:56:02 up  6:19,  0 users,  load average: 9.58, 8.47, 6.85
Tasks: 351 total,   3 running, 348 sleeping,   0 stopped,   0 zombie
%Cpu(s): 44.3 us, 10.3 sy,  0.0 ni, 41.0 id,  0.0 wa,  2.3 hi,  2.1 si,  0.0 st
MiB Mem :   7607.4 total,   2342.4 free,   2230.4 used,   3034.6 buff/cache
MiB Swap:   3803.7 total,   3803.7 free,      0.0 used.   5060.1 avail Mem 

    PID USER      PR  NI    VIRT    RES    SHR S  %CPU  %MEM     TIME+ COMMAND
 627201 jetson    20   0  753596  71704  29564 R  42.4   0.9   0:06.92 python3
 513359 jetson    20   0  709132  64972  27276 R  35.0   0.8  14:15.73 python3
 609057 jetson    20   0  962968  50012  23524 S  32.5   0.6   0:42.12 controller_serv
 626968 jetson    20   0  764024  55912  25372 S  22.2   0.7   0:04.99 ros2
 609244 jetson    20   0 9351828 401424  83868 S  17.7   5.2   1:00.04 nvblox_node
 609065 jetson    20   0  530908  46344  26216 S  15.8   0.6   0:37.00 bt_navigator
    969 root      20   0  237044  10468   6400 S  15.3   0.1   3:06.01 polkitd
 513129 jetson    20   0  432964  27132  14244 S  13.8   0.3   6:30.93 rplidar_node
 513125 jetson    20   0 1750824 109316  51324 S  13.3   1.4   5:34.43 realsense2_came
 609086 jetson    20   0  577388  31744  16252 S  11.8   0.4   0:42.16 lifecycle_manag
 513361 jetson    20   0  506336  34940  18388 S  11.3   0.4   4:32.92 ekf_node
 609055 jetson    20   0  709540  62092  27352 S   9.4   0.8   0:19.91 python3
 609061 jetson    20   0 1070624  71356  24604 S   9.4   0.9   0:38.55 planner_server
 513131 jetson    20   0  708192  64296  27388 S   8.9   0.8   3:28.65 python3
 609063 jetson    20   0  516308  35412  21032 S   7.4   0.5   0:29.55 behavior_server
 513439 jetson    20   0 1061928  51916  24360 S   6.4   0.7   1:31.99 async_slam_tool
 609059 jetson    20   0  664652  35120  19412 S   6.4   0.5   0:25.02 smoother_server
 609067 jetson    20   0  431292  29316  17020 S   5.9   0.4   0:21.27 waypoint_follow
 609077 jetson    20   0  428704  29676  15956 S   5.9   0.4   0:21.41 velocity_smooth
  13320 root      20   0 1300496  44944  11392 S   4.4   0.6  30:12.62 micro_ros_agent
    828 message+  20   0   10496   5632   3584 S   3.4   0.1   0:42.56 dbus-daemon
 513127 jetson    20   0  710644  65280  27232 S   3.4   0.8   2:02.09 python3
    829 root      20   0  264864  18900  14872 S   3.0   0.2   0:38.81 NetworkManager
      1 root      20   0  167628  11768   7448 S   2.0   0.2   0:29.45 systemd
   2071 gdm       20   0 3471500 137208  73260 S   2.0   1.8   0:47.13 gnome-shell
 626969 jetson    20   0   14340   3376   2764 R   1.5   0.0   0:00.23 top
    904 root      rt   0       0      0      0 S   1.0   0.0   1:47.48 sugov:0
    909 root      rt   0       0      0      0 S   1.0   0.0   0:50.29 sugov:4
   1588 root      20   0 2353004 116452  56964 S   1.0   1.5   0:27.79 dockerd
 509136 root      20   0       0      0      0 I   1.0   0.0   0:03.72 kworker/u12:5-events_unbound
    849 root      20   0  241652   9056   6312 S   0.5   0.1   0:00.60 power-profiles-
    874 root      20   0  394188  13988   9476 S   0.5   0.2   0:01.04 udisksd
   1212 root      20   0 2093336  75924  33916 S   0.5   1.0   0:38.53 containerd
   1426 root      20   0   15272   8368   6788 S   0.5   0.1   0:00.73 sshd
   2168 gdm       20   0  459796   6140   5436 S   0.5   0.1   0:00.58 gsd-rfkill
 407770 root      20   0       0      0      0 I   0.5   0.0   0:09.23 kworker/u12:9-events_unbound
 418183 root       0 -20       0      0      0 I   0.5   0.0   0:13.11 kworker/u13:0-uvcvideo
 481530 root       0 -20       0      0      0 I   0.5   0.0   0:07.89 kworker/u13:3-uvcvideo
 494770 root      20   0 1233488  12808   6732 S   0.5   0.2   0:08.99 containerd-shim
 562560 root      20   0       0      0      0 I   0.5   0.0   0:01.76 kworker/u12:1-events_unbound
 609021 jetson    20   0  796964  40120  13228 S   0.5   0.5   0:01.33 ros2
      2 root      20   0       0      0      0 S   0.0   0.0   0:00.03 kthreadd
      3 root       0 -20       0      0      0 I   0.0   0.0   0:00.00 rcu_gp
      4 root       0 -20       0      0      0 I   0.0   0.0   0:00.00 rcu_par_gp
      5 root       0 -20       0      0      0 I   0.0   0.0   0:00.00 slub_flushwq
      6 root       0 -20       0      0      0 I   0.0   0.0   0:00.00 netns
      8 root       0 -20       0      0      0 I   0.0   0.0   0:00.00 kworker/0:0H-events_highpri
     10 root       0 -20       0      0      0 I   0.0   0.0   0:00.00 mm_percpu_wq
     11 root      20   0       0      0      0 S   0.0   0.0   0:00.00 rcu_tasks_kthre
     12 root      20   0       0      0      0 S   0.0   0.0   0:00.00 rcu_tasks_rude_
     13 root      20   0       0      0      0 S   0.0   0.0   0:00.00 rcu_tasks_trace
     14 root      20   0       0      0      0 S   0.0   0.0   0:22.56 ksoftirqd/0
     15 root      20   0       0      0      0 I   0.0   0.0   0:09.96 rcu_preempt
     16 root      rt   0       0      0      0 S   0.0   0.0   0:00.02 migration/0
     17 root      20   0       0      0      0 S   0.0   0.0   0:00.00 cpuhp/0
     18 root      20   0       0      0      0 S   0.0   0.0   0:00.00 cpuhp/1
     19 root      rt   0       0      0      0 S   0.0   0.0   0:00.03 migration/1
     20 root      20   0       0      0      0 S   0.0   0.0   0:01.60 ksoftirqd/1
     22 root       0 -20       0      0      0 I   0.0   0.0   0:00.00 kworker/1:0H-events_highpri
     23 root      20   0       0      0      0 S   0.0   0.0   0:00.00 cpuhp/2
     24 root      rt   0       0      0      0 S   0.0   0.0   0:00.02 migration/2
     25 root      20   0       0      0      0 S   0.0   0.0   0:01.61 ksoftirqd/2
     27 root       0 -20       0      0      0 I   0.0   0.0   0:00.00 kworker/2:0H-events_highpri
     28 root      20   0       0      0      0 S   0.0   0.0   0:00.00 cpuhp/3
     29 root      rt   0       0      0      0 S   0.0   0.0   0:00.02 migration/3
     30 root      20   0       0      0      0 S   0.0   0.0   0:01.50 ksoftirqd/3
     32 root       0 -20       0      0      0 I   0.0   0.0   0:00.00 kworker/3:0H-events_highpri
     33 root      20   0       0      0      0 S   0.0   0.0   0:00.00 cpuhp/4
     34 root      rt   0       0      0      0 S   0.0   0.0   0:00.06 migration/4
     35 root      20   0       0      0      0 S   0.0   0.0   0:01.11 ksoftirqd/4
     37 root       0 -20       0      0      0 I   0.0   0.0   0:00.00 kworker/4:0H-kblockd
     38 root      20   0       0      0      0 S   0.0   0.0   0:00.00 cpuhp/5
     39 root      rt   0       0      0      0 S   0.0   0.0   0:00.07 migration/5
     40 root      20   0       0      0      0 S   0.0   0.0   0:01.16 ksoftirqd/5
     42 root       0 -20       0      0      0 I   0.0   0.0   0:00.00 kworker/5:0H-events_highpri
     43 root      20   0       0      0      0 S   0.0   0.0   0:00.01 kdevtmpfs
     44 root       0 -20       0      0      0 I   0.0   0.0   0:00.00 inet_frag_wq
     51 root      20   0       0      0      0 S   0.0   0.0   0:00.00 kauditd
     52 root      20   0       0      0      0 S   0.0   0.0   0:00.00 oom_reaper
     53 root       0 -20       0      0      0 I   0.0   0.0   0:00.00 writeback
     54 root      20   0       0      0      0 S   0.0   0.0   0:00.18 kcompactd0
     55 root      25   5       0      0      0 S   0.0   0.0   0:00.00 ksmd
     56 root      39  19       0      0      0 S   0.0   0.0   0:02.04 khugepaged
     67 root       0 -20       0      0      0 I   0.0   0.0   0:00.00 cryptd
     86 root       0 -20       0      0      0 I   0.0   0.0   0:00.00 kintegrityd
     87 root       0 -20       0      0      0 I   0.0   0.0   0:00.00 kblockd
     88 root       0 -20       0      0      0 I   0.0   0.0   0:00.00 blkcg_punt_bio
     89 root       0 -20       0      0      0 I   0.0   0.0   0:00.00 tpm_dev_wq
     90 root       0 -20       0      0      0 I   0.0   0.0   0:00.00 ata_sff
     91 root       0 -20       0      0      0 I   0.0   0.0   0:00.00 edac-poller
     92 root       0 -20       0      0      0 I   0.0   0.0   0:00.00 devfreq_wq
     93 root     -51   0       0      0      0 S   0.0   0.0   0:00.00 watchdogd
     96 root       0 -20       0      0      0 I   0.0   0.0   0:00.06 kworker/1:1H-kblockd
     97 root       0 -20       0      0      0 I   0.0   0.0   0:00.00 rpciod
     99 root       0 -20       0      0      0 I   0.0   0.0   0:00.00 xprtiod
    127 root      20   0       0      0      0 S   0.0   0.0   0:00.00 kswapd0
    128 root       0 -20       0      0      0 I   0.0   0.0   0:00.00 nfsiod
    132 root       0 -20       0      0      0 I   0.0   0.0   0:00.00 vfio-irqfd-clea
    133 root       0 -20       0      0      0 I   0.0   0.0   0:00.00 bch_btree_io
    134 root       0 -20       0      0      0 I   0.0   0.0   0:00.00 bcache
    135 root       0 -20       0      0      0 I   0.0   0.0   0:00.00 bch_journal
    136 root       0 -20       0      0      0 I   0.0   0.0   0:00.00 dm_bufio_cache
    139 root      20   0       0      0      0 I   0.0   0.0   0:01.86 kworker/2:3-events
    140 root      10 -10       0      0      0 S   0.0   0.0   0:00.00 krfcommd
    141 root      20   0       0      0      0 S   0.0   0.0   0:00.01 pr/tty0
    142 root      20   0       0      0      0 S   0.0   0.0   0:03.09 pr/ttyTCU0
    145 root     -51   0       0      0      0 S   0.0   0.0   0:00.00 irq/114-3160000
    147 root     -51   0       0      0      0 S   0.0   0.0   0:00.00 irq/115-3180000
    149 root     -51   0       0      0      0 S   0.0   0.0   0:00.00 irq/116-31b0000
    150 root     -51   0       0      0      0 S   0.0   0.0   0:00.03 irq/167-c240000
    151 root     -51   0       0      0      0 S   0.0   0.0   0:00.00 irq/168-c250000
    152 root     -51   0       0      0      0 S   0.0   0.0   0:00.00 irq/125-3610000
    153 root     -51   0       0      0      0 S   0.0   0.0   0:00.00 irq/122-3610000
    155 root       0 -20       0      0      0 I   0.0   0.0   0:00.00 sdhci
    156 root     -51   0       0      0      0 S   0.0   0.0   0:00.00 irq/120-mmc0
    157 root     -51   0       0      0      0 S   0.0   0.0   0:00.00 irq/230-3400000
    174 root       0 -20       0      0      0 I   0.0   0.0   0:00.06 kworker/3:1H-kblockd
    180 root     -51   0       0      0      0 S   0.0   0.0   0:00.00 irq/191-tegra-p
    181 root       0 -20       0      0      0 I   0.0   0.0   0:00.00 nvme-wq
    182 root       0 -20       0      0      0 I   0.0   0.0   0:00.00 nvme-reset-wq
    183 root       0 -20       0      0      0 I   0.0   0.0   0:00.00 nvme-delete-wq
    192 root     -51   0       0      0      0 S   0.0   0.0   0:00.00 irq/191-aerdrv
    193 root     -51   0       0      0      0 S   0.0   0.0   0:00.00 irq/193-tegra-p
    196 root     -51   0       0      0      0 S   0.0   0.0   0:00.00 irq/193-aerdrv
    197 root     -51   0       0      0      0 S   0.0   0.0   0:00.00 irq/195-tegra-p
    199 root     -51   0       0      0      0 S   0.0   0.0   0:00.00 irq/232-nvme0q0
    200 root     -51   0       0      0      0 S   0.0   0.0   0:00.37 irq/233-nvme0q1
    201 root     -51   0       0      0      0 S   0.0   0.0   0:00.40 irq/234-nvme0q2
    202 root     -51   0       0      0      0 S   0.0   0.0   0:00.53 irq/235-nvme0q3
    203 root     -51   0       0      0      0 S   0.0   0.0   0:00.65 irq/236-nvme0q4
    204 root     -51   0       0      0      0 S   0.0   0.0   0:00.16 irq/237-nvme0q5
    205 root     -51   0       0      0      0 S   0.0   0.0   0:00.12 irq/238-nvme0q6
    211 root       0 -20       0      0      0 I   0.0   0.0   0:00.06 kworker/4:1H-kblockd
    212 root      20   0       0      0      0 S   0.0   0.0   0:01.45 jbd2/nvme0n1p1-
    213 root       0 -20       0      0      0 I   0.0   0.0   0:00.00 ext4-rsv-conver
    222 root       0 -20       0      0      0 I   0.0   0.0   0:00.00 mld
    223 root       0 -20       0      0      0 I   0.0   0.0   0:00.04 kworker/0:1H-kblockd
    224 root       0 -20       0      0      0 I   0.0   0.0   0:00.00 ipv6_addrconf
    256 root      19  -1   76560  38072  36444 S   0.0   0.5   0:29.08 systemd-journal
    278 root       0 -20       0      0      0 I   0.0   0.0   0:00.08 kworker/2:1H-kblockd
    280 root      39  19       0      0      0 S   0.0   0.0   0:01.64 nvmap-bz
    281 root     -51   0       0      0      0 S   0.0   0.0   0:00.00 irq/188-host1x_
    285 root     -51   0       0      0      0 S   0.0   0.0   0:00.00 irq/197-gk20a_s
    286 root     -51   0       0      0      0 S   0.0   0.0   0:00.02 irq/198-gk20a_s
    287 root     -51   0       0      0      0 S   0.0   0.0   0:00.03 irq/199-gk20a_s
    288 root     -51   0       0      0      0 S   0.0   0.0   0:00.00 irq/200-gk20a_n
    291 root       0 -20       0      0      0 I   0.0   0.0   0:00.06 kworker/5:1H-kblockd
    295 root      20   0   11116   3460   3204 S   0.0   0.0   0:00.00 nv-tee-supplica
    299 root      20   0   76588   1360   1248 S   0.0   0.0   0:00.01 tee-supplicant
    301 root       0 -20       0      0      0 I   0.0   0.0   0:00.00 optee_bus_scan
    303 root     -51   0       0      0      0 S   0.0   0.0   0:00.00 irq/189-tegra-p
    312 root      20   0   23732   6316   4080 S   0.0   0.1   0:26.86 systemd-udevd
    313 root     -51   0       0      0      0 S   0.0   0.0   0:00.00 irq/189-aerdrv
    314 root      20   0   23216   5820   3992 S   0.0   0.1   0:00.40 systemd-udevd
    315 root      20   0   23216   5020   3248 S   0.0   0.1   0:00.15 systemd-udevd
    316 root      20   0   23268   6252   4316 S   0.0   0.1   0:00.16 systemd-udevd
    317 root      20   0   23220   4364   2600 S   0.0   0.1   0:00.11 systemd-udevd
    318 root      20   0   23216   4480   2672 S   0.0   0.1   0:00.12 systemd-udevd
    319 root      20   0   23212   5820   3980 S   0.0   0.1   0:00.29 systemd-udevd
    320 root      20   0   23264   4688   2764 S   0.0   0.1   0:00.13 systemd-udevd
    321 root      20   0   23268   5072   3136 S   0.0   0.1   0:00.18 systemd-udevd
    322 root      20   0   23524   5520   3456 S   0.0   0.1   0:00.27 systemd-udevd
    323 root      20   0   23216   6296   4444 S   0.0   0.1   0:00.41 systemd-udevd
    324 root      20   0   23220   5196   3388 S   0.0   0.1   0:00.16 systemd-udevd
    325 root      20   0   23220   5820   3976 S   0.0   0.1   0:00.40 systemd-udevd
    326 root      20   0   23220   5252   3388 S   0.0   0.1   0:00.42 systemd-udevd
    327 root      20   0   23220   5504   3684 S   0.0   0.1   0:00.18 systemd-udevd
    330 root      20   0   23512   5728   3684 S   0.0   0.1   0:00.14 systemd-udevd
    331 root      20   0   24292   5540   2676 S   0.0   0.1   0:00.16 systemd-udevd
    333 root      20   0   23524   5596   3532 S   0.0   0.1   0:00.27 systemd-udevd
    334 root      20   0   23220   5584   3740 S   0.0   0.1   0:00.27 systemd-udevd
    335 root      20   0   23220   4504   2708 S   0.0   0.1   0:00.11 systemd-udevd
    336 root      20   0   23220   4696   2892 S   0.0   0.1   0:00.14 systemd-udevd
    337 root      20   0   23524   5056   2992 S   0.0   0.1   0:00.16 systemd-udevd
    339 root      20   0   23220   4980   3148 S   0.0   0.1   0:00.17 systemd-udevd
    340 root      20   0   23544   6732   4608 S   0.0   0.1   1:30.08 systemd-udevd
    341 root      20   0   23276   5328   3384 S   0.0   0.1   0:00.13 systemd-udevd
    342 root      20   0   23280   5176   3228 S   0.0   0.1   0:00.13 systemd-udevd
    343 root      20   0   23220   5988   4152 S   0.0   0.1   0:00.32 systemd-udevd
    344 root      20   0   23560   6700   4596 S   0.0   0.1   0:00.55 systemd-udevd
    345 root      20   0       0      0      0 S   0.0   0.0   0:00.00 15820000.crypto
    346 root      20   0       0      0      0 S   0.0   0.0   0:00.00 15840000.crypto
    368 root      20   0   23324   5984   4116 S   0.0   0.1   0:00.45 systemd-udevd
    417 root     -51   0       0      0      0 S   0.0   0.0   0:00.00 irq/219-bc00000
    419 root      -2   0       0      0      0 S   0.0   0.0   0:00.00 capture-control
    420 root      -2   0       0      0      0 S   0.0   0.0   0:00.00 capture
    422 root     -51   0       0      0      0 S   0.0   0.0   0:00.00 irq/214-tegra_d
    423 root     -51   0       0      0      0 S   0.0   0.0   0:00.00 irq/215-tegra_d
    424 root       0 -20       0      0      0 I   0.0   0.0   0:00.00 dce-async-ipc-w
    425 root     -51   0       0      0      0 S   0.0   0.0   0:00.00 irq/240-nvvrs-p
    427 root      20   0       0      0      0 S   0.0   0.0   0:00.00 nv_queue
    428 root      20   0       0      0      0 S   0.0   0.0   0:00.00 nv_queue
    483 root     -51   0       0      0      0 S   0.0   0.0   0:00.00 irq/118-3210000
    487 root      20   0       0      0      0 S   0.0   0.0   0:00.00 spi0
    495 root       0 -20       0      0      0 I   0.0   0.0   0:00.00 cfg80211
    497 root     -51   0       0      0      0 S   0.0   0.0   0:00.00 irq/119-3230000
    498 root      20   0       0      0      0 S   0.0   0.0   0:00.00 spi1
    584 root       0 -20       0      0      0 I   0.0   0.0   0:00.00 btfwwork
    650 root      20   0    8236   6424   1432 S   0.0   0.1   0:00.72 haveged
    653 _rpc      20   0    7932   2264   1912 S   0.0   0.0   0:00.03 rpcbind
    659 systemd+  20   0   26320  13580   8496 S   0.0   0.2   0:00.53 systemd-resolve
    662 systemd+  20   0   88880   6332   5484 S   0.0   0.1   0:00.15 systemd-timesyn
    826 avahi     20   0    8084   3108   2752 S   0.0   0.0   0:00.66 avahi-daemon
    827 root      20   0    9888   4552   4112 S   0.0   0.1   0:00.07 bluetoothd
    838 root      20   0   43504  19780  10232 S   0.0   0.3   0:00.15 networkd-dispat
    854 syslog    20   0  222160   5012   3672 S   0.0   0.1   0:05.52 rsyslogd
    859 root      20   0    2240    796    720 S   0.0   0.0   0:00.00 seatd
    865 root      20   0 2145956  51792  25768 S   0.0   0.7   0:36.77 snapd
    867 root      20   0  242124   7452   6576 S   0.0   0.1   0:02.12 accounts-daemon
    869 root      20   0  238128   6232   5620 S   0.0   0.1   0:00.04 switcheroo-cont
    871 root      20   0   48968   7620   6296 S   0.0   0.1   0:03.62 systemd-logind
    875 root      20   0   16632   9928   8148 S   0.0   0.1   0:01.30 wpa_supplicant
    882 avahi     20   0    7812    356      0 S   0.0   0.0   0:00.00 avahi-daemon
    921 root      30  10   11248   3612   3220 S   0.0   0.0   0:08.48 wifi_mon.sh
    983 root      20   0    2460   1556   1380 S   0.0   0.0   0:08.23 nvfancontrol
   1049 root      20   0       0      0      0 S   0.0   0.0   0:00.00 sw-quiesce
   1052 root      20   0       0      0      0 S   0.0   0.0   0:20.94 nvgpu_channel_p
   1068 root      20   0       0      0      0 S   0.0   0.0   0:00.00 nvgpu_pg_init_g
   1087 root      20   0       0      0      0 S   0.0   0.0   0:00.00 nvgpu_clk_arb_p
   1117 root      20   0       0      0      0 S   0.0   0.0   0:07.69 RTW_CMD_THREAD
   1157 root      20   0   75936   9960   8136 S   0.0   0.1   0:00.01 nvargus-daemon
   1158 root      20   0   11116   3520   3220 S   0.0   0.0   0:00.08 nvmemwarning.sh
   1171 root      20   0   22192   1776   1580 S   0.0   0.0   0:00.00 nvs-service
   1181 ollama    20   0 2006720  39588  20072 S   0.0   0.5   0:01.07 ollama
   1195 root      20   0    2336   1408   1292 S   0.0   0.0   0:01.96 run-cups-browse
   1201 root      20   0    2336   1424   1296 S   0.0   0.0   0:02.02 run-cupsd
   1204 root      20   0       0      0      0 S   0.0   0.0   0:00.00 pr/ramoops-1
   1239 root      20   0   10772   2824   2576 S   0.0   0.0   0:00.06 cron
   1259 root      20   0  243128   8056   7012 S   0.0   0.1   0:00.02 gdm3
   1263 kernoops  20   0   12812    452      0 S   0.0   0.0   0:00.02 kerneloops
   1290 root      20   0    9468    800    724 S   0.0   0.0   0:00.00 agetty
   1291 kernoops  20   0   12812    452      0 S   0.0   0.0   0:00.02 kerneloops
   1293 root      20   0    9468    804    724 S   0.0   0.0   0:00.00 agetty
   1330 root      20   0  173408   8804   7628 S   0.0   0.1   0:00.02 gdm-session-wor
   1417 root      20   0       0      0      0 S   0.0   0.0   0:00.00 file-storage
   1474 gdm       20   0   18120   9728   7360 S   0.0   0.1   0:00.46 systemd
   1478 root      20   0    3076    992    880 S   0.0   0.0   0:00.00 nvphsd
   1483 root      20   0    3208   1476   1316 S   0.0   0.0   0:00.00 nvphsd
   1497 gdm       20   0  106692   4552      0 S   0.0   0.1   0:00.00 (sd-pam)
   1688 gdm        9 -11   41972   6472   5156 S   0.0   0.1   0:00.07 pipewire
   1689 gdm       20   0   25476   6428   5104 S   0.0   0.1   0:01.69 pipewire-media-
   1690 gdm        9 -11  891840  20748  12584 S   0.0   0.3   0:00.94 pulseaudio
   1695 gdm       20   0  163948   5472   4964 S   0.0   0.1   0:00.00 gdm-x-session
   1697 root      20   0   24.2g  80528  35884 S   0.0   1.0   0:02.02 Xorg
   1698 rtkit     21   1  153504   1588   1380 S   0.0   0.0   0:00.31 rtkit-daemon
   1729 gdm       20   0    8840   3600   3212 S   0.0   0.0   0:00.02 dbus-daemon
   1748 root      20   0       0      0      0 S   0.0   0.0   0:00.00 nvidia-modeset/
   1749 root      20   0       0      0      0 S   0.0   0.0   0:00.00 nvidia-modeset/
   1752 root      20   0       0      0      0 S   0.0   0.0   0:00.00 nvidia
   1753 root      20   0       0      0      0 S   0.0   0.0   0:00.00 nv_queue
   1790 root      20   0       0      0      0 S   0.0   0.0   0:00.00 nvidia-drm-nv-t
   1791 root     -51   0       0      0      0 S   0.0   0.0   0:00.00 card1-crtc0
   1792 root     -51   0       0      0      0 S   0.0   0.0   0:00.00 card1-crtc1
   1980 gdm       20   0    5876   1552   1344 S   0.0   0.0   0:00.00 dbus-run-sessio
   1983 gdm       20   0    9108   4440   3588 S   0.0   0.1   0:00.13 dbus-daemon
   2035 gdm       20   0  597840  17824  12972 S   0.0   0.2   0:01.00 gnome-session-b
   2057 gdm       20   0  310068   8976   6272 S   0.0   0.1   0:00.00 at-spi-bus-laun
   2062 gdm       20   0    8692   3556   3168 S   0.0   0.0   0:00.00 dbus-daemon
   2092 gdm       20   0  237676   4964   4528 S   0.0   0.1   0:00.00 xdg-permission-
   2099 root      20   0  243852  10136   6984 S   0.0   0.1   0:00.47 upowerd
   2106 root      20   0  301608  19332  16408 S   0.0   0.2   0:01.56 packagekitd
   2110 gdm       20   0 2812288  25716  20860 S   0.0   0.3   0:00.08 gjs
   2113 gdm       20   0  163144   7196   6428 S   0.0   0.1   0:00.02 at-spi2-registr
   2141 gdm       20   0  468748   9856   7940 S   0.0   0.1   0:01.97 gsd-sharing
   2146 gdm       20   0  338880  14892  12620 S   0.0   0.2   0:00.06 gsd-wacom
   2148 gdm       20   0  451616  18896  16480 S   0.0   0.2   0:00.22 gsd-color
   2150 gdm       20   0  412392  17092  13292 S   0.0   0.2   0:00.04 gsd-keyboard
   2152 gdm       20   0  316864  13188   6244 S   0.0   0.2   0:00.10 ibus-daemon
   2156 gdm       20   0  326124   9848   8488 S   0.0   0.1   0:00.02 gsd-print-notif
   2166 gdm       20   0  242216   6512   5848 S   0.0   0.1   0:00.01 gvfsd
   2170 gdm       20   0  388312   7432   6528 S   0.0   0.1   0:00.01 gsd-smartcard
   2173 gdm       20   0  380556  16508  12504 S   0.0   0.2   0:00.03 gsd-datetime
   2183 gdm       20   0  864216  20108  17428 S   0.0   0.3   0:00.52 gsd-media-keys
   2184 gdm       20   0  237936   4760   4376 S   0.0   0.1   0:00.01 gsd-screensaver
   2185 gdm       20   0  322096  10392   7320 S   0.0   0.1   0:00.02 gsd-sound
   2186 gdm       20   0  312416   8104   5476 S   0.0   0.1   0:00.01 gsd-a11y-settin
   2193 gdm       20   0  313996   8944   6152 S   0.0   0.1   0:00.97 gsd-housekeepin
   2195 gdm       20   0  450004  20288  15904 S   0.0   0.3   0:00.52 gsd-power
   2218 gdm       20   0  347052  12608  10748 S   0.0   0.2   0:00.03 gsd-printer
   2221 gdm       20   0  239040   6576   5948 S   0.0   0.1   0:00.00 ibus-dconf
   2233 gdm       20   0  238936   5920   5488 S   0.0   0.1   0:00.00 ibus-portal
   2263 colord    20   0  247516  14492   8720 S   0.0   0.2   0:00.27 colord
   2285 gdm       20   0 2812300  27868  20904 S   0.0   0.4   0:00.09 gjs
   2349 gdm       20   0  165096   6516   5892 S   0.0   0.1   0:00.01 ibus-engine-sim
   2508 root      20   0  136716  13172   9512 S   0.0   0.2   0:00.70 cupsd
   2522 root      20   0  260792  17940  13508 S   0.0   0.2   0:01.60 cups-browsed
  11687 jetson    20   0   18140   9764   7368 S   0.0   0.1   0:00.37 systemd
  11688 jetson    20   0  172512   4632      0 S   0.0   0.1   0:00.00 (sd-pam)
  11696 jetson    20   0   41976   6552   5228 S   0.0   0.1   0:00.06 pipewire
  11697 jetson    20   0   25484   6724   5388 S   0.0   0.1   0:01.86 pipewire-media-
  11749 jetson    20   0    8888   4168   3672 S   0.0   0.1   0:00.03 dbus-daemon
  11931 jetson    20   0  707268  63144  26432 S   0.0   0.8   2:16.42 python3
  13234 jetson    20   0  203640  35476  13212 S   0.0   0.5   0:00.75 ros2
  13236 jetson    20   0 2070472  36080  17228 S   0.0   0.5   0:00.90 docker
  13238 jetson    20   0  428524  31584  15828 S   0.0   0.4   2:22.07 robot_state_pub
  13265 root      20   0 1232976  11076   5960 S   0.0   0.1   0:02.39 containerd-shim
  13294 root      20   0   49400  29204  14412 S   0.0   0.4   0:00.40 ros2
  90870 root      20   0       0      0      0 I   0.0   0.0   0:23.05 kworker/u12:11-events_unbound
 100141 root      20   0       0      0      0 I   0.0   0.0   0:22.80 kworker/u12:6-events_unbound
 284193 root      20   0       0      0      0 I   0.0   0.0   0:13.23 kworker/u12:3-events_freezable_power_
 417230 root      20   0       0      0      0 I   0.0   0.0   0:07.53 kworker/u12:0-events_freezable_power_
 437586 root      20   0       0      0      0 I   0.0   0.0   0:06.20 kworker/u12:4-events_freezable_power_
 465092 root      20   0  238836   6948   5700 S   0.0   0.1   0:01.13 iio-sensor-prox
 494799 jetson    20   0    5508    792    704 S   0.0   0.0   0:00.21 sleep
 494866 root      20   0   21760   5464   3940 S   0.0   0.1   0:03.60 systemd-udevd
 494879 root      20   0   21756   3352   1840 S   0.0   0.0   0:01.00 systemd-udevd
 512501 root      20   0       0      0      0 I   0.0   0.0   0:00.21 kworker/4:0-events
 513123 jetson    20   0  572504  38640  13228 S   0.0   0.5   0:01.15 ros2
 513133 jetson    20   0 1082972  60484  26368 S   0.0   0.8   1:15.08 foxglove_bridge
 513219 root      20   0   21752   3192   1712 S   0.0   0.0   0:00.00 systemd-udevd
 513220 root      20   0   21760   3352   1840 S   0.0   0.0   0:00.00 systemd-udevd
 513233 root      20   0   21760   3356   1840 S   0.0   0.0   0:00.00 systemd-udevd
 513234 root      20   0   21760   3356   1840 S   0.0   0.0   0:00.00 systemd-udevd
 513235 root      20   0   21760   3336   1840 S   0.0   0.0   0:00.00 systemd-udevd
 513236 root      20   0   21760   3352   1840 S   0.0   0.0   0:00.00 systemd-udevd
 513237 root      20   0   21760   3336   1840 S   0.0   0.0   0:00.00 systemd-udevd
 513250 root      20   0   21760   4428   2868 S   0.0   0.1   0:06.00 systemd-udevd
 513251 root      20   0   21760   3840   2288 S   0.0   0.0   0:00.00 systemd-udevd
 513265 root      20   0   21760   4056   2496 S   0.0   0.1   0:00.00 systemd-udevd
 513266 root      20   0   21760   3244   1712 S   0.0   0.0   0:00.00 systemd-udevd
 513437 jetson    20   0  129772  36180  13228 S   0.0   0.5   0:00.78 ros2
 536340 root      20   0       0      0      0 I   0.0   0.0   0:00.15 kworker/1:1-cgroup_destroy
 536745 root       0 -20       0      0      0 I   0.0   0.0   0:05.51 kworker/u13:4-uvcvideo
 538507 root      20   0       0      0      0 I   0.0   0.0   0:00.18 kworker/0:0-events
 550304 root      20   0       0      0      0 I   0.0   0.0   0:00.30 kworker/5:0-events
 568778 root      20   0       0      0      0 I   0.0   0.0   0:00.00 kworker/2:0-cgroup_destroy
 576600 root      20   0       0      0      0 I   0.0   0.0   0:00.18 kworker/3:0-events
 576729 root      20   0       0      0      0 I   0.0   0.0   0:00.08 kworker/5:1-events
 576909 root      20   0       0      0      0 I   0.0   0.0   0:00.03 kworker/4:1-events
 582730 root      20   0       0      0      0 I   0.0   0.0   0:01.31 kworker/u12:2-events_unbound
 589172 root      20   0       0      0      0 I   0.0   0.0   0:00.73 kworker/u12:10-events_freezable_power_
 590592 root      20   0       0      0      0 I   0.0   0.0   0:00.00 kworker/0:2-cgroup_destroy
 591089 root       0 -20       0      0      0 I   0.0   0.0   0:02.94 kworker/u13:1-uvcvideo
 602672 root      20   0       0      0      0 I   0.0   0.0   0:00.08 kworker/1:3-events
 608435 root      20   0       0      0      0 I   0.0   0.0   0:00.00 kworker/3:2-events
 608538 root      20   0       0      0      0 I   0.0   0.0   0:00.00 kworker/2:2-events
 609103 jetson    20   0   11248   3076   2756 S   0.0   0.0   0:00.26 bash
 609212 root      20   0       0      0      0 I   0.0   0.0   0:00.04 kworker/0:1-events
 609220 jetson    20   0   53568  30340  15008 S   0.0   0.4   0:00.41 ros2
 613727 root      20   0    9436    780    704 S   0.0   0.0   0:00.00 sleep
 615420 root      20   0       0      0      0 I   0.0   0.0   0:00.01 kworker/4:2-events
 617319 root      20   0       0      0      0 I   0.0   0.0   0:00.00 kworker/0:3-cgroup_destroy
 621315 root      20   0       0      0      0 I   0.0   0.0   0:00.00 kworker/1:0-events
 621531 root      20   0       0      0      0 I   0.0   0.0   0:00.00 kworker/5:2-events
 622272 root      20   0       0      0      0 I   0.0   0.0   0:00.00 kworker/u12:7-events_unbound
 623951 jetson    20   0   11248   3292   2852 S   0.0   0.0   0:00.03 bash
 626884 jetson    20   0   11248   3292   2860 S   0.0   0.0   0:00.01 bash
 626970 jetson    20   0    2872    896    800 S   0.0   0.0   0:00.05 tegrastats
 627202 jetson    20   0    9480    808    724 S   0.0   0.0   0:00.00 tail
 627452 root      30  10    9436    784    704 S   0.0   0.0   0:00.00 sleep
 628208 jetson    20   0    9444    788    704 S   0.0   0.0   0:00.00 sleep

top - 15:56:04 up  6:19,  0 users,  load average: 9.58, 8.47, 6.85
Tasks: 351 total,   2 running, 349 sleeping,   0 stopped,   0 zombie
%Cpu(s): 41.1 us,  9.1 sy,  0.0 ni, 45.3 id,  0.0 wa,  2.5 hi,  2.0 si,  0.0 st
MiB Mem :   7607.4 total,   2342.4 free,   2230.4 used,   3034.6 buff/cache
MiB Swap:   3803.7 total,   3803.7 free,      0.0 used.   5060.1 avail Mem 

    PID USER      PR  NI    VIRT    RES    SHR S  %CPU  %MEM     TIME+ COMMAND
 627201 jetson    20   0  753660  71788  29564 S  42.2   0.9   0:07.78 python3
 513359 jetson    20   0  709132  64972  27276 R  35.8   0.8  14:16.46 python3
 609057 jetson    20   0  962968  50016  23524 S  32.8   0.6   0:42.79 controller_serv
 626968 jetson    20   0  764024  55912  25372 S  22.5   0.7   0:05.45 ros2
 609065 jetson    20   0  530908  46344  26216 S  17.2   0.6   0:37.35 bt_navigator
 609244 jetson    20   0 9351828 401684  84124 S  17.2   5.2   1:00.39 nvblox_node
 513129 jetson    20   0  432964  27132  14244 S  14.7   0.3   6:31.23 rplidar_node
 513125 jetson    20   0 1750824 109580  51324 S  13.2   1.4   5:34.70 realsense2_came
 513439 jetson    20   0 1061928  51916  24360 S  11.3   0.7   1:32.22 async_slam_tool
 513361 jetson    20   0  506336  34940  18388 S  10.8   0.4   4:33.14 ekf_node
 609086 jetson    20   0  577388  31744  16252 S  10.8   0.4   0:42.38 lifecycle_manag
 513131 jetson    20   0  708192  64296  27388 S   9.3   0.8   3:28.84 python3
 609055 jetson    20   0  709540  62092  27352 S   9.3   0.8   0:20.10 python3
 609061 jetson    20   0 1070624  71452  24604 S   8.8   0.9   0:38.73 planner_server
 609063 jetson    20   0  516308  35412  21032 S   7.4   0.5   0:29.70 behavior_server
 609077 jetson    20   0  428704  29676  15956 S   6.4   0.4   0:21.54 velocity_smooth
 609059 jetson    20   0  664652  35120  19412 S   5.9   0.5   0:25.14 smoother_server
 609067 jetson    20   0  431292  29316  17020 S   5.9   0.4   0:21.39 waypoint_follow
  13320 root      20   0 1300496  44944  11392 S   4.9   0.6  30:12.72 micro_ros_agent
 513127 jetson    20   0  710792  65280  27232 S   3.4   0.8   2:02.16 python3
    904 root      rt   0       0      0      0 S   1.5   0.0   1:47.51 sugov:0
    909 root      rt   0       0      0      0 S   1.5   0.0   0:50.32 sugov:4
 494770 root      20   0 1233488  12504   6732 S   1.0   0.2   0:09.01 containerd-shim
 562560 root      20   0       0      0      0 I   1.0   0.0   0:01.78 kworker/u12:1-events_unbound
 626969 jetson    20   0   14340   3376   2764 R   1.0   0.0   0:00.25 top
     14 root      20   0       0      0      0 S   0.5   0.0   0:22.57 ksoftirqd/0
     54 root      20   0       0      0      0 S   0.5   0.0   0:00.19 kcompactd0
    256 root      19  -1   76560  38072  36444 S   0.5   0.5   0:29.09 systemd-journal
    286 root     -51   0       0      0      0 S   0.5   0.0   0:00.03 irq/198-gk20a_s
    340 root      20   0   23544   6732   4608 S   0.5   0.1   1:30.09 systemd-udevd
   1212 root      20   0 2093336  75924  33916 S   0.5   1.0   0:38.54 containerd
  13238 jetson    20   0  428524  31584  15828 S   0.5   0.4   2:22.08 robot_state_pub
 417230 root      20   0       0      0      0 I   0.5   0.0   0:07.54 kworker/u12:0-events_freezable_power_
 481530 root       0 -20       0      0      0 I   0.5   0.0   0:07.90 kworker/u13:3-uvcvideo
 494866 root      20   0   21760   5464   3940 S   0.5   0.1   0:03.61 systemd-udevd
 513133 jetson    20   0 1082972  60484  26368 S   0.5   0.8   1:15.09 foxglove_bridge
 513250 root      20   0   21760   4428   2868 S   0.5   0.1   0:06.01 systemd-udevd
 582730 root      20   0       0      0      0 I   0.5   0.0   0:01.32 kworker/u12:2-events_unbound
 609021 jetson    20   0  796964  40120  13228 S   0.5   0.5   0:01.34 ros2
      1 root      20   0  167628  11768   7448 S   0.0   0.2   0:29.45 systemd
      2 root      20   0       0      0      0 S   0.0   0.0   0:00.03 kthreadd
      3 root       0 -20       0      0      0 I   0.0   0.0   0:00.00 rcu_gp
      4 root       0 -20       0      0      0 I   0.0   0.0   0:00.00 rcu_par_gp
      5 root       0 -20       0      0      0 I   0.0   0.0   0:00.00 slub_flushwq
      6 root       0 -20       0      0      0 I   0.0   0.0   0:00.00 netns
      8 root       0 -20       0      0      0 I   0.0   0.0   0:00.00 kworker/0:0H-events_highpri
     10 root       0 -20       0      0      0 I   0.0   0.0   0:00.00 mm_percpu_wq
     11 root      20   0       0      0      0 S   0.0   0.0   0:00.00 rcu_tasks_kthre
     12 root      20   0       0      0      0 S   0.0   0.0   0:00.00 rcu_tasks_rude_
     13 root      20   0       0      0      0 S   0.0   0.0   0:00.00 rcu_tasks_trace
     15 root      20   0       0      0      0 I   0.0   0.0   0:09.96 rcu_preempt
     16 root      rt   0       0      0      0 S   0.0   0.0   0:00.02 migration/0
     17 root      20   0       0      0      0 S   0.0   0.0   0:00.00 cpuhp/0
     18 root      20   0       0      0      0 S   0.0   0.0   0:00.00 cpuhp/1
     19 root      rt   0       0      0      0 S   0.0   0.0   0:00.03 migration/1
     20 root      20   0       0      0      0 S   0.0   0.0   0:01.60 ksoftirqd/1
     22 root       0 -20       0      0      0 I   0.0   0.0   0:00.00 kworker/1:0H-events_highpri
     23 root      20   0       0      0      0 S   0.0   0.0   0:00.00 cpuhp/2
     24 root      rt   0       0      0      0 S   0.0   0.0   0:00.02 migration/2
     25 root      20   0       0      0      0 S   0.0   0.0   0:01.61 ksoftirqd/2
     27 root       0 -20       0      0      0 I   0.0   0.0   0:00.00 kworker/2:0H-events_highpri
     28 root      20   0       0      0      0 S   0.0   0.0   0:00.00 cpuhp/3
     29 root      rt   0       0      0      0 S   0.0   0.0   0:00.02 migration/3
     30 root      20   0       0      0      0 S   0.0   0.0   0:01.50 ksoftirqd/3
     32 root       0 -20       0      0      0 I   0.0   0.0   0:00.00 kworker/3:0H-events_highpri
     33 root      20   0       0      0      0 S   0.0   0.0   0:00.00 cpuhp/4
     34 root      rt   0       0      0      0 S   0.0   0.0   0:00.06 migration/4
     35 root      20   0       0      0      0 S   0.0   0.0   0:01.11 ksoftirqd/4
     37 root       0 -20       0      0      0 I   0.0   0.0   0:00.00 kworker/4:0H-kblockd
     38 root      20   0       0      0      0 S   0.0   0.0   0:00.00 cpuhp/5
     39 root      rt   0       0      0      0 S   0.0   0.0   0:00.07 migration/5
     40 root      20   0       0      0      0 S   0.0   0.0   0:01.16 ksoftirqd/5
     42 root       0 -20       0      0      0 I   0.0   0.0   0:00.00 kworker/5:0H-events_highpri
     43 root      20   0       0      0      0 S   0.0   0.0   0:00.01 kdevtmpfs
     44 root       0 -20       0      0      0 I   0.0   0.0   0:00.00 inet_frag_wq
     51 root      20   0       0      0      0 S   0.0   0.0   0:00.00 kauditd
     52 root      20   0       0      0      0 S   0.0   0.0   0:00.00 oom_reaper
     53 root       0 -20       0      0      0 I   0.0   0.0   0:00.00 writeback
     55 root      25   5       0      0      0 S   0.0   0.0   0:00.00 ksmd
     56 root      39  19       0      0      0 S   0.0   0.0   0:02.04 khugepaged
     67 root       0 -20       0      0      0 I   0.0   0.0   0:00.00 cryptd
     86 root       0 -20       0      0      0 I   0.0   0.0   0:00.00 kintegrityd
     87 root       0 -20       0      0      0 I   0.0   0.0   0:00.00 kblockd
     88 root       0 -20       0      0      0 I   0.0   0.0   0:00.00 blkcg_punt_bio
     89 root       0 -20       0      0      0 I   0.0   0.0   0:00.00 tpm_dev_wq
     90 root       0 -20       0      0      0 I   0.0   0.0   0:00.00 ata_sff
     91 root       0 -20       0      0      0 I   0.0   0.0   0:00.00 edac-poller
     92 root       0 -20       0      0      0 I   0.0   0.0   0:00.00 devfreq_wq
     93 root     -51   0       0      0      0 S   0.0   0.0   0:00.00 watchdogd
     96 root       0 -20       0      0      0 I   0.0   0.0   0:00.06 kworker/1:1H-kblockd
     97 root       0 -20       0      0      0 I   0.0   0.0   0:00.00 rpciod
     99 root       0 -20       0      0      0 I   0.0   0.0   0:00.00 xprtiod
    127 root      20   0       0      0      0 S   0.0   0.0   0:00.00 kswapd0
    128 root       0 -20       0      0      0 I   0.0   0.0   0:00.00 nfsiod
    132 root       0 -20       0      0      0 I   0.0   0.0   0:00.00 vfio-irqfd-clea
    133 root       0 -20       0      0      0 I   0.0   0.0   0:00.00 bch_btree_io
    134 root       0 -20       0      0      0 I   0.0   0.0   0:00.00 bcache
    135 root       0 -20       0      0      0 I   0.0   0.0   0:00.00 bch_journal
    136 root       0 -20       0      0      0 I   0.0   0.0   0:00.00 dm_bufio_cache
    139 root      20   0       0      0      0 I   0.0   0.0   0:01.86 kworker/2:3-events
    140 root      10 -10       0      0      0 S   0.0   0.0   0:00.00 krfcommd
    141 root      20   0       0      0      0 S   0.0   0.0   0:00.01 pr/tty0
    142 root      20   0       0      0      0 S   0.0   0.0   0:03.09 pr/ttyTCU0
    145 root     -51   0       0      0      0 S   0.0   0.0   0:00.00 irq/114-3160000
    147 root     -51   0       0      0      0 S   0.0   0.0   0:00.00 irq/115-3180000
    149 root     -51   0       0      0      0 S   0.0   0.0   0:00.00 irq/116-31b0000
    150 root     -51   0       0      0      0 S   0.0   0.0   0:00.03 irq/167-c240000
    151 root     -51   0       0      0      0 S   0.0   0.0   0:00.00 irq/168-c250000
    152 root     -51   0       0      0      0 S   0.0   0.0   0:00.00 irq/125-3610000
    153 root     -51   0       0      0      0 S   0.0   0.0   0:00.00 irq/122-3610000
    155 root       0 -20       0      0      0 I   0.0   0.0   0:00.00 sdhci
    156 root     -51   0       0      0      0 S   0.0   0.0   0:00.00 irq/120-mmc0
    157 root     -51   0       0      0      0 S   0.0   0.0   0:00.00 irq/230-3400000
    174 root       0 -20       0      0      0 I   0.0   0.0   0:00.06 kworker/3:1H-kblockd
    180 root     -51   0       0      0      0 S   0.0   0.0   0:00.00 irq/191-tegra-p
    181 root       0 -20       0      0      0 I   0.0   0.0   0:00.00 nvme-wq
    182 root       0 -20       0      0      0 I   0.0   0.0   0:00.00 nvme-reset-wq
    183 root       0 -20       0      0      0 I   0.0   0.0   0:00.00 nvme-delete-wq
    192 root     -51   0       0      0      0 S   0.0   0.0   0:00.00 irq/191-aerdrv
    193 root     -51   0       0      0      0 S   0.0   0.0   0:00.00 irq/193-tegra-p
    196 root     -51   0       0      0      0 S   0.0   0.0   0:00.00 irq/193-aerdrv
    197 root     -51   0       0      0      0 S   0.0   0.0   0:00.00 irq/195-tegra-p
    199 root     -51   0       0      0      0 S   0.0   0.0   0:00.00 irq/232-nvme0q0
    200 root     -51   0       0      0      0 S   0.0   0.0   0:00.37 irq/233-nvme0q1
    201 root     -51   0       0      0      0 S   0.0   0.0   0:00.40 irq/234-nvme0q2
    202 root     -51   0       0      0      0 S   0.0   0.0   0:00.53 irq/235-nvme0q3
    203 root     -51   0       0      0      0 S   0.0   0.0   0:00.65 irq/236-nvme0q4
    204 root     -51   0       0      0      0 S   0.0   0.0   0:00.16 irq/237-nvme0q5
    205 root     -51   0       0      0      0 S   0.0   0.0   0:00.12 irq/238-nvme0q6
    211 root       0 -20       0      0      0 I   0.0   0.0   0:00.06 kworker/4:1H-kblockd
    212 root      20   0       0      0      0 S   0.0   0.0   0:01.45 jbd2/nvme0n1p1-
    213 root       0 -20       0      0      0 I   0.0   0.0   0:00.00 ext4-rsv-conver
    222 root       0 -20       0      0      0 I   0.0   0.0   0:00.00 mld
    223 root       0 -20       0      0      0 I   0.0   0.0   0:00.04 kworker/0:1H-kblockd
    224 root       0 -20       0      0      0 I   0.0   0.0   0:00.00 ipv6_addrconf
    278 root       0 -20       0      0      0 I   0.0   0.0   0:00.08 kworker/2:1H-kblockd
    280 root      39  19       0      0      0 S   0.0   0.0   0:01.64 nvmap-bz
    281 root     -51   0       0      0      0 S   0.0   0.0   0:00.00 irq/188-host1x_
    285 root     -51   0       0      0      0 S   0.0   0.0   0:00.00 irq/197-gk20a_s
    287 root     -51   0       0      0      0 S   0.0   0.0   0:00.03 irq/199-gk20a_s
    288 root     -51   0       0      0      0 S   0.0   0.0   0:00.00 irq/200-gk20a_n
    291 root       0 -20       0      0      0 I   0.0   0.0   0:00.06 kworker/5:1H-kblockd
    295 root      20   0   11116   3460   3204 S   0.0   0.0   0:00.00 nv-tee-supplica
    299 root      20   0   76588   1360   1248 S   0.0   0.0   0:00.01 tee-supplicant
    301 root       0 -20       0      0      0 I   0.0   0.0   0:00.00 optee_bus_scan
    303 root     -51   0       0      0      0 S   0.0   0.0   0:00.00 irq/189-tegra-p
    312 root      20   0   23732   6316   4080 S   0.0   0.1   0:26.86 systemd-udevd
    313 root     -51   0       0      0      0 S   0.0   0.0   0:00.00 irq/189-aerdrv
    314 root      20   0   23216   5820   3992 S   0.0   0.1   0:00.40 systemd-udevd
    315 root      20   0   23216   5020   3248 S   0.0   0.1   0:00.15 systemd-udevd
    316 root      20   0   23268   6252   4316 S   0.0   0.1   0:00.16 systemd-udevd
    317 root      20   0   23220   4364   2600 S   0.0   0.1   0:00.11 systemd-udevd
    318 root      20   0   23216   4480   2672 S   0.0   0.1   0:00.12 systemd-udevd
    319 root      20   0   23212   5820   3980 S   0.0   0.1   0:00.29 systemd-udevd
    320 root      20   0   23264   4688   2764 S   0.0   0.1   0:00.13 systemd-udevd
    321 root      20   0   23268   5072   3136 S   0.0   0.1   0:00.18 systemd-udevd
    322 root      20   0   23524   5520   3456 S   0.0   0.1   0:00.27 systemd-udevd
    323 root      20   0   23216   6296   4444 S   0.0   0.1   0:00.41 systemd-udevd
    324 root      20   0   23220   5196   3388 S   0.0   0.1   0:00.16 systemd-udevd
    325 root      20   0   23220   5820   3976 S   0.0   0.1   0:00.40 systemd-udevd
    326 root      20   0   23220   5252   3388 S   0.0   0.1   0:00.42 systemd-udevd
    327 root      20   0   23220   5504   3684 S   0.0   0.1   0:00.18 systemd-udevd
    330 root      20   0   23512   5728   3684 S   0.0   0.1   0:00.14 systemd-udevd
    331 root      20   0   24292   5540   2676 S   0.0   0.1   0:00.16 systemd-udevd
    333 root      20   0   23524   5596   3532 S   0.0   0.1   0:00.27 systemd-udevd
    334 root      20   0   23220   5584   3740 S   0.0   0.1   0:00.27 systemd-udevd
    335 root      20   0   23220   4504   2708 S   0.0   0.1   0:00.11 systemd-udevd
    336 root      20   0   23220   4696   2892 S   0.0   0.1   0:00.14 systemd-udevd
    337 root      20   0   23524   5056   2992 S   0.0   0.1   0:00.16 systemd-udevd
    339 root      20   0   23220   4980   3148 S   0.0   0.1   0:00.17 systemd-udevd
    341 root      20   0   23276   5328   3384 S   0.0   0.1   0:00.13 systemd-udevd
    342 root      20   0   23280   5176   3228 S   0.0   0.1   0:00.13 systemd-udevd
    343 root      20   0   23220   5988   4152 S   0.0   0.1   0:00.32 systemd-udevd
    344 root      20   0   23560   6700   4596 S   0.0   0.1   0:00.55 systemd-udevd
    345 root      20   0       0      0      0 S   0.0   0.0   0:00.00 15820000.crypto
    346 root      20   0       0      0      0 S   0.0   0.0   0:00.00 15840000.crypto
    368 root      20   0   23324   5984   4116 S   0.0   0.1   0:00.45 systemd-udevd
    417 root     -51   0       0      0      0 S   0.0   0.0   0:00.00 irq/219-bc00000
    419 root      -2   0       0      0      0 S   0.0   0.0   0:00.00 capture-control
    420 root      -2   0       0      0      0 S   0.0   0.0   0:00.00 capture
    422 root     -51   0       0      0      0 S   0.0   0.0   0:00.00 irq/214-tegra_d
    423 root     -51   0       0      0      0 S   0.0   0.0   0:00.00 irq/215-tegra_d
    424 root       0 -20       0      0      0 I   0.0   0.0   0:00.00 dce-async-ipc-w
    425 root     -51   0       0      0      0 S   0.0   0.0   0:00.00 irq/240-nvvrs-p
    427 root      20   0       0      0      0 S   0.0   0.0   0:00.00 nv_queue
    428 root      20   0       0      0      0 S   0.0   0.0   0:00.00 nv_queue
    483 root     -51   0       0      0      0 S   0.0   0.0   0:00.00 irq/118-3210000
    487 root      20   0       0      0      0 S   0.0   0.0   0:00.00 spi0
    495 root       0 -20       0      0      0 I   0.0   0.0   0:00.00 cfg80211
    497 root     -51   0       0      0      0 S   0.0   0.0   0:00.00 irq/119-3230000
    498 root      20   0       0      0      0 S   0.0   0.0   0:00.00 spi1
    584 root       0 -20       0      0      0 I   0.0   0.0   0:00.00 btfwwork
    650 root      20   0    8236   6424   1432 S   0.0   0.1   0:00.72 haveged
    653 _rpc      20   0    7932   2264   1912 S   0.0   0.0   0:00.03 rpcbind
    659 systemd+  20   0   26320  13580   8496 S   0.0   0.2   0:00.53 systemd-resolve
    662 systemd+  20   0   88880   6332   5484 S   0.0   0.1   0:00.15 systemd-timesyn
    826 avahi     20   0    8084   3108   2752 S   0.0   0.0   0:00.66 avahi-daemon
    827 root      20   0    9888   4552   4112 S   0.0   0.1   0:00.07 bluetoothd
    828 message+  20   0   10496   5632   3584 S   0.0   0.1   0:42.56 dbus-daemon
    829 root      20   0  264864  18900  14872 S   0.0   0.2   0:38.81 NetworkManager
    838 root      20   0   43504  19780  10232 S   0.0   0.3   0:00.15 networkd-dispat
    849 root      20   0  241652   9056   6312 S   0.0   0.1   0:00.60 power-profiles-
    854 syslog    20   0  222160   5012   3672 S   0.0   0.1   0:05.52 rsyslogd
    859 root      20   0    2240    796    720 S   0.0   0.0   0:00.00 seatd
    865 root      20   0 2145956  51792  25768 S   0.0   0.7   0:36.77 snapd
    867 root      20   0  242124   7452   6576 S   0.0   0.1   0:02.12 accounts-daemon
    869 root      20   0  238128   6232   5620 S   0.0   0.1   0:00.04 switcheroo-cont
    871 root      20   0   48968   7620   6296 S   0.0   0.1   0:03.62 systemd-logind
    874 root      20   0  394188  13988   9476 S   0.0   0.2   0:01.04 udisksd
    875 root      20   0   16632   9928   8148 S   0.0   0.1   0:01.30 wpa_supplicant
    882 avahi     20   0    7812    356      0 S   0.0   0.0   0:00.00 avahi-daemon
    921 root      30  10   11248   3612   3220 S   0.0   0.0   0:08.48 wifi_mon.sh
    969 root      20   0  237044  10468   6400 S   0.0   0.1   3:06.01 polkitd
    983 root      20   0    2460   1556   1380 S   0.0   0.0   0:08.23 nvfancontrol
   1049 root      20   0       0      0      0 S   0.0   0.0   0:00.00 sw-quiesce
   1052 root      20   0       0      0      0 S   0.0   0.0   0:20.94 nvgpu_channel_p
   1068 root      20   0       0      0      0 S   0.0   0.0   0:00.00 nvgpu_pg_init_g
   1087 root      20   0       0      0      0 S   0.0   0.0   0:00.00 nvgpu_clk_arb_p
   1117 root      20   0       0      0      0 S   0.0   0.0   0:07.69 RTW_CMD_THREAD
   1157 root      20   0   75936   9960   8136 S   0.0   0.1   0:00.01 nvargus-daemon
   1158 root      20   0   11116   3520   3220 S   0.0   0.0   0:00.08 nvmemwarning.sh
   1171 root      20   0   22192   1776   1580 S   0.0   0.0   0:00.00 nvs-service
   1181 ollama    20   0 2006720  39588  20072 S   0.0   0.5   0:01.07 ollama
   1195 root      20   0    2336   1408   1292 S   0.0   0.0   0:01.96 run-cups-browse
   1201 root      20   0    2336   1424   1296 S   0.0   0.0   0:02.02 run-cupsd
   1204 root      20   0       0      0      0 S   0.0   0.0   0:00.00 pr/ramoops-1
   1239 root      20   0   10772   2824   2576 S   0.0   0.0   0:00.06 cron
   1259 root      20   0  243128   8056   7012 S   0.0   0.1   0:00.02 gdm3
   1263 kernoops  20   0   12812    452      0 S   0.0   0.0   0:00.02 kerneloops
   1290 root      20   0    9468    800    724 S   0.0   0.0   0:00.00 agetty
   1291 kernoops  20   0   12812    452      0 S   0.0   0.0   0:00.02 kerneloops
   1293 root      20   0    9468    804    724 S   0.0   0.0   0:00.00 agetty
   1330 root      20   0  173408   8804   7628 S   0.0   0.1   0:00.02 gdm-session-wor
   1417 root      20   0       0      0      0 S   0.0   0.0   0:00.00 file-storage
   1426 root      20   0   15272   8368   6788 S   0.0   0.1   0:00.73 sshd
   1474 gdm       20   0   18120   9728   7360 S   0.0   0.1   0:00.46 systemd
   1478 root      20   0    3076    992    880 S   0.0   0.0   0:00.00 nvphsd
   1483 root      20   0    3208   1476   1316 S   0.0   0.0   0:00.00 nvphsd
   1497 gdm       20   0  106692   4552      0 S   0.0   0.1   0:00.00 (sd-pam)
   1588 root      20   0 2353004 116452  56964 S   0.0   1.5   0:27.79 dockerd
   1688 gdm        9 -11   41972   6472   5156 S   0.0   0.1   0:00.07 pipewire
   1689 gdm       20   0   25476   6428   5104 S   0.0   0.1   0:01.69 pipewire-media-
   1690 gdm        9 -11  891840  20748  12584 S   0.0   0.3   0:00.94 pulseaudio
   1695 gdm       20   0  163948   5472   4964 S   0.0   0.1   0:00.00 gdm-x-session
   1697 root      20   0   24.2g  80528  35884 S   0.0   1.0   0:02.02 Xorg
   1698 rtkit     21   1  153504   1588   1380 S   0.0   0.0   0:00.31 rtkit-daemon
   1729 gdm       20   0    8840   3600   3212 S   0.0   0.0   0:00.02 dbus-daemon
   1748 root      20   0       0      0      0 S   0.0   0.0   0:00.00 nvidia-modeset/
   1749 root      20   0       0      0      0 S   0.0   0.0   0:00.00 nvidia-modeset/
   1752 root      20   0       0      0      0 S   0.0   0.0   0:00.00 nvidia
   1753 root      20   0       0      0      0 S   0.0   0.0   0:00.00 nv_queue
   1790 root      20   0       0      0      0 S   0.0   0.0   0:00.00 nvidia-drm-nv-t
   1791 root     -51   0       0      0      0 S   0.0   0.0   0:00.00 card1-crtc0
   1792 root     -51   0       0      0      0 S   0.0   0.0   0:00.00 card1-crtc1
   1980 gdm       20   0    5876   1552   1344 S   0.0   0.0   0:00.00 dbus-run-sessio
   1983 gdm       20   0    9108   4440   3588 S   0.0   0.1   0:00.13 dbus-daemon
   2035 gdm       20   0  597840  17824  12972 S   0.0   0.2   0:01.00 gnome-session-b
   2057 gdm       20   0  310068   8976   6272 S   0.0   0.1   0:00.00 at-spi-bus-laun
   2062 gdm       20   0    8692   3556   3168 S   0.0   0.0   0:00.00 dbus-daemon
   2071 gdm       20   0 3471500 137208  73260 S   0.0   1.8   0:47.13 gnome-shell
   2092 gdm       20   0  237676   4964   4528 S   0.0   0.1   0:00.00 xdg-permission-
   2099 root      20   0  243852  10136   6984 S   0.0   0.1   0:00.47 upowerd
   2106 root      20   0  301608  19332  16408 S   0.0   0.2   0:01.56 packagekitd
   2110 gdm       20   0 2812288  25716  20860 S   0.0   0.3   0:00.08 gjs
   2113 gdm       20   0  163144   7196   6428 S   0.0   0.1   0:00.02 at-spi2-registr
   2141 gdm       20   0  468748   9856   7940 S   0.0   0.1   0:01.97 gsd-sharing
   2146 gdm       20   0  338880  14892  12620 S   0.0   0.2   0:00.06 gsd-wacom
   2148 gdm       20   0  451616  18896  16480 S   0.0   0.2   0:00.22 gsd-color
   2150 gdm       20   0  412392  17092  13292 S   0.0   0.2   0:00.04 gsd-keyboard
   2152 gdm       20   0  316864  13188   6244 S   0.0   0.2   0:00.10 ibus-daemon
   2156 gdm       20   0  326124   9848   8488 S   0.0   0.1   0:00.02 gsd-print-notif
   2166 gdm       20   0  242216   6512   5848 S   0.0   0.1   0:00.01 gvfsd
   2168 gdm       20   0  459796   6140   5436 S   0.0   0.1   0:00.58 gsd-rfkill
   2170 gdm       20   0  388312   7432   6528 S   0.0   0.1   0:00.01 gsd-smartcard
   2173 gdm       20   0  380556  16508  12504 S   0.0   0.2   0:00.03 gsd-datetime
   2183 gdm       20   0  864216  20108  17428 S   0.0   0.3   0:00.52 gsd-media-keys
   2184 gdm       20   0  237936   4760   4376 S   0.0   0.1   0:00.01 gsd-screensaver
   2185 gdm       20   0  322096  10392   7320 S   0.0   0.1   0:00.02 gsd-sound
   2186 gdm       20   0  312416   8104   5476 S   0.0   0.1   0:00.01 gsd-a11y-settin
   2193 gdm       20   0  313996   8944   6152 S   0.0   0.1   0:00.97 gsd-housekeepin
   2195 gdm       20   0  450004  20288  15904 S   0.0   0.3   0:00.52 gsd-power
   2218 gdm       20   0  347052  12608  10748 S   0.0   0.2   0:00.03 gsd-printer
   2221 gdm       20   0  239040   6576   5948 S   0.0   0.1   0:00.00 ibus-dconf
   2233 gdm       20   0  238936   5920   5488 S   0.0   0.1   0:00.00 ibus-portal
   2263 colord    20   0  247516  14492   8720 S   0.0   0.2   0:00.27 colord
   2285 gdm       20   0 2812300  27868  20904 S   0.0   0.4   0:00.09 gjs
   2349 gdm       20   0  165096   6516   5892 S   0.0   0.1   0:00.01 ibus-engine-sim
   2508 root      20   0  136716  13172   9512 S   0.0   0.2   0:00.70 cupsd
   2522 root      20   0  260792  17940  13508 S   0.0   0.2   0:01.60 cups-browsed
  11687 jetson    20   0   18140   9764   7368 S   0.0   0.1   0:00.37 systemd
  11688 jetson    20   0  172512   4632      0 S   0.0   0.1   0:00.00 (sd-pam)
  11696 jetson    20   0   41976   6552   5228 S   0.0   0.1   0:00.06 pipewire
  11697 jetson    20   0   25484   6724   5388 S   0.0   0.1   0:01.86 pipewire-media-
  11749 jetson    20   0    8888   4168   3672 S   0.0   0.1   0:00.03 dbus-daemon
  11931 jetson    20   0  707268  63144  26432 S   0.0   0.8   2:16.42 python3
  13234 jetson    20   0  203640  35476  13212 S   0.0   0.5   0:00.75 ros2
  13236 jetson    20   0 2070472  36080  17228 S   0.0   0.5   0:00.90 docker
  13265 root      20   0 1232976  11076   5960 S   0.0   0.1   0:02.39 containerd-shim
  13294 root      20   0   49400  29204  14412 S   0.0   0.4   0:00.40 ros2
  90870 root      20   0       0      0      0 I   0.0   0.0   0:23.05 kworker/u12:11-events_unbound
 100141 root      20   0       0      0      0 I   0.0   0.0   0:22.80 kworker/u12:6-events_unbound
 284193 root      20   0       0      0      0 I   0.0   0.0   0:13.23 kworker/u12:3-events_freezable_power_
 407770 root      20   0       0      0      0 I   0.0   0.0   0:09.23 kworker/u12:9-events_unbound
 418183 root       0 -20       0      0      0 I   0.0   0.0   0:13.11 kworker/u13:0-uvcvideo
 437586 root      20   0       0      0      0 I   0.0   0.0   0:06.20 kworker/u12:4-events_unbound
 465092 root      20   0  238836   6948   5700 S   0.0   0.1   0:01.13 iio-sensor-prox
 494799 jetson    20   0    5508    792    704 S   0.0   0.0   0:00.21 sleep
 494879 root      20   0   21756   3352   1840 S   0.0   0.0   0:01.00 systemd-udevd
 509136 root      20   0       0      0      0 I   0.0   0.0   0:03.72 kworker/u12:5-events_freezable_power_
 512501 root      20   0       0      0      0 I   0.0   0.0   0:00.21 kworker/4:0-events
 513123 jetson    20   0  572504  38640  13228 S   0.0   0.5   0:01.15 ros2
 513219 root      20   0   21752   3192   1712 S   0.0   0.0   0:00.00 systemd-udevd
 513220 root      20   0   21760   3352   1840 S   0.0   0.0   0:00.00 systemd-udevd
 513233 root      20   0   21760   3356   1840 S   0.0   0.0   0:00.00 systemd-udevd
 513234 root      20   0   21760   3356   1840 S   0.0   0.0   0:00.00 systemd-udevd
 513235 root      20   0   21760   3336   1840 S   0.0   0.0   0:00.00 systemd-udevd
 513236 root      20   0   21760   3352   1840 S   0.0   0.0   0:00.00 systemd-udevd
 513237 root      20   0   21760   3336   1840 S   0.0   0.0   0:00.00 systemd-udevd
 513251 root      20   0   21760   3840   2288 S   0.0   0.0   0:00.00 systemd-udevd
 513265 root      20   0   21760   4056   2496 S   0.0   0.1   0:00.00 systemd-udevd
 513266 root      20   0   21760   3244   1712 S   0.0   0.0   0:00.00 systemd-udevd
 513437 jetson    20   0  129772  36180  13228 S   0.0   0.5   0:00.78 ros2
 536340 root      20   0       0      0      0 I   0.0   0.0   0:00.15 kworker/1:1-cgroup_destroy
 536745 root       0 -20       0      0      0 I   0.0   0.0   0:05.51 kworker/u13:4-uvcvideo
 538507 root      20   0       0      0      0 I   0.0   0.0   0:00.18 kworker/0:0-events
 550304 root      20   0       0      0      0 I   0.0   0.0   0:00.30 kworker/5:0-events
 568778 root      20   0       0      0      0 I   0.0   0.0   0:00.00 kworker/2:0-cgroup_destroy
 576600 root      20   0       0      0      0 I   0.0   0.0   0:00.18 kworker/3:0-events
 576729 root      20   0       0      0      0 I   0.0   0.0   0:00.08 kworker/5:1-events
 576909 root      20   0       0      0      0 I   0.0   0.0   0:00.03 kworker/4:1-mm_percpu_wq
 589172 root      20   0       0      0      0 I   0.0   0.0   0:00.73 kworker/u12:10-events_unbound
 590592 root      20   0       0      0      0 I   0.0   0.0   0:00.00 kworker/0:2-cgroup_destroy
 591089 root       0 -20       0      0      0 I   0.0   0.0   0:02.94 kworker/u13:1-uvcvideo
 602672 root      20   0       0      0      0 I   0.0   0.0   0:00.08 kworker/1:3-events
 608435 root      20   0       0      0      0 I   0.0   0.0   0:00.00 kworker/3:2-events
 608538 root      20   0       0      0      0 I   0.0   0.0   0:00.00 kworker/2:2-events
 609103 jetson    20   0   11248   3076   2756 S   0.0   0.0   0:00.26 bash
 609212 root      20   0       0      0      0 I   0.0   0.0   0:00.04 kworker/0:1-events
 609220 jetson    20   0   53568  30340  15008 S   0.0   0.4   0:00.41 ros2
 613727 root      20   0    9436    780    704 S   0.0   0.0   0:00.00 sleep
 615420 root      20   0       0      0      0 I   0.0   0.0   0:00.01 kworker/4:2-events
 617319 root      20   0       0      0      0 I   0.0   0.0   0:00.00 kworker/0:3-cgroup_destroy
 621315 root      20   0       0      0      0 I   0.0   0.0   0:00.00 kworker/1:0-events
 621531 root      20   0       0      0      0 I   0.0   0.0   0:00.00 kworker/5:2-events
 622272 root      20   0       0      0      0 I   0.0   0.0   0:00.00 kworker/u12:7-events_freezable_power_
 623951 jetson    20   0   11248   3292   2852 S   0.0   0.0   0:00.03 bash
 626884 jetson    20   0   11248   3292   2860 S   0.0   0.0   0:00.01 bash
 626970 jetson    20   0    2872    896    800 S   0.0   0.0   0:00.05 tegrastats
 627202 jetson    20   0    9480    808    724 S   0.0   0.0   0:00.00 tail
 627452 root      30  10    9436    784    704 S   0.0   0.0   0:00.00 sleep
 628324 jetson    20   0    9444    784    700 S   0.0   0.0   0:00.00 sleep

top - 15:56:06 up  6:19,  0 users,  load average: 9.22, 8.42, 6.84
Tasks: 356 total,   4 running, 352 sleeping,   0 stopped,   0 zombie
%Cpu(s): 40.2 us,  8.6 sy,  0.2 ni, 46.6 id,  0.0 wa,  2.4 hi,  2.1 si,  0.0 st
MiB Mem :   7607.4 total,   2343.5 free,   2225.3 used,   3038.6 buff/cache
MiB Swap:   3803.7 total,   3803.7 free,      0.0 used.   5065.2 avail Mem 

    PID USER      PR  NI    VIRT    RES    SHR S  %CPU  %MEM     TIME+ COMMAND
 609057 jetson    20   0  962968  50020  23524 S  41.1   0.6   0:43.62 controller_serv
 627201 jetson    20   0  753664  71812  29564 S  40.6   0.9   0:08.60 python3
 513359 jetson    20   0  709132  64972  27276 R  34.2   0.8  14:17.15 python3
 626968 jetson    20   0  764024  55912  25372 S  22.8   0.7   0:05.91 ros2
 609244 jetson    20   0 9351828 401684  84124 S  16.8   5.2   1:00.73 nvblox_node
 513439 jetson    20   0 1061928  52180  24360 S  15.3   0.7   1:32.53 async_slam_tool
 609065 jetson    20   0  530908  46344  26216 S  14.9   0.6   0:37.65 bt_navigator
 513129 jetson    20   0  432964  27132  14244 S  14.4   0.3   6:31.52 rplidar_node
 513125 jetson    20   0 1750824 109580  51324 S  12.9   1.4   5:34.96 realsense2_came
 609086 jetson    20   0  577388  31744  16252 S  10.9   0.4   0:42.60 lifecycle_manag
 513361 jetson    20   0  506336  34940  18388 S  10.4   0.4   4:33.35 ekf_node
 609055 jetson    20   0  709540  62092  27352 S   9.9   0.8   0:20.30 python3
 513131 jetson    20   0  708192  64296  27388 S   9.4   0.8   3:29.03 python3
 609061 jetson    20   0 1070624  71452  24604 S   8.9   0.9   0:38.91 planner_server
 609063 jetson    20   0  516308  35412  21032 S   6.9   0.5   0:29.84 behavior_server
 609059 jetson    20   0  664652  35124  19412 S   6.4   0.5   0:25.27 smoother_server
 609067 jetson    20   0  431292  29316  17020 S   5.4   0.4   0:21.50 waypoint_follow
 609077 jetson    20   0  428704  29676  15956 S   5.4   0.4   0:21.65 velocity_smooth
  13320 root      20   0 1300496  44944  11392 S   4.0   0.6  30:12.80 micro_ros_agent
 513127 jetson    20   0  710792  65280  27232 S   3.0   0.8   2:02.22 python3
    904 root      rt   0       0      0      0 S   1.0   0.0   1:47.53 sugov:0
    909 root      rt   0       0      0      0 S   1.0   0.0   0:50.34 sugov:4
   1588 root      20   0 2353004 116452  56964 S   1.0   1.5   0:27.81 dockerd
 591089 root       0 -20       0      0      0 I   1.0   0.0   0:02.96 kworker/u13:1-uvcvideo
 626969 jetson    20   0   14340   3376   2764 R   1.0   0.0   0:00.27 top
    867 root      20   0  242124   7452   6576 S   0.5   0.1   0:02.13 accounts-daemon
    875 root      20   0   16632   9928   8148 S   0.5   0.1   0:01.31 wpa_supplicant
   1212 root      20   0 2093336  75924  33916 S   0.5   1.0   0:38.55 containerd
  11931 jetson    20   0  707268  63144  26432 S   0.5   0.8   2:16.43 python3
  13238 jetson    20   0  428524  31584  15828 S   0.5   0.4   2:22.09 robot_state_pub
 417230 root      20   0       0      0      0 I   0.5   0.0   0:07.55 kworker/u12:0-events_freezable_power_
 513133 jetson    20   0 1082972  60484  26368 S   0.5   0.8   1:15.10 foxglove_bridge
 589172 root      20   0       0      0      0 I   0.5   0.0   0:00.74 kworker/u12:10-events_freezable_power_
 626970 jetson    20   0    2872    896    800 S   0.5   0.0   0:00.06 tegrastats
 628496 root      20   0   34620   8920   7088 R   0.5   0.1   0:00.01 sshd
      1 root      20   0  167628  11768   7448 S   0.0   0.2   0:29.45 systemd
      2 root      20   0       0      0      0 S   0.0   0.0   0:00.03 kthreadd
      3 root       0 -20       0      0      0 I   0.0   0.0   0:00.00 rcu_gp
      4 root       0 -20       0      0      0 I   0.0   0.0   0:00.00 rcu_par_gp
      5 root       0 -20       0      0      0 I   0.0   0.0   0:00.00 slub_flushwq
      6 root       0 -20       0      0      0 I   0.0   0.0   0:00.00 netns
      8 root       0 -20       0      0      0 I   0.0   0.0   0:00.00 kworker/0:0H-events_highpri
     10 root       0 -20       0      0      0 I   0.0   0.0   0:00.00 mm_percpu_wq
     11 root      20   0       0      0      0 S   0.0   0.0   0:00.00 rcu_tasks_kthre
     12 root      20   0       0      0      0 S   0.0   0.0   0:00.00 rcu_tasks_rude_
     13 root      20   0       0      0      0 S   0.0   0.0   0:00.00 rcu_tasks_trace
     14 root      20   0       0      0      0 S   0.0   0.0   0:22.57 ksoftirqd/0
     15 root      20   0       0      0      0 I   0.0   0.0   0:09.96 rcu_preempt
     16 root      rt   0       0      0      0 S   0.0   0.0   0:00.02 migration/0
     17 root      20   0       0      0      0 S   0.0   0.0   0:00.00 cpuhp/0
     18 root      20   0       0      0      0 S   0.0   0.0   0:00.00 cpuhp/1
     19 root      rt   0       0      0      0 S   0.0   0.0   0:00.03 migration/1
     20 root      20   0       0      0      0 S   0.0   0.0   0:01.60 ksoftirqd/1
     22 root       0 -20       0      0      0 I   0.0   0.0   0:00.00 kworker/1:0H-events_highpri
     23 root      20   0       0      0      0 S   0.0   0.0   0:00.00 cpuhp/2
     24 root      rt   0       0      0      0 S   0.0   0.0   0:00.02 migration/2
     25 root      20   0       0      0      0 S   0.0   0.0   0:01.61 ksoftirqd/2
     27 root       0 -20       0      0      0 I   0.0   0.0   0:00.00 kworker/2:0H-events_highpri
     28 root      20   0       0      0      0 S   0.0   0.0   0:00.00 cpuhp/3
     29 root      rt   0       0      0      0 S   0.0   0.0   0:00.02 migration/3
     30 root      20   0       0      0      0 S   0.0   0.0   0:01.50 ksoftirqd/3
     32 root       0 -20       0      0      0 I   0.0   0.0   0:00.00 kworker/3:0H-events_highpri
     33 root      20   0       0      0      0 S   0.0   0.0   0:00.00 cpuhp/4
     34 root      rt   0       0      0      0 S   0.0   0.0   0:00.06 migration/4
     35 root      20   0       0      0      0 S   0.0   0.0   0:01.11 ksoftirqd/4
     37 root       0 -20       0      0      0 I   0.0   0.0   0:00.00 kworker/4:0H-kblockd
     38 root      20   0       0      0      0 S   0.0   0.0   0:00.00 cpuhp/5
     39 root      rt   0       0      0      0 S   0.0   0.0   0:00.07 migration/5
     40 root      20   0       0      0      0 S   0.0   0.0   0:01.16 ksoftirqd/5
     42 root       0 -20       0      0      0 I   0.0   0.0   0:00.00 kworker/5:0H-events_highpri
     43 root      20   0       0      0      0 S   0.0   0.0   0:00.01 kdevtmpfs
     44 root       0 -20       0      0      0 I   0.0   0.0   0:00.00 inet_frag_wq
     51 root      20   0       0      0      0 S   0.0   0.0   0:00.00 kauditd
     52 root      20   0       0      0      0 S   0.0   0.0   0:00.00 oom_reaper
     53 root       0 -20       0      0      0 I   0.0   0.0   0:00.00 writeback
     54 root      20   0       0      0      0 S   0.0   0.0   0:00.19 kcompactd0
     55 root      25   5       0      0      0 S   0.0   0.0   0:00.00 ksmd
     56 root      39  19       0      0      0 S   0.0   0.0   0:02.04 khugepaged
     67 root       0 -20       0      0      0 I   0.0   0.0   0:00.00 cryptd
     86 root       0 -20       0      0      0 I   0.0   0.0   0:00.00 kintegrityd
     87 root       0 -20       0      0      0 I   0.0   0.0   0:00.00 kblockd
     88 root       0 -20       0      0      0 I   0.0   0.0   0:00.00 blkcg_punt_bio
     89 root       0 -20       0      0      0 I   0.0   0.0   0:00.00 tpm_dev_wq
     90 root       0 -20       0      0      0 I   0.0   0.0   0:00.00 ata_sff
     91 root       0 -20       0      0      0 I   0.0   0.0   0:00.00 edac-poller
     92 root       0 -20       0      0      0 I   0.0   0.0   0:00.00 devfreq_wq
     93 root     -51   0       0      0      0 S   0.0   0.0   0:00.00 watchdogd
     96 root       0 -20       0      0      0 I   0.0   0.0   0:00.06 kworker/1:1H-kblockd
     97 root       0 -20       0      0      0 I   0.0   0.0   0:00.00 rpciod
     99 root       0 -20       0      0      0 I   0.0   0.0   0:00.00 xprtiod
    127 root      20   0       0      0      0 S   0.0   0.0   0:00.00 kswapd0
    128 root       0 -20       0      0      0 I   0.0   0.0   0:00.00 nfsiod
    132 root       0 -20       0      0      0 I   0.0   0.0   0:00.00 vfio-irqfd-clea
    133 root       0 -20       0      0      0 I   0.0   0.0   0:00.00 bch_btree_io
    134 root       0 -20       0      0      0 I   0.0   0.0   0:00.00 bcache
    135 root       0 -20       0      0      0 I   0.0   0.0   0:00.00 bch_journal
    136 root       0 -20       0      0      0 I   0.0   0.0   0:00.00 dm_bufio_cache
    139 root      20   0       0      0      0 I   0.0   0.0   0:01.86 kworker/2:3-mm_percpu_wq
    140 root      10 -10       0      0      0 S   0.0   0.0   0:00.00 krfcommd
    141 root      20   0       0      0      0 S   0.0   0.0   0:00.01 pr/tty0
    142 root      20   0       0      0      0 S   0.0   0.0   0:03.09 pr/ttyTCU0
    145 root     -51   0       0      0      0 S   0.0   0.0   0:00.00 irq/114-3160000
    147 root     -51   0       0      0      0 S   0.0   0.0   0:00.00 irq/115-3180000
    149 root     -51   0       0      0      0 S   0.0   0.0   0:00.00 irq/116-31b0000
    150 root     -51   0       0      0      0 S   0.0   0.0   0:00.03 irq/167-c240000
    151 root     -51   0       0      0      0 S   0.0   0.0   0:00.00 irq/168-c250000
    152 root     -51   0       0      0      0 S   0.0   0.0   0:00.00 irq/125-3610000
    153 root     -51   0       0      0      0 S   0.0   0.0   0:00.00 irq/122-3610000
    155 root       0 -20       0      0      0 I   0.0   0.0   0:00.00 sdhci
    156 root     -51   0       0      0      0 S   0.0   0.0   0:00.00 irq/120-mmc0
    157 root     -51   0       0      0      0 S   0.0   0.0   0:00.00 irq/230-3400000
    174 root       0 -20       0      0      0 I   0.0   0.0   0:00.06 kworker/3:1H-kblockd
    180 root     -51   0       0      0      0 S   0.0   0.0   0:00.00 irq/191-tegra-p
    181 root       0 -20       0      0      0 I   0.0   0.0   0:00.00 nvme-wq
    182 root       0 -20       0      0      0 I   0.0   0.0   0:00.00 nvme-reset-wq
    183 root       0 -20       0      0      0 I   0.0   0.0   0:00.00 nvme-delete-wq
    192 root     -51   0       0      0      0 S   0.0   0.0   0:00.00 irq/191-aerdrv
    193 root     -51   0       0      0      0 S   0.0   0.0   0:00.00 irq/193-tegra-p
    196 root     -51   0       0      0      0 S   0.0   0.0   0:00.00 irq/193-aerdrv
    197 root     -51   0       0      0      0 S   0.0   0.0   0:00.00 irq/195-tegra-p
    199 root     -51   0       0      0      0 S   0.0   0.0   0:00.00 irq/232-nvme0q0
    200 root     -51   0       0      0      0 S   0.0   0.0   0:00.37 irq/233-nvme0q1
    201 root     -51   0       0      0      0 S   0.0   0.0   0:00.40 irq/234-nvme0q2
    202 root     -51   0       0      0      0 S   0.0   0.0   0:00.53 irq/235-nvme0q3
    203 root     -51   0       0      0      0 S   0.0   0.0   0:00.65 irq/236-nvme0q4
    204 root     -51   0       0      0      0 S   0.0   0.0   0:00.16 irq/237-nvme0q5
    205 root     -51   0       0      0      0 S   0.0   0.0   0:00.12 irq/238-nvme0q6
    211 root       0 -20       0      0      0 I   0.0   0.0   0:00.06 kworker/4:1H-kblockd
    212 root      20   0       0      0      0 S   0.0   0.0   0:01.45 jbd2/nvme0n1p1-
    213 root       0 -20       0      0      0 I   0.0   0.0   0:00.00 ext4-rsv-conver
    222 root       0 -20       0      0      0 I   0.0   0.0   0:00.00 mld
    223 root       0 -20       0      0      0 I   0.0   0.0   0:00.04 kworker/0:1H-kblockd
    224 root       0 -20       0      0      0 I   0.0   0.0   0:00.00 ipv6_addrconf
    256 root      19  -1   76560  38072  36444 S   0.0   0.5   0:29.09 systemd-journal
    278 root       0 -20       0      0      0 I   0.0   0.0   0:00.08 kworker/2:1H-kblockd
    280 root      39  19       0      0      0 S   0.0   0.0   0:01.64 nvmap-bz
    281 root     -51   0       0      0      0 S   0.0   0.0   0:00.00 irq/188-host1x_
    285 root     -51   0       0      0      0 S   0.0   0.0   0:00.00 irq/197-gk20a_s
    286 root     -51   0       0      0      0 S   0.0   0.0   0:00.03 irq/198-gk20a_s
    287 root     -51   0       0      0      0 S   0.0   0.0   0:00.03 irq/199-gk20a_s
    288 root     -51   0       0      0      0 S   0.0   0.0   0:00.00 irq/200-gk20a_n
    291 root       0 -20       0      0      0 I   0.0   0.0   0:00.06 kworker/5:1H-kblockd
    295 root      20   0   11116   3460   3204 S   0.0   0.0   0:00.00 nv-tee-supplica
    299 root      20   0   76588   1360   1248 S   0.0   0.0   0:00.01 tee-supplicant
    301 root       0 -20       0      0      0 I   0.0   0.0   0:00.00 optee_bus_scan
    303 root     -51   0       0      0      0 S   0.0   0.0   0:00.00 irq/189-tegra-p
    312 root      20   0   23732   6316   4080 S   0.0   0.1   0:26.86 systemd-udevd
    313 root     -51   0       0      0      0 S   0.0   0.0   0:00.00 irq/189-aerdrv
    314 root      20   0   23216   5820   3992 S   0.0   0.1   0:00.40 systemd-udevd
    315 root      20   0   23216   5020   3248 S   0.0   0.1   0:00.15 systemd-udevd
    316 root      20   0   23268   6252   4316 S   0.0   0.1   0:00.16 systemd-udevd
    317 root      20   0   23220   4364   2600 S   0.0   0.1   0:00.11 systemd-udevd
    318 root      20   0   23216   4480   2672 S   0.0   0.1   0:00.12 systemd-udevd
    319 root      20   0   23212   5820   3980 S   0.0   0.1   0:00.29 systemd-udevd
    320 root      20   0   23264   4688   2764 S   0.0   0.1   0:00.13 systemd-udevd
    321 root      20   0   23268   5072   3136 S   0.0   0.1   0:00.18 systemd-udevd
    322 root      20   0   23524   5520   3456 S   0.0   0.1   0:00.27 systemd-udevd
    323 root      20   0   23216   6296   4444 S   0.0   0.1   0:00.41 systemd-udevd
    324 root      20   0   23220   5196   3388 S   0.0   0.1   0:00.16 systemd-udevd
    325 root      20   0   23220   5820   3976 S   0.0   0.1   0:00.40 systemd-udevd
    326 root      20   0   23220   5252   3388 S   0.0   0.1   0:00.42 systemd-udevd
    327 root      20   0   23220   5504   3684 S   0.0   0.1   0:00.18 systemd-udevd
    330 root      20   0   23512   5728   3684 S   0.0   0.1   0:00.14 systemd-udevd
    331 root      20   0   24292   5540   2676 S   0.0   0.1   0:00.16 systemd-udevd
    333 root      20   0   23524   5596   3532 S   0.0   0.1   0:00.27 systemd-udevd
    334 root      20   0   23220   5584   3740 S   0.0   0.1   0:00.27 systemd-udevd
    335 root      20   0   23220   4504   2708 S   0.0   0.1   0:00.11 systemd-udevd
    336 root      20   0   23220   4696   2892 S   0.0   0.1   0:00.14 systemd-udevd
    337 root      20   0   23524   5056   2992 S   0.0   0.1   0:00.16 systemd-udevd
    339 root      20   0   23220   4980   3148 S   0.0   0.1   0:00.17 systemd-udevd
    340 root      20   0   23544   6732   4608 S   0.0   0.1   1:30.09 systemd-udevd
    341 root      20   0   23276   5328   3384 S   0.0   0.1   0:00.13 systemd-udevd
    342 root      20   0   23280   5176   3228 S   0.0   0.1   0:00.13 systemd-udevd
    343 root      20   0   23220   5988   4152 S   0.0   0.1   0:00.32 systemd-udevd
    344 root      20   0   23560   6700   4596 S   0.0   0.1   0:00.55 systemd-udevd
    345 root      20   0       0      0      0 S   0.0   0.0   0:00.00 15820000.crypto
    346 root      20   0       0      0      0 S   0.0   0.0   0:00.00 15840000.crypto
    368 root      20   0   23324   5984   4116 S   0.0   0.1   0:00.45 systemd-udevd
    417 root     -51   0       0      0      0 S   0.0   0.0   0:00.00 irq/219-bc00000
    419 root      -2   0       0      0      0 S   0.0   0.0   0:00.00 capture-control
    420 root      -2   0       0      0      0 S   0.0   0.0   0:00.00 capture
    422 root     -51   0       0      0      0 S   0.0   0.0   0:00.00 irq/214-tegra_d
    423 root     -51   0       0      0      0 S   0.0   0.0   0:00.00 irq/215-tegra_d
    424 root       0 -20       0      0      0 I   0.0   0.0   0:00.00 dce-async-ipc-w
    425 root     -51   0       0      0      0 S   0.0   0.0   0:00.00 irq/240-nvvrs-p
    427 root      20   0       0      0      0 S   0.0   0.0   0:00.00 nv_queue
    428 root      20   0       0      0      0 S   0.0   0.0   0:00.00 nv_queue
    483 root     -51   0       0      0      0 S   0.0   0.0   0:00.00 irq/118-3210000
    487 root      20   0       0      0      0 S   0.0   0.0   0:00.00 spi0
    495 root       0 -20       0      0      0 I   0.0   0.0   0:00.00 cfg80211
    497 root     -51   0       0      0      0 S   0.0   0.0   0:00.00 irq/119-3230000
    498 root      20   0       0      0      0 S   0.0   0.0   0:00.00 spi1
    584 root       0 -20       0      0      0 I   0.0   0.0   0:00.00 btfwwork
    650 root      20   0    8236   6424   1432 S   0.0   0.1   0:00.72 haveged
    653 _rpc      20   0    7932   2264   1912 S   0.0   0.0   0:00.03 rpcbind
    659 systemd+  20   0   26320  13580   8496 S   0.0   0.2   0:00.53 systemd-resolve
    662 systemd+  20   0   88880   6332   5484 S   0.0   0.1   0:00.15 systemd-timesyn
    826 avahi     20   0    8084   3108   2752 S   0.0   0.0   0:00.66 avahi-daemon
    827 root      20   0    9888   4552   4112 S   0.0   0.1   0:00.07 bluetoothd
    828 message+  20   0   10496   5632   3584 S   0.0   0.1   0:42.56 dbus-daemon
    829 root      20   0  264864  18900  14872 S   0.0   0.2   0:38.81 NetworkManager
    838 root      20   0   43504  19780  10232 S   0.0   0.3   0:00.15 networkd-dispat
    849 root      20   0  241652   9056   6312 S   0.0   0.1   0:00.60 power-profiles-
    854 syslog    20   0  222160   5012   3672 S   0.0   0.1   0:05.52 rsyslogd
    859 root      20   0    2240    796    720 S   0.0   0.0   0:00.00 seatd
    865 root      20   0 2145956  51792  25768 S   0.0   0.7   0:36.77 snapd
    869 root      20   0  238128   6232   5620 S   0.0   0.1   0:00.04 switcheroo-cont
    871 root      20   0   48968   7620   6296 S   0.0   0.1   0:03.62 systemd-logind
    874 root      20   0  394188  13988   9476 S   0.0   0.2   0:01.04 udisksd
    882 avahi     20   0    7812    356      0 S   0.0   0.0   0:00.00 avahi-daemon
    921 root      30  10   11248   3612   3220 S   0.0   0.0   0:08.48 wifi_mon.sh
    969 root      20   0  237044  10468   6400 S   0.0   0.1   3:06.01 polkitd
    983 root      20   0    2460   1556   1380 S   0.0   0.0   0:08.23 nvfancontrol
   1049 root      20   0       0      0      0 S   0.0   0.0   0:00.00 sw-quiesce
   1052 root      20   0       0      0      0 S   0.0   0.0   0:20.94 nvgpu_channel_p
   1068 root      20   0       0      0      0 S   0.0   0.0   0:00.00 nvgpu_pg_init_g
   1087 root      20   0       0      0      0 S   0.0   0.0   0:00.00 nvgpu_clk_arb_p
   1117 root      20   0       0      0      0 S   0.0   0.0   0:07.69 RTW_CMD_THREAD
   1157 root      20   0   75936   9960   8136 S   0.0   0.1   0:00.01 nvargus-daemon
   1158 root      20   0   11116   3520   3220 S   0.0   0.0   0:00.08 nvmemwarning.sh
   1171 root      20   0   22192   1776   1580 S   0.0   0.0   0:00.00 nvs-service
   1181 ollama    20   0 2006720  39588  20072 S   0.0   0.5   0:01.07 ollama
   1195 root      20   0    2336   1408   1292 S   0.0   0.0   0:01.96 run-cups-browse
   1201 root      20   0    2336   1424   1296 S   0.0   0.0   0:02.02 run-cupsd
   1204 root      20   0       0      0      0 S   0.0   0.0   0:00.00 pr/ramoops-1
   1239 root      20   0   10772   2824   2576 S   0.0   0.0   0:00.06 cron
   1259 root      20   0  243128   8056   7012 S   0.0   0.1   0:00.02 gdm3
   1263 kernoops  20   0   12812    452      0 S   0.0   0.0   0:00.02 kerneloops
   1290 root      20   0    9468    800    724 S   0.0   0.0   0:00.00 agetty
   1291 kernoops  20   0   12812    452      0 S   0.0   0.0   0:00.02 kerneloops
   1293 root      20   0    9468    804    724 S   0.0   0.0   0:00.00 agetty
   1330 root      20   0  173408   8804   7628 S   0.0   0.1   0:00.02 gdm-session-wor
   1417 root      20   0       0      0      0 S   0.0   0.0   0:00.00 file-storage
   1426 root      20   0   15272   8368   6788 S   0.0   0.1   0:00.73 sshd
   1474 gdm       20   0   18120   9728   7360 S   0.0   0.1   0:00.46 systemd
   1478 root      20   0    3076    992    880 S   0.0   0.0   0:00.00 nvphsd
   1483 root      20   0    3208   1476   1316 S   0.0   0.0   0:00.00 nvphsd
   1497 gdm       20   0  106692   4552      0 S   0.0   0.1   0:00.00 (sd-pam)
   1688 gdm        9 -11   41972   6472   5156 S   0.0   0.1   0:00.07 pipewire
   1689 gdm       20   0   25476   6428   5104 S   0.0   0.1   0:01.69 pipewire-media-
   1690 gdm        9 -11  891840  20748  12584 S   0.0   0.3   0:00.94 pulseaudio
   1695 gdm       20   0  163948   5472   4964 S   0.0   0.1   0:00.00 gdm-x-session
   1697 root      20   0   24.2g  80528  35884 S   0.0   1.0   0:02.02 Xorg
   1698 rtkit     21   1  153504   1588   1380 S   0.0   0.0   0:00.31 rtkit-daemon
   1729 gdm       20   0    8840   3600   3212 S   0.0   0.0   0:00.02 dbus-daemon
   1748 root      20   0       0      0      0 S   0.0   0.0   0:00.00 nvidia-modeset/
   1749 root      20   0       0      0      0 S   0.0   0.0   0:00.00 nvidia-modeset/
   1752 root      20   0       0      0      0 S   0.0   0.0   0:00.00 nvidia
   1753 root      20   0       0      0      0 S   0.0   0.0   0:00.00 nv_queue
   1790 root      20   0       0      0      0 S   0.0   0.0   0:00.00 nvidia-drm-nv-t
   1791 root     -51   0       0      0      0 S   0.0   0.0   0:00.00 card1-crtc0
   1792 root     -51   0       0      0      0 S   0.0   0.0   0:00.00 card1-crtc1
   1980 gdm       20   0    5876   1552   1344 S   0.0   0.0   0:00.00 dbus-run-sessio
   1983 gdm       20   0    9108   4440   3588 S   0.0   0.1   0:00.13 dbus-daemon
   2035 gdm       20   0  597840  17824  12972 S   0.0   0.2   0:01.00 gnome-session-b
   2057 gdm       20   0  310068   8976   6272 S   0.0   0.1   0:00.00 at-spi-bus-laun
   2062 gdm       20   0    8692   3556   3168 S   0.0   0.0   0:00.00 dbus-daemon
   2071 gdm       20   0 3471500 137208  73260 S   0.0   1.8   0:47.13 gnome-shell
   2092 gdm       20   0  237676   4964   4528 S   0.0   0.1   0:00.00 xdg-permission-
   2099 root      20   0  243852  10136   6984 S   0.0   0.1   0:00.47 upowerd
   2106 root      20   0  301608  19332  16408 S   0.0   0.2   0:01.56 packagekitd
   2110 gdm       20   0 2812288  25716  20860 S   0.0   0.3   0:00.08 gjs
   2113 gdm       20   0  163144   7196   6428 S   0.0   0.1   0:00.02 at-spi2-registr
   2141 gdm       20   0  468748   9856   7940 S   0.0   0.1   0:01.97 gsd-sharing
   2146 gdm       20   0  338880  14892  12620 S   0.0   0.2   0:00.06 gsd-wacom
   2148 gdm       20   0  451616  18896  16480 S   0.0   0.2   0:00.22 gsd-color
   2150 gdm       20   0  412392  17092  13292 S   0.0   0.2   0:00.04 gsd-keyboard
   2152 gdm       20   0  316864  13188   6244 S   0.0   0.2   0:00.10 ibus-daemon
   2156 gdm       20   0  326124   9848   8488 S   0.0   0.1   0:00.02 gsd-print-notif
   2166 gdm       20   0  242216   6512   5848 S   0.0   0.1   0:00.01 gvfsd
   2168 gdm       20   0  459796   6140   5436 S   0.0   0.1   0:00.58 gsd-rfkill
   2170 gdm       20   0  388312   7432   6528 S   0.0   0.1   0:00.01 gsd-smartcard
   2173 gdm       20   0  380556  16508  12504 S   0.0   0.2   0:00.03 gsd-datetime
   2183 gdm       20   0  864216  20108  17428 S   0.0   0.3   0:00.52 gsd-media-keys
   2184 gdm       20   0  237936   4760   4376 S   0.0   0.1   0:00.01 gsd-screensaver
   2185 gdm       20   0  322096  10392   7320 S   0.0   0.1   0:00.02 gsd-sound
   2186 gdm       20   0  312416   8104   5476 S   0.0   0.1   0:00.01 gsd-a11y-settin
   2193 gdm       20   0  313996   8944   6152 S   0.0   0.1   0:00.97 gsd-housekeepin
   2195 gdm       20   0  450004  20288  15904 S   0.0   0.3   0:00.52 gsd-power
   2218 gdm       20   0  347052  12608  10748 S   0.0   0.2   0:00.03 gsd-printer
   2221 gdm       20   0  239040   6576   5948 S   0.0   0.1   0:00.00 ibus-dconf
   2233 gdm       20   0  238936   5920   5488 S   0.0   0.1   0:00.00 ibus-portal
   2263 colord    20   0  247516  14492   8720 S   0.0   0.2   0:00.27 colord
   2285 gdm       20   0 2812300  27868  20904 S   0.0   0.4   0:00.09 gjs
   2349 gdm       20   0  165096   6516   5892 S   0.0   0.1   0:00.01 ibus-engine-sim
   2508 root      20   0  136716  13172   9512 S   0.0   0.2   0:00.70 cupsd
   2522 root      20   0  260792  17940  13508 S   0.0   0.2   0:01.60 cups-browsed
  11687 jetson    20   0   18140   9764   7368 S   0.0   0.1   0:00.37 systemd
  11688 jetson    20   0  172512   4632      0 S   0.0   0.1   0:00.00 (sd-pam)
  11696 jetson    20   0   41976   6552   5228 S   0.0   0.1   0:00.06 pipewire
  11697 jetson    20   0   25484   6724   5388 S   0.0   0.1   0:01.86 pipewire-media-
  11749 jetson    20   0    8888   4168   3672 S   0.0   0.1   0:00.03 dbus-daemon
  13234 jetson    20   0  203640  35476  13212 S   0.0   0.5   0:00.75 ros2
  13236 jetson    20   0 2070472  36080  17228 S   0.0   0.5   0:00.90 docker
  13265 root      20   0 1232976  11076   5960 S   0.0   0.1   0:02.39 containerd-shim
  13294 root      20   0   49400  29204  14412 S   0.0   0.4   0:00.40 ros2
  90870 root      20   0       0      0      0 I   0.0   0.0   0:23.05 kworker/u12:11-events_unbound
 100141 root      20   0       0      0      0 I   0.0   0.0   0:22.80 kworker/u12:6-events_unbound
 284193 root      20   0       0      0      0 I   0.0   0.0   0:13.23 kworker/u12:3-events_unbound
 407770 root      20   0       0      0      0 I   0.0   0.0   0:09.23 kworker/u12:9-events_unbound
 418183 root       0 -20       0      0      0 I   0.0   0.0   0:13.11 kworker/u13:0-uvcvideo
 437586 root      20   0       0      0      0 I   0.0   0.0   0:06.20 kworker/u12:4-events_freezable_power_
 465092 root      20   0  238836   6948   5700 S   0.0   0.1   0:01.13 iio-sensor-prox
 481530 root       0 -20       0      0      0 I   0.0   0.0   0:07.90 kworker/u13:3-uvcvideo
 494770 root      20   0 1233488  12764   6732 S   0.0   0.2   0:09.01 containerd-shim
 494799 jetson    20   0    5508    792    704 S   0.0   0.0   0:00.21 sleep
 494866 root      20   0   21760   5464   3940 S   0.0   0.1   0:03.61 systemd-udevd
 494879 root      20   0   21756   3352   1840 S   0.0   0.0   0:01.00 systemd-udevd
 509136 root      20   0       0      0      0 I   0.0   0.0   0:03.72 kworker/u12:5-events_unbound
 512501 root      20   0       0      0      0 I   0.0   0.0   0:00.21 kworker/4:0-events
 513123 jetson    20   0  572504  38640  13228 S   0.0   0.5   0:01.15 ros2
 513219 root      20   0   21752   3192   1712 S   0.0   0.0   0:00.00 systemd-udevd
 513220 root      20   0   21760   3352   1840 S   0.0   0.0   0:00.00 systemd-udevd
 513233 root      20   0   21760   3356   1840 S   0.0   0.0   0:00.00 systemd-udevd
 513234 root      20   0   21760   3356   1840 S   0.0   0.0   0:00.00 systemd-udevd
 513235 root      20   0   21760   3336   1840 S   0.0   0.0   0:00.00 systemd-udevd
 513236 root      20   0   21760   3352   1840 S   0.0   0.0   0:00.00 systemd-udevd
 513237 root      20   0   21760   3336   1840 S   0.0   0.0   0:00.00 systemd-udevd
 513250 root      20   0   21760   4428   2868 S   0.0   0.1   0:06.01 systemd-udevd
 513251 root      20   0   21760   3840   2288 S   0.0   0.0   0:00.00 systemd-udevd
 513265 root      20   0   21760   4056   2496 S   0.0   0.1   0:00.00 systemd-udevd
 513266 root      20   0   21760   3244   1712 S   0.0   0.0   0:00.00 systemd-udevd
 513437 jetson    20   0  129772  36180  13228 S   0.0   0.5   0:00.78 ros2
 536340 root      20   0       0      0      0 I   0.0   0.0   0:00.15 kworker/1:1-cgroup_destroy
 536745 root       0 -20       0      0      0 I   0.0   0.0   0:05.51 kworker/u13:4-uvcvideo
 538507 root      20   0       0      0      0 I   0.0   0.0   0:00.18 kworker/0:0-events
 550304 root      20   0       0      0      0 I   0.0   0.0   0:00.30 kworker/5:0-events
 562560 root      20   0       0      0      0 I   0.0   0.0   0:01.78 kworker/u12:1-events_freezable_power_
 568778 root      20   0       0      0      0 I   0.0   0.0   0:00.00 kworker/2:0-cgroup_destroy
 576600 root      20   0       0      0      0 I   0.0   0.0   0:00.18 kworker/3:0-events
 576729 root      20   0       0      0      0 I   0.0   0.0   0:00.08 kworker/5:1-events
 576909 root      20   0       0      0      0 I   0.0   0.0   0:00.03 kworker/4:1-mm_percpu_wq
 582730 root      20   0       0      0      0 I   0.0   0.0   0:01.32 kworker/u12:2-events_freezable_power_
 590592 root      20   0       0      0      0 I   0.0   0.0   0:00.00 kworker/0:2-cgroup_destroy
 602672 root      20   0       0      0      0 I   0.0   0.0   0:00.08 kworker/1:3-mm_percpu_wq
 608435 root      20   0       0      0      0 I   0.0   0.0   0:00.00 kworker/3:2-events
 608538 root      20   0       0      0      0 I   0.0   0.0   0:00.00 kworker/2:2-events
 609021 jetson    20   0  796964  40120  13228 S   0.0   0.5   0:01.34 ros2
 609103 jetson    20   0   11248   3076   2756 S   0.0   0.0   0:00.26 bash
 609212 root      20   0       0      0      0 I   0.0   0.0   0:00.04 kworker/0:1-events
 609220 jetson    20   0   53568  30340  15008 S   0.0   0.4   0:00.41 ros2
 613727 root      20   0    9436    780    704 S   0.0   0.0   0:00.00 sleep
 615420 root      20   0       0      0      0 I   0.0   0.0   0:00.01 kworker/4:2-events
 617319 root      20   0       0      0      0 I   0.0   0.0   0:00.00 kworker/0:3-cgroup_destroy
 621315 root      20   0       0      0      0 I   0.0   0.0   0:00.00 kworker/1:0-events
 621531 root      20   0       0      0      0 I   0.0   0.0   0:00.00 kworker/5:2-events
 622272 root      20   0       0      0      0 I   0.0   0.0   0:00.00 kworker/u12:7-events_unbound
 623951 jetson    20   0   11248   3292   2852 S   0.0   0.0   0:00.03 bash
 626884 jetson    20   0   11248   3292   2860 S   0.0   0.0   0:00.01 bash
 627202 jetson    20   0    9480    808    724 S   0.0   0.0   0:00.00 tail
 628397 root      30  10   11248   1712   1320 S   0.0   0.0   0:00.00 wifi_mon.sh
 628398 root      30  10   11248   1776   1384 S   0.0   0.0   0:00.00 wifi_mon.sh
 628399 root      30  10    9444    792    712 S   0.0   0.0   0:00.00 timeout
 628400 root      30  10    2768   1088    960 S   0.0   0.0   0:00.00 iw
 628472 jetson    20   0    9444    780    696 S   0.0   0.0   0:00.00 sleep
 628498 sshd      20   0   15268   6168   4592 R   0.0   0.1   0:00.00 sshd

top - 15:56:08 up  6:19,  0 users,  load average: 9.22, 8.42, 6.84
Tasks: 354 total,   4 running, 350 sleeping,   0 stopped,   0 zombie
%Cpu(s): 43.6 us, 10.1 sy,  0.0 ni, 41.9 id,  0.0 wa,  2.4 hi,  2.0 si,  0.0 st
MiB Mem :   7607.4 total,   2343.5 free,   2225.3 used,   3038.6 buff/cache
MiB Swap:   3803.7 total,   3803.7 free,      0.0 used.   5065.2 avail Mem 

    PID USER      PR  NI    VIRT    RES    SHR S  %CPU  %MEM     TIME+ COMMAND
 627201 jetson    20   0  754192  72164  29564 R  43.3   0.9   0:09.48 python3
 609057 jetson    20   0  962968  50148  23524 S  37.9   0.6   0:44.39 controller_serv
 513359 jetson    20   0  709132  64972  27276 R  34.5   0.8  14:17.85 python3
 626968 jetson    20   0  764024  55912  25372 S  22.2   0.7   0:06.36 ros2
 609065 jetson    20   0  530908  46344  26216 S  16.3   0.6   0:37.98 bt_navigator
 609244 jetson    20   0 9351828 401688  84124 S  16.3   5.2   1:01.06 nvblox_node
    969 root      20   0  237044  10468   6400 S  14.3   0.1   3:06.30 polkitd
 513125 jetson    20   0 1750824 109580  51324 S  13.8   1.4   5:35.24 realsense2_came
 513129 jetson    20   0  432964  27132  14244 S  13.3   0.3   6:31.79 rplidar_node
 513361 jetson    20   0  506336  34940  18388 S  11.3   0.4   4:33.58 ekf_node
 513439 jetson    20   0 1061928  52444  24360 S  11.3   0.7   1:32.76 async_slam_tool
 609086 jetson    20   0  577388  31744  16252 S  10.3   0.4   0:42.81 lifecycle_manag
 513131 jetson    20   0  708192  64296  27388 R   8.9   0.8   3:29.21 python3
 609055 jetson    20   0  709540  62092  27352 S   8.9   0.8   0:20.48 python3
 609061 jetson    20   0 1070624  71460  24604 S   8.9   0.9   0:39.09 planner_server
 609063 jetson    20   0  516308  35412  21032 S   6.9   0.5   0:29.98 behavior_server
 609077 jetson    20   0  428704  29676  15956 S   6.4   0.4   0:21.78 velocity_smooth
 609059 jetson    20   0  664652  35124  19412 S   5.9   0.5   0:25.39 smoother_server
 609067 jetson    20   0  431292  29316  17020 S   5.9   0.4   0:21.62 waypoint_follow
  13320 root      20   0 1300496  44944  11392 S   5.4   0.6  30:12.91 micro_ros_agent
 513127 jetson    20   0  710792  65280  27232 S   3.9   0.8   2:02.30 python3
    828 message+  20   0   10496   5632   3584 S   3.0   0.1   0:42.62 dbus-daemon
    829 root      20   0  264864  18900  14872 S   3.0   0.2   0:38.87 NetworkManager
      1 root      20   0  167628  11768   7448 S   2.0   0.2   0:29.49 systemd
 626969 jetson    20   0   14340   3376   2764 R   1.5   0.0   0:00.30 top
    340 root      20   0   23544   6732   4608 S   1.0   0.1   1:30.11 systemd-udevd
    904 root      rt   0       0      0      0 S   1.0   0.0   1:47.55 sugov:0
    909 root      rt   0       0      0      0 S   1.0   0.0   0:50.36 sugov:4
 591089 root       0 -20       0      0      0 I   1.0   0.0   0:02.98 kworker/u13:1-uvcvideo
     35 root      20   0       0      0      0 S   0.5   0.0   0:01.12 ksoftirqd/4
     40 root      20   0       0      0      0 S   0.5   0.0   0:01.17 ksoftirqd/5
    256 root      19  -1   76560  38072  36444 S   0.5   0.5   0:29.10 systemd-journal
    865 root      20   0 2145956  51792  25768 S   0.5   0.7   0:36.78 snapd
    871 root      20   0   48968   7620   6296 S   0.5   0.1   0:03.63 systemd-logind
   2071 gdm       20   0 3471500 137208  73260 S   0.5   1.8   0:47.14 gnome-shell
 513250 root      20   0   21760   4428   2868 S   0.5   0.1   0:06.02 systemd-udevd
 562560 root      20   0       0      0      0 I   0.5   0.0   0:01.79 kworker/u12:1-events_freezable_power_
 582730 root      20   0       0      0      0 I   0.5   0.0   0:01.33 kworker/u12:2-events_freezable_power_
 609021 jetson    20   0  796964  40120  13228 S   0.5   0.5   0:01.35 ros2
 622272 root      20   0       0      0      0 I   0.5   0.0   0:00.01 kworker/u12:7-events_unbound
      2 root      20   0       0      0      0 S   0.0   0.0   0:00.03 kthreadd
      3 root       0 -20       0      0      0 I   0.0   0.0   0:00.00 rcu_gp
      4 root       0 -20       0      0      0 I   0.0   0.0   0:00.00 rcu_par_gp
      5 root       0 -20       0      0      0 I   0.0   0.0   0:00.00 slub_flushwq
      6 root       0 -20       0      0      0 I   0.0   0.0   0:00.00 netns
      8 root       0 -20       0      0      0 I   0.0   0.0   0:00.00 kworker/0:0H-events_highpri
     10 root       0 -20       0      0      0 I   0.0   0.0   0:00.00 mm_percpu_wq
     11 root      20   0       0      0      0 S   0.0   0.0   0:00.00 rcu_tasks_kthre
     12 root      20   0       0      0      0 S   0.0   0.0   0:00.00 rcu_tasks_rude_
     13 root      20   0       0      0      0 S   0.0   0.0   0:00.00 rcu_tasks_trace
     14 root      20   0       0      0      0 S   0.0   0.0   0:22.57 ksoftirqd/0
     15 root      20   0       0      0      0 I   0.0   0.0   0:09.96 rcu_preempt
     16 root      rt   0       0      0      0 S   0.0   0.0   0:00.02 migration/0
     17 root      20   0       0      0      0 S   0.0   0.0   0:00.00 cpuhp/0
     18 root      20   0       0      0      0 S   0.0   0.0   0:00.00 cpuhp/1
     19 root      rt   0       0      0      0 S   0.0   0.0   0:00.03 migration/1
     20 root      20   0       0      0      0 S   0.0   0.0   0:01.60 ksoftirqd/1
     22 root       0 -20       0      0      0 I   0.0   0.0   0:00.00 kworker/1:0H-events_highpri
     23 root      20   0       0      0      0 S   0.0   0.0   0:00.00 cpuhp/2
     24 root      rt   0       0      0      0 S   0.0   0.0   0:00.02 migration/2
     25 root      20   0       0      0      0 S   0.0   0.0   0:01.61 ksoftirqd/2
     27 root       0 -20       0      0      0 I   0.0   0.0   0:00.00 kworker/2:0H-events_highpri
     28 root      20   0       0      0      0 S   0.0   0.0   0:00.00 cpuhp/3
     29 root      rt   0       0      0      0 S   0.0   0.0   0:00.02 migration/3
     30 root      20   0       0      0      0 S   0.0   0.0   0:01.50 ksoftirqd/3
     32 root       0 -20       0      0      0 I   0.0   0.0   0:00.00 kworker/3:0H-events_highpri
     33 root      20   0       0      0      0 S   0.0   0.0   0:00.00 cpuhp/4
     34 root      rt   0       0      0      0 S   0.0   0.0   0:00.06 migration/4
     37 root       0 -20       0      0      0 I   0.0   0.0   0:00.00 kworker/4:0H-kblockd
     38 root      20   0       0      0      0 S   0.0   0.0   0:00.00 cpuhp/5
     39 root      rt   0       0      0      0 S   0.0   0.0   0:00.07 migration/5
     42 root       0 -20       0      0      0 I   0.0   0.0   0:00.00 kworker/5:0H-events_highpri
     43 root      20   0       0      0      0 S   0.0   0.0   0:00.01 kdevtmpfs
     44 root       0 -20       0      0      0 I   0.0   0.0   0:00.00 inet_frag_wq
     51 root      20   0       0      0      0 S   0.0   0.0   0:00.00 kauditd
     52 root      20   0       0      0      0 S   0.0   0.0   0:00.00 oom_reaper
     53 root       0 -20       0      0      0 I   0.0   0.0   0:00.00 writeback
     54 root      20   0       0      0      0 S   0.0   0.0   0:00.19 kcompactd0
     55 root      25   5       0      0      0 S   0.0   0.0   0:00.00 ksmd
     56 root      39  19       0      0      0 S   0.0   0.0   0:02.04 khugepaged
     67 root       0 -20       0      0      0 I   0.0   0.0   0:00.00 cryptd
     86 root       0 -20       0      0      0 I   0.0   0.0   0:00.00 kintegrityd
     87 root       0 -20       0      0      0 I   0.0   0.0   0:00.00 kblockd
     88 root       0 -20       0      0      0 I   0.0   0.0   0:00.00 blkcg_punt_bio
     89 root       0 -20       0      0      0 I   0.0   0.0   0:00.00 tpm_dev_wq
     90 root       0 -20       0      0      0 I   0.0   0.0   0:00.00 ata_sff
     91 root       0 -20       0      0      0 I   0.0   0.0   0:00.00 edac-poller
     92 root       0 -20       0      0      0 I   0.0   0.0   0:00.00 devfreq_wq
     93 root     -51   0       0      0      0 S   0.0   0.0   0:00.00 watchdogd
     96 root       0 -20       0      0      0 I   0.0   0.0   0:00.06 kworker/1:1H-kblockd
     97 root       0 -20       0      0      0 I   0.0   0.0   0:00.00 rpciod
     99 root       0 -20       0      0      0 I   0.0   0.0   0:00.00 xprtiod
    127 root      20   0       0      0      0 S   0.0   0.0   0:00.00 kswapd0
    128 root       0 -20       0      0      0 I   0.0   0.0   0:00.00 nfsiod
    132 root       0 -20       0      0      0 I   0.0   0.0   0:00.00 vfio-irqfd-clea
    133 root       0 -20       0      0      0 I   0.0   0.0   0:00.00 bch_btree_io
    134 root       0 -20       0      0      0 I   0.0   0.0   0:00.00 bcache
    135 root       0 -20       0      0      0 I   0.0   0.0   0:00.00 bch_journal
    136 root       0 -20       0      0      0 I   0.0   0.0   0:00.00 dm_bufio_cache
    139 root      20   0       0      0      0 I   0.0   0.0   0:01.86 kworker/2:3-mm_percpu_wq
    140 root      10 -10       0      0      0 S   0.0   0.0   0:00.00 krfcommd
    141 root      20   0       0      0      0 S   0.0   0.0   0:00.01 pr/tty0
    142 root      20   0       0      0      0 S   0.0   0.0   0:03.09 pr/ttyTCU0
    145 root     -51   0       0      0      0 S   0.0   0.0   0:00.00 irq/114-3160000
    147 root     -51   0       0      0      0 S   0.0   0.0   0:00.00 irq/115-3180000
    149 root     -51   0       0      0      0 S   0.0   0.0   0:00.00 irq/116-31b0000
    150 root     -51   0       0      0      0 S   0.0   0.0   0:00.03 irq/167-c240000
    151 root     -51   0       0      0      0 S   0.0   0.0   0:00.00 irq/168-c250000
    152 root     -51   0       0      0      0 S   0.0   0.0   0:00.00 irq/125-3610000
    153 root     -51   0       0      0      0 S   0.0   0.0   0:00.00 irq/122-3610000
    155 root       0 -20       0      0      0 I   0.0   0.0   0:00.00 sdhci
    156 root     -51   0       0      0      0 S   0.0   0.0   0:00.00 irq/120-mmc0
    157 root     -51   0       0      0      0 S   0.0   0.0   0:00.00 irq/230-3400000
    174 root       0 -20       0      0      0 I   0.0   0.0   0:00.06 kworker/3:1H-kblockd
    180 root     -51   0       0      0      0 S   0.0   0.0   0:00.00 irq/191-tegra-p
    181 root       0 -20       0      0      0 I   0.0   0.0   0:00.00 nvme-wq
    182 root       0 -20       0      0      0 I   0.0   0.0   0:00.00 nvme-reset-wq
    183 root       0 -20       0      0      0 I   0.0   0.0   0:00.00 nvme-delete-wq
    192 root     -51   0       0      0      0 S   0.0   0.0   0:00.00 irq/191-aerdrv
    193 root     -51   0       0      0      0 S   0.0   0.0   0:00.00 irq/193-tegra-p
    196 root     -51   0       0      0      0 S   0.0   0.0   0:00.00 irq/193-aerdrv
    197 root     -51   0       0      0      0 S   0.0   0.0   0:00.00 irq/195-tegra-p
    199 root     -51   0       0      0      0 S   0.0   0.0   0:00.00 irq/232-nvme0q0
    200 root     -51   0       0      0      0 S   0.0   0.0   0:00.37 irq/233-nvme0q1
    201 root     -51   0       0      0      0 S   0.0   0.0   0:00.40 irq/234-nvme0q2
    202 root     -51   0       0      0      0 S   0.0   0.0   0:00.53 irq/235-nvme0q3
    203 root     -51   0       0      0      0 S   0.0   0.0   0:00.65 irq/236-nvme0q4
    204 root     -51   0       0      0      0 S   0.0   0.0   0:00.16 irq/237-nvme0q5
    205 root     -51   0       0      0      0 S   0.0   0.0   0:00.12 irq/238-nvme0q6
    211 root       0 -20       0      0      0 I   0.0   0.0   0:00.06 kworker/4:1H-kblockd
    212 root      20   0       0      0      0 S   0.0   0.0   0:01.45 jbd2/nvme0n1p1-
    213 root       0 -20       0      0      0 I   0.0   0.0   0:00.00 ext4-rsv-conver
    222 root       0 -20       0      0      0 I   0.0   0.0   0:00.00 mld
    223 root       0 -20       0      0      0 I   0.0   0.0   0:00.04 kworker/0:1H-kblockd
    224 root       0 -20       0      0      0 I   0.0   0.0   0:00.00 ipv6_addrconf
    278 root       0 -20       0      0      0 I   0.0   0.0   0:00.08 kworker/2:1H-kblockd
    280 root      39  19       0      0      0 S   0.0   0.0   0:01.64 nvmap-bz
    281 root     -51   0       0      0      0 S   0.0   0.0   0:00.00 irq/188-host1x_
    285 root     -51   0       0      0      0 S   0.0   0.0   0:00.00 irq/197-gk20a_s
    286 root     -51   0       0      0      0 S   0.0   0.0   0:00.03 irq/198-gk20a_s
    287 root     -51   0       0      0      0 S   0.0   0.0   0:00.03 irq/199-gk20a_s
    288 root     -51   0       0      0      0 S   0.0   0.0   0:00.00 irq/200-gk20a_n
    291 root       0 -20       0      0      0 I   0.0   0.0   0:00.06 kworker/5:1H-kblockd
    295 root      20   0   11116   3460   3204 S   0.0   0.0   0:00.00 nv-tee-supplica
    299 root      20   0   76588   1360   1248 S   0.0   0.0   0:00.01 tee-supplicant
    301 root       0 -20       0      0      0 I   0.0   0.0   0:00.00 optee_bus_scan
    303 root     -51   0       0      0      0 S   0.0   0.0   0:00.00 irq/189-tegra-p
    312 root      20   0   23732   6316   4080 S   0.0   0.1   0:26.86 systemd-udevd
    313 root     -51   0       0      0      0 S   0.0   0.0   0:00.00 irq/189-aerdrv
    314 root      20   0   23216   5820   3992 S   0.0   0.1   0:00.40 systemd-udevd
    315 root      20   0   23216   5020   3248 S   0.0   0.1   0:00.15 systemd-udevd
    316 root      20   0   23268   6252   4316 S   0.0   0.1   0:00.16 systemd-udevd
    317 root      20   0   23220   4364   2600 S   0.0   0.1   0:00.11 systemd-udevd
    318 root      20   0   23216   4480   2672 S   0.0   0.1   0:00.12 systemd-udevd
    319 root      20   0   23212   5820   3980 S   0.0   0.1   0:00.29 systemd-udevd
    320 root      20   0   23264   4688   2764 S   0.0   0.1   0:00.13 systemd-udevd
    321 root      20   0   23268   5072   3136 S   0.0   0.1   0:00.18 systemd-udevd
    322 root      20   0   23524   5520   3456 S   0.0   0.1   0:00.27 systemd-udevd
    323 root      20   0   23216   6296   4444 S   0.0   0.1   0:00.41 systemd-udevd
    324 root      20   0   23220   5196   3388 S   0.0   0.1   0:00.16 systemd-udevd
    325 root      20   0   23220   5820   3976 S   0.0   0.1   0:00.40 systemd-udevd
    326 root      20   0   23220   5252   3388 S   0.0   0.1   0:00.42 systemd-udevd
    327 root      20   0   23220   5504   3684 S   0.0   0.1   0:00.18 systemd-udevd
    330 root      20   0   23512   5728   3684 S   0.0   0.1   0:00.14 systemd-udevd
    331 root      20   0   24292   5540   2676 S   0.0   0.1   0:00.16 systemd-udevd
    333 root      20   0   23524   5596   3532 S   0.0   0.1   0:00.27 systemd-udevd
    334 root      20   0   23220   5584   3740 S   0.0   0.1   0:00.27 systemd-udevd
    335 root      20   0   23220   4504   2708 S   0.0   0.1   0:00.11 systemd-udevd
    336 root      20   0   23220   4696   2892 S   0.0   0.1   0:00.14 systemd-udevd
    337 root      20   0   23524   5056   2992 S   0.0   0.1   0:00.16 systemd-udevd
    339 root      20   0   23220   4980   3148 S   0.0   0.1   0:00.17 systemd-udevd
    341 root      20   0   23276   5328   3384 S   0.0   0.1   0:00.13 systemd-udevd
    342 root      20   0   23280   5176   3228 S   0.0   0.1   0:00.13 systemd-udevd
    343 root      20   0   23220   5988   4152 S   0.0   0.1   0:00.32 systemd-udevd
    344 root      20   0   23560   6700   4596 S   0.0   0.1   0:00.55 systemd-udevd
    345 root      20   0       0      0      0 S   0.0   0.0   0:00.00 15820000.crypto
    346 root      20   0       0      0      0 S   0.0   0.0   0:00.00 15840000.crypto
    368 root      20   0   23324   5984   4116 S   0.0   0.1   0:00.45 systemd-udevd
    417 root     -51   0       0      0      0 S   0.0   0.0   0:00.00 irq/219-bc00000
    419 root      -2   0       0      0      0 S   0.0   0.0   0:00.00 capture-control
    420 root      -2   0       0      0      0 S   0.0   0.0   0:00.00 capture
    422 root     -51   0       0      0      0 S   0.0   0.0   0:00.00 irq/214-tegra_d
    423 root     -51   0       0      0      0 S   0.0   0.0   0:00.00 irq/215-tegra_d
    424 root       0 -20       0      0      0 I   0.0   0.0   0:00.00 dce-async-ipc-w
    425 root     -51   0       0      0      0 S   0.0   0.0   0:00.00 irq/240-nvvrs-p
    427 root      20   0       0      0      0 S   0.0   0.0   0:00.00 nv_queue
    428 root      20   0       0      0      0 S   0.0   0.0   0:00.00 nv_queue
    483 root     -51   0       0      0      0 S   0.0   0.0   0:00.00 irq/118-3210000
    487 root      20   0       0      0      0 S   0.0   0.0   0:00.00 spi0
    495 root       0 -20       0      0      0 I   0.0   0.0   0:00.00 cfg80211
    497 root     -51   0       0      0      0 S   0.0   0.0   0:00.00 irq/119-3230000
    498 root      20   0       0      0      0 S   0.0   0.0   0:00.00 spi1
    584 root       0 -20       0      0      0 I   0.0   0.0   0:00.00 btfwwork
    650 root      20   0    8236   6424   1432 S   0.0   0.1   0:00.72 haveged
    653 _rpc      20   0    7932   2264   1912 S   0.0   0.0   0:00.03 rpcbind
    659 systemd+  20   0   26320  13580   8496 S   0.0   0.2   0:00.53 systemd-resolve
    662 systemd+  20   0   88880   6332   5484 S   0.0   0.1   0:00.15 systemd-timesyn
    826 avahi     20   0    8084   3108   2752 S   0.0   0.0   0:00.66 avahi-daemon
    827 root      20   0    9888   4552   4112 S   0.0   0.1   0:00.07 bluetoothd
    838 root      20   0   43504  19780  10232 S   0.0   0.3   0:00.15 networkd-dispat
    849 root      20   0  241652   9056   6312 S   0.0   0.1   0:00.60 power-profiles-
    854 syslog    20   0  222160   5012   3672 S   0.0   0.1   0:05.52 rsyslogd
    859 root      20   0    2240    796    720 S   0.0   0.0   0:00.00 seatd
    867 root      20   0  242124   7452   6576 S   0.0   0.1   0:02.13 accounts-daemon
    869 root      20   0  238128   6232   5620 S   0.0   0.1   0:00.04 switcheroo-cont
    874 root      20   0  394188  13988   9476 S   0.0   0.2   0:01.04 udisksd
    875 root      20   0   16632   9928   8148 S   0.0   0.1   0:01.31 wpa_supplicant
    882 avahi     20   0    7812    356      0 S   0.0   0.0   0:00.00 avahi-daemon
    921 root      30  10   11248   3612   3220 S   0.0   0.0   0:08.48 wifi_mon.sh
    983 root      20   0    2460   1556   1380 S   0.0   0.0   0:08.23 nvfancontrol
   1049 root      20   0       0      0      0 S   0.0   0.0   0:00.00 sw-quiesce
   1052 root      20   0       0      0      0 S   0.0   0.0   0:20.94 nvgpu_channel_p
   1068 root      20   0       0      0      0 S   0.0   0.0   0:00.00 nvgpu_pg_init_g
   1087 root      20   0       0      0      0 S   0.0   0.0   0:00.00 nvgpu_clk_arb_p
   1117 root      20   0       0      0      0 S   0.0   0.0   0:07.69 RTW_CMD_THREAD
   1157 root      20   0   75936   9960   8136 S   0.0   0.1   0:00.01 nvargus-daemon
   1158 root      20   0   11116   3520   3220 S   0.0   0.0   0:00.08 nvmemwarning.sh
   1171 root      20   0   22192   1776   1580 S   0.0   0.0   0:00.00 nvs-service
   1181 ollama    20   0 2006720  39588  20072 S   0.0   0.5   0:01.07 ollama
   1195 root      20   0    2336   1408   1292 S   0.0   0.0   0:01.96 run-cups-browse
   1201 root      20   0    2336   1424   1296 S   0.0   0.0   0:02.02 run-cupsd
   1204 root      20   0       0      0      0 S   0.0   0.0   0:00.00 pr/ramoops-1
   1212 root      20   0 2093336  75924  33916 S   0.0   1.0   0:38.55 containerd
   1239 root      20   0   10772   2824   2576 S   0.0   0.0   0:00.06 cron
   1259 root      20   0  243128   8056   7012 S   0.0   0.1   0:00.02 gdm3
   1263 kernoops  20   0   12812    452      0 S   0.0   0.0   0:00.02 kerneloops
   1290 root      20   0    9468    800    724 S   0.0   0.0   0:00.00 agetty
   1291 kernoops  20   0   12812    452      0 S   0.0   0.0   0:00.02 kerneloops
   1293 root      20   0    9468    804    724 S   0.0   0.0   0:00.00 agetty
   1330 root      20   0  173408   8804   7628 S   0.0   0.1   0:00.02 gdm-session-wor
   1417 root      20   0       0      0      0 S   0.0   0.0   0:00.00 file-storage
   1426 root      20   0   15272   8368   6788 S   0.0   0.1   0:00.73 sshd
   1474 gdm       20   0   18120   9728   7360 S   0.0   0.1   0:00.46 systemd
   1478 root      20   0    3076    992    880 S   0.0   0.0   0:00.00 nvphsd
   1483 root      20   0    3208   1476   1316 S   0.0   0.0   0:00.00 nvphsd
   1497 gdm       20   0  106692   4552      0 S   0.0   0.1   0:00.00 (sd-pam)
   1588 root      20   0 2353004 116452  56964 S   0.0   1.5   0:27.81 dockerd
   1688 gdm        9 -11   41972   6472   5156 S   0.0   0.1   0:00.07 pipewire
   1689 gdm       20   0   25476   6428   5104 S   0.0   0.1   0:01.69 pipewire-media-
   1690 gdm        9 -11  891840  20748  12584 S   0.0   0.3   0:00.94 pulseaudio
   1695 gdm       20   0  163948   5472   4964 S   0.0   0.1   0:00.00 gdm-x-session
   1697 root      20   0   24.2g  80528  35884 S   0.0   1.0   0:02.02 Xorg
   1698 rtkit     21   1  153504   1588   1380 S   0.0   0.0   0:00.31 rtkit-daemon
   1729 gdm       20   0    8840   3600   3212 S   0.0   0.0   0:00.02 dbus-daemon
   1748 root      20   0       0      0      0 S   0.0   0.0   0:00.00 nvidia-modeset/
   1749 root      20   0       0      0      0 S   0.0   0.0   0:00.00 nvidia-modeset/
   1752 root      20   0       0      0      0 S   0.0   0.0   0:00.00 nvidia
   1753 root      20   0       0      0      0 S   0.0   0.0   0:00.00 nv_queue
   1790 root      20   0       0      0      0 S   0.0   0.0   0:00.00 nvidia-drm-nv-t
   1791 root     -51   0       0      0      0 S   0.0   0.0   0:00.00 card1-crtc0
   1792 root     -51   0       0      0      0 S   0.0   0.0   0:00.00 card1-crtc1
   1980 gdm       20   0    5876   1552   1344 S   0.0   0.0   0:00.00 dbus-run-sessio
   1983 gdm       20   0    9108   4440   3588 S   0.0   0.1   0:00.13 dbus-daemon
   2035 gdm       20   0  597840  17824  12972 S   0.0   0.2   0:01.00 gnome-session-b
   2057 gdm       20   0  310068   8976   6272 S   0.0   0.1   0:00.00 at-spi-bus-laun
   2062 gdm       20   0    8692   3556   3168 S   0.0   0.0   0:00.00 dbus-daemon
   2092 gdm       20   0  237676   4964   4528 S   0.0   0.1   0:00.00 xdg-permission-
   2099 root      20   0  243852  10136   6984 S   0.0   0.1   0:00.47 upowerd
   2106 root      20   0  301608  19332  16408 S   0.0   0.2   0:01.56 packagekitd
   2110 gdm       20   0 2812288  25716  20860 S   0.0   0.3   0:00.08 gjs
   2113 gdm       20   0  163144   7196   6428 S   0.0   0.1   0:00.02 at-spi2-registr
   2141 gdm       20   0  468748   9856   7940 S   0.0   0.1   0:01.97 gsd-sharing
   2146 gdm       20   0  338880  14892  12620 S   0.0   0.2   0:00.06 gsd-wacom
   2148 gdm       20   0  451616  18896  16480 S   0.0   0.2   0:00.22 gsd-color
   2150 gdm       20   0  412392  17092  13292 S   0.0   0.2   0:00.04 gsd-keyboard
   2152 gdm       20   0  316864  13188   6244 S   0.0   0.2   0:00.10 ibus-daemon
   2156 gdm       20   0  326124   9848   8488 S   0.0   0.1   0:00.02 gsd-print-notif
   2166 gdm       20   0  242216   6512   5848 S   0.0   0.1   0:00.01 gvfsd
   2168 gdm       20   0  459796   6140   5436 S   0.0   0.1   0:00.58 gsd-rfkill
   2170 gdm       20   0  388312   7432   6528 S   0.0   0.1   0:00.01 gsd-smartcard
   2173 gdm       20   0  380556  16508  12504 S   0.0   0.2   0:00.03 gsd-datetime
   2183 gdm       20   0  864216  20108  17428 S   0.0   0.3   0:00.52 gsd-media-keys
   2184 gdm       20   0  237936   4760   4376 S   0.0   0.1   0:00.01 gsd-screensaver
   2185 gdm       20   0  322096  10392   7320 S   0.0   0.1   0:00.02 gsd-sound
   2186 gdm       20   0  312416   8104   5476 S   0.0   0.1   0:00.01 gsd-a11y-settin
   2193 gdm       20   0  313996   8944   6152 S   0.0   0.1   0:00.97 gsd-housekeepin
   2195 gdm       20   0  450004  20288  15904 S   0.0   0.3   0:00.52 gsd-power
   2218 gdm       20   0  347052  12608  10748 S   0.0   0.2   0:00.03 gsd-printer
   2221 gdm       20   0  239040   6576   5948 S   0.0   0.1   0:00.00 ibus-dconf
   2233 gdm       20   0  238936   5920   5488 S   0.0   0.1   0:00.00 ibus-portal
   2263 colord    20   0  247516  14492   8720 S   0.0   0.2   0:00.27 colord
   2285 gdm       20   0 2812300  27868  20904 S   0.0   0.4   0:00.09 gjs
   2349 gdm       20   0  165096   6516   5892 S   0.0   0.1   0:00.01 ibus-engine-sim
   2508 root      20   0  136716  13172   9512 S   0.0   0.2   0:00.70 cupsd
   2522 root      20   0  260792  17940  13508 S   0.0   0.2   0:01.60 cups-browsed
  11687 jetson    20   0   18140   9764   7368 S   0.0   0.1   0:00.37 systemd
  11688 jetson    20   0  172512   4632      0 S   0.0   0.1   0:00.00 (sd-pam)
  11696 jetson    20   0   41976   6552   5228 S   0.0   0.1   0:00.06 pipewire
  11697 jetson    20   0   25484   6724   5388 S   0.0   0.1   0:01.86 pipewire-media-
  11749 jetson    20   0    8888   4168   3672 S   0.0   0.1   0:00.03 dbus-daemon
  11931 jetson    20   0  707268  63144  26432 S   0.0   0.8   2:16.43 python3
  13234 jetson    20   0  203640  35476  13212 S   0.0   0.5   0:00.75 ros2
  13236 jetson    20   0 2070472  36080  17228 S   0.0   0.5   0:00.90 docker
  13238 jetson    20   0  428524  31584  15828 S   0.0   0.4   2:22.09 robot_state_pub
  13265 root      20   0 1232976  11076   5960 S   0.0   0.1   0:02.39 containerd-shim
  13294 root      20   0   49400  29204  14412 S   0.0   0.4   0:00.40 ros2
  90870 root      20   0       0      0      0 I   0.0   0.0   0:23.05 kworker/u12:11-events_unbound
 100141 root      20   0       0      0      0 I   0.0   0.0   0:22.80 kworker/u12:6-events_unbound
 284193 root      20   0       0      0      0 I   0.0   0.0   0:13.23 kworker/u12:3-events_freezable_power_
 407770 root      20   0       0      0      0 I   0.0   0.0   0:09.23 kworker/u12:9-events_unbound
 417230 root      20   0       0      0      0 I   0.0   0.0   0:07.55 kworker/u12:0-events_unbound
 418183 root       0 -20       0      0      0 I   0.0   0.0   0:13.11 kworker/u13:0-uvcvideo
 437586 root      20   0       0      0      0 I   0.0   0.0   0:06.20 kworker/u12:4-events_unbound
 465092 root      20   0  238836   6948   5700 S   0.0   0.1   0:01.13 iio-sensor-prox
 481530 root       0 -20       0      0      0 I   0.0   0.0   0:07.90 kworker/u13:3-uvcvideo
 494770 root      20   0 1233488  12764   6732 S   0.0   0.2   0:09.01 containerd-shim
 494799 jetson    20   0    5508    792    704 S   0.0   0.0   0:00.21 sleep
 494866 root      20   0   21760   5464   3940 S   0.0   0.1   0:03.61 systemd-udevd
 494879 root      20   0   21756   3352   1840 S   0.0   0.0   0:01.00 systemd-udevd
 509136 root      20   0       0      0      0 I   0.0   0.0   0:03.72 kworker/u12:5-events_unbound
 512501 root      20   0       0      0      0 I   0.0   0.0   0:00.21 kworker/4:0-events
 513123 jetson    20   0  572504  38640  13228 S   0.0   0.5   0:01.15 ros2
 513133 jetson    20   0 1082972  60484  26368 S   0.0   0.8   1:15.10 foxglove_bridge
 513219 root      20   0   21752   3192   1712 S   0.0   0.0   0:00.00 systemd-udevd
 513220 root      20   0   21760   3352   1840 S   0.0   0.0   0:00.00 systemd-udevd
 513233 root      20   0   21760   3356   1840 S   0.0   0.0   0:00.00 systemd-udevd
 513234 root      20   0   21760   3356   1840 S   0.0   0.0   0:00.00 systemd-udevd
 513235 root      20   0   21760   3336   1840 S   0.0   0.0   0:00.00 systemd-udevd
 513236 root      20   0   21760   3352   1840 S   0.0   0.0   0:00.00 systemd-udevd
 513237 root      20   0   21760   3336   1840 S   0.0   0.0   0:00.00 systemd-udevd
 513251 root      20   0   21760   3840   2288 S   0.0   0.0   0:00.00 systemd-udevd
 513265 root      20   0   21760   4056   2496 S   0.0   0.1   0:00.00 systemd-udevd
 513266 root      20   0   21760   3244   1712 S   0.0   0.0   0:00.00 systemd-udevd
 513437 jetson    20   0  129772  36180  13228 S   0.0   0.5   0:00.78 ros2
 536340 root      20   0       0      0      0 I   0.0   0.0   0:00.15 kworker/1:1-cgroup_destroy
 536745 root       0 -20       0      0      0 I   0.0   0.0   0:05.51 kworker/u13:4-uvcvideo
 538507 root      20   0       0      0      0 I   0.0   0.0   0:00.18 kworker/0:0-events
 550304 root      20   0       0      0      0 I   0.0   0.0   0:00.30 kworker/5:0-events
 568778 root      20   0       0      0      0 I   0.0   0.0   0:00.00 kworker/2:0-cgroup_destroy
 576600 root      20   0       0      0      0 I   0.0   0.0   0:00.18 kworker/3:0-events
 576729 root      20   0       0      0      0 I   0.0   0.0   0:00.08 kworker/5:1-mm_percpu_wq
 576909 root      20   0       0      0      0 I   0.0   0.0   0:00.03 kworker/4:1-mm_percpu_wq
 589172 root      20   0       0      0      0 I   0.0   0.0   0:00.74 kworker/u12:10-events_freezable_power_
 590592 root      20   0       0      0      0 I   0.0   0.0   0:00.00 kworker/0:2-cgroup_destroy
 602672 root      20   0       0      0      0 I   0.0   0.0   0:00.08 kworker/1:3-mm_percpu_wq
 608435 root      20   0       0      0      0 I   0.0   0.0   0:00.00 kworker/3:2-events
 608538 root      20   0       0      0      0 I   0.0   0.0   0:00.00 kworker/2:2-events
 609103 jetson    20   0   11248   3076   2756 S   0.0   0.0   0:00.26 bash
 609212 root      20   0       0      0      0 I   0.0   0.0   0:00.04 kworker/0:1-events
 609220 jetson    20   0   53568  30340  15008 S   0.0   0.4   0:00.41 ros2
 613727 root      20   0    9436    780    704 S   0.0   0.0   0:00.00 sleep
 615420 root      20   0       0      0      0 I   0.0   0.0   0:00.01 kworker/4:2-events
 617319 root      20   0       0      0      0 I   0.0   0.0   0:00.00 kworker/0:3-cgroup_destroy
 621315 root      20   0       0      0      0 I   0.0   0.0   0:00.00 kworker/1:0-events
 621531 root      20   0       0      0      0 I   0.0   0.0   0:00.00 kworker/5:2-events
 623951 jetson    20   0   11248   3292   2852 S   0.0   0.0   0:00.03 bash
 626884 jetson    20   0   11248   3292   2860 S   0.0   0.0   0:00.01 bash
 626970 jetson    20   0    2872    896    800 S   0.0   0.0   0:00.06 tegrastats
 627202 jetson    20   0    9480    808    724 S   0.0   0.0   0:00.00 tail
 628397 root      30  10   11248   1712   1320 S   0.0   0.0   0:00.00 wifi_mon.sh
 628398 root      30  10   11248   1776   1384 S   0.0   0.0   0:00.00 wifi_mon.sh
 628399 root      30  10    9444    792    712 S   0.0   0.0   0:00.00 timeout
 628400 root      30  10    2768   1088    960 S   0.0   0.0   0:00.00 iw
 628621 jetson    20   0    9444    776    692 S   0.0   0.0   0:00.00 sleep

top - 15:56:11 up  6:19,  0 users,  load average: 9.22, 8.42, 6.84
Tasks: 354 total,   2 running, 352 sleeping,   0 stopped,   0 zombie
%Cpu(s): 41.2 us,  8.4 sy,  0.0 ni, 45.9 id,  0.0 wa,  2.5 hi,  2.0 si,  0.0 st
MiB Mem :   7607.4 total,   2337.6 free,   2227.0 used,   3042.8 buff/cache
MiB Swap:   3803.7 total,   3803.7 free,      0.0 used.   5063.4 avail Mem 

    PID USER      PR  NI    VIRT    RES    SHR S  %CPU  %MEM     TIME+ COMMAND
 627201 jetson    20   0  754524  72612  29564 R  45.1   0.9   0:10.40 python3
 513359 jetson    20   0  709132  64972  27276 S  35.8   0.8  14:18.58 python3
 609057 jetson    20   0  962968  50024  23524 S  31.9   0.6   0:45.04 controller_serv
 626968 jetson    20   0  764024  55912  25372 S  23.0   0.7   0:06.83 ros2
 609244 jetson    20   0 9351828 401688  84124 S  16.7   5.2   1:01.40 nvblox_node
 609065 jetson    20   0  530908  46344  26216 S  15.7   0.6   0:38.30 bt_navigator
 513129 jetson    20   0  432964  27132  14244 S  15.2   0.3   6:32.10 rplidar_node
 513125 jetson    20   0 1750824 109580  51324 S  13.7   1.4   5:35.52 realsense2_came
 513439 jetson    20   0 1061928  52708  24360 S  11.3   0.7   1:32.99 async_slam_tool
 609086 jetson    20   0  577388  31744  16252 S  10.8   0.4   0:43.03 lifecycle_manag
 513361 jetson    20   0  506336  34940  18388 S  10.3   0.4   4:33.79 ekf_node
 609055 jetson    20   0  709540  62092  27352 S   9.8   0.8   0:20.68 python3
 513131 jetson    20   0  708192  64296  27388 S   9.3   0.8   3:29.40 python3
 609061 jetson    20   0 1070624  71804  24604 S   9.3   0.9   0:39.28 planner_server
 609063 jetson    20   0  516308  35412  21032 S   7.8   0.5   0:30.14 behavior_server
 609059 jetson    20   0  664644  35128  19412 S   6.4   0.5   0:25.52 smoother_server
 609067 jetson    20   0  431292  29316  17020 S   5.9   0.4   0:21.74 waypoint_follow
 609077 jetson    20   0  428704  29676  15956 S   5.9   0.4   0:21.90 velocity_smooth
  13320 root      20   0 1300496  44944  11392 S   3.9   0.6  30:12.99 micro_ros_agent
 513127 jetson    20   0  710792  65280  27232 S   3.4   0.8   2:02.37 python3
    904 root      rt   0       0      0      0 S   1.5   0.0   1:47.58 sugov:0
    909 root      rt   0       0      0      0 S   1.0   0.0   0:50.38 sugov:4
   1588 root      20   0 2353004 116452  56964 S   1.0   1.5   0:27.83 dockerd
 509136 root      20   0       0      0      0 I   1.0   0.0   0:03.74 kworker/u12:5-events_unbound
 591089 root       0 -20       0      0      0 I   1.0   0.0   0:03.00 kworker/u13:1-uvcvideo
 626969 jetson    20   0   14340   3376   2764 R   1.0   0.0   0:00.32 top
   1052 root      20   0       0      0      0 S   0.5   0.0   0:20.95 nvgpu_channel_p
   1212 root      20   0 2093336  75924  33916 S   0.5   1.0   0:38.56 containerd
 284193 root      20   0       0      0      0 I   0.5   0.0   0:13.24 kworker/u12:3-events_unbound
 437586 root      20   0       0      0      0 I   0.5   0.0   0:06.21 kworker/u12:4-events_freezable_power_
 494770 root      20   0 1233488  12764   6732 S   0.5   0.2   0:09.02 containerd-shim
 609021 jetson    20   0  796964  40120  13228 S   0.5   0.5   0:01.36 ros2
 626970 jetson    20   0    2872    896    800 S   0.5   0.0   0:00.07 tegrastats
      1 root      20   0  167628  11768   7448 S   0.0   0.2   0:29.49 systemd
      2 root      20   0       0      0      0 S   0.0   0.0   0:00.03 kthreadd
      3 root       0 -20       0      0      0 I   0.0   0.0   0:00.00 rcu_gp
      4 root       0 -20       0      0      0 I   0.0   0.0   0:00.00 rcu_par_gp
      5 root       0 -20       0      0      0 I   0.0   0.0   0:00.00 slub_flushwq
      6 root       0 -20       0      0      0 I   0.0   0.0   0:00.00 netns
      8 root       0 -20       0      0      0 I   0.0   0.0   0:00.00 kworker/0:0H-events_highpri
     10 root       0 -20       0      0      0 I   0.0   0.0   0:00.00 mm_percpu_wq
     11 root      20   0       0      0      0 S   0.0   0.0   0:00.00 rcu_tasks_kthre
     12 root      20   0       0      0      0 S   0.0   0.0   0:00.00 rcu_tasks_rude_
     13 root      20   0       0      0      0 S   0.0   0.0   0:00.00 rcu_tasks_trace
     14 root      20   0       0      0      0 S   0.0   0.0   0:22.57 ksoftirqd/0
     15 root      20   0       0      0      0 I   0.0   0.0   0:09.96 rcu_preempt
     16 root      rt   0       0      0      0 S   0.0   0.0   0:00.02 migration/0
     17 root      20   0       0      0      0 S   0.0   0.0   0:00.00 cpuhp/0
     18 root      20   0       0      0      0 S   0.0   0.0   0:00.00 cpuhp/1
     19 root      rt   0       0      0      0 S   0.0   0.0   0:00.03 migration/1
     20 root      20   0       0      0      0 S   0.0   0.0   0:01.60 ksoftirqd/1
     22 root       0 -20       0      0      0 I   0.0   0.0   0:00.00 kworker/1:0H-events_highpri
     23 root      20   0       0      0      0 S   0.0   0.0   0:00.00 cpuhp/2
     24 root      rt   0       0      0      0 S   0.0   0.0   0:00.02 migration/2
     25 root      20   0       0      0      0 S   0.0   0.0   0:01.61 ksoftirqd/2
     27 root       0 -20       0      0      0 I   0.0   0.0   0:00.00 kworker/2:0H-events_highpri
     28 root      20   0       0      0      0 S   0.0   0.0   0:00.00 cpuhp/3
     29 root      rt   0       0      0      0 S   0.0   0.0   0:00.02 migration/3
     30 root      20   0       0      0      0 S   0.0   0.0   0:01.50 ksoftirqd/3
     32 root       0 -20       0      0      0 I   0.0   0.0   0:00.00 kworker/3:0H-events_highpri
     33 root      20   0       0      0      0 S   0.0   0.0   0:00.00 cpuhp/4
     34 root      rt   0       0      0      0 S   0.0   0.0   0:00.06 migration/4
     35 root      20   0       0      0      0 S   0.0   0.0   0:01.12 ksoftirqd/4
     37 root       0 -20       0      0      0 I   0.0   0.0   0:00.00 kworker/4:0H-kblockd
     38 root      20   0       0      0      0 S   0.0   0.0   0:00.00 cpuhp/5
     39 root      rt   0       0      0      0 S   0.0   0.0   0:00.07 migration/5
     40 root      20   0       0      0      0 S   0.0   0.0   0:01.17 ksoftirqd/5
     42 root       0 -20       0      0      0 I   0.0   0.0   0:00.00 kworker/5:0H-events_highpri
     43 root      20   0       0      0      0 S   0.0   0.0   0:00.01 kdevtmpfs
     44 root       0 -20       0      0      0 I   0.0   0.0   0:00.00 inet_frag_wq
     51 root      20   0       0      0      0 S   0.0   0.0   0:00.00 kauditd
     52 root      20   0       0      0      0 S   0.0   0.0   0:00.00 oom_reaper
     53 root       0 -20       0      0      0 I   0.0   0.0   0:00.00 writeback
     54 root      20   0       0      0      0 S   0.0   0.0   0:00.19 kcompactd0
     55 root      25   5       0      0      0 S   0.0   0.0   0:00.00 ksmd
     56 root      39  19       0      0      0 S   0.0   0.0   0:02.04 khugepaged
     67 root       0 -20       0      0      0 I   0.0   0.0   0:00.00 cryptd
     86 root       0 -20       0      0      0 I   0.0   0.0   0:00.00 kintegrityd
     87 root       0 -20       0      0      0 I   0.0   0.0   0:00.00 kblockd
     88 root       0 -20       0      0      0 I   0.0   0.0   0:00.00 blkcg_punt_bio
     89 root       0 -20       0      0      0 I   0.0   0.0   0:00.00 tpm_dev_wq
     90 root       0 -20       0      0      0 I   0.0   0.0   0:00.00 ata_sff
     91 root       0 -20       0      0      0 I   0.0   0.0   0:00.00 edac-poller
     92 root       0 -20       0      0      0 I   0.0   0.0   0:00.00 devfreq_wq
     93 root     -51   0       0      0      0 S   0.0   0.0   0:00.00 watchdogd
     96 root       0 -20       0      0      0 I   0.0   0.0   0:00.06 kworker/1:1H-kblockd
     97 root       0 -20       0      0      0 I   0.0   0.0   0:00.00 rpciod
     99 root       0 -20       0      0      0 I   0.0   0.0   0:00.00 xprtiod
    127 root      20   0       0      0      0 S   0.0   0.0   0:00.00 kswapd0
    128 root       0 -20       0      0      0 I   0.0   0.0   0:00.00 nfsiod
    132 root       0 -20       0      0      0 I   0.0   0.0   0:00.00 vfio-irqfd-clea
    133 root       0 -20       0      0      0 I   0.0   0.0   0:00.00 bch_btree_io
    134 root       0 -20       0      0      0 I   0.0   0.0   0:00.00 bcache
    135 root       0 -20       0      0      0 I   0.0   0.0   0:00.00 bch_journal
    136 root       0 -20       0      0      0 I   0.0   0.0   0:00.00 dm_bufio_cache
    139 root      20   0       0      0      0 I   0.0   0.0   0:01.86 kworker/2:3-events
    140 root      10 -10       0      0      0 S   0.0   0.0   0:00.00 krfcommd
    141 root      20   0       0      0      0 S   0.0   0.0   0:00.01 pr/tty0
    142 root      20   0       0      0      0 S   0.0   0.0   0:03.09 pr/ttyTCU0
    145 root     -51   0       0      0      0 S   0.0   0.0   0:00.00 irq/114-3160000
    147 root     -51   0       0      0      0 S   0.0   0.0   0:00.00 irq/115-3180000
    149 root     -51   0       0      0      0 S   0.0   0.0   0:00.00 irq/116-31b0000
    150 root     -51   0       0      0      0 S   0.0   0.0   0:00.03 irq/167-c240000
    151 root     -51   0       0      0      0 S   0.0   0.0   0:00.00 irq/168-c250000
    152 root     -51   0       0      0      0 S   0.0   0.0   0:00.00 irq/125-3610000
    153 root     -51   0       0      0      0 S   0.0   0.0   0:00.00 irq/122-3610000
    155 root       0 -20       0      0      0 I   0.0   0.0   0:00.00 sdhci
    156 root     -51   0       0      0      0 S   0.0   0.0   0:00.00 irq/120-mmc0
    157 root     -51   0       0      0      0 S   0.0   0.0   0:00.00 irq/230-3400000
    174 root       0 -20       0      0      0 I   0.0   0.0   0:00.06 kworker/3:1H-kblockd
    180 root     -51   0       0      0      0 S   0.0   0.0   0:00.00 irq/191-tegra-p
    181 root       0 -20       0      0      0 I   0.0   0.0   0:00.00 nvme-wq
    182 root       0 -20       0      0      0 I   0.0   0.0   0:00.00 nvme-reset-wq
    183 root       0 -20       0      0      0 I   0.0   0.0   0:00.00 nvme-delete-wq
    192 root     -51   0       0      0      0 S   0.0   0.0   0:00.00 irq/191-aerdrv
    193 root     -51   0       0      0      0 S   0.0   0.0   0:00.00 irq/193-tegra-p
    196 root     -51   0       0      0      0 S   0.0   0.0   0:00.00 irq/193-aerdrv
    197 root     -51   0       0      0      0 S   0.0   0.0   0:00.00 irq/195-tegra-p
    199 root     -51   0       0      0      0 S   0.0   0.0   0:00.00 irq/232-nvme0q0
    200 root     -51   0       0      0      0 S   0.0   0.0   0:00.37 irq/233-nvme0q1
    201 root     -51   0       0      0      0 S   0.0   0.0   0:00.40 irq/234-nvme0q2
    202 root     -51   0       0      0      0 S   0.0   0.0   0:00.53 irq/235-nvme0q3
    203 root     -51   0       0      0      0 S   0.0   0.0   0:00.65 irq/236-nvme0q4
    204 root     -51   0       0      0      0 S   0.0   0.0   0:00.16 irq/237-nvme0q5
    205 root     -51   0       0      0      0 S   0.0   0.0   0:00.12 irq/238-nvme0q6
    211 root       0 -20       0      0      0 I   0.0   0.0   0:00.06 kworker/4:1H-kblockd
    212 root      20   0       0      0      0 S   0.0   0.0   0:01.45 jbd2/nvme0n1p1-
    213 root       0 -20       0      0      0 I   0.0   0.0   0:00.00 ext4-rsv-conver
    222 root       0 -20       0      0      0 I   0.0   0.0   0:00.00 mld
    223 root       0 -20       0      0      0 I   0.0   0.0   0:00.04 kworker/0:1H-kblockd
    224 root       0 -20       0      0      0 I   0.0   0.0   0:00.00 ipv6_addrconf
    256 root      19  -1   76560  38072  36444 S   0.0   0.5   0:29.10 systemd-journal
    278 root       0 -20       0      0      0 I   0.0   0.0   0:00.08 kworker/2:1H-kblockd
    280 root      39  19       0      0      0 S   0.0   0.0   0:01.64 nvmap-bz
    281 root     -51   0       0      0      0 S   0.0   0.0   0:00.00 irq/188-host1x_
    285 root     -51   0       0      0      0 S   0.0   0.0   0:00.00 irq/197-gk20a_s
    286 root     -51   0       0      0      0 S   0.0   0.0   0:00.03 irq/198-gk20a_s
    287 root     -51   0       0      0      0 S   0.0   0.0   0:00.03 irq/199-gk20a_s
    288 root     -51   0       0      0      0 S   0.0   0.0   0:00.00 irq/200-gk20a_n
    291 root       0 -20       0      0      0 I   0.0   0.0   0:00.06 kworker/5:1H-kblockd
    295 root      20   0   11116   3460   3204 S   0.0   0.0   0:00.00 nv-tee-supplica
    299 root      20   0   76588   1360   1248 S   0.0   0.0   0:00.01 tee-supplicant
    301 root       0 -20       0      0      0 I   0.0   0.0   0:00.00 optee_bus_scan
    303 root     -51   0       0      0      0 S   0.0   0.0   0:00.00 irq/189-tegra-p
    312 root      20   0   23732   6316   4080 S   0.0   0.1   0:26.86 systemd-udevd
    313 root     -51   0       0      0      0 S   0.0   0.0   0:00.00 irq/189-aerdrv
    314 root      20   0   23216   5820   3992 S   0.0   0.1   0:00.40 systemd-udevd
    315 root      20   0   23216   5020   3248 S   0.0   0.1   0:00.15 systemd-udevd
    316 root      20   0   23268   6252   4316 S   0.0   0.1   0:00.16 systemd-udevd
    317 root      20   0   23220   4364   2600 S   0.0   0.1   0:00.11 systemd-udevd
    318 root      20   0   23216   4480   2672 S   0.0   0.1   0:00.12 systemd-udevd
    319 root      20   0   23212   5820   3980 S   0.0   0.1   0:00.29 systemd-udevd
    320 root      20   0   23264   4688   2764 S   0.0   0.1   0:00.13 systemd-udevd
    321 root      20   0   23268   5072   3136 S   0.0   0.1   0:00.18 systemd-udevd
    322 root      20   0   23524   5520   3456 S   0.0   0.1   0:00.27 systemd-udevd
    323 root      20   0   23216   6296   4444 S   0.0   0.1   0:00.41 systemd-udevd
    324 root      20   0   23220   5196   3388 S   0.0   0.1   0:00.16 systemd-udevd
    325 root      20   0   23220   5820   3976 S   0.0   0.1   0:00.40 systemd-udevd
    326 root      20   0   23220   5252   3388 S   0.0   0.1   0:00.42 systemd-udevd
    327 root      20   0   23220   5504   3684 S   0.0   0.1   0:00.18 systemd-udevd
    330 root      20   0   23512   5728   3684 S   0.0   0.1   0:00.14 systemd-udevd
    331 root      20   0   24292   5540   2676 S   0.0   0.1   0:00.16 systemd-udevd
    333 root      20   0   23524   5596   3532 S   0.0   0.1   0:00.27 systemd-udevd
    334 root      20   0   23220   5584   3740 S   0.0   0.1   0:00.27 systemd-udevd
    335 root      20   0   23220   4504   2708 S   0.0   0.1   0:00.11 systemd-udevd
    336 root      20   0   23220   4696   2892 S   0.0   0.1   0:00.14 systemd-udevd
    337 root      20   0   23524   5056   2992 S   0.0   0.1   0:00.16 systemd-udevd
    339 root      20   0   23220   4980   3148 S   0.0   0.1   0:00.17 systemd-udevd
    340 root      20   0   23544   6732   4608 S   0.0   0.1   1:30.11 systemd-udevd
    341 root      20   0   23276   5328   3384 S   0.0   0.1   0:00.13 systemd-udevd
    342 root      20   0   23280   5176   3228 S   0.0   0.1   0:00.13 systemd-udevd
    343 root      20   0   23220   5988   4152 S   0.0   0.1   0:00.32 systemd-udevd
    344 root      20   0   23560   6700   4596 S   0.0   0.1   0:00.55 systemd-udevd
    345 root      20   0       0      0      0 S   0.0   0.0   0:00.00 15820000.crypto
    346 root      20   0       0      0      0 S   0.0   0.0   0:00.00 15840000.crypto
    368 root      20   0   23324   5984   4116 S   0.0   0.1   0:00.45 systemd-udevd
    417 root     -51   0       0      0      0 S   0.0   0.0   0:00.00 irq/219-bc00000
    419 root      -2   0       0      0      0 S   0.0   0.0   0:00.00 capture-control
    420 root      -2   0       0      0      0 S   0.0   0.0   0:00.00 capture
    422 root     -51   0       0      0      0 S   0.0   0.0   0:00.00 irq/214-tegra_d
    423 root     -51   0       0      0      0 S   0.0   0.0   0:00.00 irq/215-tegra_d
    424 root       0 -20       0      0      0 I   0.0   0.0   0:00.00 dce-async-ipc-w
    425 root     -51   0       0      0      0 S   0.0   0.0   0:00.00 irq/240-nvvrs-p
    427 root      20   0       0      0      0 S   0.0   0.0   0:00.00 nv_queue
    428 root      20   0       0      0      0 S   0.0   0.0   0:00.00 nv_queue
    483 root     -51   0       0      0      0 S   0.0   0.0   0:00.00 irq/118-3210000
    487 root      20   0       0      0      0 S   0.0   0.0   0:00.00 spi0
    495 root       0 -20       0      0      0 I   0.0   0.0   0:00.00 cfg80211
    497 root     -51   0       0      0      0 S   0.0   0.0   0:00.00 irq/119-3230000
    498 root      20   0       0      0      0 S   0.0   0.0   0:00.00 spi1
    584 root       0 -20       0      0      0 I   0.0   0.0   0:00.00 btfwwork
    650 root      20   0    8236   6424   1432 S   0.0   0.1   0:00.72 haveged
    653 _rpc      20   0    7932   2264   1912 S   0.0   0.0   0:00.03 rpcbind
    659 systemd+  20   0   26320  13580   8496 S   0.0   0.2   0:00.53 systemd-resolve
    662 systemd+  20   0   88880   6332   5484 S   0.0   0.1   0:00.15 systemd-timesyn
    826 avahi     20   0    8084   3108   2752 S   0.0   0.0   0:00.66 avahi-daemon
    827 root      20   0    9888   4552   4112 S   0.0   0.1   0:00.07 bluetoothd
    828 message+  20   0   10496   5632   3584 S   0.0   0.1   0:42.62 dbus-daemon
    829 root      20   0  264864  18900  14872 S   0.0   0.2   0:38.87 NetworkManager
    838 root      20   0   43504  19780  10232 S   0.0   0.3   0:00.15 networkd-dispat
    849 root      20   0  241652   9056   6312 S   0.0   0.1   0:00.60 power-profiles-
    854 syslog    20   0  222160   5012   3672 S   0.0   0.1   0:05.52 rsyslogd
    859 root      20   0    2240    796    720 S   0.0   0.0   0:00.00 seatd
    865 root      20   0 2145956  51792  25768 S   0.0   0.7   0:36.78 snapd
    867 root      20   0  242124   7452   6576 S   0.0   0.1   0:02.13 accounts-daemon
    869 root      20   0  238128   6232   5620 S   0.0   0.1   0:00.04 switcheroo-cont
    871 root      20   0   48968   7620   6296 S   0.0   0.1   0:03.63 systemd-logind
    874 root      20   0  394188  13988   9476 S   0.0   0.2   0:01.04 udisksd
    875 root      20   0   16632   9928   8148 S   0.0   0.1   0:01.31 wpa_supplicant
    882 avahi     20   0    7812    356      0 S   0.0   0.0   0:00.00 avahi-daemon
    921 root      30  10   11248   3612   3220 S   0.0   0.0   0:08.48 wifi_mon.sh
    969 root      20   0  237044  10468   6400 S   0.0   0.1   3:06.30 polkitd
    983 root      20   0    2460   1556   1380 S   0.0   0.0   0:08.23 nvfancontrol
   1049 root      20   0       0      0      0 S   0.0   0.0   0:00.00 sw-quiesce
   1068 root      20   0       0      0      0 S   0.0   0.0   0:00.00 nvgpu_pg_init_g
   1087 root      20   0       0      0      0 S   0.0   0.0   0:00.00 nvgpu_clk_arb_p
   1117 root      20   0       0      0      0 S   0.0   0.0   0:07.69 RTW_CMD_THREAD
   1157 root      20   0   75936   9960   8136 S   0.0   0.1   0:00.01 nvargus-daemon
   1158 root      20   0   11116   3520   3220 S   0.0   0.0   0:00.08 nvmemwarning.sh
   1171 root      20   0   22192   1776   1580 S   0.0   0.0   0:00.00 nvs-service
   1181 ollama    20   0 2006720  39588  20072 S   0.0   0.5   0:01.07 ollama
   1195 root      20   0    2336   1408   1292 S   0.0   0.0   0:01.96 run-cups-browse
   1201 root      20   0    2336   1424   1296 S   0.0   0.0   0:02.02 run-cupsd
   1204 root      20   0       0      0      0 S   0.0   0.0   0:00.00 pr/ramoops-1
   1239 root      20   0   10772   2824   2576 S   0.0   0.0   0:00.06 cron
   1259 root      20   0  243128   8056   7012 S   0.0   0.1   0:00.02 gdm3
   1263 kernoops  20   0   12812    452      0 S   0.0   0.0   0:00.02 kerneloops
   1290 root      20   0    9468    800    724 S   0.0   0.0   0:00.00 agetty
   1291 kernoops  20   0   12812    452      0 S   0.0   0.0   0:00.02 kerneloops
   1293 root      20   0    9468    804    724 S   0.0   0.0   0:00.00 agetty
   1330 root      20   0  173408   8804   7628 S   0.0   0.1   0:00.02 gdm-session-wor
   1417 root      20   0       0      0      0 S   0.0   0.0   0:00.00 file-storage
   1426 root      20   0   15272   8368   6788 S   0.0   0.1   0:00.73 sshd
   1474 gdm       20   0   18120   9728   7360 S   0.0   0.1   0:00.46 systemd
   1478 root      20   0    3076    992    880 S   0.0   0.0   0:00.00 nvphsd
   1483 root      20   0    3208   1476   1316 S   0.0   0.0   0:00.00 nvphsd
   1497 gdm       20   0  106692   4552      0 S   0.0   0.1   0:00.00 (sd-pam)
   1688 gdm        9 -11   41972   6472   5156 S   0.0   0.1   0:00.07 pipewire
   1689 gdm       20   0   25476   6428   5104 S   0.0   0.1   0:01.69 pipewire-media-
   1690 gdm        9 -11  891840  20748  12584 S   0.0   0.3   0:00.94 pulseaudio
   1695 gdm       20   0  163948   5472   4964 S   0.0   0.1   0:00.00 gdm-x-session
   1697 root      20   0   24.2g  80528  35884 S   0.0   1.0   0:02.02 Xorg
   1698 rtkit     21   1  153504   1588   1380 S   0.0   0.0   0:00.31 rtkit-daemon
   1729 gdm       20   0    8840   3600   3212 S   0.0   0.0   0:00.02 dbus-daemon
   1748 root      20   0       0      0      0 S   0.0   0.0   0:00.00 nvidia-modeset/
   1749 root      20   0       0      0      0 S   0.0   0.0   0:00.00 nvidia-modeset/
   1752 root      20   0       0      0      0 S   0.0   0.0   0:00.00 nvidia
   1753 root      20   0       0      0      0 S   0.0   0.0   0:00.00 nv_queue
   1790 root      20   0       0      0      0 S   0.0   0.0   0:00.00 nvidia-drm-nv-t
   1791 root     -51   0       0      0      0 S   0.0   0.0   0:00.00 card1-crtc0
   1792 root     -51   0       0      0      0 S   0.0   0.0   0:00.00 card1-crtc1
   1980 gdm       20   0    5876   1552   1344 S   0.0   0.0   0:00.00 dbus-run-sessio
   1983 gdm       20   0    9108   4440   3588 S   0.0   0.1   0:00.13 dbus-daemon
   2035 gdm       20   0  597840  17824  12972 S   0.0   0.2   0:01.00 gnome-session-b
   2057 gdm       20   0  310068   8976   6272 S   0.0   0.1   0:00.00 at-spi-bus-laun
   2062 gdm       20   0    8692   3556   3168 S   0.0   0.0   0:00.00 dbus-daemon
   2071 gdm       20   0 3471500 137208  73260 S   0.0   1.8   0:47.14 gnome-shell
   2092 gdm       20   0  237676   4964   4528 S   0.0   0.1   0:00.00 xdg-permission-
   2099 root      20   0  243852  10136   6984 S   0.0   0.1   0:00.47 upowerd
   2106 root      20   0  301608  19332  16408 S   0.0   0.2   0:01.56 packagekitd
   2110 gdm       20   0 2812288  25716  20860 S   0.0   0.3   0:00.08 gjs
   2113 gdm       20   0  163144   7196   6428 S   0.0   0.1   0:00.02 at-spi2-registr
   2141 gdm       20   0  468748   9856   7940 S   0.0   0.1   0:01.97 gsd-sharing
   2146 gdm       20   0  338880  14892  12620 S   0.0   0.2   0:00.06 gsd-wacom
   2148 gdm       20   0  451616  18896  16480 S   0.0   0.2   0:00.22 gsd-color
   2150 gdm       20   0  412392  17092  13292 S   0.0   0.2   0:00.04 gsd-keyboard
   2152 gdm       20   0  316864  13188   6244 S   0.0   0.2   0:00.10 ibus-daemon
   2156 gdm       20   0  326124   9848   8488 S   0.0   0.1   0:00.02 gsd-print-notif
   2166 gdm       20   0  242216   6512   5848 S   0.0   0.1   0:00.01 gvfsd
   2168 gdm       20   0  459796   6140   5436 S   0.0   0.1   0:00.58 gsd-rfkill
   2170 gdm       20   0  388312   7432   6528 S   0.0   0.1   0:00.01 gsd-smartcard
   2173 gdm       20   0  380556  16508  12504 S   0.0   0.2   0:00.03 gsd-datetime
   2183 gdm       20   0  864216  20108  17428 S   0.0   0.3   0:00.52 gsd-media-keys
   2184 gdm       20   0  237936   4760   4376 S   0.0   0.1   0:00.01 gsd-screensaver
   2185 gdm       20   0  322096  10392   7320 S   0.0   0.1   0:00.02 gsd-sound
   2186 gdm       20   0  312416   8104   5476 S   0.0   0.1   0:00.01 gsd-a11y-settin
   2193 gdm       20   0  313996   8944   6152 S   0.0   0.1   0:00.97 gsd-housekeepin
   2195 gdm       20   0  450004  20288  15904 S   0.0   0.3   0:00.52 gsd-power
   2218 gdm       20   0  347052  12608  10748 S   0.0   0.2   0:00.03 gsd-printer
   2221 gdm       20   0  239040   6576   5948 S   0.0   0.1   0:00.00 ibus-dconf
   2233 gdm       20   0  238936   5920   5488 S   0.0   0.1   0:00.00 ibus-portal
   2263 colord    20   0  247516  14492   8720 S   0.0   0.2   0:00.27 colord
   2285 gdm       20   0 2812300  27868  20904 S   0.0   0.4   0:00.09 gjs
   2349 gdm       20   0  165096   6516   5892 S   0.0   0.1   0:00.01 ibus-engine-sim
   2508 root      20   0  136716  13172   9512 S   0.0   0.2   0:00.70 cupsd
   2522 root      20   0  260792  17940  13508 S   0.0   0.2   0:01.60 cups-browsed
  11687 jetson    20   0   18140   9764   7368 S   0.0   0.1   0:00.37 systemd
  11688 jetson    20   0  172512   4632      0 S   0.0   0.1   0:00.00 (sd-pam)
  11696 jetson    20   0   41976   6552   5228 S   0.0   0.1   0:00.06 pipewire
  11697 jetson    20   0   25484   6724   5388 S   0.0   0.1   0:01.86 pipewire-media-
  11749 jetson    20   0    8888   4168   3672 S   0.0   0.1   0:00.03 dbus-daemon
  11931 jetson    20   0  707268  63144  26432 S   0.0   0.8   2:16.43 python3
  13234 jetson    20   0  203640  35476  13212 S   0.0   0.5   0:00.75 ros2
  13236 jetson    20   0 2070472  36080  17228 S   0.0   0.5   0:00.90 docker
  13238 jetson    20   0  428524  31584  15828 S   0.0   0.4   2:22.09 robot_state_pub
  13265 root      20   0 1232976  11076   5960 S   0.0   0.1   0:02.39 containerd-shim
  13294 root      20   0   49400  29204  14412 S   0.0   0.4   0:00.40 ros2
  90870 root      20   0       0      0      0 I   0.0   0.0   0:23.05 kworker/u12:11-events_unbound
 100141 root      20   0       0      0      0 I   0.0   0.0   0:22.80 kworker/u12:6-events_unbound
 407770 root      20   0       0      0      0 I   0.0   0.0   0:09.23 kworker/u12:9-events_unbound
 417230 root      20   0       0      0      0 I   0.0   0.0   0:07.55 kworker/u12:0-events_freezable_power_
 418183 root       0 -20       0      0      0 I   0.0   0.0   0:13.11 kworker/u13:0-uvcvideo
 465092 root      20   0  238836   6948   5700 S   0.0   0.1   0:01.13 iio-sensor-prox
 481530 root       0 -20       0      0      0 I   0.0   0.0   0:07.90 kworker/u13:3-uvcvideo
 494799 jetson    20   0    5508    792    704 S   0.0   0.0   0:00.21 sleep
 494866 root      20   0   21760   5464   3940 S   0.0   0.1   0:03.61 systemd-udevd
 494879 root      20   0   21756   3352   1840 S   0.0   0.0   0:01.00 systemd-udevd
 512501 root      20   0       0      0      0 I   0.0   0.0   0:00.21 kworker/4:0-events
 513123 jetson    20   0  572504  38640  13228 S   0.0   0.5   0:01.15 ros2
 513133 jetson    20   0 1082972  60484  26368 S   0.0   0.8   1:15.10 foxglove_bridge
 513219 root      20   0   21752   3192   1712 S   0.0   0.0   0:00.00 systemd-udevd
 513220 root      20   0   21760   3352   1840 S   0.0   0.0   0:00.00 systemd-udevd
 513233 root      20   0   21760   3356   1840 S   0.0   0.0   0:00.00 systemd-udevd
 513234 root      20   0   21760   3356   1840 S   0.0   0.0   0:00.00 systemd-udevd
 513235 root      20   0   21760   3336   1840 S   0.0   0.0   0:00.00 systemd-udevd
 513236 root      20   0   21760   3352   1840 S   0.0   0.0   0:00.00 systemd-udevd
 513237 root      20   0   21760   3336   1840 S   0.0   0.0   0:00.00 systemd-udevd
 513250 root      20   0   21760   4428   2868 S   0.0   0.1   0:06.02 systemd-udevd
 513251 root      20   0   21760   3840   2288 S   0.0   0.0   0:00.00 systemd-udevd
 513265 root      20   0   21760   4056   2496 S   0.0   0.1   0:00.00 systemd-udevd
 513266 root      20   0   21760   3244   1712 S   0.0   0.0   0:00.00 systemd-udevd
 513437 jetson    20   0  129772  36180  13228 S   0.0   0.5   0:00.78 ros2
 536340 root      20   0       0      0      0 I   0.0   0.0   0:00.15 kworker/1:1-cgroup_destroy
 536745 root       0 -20       0      0      0 I   0.0   0.0   0:05.51 kworker/u13:4-uvcvideo
 538507 root      20   0       0      0      0 I   0.0   0.0   0:00.18 kworker/0:0-events
 550304 root      20   0       0      0      0 I   0.0   0.0   0:00.30 kworker/5:0-events
 562560 root      20   0       0      0      0 I   0.0   0.0   0:01.79 kworker/u12:1-events_freezable_power_
 568778 root      20   0       0      0      0 I   0.0   0.0   0:00.00 kworker/2:0-cgroup_destroy
 576600 root      20   0       0      0      0 I   0.0   0.0   0:00.18 kworker/3:0-events
 576729 root      20   0       0      0      0 I   0.0   0.0   0:00.08 kworker/5:1-mm_percpu_wq
 576909 root      20   0       0      0      0 I   0.0   0.0   0:00.03 kworker/4:1-mm_percpu_wq
 582730 root      20   0       0      0      0 I   0.0   0.0   0:01.33 kworker/u12:2-events_freezable_power_
 589172 root      20   0       0      0      0 I   0.0   0.0   0:00.74 kworker/u12:10-events_freezable_power_
 590592 root      20   0       0      0      0 I   0.0   0.0   0:00.00 kworker/0:2-cgroup_destroy
 602672 root      20   0       0      0      0 I   0.0   0.0   0:00.08 kworker/1:3-events
 608435 root      20   0       0      0      0 I   0.0   0.0   0:00.00 kworker/3:2-events
 608538 root      20   0       0      0      0 I   0.0   0.0   0:00.00 kworker/2:2-events
 609103 jetson    20   0   11248   3076   2756 S   0.0   0.0   0:00.26 bash
 609212 root      20   0       0      0      0 I   0.0   0.0   0:00.04 kworker/0:1-events
 609220 jetson    20   0   53568  30340  15008 S   0.0   0.4   0:00.41 ros2
 613727 root      20   0    9436    780    704 S   0.0   0.0   0:00.00 sleep
 615420 root      20   0       0      0      0 I   0.0   0.0   0:00.01 kworker/4:2-events
 617319 root      20   0       0      0      0 I   0.0   0.0   0:00.00 kworker/0:3-cgroup_destroy
 621315 root      20   0       0      0      0 I   0.0   0.0   0:00.00 kworker/1:0-events
 621531 root      20   0       0      0      0 I   0.0   0.0   0:00.00 kworker/5:2-events
 622272 root      20   0       0      0      0 I   0.0   0.0   0:00.01 kworker/u12:7-events_freezable_power_
 623951 jetson    20   0   11248   3292   2852 S   0.0   0.0   0:00.03 bash
 626884 jetson    20   0   11248   3292   2860 S   0.0   0.0   0:00.01 bash
 627202 jetson    20   0    9480    808    724 S   0.0   0.0   0:00.00 tail
 628397 root      30  10   11248   1712   1320 S   0.0   0.0   0:00.00 wifi_mon.sh
 628398 root      30  10   11248   1776   1384 S   0.0   0.0   0:00.00 wifi_mon.sh
 628399 root      30  10    9444    792    712 S   0.0   0.0   0:00.00 timeout
 628400 root      30  10    2768   1088    960 S   0.0   0.0   0:00.00 iw
 628740 jetson    20   0    9444    788    704 S   0.0   0.0   0:00.00 sleep

top - 15:56:13 up  6:19,  0 users,  load average: 9.44, 8.48, 6.86
Tasks: 355 total,   1 running, 354 sleeping,   0 stopped,   0 zombie
%Cpu(s): 43.2 us, 11.7 sy,  0.0 ni, 40.7 id,  0.0 wa,  2.3 hi,  2.0 si,  0.0 st
MiB Mem :   7607.4 total,   2333.4 free,   2229.2 used,   3044.7 buff/cache
MiB Swap:   3803.7 total,   3803.7 free,      0.0 used.   5061.3 avail Mem 

    PID USER      PR  NI    VIRT    RES    SHR S  %CPU  %MEM     TIME+ COMMAND
 627201 jetson    20   0  754264  72364  29564 S  43.6   0.9   0:11.28 python3
 513359 jetson    20   0  709132  64972  27276 S  33.7   0.8  14:19.26 python3
 609057 jetson    20   0  962968  50024  23524 S  29.2   0.6   0:45.63 controller_serv
 626968 jetson    20   0  764024  55912  25372 S  22.8   0.7   0:07.29 ros2
 513439 jetson    20   0 1061928  52972  24360 S  17.3   0.7   1:33.34 async_slam_tool
 609065 jetson    20   0  530908  46344  26216 S  16.3   0.6   0:38.63 bt_navigator
 609244 jetson    20   0 9351828 401684  84124 S  16.3   5.2   1:01.73 nvblox_node
    969 root      20   0  237044  10468   6400 S  15.3   0.1   3:06.61 polkitd
 513129 jetson    20   0  432964  27132  14244 S  14.4   0.3   6:32.39 rplidar_node
 513125 jetson    20   0 1750824 109580  51324 S  13.9   1.4   5:35.80 realsense2_came
 609086 jetson    20   0  577388  31744  16252 S  10.9   0.4   0:43.25 lifecycle_manag
 513361 jetson    20   0  506336  34940  18388 S  10.4   0.4   4:34.00 ekf_node
 609061 jetson    20   0 1070624  71804  24604 S   9.4   0.9   0:39.47 planner_server
 513131 jetson    20   0  708192  64296  27388 S   8.9   0.8   3:29.58 python3
 609055 jetson    20   0  709540  62092  27352 S   8.4   0.8   0:20.85 python3
 609063 jetson    20   0  516308  35412  21032 S   7.4   0.5   0:30.29 behavior_server
 609059 jetson    20   0  664644  35128  19412 S   6.9   0.5   0:25.66 smoother_server
 609067 jetson    20   0  431292  29316  17020 S   5.9   0.4   0:21.86 waypoint_follow
 609077 jetson    20   0  428704  29676  15956 S   5.9   0.4   0:22.02 velocity_smooth
  13320 root      20   0 1300496  44944  11392 S   5.0   0.6  30:13.09 micro_ros_agent
    828 message+  20   0   10496   5632   3584 S   4.0   0.1   0:42.70 dbus-daemon
 513127 jetson    20   0  710792  65280  27232 S   3.0   0.8   2:02.43 python3
      1 root      20   0  167628  11768   7448 S   2.5   0.2   0:29.54 systemd
    829 root      20   0  264864  18900  14872 S   2.5   0.2   0:38.92 NetworkManager
   2071 gdm       20   0 3471500 137208  73260 S   1.5   1.8   0:47.17 gnome-shell
    904 root      rt   0       0      0      0 S   1.0   0.0   1:47.60 sugov:0
    909 root      rt   0       0      0      0 S   1.0   0.0   0:50.40 sugov:4
   1212 root      20   0 2093336  75924  33916 S   1.0   1.0   0:38.58 containerd
 509136 root      20   0       0      0      0 I   1.0   0.0   0:03.76 kworker/u12:5-flush-259:0
 591089 root       0 -20       0      0      0 I   1.0   0.0   0:03.02 kworker/u13:1-uvcvideo
    854 syslog    20   0  222160   5012   3672 S   0.5   0.1   0:05.53 rsyslogd
    865 root      20   0 2145956  51792  25768 S   0.5   0.7   0:36.79 snapd
    871 root      20   0   48968   7620   6296 S   0.5   0.1   0:03.64 systemd-logind
    874 root      20   0  394188  13988   9476 S   0.5   0.2   0:01.05 udisksd
   1588 root      20   0 2353004 116452  56964 S   0.5   1.5   0:27.84 dockerd
   2106 root      20   0  301608  19332  16408 S   0.5   0.2   0:01.57 packagekitd
  13238 jetson    20   0  428524  31584  15828 S   0.5   0.4   2:22.10 robot_state_pub
 284193 root      20   0       0      0      0 I   0.5   0.0   0:13.25 kworker/u12:3-events_freezable_power_
 418183 root       0 -20       0      0      0 I   0.5   0.0   0:13.12 kworker/u13:0-uvcvideo
 494770 root      20   0 1233488  12692   6732 S   0.5   0.2   0:09.03 containerd-shim
 494866 root      20   0   21760   5464   3940 S   0.5   0.1   0:03.62 systemd-udevd
 513133 jetson    20   0 1082972  60484  26368 S   0.5   0.8   1:15.11 foxglove_bridge
 576729 root      20   0       0      0      0 I   0.5   0.0   0:00.09 kworker/5:1-events
 609021 jetson    20   0  796964  40120  13228 S   0.5   0.5   0:01.37 ros2
 626969 jetson    20   0   14340   3376   2764 R   0.5   0.0   0:00.33 top
      2 root      20   0       0      0      0 S   0.0   0.0   0:00.03 kthreadd
      3 root       0 -20       0      0      0 I   0.0   0.0   0:00.00 rcu_gp
      4 root       0 -20       0      0      0 I   0.0   0.0   0:00.00 rcu_par_gp
      5 root       0 -20       0      0      0 I   0.0   0.0   0:00.00 slub_flushwq
      6 root       0 -20       0      0      0 I   0.0   0.0   0:00.00 netns
      8 root       0 -20       0      0      0 I   0.0   0.0   0:00.00 kworker/0:0H-events_highpri
     10 root       0 -20       0      0      0 I   0.0   0.0   0:00.00 mm_percpu_wq
     11 root      20   0       0      0      0 S   0.0   0.0   0:00.00 rcu_tasks_kthre
     12 root      20   0       0      0      0 S   0.0   0.0   0:00.00 rcu_tasks_rude_
     13 root      20   0       0      0      0 S   0.0   0.0   0:00.00 rcu_tasks_trace
     14 root      20   0       0      0      0 S   0.0   0.0   0:22.57 ksoftirqd/0
     15 root      20   0       0      0      0 I   0.0   0.0   0:09.96 rcu_preempt
     16 root      rt   0       0      0      0 S   0.0   0.0   0:00.02 migration/0
     17 root      20   0       0      0      0 S   0.0   0.0   0:00.00 cpuhp/0
     18 root      20   0       0      0      0 S   0.0   0.0   0:00.00 cpuhp/1
     19 root      rt   0       0      0      0 S   0.0   0.0   0:00.03 migration/1
     20 root      20   0       0      0      0 S   0.0   0.0   0:01.60 ksoftirqd/1
     22 root       0 -20       0      0      0 I   0.0   0.0   0:00.00 kworker/1:0H-events_highpri
     23 root      20   0       0      0      0 S   0.0   0.0   0:00.00 cpuhp/2
     24 root      rt   0       0      0      0 S   0.0   0.0   0:00.02 migration/2
     25 root      20   0       0      0      0 S   0.0   0.0   0:01.61 ksoftirqd/2
     27 root       0 -20       0      0      0 I   0.0   0.0   0:00.00 kworker/2:0H-events_highpri
     28 root      20   0       0      0      0 S   0.0   0.0   0:00.00 cpuhp/3
     29 root      rt   0       0      0      0 S   0.0   0.0   0:00.02 migration/3
     30 root      20   0       0      0      0 S   0.0   0.0   0:01.50 ksoftirqd/3
     32 root       0 -20       0      0      0 I   0.0   0.0   0:00.00 kworker/3:0H-events_highpri
     33 root      20   0       0      0      0 S   0.0   0.0   0:00.00 cpuhp/4
     34 root      rt   0       0      0      0 S   0.0   0.0   0:00.06 migration/4
     35 root      20   0       0      0      0 S   0.0   0.0   0:01.12 ksoftirqd/4
     37 root       0 -20       0      0      0 I   0.0   0.0   0:00.00 kworker/4:0H-kblockd
     38 root      20   0       0      0      0 S   0.0   0.0   0:00.00 cpuhp/5
     39 root      rt   0       0      0      0 S   0.0   0.0   0:00.07 migration/5
     40 root      20   0       0      0      0 S   0.0   0.0   0:01.17 ksoftirqd/5
     42 root       0 -20       0      0      0 I   0.0   0.0   0:00.00 kworker/5:0H-events_highpri
     43 root      20   0       0      0      0 S   0.0   0.0   0:00.01 kdevtmpfs
     44 root       0 -20       0      0      0 I   0.0   0.0   0:00.00 inet_frag_wq
     51 root      20   0       0      0      0 S   0.0   0.0   0:00.00 kauditd
     52 root      20   0       0      0      0 S   0.0   0.0   0:00.00 oom_reaper
     53 root       0 -20       0      0      0 I   0.0   0.0   0:00.00 writeback
     54 root      20   0       0      0      0 S   0.0   0.0   0:00.19 kcompactd0
     55 root      25   5       0      0      0 S   0.0   0.0   0:00.00 ksmd
     56 root      39  19       0      0      0 S   0.0   0.0   0:02.04 khugepaged
     67 root       0 -20       0      0      0 I   0.0   0.0   0:00.00 cryptd
     86 root       0 -20       0      0      0 I   0.0   0.0   0:00.00 kintegrityd
     87 root       0 -20       0      0      0 I   0.0   0.0   0:00.00 kblockd
     88 root       0 -20       0      0      0 I   0.0   0.0   0:00.00 blkcg_punt_bio
     89 root       0 -20       0      0      0 I   0.0   0.0   0:00.00 tpm_dev_wq
     90 root       0 -20       0      0      0 I   0.0   0.0   0:00.00 ata_sff
     91 root       0 -20       0      0      0 I   0.0   0.0   0:00.00 edac-poller
     92 root       0 -20       0      0      0 I   0.0   0.0   0:00.00 devfreq_wq
     93 root     -51   0       0      0      0 S   0.0   0.0   0:00.00 watchdogd
     96 root       0 -20       0      0      0 I   0.0   0.0   0:00.06 kworker/1:1H-kblockd
     97 root       0 -20       0      0      0 I   0.0   0.0   0:00.00 rpciod
     99 root       0 -20       0      0      0 I   0.0   0.0   0:00.00 xprtiod
    127 root      20   0       0      0      0 S   0.0   0.0   0:00.00 kswapd0
    128 root       0 -20       0      0      0 I   0.0   0.0   0:00.00 nfsiod
    132 root       0 -20       0      0      0 I   0.0   0.0   0:00.00 vfio-irqfd-clea
    133 root       0 -20       0      0      0 I   0.0   0.0   0:00.00 bch_btree_io
    134 root       0 -20       0      0      0 I   0.0   0.0   0:00.00 bcache
    135 root       0 -20       0      0      0 I   0.0   0.0   0:00.00 bch_journal
    136 root       0 -20       0      0      0 I   0.0   0.0   0:00.00 dm_bufio_cache
    139 root      20   0       0      0      0 I   0.0   0.0   0:01.86 kworker/2:3-mm_percpu_wq
    140 root      10 -10       0      0      0 S   0.0   0.0   0:00.00 krfcommd
    141 root      20   0       0      0      0 S   0.0   0.0   0:00.01 pr/tty0
    142 root      20   0       0      0      0 S   0.0   0.0   0:03.09 pr/ttyTCU0
    145 root     -51   0       0      0      0 S   0.0   0.0   0:00.00 irq/114-3160000
    147 root     -51   0       0      0      0 S   0.0   0.0   0:00.00 irq/115-3180000
    149 root     -51   0       0      0      0 S   0.0   0.0   0:00.00 irq/116-31b0000
    150 root     -51   0       0      0      0 S   0.0   0.0   0:00.03 irq/167-c240000
    151 root     -51   0       0      0      0 S   0.0   0.0   0:00.00 irq/168-c250000
    152 root     -51   0       0      0      0 S   0.0   0.0   0:00.00 irq/125-3610000
    153 root     -51   0       0      0      0 S   0.0   0.0   0:00.00 irq/122-3610000
    155 root       0 -20       0      0      0 I   0.0   0.0   0:00.00 sdhci
    156 root     -51   0       0      0      0 S   0.0   0.0   0:00.00 irq/120-mmc0
    157 root     -51   0       0      0      0 S   0.0   0.0   0:00.00 irq/230-3400000
    174 root       0 -20       0      0      0 I   0.0   0.0   0:00.06 kworker/3:1H-kblockd
    180 root     -51   0       0      0      0 S   0.0   0.0   0:00.00 irq/191-tegra-p
    181 root       0 -20       0      0      0 I   0.0   0.0   0:00.00 nvme-wq
    182 root       0 -20       0      0      0 I   0.0   0.0   0:00.00 nvme-reset-wq
    183 root       0 -20       0      0      0 I   0.0   0.0   0:00.00 nvme-delete-wq
    192 root     -51   0       0      0      0 S   0.0   0.0   0:00.00 irq/191-aerdrv
    193 root     -51   0       0      0      0 S   0.0   0.0   0:00.00 irq/193-tegra-p
    196 root     -51   0       0      0      0 S   0.0   0.0   0:00.00 irq/193-aerdrv
    197 root     -51   0       0      0      0 S   0.0   0.0   0:00.00 irq/195-tegra-p
    199 root     -51   0       0      0      0 S   0.0   0.0   0:00.00 irq/232-nvme0q0
    200 root     -51   0       0      0      0 S   0.0   0.0   0:00.37 irq/233-nvme0q1
    201 root     -51   0       0      0      0 S   0.0   0.0   0:00.40 irq/234-nvme0q2
    202 root     -51   0       0      0      0 S   0.0   0.0   0:00.53 irq/235-nvme0q3
    203 root     -51   0       0      0      0 S   0.0   0.0   0:00.65 irq/236-nvme0q4
    204 root     -51   0       0      0      0 S   0.0   0.0   0:00.16 irq/237-nvme0q5
    205 root     -51   0       0      0      0 S   0.0   0.0   0:00.12 irq/238-nvme0q6
    211 root       0 -20       0      0      0 I   0.0   0.0   0:00.06 kworker/4:1H-kblockd
    212 root      20   0       0      0      0 S   0.0   0.0   0:01.45 jbd2/nvme0n1p1-
    213 root       0 -20       0      0      0 I   0.0   0.0   0:00.00 ext4-rsv-conver
    222 root       0 -20       0      0      0 I   0.0   0.0   0:00.00 mld
    223 root       0 -20       0      0      0 I   0.0   0.0   0:00.04 kworker/0:1H-kblockd
    224 root       0 -20       0      0      0 I   0.0   0.0   0:00.00 ipv6_addrconf
    256 root      19  -1   76560  38072  36444 S   0.0   0.5   0:29.10 systemd-journal
    278 root       0 -20       0      0      0 I   0.0   0.0   0:00.08 kworker/2:1H-kblockd
    280 root      39  19       0      0      0 S   0.0   0.0   0:01.64 nvmap-bz
    281 root     -51   0       0      0      0 S   0.0   0.0   0:00.00 irq/188-host1x_
    285 root     -51   0       0      0      0 S   0.0   0.0   0:00.00 irq/197-gk20a_s
    286 root     -51   0       0      0      0 S   0.0   0.0   0:00.03 irq/198-gk20a_s
    287 root     -51   0       0      0      0 S   0.0   0.0   0:00.03 irq/199-gk20a_s
    288 root     -51   0       0      0      0 S   0.0   0.0   0:00.00 irq/200-gk20a_n
    291 root       0 -20       0      0      0 I   0.0   0.0   0:00.06 kworker/5:1H-kblockd
    295 root      20   0   11116   3460   3204 S   0.0   0.0   0:00.00 nv-tee-supplica
    299 root      20   0   76588   1360   1248 S   0.0   0.0   0:00.01 tee-supplicant
    301 root       0 -20       0      0      0 I   0.0   0.0   0:00.00 optee_bus_scan
    303 root     -51   0       0      0      0 S   0.0   0.0   0:00.00 irq/189-tegra-p
    312 root      20   0   23732   6316   4080 S   0.0   0.1   0:26.86 systemd-udevd
    313 root     -51   0       0      0      0 S   0.0   0.0   0:00.00 irq/189-aerdrv
    314 root      20   0   23216   5820   3992 S   0.0   0.1   0:00.40 systemd-udevd
    315 root      20   0   23216   5020   3248 S   0.0   0.1   0:00.15 systemd-udevd
    316 root      20   0   23268   6252   4316 S   0.0   0.1   0:00.16 systemd-udevd
    317 root      20   0   23220   4364   2600 S   0.0   0.1   0:00.11 systemd-udevd
    318 root      20   0   23216   4480   2672 S   0.0   0.1   0:00.12 systemd-udevd
    319 root      20   0   23212   5820   3980 S   0.0   0.1   0:00.29 systemd-udevd
    320 root      20   0   23264   4688   2764 S   0.0   0.1   0:00.13 systemd-udevd
    321 root      20   0   23268   5072   3136 S   0.0   0.1   0:00.18 systemd-udevd
    322 root      20   0   23524   5520   3456 S   0.0   0.1   0:00.27 systemd-udevd
    323 root      20   0   23216   6296   4444 S   0.0   0.1   0:00.41 systemd-udevd
    324 root      20   0   23220   5196   3388 S   0.0   0.1   0:00.16 systemd-udevd
    325 root      20   0   23220   5820   3976 S   0.0   0.1   0:00.40 systemd-udevd
    326 root      20   0   23220   5252   3388 S   0.0   0.1   0:00.42 systemd-udevd
    327 root      20   0   23220   5504   3684 S   0.0   0.1   0:00.18 systemd-udevd
    330 root      20   0   23512   5728   3684 S   0.0   0.1   0:00.14 systemd-udevd
    331 root      20   0   24292   5540   2676 S   0.0   0.1   0:00.16 systemd-udevd
    333 root      20   0   23524   5596   3532 S   0.0   0.1   0:00.27 systemd-udevd
    334 root      20   0   23220   5584   3740 S   0.0   0.1   0:00.27 systemd-udevd
    335 root      20   0   23220   4504   2708 S   0.0   0.1   0:00.11 systemd-udevd
    336 root      20   0   23220   4696   2892 S   0.0   0.1   0:00.14 systemd-udevd
    337 root      20   0   23524   5056   2992 S   0.0   0.1   0:00.16 systemd-udevd
    339 root      20   0   23220   4980   3148 S   0.0   0.1   0:00.17 systemd-udevd
    340 root      20   0   23544   6732   4608 S   0.0   0.1   1:30.11 systemd-udevd
    341 root      20   0   23276   5328   3384 S   0.0   0.1   0:00.13 systemd-udevd
    342 root      20   0   23280   5176   3228 S   0.0   0.1   0:00.13 systemd-udevd
    343 root      20   0   23220   5988   4152 S   0.0   0.1   0:00.32 systemd-udevd
    344 root      20   0   23560   6700   4596 S   0.0   0.1   0:00.55 systemd-udevd
    345 root      20   0       0      0      0 S   0.0   0.0   0:00.00 15820000.crypto
    346 root      20   0       0      0      0 S   0.0   0.0   0:00.00 15840000.crypto
    368 root      20   0   23324   5984   4116 S   0.0   0.1   0:00.45 systemd-udevd
    417 root     -51   0       0      0      0 S   0.0   0.0   0:00.00 irq/219-bc00000
    419 root      -2   0       0      0      0 S   0.0   0.0   0:00.00 capture-control
    420 root      -2   0       0      0      0 S   0.0   0.0   0:00.00 capture
    422 root     -51   0       0      0      0 S   0.0   0.0   0:00.00 irq/214-tegra_d
    423 root     -51   0       0      0      0 S   0.0   0.0   0:00.00 irq/215-tegra_d
    424 root       0 -20       0      0      0 I   0.0   0.0   0:00.00 dce-async-ipc-w
    425 root     -51   0       0      0      0 S   0.0   0.0   0:00.00 irq/240-nvvrs-p
    427 root      20   0       0      0      0 S   0.0   0.0   0:00.00 nv_queue
    428 root      20   0       0      0      0 S   0.0   0.0   0:00.00 nv_queue
    483 root     -51   0       0      0      0 S   0.0   0.0   0:00.00 irq/118-3210000
    487 root      20   0       0      0      0 S   0.0   0.0   0:00.00 spi0
    495 root       0 -20       0      0      0 I   0.0   0.0   0:00.00 cfg80211
    497 root     -51   0       0      0      0 S   0.0   0.0   0:00.00 irq/119-3230000
    498 root      20   0       0      0      0 S   0.0   0.0   0:00.00 spi1
    584 root       0 -20       0      0      0 I   0.0   0.0   0:00.00 btfwwork
    650 root      20   0    8236   6424   1432 S   0.0   0.1   0:00.72 haveged
    653 _rpc      20   0    7932   2264   1912 S   0.0   0.0   0:00.03 rpcbind
    659 systemd+  20   0   26320  13580   8496 S   0.0   0.2   0:00.53 systemd-resolve
    662 systemd+  20   0   88880   6332   5484 S   0.0   0.1   0:00.15 systemd-timesyn
    826 avahi     20   0    8084   3108   2752 S   0.0   0.0   0:00.66 avahi-daemon
    827 root      20   0    9888   4552   4112 S   0.0   0.1   0:00.07 bluetoothd
    838 root      20   0   43504  19780  10232 S   0.0   0.3   0:00.15 networkd-dispat
    849 root      20   0  241652   9056   6312 S   0.0   0.1   0:00.60 power-profiles-
    859 root      20   0    2240    796    720 S   0.0   0.0   0:00.00 seatd
    867 root      20   0  242124   7452   6576 S   0.0   0.1   0:02.13 accounts-daemon
    869 root      20   0  238128   6232   5620 S   0.0   0.1   0:00.04 switcheroo-cont
    875 root      20   0   16632   9928   8148 S   0.0   0.1   0:01.31 wpa_supplicant
    882 avahi     20   0    7812    356      0 S   0.0   0.0   0:00.00 avahi-daemon
    921 root      30  10   11248   3612   3220 S   0.0   0.0   0:08.48 wifi_mon.sh
    983 root      20   0    2460   1556   1380 S   0.0   0.0   0:08.23 nvfancontrol
   1049 root      20   0       0      0      0 S   0.0   0.0   0:00.00 sw-quiesce
   1052 root      20   0       0      0      0 S   0.0   0.0   0:20.95 nvgpu_channel_p
   1068 root      20   0       0      0      0 S   0.0   0.0   0:00.00 nvgpu_pg_init_g
   1087 root      20   0       0      0      0 S   0.0   0.0   0:00.00 nvgpu_clk_arb_p
   1117 root      20   0       0      0      0 S   0.0   0.0   0:07.69 RTW_CMD_THREAD
   1157 root      20   0   75936   9960   8136 S   0.0   0.1   0:00.01 nvargus-daemon
   1158 root      20   0   11116   3520   3220 S   0.0   0.0   0:00.08 nvmemwarning.sh
   1171 root      20   0   22192   1776   1580 S   0.0   0.0   0:00.00 nvs-service
   1181 ollama    20   0 2006720  39588  20072 S   0.0   0.5   0:01.07 ollama
   1195 root      20   0    2336   1408   1292 S   0.0   0.0   0:01.96 run-cups-browse
   1201 root      20   0    2336   1424   1296 S   0.0   0.0   0:02.02 run-cupsd
   1204 root      20   0       0      0      0 S   0.0   0.0   0:00.00 pr/ramoops-1
   1239 root      20   0   10772   2824   2576 S   0.0   0.0   0:00.06 cron
   1259 root      20   0  243128   8056   7012 S   0.0   0.1   0:00.02 gdm3
   1263 kernoops  20   0   12812    452      0 S   0.0   0.0   0:00.02 kerneloops
   1290 root      20   0    9468    800    724 S   0.0   0.0   0:00.00 agetty
   1291 kernoops  20   0   12812    452      0 S   0.0   0.0   0:00.02 kerneloops
   1293 root      20   0    9468    804    724 S   0.0   0.0   0:00.00 agetty
   1330 root      20   0  173408   8804   7628 S   0.0   0.1   0:00.02 gdm-session-wor
   1417 root      20   0       0      0      0 S   0.0   0.0   0:00.00 file-storage
   1426 root      20   0   15272   8368   6788 S   0.0   0.1   0:00.73 sshd
   1474 gdm       20   0   18120   9728   7360 S   0.0   0.1   0:00.46 systemd
   1478 root      20   0    3076    992    880 S   0.0   0.0   0:00.00 nvphsd
   1483 root      20   0    3208   1476   1316 S   0.0   0.0   0:00.00 nvphsd
   1497 gdm       20   0  106692   4552      0 S   0.0   0.1   0:00.00 (sd-pam)
   1688 gdm        9 -11   41972   6472   5156 S   0.0   0.1   0:00.07 pipewire
   1689 gdm       20   0   25476   6428   5104 S   0.0   0.1   0:01.69 pipewire-media-
   1690 gdm        9 -11  891840  20748  12584 S   0.0   0.3   0:00.94 pulseaudio
   1695 gdm       20   0  163948   5472   4964 S   0.0   0.1   0:00.00 gdm-x-session
   1697 root      20   0   24.2g  80528  35884 S   0.0   1.0   0:02.02 Xorg
   1698 rtkit     21   1  153504   1588   1380 S   0.0   0.0   0:00.31 rtkit-daemon
   1729 gdm       20   0    8840   3600   3212 S   0.0   0.0   0:00.02 dbus-daemon
   1748 root      20   0       0      0      0 S   0.0   0.0   0:00.00 nvidia-modeset/
   1749 root      20   0       0      0      0 S   0.0   0.0   0:00.00 nvidia-modeset/
   1752 root      20   0       0      0      0 S   0.0   0.0   0:00.00 nvidia
   1753 root      20   0       0      0      0 S   0.0   0.0   0:00.00 nv_queue
   1790 root      20   0       0      0      0 S   0.0   0.0   0:00.00 nvidia-drm-nv-t
   1791 root     -51   0       0      0      0 S   0.0   0.0   0:00.00 card1-crtc0
   1792 root     -51   0       0      0      0 S   0.0   0.0   0:00.00 card1-crtc1
   1980 gdm       20   0    5876   1552   1344 S   0.0   0.0   0:00.00 dbus-run-sessio
   1983 gdm       20   0    9108   4440   3588 S   0.0   0.1   0:00.13 dbus-daemon
   2035 gdm       20   0  597840  17824  12972 S   0.0   0.2   0:01.00 gnome-session-b
   2057 gdm       20   0  310068   8976   6272 S   0.0   0.1   0:00.00 at-spi-bus-laun
   2062 gdm       20   0    8692   3556   3168 S   0.0   0.0   0:00.00 dbus-daemon
   2092 gdm       20   0  237676   4964   4528 S   0.0   0.1   0:00.00 xdg-permission-
   2099 root      20   0  243852  10136   6984 S   0.0   0.1   0:00.47 upowerd
   2110 gdm       20   0 2812288  25716  20860 S   0.0   0.3   0:00.08 gjs
   2113 gdm       20   0  163144   7196   6428 S   0.0   0.1   0:00.02 at-spi2-registr
   2141 gdm       20   0  468748   9856   7940 S   0.0   0.1   0:01.97 gsd-sharing
   2146 gdm       20   0  338880  14892  12620 S   0.0   0.2   0:00.06 gsd-wacom
   2148 gdm       20   0  451616  18896  16480 S   0.0   0.2   0:00.22 gsd-color
   2150 gdm       20   0  412392  17092  13292 S   0.0   0.2   0:00.04 gsd-keyboard
   2152 gdm       20   0  316864  13188   6244 S   0.0   0.2   0:00.10 ibus-daemon
   2156 gdm       20   0  326124   9848   8488 S   0.0   0.1   0:00.02 gsd-print-notif
   2166 gdm       20   0  242216   6512   5848 S   0.0   0.1   0:00.01 gvfsd
   2168 gdm       20   0  459796   6140   5436 S   0.0   0.1   0:00.58 gsd-rfkill
   2170 gdm       20   0  388312   7432   6528 S   0.0   0.1   0:00.01 gsd-smartcard
   2173 gdm       20   0  380556  16508  12504 S   0.0   0.2   0:00.03 gsd-datetime
   2183 gdm       20   0  864216  20108  17428 S   0.0   0.3   0:00.52 gsd-media-keys
   2184 gdm       20   0  237936   4760   4376 S   0.0   0.1   0:00.01 gsd-screensaver
   2185 gdm       20   0  322096  10392   7320 S   0.0   0.1   0:00.02 gsd-sound
   2186 gdm       20   0  312416   8104   5476 S   0.0   0.1   0:00.01 gsd-a11y-settin
   2193 gdm       20   0  313996   8944   6152 S   0.0   0.1   0:00.97 gsd-housekeepin
   2195 gdm       20   0  450004  20288  15904 S   0.0   0.3   0:00.52 gsd-power
   2218 gdm       20   0  347052  12608  10748 S   0.0   0.2   0:00.03 gsd-printer
   2221 gdm       20   0  239040   6576   5948 S   0.0   0.1   0:00.00 ibus-dconf
   2233 gdm       20   0  238936   5920   5488 S   0.0   0.1   0:00.00 ibus-portal
   2263 colord    20   0  247516  14492   8720 S   0.0   0.2   0:00.27 colord
   2285 gdm       20   0 2812300  27868  20904 S   0.0   0.4   0:00.09 gjs
   2349 gdm       20   0  165096   6516   5892 S   0.0   0.1   0:00.01 ibus-engine-sim
   2508 root      20   0  136716  13172   9512 S   0.0   0.2   0:00.70 cupsd
   2522 root      20   0  260792  17940  13508 S   0.0   0.2   0:01.60 cups-browsed
  11687 jetson    20   0   18140   9764   7368 S   0.0   0.1   0:00.37 systemd
  11688 jetson    20   0  172512   4632      0 S   0.0   0.1   0:00.00 (sd-pam)
  11696 jetson    20   0   41976   6552   5228 S   0.0   0.1   0:00.06 pipewire
  11697 jetson    20   0   25484   6724   5388 S   0.0   0.1   0:01.86 pipewire-media-
  11749 jetson    20   0    8888   4168   3672 S   0.0   0.1   0:00.03 dbus-daemon
  11931 jetson    20   0  707268  63144  26432 S   0.0   0.8   2:16.43 python3
  13234 jetson    20   0  203640  35476  13212 S   0.0   0.5   0:00.75 ros2
  13236 jetson    20   0 2070472  36080  17228 S   0.0   0.5   0:00.90 docker
  13265 root      20   0 1232976  11076   5960 S   0.0   0.1   0:02.39 containerd-shim
  13294 root      20   0   49400  29204  14412 S   0.0   0.4   0:00.40 ros2
  90870 root      20   0       0      0      0 I   0.0   0.0   0:23.05 kworker/u12:11-events_unbound
 100141 root      20   0       0      0      0 I   0.0   0.0   0:22.80 kworker/u12:6-events_unbound
 407770 root      20   0       0      0      0 I   0.0   0.0   0:09.23 kworker/u12:9-events_unbound
 417230 root      20   0       0      0      0 I   0.0   0.0   0:07.55 kworker/u12:0-events_unbound
 437586 root      20   0       0      0      0 I   0.0   0.0   0:06.21 kworker/u12:4-events_freezable_power_
 465092 root      20   0  238836   6948   5700 S   0.0   0.1   0:01.13 iio-sensor-prox
 481530 root       0 -20       0      0      0 I   0.0   0.0   0:07.90 kworker/u13:3-uvcvideo
 494799 jetson    20   0    5508    792    704 S   0.0   0.0   0:00.21 sleep
 494879 root      20   0   21756   3352   1840 S   0.0   0.0   0:01.00 systemd-udevd
 512501 root      20   0       0      0      0 I   0.0   0.0   0:00.21 kworker/4:0-events
 513123 jetson    20   0  572504  38640  13228 S   0.0   0.5   0:01.15 ros2
 513219 root      20   0   21752   3192   1712 S   0.0   0.0   0:00.00 systemd-udevd
 513220 root      20   0   21760   3352   1840 S   0.0   0.0   0:00.00 systemd-udevd
 513233 root      20   0   21760   3356   1840 S   0.0   0.0   0:00.00 systemd-udevd
 513234 root      20   0   21760   3356   1840 S   0.0   0.0   0:00.00 systemd-udevd
 513235 root      20   0   21760   3336   1840 S   0.0   0.0   0:00.00 systemd-udevd
 513236 root      20   0   21760   3352   1840 S   0.0   0.0   0:00.00 systemd-udevd
 513237 root      20   0   21760   3336   1840 S   0.0   0.0   0:00.00 systemd-udevd
 513250 root      20   0   21760   4428   2868 S   0.0   0.1   0:06.02 systemd-udevd
 513251 root      20   0   21760   3840   2288 S   0.0   0.0   0:00.00 systemd-udevd
 513265 root      20   0   21760   4056   2496 S   0.0   0.1   0:00.00 systemd-udevd
 513266 root      20   0   21760   3244   1712 S   0.0   0.0   0:00.00 systemd-udevd
 513437 jetson    20   0  129772  36180  13228 S   0.0   0.5   0:00.78 ros2
 536340 root      20   0       0      0      0 I   0.0   0.0   0:00.15 kworker/1:1-cgroup_destroy
 536745 root       0 -20       0      0      0 I   0.0   0.0   0:05.51 kworker/u13:4-uvcvideo
 538507 root      20   0       0      0      0 I   0.0   0.0   0:00.18 kworker/0:0-events
 550304 root      20   0       0      0      0 I   0.0   0.0   0:00.30 kworker/5:0-events
 562560 root      20   0       0      0      0 I   0.0   0.0   0:01.79 kworker/u12:1-events_freezable_power_
 568778 root      20   0       0      0      0 I   0.0   0.0   0:00.00 kworker/2:0-cgroup_destroy
 576600 root      20   0       0      0      0 I   0.0   0.0   0:00.18 kworker/3:0-events
 576909 root      20   0       0      0      0 I   0.0   0.0   0:00.03 kworker/4:1-events
 582730 root      20   0       0      0      0 I   0.0   0.0   0:01.33 kworker/u12:2-events_unbound
 589172 root      20   0       0      0      0 I   0.0   0.0   0:00.74 kworker/u12:10-events_unbound
 590592 root      20   0       0      0      0 I   0.0   0.0   0:00.00 kworker/0:2-cgroup_destroy
 602672 root      20   0       0      0      0 I   0.0   0.0   0:00.08 kworker/1:3-mm_percpu_wq
 608435 root      20   0       0      0      0 I   0.0   0.0   0:00.00 kworker/3:2-cgroup_destroy
 608538 root      20   0       0      0      0 I   0.0   0.0   0:00.00 kworker/2:2-events
 609103 jetson    20   0   11248   3076   2756 S   0.0   0.0   0:00.26 bash
 609212 root      20   0       0      0      0 I   0.0   0.0   0:00.04 kworker/0:1-events
 609220 jetson    20   0   53568  30340  15008 S   0.0   0.4   0:00.41 ros2
 613727 root      20   0    9436    780    704 S   0.0   0.0   0:00.00 sleep
 615420 root      20   0       0      0      0 I   0.0   0.0   0:00.01 kworker/4:2-events
 617319 root      20   0       0      0      0 I   0.0   0.0   0:00.00 kworker/0:3-cgroup_destroy
 621315 root      20   0       0      0      0 I   0.0   0.0   0:00.00 kworker/1:0-events
 621531 root      20   0       0      0      0 I   0.0   0.0   0:00.00 kworker/5:2-events
 622272 root      20   0       0      0      0 I   0.0   0.0   0:00.01 kworker/u12:7-events_freezable_power_
 623951 jetson    20   0   11248   3292   2852 S   0.0   0.0   0:00.03 bash
 626884 jetson    20   0   11248   3292   2860 S   0.0   0.0   0:00.01 bash
 626970 jetson    20   0    2872    896    800 S   0.0   0.0   0:00.07 tegrastats
 627202 jetson    20   0    9480    808    724 S   0.0   0.0   0:00.00 tail
 628397 root      30  10   11248   1712   1320 S   0.0   0.0   0:00.00 wifi_mon.sh
 628398 root      30  10   11248   1776   1384 S   0.0   0.0   0:00.00 wifi_mon.sh
 628399 root      30  10    9444    792    712 S   0.0   0.0   0:00.00 timeout
 628400 root      30  10    2768   1088    960 S   0.0   0.0   0:00.00 iw
 628882 jetson    20   0    9444    788    704 S   0.0   0.0   0:00.00 sleep
 628894 root      20   0       0      0      0 I   0.0   0.0   0:00.00 kworker/3:1-events

top - 15:56:15 up  6:19,  0 users,  load average: 9.44, 8.48, 6.86
Tasks: 355 total,   1 running, 354 sleeping,   0 stopped,   0 zombie
%Cpu(s): 37.3 us, 11.0 sy,  0.0 ni, 47.1 id,  0.0 wa,  2.5 hi,  2.1 si,  0.0 st
MiB Mem :   7607.4 total,   2333.4 free,   2229.2 used,   3044.7 buff/cache
MiB Swap:   3803.7 total,   3803.7 free,      0.0 used.   5061.3 avail Mem 

    PID USER      PR  NI    VIRT    RES    SHR S  %CPU  %MEM     TIME+ COMMAND
 627201 jetson    20   0  754240  72352  29564 S  40.6   0.9   0:12.10 python3
 513359 jetson    20   0  709132  64972  27276 S  35.6   0.8  14:19.98 python3
 609057 jetson    20   0  962968  50152  23524 S  32.2   0.6   0:46.28 controller_serv
 626968 jetson    20   0  764024  55912  25372 S  22.3   0.7   0:07.74 ros2
 513439 jetson    20   0 1061928  53236  24360 S  18.3   0.7   1:33.71 async_slam_tool
 609065 jetson    20   0  530908  46344  26216 S  16.3   0.6   0:38.96 bt_navigator
 609244 jetson    20   0 9351828 401936  84352 S  16.3   5.2   1:02.06 nvblox_node
 513129 jetson    20   0  432964  27132  14244 S  14.4   0.3   6:32.68 rplidar_node
 513125 jetson    20   0 1750824 109580  51324 S  13.9   1.4   5:36.08 realsense2_came
 609086 jetson    20   0  577388  31744  16252 S  11.4   0.4   0:43.48 lifecycle_manag
 513361 jetson    20   0  506336  34940  18388 S  10.9   0.4   4:34.22 ekf_node
 513131 jetson    20   0  708192  64296  27388 S   9.4   0.8   3:29.77 python3
 609055 jetson    20   0  709540  62092  27352 S   9.4   0.8   0:21.04 python3
 609061 jetson    20   0 1070624  71804  24604 S   8.9   0.9   0:39.65 planner_server
 609063 jetson    20   0  516308  35412  21032 S   7.4   0.5   0:30.44 behavior_server
 609059 jetson    20   0  664644  35128  19412 S   5.9   0.5   0:25.78 smoother_server
 609077 jetson    20   0  428704  29676  15956 S   5.9   0.4   0:22.14 velocity_smooth
 609067 jetson    20   0  431292  29316  17020 S   5.4   0.4   0:21.97 waypoint_follow
  13320 root      20   0 1300496  44944  11392 S   4.5   0.6  30:13.18 micro_ros_agent
 513127 jetson    20   0  710792  65280  27232 S   4.0   0.8   2:02.51 python3
    904 root      rt   0       0      0      0 S   1.5   0.0   1:47.63 sugov:0
    909 root      rt   0       0      0      0 S   1.5   0.0   0:50.43 sugov:4
   1588 root      20   0 2353004 116452  56964 S   1.0   1.5   0:27.86 dockerd
 418183 root       0 -20       0      0      0 I   1.0   0.0   0:13.14 kworker/u13:0-uvcvideo
 626969 jetson    20   0   14340   3376   2764 R   1.0   0.0   0:00.35 top
     14 root      20   0       0      0      0 S   0.5   0.0   0:22.58 ksoftirqd/0
    312 root      20   0   23732   6316   4080 S   0.5   0.1   0:26.87 systemd-udevd
    340 root      20   0   23544   6732   4608 S   0.5   0.1   1:30.12 systemd-udevd
    854 syslog    20   0  222160   5012   3672 S   0.5   0.1   0:05.54 rsyslogd
    983 root      20   0    2460   1556   1380 S   0.5   0.0   0:08.24 nvfancontrol
   2071 gdm       20   0 3471500 137208  73260 S   0.5   1.8   0:47.18 gnome-shell
  11931 jetson    20   0  707268  63144  26432 S   0.5   0.8   2:16.44 python3
 513250 root      20   0   21760   4428   2868 S   0.5   0.1   0:06.03 systemd-udevd
 562560 root      20   0       0      0      0 I   0.5   0.0   0:01.80 kworker/u12:1-events_unbound
 582730 root      20   0       0      0      0 I   0.5   0.0   0:01.34 kworker/u12:2-events_freezable_power_
 609103 jetson    20   0   11248   3076   2756 S   0.5   0.0   0:00.27 bash
 626970 jetson    20   0    2872    896    800 S   0.5   0.0   0:00.08 tegrastats
      1 root      20   0  167628  11768   7448 S   0.0   0.2   0:29.54 systemd
      2 root      20   0       0      0      0 S   0.0   0.0   0:00.03 kthreadd
      3 root       0 -20       0      0      0 I   0.0   0.0   0:00.00 rcu_gp
      4 root       0 -20       0      0      0 I   0.0   0.0   0:00.00 rcu_par_gp
      5 root       0 -20       0      0      0 I   0.0   0.0   0:00.00 slub_flushwq
      6 root       0 -20       0      0      0 I   0.0   0.0   0:00.00 netns
      8 root       0 -20       0      0      0 I   0.0   0.0   0:00.00 kworker/0:0H-events_highpri
     10 root       0 -20       0      0      0 I   0.0   0.0   0:00.00 mm_percpu_wq
     11 root      20   0       0      0      0 S   0.0   0.0   0:00.00 rcu_tasks_kthre
     12 root      20   0       0      0      0 S   0.0   0.0   0:00.00 rcu_tasks_rude_
     13 root      20   0       0      0      0 S   0.0   0.0   0:00.00 rcu_tasks_trace
     15 root      20   0       0      0      0 I   0.0   0.0   0:09.96 rcu_preempt
     16 root      rt   0       0      0      0 S   0.0   0.0   0:00.02 migration/0
     17 root      20   0       0      0      0 S   0.0   0.0   0:00.00 cpuhp/0
     18 root      20   0       0      0      0 S   0.0   0.0   0:00.00 cpuhp/1
     19 root      rt   0       0      0      0 S   0.0   0.0   0:00.03 migration/1
     20 root      20   0       0      0      0 S   0.0   0.0   0:01.60 ksoftirqd/1
     22 root       0 -20       0      0      0 I   0.0   0.0   0:00.00 kworker/1:0H-events_highpri
     23 root      20   0       0      0      0 S   0.0   0.0   0:00.00 cpuhp/2
     24 root      rt   0       0      0      0 S   0.0   0.0   0:00.02 migration/2
     25 root      20   0       0      0      0 S   0.0   0.0   0:01.61 ksoftirqd/2
     27 root       0 -20       0      0      0 I   0.0   0.0   0:00.00 kworker/2:0H-events_highpri
     28 root      20   0       0      0      0 S   0.0   0.0   0:00.00 cpuhp/3
     29 root      rt   0       0      0      0 S   0.0   0.0   0:00.02 migration/3
     30 root      20   0       0      0      0 S   0.0   0.0   0:01.50 ksoftirqd/3
     32 root       0 -20       0      0      0 I   0.0   0.0   0:00.00 kworker/3:0H-events_highpri
     33 root      20   0       0      0      0 S   0.0   0.0   0:00.00 cpuhp/4
     34 root      rt   0       0      0      0 S   0.0   0.0   0:00.06 migration/4
     35 root      20   0       0      0      0 S   0.0   0.0   0:01.12 ksoftirqd/4
     37 root       0 -20       0      0      0 I   0.0   0.0   0:00.00 kworker/4:0H-kblockd
     38 root      20   0       0      0      0 S   0.0   0.0   0:00.00 cpuhp/5
     39 root      rt   0       0      0      0 S   0.0   0.0   0:00.07 migration/5
     40 root      20   0       0      0      0 S   0.0   0.0   0:01.17 ksoftirqd/5
     42 root       0 -20       0      0      0 I   0.0   0.0   0:00.00 kworker/5:0H-events_highpri
     43 root      20   0       0      0      0 S   0.0   0.0   0:00.01 kdevtmpfs
     44 root       0 -20       0      0      0 I   0.0   0.0   0:00.00 inet_frag_wq
     51 root      20   0       0      0      0 S   0.0   0.0   0:00.00 kauditd
     52 root      20   0       0      0      0 S   0.0   0.0   0:00.00 oom_reaper
     53 root       0 -20       0      0      0 I   0.0   0.0   0:00.00 writeback
     54 root      20   0       0      0      0 S   0.0   0.0   0:00.19 kcompactd0
     55 root      25   5       0      0      0 S   0.0   0.0   0:00.00 ksmd
     56 root      39  19       0      0      0 S   0.0   0.0   0:02.04 khugepaged
     67 root       0 -20       0      0      0 I   0.0   0.0   0:00.00 cryptd
     86 root       0 -20       0      0      0 I   0.0   0.0   0:00.00 kintegrityd
     87 root       0 -20       0      0      0 I   0.0   0.0   0:00.00 kblockd
     88 root       0 -20       0      0      0 I   0.0   0.0   0:00.00 blkcg_punt_bio
     89 root       0 -20       0      0      0 I   0.0   0.0   0:00.00 tpm_dev_wq
     90 root       0 -20       0      0      0 I   0.0   0.0   0:00.00 ata_sff
     91 root       0 -20       0      0      0 I   0.0   0.0   0:00.00 edac-poller
     92 root       0 -20       0      0      0 I   0.0   0.0   0:00.00 devfreq_wq
     93 root     -51   0       0      0      0 S   0.0   0.0   0:00.00 watchdogd
     96 root       0 -20       0      0      0 I   0.0   0.0   0:00.06 kworker/1:1H-kblockd
     97 root       0 -20       0      0      0 I   0.0   0.0   0:00.00 rpciod
     99 root       0 -20       0      0      0 I   0.0   0.0   0:00.00 xprtiod
    127 root      20   0       0      0      0 S   0.0   0.0   0:00.00 kswapd0
    128 root       0 -20       0      0      0 I   0.0   0.0   0:00.00 nfsiod
    132 root       0 -20       0      0      0 I   0.0   0.0   0:00.00 vfio-irqfd-clea
    133 root       0 -20       0      0      0 I   0.0   0.0   0:00.00 bch_btree_io
    134 root       0 -20       0      0      0 I   0.0   0.0   0:00.00 bcache
    135 root       0 -20       0      0      0 I   0.0   0.0   0:00.00 bch_journal
    136 root       0 -20       0      0      0 I   0.0   0.0   0:00.00 dm_bufio_cache
    139 root      20   0       0      0      0 I   0.0   0.0   0:01.86 kworker/2:3-events
    140 root      10 -10       0      0      0 S   0.0   0.0   0:00.00 krfcommd
    141 root      20   0       0      0      0 S   0.0   0.0   0:00.01 pr/tty0
    142 root      20   0       0      0      0 S   0.0   0.0   0:03.09 pr/ttyTCU0
    145 root     -51   0       0      0      0 S   0.0   0.0   0:00.00 irq/114-3160000
    147 root     -51   0       0      0      0 S   0.0   0.0   0:00.00 irq/115-3180000
    149 root     -51   0       0      0      0 S   0.0   0.0   0:00.00 irq/116-31b0000
    150 root     -51   0       0      0      0 S   0.0   0.0   0:00.03 irq/167-c240000
    151 root     -51   0       0      0      0 S   0.0   0.0   0:00.00 irq/168-c250000
    152 root     -51   0       0      0      0 S   0.0   0.0   0:00.00 irq/125-3610000
    153 root     -51   0       0      0      0 S   0.0   0.0   0:00.00 irq/122-3610000
    155 root       0 -20       0      0      0 I   0.0   0.0   0:00.00 sdhci
    156 root     -51   0       0      0      0 S   0.0   0.0   0:00.00 irq/120-mmc0
    157 root     -51   0       0      0      0 S   0.0   0.0   0:00.00 irq/230-3400000
    174 root       0 -20       0      0      0 I   0.0   0.0   0:00.06 kworker/3:1H-kblockd
    180 root     -51   0       0      0      0 S   0.0   0.0   0:00.00 irq/191-tegra-p
    181 root       0 -20       0      0      0 I   0.0   0.0   0:00.00 nvme-wq
    182 root       0 -20       0      0      0 I   0.0   0.0   0:00.00 nvme-reset-wq
    183 root       0 -20       0      0      0 I   0.0   0.0   0:00.00 nvme-delete-wq
    192 root     -51   0       0      0      0 S   0.0   0.0   0:00.00 irq/191-aerdrv
    193 root     -51   0       0      0      0 S   0.0   0.0   0:00.00 irq/193-tegra-p
    196 root     -51   0       0      0      0 S   0.0   0.0   0:00.00 irq/193-aerdrv
    197 root     -51   0       0      0      0 S   0.0   0.0   0:00.00 irq/195-tegra-p
    199 root     -51   0       0      0      0 S   0.0   0.0   0:00.00 irq/232-nvme0q0
    200 root     -51   0       0      0      0 S   0.0   0.0   0:00.37 irq/233-nvme0q1
    201 root     -51   0       0      0      0 S   0.0   0.0   0:00.40 irq/234-nvme0q2
    202 root     -51   0       0      0      0 S   0.0   0.0   0:00.53 irq/235-nvme0q3
    203 root     -51   0       0      0      0 S   0.0   0.0   0:00.65 irq/236-nvme0q4
    204 root     -51   0       0      0      0 S   0.0   0.0   0:00.16 irq/237-nvme0q5
    205 root     -51   0       0      0      0 S   0.0   0.0   0:00.12 irq/238-nvme0q6
    211 root       0 -20       0      0      0 I   0.0   0.0   0:00.06 kworker/4:1H-kblockd
    212 root      20   0       0      0      0 S   0.0   0.0   0:01.45 jbd2/nvme0n1p1-
    213 root       0 -20       0      0      0 I   0.0   0.0   0:00.00 ext4-rsv-conver
    222 root       0 -20       0      0      0 I   0.0   0.0   0:00.00 mld
    223 root       0 -20       0      0      0 I   0.0   0.0   0:00.04 kworker/0:1H-kblockd
    224 root       0 -20       0      0      0 I   0.0   0.0   0:00.00 ipv6_addrconf
    256 root      19  -1   76560  38072  36444 S   0.0   0.5   0:29.10 systemd-journal
    278 root       0 -20       0      0      0 I   0.0   0.0   0:00.08 kworker/2:1H-kblockd
    280 root      39  19       0      0      0 S   0.0   0.0   0:01.64 nvmap-bz
    281 root     -51   0       0      0      0 S   0.0   0.0   0:00.00 irq/188-host1x_
    285 root     -51   0       0      0      0 S   0.0   0.0   0:00.00 irq/197-gk20a_s
    286 root     -51   0       0      0      0 S   0.0   0.0   0:00.03 irq/198-gk20a_s
    287 root     -51   0       0      0      0 S   0.0   0.0   0:00.03 irq/199-gk20a_s
    288 root     -51   0       0      0      0 S   0.0   0.0   0:00.00 irq/200-gk20a_n
    291 root       0 -20       0      0      0 I   0.0   0.0   0:00.06 kworker/5:1H-kblockd
    295 root      20   0   11116   3460   3204 S   0.0   0.0   0:00.00 nv-tee-supplica
    299 root      20   0   76588   1360   1248 S   0.0   0.0   0:00.01 tee-supplicant
    301 root       0 -20       0      0      0 I   0.0   0.0   0:00.00 optee_bus_scan
    303 root     -51   0       0      0      0 S   0.0   0.0   0:00.00 irq/189-tegra-p
    313 root     -51   0       0      0      0 S   0.0   0.0   0:00.00 irq/189-aerdrv
    314 root      20   0   23216   5820   3992 S   0.0   0.1   0:00.40 systemd-udevd
    315 root      20   0   23216   5020   3248 S   0.0   0.1   0:00.15 systemd-udevd
    316 root      20   0   23268   6252   4316 S   0.0   0.1   0:00.16 systemd-udevd
    317 root      20   0   23220   4364   2600 S   0.0   0.1   0:00.11 systemd-udevd
    318 root      20   0   23216   4480   2672 S   0.0   0.1   0:00.12 systemd-udevd
    319 root      20   0   23212   5820   3980 S   0.0   0.1   0:00.29 systemd-udevd
    320 root      20   0   23264   4688   2764 S   0.0   0.1   0:00.13 systemd-udevd
    321 root      20   0   23268   5072   3136 S   0.0   0.1   0:00.18 systemd-udevd
    322 root      20   0   23524   5520   3456 S   0.0   0.1   0:00.27 systemd-udevd
    323 root      20   0   23216   6296   4444 S   0.0   0.1   0:00.41 systemd-udevd
    324 root      20   0   23220   5196   3388 S   0.0   0.1   0:00.16 systemd-udevd
    325 root      20   0   23220   5820   3976 S   0.0   0.1   0:00.40 systemd-udevd
    326 root      20   0   23220   5252   3388 S   0.0   0.1   0:00.42 systemd-udevd
    327 root      20   0   23220   5504   3684 S   0.0   0.1   0:00.18 systemd-udevd
    330 root      20   0   23512   5728   3684 S   0.0   0.1   0:00.14 systemd-udevd
    331 root      20   0   24292   5540   2676 S   0.0   0.1   0:00.16 systemd-udevd
    333 root      20   0   23524   5596   3532 S   0.0   0.1   0:00.27 systemd-udevd
    334 root      20   0   23220   5584   3740 S   0.0   0.1   0:00.27 systemd-udevd
    335 root      20   0   23220   4504   2708 S   0.0   0.1   0:00.11 systemd-udevd
    336 root      20   0   23220   4696   2892 S   0.0   0.1   0:00.14 systemd-udevd
    337 root      20   0   23524   5056   2992 S   0.0   0.1   0:00.16 systemd-udevd
    339 root      20   0   23220   4980   3148 S   0.0   0.1   0:00.17 systemd-udevd
    341 root      20   0   23276   5328   3384 S   0.0   0.1   0:00.13 systemd-udevd
    342 root      20   0   23280   5176   3228 S   0.0   0.1   0:00.13 systemd-udevd
    343 root      20   0   23220   5988   4152 S   0.0   0.1   0:00.32 systemd-udevd
    344 root      20   0   23560   6700   4596 S   0.0   0.1   0:00.55 systemd-udevd
    345 root      20   0       0      0      0 S   0.0   0.0   0:00.00 15820000.crypto
    346 root      20   0       0      0      0 S   0.0   0.0   0:00.00 15840000.crypto
    368 root      20   0   23324   5984   4116 S   0.0   0.1   0:00.45 systemd-udevd
    417 root     -51   0       0      0      0 S   0.0   0.0   0:00.00 irq/219-bc00000
    419 root      -2   0       0      0      0 S   0.0   0.0   0:00.00 capture-control
    420 root      -2   0       0      0      0 S   0.0   0.0   0:00.00 capture
    422 root     -51   0       0      0      0 S   0.0   0.0   0:00.00 irq/214-tegra_d
    423 root     -51   0       0      0      0 S   0.0   0.0   0:00.00 irq/215-tegra_d
    424 root       0 -20       0      0      0 I   0.0   0.0   0:00.00 dce-async-ipc-w
    425 root     -51   0       0      0      0 S   0.0   0.0   0:00.00 irq/240-nvvrs-p
    427 root      20   0       0      0      0 S   0.0   0.0   0:00.00 nv_queue
    428 root      20   0       0      0      0 S   0.0   0.0   0:00.00 nv_queue
    483 root     -51   0       0      0      0 S   0.0   0.0   0:00.00 irq/118-3210000
    487 root      20   0       0      0      0 S   0.0   0.0   0:00.00 spi0
    495 root       0 -20       0      0      0 I   0.0   0.0   0:00.00 cfg80211
    497 root     -51   0       0      0      0 S   0.0   0.0   0:00.00 irq/119-3230000
    498 root      20   0       0      0      0 S   0.0   0.0   0:00.00 spi1
    584 root       0 -20       0      0      0 I   0.0   0.0   0:00.00 btfwwork
    650 root      20   0    8236   6424   1432 S   0.0   0.1   0:00.72 haveged
    653 _rpc      20   0    7932   2264   1912 S   0.0   0.0   0:00.03 rpcbind
    659 systemd+  20   0   26320  13580   8496 S   0.0   0.2   0:00.53 systemd-resolve
    662 systemd+  20   0   88880   6332   5484 S   0.0   0.1   0:00.15 systemd-timesyn
    826 avahi     20   0    8084   3108   2752 S   0.0   0.0   0:00.66 avahi-daemon
    827 root      20   0    9888   4552   4112 S   0.0   0.1   0:00.07 bluetoothd
    828 message+  20   0   10496   5632   3584 S   0.0   0.1   0:42.70 dbus-daemon
    829 root      20   0  264864  18900  14872 S   0.0   0.2   0:38.92 NetworkManager
    838 root      20   0   43504  19780  10232 S   0.0   0.3   0:00.15 networkd-dispat
    849 root      20   0  241652   9056   6312 S   0.0   0.1   0:00.60 power-profiles-
    859 root      20   0    2240    796    720 S   0.0   0.0   0:00.00 seatd
    865 root      20   0 2145956  51792  25768 S   0.0   0.7   0:36.79 snapd
    867 root      20   0  242124   7452   6576 S   0.0   0.1   0:02.13 accounts-daemon
    869 root      20   0  238128   6232   5620 S   0.0   0.1   0:00.04 switcheroo-cont
    871 root      20   0   48968   7620   6296 S   0.0   0.1   0:03.64 systemd-logind
    874 root      20   0  394188  13988   9476 S   0.0   0.2   0:01.05 udisksd
    875 root      20   0   16632   9928   8148 S   0.0   0.1   0:01.31 wpa_supplicant
    882 avahi     20   0    7812    356      0 S   0.0   0.0   0:00.00 avahi-daemon
    921 root      30  10   11248   3612   3220 S   0.0   0.0   0:08.48 wifi_mon.sh
    969 root      20   0  237044  10468   6400 S   0.0   0.1   3:06.61 polkitd
   1049 root      20   0       0      0      0 S   0.0   0.0   0:00.00 sw-quiesce
   1052 root      20   0       0      0      0 S   0.0   0.0   0:20.95 nvgpu_channel_p
   1068 root      20   0       0      0      0 S   0.0   0.0   0:00.00 nvgpu_pg_init_g
   1087 root      20   0       0      0      0 S   0.0   0.0   0:00.00 nvgpu_clk_arb_p
   1117 root      20   0       0      0      0 S   0.0   0.0   0:07.69 RTW_CMD_THREAD
   1157 root      20   0   75936   9960   8136 S   0.0   0.1   0:00.01 nvargus-daemon
   1158 root      20   0   11116   3520   3220 S   0.0   0.0   0:00.08 nvmemwarning.sh
   1171 root      20   0   22192   1776   1580 S   0.0   0.0   0:00.00 nvs-service
   1181 ollama    20   0 2006720  39588  20072 S   0.0   0.5   0:01.07 ollama
   1195 root      20   0    2336   1408   1292 S   0.0   0.0   0:01.96 run-cups-browse
   1201 root      20   0    2336   1424   1296 S   0.0   0.0   0:02.02 run-cupsd
   1204 root      20   0       0      0      0 S   0.0   0.0   0:00.00 pr/ramoops-1
   1212 root      20   0 2093336  75924  33916 S   0.0   1.0   0:38.58 containerd
   1239 root      20   0   10772   2824   2576 S   0.0   0.0   0:00.06 cron
   1259 root      20   0  243128   8056   7012 S   0.0   0.1   0:00.02 gdm3
   1263 kernoops  20   0   12812    452      0 S   0.0   0.0   0:00.02 kerneloops
   1290 root      20   0    9468    800    724 S   0.0   0.0   0:00.00 agetty
   1291 kernoops  20   0   12812    452      0 S   0.0   0.0   0:00.02 kerneloops
   1293 root      20   0    9468    804    724 S   0.0   0.0   0:00.00 agetty
   1330 root      20   0  173408   8804   7628 S   0.0   0.1   0:00.02 gdm-session-wor
   1417 root      20   0       0      0      0 S   0.0   0.0   0:00.00 file-storage
   1426 root      20   0   15272   8368   6788 S   0.0   0.1   0:00.73 sshd
   1474 gdm       20   0   18120   9728   7360 S   0.0   0.1   0:00.46 systemd
   1478 root      20   0    3076    992    880 S   0.0   0.0   0:00.00 nvphsd
   1483 root      20   0    3208   1476   1316 S   0.0   0.0   0:00.00 nvphsd
   1497 gdm       20   0  106692   4552      0 S   0.0   0.1   0:00.00 (sd-pam)
   1688 gdm        9 -11   41972   6472   5156 S   0.0   0.1   0:00.07 pipewire
   1689 gdm       20   0   25476   6428   5104 S   0.0   0.1   0:01.69 pipewire-media-
   1690 gdm        9 -11  891840  20748  12584 S   0.0   0.3   0:00.94 pulseaudio
   1695 gdm       20   0  163948   5472   4964 S   0.0   0.1   0:00.00 gdm-x-session
   1697 root      20   0   24.2g  80528  35884 S   0.0   1.0   0:02.02 Xorg
   1698 rtkit     21   1  153504   1588   1380 S   0.0   0.0   0:00.31 rtkit-daemon
   1729 gdm       20   0    8840   3600   3212 S   0.0   0.0   0:00.02 dbus-daemon
   1748 root      20   0       0      0      0 S   0.0   0.0   0:00.00 nvidia-modeset/
   1749 root      20   0       0      0      0 S   0.0   0.0   0:00.00 nvidia-modeset/
   1752 root      20   0       0      0      0 S   0.0   0.0   0:00.00 nvidia
   1753 root      20   0       0      0      0 S   0.0   0.0   0:00.00 nv_queue
   1790 root      20   0       0      0      0 S   0.0   0.0   0:00.00 nvidia-drm-nv-t
   1791 root     -51   0       0      0      0 S   0.0   0.0   0:00.00 card1-crtc0
   1792 root     -51   0       0      0      0 S   0.0   0.0   0:00.00 card1-crtc1
   1980 gdm       20   0    5876   1552   1344 S   0.0   0.0   0:00.00 dbus-run-sessio
   1983 gdm       20   0    9108   4440   3588 S   0.0   0.1   0:00.13 dbus-daemon
   2035 gdm       20   0  597840  17824  12972 S   0.0   0.2   0:01.00 gnome-session-b
   2057 gdm       20   0  310068   8976   6272 S   0.0   0.1   0:00.00 at-spi-bus-laun
   2062 gdm       20   0    8692   3556   3168 S   0.0   0.0   0:00.00 dbus-daemon
   2092 gdm       20   0  237676   4964   4528 S   0.0   0.1   0:00.00 xdg-permission-
   2099 root      20   0  243852  10136   6984 S   0.0   0.1   0:00.47 upowerd
   2106 root      20   0  301608  19332  16408 S   0.0   0.2   0:01.57 packagekitd
   2110 gdm       20   0 2812288  25716  20860 S   0.0   0.3   0:00.08 gjs
   2113 gdm       20   0  163144   7196   6428 S   0.0   0.1   0:00.02 at-spi2-registr
   2141 gdm       20   0  468748   9856   7940 S   0.0   0.1   0:01.97 gsd-sharing
   2146 gdm       20   0  338880  14892  12620 S   0.0   0.2   0:00.06 gsd-wacom
   2148 gdm       20   0  451616  18896  16480 S   0.0   0.2   0:00.22 gsd-color
   2150 gdm       20   0  412392  17092  13292 S   0.0   0.2   0:00.04 gsd-keyboard
   2152 gdm       20   0  316864  13188   6244 S   0.0   0.2   0:00.10 ibus-daemon
   2156 gdm       20   0  326124   9848   8488 S   0.0   0.1   0:00.02 gsd-print-notif
   2166 gdm       20   0  242216   6512   5848 S   0.0   0.1   0:00.01 gvfsd
   2168 gdm       20   0  459796   6140   5436 S   0.0   0.1   0:00.58 gsd-rfkill
   2170 gdm       20   0  388312   7432   6528 S   0.0   0.1   0:00.01 gsd-smartcard
   2173 gdm       20   0  380556  16508  12504 S   0.0   0.2   0:00.03 gsd-datetime
   2183 gdm       20   0  864216  20108  17428 S   0.0   0.3   0:00.52 gsd-media-keys
   2184 gdm       20   0  237936   4760   4376 S   0.0   0.1   0:00.01 gsd-screensaver
   2185 gdm       20   0  322096  10392   7320 S   0.0   0.1   0:00.02 gsd-sound
   2186 gdm       20   0  312416   8104   5476 S   0.0   0.1   0:00.01 gsd-a11y-settin
   2193 gdm       20   0  313996   8944   6152 S   0.0   0.1   0:00.97 gsd-housekeepin
   2195 gdm       20   0  450004  20288  15904 S   0.0   0.3   0:00.52 gsd-power
   2218 gdm       20   0  347052  12608  10748 S   0.0   0.2   0:00.03 gsd-printer
   2221 gdm       20   0  239040   6576   5948 S   0.0   0.1   0:00.00 ibus-dconf
   2233 gdm       20   0  238936   5920   5488 S   0.0   0.1   0:00.00 ibus-portal
   2263 colord    20   0  247516  14492   8720 S   0.0   0.2   0:00.27 colord
   2285 gdm       20   0 2812300  27868  20904 S   0.0   0.4   0:00.09 gjs
   2349 gdm       20   0  165096   6516   5892 S   0.0   0.1   0:00.01 ibus-engine-sim
   2508 root      20   0  136716  13172   9512 S   0.0   0.2   0:00.70 cupsd
   2522 root      20   0  260792  17940  13508 S   0.0   0.2   0:01.60 cups-browsed
  11687 jetson    20   0   18140   9764   7368 S   0.0   0.1   0:00.37 systemd
  11688 jetson    20   0  172512   4632      0 S   0.0   0.1   0:00.00 (sd-pam)
  11696 jetson    20   0   41976   6552   5228 S   0.0   0.1   0:00.06 pipewire
  11697 jetson    20   0   25484   6724   5388 S   0.0   0.1   0:01.86 pipewire-media-
  11749 jetson    20   0    8888   4168   3672 S   0.0   0.1   0:00.03 dbus-daemon
  13234 jetson    20   0  203640  35476  13212 S   0.0   0.5   0:00.75 ros2
  13236 jetson    20   0 2070472  36080  17228 S   0.0   0.5   0:00.90 docker
  13238 jetson    20   0  428524  31584  15828 S   0.0   0.4   2:22.10 robot_state_pub
  13265 root      20   0 1232976  11076   5960 S   0.0   0.1   0:02.39 containerd-shim
  13294 root      20   0   49400  29204  14412 S   0.0   0.4   0:00.40 ros2
  90870 root      20   0       0      0      0 I   0.0   0.0   0:23.05 kworker/u12:11-events_unbound
 100141 root      20   0       0      0      0 I   0.0   0.0   0:22.80 kworker/u12:6-events_unbound
 284193 root      20   0       0      0      0 I   0.0   0.0   0:13.25 kworker/u12:3-events_freezable_power_
 407770 root      20   0       0      0      0 I   0.0   0.0   0:09.23 kworker/u12:9-events_unbound
 417230 root      20   0       0      0      0 I   0.0   0.0   0:07.55 kworker/u12:0-events_unbound
 437586 root      20   0       0      0      0 I   0.0   0.0   0:06.21 kworker/u12:4-events_freezable_power_
 465092 root      20   0  238836   6948   5700 S   0.0   0.1   0:01.13 iio-sensor-prox
 481530 root       0 -20       0      0      0 I   0.0   0.0   0:07.90 kworker/u13:3-uvcvideo
 494770 root      20   0 1233488  12692   6732 S   0.0   0.2   0:09.03 containerd-shim
 494799 jetson    20   0    5508    792    704 S   0.0   0.0   0:00.21 sleep
 494866 root      20   0   21760   5464   3940 S   0.0   0.1   0:03.62 systemd-udevd
 494879 root      20   0   21756   3352   1840 S   0.0   0.0   0:01.00 systemd-udevd
 509136 root      20   0       0      0      0 I   0.0   0.0   0:03.76 kworker/u12:5-events_unbound
 512501 root      20   0       0      0      0 I   0.0   0.0   0:00.21 kworker/4:0-events
 513123 jetson    20   0  572504  38640  13228 S   0.0   0.5   0:01.15 ros2
 513133 jetson    20   0 1082972  60484  26368 S   0.0   0.8   1:15.11 foxglove_bridge
 513219 root      20   0   21752   3192   1712 S   0.0   0.0   0:00.00 systemd-udevd
 513220 root      20   0   21760   3352   1840 S   0.0   0.0   0:00.00 systemd-udevd
 513233 root      20   0   21760   3356   1840 S   0.0   0.0   0:00.00 systemd-udevd
 513234 root      20   0   21760   3356   1840 S   0.0   0.0   0:00.00 systemd-udevd
 513235 root      20   0   21760   3336   1840 S   0.0   0.0   0:00.00 systemd-udevd
 513236 root      20   0   21760   3352   1840 S   0.0   0.0   0:00.00 systemd-udevd
 513237 root      20   0   21760   3336   1840 S   0.0   0.0   0:00.00 systemd-udevd
 513251 root      20   0   21760   3840   2288 S   0.0   0.0   0:00.00 systemd-udevd
 513265 root      20   0   21760   4056   2496 S   0.0   0.1   0:00.00 systemd-udevd
 513266 root      20   0   21760   3244   1712 S   0.0   0.0   0:00.00 systemd-udevd
 513437 jetson    20   0  129772  36180  13228 S   0.0   0.5   0:00.78 ros2
 536340 root      20   0       0      0      0 I   0.0   0.0   0:00.15 kworker/1:1-cgroup_destroy
 536745 root       0 -20       0      0      0 I   0.0   0.0   0:05.51 kworker/u13:4-uvcvideo
 538507 root      20   0       0      0      0 I   0.0   0.0   0:00.18 kworker/0:0-events
 550304 root      20   0       0      0      0 I   0.0   0.0   0:00.30 kworker/5:0-events
 568778 root      20   0       0      0      0 I   0.0   0.0   0:00.00 kworker/2:0-cgroup_destroy
 576600 root      20   0       0      0      0 I   0.0   0.0   0:00.18 kworker/3:0-events
 576729 root      20   0       0      0      0 I   0.0   0.0   0:00.09 kworker/5:1-events
 576909 root      20   0       0      0      0 I   0.0   0.0   0:00.03 kworker/4:1-events
 589172 root      20   0       0      0      0 I   0.0   0.0   0:00.74 kworker/u12:10-events_freezable_power_
 590592 root      20   0       0      0      0 I   0.0   0.0   0:00.00 kworker/0:2-cgroup_destroy
 591089 root       0 -20       0      0      0 I   0.0   0.0   0:03.02 kworker/u13:1-uvcvideo
 602672 root      20   0       0      0      0 I   0.0   0.0   0:00.08 kworker/1:3-events
 608435 root      20   0       0      0      0 I   0.0   0.0   0:00.00 kworker/3:2-cgroup_destroy
 608538 root      20   0       0      0      0 I   0.0   0.0   0:00.00 kworker/2:2-events
 609021 jetson    20   0  796964  40120  13228 S   0.0   0.5   0:01.37 ros2
 609212 root      20   0       0      0      0 I   0.0   0.0   0:00.04 kworker/0:1-events
 609220 jetson    20   0   53568  30340  15008 S   0.0   0.4   0:00.41 ros2
 613727 root      20   0    9436    780    704 S   0.0   0.0   0:00.00 sleep
 615420 root      20   0       0      0      0 I   0.0   0.0   0:00.01 kworker/4:2-events
 617319 root      20   0       0      0      0 I   0.0   0.0   0:00.00 kworker/0:3-cgroup_destroy
 621315 root      20   0       0      0      0 I   0.0   0.0   0:00.00 kworker/1:0-events
 621531 root      20   0       0      0      0 I   0.0   0.0   0:00.00 kworker/5:2-events
 622272 root      20   0       0      0      0 I   0.0   0.0   0:00.01 kworker/u12:7-events_freezable_power_
 623951 jetson    20   0   11248   3292   2852 S   0.0   0.0   0:00.03 bash
 626884 jetson    20   0   11248   3292   2860 S   0.0   0.0   0:00.01 bash
 627202 jetson    20   0    9480    808    724 S   0.0   0.0   0:00.00 tail
 628397 root      30  10   11248   1712   1320 S   0.0   0.0   0:00.00 wifi_mon.sh
 628398 root      30  10   11248   1776   1384 S   0.0   0.0   0:00.00 wifi_mon.sh
 628399 root      30  10    9444    792    712 S   0.0   0.0   0:00.00 timeout
 628400 root      30  10    2768   1088    960 S   0.0   0.0   0:00.00 iw
 628894 root      20   0       0      0      0 I   0.0   0.0   0:00.00 kworker/3:1-events
 629003 jetson    20   0    9444    788    704 S   0.0   0.0   0:00.00 sleep

top - 15:56:17 up  6:19,  0 users,  load average: 9.16, 8.43, 6.86
Tasks: 353 total,   2 running, 351 sleeping,   0 stopped,   0 zombie
%Cpu(s): 39.7 us,  9.3 sy,  0.0 ni, 46.5 id,  0.0 wa,  2.4 hi,  2.0 si,  0.0 st
MiB Mem :   7607.4 total,   2335.4 free,   2223.0 used,   3049.0 buff/cache
MiB Swap:   3803.7 total,   3803.7 free,      0.0 used.   5067.4 avail Mem 

    PID USER      PR  NI    VIRT    RES    SHR S  %CPU  %MEM     TIME+ COMMAND
 627201 jetson    20   0  754196  72328  29564 S  41.9   0.9   0:12.95 python3
 513359 jetson    20   0  709132  64972  27276 S  35.0   0.8  14:20.69 python3
 609057 jetson    20   0  962968  50292  23524 S  32.0   0.6   0:46.93 controller_serv
 626968 jetson    20   0  764024  55912  25372 S  24.1   0.7   0:08.23 ros2
 609244 jetson    20   0 9351828 401940  84352 S  16.7   5.2   1:02.40 nvblox_node
 609065 jetson    20   0  531040  46344  26216 S  15.8   0.6   0:39.28 bt_navigator
 513129 jetson    20   0  432964  27132  14244 S  15.3   0.3   6:32.99 rplidar_node
 513125 jetson    20   0 1750824 109580  51324 S  13.8   1.4   5:36.36 realsense2_came
 513439 jetson    20   0 1061928  53500  24360 S  12.8   0.7   1:33.97 async_slam_tool
 609086 jetson    20   0  577388  31744  16252 S  11.8   0.4   0:43.72 lifecycle_manag
 513361 jetson    20   0  506336  34940  18388 R  10.8   0.4   4:34.44 ekf_node
 513131 jetson    20   0  708192  64296  27388 S  10.3   0.8   3:29.98 python3
 609055 jetson    20   0  709540  62092  27352 S   9.9   0.8   0:21.24 python3
 609061 jetson    20   0 1070624  72068  24604 S   9.4   0.9   0:39.84 planner_server
 609063 jetson    20   0  516308  35412  21032 S   7.4   0.5   0:30.59 behavior_server
 609059 jetson    20   0  664644  35128  19412 S   5.9   0.5   0:25.90 smoother_server
 609067 jetson    20   0  431292  29316  17020 S   5.9   0.4   0:22.09 waypoint_follow
 609077 jetson    20   0  428704  29676  15956 S   5.9   0.4   0:22.26 velocity_smooth
  13320 root      20   0 1300496  44944  11392 S   4.4   0.6  30:13.27 micro_ros_agent
 513127 jetson    20   0  710792  65280  27232 S   3.0   0.8   2:02.57 python3
 418183 root       0 -20       0      0      0 I   1.5   0.0   0:13.17 kworker/u13:0-uvcvideo
    904 root      rt   0       0      0      0 S   1.0   0.0   1:47.65 sugov:0
    909 root      rt   0       0      0      0 S   1.0   0.0   0:50.45 sugov:4
 494770 root      20   0 1233488  12748   6732 S   1.0   0.2   0:09.05 containerd-shim
 626969 jetson    20   0   14340   3376   2764 R   1.0   0.0   0:00.37 top
     15 root      20   0       0      0      0 I   0.5   0.0   0:09.97 rcu_preempt
     20 root      20   0       0      0      0 S   0.5   0.0   0:01.61 ksoftirqd/1
    256 root      19  -1   76560  38072  36444 S   0.5   0.5   0:29.11 systemd-journal
   1212 root      20   0 2093336  75924  33916 S   0.5   1.0   0:38.59 containerd
   1588 root      20   0 2353004 116452  56964 S   0.5   1.5   0:27.87 dockerd
 417230 root      20   0       0      0      0 I   0.5   0.0   0:07.56 kworker/u12:0-events_freezable_power_
 437586 root      20   0       0      0      0 I   0.5   0.0   0:06.22 kworker/u12:4-events_unbound
 509136 root      20   0       0      0      0 I   0.5   0.0   0:03.77 kworker/u12:5-events_freezable_power_
 513250 root      20   0   21760   4428   2868 S   0.5   0.1   0:06.04 systemd-udevd
 589172 root      20   0       0      0      0 I   0.5   0.0   0:00.75 kworker/u12:10-events_freezable_power_
 609021 jetson    20   0  796964  40120  13228 S   0.5   0.5   0:01.38 ros2
      1 root      20   0  167628  11768   7448 S   0.0   0.2   0:29.54 systemd
      2 root      20   0       0      0      0 S   0.0   0.0   0:00.03 kthreadd
      3 root       0 -20       0      0      0 I   0.0   0.0   0:00.00 rcu_gp
      4 root       0 -20       0      0      0 I   0.0   0.0   0:00.00 rcu_par_gp
      5 root       0 -20       0      0      0 I   0.0   0.0   0:00.00 slub_flushwq
      6 root       0 -20       0      0      0 I   0.0   0.0   0:00.00 netns
      8 root       0 -20       0      0      0 I   0.0   0.0   0:00.00 kworker/0:0H-events_highpri
     10 root       0 -20       0      0      0 I   0.0   0.0   0:00.00 mm_percpu_wq
     11 root      20   0       0      0      0 S   0.0   0.0   0:00.00 rcu_tasks_kthre
     12 root      20   0       0      0      0 S   0.0   0.0   0:00.00 rcu_tasks_rude_
     13 root      20   0       0      0      0 S   0.0   0.0   0:00.00 rcu_tasks_trace
     14 root      20   0       0      0      0 S   0.0   0.0   0:22.58 ksoftirqd/0
     16 root      rt   0       0      0      0 S   0.0   0.0   0:00.02 migration/0
     17 root      20   0       0      0      0 S   0.0   0.0   0:00.00 cpuhp/0
     18 root      20   0       0      0      0 S   0.0   0.0   0:00.00 cpuhp/1
     19 root      rt   0       0      0      0 S   0.0   0.0   0:00.03 migration/1
     22 root       0 -20       0      0      0 I   0.0   0.0   0:00.00 kworker/1:0H-events_highpri
     23 root      20   0       0      0      0 S   0.0   0.0   0:00.00 cpuhp/2
     24 root      rt   0       0      0      0 S   0.0   0.0   0:00.02 migration/2
     25 root      20   0       0      0      0 S   0.0   0.0   0:01.61 ksoftirqd/2
     27 root       0 -20       0      0      0 I   0.0   0.0   0:00.00 kworker/2:0H-events_highpri
     28 root      20   0       0      0      0 S   0.0   0.0   0:00.00 cpuhp/3
     29 root      rt   0       0      0      0 S   0.0   0.0   0:00.02 migration/3
     30 root      20   0       0      0      0 S   0.0   0.0   0:01.50 ksoftirqd/3
     32 root       0 -20       0      0      0 I   0.0   0.0   0:00.00 kworker/3:0H-events_highpri
     33 root      20   0       0      0      0 S   0.0   0.0   0:00.00 cpuhp/4
     34 root      rt   0       0      0      0 S   0.0   0.0   0:00.06 migration/4
     35 root      20   0       0      0      0 S   0.0   0.0   0:01.12 ksoftirqd/4
     37 root       0 -20       0      0      0 I   0.0   0.0   0:00.00 kworker/4:0H-kblockd
     38 root      20   0       0      0      0 S   0.0   0.0   0:00.00 cpuhp/5
     39 root      rt   0       0      0      0 S   0.0   0.0   0:00.07 migration/5
     40 root      20   0       0      0      0 S   0.0   0.0   0:01.17 ksoftirqd/5
     42 root       0 -20       0      0      0 I   0.0   0.0   0:00.00 kworker/5:0H-events_highpri
     43 root      20   0       0      0      0 S   0.0   0.0   0:00.01 kdevtmpfs
     44 root       0 -20       0      0      0 I   0.0   0.0   0:00.00 inet_frag_wq
     51 root      20   0       0      0      0 S   0.0   0.0   0:00.00 kauditd
     52 root      20   0       0      0      0 S   0.0   0.0   0:00.00 oom_reaper
     53 root       0 -20       0      0      0 I   0.0   0.0   0:00.00 writeback
     54 root      20   0       0      0      0 S   0.0   0.0   0:00.19 kcompactd0
     55 root      25   5       0      0      0 S   0.0   0.0   0:00.00 ksmd
     56 root      39  19       0      0      0 S   0.0   0.0   0:02.04 khugepaged
     67 root       0 -20       0      0      0 I   0.0   0.0   0:00.00 cryptd
     86 root       0 -20       0      0      0 I   0.0   0.0   0:00.00 kintegrityd
     87 root       0 -20       0      0      0 I   0.0   0.0   0:00.00 kblockd
     88 root       0 -20       0      0      0 I   0.0   0.0   0:00.00 blkcg_punt_bio
     89 root       0 -20       0      0      0 I   0.0   0.0   0:00.00 tpm_dev_wq
     90 root       0 -20       0      0      0 I   0.0   0.0   0:00.00 ata_sff
     91 root       0 -20       0      0      0 I   0.0   0.0   0:00.00 edac-poller
     92 root       0 -20       0      0      0 I   0.0   0.0   0:00.00 devfreq_wq
     93 root     -51   0       0      0      0 S   0.0   0.0   0:00.00 watchdogd
     96 root       0 -20       0      0      0 I   0.0   0.0   0:00.06 kworker/1:1H-kblockd
     97 root       0 -20       0      0      0 I   0.0   0.0   0:00.00 rpciod
     99 root       0 -20       0      0      0 I   0.0   0.0   0:00.00 xprtiod
    127 root      20   0       0      0      0 S   0.0   0.0   0:00.00 kswapd0
    128 root       0 -20       0      0      0 I   0.0   0.0   0:00.00 nfsiod
    132 root       0 -20       0      0      0 I   0.0   0.0   0:00.00 vfio-irqfd-clea
    133 root       0 -20       0      0      0 I   0.0   0.0   0:00.00 bch_btree_io
    134 root       0 -20       0      0      0 I   0.0   0.0   0:00.00 bcache
    135 root       0 -20       0      0      0 I   0.0   0.0   0:00.00 bch_journal
    136 root       0 -20       0      0      0 I   0.0   0.0   0:00.00 dm_bufio_cache
    139 root      20   0       0      0      0 I   0.0   0.0   0:01.86 kworker/2:3-events
    140 root      10 -10       0      0      0 S   0.0   0.0   0:00.00 krfcommd
    141 root      20   0       0      0      0 S   0.0   0.0   0:00.01 pr/tty0
    142 root      20   0       0      0      0 S   0.0   0.0   0:03.09 pr/ttyTCU0
    145 root     -51   0       0      0      0 S   0.0   0.0   0:00.00 irq/114-3160000
    147 root     -51   0       0      0      0 S   0.0   0.0   0:00.00 irq/115-3180000
    149 root     -51   0       0      0      0 S   0.0   0.0   0:00.00 irq/116-31b0000
    150 root     -51   0       0      0      0 S   0.0   0.0   0:00.03 irq/167-c240000
    151 root     -51   0       0      0      0 S   0.0   0.0   0:00.00 irq/168-c250000
    152 root     -51   0       0      0      0 S   0.0   0.0   0:00.00 irq/125-3610000
    153 root     -51   0       0      0      0 S   0.0   0.0   0:00.00 irq/122-3610000
    155 root       0 -20       0      0      0 I   0.0   0.0   0:00.00 sdhci
    156 root     -51   0       0      0      0 S   0.0   0.0   0:00.00 irq/120-mmc0
    157 root     -51   0       0      0      0 S   0.0   0.0   0:00.00 irq/230-3400000
    174 root       0 -20       0      0      0 I   0.0   0.0   0:00.06 kworker/3:1H-kblockd
    180 root     -51   0       0      0      0 S   0.0   0.0   0:00.00 irq/191-tegra-p
    181 root       0 -20       0      0      0 I   0.0   0.0   0:00.00 nvme-wq
    182 root       0 -20       0      0      0 I   0.0   0.0   0:00.00 nvme-reset-wq
    183 root       0 -20       0      0      0 I   0.0   0.0   0:00.00 nvme-delete-wq
    192 root     -51   0       0      0      0 S   0.0   0.0   0:00.00 irq/191-aerdrv
    193 root     -51   0       0      0      0 S   0.0   0.0   0:00.00 irq/193-tegra-p
    196 root     -51   0       0      0      0 S   0.0   0.0   0:00.00 irq/193-aerdrv
    197 root     -51   0       0      0      0 S   0.0   0.0   0:00.00 irq/195-tegra-p
    199 root     -51   0       0      0      0 S   0.0   0.0   0:00.00 irq/232-nvme0q0
    200 root     -51   0       0      0      0 S   0.0   0.0   0:00.37 irq/233-nvme0q1
    201 root     -51   0       0      0      0 S   0.0   0.0   0:00.40 irq/234-nvme0q2
    202 root     -51   0       0      0      0 S   0.0   0.0   0:00.53 irq/235-nvme0q3
    203 root     -51   0       0      0      0 S   0.0   0.0   0:00.65 irq/236-nvme0q4
    204 root     -51   0       0      0      0 S   0.0   0.0   0:00.16 irq/237-nvme0q5
    205 root     -51   0       0      0      0 S   0.0   0.0   0:00.12 irq/238-nvme0q6
    211 root       0 -20       0      0      0 I   0.0   0.0   0:00.06 kworker/4:1H-kblockd
    212 root      20   0       0      0      0 S   0.0   0.0   0:01.45 jbd2/nvme0n1p1-
    213 root       0 -20       0      0      0 I   0.0   0.0   0:00.00 ext4-rsv-conver
    222 root       0 -20       0      0      0 I   0.0   0.0   0:00.00 mld
    223 root       0 -20       0      0      0 I   0.0   0.0   0:00.04 kworker/0:1H-kblockd
    224 root       0 -20       0      0      0 I   0.0   0.0   0:00.00 ipv6_addrconf
    278 root       0 -20       0      0      0 I   0.0   0.0   0:00.08 kworker/2:1H-kblockd
    280 root      39  19       0      0      0 S   0.0   0.0   0:01.64 nvmap-bz
    281 root     -51   0       0      0      0 S   0.0   0.0   0:00.00 irq/188-host1x_
    285 root     -51   0       0      0      0 S   0.0   0.0   0:00.00 irq/197-gk20a_s
    286 root     -51   0       0      0      0 S   0.0   0.0   0:00.03 irq/198-gk20a_s
    287 root     -51   0       0      0      0 S   0.0   0.0   0:00.03 irq/199-gk20a_s
    288 root     -51   0       0      0      0 S   0.0   0.0   0:00.00 irq/200-gk20a_n
    291 root       0 -20       0      0      0 I   0.0   0.0   0:00.06 kworker/5:1H-kblockd
    295 root      20   0   11116   3460   3204 S   0.0   0.0   0:00.00 nv-tee-supplica
    299 root      20   0   76588   1360   1248 S   0.0   0.0   0:00.01 tee-supplicant
    301 root       0 -20       0      0      0 I   0.0   0.0   0:00.00 optee_bus_scan
    303 root     -51   0       0      0      0 S   0.0   0.0   0:00.00 irq/189-tegra-p
    312 root      20   0   23732   6316   4080 S   0.0   0.1   0:26.87 systemd-udevd
    313 root     -51   0       0      0      0 S   0.0   0.0   0:00.00 irq/189-aerdrv
    314 root      20   0   23216   5820   3992 S   0.0   0.1   0:00.40 systemd-udevd
    315 root      20   0   23216   5020   3248 S   0.0   0.1   0:00.15 systemd-udevd
    316 root      20   0   23268   6252   4316 S   0.0   0.1   0:00.16 systemd-udevd
    317 root      20   0   23220   4364   2600 S   0.0   0.1   0:00.11 systemd-udevd
    318 root      20   0   23216   4480   2672 S   0.0   0.1   0:00.12 systemd-udevd
    319 root      20   0   23212   5820   3980 S   0.0   0.1   0:00.29 systemd-udevd
    320 root      20   0   23264   4688   2764 S   0.0   0.1   0:00.13 systemd-udevd
    321 root      20   0   23268   5072   3136 S   0.0   0.1   0:00.18 systemd-udevd
    322 root      20   0   23524   5520   3456 S   0.0   0.1   0:00.27 systemd-udevd
    323 root      20   0   23216   6296   4444 S   0.0   0.1   0:00.41 systemd-udevd
    324 root      20   0   23220   5196   3388 S   0.0   0.1   0:00.16 systemd-udevd
    325 root      20   0   23220   5820   3976 S   0.0   0.1   0:00.40 systemd-udevd
    326 root      20   0   23220   5252   3388 S   0.0   0.1   0:00.42 systemd-udevd
    327 root      20   0   23220   5504   3684 S   0.0   0.1   0:00.18 systemd-udevd
    330 root      20   0   23512   5728   3684 S   0.0   0.1   0:00.14 systemd-udevd
    331 root      20   0   24292   5540   2676 S   0.0   0.1   0:00.16 systemd-udevd
    333 root      20   0   23524   5596   3532 S   0.0   0.1   0:00.27 systemd-udevd
    334 root      20   0   23220   5584   3740 S   0.0   0.1   0:00.27 systemd-udevd
    335 root      20   0   23220   4504   2708 S   0.0   0.1   0:00.11 systemd-udevd
    336 root      20   0   23220   4696   2892 S   0.0   0.1   0:00.14 systemd-udevd
    337 root      20   0   23524   5056   2992 S   0.0   0.1   0:00.16 systemd-udevd
    339 root      20   0   23220   4980   3148 S   0.0   0.1   0:00.17 systemd-udevd
    340 root      20   0   23544   6732   4608 S   0.0   0.1   1:30.12 systemd-udevd
    341 root      20   0   23276   5328   3384 S   0.0   0.1   0:00.13 systemd-udevd
    342 root      20   0   23280   5176   3228 S   0.0   0.1   0:00.13 systemd-udevd
    343 root      20   0   23220   5988   4152 S   0.0   0.1   0:00.32 systemd-udevd
    344 root      20   0   23560   6700   4596 S   0.0   0.1   0:00.55 systemd-udevd
    345 root      20   0       0      0      0 S   0.0   0.0   0:00.00 15820000.crypto
    346 root      20   0       0      0      0 S   0.0   0.0   0:00.00 15840000.crypto
    368 root      20   0   23324   5984   4116 S   0.0   0.1   0:00.45 systemd-udevd
    417 root     -51   0       0      0      0 S   0.0   0.0   0:00.00 irq/219-bc00000
    419 root      -2   0       0      0      0 S   0.0   0.0   0:00.00 capture-control
    420 root      -2   0       0      0      0 S   0.0   0.0   0:00.00 capture
    422 root     -51   0       0      0      0 S   0.0   0.0   0:00.00 irq/214-tegra_d
    423 root     -51   0       0      0      0 S   0.0   0.0   0:00.00 irq/215-tegra_d
    424 root       0 -20       0      0      0 I   0.0   0.0   0:00.00 dce-async-ipc-w
    425 root     -51   0       0      0      0 S   0.0   0.0   0:00.00 irq/240-nvvrs-p
    427 root      20   0       0      0      0 S   0.0   0.0   0:00.00 nv_queue
    428 root      20   0       0      0      0 S   0.0   0.0   0:00.00 nv_queue
    483 root     -51   0       0      0      0 S   0.0   0.0   0:00.00 irq/118-3210000
    487 root      20   0       0      0      0 S   0.0   0.0   0:00.00 spi0
    495 root       0 -20       0      0      0 I   0.0   0.0   0:00.00 cfg80211
    497 root     -51   0       0      0      0 S   0.0   0.0   0:00.00 irq/119-3230000
    498 root      20   0       0      0      0 S   0.0   0.0   0:00.00 spi1
    584 root       0 -20       0      0      0 I   0.0   0.0   0:00.00 btfwwork
    650 root      20   0    8236   6424   1432 S   0.0   0.1   0:00.72 haveged
    653 _rpc      20   0    7932   2264   1912 S   0.0   0.0   0:00.03 rpcbind
    659 systemd+  20   0   26320  13580   8496 S   0.0   0.2   0:00.53 systemd-resolve
    662 systemd+  20   0   88880   6332   5484 S   0.0   0.1   0:00.15 systemd-timesyn
    826 avahi     20   0    8084   3108   2752 S   0.0   0.0   0:00.66 avahi-daemon
    827 root      20   0    9888   4552   4112 S   0.0   0.1   0:00.07 bluetoothd
    828 message+  20   0   10496   5632   3584 S   0.0   0.1   0:42.70 dbus-daemon
    829 root      20   0  264864  18900  14872 S   0.0   0.2   0:38.92 NetworkManager
    838 root      20   0   43504  19780  10232 S   0.0   0.3   0:00.15 networkd-dispat
    849 root      20   0  241652   9056   6312 S   0.0   0.1   0:00.60 power-profiles-
    854 syslog    20   0  222160   5012   3672 S   0.0   0.1   0:05.54 rsyslogd
    859 root      20   0    2240    796    720 S   0.0   0.0   0:00.00 seatd
    865 root      20   0 2145956  51792  25768 S   0.0   0.7   0:36.79 snapd
    867 root      20   0  242124   7452   6576 S   0.0   0.1   0:02.13 accounts-daemon
    869 root      20   0  238128   6232   5620 S   0.0   0.1   0:00.04 switcheroo-cont
    871 root      20   0   48968   7620   6296 S   0.0   0.1   0:03.64 systemd-logind
    874 root      20   0  394188  13988   9476 S   0.0   0.2   0:01.05 udisksd
    875 root      20   0   16632   9928   8148 S   0.0   0.1   0:01.31 wpa_supplicant
    882 avahi     20   0    7812    356      0 S   0.0   0.0   0:00.00 avahi-daemon
    921 root      30  10   11248   3612   3220 S   0.0   0.0   0:08.48 wifi_mon.sh
    969 root      20   0  237044  10468   6400 S   0.0   0.1   3:06.61 polkitd
    983 root      20   0    2460   1556   1380 S   0.0   0.0   0:08.24 nvfancontrol
   1049 root      20   0       0      0      0 S   0.0   0.0   0:00.00 sw-quiesce
   1052 root      20   0       0      0      0 S   0.0   0.0   0:20.95 nvgpu_channel_p
   1068 root      20   0       0      0      0 S   0.0   0.0   0:00.00 nvgpu_pg_init_g
   1087 root      20   0       0      0      0 S   0.0   0.0   0:00.00 nvgpu_clk_arb_p
   1117 root      20   0       0      0      0 S   0.0   0.0   0:07.69 RTW_CMD_THREAD
   1157 root      20   0   75936   9960   8136 S   0.0   0.1   0:00.01 nvargus-daemon
   1158 root      20   0   11116   3520   3220 S   0.0   0.0   0:00.08 nvmemwarning.sh
   1171 root      20   0   22192   1776   1580 S   0.0   0.0   0:00.00 nvs-service
   1181 ollama    20   0 2006720  39588  20072 S   0.0   0.5   0:01.07 ollama
   1195 root      20   0    2336   1408   1292 S   0.0   0.0   0:01.96 run-cups-browse
   1201 root      20   0    2336   1424   1296 S   0.0   0.0   0:02.02 run-cupsd
   1204 root      20   0       0      0      0 S   0.0   0.0   0:00.00 pr/ramoops-1
   1239 root      20   0   10772   2824   2576 S   0.0   0.0   0:00.06 cron
   1259 root      20   0  243128   8056   7012 S   0.0   0.1   0:00.02 gdm3
   1263 kernoops  20   0   12812    452      0 S   0.0   0.0   0:00.02 kerneloops
   1290 root      20   0    9468    800    724 S   0.0   0.0   0:00.00 agetty
   1291 kernoops  20   0   12812    452      0 S   0.0   0.0   0:00.02 kerneloops
   1293 root      20   0    9468    804    724 S   0.0   0.0   0:00.00 agetty
   1330 root      20   0  173408   8804   7628 S   0.0   0.1   0:00.02 gdm-session-wor
   1417 root      20   0       0      0      0 S   0.0   0.0   0:00.00 file-storage
   1426 root      20   0   15272   8368   6788 S   0.0   0.1   0:00.73 sshd
   1474 gdm       20   0   18120   9728   7360 S   0.0   0.1   0:00.46 systemd
   1478 root      20   0    3076    992    880 S   0.0   0.0   0:00.00 nvphsd
   1483 root      20   0    3208   1476   1316 S   0.0   0.0   0:00.00 nvphsd
   1497 gdm       20   0  106692   4552      0 S   0.0   0.1   0:00.00 (sd-pam)
   1688 gdm        9 -11   41972   6472   5156 S   0.0   0.1   0:00.07 pipewire
   1689 gdm       20   0   25476   6428   5104 S   0.0   0.1   0:01.69 pipewire-media-
   1690 gdm        9 -11  891840  20748  12584 S   0.0   0.3   0:00.94 pulseaudio
   1695 gdm       20   0  163948   5472   4964 S   0.0   0.1   0:00.00 gdm-x-session
   1697 root      20   0   24.2g  80528  35884 S   0.0   1.0   0:02.02 Xorg
   1698 rtkit     21   1  153504   1588   1380 S   0.0   0.0   0:00.31 rtkit-daemon
   1729 gdm       20   0    8840   3600   3212 S   0.0   0.0   0:00.02 dbus-daemon
   1748 root      20   0       0      0      0 S   0.0   0.0   0:00.00 nvidia-modeset/
   1749 root      20   0       0      0      0 S   0.0   0.0   0:00.00 nvidia-modeset/
   1752 root      20   0       0      0      0 S   0.0   0.0   0:00.00 nvidia
   1753 root      20   0       0      0      0 S   0.0   0.0   0:00.00 nv_queue
   1790 root      20   0       0      0      0 S   0.0   0.0   0:00.00 nvidia-drm-nv-t
   1791 root     -51   0       0      0      0 S   0.0   0.0   0:00.00 card1-crtc0
   1792 root     -51   0       0      0      0 S   0.0   0.0   0:00.00 card1-crtc1
   1980 gdm       20   0    5876   1552   1344 S   0.0   0.0   0:00.00 dbus-run-sessio
   1983 gdm       20   0    9108   4440   3588 S   0.0   0.1   0:00.13 dbus-daemon
   2035 gdm       20   0  597840  17824  12972 S   0.0   0.2   0:01.00 gnome-session-b
   2057 gdm       20   0  310068   8976   6272 S   0.0   0.1   0:00.00 at-spi-bus-laun
   2062 gdm       20   0    8692   3556   3168 S   0.0   0.0   0:00.00 dbus-daemon
   2071 gdm       20   0 3471500 137208  73260 S   0.0   1.8   0:47.18 gnome-shell
   2092 gdm       20   0  237676   4964   4528 S   0.0   0.1   0:00.00 xdg-permission-
   2099 root      20   0  243852  10136   6984 S   0.0   0.1   0:00.47 upowerd
   2106 root      20   0  301608  19332  16408 S   0.0   0.2   0:01.57 packagekitd
   2110 gdm       20   0 2812288  25716  20860 S   0.0   0.3   0:00.08 gjs
   2113 gdm       20   0  163144   7196   6428 S   0.0   0.1   0:00.02 at-spi2-registr
   2141 gdm       20   0  468748   9856   7940 S   0.0   0.1   0:01.97 gsd-sharing
   2146 gdm       20   0  338880  14892  12620 S   0.0   0.2   0:00.06 gsd-wacom
   2148 gdm       20   0  451616  18896  16480 S   0.0   0.2   0:00.22 gsd-color
   2150 gdm       20   0  412392  17092  13292 S   0.0   0.2   0:00.04 gsd-keyboard
   2152 gdm       20   0  316864  13188   6244 S   0.0   0.2   0:00.10 ibus-daemon
   2156 gdm       20   0  326124   9848   8488 S   0.0   0.1   0:00.02 gsd-print-notif
   2166 gdm       20   0  242216   6512   5848 S   0.0   0.1   0:00.01 gvfsd
   2168 gdm       20   0  459796   6140   5436 S   0.0   0.1   0:00.58 gsd-rfkill
   2170 gdm       20   0  388312   7432   6528 S   0.0   0.1   0:00.01 gsd-smartcard
   2173 gdm       20   0  380556  16508  12504 S   0.0   0.2   0:00.03 gsd-datetime
   2183 gdm       20   0  864216  20108  17428 S   0.0   0.3   0:00.52 gsd-media-keys
   2184 gdm       20   0  237936   4760   4376 S   0.0   0.1   0:00.01 gsd-screensaver
   2185 gdm       20   0  322096  10392   7320 S   0.0   0.1   0:00.02 gsd-sound
   2186 gdm       20   0  312416   8104   5476 S   0.0   0.1   0:00.01 gsd-a11y-settin
   2193 gdm       20   0  313996   8944   6152 S   0.0   0.1   0:00.97 gsd-housekeepin
   2195 gdm       20   0  450004  20288  15904 S   0.0   0.3   0:00.52 gsd-power
   2218 gdm       20   0  347052  12608  10748 S   0.0   0.2   0:00.03 gsd-printer
   2221 gdm       20   0  239040   6576   5948 S   0.0   0.1   0:00.00 ibus-dconf
   2233 gdm       20   0  238936   5920   5488 S   0.0   0.1   0:00.00 ibus-portal
   2263 colord    20   0  247516  14492   8720 S   0.0   0.2   0:00.27 colord
   2285 gdm       20   0 2812300  27868  20904 S   0.0   0.4   0:00.09 gjs
   2349 gdm       20   0  165096   6516   5892 S   0.0   0.1   0:00.01 ibus-engine-sim
   2508 root      20   0  136716  13172   9512 S   0.0   0.2   0:00.70 cupsd
   2522 root      20   0  260792  17940  13508 S   0.0   0.2   0:01.60 cups-browsed
  11687 jetson    20   0   18140   9764   7368 S   0.0   0.1   0:00.37 systemd
  11688 jetson    20   0  172512   4632      0 S   0.0   0.1   0:00.00 (sd-pam)
  11696 jetson    20   0   41976   6552   5228 S   0.0   0.1   0:00.06 pipewire
  11697 jetson    20   0   25484   6724   5388 S   0.0   0.1   0:01.86 pipewire-media-
  11749 jetson    20   0    8888   4168   3672 S   0.0   0.1   0:00.03 dbus-daemon
  11931 jetson    20   0  707268  63144  26432 S   0.0   0.8   2:16.44 python3
  13234 jetson    20   0  203640  35476  13212 S   0.0   0.5   0:00.75 ros2
  13236 jetson    20   0 2070472  36080  17228 S   0.0   0.5   0:00.90 docker
  13238 jetson    20   0  428524  31584  15828 S   0.0   0.4   2:22.10 robot_state_pub
  13265 root      20   0 1232976  11076   5960 S   0.0   0.1   0:02.39 containerd-shim
  13294 root      20   0   49400  29204  14412 S   0.0   0.4   0:00.40 ros2
  90870 root      20   0       0      0      0 I   0.0   0.0   0:23.05 kworker/u12:11-events_unbound
 100141 root      20   0       0      0      0 I   0.0   0.0   0:22.80 kworker/u12:6-events_unbound
 284193 root      20   0       0      0      0 I   0.0   0.0   0:13.25 kworker/u12:3-events_unbound
 407770 root      20   0       0      0      0 I   0.0   0.0   0:09.23 kworker/u12:9-events_unbound
 465092 root      20   0  238836   6948   5700 S   0.0   0.1   0:01.13 iio-sensor-prox
 481530 root       0 -20       0      0      0 I   0.0   0.0   0:07.90 kworker/u13:3-uvcvideo
 494799 jetson    20   0    5508    792    704 S   0.0   0.0   0:00.21 sleep
 494866 root      20   0   21760   5464   3940 S   0.0   0.1   0:03.62 systemd-udevd
 494879 root      20   0   21756   3352   1840 S   0.0   0.0   0:01.00 systemd-udevd
 512501 root      20   0       0      0      0 I   0.0   0.0   0:00.21 kworker/4:0-events
 513123 jetson    20   0  572504  38640  13228 S   0.0   0.5   0:01.15 ros2
 513133 jetson    20   0 1082972  60484  26368 S   0.0   0.8   1:15.11 foxglove_bridge
 513219 root      20   0   21752   3192   1712 S   0.0   0.0   0:00.00 systemd-udevd
 513220 root      20   0   21760   3352   1840 S   0.0   0.0   0:00.00 systemd-udevd
 513233 root      20   0   21760   3356   1840 S   0.0   0.0   0:00.00 systemd-udevd
 513234 root      20   0   21760   3356   1840 S   0.0   0.0   0:00.00 systemd-udevd
 513235 root      20   0   21760   3336   1840 S   0.0   0.0   0:00.00 systemd-udevd
 513236 root      20   0   21760   3352   1840 S   0.0   0.0   0:00.00 systemd-udevd
 513237 root      20   0   21760   3336   1840 S   0.0   0.0   0:00.00 systemd-udevd
 513251 root      20   0   21760   3840   2288 S   0.0   0.0   0:00.00 systemd-udevd
 513265 root      20   0   21760   4056   2496 S   0.0   0.1   0:00.00 systemd-udevd
 513266 root      20   0   21760   3244   1712 S   0.0   0.0   0:00.00 systemd-udevd
 513437 jetson    20   0  129772  36180  13228 S   0.0   0.5   0:00.78 ros2
 536340 root      20   0       0      0      0 I   0.0   0.0   0:00.15 kworker/1:1-cgroup_destroy
 536745 root       0 -20       0      0      0 I   0.0   0.0   0:05.51 kworker/u13:4-uvcvideo
 538507 root      20   0       0      0      0 I   0.0   0.0   0:00.18 kworker/0:0-events
 550304 root      20   0       0      0      0 I   0.0   0.0   0:00.30 kworker/5:0-events
 562560 root      20   0       0      0      0 I   0.0   0.0   0:01.80 kworker/u12:1-events_freezable_power_
 568778 root      20   0       0      0      0 I   0.0   0.0   0:00.00 kworker/2:0-cgroup_destroy
 576600 root      20   0       0      0      0 I   0.0   0.0   0:00.18 kworker/3:0-events
 576729 root      20   0       0      0      0 I   0.0   0.0   0:00.09 kworker/5:1-events
 576909 root      20   0       0      0      0 I   0.0   0.0   0:00.03 kworker/4:1-events
 582730 root      20   0       0      0      0 I   0.0   0.0   0:01.34 kworker/u12:2-events_freezable_power_
 590592 root      20   0       0      0      0 I   0.0   0.0   0:00.00 kworker/0:2-cgroup_destroy
 591089 root       0 -20       0      0      0 I   0.0   0.0   0:03.02 kworker/u13:1-uvcvideo
 602672 root      20   0       0      0      0 I   0.0   0.0   0:00.08 kworker/1:3-events
 608435 root      20   0       0      0      0 I   0.0   0.0   0:00.00 kworker/3:2-cgroup_destroy
 608538 root      20   0       0      0      0 I   0.0   0.0   0:00.00 kworker/2:2-events
 609103 jetson    20   0   11248   3076   2756 S   0.0   0.0   0:00.27 bash
 609212 root      20   0       0      0      0 I   0.0   0.0   0:00.04 kworker/0:1-events
 609220 jetson    20   0   53568  30340  15008 S   0.0   0.4   0:00.41 ros2
 613727 root      20   0    9436    780    704 S   0.0   0.0   0:00.00 sleep
 615420 root      20   0       0      0      0 I   0.0   0.0   0:00.01 kworker/4:2-events
 617319 root      20   0       0      0      0 I   0.0   0.0   0:00.00 kworker/0:3-cgroup_destroy
 621315 root      20   0       0      0      0 I   0.0   0.0   0:00.00 kworker/1:0-events
 621531 root      20   0       0      0      0 I   0.0   0.0   0:00.00 kworker/5:2-events
 622272 root      20   0       0      0      0 I   0.0   0.0   0:00.01 kworker/u12:7-events_unbound
 623951 jetson    20   0   11248   3292   2852 S   0.0   0.0   0:00.03 bash
 626884 jetson    20   0   11248   3292   2860 S   0.0   0.0   0:00.01 bash
 626970 jetson    20   0    2872    896    800 S   0.0   0.0   0:00.08 tegrastats
 627202 jetson    20   0    9480    808    724 S   0.0   0.0   0:00.00 tail
 628397 root      30  10   11248   1712   1320 S   0.0   0.0   0:00.00 wifi_mon.sh
 628894 root      20   0       0      0      0 I   0.0   0.0   0:00.00 kworker/3:1-events
 629019 root      30  10    9436    780    704 S   0.0   0.0   0:00.00 sleep
 629121 jetson    20   0    9444    788    704 S   0.0   0.0   0:00.00 sleep

top - 15:56:19 up  6:19,  0 users,  load average: 9.16, 8.43, 6.86
Tasks: 353 total,   4 running, 349 sleeping,   0 stopped,   0 zombie
%Cpu(s): 41.8 us, 10.9 sy,  0.0 ni, 42.8 id,  0.0 wa,  2.4 hi,  2.1 si,  0.0 st
MiB Mem :   7607.4 total,   2335.4 free,   2223.0 used,   3049.0 buff/cache
MiB Swap:   3803.7 total,   3803.7 free,      0.0 used.   5067.4 avail Mem 

    PID USER      PR  NI    VIRT    RES    SHR S  %CPU  %MEM     TIME+ COMMAND
 627201 jetson    20   0  754208  72336  29564 R  39.9   0.9   0:13.76 python3
 513359 jetson    20   0  709132  64972  27276 S  34.0   0.8  14:21.38 python3
 609057 jetson    20   0  962968  50296  23524 S  31.5   0.6   0:47.57 controller_serv
 626968 jetson    20   0  764024  55912  25372 S  23.6   0.7   0:08.71 ros2
 609244 jetson    20   0 9351828 401928  84352 S  16.3   5.2   1:02.73 nvblox_node
 609065 jetson    20   0  531040  46344  26216 R  15.3   0.6   0:39.59 bt_navigator
    969 root      20   0  237044  10468   6400 S  14.3   0.1   3:06.90 polkitd
 513125 jetson    20   0 1750824 109580  51324 S  13.3   1.4   5:36.63 realsense2_came
 513129 jetson    20   0  432964  27132  14244 S  13.3   0.3   6:33.26 rplidar_node
 513439 jetson    20   0 1061928  53500  24360 S  13.3   0.7   1:34.24 async_slam_tool
 513361 jetson    20   0  506336  34940  18388 S  10.8   0.4   4:34.66 ekf_node
 609086 jetson    20   0  577388  31744  16252 S  10.3   0.4   0:43.93 lifecycle_manag
 513131 jetson    20   0  708192  64296  27388 S   9.4   0.8   3:30.17 python3
 609055 jetson    20   0  709540  62092  27352 S   9.4   0.8   0:21.43 python3
 609061 jetson    20   0 1070624  72068  24604 S   8.9   0.9   0:40.02 planner_server
 609063 jetson    20   0  516308  35412  21032 S   6.9   0.5   0:30.73 behavior_server
 609059 jetson    20   0  664644  35128  19412 S   5.9   0.5   0:26.02 smoother_server
 609077 jetson    20   0  428704  29676  15956 S   5.9   0.4   0:22.38 velocity_smooth
 609067 jetson    20   0  431292  29316  17020 S   5.4   0.4   0:22.20 waypoint_follow
  13320 root      20   0 1300496  44944  11392 S   4.4   0.6  30:13.36 micro_ros_agent
 513127 jetson    20   0  710792  65280  27232 R   3.9   0.8   2:02.65 python3
    828 message+  20   0   10496   5632   3584 S   3.0   0.1   0:42.76 dbus-daemon
    829 root      20   0  264864  18900  14872 S   2.5   0.2   0:38.97 NetworkManager
      1 root      20   0  167628  11768   7448 S   2.0   0.2   0:29.58 systemd
    340 root      20   0   23544   6732   4608 S   1.0   0.1   1:30.14 systemd-udevd
    904 root      rt   0       0      0      0 S   1.0   0.0   1:47.67 sugov:0
    909 root      rt   0       0      0      0 S   1.0   0.0   0:50.47 sugov:4
   2071 gdm       20   0 3471500 137220  73260 S   1.0   1.8   0:47.20 gnome-shell
 418183 root       0 -20       0      0      0 I   1.0   0.0   0:13.19 kworker/u13:0-uvcvideo
 626969 jetson    20   0   14340   3376   2764 R   1.0   0.0   0:00.39 top
 629236 jetson    20   0 1848584  28140  16172 S   1.0   0.4   0:00.02 docker
 629250 root      20   0 1828292  16712   8972 S   1.0   0.2   0:00.02 runc
    256 root      19  -1   76560  38336  36708 S   0.5   0.5   0:29.12 systemd-journal
    312 root      20   0   23732   6316   4080 S   0.5   0.1   0:26.88 systemd-udevd
   1212 root      20   0 2093336  75924  33916 S   0.5   1.0   0:38.60 containerd
  11697 jetson    20   0   25484   6724   5388 S   0.5   0.1   0:01.87 pipewire-media-
 284193 root      20   0       0      0      0 I   0.5   0.0   0:13.26 kworker/u12:3-events_freezable_power_
 437586 root      20   0       0      0      0 I   0.5   0.0   0:06.23 kworker/u12:4-events_freezable_power_
 513133 jetson    20   0 1082972  60484  26368 S   0.5   0.8   1:15.12 foxglove_bridge
 626970 jetson    20   0    2872    896    800 S   0.5   0.0   0:00.09 tegrastats
      2 root      20   0       0      0      0 S   0.0   0.0   0:00.03 kthreadd
      3 root       0 -20       0      0      0 I   0.0   0.0   0:00.00 rcu_gp
      4 root       0 -20       0      0      0 I   0.0   0.0   0:00.00 rcu_par_gp
      5 root       0 -20       0      0      0 I   0.0   0.0   0:00.00 slub_flushwq
      6 root       0 -20       0      0      0 I   0.0   0.0   0:00.00 netns
      8 root       0 -20       0      0      0 I   0.0   0.0   0:00.00 kworker/0:0H-events_highpri
     10 root       0 -20       0      0      0 I   0.0   0.0   0:00.00 mm_percpu_wq
     11 root      20   0       0      0      0 S   0.0   0.0   0:00.00 rcu_tasks_kthre
     12 root      20   0       0      0      0 S   0.0   0.0   0:00.00 rcu_tasks_rude_
     13 root      20   0       0      0      0 S   0.0   0.0   0:00.00 rcu_tasks_trace
     14 root      20   0       0      0      0 S   0.0   0.0   0:22.58 ksoftirqd/0
     15 root      20   0       0      0      0 I   0.0   0.0   0:09.97 rcu_preempt
     16 root      rt   0       0      0      0 S   0.0   0.0   0:00.02 migration/0
     17 root      20   0       0      0      0 S   0.0   0.0   0:00.00 cpuhp/0
     18 root      20   0       0      0      0 S   0.0   0.0   0:00.00 cpuhp/1
     19 root      rt   0       0      0      0 S   0.0   0.0   0:00.03 migration/1
     20 root      20   0       0      0      0 S   0.0   0.0   0:01.61 ksoftirqd/1
     22 root       0 -20       0      0      0 I   0.0   0.0   0:00.00 kworker/1:0H-events_highpri
     23 root      20   0       0      0      0 S   0.0   0.0   0:00.00 cpuhp/2
     24 root      rt   0       0      0      0 S   0.0   0.0   0:00.02 migration/2
     25 root      20   0       0      0      0 S   0.0   0.0   0:01.61 ksoftirqd/2
     27 root       0 -20       0      0      0 I   0.0   0.0   0:00.00 kworker/2:0H-events_highpri
     28 root      20   0       0      0      0 S   0.0   0.0   0:00.00 cpuhp/3
     29 root      rt   0       0      0      0 S   0.0   0.0   0:00.02 migration/3
     30 root      20   0       0      0      0 S   0.0   0.0   0:01.50 ksoftirqd/3
     32 root       0 -20       0      0      0 I   0.0   0.0   0:00.00 kworker/3:0H-events_highpri
     33 root      20   0       0      0      0 S   0.0   0.0   0:00.00 cpuhp/4
     34 root      rt   0       0      0      0 S   0.0   0.0   0:00.06 migration/4
     35 root      20   0       0      0      0 S   0.0   0.0   0:01.12 ksoftirqd/4
     37 root       0 -20       0      0      0 I   0.0   0.0   0:00.00 kworker/4:0H-kblockd
     38 root      20   0       0      0      0 S   0.0   0.0   0:00.00 cpuhp/5
     39 root      rt   0       0      0      0 S   0.0   0.0   0:00.07 migration/5
     40 root      20   0       0      0      0 S   0.0   0.0   0:01.17 ksoftirqd/5
     42 root       0 -20       0      0      0 I   0.0   0.0   0:00.00 kworker/5:0H-events_highpri
     43 root      20   0       0      0      0 S   0.0   0.0   0:00.01 kdevtmpfs
     44 root       0 -20       0      0      0 I   0.0   0.0   0:00.00 inet_frag_wq
     51 root      20   0       0      0      0 S   0.0   0.0   0:00.00 kauditd
     52 root      20   0       0      0      0 S   0.0   0.0   0:00.00 oom_reaper
     53 root       0 -20       0      0      0 I   0.0   0.0   0:00.00 writeback
     54 root      20   0       0      0      0 S   0.0   0.0   0:00.19 kcompactd0
     55 root      25   5       0      0      0 S   0.0   0.0   0:00.00 ksmd
     56 root      39  19       0      0      0 S   0.0   0.0   0:02.04 khugepaged
     67 root       0 -20       0      0      0 I   0.0   0.0   0:00.00 cryptd
     86 root       0 -20       0      0      0 I   0.0   0.0   0:00.00 kintegrityd
     87 root       0 -20       0      0      0 I   0.0   0.0   0:00.00 kblockd
     88 root       0 -20       0      0      0 I   0.0   0.0   0:00.00 blkcg_punt_bio
     89 root       0 -20       0      0      0 I   0.0   0.0   0:00.00 tpm_dev_wq
     90 root       0 -20       0      0      0 I   0.0   0.0   0:00.00 ata_sff
     91 root       0 -20       0      0      0 I   0.0   0.0   0:00.00 edac-poller
     92 root       0 -20       0      0      0 I   0.0   0.0   0:00.00 devfreq_wq
     93 root     -51   0       0      0      0 S   0.0   0.0   0:00.00 watchdogd
     96 root       0 -20       0      0      0 I   0.0   0.0   0:00.06 kworker/1:1H-kblockd
     97 root       0 -20       0      0      0 I   0.0   0.0   0:00.00 rpciod
     99 root       0 -20       0      0      0 I   0.0   0.0   0:00.00 xprtiod
    127 root      20   0       0      0      0 S   0.0   0.0   0:00.00 kswapd0
    128 root       0 -20       0      0      0 I   0.0   0.0   0:00.00 nfsiod
    132 root       0 -20       0      0      0 I   0.0   0.0   0:00.00 vfio-irqfd-clea
    133 root       0 -20       0      0      0 I   0.0   0.0   0:00.00 bch_btree_io
    134 root       0 -20       0      0      0 I   0.0   0.0   0:00.00 bcache
    135 root       0 -20       0      0      0 I   0.0   0.0   0:00.00 bch_journal
    136 root       0 -20       0      0      0 I   0.0   0.0   0:00.00 dm_bufio_cache
    139 root      20   0       0      0      0 I   0.0   0.0   0:01.86 kworker/2:3-events
    140 root      10 -10       0      0      0 S   0.0   0.0   0:00.00 krfcommd
    141 root      20   0       0      0      0 S   0.0   0.0   0:00.01 pr/tty0
    142 root      20   0       0      0      0 S   0.0   0.0   0:03.09 pr/ttyTCU0
    145 root     -51   0       0      0      0 S   0.0   0.0   0:00.00 irq/114-3160000
    147 root     -51   0       0      0      0 S   0.0   0.0   0:00.00 irq/115-3180000
    149 root     -51   0       0      0      0 S   0.0   0.0   0:00.00 irq/116-31b0000
    150 root     -51   0       0      0      0 S   0.0   0.0   0:00.03 irq/167-c240000
    151 root     -51   0       0      0      0 S   0.0   0.0   0:00.00 irq/168-c250000
    152 root     -51   0       0      0      0 S   0.0   0.0   0:00.00 irq/125-3610000
    153 root     -51   0       0      0      0 S   0.0   0.0   0:00.00 irq/122-3610000
    155 root       0 -20       0      0      0 I   0.0   0.0   0:00.00 sdhci
    156 root     -51   0       0      0      0 S   0.0   0.0   0:00.00 irq/120-mmc0
    157 root     -51   0       0      0      0 S   0.0   0.0   0:00.00 irq/230-3400000
    174 root       0 -20       0      0      0 I   0.0   0.0   0:00.06 kworker/3:1H-kblockd
    180 root     -51   0       0      0      0 S   0.0   0.0   0:00.00 irq/191-tegra-p
    181 root       0 -20       0      0      0 I   0.0   0.0   0:00.00 nvme-wq
    182 root       0 -20       0      0      0 I   0.0   0.0   0:00.00 nvme-reset-wq
    183 root       0 -20       0      0      0 I   0.0   0.0   0:00.00 nvme-delete-wq
    192 root     -51   0       0      0      0 S   0.0   0.0   0:00.00 irq/191-aerdrv
    193 root     -51   0       0      0      0 S   0.0   0.0   0:00.00 irq/193-tegra-p
    196 root     -51   0       0      0      0 S   0.0   0.0   0:00.00 irq/193-aerdrv
    197 root     -51   0       0      0      0 S   0.0   0.0   0:00.00 irq/195-tegra-p
    199 root     -51   0       0      0      0 S   0.0   0.0   0:00.00 irq/232-nvme0q0
    200 root     -51   0       0      0      0 S   0.0   0.0   0:00.37 irq/233-nvme0q1
    201 root     -51   0       0      0      0 S   0.0   0.0   0:00.40 irq/234-nvme0q2
    202 root     -51   0       0      0      0 S   0.0   0.0   0:00.53 irq/235-nvme0q3
    203 root     -51   0       0      0      0 S   0.0   0.0   0:00.65 irq/236-nvme0q4
    204 root     -51   0       0      0      0 S   0.0   0.0   0:00.16 irq/237-nvme0q5
    205 root     -51   0       0      0      0 S   0.0   0.0   0:00.12 irq/238-nvme0q6
    211 root       0 -20       0      0      0 I   0.0   0.0   0:00.06 kworker/4:1H-kblockd
    212 root      20   0       0      0      0 S   0.0   0.0   0:01.45 jbd2/nvme0n1p1-
    213 root       0 -20       0      0      0 I   0.0   0.0   0:00.00 ext4-rsv-conver
    222 root       0 -20       0      0      0 I   0.0   0.0   0:00.00 mld
    223 root       0 -20       0      0      0 I   0.0   0.0   0:00.04 kworker/0:1H-kblockd
    224 root       0 -20       0      0      0 I   0.0   0.0   0:00.00 ipv6_addrconf
    278 root       0 -20       0      0      0 I   0.0   0.0   0:00.08 kworker/2:1H-kblockd
    280 root      39  19       0      0      0 S   0.0   0.0   0:01.64 nvmap-bz
    281 root     -51   0       0      0      0 S   0.0   0.0   0:00.00 irq/188-host1x_
    285 root     -51   0       0      0      0 S   0.0   0.0   0:00.00 irq/197-gk20a_s
    286 root     -51   0       0      0      0 S   0.0   0.0   0:00.03 irq/198-gk20a_s
    287 root     -51   0       0      0      0 S   0.0   0.0   0:00.03 irq/199-gk20a_s
    288 root     -51   0       0      0      0 S   0.0   0.0   0:00.00 irq/200-gk20a_n
    291 root       0 -20       0      0      0 I   0.0   0.0   0:00.06 kworker/5:1H-kblockd
    295 root      20   0   11116   3460   3204 S   0.0   0.0   0:00.00 nv-tee-supplica
    299 root      20   0   76588   1360   1248 S   0.0   0.0   0:00.01 tee-supplicant
    301 root       0 -20       0      0      0 I   0.0   0.0   0:00.00 optee_bus_scan
    303 root     -51   0       0      0      0 S   0.0   0.0   0:00.00 irq/189-tegra-p
    313 root     -51   0       0      0      0 S   0.0   0.0   0:00.00 irq/189-aerdrv
    314 root      20   0   23216   5820   3992 S   0.0   0.1   0:00.40 systemd-udevd
    315 root      20   0   23216   5020   3248 S   0.0   0.1   0:00.15 systemd-udevd
    316 root      20   0   23268   6252   4316 S   0.0   0.1   0:00.16 systemd-udevd
    317 root      20   0   23220   4364   2600 S   0.0   0.1   0:00.11 systemd-udevd
    318 root      20   0   23216   4480   2672 S   0.0   0.1   0:00.12 systemd-udevd
    319 root      20   0   23212   5820   3980 S   0.0   0.1   0:00.29 systemd-udevd
    320 root      20   0   23264   4688   2764 S   0.0   0.1   0:00.13 systemd-udevd
    321 root      20   0   23268   5072   3136 S   0.0   0.1   0:00.18 systemd-udevd
    322 root      20   0   23524   5520   3456 S   0.0   0.1   0:00.27 systemd-udevd
    323 root      20   0   23216   6296   4444 S   0.0   0.1   0:00.41 systemd-udevd
    324 root      20   0   23220   5196   3388 S   0.0   0.1   0:00.16 systemd-udevd
    325 root      20   0   23220   5820   3976 S   0.0   0.1   0:00.40 systemd-udevd
    326 root      20   0   23220   5252   3388 S   0.0   0.1   0:00.42 systemd-udevd
    327 root      20   0   23220   5504   3684 S   0.0   0.1   0:00.18 systemd-udevd
    330 root      20   0   23512   5728   3684 S   0.0   0.1   0:00.14 systemd-udevd
    331 root      20   0   24292   5540   2676 S   0.0   0.1   0:00.16 systemd-udevd
    333 root      20   0   23524   5596   3532 S   0.0   0.1   0:00.27 systemd-udevd
    334 root      20   0   23220   5584   3740 S   0.0   0.1   0:00.27 systemd-udevd
    335 root      20   0   23220   4504   2708 S   0.0   0.1   0:00.11 systemd-udevd
    336 root      20   0   23220   4696   2892 S   0.0   0.1   0:00.14 systemd-udevd
    337 root      20   0   23524   5056   2992 S   0.0   0.1   0:00.16 systemd-udevd
    339 root      20   0   23220   4980   3148 S   0.0   0.1   0:00.17 systemd-udevd
    341 root      20   0   23276   5328   3384 S   0.0   0.1   0:00.13 systemd-udevd
    342 root      20   0   23280   5176   3228 S   0.0   0.1   0:00.13 systemd-udevd
    343 root      20   0   23220   5988   4152 S   0.0   0.1   0:00.32 systemd-udevd
    344 root      20   0   23560   6700   4596 S   0.0   0.1   0:00.55 systemd-udevd
    345 root      20   0       0      0      0 S   0.0   0.0   0:00.00 15820000.crypto
    346 root      20   0       0      0      0 S   0.0   0.0   0:00.00 15840000.crypto
    368 root      20   0   23324   5984   4116 S   0.0   0.1   0:00.45 systemd-udevd
    417 root     -51   0       0      0      0 S   0.0   0.0   0:00.00 irq/219-bc00000
    419 root      -2   0       0      0      0 S   0.0   0.0   0:00.00 capture-control
    420 root      -2   0       0      0      0 S   0.0   0.0   0:00.00 capture
    422 root     -51   0       0      0      0 S   0.0   0.0   0:00.00 irq/214-tegra_d
    423 root     -51   0       0      0      0 S   0.0   0.0   0:00.00 irq/215-tegra_d
    424 root       0 -20       0      0      0 I   0.0   0.0   0:00.00 dce-async-ipc-w
    425 root     -51   0       0      0      0 S   0.0   0.0   0:00.00 irq/240-nvvrs-p
    427 root      20   0       0      0      0 S   0.0   0.0   0:00.00 nv_queue
    428 root      20   0       0      0      0 S   0.0   0.0   0:00.00 nv_queue
    483 root     -51   0       0      0      0 S   0.0   0.0   0:00.00 irq/118-3210000
    487 root      20   0       0      0      0 S   0.0   0.0   0:00.00 spi0
    495 root       0 -20       0      0      0 I   0.0   0.0   0:00.00 cfg80211
    497 root     -51   0       0      0      0 S   0.0   0.0   0:00.00 irq/119-3230000
    498 root      20   0       0      0      0 S   0.0   0.0   0:00.00 spi1
    584 root       0 -20       0      0      0 I   0.0   0.0   0:00.00 btfwwork
    650 root      20   0    8236   6424   1432 S   0.0   0.1   0:00.72 haveged
    653 _rpc      20   0    7932   2264   1912 S   0.0   0.0   0:00.03 rpcbind
    659 systemd+  20   0   26320  13580   8496 S   0.0   0.2   0:00.53 systemd-resolve
    662 systemd+  20   0   88880   6332   5484 S   0.0   0.1   0:00.15 systemd-timesyn
    826 avahi     20   0    8084   3108   2752 S   0.0   0.0   0:00.66 avahi-daemon
    827 root      20   0    9888   4552   4112 S   0.0   0.1   0:00.07 bluetoothd
    838 root      20   0   43504  19780  10232 S   0.0   0.3   0:00.15 networkd-dispat
    849 root      20   0  241652   9056   6312 S   0.0   0.1   0:00.60 power-profiles-
    854 syslog    20   0  222160   5012   3672 S   0.0   0.1   0:05.54 rsyslogd
    859 root      20   0    2240    796    720 S   0.0   0.0   0:00.00 seatd
    865 root      20   0 2145956  51792  25768 S   0.0   0.7   0:36.79 snapd
    867 root      20   0  242124   7452   6576 S   0.0   0.1   0:02.13 accounts-daemon
    869 root      20   0  238128   6232   5620 S   0.0   0.1   0:00.04 switcheroo-cont
    871 root      20   0   48968   7620   6296 S   0.0   0.1   0:03.64 systemd-logind
    874 root      20   0  394188  13988   9476 S   0.0   0.2   0:01.05 udisksd
    875 root      20   0   16632   9928   8148 S   0.0   0.1   0:01.31 wpa_supplicant
    882 avahi     20   0    7812    356      0 S   0.0   0.0   0:00.00 avahi-daemon
    921 root      30  10   11248   3612   3220 S   0.0   0.0   0:08.48 wifi_mon.sh
    983 root      20   0    2460   1556   1380 S   0.0   0.0   0:08.24 nvfancontrol
   1049 root      20   0       0      0      0 S   0.0   0.0   0:00.00 sw-quiesce
   1052 root      20   0       0      0      0 S   0.0   0.0   0:20.95 nvgpu_channel_p
   1068 root      20   0       0      0      0 S   0.0   0.0   0:00.00 nvgpu_pg_init_g
   1087 root      20   0       0      0      0 S   0.0   0.0   0:00.00 nvgpu_clk_arb_p
   1117 root      20   0       0      0      0 S   0.0   0.0   0:07.69 RTW_CMD_THREAD
   1157 root      20   0   75936   9960   8136 S   0.0   0.1   0:00.01 nvargus-daemon
   1158 root      20   0   11116   3520   3220 S   0.0   0.0   0:00.08 nvmemwarning.sh
   1171 root      20   0   22192   1776   1580 S   0.0   0.0   0:00.00 nvs-service
   1181 ollama    20   0 2006720  39588  20072 S   0.0   0.5   0:01.07 ollama
   1195 root      20   0    2336   1408   1292 S   0.0   0.0   0:01.96 run-cups-browse
   1201 root      20   0    2336   1424   1296 S   0.0   0.0   0:02.02 run-cupsd
   1204 root      20   0       0      0      0 S   0.0   0.0   0:00.00 pr/ramoops-1
   1239 root      20   0   10772   2824   2576 S   0.0   0.0   0:00.06 cron
   1259 root      20   0  243128   8056   7012 S   0.0   0.1   0:00.02 gdm3
   1263 kernoops  20   0   12812    452      0 S   0.0   0.0   0:00.02 kerneloops
   1290 root      20   0    9468    800    724 S   0.0   0.0   0:00.00 agetty
   1291 kernoops  20   0   12812    452      0 S   0.0   0.0   0:00.02 kerneloops
   1293 root      20   0    9468    804    724 S   0.0   0.0   0:00.00 agetty
   1330 root      20   0  173408   8804   7628 S   0.0   0.1   0:00.02 gdm-session-wor
   1417 root      20   0       0      0      0 S   0.0   0.0   0:00.00 file-storage
   1426 root      20   0   15272   8368   6788 S   0.0   0.1   0:00.73 sshd
   1474 gdm       20   0   18120   9728   7360 S   0.0   0.1   0:00.46 systemd
   1478 root      20   0    3076    992    880 S   0.0   0.0   0:00.00 nvphsd
   1483 root      20   0    3208   1476   1316 S   0.0   0.0   0:00.00 nvphsd
   1497 gdm       20   0  106692   4552      0 S   0.0   0.1   0:00.00 (sd-pam)
   1588 root      20   0 2353004 116452  56964 S   0.0   1.5   0:27.87 dockerd
   1688 gdm        9 -11   41972   6472   5156 S   0.0   0.1   0:00.07 pipewire
   1689 gdm       20   0   25476   6428   5104 S   0.0   0.1   0:01.69 pipewire-media-
   1690 gdm        9 -11  891840  20748  12584 S   0.0   0.3   0:00.94 pulseaudio
   1695 gdm       20   0  163948   5472   4964 S   0.0   0.1   0:00.00 gdm-x-session
   1697 root      20   0   24.2g  80528  35884 S   0.0   1.0   0:02.02 Xorg
   1698 rtkit     21   1  153504   1588   1380 S   0.0   0.0   0:00.31 rtkit-daemon
   1729 gdm       20   0    8840   3600   3212 S   0.0   0.0   0:00.02 dbus-daemon
   1748 root      20   0       0      0      0 S   0.0   0.0   0:00.00 nvidia-modeset/
   1749 root      20   0       0      0      0 S   0.0   0.0   0:00.00 nvidia-modeset/
   1752 root      20   0       0      0      0 S   0.0   0.0   0:00.00 nvidia
   1753 root      20   0       0      0      0 S   0.0   0.0   0:00.00 nv_queue
   1790 root      20   0       0      0      0 S   0.0   0.0   0:00.00 nvidia-drm-nv-t
   1791 root     -51   0       0      0      0 S   0.0   0.0   0:00.00 card1-crtc0
   1792 root     -51   0       0      0      0 S   0.0   0.0   0:00.00 card1-crtc1
   1980 gdm       20   0    5876   1552   1344 S   0.0   0.0   0:00.00 dbus-run-sessio
   1983 gdm       20   0    9108   4440   3588 S   0.0   0.1   0:00.13 dbus-daemon
   2035 gdm       20   0  597840  17824  12972 S   0.0   0.2   0:01.00 gnome-session-b
   2057 gdm       20   0  310068   8976   6272 S   0.0   0.1   0:00.00 at-spi-bus-laun
   2062 gdm       20   0    8692   3556   3168 S   0.0   0.0   0:00.00 dbus-daemon
   2092 gdm       20   0  237676   4964   4528 S   0.0   0.1   0:00.00 xdg-permission-
   2099 root      20   0  243852  10136   6984 S   0.0   0.1   0:00.47 upowerd
   2106 root      20   0  301608  19332  16408 S   0.0   0.2   0:01.57 packagekitd
   2110 gdm       20   0 2812288  25716  20860 S   0.0   0.3   0:00.08 gjs
   2113 gdm       20   0  163144   7196   6428 S   0.0   0.1   0:00.02 at-spi2-registr
   2141 gdm       20   0  468748   9856   7940 S   0.0   0.1   0:01.97 gsd-sharing
   2146 gdm       20   0  338880  14892  12620 S   0.0   0.2   0:00.06 gsd-wacom
   2148 gdm       20   0  451616  18896  16480 S   0.0   0.2   0:00.22 gsd-color
   2150 gdm       20   0  412392  17092  13292 S   0.0   0.2   0:00.04 gsd-keyboard
   2152 gdm       20   0  316864  13188   6244 S   0.0   0.2   0:00.10 ibus-daemon
   2156 gdm       20   0  326124   9848   8488 S   0.0   0.1   0:00.02 gsd-print-notif
   2166 gdm       20   0  242216   6512   5848 S   0.0   0.1   0:00.01 gvfsd
   2168 gdm       20   0  459796   6140   5436 S   0.0   0.1   0:00.58 gsd-rfkill
   2170 gdm       20   0  388312   7432   6528 S   0.0   0.1   0:00.01 gsd-smartcard
   2173 gdm       20   0  380556  16508  12504 S   0.0   0.2   0:00.03 gsd-datetime
   2183 gdm       20   0  864216  20108  17428 S   0.0   0.3   0:00.52 gsd-media-keys
   2184 gdm       20   0  237936   4760   4376 S   0.0   0.1   0:00.01 gsd-screensaver
   2185 gdm       20   0  322096  10392   7320 S   0.0   0.1   0:00.02 gsd-sound
   2186 gdm       20   0  312416   8104   5476 S   0.0   0.1   0:00.01 gsd-a11y-settin
   2193 gdm       20   0  313996   8944   6152 S   0.0   0.1   0:00.97 gsd-housekeepin
   2195 gdm       20   0  450004  20288  15904 S   0.0   0.3   0:00.52 gsd-power
   2218 gdm       20   0  347052  12608  10748 S   0.0   0.2   0:00.03 gsd-printer
   2221 gdm       20   0  239040   6576   5948 S   0.0   0.1   0:00.00 ibus-dconf
   2233 gdm       20   0  238936   5920   5488 S   0.0   0.1   0:00.00 ibus-portal
   2263 colord    20   0  247516  14492   8720 S   0.0   0.2   0:00.27 colord
   2285 gdm       20   0 2812300  27868  20904 S   0.0   0.4   0:00.09 gjs
   2349 gdm       20   0  165096   6516   5892 S   0.0   0.1   0:00.01 ibus-engine-sim
   2508 root      20   0  136716  13172   9512 S   0.0   0.2   0:00.70 cupsd
   2522 root      20   0  260792  17940  13508 S   0.0   0.2   0:01.60 cups-browsed
  11687 jetson    20   0   18140   9764   7368 S   0.0   0.1   0:00.37 systemd
  11688 jetson    20   0  172512   4632      0 S   0.0   0.1   0:00.00 (sd-pam)
  11696 jetson    20   0   41976   6552   5228 S   0.0   0.1   0:00.06 pipewire
  11749 jetson    20   0    8888   4168   3672 S   0.0   0.1   0:00.03 dbus-daemon
  11931 jetson    20   0  707268  63144  26432 S   0.0   0.8   2:16.44 python3
  13234 jetson    20   0  203640  35476  13212 S   0.0   0.5   0:00.75 ros2
  13236 jetson    20   0 2070472  36080  17228 S   0.0   0.5   0:00.90 docker
  13238 jetson    20   0  428524  31584  15828 S   0.0   0.4   2:22.10 robot_state_pub
  13265 root      20   0 1232976  11076   5960 S   0.0   0.1   0:02.39 containerd-shim
  13294 root      20   0   49400  29204  14412 S   0.0   0.4   0:00.40 ros2
  90870 root      20   0       0      0      0 I   0.0   0.0   0:23.05 kworker/u12:11-events_unbound
 100141 root      20   0       0      0      0 I   0.0   0.0   0:22.80 kworker/u12:6-events_unbound
 407770 root      20   0       0      0      0 I   0.0   0.0   0:09.23 kworker/u12:9-events_unbound
 417230 root      20   0       0      0      0 I   0.0   0.0   0:07.56 kworker/u12:0-events_unbound
 465092 root      20   0  238836   6948   5700 S   0.0   0.1   0:01.13 iio-sensor-prox
 481530 root       0 -20       0      0      0 I   0.0   0.0   0:07.90 kworker/u13:3-uvcvideo
 494770 root      20   0 1233488  12748   6732 S   0.0   0.2   0:09.05 containerd-shim
 494799 jetson    20   0    5508    792    704 S   0.0   0.0   0:00.21 sleep
 494866 root      20   0   21760   5464   3940 S   0.0   0.1   0:03.62 systemd-udevd
 494879 root      20   0   21756   3352   1840 S   0.0   0.0   0:01.00 systemd-udevd
 509136 root      20   0       0      0      0 I   0.0   0.0   0:03.77 kworker/u12:5-events_unbound
 512501 root      20   0       0      0      0 I   0.0   0.0   0:00.21 kworker/4:0-events
 513123 jetson    20   0  572504  38640  13228 S   0.0   0.5   0:01.15 ros2
 513219 root      20   0   21752   3192   1712 S   0.0   0.0   0:00.00 systemd-udevd
 513220 root      20   0   21760   3352   1840 S   0.0   0.0   0:00.00 systemd-udevd
 513233 root      20   0   21760   3356   1840 S   0.0   0.0   0:00.00 systemd-udevd
 513234 root      20   0   21760   3356   1840 S   0.0   0.0   0:00.00 systemd-udevd
 513235 root      20   0   21760   3336   1840 S   0.0   0.0   0:00.00 systemd-udevd
 513236 root      20   0   21760   3352   1840 S   0.0   0.0   0:00.00 systemd-udevd
 513237 root      20   0   21760   3336   1840 S   0.0   0.0   0:00.00 systemd-udevd
 513250 root      20   0   21760   4428   2868 S   0.0   0.1   0:06.04 systemd-udevd
 513251 root      20   0   21760   3840   2288 S   0.0   0.0   0:00.00 systemd-udevd
 513265 root      20   0   21760   4056   2496 S   0.0   0.1   0:00.00 systemd-udevd
 513266 root      20   0   21760   3244   1712 S   0.0   0.0   0:00.00 systemd-udevd
 513437 jetson    20   0  129772  36180  13228 S   0.0   0.5   0:00.78 ros2
 536340 root      20   0       0      0      0 I   0.0   0.0   0:00.15 kworker/1:1-cgroup_destroy
 536745 root       0 -20       0      0      0 I   0.0   0.0   0:05.51 kworker/u13:4-uvcvideo
 538507 root      20   0       0      0      0 I   0.0   0.0   0:00.18 kworker/0:0-events
 550304 root      20   0       0      0      0 I   0.0   0.0   0:00.30 kworker/5:0-events
 562560 root      20   0       0      0      0 I   0.0   0.0   0:01.80 kworker/u12:1-events_freezable_power_
 568778 root      20   0       0      0      0 I   0.0   0.0   0:00.00 kworker/2:0-cgroup_destroy
 576600 root      20   0       0      0      0 I   0.0   0.0   0:00.18 kworker/3:0-events
 576729 root      20   0       0      0      0 I   0.0   0.0   0:00.09 kworker/5:1-events
 576909 root      20   0       0      0      0 I   0.0   0.0   0:00.03 kworker/4:1-mm_percpu_wq
 582730 root      20   0       0      0      0 I   0.0   0.0   0:01.34 kworker/u12:2-events_freezable_power_
 589172 root      20   0       0      0      0 I   0.0   0.0   0:00.75 kworker/u12:10-events_unbound
 590592 root      20   0       0      0      0 I   0.0   0.0   0:00.00 kworker/0:2-cgroup_destroy
 591089 root       0 -20       0      0      0 I   0.0   0.0   0:03.02 kworker/u13:1-uvcvideo
 602672 root      20   0       0      0      0 I   0.0   0.0   0:00.08 kworker/1:3-events
 608435 root      20   0       0      0      0 I   0.0   0.0   0:00.00 kworker/3:2-cgroup_destroy
 608538 root      20   0       0      0      0 I   0.0   0.0   0:00.00 kworker/2:2-events
 609021 jetson    20   0  796964  40120  13228 S   0.0   0.5   0:01.38 ros2
 609103 jetson    20   0   11248   3076   2756 S   0.0   0.0   0:00.27 bash
 609212 root      20   0       0      0      0 I   0.0   0.0   0:00.04 kworker/0:1-events
 609220 jetson    20   0   53568  30340  15008 S   0.0   0.4   0:00.41 ros2
 613727 root      20   0    9436    780    704 S   0.0   0.0   0:00.00 sleep
 615420 root      20   0       0      0      0 I   0.0   0.0   0:00.01 kworker/4:2-events
 617319 root      20   0       0      0      0 I   0.0   0.0   0:00.00 kworker/0:3-cgroup_destroy
 621315 root      20   0       0      0      0 I   0.0   0.0   0:00.00 kworker/1:0-events
 621531 root      20   0       0      0      0 I   0.0   0.0   0:00.00 kworker/5:2-events
 622272 root      20   0       0      0      0 I   0.0   0.0   0:00.01 kworker/u12:7-events_unbound
 623951 jetson    20   0   11248   3292   2852 S   0.0   0.0   0:00.03 bash
 626884 jetson    20   0   11248   3292   2860 S   0.0   0.0   0:00.01 bash
 627202 jetson    20   0    9480    808    724 S   0.0   0.0   0:00.00 tail
 628894 root      20   0       0      0      0 I   0.0   0.0   0:00.00 kworker/3:1-events
 629141 root      30  10    9436    784    704 S   0.0   0.0   0:00.00 sleep

top - 15:56:21 up  6:19,  0 users,  load average: 9.16, 8.43, 6.86
Tasks: 352 total,   3 running, 349 sleeping,   0 stopped,   0 zombie
%Cpu(s): 39.2 us,  9.1 sy,  0.0 ni, 47.0 id,  0.0 wa,  2.6 hi,  2.1 si,  0.0 st
MiB Mem :   7607.4 total,   2323.6 free,   2230.4 used,   3053.4 buff/cache
MiB Swap:   3803.7 total,   3803.7 free,      0.0 used.   5060.1 avail Mem 

    PID USER      PR  NI    VIRT    RES    SHR S  %CPU  %MEM     TIME+ COMMAND
 627201 jetson    20   0  753356  71816  29564 R  41.3   0.9   0:14.59 python3
 513359 jetson    20   0  709132  64972  27276 S  34.8   0.8  14:22.08 python3
 609057 jetson    20   0  962968  50040  23524 S  32.8   0.6   0:48.23 controller_serv
 626968 jetson    20   0  764024  55912  25372 S  23.4   0.7   0:09.18 ros2
 609244 jetson    20   0 9351828 402196  84580 R  17.4   5.2   1:03.08 nvblox_node
 609065 jetson    20   0  531040  46344  26216 S  16.9   0.6   0:39.93 bt_navigator
 513129 jetson    20   0  432964  27132  14244 S  16.4   0.3   6:33.59 rplidar_node
 513125 jetson    20   0 1750824 109580  51324 S  14.4   1.4   5:36.92 realsense2_came
 609086 jetson    20   0  577388  31744  16252 S  11.9   0.4   0:44.17 lifecycle_manag
 513361 jetson    20   0  506336  34940  18388 S  11.4   0.4   4:34.89 ekf_node
 513131 jetson    20   0  708192  64296  27388 S  10.0   0.8   3:30.37 python3
 609055 jetson    20   0  709540  62092  27352 S  10.0   0.8   0:21.63 python3
 609061 jetson    20   0 1070624  71876  24604 S  10.0   0.9   0:40.22 planner_server
 513439 jetson    20   0 1061928  53764  24360 S   9.5   0.7   1:34.43 async_slam_tool
 609063 jetson    20   0  516308  35412  21032 S   7.5   0.5   0:30.88 behavior_server
 609059 jetson    20   0  664644  35128  19412 S   7.0   0.5   0:26.16 smoother_server
 609077 jetson    20   0  428704  29676  15956 S   6.5   0.4   0:22.51 velocity_smooth
 609067 jetson    20   0  431292  29316  17020 S   6.0   0.4   0:22.32 waypoint_follow
  13320 root      20   0 1300496  44944  11392 S   5.0   0.6  30:13.46 micro_ros_agent
 513127 jetson    20   0  710792  65280  27232 S   3.5   0.8   2:02.72 python3
    904 root      rt   0       0      0      0 S   1.5   0.0   1:47.70 sugov:0
    909 root      rt   0       0      0      0 S   1.5   0.0   0:50.50 sugov:4
 418183 root       0 -20       0      0      0 I   1.0   0.0   0:13.21 kworker/u13:0-uvcvideo
 626969 jetson    20   0   14340   3376   2764 R   1.0   0.0   0:00.41 top
   1117 root      20   0       0      0      0 S   0.5   0.0   0:07.70 RTW_CMD_THREAD
  13238 jetson    20   0  428524  31584  15828 S   0.5   0.4   2:22.11 robot_state_pub
 284193 root      20   0       0      0      0 I   0.5   0.0   0:13.27 kworker/u12:3-events_freezable_power_
 417230 root      20   0       0      0      0 I   0.5   0.0   0:07.57 kworker/u12:0-events_freezable_power_
 494770 root      20   0 1233488  12748   6732 S   0.5   0.2   0:09.06 containerd-shim
 494866 root      20   0   21760   5464   3940 S   0.5   0.1   0:03.63 systemd-udevd
 509136 root      20   0       0      0      0 I   0.5   0.0   0:03.78 kworker/u12:5-events_freezable_power_
 513250 root      20   0   21760   4428   2868 S   0.5   0.1   0:06.05 systemd-udevd
 609021 jetson    20   0  796964  40120  13228 S   0.5   0.5   0:01.39 ros2
 609212 root      20   0       0      0      0 I   0.5   0.0   0:00.05 kworker/0:1-events
 622272 root      20   0       0      0      0 I   0.5   0.0   0:00.02 kworker/u12:7-events_unbound
      1 root      20   0  167628  11768   7448 S   0.0   0.2   0:29.58 systemd
      2 root      20   0       0      0      0 S   0.0   0.0   0:00.03 kthreadd
      3 root       0 -20       0      0      0 I   0.0   0.0   0:00.00 rcu_gp
      4 root       0 -20       0      0      0 I   0.0   0.0   0:00.00 rcu_par_gp
      5 root       0 -20       0      0      0 I   0.0   0.0   0:00.00 slub_flushwq
      6 root       0 -20       0      0      0 I   0.0   0.0   0:00.00 netns
      8 root       0 -20       0      0      0 I   0.0   0.0   0:00.00 kworker/0:0H-events_highpri
     10 root       0 -20       0      0      0 I   0.0   0.0   0:00.00 mm_percpu_wq
     11 root      20   0       0      0      0 S   0.0   0.0   0:00.00 rcu_tasks_kthre
     12 root      20   0       0      0      0 S   0.0   0.0   0:00.00 rcu_tasks_rude_
     13 root      20   0       0      0      0 S   0.0   0.0   0:00.00 rcu_tasks_trace
     14 root      20   0       0      0      0 S   0.0   0.0   0:22.58 ksoftirqd/0
     15 root      20   0       0      0      0 I   0.0   0.0   0:09.97 rcu_preempt
     16 root      rt   0       0      0      0 S   0.0   0.0   0:00.02 migration/0
     17 root      20   0       0      0      0 S   0.0   0.0   0:00.00 cpuhp/0
     18 root      20   0       0      0      0 S   0.0   0.0   0:00.00 cpuhp/1
     19 root      rt   0       0      0      0 S   0.0   0.0   0:00.03 migration/1
     20 root      20   0       0      0      0 S   0.0   0.0   0:01.61 ksoftirqd/1
     22 root       0 -20       0      0      0 I   0.0   0.0   0:00.00 kworker/1:0H-events_highpri
     23 root      20   0       0      0      0 S   0.0   0.0   0:00.00 cpuhp/2
     24 root      rt   0       0      0      0 S   0.0   0.0   0:00.02 migration/2
     25 root      20   0       0      0      0 S   0.0   0.0   0:01.61 ksoftirqd/2
     27 root       0 -20       0      0      0 I   0.0   0.0   0:00.00 kworker/2:0H-events_highpri
     28 root      20   0       0      0      0 S   0.0   0.0   0:00.00 cpuhp/3
     29 root      rt   0       0      0      0 S   0.0   0.0   0:00.02 migration/3
     30 root      20   0       0      0      0 S   0.0   0.0   0:01.50 ksoftirqd/3
     32 root       0 -20       0      0      0 I   0.0   0.0   0:00.00 kworker/3:0H-events_highpri
     33 root      20   0       0      0      0 S   0.0   0.0   0:00.00 cpuhp/4
     34 root      rt   0       0      0      0 S   0.0   0.0   0:00.06 migration/4
     35 root      20   0       0      0      0 S   0.0   0.0   0:01.12 ksoftirqd/4
     37 root       0 -20       0      0      0 I   0.0   0.0   0:00.00 kworker/4:0H-kblockd
     38 root      20   0       0      0      0 S   0.0   0.0   0:00.00 cpuhp/5
     39 root      rt   0       0      0      0 S   0.0   0.0   0:00.07 migration/5
     40 root      20   0       0      0      0 S   0.0   0.0   0:01.17 ksoftirqd/5
     42 root       0 -20       0      0      0 I   0.0   0.0   0:00.00 kworker/5:0H-events_highpri
     43 root      20   0       0      0      0 S   0.0   0.0   0:00.01 kdevtmpfs
     44 root       0 -20       0      0      0 I   0.0   0.0   0:00.00 inet_frag_wq
     51 root      20   0       0      0      0 S   0.0   0.0   0:00.00 kauditd
     52 root      20   0       0      0      0 S   0.0   0.0   0:00.00 oom_reaper
     53 root       0 -20       0      0      0 I   0.0   0.0   0:00.00 writeback
     54 root      20   0       0      0      0 S   0.0   0.0   0:00.19 kcompactd0
     55 root      25   5       0      0      0 S   0.0   0.0   0:00.00 ksmd
     56 root      39  19       0      0      0 S   0.0   0.0   0:02.04 khugepaged
     67 root       0 -20       0      0      0 I   0.0   0.0   0:00.00 cryptd
     86 root       0 -20       0      0      0 I   0.0   0.0   0:00.00 kintegrityd
     87 root       0 -20       0      0      0 I   0.0   0.0   0:00.00 kblockd
     88 root       0 -20       0      0      0 I   0.0   0.0   0:00.00 blkcg_punt_bio
     89 root       0 -20       0      0      0 I   0.0   0.0   0:00.00 tpm_dev_wq
     90 root       0 -20       0      0      0 I   0.0   0.0   0:00.00 ata_sff
     91 root       0 -20       0      0      0 I   0.0   0.0   0:00.00 edac-poller
     92 root       0 -20       0      0      0 I   0.0   0.0   0:00.00 devfreq_wq
     93 root     -51   0       0      0      0 S   0.0   0.0   0:00.00 watchdogd
     96 root       0 -20       0      0      0 I   0.0   0.0   0:00.06 kworker/1:1H-kblockd
     97 root       0 -20       0      0      0 I   0.0   0.0   0:00.00 rpciod
     99 root       0 -20       0      0      0 I   0.0   0.0   0:00.00 xprtiod
    127 root      20   0       0      0      0 S   0.0   0.0   0:00.00 kswapd0
    128 root       0 -20       0      0      0 I   0.0   0.0   0:00.00 nfsiod
    132 root       0 -20       0      0      0 I   0.0   0.0   0:00.00 vfio-irqfd-clea
    133 root       0 -20       0      0      0 I   0.0   0.0   0:00.00 bch_btree_io
    134 root       0 -20       0      0      0 I   0.0   0.0   0:00.00 bcache
    135 root       0 -20       0      0      0 I   0.0   0.0   0:00.00 bch_journal
    136 root       0 -20       0      0      0 I   0.0   0.0   0:00.00 dm_bufio_cache
    139 root      20   0       0      0      0 I   0.0   0.0   0:01.86 kworker/2:3-events
    140 root      10 -10       0      0      0 S   0.0   0.0   0:00.00 krfcommd
    141 root      20   0       0      0      0 S   0.0   0.0   0:00.01 pr/tty0
    142 root      20   0       0      0      0 S   0.0   0.0   0:03.09 pr/ttyTCU0
    145 root     -51   0       0      0      0 S   0.0   0.0   0:00.00 irq/114-3160000
    147 root     -51   0       0      0      0 S   0.0   0.0   0:00.00 irq/115-3180000
    149 root     -51   0       0      0      0 S   0.0   0.0   0:00.00 irq/116-31b0000
    150 root     -51   0       0      0      0 S   0.0   0.0   0:00.03 irq/167-c240000
    151 root     -51   0       0      0      0 S   0.0   0.0   0:00.00 irq/168-c250000
    152 root     -51   0       0      0      0 S   0.0   0.0   0:00.00 irq/125-3610000
    153 root     -51   0       0      0      0 S   0.0   0.0   0:00.00 irq/122-3610000
    155 root       0 -20       0      0      0 I   0.0   0.0   0:00.00 sdhci
    156 root     -51   0       0      0      0 S   0.0   0.0   0:00.00 irq/120-mmc0
    157 root     -51   0       0      0      0 S   0.0   0.0   0:00.00 irq/230-3400000
    174 root       0 -20       0      0      0 I   0.0   0.0   0:00.06 kworker/3:1H-kblockd
    180 root     -51   0       0      0      0 S   0.0   0.0   0:00.00 irq/191-tegra-p
    181 root       0 -20       0      0      0 I   0.0   0.0   0:00.00 nvme-wq
    182 root       0 -20       0      0      0 I   0.0   0.0   0:00.00 nvme-reset-wq
    183 root       0 -20       0      0      0 I   0.0   0.0   0:00.00 nvme-delete-wq
    192 root     -51   0       0      0      0 S   0.0   0.0   0:00.00 irq/191-aerdrv
    193 root     -51   0       0      0      0 S   0.0   0.0   0:00.00 irq/193-tegra-p
    196 root     -51   0       0      0      0 S   0.0   0.0   0:00.00 irq/193-aerdrv
    197 root     -51   0       0      0      0 S   0.0   0.0   0:00.00 irq/195-tegra-p
    199 root     -51   0       0      0      0 S   0.0   0.0   0:00.00 irq/232-nvme0q0
    200 root     -51   0       0      0      0 S   0.0   0.0   0:00.37 irq/233-nvme0q1
    201 root     -51   0       0      0      0 S   0.0   0.0   0:00.40 irq/234-nvme0q2
    202 root     -51   0       0      0      0 S   0.0   0.0   0:00.53 irq/235-nvme0q3
    203 root     -51   0       0      0      0 S   0.0   0.0   0:00.65 irq/236-nvme0q4
    204 root     -51   0       0      0      0 S   0.0   0.0   0:00.16 irq/237-nvme0q5
    205 root     -51   0       0      0      0 S   0.0   0.0   0:00.12 irq/238-nvme0q6
    211 root       0 -20       0      0      0 I   0.0   0.0   0:00.06 kworker/4:1H-kblockd
    212 root      20   0       0      0      0 S   0.0   0.0   0:01.45 jbd2/nvme0n1p1-
    213 root       0 -20       0      0      0 I   0.0   0.0   0:00.00 ext4-rsv-conver
    222 root       0 -20       0      0      0 I   0.0   0.0   0:00.00 mld
    223 root       0 -20       0      0      0 I   0.0   0.0   0:00.04 kworker/0:1H-kblockd
    224 root       0 -20       0      0      0 I   0.0   0.0   0:00.00 ipv6_addrconf
    256 root      19  -1   76560  38336  36708 S   0.0   0.5   0:29.12 systemd-journal
    278 root       0 -20       0      0      0 I   0.0   0.0   0:00.08 kworker/2:1H-kblockd
    280 root      39  19       0      0      0 S   0.0   0.0   0:01.64 nvmap-bz
    281 root     -51   0       0      0      0 S   0.0   0.0   0:00.00 irq/188-host1x_
    285 root     -51   0       0      0      0 S   0.0   0.0   0:00.00 irq/197-gk20a_s
    286 root     -51   0       0      0      0 S   0.0   0.0   0:00.03 irq/198-gk20a_s
    287 root     -51   0       0      0      0 S   0.0   0.0   0:00.03 irq/199-gk20a_s
    288 root     -51   0       0      0      0 S   0.0   0.0   0:00.00 irq/200-gk20a_n
    291 root       0 -20       0      0      0 I   0.0   0.0   0:00.06 kworker/5:1H-kblockd
    295 root      20   0   11116   3460   3204 S   0.0   0.0   0:00.00 nv-tee-supplica
    299 root      20   0   76588   1360   1248 S   0.0   0.0   0:00.01 tee-supplicant
    301 root       0 -20       0      0      0 I   0.0   0.0   0:00.00 optee_bus_scan
    303 root     -51   0       0      0      0 S   0.0   0.0   0:00.00 irq/189-tegra-p
    312 root      20   0   23732   6316   4080 S   0.0   0.1   0:26.88 systemd-udevd
    313 root     -51   0       0      0      0 S   0.0   0.0   0:00.00 irq/189-aerdrv
    314 root      20   0   23216   5820   3992 S   0.0   0.1   0:00.40 systemd-udevd
    315 root      20   0   23216   5020   3248 S   0.0   0.1   0:00.15 systemd-udevd
    316 root      20   0   23268   6252   4316 S   0.0   0.1   0:00.16 systemd-udevd
    317 root      20   0   23220   4364   2600 S   0.0   0.1   0:00.11 systemd-udevd
    318 root      20   0   23216   4480   2672 S   0.0   0.1   0:00.12 systemd-udevd
    319 root      20   0   23212   5820   3980 S   0.0   0.1   0:00.29 systemd-udevd
    320 root      20   0   23264   4688   2764 S   0.0   0.1   0:00.13 systemd-udevd
    321 root      20   0   23268   5072   3136 S   0.0   0.1   0:00.18 systemd-udevd
    322 root      20   0   23524   5520   3456 S   0.0   0.1   0:00.27 systemd-udevd
    323 root      20   0   23216   6296   4444 S   0.0   0.1   0:00.41 systemd-udevd
    324 root      20   0   23220   5196   3388 S   0.0   0.1   0:00.16 systemd-udevd
    325 root      20   0   23220   5820   3976 S   0.0   0.1   0:00.40 systemd-udevd
    326 root      20   0   23220   5252   3388 S   0.0   0.1   0:00.42 systemd-udevd
    327 root      20   0   23220   5504   3684 S   0.0   0.1   0:00.18 systemd-udevd
    330 root      20   0   23512   5728   3684 S   0.0   0.1   0:00.14 systemd-udevd
    331 root      20   0   24292   5540   2676 S   0.0   0.1   0:00.16 systemd-udevd
    333 root      20   0   23524   5596   3532 S   0.0   0.1   0:00.27 systemd-udevd
    334 root      20   0   23220   5584   3740 S   0.0   0.1   0:00.27 systemd-udevd
    335 root      20   0   23220   4504   2708 S   0.0   0.1   0:00.11 systemd-udevd
    336 root      20   0   23220   4696   2892 S   0.0   0.1   0:00.14 systemd-udevd
    337 root      20   0   23524   5056   2992 S   0.0   0.1   0:00.16 systemd-udevd
    339 root      20   0   23220   4980   3148 S   0.0   0.1   0:00.17 systemd-udevd
    340 root      20   0   23544   6732   4608 S   0.0   0.1   1:30.14 systemd-udevd
    341 root      20   0   23276   5328   3384 S   0.0   0.1   0:00.13 systemd-udevd
    342 root      20   0   23280   5176   3228 S   0.0   0.1   0:00.13 systemd-udevd
    343 root      20   0   23220   5988   4152 S   0.0   0.1   0:00.32 systemd-udevd
    344 root      20   0   23560   6700   4596 S   0.0   0.1   0:00.55 systemd-udevd
    345 root      20   0       0      0      0 S   0.0   0.0   0:00.00 15820000.crypto
    346 root      20   0       0      0      0 S   0.0   0.0   0:00.00 15840000.crypto
    368 root      20   0   23324   5984   4116 S   0.0   0.1   0:00.45 systemd-udevd
    417 root     -51   0       0      0      0 S   0.0   0.0   0:00.00 irq/219-bc00000
    419 root      -2   0       0      0      0 S   0.0   0.0   0:00.00 capture-control
    420 root      -2   0       0      0      0 S   0.0   0.0   0:00.00 capture
    422 root     -51   0       0      0      0 S   0.0   0.0   0:00.00 irq/214-tegra_d
    423 root     -51   0       0      0      0 S   0.0   0.0   0:00.00 irq/215-tegra_d
    424 root       0 -20       0      0      0 I   0.0   0.0   0:00.00 dce-async-ipc-w
    425 root     -51   0       0      0      0 S   0.0   0.0   0:00.00 irq/240-nvvrs-p
    427 root      20   0       0      0      0 S   0.0   0.0   0:00.00 nv_queue
    428 root      20   0       0      0      0 S   0.0   0.0   0:00.00 nv_queue
    483 root     -51   0       0      0      0 S   0.0   0.0   0:00.00 irq/118-3210000
    487 root      20   0       0      0      0 S   0.0   0.0   0:00.00 spi0
    495 root       0 -20       0      0      0 I   0.0   0.0   0:00.00 cfg80211
    497 root     -51   0       0      0      0 S   0.0   0.0   0:00.00 irq/119-3230000
    498 root      20   0       0      0      0 S   0.0   0.0   0:00.00 spi1
    584 root       0 -20       0      0      0 I   0.0   0.0   0:00.00 btfwwork
    650 root      20   0    8236   6424   1432 S   0.0   0.1   0:00.72 haveged
    653 _rpc      20   0    7932   2264   1912 S   0.0   0.0   0:00.03 rpcbind
    659 systemd+  20   0   26320  13580   8496 S   0.0   0.2   0:00.53 systemd-resolve
    662 systemd+  20   0   88880   6332   5484 S   0.0   0.1   0:00.15 systemd-timesyn
    826 avahi     20   0    8084   3108   2752 S   0.0   0.0   0:00.66 avahi-daemon
    827 root      20   0    9888   4552   4112 S   0.0   0.1   0:00.07 bluetoothd
    828 message+  20   0   10496   5632   3584 S   0.0   0.1   0:42.76 dbus-daemon
    829 root      20   0  264864  18900  14872 S   0.0   0.2   0:38.97 NetworkManager
    838 root      20   0   43504  19780  10232 S   0.0   0.3   0:00.15 networkd-dispat
    849 root      20   0  241652   9056   6312 S   0.0   0.1   0:00.60 power-profiles-
    854 syslog    20   0  222160   5012   3672 S   0.0   0.1   0:05.54 rsyslogd
    859 root      20   0    2240    796    720 S   0.0   0.0   0:00.00 seatd
    865 root      20   0 2145956  51792  25768 S   0.0   0.7   0:36.79 snapd
    867 root      20   0  242124   7452   6576 S   0.0   0.1   0:02.13 accounts-daemon
    869 root      20   0  238128   6232   5620 S   0.0   0.1   0:00.04 switcheroo-cont
    871 root      20   0   48968   7620   6296 S   0.0   0.1   0:03.64 systemd-logind
    874 root      20   0  394188  13988   9476 S   0.0   0.2   0:01.05 udisksd
    875 root      20   0   16632   9928   8148 S   0.0   0.1   0:01.31 wpa_supplicant
    882 avahi     20   0    7812    356      0 S   0.0   0.0   0:00.00 avahi-daemon
    921 root      30  10   11248   3612   3220 S   0.0   0.0   0:08.48 wifi_mon.sh
    969 root      20   0  237044  10468   6400 S   0.0   0.1   3:06.90 polkitd
    983 root      20   0    2460   1556   1380 S   0.0   0.0   0:08.24 nvfancontrol
   1049 root      20   0       0      0      0 S   0.0   0.0   0:00.00 sw-quiesce
   1052 root      20   0       0      0      0 S   0.0   0.0   0:20.95 nvgpu_channel_p
   1068 root      20   0       0      0      0 S   0.0   0.0   0:00.00 nvgpu_pg_init_g
   1087 root      20   0       0      0      0 S   0.0   0.0   0:00.00 nvgpu_clk_arb_p
   1157 root      20   0   75936   9960   8136 S   0.0   0.1   0:00.01 nvargus-daemon
   1158 root      20   0   11116   3520   3220 S   0.0   0.0   0:00.08 nvmemwarning.sh
   1171 root      20   0   22192   1776   1580 S   0.0   0.0   0:00.00 nvs-service
   1181 ollama    20   0 2006720  39588  20072 S   0.0   0.5   0:01.07 ollama
   1195 root      20   0    2336   1408   1292 S   0.0   0.0   0:01.96 run-cups-browse
   1201 root      20   0    2336   1424   1296 S   0.0   0.0   0:02.02 run-cupsd
   1204 root      20   0       0      0      0 S   0.0   0.0   0:00.00 pr/ramoops-1
   1212 root      20   0 2093336  75924  33916 S   0.0   1.0   0:38.60 containerd
   1239 root      20   0   10772   2824   2576 S   0.0   0.0   0:00.06 cron
   1259 root      20   0  243128   8056   7012 S   0.0   0.1   0:00.02 gdm3
   1263 kernoops  20   0   12812    452      0 S   0.0   0.0   0:00.02 kerneloops
   1290 root      20   0    9468    800    724 S   0.0   0.0   0:00.00 agetty
   1291 kernoops  20   0   12812    452      0 S   0.0   0.0   0:00.02 kerneloops
   1293 root      20   0    9468    804    724 S   0.0   0.0   0:00.00 agetty
   1330 root      20   0  173408   8804   7628 S   0.0   0.1   0:00.02 gdm-session-wor
   1417 root      20   0       0      0      0 S   0.0   0.0   0:00.00 file-storage
   1426 root      20   0   15272   8368   6788 S   0.0   0.1   0:00.73 sshd
   1474 gdm       20   0   18120   9728   7360 S   0.0   0.1   0:00.46 systemd
   1478 root      20   0    3076    992    880 S   0.0   0.0   0:00.00 nvphsd
   1483 root      20   0    3208   1476   1316 S   0.0   0.0   0:00.00 nvphsd
   1497 gdm       20   0  106692   4552      0 S   0.0   0.1   0:00.00 (sd-pam)
   1588 root      20   0 2353004 116452  56964 S   0.0   1.5   0:27.87 dockerd
   1688 gdm        9 -11   41972   6472   5156 S   0.0   0.1   0:00.07 pipewire
   1689 gdm       20   0   25476   6428   5104 S   0.0   0.1   0:01.69 pipewire-media-
   1690 gdm        9 -11  891840  20748  12584 S   0.0   0.3   0:00.94 pulseaudio
   1695 gdm       20   0  163948   5472   4964 S   0.0   0.1   0:00.00 gdm-x-session
   1697 root      20   0   24.2g  80528  35884 S   0.0   1.0   0:02.02 Xorg
   1698 rtkit     21   1  153504   1588   1380 S   0.0   0.0   0:00.31 rtkit-daemon
   1729 gdm       20   0    8840   3600   3212 S   0.0   0.0   0:00.02 dbus-daemon
   1748 root      20   0       0      0      0 S   0.0   0.0   0:00.00 nvidia-modeset/
   1749 root      20   0       0      0      0 S   0.0   0.0   0:00.00 nvidia-modeset/
   1752 root      20   0       0      0      0 S   0.0   0.0   0:00.00 nvidia
   1753 root      20   0       0      0      0 S   0.0   0.0   0:00.00 nv_queue
   1790 root      20   0       0      0      0 S   0.0   0.0   0:00.00 nvidia-drm-nv-t
   1791 root     -51   0       0      0      0 S   0.0   0.0   0:00.00 card1-crtc0
   1792 root     -51   0       0      0      0 S   0.0   0.0   0:00.00 card1-crtc1
   1980 gdm       20   0    5876   1552   1344 S   0.0   0.0   0:00.00 dbus-run-sessio
   1983 gdm       20   0    9108   4440   3588 S   0.0   0.1   0:00.13 dbus-daemon
   2035 gdm       20   0  597840  17824  12972 S   0.0   0.2   0:01.00 gnome-session-b
   2057 gdm       20   0  310068   8976   6272 S   0.0   0.1   0:00.00 at-spi-bus-laun
   2062 gdm       20   0    8692   3556   3168 S   0.0   0.0   0:00.00 dbus-daemon
   2071 gdm       20   0 3471500 137220  73260 S   0.0   1.8   0:47.20 gnome-shell
   2092 gdm       20   0  237676   4964   4528 S   0.0   0.1   0:00.00 xdg-permission-
   2099 root      20   0  243852  10136   6984 S   0.0   0.1   0:00.47 upowerd
   2106 root      20   0  301608  19332  16408 S   0.0   0.2   0:01.57 packagekitd
   2110 gdm       20   0 2812288  25716  20860 S   0.0   0.3   0:00.08 gjs
   2113 gdm       20   0  163144   7196   6428 S   0.0   0.1   0:00.02 at-spi2-registr
   2141 gdm       20   0  468748   9856   7940 S   0.0   0.1   0:01.97 gsd-sharing
   2146 gdm       20   0  338880  14892  12620 S   0.0   0.2   0:00.06 gsd-wacom
   2148 gdm       20   0  451616  18896  16480 S   0.0   0.2   0:00.22 gsd-color
   2150 gdm       20   0  412392  17092  13292 S   0.0   0.2   0:00.04 gsd-keyboard
   2152 gdm       20   0  316864  13188   6244 S   0.0   0.2   0:00.10 ibus-daemon
   2156 gdm       20   0  326124   9848   8488 S   0.0   0.1   0:00.02 gsd-print-notif
   2166 gdm       20   0  242216   6512   5848 S   0.0   0.1   0:00.01 gvfsd
   2168 gdm       20   0  459796   6140   5436 S   0.0   0.1   0:00.58 gsd-rfkill
   2170 gdm       20   0  388312   7432   6528 S   0.0   0.1   0:00.01 gsd-smartcard
   2173 gdm       20   0  380556  16508  12504 S   0.0   0.2   0:00.03 gsd-datetime
   2183 gdm       20   0  864216  20108  17428 S   0.0   0.3   0:00.52 gsd-media-keys
   2184 gdm       20   0  237936   4760   4376 S   0.0   0.1   0:00.01 gsd-screensaver
   2185 gdm       20   0  322096  10392   7320 S   0.0   0.1   0:00.02 gsd-sound
   2186 gdm       20   0  312416   8104   5476 S   0.0   0.1   0:00.01 gsd-a11y-settin
   2193 gdm       20   0  313996   8944   6152 S   0.0   0.1   0:00.97 gsd-housekeepin
   2195 gdm       20   0  450004  20288  15904 S   0.0   0.3   0:00.52 gsd-power
   2218 gdm       20   0  347052  12608  10748 S   0.0   0.2   0:00.03 gsd-printer
   2221 gdm       20   0  239040   6576   5948 S   0.0   0.1   0:00.00 ibus-dconf
   2233 gdm       20   0  238936   5920   5488 S   0.0   0.1   0:00.00 ibus-portal
   2263 colord    20   0  247516  14492   8720 S   0.0   0.2   0:00.27 colord
   2285 gdm       20   0 2812300  27868  20904 S   0.0   0.4   0:00.09 gjs
   2349 gdm       20   0  165096   6516   5892 S   0.0   0.1   0:00.01 ibus-engine-sim
   2508 root      20   0  136716  13172   9512 S   0.0   0.2   0:00.70 cupsd
   2522 root      20   0  260792  17940  13508 S   0.0   0.2   0:01.60 cups-browsed
  11687 jetson    20   0   18140   9764   7368 S   0.0   0.1   0:00.37 systemd
  11688 jetson    20   0  172512   4632      0 S   0.0   0.1   0:00.00 (sd-pam)
  11696 jetson    20   0   41976   6552   5228 S   0.0   0.1   0:00.06 pipewire
  11697 jetson    20   0   25484   6724   5388 S   0.0   0.1   0:01.87 pipewire-media-
  11749 jetson    20   0    8888   4168   3672 S   0.0   0.1   0:00.03 dbus-daemon
  11931 jetson    20   0  707268  63144  26432 S   0.0   0.8   2:16.44 python3
  13234 jetson    20   0  203640  35476  13212 S   0.0   0.5   0:00.75 ros2
  13236 jetson    20   0 2070472  36080  17228 S   0.0   0.5   0:00.90 docker
  13265 root      20   0 1232976  11076   5960 S   0.0   0.1   0:02.39 containerd-shim
  13294 root      20   0   49400  29204  14412 S   0.0   0.4   0:00.40 ros2
  90870 root      20   0       0      0      0 I   0.0   0.0   0:23.05 kworker/u12:11-events_unbound
 100141 root      20   0       0      0      0 I   0.0   0.0   0:22.80 kworker/u12:6-events_unbound
 407770 root      20   0       0      0      0 I   0.0   0.0   0:09.23 kworker/u12:9-events_unbound
 437586 root      20   0       0      0      0 I   0.0   0.0   0:06.23 kworker/u12:4-events_unbound
 465092 root      20   0  238836   6948   5700 S   0.0   0.1   0:01.13 iio-sensor-prox
 481530 root       0 -20       0      0      0 I   0.0   0.0   0:07.90 kworker/u13:3-uvcvideo
 494799 jetson    20   0    5508    792    704 S   0.0   0.0   0:00.21 sleep
 494879 root      20   0   21756   3352   1840 S   0.0   0.0   0:01.00 systemd-udevd
 512501 root      20   0       0      0      0 I   0.0   0.0   0:00.21 kworker/4:0-events
 513123 jetson    20   0  572504  38640  13228 S   0.0   0.5   0:01.15 ros2
 513133 jetson    20   0 1082972  60484  26368 S   0.0   0.8   1:15.12 foxglove_bridge
 513219 root      20   0   21752   3192   1712 S   0.0   0.0   0:00.00 systemd-udevd
 513220 root      20   0   21760   3352   1840 S   0.0   0.0   0:00.00 systemd-udevd
 513233 root      20   0   21760   3356   1840 S   0.0   0.0   0:00.00 systemd-udevd
 513234 root      20   0   21760   3356   1840 S   0.0   0.0   0:00.00 systemd-udevd
 513235 root      20   0   21760   3336   1840 S   0.0   0.0   0:00.00 systemd-udevd
 513236 root      20   0   21760   3352   1840 S   0.0   0.0   0:00.00 systemd-udevd
 513237 root      20   0   21760   3336   1840 S   0.0   0.0   0:00.00 systemd-udevd
 513251 root      20   0   21760   3840   2288 S   0.0   0.0   0:00.00 systemd-udevd
 513265 root      20   0   21760   4056   2496 S   0.0   0.1   0:00.00 systemd-udevd
 513266 root      20   0   21760   3244   1712 S   0.0   0.0   0:00.00 systemd-udevd
 513437 jetson    20   0  129772  36180  13228 S   0.0   0.5   0:00.78 ros2
 536340 root      20   0       0      0      0 I   0.0   0.0   0:00.15 kworker/1:1-cgroup_destroy
 536745 root       0 -20       0      0      0 I   0.0   0.0   0:05.51 kworker/u13:4-uvcvideo
 538507 root      20   0       0      0      0 I   0.0   0.0   0:00.18 kworker/0:0-events
 550304 root      20   0       0      0      0 I   0.0   0.0   0:00.30 kworker/5:0-events
 562560 root      20   0       0      0      0 I   0.0   0.0   0:01.80 kworker/u12:1-events_freezable_power_
 568778 root      20   0       0      0      0 I   0.0   0.0   0:00.00 kworker/2:0-cgroup_destroy
 576600 root      20   0       0      0      0 I   0.0   0.0   0:00.18 kworker/3:0-events
 576729 root      20   0       0      0      0 I   0.0   0.0   0:00.09 kworker/5:1-events
 576909 root      20   0       0      0      0 I   0.0   0.0   0:00.03 kworker/4:1-events
 582730 root      20   0       0      0      0 I   0.0   0.0   0:01.34 kworker/u12:2-events_freezable_power_
 589172 root      20   0       0      0      0 I   0.0   0.0   0:00.75 kworker/u12:10-events_freezable_power_
 590592 root      20   0       0      0      0 I   0.0   0.0   0:00.00 kworker/0:2-cgroup_destroy
 591089 root       0 -20       0      0      0 I   0.0   0.0   0:03.02 kworker/u13:1-uvcvideo
 602672 root      20   0       0      0      0 I   0.0   0.0   0:00.08 kworker/1:3-events
 608435 root      20   0       0      0      0 I   0.0   0.0   0:00.00 kworker/3:2-cgroup_destroy
 608538 root      20   0       0      0      0 I   0.0   0.0   0:00.00 kworker/2:2-events
 609103 jetson    20   0   11248   3076   2756 S   0.0   0.0   0:00.27 bash
 609220 jetson    20   0   53568  30340  15008 S   0.0   0.4   0:00.41 ros2
 613727 root      20   0    9436    780    704 S   0.0   0.0   0:00.00 sleep
 615420 root      20   0       0      0      0 I   0.0   0.0   0:00.01 kworker/4:2-events
 617319 root      20   0       0      0      0 I   0.0   0.0   0:00.00 kworker/0:3-cgroup_destroy
 621315 root      20   0       0      0      0 I   0.0   0.0   0:00.00 kworker/1:0-events
 621531 root      20   0       0      0      0 I   0.0   0.0   0:00.00 kworker/5:2-events
 623951 jetson    20   0   11248   3292   2852 S   0.0   0.0   0:00.03 bash
 626884 jetson    20   0   11248   3292   2860 S   0.0   0.0   0:00.01 bash
 626970 jetson    20   0    2872    896    800 S   0.0   0.0   0:00.09 tegrastats
 627202 jetson    20   0    9480    808    724 S   0.0   0.0   0:00.00 tail
 628894 root      20   0       0      0      0 I   0.0   0.0   0:00.00 kworker/3:1-events
 629141 root      30  10    9436    784    704 S   0.0   0.0   0:00.00 sleep
 629276 jetson    20   0    9444    784    700 S   0.0   0.0   0:00.00 sleep

top - 15:56:23 up  6:19,  0 users,  load average: 8.83, 8.38, 6.85
Tasks: 352 total,   4 running, 348 sleeping,   0 stopped,   0 zombie
%Cpu(s): 41.8 us,  9.1 sy,  0.0 ni, 44.4 id,  0.1 wa,  2.5 hi,  2.1 si,  0.0 st
MiB Mem :   7607.4 total,   2323.6 free,   2230.4 used,   3053.4 buff/cache
MiB Swap:   3803.7 total,   3803.7 free,      0.0 used.   5060.1 avail Mem 

    PID USER      PR  NI    VIRT    RES    SHR S  %CPU  %MEM     TIME+ COMMAND
 627201 jetson    20   0  818676  71868  29788 R  43.3   0.9   0:15.47 python3
 513359 jetson    20   0  709132  64972  27276 S  35.5   0.8  14:22.80 python3
 609057 jetson    20   0  962968  50544  23652 S  31.0   0.6   0:48.86 controller_serv
 626968 jetson    20   0  764024  55912  25372 S  23.6   0.7   0:09.66 ros2
 609244 jetson    20   0 9351828 402196  84580 S  17.7   5.2   1:03.44 nvblox_node
 609065 jetson    20   0  531040  46960  26672 S  15.8   0.6   0:40.25 bt_navigator
 513129 jetson    20   0  432964  27132  14244 S  14.8   0.3   6:33.89 rplidar_node
 513125 jetson    20   0 1750824 109580  51324 S  13.8   1.4   5:37.20 realsense2_came
 513439 jetson    20   0 1061928  53764  24360 S  13.8   0.7   1:34.71 async_slam_tool
  13320 root      20   0 1300496  44944  11392 S  11.8   0.6  30:13.70 micro_ros_agent
 513361 jetson    20   0  506336  34940  18388 S  11.3   0.4   4:35.12 ekf_node
 609086 jetson    20   0  577388  31744  16252 S  11.3   0.4   0:44.40 lifecycle_manag
 609061 jetson    20   0 1070624  72076  24604 S   9.9   0.9   0:40.42 planner_server
 513131 jetson    20   0  708192  64296  27388 R   9.4   0.8   3:30.56 python3
 609055 jetson    20   0  709540  62092  27352 S   8.9   0.8   0:21.81 python3
 609063 jetson    20   0  516308  35412  21032 S   7.9   0.5   0:31.04 behavior_server
 609059 jetson    20   0  664644  35128  19412 S   6.4   0.5   0:26.29 smoother_server
 609067 jetson    20   0  431292  29316  17020 R   6.4   0.4   0:22.45 waypoint_follow
 609077 jetson    20   0  428704  29676  15956 S   5.9   0.4   0:22.63 velocity_smooth
 513127 jetson    20   0  710792  65280  27232 S   3.0   0.8   2:02.78 python3
    904 root      rt   0       0      0      0 S   1.5   0.0   1:47.73 sugov:0
    909 root      rt   0       0      0      0 S   1.0   0.0   0:50.52 sugov:4
 418183 root       0 -20       0      0      0 I   1.0   0.0   0:13.23 kworker/u13:0-uvcvideo
 513133 jetson    20   0 1082972  60484  26368 S   1.0   0.8   1:15.14 foxglove_bridge
 626969 jetson    20   0   14340   3376   2764 R   1.0   0.0   0:00.43 top
     14 root      20   0       0      0      0 S   0.5   0.0   0:22.59 ksoftirqd/0
    340 root      20   0   23544   6732   4608 S   0.5   0.1   1:30.15 systemd-udevd
    865 root      20   0 2145956  51792  25768 S   0.5   0.7   0:36.80 snapd
   1052 root      20   0       0      0      0 S   0.5   0.0   0:20.96 nvgpu_channel_p
   1212 root      20   0 2093336  75924  33916 S   0.5   1.0   0:38.61 containerd
   1588 root      20   0 2353004 116452  56964 S   0.5   1.5   0:27.88 dockerd
  11931 jetson    20   0  707268  63144  26432 S   0.5   0.8   2:16.45 python3
 437586 root      20   0       0      0      0 I   0.5   0.0   0:06.24 kworker/u12:4-events_unbound
 465092 root      20   0  238836   6948   5700 S   0.5   0.1   0:01.14 iio-sensor-prox
 509136 root      20   0       0      0      0 I   0.5   0.0   0:03.79 kworker/u12:5-events_unbound
 576600 root      20   0       0      0      0 I   0.5   0.0   0:00.19 kworker/3:0-events
 609021 jetson    20   0  796964  40120  13228 S   0.5   0.5   0:01.40 ros2
 622272 root      20   0       0      0      0 I   0.5   0.0   0:00.03 kworker/u12:7-events_freezable_power_
      1 root      20   0  167628  11768   7448 S   0.0   0.2   0:29.58 systemd
      2 root      20   0       0      0      0 S   0.0   0.0   0:00.03 kthreadd
      3 root       0 -20       0      0      0 I   0.0   0.0   0:00.00 rcu_gp
      4 root       0 -20       0      0      0 I   0.0   0.0   0:00.00 rcu_par_gp
      5 root       0 -20       0      0      0 I   0.0   0.0   0:00.00 slub_flushwq
      6 root       0 -20       0      0      0 I   0.0   0.0   0:00.00 netns
      8 root       0 -20       0      0      0 I   0.0   0.0   0:00.00 kworker/0:0H-events_highpri
     10 root       0 -20       0      0      0 I   0.0   0.0   0:00.00 mm_percpu_wq
     11 root      20   0       0      0      0 S   0.0   0.0   0:00.00 rcu_tasks_kthre
     12 root      20   0       0      0      0 S   0.0   0.0   0:00.00 rcu_tasks_rude_
     13 root      20   0       0      0      0 S   0.0   0.0   0:00.00 rcu_tasks_trace
     15 root      20   0       0      0      0 I   0.0   0.0   0:09.97 rcu_preempt
     16 root      rt   0       0      0      0 S   0.0   0.0   0:00.02 migration/0
     17 root      20   0       0      0      0 S   0.0   0.0   0:00.00 cpuhp/0
     18 root      20   0       0      0      0 S   0.0   0.0   0:00.00 cpuhp/1
     19 root      rt   0       0      0      0 S   0.0   0.0   0:00.03 migration/1
     20 root      20   0       0      0      0 S   0.0   0.0   0:01.61 ksoftirqd/1
     22 root       0 -20       0      0      0 I   0.0   0.0   0:00.00 kworker/1:0H-events_highpri
     23 root      20   0       0      0      0 S   0.0   0.0   0:00.00 cpuhp/2
     24 root      rt   0       0      0      0 S   0.0   0.0   0:00.02 migration/2
     25 root      20   0       0      0      0 S   0.0   0.0   0:01.61 ksoftirqd/2
     27 root       0 -20       0      0      0 I   0.0   0.0   0:00.00 kworker/2:0H-events_highpri
     28 root      20   0       0      0      0 S   0.0   0.0   0:00.00 cpuhp/3
     29 root      rt   0       0      0      0 S   0.0   0.0   0:00.02 migration/3
     30 root      20   0       0      0      0 S   0.0   0.0   0:01.50 ksoftirqd/3
     32 root       0 -20       0      0      0 I   0.0   0.0   0:00.00 kworker/3:0H-events_highpri
     33 root      20   0       0      0      0 S   0.0   0.0   0:00.00 cpuhp/4
     34 root      rt   0       0      0      0 S   0.0   0.0   0:00.06 migration/4
     35 root      20   0       0      0      0 S   0.0   0.0   0:01.12 ksoftirqd/4
     37 root       0 -20       0      0      0 I   0.0   0.0   0:00.00 kworker/4:0H-kblockd
     38 root      20   0       0      0      0 S   0.0   0.0   0:00.00 cpuhp/5
     39 root      rt   0       0      0      0 S   0.0   0.0   0:00.07 migration/5
     40 root      20   0       0      0      0 S   0.0   0.0   0:01.17 ksoftirqd/5
     42 root       0 -20       0      0      0 I   0.0   0.0   0:00.00 kworker/5:0H-events_highpri
     43 root      20   0       0      0      0 S   0.0   0.0   0:00.01 kdevtmpfs
     44 root       0 -20       0      0      0 I   0.0   0.0   0:00.00 inet_frag_wq
     51 root      20   0       0      0      0 S   0.0   0.0   0:00.00 kauditd
     52 root      20   0       0      0      0 S   0.0   0.0   0:00.00 oom_reaper
     53 root       0 -20       0      0      0 I   0.0   0.0   0:00.00 writeback
     54 root      20   0       0      0      0 S   0.0   0.0   0:00.19 kcompactd0
     55 root      25   5       0      0      0 S   0.0   0.0   0:00.00 ksmd
     56 root      39  19       0      0      0 S   0.0   0.0   0:02.04 khugepaged
     67 root       0 -20       0      0      0 I   0.0   0.0   0:00.00 cryptd
     86 root       0 -20       0      0      0 I   0.0   0.0   0:00.00 kintegrityd
     87 root       0 -20       0      0      0 I   0.0   0.0   0:00.00 kblockd
     88 root       0 -20       0      0      0 I   0.0   0.0   0:00.00 blkcg_punt_bio
     89 root       0 -20       0      0      0 I   0.0   0.0   0:00.00 tpm_dev_wq
     90 root       0 -20       0      0      0 I   0.0   0.0   0:00.00 ata_sff
     91 root       0 -20       0      0      0 I   0.0   0.0   0:00.00 edac-poller
     92 root       0 -20       0      0      0 I   0.0   0.0   0:00.00 devfreq_wq
     93 root     -51   0       0      0      0 S   0.0   0.0   0:00.00 watchdogd
     96 root       0 -20       0      0      0 I   0.0   0.0   0:00.06 kworker/1:1H-kblockd
     97 root       0 -20       0      0      0 I   0.0   0.0   0:00.00 rpciod
     99 root       0 -20       0      0      0 I   0.0   0.0   0:00.00 xprtiod
    127 root      20   0       0      0      0 S   0.0   0.0   0:00.00 kswapd0
    128 root       0 -20       0      0      0 I   0.0   0.0   0:00.00 nfsiod
    132 root       0 -20       0      0      0 I   0.0   0.0   0:00.00 vfio-irqfd-clea
    133 root       0 -20       0      0      0 I   0.0   0.0   0:00.00 bch_btree_io
    134 root       0 -20       0      0      0 I   0.0   0.0   0:00.00 bcache
    135 root       0 -20       0      0      0 I   0.0   0.0   0:00.00 bch_journal
    136 root       0 -20       0      0      0 I   0.0   0.0   0:00.00 dm_bufio_cache
    139 root      20   0       0      0      0 I   0.0   0.0   0:01.86 kworker/2:3-mm_percpu_wq
    140 root      10 -10       0      0      0 S   0.0   0.0   0:00.00 krfcommd
    141 root      20   0       0      0      0 S   0.0   0.0   0:00.01 pr/tty0
    142 root      20   0       0      0      0 S   0.0   0.0   0:03.09 pr/ttyTCU0
    145 root     -51   0       0      0      0 S   0.0   0.0   0:00.00 irq/114-3160000
    147 root     -51   0       0      0      0 S   0.0   0.0   0:00.00 irq/115-3180000
    149 root     -51   0       0      0      0 S   0.0   0.0   0:00.00 irq/116-31b0000
    150 root     -51   0       0      0      0 S   0.0   0.0   0:00.03 irq/167-c240000
    151 root     -51   0       0      0      0 S   0.0   0.0   0:00.00 irq/168-c250000
    152 root     -51   0       0      0      0 S   0.0   0.0   0:00.00 irq/125-3610000
    153 root     -51   0       0      0      0 S   0.0   0.0   0:00.00 irq/122-3610000
    155 root       0 -20       0      0      0 I   0.0   0.0   0:00.00 sdhci
    156 root     -51   0       0      0      0 S   0.0   0.0   0:00.00 irq/120-mmc0
    157 root     -51   0       0      0      0 S   0.0   0.0   0:00.00 irq/230-3400000
    174 root       0 -20       0      0      0 I   0.0   0.0   0:00.06 kworker/3:1H-kblockd
    180 root     -51   0       0      0      0 S   0.0   0.0   0:00.00 irq/191-tegra-p
    181 root       0 -20       0      0      0 I   0.0   0.0   0:00.00 nvme-wq
    182 root       0 -20       0      0      0 I   0.0   0.0   0:00.00 nvme-reset-wq
    183 root       0 -20       0      0      0 I   0.0   0.0   0:00.00 nvme-delete-wq
    192 root     -51   0       0      0      0 S   0.0   0.0   0:00.00 irq/191-aerdrv
    193 root     -51   0       0      0      0 S   0.0   0.0   0:00.00 irq/193-tegra-p
    196 root     -51   0       0      0      0 S   0.0   0.0   0:00.00 irq/193-aerdrv
    197 root     -51   0       0      0      0 S   0.0   0.0   0:00.00 irq/195-tegra-p
    199 root     -51   0       0      0      0 S   0.0   0.0   0:00.00 irq/232-nvme0q0
    200 root     -51   0       0      0      0 S   0.0   0.0   0:00.37 irq/233-nvme0q1
    201 root     -51   0       0      0      0 S   0.0   0.0   0:00.40 irq/234-nvme0q2
    202 root     -51   0       0      0      0 S   0.0   0.0   0:00.53 irq/235-nvme0q3
    203 root     -51   0       0      0      0 S   0.0   0.0   0:00.65 irq/236-nvme0q4
    204 root     -51   0       0      0      0 S   0.0   0.0   0:00.16 irq/237-nvme0q5
    205 root     -51   0       0      0      0 S   0.0   0.0   0:00.12 irq/238-nvme0q6
    211 root       0 -20       0      0      0 I   0.0   0.0   0:00.06 kworker/4:1H-kblockd
    212 root      20   0       0      0      0 S   0.0   0.0   0:01.45 jbd2/nvme0n1p1-
    213 root       0 -20       0      0      0 I   0.0   0.0   0:00.00 ext4-rsv-conver
    222 root       0 -20       0      0      0 I   0.0   0.0   0:00.00 mld
    223 root       0 -20       0      0      0 I   0.0   0.0   0:00.04 kworker/0:1H-kblockd
    224 root       0 -20       0      0      0 I   0.0   0.0   0:00.00 ipv6_addrconf
    256 root      19  -1   76560  38336  36708 S   0.0   0.5   0:29.12 systemd-journal
    278 root       0 -20       0      0      0 I   0.0   0.0   0:00.08 kworker/2:1H-kblockd
    280 root      39  19       0      0      0 S   0.0   0.0   0:01.64 nvmap-bz
    281 root     -51   0       0      0      0 S   0.0   0.0   0:00.00 irq/188-host1x_
    285 root     -51   0       0      0      0 S   0.0   0.0   0:00.00 irq/197-gk20a_s
    286 root     -51   0       0      0      0 S   0.0   0.0   0:00.03 irq/198-gk20a_s
    287 root     -51   0       0      0      0 S   0.0   0.0   0:00.03 irq/199-gk20a_s
    288 root     -51   0       0      0      0 S   0.0   0.0   0:00.00 irq/200-gk20a_n
    291 root       0 -20       0      0      0 I   0.0   0.0   0:00.06 kworker/5:1H-kblockd
    295 root      20   0   11116   3460   3204 S   0.0   0.0   0:00.00 nv-tee-supplica
    299 root      20   0   76588   1360   1248 S   0.0   0.0   0:00.01 tee-supplicant
    301 root       0 -20       0      0      0 I   0.0   0.0   0:00.00 optee_bus_scan
    303 root     -51   0       0      0      0 S   0.0   0.0   0:00.00 irq/189-tegra-p
    312 root      20   0   23732   6316   4080 S   0.0   0.1   0:26.88 systemd-udevd
    313 root     -51   0       0      0      0 S   0.0   0.0   0:00.00 irq/189-aerdrv
    314 root      20   0   23216   5820   3992 S   0.0   0.1   0:00.40 systemd-udevd
    315 root      20   0   23216   5020   3248 S   0.0   0.1   0:00.15 systemd-udevd
    316 root      20   0   23268   6252   4316 S   0.0   0.1   0:00.16 systemd-udevd
    317 root      20   0   23220   4364   2600 S   0.0   0.1   0:00.11 systemd-udevd
    318 root      20   0   23216   4480   2672 S   0.0   0.1   0:00.12 systemd-udevd
    319 root      20   0   23212   5820   3980 S   0.0   0.1   0:00.29 systemd-udevd
    320 root      20   0   23264   4688   2764 S   0.0   0.1   0:00.13 systemd-udevd
    321 root      20   0   23268   5072   3136 S   0.0   0.1   0:00.18 systemd-udevd
    322 root      20   0   23524   5520   3456 S   0.0   0.1   0:00.27 systemd-udevd
    323 root      20   0   23216   6296   4444 S   0.0   0.1   0:00.41 systemd-udevd
    324 root      20   0   23220   5196   3388 S   0.0   0.1   0:00.16 systemd-udevd
    325 root      20   0   23220   5820   3976 S   0.0   0.1   0:00.40 systemd-udevd
    326 root      20   0   23220   5252   3388 S   0.0   0.1   0:00.42 systemd-udevd
    327 root      20   0   23220   5504   3684 S   0.0   0.1   0:00.18 systemd-udevd
    330 root      20   0   23512   5728   3684 S   0.0   0.1   0:00.14 systemd-udevd
    331 root      20   0   24292   5540   2676 S   0.0   0.1   0:00.16 systemd-udevd
    333 root      20   0   23524   5596   3532 S   0.0   0.1   0:00.27 systemd-udevd
    334 root      20   0   23220   5584   3740 S   0.0   0.1   0:00.27 systemd-udevd
    335 root      20   0   23220   4504   2708 S   0.0   0.1   0:00.11 systemd-udevd
    336 root      20   0   23220   4696   2892 S   0.0   0.1   0:00.14 systemd-udevd
    337 root      20   0   23524   5056   2992 S   0.0   0.1   0:00.16 systemd-udevd
    339 root      20   0   23220   4980   3148 S   0.0   0.1   0:00.17 systemd-udevd
    341 root      20   0   23276   5328   3384 S   0.0   0.1   0:00.13 systemd-udevd
    342 root      20   0   23280   5176   3228 S   0.0   0.1   0:00.13 systemd-udevd
    343 root      20   0   23220   5988   4152 S   0.0   0.1   0:00.32 systemd-udevd
    344 root      20   0   23560   6700   4596 S   0.0   0.1   0:00.55 systemd-udevd
    345 root      20   0       0      0      0 S   0.0   0.0   0:00.00 15820000.crypto
    346 root      20   0       0      0      0 S   0.0   0.0   0:00.00 15840000.crypto
    368 root      20   0   23324   5984   4116 S   0.0   0.1   0:00.45 systemd-udevd
    417 root     -51   0       0      0      0 S   0.0   0.0   0:00.00 irq/219-bc00000
    419 root      -2   0       0      0      0 S   0.0   0.0   0:00.00 capture-control
    420 root      -2   0       0      0      0 S   0.0   0.0   0:00.00 capture
    422 root     -51   0       0      0      0 S   0.0   0.0   0:00.00 irq/214-tegra_d
    423 root     -51   0       0      0      0 S   0.0   0.0   0:00.00 irq/215-tegra_d
    424 root       0 -20       0      0      0 I   0.0   0.0   0:00.00 dce-async-ipc-w
    425 root     -51   0       0      0      0 S   0.0   0.0   0:00.00 irq/240-nvvrs-p
    427 root      20   0       0      0      0 S   0.0   0.0   0:00.00 nv_queue
    428 root      20   0       0      0      0 S   0.0   0.0   0:00.00 nv_queue
    483 root     -51   0       0      0      0 S   0.0   0.0   0:00.00 irq/118-3210000
    487 root      20   0       0      0      0 S   0.0   0.0   0:00.00 spi0
    495 root       0 -20       0      0      0 I   0.0   0.0   0:00.00 cfg80211
    497 root     -51   0       0      0      0 S   0.0   0.0   0:00.00 irq/119-3230000
    498 root      20   0       0      0      0 S   0.0   0.0   0:00.00 spi1
    584 root       0 -20       0      0      0 I   0.0   0.0   0:00.00 btfwwork
    650 root      20   0    8236   6424   1432 S   0.0   0.1   0:00.72 haveged
    653 _rpc      20   0    7932   2264   1912 S   0.0   0.0   0:00.03 rpcbind
    659 systemd+  20   0   26320  13580   8496 S   0.0   0.2   0:00.53 systemd-resolve
    662 systemd+  20   0   88880   6332   5484 S   0.0   0.1   0:00.15 systemd-timesyn
    826 avahi     20   0    8084   3108   2752 S   0.0   0.0   0:00.66 avahi-daemon
    827 root      20   0    9888   4552   4112 S   0.0   0.1   0:00.07 bluetoothd
    828 message+  20   0   10496   5632   3584 S   0.0   0.1   0:42.76 dbus-daemon
    829 root      20   0  264864  18900  14872 S   0.0   0.2   0:38.97 NetworkManager
    838 root      20   0   43504  19780  10232 S   0.0   0.3   0:00.15 networkd-dispat
    849 root      20   0  241652   9056   6312 S   0.0   0.1   0:00.60 power-profiles-
    854 syslog    20   0  222160   5012   3672 S   0.0   0.1   0:05.54 rsyslogd
    859 root      20   0    2240    796    720 S   0.0   0.0   0:00.00 seatd
    867 root      20   0  242124   7452   6576 S   0.0   0.1   0:02.13 accounts-daemon
    869 root      20   0  238128   6232   5620 S   0.0   0.1   0:00.04 switcheroo-cont
    871 root      20   0   48968   7620   6296 S   0.0   0.1   0:03.64 systemd-logind
    874 root      20   0  394188  13988   9476 S   0.0   0.2   0:01.05 udisksd
    875 root      20   0   16632   9928   8148 S   0.0   0.1   0:01.31 wpa_supplicant
    882 avahi     20   0    7812    356      0 S   0.0   0.0   0:00.00 avahi-daemon
    921 root      30  10   11248   3612   3220 S   0.0   0.0   0:08.48 wifi_mon.sh
    969 root      20   0  237044  10468   6400 S   0.0   0.1   3:06.90 polkitd
    983 root      20   0    2460   1556   1380 S   0.0   0.0   0:08.24 nvfancontrol
   1049 root      20   0       0      0      0 S   0.0   0.0   0:00.00 sw-quiesce
   1068 root      20   0       0      0      0 S   0.0   0.0   0:00.00 nvgpu_pg_init_g
   1087 root      20   0       0      0      0 S   0.0   0.0   0:00.00 nvgpu_clk_arb_p
   1117 root      20   0       0      0      0 S   0.0   0.0   0:07.70 RTW_CMD_THREAD
   1157 root      20   0   75936   9960   8136 S   0.0   0.1   0:00.01 nvargus-daemon
   1158 root      20   0   11116   3520   3220 S   0.0   0.0   0:00.08 nvmemwarning.sh
   1171 root      20   0   22192   1776   1580 S   0.0   0.0   0:00.00 nvs-service
   1181 ollama    20   0 2006720  39588  20072 S   0.0   0.5   0:01.07 ollama
   1195 root      20   0    2336   1408   1292 S   0.0   0.0   0:01.96 run-cups-browse
   1201 root      20   0    2336   1424   1296 S   0.0   0.0   0:02.02 run-cupsd
   1204 root      20   0       0      0      0 S   0.0   0.0   0:00.00 pr/ramoops-1
   1239 root      20   0   10772   2824   2576 S   0.0   0.0   0:00.06 cron
   1259 root      20   0  243128   8056   7012 S   0.0   0.1   0:00.02 gdm3
   1263 kernoops  20   0   12812    452      0 S   0.0   0.0   0:00.02 kerneloops
   1290 root      20   0    9468    800    724 S   0.0   0.0   0:00.00 agetty
   1291 kernoops  20   0   12812    452      0 S   0.0   0.0   0:00.02 kerneloops
   1293 root      20   0    9468    804    724 S   0.0   0.0   0:00.00 agetty
   1330 root      20   0  173408   8804   7628 S   0.0   0.1   0:00.02 gdm-session-wor
   1417 root      20   0       0      0      0 S   0.0   0.0   0:00.00 file-storage
   1426 root      20   0   15272   8368   6788 S   0.0   0.1   0:00.73 sshd
   1474 gdm       20   0   18120   9728   7360 S   0.0   0.1   0:00.46 systemd
   1478 root      20   0    3076    992    880 S   0.0   0.0   0:00.00 nvphsd
   1483 root      20   0    3208   1476   1316 S   0.0   0.0   0:00.00 nvphsd
   1497 gdm       20   0  106692   4552      0 S   0.0   0.1   0:00.00 (sd-pam)
   1688 gdm        9 -11   41972   6472   5156 S   0.0   0.1   0:00.07 pipewire
   1689 gdm       20   0   25476   6428   5104 S   0.0   0.1   0:01.69 pipewire-media-
   1690 gdm        9 -11  891840  20748  12584 S   0.0   0.3   0:00.94 pulseaudio
   1695 gdm       20   0  163948   5472   4964 S   0.0   0.1   0:00.00 gdm-x-session
   1697 root      20   0   24.2g  80528  35884 S   0.0   1.0   0:02.02 Xorg
   1698 rtkit     21   1  153504   1588   1380 S   0.0   0.0   0:00.31 rtkit-daemon
   1729 gdm       20   0    8840   3600   3212 S   0.0   0.0   0:00.02 dbus-daemon
   1748 root      20   0       0      0      0 S   0.0   0.0   0:00.00 nvidia-modeset/
   1749 root      20   0       0      0      0 S   0.0   0.0   0:00.00 nvidia-modeset/
   1752 root      20   0       0      0      0 S   0.0   0.0   0:00.00 nvidia
   1753 root      20   0       0      0      0 S   0.0   0.0   0:00.00 nv_queue
   1790 root      20   0       0      0      0 S   0.0   0.0   0:00.00 nvidia-drm-nv-t
   1791 root     -51   0       0      0      0 S   0.0   0.0   0:00.00 card1-crtc0
   1792 root     -51   0       0      0      0 S   0.0   0.0   0:00.00 card1-crtc1
   1980 gdm       20   0    5876   1552   1344 S   0.0   0.0   0:00.00 dbus-run-sessio
   1983 gdm       20   0    9108   4440   3588 S   0.0   0.1   0:00.13 dbus-daemon
   2035 gdm       20   0  597840  17824  12972 S   0.0   0.2   0:01.00 gnome-session-b
   2057 gdm       20   0  310068   8976   6272 S   0.0   0.1   0:00.00 at-spi-bus-laun
   2062 gdm       20   0    8692   3556   3168 S   0.0   0.0   0:00.00 dbus-daemon
   2071 gdm       20   0 3471500 137220  73260 S   0.0   1.8   0:47.20 gnome-shell
   2092 gdm       20   0  237676   4964   4528 S   0.0   0.1   0:00.00 xdg-permission-
   2099 root      20   0  243852  10136   6984 S   0.0   0.1   0:00.47 upowerd
   2106 root      20   0  301608  19332  16408 S   0.0   0.2   0:01.57 packagekitd
   2110 gdm       20   0 2812288  25716  20860 S   0.0   0.3   0:00.08 gjs
   2113 gdm       20   0  163144   7196   6428 S   0.0   0.1   0:00.02 at-spi2-registr
   2141 gdm       20   0  468748   9856   7940 S   0.0   0.1   0:01.97 gsd-sharing
   2146 gdm       20   0  338880  14892  12620 S   0.0   0.2   0:00.06 gsd-wacom
   2148 gdm       20   0  451616  18896  16480 S   0.0   0.2   0:00.22 gsd-color
   2150 gdm       20   0  412392  17092  13292 S   0.0   0.2   0:00.04 gsd-keyboard
   2152 gdm       20   0  316864  13188   6244 S   0.0   0.2   0:00.10 ibus-daemon
   2156 gdm       20   0  326124   9848   8488 S   0.0   0.1   0:00.02 gsd-print-notif
   2166 gdm       20   0  242216   6512   5848 S   0.0   0.1   0:00.01 gvfsd
   2168 gdm       20   0  459796   6140   5436 S   0.0   0.1   0:00.58 gsd-rfkill
   2170 gdm       20   0  388312   7432   6528 S   0.0   0.1   0:00.01 gsd-smartcard
   2173 gdm       20   0  380556  16508  12504 S   0.0   0.2   0:00.03 gsd-datetime
   2183 gdm       20   0  864216  20108  17428 S   0.0   0.3   0:00.52 gsd-media-keys
   2184 gdm       20   0  237936   4760   4376 S   0.0   0.1   0:00.01 gsd-screensaver
   2185 gdm       20   0  322096  10392   7320 S   0.0   0.1   0:00.02 gsd-sound
   2186 gdm       20   0  312416   8104   5476 S   0.0   0.1   0:00.01 gsd-a11y-settin
   2193 gdm       20   0  313996   8944   6152 S   0.0   0.1   0:00.97 gsd-housekeepin
   2195 gdm       20   0  450004  20288  15904 S   0.0   0.3   0:00.52 gsd-power
   2218 gdm       20   0  347052  12608  10748 S   0.0   0.2   0:00.03 gsd-printer
   2221 gdm       20   0  239040   6576   5948 S   0.0   0.1   0:00.00 ibus-dconf
   2233 gdm       20   0  238936   5920   5488 S   0.0   0.1   0:00.00 ibus-portal
   2263 colord    20   0  247516  14492   8720 S   0.0   0.2   0:00.27 colord
   2285 gdm       20   0 2812300  27868  20904 S   0.0   0.4   0:00.09 gjs
   2349 gdm       20   0  165096   6516   5892 S   0.0   0.1   0:00.01 ibus-engine-sim
   2508 root      20   0  136716  13172   9512 S   0.0   0.2   0:00.70 cupsd
   2522 root      20   0  260792  17940  13508 S   0.0   0.2   0:01.60 cups-browsed
  11687 jetson    20   0   18140   9764   7368 S   0.0   0.1   0:00.37 systemd
  11688 jetson    20   0  172512   4632      0 S   0.0   0.1   0:00.00 (sd-pam)
  11696 jetson    20   0   41976   6552   5228 S   0.0   0.1   0:00.06 pipewire
  11697 jetson    20   0   25484   6724   5388 S   0.0   0.1   0:01.87 pipewire-media-
  11749 jetson    20   0    8888   4168   3672 S   0.0   0.1   0:00.03 dbus-daemon
  13234 jetson    20   0  203640  35476  13212 S   0.0   0.5   0:00.75 ros2
  13236 jetson    20   0 2070472  36080  17228 S   0.0   0.5   0:00.90 docker
  13238 jetson    20   0  428524  31584  15828 S   0.0   0.4   2:22.11 robot_state_pub
  13265 root      20   0 1232976  11076   5960 S   0.0   0.1   0:02.39 containerd-shim
  13294 root      20   0   49400  29204  14412 S   0.0   0.4   0:00.40 ros2
  90870 root      20   0       0      0      0 I   0.0   0.0   0:23.05 kworker/u12:11-events_unbound
 100141 root      20   0       0      0      0 I   0.0   0.0   0:22.80 kworker/u12:6-events_unbound
 284193 root      20   0       0      0      0 I   0.0   0.0   0:13.27 kworker/u12:3-events_freezable_power_
 407770 root      20   0       0      0      0 I   0.0   0.0   0:09.23 kworker/u12:9-events_unbound
 417230 root      20   0       0      0      0 I   0.0   0.0   0:07.57 kworker/u12:0-events_unbound
 481530 root       0 -20       0      0      0 I   0.0   0.0   0:07.90 kworker/u13:3-uvcvideo
 494770 root      20   0 1233488  12748   6732 S   0.0   0.2   0:09.06 containerd-shim
 494799 jetson    20   0    5508    792    704 S   0.0   0.0   0:00.21 sleep
 494866 root      20   0   21760   5464   3940 S   0.0   0.1   0:03.63 systemd-udevd
 494879 root      20   0   21756   3352   1840 S   0.0   0.0   0:01.00 systemd-udevd
 512501 root      20   0       0      0      0 I   0.0   0.0   0:00.21 kworker/4:0-events
 513123 jetson    20   0  572504  38640  13228 S   0.0   0.5   0:01.15 ros2
 513219 root      20   0   21752   3192   1712 S   0.0   0.0   0:00.00 systemd-udevd
 513220 root      20   0   21760   3352   1840 S   0.0   0.0   0:00.00 systemd-udevd
 513233 root      20   0   21760   3356   1840 S   0.0   0.0   0:00.00 systemd-udevd
 513234 root      20   0   21760   3356   1840 S   0.0   0.0   0:00.00 systemd-udevd
 513235 root      20   0   21760   3336   1840 S   0.0   0.0   0:00.00 systemd-udevd
 513236 root      20   0   21760   3352   1840 S   0.0   0.0   0:00.00 systemd-udevd
 513237 root      20   0   21760   3336   1840 S   0.0   0.0   0:00.00 systemd-udevd
 513250 root      20   0   21760   4428   2868 S   0.0   0.1   0:06.05 systemd-udevd
 513251 root      20   0   21760   3840   2288 S   0.0   0.0   0:00.00 systemd-udevd
 513265 root      20   0   21760   4056   2496 S   0.0   0.1   0:00.00 systemd-udevd
 513266 root      20   0   21760   3244   1712 S   0.0   0.0   0:00.00 systemd-udevd
 513437 jetson    20   0  129772  36180  13228 S   0.0   0.5   0:00.78 ros2
 536340 root      20   0       0      0      0 I   0.0   0.0   0:00.15 kworker/1:1-cgroup_destroy
 536745 root       0 -20       0      0      0 I   0.0   0.0   0:05.51 kworker/u13:4-uvcvideo
 538507 root      20   0       0      0      0 I   0.0   0.0   0:00.18 kworker/0:0-events
 550304 root      20   0       0      0      0 I   0.0   0.0   0:00.30 kworker/5:0-events
 562560 root      20   0       0      0      0 D   0.0   0.0   0:01.80 kworker/u12:1+events_freezable_power_
 568778 root      20   0       0      0      0 I   0.0   0.0   0:00.00 kworker/2:0-cgroup_destroy
 576729 root      20   0       0      0      0 I   0.0   0.0   0:00.09 kworker/5:1-mm_percpu_wq
 576909 root      20   0       0      0      0 I   0.0   0.0   0:00.03 kworker/4:1-events
 582730 root      20   0       0      0      0 I   0.0   0.0   0:01.34 kworker/u12:2-events_freezable_power_
 589172 root      20   0       0      0      0 I   0.0   0.0   0:00.75 kworker/u12:10-events_freezable_power_
 590592 root      20   0       0      0      0 I   0.0   0.0   0:00.00 kworker/0:2-cgroup_destroy
 591089 root       0 -20       0      0      0 I   0.0   0.0   0:03.02 kworker/u13:1-uvcvideo
 602672 root      20   0       0      0      0 I   0.0   0.0   0:00.08 kworker/1:3-mm_percpu_wq
 608435 root      20   0       0      0      0 I   0.0   0.0   0:00.00 kworker/3:2-cgroup_destroy
 608538 root      20   0       0      0      0 I   0.0   0.0   0:00.00 kworker/2:2-events
 609103 jetson    20   0   11248   3076   2756 S   0.0   0.0   0:00.27 bash
 609212 root      20   0       0      0      0 I   0.0   0.0   0:00.05 kworker/0:1-events
 609220 jetson    20   0   53568  30340  15008 S   0.0   0.4   0:00.41 ros2
 613727 root      20   0    9436    780    704 S   0.0   0.0   0:00.00 sleep
 615420 root      20   0       0      0      0 I   0.0   0.0   0:00.01 kworker/4:2-events
 617319 root      20   0       0      0      0 I   0.0   0.0   0:00.00 kworker/0:3-cgroup_destroy
 621315 root      20   0       0      0      0 I   0.0   0.0   0:00.00 kworker/1:0-events
 621531 root      20   0       0      0      0 I   0.0   0.0   0:00.00 kworker/5:2-events
 623951 jetson    20   0   11248   3292   2852 S   0.0   0.0   0:00.03 bash
 626884 jetson    20   0   11248   3292   2860 S   0.0   0.0   0:00.01 bash
 626970 jetson    20   0    2872    896    800 S   0.0   0.0   0:00.09 tegrastats
 627202 jetson    20   0    9480    808    724 S   0.0   0.0   0:00.00 tail
 628894 root      20   0       0      0      0 I   0.0   0.0   0:00.00 kworker/3:1-events
 629141 root      30  10    9436    784    704 S   0.0   0.0   0:00.00 sleep
 629389 jetson    20   0    9444    788    704 S   0.0   0.0   0:00.00 sleep

top - 15:56:25 up  6:19,  0 users,  load average: 8.83, 8.38, 6.85
Tasks: 351 total,   6 running, 345 sleeping,   0 stopped,   0 zombie
%Cpu(s): 36.4 us, 10.2 sy,  0.0 ni, 48.8 id,  0.0 wa,  2.4 hi,  2.2 si,  0.0 st
MiB Mem :   7607.4 total,   2358.2 free,   2191.2 used,   3057.9 buff/cache
MiB Swap:   3803.7 total,   3803.7 free,      0.0 used.   5099.2 avail Mem 

    PID USER      PR  NI    VIRT    RES    SHR S  %CPU  %MEM     TIME+ COMMAND
 513359 jetson    20   0  709132  64972  27276 S  39.4   0.8  14:23.60 python3
 626968 jetson    20   0  764024  55912  25372 S  23.6   0.7   0:10.14 ros2
  13320 root      20   0 1300496  44944  11392 S  23.2   0.6  30:14.17 micro_ros_agent
 513129 jetson    20   0  432964  27132  14244 S  17.2   0.3   6:34.24 rplidar_node
 609244 jetson    20   0 9351828 402192  84580 S  16.7   5.2   1:03.78 nvblox_node
 513125 jetson    20   0 1750824 109580  51324 S  15.3   1.4   5:37.51 realsense2_came
    969 root      20   0  237044  10468   6400 S  13.8   0.1   3:07.18 polkitd
 513361 jetson    20   0  506336  34940  18388 R  12.3   0.4   4:35.37 ekf_node
 609086 jetson    20   0  577388  31744  16252 R  12.3   0.4   0:44.65 lifecycle_manag
 609057 jetson    20   0  962968  50544  23652 S  11.3   0.6   0:49.09 controller_serv
 609065 jetson    20   0  531040  46960  26672 S  10.3   0.6   0:40.46 bt_navigator
 609061 jetson    20   0 1070624  72072  24604 S   9.9   0.9   0:40.62 planner_server
 513131 jetson    20   0  708192  64296  27388 R   8.4   0.8   3:30.73 python3
 609063 jetson    20   0  516308  35412  21032 S   7.9   0.5   0:31.20 behavior_server
 609059 jetson    20   0  664644  35128  19412 S   6.9   0.5   0:26.43 smoother_server
 609055 jetson    20   0  709540  62092  27352 S   6.4   0.8   0:21.94 python3
 609077 jetson    20   0  428704  29676  15956 S   5.9   0.4   0:22.75 velocity_smooth
 609067 jetson    20   0  431292  29316  17020 R   5.4   0.4   0:22.56 waypoint_follow
 513127 jetson    20   0  710792  65280  27232 S   4.4   0.8   2:02.87 python3
    828 message+  20   0   10496   5632   3584 S   3.9   0.1   0:42.84 dbus-daemon
 513439 jetson    20   0 1061928  53764  24360 S   3.9   0.7   1:34.79 async_slam_tool
    829 root      20   0  264864  18900  14872 S   3.0   0.2   0:39.03 NetworkManager
      1 root      20   0  167628  11768   7448 S   2.0   0.2   0:29.62 systemd
   2071 gdm       20   0 3471500 137220  73260 S   1.5   1.8   0:47.23 gnome-shell
   1588 root      20   0 2353004 116452  56964 S   1.0   1.5   0:27.90 dockerd
 513133 jetson    20   0 1082972  60484  26368 S   1.0   0.8   1:15.16 foxglove_bridge
 591089 root       0 -20       0      0      0 R   1.0   0.0   0:03.04 kworker/u13:1-uvcvideo
 626969 jetson    20   0   14340   3376   2764 R   1.0   0.0   0:00.45 top
    256 root      19  -1   76560  38336  36708 S   0.5   0.5   0:29.13 systemd-journal
    340 root      20   0   23544   6732   4608 S   0.5   0.1   1:30.16 systemd-udevd
    871 root      20   0   48968   7620   6296 S   0.5   0.1   0:03.65 systemd-logind
    904 root      rt   0       0      0      0 S   0.5   0.0   1:47.74 sugov:0
    909 root      rt   0       0      0      0 S   0.5   0.0   0:50.53 sugov:4
   1212 root      20   0 2093336  75924  33916 S   0.5   1.0   0:38.62 containerd
   2141 gdm       20   0  468748   9856   7940 S   0.5   0.1   0:01.98 gsd-sharing
   2183 gdm       20   0  864216  20108  17428 S   0.5   0.3   0:00.53 gsd-media-keys
  11931 jetson    20   0  707268  63144  26432 S   0.5   0.8   2:16.46 python3
 494770 root      20   0 1233488  12748   6732 S   0.5   0.2   0:09.07 containerd-shim
 513250 root      20   0   21760   4428   2868 S   0.5   0.1   0:06.06 systemd-udevd
 562560 root      20   0       0      0      0 I   0.5   0.0   0:01.81 kworker/u12:1-events_unbound
 589172 root      20   0       0      0      0 I   0.5   0.0   0:00.76 kworker/u12:10-events_unbound
      2 root      20   0       0      0      0 S   0.0   0.0   0:00.03 kthreadd
      3 root       0 -20       0      0      0 I   0.0   0.0   0:00.00 rcu_gp
      4 root       0 -20       0      0      0 I   0.0   0.0   0:00.00 rcu_par_gp
      5 root       0 -20       0      0      0 I   0.0   0.0   0:00.00 slub_flushwq
      6 root       0 -20       0      0      0 I   0.0   0.0   0:00.00 netns
      8 root       0 -20       0      0      0 I   0.0   0.0   0:00.00 kworker/0:0H-events_highpri
     10 root       0 -20       0      0      0 I   0.0   0.0   0:00.00 mm_percpu_wq
     11 root      20   0       0      0      0 S   0.0   0.0   0:00.00 rcu_tasks_kthre
     12 root      20   0       0      0      0 S   0.0   0.0   0:00.00 rcu_tasks_rude_
     13 root      20   0       0      0      0 S   0.0   0.0   0:00.00 rcu_tasks_trace
     14 root      20   0       0      0      0 S   0.0   0.0   0:22.59 ksoftirqd/0
     15 root      20   0       0      0      0 I   0.0   0.0   0:09.97 rcu_preempt
     16 root      rt   0       0      0      0 S   0.0   0.0   0:00.02 migration/0
     17 root      20   0       0      0      0 S   0.0   0.0   0:00.00 cpuhp/0
     18 root      20   0       0      0      0 S   0.0   0.0   0:00.00 cpuhp/1
     19 root      rt   0       0      0      0 S   0.0   0.0   0:00.03 migration/1
     20 root      20   0       0      0      0 S   0.0   0.0   0:01.61 ksoftirqd/1
     22 root       0 -20       0      0      0 I   0.0   0.0   0:00.00 kworker/1:0H-events_highpri
     23 root      20   0       0      0      0 S   0.0   0.0   0:00.00 cpuhp/2
     24 root      rt   0       0      0      0 S   0.0   0.0   0:00.02 migration/2
     25 root      20   0       0      0      0 S   0.0   0.0   0:01.61 ksoftirqd/2
     27 root       0 -20       0      0      0 I   0.0   0.0   0:00.00 kworker/2:0H-events_highpri
     28 root      20   0       0      0      0 S   0.0   0.0   0:00.00 cpuhp/3
     29 root      rt   0       0      0      0 S   0.0   0.0   0:00.02 migration/3
     30 root      20   0       0      0      0 S   0.0   0.0   0:01.50 ksoftirqd/3
     32 root       0 -20       0      0      0 I   0.0   0.0   0:00.00 kworker/3:0H-events_highpri
     33 root      20   0       0      0      0 S   0.0   0.0   0:00.00 cpuhp/4
     34 root      rt   0       0      0      0 S   0.0   0.0   0:00.06 migration/4
     35 root      20   0       0      0      0 S   0.0   0.0   0:01.12 ksoftirqd/4
     37 root       0 -20       0      0      0 I   0.0   0.0   0:00.00 kworker/4:0H-kblockd
     38 root      20   0       0      0      0 S   0.0   0.0   0:00.00 cpuhp/5
     39 root      rt   0       0      0      0 S   0.0   0.0   0:00.07 migration/5
     40 root      20   0       0      0      0 S   0.0   0.0   0:01.17 ksoftirqd/5
     42 root       0 -20       0      0      0 I   0.0   0.0   0:00.00 kworker/5:0H-events_highpri
     43 root      20   0       0      0      0 S   0.0   0.0   0:00.01 kdevtmpfs
     44 root       0 -20       0      0      0 I   0.0   0.0   0:00.00 inet_frag_wq
     51 root      20   0       0      0      0 S   0.0   0.0   0:00.00 kauditd
     52 root      20   0       0      0      0 S   0.0   0.0   0:00.00 oom_reaper
     53 root       0 -20       0      0      0 I   0.0   0.0   0:00.00 writeback
     54 root      20   0       0      0      0 S   0.0   0.0   0:00.19 kcompactd0
     55 root      25   5       0      0      0 S   0.0   0.0   0:00.00 ksmd
     56 root      39  19       0      0      0 S   0.0   0.0   0:02.04 khugepaged
     67 root       0 -20       0      0      0 I   0.0   0.0   0:00.00 cryptd
     86 root       0 -20       0      0      0 I   0.0   0.0   0:00.00 kintegrityd
     87 root       0 -20       0      0      0 I   0.0   0.0   0:00.00 kblockd
     88 root       0 -20       0      0      0 I   0.0   0.0   0:00.00 blkcg_punt_bio
     89 root       0 -20       0      0      0 I   0.0   0.0   0:00.00 tpm_dev_wq
     90 root       0 -20       0      0      0 I   0.0   0.0   0:00.00 ata_sff
     91 root       0 -20       0      0      0 I   0.0   0.0   0:00.00 edac-poller
     92 root       0 -20       0      0      0 I   0.0   0.0   0:00.00 devfreq_wq
     93 root     -51   0       0      0      0 S   0.0   0.0   0:00.00 watchdogd
     96 root       0 -20       0      0      0 I   0.0   0.0   0:00.06 kworker/1:1H-kblockd
     97 root       0 -20       0      0      0 I   0.0   0.0   0:00.00 rpciod
     99 root       0 -20       0      0      0 I   0.0   0.0   0:00.00 xprtiod
    127 root      20   0       0      0      0 S   0.0   0.0   0:00.00 kswapd0
    128 root       0 -20       0      0      0 I   0.0   0.0   0:00.00 nfsiod
    132 root       0 -20       0      0      0 I   0.0   0.0   0:00.00 vfio-irqfd-clea
    133 root       0 -20       0      0      0 I   0.0   0.0   0:00.00 bch_btree_io
    134 root       0 -20       0      0      0 I   0.0   0.0   0:00.00 bcache
    135 root       0 -20       0      0      0 I   0.0   0.0   0:00.00 bch_journal
    136 root       0 -20       0      0      0 I   0.0   0.0   0:00.00 dm_bufio_cache
    139 root      20   0       0      0      0 I   0.0   0.0   0:01.86 kworker/2:3-events
    140 root      10 -10       0      0      0 S   0.0   0.0   0:00.00 krfcommd
    141 root      20   0       0      0      0 S   0.0   0.0   0:00.01 pr/tty0
    142 root      20   0       0      0      0 S   0.0   0.0   0:03.09 pr/ttyTCU0
    145 root     -51   0       0      0      0 S   0.0   0.0   0:00.00 irq/114-3160000
    147 root     -51   0       0      0      0 S   0.0   0.0   0:00.00 irq/115-3180000
    149 root     -51   0       0      0      0 S   0.0   0.0   0:00.00 irq/116-31b0000
    150 root     -51   0       0      0      0 S   0.0   0.0   0:00.03 irq/167-c240000
    151 root     -51   0       0      0      0 S   0.0   0.0   0:00.00 irq/168-c250000
    152 root     -51   0       0      0      0 S   0.0   0.0   0:00.00 irq/125-3610000
    153 root     -51   0       0      0      0 S   0.0   0.0   0:00.00 irq/122-3610000
    155 root       0 -20       0      0      0 I   0.0   0.0   0:00.00 sdhci
    156 root     -51   0       0      0      0 S   0.0   0.0   0:00.00 irq/120-mmc0
    157 root     -51   0       0      0      0 S   0.0   0.0   0:00.00 irq/230-3400000
    174 root       0 -20       0      0      0 I   0.0   0.0   0:00.06 kworker/3:1H-kblockd
    180 root     -51   0       0      0      0 S   0.0   0.0   0:00.00 irq/191-tegra-p
    181 root       0 -20       0      0      0 I   0.0   0.0   0:00.00 nvme-wq
    182 root       0 -20       0      0      0 I   0.0   0.0   0:00.00 nvme-reset-wq
    183 root       0 -20       0      0      0 I   0.0   0.0   0:00.00 nvme-delete-wq
    192 root     -51   0       0      0      0 S   0.0   0.0   0:00.00 irq/191-aerdrv
    193 root     -51   0       0      0      0 S   0.0   0.0   0:00.00 irq/193-tegra-p
    196 root     -51   0       0      0      0 S   0.0   0.0   0:00.00 irq/193-aerdrv
    197 root     -51   0       0      0      0 S   0.0   0.0   0:00.00 irq/195-tegra-p
    199 root     -51   0       0      0      0 S   0.0   0.0   0:00.00 irq/232-nvme0q0
    200 root     -51   0       0      0      0 S   0.0   0.0   0:00.37 irq/233-nvme0q1
    201 root     -51   0       0      0      0 S   0.0   0.0   0:00.40 irq/234-nvme0q2
    202 root     -51   0       0      0      0 S   0.0   0.0   0:00.53 irq/235-nvme0q3
    203 root     -51   0       0      0      0 S   0.0   0.0   0:00.65 irq/236-nvme0q4
    204 root     -51   0       0      0      0 S   0.0   0.0   0:00.16 irq/237-nvme0q5
    205 root     -51   0       0      0      0 S   0.0   0.0   0:00.12 irq/238-nvme0q6
    211 root       0 -20       0      0      0 I   0.0   0.0   0:00.06 kworker/4:1H-kblockd
    212 root      20   0       0      0      0 S   0.0   0.0   0:01.45 jbd2/nvme0n1p1-
    213 root       0 -20       0      0      0 I   0.0   0.0   0:00.00 ext4-rsv-conver
    222 root       0 -20       0      0      0 I   0.0   0.0   0:00.00 mld
    223 root       0 -20       0      0      0 I   0.0   0.0   0:00.04 kworker/0:1H-kblockd
    224 root       0 -20       0      0      0 I   0.0   0.0   0:00.00 ipv6_addrconf
    278 root       0 -20       0      0      0 I   0.0   0.0   0:00.08 kworker/2:1H-kblockd
    280 root      39  19       0      0      0 S   0.0   0.0   0:01.64 nvmap-bz
    281 root     -51   0       0      0      0 S   0.0   0.0   0:00.00 irq/188-host1x_
    285 root     -51   0       0      0      0 S   0.0   0.0   0:00.00 irq/197-gk20a_s
    286 root     -51   0       0      0      0 S   0.0   0.0   0:00.03 irq/198-gk20a_s
    287 root     -51   0       0      0      0 S   0.0   0.0   0:00.03 irq/199-gk20a_s
    288 root     -51   0       0      0      0 S   0.0   0.0   0:00.00 irq/200-gk20a_n
    291 root       0 -20       0      0      0 I   0.0   0.0   0:00.06 kworker/5:1H-kblockd
    295 root      20   0   11116   3460   3204 S   0.0   0.0   0:00.00 nv-tee-supplica
    299 root      20   0   76588   1360   1248 S   0.0   0.0   0:00.01 tee-supplicant
    301 root       0 -20       0      0      0 I   0.0   0.0   0:00.00 optee_bus_scan
    303 root     -51   0       0      0      0 S   0.0   0.0   0:00.00 irq/189-tegra-p
    312 root      20   0   23732   6316   4080 S   0.0   0.1   0:26.88 systemd-udevd
    313 root     -51   0       0      0      0 S   0.0   0.0   0:00.00 irq/189-aerdrv
    314 root      20   0   23216   5820   3992 S   0.0   0.1   0:00.40 systemd-udevd
    315 root      20   0   23216   5020   3248 S   0.0   0.1   0:00.15 systemd-udevd
    316 root      20   0   23268   6252   4316 S   0.0   0.1   0:00.16 systemd-udevd
    317 root      20   0   23220   4364   2600 S   0.0   0.1   0:00.11 systemd-udevd
    318 root      20   0   23216   4480   2672 S   0.0   0.1   0:00.12 systemd-udevd
    319 root      20   0   23212   5820   3980 S   0.0   0.1   0:00.29 systemd-udevd
    320 root      20   0   23264   4688   2764 S   0.0   0.1   0:00.13 systemd-udevd
    321 root      20   0   23268   5072   3136 S   0.0   0.1   0:00.18 systemd-udevd
    322 root      20   0   23524   5520   3456 S   0.0   0.1   0:00.27 systemd-udevd
    323 root      20   0   23216   6296   4444 S   0.0   0.1   0:00.41 systemd-udevd
    324 root      20   0   23220   5196   3388 S   0.0   0.1   0:00.16 systemd-udevd
    325 root      20   0   23220   5820   3976 S   0.0   0.1   0:00.40 systemd-udevd
    326 root      20   0   23220   5252   3388 S   0.0   0.1   0:00.42 systemd-udevd
    327 root      20   0   23220   5504   3684 S   0.0   0.1   0:00.18 systemd-udevd
    330 root      20   0   23512   5728   3684 S   0.0   0.1   0:00.14 systemd-udevd
    331 root      20   0   24292   5540   2676 S   0.0   0.1   0:00.16 systemd-udevd
    333 root      20   0   23524   5596   3532 S   0.0   0.1   0:00.27 systemd-udevd
    334 root      20   0   23220   5584   3740 S   0.0   0.1   0:00.27 systemd-udevd
    335 root      20   0   23220   4504   2708 S   0.0   0.1   0:00.11 systemd-udevd
    336 root      20   0   23220   4696   2892 S   0.0   0.1   0:00.14 systemd-udevd
    337 root      20   0   23524   5056   2992 S   0.0   0.1   0:00.16 systemd-udevd
    339 root      20   0   23220   4980   3148 S   0.0   0.1   0:00.17 systemd-udevd
    341 root      20   0   23276   5328   3384 S   0.0   0.1   0:00.13 systemd-udevd
    342 root      20   0   23280   5176   3228 S   0.0   0.1   0:00.13 systemd-udevd
    343 root      20   0   23220   5988   4152 S   0.0   0.1   0:00.32 systemd-udevd
    344 root      20   0   23560   6700   4596 S   0.0   0.1   0:00.55 systemd-udevd
    345 root      20   0       0      0      0 S   0.0   0.0   0:00.00 15820000.crypto
    346 root      20   0       0      0      0 S   0.0   0.0   0:00.00 15840000.crypto
    368 root      20   0   23324   5984   4116 S   0.0   0.1   0:00.45 systemd-udevd
    417 root     -51   0       0      0      0 S   0.0   0.0   0:00.00 irq/219-bc00000
    419 root      -2   0       0      0      0 S   0.0   0.0   0:00.00 capture-control
    420 root      -2   0       0      0      0 S   0.0   0.0   0:00.00 capture
    422 root     -51   0       0      0      0 S   0.0   0.0   0:00.00 irq/214-tegra_d
    423 root     -51   0       0      0      0 S   0.0   0.0   0:00.00 irq/215-tegra_d
    424 root       0 -20       0      0      0 I   0.0   0.0   0:00.00 dce-async-ipc-w
    425 root     -51   0       0      0      0 S   0.0   0.0   0:00.00 irq/240-nvvrs-p
    427 root      20   0       0      0      0 S   0.0   0.0   0:00.00 nv_queue
    428 root      20   0       0      0      0 S   0.0   0.0   0:00.00 nv_queue
    483 root     -51   0       0      0      0 S   0.0   0.0   0:00.00 irq/118-3210000
    487 root      20   0       0      0      0 S   0.0   0.0   0:00.00 spi0
    495 root       0 -20       0      0      0 I   0.0   0.0   0:00.00 cfg80211
    497 root     -51   0       0      0      0 S   0.0   0.0   0:00.00 irq/119-3230000
    498 root      20   0       0      0      0 S   0.0   0.0   0:00.00 spi1
    584 root       0 -20       0      0      0 I   0.0   0.0   0:00.00 btfwwork
    650 root      20   0    8236   6424   1432 S   0.0   0.1   0:00.72 haveged
    653 _rpc      20   0    7932   2264   1912 S   0.0   0.0   0:00.03 rpcbind
    659 systemd+  20   0   26320  13580   8496 S   0.0   0.2   0:00.53 systemd-resolve
    662 systemd+  20   0   88880   6332   5484 S   0.0   0.1   0:00.15 systemd-timesyn
    826 avahi     20   0    8084   3108   2752 S   0.0   0.0   0:00.66 avahi-daemon
    827 root      20   0    9888   4552   4112 S   0.0   0.1   0:00.07 bluetoothd
    838 root      20   0   43504  19780  10232 S   0.0   0.3   0:00.15 networkd-dispat
    849 root      20   0  241652   9056   6312 S   0.0   0.1   0:00.60 power-profiles-
    854 syslog    20   0  222160   5012   3672 S   0.0   0.1   0:05.54 rsyslogd
    859 root      20   0    2240    796    720 S   0.0   0.0   0:00.00 seatd
    865 root      20   0 2145956  51792  25768 S   0.0   0.7   0:36.80 snapd
    867 root      20   0  242124   7452   6576 S   0.0   0.1   0:02.13 accounts-daemon
    869 root      20   0  238128   6232   5620 S   0.0   0.1   0:00.04 switcheroo-cont
    874 root      20   0  394188  13988   9476 S   0.0   0.2   0:01.05 udisksd
    875 root      20   0   16632   9928   8148 S   0.0   0.1   0:01.31 wpa_supplicant
    882 avahi     20   0    7812    356      0 S   0.0   0.0   0:00.00 avahi-daemon
    921 root      30  10   11248   3612   3220 S   0.0   0.0   0:08.48 wifi_mon.sh
    983 root      20   0    2460   1556   1380 S   0.0   0.0   0:08.24 nvfancontrol
   1049 root      20   0       0      0      0 S   0.0   0.0   0:00.00 sw-quiesce
   1052 root      20   0       0      0      0 S   0.0   0.0   0:20.96 nvgpu_channel_p
   1068 root      20   0       0      0      0 S   0.0   0.0   0:00.00 nvgpu_pg_init_g
   1087 root      20   0       0      0      0 S   0.0   0.0   0:00.00 nvgpu_clk_arb_p
   1117 root      20   0       0      0      0 S   0.0   0.0   0:07.70 RTW_CMD_THREAD
   1157 root      20   0   75936   9960   8136 S   0.0   0.1   0:00.01 nvargus-daemon
   1158 root      20   0   11116   3520   3220 S   0.0   0.0   0:00.08 nvmemwarning.sh
   1171 root      20   0   22192   1776   1580 S   0.0   0.0   0:00.00 nvs-service
   1181 ollama    20   0 2006720  39588  20072 S   0.0   0.5   0:01.07 ollama
   1195 root      20   0    2336   1408   1292 S   0.0   0.0   0:01.96 run-cups-browse
   1201 root      20   0    2336   1424   1296 S   0.0   0.0   0:02.02 run-cupsd
   1204 root      20   0       0      0      0 S   0.0   0.0   0:00.00 pr/ramoops-1
   1239 root      20   0   10772   2824   2576 S   0.0   0.0   0:00.06 cron
   1259 root      20   0  243128   8056   7012 S   0.0   0.1   0:00.02 gdm3
   1263 kernoops  20   0   12812    452      0 S   0.0   0.0   0:00.02 kerneloops
   1290 root      20   0    9468    800    724 S   0.0   0.0   0:00.00 agetty
   1291 kernoops  20   0   12812    452      0 S   0.0   0.0   0:00.02 kerneloops
   1293 root      20   0    9468    804    724 S   0.0   0.0   0:00.00 agetty
   1330 root      20   0  173408   8804   7628 S   0.0   0.1   0:00.02 gdm-session-wor
   1417 root      20   0       0      0      0 S   0.0   0.0   0:00.00 file-storage
   1426 root      20   0   15272   8368   6788 S   0.0   0.1   0:00.73 sshd
   1474 gdm       20   0   18120   9728   7360 S   0.0   0.1   0:00.46 systemd
   1478 root      20   0    3076    992    880 S   0.0   0.0   0:00.00 nvphsd
   1483 root      20   0    3208   1476   1316 S   0.0   0.0   0:00.00 nvphsd
   1497 gdm       20   0  106692   4552      0 S   0.0   0.1   0:00.00 (sd-pam)
   1688 gdm        9 -11   41972   6472   5156 S   0.0   0.1   0:00.07 pipewire
   1689 gdm       20   0   25476   6428   5104 S   0.0   0.1   0:01.69 pipewire-media-
   1690 gdm        9 -11  891840  20748  12584 S   0.0   0.3   0:00.94 pulseaudio
   1695 gdm       20   0  163948   5472   4964 S   0.0   0.1   0:00.00 gdm-x-session
   1697 root      20   0   24.2g  80528  35884 S   0.0   1.0   0:02.02 Xorg
   1698 rtkit     21   1  153504   1588   1380 S   0.0   0.0   0:00.31 rtkit-daemon
   1729 gdm       20   0    8840   3600   3212 S   0.0   0.0   0:00.02 dbus-daemon
   1748 root      20   0       0      0      0 S   0.0   0.0   0:00.00 nvidia-modeset/
   1749 root      20   0       0      0      0 S   0.0   0.0   0:00.00 nvidia-modeset/
   1752 root      20   0       0      0      0 S   0.0   0.0   0:00.00 nvidia
   1753 root      20   0       0      0      0 S   0.0   0.0   0:00.00 nv_queue
   1790 root      20   0       0      0      0 S   0.0   0.0   0:00.00 nvidia-drm-nv-t
   1791 root     -51   0       0      0      0 S   0.0   0.0   0:00.00 card1-crtc0
   1792 root     -51   0       0      0      0 S   0.0   0.0   0:00.00 card1-crtc1
   1980 gdm       20   0    5876   1552   1344 S   0.0   0.0   0:00.00 dbus-run-sessio
   1983 gdm       20   0    9108   4440   3588 S   0.0   0.1   0:00.13 dbus-daemon
   2035 gdm       20   0  597840  17824  12972 S   0.0   0.2   0:01.00 gnome-session-b
   2057 gdm       20   0  310068   8976   6272 S   0.0   0.1   0:00.00 at-spi-bus-laun
   2062 gdm       20   0    8692   3556   3168 S   0.0   0.0   0:00.00 dbus-daemon
   2092 gdm       20   0  237676   4964   4528 S   0.0   0.1   0:00.00 xdg-permission-
   2099 root      20   0  243852  10136   6984 S   0.0   0.1   0:00.47 upowerd
   2106 root      20   0  301608  19332  16408 S   0.0   0.2   0:01.57 packagekitd
   2110 gdm       20   0 2812288  25716  20860 S   0.0   0.3   0:00.08 gjs
   2113 gdm       20   0  163144   7196   6428 S   0.0   0.1   0:00.02 at-spi2-registr
   2146 gdm       20   0  338880  14892  12620 S   0.0   0.2   0:00.06 gsd-wacom
   2148 gdm       20   0  451616  18896  16480 S   0.0   0.2   0:00.22 gsd-color
   2150 gdm       20   0  412392  17092  13292 S   0.0   0.2   0:00.04 gsd-keyboard
   2152 gdm       20   0  316864  13188   6244 S   0.0   0.2   0:00.10 ibus-daemon
   2156 gdm       20   0  326124   9848   8488 S   0.0   0.1   0:00.02 gsd-print-notif
   2166 gdm       20   0  242216   6512   5848 S   0.0   0.1   0:00.01 gvfsd
   2168 gdm       20   0  459796   6140   5436 S   0.0   0.1   0:00.58 gsd-rfkill
   2170 gdm       20   0  388312   7432   6528 S   0.0   0.1   0:00.01 gsd-smartcard
   2173 gdm       20   0  380556  16508  12504 S   0.0   0.2   0:00.03 gsd-datetime
   2184 gdm       20   0  237936   4760   4376 S   0.0   0.1   0:00.01 gsd-screensaver
   2185 gdm       20   0  322096  10392   7320 S   0.0   0.1   0:00.02 gsd-sound
   2186 gdm       20   0  312416   8104   5476 S   0.0   0.1   0:00.01 gsd-a11y-settin
   2193 gdm       20   0  313996   8944   6152 S   0.0   0.1   0:00.97 gsd-housekeepin
   2195 gdm       20   0  450004  20288  15904 S   0.0   0.3   0:00.52 gsd-power
   2218 gdm       20   0  347052  12608  10748 S   0.0   0.2   0:00.03 gsd-printer
   2221 gdm       20   0  239040   6576   5948 S   0.0   0.1   0:00.00 ibus-dconf
   2233 gdm       20   0  238936   5920   5488 S   0.0   0.1   0:00.00 ibus-portal
   2263 colord    20   0  247516  14492   8720 S   0.0   0.2   0:00.27 colord
   2285 gdm       20   0 2812300  27868  20904 S   0.0   0.4   0:00.09 gjs
   2349 gdm       20   0  165096   6516   5892 S   0.0   0.1   0:00.01 ibus-engine-sim
   2508 root      20   0  136716  13172   9512 S   0.0   0.2   0:00.70 cupsd
   2522 root      20   0  260792  17940  13508 S   0.0   0.2   0:01.60 cups-browsed
  11687 jetson    20   0   18140   9764   7368 S   0.0   0.1   0:00.37 systemd
  11688 jetson    20   0  172512   4632      0 S   0.0   0.1   0:00.00 (sd-pam)
  11696 jetson    20   0   41976   6552   5228 S   0.0   0.1   0:00.06 pipewire
  11697 jetson    20   0   25484   6724   5388 S   0.0   0.1   0:01.87 pipewire-media-
  11749 jetson    20   0    8888   4168   3672 S   0.0   0.1   0:00.03 dbus-daemon
  13234 jetson    20   0  203640  35476  13212 S   0.0   0.5   0:00.75 ros2
  13236 jetson    20   0 2070472  36080  17228 S   0.0   0.5   0:00.90 docker
  13238 jetson    20   0  428524  31584  15828 S   0.0   0.4   2:22.11 robot_state_pub
  13265 root      20   0 1232976  11076   5960 S   0.0   0.1   0:02.39 containerd-shim
  13294 root      20   0   49400  29204  14412 S   0.0   0.4   0:00.40 ros2
  90870 root      20   0       0      0      0 I   0.0   0.0   0:23.05 kworker/u12:11-events_unbound
 100141 root      20   0       0      0      0 I   0.0   0.0   0:22.80 kworker/u12:6-events_unbound
 284193 root      20   0       0      0      0 I   0.0   0.0   0:13.27 kworker/u12:3-events_freezable_power_
 407770 root      20   0       0      0      0 I   0.0   0.0   0:09.23 kworker/u12:9-events_unbound
 417230 root      20   0       0      0      0 I   0.0   0.0   0:07.57 kworker/u12:0-events_freezable_power_
 418183 root       0 -20       0      0      0 I   0.0   0.0   0:13.23 kworker/u13:0-uvcvideo
 437586 root      20   0       0      0      0 I   0.0   0.0   0:06.24 kworker/u12:4-events_unbound
 465092 root      20   0  238836   6948   5700 S   0.0   0.1   0:01.14 iio-sensor-prox
 481530 root       0 -20       0      0      0 I   0.0   0.0   0:07.90 kworker/u13:3-uvcvideo
 494799 jetson    20   0    5508    792    704 S   0.0   0.0   0:00.21 sleep
 494866 root      20   0   21760   5464   3940 S   0.0   0.1   0:03.63 systemd-udevd
 494879 root      20   0   21756   3352   1840 S   0.0   0.0   0:01.00 systemd-udevd
 509136 root      20   0       0      0      0 I   0.0   0.0   0:03.79 kworker/u12:5-events_freezable_power_
 512501 root      20   0       0      0      0 I   0.0   0.0   0:00.21 kworker/4:0-events
 513123 jetson    20   0  572504  38640  13228 S   0.0   0.5   0:01.15 ros2
 513219 root      20   0   21752   3192   1712 S   0.0   0.0   0:00.00 systemd-udevd
 513220 root      20   0   21760   3352   1840 S   0.0   0.0   0:00.00 systemd-udevd
 513233 root      20   0   21760   3356   1840 S   0.0   0.0   0:00.00 systemd-udevd
 513234 root      20   0   21760   3356   1840 S   0.0   0.0   0:00.00 systemd-udevd
 513235 root      20   0   21760   3336   1840 S   0.0   0.0   0:00.00 systemd-udevd
 513236 root      20   0   21760   3352   1840 S   0.0   0.0   0:00.00 systemd-udevd
 513237 root      20   0   21760   3336   1840 S   0.0   0.0   0:00.00 systemd-udevd
 513251 root      20   0   21760   3840   2288 S   0.0   0.0   0:00.00 systemd-udevd
 513265 root      20   0   21760   4056   2496 S   0.0   0.1   0:00.00 systemd-udevd
 513266 root      20   0   21760   3244   1712 S   0.0   0.0   0:00.00 systemd-udevd
 513437 jetson    20   0  129772  36180  13228 S   0.0   0.5   0:00.78 ros2
 536340 root      20   0       0      0      0 I   0.0   0.0   0:00.15 kworker/1:1-cgroup_destroy
 536745 root       0 -20       0      0      0 I   0.0   0.0   0:05.51 kworker/u13:4-uvcvideo
 538507 root      20   0       0      0      0 I   0.0   0.0   0:00.18 kworker/0:0-events
 550304 root      20   0       0      0      0 I   0.0   0.0   0:00.30 kworker/5:0-events
 568778 root      20   0       0      0      0 I   0.0   0.0   0:00.00 kworker/2:0-cgroup_destroy
 576600 root      20   0       0      0      0 I   0.0   0.0   0:00.19 kworker/3:0-events
 576729 root      20   0       0      0      0 I   0.0   0.0   0:00.09 kworker/5:1-events
 576909 root      20   0       0      0      0 I   0.0   0.0   0:00.03 kworker/4:1-events
 582730 root      20   0       0      0      0 I   0.0   0.0   0:01.34 kworker/u12:2-events_freezable_power_
 590592 root      20   0       0      0      0 I   0.0   0.0   0:00.00 kworker/0:2-cgroup_destroy
 602672 root      20   0       0      0      0 I   0.0   0.0   0:00.08 kworker/1:3-events
 608435 root      20   0       0      0      0 I   0.0   0.0   0:00.00 kworker/3:2-cgroup_destroy
 608538 root      20   0       0      0      0 I   0.0   0.0   0:00.00 kworker/2:2-events
 609021 jetson    20   0  796964  40120  13228 S   0.0   0.5   0:01.40 ros2
 609103 jetson    20   0   11248   3076   2756 S   0.0   0.0   0:00.27 bash
 609212 root      20   0       0      0      0 I   0.0   0.0   0:00.05 kworker/0:1-events
 609220 jetson    20   0   53568  30340  15008 S   0.0   0.4   0:00.41 ros2
 613727 root      20   0    9436    780    704 S   0.0   0.0   0:00.00 sleep
 615420 root      20   0       0      0      0 I   0.0   0.0   0:00.01 kworker/4:2-events
 617319 root      20   0       0      0      0 I   0.0   0.0   0:00.00 kworker/0:3-cgroup_destroy
 621315 root      20   0       0      0      0 I   0.0   0.0   0:00.00 kworker/1:0-events
 621531 root      20   0       0      0      0 I   0.0   0.0   0:00.00 kworker/5:2-events
 622272 root      20   0       0      0      0 I   0.0   0.0   0:00.03 kworker/u12:7-events_freezable_power_
 623951 jetson    20   0   11248   3292   2852 S   0.0   0.0   0:00.03 bash
 626884 jetson    20   0   11248   3292   2860 S   0.0   0.0   0:00.01 bash
 626970 jetson    20   0    2872    896    800 S   0.0   0.0   0:00.09 tegrastats
 628894 root      20   0       0      0      0 I   0.0   0.0   0:00.00 kworker/3:1-events
 629141 root      30  10    9436    784    704 S   0.0   0.0   0:00.00 sleep
 629504 jetson    20   0    9444    780    696 S   0.0   0.0   0:00.00 sleep
 629507 jetson    20   0    9444    788    704 S   0.0   0.0   0:00.00 sleep
