top - 13:48:00 up  4:11,  0 users,  load average: 6.79, 5.28, 5.29
Tasks: 348 total,   5 running, 343 sleeping,   0 stopped,   0 zombie
%Cpu(s): 38.6 us, 14.9 sy,  0.0 ni, 42.1 id,  0.0 wa,  2.6 hi,  1.8 si,  0.0 st
MiB Mem :   7607.4 total,   2837.3 free,   1955.2 used,   2814.9 buff/cache
MiB Swap:   3803.7 total,   3803.7 free,      0.0 used.   5354.3 avail Mem 

    PID USER      PR  NI    VIRT    RES    SHR S  %CPU  %MEM     TIME+ COMMAND
 319047 jetson    20   0   39816  17724   7360 R  88.2   0.2   0:00.16 ros2
 289467 jetson    20   0  709004  62292  27276 S  29.4   0.8   4:43.52 python3
 301995 jetson    20   0 9350900 403532  85056 S  17.6   5.2   1:18.10 nvblox_node
 289113 jetson    20   0 1748412 107168  51312 S  11.8   1.4   1:53.71 realsense2_came
 289115 jetson    20   0  710828  66420  27276 S  11.8   0.9   2:10.69 python3
 289117 jetson    20   0  432948  28320  14224 S  11.8   0.4   2:08.86 rplidar_node
 303945 jetson    20   0  889552  45820  23468 S  11.8   0.6   0:45.03 controller_serv
 303949 jetson    20   0 1127568  90240  42704 S  11.8   1.2   0:46.47 planner_server
 303953 jetson    20   0  457244  46132  26216 S  11.8   0.6   0:39.97 bt_navigator
 303985 jetson    20   0  577392  31312  16252 S  11.8   0.4   0:46.73 lifecycle_manag
  13320 root      20   0 1300240  43368  11392 S   5.9   0.6  17:24.18 micro_ros_agent
 289119 jetson    20   0  707976  63344  27388 R   5.9   0.8   1:11.96 python3
 289469 jetson    20   0  506204  34000  18400 S   5.9   0.4   1:31.49 ekf_node
 303943 jetson    20   0  709520  63640  27336 S   5.9   0.8   0:20.18 python3
 303947 jetson    20   0  582488  31932  18848 S   5.9   0.4   0:27.39 smoother_server
 303951 jetson    20   0  516316  34828  21016 S   5.9   0.4   0:32.31 behavior_server
 303955 jetson    20   0  431300  28968  17008 S   5.9   0.4   0:22.66 waypoint_follow
 319048 jetson    20   0   14344   3368   2772 R   5.9   0.0   0:00.02 top
      1 root      20   0  167628  11768   7448 S   0.0   0.2   0:20.28 systemd
      2 root      20   0       0      0      0 S   0.0   0.0   0:00.02 kthreadd
      3 root       0 -20       0      0      0 I   0.0   0.0   0:00.00 rcu_gp
      4 root       0 -20       0      0      0 I   0.0   0.0   0:00.00 rcu_par_gp
      5 root       0 -20       0      0      0 I   0.0   0.0   0:00.00 slub_flushwq
      6 root       0 -20       0      0      0 I   0.0   0.0   0:00.00 netns
      8 root       0 -20       0      0      0 I   0.0   0.0   0:00.00 kworker/0:0H-events_highpri
     10 root       0 -20       0      0      0 I   0.0   0.0   0:00.00 mm_percpu_wq
     11 root      20   0       0      0      0 S   0.0   0.0   0:00.00 rcu_tasks_kthre
     12 root      20   0       0      0      0 S   0.0   0.0   0:00.00 rcu_tasks_rude_
     13 root      20   0       0      0      0 S   0.0   0.0   0:00.00 rcu_tasks_trace
     14 root      20   0       0      0      0 S   0.0   0.0   0:13.39 ksoftirqd/0
     15 root      20   0       0      0      0 I   0.0   0.0   0:05.82 rcu_preempt
     16 root      rt   0       0      0      0 S   0.0   0.0   0:00.01 migration/0
     17 root      20   0       0      0      0 S   0.0   0.0   0:00.00 cpuhp/0
     18 root      20   0       0      0      0 S   0.0   0.0   0:00.00 cpuhp/1
     19 root      rt   0       0      0      0 S   0.0   0.0   0:00.01 migration/1
     20 root      20   0       0      0      0 S   0.0   0.0   0:00.82 ksoftirqd/1
     22 root       0 -20       0      0      0 I   0.0   0.0   0:00.00 kworker/1:0H-events_highpri
     23 root      20   0       0      0      0 S   0.0   0.0   0:00.00 cpuhp/2
     24 root      rt   0       0      0      0 S   0.0   0.0   0:00.00 migration/2
     25 root      20   0       0      0      0 S   0.0   0.0   0:00.83 ksoftirqd/2
     27 root       0 -20       0      0      0 I   0.0   0.0   0:00.00 kworker/2:0H-events_highpri
     28 root      20   0       0      0      0 S   0.0   0.0   0:00.00 cpuhp/3
     29 root      rt   0       0      0      0 S   0.0   0.0   0:00.00 migration/3
     30 root      20   0       0      0      0 S   0.0   0.0   0:00.77 ksoftirqd/3
     32 root       0 -20       0      0      0 I   0.0   0.0   0:00.00 kworker/3:0H-events_highpri
     33 root      20   0       0      0      0 S   0.0   0.0   0:00.00 cpuhp/4
     34 root      rt   0       0      0      0 S   0.0   0.0   0:00.03 migration/4
     35 root      20   0       0      0      0 S   0.0   0.0   0:00.58 ksoftirqd/4
     37 root       0 -20       0      0      0 I   0.0   0.0   0:00.00 kworker/4:0H-kblockd
     38 root      20   0       0      0      0 S   0.0   0.0   0:00.00 cpuhp/5
     39 root      rt   0       0      0      0 S   0.0   0.0   0:00.03 migration/5
     40 root      20   0       0      0      0 S   0.0   0.0   0:00.59 ksoftirqd/5
     42 root       0 -20       0      0      0 I   0.0   0.0   0:00.00 kworker/5:0H-events_highpri
     43 root      20   0       0      0      0 S   0.0   0.0   0:00.01 kdevtmpfs
     44 root       0 -20       0      0      0 I   0.0   0.0   0:00.00 inet_frag_wq
     51 root      20   0       0      0      0 S   0.0   0.0   0:00.00 kauditd
     52 root      20   0       0      0      0 S   0.0   0.0   0:00.00 oom_reaper
     53 root       0 -20       0      0      0 I   0.0   0.0   0:00.00 writeback
     54 root      20   0       0      0      0 S   0.0   0.0   0:00.12 kcompactd0
     55 root      25   5       0      0      0 S   0.0   0.0   0:00.00 ksmd
     56 root      39  19       0      0      0 S   0.0   0.0   0:01.26 khugepaged
     67 root       0 -20       0      0      0 I   0.0   0.0   0:00.00 cryptd
     86 root       0 -20       0      0      0 I   0.0   0.0   0:00.00 kintegrityd
     87 root       0 -20       0      0      0 I   0.0   0.0   0:00.00 kblockd
     88 root       0 -20       0      0      0 I   0.0   0.0   0:00.00 blkcg_punt_bio
     89 root       0 -20       0      0      0 I   0.0   0.0   0:00.00 tpm_dev_wq
     90 root       0 -20       0      0      0 I   0.0   0.0   0:00.00 ata_sff
     91 root       0 -20       0      0      0 I   0.0   0.0   0:00.00 edac-poller
     92 root       0 -20       0      0      0 I   0.0   0.0   0:00.00 devfreq_wq
     93 root     -51   0       0      0      0 S   0.0   0.0   0:00.00 watchdogd
     96 root       0 -20       0      0      0 I   0.0   0.0   0:00.05 kworker/1:1H-kblockd
     97 root       0 -20       0      0      0 I   0.0   0.0   0:00.00 rpciod
     99 root       0 -20       0      0      0 I   0.0   0.0   0:00.00 xprtiod
    127 root      20   0       0      0      0 S   0.0   0.0   0:00.00 kswapd0
    128 root       0 -20       0      0      0 I   0.0   0.0   0:00.00 nfsiod
    132 root       0 -20       0      0      0 I   0.0   0.0   0:00.00 vfio-irqfd-clea
    133 root       0 -20       0      0      0 I   0.0   0.0   0:00.00 bch_btree_io
    134 root       0 -20       0      0      0 I   0.0   0.0   0:00.00 bcache
    135 root       0 -20       0      0      0 I   0.0   0.0   0:00.00 bch_journal
    136 root       0 -20       0      0      0 I   0.0   0.0   0:00.00 dm_bufio_cache
    137 root      20   0       0      0      0 I   0.0   0.0   0:01.56 kworker/1:2-events
    139 root      20   0       0      0      0 I   0.0   0.0   0:00.99 kworker/2:3-events
    140 root      10 -10       0      0      0 S   0.0   0.0   0:00.00 krfcommd
    141 root      20   0       0      0      0 S   0.0   0.0   0:00.01 pr/tty0
    142 root      20   0       0      0      0 S   0.0   0.0   0:03.05 pr/ttyTCU0
    145 root     -51   0       0      0      0 S   0.0   0.0   0:00.00 irq/114-3160000
    147 root     -51   0       0      0      0 S   0.0   0.0   0:00.00 irq/115-3180000
    149 root     -51   0       0      0      0 S   0.0   0.0   0:00.00 irq/116-31b0000
    150 root     -51   0       0      0      0 S   0.0   0.0   0:00.02 irq/167-c240000
    151 root     -51   0       0      0      0 S   0.0   0.0   0:00.00 irq/168-c250000
    152 root     -51   0       0      0      0 S   0.0   0.0   0:00.00 irq/125-3610000
    153 root     -51   0       0      0      0 S   0.0   0.0   0:00.00 irq/122-3610000
    155 root       0 -20       0      0      0 I   0.0   0.0   0:00.00 sdhci
    156 root     -51   0       0      0      0 S   0.0   0.0   0:00.00 irq/120-mmc0
    157 root     -51   0       0      0      0 S   0.0   0.0   0:00.00 irq/230-3400000
    174 root       0 -20       0      0      0 I   0.0   0.0   0:00.05 kworker/3:1H-kblockd
    180 root     -51   0       0      0      0 S   0.0   0.0   0:00.00 irq/191-tegra-p
    181 root       0 -20       0      0      0 I   0.0   0.0   0:00.00 nvme-wq
    182 root       0 -20       0      0      0 I   0.0   0.0   0:00.00 nvme-reset-wq
    183 root       0 -20       0      0      0 I   0.0   0.0   0:00.00 nvme-delete-wq
    192 root     -51   0       0      0      0 S   0.0   0.0   0:00.00 irq/191-aerdrv
    193 root     -51   0       0      0      0 S   0.0   0.0   0:00.00 irq/193-tegra-p
    196 root     -51   0       0      0      0 S   0.0   0.0   0:00.00 irq/193-aerdrv
    197 root     -51   0       0      0      0 S   0.0   0.0   0:00.00 irq/195-tegra-p
    199 root     -51   0       0      0      0 S   0.0   0.0   0:00.00 irq/232-nvme0q0
    200 root     -51   0       0      0      0 S   0.0   0.0   0:00.25 irq/233-nvme0q1
    201 root     -51   0       0      0      0 S   0.0   0.0   0:00.29 irq/234-nvme0q2
    202 root     -51   0       0      0      0 S   0.0   0.0   0:00.43 irq/235-nvme0q3
    203 root     -51   0       0      0      0 S   0.0   0.0   0:00.54 irq/236-nvme0q4
    204 root     -51   0       0      0      0 S   0.0   0.0   0:00.13 irq/237-nvme0q5
    205 root     -51   0       0      0      0 S   0.0   0.0   0:00.09 irq/238-nvme0q6
    211 root       0 -20       0      0      0 I   0.0   0.0   0:00.05 kworker/4:1H-kblockd
    212 root      20   0       0      0      0 S   0.0   0.0   0:00.88 jbd2/nvme0n1p1-
    213 root       0 -20       0      0      0 I   0.0   0.0   0:00.00 ext4-rsv-conver
    222 root       0 -20       0      0      0 I   0.0   0.0   0:00.00 mld
    223 root       0 -20       0      0      0 I   0.0   0.0   0:00.03 kworker/0:1H-kblockd
    224 root       0 -20       0      0      0 I   0.0   0.0   0:00.00 ipv6_addrconf
    256 root      19  -1   40648  14960  13348 S   0.0   0.2   0:17.90 systemd-journal
    278 root       0 -20       0      0      0 I   0.0   0.0   0:00.07 kworker/2:1H-kblockd
    280 root      39  19       0      0      0 S   0.0   0.0   0:00.48 nvmap-bz
    281 root     -51   0       0      0      0 S   0.0   0.0   0:00.00 irq/188-host1x_
    285 root     -51   0       0      0      0 S   0.0   0.0   0:00.00 irq/197-gk20a_s
    286 root     -51   0       0      0      0 S   0.0   0.0   0:00.01 irq/198-gk20a_s
    287 root     -51   0       0      0      0 S   0.0   0.0   0:00.01 irq/199-gk20a_s
    288 root     -51   0       0      0      0 S   0.0   0.0   0:00.00 irq/200-gk20a_n
    291 root       0 -20       0      0      0 I   0.0   0.0   0:00.04 kworker/5:1H-kblockd
    295 root      20   0   11116   3460   3204 S   0.0   0.0   0:00.00 nv-tee-supplica
    299 root      20   0   76588   1360   1248 S   0.0   0.0   0:00.01 tee-supplicant
    301 root       0 -20       0      0      0 I   0.0   0.0   0:00.00 optee_bus_scan
    303 root     -51   0       0      0      0 S   0.0   0.0   0:00.00 irq/189-tegra-p
    312 root      20   0   23732   6316   4080 S   0.0   0.1   0:17.80 systemd-udevd
    313 root     -51   0       0      0      0 S   0.0   0.0   0:00.00 irq/189-aerdrv
    314 root      20   0   23216   5812   3992 S   0.0   0.1   0:00.38 systemd-udevd
    315 root      20   0   23216   5020   3248 S   0.0   0.1   0:00.15 systemd-udevd
    316 root      20   0   23268   6224   4288 S   0.0   0.1   0:00.16 systemd-udevd
    317 root      20   0   23220   4364   2600 S   0.0   0.1   0:00.11 systemd-udevd
    318 root      20   0   23216   4480   2672 S   0.0   0.1   0:00.12 systemd-udevd
    319 root      20   0   23212   5812   3980 S   0.0   0.1   0:00.28 systemd-udevd
    320 root      20   0   23264   4688   2764 S   0.0   0.1   0:00.13 systemd-udevd
    321 root      20   0   23268   5072   3136 S   0.0   0.1   0:00.18 systemd-udevd
    322 root      20   0   23524   5520   3456 S   0.0   0.1   0:00.26 systemd-udevd
    323 root      20   0   23216   6280   4444 S   0.0   0.1   0:00.37 systemd-udevd
    324 root      20   0   23220   5196   3388 S   0.0   0.1   0:00.16 systemd-udevd
    325 root      20   0   23220   5820   3976 S   0.0   0.1   0:00.37 systemd-udevd
    326 root      20   0   23220   5236   3388 S   0.0   0.1   0:00.39 systemd-udevd
    327 root      20   0   23220   5468   3656 S   0.0   0.1   0:00.18 systemd-udevd
    330 root      20   0   23512   5728   3684 S   0.0   0.1   0:00.14 systemd-udevd
    331 root      20   0   24292   5540   2676 S   0.0   0.1   0:00.16 systemd-udevd
    333 root      20   0   23524   5596   3532 S   0.0   0.1   0:00.26 systemd-udevd
    334 root      20   0   23220   5080   3240 S   0.0   0.1   0:00.25 systemd-udevd
    335 root      20   0   23220   4504   2708 S   0.0   0.1   0:00.11 systemd-udevd
    336 root      20   0   23220   4696   2892 S   0.0   0.1   0:00.14 systemd-udevd
    337 root      20   0   23524   5056   2992 S   0.0   0.1   0:00.16 systemd-udevd
    339 root      20   0   23220   4980   3148 S   0.0   0.1   0:00.17 systemd-udevd
    340 root      20   0   23544   6732   4608 R   0.0   0.1   0:59.97 systemd-udevd
    341 root      20   0   23276   5328   3384 S   0.0   0.1   0:00.13 systemd-udevd
    342 root      20   0   23280   5176   3228 S   0.0   0.1   0:00.13 systemd-udevd
    343 root      20   0   23220   5984   4152 S   0.0   0.1   0:00.30 systemd-udevd
    344 root      20   0   23560   6700   4596 S   0.0   0.1   0:00.48 systemd-udevd
    345 root      20   0       0      0      0 S   0.0   0.0   0:00.00 15820000.crypto
    346 root      20   0       0      0      0 S   0.0   0.0   0:00.00 15840000.crypto
    368 root      20   0   23324   5984   4116 S   0.0   0.1   0:00.40 systemd-udevd
    417 root     -51   0       0      0      0 S   0.0   0.0   0:00.00 irq/219-bc00000
    419 root      -2   0       0      0      0 S   0.0   0.0   0:00.00 capture-control
    420 root      -2   0       0      0      0 S   0.0   0.0   0:00.00 capture
    422 root     -51   0       0      0      0 S   0.0   0.0   0:00.00 irq/214-tegra_d
    423 root     -51   0       0      0      0 S   0.0   0.0   0:00.00 irq/215-tegra_d
    424 root       0 -20       0      0      0 I   0.0   0.0   0:00.00 dce-async-ipc-w
    425 root     -51   0       0      0      0 S   0.0   0.0   0:00.00 irq/240-nvvrs-p
    427 root      20   0       0      0      0 S   0.0   0.0   0:00.00 nv_queue
    428 root      20   0       0      0      0 S   0.0   0.0   0:00.00 nv_queue
    483 root     -51   0       0      0      0 S   0.0   0.0   0:00.00 irq/118-3210000
    487 root      20   0       0      0      0 S   0.0   0.0   0:00.00 spi0
    495 root       0 -20       0      0      0 I   0.0   0.0   0:00.00 cfg80211
    497 root     -51   0       0      0      0 S   0.0   0.0   0:00.00 irq/119-3230000
    498 root      20   0       0      0      0 S   0.0   0.0   0:00.00 spi1
    584 root       0 -20       0      0      0 I   0.0   0.0   0:00.00 btfwwork
    650 root      20   0    8236   6424   1432 S   0.0   0.1   0:00.57 haveged
    653 _rpc      20   0    7932   2264   1912 S   0.0   0.0   0:00.02 rpcbind
    659 systemd+  20   0   26320  13580   8496 S   0.0   0.2   0:00.40 systemd-resolve
    662 systemd+  20   0   88880   6332   5484 S   0.0   0.1   0:00.13 systemd-timesyn
    826 avahi     20   0    8084   3108   2752 S   0.0   0.0   0:00.47 avahi-daemon
    827 root      20   0    9888   4552   4112 S   0.0   0.1   0:00.07 bluetoothd
    828 message+  20   0   10496   5632   3584 S   0.0   0.1   0:27.92 dbus-daemon
    829 root      20   0  264752  18684  14872 S   0.0   0.2   0:25.28 NetworkManager
    838 root      20   0   43504  19780  10232 S   0.0   0.3   0:00.15 networkd-dispat
    849 root      20   0  241652   9056   6312 S   0.0   0.1   0:00.40 power-profiles-
    854 syslog    20   0  222160   5012   3672 S   0.0   0.1   0:03.48 rsyslogd
    859 root      20   0    2240    796    720 S   0.0   0.0   0:00.00 seatd
    865 root      20   0 2145956  51796  25768 S   0.0   0.7   0:25.63 snapd
    867 root      20   0  242124   7452   6576 S   0.0   0.1   0:01.39 accounts-daemon
    869 root      20   0  238128   6232   5620 S   0.0   0.1   0:00.04 switcheroo-cont
    871 root      20   0   48968   7620   6296 S   0.0   0.1   0:02.44 systemd-logind
    874 root      20   0  394188  13988   9476 S   0.0   0.2   0:00.81 udisksd
    875 root      20   0   16632   9928   8148 S   0.0   0.1   0:00.89 wpa_supplicant
    882 avahi     20   0    7812    356      0 S   0.0   0.0   0:00.00 avahi-daemon
    904 root      rt   0       0      0      0 R   0.0   0.0   1:03.88 sugov:0
    909 root      rt   0       0      0      0 S   0.0   0.0   0:30.19 sugov:4
    921 root      30  10   11248   3612   3220 S   0.0   0.0   0:05.59 wifi_mon.sh
    969 root      20   0  237044  10468   6400 S   0.0   0.1   2:01.23 polkitd
    983 root      20   0    2460   1556   1380 S   0.0   0.0   0:05.37 nvfancontrol
   1049 root      20   0       0      0      0 S   0.0   0.0   0:00.00 sw-quiesce
   1052 root      20   0       0      0      0 S   0.0   0.0   0:13.43 nvgpu_channel_p
   1068 root      20   0       0      0      0 S   0.0   0.0   0:00.00 nvgpu_pg_init_g
   1087 root      20   0       0      0      0 S   0.0   0.0   0:00.00 nvgpu_clk_arb_p
   1117 root      20   0       0      0      0 S   0.0   0.0   0:05.07 RTW_CMD_THREAD
   1157 root      20   0   75936   9960   8136 S   0.0   0.1   0:00.01 nvargus-daemon
   1158 root      20   0   11116   3520   3220 S   0.0   0.0   0:00.05 nvmemwarning.sh
   1171 root      20   0   22192   1776   1580 S   0.0   0.0   0:00.00 nvs-service
   1181 ollama    20   0 2006720  39588  20072 S   0.0   0.5   0:00.74 ollama
   1195 root      20   0    2336   1408   1292 S   0.0   0.0   0:01.96 run-cups-browse
   1201 root      20   0    2336   1424   1296 S   0.0   0.0   0:02.02 run-cupsd
   1204 root      20   0       0      0      0 S   0.0   0.0   0:00.00 pr/ramoops-1
   1212 root      20   0 2093080  58448  33576 S   0.0   0.8   0:15.75 containerd
   1239 root      20   0   10772   2824   2576 S   0.0   0.0   0:00.04 cron
   1259 root      20   0  243128   8056   7012 S   0.0   0.1   0:00.02 gdm3
   1263 kernoops  20   0   12812    452      0 S   0.0   0.0   0:00.01 kerneloops
   1290 root      20   0    9468    800    724 S   0.0   0.0   0:00.00 agetty
   1291 kernoops  20   0   12812    452      0 S   0.0   0.0   0:00.01 kerneloops
   1293 root      20   0    9468    804    724 S   0.0   0.0   0:00.00 agetty
   1330 root      20   0  173408   8804   7628 S   0.0   0.1   0:00.02 gdm-session-wor
   1417 root      20   0       0      0      0 S   0.0   0.0   0:00.00 file-storage
   1426 root      20   0   15272   8368   6788 S   0.0   0.1   0:00.48 sshd
   1474 gdm       20   0   18120   9728   7360 S   0.0   0.1   0:00.41 systemd
   1478 root      20   0    3076    992    880 S   0.0   0.0   0:00.00 nvphsd
   1483 root      20   0    3208   1476   1316 S   0.0   0.0   0:00.00 nvphsd
   1497 gdm       20   0  106692   4552      0 S   0.0   0.1   0:00.00 (sd-pam)
   1588 root      20   0 2352492  96592  56580 S   0.0   1.2   0:04.97 dockerd
   1688 gdm        9 -11   41972   6472   5156 S   0.0   0.1   0:00.05 pipewire
   1689 gdm       20   0   25476   6428   5104 S   0.0   0.1   0:00.99 pipewire-media-
   1690 gdm        9 -11  891840  20748  12584 S   0.0   0.3   0:00.76 pulseaudio
   1695 gdm       20   0  163948   5472   4964 S   0.0   0.1   0:00.00 gdm-x-session
   1697 root      20   0   24.2g  80524  35884 S   0.0   1.0   0:01.68 Xorg
   1698 rtkit     21   1  153504   1588   1380 S   0.0   0.0   0:00.21 rtkit-daemon
   1729 gdm       20   0    8840   3600   3212 S   0.0   0.0   0:00.02 dbus-daemon
   1748 root      20   0       0      0      0 S   0.0   0.0   0:00.00 nvidia-modeset/
   1749 root      20   0       0      0      0 S   0.0   0.0   0:00.00 nvidia-modeset/
   1752 root      20   0       0      0      0 S   0.0   0.0   0:00.00 nvidia
   1753 root      20   0       0      0      0 S   0.0   0.0   0:00.00 nv_queue
   1790 root      20   0       0      0      0 S   0.0   0.0   0:00.00 nvidia-drm-nv-t
   1791 root     -51   0       0      0      0 S   0.0   0.0   0:00.00 card1-crtc0
   1792 root     -51   0       0      0      0 S   0.0   0.0   0:00.00 card1-crtc1
   1980 gdm       20   0    5876   1552   1344 S   0.0   0.0   0:00.00 dbus-run-sessio
   1983 gdm       20   0    9108   4440   3588 S   0.0   0.1   0:00.13 dbus-daemon
   2035 gdm       20   0  597840  17824  12972 S   0.0   0.2   0:00.71 gnome-session-b
   2057 gdm       20   0  310068   8976   6272 S   0.0   0.1   0:00.00 at-spi-bus-laun
   2062 gdm       20   0    8692   3556   3168 S   0.0   0.0   0:00.00 dbus-daemon
   2071 gdm       20   0 3471500 137252  73260 S   0.0   1.8   0:31.23 gnome-shell
   2092 gdm       20   0  237676   4964   4528 S   0.0   0.1   0:00.00 xdg-permission-
   2099 root      20   0  243852  10136   6984 S   0.0   0.1   0:00.34 upowerd
   2106 root      20   0  301608  19332  16408 S   0.0   0.2   0:01.05 packagekitd
   2110 gdm       20   0 2812288  25716  20860 S   0.0   0.3   0:00.08 gjs
   2113 gdm       20   0  163144   7196   6428 S   0.0   0.1   0:00.01 at-spi2-registr
   2141 gdm       20   0  468748   9856   7940 S   0.0   0.1   0:01.31 gsd-sharing
   2146 gdm       20   0  338880  14892  12620 S   0.0   0.2   0:00.06 gsd-wacom
   2148 gdm       20   0  451616  18896  16480 S   0.0   0.2   0:00.16 gsd-color
   2150 gdm       20   0  412392  17092  13292 S   0.0   0.2   0:00.04 gsd-keyboard
   2152 gdm       20   0  316864  13188   6244 S   0.0   0.2   0:00.10 ibus-daemon
   2156 gdm       20   0  326124   9848   8488 S   0.0   0.1   0:00.02 gsd-print-notif
   2166 gdm       20   0  242216   6512   5848 S   0.0   0.1   0:00.01 gvfsd
   2168 gdm       20   0  459796   6140   5436 S   0.0   0.1   0:00.39 gsd-rfkill
   2170 gdm       20   0  388312   7432   6528 S   0.0   0.1   0:00.01 gsd-smartcard
   2173 gdm       20   0  380556  16508  12504 S   0.0   0.2   0:00.03 gsd-datetime
   2183 gdm       20   0  864216  20108  17428 S   0.0   0.3   0:00.37 gsd-media-keys
   2184 gdm       20   0  237936   4760   4376 S   0.0   0.1   0:00.01 gsd-screensaver
   2185 gdm       20   0  322096  10392   7320 S   0.0   0.1   0:00.02 gsd-sound
   2186 gdm       20   0  312416   8104   5476 S   0.0   0.1   0:00.01 gsd-a11y-settin
   2193 gdm       20   0  313996   8944   6152 S   0.0   0.1   0:00.64 gsd-housekeepin
   2195 gdm       20   0  450004  20288  15904 S   0.0   0.3   0:00.36 gsd-power
   2218 gdm       20   0  347052  12608  10748 S   0.0   0.2   0:00.03 gsd-printer
   2221 gdm       20   0  239040   6576   5948 S   0.0   0.1   0:00.00 ibus-dconf
   2233 gdm       20   0  238936   5920   5488 S   0.0   0.1   0:00.00 ibus-portal
   2263 colord    20   0  247516  14492   8720 S   0.0   0.2   0:00.23 colord
   2285 gdm       20   0 2812300  27868  20904 S   0.0   0.4   0:00.09 gjs
   2349 gdm       20   0  165096   6516   5892 S   0.0   0.1   0:00.01 ibus-engine-sim
   2508 root      20   0  136716  13172   9512 S   0.0   0.2   0:00.61 cupsd
   2522 root      20   0  260792  17940  13508 S   0.0   0.2   0:01.22 cups-browsed
  11687 jetson    20   0   18140   9764   7368 S   0.0   0.1   0:00.32 systemd
  11688 jetson    20   0  172512   4632      0 S   0.0   0.1   0:00.00 (sd-pam)
  11696 jetson    20   0   41976   6552   5228 S   0.0   0.1   0:00.04 pipewire
  11697 jetson    20   0   25484   6724   5388 S   0.0   0.1   0:01.06 pipewire-media-
  11749 jetson    20   0    8888   3620   3232 S   0.0   0.0   0:00.01 dbus-daemon
  11931 jetson    20   0  706564  62076  26432 S   0.0   0.8   1:19.74 python3
  12473 root      20   0 1233488  13268   6340 S   0.0   0.2   0:01.96 containerd-shim
  12502 jetson    20   0    5508    792    704 S   0.0   0.0   0:00.20 sleep
  12567 root      20   0   21892   5484   3884 S   0.0   0.1   0:16.81 systemd-udevd
  12575 root      20   0   21760   4536   2952 S   0.0   0.1   0:34.22 systemd-udevd
  13234 jetson    20   0  203640  35476  13212 S   0.0   0.5   0:00.75 ros2
  13236 jetson    20   0 2070472  36080  17228 S   0.0   0.5   0:00.55 docker
  13238 jetson    20   0  428384  31060  15828 S   0.0   0.4   1:22.04 robot_state_pub
  13265 root      20   0 1232976  11192   5960 S   0.0   0.1   0:01.40 containerd-shim
  13294 root      20   0   49400  29204  14412 S   0.0   0.4   0:00.40 ros2
  13554 root      20   0   21760   4460   2932 S   0.0   0.1   0:00.03 systemd-udevd
  13555 root      20   0   21760   3352   1860 S   0.0   0.0   0:00.00 systemd-udevd
  13568 root      20   0   21760   3376   1864 S   0.0   0.0   0:00.02 systemd-udevd
  13569 root      20   0   21760   4136   2588 S   0.0   0.1   0:00.06 systemd-udevd
  13570 root      20   0   21764   4492   2960 S   0.0   0.1   0:00.05 systemd-udevd
  13571 root      20   0   21764   4108   2588 S   0.0   0.1   0:00.03 systemd-udevd
  13580 root      20   0   21764   4136   2588 S   0.0   0.1   0:00.04 systemd-udevd
  13581 root      20   0   21764   3708   2180 S   0.0   0.0   0:00.00 systemd-udevd
  13582 root      20   0   21764   4268   2704 S   0.0   0.1   0:00.06 systemd-udevd
  13594 root      20   0   21764   3408   1864 S   0.0   0.0   0:00.01 systemd-udevd
  13595 root      20   0   21764   4012   2468 S   0.0   0.1   0:00.02 systemd-udevd
  33484 root      20   0       0      0      0 I   0.0   0.0   0:12.30 kworker/u12:0-events_freezable_power_
  34263 root      20   0       0      0      0 I   0.0   0.0   0:14.88 kworker/u12:2-events_unbound
  49116 root      20   0       0      0      0 I   0.0   0.0   0:00.64 kworker/0:0-events
  90870 root      20   0       0      0      0 I   0.0   0.0   0:11.71 kworker/u12:11-events_freezable_power_
  98217 root      20   0  238836   6944   5696 S   0.0   0.1   0:02.20 iio-sensor-prox
 100141 root      20   0       0      0      0 I   0.0   0.0   0:09.70 kworker/u12:6-events_unbound
 149635 root      20   0       0      0      0 I   0.0   0.0   0:00.45 kworker/3:0-events
 199974 root      20   0       0      0      0 I   0.0   0.0   0:05.37 kworker/u12:1-events_unbound
 205195 root       0 -20       0      0      0 I   0.0   0.0   0:09.89 kworker/u13:0-uvcvideo
 211464 root      20   0       0      0      0 I   0.0   0.0   0:04.80 kworker/u12:7-events_unbound
 219316 root       0 -20       0      0      0 I   0.0   0.0   0:09.27 kworker/u13:3-uvcvideo
 234404 root      20   0       0      0      0 I   0.0   0.0   0:00.54 kworker/5:0-events
 251138 root      20   0       0      0      0 I   0.0   0.0   0:02.47 kworker/u12:4-events_freezable_power_
 253037 root      20   0       0      0      0 I   0.0   0.0   0:02.67 kworker/u12:8-events_unbound
 271538 root      20   0  410228  41960  21380 S   0.0   0.5   0:01.37 fwupd
 274472 root       0 -20       0      0      0 I   0.0   0.0   0:03.71 kworker/u13:1-uvcvideo
 278878 root      20   0       0      0      0 I   0.0   0.0   0:00.08 kworker/4:2-pm
 284193 root      20   0       0      0      0 I   0.0   0.0   0:01.52 kworker/u12:3-events_unbound
 289098 jetson    20   0  572504  38648  13228 S   0.0   0.5   0:00.94 ros2
 289121 jetson    20   0 1082820  57924  26356 S   0.0   0.7   0:29.78 foxglove_bridge
 290503 jetson    20   0  129772  34672  13228 S   0.0   0.4   0:00.69 ros2
 290529 jetson    20   0  903240  50844  24060 S   0.0   0.7   0:31.86 async_slam_tool
 295127 root      20   0       0      0      0 I   0.0   0.0   0:00.02 kworker/1:3-cgroup_destroy
 295225 root      20   0       0      0      0 I   0.0   0.0   0:00.00 kworker/3:1-events
 298318 root      20   0       0      0      0 I   0.0   0.0   0:00.00 kworker/4:0-events
 298521 root      20   0       0      0      0 I   0.0   0.0   0:00.00 kworker/5:1-cgroup_destroy
 301519 root      20   0       0      0      0 I   0.0   0.0   0:00.04 kworker/0:1-events
 301563 root      20   0       0      0      0 I   0.0   0.0   0:00.00 kworker/2:0-cgroup_destroy
 301980 jetson    20   0   53568  30336  15004 S   0.0   0.4   0:00.44 ros2
 302359 root       0 -20       0      0      0 I   0.0   0.0   0:01.66 kworker/u13:2-uvcvideo
 303903 jetson    20   0  723188  40064  13216 S   0.0   0.5   0:01.24 ros2
 303973 jetson    20   0  428560  27552  15960 S   0.0   0.4   0:22.80 velocity_smooth
 305476 root      20   0       0      0      0 I   0.0   0.0   0:00.78 kworker/u12:9-events_freezable_power_
 314676 root      20   0       0      0      0 I   0.0   0.0   0:00.00 kworker/5:2-events
 314679 root      20   0       0      0      0 I   0.0   0.0   0:00.00 kworker/2:1-events
 314725 root      20   0       0      0      0 I   0.0   0.0   0:00.00 kworker/0:2
 314862 root      20   0       0      0      0 I   0.0   0.0   0:00.00 kworker/1:0-events
 315002 root      20   0       0      0      0 I   0.0   0.0   0:00.00 kworker/2:2
 316431 root      20   0    9436    772    692 S   0.0   0.0   0:00.00 sleep
 316651 root      20   0       0      0      0 I   0.0   0.0   0:00.01 kworker/3:2-events
 316919 jetson    20   0   11248   3308   2868 S   0.0   0.0   0:00.03 bash
 318628 root      30  10    9436    776    700 S   0.0   0.0   0:00.00 sleep
 318996 jetson    20   0   11248   3304   2868 S   0.0   0.0   0:00.01 bash
 319049 jetson    20   0    2872    896    800 S   0.0   0.0   0:00.00 tegrastats
 319054 jetson    20   0    9444    788    704 S   0.0   0.0   0:00.00 sleep

top - 13:48:02 up  4:11,  0 users,  load average: 6.79, 5.28, 5.29
Tasks: 348 total,   1 running, 347 sleeping,   0 stopped,   0 zombie
%Cpu(s): 38.7 us, 28.6 sy,  0.0 ni, 24.5 id,  0.0 wa,  3.1 hi,  5.1 si,  0.0 st
MiB Mem :   7607.4 total,   2837.3 free,   1955.2 used,   2814.9 buff/cache
MiB Swap:   3803.7 total,   3803.7 free,      0.0 used.   5354.3 avail Mem 

    PID USER      PR  NI    VIRT    RES    SHR S  %CPU  %MEM     TIME+ COMMAND
  13320 root      20   0 1300240  43368  11392 S  55.0   0.6  17:25.29 micro_ros_agent
 319047 jetson    20   0  764356  52632  25320 S  36.1   0.7   0:00.89 ros2
 289467 jetson    20   0  709004  62292  27276 S  34.7   0.8   4:44.22 python3
 301995 jetson    20   0 9350900 403532  85056 S  25.7   5.2   1:18.62 nvblox_node
 303953 jetson    20   0  457244  46132  26216 S  21.3   0.6   0:40.40 bt_navigator
 289115 jetson    20   0  710828  66420  27276 S  20.3   0.9   2:11.10 python3
 289113 jetson    20   0 1748412 107168  51312 S  19.8   1.4   1:54.11 realsense2_came
 289117 jetson    20   0  432948  28320  14224 S  17.3   0.4   2:09.21 rplidar_node
 303949 jetson    20   0 1127568  90240  42704 S  17.3   1.2   0:46.82 planner_server
 303945 jetson    20   0  889552  45820  23468 S  16.8   0.6   0:45.37 controller_serv
 303985 jetson    20   0  577392  31576  16252 S  15.8   0.4   0:47.05 lifecycle_manag
 303951 jetson    20   0  516316  35092  21016 S  14.9   0.5   0:32.61 behavior_server
 289119 jetson    20   0  707976  63344  27388 S  13.4   0.8   1:12.23 python3
 289469 jetson    20   0  506204  34000  18400 S  13.4   0.4   1:31.76 ekf_node
 303973 jetson    20   0  428560  27552  15960 S  12.4   0.4   0:23.05 velocity_smooth
 289121 jetson    20   0 1082820  58188  26356 S  11.9   0.7   0:30.02 foxglove_bridge
 303955 jetson    20   0  431300  28968  17008 S  10.4   0.4   0:22.87 waypoint_follow
 303947 jetson    20   0  582488  31932  18848 S   9.9   0.4   0:27.59 smoother_server
 303943 jetson    20   0  709520  63640  27336 S   9.4   0.8   0:20.37 python3
 290529 jetson    20   0  903240  50844  24060 S   7.4   0.7   0:32.01 async_slam_tool
  13238 jetson    20   0  428384  31060  15828 S   6.4   0.4   1:22.17 robot_state_pub
  11931 jetson    20   0  706564  62076  26432 S   5.9   0.8   1:19.86 python3
 319048 jetson    20   0   14344   3368   2772 R   1.0   0.0   0:00.04 top
    904 root      rt   0       0      0      0 S   0.5   0.0   1:03.89 sugov:0
  33484 root      20   0       0      0      0 I   0.5   0.0   0:12.31 kworker/u12:0-events_freezable_power_
  34263 root      20   0       0      0      0 I   0.5   0.0   0:14.89 kworker/u12:2-events_unbound
 205195 root       0 -20       0      0      0 I   0.5   0.0   0:09.90 kworker/u13:0-uvcvideo
      1 root      20   0  167628  11768   7448 S   0.0   0.2   0:20.28 systemd
      2 root      20   0       0      0      0 S   0.0   0.0   0:00.02 kthreadd
      3 root       0 -20       0      0      0 I   0.0   0.0   0:00.00 rcu_gp
      4 root       0 -20       0      0      0 I   0.0   0.0   0:00.00 rcu_par_gp
      5 root       0 -20       0      0      0 I   0.0   0.0   0:00.00 slub_flushwq
      6 root       0 -20       0      0      0 I   0.0   0.0   0:00.00 netns
      8 root       0 -20       0      0      0 I   0.0   0.0   0:00.00 kworker/0:0H-events_highpri
     10 root       0 -20       0      0      0 I   0.0   0.0   0:00.00 mm_percpu_wq
     11 root      20   0       0      0      0 S   0.0   0.0   0:00.00 rcu_tasks_kthre
     12 root      20   0       0      0      0 S   0.0   0.0   0:00.00 rcu_tasks_rude_
     13 root      20   0       0      0      0 S   0.0   0.0   0:00.00 rcu_tasks_trace
     14 root      20   0       0      0      0 S   0.0   0.0   0:13.39 ksoftirqd/0
     15 root      20   0       0      0      0 I   0.0   0.0   0:05.82 rcu_preempt
     16 root      rt   0       0      0      0 S   0.0   0.0   0:00.01 migration/0
     17 root      20   0       0      0      0 S   0.0   0.0   0:00.00 cpuhp/0
     18 root      20   0       0      0      0 S   0.0   0.0   0:00.00 cpuhp/1
     19 root      rt   0       0      0      0 S   0.0   0.0   0:00.01 migration/1
     20 root      20   0       0      0      0 S   0.0   0.0   0:00.82 ksoftirqd/1
     22 root       0 -20       0      0      0 I   0.0   0.0   0:00.00 kworker/1:0H-events_highpri
     23 root      20   0       0      0      0 S   0.0   0.0   0:00.00 cpuhp/2
     24 root      rt   0       0      0      0 S   0.0   0.0   0:00.00 migration/2
     25 root      20   0       0      0      0 S   0.0   0.0   0:00.83 ksoftirqd/2
     27 root       0 -20       0      0      0 I   0.0   0.0   0:00.00 kworker/2:0H-events_highpri
     28 root      20   0       0      0      0 S   0.0   0.0   0:00.00 cpuhp/3
     29 root      rt   0       0      0      0 S   0.0   0.0   0:00.00 migration/3
     30 root      20   0       0      0      0 S   0.0   0.0   0:00.77 ksoftirqd/3
     32 root       0 -20       0      0      0 I   0.0   0.0   0:00.00 kworker/3:0H-events_highpri
     33 root      20   0       0      0      0 S   0.0   0.0   0:00.00 cpuhp/4
     34 root      rt   0       0      0      0 S   0.0   0.0   0:00.03 migration/4
     35 root      20   0       0      0      0 S   0.0   0.0   0:00.58 ksoftirqd/4
     37 root       0 -20       0      0      0 I   0.0   0.0   0:00.00 kworker/4:0H-kblockd
     38 root      20   0       0      0      0 S   0.0   0.0   0:00.00 cpuhp/5
     39 root      rt   0       0      0      0 S   0.0   0.0   0:00.03 migration/5
     40 root      20   0       0      0      0 S   0.0   0.0   0:00.59 ksoftirqd/5
     42 root       0 -20       0      0      0 I   0.0   0.0   0:00.00 kworker/5:0H-events_highpri
     43 root      20   0       0      0      0 S   0.0   0.0   0:00.01 kdevtmpfs
     44 root       0 -20       0      0      0 I   0.0   0.0   0:00.00 inet_frag_wq
     51 root      20   0       0      0      0 S   0.0   0.0   0:00.00 kauditd
     52 root      20   0       0      0      0 S   0.0   0.0   0:00.00 oom_reaper
     53 root       0 -20       0      0      0 I   0.0   0.0   0:00.00 writeback
     54 root      20   0       0      0      0 S   0.0   0.0   0:00.12 kcompactd0
     55 root      25   5       0      0      0 S   0.0   0.0   0:00.00 ksmd
     56 root      39  19       0      0      0 S   0.0   0.0   0:01.26 khugepaged
     67 root       0 -20       0      0      0 I   0.0   0.0   0:00.00 cryptd
     86 root       0 -20       0      0      0 I   0.0   0.0   0:00.00 kintegrityd
     87 root       0 -20       0      0      0 I   0.0   0.0   0:00.00 kblockd
     88 root       0 -20       0      0      0 I   0.0   0.0   0:00.00 blkcg_punt_bio
     89 root       0 -20       0      0      0 I   0.0   0.0   0:00.00 tpm_dev_wq
     90 root       0 -20       0      0      0 I   0.0   0.0   0:00.00 ata_sff
     91 root       0 -20       0      0      0 I   0.0   0.0   0:00.00 edac-poller
     92 root       0 -20       0      0      0 I   0.0   0.0   0:00.00 devfreq_wq
     93 root     -51   0       0      0      0 S   0.0   0.0   0:00.00 watchdogd
     96 root       0 -20       0      0      0 I   0.0   0.0   0:00.05 kworker/1:1H-kblockd
     97 root       0 -20       0      0      0 I   0.0   0.0   0:00.00 rpciod
     99 root       0 -20       0      0      0 I   0.0   0.0   0:00.00 xprtiod
    127 root      20   0       0      0      0 S   0.0   0.0   0:00.00 kswapd0
    128 root       0 -20       0      0      0 I   0.0   0.0   0:00.00 nfsiod
    132 root       0 -20       0      0      0 I   0.0   0.0   0:00.00 vfio-irqfd-clea
    133 root       0 -20       0      0      0 I   0.0   0.0   0:00.00 bch_btree_io
    134 root       0 -20       0      0      0 I   0.0   0.0   0:00.00 bcache
    135 root       0 -20       0      0      0 I   0.0   0.0   0:00.00 bch_journal
    136 root       0 -20       0      0      0 I   0.0   0.0   0:00.00 dm_bufio_cache
    137 root      20   0       0      0      0 I   0.0   0.0   0:01.56 kworker/1:2-events
    139 root      20   0       0      0      0 I   0.0   0.0   0:00.99 kworker/2:3-events
    140 root      10 -10       0      0      0 S   0.0   0.0   0:00.00 krfcommd
    141 root      20   0       0      0      0 S   0.0   0.0   0:00.01 pr/tty0
    142 root      20   0       0      0      0 S   0.0   0.0   0:03.05 pr/ttyTCU0
    145 root     -51   0       0      0      0 S   0.0   0.0   0:00.00 irq/114-3160000
    147 root     -51   0       0      0      0 S   0.0   0.0   0:00.00 irq/115-3180000
    149 root     -51   0       0      0      0 S   0.0   0.0   0:00.00 irq/116-31b0000
    150 root     -51   0       0      0      0 S   0.0   0.0   0:00.02 irq/167-c240000
    151 root     -51   0       0      0      0 S   0.0   0.0   0:00.00 irq/168-c250000
    152 root     -51   0       0      0      0 S   0.0   0.0   0:00.00 irq/125-3610000
    153 root     -51   0       0      0      0 S   0.0   0.0   0:00.00 irq/122-3610000
    155 root       0 -20       0      0      0 I   0.0   0.0   0:00.00 sdhci
    156 root     -51   0       0      0      0 S   0.0   0.0   0:00.00 irq/120-mmc0
    157 root     -51   0       0      0      0 S   0.0   0.0   0:00.00 irq/230-3400000
    174 root       0 -20       0      0      0 I   0.0   0.0   0:00.05 kworker/3:1H-kblockd
    180 root     -51   0       0      0      0 S   0.0   0.0   0:00.00 irq/191-tegra-p
    181 root       0 -20       0      0      0 I   0.0   0.0   0:00.00 nvme-wq
    182 root       0 -20       0      0      0 I   0.0   0.0   0:00.00 nvme-reset-wq
    183 root       0 -20       0      0      0 I   0.0   0.0   0:00.00 nvme-delete-wq
    192 root     -51   0       0      0      0 S   0.0   0.0   0:00.00 irq/191-aerdrv
    193 root     -51   0       0      0      0 S   0.0   0.0   0:00.00 irq/193-tegra-p
    196 root     -51   0       0      0      0 S   0.0   0.0   0:00.00 irq/193-aerdrv
    197 root     -51   0       0      0      0 S   0.0   0.0   0:00.00 irq/195-tegra-p
    199 root     -51   0       0      0      0 S   0.0   0.0   0:00.00 irq/232-nvme0q0
    200 root     -51   0       0      0      0 S   0.0   0.0   0:00.25 irq/233-nvme0q1
    201 root     -51   0       0      0      0 S   0.0   0.0   0:00.29 irq/234-nvme0q2
    202 root     -51   0       0      0      0 S   0.0   0.0   0:00.43 irq/235-nvme0q3
    203 root     -51   0       0      0      0 S   0.0   0.0   0:00.54 irq/236-nvme0q4
    204 root     -51   0       0      0      0 S   0.0   0.0   0:00.13 irq/237-nvme0q5
    205 root     -51   0       0      0      0 S   0.0   0.0   0:00.09 irq/238-nvme0q6
    211 root       0 -20       0      0      0 I   0.0   0.0   0:00.05 kworker/4:1H-kblockd
    212 root      20   0       0      0      0 S   0.0   0.0   0:00.88 jbd2/nvme0n1p1-
    213 root       0 -20       0      0      0 I   0.0   0.0   0:00.00 ext4-rsv-conver
    222 root       0 -20       0      0      0 I   0.0   0.0   0:00.00 mld
    223 root       0 -20       0      0      0 I   0.0   0.0   0:00.03 kworker/0:1H-kblockd
    224 root       0 -20       0      0      0 I   0.0   0.0   0:00.00 ipv6_addrconf
    256 root      19  -1   40648  14960  13348 S   0.0   0.2   0:17.90 systemd-journal
    278 root       0 -20       0      0      0 I   0.0   0.0   0:00.07 kworker/2:1H-kblockd
    280 root      39  19       0      0      0 S   0.0   0.0   0:00.48 nvmap-bz
    281 root     -51   0       0      0      0 S   0.0   0.0   0:00.00 irq/188-host1x_
    285 root     -51   0       0      0      0 S   0.0   0.0   0:00.00 irq/197-gk20a_s
    286 root     -51   0       0      0      0 S   0.0   0.0   0:00.01 irq/198-gk20a_s
    287 root     -51   0       0      0      0 S   0.0   0.0   0:00.01 irq/199-gk20a_s
    288 root     -51   0       0      0      0 S   0.0   0.0   0:00.00 irq/200-gk20a_n
    291 root       0 -20       0      0      0 I   0.0   0.0   0:00.04 kworker/5:1H-kblockd
    295 root      20   0   11116   3460   3204 S   0.0   0.0   0:00.00 nv-tee-supplica
    299 root      20   0   76588   1360   1248 S   0.0   0.0   0:00.01 tee-supplicant
    301 root       0 -20       0      0      0 I   0.0   0.0   0:00.00 optee_bus_scan
    303 root     -51   0       0      0      0 S   0.0   0.0   0:00.00 irq/189-tegra-p
    312 root      20   0   23732   6316   4080 S   0.0   0.1   0:17.80 systemd-udevd
    313 root     -51   0       0      0      0 S   0.0   0.0   0:00.00 irq/189-aerdrv
    314 root      20   0   23216   5812   3992 S   0.0   0.1   0:00.38 systemd-udevd
    315 root      20   0   23216   5020   3248 S   0.0   0.1   0:00.15 systemd-udevd
    316 root      20   0   23268   6224   4288 S   0.0   0.1   0:00.16 systemd-udevd
    317 root      20   0   23220   4364   2600 S   0.0   0.1   0:00.11 systemd-udevd
    318 root      20   0   23216   4480   2672 S   0.0   0.1   0:00.12 systemd-udevd
    319 root      20   0   23212   5812   3980 S   0.0   0.1   0:00.28 systemd-udevd
    320 root      20   0   23264   4688   2764 S   0.0   0.1   0:00.13 systemd-udevd
    321 root      20   0   23268   5072   3136 S   0.0   0.1   0:00.18 systemd-udevd
    322 root      20   0   23524   5520   3456 S   0.0   0.1   0:00.26 systemd-udevd
    323 root      20   0   23216   6280   4444 S   0.0   0.1   0:00.37 systemd-udevd
    324 root      20   0   23220   5196   3388 S   0.0   0.1   0:00.16 systemd-udevd
    325 root      20   0   23220   5820   3976 S   0.0   0.1   0:00.37 systemd-udevd
    326 root      20   0   23220   5236   3388 S   0.0   0.1   0:00.39 systemd-udevd
    327 root      20   0   23220   5468   3656 S   0.0   0.1   0:00.18 systemd-udevd
    330 root      20   0   23512   5728   3684 S   0.0   0.1   0:00.14 systemd-udevd
    331 root      20   0   24292   5540   2676 S   0.0   0.1   0:00.16 systemd-udevd
    333 root      20   0   23524   5596   3532 S   0.0   0.1   0:00.26 systemd-udevd
    334 root      20   0   23220   5080   3240 S   0.0   0.1   0:00.25 systemd-udevd
    335 root      20   0   23220   4504   2708 S   0.0   0.1   0:00.11 systemd-udevd
    336 root      20   0   23220   4696   2892 S   0.0   0.1   0:00.14 systemd-udevd
    337 root      20   0   23524   5056   2992 S   0.0   0.1   0:00.16 systemd-udevd
    339 root      20   0   23220   4980   3148 S   0.0   0.1   0:00.17 systemd-udevd
    340 root      20   0   23544   6732   4608 S   0.0   0.1   0:59.97 systemd-udevd
    341 root      20   0   23276   5328   3384 S   0.0   0.1   0:00.13 systemd-udevd
    342 root      20   0   23280   5176   3228 S   0.0   0.1   0:00.13 systemd-udevd
    343 root      20   0   23220   5984   4152 S   0.0   0.1   0:00.30 systemd-udevd
    344 root      20   0   23560   6700   4596 S   0.0   0.1   0:00.48 systemd-udevd
    345 root      20   0       0      0      0 S   0.0   0.0   0:00.00 15820000.crypto
    346 root      20   0       0      0      0 S   0.0   0.0   0:00.00 15840000.crypto
    368 root      20   0   23324   5984   4116 S   0.0   0.1   0:00.40 systemd-udevd
    417 root     -51   0       0      0      0 S   0.0   0.0   0:00.00 irq/219-bc00000
    419 root      -2   0       0      0      0 S   0.0   0.0   0:00.00 capture-control
    420 root      -2   0       0      0      0 S   0.0   0.0   0:00.00 capture
    422 root     -51   0       0      0      0 S   0.0   0.0   0:00.00 irq/214-tegra_d
    423 root     -51   0       0      0      0 S   0.0   0.0   0:00.00 irq/215-tegra_d
    424 root       0 -20       0      0      0 I   0.0   0.0   0:00.00 dce-async-ipc-w
    425 root     -51   0       0      0      0 S   0.0   0.0   0:00.00 irq/240-nvvrs-p
    427 root      20   0       0      0      0 S   0.0   0.0   0:00.00 nv_queue
    428 root      20   0       0      0      0 S   0.0   0.0   0:00.00 nv_queue
    483 root     -51   0       0      0      0 S   0.0   0.0   0:00.00 irq/118-3210000
    487 root      20   0       0      0      0 S   0.0   0.0   0:00.00 spi0
    495 root       0 -20       0      0      0 I   0.0   0.0   0:00.00 cfg80211
    497 root     -51   0       0      0      0 S   0.0   0.0   0:00.00 irq/119-3230000
    498 root      20   0       0      0      0 S   0.0   0.0   0:00.00 spi1
    584 root       0 -20       0      0      0 I   0.0   0.0   0:00.00 btfwwork
    650 root      20   0    8236   6424   1432 S   0.0   0.1   0:00.57 haveged
    653 _rpc      20   0    7932   2264   1912 S   0.0   0.0   0:00.02 rpcbind
    659 systemd+  20   0   26320  13580   8496 S   0.0   0.2   0:00.40 systemd-resolve
    662 systemd+  20   0   88880   6332   5484 S   0.0   0.1   0:00.13 systemd-timesyn
    826 avahi     20   0    8084   3108   2752 S   0.0   0.0   0:00.47 avahi-daemon
    827 root      20   0    9888   4552   4112 S   0.0   0.1   0:00.07 bluetoothd
    828 message+  20   0   10496   5632   3584 S   0.0   0.1   0:27.92 dbus-daemon
    829 root      20   0  264752  18684  14872 S   0.0   0.2   0:25.28 NetworkManager
    838 root      20   0   43504  19780  10232 S   0.0   0.3   0:00.15 networkd-dispat
    849 root      20   0  241652   9056   6312 S   0.0   0.1   0:00.40 power-profiles-
    854 syslog    20   0  222160   5012   3672 S   0.0   0.1   0:03.48 rsyslogd
    859 root      20   0    2240    796    720 S   0.0   0.0   0:00.00 seatd
    865 root      20   0 2145956  51796  25768 S   0.0   0.7   0:25.63 snapd
    867 root      20   0  242124   7452   6576 S   0.0   0.1   0:01.39 accounts-daemon
    869 root      20   0  238128   6232   5620 S   0.0   0.1   0:00.04 switcheroo-cont
    871 root      20   0   48968   7620   6296 S   0.0   0.1   0:02.44 systemd-logind
    874 root      20   0  394188  13988   9476 S   0.0   0.2   0:00.81 udisksd
    875 root      20   0   16632   9928   8148 S   0.0   0.1   0:00.89 wpa_supplicant
    882 avahi     20   0    7812    356      0 S   0.0   0.0   0:00.00 avahi-daemon
    909 root      rt   0       0      0      0 S   0.0   0.0   0:30.19 sugov:4
    921 root      30  10   11248   3612   3220 S   0.0   0.0   0:05.59 wifi_mon.sh
    969 root      20   0  237044  10468   6400 S   0.0   0.1   2:01.23 polkitd
    983 root      20   0    2460   1556   1380 S   0.0   0.0   0:05.37 nvfancontrol
   1049 root      20   0       0      0      0 S   0.0   0.0   0:00.00 sw-quiesce
   1052 root      20   0       0      0      0 S   0.0   0.0   0:13.43 nvgpu_channel_p
   1068 root      20   0       0      0      0 S   0.0   0.0   0:00.00 nvgpu_pg_init_g
   1087 root      20   0       0      0      0 S   0.0   0.0   0:00.00 nvgpu_clk_arb_p
   1117 root      20   0       0      0      0 S   0.0   0.0   0:05.07 RTW_CMD_THREAD
   1157 root      20   0   75936   9960   8136 S   0.0   0.1   0:00.01 nvargus-daemon
   1158 root      20   0   11116   3520   3220 S   0.0   0.0   0:00.05 nvmemwarning.sh
   1171 root      20   0   22192   1776   1580 S   0.0   0.0   0:00.00 nvs-service
   1181 ollama    20   0 2006720  39588  20072 S   0.0   0.5   0:00.74 ollama
   1195 root      20   0    2336   1408   1292 S   0.0   0.0   0:01.96 run-cups-browse
   1201 root      20   0    2336   1424   1296 S   0.0   0.0   0:02.02 run-cupsd
   1204 root      20   0       0      0      0 S   0.0   0.0   0:00.00 pr/ramoops-1
   1212 root      20   0 2093080  58448  33576 S   0.0   0.8   0:15.75 containerd
   1239 root      20   0   10772   2824   2576 S   0.0   0.0   0:00.04 cron
   1259 root      20   0  243128   8056   7012 S   0.0   0.1   0:00.02 gdm3
   1263 kernoops  20   0   12812    452      0 S   0.0   0.0   0:00.01 kerneloops
   1290 root      20   0    9468    800    724 S   0.0   0.0   0:00.00 agetty
   1291 kernoops  20   0   12812    452      0 S   0.0   0.0   0:00.01 kerneloops
   1293 root      20   0    9468    804    724 S   0.0   0.0   0:00.00 agetty
   1330 root      20   0  173408   8804   7628 S   0.0   0.1   0:00.02 gdm-session-wor
   1417 root      20   0       0      0      0 S   0.0   0.0   0:00.00 file-storage
   1426 root      20   0   15272   8368   6788 S   0.0   0.1   0:00.48 sshd
   1474 gdm       20   0   18120   9728   7360 S   0.0   0.1   0:00.41 systemd
   1478 root      20   0    3076    992    880 S   0.0   0.0   0:00.00 nvphsd
   1483 root      20   0    3208   1476   1316 S   0.0   0.0   0:00.00 nvphsd
   1497 gdm       20   0  106692   4552      0 S   0.0   0.1   0:00.00 (sd-pam)
   1588 root      20   0 2352492  96592  56580 S   0.0   1.2   0:04.97 dockerd
   1688 gdm        9 -11   41972   6472   5156 S   0.0   0.1   0:00.05 pipewire
   1689 gdm       20   0   25476   6428   5104 S   0.0   0.1   0:00.99 pipewire-media-
   1690 gdm        9 -11  891840  20748  12584 S   0.0   0.3   0:00.76 pulseaudio
   1695 gdm       20   0  163948   5472   4964 S   0.0   0.1   0:00.00 gdm-x-session
   1697 root      20   0   24.2g  80524  35884 S   0.0   1.0   0:01.68 Xorg
   1698 rtkit     21   1  153504   1588   1380 S   0.0   0.0   0:00.21 rtkit-daemon
   1729 gdm       20   0    8840   3600   3212 S   0.0   0.0   0:00.02 dbus-daemon
   1748 root      20   0       0      0      0 S   0.0   0.0   0:00.00 nvidia-modeset/
   1749 root      20   0       0      0      0 S   0.0   0.0   0:00.00 nvidia-modeset/
   1752 root      20   0       0      0      0 S   0.0   0.0   0:00.00 nvidia
   1753 root      20   0       0      0      0 S   0.0   0.0   0:00.00 nv_queue
   1790 root      20   0       0      0      0 S   0.0   0.0   0:00.00 nvidia-drm-nv-t
   1791 root     -51   0       0      0      0 S   0.0   0.0   0:00.00 card1-crtc0
   1792 root     -51   0       0      0      0 S   0.0   0.0   0:00.00 card1-crtc1
   1980 gdm       20   0    5876   1552   1344 S   0.0   0.0   0:00.00 dbus-run-sessio
   1983 gdm       20   0    9108   4440   3588 S   0.0   0.1   0:00.13 dbus-daemon
   2035 gdm       20   0  597840  17824  12972 S   0.0   0.2   0:00.71 gnome-session-b
   2057 gdm       20   0  310068   8976   6272 S   0.0   0.1   0:00.00 at-spi-bus-laun
   2062 gdm       20   0    8692   3556   3168 S   0.0   0.0   0:00.00 dbus-daemon
   2071 gdm       20   0 3471500 137252  73260 S   0.0   1.8   0:31.23 gnome-shell
   2092 gdm       20   0  237676   4964   4528 S   0.0   0.1   0:00.00 xdg-permission-
   2099 root      20   0  243852  10136   6984 S   0.0   0.1   0:00.34 upowerd
   2106 root      20   0  301608  19332  16408 S   0.0   0.2   0:01.05 packagekitd
   2110 gdm       20   0 2812288  25716  20860 S   0.0   0.3   0:00.08 gjs
   2113 gdm       20   0  163144   7196   6428 S   0.0   0.1   0:00.01 at-spi2-registr
   2141 gdm       20   0  468748   9856   7940 S   0.0   0.1   0:01.31 gsd-sharing
   2146 gdm       20   0  338880  14892  12620 S   0.0   0.2   0:00.06 gsd-wacom
   2148 gdm       20   0  451616  18896  16480 S   0.0   0.2   0:00.16 gsd-color
   2150 gdm       20   0  412392  17092  13292 S   0.0   0.2   0:00.04 gsd-keyboard
   2152 gdm       20   0  316864  13188   6244 S   0.0   0.2   0:00.10 ibus-daemon
   2156 gdm       20   0  326124   9848   8488 S   0.0   0.1   0:00.02 gsd-print-notif
   2166 gdm       20   0  242216   6512   5848 S   0.0   0.1   0:00.01 gvfsd
   2168 gdm       20   0  459796   6140   5436 S   0.0   0.1   0:00.39 gsd-rfkill
   2170 gdm       20   0  388312   7432   6528 S   0.0   0.1   0:00.01 gsd-smartcard
   2173 gdm       20   0  380556  16508  12504 S   0.0   0.2   0:00.03 gsd-datetime
   2183 gdm       20   0  864216  20108  17428 S   0.0   0.3   0:00.37 gsd-media-keys
   2184 gdm       20   0  237936   4760   4376 S   0.0   0.1   0:00.01 gsd-screensaver
   2185 gdm       20   0  322096  10392   7320 S   0.0   0.1   0:00.02 gsd-sound
   2186 gdm       20   0  312416   8104   5476 S   0.0   0.1   0:00.01 gsd-a11y-settin
   2193 gdm       20   0  313996   8944   6152 S   0.0   0.1   0:00.64 gsd-housekeepin
   2195 gdm       20   0  450004  20288  15904 S   0.0   0.3   0:00.36 gsd-power
   2218 gdm       20   0  347052  12608  10748 S   0.0   0.2   0:00.03 gsd-printer
   2221 gdm       20   0  239040   6576   5948 S   0.0   0.1   0:00.00 ibus-dconf
   2233 gdm       20   0  238936   5920   5488 S   0.0   0.1   0:00.00 ibus-portal
   2263 colord    20   0  247516  14492   8720 S   0.0   0.2   0:00.23 colord
   2285 gdm       20   0 2812300  27868  20904 S   0.0   0.4   0:00.09 gjs
   2349 gdm       20   0  165096   6516   5892 S   0.0   0.1   0:00.01 ibus-engine-sim
   2508 root      20   0  136716  13172   9512 S   0.0   0.2   0:00.61 cupsd
   2522 root      20   0  260792  17940  13508 S   0.0   0.2   0:01.22 cups-browsed
  11687 jetson    20   0   18140   9764   7368 S   0.0   0.1   0:00.32 systemd
  11688 jetson    20   0  172512   4632      0 S   0.0   0.1   0:00.00 (sd-pam)
  11696 jetson    20   0   41976   6552   5228 S   0.0   0.1   0:00.04 pipewire
  11697 jetson    20   0   25484   6724   5388 S   0.0   0.1   0:01.06 pipewire-media-
  11749 jetson    20   0    8888   3620   3232 S   0.0   0.0   0:00.01 dbus-daemon
  12473 root      20   0 1233488  13236   6340 S   0.0   0.2   0:01.96 containerd-shim
  12502 jetson    20   0    5508    792    704 S   0.0   0.0   0:00.20 sleep
  12567 root      20   0   21892   5484   3884 S   0.0   0.1   0:16.81 systemd-udevd
  12575 root      20   0   21760   4536   2952 S   0.0   0.1   0:34.22 systemd-udevd
  13234 jetson    20   0  203640  35476  13212 S   0.0   0.5   0:00.75 ros2
  13236 jetson    20   0 2070472  36080  17228 S   0.0   0.5   0:00.55 docker
  13265 root      20   0 1232976  11192   5960 S   0.0   0.1   0:01.40 containerd-shim
  13294 root      20   0   49400  29204  14412 S   0.0   0.4   0:00.40 ros2
  13554 root      20   0   21760   4460   2932 S   0.0   0.1   0:00.03 systemd-udevd
  13555 root      20   0   21760   3352   1860 S   0.0   0.0   0:00.00 systemd-udevd
  13568 root      20   0   21760   3376   1864 S   0.0   0.0   0:00.02 systemd-udevd
  13569 root      20   0   21760   4136   2588 S   0.0   0.1   0:00.06 systemd-udevd
  13570 root      20   0   21764   4492   2960 S   0.0   0.1   0:00.05 systemd-udevd
  13571 root      20   0   21764   4108   2588 S   0.0   0.1   0:00.03 systemd-udevd
  13580 root      20   0   21764   4136   2588 S   0.0   0.1   0:00.04 systemd-udevd
  13581 root      20   0   21764   3708   2180 S   0.0   0.0   0:00.00 systemd-udevd
  13582 root      20   0   21764   4268   2704 S   0.0   0.1   0:00.06 systemd-udevd
  13594 root      20   0   21764   3408   1864 S   0.0   0.0   0:00.01 systemd-udevd
  13595 root      20   0   21764   4012   2468 S   0.0   0.1   0:00.02 systemd-udevd
  49116 root      20   0       0      0      0 I   0.0   0.0   0:00.64 kworker/0:0-events
  90870 root      20   0       0      0      0 I   0.0   0.0   0:11.71 kworker/u12:11-events_freezable_power_
  98217 root      20   0  238836   6944   5696 S   0.0   0.1   0:02.20 iio-sensor-prox
 100141 root      20   0       0      0      0 I   0.0   0.0   0:09.70 kworker/u12:6-events_unbound
 149635 root      20   0       0      0      0 I   0.0   0.0   0:00.45 kworker/3:0-events
 199974 root      20   0       0      0      0 I   0.0   0.0   0:05.37 kworker/u12:1-events_unbound
 211464 root      20   0       0      0      0 I   0.0   0.0   0:04.80 kworker/u12:7-events_freezable_power_
 219316 root       0 -20       0      0      0 I   0.0   0.0   0:09.27 kworker/u13:3-uvcvideo
 234404 root      20   0       0      0      0 I   0.0   0.0   0:00.54 kworker/5:0-events
 251138 root      20   0       0      0      0 I   0.0   0.0   0:02.47 kworker/u12:4-events_freezable_power_
 253037 root      20   0       0      0      0 I   0.0   0.0   0:02.67 kworker/u12:8-events_freezable_power_
 271538 root      20   0  410228  41960  21380 S   0.0   0.5   0:01.37 fwupd
 274472 root       0 -20       0      0      0 I   0.0   0.0   0:03.71 kworker/u13:1-uvcvideo
 278878 root      20   0       0      0      0 I   0.0   0.0   0:00.08 kworker/4:2-events
 284193 root      20   0       0      0      0 I   0.0   0.0   0:01.52 kworker/u12:3-events_unbound
 289098 jetson    20   0  572504  38648  13228 S   0.0   0.5   0:00.94 ros2
 290503 jetson    20   0  129772  34672  13228 S   0.0   0.4   0:00.69 ros2
 295127 root      20   0       0      0      0 I   0.0   0.0   0:00.02 kworker/1:3-cgroup_destroy
 295225 root      20   0       0      0      0 I   0.0   0.0   0:00.00 kworker/3:1-events
 298318 root      20   0       0      0      0 I   0.0   0.0   0:00.00 kworker/4:0-events
 298521 root      20   0       0      0      0 I   0.0   0.0   0:00.00 kworker/5:1-cgroup_destroy
 301519 root      20   0       0      0      0 I   0.0   0.0   0:00.04 kworker/0:1-events
 301563 root      20   0       0      0      0 I   0.0   0.0   0:00.00 kworker/2:0-cgroup_destroy
 301980 jetson    20   0   53568  30336  15004 S   0.0   0.4   0:00.44 ros2
 302359 root       0 -20       0      0      0 I   0.0   0.0   0:01.66 kworker/u13:2-uvcvideo
 303903 jetson    20   0  723188  40064  13216 S   0.0   0.5   0:01.24 ros2
 305476 root      20   0       0      0      0 I   0.0   0.0   0:00.78 kworker/u12:9-events_unbound
 314676 root      20   0       0      0      0 I   0.0   0.0   0:00.00 kworker/5:2-events
 314679 root      20   0       0      0      0 I   0.0   0.0   0:00.00 kworker/2:1-events
 314725 root      20   0       0      0      0 I   0.0   0.0   0:00.00 kworker/0:2
 314862 root      20   0       0      0      0 I   0.0   0.0   0:00.00 kworker/1:0-events
 315002 root      20   0       0      0      0 I   0.0   0.0   0:00.00 kworker/2:2
 316431 root      20   0    9436    772    692 S   0.0   0.0   0:00.00 sleep
 316651 root      20   0       0      0      0 I   0.0   0.0   0:00.01 kworker/3:2-events
 316919 jetson    20   0   11248   3308   2868 S   0.0   0.0   0:00.03 bash
 318628 root      30  10    9436    776    700 S   0.0   0.0   0:00.00 sleep
 318996 jetson    20   0   11248   3304   2868 S   0.0   0.0   0:00.01 bash
 319049 jetson    20   0    2872    896    800 S   0.0   0.0   0:00.00 tegrastats
 319054 jetson    20   0    9444    788    704 S   0.0   0.0   0:00.00 sleep

top - 13:48:04 up  4:11,  0 users,  load average: 6.79, 5.28, 5.29
Tasks: 349 total,   2 running, 347 sleeping,   0 stopped,   0 zombie
%Cpu(s): 41.7 us, 20.1 sy,  0.0 ni, 32.0 id,  0.0 wa,  2.8 hi,  3.4 si,  0.0 st
MiB Mem :   7607.4 total,   2806.6 free,   1983.1 used,   2817.6 buff/cache
MiB Swap:   3803.7 total,   3803.7 free,      0.0 used.   5326.4 avail Mem 

    PID USER      PR  NI    VIRT    RES    SHR S  %CPU  %MEM     TIME+ COMMAND
  13320 root      20   0 1300240  43632  11392 S  56.4   0.6  17:26.43 micro_ros_agent
 289467 jetson    20   0  709004  62292  27276 S  37.1   0.8   4:44.97 python3
 319047 jetson    20   0  764356  55580  25376 S  24.3   0.7   0:01.38 ros2
 301995 jetson    20   0 9350900 403532  85056 S  19.8   5.2   1:19.02 nvblox_node
 289115 jetson    20   0  710828  66420  27276 S  16.8   0.9   2:11.44 python3
 289113 jetson    20   0 1748412 107168  51312 S  16.3   1.4   1:54.44 realsense2_came
    969 root      20   0  237044  10468   6400 S  14.9   0.1   2:01.53 polkitd
 289117 jetson    20   0  432948  28320  14224 S  14.9   0.4   2:09.51 rplidar_node
 289469 jetson    20   0  506204  34000  18400 S  14.4   0.4   1:32.05 ekf_node
 303985 jetson    20   0  577392  31576  16252 S  12.4   0.4   0:47.30 lifecycle_manag
 303949 jetson    20   0 1127568  90240  42704 S  11.9   1.2   0:47.06 planner_server
 303945 jetson    20   0  889552  45820  23468 S  11.4   0.6   0:45.60 controller_serv
 303953 jetson    20   0  457244  46132  26216 S  11.4   0.6   0:40.63 bt_navigator
 289121 jetson    20   0 1082820  58452  26356 S  10.9   0.8   0:30.24 foxglove_bridge
 289119 jetson    20   0  707976  63344  27388 S   9.9   0.8   1:12.43 python3
 303947 jetson    20   0  582488  31932  18848 S   9.9   0.4   0:27.79 smoother_server
 303951 jetson    20   0  516316  35092  21016 S   9.4   0.5   0:32.80 behavior_server
 303955 jetson    20   0  431300  29232  17008 S   7.9   0.4   0:23.03 waypoint_follow
 303973 jetson    20   0  428560  27552  15960 S   7.9   0.4   0:23.21 velocity_smooth
 290529 jetson    20   0  903240  50844  24060 S   6.4   0.7   0:32.14 async_slam_tool
 303943 jetson    20   0  709520  63640  27336 S   6.4   0.8   0:20.50 python3
 319245 jetson    20   0   37656  15832   6900 R   5.9   0.2   0:00.12 python3
    828 message+  20   0   10496   5632   3584 S   3.5   0.1   0:27.99 dbus-daemon
  11931 jetson    20   0  706564  62076  26432 S   3.0   0.8   1:19.92 python3
  13238 jetson    20   0  428384  31060  15828 S   3.0   0.4   1:22.23 robot_state_pub
      1 root      20   0  167628  11768   7448 S   2.0   0.2   0:20.32 systemd
    829 root      20   0  264752  18684  14872 S   2.0   0.2   0:25.32 NetworkManager
    256 root      19  -1   40648  14960  13348 S   1.0   0.2   0:17.92 systemd-journal
    340 root      20   0   23544   6732   4608 S   1.0   0.1   0:59.99 systemd-udevd
 205195 root       0 -20       0      0      0 I   1.0   0.0   0:09.92 kworker/u13:0-uvcvideo
 319048 jetson    20   0   14344   3368   2772 R   1.0   0.0   0:00.06 top
     14 root      20   0       0      0      0 S   0.5   0.0   0:13.40 ksoftirqd/0
     20 root      20   0       0      0      0 S   0.5   0.0   0:00.83 ksoftirqd/1
    854 syslog    20   0  222160   5012   3672 S   0.5   0.1   0:03.49 rsyslogd
    874 root      20   0  394188  13988   9476 S   0.5   0.2   0:00.82 udisksd
    904 root      rt   0       0      0      0 S   0.5   0.0   1:03.90 sugov:0
    909 root      rt   0       0      0      0 S   0.5   0.0   0:30.20 sugov:4
   2035 gdm       20   0  597840  17824  12972 S   0.5   0.2   0:00.72 gnome-session-b
   2071 gdm       20   0 3471500 137252  73260 S   0.5   1.8   0:31.24 gnome-shell
   2195 gdm       20   0  450004  20288  15904 S   0.5   0.3   0:00.37 gsd-power
  12575 root      20   0   21760   4536   2952 S   0.5   0.1   0:34.23 systemd-udevd
  90870 root      20   0       0      0      0 I   0.5   0.0   0:11.72 kworker/u12:11-events_freezable_power_
 251138 root      20   0       0      0      0 I   0.5   0.0   0:02.48 kworker/u12:4-events_unbound
 271538 root      20   0  410228  41960  21380 S   0.5   0.5   0:01.38 fwupd
 284193 root      20   0       0      0      0 I   0.5   0.0   0:01.53 kworker/u12:3-events_unbound
 319049 jetson    20   0    2872    896    800 S   0.5   0.0   0:00.01 tegrastats
      2 root      20   0       0      0      0 S   0.0   0.0   0:00.02 kthreadd
      3 root       0 -20       0      0      0 I   0.0   0.0   0:00.00 rcu_gp
      4 root       0 -20       0      0      0 I   0.0   0.0   0:00.00 rcu_par_gp
      5 root       0 -20       0      0      0 I   0.0   0.0   0:00.00 slub_flushwq
      6 root       0 -20       0      0      0 I   0.0   0.0   0:00.00 netns
      8 root       0 -20       0      0      0 I   0.0   0.0   0:00.00 kworker/0:0H-events_highpri
     10 root       0 -20       0      0      0 I   0.0   0.0   0:00.00 mm_percpu_wq
     11 root      20   0       0      0      0 S   0.0   0.0   0:00.00 rcu_tasks_kthre
     12 root      20   0       0      0      0 S   0.0   0.0   0:00.00 rcu_tasks_rude_
     13 root      20   0       0      0      0 S   0.0   0.0   0:00.00 rcu_tasks_trace
     15 root      20   0       0      0      0 I   0.0   0.0   0:05.82 rcu_preempt
     16 root      rt   0       0      0      0 S   0.0   0.0   0:00.01 migration/0
     17 root      20   0       0      0      0 S   0.0   0.0   0:00.00 cpuhp/0
     18 root      20   0       0      0      0 S   0.0   0.0   0:00.00 cpuhp/1
     19 root      rt   0       0      0      0 S   0.0   0.0   0:00.01 migration/1
     22 root       0 -20       0      0      0 I   0.0   0.0   0:00.00 kworker/1:0H-events_highpri
     23 root      20   0       0      0      0 S   0.0   0.0   0:00.00 cpuhp/2
     24 root      rt   0       0      0      0 S   0.0   0.0   0:00.00 migration/2
     25 root      20   0       0      0      0 S   0.0   0.0   0:00.83 ksoftirqd/2
     27 root       0 -20       0      0      0 I   0.0   0.0   0:00.00 kworker/2:0H-events_highpri
     28 root      20   0       0      0      0 S   0.0   0.0   0:00.00 cpuhp/3
     29 root      rt   0       0      0      0 S   0.0   0.0   0:00.00 migration/3
     30 root      20   0       0      0      0 S   0.0   0.0   0:00.77 ksoftirqd/3
     32 root       0 -20       0      0      0 I   0.0   0.0   0:00.00 kworker/3:0H-events_highpri
     33 root      20   0       0      0      0 S   0.0   0.0   0:00.00 cpuhp/4
     34 root      rt   0       0      0      0 S   0.0   0.0   0:00.03 migration/4
     35 root      20   0       0      0      0 S   0.0   0.0   0:00.58 ksoftirqd/4
     37 root       0 -20       0      0      0 I   0.0   0.0   0:00.00 kworker/4:0H-kblockd
     38 root      20   0       0      0      0 S   0.0   0.0   0:00.00 cpuhp/5
     39 root      rt   0       0      0      0 S   0.0   0.0   0:00.03 migration/5
     40 root      20   0       0      0      0 S   0.0   0.0   0:00.59 ksoftirqd/5
     42 root       0 -20       0      0      0 I   0.0   0.0   0:00.00 kworker/5:0H-events_highpri
     43 root      20   0       0      0      0 S   0.0   0.0   0:00.01 kdevtmpfs
     44 root       0 -20       0      0      0 I   0.0   0.0   0:00.00 inet_frag_wq
     51 root      20   0       0      0      0 S   0.0   0.0   0:00.00 kauditd
     52 root      20   0       0      0      0 S   0.0   0.0   0:00.00 oom_reaper
     53 root       0 -20       0      0      0 I   0.0   0.0   0:00.00 writeback
     54 root      20   0       0      0      0 S   0.0   0.0   0:00.12 kcompactd0
     55 root      25   5       0      0      0 S   0.0   0.0   0:00.00 ksmd
     56 root      39  19       0      0      0 S   0.0   0.0   0:01.26 khugepaged
     67 root       0 -20       0      0      0 I   0.0   0.0   0:00.00 cryptd
     86 root       0 -20       0      0      0 I   0.0   0.0   0:00.00 kintegrityd
     87 root       0 -20       0      0      0 I   0.0   0.0   0:00.00 kblockd
     88 root       0 -20       0      0      0 I   0.0   0.0   0:00.00 blkcg_punt_bio
     89 root       0 -20       0      0      0 I   0.0   0.0   0:00.00 tpm_dev_wq
     90 root       0 -20       0      0      0 I   0.0   0.0   0:00.00 ata_sff
     91 root       0 -20       0      0      0 I   0.0   0.0   0:00.00 edac-poller
     92 root       0 -20       0      0      0 I   0.0   0.0   0:00.00 devfreq_wq
     93 root     -51   0       0      0      0 S   0.0   0.0   0:00.00 watchdogd
     96 root       0 -20       0      0      0 I   0.0   0.0   0:00.05 kworker/1:1H-kblockd
     97 root       0 -20       0      0      0 I   0.0   0.0   0:00.00 rpciod
     99 root       0 -20       0      0      0 I   0.0   0.0   0:00.00 xprtiod
    127 root      20   0       0      0      0 S   0.0   0.0   0:00.00 kswapd0
    128 root       0 -20       0      0      0 I   0.0   0.0   0:00.00 nfsiod
    132 root       0 -20       0      0      0 I   0.0   0.0   0:00.00 vfio-irqfd-clea
    133 root       0 -20       0      0      0 I   0.0   0.0   0:00.00 bch_btree_io
    134 root       0 -20       0      0      0 I   0.0   0.0   0:00.00 bcache
    135 root       0 -20       0      0      0 I   0.0   0.0   0:00.00 bch_journal
    136 root       0 -20       0      0      0 I   0.0   0.0   0:00.00 dm_bufio_cache
    137 root      20   0       0      0      0 I   0.0   0.0   0:01.56 kworker/1:2-events
    139 root      20   0       0      0      0 I   0.0   0.0   0:00.99 kworker/2:3-events
    140 root      10 -10       0      0      0 S   0.0   0.0   0:00.00 krfcommd
    141 root      20   0       0      0      0 S   0.0   0.0   0:00.01 pr/tty0
    142 root      20   0       0      0      0 S   0.0   0.0   0:03.05 pr/ttyTCU0
    145 root     -51   0       0      0      0 S   0.0   0.0   0:00.00 irq/114-3160000
    147 root     -51   0       0      0      0 S   0.0   0.0   0:00.00 irq/115-3180000
    149 root     -51   0       0      0      0 S   0.0   0.0   0:00.00 irq/116-31b0000
    150 root     -51   0       0      0      0 S   0.0   0.0   0:00.02 irq/167-c240000
    151 root     -51   0       0      0      0 S   0.0   0.0   0:00.00 irq/168-c250000
    152 root     -51   0       0      0      0 S   0.0   0.0   0:00.00 irq/125-3610000
    153 root     -51   0       0      0      0 S   0.0   0.0   0:00.00 irq/122-3610000
    155 root       0 -20       0      0      0 I   0.0   0.0   0:00.00 sdhci
    156 root     -51   0       0      0      0 S   0.0   0.0   0:00.00 irq/120-mmc0
    157 root     -51   0       0      0      0 S   0.0   0.0   0:00.00 irq/230-3400000
    174 root       0 -20       0      0      0 I   0.0   0.0   0:00.05 kworker/3:1H-kblockd
    180 root     -51   0       0      0      0 S   0.0   0.0   0:00.00 irq/191-tegra-p
    181 root       0 -20       0      0      0 I   0.0   0.0   0:00.00 nvme-wq
    182 root       0 -20       0      0      0 I   0.0   0.0   0:00.00 nvme-reset-wq
    183 root       0 -20       0      0      0 I   0.0   0.0   0:00.00 nvme-delete-wq
    192 root     -51   0       0      0      0 S   0.0   0.0   0:00.00 irq/191-aerdrv
    193 root     -51   0       0      0      0 S   0.0   0.0   0:00.00 irq/193-tegra-p
    196 root     -51   0       0      0      0 S   0.0   0.0   0:00.00 irq/193-aerdrv
    197 root     -51   0       0      0      0 S   0.0   0.0   0:00.00 irq/195-tegra-p
    199 root     -51   0       0      0      0 S   0.0   0.0   0:00.00 irq/232-nvme0q0
    200 root     -51   0       0      0      0 S   0.0   0.0   0:00.25 irq/233-nvme0q1
    201 root     -51   0       0      0      0 S   0.0   0.0   0:00.29 irq/234-nvme0q2
    202 root     -51   0       0      0      0 S   0.0   0.0   0:00.43 irq/235-nvme0q3
    203 root     -51   0       0      0      0 S   0.0   0.0   0:00.54 irq/236-nvme0q4
    204 root     -51   0       0      0      0 S   0.0   0.0   0:00.13 irq/237-nvme0q5
    205 root     -51   0       0      0      0 S   0.0   0.0   0:00.09 irq/238-nvme0q6
    211 root       0 -20       0      0      0 I   0.0   0.0   0:00.05 kworker/4:1H-kblockd
    212 root      20   0       0      0      0 S   0.0   0.0   0:00.88 jbd2/nvme0n1p1-
    213 root       0 -20       0      0      0 I   0.0   0.0   0:00.00 ext4-rsv-conver
    222 root       0 -20       0      0      0 I   0.0   0.0   0:00.00 mld
    223 root       0 -20       0      0      0 I   0.0   0.0   0:00.03 kworker/0:1H-kblockd
    224 root       0 -20       0      0      0 I   0.0   0.0   0:00.00 ipv6_addrconf
    278 root       0 -20       0      0      0 I   0.0   0.0   0:00.07 kworker/2:1H-kblockd
    280 root      39  19       0      0      0 S   0.0   0.0   0:00.48 nvmap-bz
    281 root     -51   0       0      0      0 S   0.0   0.0   0:00.00 irq/188-host1x_
    285 root     -51   0       0      0      0 S   0.0   0.0   0:00.00 irq/197-gk20a_s
    286 root     -51   0       0      0      0 S   0.0   0.0   0:00.01 irq/198-gk20a_s
    287 root     -51   0       0      0      0 S   0.0   0.0   0:00.01 irq/199-gk20a_s
    288 root     -51   0       0      0      0 S   0.0   0.0   0:00.00 irq/200-gk20a_n
    291 root       0 -20       0      0      0 I   0.0   0.0   0:00.04 kworker/5:1H-kblockd
    295 root      20   0   11116   3460   3204 S   0.0   0.0   0:00.00 nv-tee-supplica
    299 root      20   0   76588   1360   1248 S   0.0   0.0   0:00.01 tee-supplicant
    301 root       0 -20       0      0      0 I   0.0   0.0   0:00.00 optee_bus_scan
    303 root     -51   0       0      0      0 S   0.0   0.0   0:00.00 irq/189-tegra-p
    312 root      20   0   23732   6316   4080 S   0.0   0.1   0:17.80 systemd-udevd
    313 root     -51   0       0      0      0 S   0.0   0.0   0:00.00 irq/189-aerdrv
    314 root      20   0   23216   5812   3992 S   0.0   0.1   0:00.38 systemd-udevd
    315 root      20   0   23216   5020   3248 S   0.0   0.1   0:00.15 systemd-udevd
    316 root      20   0   23268   6224   4288 S   0.0   0.1   0:00.16 systemd-udevd
    317 root      20   0   23220   4364   2600 S   0.0   0.1   0:00.11 systemd-udevd
    318 root      20   0   23216   4480   2672 S   0.0   0.1   0:00.12 systemd-udevd
    319 root      20   0   23212   5812   3980 S   0.0   0.1   0:00.28 systemd-udevd
    320 root      20   0   23264   4688   2764 S   0.0   0.1   0:00.13 systemd-udevd
    321 root      20   0   23268   5072   3136 S   0.0   0.1   0:00.18 systemd-udevd
    322 root      20   0   23524   5520   3456 S   0.0   0.1   0:00.26 systemd-udevd
    323 root      20   0   23216   6280   4444 S   0.0   0.1   0:00.37 systemd-udevd
    324 root      20   0   23220   5196   3388 S   0.0   0.1   0:00.16 systemd-udevd
    325 root      20   0   23220   5820   3976 S   0.0   0.1   0:00.37 systemd-udevd
    326 root      20   0   23220   5236   3388 S   0.0   0.1   0:00.39 systemd-udevd
    327 root      20   0   23220   5468   3656 S   0.0   0.1   0:00.18 systemd-udevd
    330 root      20   0   23512   5728   3684 S   0.0   0.1   0:00.14 systemd-udevd
    331 root      20   0   24292   5540   2676 S   0.0   0.1   0:00.16 systemd-udevd
    333 root      20   0   23524   5596   3532 S   0.0   0.1   0:00.26 systemd-udevd
    334 root      20   0   23220   5080   3240 S   0.0   0.1   0:00.25 systemd-udevd
    335 root      20   0   23220   4504   2708 S   0.0   0.1   0:00.11 systemd-udevd
    336 root      20   0   23220   4696   2892 S   0.0   0.1   0:00.14 systemd-udevd
    337 root      20   0   23524   5056   2992 S   0.0   0.1   0:00.16 systemd-udevd
    339 root      20   0   23220   4980   3148 S   0.0   0.1   0:00.17 systemd-udevd
    341 root      20   0   23276   5328   3384 S   0.0   0.1   0:00.13 systemd-udevd
    342 root      20   0   23280   5176   3228 S   0.0   0.1   0:00.13 systemd-udevd
    343 root      20   0   23220   5984   4152 S   0.0   0.1   0:00.30 systemd-udevd
    344 root      20   0   23560   6700   4596 S   0.0   0.1   0:00.48 systemd-udevd
    345 root      20   0       0      0      0 S   0.0   0.0   0:00.00 15820000.crypto
    346 root      20   0       0      0      0 S   0.0   0.0   0:00.00 15840000.crypto
    368 root      20   0   23324   5984   4116 S   0.0   0.1   0:00.40 systemd-udevd
    417 root     -51   0       0      0      0 S   0.0   0.0   0:00.00 irq/219-bc00000
    419 root      -2   0       0      0      0 S   0.0   0.0   0:00.00 capture-control
    420 root      -2   0       0      0      0 S   0.0   0.0   0:00.00 capture
    422 root     -51   0       0      0      0 S   0.0   0.0   0:00.00 irq/214-tegra_d
    423 root     -51   0       0      0      0 S   0.0   0.0   0:00.00 irq/215-tegra_d
    424 root       0 -20       0      0      0 I   0.0   0.0   0:00.00 dce-async-ipc-w
    425 root     -51   0       0      0      0 S   0.0   0.0   0:00.00 irq/240-nvvrs-p
    427 root      20   0       0      0      0 S   0.0   0.0   0:00.00 nv_queue
    428 root      20   0       0      0      0 S   0.0   0.0   0:00.00 nv_queue
    483 root     -51   0       0      0      0 S   0.0   0.0   0:00.00 irq/118-3210000
    487 root      20   0       0      0      0 S   0.0   0.0   0:00.00 spi0
    495 root       0 -20       0      0      0 I   0.0   0.0   0:00.00 cfg80211
    497 root     -51   0       0      0      0 S   0.0   0.0   0:00.00 irq/119-3230000
    498 root      20   0       0      0      0 S   0.0   0.0   0:00.00 spi1
    584 root       0 -20       0      0      0 I   0.0   0.0   0:00.00 btfwwork
    650 root      20   0    8236   6424   1432 S   0.0   0.1   0:00.57 haveged
    653 _rpc      20   0    7932   2264   1912 S   0.0   0.0   0:00.02 rpcbind
    659 systemd+  20   0   26320  13580   8496 S   0.0   0.2   0:00.40 systemd-resolve
    662 systemd+  20   0   88880   6332   5484 S   0.0   0.1   0:00.13 systemd-timesyn
    826 avahi     20   0    8084   3108   2752 S   0.0   0.0   0:00.47 avahi-daemon
    827 root      20   0    9888   4552   4112 S   0.0   0.1   0:00.07 bluetoothd
    838 root      20   0   43504  19780  10232 S   0.0   0.3   0:00.15 networkd-dispat
    849 root      20   0  241652   9056   6312 S   0.0   0.1   0:00.40 power-profiles-
    859 root      20   0    2240    796    720 S   0.0   0.0   0:00.00 seatd
    865 root      20   0 2145956  51796  25768 S   0.0   0.7   0:25.63 snapd
    867 root      20   0  242124   7452   6576 S   0.0   0.1   0:01.39 accounts-daemon
    869 root      20   0  238128   6232   5620 S   0.0   0.1   0:00.04 switcheroo-cont
    871 root      20   0   48968   7620   6296 S   0.0   0.1   0:02.44 systemd-logind
    875 root      20   0   16632   9928   8148 S   0.0   0.1   0:00.89 wpa_supplicant
    882 avahi     20   0    7812    356      0 S   0.0   0.0   0:00.00 avahi-daemon
    921 root      30  10   11248   3612   3220 S   0.0   0.0   0:05.59 wifi_mon.sh
    983 root      20   0    2460   1556   1380 S   0.0   0.0   0:05.37 nvfancontrol
   1049 root      20   0       0      0      0 S   0.0   0.0   0:00.00 sw-quiesce
   1052 root      20   0       0      0      0 S   0.0   0.0   0:13.43 nvgpu_channel_p
   1068 root      20   0       0      0      0 S   0.0   0.0   0:00.00 nvgpu_pg_init_g
   1087 root      20   0       0      0      0 S   0.0   0.0   0:00.00 nvgpu_clk_arb_p
   1117 root      20   0       0      0      0 S   0.0   0.0   0:05.07 RTW_CMD_THREAD
   1157 root      20   0   75936   9960   8136 S   0.0   0.1   0:00.01 nvargus-daemon
   1158 root      20   0   11116   3520   3220 S   0.0   0.0   0:00.05 nvmemwarning.sh
   1171 root      20   0   22192   1776   1580 S   0.0   0.0   0:00.00 nvs-service
   1181 ollama    20   0 2006720  39588  20072 S   0.0   0.5   0:00.74 ollama
   1195 root      20   0    2336   1408   1292 S   0.0   0.0   0:01.96 run-cups-browse
   1201 root      20   0    2336   1424   1296 S   0.0   0.0   0:02.02 run-cupsd
   1204 root      20   0       0      0      0 S   0.0   0.0   0:00.00 pr/ramoops-1
   1212 root      20   0 2093080  58448  33576 S   0.0   0.8   0:15.75 containerd
   1239 root      20   0   10772   2824   2576 S   0.0   0.0   0:00.04 cron
   1259 root      20   0  243128   8056   7012 S   0.0   0.1   0:00.02 gdm3
   1263 kernoops  20   0   12812    452      0 S   0.0   0.0   0:00.01 kerneloops
   1290 root      20   0    9468    800    724 S   0.0   0.0   0:00.00 agetty
   1291 kernoops  20   0   12812    452      0 S   0.0   0.0   0:00.01 kerneloops
   1293 root      20   0    9468    804    724 S   0.0   0.0   0:00.00 agetty
   1330 root      20   0  173408   8804   7628 S   0.0   0.1   0:00.02 gdm-session-wor
   1417 root      20   0       0      0      0 S   0.0   0.0   0:00.00 file-storage
   1426 root      20   0   15272   8368   6788 S   0.0   0.1   0:00.48 sshd
   1474 gdm       20   0   18120   9728   7360 S   0.0   0.1   0:00.41 systemd
   1478 root      20   0    3076    992    880 S   0.0   0.0   0:00.00 nvphsd
   1483 root      20   0    3208   1476   1316 S   0.0   0.0   0:00.00 nvphsd
   1497 gdm       20   0  106692   4552      0 S   0.0   0.1   0:00.00 (sd-pam)
   1588 root      20   0 2352492  96592  56580 S   0.0   1.2   0:04.97 dockerd
   1688 gdm        9 -11   41972   6472   5156 S   0.0   0.1   0:00.05 pipewire
   1689 gdm       20   0   25476   6428   5104 S   0.0   0.1   0:00.99 pipewire-media-
   1690 gdm        9 -11  891840  20748  12584 S   0.0   0.3   0:00.76 pulseaudio
   1695 gdm       20   0  163948   5472   4964 S   0.0   0.1   0:00.00 gdm-x-session
   1697 root      20   0   24.2g  80524  35884 S   0.0   1.0   0:01.68 Xorg
   1698 rtkit     21   1  153504   1588   1380 S   0.0   0.0   0:00.21 rtkit-daemon
   1729 gdm       20   0    8840   3600   3212 S   0.0   0.0   0:00.02 dbus-daemon
   1748 root      20   0       0      0      0 S   0.0   0.0   0:00.00 nvidia-modeset/
   1749 root      20   0       0      0      0 S   0.0   0.0   0:00.00 nvidia-modeset/
   1752 root      20   0       0      0      0 S   0.0   0.0   0:00.00 nvidia
   1753 root      20   0       0      0      0 S   0.0   0.0   0:00.00 nv_queue
   1790 root      20   0       0      0      0 S   0.0   0.0   0:00.00 nvidia-drm-nv-t
   1791 root     -51   0       0      0      0 S   0.0   0.0   0:00.00 card1-crtc0
   1792 root     -51   0       0      0      0 S   0.0   0.0   0:00.00 card1-crtc1
   1980 gdm       20   0    5876   1552   1344 S   0.0   0.0   0:00.00 dbus-run-sessio
   1983 gdm       20   0    9108   4440   3588 S   0.0   0.1   0:00.13 dbus-daemon
   2057 gdm       20   0  310068   8976   6272 S   0.0   0.1   0:00.00 at-spi-bus-laun
   2062 gdm       20   0    8692   3556   3168 S   0.0   0.0   0:00.00 dbus-daemon
   2092 gdm       20   0  237676   4964   4528 S   0.0   0.1   0:00.00 xdg-permission-
   2099 root      20   0  243852  10136   6984 S   0.0   0.1   0:00.34 upowerd
   2106 root      20   0  301608  19332  16408 S   0.0   0.2   0:01.05 packagekitd
   2110 gdm       20   0 2812288  25716  20860 S   0.0   0.3   0:00.08 gjs
   2113 gdm       20   0  163144   7196   6428 S   0.0   0.1   0:00.01 at-spi2-registr
   2141 gdm       20   0  468748   9856   7940 S   0.0   0.1   0:01.31 gsd-sharing
   2146 gdm       20   0  338880  14892  12620 S   0.0   0.2   0:00.06 gsd-wacom
   2148 gdm       20   0  451616  18896  16480 S   0.0   0.2   0:00.16 gsd-color
   2150 gdm       20   0  412392  17092  13292 S   0.0   0.2   0:00.04 gsd-keyboard
   2152 gdm       20   0  316864  13188   6244 S   0.0   0.2   0:00.10 ibus-daemon
   2156 gdm       20   0  326124   9848   8488 S   0.0   0.1   0:00.02 gsd-print-notif
   2166 gdm       20   0  242216   6512   5848 S   0.0   0.1   0:00.01 gvfsd
   2168 gdm       20   0  459796   6140   5436 S   0.0   0.1   0:00.39 gsd-rfkill
   2170 gdm       20   0  388312   7432   6528 S   0.0   0.1   0:00.01 gsd-smartcard
   2173 gdm       20   0  380556  16508  12504 S   0.0   0.2   0:00.03 gsd-datetime
   2183 gdm       20   0  864216  20108  17428 S   0.0   0.3   0:00.37 gsd-media-keys
   2184 gdm       20   0  237936   4760   4376 S   0.0   0.1   0:00.01 gsd-screensaver
   2185 gdm       20   0  322096  10392   7320 S   0.0   0.1   0:00.02 gsd-sound
   2186 gdm       20   0  312416   8104   5476 S   0.0   0.1   0:00.01 gsd-a11y-settin
   2193 gdm       20   0  313996   8944   6152 S   0.0   0.1   0:00.64 gsd-housekeepin
   2218 gdm       20   0  347052  12608  10748 S   0.0   0.2   0:00.03 gsd-printer
   2221 gdm       20   0  239040   6576   5948 S   0.0   0.1   0:00.00 ibus-dconf
   2233 gdm       20   0  238936   5920   5488 S   0.0   0.1   0:00.00 ibus-portal
   2263 colord    20   0  247516  14492   8720 S   0.0   0.2   0:00.23 colord
   2285 gdm       20   0 2812300  27868  20904 S   0.0   0.4   0:00.09 gjs
   2349 gdm       20   0  165096   6516   5892 S   0.0   0.1   0:00.01 ibus-engine-sim
   2508 root      20   0  136716  13172   9512 S   0.0   0.2   0:00.61 cupsd
   2522 root      20   0  260792  17940  13508 S   0.0   0.2   0:01.22 cups-browsed
  11687 jetson    20   0   18140   9764   7368 S   0.0   0.1   0:00.32 systemd
  11688 jetson    20   0  172512   4632      0 S   0.0   0.1   0:00.00 (sd-pam)
  11696 jetson    20   0   41976   6552   5228 S   0.0   0.1   0:00.04 pipewire
  11697 jetson    20   0   25484   6724   5388 S   0.0   0.1   0:01.06 pipewire-media-
  11749 jetson    20   0    8888   3620   3232 S   0.0   0.0   0:00.01 dbus-daemon
  12473 root      20   0 1233488  13236   6340 S   0.0   0.2   0:01.96 containerd-shim
  12502 jetson    20   0    5508    792    704 S   0.0   0.0   0:00.20 sleep
  12567 root      20   0   21892   5484   3884 S   0.0   0.1   0:16.81 systemd-udevd
  13234 jetson    20   0  203640  35476  13212 S   0.0   0.5   0:00.75 ros2
  13236 jetson    20   0 2070472  36080  17228 S   0.0   0.5   0:00.55 docker
  13265 root      20   0 1232976  11192   5960 S   0.0   0.1   0:01.40 containerd-shim
  13294 root      20   0   49400  29204  14412 S   0.0   0.4   0:00.40 ros2
  13554 root      20   0   21760   4460   2932 S   0.0   0.1   0:00.03 systemd-udevd
  13555 root      20   0   21760   3352   1860 S   0.0   0.0   0:00.00 systemd-udevd
  13568 root      20   0   21760   3376   1864 S   0.0   0.0   0:00.02 systemd-udevd
  13569 root      20   0   21760   4136   2588 S   0.0   0.1   0:00.06 systemd-udevd
  13570 root      20   0   21764   4492   2960 S   0.0   0.1   0:00.05 systemd-udevd
  13571 root      20   0   21764   4108   2588 S   0.0   0.1   0:00.03 systemd-udevd
  13580 root      20   0   21764   4136   2588 S   0.0   0.1   0:00.04 systemd-udevd
  13581 root      20   0   21764   3708   2180 S   0.0   0.0   0:00.00 systemd-udevd
  13582 root      20   0   21764   4268   2704 S   0.0   0.1   0:00.06 systemd-udevd
  13594 root      20   0   21764   3408   1864 S   0.0   0.0   0:00.01 systemd-udevd
  13595 root      20   0   21764   4012   2468 S   0.0   0.1   0:00.02 systemd-udevd
  33484 root      20   0       0      0      0 I   0.0   0.0   0:12.31 kworker/u12:0-events_unbound
  34263 root      20   0       0      0      0 I   0.0   0.0   0:14.89 kworker/u12:2-events_unbound
  49116 root      20   0       0      0      0 I   0.0   0.0   0:00.64 kworker/0:0-events
  98217 root      20   0  238836   6944   5696 S   0.0   0.1   0:02.20 iio-sensor-prox
 100141 root      20   0       0      0      0 I   0.0   0.0   0:09.70 kworker/u12:6-events_unbound
 149635 root      20   0       0      0      0 I   0.0   0.0   0:00.45 kworker/3:0-events
 199974 root      20   0       0      0      0 I   0.0   0.0   0:05.37 kworker/u12:1-events_unbound
 211464 root      20   0       0      0      0 I   0.0   0.0   0:04.80 kworker/u12:7-events_unbound
 219316 root       0 -20       0      0      0 I   0.0   0.0   0:09.27 kworker/u13:3-uvcvideo
 234404 root      20   0       0      0      0 I   0.0   0.0   0:00.54 kworker/5:0-events
 253037 root      20   0       0      0      0 I   0.0   0.0   0:02.67 kworker/u12:8-events_unbound
 274472 root       0 -20       0      0      0 I   0.0   0.0   0:03.71 kworker/u13:1-uvcvideo
 278878 root      20   0       0      0      0 I   0.0   0.0   0:00.08 kworker/4:2-events
 289098 jetson    20   0  572504  38648  13228 S   0.0   0.5   0:00.94 ros2
 290503 jetson    20   0  129772  34672  13228 S   0.0   0.4   0:00.69 ros2
 295127 root      20   0       0      0      0 I   0.0   0.0   0:00.02 kworker/1:3-cgroup_destroy
 295225 root      20   0       0      0      0 I   0.0   0.0   0:00.00 kworker/3:1-events
 298318 root      20   0       0      0      0 I   0.0   0.0   0:00.00 kworker/4:0-events
 298521 root      20   0       0      0      0 I   0.0   0.0   0:00.00 kworker/5:1-cgroup_destroy
 301519 root      20   0       0      0      0 I   0.0   0.0   0:00.04 kworker/0:1-events
 301563 root      20   0       0      0      0 I   0.0   0.0   0:00.00 kworker/2:0-cgroup_destroy
 301980 jetson    20   0   53568  30336  15004 S   0.0   0.4   0:00.44 ros2
 302359 root       0 -20       0      0      0 I   0.0   0.0   0:01.66 kworker/u13:2-uvcvideo
 303903 jetson    20   0  723188  40064  13216 S   0.0   0.5   0:01.24 ros2
 305476 root      20   0       0      0      0 I   0.0   0.0   0:00.78 kworker/u12:9-events_freezable_power_
 314676 root      20   0       0      0      0 I   0.0   0.0   0:00.00 kworker/5:2-events
 314679 root      20   0       0      0      0 I   0.0   0.0   0:00.00 kworker/2:1-events
 314725 root      20   0       0      0      0 I   0.0   0.0   0:00.00 kworker/0:2
 314862 root      20   0       0      0      0 I   0.0   0.0   0:00.00 kworker/1:0-events
 315002 root      20   0       0      0      0 I   0.0   0.0   0:00.00 kworker/2:2
 316431 root      20   0    9436    772    692 S   0.0   0.0   0:00.00 sleep
 316651 root      20   0       0      0      0 I   0.0   0.0   0:00.01 kworker/3:2-events
 316919 jetson    20   0   11248   3308   2868 S   0.0   0.0   0:00.03 bash
 318628 root      30  10    9436    776    700 S   0.0   0.0   0:00.00 sleep
 318996 jetson    20   0   11248   3304   2868 S   0.0   0.0   0:00.01 bash
 319246 jetson    20   0    9480    820    736 S   0.0   0.0   0:00.00 tail

top - 13:48:06 up  4:11,  0 users,  load average: 6.33, 5.20, 5.27
Tasks: 349 total,   4 running, 345 sleeping,   0 stopped,   0 zombie
%Cpu(s): 50.2 us, 25.0 sy,  0.0 ni, 17.4 id,  0.0 wa,  2.6 hi,  4.7 si,  0.0 st
MiB Mem :   7607.4 total,   2806.6 free,   1983.1 used,   2817.6 buff/cache
MiB Swap:   3803.7 total,   3803.7 free,      0.0 used.   5326.4 avail Mem 

    PID USER      PR  NI    VIRT    RES    SHR S  %CPU  %MEM     TIME+ COMMAND
  13320 root      20   0 1300240  43632  11392 S  72.8   0.6  17:27.90 micro_ros_agent
 319245 jetson    20   0  747828  65344  27860 R  64.4   0.8   0:01.42 python3
 289467 jetson    20   0  709004  62292  27276 R  31.2   0.8   4:45.60 python3
 301995 jetson    20   0 9350900 403532  85056 S  25.2   5.2   1:19.53 nvblox_node
 319047 jetson    20   0  764356  55844  25376 S  23.8   0.7   0:01.86 ros2
 289113 jetson    20   0 1748412 107168  51312 S  18.3   1.4   1:54.81 realsense2_came
 289115 jetson    20   0  710828  66420  27276 R  18.3   0.9   2:11.81 python3
 289117 jetson    20   0  432948  28320  14224 S  16.3   0.4   2:09.84 rplidar_node
 303953 jetson    20   0  457244  46396  26216 S  15.8   0.6   0:40.95 bt_navigator
 289121 jetson    20   0 1082820  58452  26356 S  15.3   0.8   0:30.55 foxglove_bridge
 303945 jetson    20   0  889552  46084  23468 S  15.3   0.6   0:45.91 controller_serv
 303985 jetson    20   0  577392  31576  16252 S  14.9   0.4   0:47.60 lifecycle_manag
 303949 jetson    20   0 1127568  90240  42704 S  14.4   1.2   0:47.35 planner_server
 289119 jetson    20   0  707976  63344  27388 S  12.9   0.8   1:12.69 python3
 289469 jetson    20   0  506204  34000  18400 S  12.9   0.4   1:32.31 ekf_node
 303951 jetson    20   0  516316  35092  21016 S  11.9   0.5   0:33.04 behavior_server
 303947 jetson    20   0  582488  32196  18848 S   9.9   0.4   0:27.99 smoother_server
 303943 jetson    20   0  709520  63904  27336 S   8.9   0.8   0:20.68 python3
 303955 jetson    20   0  431300  29232  17008 S   8.9   0.4   0:23.21 waypoint_follow
 290529 jetson    20   0  903240  50844  24060 S   8.4   0.7   0:32.31 async_slam_tool
 303973 jetson    20   0  428560  27816  15960 S   7.9   0.4   0:23.37 velocity_smooth
  11931 jetson    20   0  706564  62076  26432 S   5.9   0.8   1:20.04 python3
  13238 jetson    20   0  428384  31060  15828 S   5.9   0.4   1:22.35 robot_state_pub
 319048 jetson    20   0   14344   3368   2772 R   1.0   0.0   0:00.08 top
     30 root      20   0       0      0      0 S   0.5   0.0   0:00.78 ksoftirqd/3
    312 root      20   0   23732   6316   4080 S   0.5   0.1   0:17.81 systemd-udevd
    904 root      rt   0       0      0      0 S   0.5   0.0   1:03.91 sugov:0
    921 root      30  10   11248   3612   3220 S   0.5   0.0   0:05.60 wifi_mon.sh
  90870 root      20   0       0      0      0 I   0.5   0.0   0:11.73 kworker/u12:11-events_freezable_power_
 205195 root       0 -20       0      0      0 I   0.5   0.0   0:09.93 kworker/u13:0-uvcvideo
 211464 root      20   0       0      0      0 I   0.5   0.0   0:04.81 kworker/u12:7-events_freezable_power_
 234404 root      20   0       0      0      0 I   0.5   0.0   0:00.55 kworker/5:0-events
 251138 root      20   0       0      0      0 I   0.5   0.0   0:02.49 kworker/u12:4-events_unbound
 274472 root       0 -20       0      0      0 I   0.5   0.0   0:03.72 kworker/u13:1-uvcvideo
 278878 root      20   0       0      0      0 I   0.5   0.0   0:00.09 kworker/4:2-events
 284193 root      20   0       0      0      0 I   0.5   0.0   0:01.54 kworker/u12:3-events_unbound
      1 root      20   0  167628  11768   7448 S   0.0   0.2   0:20.32 systemd
      2 root      20   0       0      0      0 S   0.0   0.0   0:00.02 kthreadd
      3 root       0 -20       0      0      0 I   0.0   0.0   0:00.00 rcu_gp
      4 root       0 -20       0      0      0 I   0.0   0.0   0:00.00 rcu_par_gp
      5 root       0 -20       0      0      0 I   0.0   0.0   0:00.00 slub_flushwq
      6 root       0 -20       0      0      0 I   0.0   0.0   0:00.00 netns
      8 root       0 -20       0      0      0 I   0.0   0.0   0:00.00 kworker/0:0H-events_highpri
     10 root       0 -20       0      0      0 I   0.0   0.0   0:00.00 mm_percpu_wq
     11 root      20   0       0      0      0 S   0.0   0.0   0:00.00 rcu_tasks_kthre
     12 root      20   0       0      0      0 S   0.0   0.0   0:00.00 rcu_tasks_rude_
     13 root      20   0       0      0      0 S   0.0   0.0   0:00.00 rcu_tasks_trace
     14 root      20   0       0      0      0 S   0.0   0.0   0:13.40 ksoftirqd/0
     15 root      20   0       0      0      0 I   0.0   0.0   0:05.82 rcu_preempt
     16 root      rt   0       0      0      0 S   0.0   0.0   0:00.01 migration/0
     17 root      20   0       0      0      0 S   0.0   0.0   0:00.00 cpuhp/0
     18 root      20   0       0      0      0 S   0.0   0.0   0:00.00 cpuhp/1
     19 root      rt   0       0      0      0 S   0.0   0.0   0:00.01 migration/1
     20 root      20   0       0      0      0 S   0.0   0.0   0:00.83 ksoftirqd/1
     22 root       0 -20       0      0      0 I   0.0   0.0   0:00.00 kworker/1:0H-events_highpri
     23 root      20   0       0      0      0 S   0.0   0.0   0:00.00 cpuhp/2
     24 root      rt   0       0      0      0 S   0.0   0.0   0:00.00 migration/2
     25 root      20   0       0      0      0 S   0.0   0.0   0:00.83 ksoftirqd/2
     27 root       0 -20       0      0      0 I   0.0   0.0   0:00.00 kworker/2:0H-events_highpri
     28 root      20   0       0      0      0 S   0.0   0.0   0:00.00 cpuhp/3
     29 root      rt   0       0      0      0 S   0.0   0.0   0:00.00 migration/3
     32 root       0 -20       0      0      0 I   0.0   0.0   0:00.00 kworker/3:0H-events_highpri
     33 root      20   0       0      0      0 S   0.0   0.0   0:00.00 cpuhp/4
     34 root      rt   0       0      0      0 S   0.0   0.0   0:00.03 migration/4
     35 root      20   0       0      0      0 S   0.0   0.0   0:00.58 ksoftirqd/4
     37 root       0 -20       0      0      0 I   0.0   0.0   0:00.00 kworker/4:0H-kblockd
     38 root      20   0       0      0      0 S   0.0   0.0   0:00.00 cpuhp/5
     39 root      rt   0       0      0      0 S   0.0   0.0   0:00.03 migration/5
     40 root      20   0       0      0      0 S   0.0   0.0   0:00.59 ksoftirqd/5
     42 root       0 -20       0      0      0 I   0.0   0.0   0:00.00 kworker/5:0H-events_highpri
     43 root      20   0       0      0      0 S   0.0   0.0   0:00.01 kdevtmpfs
     44 root       0 -20       0      0      0 I   0.0   0.0   0:00.00 inet_frag_wq
     51 root      20   0       0      0      0 S   0.0   0.0   0:00.00 kauditd
     52 root      20   0       0      0      0 S   0.0   0.0   0:00.00 oom_reaper
     53 root       0 -20       0      0      0 I   0.0   0.0   0:00.00 writeback
     54 root      20   0       0      0      0 S   0.0   0.0   0:00.12 kcompactd0
     55 root      25   5       0      0      0 S   0.0   0.0   0:00.00 ksmd
     56 root      39  19       0      0      0 S   0.0   0.0   0:01.26 khugepaged
     67 root       0 -20       0      0      0 I   0.0   0.0   0:00.00 cryptd
     86 root       0 -20       0      0      0 I   0.0   0.0   0:00.00 kintegrityd
     87 root       0 -20       0      0      0 I   0.0   0.0   0:00.00 kblockd
     88 root       0 -20       0      0      0 I   0.0   0.0   0:00.00 blkcg_punt_bio
     89 root       0 -20       0      0      0 I   0.0   0.0   0:00.00 tpm_dev_wq
     90 root       0 -20       0      0      0 I   0.0   0.0   0:00.00 ata_sff
     91 root       0 -20       0      0      0 I   0.0   0.0   0:00.00 edac-poller
     92 root       0 -20       0      0      0 I   0.0   0.0   0:00.00 devfreq_wq
     93 root     -51   0       0      0      0 S   0.0   0.0   0:00.00 watchdogd
     96 root       0 -20       0      0      0 I   0.0   0.0   0:00.05 kworker/1:1H-kblockd
     97 root       0 -20       0      0      0 I   0.0   0.0   0:00.00 rpciod
     99 root       0 -20       0      0      0 I   0.0   0.0   0:00.00 xprtiod
    127 root      20   0       0      0      0 S   0.0   0.0   0:00.00 kswapd0
    128 root       0 -20       0      0      0 I   0.0   0.0   0:00.00 nfsiod
    132 root       0 -20       0      0      0 I   0.0   0.0   0:00.00 vfio-irqfd-clea
    133 root       0 -20       0      0      0 I   0.0   0.0   0:00.00 bch_btree_io
    134 root       0 -20       0      0      0 I   0.0   0.0   0:00.00 bcache
    135 root       0 -20       0      0      0 I   0.0   0.0   0:00.00 bch_journal
    136 root       0 -20       0      0      0 I   0.0   0.0   0:00.00 dm_bufio_cache
    137 root      20   0       0      0      0 I   0.0   0.0   0:01.56 kworker/1:2-events
    139 root      20   0       0      0      0 I   0.0   0.0   0:00.99 kworker/2:3-events
    140 root      10 -10       0      0      0 S   0.0   0.0   0:00.00 krfcommd
    141 root      20   0       0      0      0 S   0.0   0.0   0:00.01 pr/tty0
    142 root      20   0       0      0      0 S   0.0   0.0   0:03.05 pr/ttyTCU0
    145 root     -51   0       0      0      0 S   0.0   0.0   0:00.00 irq/114-3160000
    147 root     -51   0       0      0      0 S   0.0   0.0   0:00.00 irq/115-3180000
    149 root     -51   0       0      0      0 S   0.0   0.0   0:00.00 irq/116-31b0000
    150 root     -51   0       0      0      0 S   0.0   0.0   0:00.02 irq/167-c240000
    151 root     -51   0       0      0      0 S   0.0   0.0   0:00.00 irq/168-c250000
    152 root     -51   0       0      0      0 S   0.0   0.0   0:00.00 irq/125-3610000
    153 root     -51   0       0      0      0 S   0.0   0.0   0:00.00 irq/122-3610000
    155 root       0 -20       0      0      0 I   0.0   0.0   0:00.00 sdhci
    156 root     -51   0       0      0      0 S   0.0   0.0   0:00.00 irq/120-mmc0
    157 root     -51   0       0      0      0 S   0.0   0.0   0:00.00 irq/230-3400000
    174 root       0 -20       0      0      0 I   0.0   0.0   0:00.05 kworker/3:1H-kblockd
    180 root     -51   0       0      0      0 S   0.0   0.0   0:00.00 irq/191-tegra-p
    181 root       0 -20       0      0      0 I   0.0   0.0   0:00.00 nvme-wq
    182 root       0 -20       0      0      0 I   0.0   0.0   0:00.00 nvme-reset-wq
    183 root       0 -20       0      0      0 I   0.0   0.0   0:00.00 nvme-delete-wq
    192 root     -51   0       0      0      0 S   0.0   0.0   0:00.00 irq/191-aerdrv
    193 root     -51   0       0      0      0 S   0.0   0.0   0:00.00 irq/193-tegra-p
    196 root     -51   0       0      0      0 S   0.0   0.0   0:00.00 irq/193-aerdrv
    197 root     -51   0       0      0      0 S   0.0   0.0   0:00.00 irq/195-tegra-p
    199 root     -51   0       0      0      0 S   0.0   0.0   0:00.00 irq/232-nvme0q0
    200 root     -51   0       0      0      0 S   0.0   0.0   0:00.25 irq/233-nvme0q1
    201 root     -51   0       0      0      0 S   0.0   0.0   0:00.29 irq/234-nvme0q2
    202 root     -51   0       0      0      0 S   0.0   0.0   0:00.43 irq/235-nvme0q3
    203 root     -51   0       0      0      0 S   0.0   0.0   0:00.54 irq/236-nvme0q4
    204 root     -51   0       0      0      0 S   0.0   0.0   0:00.13 irq/237-nvme0q5
    205 root     -51   0       0      0      0 S   0.0   0.0   0:00.09 irq/238-nvme0q6
    211 root       0 -20       0      0      0 I   0.0   0.0   0:00.05 kworker/4:1H-kblockd
    212 root      20   0       0      0      0 S   0.0   0.0   0:00.88 jbd2/nvme0n1p1-
    213 root       0 -20       0      0      0 I   0.0   0.0   0:00.00 ext4-rsv-conver
    222 root       0 -20       0      0      0 I   0.0   0.0   0:00.00 mld
    223 root       0 -20       0      0      0 I   0.0   0.0   0:00.03 kworker/0:1H-kblockd
    224 root       0 -20       0      0      0 I   0.0   0.0   0:00.00 ipv6_addrconf
    256 root      19  -1   40648  14960  13348 S   0.0   0.2   0:17.92 systemd-journal
    278 root       0 -20       0      0      0 I   0.0   0.0   0:00.07 kworker/2:1H-kblockd
    280 root      39  19       0      0      0 S   0.0   0.0   0:00.48 nvmap-bz
    281 root     -51   0       0      0      0 S   0.0   0.0   0:00.00 irq/188-host1x_
    285 root     -51   0       0      0      0 S   0.0   0.0   0:00.00 irq/197-gk20a_s
    286 root     -51   0       0      0      0 S   0.0   0.0   0:00.01 irq/198-gk20a_s
    287 root     -51   0       0      0      0 S   0.0   0.0   0:00.01 irq/199-gk20a_s
    288 root     -51   0       0      0      0 S   0.0   0.0   0:00.00 irq/200-gk20a_n
    291 root       0 -20       0      0      0 I   0.0   0.0   0:00.04 kworker/5:1H-kblockd
    295 root      20   0   11116   3460   3204 S   0.0   0.0   0:00.00 nv-tee-supplica
    299 root      20   0   76588   1360   1248 S   0.0   0.0   0:00.01 tee-supplicant
    301 root       0 -20       0      0      0 I   0.0   0.0   0:00.00 optee_bus_scan
    303 root     -51   0       0      0      0 S   0.0   0.0   0:00.00 irq/189-tegra-p
    313 root     -51   0       0      0      0 S   0.0   0.0   0:00.00 irq/189-aerdrv
    314 root      20   0   23216   5812   3992 S   0.0   0.1   0:00.38 systemd-udevd
    315 root      20   0   23216   5020   3248 S   0.0   0.1   0:00.15 systemd-udevd
    316 root      20   0   23268   6224   4288 S   0.0   0.1   0:00.16 systemd-udevd
    317 root      20   0   23220   4364   2600 S   0.0   0.1   0:00.11 systemd-udevd
    318 root      20   0   23216   4480   2672 S   0.0   0.1   0:00.12 systemd-udevd
    319 root      20   0   23212   5812   3980 S   0.0   0.1   0:00.28 systemd-udevd
    320 root      20   0   23264   4688   2764 S   0.0   0.1   0:00.13 systemd-udevd
    321 root      20   0   23268   5072   3136 S   0.0   0.1   0:00.18 systemd-udevd
    322 root      20   0   23524   5520   3456 S   0.0   0.1   0:00.26 systemd-udevd
    323 root      20   0   23216   6280   4444 S   0.0   0.1   0:00.37 systemd-udevd
    324 root      20   0   23220   5196   3388 S   0.0   0.1   0:00.16 systemd-udevd
    325 root      20   0   23220   5820   3976 S   0.0   0.1   0:00.37 systemd-udevd
    326 root      20   0   23220   5236   3388 S   0.0   0.1   0:00.39 systemd-udevd
    327 root      20   0   23220   5468   3656 S   0.0   0.1   0:00.18 systemd-udevd
    330 root      20   0   23512   5728   3684 S   0.0   0.1   0:00.14 systemd-udevd
    331 root      20   0   24292   5540   2676 S   0.0   0.1   0:00.16 systemd-udevd
    333 root      20   0   23524   5596   3532 S   0.0   0.1   0:00.26 systemd-udevd
    334 root      20   0   23220   5080   3240 S   0.0   0.1   0:00.25 systemd-udevd
    335 root      20   0   23220   4504   2708 S   0.0   0.1   0:00.11 systemd-udevd
    336 root      20   0   23220   4696   2892 S   0.0   0.1   0:00.14 systemd-udevd
    337 root      20   0   23524   5056   2992 S   0.0   0.1   0:00.16 systemd-udevd
    339 root      20   0   23220   4980   3148 S   0.0   0.1   0:00.17 systemd-udevd
    340 root      20   0   23544   6732   4608 S   0.0   0.1   0:59.99 systemd-udevd
    341 root      20   0   23276   5328   3384 S   0.0   0.1   0:00.13 systemd-udevd
    342 root      20   0   23280   5176   3228 S   0.0   0.1   0:00.13 systemd-udevd
    343 root      20   0   23220   5984   4152 S   0.0   0.1   0:00.30 systemd-udevd
    344 root      20   0   23560   6700   4596 S   0.0   0.1   0:00.48 systemd-udevd
    345 root      20   0       0      0      0 S   0.0   0.0   0:00.00 15820000.crypto
    346 root      20   0       0      0      0 S   0.0   0.0   0:00.00 15840000.crypto
    368 root      20   0   23324   5984   4116 S   0.0   0.1   0:00.40 systemd-udevd
    417 root     -51   0       0      0      0 S   0.0   0.0   0:00.00 irq/219-bc00000
    419 root      -2   0       0      0      0 S   0.0   0.0   0:00.00 capture-control
    420 root      -2   0       0      0      0 S   0.0   0.0   0:00.00 capture
    422 root     -51   0       0      0      0 S   0.0   0.0   0:00.00 irq/214-tegra_d
    423 root     -51   0       0      0      0 S   0.0   0.0   0:00.00 irq/215-tegra_d
    424 root       0 -20       0      0      0 I   0.0   0.0   0:00.00 dce-async-ipc-w
    425 root     -51   0       0      0      0 S   0.0   0.0   0:00.00 irq/240-nvvrs-p
    427 root      20   0       0      0      0 S   0.0   0.0   0:00.00 nv_queue
    428 root      20   0       0      0      0 S   0.0   0.0   0:00.00 nv_queue
    483 root     -51   0       0      0      0 S   0.0   0.0   0:00.00 irq/118-3210000
    487 root      20   0       0      0      0 S   0.0   0.0   0:00.00 spi0
    495 root       0 -20       0      0      0 I   0.0   0.0   0:00.00 cfg80211
    497 root     -51   0       0      0      0 S   0.0   0.0   0:00.00 irq/119-3230000
    498 root      20   0       0      0      0 S   0.0   0.0   0:00.00 spi1
    584 root       0 -20       0      0      0 I   0.0   0.0   0:00.00 btfwwork
    650 root      20   0    8236   6424   1432 S   0.0   0.1   0:00.57 haveged
    653 _rpc      20   0    7932   2264   1912 S   0.0   0.0   0:00.02 rpcbind
    659 systemd+  20   0   26320  13580   8496 S   0.0   0.2   0:00.40 systemd-resolve
    662 systemd+  20   0   88880   6332   5484 S   0.0   0.1   0:00.13 systemd-timesyn
    826 avahi     20   0    8084   3108   2752 S   0.0   0.0   0:00.47 avahi-daemon
    827 root      20   0    9888   4552   4112 S   0.0   0.1   0:00.07 bluetoothd
    828 message+  20   0   10496   5632   3584 S   0.0   0.1   0:27.99 dbus-daemon
    829 root      20   0  264752  18684  14872 S   0.0   0.2   0:25.32 NetworkManager
    838 root      20   0   43504  19780  10232 S   0.0   0.3   0:00.15 networkd-dispat
    849 root      20   0  241652   9056   6312 S   0.0   0.1   0:00.40 power-profiles-
    854 syslog    20   0  222160   5012   3672 S   0.0   0.1   0:03.49 rsyslogd
    859 root      20   0    2240    796    720 S   0.0   0.0   0:00.00 seatd
    865 root      20   0 2145956  51796  25768 S   0.0   0.7   0:25.63 snapd
    867 root      20   0  242124   7452   6576 S   0.0   0.1   0:01.39 accounts-daemon
    869 root      20   0  238128   6232   5620 S   0.0   0.1   0:00.04 switcheroo-cont
    871 root      20   0   48968   7620   6296 S   0.0   0.1   0:02.44 systemd-logind
    874 root      20   0  394188  13988   9476 S   0.0   0.2   0:00.82 udisksd
    875 root      20   0   16632   9928   8148 S   0.0   0.1   0:00.89 wpa_supplicant
    882 avahi     20   0    7812    356      0 S   0.0   0.0   0:00.00 avahi-daemon
    909 root      rt   0       0      0      0 S   0.0   0.0   0:30.20 sugov:4
    969 root      20   0  237044  10468   6400 S   0.0   0.1   2:01.53 polkitd
    983 root      20   0    2460   1556   1380 S   0.0   0.0   0:05.37 nvfancontrol
   1049 root      20   0       0      0      0 S   0.0   0.0   0:00.00 sw-quiesce
   1052 root      20   0       0      0      0 S   0.0   0.0   0:13.43 nvgpu_channel_p
   1068 root      20   0       0      0      0 S   0.0   0.0   0:00.00 nvgpu_pg_init_g
   1087 root      20   0       0      0      0 S   0.0   0.0   0:00.00 nvgpu_clk_arb_p
   1117 root      20   0       0      0      0 S   0.0   0.0   0:05.07 RTW_CMD_THREAD
   1157 root      20   0   75936   9960   8136 S   0.0   0.1   0:00.01 nvargus-daemon
   1158 root      20   0   11116   3520   3220 S   0.0   0.0   0:00.05 nvmemwarning.sh
   1171 root      20   0   22192   1776   1580 S   0.0   0.0   0:00.00 nvs-service
   1181 ollama    20   0 2006720  39588  20072 S   0.0   0.5   0:00.74 ollama
   1195 root      20   0    2336   1408   1292 S   0.0   0.0   0:01.96 run-cups-browse
   1201 root      20   0    2336   1424   1296 S   0.0   0.0   0:02.02 run-cupsd
   1204 root      20   0       0      0      0 S   0.0   0.0   0:00.00 pr/ramoops-1
   1212 root      20   0 2093080  58448  33576 S   0.0   0.8   0:15.75 containerd
   1239 root      20   0   10772   2824   2576 S   0.0   0.0   0:00.04 cron
   1259 root      20   0  243128   8056   7012 S   0.0   0.1   0:00.02 gdm3
   1263 kernoops  20   0   12812    452      0 S   0.0   0.0   0:00.01 kerneloops
   1290 root      20   0    9468    800    724 S   0.0   0.0   0:00.00 agetty
   1291 kernoops  20   0   12812    452      0 S   0.0   0.0   0:00.01 kerneloops
   1293 root      20   0    9468    804    724 S   0.0   0.0   0:00.00 agetty
   1330 root      20   0  173408   8804   7628 S   0.0   0.1   0:00.02 gdm-session-wor
   1417 root      20   0       0      0      0 S   0.0   0.0   0:00.00 file-storage
   1426 root      20   0   15272   8368   6788 S   0.0   0.1   0:00.48 sshd
   1474 gdm       20   0   18120   9728   7360 S   0.0   0.1   0:00.41 systemd
   1478 root      20   0    3076    992    880 S   0.0   0.0   0:00.00 nvphsd
   1483 root      20   0    3208   1476   1316 S   0.0   0.0   0:00.00 nvphsd
   1497 gdm       20   0  106692   4552      0 S   0.0   0.1   0:00.00 (sd-pam)
   1588 root      20   0 2352492  96592  56580 S   0.0   1.2   0:04.97 dockerd
   1688 gdm        9 -11   41972   6472   5156 S   0.0   0.1   0:00.05 pipewire
   1689 gdm       20   0   25476   6428   5104 S   0.0   0.1   0:00.99 pipewire-media-
   1690 gdm        9 -11  891840  20748  12584 S   0.0   0.3   0:00.76 pulseaudio
   1695 gdm       20   0  163948   5472   4964 S   0.0   0.1   0:00.00 gdm-x-session
   1697 root      20   0   24.2g  80524  35884 S   0.0   1.0   0:01.68 Xorg
   1698 rtkit     21   1  153504   1588   1380 S   0.0   0.0   0:00.21 rtkit-daemon
   1729 gdm       20   0    8840   3600   3212 S   0.0   0.0   0:00.02 dbus-daemon
   1748 root      20   0       0      0      0 S   0.0   0.0   0:00.00 nvidia-modeset/
   1749 root      20   0       0      0      0 S   0.0   0.0   0:00.00 nvidia-modeset/
   1752 root      20   0       0      0      0 S   0.0   0.0   0:00.00 nvidia
   1753 root      20   0       0      0      0 S   0.0   0.0   0:00.00 nv_queue
   1790 root      20   0       0      0      0 S   0.0   0.0   0:00.00 nvidia-drm-nv-t
   1791 root     -51   0       0      0      0 S   0.0   0.0   0:00.00 card1-crtc0
   1792 root     -51   0       0      0      0 S   0.0   0.0   0:00.00 card1-crtc1
   1980 gdm       20   0    5876   1552   1344 S   0.0   0.0   0:00.00 dbus-run-sessio
   1983 gdm       20   0    9108   4440   3588 S   0.0   0.1   0:00.13 dbus-daemon
   2035 gdm       20   0  597840  17824  12972 S   0.0   0.2   0:00.72 gnome-session-b
   2057 gdm       20   0  310068   8976   6272 S   0.0   0.1   0:00.00 at-spi-bus-laun
   2062 gdm       20   0    8692   3556   3168 S   0.0   0.0   0:00.00 dbus-daemon
   2071 gdm       20   0 3471500 137252  73260 S   0.0   1.8   0:31.24 gnome-shell
   2092 gdm       20   0  237676   4964   4528 S   0.0   0.1   0:00.00 xdg-permission-
   2099 root      20   0  243852  10136   6984 S   0.0   0.1   0:00.34 upowerd
   2106 root      20   0  301608  19332  16408 S   0.0   0.2   0:01.05 packagekitd
   2110 gdm       20   0 2812288  25716  20860 S   0.0   0.3   0:00.08 gjs
   2113 gdm       20   0  163144   7196   6428 S   0.0   0.1   0:00.01 at-spi2-registr
   2141 gdm       20   0  468748   9856   7940 S   0.0   0.1   0:01.31 gsd-sharing
   2146 gdm       20   0  338880  14892  12620 S   0.0   0.2   0:00.06 gsd-wacom
   2148 gdm       20   0  451616  18896  16480 S   0.0   0.2   0:00.16 gsd-color
   2150 gdm       20   0  412392  17092  13292 S   0.0   0.2   0:00.04 gsd-keyboard
   2152 gdm       20   0  316864  13188   6244 S   0.0   0.2   0:00.10 ibus-daemon
   2156 gdm       20   0  326124   9848   8488 S   0.0   0.1   0:00.02 gsd-print-notif
   2166 gdm       20   0  242216   6512   5848 S   0.0   0.1   0:00.01 gvfsd
   2168 gdm       20   0  459796   6140   5436 S   0.0   0.1   0:00.39 gsd-rfkill
   2170 gdm       20   0  388312   7432   6528 S   0.0   0.1   0:00.01 gsd-smartcard
   2173 gdm       20   0  380556  16508  12504 S   0.0   0.2   0:00.03 gsd-datetime
   2183 gdm       20   0  864216  20108  17428 S   0.0   0.3   0:00.37 gsd-media-keys
   2184 gdm       20   0  237936   4760   4376 S   0.0   0.1   0:00.01 gsd-screensaver
   2185 gdm       20   0  322096  10392   7320 S   0.0   0.1   0:00.02 gsd-sound
   2186 gdm       20   0  312416   8104   5476 S   0.0   0.1   0:00.01 gsd-a11y-settin
   2193 gdm       20   0  313996   8944   6152 S   0.0   0.1   0:00.64 gsd-housekeepin
   2195 gdm       20   0  450004  20288  15904 S   0.0   0.3   0:00.37 gsd-power
   2218 gdm       20   0  347052  12608  10748 S   0.0   0.2   0:00.03 gsd-printer
   2221 gdm       20   0  239040   6576   5948 S   0.0   0.1   0:00.00 ibus-dconf
   2233 gdm       20   0  238936   5920   5488 S   0.0   0.1   0:00.00 ibus-portal
   2263 colord    20   0  247516  14492   8720 S   0.0   0.2   0:00.23 colord
   2285 gdm       20   0 2812300  27868  20904 S   0.0   0.4   0:00.09 gjs
   2349 gdm       20   0  165096   6516   5892 S   0.0   0.1   0:00.01 ibus-engine-sim
   2508 root      20   0  136716  13172   9512 S   0.0   0.2   0:00.61 cupsd
   2522 root      20   0  260792  17940  13508 S   0.0   0.2   0:01.22 cups-browsed
  11687 jetson    20   0   18140   9764   7368 S   0.0   0.1   0:00.32 systemd
  11688 jetson    20   0  172512   4632      0 S   0.0   0.1   0:00.00 (sd-pam)
  11696 jetson    20   0   41976   6552   5228 S   0.0   0.1   0:00.04 pipewire
  11697 jetson    20   0   25484   6724   5388 S   0.0   0.1   0:01.06 pipewire-media-
  11749 jetson    20   0    8888   3620   3232 S   0.0   0.0   0:00.01 dbus-daemon
  12473 root      20   0 1233488  13236   6340 S   0.0   0.2   0:01.96 containerd-shim
  12502 jetson    20   0    5508    792    704 S   0.0   0.0   0:00.20 sleep
  12567 root      20   0   21892   5484   3884 S   0.0   0.1   0:16.81 systemd-udevd
  12575 root      20   0   21760   4536   2952 S   0.0   0.1   0:34.23 systemd-udevd
  13234 jetson    20   0  203640  35476  13212 S   0.0   0.5   0:00.75 ros2
  13236 jetson    20   0 2070472  36080  17228 S   0.0   0.5   0:00.55 docker
  13265 root      20   0 1232976  11192   5960 S   0.0   0.1   0:01.40 containerd-shim
  13294 root      20   0   49400  29204  14412 S   0.0   0.4   0:00.40 ros2
  13554 root      20   0   21760   4460   2932 S   0.0   0.1   0:00.03 systemd-udevd
  13555 root      20   0   21760   3352   1860 S   0.0   0.0   0:00.00 systemd-udevd
  13568 root      20   0   21760   3376   1864 S   0.0   0.0   0:00.02 systemd-udevd
  13569 root      20   0   21760   4136   2588 S   0.0   0.1   0:00.06 systemd-udevd
  13570 root      20   0   21764   4492   2960 S   0.0   0.1   0:00.05 systemd-udevd
  13571 root      20   0   21764   4108   2588 S   0.0   0.1   0:00.03 systemd-udevd
  13580 root      20   0   21764   4136   2588 S   0.0   0.1   0:00.04 systemd-udevd
  13581 root      20   0   21764   3708   2180 S   0.0   0.0   0:00.00 systemd-udevd
  13582 root      20   0   21764   4268   2704 S   0.0   0.1   0:00.06 systemd-udevd
  13594 root      20   0   21764   3408   1864 S   0.0   0.0   0:00.01 systemd-udevd
  13595 root      20   0   21764   4012   2468 S   0.0   0.1   0:00.02 systemd-udevd
  33484 root      20   0       0      0      0 I   0.0   0.0   0:12.31 kworker/u12:0-events_freezable_power_
  34263 root      20   0       0      0      0 I   0.0   0.0   0:14.89 kworker/u12:2-events_freezable_power_
  49116 root      20   0       0      0      0 I   0.0   0.0   0:00.64 kworker/0:0-events
  98217 root      20   0  238836   6944   5696 S   0.0   0.1   0:02.20 iio-sensor-prox
 100141 root      20   0       0      0      0 I   0.0   0.0   0:09.70 kworker/u12:6-events_unbound
 149635 root      20   0       0      0      0 I   0.0   0.0   0:00.45 kworker/3:0-events
 199974 root      20   0       0      0      0 I   0.0   0.0   0:05.37 kworker/u12:1-events_unbound
 219316 root       0 -20       0      0      0 I   0.0   0.0   0:09.27 kworker/u13:3-uvcvideo
 253037 root      20   0       0      0      0 I   0.0   0.0   0:02.67 kworker/u12:8-events_freezable_power_
 271538 root      20   0  410228  41960  21380 S   0.0   0.5   0:01.38 fwupd
 289098 jetson    20   0  572504  38648  13228 S   0.0   0.5   0:00.94 ros2
 290503 jetson    20   0  129772  34672  13228 S   0.0   0.4   0:00.69 ros2
 295127 root      20   0       0      0      0 I   0.0   0.0   0:00.02 kworker/1:3-cgroup_destroy
 295225 root      20   0       0      0      0 I   0.0   0.0   0:00.00 kworker/3:1-events
 298318 root      20   0       0      0      0 I   0.0   0.0   0:00.00 kworker/4:0-events
 298521 root      20   0       0      0      0 I   0.0   0.0   0:00.00 kworker/5:1-cgroup_destroy
 301519 root      20   0       0      0      0 I   0.0   0.0   0:00.04 kworker/0:1-events
 301563 root      20   0       0      0      0 I   0.0   0.0   0:00.00 kworker/2:0-cgroup_destroy
 301980 jetson    20   0   53568  30336  15004 S   0.0   0.4   0:00.44 ros2
 302359 root       0 -20       0      0      0 I   0.0   0.0   0:01.66 kworker/u13:2-uvcvideo
 303903 jetson    20   0  723188  40064  13216 S   0.0   0.5   0:01.24 ros2
 305476 root      20   0       0      0      0 I   0.0   0.0   0:00.78 kworker/u12:9-events_freezable_power_
 314676 root      20   0       0      0      0 I   0.0   0.0   0:00.00 kworker/5:2-events
 314679 root      20   0       0      0      0 I   0.0   0.0   0:00.00 kworker/2:1-events
 314725 root      20   0       0      0      0 I   0.0   0.0   0:00.00 kworker/0:2
 314862 root      20   0       0      0      0 I   0.0   0.0   0:00.00 kworker/1:0-events
 315002 root      20   0       0      0      0 I   0.0   0.0   0:00.00 kworker/2:2
 316431 root      20   0    9436    772    692 S   0.0   0.0   0:00.00 sleep
 316651 root      20   0       0      0      0 I   0.0   0.0   0:00.01 kworker/3:2-events
 316919 jetson    20   0   11248   3308   2868 S   0.0   0.0   0:00.03 bash
 318996 jetson    20   0   11248   3304   2868 S   0.0   0.0   0:00.01 bash
 319049 jetson    20   0    2872    896    800 S   0.0   0.0   0:00.01 tegrastats
 319246 jetson    20   0    9480    820    736 S   0.0   0.0   0:00.00 tail
 319374 root      30  10    9436    780    704 S   0.0   0.0   0:00.00 sleep

top - 13:48:08 up  4:11,  0 users,  load average: 6.33, 5.20, 5.27
Tasks: 349 total,   2 running, 347 sleeping,   0 stopped,   0 zombie
%Cpu(s): 45.4 us, 17.9 sy,  0.0 ni, 30.5 id,  0.0 wa,  2.6 hi,  3.5 si,  0.0 st
MiB Mem :   7607.4 total,   2765.3 free,   2020.5 used,   2821.6 buff/cache
MiB Swap:   3803.7 total,   3803.7 free,      0.0 used.   5289.0 avail Mem 

    PID USER      PR  NI    VIRT    RES    SHR S  %CPU  %MEM     TIME+ COMMAND
  13320 root      20   0 1300240  43632  11392 S  53.4   0.6  17:28.99 micro_ros_agent
 289467 jetson    20   0  709004  62292  27276 R  32.4   0.8   4:46.26 python3
 319245 jetson    20   0  753084  70748  29576 S  31.4   0.9   0:02.06 python3
 319047 jetson    20   0  764356  55844  25376 S  23.0   0.7   0:02.33 ros2
 303945 jetson    20   0  963220  47504  23528 S  21.6   0.6   0:46.35 controller_serv
 301995 jetson    20   0 9351040 403532  85056 S  21.1   5.2   1:19.96 nvblox_node
 289115 jetson    20   0  710828  66420  27276 S  17.6   0.9   2:12.17 python3
 289113 jetson    20   0 1748412 107168  51312 S  16.7   1.4   1:55.15 realsense2_came
 289117 jetson    20   0  432948  28320  14224 S  16.2   0.4   2:10.17 rplidar_node
 303953 jetson    20   0  531036  46396  26216 S  15.2   0.6   0:41.26 bt_navigator
 289121 jetson    20   0 1082820  58716  26356 S  13.2   0.8   0:30.82 foxglove_bridge
 303949 jetson    20   0 1201360  90756  42832 S  13.2   1.2   0:47.62 planner_server
 303985 jetson    20   0  577392  31576  16252 S  13.2   0.4   0:47.87 lifecycle_manag
 289469 jetson    20   0  506204  34000  18400 S  12.3   0.4   1:32.56 ekf_node
 289119 jetson    20   0  708116  63664  27448 S  11.3   0.8   1:12.92 python3
 303943 jetson    20   0  709520  64224  27412 S   9.8   0.8   0:20.88 python3
 303951 jetson    20   0  516316  35092  21016 S   9.8   0.5   0:33.24 behavior_server
 303947 jetson    20   0  656280  32928  19416 S   8.8   0.4   0:28.17 smoother_server
 303955 jetson    20   0  431300  29232  17008 S   8.8   0.4   0:23.39 waypoint_follow
 303973 jetson    20   0  428560  27816  15960 S   8.3   0.4   0:23.54 velocity_smooth
 290529 jetson    20   0  903240  50844  24060 S   5.4   0.7   0:32.42 async_slam_tool
  13238 jetson    20   0  428384  31060  15828 S   3.4   0.4   1:22.42 robot_state_pub
  11931 jetson    20   0  706564  62076  26432 S   2.9   0.8   1:20.10 python3
 274472 root       0 -20       0      0      0 I   1.0   0.0   0:03.74 kworker/u13:1-uvcvideo
    203 root     -51   0       0      0      0 S   0.5   0.0   0:00.55 irq/236-nvme0q4
    904 root      rt   0       0      0      0 S   0.5   0.0   1:03.92 sugov:0
    909 root      rt   0       0      0      0 S   0.5   0.0   0:30.21 sugov:4
  90870 root      20   0       0      0      0 I   0.5   0.0   0:11.74 kworker/u12:11-events_freezable_power_
 251138 root      20   0       0      0      0 I   0.5   0.0   0:02.50 kworker/u12:4-events_unbound
 289098 jetson    20   0  572504  38648  13228 S   0.5   0.5   0:00.95 ros2
 319048 jetson    20   0   14344   3368   2772 R   0.5   0.0   0:00.09 top
 319049 jetson    20   0    2872    896    800 S   0.5   0.0   0:00.02 tegrastats
      1 root      20   0  167628  11768   7448 S   0.0   0.2   0:20.32 systemd
      2 root      20   0       0      0      0 S   0.0   0.0   0:00.02 kthreadd
      3 root       0 -20       0      0      0 I   0.0   0.0   0:00.00 rcu_gp
      4 root       0 -20       0      0      0 I   0.0   0.0   0:00.00 rcu_par_gp
      5 root       0 -20       0      0      0 I   0.0   0.0   0:00.00 slub_flushwq
      6 root       0 -20       0      0      0 I   0.0   0.0   0:00.00 netns
      8 root       0 -20       0      0      0 I   0.0   0.0   0:00.00 kworker/0:0H-events_highpri
     10 root       0 -20       0      0      0 I   0.0   0.0   0:00.00 mm_percpu_wq
     11 root      20   0       0      0      0 S   0.0   0.0   0:00.00 rcu_tasks_kthre
     12 root      20   0       0      0      0 S   0.0   0.0   0:00.00 rcu_tasks_rude_
     13 root      20   0       0      0      0 S   0.0   0.0   0:00.00 rcu_tasks_trace
     14 root      20   0       0      0      0 S   0.0   0.0   0:13.40 ksoftirqd/0
     15 root      20   0       0      0      0 I   0.0   0.0   0:05.82 rcu_preempt
     16 root      rt   0       0      0      0 S   0.0   0.0   0:00.01 migration/0
     17 root      20   0       0      0      0 S   0.0   0.0   0:00.00 cpuhp/0
     18 root      20   0       0      0      0 S   0.0   0.0   0:00.00 cpuhp/1
     19 root      rt   0       0      0      0 S   0.0   0.0   0:00.01 migration/1
     20 root      20   0       0      0      0 S   0.0   0.0   0:00.83 ksoftirqd/1
     22 root       0 -20       0      0      0 I   0.0   0.0   0:00.00 kworker/1:0H-events_highpri
     23 root      20   0       0      0      0 S   0.0   0.0   0:00.00 cpuhp/2
     24 root      rt   0       0      0      0 S   0.0   0.0   0:00.00 migration/2
     25 root      20   0       0      0      0 S   0.0   0.0   0:00.83 ksoftirqd/2
     27 root       0 -20       0      0      0 I   0.0   0.0   0:00.00 kworker/2:0H-events_highpri
     28 root      20   0       0      0      0 S   0.0   0.0   0:00.00 cpuhp/3
     29 root      rt   0       0      0      0 S   0.0   0.0   0:00.00 migration/3
     30 root      20   0       0      0      0 S   0.0   0.0   0:00.78 ksoftirqd/3
     32 root       0 -20       0      0      0 I   0.0   0.0   0:00.00 kworker/3:0H-events_highpri
     33 root      20   0       0      0      0 S   0.0   0.0   0:00.00 cpuhp/4
     34 root      rt   0       0      0      0 S   0.0   0.0   0:00.03 migration/4
     35 root      20   0       0      0      0 S   0.0   0.0   0:00.58 ksoftirqd/4
     37 root       0 -20       0      0      0 I   0.0   0.0   0:00.00 kworker/4:0H-kblockd
     38 root      20   0       0      0      0 S   0.0   0.0   0:00.00 cpuhp/5
     39 root      rt   0       0      0      0 S   0.0   0.0   0:00.03 migration/5
     40 root      20   0       0      0      0 S   0.0   0.0   0:00.59 ksoftirqd/5
     42 root       0 -20       0      0      0 I   0.0   0.0   0:00.00 kworker/5:0H-events_highpri
     43 root      20   0       0      0      0 S   0.0   0.0   0:00.01 kdevtmpfs
     44 root       0 -20       0      0      0 I   0.0   0.0   0:00.00 inet_frag_wq
     51 root      20   0       0      0      0 S   0.0   0.0   0:00.00 kauditd
     52 root      20   0       0      0      0 S   0.0   0.0   0:00.00 oom_reaper
     53 root       0 -20       0      0      0 I   0.0   0.0   0:00.00 writeback
     54 root      20   0       0      0      0 S   0.0   0.0   0:00.12 kcompactd0
     55 root      25   5       0      0      0 S   0.0   0.0   0:00.00 ksmd
     56 root      39  19       0      0      0 S   0.0   0.0   0:01.26 khugepaged
     67 root       0 -20       0      0      0 I   0.0   0.0   0:00.00 cryptd
     86 root       0 -20       0      0      0 I   0.0   0.0   0:00.00 kintegrityd
     87 root       0 -20       0      0      0 I   0.0   0.0   0:00.00 kblockd
     88 root       0 -20       0      0      0 I   0.0   0.0   0:00.00 blkcg_punt_bio
     89 root       0 -20       0      0      0 I   0.0   0.0   0:00.00 tpm_dev_wq
     90 root       0 -20       0      0      0 I   0.0   0.0   0:00.00 ata_sff
     91 root       0 -20       0      0      0 I   0.0   0.0   0:00.00 edac-poller
     92 root       0 -20       0      0      0 I   0.0   0.0   0:00.00 devfreq_wq
     93 root     -51   0       0      0      0 S   0.0   0.0   0:00.00 watchdogd
     96 root       0 -20       0      0      0 I   0.0   0.0   0:00.05 kworker/1:1H-kblockd
     97 root       0 -20       0      0      0 I   0.0   0.0   0:00.00 rpciod
     99 root       0 -20       0      0      0 I   0.0   0.0   0:00.00 xprtiod
    127 root      20   0       0      0      0 S   0.0   0.0   0:00.00 kswapd0
    128 root       0 -20       0      0      0 I   0.0   0.0   0:00.00 nfsiod
    132 root       0 -20       0      0      0 I   0.0   0.0   0:00.00 vfio-irqfd-clea
    133 root       0 -20       0      0      0 I   0.0   0.0   0:00.00 bch_btree_io
    134 root       0 -20       0      0      0 I   0.0   0.0   0:00.00 bcache
    135 root       0 -20       0      0      0 I   0.0   0.0   0:00.00 bch_journal
    136 root       0 -20       0      0      0 I   0.0   0.0   0:00.00 dm_bufio_cache
    137 root      20   0       0      0      0 I   0.0   0.0   0:01.56 kworker/1:2-events
    139 root      20   0       0      0      0 I   0.0   0.0   0:00.99 kworker/2:3-events
    140 root      10 -10       0      0      0 S   0.0   0.0   0:00.00 krfcommd
    141 root      20   0       0      0      0 S   0.0   0.0   0:00.01 pr/tty0
    142 root      20   0       0      0      0 S   0.0   0.0   0:03.05 pr/ttyTCU0
    145 root     -51   0       0      0      0 S   0.0   0.0   0:00.00 irq/114-3160000
    147 root     -51   0       0      0      0 S   0.0   0.0   0:00.00 irq/115-3180000
    149 root     -51   0       0      0      0 S   0.0   0.0   0:00.00 irq/116-31b0000
    150 root     -51   0       0      0      0 S   0.0   0.0   0:00.02 irq/167-c240000
    151 root     -51   0       0      0      0 S   0.0   0.0   0:00.00 irq/168-c250000
    152 root     -51   0       0      0      0 S   0.0   0.0   0:00.00 irq/125-3610000
    153 root     -51   0       0      0      0 S   0.0   0.0   0:00.00 irq/122-3610000
    155 root       0 -20       0      0      0 I   0.0   0.0   0:00.00 sdhci
    156 root     -51   0       0      0      0 S   0.0   0.0   0:00.00 irq/120-mmc0
    157 root     -51   0       0      0      0 S   0.0   0.0   0:00.00 irq/230-3400000
    174 root       0 -20       0      0      0 I   0.0   0.0   0:00.05 kworker/3:1H-kblockd
    180 root     -51   0       0      0      0 S   0.0   0.0   0:00.00 irq/191-tegra-p
    181 root       0 -20       0      0      0 I   0.0   0.0   0:00.00 nvme-wq
    182 root       0 -20       0      0      0 I   0.0   0.0   0:00.00 nvme-reset-wq
    183 root       0 -20       0      0      0 I   0.0   0.0   0:00.00 nvme-delete-wq
    192 root     -51   0       0      0      0 S   0.0   0.0   0:00.00 irq/191-aerdrv
    193 root     -51   0       0      0      0 S   0.0   0.0   0:00.00 irq/193-tegra-p
    196 root     -51   0       0      0      0 S   0.0   0.0   0:00.00 irq/193-aerdrv
    197 root     -51   0       0      0      0 S   0.0   0.0   0:00.00 irq/195-tegra-p
    199 root     -51   0       0      0      0 S   0.0   0.0   0:00.00 irq/232-nvme0q0
    200 root     -51   0       0      0      0 S   0.0   0.0   0:00.25 irq/233-nvme0q1
    201 root     -51   0       0      0      0 S   0.0   0.0   0:00.29 irq/234-nvme0q2
    202 root     -51   0       0      0      0 S   0.0   0.0   0:00.43 irq/235-nvme0q3
    204 root     -51   0       0      0      0 S   0.0   0.0   0:00.13 irq/237-nvme0q5
    205 root     -51   0       0      0      0 S   0.0   0.0   0:00.09 irq/238-nvme0q6
    211 root       0 -20       0      0      0 I   0.0   0.0   0:00.05 kworker/4:1H-kblockd
    212 root      20   0       0      0      0 S   0.0   0.0   0:00.88 jbd2/nvme0n1p1-
    213 root       0 -20       0      0      0 I   0.0   0.0   0:00.00 ext4-rsv-conver
    222 root       0 -20       0      0      0 I   0.0   0.0   0:00.00 mld
    223 root       0 -20       0      0      0 I   0.0   0.0   0:00.03 kworker/0:1H-kblockd
    224 root       0 -20       0      0      0 I   0.0   0.0   0:00.00 ipv6_addrconf
    256 root      19  -1   40648  14960  13348 S   0.0   0.2   0:17.92 systemd-journal
    278 root       0 -20       0      0      0 I   0.0   0.0   0:00.07 kworker/2:1H-kblockd
    280 root      39  19       0      0      0 S   0.0   0.0   0:00.48 nvmap-bz
    281 root     -51   0       0      0      0 S   0.0   0.0   0:00.00 irq/188-host1x_
    285 root     -51   0       0      0      0 S   0.0   0.0   0:00.00 irq/197-gk20a_s
    286 root     -51   0       0      0      0 S   0.0   0.0   0:00.01 irq/198-gk20a_s
    287 root     -51   0       0      0      0 S   0.0   0.0   0:00.01 irq/199-gk20a_s
    288 root     -51   0       0      0      0 S   0.0   0.0   0:00.00 irq/200-gk20a_n
    291 root       0 -20       0      0      0 I   0.0   0.0   0:00.04 kworker/5:1H-kblockd
    295 root      20   0   11116   3460   3204 S   0.0   0.0   0:00.00 nv-tee-supplica
    299 root      20   0   76588   1360   1248 S   0.0   0.0   0:00.01 tee-supplicant
    301 root       0 -20       0      0      0 I   0.0   0.0   0:00.00 optee_bus_scan
    303 root     -51   0       0      0      0 S   0.0   0.0   0:00.00 irq/189-tegra-p
    312 root      20   0   23732   6316   4080 S   0.0   0.1   0:17.81 systemd-udevd
    313 root     -51   0       0      0      0 S   0.0   0.0   0:00.00 irq/189-aerdrv
    314 root      20   0   23216   5812   3992 S   0.0   0.1   0:00.38 systemd-udevd
    315 root      20   0   23216   5020   3248 S   0.0   0.1   0:00.15 systemd-udevd
    316 root      20   0   23268   6224   4288 S   0.0   0.1   0:00.16 systemd-udevd
    317 root      20   0   23220   4364   2600 S   0.0   0.1   0:00.11 systemd-udevd
    318 root      20   0   23216   4480   2672 S   0.0   0.1   0:00.12 systemd-udevd
    319 root      20   0   23212   5812   3980 S   0.0   0.1   0:00.28 systemd-udevd
    320 root      20   0   23264   4688   2764 S   0.0   0.1   0:00.13 systemd-udevd
    321 root      20   0   23268   5072   3136 S   0.0   0.1   0:00.18 systemd-udevd
    322 root      20   0   23524   5520   3456 S   0.0   0.1   0:00.26 systemd-udevd
    323 root      20   0   23216   6280   4444 S   0.0   0.1   0:00.37 systemd-udevd
    324 root      20   0   23220   5196   3388 S   0.0   0.1   0:00.16 systemd-udevd
    325 root      20   0   23220   5820   3976 S   0.0   0.1   0:00.37 systemd-udevd
    326 root      20   0   23220   5236   3388 S   0.0   0.1   0:00.39 systemd-udevd
    327 root      20   0   23220   5468   3656 S   0.0   0.1   0:00.18 systemd-udevd
    330 root      20   0   23512   5728   3684 S   0.0   0.1   0:00.14 systemd-udevd
    331 root      20   0   24292   5540   2676 S   0.0   0.1   0:00.16 systemd-udevd
    333 root      20   0   23524   5596   3532 S   0.0   0.1   0:00.26 systemd-udevd
    334 root      20   0   23220   5080   3240 S   0.0   0.1   0:00.25 systemd-udevd
    335 root      20   0   23220   4504   2708 S   0.0   0.1   0:00.11 systemd-udevd
    336 root      20   0   23220   4696   2892 S   0.0   0.1   0:00.14 systemd-udevd
    337 root      20   0   23524   5056   2992 S   0.0   0.1   0:00.16 systemd-udevd
    339 root      20   0   23220   4980   3148 S   0.0   0.1   0:00.17 systemd-udevd
    340 root      20   0   23544   6732   4608 S   0.0   0.1   0:59.99 systemd-udevd
    341 root      20   0   23276   5328   3384 S   0.0   0.1   0:00.13 systemd-udevd
    342 root      20   0   23280   5176   3228 S   0.0   0.1   0:00.13 systemd-udevd
    343 root      20   0   23220   5984   4152 S   0.0   0.1   0:00.30 systemd-udevd
    344 root      20   0   23560   6700   4596 S   0.0   0.1   0:00.48 systemd-udevd
    345 root      20   0       0      0      0 S   0.0   0.0   0:00.00 15820000.crypto
    346 root      20   0       0      0      0 S   0.0   0.0   0:00.00 15840000.crypto
    368 root      20   0   23324   5984   4116 S   0.0   0.1   0:00.40 systemd-udevd
    417 root     -51   0       0      0      0 S   0.0   0.0   0:00.00 irq/219-bc00000
    419 root      -2   0       0      0      0 S   0.0   0.0   0:00.00 capture-control
    420 root      -2   0       0      0      0 S   0.0   0.0   0:00.00 capture
    422 root     -51   0       0      0      0 S   0.0   0.0   0:00.00 irq/214-tegra_d
    423 root     -51   0       0      0      0 S   0.0   0.0   0:00.00 irq/215-tegra_d
    424 root       0 -20       0      0      0 I   0.0   0.0   0:00.00 dce-async-ipc-w
    425 root     -51   0       0      0      0 S   0.0   0.0   0:00.00 irq/240-nvvrs-p
    427 root      20   0       0      0      0 S   0.0   0.0   0:00.00 nv_queue
    428 root      20   0       0      0      0 S   0.0   0.0   0:00.00 nv_queue
    483 root     -51   0       0      0      0 S   0.0   0.0   0:00.00 irq/118-3210000
    487 root      20   0       0      0      0 S   0.0   0.0   0:00.00 spi0
    495 root       0 -20       0      0      0 I   0.0   0.0   0:00.00 cfg80211
    497 root     -51   0       0      0      0 S   0.0   0.0   0:00.00 irq/119-3230000
    498 root      20   0       0      0      0 S   0.0   0.0   0:00.00 spi1
    584 root       0 -20       0      0      0 I   0.0   0.0   0:00.00 btfwwork
    650 root      20   0    8236   6424   1432 S   0.0   0.1   0:00.57 haveged
    653 _rpc      20   0    7932   2264   1912 S   0.0   0.0   0:00.02 rpcbind
    659 systemd+  20   0   26320  13580   8496 S   0.0   0.2   0:00.40 systemd-resolve
    662 systemd+  20   0   88880   6332   5484 S   0.0   0.1   0:00.13 systemd-timesyn
    826 avahi     20   0    8084   3108   2752 S   0.0   0.0   0:00.47 avahi-daemon
    827 root      20   0    9888   4552   4112 S   0.0   0.1   0:00.07 bluetoothd
    828 message+  20   0   10496   5632   3584 S   0.0   0.1   0:27.99 dbus-daemon
    829 root      20   0  264752  18684  14872 S   0.0   0.2   0:25.32 NetworkManager
    838 root      20   0   43504  19780  10232 S   0.0   0.3   0:00.15 networkd-dispat
    849 root      20   0  241652   9056   6312 S   0.0   0.1   0:00.40 power-profiles-
    854 syslog    20   0  222160   5012   3672 S   0.0   0.1   0:03.49 rsyslogd
    859 root      20   0    2240    796    720 S   0.0   0.0   0:00.00 seatd
    865 root      20   0 2145956  51796  25768 S   0.0   0.7   0:25.63 snapd
    867 root      20   0  242124   7452   6576 S   0.0   0.1   0:01.39 accounts-daemon
    869 root      20   0  238128   6232   5620 S   0.0   0.1   0:00.04 switcheroo-cont
    871 root      20   0   48968   7620   6296 S   0.0   0.1   0:02.44 systemd-logind
    874 root      20   0  394188  13988   9476 S   0.0   0.2   0:00.82 udisksd
    875 root      20   0   16632   9928   8148 S   0.0   0.1   0:00.89 wpa_supplicant
    882 avahi     20   0    7812    356      0 S   0.0   0.0   0:00.00 avahi-daemon
    921 root      30  10   11248   3612   3220 S   0.0   0.0   0:05.60 wifi_mon.sh
    969 root      20   0  237044  10468   6400 S   0.0   0.1   2:01.53 polkitd
    983 root      20   0    2460   1556   1380 S   0.0   0.0   0:05.37 nvfancontrol
   1049 root      20   0       0      0      0 S   0.0   0.0   0:00.00 sw-quiesce
   1052 root      20   0       0      0      0 S   0.0   0.0   0:13.43 nvgpu_channel_p
   1068 root      20   0       0      0      0 S   0.0   0.0   0:00.00 nvgpu_pg_init_g
   1087 root      20   0       0      0      0 S   0.0   0.0   0:00.00 nvgpu_clk_arb_p
   1117 root      20   0       0      0      0 S   0.0   0.0   0:05.07 RTW_CMD_THREAD
   1157 root      20   0   75936   9960   8136 S   0.0   0.1   0:00.01 nvargus-daemon
   1158 root      20   0   11116   3520   3220 S   0.0   0.0   0:00.05 nvmemwarning.sh
   1171 root      20   0   22192   1776   1580 S   0.0   0.0   0:00.00 nvs-service
   1181 ollama    20   0 2006720  39588  20072 S   0.0   0.5   0:00.74 ollama
   1195 root      20   0    2336   1408   1292 S   0.0   0.0   0:01.96 run-cups-browse
   1201 root      20   0    2336   1424   1296 S   0.0   0.0   0:02.02 run-cupsd
   1204 root      20   0       0      0      0 S   0.0   0.0   0:00.00 pr/ramoops-1
   1212 root      20   0 2093080  58448  33576 S   0.0   0.8   0:15.75 containerd
   1239 root      20   0   10772   2824   2576 S   0.0   0.0   0:00.04 cron
   1259 root      20   0  243128   8056   7012 S   0.0   0.1   0:00.02 gdm3
   1263 kernoops  20   0   12812    452      0 S   0.0   0.0   0:00.01 kerneloops
   1290 root      20   0    9468    800    724 S   0.0   0.0   0:00.00 agetty
   1291 kernoops  20   0   12812    452      0 S   0.0   0.0   0:00.01 kerneloops
   1293 root      20   0    9468    804    724 S   0.0   0.0   0:00.00 agetty
   1330 root      20   0  173408   8804   7628 S   0.0   0.1   0:00.02 gdm-session-wor
   1417 root      20   0       0      0      0 S   0.0   0.0   0:00.00 file-storage
   1426 root      20   0   15272   8368   6788 S   0.0   0.1   0:00.48 sshd
   1474 gdm       20   0   18120   9728   7360 S   0.0   0.1   0:00.41 systemd
   1478 root      20   0    3076    992    880 S   0.0   0.0   0:00.00 nvphsd
   1483 root      20   0    3208   1476   1316 S   0.0   0.0   0:00.00 nvphsd
   1497 gdm       20   0  106692   4552      0 S   0.0   0.1   0:00.00 (sd-pam)
   1588 root      20   0 2352492  96592  56580 S   0.0   1.2   0:04.97 dockerd
   1688 gdm        9 -11   41972   6472   5156 S   0.0   0.1   0:00.05 pipewire
   1689 gdm       20   0   25476   6428   5104 S   0.0   0.1   0:00.99 pipewire-media-
   1690 gdm        9 -11  891840  20748  12584 S   0.0   0.3   0:00.76 pulseaudio
   1695 gdm       20   0  163948   5472   4964 S   0.0   0.1   0:00.00 gdm-x-session
   1697 root      20   0   24.2g  80524  35884 S   0.0   1.0   0:01.68 Xorg
   1698 rtkit     21   1  153504   1588   1380 S   0.0   0.0   0:00.21 rtkit-daemon
   1729 gdm       20   0    8840   3600   3212 S   0.0   0.0   0:00.02 dbus-daemon
   1748 root      20   0       0      0      0 S   0.0   0.0   0:00.00 nvidia-modeset/
   1749 root      20   0       0      0      0 S   0.0   0.0   0:00.00 nvidia-modeset/
   1752 root      20   0       0      0      0 S   0.0   0.0   0:00.00 nvidia
   1753 root      20   0       0      0      0 S   0.0   0.0   0:00.00 nv_queue
   1790 root      20   0       0      0      0 S   0.0   0.0   0:00.00 nvidia-drm-nv-t
   1791 root     -51   0       0      0      0 S   0.0   0.0   0:00.00 card1-crtc0
   1792 root     -51   0       0      0      0 S   0.0   0.0   0:00.00 card1-crtc1
   1980 gdm       20   0    5876   1552   1344 S   0.0   0.0   0:00.00 dbus-run-sessio
   1983 gdm       20   0    9108   4440   3588 S   0.0   0.1   0:00.13 dbus-daemon
   2035 gdm       20   0  597840  17824  12972 S   0.0   0.2   0:00.72 gnome-session-b
   2057 gdm       20   0  310068   8976   6272 S   0.0   0.1   0:00.00 at-spi-bus-laun
   2062 gdm       20   0    8692   3556   3168 S   0.0   0.0   0:00.00 dbus-daemon
   2071 gdm       20   0 3471500 137252  73260 S   0.0   1.8   0:31.24 gnome-shell
   2092 gdm       20   0  237676   4964   4528 S   0.0   0.1   0:00.00 xdg-permission-
   2099 root      20   0  243852  10136   6984 S   0.0   0.1   0:00.34 upowerd
   2106 root      20   0  301608  19332  16408 S   0.0   0.2   0:01.05 packagekitd
   2110 gdm       20   0 2812288  25716  20860 S   0.0   0.3   0:00.08 gjs
   2113 gdm       20   0  163144   7196   6428 S   0.0   0.1   0:00.01 at-spi2-registr
   2141 gdm       20   0  468748   9856   7940 S   0.0   0.1   0:01.31 gsd-sharing
   2146 gdm       20   0  338880  14892  12620 S   0.0   0.2   0:00.06 gsd-wacom
   2148 gdm       20   0  451616  18896  16480 S   0.0   0.2   0:00.16 gsd-color
   2150 gdm       20   0  412392  17092  13292 S   0.0   0.2   0:00.04 gsd-keyboard
   2152 gdm       20   0  316864  13188   6244 S   0.0   0.2   0:00.10 ibus-daemon
   2156 gdm       20   0  326124   9848   8488 S   0.0   0.1   0:00.02 gsd-print-notif
   2166 gdm       20   0  242216   6512   5848 S   0.0   0.1   0:00.01 gvfsd
   2168 gdm       20   0  459796   6140   5436 S   0.0   0.1   0:00.39 gsd-rfkill
   2170 gdm       20   0  388312   7432   6528 S   0.0   0.1   0:00.01 gsd-smartcard
   2173 gdm       20   0  380556  16508  12504 S   0.0   0.2   0:00.03 gsd-datetime
   2183 gdm       20   0  864216  20108  17428 S   0.0   0.3   0:00.37 gsd-media-keys
   2184 gdm       20   0  237936   4760   4376 S   0.0   0.1   0:00.01 gsd-screensaver
   2185 gdm       20   0  322096  10392   7320 S   0.0   0.1   0:00.02 gsd-sound
   2186 gdm       20   0  312416   8104   5476 S   0.0   0.1   0:00.01 gsd-a11y-settin
   2193 gdm       20   0  313996   8944   6152 S   0.0   0.1   0:00.64 gsd-housekeepin
   2195 gdm       20   0  450004  20288  15904 S   0.0   0.3   0:00.37 gsd-power
   2218 gdm       20   0  347052  12608  10748 S   0.0   0.2   0:00.03 gsd-printer
   2221 gdm       20   0  239040   6576   5948 S   0.0   0.1   0:00.00 ibus-dconf
   2233 gdm       20   0  238936   5920   5488 S   0.0   0.1   0:00.00 ibus-portal
   2263 colord    20   0  247516  14492   8720 S   0.0   0.2   0:00.23 colord
   2285 gdm       20   0 2812300  27868  20904 S   0.0   0.4   0:00.09 gjs
   2349 gdm       20   0  165096   6516   5892 S   0.0   0.1   0:00.01 ibus-engine-sim
   2508 root      20   0  136716  13172   9512 S   0.0   0.2   0:00.61 cupsd
   2522 root      20   0  260792  17940  13508 S   0.0   0.2   0:01.22 cups-browsed
  11687 jetson    20   0   18140   9764   7368 S   0.0   0.1   0:00.32 systemd
  11688 jetson    20   0  172512   4632      0 S   0.0   0.1   0:00.00 (sd-pam)
  11696 jetson    20   0   41976   6552   5228 S   0.0   0.1   0:00.04 pipewire
  11697 jetson    20   0   25484   6724   5388 S   0.0   0.1   0:01.06 pipewire-media-
  11749 jetson    20   0    8888   3620   3232 S   0.0   0.0   0:00.01 dbus-daemon
  12473 root      20   0 1233488  13236   6340 S   0.0   0.2   0:01.96 containerd-shim
  12502 jetson    20   0    5508    792    704 S   0.0   0.0   0:00.20 sleep
  12567 root      20   0   21892   5484   3884 S   0.0   0.1   0:16.81 systemd-udevd
  12575 root      20   0   21760   4536   2952 S   0.0   0.1   0:34.23 systemd-udevd
  13234 jetson    20   0  203640  35476  13212 S   0.0   0.5   0:00.75 ros2
  13236 jetson    20   0 2070472  36080  17228 S   0.0   0.5   0:00.55 docker
  13265 root      20   0 1232976  11192   5960 S   0.0   0.1   0:01.40 containerd-shim
  13294 root      20   0   49400  29204  14412 S   0.0   0.4   0:00.40 ros2
  13554 root      20   0   21760   4460   2932 S   0.0   0.1   0:00.03 systemd-udevd
  13555 root      20   0   21760   3352   1860 S   0.0   0.0   0:00.00 systemd-udevd
  13568 root      20   0   21760   3376   1864 S   0.0   0.0   0:00.02 systemd-udevd
  13569 root      20   0   21760   4136   2588 S   0.0   0.1   0:00.06 systemd-udevd
  13570 root      20   0   21764   4492   2960 S   0.0   0.1   0:00.05 systemd-udevd
  13571 root      20   0   21764   4108   2588 S   0.0   0.1   0:00.03 systemd-udevd
  13580 root      20   0   21764   4136   2588 S   0.0   0.1   0:00.04 systemd-udevd
  13581 root      20   0   21764   3708   2180 S   0.0   0.0   0:00.00 systemd-udevd
  13582 root      20   0   21764   4268   2704 S   0.0   0.1   0:00.06 systemd-udevd
  13594 root      20   0   21764   3408   1864 S   0.0   0.0   0:00.01 systemd-udevd
  13595 root      20   0   21764   4012   2468 S   0.0   0.1   0:00.02 systemd-udevd
  33484 root      20   0       0      0      0 I   0.0   0.0   0:12.31 kworker/u12:0-events_freezable_power_
  34263 root      20   0       0      0      0 I   0.0   0.0   0:14.89 kworker/u12:2-events_unbound
  49116 root      20   0       0      0      0 I   0.0   0.0   0:00.64 kworker/0:0-events
  98217 root      20   0  238836   6944   5696 S   0.0   0.1   0:02.20 iio-sensor-prox
 100141 root      20   0       0      0      0 I   0.0   0.0   0:09.70 kworker/u12:6-events_unbound
 149635 root      20   0       0      0      0 I   0.0   0.0   0:00.45 kworker/3:0-events
 199974 root      20   0       0      0      0 I   0.0   0.0   0:05.37 kworker/u12:1-events_unbound
 205195 root       0 -20       0      0      0 I   0.0   0.0   0:09.93 kworker/u13:0-uvcvideo
 211464 root      20   0       0      0      0 I   0.0   0.0   0:04.81 kworker/u12:7-events_freezable_power_
 219316 root       0 -20       0      0      0 I   0.0   0.0   0:09.27 kworker/u13:3-uvcvideo
 234404 root      20   0       0      0      0 I   0.0   0.0   0:00.55 kworker/5:0-events
 253037 root      20   0       0      0      0 I   0.0   0.0   0:02.67 kworker/u12:8-events_freezable_power_
 271538 root      20   0  410228  41960  21380 S   0.0   0.5   0:01.38 fwupd
 278878 root      20   0       0      0      0 I   0.0   0.0   0:00.09 kworker/4:2-events
 284193 root      20   0       0      0      0 I   0.0   0.0   0:01.54 kworker/u12:3-events_unbound
 290503 jetson    20   0  129772  34672  13228 S   0.0   0.4   0:00.69 ros2
 295127 root      20   0       0      0      0 I   0.0   0.0   0:00.02 kworker/1:3-cgroup_destroy
 295225 root      20   0       0      0      0 I   0.0   0.0   0:00.00 kworker/3:1-events
 298318 root      20   0       0      0      0 I   0.0   0.0   0:00.00 kworker/4:0-events
 298521 root      20   0       0      0      0 I   0.0   0.0   0:00.00 kworker/5:1-cgroup_destroy
 301519 root      20   0       0      0      0 I   0.0   0.0   0:00.04 kworker/0:1-events
 301563 root      20   0       0      0      0 I   0.0   0.0   0:00.00 kworker/2:0-cgroup_destroy
 301980 jetson    20   0   53568  30336  15004 S   0.0   0.4   0:00.44 ros2
 302359 root       0 -20       0      0      0 I   0.0   0.0   0:01.66 kworker/u13:2-uvcvideo
 303903 jetson    20   0  723188  40064  13216 S   0.0   0.5   0:01.24 ros2
 305476 root      20   0       0      0      0 I   0.0   0.0   0:00.78 kworker/u12:9-events_freezable_power_
 314676 root      20   0       0      0      0 I   0.0   0.0   0:00.00 kworker/5:2-events
 314679 root      20   0       0      0      0 I   0.0   0.0   0:00.00 kworker/2:1-events
 314725 root      20   0       0      0      0 I   0.0   0.0   0:00.00 kworker/0:2
 314862 root      20   0       0      0      0 I   0.0   0.0   0:00.00 kworker/1:0-events
 315002 root      20   0       0      0      0 I   0.0   0.0   0:00.00 kworker/2:2
 316431 root      20   0    9436    772    692 S   0.0   0.0   0:00.00 sleep
 316651 root      20   0       0      0      0 I   0.0   0.0   0:00.01 kworker/3:2-events
 316919 jetson    20   0   11248   3308   2868 S   0.0   0.0   0:00.03 bash
 318996 jetson    20   0   11248   3304   2868 S   0.0   0.0   0:00.01 bash
 319246 jetson    20   0    9480    820    736 S   0.0   0.0   0:00.00 tail
 319374 root      30  10    9436    780    704 S   0.0   0.0   0:00.00 sleep

top - 13:48:10 up  4:11,  0 users,  load average: 6.22, 5.20, 5.27
Tasks: 349 total,   1 running, 348 sleeping,   0 stopped,   0 zombie
%Cpu(s): 45.8 us, 11.6 sy,  0.0 ni, 38.4 id,  0.0 wa,  2.2 hi,  2.0 si,  0.0 st
MiB Mem :   7607.4 total,   2765.3 free,   2020.5 used,   2821.6 buff/cache
MiB Swap:   3803.7 total,   3803.7 free,      0.0 used.   5289.0 avail Mem 

    PID USER      PR  NI    VIRT    RES    SHR S  %CPU  %MEM     TIME+ COMMAND
 319245 jetson    20   0  753800  71376  29576 S  43.1   0.9   0:02.93 python3
 289467 jetson    20   0  709004  62292  27276 S  34.2   0.8   4:46.95 python3
 303945 jetson    20   0  963220  47508  23528 S  34.2   0.6   0:47.04 controller_serv
 319047 jetson    20   0  764356  55844  25376 S  22.8   0.7   0:02.79 ros2
 301995 jetson    20   0 9351040 403524  85056 S  16.8   5.2   1:20.30 nvblox_node
 303953 jetson    20   0  531036  46396  26216 S  15.3   0.6   0:41.57 bt_navigator
 289115 jetson    20   0  710828  66420  27276 S  14.9   0.9   2:12.47 python3
    969 root      20   0  237044  10468   6400 S  14.4   0.1   2:01.82 polkitd
 289113 jetson    20   0 1748412 107168  51312 S  13.9   1.4   1:55.43 realsense2_came
 289117 jetson    20   0  432948  28320  14224 S  13.4   0.4   2:10.44 rplidar_node
 290529 jetson    20   0 1061844  52064  24360 S  13.4   0.7   0:32.69 async_slam_tool
 289469 jetson    20   0  506204  34000  18400 S  11.4   0.4   1:32.79 ekf_node
 303985 jetson    20   0  577392  31576  16252 S  10.9   0.4   0:48.09 lifecycle_manag
 289119 jetson    20   0  708116  63664  27448 S   9.4   0.8   1:13.11 python3
 303943 jetson    20   0  709520  64224  27412 S   8.9   0.8   0:21.06 python3
 303949 jetson    20   0 1209616  91072  42832 S   8.9   1.2   0:47.80 planner_server
 303951 jetson    20   0  516316  35092  21016 S   6.4   0.5   0:33.37 behavior_server
 303947 jetson    20   0  664536  32972  19416 S   5.9   0.4   0:28.29 smoother_server
 303973 jetson    20   0  428560  27816  15960 S   5.9   0.4   0:23.66 velocity_smooth
 303955 jetson    20   0  431300  29232  17008 S   5.4   0.4   0:23.50 waypoint_follow
  13320 root      20   0 1300240  43632  11392 S   4.5   0.6  17:29.08 micro_ros_agent
    828 message+  20   0   10496   5632   3584 S   3.5   0.1   0:28.06 dbus-daemon
    829 root      20   0  264752  18684  14872 S   2.5   0.2   0:25.37 NetworkManager
      1 root      20   0  167628  11768   7448 S   2.0   0.2   0:20.36 systemd
   2071 gdm       20   0 3471500 137252  73260 S   1.5   1.8   0:31.27 gnome-shell
 274472 root       0 -20       0      0      0 I   1.5   0.0   0:03.77 kworker/u13:1-uvcvideo
    904 root      rt   0       0      0      0 S   1.0   0.0   1:03.94 sugov:0
    909 root      rt   0       0      0      0 S   1.0   0.0   0:30.23 sugov:4
 319048 jetson    20   0   14344   3368   2772 R   1.0   0.0   0:00.11 top
    340 root      20   0   23544   6732   4608 S   0.5   0.1   1:00.00 systemd-udevd
    854 syslog    20   0  222160   5012   3672 S   0.5   0.1   0:03.50 rsyslogd
    867 root      20   0  242124   7452   6576 S   0.5   0.1   0:01.40 accounts-daemon
   1052 root      20   0       0      0      0 S   0.5   0.0   0:13.44 nvgpu_channel_p
   1212 root      20   0 2093080  58448  33576 S   0.5   0.8   0:15.76 containerd
  34263 root      20   0       0      0      0 I   0.5   0.0   0:14.90 kworker/u12:2-events_unbound
 211464 root      20   0       0      0      0 I   0.5   0.0   0:04.82 kworker/u12:7-events_unbound
 251138 root      20   0       0      0      0 I   0.5   0.0   0:02.51 kworker/u12:4-events_unbound
 303903 jetson    20   0  723188  40064  13216 S   0.5   0.5   0:01.25 ros2
      2 root      20   0       0      0      0 S   0.0   0.0   0:00.02 kthreadd
      3 root       0 -20       0      0      0 I   0.0   0.0   0:00.00 rcu_gp
      4 root       0 -20       0      0      0 I   0.0   0.0   0:00.00 rcu_par_gp
      5 root       0 -20       0      0      0 I   0.0   0.0   0:00.00 slub_flushwq
      6 root       0 -20       0      0      0 I   0.0   0.0   0:00.00 netns
      8 root       0 -20       0      0      0 I   0.0   0.0   0:00.00 kworker/0:0H-events_highpri
     10 root       0 -20       0      0      0 I   0.0   0.0   0:00.00 mm_percpu_wq
     11 root      20   0       0      0      0 S   0.0   0.0   0:00.00 rcu_tasks_kthre
     12 root      20   0       0      0      0 S   0.0   0.0   0:00.00 rcu_tasks_rude_
     13 root      20   0       0      0      0 S   0.0   0.0   0:00.00 rcu_tasks_trace
     14 root      20   0       0      0      0 S   0.0   0.0   0:13.40 ksoftirqd/0
     15 root      20   0       0      0      0 I   0.0   0.0   0:05.82 rcu_preempt
     16 root      rt   0       0      0      0 S   0.0   0.0   0:00.01 migration/0
     17 root      20   0       0      0      0 S   0.0   0.0   0:00.00 cpuhp/0
     18 root      20   0       0      0      0 S   0.0   0.0   0:00.00 cpuhp/1
     19 root      rt   0       0      0      0 S   0.0   0.0   0:00.01 migration/1
     20 root      20   0       0      0      0 S   0.0   0.0   0:00.83 ksoftirqd/1
     22 root       0 -20       0      0      0 I   0.0   0.0   0:00.00 kworker/1:0H-events_highpri
     23 root      20   0       0      0      0 S   0.0   0.0   0:00.00 cpuhp/2
     24 root      rt   0       0      0      0 S   0.0   0.0   0:00.00 migration/2
     25 root      20   0       0      0      0 S   0.0   0.0   0:00.83 ksoftirqd/2
     27 root       0 -20       0      0      0 I   0.0   0.0   0:00.00 kworker/2:0H-events_highpri
     28 root      20   0       0      0      0 S   0.0   0.0   0:00.00 cpuhp/3
     29 root      rt   0       0      0      0 S   0.0   0.0   0:00.00 migration/3
     30 root      20   0       0      0      0 S   0.0   0.0   0:00.78 ksoftirqd/3
     32 root       0 -20       0      0      0 I   0.0   0.0   0:00.00 kworker/3:0H-events_highpri
     33 root      20   0       0      0      0 S   0.0   0.0   0:00.00 cpuhp/4
     34 root      rt   0       0      0      0 S   0.0   0.0   0:00.03 migration/4
     35 root      20   0       0      0      0 S   0.0   0.0   0:00.58 ksoftirqd/4
     37 root       0 -20       0      0      0 I   0.0   0.0   0:00.00 kworker/4:0H-kblockd
     38 root      20   0       0      0      0 S   0.0   0.0   0:00.00 cpuhp/5
     39 root      rt   0       0      0      0 S   0.0   0.0   0:00.03 migration/5
     40 root      20   0       0      0      0 S   0.0   0.0   0:00.59 ksoftirqd/5
     42 root       0 -20       0      0      0 I   0.0   0.0   0:00.00 kworker/5:0H-events_highpri
     43 root      20   0       0      0      0 S   0.0   0.0   0:00.01 kdevtmpfs
     44 root       0 -20       0      0      0 I   0.0   0.0   0:00.00 inet_frag_wq
     51 root      20   0       0      0      0 S   0.0   0.0   0:00.00 kauditd
     52 root      20   0       0      0      0 S   0.0   0.0   0:00.00 oom_reaper
     53 root       0 -20       0      0      0 I   0.0   0.0   0:00.00 writeback
     54 root      20   0       0      0      0 S   0.0   0.0   0:00.12 kcompactd0
     55 root      25   5       0      0      0 S   0.0   0.0   0:00.00 ksmd
     56 root      39  19       0      0      0 S   0.0   0.0   0:01.26 khugepaged
     67 root       0 -20       0      0      0 I   0.0   0.0   0:00.00 cryptd
     86 root       0 -20       0      0      0 I   0.0   0.0   0:00.00 kintegrityd
     87 root       0 -20       0      0      0 I   0.0   0.0   0:00.00 kblockd
     88 root       0 -20       0      0      0 I   0.0   0.0   0:00.00 blkcg_punt_bio
     89 root       0 -20       0      0      0 I   0.0   0.0   0:00.00 tpm_dev_wq
     90 root       0 -20       0      0      0 I   0.0   0.0   0:00.00 ata_sff
     91 root       0 -20       0      0      0 I   0.0   0.0   0:00.00 edac-poller
     92 root       0 -20       0      0      0 I   0.0   0.0   0:00.00 devfreq_wq
     93 root     -51   0       0      0      0 S   0.0   0.0   0:00.00 watchdogd
     96 root       0 -20       0      0      0 I   0.0   0.0   0:00.05 kworker/1:1H-kblockd
     97 root       0 -20       0      0      0 I   0.0   0.0   0:00.00 rpciod
     99 root       0 -20       0      0      0 I   0.0   0.0   0:00.00 xprtiod
    127 root      20   0       0      0      0 S   0.0   0.0   0:00.00 kswapd0
    128 root       0 -20       0      0      0 I   0.0   0.0   0:00.00 nfsiod
    132 root       0 -20       0      0      0 I   0.0   0.0   0:00.00 vfio-irqfd-clea
    133 root       0 -20       0      0      0 I   0.0   0.0   0:00.00 bch_btree_io
    134 root       0 -20       0      0      0 I   0.0   0.0   0:00.00 bcache
    135 root       0 -20       0      0      0 I   0.0   0.0   0:00.00 bch_journal
    136 root       0 -20       0      0      0 I   0.0   0.0   0:00.00 dm_bufio_cache
    137 root      20   0       0      0      0 I   0.0   0.0   0:01.56 kworker/1:2-events
    139 root      20   0       0      0      0 I   0.0   0.0   0:00.99 kworker/2:3-events
    140 root      10 -10       0      0      0 S   0.0   0.0   0:00.00 krfcommd
    141 root      20   0       0      0      0 S   0.0   0.0   0:00.01 pr/tty0
    142 root      20   0       0      0      0 S   0.0   0.0   0:03.05 pr/ttyTCU0
    145 root     -51   0       0      0      0 S   0.0   0.0   0:00.00 irq/114-3160000
    147 root     -51   0       0      0      0 S   0.0   0.0   0:00.00 irq/115-3180000
    149 root     -51   0       0      0      0 S   0.0   0.0   0:00.00 irq/116-31b0000
    150 root     -51   0       0      0      0 S   0.0   0.0   0:00.02 irq/167-c240000
    151 root     -51   0       0      0      0 S   0.0   0.0   0:00.00 irq/168-c250000
    152 root     -51   0       0      0      0 S   0.0   0.0   0:00.00 irq/125-3610000
    153 root     -51   0       0      0      0 S   0.0   0.0   0:00.00 irq/122-3610000
    155 root       0 -20       0      0      0 I   0.0   0.0   0:00.00 sdhci
    156 root     -51   0       0      0      0 S   0.0   0.0   0:00.00 irq/120-mmc0
    157 root     -51   0       0      0      0 S   0.0   0.0   0:00.00 irq/230-3400000
    174 root       0 -20       0      0      0 I   0.0   0.0   0:00.05 kworker/3:1H-kblockd
    180 root     -51   0       0      0      0 S   0.0   0.0   0:00.00 irq/191-tegra-p
    181 root       0 -20       0      0      0 I   0.0   0.0   0:00.00 nvme-wq
    182 root       0 -20       0      0      0 I   0.0   0.0   0:00.00 nvme-reset-wq
    183 root       0 -20       0      0      0 I   0.0   0.0   0:00.00 nvme-delete-wq
    192 root     -51   0       0      0      0 S   0.0   0.0   0:00.00 irq/191-aerdrv
    193 root     -51   0       0      0      0 S   0.0   0.0   0:00.00 irq/193-tegra-p
    196 root     -51   0       0      0      0 S   0.0   0.0   0:00.00 irq/193-aerdrv
    197 root     -51   0       0      0      0 S   0.0   0.0   0:00.00 irq/195-tegra-p
    199 root     -51   0       0      0      0 S   0.0   0.0   0:00.00 irq/232-nvme0q0
    200 root     -51   0       0      0      0 S   0.0   0.0   0:00.25 irq/233-nvme0q1
    201 root     -51   0       0      0      0 S   0.0   0.0   0:00.29 irq/234-nvme0q2
    202 root     -51   0       0      0      0 S   0.0   0.0   0:00.43 irq/235-nvme0q3
    203 root     -51   0       0      0      0 S   0.0   0.0   0:00.55 irq/236-nvme0q4
    204 root     -51   0       0      0      0 S   0.0   0.0   0:00.13 irq/237-nvme0q5
    205 root     -51   0       0      0      0 S   0.0   0.0   0:00.09 irq/238-nvme0q6
    211 root       0 -20       0      0      0 I   0.0   0.0   0:00.05 kworker/4:1H-kblockd
    212 root      20   0       0      0      0 S   0.0   0.0   0:00.88 jbd2/nvme0n1p1-
    213 root       0 -20       0      0      0 I   0.0   0.0   0:00.00 ext4-rsv-conver
    222 root       0 -20       0      0      0 I   0.0   0.0   0:00.00 mld
    223 root       0 -20       0      0      0 I   0.0   0.0   0:00.03 kworker/0:1H-kblockd
    224 root       0 -20       0      0      0 I   0.0   0.0   0:00.00 ipv6_addrconf
    256 root      19  -1   40648  14960  13348 S   0.0   0.2   0:17.92 systemd-journal
    278 root       0 -20       0      0      0 I   0.0   0.0   0:00.07 kworker/2:1H-kblockd
    280 root      39  19       0      0      0 S   0.0   0.0   0:00.48 nvmap-bz
    281 root     -51   0       0      0      0 S   0.0   0.0   0:00.00 irq/188-host1x_
    285 root     -51   0       0      0      0 S   0.0   0.0   0:00.00 irq/197-gk20a_s
    286 root     -51   0       0      0      0 S   0.0   0.0   0:00.01 irq/198-gk20a_s
    287 root     -51   0       0      0      0 S   0.0   0.0   0:00.01 irq/199-gk20a_s
    288 root     -51   0       0      0      0 S   0.0   0.0   0:00.00 irq/200-gk20a_n
    291 root       0 -20       0      0      0 I   0.0   0.0   0:00.04 kworker/5:1H-kblockd
    295 root      20   0   11116   3460   3204 S   0.0   0.0   0:00.00 nv-tee-supplica
    299 root      20   0   76588   1360   1248 S   0.0   0.0   0:00.01 tee-supplicant
    301 root       0 -20       0      0      0 I   0.0   0.0   0:00.00 optee_bus_scan
    303 root     -51   0       0      0      0 S   0.0   0.0   0:00.00 irq/189-tegra-p
    312 root      20   0   23732   6316   4080 S   0.0   0.1   0:17.81 systemd-udevd
    313 root     -51   0       0      0      0 S   0.0   0.0   0:00.00 irq/189-aerdrv
    314 root      20   0   23216   5812   3992 S   0.0   0.1   0:00.38 systemd-udevd
    315 root      20   0   23216   5020   3248 S   0.0   0.1   0:00.15 systemd-udevd
    316 root      20   0   23268   6224   4288 S   0.0   0.1   0:00.16 systemd-udevd
    317 root      20   0   23220   4364   2600 S   0.0   0.1   0:00.11 systemd-udevd
    318 root      20   0   23216   4480   2672 S   0.0   0.1   0:00.12 systemd-udevd
    319 root      20   0   23212   5812   3980 S   0.0   0.1   0:00.28 systemd-udevd
    320 root      20   0   23264   4688   2764 S   0.0   0.1   0:00.13 systemd-udevd
    321 root      20   0   23268   5072   3136 S   0.0   0.1   0:00.18 systemd-udevd
    322 root      20   0   23524   5520   3456 S   0.0   0.1   0:00.26 systemd-udevd
    323 root      20   0   23216   6280   4444 S   0.0   0.1   0:00.37 systemd-udevd
    324 root      20   0   23220   5196   3388 S   0.0   0.1   0:00.16 systemd-udevd
    325 root      20   0   23220   5820   3976 S   0.0   0.1   0:00.37 systemd-udevd
    326 root      20   0   23220   5236   3388 S   0.0   0.1   0:00.39 systemd-udevd
    327 root      20   0   23220   5468   3656 S   0.0   0.1   0:00.18 systemd-udevd
    330 root      20   0   23512   5728   3684 S   0.0   0.1   0:00.14 systemd-udevd
    331 root      20   0   24292   5540   2676 S   0.0   0.1   0:00.16 systemd-udevd
    333 root      20   0   23524   5596   3532 S   0.0   0.1   0:00.26 systemd-udevd
    334 root      20   0   23220   5080   3240 S   0.0   0.1   0:00.25 systemd-udevd
    335 root      20   0   23220   4504   2708 S   0.0   0.1   0:00.11 systemd-udevd
    336 root      20   0   23220   4696   2892 S   0.0   0.1   0:00.14 systemd-udevd
    337 root      20   0   23524   5056   2992 S   0.0   0.1   0:00.16 systemd-udevd
    339 root      20   0   23220   4980   3148 S   0.0   0.1   0:00.17 systemd-udevd
    341 root      20   0   23276   5328   3384 S   0.0   0.1   0:00.13 systemd-udevd
    342 root      20   0   23280   5176   3228 S   0.0   0.1   0:00.13 systemd-udevd
    343 root      20   0   23220   5984   4152 S   0.0   0.1   0:00.30 systemd-udevd
    344 root      20   0   23560   6700   4596 S   0.0   0.1   0:00.48 systemd-udevd
    345 root      20   0       0      0      0 S   0.0   0.0   0:00.00 15820000.crypto
    346 root      20   0       0      0      0 S   0.0   0.0   0:00.00 15840000.crypto
    368 root      20   0   23324   5984   4116 S   0.0   0.1   0:00.40 systemd-udevd
    417 root     -51   0       0      0      0 S   0.0   0.0   0:00.00 irq/219-bc00000
    419 root      -2   0       0      0      0 S   0.0   0.0   0:00.00 capture-control
    420 root      -2   0       0      0      0 S   0.0   0.0   0:00.00 capture
    422 root     -51   0       0      0      0 S   0.0   0.0   0:00.00 irq/214-tegra_d
    423 root     -51   0       0      0      0 S   0.0   0.0   0:00.00 irq/215-tegra_d
    424 root       0 -20       0      0      0 I   0.0   0.0   0:00.00 dce-async-ipc-w
    425 root     -51   0       0      0      0 S   0.0   0.0   0:00.00 irq/240-nvvrs-p
    427 root      20   0       0      0      0 S   0.0   0.0   0:00.00 nv_queue
    428 root      20   0       0      0      0 S   0.0   0.0   0:00.00 nv_queue
    483 root     -51   0       0      0      0 S   0.0   0.0   0:00.00 irq/118-3210000
    487 root      20   0       0      0      0 S   0.0   0.0   0:00.00 spi0
    495 root       0 -20       0      0      0 I   0.0   0.0   0:00.00 cfg80211
    497 root     -51   0       0      0      0 S   0.0   0.0   0:00.00 irq/119-3230000
    498 root      20   0       0      0      0 S   0.0   0.0   0:00.00 spi1
    584 root       0 -20       0      0      0 I   0.0   0.0   0:00.00 btfwwork
    650 root      20   0    8236   6424   1432 S   0.0   0.1   0:00.57 haveged
    653 _rpc      20   0    7932   2264   1912 S   0.0   0.0   0:00.02 rpcbind
    659 systemd+  20   0   26320  13580   8496 S   0.0   0.2   0:00.40 systemd-resolve
    662 systemd+  20   0   88880   6332   5484 S   0.0   0.1   0:00.13 systemd-timesyn
    826 avahi     20   0    8084   3108   2752 S   0.0   0.0   0:00.47 avahi-daemon
    827 root      20   0    9888   4552   4112 S   0.0   0.1   0:00.07 bluetoothd
    838 root      20   0   43504  19780  10232 S   0.0   0.3   0:00.15 networkd-dispat
    849 root      20   0  241652   9056   6312 S   0.0   0.1   0:00.40 power-profiles-
    859 root      20   0    2240    796    720 S   0.0   0.0   0:00.00 seatd
    865 root      20   0 2145956  51796  25768 S   0.0   0.7   0:25.63 snapd
    869 root      20   0  238128   6232   5620 S   0.0   0.1   0:00.04 switcheroo-cont
    871 root      20   0   48968   7620   6296 S   0.0   0.1   0:02.44 systemd-logind
    874 root      20   0  394188  13988   9476 S   0.0   0.2   0:00.82 udisksd
    875 root      20   0   16632   9928   8148 S   0.0   0.1   0:00.89 wpa_supplicant
    882 avahi     20   0    7812    356      0 S   0.0   0.0   0:00.00 avahi-daemon
    921 root      30  10   11248   3612   3220 S   0.0   0.0   0:05.60 wifi_mon.sh
    983 root      20   0    2460   1556   1380 S   0.0   0.0   0:05.37 nvfancontrol
   1049 root      20   0       0      0      0 S   0.0   0.0   0:00.00 sw-quiesce
   1068 root      20   0       0      0      0 S   0.0   0.0   0:00.00 nvgpu_pg_init_g
   1087 root      20   0       0      0      0 S   0.0   0.0   0:00.00 nvgpu_clk_arb_p
   1117 root      20   0       0      0      0 S   0.0   0.0   0:05.07 RTW_CMD_THREAD
   1157 root      20   0   75936   9960   8136 S   0.0   0.1   0:00.01 nvargus-daemon
   1158 root      20   0   11116   3520   3220 S   0.0   0.0   0:00.05 nvmemwarning.sh
   1171 root      20   0   22192   1776   1580 S   0.0   0.0   0:00.00 nvs-service
   1181 ollama    20   0 2006720  39588  20072 S   0.0   0.5   0:00.74 ollama
   1195 root      20   0    2336   1408   1292 S   0.0   0.0   0:01.96 run-cups-browse
   1201 root      20   0    2336   1424   1296 S   0.0   0.0   0:02.02 run-cupsd
   1204 root      20   0       0      0      0 S   0.0   0.0   0:00.00 pr/ramoops-1
   1239 root      20   0   10772   2824   2576 S   0.0   0.0   0:00.04 cron
   1259 root      20   0  243128   8056   7012 S   0.0   0.1   0:00.02 gdm3
   1263 kernoops  20   0   12812    452      0 S   0.0   0.0   0:00.01 kerneloops
   1290 root      20   0    9468    800    724 S   0.0   0.0   0:00.00 agetty
   1291 kernoops  20   0   12812    452      0 S   0.0   0.0   0:00.01 kerneloops
   1293 root      20   0    9468    804    724 S   0.0   0.0   0:00.00 agetty
   1330 root      20   0  173408   8804   7628 S   0.0   0.1   0:00.02 gdm-session-wor
   1417 root      20   0       0      0      0 S   0.0   0.0   0:00.00 file-storage
   1426 root      20   0   15272   8368   6788 S   0.0   0.1   0:00.48 sshd
   1474 gdm       20   0   18120   9728   7360 S   0.0   0.1   0:00.41 systemd
   1478 root      20   0    3076    992    880 S   0.0   0.0   0:00.00 nvphsd
   1483 root      20   0    3208   1476   1316 S   0.0   0.0   0:00.00 nvphsd
   1497 gdm       20   0  106692   4552      0 S   0.0   0.1   0:00.00 (sd-pam)
   1588 root      20   0 2352492  96592  56580 S   0.0   1.2   0:04.97 dockerd
   1688 gdm        9 -11   41972   6472   5156 S   0.0   0.1   0:00.05 pipewire
   1689 gdm       20   0   25476   6428   5104 S   0.0   0.1   0:00.99 pipewire-media-
   1690 gdm        9 -11  891840  20748  12584 S   0.0   0.3   0:00.76 pulseaudio
   1695 gdm       20   0  163948   5472   4964 S   0.0   0.1   0:00.00 gdm-x-session
   1697 root      20   0   24.2g  80524  35884 S   0.0   1.0   0:01.68 Xorg
   1698 rtkit     21   1  153504   1588   1380 S   0.0   0.0   0:00.21 rtkit-daemon
   1729 gdm       20   0    8840   3600   3212 S   0.0   0.0   0:00.02 dbus-daemon
   1748 root      20   0       0      0      0 S   0.0   0.0   0:00.00 nvidia-modeset/
   1749 root      20   0       0      0      0 S   0.0   0.0   0:00.00 nvidia-modeset/
   1752 root      20   0       0      0      0 S   0.0   0.0   0:00.00 nvidia
   1753 root      20   0       0      0      0 S   0.0   0.0   0:00.00 nv_queue
   1790 root      20   0       0      0      0 S   0.0   0.0   0:00.00 nvidia-drm-nv-t
   1791 root     -51   0       0      0      0 S   0.0   0.0   0:00.00 card1-crtc0
   1792 root     -51   0       0      0      0 S   0.0   0.0   0:00.00 card1-crtc1
   1980 gdm       20   0    5876   1552   1344 S   0.0   0.0   0:00.00 dbus-run-sessio
   1983 gdm       20   0    9108   4440   3588 S   0.0   0.1   0:00.13 dbus-daemon
   2035 gdm       20   0  597840  17824  12972 S   0.0   0.2   0:00.72 gnome-session-b
   2057 gdm       20   0  310068   8976   6272 S   0.0   0.1   0:00.00 at-spi-bus-laun
   2062 gdm       20   0    8692   3556   3168 S   0.0   0.0   0:00.00 dbus-daemon
   2092 gdm       20   0  237676   4964   4528 S   0.0   0.1   0:00.00 xdg-permission-
   2099 root      20   0  243852  10136   6984 S   0.0   0.1   0:00.34 upowerd
   2106 root      20   0  301608  19332  16408 S   0.0   0.2   0:01.05 packagekitd
   2110 gdm       20   0 2812288  25716  20860 S   0.0   0.3   0:00.08 gjs
   2113 gdm       20   0  163144   7196   6428 S   0.0   0.1   0:00.01 at-spi2-registr
   2141 gdm       20   0  468748   9856   7940 S   0.0   0.1   0:01.31 gsd-sharing
   2146 gdm       20   0  338880  14892  12620 S   0.0   0.2   0:00.06 gsd-wacom
   2148 gdm       20   0  451616  18896  16480 S   0.0   0.2   0:00.16 gsd-color
   2150 gdm       20   0  412392  17092  13292 S   0.0   0.2   0:00.04 gsd-keyboard
   2152 gdm       20   0  316864  13188   6244 S   0.0   0.2   0:00.10 ibus-daemon
   2156 gdm       20   0  326124   9848   8488 S   0.0   0.1   0:00.02 gsd-print-notif
   2166 gdm       20   0  242216   6512   5848 S   0.0   0.1   0:00.01 gvfsd
   2168 gdm       20   0  459796   6140   5436 S   0.0   0.1   0:00.39 gsd-rfkill
   2170 gdm       20   0  388312   7432   6528 S   0.0   0.1   0:00.01 gsd-smartcard
   2173 gdm       20   0  380556  16508  12504 S   0.0   0.2   0:00.03 gsd-datetime
   2183 gdm       20   0  864216  20108  17428 S   0.0   0.3   0:00.37 gsd-media-keys
   2184 gdm       20   0  237936   4760   4376 S   0.0   0.1   0:00.01 gsd-screensaver
   2185 gdm       20   0  322096  10392   7320 S   0.0   0.1   0:00.02 gsd-sound
   2186 gdm       20   0  312416   8104   5476 S   0.0   0.1   0:00.01 gsd-a11y-settin
   2193 gdm       20   0  313996   8944   6152 S   0.0   0.1   0:00.64 gsd-housekeepin
   2195 gdm       20   0  450004  20288  15904 S   0.0   0.3   0:00.37 gsd-power
   2218 gdm       20   0  347052  12608  10748 S   0.0   0.2   0:00.03 gsd-printer
   2221 gdm       20   0  239040   6576   5948 S   0.0   0.1   0:00.00 ibus-dconf
   2233 gdm       20   0  238936   5920   5488 S   0.0   0.1   0:00.00 ibus-portal
   2263 colord    20   0  247516  14492   8720 S   0.0   0.2   0:00.23 colord
   2285 gdm       20   0 2812300  27868  20904 S   0.0   0.4   0:00.09 gjs
   2349 gdm       20   0  165096   6516   5892 S   0.0   0.1   0:00.01 ibus-engine-sim
   2508 root      20   0  136716  13172   9512 S   0.0   0.2   0:00.61 cupsd
   2522 root      20   0  260792  17940  13508 S   0.0   0.2   0:01.22 cups-browsed
  11687 jetson    20   0   18140   9764   7368 S   0.0   0.1   0:00.32 systemd
  11688 jetson    20   0  172512   4632      0 S   0.0   0.1   0:00.00 (sd-pam)
  11696 jetson    20   0   41976   6552   5228 S   0.0   0.1   0:00.04 pipewire
  11697 jetson    20   0   25484   6724   5388 S   0.0   0.1   0:01.06 pipewire-media-
  11749 jetson    20   0    8888   3620   3232 S   0.0   0.0   0:00.01 dbus-daemon
  11931 jetson    20   0  706564  62076  26432 S   0.0   0.8   1:20.10 python3
  12473 root      20   0 1233488  13236   6340 S   0.0   0.2   0:01.96 containerd-shim
  12502 jetson    20   0    5508    792    704 S   0.0   0.0   0:00.20 sleep
  12567 root      20   0   21892   5484   3884 S   0.0   0.1   0:16.81 systemd-udevd
  12575 root      20   0   21760   4536   2952 S   0.0   0.1   0:34.23 systemd-udevd
  13234 jetson    20   0  203640  35476  13212 S   0.0   0.5   0:00.75 ros2
  13236 jetson    20   0 2070472  36080  17228 S   0.0   0.5   0:00.55 docker
  13238 jetson    20   0  428384  31060  15828 S   0.0   0.4   1:22.42 robot_state_pub
  13265 root      20   0 1232976  11192   5960 S   0.0   0.1   0:01.40 containerd-shim
  13294 root      20   0   49400  29204  14412 S   0.0   0.4   0:00.40 ros2
  13554 root      20   0   21760   4460   2932 S   0.0   0.1   0:00.03 systemd-udevd
  13555 root      20   0   21760   3352   1860 S   0.0   0.0   0:00.00 systemd-udevd
  13568 root      20   0   21760   3376   1864 S   0.0   0.0   0:00.02 systemd-udevd
  13569 root      20   0   21760   4136   2588 S   0.0   0.1   0:00.06 systemd-udevd
  13570 root      20   0   21764   4492   2960 S   0.0   0.1   0:00.05 systemd-udevd
  13571 root      20   0   21764   4108   2588 S   0.0   0.1   0:00.03 systemd-udevd
  13580 root      20   0   21764   4136   2588 S   0.0   0.1   0:00.04 systemd-udevd
  13581 root      20   0   21764   3708   2180 S   0.0   0.0   0:00.00 systemd-udevd
  13582 root      20   0   21764   4268   2704 S   0.0   0.1   0:00.06 systemd-udevd
  13594 root      20   0   21764   3408   1864 S   0.0   0.0   0:00.01 systemd-udevd
  13595 root      20   0   21764   4012   2468 S   0.0   0.1   0:00.02 systemd-udevd
  33484 root      20   0       0      0      0 I   0.0   0.0   0:12.31 kworker/u12:0-events_freezable_power_
  49116 root      20   0       0      0      0 I   0.0   0.0   0:00.64 kworker/0:0-events
  90870 root      20   0       0      0      0 I   0.0   0.0   0:11.74 kworker/u12:11-events_freezable_power_
  98217 root      20   0  238836   6944   5696 S   0.0   0.1   0:02.20 iio-sensor-prox
 100141 root      20   0       0      0      0 I   0.0   0.0   0:09.70 kworker/u12:6-events_unbound
 149635 root      20   0       0      0      0 I   0.0   0.0   0:00.45 kworker/3:0-events
 199974 root      20   0       0      0      0 I   0.0   0.0   0:05.37 kworker/u12:1-events_unbound
 205195 root       0 -20       0      0      0 I   0.0   0.0   0:09.93 kworker/u13:0-uvcvideo
 219316 root       0 -20       0      0      0 I   0.0   0.0   0:09.27 kworker/u13:3-uvcvideo
 234404 root      20   0       0      0      0 I   0.0   0.0   0:00.55 kworker/5:0-events
 253037 root      20   0       0      0      0 I   0.0   0.0   0:02.67 kworker/u12:8-events_freezable_power_
 271538 root      20   0  410228  41960  21380 S   0.0   0.5   0:01.38 fwupd
 278878 root      20   0       0      0      0 I   0.0   0.0   0:00.09 kworker/4:2-pm
 284193 root      20   0       0      0      0 I   0.0   0.0   0:01.54 kworker/u12:3-events_unbound
 289098 jetson    20   0  572504  38648  13228 S   0.0   0.5   0:00.95 ros2
 289121 jetson    20   0 1082820  58716  26356 S   0.0   0.8   0:30.82 foxglove_bridge
 290503 jetson    20   0  129772  34672  13228 S   0.0   0.4   0:00.69 ros2
 295127 root      20   0       0      0      0 I   0.0   0.0   0:00.02 kworker/1:3-cgroup_destroy
 295225 root      20   0       0      0      0 I   0.0   0.0   0:00.00 kworker/3:1-events
 298318 root      20   0       0      0      0 I   0.0   0.0   0:00.00 kworker/4:0-events
 298521 root      20   0       0      0      0 I   0.0   0.0   0:00.00 kworker/5:1-cgroup_destroy
 301519 root      20   0       0      0      0 I   0.0   0.0   0:00.04 kworker/0:1-events
 301563 root      20   0       0      0      0 I   0.0   0.0   0:00.00 kworker/2:0-cgroup_destroy
 301980 jetson    20   0   53568  30336  15004 S   0.0   0.4   0:00.44 ros2
 302359 root       0 -20       0      0      0 I   0.0   0.0   0:01.66 kworker/u13:2-uvcvideo
 305476 root      20   0       0      0      0 I   0.0   0.0   0:00.78 kworker/u12:9-events_freezable_power_
 314676 root      20   0       0      0      0 I   0.0   0.0   0:00.00 kworker/5:2-events
 314679 root      20   0       0      0      0 I   0.0   0.0   0:00.00 kworker/2:1-events
 314725 root      20   0       0      0      0 I   0.0   0.0   0:00.00 kworker/0:2
 314862 root      20   0       0      0      0 I   0.0   0.0   0:00.00 kworker/1:0-events
 315002 root      20   0       0      0      0 I   0.0   0.0   0:00.00 kworker/2:2
 316431 root      20   0    9436    772    692 S   0.0   0.0   0:00.00 sleep
 316651 root      20   0       0      0      0 I   0.0   0.0   0:00.01 kworker/3:2-events
 316919 jetson    20   0   11248   3308   2868 S   0.0   0.0   0:00.03 bash
 318996 jetson    20   0   11248   3304   2868 S   0.0   0.0   0:00.01 bash
 319049 jetson    20   0    2872    896    800 S   0.0   0.0   0:00.02 tegrastats
 319246 jetson    20   0    9480    820    736 S   0.0   0.0   0:00.00 tail
 319374 root      30  10    9436    780    704 S   0.0   0.0   0:00.00 sleep

top - 13:48:12 up  4:11,  0 users,  load average: 6.22, 5.20, 5.27
Tasks: 349 total,   2 running, 347 sleeping,   0 stopped,   0 zombie
%Cpu(s): 43.4 us,  9.0 sy,  0.0 ni, 43.4 id,  0.0 wa,  2.3 hi,  1.8 si,  0.0 st
MiB Mem :   7607.4 total,   2755.4 free,   2026.2 used,   2825.8 buff/cache
MiB Swap:   3803.7 total,   3803.7 free,      0.0 used.   5283.3 avail Mem 

    PID USER      PR  NI    VIRT    RES    SHR S  %CPU  %MEM     TIME+ COMMAND
 319245 jetson    20   0  753596  71104  29576 S  42.6   0.9   0:03.79 python3
 289467 jetson    20   0  709004  62292  27276 S  35.6   0.8   4:47.67 python3
 303945 jetson    20   0  963220  47504  23528 S  30.7   0.6   0:47.66 controller_serv
 319047 jetson    20   0  764356  55844  25376 S  25.2   0.7   0:03.30 ros2
 301995 jetson    20   0 9351040 403524  85056 S  17.3   5.2   1:20.65 nvblox_node
 303953 jetson    20   0  531036  46396  26216 S  16.3   0.6   0:41.90 bt_navigator
 289115 jetson    20   0  711060  66712  27276 R  14.9   0.9   2:12.77 python3
 289113 jetson    20   0 1748412 107168  51312 S  14.4   1.4   1:55.72 realsense2_came
 289117 jetson    20   0  432948  28320  14224 S  13.9   0.4   2:10.72 rplidar_node
 289469 jetson    20   0  506204  34000  18400 S  11.4   0.4   1:33.02 ekf_node
 303985 jetson    20   0  577392  31576  16252 S  11.4   0.4   0:48.32 lifecycle_manag
 290529 jetson    20   0 1061844  52328  24360 S  10.9   0.7   0:32.91 async_slam_tool
 303949 jetson    20   0 1209648  91532  42832 S  10.4   1.2   0:48.01 planner_server
 303943 jetson    20   0  709520  64224  27412 S   9.9   0.8   0:21.26 python3
 289119 jetson    20   0  708116  63664  27448 S   8.9   0.8   1:13.29 python3
 303951 jetson    20   0  516316  35092  21016 S   7.4   0.5   0:33.52 behavior_server
 303947 jetson    20   0  664536  32980  19416 S   5.9   0.4   0:28.41 smoother_server
 303955 jetson    20   0  431300  29232  17008 S   5.9   0.4   0:23.62 waypoint_follow
 303973 jetson    20   0  428560  27816  15960 S   5.4   0.4   0:23.77 velocity_smooth
  13320 root      20   0 1300240  43632  11392 S   4.5   0.6  17:29.17 micro_ros_agent
    904 root      rt   0       0      0      0 S   1.5   0.0   1:03.97 sugov:0
    909 root      rt   0       0      0      0 S   1.5   0.0   0:30.26 sugov:4
  12575 root      20   0   21760   4536   2952 S   1.0   0.1   0:34.25 systemd-udevd
     14 root      20   0       0      0      0 S   0.5   0.0   0:13.41 ksoftirqd/0
     15 root      20   0       0      0      0 I   0.5   0.0   0:05.83 rcu_preempt
    256 root      19  -1   40648  14960  13348 S   0.5   0.2   0:17.93 systemd-journal
  12567 root      20   0   21892   5484   3884 S   0.5   0.1   0:16.82 systemd-udevd
 205195 root       0 -20       0      0      0 I   0.5   0.0   0:09.94 kworker/u13:0-uvcvideo
 274472 root       0 -20       0      0      0 I   0.5   0.0   0:03.78 kworker/u13:1-uvcvideo
 284193 root      20   0       0      0      0 I   0.5   0.0   0:01.55 kworker/u12:3-events_unbound
 305476 root      20   0       0      0      0 I   0.5   0.0   0:00.79 kworker/u12:9-events_freezable_power_
 319048 jetson    20   0   14344   3368   2772 R   0.5   0.0   0:00.12 top
      1 root      20   0  167628  11768   7448 S   0.0   0.2   0:20.36 systemd
      2 root      20   0       0      0      0 S   0.0   0.0   0:00.02 kthreadd
      3 root       0 -20       0      0      0 I   0.0   0.0   0:00.00 rcu_gp
      4 root       0 -20       0      0      0 I   0.0   0.0   0:00.00 rcu_par_gp
      5 root       0 -20       0      0      0 I   0.0   0.0   0:00.00 slub_flushwq
      6 root       0 -20       0      0      0 I   0.0   0.0   0:00.00 netns
      8 root       0 -20       0      0      0 I   0.0   0.0   0:00.00 kworker/0:0H-events_highpri
     10 root       0 -20       0      0      0 I   0.0   0.0   0:00.00 mm_percpu_wq
     11 root      20   0       0      0      0 S   0.0   0.0   0:00.00 rcu_tasks_kthre
     12 root      20   0       0      0      0 S   0.0   0.0   0:00.00 rcu_tasks_rude_
     13 root      20   0       0      0      0 S   0.0   0.0   0:00.00 rcu_tasks_trace
     16 root      rt   0       0      0      0 S   0.0   0.0   0:00.01 migration/0
     17 root      20   0       0      0      0 S   0.0   0.0   0:00.00 cpuhp/0
     18 root      20   0       0      0      0 S   0.0   0.0   0:00.00 cpuhp/1
     19 root      rt   0       0      0      0 S   0.0   0.0   0:00.01 migration/1
     20 root      20   0       0      0      0 S   0.0   0.0   0:00.83 ksoftirqd/1
     22 root       0 -20       0      0      0 I   0.0   0.0   0:00.00 kworker/1:0H-events_highpri
     23 root      20   0       0      0      0 S   0.0   0.0   0:00.00 cpuhp/2
     24 root      rt   0       0      0      0 S   0.0   0.0   0:00.00 migration/2
     25 root      20   0       0      0      0 S   0.0   0.0   0:00.83 ksoftirqd/2
     27 root       0 -20       0      0      0 I   0.0   0.0   0:00.00 kworker/2:0H-events_highpri
     28 root      20   0       0      0      0 S   0.0   0.0   0:00.00 cpuhp/3
     29 root      rt   0       0      0      0 S   0.0   0.0   0:00.00 migration/3
     30 root      20   0       0      0      0 S   0.0   0.0   0:00.78 ksoftirqd/3
     32 root       0 -20       0      0      0 I   0.0   0.0   0:00.00 kworker/3:0H-events_highpri
     33 root      20   0       0      0      0 S   0.0   0.0   0:00.00 cpuhp/4
     34 root      rt   0       0      0      0 S   0.0   0.0   0:00.03 migration/4
     35 root      20   0       0      0      0 S   0.0   0.0   0:00.58 ksoftirqd/4
     37 root       0 -20       0      0      0 I   0.0   0.0   0:00.00 kworker/4:0H-kblockd
     38 root      20   0       0      0      0 S   0.0   0.0   0:00.00 cpuhp/5
     39 root      rt   0       0      0      0 S   0.0   0.0   0:00.03 migration/5
     40 root      20   0       0      0      0 S   0.0   0.0   0:00.59 ksoftirqd/5
     42 root       0 -20       0      0      0 I   0.0   0.0   0:00.00 kworker/5:0H-events_highpri
     43 root      20   0       0      0      0 S   0.0   0.0   0:00.01 kdevtmpfs
     44 root       0 -20       0      0      0 I   0.0   0.0   0:00.00 inet_frag_wq
     51 root      20   0       0      0      0 S   0.0   0.0   0:00.00 kauditd
     52 root      20   0       0      0      0 S   0.0   0.0   0:00.00 oom_reaper
     53 root       0 -20       0      0      0 I   0.0   0.0   0:00.00 writeback
     54 root      20   0       0      0      0 S   0.0   0.0   0:00.12 kcompactd0
     55 root      25   5       0      0      0 S   0.0   0.0   0:00.00 ksmd
     56 root      39  19       0      0      0 S   0.0   0.0   0:01.26 khugepaged
     67 root       0 -20       0      0      0 I   0.0   0.0   0:00.00 cryptd
     86 root       0 -20       0      0      0 I   0.0   0.0   0:00.00 kintegrityd
     87 root       0 -20       0      0      0 I   0.0   0.0   0:00.00 kblockd
     88 root       0 -20       0      0      0 I   0.0   0.0   0:00.00 blkcg_punt_bio
     89 root       0 -20       0      0      0 I   0.0   0.0   0:00.00 tpm_dev_wq
     90 root       0 -20       0      0      0 I   0.0   0.0   0:00.00 ata_sff
     91 root       0 -20       0      0      0 I   0.0   0.0   0:00.00 edac-poller
     92 root       0 -20       0      0      0 I   0.0   0.0   0:00.00 devfreq_wq
     93 root     -51   0       0      0      0 S   0.0   0.0   0:00.00 watchdogd
     96 root       0 -20       0      0      0 I   0.0   0.0   0:00.05 kworker/1:1H-kblockd
     97 root       0 -20       0      0      0 I   0.0   0.0   0:00.00 rpciod
     99 root       0 -20       0      0      0 I   0.0   0.0   0:00.00 xprtiod
    127 root      20   0       0      0      0 S   0.0   0.0   0:00.00 kswapd0
    128 root       0 -20       0      0      0 I   0.0   0.0   0:00.00 nfsiod
    132 root       0 -20       0      0      0 I   0.0   0.0   0:00.00 vfio-irqfd-clea
    133 root       0 -20       0      0      0 I   0.0   0.0   0:00.00 bch_btree_io
    134 root       0 -20       0      0      0 I   0.0   0.0   0:00.00 bcache
    135 root       0 -20       0      0      0 I   0.0   0.0   0:00.00 bch_journal
    136 root       0 -20       0      0      0 I   0.0   0.0   0:00.00 dm_bufio_cache
    137 root      20   0       0      0      0 I   0.0   0.0   0:01.56 kworker/1:2-events
    139 root      20   0       0      0      0 I   0.0   0.0   0:00.99 kworker/2:3-events
    140 root      10 -10       0      0      0 S   0.0   0.0   0:00.00 krfcommd
    141 root      20   0       0      0      0 S   0.0   0.0   0:00.01 pr/tty0
    142 root      20   0       0      0      0 S   0.0   0.0   0:03.05 pr/ttyTCU0
    145 root     -51   0       0      0      0 S   0.0   0.0   0:00.00 irq/114-3160000
    147 root     -51   0       0      0      0 S   0.0   0.0   0:00.00 irq/115-3180000
    149 root     -51   0       0      0      0 S   0.0   0.0   0:00.00 irq/116-31b0000
    150 root     -51   0       0      0      0 S   0.0   0.0   0:00.02 irq/167-c240000
    151 root     -51   0       0      0      0 S   0.0   0.0   0:00.00 irq/168-c250000
    152 root     -51   0       0      0      0 S   0.0   0.0   0:00.00 irq/125-3610000
    153 root     -51   0       0      0      0 S   0.0   0.0   0:00.00 irq/122-3610000
    155 root       0 -20       0      0      0 I   0.0   0.0   0:00.00 sdhci
    156 root     -51   0       0      0      0 S   0.0   0.0   0:00.00 irq/120-mmc0
    157 root     -51   0       0      0      0 S   0.0   0.0   0:00.00 irq/230-3400000
    174 root       0 -20       0      0      0 I   0.0   0.0   0:00.05 kworker/3:1H-kblockd
    180 root     -51   0       0      0      0 S   0.0   0.0   0:00.00 irq/191-tegra-p
    181 root       0 -20       0      0      0 I   0.0   0.0   0:00.00 nvme-wq
    182 root       0 -20       0      0      0 I   0.0   0.0   0:00.00 nvme-reset-wq
    183 root       0 -20       0      0      0 I   0.0   0.0   0:00.00 nvme-delete-wq
    192 root     -51   0       0      0      0 S   0.0   0.0   0:00.00 irq/191-aerdrv
    193 root     -51   0       0      0      0 S   0.0   0.0   0:00.00 irq/193-tegra-p
    196 root     -51   0       0      0      0 S   0.0   0.0   0:00.00 irq/193-aerdrv
    197 root     -51   0       0      0      0 S   0.0   0.0   0:00.00 irq/195-tegra-p
    199 root     -51   0       0      0      0 S   0.0   0.0   0:00.00 irq/232-nvme0q0
    200 root     -51   0       0      0      0 S   0.0   0.0   0:00.25 irq/233-nvme0q1
    201 root     -51   0       0      0      0 S   0.0   0.0   0:00.29 irq/234-nvme0q2
    202 root     -51   0       0      0      0 S   0.0   0.0   0:00.43 irq/235-nvme0q3
    203 root     -51   0       0      0      0 S   0.0   0.0   0:00.55 irq/236-nvme0q4
    204 root     -51   0       0      0      0 S   0.0   0.0   0:00.13 irq/237-nvme0q5
    205 root     -51   0       0      0      0 S   0.0   0.0   0:00.09 irq/238-nvme0q6
    211 root       0 -20       0      0      0 I   0.0   0.0   0:00.05 kworker/4:1H-kblockd
    212 root      20   0       0      0      0 S   0.0   0.0   0:00.88 jbd2/nvme0n1p1-
    213 root       0 -20       0      0      0 I   0.0   0.0   0:00.00 ext4-rsv-conver
    222 root       0 -20       0      0      0 I   0.0   0.0   0:00.00 mld
    223 root       0 -20       0      0      0 I   0.0   0.0   0:00.03 kworker/0:1H-kblockd
    224 root       0 -20       0      0      0 I   0.0   0.0   0:00.00 ipv6_addrconf
    278 root       0 -20       0      0      0 I   0.0   0.0   0:00.07 kworker/2:1H-kblockd
    280 root      39  19       0      0      0 S   0.0   0.0   0:00.48 nvmap-bz
    281 root     -51   0       0      0      0 S   0.0   0.0   0:00.00 irq/188-host1x_
    285 root     -51   0       0      0      0 S   0.0   0.0   0:00.00 irq/197-gk20a_s
    286 root     -51   0       0      0      0 S   0.0   0.0   0:00.01 irq/198-gk20a_s
    287 root     -51   0       0      0      0 S   0.0   0.0   0:00.01 irq/199-gk20a_s
    288 root     -51   0       0      0      0 S   0.0   0.0   0:00.00 irq/200-gk20a_n
    291 root       0 -20       0      0      0 I   0.0   0.0   0:00.04 kworker/5:1H-kblockd
    295 root      20   0   11116   3460   3204 S   0.0   0.0   0:00.00 nv-tee-supplica
    299 root      20   0   76588   1360   1248 S   0.0   0.0   0:00.01 tee-supplicant
    301 root       0 -20       0      0      0 I   0.0   0.0   0:00.00 optee_bus_scan
    303 root     -51   0       0      0      0 S   0.0   0.0   0:00.00 irq/189-tegra-p
    312 root      20   0   23732   6316   4080 S   0.0   0.1   0:17.81 systemd-udevd
    313 root     -51   0       0      0      0 S   0.0   0.0   0:00.00 irq/189-aerdrv
    314 root      20   0   23216   5812   3992 S   0.0   0.1   0:00.38 systemd-udevd
    315 root      20   0   23216   5020   3248 S   0.0   0.1   0:00.15 systemd-udevd
    316 root      20   0   23268   6224   4288 S   0.0   0.1   0:00.16 systemd-udevd
    317 root      20   0   23220   4364   2600 S   0.0   0.1   0:00.11 systemd-udevd
    318 root      20   0   23216   4480   2672 S   0.0   0.1   0:00.12 systemd-udevd
    319 root      20   0   23212   5812   3980 S   0.0   0.1   0:00.28 systemd-udevd
    320 root      20   0   23264   4688   2764 S   0.0   0.1   0:00.13 systemd-udevd
    321 root      20   0   23268   5072   3136 S   0.0   0.1   0:00.18 systemd-udevd
    322 root      20   0   23524   5520   3456 S   0.0   0.1   0:00.26 systemd-udevd
    323 root      20   0   23216   6280   4444 S   0.0   0.1   0:00.37 systemd-udevd
    324 root      20   0   23220   5196   3388 S   0.0   0.1   0:00.16 systemd-udevd
    325 root      20   0   23220   5820   3976 S   0.0   0.1   0:00.37 systemd-udevd
    326 root      20   0   23220   5236   3388 S   0.0   0.1   0:00.39 systemd-udevd
    327 root      20   0   23220   5468   3656 S   0.0   0.1   0:00.18 systemd-udevd
    330 root      20   0   23512   5728   3684 S   0.0   0.1   0:00.14 systemd-udevd
    331 root      20   0   24292   5540   2676 S   0.0   0.1   0:00.16 systemd-udevd
    333 root      20   0   23524   5596   3532 S   0.0   0.1   0:00.26 systemd-udevd
    334 root      20   0   23220   5080   3240 S   0.0   0.1   0:00.25 systemd-udevd
    335 root      20   0   23220   4504   2708 S   0.0   0.1   0:00.11 systemd-udevd
    336 root      20   0   23220   4696   2892 S   0.0   0.1   0:00.14 systemd-udevd
    337 root      20   0   23524   5056   2992 S   0.0   0.1   0:00.16 systemd-udevd
    339 root      20   0   23220   4980   3148 S   0.0   0.1   0:00.17 systemd-udevd
    340 root      20   0   23544   6732   4608 S   0.0   0.1   1:00.00 systemd-udevd
    341 root      20   0   23276   5328   3384 S   0.0   0.1   0:00.13 systemd-udevd
    342 root      20   0   23280   5176   3228 S   0.0   0.1   0:00.13 systemd-udevd
    343 root      20   0   23220   5984   4152 S   0.0   0.1   0:00.30 systemd-udevd
    344 root      20   0   23560   6700   4596 S   0.0   0.1   0:00.48 systemd-udevd
    345 root      20   0       0      0      0 S   0.0   0.0   0:00.00 15820000.crypto
    346 root      20   0       0      0      0 S   0.0   0.0   0:00.00 15840000.crypto
    368 root      20   0   23324   5984   4116 S   0.0   0.1   0:00.40 systemd-udevd
    417 root     -51   0       0      0      0 S   0.0   0.0   0:00.00 irq/219-bc00000
    419 root      -2   0       0      0      0 S   0.0   0.0   0:00.00 capture-control
    420 root      -2   0       0      0      0 S   0.0   0.0   0:00.00 capture
    422 root     -51   0       0      0      0 S   0.0   0.0   0:00.00 irq/214-tegra_d
    423 root     -51   0       0      0      0 S   0.0   0.0   0:00.00 irq/215-tegra_d
    424 root       0 -20       0      0      0 I   0.0   0.0   0:00.00 dce-async-ipc-w
    425 root     -51   0       0      0      0 S   0.0   0.0   0:00.00 irq/240-nvvrs-p
    427 root      20   0       0      0      0 S   0.0   0.0   0:00.00 nv_queue
    428 root      20   0       0      0      0 S   0.0   0.0   0:00.00 nv_queue
    483 root     -51   0       0      0      0 S   0.0   0.0   0:00.00 irq/118-3210000
    487 root      20   0       0      0      0 S   0.0   0.0   0:00.00 spi0
    495 root       0 -20       0      0      0 I   0.0   0.0   0:00.00 cfg80211
    497 root     -51   0       0      0      0 S   0.0   0.0   0:00.00 irq/119-3230000
    498 root      20   0       0      0      0 S   0.0   0.0   0:00.00 spi1
    584 root       0 -20       0      0      0 I   0.0   0.0   0:00.00 btfwwork
    650 root      20   0    8236   6424   1432 S   0.0   0.1   0:00.57 haveged
    653 _rpc      20   0    7932   2264   1912 S   0.0   0.0   0:00.02 rpcbind
    659 systemd+  20   0   26320  13580   8496 S   0.0   0.2   0:00.40 systemd-resolve
    662 systemd+  20   0   88880   6332   5484 S   0.0   0.1   0:00.13 systemd-timesyn
    826 avahi     20   0    8084   3108   2752 S   0.0   0.0   0:00.47 avahi-daemon
    827 root      20   0    9888   4552   4112 S   0.0   0.1   0:00.07 bluetoothd
    828 message+  20   0   10496   5632   3584 S   0.0   0.1   0:28.06 dbus-daemon
    829 root      20   0  264752  18684  14872 S   0.0   0.2   0:25.37 NetworkManager
    838 root      20   0   43504  19780  10232 S   0.0   0.3   0:00.15 networkd-dispat
    849 root      20   0  241652   9056   6312 S   0.0   0.1   0:00.40 power-profiles-
    854 syslog    20   0  222160   5012   3672 S   0.0   0.1   0:03.50 rsyslogd
    859 root      20   0    2240    796    720 S   0.0   0.0   0:00.00 seatd
    865 root      20   0 2145956  51796  25768 S   0.0   0.7   0:25.63 snapd
    867 root      20   0  242124   7452   6576 S   0.0   0.1   0:01.40 accounts-daemon
    869 root      20   0  238128   6232   5620 S   0.0   0.1   0:00.04 switcheroo-cont
    871 root      20   0   48968   7620   6296 S   0.0   0.1   0:02.44 systemd-logind
    874 root      20   0  394188  13988   9476 S   0.0   0.2   0:00.82 udisksd
    875 root      20   0   16632   9928   8148 S   0.0   0.1   0:00.89 wpa_supplicant
    882 avahi     20   0    7812    356      0 S   0.0   0.0   0:00.00 avahi-daemon
    921 root      30  10   11248   3612   3220 S   0.0   0.0   0:05.60 wifi_mon.sh
    969 root      20   0  237044  10468   6400 S   0.0   0.1   2:01.82 polkitd
    983 root      20   0    2460   1556   1380 S   0.0   0.0   0:05.37 nvfancontrol
   1049 root      20   0       0      0      0 S   0.0   0.0   0:00.00 sw-quiesce
   1052 root      20   0       0      0      0 S   0.0   0.0   0:13.44 nvgpu_channel_p
   1068 root      20   0       0      0      0 S   0.0   0.0   0:00.00 nvgpu_pg_init_g
   1087 root      20   0       0      0      0 S   0.0   0.0   0:00.00 nvgpu_clk_arb_p
   1117 root      20   0       0      0      0 S   0.0   0.0   0:05.07 RTW_CMD_THREAD
   1157 root      20   0   75936   9960   8136 S   0.0   0.1   0:00.01 nvargus-daemon
   1158 root      20   0   11116   3520   3220 S   0.0   0.0   0:00.05 nvmemwarning.sh
   1171 root      20   0   22192   1776   1580 S   0.0   0.0   0:00.00 nvs-service
   1181 ollama    20   0 2006720  39588  20072 S   0.0   0.5   0:00.74 ollama
   1195 root      20   0    2336   1408   1292 S   0.0   0.0   0:01.96 run-cups-browse
   1201 root      20   0    2336   1424   1296 S   0.0   0.0   0:02.02 run-cupsd
   1204 root      20   0       0      0      0 S   0.0   0.0   0:00.00 pr/ramoops-1
   1212 root      20   0 2093080  58448  33576 S   0.0   0.8   0:15.76 containerd
   1239 root      20   0   10772   2824   2576 S   0.0   0.0   0:00.04 cron
   1259 root      20   0  243128   8056   7012 S   0.0   0.1   0:00.02 gdm3
   1263 kernoops  20   0   12812    452      0 S   0.0   0.0   0:00.01 kerneloops
   1290 root      20   0    9468    800    724 S   0.0   0.0   0:00.00 agetty
   1291 kernoops  20   0   12812    452      0 S   0.0   0.0   0:00.01 kerneloops
   1293 root      20   0    9468    804    724 S   0.0   0.0   0:00.00 agetty
   1330 root      20   0  173408   8804   7628 S   0.0   0.1   0:00.02 gdm-session-wor
   1417 root      20   0       0      0      0 S   0.0   0.0   0:00.00 file-storage
   1426 root      20   0   15272   8368   6788 S   0.0   0.1   0:00.48 sshd
   1474 gdm       20   0   18120   9728   7360 S   0.0   0.1   0:00.41 systemd
   1478 root      20   0    3076    992    880 S   0.0   0.0   0:00.00 nvphsd
   1483 root      20   0    3208   1476   1316 S   0.0   0.0   0:00.00 nvphsd
   1497 gdm       20   0  106692   4552      0 S   0.0   0.1   0:00.00 (sd-pam)
   1588 root      20   0 2352492  96592  56580 S   0.0   1.2   0:04.97 dockerd
   1688 gdm        9 -11   41972   6472   5156 S   0.0   0.1   0:00.05 pipewire
   1689 gdm       20   0   25476   6428   5104 S   0.0   0.1   0:00.99 pipewire-media-
   1690 gdm        9 -11  891840  20748  12584 S   0.0   0.3   0:00.76 pulseaudio
   1695 gdm       20   0  163948   5472   4964 S   0.0   0.1   0:00.00 gdm-x-session
   1697 root      20   0   24.2g  80524  35884 S   0.0   1.0   0:01.68 Xorg
   1698 rtkit     21   1  153504   1588   1380 S   0.0   0.0   0:00.21 rtkit-daemon
   1729 gdm       20   0    8840   3600   3212 S   0.0   0.0   0:00.02 dbus-daemon
   1748 root      20   0       0      0      0 S   0.0   0.0   0:00.00 nvidia-modeset/
   1749 root      20   0       0      0      0 S   0.0   0.0   0:00.00 nvidia-modeset/
   1752 root      20   0       0      0      0 S   0.0   0.0   0:00.00 nvidia
   1753 root      20   0       0      0      0 S   0.0   0.0   0:00.00 nv_queue
   1790 root      20   0       0      0      0 S   0.0   0.0   0:00.00 nvidia-drm-nv-t
   1791 root     -51   0       0      0      0 S   0.0   0.0   0:00.00 card1-crtc0
   1792 root     -51   0       0      0      0 S   0.0   0.0   0:00.00 card1-crtc1
   1980 gdm       20   0    5876   1552   1344 S   0.0   0.0   0:00.00 dbus-run-sessio
   1983 gdm       20   0    9108   4440   3588 S   0.0   0.1   0:00.13 dbus-daemon
   2035 gdm       20   0  597840  17824  12972 S   0.0   0.2   0:00.72 gnome-session-b
   2057 gdm       20   0  310068   8976   6272 S   0.0   0.1   0:00.00 at-spi-bus-laun
   2062 gdm       20   0    8692   3556   3168 S   0.0   0.0   0:00.00 dbus-daemon
   2071 gdm       20   0 3471500 137252  73260 S   0.0   1.8   0:31.27 gnome-shell
   2092 gdm       20   0  237676   4964   4528 S   0.0   0.1   0:00.00 xdg-permission-
   2099 root      20   0  243852  10136   6984 S   0.0   0.1   0:00.34 upowerd
   2106 root      20   0  301608  19332  16408 S   0.0   0.2   0:01.05 packagekitd
   2110 gdm       20   0 2812288  25716  20860 S   0.0   0.3   0:00.08 gjs
   2113 gdm       20   0  163144   7196   6428 S   0.0   0.1   0:00.01 at-spi2-registr
   2141 gdm       20   0  468748   9856   7940 S   0.0   0.1   0:01.31 gsd-sharing
   2146 gdm       20   0  338880  14892  12620 S   0.0   0.2   0:00.06 gsd-wacom
   2148 gdm       20   0  451616  18896  16480 S   0.0   0.2   0:00.16 gsd-color
   2150 gdm       20   0  412392  17092  13292 S   0.0   0.2   0:00.04 gsd-keyboard
   2152 gdm       20   0  316864  13188   6244 S   0.0   0.2   0:00.10 ibus-daemon
   2156 gdm       20   0  326124   9848   8488 S   0.0   0.1   0:00.02 gsd-print-notif
   2166 gdm       20   0  242216   6512   5848 S   0.0   0.1   0:00.01 gvfsd
   2168 gdm       20   0  459796   6140   5436 S   0.0   0.1   0:00.39 gsd-rfkill
   2170 gdm       20   0  388312   7432   6528 S   0.0   0.1   0:00.01 gsd-smartcard
   2173 gdm       20   0  380556  16508  12504 S   0.0   0.2   0:00.03 gsd-datetime
   2183 gdm       20   0  864216  20108  17428 S   0.0   0.3   0:00.37 gsd-media-keys
   2184 gdm       20   0  237936   4760   4376 S   0.0   0.1   0:00.01 gsd-screensaver
   2185 gdm       20   0  322096  10392   7320 S   0.0   0.1   0:00.02 gsd-sound
   2186 gdm       20   0  312416   8104   5476 S   0.0   0.1   0:00.01 gsd-a11y-settin
   2193 gdm       20   0  313996   8944   6152 S   0.0   0.1   0:00.64 gsd-housekeepin
   2195 gdm       20   0  450004  20288  15904 S   0.0   0.3   0:00.37 gsd-power
   2218 gdm       20   0  347052  12608  10748 S   0.0   0.2   0:00.03 gsd-printer
   2221 gdm       20   0  239040   6576   5948 S   0.0   0.1   0:00.00 ibus-dconf
   2233 gdm       20   0  238936   5920   5488 S   0.0   0.1   0:00.00 ibus-portal
   2263 colord    20   0  247516  14492   8720 S   0.0   0.2   0:00.23 colord
   2285 gdm       20   0 2812300  27868  20904 S   0.0   0.4   0:00.09 gjs
   2349 gdm       20   0  165096   6516   5892 S   0.0   0.1   0:00.01 ibus-engine-sim
   2508 root      20   0  136716  13172   9512 S   0.0   0.2   0:00.61 cupsd
   2522 root      20   0  260792  17940  13508 S   0.0   0.2   0:01.22 cups-browsed
  11687 jetson    20   0   18140   9764   7368 S   0.0   0.1   0:00.32 systemd
  11688 jetson    20   0  172512   4632      0 S   0.0   0.1   0:00.00 (sd-pam)
  11696 jetson    20   0   41976   6552   5228 S   0.0   0.1   0:00.04 pipewire
  11697 jetson    20   0   25484   6724   5388 S   0.0   0.1   0:01.06 pipewire-media-
  11749 jetson    20   0    8888   3620   3232 S   0.0   0.0   0:00.01 dbus-daemon
  11931 jetson    20   0  706564  62076  26432 S   0.0   0.8   1:20.10 python3
  12473 root      20   0 1233488  13236   6340 S   0.0   0.2   0:01.96 containerd-shim
  12502 jetson    20   0    5508    792    704 S   0.0   0.0   0:00.20 sleep
  13234 jetson    20   0  203640  35476  13212 S   0.0   0.5   0:00.75 ros2
  13236 jetson    20   0 2070472  36080  17228 S   0.0   0.5   0:00.55 docker
  13238 jetson    20   0  428384  31060  15828 S   0.0   0.4   1:22.42 robot_state_pub
  13265 root      20   0 1232976  11192   5960 S   0.0   0.1   0:01.40 containerd-shim
  13294 root      20   0   49400  29204  14412 S   0.0   0.4   0:00.40 ros2
  13554 root      20   0   21760   4460   2932 S   0.0   0.1   0:00.03 systemd-udevd
  13555 root      20   0   21760   3352   1860 S   0.0   0.0   0:00.00 systemd-udevd
  13568 root      20   0   21760   3376   1864 S   0.0   0.0   0:00.02 systemd-udevd
  13569 root      20   0   21760   4136   2588 S   0.0   0.1   0:00.06 systemd-udevd
  13570 root      20   0   21764   4492   2960 S   0.0   0.1   0:00.05 systemd-udevd
  13571 root      20   0   21764   4108   2588 S   0.0   0.1   0:00.03 systemd-udevd
  13580 root      20   0   21764   4136   2588 S   0.0   0.1   0:00.04 systemd-udevd
  13581 root      20   0   21764   3708   2180 S   0.0   0.0   0:00.00 systemd-udevd
  13582 root      20   0   21764   4268   2704 S   0.0   0.1   0:00.06 systemd-udevd
  13594 root      20   0   21764   3408   1864 S   0.0   0.0   0:00.01 systemd-udevd
  13595 root      20   0   21764   4012   2468 S   0.0   0.1   0:00.02 systemd-udevd
  33484 root      20   0       0      0      0 I   0.0   0.0   0:12.31 kworker/u12:0-events_freezable_power_
  34263 root      20   0       0      0      0 I   0.0   0.0   0:14.90 kworker/u12:2-events_freezable_power_
  49116 root      20   0       0      0      0 I   0.0   0.0   0:00.64 kworker/0:0-events
  90870 root      20   0       0      0      0 I   0.0   0.0   0:11.74 kworker/u12:11-events_unbound
  98217 root      20   0  238836   6944   5696 S   0.0   0.1   0:02.20 iio-sensor-prox
 100141 root      20   0       0      0      0 I   0.0   0.0   0:09.70 kworker/u12:6-events_unbound
 149635 root      20   0       0      0      0 I   0.0   0.0   0:00.45 kworker/3:0-events
 199974 root      20   0       0      0      0 I   0.0   0.0   0:05.37 kworker/u12:1-events_unbound
 211464 root      20   0       0      0      0 I   0.0   0.0   0:04.82 kworker/u12:7-events_unbound
 219316 root       0 -20       0      0      0 I   0.0   0.0   0:09.27 kworker/u13:3-uvcvideo
 234404 root      20   0       0      0      0 I   0.0   0.0   0:00.55 kworker/5:0-events
 251138 root      20   0       0      0      0 I   0.0   0.0   0:02.51 kworker/u12:4-events_unbound
 253037 root      20   0       0      0      0 I   0.0   0.0   0:02.67 kworker/u12:8-events_freezable_power_
 271538 root      20   0  410228  41960  21380 S   0.0   0.5   0:01.38 fwupd
 278878 root      20   0       0      0      0 I   0.0   0.0   0:00.09 kworker/4:2-events
 289098 jetson    20   0  572504  38648  13228 S   0.0   0.5   0:00.95 ros2
 289121 jetson    20   0 1082820  58716  26356 S   0.0   0.8   0:30.82 foxglove_bridge
 290503 jetson    20   0  129772  34672  13228 S   0.0   0.4   0:00.69 ros2
 295127 root      20   0       0      0      0 I   0.0   0.0   0:00.02 kworker/1:3-cgroup_destroy
 295225 root      20   0       0      0      0 I   0.0   0.0   0:00.00 kworker/3:1-events
 298318 root      20   0       0      0      0 I   0.0   0.0   0:00.00 kworker/4:0-events
 298521 root      20   0       0      0      0 I   0.0   0.0   0:00.00 kworker/5:1-cgroup_destroy
 301519 root      20   0       0      0      0 I   0.0   0.0   0:00.04 kworker/0:1-events
 301563 root      20   0       0      0      0 I   0.0   0.0   0:00.00 kworker/2:0-cgroup_destroy
 301980 jetson    20   0   53568  30336  15004 S   0.0   0.4   0:00.44 ros2
 302359 root       0 -20       0      0      0 I   0.0   0.0   0:01.66 kworker/u13:2-uvcvideo
 303903 jetson    20   0  723188  40064  13216 S   0.0   0.5   0:01.25 ros2
 314676 root      20   0       0      0      0 I   0.0   0.0   0:00.00 kworker/5:2-events
 314679 root      20   0       0      0      0 I   0.0   0.0   0:00.00 kworker/2:1-events
 314725 root      20   0       0      0      0 I   0.0   0.0   0:00.00 kworker/0:2
 314862 root      20   0       0      0      0 I   0.0   0.0   0:00.00 kworker/1:0-events
 315002 root      20   0       0      0      0 I   0.0   0.0   0:00.00 kworker/2:2
 316431 root      20   0    9436    772    692 S   0.0   0.0   0:00.00 sleep
 316651 root      20   0       0      0      0 I   0.0   0.0   0:00.01 kworker/3:2-events
 316919 jetson    20   0   11248   3308   2868 S   0.0   0.0   0:00.03 bash
 318996 jetson    20   0   11248   3304   2868 S   0.0   0.0   0:00.01 bash
 319049 jetson    20   0    2872    896    800 S   0.0   0.0   0:00.02 tegrastats
 319246 jetson    20   0    9480    820    736 S   0.0   0.0   0:00.00 tail
 319374 root      30  10    9436    780    704 S   0.0   0.0   0:00.00 sleep

top - 13:48:14 up  4:11,  0 users,  load average: 6.22, 5.20, 5.27
Tasks: 351 total,   4 running, 347 sleeping,   0 stopped,   0 zombie
%Cpu(s): 43.5 us,  9.6 sy,  0.0 ni, 42.6 id,  0.0 wa,  2.3 hi,  1.9 si,  0.0 st
MiB Mem :   7607.4 total,   2755.4 free,   2026.2 used,   2825.8 buff/cache
MiB Swap:   3803.7 total,   3803.7 free,      0.0 used.   5283.3 avail Mem 

    PID USER      PR  NI    VIRT    RES    SHR S  %CPU  %MEM     TIME+ COMMAND
 319245 jetson    20   0  753956  71400  29576 R  43.3   0.9   0:04.67 python3
 289467 jetson    20   0  709004  62292  27276 R  36.5   0.8   4:48.41 python3
 303945 jetson    20   0  963220  47504  23528 S  32.5   0.6   0:48.32 controller_serv
 319047 jetson    20   0  764356  55844  25376 S  23.2   0.7   0:03.77 ros2
 301995 jetson    20   0 9351040 403528  85056 S  17.7   5.2   1:21.01 nvblox_node
 303953 jetson    20   0  531036  46396  26216 R  16.7   0.6   0:42.24 bt_navigator
 289115 jetson    20   0  711192  66760  27276 S  16.3   0.9   2:13.10 python3
 289117 jetson    20   0  432948  28320  14224 S  14.8   0.4   2:11.02 rplidar_node
 289113 jetson    20   0 1748412 107168  51312 S  13.3   1.4   1:55.99 realsense2_came
 289469 jetson    20   0  506204  34000  18400 S  11.3   0.4   1:33.25 ekf_node
 303985 jetson    20   0  577392  31576  16252 S  10.3   0.4   0:48.53 lifecycle_manag
 303949 jetson    20   0 1209656  91532  42832 S   9.9   1.2   0:48.21 planner_server
 289119 jetson    20   0  708116  63664  27448 S   9.4   0.8   1:13.48 python3
 303943 jetson    20   0  709520  64224  27412 S   9.4   0.8   0:21.45 python3
 290529 jetson    20   0 1061844  52328  24360 S   7.4   0.7   0:33.06 async_slam_tool
 303951 jetson    20   0  516316  35092  21016 S   7.4   0.5   0:33.67 behavior_server
 303947 jetson    20   0  664536  32988  19416 S   6.9   0.4   0:28.55 smoother_server
 303973 jetson    20   0  428560  27816  15960 S   5.9   0.4   0:23.89 velocity_smooth
 303955 jetson    20   0  431300  29232  17008 S   5.4   0.4   0:23.73 waypoint_follow
  13320 root      20   0 1300240  43632  11392 S   4.4   0.6  17:29.26 micro_ros_agent
    904 root      rt   0       0      0      0 S   1.5   0.0   1:04.00 sugov:0
    909 root      rt   0       0      0      0 S   1.0   0.0   0:30.28 sugov:4
 274472 root       0 -20       0      0      0 I   1.0   0.0   0:03.80 kworker/u13:1-uvcvideo
 319048 jetson    20   0   14344   3368   2772 R   1.0   0.0   0:00.14 top
    312 root      20   0   23732   6316   4080 S   0.5   0.1   0:17.82 systemd-udevd
    340 root      20   0   23544   6732   4608 S   0.5   0.1   1:00.01 systemd-udevd
    865 root      20   0 2145956  51796  25768 S   0.5   0.7   0:25.64 snapd
   1212 root      20   0 2093080  58448  33576 S   0.5   0.8   0:15.77 containerd
  12567 root      20   0   21892   5484   3884 S   0.5   0.1   0:16.83 systemd-udevd
  13238 jetson    20   0  428384  31060  15828 S   0.5   0.4   1:22.43 robot_state_pub
  33484 root      20   0       0      0      0 I   0.5   0.0   0:12.32 kworker/u12:0-events_unbound
  49116 root      20   0       0      0      0 I   0.5   0.0   0:00.65 kworker/0:0-events
  90870 root      20   0       0      0      0 I   0.5   0.0   0:11.75 kworker/u12:11-events_freezable_power_
 251138 root      20   0       0      0      0 I   0.5   0.0   0:02.52 kworker/u12:4-events_unbound
 253037 root      20   0       0      0      0 I   0.5   0.0   0:02.68 kworker/u12:8-events_unbound
 303903 jetson    20   0  723188  40064  13216 S   0.5   0.5   0:01.26 ros2
 319049 jetson    20   0    2872    896    800 S   0.5   0.0   0:00.03 tegrastats
 319711 root      20   0   15268   7948   6428 S   0.5   0.1   0:00.01 sshd
      1 root      20   0  167628  11768   7448 S   0.0   0.2   0:20.36 systemd
      2 root      20   0       0      0      0 S   0.0   0.0   0:00.02 kthreadd
      3 root       0 -20       0      0      0 I   0.0   0.0   0:00.00 rcu_gp
      4 root       0 -20       0      0      0 I   0.0   0.0   0:00.00 rcu_par_gp
      5 root       0 -20       0      0      0 I   0.0   0.0   0:00.00 slub_flushwq
      6 root       0 -20       0      0      0 I   0.0   0.0   0:00.00 netns
      8 root       0 -20       0      0      0 I   0.0   0.0   0:00.00 kworker/0:0H-events_highpri
     10 root       0 -20       0      0      0 I   0.0   0.0   0:00.00 mm_percpu_wq
     11 root      20   0       0      0      0 S   0.0   0.0   0:00.00 rcu_tasks_kthre
     12 root      20   0       0      0      0 S   0.0   0.0   0:00.00 rcu_tasks_rude_
     13 root      20   0       0      0      0 S   0.0   0.0   0:00.00 rcu_tasks_trace
     14 root      20   0       0      0      0 S   0.0   0.0   0:13.41 ksoftirqd/0
     15 root      20   0       0      0      0 I   0.0   0.0   0:05.83 rcu_preempt
     16 root      rt   0       0      0      0 S   0.0   0.0   0:00.01 migration/0
     17 root      20   0       0      0      0 S   0.0   0.0   0:00.00 cpuhp/0
     18 root      20   0       0      0      0 S   0.0   0.0   0:00.00 cpuhp/1
     19 root      rt   0       0      0      0 S   0.0   0.0   0:00.01 migration/1
     20 root      20   0       0      0      0 S   0.0   0.0   0:00.83 ksoftirqd/1
     22 root       0 -20       0      0      0 I   0.0   0.0   0:00.00 kworker/1:0H-events_highpri
     23 root      20   0       0      0      0 S   0.0   0.0   0:00.00 cpuhp/2
     24 root      rt   0       0      0      0 S   0.0   0.0   0:00.00 migration/2
     25 root      20   0       0      0      0 S   0.0   0.0   0:00.83 ksoftirqd/2
     27 root       0 -20       0      0      0 I   0.0   0.0   0:00.00 kworker/2:0H-events_highpri
     28 root      20   0       0      0      0 S   0.0   0.0   0:00.00 cpuhp/3
     29 root      rt   0       0      0      0 S   0.0   0.0   0:00.00 migration/3
     30 root      20   0       0      0      0 S   0.0   0.0   0:00.78 ksoftirqd/3
     32 root       0 -20       0      0      0 I   0.0   0.0   0:00.00 kworker/3:0H-events_highpri
     33 root      20   0       0      0      0 S   0.0   0.0   0:00.00 cpuhp/4
     34 root      rt   0       0      0      0 S   0.0   0.0   0:00.03 migration/4
     35 root      20   0       0      0      0 S   0.0   0.0   0:00.58 ksoftirqd/4
     37 root       0 -20       0      0      0 I   0.0   0.0   0:00.00 kworker/4:0H-kblockd
     38 root      20   0       0      0      0 S   0.0   0.0   0:00.00 cpuhp/5
     39 root      rt   0       0      0      0 S   0.0   0.0   0:00.03 migration/5
     40 root      20   0       0      0      0 S   0.0   0.0   0:00.59 ksoftirqd/5
     42 root       0 -20       0      0      0 I   0.0   0.0   0:00.00 kworker/5:0H-events_highpri
     43 root      20   0       0      0      0 S   0.0   0.0   0:00.01 kdevtmpfs
     44 root       0 -20       0      0      0 I   0.0   0.0   0:00.00 inet_frag_wq
     51 root      20   0       0      0      0 S   0.0   0.0   0:00.00 kauditd
     52 root      20   0       0      0      0 S   0.0   0.0   0:00.00 oom_reaper
     53 root       0 -20       0      0      0 I   0.0   0.0   0:00.00 writeback
     54 root      20   0       0      0      0 S   0.0   0.0   0:00.12 kcompactd0
     55 root      25   5       0      0      0 S   0.0   0.0   0:00.00 ksmd
     56 root      39  19       0      0      0 S   0.0   0.0   0:01.26 khugepaged
     67 root       0 -20       0      0      0 I   0.0   0.0   0:00.00 cryptd
     86 root       0 -20       0      0      0 I   0.0   0.0   0:00.00 kintegrityd
     87 root       0 -20       0      0      0 I   0.0   0.0   0:00.00 kblockd
     88 root       0 -20       0      0      0 I   0.0   0.0   0:00.00 blkcg_punt_bio
     89 root       0 -20       0      0      0 I   0.0   0.0   0:00.00 tpm_dev_wq
     90 root       0 -20       0      0      0 I   0.0   0.0   0:00.00 ata_sff
     91 root       0 -20       0      0      0 I   0.0   0.0   0:00.00 edac-poller
     92 root       0 -20       0      0      0 I   0.0   0.0   0:00.00 devfreq_wq
     93 root     -51   0       0      0      0 S   0.0   0.0   0:00.00 watchdogd
     96 root       0 -20       0      0      0 I   0.0   0.0   0:00.05 kworker/1:1H-kblockd
     97 root       0 -20       0      0      0 I   0.0   0.0   0:00.00 rpciod
     99 root       0 -20       0      0      0 I   0.0   0.0   0:00.00 xprtiod
    127 root      20   0       0      0      0 S   0.0   0.0   0:00.00 kswapd0
    128 root       0 -20       0      0      0 I   0.0   0.0   0:00.00 nfsiod
    132 root       0 -20       0      0      0 I   0.0   0.0   0:00.00 vfio-irqfd-clea
    133 root       0 -20       0      0      0 I   0.0   0.0   0:00.00 bch_btree_io
    134 root       0 -20       0      0      0 I   0.0   0.0   0:00.00 bcache
    135 root       0 -20       0      0      0 I   0.0   0.0   0:00.00 bch_journal
    136 root       0 -20       0      0      0 I   0.0   0.0   0:00.00 dm_bufio_cache
    137 root      20   0       0      0      0 I   0.0   0.0   0:01.56 kworker/1:2-events
    139 root      20   0       0      0      0 I   0.0   0.0   0:00.99 kworker/2:3-events
    140 root      10 -10       0      0      0 S   0.0   0.0   0:00.00 krfcommd
    141 root      20   0       0      0      0 S   0.0   0.0   0:00.01 pr/tty0
    142 root      20   0       0      0      0 S   0.0   0.0   0:03.05 pr/ttyTCU0
    145 root     -51   0       0      0      0 S   0.0   0.0   0:00.00 irq/114-3160000
    147 root     -51   0       0      0      0 S   0.0   0.0   0:00.00 irq/115-3180000
    149 root     -51   0       0      0      0 S   0.0   0.0   0:00.00 irq/116-31b0000
    150 root     -51   0       0      0      0 S   0.0   0.0   0:00.02 irq/167-c240000
    151 root     -51   0       0      0      0 S   0.0   0.0   0:00.00 irq/168-c250000
    152 root     -51   0       0      0      0 S   0.0   0.0   0:00.00 irq/125-3610000
    153 root     -51   0       0      0      0 S   0.0   0.0   0:00.00 irq/122-3610000
    155 root       0 -20       0      0      0 I   0.0   0.0   0:00.00 sdhci
    156 root     -51   0       0      0      0 S   0.0   0.0   0:00.00 irq/120-mmc0
    157 root     -51   0       0      0      0 S   0.0   0.0   0:00.00 irq/230-3400000
    174 root       0 -20       0      0      0 I   0.0   0.0   0:00.05 kworker/3:1H-kblockd
    180 root     -51   0       0      0      0 S   0.0   0.0   0:00.00 irq/191-tegra-p
    181 root       0 -20       0      0      0 I   0.0   0.0   0:00.00 nvme-wq
    182 root       0 -20       0      0      0 I   0.0   0.0   0:00.00 nvme-reset-wq
    183 root       0 -20       0      0      0 I   0.0   0.0   0:00.00 nvme-delete-wq
    192 root     -51   0       0      0      0 S   0.0   0.0   0:00.00 irq/191-aerdrv
    193 root     -51   0       0      0      0 S   0.0   0.0   0:00.00 irq/193-tegra-p
    196 root     -51   0       0      0      0 S   0.0   0.0   0:00.00 irq/193-aerdrv
    197 root     -51   0       0      0      0 S   0.0   0.0   0:00.00 irq/195-tegra-p
    199 root     -51   0       0      0      0 S   0.0   0.0   0:00.00 irq/232-nvme0q0
    200 root     -51   0       0      0      0 S   0.0   0.0   0:00.25 irq/233-nvme0q1
    201 root     -51   0       0      0      0 S   0.0   0.0   0:00.29 irq/234-nvme0q2
    202 root     -51   0       0      0      0 S   0.0   0.0   0:00.43 irq/235-nvme0q3
    203 root     -51   0       0      0      0 S   0.0   0.0   0:00.55 irq/236-nvme0q4
    204 root     -51   0       0      0      0 S   0.0   0.0   0:00.13 irq/237-nvme0q5
    205 root     -51   0       0      0      0 S   0.0   0.0   0:00.09 irq/238-nvme0q6
    211 root       0 -20       0      0      0 I   0.0   0.0   0:00.05 kworker/4:1H-kblockd
    212 root      20   0       0      0      0 S   0.0   0.0   0:00.88 jbd2/nvme0n1p1-
    213 root       0 -20       0      0      0 I   0.0   0.0   0:00.00 ext4-rsv-conver
    222 root       0 -20       0      0      0 I   0.0   0.0   0:00.00 mld
    223 root       0 -20       0      0      0 I   0.0   0.0   0:00.03 kworker/0:1H-kblockd
    224 root       0 -20       0      0      0 I   0.0   0.0   0:00.00 ipv6_addrconf
    256 root      19  -1   40648  14960  13348 S   0.0   0.2   0:17.93 systemd-journal
    278 root       0 -20       0      0      0 I   0.0   0.0   0:00.07 kworker/2:1H-kblockd
    280 root      39  19       0      0      0 S   0.0   0.0   0:00.48 nvmap-bz
    281 root     -51   0       0      0      0 S   0.0   0.0   0:00.00 irq/188-host1x_
    285 root     -51   0       0      0      0 S   0.0   0.0   0:00.00 irq/197-gk20a_s
    286 root     -51   0       0      0      0 S   0.0   0.0   0:00.01 irq/198-gk20a_s
    287 root     -51   0       0      0      0 S   0.0   0.0   0:00.01 irq/199-gk20a_s
    288 root     -51   0       0      0      0 S   0.0   0.0   0:00.00 irq/200-gk20a_n
    291 root       0 -20       0      0      0 I   0.0   0.0   0:00.04 kworker/5:1H-kblockd
    295 root      20   0   11116   3460   3204 S   0.0   0.0   0:00.00 nv-tee-supplica
    299 root      20   0   76588   1360   1248 S   0.0   0.0   0:00.01 tee-supplicant
    301 root       0 -20       0      0      0 I   0.0   0.0   0:00.00 optee_bus_scan
    303 root     -51   0       0      0      0 S   0.0   0.0   0:00.00 irq/189-tegra-p
    313 root     -51   0       0      0      0 S   0.0   0.0   0:00.00 irq/189-aerdrv
    314 root      20   0   23216   5812   3992 S   0.0   0.1   0:00.38 systemd-udevd
    315 root      20   0   23216   5020   3248 S   0.0   0.1   0:00.15 systemd-udevd
    316 root      20   0   23268   6224   4288 S   0.0   0.1   0:00.16 systemd-udevd
    317 root      20   0   23220   4364   2600 S   0.0   0.1   0:00.11 systemd-udevd
    318 root      20   0   23216   4480   2672 S   0.0   0.1   0:00.12 systemd-udevd
    319 root      20   0   23212   5812   3980 S   0.0   0.1   0:00.28 systemd-udevd
    320 root      20   0   23264   4688   2764 S   0.0   0.1   0:00.13 systemd-udevd
    321 root      20   0   23268   5072   3136 S   0.0   0.1   0:00.18 systemd-udevd
    322 root      20   0   23524   5520   3456 S   0.0   0.1   0:00.26 systemd-udevd
    323 root      20   0   23216   6280   4444 S   0.0   0.1   0:00.37 systemd-udevd
    324 root      20   0   23220   5196   3388 S   0.0   0.1   0:00.16 systemd-udevd
    325 root      20   0   23220   5820   3976 S   0.0   0.1   0:00.37 systemd-udevd
    326 root      20   0   23220   5236   3388 S   0.0   0.1   0:00.39 systemd-udevd
    327 root      20   0   23220   5468   3656 S   0.0   0.1   0:00.18 systemd-udevd
    330 root      20   0   23512   5728   3684 S   0.0   0.1   0:00.14 systemd-udevd
    331 root      20   0   24292   5540   2676 S   0.0   0.1   0:00.16 systemd-udevd
    333 root      20   0   23524   5596   3532 S   0.0   0.1   0:00.26 systemd-udevd
    334 root      20   0   23220   5080   3240 S   0.0   0.1   0:00.25 systemd-udevd
    335 root      20   0   23220   4504   2708 S   0.0   0.1   0:00.11 systemd-udevd
    336 root      20   0   23220   4696   2892 S   0.0   0.1   0:00.14 systemd-udevd
    337 root      20   0   23524   5056   2992 S   0.0   0.1   0:00.16 systemd-udevd
    339 root      20   0   23220   4980   3148 S   0.0   0.1   0:00.17 systemd-udevd
    341 root      20   0   23276   5328   3384 S   0.0   0.1   0:00.13 systemd-udevd
    342 root      20   0   23280   5176   3228 S   0.0   0.1   0:00.13 systemd-udevd
    343 root      20   0   23220   5984   4152 S   0.0   0.1   0:00.30 systemd-udevd
    344 root      20   0   23560   6700   4596 S   0.0   0.1   0:00.48 systemd-udevd
    345 root      20   0       0      0      0 S   0.0   0.0   0:00.00 15820000.crypto
    346 root      20   0       0      0      0 S   0.0   0.0   0:00.00 15840000.crypto
    368 root      20   0   23324   5984   4116 S   0.0   0.1   0:00.40 systemd-udevd
    417 root     -51   0       0      0      0 S   0.0   0.0   0:00.00 irq/219-bc00000
    419 root      -2   0       0      0      0 S   0.0   0.0   0:00.00 capture-control
    420 root      -2   0       0      0      0 S   0.0   0.0   0:00.00 capture
    422 root     -51   0       0      0      0 S   0.0   0.0   0:00.00 irq/214-tegra_d
    423 root     -51   0       0      0      0 S   0.0   0.0   0:00.00 irq/215-tegra_d
    424 root       0 -20       0      0      0 I   0.0   0.0   0:00.00 dce-async-ipc-w
    425 root     -51   0       0      0      0 S   0.0   0.0   0:00.00 irq/240-nvvrs-p
    427 root      20   0       0      0      0 S   0.0   0.0   0:00.00 nv_queue
    428 root      20   0       0      0      0 S   0.0   0.0   0:00.00 nv_queue
    483 root     -51   0       0      0      0 S   0.0   0.0   0:00.00 irq/118-3210000
    487 root      20   0       0      0      0 S   0.0   0.0   0:00.00 spi0
    495 root       0 -20       0      0      0 I   0.0   0.0   0:00.00 cfg80211
    497 root     -51   0       0      0      0 S   0.0   0.0   0:00.00 irq/119-3230000
    498 root      20   0       0      0      0 S   0.0   0.0   0:00.00 spi1
    584 root       0 -20       0      0      0 I   0.0   0.0   0:00.00 btfwwork
    650 root      20   0    8236   6424   1432 S   0.0   0.1   0:00.57 haveged
    653 _rpc      20   0    7932   2264   1912 S   0.0   0.0   0:00.02 rpcbind
    659 systemd+  20   0   26320  13580   8496 S   0.0   0.2   0:00.40 systemd-resolve
    662 systemd+  20   0   88880   6332   5484 S   0.0   0.1   0:00.13 systemd-timesyn
    826 avahi     20   0    8084   3108   2752 S   0.0   0.0   0:00.47 avahi-daemon
    827 root      20   0    9888   4552   4112 S   0.0   0.1   0:00.07 bluetoothd
    828 message+  20   0   10496   5632   3584 S   0.0   0.1   0:28.06 dbus-daemon
    829 root      20   0  264752  18684  14872 S   0.0   0.2   0:25.37 NetworkManager
    838 root      20   0   43504  19780  10232 S   0.0   0.3   0:00.15 networkd-dispat
    849 root      20   0  241652   9056   6312 S   0.0   0.1   0:00.40 power-profiles-
    854 syslog    20   0  222160   5012   3672 S   0.0   0.1   0:03.50 rsyslogd
    859 root      20   0    2240    796    720 S   0.0   0.0   0:00.00 seatd
    867 root      20   0  242124   7452   6576 S   0.0   0.1   0:01.40 accounts-daemon
    869 root      20   0  238128   6232   5620 S   0.0   0.1   0:00.04 switcheroo-cont
    871 root      20   0   48968   7620   6296 S   0.0   0.1   0:02.44 systemd-logind
    874 root      20   0  394188  13988   9476 S   0.0   0.2   0:00.82 udisksd
    875 root      20   0   16632   9928   8148 S   0.0   0.1   0:00.89 wpa_supplicant
    882 avahi     20   0    7812    356      0 S   0.0   0.0   0:00.00 avahi-daemon
    921 root      30  10   11248   3612   3220 S   0.0   0.0   0:05.60 wifi_mon.sh
    969 root      20   0  237044  10468   6400 S   0.0   0.1   2:01.82 polkitd
    983 root      20   0    2460   1556   1380 S   0.0   0.0   0:05.37 nvfancontrol
   1049 root      20   0       0      0      0 S   0.0   0.0   0:00.00 sw-quiesce
   1052 root      20   0       0      0      0 S   0.0   0.0   0:13.44 nvgpu_channel_p
   1068 root      20   0       0      0      0 S   0.0   0.0   0:00.00 nvgpu_pg_init_g
   1087 root      20   0       0      0      0 S   0.0   0.0   0:00.00 nvgpu_clk_arb_p
   1117 root      20   0       0      0      0 S   0.0   0.0   0:05.07 RTW_CMD_THREAD
   1157 root      20   0   75936   9960   8136 S   0.0   0.1   0:00.01 nvargus-daemon
   1158 root      20   0   11116   3520   3220 S   0.0   0.0   0:00.05 nvmemwarning.sh
   1171 root      20   0   22192   1776   1580 S   0.0   0.0   0:00.00 nvs-service
   1181 ollama    20   0 2006720  39588  20072 S   0.0   0.5   0:00.74 ollama
   1195 root      20   0    2336   1408   1292 S   0.0   0.0   0:01.96 run-cups-browse
   1201 root      20   0    2336   1424   1296 S   0.0   0.0   0:02.02 run-cupsd
   1204 root      20   0       0      0      0 S   0.0   0.0   0:00.00 pr/ramoops-1
   1239 root      20   0   10772   2824   2576 S   0.0   0.0   0:00.04 cron
   1259 root      20   0  243128   8056   7012 S   0.0   0.1   0:00.02 gdm3
   1263 kernoops  20   0   12812    452      0 S   0.0   0.0   0:00.01 kerneloops
   1290 root      20   0    9468    800    724 S   0.0   0.0   0:00.00 agetty
   1291 kernoops  20   0   12812    452      0 S   0.0   0.0   0:00.01 kerneloops
   1293 root      20   0    9468    804    724 S   0.0   0.0   0:00.00 agetty
   1330 root      20   0  173408   8804   7628 S   0.0   0.1   0:00.02 gdm-session-wor
   1417 root      20   0       0      0      0 S   0.0   0.0   0:00.00 file-storage
   1426 root      20   0   15272   8368   6788 S   0.0   0.1   0:00.48 sshd
   1474 gdm       20   0   18120   9728   7360 S   0.0   0.1   0:00.41 systemd
   1478 root      20   0    3076    992    880 S   0.0   0.0   0:00.00 nvphsd
   1483 root      20   0    3208   1476   1316 S   0.0   0.0   0:00.00 nvphsd
   1497 gdm       20   0  106692   4552      0 S   0.0   0.1   0:00.00 (sd-pam)
   1588 root      20   0 2352492  96592  56580 S   0.0   1.2   0:04.97 dockerd
   1688 gdm        9 -11   41972   6472   5156 S   0.0   0.1   0:00.05 pipewire
   1689 gdm       20   0   25476   6428   5104 S   0.0   0.1   0:00.99 pipewire-media-
   1690 gdm        9 -11  891840  20748  12584 S   0.0   0.3   0:00.76 pulseaudio
   1695 gdm       20   0  163948   5472   4964 S   0.0   0.1   0:00.00 gdm-x-session
   1697 root      20   0   24.2g  80524  35884 S   0.0   1.0   0:01.68 Xorg
   1698 rtkit     21   1  153504   1588   1380 S   0.0   0.0   0:00.21 rtkit-daemon
   1729 gdm       20   0    8840   3600   3212 S   0.0   0.0   0:00.02 dbus-daemon
   1748 root      20   0       0      0      0 S   0.0   0.0   0:00.00 nvidia-modeset/
   1749 root      20   0       0      0      0 S   0.0   0.0   0:00.00 nvidia-modeset/
   1752 root      20   0       0      0      0 S   0.0   0.0   0:00.00 nvidia
   1753 root      20   0       0      0      0 S   0.0   0.0   0:00.00 nv_queue
   1790 root      20   0       0      0      0 S   0.0   0.0   0:00.00 nvidia-drm-nv-t
   1791 root     -51   0       0      0      0 S   0.0   0.0   0:00.00 card1-crtc0
   1792 root     -51   0       0      0      0 S   0.0   0.0   0:00.00 card1-crtc1
   1980 gdm       20   0    5876   1552   1344 S   0.0   0.0   0:00.00 dbus-run-sessio
   1983 gdm       20   0    9108   4440   3588 S   0.0   0.1   0:00.13 dbus-daemon
   2035 gdm       20   0  597840  17824  12972 S   0.0   0.2   0:00.72 gnome-session-b
   2057 gdm       20   0  310068   8976   6272 S   0.0   0.1   0:00.00 at-spi-bus-laun
   2062 gdm       20   0    8692   3556   3168 S   0.0   0.0   0:00.00 dbus-daemon
   2071 gdm       20   0 3471500 137252  73260 S   0.0   1.8   0:31.27 gnome-shell
   2092 gdm       20   0  237676   4964   4528 S   0.0   0.1   0:00.00 xdg-permission-
   2099 root      20   0  243852  10136   6984 S   0.0   0.1   0:00.34 upowerd
   2106 root      20   0  301608  19332  16408 S   0.0   0.2   0:01.05 packagekitd
   2110 gdm       20   0 2812288  25716  20860 S   0.0   0.3   0:00.08 gjs
   2113 gdm       20   0  163144   7196   6428 S   0.0   0.1   0:00.01 at-spi2-registr
   2141 gdm       20   0  468748   9856   7940 S   0.0   0.1   0:01.31 gsd-sharing
   2146 gdm       20   0  338880  14892  12620 S   0.0   0.2   0:00.06 gsd-wacom
   2148 gdm       20   0  451616  18896  16480 S   0.0   0.2   0:00.16 gsd-color
   2150 gdm       20   0  412392  17092  13292 S   0.0   0.2   0:00.04 gsd-keyboard
   2152 gdm       20   0  316864  13188   6244 S   0.0   0.2   0:00.10 ibus-daemon
   2156 gdm       20   0  326124   9848   8488 S   0.0   0.1   0:00.02 gsd-print-notif
   2166 gdm       20   0  242216   6512   5848 S   0.0   0.1   0:00.01 gvfsd
   2168 gdm       20   0  459796   6140   5436 S   0.0   0.1   0:00.39 gsd-rfkill
   2170 gdm       20   0  388312   7432   6528 S   0.0   0.1   0:00.01 gsd-smartcard
   2173 gdm       20   0  380556  16508  12504 S   0.0   0.2   0:00.03 gsd-datetime
   2183 gdm       20   0  864216  20108  17428 S   0.0   0.3   0:00.37 gsd-media-keys
   2184 gdm       20   0  237936   4760   4376 S   0.0   0.1   0:00.01 gsd-screensaver
   2185 gdm       20   0  322096  10392   7320 S   0.0   0.1   0:00.02 gsd-sound
   2186 gdm       20   0  312416   8104   5476 S   0.0   0.1   0:00.01 gsd-a11y-settin
   2193 gdm       20   0  313996   8944   6152 S   0.0   0.1   0:00.64 gsd-housekeepin
   2195 gdm       20   0  450004  20288  15904 S   0.0   0.3   0:00.37 gsd-power
   2218 gdm       20   0  347052  12608  10748 S   0.0   0.2   0:00.03 gsd-printer
   2221 gdm       20   0  239040   6576   5948 S   0.0   0.1   0:00.00 ibus-dconf
   2233 gdm       20   0  238936   5920   5488 S   0.0   0.1   0:00.00 ibus-portal
   2263 colord    20   0  247516  14492   8720 S   0.0   0.2   0:00.23 colord
   2285 gdm       20   0 2812300  27868  20904 S   0.0   0.4   0:00.09 gjs
   2349 gdm       20   0  165096   6516   5892 S   0.0   0.1   0:00.01 ibus-engine-sim
   2508 root      20   0  136716  13172   9512 S   0.0   0.2   0:00.61 cupsd
   2522 root      20   0  260792  17940  13508 S   0.0   0.2   0:01.22 cups-browsed
  11687 jetson    20   0   18140   9764   7368 S   0.0   0.1   0:00.32 systemd
  11688 jetson    20   0  172512   4632      0 S   0.0   0.1   0:00.00 (sd-pam)
  11696 jetson    20   0   41976   6552   5228 S   0.0   0.1   0:00.04 pipewire
  11697 jetson    20   0   25484   6724   5388 S   0.0   0.1   0:01.06 pipewire-media-
  11749 jetson    20   0    8888   3620   3232 S   0.0   0.0   0:00.01 dbus-daemon
  11931 jetson    20   0  706564  62076  26432 S   0.0   0.8   1:20.10 python3
  12473 root      20   0 1233488  13236   6340 S   0.0   0.2   0:01.96 containerd-shim
  12502 jetson    20   0    5508    792    704 S   0.0   0.0   0:00.20 sleep
  12575 root      20   0   21760   4536   2952 S   0.0   0.1   0:34.25 systemd-udevd
  13234 jetson    20   0  203640  35476  13212 S   0.0   0.5   0:00.75 ros2
  13236 jetson    20   0 2070472  36080  17228 S   0.0   0.5   0:00.55 docker
  13265 root      20   0 1232976  11192   5960 S   0.0   0.1   0:01.40 containerd-shim
  13294 root      20   0   49400  29204  14412 S   0.0   0.4   0:00.40 ros2
  13554 root      20   0   21760   4460   2932 S   0.0   0.1   0:00.03 systemd-udevd
  13555 root      20   0   21760   3352   1860 S   0.0   0.0   0:00.00 systemd-udevd
  13568 root      20   0   21760   3376   1864 S   0.0   0.0   0:00.02 systemd-udevd
  13569 root      20   0   21760   4136   2588 S   0.0   0.1   0:00.06 systemd-udevd
  13570 root      20   0   21764   4492   2960 S   0.0   0.1   0:00.05 systemd-udevd
  13571 root      20   0   21764   4108   2588 S   0.0   0.1   0:00.03 systemd-udevd
  13580 root      20   0   21764   4136   2588 S   0.0   0.1   0:00.04 systemd-udevd
  13581 root      20   0   21764   3708   2180 S   0.0   0.0   0:00.00 systemd-udevd
  13582 root      20   0   21764   4268   2704 S   0.0   0.1   0:00.06 systemd-udevd
  13594 root      20   0   21764   3408   1864 S   0.0   0.0   0:00.01 systemd-udevd
  13595 root      20   0   21764   4012   2468 S   0.0   0.1   0:00.02 systemd-udevd
  34263 root      20   0       0      0      0 I   0.0   0.0   0:14.90 kworker/u12:2-events_freezable_power_
  98217 root      20   0  238836   6944   5696 S   0.0   0.1   0:02.20 iio-sensor-prox
 100141 root      20   0       0      0      0 I   0.0   0.0   0:09.70 kworker/u12:6-events_unbound
 149635 root      20   0       0      0      0 I   0.0   0.0   0:00.45 kworker/3:0-events
 199974 root      20   0       0      0      0 I   0.0   0.0   0:05.37 kworker/u12:1-events_unbound
 205195 root       0 -20       0      0      0 I   0.0   0.0   0:09.94 kworker/u13:0-uvcvideo
 211464 root      20   0       0      0      0 I   0.0   0.0   0:04.82 kworker/u12:7-events_unbound
 219316 root       0 -20       0      0      0 I   0.0   0.0   0:09.27 kworker/u13:3-uvcvideo
 234404 root      20   0       0      0      0 I   0.0   0.0   0:00.55 kworker/5:0-events
 271538 root      20   0  410228  41960  21380 S   0.0   0.5   0:01.38 fwupd
 278878 root      20   0       0      0      0 I   0.0   0.0   0:00.09 kworker/4:2-events
 284193 root      20   0       0      0      0 I   0.0   0.0   0:01.55 kworker/u12:3-events_freezable_power_
 289098 jetson    20   0  572504  38648  13228 S   0.0   0.5   0:00.95 ros2
 289121 jetson    20   0 1082820  58716  26356 S   0.0   0.8   0:30.82 foxglove_bridge
 290503 jetson    20   0  129772  34672  13228 S   0.0   0.4   0:00.69 ros2
 295127 root      20   0       0      0      0 I   0.0   0.0   0:00.02 kworker/1:3-cgroup_destroy
 295225 root      20   0       0      0      0 I   0.0   0.0   0:00.00 kworker/3:1-events
 298318 root      20   0       0      0      0 I   0.0   0.0   0:00.00 kworker/4:0-events
 298521 root      20   0       0      0      0 I   0.0   0.0   0:00.00 kworker/5:1-cgroup_destroy
 301519 root      20   0       0      0      0 I   0.0   0.0   0:00.04 kworker/0:1-events
 301563 root      20   0       0      0      0 I   0.0   0.0   0:00.00 kworker/2:0-cgroup_destroy
 301980 jetson    20   0   53568  30336  15004 S   0.0   0.4   0:00.44 ros2
 302359 root       0 -20       0      0      0 I   0.0   0.0   0:01.66 kworker/u13:2-uvcvideo
 305476 root      20   0       0      0      0 I   0.0   0.0   0:00.79 kworker/u12:9-devfreq_wq
 314676 root      20   0       0      0      0 I   0.0   0.0   0:00.00 kworker/5:2-events
 314679 root      20   0       0      0      0 I   0.0   0.0   0:00.00 kworker/2:1-events
 314725 root      20   0       0      0      0 I   0.0   0.0   0:00.00 kworker/0:2
 314862 root      20   0       0      0      0 I   0.0   0.0   0:00.00 kworker/1:0-events
 315002 root      20   0       0      0      0 I   0.0   0.0   0:00.00 kworker/2:2
 316431 root      20   0    9436    772    692 S   0.0   0.0   0:00.00 sleep
 316651 root      20   0       0      0      0 I   0.0   0.0   0:00.01 kworker/3:2-events
 316919 jetson    20   0   11248   3308   2868 S   0.0   0.0   0:00.03 bash
 318996 jetson    20   0   11248   3304   2868 S   0.0   0.0   0:00.01 bash
 319246 jetson    20   0    9480    820    736 S   0.0   0.0   0:00.00 tail
 319374 root      30  10    9436    780    704 S   0.0   0.0   0:00.00 sleep
 319713 sshd      20   0   15268   6164   4588 S   0.0   0.1   0:00.00 sshd

top - 13:48:16 up  4:11,  0 users,  load average: 5.96, 5.16, 5.26
Tasks: 349 total,   3 running, 346 sleeping,   0 stopped,   0 zombie
%Cpu(s): 44.9 us, 11.9 sy,  0.0 ni, 39.1 id,  0.0 wa,  2.2 hi,  2.0 si,  0.0 st
MiB Mem :   7607.4 total,   2751.5 free,   2025.7 used,   2830.1 buff/cache
MiB Swap:   3803.7 total,   3803.7 free,      0.0 used.   5283.8 avail Mem 

    PID USER      PR  NI    VIRT    RES    SHR S  %CPU  %MEM     TIME+ COMMAND
 319245 jetson    20   0  753352  71152  29576 R  41.6   0.9   0:05.51 python3
 289467 jetson    20   0  709004  62292  27276 R  34.2   0.8   4:49.10 python3
 303945 jetson    20   0  963220  47504  23528 S  31.2   0.6   0:48.95 controller_serv
 319047 jetson    20   0  764356  55844  25376 S  22.8   0.7   0:04.23 ros2
 301995 jetson    20   0 9351040 403532  85056 S  17.8   5.2   1:21.37 nvblox_node
    969 root      20   0  237044  10468   6400 S  15.8   0.1   2:02.14 polkitd
 303953 jetson    20   0  531036  46396  26216 S  15.8   0.6   0:42.56 bt_navigator
 289115 jetson    20   0  711192  66760  27276 S  14.4   0.9   2:13.39 python3
 290529 jetson    20   0 1061844  52592  24360 S  13.9   0.7   0:33.34 async_slam_tool
 289113 jetson    20   0 1748412 107168  51312 S  13.4   1.4   1:56.26 realsense2_came
 289117 jetson    20   0  432948  28320  14224 S  13.4   0.4   2:11.29 rplidar_node
 289469 jetson    20   0  506204  34000  18400 S  10.9   0.4   1:33.47 ekf_node
 303985 jetson    20   0  577392  31576  16252 S  10.4   0.4   0:48.74 lifecycle_manag
 303949 jetson    20   0 1209656  91532  42832 S   9.9   1.2   0:48.41 planner_server
 303943 jetson    20   0  709520  64224  27412 S   8.9   0.8   0:21.63 python3
 289119 jetson    20   0  708116  63664  27448 S   8.4   0.8   1:13.65 python3
 303951 jetson    20   0  516316  35092  21016 S   6.9   0.5   0:33.81 behavior_server
 303973 jetson    20   0  428560  27816  15960 S   5.9   0.4   0:24.01 velocity_smooth
 303947 jetson    20   0  664536  32992  19416 S   5.4   0.4   0:28.66 smoother_server
 303955 jetson    20   0  431300  29232  17008 S   5.4   0.4   0:23.84 waypoint_follow
  13320 root      20   0 1300240  43632  11392 S   5.0   0.6  17:29.36 micro_ros_agent
    829 root      20   0  264752  18684  14872 S   3.5   0.2   0:25.44 NetworkManager
    828 message+  20   0   10496   5632   3584 S   3.0   0.1   0:28.12 dbus-daemon
      1 root      20   0  167628  11768   7448 S   2.0   0.2   0:20.40 systemd
    909 root      rt   0       0      0      0 S   1.5   0.0   0:30.31 sugov:4
    871 root      20   0   48968   7620   6296 S   1.0   0.1   0:02.46 systemd-logind
    904 root      rt   0       0      0      0 S   1.0   0.0   1:04.02 sugov:0
   2071 gdm       20   0 3471500 137252  73260 S   1.0   1.8   0:31.29 gnome-shell
 274472 root       0 -20       0      0      0 I   1.0   0.0   0:03.82 kworker/u13:1-uvcvideo
 319048 jetson    20   0   14344   3368   2772 R   1.0   0.0   0:00.16 top
     25 root      20   0       0      0      0 S   0.5   0.0   0:00.84 ksoftirqd/2
    340 root      20   0   23544   6732   4608 S   0.5   0.1   1:00.02 systemd-udevd
    826 avahi     20   0    8084   3108   2752 S   0.5   0.0   0:00.48 avahi-daemon
    865 root      20   0 2145956  51796  25768 S   0.5   0.7   0:25.65 snapd
   2141 gdm       20   0  468748   9856   7940 S   0.5   0.1   0:01.32 gsd-sharing
   2522 root      20   0  260792  17940  13508 S   0.5   0.2   0:01.23 cups-browsed
  11931 jetson    20   0  706564  62076  26432 S   0.5   0.8   1:20.11 python3
  12575 root      20   0   21760   4536   2952 S   0.5   0.1   0:34.26 systemd-udevd
  33484 root      20   0       0      0      0 I   0.5   0.0   0:12.33 kworker/u12:0-events_freezable_power_
  34263 root      20   0       0      0      0 I   0.5   0.0   0:14.91 kworker/u12:2-events_freezable_power_
 205195 root       0 -20       0      0      0 I   0.5   0.0   0:09.95 kworker/u13:0-uvcvideo
 251138 root      20   0       0      0      0 I   0.5   0.0   0:02.53 kworker/u12:4-events_freezable_power_
 303903 jetson    20   0  723188  40064  13216 S   0.5   0.5   0:01.27 ros2
      2 root      20   0       0      0      0 S   0.0   0.0   0:00.02 kthreadd
      3 root       0 -20       0      0      0 I   0.0   0.0   0:00.00 rcu_gp
      4 root       0 -20       0      0      0 I   0.0   0.0   0:00.00 rcu_par_gp
      5 root       0 -20       0      0      0 I   0.0   0.0   0:00.00 slub_flushwq
      6 root       0 -20       0      0      0 I   0.0   0.0   0:00.00 netns
      8 root       0 -20       0      0      0 I   0.0   0.0   0:00.00 kworker/0:0H-events_highpri
     10 root       0 -20       0      0      0 I   0.0   0.0   0:00.00 mm_percpu_wq
     11 root      20   0       0      0      0 S   0.0   0.0   0:00.00 rcu_tasks_kthre
     12 root      20   0       0      0      0 S   0.0   0.0   0:00.00 rcu_tasks_rude_
     13 root      20   0       0      0      0 S   0.0   0.0   0:00.00 rcu_tasks_trace
     14 root      20   0       0      0      0 S   0.0   0.0   0:13.41 ksoftirqd/0
     15 root      20   0       0      0      0 I   0.0   0.0   0:05.83 rcu_preempt
     16 root      rt   0       0      0      0 S   0.0   0.0   0:00.01 migration/0
     17 root      20   0       0      0      0 S   0.0   0.0   0:00.00 cpuhp/0
     18 root      20   0       0      0      0 S   0.0   0.0   0:00.00 cpuhp/1
     19 root      rt   0       0      0      0 S   0.0   0.0   0:00.01 migration/1
     20 root      20   0       0      0      0 S   0.0   0.0   0:00.83 ksoftirqd/1
     22 root       0 -20       0      0      0 I   0.0   0.0   0:00.00 kworker/1:0H-events_highpri
     23 root      20   0       0      0      0 S   0.0   0.0   0:00.00 cpuhp/2
     24 root      rt   0       0      0      0 S   0.0   0.0   0:00.00 migration/2
     27 root       0 -20       0      0      0 I   0.0   0.0   0:00.00 kworker/2:0H-events_highpri
     28 root      20   0       0      0      0 S   0.0   0.0   0:00.00 cpuhp/3
     29 root      rt   0       0      0      0 S   0.0   0.0   0:00.00 migration/3
     30 root      20   0       0      0      0 S   0.0   0.0   0:00.78 ksoftirqd/3
     32 root       0 -20       0      0      0 I   0.0   0.0   0:00.00 kworker/3:0H-events_highpri
     33 root      20   0       0      0      0 S   0.0   0.0   0:00.00 cpuhp/4
     34 root      rt   0       0      0      0 S   0.0   0.0   0:00.03 migration/4
     35 root      20   0       0      0      0 S   0.0   0.0   0:00.58 ksoftirqd/4
     37 root       0 -20       0      0      0 I   0.0   0.0   0:00.00 kworker/4:0H-kblockd
     38 root      20   0       0      0      0 S   0.0   0.0   0:00.00 cpuhp/5
     39 root      rt   0       0      0      0 S   0.0   0.0   0:00.03 migration/5
     40 root      20   0       0      0      0 S   0.0   0.0   0:00.59 ksoftirqd/5
     42 root       0 -20       0      0      0 I   0.0   0.0   0:00.00 kworker/5:0H-events_highpri
     43 root      20   0       0      0      0 S   0.0   0.0   0:00.01 kdevtmpfs
     44 root       0 -20       0      0      0 I   0.0   0.0   0:00.00 inet_frag_wq
     51 root      20   0       0      0      0 S   0.0   0.0   0:00.00 kauditd
     52 root      20   0       0      0      0 S   0.0   0.0   0:00.00 oom_reaper
     53 root       0 -20       0      0      0 I   0.0   0.0   0:00.00 writeback
     54 root      20   0       0      0      0 S   0.0   0.0   0:00.12 kcompactd0
     55 root      25   5       0      0      0 S   0.0   0.0   0:00.00 ksmd
     56 root      39  19       0      0      0 S   0.0   0.0   0:01.26 khugepaged
     67 root       0 -20       0      0      0 I   0.0   0.0   0:00.00 cryptd
     86 root       0 -20       0      0      0 I   0.0   0.0   0:00.00 kintegrityd
     87 root       0 -20       0      0      0 I   0.0   0.0   0:00.00 kblockd
     88 root       0 -20       0      0      0 I   0.0   0.0   0:00.00 blkcg_punt_bio
     89 root       0 -20       0      0      0 I   0.0   0.0   0:00.00 tpm_dev_wq
     90 root       0 -20       0      0      0 I   0.0   0.0   0:00.00 ata_sff
     91 root       0 -20       0      0      0 I   0.0   0.0   0:00.00 edac-poller
     92 root       0 -20       0      0      0 I   0.0   0.0   0:00.00 devfreq_wq
     93 root     -51   0       0      0      0 S   0.0   0.0   0:00.00 watchdogd
     96 root       0 -20       0      0      0 I   0.0   0.0   0:00.05 kworker/1:1H-kblockd
     97 root       0 -20       0      0      0 I   0.0   0.0   0:00.00 rpciod
     99 root       0 -20       0      0      0 I   0.0   0.0   0:00.00 xprtiod
    127 root      20   0       0      0      0 S   0.0   0.0   0:00.00 kswapd0
    128 root       0 -20       0      0      0 I   0.0   0.0   0:00.00 nfsiod
    132 root       0 -20       0      0      0 I   0.0   0.0   0:00.00 vfio-irqfd-clea
    133 root       0 -20       0      0      0 I   0.0   0.0   0:00.00 bch_btree_io
    134 root       0 -20       0      0      0 I   0.0   0.0   0:00.00 bcache
    135 root       0 -20       0      0      0 I   0.0   0.0   0:00.00 bch_journal
    136 root       0 -20       0      0      0 I   0.0   0.0   0:00.00 dm_bufio_cache
    137 root      20   0       0      0      0 I   0.0   0.0   0:01.56 kworker/1:2-events
    139 root      20   0       0      0      0 I   0.0   0.0   0:00.99 kworker/2:3-events
    140 root      10 -10       0      0      0 S   0.0   0.0   0:00.00 krfcommd
    141 root      20   0       0      0      0 S   0.0   0.0   0:00.01 pr/tty0
    142 root      20   0       0      0      0 S   0.0   0.0   0:03.05 pr/ttyTCU0
    145 root     -51   0       0      0      0 S   0.0   0.0   0:00.00 irq/114-3160000
    147 root     -51   0       0      0      0 S   0.0   0.0   0:00.00 irq/115-3180000
    149 root     -51   0       0      0      0 S   0.0   0.0   0:00.00 irq/116-31b0000
    150 root     -51   0       0      0      0 S   0.0   0.0   0:00.02 irq/167-c240000
    151 root     -51   0       0      0      0 S   0.0   0.0   0:00.00 irq/168-c250000
    152 root     -51   0       0      0      0 S   0.0   0.0   0:00.00 irq/125-3610000
    153 root     -51   0       0      0      0 S   0.0   0.0   0:00.00 irq/122-3610000
    155 root       0 -20       0      0      0 I   0.0   0.0   0:00.00 sdhci
    156 root     -51   0       0      0      0 S   0.0   0.0   0:00.00 irq/120-mmc0
    157 root     -51   0       0      0      0 S   0.0   0.0   0:00.00 irq/230-3400000
    174 root       0 -20       0      0      0 I   0.0   0.0   0:00.05 kworker/3:1H-kblockd
    180 root     -51   0       0      0      0 S   0.0   0.0   0:00.00 irq/191-tegra-p
    181 root       0 -20       0      0      0 I   0.0   0.0   0:00.00 nvme-wq
    182 root       0 -20       0      0      0 I   0.0   0.0   0:00.00 nvme-reset-wq
    183 root       0 -20       0      0      0 I   0.0   0.0   0:00.00 nvme-delete-wq
    192 root     -51   0       0      0      0 S   0.0   0.0   0:00.00 irq/191-aerdrv
    193 root     -51   0       0      0      0 S   0.0   0.0   0:00.00 irq/193-tegra-p
    196 root     -51   0       0      0      0 S   0.0   0.0   0:00.00 irq/193-aerdrv
    197 root     -51   0       0      0      0 S   0.0   0.0   0:00.00 irq/195-tegra-p
    199 root     -51   0       0      0      0 S   0.0   0.0   0:00.00 irq/232-nvme0q0
    200 root     -51   0       0      0      0 S   0.0   0.0   0:00.25 irq/233-nvme0q1
    201 root     -51   0       0      0      0 S   0.0   0.0   0:00.29 irq/234-nvme0q2
    202 root     -51   0       0      0      0 S   0.0   0.0   0:00.43 irq/235-nvme0q3
    203 root     -51   0       0      0      0 S   0.0   0.0   0:00.55 irq/236-nvme0q4
    204 root     -51   0       0      0      0 S   0.0   0.0   0:00.13 irq/237-nvme0q5
    205 root     -51   0       0      0      0 S   0.0   0.0   0:00.09 irq/238-nvme0q6
    211 root       0 -20       0      0      0 I   0.0   0.0   0:00.05 kworker/4:1H-kblockd
    212 root      20   0       0      0      0 S   0.0   0.0   0:00.88 jbd2/nvme0n1p1-
    213 root       0 -20       0      0      0 I   0.0   0.0   0:00.00 ext4-rsv-conver
    222 root       0 -20       0      0      0 I   0.0   0.0   0:00.00 mld
    223 root       0 -20       0      0      0 I   0.0   0.0   0:00.03 kworker/0:1H-kblockd
    224 root       0 -20       0      0      0 I   0.0   0.0   0:00.00 ipv6_addrconf
    256 root      19  -1   40648  14960  13348 S   0.0   0.2   0:17.93 systemd-journal
    278 root       0 -20       0      0      0 I   0.0   0.0   0:00.07 kworker/2:1H-kblockd
    280 root      39  19       0      0      0 S   0.0   0.0   0:00.48 nvmap-bz
    281 root     -51   0       0      0      0 S   0.0   0.0   0:00.00 irq/188-host1x_
    285 root     -51   0       0      0      0 S   0.0   0.0   0:00.00 irq/197-gk20a_s
    286 root     -51   0       0      0      0 S   0.0   0.0   0:00.01 irq/198-gk20a_s
    287 root     -51   0       0      0      0 S   0.0   0.0   0:00.01 irq/199-gk20a_s
    288 root     -51   0       0      0      0 S   0.0   0.0   0:00.00 irq/200-gk20a_n
    291 root       0 -20       0      0      0 I   0.0   0.0   0:00.04 kworker/5:1H-kblockd
    295 root      20   0   11116   3460   3204 S   0.0   0.0   0:00.00 nv-tee-supplica
    299 root      20   0   76588   1360   1248 S   0.0   0.0   0:00.01 tee-supplicant
    301 root       0 -20       0      0      0 I   0.0   0.0   0:00.00 optee_bus_scan
    303 root     -51   0       0      0      0 S   0.0   0.0   0:00.00 irq/189-tegra-p
    312 root      20   0   23732   6316   4080 S   0.0   0.1   0:17.82 systemd-udevd
    313 root     -51   0       0      0      0 S   0.0   0.0   0:00.00 irq/189-aerdrv
    314 root      20   0   23216   5812   3992 S   0.0   0.1   0:00.38 systemd-udevd
    315 root      20   0   23216   5020   3248 S   0.0   0.1   0:00.15 systemd-udevd
    316 root      20   0   23268   6224   4288 S   0.0   0.1   0:00.16 systemd-udevd
    317 root      20   0   23220   4364   2600 S   0.0   0.1   0:00.11 systemd-udevd
    318 root      20   0   23216   4480   2672 S   0.0   0.1   0:00.12 systemd-udevd
    319 root      20   0   23212   5812   3980 S   0.0   0.1   0:00.28 systemd-udevd
    320 root      20   0   23264   4688   2764 S   0.0   0.1   0:00.13 systemd-udevd
    321 root      20   0   23268   5072   3136 S   0.0   0.1   0:00.18 systemd-udevd
    322 root      20   0   23524   5520   3456 S   0.0   0.1   0:00.26 systemd-udevd
    323 root      20   0   23216   6280   4444 S   0.0   0.1   0:00.37 systemd-udevd
    324 root      20   0   23220   5196   3388 S   0.0   0.1   0:00.16 systemd-udevd
    325 root      20   0   23220   5820   3976 S   0.0   0.1   0:00.37 systemd-udevd
    326 root      20   0   23220   5236   3388 S   0.0   0.1   0:00.39 systemd-udevd
    327 root      20   0   23220   5468   3656 S   0.0   0.1   0:00.18 systemd-udevd
    330 root      20   0   23512   5728   3684 S   0.0   0.1   0:00.14 systemd-udevd
    331 root      20   0   24292   5540   2676 S   0.0   0.1   0:00.16 systemd-udevd
    333 root      20   0   23524   5596   3532 S   0.0   0.1   0:00.26 systemd-udevd
    334 root      20   0   23220   5080   3240 S   0.0   0.1   0:00.25 systemd-udevd
    335 root      20   0   23220   4504   2708 S   0.0   0.1   0:00.11 systemd-udevd
    336 root      20   0   23220   4696   2892 S   0.0   0.1   0:00.14 systemd-udevd
    337 root      20   0   23524   5056   2992 S   0.0   0.1   0:00.16 systemd-udevd
    339 root      20   0   23220   4980   3148 S   0.0   0.1   0:00.17 systemd-udevd
    341 root      20   0   23276   5328   3384 S   0.0   0.1   0:00.13 systemd-udevd
    342 root      20   0   23280   5176   3228 S   0.0   0.1   0:00.13 systemd-udevd
    343 root      20   0   23220   5984   4152 S   0.0   0.1   0:00.30 systemd-udevd
    344 root      20   0   23560   6700   4596 S   0.0   0.1   0:00.48 systemd-udevd
    345 root      20   0       0      0      0 S   0.0   0.0   0:00.00 15820000.crypto
    346 root      20   0       0      0      0 S   0.0   0.0   0:00.00 15840000.crypto
    368 root      20   0   23324   5984   4116 S   0.0   0.1   0:00.40 systemd-udevd
    417 root     -51   0       0      0      0 S   0.0   0.0   0:00.00 irq/219-bc00000
    419 root      -2   0       0      0      0 S   0.0   0.0   0:00.00 capture-control
    420 root      -2   0       0      0      0 S   0.0   0.0   0:00.00 capture
    422 root     -51   0       0      0      0 S   0.0   0.0   0:00.00 irq/214-tegra_d
    423 root     -51   0       0      0      0 S   0.0   0.0   0:00.00 irq/215-tegra_d
    424 root       0 -20       0      0      0 I   0.0   0.0   0:00.00 dce-async-ipc-w
    425 root     -51   0       0      0      0 S   0.0   0.0   0:00.00 irq/240-nvvrs-p
    427 root      20   0       0      0      0 S   0.0   0.0   0:00.00 nv_queue
    428 root      20   0       0      0      0 S   0.0   0.0   0:00.00 nv_queue
    483 root     -51   0       0      0      0 S   0.0   0.0   0:00.00 irq/118-3210000
    487 root      20   0       0      0      0 S   0.0   0.0   0:00.00 spi0
    495 root       0 -20       0      0      0 I   0.0   0.0   0:00.00 cfg80211
    497 root     -51   0       0      0      0 S   0.0   0.0   0:00.00 irq/119-3230000
    498 root      20   0       0      0      0 S   0.0   0.0   0:00.00 spi1
    584 root       0 -20       0      0      0 I   0.0   0.0   0:00.00 btfwwork
    650 root      20   0    8236   6424   1432 S   0.0   0.1   0:00.57 haveged
    653 _rpc      20   0    7932   2264   1912 S   0.0   0.0   0:00.02 rpcbind
    659 systemd+  20   0   26320  13580   8496 S   0.0   0.2   0:00.40 systemd-resolve
    662 systemd+  20   0   88880   6332   5484 S   0.0   0.1   0:00.13 systemd-timesyn
    827 root      20   0    9888   4552   4112 S   0.0   0.1   0:00.07 bluetoothd
    838 root      20   0   43504  19780  10232 S   0.0   0.3   0:00.15 networkd-dispat
    849 root      20   0  241652   9056   6312 S   0.0   0.1   0:00.40 power-profiles-
    854 syslog    20   0  222160   5012   3672 S   0.0   0.1   0:03.50 rsyslogd
    859 root      20   0    2240    796    720 S   0.0   0.0   0:00.00 seatd
    867 root      20   0  242124   7452   6576 S   0.0   0.1   0:01.40 accounts-daemon
    869 root      20   0  238128   6232   5620 S   0.0   0.1   0:00.04 switcheroo-cont
    874 root      20   0  394188  13988   9476 S   0.0   0.2   0:00.82 udisksd
    875 root      20   0   16632   9928   8148 S   0.0   0.1   0:00.89 wpa_supplicant
    882 avahi     20   0    7812    356      0 S   0.0   0.0   0:00.00 avahi-daemon
    921 root      30  10   11248   3612   3220 S   0.0   0.0   0:05.60 wifi_mon.sh
    983 root      20   0    2460   1556   1380 S   0.0   0.0   0:05.37 nvfancontrol
   1049 root      20   0       0      0      0 S   0.0   0.0   0:00.00 sw-quiesce
   1052 root      20   0       0      0      0 S   0.0   0.0   0:13.44 nvgpu_channel_p
   1068 root      20   0       0      0      0 S   0.0   0.0   0:00.00 nvgpu_pg_init_g
   1087 root      20   0       0      0      0 S   0.0   0.0   0:00.00 nvgpu_clk_arb_p
   1117 root      20   0       0      0      0 S   0.0   0.0   0:05.07 RTW_CMD_THREAD
   1157 root      20   0   75936   9960   8136 S   0.0   0.1   0:00.01 nvargus-daemon
   1158 root      20   0   11116   3520   3220 S   0.0   0.0   0:00.05 nvmemwarning.sh
   1171 root      20   0   22192   1776   1580 S   0.0   0.0   0:00.00 nvs-service
   1181 ollama    20   0 2006720  39588  20072 S   0.0   0.5   0:00.74 ollama
   1195 root      20   0    2336   1408   1292 S   0.0   0.0   0:01.96 run-cups-browse
   1201 root      20   0    2336   1424   1296 S   0.0   0.0   0:02.02 run-cupsd
   1204 root      20   0       0      0      0 S   0.0   0.0   0:00.00 pr/ramoops-1
   1212 root      20   0 2093080  58448  33576 S   0.0   0.8   0:15.77 containerd
   1239 root      20   0   10772   2824   2576 S   0.0   0.0   0:00.04 cron
   1259 root      20   0  243128   8056   7012 S   0.0   0.1   0:00.02 gdm3
   1263 kernoops  20   0   12812    452      0 S   0.0   0.0   0:00.01 kerneloops
   1290 root      20   0    9468    800    724 S   0.0   0.0   0:00.00 agetty
   1291 kernoops  20   0   12812    452      0 S   0.0   0.0   0:00.01 kerneloops
   1293 root      20   0    9468    804    724 S   0.0   0.0   0:00.00 agetty
   1330 root      20   0  173408   8804   7628 S   0.0   0.1   0:00.02 gdm-session-wor
   1417 root      20   0       0      0      0 S   0.0   0.0   0:00.00 file-storage
   1426 root      20   0   15272   8368   6788 S   0.0   0.1   0:00.48 sshd
   1474 gdm       20   0   18120   9728   7360 S   0.0   0.1   0:00.41 systemd
   1478 root      20   0    3076    992    880 S   0.0   0.0   0:00.00 nvphsd
   1483 root      20   0    3208   1476   1316 S   0.0   0.0   0:00.00 nvphsd
   1497 gdm       20   0  106692   4552      0 S   0.0   0.1   0:00.00 (sd-pam)
   1588 root      20   0 2352492  96592  56580 S   0.0   1.2   0:04.97 dockerd
   1688 gdm        9 -11   41972   6472   5156 S   0.0   0.1   0:00.05 pipewire
   1689 gdm       20   0   25476   6428   5104 S   0.0   0.1   0:00.99 pipewire-media-
   1690 gdm        9 -11  891840  20748  12584 S   0.0   0.3   0:00.76 pulseaudio
   1695 gdm       20   0  163948   5472   4964 S   0.0   0.1   0:00.00 gdm-x-session
   1697 root      20   0   24.2g  80524  35884 S   0.0   1.0   0:01.68 Xorg
   1698 rtkit     21   1  153504   1588   1380 S   0.0   0.0   0:00.21 rtkit-daemon
   1729 gdm       20   0    8840   3600   3212 S   0.0   0.0   0:00.02 dbus-daemon
   1748 root      20   0       0      0      0 S   0.0   0.0   0:00.00 nvidia-modeset/
   1749 root      20   0       0      0      0 S   0.0   0.0   0:00.00 nvidia-modeset/
   1752 root      20   0       0      0      0 S   0.0   0.0   0:00.00 nvidia
   1753 root      20   0       0      0      0 S   0.0   0.0   0:00.00 nv_queue
   1790 root      20   0       0      0      0 S   0.0   0.0   0:00.00 nvidia-drm-nv-t
   1791 root     -51   0       0      0      0 S   0.0   0.0   0:00.00 card1-crtc0
   1792 root     -51   0       0      0      0 S   0.0   0.0   0:00.00 card1-crtc1
   1980 gdm       20   0    5876   1552   1344 S   0.0   0.0   0:00.00 dbus-run-sessio
   1983 gdm       20   0    9108   4440   3588 S   0.0   0.1   0:00.13 dbus-daemon
   2035 gdm       20   0  597840  17824  12972 S   0.0   0.2   0:00.72 gnome-session-b
   2057 gdm       20   0  310068   8976   6272 S   0.0   0.1   0:00.00 at-spi-bus-laun
   2062 gdm       20   0    8692   3556   3168 S   0.0   0.0   0:00.00 dbus-daemon
   2092 gdm       20   0  237676   4964   4528 S   0.0   0.1   0:00.00 xdg-permission-
   2099 root      20   0  243852  10136   6984 S   0.0   0.1   0:00.34 upowerd
   2106 root      20   0  301608  19332  16408 S   0.0   0.2   0:01.05 packagekitd
   2110 gdm       20   0 2812288  25716  20860 S   0.0   0.3   0:00.08 gjs
   2113 gdm       20   0  163144   7196   6428 S   0.0   0.1   0:00.01 at-spi2-registr
   2146 gdm       20   0  338880  14892  12620 S   0.0   0.2   0:00.06 gsd-wacom
   2148 gdm       20   0  451616  18896  16480 S   0.0   0.2   0:00.16 gsd-color
   2150 gdm       20   0  412392  17092  13292 S   0.0   0.2   0:00.04 gsd-keyboard
   2152 gdm       20   0  316864  13188   6244 S   0.0   0.2   0:00.10 ibus-daemon
   2156 gdm       20   0  326124   9848   8488 S   0.0   0.1   0:00.02 gsd-print-notif
   2166 gdm       20   0  242216   6512   5848 S   0.0   0.1   0:00.01 gvfsd
   2168 gdm       20   0  459796   6140   5436 S   0.0   0.1   0:00.39 gsd-rfkill
   2170 gdm       20   0  388312   7432   6528 S   0.0   0.1   0:00.01 gsd-smartcard
   2173 gdm       20   0  380556  16508  12504 S   0.0   0.2   0:00.03 gsd-datetime
   2183 gdm       20   0  864216  20108  17428 S   0.0   0.3   0:00.37 gsd-media-keys
   2184 gdm       20   0  237936   4760   4376 S   0.0   0.1   0:00.01 gsd-screensaver
   2185 gdm       20   0  322096  10392   7320 S   0.0   0.1   0:00.02 gsd-sound
   2186 gdm       20   0  312416   8104   5476 S   0.0   0.1   0:00.01 gsd-a11y-settin
   2193 gdm       20   0  313996   8944   6152 S   0.0   0.1   0:00.64 gsd-housekeepin
   2195 gdm       20   0  450004  20288  15904 S   0.0   0.3   0:00.37 gsd-power
   2218 gdm       20   0  347052  12608  10748 S   0.0   0.2   0:00.03 gsd-printer
   2221 gdm       20   0  239040   6576   5948 S   0.0   0.1   0:00.00 ibus-dconf
   2233 gdm       20   0  238936   5920   5488 S   0.0   0.1   0:00.00 ibus-portal
   2263 colord    20   0  247516  14492   8720 S   0.0   0.2   0:00.23 colord
   2285 gdm       20   0 2812300  27868  20904 S   0.0   0.4   0:00.09 gjs
   2349 gdm       20   0  165096   6516   5892 S   0.0   0.1   0:00.01 ibus-engine-sim
   2508 root      20   0  136716  13172   9512 S   0.0   0.2   0:00.61 cupsd
  11687 jetson    20   0   18140   9764   7368 S   0.0   0.1   0:00.32 systemd
  11688 jetson    20   0  172512   4632      0 S   0.0   0.1   0:00.00 (sd-pam)
  11696 jetson    20   0   41976   6552   5228 S   0.0   0.1   0:00.04 pipewire
  11697 jetson    20   0   25484   6724   5388 S   0.0   0.1   0:01.06 pipewire-media-
  11749 jetson    20   0    8888   3620   3232 S   0.0   0.0   0:00.01 dbus-daemon
  12473 root      20   0 1233488  13236   6340 S   0.0   0.2   0:01.96 containerd-shim
  12502 jetson    20   0    5508    792    704 S   0.0   0.0   0:00.20 sleep
  12567 root      20   0   21892   5484   3884 S   0.0   0.1   0:16.83 systemd-udevd
  13234 jetson    20   0  203640  35476  13212 S   0.0   0.5   0:00.75 ros2
  13236 jetson    20   0 2070472  36080  17228 S   0.0   0.5   0:00.55 docker
  13238 jetson    20   0  428384  31060  15828 S   0.0   0.4   1:22.43 robot_state_pub
  13265 root      20   0 1232976  11192   5960 S   0.0   0.1   0:01.40 containerd-shim
  13294 root      20   0   49400  29204  14412 S   0.0   0.4   0:00.40 ros2
  13554 root      20   0   21760   4460   2932 S   0.0   0.1   0:00.03 systemd-udevd
  13555 root      20   0   21760   3352   1860 S   0.0   0.0   0:00.00 systemd-udevd
  13568 root      20   0   21760   3376   1864 S   0.0   0.0   0:00.02 systemd-udevd
  13569 root      20   0   21760   4136   2588 S   0.0   0.1   0:00.06 systemd-udevd
  13570 root      20   0   21764   4492   2960 S   0.0   0.1   0:00.05 systemd-udevd
  13571 root      20   0   21764   4108   2588 S   0.0   0.1   0:00.03 systemd-udevd
  13580 root      20   0   21764   4136   2588 S   0.0   0.1   0:00.04 systemd-udevd
  13581 root      20   0   21764   3708   2180 S   0.0   0.0   0:00.00 systemd-udevd
  13582 root      20   0   21764   4268   2704 S   0.0   0.1   0:00.06 systemd-udevd
  13594 root      20   0   21764   3408   1864 S   0.0   0.0   0:00.01 systemd-udevd
  13595 root      20   0   21764   4012   2468 S   0.0   0.1   0:00.02 systemd-udevd
  49116 root      20   0       0      0      0 I   0.0   0.0   0:00.65 kworker/0:0-events
  90870 root      20   0       0      0      0 I   0.0   0.0   0:11.75 kworker/u12:11-events_freezable_power_
  98217 root      20   0  238836   6944   5696 S   0.0   0.1   0:02.20 iio-sensor-prox
 100141 root      20   0       0      0      0 I   0.0   0.0   0:09.70 kworker/u12:6-events_unbound
 149635 root      20   0       0      0      0 I   0.0   0.0   0:00.45 kworker/3:0-events
 199974 root      20   0       0      0      0 I   0.0   0.0   0:05.37 kworker/u12:1-events_unbound
 211464 root      20   0       0      0      0 I   0.0   0.0   0:04.82 kworker/u12:7-events_unbound
 219316 root       0 -20       0      0      0 I   0.0   0.0   0:09.27 kworker/u13:3-uvcvideo
 234404 root      20   0       0      0      0 I   0.0   0.0   0:00.55 kworker/5:0-events
 253037 root      20   0       0      0      0 I   0.0   0.0   0:02.68 kworker/u12:8-events_freezable_power_
 271538 root      20   0  410228  41960  21380 S   0.0   0.5   0:01.38 fwupd
 278878 root      20   0       0      0      0 I   0.0   0.0   0:00.09 kworker/4:2-events
 284193 root      20   0       0      0      0 I   0.0   0.0   0:01.55 kworker/u12:3-events_unbound
 289098 jetson    20   0  572504  38648  13228 S   0.0   0.5   0:00.95 ros2
 289121 jetson    20   0 1082820  58716  26356 S   0.0   0.8   0:30.82 foxglove_bridge
 290503 jetson    20   0  129772  34672  13228 S   0.0   0.4   0:00.69 ros2
 295127 root      20   0       0      0      0 I   0.0   0.0   0:00.02 kworker/1:3-cgroup_destroy
 295225 root      20   0       0      0      0 I   0.0   0.0   0:00.00 kworker/3:1-events
 298318 root      20   0       0      0      0 I   0.0   0.0   0:00.00 kworker/4:0-events
 298521 root      20   0       0      0      0 I   0.0   0.0   0:00.00 kworker/5:1-cgroup_destroy
 301519 root      20   0       0      0      0 I   0.0   0.0   0:00.04 kworker/0:1-events
 301563 root      20   0       0      0      0 I   0.0   0.0   0:00.00 kworker/2:0-cgroup_destroy
 301980 jetson    20   0   53568  30336  15004 S   0.0   0.4   0:00.44 ros2
 302359 root       0 -20       0      0      0 I   0.0   0.0   0:01.66 kworker/u13:2-uvcvideo
 305476 root      20   0       0      0      0 I   0.0   0.0   0:00.79 kworker/u12:9-events_unbound
 314676 root      20   0       0      0      0 I   0.0   0.0   0:00.00 kworker/5:2-events
 314679 root      20   0       0      0      0 I   0.0   0.0   0:00.00 kworker/2:1-events
 314725 root      20   0       0      0      0 I   0.0   0.0   0:00.00 kworker/0:2
 314862 root      20   0       0      0      0 I   0.0   0.0   0:00.00 kworker/1:0-events
 315002 root      20   0       0      0      0 I   0.0   0.0   0:00.00 kworker/2:2
 316431 root      20   0    9436    772    692 S   0.0   0.0   0:00.00 sleep
 316651 root      20   0       0      0      0 I   0.0   0.0   0:00.01 kworker/3:2-events
 316919 jetson    20   0   11248   3308   2868 S   0.0   0.0   0:00.03 bash
 318996 jetson    20   0   11248   3304   2868 S   0.0   0.0   0:00.01 bash
 319049 jetson    20   0    2872    896    800 S   0.0   0.0   0:00.03 tegrastats
 319246 jetson    20   0    9480    820    736 S   0.0   0.0   0:00.00 tail
 319374 root      30  10    9436    780    704 S   0.0   0.0   0:00.00 sleep

top - 13:48:18 up  4:11,  0 users,  load average: 5.96, 5.16, 5.26
Tasks: 349 total,   4 running, 345 sleeping,   0 stopped,   0 zombie
%Cpu(s): 43.1 us,  9.4 sy,  0.0 ni, 43.2 id,  0.0 wa,  2.4 hi,  1.9 si,  0.0 st
MiB Mem :   7607.4 total,   2751.5 free,   2025.7 used,   2830.1 buff/cache
MiB Swap:   3803.7 total,   3803.7 free,      0.0 used.   5283.8 avail Mem 

    PID USER      PR  NI    VIRT    RES    SHR S  %CPU  %MEM     TIME+ COMMAND
 319245 jetson    20   0  753924  71428  29576 R  42.6   0.9   0:06.37 python3
 289467 jetson    20   0  709004  62292  27276 R  35.1   0.8   4:49.81 python3
 303945 jetson    20   0  963220  47512  23528 S  32.7   0.6   0:49.61 controller_serv
 319047 jetson    20   0  764356  55844  25376 S  24.3   0.7   0:04.72 ros2
 301995 jetson    20   0 9351040 403536  85056 S  18.3   5.2   1:21.74 nvblox_node
 303953 jetson    20   0  531036  46396  26216 S  16.3   0.6   0:42.89 bt_navigator
 289115 jetson    20   0  710800  66448  27276 S  14.9   0.9   2:13.69 python3
 289117 jetson    20   0  432948  28320  14224 S  14.4   0.4   2:11.58 rplidar_node
 289113 jetson    20   0 1748412 107168  51312 S  12.9   1.4   1:56.52 realsense2_came
 290529 jetson    20   0 1061844  52856  24360 S  11.9   0.7   0:33.58 async_slam_tool
 289469 jetson    20   0  506204  34000  18400 R  11.4   0.4   1:33.70 ekf_node
 303985 jetson    20   0  577392  31576  16252 S  10.9   0.4   0:48.96 lifecycle_manag
 289119 jetson    20   0  708116  63664  27448 S   9.9   0.8   1:13.85 python3
 303949 jetson    20   0 1209704  91532  42832 S   9.9   1.2   0:48.61 planner_server
 303943 jetson    20   0  709520  64224  27412 S   9.4   0.8   0:21.82 python3
 303951 jetson    20   0  516316  35092  21016 S   7.4   0.5   0:33.96 behavior_server
 303947 jetson    20   0  664536  32996  19416 S   6.4   0.4   0:28.79 smoother_server
 303955 jetson    20   0  431300  29232  17008 S   5.9   0.4   0:23.96 waypoint_follow
 303973 jetson    20   0  428560  27816  15960 S   5.4   0.4   0:24.12 velocity_smooth
  13320 root      20   0 1300240  43632  11392 S   5.0   0.6  17:29.46 micro_ros_agent
    904 root      rt   0       0      0      0 S   1.5   0.0   1:04.05 sugov:0
    909 root      rt   0       0      0      0 S   1.0   0.0   0:30.33 sugov:4
 274472 root       0 -20       0      0      0 I   1.0   0.0   0:03.84 kworker/u13:1-uvcvideo
 319048 jetson    20   0   14344   3368   2772 R   1.0   0.0   0:00.18 top
    256 root      19  -1   40648  14960  13348 S   0.5   0.2   0:17.94 systemd-journal
  98217 root      20   0  238836   6944   5696 S   0.5   0.1   0:02.21 iio-sensor-prox
 211464 root      20   0       0      0      0 I   0.5   0.0   0:04.83 kworker/u12:7-events_unbound
 251138 root      20   0       0      0      0 I   0.5   0.0   0:02.54 kworker/u12:4-events_freezable_power_
 253037 root      20   0       0      0      0 I   0.5   0.0   0:02.69 kworker/u12:8-events_unbound
 319049 jetson    20   0    2872    896    800 S   0.5   0.0   0:00.04 tegrastats
      1 root      20   0  167628  11768   7448 S   0.0   0.2   0:20.40 systemd
      2 root      20   0       0      0      0 S   0.0   0.0   0:00.02 kthreadd
      3 root       0 -20       0      0      0 I   0.0   0.0   0:00.00 rcu_gp
      4 root       0 -20       0      0      0 I   0.0   0.0   0:00.00 rcu_par_gp
      5 root       0 -20       0      0      0 I   0.0   0.0   0:00.00 slub_flushwq
      6 root       0 -20       0      0      0 I   0.0   0.0   0:00.00 netns
      8 root       0 -20       0      0      0 I   0.0   0.0   0:00.00 kworker/0:0H-events_highpri
     10 root       0 -20       0      0      0 I   0.0   0.0   0:00.00 mm_percpu_wq
     11 root      20   0       0      0      0 S   0.0   0.0   0:00.00 rcu_tasks_kthre
     12 root      20   0       0      0      0 S   0.0   0.0   0:00.00 rcu_tasks_rude_
     13 root      20   0       0      0      0 S   0.0   0.0   0:00.00 rcu_tasks_trace
     14 root      20   0       0      0      0 S   0.0   0.0   0:13.41 ksoftirqd/0
     15 root      20   0       0      0      0 I   0.0   0.0   0:05.83 rcu_preempt
     16 root      rt   0       0      0      0 S   0.0   0.0   0:00.01 migration/0
     17 root      20   0       0      0      0 S   0.0   0.0   0:00.00 cpuhp/0
     18 root      20   0       0      0      0 S   0.0   0.0   0:00.00 cpuhp/1
     19 root      rt   0       0      0      0 S   0.0   0.0   0:00.01 migration/1
     20 root      20   0       0      0      0 S   0.0   0.0   0:00.83 ksoftirqd/1
     22 root       0 -20       0      0      0 I   0.0   0.0   0:00.00 kworker/1:0H-events_highpri
     23 root      20   0       0      0      0 S   0.0   0.0   0:00.00 cpuhp/2
     24 root      rt   0       0      0      0 S   0.0   0.0   0:00.00 migration/2
     25 root      20   0       0      0      0 S   0.0   0.0   0:00.84 ksoftirqd/2
     27 root       0 -20       0      0      0 I   0.0   0.0   0:00.00 kworker/2:0H-events_highpri
     28 root      20   0       0      0      0 S   0.0   0.0   0:00.00 cpuhp/3
     29 root      rt   0       0      0      0 S   0.0   0.0   0:00.00 migration/3
     30 root      20   0       0      0      0 S   0.0   0.0   0:00.78 ksoftirqd/3
     32 root       0 -20       0      0      0 I   0.0   0.0   0:00.00 kworker/3:0H-events_highpri
     33 root      20   0       0      0      0 S   0.0   0.0   0:00.00 cpuhp/4
     34 root      rt   0       0      0      0 S   0.0   0.0   0:00.03 migration/4
     35 root      20   0       0      0      0 S   0.0   0.0   0:00.58 ksoftirqd/4
     37 root       0 -20       0      0      0 I   0.0   0.0   0:00.00 kworker/4:0H-kblockd
     38 root      20   0       0      0      0 S   0.0   0.0   0:00.00 cpuhp/5
     39 root      rt   0       0      0      0 S   0.0   0.0   0:00.03 migration/5
     40 root      20   0       0      0      0 S   0.0   0.0   0:00.59 ksoftirqd/5
     42 root       0 -20       0      0      0 I   0.0   0.0   0:00.00 kworker/5:0H-events_highpri
     43 root      20   0       0      0      0 S   0.0   0.0   0:00.01 kdevtmpfs
     44 root       0 -20       0      0      0 I   0.0   0.0   0:00.00 inet_frag_wq
     51 root      20   0       0      0      0 S   0.0   0.0   0:00.00 kauditd
     52 root      20   0       0      0      0 S   0.0   0.0   0:00.00 oom_reaper
     53 root       0 -20       0      0      0 I   0.0   0.0   0:00.00 writeback
     54 root      20   0       0      0      0 S   0.0   0.0   0:00.12 kcompactd0
     55 root      25   5       0      0      0 S   0.0   0.0   0:00.00 ksmd
     56 root      39  19       0      0      0 S   0.0   0.0   0:01.26 khugepaged
     67 root       0 -20       0      0      0 I   0.0   0.0   0:00.00 cryptd
     86 root       0 -20       0      0      0 I   0.0   0.0   0:00.00 kintegrityd
     87 root       0 -20       0      0      0 I   0.0   0.0   0:00.00 kblockd
     88 root       0 -20       0      0      0 I   0.0   0.0   0:00.00 blkcg_punt_bio
     89 root       0 -20       0      0      0 I   0.0   0.0   0:00.00 tpm_dev_wq
     90 root       0 -20       0      0      0 I   0.0   0.0   0:00.00 ata_sff
     91 root       0 -20       0      0      0 I   0.0   0.0   0:00.00 edac-poller
     92 root       0 -20       0      0      0 I   0.0   0.0   0:00.00 devfreq_wq
     93 root     -51   0       0      0      0 S   0.0   0.0   0:00.00 watchdogd
     96 root       0 -20       0      0      0 I   0.0   0.0   0:00.05 kworker/1:1H-kblockd
     97 root       0 -20       0      0      0 I   0.0   0.0   0:00.00 rpciod
     99 root       0 -20       0      0      0 I   0.0   0.0   0:00.00 xprtiod
    127 root      20   0       0      0      0 S   0.0   0.0   0:00.00 kswapd0
    128 root       0 -20       0      0      0 I   0.0   0.0   0:00.00 nfsiod
    132 root       0 -20       0      0      0 I   0.0   0.0   0:00.00 vfio-irqfd-clea
    133 root       0 -20       0      0      0 I   0.0   0.0   0:00.00 bch_btree_io
    134 root       0 -20       0      0      0 I   0.0   0.0   0:00.00 bcache
    135 root       0 -20       0      0      0 I   0.0   0.0   0:00.00 bch_journal
    136 root       0 -20       0      0      0 I   0.0   0.0   0:00.00 dm_bufio_cache
    137 root      20   0       0      0      0 I   0.0   0.0   0:01.56 kworker/1:2-events
    139 root      20   0       0      0      0 I   0.0   0.0   0:00.99 kworker/2:3-events
    140 root      10 -10       0      0      0 S   0.0   0.0   0:00.00 krfcommd
    141 root      20   0       0      0      0 S   0.0   0.0   0:00.01 pr/tty0
    142 root      20   0       0      0      0 S   0.0   0.0   0:03.05 pr/ttyTCU0
    145 root     -51   0       0      0      0 S   0.0   0.0   0:00.00 irq/114-3160000
    147 root     -51   0       0      0      0 S   0.0   0.0   0:00.00 irq/115-3180000
    149 root     -51   0       0      0      0 S   0.0   0.0   0:00.00 irq/116-31b0000
    150 root     -51   0       0      0      0 S   0.0   0.0   0:00.02 irq/167-c240000
    151 root     -51   0       0      0      0 S   0.0   0.0   0:00.00 irq/168-c250000
    152 root     -51   0       0      0      0 S   0.0   0.0   0:00.00 irq/125-3610000
    153 root     -51   0       0      0      0 S   0.0   0.0   0:00.00 irq/122-3610000
    155 root       0 -20       0      0      0 I   0.0   0.0   0:00.00 sdhci
    156 root     -51   0       0      0      0 S   0.0   0.0   0:00.00 irq/120-mmc0
    157 root     -51   0       0      0      0 S   0.0   0.0   0:00.00 irq/230-3400000
    174 root       0 -20       0      0      0 I   0.0   0.0   0:00.05 kworker/3:1H-kblockd
    180 root     -51   0       0      0      0 S   0.0   0.0   0:00.00 irq/191-tegra-p
    181 root       0 -20       0      0      0 I   0.0   0.0   0:00.00 nvme-wq
    182 root       0 -20       0      0      0 I   0.0   0.0   0:00.00 nvme-reset-wq
    183 root       0 -20       0      0      0 I   0.0   0.0   0:00.00 nvme-delete-wq
    192 root     -51   0       0      0      0 S   0.0   0.0   0:00.00 irq/191-aerdrv
    193 root     -51   0       0      0      0 S   0.0   0.0   0:00.00 irq/193-tegra-p
    196 root     -51   0       0      0      0 S   0.0   0.0   0:00.00 irq/193-aerdrv
    197 root     -51   0       0      0      0 S   0.0   0.0   0:00.00 irq/195-tegra-p
    199 root     -51   0       0      0      0 S   0.0   0.0   0:00.00 irq/232-nvme0q0
    200 root     -51   0       0      0      0 S   0.0   0.0   0:00.25 irq/233-nvme0q1
    201 root     -51   0       0      0      0 S   0.0   0.0   0:00.29 irq/234-nvme0q2
    202 root     -51   0       0      0      0 S   0.0   0.0   0:00.43 irq/235-nvme0q3
    203 root     -51   0       0      0      0 S   0.0   0.0   0:00.55 irq/236-nvme0q4
    204 root     -51   0       0      0      0 S   0.0   0.0   0:00.13 irq/237-nvme0q5
    205 root     -51   0       0      0      0 S   0.0   0.0   0:00.09 irq/238-nvme0q6
    211 root       0 -20       0      0      0 I   0.0   0.0   0:00.05 kworker/4:1H-kblockd
    212 root      20   0       0      0      0 S   0.0   0.0   0:00.88 jbd2/nvme0n1p1-
    213 root       0 -20       0      0      0 I   0.0   0.0   0:00.00 ext4-rsv-conver
    222 root       0 -20       0      0      0 I   0.0   0.0   0:00.00 mld
    223 root       0 -20       0      0      0 I   0.0   0.0   0:00.03 kworker/0:1H-kblockd
    224 root       0 -20       0      0      0 I   0.0   0.0   0:00.00 ipv6_addrconf
    278 root       0 -20       0      0      0 I   0.0   0.0   0:00.07 kworker/2:1H-kblockd
    280 root      39  19       0      0      0 S   0.0   0.0   0:00.48 nvmap-bz
    281 root     -51   0       0      0      0 S   0.0   0.0   0:00.00 irq/188-host1x_
    285 root     -51   0       0      0      0 S   0.0   0.0   0:00.00 irq/197-gk20a_s
    286 root     -51   0       0      0      0 S   0.0   0.0   0:00.01 irq/198-gk20a_s
    287 root     -51   0       0      0      0 S   0.0   0.0   0:00.01 irq/199-gk20a_s
    288 root     -51   0       0      0      0 S   0.0   0.0   0:00.00 irq/200-gk20a_n
    291 root       0 -20       0      0      0 I   0.0   0.0   0:00.04 kworker/5:1H-kblockd
    295 root      20   0   11116   3460   3204 S   0.0   0.0   0:00.00 nv-tee-supplica
    299 root      20   0   76588   1360   1248 S   0.0   0.0   0:00.01 tee-supplicant
    301 root       0 -20       0      0      0 I   0.0   0.0   0:00.00 optee_bus_scan
    303 root     -51   0       0      0      0 S   0.0   0.0   0:00.00 irq/189-tegra-p
    312 root      20   0   23732   6316   4080 S   0.0   0.1   0:17.82 systemd-udevd
    313 root     -51   0       0      0      0 S   0.0   0.0   0:00.00 irq/189-aerdrv
    314 root      20   0   23216   5812   3992 S   0.0   0.1   0:00.38 systemd-udevd
    315 root      20   0   23216   5020   3248 S   0.0   0.1   0:00.15 systemd-udevd
    316 root      20   0   23268   6224   4288 S   0.0   0.1   0:00.16 systemd-udevd
    317 root      20   0   23220   4364   2600 S   0.0   0.1   0:00.11 systemd-udevd
    318 root      20   0   23216   4480   2672 S   0.0   0.1   0:00.12 systemd-udevd
    319 root      20   0   23212   5812   3980 S   0.0   0.1   0:00.28 systemd-udevd
    320 root      20   0   23264   4688   2764 S   0.0   0.1   0:00.13 systemd-udevd
    321 root      20   0   23268   5072   3136 S   0.0   0.1   0:00.18 systemd-udevd
    322 root      20   0   23524   5520   3456 S   0.0   0.1   0:00.26 systemd-udevd
    323 root      20   0   23216   6280   4444 S   0.0   0.1   0:00.37 systemd-udevd
    324 root      20   0   23220   5196   3388 S   0.0   0.1   0:00.16 systemd-udevd
    325 root      20   0   23220   5820   3976 S   0.0   0.1   0:00.37 systemd-udevd
    326 root      20   0   23220   5236   3388 S   0.0   0.1   0:00.39 systemd-udevd
    327 root      20   0   23220   5468   3656 S   0.0   0.1   0:00.18 systemd-udevd
    330 root      20   0   23512   5728   3684 S   0.0   0.1   0:00.14 systemd-udevd
    331 root      20   0   24292   5540   2676 S   0.0   0.1   0:00.16 systemd-udevd
    333 root      20   0   23524   5596   3532 S   0.0   0.1   0:00.26 systemd-udevd
    334 root      20   0   23220   5080   3240 S   0.0   0.1   0:00.25 systemd-udevd
    335 root      20   0   23220   4504   2708 S   0.0   0.1   0:00.11 systemd-udevd
    336 root      20   0   23220   4696   2892 S   0.0   0.1   0:00.14 systemd-udevd
    337 root      20   0   23524   5056   2992 S   0.0   0.1   0:00.16 systemd-udevd
    339 root      20   0   23220   4980   3148 S   0.0   0.1   0:00.17 systemd-udevd
    340 root      20   0   23544   6732   4608 S   0.0   0.1   1:00.02 systemd-udevd
    341 root      20   0   23276   5328   3384 S   0.0   0.1   0:00.13 systemd-udevd
    342 root      20   0   23280   5176   3228 S   0.0   0.1   0:00.13 systemd-udevd
    343 root      20   0   23220   5984   4152 S   0.0   0.1   0:00.30 systemd-udevd
    344 root      20   0   23560   6700   4596 S   0.0   0.1   0:00.48 systemd-udevd
    345 root      20   0       0      0      0 S   0.0   0.0   0:00.00 15820000.crypto
    346 root      20   0       0      0      0 S   0.0   0.0   0:00.00 15840000.crypto
    368 root      20   0   23324   5984   4116 S   0.0   0.1   0:00.40 systemd-udevd
    417 root     -51   0       0      0      0 S   0.0   0.0   0:00.00 irq/219-bc00000
    419 root      -2   0       0      0      0 S   0.0   0.0   0:00.00 capture-control
    420 root      -2   0       0      0      0 S   0.0   0.0   0:00.00 capture
    422 root     -51   0       0      0      0 S   0.0   0.0   0:00.00 irq/214-tegra_d
    423 root     -51   0       0      0      0 S   0.0   0.0   0:00.00 irq/215-tegra_d
    424 root       0 -20       0      0      0 I   0.0   0.0   0:00.00 dce-async-ipc-w
    425 root     -51   0       0      0      0 S   0.0   0.0   0:00.00 irq/240-nvvrs-p
    427 root      20   0       0      0      0 S   0.0   0.0   0:00.00 nv_queue
    428 root      20   0       0      0      0 S   0.0   0.0   0:00.00 nv_queue
    483 root     -51   0       0      0      0 S   0.0   0.0   0:00.00 irq/118-3210000
    487 root      20   0       0      0      0 S   0.0   0.0   0:00.00 spi0
    495 root       0 -20       0      0      0 I   0.0   0.0   0:00.00 cfg80211
    497 root     -51   0       0      0      0 S   0.0   0.0   0:00.00 irq/119-3230000
    498 root      20   0       0      0      0 S   0.0   0.0   0:00.00 spi1
    584 root       0 -20       0      0      0 I   0.0   0.0   0:00.00 btfwwork
    650 root      20   0    8236   6424   1432 S   0.0   0.1   0:00.57 haveged
    653 _rpc      20   0    7932   2264   1912 S   0.0   0.0   0:00.02 rpcbind
    659 systemd+  20   0   26320  13580   8496 S   0.0   0.2   0:00.40 systemd-resolve
    662 systemd+  20   0   88880   6332   5484 S   0.0   0.1   0:00.13 systemd-timesyn
    826 avahi     20   0    8084   3108   2752 S   0.0   0.0   0:00.48 avahi-daemon
    827 root      20   0    9888   4552   4112 S   0.0   0.1   0:00.07 bluetoothd
    828 message+  20   0   10496   5632   3584 S   0.0   0.1   0:28.12 dbus-daemon
    829 root      20   0  264752  18684  14872 S   0.0   0.2   0:25.44 NetworkManager
    838 root      20   0   43504  19780  10232 S   0.0   0.3   0:00.15 networkd-dispat
    849 root      20   0  241652   9056   6312 S   0.0   0.1   0:00.40 power-profiles-
    854 syslog    20   0  222160   5012   3672 S   0.0   0.1   0:03.50 rsyslogd
    859 root      20   0    2240    796    720 S   0.0   0.0   0:00.00 seatd
    865 root      20   0 2145956  51796  25768 S   0.0   0.7   0:25.65 snapd
    867 root      20   0  242124   7452   6576 S   0.0   0.1   0:01.40 accounts-daemon
    869 root      20   0  238128   6232   5620 S   0.0   0.1   0:00.04 switcheroo-cont
    871 root      20   0   48968   7620   6296 S   0.0   0.1   0:02.46 systemd-logind
    874 root      20   0  394188  13988   9476 S   0.0   0.2   0:00.82 udisksd
    875 root      20   0   16632   9928   8148 S   0.0   0.1   0:00.89 wpa_supplicant
    882 avahi     20   0    7812    356      0 S   0.0   0.0   0:00.00 avahi-daemon
    921 root      30  10   11248   3612   3220 S   0.0   0.0   0:05.60 wifi_mon.sh
    969 root      20   0  237044  10468   6400 S   0.0   0.1   2:02.14 polkitd
    983 root      20   0    2460   1556   1380 S   0.0   0.0   0:05.37 nvfancontrol
   1049 root      20   0       0      0      0 S   0.0   0.0   0:00.00 sw-quiesce
   1052 root      20   0       0      0      0 S   0.0   0.0   0:13.44 nvgpu_channel_p
   1068 root      20   0       0      0      0 S   0.0   0.0   0:00.00 nvgpu_pg_init_g
   1087 root      20   0       0      0      0 S   0.0   0.0   0:00.00 nvgpu_clk_arb_p
   1117 root      20   0       0      0      0 S   0.0   0.0   0:05.07 RTW_CMD_THREAD
   1157 root      20   0   75936   9960   8136 S   0.0   0.1   0:00.01 nvargus-daemon
   1158 root      20   0   11116   3520   3220 S   0.0   0.0   0:00.05 nvmemwarning.sh
   1171 root      20   0   22192   1776   1580 S   0.0   0.0   0:00.00 nvs-service
   1181 ollama    20   0 2006720  39588  20072 S   0.0   0.5   0:00.74 ollama
   1195 root      20   0    2336   1408   1292 S   0.0   0.0   0:01.96 run-cups-browse
   1201 root      20   0    2336   1424   1296 S   0.0   0.0   0:02.02 run-cupsd
   1204 root      20   0       0      0      0 S   0.0   0.0   0:00.00 pr/ramoops-1
   1212 root      20   0 2093080  58448  33576 S   0.0   0.8   0:15.77 containerd
   1239 root      20   0   10772   2824   2576 S   0.0   0.0   0:00.04 cron
   1259 root      20   0  243128   8056   7012 S   0.0   0.1   0:00.02 gdm3
   1263 kernoops  20   0   12812    452      0 S   0.0   0.0   0:00.01 kerneloops
   1290 root      20   0    9468    800    724 S   0.0   0.0   0:00.00 agetty
   1291 kernoops  20   0   12812    452      0 S   0.0   0.0   0:00.01 kerneloops
   1293 root      20   0    9468    804    724 S   0.0   0.0   0:00.00 agetty
   1330 root      20   0  173408   8804   7628 S   0.0   0.1   0:00.02 gdm-session-wor
   1417 root      20   0       0      0      0 S   0.0   0.0   0:00.00 file-storage
   1426 root      20   0   15272   8368   6788 S   0.0   0.1   0:00.48 sshd
   1474 gdm       20   0   18120   9728   7360 S   0.0   0.1   0:00.41 systemd
   1478 root      20   0    3076    992    880 S   0.0   0.0   0:00.00 nvphsd
   1483 root      20   0    3208   1476   1316 S   0.0   0.0   0:00.00 nvphsd
   1497 gdm       20   0  106692   4552      0 S   0.0   0.1   0:00.00 (sd-pam)
   1588 root      20   0 2352492  96592  56580 S   0.0   1.2   0:04.97 dockerd
   1688 gdm        9 -11   41972   6472   5156 S   0.0   0.1   0:00.05 pipewire
   1689 gdm       20   0   25476   6428   5104 S   0.0   0.1   0:00.99 pipewire-media-
   1690 gdm        9 -11  891840  20748  12584 S   0.0   0.3   0:00.76 pulseaudio
   1695 gdm       20   0  163948   5472   4964 S   0.0   0.1   0:00.00 gdm-x-session
   1697 root      20   0   24.2g  80524  35884 S   0.0   1.0   0:01.68 Xorg
   1698 rtkit     21   1  153504   1588   1380 S   0.0   0.0   0:00.21 rtkit-daemon
   1729 gdm       20   0    8840   3600   3212 S   0.0   0.0   0:00.02 dbus-daemon
   1748 root      20   0       0      0      0 S   0.0   0.0   0:00.00 nvidia-modeset/
   1749 root      20   0       0      0      0 S   0.0   0.0   0:00.00 nvidia-modeset/
   1752 root      20   0       0      0      0 S   0.0   0.0   0:00.00 nvidia
   1753 root      20   0       0      0      0 S   0.0   0.0   0:00.00 nv_queue
   1790 root      20   0       0      0      0 S   0.0   0.0   0:00.00 nvidia-drm-nv-t
   1791 root     -51   0       0      0      0 S   0.0   0.0   0:00.00 card1-crtc0
   1792 root     -51   0       0      0      0 S   0.0   0.0   0:00.00 card1-crtc1
   1980 gdm       20   0    5876   1552   1344 S   0.0   0.0   0:00.00 dbus-run-sessio
   1983 gdm       20   0    9108   4440   3588 S   0.0   0.1   0:00.13 dbus-daemon
   2035 gdm       20   0  597840  17824  12972 S   0.0   0.2   0:00.72 gnome-session-b
   2057 gdm       20   0  310068   8976   6272 S   0.0   0.1   0:00.00 at-spi-bus-laun
   2062 gdm       20   0    8692   3556   3168 S   0.0   0.0   0:00.00 dbus-daemon
   2071 gdm       20   0 3471500 137252  73260 S   0.0   1.8   0:31.29 gnome-shell
   2092 gdm       20   0  237676   4964   4528 S   0.0   0.1   0:00.00 xdg-permission-
   2099 root      20   0  243852  10136   6984 S   0.0   0.1   0:00.34 upowerd
   2106 root      20   0  301608  19332  16408 S   0.0   0.2   0:01.05 packagekitd
   2110 gdm       20   0 2812288  25716  20860 S   0.0   0.3   0:00.08 gjs
   2113 gdm       20   0  163144   7196   6428 S   0.0   0.1   0:00.01 at-spi2-registr
   2141 gdm       20   0  468748   9856   7940 S   0.0   0.1   0:01.32 gsd-sharing
   2146 gdm       20   0  338880  14892  12620 S   0.0   0.2   0:00.06 gsd-wacom
   2148 gdm       20   0  451616  18896  16480 S   0.0   0.2   0:00.16 gsd-color
   2150 gdm       20   0  412392  17092  13292 S   0.0   0.2   0:00.04 gsd-keyboard
   2152 gdm       20   0  316864  13188   6244 S   0.0   0.2   0:00.10 ibus-daemon
   2156 gdm       20   0  326124   9848   8488 S   0.0   0.1   0:00.02 gsd-print-notif
   2166 gdm       20   0  242216   6512   5848 S   0.0   0.1   0:00.01 gvfsd
   2168 gdm       20   0  459796   6140   5436 S   0.0   0.1   0:00.39 gsd-rfkill
   2170 gdm       20   0  388312   7432   6528 S   0.0   0.1   0:00.01 gsd-smartcard
   2173 gdm       20   0  380556  16508  12504 S   0.0   0.2   0:00.03 gsd-datetime
   2183 gdm       20   0  864216  20108  17428 S   0.0   0.3   0:00.37 gsd-media-keys
   2184 gdm       20   0  237936   4760   4376 S   0.0   0.1   0:00.01 gsd-screensaver
   2185 gdm       20   0  322096  10392   7320 S   0.0   0.1   0:00.02 gsd-sound
   2186 gdm       20   0  312416   8104   5476 S   0.0   0.1   0:00.01 gsd-a11y-settin
   2193 gdm       20   0  313996   8944   6152 S   0.0   0.1   0:00.64 gsd-housekeepin
   2195 gdm       20   0  450004  20288  15904 S   0.0   0.3   0:00.37 gsd-power
   2218 gdm       20   0  347052  12608  10748 S   0.0   0.2   0:00.03 gsd-printer
   2221 gdm       20   0  239040   6576   5948 S   0.0   0.1   0:00.00 ibus-dconf
   2233 gdm       20   0  238936   5920   5488 S   0.0   0.1   0:00.00 ibus-portal
   2263 colord    20   0  247516  14492   8720 S   0.0   0.2   0:00.23 colord
   2285 gdm       20   0 2812300  27868  20904 S   0.0   0.4   0:00.09 gjs
   2349 gdm       20   0  165096   6516   5892 S   0.0   0.1   0:00.01 ibus-engine-sim
   2508 root      20   0  136716  13172   9512 S   0.0   0.2   0:00.61 cupsd
   2522 root      20   0  260792  17940  13508 S   0.0   0.2   0:01.23 cups-browsed
  11687 jetson    20   0   18140   9764   7368 S   0.0   0.1   0:00.32 systemd
  11688 jetson    20   0  172512   4632      0 S   0.0   0.1   0:00.00 (sd-pam)
  11696 jetson    20   0   41976   6552   5228 S   0.0   0.1   0:00.04 pipewire
  11697 jetson    20   0   25484   6724   5388 S   0.0   0.1   0:01.06 pipewire-media-
  11749 jetson    20   0    8888   3620   3232 S   0.0   0.0   0:00.01 dbus-daemon
  11931 jetson    20   0  706564  62076  26432 S   0.0   0.8   1:20.11 python3
  12473 root      20   0 1233488  13236   6340 S   0.0   0.2   0:01.96 containerd-shim
  12502 jetson    20   0    5508    792    704 S   0.0   0.0   0:00.20 sleep
  12567 root      20   0   21892   5484   3884 S   0.0   0.1   0:16.83 systemd-udevd
  12575 root      20   0   21760   4536   2952 S   0.0   0.1   0:34.26 systemd-udevd
  13234 jetson    20   0  203640  35476  13212 S   0.0   0.5   0:00.75 ros2
  13236 jetson    20   0 2070472  36080  17228 S   0.0   0.5   0:00.55 docker
  13238 jetson    20   0  428384  31060  15828 S   0.0   0.4   1:22.43 robot_state_pub
  13265 root      20   0 1232976  11192   5960 S   0.0   0.1   0:01.40 containerd-shim
  13294 root      20   0   49400  29204  14412 S   0.0   0.4   0:00.40 ros2
  13554 root      20   0   21760   4460   2932 S   0.0   0.1   0:00.03 systemd-udevd
  13555 root      20   0   21760   3352   1860 S   0.0   0.0   0:00.00 systemd-udevd
  13568 root      20   0   21760   3376   1864 S   0.0   0.0   0:00.02 systemd-udevd
  13569 root      20   0   21760   4136   2588 S   0.0   0.1   0:00.06 systemd-udevd
  13570 root      20   0   21764   4492   2960 S   0.0   0.1   0:00.05 systemd-udevd
  13571 root      20   0   21764   4108   2588 S   0.0   0.1   0:00.03 systemd-udevd
  13580 root      20   0   21764   4136   2588 S   0.0   0.1   0:00.04 systemd-udevd
  13581 root      20   0   21764   3708   2180 S   0.0   0.0   0:00.00 systemd-udevd
  13582 root      20   0   21764   4268   2704 S   0.0   0.1   0:00.06 systemd-udevd
  13594 root      20   0   21764   3408   1864 S   0.0   0.0   0:00.01 systemd-udevd
  13595 root      20   0   21764   4012   2468 S   0.0   0.1   0:00.02 systemd-udevd
  33484 root      20   0       0      0      0 I   0.0   0.0   0:12.33 kworker/u12:0-events_freezable_power_
  34263 root      20   0       0      0      0 I   0.0   0.0   0:14.91 kworker/u12:2-events_freezable_power_
  49116 root      20   0       0      0      0 I   0.0   0.0   0:00.65 kworker/0:0-events
  90870 root      20   0       0      0      0 I   0.0   0.0   0:11.75 kworker/u12:11-events_unbound
 100141 root      20   0       0      0      0 I   0.0   0.0   0:09.70 kworker/u12:6-events_unbound
 149635 root      20   0       0      0      0 I   0.0   0.0   0:00.45 kworker/3:0-events
 199974 root      20   0       0      0      0 I   0.0   0.0   0:05.37 kworker/u12:1-events_unbound
 205195 root       0 -20       0      0      0 I   0.0   0.0   0:09.95 kworker/u13:0-uvcvideo
 219316 root       0 -20       0      0      0 I   0.0   0.0   0:09.27 kworker/u13:3-uvcvideo
 234404 root      20   0       0      0      0 I   0.0   0.0   0:00.55 kworker/5:0-events
 271538 root      20   0  410228  41960  21380 S   0.0   0.5   0:01.38 fwupd
 278878 root      20   0       0      0      0 I   0.0   0.0   0:00.09 kworker/4:2-events
 284193 root      20   0       0      0      0 I   0.0   0.0   0:01.55 kworker/u12:3-events_freezable_power_
 289098 jetson    20   0  572504  38648  13228 S   0.0   0.5   0:00.95 ros2
 289121 jetson    20   0 1082820  58716  26356 S   0.0   0.8   0:30.82 foxglove_bridge
 290503 jetson    20   0  129772  34672  13228 S   0.0   0.4   0:00.69 ros2
 295127 root      20   0       0      0      0 I   0.0   0.0   0:00.02 kworker/1:3-cgroup_destroy
 295225 root      20   0       0      0      0 I   0.0   0.0   0:00.00 kworker/3:1-events
 298318 root      20   0       0      0      0 I   0.0   0.0   0:00.00 kworker/4:0-events
 298521 root      20   0       0      0      0 I   0.0   0.0   0:00.00 kworker/5:1-cgroup_destroy
 301519 root      20   0       0      0      0 I   0.0   0.0   0:00.04 kworker/0:1-events
 301563 root      20   0       0      0      0 I   0.0   0.0   0:00.00 kworker/2:0-cgroup_destroy
 301980 jetson    20   0   53568  30336  15004 S   0.0   0.4   0:00.44 ros2
 302359 root       0 -20       0      0      0 I   0.0   0.0   0:01.66 kworker/u13:2-uvcvideo
 303903 jetson    20   0  723188  40064  13216 S   0.0   0.5   0:01.27 ros2
 305476 root      20   0       0      0      0 I   0.0   0.0   0:00.79 kworker/u12:9-events_unbound
 314676 root      20   0       0      0      0 I   0.0   0.0   0:00.00 kworker/5:2-events
 314679 root      20   0       0      0      0 I   0.0   0.0   0:00.00 kworker/2:1-events
 314725 root      20   0       0      0      0 I   0.0   0.0   0:00.00 kworker/0:2
 314862 root      20   0       0      0      0 I   0.0   0.0   0:00.00 kworker/1:0-events
 315002 root      20   0       0      0      0 I   0.0   0.0   0:00.00 kworker/2:2
 316431 root      20   0    9436    772    692 S   0.0   0.0   0:00.00 sleep
 316651 root      20   0       0      0      0 I   0.0   0.0   0:00.01 kworker/3:2-events
 316919 jetson    20   0   11248   3308   2868 S   0.0   0.0   0:00.03 bash
 318996 jetson    20   0   11248   3304   2868 S   0.0   0.0   0:00.01 bash
 319246 jetson    20   0    9480    820    736 S   0.0   0.0   0:00.00 tail
 319374 root      30  10    9436    780    704 S   0.0   0.0   0:00.00 sleep

top - 13:48:20 up  4:11,  0 users,  load average: 5.97, 5.18, 5.26
Tasks: 349 total,   8 running, 341 sleeping,   0 stopped,   0 zombie
%Cpu(s): 44.3 us, 12.2 sy,  0.0 ni, 39.2 id,  0.0 wa,  2.3 hi,  2.0 si,  0.0 st
MiB Mem :   7607.4 total,   2750.9 free,   2021.9 used,   2834.5 buff/cache
MiB Swap:   3803.7 total,   3803.7 free,      0.0 used.   5287.5 avail Mem 

    PID USER      PR  NI    VIRT    RES    SHR S  %CPU  %MEM     TIME+ COMMAND
 319245 jetson    20   0  753780  71432  29576 R  40.6   0.9   0:07.19 python3
 289467 jetson    20   0  709004  62292  27276 R  35.1   0.8   4:50.52 python3
 303945 jetson    20   0  963220  47504  23528 S  32.2   0.6   0:50.26 controller_serv
 319047 jetson    20   0  764356  55844  25376 S  22.8   0.7   0:05.18 ros2
 301995 jetson    20   0 9351040 403528  85056 R  17.3   5.2   1:22.09 nvblox_node
 303953 jetson    20   0  531036  46396  26216 R  15.8   0.6   0:43.21 bt_navigator
 289115 jetson    20   0  710800  66448  27276 R  15.3   0.9   2:14.00 python3
    969 root      20   0  237044  10468   6400 S  14.4   0.1   2:02.43 polkitd
 290529 jetson    20   0 1062448  53384  24360 R  14.4   0.7   0:33.87 async_slam_tool
 289113 jetson    20   0 1748412 107168  51312 S  13.9   1.4   1:56.80 realsense2_came
 289117 jetson    20   0  432948  28320  14224 S  13.4   0.4   2:11.85 rplidar_node
 289469 jetson    20   0  506204  34000  18400 S  10.9   0.4   1:33.92 ekf_node
 303985 jetson    20   0  577392  31576  16252 R  10.9   0.4   0:49.18 lifecycle_manag
 303949 jetson    20   0 1209704  91628  42832 S  10.4   1.2   0:48.82 planner_server
 289119 jetson    20   0  708116  63664  27448 S   8.9   0.8   1:14.03 python3
 303943 jetson    20   0  709520  64224  27412 S   8.9   0.8   0:22.00 python3
 303951 jetson    20   0  516316  35092  21016 S   6.9   0.5   0:34.10 behavior_server
 303947 jetson    20   0  664536  33004  19416 S   6.4   0.4   0:28.92 smoother_server
 303955 jetson    20   0  431300  29232  17008 S   5.9   0.4   0:24.08 waypoint_follow
 303973 jetson    20   0  428560  27816  15960 S   5.9   0.4   0:24.24 velocity_smooth
  13320 root      20   0 1300240  43632  11392 S   4.5   0.6  17:29.55 micro_ros_agent
    828 message+  20   0   10496   5632   3584 S   3.5   0.1   0:28.19 dbus-daemon
      1 root      20   0  167628  11768   7448 S   2.5   0.2   0:20.45 systemd
    829 root      20   0  264752  18684  14872 S   2.5   0.2   0:25.49 NetworkManager
   2071 gdm       20   0 3471500 137204  73260 S   1.5   1.8   0:31.32 gnome-shell
    904 root      rt   0       0      0      0 S   1.0   0.0   1:04.07 sugov:0
    909 root      rt   0       0      0      0 S   1.0   0.0   0:30.35 sugov:4
     14 root      20   0       0      0      0 S   0.5   0.0   0:13.42 ksoftirqd/0
    256 root      19  -1   40648  14960  13348 S   0.5   0.2   0:17.95 systemd-journal
    312 root      20   0   23732   6316   4080 S   0.5   0.1   0:17.83 systemd-udevd
    340 root      20   0   23544   6732   4608 S   0.5   0.1   1:00.03 systemd-udevd
   1052 root      20   0       0      0      0 S   0.5   0.0   0:13.45 nvgpu_channel_p
   2106 root      20   0  301608  19332  16408 S   0.5   0.2   0:01.06 packagekitd
  11931 jetson    20   0  706564  62076  26432 S   0.5   0.8   1:20.12 python3
  33484 root      20   0       0      0      0 I   0.5   0.0   0:12.34 kworker/u12:0-events_unbound
  90870 root      20   0       0      0      0 I   0.5   0.0   0:11.76 kworker/u12:11-events_freezable_power_
 219316 root       0 -20       0      0      0 I   0.5   0.0   0:09.28 kworker/u13:3-uvcvideo
 274472 root       0 -20       0      0      0 I   0.5   0.0   0:03.85 kworker/u13:1-uvcvideo
 289121 jetson    20   0 1082820  58716  26356 S   0.5   0.8   0:30.83 foxglove_bridge
 303903 jetson    20   0  723188  40064  13216 S   0.5   0.5   0:01.28 ros2
 319048 jetson    20   0   14344   3368   2772 R   0.5   0.0   0:00.19 top
 319049 jetson    20   0    2872    896    800 S   0.5   0.0   0:00.05 tegrastats
      2 root      20   0       0      0      0 S   0.0   0.0   0:00.02 kthreadd
      3 root       0 -20       0      0      0 I   0.0   0.0   0:00.00 rcu_gp
      4 root       0 -20       0      0      0 I   0.0   0.0   0:00.00 rcu_par_gp
      5 root       0 -20       0      0      0 I   0.0   0.0   0:00.00 slub_flushwq
      6 root       0 -20       0      0      0 I   0.0   0.0   0:00.00 netns
      8 root       0 -20       0      0      0 I   0.0   0.0   0:00.00 kworker/0:0H-events_highpri
     10 root       0 -20       0      0      0 I   0.0   0.0   0:00.00 mm_percpu_wq
     11 root      20   0       0      0      0 S   0.0   0.0   0:00.00 rcu_tasks_kthre
     12 root      20   0       0      0      0 S   0.0   0.0   0:00.00 rcu_tasks_rude_
     13 root      20   0       0      0      0 S   0.0   0.0   0:00.00 rcu_tasks_trace
     15 root      20   0       0      0      0 I   0.0   0.0   0:05.83 rcu_preempt
     16 root      rt   0       0      0      0 S   0.0   0.0   0:00.01 migration/0
     17 root      20   0       0      0      0 S   0.0   0.0   0:00.00 cpuhp/0
     18 root      20   0       0      0      0 S   0.0   0.0   0:00.00 cpuhp/1
     19 root      rt   0       0      0      0 S   0.0   0.0   0:00.01 migration/1
     20 root      20   0       0      0      0 S   0.0   0.0   0:00.83 ksoftirqd/1
     22 root       0 -20       0      0      0 I   0.0   0.0   0:00.00 kworker/1:0H-events_highpri
     23 root      20   0       0      0      0 S   0.0   0.0   0:00.00 cpuhp/2
     24 root      rt   0       0      0      0 S   0.0   0.0   0:00.00 migration/2
     25 root      20   0       0      0      0 S   0.0   0.0   0:00.84 ksoftirqd/2
     27 root       0 -20       0      0      0 I   0.0   0.0   0:00.00 kworker/2:0H-events_highpri
     28 root      20   0       0      0      0 S   0.0   0.0   0:00.00 cpuhp/3
     29 root      rt   0       0      0      0 S   0.0   0.0   0:00.00 migration/3
     30 root      20   0       0      0      0 S   0.0   0.0   0:00.78 ksoftirqd/3
     32 root       0 -20       0      0      0 I   0.0   0.0   0:00.00 kworker/3:0H-events_highpri
     33 root      20   0       0      0      0 S   0.0   0.0   0:00.00 cpuhp/4
     34 root      rt   0       0      0      0 S   0.0   0.0   0:00.03 migration/4
     35 root      20   0       0      0      0 S   0.0   0.0   0:00.58 ksoftirqd/4
     37 root       0 -20       0      0      0 I   0.0   0.0   0:00.00 kworker/4:0H-kblockd
     38 root      20   0       0      0      0 S   0.0   0.0   0:00.00 cpuhp/5
     39 root      rt   0       0      0      0 S   0.0   0.0   0:00.03 migration/5
     40 root      20   0       0      0      0 S   0.0   0.0   0:00.59 ksoftirqd/5
     42 root       0 -20       0      0      0 I   0.0   0.0   0:00.00 kworker/5:0H-events_highpri
     43 root      20   0       0      0      0 S   0.0   0.0   0:00.01 kdevtmpfs
     44 root       0 -20       0      0      0 I   0.0   0.0   0:00.00 inet_frag_wq
     51 root      20   0       0      0      0 S   0.0   0.0   0:00.00 kauditd
     52 root      20   0       0      0      0 S   0.0   0.0   0:00.00 oom_reaper
     53 root       0 -20       0      0      0 I   0.0   0.0   0:00.00 writeback
     54 root      20   0       0      0      0 S   0.0   0.0   0:00.12 kcompactd0
     55 root      25   5       0      0      0 S   0.0   0.0   0:00.00 ksmd
     56 root      39  19       0      0      0 S   0.0   0.0   0:01.26 khugepaged
     67 root       0 -20       0      0      0 I   0.0   0.0   0:00.00 cryptd
     86 root       0 -20       0      0      0 I   0.0   0.0   0:00.00 kintegrityd
     87 root       0 -20       0      0      0 I   0.0   0.0   0:00.00 kblockd
     88 root       0 -20       0      0      0 I   0.0   0.0   0:00.00 blkcg_punt_bio
     89 root       0 -20       0      0      0 I   0.0   0.0   0:00.00 tpm_dev_wq
     90 root       0 -20       0      0      0 I   0.0   0.0   0:00.00 ata_sff
     91 root       0 -20       0      0      0 I   0.0   0.0   0:00.00 edac-poller
     92 root       0 -20       0      0      0 I   0.0   0.0   0:00.00 devfreq_wq
     93 root     -51   0       0      0      0 S   0.0   0.0   0:00.00 watchdogd
     96 root       0 -20       0      0      0 I   0.0   0.0   0:00.05 kworker/1:1H-kblockd
     97 root       0 -20       0      0      0 I   0.0   0.0   0:00.00 rpciod
     99 root       0 -20       0      0      0 I   0.0   0.0   0:00.00 xprtiod
    127 root      20   0       0      0      0 S   0.0   0.0   0:00.00 kswapd0
    128 root       0 -20       0      0      0 I   0.0   0.0   0:00.00 nfsiod
    132 root       0 -20       0      0      0 I   0.0   0.0   0:00.00 vfio-irqfd-clea
    133 root       0 -20       0      0      0 I   0.0   0.0   0:00.00 bch_btree_io
    134 root       0 -20       0      0      0 I   0.0   0.0   0:00.00 bcache
    135 root       0 -20       0      0      0 I   0.0   0.0   0:00.00 bch_journal
    136 root       0 -20       0      0      0 I   0.0   0.0   0:00.00 dm_bufio_cache
    137 root      20   0       0      0      0 I   0.0   0.0   0:01.56 kworker/1:2-events
    139 root      20   0       0      0      0 I   0.0   0.0   0:00.99 kworker/2:3-events
    140 root      10 -10       0      0      0 S   0.0   0.0   0:00.00 krfcommd
    141 root      20   0       0      0      0 S   0.0   0.0   0:00.01 pr/tty0
    142 root      20   0       0      0      0 S   0.0   0.0   0:03.05 pr/ttyTCU0
    145 root     -51   0       0      0      0 S   0.0   0.0   0:00.00 irq/114-3160000
    147 root     -51   0       0      0      0 S   0.0   0.0   0:00.00 irq/115-3180000
    149 root     -51   0       0      0      0 S   0.0   0.0   0:00.00 irq/116-31b0000
    150 root     -51   0       0      0      0 S   0.0   0.0   0:00.02 irq/167-c240000
    151 root     -51   0       0      0      0 S   0.0   0.0   0:00.00 irq/168-c250000
    152 root     -51   0       0      0      0 S   0.0   0.0   0:00.00 irq/125-3610000
    153 root     -51   0       0      0      0 S   0.0   0.0   0:00.00 irq/122-3610000
    155 root       0 -20       0      0      0 I   0.0   0.0   0:00.00 sdhci
    156 root     -51   0       0      0      0 S   0.0   0.0   0:00.00 irq/120-mmc0
    157 root     -51   0       0      0      0 S   0.0   0.0   0:00.00 irq/230-3400000
    174 root       0 -20       0      0      0 I   0.0   0.0   0:00.05 kworker/3:1H-kblockd
    180 root     -51   0       0      0      0 S   0.0   0.0   0:00.00 irq/191-tegra-p
    181 root       0 -20       0      0      0 I   0.0   0.0   0:00.00 nvme-wq
    182 root       0 -20       0      0      0 I   0.0   0.0   0:00.00 nvme-reset-wq
    183 root       0 -20       0      0      0 I   0.0   0.0   0:00.00 nvme-delete-wq
    192 root     -51   0       0      0      0 S   0.0   0.0   0:00.00 irq/191-aerdrv
    193 root     -51   0       0      0      0 S   0.0   0.0   0:00.00 irq/193-tegra-p
    196 root     -51   0       0      0      0 S   0.0   0.0   0:00.00 irq/193-aerdrv
    197 root     -51   0       0      0      0 S   0.0   0.0   0:00.00 irq/195-tegra-p
    199 root     -51   0       0      0      0 S   0.0   0.0   0:00.00 irq/232-nvme0q0
    200 root     -51   0       0      0      0 S   0.0   0.0   0:00.25 irq/233-nvme0q1
    201 root     -51   0       0      0      0 S   0.0   0.0   0:00.29 irq/234-nvme0q2
    202 root     -51   0       0      0      0 S   0.0   0.0   0:00.43 irq/235-nvme0q3
    203 root     -51   0       0      0      0 S   0.0   0.0   0:00.55 irq/236-nvme0q4
    204 root     -51   0       0      0      0 S   0.0   0.0   0:00.13 irq/237-nvme0q5
    205 root     -51   0       0      0      0 S   0.0   0.0   0:00.09 irq/238-nvme0q6
    211 root       0 -20       0      0      0 I   0.0   0.0   0:00.05 kworker/4:1H-kblockd
    212 root      20   0       0      0      0 S   0.0   0.0   0:00.88 jbd2/nvme0n1p1-
    213 root       0 -20       0      0      0 I   0.0   0.0   0:00.00 ext4-rsv-conver
    222 root       0 -20       0      0      0 I   0.0   0.0   0:00.00 mld
    223 root       0 -20       0      0      0 I   0.0   0.0   0:00.03 kworker/0:1H-kblockd
    224 root       0 -20       0      0      0 I   0.0   0.0   0:00.00 ipv6_addrconf
    278 root       0 -20       0      0      0 I   0.0   0.0   0:00.07 kworker/2:1H-kblockd
    280 root      39  19       0      0      0 S   0.0   0.0   0:00.48 nvmap-bz
    281 root     -51   0       0      0      0 S   0.0   0.0   0:00.00 irq/188-host1x_
    285 root     -51   0       0      0      0 S   0.0   0.0   0:00.00 irq/197-gk20a_s
    286 root     -51   0       0      0      0 S   0.0   0.0   0:00.01 irq/198-gk20a_s
    287 root     -51   0       0      0      0 S   0.0   0.0   0:00.01 irq/199-gk20a_s
    288 root     -51   0       0      0      0 S   0.0   0.0   0:00.00 irq/200-gk20a_n
    291 root       0 -20       0      0      0 I   0.0   0.0   0:00.04 kworker/5:1H-kblockd
    295 root      20   0   11116   3460   3204 S   0.0   0.0   0:00.00 nv-tee-supplica
    299 root      20   0   76588   1360   1248 S   0.0   0.0   0:00.01 tee-supplicant
    301 root       0 -20       0      0      0 I   0.0   0.0   0:00.00 optee_bus_scan
    303 root     -51   0       0      0      0 S   0.0   0.0   0:00.00 irq/189-tegra-p
    313 root     -51   0       0      0      0 S   0.0   0.0   0:00.00 irq/189-aerdrv
    314 root      20   0   23216   5812   3992 S   0.0   0.1   0:00.38 systemd-udevd
    315 root      20   0   23216   5020   3248 S   0.0   0.1   0:00.15 systemd-udevd
    316 root      20   0   23268   6224   4288 S   0.0   0.1   0:00.16 systemd-udevd
    317 root      20   0   23220   4364   2600 S   0.0   0.1   0:00.11 systemd-udevd
    318 root      20   0   23216   4480   2672 S   0.0   0.1   0:00.12 systemd-udevd
    319 root      20   0   23212   5812   3980 S   0.0   0.1   0:00.28 systemd-udevd
    320 root      20   0   23264   4688   2764 S   0.0   0.1   0:00.13 systemd-udevd
    321 root      20   0   23268   5072   3136 S   0.0   0.1   0:00.18 systemd-udevd
    322 root      20   0   23524   5520   3456 S   0.0   0.1   0:00.26 systemd-udevd
    323 root      20   0   23216   6280   4444 S   0.0   0.1   0:00.37 systemd-udevd
    324 root      20   0   23220   5196   3388 S   0.0   0.1   0:00.16 systemd-udevd
    325 root      20   0   23220   5820   3976 S   0.0   0.1   0:00.37 systemd-udevd
    326 root      20   0   23220   5236   3388 S   0.0   0.1   0:00.39 systemd-udevd
    327 root      20   0   23220   5468   3656 S   0.0   0.1   0:00.18 systemd-udevd
    330 root      20   0   23512   5728   3684 S   0.0   0.1   0:00.14 systemd-udevd
    331 root      20   0   24292   5540   2676 S   0.0   0.1   0:00.16 systemd-udevd
    333 root      20   0   23524   5596   3532 S   0.0   0.1   0:00.26 systemd-udevd
    334 root      20   0   23220   5080   3240 S   0.0   0.1   0:00.25 systemd-udevd
    335 root      20   0   23220   4504   2708 S   0.0   0.1   0:00.11 systemd-udevd
    336 root      20   0   23220   4696   2892 S   0.0   0.1   0:00.14 systemd-udevd
    337 root      20   0   23524   5056   2992 S   0.0   0.1   0:00.16 systemd-udevd
    339 root      20   0   23220   4980   3148 S   0.0   0.1   0:00.17 systemd-udevd
    341 root      20   0   23276   5328   3384 S   0.0   0.1   0:00.13 systemd-udevd
    342 root      20   0   23280   5176   3228 S   0.0   0.1   0:00.13 systemd-udevd
    343 root      20   0   23220   5984   4152 S   0.0   0.1   0:00.30 systemd-udevd
    344 root      20   0   23560   6700   4596 S   0.0   0.1   0:00.48 systemd-udevd
    345 root      20   0       0      0      0 S   0.0   0.0   0:00.00 15820000.crypto
    346 root      20   0       0      0      0 S   0.0   0.0   0:00.00 15840000.crypto
    368 root      20   0   23324   5984   4116 S   0.0   0.1   0:00.40 systemd-udevd
    417 root     -51   0       0      0      0 S   0.0   0.0   0:00.00 irq/219-bc00000
    419 root      -2   0       0      0      0 S   0.0   0.0   0:00.00 capture-control
    420 root      -2   0       0      0      0 S   0.0   0.0   0:00.00 capture
    422 root     -51   0       0      0      0 S   0.0   0.0   0:00.00 irq/214-tegra_d
    423 root     -51   0       0      0      0 S   0.0   0.0   0:00.00 irq/215-tegra_d
    424 root       0 -20       0      0      0 I   0.0   0.0   0:00.00 dce-async-ipc-w
    425 root     -51   0       0      0      0 S   0.0   0.0   0:00.00 irq/240-nvvrs-p
    427 root      20   0       0      0      0 S   0.0   0.0   0:00.00 nv_queue
    428 root      20   0       0      0      0 S   0.0   0.0   0:00.00 nv_queue
    483 root     -51   0       0      0      0 S   0.0   0.0   0:00.00 irq/118-3210000
    487 root      20   0       0      0      0 S   0.0   0.0   0:00.00 spi0
    495 root       0 -20       0      0      0 I   0.0   0.0   0:00.00 cfg80211
    497 root     -51   0       0      0      0 S   0.0   0.0   0:00.00 irq/119-3230000
    498 root      20   0       0      0      0 S   0.0   0.0   0:00.00 spi1
    584 root       0 -20       0      0      0 I   0.0   0.0   0:00.00 btfwwork
    650 root      20   0    8236   6424   1432 S   0.0   0.1   0:00.57 haveged
    653 _rpc      20   0    7932   2264   1912 S   0.0   0.0   0:00.02 rpcbind
    659 systemd+  20   0   26320  13580   8496 S   0.0   0.2   0:00.40 systemd-resolve
    662 systemd+  20   0   88880   6332   5484 S   0.0   0.1   0:00.13 systemd-timesyn
    826 avahi     20   0    8084   3108   2752 S   0.0   0.0   0:00.48 avahi-daemon
    827 root      20   0    9888   4552   4112 S   0.0   0.1   0:00.07 bluetoothd
    838 root      20   0   43504  19780  10232 S   0.0   0.3   0:00.15 networkd-dispat
    849 root      20   0  241652   9056   6312 S   0.0   0.1   0:00.40 power-profiles-
    854 syslog    20   0  222160   5012   3672 S   0.0   0.1   0:03.50 rsyslogd
    859 root      20   0    2240    796    720 S   0.0   0.0   0:00.00 seatd
    865 root      20   0 2145956  51796  25768 S   0.0   0.7   0:25.65 snapd
    867 root      20   0  242124   7452   6576 S   0.0   0.1   0:01.40 accounts-daemon
    869 root      20   0  238128   6232   5620 S   0.0   0.1   0:00.04 switcheroo-cont
    871 root      20   0   48968   7620   6296 S   0.0   0.1   0:02.46 systemd-logind
    874 root      20   0  394188  13988   9476 S   0.0   0.2   0:00.82 udisksd
    875 root      20   0   16632   9928   8148 S   0.0   0.1   0:00.89 wpa_supplicant
    882 avahi     20   0    7812    356      0 S   0.0   0.0   0:00.00 avahi-daemon
    921 root      30  10   11248   3612   3220 S   0.0   0.0   0:05.60 wifi_mon.sh
    983 root      20   0    2460   1556   1380 S   0.0   0.0   0:05.37 nvfancontrol
   1049 root      20   0       0      0      0 S   0.0   0.0   0:00.00 sw-quiesce
   1068 root      20   0       0      0      0 S   0.0   0.0   0:00.00 nvgpu_pg_init_g
   1087 root      20   0       0      0      0 S   0.0   0.0   0:00.00 nvgpu_clk_arb_p
   1117 root      20   0       0      0      0 S   0.0   0.0   0:05.07 RTW_CMD_THREAD
   1157 root      20   0   75936   9960   8136 S   0.0   0.1   0:00.01 nvargus-daemon
   1158 root      20   0   11116   3520   3220 S   0.0   0.0   0:00.05 nvmemwarning.sh
   1171 root      20   0   22192   1776   1580 S   0.0   0.0   0:00.00 nvs-service
   1181 ollama    20   0 2006720  39588  20072 S   0.0   0.5   0:00.74 ollama
   1195 root      20   0    2336   1408   1292 S   0.0   0.0   0:01.96 run-cups-browse
   1201 root      20   0    2336   1424   1296 S   0.0   0.0   0:02.02 run-cupsd
   1204 root      20   0       0      0      0 S   0.0   0.0   0:00.00 pr/ramoops-1
   1212 root      20   0 2093080  58448  33576 S   0.0   0.8   0:15.77 containerd
   1239 root      20   0   10772   2824   2576 S   0.0   0.0   0:00.04 cron
   1259 root      20   0  243128   8056   7012 S   0.0   0.1   0:00.02 gdm3
   1263 kernoops  20   0   12812    452      0 S   0.0   0.0   0:00.01 kerneloops
   1290 root      20   0    9468    800    724 S   0.0   0.0   0:00.00 agetty
   1291 kernoops  20   0   12812    452      0 S   0.0   0.0   0:00.01 kerneloops
   1293 root      20   0    9468    804    724 S   0.0   0.0   0:00.00 agetty
   1330 root      20   0  173408   8804   7628 S   0.0   0.1   0:00.02 gdm-session-wor
   1417 root      20   0       0      0      0 S   0.0   0.0   0:00.00 file-storage
   1426 root      20   0   15272   8368   6788 S   0.0   0.1   0:00.48 sshd
   1474 gdm       20   0   18120   9728   7360 S   0.0   0.1   0:00.41 systemd
   1478 root      20   0    3076    992    880 S   0.0   0.0   0:00.00 nvphsd
   1483 root      20   0    3208   1476   1316 S   0.0   0.0   0:00.00 nvphsd
   1497 gdm       20   0  106692   4552      0 S   0.0   0.1   0:00.00 (sd-pam)
   1588 root      20   0 2352492  96592  56580 S   0.0   1.2   0:04.97 dockerd
   1688 gdm        9 -11   41972   6472   5156 S   0.0   0.1   0:00.05 pipewire
   1689 gdm       20   0   25476   6428   5104 S   0.0   0.1   0:00.99 pipewire-media-
   1690 gdm        9 -11  891840  20748  12584 S   0.0   0.3   0:00.76 pulseaudio
   1695 gdm       20   0  163948   5472   4964 S   0.0   0.1   0:00.00 gdm-x-session
   1697 root      20   0   24.2g  80524  35884 S   0.0   1.0   0:01.68 Xorg
   1698 rtkit     21   1  153504   1588   1380 S   0.0   0.0   0:00.21 rtkit-daemon
   1729 gdm       20   0    8840   3600   3212 S   0.0   0.0   0:00.02 dbus-daemon
   1748 root      20   0       0      0      0 S   0.0   0.0   0:00.00 nvidia-modeset/
   1749 root      20   0       0      0      0 S   0.0   0.0   0:00.00 nvidia-modeset/
   1752 root      20   0       0      0      0 S   0.0   0.0   0:00.00 nvidia
   1753 root      20   0       0      0      0 S   0.0   0.0   0:00.00 nv_queue
   1790 root      20   0       0      0      0 S   0.0   0.0   0:00.00 nvidia-drm-nv-t
   1791 root     -51   0       0      0      0 S   0.0   0.0   0:00.00 card1-crtc0
   1792 root     -51   0       0      0      0 S   0.0   0.0   0:00.00 card1-crtc1
   1980 gdm       20   0    5876   1552   1344 S   0.0   0.0   0:00.00 dbus-run-sessio
   1983 gdm       20   0    9108   4440   3588 S   0.0   0.1   0:00.13 dbus-daemon
   2035 gdm       20   0  597840  17824  12972 S   0.0   0.2   0:00.72 gnome-session-b
   2057 gdm       20   0  310068   8976   6272 S   0.0   0.1   0:00.00 at-spi-bus-laun
   2062 gdm       20   0    8692   3556   3168 S   0.0   0.0   0:00.00 dbus-daemon
   2092 gdm       20   0  237676   4964   4528 S   0.0   0.1   0:00.00 xdg-permission-
   2099 root      20   0  243852  10136   6984 S   0.0   0.1   0:00.34 upowerd
   2110 gdm       20   0 2812288  25716  20860 S   0.0   0.3   0:00.08 gjs
   2113 gdm       20   0  163144   7196   6428 S   0.0   0.1   0:00.01 at-spi2-registr
   2141 gdm       20   0  468748   9856   7940 S   0.0   0.1   0:01.32 gsd-sharing
   2146 gdm       20   0  338880  14892  12620 S   0.0   0.2   0:00.06 gsd-wacom
   2148 gdm       20   0  451616  18896  16480 S   0.0   0.2   0:00.16 gsd-color
   2150 gdm       20   0  412392  17092  13292 S   0.0   0.2   0:00.04 gsd-keyboard
   2152 gdm       20   0  316864  13188   6244 S   0.0   0.2   0:00.10 ibus-daemon
   2156 gdm       20   0  326124   9848   8488 S   0.0   0.1   0:00.02 gsd-print-notif
   2166 gdm       20   0  242216   6512   5848 S   0.0   0.1   0:00.01 gvfsd
   2168 gdm       20   0  459796   6140   5436 S   0.0   0.1   0:00.39 gsd-rfkill
   2170 gdm       20   0  388312   7432   6528 S   0.0   0.1   0:00.01 gsd-smartcard
   2173 gdm       20   0  380556  16508  12504 S   0.0   0.2   0:00.03 gsd-datetime
   2183 gdm       20   0  864216  20108  17428 S   0.0   0.3   0:00.37 gsd-media-keys
   2184 gdm       20   0  237936   4760   4376 S   0.0   0.1   0:00.01 gsd-screensaver
   2185 gdm       20   0  322096  10392   7320 S   0.0   0.1   0:00.02 gsd-sound
   2186 gdm       20   0  312416   8104   5476 S   0.0   0.1   0:00.01 gsd-a11y-settin
   2193 gdm       20   0  313996   8944   6152 S   0.0   0.1   0:00.64 gsd-housekeepin
   2195 gdm       20   0  450004  20288  15904 S   0.0   0.3   0:00.37 gsd-power
   2218 gdm       20   0  347052  12608  10748 S   0.0   0.2   0:00.03 gsd-printer
   2221 gdm       20   0  239040   6576   5948 S   0.0   0.1   0:00.00 ibus-dconf
   2233 gdm       20   0  238936   5920   5488 S   0.0   0.1   0:00.00 ibus-portal
   2263 colord    20   0  247516  14492   8720 S   0.0   0.2   0:00.23 colord
   2285 gdm       20   0 2812300  27868  20904 S   0.0   0.4   0:00.09 gjs
   2349 gdm       20   0  165096   6516   5892 S   0.0   0.1   0:00.01 ibus-engine-sim
   2508 root      20   0  136716  13172   9512 S   0.0   0.2   0:00.61 cupsd
   2522 root      20   0  260792  17940  13508 S   0.0   0.2   0:01.23 cups-browsed
  11687 jetson    20   0   18140   9764   7368 S   0.0   0.1   0:00.32 systemd
  11688 jetson    20   0  172512   4632      0 S   0.0   0.1   0:00.00 (sd-pam)
  11696 jetson    20   0   41976   6552   5228 S   0.0   0.1   0:00.04 pipewire
  11697 jetson    20   0   25484   6724   5388 S   0.0   0.1   0:01.06 pipewire-media-
  11749 jetson    20   0    8888   3620   3232 S   0.0   0.0   0:00.01 dbus-daemon
  12473 root      20   0 1233488  13236   6340 S   0.0   0.2   0:01.96 containerd-shim
  12502 jetson    20   0    5508    792    704 S   0.0   0.0   0:00.20 sleep
  12567 root      20   0   21892   5484   3884 S   0.0   0.1   0:16.83 systemd-udevd
  12575 root      20   0   21760   4536   2952 S   0.0   0.1   0:34.26 systemd-udevd
  13234 jetson    20   0  203640  35476  13212 S   0.0   0.5   0:00.75 ros2
  13236 jetson    20   0 2070472  36080  17228 S   0.0   0.5   0:00.55 docker
  13238 jetson    20   0  428384  31060  15828 S   0.0   0.4   1:22.43 robot_state_pub
  13265 root      20   0 1232976  11192   5960 S   0.0   0.1   0:01.40 containerd-shim
  13294 root      20   0   49400  29204  14412 S   0.0   0.4   0:00.40 ros2
  13554 root      20   0   21760   4460   2932 S   0.0   0.1   0:00.03 systemd-udevd
  13555 root      20   0   21760   3352   1860 S   0.0   0.0   0:00.00 systemd-udevd
  13568 root      20   0   21760   3376   1864 S   0.0   0.0   0:00.02 systemd-udevd
  13569 root      20   0   21760   4136   2588 S   0.0   0.1   0:00.06 systemd-udevd
  13570 root      20   0   21764   4492   2960 S   0.0   0.1   0:00.05 systemd-udevd
  13571 root      20   0   21764   4108   2588 S   0.0   0.1   0:00.03 systemd-udevd
  13580 root      20   0   21764   4136   2588 S   0.0   0.1   0:00.04 systemd-udevd
  13581 root      20   0   21764   3708   2180 S   0.0   0.0   0:00.00 systemd-udevd
  13582 root      20   0   21764   4268   2704 S   0.0   0.1   0:00.06 systemd-udevd
  13594 root      20   0   21764   3408   1864 S   0.0   0.0   0:00.01 systemd-udevd
  13595 root      20   0   21764   4012   2468 S   0.0   0.1   0:00.02 systemd-udevd
  34263 root      20   0       0      0      0 I   0.0   0.0   0:14.91 kworker/u12:2-events_freezable_power_
  49116 root      20   0       0      0      0 I   0.0   0.0   0:00.65 kworker/0:0-events
  98217 root      20   0  238836   6944   5696 S   0.0   0.1   0:02.21 iio-sensor-prox
 100141 root      20   0       0      0      0 I   0.0   0.0   0:09.70 kworker/u12:6-events_unbound
 149635 root      20   0       0      0      0 I   0.0   0.0   0:00.45 kworker/3:0-events
 199974 root      20   0       0      0      0 I   0.0   0.0   0:05.37 kworker/u12:1-events_unbound
 205195 root       0 -20       0      0      0 I   0.0   0.0   0:09.95 kworker/u13:0-uvcvideo
 211464 root      20   0       0      0      0 I   0.0   0.0   0:04.83 kworker/u12:7-events_unbound
 234404 root      20   0       0      0      0 I   0.0   0.0   0:00.55 kworker/5:0-events
 251138 root      20   0       0      0      0 I   0.0   0.0   0:02.54 kworker/u12:4-events_unbound
 253037 root      20   0       0      0      0 I   0.0   0.0   0:02.69 kworker/u12:8-events_freezable_power_
 271538 root      20   0  410228  41960  21380 S   0.0   0.5   0:01.38 fwupd
 278878 root      20   0       0      0      0 I   0.0   0.0   0:00.09 kworker/4:2-events
 284193 root      20   0       0      0      0 I   0.0   0.0   0:01.55 kworker/u12:3-events_unbound
 289098 jetson    20   0  572504  38648  13228 S   0.0   0.5   0:00.95 ros2
 290503 jetson    20   0  129772  34672  13228 S   0.0   0.4   0:00.69 ros2
 295127 root      20   0       0      0      0 I   0.0   0.0   0:00.02 kworker/1:3-cgroup_destroy
 295225 root      20   0       0      0      0 I   0.0   0.0   0:00.00 kworker/3:1-events
 298318 root      20   0       0      0      0 I   0.0   0.0   0:00.00 kworker/4:0-events
 298521 root      20   0       0      0      0 I   0.0   0.0   0:00.00 kworker/5:1-cgroup_destroy
 301519 root      20   0       0      0      0 I   0.0   0.0   0:00.04 kworker/0:1-events
 301563 root      20   0       0      0      0 I   0.0   0.0   0:00.00 kworker/2:0-cgroup_destroy
 301980 jetson    20   0   53568  30336  15004 S   0.0   0.4   0:00.44 ros2
 302359 root       0 -20       0      0      0 I   0.0   0.0   0:01.66 kworker/u13:2-uvcvideo
 305476 root      20   0       0      0      0 I   0.0   0.0   0:00.79 kworker/u12:9-events_unbound
 314676 root      20   0       0      0      0 I   0.0   0.0   0:00.00 kworker/5:2-events
 314679 root      20   0       0      0      0 I   0.0   0.0   0:00.00 kworker/2:1-events
 314725 root      20   0       0      0      0 I   0.0   0.0   0:00.00 kworker/0:2
 314862 root      20   0       0      0      0 I   0.0   0.0   0:00.00 kworker/1:0-events
 315002 root      20   0       0      0      0 I   0.0   0.0   0:00.00 kworker/2:2
 316431 root      20   0    9436    772    692 S   0.0   0.0   0:00.00 sleep
 316651 root      20   0       0      0      0 I   0.0   0.0   0:00.01 kworker/3:2-events
 316919 jetson    20   0   11248   3308   2868 S   0.0   0.0   0:00.03 bash
 318996 jetson    20   0   11248   3304   2868 S   0.0   0.0   0:00.01 bash
 319246 jetson    20   0    9480    820    736 S   0.0   0.0   0:00.00 tail
 319374 root      30  10    9436    780    704 S   0.0   0.0   0:00.00 sleep

top - 13:48:22 up  4:11,  0 users,  load average: 5.97, 5.18, 5.26
Tasks: 349 total,   3 running, 346 sleeping,   0 stopped,   0 zombie
%Cpu(s): 39.1 us, 11.1 sy,  0.1 ni, 45.5 id,  0.0 wa,  2.4 hi,  1.9 si,  0.0 st
MiB Mem :   7607.4 total,   2750.9 free,   2021.9 used,   2834.5 buff/cache
MiB Swap:   3803.7 total,   3803.7 free,      0.0 used.   5287.5 avail Mem 

    PID USER      PR  NI    VIRT    RES    SHR S  %CPU  %MEM     TIME+ COMMAND
 319245 jetson    20   0  753692  71280  29576 S  41.6   0.9   0:08.03 python3
 289467 jetson    20   0  709004  62292  27276 R  35.6   0.8   4:51.24 python3
 303945 jetson    20   0  963220  47508  23528 S  31.2   0.6   0:50.89 controller_serv
 319047 jetson    20   0  764356  55844  25376 S  22.3   0.7   0:05.63 ros2
 301995 jetson    20   0 9351040 403524  85056 S  17.8   5.2   1:22.45 nvblox_node
 303953 jetson    20   0  531036  46396  26216 S  15.8   0.6   0:43.53 bt_navigator
 289115 jetson    20   0  710376  66188  27276 S  15.3   0.8   2:14.31 python3
 289117 jetson    20   0  432948  28320  14224 S  13.9   0.4   2:12.13 rplidar_node
 289113 jetson    20   0 1748412 107168  51312 S  13.4   1.4   1:57.07 realsense2_came
 290529 jetson    20   0 1062448  53912  24360 S  11.9   0.7   0:34.11 async_slam_tool
 289469 jetson    20   0  506204  34000  18400 S  11.4   0.4   1:34.15 ekf_node
 303949 jetson    20   0 1209704  91692  42832 S  10.4   1.2   0:49.03 planner_server
 303985 jetson    20   0  577392  31576  16252 S  10.4   0.4   0:49.39 lifecycle_manag
 303943 jetson    20   0  709520  64224  27412 R   9.4   0.8   0:22.19 python3
 289119 jetson    20   0  708116  63664  27448 S   8.9   0.8   1:14.21 python3
 303951 jetson    20   0  516316  35092  21016 S   7.4   0.5   0:34.25 behavior_server
 303947 jetson    20   0  664536  33012  19416 S   6.4   0.4   0:29.05 smoother_server
 303973 jetson    20   0  428560  27816  15960 S   5.9   0.4   0:24.36 velocity_smooth
 303955 jetson    20   0  431300  29232  17008 S   5.4   0.4   0:24.19 waypoint_follow
  13320 root      20   0 1300240  43632  11392 S   4.5   0.6  17:29.64 micro_ros_agent
    909 root      rt   0       0      0      0 S   1.5   0.0   0:30.38 sugov:4
    904 root      rt   0       0      0      0 D   1.0   0.0   1:04.09 sugov:0
 211464 root      20   0       0      0      0 I   1.0   0.0   0:04.85 kworker/u12:7-events_unbound
 319048 jetson    20   0   14344   3368   2772 R   1.0   0.0   0:00.21 top
    340 root      20   0   23544   6732   4608 S   0.5   0.1   1:00.04 systemd-udevd
   1117 root      20   0       0      0      0 S   0.5   0.0   0:05.08 RTW_CMD_THREAD
   1588 root      20   0 2352492  96592  56580 S   0.5   1.2   0:04.98 dockerd
  12575 root      20   0   21760   4536   2952 S   0.5   0.1   0:34.27 systemd-udevd
  13236 jetson    20   0 2070472  36080  17228 S   0.5   0.5   0:00.56 docker
  33484 root      20   0       0      0      0 I   0.5   0.0   0:12.35 kworker/u12:0-events_unbound
 205195 root       0 -20       0      0      0 I   0.5   0.0   0:09.96 kworker/u13:0-uvcvideo
 219316 root       0 -20       0      0      0 I   0.5   0.0   0:09.29 kworker/u13:3-uvcvideo
 253037 root      20   0       0      0      0 I   0.5   0.0   0:02.70 kworker/u12:8-events_unbound
 289121 jetson    20   0 1082820  58716  26356 S   0.5   0.8   0:30.84 foxglove_bridge
 303903 jetson    20   0  723188  40064  13216 S   0.5   0.5   0:01.29 ros2
      1 root      20   0  167628  11768   7448 S   0.0   0.2   0:20.45 systemd
      2 root      20   0       0      0      0 S   0.0   0.0   0:00.02 kthreadd
      3 root       0 -20       0      0      0 I   0.0   0.0   0:00.00 rcu_gp
      4 root       0 -20       0      0      0 I   0.0   0.0   0:00.00 rcu_par_gp
      5 root       0 -20       0      0      0 I   0.0   0.0   0:00.00 slub_flushwq
      6 root       0 -20       0      0      0 I   0.0   0.0   0:00.00 netns
      8 root       0 -20       0      0      0 I   0.0   0.0   0:00.00 kworker/0:0H-events_highpri
     10 root       0 -20       0      0      0 I   0.0   0.0   0:00.00 mm_percpu_wq
     11 root      20   0       0      0      0 S   0.0   0.0   0:00.00 rcu_tasks_kthre
     12 root      20   0       0      0      0 S   0.0   0.0   0:00.00 rcu_tasks_rude_
     13 root      20   0       0      0      0 S   0.0   0.0   0:00.00 rcu_tasks_trace
     14 root      20   0       0      0      0 S   0.0   0.0   0:13.42 ksoftirqd/0
     15 root      20   0       0      0      0 I   0.0   0.0   0:05.83 rcu_preempt
     16 root      rt   0       0      0      0 S   0.0   0.0   0:00.01 migration/0
     17 root      20   0       0      0      0 S   0.0   0.0   0:00.00 cpuhp/0
     18 root      20   0       0      0      0 S   0.0   0.0   0:00.00 cpuhp/1
     19 root      rt   0       0      0      0 S   0.0   0.0   0:00.01 migration/1
     20 root      20   0       0      0      0 S   0.0   0.0   0:00.83 ksoftirqd/1
     22 root       0 -20       0      0      0 I   0.0   0.0   0:00.00 kworker/1:0H-events_highpri
     23 root      20   0       0      0      0 S   0.0   0.0   0:00.00 cpuhp/2
     24 root      rt   0       0      0      0 S   0.0   0.0   0:00.00 migration/2
     25 root      20   0       0      0      0 S   0.0   0.0   0:00.84 ksoftirqd/2
     27 root       0 -20       0      0      0 I   0.0   0.0   0:00.00 kworker/2:0H-events_highpri
     28 root      20   0       0      0      0 S   0.0   0.0   0:00.00 cpuhp/3
     29 root      rt   0       0      0      0 S   0.0   0.0   0:00.00 migration/3
     30 root      20   0       0      0      0 S   0.0   0.0   0:00.78 ksoftirqd/3
     32 root       0 -20       0      0      0 I   0.0   0.0   0:00.00 kworker/3:0H-events_highpri
     33 root      20   0       0      0      0 S   0.0   0.0   0:00.00 cpuhp/4
     34 root      rt   0       0      0      0 S   0.0   0.0   0:00.03 migration/4
     35 root      20   0       0      0      0 S   0.0   0.0   0:00.58 ksoftirqd/4
     37 root       0 -20       0      0      0 I   0.0   0.0   0:00.00 kworker/4:0H-kblockd
     38 root      20   0       0      0      0 S   0.0   0.0   0:00.00 cpuhp/5
     39 root      rt   0       0      0      0 S   0.0   0.0   0:00.03 migration/5
     40 root      20   0       0      0      0 S   0.0   0.0   0:00.59 ksoftirqd/5
     42 root       0 -20       0      0      0 I   0.0   0.0   0:00.00 kworker/5:0H-events_highpri
     43 root      20   0       0      0      0 S   0.0   0.0   0:00.01 kdevtmpfs
     44 root       0 -20       0      0      0 I   0.0   0.0   0:00.00 inet_frag_wq
     51 root      20   0       0      0      0 S   0.0   0.0   0:00.00 kauditd
     52 root      20   0       0      0      0 S   0.0   0.0   0:00.00 oom_reaper
     53 root       0 -20       0      0      0 I   0.0   0.0   0:00.00 writeback
     54 root      20   0       0      0      0 S   0.0   0.0   0:00.12 kcompactd0
     55 root      25   5       0      0      0 S   0.0   0.0   0:00.00 ksmd
     56 root      39  19       0      0      0 S   0.0   0.0   0:01.26 khugepaged
     67 root       0 -20       0      0      0 I   0.0   0.0   0:00.00 cryptd
     86 root       0 -20       0      0      0 I   0.0   0.0   0:00.00 kintegrityd
     87 root       0 -20       0      0      0 I   0.0   0.0   0:00.00 kblockd
     88 root       0 -20       0      0      0 I   0.0   0.0   0:00.00 blkcg_punt_bio
     89 root       0 -20       0      0      0 I   0.0   0.0   0:00.00 tpm_dev_wq
     90 root       0 -20       0      0      0 I   0.0   0.0   0:00.00 ata_sff
     91 root       0 -20       0      0      0 I   0.0   0.0   0:00.00 edac-poller
     92 root       0 -20       0      0      0 I   0.0   0.0   0:00.00 devfreq_wq
     93 root     -51   0       0      0      0 S   0.0   0.0   0:00.00 watchdogd
     96 root       0 -20       0      0      0 I   0.0   0.0   0:00.05 kworker/1:1H-kblockd
     97 root       0 -20       0      0      0 I   0.0   0.0   0:00.00 rpciod
     99 root       0 -20       0      0      0 I   0.0   0.0   0:00.00 xprtiod
    127 root      20   0       0      0      0 S   0.0   0.0   0:00.00 kswapd0
    128 root       0 -20       0      0      0 I   0.0   0.0   0:00.00 nfsiod
    132 root       0 -20       0      0      0 I   0.0   0.0   0:00.00 vfio-irqfd-clea
    133 root       0 -20       0      0      0 I   0.0   0.0   0:00.00 bch_btree_io
    134 root       0 -20       0      0      0 I   0.0   0.0   0:00.00 bcache
    135 root       0 -20       0      0      0 I   0.0   0.0   0:00.00 bch_journal
    136 root       0 -20       0      0      0 I   0.0   0.0   0:00.00 dm_bufio_cache
    137 root      20   0       0      0      0 I   0.0   0.0   0:01.56 kworker/1:2-pm
    139 root      20   0       0      0      0 I   0.0   0.0   0:00.99 kworker/2:3-pm
    140 root      10 -10       0      0      0 S   0.0   0.0   0:00.00 krfcommd
    141 root      20   0       0      0      0 S   0.0   0.0   0:00.01 pr/tty0
    142 root      20   0       0      0      0 S   0.0   0.0   0:03.05 pr/ttyTCU0
    145 root     -51   0       0      0      0 S   0.0   0.0   0:00.00 irq/114-3160000
    147 root     -51   0       0      0      0 S   0.0   0.0   0:00.00 irq/115-3180000
    149 root     -51   0       0      0      0 S   0.0   0.0   0:00.00 irq/116-31b0000
    150 root     -51   0       0      0      0 S   0.0   0.0   0:00.02 irq/167-c240000
    151 root     -51   0       0      0      0 S   0.0   0.0   0:00.00 irq/168-c250000
    152 root     -51   0       0      0      0 S   0.0   0.0   0:00.00 irq/125-3610000
    153 root     -51   0       0      0      0 S   0.0   0.0   0:00.00 irq/122-3610000
    155 root       0 -20       0      0      0 I   0.0   0.0   0:00.00 sdhci
    156 root     -51   0       0      0      0 S   0.0   0.0   0:00.00 irq/120-mmc0
    157 root     -51   0       0      0      0 S   0.0   0.0   0:00.00 irq/230-3400000
    174 root       0 -20       0      0      0 I   0.0   0.0   0:00.05 kworker/3:1H-kblockd
    180 root     -51   0       0      0      0 S   0.0   0.0   0:00.00 irq/191-tegra-p
    181 root       0 -20       0      0      0 I   0.0   0.0   0:00.00 nvme-wq
    182 root       0 -20       0      0      0 I   0.0   0.0   0:00.00 nvme-reset-wq
    183 root       0 -20       0      0      0 I   0.0   0.0   0:00.00 nvme-delete-wq
    192 root     -51   0       0      0      0 S   0.0   0.0   0:00.00 irq/191-aerdrv
    193 root     -51   0       0      0      0 S   0.0   0.0   0:00.00 irq/193-tegra-p
    196 root     -51   0       0      0      0 S   0.0   0.0   0:00.00 irq/193-aerdrv
    197 root     -51   0       0      0      0 S   0.0   0.0   0:00.00 irq/195-tegra-p
    199 root     -51   0       0      0      0 S   0.0   0.0   0:00.00 irq/232-nvme0q0
    200 root     -51   0       0      0      0 S   0.0   0.0   0:00.25 irq/233-nvme0q1
    201 root     -51   0       0      0      0 S   0.0   0.0   0:00.29 irq/234-nvme0q2
    202 root     -51   0       0      0      0 S   0.0   0.0   0:00.43 irq/235-nvme0q3
    203 root     -51   0       0      0      0 S   0.0   0.0   0:00.55 irq/236-nvme0q4
    204 root     -51   0       0      0      0 S   0.0   0.0   0:00.13 irq/237-nvme0q5
    205 root     -51   0       0      0      0 S   0.0   0.0   0:00.09 irq/238-nvme0q6
    211 root       0 -20       0      0      0 I   0.0   0.0   0:00.05 kworker/4:1H-kblockd
    212 root      20   0       0      0      0 S   0.0   0.0   0:00.88 jbd2/nvme0n1p1-
    213 root       0 -20       0      0      0 I   0.0   0.0   0:00.00 ext4-rsv-conver
    222 root       0 -20       0      0      0 I   0.0   0.0   0:00.00 mld
    223 root       0 -20       0      0      0 I   0.0   0.0   0:00.03 kworker/0:1H-kblockd
    224 root       0 -20       0      0      0 I   0.0   0.0   0:00.00 ipv6_addrconf
    256 root      19  -1   40648  14960  13348 S   0.0   0.2   0:17.95 systemd-journal
    278 root       0 -20       0      0      0 I   0.0   0.0   0:00.07 kworker/2:1H-kblockd
    280 root      39  19       0      0      0 S   0.0   0.0   0:00.48 nvmap-bz
    281 root     -51   0       0      0      0 S   0.0   0.0   0:00.00 irq/188-host1x_
    285 root     -51   0       0      0      0 S   0.0   0.0   0:00.00 irq/197-gk20a_s
    286 root     -51   0       0      0      0 S   0.0   0.0   0:00.01 irq/198-gk20a_s
    287 root     -51   0       0      0      0 S   0.0   0.0   0:00.01 irq/199-gk20a_s
    288 root     -51   0       0      0      0 S   0.0   0.0   0:00.00 irq/200-gk20a_n
    291 root       0 -20       0      0      0 I   0.0   0.0   0:00.04 kworker/5:1H-kblockd
    295 root      20   0   11116   3460   3204 S   0.0   0.0   0:00.00 nv-tee-supplica
    299 root      20   0   76588   1360   1248 S   0.0   0.0   0:00.01 tee-supplicant
    301 root       0 -20       0      0      0 I   0.0   0.0   0:00.00 optee_bus_scan
    303 root     -51   0       0      0      0 S   0.0   0.0   0:00.00 irq/189-tegra-p
    312 root      20   0   23732   6316   4080 S   0.0   0.1   0:17.83 systemd-udevd
    313 root     -51   0       0      0      0 S   0.0   0.0   0:00.00 irq/189-aerdrv
    314 root      20   0   23216   5812   3992 S   0.0   0.1   0:00.38 systemd-udevd
    315 root      20   0   23216   5020   3248 S   0.0   0.1   0:00.15 systemd-udevd
    316 root      20   0   23268   6224   4288 S   0.0   0.1   0:00.16 systemd-udevd
    317 root      20   0   23220   4364   2600 S   0.0   0.1   0:00.11 systemd-udevd
    318 root      20   0   23216   4480   2672 S   0.0   0.1   0:00.12 systemd-udevd
    319 root      20   0   23212   5812   3980 S   0.0   0.1   0:00.28 systemd-udevd
    320 root      20   0   23264   4688   2764 S   0.0   0.1   0:00.13 systemd-udevd
    321 root      20   0   23268   5072   3136 S   0.0   0.1   0:00.18 systemd-udevd
    322 root      20   0   23524   5520   3456 S   0.0   0.1   0:00.26 systemd-udevd
    323 root      20   0   23216   6280   4444 S   0.0   0.1   0:00.37 systemd-udevd
    324 root      20   0   23220   5196   3388 S   0.0   0.1   0:00.16 systemd-udevd
    325 root      20   0   23220   5820   3976 S   0.0   0.1   0:00.37 systemd-udevd
    326 root      20   0   23220   5236   3388 S   0.0   0.1   0:00.39 systemd-udevd
    327 root      20   0   23220   5468   3656 S   0.0   0.1   0:00.18 systemd-udevd
    330 root      20   0   23512   5728   3684 S   0.0   0.1   0:00.14 systemd-udevd
    331 root      20   0   24292   5540   2676 S   0.0   0.1   0:00.16 systemd-udevd
    333 root      20   0   23524   5596   3532 S   0.0   0.1   0:00.26 systemd-udevd
    334 root      20   0   23220   5080   3240 S   0.0   0.1   0:00.25 systemd-udevd
    335 root      20   0   23220   4504   2708 S   0.0   0.1   0:00.11 systemd-udevd
    336 root      20   0   23220   4696   2892 S   0.0   0.1   0:00.14 systemd-udevd
    337 root      20   0   23524   5056   2992 S   0.0   0.1   0:00.16 systemd-udevd
    339 root      20   0   23220   4980   3148 S   0.0   0.1   0:00.17 systemd-udevd
    341 root      20   0   23276   5328   3384 S   0.0   0.1   0:00.13 systemd-udevd
    342 root      20   0   23280   5176   3228 S   0.0   0.1   0:00.13 systemd-udevd
    343 root      20   0   23220   5984   4152 S   0.0   0.1   0:00.30 systemd-udevd
    344 root      20   0   23560   6700   4596 S   0.0   0.1   0:00.48 systemd-udevd
    345 root      20   0       0      0      0 S   0.0   0.0   0:00.00 15820000.crypto
    346 root      20   0       0      0      0 S   0.0   0.0   0:00.00 15840000.crypto
    368 root      20   0   23324   5984   4116 S   0.0   0.1   0:00.40 systemd-udevd
    417 root     -51   0       0      0      0 S   0.0   0.0   0:00.00 irq/219-bc00000
    419 root      -2   0       0      0      0 S   0.0   0.0   0:00.00 capture-control
    420 root      -2   0       0      0      0 S   0.0   0.0   0:00.00 capture
    422 root     -51   0       0      0      0 S   0.0   0.0   0:00.00 irq/214-tegra_d
    423 root     -51   0       0      0      0 S   0.0   0.0   0:00.00 irq/215-tegra_d
    424 root       0 -20       0      0      0 I   0.0   0.0   0:00.00 dce-async-ipc-w
    425 root     -51   0       0      0      0 S   0.0   0.0   0:00.00 irq/240-nvvrs-p
    427 root      20   0       0      0      0 S   0.0   0.0   0:00.00 nv_queue
    428 root      20   0       0      0      0 S   0.0   0.0   0:00.00 nv_queue
    483 root     -51   0       0      0      0 S   0.0   0.0   0:00.00 irq/118-3210000
    487 root      20   0       0      0      0 S   0.0   0.0   0:00.00 spi0
    495 root       0 -20       0      0      0 I   0.0   0.0   0:00.00 cfg80211
    497 root     -51   0       0      0      0 S   0.0   0.0   0:00.00 irq/119-3230000
    498 root      20   0       0      0      0 S   0.0   0.0   0:00.00 spi1
    584 root       0 -20       0      0      0 I   0.0   0.0   0:00.00 btfwwork
    650 root      20   0    8236   6424   1432 S   0.0   0.1   0:00.57 haveged
    653 _rpc      20   0    7932   2264   1912 S   0.0   0.0   0:00.02 rpcbind
    659 systemd+  20   0   26320  13580   8496 S   0.0   0.2   0:00.40 systemd-resolve
    662 systemd+  20   0   88880   6332   5484 S   0.0   0.1   0:00.13 systemd-timesyn
    826 avahi     20   0    8084   3108   2752 S   0.0   0.0   0:00.48 avahi-daemon
    827 root      20   0    9888   4552   4112 S   0.0   0.1   0:00.07 bluetoothd
    828 message+  20   0   10496   5632   3584 S   0.0   0.1   0:28.19 dbus-daemon
    829 root      20   0  264752  18684  14872 S   0.0   0.2   0:25.49 NetworkManager
    838 root      20   0   43504  19780  10232 S   0.0   0.3   0:00.15 networkd-dispat
    849 root      20   0  241652   9056   6312 S   0.0   0.1   0:00.40 power-profiles-
    854 syslog    20   0  222160   5012   3672 S   0.0   0.1   0:03.50 rsyslogd
    859 root      20   0    2240    796    720 S   0.0   0.0   0:00.00 seatd
    865 root      20   0 2145956  51796  25768 S   0.0   0.7   0:25.65 snapd
    867 root      20   0  242124   7452   6576 S   0.0   0.1   0:01.40 accounts-daemon
    869 root      20   0  238128   6232   5620 S   0.0   0.1   0:00.04 switcheroo-cont
    871 root      20   0   48968   7620   6296 S   0.0   0.1   0:02.46 systemd-logind
    874 root      20   0  394188  13988   9476 S   0.0   0.2   0:00.82 udisksd
    875 root      20   0   16632   9928   8148 S   0.0   0.1   0:00.89 wpa_supplicant
    882 avahi     20   0    7812    356      0 S   0.0   0.0   0:00.00 avahi-daemon
    921 root      30  10   11248   3612   3220 S   0.0   0.0   0:05.60 wifi_mon.sh
    969 root      20   0  237044  10468   6400 S   0.0   0.1   2:02.43 polkitd
    983 root      20   0    2460   1556   1380 S   0.0   0.0   0:05.37 nvfancontrol
   1049 root      20   0       0      0      0 S   0.0   0.0   0:00.00 sw-quiesce
   1052 root      20   0       0      0      0 S   0.0   0.0   0:13.45 nvgpu_channel_p
   1068 root      20   0       0      0      0 S   0.0   0.0   0:00.00 nvgpu_pg_init_g
   1087 root      20   0       0      0      0 S   0.0   0.0   0:00.00 nvgpu_clk_arb_p
   1157 root      20   0   75936   9960   8136 S   0.0   0.1   0:00.01 nvargus-daemon
   1158 root      20   0   11116   3520   3220 S   0.0   0.0   0:00.05 nvmemwarning.sh
   1171 root      20   0   22192   1776   1580 S   0.0   0.0   0:00.00 nvs-service
   1181 ollama    20   0 2006720  39588  20072 S   0.0   0.5   0:00.74 ollama
   1195 root      20   0    2336   1408   1292 S   0.0   0.0   0:01.96 run-cups-browse
   1201 root      20   0    2336   1424   1296 S   0.0   0.0   0:02.02 run-cupsd
   1204 root      20   0       0      0      0 S   0.0   0.0   0:00.00 pr/ramoops-1
   1212 root      20   0 2093080  58448  33576 S   0.0   0.8   0:15.77 containerd
   1239 root      20   0   10772   2824   2576 S   0.0   0.0   0:00.04 cron
   1259 root      20   0  243128   8056   7012 S   0.0   0.1   0:00.02 gdm3
   1263 kernoops  20   0   12812    452      0 S   0.0   0.0   0:00.01 kerneloops
   1290 root      20   0    9468    800    724 S   0.0   0.0   0:00.00 agetty
   1291 kernoops  20   0   12812    452      0 S   0.0   0.0   0:00.01 kerneloops
   1293 root      20   0    9468    804    724 S   0.0   0.0   0:00.00 agetty
   1330 root      20   0  173408   8804   7628 S   0.0   0.1   0:00.02 gdm-session-wor
   1417 root      20   0       0      0      0 S   0.0   0.0   0:00.00 file-storage
   1426 root      20   0   15272   8368   6788 S   0.0   0.1   0:00.48 sshd
   1474 gdm       20   0   18120   9728   7360 S   0.0   0.1   0:00.41 systemd
   1478 root      20   0    3076    992    880 S   0.0   0.0   0:00.00 nvphsd
   1483 root      20   0    3208   1476   1316 S   0.0   0.0   0:00.00 nvphsd
   1497 gdm       20   0  106692   4552      0 S   0.0   0.1   0:00.00 (sd-pam)
   1688 gdm        9 -11   41972   6472   5156 S   0.0   0.1   0:00.05 pipewire
   1689 gdm       20   0   25476   6428   5104 S   0.0   0.1   0:00.99 pipewire-media-
   1690 gdm        9 -11  891840  20748  12584 S   0.0   0.3   0:00.76 pulseaudio
   1695 gdm       20   0  163948   5472   4964 S   0.0   0.1   0:00.00 gdm-x-session
   1697 root      20   0   24.2g  80524  35884 S   0.0   1.0   0:01.68 Xorg
   1698 rtkit     21   1  153504   1588   1380 S   0.0   0.0   0:00.21 rtkit-daemon
   1729 gdm       20   0    8840   3600   3212 S   0.0   0.0   0:00.02 dbus-daemon
   1748 root      20   0       0      0      0 S   0.0   0.0   0:00.00 nvidia-modeset/
   1749 root      20   0       0      0      0 S   0.0   0.0   0:00.00 nvidia-modeset/
   1752 root      20   0       0      0      0 S   0.0   0.0   0:00.00 nvidia
   1753 root      20   0       0      0      0 S   0.0   0.0   0:00.00 nv_queue
   1790 root      20   0       0      0      0 S   0.0   0.0   0:00.00 nvidia-drm-nv-t
   1791 root     -51   0       0      0      0 S   0.0   0.0   0:00.00 card1-crtc0
   1792 root     -51   0       0      0      0 S   0.0   0.0   0:00.00 card1-crtc1
   1980 gdm       20   0    5876   1552   1344 S   0.0   0.0   0:00.00 dbus-run-sessio
   1983 gdm       20   0    9108   4440   3588 S   0.0   0.1   0:00.13 dbus-daemon
   2035 gdm       20   0  597840  17824  12972 S   0.0   0.2   0:00.72 gnome-session-b
   2057 gdm       20   0  310068   8976   6272 S   0.0   0.1   0:00.00 at-spi-bus-laun
   2062 gdm       20   0    8692   3556   3168 S   0.0   0.0   0:00.00 dbus-daemon
   2071 gdm       20   0 3471500 137204  73260 S   0.0   1.8   0:31.32 gnome-shell
   2092 gdm       20   0  237676   4964   4528 S   0.0   0.1   0:00.00 xdg-permission-
   2099 root      20   0  243852  10136   6984 S   0.0   0.1   0:00.34 upowerd
   2106 root      20   0  301608  19332  16408 S   0.0   0.2   0:01.06 packagekitd
   2110 gdm       20   0 2812288  25716  20860 S   0.0   0.3   0:00.08 gjs
   2113 gdm       20   0  163144   7196   6428 S   0.0   0.1   0:00.01 at-spi2-registr
   2141 gdm       20   0  468748   9856   7940 S   0.0   0.1   0:01.32 gsd-sharing
   2146 gdm       20   0  338880  14892  12620 S   0.0   0.2   0:00.06 gsd-wacom
   2148 gdm       20   0  451616  18896  16480 S   0.0   0.2   0:00.16 gsd-color
   2150 gdm       20   0  412392  17092  13292 S   0.0   0.2   0:00.04 gsd-keyboard
   2152 gdm       20   0  316864  13188   6244 S   0.0   0.2   0:00.10 ibus-daemon
   2156 gdm       20   0  326124   9848   8488 S   0.0   0.1   0:00.02 gsd-print-notif
   2166 gdm       20   0  242216   6512   5848 S   0.0   0.1   0:00.01 gvfsd
   2168 gdm       20   0  459796   6140   5436 S   0.0   0.1   0:00.39 gsd-rfkill
   2170 gdm       20   0  388312   7432   6528 S   0.0   0.1   0:00.01 gsd-smartcard
   2173 gdm       20   0  380556  16508  12504 S   0.0   0.2   0:00.03 gsd-datetime
   2183 gdm       20   0  864216  20108  17428 S   0.0   0.3   0:00.37 gsd-media-keys
   2184 gdm       20   0  237936   4760   4376 S   0.0   0.1   0:00.01 gsd-screensaver
   2185 gdm       20   0  322096  10392   7320 S   0.0   0.1   0:00.02 gsd-sound
   2186 gdm       20   0  312416   8104   5476 S   0.0   0.1   0:00.01 gsd-a11y-settin
   2193 gdm       20   0  313996   8944   6152 S   0.0   0.1   0:00.64 gsd-housekeepin
   2195 gdm       20   0  450004  20288  15904 S   0.0   0.3   0:00.37 gsd-power
   2218 gdm       20   0  347052  12608  10748 S   0.0   0.2   0:00.03 gsd-printer
   2221 gdm       20   0  239040   6576   5948 S   0.0   0.1   0:00.00 ibus-dconf
   2233 gdm       20   0  238936   5920   5488 S   0.0   0.1   0:00.00 ibus-portal
   2263 colord    20   0  247516  14492   8720 S   0.0   0.2   0:00.23 colord
   2285 gdm       20   0 2812300  27868  20904 S   0.0   0.4   0:00.09 gjs
   2349 gdm       20   0  165096   6516   5892 S   0.0   0.1   0:00.01 ibus-engine-sim
   2508 root      20   0  136716  13172   9512 S   0.0   0.2   0:00.61 cupsd
   2522 root      20   0  260792  17940  13508 S   0.0   0.2   0:01.23 cups-browsed
  11687 jetson    20   0   18140   9764   7368 S   0.0   0.1   0:00.32 systemd
  11688 jetson    20   0  172512   4632      0 S   0.0   0.1   0:00.00 (sd-pam)
  11696 jetson    20   0   41976   6552   5228 S   0.0   0.1   0:00.04 pipewire
  11697 jetson    20   0   25484   6724   5388 S   0.0   0.1   0:01.06 pipewire-media-
  11749 jetson    20   0    8888   3620   3232 S   0.0   0.0   0:00.01 dbus-daemon
  11931 jetson    20   0  706564  62076  26432 S   0.0   0.8   1:20.12 python3
  12473 root      20   0 1233488  13236   6340 S   0.0   0.2   0:01.96 containerd-shim
  12502 jetson    20   0    5508    792    704 S   0.0   0.0   0:00.20 sleep
  12567 root      20   0   21892   5484   3884 S   0.0   0.1   0:16.83 systemd-udevd
  13234 jetson    20   0  203640  35476  13212 S   0.0   0.5   0:00.75 ros2
  13238 jetson    20   0  428384  31060  15828 S   0.0   0.4   1:22.43 robot_state_pub
  13265 root      20   0 1232976  11192   5960 S   0.0   0.1   0:01.40 containerd-shim
  13294 root      20   0   49400  29204  14412 S   0.0   0.4   0:00.40 ros2
  13554 root      20   0   21760   4460   2932 S   0.0   0.1   0:00.03 systemd-udevd
  13555 root      20   0   21760   3352   1860 S   0.0   0.0   0:00.00 systemd-udevd
  13568 root      20   0   21760   3376   1864 S   0.0   0.0   0:00.02 systemd-udevd
  13569 root      20   0   21760   4136   2588 S   0.0   0.1   0:00.06 systemd-udevd
  13570 root      20   0   21764   4492   2960 S   0.0   0.1   0:00.05 systemd-udevd
  13571 root      20   0   21764   4108   2588 S   0.0   0.1   0:00.03 systemd-udevd
  13580 root      20   0   21764   4136   2588 S   0.0   0.1   0:00.04 systemd-udevd
  13581 root      20   0   21764   3708   2180 S   0.0   0.0   0:00.00 systemd-udevd
  13582 root      20   0   21764   4268   2704 S   0.0   0.1   0:00.06 systemd-udevd
  13594 root      20   0   21764   3408   1864 S   0.0   0.0   0:00.01 systemd-udevd
  13595 root      20   0   21764   4012   2468 S   0.0   0.1   0:00.02 systemd-udevd
  34263 root      20   0       0      0      0 I   0.0   0.0   0:14.91 kworker/u12:2-events_unbound
  49116 root      20   0       0      0      0 I   0.0   0.0   0:00.65 kworker/0:0-events
  90870 root      20   0       0      0      0 I   0.0   0.0   0:11.76 kworker/u12:11-events_unbound
  98217 root      20   0  238836   6944   5696 S   0.0   0.1   0:02.21 iio-sensor-prox
 100141 root      20   0       0      0      0 I   0.0   0.0   0:09.70 kworker/u12:6-events_unbound
 149635 root      20   0       0      0      0 I   0.0   0.0   0:00.45 kworker/3:0-events
 199974 root      20   0       0      0      0 I   0.0   0.0   0:05.37 kworker/u12:1-events_unbound
 234404 root      20   0       0      0      0 I   0.0   0.0   0:00.55 kworker/5:0-events
 251138 root      20   0       0      0      0 I   0.0   0.0   0:02.54 kworker/u12:4-events_freezable_power_
 271538 root      20   0  410228  41960  21380 S   0.0   0.5   0:01.38 fwupd
 274472 root       0 -20       0      0      0 I   0.0   0.0   0:03.85 kworker/u13:1-uvcvideo
 278878 root      20   0       0      0      0 I   0.0   0.0   0:00.09 kworker/4:2-events
 284193 root      20   0       0      0      0 I   0.0   0.0   0:01.55 kworker/u12:3-events_freezable_power_
 289098 jetson    20   0  572504  38648  13228 S   0.0   0.5   0:00.95 ros2
 290503 jetson    20   0  129772  34672  13228 S   0.0   0.4   0:00.69 ros2
 295127 root      20   0       0      0      0 I   0.0   0.0   0:00.02 kworker/1:3-cgroup_destroy
 295225 root      20   0       0      0      0 I   0.0   0.0   0:00.00 kworker/3:1-events
 298318 root      20   0       0      0      0 I   0.0   0.0   0:00.00 kworker/4:0-events
 298521 root      20   0       0      0      0 I   0.0   0.0   0:00.00 kworker/5:1-cgroup_destroy
 301519 root      20   0       0      0      0 I   0.0   0.0   0:00.04 kworker/0:1-events
 301563 root      20   0       0      0      0 I   0.0   0.0   0:00.00 kworker/2:0-cgroup_destroy
 301980 jetson    20   0   53568  30336  15004 S   0.0   0.4   0:00.44 ros2
 302359 root       0 -20       0      0      0 I   0.0   0.0   0:01.66 kworker/u13:2-uvcvideo
 305476 root      20   0       0      0      0 I   0.0   0.0   0:00.79 kworker/u12:9-events_freezable_power_
 314676 root      20   0       0      0      0 I   0.0   0.0   0:00.00 kworker/5:2-events
 314679 root      20   0       0      0      0 I   0.0   0.0   0:00.00 kworker/2:1-events
 314725 root      20   0       0      0      0 I   0.0   0.0   0:00.00 kworker/0:2
 314862 root      20   0       0      0      0 I   0.0   0.0   0:00.00 kworker/1:0-events
 315002 root      20   0       0      0      0 I   0.0   0.0   0:00.00 kworker/2:2
 316431 root      20   0    9436    772    692 S   0.0   0.0   0:00.00 sleep
 316651 root      20   0       0      0      0 I   0.0   0.0   0:00.01 kworker/3:2-events
 316919 jetson    20   0   11248   3308   2868 S   0.0   0.0   0:00.03 bash
 318996 jetson    20   0   11248   3304   2868 S   0.0   0.0   0:00.01 bash
 319049 jetson    20   0    2872    896    800 S   0.0   0.0   0:00.05 tegrastats
 319246 jetson    20   0    9480    820    736 S   0.0   0.0   0:00.00 tail
 320065 root      30  10    9436    780    704 S   0.0   0.0   0:00.00 sleep

top - 13:48:24 up  4:11,  0 users,  load average: 5.97, 5.18, 5.26
Tasks: 349 total,   2 running, 347 sleeping,   0 stopped,   0 zombie
%Cpu(s): 40.6 us,  9.8 sy,  0.0 ni, 45.1 id,  0.0 wa,  2.4 hi,  2.0 si,  0.0 st
MiB Mem :   7607.4 total,   2742.7 free,   2025.4 used,   2839.3 buff/cache
MiB Swap:   3803.7 total,   3803.7 free,      0.0 used.   5284.1 avail Mem 

    PID USER      PR  NI    VIRT    RES    SHR S  %CPU  %MEM     TIME+ COMMAND
 319245 jetson    20   0  753428  71296  29576 R  42.6   0.9   0:08.89 python3
 303945 jetson    20   0  963220  47516  23528 S  38.6   0.6   0:51.67 controller_serv
 289467 jetson    20   0  709004  62292  27276 S  34.7   0.8   4:51.94 python3
 319047 jetson    20   0  764356  56104  25376 S  23.3   0.7   0:06.10 ros2
 289115 jetson    20   0  710376  66188  27276 S  17.3   0.8   2:14.66 python3
 290529 jetson    20   0 1062448  54176  24360 S  16.8   0.7   0:34.45 async_slam_tool
 301995 jetson    20   0 9351040 403524  85056 S  16.8   5.2   1:22.79 nvblox_node
 303953 jetson    20   0  531036  46396  26216 S  15.3   0.6   0:43.84 bt_navigator
 289117 jetson    20   0  432948  28320  14224 S  13.9   0.4   2:12.41 rplidar_node
 289113 jetson    20   0 1748412 107168  51312 S  13.4   1.4   1:57.34 realsense2_came
 289469 jetson    20   0  506204  34000  18400 S  10.4   0.4   1:34.36 ekf_node
 303985 jetson    20   0  577392  31576  16252 S  10.4   0.4   0:49.60 lifecycle_manag
 303943 jetson    20   0  709520  64224  27412 S   9.9   0.8   0:22.39 python3
 303949 jetson    20   0 1209744  91992  42832 S   9.9   1.2   0:49.23 planner_server
 289119 jetson    20   0  708116  63664  27448 S   8.9   0.8   1:14.39 python3
 303951 jetson    20   0  516316  35092  21016 S   6.9   0.5   0:34.39 behavior_server
 303973 jetson    20   0  428560  27816  15960 S   6.4   0.4   0:24.49 velocity_smooth
 303947 jetson    20   0  664696  33012  19416 S   5.9   0.4   0:29.17 smoother_server
 303955 jetson    20   0  431300  29232  17008 S   5.4   0.4   0:24.30 waypoint_follow
  13320 root      20   0 1300240  43632  11392 S   4.5   0.6  17:29.73 micro_ros_agent
    904 root      rt   0       0      0      0 D   1.5   0.0   1:04.12 sugov:0
    909 root      rt   0       0      0      0 S   1.5   0.0   0:30.41 sugov:4
     56 root      39  19       0      0      0 S   0.5   0.0   0:01.27 khugepaged
    212 root      20   0       0      0      0 S   0.5   0.0   0:00.89 jbd2/nvme0n1p1-
    256 root      19  -1   40648  14960  13348 S   0.5   0.2   0:17.96 systemd-journal
  33484 root      20   0       0      0      0 I   0.5   0.0   0:12.36 kworker/u12:0-events_unbound
 205195 root       0 -20       0      0      0 I   0.5   0.0   0:09.97 kworker/u13:0-uvcvideo
 251138 root      20   0       0      0      0 I   0.5   0.0   0:02.55 kworker/u12:4-events_freezable_power_
 274472 root       0 -20       0      0      0 I   0.5   0.0   0:03.86 kworker/u13:1-uvcvideo
 284193 root      20   0       0      0      0 I   0.5   0.0   0:01.56 kworker/u12:3-events_unbound
 303903 jetson    20   0  723188  40064  13216 S   0.5   0.5   0:01.30 ros2
 319048 jetson    20   0   14344   3368   2772 R   0.5   0.0   0:00.22 top
      1 root      20   0  167628  11768   7448 S   0.0   0.2   0:20.45 systemd
      2 root      20   0       0      0      0 S   0.0   0.0   0:00.02 kthreadd
      3 root       0 -20       0      0      0 I   0.0   0.0   0:00.00 rcu_gp
      4 root       0 -20       0      0      0 I   0.0   0.0   0:00.00 rcu_par_gp
      5 root       0 -20       0      0      0 I   0.0   0.0   0:00.00 slub_flushwq
      6 root       0 -20       0      0      0 I   0.0   0.0   0:00.00 netns
      8 root       0 -20       0      0      0 I   0.0   0.0   0:00.00 kworker/0:0H-events_highpri
     10 root       0 -20       0      0      0 I   0.0   0.0   0:00.00 mm_percpu_wq
     11 root      20   0       0      0      0 S   0.0   0.0   0:00.00 rcu_tasks_kthre
     12 root      20   0       0      0      0 S   0.0   0.0   0:00.00 rcu_tasks_rude_
     13 root      20   0       0      0      0 S   0.0   0.0   0:00.00 rcu_tasks_trace
     14 root      20   0       0      0      0 S   0.0   0.0   0:13.42 ksoftirqd/0
     15 root      20   0       0      0      0 I   0.0   0.0   0:05.83 rcu_preempt
     16 root      rt   0       0      0      0 S   0.0   0.0   0:00.01 migration/0
     17 root      20   0       0      0      0 S   0.0   0.0   0:00.00 cpuhp/0
     18 root      20   0       0      0      0 S   0.0   0.0   0:00.00 cpuhp/1
     19 root      rt   0       0      0      0 S   0.0   0.0   0:00.01 migration/1
     20 root      20   0       0      0      0 S   0.0   0.0   0:00.83 ksoftirqd/1
     22 root       0 -20       0      0      0 I   0.0   0.0   0:00.00 kworker/1:0H-events_highpri
     23 root      20   0       0      0      0 S   0.0   0.0   0:00.00 cpuhp/2
     24 root      rt   0       0      0      0 S   0.0   0.0   0:00.00 migration/2
     25 root      20   0       0      0      0 S   0.0   0.0   0:00.84 ksoftirqd/2
     27 root       0 -20       0      0      0 I   0.0   0.0   0:00.00 kworker/2:0H-events_highpri
     28 root      20   0       0      0      0 S   0.0   0.0   0:00.00 cpuhp/3
     29 root      rt   0       0      0      0 S   0.0   0.0   0:00.00 migration/3
     30 root      20   0       0      0      0 S   0.0   0.0   0:00.78 ksoftirqd/3
     32 root       0 -20       0      0      0 I   0.0   0.0   0:00.00 kworker/3:0H-events_highpri
     33 root      20   0       0      0      0 S   0.0   0.0   0:00.00 cpuhp/4
     34 root      rt   0       0      0      0 S   0.0   0.0   0:00.03 migration/4
     35 root      20   0       0      0      0 S   0.0   0.0   0:00.58 ksoftirqd/4
     37 root       0 -20       0      0      0 I   0.0   0.0   0:00.00 kworker/4:0H-kblockd
     38 root      20   0       0      0      0 S   0.0   0.0   0:00.00 cpuhp/5
     39 root      rt   0       0      0      0 S   0.0   0.0   0:00.03 migration/5
     40 root      20   0       0      0      0 S   0.0   0.0   0:00.59 ksoftirqd/5
     42 root       0 -20       0      0      0 I   0.0   0.0   0:00.00 kworker/5:0H-events_highpri
     43 root      20   0       0      0      0 S   0.0   0.0   0:00.01 kdevtmpfs
     44 root       0 -20       0      0      0 I   0.0   0.0   0:00.00 inet_frag_wq
     51 root      20   0       0      0      0 S   0.0   0.0   0:00.00 kauditd
     52 root      20   0       0      0      0 S   0.0   0.0   0:00.00 oom_reaper
     53 root       0 -20       0      0      0 I   0.0   0.0   0:00.00 writeback
     54 root      20   0       0      0      0 S   0.0   0.0   0:00.12 kcompactd0
     55 root      25   5       0      0      0 S   0.0   0.0   0:00.00 ksmd
     67 root       0 -20       0      0      0 I   0.0   0.0   0:00.00 cryptd
     86 root       0 -20       0      0      0 I   0.0   0.0   0:00.00 kintegrityd
     87 root       0 -20       0      0      0 I   0.0   0.0   0:00.00 kblockd
     88 root       0 -20       0      0      0 I   0.0   0.0   0:00.00 blkcg_punt_bio
     89 root       0 -20       0      0      0 I   0.0   0.0   0:00.00 tpm_dev_wq
     90 root       0 -20       0      0      0 I   0.0   0.0   0:00.00 ata_sff
     91 root       0 -20       0      0      0 I   0.0   0.0   0:00.00 edac-poller
     92 root       0 -20       0      0      0 I   0.0   0.0   0:00.00 devfreq_wq
     93 root     -51   0       0      0      0 S   0.0   0.0   0:00.00 watchdogd
     96 root       0 -20       0      0      0 I   0.0   0.0   0:00.05 kworker/1:1H-kblockd
     97 root       0 -20       0      0      0 I   0.0   0.0   0:00.00 rpciod
     99 root       0 -20       0      0      0 I   0.0   0.0   0:00.00 xprtiod
    127 root      20   0       0      0      0 S   0.0   0.0   0:00.00 kswapd0
    128 root       0 -20       0      0      0 I   0.0   0.0   0:00.00 nfsiod
    132 root       0 -20       0      0      0 I   0.0   0.0   0:00.00 vfio-irqfd-clea
    133 root       0 -20       0      0      0 I   0.0   0.0   0:00.00 bch_btree_io
    134 root       0 -20       0      0      0 I   0.0   0.0   0:00.00 bcache
    135 root       0 -20       0      0      0 I   0.0   0.0   0:00.00 bch_journal
    136 root       0 -20       0      0      0 I   0.0   0.0   0:00.00 dm_bufio_cache
    137 root      20   0       0      0      0 I   0.0   0.0   0:01.56 kworker/1:2-events
    139 root      20   0       0      0      0 I   0.0   0.0   0:00.99 kworker/2:3-events
    140 root      10 -10       0      0      0 S   0.0   0.0   0:00.00 krfcommd
    141 root      20   0       0      0      0 S   0.0   0.0   0:00.01 pr/tty0
    142 root      20   0       0      0      0 S   0.0   0.0   0:03.05 pr/ttyTCU0
    145 root     -51   0       0      0      0 S   0.0   0.0   0:00.00 irq/114-3160000
    147 root     -51   0       0      0      0 S   0.0   0.0   0:00.00 irq/115-3180000
    149 root     -51   0       0      0      0 S   0.0   0.0   0:00.00 irq/116-31b0000
    150 root     -51   0       0      0      0 S   0.0   0.0   0:00.02 irq/167-c240000
    151 root     -51   0       0      0      0 S   0.0   0.0   0:00.00 irq/168-c250000
    152 root     -51   0       0      0      0 S   0.0   0.0   0:00.00 irq/125-3610000
    153 root     -51   0       0      0      0 S   0.0   0.0   0:00.00 irq/122-3610000
    155 root       0 -20       0      0      0 I   0.0   0.0   0:00.00 sdhci
    156 root     -51   0       0      0      0 S   0.0   0.0   0:00.00 irq/120-mmc0
    157 root     -51   0       0      0      0 S   0.0   0.0   0:00.00 irq/230-3400000
    174 root       0 -20       0      0      0 I   0.0   0.0   0:00.05 kworker/3:1H-kblockd
    180 root     -51   0       0      0      0 S   0.0   0.0   0:00.00 irq/191-tegra-p
    181 root       0 -20       0      0      0 I   0.0   0.0   0:00.00 nvme-wq
    182 root       0 -20       0      0      0 I   0.0   0.0   0:00.00 nvme-reset-wq
    183 root       0 -20       0      0      0 I   0.0   0.0   0:00.00 nvme-delete-wq
    192 root     -51   0       0      0      0 S   0.0   0.0   0:00.00 irq/191-aerdrv
    193 root     -51   0       0      0      0 S   0.0   0.0   0:00.00 irq/193-tegra-p
    196 root     -51   0       0      0      0 S   0.0   0.0   0:00.00 irq/193-aerdrv
    197 root     -51   0       0      0      0 S   0.0   0.0   0:00.00 irq/195-tegra-p
    199 root     -51   0       0      0      0 S   0.0   0.0   0:00.00 irq/232-nvme0q0
    200 root     -51   0       0      0      0 S   0.0   0.0   0:00.25 irq/233-nvme0q1
    201 root     -51   0       0      0      0 S   0.0   0.0   0:00.29 irq/234-nvme0q2
    202 root     -51   0       0      0      0 S   0.0   0.0   0:00.43 irq/235-nvme0q3
    203 root     -51   0       0      0      0 S   0.0   0.0   0:00.55 irq/236-nvme0q4
    204 root     -51   0       0      0      0 S   0.0   0.0   0:00.13 irq/237-nvme0q5
    205 root     -51   0       0      0      0 S   0.0   0.0   0:00.09 irq/238-nvme0q6
    211 root       0 -20       0      0      0 I   0.0   0.0   0:00.05 kworker/4:1H-kblockd
    213 root       0 -20       0      0      0 I   0.0   0.0   0:00.00 ext4-rsv-conver
    222 root       0 -20       0      0      0 I   0.0   0.0   0:00.00 mld
    223 root       0 -20       0      0      0 I   0.0   0.0   0:00.03 kworker/0:1H-kblockd
    224 root       0 -20       0      0      0 I   0.0   0.0   0:00.00 ipv6_addrconf
    278 root       0 -20       0      0      0 I   0.0   0.0   0:00.07 kworker/2:1H-kblockd
    280 root      39  19       0      0      0 S   0.0   0.0   0:00.48 nvmap-bz
    281 root     -51   0       0      0      0 S   0.0   0.0   0:00.00 irq/188-host1x_
    285 root     -51   0       0      0      0 S   0.0   0.0   0:00.00 irq/197-gk20a_s
    286 root     -51   0       0      0      0 S   0.0   0.0   0:00.01 irq/198-gk20a_s
    287 root     -51   0       0      0      0 S   0.0   0.0   0:00.01 irq/199-gk20a_s
    288 root     -51   0       0      0      0 S   0.0   0.0   0:00.00 irq/200-gk20a_n
    291 root       0 -20       0      0      0 I   0.0   0.0   0:00.04 kworker/5:1H-kblockd
    295 root      20   0   11116   3460   3204 S   0.0   0.0   0:00.00 nv-tee-supplica
    299 root      20   0   76588   1360   1248 S   0.0   0.0   0:00.01 tee-supplicant
    301 root       0 -20       0      0      0 I   0.0   0.0   0:00.00 optee_bus_scan
    303 root     -51   0       0      0      0 S   0.0   0.0   0:00.00 irq/189-tegra-p
    312 root      20   0   23732   6316   4080 S   0.0   0.1   0:17.83 systemd-udevd
    313 root     -51   0       0      0      0 S   0.0   0.0   0:00.00 irq/189-aerdrv
    314 root      20   0   23216   5812   3992 S   0.0   0.1   0:00.38 systemd-udevd
    315 root      20   0   23216   5020   3248 S   0.0   0.1   0:00.15 systemd-udevd
    316 root      20   0   23268   6224   4288 S   0.0   0.1   0:00.16 systemd-udevd
    317 root      20   0   23220   4364   2600 S   0.0   0.1   0:00.11 systemd-udevd
    318 root      20   0   23216   4480   2672 S   0.0   0.1   0:00.12 systemd-udevd
    319 root      20   0   23212   5812   3980 S   0.0   0.1   0:00.28 systemd-udevd
    320 root      20   0   23264   4688   2764 S   0.0   0.1   0:00.13 systemd-udevd
    321 root      20   0   23268   5072   3136 S   0.0   0.1   0:00.18 systemd-udevd
    322 root      20   0   23524   5520   3456 S   0.0   0.1   0:00.26 systemd-udevd
    323 root      20   0   23216   6280   4444 S   0.0   0.1   0:00.37 systemd-udevd
    324 root      20   0   23220   5196   3388 S   0.0   0.1   0:00.16 systemd-udevd
    325 root      20   0   23220   5820   3976 S   0.0   0.1   0:00.37 systemd-udevd
    326 root      20   0   23220   5236   3388 S   0.0   0.1   0:00.39 systemd-udevd
    327 root      20   0   23220   5468   3656 S   0.0   0.1   0:00.18 systemd-udevd
    330 root      20   0   23512   5728   3684 S   0.0   0.1   0:00.14 systemd-udevd
    331 root      20   0   24292   5540   2676 S   0.0   0.1   0:00.16 systemd-udevd
    333 root      20   0   23524   5596   3532 S   0.0   0.1   0:00.26 systemd-udevd
    334 root      20   0   23220   5080   3240 S   0.0   0.1   0:00.25 systemd-udevd
    335 root      20   0   23220   4504   2708 S   0.0   0.1   0:00.11 systemd-udevd
    336 root      20   0   23220   4696   2892 S   0.0   0.1   0:00.14 systemd-udevd
    337 root      20   0   23524   5056   2992 S   0.0   0.1   0:00.16 systemd-udevd
    339 root      20   0   23220   4980   3148 S   0.0   0.1   0:00.17 systemd-udevd
    340 root      20   0   23544   6732   4608 S   0.0   0.1   1:00.04 systemd-udevd
    341 root      20   0   23276   5328   3384 S   0.0   0.1   0:00.13 systemd-udevd
    342 root      20   0   23280   5176   3228 S   0.0   0.1   0:00.13 systemd-udevd
    343 root      20   0   23220   5984   4152 S   0.0   0.1   0:00.30 systemd-udevd
    344 root      20   0   23560   6700   4596 S   0.0   0.1   0:00.48 systemd-udevd
    345 root      20   0       0      0      0 S   0.0   0.0   0:00.00 15820000.crypto
    346 root      20   0       0      0      0 S   0.0   0.0   0:00.00 15840000.crypto
    368 root      20   0   23324   5984   4116 S   0.0   0.1   0:00.40 systemd-udevd
    417 root     -51   0       0      0      0 S   0.0   0.0   0:00.00 irq/219-bc00000
    419 root      -2   0       0      0      0 S   0.0   0.0   0:00.00 capture-control
    420 root      -2   0       0      0      0 S   0.0   0.0   0:00.00 capture
    422 root     -51   0       0      0      0 S   0.0   0.0   0:00.00 irq/214-tegra_d
    423 root     -51   0       0      0      0 S   0.0   0.0   0:00.00 irq/215-tegra_d
    424 root       0 -20       0      0      0 I   0.0   0.0   0:00.00 dce-async-ipc-w
    425 root     -51   0       0      0      0 S   0.0   0.0   0:00.00 irq/240-nvvrs-p
    427 root      20   0       0      0      0 S   0.0   0.0   0:00.00 nv_queue
    428 root      20   0       0      0      0 S   0.0   0.0   0:00.00 nv_queue
    483 root     -51   0       0      0      0 S   0.0   0.0   0:00.00 irq/118-3210000
    487 root      20   0       0      0      0 S   0.0   0.0   0:00.00 spi0
    495 root       0 -20       0      0      0 I   0.0   0.0   0:00.00 cfg80211
    497 root     -51   0       0      0      0 S   0.0   0.0   0:00.00 irq/119-3230000
    498 root      20   0       0      0      0 S   0.0   0.0   0:00.00 spi1
    584 root       0 -20       0      0      0 I   0.0   0.0   0:00.00 btfwwork
    650 root      20   0    8236   6424   1432 S   0.0   0.1   0:00.57 haveged
    653 _rpc      20   0    7932   2264   1912 S   0.0   0.0   0:00.02 rpcbind
    659 systemd+  20   0   26320  13580   8496 S   0.0   0.2   0:00.40 systemd-resolve
    662 systemd+  20   0   88880   6332   5484 S   0.0   0.1   0:00.13 systemd-timesyn
    826 avahi     20   0    8084   3108   2752 S   0.0   0.0   0:00.48 avahi-daemon
    827 root      20   0    9888   4552   4112 S   0.0   0.1   0:00.07 bluetoothd
    828 message+  20   0   10496   5632   3584 S   0.0   0.1   0:28.19 dbus-daemon
    829 root      20   0  264752  18684  14872 S   0.0   0.2   0:25.49 NetworkManager
    838 root      20   0   43504  19780  10232 S   0.0   0.3   0:00.15 networkd-dispat
    849 root      20   0  241652   9056   6312 S   0.0   0.1   0:00.40 power-profiles-
    854 syslog    20   0  222160   5012   3672 S   0.0   0.1   0:03.50 rsyslogd
    859 root      20   0    2240    796    720 S   0.0   0.0   0:00.00 seatd
    865 root      20   0 2145956  51796  25768 S   0.0   0.7   0:25.65 snapd
    867 root      20   0  242124   7452   6576 S   0.0   0.1   0:01.40 accounts-daemon
    869 root      20   0  238128   6232   5620 S   0.0   0.1   0:00.04 switcheroo-cont
    871 root      20   0   48968   7620   6296 S   0.0   0.1   0:02.46 systemd-logind
    874 root      20   0  394188  13988   9476 S   0.0   0.2   0:00.82 udisksd
    875 root      20   0   16632   9928   8148 S   0.0   0.1   0:00.89 wpa_supplicant
    882 avahi     20   0    7812    356      0 S   0.0   0.0   0:00.00 avahi-daemon
    921 root      30  10   11248   3612   3220 S   0.0   0.0   0:05.60 wifi_mon.sh
    969 root      20   0  237044  10468   6400 S   0.0   0.1   2:02.43 polkitd
    983 root      20   0    2460   1556   1380 S   0.0   0.0   0:05.37 nvfancontrol
   1049 root      20   0       0      0      0 S   0.0   0.0   0:00.00 sw-quiesce
   1052 root      20   0       0      0      0 S   0.0   0.0   0:13.45 nvgpu_channel_p
   1068 root      20   0       0      0      0 S   0.0   0.0   0:00.00 nvgpu_pg_init_g
   1087 root      20   0       0      0      0 S   0.0   0.0   0:00.00 nvgpu_clk_arb_p
   1117 root      20   0       0      0      0 S   0.0   0.0   0:05.08 RTW_CMD_THREAD
   1157 root      20   0   75936   9960   8136 S   0.0   0.1   0:00.01 nvargus-daemon
   1158 root      20   0   11116   3520   3220 S   0.0   0.0   0:00.05 nvmemwarning.sh
   1171 root      20   0   22192   1776   1580 S   0.0   0.0   0:00.00 nvs-service
   1181 ollama    20   0 2006720  39588  20072 S   0.0   0.5   0:00.74 ollama
   1195 root      20   0    2336   1408   1292 S   0.0   0.0   0:01.96 run-cups-browse
   1201 root      20   0    2336   1424   1296 S   0.0   0.0   0:02.02 run-cupsd
   1204 root      20   0       0      0      0 S   0.0   0.0   0:00.00 pr/ramoops-1
   1212 root      20   0 2093080  58448  33576 S   0.0   0.8   0:15.77 containerd
   1239 root      20   0   10772   2824   2576 S   0.0   0.0   0:00.04 cron
   1259 root      20   0  243128   8056   7012 S   0.0   0.1   0:00.02 gdm3
   1263 kernoops  20   0   12812    452      0 S   0.0   0.0   0:00.01 kerneloops
   1290 root      20   0    9468    800    724 S   0.0   0.0   0:00.00 agetty
   1291 kernoops  20   0   12812    452      0 S   0.0   0.0   0:00.01 kerneloops
   1293 root      20   0    9468    804    724 S   0.0   0.0   0:00.00 agetty
   1330 root      20   0  173408   8804   7628 S   0.0   0.1   0:00.02 gdm-session-wor
   1417 root      20   0       0      0      0 S   0.0   0.0   0:00.00 file-storage
   1426 root      20   0   15272   8368   6788 S   0.0   0.1   0:00.48 sshd
   1474 gdm       20   0   18120   9728   7360 S   0.0   0.1   0:00.41 systemd
   1478 root      20   0    3076    992    880 S   0.0   0.0   0:00.00 nvphsd
   1483 root      20   0    3208   1476   1316 S   0.0   0.0   0:00.00 nvphsd
   1497 gdm       20   0  106692   4552      0 S   0.0   0.1   0:00.00 (sd-pam)
   1588 root      20   0 2352492  96592  56580 S   0.0   1.2   0:04.98 dockerd
   1688 gdm        9 -11   41972   6472   5156 S   0.0   0.1   0:00.05 pipewire
   1689 gdm       20   0   25476   6428   5104 S   0.0   0.1   0:00.99 pipewire-media-
   1690 gdm        9 -11  891840  20748  12584 S   0.0   0.3   0:00.76 pulseaudio
   1695 gdm       20   0  163948   5472   4964 S   0.0   0.1   0:00.00 gdm-x-session
   1697 root      20   0   24.2g  80524  35884 S   0.0   1.0   0:01.68 Xorg
   1698 rtkit     21   1  153504   1588   1380 S   0.0   0.0   0:00.21 rtkit-daemon
   1729 gdm       20   0    8840   3600   3212 S   0.0   0.0   0:00.02 dbus-daemon
   1748 root      20   0       0      0      0 S   0.0   0.0   0:00.00 nvidia-modeset/
   1749 root      20   0       0      0      0 S   0.0   0.0   0:00.00 nvidia-modeset/
   1752 root      20   0       0      0      0 S   0.0   0.0   0:00.00 nvidia
   1753 root      20   0       0      0      0 S   0.0   0.0   0:00.00 nv_queue
   1790 root      20   0       0      0      0 S   0.0   0.0   0:00.00 nvidia-drm-nv-t
   1791 root     -51   0       0      0      0 S   0.0   0.0   0:00.00 card1-crtc0
   1792 root     -51   0       0      0      0 S   0.0   0.0   0:00.00 card1-crtc1
   1980 gdm       20   0    5876   1552   1344 S   0.0   0.0   0:00.00 dbus-run-sessio
   1983 gdm       20   0    9108   4440   3588 S   0.0   0.1   0:00.13 dbus-daemon
   2035 gdm       20   0  597840  17824  12972 S   0.0   0.2   0:00.72 gnome-session-b
   2057 gdm       20   0  310068   8976   6272 S   0.0   0.1   0:00.00 at-spi-bus-laun
   2062 gdm       20   0    8692   3556   3168 S   0.0   0.0   0:00.00 dbus-daemon
   2071 gdm       20   0 3471500 137204  73260 S   0.0   1.8   0:31.32 gnome-shell
   2092 gdm       20   0  237676   4964   4528 S   0.0   0.1   0:00.00 xdg-permission-
   2099 root      20   0  243852  10136   6984 S   0.0   0.1   0:00.34 upowerd
   2106 root      20   0  301608  19332  16408 S   0.0   0.2   0:01.06 packagekitd
   2110 gdm       20   0 2812288  25716  20860 S   0.0   0.3   0:00.08 gjs
   2113 gdm       20   0  163144   7196   6428 S   0.0   0.1   0:00.01 at-spi2-registr
   2141 gdm       20   0  468748   9856   7940 S   0.0   0.1   0:01.32 gsd-sharing
   2146 gdm       20   0  338880  14892  12620 S   0.0   0.2   0:00.06 gsd-wacom
   2148 gdm       20   0  451616  18896  16480 S   0.0   0.2   0:00.16 gsd-color
   2150 gdm       20   0  412392  17092  13292 S   0.0   0.2   0:00.04 gsd-keyboard
   2152 gdm       20   0  316864  13188   6244 S   0.0   0.2   0:00.10 ibus-daemon
   2156 gdm       20   0  326124   9848   8488 S   0.0   0.1   0:00.02 gsd-print-notif
   2166 gdm       20   0  242216   6512   5848 S   0.0   0.1   0:00.01 gvfsd
   2168 gdm       20   0  459796   6140   5436 S   0.0   0.1   0:00.39 gsd-rfkill
   2170 gdm       20   0  388312   7432   6528 S   0.0   0.1   0:00.01 gsd-smartcard
   2173 gdm       20   0  380556  16508  12504 S   0.0   0.2   0:00.03 gsd-datetime
   2183 gdm       20   0  864216  20108  17428 S   0.0   0.3   0:00.37 gsd-media-keys
   2184 gdm       20   0  237936   4760   4376 S   0.0   0.1   0:00.01 gsd-screensaver
   2185 gdm       20   0  322096  10392   7320 S   0.0   0.1   0:00.02 gsd-sound
   2186 gdm       20   0  312416   8104   5476 S   0.0   0.1   0:00.01 gsd-a11y-settin
   2193 gdm       20   0  313996   8944   6152 S   0.0   0.1   0:00.64 gsd-housekeepin
   2195 gdm       20   0  450004  20288  15904 S   0.0   0.3   0:00.37 gsd-power
   2218 gdm       20   0  347052  12608  10748 S   0.0   0.2   0:00.03 gsd-printer
   2221 gdm       20   0  239040   6576   5948 S   0.0   0.1   0:00.00 ibus-dconf
   2233 gdm       20   0  238936   5920   5488 S   0.0   0.1   0:00.00 ibus-portal
   2263 colord    20   0  247516  14492   8720 S   0.0   0.2   0:00.23 colord
   2285 gdm       20   0 2812300  27868  20904 S   0.0   0.4   0:00.09 gjs
   2349 gdm       20   0  165096   6516   5892 S   0.0   0.1   0:00.01 ibus-engine-sim
   2508 root      20   0  136716  13172   9512 S   0.0   0.2   0:00.61 cupsd
   2522 root      20   0  260792  17940  13508 S   0.0   0.2   0:01.23 cups-browsed
  11687 jetson    20   0   18140   9764   7368 S   0.0   0.1   0:00.32 systemd
  11688 jetson    20   0  172512   4632      0 S   0.0   0.1   0:00.00 (sd-pam)
  11696 jetson    20   0   41976   6552   5228 S   0.0   0.1   0:00.04 pipewire
  11697 jetson    20   0   25484   6724   5388 S   0.0   0.1   0:01.06 pipewire-media-
  11749 jetson    20   0    8888   3620   3232 S   0.0   0.0   0:00.01 dbus-daemon
  11931 jetson    20   0  706564  62076  26432 S   0.0   0.8   1:20.12 python3
  12473 root      20   0 1233488  13236   6340 S   0.0   0.2   0:01.96 containerd-shim
  12502 jetson    20   0    5508    792    704 S   0.0   0.0   0:00.20 sleep
  12567 root      20   0   21892   5484   3884 S   0.0   0.1   0:16.83 systemd-udevd
  12575 root      20   0   21760   4536   2952 S   0.0   0.1   0:34.27 systemd-udevd
  13234 jetson    20   0  203640  35476  13212 S   0.0   0.5   0:00.75 ros2
  13236 jetson    20   0 2070472  36080  17228 S   0.0   0.5   0:00.56 docker
  13238 jetson    20   0  428384  31060  15828 S   0.0   0.4   1:22.43 robot_state_pub
  13265 root      20   0 1232976  11192   5960 S   0.0   0.1   0:01.40 containerd-shim
  13294 root      20   0   49400  29204  14412 S   0.0   0.4   0:00.40 ros2
  13554 root      20   0   21760   4460   2932 S   0.0   0.1   0:00.03 systemd-udevd
  13555 root      20   0   21760   3352   1860 S   0.0   0.0   0:00.00 systemd-udevd
  13568 root      20   0   21760   3376   1864 S   0.0   0.0   0:00.02 systemd-udevd
  13569 root      20   0   21760   4136   2588 S   0.0   0.1   0:00.06 systemd-udevd
  13570 root      20   0   21764   4492   2960 S   0.0   0.1   0:00.05 systemd-udevd
  13571 root      20   0   21764   4108   2588 S   0.0   0.1   0:00.03 systemd-udevd
  13580 root      20   0   21764   4136   2588 S   0.0   0.1   0:00.04 systemd-udevd
  13581 root      20   0   21764   3708   2180 S   0.0   0.0   0:00.00 systemd-udevd
  13582 root      20   0   21764   4268   2704 S   0.0   0.1   0:00.06 systemd-udevd
  13594 root      20   0   21764   3408   1864 S   0.0   0.0   0:00.01 systemd-udevd
  13595 root      20   0   21764   4012   2468 S   0.0   0.1   0:00.02 systemd-udevd
  34263 root      20   0       0      0      0 I   0.0   0.0   0:14.91 kworker/u12:2-events_freezable_power_
  49116 root      20   0       0      0      0 I   0.0   0.0   0:00.65 kworker/0:0-events
  90870 root      20   0       0      0      0 I   0.0   0.0   0:11.76 kworker/u12:11-events_freezable_power_
  98217 root      20   0  238836   6944   5696 S   0.0   0.1   0:02.21 iio-sensor-prox
 100141 root      20   0       0      0      0 I   0.0   0.0   0:09.70 kworker/u12:6-events_unbound
 149635 root      20   0       0      0      0 I   0.0   0.0   0:00.45 kworker/3:0-events
 199974 root      20   0       0      0      0 I   0.0   0.0   0:05.37 kworker/u12:1-events_unbound
 211464 root      20   0       0      0      0 I   0.0   0.0   0:04.85 kworker/u12:7-events_unbound
 219316 root       0 -20       0      0      0 I   0.0   0.0   0:09.29 kworker/u13:3-uvcvideo
 234404 root      20   0       0      0      0 I   0.0   0.0   0:00.55 kworker/5:0-events
 253037 root      20   0       0      0      0 I   0.0   0.0   0:02.70 kworker/u12:8-events_freezable_power_
 271538 root      20   0  410228  41960  21380 S   0.0   0.5   0:01.38 fwupd
 278878 root      20   0       0      0      0 I   0.0   0.0   0:00.09 kworker/4:2-events
 289098 jetson    20   0  572504  38648  13228 S   0.0   0.5   0:00.95 ros2
 289121 jetson    20   0 1082820  58716  26356 S   0.0   0.8   0:30.84 foxglove_bridge
 290503 jetson    20   0  129772  34672  13228 S   0.0   0.4   0:00.69 ros2
 295127 root      20   0       0      0      0 I   0.0   0.0   0:00.02 kworker/1:3-cgroup_destroy
 295225 root      20   0       0      0      0 I   0.0   0.0   0:00.00 kworker/3:1-events
 298318 root      20   0       0      0      0 I   0.0   0.0   0:00.00 kworker/4:0-events
 298521 root      20   0       0      0      0 I   0.0   0.0   0:00.00 kworker/5:1-cgroup_destroy
 301519 root      20   0       0      0      0 I   0.0   0.0   0:00.04 kworker/0:1-events
 301563 root      20   0       0      0      0 I   0.0   0.0   0:00.00 kworker/2:0-cgroup_destroy
 301980 jetson    20   0   53568  30336  15004 S   0.0   0.4   0:00.44 ros2
 302359 root       0 -20       0      0      0 I   0.0   0.0   0:01.66 kworker/u13:2-uvcvideo
 305476 root      20   0       0      0      0 I   0.0   0.0   0:00.79 kworker/u12:9-events_freezable_power_
 314676 root      20   0       0      0      0 I   0.0   0.0   0:00.00 kworker/5:2-events
 314679 root      20   0       0      0      0 I   0.0   0.0   0:00.00 kworker/2:1-events
 314725 root      20   0       0      0      0 I   0.0   0.0   0:00.00 kworker/0:2
 314862 root      20   0       0      0      0 I   0.0   0.0   0:00.00 kworker/1:0-events
 315002 root      20   0       0      0      0 I   0.0   0.0   0:00.00 kworker/2:2
 316431 root      20   0    9436    772    692 S   0.0   0.0   0:00.00 sleep
 316651 root      20   0       0      0      0 I   0.0   0.0   0:00.01 kworker/3:2-events
 316919 jetson    20   0   11248   3308   2868 S   0.0   0.0   0:00.03 bash
 318996 jetson    20   0   11248   3304   2868 S   0.0   0.0   0:00.01 bash
 319049 jetson    20   0    2872    896    800 S   0.0   0.0   0:00.05 tegrastats
 319246 jetson    20   0    9480    820    736 S   0.0   0.0   0:00.00 tail
 320065 root      30  10    9436    780    704 S   0.0   0.0   0:00.00 sleep

top - 13:48:26 up  4:11,  0 users,  load average: 5.73, 5.14, 5.25
Tasks: 350 total,   5 running, 345 sleeping,   0 stopped,   0 zombie
%Cpu(s): 42.9 us, 11.9 sy,  0.0 ni, 40.9 id,  0.0 wa,  2.3 hi,  2.0 si,  0.0 st
MiB Mem :   7607.4 total,   2742.7 free,   2025.4 used,   2839.3 buff/cache
MiB Swap:   3803.7 total,   3803.7 free,      0.0 used.   5284.1 avail Mem 

    PID USER      PR  NI    VIRT    RES    SHR S  %CPU  %MEM     TIME+ COMMAND
 319245 jetson    20   0  753936  71672  29576 S  45.0   0.9   0:09.80 python3
 303945 jetson    20   0  963220  47516  23528 S  42.1   0.6   0:52.52 controller_serv
 289467 jetson    20   0  709004  62292  27276 R  34.7   0.8   4:52.64 python3
 319047 jetson    20   0  764356  56104  25376 S  20.8   0.7   0:06.52 ros2
 301995 jetson    20   0 9351040 403524  85056 S  16.3   5.2   1:23.12 nvblox_node
 303953 jetson    20   0  531168  46396  26216 S  15.3   0.6   0:44.15 bt_navigator
    969 root      20   0  237044  10468   6400 S  14.9   0.1   2:02.73 polkitd
 289115 jetson    20   0  711096  66656  27276 R  14.4   0.9   2:14.95 python3
 289113 jetson    20   0 1748412 107168  51312 S  13.4   1.4   1:57.61 realsense2_came
 289117 jetson    20   0  432948  28320  14224 S  13.4   0.4   2:12.68 rplidar_node
 290529 jetson    20   0 1062448  54176  24360 S  10.9   0.7   0:34.67 async_slam_tool
 289469 jetson    20   0  506204  34000  18400 R  10.4   0.4   1:34.57 ekf_node
 303949 jetson    20   0 1209760  91992  42832 S  10.4   1.2   0:49.44 planner_server
 303985 jetson    20   0  577392  31576  16252 S   9.9   0.4   0:49.80 lifecycle_manag
 303943 jetson    20   0  709520  64224  27412 S   8.4   0.8   0:22.56 python3
 289119 jetson    20   0  708116  63664  27448 S   7.9   0.8   1:14.55 python3
 303951 jetson    20   0  516316  35092  21016 S   6.9   0.5   0:34.53 behavior_server
 303947 jetson    20   0  664664  33132  19416 S   5.4   0.4   0:29.28 smoother_server
 303955 jetson    20   0  431300  29232  17008 S   5.4   0.4   0:24.41 waypoint_follow
 303973 jetson    20   0  428560  27816  15960 S   5.4   0.4   0:24.60 velocity_smooth
  13320 root      20   0 1300240  43632  11392 S   4.5   0.6  17:29.82 micro_ros_agent
    828 message+  20   0   10496   5632   3584 S   3.0   0.1   0:28.25 dbus-daemon
    829 root      20   0  264752  18684  14872 S   2.5   0.2   0:25.54 NetworkManager
      1 root      20   0  167628  11768   7448 S   2.0   0.2   0:20.49 systemd
    904 root      rt   0       0      0      0 R   1.0   0.0   1:04.14 sugov:0
   2071 gdm       20   0 3471500 137204  73260 S   1.0   1.8   0:31.34 gnome-shell
 319048 jetson    20   0   14344   3368   2772 R   1.0   0.0   0:00.24 top
    256 root      19  -1   48840  14960  13348 S   0.5   0.2   0:17.97 systemd-journal
    340 root      20   0   23544   6732   4608 S   0.5   0.1   1:00.05 systemd-udevd
    871 root      20   0   48968   7620   6296 S   0.5   0.1   0:02.47 systemd-logind
    909 root      rt   0       0      0      0 S   0.5   0.0   0:30.42 sugov:4
   1212 root      20   0 2093080  58448  33576 S   0.5   0.8   0:15.78 containerd
   1690 gdm        9 -11  891840  20748  12584 S   0.5   0.3   0:00.77 pulseaudio
  11697 jetson    20   0   25484   6724   5388 S   0.5   0.1   0:01.07 pipewire-media-
  12567 root      20   0   21892   5484   3884 S   0.5   0.1   0:16.84 systemd-udevd
 251138 root      20   0       0      0      0 I   0.5   0.0   0:02.56 kworker/u12:4-events_freezable_power_
 274472 root       0 -20       0      0      0 I   0.5   0.0   0:03.87 kworker/u13:1-uvcvideo
 319049 jetson    20   0    2872    896    800 S   0.5   0.0   0:00.06 tegrastats
      2 root      20   0       0      0      0 S   0.0   0.0   0:00.02 kthreadd
      3 root       0 -20       0      0      0 I   0.0   0.0   0:00.00 rcu_gp
      4 root       0 -20       0      0      0 I   0.0   0.0   0:00.00 rcu_par_gp
      5 root       0 -20       0      0      0 I   0.0   0.0   0:00.00 slub_flushwq
      6 root       0 -20       0      0      0 I   0.0   0.0   0:00.00 netns
      8 root       0 -20       0      0      0 I   0.0   0.0   0:00.00 kworker/0:0H-events_highpri
     10 root       0 -20       0      0      0 I   0.0   0.0   0:00.00 mm_percpu_wq
     11 root      20   0       0      0      0 S   0.0   0.0   0:00.00 rcu_tasks_kthre
     12 root      20   0       0      0      0 S   0.0   0.0   0:00.00 rcu_tasks_rude_
     13 root      20   0       0      0      0 S   0.0   0.0   0:00.00 rcu_tasks_trace
     14 root      20   0       0      0      0 S   0.0   0.0   0:13.42 ksoftirqd/0
     15 root      20   0       0      0      0 I   0.0   0.0   0:05.83 rcu_preempt
     16 root      rt   0       0      0      0 S   0.0   0.0   0:00.01 migration/0
     17 root      20   0       0      0      0 S   0.0   0.0   0:00.00 cpuhp/0
     18 root      20   0       0      0      0 S   0.0   0.0   0:00.00 cpuhp/1
     19 root      rt   0       0      0      0 S   0.0   0.0   0:00.01 migration/1
     20 root      20   0       0      0      0 S   0.0   0.0   0:00.83 ksoftirqd/1
     22 root       0 -20       0      0      0 I   0.0   0.0   0:00.00 kworker/1:0H-events_highpri
     23 root      20   0       0      0      0 S   0.0   0.0   0:00.00 cpuhp/2
     24 root      rt   0       0      0      0 S   0.0   0.0   0:00.00 migration/2
     25 root      20   0       0      0      0 S   0.0   0.0   0:00.84 ksoftirqd/2
     27 root       0 -20       0      0      0 I   0.0   0.0   0:00.00 kworker/2:0H-events_highpri
     28 root      20   0       0      0      0 S   0.0   0.0   0:00.00 cpuhp/3
     29 root      rt   0       0      0      0 S   0.0   0.0   0:00.00 migration/3
     30 root      20   0       0      0      0 S   0.0   0.0   0:00.78 ksoftirqd/3
     32 root       0 -20       0      0      0 I   0.0   0.0   0:00.00 kworker/3:0H-events_highpri
     33 root      20   0       0      0      0 S   0.0   0.0   0:00.00 cpuhp/4
     34 root      rt   0       0      0      0 S   0.0   0.0   0:00.03 migration/4
     35 root      20   0       0      0      0 S   0.0   0.0   0:00.58 ksoftirqd/4
     37 root       0 -20       0      0      0 I   0.0   0.0   0:00.00 kworker/4:0H-kblockd
     38 root      20   0       0      0      0 S   0.0   0.0   0:00.00 cpuhp/5
     39 root      rt   0       0      0      0 S   0.0   0.0   0:00.03 migration/5
     40 root      20   0       0      0      0 S   0.0   0.0   0:00.59 ksoftirqd/5
     42 root       0 -20       0      0      0 I   0.0   0.0   0:00.00 kworker/5:0H-events_highpri
     43 root      20   0       0      0      0 S   0.0   0.0   0:00.01 kdevtmpfs
     44 root       0 -20       0      0      0 I   0.0   0.0   0:00.00 inet_frag_wq
     51 root      20   0       0      0      0 S   0.0   0.0   0:00.00 kauditd
     52 root      20   0       0      0      0 S   0.0   0.0   0:00.00 oom_reaper
     53 root       0 -20       0      0      0 I   0.0   0.0   0:00.00 writeback
     54 root      20   0       0      0      0 S   0.0   0.0   0:00.12 kcompactd0
     55 root      25   5       0      0      0 S   0.0   0.0   0:00.00 ksmd
     56 root      39  19       0      0      0 S   0.0   0.0   0:01.27 khugepaged
     67 root       0 -20       0      0      0 I   0.0   0.0   0:00.00 cryptd
     86 root       0 -20       0      0      0 I   0.0   0.0   0:00.00 kintegrityd
     87 root       0 -20       0      0      0 I   0.0   0.0   0:00.00 kblockd
     88 root       0 -20       0      0      0 I   0.0   0.0   0:00.00 blkcg_punt_bio
     89 root       0 -20       0      0      0 I   0.0   0.0   0:00.00 tpm_dev_wq
     90 root       0 -20       0      0      0 I   0.0   0.0   0:00.00 ata_sff
     91 root       0 -20       0      0      0 I   0.0   0.0   0:00.00 edac-poller
     92 root       0 -20       0      0      0 I   0.0   0.0   0:00.00 devfreq_wq
     93 root     -51   0       0      0      0 S   0.0   0.0   0:00.00 watchdogd
     96 root       0 -20       0      0      0 I   0.0   0.0   0:00.05 kworker/1:1H-kblockd
     97 root       0 -20       0      0      0 I   0.0   0.0   0:00.00 rpciod
     99 root       0 -20       0      0      0 I   0.0   0.0   0:00.00 xprtiod
    127 root      20   0       0      0      0 S   0.0   0.0   0:00.00 kswapd0
    128 root       0 -20       0      0      0 I   0.0   0.0   0:00.00 nfsiod
    132 root       0 -20       0      0      0 I   0.0   0.0   0:00.00 vfio-irqfd-clea
    133 root       0 -20       0      0      0 I   0.0   0.0   0:00.00 bch_btree_io
    134 root       0 -20       0      0      0 I   0.0   0.0   0:00.00 bcache
    135 root       0 -20       0      0      0 I   0.0   0.0   0:00.00 bch_journal
    136 root       0 -20       0      0      0 I   0.0   0.0   0:00.00 dm_bufio_cache
    137 root      20   0       0      0      0 I   0.0   0.0   0:01.56 kworker/1:2-events
    139 root      20   0       0      0      0 I   0.0   0.0   0:00.99 kworker/2:3-events
    140 root      10 -10       0      0      0 S   0.0   0.0   0:00.00 krfcommd
    141 root      20   0       0      0      0 S   0.0   0.0   0:00.01 pr/tty0
    142 root      20   0       0      0      0 S   0.0   0.0   0:03.05 pr/ttyTCU0
    145 root     -51   0       0      0      0 S   0.0   0.0   0:00.00 irq/114-3160000
    147 root     -51   0       0      0      0 S   0.0   0.0   0:00.00 irq/115-3180000
    149 root     -51   0       0      0      0 S   0.0   0.0   0:00.00 irq/116-31b0000
    150 root     -51   0       0      0      0 S   0.0   0.0   0:00.02 irq/167-c240000
    151 root     -51   0       0      0      0 S   0.0   0.0   0:00.00 irq/168-c250000
    152 root     -51   0       0      0      0 S   0.0   0.0   0:00.00 irq/125-3610000
    153 root     -51   0       0      0      0 S   0.0   0.0   0:00.00 irq/122-3610000
    155 root       0 -20       0      0      0 I   0.0   0.0   0:00.00 sdhci
    156 root     -51   0       0      0      0 S   0.0   0.0   0:00.00 irq/120-mmc0
    157 root     -51   0       0      0      0 S   0.0   0.0   0:00.00 irq/230-3400000
    174 root       0 -20       0      0      0 I   0.0   0.0   0:00.05 kworker/3:1H-kblockd
    180 root     -51   0       0      0      0 S   0.0   0.0   0:00.00 irq/191-tegra-p
    181 root       0 -20       0      0      0 I   0.0   0.0   0:00.00 nvme-wq
    182 root       0 -20       0      0      0 I   0.0   0.0   0:00.00 nvme-reset-wq
    183 root       0 -20       0      0      0 I   0.0   0.0   0:00.00 nvme-delete-wq
    192 root     -51   0       0      0      0 S   0.0   0.0   0:00.00 irq/191-aerdrv
    193 root     -51   0       0      0      0 S   0.0   0.0   0:00.00 irq/193-tegra-p
    196 root     -51   0       0      0      0 S   0.0   0.0   0:00.00 irq/193-aerdrv
    197 root     -51   0       0      0      0 S   0.0   0.0   0:00.00 irq/195-tegra-p
    199 root     -51   0       0      0      0 S   0.0   0.0   0:00.00 irq/232-nvme0q0
    200 root     -51   0       0      0      0 S   0.0   0.0   0:00.25 irq/233-nvme0q1
    201 root     -51   0       0      0      0 S   0.0   0.0   0:00.29 irq/234-nvme0q2
    202 root     -51   0       0      0      0 S   0.0   0.0   0:00.43 irq/235-nvme0q3
    203 root     -51   0       0      0      0 S   0.0   0.0   0:00.55 irq/236-nvme0q4
    204 root     -51   0       0      0      0 S   0.0   0.0   0:00.13 irq/237-nvme0q5
    205 root     -51   0       0      0      0 S   0.0   0.0   0:00.09 irq/238-nvme0q6
    211 root       0 -20       0      0      0 I   0.0   0.0   0:00.05 kworker/4:1H-kblockd
    212 root      20   0       0      0      0 S   0.0   0.0   0:00.89 jbd2/nvme0n1p1-
    213 root       0 -20       0      0      0 I   0.0   0.0   0:00.00 ext4-rsv-conver
    222 root       0 -20       0      0      0 I   0.0   0.0   0:00.00 mld
    223 root       0 -20       0      0      0 I   0.0   0.0   0:00.03 kworker/0:1H-kblockd
    224 root       0 -20       0      0      0 I   0.0   0.0   0:00.00 ipv6_addrconf
    278 root       0 -20       0      0      0 I   0.0   0.0   0:00.07 kworker/2:1H-kblockd
    280 root      39  19       0      0      0 S   0.0   0.0   0:00.48 nvmap-bz
    281 root     -51   0       0      0      0 S   0.0   0.0   0:00.00 irq/188-host1x_
    285 root     -51   0       0      0      0 S   0.0   0.0   0:00.00 irq/197-gk20a_s
    286 root     -51   0       0      0      0 S   0.0   0.0   0:00.01 irq/198-gk20a_s
    287 root     -51   0       0      0      0 S   0.0   0.0   0:00.01 irq/199-gk20a_s
    288 root     -51   0       0      0      0 S   0.0   0.0   0:00.00 irq/200-gk20a_n
    291 root       0 -20       0      0      0 I   0.0   0.0   0:00.04 kworker/5:1H-kblockd
    295 root      20   0   11116   3460   3204 S   0.0   0.0   0:00.00 nv-tee-supplica
    299 root      20   0   76588   1360   1248 S   0.0   0.0   0:00.01 tee-supplicant
    301 root       0 -20       0      0      0 I   0.0   0.0   0:00.00 optee_bus_scan
    303 root     -51   0       0      0      0 S   0.0   0.0   0:00.00 irq/189-tegra-p
    312 root      20   0   23732   6316   4080 S   0.0   0.1   0:17.83 systemd-udevd
    313 root     -51   0       0      0      0 S   0.0   0.0   0:00.00 irq/189-aerdrv
    314 root      20   0   23216   5812   3992 S   0.0   0.1   0:00.38 systemd-udevd
    315 root      20   0   23216   5020   3248 S   0.0   0.1   0:00.15 systemd-udevd
    316 root      20   0   23268   6224   4288 S   0.0   0.1   0:00.16 systemd-udevd
    317 root      20   0   23220   4364   2600 S   0.0   0.1   0:00.11 systemd-udevd
    318 root      20   0   23216   4480   2672 S   0.0   0.1   0:00.12 systemd-udevd
    319 root      20   0   23212   5812   3980 S   0.0   0.1   0:00.28 systemd-udevd
    320 root      20   0   23264   4688   2764 S   0.0   0.1   0:00.13 systemd-udevd
    321 root      20   0   23268   5072   3136 S   0.0   0.1   0:00.18 systemd-udevd
    322 root      20   0   23524   5520   3456 S   0.0   0.1   0:00.26 systemd-udevd
    323 root      20   0   23216   6280   4444 S   0.0   0.1   0:00.37 systemd-udevd
    324 root      20   0   23220   5196   3388 S   0.0   0.1   0:00.16 systemd-udevd
    325 root      20   0   23220   5820   3976 S   0.0   0.1   0:00.37 systemd-udevd
    326 root      20   0   23220   5236   3388 S   0.0   0.1   0:00.39 systemd-udevd
    327 root      20   0   23220   5468   3656 S   0.0   0.1   0:00.18 systemd-udevd
    330 root      20   0   23512   5728   3684 S   0.0   0.1   0:00.14 systemd-udevd
    331 root      20   0   24292   5540   2676 S   0.0   0.1   0:00.16 systemd-udevd
    333 root      20   0   23524   5596   3532 S   0.0   0.1   0:00.26 systemd-udevd
    334 root      20   0   23220   5080   3240 S   0.0   0.1   0:00.25 systemd-udevd
    335 root      20   0   23220   4504   2708 S   0.0   0.1   0:00.11 systemd-udevd
    336 root      20   0   23220   4696   2892 S   0.0   0.1   0:00.14 systemd-udevd
    337 root      20   0   23524   5056   2992 S   0.0   0.1   0:00.16 systemd-udevd
    339 root      20   0   23220   4980   3148 S   0.0   0.1   0:00.17 systemd-udevd
    341 root      20   0   23276   5328   3384 S   0.0   0.1   0:00.13 systemd-udevd
    342 root      20   0   23280   5176   3228 S   0.0   0.1   0:00.13 systemd-udevd
    343 root      20   0   23220   5984   4152 S   0.0   0.1   0:00.30 systemd-udevd
    344 root      20   0   23560   6700   4596 S   0.0   0.1   0:00.48 systemd-udevd
    345 root      20   0       0      0      0 S   0.0   0.0   0:00.00 15820000.crypto
    346 root      20   0       0      0      0 S   0.0   0.0   0:00.00 15840000.crypto
    368 root      20   0   23324   5984   4116 S   0.0   0.1   0:00.40 systemd-udevd
    417 root     -51   0       0      0      0 S   0.0   0.0   0:00.00 irq/219-bc00000
    419 root      -2   0       0      0      0 S   0.0   0.0   0:00.00 capture-control
    420 root      -2   0       0      0      0 S   0.0   0.0   0:00.00 capture
    422 root     -51   0       0      0      0 S   0.0   0.0   0:00.00 irq/214-tegra_d
    423 root     -51   0       0      0      0 S   0.0   0.0   0:00.00 irq/215-tegra_d
    424 root       0 -20       0      0      0 I   0.0   0.0   0:00.00 dce-async-ipc-w
    425 root     -51   0       0      0      0 S   0.0   0.0   0:00.00 irq/240-nvvrs-p
    427 root      20   0       0      0      0 S   0.0   0.0   0:00.00 nv_queue
    428 root      20   0       0      0      0 S   0.0   0.0   0:00.00 nv_queue
    483 root     -51   0       0      0      0 S   0.0   0.0   0:00.00 irq/118-3210000
    487 root      20   0       0      0      0 S   0.0   0.0   0:00.00 spi0
    495 root       0 -20       0      0      0 I   0.0   0.0   0:00.00 cfg80211
    497 root     -51   0       0      0      0 S   0.0   0.0   0:00.00 irq/119-3230000
    498 root      20   0       0      0      0 S   0.0   0.0   0:00.00 spi1
    584 root       0 -20       0      0      0 I   0.0   0.0   0:00.00 btfwwork
    650 root      20   0    8236   6424   1432 S   0.0   0.1   0:00.57 haveged
    653 _rpc      20   0    7932   2264   1912 S   0.0   0.0   0:00.02 rpcbind
    659 systemd+  20   0   26320  13580   8496 S   0.0   0.2   0:00.40 systemd-resolve
    662 systemd+  20   0   88880   6332   5484 S   0.0   0.1   0:00.13 systemd-timesyn
    826 avahi     20   0    8084   3108   2752 S   0.0   0.0   0:00.48 avahi-daemon
    827 root      20   0    9888   4552   4112 S   0.0   0.1   0:00.07 bluetoothd
    838 root      20   0   43504  19780  10232 S   0.0   0.3   0:00.15 networkd-dispat
    849 root      20   0  241652   9056   6312 S   0.0   0.1   0:00.40 power-profiles-
    854 syslog    20   0  222160   5012   3672 S   0.0   0.1   0:03.50 rsyslogd
    859 root      20   0    2240    796    720 S   0.0   0.0   0:00.00 seatd
    865 root      20   0 2145956  51796  25768 S   0.0   0.7   0:25.65 snapd
    867 root      20   0  242124   7452   6576 S   0.0   0.1   0:01.40 accounts-daemon
    869 root      20   0  238128   6232   5620 S   0.0   0.1   0:00.04 switcheroo-cont
    874 root      20   0  394188  13988   9476 S   0.0   0.2   0:00.82 udisksd
    875 root      20   0   16632   9928   8148 S   0.0   0.1   0:00.89 wpa_supplicant
    882 avahi     20   0    7812    356      0 S   0.0   0.0   0:00.00 avahi-daemon
    921 root      30  10   11248   3612   3220 S   0.0   0.0   0:05.60 wifi_mon.sh
    983 root      20   0    2460   1556   1380 S   0.0   0.0   0:05.37 nvfancontrol
   1049 root      20   0       0      0      0 S   0.0   0.0   0:00.00 sw-quiesce
   1052 root      20   0       0      0      0 S   0.0   0.0   0:13.45 nvgpu_channel_p
   1068 root      20   0       0      0      0 S   0.0   0.0   0:00.00 nvgpu_pg_init_g
   1087 root      20   0       0      0      0 S   0.0   0.0   0:00.00 nvgpu_clk_arb_p
   1117 root      20   0       0      0      0 S   0.0   0.0   0:05.08 RTW_CMD_THREAD
   1157 root      20   0   75936   9960   8136 S   0.0   0.1   0:00.01 nvargus-daemon
   1158 root      20   0   11116   3520   3220 S   0.0   0.0   0:00.05 nvmemwarning.sh
   1171 root      20   0   22192   1776   1580 S   0.0   0.0   0:00.00 nvs-service
   1181 ollama    20   0 2006720  39588  20072 S   0.0   0.5   0:00.74 ollama
   1195 root      20   0    2336   1408   1292 S   0.0   0.0   0:01.96 run-cups-browse
   1201 root      20   0    2336   1424   1296 S   0.0   0.0   0:02.02 run-cupsd
   1204 root      20   0       0      0      0 S   0.0   0.0   0:00.00 pr/ramoops-1
   1239 root      20   0   10772   2824   2576 S   0.0   0.0   0:00.04 cron
   1259 root      20   0  243128   8056   7012 S   0.0   0.1   0:00.02 gdm3
   1263 kernoops  20   0   12812    452      0 S   0.0   0.0   0:00.01 kerneloops
   1290 root      20   0    9468    800    724 S   0.0   0.0   0:00.00 agetty
   1291 kernoops  20   0   12812    452      0 S   0.0   0.0   0:00.01 kerneloops
   1293 root      20   0    9468    804    724 S   0.0   0.0   0:00.00 agetty
   1330 root      20   0  173408   8804   7628 S   0.0   0.1   0:00.02 gdm-session-wor
   1417 root      20   0       0      0      0 S   0.0   0.0   0:00.00 file-storage
   1426 root      20   0   15272   8368   6788 S   0.0   0.1   0:00.48 sshd
   1474 gdm       20   0   18120   9728   7360 S   0.0   0.1   0:00.41 systemd
   1478 root      20   0    3076    992    880 S   0.0   0.0   0:00.00 nvphsd
   1483 root      20   0    3208   1476   1316 S   0.0   0.0   0:00.00 nvphsd
   1497 gdm       20   0  106692   4552      0 S   0.0   0.1   0:00.00 (sd-pam)
   1588 root      20   0 2352492  96592  56580 S   0.0   1.2   0:04.98 dockerd
   1688 gdm        9 -11   41972   6472   5156 S   0.0   0.1   0:00.05 pipewire
   1689 gdm       20   0   25476   6428   5104 S   0.0   0.1   0:00.99 pipewire-media-
   1695 gdm       20   0  163948   5472   4964 S   0.0   0.1   0:00.00 gdm-x-session
   1697 root      20   0   24.2g  80524  35884 S   0.0   1.0   0:01.68 Xorg
   1698 rtkit     21   1  153504   1588   1380 S   0.0   0.0   0:00.21 rtkit-daemon
   1729 gdm       20   0    8840   3600   3212 S   0.0   0.0   0:00.02 dbus-daemon
   1748 root      20   0       0      0      0 S   0.0   0.0   0:00.00 nvidia-modeset/
   1749 root      20   0       0      0      0 S   0.0   0.0   0:00.00 nvidia-modeset/
   1752 root      20   0       0      0      0 S   0.0   0.0   0:00.00 nvidia
   1753 root      20   0       0      0      0 S   0.0   0.0   0:00.00 nv_queue
   1790 root      20   0       0      0      0 S   0.0   0.0   0:00.00 nvidia-drm-nv-t
   1791 root     -51   0       0      0      0 S   0.0   0.0   0:00.00 card1-crtc0
   1792 root     -51   0       0      0      0 S   0.0   0.0   0:00.00 card1-crtc1
   1980 gdm       20   0    5876   1552   1344 S   0.0   0.0   0:00.00 dbus-run-sessio
   1983 gdm       20   0    9108   4440   3588 S   0.0   0.1   0:00.13 dbus-daemon
   2035 gdm       20   0  597840  17824  12972 S   0.0   0.2   0:00.72 gnome-session-b
   2057 gdm       20   0  310068   8976   6272 S   0.0   0.1   0:00.00 at-spi-bus-laun
   2062 gdm       20   0    8692   3556   3168 S   0.0   0.0   0:00.00 dbus-daemon
   2092 gdm       20   0  237676   4964   4528 S   0.0   0.1   0:00.00 xdg-permission-
   2099 root      20   0  243852  10136   6984 S   0.0   0.1   0:00.34 upowerd
   2106 root      20   0  301608  19332  16408 S   0.0   0.2   0:01.06 packagekitd
   2110 gdm       20   0 2812288  25716  20860 S   0.0   0.3   0:00.08 gjs
   2113 gdm       20   0  163144   7196   6428 S   0.0   0.1   0:00.01 at-spi2-registr
   2141 gdm       20   0  468748   9856   7940 S   0.0   0.1   0:01.32 gsd-sharing
   2146 gdm       20   0  338880  14892  12620 S   0.0   0.2   0:00.06 gsd-wacom
   2148 gdm       20   0  451616  18896  16480 S   0.0   0.2   0:00.16 gsd-color
   2150 gdm       20   0  412392  17092  13292 S   0.0   0.2   0:00.04 gsd-keyboard
   2152 gdm       20   0  316864  13188   6244 S   0.0   0.2   0:00.10 ibus-daemon
   2156 gdm       20   0  326124   9848   8488 S   0.0   0.1   0:00.02 gsd-print-notif
   2166 gdm       20   0  242216   6512   5848 S   0.0   0.1   0:00.01 gvfsd
   2168 gdm       20   0  459796   6140   5436 S   0.0   0.1   0:00.39 gsd-rfkill
   2170 gdm       20   0  388312   7432   6528 S   0.0   0.1   0:00.01 gsd-smartcard
   2173 gdm       20   0  380556  16508  12504 S   0.0   0.2   0:00.03 gsd-datetime
   2183 gdm       20   0  864216  20108  17428 S   0.0   0.3   0:00.37 gsd-media-keys
   2184 gdm       20   0  237936   4760   4376 S   0.0   0.1   0:00.01 gsd-screensaver
   2185 gdm       20   0  322096  10392   7320 S   0.0   0.1   0:00.02 gsd-sound
   2186 gdm       20   0  312416   8104   5476 S   0.0   0.1   0:00.01 gsd-a11y-settin
   2193 gdm       20   0  313996   8944   6152 S   0.0   0.1   0:00.64 gsd-housekeepin
   2195 gdm       20   0  450004  20288  15904 S   0.0   0.3   0:00.37 gsd-power
   2218 gdm       20   0  347052  12608  10748 S   0.0   0.2   0:00.03 gsd-printer
   2221 gdm       20   0  239040   6576   5948 S   0.0   0.1   0:00.00 ibus-dconf
   2233 gdm       20   0  238936   5920   5488 S   0.0   0.1   0:00.00 ibus-portal
   2263 colord    20   0  247516  14492   8720 S   0.0   0.2   0:00.23 colord
   2285 gdm       20   0 2812300  27868  20904 S   0.0   0.4   0:00.09 gjs
   2349 gdm       20   0  165096   6516   5892 S   0.0   0.1   0:00.01 ibus-engine-sim
   2508 root      20   0  136716  13172   9512 S   0.0   0.2   0:00.61 cupsd
   2522 root      20   0  260792  17940  13508 S   0.0   0.2   0:01.23 cups-browsed
  11687 jetson    20   0   18140   9764   7368 S   0.0   0.1   0:00.32 systemd
  11688 jetson    20   0  172512   4632      0 S   0.0   0.1   0:00.00 (sd-pam)
  11696 jetson    20   0   41976   6552   5228 S   0.0   0.1   0:00.04 pipewire
  11749 jetson    20   0    8888   3620   3232 S   0.0   0.0   0:00.01 dbus-daemon
  11931 jetson    20   0  706564  62076  26432 S   0.0   0.8   1:20.12 python3
  12473 root      20   0 1233488  13236   6340 S   0.0   0.2   0:01.96 containerd-shim
  12502 jetson    20   0    5508    792    704 S   0.0   0.0   0:00.20 sleep
  12575 root      20   0   21760   4536   2952 S   0.0   0.1   0:34.27 systemd-udevd
  13234 jetson    20   0  203640  35476  13212 S   0.0   0.5   0:00.75 ros2
  13236 jetson    20   0 2070472  36080  17228 S   0.0   0.5   0:00.56 docker
  13238 jetson    20   0  428384  31060  15828 S   0.0   0.4   1:22.43 robot_state_pub
  13265 root      20   0 1232976  11192   5960 S   0.0   0.1   0:01.40 containerd-shim
  13294 root      20   0   49400  29204  14412 S   0.0   0.4   0:00.40 ros2
  13554 root      20   0   21760   4460   2932 S   0.0   0.1   0:00.03 systemd-udevd
  13555 root      20   0   21760   3352   1860 S   0.0   0.0   0:00.00 systemd-udevd
  13568 root      20   0   21760   3376   1864 S   0.0   0.0   0:00.02 systemd-udevd
  13569 root      20   0   21760   4136   2588 S   0.0   0.1   0:00.06 systemd-udevd
  13570 root      20   0   21764   4492   2960 S   0.0   0.1   0:00.05 systemd-udevd
  13571 root      20   0   21764   4108   2588 S   0.0   0.1   0:00.03 systemd-udevd
  13580 root      20   0   21764   4136   2588 S   0.0   0.1   0:00.04 systemd-udevd
  13581 root      20   0   21764   3708   2180 S   0.0   0.0   0:00.00 systemd-udevd
  13582 root      20   0   21764   4268   2704 S   0.0   0.1   0:00.06 systemd-udevd
  13594 root      20   0   21764   3408   1864 S   0.0   0.0   0:00.01 systemd-udevd
  13595 root      20   0   21764   4012   2468 S   0.0   0.1   0:00.02 systemd-udevd
  33484 root      20   0       0      0      0 I   0.0   0.0   0:12.36 kworker/u12:0-events_freezable_power_
  34263 root      20   0       0      0      0 I   0.0   0.0   0:14.91 kworker/u12:2-events_power_efficient
  49116 root      20   0       0      0      0 I   0.0   0.0   0:00.65 kworker/0:0-events
  90870 root      20   0       0      0      0 I   0.0   0.0   0:11.76 kworker/u12:11-events_freezable_power_
  98217 root      20   0  238836   6944   5696 S   0.0   0.1   0:02.21 iio-sensor-prox
 100141 root      20   0       0      0      0 I   0.0   0.0   0:09.70 kworker/u12:6-events_unbound
 149635 root      20   0       0      0      0 I   0.0   0.0   0:00.45 kworker/3:0-events
 199974 root      20   0       0      0      0 I   0.0   0.0   0:05.37 kworker/u12:1-events_unbound
 205195 root       0 -20       0      0      0 I   0.0   0.0   0:09.97 kworker/u13:0-uvcvideo
 211464 root      20   0       0      0      0 I   0.0   0.0   0:04.85 kworker/u12:7-events_unbound
 219316 root       0 -20       0      0      0 I   0.0   0.0   0:09.29 kworker/u13:3-uvcvideo
 234404 root      20   0       0      0      0 I   0.0   0.0   0:00.55 kworker/5:0-events
 253037 root      20   0       0      0      0 I   0.0   0.0   0:02.70 kworker/u12:8-events_unbound
 271538 root      20   0  410228  41960  21380 S   0.0   0.5   0:01.38 fwupd
 278878 root      20   0       0      0      0 I   0.0   0.0   0:00.09 kworker/4:2-events
 284193 root      20   0       0      0      0 I   0.0   0.0   0:01.56 kworker/u12:3-events_unbound
 289098 jetson    20   0  572504  38648  13228 S   0.0   0.5   0:00.95 ros2
 289121 jetson    20   0 1082820  58716  26356 S   0.0   0.8   0:30.84 foxglove_bridge
 290503 jetson    20   0  129772  34672  13228 S   0.0   0.4   0:00.69 ros2
 295127 root      20   0       0      0      0 I   0.0   0.0   0:00.02 kworker/1:3-cgroup_destroy
 295225 root      20   0       0      0      0 I   0.0   0.0   0:00.00 kworker/3:1-events
 298318 root      20   0       0      0      0 I   0.0   0.0   0:00.00 kworker/4:0-events
 298521 root      20   0       0      0      0 I   0.0   0.0   0:00.00 kworker/5:1-cgroup_destroy
 301519 root      20   0       0      0      0 I   0.0   0.0   0:00.04 kworker/0:1-events
 301563 root      20   0       0      0      0 I   0.0   0.0   0:00.00 kworker/2:0-cgroup_destroy
 301980 jetson    20   0   53568  30336  15004 S   0.0   0.4   0:00.44 ros2
 302359 root       0 -20       0      0      0 I   0.0   0.0   0:01.66 kworker/u13:2-uvcvideo
 303903 jetson    20   0  723188  40064  13216 S   0.0   0.5   0:01.30 ros2
 305476 root      20   0       0      0      0 I   0.0   0.0   0:00.79 kworker/u12:9-events_unbound
 314676 root      20   0       0      0      0 I   0.0   0.0   0:00.00 kworker/5:2-events
 314679 root      20   0       0      0      0 I   0.0   0.0   0:00.00 kworker/2:1-events
 314725 root      20   0       0      0      0 I   0.0   0.0   0:00.00 kworker/0:2
 314862 root      20   0       0      0      0 I   0.0   0.0   0:00.00 kworker/1:0-events
 315002 root      20   0       0      0      0 I   0.0   0.0   0:00.00 kworker/2:2
 316431 root      20   0    9436    772    692 S   0.0   0.0   0:00.00 sleep
 316651 root      20   0       0      0      0 I   0.0   0.0   0:00.01 kworker/3:2-events
 316919 jetson    20   0   11248   3308   2868 S   0.0   0.0   0:00.03 bash
 318996 jetson    20   0   11248   3304   2868 S   0.0   0.0   0:00.01 bash
 319246 jetson    20   0    9480    820    736 S   0.0   0.0   0:00.00 tail
 320065 root      30  10    9436    780    704 S   0.0   0.0   0:00.00 sleep
 320253 root       0 -20       0      0      0 I   0.0   0.0   0:00.00 kworker/u13:4-uvcvideo

top - 13:48:28 up  4:11,  0 users,  load average: 5.73, 5.14, 5.25
Tasks: 350 total,   6 running, 344 sleeping,   0 stopped,   0 zombie
%Cpu(s): 40.6 us,  8.8 sy,  0.0 ni, 46.1 id,  0.0 wa,  2.4 hi,  2.1 si,  0.0 st
MiB Mem :   7607.4 total,   2729.8 free,   2025.9 used,   2851.7 buff/cache
MiB Swap:   3803.7 total,   3803.7 free,      0.0 used.   5275.7 avail Mem 

    PID USER      PR  NI    VIRT    RES    SHR S  %CPU  %MEM     TIME+ COMMAND
 319245 jetson    20   0  753420  71560  29576 R  46.8   0.9   0:10.75 python3
 289467 jetson    20   0  709004  62292  27276 R  35.5   0.8   4:53.36 python3
 303945 jetson    20   0  963220  47516  23528 R  33.0   0.6   0:53.19 controller_serv
 319047 jetson    20   0  764356  56104  25376 S  23.6   0.7   0:07.00 ros2
 301995 jetson    20   0 9351040 403520  85056 S  16.7   5.2   1:23.46 nvblox_node
 303953 jetson    20   0  531168  46396  26216 R  16.3   0.6   0:44.48 bt_navigator
 289115 jetson    20   0  711212  66764  27276 S  15.3   0.9   2:15.26 python3
 289117 jetson    20   0  432948  28320  14224 S  14.3   0.4   2:12.97 rplidar_node
 289113 jetson    20   0 1748412 107168  51312 S  13.3   1.4   1:57.88 realsense2_came
 290529 jetson    20   0 1062448  54440  24360 S  12.8   0.7   0:34.93 async_slam_tool
 289469 jetson    20   0  506204  34000  18400 R  11.3   0.4   1:34.80 ekf_node
 303949 jetson    20   0 1209768  92028  42832 S  10.8   1.2   0:49.66 planner_server
 303985 jetson    20   0  577392  31576  16252 S  10.3   0.4   0:50.01 lifecycle_manag
 289119 jetson    20   0  708116  63664  27448 S   9.4   0.8   1:14.74 python3
 303943 jetson    20   0  709520  64224  27412 S   8.9   0.8   0:22.74 python3
 303951 jetson    20   0  516316  35092  21016 S   7.4   0.5   0:34.68 behavior_server
 303947 jetson    20   0  664664  33136  19416 S   6.4   0.4   0:29.41 smoother_server
 303955 jetson    20   0  431300  29232  17008 S   5.9   0.4   0:24.53 waypoint_follow
 303973 jetson    20   0  428560  27816  15960 S   5.9   0.4   0:24.72 velocity_smooth
  13320 root      20   0 1300240  43632  11392 S   4.9   0.6  17:29.92 micro_ros_agent
    904 root      rt   0       0      0      0 S   1.5   0.0   1:04.17 sugov:0
    909 root      rt   0       0      0      0 S   1.5   0.0   0:30.45 sugov:4
 319048 jetson    20   0   14344   3368   2772 R   1.5   0.0   0:00.27 top
 211464 root      20   0       0      0      0 I   1.0   0.0   0:04.87 kworker/u12:7-events_freezable_power_
 320253 root       0 -20       0      0      0 I   1.0   0.0   0:00.02 kworker/u13:4-uvcvideo
     15 root      20   0       0      0      0 I   0.5   0.0   0:05.84 rcu_preempt
    340 root      20   0   23544   6732   4608 S   0.5   0.1   1:00.06 systemd-udevd
  12575 root      20   0   21760   4536   2952 S   0.5   0.1   0:34.28 systemd-udevd
  13238 jetson    20   0  428384  31060  15828 S   0.5   0.4   1:22.44 robot_state_pub
  90870 root      20   0       0      0      0 I   0.5   0.0   0:11.77 kworker/u12:11-events_unbound
 253037 root      20   0       0      0      0 I   0.5   0.0   0:02.71 kworker/u12:8-events_freezable_power_
 302359 root       0 -20       0      0      0 I   0.5   0.0   0:01.67 kworker/u13:2-uvcvideo
 303903 jetson    20   0  723188  40064  13216 S   0.5   0.5   0:01.31 ros2
      1 root      20   0  167628  11768   7448 S   0.0   0.2   0:20.49 systemd
      2 root      20   0       0      0      0 S   0.0   0.0   0:00.02 kthreadd
      3 root       0 -20       0      0      0 I   0.0   0.0   0:00.00 rcu_gp
      4 root       0 -20       0      0      0 I   0.0   0.0   0:00.00 rcu_par_gp
      5 root       0 -20       0      0      0 I   0.0   0.0   0:00.00 slub_flushwq
      6 root       0 -20       0      0      0 I   0.0   0.0   0:00.00 netns
      8 root       0 -20       0      0      0 I   0.0   0.0   0:00.00 kworker/0:0H-events_highpri
     10 root       0 -20       0      0      0 I   0.0   0.0   0:00.00 mm_percpu_wq
     11 root      20   0       0      0      0 S   0.0   0.0   0:00.00 rcu_tasks_kthre
     12 root      20   0       0      0      0 S   0.0   0.0   0:00.00 rcu_tasks_rude_
     13 root      20   0       0      0      0 S   0.0   0.0   0:00.00 rcu_tasks_trace
     14 root      20   0       0      0      0 S   0.0   0.0   0:13.42 ksoftirqd/0
     16 root      rt   0       0      0      0 S   0.0   0.0   0:00.01 migration/0
     17 root      20   0       0      0      0 S   0.0   0.0   0:00.00 cpuhp/0
     18 root      20   0       0      0      0 S   0.0   0.0   0:00.00 cpuhp/1
     19 root      rt   0       0      0      0 S   0.0   0.0   0:00.01 migration/1
     20 root      20   0       0      0      0 S   0.0   0.0   0:00.83 ksoftirqd/1
     22 root       0 -20       0      0      0 I   0.0   0.0   0:00.00 kworker/1:0H-events_highpri
     23 root      20   0       0      0      0 S   0.0   0.0   0:00.00 cpuhp/2
     24 root      rt   0       0      0      0 S   0.0   0.0   0:00.00 migration/2
     25 root      20   0       0      0      0 S   0.0   0.0   0:00.84 ksoftirqd/2
     27 root       0 -20       0      0      0 I   0.0   0.0   0:00.00 kworker/2:0H-events_highpri
     28 root      20   0       0      0      0 S   0.0   0.0   0:00.00 cpuhp/3
     29 root      rt   0       0      0      0 S   0.0   0.0   0:00.00 migration/3
     30 root      20   0       0      0      0 S   0.0   0.0   0:00.78 ksoftirqd/3
     32 root       0 -20       0      0      0 I   0.0   0.0   0:00.00 kworker/3:0H-events_highpri
     33 root      20   0       0      0      0 S   0.0   0.0   0:00.00 cpuhp/4
     34 root      rt   0       0      0      0 S   0.0   0.0   0:00.03 migration/4
     35 root      20   0       0      0      0 S   0.0   0.0   0:00.58 ksoftirqd/4
     37 root       0 -20       0      0      0 I   0.0   0.0   0:00.00 kworker/4:0H-kblockd
     38 root      20   0       0      0      0 S   0.0   0.0   0:00.00 cpuhp/5
     39 root      rt   0       0      0      0 S   0.0   0.0   0:00.03 migration/5
     40 root      20   0       0      0      0 S   0.0   0.0   0:00.59 ksoftirqd/5
     42 root       0 -20       0      0      0 I   0.0   0.0   0:00.00 kworker/5:0H-events_highpri
     43 root      20   0       0      0      0 S   0.0   0.0   0:00.01 kdevtmpfs
     44 root       0 -20       0      0      0 I   0.0   0.0   0:00.00 inet_frag_wq
     51 root      20   0       0      0      0 S   0.0   0.0   0:00.00 kauditd
     52 root      20   0       0      0      0 S   0.0   0.0   0:00.00 oom_reaper
     53 root       0 -20       0      0      0 I   0.0   0.0   0:00.00 writeback
     54 root      20   0       0      0      0 S   0.0   0.0   0:00.12 kcompactd0
     55 root      25   5       0      0      0 S   0.0   0.0   0:00.00 ksmd
     56 root      39  19       0      0      0 S   0.0   0.0   0:01.27 khugepaged
     67 root       0 -20       0      0      0 I   0.0   0.0   0:00.00 cryptd
     86 root       0 -20       0      0      0 I   0.0   0.0   0:00.00 kintegrityd
     87 root       0 -20       0      0      0 I   0.0   0.0   0:00.00 kblockd
     88 root       0 -20       0      0      0 I   0.0   0.0   0:00.00 blkcg_punt_bio
     89 root       0 -20       0      0      0 I   0.0   0.0   0:00.00 tpm_dev_wq
     90 root       0 -20       0      0      0 I   0.0   0.0   0:00.00 ata_sff
     91 root       0 -20       0      0      0 I   0.0   0.0   0:00.00 edac-poller
     92 root       0 -20       0      0      0 I   0.0   0.0   0:00.00 devfreq_wq
     93 root     -51   0       0      0      0 S   0.0   0.0   0:00.00 watchdogd
     96 root       0 -20       0      0      0 I   0.0   0.0   0:00.05 kworker/1:1H-kblockd
     97 root       0 -20       0      0      0 I   0.0   0.0   0:00.00 rpciod
     99 root       0 -20       0      0      0 I   0.0   0.0   0:00.00 xprtiod
    127 root      20   0       0      0      0 S   0.0   0.0   0:00.00 kswapd0
    128 root       0 -20       0      0      0 I   0.0   0.0   0:00.00 nfsiod
    132 root       0 -20       0      0      0 I   0.0   0.0   0:00.00 vfio-irqfd-clea
    133 root       0 -20       0      0      0 I   0.0   0.0   0:00.00 bch_btree_io
    134 root       0 -20       0      0      0 I   0.0   0.0   0:00.00 bcache
    135 root       0 -20       0      0      0 I   0.0   0.0   0:00.00 bch_journal
    136 root       0 -20       0      0      0 I   0.0   0.0   0:00.00 dm_bufio_cache
    137 root      20   0       0      0      0 I   0.0   0.0   0:01.56 kworker/1:2-events
    139 root      20   0       0      0      0 I   0.0   0.0   0:00.99 kworker/2:3-events
    140 root      10 -10       0      0      0 S   0.0   0.0   0:00.00 krfcommd
    141 root      20   0       0      0      0 S   0.0   0.0   0:00.01 pr/tty0
    142 root      20   0       0      0      0 S   0.0   0.0   0:03.05 pr/ttyTCU0
    145 root     -51   0       0      0      0 S   0.0   0.0   0:00.00 irq/114-3160000
    147 root     -51   0       0      0      0 S   0.0   0.0   0:00.00 irq/115-3180000
    149 root     -51   0       0      0      0 S   0.0   0.0   0:00.00 irq/116-31b0000
    150 root     -51   0       0      0      0 S   0.0   0.0   0:00.02 irq/167-c240000
    151 root     -51   0       0      0      0 S   0.0   0.0   0:00.00 irq/168-c250000
    152 root     -51   0       0      0      0 S   0.0   0.0   0:00.00 irq/125-3610000
    153 root     -51   0       0      0      0 S   0.0   0.0   0:00.00 irq/122-3610000
    155 root       0 -20       0      0      0 I   0.0   0.0   0:00.00 sdhci
    156 root     -51   0       0      0      0 S   0.0   0.0   0:00.00 irq/120-mmc0
    157 root     -51   0       0      0      0 S   0.0   0.0   0:00.00 irq/230-3400000
    174 root       0 -20       0      0      0 I   0.0   0.0   0:00.05 kworker/3:1H-kblockd
    180 root     -51   0       0      0      0 S   0.0   0.0   0:00.00 irq/191-tegra-p
    181 root       0 -20       0      0      0 I   0.0   0.0   0:00.00 nvme-wq
    182 root       0 -20       0      0      0 I   0.0   0.0   0:00.00 nvme-reset-wq
    183 root       0 -20       0      0      0 I   0.0   0.0   0:00.00 nvme-delete-wq
    192 root     -51   0       0      0      0 S   0.0   0.0   0:00.00 irq/191-aerdrv
    193 root     -51   0       0      0      0 S   0.0   0.0   0:00.00 irq/193-tegra-p
    196 root     -51   0       0      0      0 S   0.0   0.0   0:00.00 irq/193-aerdrv
    197 root     -51   0       0      0      0 S   0.0   0.0   0:00.00 irq/195-tegra-p
    199 root     -51   0       0      0      0 S   0.0   0.0   0:00.00 irq/232-nvme0q0
    200 root     -51   0       0      0      0 S   0.0   0.0   0:00.25 irq/233-nvme0q1
    201 root     -51   0       0      0      0 S   0.0   0.0   0:00.29 irq/234-nvme0q2
    202 root     -51   0       0      0      0 S   0.0   0.0   0:00.43 irq/235-nvme0q3
    203 root     -51   0       0      0      0 S   0.0   0.0   0:00.55 irq/236-nvme0q4
    204 root     -51   0       0      0      0 S   0.0   0.0   0:00.13 irq/237-nvme0q5
    205 root     -51   0       0      0      0 S   0.0   0.0   0:00.09 irq/238-nvme0q6
    211 root       0 -20       0      0      0 I   0.0   0.0   0:00.05 kworker/4:1H-kblockd
    212 root      20   0       0      0      0 S   0.0   0.0   0:00.89 jbd2/nvme0n1p1-
    213 root       0 -20       0      0      0 I   0.0   0.0   0:00.00 ext4-rsv-conver
    222 root       0 -20       0      0      0 I   0.0   0.0   0:00.00 mld
    223 root       0 -20       0      0      0 I   0.0   0.0   0:00.03 kworker/0:1H-kblockd
    224 root       0 -20       0      0      0 I   0.0   0.0   0:00.00 ipv6_addrconf
    256 root      19  -1   48840  14960  13348 S   0.0   0.2   0:17.97 systemd-journal
    278 root       0 -20       0      0      0 I   0.0   0.0   0:00.07 kworker/2:1H-kblockd
    280 root      39  19       0      0      0 S   0.0   0.0   0:00.48 nvmap-bz
    281 root     -51   0       0      0      0 S   0.0   0.0   0:00.00 irq/188-host1x_
    285 root     -51   0       0      0      0 S   0.0   0.0   0:00.00 irq/197-gk20a_s
    286 root     -51   0       0      0      0 S   0.0   0.0   0:00.01 irq/198-gk20a_s
    287 root     -51   0       0      0      0 S   0.0   0.0   0:00.01 irq/199-gk20a_s
    288 root     -51   0       0      0      0 S   0.0   0.0   0:00.00 irq/200-gk20a_n
    291 root       0 -20       0      0      0 I   0.0   0.0   0:00.04 kworker/5:1H-kblockd
    295 root      20   0   11116   3460   3204 S   0.0   0.0   0:00.00 nv-tee-supplica
    299 root      20   0   76588   1360   1248 S   0.0   0.0   0:00.01 tee-supplicant
    301 root       0 -20       0      0      0 I   0.0   0.0   0:00.00 optee_bus_scan
    303 root     -51   0       0      0      0 S   0.0   0.0   0:00.00 irq/189-tegra-p
    312 root      20   0   23732   6316   4080 S   0.0   0.1   0:17.83 systemd-udevd
    313 root     -51   0       0      0      0 S   0.0   0.0   0:00.00 irq/189-aerdrv
    314 root      20   0   23216   5812   3992 S   0.0   0.1   0:00.38 systemd-udevd
    315 root      20   0   23216   5020   3248 S   0.0   0.1   0:00.15 systemd-udevd
    316 root      20   0   23268   6224   4288 S   0.0   0.1   0:00.16 systemd-udevd
    317 root      20   0   23220   4364   2600 S   0.0   0.1   0:00.11 systemd-udevd
    318 root      20   0   23216   4480   2672 S   0.0   0.1   0:00.12 systemd-udevd
    319 root      20   0   23212   5812   3980 S   0.0   0.1   0:00.28 systemd-udevd
    320 root      20   0   23264   4688   2764 S   0.0   0.1   0:00.13 systemd-udevd
    321 root      20   0   23268   5072   3136 S   0.0   0.1   0:00.18 systemd-udevd
    322 root      20   0   23524   5520   3456 S   0.0   0.1   0:00.26 systemd-udevd
    323 root      20   0   23216   6280   4444 S   0.0   0.1   0:00.37 systemd-udevd
    324 root      20   0   23220   5196   3388 S   0.0   0.1   0:00.16 systemd-udevd
    325 root      20   0   23220   5820   3976 S   0.0   0.1   0:00.37 systemd-udevd
    326 root      20   0   23220   5236   3388 S   0.0   0.1   0:00.39 systemd-udevd
    327 root      20   0   23220   5468   3656 S   0.0   0.1   0:00.18 systemd-udevd
    330 root      20   0   23512   5728   3684 S   0.0   0.1   0:00.14 systemd-udevd
    331 root      20   0   24292   5540   2676 S   0.0   0.1   0:00.16 systemd-udevd
    333 root      20   0   23524   5596   3532 S   0.0   0.1   0:00.26 systemd-udevd
    334 root      20   0   23220   5080   3240 S   0.0   0.1   0:00.25 systemd-udevd
    335 root      20   0   23220   4504   2708 S   0.0   0.1   0:00.11 systemd-udevd
    336 root      20   0   23220   4696   2892 S   0.0   0.1   0:00.14 systemd-udevd
    337 root      20   0   23524   5056   2992 S   0.0   0.1   0:00.16 systemd-udevd
    339 root      20   0   23220   4980   3148 S   0.0   0.1   0:00.17 systemd-udevd
    341 root      20   0   23276   5328   3384 S   0.0   0.1   0:00.13 systemd-udevd
    342 root      20   0   23280   5176   3228 S   0.0   0.1   0:00.13 systemd-udevd
    343 root      20   0   23220   5984   4152 S   0.0   0.1   0:00.30 systemd-udevd
    344 root      20   0   23560   6700   4596 S   0.0   0.1   0:00.48 systemd-udevd
    345 root      20   0       0      0      0 S   0.0   0.0   0:00.00 15820000.crypto
    346 root      20   0       0      0      0 S   0.0   0.0   0:00.00 15840000.crypto
    368 root      20   0   23324   5984   4116 S   0.0   0.1   0:00.40 systemd-udevd
    417 root     -51   0       0      0      0 S   0.0   0.0   0:00.00 irq/219-bc00000
    419 root      -2   0       0      0      0 S   0.0   0.0   0:00.00 capture-control
    420 root      -2   0       0      0      0 S   0.0   0.0   0:00.00 capture
    422 root     -51   0       0      0      0 S   0.0   0.0   0:00.00 irq/214-tegra_d
    423 root     -51   0       0      0      0 S   0.0   0.0   0:00.00 irq/215-tegra_d
    424 root       0 -20       0      0      0 I   0.0   0.0   0:00.00 dce-async-ipc-w
    425 root     -51   0       0      0      0 S   0.0   0.0   0:00.00 irq/240-nvvrs-p
    427 root      20   0       0      0      0 S   0.0   0.0   0:00.00 nv_queue
    428 root      20   0       0      0      0 S   0.0   0.0   0:00.00 nv_queue
    483 root     -51   0       0      0      0 S   0.0   0.0   0:00.00 irq/118-3210000
    487 root      20   0       0      0      0 S   0.0   0.0   0:00.00 spi0
    495 root       0 -20       0      0      0 I   0.0   0.0   0:00.00 cfg80211
    497 root     -51   0       0      0      0 S   0.0   0.0   0:00.00 irq/119-3230000
    498 root      20   0       0      0      0 S   0.0   0.0   0:00.00 spi1
    584 root       0 -20       0      0      0 I   0.0   0.0   0:00.00 btfwwork
    650 root      20   0    8236   6424   1432 S   0.0   0.1   0:00.57 haveged
    653 _rpc      20   0    7932   2264   1912 S   0.0   0.0   0:00.02 rpcbind
    659 systemd+  20   0   26320  13580   8496 S   0.0   0.2   0:00.40 systemd-resolve
    662 systemd+  20   0   88880   6332   5484 S   0.0   0.1   0:00.13 systemd-timesyn
    826 avahi     20   0    8084   3108   2752 S   0.0   0.0   0:00.48 avahi-daemon
    827 root      20   0    9888   4552   4112 S   0.0   0.1   0:00.07 bluetoothd
    828 message+  20   0   10496   5632   3584 S   0.0   0.1   0:28.25 dbus-daemon
    829 root      20   0  264752  18684  14872 S   0.0   0.2   0:25.54 NetworkManager
    838 root      20   0   43504  19780  10232 S   0.0   0.3   0:00.15 networkd-dispat
    849 root      20   0  241652   9056   6312 S   0.0   0.1   0:00.40 power-profiles-
    854 syslog    20   0  222160   5012   3672 S   0.0   0.1   0:03.50 rsyslogd
    859 root      20   0    2240    796    720 S   0.0   0.0   0:00.00 seatd
    865 root      20   0 2145956  51796  25768 S   0.0   0.7   0:25.65 snapd
    867 root      20   0  242124   7452   6576 S   0.0   0.1   0:01.40 accounts-daemon
    869 root      20   0  238128   6232   5620 S   0.0   0.1   0:00.04 switcheroo-cont
    871 root      20   0   48968   7620   6296 S   0.0   0.1   0:02.47 systemd-logind
    874 root      20   0  394188  13988   9476 S   0.0   0.2   0:00.82 udisksd
    875 root      20   0   16632   9928   8148 S   0.0   0.1   0:00.89 wpa_supplicant
    882 avahi     20   0    7812    356      0 S   0.0   0.0   0:00.00 avahi-daemon
    921 root      30  10   11248   3612   3220 S   0.0   0.0   0:05.60 wifi_mon.sh
    969 root      20   0  237044  10468   6400 S   0.0   0.1   2:02.73 polkitd
    983 root      20   0    2460   1556   1380 S   0.0   0.0   0:05.37 nvfancontrol
   1049 root      20   0       0      0      0 S   0.0   0.0   0:00.00 sw-quiesce
   1052 root      20   0       0      0      0 S   0.0   0.0   0:13.45 nvgpu_channel_p
   1068 root      20   0       0      0      0 S   0.0   0.0   0:00.00 nvgpu_pg_init_g
   1087 root      20   0       0      0      0 S   0.0   0.0   0:00.00 nvgpu_clk_arb_p
   1117 root      20   0       0      0      0 S   0.0   0.0   0:05.08 RTW_CMD_THREAD
   1157 root      20   0   75936   9960   8136 S   0.0   0.1   0:00.01 nvargus-daemon
   1158 root      20   0   11116   3520   3220 S   0.0   0.0   0:00.05 nvmemwarning.sh
   1171 root      20   0   22192   1776   1580 S   0.0   0.0   0:00.00 nvs-service
   1181 ollama    20   0 2006720  39588  20072 S   0.0   0.5   0:00.74 ollama
   1195 root      20   0    2336   1408   1292 S   0.0   0.0   0:01.96 run-cups-browse
   1201 root      20   0    2336   1424   1296 S   0.0   0.0   0:02.02 run-cupsd
   1204 root      20   0       0      0      0 S   0.0   0.0   0:00.00 pr/ramoops-1
   1212 root      20   0 2093080  58448  33576 S   0.0   0.8   0:15.78 containerd
   1239 root      20   0   10772   2824   2576 S   0.0   0.0   0:00.04 cron
   1259 root      20   0  243128   8056   7012 S   0.0   0.1   0:00.02 gdm3
   1263 kernoops  20   0   12812    452      0 S   0.0   0.0   0:00.01 kerneloops
   1290 root      20   0    9468    800    724 S   0.0   0.0   0:00.00 agetty
   1291 kernoops  20   0   12812    452      0 S   0.0   0.0   0:00.01 kerneloops
   1293 root      20   0    9468    804    724 S   0.0   0.0   0:00.00 agetty
   1330 root      20   0  173408   8804   7628 S   0.0   0.1   0:00.02 gdm-session-wor
   1417 root      20   0       0      0      0 S   0.0   0.0   0:00.00 file-storage
   1426 root      20   0   15272   8368   6788 S   0.0   0.1   0:00.48 sshd
   1474 gdm       20   0   18120   9728   7360 S   0.0   0.1   0:00.41 systemd
   1478 root      20   0    3076    992    880 S   0.0   0.0   0:00.00 nvphsd
   1483 root      20   0    3208   1476   1316 S   0.0   0.0   0:00.00 nvphsd
   1497 gdm       20   0  106692   4552      0 S   0.0   0.1   0:00.00 (sd-pam)
   1588 root      20   0 2352492  96592  56580 S   0.0   1.2   0:04.98 dockerd
   1688 gdm        9 -11   41972   6472   5156 S   0.0   0.1   0:00.05 pipewire
   1689 gdm       20   0   25476   6428   5104 S   0.0   0.1   0:00.99 pipewire-media-
   1690 gdm        9 -11  891840  20748  12584 S   0.0   0.3   0:00.77 pulseaudio
   1695 gdm       20   0  163948   5472   4964 S   0.0   0.1   0:00.00 gdm-x-session
   1697 root      20   0   24.2g  80524  35884 S   0.0   1.0   0:01.68 Xorg
   1698 rtkit     21   1  153504   1588   1380 S   0.0   0.0   0:00.21 rtkit-daemon
   1729 gdm       20   0    8840   3600   3212 S   0.0   0.0   0:00.02 dbus-daemon
   1748 root      20   0       0      0      0 S   0.0   0.0   0:00.00 nvidia-modeset/
   1749 root      20   0       0      0      0 S   0.0   0.0   0:00.00 nvidia-modeset/
   1752 root      20   0       0      0      0 S   0.0   0.0   0:00.00 nvidia
   1753 root      20   0       0      0      0 S   0.0   0.0   0:00.00 nv_queue
   1790 root      20   0       0      0      0 S   0.0   0.0   0:00.00 nvidia-drm-nv-t
   1791 root     -51   0       0      0      0 S   0.0   0.0   0:00.00 card1-crtc0
   1792 root     -51   0       0      0      0 S   0.0   0.0   0:00.00 card1-crtc1
   1980 gdm       20   0    5876   1552   1344 S   0.0   0.0   0:00.00 dbus-run-sessio
   1983 gdm       20   0    9108   4440   3588 S   0.0   0.1   0:00.13 dbus-daemon
   2035 gdm       20   0  597840  17824  12972 S   0.0   0.2   0:00.72 gnome-session-b
   2057 gdm       20   0  310068   8976   6272 S   0.0   0.1   0:00.00 at-spi-bus-laun
   2062 gdm       20   0    8692   3556   3168 S   0.0   0.0   0:00.00 dbus-daemon
   2071 gdm       20   0 3471500 137204  73260 S   0.0   1.8   0:31.34 gnome-shell
   2092 gdm       20   0  237676   4964   4528 S   0.0   0.1   0:00.00 xdg-permission-
   2099 root      20   0  243852  10136   6984 S   0.0   0.1   0:00.34 upowerd
   2106 root      20   0  301608  19332  16408 S   0.0   0.2   0:01.06 packagekitd
   2110 gdm       20   0 2812288  25716  20860 S   0.0   0.3   0:00.08 gjs
   2113 gdm       20   0  163144   7196   6428 S   0.0   0.1   0:00.01 at-spi2-registr
   2141 gdm       20   0  468748   9856   7940 S   0.0   0.1   0:01.32 gsd-sharing
   2146 gdm       20   0  338880  14892  12620 S   0.0   0.2   0:00.06 gsd-wacom
   2148 gdm       20   0  451616  18896  16480 S   0.0   0.2   0:00.16 gsd-color
   2150 gdm       20   0  412392  17092  13292 S   0.0   0.2   0:00.04 gsd-keyboard
   2152 gdm       20   0  316864  13188   6244 S   0.0   0.2   0:00.10 ibus-daemon
   2156 gdm       20   0  326124   9848   8488 S   0.0   0.1   0:00.02 gsd-print-notif
   2166 gdm       20   0  242216   6512   5848 S   0.0   0.1   0:00.01 gvfsd
   2168 gdm       20   0  459796   6140   5436 S   0.0   0.1   0:00.39 gsd-rfkill
   2170 gdm       20   0  388312   7432   6528 S   0.0   0.1   0:00.01 gsd-smartcard
   2173 gdm       20   0  380556  16508  12504 S   0.0   0.2   0:00.03 gsd-datetime
   2183 gdm       20   0  864216  20108  17428 S   0.0   0.3   0:00.37 gsd-media-keys
   2184 gdm       20   0  237936   4760   4376 S   0.0   0.1   0:00.01 gsd-screensaver
   2185 gdm       20   0  322096  10392   7320 S   0.0   0.1   0:00.02 gsd-sound
   2186 gdm       20   0  312416   8104   5476 S   0.0   0.1   0:00.01 gsd-a11y-settin
   2193 gdm       20   0  313996   8944   6152 S   0.0   0.1   0:00.64 gsd-housekeepin
   2195 gdm       20   0  450004  20288  15904 S   0.0   0.3   0:00.37 gsd-power
   2218 gdm       20   0  347052  12608  10748 S   0.0   0.2   0:00.03 gsd-printer
   2221 gdm       20   0  239040   6576   5948 S   0.0   0.1   0:00.00 ibus-dconf
   2233 gdm       20   0  238936   5920   5488 S   0.0   0.1   0:00.00 ibus-portal
   2263 colord    20   0  247516  14492   8720 S   0.0   0.2   0:00.23 colord
   2285 gdm       20   0 2812300  27868  20904 S   0.0   0.4   0:00.09 gjs
   2349 gdm       20   0  165096   6516   5892 S   0.0   0.1   0:00.01 ibus-engine-sim
   2508 root      20   0  136716  13172   9512 S   0.0   0.2   0:00.61 cupsd
   2522 root      20   0  260792  17940  13508 S   0.0   0.2   0:01.23 cups-browsed
  11687 jetson    20   0   18140   9764   7368 S   0.0   0.1   0:00.32 systemd
  11688 jetson    20   0  172512   4632      0 S   0.0   0.1   0:00.00 (sd-pam)
  11696 jetson    20   0   41976   6552   5228 S   0.0   0.1   0:00.04 pipewire
  11697 jetson    20   0   25484   6724   5388 S   0.0   0.1   0:01.07 pipewire-media-
  11749 jetson    20   0    8888   3620   3232 S   0.0   0.0   0:00.01 dbus-daemon
  11931 jetson    20   0  706564  62076  26432 S   0.0   0.8   1:20.12 python3
  12473 root      20   0 1233488  13236   6340 S   0.0   0.2   0:01.96 containerd-shim
  12502 jetson    20   0    5508    792    704 S   0.0   0.0   0:00.20 sleep
  12567 root      20   0   21892   5484   3884 S   0.0   0.1   0:16.84 systemd-udevd
  13234 jetson    20   0  203640  35476  13212 S   0.0   0.5   0:00.75 ros2
  13236 jetson    20   0 2070472  36080  17228 S   0.0   0.5   0:00.56 docker
  13265 root      20   0 1232976  11192   5960 S   0.0   0.1   0:01.40 containerd-shim
  13294 root      20   0   49400  29204  14412 S   0.0   0.4   0:00.40 ros2
  13554 root      20   0   21760   4460   2932 S   0.0   0.1   0:00.03 systemd-udevd
  13555 root      20   0   21760   3352   1860 S   0.0   0.0   0:00.00 systemd-udevd
  13568 root      20   0   21760   3376   1864 S   0.0   0.0   0:00.02 systemd-udevd
  13569 root      20   0   21760   4136   2588 S   0.0   0.1   0:00.06 systemd-udevd
  13570 root      20   0   21764   4492   2960 S   0.0   0.1   0:00.05 systemd-udevd
  13571 root      20   0   21764   4108   2588 S   0.0   0.1   0:00.03 systemd-udevd
  13580 root      20   0   21764   4136   2588 S   0.0   0.1   0:00.04 systemd-udevd
  13581 root      20   0   21764   3708   2180 S   0.0   0.0   0:00.00 systemd-udevd
  13582 root      20   0   21764   4268   2704 S   0.0   0.1   0:00.06 systemd-udevd
  13594 root      20   0   21764   3408   1864 S   0.0   0.0   0:00.01 systemd-udevd
  13595 root      20   0   21764   4012   2468 S   0.0   0.1   0:00.02 systemd-udevd
  33484 root      20   0       0      0      0 I   0.0   0.0   0:12.36 kworker/u12:0-events_freezable_power_
  34263 root      20   0       0      0      0 I   0.0   0.0   0:14.91 kworker/u12:2-events_freezable_power_
  49116 root      20   0       0      0      0 I   0.0   0.0   0:00.65 kworker/0:0-events
  98217 root      20   0  238836   6944   5696 S   0.0   0.1   0:02.21 iio-sensor-prox
 100141 root      20   0       0      0      0 I   0.0   0.0   0:09.70 kworker/u12:6-events_unbound
 149635 root      20   0       0      0      0 I   0.0   0.0   0:00.45 kworker/3:0-events
 199974 root      20   0       0      0      0 I   0.0   0.0   0:05.37 kworker/u12:1-events_unbound
 205195 root       0 -20       0      0      0 I   0.0   0.0   0:09.97 kworker/u13:0-uvcvideo
 219316 root       0 -20       0      0      0 I   0.0   0.0   0:09.29 kworker/u13:3-uvcvideo
 234404 root      20   0       0      0      0 I   0.0   0.0   0:00.55 kworker/5:0-events
 251138 root      20   0       0      0      0 I   0.0   0.0   0:02.56 kworker/u12:4-events_unbound
 271538 root      20   0  410228  41960  21380 S   0.0   0.5   0:01.38 fwupd
 274472 root       0 -20       0      0      0 I   0.0   0.0   0:03.87 kworker/u13:1-uvcvideo
 278878 root      20   0       0      0      0 I   0.0   0.0   0:00.09 kworker/4:2-events
 284193 root      20   0       0      0      0 I   0.0   0.0   0:01.56 kworker/u12:3-events_freezable_power_
 289098 jetson    20   0  572504  38648  13228 S   0.0   0.5   0:00.95 ros2
 289121 jetson    20   0 1082820  58716  26356 S   0.0   0.8   0:30.84 foxglove_bridge
 290503 jetson    20   0  129772  34672  13228 S   0.0   0.4   0:00.69 ros2
 295127 root      20   0       0      0      0 I   0.0   0.0   0:00.02 kworker/1:3-cgroup_destroy
 295225 root      20   0       0      0      0 I   0.0   0.0   0:00.00 kworker/3:1-events
 298318 root      20   0       0      0      0 I   0.0   0.0   0:00.00 kworker/4:0-events
 298521 root      20   0       0      0      0 I   0.0   0.0   0:00.00 kworker/5:1-cgroup_destroy
 301519 root      20   0       0      0      0 I   0.0   0.0   0:00.04 kworker/0:1-events
 301563 root      20   0       0      0      0 I   0.0   0.0   0:00.00 kworker/2:0-cgroup_destroy
 301980 jetson    20   0   53568  30336  15004 S   0.0   0.4   0:00.44 ros2
 305476 root      20   0       0      0      0 I   0.0   0.0   0:00.79 kworker/u12:9-events_unbound
 314676 root      20   0       0      0      0 I   0.0   0.0   0:00.00 kworker/5:2-events
 314679 root      20   0       0      0      0 I   0.0   0.0   0:00.00 kworker/2:1-events
 314725 root      20   0       0      0      0 I   0.0   0.0   0:00.00 kworker/0:2
 314862 root      20   0       0      0      0 I   0.0   0.0   0:00.00 kworker/1:0-events
 315002 root      20   0       0      0      0 I   0.0   0.0   0:00.00 kworker/2:2
 316431 root      20   0    9436    772    692 S   0.0   0.0   0:00.00 sleep
 316651 root      20   0       0      0      0 I   0.0   0.0   0:00.01 kworker/3:2-events
 316919 jetson    20   0   11248   3308   2868 S   0.0   0.0   0:00.03 bash
 318996 jetson    20   0   11248   3304   2868 S   0.0   0.0   0:00.01 bash
 319049 jetson    20   0    2872    896    800 S   0.0   0.0   0:00.06 tegrastats
 319246 jetson    20   0    9480    820    736 S   0.0   0.0   0:00.00 tail
 320065 root      30  10    9436    780    704 S   0.0   0.0   0:00.00 sleep

top - 13:48:30 up  4:11,  0 users,  load average: 5.91, 5.19, 5.27
Tasks: 350 total,   1 running, 349 sleeping,   0 stopped,   0 zombie
%Cpu(s): 40.5 us,  9.4 sy,  0.0 ni, 45.7 id,  0.0 wa,  2.4 hi,  2.0 si,  0.0 st
MiB Mem :   7607.4 total,   2729.8 free,   2025.9 used,   2851.7 buff/cache
MiB Swap:   3803.7 total,   3803.7 free,      0.0 used.   5275.7 avail Mem 

    PID USER      PR  NI    VIRT    RES    SHR S  %CPU  %MEM     TIME+ COMMAND
 319245 jetson    20   0  753948  71800  29576 S  40.9   0.9   0:11.58 python3
 289467 jetson    20   0  709004  62292  27276 S  35.0   0.8   4:54.07 python3
 303945 jetson    20   0  963220  47516  23528 S  32.0   0.6   0:53.84 controller_serv
 319047 jetson    20   0  764356  56104  25376 S  22.7   0.7   0:07.46 ros2
 301995 jetson    20   0 9351040 403516  85056 S  17.7   5.2   1:23.82 nvblox_node
 290529 jetson    20   0 1062448  54704  24360 S  16.7   0.7   0:35.27 async_slam_tool
 303953 jetson    20   0  531168  46396  26216 S  15.8   0.6   0:44.80 bt_navigator
 289115 jetson    20   0  711152  66764  27276 S  14.3   0.9   2:15.55 python3
 289113 jetson    20   0 1748412 107168  51312 S  13.8   1.4   1:58.16 realsense2_came
 289117 jetson    20   0  432948  28320  14224 S  13.8   0.4   2:13.25 rplidar_node
 289469 jetson    20   0  506204  34000  18400 S  11.3   0.4   1:35.03 ekf_node
 303949 jetson    20   0 1209768  92028  42832 S  10.8   1.2   0:49.88 planner_server
 303985 jetson    20   0  577392  31576  16252 S   9.9   0.4   0:50.21 lifecycle_manag
 303943 jetson    20   0  709520  64224  27412 S   9.4   0.8   0:22.93 python3
 289119 jetson    20   0  708116  63664  27448 S   8.9   0.8   1:14.92 python3
 303951 jetson    20   0  516316  35092  21016 S   7.4   0.5   0:34.83 behavior_server
 303947 jetson    20   0  664664  33136  19416 S   5.9   0.4   0:29.53 smoother_server
 303973 jetson    20   0  428560  27816  15960 S   5.9   0.4   0:24.84 velocity_smooth
 303955 jetson    20   0  431300  29232  17008 S   5.4   0.4   0:24.64 waypoint_follow
  13320 root      20   0 1300240  43632  11392 S   4.9   0.6  17:30.02 micro_ros_agent
    904 root      rt   0       0      0      0 S   1.0   0.0   1:04.19 sugov:0
    909 root      rt   0       0      0      0 S   1.0   0.0   0:30.47 sugov:4
   2071 gdm       20   0 3471500 137204  73260 S   1.0   1.8   0:31.36 gnome-shell
 302359 root       0 -20       0      0      0 I   1.0   0.0   0:01.69 kworker/u13:2-uvcvideo
 319048 jetson    20   0   14344   3368   2772 R   1.0   0.0   0:00.29 top
     14 root      20   0       0      0      0 S   0.5   0.0   0:13.43 ksoftirqd/0
    312 root      20   0   23732   6316   4080 S   0.5   0.1   0:17.84 systemd-udevd
    865 root      20   0 2145956  51796  25768 S   0.5   0.7   0:25.66 snapd
    983 root      20   0    2460   1556   1380 S   0.5   0.0   0:05.38 nvfancontrol
  12575 root      20   0   21760   4536   2952 S   0.5   0.1   0:34.29 systemd-udevd
 100141 root      20   0       0      0      0 I   0.5   0.0   0:09.71 kworker/u12:6-events_unbound
 211464 root      20   0       0      0      0 I   0.5   0.0   0:04.88 kworker/u12:7-events_unbound
 303903 jetson    20   0  723188  40064  13216 S   0.5   0.5   0:01.32 ros2
      1 root      20   0  167628  11768   7448 S   0.0   0.2   0:20.49 systemd
      2 root      20   0       0      0      0 S   0.0   0.0   0:00.02 kthreadd
      3 root       0 -20       0      0      0 I   0.0   0.0   0:00.00 rcu_gp
      4 root       0 -20       0      0      0 I   0.0   0.0   0:00.00 rcu_par_gp
      5 root       0 -20       0      0      0 I   0.0   0.0   0:00.00 slub_flushwq
      6 root       0 -20       0      0      0 I   0.0   0.0   0:00.00 netns
      8 root       0 -20       0      0      0 I   0.0   0.0   0:00.00 kworker/0:0H-events_highpri
     10 root       0 -20       0      0      0 I   0.0   0.0   0:00.00 mm_percpu_wq
     11 root      20   0       0      0      0 S   0.0   0.0   0:00.00 rcu_tasks_kthre
     12 root      20   0       0      0      0 S   0.0   0.0   0:00.00 rcu_tasks_rude_
     13 root      20   0       0      0      0 S   0.0   0.0   0:00.00 rcu_tasks_trace
     15 root      20   0       0      0      0 I   0.0   0.0   0:05.84 rcu_preempt
     16 root      rt   0       0      0      0 S   0.0   0.0   0:00.01 migration/0
     17 root      20   0       0      0      0 S   0.0   0.0   0:00.00 cpuhp/0
     18 root      20   0       0      0      0 S   0.0   0.0   0:00.00 cpuhp/1
     19 root      rt   0       0      0      0 S   0.0   0.0   0:00.01 migration/1
     20 root      20   0       0      0      0 S   0.0   0.0   0:00.83 ksoftirqd/1
     22 root       0 -20       0      0      0 I   0.0   0.0   0:00.00 kworker/1:0H-events_highpri
     23 root      20   0       0      0      0 S   0.0   0.0   0:00.00 cpuhp/2
     24 root      rt   0       0      0      0 S   0.0   0.0   0:00.00 migration/2
     25 root      20   0       0      0      0 S   0.0   0.0   0:00.84 ksoftirqd/2
     27 root       0 -20       0      0      0 I   0.0   0.0   0:00.00 kworker/2:0H-events_highpri
     28 root      20   0       0      0      0 S   0.0   0.0   0:00.00 cpuhp/3
     29 root      rt   0       0      0      0 S   0.0   0.0   0:00.00 migration/3
     30 root      20   0       0      0      0 S   0.0   0.0   0:00.78 ksoftirqd/3
     32 root       0 -20       0      0      0 I   0.0   0.0   0:00.00 kworker/3:0H-events_highpri
     33 root      20   0       0      0      0 S   0.0   0.0   0:00.00 cpuhp/4
     34 root      rt   0       0      0      0 S   0.0   0.0   0:00.03 migration/4
     35 root      20   0       0      0      0 S   0.0   0.0   0:00.58 ksoftirqd/4
     37 root       0 -20       0      0      0 I   0.0   0.0   0:00.00 kworker/4:0H-kblockd
     38 root      20   0       0      0      0 S   0.0   0.0   0:00.00 cpuhp/5
     39 root      rt   0       0      0      0 S   0.0   0.0   0:00.03 migration/5
     40 root      20   0       0      0      0 S   0.0   0.0   0:00.59 ksoftirqd/5
     42 root       0 -20       0      0      0 I   0.0   0.0   0:00.00 kworker/5:0H-events_highpri
     43 root      20   0       0      0      0 S   0.0   0.0   0:00.01 kdevtmpfs
     44 root       0 -20       0      0      0 I   0.0   0.0   0:00.00 inet_frag_wq
     51 root      20   0       0      0      0 S   0.0   0.0   0:00.00 kauditd
     52 root      20   0       0      0      0 S   0.0   0.0   0:00.00 oom_reaper
     53 root       0 -20       0      0      0 I   0.0   0.0   0:00.00 writeback
     54 root      20   0       0      0      0 S   0.0   0.0   0:00.12 kcompactd0
     55 root      25   5       0      0      0 S   0.0   0.0   0:00.00 ksmd
     56 root      39  19       0      0      0 S   0.0   0.0   0:01.27 khugepaged
     67 root       0 -20       0      0      0 I   0.0   0.0   0:00.00 cryptd
     86 root       0 -20       0      0      0 I   0.0   0.0   0:00.00 kintegrityd
     87 root       0 -20       0      0      0 I   0.0   0.0   0:00.00 kblockd
     88 root       0 -20       0      0      0 I   0.0   0.0   0:00.00 blkcg_punt_bio
     89 root       0 -20       0      0      0 I   0.0   0.0   0:00.00 tpm_dev_wq
     90 root       0 -20       0      0      0 I   0.0   0.0   0:00.00 ata_sff
     91 root       0 -20       0      0      0 I   0.0   0.0   0:00.00 edac-poller
     92 root       0 -20       0      0      0 I   0.0   0.0   0:00.00 devfreq_wq
     93 root     -51   0       0      0      0 S   0.0   0.0   0:00.00 watchdogd
     96 root       0 -20       0      0      0 I   0.0   0.0   0:00.05 kworker/1:1H-kblockd
     97 root       0 -20       0      0      0 I   0.0   0.0   0:00.00 rpciod
     99 root       0 -20       0      0      0 I   0.0   0.0   0:00.00 xprtiod
    127 root      20   0       0      0      0 S   0.0   0.0   0:00.00 kswapd0
    128 root       0 -20       0      0      0 I   0.0   0.0   0:00.00 nfsiod
    132 root       0 -20       0      0      0 I   0.0   0.0   0:00.00 vfio-irqfd-clea
    133 root       0 -20       0      0      0 I   0.0   0.0   0:00.00 bch_btree_io
    134 root       0 -20       0      0      0 I   0.0   0.0   0:00.00 bcache
    135 root       0 -20       0      0      0 I   0.0   0.0   0:00.00 bch_journal
    136 root       0 -20       0      0      0 I   0.0   0.0   0:00.00 dm_bufio_cache
    137 root      20   0       0      0      0 I   0.0   0.0   0:01.56 kworker/1:2-events
    139 root      20   0       0      0      0 I   0.0   0.0   0:00.99 kworker/2:3-events
    140 root      10 -10       0      0      0 S   0.0   0.0   0:00.00 krfcommd
    141 root      20   0       0      0      0 S   0.0   0.0   0:00.01 pr/tty0
    142 root      20   0       0      0      0 S   0.0   0.0   0:03.05 pr/ttyTCU0
    145 root     -51   0       0      0      0 S   0.0   0.0   0:00.00 irq/114-3160000
    147 root     -51   0       0      0      0 S   0.0   0.0   0:00.00 irq/115-3180000
    149 root     -51   0       0      0      0 S   0.0   0.0   0:00.00 irq/116-31b0000
    150 root     -51   0       0      0      0 S   0.0   0.0   0:00.02 irq/167-c240000
    151 root     -51   0       0      0      0 S   0.0   0.0   0:00.00 irq/168-c250000
    152 root     -51   0       0      0      0 S   0.0   0.0   0:00.00 irq/125-3610000
    153 root     -51   0       0      0      0 S   0.0   0.0   0:00.00 irq/122-3610000
    155 root       0 -20       0      0      0 I   0.0   0.0   0:00.00 sdhci
    156 root     -51   0       0      0      0 S   0.0   0.0   0:00.00 irq/120-mmc0
    157 root     -51   0       0      0      0 S   0.0   0.0   0:00.00 irq/230-3400000
    174 root       0 -20       0      0      0 I   0.0   0.0   0:00.05 kworker/3:1H-kblockd
    180 root     -51   0       0      0      0 S   0.0   0.0   0:00.00 irq/191-tegra-p
    181 root       0 -20       0      0      0 I   0.0   0.0   0:00.00 nvme-wq
    182 root       0 -20       0      0      0 I   0.0   0.0   0:00.00 nvme-reset-wq
    183 root       0 -20       0      0      0 I   0.0   0.0   0:00.00 nvme-delete-wq
    192 root     -51   0       0      0      0 S   0.0   0.0   0:00.00 irq/191-aerdrv
    193 root     -51   0       0      0      0 S   0.0   0.0   0:00.00 irq/193-tegra-p
    196 root     -51   0       0      0      0 S   0.0   0.0   0:00.00 irq/193-aerdrv
    197 root     -51   0       0      0      0 S   0.0   0.0   0:00.00 irq/195-tegra-p
    199 root     -51   0       0      0      0 S   0.0   0.0   0:00.00 irq/232-nvme0q0
    200 root     -51   0       0      0      0 S   0.0   0.0   0:00.25 irq/233-nvme0q1
    201 root     -51   0       0      0      0 S   0.0   0.0   0:00.29 irq/234-nvme0q2
    202 root     -51   0       0      0      0 S   0.0   0.0   0:00.43 irq/235-nvme0q3
    203 root     -51   0       0      0      0 S   0.0   0.0   0:00.55 irq/236-nvme0q4
    204 root     -51   0       0      0      0 S   0.0   0.0   0:00.13 irq/237-nvme0q5
    205 root     -51   0       0      0      0 S   0.0   0.0   0:00.09 irq/238-nvme0q6
    211 root       0 -20       0      0      0 I   0.0   0.0   0:00.05 kworker/4:1H-kblockd
    212 root      20   0       0      0      0 S   0.0   0.0   0:00.89 jbd2/nvme0n1p1-
    213 root       0 -20       0      0      0 I   0.0   0.0   0:00.00 ext4-rsv-conver
    222 root       0 -20       0      0      0 I   0.0   0.0   0:00.00 mld
    223 root       0 -20       0      0      0 I   0.0   0.0   0:00.03 kworker/0:1H-kblockd
    224 root       0 -20       0      0      0 I   0.0   0.0   0:00.00 ipv6_addrconf
    256 root      19  -1   48840  14960  13348 S   0.0   0.2   0:17.97 systemd-journal
    278 root       0 -20       0      0      0 I   0.0   0.0   0:00.07 kworker/2:1H-kblockd
    280 root      39  19       0      0      0 S   0.0   0.0   0:00.48 nvmap-bz
    281 root     -51   0       0      0      0 S   0.0   0.0   0:00.00 irq/188-host1x_
    285 root     -51   0       0      0      0 S   0.0   0.0   0:00.00 irq/197-gk20a_s
    286 root     -51   0       0      0      0 S   0.0   0.0   0:00.01 irq/198-gk20a_s
    287 root     -51   0       0      0      0 S   0.0   0.0   0:00.01 irq/199-gk20a_s
    288 root     -51   0       0      0      0 S   0.0   0.0   0:00.00 irq/200-gk20a_n
    291 root       0 -20       0      0      0 I   0.0   0.0   0:00.04 kworker/5:1H-kblockd
    295 root      20   0   11116   3460   3204 S   0.0   0.0   0:00.00 nv-tee-supplica
    299 root      20   0   76588   1360   1248 S   0.0   0.0   0:00.01 tee-supplicant
    301 root       0 -20       0      0      0 I   0.0   0.0   0:00.00 optee_bus_scan
    303 root     -51   0       0      0      0 S   0.0   0.0   0:00.00 irq/189-tegra-p
    313 root     -51   0       0      0      0 S   0.0   0.0   0:00.00 irq/189-aerdrv
    314 root      20   0   23216   5812   3992 S   0.0   0.1   0:00.38 systemd-udevd
    315 root      20   0   23216   5020   3248 S   0.0   0.1   0:00.15 systemd-udevd
    316 root      20   0   23268   6224   4288 S   0.0   0.1   0:00.16 systemd-udevd
    317 root      20   0   23220   4364   2600 S   0.0   0.1   0:00.11 systemd-udevd
    318 root      20   0   23216   4480   2672 S   0.0   0.1   0:00.12 systemd-udevd
    319 root      20   0   23212   5812   3980 S   0.0   0.1   0:00.28 systemd-udevd
    320 root      20   0   23264   4688   2764 S   0.0   0.1   0:00.13 systemd-udevd
    321 root      20   0   23268   5072   3136 S   0.0   0.1   0:00.18 systemd-udevd
    322 root      20   0   23524   5520   3456 S   0.0   0.1   0:00.26 systemd-udevd
    323 root      20   0   23216   6280   4444 S   0.0   0.1   0:00.37 systemd-udevd
    324 root      20   0   23220   5196   3388 S   0.0   0.1   0:00.16 systemd-udevd
    325 root      20   0   23220   5820   3976 S   0.0   0.1   0:00.37 systemd-udevd
    326 root      20   0   23220   5236   3388 S   0.0   0.1   0:00.39 systemd-udevd
    327 root      20   0   23220   5468   3656 S   0.0   0.1   0:00.18 systemd-udevd
    330 root      20   0   23512   5728   3684 S   0.0   0.1   0:00.14 systemd-udevd
    331 root      20   0   24292   5540   2676 S   0.0   0.1   0:00.16 systemd-udevd
    333 root      20   0   23524   5596   3532 S   0.0   0.1   0:00.26 systemd-udevd
    334 root      20   0   23220   5080   3240 S   0.0   0.1   0:00.25 systemd-udevd
    335 root      20   0   23220   4504   2708 S   0.0   0.1   0:00.11 systemd-udevd
    336 root      20   0   23220   4696   2892 S   0.0   0.1   0:00.14 systemd-udevd
    337 root      20   0   23524   5056   2992 S   0.0   0.1   0:00.16 systemd-udevd
    339 root      20   0   23220   4980   3148 S   0.0   0.1   0:00.17 systemd-udevd
    340 root      20   0   23544   6732   4608 S   0.0   0.1   1:00.06 systemd-udevd
    341 root      20   0   23276   5328   3384 S   0.0   0.1   0:00.13 systemd-udevd
    342 root      20   0   23280   5176   3228 S   0.0   0.1   0:00.13 systemd-udevd
    343 root      20   0   23220   5984   4152 S   0.0   0.1   0:00.30 systemd-udevd
    344 root      20   0   23560   6700   4596 S   0.0   0.1   0:00.48 systemd-udevd
    345 root      20   0       0      0      0 S   0.0   0.0   0:00.00 15820000.crypto
    346 root      20   0       0      0      0 S   0.0   0.0   0:00.00 15840000.crypto
    368 root      20   0   23324   5984   4116 S   0.0   0.1   0:00.40 systemd-udevd
    417 root     -51   0       0      0      0 S   0.0   0.0   0:00.00 irq/219-bc00000
    419 root      -2   0       0      0      0 S   0.0   0.0   0:00.00 capture-control
    420 root      -2   0       0      0      0 S   0.0   0.0   0:00.00 capture
    422 root     -51   0       0      0      0 S   0.0   0.0   0:00.00 irq/214-tegra_d
    423 root     -51   0       0      0      0 S   0.0   0.0   0:00.00 irq/215-tegra_d
    424 root       0 -20       0      0      0 I   0.0   0.0   0:00.00 dce-async-ipc-w
    425 root     -51   0       0      0      0 S   0.0   0.0   0:00.00 irq/240-nvvrs-p
    427 root      20   0       0      0      0 S   0.0   0.0   0:00.00 nv_queue
    428 root      20   0       0      0      0 S   0.0   0.0   0:00.00 nv_queue
    483 root     -51   0       0      0      0 S   0.0   0.0   0:00.00 irq/118-3210000
    487 root      20   0       0      0      0 S   0.0   0.0   0:00.00 spi0
    495 root       0 -20       0      0      0 I   0.0   0.0   0:00.00 cfg80211
    497 root     -51   0       0      0      0 S   0.0   0.0   0:00.00 irq/119-3230000
    498 root      20   0       0      0      0 S   0.0   0.0   0:00.00 spi1
    584 root       0 -20       0      0      0 I   0.0   0.0   0:00.00 btfwwork
    650 root      20   0    8236   6424   1432 S   0.0   0.1   0:00.57 haveged
    653 _rpc      20   0    7932   2264   1912 S   0.0   0.0   0:00.02 rpcbind
    659 systemd+  20   0   26320  13580   8496 S   0.0   0.2   0:00.40 systemd-resolve
    662 systemd+  20   0   88880   6332   5484 S   0.0   0.1   0:00.13 systemd-timesyn
    826 avahi     20   0    8084   3108   2752 S   0.0   0.0   0:00.48 avahi-daemon
    827 root      20   0    9888   4552   4112 S   0.0   0.1   0:00.07 bluetoothd
    828 message+  20   0   10496   5632   3584 S   0.0   0.1   0:28.25 dbus-daemon
    829 root      20   0  264752  18684  14872 S   0.0   0.2   0:25.54 NetworkManager
    838 root      20   0   43504  19780  10232 S   0.0   0.3   0:00.15 networkd-dispat
    849 root      20   0  241652   9056   6312 S   0.0   0.1   0:00.40 power-profiles-
    854 syslog    20   0  222160   5012   3672 S   0.0   0.1   0:03.50 rsyslogd
    859 root      20   0    2240    796    720 S   0.0   0.0   0:00.00 seatd
    867 root      20   0  242124   7452   6576 S   0.0   0.1   0:01.40 accounts-daemon
    869 root      20   0  238128   6232   5620 S   0.0   0.1   0:00.04 switcheroo-cont
    871 root      20   0   48968   7620   6296 S   0.0   0.1   0:02.47 systemd-logind
    874 root      20   0  394188  13988   9476 S   0.0   0.2   0:00.82 udisksd
    875 root      20   0   16632   9928   8148 S   0.0   0.1   0:00.89 wpa_supplicant
    882 avahi     20   0    7812    356      0 S   0.0   0.0   0:00.00 avahi-daemon
    921 root      30  10   11248   3612   3220 S   0.0   0.0   0:05.60 wifi_mon.sh
    969 root      20   0  237044  10468   6400 S   0.0   0.1   2:02.73 polkitd
   1049 root      20   0       0      0      0 S   0.0   0.0   0:00.00 sw-quiesce
   1052 root      20   0       0      0      0 S   0.0   0.0   0:13.45 nvgpu_channel_p
   1068 root      20   0       0      0      0 S   0.0   0.0   0:00.00 nvgpu_pg_init_g
   1087 root      20   0       0      0      0 S   0.0   0.0   0:00.00 nvgpu_clk_arb_p
   1117 root      20   0       0      0      0 S   0.0   0.0   0:05.08 RTW_CMD_THREAD
   1157 root      20   0   75936   9960   8136 S   0.0   0.1   0:00.01 nvargus-daemon
   1158 root      20   0   11116   3520   3220 S   0.0   0.0   0:00.05 nvmemwarning.sh
   1171 root      20   0   22192   1776   1580 S   0.0   0.0   0:00.00 nvs-service
   1181 ollama    20   0 2006720  39588  20072 S   0.0   0.5   0:00.74 ollama
   1195 root      20   0    2336   1408   1292 S   0.0   0.0   0:01.96 run-cups-browse
   1201 root      20   0    2336   1424   1296 S   0.0   0.0   0:02.02 run-cupsd
   1204 root      20   0       0      0      0 S   0.0   0.0   0:00.00 pr/ramoops-1
   1212 root      20   0 2093080  58448  33576 S   0.0   0.8   0:15.78 containerd
   1239 root      20   0   10772   2824   2576 S   0.0   0.0   0:00.04 cron
   1259 root      20   0  243128   8056   7012 S   0.0   0.1   0:00.02 gdm3
   1263 kernoops  20   0   12812    452      0 S   0.0   0.0   0:00.01 kerneloops
   1290 root      20   0    9468    800    724 S   0.0   0.0   0:00.00 agetty
   1291 kernoops  20   0   12812    452      0 S   0.0   0.0   0:00.01 kerneloops
   1293 root      20   0    9468    804    724 S   0.0   0.0   0:00.00 agetty
   1330 root      20   0  173408   8804   7628 S   0.0   0.1   0:00.02 gdm-session-wor
   1417 root      20   0       0      0      0 S   0.0   0.0   0:00.00 file-storage
   1426 root      20   0   15272   8368   6788 S   0.0   0.1   0:00.48 sshd
   1474 gdm       20   0   18120   9728   7360 S   0.0   0.1   0:00.41 systemd
   1478 root      20   0    3076    992    880 S   0.0   0.0   0:00.00 nvphsd
   1483 root      20   0    3208   1476   1316 S   0.0   0.0   0:00.00 nvphsd
   1497 gdm       20   0  106692   4552      0 S   0.0   0.1   0:00.00 (sd-pam)
   1588 root      20   0 2352492  96592  56580 S   0.0   1.2   0:04.98 dockerd
   1688 gdm        9 -11   41972   6472   5156 S   0.0   0.1   0:00.05 pipewire
   1689 gdm       20   0   25476   6428   5104 S   0.0   0.1   0:00.99 pipewire-media-
   1690 gdm        9 -11  891840  20748  12584 S   0.0   0.3   0:00.77 pulseaudio
   1695 gdm       20   0  163948   5472   4964 S   0.0   0.1   0:00.00 gdm-x-session
   1697 root      20   0   24.2g  80524  35884 S   0.0   1.0   0:01.68 Xorg
   1698 rtkit     21   1  153504   1588   1380 S   0.0   0.0   0:00.21 rtkit-daemon
   1729 gdm       20   0    8840   3600   3212 S   0.0   0.0   0:00.02 dbus-daemon
   1748 root      20   0       0      0      0 S   0.0   0.0   0:00.00 nvidia-modeset/
   1749 root      20   0       0      0      0 S   0.0   0.0   0:00.00 nvidia-modeset/
   1752 root      20   0       0      0      0 S   0.0   0.0   0:00.00 nvidia
   1753 root      20   0       0      0      0 S   0.0   0.0   0:00.00 nv_queue
   1790 root      20   0       0      0      0 S   0.0   0.0   0:00.00 nvidia-drm-nv-t
   1791 root     -51   0       0      0      0 S   0.0   0.0   0:00.00 card1-crtc0
   1792 root     -51   0       0      0      0 S   0.0   0.0   0:00.00 card1-crtc1
   1980 gdm       20   0    5876   1552   1344 S   0.0   0.0   0:00.00 dbus-run-sessio
   1983 gdm       20   0    9108   4440   3588 S   0.0   0.1   0:00.13 dbus-daemon
   2035 gdm       20   0  597840  17824  12972 S   0.0   0.2   0:00.72 gnome-session-b
   2057 gdm       20   0  310068   8976   6272 S   0.0   0.1   0:00.00 at-spi-bus-laun
   2062 gdm       20   0    8692   3556   3168 S   0.0   0.0   0:00.00 dbus-daemon
   2092 gdm       20   0  237676   4964   4528 S   0.0   0.1   0:00.00 xdg-permission-
   2099 root      20   0  243852  10136   6984 S   0.0   0.1   0:00.34 upowerd
   2106 root      20   0  301608  19332  16408 S   0.0   0.2   0:01.06 packagekitd
   2110 gdm       20   0 2812288  25716  20860 S   0.0   0.3   0:00.08 gjs
   2113 gdm       20   0  163144   7196   6428 S   0.0   0.1   0:00.01 at-spi2-registr
   2141 gdm       20   0  468748   9856   7940 S   0.0   0.1   0:01.32 gsd-sharing
   2146 gdm       20   0  338880  14892  12620 S   0.0   0.2   0:00.06 gsd-wacom
   2148 gdm       20   0  451616  18896  16480 S   0.0   0.2   0:00.16 gsd-color
   2150 gdm       20   0  412392  17092  13292 S   0.0   0.2   0:00.04 gsd-keyboard
   2152 gdm       20   0  316864  13188   6244 S   0.0   0.2   0:00.10 ibus-daemon
   2156 gdm       20   0  326124   9848   8488 S   0.0   0.1   0:00.02 gsd-print-notif
   2166 gdm       20   0  242216   6512   5848 S   0.0   0.1   0:00.01 gvfsd
   2168 gdm       20   0  459796   6140   5436 S   0.0   0.1   0:00.39 gsd-rfkill
   2170 gdm       20   0  388312   7432   6528 S   0.0   0.1   0:00.01 gsd-smartcard
   2173 gdm       20   0  380556  16508  12504 S   0.0   0.2   0:00.03 gsd-datetime
   2183 gdm       20   0  864216  20108  17428 S   0.0   0.3   0:00.37 gsd-media-keys
   2184 gdm       20   0  237936   4760   4376 S   0.0   0.1   0:00.01 gsd-screensaver
   2185 gdm       20   0  322096  10392   7320 S   0.0   0.1   0:00.02 gsd-sound
   2186 gdm       20   0  312416   8104   5476 S   0.0   0.1   0:00.01 gsd-a11y-settin
   2193 gdm       20   0  313996   8944   6152 S   0.0   0.1   0:00.64 gsd-housekeepin
   2195 gdm       20   0  450004  20288  15904 S   0.0   0.3   0:00.37 gsd-power
   2218 gdm       20   0  347052  12608  10748 S   0.0   0.2   0:00.03 gsd-printer
   2221 gdm       20   0  239040   6576   5948 S   0.0   0.1   0:00.00 ibus-dconf
   2233 gdm       20   0  238936   5920   5488 S   0.0   0.1   0:00.00 ibus-portal
   2263 colord    20   0  247516  14492   8720 S   0.0   0.2   0:00.23 colord
   2285 gdm       20   0 2812300  27868  20904 S   0.0   0.4   0:00.09 gjs
   2349 gdm       20   0  165096   6516   5892 S   0.0   0.1   0:00.01 ibus-engine-sim
   2508 root      20   0  136716  13172   9512 S   0.0   0.2   0:00.61 cupsd
   2522 root      20   0  260792  17940  13508 S   0.0   0.2   0:01.23 cups-browsed
  11687 jetson    20   0   18140   9764   7368 S   0.0   0.1   0:00.32 systemd
  11688 jetson    20   0  172512   4632      0 S   0.0   0.1   0:00.00 (sd-pam)
  11696 jetson    20   0   41976   6552   5228 S   0.0   0.1   0:00.04 pipewire
  11697 jetson    20   0   25484   6724   5388 S   0.0   0.1   0:01.07 pipewire-media-
  11749 jetson    20   0    8888   3620   3232 S   0.0   0.0   0:00.01 dbus-daemon
  11931 jetson    20   0  706564  62076  26432 S   0.0   0.8   1:20.12 python3
  12473 root      20   0 1233488  13236   6340 S   0.0   0.2   0:01.96 containerd-shim
  12502 jetson    20   0    5508    792    704 S   0.0   0.0   0:00.20 sleep
  12567 root      20   0   21892   5484   3884 S   0.0   0.1   0:16.84 systemd-udevd
  13234 jetson    20   0  203640  35476  13212 S   0.0   0.5   0:00.75 ros2
  13236 jetson    20   0 2070472  36080  17228 S   0.0   0.5   0:00.56 docker
  13238 jetson    20   0  428384  31060  15828 S   0.0   0.4   1:22.44 robot_state_pub
  13265 root      20   0 1232976  11192   5960 S   0.0   0.1   0:01.40 containerd-shim
  13294 root      20   0   49400  29204  14412 S   0.0   0.4   0:00.40 ros2
  13554 root      20   0   21760   4460   2932 S   0.0   0.1   0:00.03 systemd-udevd
  13555 root      20   0   21760   3352   1860 S   0.0   0.0   0:00.00 systemd-udevd
  13568 root      20   0   21760   3376   1864 S   0.0   0.0   0:00.02 systemd-udevd
  13569 root      20   0   21760   4136   2588 S   0.0   0.1   0:00.06 systemd-udevd
  13570 root      20   0   21764   4492   2960 S   0.0   0.1   0:00.05 systemd-udevd
  13571 root      20   0   21764   4108   2588 S   0.0   0.1   0:00.03 systemd-udevd
  13580 root      20   0   21764   4136   2588 S   0.0   0.1   0:00.04 systemd-udevd
  13581 root      20   0   21764   3708   2180 S   0.0   0.0   0:00.00 systemd-udevd
  13582 root      20   0   21764   4268   2704 S   0.0   0.1   0:00.06 systemd-udevd
  13594 root      20   0   21764   3408   1864 S   0.0   0.0   0:00.01 systemd-udevd
  13595 root      20   0   21764   4012   2468 S   0.0   0.1   0:00.02 systemd-udevd
  33484 root      20   0       0      0      0 I   0.0   0.0   0:12.36 kworker/u12:0-events_freezable_power_
  34263 root      20   0       0      0      0 I   0.0   0.0   0:14.91 kworker/u12:2-events_freezable_power_
  49116 root      20   0       0      0      0 I   0.0   0.0   0:00.65 kworker/0:0-events
  90870 root      20   0       0      0      0 I   0.0   0.0   0:11.77 kworker/u12:11-events_freezable_power_
  98217 root      20   0  238836   6944   5696 S   0.0   0.1   0:02.21 iio-sensor-prox
 149635 root      20   0       0      0      0 I   0.0   0.0   0:00.45 kworker/3:0-events
 199974 root      20   0       0      0      0 I   0.0   0.0   0:05.37 kworker/u12:1-events_unbound
 205195 root       0 -20       0      0      0 I   0.0   0.0   0:09.97 kworker/u13:0-uvcvideo
 219316 root       0 -20       0      0      0 I   0.0   0.0   0:09.29 kworker/u13:3-uvcvideo
 234404 root      20   0       0      0      0 I   0.0   0.0   0:00.55 kworker/5:0-events
 251138 root      20   0       0      0      0 I   0.0   0.0   0:02.56 kworker/u12:4-events_unbound
 253037 root      20   0       0      0      0 I   0.0   0.0   0:02.71 kworker/u12:8-devfreq_wq
 271538 root      20   0  410228  41960  21380 S   0.0   0.5   0:01.38 fwupd
 274472 root       0 -20       0      0      0 I   0.0   0.0   0:03.87 kworker/u13:1-uvcvideo
 278878 root      20   0       0      0      0 I   0.0   0.0   0:00.09 kworker/4:2-events
 284193 root      20   0       0      0      0 I   0.0   0.0   0:01.56 kworker/u12:3-events_unbound
 289098 jetson    20   0  572504  38648  13228 S   0.0   0.5   0:00.95 ros2
 289121 jetson    20   0 1082820  58716  26356 S   0.0   0.8   0:30.84 foxglove_bridge
 290503 jetson    20   0  129772  34672  13228 S   0.0   0.4   0:00.69 ros2
 295127 root      20   0       0      0      0 I   0.0   0.0   0:00.02 kworker/1:3-cgroup_destroy
 295225 root      20   0       0      0      0 I   0.0   0.0   0:00.00 kworker/3:1-events
 298318 root      20   0       0      0      0 I   0.0   0.0   0:00.00 kworker/4:0-events
 298521 root      20   0       0      0      0 I   0.0   0.0   0:00.00 kworker/5:1-cgroup_destroy
 301519 root      20   0       0      0      0 I   0.0   0.0   0:00.04 kworker/0:1-events
 301563 root      20   0       0      0      0 I   0.0   0.0   0:00.00 kworker/2:0-cgroup_destroy
 301980 jetson    20   0   53568  30336  15004 S   0.0   0.4   0:00.44 ros2
 305476 root      20   0       0      0      0 I   0.0   0.0   0:00.79 kworker/u12:9-events_unbound
 314676 root      20   0       0      0      0 I   0.0   0.0   0:00.00 kworker/5:2-events
 314679 root      20   0       0      0      0 I   0.0   0.0   0:00.00 kworker/2:1-events
 314725 root      20   0       0      0      0 I   0.0   0.0   0:00.00 kworker/0:2
 314862 root      20   0       0      0      0 I   0.0   0.0   0:00.00 kworker/1:0-events
 315002 root      20   0       0      0      0 I   0.0   0.0   0:00.00 kworker/2:2
 316431 root      20   0    9436    772    692 S   0.0   0.0   0:00.00 sleep
 316651 root      20   0       0      0      0 I   0.0   0.0   0:00.01 kworker/3:2-events
 316919 jetson    20   0   11248   3308   2868 S   0.0   0.0   0:00.03 bash
 318996 jetson    20   0   11248   3304   2868 S   0.0   0.0   0:00.01 bash
 319049 jetson    20   0    2872    896    800 S   0.0   0.0   0:00.06 tegrastats
 319246 jetson    20   0    9480    820    736 S   0.0   0.0   0:00.00 tail
 320065 root      30  10    9436    780    704 S   0.0   0.0   0:00.00 sleep
 320253 root       0 -20       0      0      0 I   0.0   0.0   0:00.02 kworker/u13:4-uvcvideo

top - 13:48:32 up  4:11,  0 users,  load average: 5.91, 5.19, 5.27
Tasks: 350 total,   1 running, 349 sleeping,   0 stopped,   0 zombie
%Cpu(s): 43.2 us, 11.4 sy,  0.0 ni, 40.9 id,  0.0 wa,  2.4 hi,  2.1 si,  0.0 st
MiB Mem :   7607.4 total,   2717.6 free,   2033.2 used,   2856.6 buff/cache
MiB Swap:   3803.7 total,   3803.7 free,      0.0 used.   5268.3 avail Mem 

    PID USER      PR  NI    VIRT    RES    SHR S  %CPU  %MEM     TIME+ COMMAND
 319245 jetson    20   0  753948  71800  29576 S  41.1   0.9   0:12.41 python3
 289467 jetson    20   0  709004  62292  27276 S  37.1   0.8   4:54.82 python3
 303945 jetson    20   0  963220  47524  23528 S  31.7   0.6   0:54.48 controller_serv
 319047 jetson    20   0  764356  56104  25376 S  23.3   0.7   0:07.93 ros2
 301995 jetson    20   0 9351040 403520  85056 S  16.8   5.2   1:24.16 nvblox_node
 303953 jetson    20   0  531168  46396  26216 S  15.8   0.6   0:45.12 bt_navigator
    969 root      20   0  237044  10468   6400 S  15.3   0.1   2:03.04 polkitd
 289115 jetson    20   0  711152  66764  27276 S  14.4   0.9   2:15.84 python3
 289113 jetson    20   0 1748412 107168  51312 S  13.9   1.4   1:58.44 realsense2_came
 289117 jetson    20   0  432948  28320  14224 S  13.9   0.4   2:13.53 rplidar_node
 290529 jetson    20   0 1062448  54704  24360 S  12.9   0.7   0:35.53 async_slam_tool
 289469 jetson    20   0  506204  34000  18400 S  11.4   0.4   1:35.26 ekf_node
 303949 jetson    20   0 1209768  92292  42832 S  10.9   1.2   0:50.10 planner_server
 303985 jetson    20   0  577392  31576  16252 S  10.9   0.4   0:50.43 lifecycle_manag
 289119 jetson    20   0  708116  63664  27448 S   9.9   0.8   1:15.12 python3
 303943 jetson    20   0  709520  64224  27412 S   8.9   0.8   0:23.11 python3
 303951 jetson    20   0  516316  35092  21016 S   6.9   0.5   0:34.97 behavior_server
 303947 jetson    20   0  664664  33136  19416 S   6.4   0.4   0:29.66 smoother_server
 303955 jetson    20   0  431300  29232  17008 S   5.9   0.4   0:24.76 waypoint_follow
 303973 jetson    20   0  428560  27816  15960 S   5.9   0.4   0:24.96 velocity_smooth
  13320 root      20   0 1300240  43632  11392 S   4.0   0.6  17:30.10 micro_ros_agent
    828 message+  20   0   10496   5632   3584 S   3.5   0.1   0:28.32 dbus-daemon
    829 root      20   0  264752  18684  14872 S   2.5   0.2   0:25.59 NetworkManager
      1 root      20   0  167628  11768   7448 S   2.0   0.2   0:20.53 systemd
    904 root      rt   0       0      0      0 S   1.0   0.0   1:04.21 sugov:0
    909 root      rt   0       0      0      0 S   1.0   0.0   0:30.49 sugov:4
 319048 jetson    20   0   14344   3368   2772 R   1.0   0.0   0:00.31 top
    849 root      20   0  241652   9056   6312 S   0.5   0.1   0:00.41 power-profiles-
    854 syslog    20   0  222160   5012   3672 S   0.5   0.1   0:03.51 rsyslogd
   1052 root      20   0       0      0      0 S   0.5   0.0   0:13.46 nvgpu_channel_p
   2071 gdm       20   0 3471500 137204  73260 S   0.5   1.8   0:31.37 gnome-shell
  12473 root      20   0 1233488  13236   6340 S   0.5   0.2   0:01.97 containerd-shim
  33484 root      20   0       0      0      0 I   0.5   0.0   0:12.37 kworker/u12:0-events_unbound
  90870 root      20   0       0      0      0 I   0.5   0.0   0:11.78 kworker/u12:11-events_freezable_power_
 205195 root       0 -20       0      0      0 I   0.5   0.0   0:09.98 kworker/u13:0-uvcvideo
 251138 root      20   0       0      0      0 I   0.5   0.0   0:02.57 kworker/u12:4-events_freezable_power_
 289121 jetson    20   0 1082820  58716  26356 S   0.5   0.8   0:30.85 foxglove_bridge
 319049 jetson    20   0    2872    896    800 S   0.5   0.0   0:00.07 tegrastats
 320253 root       0 -20       0      0      0 I   0.5   0.0   0:00.03 kworker/u13:4-uvcvideo
      2 root      20   0       0      0      0 S   0.0   0.0   0:00.02 kthreadd
      3 root       0 -20       0      0      0 I   0.0   0.0   0:00.00 rcu_gp
      4 root       0 -20       0      0      0 I   0.0   0.0   0:00.00 rcu_par_gp
      5 root       0 -20       0      0      0 I   0.0   0.0   0:00.00 slub_flushwq
      6 root       0 -20       0      0      0 I   0.0   0.0   0:00.00 netns
      8 root       0 -20       0      0      0 I   0.0   0.0   0:00.00 kworker/0:0H-events_highpri
     10 root       0 -20       0      0      0 I   0.0   0.0   0:00.00 mm_percpu_wq
     11 root      20   0       0      0      0 S   0.0   0.0   0:00.00 rcu_tasks_kthre
     12 root      20   0       0      0      0 S   0.0   0.0   0:00.00 rcu_tasks_rude_
     13 root      20   0       0      0      0 S   0.0   0.0   0:00.00 rcu_tasks_trace
     14 root      20   0       0      0      0 S   0.0   0.0   0:13.43 ksoftirqd/0
     15 root      20   0       0      0      0 I   0.0   0.0   0:05.84 rcu_preempt
     16 root      rt   0       0      0      0 S   0.0   0.0   0:00.01 migration/0
     17 root      20   0       0      0      0 S   0.0   0.0   0:00.00 cpuhp/0
     18 root      20   0       0      0      0 S   0.0   0.0   0:00.00 cpuhp/1
     19 root      rt   0       0      0      0 S   0.0   0.0   0:00.01 migration/1
     20 root      20   0       0      0      0 S   0.0   0.0   0:00.83 ksoftirqd/1
     22 root       0 -20       0      0      0 I   0.0   0.0   0:00.00 kworker/1:0H-events_highpri
     23 root      20   0       0      0      0 S   0.0   0.0   0:00.00 cpuhp/2
     24 root      rt   0       0      0      0 S   0.0   0.0   0:00.00 migration/2
     25 root      20   0       0      0      0 S   0.0   0.0   0:00.84 ksoftirqd/2
     27 root       0 -20       0      0      0 I   0.0   0.0   0:00.00 kworker/2:0H-events_highpri
     28 root      20   0       0      0      0 S   0.0   0.0   0:00.00 cpuhp/3
     29 root      rt   0       0      0      0 S   0.0   0.0   0:00.00 migration/3
     30 root      20   0       0      0      0 S   0.0   0.0   0:00.78 ksoftirqd/3
     32 root       0 -20       0      0      0 I   0.0   0.0   0:00.00 kworker/3:0H-events_highpri
     33 root      20   0       0      0      0 S   0.0   0.0   0:00.00 cpuhp/4
     34 root      rt   0       0      0      0 S   0.0   0.0   0:00.03 migration/4
     35 root      20   0       0      0      0 S   0.0   0.0   0:00.58 ksoftirqd/4
     37 root       0 -20       0      0      0 I   0.0   0.0   0:00.00 kworker/4:0H-kblockd
     38 root      20   0       0      0      0 S   0.0   0.0   0:00.00 cpuhp/5
     39 root      rt   0       0      0      0 S   0.0   0.0   0:00.03 migration/5
     40 root      20   0       0      0      0 S   0.0   0.0   0:00.59 ksoftirqd/5
     42 root       0 -20       0      0      0 I   0.0   0.0   0:00.00 kworker/5:0H-events_highpri
     43 root      20   0       0      0      0 S   0.0   0.0   0:00.01 kdevtmpfs
     44 root       0 -20       0      0      0 I   0.0   0.0   0:00.00 inet_frag_wq
     51 root      20   0       0      0      0 S   0.0   0.0   0:00.00 kauditd
     52 root      20   0       0      0      0 S   0.0   0.0   0:00.00 oom_reaper
     53 root       0 -20       0      0      0 I   0.0   0.0   0:00.00 writeback
     54 root      20   0       0      0      0 S   0.0   0.0   0:00.12 kcompactd0
     55 root      25   5       0      0      0 S   0.0   0.0   0:00.00 ksmd
     56 root      39  19       0      0      0 S   0.0   0.0   0:01.27 khugepaged
     67 root       0 -20       0      0      0 I   0.0   0.0   0:00.00 cryptd
     86 root       0 -20       0      0      0 I   0.0   0.0   0:00.00 kintegrityd
     87 root       0 -20       0      0      0 I   0.0   0.0   0:00.00 kblockd
     88 root       0 -20       0      0      0 I   0.0   0.0   0:00.00 blkcg_punt_bio
     89 root       0 -20       0      0      0 I   0.0   0.0   0:00.00 tpm_dev_wq
     90 root       0 -20       0      0      0 I   0.0   0.0   0:00.00 ata_sff
     91 root       0 -20       0      0      0 I   0.0   0.0   0:00.00 edac-poller
     92 root       0 -20       0      0      0 I   0.0   0.0   0:00.00 devfreq_wq
     93 root     -51   0       0      0      0 S   0.0   0.0   0:00.00 watchdogd
     96 root       0 -20       0      0      0 I   0.0   0.0   0:00.05 kworker/1:1H-kblockd
     97 root       0 -20       0      0      0 I   0.0   0.0   0:00.00 rpciod
     99 root       0 -20       0      0      0 I   0.0   0.0   0:00.00 xprtiod
    127 root      20   0       0      0      0 S   0.0   0.0   0:00.00 kswapd0
    128 root       0 -20       0      0      0 I   0.0   0.0   0:00.00 nfsiod
    132 root       0 -20       0      0      0 I   0.0   0.0   0:00.00 vfio-irqfd-clea
    133 root       0 -20       0      0      0 I   0.0   0.0   0:00.00 bch_btree_io
    134 root       0 -20       0      0      0 I   0.0   0.0   0:00.00 bcache
    135 root       0 -20       0      0      0 I   0.0   0.0   0:00.00 bch_journal
    136 root       0 -20       0      0      0 I   0.0   0.0   0:00.00 dm_bufio_cache
    137 root      20   0       0      0      0 I   0.0   0.0   0:01.56 kworker/1:2-pm
    139 root      20   0       0      0      0 I   0.0   0.0   0:00.99 kworker/2:3-events
    140 root      10 -10       0      0      0 S   0.0   0.0   0:00.00 krfcommd
    141 root      20   0       0      0      0 S   0.0   0.0   0:00.01 pr/tty0
    142 root      20   0       0      0      0 S   0.0   0.0   0:03.05 pr/ttyTCU0
    145 root     -51   0       0      0      0 S   0.0   0.0   0:00.00 irq/114-3160000
    147 root     -51   0       0      0      0 S   0.0   0.0   0:00.00 irq/115-3180000
    149 root     -51   0       0      0      0 S   0.0   0.0   0:00.00 irq/116-31b0000
    150 root     -51   0       0      0      0 S   0.0   0.0   0:00.02 irq/167-c240000
    151 root     -51   0       0      0      0 S   0.0   0.0   0:00.00 irq/168-c250000
    152 root     -51   0       0      0      0 S   0.0   0.0   0:00.00 irq/125-3610000
    153 root     -51   0       0      0      0 S   0.0   0.0   0:00.00 irq/122-3610000
    155 root       0 -20       0      0      0 I   0.0   0.0   0:00.00 sdhci
    156 root     -51   0       0      0      0 S   0.0   0.0   0:00.00 irq/120-mmc0
    157 root     -51   0       0      0      0 S   0.0   0.0   0:00.00 irq/230-3400000
    174 root       0 -20       0      0      0 I   0.0   0.0   0:00.05 kworker/3:1H-kblockd
    180 root     -51   0       0      0      0 S   0.0   0.0   0:00.00 irq/191-tegra-p
    181 root       0 -20       0      0      0 I   0.0   0.0   0:00.00 nvme-wq
    182 root       0 -20       0      0      0 I   0.0   0.0   0:00.00 nvme-reset-wq
    183 root       0 -20       0      0      0 I   0.0   0.0   0:00.00 nvme-delete-wq
    192 root     -51   0       0      0      0 S   0.0   0.0   0:00.00 irq/191-aerdrv
    193 root     -51   0       0      0      0 S   0.0   0.0   0:00.00 irq/193-tegra-p
    196 root     -51   0       0      0      0 S   0.0   0.0   0:00.00 irq/193-aerdrv
    197 root     -51   0       0      0      0 S   0.0   0.0   0:00.00 irq/195-tegra-p
    199 root     -51   0       0      0      0 S   0.0   0.0   0:00.00 irq/232-nvme0q0
    200 root     -51   0       0      0      0 S   0.0   0.0   0:00.25 irq/233-nvme0q1
    201 root     -51   0       0      0      0 S   0.0   0.0   0:00.29 irq/234-nvme0q2
    202 root     -51   0       0      0      0 S   0.0   0.0   0:00.43 irq/235-nvme0q3
    203 root     -51   0       0      0      0 S   0.0   0.0   0:00.55 irq/236-nvme0q4
    204 root     -51   0       0      0      0 S   0.0   0.0   0:00.13 irq/237-nvme0q5
    205 root     -51   0       0      0      0 S   0.0   0.0   0:00.09 irq/238-nvme0q6
    211 root       0 -20       0      0      0 I   0.0   0.0   0:00.05 kworker/4:1H-kblockd
    212 root      20   0       0      0      0 S   0.0   0.0   0:00.89 jbd2/nvme0n1p1-
    213 root       0 -20       0      0      0 I   0.0   0.0   0:00.00 ext4-rsv-conver
    222 root       0 -20       0      0      0 I   0.0   0.0   0:00.00 mld
    223 root       0 -20       0      0      0 I   0.0   0.0   0:00.03 kworker/0:1H-kblockd
    224 root       0 -20       0      0      0 I   0.0   0.0   0:00.00 ipv6_addrconf
    256 root      19  -1   48840  14960  13348 S   0.0   0.2   0:17.97 systemd-journal
    278 root       0 -20       0      0      0 I   0.0   0.0   0:00.07 kworker/2:1H-kblockd
    280 root      39  19       0      0      0 S   0.0   0.0   0:00.48 nvmap-bz
    281 root     -51   0       0      0      0 S   0.0   0.0   0:00.00 irq/188-host1x_
    285 root     -51   0       0      0      0 S   0.0   0.0   0:00.00 irq/197-gk20a_s
    286 root     -51   0       0      0      0 S   0.0   0.0   0:00.01 irq/198-gk20a_s
    287 root     -51   0       0      0      0 S   0.0   0.0   0:00.01 irq/199-gk20a_s
    288 root     -51   0       0      0      0 S   0.0   0.0   0:00.00 irq/200-gk20a_n
    291 root       0 -20       0      0      0 I   0.0   0.0   0:00.04 kworker/5:1H-kblockd
    295 root      20   0   11116   3460   3204 S   0.0   0.0   0:00.00 nv-tee-supplica
    299 root      20   0   76588   1360   1248 S   0.0   0.0   0:00.01 tee-supplicant
    301 root       0 -20       0      0      0 I   0.0   0.0   0:00.00 optee_bus_scan
    303 root     -51   0       0      0      0 S   0.0   0.0   0:00.00 irq/189-tegra-p
    312 root      20   0   23732   6316   4080 S   0.0   0.1   0:17.84 systemd-udevd
    313 root     -51   0       0      0      0 S   0.0   0.0   0:00.00 irq/189-aerdrv
    314 root      20   0   23216   5812   3992 S   0.0   0.1   0:00.38 systemd-udevd
    315 root      20   0   23216   5020   3248 S   0.0   0.1   0:00.15 systemd-udevd
    316 root      20   0   23268   6224   4288 S   0.0   0.1   0:00.16 systemd-udevd
    317 root      20   0   23220   4364   2600 S   0.0   0.1   0:00.11 systemd-udevd
    318 root      20   0   23216   4480   2672 S   0.0   0.1   0:00.12 systemd-udevd
    319 root      20   0   23212   5812   3980 S   0.0   0.1   0:00.28 systemd-udevd
    320 root      20   0   23264   4688   2764 S   0.0   0.1   0:00.13 systemd-udevd
    321 root      20   0   23268   5072   3136 S   0.0   0.1   0:00.18 systemd-udevd
    322 root      20   0   23524   5520   3456 S   0.0   0.1   0:00.26 systemd-udevd
    323 root      20   0   23216   6280   4444 S   0.0   0.1   0:00.37 systemd-udevd
    324 root      20   0   23220   5196   3388 S   0.0   0.1   0:00.16 systemd-udevd
    325 root      20   0   23220   5820   3976 S   0.0   0.1   0:00.37 systemd-udevd
    326 root      20   0   23220   5236   3388 S   0.0   0.1   0:00.39 systemd-udevd
    327 root      20   0   23220   5468   3656 S   0.0   0.1   0:00.18 systemd-udevd
    330 root      20   0   23512   5728   3684 S   0.0   0.1   0:00.14 systemd-udevd
    331 root      20   0   24292   5540   2676 S   0.0   0.1   0:00.16 systemd-udevd
    333 root      20   0   23524   5596   3532 S   0.0   0.1   0:00.26 systemd-udevd
    334 root      20   0   23220   5080   3240 S   0.0   0.1   0:00.25 systemd-udevd
    335 root      20   0   23220   4504   2708 S   0.0   0.1   0:00.11 systemd-udevd
    336 root      20   0   23220   4696   2892 S   0.0   0.1   0:00.14 systemd-udevd
    337 root      20   0   23524   5056   2992 S   0.0   0.1   0:00.16 systemd-udevd
    339 root      20   0   23220   4980   3148 S   0.0   0.1   0:00.17 systemd-udevd
    340 root      20   0   23544   6732   4608 S   0.0   0.1   1:00.06 systemd-udevd
    341 root      20   0   23276   5328   3384 S   0.0   0.1   0:00.13 systemd-udevd
    342 root      20   0   23280   5176   3228 S   0.0   0.1   0:00.13 systemd-udevd
    343 root      20   0   23220   5984   4152 S   0.0   0.1   0:00.30 systemd-udevd
    344 root      20   0   23560   6700   4596 S   0.0   0.1   0:00.48 systemd-udevd
    345 root      20   0       0      0      0 S   0.0   0.0   0:00.00 15820000.crypto
    346 root      20   0       0      0      0 S   0.0   0.0   0:00.00 15840000.crypto
    368 root      20   0   23324   5984   4116 S   0.0   0.1   0:00.40 systemd-udevd
    417 root     -51   0       0      0      0 S   0.0   0.0   0:00.00 irq/219-bc00000
    419 root      -2   0       0      0      0 S   0.0   0.0   0:00.00 capture-control
    420 root      -2   0       0      0      0 S   0.0   0.0   0:00.00 capture
    422 root     -51   0       0      0      0 S   0.0   0.0   0:00.00 irq/214-tegra_d
    423 root     -51   0       0      0      0 S   0.0   0.0   0:00.00 irq/215-tegra_d
    424 root       0 -20       0      0      0 I   0.0   0.0   0:00.00 dce-async-ipc-w
    425 root     -51   0       0      0      0 S   0.0   0.0   0:00.00 irq/240-nvvrs-p
    427 root      20   0       0      0      0 S   0.0   0.0   0:00.00 nv_queue
    428 root      20   0       0      0      0 S   0.0   0.0   0:00.00 nv_queue
    483 root     -51   0       0      0      0 S   0.0   0.0   0:00.00 irq/118-3210000
    487 root      20   0       0      0      0 S   0.0   0.0   0:00.00 spi0
    495 root       0 -20       0      0      0 I   0.0   0.0   0:00.00 cfg80211
    497 root     -51   0       0      0      0 S   0.0   0.0   0:00.00 irq/119-3230000
    498 root      20   0       0      0      0 S   0.0   0.0   0:00.00 spi1
    584 root       0 -20       0      0      0 I   0.0   0.0   0:00.00 btfwwork
    650 root      20   0    8236   6424   1432 S   0.0   0.1   0:00.57 haveged
    653 _rpc      20   0    7932   2264   1912 S   0.0   0.0   0:00.02 rpcbind
    659 systemd+  20   0   26320  13580   8496 S   0.0   0.2   0:00.40 systemd-resolve
    662 systemd+  20   0   88880   6332   5484 S   0.0   0.1   0:00.13 systemd-timesyn
    826 avahi     20   0    8084   3108   2752 S   0.0   0.0   0:00.48 avahi-daemon
    827 root      20   0    9888   4552   4112 S   0.0   0.1   0:00.07 bluetoothd
    838 root      20   0   43504  19780  10232 S   0.0   0.3   0:00.15 networkd-dispat
    859 root      20   0    2240    796    720 S   0.0   0.0   0:00.00 seatd
    865 root      20   0 2145956  51796  25768 S   0.0   0.7   0:25.66 snapd
    867 root      20   0  242124   7452   6576 S   0.0   0.1   0:01.40 accounts-daemon
    869 root      20   0  238128   6232   5620 S   0.0   0.1   0:00.04 switcheroo-cont
    871 root      20   0   48968   7620   6296 S   0.0   0.1   0:02.47 systemd-logind
    874 root      20   0  394188  13988   9476 S   0.0   0.2   0:00.82 udisksd
    875 root      20   0   16632   9928   8148 S   0.0   0.1   0:00.89 wpa_supplicant
    882 avahi     20   0    7812    356      0 S   0.0   0.0   0:00.00 avahi-daemon
    921 root      30  10   11248   3612   3220 S   0.0   0.0   0:05.60 wifi_mon.sh
    983 root      20   0    2460   1556   1380 S   0.0   0.0   0:05.38 nvfancontrol
   1049 root      20   0       0      0      0 S   0.0   0.0   0:00.00 sw-quiesce
   1068 root      20   0       0      0      0 S   0.0   0.0   0:00.00 nvgpu_pg_init_g
   1087 root      20   0       0      0      0 S   0.0   0.0   0:00.00 nvgpu_clk_arb_p
   1117 root      20   0       0      0      0 S   0.0   0.0   0:05.08 RTW_CMD_THREAD
   1157 root      20   0   75936   9960   8136 S   0.0   0.1   0:00.01 nvargus-daemon
   1158 root      20   0   11116   3520   3220 S   0.0   0.0   0:00.05 nvmemwarning.sh
   1171 root      20   0   22192   1776   1580 S   0.0   0.0   0:00.00 nvs-service
   1181 ollama    20   0 2006720  39588  20072 S   0.0   0.5   0:00.74 ollama
   1195 root      20   0    2336   1408   1292 S   0.0   0.0   0:01.96 run-cups-browse
   1201 root      20   0    2336   1424   1296 S   0.0   0.0   0:02.02 run-cupsd
   1204 root      20   0       0      0      0 S   0.0   0.0   0:00.00 pr/ramoops-1
   1212 root      20   0 2093080  58448  33576 S   0.0   0.8   0:15.78 containerd
   1239 root      20   0   10772   2824   2576 S   0.0   0.0   0:00.04 cron
   1259 root      20   0  243128   8056   7012 S   0.0   0.1   0:00.02 gdm3
   1263 kernoops  20   0   12812    452      0 S   0.0   0.0   0:00.01 kerneloops
   1290 root      20   0    9468    800    724 S   0.0   0.0   0:00.00 agetty
   1291 kernoops  20   0   12812    452      0 S   0.0   0.0   0:00.01 kerneloops
   1293 root      20   0    9468    804    724 S   0.0   0.0   0:00.00 agetty
   1330 root      20   0  173408   8804   7628 S   0.0   0.1   0:00.02 gdm-session-wor
   1417 root      20   0       0      0      0 S   0.0   0.0   0:00.00 file-storage
   1426 root      20   0   15272   8368   6788 S   0.0   0.1   0:00.48 sshd
   1474 gdm       20   0   18120   9728   7360 S   0.0   0.1   0:00.41 systemd
   1478 root      20   0    3076    992    880 S   0.0   0.0   0:00.00 nvphsd
   1483 root      20   0    3208   1476   1316 S   0.0   0.0   0:00.00 nvphsd
   1497 gdm       20   0  106692   4552      0 S   0.0   0.1   0:00.00 (sd-pam)
   1588 root      20   0 2352492  96592  56580 S   0.0   1.2   0:04.98 dockerd
   1688 gdm        9 -11   41972   6472   5156 S   0.0   0.1   0:00.05 pipewire
   1689 gdm       20   0   25476   6428   5104 S   0.0   0.1   0:00.99 pipewire-media-
   1690 gdm        9 -11  891840  20748  12584 S   0.0   0.3   0:00.77 pulseaudio
   1695 gdm       20   0  163948   5472   4964 S   0.0   0.1   0:00.00 gdm-x-session
   1697 root      20   0   24.2g  80524  35884 S   0.0   1.0   0:01.68 Xorg
   1698 rtkit     21   1  153504   1588   1380 S   0.0   0.0   0:00.21 rtkit-daemon
   1729 gdm       20   0    8840   3600   3212 S   0.0   0.0   0:00.02 dbus-daemon
   1748 root      20   0       0      0      0 S   0.0   0.0   0:00.00 nvidia-modeset/
   1749 root      20   0       0      0      0 S   0.0   0.0   0:00.00 nvidia-modeset/
   1752 root      20   0       0      0      0 S   0.0   0.0   0:00.00 nvidia
   1753 root      20   0       0      0      0 S   0.0   0.0   0:00.00 nv_queue
   1790 root      20   0       0      0      0 S   0.0   0.0   0:00.00 nvidia-drm-nv-t
   1791 root     -51   0       0      0      0 S   0.0   0.0   0:00.00 card1-crtc0
   1792 root     -51   0       0      0      0 S   0.0   0.0   0:00.00 card1-crtc1
   1980 gdm       20   0    5876   1552   1344 S   0.0   0.0   0:00.00 dbus-run-sessio
   1983 gdm       20   0    9108   4440   3588 S   0.0   0.1   0:00.13 dbus-daemon
   2035 gdm       20   0  597840  17824  12972 S   0.0   0.2   0:00.72 gnome-session-b
   2057 gdm       20   0  310068   8976   6272 S   0.0   0.1   0:00.00 at-spi-bus-laun
   2062 gdm       20   0    8692   3556   3168 S   0.0   0.0   0:00.00 dbus-daemon
   2092 gdm       20   0  237676   4964   4528 S   0.0   0.1   0:00.00 xdg-permission-
   2099 root      20   0  243852  10136   6984 S   0.0   0.1   0:00.34 upowerd
   2106 root      20   0  301608  19332  16408 S   0.0   0.2   0:01.06 packagekitd
   2110 gdm       20   0 2812288  25716  20860 S   0.0   0.3   0:00.08 gjs
   2113 gdm       20   0  163144   7196   6428 S   0.0   0.1   0:00.01 at-spi2-registr
   2141 gdm       20   0  468748   9856   7940 S   0.0   0.1   0:01.32 gsd-sharing
   2146 gdm       20   0  338880  14892  12620 S   0.0   0.2   0:00.06 gsd-wacom
   2148 gdm       20   0  451616  18896  16480 S   0.0   0.2   0:00.16 gsd-color
   2150 gdm       20   0  412392  17092  13292 S   0.0   0.2   0:00.04 gsd-keyboard
   2152 gdm       20   0  316864  13188   6244 S   0.0   0.2   0:00.10 ibus-daemon
   2156 gdm       20   0  326124   9848   8488 S   0.0   0.1   0:00.02 gsd-print-notif
   2166 gdm       20   0  242216   6512   5848 S   0.0   0.1   0:00.01 gvfsd
   2168 gdm       20   0  459796   6140   5436 S   0.0   0.1   0:00.39 gsd-rfkill
   2170 gdm       20   0  388312   7432   6528 S   0.0   0.1   0:00.01 gsd-smartcard
   2173 gdm       20   0  380556  16508  12504 S   0.0   0.2   0:00.03 gsd-datetime
   2183 gdm       20   0  864216  20108  17428 S   0.0   0.3   0:00.37 gsd-media-keys
   2184 gdm       20   0  237936   4760   4376 S   0.0   0.1   0:00.01 gsd-screensaver
   2185 gdm       20   0  322096  10392   7320 S   0.0   0.1   0:00.02 gsd-sound
   2186 gdm       20   0  312416   8104   5476 S   0.0   0.1   0:00.01 gsd-a11y-settin
   2193 gdm       20   0  313996   8944   6152 S   0.0   0.1   0:00.64 gsd-housekeepin
   2195 gdm       20   0  450004  20288  15904 S   0.0   0.3   0:00.37 gsd-power
   2218 gdm       20   0  347052  12608  10748 S   0.0   0.2   0:00.03 gsd-printer
   2221 gdm       20   0  239040   6576   5948 S   0.0   0.1   0:00.00 ibus-dconf
   2233 gdm       20   0  238936   5920   5488 S   0.0   0.1   0:00.00 ibus-portal
   2263 colord    20   0  247516  14492   8720 S   0.0   0.2   0:00.23 colord
   2285 gdm       20   0 2812300  27868  20904 S   0.0   0.4   0:00.09 gjs
   2349 gdm       20   0  165096   6516   5892 S   0.0   0.1   0:00.01 ibus-engine-sim
   2508 root      20   0  136716  13172   9512 S   0.0   0.2   0:00.61 cupsd
   2522 root      20   0  260792  17940  13508 S   0.0   0.2   0:01.23 cups-browsed
  11687 jetson    20   0   18140   9764   7368 S   0.0   0.1   0:00.32 systemd
  11688 jetson    20   0  172512   4632      0 S   0.0   0.1   0:00.00 (sd-pam)
  11696 jetson    20   0   41976   6552   5228 S   0.0   0.1   0:00.04 pipewire
  11697 jetson    20   0   25484   6724   5388 S   0.0   0.1   0:01.07 pipewire-media-
  11749 jetson    20   0    8888   3620   3232 S   0.0   0.0   0:00.01 dbus-daemon
  11931 jetson    20   0  706564  62076  26432 S   0.0   0.8   1:20.12 python3
  12502 jetson    20   0    5508    792    704 S   0.0   0.0   0:00.20 sleep
  12567 root      20   0   21892   5484   3884 S   0.0   0.1   0:16.84 systemd-udevd
  12575 root      20   0   21760   4536   2952 S   0.0   0.1   0:34.29 systemd-udevd
  13234 jetson    20   0  203640  35476  13212 S   0.0   0.5   0:00.75 ros2
  13236 jetson    20   0 2070472  36080  17228 S   0.0   0.5   0:00.56 docker
  13238 jetson    20   0  428384  31060  15828 S   0.0   0.4   1:22.44 robot_state_pub
  13265 root      20   0 1232976  11192   5960 S   0.0   0.1   0:01.40 containerd-shim
  13294 root      20   0   49400  29204  14412 S   0.0   0.4   0:00.40 ros2
  13554 root      20   0   21760   4460   2932 S   0.0   0.1   0:00.03 systemd-udevd
  13555 root      20   0   21760   3352   1860 S   0.0   0.0   0:00.00 systemd-udevd
  13568 root      20   0   21760   3376   1864 S   0.0   0.0   0:00.02 systemd-udevd
  13569 root      20   0   21760   4136   2588 S   0.0   0.1   0:00.06 systemd-udevd
  13570 root      20   0   21764   4492   2960 S   0.0   0.1   0:00.05 systemd-udevd
  13571 root      20   0   21764   4108   2588 S   0.0   0.1   0:00.03 systemd-udevd
  13580 root      20   0   21764   4136   2588 S   0.0   0.1   0:00.04 systemd-udevd
  13581 root      20   0   21764   3708   2180 S   0.0   0.0   0:00.00 systemd-udevd
  13582 root      20   0   21764   4268   2704 S   0.0   0.1   0:00.06 systemd-udevd
  13594 root      20   0   21764   3408   1864 S   0.0   0.0   0:00.01 systemd-udevd
  13595 root      20   0   21764   4012   2468 S   0.0   0.1   0:00.02 systemd-udevd
  34263 root      20   0       0      0      0 I   0.0   0.0   0:14.91 kworker/u12:2-events_unbound
  49116 root      20   0       0      0      0 I   0.0   0.0   0:00.65 kworker/0:0-events
  98217 root      20   0  238836   6944   5696 S   0.0   0.1   0:02.21 iio-sensor-prox
 100141 root      20   0       0      0      0 I   0.0   0.0   0:09.71 kworker/u12:6-events_freezable_power_
 149635 root      20   0       0      0      0 I   0.0   0.0   0:00.45 kworker/3:0-events
 199974 root      20   0       0      0      0 I   0.0   0.0   0:05.37 kworker/u12:1-events_unbound
 211464 root      20   0       0      0      0 I   0.0   0.0   0:04.88 kworker/u12:7-events_unbound
 219316 root       0 -20       0      0      0 I   0.0   0.0   0:09.29 kworker/u13:3-uvcvideo
 234404 root      20   0       0      0      0 I   0.0   0.0   0:00.55 kworker/5:0-events
 253037 root      20   0       0      0      0 I   0.0   0.0   0:02.71 kworker/u12:8-devfreq_wq
 271538 root      20   0  410228  41960  21380 S   0.0   0.5   0:01.38 fwupd
 274472 root       0 -20       0      0      0 I   0.0   0.0   0:03.87 kworker/u13:1-uvcvideo
 278878 root      20   0       0      0      0 I   0.0   0.0   0:00.09 kworker/4:2-events
 284193 root      20   0       0      0      0 I   0.0   0.0   0:01.56 kworker/u12:3-events_freezable_power_
 289098 jetson    20   0  572504  38648  13228 S   0.0   0.5   0:00.95 ros2
 290503 jetson    20   0  129772  34672  13228 S   0.0   0.4   0:00.69 ros2
 295127 root      20   0       0      0      0 I   0.0   0.0   0:00.02 kworker/1:3-cgroup_destroy
 295225 root      20   0       0      0      0 I   0.0   0.0   0:00.00 kworker/3:1-events
 298318 root      20   0       0      0      0 I   0.0   0.0   0:00.00 kworker/4:0-events
 298521 root      20   0       0      0      0 I   0.0   0.0   0:00.00 kworker/5:1-cgroup_destroy
 301519 root      20   0       0      0      0 I   0.0   0.0   0:00.04 kworker/0:1-events
 301563 root      20   0       0      0      0 I   0.0   0.0   0:00.00 kworker/2:0-cgroup_destroy
 301980 jetson    20   0   53568  30336  15004 S   0.0   0.4   0:00.44 ros2
 302359 root       0 -20       0      0      0 I   0.0   0.0   0:01.69 kworker/u13:2-uvcvideo
 303903 jetson    20   0  723188  40064  13216 S   0.0   0.5   0:01.32 ros2
 305476 root      20   0       0      0      0 I   0.0   0.0   0:00.79 kworker/u12:9-events_unbound
 314676 root      20   0       0      0      0 I   0.0   0.0   0:00.00 kworker/5:2-events
 314679 root      20   0       0      0      0 I   0.0   0.0   0:00.00 kworker/2:1-events
 314725 root      20   0       0      0      0 I   0.0   0.0   0:00.00 kworker/0:2
 314862 root      20   0       0      0      0 I   0.0   0.0   0:00.00 kworker/1:0-events
 315002 root      20   0       0      0      0 I   0.0   0.0   0:00.00 kworker/2:2
 316431 root      20   0    9436    772    692 S   0.0   0.0   0:00.00 sleep
 316651 root      20   0       0      0      0 I   0.0   0.0   0:00.01 kworker/3:2-events
 316919 jetson    20   0   11248   3308   2868 S   0.0   0.0   0:00.03 bash
 318996 jetson    20   0   11248   3304   2868 S   0.0   0.0   0:00.01 bash
 319246 jetson    20   0    9480    820    736 S   0.0   0.0   0:00.00 tail
 320065 root      30  10    9436    780    704 S   0.0   0.0   0:00.00 sleep

top - 13:48:34 up  4:11,  0 users,  load average: 5.91, 5.19, 5.27
Tasks: 350 total,   5 running, 345 sleeping,   0 stopped,   0 zombie
%Cpu(s): 39.8 us,  9.2 sy,  0.0 ni, 46.4 id,  0.0 wa,  2.4 hi,  2.1 si,  0.0 st
MiB Mem :   7607.4 total,   2717.6 free,   2033.2 used,   2856.6 buff/cache
MiB Swap:   3803.7 total,   3803.7 free,      0.0 used.   5268.3 avail Mem 

    PID USER      PR  NI    VIRT    RES    SHR S  %CPU  %MEM     TIME+ COMMAND
 319245 jetson    20   0  753948  71800  29576 R  40.9   0.9   0:13.24 python3
 289467 jetson    20   0  709004  62292  27276 R  35.0   0.8   4:55.53 python3
 303945 jetson    20   0  963220  47528  23528 S  31.0   0.6   0:55.11 controller_serv
 319047 jetson    20   0  764356  56104  25376 S  25.1   0.7   0:08.44 ros2
 301995 jetson    20   0 9351040 403516  85056 S  17.2   5.2   1:24.51 nvblox_node
 303953 jetson    20   0  531168  46396  26216 R  16.3   0.6   0:45.45 bt_navigator
 289117 jetson    20   0  432948  28320  14224 S  14.3   0.4   2:13.82 rplidar_node
 289113 jetson    20   0 1748412 107168  51312 S  13.8   1.4   1:58.72 realsense2_came
 290529 jetson    20   0 1062448  54968  24360 S  13.8   0.7   0:35.81 async_slam_tool
 289115 jetson    20   0  711152  66764  27276 S  12.8   0.9   2:16.10 python3
 289469 jetson    20   0  506204  34000  18400 R  11.8   0.4   1:35.50 ekf_node
 303985 jetson    20   0  577392  31576  16252 S  11.3   0.4   0:50.66 lifecycle_manag
 289119 jetson    20   0  708116  63664  27448 S  10.3   0.8   1:15.33 python3
 303949 jetson    20   0 1209768  92292  42832 S  10.3   1.2   0:50.31 planner_server
 303943 jetson    20   0  709520  64224  27412 S   8.9   0.8   0:23.29 python3
 303951 jetson    20   0  516316  35092  21016 S   7.4   0.5   0:35.12 behavior_server
 303947 jetson    20   0  664664  33136  19416 S   5.9   0.4   0:29.78 smoother_server
 303955 jetson    20   0  431300  29232  17008 S   5.4   0.4   0:24.87 waypoint_follow
 303973 jetson    20   0  428560  27816  15960 S   5.4   0.4   0:25.07 velocity_smooth
  13320 root      20   0 1300240  43632  11392 S   4.4   0.6  17:30.19 micro_ros_agent
    904 root      rt   0       0      0      0 S   1.5   0.0   1:04.24 sugov:0
 205195 root       0 -20       0      0      0 I   1.5   0.0   0:10.01 kworker/u13:0-uvcvideo
    340 root      20   0   23544   6732   4608 S   1.0   0.1   1:00.08 systemd-udevd
    909 root      rt   0       0      0      0 S   1.0   0.0   0:30.51 sugov:4
 211464 root      20   0       0      0      0 I   1.0   0.0   0:04.90 kworker/u12:7-events_freezable_power_
 319048 jetson    20   0   14344   3368   2772 R   1.0   0.0   0:00.33 top
  11931 jetson    20   0  706564  62076  26432 S   0.5   0.8   1:20.13 python3
  34263 root      20   0       0      0      0 I   0.5   0.0   0:14.92 kworker/u12:2-events_freezable_power_
 303903 jetson    20   0  723188  40064  13216 S   0.5   0.5   0:01.33 ros2
 305476 root      20   0       0      0      0 I   0.5   0.0   0:00.80 kworker/u12:9-events_unbound
      1 root      20   0  167628  11768   7448 S   0.0   0.2   0:20.53 systemd
      2 root      20   0       0      0      0 S   0.0   0.0   0:00.02 kthreadd
      3 root       0 -20       0      0      0 I   0.0   0.0   0:00.00 rcu_gp
      4 root       0 -20       0      0      0 I   0.0   0.0   0:00.00 rcu_par_gp
      5 root       0 -20       0      0      0 I   0.0   0.0   0:00.00 slub_flushwq
      6 root       0 -20       0      0      0 I   0.0   0.0   0:00.00 netns
      8 root       0 -20       0      0      0 I   0.0   0.0   0:00.00 kworker/0:0H-events_highpri
     10 root       0 -20       0      0      0 I   0.0   0.0   0:00.00 mm_percpu_wq
     11 root      20   0       0      0      0 S   0.0   0.0   0:00.00 rcu_tasks_kthre
     12 root      20   0       0      0      0 S   0.0   0.0   0:00.00 rcu_tasks_rude_
     13 root      20   0       0      0      0 S   0.0   0.0   0:00.00 rcu_tasks_trace
     14 root      20   0       0      0      0 S   0.0   0.0   0:13.43 ksoftirqd/0
     15 root      20   0       0      0      0 I   0.0   0.0   0:05.84 rcu_preempt
     16 root      rt   0       0      0      0 S   0.0   0.0   0:00.01 migration/0
     17 root      20   0       0      0      0 S   0.0   0.0   0:00.00 cpuhp/0
     18 root      20   0       0      0      0 S   0.0   0.0   0:00.00 cpuhp/1
     19 root      rt   0       0      0      0 S   0.0   0.0   0:00.01 migration/1
     20 root      20   0       0      0      0 S   0.0   0.0   0:00.83 ksoftirqd/1
     22 root       0 -20       0      0      0 I   0.0   0.0   0:00.00 kworker/1:0H-events_highpri
     23 root      20   0       0      0      0 S   0.0   0.0   0:00.00 cpuhp/2
     24 root      rt   0       0      0      0 S   0.0   0.0   0:00.00 migration/2
     25 root      20   0       0      0      0 S   0.0   0.0   0:00.84 ksoftirqd/2
     27 root       0 -20       0      0      0 I   0.0   0.0   0:00.00 kworker/2:0H-events_highpri
     28 root      20   0       0      0      0 S   0.0   0.0   0:00.00 cpuhp/3
     29 root      rt   0       0      0      0 S   0.0   0.0   0:00.00 migration/3
     30 root      20   0       0      0      0 S   0.0   0.0   0:00.78 ksoftirqd/3
     32 root       0 -20       0      0      0 I   0.0   0.0   0:00.00 kworker/3:0H-events_highpri
     33 root      20   0       0      0      0 S   0.0   0.0   0:00.00 cpuhp/4
     34 root      rt   0       0      0      0 S   0.0   0.0   0:00.03 migration/4
     35 root      20   0       0      0      0 S   0.0   0.0   0:00.58 ksoftirqd/4
     37 root       0 -20       0      0      0 I   0.0   0.0   0:00.00 kworker/4:0H-kblockd
     38 root      20   0       0      0      0 S   0.0   0.0   0:00.00 cpuhp/5
     39 root      rt   0       0      0      0 S   0.0   0.0   0:00.03 migration/5
     40 root      20   0       0      0      0 S   0.0   0.0   0:00.59 ksoftirqd/5
     42 root       0 -20       0      0      0 I   0.0   0.0   0:00.00 kworker/5:0H-events_highpri
     43 root      20   0       0      0      0 S   0.0   0.0   0:00.01 kdevtmpfs
     44 root       0 -20       0      0      0 I   0.0   0.0   0:00.00 inet_frag_wq
     51 root      20   0       0      0      0 S   0.0   0.0   0:00.00 kauditd
     52 root      20   0       0      0      0 S   0.0   0.0   0:00.00 oom_reaper
     53 root       0 -20       0      0      0 I   0.0   0.0   0:00.00 writeback
     54 root      20   0       0      0      0 S   0.0   0.0   0:00.12 kcompactd0
     55 root      25   5       0      0      0 S   0.0   0.0   0:00.00 ksmd
     56 root      39  19       0      0      0 S   0.0   0.0   0:01.27 khugepaged
     67 root       0 -20       0      0      0 I   0.0   0.0   0:00.00 cryptd
     86 root       0 -20       0      0      0 I   0.0   0.0   0:00.00 kintegrityd
     87 root       0 -20       0      0      0 I   0.0   0.0   0:00.00 kblockd
     88 root       0 -20       0      0      0 I   0.0   0.0   0:00.00 blkcg_punt_bio
     89 root       0 -20       0      0      0 I   0.0   0.0   0:00.00 tpm_dev_wq
     90 root       0 -20       0      0      0 I   0.0   0.0   0:00.00 ata_sff
     91 root       0 -20       0      0      0 I   0.0   0.0   0:00.00 edac-poller
     92 root       0 -20       0      0      0 I   0.0   0.0   0:00.00 devfreq_wq
     93 root     -51   0       0      0      0 S   0.0   0.0   0:00.00 watchdogd
     96 root       0 -20       0      0      0 I   0.0   0.0   0:00.05 kworker/1:1H-kblockd
     97 root       0 -20       0      0      0 I   0.0   0.0   0:00.00 rpciod
     99 root       0 -20       0      0      0 I   0.0   0.0   0:00.00 xprtiod
    127 root      20   0       0      0      0 S   0.0   0.0   0:00.00 kswapd0
    128 root       0 -20       0      0      0 I   0.0   0.0   0:00.00 nfsiod
    132 root       0 -20       0      0      0 I   0.0   0.0   0:00.00 vfio-irqfd-clea
    133 root       0 -20       0      0      0 I   0.0   0.0   0:00.00 bch_btree_io
    134 root       0 -20       0      0      0 I   0.0   0.0   0:00.00 bcache
    135 root       0 -20       0      0      0 I   0.0   0.0   0:00.00 bch_journal
    136 root       0 -20       0      0      0 I   0.0   0.0   0:00.00 dm_bufio_cache
    137 root      20   0       0      0      0 I   0.0   0.0   0:01.56 kworker/1:2-events
    139 root      20   0       0      0      0 I   0.0   0.0   0:00.99 kworker/2:3-events
    140 root      10 -10       0      0      0 S   0.0   0.0   0:00.00 krfcommd
    141 root      20   0       0      0      0 S   0.0   0.0   0:00.01 pr/tty0
    142 root      20   0       0      0      0 S   0.0   0.0   0:03.05 pr/ttyTCU0
    145 root     -51   0       0      0      0 S   0.0   0.0   0:00.00 irq/114-3160000
    147 root     -51   0       0      0      0 S   0.0   0.0   0:00.00 irq/115-3180000
    149 root     -51   0       0      0      0 S   0.0   0.0   0:00.00 irq/116-31b0000
    150 root     -51   0       0      0      0 S   0.0   0.0   0:00.02 irq/167-c240000
    151 root     -51   0       0      0      0 S   0.0   0.0   0:00.00 irq/168-c250000
    152 root     -51   0       0      0      0 S   0.0   0.0   0:00.00 irq/125-3610000
    153 root     -51   0       0      0      0 S   0.0   0.0   0:00.00 irq/122-3610000
    155 root       0 -20       0      0      0 I   0.0   0.0   0:00.00 sdhci
    156 root     -51   0       0      0      0 S   0.0   0.0   0:00.00 irq/120-mmc0
    157 root     -51   0       0      0      0 S   0.0   0.0   0:00.00 irq/230-3400000
    174 root       0 -20       0      0      0 I   0.0   0.0   0:00.05 kworker/3:1H-kblockd
    180 root     -51   0       0      0      0 S   0.0   0.0   0:00.00 irq/191-tegra-p
    181 root       0 -20       0      0      0 I   0.0   0.0   0:00.00 nvme-wq
    182 root       0 -20       0      0      0 I   0.0   0.0   0:00.00 nvme-reset-wq
    183 root       0 -20       0      0      0 I   0.0   0.0   0:00.00 nvme-delete-wq
    192 root     -51   0       0      0      0 S   0.0   0.0   0:00.00 irq/191-aerdrv
    193 root     -51   0       0      0      0 S   0.0   0.0   0:00.00 irq/193-tegra-p
    196 root     -51   0       0      0      0 S   0.0   0.0   0:00.00 irq/193-aerdrv
    197 root     -51   0       0      0      0 S   0.0   0.0   0:00.00 irq/195-tegra-p
    199 root     -51   0       0      0      0 S   0.0   0.0   0:00.00 irq/232-nvme0q0
    200 root     -51   0       0      0      0 S   0.0   0.0   0:00.25 irq/233-nvme0q1
    201 root     -51   0       0      0      0 S   0.0   0.0   0:00.29 irq/234-nvme0q2
    202 root     -51   0       0      0      0 S   0.0   0.0   0:00.43 irq/235-nvme0q3
    203 root     -51   0       0      0      0 S   0.0   0.0   0:00.55 irq/236-nvme0q4
    204 root     -51   0       0      0      0 S   0.0   0.0   0:00.13 irq/237-nvme0q5
    205 root     -51   0       0      0      0 S   0.0   0.0   0:00.09 irq/238-nvme0q6
    211 root       0 -20       0      0      0 I   0.0   0.0   0:00.05 kworker/4:1H-kblockd
    212 root      20   0       0      0      0 S   0.0   0.0   0:00.89 jbd2/nvme0n1p1-
    213 root       0 -20       0      0      0 I   0.0   0.0   0:00.00 ext4-rsv-conver
    222 root       0 -20       0      0      0 I   0.0   0.0   0:00.00 mld
    223 root       0 -20       0      0      0 I   0.0   0.0   0:00.03 kworker/0:1H-kblockd
    224 root       0 -20       0      0      0 I   0.0   0.0   0:00.00 ipv6_addrconf
    256 root      19  -1   48840  14960  13348 S   0.0   0.2   0:17.97 systemd-journal
    278 root       0 -20       0      0      0 I   0.0   0.0   0:00.07 kworker/2:1H-kblockd
    280 root      39  19       0      0      0 S   0.0   0.0   0:00.48 nvmap-bz
    281 root     -51   0       0      0      0 S   0.0   0.0   0:00.00 irq/188-host1x_
    285 root     -51   0       0      0      0 S   0.0   0.0   0:00.00 irq/197-gk20a_s
    286 root     -51   0       0      0      0 S   0.0   0.0   0:00.01 irq/198-gk20a_s
    287 root     -51   0       0      0      0 S   0.0   0.0   0:00.01 irq/199-gk20a_s
    288 root     -51   0       0      0      0 S   0.0   0.0   0:00.00 irq/200-gk20a_n
    291 root       0 -20       0      0      0 I   0.0   0.0   0:00.04 kworker/5:1H-kblockd
    295 root      20   0   11116   3460   3204 S   0.0   0.0   0:00.00 nv-tee-supplica
    299 root      20   0   76588   1360   1248 S   0.0   0.0   0:00.01 tee-supplicant
    301 root       0 -20       0      0      0 I   0.0   0.0   0:00.00 optee_bus_scan
    303 root     -51   0       0      0      0 S   0.0   0.0   0:00.00 irq/189-tegra-p
    312 root      20   0   23732   6316   4080 S   0.0   0.1   0:17.84 systemd-udevd
    313 root     -51   0       0      0      0 S   0.0   0.0   0:00.00 irq/189-aerdrv
    314 root      20   0   23216   5812   3992 S   0.0   0.1   0:00.38 systemd-udevd
    315 root      20   0   23216   5020   3248 S   0.0   0.1   0:00.15 systemd-udevd
    316 root      20   0   23268   6224   4288 S   0.0   0.1   0:00.16 systemd-udevd
    317 root      20   0   23220   4364   2600 S   0.0   0.1   0:00.11 systemd-udevd
    318 root      20   0   23216   4480   2672 S   0.0   0.1   0:00.12 systemd-udevd
    319 root      20   0   23212   5812   3980 S   0.0   0.1   0:00.28 systemd-udevd
    320 root      20   0   23264   4688   2764 S   0.0   0.1   0:00.13 systemd-udevd
    321 root      20   0   23268   5072   3136 S   0.0   0.1   0:00.18 systemd-udevd
    322 root      20   0   23524   5520   3456 S   0.0   0.1   0:00.26 systemd-udevd
    323 root      20   0   23216   6280   4444 S   0.0   0.1   0:00.37 systemd-udevd
    324 root      20   0   23220   5196   3388 S   0.0   0.1   0:00.16 systemd-udevd
    325 root      20   0   23220   5820   3976 S   0.0   0.1   0:00.37 systemd-udevd
    326 root      20   0   23220   5236   3388 S   0.0   0.1   0:00.39 systemd-udevd
    327 root      20   0   23220   5468   3656 S   0.0   0.1   0:00.18 systemd-udevd
    330 root      20   0   23512   5728   3684 S   0.0   0.1   0:00.14 systemd-udevd
    331 root      20   0   24292   5540   2676 S   0.0   0.1   0:00.16 systemd-udevd
    333 root      20   0   23524   5596   3532 S   0.0   0.1   0:00.26 systemd-udevd
    334 root      20   0   23220   5080   3240 S   0.0   0.1   0:00.25 systemd-udevd
    335 root      20   0   23220   4504   2708 S   0.0   0.1   0:00.11 systemd-udevd
    336 root      20   0   23220   4696   2892 S   0.0   0.1   0:00.14 systemd-udevd
    337 root      20   0   23524   5056   2992 S   0.0   0.1   0:00.16 systemd-udevd
    339 root      20   0   23220   4980   3148 S   0.0   0.1   0:00.17 systemd-udevd
    341 root      20   0   23276   5328   3384 S   0.0   0.1   0:00.13 systemd-udevd
    342 root      20   0   23280   5176   3228 S   0.0   0.1   0:00.13 systemd-udevd
    343 root      20   0   23220   5984   4152 S   0.0   0.1   0:00.30 systemd-udevd
    344 root      20   0   23560   6700   4596 S   0.0   0.1   0:00.48 systemd-udevd
    345 root      20   0       0      0      0 S   0.0   0.0   0:00.00 15820000.crypto
    346 root      20   0       0      0      0 S   0.0   0.0   0:00.00 15840000.crypto
    368 root      20   0   23324   5984   4116 S   0.0   0.1   0:00.40 systemd-udevd
    417 root     -51   0       0      0      0 S   0.0   0.0   0:00.00 irq/219-bc00000
    419 root      -2   0       0      0      0 S   0.0   0.0   0:00.00 capture-control
    420 root      -2   0       0      0      0 S   0.0   0.0   0:00.00 capture
    422 root     -51   0       0      0      0 S   0.0   0.0   0:00.00 irq/214-tegra_d
    423 root     -51   0       0      0      0 S   0.0   0.0   0:00.00 irq/215-tegra_d
    424 root       0 -20       0      0      0 I   0.0   0.0   0:00.00 dce-async-ipc-w
    425 root     -51   0       0      0      0 S   0.0   0.0   0:00.00 irq/240-nvvrs-p
    427 root      20   0       0      0      0 S   0.0   0.0   0:00.00 nv_queue
    428 root      20   0       0      0      0 S   0.0   0.0   0:00.00 nv_queue
    483 root     -51   0       0      0      0 S   0.0   0.0   0:00.00 irq/118-3210000
    487 root      20   0       0      0      0 S   0.0   0.0   0:00.00 spi0
    495 root       0 -20       0      0      0 I   0.0   0.0   0:00.00 cfg80211
    497 root     -51   0       0      0      0 S   0.0   0.0   0:00.00 irq/119-3230000
    498 root      20   0       0      0      0 S   0.0   0.0   0:00.00 spi1
    584 root       0 -20       0      0      0 I   0.0   0.0   0:00.00 btfwwork
    650 root      20   0    8236   6424   1432 S   0.0   0.1   0:00.57 haveged
    653 _rpc      20   0    7932   2264   1912 S   0.0   0.0   0:00.02 rpcbind
    659 systemd+  20   0   26320  13580   8496 S   0.0   0.2   0:00.40 systemd-resolve
    662 systemd+  20   0   88880   6332   5484 S   0.0   0.1   0:00.13 systemd-timesyn
    826 avahi     20   0    8084   3108   2752 S   0.0   0.0   0:00.48 avahi-daemon
    827 root      20   0    9888   4552   4112 S   0.0   0.1   0:00.07 bluetoothd
    828 message+  20   0   10496   5632   3584 S   0.0   0.1   0:28.32 dbus-daemon
    829 root      20   0  264752  18684  14872 S   0.0   0.2   0:25.59 NetworkManager
    838 root      20   0   43504  19780  10232 S   0.0   0.3   0:00.15 networkd-dispat
    849 root      20   0  241652   9056   6312 S   0.0   0.1   0:00.41 power-profiles-
    854 syslog    20   0  222160   5012   3672 S   0.0   0.1   0:03.51 rsyslogd
    859 root      20   0    2240    796    720 S   0.0   0.0   0:00.00 seatd
    865 root      20   0 2145956  51796  25768 S   0.0   0.7   0:25.66 snapd
    867 root      20   0  242124   7452   6576 S   0.0   0.1   0:01.40 accounts-daemon
    869 root      20   0  238128   6232   5620 S   0.0   0.1   0:00.04 switcheroo-cont
    871 root      20   0   48968   7620   6296 S   0.0   0.1   0:02.47 systemd-logind
    874 root      20   0  394188  13988   9476 S   0.0   0.2   0:00.82 udisksd
    875 root      20   0   16632   9928   8148 S   0.0   0.1   0:00.89 wpa_supplicant
    882 avahi     20   0    7812    356      0 S   0.0   0.0   0:00.00 avahi-daemon
    921 root      30  10   11248   3612   3220 S   0.0   0.0   0:05.60 wifi_mon.sh
    969 root      20   0  237044  10468   6400 S   0.0   0.1   2:03.04 polkitd
    983 root      20   0    2460   1556   1380 S   0.0   0.0   0:05.38 nvfancontrol
   1049 root      20   0       0      0      0 S   0.0   0.0   0:00.00 sw-quiesce
   1052 root      20   0       0      0      0 S   0.0   0.0   0:13.46 nvgpu_channel_p
   1068 root      20   0       0      0      0 S   0.0   0.0   0:00.00 nvgpu_pg_init_g
   1087 root      20   0       0      0      0 S   0.0   0.0   0:00.00 nvgpu_clk_arb_p
   1117 root      20   0       0      0      0 S   0.0   0.0   0:05.08 RTW_CMD_THREAD
   1157 root      20   0   75936   9960   8136 S   0.0   0.1   0:00.01 nvargus-daemon
   1158 root      20   0   11116   3520   3220 S   0.0   0.0   0:00.05 nvmemwarning.sh
   1171 root      20   0   22192   1776   1580 S   0.0   0.0   0:00.00 nvs-service
   1181 ollama    20   0 2006720  39588  20072 S   0.0   0.5   0:00.74 ollama
   1195 root      20   0    2336   1408   1292 S   0.0   0.0   0:01.96 run-cups-browse
   1201 root      20   0    2336   1424   1296 S   0.0   0.0   0:02.02 run-cupsd
   1204 root      20   0       0      0      0 S   0.0   0.0   0:00.00 pr/ramoops-1
   1212 root      20   0 2093080  58448  33576 S   0.0   0.8   0:15.78 containerd
   1239 root      20   0   10772   2824   2576 S   0.0   0.0   0:00.04 cron
   1259 root      20   0  243128   8056   7012 S   0.0   0.1   0:00.02 gdm3
   1263 kernoops  20   0   12812    452      0 S   0.0   0.0   0:00.01 kerneloops
   1290 root      20   0    9468    800    724 S   0.0   0.0   0:00.00 agetty
   1291 kernoops  20   0   12812    452      0 S   0.0   0.0   0:00.01 kerneloops
   1293 root      20   0    9468    804    724 S   0.0   0.0   0:00.00 agetty
   1330 root      20   0  173408   8804   7628 S   0.0   0.1   0:00.02 gdm-session-wor
   1417 root      20   0       0      0      0 S   0.0   0.0   0:00.00 file-storage
   1426 root      20   0   15272   8368   6788 S   0.0   0.1   0:00.48 sshd
   1474 gdm       20   0   18120   9728   7360 S   0.0   0.1   0:00.41 systemd
   1478 root      20   0    3076    992    880 S   0.0   0.0   0:00.00 nvphsd
   1483 root      20   0    3208   1476   1316 S   0.0   0.0   0:00.00 nvphsd
   1497 gdm       20   0  106692   4552      0 S   0.0   0.1   0:00.00 (sd-pam)
   1588 root      20   0 2352492  96592  56580 S   0.0   1.2   0:04.98 dockerd
   1688 gdm        9 -11   41972   6472   5156 S   0.0   0.1   0:00.05 pipewire
   1689 gdm       20   0   25476   6428   5104 S   0.0   0.1   0:00.99 pipewire-media-
   1690 gdm        9 -11  891840  20748  12584 S   0.0   0.3   0:00.77 pulseaudio
   1695 gdm       20   0  163948   5472   4964 S   0.0   0.1   0:00.00 gdm-x-session
   1697 root      20   0   24.2g  80524  35884 S   0.0   1.0   0:01.68 Xorg
   1698 rtkit     21   1  153504   1588   1380 S   0.0   0.0   0:00.21 rtkit-daemon
   1729 gdm       20   0    8840   3600   3212 S   0.0   0.0   0:00.02 dbus-daemon
   1748 root      20   0       0      0      0 S   0.0   0.0   0:00.00 nvidia-modeset/
   1749 root      20   0       0      0      0 S   0.0   0.0   0:00.00 nvidia-modeset/
   1752 root      20   0       0      0      0 S   0.0   0.0   0:00.00 nvidia
   1753 root      20   0       0      0      0 S   0.0   0.0   0:00.00 nv_queue
   1790 root      20   0       0      0      0 S   0.0   0.0   0:00.00 nvidia-drm-nv-t
   1791 root     -51   0       0      0      0 S   0.0   0.0   0:00.00 card1-crtc0
   1792 root     -51   0       0      0      0 S   0.0   0.0   0:00.00 card1-crtc1
   1980 gdm       20   0    5876   1552   1344 S   0.0   0.0   0:00.00 dbus-run-sessio
   1983 gdm       20   0    9108   4440   3588 S   0.0   0.1   0:00.13 dbus-daemon
   2035 gdm       20   0  597840  17824  12972 S   0.0   0.2   0:00.72 gnome-session-b
   2057 gdm       20   0  310068   8976   6272 S   0.0   0.1   0:00.00 at-spi-bus-laun
   2062 gdm       20   0    8692   3556   3168 S   0.0   0.0   0:00.00 dbus-daemon
   2071 gdm       20   0 3471500 137204  73260 S   0.0   1.8   0:31.37 gnome-shell
   2092 gdm       20   0  237676   4964   4528 S   0.0   0.1   0:00.00 xdg-permission-
   2099 root      20   0  243852  10136   6984 S   0.0   0.1   0:00.34 upowerd
   2106 root      20   0  301608  19332  16408 S   0.0   0.2   0:01.06 packagekitd
   2110 gdm       20   0 2812288  25716  20860 S   0.0   0.3   0:00.08 gjs
   2113 gdm       20   0  163144   7196   6428 S   0.0   0.1   0:00.01 at-spi2-registr
   2141 gdm       20   0  468748   9856   7940 S   0.0   0.1   0:01.32 gsd-sharing
   2146 gdm       20   0  338880  14892  12620 S   0.0   0.2   0:00.06 gsd-wacom
   2148 gdm       20   0  451616  18896  16480 S   0.0   0.2   0:00.16 gsd-color
   2150 gdm       20   0  412392  17092  13292 S   0.0   0.2   0:00.04 gsd-keyboard
   2152 gdm       20   0  316864  13188   6244 S   0.0   0.2   0:00.10 ibus-daemon
   2156 gdm       20   0  326124   9848   8488 S   0.0   0.1   0:00.02 gsd-print-notif
   2166 gdm       20   0  242216   6512   5848 S   0.0   0.1   0:00.01 gvfsd
   2168 gdm       20   0  459796   6140   5436 S   0.0   0.1   0:00.39 gsd-rfkill
   2170 gdm       20   0  388312   7432   6528 S   0.0   0.1   0:00.01 gsd-smartcard
   2173 gdm       20   0  380556  16508  12504 S   0.0   0.2   0:00.03 gsd-datetime
   2183 gdm       20   0  864216  20108  17428 S   0.0   0.3   0:00.37 gsd-media-keys
   2184 gdm       20   0  237936   4760   4376 S   0.0   0.1   0:00.01 gsd-screensaver
   2185 gdm       20   0  322096  10392   7320 S   0.0   0.1   0:00.02 gsd-sound
   2186 gdm       20   0  312416   8104   5476 S   0.0   0.1   0:00.01 gsd-a11y-settin
   2193 gdm       20   0  313996   8944   6152 S   0.0   0.1   0:00.64 gsd-housekeepin
   2195 gdm       20   0  450004  20288  15904 S   0.0   0.3   0:00.37 gsd-power
   2218 gdm       20   0  347052  12608  10748 S   0.0   0.2   0:00.03 gsd-printer
   2221 gdm       20   0  239040   6576   5948 S   0.0   0.1   0:00.00 ibus-dconf
   2233 gdm       20   0  238936   5920   5488 S   0.0   0.1   0:00.00 ibus-portal
   2263 colord    20   0  247516  14492   8720 S   0.0   0.2   0:00.23 colord
   2285 gdm       20   0 2812300  27868  20904 S   0.0   0.4   0:00.09 gjs
   2349 gdm       20   0  165096   6516   5892 S   0.0   0.1   0:00.01 ibus-engine-sim
   2508 root      20   0  136716  13172   9512 S   0.0   0.2   0:00.61 cupsd
   2522 root      20   0  260792  17940  13508 S   0.0   0.2   0:01.23 cups-browsed
  11687 jetson    20   0   18140   9764   7368 S   0.0   0.1   0:00.32 systemd
  11688 jetson    20   0  172512   4632      0 S   0.0   0.1   0:00.00 (sd-pam)
  11696 jetson    20   0   41976   6552   5228 S   0.0   0.1   0:00.04 pipewire
  11697 jetson    20   0   25484   6724   5388 S   0.0   0.1   0:01.07 pipewire-media-
  11749 jetson    20   0    8888   3620   3232 S   0.0   0.0   0:00.01 dbus-daemon
  12473 root      20   0 1233488  13236   6340 S   0.0   0.2   0:01.97 containerd-shim
  12502 jetson    20   0    5508    792    704 S   0.0   0.0   0:00.20 sleep
  12567 root      20   0   21892   5484   3884 S   0.0   0.1   0:16.84 systemd-udevd
  12575 root      20   0   21760   4536   2952 S   0.0   0.1   0:34.29 systemd-udevd
  13234 jetson    20   0  203640  35476  13212 S   0.0   0.5   0:00.75 ros2
  13236 jetson    20   0 2070472  36080  17228 S   0.0   0.5   0:00.56 docker
  13238 jetson    20   0  428384  31060  15828 S   0.0   0.4   1:22.44 robot_state_pub
  13265 root      20   0 1232976  11192   5960 S   0.0   0.1   0:01.40 containerd-shim
  13294 root      20   0   49400  29204  14412 S   0.0   0.4   0:00.40 ros2
  13554 root      20   0   21760   4460   2932 S   0.0   0.1   0:00.03 systemd-udevd
  13555 root      20   0   21760   3352   1860 S   0.0   0.0   0:00.00 systemd-udevd
  13568 root      20   0   21760   3376   1864 S   0.0   0.0   0:00.02 systemd-udevd
  13569 root      20   0   21760   4136   2588 S   0.0   0.1   0:00.06 systemd-udevd
  13570 root      20   0   21764   4492   2960 S   0.0   0.1   0:00.05 systemd-udevd
  13571 root      20   0   21764   4108   2588 S   0.0   0.1   0:00.03 systemd-udevd
  13580 root      20   0   21764   4136   2588 S   0.0   0.1   0:00.04 systemd-udevd
  13581 root      20   0   21764   3708   2180 S   0.0   0.0   0:00.00 systemd-udevd
  13582 root      20   0   21764   4268   2704 S   0.0   0.1   0:00.06 systemd-udevd
  13594 root      20   0   21764   3408   1864 S   0.0   0.0   0:00.01 systemd-udevd
  13595 root      20   0   21764   4012   2468 S   0.0   0.1   0:00.02 systemd-udevd
  33484 root      20   0       0      0      0 I   0.0   0.0   0:12.37 kworker/u12:0-events_unbound
  49116 root      20   0       0      0      0 I   0.0   0.0   0:00.65 kworker/0:0-events
  90870 root      20   0       0      0      0 I   0.0   0.0   0:11.78 kworker/u12:11-events_freezable_power_
  98217 root      20   0  238836   6944   5696 S   0.0   0.1   0:02.21 iio-sensor-prox
 100141 root      20   0       0      0      0 I   0.0   0.0   0:09.71 kworker/u12:6-events_unbound
 149635 root      20   0       0      0      0 I   0.0   0.0   0:00.45 kworker/3:0-events
 199974 root      20   0       0      0      0 I   0.0   0.0   0:05.37 kworker/u12:1-events_unbound
 219316 root       0 -20       0      0      0 I   0.0   0.0   0:09.29 kworker/u13:3-uvcvideo
 234404 root      20   0       0      0      0 I   0.0   0.0   0:00.55 kworker/5:0-events
 251138 root      20   0       0      0      0 I   0.0   0.0   0:02.57 kworker/u12:4-events_unbound
 253037 root      20   0       0      0      0 I   0.0   0.0   0:02.71 kworker/u12:8-devfreq_wq
 271538 root      20   0  410228  41960  21380 S   0.0   0.5   0:01.38 fwupd
 274472 root       0 -20       0      0      0 I   0.0   0.0   0:03.87 kworker/u13:1-uvcvideo
 278878 root      20   0       0      0      0 I   0.0   0.0   0:00.09 kworker/4:2-events
 284193 root      20   0       0      0      0 I   0.0   0.0   0:01.56 kworker/u12:3-events_freezable_power_
 289098 jetson    20   0  572504  38648  13228 S   0.0   0.5   0:00.95 ros2
 289121 jetson    20   0 1082820  58716  26356 S   0.0   0.8   0:30.85 foxglove_bridge
 290503 jetson    20   0  129772  34672  13228 S   0.0   0.4   0:00.69 ros2
 295127 root      20   0       0      0      0 I   0.0   0.0   0:00.02 kworker/1:3-cgroup_destroy
 295225 root      20   0       0      0      0 I   0.0   0.0   0:00.00 kworker/3:1-events
 298318 root      20   0       0      0      0 I   0.0   0.0   0:00.00 kworker/4:0-events
 298521 root      20   0       0      0      0 I   0.0   0.0   0:00.00 kworker/5:1-cgroup_destroy
 301519 root      20   0       0      0      0 I   0.0   0.0   0:00.04 kworker/0:1-events
 301563 root      20   0       0      0      0 I   0.0   0.0   0:00.00 kworker/2:0-cgroup_destroy
 301980 jetson    20   0   53568  30336  15004 S   0.0   0.4   0:00.44 ros2
 302359 root       0 -20       0      0      0 I   0.0   0.0   0:01.69 kworker/u13:2-uvcvideo
 314676 root      20   0       0      0      0 I   0.0   0.0   0:00.00 kworker/5:2-events
 314679 root      20   0       0      0      0 I   0.0   0.0   0:00.00 kworker/2:1-events
 314725 root      20   0       0      0      0 I   0.0   0.0   0:00.00 kworker/0:2
 314862 root      20   0       0      0      0 I   0.0   0.0   0:00.00 kworker/1:0-events
 315002 root      20   0       0      0      0 I   0.0   0.0   0:00.00 kworker/2:2
 316431 root      20   0    9436    772    692 S   0.0   0.0   0:00.00 sleep
 316651 root      20   0       0      0      0 I   0.0   0.0   0:00.01 kworker/3:2-events
 316919 jetson    20   0   11248   3308   2868 S   0.0   0.0   0:00.03 bash
 318996 jetson    20   0   11248   3304   2868 S   0.0   0.0   0:00.01 bash
 319049 jetson    20   0    2872    896    800 S   0.0   0.0   0:00.07 tegrastats
 319246 jetson    20   0    9480    820    736 S   0.0   0.0   0:00.00 tail
 320065 root      30  10    9436    780    704 S   0.0   0.0   0:00.00 sleep
 320253 root       0 -20       0      0      0 I   0.0   0.0   0:00.03 kworker/u13:4-uvcvideo

top - 13:48:36 up  4:11,  0 users,  load average: 6.16, 5.25, 5.29
Tasks: 350 total,   6 running, 344 sleeping,   0 stopped,   0 zombie
%Cpu(s): 43.9 us, 11.7 sy,  0.2 ni, 39.6 id,  0.0 wa,  2.4 hi,  2.2 si,  0.0 st
MiB Mem :   7607.4 total,   2717.8 free,   2028.1 used,   2861.5 buff/cache
MiB Swap:   3803.7 total,   3803.7 free,      0.0 used.   5273.3 avail Mem 

    PID USER      PR  NI    VIRT    RES    SHR S  %CPU  %MEM     TIME+ COMMAND
 319245 jetson    20   0  753948  71800  29576 S  41.9   0.9   0:14.09 python3
 289467 jetson    20   0  709004  62292  27276 R  36.5   0.8   4:56.27 python3
 303945 jetson    20   0  963220  47536  23528 S  33.5   0.6   0:55.79 controller_serv
 319047 jetson    20   0  764356  56104  25376 S  24.1   0.7   0:08.93 ros2
 301995 jetson    20   0 9351040 403512  85056 S  17.7   5.2   1:24.87 nvblox_node
 303953 jetson    20   0  531168  46396  26216 R  15.8   0.6   0:45.77 bt_navigator
 289113 jetson    20   0 1748412 107168  51312 S  14.3   1.4   1:59.01 realsense2_came
 289117 jetson    20   0  432948  28320  14224 S  14.3   0.4   2:14.11 rplidar_node
 290529 jetson    20   0 1062448  55232  24360 S  13.3   0.7   0:36.08 async_slam_tool
 289115 jetson    20   0  711152  66764  27276 S  12.8   0.9   2:16.36 python3
    969 root      20   0  237044  10468   6400 R  11.8   0.1   2:03.28 polkitd
 303985 jetson    20   0  577392  31576  16252 S  11.3   0.4   0:50.89 lifecycle_manag
 289469 jetson    20   0  506204  34000  18400 S  10.8   0.4   1:35.72 ekf_node
 303949 jetson    20   0 1209768  92292  42832 S  10.3   1.2   0:50.52 planner_server
 289119 jetson    20   0  708116  63664  27448 S   9.9   0.8   1:15.53 python3
 303943 jetson    20   0  709520  64224  27412 R   8.9   0.8   0:23.47 python3
 303951 jetson    20   0  516316  35092  21016 S   7.4   0.5   0:35.27 behavior_server
 303947 jetson    20   0  664664  33136  19416 S   5.9   0.4   0:29.90 smoother_server
 303955 jetson    20   0  431300  29232  17008 S   5.9   0.4   0:24.99 waypoint_follow
 303973 jetson    20   0  428560  27816  15960 S   5.9   0.4   0:25.19 velocity_smooth
  13320 root      20   0 1300240  43632  11392 S   4.9   0.6  17:30.29 micro_ros_agent
    828 message+  20   0   10496   5632   3584 S   3.0   0.1   0:28.38 dbus-daemon
    829 root      20   0  264752  18684  14872 S   3.0   0.2   0:25.65 NetworkManager
      1 root      20   0  167628  11768   7448 R   1.5   0.2   0:20.56 systemd
    904 root      rt   0       0      0      0 S   1.5   0.0   1:04.27 sugov:0
    909 root      rt   0       0      0      0 D   1.5   0.0   0:30.54 sugov:4
 205195 root       0 -20       0      0      0 I   1.5   0.0   0:10.04 kworker/u13:0-uvcvideo
    256 root      19  -1   48840  14960  13348 S   1.0   0.2   0:17.99 systemd-journal
 100141 root      20   0       0      0      0 I   1.0   0.0   0:09.73 kworker/u12:6-events_unbound
 284193 root      20   0       0      0      0 I   1.0   0.0   0:01.58 kworker/u12:3-events_freezable_power_
    200 root     -51   0       0      0      0 S   0.5   0.0   0:00.26 irq/233-nvme0q1
    871 root      20   0   48968   7620   6296 S   0.5   0.1   0:02.48 systemd-logind
    921 root      30  10   11248   3612   3220 S   0.5   0.0   0:05.61 wifi_mon.sh
   1426 root      20   0   15272   8368   6788 S   0.5   0.1   0:00.49 sshd
   2071 gdm       20   0 3471500 137216  73260 S   0.5   1.8   0:31.38 gnome-shell
  12567 root      20   0   21892   5484   3884 S   0.5   0.1   0:16.85 systemd-udevd
  12575 root      20   0   21760   4536   2952 S   0.5   0.1   0:34.30 systemd-udevd
 271538 root      20   0  410228  41960  21380 S   0.5   0.5   0:01.39 fwupd
 289121 jetson    20   0 1082820  58716  26356 S   0.5   0.8   0:30.86 foxglove_bridge
 319048 jetson    20   0   14344   3368   2772 R   0.5   0.0   0:00.34 top
 319049 jetson    20   0    2872    896    800 S   0.5   0.0   0:00.08 tegrastats
      2 root      20   0       0      0      0 S   0.0   0.0   0:00.02 kthreadd
      3 root       0 -20       0      0      0 I   0.0   0.0   0:00.00 rcu_gp
      4 root       0 -20       0      0      0 I   0.0   0.0   0:00.00 rcu_par_gp
      5 root       0 -20       0      0      0 I   0.0   0.0   0:00.00 slub_flushwq
      6 root       0 -20       0      0      0 I   0.0   0.0   0:00.00 netns
      8 root       0 -20       0      0      0 I   0.0   0.0   0:00.00 kworker/0:0H-events_highpri
     10 root       0 -20       0      0      0 I   0.0   0.0   0:00.00 mm_percpu_wq
     11 root      20   0       0      0      0 S   0.0   0.0   0:00.00 rcu_tasks_kthre
     12 root      20   0       0      0      0 S   0.0   0.0   0:00.00 rcu_tasks_rude_
     13 root      20   0       0      0      0 S   0.0   0.0   0:00.00 rcu_tasks_trace
     14 root      20   0       0      0      0 S   0.0   0.0   0:13.43 ksoftirqd/0
     15 root      20   0       0      0      0 I   0.0   0.0   0:05.84 rcu_preempt
     16 root      rt   0       0      0      0 S   0.0   0.0   0:00.01 migration/0
     17 root      20   0       0      0      0 S   0.0   0.0   0:00.00 cpuhp/0
     18 root      20   0       0      0      0 S   0.0   0.0   0:00.00 cpuhp/1
     19 root      rt   0       0      0      0 S   0.0   0.0   0:00.01 migration/1
     20 root      20   0       0      0      0 S   0.0   0.0   0:00.83 ksoftirqd/1
     22 root       0 -20       0      0      0 I   0.0   0.0   0:00.00 kworker/1:0H-events_highpri
     23 root      20   0       0      0      0 S   0.0   0.0   0:00.00 cpuhp/2
     24 root      rt   0       0      0      0 S   0.0   0.0   0:00.00 migration/2
     25 root      20   0       0      0      0 S   0.0   0.0   0:00.84 ksoftirqd/2
     27 root       0 -20       0      0      0 I   0.0   0.0   0:00.00 kworker/2:0H-events_highpri
     28 root      20   0       0      0      0 S   0.0   0.0   0:00.00 cpuhp/3
     29 root      rt   0       0      0      0 S   0.0   0.0   0:00.00 migration/3
     30 root      20   0       0      0      0 S   0.0   0.0   0:00.78 ksoftirqd/3
     32 root       0 -20       0      0      0 I   0.0   0.0   0:00.00 kworker/3:0H-events_highpri
     33 root      20   0       0      0      0 S   0.0   0.0   0:00.00 cpuhp/4
     34 root      rt   0       0      0      0 S   0.0   0.0   0:00.03 migration/4
     35 root      20   0       0      0      0 S   0.0   0.0   0:00.58 ksoftirqd/4
     37 root       0 -20       0      0      0 I   0.0   0.0   0:00.00 kworker/4:0H-kblockd
     38 root      20   0       0      0      0 S   0.0   0.0   0:00.00 cpuhp/5
     39 root      rt   0       0      0      0 S   0.0   0.0   0:00.03 migration/5
     40 root      20   0       0      0      0 S   0.0   0.0   0:00.59 ksoftirqd/5
     42 root       0 -20       0      0      0 I   0.0   0.0   0:00.00 kworker/5:0H-events_highpri
     43 root      20   0       0      0      0 S   0.0   0.0   0:00.01 kdevtmpfs
     44 root       0 -20       0      0      0 I   0.0   0.0   0:00.00 inet_frag_wq
     51 root      20   0       0      0      0 S   0.0   0.0   0:00.00 kauditd
     52 root      20   0       0      0      0 S   0.0   0.0   0:00.00 oom_reaper
     53 root       0 -20       0      0      0 I   0.0   0.0   0:00.00 writeback
     54 root      20   0       0      0      0 S   0.0   0.0   0:00.12 kcompactd0
     55 root      25   5       0      0      0 S   0.0   0.0   0:00.00 ksmd
     56 root      39  19       0      0      0 S   0.0   0.0   0:01.27 khugepaged
     67 root       0 -20       0      0      0 I   0.0   0.0   0:00.00 cryptd
     86 root       0 -20       0      0      0 I   0.0   0.0   0:00.00 kintegrityd
     87 root       0 -20       0      0      0 I   0.0   0.0   0:00.00 kblockd
     88 root       0 -20       0      0      0 I   0.0   0.0   0:00.00 blkcg_punt_bio
     89 root       0 -20       0      0      0 I   0.0   0.0   0:00.00 tpm_dev_wq
     90 root       0 -20       0      0      0 I   0.0   0.0   0:00.00 ata_sff
     91 root       0 -20       0      0      0 I   0.0   0.0   0:00.00 edac-poller
     92 root       0 -20       0      0      0 I   0.0   0.0   0:00.00 devfreq_wq
     93 root     -51   0       0      0      0 S   0.0   0.0   0:00.00 watchdogd
     96 root       0 -20       0      0      0 I   0.0   0.0   0:00.05 kworker/1:1H-kblockd
     97 root       0 -20       0      0      0 I   0.0   0.0   0:00.00 rpciod
     99 root       0 -20       0      0      0 I   0.0   0.0   0:00.00 xprtiod
    127 root      20   0       0      0      0 S   0.0   0.0   0:00.00 kswapd0
    128 root       0 -20       0      0      0 I   0.0   0.0   0:00.00 nfsiod
    132 root       0 -20       0      0      0 I   0.0   0.0   0:00.00 vfio-irqfd-clea
    133 root       0 -20       0      0      0 I   0.0   0.0   0:00.00 bch_btree_io
    134 root       0 -20       0      0      0 I   0.0   0.0   0:00.00 bcache
    135 root       0 -20       0      0      0 I   0.0   0.0   0:00.00 bch_journal
    136 root       0 -20       0      0      0 I   0.0   0.0   0:00.00 dm_bufio_cache
    137 root      20   0       0      0      0 I   0.0   0.0   0:01.56 kworker/1:2-events
    139 root      20   0       0      0      0 I   0.0   0.0   0:00.99 kworker/2:3-events
    140 root      10 -10       0      0      0 S   0.0   0.0   0:00.00 krfcommd
    141 root      20   0       0      0      0 S   0.0   0.0   0:00.01 pr/tty0
    142 root      20   0       0      0      0 S   0.0   0.0   0:03.05 pr/ttyTCU0
    145 root     -51   0       0      0      0 S   0.0   0.0   0:00.00 irq/114-3160000
    147 root     -51   0       0      0      0 S   0.0   0.0   0:00.00 irq/115-3180000
    149 root     -51   0       0      0      0 S   0.0   0.0   0:00.00 irq/116-31b0000
    150 root     -51   0       0      0      0 S   0.0   0.0   0:00.02 irq/167-c240000
    151 root     -51   0       0      0      0 S   0.0   0.0   0:00.00 irq/168-c250000
    152 root     -51   0       0      0      0 S   0.0   0.0   0:00.00 irq/125-3610000
    153 root     -51   0       0      0      0 S   0.0   0.0   0:00.00 irq/122-3610000
    155 root       0 -20       0      0      0 I   0.0   0.0   0:00.00 sdhci
    156 root     -51   0       0      0      0 S   0.0   0.0   0:00.00 irq/120-mmc0
    157 root     -51   0       0      0      0 S   0.0   0.0   0:00.00 irq/230-3400000
    174 root       0 -20       0      0      0 I   0.0   0.0   0:00.05 kworker/3:1H-kblockd
    180 root     -51   0       0      0      0 S   0.0   0.0   0:00.00 irq/191-tegra-p
    181 root       0 -20       0      0      0 I   0.0   0.0   0:00.00 nvme-wq
    182 root       0 -20       0      0      0 I   0.0   0.0   0:00.00 nvme-reset-wq
    183 root       0 -20       0      0      0 I   0.0   0.0   0:00.00 nvme-delete-wq
    192 root     -51   0       0      0      0 S   0.0   0.0   0:00.00 irq/191-aerdrv
    193 root     -51   0       0      0      0 S   0.0   0.0   0:00.00 irq/193-tegra-p
    196 root     -51   0       0      0      0 S   0.0   0.0   0:00.00 irq/193-aerdrv
    197 root     -51   0       0      0      0 S   0.0   0.0   0:00.00 irq/195-tegra-p
    199 root     -51   0       0      0      0 S   0.0   0.0   0:00.00 irq/232-nvme0q0
    201 root     -51   0       0      0      0 S   0.0   0.0   0:00.29 irq/234-nvme0q2
    202 root     -51   0       0      0      0 S   0.0   0.0   0:00.43 irq/235-nvme0q3
    203 root     -51   0       0      0      0 S   0.0   0.0   0:00.55 irq/236-nvme0q4
    204 root     -51   0       0      0      0 S   0.0   0.0   0:00.13 irq/237-nvme0q5
    205 root     -51   0       0      0      0 S   0.0   0.0   0:00.09 irq/238-nvme0q6
    211 root       0 -20       0      0      0 I   0.0   0.0   0:00.05 kworker/4:1H-kblockd
    212 root      20   0       0      0      0 S   0.0   0.0   0:00.89 jbd2/nvme0n1p1-
    213 root       0 -20       0      0      0 I   0.0   0.0   0:00.00 ext4-rsv-conver
    222 root       0 -20       0      0      0 I   0.0   0.0   0:00.00 mld
    223 root       0 -20       0      0      0 I   0.0   0.0   0:00.03 kworker/0:1H-kblockd
    224 root       0 -20       0      0      0 I   0.0   0.0   0:00.00 ipv6_addrconf
    278 root       0 -20       0      0      0 I   0.0   0.0   0:00.07 kworker/2:1H-kblockd
    280 root      39  19       0      0      0 S   0.0   0.0   0:00.48 nvmap-bz
    281 root     -51   0       0      0      0 S   0.0   0.0   0:00.00 irq/188-host1x_
    285 root     -51   0       0      0      0 S   0.0   0.0   0:00.00 irq/197-gk20a_s
    286 root     -51   0       0      0      0 S   0.0   0.0   0:00.01 irq/198-gk20a_s
    287 root     -51   0       0      0      0 S   0.0   0.0   0:00.01 irq/199-gk20a_s
    288 root     -51   0       0      0      0 S   0.0   0.0   0:00.00 irq/200-gk20a_n
    291 root       0 -20       0      0      0 I   0.0   0.0   0:00.04 kworker/5:1H-kblockd
    295 root      20   0   11116   3460   3204 S   0.0   0.0   0:00.00 nv-tee-supplica
    299 root      20   0   76588   1360   1248 S   0.0   0.0   0:00.01 tee-supplicant
    301 root       0 -20       0      0      0 I   0.0   0.0   0:00.00 optee_bus_scan
    303 root     -51   0       0      0      0 S   0.0   0.0   0:00.00 irq/189-tegra-p
    312 root      20   0   23732   6316   4080 S   0.0   0.1   0:17.84 systemd-udevd
    313 root     -51   0       0      0      0 S   0.0   0.0   0:00.00 irq/189-aerdrv
    314 root      20   0   23216   5812   3992 S   0.0   0.1   0:00.38 systemd-udevd
    315 root      20   0   23216   5020   3248 S   0.0   0.1   0:00.15 systemd-udevd
    316 root      20   0   23268   6224   4288 S   0.0   0.1   0:00.16 systemd-udevd
    317 root      20   0   23220   4364   2600 S   0.0   0.1   0:00.11 systemd-udevd
    318 root      20   0   23216   4480   2672 S   0.0   0.1   0:00.12 systemd-udevd
    319 root      20   0   23212   5812   3980 S   0.0   0.1   0:00.28 systemd-udevd
    320 root      20   0   23264   4688   2764 S   0.0   0.1   0:00.13 systemd-udevd
    321 root      20   0   23268   5072   3136 S   0.0   0.1   0:00.18 systemd-udevd
    322 root      20   0   23524   5520   3456 S   0.0   0.1   0:00.26 systemd-udevd
    323 root      20   0   23216   6280   4444 S   0.0   0.1   0:00.37 systemd-udevd
    324 root      20   0   23220   5196   3388 S   0.0   0.1   0:00.16 systemd-udevd
    325 root      20   0   23220   5820   3976 S   0.0   0.1   0:00.37 systemd-udevd
    326 root      20   0   23220   5236   3388 S   0.0   0.1   0:00.39 systemd-udevd
    327 root      20   0   23220   5468   3656 S   0.0   0.1   0:00.18 systemd-udevd
    330 root      20   0   23512   5728   3684 S   0.0   0.1   0:00.14 systemd-udevd
    331 root      20   0   24292   5540   2676 S   0.0   0.1   0:00.16 systemd-udevd
    333 root      20   0   23524   5596   3532 S   0.0   0.1   0:00.26 systemd-udevd
    334 root      20   0   23220   5080   3240 S   0.0   0.1   0:00.25 systemd-udevd
    335 root      20   0   23220   4504   2708 S   0.0   0.1   0:00.11 systemd-udevd
    336 root      20   0   23220   4696   2892 S   0.0   0.1   0:00.14 systemd-udevd
    337 root      20   0   23524   5056   2992 S   0.0   0.1   0:00.16 systemd-udevd
    339 root      20   0   23220   4980   3148 S   0.0   0.1   0:00.17 systemd-udevd
    340 root      20   0   23544   6732   4608 S   0.0   0.1   1:00.08 systemd-udevd
    341 root      20   0   23276   5328   3384 S   0.0   0.1   0:00.13 systemd-udevd
    342 root      20   0   23280   5176   3228 S   0.0   0.1   0:00.13 systemd-udevd
    343 root      20   0   23220   5984   4152 S   0.0   0.1   0:00.30 systemd-udevd
    344 root      20   0   23560   6700   4596 S   0.0   0.1   0:00.48 systemd-udevd
    345 root      20   0       0      0      0 S   0.0   0.0   0:00.00 15820000.crypto
    346 root      20   0       0      0      0 S   0.0   0.0   0:00.00 15840000.crypto
    368 root      20   0   23324   5984   4116 S   0.0   0.1   0:00.40 systemd-udevd
    417 root     -51   0       0      0      0 S   0.0   0.0   0:00.00 irq/219-bc00000
    419 root      -2   0       0      0      0 S   0.0   0.0   0:00.00 capture-control
    420 root      -2   0       0      0      0 S   0.0   0.0   0:00.00 capture
    422 root     -51   0       0      0      0 S   0.0   0.0   0:00.00 irq/214-tegra_d
    423 root     -51   0       0      0      0 S   0.0   0.0   0:00.00 irq/215-tegra_d
    424 root       0 -20       0      0      0 I   0.0   0.0   0:00.00 dce-async-ipc-w
    425 root     -51   0       0      0      0 S   0.0   0.0   0:00.00 irq/240-nvvrs-p
    427 root      20   0       0      0      0 S   0.0   0.0   0:00.00 nv_queue
    428 root      20   0       0      0      0 S   0.0   0.0   0:00.00 nv_queue
    483 root     -51   0       0      0      0 S   0.0   0.0   0:00.00 irq/118-3210000
    487 root      20   0       0      0      0 S   0.0   0.0   0:00.00 spi0
    495 root       0 -20       0      0      0 I   0.0   0.0   0:00.00 cfg80211
    497 root     -51   0       0      0      0 S   0.0   0.0   0:00.00 irq/119-3230000
    498 root      20   0       0      0      0 S   0.0   0.0   0:00.00 spi1
    584 root       0 -20       0      0      0 I   0.0   0.0   0:00.00 btfwwork
    650 root      20   0    8236   6424   1432 S   0.0   0.1   0:00.57 haveged
    653 _rpc      20   0    7932   2264   1912 S   0.0   0.0   0:00.02 rpcbind
    659 systemd+  20   0   26320  13580   8496 S   0.0   0.2   0:00.40 systemd-resolve
    662 systemd+  20   0   88880   6332   5484 S   0.0   0.1   0:00.13 systemd-timesyn
    826 avahi     20   0    8084   3108   2752 S   0.0   0.0   0:00.48 avahi-daemon
    827 root      20   0    9888   4552   4112 S   0.0   0.1   0:00.07 bluetoothd
    838 root      20   0   43504  19780  10232 S   0.0   0.3   0:00.15 networkd-dispat
    849 root      20   0  241652   9056   6312 S   0.0   0.1   0:00.41 power-profiles-
    854 syslog    20   0  222160   5012   3672 S   0.0   0.1   0:03.51 rsyslogd
    859 root      20   0    2240    796    720 S   0.0   0.0   0:00.00 seatd
    865 root      20   0 2145956  51796  25768 S   0.0   0.7   0:25.66 snapd
    867 root      20   0  242124   7452   6576 S   0.0   0.1   0:01.40 accounts-daemon
    869 root      20   0  238128   6232   5620 S   0.0   0.1   0:00.04 switcheroo-cont
    874 root      20   0  394188  13988   9476 S   0.0   0.2   0:00.82 udisksd
    875 root      20   0   16632   9928   8148 S   0.0   0.1   0:00.89 wpa_supplicant
    882 avahi     20   0    7812    356      0 S   0.0   0.0   0:00.00 avahi-daemon
    983 root      20   0    2460   1556   1380 S   0.0   0.0   0:05.38 nvfancontrol
   1049 root      20   0       0      0      0 S   0.0   0.0   0:00.00 sw-quiesce
   1052 root      20   0       0      0      0 S   0.0   0.0   0:13.46 nvgpu_channel_p
   1068 root      20   0       0      0      0 S   0.0   0.0   0:00.00 nvgpu_pg_init_g
   1087 root      20   0       0      0      0 S   0.0   0.0   0:00.00 nvgpu_clk_arb_p
   1117 root      20   0       0      0      0 S   0.0   0.0   0:05.08 RTW_CMD_THREAD
   1157 root      20   0   75936   9960   8136 S   0.0   0.1   0:00.01 nvargus-daemon
   1158 root      20   0   11116   3520   3220 S   0.0   0.0   0:00.05 nvmemwarning.sh
   1171 root      20   0   22192   1776   1580 S   0.0   0.0   0:00.00 nvs-service
   1181 ollama    20   0 2006720  39588  20072 S   0.0   0.5   0:00.74 ollama
   1195 root      20   0    2336   1408   1292 S   0.0   0.0   0:01.96 run-cups-browse
   1201 root      20   0    2336   1424   1296 S   0.0   0.0   0:02.02 run-cupsd
   1204 root      20   0       0      0      0 S   0.0   0.0   0:00.00 pr/ramoops-1
   1212 root      20   0 2093080  58448  33576 S   0.0   0.8   0:15.78 containerd
   1239 root      20   0   10772   2824   2576 S   0.0   0.0   0:00.04 cron
   1259 root      20   0  243128   8056   7012 S   0.0   0.1   0:00.02 gdm3
   1263 kernoops  20   0   12812    452      0 S   0.0   0.0   0:00.01 kerneloops
   1290 root      20   0    9468    800    724 S   0.0   0.0   0:00.00 agetty
   1291 kernoops  20   0   12812    452      0 S   0.0   0.0   0:00.01 kerneloops
   1293 root      20   0    9468    804    724 S   0.0   0.0   0:00.00 agetty
   1330 root      20   0  173408   8804   7628 S   0.0   0.1   0:00.02 gdm-session-wor
   1417 root      20   0       0      0      0 S   0.0   0.0   0:00.00 file-storage
   1474 gdm       20   0   18120   9728   7360 S   0.0   0.1   0:00.41 systemd
   1478 root      20   0    3076    992    880 S   0.0   0.0   0:00.00 nvphsd
   1483 root      20   0    3208   1476   1316 S   0.0   0.0   0:00.00 nvphsd
   1497 gdm       20   0  106692   4552      0 S   0.0   0.1   0:00.00 (sd-pam)
   1588 root      20   0 2352492  96592  56580 S   0.0   1.2   0:04.98 dockerd
   1688 gdm        9 -11   41972   6472   5156 S   0.0   0.1   0:00.05 pipewire
   1689 gdm       20   0   25476   6428   5104 S   0.0   0.1   0:00.99 pipewire-media-
   1690 gdm        9 -11  891840  20748  12584 S   0.0   0.3   0:00.77 pulseaudio
   1695 gdm       20   0  163948   5472   4964 S   0.0   0.1   0:00.00 gdm-x-session
   1697 root      20   0   24.2g  80524  35884 S   0.0   1.0   0:01.68 Xorg
   1698 rtkit     21   1  153504   1588   1380 S   0.0   0.0   0:00.21 rtkit-daemon
   1729 gdm       20   0    8840   3600   3212 S   0.0   0.0   0:00.02 dbus-daemon
   1748 root      20   0       0      0      0 S   0.0   0.0   0:00.00 nvidia-modeset/
   1749 root      20   0       0      0      0 S   0.0   0.0   0:00.00 nvidia-modeset/
   1752 root      20   0       0      0      0 S   0.0   0.0   0:00.00 nvidia
   1753 root      20   0       0      0      0 S   0.0   0.0   0:00.00 nv_queue
   1790 root      20   0       0      0      0 S   0.0   0.0   0:00.00 nvidia-drm-nv-t
   1791 root     -51   0       0      0      0 S   0.0   0.0   0:00.00 card1-crtc0
   1792 root     -51   0       0      0      0 S   0.0   0.0   0:00.00 card1-crtc1
   1980 gdm       20   0    5876   1552   1344 S   0.0   0.0   0:00.00 dbus-run-sessio
   1983 gdm       20   0    9108   4440   3588 S   0.0   0.1   0:00.13 dbus-daemon
   2035 gdm       20   0  597840  17824  12972 S   0.0   0.2   0:00.72 gnome-session-b
   2057 gdm       20   0  310068   8976   6272 S   0.0   0.1   0:00.00 at-spi-bus-laun
   2062 gdm       20   0    8692   3556   3168 S   0.0   0.0   0:00.00 dbus-daemon
   2092 gdm       20   0  237676   4964   4528 S   0.0   0.1   0:00.00 xdg-permission-
   2099 root      20   0  243852  10136   6984 S   0.0   0.1   0:00.34 upowerd
   2106 root      20   0  301608  19332  16408 S   0.0   0.2   0:01.06 packagekitd
   2110 gdm       20   0 2812288  25716  20860 S   0.0   0.3   0:00.08 gjs
   2113 gdm       20   0  163144   7196   6428 S   0.0   0.1   0:00.01 at-spi2-registr
   2141 gdm       20   0  468748   9856   7940 S   0.0   0.1   0:01.32 gsd-sharing
   2146 gdm       20   0  338880  14892  12620 S   0.0   0.2   0:00.06 gsd-wacom
   2148 gdm       20   0  451616  18896  16480 S   0.0   0.2   0:00.16 gsd-color
   2150 gdm       20   0  412392  17092  13292 S   0.0   0.2   0:00.04 gsd-keyboard
   2152 gdm       20   0  316864  13188   6244 S   0.0   0.2   0:00.10 ibus-daemon
   2156 gdm       20   0  326124   9848   8488 S   0.0   0.1   0:00.02 gsd-print-notif
   2166 gdm       20   0  242216   6512   5848 S   0.0   0.1   0:00.01 gvfsd
   2168 gdm       20   0  459796   6140   5436 S   0.0   0.1   0:00.39 gsd-rfkill
   2170 gdm       20   0  388312   7432   6528 S   0.0   0.1   0:00.01 gsd-smartcard
   2173 gdm       20   0  380556  16508  12504 S   0.0   0.2   0:00.03 gsd-datetime
   2183 gdm       20   0  864216  20108  17428 S   0.0   0.3   0:00.37 gsd-media-keys
   2184 gdm       20   0  237936   4760   4376 S   0.0   0.1   0:00.01 gsd-screensaver
   2185 gdm       20   0  322096  10392   7320 S   0.0   0.1   0:00.02 gsd-sound
   2186 gdm       20   0  312416   8104   5476 S   0.0   0.1   0:00.01 gsd-a11y-settin
   2193 gdm       20   0  313996   8944   6152 S   0.0   0.1   0:00.64 gsd-housekeepin
   2195 gdm       20   0  450004  20288  15904 S   0.0   0.3   0:00.37 gsd-power
   2218 gdm       20   0  347052  12608  10748 S   0.0   0.2   0:00.03 gsd-printer
   2221 gdm       20   0  239040   6576   5948 S   0.0   0.1   0:00.00 ibus-dconf
   2233 gdm       20   0  238936   5920   5488 S   0.0   0.1   0:00.00 ibus-portal
   2263 colord    20   0  247516  14492   8720 S   0.0   0.2   0:00.23 colord
   2285 gdm       20   0 2812300  27868  20904 S   0.0   0.4   0:00.09 gjs
   2349 gdm       20   0  165096   6516   5892 S   0.0   0.1   0:00.01 ibus-engine-sim
   2508 root      20   0  136716  13172   9512 S   0.0   0.2   0:00.61 cupsd
   2522 root      20   0  260792  17940  13508 S   0.0   0.2   0:01.23 cups-browsed
  11687 jetson    20   0   18140   9764   7368 S   0.0   0.1   0:00.32 systemd
  11688 jetson    20   0  172512   4632      0 S   0.0   0.1   0:00.00 (sd-pam)
  11696 jetson    20   0   41976   6552   5228 S   0.0   0.1   0:00.04 pipewire
  11697 jetson    20   0   25484   6724   5388 S   0.0   0.1   0:01.07 pipewire-media-
  11749 jetson    20   0    8888   3620   3232 S   0.0   0.0   0:00.01 dbus-daemon
  11931 jetson    20   0  706564  62076  26432 S   0.0   0.8   1:20.13 python3
  12473 root      20   0 1233488  13236   6340 S   0.0   0.2   0:01.97 containerd-shim
  12502 jetson    20   0    5508    792    704 S   0.0   0.0   0:00.20 sleep
  13234 jetson    20   0  203640  35476  13212 S   0.0   0.5   0:00.75 ros2
  13236 jetson    20   0 2070472  36080  17228 S   0.0   0.5   0:00.56 docker
  13238 jetson    20   0  428384  31060  15828 S   0.0   0.4   1:22.44 robot_state_pub
  13265 root      20   0 1232976  11192   5960 S   0.0   0.1   0:01.40 containerd-shim
  13294 root      20   0   49400  29204  14412 S   0.0   0.4   0:00.40 ros2
  13554 root      20   0   21760   4460   2932 S   0.0   0.1   0:00.03 systemd-udevd
  13555 root      20   0   21760   3352   1860 S   0.0   0.0   0:00.00 systemd-udevd
  13568 root      20   0   21760   3376   1864 S   0.0   0.0   0:00.02 systemd-udevd
  13569 root      20   0   21760   4136   2588 S   0.0   0.1   0:00.06 systemd-udevd
  13570 root      20   0   21764   4492   2960 S   0.0   0.1   0:00.05 systemd-udevd
  13571 root      20   0   21764   4108   2588 S   0.0   0.1   0:00.03 systemd-udevd
  13580 root      20   0   21764   4136   2588 S   0.0   0.1   0:00.04 systemd-udevd
  13581 root      20   0   21764   3708   2180 S   0.0   0.0   0:00.00 systemd-udevd
  13582 root      20   0   21764   4268   2704 S   0.0   0.1   0:00.06 systemd-udevd
  13594 root      20   0   21764   3408   1864 S   0.0   0.0   0:00.01 systemd-udevd
  13595 root      20   0   21764   4012   2468 S   0.0   0.1   0:00.02 systemd-udevd
  33484 root      20   0       0      0      0 I   0.0   0.0   0:12.37 kworker/u12:0-events_unbound
  34263 root      20   0       0      0      0 I   0.0   0.0   0:14.92 kworker/u12:2-events_freezable_power_
  49116 root      20   0       0      0      0 I   0.0   0.0   0:00.65 kworker/0:0-events
  90870 root      20   0       0      0      0 I   0.0   0.0   0:11.78 kworker/u12:11-events_unbound
  98217 root      20   0  238836   6944   5696 S   0.0   0.1   0:02.21 iio-sensor-prox
 149635 root      20   0       0      0      0 I   0.0   0.0   0:00.45 kworker/3:0-events
 199974 root      20   0       0      0      0 I   0.0   0.0   0:05.37 kworker/u12:1-events_unbound
 211464 root      20   0       0      0      0 I   0.0   0.0   0:04.90 kworker/u12:7-events_freezable_power_
 219316 root       0 -20       0      0      0 I   0.0   0.0   0:09.29 kworker/u13:3-uvcvideo
 234404 root      20   0       0      0      0 I   0.0   0.0   0:00.55 kworker/5:0-mm_percpu_wq
 251138 root      20   0       0      0      0 I   0.0   0.0   0:02.57 kworker/u12:4-events_freezable_power_
 253037 root      20   0       0      0      0 I   0.0   0.0   0:02.71 kworker/u12:8-devfreq_wq
 274472 root       0 -20       0      0      0 I   0.0   0.0   0:03.87 kworker/u13:1-uvcvideo
 278878 root      20   0       0      0      0 I   0.0   0.0   0:00.09 kworker/4:2-mm_percpu_wq
 289098 jetson    20   0  572504  38648  13228 S   0.0   0.5   0:00.95 ros2
 290503 jetson    20   0  129772  34672  13228 S   0.0   0.4   0:00.69 ros2
 295127 root      20   0       0      0      0 I   0.0   0.0   0:00.02 kworker/1:3-cgroup_destroy
 295225 root      20   0       0      0      0 I   0.0   0.0   0:00.00 kworker/3:1-events
 298318 root      20   0       0      0      0 I   0.0   0.0   0:00.00 kworker/4:0-events
 298521 root      20   0       0      0      0 I   0.0   0.0   0:00.00 kworker/5:1-cgroup_destroy
 301519 root      20   0       0      0      0 I   0.0   0.0   0:00.04 kworker/0:1-events
 301563 root      20   0       0      0      0 I   0.0   0.0   0:00.00 kworker/2:0-cgroup_destroy
 301980 jetson    20   0   53568  30336  15004 S   0.0   0.4   0:00.44 ros2
 302359 root       0 -20       0      0      0 I   0.0   0.0   0:01.69 kworker/u13:2-uvcvideo
 303903 jetson    20   0  723188  40064  13216 S   0.0   0.5   0:01.33 ros2
 305476 root      20   0       0      0      0 I   0.0   0.0   0:00.80 kworker/u12:9-events_freezable_power_
 314676 root      20   0       0      0      0 I   0.0   0.0   0:00.00 kworker/5:2-events
 314679 root      20   0       0      0      0 I   0.0   0.0   0:00.00 kworker/2:1-events
 314725 root      20   0       0      0      0 I   0.0   0.0   0:00.00 kworker/0:2
 314862 root      20   0       0      0      0 I   0.0   0.0   0:00.00 kworker/1:0-cgroup_destroy
 315002 root      20   0       0      0      0 I   0.0   0.0   0:00.00 kworker/2:2
 316431 root      20   0    9436    772    692 S   0.0   0.0   0:00.00 sleep
 316651 root      20   0       0      0      0 I   0.0   0.0   0:00.01 kworker/3:2-events
 316919 jetson    20   0   11248   3308   2868 S   0.0   0.0   0:00.03 bash
 318996 jetson    20   0   11248   3304   2868 S   0.0   0.0   0:00.01 bash
 319246 jetson    20   0    9480    820    736 S   0.0   0.0   0:00.00 tail
 320253 root       0 -20       0      0      0 I   0.0   0.0   0:00.03 kworker/u13:4-uvcvideo
 320727 root      30  10    9436    780    704 S   0.0   0.0   0:00.00 sleep

top - 13:48:38 up  4:11,  0 users,  load average: 6.16, 5.25, 5.29
Tasks: 350 total,   2 running, 348 sleeping,   0 stopped,   0 zombie
%Cpu(s): 37.9 us, 11.5 sy,  0.0 ni, 45.9 id,  0.1 wa,  2.5 hi,  2.1 si,  0.0 st
MiB Mem :   7607.4 total,   2717.8 free,   2028.1 used,   2861.5 buff/cache
MiB Swap:   3803.7 total,   3803.7 free,      0.0 used.   5273.3 avail Mem 

    PID USER      PR  NI    VIRT    RES    SHR S  %CPU  %MEM     TIME+ COMMAND
 319245 jetson    20   0  753924  71752  29576 R  40.0   0.9   0:14.91 python3
 289467 jetson    20   0  709004  62292  27276 S  34.6   0.8   4:56.98 python3
 303945 jetson    20   0  963220  47536  23528 S  33.2   0.6   0:56.47 controller_serv
 319047 jetson    20   0  764356  56104  25376 S  23.4   0.7   0:09.41 ros2
 301995 jetson    20   0 9351040 403772  85300 S  17.6   5.2   1:25.23 nvblox_node
 303953 jetson    20   0  531168  46396  26216 S  15.6   0.6   0:46.09 bt_navigator
 289117 jetson    20   0  432948  28320  14224 S  14.6   0.4   2:14.41 rplidar_node
 289113 jetson    20   0 1748412 107168  51312 S  13.7   1.4   1:59.29 realsense2_came
 290529 jetson    20   0 1062448  55232  24360 S  13.7   0.7   0:36.36 async_slam_tool
 289115 jetson    20   0  711148  66972  27276 S  13.2   0.9   2:16.63 python3
 289469 jetson    20   0  506204  34000  18400 S  11.7   0.4   1:35.96 ekf_node
 303985 jetson    20   0  577392  31576  16252 S  10.2   0.4   0:51.10 lifecycle_manag
 289119 jetson    20   0  708116  63664  27448 S   9.8   0.8   1:15.73 python3
 303949 jetson    20   0 1209768  92292  42832 S   9.8   1.2   0:50.72 planner_server
 303943 jetson    20   0  709520  64224  27412 S   8.8   0.8   0:23.65 python3
 303951 jetson    20   0  516316  35092  21016 S   6.8   0.5   0:35.41 behavior_server
 303947 jetson    20   0  664664  33136  19416 S   6.3   0.4   0:30.03 smoother_server
 303973 jetson    20   0  428560  27816  15960 S   6.3   0.4   0:25.32 velocity_smooth
 303955 jetson    20   0  431300  29232  17008 S   5.9   0.4   0:25.11 waypoint_follow
  13320 root      20   0 1300240  43632  11392 S   4.4   0.6  17:30.38 micro_ros_agent
    969 root      20   0  237044  10468   6400 S   2.4   0.1   2:03.33 polkitd
      1 root      20   0  167628  11768   7448 S   1.0   0.2   0:20.58 systemd
    904 root      rt   0       0      0      0 S   1.0   0.0   1:04.29 sugov:0
    909 root      rt   0       0      0      0 S   1.0   0.0   0:30.56 sugov:4
 319048 jetson    20   0   14344   3368   2772 R   1.0   0.0   0:00.36 top
     14 root      20   0       0      0      0 S   0.5   0.0   0:13.44 ksoftirqd/0
    137 root      20   0       0      0      0 I   0.5   0.0   0:01.57 kworker/1:2-events
    828 message+  20   0   10496   5632   3584 S   0.5   0.1   0:28.39 dbus-daemon
   2071 gdm       20   0 3471500 137216  73260 S   0.5   1.8   0:31.39 gnome-shell
  13238 jetson    20   0  428384  31060  15828 S   0.5   0.4   1:22.45 robot_state_pub
 205195 root       0 -20       0      0      0 I   0.5   0.0   0:10.05 kworker/u13:0-uvcvideo
 302359 root       0 -20       0      0      0 I   0.5   0.0   0:01.70 kworker/u13:2-uvcvideo
 303903 jetson    20   0  723188  40064  13216 S   0.5   0.5   0:01.34 ros2
 305476 root      20   0       0      0      0 I   0.5   0.0   0:00.81 kworker/u12:9-events_freezable_power_
      2 root      20   0       0      0      0 S   0.0   0.0   0:00.02 kthreadd
      3 root       0 -20       0      0      0 I   0.0   0.0   0:00.00 rcu_gp
      4 root       0 -20       0      0      0 I   0.0   0.0   0:00.00 rcu_par_gp
      5 root       0 -20       0      0      0 I   0.0   0.0   0:00.00 slub_flushwq
      6 root       0 -20       0      0      0 I   0.0   0.0   0:00.00 netns
      8 root       0 -20       0      0      0 I   0.0   0.0   0:00.00 kworker/0:0H-events_highpri
     10 root       0 -20       0      0      0 I   0.0   0.0   0:00.00 mm_percpu_wq
     11 root      20   0       0      0      0 S   0.0   0.0   0:00.00 rcu_tasks_kthre
     12 root      20   0       0      0      0 S   0.0   0.0   0:00.00 rcu_tasks_rude_
     13 root      20   0       0      0      0 S   0.0   0.0   0:00.00 rcu_tasks_trace
     15 root      20   0       0      0      0 I   0.0   0.0   0:05.84 rcu_preempt
     16 root      rt   0       0      0      0 S   0.0   0.0   0:00.01 migration/0
     17 root      20   0       0      0      0 S   0.0   0.0   0:00.00 cpuhp/0
     18 root      20   0       0      0      0 S   0.0   0.0   0:00.00 cpuhp/1
     19 root      rt   0       0      0      0 S   0.0   0.0   0:00.01 migration/1
     20 root      20   0       0      0      0 S   0.0   0.0   0:00.83 ksoftirqd/1
     22 root       0 -20       0      0      0 I   0.0   0.0   0:00.00 kworker/1:0H-events_highpri
     23 root      20   0       0      0      0 S   0.0   0.0   0:00.00 cpuhp/2
     24 root      rt   0       0      0      0 S   0.0   0.0   0:00.00 migration/2
     25 root      20   0       0      0      0 S   0.0   0.0   0:00.84 ksoftirqd/2
     27 root       0 -20       0      0      0 I   0.0   0.0   0:00.00 kworker/2:0H-events_highpri
     28 root      20   0       0      0      0 S   0.0   0.0   0:00.00 cpuhp/3
     29 root      rt   0       0      0      0 S   0.0   0.0   0:00.00 migration/3
     30 root      20   0       0      0      0 S   0.0   0.0   0:00.78 ksoftirqd/3
     32 root       0 -20       0      0      0 I   0.0   0.0   0:00.00 kworker/3:0H-events_highpri
     33 root      20   0       0      0      0 S   0.0   0.0   0:00.00 cpuhp/4
     34 root      rt   0       0      0      0 S   0.0   0.0   0:00.03 migration/4
     35 root      20   0       0      0      0 S   0.0   0.0   0:00.58 ksoftirqd/4
     37 root       0 -20       0      0      0 I   0.0   0.0   0:00.00 kworker/4:0H-kblockd
     38 root      20   0       0      0      0 S   0.0   0.0   0:00.00 cpuhp/5
     39 root      rt   0       0      0      0 S   0.0   0.0   0:00.03 migration/5
     40 root      20   0       0      0      0 S   0.0   0.0   0:00.59 ksoftirqd/5
     42 root       0 -20       0      0      0 I   0.0   0.0   0:00.00 kworker/5:0H-events_highpri
     43 root      20   0       0      0      0 S   0.0   0.0   0:00.01 kdevtmpfs
     44 root       0 -20       0      0      0 I   0.0   0.0   0:00.00 inet_frag_wq
     51 root      20   0       0      0      0 S   0.0   0.0   0:00.00 kauditd
     52 root      20   0       0      0      0 S   0.0   0.0   0:00.00 oom_reaper
     53 root       0 -20       0      0      0 I   0.0   0.0   0:00.00 writeback
     54 root      20   0       0      0      0 S   0.0   0.0   0:00.12 kcompactd0
     55 root      25   5       0      0      0 S   0.0   0.0   0:00.00 ksmd
     56 root      39  19       0      0      0 S   0.0   0.0   0:01.27 khugepaged
     67 root       0 -20       0      0      0 I   0.0   0.0   0:00.00 cryptd
     86 root       0 -20       0      0      0 I   0.0   0.0   0:00.00 kintegrityd
     87 root       0 -20       0      0      0 I   0.0   0.0   0:00.00 kblockd
     88 root       0 -20       0      0      0 I   0.0   0.0   0:00.00 blkcg_punt_bio
     89 root       0 -20       0      0      0 I   0.0   0.0   0:00.00 tpm_dev_wq
     90 root       0 -20       0      0      0 I   0.0   0.0   0:00.00 ata_sff
     91 root       0 -20       0      0      0 I   0.0   0.0   0:00.00 edac-poller
     92 root       0 -20       0      0      0 I   0.0   0.0   0:00.00 devfreq_wq
     93 root     -51   0       0      0      0 S   0.0   0.0   0:00.00 watchdogd
     96 root       0 -20       0      0      0 I   0.0   0.0   0:00.05 kworker/1:1H-kblockd
     97 root       0 -20       0      0      0 I   0.0   0.0   0:00.00 rpciod
     99 root       0 -20       0      0      0 I   0.0   0.0   0:00.00 xprtiod
    127 root      20   0       0      0      0 S   0.0   0.0   0:00.00 kswapd0
    128 root       0 -20       0      0      0 I   0.0   0.0   0:00.00 nfsiod
    132 root       0 -20       0      0      0 I   0.0   0.0   0:00.00 vfio-irqfd-clea
    133 root       0 -20       0      0      0 I   0.0   0.0   0:00.00 bch_btree_io
    134 root       0 -20       0      0      0 I   0.0   0.0   0:00.00 bcache
    135 root       0 -20       0      0      0 I   0.0   0.0   0:00.00 bch_journal
    136 root       0 -20       0      0      0 I   0.0   0.0   0:00.00 dm_bufio_cache
    139 root      20   0       0      0      0 I   0.0   0.0   0:00.99 kworker/2:3-events
    140 root      10 -10       0      0      0 S   0.0   0.0   0:00.00 krfcommd
    141 root      20   0       0      0      0 S   0.0   0.0   0:00.01 pr/tty0
    142 root      20   0       0      0      0 S   0.0   0.0   0:03.05 pr/ttyTCU0
    145 root     -51   0       0      0      0 S   0.0   0.0   0:00.00 irq/114-3160000
    147 root     -51   0       0      0      0 S   0.0   0.0   0:00.00 irq/115-3180000
    149 root     -51   0       0      0      0 S   0.0   0.0   0:00.00 irq/116-31b0000
    150 root     -51   0       0      0      0 S   0.0   0.0   0:00.02 irq/167-c240000
    151 root     -51   0       0      0      0 S   0.0   0.0   0:00.00 irq/168-c250000
    152 root     -51   0       0      0      0 S   0.0   0.0   0:00.00 irq/125-3610000
    153 root     -51   0       0      0      0 S   0.0   0.0   0:00.00 irq/122-3610000
    155 root       0 -20       0      0      0 I   0.0   0.0   0:00.00 sdhci
    156 root     -51   0       0      0      0 S   0.0   0.0   0:00.00 irq/120-mmc0
    157 root     -51   0       0      0      0 S   0.0   0.0   0:00.00 irq/230-3400000
    174 root       0 -20       0      0      0 I   0.0   0.0   0:00.05 kworker/3:1H-kblockd
    180 root     -51   0       0      0      0 S   0.0   0.0   0:00.00 irq/191-tegra-p
    181 root       0 -20       0      0      0 I   0.0   0.0   0:00.00 nvme-wq
    182 root       0 -20       0      0      0 I   0.0   0.0   0:00.00 nvme-reset-wq
    183 root       0 -20       0      0      0 I   0.0   0.0   0:00.00 nvme-delete-wq
    192 root     -51   0       0      0      0 S   0.0   0.0   0:00.00 irq/191-aerdrv
    193 root     -51   0       0      0      0 S   0.0   0.0   0:00.00 irq/193-tegra-p
    196 root     -51   0       0      0      0 S   0.0   0.0   0:00.00 irq/193-aerdrv
    197 root     -51   0       0      0      0 S   0.0   0.0   0:00.00 irq/195-tegra-p
    199 root     -51   0       0      0      0 S   0.0   0.0   0:00.00 irq/232-nvme0q0
    200 root     -51   0       0      0      0 S   0.0   0.0   0:00.26 irq/233-nvme0q1
    201 root     -51   0       0      0      0 S   0.0   0.0   0:00.29 irq/234-nvme0q2
    202 root     -51   0       0      0      0 S   0.0   0.0   0:00.43 irq/235-nvme0q3
    203 root     -51   0       0      0      0 S   0.0   0.0   0:00.55 irq/236-nvme0q4
    204 root     -51   0       0      0      0 S   0.0   0.0   0:00.13 irq/237-nvme0q5
    205 root     -51   0       0      0      0 S   0.0   0.0   0:00.09 irq/238-nvme0q6
    211 root       0 -20       0      0      0 I   0.0   0.0   0:00.05 kworker/4:1H-kblockd
    212 root      20   0       0      0      0 S   0.0   0.0   0:00.89 jbd2/nvme0n1p1-
    213 root       0 -20       0      0      0 I   0.0   0.0   0:00.00 ext4-rsv-conver
    222 root       0 -20       0      0      0 I   0.0   0.0   0:00.00 mld
    223 root       0 -20       0      0      0 I   0.0   0.0   0:00.03 kworker/0:1H-kblockd
    224 root       0 -20       0      0      0 I   0.0   0.0   0:00.00 ipv6_addrconf
    256 root      19  -1   48840  14960  13348 S   0.0   0.2   0:17.99 systemd-journal
    278 root       0 -20       0      0      0 I   0.0   0.0   0:00.07 kworker/2:1H-kblockd
    280 root      39  19       0      0      0 S   0.0   0.0   0:00.48 nvmap-bz
    281 root     -51   0       0      0      0 S   0.0   0.0   0:00.00 irq/188-host1x_
    285 root     -51   0       0      0      0 S   0.0   0.0   0:00.00 irq/197-gk20a_s
    286 root     -51   0       0      0      0 S   0.0   0.0   0:00.01 irq/198-gk20a_s
    287 root     -51   0       0      0      0 S   0.0   0.0   0:00.01 irq/199-gk20a_s
    288 root     -51   0       0      0      0 S   0.0   0.0   0:00.00 irq/200-gk20a_n
    291 root       0 -20       0      0      0 I   0.0   0.0   0:00.04 kworker/5:1H-kblockd
    295 root      20   0   11116   3460   3204 S   0.0   0.0   0:00.00 nv-tee-supplica
    299 root      20   0   76588   1360   1248 S   0.0   0.0   0:00.01 tee-supplicant
    301 root       0 -20       0      0      0 I   0.0   0.0   0:00.00 optee_bus_scan
    303 root     -51   0       0      0      0 S   0.0   0.0   0:00.00 irq/189-tegra-p
    312 root      20   0   23732   6316   4080 S   0.0   0.1   0:17.84 systemd-udevd
    313 root     -51   0       0      0      0 S   0.0   0.0   0:00.00 irq/189-aerdrv
    314 root      20   0   23216   5812   3992 S   0.0   0.1   0:00.38 systemd-udevd
    315 root      20   0   23216   5020   3248 S   0.0   0.1   0:00.15 systemd-udevd
    316 root      20   0   23268   6224   4288 S   0.0   0.1   0:00.16 systemd-udevd
    317 root      20   0   23220   4364   2600 S   0.0   0.1   0:00.11 systemd-udevd
    318 root      20   0   23216   4480   2672 S   0.0   0.1   0:00.12 systemd-udevd
    319 root      20   0   23212   5812   3980 S   0.0   0.1   0:00.28 systemd-udevd
    320 root      20   0   23264   4688   2764 S   0.0   0.1   0:00.13 systemd-udevd
    321 root      20   0   23268   5072   3136 S   0.0   0.1   0:00.18 systemd-udevd
    322 root      20   0   23524   5520   3456 S   0.0   0.1   0:00.26 systemd-udevd
    323 root      20   0   23216   6280   4444 S   0.0   0.1   0:00.37 systemd-udevd
    324 root      20   0   23220   5196   3388 S   0.0   0.1   0:00.16 systemd-udevd
    325 root      20   0   23220   5820   3976 S   0.0   0.1   0:00.37 systemd-udevd
    326 root      20   0   23220   5236   3388 S   0.0   0.1   0:00.39 systemd-udevd
    327 root      20   0   23220   5468   3656 S   0.0   0.1   0:00.18 systemd-udevd
    330 root      20   0   23512   5728   3684 S   0.0   0.1   0:00.14 systemd-udevd
    331 root      20   0   24292   5540   2676 S   0.0   0.1   0:00.16 systemd-udevd
    333 root      20   0   23524   5596   3532 S   0.0   0.1   0:00.26 systemd-udevd
    334 root      20   0   23220   5080   3240 S   0.0   0.1   0:00.25 systemd-udevd
    335 root      20   0   23220   4504   2708 S   0.0   0.1   0:00.11 systemd-udevd
    336 root      20   0   23220   4696   2892 S   0.0   0.1   0:00.14 systemd-udevd
    337 root      20   0   23524   5056   2992 S   0.0   0.1   0:00.16 systemd-udevd
    339 root      20   0   23220   4980   3148 S   0.0   0.1   0:00.17 systemd-udevd
    340 root      20   0   23544   6732   4608 S   0.0   0.1   1:00.08 systemd-udevd
    341 root      20   0   23276   5328   3384 S   0.0   0.1   0:00.13 systemd-udevd
    342 root      20   0   23280   5176   3228 S   0.0   0.1   0:00.13 systemd-udevd
    343 root      20   0   23220   5984   4152 S   0.0   0.1   0:00.30 systemd-udevd
    344 root      20   0   23560   6700   4596 S   0.0   0.1   0:00.48 systemd-udevd
    345 root      20   0       0      0      0 S   0.0   0.0   0:00.00 15820000.crypto
    346 root      20   0       0      0      0 S   0.0   0.0   0:00.00 15840000.crypto
    368 root      20   0   23324   5984   4116 S   0.0   0.1   0:00.40 systemd-udevd
    417 root     -51   0       0      0      0 S   0.0   0.0   0:00.00 irq/219-bc00000
    419 root      -2   0       0      0      0 S   0.0   0.0   0:00.00 capture-control
    420 root      -2   0       0      0      0 S   0.0   0.0   0:00.00 capture
    422 root     -51   0       0      0      0 S   0.0   0.0   0:00.00 irq/214-tegra_d
    423 root     -51   0       0      0      0 S   0.0   0.0   0:00.00 irq/215-tegra_d
    424 root       0 -20       0      0      0 I   0.0   0.0   0:00.00 dce-async-ipc-w
    425 root     -51   0       0      0      0 S   0.0   0.0   0:00.00 irq/240-nvvrs-p
    427 root      20   0       0      0      0 S   0.0   0.0   0:00.00 nv_queue
    428 root      20   0       0      0      0 S   0.0   0.0   0:00.00 nv_queue
    483 root     -51   0       0      0      0 S   0.0   0.0   0:00.00 irq/118-3210000
    487 root      20   0       0      0      0 S   0.0   0.0   0:00.00 spi0
    495 root       0 -20       0      0      0 I   0.0   0.0   0:00.00 cfg80211
    497 root     -51   0       0      0      0 S   0.0   0.0   0:00.00 irq/119-3230000
    498 root      20   0       0      0      0 S   0.0   0.0   0:00.00 spi1
    584 root       0 -20       0      0      0 I   0.0   0.0   0:00.00 btfwwork
    650 root      20   0    8236   6424   1432 S   0.0   0.1   0:00.57 haveged
    653 _rpc      20   0    7932   2264   1912 S   0.0   0.0   0:00.02 rpcbind
    659 systemd+  20   0   26320  13580   8496 S   0.0   0.2   0:00.40 systemd-resolve
    662 systemd+  20   0   88880   6332   5484 S   0.0   0.1   0:00.13 systemd-timesyn
    826 avahi     20   0    8084   3108   2752 S   0.0   0.0   0:00.48 avahi-daemon
    827 root      20   0    9888   4552   4112 S   0.0   0.1   0:00.07 bluetoothd
    829 root      20   0  264752  18684  14872 S   0.0   0.2   0:25.65 NetworkManager
    838 root      20   0   43504  19780  10232 S   0.0   0.3   0:00.15 networkd-dispat
    849 root      20   0  241652   9056   6312 S   0.0   0.1   0:00.41 power-profiles-
    854 syslog    20   0  222160   5012   3672 S   0.0   0.1   0:03.51 rsyslogd
    859 root      20   0    2240    796    720 S   0.0   0.0   0:00.00 seatd
    865 root      20   0 2145956  51796  25768 S   0.0   0.7   0:25.66 snapd
    867 root      20   0  242124   7452   6576 S   0.0   0.1   0:01.40 accounts-daemon
    869 root      20   0  238128   6232   5620 S   0.0   0.1   0:00.04 switcheroo-cont
    871 root      20   0   48968   7620   6296 S   0.0   0.1   0:02.48 systemd-logind
    874 root      20   0  394188  13988   9476 S   0.0   0.2   0:00.82 udisksd
    875 root      20   0   16632   9928   8148 S   0.0   0.1   0:00.89 wpa_supplicant
    882 avahi     20   0    7812    356      0 S   0.0   0.0   0:00.00 avahi-daemon
    921 root      30  10   11248   3612   3220 S   0.0   0.0   0:05.61 wifi_mon.sh
    983 root      20   0    2460   1556   1380 S   0.0   0.0   0:05.38 nvfancontrol
   1049 root      20   0       0      0      0 S   0.0   0.0   0:00.00 sw-quiesce
   1052 root      20   0       0      0      0 S   0.0   0.0   0:13.46 nvgpu_channel_p
   1068 root      20   0       0      0      0 S   0.0   0.0   0:00.00 nvgpu_pg_init_g
   1087 root      20   0       0      0      0 S   0.0   0.0   0:00.00 nvgpu_clk_arb_p
   1117 root      20   0       0      0      0 S   0.0   0.0   0:05.08 RTW_CMD_THREAD
   1157 root      20   0   75936   9960   8136 S   0.0   0.1   0:00.01 nvargus-daemon
   1158 root      20   0   11116   3520   3220 S   0.0   0.0   0:00.05 nvmemwarning.sh
   1171 root      20   0   22192   1776   1580 S   0.0   0.0   0:00.00 nvs-service
   1181 ollama    20   0 2006720  39588  20072 S   0.0   0.5   0:00.74 ollama
   1195 root      20   0    2336   1408   1292 S   0.0   0.0   0:01.96 run-cups-browse
   1201 root      20   0    2336   1424   1296 S   0.0   0.0   0:02.02 run-cupsd
   1204 root      20   0       0      0      0 S   0.0   0.0   0:00.00 pr/ramoops-1
   1212 root      20   0 2093080  58448  33576 S   0.0   0.8   0:15.78 containerd
   1239 root      20   0   10772   2824   2576 S   0.0   0.0   0:00.04 cron
   1259 root      20   0  243128   8056   7012 S   0.0   0.1   0:00.02 gdm3
   1263 kernoops  20   0   12812    452      0 S   0.0   0.0   0:00.01 kerneloops
   1290 root      20   0    9468    800    724 S   0.0   0.0   0:00.00 agetty
   1291 kernoops  20   0   12812    452      0 S   0.0   0.0   0:00.01 kerneloops
   1293 root      20   0    9468    804    724 S   0.0   0.0   0:00.00 agetty
   1330 root      20   0  173408   8804   7628 S   0.0   0.1   0:00.02 gdm-session-wor
   1417 root      20   0       0      0      0 S   0.0   0.0   0:00.00 file-storage
   1426 root      20   0   15272   8368   6788 S   0.0   0.1   0:00.49 sshd
   1474 gdm       20   0   18120   9728   7360 S   0.0   0.1   0:00.41 systemd
   1478 root      20   0    3076    992    880 S   0.0   0.0   0:00.00 nvphsd
   1483 root      20   0    3208   1476   1316 S   0.0   0.0   0:00.00 nvphsd
   1497 gdm       20   0  106692   4552      0 S   0.0   0.1   0:00.00 (sd-pam)
   1588 root      20   0 2352492  96592  56580 S   0.0   1.2   0:04.98 dockerd
   1688 gdm        9 -11   41972   6472   5156 S   0.0   0.1   0:00.05 pipewire
   1689 gdm       20   0   25476   6428   5104 S   0.0   0.1   0:00.99 pipewire-media-
   1690 gdm        9 -11  891840  20748  12584 S   0.0   0.3   0:00.77 pulseaudio
   1695 gdm       20   0  163948   5472   4964 S   0.0   0.1   0:00.00 gdm-x-session
   1697 root      20   0   24.2g  80524  35884 S   0.0   1.0   0:01.68 Xorg
   1698 rtkit     21   1  153504   1588   1380 S   0.0   0.0   0:00.21 rtkit-daemon
   1729 gdm       20   0    8840   3600   3212 S   0.0   0.0   0:00.02 dbus-daemon
   1748 root      20   0       0      0      0 S   0.0   0.0   0:00.00 nvidia-modeset/
   1749 root      20   0       0      0      0 S   0.0   0.0   0:00.00 nvidia-modeset/
   1752 root      20   0       0      0      0 S   0.0   0.0   0:00.00 nvidia
   1753 root      20   0       0      0      0 S   0.0   0.0   0:00.00 nv_queue
   1790 root      20   0       0      0      0 S   0.0   0.0   0:00.00 nvidia-drm-nv-t
   1791 root     -51   0       0      0      0 S   0.0   0.0   0:00.00 card1-crtc0
   1792 root     -51   0       0      0      0 S   0.0   0.0   0:00.00 card1-crtc1
   1980 gdm       20   0    5876   1552   1344 S   0.0   0.0   0:00.00 dbus-run-sessio
   1983 gdm       20   0    9108   4440   3588 S   0.0   0.1   0:00.13 dbus-daemon
   2035 gdm       20   0  597840  17824  12972 S   0.0   0.2   0:00.72 gnome-session-b
   2057 gdm       20   0  310068   8976   6272 S   0.0   0.1   0:00.00 at-spi-bus-laun
   2062 gdm       20   0    8692   3556   3168 S   0.0   0.0   0:00.00 dbus-daemon
   2092 gdm       20   0  237676   4964   4528 S   0.0   0.1   0:00.00 xdg-permission-
   2099 root      20   0  243852  10136   6984 S   0.0   0.1   0:00.34 upowerd
   2106 root      20   0  301608  19332  16408 S   0.0   0.2   0:01.06 packagekitd
   2110 gdm       20   0 2812288  25716  20860 S   0.0   0.3   0:00.08 gjs
   2113 gdm       20   0  163144   7196   6428 S   0.0   0.1   0:00.01 at-spi2-registr
   2141 gdm       20   0  468748   9856   7940 S   0.0   0.1   0:01.32 gsd-sharing
   2146 gdm       20   0  338880  14892  12620 S   0.0   0.2   0:00.06 gsd-wacom
   2148 gdm       20   0  451616  18896  16480 S   0.0   0.2   0:00.16 gsd-color
   2150 gdm       20   0  412392  17092  13292 S   0.0   0.2   0:00.04 gsd-keyboard
   2152 gdm       20   0  316864  13188   6244 S   0.0   0.2   0:00.10 ibus-daemon
   2156 gdm       20   0  326124   9848   8488 S   0.0   0.1   0:00.02 gsd-print-notif
   2166 gdm       20   0  242216   6512   5848 S   0.0   0.1   0:00.01 gvfsd
   2168 gdm       20   0  459796   6140   5436 S   0.0   0.1   0:00.39 gsd-rfkill
   2170 gdm       20   0  388312   7432   6528 S   0.0   0.1   0:00.01 gsd-smartcard
   2173 gdm       20   0  380556  16508  12504 S   0.0   0.2   0:00.03 gsd-datetime
   2183 gdm       20   0  864216  20108  17428 S   0.0   0.3   0:00.37 gsd-media-keys
   2184 gdm       20   0  237936   4760   4376 S   0.0   0.1   0:00.01 gsd-screensaver
   2185 gdm       20   0  322096  10392   7320 S   0.0   0.1   0:00.02 gsd-sound
   2186 gdm       20   0  312416   8104   5476 S   0.0   0.1   0:00.01 gsd-a11y-settin
   2193 gdm       20   0  313996   8944   6152 S   0.0   0.1   0:00.64 gsd-housekeepin
   2195 gdm       20   0  450004  20288  15904 S   0.0   0.3   0:00.37 gsd-power
   2218 gdm       20   0  347052  12608  10748 S   0.0   0.2   0:00.03 gsd-printer
   2221 gdm       20   0  239040   6576   5948 S   0.0   0.1   0:00.00 ibus-dconf
   2233 gdm       20   0  238936   5920   5488 S   0.0   0.1   0:00.00 ibus-portal
   2263 colord    20   0  247516  14492   8720 S   0.0   0.2   0:00.23 colord
   2285 gdm       20   0 2812300  27868  20904 S   0.0   0.4   0:00.09 gjs
   2349 gdm       20   0  165096   6516   5892 S   0.0   0.1   0:00.01 ibus-engine-sim
   2508 root      20   0  136716  13172   9512 S   0.0   0.2   0:00.61 cupsd
   2522 root      20   0  260792  17940  13508 S   0.0   0.2   0:01.23 cups-browsed
  11687 jetson    20   0   18140   9764   7368 S   0.0   0.1   0:00.32 systemd
  11688 jetson    20   0  172512   4632      0 S   0.0   0.1   0:00.00 (sd-pam)
  11696 jetson    20   0   41976   6552   5228 S   0.0   0.1   0:00.04 pipewire
  11697 jetson    20   0   25484   6724   5388 S   0.0   0.1   0:01.07 pipewire-media-
  11749 jetson    20   0    8888   3620   3232 S   0.0   0.0   0:00.01 dbus-daemon
  11931 jetson    20   0  706564  62076  26432 S   0.0   0.8   1:20.13 python3
  12473 root      20   0 1233488  13236   6340 S   0.0   0.2   0:01.97 containerd-shim
  12502 jetson    20   0    5508    792    704 S   0.0   0.0   0:00.20 sleep
  12567 root      20   0   21892   5484   3884 S   0.0   0.1   0:16.85 systemd-udevd
  12575 root      20   0   21760   4536   2952 S   0.0   0.1   0:34.30 systemd-udevd
  13234 jetson    20   0  203640  35476  13212 S   0.0   0.5   0:00.75 ros2
  13236 jetson    20   0 2070472  36080  17228 S   0.0   0.5   0:00.56 docker
  13265 root      20   0 1232976  11192   5960 S   0.0   0.1   0:01.40 containerd-shim
  13294 root      20   0   49400  29204  14412 S   0.0   0.4   0:00.40 ros2
  13554 root      20   0   21760   4460   2932 S   0.0   0.1   0:00.03 systemd-udevd
  13555 root      20   0   21760   3352   1860 S   0.0   0.0   0:00.00 systemd-udevd
  13568 root      20   0   21760   3376   1864 S   0.0   0.0   0:00.02 systemd-udevd
  13569 root      20   0   21760   4136   2588 S   0.0   0.1   0:00.06 systemd-udevd
  13570 root      20   0   21764   4492   2960 S   0.0   0.1   0:00.05 systemd-udevd
  13571 root      20   0   21764   4108   2588 S   0.0   0.1   0:00.03 systemd-udevd
  13580 root      20   0   21764   4136   2588 S   0.0   0.1   0:00.04 systemd-udevd
  13581 root      20   0   21764   3708   2180 S   0.0   0.0   0:00.00 systemd-udevd
  13582 root      20   0   21764   4268   2704 S   0.0   0.1   0:00.06 systemd-udevd
  13594 root      20   0   21764   3408   1864 S   0.0   0.0   0:00.01 systemd-udevd
  13595 root      20   0   21764   4012   2468 S   0.0   0.1   0:00.02 systemd-udevd
  33484 root      20   0       0      0      0 I   0.0   0.0   0:12.37 kworker/u12:0-events_unbound
  34263 root      20   0       0      0      0 I   0.0   0.0   0:14.92 kworker/u12:2-events_freezable_power_
  49116 root      20   0       0      0      0 I   0.0   0.0   0:00.65 kworker/0:0-events
  90870 root      20   0       0      0      0 I   0.0   0.0   0:11.78 kworker/u12:11-events_freezable_power_
  98217 root      20   0  238836   6944   5696 S   0.0   0.1   0:02.21 iio-sensor-prox
 100141 root      20   0       0      0      0 I   0.0   0.0   0:09.73 kworker/u12:6-events_freezable_power_
 149635 root      20   0       0      0      0 I   0.0   0.0   0:00.45 kworker/3:0-events
 199974 root      20   0       0      0      0 I   0.0   0.0   0:05.37 kworker/u12:1-events_unbound
 211464 root      20   0       0      0      0 I   0.0   0.0   0:04.90 kworker/u12:7-events_unbound
 219316 root       0 -20       0      0      0 I   0.0   0.0   0:09.29 kworker/u13:3-uvcvideo
 234404 root      20   0       0      0      0 I   0.0   0.0   0:00.55 kworker/5:0-mm_percpu_wq
 251138 root      20   0       0      0      0 I   0.0   0.0   0:02.57 kworker/u12:4-events_unbound
 253037 root      20   0       0      0      0 I   0.0   0.0   0:02.71 kworker/u12:8-events_unbound
 271538 root      20   0  410228  41960  21380 S   0.0   0.5   0:01.39 fwupd
 274472 root       0 -20       0      0      0 I   0.0   0.0   0:03.87 kworker/u13:1-uvcvideo
 278878 root      20   0       0      0      0 I   0.0   0.0   0:00.09 kworker/4:2-mm_percpu_wq
 284193 root      20   0       0      0      0 I   0.0   0.0   0:01.58 kworker/u12:3-events_unbound
 289098 jetson    20   0  572504  38648  13228 S   0.0   0.5   0:00.95 ros2
 289121 jetson    20   0 1082820  58716  26356 S   0.0   0.8   0:30.86 foxglove_bridge
 290503 jetson    20   0  129772  34672  13228 S   0.0   0.4   0:00.69 ros2
 295127 root      20   0       0      0      0 I   0.0   0.0   0:00.02 kworker/1:3-cgroup_destroy
 295225 root      20   0       0      0      0 I   0.0   0.0   0:00.00 kworker/3:1-events
 298318 root      20   0       0      0      0 I   0.0   0.0   0:00.00 kworker/4:0-events
 298521 root      20   0       0      0      0 I   0.0   0.0   0:00.00 kworker/5:1-cgroup_destroy
 301519 root      20   0       0      0      0 I   0.0   0.0   0:00.04 kworker/0:1-events
 301563 root      20   0       0      0      0 I   0.0   0.0   0:00.00 kworker/2:0-cgroup_destroy
 301980 jetson    20   0   53568  30336  15004 S   0.0   0.4   0:00.44 ros2
 314676 root      20   0       0      0      0 I   0.0   0.0   0:00.00 kworker/5:2-events
 314679 root      20   0       0      0      0 I   0.0   0.0   0:00.00 kworker/2:1-events
 314725 root      20   0       0      0      0 I   0.0   0.0   0:00.00 kworker/0:2
 314862 root      20   0       0      0      0 I   0.0   0.0   0:00.00 kworker/1:0-cgroup_destroy
 315002 root      20   0       0      0      0 I   0.0   0.0   0:00.00 kworker/2:2
 316431 root      20   0    9436    772    692 S   0.0   0.0   0:00.00 sleep
 316651 root      20   0       0      0      0 I   0.0   0.0   0:00.01 kworker/3:2-mm_percpu_wq
 316919 jetson    20   0   11248   3308   2868 S   0.0   0.0   0:00.03 bash
 318996 jetson    20   0   11248   3304   2868 S   0.0   0.0   0:00.01 bash
 319049 jetson    20   0    2872    896    800 S   0.0   0.0   0:00.08 tegrastats
 319246 jetson    20   0    9480    820    736 S   0.0   0.0   0:00.00 tail
 320253 root       0 -20       0      0      0 I   0.0   0.0   0:00.03 kworker/u13:4-uvcvideo
 320727 root      30  10    9436    780    704 S   0.0   0.0   0:00.00 sleep

top - 13:48:40 up  4:11,  0 users,  load average: 5.91, 5.22, 5.27
Tasks: 349 total,   3 running, 346 sleeping,   0 stopped,   0 zombie
%Cpu(s): 39.6 us, 10.6 sy,  0.0 ni, 45.3 id,  0.0 wa,  2.4 hi,  2.1 si,  0.0 st
MiB Mem :   7607.4 total,   2756.8 free,   1983.8 used,   2866.7 buff/cache
MiB Swap:   3803.7 total,   3803.7 free,      0.0 used.   5317.4 avail Mem 

    PID USER      PR  NI    VIRT    RES    SHR S  %CPU  %MEM     TIME+ COMMAND
 289467 jetson    20   0  709004  62292  27276 R  37.9   0.8   4:57.75 python3
  13320 root      20   0 1300240  43632  11392 S  27.1   0.6  17:30.93 micro_ros_agent
 319047 jetson    20   0  764356  56104  25376 S  24.1   0.7   0:09.90 ros2
 303945 jetson    20   0  963220  48040  23656 S  20.7   0.6   0:56.89 controller_serv
 301995 jetson    20   0 9351040 403776  85300 S  17.2   5.2   1:25.58 nvblox_node
 289113 jetson    20   0 1748412 107168  51312 S  15.3   1.4   1:59.60 realsense2_came
 289117 jetson    20   0  432948  28320  14224 S  15.3   0.4   2:14.72 rplidar_node
 289115 jetson    20   0  712260  67836  27276 R  13.8   0.9   2:16.91 python3
 303953 jetson    20   0  531168  47012  26676 S  13.8   0.6   0:46.37 bt_navigator
 289469 jetson    20   0  506204  34000  18400 S  12.8   0.4   1:36.22 ekf_node
 303949 jetson    20   0 1209776  92292  42832 S  12.3   1.2   0:50.97 planner_server
 303985 jetson    20   0  577392  31576  16252 S  11.3   0.4   0:51.33 lifecycle_manag
 289119 jetson    20   0  708116  63664  27448 S   9.4   0.8   1:15.92 python3
 290529 jetson    20   0 1062448  55496  24360 S   8.4   0.7   0:36.53 async_slam_tool
 303951 jetson    20   0  516316  35092  21016 S   8.4   0.5   0:35.58 behavior_server
 303943 jetson    20   0  709520  64224  27412 S   7.9   0.8   0:23.81 python3
 303947 jetson    20   0  664664  33136  19416 S   6.9   0.4   0:30.17 smoother_server
 303955 jetson    20   0  431300  29232  17008 S   5.9   0.4   0:25.23 waypoint_follow
 303973 jetson    20   0  428560  27816  15960 S   5.9   0.4   0:25.44 velocity_smooth
 289121 jetson    20   0 1082820  58716  26356 S   2.0   0.8   0:30.90 foxglove_bridge
    904 root      rt   0       0      0      0 S   1.5   0.0   1:04.32 sugov:0
 319048 jetson    20   0   14344   3368   2772 R   1.5   0.0   0:00.39 top
    909 root      rt   0       0      0      0 S   1.0   0.0   0:30.58 sugov:4
    312 root      20   0   23732   6316   4080 S   0.5   0.1   0:17.85 systemd-udevd
    340 root      20   0   23544   6732   4608 S   0.5   0.1   1:00.09 systemd-udevd
   1212 root      20   0 2093080  58712  33576 S   0.5   0.8   0:15.79 containerd
  11931 jetson    20   0  706564  62076  26432 S   0.5   0.8   1:20.14 python3
  12575 root      20   0   21760   4536   2952 S   0.5   0.1   0:34.31 systemd-udevd
  13238 jetson    20   0  428384  31060  15828 S   0.5   0.4   1:22.46 robot_state_pub
  33484 root      20   0       0      0      0 I   0.5   0.0   0:12.38 kworker/u12:0-events_unbound
 100141 root      20   0       0      0      0 I   0.5   0.0   0:09.74 kworker/u12:6-events_freezable_power_
 251138 root      20   0       0      0      0 I   0.5   0.0   0:02.58 kworker/u12:4-events_unbound
 284193 root      20   0       0      0      0 I   0.5   0.0   0:01.59 kworker/u12:3-events_freezable_power_
 302359 root       0 -20       0      0      0 I   0.5   0.0   0:01.71 kworker/u13:2-uvcvideo
 305476 root      20   0       0      0      0 I   0.5   0.0   0:00.82 kworker/u12:9-events_unbound
 319049 jetson    20   0    2872    896    800 S   0.5   0.0   0:00.09 tegrastats
 320253 root       0 -20       0      0      0 I   0.5   0.0   0:00.04 kworker/u13:4-uvcvideo
      1 root      20   0  167628  11768   7448 S   0.0   0.2   0:20.58 systemd
      2 root      20   0       0      0      0 S   0.0   0.0   0:00.02 kthreadd
      3 root       0 -20       0      0      0 I   0.0   0.0   0:00.00 rcu_gp
      4 root       0 -20       0      0      0 I   0.0   0.0   0:00.00 rcu_par_gp
      5 root       0 -20       0      0      0 I   0.0   0.0   0:00.00 slub_flushwq
      6 root       0 -20       0      0      0 I   0.0   0.0   0:00.00 netns
      8 root       0 -20       0      0      0 I   0.0   0.0   0:00.00 kworker/0:0H-events_highpri
     10 root       0 -20       0      0      0 I   0.0   0.0   0:00.00 mm_percpu_wq
     11 root      20   0       0      0      0 S   0.0   0.0   0:00.00 rcu_tasks_kthre
     12 root      20   0       0      0      0 S   0.0   0.0   0:00.00 rcu_tasks_rude_
     13 root      20   0       0      0      0 S   0.0   0.0   0:00.00 rcu_tasks_trace
     14 root      20   0       0      0      0 S   0.0   0.0   0:13.44 ksoftirqd/0
     15 root      20   0       0      0      0 I   0.0   0.0   0:05.84 rcu_preempt
     16 root      rt   0       0      0      0 S   0.0   0.0   0:00.01 migration/0
     17 root      20   0       0      0      0 S   0.0   0.0   0:00.00 cpuhp/0
     18 root      20   0       0      0      0 S   0.0   0.0   0:00.00 cpuhp/1
     19 root      rt   0       0      0      0 S   0.0   0.0   0:00.01 migration/1
     20 root      20   0       0      0      0 S   0.0   0.0   0:00.83 ksoftirqd/1
     22 root       0 -20       0      0      0 I   0.0   0.0   0:00.00 kworker/1:0H-events_highpri
     23 root      20   0       0      0      0 S   0.0   0.0   0:00.00 cpuhp/2
     24 root      rt   0       0      0      0 S   0.0   0.0   0:00.00 migration/2
     25 root      20   0       0      0      0 S   0.0   0.0   0:00.84 ksoftirqd/2
     27 root       0 -20       0      0      0 I   0.0   0.0   0:00.00 kworker/2:0H-events_highpri
     28 root      20   0       0      0      0 S   0.0   0.0   0:00.00 cpuhp/3
     29 root      rt   0       0      0      0 S   0.0   0.0   0:00.00 migration/3
     30 root      20   0       0      0      0 S   0.0   0.0   0:00.78 ksoftirqd/3
     32 root       0 -20       0      0      0 I   0.0   0.0   0:00.00 kworker/3:0H-events_highpri
     33 root      20   0       0      0      0 S   0.0   0.0   0:00.00 cpuhp/4
     34 root      rt   0       0      0      0 S   0.0   0.0   0:00.03 migration/4
     35 root      20   0       0      0      0 S   0.0   0.0   0:00.58 ksoftirqd/4
     37 root       0 -20       0      0      0 I   0.0   0.0   0:00.00 kworker/4:0H-kblockd
     38 root      20   0       0      0      0 S   0.0   0.0   0:00.00 cpuhp/5
     39 root      rt   0       0      0      0 S   0.0   0.0   0:00.03 migration/5
     40 root      20   0       0      0      0 S   0.0   0.0   0:00.59 ksoftirqd/5
     42 root       0 -20       0      0      0 I   0.0   0.0   0:00.00 kworker/5:0H-events_highpri
     43 root      20   0       0      0      0 S   0.0   0.0   0:00.01 kdevtmpfs
     44 root       0 -20       0      0      0 I   0.0   0.0   0:00.00 inet_frag_wq
     51 root      20   0       0      0      0 S   0.0   0.0   0:00.00 kauditd
     52 root      20   0       0      0      0 S   0.0   0.0   0:00.00 oom_reaper
     53 root       0 -20       0      0      0 I   0.0   0.0   0:00.00 writeback
     54 root      20   0       0      0      0 S   0.0   0.0   0:00.12 kcompactd0
     55 root      25   5       0      0      0 S   0.0   0.0   0:00.00 ksmd
     56 root      39  19       0      0      0 S   0.0   0.0   0:01.27 khugepaged
     67 root       0 -20       0      0      0 I   0.0   0.0   0:00.00 cryptd
     86 root       0 -20       0      0      0 I   0.0   0.0   0:00.00 kintegrityd
     87 root       0 -20       0      0      0 I   0.0   0.0   0:00.00 kblockd
     88 root       0 -20       0      0      0 I   0.0   0.0   0:00.00 blkcg_punt_bio
     89 root       0 -20       0      0      0 I   0.0   0.0   0:00.00 tpm_dev_wq
     90 root       0 -20       0      0      0 I   0.0   0.0   0:00.00 ata_sff
     91 root       0 -20       0      0      0 I   0.0   0.0   0:00.00 edac-poller
     92 root       0 -20       0      0      0 I   0.0   0.0   0:00.00 devfreq_wq
     93 root     -51   0       0      0      0 S   0.0   0.0   0:00.00 watchdogd
     96 root       0 -20       0      0      0 I   0.0   0.0   0:00.05 kworker/1:1H-kblockd
     97 root       0 -20       0      0      0 I   0.0   0.0   0:00.00 rpciod
     99 root       0 -20       0      0      0 I   0.0   0.0   0:00.00 xprtiod
    127 root      20   0       0      0      0 S   0.0   0.0   0:00.00 kswapd0
    128 root       0 -20       0      0      0 I   0.0   0.0   0:00.00 nfsiod
    132 root       0 -20       0      0      0 I   0.0   0.0   0:00.00 vfio-irqfd-clea
    133 root       0 -20       0      0      0 I   0.0   0.0   0:00.00 bch_btree_io
    134 root       0 -20       0      0      0 I   0.0   0.0   0:00.00 bcache
    135 root       0 -20       0      0      0 I   0.0   0.0   0:00.00 bch_journal
    136 root       0 -20       0      0      0 I   0.0   0.0   0:00.00 dm_bufio_cache
    137 root      20   0       0      0      0 I   0.0   0.0   0:01.57 kworker/1:2-mm_percpu_wq
    139 root      20   0       0      0      0 I   0.0   0.0   0:00.99 kworker/2:3-mm_percpu_wq
    140 root      10 -10       0      0      0 S   0.0   0.0   0:00.00 krfcommd
    141 root      20   0       0      0      0 S   0.0   0.0   0:00.01 pr/tty0
    142 root      20   0       0      0      0 S   0.0   0.0   0:03.05 pr/ttyTCU0
    145 root     -51   0       0      0      0 S   0.0   0.0   0:00.00 irq/114-3160000
    147 root     -51   0       0      0      0 S   0.0   0.0   0:00.00 irq/115-3180000
    149 root     -51   0       0      0      0 S   0.0   0.0   0:00.00 irq/116-31b0000
    150 root     -51   0       0      0      0 S   0.0   0.0   0:00.02 irq/167-c240000
    151 root     -51   0       0      0      0 S   0.0   0.0   0:00.00 irq/168-c250000
    152 root     -51   0       0      0      0 S   0.0   0.0   0:00.00 irq/125-3610000
    153 root     -51   0       0      0      0 S   0.0   0.0   0:00.00 irq/122-3610000
    155 root       0 -20       0      0      0 I   0.0   0.0   0:00.00 sdhci
    156 root     -51   0       0      0      0 S   0.0   0.0   0:00.00 irq/120-mmc0
    157 root     -51   0       0      0      0 S   0.0   0.0   0:00.00 irq/230-3400000
    174 root       0 -20       0      0      0 I   0.0   0.0   0:00.05 kworker/3:1H-kblockd
    180 root     -51   0       0      0      0 S   0.0   0.0   0:00.00 irq/191-tegra-p
    181 root       0 -20       0      0      0 I   0.0   0.0   0:00.00 nvme-wq
    182 root       0 -20       0      0      0 I   0.0   0.0   0:00.00 nvme-reset-wq
    183 root       0 -20       0      0      0 I   0.0   0.0   0:00.00 nvme-delete-wq
    192 root     -51   0       0      0      0 S   0.0   0.0   0:00.00 irq/191-aerdrv
    193 root     -51   0       0      0      0 S   0.0   0.0   0:00.00 irq/193-tegra-p
    196 root     -51   0       0      0      0 S   0.0   0.0   0:00.00 irq/193-aerdrv
    197 root     -51   0       0      0      0 S   0.0   0.0   0:00.00 irq/195-tegra-p
    199 root     -51   0       0      0      0 S   0.0   0.0   0:00.00 irq/232-nvme0q0
    200 root     -51   0       0      0      0 S   0.0   0.0   0:00.26 irq/233-nvme0q1
    201 root     -51   0       0      0      0 S   0.0   0.0   0:00.29 irq/234-nvme0q2
    202 root     -51   0       0      0      0 S   0.0   0.0   0:00.43 irq/235-nvme0q3
    203 root     -51   0       0      0      0 S   0.0   0.0   0:00.55 irq/236-nvme0q4
    204 root     -51   0       0      0      0 S   0.0   0.0   0:00.13 irq/237-nvme0q5
    205 root     -51   0       0      0      0 S   0.0   0.0   0:00.09 irq/238-nvme0q6
    211 root       0 -20       0      0      0 I   0.0   0.0   0:00.05 kworker/4:1H-kblockd
    212 root      20   0       0      0      0 S   0.0   0.0   0:00.89 jbd2/nvme0n1p1-
    213 root       0 -20       0      0      0 I   0.0   0.0   0:00.00 ext4-rsv-conver
    222 root       0 -20       0      0      0 I   0.0   0.0   0:00.00 mld
    223 root       0 -20       0      0      0 I   0.0   0.0   0:00.03 kworker/0:1H-kblockd
    224 root       0 -20       0      0      0 I   0.0   0.0   0:00.00 ipv6_addrconf
    256 root      19  -1   48840  14960  13348 S   0.0   0.2   0:17.99 systemd-journal
    278 root       0 -20       0      0      0 I   0.0   0.0   0:00.07 kworker/2:1H-kblockd
    280 root      39  19       0      0      0 S   0.0   0.0   0:00.48 nvmap-bz
    281 root     -51   0       0      0      0 S   0.0   0.0   0:00.00 irq/188-host1x_
    285 root     -51   0       0      0      0 S   0.0   0.0   0:00.00 irq/197-gk20a_s
    286 root     -51   0       0      0      0 S   0.0   0.0   0:00.01 irq/198-gk20a_s
    287 root     -51   0       0      0      0 S   0.0   0.0   0:00.01 irq/199-gk20a_s
    288 root     -51   0       0      0      0 S   0.0   0.0   0:00.00 irq/200-gk20a_n
    291 root       0 -20       0      0      0 I   0.0   0.0   0:00.04 kworker/5:1H-kblockd
    295 root      20   0   11116   3460   3204 S   0.0   0.0   0:00.00 nv-tee-supplica
    299 root      20   0   76588   1360   1248 S   0.0   0.0   0:00.01 tee-supplicant
    301 root       0 -20       0      0      0 I   0.0   0.0   0:00.00 optee_bus_scan
    303 root     -51   0       0      0      0 S   0.0   0.0   0:00.00 irq/189-tegra-p
    313 root     -51   0       0      0      0 S   0.0   0.0   0:00.00 irq/189-aerdrv
    314 root      20   0   23216   5812   3992 S   0.0   0.1   0:00.38 systemd-udevd
    315 root      20   0   23216   5020   3248 S   0.0   0.1   0:00.15 systemd-udevd
    316 root      20   0   23268   6224   4288 S   0.0   0.1   0:00.16 systemd-udevd
    317 root      20   0   23220   4364   2600 S   0.0   0.1   0:00.11 systemd-udevd
    318 root      20   0   23216   4480   2672 S   0.0   0.1   0:00.12 systemd-udevd
    319 root      20   0   23212   5812   3980 S   0.0   0.1   0:00.28 systemd-udevd
    320 root      20   0   23264   4688   2764 S   0.0   0.1   0:00.13 systemd-udevd
    321 root      20   0   23268   5072   3136 S   0.0   0.1   0:00.18 systemd-udevd
    322 root      20   0   23524   5520   3456 S   0.0   0.1   0:00.26 systemd-udevd
    323 root      20   0   23216   6280   4444 S   0.0   0.1   0:00.37 systemd-udevd
    324 root      20   0   23220   5196   3388 S   0.0   0.1   0:00.16 systemd-udevd
    325 root      20   0   23220   5820   3976 S   0.0   0.1   0:00.37 systemd-udevd
    326 root      20   0   23220   5236   3388 S   0.0   0.1   0:00.39 systemd-udevd
    327 root      20   0   23220   5468   3656 S   0.0   0.1   0:00.18 systemd-udevd
    330 root      20   0   23512   5728   3684 S   0.0   0.1   0:00.14 systemd-udevd
    331 root      20   0   24292   5540   2676 S   0.0   0.1   0:00.16 systemd-udevd
    333 root      20   0   23524   5596   3532 S   0.0   0.1   0:00.26 systemd-udevd
    334 root      20   0   23220   5080   3240 S   0.0   0.1   0:00.25 systemd-udevd
    335 root      20   0   23220   4504   2708 S   0.0   0.1   0:00.11 systemd-udevd
    336 root      20   0   23220   4696   2892 S   0.0   0.1   0:00.14 systemd-udevd
    337 root      20   0   23524   5056   2992 S   0.0   0.1   0:00.16 systemd-udevd
    339 root      20   0   23220   4980   3148 S   0.0   0.1   0:00.17 systemd-udevd
    341 root      20   0   23276   5328   3384 S   0.0   0.1   0:00.13 systemd-udevd
    342 root      20   0   23280   5176   3228 S   0.0   0.1   0:00.13 systemd-udevd
    343 root      20   0   23220   5984   4152 S   0.0   0.1   0:00.30 systemd-udevd
    344 root      20   0   23560   6700   4596 S   0.0   0.1   0:00.48 systemd-udevd
    345 root      20   0       0      0      0 S   0.0   0.0   0:00.00 15820000.crypto
    346 root      20   0       0      0      0 S   0.0   0.0   0:00.00 15840000.crypto
    368 root      20   0   23324   5984   4116 S   0.0   0.1   0:00.40 systemd-udevd
    417 root     -51   0       0      0      0 S   0.0   0.0   0:00.00 irq/219-bc00000
    419 root      -2   0       0      0      0 S   0.0   0.0   0:00.00 capture-control
    420 root      -2   0       0      0      0 S   0.0   0.0   0:00.00 capture
    422 root     -51   0       0      0      0 S   0.0   0.0   0:00.00 irq/214-tegra_d
    423 root     -51   0       0      0      0 S   0.0   0.0   0:00.00 irq/215-tegra_d
    424 root       0 -20       0      0      0 I   0.0   0.0   0:00.00 dce-async-ipc-w
    425 root     -51   0       0      0      0 S   0.0   0.0   0:00.00 irq/240-nvvrs-p
    427 root      20   0       0      0      0 S   0.0   0.0   0:00.00 nv_queue
    428 root      20   0       0      0      0 S   0.0   0.0   0:00.00 nv_queue
    483 root     -51   0       0      0      0 S   0.0   0.0   0:00.00 irq/118-3210000
    487 root      20   0       0      0      0 S   0.0   0.0   0:00.00 spi0
    495 root       0 -20       0      0      0 I   0.0   0.0   0:00.00 cfg80211
    497 root     -51   0       0      0      0 S   0.0   0.0   0:00.00 irq/119-3230000
    498 root      20   0       0      0      0 S   0.0   0.0   0:00.00 spi1
    584 root       0 -20       0      0      0 I   0.0   0.0   0:00.00 btfwwork
    650 root      20   0    8236   6424   1432 S   0.0   0.1   0:00.57 haveged
    653 _rpc      20   0    7932   2264   1912 S   0.0   0.0   0:00.02 rpcbind
    659 systemd+  20   0   26320  13580   8496 S   0.0   0.2   0:00.40 systemd-resolve
    662 systemd+  20   0   88880   6332   5484 S   0.0   0.1   0:00.13 systemd-timesyn
    826 avahi     20   0    8084   3108   2752 S   0.0   0.0   0:00.48 avahi-daemon
    827 root      20   0    9888   4552   4112 S   0.0   0.1   0:00.07 bluetoothd
    828 message+  20   0   10496   5632   3584 S   0.0   0.1   0:28.39 dbus-daemon
    829 root      20   0  264752  18684  14872 S   0.0   0.2   0:25.65 NetworkManager
    838 root      20   0   43504  19780  10232 S   0.0   0.3   0:00.15 networkd-dispat
    849 root      20   0  241652   9056   6312 S   0.0   0.1   0:00.41 power-profiles-
    854 syslog    20   0  222160   5012   3672 S   0.0   0.1   0:03.51 rsyslogd
    859 root      20   0    2240    796    720 S   0.0   0.0   0:00.00 seatd
    865 root      20   0 2145956  51796  25768 S   0.0   0.7   0:25.66 snapd
    867 root      20   0  242124   7452   6576 S   0.0   0.1   0:01.40 accounts-daemon
    869 root      20   0  238128   6232   5620 S   0.0   0.1   0:00.04 switcheroo-cont
    871 root      20   0   48968   7620   6296 S   0.0   0.1   0:02.48 systemd-logind
    874 root      20   0  394188  13988   9476 S   0.0   0.2   0:00.82 udisksd
    875 root      20   0   16632   9928   8148 S   0.0   0.1   0:00.89 wpa_supplicant
    882 avahi     20   0    7812    356      0 S   0.0   0.0   0:00.00 avahi-daemon
    921 root      30  10   11248   3612   3220 S   0.0   0.0   0:05.61 wifi_mon.sh
    969 root      20   0  237044  10468   6400 S   0.0   0.1   2:03.33 polkitd
    983 root      20   0    2460   1556   1380 S   0.0   0.0   0:05.38 nvfancontrol
   1049 root      20   0       0      0      0 S   0.0   0.0   0:00.00 sw-quiesce
   1052 root      20   0       0      0      0 S   0.0   0.0   0:13.46 nvgpu_channel_p
   1068 root      20   0       0      0      0 S   0.0   0.0   0:00.00 nvgpu_pg_init_g
   1087 root      20   0       0      0      0 S   0.0   0.0   0:00.00 nvgpu_clk_arb_p
   1117 root      20   0       0      0      0 S   0.0   0.0   0:05.08 RTW_CMD_THREAD
   1157 root      20   0   75936   9960   8136 S   0.0   0.1   0:00.01 nvargus-daemon
   1158 root      20   0   11116   3520   3220 S   0.0   0.0   0:00.05 nvmemwarning.sh
   1171 root      20   0   22192   1776   1580 S   0.0   0.0   0:00.00 nvs-service
   1181 ollama    20   0 2006720  39588  20072 S   0.0   0.5   0:00.74 ollama
   1195 root      20   0    2336   1408   1292 S   0.0   0.0   0:01.96 run-cups-browse
   1201 root      20   0    2336   1424   1296 S   0.0   0.0   0:02.02 run-cupsd
   1204 root      20   0       0      0      0 S   0.0   0.0   0:00.00 pr/ramoops-1
   1239 root      20   0   10772   2824   2576 S   0.0   0.0   0:00.04 cron
   1259 root      20   0  243128   8056   7012 S   0.0   0.1   0:00.02 gdm3
   1263 kernoops  20   0   12812    452      0 S   0.0   0.0   0:00.01 kerneloops
   1290 root      20   0    9468    800    724 S   0.0   0.0   0:00.00 agetty
   1291 kernoops  20   0   12812    452      0 S   0.0   0.0   0:00.01 kerneloops
   1293 root      20   0    9468    804    724 S   0.0   0.0   0:00.00 agetty
   1330 root      20   0  173408   8804   7628 S   0.0   0.1   0:00.02 gdm-session-wor
   1417 root      20   0       0      0      0 S   0.0   0.0   0:00.00 file-storage
   1426 root      20   0   15272   8368   6788 S   0.0   0.1   0:00.49 sshd
   1474 gdm       20   0   18120   9728   7360 S   0.0   0.1   0:00.41 systemd
   1478 root      20   0    3076    992    880 S   0.0   0.0   0:00.00 nvphsd
   1483 root      20   0    3208   1476   1316 S   0.0   0.0   0:00.00 nvphsd
   1497 gdm       20   0  106692   4552      0 S   0.0   0.1   0:00.00 (sd-pam)
   1588 root      20   0 2352492  96592  56580 S   0.0   1.2   0:04.98 dockerd
   1688 gdm        9 -11   41972   6472   5156 S   0.0   0.1   0:00.05 pipewire
   1689 gdm       20   0   25476   6428   5104 S   0.0   0.1   0:00.99 pipewire-media-
   1690 gdm        9 -11  891840  20748  12584 S   0.0   0.3   0:00.77 pulseaudio
   1695 gdm       20   0  163948   5472   4964 S   0.0   0.1   0:00.00 gdm-x-session
   1697 root      20   0   24.2g  80524  35884 S   0.0   1.0   0:01.68 Xorg
   1698 rtkit     21   1  153504   1588   1380 S   0.0   0.0   0:00.21 rtkit-daemon
   1729 gdm       20   0    8840   3600   3212 S   0.0   0.0   0:00.02 dbus-daemon
   1748 root      20   0       0      0      0 S   0.0   0.0   0:00.00 nvidia-modeset/
   1749 root      20   0       0      0      0 S   0.0   0.0   0:00.00 nvidia-modeset/
   1752 root      20   0       0      0      0 S   0.0   0.0   0:00.00 nvidia
   1753 root      20   0       0      0      0 S   0.0   0.0   0:00.00 nv_queue
   1790 root      20   0       0      0      0 S   0.0   0.0   0:00.00 nvidia-drm-nv-t
   1791 root     -51   0       0      0      0 S   0.0   0.0   0:00.00 card1-crtc0
   1792 root     -51   0       0      0      0 S   0.0   0.0   0:00.00 card1-crtc1
   1980 gdm       20   0    5876   1552   1344 S   0.0   0.0   0:00.00 dbus-run-sessio
   1983 gdm       20   0    9108   4440   3588 S   0.0   0.1   0:00.13 dbus-daemon
   2035 gdm       20   0  597840  17824  12972 S   0.0   0.2   0:00.72 gnome-session-b
   2057 gdm       20   0  310068   8976   6272 S   0.0   0.1   0:00.00 at-spi-bus-laun
   2062 gdm       20   0    8692   3556   3168 S   0.0   0.0   0:00.00 dbus-daemon
   2071 gdm       20   0 3471500 137216  73260 S   0.0   1.8   0:31.39 gnome-shell
   2092 gdm       20   0  237676   4964   4528 S   0.0   0.1   0:00.00 xdg-permission-
   2099 root      20   0  243852  10136   6984 S   0.0   0.1   0:00.34 upowerd
   2106 root      20   0  301608  19332  16408 S   0.0   0.2   0:01.06 packagekitd
   2110 gdm       20   0 2812288  25716  20860 S   0.0   0.3   0:00.08 gjs
   2113 gdm       20   0  163144   7196   6428 S   0.0   0.1   0:00.01 at-spi2-registr
   2141 gdm       20   0  468748   9856   7940 S   0.0   0.1   0:01.32 gsd-sharing
   2146 gdm       20   0  338880  14892  12620 S   0.0   0.2   0:00.06 gsd-wacom
   2148 gdm       20   0  451616  18896  16480 S   0.0   0.2   0:00.16 gsd-color
   2150 gdm       20   0  412392  17092  13292 S   0.0   0.2   0:00.04 gsd-keyboard
   2152 gdm       20   0  316864  13188   6244 S   0.0   0.2   0:00.10 ibus-daemon
   2156 gdm       20   0  326124   9848   8488 S   0.0   0.1   0:00.02 gsd-print-notif
   2166 gdm       20   0  242216   6512   5848 S   0.0   0.1   0:00.01 gvfsd
   2168 gdm       20   0  459796   6140   5436 S   0.0   0.1   0:00.39 gsd-rfkill
   2170 gdm       20   0  388312   7432   6528 S   0.0   0.1   0:00.01 gsd-smartcard
   2173 gdm       20   0  380556  16508  12504 S   0.0   0.2   0:00.03 gsd-datetime
   2183 gdm       20   0  864216  20108  17428 S   0.0   0.3   0:00.37 gsd-media-keys
   2184 gdm       20   0  237936   4760   4376 S   0.0   0.1   0:00.01 gsd-screensaver
   2185 gdm       20   0  322096  10392   7320 S   0.0   0.1   0:00.02 gsd-sound
   2186 gdm       20   0  312416   8104   5476 S   0.0   0.1   0:00.01 gsd-a11y-settin
   2193 gdm       20   0  313996   8944   6152 S   0.0   0.1   0:00.64 gsd-housekeepin
   2195 gdm       20   0  450004  20288  15904 S   0.0   0.3   0:00.37 gsd-power
   2218 gdm       20   0  347052  12608  10748 S   0.0   0.2   0:00.03 gsd-printer
   2221 gdm       20   0  239040   6576   5948 S   0.0   0.1   0:00.00 ibus-dconf
   2233 gdm       20   0  238936   5920   5488 S   0.0   0.1   0:00.00 ibus-portal
   2263 colord    20   0  247516  14492   8720 S   0.0   0.2   0:00.23 colord
   2285 gdm       20   0 2812300  27868  20904 S   0.0   0.4   0:00.09 gjs
   2349 gdm       20   0  165096   6516   5892 S   0.0   0.1   0:00.01 ibus-engine-sim
   2508 root      20   0  136716  13172   9512 S   0.0   0.2   0:00.61 cupsd
   2522 root      20   0  260792  17940  13508 S   0.0   0.2   0:01.23 cups-browsed
  11687 jetson    20   0   18140   9764   7368 S   0.0   0.1   0:00.32 systemd
  11688 jetson    20   0  172512   4632      0 S   0.0   0.1   0:00.00 (sd-pam)
  11696 jetson    20   0   41976   6552   5228 S   0.0   0.1   0:00.04 pipewire
  11697 jetson    20   0   25484   6724   5388 S   0.0   0.1   0:01.07 pipewire-media-
  11749 jetson    20   0    8888   3620   3232 S   0.0   0.0   0:00.01 dbus-daemon
  12473 root      20   0 1233488  13236   6340 S   0.0   0.2   0:01.97 containerd-shim
  12502 jetson    20   0    5508    792    704 S   0.0   0.0   0:00.20 sleep
  12567 root      20   0   21892   5484   3884 S   0.0   0.1   0:16.85 systemd-udevd
  13234 jetson    20   0  203640  35476  13212 S   0.0   0.5   0:00.75 ros2
  13236 jetson    20   0 2070472  36080  17228 S   0.0   0.5   0:00.56 docker
  13265 root      20   0 1232976  11192   5960 S   0.0   0.1   0:01.40 containerd-shim
  13294 root      20   0   49400  29204  14412 S   0.0   0.4   0:00.40 ros2
  13554 root      20   0   21760   4460   2932 S   0.0   0.1   0:00.03 systemd-udevd
  13555 root      20   0   21760   3352   1860 S   0.0   0.0   0:00.00 systemd-udevd
  13568 root      20   0   21760   3376   1864 S   0.0   0.0   0:00.02 systemd-udevd
  13569 root      20   0   21760   4136   2588 S   0.0   0.1   0:00.06 systemd-udevd
  13570 root      20   0   21764   4492   2960 S   0.0   0.1   0:00.05 systemd-udevd
  13571 root      20   0   21764   4108   2588 S   0.0   0.1   0:00.03 systemd-udevd
  13580 root      20   0   21764   4136   2588 S   0.0   0.1   0:00.04 systemd-udevd
  13581 root      20   0   21764   3708   2180 S   0.0   0.0   0:00.00 systemd-udevd
  13582 root      20   0   21764   4268   2704 S   0.0   0.1   0:00.06 systemd-udevd
  13594 root      20   0   21764   3408   1864 S   0.0   0.0   0:00.01 systemd-udevd
  13595 root      20   0   21764   4012   2468 S   0.0   0.1   0:00.02 systemd-udevd
  34263 root      20   0       0      0      0 I   0.0   0.0   0:14.92 kworker/u12:2-events_freezable_power_
  49116 root      20   0       0      0      0 I   0.0   0.0   0:00.65 kworker/0:0-events
  90870 root      20   0       0      0      0 I   0.0   0.0   0:11.78 kworker/u12:11-events_freezable_power_
  98217 root      20   0  238836   6944   5696 S   0.0   0.1   0:02.21 iio-sensor-prox
 149635 root      20   0       0      0      0 I   0.0   0.0   0:00.45 kworker/3:0-events
 199974 root      20   0       0      0      0 I   0.0   0.0   0:05.37 kworker/u12:1-events_unbound
 205195 root       0 -20       0      0      0 I   0.0   0.0   0:10.05 kworker/u13:0-uvcvideo
 211464 root      20   0       0      0      0 I   0.0   0.0   0:04.90 kworker/u12:7-events_freezable_power_
 219316 root       0 -20       0      0      0 I   0.0   0.0   0:09.29 kworker/u13:3-uvcvideo
 234404 root      20   0       0      0      0 I   0.0   0.0   0:00.55 kworker/5:0-mm_percpu_wq
 253037 root      20   0       0      0      0 I   0.0   0.0   0:02.71 kworker/u12:8-events_unbound
 271538 root      20   0  410228  41960  21380 S   0.0   0.5   0:01.39 fwupd
 274472 root       0 -20       0      0      0 I   0.0   0.0   0:03.87 kworker/u13:1-uvcvideo
 278878 root      20   0       0      0      0 I   0.0   0.0   0:00.09 kworker/4:2-mm_percpu_wq
 289098 jetson    20   0  572504  38648  13228 S   0.0   0.5   0:00.95 ros2
 290503 jetson    20   0  129772  34672  13228 S   0.0   0.4   0:00.69 ros2
 295127 root      20   0       0      0      0 I   0.0   0.0   0:00.02 kworker/1:3-cgroup_destroy
 295225 root      20   0       0      0      0 I   0.0   0.0   0:00.00 kworker/3:1-events
 298318 root      20   0       0      0      0 I   0.0   0.0   0:00.00 kworker/4:0-events
 298521 root      20   0       0      0      0 I   0.0   0.0   0:00.00 kworker/5:1-cgroup_destroy
 301519 root      20   0       0      0      0 I   0.0   0.0   0:00.04 kworker/0:1-events
 301563 root      20   0       0      0      0 I   0.0   0.0   0:00.00 kworker/2:0-cgroup_destroy
 301980 jetson    20   0   53568  30336  15004 S   0.0   0.4   0:00.44 ros2
 303903 jetson    20   0  723188  40064  13216 S   0.0   0.5   0:01.34 ros2
 314676 root      20   0       0      0      0 I   0.0   0.0   0:00.00 kworker/5:2-events
 314679 root      20   0       0      0      0 I   0.0   0.0   0:00.00 kworker/2:1-events
 314725 root      20   0       0      0      0 I   0.0   0.0   0:00.00 kworker/0:2
 314862 root      20   0       0      0      0 I   0.0   0.0   0:00.00 kworker/1:0-cgroup_destroy
 315002 root      20   0       0      0      0 I   0.0   0.0   0:00.00 kworker/2:2
 316431 root      20   0    9436    772    692 S   0.0   0.0   0:00.00 sleep
 316651 root      20   0       0      0      0 I   0.0   0.0   0:00.01 kworker/3:2-mm_percpu_wq
 316919 jetson    20   0   11248   3308   2868 S   0.0   0.0   0:00.03 bash
 318996 jetson    20   0   11248   3304   2868 S   0.0   0.0   0:00.01 bash
 320727 root      30  10    9436    780    704 S   0.0   0.0   0:00.00 sleep
 320884 jetson    20   0    9444    788    704 S   0.0   0.0   0:00.00 sleep
