top - 16:10:29 up  6:33,  0 users,  load average: 6.15, 6.32, 6.46
Tasks: 352 total,   3 running, 349 sleeping,   0 stopped,   0 zombie
%Cpu(s): 35.1 us, 17.1 sy,  0.0 ni, 45.0 id,  0.0 wa,  1.8 hi,  0.9 si,  0.0 st
MiB Mem :   7607.4 total,   2379.7 free,   2151.6 used,   3076.2 buff/cache
MiB Swap:   3803.7 total,   3803.7 free,      0.0 used.   5139.0 avail Mem 

    PID USER      PR  NI    VIRT    RES    SHR S  %CPU  %MEM     TIME+ COMMAND
 675713 jetson    20   0   39804  20720   9776 R 100.0   0.3   0:00.18 ros2
 646802 jetson    20   0  709060  60672  27276 S  37.5   0.8   3:27.35 python3
 646583 jetson    20   0  432976  25004  14224 S  18.8   0.3   1:35.22 rplidar_node
 646579 jetson    20   0 1748420 106436  51428 S  12.5   1.4   1:24.80 realsense2_came
 646804 jetson    20   0  506340  30580  18340 S  12.5   0.4   1:07.20 ekf_node
 646999 jetson    20   0  889332  45896  23520 S  12.5   0.6   1:01.03 controller_serv
 647058 jetson    20   0  577528  31320  16252 S  12.5   0.4   1:03.25 lifecycle_manag
 647181 jetson    20   0 9356228 408612  87496 S  12.5   5.2   1:32.90 nvblox_node
 675714 jetson    20   0   14340   3384   2772 R  12.5   0.0   0:00.03 top
    909 root      rt   0       0      0      0 S   6.2   0.0   0:52.96 sugov:4
   1052 root      20   0       0      0      0 S   6.2   0.0   0:21.77 nvgpu_channel_p
 591089 root       0 -20       0      0      0 I   6.2   0.0   0:04.21 kworker/u13:1-uvcvideo
 646585 jetson    20   0  707980  60392  27388 R   6.2   0.8   0:54.41 python3
 646997 jetson    20   0  709524  61632  27392 S   6.2   0.8   0:29.79 python3
 647003 jetson    20   0  988740  68188  24680 S   6.2   0.9   0:57.85 planner_server
 647005 jetson    20   0  516440  34624  21032 S   6.2   0.4   0:45.84 behavior_server
 647007 jetson    20   0  456916  45932  26216 S   6.2   0.6   0:56.61 bt_navigator
 647025 jetson    20   0  431396  28676  17020 S   6.2   0.4   0:33.44 waypoint_follow
 647056 jetson    20   0  428696  28868  15944 S   6.2   0.4   0:32.81 velocity_smooth
      1 root      20   0  167628  11768   7448 S   0.0   0.2   0:32.27 systemd
      2 root      20   0       0      0      0 S   0.0   0.0   0:00.03 kthreadd
      3 root       0 -20       0      0      0 I   0.0   0.0   0:00.00 rcu_gp
      4 root       0 -20       0      0      0 I   0.0   0.0   0:00.00 rcu_par_gp
      5 root       0 -20       0      0      0 I   0.0   0.0   0:00.00 slub_flushwq
      6 root       0 -20       0      0      0 I   0.0   0.0   0:00.00 netns
      8 root       0 -20       0      0      0 I   0.0   0.0   0:00.00 kworker/0:0H-events_highpri
     10 root       0 -20       0      0      0 I   0.0   0.0   0:00.00 mm_percpu_wq
     11 root      20   0       0      0      0 S   0.0   0.0   0:00.00 rcu_tasks_kthre
     12 root      20   0       0      0      0 S   0.0   0.0   0:00.00 rcu_tasks_rude_
     13 root      20   0       0      0      0 S   0.0   0.0   0:00.00 rcu_tasks_trace
     14 root      20   0       0      0      0 S   0.0   0.0   0:23.67 ksoftirqd/0
     15 root      20   0       0      0      0 I   0.0   0.0   0:10.47 rcu_preempt
     16 root      rt   0       0      0      0 S   0.0   0.0   0:00.03 migration/0
     17 root      20   0       0      0      0 S   0.0   0.0   0:00.00 cpuhp/0
     18 root      20   0       0      0      0 S   0.0   0.0   0:00.00 cpuhp/1
     19 root      rt   0       0      0      0 S   0.0   0.0   0:00.03 migration/1
     20 root      20   0       0      0      0 S   0.0   0.0   0:01.73 ksoftirqd/1
     22 root       0 -20       0      0      0 I   0.0   0.0   0:00.00 kworker/1:0H-events_highpri
     23 root      20   0       0      0      0 S   0.0   0.0   0:00.00 cpuhp/2
     24 root      rt   0       0      0      0 S   0.0   0.0   0:00.02 migration/2
     25 root      20   0       0      0      0 S   0.0   0.0   0:01.73 ksoftirqd/2
     27 root       0 -20       0      0      0 I   0.0   0.0   0:00.00 kworker/2:0H-events_highpri
     28 root      20   0       0      0      0 S   0.0   0.0   0:00.00 cpuhp/3
     29 root      rt   0       0      0      0 S   0.0   0.0   0:00.02 migration/3
     30 root      20   0       0      0      0 S   0.0   0.0   0:01.62 ksoftirqd/3
     32 root       0 -20       0      0      0 I   0.0   0.0   0:00.00 kworker/3:0H-events_highpri
     33 root      20   0       0      0      0 S   0.0   0.0   0:00.00 cpuhp/4
     34 root      rt   0       0      0      0 S   0.0   0.0   0:00.07 migration/4
     35 root      20   0       0      0      0 S   0.0   0.0   0:01.22 ksoftirqd/4
     37 root       0 -20       0      0      0 I   0.0   0.0   0:00.00 kworker/4:0H-kblockd
     38 root      20   0       0      0      0 S   0.0   0.0   0:00.00 cpuhp/5
     39 root      rt   0       0      0      0 S   0.0   0.0   0:00.07 migration/5
     40 root      20   0       0      0      0 S   0.0   0.0   0:01.28 ksoftirqd/5
     42 root       0 -20       0      0      0 I   0.0   0.0   0:00.00 kworker/5:0H-events_highpri
     43 root      20   0       0      0      0 S   0.0   0.0   0:00.01 kdevtmpfs
     44 root       0 -20       0      0      0 I   0.0   0.0   0:00.00 inet_frag_wq
     51 root      20   0       0      0      0 S   0.0   0.0   0:00.00 kauditd
     52 root      20   0       0      0      0 S   0.0   0.0   0:00.00 oom_reaper
     53 root       0 -20       0      0      0 I   0.0   0.0   0:00.00 writeback
     54 root      20   0       0      0      0 S   0.0   0.0   0:00.19 kcompactd0
     55 root      25   5       0      0      0 S   0.0   0.0   0:00.00 ksmd
     56 root      39  19       0      0      0 S   0.0   0.0   0:02.10 khugepaged
     67 root       0 -20       0      0      0 I   0.0   0.0   0:00.00 cryptd
     86 root       0 -20       0      0      0 I   0.0   0.0   0:00.00 kintegrityd
     87 root       0 -20       0      0      0 I   0.0   0.0   0:00.00 kblockd
     88 root       0 -20       0      0      0 I   0.0   0.0   0:00.00 blkcg_punt_bio
     89 root       0 -20       0      0      0 I   0.0   0.0   0:00.00 tpm_dev_wq
     90 root       0 -20       0      0      0 I   0.0   0.0   0:00.00 ata_sff
     91 root       0 -20       0      0      0 I   0.0   0.0   0:00.00 edac-poller
     92 root       0 -20       0      0      0 I   0.0   0.0   0:00.00 devfreq_wq
     93 root     -51   0       0      0      0 S   0.0   0.0   0:00.00 watchdogd
     96 root       0 -20       0      0      0 I   0.0   0.0   0:00.06 kworker/1:1H-kblockd
     97 root       0 -20       0      0      0 I   0.0   0.0   0:00.00 rpciod
     99 root       0 -20       0      0      0 I   0.0   0.0   0:00.00 xprtiod
    127 root      20   0       0      0      0 S   0.0   0.0   0:00.00 kswapd0
    128 root       0 -20       0      0      0 I   0.0   0.0   0:00.00 nfsiod
    132 root       0 -20       0      0      0 I   0.0   0.0   0:00.00 vfio-irqfd-clea
    133 root       0 -20       0      0      0 I   0.0   0.0   0:00.00 bch_btree_io
    134 root       0 -20       0      0      0 I   0.0   0.0   0:00.00 bcache
    135 root       0 -20       0      0      0 I   0.0   0.0   0:00.00 bch_journal
    136 root       0 -20       0      0      0 I   0.0   0.0   0:00.00 dm_bufio_cache
    139 root      20   0       0      0      0 I   0.0   0.0   0:01.99 kworker/2:3-events
    140 root      10 -10       0      0      0 S   0.0   0.0   0:00.00 krfcommd
    141 root      20   0       0      0      0 S   0.0   0.0   0:00.01 pr/tty0
    142 root      20   0       0      0      0 S   0.0   0.0   0:03.11 pr/ttyTCU0
    145 root     -51   0       0      0      0 S   0.0   0.0   0:00.00 irq/114-3160000
    147 root     -51   0       0      0      0 S   0.0   0.0   0:00.00 irq/115-3180000
    149 root     -51   0       0      0      0 S   0.0   0.0   0:00.00 irq/116-31b0000
    150 root     -51   0       0      0      0 S   0.0   0.0   0:00.03 irq/167-c240000
    151 root     -51   0       0      0      0 S   0.0   0.0   0:00.00 irq/168-c250000
    152 root     -51   0       0      0      0 S   0.0   0.0   0:00.00 irq/125-3610000
    153 root     -51   0       0      0      0 S   0.0   0.0   0:00.00 irq/122-3610000
    155 root       0 -20       0      0      0 I   0.0   0.0   0:00.00 sdhci
    156 root     -51   0       0      0      0 S   0.0   0.0   0:00.00 irq/120-mmc0
    157 root     -51   0       0      0      0 S   0.0   0.0   0:00.00 irq/230-3400000
    174 root       0 -20       0      0      0 I   0.0   0.0   0:00.06 kworker/3:1H-kblockd
    180 root     -51   0       0      0      0 S   0.0   0.0   0:00.00 irq/191-tegra-p
    181 root       0 -20       0      0      0 I   0.0   0.0   0:00.00 nvme-wq
    182 root       0 -20       0      0      0 I   0.0   0.0   0:00.00 nvme-reset-wq
    183 root       0 -20       0      0      0 I   0.0   0.0   0:00.00 nvme-delete-wq
    192 root     -51   0       0      0      0 S   0.0   0.0   0:00.00 irq/191-aerdrv
    193 root     -51   0       0      0      0 S   0.0   0.0   0:00.00 irq/193-tegra-p
    196 root     -51   0       0      0      0 S   0.0   0.0   0:00.00 irq/193-aerdrv
    197 root     -51   0       0      0      0 S   0.0   0.0   0:00.00 irq/195-tegra-p
    199 root     -51   0       0      0      0 S   0.0   0.0   0:00.00 irq/232-nvme0q0
    200 root     -51   0       0      0      0 S   0.0   0.0   0:00.38 irq/233-nvme0q1
    201 root     -51   0       0      0      0 S   0.0   0.0   0:00.42 irq/234-nvme0q2
    202 root     -51   0       0      0      0 S   0.0   0.0   0:00.54 irq/235-nvme0q3
    203 root     -51   0       0      0      0 S   0.0   0.0   0:00.66 irq/236-nvme0q4
    204 root     -51   0       0      0      0 S   0.0   0.0   0:00.16 irq/237-nvme0q5
    205 root     -51   0       0      0      0 S   0.0   0.0   0:00.13 irq/238-nvme0q6
    211 root       0 -20       0      0      0 I   0.0   0.0   0:00.07 kworker/4:1H-kblockd
    212 root      20   0       0      0      0 S   0.0   0.0   0:01.51 jbd2/nvme0n1p1-
    213 root       0 -20       0      0      0 I   0.0   0.0   0:00.00 ext4-rsv-conver
    222 root       0 -20       0      0      0 I   0.0   0.0   0:00.00 mld
    223 root       0 -20       0      0      0 I   0.0   0.0   0:00.04 kworker/0:1H-kblockd
    224 root       0 -20       0      0      0 I   0.0   0.0   0:00.00 ipv6_addrconf
    256 root      19  -1   76560  40184  38556 S   0.0   0.5   0:30.48 systemd-journal
    278 root       0 -20       0      0      0 I   0.0   0.0   0:00.08 kworker/2:1H-kblockd
    280 root      39  19       0      0      0 S   0.0   0.0   0:01.71 nvmap-bz
    281 root     -51   0       0      0      0 S   0.0   0.0   0:00.00 irq/188-host1x_
    285 root     -51   0       0      0      0 S   0.0   0.0   0:00.00 irq/197-gk20a_s
    286 root     -51   0       0      0      0 S   0.0   0.0   0:00.03 irq/198-gk20a_s
    287 root     -51   0       0      0      0 S   0.0   0.0   0:00.03 irq/199-gk20a_s
    288 root     -51   0       0      0      0 S   0.0   0.0   0:00.00 irq/200-gk20a_n
    291 root       0 -20       0      0      0 I   0.0   0.0   0:00.06 kworker/5:1H-kblockd
    295 root      20   0   11116   3460   3204 S   0.0   0.0   0:00.00 nv-tee-supplica
    299 root      20   0   76588   1360   1248 S   0.0   0.0   0:00.01 tee-supplicant
    301 root       0 -20       0      0      0 I   0.0   0.0   0:00.00 optee_bus_scan
    303 root     -51   0       0      0      0 S   0.0   0.0   0:00.00 irq/189-tegra-p
    312 root      20   0   23732   6316   4080 S   0.0   0.1   0:27.82 systemd-udevd
    313 root     -51   0       0      0      0 S   0.0   0.0   0:00.00 irq/189-aerdrv
    314 root      20   0   23216   5832   3992 S   0.0   0.1   0:00.41 systemd-udevd
    315 root      20   0   23216   5020   3248 S   0.0   0.1   0:00.15 systemd-udevd
    316 root      20   0   23268   6252   4316 S   0.0   0.1   0:00.16 systemd-udevd
    317 root      20   0   23220   4364   2600 S   0.0   0.1   0:00.11 systemd-udevd
    318 root      20   0   23216   4480   2672 S   0.0   0.1   0:00.12 systemd-udevd
    319 root      20   0   23212   5820   3980 S   0.0   0.1   0:00.29 systemd-udevd
    320 root      20   0   23264   4688   2764 S   0.0   0.1   0:00.13 systemd-udevd
    321 root      20   0   23268   5072   3136 S   0.0   0.1   0:00.18 systemd-udevd
    322 root      20   0   23524   5520   3456 S   0.0   0.1   0:00.27 systemd-udevd
    323 root      20   0   23216   6304   4444 S   0.0   0.1   0:00.42 systemd-udevd
    324 root      20   0   23220   5196   3388 S   0.0   0.1   0:00.16 systemd-udevd
    325 root      20   0   23220   5820   3976 S   0.0   0.1   0:00.41 systemd-udevd
    326 root      20   0   23220   5256   3388 S   0.0   0.1   0:00.45 systemd-udevd
    327 root      20   0   23220   5504   3684 S   0.0   0.1   0:00.18 systemd-udevd
    330 root      20   0   23512   5728   3684 S   0.0   0.1   0:00.14 systemd-udevd
    331 root      20   0   24292   5540   2676 S   0.0   0.1   0:00.16 systemd-udevd
    333 root      20   0   23524   5596   3532 S   0.0   0.1   0:00.28 systemd-udevd
    334 root      20   0   23220   5584   3740 S   0.0   0.1   0:00.27 systemd-udevd
    335 root      20   0   23220   4504   2708 S   0.0   0.1   0:00.11 systemd-udevd
    336 root      20   0   23220   4696   2892 S   0.0   0.1   0:00.14 systemd-udevd
    337 root      20   0   23524   5056   2992 S   0.0   0.1   0:00.16 systemd-udevd
    339 root      20   0   23220   4980   3148 S   0.0   0.1   0:00.17 systemd-udevd
    340 root      20   0   23544   6732   4608 S   0.0   0.1   1:33.25 systemd-udevd
    341 root      20   0   23276   5328   3384 S   0.0   0.1   0:00.13 systemd-udevd
    342 root      20   0   23280   5176   3228 S   0.0   0.1   0:00.13 systemd-udevd
    343 root      20   0   23220   5988   4152 S   0.0   0.1   0:00.33 systemd-udevd
    344 root      20   0   23560   6700   4596 S   0.0   0.1   0:00.58 systemd-udevd
    345 root      20   0       0      0      0 S   0.0   0.0   0:00.00 15820000.crypto
    346 root      20   0       0      0      0 S   0.0   0.0   0:00.00 15840000.crypto
    368 root      20   0   23324   5984   4116 S   0.0   0.1   0:00.46 systemd-udevd
    417 root     -51   0       0      0      0 S   0.0   0.0   0:00.00 irq/219-bc00000
    419 root      -2   0       0      0      0 S   0.0   0.0   0:00.00 capture-control
    420 root      -2   0       0      0      0 S   0.0   0.0   0:00.00 capture
    422 root     -51   0       0      0      0 S   0.0   0.0   0:00.00 irq/214-tegra_d
    423 root     -51   0       0      0      0 S   0.0   0.0   0:00.00 irq/215-tegra_d
    424 root       0 -20       0      0      0 I   0.0   0.0   0:00.00 dce-async-ipc-w
    425 root     -51   0       0      0      0 S   0.0   0.0   0:00.00 irq/240-nvvrs-p
    427 root      20   0       0      0      0 S   0.0   0.0   0:00.00 nv_queue
    428 root      20   0       0      0      0 S   0.0   0.0   0:00.00 nv_queue
    483 root     -51   0       0      0      0 S   0.0   0.0   0:00.00 irq/118-3210000
    487 root      20   0       0      0      0 S   0.0   0.0   0:00.00 spi0
    495 root       0 -20       0      0      0 I   0.0   0.0   0:00.00 cfg80211
    497 root     -51   0       0      0      0 S   0.0   0.0   0:00.00 irq/119-3230000
    498 root      20   0       0      0      0 S   0.0   0.0   0:00.00 spi1
    584 root       0 -20       0      0      0 I   0.0   0.0   0:00.00 btfwwork
    650 root      20   0    8236   6424   1432 S   0.0   0.1   0:00.73 haveged
    653 _rpc      20   0    7932   2264   1912 S   0.0   0.0   0:00.04 rpcbind
    659 systemd+  20   0   26320  13580   8496 S   0.0   0.2   0:00.55 systemd-resolve
    662 systemd+  20   0   88880   6332   5484 S   0.0   0.1   0:00.15 systemd-timesyn
    826 avahi     20   0    8084   3108   2752 S   0.0   0.0   0:00.70 avahi-daemon
    827 root      20   0    9888   4552   4112 S   0.0   0.1   0:00.07 bluetoothd
    828 message+  20   0   10496   5632   3584 S   0.0   0.1   0:47.21 dbus-daemon
    829 root      20   0  264848  18932  14872 S   0.0   0.2   0:42.91 NetworkManager
    838 root      20   0   43504  19780  10232 S   0.0   0.3   0:00.15 networkd-dispat
    849 root      20   0  241652   9056   6312 S   0.0   0.1   0:00.66 power-profiles-
    854 syslog    20   0  222160   5012   3672 S   0.0   0.1   0:05.84 rsyslogd
    859 root      20   0    2240    796    720 S   0.0   0.0   0:00.00 seatd
    865 root      20   0 2145956  51924  25772 S   0.0   0.7   0:37.94 snapd
    867 root      20   0  242124   7452   6576 S   0.0   0.1   0:02.28 accounts-daemon
    869 root      20   0  238128   6232   5620 S   0.0   0.1   0:00.04 switcheroo-cont
    871 root      20   0   48968   7620   6296 S   0.0   0.1   0:04.01 systemd-logind
    874 root      20   0  394188  13988   9476 S   0.0   0.2   0:01.11 udisksd
    875 root      20   0   16632   9928   8148 S   0.0   0.1   0:01.36 wpa_supplicant
    882 avahi     20   0    7812    356      0 S   0.0   0.0   0:00.00 avahi-daemon
    904 root      rt   0       0      0      0 S   0.0   0.0   1:51.73 sugov:0
    921 root      30  10   11248   3612   3220 S   0.0   0.0   0:08.77 wifi_mon.sh
    969 root      20   0  237044  10468   6400 S   0.0   0.1   3:26.91 polkitd
    983 root      20   0    2460   1556   1380 S   0.0   0.0   0:08.55 nvfancontrol
   1049 root      20   0       0      0      0 S   0.0   0.0   0:00.00 sw-quiesce
   1068 root      20   0       0      0      0 S   0.0   0.0   0:00.00 nvgpu_pg_init_g
   1087 root      20   0       0      0      0 S   0.0   0.0   0:00.00 nvgpu_clk_arb_p
   1117 root      20   0       0      0      0 S   0.0   0.0   0:08.01 RTW_CMD_THREAD
   1157 root      20   0   75936   9960   8136 S   0.0   0.1   0:00.01 nvargus-daemon
   1158 root      20   0   11116   3520   3220 S   0.0   0.0   0:00.08 nvmemwarning.sh
   1171 root      20   0   22192   1776   1580 S   0.0   0.0   0:00.00 nvs-service
   1181 ollama    20   0 2006720  39588  20072 S   0.0   0.5   0:01.11 ollama
   1195 root      20   0    2336   1408   1292 S   0.0   0.0   0:01.96 run-cups-browse
   1201 root      20   0    2336   1424   1296 S   0.0   0.0   0:02.02 run-cupsd
   1204 root      20   0       0      0      0 S   0.0   0.0   0:00.00 pr/ramoops-1
   1212 root      20   0 2093336  74852  33976 S   0.0   1.0   0:42.39 containerd
   1239 root      20   0   10772   2824   2576 S   0.0   0.0   0:00.06 cron
   1259 root      20   0  243128   8056   7012 S   0.0   0.1   0:00.02 gdm3
   1263 kernoops  20   0   12812    452      0 S   0.0   0.0   0:00.02 kerneloops
   1290 root      20   0    9468    800    724 S   0.0   0.0   0:00.00 agetty
   1291 kernoops  20   0   12812    452      0 S   0.0   0.0   0:00.02 kerneloops
   1293 root      20   0    9468    804    724 S   0.0   0.0   0:00.00 agetty
   1330 root      20   0  173408   8804   7628 S   0.0   0.1   0:00.02 gdm-session-wor
   1417 root      20   0       0      0      0 S   0.0   0.0   0:00.00 file-storage
   1426 root      20   0   15272   8368   6788 S   0.0   0.1   0:00.80 sshd
   1474 gdm       20   0   18120   9728   7360 S   0.0   0.1   0:00.46 systemd
   1478 root      20   0    3076    992    880 S   0.0   0.0   0:00.00 nvphsd
   1483 root      20   0    3208   1476   1316 S   0.0   0.0   0:00.00 nvphsd
   1497 gdm       20   0  106692   4552      0 S   0.0   0.1   0:00.00 (sd-pam)
   1588 root      20   0 2353004 113512  57032 S   0.0   1.5   0:32.27 dockerd
   1688 gdm        9 -11   41972   6476   5156 S   0.0   0.1   0:00.07 pipewire
   1689 gdm       20   0   25476   6428   5104 S   0.0   0.1   0:01.81 pipewire-media-
   1690 gdm        9 -11  891840  20748  12584 S   0.0   0.3   0:00.99 pulseaudio
   1695 gdm       20   0  163948   5472   4964 S   0.0   0.1   0:00.00 gdm-x-session
   1697 root      20   0   24.2g  80544  35884 S   0.0   1.0   0:02.25 Xorg
   1698 rtkit     21   1  153504   1588   1380 S   0.0   0.0   0:00.32 rtkit-daemon
   1729 gdm       20   0    8840   3600   3212 S   0.0   0.0   0:00.02 dbus-daemon
   1748 root      20   0       0      0      0 S   0.0   0.0   0:00.00 nvidia-modeset/
   1749 root      20   0       0      0      0 S   0.0   0.0   0:00.00 nvidia-modeset/
   1752 root      20   0       0      0      0 S   0.0   0.0   0:00.00 nvidia
   1753 root      20   0       0      0      0 S   0.0   0.0   0:00.00 nv_queue
   1790 root      20   0       0      0      0 S   0.0   0.0   0:00.00 nvidia-drm-nv-t
   1791 root     -51   0       0      0      0 S   0.0   0.0   0:00.00 card1-crtc0
   1792 root     -51   0       0      0      0 S   0.0   0.0   0:00.00 card1-crtc1
   1980 gdm       20   0    5876   1552   1344 S   0.0   0.0   0:00.00 dbus-run-sessio
   1983 gdm       20   0    9108   4440   3588 S   0.0   0.1   0:00.13 dbus-daemon
   2035 gdm       20   0  597840  17824  12972 S   0.0   0.2   0:01.10 gnome-session-b
   2057 gdm       20   0  310068   8976   6272 S   0.0   0.1   0:00.00 at-spi-bus-laun
   2062 gdm       20   0    8692   3556   3168 S   0.0   0.0   0:00.00 dbus-daemon
   2071 gdm       20   0 3471500 137260  73260 S   0.0   1.8   0:49.60 gnome-shell
   2092 gdm       20   0  237676   4964   4528 S   0.0   0.1   0:00.00 xdg-permission-
   2099 root      20   0  243852  10136   6984 S   0.0   0.1   0:00.51 upowerd
   2106 root      20   0  301608  19332  16408 S   0.0   0.2   0:01.73 packagekitd
   2110 gdm       20   0 2812288  25716  20860 S   0.0   0.3   0:00.08 gjs
   2113 gdm       20   0  163144   7196   6428 S   0.0   0.1   0:00.02 at-spi2-registr
   2141 gdm       20   0  468748   9856   7940 S   0.0   0.1   0:02.17 gsd-sharing
   2146 gdm       20   0  338880  14892  12620 S   0.0   0.2   0:00.06 gsd-wacom
   2148 gdm       20   0  451616  18896  16480 S   0.0   0.2   0:00.22 gsd-color
   2150 gdm       20   0  412392  17092  13292 S   0.0   0.2   0:00.04 gsd-keyboard
   2152 gdm       20   0  316864  13188   6244 S   0.0   0.2   0:00.10 ibus-daemon
   2156 gdm       20   0  326124   9848   8488 S   0.0   0.1   0:00.02 gsd-print-notif
   2166 gdm       20   0  242216   6512   5848 S   0.0   0.1   0:00.01 gvfsd
   2168 gdm       20   0  459796   6140   5436 S   0.0   0.1   0:00.64 gsd-rfkill
   2170 gdm       20   0  388312   7432   6528 S   0.0   0.1   0:00.01 gsd-smartcard
   2173 gdm       20   0  380556  16508  12504 S   0.0   0.2   0:00.03 gsd-datetime
   2183 gdm       20   0  864216  20108  17428 S   0.0   0.3   0:00.58 gsd-media-keys
   2184 gdm       20   0  237936   4760   4376 S   0.0   0.1   0:00.01 gsd-screensaver
   2185 gdm       20   0  322096  10392   7320 S   0.0   0.1   0:00.02 gsd-sound
   2186 gdm       20   0  312416   8104   5476 S   0.0   0.1   0:00.01 gsd-a11y-settin
   2193 gdm       20   0  313996   8944   6152 S   0.0   0.1   0:01.01 gsd-housekeepin
   2195 gdm       20   0  450004  20288  15904 S   0.0   0.3   0:00.57 gsd-power
   2218 gdm       20   0  347052  12608  10748 S   0.0   0.2   0:00.03 gsd-printer
   2221 gdm       20   0  239040   6576   5948 S   0.0   0.1   0:00.00 ibus-dconf
   2233 gdm       20   0  238936   5920   5488 S   0.0   0.1   0:00.00 ibus-portal
   2263 colord    20   0  247516  14492   8720 S   0.0   0.2   0:00.27 colord
   2285 gdm       20   0 2812300  27868  20904 S   0.0   0.4   0:00.09 gjs
   2349 gdm       20   0  165096   6516   5892 S   0.0   0.1   0:00.01 ibus-engine-sim
   2508 root      20   0  136716  13172   9512 S   0.0   0.2   0:00.73 cupsd
   2522 root      20   0  260792  17940  13508 S   0.0   0.2   0:01.72 cups-browsed
  11687 jetson    20   0   18140   9764   7368 S   0.0   0.1   0:00.37 systemd
  11688 jetson    20   0  172512   4632      0 S   0.0   0.1   0:00.00 (sd-pam)
  11696 jetson    20   0   41976   6552   5228 S   0.0   0.1   0:00.07 pipewire
  11697 jetson    20   0   25484   6724   5388 S   0.0   0.1   0:01.99 pipewire-media-
  11749 jetson    20   0    8888   4168   3672 S   0.0   0.1   0:00.03 dbus-daemon
  11931 jetson    20   0  707268  63144  26432 S   0.0   0.8   2:27.84 python3
  13234 jetson    20   0  203640  35476  13212 S   0.0   0.5   0:00.75 ros2
  13236 jetson    20   0 2070472  36080  17228 S   0.0   0.5   0:00.94 docker
  13238 jetson    20   0  428524  31584  15828 S   0.0   0.4   2:33.58 robot_state_pub
  13265 root      20   0 1232976  11204   5960 S   0.0   0.1   0:02.47 containerd-shim
  13294 root      20   0   49400  29204  14412 S   0.0   0.4   0:00.40 ros2
  13320 root      20   0 1300496  43364  11392 S   0.0   0.6  32:26.62 micro_ros_agent
 100141 root      20   0       0      0      0 I   0.0   0.0   0:23.61 kworker/u12:6-events_unbound
 284193 root      20   0       0      0      0 I   0.0   0.0   0:14.56 kworker/u12:3-events_freezable_power_
 407770 root      20   0       0      0      0 I   0.0   0.0   0:10.64 kworker/u12:9-events_freezable_power_
 417230 root      20   0       0      0      0 I   0.0   0.0   0:09.08 kworker/u12:0-events_unbound
 418183 root       0 -20       0      0      0 I   0.0   0.0   0:16.43 kworker/u13:0-uvcvideo
 437586 root      20   0       0      0      0 I   0.0   0.0   0:07.73 kworker/u12:4-events_unbound
 465092 root      20   0  238836   6948   5700 S   0.0   0.1   0:01.40 iio-sensor-prox
 481530 root       0 -20       0      0      0 I   0.0   0.0   0:10.88 kworker/u13:3-uvcvideo
 494770 root      20   0 1233488  12920   6732 S   0.0   0.2   0:12.00 containerd-shim
 494799 jetson    20   0    5508    792    704 S   0.0   0.0   0:00.21 sleep
 494866 root      20   0   21760   5464   3940 S   0.0   0.1   0:04.77 systemd-udevd
 494879 root      20   0   21756   3352   1840 S   0.0   0.0   0:01.00 systemd-udevd
 513219 root      20   0   21752   3996   2468 S   0.0   0.1   0:00.00 systemd-udevd
 513220 root      20   0   21760   3388   1868 S   0.0   0.0   0:00.00 systemd-udevd
 513233 root      20   0   21760   3392   1868 S   0.0   0.0   0:00.00 systemd-udevd
 513234 root      20   0   21760   3356   1840 S   0.0   0.0   0:00.00 systemd-udevd
 513235 root      20   0   21760   3996   2468 S   0.0   0.1   0:00.01 systemd-udevd
 513236 root      20   0   21760   3384   1868 S   0.0   0.0   0:00.00 systemd-udevd
 513237 root      20   0   21760   4188   2660 S   0.0   0.1   0:00.00 systemd-udevd
 513250 root      20   0   21760   4432   2868 S   0.0   0.1   0:08.39 systemd-udevd
 513251 root      20   0   21760   3840   2288 S   0.0   0.0   0:00.00 systemd-udevd
 513265 root      20   0   21760   4056   2496 S   0.0   0.1   0:00.01 systemd-udevd
 513266 root      20   0   21760   4052   2496 S   0.0   0.1   0:00.01 systemd-udevd
 538507 root      20   0       0      0      0 I   0.0   0.0   0:00.28 kworker/0:0-events
 562560 root      20   0       0      0      0 I   0.0   0.0   0:02.65 kworker/u12:1-events_unbound
 576600 root      20   0       0      0      0 I   0.0   0.0   0:00.40 kworker/3:0-events
 576909 root      20   0       0      0      0 I   0.0   0.0   0:00.08 kworker/4:1-events
 582730 root      20   0       0      0      0 I   0.0   0.0   0:02.39 kworker/u12:2-events_unbound
 589172 root      20   0       0      0      0 I   0.0   0.0   0:02.13 kworker/u12:10-events_freezable_power_
 602672 root      20   0       0      0      0 I   0.0   0.0   0:00.14 kworker/1:3-events
 621531 root      20   0       0      0      0 I   0.0   0.0   0:00.11 kworker/5:2-events
 622272 root      20   0       0      0      0 I   0.0   0.0   0:01.24 kworker/u12:7-events_unbound
 642140 root      20   0       0      0      0 I   0.0   0.0   0:00.94 kworker/u12:8-events_freezable_power_
 645581 root      20   0       0      0      0 I   0.0   0.0   0:00.04 kworker/1:2-events
 645980 root      20   0       0      0      0 I   0.0   0.0   0:00.07 kworker/5:0-events
 646577 jetson    20   0  572504  38828  13216 S   0.0   0.5   0:00.85 ros2
 646581 jetson    20   0  709380  63992  27276 S   0.0   0.8   0:29.85 python3
 646587 jetson    20   0 1082604  57644  26340 S   0.0   0.7   0:26.09 foxglove_bridge
 646880 jetson    20   0  129772  34676  13228 S   0.0   0.4   0:00.69 ros2
 646882 jetson    20   0  903104  51736  24060 S   0.0   0.7   0:24.84 async_slam_tool
 646995 jetson    20   0  796968  40104  13228 S   0.0   0.5   0:01.35 ros2
 647001 jetson    20   0  582500  31592  18840 S   0.0   0.4   0:39.10 smoother_server
 647060 jetson    20   0   11248   3076   2756 S   0.0   0.0   0:00.37 bash
 647156 jetson    20   0   53568  30344  15012 S   0.0   0.4   0:00.41 ros2
 647161 root      20   0       0      0      0 I   0.0   0.0   0:00.00 kworker/3:1-events
 651818 root      20   0       0      0      0 I   0.0   0.0   0:00.05 kworker/4:0-events
 651861 root      20   0       0      0      0 I   0.0   0.0   0:00.00 kworker/2:0-events
 651906 root      20   0       0      0      0 I   0.0   0.0   0:00.00 kworker/0:2-events
 659922 root      20   0       0      0      0 I   0.0   0.0   0:00.22 kworker/u12:5-events_freezable_power_
 660558 root      20   0       0      0      0 I   0.0   0.0   0:00.04 kworker/1:0-events
 660666 root       0 -20       0      0      0 I   0.0   0.0   0:01.46 kworker/u13:2-uvcvideo
 663616 root      20   0    9436    784    704 S   0.0   0.0   0:00.00 sleep
 670335 root      20   0       0      0      0 I   0.0   0.0   0:00.00 kworker/2:1-cgroup_destroy
 670336 root      20   0       0      0      0 I   0.0   0.0   0:00.00 kworker/2:2-cgroup_destroy
 670384 root      20   0       0      0      0 I   0.0   0.0   0:00.00 kworker/0:1
 670511 root      20   0       0      0      0 I   0.0   0.0   0:00.00 kworker/3:2-cgroup_destroy
 670512 root      20   0       0      0      0 I   0.0   0.0   0:00.00 kworker/3:3
 672581 root      20   0       0      0      0 I   0.0   0.0   0:00.01 kworker/5:1-events
 672816 jetson    20   0   11248   3308   2868 S   0.0   0.0   0:00.04 bash
 675134 root       0 -20       0      0      0 I   0.0   0.0   0:00.06 kworker/u13:4-uvcvideo
 675167 root      30  10    9436    780    704 S   0.0   0.0   0:00.00 sleep
 675625 jetson    20   0   11248   3300   2868 S   0.0   0.0   0:00.01 bash
 675695 jetson    20   0    9444    788    704 S   0.0   0.0   0:00.00 sleep
 675715 jetson    20   0    2872    884    788 S   0.0   0.0   0:00.00 tegrastats
 675723 jetson    20   0    9444    788    704 S   0.0   0.0   0:00.00 sleep

top - 16:10:31 up  6:33,  0 users,  load average: 6.15, 6.32, 6.46
Tasks: 352 total,   2 running, 350 sleeping,   0 stopped,   0 zombie
%Cpu(s): 42.4 us, 22.6 sy,  0.0 ni, 28.1 id,  0.0 wa,  2.8 hi,  4.2 si,  0.0 st
MiB Mem :   7607.4 total,   2379.7 free,   2151.6 used,   3076.2 buff/cache
MiB Swap:   3803.7 total,   3803.7 free,      0.0 used.   5139.0 avail Mem 

    PID USER      PR  NI    VIRT    RES    SHR S  %CPU  %MEM     TIME+ COMMAND
  13320 root      20   0 1300496  44416  11392 S  77.7   0.6  32:28.19 micro_ros_agent
 646802 jetson    20   0  709060  60936  27276 R  37.6   0.8   3:28.11 python3
 675713 jetson    20   0  762556  47968  24960 S  33.7   0.6   0:00.86 ros2
 647181 jetson    20   0 9356228 408612  87496 S  21.3   5.2   1:33.33 nvblox_node
 647007 jetson    20   0  456916  45932  26216 S  17.8   0.6   0:56.97 bt_navigator
 646579 jetson    20   0 1748420 106436  51428 S  16.8   1.4   1:25.14 realsense2_came
 646583 jetson    20   0  432976  25004  14224 S  16.8   0.3   1:35.56 rplidar_node
 646804 jetson    20   0  506340  30580  18340 S  15.3   0.4   1:07.51 ekf_node
 646999 jetson    20   0  889332  45896  23520 S  15.3   0.6   1:01.34 controller_serv
 647058 jetson    20   0  577528  31320  16252 S  14.9   0.4   1:03.55 lifecycle_manag
 647003 jetson    20   0  988740  68188  24680 S  13.9   0.9   0:58.13 planner_server
 646585 jetson    20   0  707980  60392  27388 S  12.9   0.8   0:54.67 python3
 647005 jetson    20   0  516440  34624  21032 S  12.4   0.4   0:46.09 behavior_server
 647001 jetson    20   0  582500  31592  18840 S  11.9   0.4   0:39.34 smoother_server
 647025 jetson    20   0  431396  28676  17020 S   9.9   0.4   0:33.64 waypoint_follow
 647056 jetson    20   0  428696  29132  15944 S   9.4   0.4   0:33.00 velocity_smooth
 646882 jetson    20   0  903104  52000  24060 S   8.9   0.7   0:25.02 async_slam_tool
 646997 jetson    20   0  709524  61632  27392 S   7.4   0.8   0:29.94 python3
 646581 jetson    20   0  709380  63992  27276 S   6.9   0.8   0:29.99 python3
  11931 jetson    20   0  707268  63144  26432 S   4.5   0.8   2:27.93 python3
 646587 jetson    20   0 1082604  57644  26340 S   4.5   0.7   0:26.18 foxglove_bridge
  13238 jetson    20   0  428524  31584  15828 S   4.0   0.4   2:33.66 robot_state_pub
     30 root      20   0       0      0      0 S   0.5   0.0   0:01.63 ksoftirqd/3
     40 root      20   0       0      0      0 S   0.5   0.0   0:01.29 ksoftirqd/5
    340 root      20   0   23544   6732   4608 S   0.5   0.1   1:33.26 systemd-udevd
    865 root      20   0 2145956  51924  25772 S   0.5   0.7   0:37.95 snapd
    904 root      rt   0       0      0      0 S   0.5   0.0   1:51.74 sugov:0
    909 root      rt   0       0      0      0 S   0.5   0.0   0:52.97 sugov:4
   1117 root      20   0       0      0      0 S   0.5   0.0   0:08.02 RTW_CMD_THREAD
   1212 root      20   0 2093336  74852  33976 S   0.5   1.0   0:42.40 containerd
   1588 root      20   0 2353004 113512  57032 S   0.5   1.5   0:32.28 dockerd
  13265 root      20   0 1232976  11204   5960 S   0.5   0.1   0:02.48 containerd-shim
 100141 root      20   0       0      0      0 I   0.5   0.0   0:23.62 kworker/u12:6-events_freezable_power_
 407770 root      20   0       0      0      0 I   0.5   0.0   0:10.65 kworker/u12:9-events_unbound
 582730 root      20   0       0      0      0 I   0.5   0.0   0:02.40 kworker/u12:2-events_unbound
 589172 root      20   0       0      0      0 I   0.5   0.0   0:02.14 kworker/u12:10-events_freezable_power_
 591089 root       0 -20       0      0      0 I   0.5   0.0   0:04.22 kworker/u13:1-uvcvideo
 675134 root       0 -20       0      0      0 I   0.5   0.0   0:00.07 kworker/u13:4-uvcvideo
 675714 jetson    20   0   14340   3384   2772 R   0.5   0.0   0:00.04 top
      1 root      20   0  167628  11768   7448 S   0.0   0.2   0:32.27 systemd
      2 root      20   0       0      0      0 S   0.0   0.0   0:00.03 kthreadd
      3 root       0 -20       0      0      0 I   0.0   0.0   0:00.00 rcu_gp
      4 root       0 -20       0      0      0 I   0.0   0.0   0:00.00 rcu_par_gp
      5 root       0 -20       0      0      0 I   0.0   0.0   0:00.00 slub_flushwq
      6 root       0 -20       0      0      0 I   0.0   0.0   0:00.00 netns
      8 root       0 -20       0      0      0 I   0.0   0.0   0:00.00 kworker/0:0H-events_highpri
     10 root       0 -20       0      0      0 I   0.0   0.0   0:00.00 mm_percpu_wq
     11 root      20   0       0      0      0 S   0.0   0.0   0:00.00 rcu_tasks_kthre
     12 root      20   0       0      0      0 S   0.0   0.0   0:00.00 rcu_tasks_rude_
     13 root      20   0       0      0      0 S   0.0   0.0   0:00.00 rcu_tasks_trace
     14 root      20   0       0      0      0 S   0.0   0.0   0:23.67 ksoftirqd/0
     15 root      20   0       0      0      0 I   0.0   0.0   0:10.47 rcu_preempt
     16 root      rt   0       0      0      0 S   0.0   0.0   0:00.03 migration/0
     17 root      20   0       0      0      0 S   0.0   0.0   0:00.00 cpuhp/0
     18 root      20   0       0      0      0 S   0.0   0.0   0:00.00 cpuhp/1
     19 root      rt   0       0      0      0 S   0.0   0.0   0:00.03 migration/1
     20 root      20   0       0      0      0 S   0.0   0.0   0:01.73 ksoftirqd/1
     22 root       0 -20       0      0      0 I   0.0   0.0   0:00.00 kworker/1:0H-events_highpri
     23 root      20   0       0      0      0 S   0.0   0.0   0:00.00 cpuhp/2
     24 root      rt   0       0      0      0 S   0.0   0.0   0:00.02 migration/2
     25 root      20   0       0      0      0 S   0.0   0.0   0:01.73 ksoftirqd/2
     27 root       0 -20       0      0      0 I   0.0   0.0   0:00.00 kworker/2:0H-events_highpri
     28 root      20   0       0      0      0 S   0.0   0.0   0:00.00 cpuhp/3
     29 root      rt   0       0      0      0 S   0.0   0.0   0:00.02 migration/3
     32 root       0 -20       0      0      0 I   0.0   0.0   0:00.00 kworker/3:0H-events_highpri
     33 root      20   0       0      0      0 S   0.0   0.0   0:00.00 cpuhp/4
     34 root      rt   0       0      0      0 S   0.0   0.0   0:00.07 migration/4
     35 root      20   0       0      0      0 S   0.0   0.0   0:01.22 ksoftirqd/4
     37 root       0 -20       0      0      0 I   0.0   0.0   0:00.00 kworker/4:0H-kblockd
     38 root      20   0       0      0      0 S   0.0   0.0   0:00.00 cpuhp/5
     39 root      rt   0       0      0      0 S   0.0   0.0   0:00.07 migration/5
     42 root       0 -20       0      0      0 I   0.0   0.0   0:00.00 kworker/5:0H-events_highpri
     43 root      20   0       0      0      0 S   0.0   0.0   0:00.01 kdevtmpfs
     44 root       0 -20       0      0      0 I   0.0   0.0   0:00.00 inet_frag_wq
     51 root      20   0       0      0      0 S   0.0   0.0   0:00.00 kauditd
     52 root      20   0       0      0      0 S   0.0   0.0   0:00.00 oom_reaper
     53 root       0 -20       0      0      0 I   0.0   0.0   0:00.00 writeback
     54 root      20   0       0      0      0 S   0.0   0.0   0:00.19 kcompactd0
     55 root      25   5       0      0      0 S   0.0   0.0   0:00.00 ksmd
     56 root      39  19       0      0      0 S   0.0   0.0   0:02.10 khugepaged
     67 root       0 -20       0      0      0 I   0.0   0.0   0:00.00 cryptd
     86 root       0 -20       0      0      0 I   0.0   0.0   0:00.00 kintegrityd
     87 root       0 -20       0      0      0 I   0.0   0.0   0:00.00 kblockd
     88 root       0 -20       0      0      0 I   0.0   0.0   0:00.00 blkcg_punt_bio
     89 root       0 -20       0      0      0 I   0.0   0.0   0:00.00 tpm_dev_wq
     90 root       0 -20       0      0      0 I   0.0   0.0   0:00.00 ata_sff
     91 root       0 -20       0      0      0 I   0.0   0.0   0:00.00 edac-poller
     92 root       0 -20       0      0      0 I   0.0   0.0   0:00.00 devfreq_wq
     93 root     -51   0       0      0      0 S   0.0   0.0   0:00.00 watchdogd
     96 root       0 -20       0      0      0 I   0.0   0.0   0:00.06 kworker/1:1H-kblockd
     97 root       0 -20       0      0      0 I   0.0   0.0   0:00.00 rpciod
     99 root       0 -20       0      0      0 I   0.0   0.0   0:00.00 xprtiod
    127 root      20   0       0      0      0 S   0.0   0.0   0:00.00 kswapd0
    128 root       0 -20       0      0      0 I   0.0   0.0   0:00.00 nfsiod
    132 root       0 -20       0      0      0 I   0.0   0.0   0:00.00 vfio-irqfd-clea
    133 root       0 -20       0      0      0 I   0.0   0.0   0:00.00 bch_btree_io
    134 root       0 -20       0      0      0 I   0.0   0.0   0:00.00 bcache
    135 root       0 -20       0      0      0 I   0.0   0.0   0:00.00 bch_journal
    136 root       0 -20       0      0      0 I   0.0   0.0   0:00.00 dm_bufio_cache
    139 root      20   0       0      0      0 I   0.0   0.0   0:01.99 kworker/2:3-mm_percpu_wq
    140 root      10 -10       0      0      0 S   0.0   0.0   0:00.00 krfcommd
    141 root      20   0       0      0      0 S   0.0   0.0   0:00.01 pr/tty0
    142 root      20   0       0      0      0 S   0.0   0.0   0:03.11 pr/ttyTCU0
    145 root     -51   0       0      0      0 S   0.0   0.0   0:00.00 irq/114-3160000
    147 root     -51   0       0      0      0 S   0.0   0.0   0:00.00 irq/115-3180000
    149 root     -51   0       0      0      0 S   0.0   0.0   0:00.00 irq/116-31b0000
    150 root     -51   0       0      0      0 S   0.0   0.0   0:00.03 irq/167-c240000
    151 root     -51   0       0      0      0 S   0.0   0.0   0:00.00 irq/168-c250000
    152 root     -51   0       0      0      0 S   0.0   0.0   0:00.00 irq/125-3610000
    153 root     -51   0       0      0      0 S   0.0   0.0   0:00.00 irq/122-3610000
    155 root       0 -20       0      0      0 I   0.0   0.0   0:00.00 sdhci
    156 root     -51   0       0      0      0 S   0.0   0.0   0:00.00 irq/120-mmc0
    157 root     -51   0       0      0      0 S   0.0   0.0   0:00.00 irq/230-3400000
    174 root       0 -20       0      0      0 I   0.0   0.0   0:00.06 kworker/3:1H-kblockd
    180 root     -51   0       0      0      0 S   0.0   0.0   0:00.00 irq/191-tegra-p
    181 root       0 -20       0      0      0 I   0.0   0.0   0:00.00 nvme-wq
    182 root       0 -20       0      0      0 I   0.0   0.0   0:00.00 nvme-reset-wq
    183 root       0 -20       0      0      0 I   0.0   0.0   0:00.00 nvme-delete-wq
    192 root     -51   0       0      0      0 S   0.0   0.0   0:00.00 irq/191-aerdrv
    193 root     -51   0       0      0      0 S   0.0   0.0   0:00.00 irq/193-tegra-p
    196 root     -51   0       0      0      0 S   0.0   0.0   0:00.00 irq/193-aerdrv
    197 root     -51   0       0      0      0 S   0.0   0.0   0:00.00 irq/195-tegra-p
    199 root     -51   0       0      0      0 S   0.0   0.0   0:00.00 irq/232-nvme0q0
    200 root     -51   0       0      0      0 S   0.0   0.0   0:00.38 irq/233-nvme0q1
    201 root     -51   0       0      0      0 S   0.0   0.0   0:00.42 irq/234-nvme0q2
    202 root     -51   0       0      0      0 S   0.0   0.0   0:00.54 irq/235-nvme0q3
    203 root     -51   0       0      0      0 S   0.0   0.0   0:00.66 irq/236-nvme0q4
    204 root     -51   0       0      0      0 S   0.0   0.0   0:00.16 irq/237-nvme0q5
    205 root     -51   0       0      0      0 S   0.0   0.0   0:00.13 irq/238-nvme0q6
    211 root       0 -20       0      0      0 I   0.0   0.0   0:00.07 kworker/4:1H-kblockd
    212 root      20   0       0      0      0 S   0.0   0.0   0:01.51 jbd2/nvme0n1p1-
    213 root       0 -20       0      0      0 I   0.0   0.0   0:00.00 ext4-rsv-conver
    222 root       0 -20       0      0      0 I   0.0   0.0   0:00.00 mld
    223 root       0 -20       0      0      0 I   0.0   0.0   0:00.04 kworker/0:1H-kblockd
    224 root       0 -20       0      0      0 I   0.0   0.0   0:00.00 ipv6_addrconf
    256 root      19  -1   76560  40184  38556 S   0.0   0.5   0:30.48 systemd-journal
    278 root       0 -20       0      0      0 I   0.0   0.0   0:00.08 kworker/2:1H-kblockd
    280 root      39  19       0      0      0 S   0.0   0.0   0:01.71 nvmap-bz
    281 root     -51   0       0      0      0 S   0.0   0.0   0:00.00 irq/188-host1x_
    285 root     -51   0       0      0      0 S   0.0   0.0   0:00.00 irq/197-gk20a_s
    286 root     -51   0       0      0      0 S   0.0   0.0   0:00.03 irq/198-gk20a_s
    287 root     -51   0       0      0      0 S   0.0   0.0   0:00.03 irq/199-gk20a_s
    288 root     -51   0       0      0      0 S   0.0   0.0   0:00.00 irq/200-gk20a_n
    291 root       0 -20       0      0      0 I   0.0   0.0   0:00.06 kworker/5:1H-kblockd
    295 root      20   0   11116   3460   3204 S   0.0   0.0   0:00.00 nv-tee-supplica
    299 root      20   0   76588   1360   1248 S   0.0   0.0   0:00.01 tee-supplicant
    301 root       0 -20       0      0      0 I   0.0   0.0   0:00.00 optee_bus_scan
    303 root     -51   0       0      0      0 S   0.0   0.0   0:00.00 irq/189-tegra-p
    312 root      20   0   23732   6316   4080 S   0.0   0.1   0:27.82 systemd-udevd
    313 root     -51   0       0      0      0 S   0.0   0.0   0:00.00 irq/189-aerdrv
    314 root      20   0   23216   5832   3992 S   0.0   0.1   0:00.41 systemd-udevd
    315 root      20   0   23216   5020   3248 S   0.0   0.1   0:00.15 systemd-udevd
    316 root      20   0   23268   6252   4316 S   0.0   0.1   0:00.16 systemd-udevd
    317 root      20   0   23220   4364   2600 S   0.0   0.1   0:00.11 systemd-udevd
    318 root      20   0   23216   4480   2672 S   0.0   0.1   0:00.12 systemd-udevd
    319 root      20   0   23212   5820   3980 S   0.0   0.1   0:00.29 systemd-udevd
    320 root      20   0   23264   4688   2764 S   0.0   0.1   0:00.13 systemd-udevd
    321 root      20   0   23268   5072   3136 S   0.0   0.1   0:00.18 systemd-udevd
    322 root      20   0   23524   5520   3456 S   0.0   0.1   0:00.27 systemd-udevd
    323 root      20   0   23216   6304   4444 S   0.0   0.1   0:00.42 systemd-udevd
    324 root      20   0   23220   5196   3388 S   0.0   0.1   0:00.16 systemd-udevd
    325 root      20   0   23220   5820   3976 S   0.0   0.1   0:00.41 systemd-udevd
    326 root      20   0   23220   5256   3388 S   0.0   0.1   0:00.45 systemd-udevd
    327 root      20   0   23220   5504   3684 S   0.0   0.1   0:00.18 systemd-udevd
    330 root      20   0   23512   5728   3684 S   0.0   0.1   0:00.14 systemd-udevd
    331 root      20   0   24292   5540   2676 S   0.0   0.1   0:00.16 systemd-udevd
    333 root      20   0   23524   5596   3532 S   0.0   0.1   0:00.28 systemd-udevd
    334 root      20   0   23220   5584   3740 S   0.0   0.1   0:00.27 systemd-udevd
    335 root      20   0   23220   4504   2708 S   0.0   0.1   0:00.11 systemd-udevd
    336 root      20   0   23220   4696   2892 S   0.0   0.1   0:00.14 systemd-udevd
    337 root      20   0   23524   5056   2992 S   0.0   0.1   0:00.16 systemd-udevd
    339 root      20   0   23220   4980   3148 S   0.0   0.1   0:00.17 systemd-udevd
    341 root      20   0   23276   5328   3384 S   0.0   0.1   0:00.13 systemd-udevd
    342 root      20   0   23280   5176   3228 S   0.0   0.1   0:00.13 systemd-udevd
    343 root      20   0   23220   5988   4152 S   0.0   0.1   0:00.33 systemd-udevd
    344 root      20   0   23560   6700   4596 S   0.0   0.1   0:00.58 systemd-udevd
    345 root      20   0       0      0      0 S   0.0   0.0   0:00.00 15820000.crypto
    346 root      20   0       0      0      0 S   0.0   0.0   0:00.00 15840000.crypto
    368 root      20   0   23324   5984   4116 S   0.0   0.1   0:00.46 systemd-udevd
    417 root     -51   0       0      0      0 S   0.0   0.0   0:00.00 irq/219-bc00000
    419 root      -2   0       0      0      0 S   0.0   0.0   0:00.00 capture-control
    420 root      -2   0       0      0      0 S   0.0   0.0   0:00.00 capture
    422 root     -51   0       0      0      0 S   0.0   0.0   0:00.00 irq/214-tegra_d
    423 root     -51   0       0      0      0 S   0.0   0.0   0:00.00 irq/215-tegra_d
    424 root       0 -20       0      0      0 I   0.0   0.0   0:00.00 dce-async-ipc-w
    425 root     -51   0       0      0      0 S   0.0   0.0   0:00.00 irq/240-nvvrs-p
    427 root      20   0       0      0      0 S   0.0   0.0   0:00.00 nv_queue
    428 root      20   0       0      0      0 S   0.0   0.0   0:00.00 nv_queue
    483 root     -51   0       0      0      0 S   0.0   0.0   0:00.00 irq/118-3210000
    487 root      20   0       0      0      0 S   0.0   0.0   0:00.00 spi0
    495 root       0 -20       0      0      0 I   0.0   0.0   0:00.00 cfg80211
    497 root     -51   0       0      0      0 S   0.0   0.0   0:00.00 irq/119-3230000
    498 root      20   0       0      0      0 S   0.0   0.0   0:00.00 spi1
    584 root       0 -20       0      0      0 I   0.0   0.0   0:00.00 btfwwork
    650 root      20   0    8236   6424   1432 S   0.0   0.1   0:00.73 haveged
    653 _rpc      20   0    7932   2264   1912 S   0.0   0.0   0:00.04 rpcbind
    659 systemd+  20   0   26320  13580   8496 S   0.0   0.2   0:00.55 systemd-resolve
    662 systemd+  20   0   88880   6332   5484 S   0.0   0.1   0:00.15 systemd-timesyn
    826 avahi     20   0    8084   3108   2752 S   0.0   0.0   0:00.70 avahi-daemon
    827 root      20   0    9888   4552   4112 S   0.0   0.1   0:00.07 bluetoothd
    828 message+  20   0   10496   5632   3584 S   0.0   0.1   0:47.21 dbus-daemon
    829 root      20   0  264848  18932  14872 S   0.0   0.2   0:42.91 NetworkManager
    838 root      20   0   43504  19780  10232 S   0.0   0.3   0:00.15 networkd-dispat
    849 root      20   0  241652   9056   6312 S   0.0   0.1   0:00.66 power-profiles-
    854 syslog    20   0  222160   5012   3672 S   0.0   0.1   0:05.84 rsyslogd
    859 root      20   0    2240    796    720 S   0.0   0.0   0:00.00 seatd
    867 root      20   0  242124   7452   6576 S   0.0   0.1   0:02.28 accounts-daemon
    869 root      20   0  238128   6232   5620 S   0.0   0.1   0:00.04 switcheroo-cont
    871 root      20   0   48968   7620   6296 S   0.0   0.1   0:04.01 systemd-logind
    874 root      20   0  394188  13988   9476 S   0.0   0.2   0:01.11 udisksd
    875 root      20   0   16632   9928   8148 S   0.0   0.1   0:01.36 wpa_supplicant
    882 avahi     20   0    7812    356      0 S   0.0   0.0   0:00.00 avahi-daemon
    921 root      30  10   11248   3612   3220 S   0.0   0.0   0:08.77 wifi_mon.sh
    969 root      20   0  237044  10468   6400 S   0.0   0.1   3:26.91 polkitd
    983 root      20   0    2460   1556   1380 S   0.0   0.0   0:08.55 nvfancontrol
   1049 root      20   0       0      0      0 S   0.0   0.0   0:00.00 sw-quiesce
   1052 root      20   0       0      0      0 S   0.0   0.0   0:21.77 nvgpu_channel_p
   1068 root      20   0       0      0      0 S   0.0   0.0   0:00.00 nvgpu_pg_init_g
   1087 root      20   0       0      0      0 S   0.0   0.0   0:00.00 nvgpu_clk_arb_p
   1157 root      20   0   75936   9960   8136 S   0.0   0.1   0:00.01 nvargus-daemon
   1158 root      20   0   11116   3520   3220 S   0.0   0.0   0:00.08 nvmemwarning.sh
   1171 root      20   0   22192   1776   1580 S   0.0   0.0   0:00.00 nvs-service
   1181 ollama    20   0 2006720  39588  20072 S   0.0   0.5   0:01.11 ollama
   1195 root      20   0    2336   1408   1292 S   0.0   0.0   0:01.96 run-cups-browse
   1201 root      20   0    2336   1424   1296 S   0.0   0.0   0:02.02 run-cupsd
   1204 root      20   0       0      0      0 S   0.0   0.0   0:00.00 pr/ramoops-1
   1239 root      20   0   10772   2824   2576 S   0.0   0.0   0:00.06 cron
   1259 root      20   0  243128   8056   7012 S   0.0   0.1   0:00.02 gdm3
   1263 kernoops  20   0   12812    452      0 S   0.0   0.0   0:00.02 kerneloops
   1290 root      20   0    9468    800    724 S   0.0   0.0   0:00.00 agetty
   1291 kernoops  20   0   12812    452      0 S   0.0   0.0   0:00.02 kerneloops
   1293 root      20   0    9468    804    724 S   0.0   0.0   0:00.00 agetty
   1330 root      20   0  173408   8804   7628 S   0.0   0.1   0:00.02 gdm-session-wor
   1417 root      20   0       0      0      0 S   0.0   0.0   0:00.00 file-storage
   1426 root      20   0   15272   8368   6788 S   0.0   0.1   0:00.80 sshd
   1474 gdm       20   0   18120   9728   7360 S   0.0   0.1   0:00.46 systemd
   1478 root      20   0    3076    992    880 S   0.0   0.0   0:00.00 nvphsd
   1483 root      20   0    3208   1476   1316 S   0.0   0.0   0:00.00 nvphsd
   1497 gdm       20   0  106692   4552      0 S   0.0   0.1   0:00.00 (sd-pam)
   1688 gdm        9 -11   41972   6476   5156 S   0.0   0.1   0:00.07 pipewire
   1689 gdm       20   0   25476   6428   5104 S   0.0   0.1   0:01.81 pipewire-media-
   1690 gdm        9 -11  891840  20748  12584 S   0.0   0.3   0:00.99 pulseaudio
   1695 gdm       20   0  163948   5472   4964 S   0.0   0.1   0:00.00 gdm-x-session
   1697 root      20   0   24.2g  80544  35884 S   0.0   1.0   0:02.25 Xorg
   1698 rtkit     21   1  153504   1588   1380 S   0.0   0.0   0:00.32 rtkit-daemon
   1729 gdm       20   0    8840   3600   3212 S   0.0   0.0   0:00.02 dbus-daemon
   1748 root      20   0       0      0      0 S   0.0   0.0   0:00.00 nvidia-modeset/
   1749 root      20   0       0      0      0 S   0.0   0.0   0:00.00 nvidia-modeset/
   1752 root      20   0       0      0      0 S   0.0   0.0   0:00.00 nvidia
   1753 root      20   0       0      0      0 S   0.0   0.0   0:00.00 nv_queue
   1790 root      20   0       0      0      0 S   0.0   0.0   0:00.00 nvidia-drm-nv-t
   1791 root     -51   0       0      0      0 S   0.0   0.0   0:00.00 card1-crtc0
   1792 root     -51   0       0      0      0 S   0.0   0.0   0:00.00 card1-crtc1
   1980 gdm       20   0    5876   1552   1344 S   0.0   0.0   0:00.00 dbus-run-sessio
   1983 gdm       20   0    9108   4440   3588 S   0.0   0.1   0:00.13 dbus-daemon
   2035 gdm       20   0  597840  17824  12972 S   0.0   0.2   0:01.10 gnome-session-b
   2057 gdm       20   0  310068   8976   6272 S   0.0   0.1   0:00.00 at-spi-bus-laun
   2062 gdm       20   0    8692   3556   3168 S   0.0   0.0   0:00.00 dbus-daemon
   2071 gdm       20   0 3471500 137260  73260 S   0.0   1.8   0:49.60 gnome-shell
   2092 gdm       20   0  237676   4964   4528 S   0.0   0.1   0:00.00 xdg-permission-
   2099 root      20   0  243852  10136   6984 S   0.0   0.1   0:00.51 upowerd
   2106 root      20   0  301608  19332  16408 S   0.0   0.2   0:01.73 packagekitd
   2110 gdm       20   0 2812288  25716  20860 S   0.0   0.3   0:00.08 gjs
   2113 gdm       20   0  163144   7196   6428 S   0.0   0.1   0:00.02 at-spi2-registr
   2141 gdm       20   0  468748   9856   7940 S   0.0   0.1   0:02.17 gsd-sharing
   2146 gdm       20   0  338880  14892  12620 S   0.0   0.2   0:00.06 gsd-wacom
   2148 gdm       20   0  451616  18896  16480 S   0.0   0.2   0:00.22 gsd-color
   2150 gdm       20   0  412392  17092  13292 S   0.0   0.2   0:00.04 gsd-keyboard
   2152 gdm       20   0  316864  13188   6244 S   0.0   0.2   0:00.10 ibus-daemon
   2156 gdm       20   0  326124   9848   8488 S   0.0   0.1   0:00.02 gsd-print-notif
   2166 gdm       20   0  242216   6512   5848 S   0.0   0.1   0:00.01 gvfsd
   2168 gdm       20   0  459796   6140   5436 S   0.0   0.1   0:00.64 gsd-rfkill
   2170 gdm       20   0  388312   7432   6528 S   0.0   0.1   0:00.01 gsd-smartcard
   2173 gdm       20   0  380556  16508  12504 S   0.0   0.2   0:00.03 gsd-datetime
   2183 gdm       20   0  864216  20108  17428 S   0.0   0.3   0:00.58 gsd-media-keys
   2184 gdm       20   0  237936   4760   4376 S   0.0   0.1   0:00.01 gsd-screensaver
   2185 gdm       20   0  322096  10392   7320 S   0.0   0.1   0:00.02 gsd-sound
   2186 gdm       20   0  312416   8104   5476 S   0.0   0.1   0:00.01 gsd-a11y-settin
   2193 gdm       20   0  313996   8944   6152 S   0.0   0.1   0:01.01 gsd-housekeepin
   2195 gdm       20   0  450004  20288  15904 S   0.0   0.3   0:00.57 gsd-power
   2218 gdm       20   0  347052  12608  10748 S   0.0   0.2   0:00.03 gsd-printer
   2221 gdm       20   0  239040   6576   5948 S   0.0   0.1   0:00.00 ibus-dconf
   2233 gdm       20   0  238936   5920   5488 S   0.0   0.1   0:00.00 ibus-portal
   2263 colord    20   0  247516  14492   8720 S   0.0   0.2   0:00.27 colord
   2285 gdm       20   0 2812300  27868  20904 S   0.0   0.4   0:00.09 gjs
   2349 gdm       20   0  165096   6516   5892 S   0.0   0.1   0:00.01 ibus-engine-sim
   2508 root      20   0  136716  13172   9512 S   0.0   0.2   0:00.73 cupsd
   2522 root      20   0  260792  17940  13508 S   0.0   0.2   0:01.72 cups-browsed
  11687 jetson    20   0   18140   9764   7368 S   0.0   0.1   0:00.37 systemd
  11688 jetson    20   0  172512   4632      0 S   0.0   0.1   0:00.00 (sd-pam)
  11696 jetson    20   0   41976   6552   5228 S   0.0   0.1   0:00.07 pipewire
  11697 jetson    20   0   25484   6724   5388 S   0.0   0.1   0:01.99 pipewire-media-
  11749 jetson    20   0    8888   4168   3672 S   0.0   0.1   0:00.03 dbus-daemon
  13234 jetson    20   0  203640  35476  13212 S   0.0   0.5   0:00.75 ros2
  13236 jetson    20   0 2070472  36080  17228 S   0.0   0.5   0:00.94 docker
  13294 root      20   0   49400  29204  14412 S   0.0   0.4   0:00.40 ros2
 284193 root      20   0       0      0      0 I   0.0   0.0   0:14.56 kworker/u12:3-events_freezable_power_
 417230 root      20   0       0      0      0 I   0.0   0.0   0:09.08 kworker/u12:0-events_unbound
 418183 root       0 -20       0      0      0 I   0.0   0.0   0:16.43 kworker/u13:0-uvcvideo
 437586 root      20   0       0      0      0 I   0.0   0.0   0:07.73 kworker/u12:4-events_unbound
 465092 root      20   0  238836   6948   5700 S   0.0   0.1   0:01.40 iio-sensor-prox
 481530 root       0 -20       0      0      0 I   0.0   0.0   0:10.88 kworker/u13:3-uvcvideo
 494770 root      20   0 1233488  12920   6732 S   0.0   0.2   0:12.00 containerd-shim
 494799 jetson    20   0    5508    792    704 S   0.0   0.0   0:00.21 sleep
 494866 root      20   0   21760   5464   3940 S   0.0   0.1   0:04.77 systemd-udevd
 494879 root      20   0   21756   3352   1840 S   0.0   0.0   0:01.00 systemd-udevd
 513219 root      20   0   21752   3996   2468 S   0.0   0.1   0:00.00 systemd-udevd
 513220 root      20   0   21760   3388   1868 S   0.0   0.0   0:00.00 systemd-udevd
 513233 root      20   0   21760   3392   1868 S   0.0   0.0   0:00.00 systemd-udevd
 513234 root      20   0   21760   3356   1840 S   0.0   0.0   0:00.00 systemd-udevd
 513235 root      20   0   21760   3996   2468 S   0.0   0.1   0:00.01 systemd-udevd
 513236 root      20   0   21760   3384   1868 S   0.0   0.0   0:00.00 systemd-udevd
 513237 root      20   0   21760   4188   2660 S   0.0   0.1   0:00.00 systemd-udevd
 513250 root      20   0   21760   4432   2868 S   0.0   0.1   0:08.39 systemd-udevd
 513251 root      20   0   21760   3840   2288 S   0.0   0.0   0:00.00 systemd-udevd
 513265 root      20   0   21760   4056   2496 S   0.0   0.1   0:00.01 systemd-udevd
 513266 root      20   0   21760   4052   2496 S   0.0   0.1   0:00.01 systemd-udevd
 538507 root      20   0       0      0      0 I   0.0   0.0   0:00.28 kworker/0:0-events
 562560 root      20   0       0      0      0 I   0.0   0.0   0:02.65 kworker/u12:1-events_unbound
 576600 root      20   0       0      0      0 I   0.0   0.0   0:00.40 kworker/3:0-events
 576909 root      20   0       0      0      0 I   0.0   0.0   0:00.08 kworker/4:1-events
 602672 root      20   0       0      0      0 I   0.0   0.0   0:00.14 kworker/1:3-events
 621531 root      20   0       0      0      0 I   0.0   0.0   0:00.11 kworker/5:2-events
 622272 root      20   0       0      0      0 I   0.0   0.0   0:01.24 kworker/u12:7-events_freezable_power_
 642140 root      20   0       0      0      0 I   0.0   0.0   0:00.94 kworker/u12:8-events_unbound
 645581 root      20   0       0      0      0 I   0.0   0.0   0:00.04 kworker/1:2-events
 645980 root      20   0       0      0      0 I   0.0   0.0   0:00.07 kworker/5:0-events
 646577 jetson    20   0  572504  38828  13216 S   0.0   0.5   0:00.85 ros2
 646880 jetson    20   0  129772  34676  13228 S   0.0   0.4   0:00.69 ros2
 646995 jetson    20   0  796968  40104  13228 S   0.0   0.5   0:01.35 ros2
 647060 jetson    20   0   11248   3076   2756 S   0.0   0.0   0:00.37 bash
 647156 jetson    20   0   53568  30344  15012 S   0.0   0.4   0:00.41 ros2
 647161 root      20   0       0      0      0 I   0.0   0.0   0:00.00 kworker/3:1-events
 651818 root      20   0       0      0      0 I   0.0   0.0   0:00.05 kworker/4:0-events
 651861 root      20   0       0      0      0 I   0.0   0.0   0:00.00 kworker/2:0-events
 651906 root      20   0       0      0      0 I   0.0   0.0   0:00.00 kworker/0:2-events
 659922 root      20   0       0      0      0 I   0.0   0.0   0:00.22 kworker/u12:5-events_freezable_power_
 660558 root      20   0       0      0      0 I   0.0   0.0   0:00.04 kworker/1:0-events
 660666 root       0 -20       0      0      0 I   0.0   0.0   0:01.46 kworker/u13:2-uvcvideo
 663616 root      20   0    9436    784    704 S   0.0   0.0   0:00.00 sleep
 670335 root      20   0       0      0      0 I   0.0   0.0   0:00.00 kworker/2:1-cgroup_destroy
 670336 root      20   0       0      0      0 I   0.0   0.0   0:00.00 kworker/2:2-cgroup_destroy
 670384 root      20   0       0      0      0 I   0.0   0.0   0:00.00 kworker/0:1
 670511 root      20   0       0      0      0 I   0.0   0.0   0:00.00 kworker/3:2-cgroup_destroy
 670512 root      20   0       0      0      0 I   0.0   0.0   0:00.00 kworker/3:3
 672581 root      20   0       0      0      0 I   0.0   0.0   0:00.01 kworker/5:1-events
 672816 jetson    20   0   11248   3308   2868 S   0.0   0.0   0:00.04 bash
 675167 root      30  10    9436    780    704 S   0.0   0.0   0:00.00 sleep
 675625 jetson    20   0   11248   3300   2868 S   0.0   0.0   0:00.01 bash
 675715 jetson    20   0    2872    884    788 S   0.0   0.0   0:00.00 tegrastats
 675723 jetson    20   0    9444    788    704 S   0.0   0.0   0:00.00 sleep
 675841 jetson    20   0    9444    776    692 S   0.0   0.0   0:00.00 sleep

top - 16:10:33 up  6:33,  0 users,  load average: 9.02, 6.91, 6.65
Tasks: 357 total,  11 running, 346 sleeping,   0 stopped,   0 zombie
%Cpu(s): 44.3 us, 23.9 sy,  0.0 ni, 24.2 id,  0.0 wa,  3.0 hi,  4.5 si,  0.0 st
MiB Mem :   7607.4 total,   2312.4 free,   2217.4 used,   3077.6 buff/cache
MiB Swap:   3803.7 total,   3803.7 free,      0.0 used.   5073.1 avail Mem 

    PID USER      PR  NI    VIRT    RES    SHR S  %CPU  %MEM     TIME+ COMMAND
  13320 root      20   0 1300496  44416  11392 S  88.6   0.6  32:29.98 micro_ros_agent
 646802 jetson    20   0  709060  60936  27276 R  31.2   0.8   3:28.74 python3
 675713 jetson    20   0  763620  53116  25320 S  28.7   0.7   0:01.44 ros2
 646587 jetson    20   0 1082604  57908  26340 S  22.8   0.7   0:26.64 foxglove_bridge
 647181 jetson    20   0 9356228 408612  87496 R  21.8   5.2   1:33.77 nvblox_node
 646579 jetson    20   0 1748420 106436  51428 S  17.8   1.4   1:25.50 realsense2_came
 646583 jetson    20   0  432976  25004  14224 S  15.8   0.3   1:35.88 rplidar_node
 647058 jetson    20   0  577528  31320  16252 S  15.3   0.4   1:03.86 lifecycle_manag
 646804 jetson    20   0  506340  30580  18340 R  13.9   0.4   1:07.79 ekf_node
 646999 jetson    20   0  889332  45896  23520 S  13.9   0.6   1:01.62 controller_serv
 647007 jetson    20   0  457048  45932  26216 S  13.9   0.6   0:57.25 bt_navigator
 647003 jetson    20   0  988740  68188  24680 R  12.9   0.9   0:58.39 planner_server
 646585 jetson    20   0  707980  60656  27388 S  12.4   0.8   0:54.92 python3
 647005 jetson    20   0  516440  34888  21032 R  11.4   0.4   0:46.32 behavior_server
 647001 jetson    20   0  582500  31592  18840 R  10.4   0.4   0:39.55 smoother_server
 646581 jetson    20   0  709380  64256  27276 S   9.9   0.8   0:30.19 python3
 647056 jetson    20   0  428696  29132  15944 S   9.4   0.4   0:33.19 velocity_smooth
 647025 jetson    20   0  431396  28940  17020 R   8.9   0.4   0:33.82 waypoint_follow
 646997 jetson    20   0  709524  61632  27392 S   8.4   0.8   0:30.11 python3
 646882 jetson    20   0  903104  52000  24060 S   7.9   0.7   0:25.18 async_slam_tool
  13238 jetson    20   0  428524  31584  15828 S   5.4   0.4   2:33.77 robot_state_pub
 675912 jetson    20   0   25340  13464   5364 R   5.0   0.2   0:00.10 python3
  11931 jetson    20   0  707268  63144  26432 S   4.0   0.8   2:28.01 python3
 675914 root      20   0   34620  15476   7220 R   2.5   0.2   0:00.05 sshd
   1212 root      20   0 2093336  74852  33976 S   1.0   1.0   0:42.42 containerd
   1588 root      20   0 2353004 113512  57032 S   1.0   1.5   0:32.30 dockerd
 675134 root       0 -20       0      0      0 I   1.0   0.0   0:00.09 kworker/u13:4-uvcvideo
 675922 jetson    20   0 1996616  29804  17664 S   1.0   0.4   0:00.02 docker
    312 root      20   0   23732   6316   4080 S   0.5   0.1   0:27.83 systemd-udevd
    340 root      20   0   23544   6732   4608 S   0.5   0.1   1:33.27 systemd-udevd
    909 root      rt   0       0      0      0 S   0.5   0.0   0:52.98 sugov:4
   2071 gdm       20   0 3471500 137260  73260 S   0.5   1.8   0:49.61 gnome-shell
 284193 root      20   0       0      0      0 I   0.5   0.0   0:14.57 kworker/u12:3-events_unbound
 494770 root      20   0 1233488  12444   6732 S   0.5   0.2   0:12.01 containerd-shim
 494866 root      20   0   21760   5464   3940 S   0.5   0.1   0:04.78 systemd-udevd
 513250 root      20   0   21760   4432   2868 S   0.5   0.1   0:08.40 systemd-udevd
 675714 jetson    20   0   14340   3384   2772 R   0.5   0.0   0:00.05 top
 675715 jetson    20   0    2872    884    788 S   0.5   0.0   0:00.01 tegrastats
 675936 root      20   0 1828292  15400   7752 S   0.5   0.2   0:00.01 runc
      1 root      20   0  167628  11768   7448 S   0.0   0.2   0:32.27 systemd
      2 root      20   0       0      0      0 S   0.0   0.0   0:00.03 kthreadd
      3 root       0 -20       0      0      0 I   0.0   0.0   0:00.00 rcu_gp
      4 root       0 -20       0      0      0 I   0.0   0.0   0:00.00 rcu_par_gp
      5 root       0 -20       0      0      0 I   0.0   0.0   0:00.00 slub_flushwq
      6 root       0 -20       0      0      0 I   0.0   0.0   0:00.00 netns
      8 root       0 -20       0      0      0 I   0.0   0.0   0:00.00 kworker/0:0H-events_highpri
     10 root       0 -20       0      0      0 I   0.0   0.0   0:00.00 mm_percpu_wq
     11 root      20   0       0      0      0 S   0.0   0.0   0:00.00 rcu_tasks_kthre
     12 root      20   0       0      0      0 S   0.0   0.0   0:00.00 rcu_tasks_rude_
     13 root      20   0       0      0      0 S   0.0   0.0   0:00.00 rcu_tasks_trace
     14 root      20   0       0      0      0 S   0.0   0.0   0:23.67 ksoftirqd/0
     15 root      20   0       0      0      0 I   0.0   0.0   0:10.47 rcu_preempt
     16 root      rt   0       0      0      0 S   0.0   0.0   0:00.03 migration/0
     17 root      20   0       0      0      0 S   0.0   0.0   0:00.00 cpuhp/0
     18 root      20   0       0      0      0 S   0.0   0.0   0:00.00 cpuhp/1
     19 root      rt   0       0      0      0 S   0.0   0.0   0:00.03 migration/1
     20 root      20   0       0      0      0 S   0.0   0.0   0:01.73 ksoftirqd/1
     22 root       0 -20       0      0      0 I   0.0   0.0   0:00.00 kworker/1:0H-events_highpri
     23 root      20   0       0      0      0 S   0.0   0.0   0:00.00 cpuhp/2
     24 root      rt   0       0      0      0 S   0.0   0.0   0:00.02 migration/2
     25 root      20   0       0      0      0 S   0.0   0.0   0:01.73 ksoftirqd/2
     27 root       0 -20       0      0      0 I   0.0   0.0   0:00.00 kworker/2:0H-events_highpri
     28 root      20   0       0      0      0 S   0.0   0.0   0:00.00 cpuhp/3
     29 root      rt   0       0      0      0 S   0.0   0.0   0:00.02 migration/3
     30 root      20   0       0      0      0 S   0.0   0.0   0:01.63 ksoftirqd/3
     32 root       0 -20       0      0      0 I   0.0   0.0   0:00.00 kworker/3:0H-events_highpri
     33 root      20   0       0      0      0 S   0.0   0.0   0:00.00 cpuhp/4
     34 root      rt   0       0      0      0 S   0.0   0.0   0:00.07 migration/4
     35 root      20   0       0      0      0 S   0.0   0.0   0:01.22 ksoftirqd/4
     37 root       0 -20       0      0      0 I   0.0   0.0   0:00.00 kworker/4:0H-kblockd
     38 root      20   0       0      0      0 S   0.0   0.0   0:00.00 cpuhp/5
     39 root      rt   0       0      0      0 S   0.0   0.0   0:00.07 migration/5
     40 root      20   0       0      0      0 S   0.0   0.0   0:01.29 ksoftirqd/5
     42 root       0 -20       0      0      0 I   0.0   0.0   0:00.00 kworker/5:0H-events_highpri
     43 root      20   0       0      0      0 S   0.0   0.0   0:00.01 kdevtmpfs
     44 root       0 -20       0      0      0 I   0.0   0.0   0:00.00 inet_frag_wq
     51 root      20   0       0      0      0 S   0.0   0.0   0:00.00 kauditd
     52 root      20   0       0      0      0 S   0.0   0.0   0:00.00 oom_reaper
     53 root       0 -20       0      0      0 I   0.0   0.0   0:00.00 writeback
     54 root      20   0       0      0      0 S   0.0   0.0   0:00.19 kcompactd0
     55 root      25   5       0      0      0 S   0.0   0.0   0:00.00 ksmd
     56 root      39  19       0      0      0 S   0.0   0.0   0:02.10 khugepaged
     67 root       0 -20       0      0      0 I   0.0   0.0   0:00.00 cryptd
     86 root       0 -20       0      0      0 I   0.0   0.0   0:00.00 kintegrityd
     87 root       0 -20       0      0      0 I   0.0   0.0   0:00.00 kblockd
     88 root       0 -20       0      0      0 I   0.0   0.0   0:00.00 blkcg_punt_bio
     89 root       0 -20       0      0      0 I   0.0   0.0   0:00.00 tpm_dev_wq
     90 root       0 -20       0      0      0 I   0.0   0.0   0:00.00 ata_sff
     91 root       0 -20       0      0      0 I   0.0   0.0   0:00.00 edac-poller
     92 root       0 -20       0      0      0 I   0.0   0.0   0:00.00 devfreq_wq
     93 root     -51   0       0      0      0 S   0.0   0.0   0:00.00 watchdogd
     96 root       0 -20       0      0      0 I   0.0   0.0   0:00.06 kworker/1:1H-kblockd
     97 root       0 -20       0      0      0 I   0.0   0.0   0:00.00 rpciod
     99 root       0 -20       0      0      0 I   0.0   0.0   0:00.00 xprtiod
    127 root      20   0       0      0      0 S   0.0   0.0   0:00.00 kswapd0
    128 root       0 -20       0      0      0 I   0.0   0.0   0:00.00 nfsiod
    132 root       0 -20       0      0      0 I   0.0   0.0   0:00.00 vfio-irqfd-clea
    133 root       0 -20       0      0      0 I   0.0   0.0   0:00.00 bch_btree_io
    134 root       0 -20       0      0      0 I   0.0   0.0   0:00.00 bcache
    135 root       0 -20       0      0      0 I   0.0   0.0   0:00.00 bch_journal
    136 root       0 -20       0      0      0 I   0.0   0.0   0:00.00 dm_bufio_cache
    139 root      20   0       0      0      0 I   0.0   0.0   0:01.99 kworker/2:3-events
    140 root      10 -10       0      0      0 S   0.0   0.0   0:00.00 krfcommd
    141 root      20   0       0      0      0 S   0.0   0.0   0:00.01 pr/tty0
    142 root      20   0       0      0      0 S   0.0   0.0   0:03.11 pr/ttyTCU0
    145 root     -51   0       0      0      0 S   0.0   0.0   0:00.00 irq/114-3160000
    147 root     -51   0       0      0      0 S   0.0   0.0   0:00.00 irq/115-3180000
    149 root     -51   0       0      0      0 S   0.0   0.0   0:00.00 irq/116-31b0000
    150 root     -51   0       0      0      0 S   0.0   0.0   0:00.03 irq/167-c240000
    151 root     -51   0       0      0      0 S   0.0   0.0   0:00.00 irq/168-c250000
    152 root     -51   0       0      0      0 S   0.0   0.0   0:00.00 irq/125-3610000
    153 root     -51   0       0      0      0 S   0.0   0.0   0:00.00 irq/122-3610000
    155 root       0 -20       0      0      0 I   0.0   0.0   0:00.00 sdhci
    156 root     -51   0       0      0      0 S   0.0   0.0   0:00.00 irq/120-mmc0
    157 root     -51   0       0      0      0 S   0.0   0.0   0:00.00 irq/230-3400000
    174 root       0 -20       0      0      0 I   0.0   0.0   0:00.06 kworker/3:1H-kblockd
    180 root     -51   0       0      0      0 S   0.0   0.0   0:00.00 irq/191-tegra-p
    181 root       0 -20       0      0      0 I   0.0   0.0   0:00.00 nvme-wq
    182 root       0 -20       0      0      0 I   0.0   0.0   0:00.00 nvme-reset-wq
    183 root       0 -20       0      0      0 I   0.0   0.0   0:00.00 nvme-delete-wq
    192 root     -51   0       0      0      0 S   0.0   0.0   0:00.00 irq/191-aerdrv
    193 root     -51   0       0      0      0 S   0.0   0.0   0:00.00 irq/193-tegra-p
    196 root     -51   0       0      0      0 S   0.0   0.0   0:00.00 irq/193-aerdrv
    197 root     -51   0       0      0      0 S   0.0   0.0   0:00.00 irq/195-tegra-p
    199 root     -51   0       0      0      0 S   0.0   0.0   0:00.00 irq/232-nvme0q0
    200 root     -51   0       0      0      0 S   0.0   0.0   0:00.38 irq/233-nvme0q1
    201 root     -51   0       0      0      0 S   0.0   0.0   0:00.42 irq/234-nvme0q2
    202 root     -51   0       0      0      0 S   0.0   0.0   0:00.54 irq/235-nvme0q3
    203 root     -51   0       0      0      0 S   0.0   0.0   0:00.66 irq/236-nvme0q4
    204 root     -51   0       0      0      0 S   0.0   0.0   0:00.16 irq/237-nvme0q5
    205 root     -51   0       0      0      0 S   0.0   0.0   0:00.13 irq/238-nvme0q6
    211 root       0 -20       0      0      0 I   0.0   0.0   0:00.07 kworker/4:1H-kblockd
    212 root      20   0       0      0      0 S   0.0   0.0   0:01.51 jbd2/nvme0n1p1-
    213 root       0 -20       0      0      0 I   0.0   0.0   0:00.00 ext4-rsv-conver
    222 root       0 -20       0      0      0 I   0.0   0.0   0:00.00 mld
    223 root       0 -20       0      0      0 I   0.0   0.0   0:00.04 kworker/0:1H-kblockd
    224 root       0 -20       0      0      0 I   0.0   0.0   0:00.00 ipv6_addrconf
    256 root      19  -1   76560  40184  38556 S   0.0   0.5   0:30.48 systemd-journal
    278 root       0 -20       0      0      0 I   0.0   0.0   0:00.08 kworker/2:1H-kblockd
    280 root      39  19       0      0      0 S   0.0   0.0   0:01.71 nvmap-bz
    281 root     -51   0       0      0      0 S   0.0   0.0   0:00.00 irq/188-host1x_
    285 root     -51   0       0      0      0 S   0.0   0.0   0:00.00 irq/197-gk20a_s
    286 root     -51   0       0      0      0 S   0.0   0.0   0:00.03 irq/198-gk20a_s
    287 root     -51   0       0      0      0 S   0.0   0.0   0:00.03 irq/199-gk20a_s
    288 root     -51   0       0      0      0 S   0.0   0.0   0:00.00 irq/200-gk20a_n
    291 root       0 -20       0      0      0 I   0.0   0.0   0:00.06 kworker/5:1H-kblockd
    295 root      20   0   11116   3460   3204 S   0.0   0.0   0:00.00 nv-tee-supplica
    299 root      20   0   76588   1360   1248 S   0.0   0.0   0:00.01 tee-supplicant
    301 root       0 -20       0      0      0 I   0.0   0.0   0:00.00 optee_bus_scan
    303 root     -51   0       0      0      0 S   0.0   0.0   0:00.00 irq/189-tegra-p
    313 root     -51   0       0      0      0 S   0.0   0.0   0:00.00 irq/189-aerdrv
    314 root      20   0   23216   5832   3992 S   0.0   0.1   0:00.41 systemd-udevd
    315 root      20   0   23216   5020   3248 S   0.0   0.1   0:00.15 systemd-udevd
    316 root      20   0   23268   6252   4316 S   0.0   0.1   0:00.16 systemd-udevd
    317 root      20   0   23220   4364   2600 S   0.0   0.1   0:00.11 systemd-udevd
    318 root      20   0   23216   4480   2672 S   0.0   0.1   0:00.12 systemd-udevd
    319 root      20   0   23212   5820   3980 S   0.0   0.1   0:00.29 systemd-udevd
    320 root      20   0   23264   4688   2764 S   0.0   0.1   0:00.13 systemd-udevd
    321 root      20   0   23268   5072   3136 S   0.0   0.1   0:00.18 systemd-udevd
    322 root      20   0   23524   5520   3456 S   0.0   0.1   0:00.27 systemd-udevd
    323 root      20   0   23216   6304   4444 S   0.0   0.1   0:00.42 systemd-udevd
    324 root      20   0   23220   5196   3388 S   0.0   0.1   0:00.16 systemd-udevd
    325 root      20   0   23220   5820   3976 S   0.0   0.1   0:00.41 systemd-udevd
    326 root      20   0   23220   5256   3388 S   0.0   0.1   0:00.45 systemd-udevd
    327 root      20   0   23220   5504   3684 S   0.0   0.1   0:00.18 systemd-udevd
    330 root      20   0   23512   5728   3684 S   0.0   0.1   0:00.14 systemd-udevd
    331 root      20   0   24292   5540   2676 S   0.0   0.1   0:00.16 systemd-udevd
    333 root      20   0   23524   5596   3532 S   0.0   0.1   0:00.28 systemd-udevd
    334 root      20   0   23220   5584   3740 S   0.0   0.1   0:00.27 systemd-udevd
    335 root      20   0   23220   4504   2708 S   0.0   0.1   0:00.11 systemd-udevd
    336 root      20   0   23220   4696   2892 S   0.0   0.1   0:00.14 systemd-udevd
    337 root      20   0   23524   5056   2992 S   0.0   0.1   0:00.16 systemd-udevd
    339 root      20   0   23220   4980   3148 S   0.0   0.1   0:00.17 systemd-udevd
    341 root      20   0   23276   5328   3384 S   0.0   0.1   0:00.13 systemd-udevd
    342 root      20   0   23280   5176   3228 S   0.0   0.1   0:00.13 systemd-udevd
    343 root      20   0   23220   5988   4152 S   0.0   0.1   0:00.33 systemd-udevd
    344 root      20   0   23560   6700   4596 S   0.0   0.1   0:00.58 systemd-udevd
    345 root      20   0       0      0      0 S   0.0   0.0   0:00.00 15820000.crypto
    346 root      20   0       0      0      0 S   0.0   0.0   0:00.00 15840000.crypto
    368 root      20   0   23324   5984   4116 S   0.0   0.1   0:00.46 systemd-udevd
    417 root     -51   0       0      0      0 S   0.0   0.0   0:00.00 irq/219-bc00000
    419 root      -2   0       0      0      0 S   0.0   0.0   0:00.00 capture-control
    420 root      -2   0       0      0      0 S   0.0   0.0   0:00.00 capture
    422 root     -51   0       0      0      0 S   0.0   0.0   0:00.00 irq/214-tegra_d
    423 root     -51   0       0      0      0 S   0.0   0.0   0:00.00 irq/215-tegra_d
    424 root       0 -20       0      0      0 I   0.0   0.0   0:00.00 dce-async-ipc-w
    425 root     -51   0       0      0      0 S   0.0   0.0   0:00.00 irq/240-nvvrs-p
    427 root      20   0       0      0      0 S   0.0   0.0   0:00.00 nv_queue
    428 root      20   0       0      0      0 S   0.0   0.0   0:00.00 nv_queue
    483 root     -51   0       0      0      0 S   0.0   0.0   0:00.00 irq/118-3210000
    487 root      20   0       0      0      0 S   0.0   0.0   0:00.00 spi0
    495 root       0 -20       0      0      0 I   0.0   0.0   0:00.00 cfg80211
    497 root     -51   0       0      0      0 S   0.0   0.0   0:00.00 irq/119-3230000
    498 root      20   0       0      0      0 S   0.0   0.0   0:00.00 spi1
    584 root       0 -20       0      0      0 I   0.0   0.0   0:00.00 btfwwork
    650 root      20   0    8236   6424   1432 S   0.0   0.1   0:00.73 haveged
    653 _rpc      20   0    7932   2264   1912 S   0.0   0.0   0:00.04 rpcbind
    659 systemd+  20   0   26320  13580   8496 S   0.0   0.2   0:00.55 systemd-resolve
    662 systemd+  20   0   88880   6332   5484 S   0.0   0.1   0:00.15 systemd-timesyn
    826 avahi     20   0    8084   3108   2752 S   0.0   0.0   0:00.70 avahi-daemon
    827 root      20   0    9888   4552   4112 S   0.0   0.1   0:00.07 bluetoothd
    828 message+  20   0   10496   5632   3584 S   0.0   0.1   0:47.21 dbus-daemon
    829 root      20   0  264848  18932  14872 S   0.0   0.2   0:42.91 NetworkManager
    838 root      20   0   43504  19780  10232 S   0.0   0.3   0:00.15 networkd-dispat
    849 root      20   0  241652   9056   6312 S   0.0   0.1   0:00.66 power-profiles-
    854 syslog    20   0  222160   5012   3672 S   0.0   0.1   0:05.84 rsyslogd
    859 root      20   0    2240    796    720 S   0.0   0.0   0:00.00 seatd
    865 root      20   0 2145956  51924  25772 S   0.0   0.7   0:37.95 snapd
    867 root      20   0  242124   7452   6576 S   0.0   0.1   0:02.28 accounts-daemon
    869 root      20   0  238128   6232   5620 S   0.0   0.1   0:00.04 switcheroo-cont
    871 root      20   0   48968   7620   6296 S   0.0   0.1   0:04.01 systemd-logind
    874 root      20   0  394188  13988   9476 S   0.0   0.2   0:01.11 udisksd
    875 root      20   0   16632   9928   8148 S   0.0   0.1   0:01.36 wpa_supplicant
    882 avahi     20   0    7812    356      0 S   0.0   0.0   0:00.00 avahi-daemon
    904 root      rt   0       0      0      0 S   0.0   0.0   1:51.74 sugov:0
    921 root      30  10   11248   3612   3220 S   0.0   0.0   0:08.77 wifi_mon.sh
    969 root      20   0  237044  10468   6400 S   0.0   0.1   3:26.91 polkitd
    983 root      20   0    2460   1556   1380 S   0.0   0.0   0:08.55 nvfancontrol
   1049 root      20   0       0      0      0 S   0.0   0.0   0:00.00 sw-quiesce
   1052 root      20   0       0      0      0 S   0.0   0.0   0:21.77 nvgpu_channel_p
   1068 root      20   0       0      0      0 S   0.0   0.0   0:00.00 nvgpu_pg_init_g
   1087 root      20   0       0      0      0 S   0.0   0.0   0:00.00 nvgpu_clk_arb_p
   1117 root      20   0       0      0      0 S   0.0   0.0   0:08.02 RTW_CMD_THREAD
   1157 root      20   0   75936   9960   8136 S   0.0   0.1   0:00.01 nvargus-daemon
   1158 root      20   0   11116   3520   3220 S   0.0   0.0   0:00.08 nvmemwarning.sh
   1171 root      20   0   22192   1776   1580 S   0.0   0.0   0:00.00 nvs-service
   1181 ollama    20   0 2006720  39588  20072 S   0.0   0.5   0:01.11 ollama
   1195 root      20   0    2336   1408   1292 S   0.0   0.0   0:01.96 run-cups-browse
   1201 root      20   0    2336   1424   1296 S   0.0   0.0   0:02.02 run-cupsd
   1204 root      20   0       0      0      0 S   0.0   0.0   0:00.00 pr/ramoops-1
   1239 root      20   0   10772   2824   2576 S   0.0   0.0   0:00.06 cron
   1259 root      20   0  243128   8056   7012 S   0.0   0.1   0:00.02 gdm3
   1263 kernoops  20   0   12812    452      0 S   0.0   0.0   0:00.02 kerneloops
   1290 root      20   0    9468    800    724 S   0.0   0.0   0:00.00 agetty
   1291 kernoops  20   0   12812    452      0 S   0.0   0.0   0:00.02 kerneloops
   1293 root      20   0    9468    804    724 S   0.0   0.0   0:00.00 agetty
   1330 root      20   0  173408   8804   7628 S   0.0   0.1   0:00.02 gdm-session-wor
   1417 root      20   0       0      0      0 S   0.0   0.0   0:00.00 file-storage
   1426 root      20   0   15272   8368   6788 S   0.0   0.1   0:00.80 sshd
   1474 gdm       20   0   18120   9728   7360 S   0.0   0.1   0:00.46 systemd
   1478 root      20   0    3076    992    880 S   0.0   0.0   0:00.00 nvphsd
   1483 root      20   0    3208   1476   1316 S   0.0   0.0   0:00.00 nvphsd
   1497 gdm       20   0  106692   4552      0 S   0.0   0.1   0:00.00 (sd-pam)
   1688 gdm        9 -11   41972   6476   5156 S   0.0   0.1   0:00.07 pipewire
   1689 gdm       20   0   25476   6428   5104 S   0.0   0.1   0:01.81 pipewire-media-
   1690 gdm        9 -11  891840  20748  12584 S   0.0   0.3   0:00.99 pulseaudio
   1695 gdm       20   0  163948   5472   4964 S   0.0   0.1   0:00.00 gdm-x-session
   1697 root      20   0   24.2g  80544  35884 S   0.0   1.0   0:02.25 Xorg
   1698 rtkit     21   1  153504   1588   1380 S   0.0   0.0   0:00.32 rtkit-daemon
   1729 gdm       20   0    8840   3600   3212 S   0.0   0.0   0:00.02 dbus-daemon
   1748 root      20   0       0      0      0 S   0.0   0.0   0:00.00 nvidia-modeset/
   1749 root      20   0       0      0      0 S   0.0   0.0   0:00.00 nvidia-modeset/
   1752 root      20   0       0      0      0 S   0.0   0.0   0:00.00 nvidia
   1753 root      20   0       0      0      0 S   0.0   0.0   0:00.00 nv_queue
   1790 root      20   0       0      0      0 S   0.0   0.0   0:00.00 nvidia-drm-nv-t
   1791 root     -51   0       0      0      0 S   0.0   0.0   0:00.00 card1-crtc0
   1792 root     -51   0       0      0      0 S   0.0   0.0   0:00.00 card1-crtc1
   1980 gdm       20   0    5876   1552   1344 S   0.0   0.0   0:00.00 dbus-run-sessio
   1983 gdm       20   0    9108   4440   3588 S   0.0   0.1   0:00.13 dbus-daemon
   2035 gdm       20   0  597840  17824  12972 S   0.0   0.2   0:01.10 gnome-session-b
   2057 gdm       20   0  310068   8976   6272 S   0.0   0.1   0:00.00 at-spi-bus-laun
   2062 gdm       20   0    8692   3556   3168 S   0.0   0.0   0:00.00 dbus-daemon
   2092 gdm       20   0  237676   4964   4528 S   0.0   0.1   0:00.00 xdg-permission-
   2099 root      20   0  243852  10136   6984 S   0.0   0.1   0:00.51 upowerd
   2106 root      20   0  301608  19332  16408 S   0.0   0.2   0:01.73 packagekitd
   2110 gdm       20   0 2812288  25716  20860 S   0.0   0.3   0:00.08 gjs
   2113 gdm       20   0  163144   7196   6428 S   0.0   0.1   0:00.02 at-spi2-registr
   2141 gdm       20   0  468748   9856   7940 S   0.0   0.1   0:02.17 gsd-sharing
   2146 gdm       20   0  338880  14892  12620 S   0.0   0.2   0:00.06 gsd-wacom
   2148 gdm       20   0  451616  18896  16480 S   0.0   0.2   0:00.22 gsd-color
   2150 gdm       20   0  412392  17092  13292 S   0.0   0.2   0:00.04 gsd-keyboard
   2152 gdm       20   0  316864  13188   6244 S   0.0   0.2   0:00.10 ibus-daemon
   2156 gdm       20   0  326124   9848   8488 S   0.0   0.1   0:00.02 gsd-print-notif
   2166 gdm       20   0  242216   6512   5848 S   0.0   0.1   0:00.01 gvfsd
   2168 gdm       20   0  459796   6140   5436 S   0.0   0.1   0:00.64 gsd-rfkill
   2170 gdm       20   0  388312   7432   6528 S   0.0   0.1   0:00.01 gsd-smartcard
   2173 gdm       20   0  380556  16508  12504 S   0.0   0.2   0:00.03 gsd-datetime
   2183 gdm       20   0  864216  20108  17428 S   0.0   0.3   0:00.58 gsd-media-keys
   2184 gdm       20   0  237936   4760   4376 S   0.0   0.1   0:00.01 gsd-screensaver
   2185 gdm       20   0  322096  10392   7320 S   0.0   0.1   0:00.02 gsd-sound
   2186 gdm       20   0  312416   8104   5476 S   0.0   0.1   0:00.01 gsd-a11y-settin
   2193 gdm       20   0  313996   8944   6152 S   0.0   0.1   0:01.01 gsd-housekeepin
   2195 gdm       20   0  450004  20288  15904 S   0.0   0.3   0:00.57 gsd-power
   2218 gdm       20   0  347052  12608  10748 S   0.0   0.2   0:00.03 gsd-printer
   2221 gdm       20   0  239040   6576   5948 S   0.0   0.1   0:00.00 ibus-dconf
   2233 gdm       20   0  238936   5920   5488 S   0.0   0.1   0:00.00 ibus-portal
   2263 colord    20   0  247516  14492   8720 S   0.0   0.2   0:00.27 colord
   2285 gdm       20   0 2812300  27868  20904 S   0.0   0.4   0:00.09 gjs
   2349 gdm       20   0  165096   6516   5892 S   0.0   0.1   0:00.01 ibus-engine-sim
   2508 root      20   0  136716  13172   9512 S   0.0   0.2   0:00.73 cupsd
   2522 root      20   0  260792  17940  13508 S   0.0   0.2   0:01.72 cups-browsed
  11687 jetson    20   0   18140   9764   7368 S   0.0   0.1   0:00.37 systemd
  11688 jetson    20   0  172512   4632      0 S   0.0   0.1   0:00.00 (sd-pam)
  11696 jetson    20   0   41976   6552   5228 S   0.0   0.1   0:00.07 pipewire
  11697 jetson    20   0   25484   6724   5388 S   0.0   0.1   0:01.99 pipewire-media-
  11749 jetson    20   0    8888   4168   3672 S   0.0   0.1   0:00.03 dbus-daemon
  13234 jetson    20   0  203640  35476  13212 S   0.0   0.5   0:00.75 ros2
  13236 jetson    20   0 2070472  36080  17228 S   0.0   0.5   0:00.94 docker
  13265 root      20   0 1232976  11204   5960 S   0.0   0.1   0:02.48 containerd-shim
  13294 root      20   0   49400  29204  14412 S   0.0   0.4   0:00.40 ros2
 100141 root      20   0       0      0      0 I   0.0   0.0   0:23.62 kworker/u12:6-events_freezable_power_
 407770 root      20   0       0      0      0 I   0.0   0.0   0:10.65 kworker/u12:9-events_unbound
 417230 root      20   0       0      0      0 I   0.0   0.0   0:09.08 kworker/u12:0-events_unbound
 418183 root       0 -20       0      0      0 I   0.0   0.0   0:16.43 kworker/u13:0-uvcvideo
 437586 root      20   0       0      0      0 I   0.0   0.0   0:07.73 kworker/u12:4-events_unbound
 465092 root      20   0  238836   6948   5700 S   0.0   0.1   0:01.40 iio-sensor-prox
 481530 root       0 -20       0      0      0 I   0.0   0.0   0:10.88 kworker/u13:3-uvcvideo
 494799 jetson    20   0    5508    792    704 S   0.0   0.0   0:00.21 sleep
 494879 root      20   0   21756   3352   1840 S   0.0   0.0   0:01.00 systemd-udevd
 513219 root      20   0   21752   3996   2468 S   0.0   0.1   0:00.00 systemd-udevd
 513220 root      20   0   21760   3388   1868 S   0.0   0.0   0:00.00 systemd-udevd
 513233 root      20   0   21760   3392   1868 S   0.0   0.0   0:00.00 systemd-udevd
 513234 root      20   0   21760   3356   1840 S   0.0   0.0   0:00.00 systemd-udevd
 513235 root      20   0   21760   3996   2468 S   0.0   0.1   0:00.01 systemd-udevd
 513236 root      20   0   21760   3384   1868 S   0.0   0.0   0:00.00 systemd-udevd
 513237 root      20   0   21760   4188   2660 S   0.0   0.1   0:00.00 systemd-udevd
 513251 root      20   0   21760   3840   2288 S   0.0   0.0   0:00.00 systemd-udevd
 513265 root      20   0   21760   4056   2496 S   0.0   0.1   0:00.01 systemd-udevd
 513266 root      20   0   21760   4052   2496 S   0.0   0.1   0:00.01 systemd-udevd
 538507 root      20   0       0      0      0 I   0.0   0.0   0:00.28 kworker/0:0-pm
 562560 root      20   0       0      0      0 I   0.0   0.0   0:02.65 kworker/u12:1-events_unbound
 576600 root      20   0       0      0      0 I   0.0   0.0   0:00.40 kworker/3:0-events
 576909 root      20   0       0      0      0 I   0.0   0.0   0:00.08 kworker/4:1-events
 582730 root      20   0       0      0      0 I   0.0   0.0   0:02.40 kworker/u12:2-events_freezable_power_
 589172 root      20   0       0      0      0 I   0.0   0.0   0:02.14 kworker/u12:10-events_freezable_power_
 591089 root       0 -20       0      0      0 I   0.0   0.0   0:04.22 kworker/u13:1-uvcvideo
 602672 root      20   0       0      0      0 I   0.0   0.0   0:00.14 kworker/1:3-events
 621531 root      20   0       0      0      0 I   0.0   0.0   0:00.11 kworker/5:2-events
 622272 root      20   0       0      0      0 I   0.0   0.0   0:01.24 kworker/u12:7-events_unbound
 642140 root      20   0       0      0      0 I   0.0   0.0   0:00.94 kworker/u12:8-events_freezable_power_
 645581 root      20   0       0      0      0 I   0.0   0.0   0:00.04 kworker/1:2-events
 645980 root      20   0       0      0      0 I   0.0   0.0   0:00.07 kworker/5:0-events
 646577 jetson    20   0  572504  38828  13216 S   0.0   0.5   0:00.85 ros2
 646880 jetson    20   0  129772  34676  13228 S   0.0   0.4   0:00.69 ros2
 646995 jetson    20   0  796968  40104  13228 S   0.0   0.5   0:01.35 ros2
 647060 jetson    20   0   11248   3076   2756 S   0.0   0.0   0:00.37 bash
 647156 jetson    20   0   53568  30344  15012 S   0.0   0.4   0:00.41 ros2
 647161 root      20   0       0      0      0 I   0.0   0.0   0:00.00 kworker/3:1-events
 651818 root      20   0       0      0      0 I   0.0   0.0   0:00.05 kworker/4:0-events
 651861 root      20   0       0      0      0 I   0.0   0.0   0:00.00 kworker/2:0-events
 651906 root      20   0       0      0      0 I   0.0   0.0   0:00.00 kworker/0:2-events
 659922 root      20   0       0      0      0 I   0.0   0.0   0:00.22 kworker/u12:5-events_freezable_power_
 660558 root      20   0       0      0      0 I   0.0   0.0   0:00.04 kworker/1:0-events
 660666 root       0 -20       0      0      0 I   0.0   0.0   0:01.46 kworker/u13:2-uvcvideo
 663616 root      20   0    9436    784    704 S   0.0   0.0   0:00.00 sleep
 670335 root      20   0       0      0      0 I   0.0   0.0   0:00.00 kworker/2:1-cgroup_destroy
 670336 root      20   0       0      0      0 I   0.0   0.0   0:00.00 kworker/2:2-cgroup_destroy
 670384 root      20   0       0      0      0 I   0.0   0.0   0:00.00 kworker/0:1
 670511 root      20   0       0      0      0 I   0.0   0.0   0:00.00 kworker/3:2-cgroup_destroy
 670512 root      20   0       0      0      0 I   0.0   0.0   0:00.00 kworker/3:3
 672581 root      20   0       0      0      0 I   0.0   0.0   0:00.01 kworker/5:1-rcu_gp
 672816 jetson    20   0   11248   3308   2868 S   0.0   0.0   0:00.04 bash
 675167 root      30  10    9436    780    704 S   0.0   0.0   0:00.00 sleep
 675625 jetson    20   0   11248   3300   2868 S   0.0   0.0   0:00.01 bash
 675913 jetson    20   0    9480    808    724 S   0.0   0.0   0:00.00 tail
 675916 sshd      20   0   15268   6108   4532 S   0.0   0.1   0:00.00 sshd
 675955 root      20   0 1606916  13600   7676 R   0.0   0.2   0:00.00 runc:[2:INIT]

top - 16:10:35 up  6:33,  0 users,  load average: 9.02, 6.91, 6.65
Tasks: 352 total,   7 running, 345 sleeping,   0 stopped,   0 zombie
%Cpu(s): 44.8 us, 30.2 sy,  0.0 ni, 17.0 id,  0.0 wa,  2.7 hi,  5.2 si,  0.0 st
MiB Mem :   7607.4 total,   2312.4 free,   2217.4 used,   3077.6 buff/cache
MiB Swap:   3803.7 total,   3803.7 free,      0.0 used.   5073.1 avail Mem 

    PID USER      PR  NI    VIRT    RES    SHR S  %CPU  %MEM     TIME+ COMMAND
 675912 jetson    20   0  714980  64124  27680 R  63.9   0.8   0:01.39 python3
  13320 root      20   0 1300496  44680  11392 S  53.0   0.6  32:31.05 micro_ros_agent
 646802 jetson    20   0  709060  61196  27276 R  30.7   0.8   3:29.36 python3
 647181 jetson    20   0 9356228 409196  87560 S  26.7   5.3   1:34.31 nvblox_node
 675713 jetson    20   0  763620  53644  25320 S  24.8   0.7   0:01.94 ros2
 646579 jetson    20   0 1748420 106436  51428 S  18.8   1.4   1:25.88 realsense2_came
 646587 jetson    20   0 1082604  57908  26340 S  17.8   0.7   0:27.00 foxglove_bridge
 646583 jetson    20   0  432976  25268  14224 S  15.8   0.3   1:36.20 rplidar_node
 646999 jetson    20   0  889332  46156  23520 S  15.3   0.6   1:01.93 controller_serv
 647007 jetson    20   0  457048  45932  26216 R  15.3   0.6   0:57.56 bt_navigator
 647058 jetson    20   0  577528  31320  16252 S  15.3   0.4   1:04.17 lifecycle_manag
    969 root      20   0  237044  10468   6400 S  14.9   0.1   3:27.21 polkitd
 647003 jetson    20   0  988740  68188  24680 S  14.9   0.9   0:58.69 planner_server
 646804 jetson    20   0  506340  30580  18340 R  12.9   0.4   1:08.05 ekf_node
 646585 jetson    20   0  707980  60916  27388 R  12.4   0.8   0:55.17 python3
 647005 jetson    20   0  516440  34888  21032 S  12.4   0.4   0:46.57 behavior_server
 647025 jetson    20   0  431396  28940  17020 S  11.4   0.4   0:34.05 waypoint_follow
 647001 jetson    20   0  582500  31856  18840 S  10.9   0.4   0:39.77 smoother_server
 647056 jetson    20   0  428696  29132  15944 S   9.9   0.4   0:33.39 velocity_smooth
 646997 jetson    20   0  709524  61632  27392 S   9.4   0.8   0:30.30 python3
 646581 jetson    20   0  709380  64256  27276 S   8.9   0.8   0:30.37 python3
 646882 jetson    20   0  903104  52000  24060 S   8.9   0.7   0:25.36 async_slam_tool
  13238 jetson    20   0  428524  31584  15828 S   5.9   0.4   2:33.89 robot_state_pub
  11931 jetson    20   0  707268  63144  26432 S   5.0   0.8   2:28.11 python3
    828 message+  20   0   10496   5632   3584 S   3.5   0.1   0:47.28 dbus-daemon
    829 root      20   0  264848  18932  14872 S   3.0   0.2   0:42.97 NetworkManager
      1 root      20   0  167628  11768   7448 S   2.0   0.2   0:32.31 systemd
   2071 gdm       20   0 3471500 137260  73260 S   1.0   1.8   0:49.63 gnome-shell
 675134 root       0 -20       0      0      0 I   1.0   0.0   0:00.11 kworker/u13:4-uvcvideo
 675714 jetson    20   0   14340   3384   2772 R   1.0   0.0   0:00.07 top
     14 root      20   0       0      0      0 S   0.5   0.0   0:23.68 ksoftirqd/0
   1690 gdm        9 -11  891840  20748  12584 S   0.5   0.3   0:01.00 pulseaudio
   2141 gdm       20   0  468748   9856   7940 S   0.5   0.1   0:02.18 gsd-sharing
 100141 root      20   0       0      0      0 I   0.5   0.0   0:23.63 kworker/u12:6-events_unbound
 407770 root      20   0       0      0      0 I   0.5   0.0   0:10.66 kworker/u12:9-events_freezable_power_
 465092 root      20   0  238836   6948   5700 S   0.5   0.1   0:01.41 iio-sensor-prox
 647060 jetson    20   0   11248   3076   2756 S   0.5   0.0   0:00.38 bash
 659922 root      20   0       0      0      0 I   0.5   0.0   0:00.23 kworker/u12:5-events_freezable_power_
      2 root      20   0       0      0      0 S   0.0   0.0   0:00.03 kthreadd
      3 root       0 -20       0      0      0 I   0.0   0.0   0:00.00 rcu_gp
      4 root       0 -20       0      0      0 I   0.0   0.0   0:00.00 rcu_par_gp
      5 root       0 -20       0      0      0 I   0.0   0.0   0:00.00 slub_flushwq
      6 root       0 -20       0      0      0 I   0.0   0.0   0:00.00 netns
      8 root       0 -20       0      0      0 I   0.0   0.0   0:00.00 kworker/0:0H-events_highpri
     10 root       0 -20       0      0      0 I   0.0   0.0   0:00.00 mm_percpu_wq
     11 root      20   0       0      0      0 S   0.0   0.0   0:00.00 rcu_tasks_kthre
     12 root      20   0       0      0      0 S   0.0   0.0   0:00.00 rcu_tasks_rude_
     13 root      20   0       0      0      0 S   0.0   0.0   0:00.00 rcu_tasks_trace
     15 root      20   0       0      0      0 I   0.0   0.0   0:10.47 rcu_preempt
     16 root      rt   0       0      0      0 S   0.0   0.0   0:00.03 migration/0
     17 root      20   0       0      0      0 S   0.0   0.0   0:00.00 cpuhp/0
     18 root      20   0       0      0      0 S   0.0   0.0   0:00.00 cpuhp/1
     19 root      rt   0       0      0      0 S   0.0   0.0   0:00.03 migration/1
     20 root      20   0       0      0      0 S   0.0   0.0   0:01.73 ksoftirqd/1
     22 root       0 -20       0      0      0 I   0.0   0.0   0:00.00 kworker/1:0H-events_highpri
     23 root      20   0       0      0      0 S   0.0   0.0   0:00.00 cpuhp/2
     24 root      rt   0       0      0      0 S   0.0   0.0   0:00.02 migration/2
     25 root      20   0       0      0      0 S   0.0   0.0   0:01.73 ksoftirqd/2
     27 root       0 -20       0      0      0 I   0.0   0.0   0:00.00 kworker/2:0H-events_highpri
     28 root      20   0       0      0      0 S   0.0   0.0   0:00.00 cpuhp/3
     29 root      rt   0       0      0      0 S   0.0   0.0   0:00.02 migration/3
     30 root      20   0       0      0      0 S   0.0   0.0   0:01.63 ksoftirqd/3
     32 root       0 -20       0      0      0 I   0.0   0.0   0:00.00 kworker/3:0H-events_highpri
     33 root      20   0       0      0      0 S   0.0   0.0   0:00.00 cpuhp/4
     34 root      rt   0       0      0      0 S   0.0   0.0   0:00.07 migration/4
     35 root      20   0       0      0      0 S   0.0   0.0   0:01.22 ksoftirqd/4
     37 root       0 -20       0      0      0 I   0.0   0.0   0:00.00 kworker/4:0H-kblockd
     38 root      20   0       0      0      0 S   0.0   0.0   0:00.00 cpuhp/5
     39 root      rt   0       0      0      0 S   0.0   0.0   0:00.07 migration/5
     40 root      20   0       0      0      0 S   0.0   0.0   0:01.29 ksoftirqd/5
     42 root       0 -20       0      0      0 I   0.0   0.0   0:00.00 kworker/5:0H-events_highpri
     43 root      20   0       0      0      0 S   0.0   0.0   0:00.01 kdevtmpfs
     44 root       0 -20       0      0      0 I   0.0   0.0   0:00.00 inet_frag_wq
     51 root      20   0       0      0      0 S   0.0   0.0   0:00.00 kauditd
     52 root      20   0       0      0      0 S   0.0   0.0   0:00.00 oom_reaper
     53 root       0 -20       0      0      0 I   0.0   0.0   0:00.00 writeback
     54 root      20   0       0      0      0 S   0.0   0.0   0:00.19 kcompactd0
     55 root      25   5       0      0      0 S   0.0   0.0   0:00.00 ksmd
     56 root      39  19       0      0      0 S   0.0   0.0   0:02.10 khugepaged
     67 root       0 -20       0      0      0 I   0.0   0.0   0:00.00 cryptd
     86 root       0 -20       0      0      0 I   0.0   0.0   0:00.00 kintegrityd
     87 root       0 -20       0      0      0 I   0.0   0.0   0:00.00 kblockd
     88 root       0 -20       0      0      0 I   0.0   0.0   0:00.00 blkcg_punt_bio
     89 root       0 -20       0      0      0 I   0.0   0.0   0:00.00 tpm_dev_wq
     90 root       0 -20       0      0      0 I   0.0   0.0   0:00.00 ata_sff
     91 root       0 -20       0      0      0 I   0.0   0.0   0:00.00 edac-poller
     92 root       0 -20       0      0      0 I   0.0   0.0   0:00.00 devfreq_wq
     93 root     -51   0       0      0      0 S   0.0   0.0   0:00.00 watchdogd
     96 root       0 -20       0      0      0 I   0.0   0.0   0:00.06 kworker/1:1H-kblockd
     97 root       0 -20       0      0      0 I   0.0   0.0   0:00.00 rpciod
     99 root       0 -20       0      0      0 I   0.0   0.0   0:00.00 xprtiod
    127 root      20   0       0      0      0 S   0.0   0.0   0:00.00 kswapd0
    128 root       0 -20       0      0      0 I   0.0   0.0   0:00.00 nfsiod
    132 root       0 -20       0      0      0 I   0.0   0.0   0:00.00 vfio-irqfd-clea
    133 root       0 -20       0      0      0 I   0.0   0.0   0:00.00 bch_btree_io
    134 root       0 -20       0      0      0 I   0.0   0.0   0:00.00 bcache
    135 root       0 -20       0      0      0 I   0.0   0.0   0:00.00 bch_journal
    136 root       0 -20       0      0      0 I   0.0   0.0   0:00.00 dm_bufio_cache
    139 root      20   0       0      0      0 I   0.0   0.0   0:01.99 kworker/2:3-events
    140 root      10 -10       0      0      0 S   0.0   0.0   0:00.00 krfcommd
    141 root      20   0       0      0      0 S   0.0   0.0   0:00.01 pr/tty0
    142 root      20   0       0      0      0 S   0.0   0.0   0:03.11 pr/ttyTCU0
    145 root     -51   0       0      0      0 S   0.0   0.0   0:00.00 irq/114-3160000
    147 root     -51   0       0      0      0 S   0.0   0.0   0:00.00 irq/115-3180000
    149 root     -51   0       0      0      0 S   0.0   0.0   0:00.00 irq/116-31b0000
    150 root     -51   0       0      0      0 S   0.0   0.0   0:00.03 irq/167-c240000
    151 root     -51   0       0      0      0 S   0.0   0.0   0:00.00 irq/168-c250000
    152 root     -51   0       0      0      0 S   0.0   0.0   0:00.00 irq/125-3610000
    153 root     -51   0       0      0      0 S   0.0   0.0   0:00.00 irq/122-3610000
    155 root       0 -20       0      0      0 I   0.0   0.0   0:00.00 sdhci
    156 root     -51   0       0      0      0 S   0.0   0.0   0:00.00 irq/120-mmc0
    157 root     -51   0       0      0      0 S   0.0   0.0   0:00.00 irq/230-3400000
    174 root       0 -20       0      0      0 I   0.0   0.0   0:00.06 kworker/3:1H-kblockd
    180 root     -51   0       0      0      0 S   0.0   0.0   0:00.00 irq/191-tegra-p
    181 root       0 -20       0      0      0 I   0.0   0.0   0:00.00 nvme-wq
    182 root       0 -20       0      0      0 I   0.0   0.0   0:00.00 nvme-reset-wq
    183 root       0 -20       0      0      0 I   0.0   0.0   0:00.00 nvme-delete-wq
    192 root     -51   0       0      0      0 S   0.0   0.0   0:00.00 irq/191-aerdrv
    193 root     -51   0       0      0      0 S   0.0   0.0   0:00.00 irq/193-tegra-p
    196 root     -51   0       0      0      0 S   0.0   0.0   0:00.00 irq/193-aerdrv
    197 root     -51   0       0      0      0 S   0.0   0.0   0:00.00 irq/195-tegra-p
    199 root     -51   0       0      0      0 S   0.0   0.0   0:00.00 irq/232-nvme0q0
    200 root     -51   0       0      0      0 S   0.0   0.0   0:00.38 irq/233-nvme0q1
    201 root     -51   0       0      0      0 S   0.0   0.0   0:00.42 irq/234-nvme0q2
    202 root     -51   0       0      0      0 S   0.0   0.0   0:00.54 irq/235-nvme0q3
    203 root     -51   0       0      0      0 S   0.0   0.0   0:00.66 irq/236-nvme0q4
    204 root     -51   0       0      0      0 S   0.0   0.0   0:00.16 irq/237-nvme0q5
    205 root     -51   0       0      0      0 S   0.0   0.0   0:00.13 irq/238-nvme0q6
    211 root       0 -20       0      0      0 I   0.0   0.0   0:00.07 kworker/4:1H-kblockd
    212 root      20   0       0      0      0 S   0.0   0.0   0:01.51 jbd2/nvme0n1p1-
    213 root       0 -20       0      0      0 I   0.0   0.0   0:00.00 ext4-rsv-conver
    222 root       0 -20       0      0      0 I   0.0   0.0   0:00.00 mld
    223 root       0 -20       0      0      0 I   0.0   0.0   0:00.04 kworker/0:1H-kblockd
    224 root       0 -20       0      0      0 I   0.0   0.0   0:00.00 ipv6_addrconf
    256 root      19  -1   76560  40184  38556 S   0.0   0.5   0:30.48 systemd-journal
    278 root       0 -20       0      0      0 I   0.0   0.0   0:00.08 kworker/2:1H-kblockd
    280 root      39  19       0      0      0 S   0.0   0.0   0:01.71 nvmap-bz
    281 root     -51   0       0      0      0 S   0.0   0.0   0:00.00 irq/188-host1x_
    285 root     -51   0       0      0      0 S   0.0   0.0   0:00.00 irq/197-gk20a_s
    286 root     -51   0       0      0      0 S   0.0   0.0   0:00.03 irq/198-gk20a_s
    287 root     -51   0       0      0      0 S   0.0   0.0   0:00.03 irq/199-gk20a_s
    288 root     -51   0       0      0      0 S   0.0   0.0   0:00.00 irq/200-gk20a_n
    291 root       0 -20       0      0      0 I   0.0   0.0   0:00.06 kworker/5:1H-kblockd
    295 root      20   0   11116   3460   3204 S   0.0   0.0   0:00.00 nv-tee-supplica
    299 root      20   0   76588   1360   1248 S   0.0   0.0   0:00.01 tee-supplicant
    301 root       0 -20       0      0      0 I   0.0   0.0   0:00.00 optee_bus_scan
    303 root     -51   0       0      0      0 S   0.0   0.0   0:00.00 irq/189-tegra-p
    312 root      20   0   23732   6316   4080 S   0.0   0.1   0:27.83 systemd-udevd
    313 root     -51   0       0      0      0 S   0.0   0.0   0:00.00 irq/189-aerdrv
    314 root      20   0   23216   5832   3992 S   0.0   0.1   0:00.41 systemd-udevd
    315 root      20   0   23216   5020   3248 S   0.0   0.1   0:00.15 systemd-udevd
    316 root      20   0   23268   6252   4316 S   0.0   0.1   0:00.16 systemd-udevd
    317 root      20   0   23220   4364   2600 S   0.0   0.1   0:00.11 systemd-udevd
    318 root      20   0   23216   4480   2672 S   0.0   0.1   0:00.12 systemd-udevd
    319 root      20   0   23212   5820   3980 S   0.0   0.1   0:00.29 systemd-udevd
    320 root      20   0   23264   4688   2764 S   0.0   0.1   0:00.13 systemd-udevd
    321 root      20   0   23268   5072   3136 S   0.0   0.1   0:00.18 systemd-udevd
    322 root      20   0   23524   5520   3456 S   0.0   0.1   0:00.27 systemd-udevd
    323 root      20   0   23216   6304   4444 S   0.0   0.1   0:00.42 systemd-udevd
    324 root      20   0   23220   5196   3388 S   0.0   0.1   0:00.16 systemd-udevd
    325 root      20   0   23220   5820   3976 S   0.0   0.1   0:00.41 systemd-udevd
    326 root      20   0   23220   5256   3388 S   0.0   0.1   0:00.45 systemd-udevd
    327 root      20   0   23220   5504   3684 S   0.0   0.1   0:00.18 systemd-udevd
    330 root      20   0   23512   5728   3684 S   0.0   0.1   0:00.14 systemd-udevd
    331 root      20   0   24292   5540   2676 S   0.0   0.1   0:00.16 systemd-udevd
    333 root      20   0   23524   5596   3532 S   0.0   0.1   0:00.28 systemd-udevd
    334 root      20   0   23220   5584   3740 S   0.0   0.1   0:00.27 systemd-udevd
    335 root      20   0   23220   4504   2708 S   0.0   0.1   0:00.11 systemd-udevd
    336 root      20   0   23220   4696   2892 S   0.0   0.1   0:00.14 systemd-udevd
    337 root      20   0   23524   5056   2992 S   0.0   0.1   0:00.16 systemd-udevd
    339 root      20   0   23220   4980   3148 S   0.0   0.1   0:00.17 systemd-udevd
    340 root      20   0   23544   6732   4608 S   0.0   0.1   1:33.27 systemd-udevd
    341 root      20   0   23276   5328   3384 S   0.0   0.1   0:00.13 systemd-udevd
    342 root      20   0   23280   5176   3228 S   0.0   0.1   0:00.13 systemd-udevd
    343 root      20   0   23220   5988   4152 S   0.0   0.1   0:00.33 systemd-udevd
    344 root      20   0   23560   6700   4596 S   0.0   0.1   0:00.58 systemd-udevd
    345 root      20   0       0      0      0 S   0.0   0.0   0:00.00 15820000.crypto
    346 root      20   0       0      0      0 S   0.0   0.0   0:00.00 15840000.crypto
    368 root      20   0   23324   5984   4116 S   0.0   0.1   0:00.46 systemd-udevd
    417 root     -51   0       0      0      0 S   0.0   0.0   0:00.00 irq/219-bc00000
    419 root      -2   0       0      0      0 S   0.0   0.0   0:00.00 capture-control
    420 root      -2   0       0      0      0 S   0.0   0.0   0:00.00 capture
    422 root     -51   0       0      0      0 S   0.0   0.0   0:00.00 irq/214-tegra_d
    423 root     -51   0       0      0      0 S   0.0   0.0   0:00.00 irq/215-tegra_d
    424 root       0 -20       0      0      0 I   0.0   0.0   0:00.00 dce-async-ipc-w
    425 root     -51   0       0      0      0 S   0.0   0.0   0:00.00 irq/240-nvvrs-p
    427 root      20   0       0      0      0 S   0.0   0.0   0:00.00 nv_queue
    428 root      20   0       0      0      0 S   0.0   0.0   0:00.00 nv_queue
    483 root     -51   0       0      0      0 S   0.0   0.0   0:00.00 irq/118-3210000
    487 root      20   0       0      0      0 S   0.0   0.0   0:00.00 spi0
    495 root       0 -20       0      0      0 I   0.0   0.0   0:00.00 cfg80211
    497 root     -51   0       0      0      0 S   0.0   0.0   0:00.00 irq/119-3230000
    498 root      20   0       0      0      0 S   0.0   0.0   0:00.00 spi1
    584 root       0 -20       0      0      0 I   0.0   0.0   0:00.00 btfwwork
    650 root      20   0    8236   6424   1432 S   0.0   0.1   0:00.73 haveged
    653 _rpc      20   0    7932   2264   1912 S   0.0   0.0   0:00.04 rpcbind
    659 systemd+  20   0   26320  13580   8496 S   0.0   0.2   0:00.55 systemd-resolve
    662 systemd+  20   0   88880   6332   5484 S   0.0   0.1   0:00.15 systemd-timesyn
    826 avahi     20   0    8084   3108   2752 S   0.0   0.0   0:00.70 avahi-daemon
    827 root      20   0    9888   4552   4112 S   0.0   0.1   0:00.07 bluetoothd
    838 root      20   0   43504  19780  10232 S   0.0   0.3   0:00.15 networkd-dispat
    849 root      20   0  241652   9056   6312 S   0.0   0.1   0:00.66 power-profiles-
    854 syslog    20   0  222160   5012   3672 S   0.0   0.1   0:05.84 rsyslogd
    859 root      20   0    2240    796    720 S   0.0   0.0   0:00.00 seatd
    865 root      20   0 2145956  51924  25772 S   0.0   0.7   0:37.95 snapd
    867 root      20   0  242124   7452   6576 S   0.0   0.1   0:02.28 accounts-daemon
    869 root      20   0  238128   6232   5620 S   0.0   0.1   0:00.04 switcheroo-cont
    871 root      20   0   48968   7620   6296 S   0.0   0.1   0:04.01 systemd-logind
    874 root      20   0  394188  13988   9476 S   0.0   0.2   0:01.11 udisksd
    875 root      20   0   16632   9928   8148 S   0.0   0.1   0:01.36 wpa_supplicant
    882 avahi     20   0    7812    356      0 S   0.0   0.0   0:00.00 avahi-daemon
    904 root      rt   0       0      0      0 S   0.0   0.0   1:51.74 sugov:0
    909 root      rt   0       0      0      0 S   0.0   0.0   0:52.98 sugov:4
    921 root      30  10   11248   3612   3220 S   0.0   0.0   0:08.77 wifi_mon.sh
    983 root      20   0    2460   1556   1380 S   0.0   0.0   0:08.55 nvfancontrol
   1049 root      20   0       0      0      0 S   0.0   0.0   0:00.00 sw-quiesce
   1052 root      20   0       0      0      0 S   0.0   0.0   0:21.77 nvgpu_channel_p
   1068 root      20   0       0      0      0 S   0.0   0.0   0:00.00 nvgpu_pg_init_g
   1087 root      20   0       0      0      0 S   0.0   0.0   0:00.00 nvgpu_clk_arb_p
   1117 root      20   0       0      0      0 S   0.0   0.0   0:08.02 RTW_CMD_THREAD
   1157 root      20   0   75936   9960   8136 S   0.0   0.1   0:00.01 nvargus-daemon
   1158 root      20   0   11116   3520   3220 S   0.0   0.0   0:00.08 nvmemwarning.sh
   1171 root      20   0   22192   1776   1580 S   0.0   0.0   0:00.00 nvs-service
   1181 ollama    20   0 2006720  39588  20072 S   0.0   0.5   0:01.11 ollama
   1195 root      20   0    2336   1408   1292 S   0.0   0.0   0:01.96 run-cups-browse
   1201 root      20   0    2336   1424   1296 S   0.0   0.0   0:02.02 run-cupsd
   1204 root      20   0       0      0      0 S   0.0   0.0   0:00.00 pr/ramoops-1
   1212 root      20   0 2093336  74476  33976 S   0.0   1.0   0:42.42 containerd
   1239 root      20   0   10772   2824   2576 S   0.0   0.0   0:00.06 cron
   1259 root      20   0  243128   8056   7012 S   0.0   0.1   0:00.02 gdm3
   1263 kernoops  20   0   12812    452      0 S   0.0   0.0   0:00.02 kerneloops
   1290 root      20   0    9468    800    724 S   0.0   0.0   0:00.00 agetty
   1291 kernoops  20   0   12812    452      0 S   0.0   0.0   0:00.02 kerneloops
   1293 root      20   0    9468    804    724 S   0.0   0.0   0:00.00 agetty
   1330 root      20   0  173408   8804   7628 S   0.0   0.1   0:00.02 gdm-session-wor
   1417 root      20   0       0      0      0 S   0.0   0.0   0:00.00 file-storage
   1426 root      20   0   15272   8368   6788 S   0.0   0.1   0:00.80 sshd
   1474 gdm       20   0   18120   9728   7360 S   0.0   0.1   0:00.46 systemd
   1478 root      20   0    3076    992    880 S   0.0   0.0   0:00.00 nvphsd
   1483 root      20   0    3208   1476   1316 S   0.0   0.0   0:00.00 nvphsd
   1497 gdm       20   0  106692   4552      0 S   0.0   0.1   0:00.00 (sd-pam)
   1588 root      20   0 2353004 113512  57032 S   0.0   1.5   0:32.30 dockerd
   1688 gdm        9 -11   41972   6476   5156 S   0.0   0.1   0:00.07 pipewire
   1689 gdm       20   0   25476   6428   5104 S   0.0   0.1   0:01.81 pipewire-media-
   1695 gdm       20   0  163948   5472   4964 S   0.0   0.1   0:00.00 gdm-x-session
   1697 root      20   0   24.2g  80544  35884 S   0.0   1.0   0:02.25 Xorg
   1698 rtkit     21   1  153504   1588   1380 S   0.0   0.0   0:00.32 rtkit-daemon
   1729 gdm       20   0    8840   3600   3212 S   0.0   0.0   0:00.02 dbus-daemon
   1748 root      20   0       0      0      0 S   0.0   0.0   0:00.00 nvidia-modeset/
   1749 root      20   0       0      0      0 S   0.0   0.0   0:00.00 nvidia-modeset/
   1752 root      20   0       0      0      0 S   0.0   0.0   0:00.00 nvidia
   1753 root      20   0       0      0      0 S   0.0   0.0   0:00.00 nv_queue
   1790 root      20   0       0      0      0 S   0.0   0.0   0:00.00 nvidia-drm-nv-t
   1791 root     -51   0       0      0      0 S   0.0   0.0   0:00.00 card1-crtc0
   1792 root     -51   0       0      0      0 S   0.0   0.0   0:00.00 card1-crtc1
   1980 gdm       20   0    5876   1552   1344 S   0.0   0.0   0:00.00 dbus-run-sessio
   1983 gdm       20   0    9108   4440   3588 S   0.0   0.1   0:00.13 dbus-daemon
   2035 gdm       20   0  597840  17824  12972 S   0.0   0.2   0:01.10 gnome-session-b
   2057 gdm       20   0  310068   8976   6272 S   0.0   0.1   0:00.00 at-spi-bus-laun
   2062 gdm       20   0    8692   3556   3168 S   0.0   0.0   0:00.00 dbus-daemon
   2092 gdm       20   0  237676   4964   4528 S   0.0   0.1   0:00.00 xdg-permission-
   2099 root      20   0  243852  10136   6984 S   0.0   0.1   0:00.51 upowerd
   2106 root      20   0  301608  19332  16408 S   0.0   0.2   0:01.73 packagekitd
   2110 gdm       20   0 2812288  25716  20860 S   0.0   0.3   0:00.08 gjs
   2113 gdm       20   0  163144   7196   6428 S   0.0   0.1   0:00.02 at-spi2-registr
   2146 gdm       20   0  338880  14892  12620 S   0.0   0.2   0:00.06 gsd-wacom
   2148 gdm       20   0  451616  18896  16480 S   0.0   0.2   0:00.22 gsd-color
   2150 gdm       20   0  412392  17092  13292 S   0.0   0.2   0:00.04 gsd-keyboard
   2152 gdm       20   0  316864  13188   6244 S   0.0   0.2   0:00.10 ibus-daemon
   2156 gdm       20   0  326124   9848   8488 S   0.0   0.1   0:00.02 gsd-print-notif
   2166 gdm       20   0  242216   6512   5848 S   0.0   0.1   0:00.01 gvfsd
   2168 gdm       20   0  459796   6140   5436 S   0.0   0.1   0:00.64 gsd-rfkill
   2170 gdm       20   0  388312   7432   6528 S   0.0   0.1   0:00.01 gsd-smartcard
   2173 gdm       20   0  380556  16508  12504 S   0.0   0.2   0:00.03 gsd-datetime
   2183 gdm       20   0  864216  20108  17428 S   0.0   0.3   0:00.58 gsd-media-keys
   2184 gdm       20   0  237936   4760   4376 S   0.0   0.1   0:00.01 gsd-screensaver
   2185 gdm       20   0  322096  10392   7320 S   0.0   0.1   0:00.02 gsd-sound
   2186 gdm       20   0  312416   8104   5476 S   0.0   0.1   0:00.01 gsd-a11y-settin
   2193 gdm       20   0  313996   8944   6152 S   0.0   0.1   0:01.01 gsd-housekeepin
   2195 gdm       20   0  450004  20288  15904 S   0.0   0.3   0:00.57 gsd-power
   2218 gdm       20   0  347052  12608  10748 S   0.0   0.2   0:00.03 gsd-printer
   2221 gdm       20   0  239040   6576   5948 S   0.0   0.1   0:00.00 ibus-dconf
   2233 gdm       20   0  238936   5920   5488 S   0.0   0.1   0:00.00 ibus-portal
   2263 colord    20   0  247516  14492   8720 S   0.0   0.2   0:00.27 colord
   2285 gdm       20   0 2812300  27868  20904 S   0.0   0.4   0:00.09 gjs
   2349 gdm       20   0  165096   6516   5892 S   0.0   0.1   0:00.01 ibus-engine-sim
   2508 root      20   0  136716  13172   9512 S   0.0   0.2   0:00.73 cupsd
   2522 root      20   0  260792  17940  13508 S   0.0   0.2   0:01.72 cups-browsed
  11687 jetson    20   0   18140   9764   7368 S   0.0   0.1   0:00.37 systemd
  11688 jetson    20   0  172512   4632      0 S   0.0   0.1   0:00.00 (sd-pam)
  11696 jetson    20   0   41976   6552   5228 S   0.0   0.1   0:00.07 pipewire
  11697 jetson    20   0   25484   6724   5388 S   0.0   0.1   0:01.99 pipewire-media-
  11749 jetson    20   0    8888   4168   3672 S   0.0   0.1   0:00.03 dbus-daemon
  13234 jetson    20   0  203640  35476  13212 S   0.0   0.5   0:00.75 ros2
  13236 jetson    20   0 2070472  36080  17228 S   0.0   0.5   0:00.94 docker
  13265 root      20   0 1232976  11204   5960 S   0.0   0.1   0:02.48 containerd-shim
  13294 root      20   0   49400  29204  14412 S   0.0   0.4   0:00.40 ros2
 284193 root      20   0       0      0      0 I   0.0   0.0   0:14.57 kworker/u12:3-events_freezable_power_
 417230 root      20   0       0      0      0 I   0.0   0.0   0:09.08 kworker/u12:0-events_unbound
 418183 root       0 -20       0      0      0 I   0.0   0.0   0:16.43 kworker/u13:0-uvcvideo
 437586 root      20   0       0      0      0 I   0.0   0.0   0:07.73 kworker/u12:4-events_unbound
 481530 root       0 -20       0      0      0 I   0.0   0.0   0:10.88 kworker/u13:3-uvcvideo
 494770 root      20   0 1233488  12708   6732 S   0.0   0.2   0:12.01 containerd-shim
 494799 jetson    20   0    5508    792    704 S   0.0   0.0   0:00.21 sleep
 494866 root      20   0   21760   5464   3940 S   0.0   0.1   0:04.78 systemd-udevd
 494879 root      20   0   21756   3352   1840 S   0.0   0.0   0:01.00 systemd-udevd
 513219 root      20   0   21752   3996   2468 S   0.0   0.1   0:00.00 systemd-udevd
 513220 root      20   0   21760   3388   1868 S   0.0   0.0   0:00.00 systemd-udevd
 513233 root      20   0   21760   3392   1868 S   0.0   0.0   0:00.00 systemd-udevd
 513234 root      20   0   21760   3356   1840 S   0.0   0.0   0:00.00 systemd-udevd
 513235 root      20   0   21760   3996   2468 S   0.0   0.1   0:00.01 systemd-udevd
 513236 root      20   0   21760   3384   1868 S   0.0   0.0   0:00.00 systemd-udevd
 513237 root      20   0   21760   4188   2660 S   0.0   0.1   0:00.00 systemd-udevd
 513250 root      20   0   21760   4432   2868 S   0.0   0.1   0:08.40 systemd-udevd
 513251 root      20   0   21760   3840   2288 S   0.0   0.0   0:00.00 systemd-udevd
 513265 root      20   0   21760   4056   2496 S   0.0   0.1   0:00.01 systemd-udevd
 513266 root      20   0   21760   4052   2496 S   0.0   0.1   0:00.01 systemd-udevd
 538507 root      20   0       0      0      0 I   0.0   0.0   0:00.28 kworker/0:0-events
 562560 root      20   0       0      0      0 I   0.0   0.0   0:02.65 kworker/u12:1-events_unbound
 576600 root      20   0       0      0      0 I   0.0   0.0   0:00.40 kworker/3:0-events
 576909 root      20   0       0      0      0 I   0.0   0.0   0:00.08 kworker/4:1-events
 582730 root      20   0       0      0      0 I   0.0   0.0   0:02.40 kworker/u12:2-events_unbound
 589172 root      20   0       0      0      0 I   0.0   0.0   0:02.14 kworker/u12:10-events_freezable_power_
 591089 root       0 -20       0      0      0 I   0.0   0.0   0:04.22 kworker/u13:1-uvcvideo
 602672 root      20   0       0      0      0 I   0.0   0.0   0:00.14 kworker/1:3-events
 621531 root      20   0       0      0      0 I   0.0   0.0   0:00.11 kworker/5:2-events
 622272 root      20   0       0      0      0 I   0.0   0.0   0:01.24 kworker/u12:7-events_unbound
 642140 root      20   0       0      0      0 I   0.0   0.0   0:00.94 kworker/u12:8-events_freezable_power_
 645581 root      20   0       0      0      0 I   0.0   0.0   0:00.04 kworker/1:2-events
 645980 root      20   0       0      0      0 I   0.0   0.0   0:00.07 kworker/5:0-events
 646577 jetson    20   0  572504  38828  13216 R   0.0   0.5   0:00.85 ros2
 646880 jetson    20   0  129772  34676  13228 S   0.0   0.4   0:00.69 ros2
 646995 jetson    20   0  796968  40104  13228 S   0.0   0.5   0:01.35 ros2
 647156 jetson    20   0   53568  30344  15012 S   0.0   0.4   0:00.41 ros2
 647161 root      20   0       0      0      0 I   0.0   0.0   0:00.00 kworker/3:1-events
 651818 root      20   0       0      0      0 I   0.0   0.0   0:00.05 kworker/4:0-events
 651861 root      20   0       0      0      0 I   0.0   0.0   0:00.00 kworker/2:0-events
 651906 root      20   0       0      0      0 I   0.0   0.0   0:00.00 kworker/0:2-events
 660558 root      20   0       0      0      0 I   0.0   0.0   0:00.04 kworker/1:0-mm_percpu_wq
 660666 root       0 -20       0      0      0 I   0.0   0.0   0:01.46 kworker/u13:2-uvcvideo
 663616 root      20   0    9436    784    704 S   0.0   0.0   0:00.00 sleep
 670335 root      20   0       0      0      0 I   0.0   0.0   0:00.00 kworker/2:1-cgroup_destroy
 670336 root      20   0       0      0      0 I   0.0   0.0   0:00.00 kworker/2:2-cgroup_destroy
 670384 root      20   0       0      0      0 I   0.0   0.0   0:00.00 kworker/0:1
 670511 root      20   0       0      0      0 I   0.0   0.0   0:00.00 kworker/3:2-cgroup_destroy
 670512 root      20   0       0      0      0 I   0.0   0.0   0:00.00 kworker/3:3
 672581 root      20   0       0      0      0 I   0.0   0.0   0:00.01 kworker/5:1-events
 672816 jetson    20   0   11248   3308   2868 S   0.0   0.0   0:00.04 bash
 675167 root      30  10    9436    780    704 S   0.0   0.0   0:00.00 sleep
 675625 jetson    20   0   11248   3300   2868 S   0.0   0.0   0:00.01 bash
 675715 jetson    20   0    2872    884    788 S   0.0   0.0   0:00.01 tegrastats
 675913 jetson    20   0    9480    808    724 S   0.0   0.0   0:00.00 tail

top - 16:10:37 up  6:33,  0 users,  load average: 8.78, 6.90, 6.65
Tasks: 353 total,   4 running, 349 sleeping,   0 stopped,   0 zombie
%Cpu(s): 35.7 us, 26.7 sy,  0.0 ni, 29.7 id,  0.0 wa,  3.1 hi,  4.8 si,  0.0 st
MiB Mem :   7607.4 total,   2308.2 free,   2217.8 used,   3081.4 buff/cache
MiB Swap:   3803.7 total,   3803.7 free,      0.0 used.   5072.7 avail Mem 

    PID USER      PR  NI    VIRT    RES    SHR S  %CPU  %MEM     TIME+ COMMAND
  13320 root      20   0 1300496  44680  11392 S  35.9   0.6  32:31.80 micro_ros_agent
 646802 jetson    20   0  709060  61196  27276 R  33.0   0.8   3:30.05 python3
 647181 jetson    20   0 9356228 409196  87560 S  23.9   5.3   1:34.81 nvblox_node
 675713 jetson    20   0  763620  53952  25376 S  23.9   0.7   0:02.44 ros2
 647007 jetson    20   0  457048  46196  26216 S  19.6   0.6   0:57.97 bt_navigator
 646579 jetson    20   0 1748420 106436  51428 S  19.1   1.4   1:26.28 realsense2_came
 675912 jetson    20   0  750836  70772  28996 R  18.2   0.9   0:01.77 python3
 646583 jetson    20   0  432976  25268  14224 S  17.2   0.3   1:36.56 rplidar_node
 647058 jetson    20   0  577528  31320  16252 S  15.3   0.4   1:04.49 lifecycle_manag
 646804 jetson    20   0  506340  30580  18340 S  14.4   0.4   1:08.35 ekf_node
 646999 jetson    20   0  889332  46156  23520 S  14.4   0.6   1:02.23 controller_serv
 647005 jetson    20   0  516440  34888  21032 S  13.9   0.4   0:46.86 behavior_server
 647003 jetson    20   0  988740  68452  24680 S  13.4   0.9   0:58.97 planner_server
 646585 jetson    20   0  707980  60916  27388 R  12.9   0.8   0:55.44 python3
 647001 jetson    20   0  582500  31856  18840 S  11.0   0.4   0:40.00 smoother_server
 646997 jetson    20   0  709524  61632  27392 S   9.6   0.8   0:30.50 python3
 647056 jetson    20   0  428696  29132  15944 S   9.1   0.4   0:33.58 velocity_smooth
 646587 jetson    20   0 1082604  58436  26340 S   8.6   0.8   0:27.18 foxglove_bridge
 647025 jetson    20   0  431396  28940  17020 S   8.6   0.4   0:34.23 waypoint_follow
 646581 jetson    20   0  709380  64256  27276 S   8.1   0.8   0:30.54 python3
 646882 jetson    20   0  903104  52000  24060 S   7.7   0.7   0:25.52 async_slam_tool
  11931 jetson    20   0  707268  63144  26432 S   5.7   0.8   2:28.23 python3
  13238 jetson    20   0  428524  31584  15828 S   5.7   0.4   2:34.01 robot_state_pub
   1588 root      20   0 2353004 113512  57032 S   1.4   1.5   0:32.33 dockerd
 675134 root       0 -20       0      0      0 I   1.0   0.0   0:00.13 kworker/u13:4-uvcvideo
 675714 jetson    20   0   14340   3384   2772 R   1.0   0.0   0:00.09 top
     15 root      20   0       0      0      0 I   0.5   0.0   0:10.48 rcu_preempt
    340 root      20   0   23544   6732   4608 S   0.5   0.1   1:33.28 systemd-udevd
    854 syslog    20   0  222160   5012   3672 S   0.5   0.1   0:05.85 rsyslogd
    904 root      rt   0       0      0      0 S   0.5   0.0   1:51.75 sugov:0
    909 root      rt   0       0      0      0 S   0.5   0.0   0:52.99 sugov:4
    921 root      30  10   11248   3612   3220 S   0.5   0.0   0:08.78 wifi_mon.sh
   1212 root      20   0 2093336  74476  33976 S   0.5   1.0   0:42.43 containerd
 407770 root      20   0       0      0      0 I   0.5   0.0   0:10.67 kworker/u12:9-events_unbound
 513250 root      20   0   21760   4432   2868 S   0.5   0.1   0:08.41 systemd-udevd
 538507 root      20   0       0      0      0 I   0.5   0.0   0:00.29 kworker/0:0-events
 642140 root      20   0       0      0      0 I   0.5   0.0   0:00.95 kworker/u12:8-events_unbound
      1 root      20   0  167628  11768   7448 S   0.0   0.2   0:32.31 systemd
      2 root      20   0       0      0      0 S   0.0   0.0   0:00.03 kthreadd
      3 root       0 -20       0      0      0 I   0.0   0.0   0:00.00 rcu_gp
      4 root       0 -20       0      0      0 I   0.0   0.0   0:00.00 rcu_par_gp
      5 root       0 -20       0      0      0 I   0.0   0.0   0:00.00 slub_flushwq
      6 root       0 -20       0      0      0 I   0.0   0.0   0:00.00 netns
      8 root       0 -20       0      0      0 I   0.0   0.0   0:00.00 kworker/0:0H-events_highpri
     10 root       0 -20       0      0      0 I   0.0   0.0   0:00.00 mm_percpu_wq
     11 root      20   0       0      0      0 S   0.0   0.0   0:00.00 rcu_tasks_kthre
     12 root      20   0       0      0      0 S   0.0   0.0   0:00.00 rcu_tasks_rude_
     13 root      20   0       0      0      0 S   0.0   0.0   0:00.00 rcu_tasks_trace
     14 root      20   0       0      0      0 S   0.0   0.0   0:23.68 ksoftirqd/0
     16 root      rt   0       0      0      0 S   0.0   0.0   0:00.03 migration/0
     17 root      20   0       0      0      0 S   0.0   0.0   0:00.00 cpuhp/0
     18 root      20   0       0      0      0 S   0.0   0.0   0:00.00 cpuhp/1
     19 root      rt   0       0      0      0 S   0.0   0.0   0:00.03 migration/1
     20 root      20   0       0      0      0 S   0.0   0.0   0:01.73 ksoftirqd/1
     22 root       0 -20       0      0      0 I   0.0   0.0   0:00.00 kworker/1:0H-events_highpri
     23 root      20   0       0      0      0 S   0.0   0.0   0:00.00 cpuhp/2
     24 root      rt   0       0      0      0 S   0.0   0.0   0:00.02 migration/2
     25 root      20   0       0      0      0 S   0.0   0.0   0:01.73 ksoftirqd/2
     27 root       0 -20       0      0      0 I   0.0   0.0   0:00.00 kworker/2:0H-events_highpri
     28 root      20   0       0      0      0 S   0.0   0.0   0:00.00 cpuhp/3
     29 root      rt   0       0      0      0 S   0.0   0.0   0:00.02 migration/3
     30 root      20   0       0      0      0 S   0.0   0.0   0:01.63 ksoftirqd/3
     32 root       0 -20       0      0      0 I   0.0   0.0   0:00.00 kworker/3:0H-events_highpri
     33 root      20   0       0      0      0 S   0.0   0.0   0:00.00 cpuhp/4
     34 root      rt   0       0      0      0 S   0.0   0.0   0:00.07 migration/4
     35 root      20   0       0      0      0 S   0.0   0.0   0:01.22 ksoftirqd/4
     37 root       0 -20       0      0      0 I   0.0   0.0   0:00.00 kworker/4:0H-kblockd
     38 root      20   0       0      0      0 S   0.0   0.0   0:00.00 cpuhp/5
     39 root      rt   0       0      0      0 S   0.0   0.0   0:00.07 migration/5
     40 root      20   0       0      0      0 S   0.0   0.0   0:01.29 ksoftirqd/5
     42 root       0 -20       0      0      0 I   0.0   0.0   0:00.00 kworker/5:0H-events_highpri
     43 root      20   0       0      0      0 S   0.0   0.0   0:00.01 kdevtmpfs
     44 root       0 -20       0      0      0 I   0.0   0.0   0:00.00 inet_frag_wq
     51 root      20   0       0      0      0 S   0.0   0.0   0:00.00 kauditd
     52 root      20   0       0      0      0 S   0.0   0.0   0:00.00 oom_reaper
     53 root       0 -20       0      0      0 I   0.0   0.0   0:00.00 writeback
     54 root      20   0       0      0      0 S   0.0   0.0   0:00.19 kcompactd0
     55 root      25   5       0      0      0 S   0.0   0.0   0:00.00 ksmd
     56 root      39  19       0      0      0 S   0.0   0.0   0:02.10 khugepaged
     67 root       0 -20       0      0      0 I   0.0   0.0   0:00.00 cryptd
     86 root       0 -20       0      0      0 I   0.0   0.0   0:00.00 kintegrityd
     87 root       0 -20       0      0      0 I   0.0   0.0   0:00.00 kblockd
     88 root       0 -20       0      0      0 I   0.0   0.0   0:00.00 blkcg_punt_bio
     89 root       0 -20       0      0      0 I   0.0   0.0   0:00.00 tpm_dev_wq
     90 root       0 -20       0      0      0 I   0.0   0.0   0:00.00 ata_sff
     91 root       0 -20       0      0      0 I   0.0   0.0   0:00.00 edac-poller
     92 root       0 -20       0      0      0 I   0.0   0.0   0:00.00 devfreq_wq
     93 root     -51   0       0      0      0 S   0.0   0.0   0:00.00 watchdogd
     96 root       0 -20       0      0      0 I   0.0   0.0   0:00.06 kworker/1:1H-kblockd
     97 root       0 -20       0      0      0 I   0.0   0.0   0:00.00 rpciod
     99 root       0 -20       0      0      0 I   0.0   0.0   0:00.00 xprtiod
    127 root      20   0       0      0      0 S   0.0   0.0   0:00.00 kswapd0
    128 root       0 -20       0      0      0 I   0.0   0.0   0:00.00 nfsiod
    132 root       0 -20       0      0      0 I   0.0   0.0   0:00.00 vfio-irqfd-clea
    133 root       0 -20       0      0      0 I   0.0   0.0   0:00.00 bch_btree_io
    134 root       0 -20       0      0      0 I   0.0   0.0   0:00.00 bcache
    135 root       0 -20       0      0      0 I   0.0   0.0   0:00.00 bch_journal
    136 root       0 -20       0      0      0 I   0.0   0.0   0:00.00 dm_bufio_cache
    139 root      20   0       0      0      0 I   0.0   0.0   0:01.99 kworker/2:3-events
    140 root      10 -10       0      0      0 S   0.0   0.0   0:00.00 krfcommd
    141 root      20   0       0      0      0 S   0.0   0.0   0:00.01 pr/tty0
    142 root      20   0       0      0      0 S   0.0   0.0   0:03.11 pr/ttyTCU0
    145 root     -51   0       0      0      0 S   0.0   0.0   0:00.00 irq/114-3160000
    147 root     -51   0       0      0      0 S   0.0   0.0   0:00.00 irq/115-3180000
    149 root     -51   0       0      0      0 S   0.0   0.0   0:00.00 irq/116-31b0000
    150 root     -51   0       0      0      0 S   0.0   0.0   0:00.03 irq/167-c240000
    151 root     -51   0       0      0      0 S   0.0   0.0   0:00.00 irq/168-c250000
    152 root     -51   0       0      0      0 S   0.0   0.0   0:00.00 irq/125-3610000
    153 root     -51   0       0      0      0 S   0.0   0.0   0:00.00 irq/122-3610000
    155 root       0 -20       0      0      0 I   0.0   0.0   0:00.00 sdhci
    156 root     -51   0       0      0      0 S   0.0   0.0   0:00.00 irq/120-mmc0
    157 root     -51   0       0      0      0 S   0.0   0.0   0:00.00 irq/230-3400000
    174 root       0 -20       0      0      0 I   0.0   0.0   0:00.06 kworker/3:1H-kblockd
    180 root     -51   0       0      0      0 S   0.0   0.0   0:00.00 irq/191-tegra-p
    181 root       0 -20       0      0      0 I   0.0   0.0   0:00.00 nvme-wq
    182 root       0 -20       0      0      0 I   0.0   0.0   0:00.00 nvme-reset-wq
    183 root       0 -20       0      0      0 I   0.0   0.0   0:00.00 nvme-delete-wq
    192 root     -51   0       0      0      0 S   0.0   0.0   0:00.00 irq/191-aerdrv
    193 root     -51   0       0      0      0 S   0.0   0.0   0:00.00 irq/193-tegra-p
    196 root     -51   0       0      0      0 S   0.0   0.0   0:00.00 irq/193-aerdrv
    197 root     -51   0       0      0      0 S   0.0   0.0   0:00.00 irq/195-tegra-p
    199 root     -51   0       0      0      0 S   0.0   0.0   0:00.00 irq/232-nvme0q0
    200 root     -51   0       0      0      0 S   0.0   0.0   0:00.38 irq/233-nvme0q1
    201 root     -51   0       0      0      0 S   0.0   0.0   0:00.42 irq/234-nvme0q2
    202 root     -51   0       0      0      0 S   0.0   0.0   0:00.54 irq/235-nvme0q3
    203 root     -51   0       0      0      0 S   0.0   0.0   0:00.66 irq/236-nvme0q4
    204 root     -51   0       0      0      0 S   0.0   0.0   0:00.16 irq/237-nvme0q5
    205 root     -51   0       0      0      0 S   0.0   0.0   0:00.13 irq/238-nvme0q6
    211 root       0 -20       0      0      0 I   0.0   0.0   0:00.07 kworker/4:1H-kblockd
    212 root      20   0       0      0      0 S   0.0   0.0   0:01.51 jbd2/nvme0n1p1-
    213 root       0 -20       0      0      0 I   0.0   0.0   0:00.00 ext4-rsv-conver
    222 root       0 -20       0      0      0 I   0.0   0.0   0:00.00 mld
    223 root       0 -20       0      0      0 I   0.0   0.0   0:00.04 kworker/0:1H-kblockd
    224 root       0 -20       0      0      0 I   0.0   0.0   0:00.00 ipv6_addrconf
    256 root      19  -1   76560  40184  38556 S   0.0   0.5   0:30.48 systemd-journal
    278 root       0 -20       0      0      0 I   0.0   0.0   0:00.08 kworker/2:1H-kblockd
    280 root      39  19       0      0      0 S   0.0   0.0   0:01.71 nvmap-bz
    281 root     -51   0       0      0      0 S   0.0   0.0   0:00.00 irq/188-host1x_
    285 root     -51   0       0      0      0 S   0.0   0.0   0:00.00 irq/197-gk20a_s
    286 root     -51   0       0      0      0 S   0.0   0.0   0:00.03 irq/198-gk20a_s
    287 root     -51   0       0      0      0 S   0.0   0.0   0:00.03 irq/199-gk20a_s
    288 root     -51   0       0      0      0 S   0.0   0.0   0:00.00 irq/200-gk20a_n
    291 root       0 -20       0      0      0 I   0.0   0.0   0:00.06 kworker/5:1H-kblockd
    295 root      20   0   11116   3460   3204 S   0.0   0.0   0:00.00 nv-tee-supplica
    299 root      20   0   76588   1360   1248 S   0.0   0.0   0:00.01 tee-supplicant
    301 root       0 -20       0      0      0 I   0.0   0.0   0:00.00 optee_bus_scan
    303 root     -51   0       0      0      0 S   0.0   0.0   0:00.00 irq/189-tegra-p
    312 root      20   0   23732   6316   4080 S   0.0   0.1   0:27.83 systemd-udevd
    313 root     -51   0       0      0      0 S   0.0   0.0   0:00.00 irq/189-aerdrv
    314 root      20   0   23216   5832   3992 S   0.0   0.1   0:00.41 systemd-udevd
    315 root      20   0   23216   5020   3248 S   0.0   0.1   0:00.15 systemd-udevd
    316 root      20   0   23268   6252   4316 S   0.0   0.1   0:00.16 systemd-udevd
    317 root      20   0   23220   4364   2600 S   0.0   0.1   0:00.11 systemd-udevd
    318 root      20   0   23216   4480   2672 S   0.0   0.1   0:00.12 systemd-udevd
    319 root      20   0   23212   5820   3980 S   0.0   0.1   0:00.29 systemd-udevd
    320 root      20   0   23264   4688   2764 S   0.0   0.1   0:00.13 systemd-udevd
    321 root      20   0   23268   5072   3136 S   0.0   0.1   0:00.18 systemd-udevd
    322 root      20   0   23524   5520   3456 S   0.0   0.1   0:00.27 systemd-udevd
    323 root      20   0   23216   6304   4444 S   0.0   0.1   0:00.42 systemd-udevd
    324 root      20   0   23220   5196   3388 S   0.0   0.1   0:00.16 systemd-udevd
    325 root      20   0   23220   5820   3976 S   0.0   0.1   0:00.41 systemd-udevd
    326 root      20   0   23220   5256   3388 S   0.0   0.1   0:00.45 systemd-udevd
    327 root      20   0   23220   5504   3684 S   0.0   0.1   0:00.18 systemd-udevd
    330 root      20   0   23512   5728   3684 S   0.0   0.1   0:00.14 systemd-udevd
    331 root      20   0   24292   5540   2676 S   0.0   0.1   0:00.16 systemd-udevd
    333 root      20   0   23524   5596   3532 S   0.0   0.1   0:00.28 systemd-udevd
    334 root      20   0   23220   5584   3740 S   0.0   0.1   0:00.27 systemd-udevd
    335 root      20   0   23220   4504   2708 S   0.0   0.1   0:00.11 systemd-udevd
    336 root      20   0   23220   4696   2892 S   0.0   0.1   0:00.14 systemd-udevd
    337 root      20   0   23524   5056   2992 S   0.0   0.1   0:00.16 systemd-udevd
    339 root      20   0   23220   4980   3148 S   0.0   0.1   0:00.17 systemd-udevd
    341 root      20   0   23276   5328   3384 S   0.0   0.1   0:00.13 systemd-udevd
    342 root      20   0   23280   5176   3228 S   0.0   0.1   0:00.13 systemd-udevd
    343 root      20   0   23220   5988   4152 S   0.0   0.1   0:00.33 systemd-udevd
    344 root      20   0   23560   6700   4596 S   0.0   0.1   0:00.58 systemd-udevd
    345 root      20   0       0      0      0 S   0.0   0.0   0:00.00 15820000.crypto
    346 root      20   0       0      0      0 S   0.0   0.0   0:00.00 15840000.crypto
    368 root      20   0   23324   5984   4116 S   0.0   0.1   0:00.46 systemd-udevd
    417 root     -51   0       0      0      0 S   0.0   0.0   0:00.00 irq/219-bc00000
    419 root      -2   0       0      0      0 S   0.0   0.0   0:00.00 capture-control
    420 root      -2   0       0      0      0 S   0.0   0.0   0:00.00 capture
    422 root     -51   0       0      0      0 S   0.0   0.0   0:00.00 irq/214-tegra_d
    423 root     -51   0       0      0      0 S   0.0   0.0   0:00.00 irq/215-tegra_d
    424 root       0 -20       0      0      0 I   0.0   0.0   0:00.00 dce-async-ipc-w
    425 root     -51   0       0      0      0 S   0.0   0.0   0:00.00 irq/240-nvvrs-p
    427 root      20   0       0      0      0 S   0.0   0.0   0:00.00 nv_queue
    428 root      20   0       0      0      0 S   0.0   0.0   0:00.00 nv_queue
    483 root     -51   0       0      0      0 S   0.0   0.0   0:00.00 irq/118-3210000
    487 root      20   0       0      0      0 S   0.0   0.0   0:00.00 spi0
    495 root       0 -20       0      0      0 I   0.0   0.0   0:00.00 cfg80211
    497 root     -51   0       0      0      0 S   0.0   0.0   0:00.00 irq/119-3230000
    498 root      20   0       0      0      0 S   0.0   0.0   0:00.00 spi1
    584 root       0 -20       0      0      0 I   0.0   0.0   0:00.00 btfwwork
    650 root      20   0    8236   6424   1432 S   0.0   0.1   0:00.73 haveged
    653 _rpc      20   0    7932   2264   1912 S   0.0   0.0   0:00.04 rpcbind
    659 systemd+  20   0   26320  13580   8496 S   0.0   0.2   0:00.55 systemd-resolve
    662 systemd+  20   0   88880   6332   5484 S   0.0   0.1   0:00.15 systemd-timesyn
    826 avahi     20   0    8084   3108   2752 S   0.0   0.0   0:00.70 avahi-daemon
    827 root      20   0    9888   4552   4112 S   0.0   0.1   0:00.07 bluetoothd
    828 message+  20   0   10496   5632   3584 S   0.0   0.1   0:47.28 dbus-daemon
    829 root      20   0  264848  18932  14872 S   0.0   0.2   0:42.97 NetworkManager
    838 root      20   0   43504  19780  10232 S   0.0   0.3   0:00.15 networkd-dispat
    849 root      20   0  241652   9056   6312 S   0.0   0.1   0:00.66 power-profiles-
    859 root      20   0    2240    796    720 S   0.0   0.0   0:00.00 seatd
    865 root      20   0 2145956  51924  25772 S   0.0   0.7   0:37.95 snapd
    867 root      20   0  242124   7452   6576 S   0.0   0.1   0:02.28 accounts-daemon
    869 root      20   0  238128   6232   5620 S   0.0   0.1   0:00.04 switcheroo-cont
    871 root      20   0   48968   7620   6296 S   0.0   0.1   0:04.01 systemd-logind
    874 root      20   0  394188  13988   9476 S   0.0   0.2   0:01.11 udisksd
    875 root      20   0   16632   9928   8148 S   0.0   0.1   0:01.36 wpa_supplicant
    882 avahi     20   0    7812    356      0 S   0.0   0.0   0:00.00 avahi-daemon
    969 root      20   0  237044  10468   6400 S   0.0   0.1   3:27.21 polkitd
    983 root      20   0    2460   1556   1380 S   0.0   0.0   0:08.55 nvfancontrol
   1049 root      20   0       0      0      0 S   0.0   0.0   0:00.00 sw-quiesce
   1052 root      20   0       0      0      0 S   0.0   0.0   0:21.77 nvgpu_channel_p
   1068 root      20   0       0      0      0 S   0.0   0.0   0:00.00 nvgpu_pg_init_g
   1087 root      20   0       0      0      0 S   0.0   0.0   0:00.00 nvgpu_clk_arb_p
   1117 root      20   0       0      0      0 S   0.0   0.0   0:08.02 RTW_CMD_THREAD
   1157 root      20   0   75936   9960   8136 S   0.0   0.1   0:00.01 nvargus-daemon
   1158 root      20   0   11116   3520   3220 S   0.0   0.0   0:00.08 nvmemwarning.sh
   1171 root      20   0   22192   1776   1580 S   0.0   0.0   0:00.00 nvs-service
   1181 ollama    20   0 2006720  39588  20072 S   0.0   0.5   0:01.11 ollama
   1195 root      20   0    2336   1408   1292 S   0.0   0.0   0:01.96 run-cups-browse
   1201 root      20   0    2336   1424   1296 S   0.0   0.0   0:02.02 run-cupsd
   1204 root      20   0       0      0      0 S   0.0   0.0   0:00.00 pr/ramoops-1
   1239 root      20   0   10772   2824   2576 S   0.0   0.0   0:00.06 cron
   1259 root      20   0  243128   8056   7012 S   0.0   0.1   0:00.02 gdm3
   1263 kernoops  20   0   12812    452      0 S   0.0   0.0   0:00.02 kerneloops
   1290 root      20   0    9468    800    724 S   0.0   0.0   0:00.00 agetty
   1291 kernoops  20   0   12812    452      0 S   0.0   0.0   0:00.02 kerneloops
   1293 root      20   0    9468    804    724 S   0.0   0.0   0:00.00 agetty
   1330 root      20   0  173408   8804   7628 S   0.0   0.1   0:00.02 gdm-session-wor
   1417 root      20   0       0      0      0 S   0.0   0.0   0:00.00 file-storage
   1426 root      20   0   15272   8368   6788 S   0.0   0.1   0:00.80 sshd
   1474 gdm       20   0   18120   9728   7360 S   0.0   0.1   0:00.46 systemd
   1478 root      20   0    3076    992    880 S   0.0   0.0   0:00.00 nvphsd
   1483 root      20   0    3208   1476   1316 S   0.0   0.0   0:00.00 nvphsd
   1497 gdm       20   0  106692   4552      0 S   0.0   0.1   0:00.00 (sd-pam)
   1688 gdm        9 -11   41972   6476   5156 S   0.0   0.1   0:00.07 pipewire
   1689 gdm       20   0   25476   6428   5104 S   0.0   0.1   0:01.81 pipewire-media-
   1690 gdm        9 -11  891840  20748  12584 S   0.0   0.3   0:01.00 pulseaudio
   1695 gdm       20   0  163948   5472   4964 S   0.0   0.1   0:00.00 gdm-x-session
   1697 root      20   0   24.2g  80544  35884 S   0.0   1.0   0:02.25 Xorg
   1698 rtkit     21   1  153504   1588   1380 S   0.0   0.0   0:00.32 rtkit-daemon
   1729 gdm       20   0    8840   3600   3212 S   0.0   0.0   0:00.02 dbus-daemon
   1748 root      20   0       0      0      0 S   0.0   0.0   0:00.00 nvidia-modeset/
   1749 root      20   0       0      0      0 S   0.0   0.0   0:00.00 nvidia-modeset/
   1752 root      20   0       0      0      0 S   0.0   0.0   0:00.00 nvidia
   1753 root      20   0       0      0      0 S   0.0   0.0   0:00.00 nv_queue
   1790 root      20   0       0      0      0 S   0.0   0.0   0:00.00 nvidia-drm-nv-t
   1791 root     -51   0       0      0      0 S   0.0   0.0   0:00.00 card1-crtc0
   1792 root     -51   0       0      0      0 S   0.0   0.0   0:00.00 card1-crtc1
   1980 gdm       20   0    5876   1552   1344 S   0.0   0.0   0:00.00 dbus-run-sessio
   1983 gdm       20   0    9108   4440   3588 S   0.0   0.1   0:00.13 dbus-daemon
   2035 gdm       20   0  597840  17824  12972 S   0.0   0.2   0:01.10 gnome-session-b
   2057 gdm       20   0  310068   8976   6272 S   0.0   0.1   0:00.00 at-spi-bus-laun
   2062 gdm       20   0    8692   3556   3168 S   0.0   0.0   0:00.00 dbus-daemon
   2071 gdm       20   0 3471500 137260  73260 S   0.0   1.8   0:49.63 gnome-shell
   2092 gdm       20   0  237676   4964   4528 S   0.0   0.1   0:00.00 xdg-permission-
   2099 root      20   0  243852  10136   6984 S   0.0   0.1   0:00.51 upowerd
   2106 root      20   0  301608  19332  16408 S   0.0   0.2   0:01.73 packagekitd
   2110 gdm       20   0 2812288  25716  20860 S   0.0   0.3   0:00.08 gjs
   2113 gdm       20   0  163144   7196   6428 S   0.0   0.1   0:00.02 at-spi2-registr
   2141 gdm       20   0  468748   9856   7940 S   0.0   0.1   0:02.18 gsd-sharing
   2146 gdm       20   0  338880  14892  12620 S   0.0   0.2   0:00.06 gsd-wacom
   2148 gdm       20   0  451616  18896  16480 S   0.0   0.2   0:00.22 gsd-color
   2150 gdm       20   0  412392  17092  13292 S   0.0   0.2   0:00.04 gsd-keyboard
   2152 gdm       20   0  316864  13188   6244 S   0.0   0.2   0:00.10 ibus-daemon
   2156 gdm       20   0  326124   9848   8488 S   0.0   0.1   0:00.02 gsd-print-notif
   2166 gdm       20   0  242216   6512   5848 S   0.0   0.1   0:00.01 gvfsd
   2168 gdm       20   0  459796   6140   5436 S   0.0   0.1   0:00.64 gsd-rfkill
   2170 gdm       20   0  388312   7432   6528 S   0.0   0.1   0:00.01 gsd-smartcard
   2173 gdm       20   0  380556  16508  12504 S   0.0   0.2   0:00.03 gsd-datetime
   2183 gdm       20   0  864216  20108  17428 S   0.0   0.3   0:00.58 gsd-media-keys
   2184 gdm       20   0  237936   4760   4376 S   0.0   0.1   0:00.01 gsd-screensaver
   2185 gdm       20   0  322096  10392   7320 S   0.0   0.1   0:00.02 gsd-sound
   2186 gdm       20   0  312416   8104   5476 S   0.0   0.1   0:00.01 gsd-a11y-settin
   2193 gdm       20   0  313996   8944   6152 S   0.0   0.1   0:01.01 gsd-housekeepin
   2195 gdm       20   0  450004  20288  15904 S   0.0   0.3   0:00.57 gsd-power
   2218 gdm       20   0  347052  12608  10748 S   0.0   0.2   0:00.03 gsd-printer
   2221 gdm       20   0  239040   6576   5948 S   0.0   0.1   0:00.00 ibus-dconf
   2233 gdm       20   0  238936   5920   5488 S   0.0   0.1   0:00.00 ibus-portal
   2263 colord    20   0  247516  14492   8720 S   0.0   0.2   0:00.27 colord
   2285 gdm       20   0 2812300  27868  20904 S   0.0   0.4   0:00.09 gjs
   2349 gdm       20   0  165096   6516   5892 S   0.0   0.1   0:00.01 ibus-engine-sim
   2508 root      20   0  136716  13172   9512 S   0.0   0.2   0:00.73 cupsd
   2522 root      20   0  260792  17940  13508 S   0.0   0.2   0:01.72 cups-browsed
  11687 jetson    20   0   18140   9764   7368 S   0.0   0.1   0:00.37 systemd
  11688 jetson    20   0  172512   4632      0 S   0.0   0.1   0:00.00 (sd-pam)
  11696 jetson    20   0   41976   6552   5228 S   0.0   0.1   0:00.07 pipewire
  11697 jetson    20   0   25484   6724   5388 S   0.0   0.1   0:01.99 pipewire-media-
  11749 jetson    20   0    8888   4168   3672 S   0.0   0.1   0:00.03 dbus-daemon
  13234 jetson    20   0  203640  35476  13212 S   0.0   0.5   0:00.75 ros2
  13236 jetson    20   0 2070472  36080  17228 S   0.0   0.5   0:00.94 docker
  13265 root      20   0 1232976  11204   5960 S   0.0   0.1   0:02.48 containerd-shim
  13294 root      20   0   49400  29204  14412 S   0.0   0.4   0:00.40 ros2
 100141 root      20   0       0      0      0 I   0.0   0.0   0:23.63 kworker/u12:6-events_freezable_power_
 284193 root      20   0       0      0      0 I   0.0   0.0   0:14.57 kworker/u12:3-events_unbound
 417230 root      20   0       0      0      0 I   0.0   0.0   0:09.08 kworker/u12:0-events_unbound
 418183 root       0 -20       0      0      0 I   0.0   0.0   0:16.43 kworker/u13:0-uvcvideo
 437586 root      20   0       0      0      0 I   0.0   0.0   0:07.73 kworker/u12:4-events_unbound
 465092 root      20   0  238836   6948   5700 S   0.0   0.1   0:01.41 iio-sensor-prox
 481530 root       0 -20       0      0      0 I   0.0   0.0   0:10.88 kworker/u13:3-uvcvideo
 494770 root      20   0 1233488  12708   6732 S   0.0   0.2   0:12.01 containerd-shim
 494799 jetson    20   0    5508    792    704 S   0.0   0.0   0:00.21 sleep
 494866 root      20   0   21760   5464   3940 S   0.0   0.1   0:04.78 systemd-udevd
 494879 root      20   0   21756   3352   1840 S   0.0   0.0   0:01.00 systemd-udevd
 513219 root      20   0   21752   3996   2468 S   0.0   0.1   0:00.00 systemd-udevd
 513220 root      20   0   21760   3388   1868 S   0.0   0.0   0:00.00 systemd-udevd
 513233 root      20   0   21760   3392   1868 S   0.0   0.0   0:00.00 systemd-udevd
 513234 root      20   0   21760   3356   1840 S   0.0   0.0   0:00.00 systemd-udevd
 513235 root      20   0   21760   3996   2468 S   0.0   0.1   0:00.01 systemd-udevd
 513236 root      20   0   21760   3384   1868 S   0.0   0.0   0:00.00 systemd-udevd
 513237 root      20   0   21760   4188   2660 S   0.0   0.1   0:00.00 systemd-udevd
 513251 root      20   0   21760   3840   2288 S   0.0   0.0   0:00.00 systemd-udevd
 513265 root      20   0   21760   4056   2496 S   0.0   0.1   0:00.01 systemd-udevd
 513266 root      20   0   21760   4052   2496 S   0.0   0.1   0:00.01 systemd-udevd
 562560 root      20   0       0      0      0 I   0.0   0.0   0:02.65 kworker/u12:1-events_unbound
 576600 root      20   0       0      0      0 I   0.0   0.0   0:00.40 kworker/3:0-events
 576909 root      20   0       0      0      0 I   0.0   0.0   0:00.08 kworker/4:1-events
 582730 root      20   0       0      0      0 I   0.0   0.0   0:02.40 kworker/u12:2-events_freezable_power_
 589172 root      20   0       0      0      0 I   0.0   0.0   0:02.14 kworker/u12:10-events_freezable_power_
 591089 root       0 -20       0      0      0 I   0.0   0.0   0:04.22 kworker/u13:1-uvcvideo
 602672 root      20   0       0      0      0 I   0.0   0.0   0:00.14 kworker/1:3-events
 621531 root      20   0       0      0      0 I   0.0   0.0   0:00.11 kworker/5:2-events
 622272 root      20   0       0      0      0 I   0.0   0.0   0:01.24 kworker/u12:7-events_freezable_power_
 645581 root      20   0       0      0      0 I   0.0   0.0   0:00.04 kworker/1:2-events
 645980 root      20   0       0      0      0 I   0.0   0.0   0:00.07 kworker/5:0-events
 646577 jetson    20   0  572504  38828  13216 S   0.0   0.5   0:00.85 ros2
 646880 jetson    20   0  129772  34676  13228 S   0.0   0.4   0:00.69 ros2
 646995 jetson    20   0  796968  40104  13228 S   0.0   0.5   0:01.35 ros2
 647060 jetson    20   0   11248   3076   2756 S   0.0   0.0   0:00.38 bash
 647156 jetson    20   0   53568  30344  15012 S   0.0   0.4   0:00.41 ros2
 647161 root      20   0       0      0      0 I   0.0   0.0   0:00.00 kworker/3:1-events
 651818 root      20   0       0      0      0 I   0.0   0.0   0:00.05 kworker/4:0-events
 651861 root      20   0       0      0      0 I   0.0   0.0   0:00.00 kworker/2:0-events
 651906 root      20   0       0      0      0 I   0.0   0.0   0:00.00 kworker/0:2-events
 659922 root      20   0       0      0      0 I   0.0   0.0   0:00.23 kworker/u12:5-events_freezable_power_
 660558 root      20   0       0      0      0 I   0.0   0.0   0:00.04 kworker/1:0-events
 660666 root       0 -20       0      0      0 I   0.0   0.0   0:01.46 kworker/u13:2-uvcvideo
 663616 root      20   0    9436    784    704 S   0.0   0.0   0:00.00 sleep
 670335 root      20   0       0      0      0 I   0.0   0.0   0:00.00 kworker/2:1-cgroup_destroy
 670336 root      20   0       0      0      0 I   0.0   0.0   0:00.00 kworker/2:2-cgroup_destroy
 670384 root      20   0       0      0      0 I   0.0   0.0   0:00.00 kworker/0:1
 670511 root      20   0       0      0      0 I   0.0   0.0   0:00.00 kworker/3:2-cgroup_destroy
 670512 root      20   0       0      0      0 I   0.0   0.0   0:00.00 kworker/3:3
 672581 root      20   0       0      0      0 I   0.0   0.0   0:00.01 kworker/5:1-events
 672816 jetson    20   0   11248   3308   2868 S   0.0   0.0   0:00.04 bash
 675625 jetson    20   0   11248   3300   2868 S   0.0   0.0   0:00.01 bash
 675715 jetson    20   0    2872    884    788 S   0.0   0.0   0:00.01 tegrastats
 675913 jetson    20   0    9480    808    724 S   0.0   0.0   0:00.00 tail
 676127 jetson    20   0    9444    788    704 S   0.0   0.0   0:00.00 sleep
 676165 root      30  10    9436    768    688 S   0.0   0.0   0:00.00 sleep

top - 16:10:39 up  6:33,  0 users,  load average: 8.78, 6.90, 6.65
Tasks: 353 total,   2 running, 351 sleeping,   0 stopped,   0 zombie
%Cpu(s): 47.7 us, 12.3 sy,  0.0 ni, 35.5 id,  0.0 wa,  2.2 hi,  2.2 si,  0.0 st
MiB Mem :   7607.4 total,   2308.2 free,   2217.8 used,   3081.4 buff/cache
MiB Swap:   3803.7 total,   3803.7 free,      0.0 used.   5072.7 avail Mem 

    PID USER      PR  NI    VIRT    RES    SHR S  %CPU  %MEM     TIME+ COMMAND
 675912 jetson    20   0  752528  72536  29576 R  42.6   0.9   0:02.64 python3
  13320 root      20   0 1300496  44680  11392 S  34.8   0.6  32:32.51 micro_ros_agent
 646802 jetson    20   0  709060  61196  27276 S  34.3   0.8   3:30.75 python3
 646999 jetson    20   0  963000  47700  23580 S  26.5   0.6   1:02.77 controller_serv
 675713 jetson    20   0  763620  53952  25376 S  21.1   0.7   0:02.87 ros2
 647181 jetson    20   0 9356228 409188  87560 S  16.2   5.3   1:35.14 nvblox_node
 647007 jetson    20   0  530840  46196  26216 S  15.2   0.6   0:58.28 bt_navigator
    969 root      20   0  237044  10468   6400 S  14.7   0.1   3:27.51 polkitd
 646579 jetson    20   0 1748420 106436  51428 S  12.3   1.4   1:26.53 realsense2_came
 646583 jetson    20   0  432976  25268  14224 S  12.3   0.3   1:36.81 rplidar_node
 646804 jetson    20   0  506340  30844  18340 S  11.3   0.4   1:08.58 ekf_node
 646585 jetson    20   0  707980  60916  27388 S   9.8   0.8   0:55.64 python3
 646882 jetson    20   0 1061708  53280  24360 S   9.8   0.7   0:25.72 async_slam_tool
 647058 jetson    20   0  577528  31320  16252 S   9.8   0.4   1:04.69 lifecycle_manag
 647003 jetson    20   0 1070788  69364  24808 S   9.3   0.9   0:59.16 planner_server
 646997 jetson    20   0  709524  61896  27392 S   8.3   0.8   0:30.67 python3
 647005 jetson    20   0  516440  34888  21032 S   7.8   0.4   0:47.02 behavior_server
 647001 jetson    20   0  664548  32728  19408 S   6.4   0.4   0:40.13 smoother_server
 647025 jetson    20   0  431396  28940  17020 S   5.9   0.4   0:34.35 waypoint_follow
 647056 jetson    20   0  428696  29132  15944 S   5.9   0.4   0:33.70 velocity_smooth
 646581 jetson    20   0  709380  64256  27276 S   3.4   0.8   0:30.61 python3
    828 message+  20   0   10496   5632   3584 S   2.9   0.1   0:47.34 dbus-daemon
    829 root      20   0  264848  18932  14872 S   2.9   0.2   0:43.03 NetworkManager
 646587 jetson    20   0 1082604  58700  26340 S   2.9   0.8   0:27.24 foxglove_bridge
      1 root      20   0  167628  11768   7448 S   2.0   0.2   0:32.35 systemd
 675714 jetson    20   0   14340   3384   2772 R   1.5   0.0   0:00.12 top
    909 root      rt   0       0      0      0 S   1.0   0.0   0:53.01 sugov:4
     25 root      20   0       0      0      0 S   0.5   0.0   0:01.74 ksoftirqd/2
    256 root      19  -1   76560  40184  38556 S   0.5   0.5   0:30.49 systemd-journal
    871 root      20   0   48968   7620   6296 S   0.5   0.1   0:04.02 systemd-logind
    904 root      rt   0       0      0      0 S   0.5   0.0   1:51.76 sugov:0
   1212 root      20   0 2093336  74476  33976 S   0.5   1.0   0:42.44 containerd
   2071 gdm       20   0 3471500 137268  73260 S   0.5   1.8   0:49.64 gnome-shell
  11931 jetson    20   0  707268  63144  26432 S   0.5   0.8   2:28.24 python3
  13238 jetson    20   0  428524  31584  15828 S   0.5   0.4   2:34.02 robot_state_pub
 407770 root      20   0       0      0      0 I   0.5   0.0   0:10.68 kworker/u12:9-events_unbound
 481530 root       0 -20       0      0      0 I   0.5   0.0   0:10.89 kworker/u13:3-uvcvideo
 494770 root      20   0 1233488  12972   6732 S   0.5   0.2   0:12.02 containerd-shim
 513250 root      20   0   21760   4432   2868 S   0.5   0.1   0:08.42 systemd-udevd
 582730 root      20   0       0      0      0 I   0.5   0.0   0:02.41 kworker/u12:2-events_freezable_power_
 647060 jetson    20   0   11248   3076   2756 S   0.5   0.0   0:00.39 bash
 672581 root      20   0       0      0      0 I   0.5   0.0   0:00.02 kworker/5:1-events
 675134 root       0 -20       0      0      0 I   0.5   0.0   0:00.14 kworker/u13:4-uvcvideo
 675715 jetson    20   0    2872    884    788 S   0.5   0.0   0:00.02 tegrastats
      2 root      20   0       0      0      0 S   0.0   0.0   0:00.03 kthreadd
      3 root       0 -20       0      0      0 I   0.0   0.0   0:00.00 rcu_gp
      4 root       0 -20       0      0      0 I   0.0   0.0   0:00.00 rcu_par_gp
      5 root       0 -20       0      0      0 I   0.0   0.0   0:00.00 slub_flushwq
      6 root       0 -20       0      0      0 I   0.0   0.0   0:00.00 netns
      8 root       0 -20       0      0      0 I   0.0   0.0   0:00.00 kworker/0:0H-events_highpri
     10 root       0 -20       0      0      0 I   0.0   0.0   0:00.00 mm_percpu_wq
     11 root      20   0       0      0      0 S   0.0   0.0   0:00.00 rcu_tasks_kthre
     12 root      20   0       0      0      0 S   0.0   0.0   0:00.00 rcu_tasks_rude_
     13 root      20   0       0      0      0 S   0.0   0.0   0:00.00 rcu_tasks_trace
     14 root      20   0       0      0      0 S   0.0   0.0   0:23.68 ksoftirqd/0
     15 root      20   0       0      0      0 I   0.0   0.0   0:10.48 rcu_preempt
     16 root      rt   0       0      0      0 S   0.0   0.0   0:00.03 migration/0
     17 root      20   0       0      0      0 S   0.0   0.0   0:00.00 cpuhp/0
     18 root      20   0       0      0      0 S   0.0   0.0   0:00.00 cpuhp/1
     19 root      rt   0       0      0      0 S   0.0   0.0   0:00.03 migration/1
     20 root      20   0       0      0      0 S   0.0   0.0   0:01.73 ksoftirqd/1
     22 root       0 -20       0      0      0 I   0.0   0.0   0:00.00 kworker/1:0H-events_highpri
     23 root      20   0       0      0      0 S   0.0   0.0   0:00.00 cpuhp/2
     24 root      rt   0       0      0      0 S   0.0   0.0   0:00.02 migration/2
     27 root       0 -20       0      0      0 I   0.0   0.0   0:00.00 kworker/2:0H-events_highpri
     28 root      20   0       0      0      0 S   0.0   0.0   0:00.00 cpuhp/3
     29 root      rt   0       0      0      0 S   0.0   0.0   0:00.02 migration/3
     30 root      20   0       0      0      0 S   0.0   0.0   0:01.63 ksoftirqd/3
     32 root       0 -20       0      0      0 I   0.0   0.0   0:00.00 kworker/3:0H-events_highpri
     33 root      20   0       0      0      0 S   0.0   0.0   0:00.00 cpuhp/4
     34 root      rt   0       0      0      0 S   0.0   0.0   0:00.07 migration/4
     35 root      20   0       0      0      0 S   0.0   0.0   0:01.22 ksoftirqd/4
     37 root       0 -20       0      0      0 I   0.0   0.0   0:00.00 kworker/4:0H-kblockd
     38 root      20   0       0      0      0 S   0.0   0.0   0:00.00 cpuhp/5
     39 root      rt   0       0      0      0 S   0.0   0.0   0:00.07 migration/5
     40 root      20   0       0      0      0 S   0.0   0.0   0:01.29 ksoftirqd/5
     42 root       0 -20       0      0      0 I   0.0   0.0   0:00.00 kworker/5:0H-events_highpri
     43 root      20   0       0      0      0 S   0.0   0.0   0:00.01 kdevtmpfs
     44 root       0 -20       0      0      0 I   0.0   0.0   0:00.00 inet_frag_wq
     51 root      20   0       0      0      0 S   0.0   0.0   0:00.00 kauditd
     52 root      20   0       0      0      0 S   0.0   0.0   0:00.00 oom_reaper
     53 root       0 -20       0      0      0 I   0.0   0.0   0:00.00 writeback
     54 root      20   0       0      0      0 S   0.0   0.0   0:00.19 kcompactd0
     55 root      25   5       0      0      0 S   0.0   0.0   0:00.00 ksmd
     56 root      39  19       0      0      0 S   0.0   0.0   0:02.10 khugepaged
     67 root       0 -20       0      0      0 I   0.0   0.0   0:00.00 cryptd
     86 root       0 -20       0      0      0 I   0.0   0.0   0:00.00 kintegrityd
     87 root       0 -20       0      0      0 I   0.0   0.0   0:00.00 kblockd
     88 root       0 -20       0      0      0 I   0.0   0.0   0:00.00 blkcg_punt_bio
     89 root       0 -20       0      0      0 I   0.0   0.0   0:00.00 tpm_dev_wq
     90 root       0 -20       0      0      0 I   0.0   0.0   0:00.00 ata_sff
     91 root       0 -20       0      0      0 I   0.0   0.0   0:00.00 edac-poller
     92 root       0 -20       0      0      0 I   0.0   0.0   0:00.00 devfreq_wq
     93 root     -51   0       0      0      0 S   0.0   0.0   0:00.00 watchdogd
     96 root       0 -20       0      0      0 I   0.0   0.0   0:00.06 kworker/1:1H-kblockd
     97 root       0 -20       0      0      0 I   0.0   0.0   0:00.00 rpciod
     99 root       0 -20       0      0      0 I   0.0   0.0   0:00.00 xprtiod
    127 root      20   0       0      0      0 S   0.0   0.0   0:00.00 kswapd0
    128 root       0 -20       0      0      0 I   0.0   0.0   0:00.00 nfsiod
    132 root       0 -20       0      0      0 I   0.0   0.0   0:00.00 vfio-irqfd-clea
    133 root       0 -20       0      0      0 I   0.0   0.0   0:00.00 bch_btree_io
    134 root       0 -20       0      0      0 I   0.0   0.0   0:00.00 bcache
    135 root       0 -20       0      0      0 I   0.0   0.0   0:00.00 bch_journal
    136 root       0 -20       0      0      0 I   0.0   0.0   0:00.00 dm_bufio_cache
    139 root      20   0       0      0      0 I   0.0   0.0   0:01.99 kworker/2:3-events
    140 root      10 -10       0      0      0 S   0.0   0.0   0:00.00 krfcommd
    141 root      20   0       0      0      0 S   0.0   0.0   0:00.01 pr/tty0
    142 root      20   0       0      0      0 S   0.0   0.0   0:03.11 pr/ttyTCU0
    145 root     -51   0       0      0      0 S   0.0   0.0   0:00.00 irq/114-3160000
    147 root     -51   0       0      0      0 S   0.0   0.0   0:00.00 irq/115-3180000
    149 root     -51   0       0      0      0 S   0.0   0.0   0:00.00 irq/116-31b0000
    150 root     -51   0       0      0      0 S   0.0   0.0   0:00.03 irq/167-c240000
    151 root     -51   0       0      0      0 S   0.0   0.0   0:00.00 irq/168-c250000
    152 root     -51   0       0      0      0 S   0.0   0.0   0:00.00 irq/125-3610000
    153 root     -51   0       0      0      0 S   0.0   0.0   0:00.00 irq/122-3610000
    155 root       0 -20       0      0      0 I   0.0   0.0   0:00.00 sdhci
    156 root     -51   0       0      0      0 S   0.0   0.0   0:00.00 irq/120-mmc0
    157 root     -51   0       0      0      0 S   0.0   0.0   0:00.00 irq/230-3400000
    174 root       0 -20       0      0      0 I   0.0   0.0   0:00.06 kworker/3:1H-kblockd
    180 root     -51   0       0      0      0 S   0.0   0.0   0:00.00 irq/191-tegra-p
    181 root       0 -20       0      0      0 I   0.0   0.0   0:00.00 nvme-wq
    182 root       0 -20       0      0      0 I   0.0   0.0   0:00.00 nvme-reset-wq
    183 root       0 -20       0      0      0 I   0.0   0.0   0:00.00 nvme-delete-wq
    192 root     -51   0       0      0      0 S   0.0   0.0   0:00.00 irq/191-aerdrv
    193 root     -51   0       0      0      0 S   0.0   0.0   0:00.00 irq/193-tegra-p
    196 root     -51   0       0      0      0 S   0.0   0.0   0:00.00 irq/193-aerdrv
    197 root     -51   0       0      0      0 S   0.0   0.0   0:00.00 irq/195-tegra-p
    199 root     -51   0       0      0      0 S   0.0   0.0   0:00.00 irq/232-nvme0q0
    200 root     -51   0       0      0      0 S   0.0   0.0   0:00.38 irq/233-nvme0q1
    201 root     -51   0       0      0      0 S   0.0   0.0   0:00.42 irq/234-nvme0q2
    202 root     -51   0       0      0      0 S   0.0   0.0   0:00.54 irq/235-nvme0q3
    203 root     -51   0       0      0      0 S   0.0   0.0   0:00.66 irq/236-nvme0q4
    204 root     -51   0       0      0      0 S   0.0   0.0   0:00.16 irq/237-nvme0q5
    205 root     -51   0       0      0      0 S   0.0   0.0   0:00.13 irq/238-nvme0q6
    211 root       0 -20       0      0      0 I   0.0   0.0   0:00.07 kworker/4:1H-kblockd
    212 root      20   0       0      0      0 S   0.0   0.0   0:01.51 jbd2/nvme0n1p1-
    213 root       0 -20       0      0      0 I   0.0   0.0   0:00.00 ext4-rsv-conver
    222 root       0 -20       0      0      0 I   0.0   0.0   0:00.00 mld
    223 root       0 -20       0      0      0 I   0.0   0.0   0:00.04 kworker/0:1H-kblockd
    224 root       0 -20       0      0      0 I   0.0   0.0   0:00.00 ipv6_addrconf
    278 root       0 -20       0      0      0 I   0.0   0.0   0:00.08 kworker/2:1H-kblockd
    280 root      39  19       0      0      0 S   0.0   0.0   0:01.71 nvmap-bz
    281 root     -51   0       0      0      0 S   0.0   0.0   0:00.00 irq/188-host1x_
    285 root     -51   0       0      0      0 S   0.0   0.0   0:00.00 irq/197-gk20a_s
    286 root     -51   0       0      0      0 S   0.0   0.0   0:00.03 irq/198-gk20a_s
    287 root     -51   0       0      0      0 S   0.0   0.0   0:00.03 irq/199-gk20a_s
    288 root     -51   0       0      0      0 S   0.0   0.0   0:00.00 irq/200-gk20a_n
    291 root       0 -20       0      0      0 I   0.0   0.0   0:00.06 kworker/5:1H-kblockd
    295 root      20   0   11116   3460   3204 S   0.0   0.0   0:00.00 nv-tee-supplica
    299 root      20   0   76588   1360   1248 S   0.0   0.0   0:00.01 tee-supplicant
    301 root       0 -20       0      0      0 I   0.0   0.0   0:00.00 optee_bus_scan
    303 root     -51   0       0      0      0 S   0.0   0.0   0:00.00 irq/189-tegra-p
    312 root      20   0   23732   6316   4080 S   0.0   0.1   0:27.83 systemd-udevd
    313 root     -51   0       0      0      0 S   0.0   0.0   0:00.00 irq/189-aerdrv
    314 root      20   0   23216   5832   3992 S   0.0   0.1   0:00.41 systemd-udevd
    315 root      20   0   23216   5020   3248 S   0.0   0.1   0:00.15 systemd-udevd
    316 root      20   0   23268   6252   4316 S   0.0   0.1   0:00.16 systemd-udevd
    317 root      20   0   23220   4364   2600 S   0.0   0.1   0:00.11 systemd-udevd
    318 root      20   0   23216   4480   2672 S   0.0   0.1   0:00.12 systemd-udevd
    319 root      20   0   23212   5820   3980 S   0.0   0.1   0:00.29 systemd-udevd
    320 root      20   0   23264   4688   2764 S   0.0   0.1   0:00.13 systemd-udevd
    321 root      20   0   23268   5072   3136 S   0.0   0.1   0:00.18 systemd-udevd
    322 root      20   0   23524   5520   3456 S   0.0   0.1   0:00.27 systemd-udevd
    323 root      20   0   23216   6304   4444 S   0.0   0.1   0:00.42 systemd-udevd
    324 root      20   0   23220   5196   3388 S   0.0   0.1   0:00.16 systemd-udevd
    325 root      20   0   23220   5820   3976 S   0.0   0.1   0:00.41 systemd-udevd
    326 root      20   0   23220   5256   3388 S   0.0   0.1   0:00.45 systemd-udevd
    327 root      20   0   23220   5504   3684 S   0.0   0.1   0:00.18 systemd-udevd
    330 root      20   0   23512   5728   3684 S   0.0   0.1   0:00.14 systemd-udevd
    331 root      20   0   24292   5540   2676 S   0.0   0.1   0:00.16 systemd-udevd
    333 root      20   0   23524   5596   3532 S   0.0   0.1   0:00.28 systemd-udevd
    334 root      20   0   23220   5584   3740 S   0.0   0.1   0:00.27 systemd-udevd
    335 root      20   0   23220   4504   2708 S   0.0   0.1   0:00.11 systemd-udevd
    336 root      20   0   23220   4696   2892 S   0.0   0.1   0:00.14 systemd-udevd
    337 root      20   0   23524   5056   2992 S   0.0   0.1   0:00.16 systemd-udevd
    339 root      20   0   23220   4980   3148 S   0.0   0.1   0:00.17 systemd-udevd
    340 root      20   0   23544   6732   4608 S   0.0   0.1   1:33.28 systemd-udevd
    341 root      20   0   23276   5328   3384 S   0.0   0.1   0:00.13 systemd-udevd
    342 root      20   0   23280   5176   3228 S   0.0   0.1   0:00.13 systemd-udevd
    343 root      20   0   23220   5988   4152 S   0.0   0.1   0:00.33 systemd-udevd
    344 root      20   0   23560   6700   4596 S   0.0   0.1   0:00.58 systemd-udevd
    345 root      20   0       0      0      0 S   0.0   0.0   0:00.00 15820000.crypto
    346 root      20   0       0      0      0 S   0.0   0.0   0:00.00 15840000.crypto
    368 root      20   0   23324   5984   4116 S   0.0   0.1   0:00.46 systemd-udevd
    417 root     -51   0       0      0      0 S   0.0   0.0   0:00.00 irq/219-bc00000
    419 root      -2   0       0      0      0 S   0.0   0.0   0:00.00 capture-control
    420 root      -2   0       0      0      0 S   0.0   0.0   0:00.00 capture
    422 root     -51   0       0      0      0 S   0.0   0.0   0:00.00 irq/214-tegra_d
    423 root     -51   0       0      0      0 S   0.0   0.0   0:00.00 irq/215-tegra_d
    424 root       0 -20       0      0      0 I   0.0   0.0   0:00.00 dce-async-ipc-w
    425 root     -51   0       0      0      0 S   0.0   0.0   0:00.00 irq/240-nvvrs-p
    427 root      20   0       0      0      0 S   0.0   0.0   0:00.00 nv_queue
    428 root      20   0       0      0      0 S   0.0   0.0   0:00.00 nv_queue
    483 root     -51   0       0      0      0 S   0.0   0.0   0:00.00 irq/118-3210000
    487 root      20   0       0      0      0 S   0.0   0.0   0:00.00 spi0
    495 root       0 -20       0      0      0 I   0.0   0.0   0:00.00 cfg80211
    497 root     -51   0       0      0      0 S   0.0   0.0   0:00.00 irq/119-3230000
    498 root      20   0       0      0      0 S   0.0   0.0   0:00.00 spi1
    584 root       0 -20       0      0      0 I   0.0   0.0   0:00.00 btfwwork
    650 root      20   0    8236   6424   1432 S   0.0   0.1   0:00.73 haveged
    653 _rpc      20   0    7932   2264   1912 S   0.0   0.0   0:00.04 rpcbind
    659 systemd+  20   0   26320  13580   8496 S   0.0   0.2   0:00.55 systemd-resolve
    662 systemd+  20   0   88880   6332   5484 S   0.0   0.1   0:00.15 systemd-timesyn
    826 avahi     20   0    8084   3108   2752 S   0.0   0.0   0:00.70 avahi-daemon
    827 root      20   0    9888   4552   4112 S   0.0   0.1   0:00.07 bluetoothd
    838 root      20   0   43504  19780  10232 S   0.0   0.3   0:00.15 networkd-dispat
    849 root      20   0  241652   9056   6312 S   0.0   0.1   0:00.66 power-profiles-
    854 syslog    20   0  222160   5012   3672 S   0.0   0.1   0:05.85 rsyslogd
    859 root      20   0    2240    796    720 S   0.0   0.0   0:00.00 seatd
    865 root      20   0 2145956  51924  25772 S   0.0   0.7   0:37.95 snapd
    867 root      20   0  242124   7452   6576 S   0.0   0.1   0:02.28 accounts-daemon
    869 root      20   0  238128   6232   5620 S   0.0   0.1   0:00.04 switcheroo-cont
    874 root      20   0  394188  13988   9476 S   0.0   0.2   0:01.11 udisksd
    875 root      20   0   16632   9928   8148 S   0.0   0.1   0:01.36 wpa_supplicant
    882 avahi     20   0    7812    356      0 S   0.0   0.0   0:00.00 avahi-daemon
    921 root      30  10   11248   3612   3220 S   0.0   0.0   0:08.78 wifi_mon.sh
    983 root      20   0    2460   1556   1380 S   0.0   0.0   0:08.55 nvfancontrol
   1049 root      20   0       0      0      0 S   0.0   0.0   0:00.00 sw-quiesce
   1052 root      20   0       0      0      0 S   0.0   0.0   0:21.77 nvgpu_channel_p
   1068 root      20   0       0      0      0 S   0.0   0.0   0:00.00 nvgpu_pg_init_g
   1087 root      20   0       0      0      0 S   0.0   0.0   0:00.00 nvgpu_clk_arb_p
   1117 root      20   0       0      0      0 S   0.0   0.0   0:08.02 RTW_CMD_THREAD
   1157 root      20   0   75936   9960   8136 S   0.0   0.1   0:00.01 nvargus-daemon
   1158 root      20   0   11116   3520   3220 S   0.0   0.0   0:00.08 nvmemwarning.sh
   1171 root      20   0   22192   1776   1580 S   0.0   0.0   0:00.00 nvs-service
   1181 ollama    20   0 2006720  39588  20072 S   0.0   0.5   0:01.11 ollama
   1195 root      20   0    2336   1408   1292 S   0.0   0.0   0:01.96 run-cups-browse
   1201 root      20   0    2336   1424   1296 S   0.0   0.0   0:02.02 run-cupsd
   1204 root      20   0       0      0      0 S   0.0   0.0   0:00.00 pr/ramoops-1
   1239 root      20   0   10772   2824   2576 S   0.0   0.0   0:00.06 cron
   1259 root      20   0  243128   8056   7012 S   0.0   0.1   0:00.02 gdm3
   1263 kernoops  20   0   12812    452      0 S   0.0   0.0   0:00.02 kerneloops
   1290 root      20   0    9468    800    724 S   0.0   0.0   0:00.00 agetty
   1291 kernoops  20   0   12812    452      0 S   0.0   0.0   0:00.02 kerneloops
   1293 root      20   0    9468    804    724 S   0.0   0.0   0:00.00 agetty
   1330 root      20   0  173408   8804   7628 S   0.0   0.1   0:00.02 gdm-session-wor
   1417 root      20   0       0      0      0 S   0.0   0.0   0:00.00 file-storage
   1426 root      20   0   15272   8368   6788 S   0.0   0.1   0:00.80 sshd
   1474 gdm       20   0   18120   9728   7360 S   0.0   0.1   0:00.46 systemd
   1478 root      20   0    3076    992    880 S   0.0   0.0   0:00.00 nvphsd
   1483 root      20   0    3208   1476   1316 S   0.0   0.0   0:00.00 nvphsd
   1497 gdm       20   0  106692   4552      0 S   0.0   0.1   0:00.00 (sd-pam)
   1588 root      20   0 2353004 113512  57032 S   0.0   1.5   0:32.33 dockerd
   1688 gdm        9 -11   41972   6476   5156 S   0.0   0.1   0:00.07 pipewire
   1689 gdm       20   0   25476   6428   5104 S   0.0   0.1   0:01.81 pipewire-media-
   1690 gdm        9 -11  891840  20748  12584 S   0.0   0.3   0:01.00 pulseaudio
   1695 gdm       20   0  163948   5472   4964 S   0.0   0.1   0:00.00 gdm-x-session
   1697 root      20   0   24.2g  80544  35884 S   0.0   1.0   0:02.25 Xorg
   1698 rtkit     21   1  153504   1588   1380 S   0.0   0.0   0:00.32 rtkit-daemon
   1729 gdm       20   0    8840   3600   3212 S   0.0   0.0   0:00.02 dbus-daemon
   1748 root      20   0       0      0      0 S   0.0   0.0   0:00.00 nvidia-modeset/
   1749 root      20   0       0      0      0 S   0.0   0.0   0:00.00 nvidia-modeset/
   1752 root      20   0       0      0      0 S   0.0   0.0   0:00.00 nvidia
   1753 root      20   0       0      0      0 S   0.0   0.0   0:00.00 nv_queue
   1790 root      20   0       0      0      0 S   0.0   0.0   0:00.00 nvidia-drm-nv-t
   1791 root     -51   0       0      0      0 S   0.0   0.0   0:00.00 card1-crtc0
   1792 root     -51   0       0      0      0 S   0.0   0.0   0:00.00 card1-crtc1
   1980 gdm       20   0    5876   1552   1344 S   0.0   0.0   0:00.00 dbus-run-sessio
   1983 gdm       20   0    9108   4440   3588 S   0.0   0.1   0:00.13 dbus-daemon
   2035 gdm       20   0  597840  17824  12972 S   0.0   0.2   0:01.10 gnome-session-b
   2057 gdm       20   0  310068   8976   6272 S   0.0   0.1   0:00.00 at-spi-bus-laun
   2062 gdm       20   0    8692   3556   3168 S   0.0   0.0   0:00.00 dbus-daemon
   2092 gdm       20   0  237676   4964   4528 S   0.0   0.1   0:00.00 xdg-permission-
   2099 root      20   0  243852  10136   6984 S   0.0   0.1   0:00.51 upowerd
   2106 root      20   0  301608  19332  16408 S   0.0   0.2   0:01.73 packagekitd
   2110 gdm       20   0 2812288  25716  20860 S   0.0   0.3   0:00.08 gjs
   2113 gdm       20   0  163144   7196   6428 S   0.0   0.1   0:00.02 at-spi2-registr
   2141 gdm       20   0  468748   9856   7940 S   0.0   0.1   0:02.18 gsd-sharing
   2146 gdm       20   0  338880  14892  12620 S   0.0   0.2   0:00.06 gsd-wacom
   2148 gdm       20   0  451616  18896  16480 S   0.0   0.2   0:00.22 gsd-color
   2150 gdm       20   0  412392  17092  13292 S   0.0   0.2   0:00.04 gsd-keyboard
   2152 gdm       20   0  316864  13188   6244 S   0.0   0.2   0:00.10 ibus-daemon
   2156 gdm       20   0  326124   9848   8488 S   0.0   0.1   0:00.02 gsd-print-notif
   2166 gdm       20   0  242216   6512   5848 S   0.0   0.1   0:00.01 gvfsd
   2168 gdm       20   0  459796   6140   5436 S   0.0   0.1   0:00.64 gsd-rfkill
   2170 gdm       20   0  388312   7432   6528 S   0.0   0.1   0:00.01 gsd-smartcard
   2173 gdm       20   0  380556  16508  12504 S   0.0   0.2   0:00.03 gsd-datetime
   2183 gdm       20   0  864216  20108  17428 S   0.0   0.3   0:00.58 gsd-media-keys
   2184 gdm       20   0  237936   4760   4376 S   0.0   0.1   0:00.01 gsd-screensaver
   2185 gdm       20   0  322096  10392   7320 S   0.0   0.1   0:00.02 gsd-sound
   2186 gdm       20   0  312416   8104   5476 S   0.0   0.1   0:00.01 gsd-a11y-settin
   2193 gdm       20   0  313996   8944   6152 S   0.0   0.1   0:01.01 gsd-housekeepin
   2195 gdm       20   0  450004  20288  15904 S   0.0   0.3   0:00.57 gsd-power
   2218 gdm       20   0  347052  12608  10748 S   0.0   0.2   0:00.03 gsd-printer
   2221 gdm       20   0  239040   6576   5948 S   0.0   0.1   0:00.00 ibus-dconf
   2233 gdm       20   0  238936   5920   5488 S   0.0   0.1   0:00.00 ibus-portal
   2263 colord    20   0  247516  14492   8720 S   0.0   0.2   0:00.27 colord
   2285 gdm       20   0 2812300  27868  20904 S   0.0   0.4   0:00.09 gjs
   2349 gdm       20   0  165096   6516   5892 S   0.0   0.1   0:00.01 ibus-engine-sim
   2508 root      20   0  136716  13172   9512 S   0.0   0.2   0:00.73 cupsd
   2522 root      20   0  260792  17940  13508 S   0.0   0.2   0:01.72 cups-browsed
  11687 jetson    20   0   18140   9764   7368 S   0.0   0.1   0:00.37 systemd
  11688 jetson    20   0  172512   4632      0 S   0.0   0.1   0:00.00 (sd-pam)
  11696 jetson    20   0   41976   6552   5228 S   0.0   0.1   0:00.07 pipewire
  11697 jetson    20   0   25484   6724   5388 S   0.0   0.1   0:01.99 pipewire-media-
  11749 jetson    20   0    8888   4168   3672 S   0.0   0.1   0:00.03 dbus-daemon
  13234 jetson    20   0  203640  35476  13212 S   0.0   0.5   0:00.75 ros2
  13236 jetson    20   0 2070472  36080  17228 S   0.0   0.5   0:00.94 docker
  13265 root      20   0 1232976  11204   5960 S   0.0   0.1   0:02.48 containerd-shim
  13294 root      20   0   49400  29204  14412 S   0.0   0.4   0:00.40 ros2
 100141 root      20   0       0      0      0 I   0.0   0.0   0:23.63 kworker/u12:6-events_freezable_power_
 284193 root      20   0       0      0      0 I   0.0   0.0   0:14.57 kworker/u12:3-events_unbound
 417230 root      20   0       0      0      0 I   0.0   0.0   0:09.08 kworker/u12:0-events_unbound
 418183 root       0 -20       0      0      0 I   0.0   0.0   0:16.43 kworker/u13:0-uvcvideo
 437586 root      20   0       0      0      0 I   0.0   0.0   0:07.73 kworker/u12:4-events_unbound
 465092 root      20   0  238836   6948   5700 S   0.0   0.1   0:01.41 iio-sensor-prox
 494799 jetson    20   0    5508    792    704 S   0.0   0.0   0:00.21 sleep
 494866 root      20   0   21760   5464   3940 S   0.0   0.1   0:04.78 systemd-udevd
 494879 root      20   0   21756   3352   1840 S   0.0   0.0   0:01.00 systemd-udevd
 513219 root      20   0   21752   3996   2468 S   0.0   0.1   0:00.00 systemd-udevd
 513220 root      20   0   21760   3388   1868 S   0.0   0.0   0:00.00 systemd-udevd
 513233 root      20   0   21760   3392   1868 S   0.0   0.0   0:00.00 systemd-udevd
 513234 root      20   0   21760   3356   1840 S   0.0   0.0   0:00.00 systemd-udevd
 513235 root      20   0   21760   3996   2468 S   0.0   0.1   0:00.01 systemd-udevd
 513236 root      20   0   21760   3384   1868 S   0.0   0.0   0:00.00 systemd-udevd
 513237 root      20   0   21760   4188   2660 S   0.0   0.1   0:00.00 systemd-udevd
 513251 root      20   0   21760   3840   2288 S   0.0   0.0   0:00.00 systemd-udevd
 513265 root      20   0   21760   4056   2496 S   0.0   0.1   0:00.01 systemd-udevd
 513266 root      20   0   21760   4052   2496 S   0.0   0.1   0:00.01 systemd-udevd
 538507 root      20   0       0      0      0 I   0.0   0.0   0:00.29 kworker/0:0-events
 562560 root      20   0       0      0      0 I   0.0   0.0   0:02.65 kworker/u12:1-events_unbound
 576600 root      20   0       0      0      0 I   0.0   0.0   0:00.40 kworker/3:0-events
 576909 root      20   0       0      0      0 I   0.0   0.0   0:00.08 kworker/4:1-events
 589172 root      20   0       0      0      0 I   0.0   0.0   0:02.14 kworker/u12:10-events_freezable_power_
 591089 root       0 -20       0      0      0 I   0.0   0.0   0:04.22 kworker/u13:1-uvcvideo
 602672 root      20   0       0      0      0 I   0.0   0.0   0:00.14 kworker/1:3-events
 621531 root      20   0       0      0      0 I   0.0   0.0   0:00.11 kworker/5:2-events
 622272 root      20   0       0      0      0 I   0.0   0.0   0:01.24 kworker/u12:7-events_freezable_power_
 642140 root      20   0       0      0      0 I   0.0   0.0   0:00.95 kworker/u12:8-events_unbound
 645581 root      20   0       0      0      0 I   0.0   0.0   0:00.04 kworker/1:2-events
 645980 root      20   0       0      0      0 I   0.0   0.0   0:00.07 kworker/5:0-events
 646577 jetson    20   0  572504  38828  13216 S   0.0   0.5   0:00.85 ros2
 646880 jetson    20   0  129772  34676  13228 S   0.0   0.4   0:00.69 ros2
 646995 jetson    20   0  796968  40104  13228 S   0.0   0.5   0:01.35 ros2
 647156 jetson    20   0   53568  30344  15012 S   0.0   0.4   0:00.41 ros2
 647161 root      20   0       0      0      0 I   0.0   0.0   0:00.00 kworker/3:1-events
 651818 root      20   0       0      0      0 I   0.0   0.0   0:00.05 kworker/4:0-events
 651861 root      20   0       0      0      0 I   0.0   0.0   0:00.00 kworker/2:0-events
 651906 root      20   0       0      0      0 I   0.0   0.0   0:00.00 kworker/0:2-events
 659922 root      20   0       0      0      0 I   0.0   0.0   0:00.23 kworker/u12:5-events_freezable_power_
 660558 root      20   0       0      0      0 I   0.0   0.0   0:00.04 kworker/1:0-events
 660666 root       0 -20       0      0      0 I   0.0   0.0   0:01.46 kworker/u13:2-uvcvideo
 663616 root      20   0    9436    784    704 S   0.0   0.0   0:00.00 sleep
 670335 root      20   0       0      0      0 I   0.0   0.0   0:00.00 kworker/2:1-cgroup_destroy
 670336 root      20   0       0      0      0 I   0.0   0.0   0:00.00 kworker/2:2-cgroup_destroy
 670384 root      20   0       0      0      0 I   0.0   0.0   0:00.00 kworker/0:1
 670511 root      20   0       0      0      0 I   0.0   0.0   0:00.00 kworker/3:2-cgroup_destroy
 670512 root      20   0       0      0      0 I   0.0   0.0   0:00.00 kworker/3:3
 672816 jetson    20   0   11248   3308   2868 S   0.0   0.0   0:00.04 bash
 675625 jetson    20   0   11248   3300   2868 S   0.0   0.0   0:00.01 bash
 675913 jetson    20   0    9480    808    724 S   0.0   0.0   0:00.00 tail
 676165 root      30  10    9436    768    688 S   0.0   0.0   0:00.00 sleep
 676275 jetson    20   0    9444    788    704 S   0.0   0.0   0:00.00 sleep

top - 16:10:41 up  6:33,  0 users,  load average: 8.78, 6.90, 6.65
Tasks: 353 total,   4 running, 349 sleeping,   0 stopped,   0 zombie
%Cpu(s): 42.2 us, 10.2 sy,  0.0 ni, 43.3 id,  0.0 wa,  2.3 hi,  1.9 si,  0.0 st
MiB Mem :   7607.4 total,   2294.2 free,   2228.0 used,   3085.2 buff/cache
MiB Swap:   3803.7 total,   3803.7 free,      0.0 used.   5062.5 avail Mem 

    PID USER      PR  NI    VIRT    RES    SHR S  %CPU  %MEM     TIME+ COMMAND
 675912 jetson    20   0  752756  72816  29576 S  45.5   0.9   0:03.56 python3
 646802 jetson    20   0  709060  61196  27276 R  37.1   0.8   3:31.50 python3
 646999 jetson    20   0  963000  48016  23640 S  31.2   0.6   1:03.40 controller_serv
 675713 jetson    20   0  763620  53952  25376 S  23.8   0.7   0:03.35 ros2
 647181 jetson    20   0 9356228 409192  87560 S  17.3   5.3   1:35.49 nvblox_node
 647007 jetson    20   0  530840  46196  26216 S  16.8   0.6   0:58.62 bt_navigator
 646579 jetson    20   0 1748420 106436  51428 S  14.9   1.4   1:26.83 realsense2_came
 646583 jetson    20   0  432976  25268  14224 S  14.9   0.3   1:37.11 rplidar_node
 646804 jetson    20   0  506340  30844  18340 R  11.4   0.4   1:08.81 ekf_node
 647058 jetson    20   0  577528  31320  16252 R  11.4   0.4   1:04.92 lifecycle_manag
 646585 jetson    20   0  707980  60916  27388 S  10.4   0.8   0:55.85 python3
 646882 jetson    20   0 1061708  53280  24360 S   9.9   0.7   0:25.92 async_slam_tool
 646997 jetson    20   0  709524  61896  27392 S   9.9   0.8   0:30.87 python3
 647003 jetson    20   0 1070788  69540  24808 S   9.4   0.9   0:59.35 planner_server
 647001 jetson    20   0  664548  32736  19408 S   6.9   0.4   0:40.27 smoother_server
 647005 jetson    20   0  516440  34888  21032 S   6.9   0.4   0:47.16 behavior_server
 647056 jetson    20   0  428696  29132  15944 S   6.4   0.4   0:33.83 velocity_smooth
 647025 jetson    20   0  431396  28940  17020 S   5.9   0.4   0:34.47 waypoint_follow
  13320 root      20   0 1300496  44680  11392 S   4.5   0.6  32:32.60 micro_ros_agent
 646581 jetson    20   0  709380  64256  27276 S   3.5   0.8   0:30.68 python3
    904 root      rt   0       0      0      0 S   1.5   0.0   1:51.79 sugov:0
    909 root      rt   0       0      0      0 S   1.0   0.0   0:53.03 sugov:4
   1588 root      20   0 2353004 113512  57032 S   1.0   1.5   0:32.35 dockerd
 675134 root       0 -20       0      0      0 I   1.0   0.0   0:00.16 kworker/u13:4-uvcvideo
    340 root      20   0   23544   6732   4608 S   0.5   0.1   1:33.29 systemd-udevd
   1052 root      20   0       0      0      0 S   0.5   0.0   0:21.78 nvgpu_channel_p
   1212 root      20   0 2093336  74476  33976 S   0.5   1.0   0:42.45 containerd
  11931 jetson    20   0  707268  63144  26432 S   0.5   0.8   2:28.25 python3
  13238 jetson    20   0  428524  31584  15828 S   0.5   0.4   2:34.03 robot_state_pub
 100141 root      20   0       0      0      0 I   0.5   0.0   0:23.64 kworker/u12:6-events_unbound
 284193 root      20   0       0      0      0 I   0.5   0.0   0:14.58 kworker/u12:3-events_unbound
 481530 root       0 -20       0      0      0 I   0.5   0.0   0:10.90 kworker/u13:3-uvcvideo
 494770 root      20   0 1233488  12972   6732 S   0.5   0.2   0:12.03 containerd-shim
 589172 root      20   0       0      0      0 I   0.5   0.0   0:02.15 kworker/u12:10-flush-259:0
 646587 jetson    20   0 1082604  58700  26340 S   0.5   0.8   0:27.25 foxglove_bridge
 646995 jetson    20   0  796968  40104  13228 S   0.5   0.5   0:01.36 ros2
 675714 jetson    20   0   14340   3384   2772 R   0.5   0.0   0:00.13 top
      1 root      20   0  167628  11768   7448 S   0.0   0.2   0:32.35 systemd
      2 root      20   0       0      0      0 S   0.0   0.0   0:00.03 kthreadd
      3 root       0 -20       0      0      0 I   0.0   0.0   0:00.00 rcu_gp
      4 root       0 -20       0      0      0 I   0.0   0.0   0:00.00 rcu_par_gp
      5 root       0 -20       0      0      0 I   0.0   0.0   0:00.00 slub_flushwq
      6 root       0 -20       0      0      0 I   0.0   0.0   0:00.00 netns
      8 root       0 -20       0      0      0 I   0.0   0.0   0:00.00 kworker/0:0H-events_highpri
     10 root       0 -20       0      0      0 I   0.0   0.0   0:00.00 mm_percpu_wq
     11 root      20   0       0      0      0 S   0.0   0.0   0:00.00 rcu_tasks_kthre
     12 root      20   0       0      0      0 S   0.0   0.0   0:00.00 rcu_tasks_rude_
     13 root      20   0       0      0      0 S   0.0   0.0   0:00.00 rcu_tasks_trace
     14 root      20   0       0      0      0 S   0.0   0.0   0:23.68 ksoftirqd/0
     15 root      20   0       0      0      0 I   0.0   0.0   0:10.48 rcu_preempt
     16 root      rt   0       0      0      0 S   0.0   0.0   0:00.03 migration/0
     17 root      20   0       0      0      0 S   0.0   0.0   0:00.00 cpuhp/0
     18 root      20   0       0      0      0 S   0.0   0.0   0:00.00 cpuhp/1
     19 root      rt   0       0      0      0 S   0.0   0.0   0:00.03 migration/1
     20 root      20   0       0      0      0 S   0.0   0.0   0:01.73 ksoftirqd/1
     22 root       0 -20       0      0      0 I   0.0   0.0   0:00.00 kworker/1:0H-events_highpri
     23 root      20   0       0      0      0 S   0.0   0.0   0:00.00 cpuhp/2
     24 root      rt   0       0      0      0 S   0.0   0.0   0:00.02 migration/2
     25 root      20   0       0      0      0 S   0.0   0.0   0:01.74 ksoftirqd/2
     27 root       0 -20       0      0      0 I   0.0   0.0   0:00.00 kworker/2:0H-events_highpri
     28 root      20   0       0      0      0 S   0.0   0.0   0:00.00 cpuhp/3
     29 root      rt   0       0      0      0 S   0.0   0.0   0:00.02 migration/3
     30 root      20   0       0      0      0 S   0.0   0.0   0:01.63 ksoftirqd/3
     32 root       0 -20       0      0      0 I   0.0   0.0   0:00.00 kworker/3:0H-events_highpri
     33 root      20   0       0      0      0 S   0.0   0.0   0:00.00 cpuhp/4
     34 root      rt   0       0      0      0 S   0.0   0.0   0:00.07 migration/4
     35 root      20   0       0      0      0 S   0.0   0.0   0:01.22 ksoftirqd/4
     37 root       0 -20       0      0      0 I   0.0   0.0   0:00.00 kworker/4:0H-kblockd
     38 root      20   0       0      0      0 S   0.0   0.0   0:00.00 cpuhp/5
     39 root      rt   0       0      0      0 S   0.0   0.0   0:00.07 migration/5
     40 root      20   0       0      0      0 S   0.0   0.0   0:01.29 ksoftirqd/5
     42 root       0 -20       0      0      0 I   0.0   0.0   0:00.00 kworker/5:0H-events_highpri
     43 root      20   0       0      0      0 S   0.0   0.0   0:00.01 kdevtmpfs
     44 root       0 -20       0      0      0 I   0.0   0.0   0:00.00 inet_frag_wq
     51 root      20   0       0      0      0 S   0.0   0.0   0:00.00 kauditd
     52 root      20   0       0      0      0 S   0.0   0.0   0:00.00 oom_reaper
     53 root       0 -20       0      0      0 I   0.0   0.0   0:00.00 writeback
     54 root      20   0       0      0      0 S   0.0   0.0   0:00.19 kcompactd0
     55 root      25   5       0      0      0 S   0.0   0.0   0:00.00 ksmd
     56 root      39  19       0      0      0 S   0.0   0.0   0:02.10 khugepaged
     67 root       0 -20       0      0      0 I   0.0   0.0   0:00.00 cryptd
     86 root       0 -20       0      0      0 I   0.0   0.0   0:00.00 kintegrityd
     87 root       0 -20       0      0      0 I   0.0   0.0   0:00.00 kblockd
     88 root       0 -20       0      0      0 I   0.0   0.0   0:00.00 blkcg_punt_bio
     89 root       0 -20       0      0      0 I   0.0   0.0   0:00.00 tpm_dev_wq
     90 root       0 -20       0      0      0 I   0.0   0.0   0:00.00 ata_sff
     91 root       0 -20       0      0      0 I   0.0   0.0   0:00.00 edac-poller
     92 root       0 -20       0      0      0 I   0.0   0.0   0:00.00 devfreq_wq
     93 root     -51   0       0      0      0 S   0.0   0.0   0:00.00 watchdogd
     96 root       0 -20       0      0      0 I   0.0   0.0   0:00.06 kworker/1:1H-kblockd
     97 root       0 -20       0      0      0 I   0.0   0.0   0:00.00 rpciod
     99 root       0 -20       0      0      0 I   0.0   0.0   0:00.00 xprtiod
    127 root      20   0       0      0      0 S   0.0   0.0   0:00.00 kswapd0
    128 root       0 -20       0      0      0 I   0.0   0.0   0:00.00 nfsiod
    132 root       0 -20       0      0      0 I   0.0   0.0   0:00.00 vfio-irqfd-clea
    133 root       0 -20       0      0      0 I   0.0   0.0   0:00.00 bch_btree_io
    134 root       0 -20       0      0      0 I   0.0   0.0   0:00.00 bcache
    135 root       0 -20       0      0      0 I   0.0   0.0   0:00.00 bch_journal
    136 root       0 -20       0      0      0 I   0.0   0.0   0:00.00 dm_bufio_cache
    139 root      20   0       0      0      0 I   0.0   0.0   0:01.99 kworker/2:3-events
    140 root      10 -10       0      0      0 S   0.0   0.0   0:00.00 krfcommd
    141 root      20   0       0      0      0 S   0.0   0.0   0:00.01 pr/tty0
    142 root      20   0       0      0      0 S   0.0   0.0   0:03.11 pr/ttyTCU0
    145 root     -51   0       0      0      0 S   0.0   0.0   0:00.00 irq/114-3160000
    147 root     -51   0       0      0      0 S   0.0   0.0   0:00.00 irq/115-3180000
    149 root     -51   0       0      0      0 S   0.0   0.0   0:00.00 irq/116-31b0000
    150 root     -51   0       0      0      0 S   0.0   0.0   0:00.03 irq/167-c240000
    151 root     -51   0       0      0      0 S   0.0   0.0   0:00.00 irq/168-c250000
    152 root     -51   0       0      0      0 S   0.0   0.0   0:00.00 irq/125-3610000
    153 root     -51   0       0      0      0 S   0.0   0.0   0:00.00 irq/122-3610000
    155 root       0 -20       0      0      0 I   0.0   0.0   0:00.00 sdhci
    156 root     -51   0       0      0      0 S   0.0   0.0   0:00.00 irq/120-mmc0
    157 root     -51   0       0      0      0 S   0.0   0.0   0:00.00 irq/230-3400000
    174 root       0 -20       0      0      0 I   0.0   0.0   0:00.06 kworker/3:1H-kblockd
    180 root     -51   0       0      0      0 S   0.0   0.0   0:00.00 irq/191-tegra-p
    181 root       0 -20       0      0      0 I   0.0   0.0   0:00.00 nvme-wq
    182 root       0 -20       0      0      0 I   0.0   0.0   0:00.00 nvme-reset-wq
    183 root       0 -20       0      0      0 I   0.0   0.0   0:00.00 nvme-delete-wq
    192 root     -51   0       0      0      0 S   0.0   0.0   0:00.00 irq/191-aerdrv
    193 root     -51   0       0      0      0 S   0.0   0.0   0:00.00 irq/193-tegra-p
    196 root     -51   0       0      0      0 S   0.0   0.0   0:00.00 irq/193-aerdrv
    197 root     -51   0       0      0      0 S   0.0   0.0   0:00.00 irq/195-tegra-p
    199 root     -51   0       0      0      0 S   0.0   0.0   0:00.00 irq/232-nvme0q0
    200 root     -51   0       0      0      0 S   0.0   0.0   0:00.38 irq/233-nvme0q1
    201 root     -51   0       0      0      0 S   0.0   0.0   0:00.42 irq/234-nvme0q2
    202 root     -51   0       0      0      0 S   0.0   0.0   0:00.54 irq/235-nvme0q3
    203 root     -51   0       0      0      0 S   0.0   0.0   0:00.66 irq/236-nvme0q4
    204 root     -51   0       0      0      0 S   0.0   0.0   0:00.16 irq/237-nvme0q5
    205 root     -51   0       0      0      0 S   0.0   0.0   0:00.13 irq/238-nvme0q6
    211 root       0 -20       0      0      0 I   0.0   0.0   0:00.07 kworker/4:1H-kblockd
    212 root      20   0       0      0      0 S   0.0   0.0   0:01.51 jbd2/nvme0n1p1-
    213 root       0 -20       0      0      0 I   0.0   0.0   0:00.00 ext4-rsv-conver
    222 root       0 -20       0      0      0 I   0.0   0.0   0:00.00 mld
    223 root       0 -20       0      0      0 I   0.0   0.0   0:00.04 kworker/0:1H-kblockd
    224 root       0 -20       0      0      0 I   0.0   0.0   0:00.00 ipv6_addrconf
    256 root      19  -1   76560  40184  38556 S   0.0   0.5   0:30.49 systemd-journal
    278 root       0 -20       0      0      0 I   0.0   0.0   0:00.08 kworker/2:1H-kblockd
    280 root      39  19       0      0      0 S   0.0   0.0   0:01.71 nvmap-bz
    281 root     -51   0       0      0      0 S   0.0   0.0   0:00.00 irq/188-host1x_
    285 root     -51   0       0      0      0 S   0.0   0.0   0:00.00 irq/197-gk20a_s
    286 root     -51   0       0      0      0 S   0.0   0.0   0:00.03 irq/198-gk20a_s
    287 root     -51   0       0      0      0 S   0.0   0.0   0:00.03 irq/199-gk20a_s
    288 root     -51   0       0      0      0 S   0.0   0.0   0:00.00 irq/200-gk20a_n
    291 root       0 -20       0      0      0 I   0.0   0.0   0:00.06 kworker/5:1H-kblockd
    295 root      20   0   11116   3460   3204 S   0.0   0.0   0:00.00 nv-tee-supplica
    299 root      20   0   76588   1360   1248 S   0.0   0.0   0:00.01 tee-supplicant
    301 root       0 -20       0      0      0 I   0.0   0.0   0:00.00 optee_bus_scan
    303 root     -51   0       0      0      0 S   0.0   0.0   0:00.00 irq/189-tegra-p
    312 root      20   0   23732   6316   4080 S   0.0   0.1   0:27.83 systemd-udevd
    313 root     -51   0       0      0      0 S   0.0   0.0   0:00.00 irq/189-aerdrv
    314 root      20   0   23216   5832   3992 S   0.0   0.1   0:00.41 systemd-udevd
    315 root      20   0   23216   5020   3248 S   0.0   0.1   0:00.15 systemd-udevd
    316 root      20   0   23268   6252   4316 S   0.0   0.1   0:00.16 systemd-udevd
    317 root      20   0   23220   4364   2600 S   0.0   0.1   0:00.11 systemd-udevd
    318 root      20   0   23216   4480   2672 S   0.0   0.1   0:00.12 systemd-udevd
    319 root      20   0   23212   5820   3980 S   0.0   0.1   0:00.29 systemd-udevd
    320 root      20   0   23264   4688   2764 S   0.0   0.1   0:00.13 systemd-udevd
    321 root      20   0   23268   5072   3136 S   0.0   0.1   0:00.18 systemd-udevd
    322 root      20   0   23524   5520   3456 S   0.0   0.1   0:00.27 systemd-udevd
    323 root      20   0   23216   6304   4444 S   0.0   0.1   0:00.42 systemd-udevd
    324 root      20   0   23220   5196   3388 S   0.0   0.1   0:00.16 systemd-udevd
    325 root      20   0   23220   5820   3976 S   0.0   0.1   0:00.41 systemd-udevd
    326 root      20   0   23220   5256   3388 S   0.0   0.1   0:00.45 systemd-udevd
    327 root      20   0   23220   5504   3684 S   0.0   0.1   0:00.18 systemd-udevd
    330 root      20   0   23512   5728   3684 S   0.0   0.1   0:00.14 systemd-udevd
    331 root      20   0   24292   5540   2676 S   0.0   0.1   0:00.16 systemd-udevd
    333 root      20   0   23524   5596   3532 S   0.0   0.1   0:00.28 systemd-udevd
    334 root      20   0   23220   5584   3740 S   0.0   0.1   0:00.27 systemd-udevd
    335 root      20   0   23220   4504   2708 S   0.0   0.1   0:00.11 systemd-udevd
    336 root      20   0   23220   4696   2892 S   0.0   0.1   0:00.14 systemd-udevd
    337 root      20   0   23524   5056   2992 S   0.0   0.1   0:00.16 systemd-udevd
    339 root      20   0   23220   4980   3148 S   0.0   0.1   0:00.17 systemd-udevd
    341 root      20   0   23276   5328   3384 S   0.0   0.1   0:00.13 systemd-udevd
    342 root      20   0   23280   5176   3228 S   0.0   0.1   0:00.13 systemd-udevd
    343 root      20   0   23220   5988   4152 S   0.0   0.1   0:00.33 systemd-udevd
    344 root      20   0   23560   6700   4596 S   0.0   0.1   0:00.58 systemd-udevd
    345 root      20   0       0      0      0 S   0.0   0.0   0:00.00 15820000.crypto
    346 root      20   0       0      0      0 S   0.0   0.0   0:00.00 15840000.crypto
    368 root      20   0   23324   5984   4116 S   0.0   0.1   0:00.46 systemd-udevd
    417 root     -51   0       0      0      0 S   0.0   0.0   0:00.00 irq/219-bc00000
    419 root      -2   0       0      0      0 S   0.0   0.0   0:00.00 capture-control
    420 root      -2   0       0      0      0 S   0.0   0.0   0:00.00 capture
    422 root     -51   0       0      0      0 S   0.0   0.0   0:00.00 irq/214-tegra_d
    423 root     -51   0       0      0      0 S   0.0   0.0   0:00.00 irq/215-tegra_d
    424 root       0 -20       0      0      0 I   0.0   0.0   0:00.00 dce-async-ipc-w
    425 root     -51   0       0      0      0 S   0.0   0.0   0:00.00 irq/240-nvvrs-p
    427 root      20   0       0      0      0 S   0.0   0.0   0:00.00 nv_queue
    428 root      20   0       0      0      0 S   0.0   0.0   0:00.00 nv_queue
    483 root     -51   0       0      0      0 S   0.0   0.0   0:00.00 irq/118-3210000
    487 root      20   0       0      0      0 S   0.0   0.0   0:00.00 spi0
    495 root       0 -20       0      0      0 I   0.0   0.0   0:00.00 cfg80211
    497 root     -51   0       0      0      0 S   0.0   0.0   0:00.00 irq/119-3230000
    498 root      20   0       0      0      0 S   0.0   0.0   0:00.00 spi1
    584 root       0 -20       0      0      0 I   0.0   0.0   0:00.00 btfwwork
    650 root      20   0    8236   6424   1432 S   0.0   0.1   0:00.73 haveged
    653 _rpc      20   0    7932   2264   1912 S   0.0   0.0   0:00.04 rpcbind
    659 systemd+  20   0   26320  13580   8496 S   0.0   0.2   0:00.55 systemd-resolve
    662 systemd+  20   0   88880   6332   5484 S   0.0   0.1   0:00.15 systemd-timesyn
    826 avahi     20   0    8084   3108   2752 S   0.0   0.0   0:00.70 avahi-daemon
    827 root      20   0    9888   4552   4112 S   0.0   0.1   0:00.07 bluetoothd
    828 message+  20   0   10496   5632   3584 S   0.0   0.1   0:47.34 dbus-daemon
    829 root      20   0  264848  18932  14872 S   0.0   0.2   0:43.03 NetworkManager
    838 root      20   0   43504  19780  10232 S   0.0   0.3   0:00.15 networkd-dispat
    849 root      20   0  241652   9056   6312 S   0.0   0.1   0:00.66 power-profiles-
    854 syslog    20   0  222160   5012   3672 S   0.0   0.1   0:05.85 rsyslogd
    859 root      20   0    2240    796    720 S   0.0   0.0   0:00.00 seatd
    865 root      20   0 2145956  51924  25772 S   0.0   0.7   0:37.95 snapd
    867 root      20   0  242124   7452   6576 S   0.0   0.1   0:02.28 accounts-daemon
    869 root      20   0  238128   6232   5620 S   0.0   0.1   0:00.04 switcheroo-cont
    871 root      20   0   48968   7620   6296 S   0.0   0.1   0:04.02 systemd-logind
    874 root      20   0  394188  13988   9476 S   0.0   0.2   0:01.11 udisksd
    875 root      20   0   16632   9928   8148 S   0.0   0.1   0:01.36 wpa_supplicant
    882 avahi     20   0    7812    356      0 S   0.0   0.0   0:00.00 avahi-daemon
    921 root      30  10   11248   3612   3220 S   0.0   0.0   0:08.78 wifi_mon.sh
    969 root      20   0  237044  10468   6400 S   0.0   0.1   3:27.51 polkitd
    983 root      20   0    2460   1556   1380 S   0.0   0.0   0:08.55 nvfancontrol
   1049 root      20   0       0      0      0 S   0.0   0.0   0:00.00 sw-quiesce
   1068 root      20   0       0      0      0 S   0.0   0.0   0:00.00 nvgpu_pg_init_g
   1087 root      20   0       0      0      0 S   0.0   0.0   0:00.00 nvgpu_clk_arb_p
   1117 root      20   0       0      0      0 S   0.0   0.0   0:08.02 RTW_CMD_THREAD
   1157 root      20   0   75936   9960   8136 S   0.0   0.1   0:00.01 nvargus-daemon
   1158 root      20   0   11116   3520   3220 S   0.0   0.0   0:00.08 nvmemwarning.sh
   1171 root      20   0   22192   1776   1580 S   0.0   0.0   0:00.00 nvs-service
   1181 ollama    20   0 2006720  39588  20072 S   0.0   0.5   0:01.11 ollama
   1195 root      20   0    2336   1408   1292 S   0.0   0.0   0:01.96 run-cups-browse
   1201 root      20   0    2336   1424   1296 S   0.0   0.0   0:02.02 run-cupsd
   1204 root      20   0       0      0      0 S   0.0   0.0   0:00.00 pr/ramoops-1
   1239 root      20   0   10772   2824   2576 S   0.0   0.0   0:00.06 cron
   1259 root      20   0  243128   8056   7012 S   0.0   0.1   0:00.02 gdm3
   1263 kernoops  20   0   12812    452      0 S   0.0   0.0   0:00.02 kerneloops
   1290 root      20   0    9468    800    724 S   0.0   0.0   0:00.00 agetty
   1291 kernoops  20   0   12812    452      0 S   0.0   0.0   0:00.02 kerneloops
   1293 root      20   0    9468    804    724 S   0.0   0.0   0:00.00 agetty
   1330 root      20   0  173408   8804   7628 S   0.0   0.1   0:00.02 gdm-session-wor
   1417 root      20   0       0      0      0 S   0.0   0.0   0:00.00 file-storage
   1426 root      20   0   15272   8368   6788 S   0.0   0.1   0:00.80 sshd
   1474 gdm       20   0   18120   9728   7360 S   0.0   0.1   0:00.46 systemd
   1478 root      20   0    3076    992    880 S   0.0   0.0   0:00.00 nvphsd
   1483 root      20   0    3208   1476   1316 S   0.0   0.0   0:00.00 nvphsd
   1497 gdm       20   0  106692   4552      0 S   0.0   0.1   0:00.00 (sd-pam)
   1688 gdm        9 -11   41972   6476   5156 S   0.0   0.1   0:00.07 pipewire
   1689 gdm       20   0   25476   6428   5104 S   0.0   0.1   0:01.81 pipewire-media-
   1690 gdm        9 -11  891840  20748  12584 S   0.0   0.3   0:01.00 pulseaudio
   1695 gdm       20   0  163948   5472   4964 S   0.0   0.1   0:00.00 gdm-x-session
   1697 root      20   0   24.2g  80544  35884 S   0.0   1.0   0:02.25 Xorg
   1698 rtkit     21   1  153504   1588   1380 S   0.0   0.0   0:00.32 rtkit-daemon
   1729 gdm       20   0    8840   3600   3212 S   0.0   0.0   0:00.02 dbus-daemon
   1748 root      20   0       0      0      0 S   0.0   0.0   0:00.00 nvidia-modeset/
   1749 root      20   0       0      0      0 S   0.0   0.0   0:00.00 nvidia-modeset/
   1752 root      20   0       0      0      0 S   0.0   0.0   0:00.00 nvidia
   1753 root      20   0       0      0      0 S   0.0   0.0   0:00.00 nv_queue
   1790 root      20   0       0      0      0 S   0.0   0.0   0:00.00 nvidia-drm-nv-t
   1791 root     -51   0       0      0      0 S   0.0   0.0   0:00.00 card1-crtc0
   1792 root     -51   0       0      0      0 S   0.0   0.0   0:00.00 card1-crtc1
   1980 gdm       20   0    5876   1552   1344 S   0.0   0.0   0:00.00 dbus-run-sessio
   1983 gdm       20   0    9108   4440   3588 S   0.0   0.1   0:00.13 dbus-daemon
   2035 gdm       20   0  597840  17824  12972 S   0.0   0.2   0:01.10 gnome-session-b
   2057 gdm       20   0  310068   8976   6272 S   0.0   0.1   0:00.00 at-spi-bus-laun
   2062 gdm       20   0    8692   3556   3168 S   0.0   0.0   0:00.00 dbus-daemon
   2071 gdm       20   0 3471500 137268  73260 S   0.0   1.8   0:49.64 gnome-shell
   2092 gdm       20   0  237676   4964   4528 S   0.0   0.1   0:00.00 xdg-permission-
   2099 root      20   0  243852  10136   6984 S   0.0   0.1   0:00.51 upowerd
   2106 root      20   0  301608  19332  16408 S   0.0   0.2   0:01.73 packagekitd
   2110 gdm       20   0 2812288  25716  20860 S   0.0   0.3   0:00.08 gjs
   2113 gdm       20   0  163144   7196   6428 S   0.0   0.1   0:00.02 at-spi2-registr
   2141 gdm       20   0  468748   9856   7940 S   0.0   0.1   0:02.18 gsd-sharing
   2146 gdm       20   0  338880  14892  12620 S   0.0   0.2   0:00.06 gsd-wacom
   2148 gdm       20   0  451616  18896  16480 S   0.0   0.2   0:00.22 gsd-color
   2150 gdm       20   0  412392  17092  13292 S   0.0   0.2   0:00.04 gsd-keyboard
   2152 gdm       20   0  316864  13188   6244 S   0.0   0.2   0:00.10 ibus-daemon
   2156 gdm       20   0  326124   9848   8488 S   0.0   0.1   0:00.02 gsd-print-notif
   2166 gdm       20   0  242216   6512   5848 S   0.0   0.1   0:00.01 gvfsd
   2168 gdm       20   0  459796   6140   5436 S   0.0   0.1   0:00.64 gsd-rfkill
   2170 gdm       20   0  388312   7432   6528 S   0.0   0.1   0:00.01 gsd-smartcard
   2173 gdm       20   0  380556  16508  12504 S   0.0   0.2   0:00.03 gsd-datetime
   2183 gdm       20   0  864216  20108  17428 S   0.0   0.3   0:00.58 gsd-media-keys
   2184 gdm       20   0  237936   4760   4376 S   0.0   0.1   0:00.01 gsd-screensaver
   2185 gdm       20   0  322096  10392   7320 S   0.0   0.1   0:00.02 gsd-sound
   2186 gdm       20   0  312416   8104   5476 S   0.0   0.1   0:00.01 gsd-a11y-settin
   2193 gdm       20   0  313996   8944   6152 S   0.0   0.1   0:01.01 gsd-housekeepin
   2195 gdm       20   0  450004  20288  15904 S   0.0   0.3   0:00.57 gsd-power
   2218 gdm       20   0  347052  12608  10748 S   0.0   0.2   0:00.03 gsd-printer
   2221 gdm       20   0  239040   6576   5948 S   0.0   0.1   0:00.00 ibus-dconf
   2233 gdm       20   0  238936   5920   5488 S   0.0   0.1   0:00.00 ibus-portal
   2263 colord    20   0  247516  14492   8720 S   0.0   0.2   0:00.27 colord
   2285 gdm       20   0 2812300  27868  20904 S   0.0   0.4   0:00.09 gjs
   2349 gdm       20   0  165096   6516   5892 S   0.0   0.1   0:00.01 ibus-engine-sim
   2508 root      20   0  136716  13172   9512 S   0.0   0.2   0:00.73 cupsd
   2522 root      20   0  260792  17940  13508 S   0.0   0.2   0:01.72 cups-browsed
  11687 jetson    20   0   18140   9764   7368 S   0.0   0.1   0:00.37 systemd
  11688 jetson    20   0  172512   4632      0 S   0.0   0.1   0:00.00 (sd-pam)
  11696 jetson    20   0   41976   6552   5228 S   0.0   0.1   0:00.07 pipewire
  11697 jetson    20   0   25484   6724   5388 S   0.0   0.1   0:01.99 pipewire-media-
  11749 jetson    20   0    8888   4168   3672 S   0.0   0.1   0:00.03 dbus-daemon
  13234 jetson    20   0  203640  35476  13212 S   0.0   0.5   0:00.75 ros2
  13236 jetson    20   0 2070472  36080  17228 S   0.0   0.5   0:00.94 docker
  13265 root      20   0 1232976  11204   5960 S   0.0   0.1   0:02.48 containerd-shim
  13294 root      20   0   49400  29204  14412 S   0.0   0.4   0:00.40 ros2
 407770 root      20   0       0      0      0 I   0.0   0.0   0:10.68 kworker/u12:9-events_freezable_power_
 417230 root      20   0       0      0      0 I   0.0   0.0   0:09.08 kworker/u12:0-events_unbound
 418183 root       0 -20       0      0      0 I   0.0   0.0   0:16.43 kworker/u13:0-uvcvideo
 437586 root      20   0       0      0      0 I   0.0   0.0   0:07.73 kworker/u12:4-events_unbound
 465092 root      20   0  238836   6948   5700 S   0.0   0.1   0:01.41 iio-sensor-prox
 494799 jetson    20   0    5508    792    704 S   0.0   0.0   0:00.21 sleep
 494866 root      20   0   21760   5464   3940 S   0.0   0.1   0:04.78 systemd-udevd
 494879 root      20   0   21756   3352   1840 S   0.0   0.0   0:01.00 systemd-udevd
 513219 root      20   0   21752   3996   2468 S   0.0   0.1   0:00.00 systemd-udevd
 513220 root      20   0   21760   3388   1868 S   0.0   0.0   0:00.00 systemd-udevd
 513233 root      20   0   21760   3392   1868 S   0.0   0.0   0:00.00 systemd-udevd
 513234 root      20   0   21760   3356   1840 S   0.0   0.0   0:00.00 systemd-udevd
 513235 root      20   0   21760   3996   2468 S   0.0   0.1   0:00.01 systemd-udevd
 513236 root      20   0   21760   3384   1868 S   0.0   0.0   0:00.00 systemd-udevd
 513237 root      20   0   21760   4188   2660 S   0.0   0.1   0:00.00 systemd-udevd
 513250 root      20   0   21760   4432   2868 S   0.0   0.1   0:08.42 systemd-udevd
 513251 root      20   0   21760   3840   2288 S   0.0   0.0   0:00.00 systemd-udevd
 513265 root      20   0   21760   4056   2496 S   0.0   0.1   0:00.01 systemd-udevd
 513266 root      20   0   21760   4052   2496 S   0.0   0.1   0:00.01 systemd-udevd
 538507 root      20   0       0      0      0 I   0.0   0.0   0:00.29 kworker/0:0-events
 562560 root      20   0       0      0      0 I   0.0   0.0   0:02.65 kworker/u12:1-events_unbound
 576600 root      20   0       0      0      0 I   0.0   0.0   0:00.40 kworker/3:0-events
 576909 root      20   0       0      0      0 I   0.0   0.0   0:00.08 kworker/4:1-events
 582730 root      20   0       0      0      0 I   0.0   0.0   0:02.41 kworker/u12:2-events_unbound
 591089 root       0 -20       0      0      0 I   0.0   0.0   0:04.22 kworker/u13:1-uvcvideo
 602672 root      20   0       0      0      0 I   0.0   0.0   0:00.14 kworker/1:3-events
 621531 root      20   0       0      0      0 I   0.0   0.0   0:00.11 kworker/5:2-events
 622272 root      20   0       0      0      0 I   0.0   0.0   0:01.24 kworker/u12:7-events_freezable_power_
 642140 root      20   0       0      0      0 I   0.0   0.0   0:00.95 kworker/u12:8-events_freezable_power_
 645581 root      20   0       0      0      0 I   0.0   0.0   0:00.04 kworker/1:2-events
 645980 root      20   0       0      0      0 I   0.0   0.0   0:00.07 kworker/5:0-events
 646577 jetson    20   0  572504  38828  13216 S   0.0   0.5   0:00.85 ros2
 646880 jetson    20   0  129772  34676  13228 S   0.0   0.4   0:00.69 ros2
 647060 jetson    20   0   11248   3076   2756 S   0.0   0.0   0:00.39 bash
 647156 jetson    20   0   53568  30344  15012 S   0.0   0.4   0:00.41 ros2
 647161 root      20   0       0      0      0 I   0.0   0.0   0:00.00 kworker/3:1-events
 651818 root      20   0       0      0      0 I   0.0   0.0   0:00.05 kworker/4:0-events
 651861 root      20   0       0      0      0 I   0.0   0.0   0:00.00 kworker/2:0-events
 651906 root      20   0       0      0      0 I   0.0   0.0   0:00.00 kworker/0:2-events
 659922 root      20   0       0      0      0 I   0.0   0.0   0:00.23 kworker/u12:5-events_unbound
 660558 root      20   0       0      0      0 I   0.0   0.0   0:00.04 kworker/1:0-events
 660666 root       0 -20       0      0      0 I   0.0   0.0   0:01.46 kworker/u13:2-uvcvideo
 663616 root      20   0    9436    784    704 S   0.0   0.0   0:00.00 sleep
 670335 root      20   0       0      0      0 I   0.0   0.0   0:00.00 kworker/2:1-cgroup_destroy
 670336 root      20   0       0      0      0 I   0.0   0.0   0:00.00 kworker/2:2-cgroup_destroy
 670384 root      20   0       0      0      0 I   0.0   0.0   0:00.00 kworker/0:1
 670511 root      20   0       0      0      0 I   0.0   0.0   0:00.00 kworker/3:2-cgroup_destroy
 670512 root      20   0       0      0      0 I   0.0   0.0   0:00.00 kworker/3:3
 672581 root      20   0       0      0      0 I   0.0   0.0   0:00.02 kworker/5:1-events
 672816 jetson    20   0   11248   3308   2868 S   0.0   0.0   0:00.04 bash
 675625 jetson    20   0   11248   3300   2868 S   0.0   0.0   0:00.01 bash
 675715 jetson    20   0    2872    884    788 S   0.0   0.0   0:00.02 tegrastats
 675913 jetson    20   0    9480    808    724 S   0.0   0.0   0:00.00 tail
 676165 root      30  10    9436    768    688 S   0.0   0.0   0:00.00 sleep
 676425 jetson    20   0    9444    788    704 S   0.0   0.0   0:00.00 sleep

top - 16:10:43 up  6:33,  0 users,  load average: 8.23, 6.81, 6.62
Tasks: 353 total,   3 running, 350 sleeping,   0 stopped,   0 zombie
%Cpu(s): 43.4 us, 10.1 sy,  0.0 ni, 42.2 id,  0.0 wa,  2.3 hi,  2.0 si,  0.0 st
MiB Mem :   7607.4 total,   2294.2 free,   2228.0 used,   3085.2 buff/cache
MiB Swap:   3803.7 total,   3803.7 free,      0.0 used.   5062.5 avail Mem 

    PID USER      PR  NI    VIRT    RES    SHR S  %CPU  %MEM     TIME+ COMMAND
 675912 jetson    20   0  753000  72836  29576 S  43.3   0.9   0:04.44 python3
 646802 jetson    20   0  709060  61196  27276 R  36.5   0.8   3:32.24 python3
 646999 jetson    20   0  963000  47896  23640 S  31.5   0.6   1:04.04 controller_serv
 675713 jetson    20   0  763620  53952  25376 S  22.7   0.7   0:03.81 ros2
 647181 jetson    20   0 9356228 409192  87560 S  17.7   5.3   1:35.85 nvblox_node
 647007 jetson    20   0  530840  46196  26216 S  16.7   0.6   0:58.96 bt_navigator
 646579 jetson    20   0 1748420 106436  51428 S  14.3   1.4   1:27.12 realsense2_came
 646583 jetson    20   0  432976  25268  14224 S  14.3   0.3   1:37.40 rplidar_node
 646804 jetson    20   0  506340  30844  18340 R  11.8   0.4   1:09.05 ekf_node
 646882 jetson    20   0 1061708  53544  24360 S  11.3   0.7   0:26.15 async_slam_tool
 647058 jetson    20   0  577528  31320  16252 S  11.3   0.4   1:05.15 lifecycle_manag
 646997 jetson    20   0  709524  61896  27392 S   9.9   0.8   0:31.07 python3
 647003 jetson    20   0 1070788  69648  24808 S   9.9   0.9   0:59.55 planner_server
 646585 jetson    20   0  707980  61236  27448 S   8.9   0.8   0:56.03 python3
 647005 jetson    20   0  516440  34888  21032 S   7.9   0.4   0:47.32 behavior_server
 647001 jetson    20   0  664548  33012  19416 S   6.4   0.4   0:40.40 smoother_server
 647025 jetson    20   0  431396  28940  17020 S   5.9   0.4   0:34.59 waypoint_follow
 647056 jetson    20   0  428696  29132  15944 S   5.9   0.4   0:33.95 velocity_smooth
  13320 root      20   0 1300496  44680  11392 S   4.4   0.6  32:32.69 micro_ros_agent
 646581 jetson    20   0  709380  64256  27276 S   3.4   0.8   0:30.75 python3
    904 root      rt   0       0      0      0 S   1.5   0.0   1:51.82 sugov:0
    909 root      rt   0       0      0      0 S   1.5   0.0   0:53.06 sugov:4
 481530 root       0 -20       0      0      0 I   1.0   0.0   0:10.92 kworker/u13:3-uvcvideo
 675714 jetson    20   0   14340   3384   2772 R   1.0   0.0   0:00.15 top
     14 root      20   0       0      0      0 S   0.5   0.0   0:23.69 ksoftirqd/0
     56 root      39  19       0      0      0 S   0.5   0.0   0:02.11 khugepaged
    829 root      20   0  264848  18932  14872 S   0.5   0.2   0:43.04 NetworkManager
   2071 gdm       20   0 3471500 137268  73260 S   0.5   1.8   0:49.65 gnome-shell
 100141 root      20   0       0      0      0 I   0.5   0.0   0:23.65 kworker/u12:6-events_freezable_power_
 284193 root      20   0       0      0      0 I   0.5   0.0   0:14.59 kworker/u12:3-events_unbound
 407770 root      20   0       0      0      0 I   0.5   0.0   0:10.69 kworker/u12:9-events_freezable_power_
 494770 root      20   0 1233488  12972   6732 S   0.5   0.2   0:12.04 containerd-shim
 646995 jetson    20   0  796968  40104  13228 S   0.5   0.5   0:01.37 ros2
 659922 root      20   0       0      0      0 I   0.5   0.0   0:00.24 kworker/u12:5-events_unbound
 675715 jetson    20   0    2872    884    788 S   0.5   0.0   0:00.03 tegrastats
      1 root      20   0  167628  11768   7448 S   0.0   0.2   0:32.35 systemd
      2 root      20   0       0      0      0 S   0.0   0.0   0:00.03 kthreadd
      3 root       0 -20       0      0      0 I   0.0   0.0   0:00.00 rcu_gp
      4 root       0 -20       0      0      0 I   0.0   0.0   0:00.00 rcu_par_gp
      5 root       0 -20       0      0      0 I   0.0   0.0   0:00.00 slub_flushwq
      6 root       0 -20       0      0      0 I   0.0   0.0   0:00.00 netns
      8 root       0 -20       0      0      0 I   0.0   0.0   0:00.00 kworker/0:0H-events_highpri
     10 root       0 -20       0      0      0 I   0.0   0.0   0:00.00 mm_percpu_wq
     11 root      20   0       0      0      0 S   0.0   0.0   0:00.00 rcu_tasks_kthre
     12 root      20   0       0      0      0 S   0.0   0.0   0:00.00 rcu_tasks_rude_
     13 root      20   0       0      0      0 S   0.0   0.0   0:00.00 rcu_tasks_trace
     15 root      20   0       0      0      0 I   0.0   0.0   0:10.48 rcu_preempt
     16 root      rt   0       0      0      0 S   0.0   0.0   0:00.03 migration/0
     17 root      20   0       0      0      0 S   0.0   0.0   0:00.00 cpuhp/0
     18 root      20   0       0      0      0 S   0.0   0.0   0:00.00 cpuhp/1
     19 root      rt   0       0      0      0 S   0.0   0.0   0:00.03 migration/1
     20 root      20   0       0      0      0 S   0.0   0.0   0:01.73 ksoftirqd/1
     22 root       0 -20       0      0      0 I   0.0   0.0   0:00.00 kworker/1:0H-events_highpri
     23 root      20   0       0      0      0 S   0.0   0.0   0:00.00 cpuhp/2
     24 root      rt   0       0      0      0 S   0.0   0.0   0:00.02 migration/2
     25 root      20   0       0      0      0 S   0.0   0.0   0:01.74 ksoftirqd/2
     27 root       0 -20       0      0      0 I   0.0   0.0   0:00.00 kworker/2:0H-events_highpri
     28 root      20   0       0      0      0 S   0.0   0.0   0:00.00 cpuhp/3
     29 root      rt   0       0      0      0 S   0.0   0.0   0:00.02 migration/3
     30 root      20   0       0      0      0 S   0.0   0.0   0:01.63 ksoftirqd/3
     32 root       0 -20       0      0      0 I   0.0   0.0   0:00.00 kworker/3:0H-events_highpri
     33 root      20   0       0      0      0 S   0.0   0.0   0:00.00 cpuhp/4
     34 root      rt   0       0      0      0 S   0.0   0.0   0:00.07 migration/4
     35 root      20   0       0      0      0 S   0.0   0.0   0:01.22 ksoftirqd/4
     37 root       0 -20       0      0      0 I   0.0   0.0   0:00.00 kworker/4:0H-kblockd
     38 root      20   0       0      0      0 S   0.0   0.0   0:00.00 cpuhp/5
     39 root      rt   0       0      0      0 S   0.0   0.0   0:00.07 migration/5
     40 root      20   0       0      0      0 S   0.0   0.0   0:01.29 ksoftirqd/5
     42 root       0 -20       0      0      0 I   0.0   0.0   0:00.00 kworker/5:0H-events_highpri
     43 root      20   0       0      0      0 S   0.0   0.0   0:00.01 kdevtmpfs
     44 root       0 -20       0      0      0 I   0.0   0.0   0:00.00 inet_frag_wq
     51 root      20   0       0      0      0 S   0.0   0.0   0:00.00 kauditd
     52 root      20   0       0      0      0 S   0.0   0.0   0:00.00 oom_reaper
     53 root       0 -20       0      0      0 I   0.0   0.0   0:00.00 writeback
     54 root      20   0       0      0      0 S   0.0   0.0   0:00.19 kcompactd0
     55 root      25   5       0      0      0 S   0.0   0.0   0:00.00 ksmd
     67 root       0 -20       0      0      0 I   0.0   0.0   0:00.00 cryptd
     86 root       0 -20       0      0      0 I   0.0   0.0   0:00.00 kintegrityd
     87 root       0 -20       0      0      0 I   0.0   0.0   0:00.00 kblockd
     88 root       0 -20       0      0      0 I   0.0   0.0   0:00.00 blkcg_punt_bio
     89 root       0 -20       0      0      0 I   0.0   0.0   0:00.00 tpm_dev_wq
     90 root       0 -20       0      0      0 I   0.0   0.0   0:00.00 ata_sff
     91 root       0 -20       0      0      0 I   0.0   0.0   0:00.00 edac-poller
     92 root       0 -20       0      0      0 I   0.0   0.0   0:00.00 devfreq_wq
     93 root     -51   0       0      0      0 S   0.0   0.0   0:00.00 watchdogd
     96 root       0 -20       0      0      0 I   0.0   0.0   0:00.06 kworker/1:1H-kblockd
     97 root       0 -20       0      0      0 I   0.0   0.0   0:00.00 rpciod
     99 root       0 -20       0      0      0 I   0.0   0.0   0:00.00 xprtiod
    127 root      20   0       0      0      0 S   0.0   0.0   0:00.00 kswapd0
    128 root       0 -20       0      0      0 I   0.0   0.0   0:00.00 nfsiod
    132 root       0 -20       0      0      0 I   0.0   0.0   0:00.00 vfio-irqfd-clea
    133 root       0 -20       0      0      0 I   0.0   0.0   0:00.00 bch_btree_io
    134 root       0 -20       0      0      0 I   0.0   0.0   0:00.00 bcache
    135 root       0 -20       0      0      0 I   0.0   0.0   0:00.00 bch_journal
    136 root       0 -20       0      0      0 I   0.0   0.0   0:00.00 dm_bufio_cache
    139 root      20   0       0      0      0 I   0.0   0.0   0:01.99 kworker/2:3-events
    140 root      10 -10       0      0      0 S   0.0   0.0   0:00.00 krfcommd
    141 root      20   0       0      0      0 S   0.0   0.0   0:00.01 pr/tty0
    142 root      20   0       0      0      0 S   0.0   0.0   0:03.11 pr/ttyTCU0
    145 root     -51   0       0      0      0 S   0.0   0.0   0:00.00 irq/114-3160000
    147 root     -51   0       0      0      0 S   0.0   0.0   0:00.00 irq/115-3180000
    149 root     -51   0       0      0      0 S   0.0   0.0   0:00.00 irq/116-31b0000
    150 root     -51   0       0      0      0 S   0.0   0.0   0:00.03 irq/167-c240000
    151 root     -51   0       0      0      0 S   0.0   0.0   0:00.00 irq/168-c250000
    152 root     -51   0       0      0      0 S   0.0   0.0   0:00.00 irq/125-3610000
    153 root     -51   0       0      0      0 S   0.0   0.0   0:00.00 irq/122-3610000
    155 root       0 -20       0      0      0 I   0.0   0.0   0:00.00 sdhci
    156 root     -51   0       0      0      0 S   0.0   0.0   0:00.00 irq/120-mmc0
    157 root     -51   0       0      0      0 S   0.0   0.0   0:00.00 irq/230-3400000
    174 root       0 -20       0      0      0 I   0.0   0.0   0:00.06 kworker/3:1H-kblockd
    180 root     -51   0       0      0      0 S   0.0   0.0   0:00.00 irq/191-tegra-p
    181 root       0 -20       0      0      0 I   0.0   0.0   0:00.00 nvme-wq
    182 root       0 -20       0      0      0 I   0.0   0.0   0:00.00 nvme-reset-wq
    183 root       0 -20       0      0      0 I   0.0   0.0   0:00.00 nvme-delete-wq
    192 root     -51   0       0      0      0 S   0.0   0.0   0:00.00 irq/191-aerdrv
    193 root     -51   0       0      0      0 S   0.0   0.0   0:00.00 irq/193-tegra-p
    196 root     -51   0       0      0      0 S   0.0   0.0   0:00.00 irq/193-aerdrv
    197 root     -51   0       0      0      0 S   0.0   0.0   0:00.00 irq/195-tegra-p
    199 root     -51   0       0      0      0 S   0.0   0.0   0:00.00 irq/232-nvme0q0
    200 root     -51   0       0      0      0 S   0.0   0.0   0:00.38 irq/233-nvme0q1
    201 root     -51   0       0      0      0 S   0.0   0.0   0:00.42 irq/234-nvme0q2
    202 root     -51   0       0      0      0 S   0.0   0.0   0:00.54 irq/235-nvme0q3
    203 root     -51   0       0      0      0 S   0.0   0.0   0:00.66 irq/236-nvme0q4
    204 root     -51   0       0      0      0 S   0.0   0.0   0:00.16 irq/237-nvme0q5
    205 root     -51   0       0      0      0 S   0.0   0.0   0:00.13 irq/238-nvme0q6
    211 root       0 -20       0      0      0 I   0.0   0.0   0:00.07 kworker/4:1H-kblockd
    212 root      20   0       0      0      0 S   0.0   0.0   0:01.51 jbd2/nvme0n1p1-
    213 root       0 -20       0      0      0 I   0.0   0.0   0:00.00 ext4-rsv-conver
    222 root       0 -20       0      0      0 I   0.0   0.0   0:00.00 mld
    223 root       0 -20       0      0      0 I   0.0   0.0   0:00.04 kworker/0:1H-kblockd
    224 root       0 -20       0      0      0 I   0.0   0.0   0:00.00 ipv6_addrconf
    256 root      19  -1   76560  40184  38556 S   0.0   0.5   0:30.49 systemd-journal
    278 root       0 -20       0      0      0 I   0.0   0.0   0:00.08 kworker/2:1H-kblockd
    280 root      39  19       0      0      0 S   0.0   0.0   0:01.71 nvmap-bz
    281 root     -51   0       0      0      0 S   0.0   0.0   0:00.00 irq/188-host1x_
    285 root     -51   0       0      0      0 S   0.0   0.0   0:00.00 irq/197-gk20a_s
    286 root     -51   0       0      0      0 S   0.0   0.0   0:00.03 irq/198-gk20a_s
    287 root     -51   0       0      0      0 S   0.0   0.0   0:00.03 irq/199-gk20a_s
    288 root     -51   0       0      0      0 S   0.0   0.0   0:00.00 irq/200-gk20a_n
    291 root       0 -20       0      0      0 I   0.0   0.0   0:00.06 kworker/5:1H-kblockd
    295 root      20   0   11116   3460   3204 S   0.0   0.0   0:00.00 nv-tee-supplica
    299 root      20   0   76588   1360   1248 S   0.0   0.0   0:00.01 tee-supplicant
    301 root       0 -20       0      0      0 I   0.0   0.0   0:00.00 optee_bus_scan
    303 root     -51   0       0      0      0 S   0.0   0.0   0:00.00 irq/189-tegra-p
    312 root      20   0   23732   6316   4080 S   0.0   0.1   0:27.83 systemd-udevd
    313 root     -51   0       0      0      0 S   0.0   0.0   0:00.00 irq/189-aerdrv
    314 root      20   0   23216   5832   3992 S   0.0   0.1   0:00.41 systemd-udevd
    315 root      20   0   23216   5020   3248 S   0.0   0.1   0:00.15 systemd-udevd
    316 root      20   0   23268   6252   4316 S   0.0   0.1   0:00.16 systemd-udevd
    317 root      20   0   23220   4364   2600 S   0.0   0.1   0:00.11 systemd-udevd
    318 root      20   0   23216   4480   2672 S   0.0   0.1   0:00.12 systemd-udevd
    319 root      20   0   23212   5820   3980 S   0.0   0.1   0:00.29 systemd-udevd
    320 root      20   0   23264   4688   2764 S   0.0   0.1   0:00.13 systemd-udevd
    321 root      20   0   23268   5072   3136 S   0.0   0.1   0:00.18 systemd-udevd
    322 root      20   0   23524   5520   3456 S   0.0   0.1   0:00.27 systemd-udevd
    323 root      20   0   23216   6304   4444 S   0.0   0.1   0:00.42 systemd-udevd
    324 root      20   0   23220   5196   3388 S   0.0   0.1   0:00.16 systemd-udevd
    325 root      20   0   23220   5820   3976 S   0.0   0.1   0:00.41 systemd-udevd
    326 root      20   0   23220   5256   3388 S   0.0   0.1   0:00.45 systemd-udevd
    327 root      20   0   23220   5504   3684 S   0.0   0.1   0:00.18 systemd-udevd
    330 root      20   0   23512   5728   3684 S   0.0   0.1   0:00.14 systemd-udevd
    331 root      20   0   24292   5540   2676 S   0.0   0.1   0:00.16 systemd-udevd
    333 root      20   0   23524   5596   3532 S   0.0   0.1   0:00.28 systemd-udevd
    334 root      20   0   23220   5584   3740 S   0.0   0.1   0:00.27 systemd-udevd
    335 root      20   0   23220   4504   2708 S   0.0   0.1   0:00.11 systemd-udevd
    336 root      20   0   23220   4696   2892 S   0.0   0.1   0:00.14 systemd-udevd
    337 root      20   0   23524   5056   2992 S   0.0   0.1   0:00.16 systemd-udevd
    339 root      20   0   23220   4980   3148 S   0.0   0.1   0:00.17 systemd-udevd
    340 root      20   0   23544   6732   4608 S   0.0   0.1   1:33.29 systemd-udevd
    341 root      20   0   23276   5328   3384 S   0.0   0.1   0:00.13 systemd-udevd
    342 root      20   0   23280   5176   3228 S   0.0   0.1   0:00.13 systemd-udevd
    343 root      20   0   23220   5988   4152 S   0.0   0.1   0:00.33 systemd-udevd
    344 root      20   0   23560   6700   4596 S   0.0   0.1   0:00.58 systemd-udevd
    345 root      20   0       0      0      0 S   0.0   0.0   0:00.00 15820000.crypto
    346 root      20   0       0      0      0 S   0.0   0.0   0:00.00 15840000.crypto
    368 root      20   0   23324   5984   4116 S   0.0   0.1   0:00.46 systemd-udevd
    417 root     -51   0       0      0      0 S   0.0   0.0   0:00.00 irq/219-bc00000
    419 root      -2   0       0      0      0 S   0.0   0.0   0:00.00 capture-control
    420 root      -2   0       0      0      0 S   0.0   0.0   0:00.00 capture
    422 root     -51   0       0      0      0 S   0.0   0.0   0:00.00 irq/214-tegra_d
    423 root     -51   0       0      0      0 S   0.0   0.0   0:00.00 irq/215-tegra_d
    424 root       0 -20       0      0      0 I   0.0   0.0   0:00.00 dce-async-ipc-w
    425 root     -51   0       0      0      0 S   0.0   0.0   0:00.00 irq/240-nvvrs-p
    427 root      20   0       0      0      0 S   0.0   0.0   0:00.00 nv_queue
    428 root      20   0       0      0      0 S   0.0   0.0   0:00.00 nv_queue
    483 root     -51   0       0      0      0 S   0.0   0.0   0:00.00 irq/118-3210000
    487 root      20   0       0      0      0 S   0.0   0.0   0:00.00 spi0
    495 root       0 -20       0      0      0 I   0.0   0.0   0:00.00 cfg80211
    497 root     -51   0       0      0      0 S   0.0   0.0   0:00.00 irq/119-3230000
    498 root      20   0       0      0      0 S   0.0   0.0   0:00.00 spi1
    584 root       0 -20       0      0      0 I   0.0   0.0   0:00.00 btfwwork
    650 root      20   0    8236   6424   1432 S   0.0   0.1   0:00.73 haveged
    653 _rpc      20   0    7932   2264   1912 S   0.0   0.0   0:00.04 rpcbind
    659 systemd+  20   0   26320  13580   8496 S   0.0   0.2   0:00.55 systemd-resolve
    662 systemd+  20   0   88880   6332   5484 S   0.0   0.1   0:00.15 systemd-timesyn
    826 avahi     20   0    8084   3108   2752 S   0.0   0.0   0:00.70 avahi-daemon
    827 root      20   0    9888   4552   4112 S   0.0   0.1   0:00.07 bluetoothd
    828 message+  20   0   10496   5632   3584 S   0.0   0.1   0:47.34 dbus-daemon
    838 root      20   0   43504  19780  10232 S   0.0   0.3   0:00.15 networkd-dispat
    849 root      20   0  241652   9056   6312 S   0.0   0.1   0:00.66 power-profiles-
    854 syslog    20   0  222160   5012   3672 S   0.0   0.1   0:05.85 rsyslogd
    859 root      20   0    2240    796    720 S   0.0   0.0   0:00.00 seatd
    865 root      20   0 2145956  51924  25772 S   0.0   0.7   0:37.95 snapd
    867 root      20   0  242124   7452   6576 S   0.0   0.1   0:02.28 accounts-daemon
    869 root      20   0  238128   6232   5620 S   0.0   0.1   0:00.04 switcheroo-cont
    871 root      20   0   48968   7620   6296 S   0.0   0.1   0:04.02 systemd-logind
    874 root      20   0  394188  13988   9476 S   0.0   0.2   0:01.11 udisksd
    875 root      20   0   16632   9928   8148 S   0.0   0.1   0:01.36 wpa_supplicant
    882 avahi     20   0    7812    356      0 S   0.0   0.0   0:00.00 avahi-daemon
    921 root      30  10   11248   3612   3220 S   0.0   0.0   0:08.78 wifi_mon.sh
    969 root      20   0  237044  10468   6400 S   0.0   0.1   3:27.51 polkitd
    983 root      20   0    2460   1556   1380 S   0.0   0.0   0:08.55 nvfancontrol
   1049 root      20   0       0      0      0 S   0.0   0.0   0:00.00 sw-quiesce
   1052 root      20   0       0      0      0 S   0.0   0.0   0:21.78 nvgpu_channel_p
   1068 root      20   0       0      0      0 S   0.0   0.0   0:00.00 nvgpu_pg_init_g
   1087 root      20   0       0      0      0 S   0.0   0.0   0:00.00 nvgpu_clk_arb_p
   1117 root      20   0       0      0      0 S   0.0   0.0   0:08.02 RTW_CMD_THREAD
   1157 root      20   0   75936   9960   8136 S   0.0   0.1   0:00.01 nvargus-daemon
   1158 root      20   0   11116   3520   3220 S   0.0   0.0   0:00.08 nvmemwarning.sh
   1171 root      20   0   22192   1776   1580 S   0.0   0.0   0:00.00 nvs-service
   1181 ollama    20   0 2006720  39588  20072 S   0.0   0.5   0:01.11 ollama
   1195 root      20   0    2336   1408   1292 S   0.0   0.0   0:01.96 run-cups-browse
   1201 root      20   0    2336   1424   1296 S   0.0   0.0   0:02.02 run-cupsd
   1204 root      20   0       0      0      0 S   0.0   0.0   0:00.00 pr/ramoops-1
   1212 root      20   0 2093336  74476  33976 S   0.0   1.0   0:42.45 containerd
   1239 root      20   0   10772   2824   2576 S   0.0   0.0   0:00.06 cron
   1259 root      20   0  243128   8056   7012 S   0.0   0.1   0:00.02 gdm3
   1263 kernoops  20   0   12812    452      0 S   0.0   0.0   0:00.02 kerneloops
   1290 root      20   0    9468    800    724 S   0.0   0.0   0:00.00 agetty
   1291 kernoops  20   0   12812    452      0 S   0.0   0.0   0:00.02 kerneloops
   1293 root      20   0    9468    804    724 S   0.0   0.0   0:00.00 agetty
   1330 root      20   0  173408   8804   7628 S   0.0   0.1   0:00.02 gdm-session-wor
   1417 root      20   0       0      0      0 S   0.0   0.0   0:00.00 file-storage
   1426 root      20   0   15272   8368   6788 S   0.0   0.1   0:00.80 sshd
   1474 gdm       20   0   18120   9728   7360 S   0.0   0.1   0:00.46 systemd
   1478 root      20   0    3076    992    880 S   0.0   0.0   0:00.00 nvphsd
   1483 root      20   0    3208   1476   1316 S   0.0   0.0   0:00.00 nvphsd
   1497 gdm       20   0  106692   4552      0 S   0.0   0.1   0:00.00 (sd-pam)
   1588 root      20   0 2353004 113512  57032 S   0.0   1.5   0:32.35 dockerd
   1688 gdm        9 -11   41972   6476   5156 S   0.0   0.1   0:00.07 pipewire
   1689 gdm       20   0   25476   6428   5104 S   0.0   0.1   0:01.81 pipewire-media-
   1690 gdm        9 -11  891840  20748  12584 S   0.0   0.3   0:01.00 pulseaudio
   1695 gdm       20   0  163948   5472   4964 S   0.0   0.1   0:00.00 gdm-x-session
   1697 root      20   0   24.2g  80544  35884 S   0.0   1.0   0:02.25 Xorg
   1698 rtkit     21   1  153504   1588   1380 S   0.0   0.0   0:00.32 rtkit-daemon
   1729 gdm       20   0    8840   3600   3212 S   0.0   0.0   0:00.02 dbus-daemon
   1748 root      20   0       0      0      0 S   0.0   0.0   0:00.00 nvidia-modeset/
   1749 root      20   0       0      0      0 S   0.0   0.0   0:00.00 nvidia-modeset/
   1752 root      20   0       0      0      0 S   0.0   0.0   0:00.00 nvidia
   1753 root      20   0       0      0      0 S   0.0   0.0   0:00.00 nv_queue
   1790 root      20   0       0      0      0 S   0.0   0.0   0:00.00 nvidia-drm-nv-t
   1791 root     -51   0       0      0      0 S   0.0   0.0   0:00.00 card1-crtc0
   1792 root     -51   0       0      0      0 S   0.0   0.0   0:00.00 card1-crtc1
   1980 gdm       20   0    5876   1552   1344 S   0.0   0.0   0:00.00 dbus-run-sessio
   1983 gdm       20   0    9108   4440   3588 S   0.0   0.1   0:00.13 dbus-daemon
   2035 gdm       20   0  597840  17824  12972 S   0.0   0.2   0:01.10 gnome-session-b
   2057 gdm       20   0  310068   8976   6272 S   0.0   0.1   0:00.00 at-spi-bus-laun
   2062 gdm       20   0    8692   3556   3168 S   0.0   0.0   0:00.00 dbus-daemon
   2092 gdm       20   0  237676   4964   4528 S   0.0   0.1   0:00.00 xdg-permission-
   2099 root      20   0  243852  10136   6984 S   0.0   0.1   0:00.51 upowerd
   2106 root      20   0  301608  19332  16408 S   0.0   0.2   0:01.73 packagekitd
   2110 gdm       20   0 2812288  25716  20860 S   0.0   0.3   0:00.08 gjs
   2113 gdm       20   0  163144   7196   6428 S   0.0   0.1   0:00.02 at-spi2-registr
   2141 gdm       20   0  468748   9856   7940 S   0.0   0.1   0:02.18 gsd-sharing
   2146 gdm       20   0  338880  14892  12620 S   0.0   0.2   0:00.06 gsd-wacom
   2148 gdm       20   0  451616  18896  16480 S   0.0   0.2   0:00.22 gsd-color
   2150 gdm       20   0  412392  17092  13292 S   0.0   0.2   0:00.04 gsd-keyboard
   2152 gdm       20   0  316864  13188   6244 S   0.0   0.2   0:00.10 ibus-daemon
   2156 gdm       20   0  326124   9848   8488 S   0.0   0.1   0:00.02 gsd-print-notif
   2166 gdm       20   0  242216   6512   5848 S   0.0   0.1   0:00.01 gvfsd
   2168 gdm       20   0  459796   6140   5436 S   0.0   0.1   0:00.64 gsd-rfkill
   2170 gdm       20   0  388312   7432   6528 S   0.0   0.1   0:00.01 gsd-smartcard
   2173 gdm       20   0  380556  16508  12504 S   0.0   0.2   0:00.03 gsd-datetime
   2183 gdm       20   0  864216  20108  17428 S   0.0   0.3   0:00.58 gsd-media-keys
   2184 gdm       20   0  237936   4760   4376 S   0.0   0.1   0:00.01 gsd-screensaver
   2185 gdm       20   0  322096  10392   7320 S   0.0   0.1   0:00.02 gsd-sound
   2186 gdm       20   0  312416   8104   5476 S   0.0   0.1   0:00.01 gsd-a11y-settin
   2193 gdm       20   0  313996   8944   6152 S   0.0   0.1   0:01.01 gsd-housekeepin
   2195 gdm       20   0  450004  20288  15904 S   0.0   0.3   0:00.57 gsd-power
   2218 gdm       20   0  347052  12608  10748 S   0.0   0.2   0:00.03 gsd-printer
   2221 gdm       20   0  239040   6576   5948 S   0.0   0.1   0:00.00 ibus-dconf
   2233 gdm       20   0  238936   5920   5488 S   0.0   0.1   0:00.00 ibus-portal
   2263 colord    20   0  247516  14492   8720 S   0.0   0.2   0:00.27 colord
   2285 gdm       20   0 2812300  27868  20904 S   0.0   0.4   0:00.09 gjs
   2349 gdm       20   0  165096   6516   5892 S   0.0   0.1   0:00.01 ibus-engine-sim
   2508 root      20   0  136716  13172   9512 S   0.0   0.2   0:00.73 cupsd
   2522 root      20   0  260792  17940  13508 S   0.0   0.2   0:01.72 cups-browsed
  11687 jetson    20   0   18140   9764   7368 S   0.0   0.1   0:00.37 systemd
  11688 jetson    20   0  172512   4632      0 S   0.0   0.1   0:00.00 (sd-pam)
  11696 jetson    20   0   41976   6552   5228 S   0.0   0.1   0:00.07 pipewire
  11697 jetson    20   0   25484   6724   5388 S   0.0   0.1   0:01.99 pipewire-media-
  11749 jetson    20   0    8888   4168   3672 S   0.0   0.1   0:00.03 dbus-daemon
  11931 jetson    20   0  707268  63144  26432 S   0.0   0.8   2:28.25 python3
  13234 jetson    20   0  203640  35476  13212 S   0.0   0.5   0:00.75 ros2
  13236 jetson    20   0 2070472  36080  17228 S   0.0   0.5   0:00.94 docker
  13238 jetson    20   0  428524  31584  15828 S   0.0   0.4   2:34.03 robot_state_pub
  13265 root      20   0 1232976  11204   5960 S   0.0   0.1   0:02.48 containerd-shim
  13294 root      20   0   49400  29204  14412 S   0.0   0.4   0:00.40 ros2
 417230 root      20   0       0      0      0 I   0.0   0.0   0:09.08 kworker/u12:0-events_unbound
 418183 root       0 -20       0      0      0 I   0.0   0.0   0:16.43 kworker/u13:0-uvcvideo
 437586 root      20   0       0      0      0 I   0.0   0.0   0:07.73 kworker/u12:4-events_unbound
 465092 root      20   0  238836   6948   5700 S   0.0   0.1   0:01.41 iio-sensor-prox
 494799 jetson    20   0    5508    792    704 S   0.0   0.0   0:00.21 sleep
 494866 root      20   0   21760   5464   3940 S   0.0   0.1   0:04.78 systemd-udevd
 494879 root      20   0   21756   3352   1840 S   0.0   0.0   0:01.00 systemd-udevd
 513219 root      20   0   21752   3996   2468 S   0.0   0.1   0:00.00 systemd-udevd
 513220 root      20   0   21760   3388   1868 S   0.0   0.0   0:00.00 systemd-udevd
 513233 root      20   0   21760   3392   1868 S   0.0   0.0   0:00.00 systemd-udevd
 513234 root      20   0   21760   3356   1840 S   0.0   0.0   0:00.00 systemd-udevd
 513235 root      20   0   21760   3996   2468 S   0.0   0.1   0:00.01 systemd-udevd
 513236 root      20   0   21760   3384   1868 S   0.0   0.0   0:00.00 systemd-udevd
 513237 root      20   0   21760   4188   2660 S   0.0   0.1   0:00.00 systemd-udevd
 513250 root      20   0   21760   4432   2868 S   0.0   0.1   0:08.42 systemd-udevd
 513251 root      20   0   21760   3840   2288 S   0.0   0.0   0:00.00 systemd-udevd
 513265 root      20   0   21760   4056   2496 S   0.0   0.1   0:00.01 systemd-udevd
 513266 root      20   0   21760   4052   2496 S   0.0   0.1   0:00.01 systemd-udevd
 538507 root      20   0       0      0      0 I   0.0   0.0   0:00.29 kworker/0:0-events
 562560 root      20   0       0      0      0 I   0.0   0.0   0:02.65 kworker/u12:1-events_unbound
 576600 root      20   0       0      0      0 I   0.0   0.0   0:00.40 kworker/3:0-events
 576909 root      20   0       0      0      0 I   0.0   0.0   0:00.08 kworker/4:1-events
 582730 root      20   0       0      0      0 I   0.0   0.0   0:02.41 kworker/u12:2-events_freezable_power_
 589172 root      20   0       0      0      0 I   0.0   0.0   0:02.15 kworker/u12:10-events_freezable_power_
 591089 root       0 -20       0      0      0 I   0.0   0.0   0:04.22 kworker/u13:1-uvcvideo
 602672 root      20   0       0      0      0 I   0.0   0.0   0:00.14 kworker/1:3-events
 621531 root      20   0       0      0      0 I   0.0   0.0   0:00.11 kworker/5:2-events
 622272 root      20   0       0      0      0 I   0.0   0.0   0:01.24 kworker/u12:7-events_freezable_power_
 642140 root      20   0       0      0      0 I   0.0   0.0   0:00.95 kworker/u12:8-events_unbound
 645581 root      20   0       0      0      0 I   0.0   0.0   0:00.04 kworker/1:2-events
 645980 root      20   0       0      0      0 I   0.0   0.0   0:00.07 kworker/5:0-events
 646577 jetson    20   0  572504  38828  13216 S   0.0   0.5   0:00.85 ros2
 646587 jetson    20   0 1082604  58700  26340 S   0.0   0.8   0:27.25 foxglove_bridge
 646880 jetson    20   0  129772  34676  13228 S   0.0   0.4   0:00.69 ros2
 647060 jetson    20   0   11248   3076   2756 S   0.0   0.0   0:00.39 bash
 647156 jetson    20   0   53568  30344  15012 S   0.0   0.4   0:00.41 ros2
 647161 root      20   0       0      0      0 I   0.0   0.0   0:00.00 kworker/3:1-events
 651818 root      20   0       0      0      0 I   0.0   0.0   0:00.05 kworker/4:0-pm
 651861 root      20   0       0      0      0 I   0.0   0.0   0:00.00 kworker/2:0-events
 651906 root      20   0       0      0      0 I   0.0   0.0   0:00.00 kworker/0:2-events
 660558 root      20   0       0      0      0 I   0.0   0.0   0:00.04 kworker/1:0-events
 660666 root       0 -20       0      0      0 I   0.0   0.0   0:01.46 kworker/u13:2-uvcvideo
 663616 root      20   0    9436    784    704 S   0.0   0.0   0:00.00 sleep
 670335 root      20   0       0      0      0 I   0.0   0.0   0:00.00 kworker/2:1-cgroup_destroy
 670336 root      20   0       0      0      0 I   0.0   0.0   0:00.00 kworker/2:2-cgroup_destroy
 670384 root      20   0       0      0      0 I   0.0   0.0   0:00.00 kworker/0:1
 670511 root      20   0       0      0      0 I   0.0   0.0   0:00.00 kworker/3:2-cgroup_destroy
 670512 root      20   0       0      0      0 I   0.0   0.0   0:00.00 kworker/3:3
 672581 root      20   0       0      0      0 I   0.0   0.0   0:00.02 kworker/5:1-pm
 672816 jetson    20   0   11248   3308   2868 S   0.0   0.0   0:00.04 bash
 675134 root       0 -20       0      0      0 I   0.0   0.0   0:00.16 kworker/u13:4-uvcvideo
 675625 jetson    20   0   11248   3300   2868 S   0.0   0.0   0:00.01 bash
 675913 jetson    20   0    9480    808    724 S   0.0   0.0   0:00.00 tail
 676165 root      30  10    9436    768    688 S   0.0   0.0   0:00.00 sleep
 676539 jetson    20   0    9444    776    696 S   0.0   0.0   0:00.00 sleep

top - 16:10:45 up  6:33,  0 users,  load average: 8.23, 6.81, 6.62
Tasks: 353 total,   2 running, 351 sleeping,   0 stopped,   0 zombie
%Cpu(s): 44.0 us, 13.2 sy,  0.0 ni, 38.4 id,  0.0 wa,  2.3 hi,  2.0 si,  0.0 st
MiB Mem :   7607.4 total,   2289.8 free,   2228.5 used,   3089.1 buff/cache
MiB Swap:   3803.7 total,   3803.7 free,      0.0 used.   5062.0 avail Mem 

    PID USER      PR  NI    VIRT    RES    SHR S  %CPU  %MEM     TIME+ COMMAND
 675912 jetson    20   0  753236  73124  29576 S  42.9   0.9   0:05.31 python3
 646802 jetson    20   0  709060  61196  27276 R  35.5   0.8   3:32.96 python3
 646999 jetson    20   0  963000  48016  23640 S  32.5   0.6   1:04.70 controller_serv
 675713 jetson    20   0  763620  53952  25376 S  23.2   0.7   0:04.28 ros2
 647181 jetson    20   0 9356228 409196  87560 S  16.7   5.3   1:36.19 nvblox_node
 647007 jetson    20   0  530840  46196  26216 S  16.3   0.6   0:59.29 bt_navigator
 646583 jetson    20   0  432976  25268  14224 S  14.8   0.3   1:37.70 rplidar_node
    969 root      20   0  237044  10468   6400 S  14.3   0.1   3:27.80 polkitd
 646579 jetson    20   0 1748420 106436  51428 S  13.8   1.4   1:27.40 realsense2_came
 647058 jetson    20   0  577528  31320  16252 S  11.8   0.4   1:05.39 lifecycle_manag
 646804 jetson    20   0  506340  30844  18340 S  11.3   0.4   1:09.28 ekf_node
 646997 jetson    20   0  709524  61896  27392 S   9.9   0.8   0:31.27 python3
 646585 jetson    20   0  707980  61236  27448 S   8.9   0.8   0:56.21 python3
 647003 jetson    20   0 1070788  69656  24808 S   8.9   0.9   0:59.73 planner_server
 647005 jetson    20   0  516440  34888  21032 S   7.9   0.4   0:47.48 behavior_server
 646882 jetson    20   0 1061852  53544  24360 S   6.4   0.7   0:26.28 async_slam_tool
 647001 jetson    20   0  664684  33020  19416 S   6.4   0.4   0:40.53 smoother_server
 647025 jetson    20   0  431396  28940  17020 S   5.9   0.4   0:34.71 waypoint_follow
 647056 jetson    20   0  428696  29132  15944 S   5.9   0.4   0:34.07 velocity_smooth
  13320 root      20   0 1300496  44680  11392 S   4.4   0.6  32:32.78 micro_ros_agent
    828 message+  20   0   10496   5632   3584 S   3.4   0.1   0:47.41 dbus-daemon
 646581 jetson    20   0  709380  64256  27276 S   3.4   0.8   0:30.82 python3
      1 root      20   0  167628  11768   7448 S   2.0   0.2   0:32.39 systemd
    829 root      20   0  264848  18932  14872 S   2.0   0.2   0:43.08 NetworkManager
    904 root      rt   0       0      0      0 S   1.5   0.0   1:51.85 sugov:0
   2071 gdm       20   0 3471500 137268  73260 S   1.5   1.8   0:49.68 gnome-shell
    909 root      rt   0       0      0      0 S   1.0   0.0   0:53.08 sugov:4
   1588 root      20   0 2353004 113512  57032 S   1.0   1.5   0:32.37 dockerd
 481530 root       0 -20       0      0      0 I   1.0   0.0   0:10.94 kworker/u13:3-uvcvideo
 494770 root      20   0 1233488  12972   6732 S   1.0   0.2   0:12.06 containerd-shim
    256 root      19  -1   76560  40184  38556 S   0.5   0.5   0:30.50 systemd-journal
    312 root      20   0   23732   6316   4080 S   0.5   0.1   0:27.84 systemd-udevd
    340 root      20   0   23544   6732   4608 S   0.5   0.1   1:33.30 systemd-udevd
   1212 root      20   0 2093336  74476  33976 S   0.5   1.0   0:42.46 containerd
   1426 root      20   0   15272   8368   6788 S   0.5   0.1   0:00.81 sshd
   2099 root      20   0  243852  10136   6984 S   0.5   0.1   0:00.52 upowerd
   2195 gdm       20   0  450004  20288  15904 S   0.5   0.3   0:00.58 gsd-power
 100141 root      20   0       0      0      0 I   0.5   0.0   0:23.66 kworker/u12:6-events_unbound
 284193 root      20   0       0      0      0 I   0.5   0.0   0:14.60 kworker/u12:3-devfreq_wq
 494866 root      20   0   21760   5464   3940 S   0.5   0.1   0:04.79 systemd-udevd
 589172 root      20   0       0      0      0 I   0.5   0.0   0:02.16 kworker/u12:10-events_unbound
 646995 jetson    20   0  796968  40104  13228 S   0.5   0.5   0:01.38 ros2
 675714 jetson    20   0   14340   3384   2772 R   0.5   0.0   0:00.16 top
      2 root      20   0       0      0      0 S   0.0   0.0   0:00.03 kthreadd
      3 root       0 -20       0      0      0 I   0.0   0.0   0:00.00 rcu_gp
      4 root       0 -20       0      0      0 I   0.0   0.0   0:00.00 rcu_par_gp
      5 root       0 -20       0      0      0 I   0.0   0.0   0:00.00 slub_flushwq
      6 root       0 -20       0      0      0 I   0.0   0.0   0:00.00 netns
      8 root       0 -20       0      0      0 I   0.0   0.0   0:00.00 kworker/0:0H-events_highpri
     10 root       0 -20       0      0      0 I   0.0   0.0   0:00.00 mm_percpu_wq
     11 root      20   0       0      0      0 S   0.0   0.0   0:00.00 rcu_tasks_kthre
     12 root      20   0       0      0      0 S   0.0   0.0   0:00.00 rcu_tasks_rude_
     13 root      20   0       0      0      0 S   0.0   0.0   0:00.00 rcu_tasks_trace
     14 root      20   0       0      0      0 S   0.0   0.0   0:23.69 ksoftirqd/0
     15 root      20   0       0      0      0 I   0.0   0.0   0:10.48 rcu_preempt
     16 root      rt   0       0      0      0 S   0.0   0.0   0:00.03 migration/0
     17 root      20   0       0      0      0 S   0.0   0.0   0:00.00 cpuhp/0
     18 root      20   0       0      0      0 S   0.0   0.0   0:00.00 cpuhp/1
     19 root      rt   0       0      0      0 S   0.0   0.0   0:00.03 migration/1
     20 root      20   0       0      0      0 S   0.0   0.0   0:01.73 ksoftirqd/1
     22 root       0 -20       0      0      0 I   0.0   0.0   0:00.00 kworker/1:0H-events_highpri
     23 root      20   0       0      0      0 S   0.0   0.0   0:00.00 cpuhp/2
     24 root      rt   0       0      0      0 S   0.0   0.0   0:00.02 migration/2
     25 root      20   0       0      0      0 S   0.0   0.0   0:01.74 ksoftirqd/2
     27 root       0 -20       0      0      0 I   0.0   0.0   0:00.00 kworker/2:0H-events_highpri
     28 root      20   0       0      0      0 S   0.0   0.0   0:00.00 cpuhp/3
     29 root      rt   0       0      0      0 S   0.0   0.0   0:00.02 migration/3
     30 root      20   0       0      0      0 S   0.0   0.0   0:01.63 ksoftirqd/3
     32 root       0 -20       0      0      0 I   0.0   0.0   0:00.00 kworker/3:0H-events_highpri
     33 root      20   0       0      0      0 S   0.0   0.0   0:00.00 cpuhp/4
     34 root      rt   0       0      0      0 S   0.0   0.0   0:00.07 migration/4
     35 root      20   0       0      0      0 S   0.0   0.0   0:01.22 ksoftirqd/4
     37 root       0 -20       0      0      0 I   0.0   0.0   0:00.00 kworker/4:0H-kblockd
     38 root      20   0       0      0      0 S   0.0   0.0   0:00.00 cpuhp/5
     39 root      rt   0       0      0      0 S   0.0   0.0   0:00.07 migration/5
     40 root      20   0       0      0      0 S   0.0   0.0   0:01.29 ksoftirqd/5
     42 root       0 -20       0      0      0 I   0.0   0.0   0:00.00 kworker/5:0H-events_highpri
     43 root      20   0       0      0      0 S   0.0   0.0   0:00.01 kdevtmpfs
     44 root       0 -20       0      0      0 I   0.0   0.0   0:00.00 inet_frag_wq
     51 root      20   0       0      0      0 S   0.0   0.0   0:00.00 kauditd
     52 root      20   0       0      0      0 S   0.0   0.0   0:00.00 oom_reaper
     53 root       0 -20       0      0      0 I   0.0   0.0   0:00.00 writeback
     54 root      20   0       0      0      0 S   0.0   0.0   0:00.19 kcompactd0
     55 root      25   5       0      0      0 S   0.0   0.0   0:00.00 ksmd
     56 root      39  19       0      0      0 S   0.0   0.0   0:02.11 khugepaged
     67 root       0 -20       0      0      0 I   0.0   0.0   0:00.00 cryptd
     86 root       0 -20       0      0      0 I   0.0   0.0   0:00.00 kintegrityd
     87 root       0 -20       0      0      0 I   0.0   0.0   0:00.00 kblockd
     88 root       0 -20       0      0      0 I   0.0   0.0   0:00.00 blkcg_punt_bio
     89 root       0 -20       0      0      0 I   0.0   0.0   0:00.00 tpm_dev_wq
     90 root       0 -20       0      0      0 I   0.0   0.0   0:00.00 ata_sff
     91 root       0 -20       0      0      0 I   0.0   0.0   0:00.00 edac-poller
     92 root       0 -20       0      0      0 I   0.0   0.0   0:00.00 devfreq_wq
     93 root     -51   0       0      0      0 S   0.0   0.0   0:00.00 watchdogd
     96 root       0 -20       0      0      0 I   0.0   0.0   0:00.06 kworker/1:1H-kblockd
     97 root       0 -20       0      0      0 I   0.0   0.0   0:00.00 rpciod
     99 root       0 -20       0      0      0 I   0.0   0.0   0:00.00 xprtiod
    127 root      20   0       0      0      0 S   0.0   0.0   0:00.00 kswapd0
    128 root       0 -20       0      0      0 I   0.0   0.0   0:00.00 nfsiod
    132 root       0 -20       0      0      0 I   0.0   0.0   0:00.00 vfio-irqfd-clea
    133 root       0 -20       0      0      0 I   0.0   0.0   0:00.00 bch_btree_io
    134 root       0 -20       0      0      0 I   0.0   0.0   0:00.00 bcache
    135 root       0 -20       0      0      0 I   0.0   0.0   0:00.00 bch_journal
    136 root       0 -20       0      0      0 I   0.0   0.0   0:00.00 dm_bufio_cache
    139 root      20   0       0      0      0 I   0.0   0.0   0:01.99 kworker/2:3-events
    140 root      10 -10       0      0      0 S   0.0   0.0   0:00.00 krfcommd
    141 root      20   0       0      0      0 S   0.0   0.0   0:00.01 pr/tty0
    142 root      20   0       0      0      0 S   0.0   0.0   0:03.11 pr/ttyTCU0
    145 root     -51   0       0      0      0 S   0.0   0.0   0:00.00 irq/114-3160000
    147 root     -51   0       0      0      0 S   0.0   0.0   0:00.00 irq/115-3180000
    149 root     -51   0       0      0      0 S   0.0   0.0   0:00.00 irq/116-31b0000
    150 root     -51   0       0      0      0 S   0.0   0.0   0:00.03 irq/167-c240000
    151 root     -51   0       0      0      0 S   0.0   0.0   0:00.00 irq/168-c250000
    152 root     -51   0       0      0      0 S   0.0   0.0   0:00.00 irq/125-3610000
    153 root     -51   0       0      0      0 S   0.0   0.0   0:00.00 irq/122-3610000
    155 root       0 -20       0      0      0 I   0.0   0.0   0:00.00 sdhci
    156 root     -51   0       0      0      0 S   0.0   0.0   0:00.00 irq/120-mmc0
    157 root     -51   0       0      0      0 S   0.0   0.0   0:00.00 irq/230-3400000
    174 root       0 -20       0      0      0 I   0.0   0.0   0:00.06 kworker/3:1H-kblockd
    180 root     -51   0       0      0      0 S   0.0   0.0   0:00.00 irq/191-tegra-p
    181 root       0 -20       0      0      0 I   0.0   0.0   0:00.00 nvme-wq
    182 root       0 -20       0      0      0 I   0.0   0.0   0:00.00 nvme-reset-wq
    183 root       0 -20       0      0      0 I   0.0   0.0   0:00.00 nvme-delete-wq
    192 root     -51   0       0      0      0 S   0.0   0.0   0:00.00 irq/191-aerdrv
    193 root     -51   0       0      0      0 S   0.0   0.0   0:00.00 irq/193-tegra-p
    196 root     -51   0       0      0      0 S   0.0   0.0   0:00.00 irq/193-aerdrv
    197 root     -51   0       0      0      0 S   0.0   0.0   0:00.00 irq/195-tegra-p
    199 root     -51   0       0      0      0 S   0.0   0.0   0:00.00 irq/232-nvme0q0
    200 root     -51   0       0      0      0 S   0.0   0.0   0:00.38 irq/233-nvme0q1
    201 root     -51   0       0      0      0 S   0.0   0.0   0:00.42 irq/234-nvme0q2
    202 root     -51   0       0      0      0 S   0.0   0.0   0:00.54 irq/235-nvme0q3
    203 root     -51   0       0      0      0 S   0.0   0.0   0:00.66 irq/236-nvme0q4
    204 root     -51   0       0      0      0 S   0.0   0.0   0:00.16 irq/237-nvme0q5
    205 root     -51   0       0      0      0 S   0.0   0.0   0:00.13 irq/238-nvme0q6
    211 root       0 -20       0      0      0 I   0.0   0.0   0:00.07 kworker/4:1H-kblockd
    212 root      20   0       0      0      0 S   0.0   0.0   0:01.51 jbd2/nvme0n1p1-
    213 root       0 -20       0      0      0 I   0.0   0.0   0:00.00 ext4-rsv-conver
    222 root       0 -20       0      0      0 I   0.0   0.0   0:00.00 mld
    223 root       0 -20       0      0      0 I   0.0   0.0   0:00.04 kworker/0:1H-kblockd
    224 root       0 -20       0      0      0 I   0.0   0.0   0:00.00 ipv6_addrconf
    278 root       0 -20       0      0      0 I   0.0   0.0   0:00.08 kworker/2:1H-kblockd
    280 root      39  19       0      0      0 S   0.0   0.0   0:01.71 nvmap-bz
    281 root     -51   0       0      0      0 S   0.0   0.0   0:00.00 irq/188-host1x_
    285 root     -51   0       0      0      0 S   0.0   0.0   0:00.00 irq/197-gk20a_s
    286 root     -51   0       0      0      0 S   0.0   0.0   0:00.03 irq/198-gk20a_s
    287 root     -51   0       0      0      0 S   0.0   0.0   0:00.03 irq/199-gk20a_s
    288 root     -51   0       0      0      0 S   0.0   0.0   0:00.00 irq/200-gk20a_n
    291 root       0 -20       0      0      0 I   0.0   0.0   0:00.06 kworker/5:1H-kblockd
    295 root      20   0   11116   3460   3204 S   0.0   0.0   0:00.00 nv-tee-supplica
    299 root      20   0   76588   1360   1248 S   0.0   0.0   0:00.01 tee-supplicant
    301 root       0 -20       0      0      0 I   0.0   0.0   0:00.00 optee_bus_scan
    303 root     -51   0       0      0      0 S   0.0   0.0   0:00.00 irq/189-tegra-p
    313 root     -51   0       0      0      0 S   0.0   0.0   0:00.00 irq/189-aerdrv
    314 root      20   0   23216   5832   3992 S   0.0   0.1   0:00.41 systemd-udevd
    315 root      20   0   23216   5020   3248 S   0.0   0.1   0:00.15 systemd-udevd
    316 root      20   0   23268   6252   4316 S   0.0   0.1   0:00.16 systemd-udevd
    317 root      20   0   23220   4364   2600 S   0.0   0.1   0:00.11 systemd-udevd
    318 root      20   0   23216   4480   2672 S   0.0   0.1   0:00.12 systemd-udevd
    319 root      20   0   23212   5820   3980 S   0.0   0.1   0:00.29 systemd-udevd
    320 root      20   0   23264   4688   2764 S   0.0   0.1   0:00.13 systemd-udevd
    321 root      20   0   23268   5072   3136 S   0.0   0.1   0:00.18 systemd-udevd
    322 root      20   0   23524   5520   3456 S   0.0   0.1   0:00.27 systemd-udevd
    323 root      20   0   23216   6304   4444 S   0.0   0.1   0:00.42 systemd-udevd
    324 root      20   0   23220   5196   3388 S   0.0   0.1   0:00.16 systemd-udevd
    325 root      20   0   23220   5820   3976 S   0.0   0.1   0:00.41 systemd-udevd
    326 root      20   0   23220   5256   3388 S   0.0   0.1   0:00.45 systemd-udevd
    327 root      20   0   23220   5504   3684 S   0.0   0.1   0:00.18 systemd-udevd
    330 root      20   0   23512   5728   3684 S   0.0   0.1   0:00.14 systemd-udevd
    331 root      20   0   24292   5540   2676 S   0.0   0.1   0:00.16 systemd-udevd
    333 root      20   0   23524   5596   3532 S   0.0   0.1   0:00.28 systemd-udevd
    334 root      20   0   23220   5584   3740 S   0.0   0.1   0:00.27 systemd-udevd
    335 root      20   0   23220   4504   2708 S   0.0   0.1   0:00.11 systemd-udevd
    336 root      20   0   23220   4696   2892 S   0.0   0.1   0:00.14 systemd-udevd
    337 root      20   0   23524   5056   2992 S   0.0   0.1   0:00.16 systemd-udevd
    339 root      20   0   23220   4980   3148 S   0.0   0.1   0:00.17 systemd-udevd
    341 root      20   0   23276   5328   3384 S   0.0   0.1   0:00.13 systemd-udevd
    342 root      20   0   23280   5176   3228 S   0.0   0.1   0:00.13 systemd-udevd
    343 root      20   0   23220   5988   4152 S   0.0   0.1   0:00.33 systemd-udevd
    344 root      20   0   23560   6700   4596 S   0.0   0.1   0:00.58 systemd-udevd
    345 root      20   0       0      0      0 S   0.0   0.0   0:00.00 15820000.crypto
    346 root      20   0       0      0      0 S   0.0   0.0   0:00.00 15840000.crypto
    368 root      20   0   23324   5984   4116 S   0.0   0.1   0:00.46 systemd-udevd
    417 root     -51   0       0      0      0 S   0.0   0.0   0:00.00 irq/219-bc00000
    419 root      -2   0       0      0      0 S   0.0   0.0   0:00.00 capture-control
    420 root      -2   0       0      0      0 S   0.0   0.0   0:00.00 capture
    422 root     -51   0       0      0      0 S   0.0   0.0   0:00.00 irq/214-tegra_d
    423 root     -51   0       0      0      0 S   0.0   0.0   0:00.00 irq/215-tegra_d
    424 root       0 -20       0      0      0 I   0.0   0.0   0:00.00 dce-async-ipc-w
    425 root     -51   0       0      0      0 S   0.0   0.0   0:00.00 irq/240-nvvrs-p
    427 root      20   0       0      0      0 S   0.0   0.0   0:00.00 nv_queue
    428 root      20   0       0      0      0 S   0.0   0.0   0:00.00 nv_queue
    483 root     -51   0       0      0      0 S   0.0   0.0   0:00.00 irq/118-3210000
    487 root      20   0       0      0      0 S   0.0   0.0   0:00.00 spi0
    495 root       0 -20       0      0      0 I   0.0   0.0   0:00.00 cfg80211
    497 root     -51   0       0      0      0 S   0.0   0.0   0:00.00 irq/119-3230000
    498 root      20   0       0      0      0 S   0.0   0.0   0:00.00 spi1
    584 root       0 -20       0      0      0 I   0.0   0.0   0:00.00 btfwwork
    650 root      20   0    8236   6424   1432 S   0.0   0.1   0:00.73 haveged
    653 _rpc      20   0    7932   2264   1912 S   0.0   0.0   0:00.04 rpcbind
    659 systemd+  20   0   26320  13580   8496 S   0.0   0.2   0:00.55 systemd-resolve
    662 systemd+  20   0   88880   6332   5484 S   0.0   0.1   0:00.15 systemd-timesyn
    826 avahi     20   0    8084   3108   2752 S   0.0   0.0   0:00.70 avahi-daemon
    827 root      20   0    9888   4552   4112 S   0.0   0.1   0:00.07 bluetoothd
    838 root      20   0   43504  19780  10232 S   0.0   0.3   0:00.15 networkd-dispat
    849 root      20   0  241652   9056   6312 S   0.0   0.1   0:00.66 power-profiles-
    854 syslog    20   0  222160   5012   3672 S   0.0   0.1   0:05.85 rsyslogd
    859 root      20   0    2240    796    720 S   0.0   0.0   0:00.00 seatd
    865 root      20   0 2145956  51924  25772 S   0.0   0.7   0:37.95 snapd
    867 root      20   0  242124   7452   6576 S   0.0   0.1   0:02.28 accounts-daemon
    869 root      20   0  238128   6232   5620 S   0.0   0.1   0:00.04 switcheroo-cont
    871 root      20   0   48968   7620   6296 S   0.0   0.1   0:04.02 systemd-logind
    874 root      20   0  394188  13988   9476 S   0.0   0.2   0:01.11 udisksd
    875 root      20   0   16632   9928   8148 S   0.0   0.1   0:01.36 wpa_supplicant
    882 avahi     20   0    7812    356      0 S   0.0   0.0   0:00.00 avahi-daemon
    921 root      30  10   11248   3612   3220 S   0.0   0.0   0:08.78 wifi_mon.sh
    983 root      20   0    2460   1556   1380 S   0.0   0.0   0:08.55 nvfancontrol
   1049 root      20   0       0      0      0 S   0.0   0.0   0:00.00 sw-quiesce
   1052 root      20   0       0      0      0 S   0.0   0.0   0:21.78 nvgpu_channel_p
   1068 root      20   0       0      0      0 S   0.0   0.0   0:00.00 nvgpu_pg_init_g
   1087 root      20   0       0      0      0 S   0.0   0.0   0:00.00 nvgpu_clk_arb_p
   1117 root      20   0       0      0      0 S   0.0   0.0   0:08.02 RTW_CMD_THREAD
   1157 root      20   0   75936   9960   8136 S   0.0   0.1   0:00.01 nvargus-daemon
   1158 root      20   0   11116   3520   3220 S   0.0   0.0   0:00.08 nvmemwarning.sh
   1171 root      20   0   22192   1776   1580 S   0.0   0.0   0:00.00 nvs-service
   1181 ollama    20   0 2006720  39588  20072 S   0.0   0.5   0:01.11 ollama
   1195 root      20   0    2336   1408   1292 S   0.0   0.0   0:01.96 run-cups-browse
   1201 root      20   0    2336   1424   1296 S   0.0   0.0   0:02.02 run-cupsd
   1204 root      20   0       0      0      0 S   0.0   0.0   0:00.00 pr/ramoops-1
   1239 root      20   0   10772   2824   2576 S   0.0   0.0   0:00.06 cron
   1259 root      20   0  243128   8056   7012 S   0.0   0.1   0:00.02 gdm3
   1263 kernoops  20   0   12812    452      0 S   0.0   0.0   0:00.02 kerneloops
   1290 root      20   0    9468    800    724 S   0.0   0.0   0:00.00 agetty
   1291 kernoops  20   0   12812    452      0 S   0.0   0.0   0:00.02 kerneloops
   1293 root      20   0    9468    804    724 S   0.0   0.0   0:00.00 agetty
   1330 root      20   0  173408   8804   7628 S   0.0   0.1   0:00.02 gdm-session-wor
   1417 root      20   0       0      0      0 S   0.0   0.0   0:00.00 file-storage
   1474 gdm       20   0   18120   9728   7360 S   0.0   0.1   0:00.46 systemd
   1478 root      20   0    3076    992    880 S   0.0   0.0   0:00.00 nvphsd
   1483 root      20   0    3208   1476   1316 S   0.0   0.0   0:00.00 nvphsd
   1497 gdm       20   0  106692   4552      0 S   0.0   0.1   0:00.00 (sd-pam)
   1688 gdm        9 -11   41972   6476   5156 S   0.0   0.1   0:00.07 pipewire
   1689 gdm       20   0   25476   6428   5104 S   0.0   0.1   0:01.81 pipewire-media-
   1690 gdm        9 -11  891840  20748  12584 S   0.0   0.3   0:01.00 pulseaudio
   1695 gdm       20   0  163948   5472   4964 S   0.0   0.1   0:00.00 gdm-x-session
   1697 root      20   0   24.2g  80544  35884 S   0.0   1.0   0:02.25 Xorg
   1698 rtkit     21   1  153504   1588   1380 S   0.0   0.0   0:00.32 rtkit-daemon
   1729 gdm       20   0    8840   3600   3212 S   0.0   0.0   0:00.02 dbus-daemon
   1748 root      20   0       0      0      0 S   0.0   0.0   0:00.00 nvidia-modeset/
   1749 root      20   0       0      0      0 S   0.0   0.0   0:00.00 nvidia-modeset/
   1752 root      20   0       0      0      0 S   0.0   0.0   0:00.00 nvidia
   1753 root      20   0       0      0      0 S   0.0   0.0   0:00.00 nv_queue
   1790 root      20   0       0      0      0 S   0.0   0.0   0:00.00 nvidia-drm-nv-t
   1791 root     -51   0       0      0      0 S   0.0   0.0   0:00.00 card1-crtc0
   1792 root     -51   0       0      0      0 S   0.0   0.0   0:00.00 card1-crtc1
   1980 gdm       20   0    5876   1552   1344 S   0.0   0.0   0:00.00 dbus-run-sessio
   1983 gdm       20   0    9108   4440   3588 S   0.0   0.1   0:00.13 dbus-daemon
   2035 gdm       20   0  597840  17824  12972 S   0.0   0.2   0:01.10 gnome-session-b
   2057 gdm       20   0  310068   8976   6272 S   0.0   0.1   0:00.00 at-spi-bus-laun
   2062 gdm       20   0    8692   3556   3168 S   0.0   0.0   0:00.00 dbus-daemon
   2092 gdm       20   0  237676   4964   4528 S   0.0   0.1   0:00.00 xdg-permission-
   2106 root      20   0  301608  19332  16408 S   0.0   0.2   0:01.73 packagekitd
   2110 gdm       20   0 2812288  25716  20860 S   0.0   0.3   0:00.08 gjs
   2113 gdm       20   0  163144   7196   6428 S   0.0   0.1   0:00.02 at-spi2-registr
   2141 gdm       20   0  468748   9856   7940 S   0.0   0.1   0:02.18 gsd-sharing
   2146 gdm       20   0  338880  14892  12620 S   0.0   0.2   0:00.06 gsd-wacom
   2148 gdm       20   0  451616  18896  16480 S   0.0   0.2   0:00.22 gsd-color
   2150 gdm       20   0  412392  17092  13292 S   0.0   0.2   0:00.04 gsd-keyboard
   2152 gdm       20   0  316864  13188   6244 S   0.0   0.2   0:00.10 ibus-daemon
   2156 gdm       20   0  326124   9848   8488 S   0.0   0.1   0:00.02 gsd-print-notif
   2166 gdm       20   0  242216   6512   5848 S   0.0   0.1   0:00.01 gvfsd
   2168 gdm       20   0  459796   6140   5436 S   0.0   0.1   0:00.64 gsd-rfkill
   2170 gdm       20   0  388312   7432   6528 S   0.0   0.1   0:00.01 gsd-smartcard
   2173 gdm       20   0  380556  16508  12504 S   0.0   0.2   0:00.03 gsd-datetime
   2183 gdm       20   0  864216  20108  17428 S   0.0   0.3   0:00.58 gsd-media-keys
   2184 gdm       20   0  237936   4760   4376 S   0.0   0.1   0:00.01 gsd-screensaver
   2185 gdm       20   0  322096  10392   7320 S   0.0   0.1   0:00.02 gsd-sound
   2186 gdm       20   0  312416   8104   5476 S   0.0   0.1   0:00.01 gsd-a11y-settin
   2193 gdm       20   0  313996   8944   6152 S   0.0   0.1   0:01.01 gsd-housekeepin
   2218 gdm       20   0  347052  12608  10748 S   0.0   0.2   0:00.03 gsd-printer
   2221 gdm       20   0  239040   6576   5948 S   0.0   0.1   0:00.00 ibus-dconf
   2233 gdm       20   0  238936   5920   5488 S   0.0   0.1   0:00.00 ibus-portal
   2263 colord    20   0  247516  14492   8720 S   0.0   0.2   0:00.27 colord
   2285 gdm       20   0 2812300  27868  20904 S   0.0   0.4   0:00.09 gjs
   2349 gdm       20   0  165096   6516   5892 S   0.0   0.1   0:00.01 ibus-engine-sim
   2508 root      20   0  136716  13172   9512 S   0.0   0.2   0:00.73 cupsd
   2522 root      20   0  260792  17940  13508 S   0.0   0.2   0:01.72 cups-browsed
  11687 jetson    20   0   18140   9764   7368 S   0.0   0.1   0:00.37 systemd
  11688 jetson    20   0  172512   4632      0 S   0.0   0.1   0:00.00 (sd-pam)
  11696 jetson    20   0   41976   6552   5228 S   0.0   0.1   0:00.07 pipewire
  11697 jetson    20   0   25484   6724   5388 S   0.0   0.1   0:01.99 pipewire-media-
  11749 jetson    20   0    8888   4168   3672 S   0.0   0.1   0:00.03 dbus-daemon
  11931 jetson    20   0  707268  63144  26432 S   0.0   0.8   2:28.25 python3
  13234 jetson    20   0  203640  35476  13212 S   0.0   0.5   0:00.75 ros2
  13236 jetson    20   0 2070472  36080  17228 S   0.0   0.5   0:00.94 docker
  13238 jetson    20   0  428524  31584  15828 S   0.0   0.4   2:34.03 robot_state_pub
  13265 root      20   0 1232976  11204   5960 S   0.0   0.1   0:02.48 containerd-shim
  13294 root      20   0   49400  29204  14412 S   0.0   0.4   0:00.40 ros2
 407770 root      20   0       0      0      0 I   0.0   0.0   0:10.69 kworker/u12:9-events_freezable_power_
 417230 root      20   0       0      0      0 I   0.0   0.0   0:09.08 kworker/u12:0-events_unbound
 418183 root       0 -20       0      0      0 I   0.0   0.0   0:16.43 kworker/u13:0-uvcvideo
 437586 root      20   0       0      0      0 I   0.0   0.0   0:07.73 kworker/u12:4-events_unbound
 465092 root      20   0  238836   6948   5700 S   0.0   0.1   0:01.41 iio-sensor-prox
 494799 jetson    20   0    5508    792    704 S   0.0   0.0   0:00.21 sleep
 494879 root      20   0   21756   3352   1840 S   0.0   0.0   0:01.00 systemd-udevd
 513219 root      20   0   21752   3996   2468 S   0.0   0.1   0:00.00 systemd-udevd
 513220 root      20   0   21760   3388   1868 S   0.0   0.0   0:00.00 systemd-udevd
 513233 root      20   0   21760   3392   1868 S   0.0   0.0   0:00.00 systemd-udevd
 513234 root      20   0   21760   3356   1840 S   0.0   0.0   0:00.00 systemd-udevd
 513235 root      20   0   21760   3996   2468 S   0.0   0.1   0:00.01 systemd-udevd
 513236 root      20   0   21760   3384   1868 S   0.0   0.0   0:00.00 systemd-udevd
 513237 root      20   0   21760   4188   2660 S   0.0   0.1   0:00.00 systemd-udevd
 513250 root      20   0   21760   4432   2868 S   0.0   0.1   0:08.42 systemd-udevd
 513251 root      20   0   21760   3840   2288 S   0.0   0.0   0:00.00 systemd-udevd
 513265 root      20   0   21760   4056   2496 S   0.0   0.1   0:00.01 systemd-udevd
 513266 root      20   0   21760   4052   2496 S   0.0   0.1   0:00.01 systemd-udevd
 538507 root      20   0       0      0      0 I   0.0   0.0   0:00.29 kworker/0:0-events
 562560 root      20   0       0      0      0 I   0.0   0.0   0:02.65 kworker/u12:1-events_unbound
 576600 root      20   0       0      0      0 I   0.0   0.0   0:00.40 kworker/3:0-events
 576909 root      20   0       0      0      0 I   0.0   0.0   0:00.08 kworker/4:1-events
 582730 root      20   0       0      0      0 I   0.0   0.0   0:02.41 kworker/u12:2-events_unbound
 591089 root       0 -20       0      0      0 I   0.0   0.0   0:04.22 kworker/u13:1-uvcvideo
 602672 root      20   0       0      0      0 I   0.0   0.0   0:00.14 kworker/1:3-events
 621531 root      20   0       0      0      0 I   0.0   0.0   0:00.11 kworker/5:2-events
 622272 root      20   0       0      0      0 I   0.0   0.0   0:01.24 kworker/u12:7-events_freezable_power_
 642140 root      20   0       0      0      0 I   0.0   0.0   0:00.95 kworker/u12:8-events_freezable_power_
 645581 root      20   0       0      0      0 I   0.0   0.0   0:00.04 kworker/1:2-events
 645980 root      20   0       0      0      0 I   0.0   0.0   0:00.07 kworker/5:0-events
 646577 jetson    20   0  572504  38828  13216 S   0.0   0.5   0:00.85 ros2
 646587 jetson    20   0 1082604  58700  26340 S   0.0   0.8   0:27.25 foxglove_bridge
 646880 jetson    20   0  129772  34676  13228 S   0.0   0.4   0:00.69 ros2
 647060 jetson    20   0   11248   3076   2756 S   0.0   0.0   0:00.39 bash
 647156 jetson    20   0   53568  30344  15012 S   0.0   0.4   0:00.41 ros2
 647161 root      20   0       0      0      0 I   0.0   0.0   0:00.00 kworker/3:1-events
 651818 root      20   0       0      0      0 I   0.0   0.0   0:00.05 kworker/4:0-events
 651861 root      20   0       0      0      0 I   0.0   0.0   0:00.00 kworker/2:0-mm_percpu_wq
 651906 root      20   0       0      0      0 I   0.0   0.0   0:00.00 kworker/0:2-events
 659922 root      20   0       0      0      0 I   0.0   0.0   0:00.24 kworker/u12:5-events_freezable_power_
 660558 root      20   0       0      0      0 I   0.0   0.0   0:00.04 kworker/1:0-events
 660666 root       0 -20       0      0      0 I   0.0   0.0   0:01.46 kworker/u13:2-uvcvideo
 663616 root      20   0    9436    784    704 S   0.0   0.0   0:00.00 sleep
 670335 root      20   0       0      0      0 I   0.0   0.0   0:00.00 kworker/2:1-cgroup_destroy
 670336 root      20   0       0      0      0 I   0.0   0.0   0:00.00 kworker/2:2-cgroup_destroy
 670384 root      20   0       0      0      0 I   0.0   0.0   0:00.00 kworker/0:1
 670511 root      20   0       0      0      0 I   0.0   0.0   0:00.00 kworker/3:2-cgroup_destroy
 670512 root      20   0       0      0      0 I   0.0   0.0   0:00.00 kworker/3:3
 672581 root      20   0       0      0      0 I   0.0   0.0   0:00.02 kworker/5:1-events
 672816 jetson    20   0   11248   3308   2868 S   0.0   0.0   0:00.04 bash
 675134 root       0 -20       0      0      0 I   0.0   0.0   0:00.16 kworker/u13:4-uvcvideo
 675625 jetson    20   0   11248   3300   2868 S   0.0   0.0   0:00.01 bash
 675715 jetson    20   0    2872    884    788 S   0.0   0.0   0:00.03 tegrastats
 675913 jetson    20   0    9480    808    724 S   0.0   0.0   0:00.00 tail
 676165 root      30  10    9436    768    688 S   0.0   0.0   0:00.00 sleep
 676668 jetson    20   0    9444    784    700 S   0.0   0.0   0:00.00 sleep

top - 16:10:47 up  6:33,  0 users,  load average: 7.73, 6.73, 6.60
Tasks: 353 total,   3 running, 350 sleeping,   0 stopped,   0 zombie
%Cpu(s): 40.6 us, 12.1 sy,  0.0 ni, 43.1 id,  0.0 wa,  2.4 hi,  1.9 si,  0.0 st
MiB Mem :   7607.4 total,   2289.8 free,   2228.5 used,   3089.1 buff/cache
MiB Swap:   3803.7 total,   3803.7 free,      0.0 used.   5062.0 avail Mem 

    PID USER      PR  NI    VIRT    RES    SHR S  %CPU  %MEM     TIME+ COMMAND
 675912 jetson    20   0  753232  73144  29576 R  42.6   0.9   0:06.17 python3
 646802 jetson    20   0  709060  61196  27276 R  36.1   0.8   3:33.69 python3
 646999 jetson    20   0  963000  48016  23640 S  35.6   0.6   1:05.42 controller_serv
 675713 jetson    20   0  763620  53952  25376 S  22.8   0.7   0:04.74 ros2
 647181 jetson    20   0 9356228 409188  87560 S  17.3   5.3   1:36.54 nvblox_node
 647007 jetson    20   0  530840  46196  26216 S  16.3   0.6   0:59.62 bt_navigator
 646583 jetson    20   0  432976  25268  14224 S  14.4   0.3   1:37.99 rplidar_node
 646579 jetson    20   0 1748420 106436  51428 S  13.9   1.4   1:27.68 realsense2_came
 646882 jetson    20   0 1061852  53808  24360 S  13.9   0.7   0:26.56 async_slam_tool
 646804 jetson    20   0  506340  30844  18340 S  11.4   0.4   1:09.51 ekf_node
 647058 jetson    20   0  577528  31320  16252 S  10.9   0.4   1:05.61 lifecycle_manag
 646585 jetson    20   0  707980  61236  27448 S   9.9   0.8   0:56.41 python3
 646997 jetson    20   0  709524  61896  27392 S   9.9   0.8   0:31.47 python3
 647003 jetson    20   0 1070788  70012  24808 S   9.4   0.9   0:59.92 planner_server
 647005 jetson    20   0  516440  34888  21032 S   6.9   0.4   0:47.62 behavior_server
 647056 jetson    20   0  428696  29132  15944 S   6.4   0.4   0:34.20 velocity_smooth
 647001 jetson    20   0  664640  33064  19416 S   5.9   0.4   0:40.65 smoother_server
 647025 jetson    20   0  431396  28940  17020 S   5.9   0.4   0:34.83 waypoint_follow
  13320 root      20   0 1300496  44680  11392 S   4.5   0.6  32:32.87 micro_ros_agent
 646581 jetson    20   0  709380  64256  27276 S   3.0   0.8   0:30.88 python3
    909 root      rt   0       0      0      0 S   1.5   0.0   0:53.11 sugov:4
 675134 root       0 -20       0      0      0 I   1.5   0.0   0:00.19 kworker/u13:4-uvcvideo
 675714 jetson    20   0   14340   3384   2772 R   1.5   0.0   0:00.19 top
    904 root      rt   0       0      0      0 S   1.0   0.0   1:51.87 sugov:0
    340 root      20   0   23544   6732   4608 S   0.5   0.1   1:33.31 systemd-udevd
    829 root      20   0  264848  18932  14872 S   0.5   0.2   0:43.09 NetworkManager
    865 root      20   0 2145956  51924  25772 S   0.5   0.7   0:37.96 snapd
   1212 root      20   0 2093336  74476  33976 S   0.5   1.0   0:42.47 containerd
   1588 root      20   0 2353004 113512  57032 S   0.5   1.5   0:32.38 dockerd
 100141 root      20   0       0      0      0 I   0.5   0.0   0:23.67 kworker/u12:6-events_unbound
 494770 root      20   0 1233488  12972   6732 S   0.5   0.2   0:12.07 containerd-shim
 513250 root      20   0   21760   4432   2868 S   0.5   0.1   0:08.43 systemd-udevd
 582730 root      20   0       0      0      0 I   0.5   0.0   0:02.42 kworker/u12:2-events_freezable_power_
 642140 root      20   0       0      0      0 I   0.5   0.0   0:00.96 kworker/u12:8-events_unbound
 659922 root      20   0       0      0      0 I   0.5   0.0   0:00.25 kworker/u12:5-events_freezable_power_
 675715 jetson    20   0    2872    884    788 S   0.5   0.0   0:00.04 tegrastats
      1 root      20   0  167628  11768   7448 S   0.0   0.2   0:32.39 systemd
      2 root      20   0       0      0      0 S   0.0   0.0   0:00.03 kthreadd
      3 root       0 -20       0      0      0 I   0.0   0.0   0:00.00 rcu_gp
      4 root       0 -20       0      0      0 I   0.0   0.0   0:00.00 rcu_par_gp
      5 root       0 -20       0      0      0 I   0.0   0.0   0:00.00 slub_flushwq
      6 root       0 -20       0      0      0 I   0.0   0.0   0:00.00 netns
      8 root       0 -20       0      0      0 I   0.0   0.0   0:00.00 kworker/0:0H-events_highpri
     10 root       0 -20       0      0      0 I   0.0   0.0   0:00.00 mm_percpu_wq
     11 root      20   0       0      0      0 S   0.0   0.0   0:00.00 rcu_tasks_kthre
     12 root      20   0       0      0      0 S   0.0   0.0   0:00.00 rcu_tasks_rude_
     13 root      20   0       0      0      0 S   0.0   0.0   0:00.00 rcu_tasks_trace
     14 root      20   0       0      0      0 S   0.0   0.0   0:23.69 ksoftirqd/0
     15 root      20   0       0      0      0 I   0.0   0.0   0:10.48 rcu_preempt
     16 root      rt   0       0      0      0 S   0.0   0.0   0:00.03 migration/0
     17 root      20   0       0      0      0 S   0.0   0.0   0:00.00 cpuhp/0
     18 root      20   0       0      0      0 S   0.0   0.0   0:00.00 cpuhp/1
     19 root      rt   0       0      0      0 S   0.0   0.0   0:00.03 migration/1
     20 root      20   0       0      0      0 S   0.0   0.0   0:01.73 ksoftirqd/1
     22 root       0 -20       0      0      0 I   0.0   0.0   0:00.00 kworker/1:0H-events_highpri
     23 root      20   0       0      0      0 S   0.0   0.0   0:00.00 cpuhp/2
     24 root      rt   0       0      0      0 S   0.0   0.0   0:00.02 migration/2
     25 root      20   0       0      0      0 S   0.0   0.0   0:01.74 ksoftirqd/2
     27 root       0 -20       0      0      0 I   0.0   0.0   0:00.00 kworker/2:0H-events_highpri
     28 root      20   0       0      0      0 S   0.0   0.0   0:00.00 cpuhp/3
     29 root      rt   0       0      0      0 S   0.0   0.0   0:00.02 migration/3
     30 root      20   0       0      0      0 S   0.0   0.0   0:01.63 ksoftirqd/3
     32 root       0 -20       0      0      0 I   0.0   0.0   0:00.00 kworker/3:0H-events_highpri
     33 root      20   0       0      0      0 S   0.0   0.0   0:00.00 cpuhp/4
     34 root      rt   0       0      0      0 S   0.0   0.0   0:00.07 migration/4
     35 root      20   0       0      0      0 S   0.0   0.0   0:01.22 ksoftirqd/4
     37 root       0 -20       0      0      0 I   0.0   0.0   0:00.00 kworker/4:0H-kblockd
     38 root      20   0       0      0      0 S   0.0   0.0   0:00.00 cpuhp/5
     39 root      rt   0       0      0      0 S   0.0   0.0   0:00.07 migration/5
     40 root      20   0       0      0      0 S   0.0   0.0   0:01.29 ksoftirqd/5
     42 root       0 -20       0      0      0 I   0.0   0.0   0:00.00 kworker/5:0H-events_highpri
     43 root      20   0       0      0      0 S   0.0   0.0   0:00.01 kdevtmpfs
     44 root       0 -20       0      0      0 I   0.0   0.0   0:00.00 inet_frag_wq
     51 root      20   0       0      0      0 S   0.0   0.0   0:00.00 kauditd
     52 root      20   0       0      0      0 S   0.0   0.0   0:00.00 oom_reaper
     53 root       0 -20       0      0      0 I   0.0   0.0   0:00.00 writeback
     54 root      20   0       0      0      0 S   0.0   0.0   0:00.19 kcompactd0
     55 root      25   5       0      0      0 S   0.0   0.0   0:00.00 ksmd
     56 root      39  19       0      0      0 S   0.0   0.0   0:02.11 khugepaged
     67 root       0 -20       0      0      0 I   0.0   0.0   0:00.00 cryptd
     86 root       0 -20       0      0      0 I   0.0   0.0   0:00.00 kintegrityd
     87 root       0 -20       0      0      0 I   0.0   0.0   0:00.00 kblockd
     88 root       0 -20       0      0      0 I   0.0   0.0   0:00.00 blkcg_punt_bio
     89 root       0 -20       0      0      0 I   0.0   0.0   0:00.00 tpm_dev_wq
     90 root       0 -20       0      0      0 I   0.0   0.0   0:00.00 ata_sff
     91 root       0 -20       0      0      0 I   0.0   0.0   0:00.00 edac-poller
     92 root       0 -20       0      0      0 I   0.0   0.0   0:00.00 devfreq_wq
     93 root     -51   0       0      0      0 S   0.0   0.0   0:00.00 watchdogd
     96 root       0 -20       0      0      0 I   0.0   0.0   0:00.06 kworker/1:1H-kblockd
     97 root       0 -20       0      0      0 I   0.0   0.0   0:00.00 rpciod
     99 root       0 -20       0      0      0 I   0.0   0.0   0:00.00 xprtiod
    127 root      20   0       0      0      0 S   0.0   0.0   0:00.00 kswapd0
    128 root       0 -20       0      0      0 I   0.0   0.0   0:00.00 nfsiod
    132 root       0 -20       0      0      0 I   0.0   0.0   0:00.00 vfio-irqfd-clea
    133 root       0 -20       0      0      0 I   0.0   0.0   0:00.00 bch_btree_io
    134 root       0 -20       0      0      0 I   0.0   0.0   0:00.00 bcache
    135 root       0 -20       0      0      0 I   0.0   0.0   0:00.00 bch_journal
    136 root       0 -20       0      0      0 I   0.0   0.0   0:00.00 dm_bufio_cache
    139 root      20   0       0      0      0 I   0.0   0.0   0:01.99 kworker/2:3-events
    140 root      10 -10       0      0      0 S   0.0   0.0   0:00.00 krfcommd
    141 root      20   0       0      0      0 S   0.0   0.0   0:00.01 pr/tty0
    142 root      20   0       0      0      0 S   0.0   0.0   0:03.11 pr/ttyTCU0
    145 root     -51   0       0      0      0 S   0.0   0.0   0:00.00 irq/114-3160000
    147 root     -51   0       0      0      0 S   0.0   0.0   0:00.00 irq/115-3180000
    149 root     -51   0       0      0      0 S   0.0   0.0   0:00.00 irq/116-31b0000
    150 root     -51   0       0      0      0 S   0.0   0.0   0:00.03 irq/167-c240000
    151 root     -51   0       0      0      0 S   0.0   0.0   0:00.00 irq/168-c250000
    152 root     -51   0       0      0      0 S   0.0   0.0   0:00.00 irq/125-3610000
    153 root     -51   0       0      0      0 S   0.0   0.0   0:00.00 irq/122-3610000
    155 root       0 -20       0      0      0 I   0.0   0.0   0:00.00 sdhci
    156 root     -51   0       0      0      0 S   0.0   0.0   0:00.00 irq/120-mmc0
    157 root     -51   0       0      0      0 S   0.0   0.0   0:00.00 irq/230-3400000
    174 root       0 -20       0      0      0 I   0.0   0.0   0:00.06 kworker/3:1H-kblockd
    180 root     -51   0       0      0      0 S   0.0   0.0   0:00.00 irq/191-tegra-p
    181 root       0 -20       0      0      0 I   0.0   0.0   0:00.00 nvme-wq
    182 root       0 -20       0      0      0 I   0.0   0.0   0:00.00 nvme-reset-wq
    183 root       0 -20       0      0      0 I   0.0   0.0   0:00.00 nvme-delete-wq
    192 root     -51   0       0      0      0 S   0.0   0.0   0:00.00 irq/191-aerdrv
    193 root     -51   0       0      0      0 S   0.0   0.0   0:00.00 irq/193-tegra-p
    196 root     -51   0       0      0      0 S   0.0   0.0   0:00.00 irq/193-aerdrv
    197 root     -51   0       0      0      0 S   0.0   0.0   0:00.00 irq/195-tegra-p
    199 root     -51   0       0      0      0 S   0.0   0.0   0:00.00 irq/232-nvme0q0
    200 root     -51   0       0      0      0 S   0.0   0.0   0:00.38 irq/233-nvme0q1
    201 root     -51   0       0      0      0 S   0.0   0.0   0:00.42 irq/234-nvme0q2
    202 root     -51   0       0      0      0 S   0.0   0.0   0:00.54 irq/235-nvme0q3
    203 root     -51   0       0      0      0 S   0.0   0.0   0:00.66 irq/236-nvme0q4
    204 root     -51   0       0      0      0 S   0.0   0.0   0:00.16 irq/237-nvme0q5
    205 root     -51   0       0      0      0 S   0.0   0.0   0:00.13 irq/238-nvme0q6
    211 root       0 -20       0      0      0 I   0.0   0.0   0:00.07 kworker/4:1H-kblockd
    212 root      20   0       0      0      0 S   0.0   0.0   0:01.51 jbd2/nvme0n1p1-
    213 root       0 -20       0      0      0 I   0.0   0.0   0:00.00 ext4-rsv-conver
    222 root       0 -20       0      0      0 I   0.0   0.0   0:00.00 mld
    223 root       0 -20       0      0      0 I   0.0   0.0   0:00.04 kworker/0:1H-kblockd
    224 root       0 -20       0      0      0 I   0.0   0.0   0:00.00 ipv6_addrconf
    256 root      19  -1   76560  40184  38556 S   0.0   0.5   0:30.50 systemd-journal
    278 root       0 -20       0      0      0 I   0.0   0.0   0:00.08 kworker/2:1H-kblockd
    280 root      39  19       0      0      0 S   0.0   0.0   0:01.71 nvmap-bz
    281 root     -51   0       0      0      0 S   0.0   0.0   0:00.00 irq/188-host1x_
    285 root     -51   0       0      0      0 S   0.0   0.0   0:00.00 irq/197-gk20a_s
    286 root     -51   0       0      0      0 S   0.0   0.0   0:00.03 irq/198-gk20a_s
    287 root     -51   0       0      0      0 S   0.0   0.0   0:00.03 irq/199-gk20a_s
    288 root     -51   0       0      0      0 S   0.0   0.0   0:00.00 irq/200-gk20a_n
    291 root       0 -20       0      0      0 I   0.0   0.0   0:00.06 kworker/5:1H-kblockd
    295 root      20   0   11116   3460   3204 S   0.0   0.0   0:00.00 nv-tee-supplica
    299 root      20   0   76588   1360   1248 S   0.0   0.0   0:00.01 tee-supplicant
    301 root       0 -20       0      0      0 I   0.0   0.0   0:00.00 optee_bus_scan
    303 root     -51   0       0      0      0 S   0.0   0.0   0:00.00 irq/189-tegra-p
    312 root      20   0   23732   6316   4080 S   0.0   0.1   0:27.84 systemd-udevd
    313 root     -51   0       0      0      0 S   0.0   0.0   0:00.00 irq/189-aerdrv
    314 root      20   0   23216   5832   3992 S   0.0   0.1   0:00.41 systemd-udevd
    315 root      20   0   23216   5020   3248 S   0.0   0.1   0:00.15 systemd-udevd
    316 root      20   0   23268   6252   4316 S   0.0   0.1   0:00.16 systemd-udevd
    317 root      20   0   23220   4364   2600 S   0.0   0.1   0:00.11 systemd-udevd
    318 root      20   0   23216   4480   2672 S   0.0   0.1   0:00.12 systemd-udevd
    319 root      20   0   23212   5820   3980 S   0.0   0.1   0:00.29 systemd-udevd
    320 root      20   0   23264   4688   2764 S   0.0   0.1   0:00.13 systemd-udevd
    321 root      20   0   23268   5072   3136 S   0.0   0.1   0:00.18 systemd-udevd
    322 root      20   0   23524   5520   3456 S   0.0   0.1   0:00.27 systemd-udevd
    323 root      20   0   23216   6304   4444 S   0.0   0.1   0:00.42 systemd-udevd
    324 root      20   0   23220   5196   3388 S   0.0   0.1   0:00.16 systemd-udevd
    325 root      20   0   23220   5820   3976 S   0.0   0.1   0:00.41 systemd-udevd
    326 root      20   0   23220   5256   3388 S   0.0   0.1   0:00.45 systemd-udevd
    327 root      20   0   23220   5504   3684 S   0.0   0.1   0:00.18 systemd-udevd
    330 root      20   0   23512   5728   3684 S   0.0   0.1   0:00.14 systemd-udevd
    331 root      20   0   24292   5540   2676 S   0.0   0.1   0:00.16 systemd-udevd
    333 root      20   0   23524   5596   3532 S   0.0   0.1   0:00.28 systemd-udevd
    334 root      20   0   23220   5584   3740 S   0.0   0.1   0:00.27 systemd-udevd
    335 root      20   0   23220   4504   2708 S   0.0   0.1   0:00.11 systemd-udevd
    336 root      20   0   23220   4696   2892 S   0.0   0.1   0:00.14 systemd-udevd
    337 root      20   0   23524   5056   2992 S   0.0   0.1   0:00.16 systemd-udevd
    339 root      20   0   23220   4980   3148 S   0.0   0.1   0:00.17 systemd-udevd
    341 root      20   0   23276   5328   3384 S   0.0   0.1   0:00.13 systemd-udevd
    342 root      20   0   23280   5176   3228 S   0.0   0.1   0:00.13 systemd-udevd
    343 root      20   0   23220   5988   4152 S   0.0   0.1   0:00.33 systemd-udevd
    344 root      20   0   23560   6700   4596 S   0.0   0.1   0:00.58 systemd-udevd
    345 root      20   0       0      0      0 S   0.0   0.0   0:00.00 15820000.crypto
    346 root      20   0       0      0      0 S   0.0   0.0   0:00.00 15840000.crypto
    368 root      20   0   23324   5984   4116 S   0.0   0.1   0:00.46 systemd-udevd
    417 root     -51   0       0      0      0 S   0.0   0.0   0:00.00 irq/219-bc00000
    419 root      -2   0       0      0      0 S   0.0   0.0   0:00.00 capture-control
    420 root      -2   0       0      0      0 S   0.0   0.0   0:00.00 capture
    422 root     -51   0       0      0      0 S   0.0   0.0   0:00.00 irq/214-tegra_d
    423 root     -51   0       0      0      0 S   0.0   0.0   0:00.00 irq/215-tegra_d
    424 root       0 -20       0      0      0 I   0.0   0.0   0:00.00 dce-async-ipc-w
    425 root     -51   0       0      0      0 S   0.0   0.0   0:00.00 irq/240-nvvrs-p
    427 root      20   0       0      0      0 S   0.0   0.0   0:00.00 nv_queue
    428 root      20   0       0      0      0 S   0.0   0.0   0:00.00 nv_queue
    483 root     -51   0       0      0      0 S   0.0   0.0   0:00.00 irq/118-3210000
    487 root      20   0       0      0      0 S   0.0   0.0   0:00.00 spi0
    495 root       0 -20       0      0      0 I   0.0   0.0   0:00.00 cfg80211
    497 root     -51   0       0      0      0 S   0.0   0.0   0:00.00 irq/119-3230000
    498 root      20   0       0      0      0 S   0.0   0.0   0:00.00 spi1
    584 root       0 -20       0      0      0 I   0.0   0.0   0:00.00 btfwwork
    650 root      20   0    8236   6424   1432 S   0.0   0.1   0:00.73 haveged
    653 _rpc      20   0    7932   2264   1912 S   0.0   0.0   0:00.04 rpcbind
    659 systemd+  20   0   26320  13580   8496 S   0.0   0.2   0:00.55 systemd-resolve
    662 systemd+  20   0   88880   6332   5484 S   0.0   0.1   0:00.15 systemd-timesyn
    826 avahi     20   0    8084   3108   2752 S   0.0   0.0   0:00.70 avahi-daemon
    827 root      20   0    9888   4552   4112 S   0.0   0.1   0:00.07 bluetoothd
    828 message+  20   0   10496   5632   3584 S   0.0   0.1   0:47.41 dbus-daemon
    838 root      20   0   43504  19780  10232 S   0.0   0.3   0:00.15 networkd-dispat
    849 root      20   0  241652   9056   6312 S   0.0   0.1   0:00.66 power-profiles-
    854 syslog    20   0  222160   5012   3672 S   0.0   0.1   0:05.85 rsyslogd
    859 root      20   0    2240    796    720 S   0.0   0.0   0:00.00 seatd
    867 root      20   0  242124   7452   6576 S   0.0   0.1   0:02.28 accounts-daemon
    869 root      20   0  238128   6232   5620 S   0.0   0.1   0:00.04 switcheroo-cont
    871 root      20   0   48968   7620   6296 S   0.0   0.1   0:04.02 systemd-logind
    874 root      20   0  394188  13988   9476 S   0.0   0.2   0:01.11 udisksd
    875 root      20   0   16632   9928   8148 S   0.0   0.1   0:01.36 wpa_supplicant
    882 avahi     20   0    7812    356      0 S   0.0   0.0   0:00.00 avahi-daemon
    921 root      30  10   11248   3612   3220 S   0.0   0.0   0:08.78 wifi_mon.sh
    969 root      20   0  237044  10468   6400 S   0.0   0.1   3:27.80 polkitd
    983 root      20   0    2460   1556   1380 S   0.0   0.0   0:08.55 nvfancontrol
   1049 root      20   0       0      0      0 S   0.0   0.0   0:00.00 sw-quiesce
   1052 root      20   0       0      0      0 S   0.0   0.0   0:21.78 nvgpu_channel_p
   1068 root      20   0       0      0      0 S   0.0   0.0   0:00.00 nvgpu_pg_init_g
   1087 root      20   0       0      0      0 S   0.0   0.0   0:00.00 nvgpu_clk_arb_p
   1117 root      20   0       0      0      0 S   0.0   0.0   0:08.02 RTW_CMD_THREAD
   1157 root      20   0   75936   9960   8136 S   0.0   0.1   0:00.01 nvargus-daemon
   1158 root      20   0   11116   3520   3220 S   0.0   0.0   0:00.08 nvmemwarning.sh
   1171 root      20   0   22192   1776   1580 S   0.0   0.0   0:00.00 nvs-service
   1181 ollama    20   0 2006720  39588  20072 S   0.0   0.5   0:01.11 ollama
   1195 root      20   0    2336   1408   1292 S   0.0   0.0   0:01.96 run-cups-browse
   1201 root      20   0    2336   1424   1296 S   0.0   0.0   0:02.02 run-cupsd
   1204 root      20   0       0      0      0 S   0.0   0.0   0:00.00 pr/ramoops-1
   1239 root      20   0   10772   2824   2576 S   0.0   0.0   0:00.06 cron
   1259 root      20   0  243128   8056   7012 S   0.0   0.1   0:00.02 gdm3
   1263 kernoops  20   0   12812    452      0 S   0.0   0.0   0:00.02 kerneloops
   1290 root      20   0    9468    800    724 S   0.0   0.0   0:00.00 agetty
   1291 kernoops  20   0   12812    452      0 S   0.0   0.0   0:00.02 kerneloops
   1293 root      20   0    9468    804    724 S   0.0   0.0   0:00.00 agetty
   1330 root      20   0  173408   8804   7628 S   0.0   0.1   0:00.02 gdm-session-wor
   1417 root      20   0       0      0      0 S   0.0   0.0   0:00.00 file-storage
   1426 root      20   0   15272   8368   6788 S   0.0   0.1   0:00.81 sshd
   1474 gdm       20   0   18120   9728   7360 S   0.0   0.1   0:00.46 systemd
   1478 root      20   0    3076    992    880 S   0.0   0.0   0:00.00 nvphsd
   1483 root      20   0    3208   1476   1316 S   0.0   0.0   0:00.00 nvphsd
   1497 gdm       20   0  106692   4552      0 S   0.0   0.1   0:00.00 (sd-pam)
   1688 gdm        9 -11   41972   6476   5156 S   0.0   0.1   0:00.07 pipewire
   1689 gdm       20   0   25476   6428   5104 S   0.0   0.1   0:01.81 pipewire-media-
   1690 gdm        9 -11  891840  20748  12584 S   0.0   0.3   0:01.00 pulseaudio
   1695 gdm       20   0  163948   5472   4964 S   0.0   0.1   0:00.00 gdm-x-session
   1697 root      20   0   24.2g  80544  35884 S   0.0   1.0   0:02.25 Xorg
   1698 rtkit     21   1  153504   1588   1380 S   0.0   0.0   0:00.32 rtkit-daemon
   1729 gdm       20   0    8840   3600   3212 S   0.0   0.0   0:00.02 dbus-daemon
   1748 root      20   0       0      0      0 S   0.0   0.0   0:00.00 nvidia-modeset/
   1749 root      20   0       0      0      0 S   0.0   0.0   0:00.00 nvidia-modeset/
   1752 root      20   0       0      0      0 S   0.0   0.0   0:00.00 nvidia
   1753 root      20   0       0      0      0 S   0.0   0.0   0:00.00 nv_queue
   1790 root      20   0       0      0      0 S   0.0   0.0   0:00.00 nvidia-drm-nv-t
   1791 root     -51   0       0      0      0 S   0.0   0.0   0:00.00 card1-crtc0
   1792 root     -51   0       0      0      0 S   0.0   0.0   0:00.00 card1-crtc1
   1980 gdm       20   0    5876   1552   1344 S   0.0   0.0   0:00.00 dbus-run-sessio
   1983 gdm       20   0    9108   4440   3588 S   0.0   0.1   0:00.13 dbus-daemon
   2035 gdm       20   0  597840  17824  12972 S   0.0   0.2   0:01.10 gnome-session-b
   2057 gdm       20   0  310068   8976   6272 S   0.0   0.1   0:00.00 at-spi-bus-laun
   2062 gdm       20   0    8692   3556   3168 S   0.0   0.0   0:00.00 dbus-daemon
   2071 gdm       20   0 3471500 137268  73260 S   0.0   1.8   0:49.68 gnome-shell
   2092 gdm       20   0  237676   4964   4528 S   0.0   0.1   0:00.00 xdg-permission-
   2099 root      20   0  243852  10136   6984 S   0.0   0.1   0:00.52 upowerd
   2106 root      20   0  301608  19332  16408 S   0.0   0.2   0:01.73 packagekitd
   2110 gdm       20   0 2812288  25716  20860 S   0.0   0.3   0:00.08 gjs
   2113 gdm       20   0  163144   7196   6428 S   0.0   0.1   0:00.02 at-spi2-registr
   2141 gdm       20   0  468748   9856   7940 S   0.0   0.1   0:02.18 gsd-sharing
   2146 gdm       20   0  338880  14892  12620 S   0.0   0.2   0:00.06 gsd-wacom
   2148 gdm       20   0  451616  18896  16480 S   0.0   0.2   0:00.22 gsd-color
   2150 gdm       20   0  412392  17092  13292 S   0.0   0.2   0:00.04 gsd-keyboard
   2152 gdm       20   0  316864  13188   6244 S   0.0   0.2   0:00.10 ibus-daemon
   2156 gdm       20   0  326124   9848   8488 S   0.0   0.1   0:00.02 gsd-print-notif
   2166 gdm       20   0  242216   6512   5848 S   0.0   0.1   0:00.01 gvfsd
   2168 gdm       20   0  459796   6140   5436 S   0.0   0.1   0:00.64 gsd-rfkill
   2170 gdm       20   0  388312   7432   6528 S   0.0   0.1   0:00.01 gsd-smartcard
   2173 gdm       20   0  380556  16508  12504 S   0.0   0.2   0:00.03 gsd-datetime
   2183 gdm       20   0  864216  20108  17428 S   0.0   0.3   0:00.58 gsd-media-keys
   2184 gdm       20   0  237936   4760   4376 S   0.0   0.1   0:00.01 gsd-screensaver
   2185 gdm       20   0  322096  10392   7320 S   0.0   0.1   0:00.02 gsd-sound
   2186 gdm       20   0  312416   8104   5476 S   0.0   0.1   0:00.01 gsd-a11y-settin
   2193 gdm       20   0  313996   8944   6152 S   0.0   0.1   0:01.01 gsd-housekeepin
   2195 gdm       20   0  450004  20288  15904 S   0.0   0.3   0:00.58 gsd-power
   2218 gdm       20   0  347052  12608  10748 S   0.0   0.2   0:00.03 gsd-printer
   2221 gdm       20   0  239040   6576   5948 S   0.0   0.1   0:00.00 ibus-dconf
   2233 gdm       20   0  238936   5920   5488 S   0.0   0.1   0:00.00 ibus-portal
   2263 colord    20   0  247516  14492   8720 S   0.0   0.2   0:00.27 colord
   2285 gdm       20   0 2812300  27868  20904 S   0.0   0.4   0:00.09 gjs
   2349 gdm       20   0  165096   6516   5892 S   0.0   0.1   0:00.01 ibus-engine-sim
   2508 root      20   0  136716  13172   9512 S   0.0   0.2   0:00.73 cupsd
   2522 root      20   0  260792  17940  13508 S   0.0   0.2   0:01.72 cups-browsed
  11687 jetson    20   0   18140   9764   7368 S   0.0   0.1   0:00.37 systemd
  11688 jetson    20   0  172512   4632      0 S   0.0   0.1   0:00.00 (sd-pam)
  11696 jetson    20   0   41976   6552   5228 S   0.0   0.1   0:00.07 pipewire
  11697 jetson    20   0   25484   6724   5388 S   0.0   0.1   0:01.99 pipewire-media-
  11749 jetson    20   0    8888   4168   3672 S   0.0   0.1   0:00.03 dbus-daemon
  11931 jetson    20   0  707268  63144  26432 S   0.0   0.8   2:28.25 python3
  13234 jetson    20   0  203640  35476  13212 S   0.0   0.5   0:00.75 ros2
  13236 jetson    20   0 2070472  36080  17228 S   0.0   0.5   0:00.94 docker
  13238 jetson    20   0  428524  31584  15828 S   0.0   0.4   2:34.03 robot_state_pub
  13265 root      20   0 1232976  11204   5960 S   0.0   0.1   0:02.48 containerd-shim
  13294 root      20   0   49400  29204  14412 S   0.0   0.4   0:00.40 ros2
 284193 root      20   0       0      0      0 I   0.0   0.0   0:14.60 kworker/u12:3-events_unbound
 407770 root      20   0       0      0      0 I   0.0   0.0   0:10.69 kworker/u12:9-events_freezable_power_
 417230 root      20   0       0      0      0 I   0.0   0.0   0:09.08 kworker/u12:0-events_unbound
 418183 root       0 -20       0      0      0 I   0.0   0.0   0:16.43 kworker/u13:0-uvcvideo
 437586 root      20   0       0      0      0 I   0.0   0.0   0:07.73 kworker/u12:4-events_unbound
 465092 root      20   0  238836   6948   5700 S   0.0   0.1   0:01.41 iio-sensor-prox
 481530 root       0 -20       0      0      0 I   0.0   0.0   0:10.94 kworker/u13:3-uvcvideo
 494799 jetson    20   0    5508    792    704 S   0.0   0.0   0:00.21 sleep
 494866 root      20   0   21760   5464   3940 S   0.0   0.1   0:04.79 systemd-udevd
 494879 root      20   0   21756   3352   1840 S   0.0   0.0   0:01.00 systemd-udevd
 513219 root      20   0   21752   3996   2468 S   0.0   0.1   0:00.00 systemd-udevd
 513220 root      20   0   21760   3388   1868 S   0.0   0.0   0:00.00 systemd-udevd
 513233 root      20   0   21760   3392   1868 S   0.0   0.0   0:00.00 systemd-udevd
 513234 root      20   0   21760   3356   1840 S   0.0   0.0   0:00.00 systemd-udevd
 513235 root      20   0   21760   3996   2468 S   0.0   0.1   0:00.01 systemd-udevd
 513236 root      20   0   21760   3384   1868 S   0.0   0.0   0:00.00 systemd-udevd
 513237 root      20   0   21760   4188   2660 S   0.0   0.1   0:00.00 systemd-udevd
 513251 root      20   0   21760   3840   2288 S   0.0   0.0   0:00.00 systemd-udevd
 513265 root      20   0   21760   4056   2496 S   0.0   0.1   0:00.01 systemd-udevd
 513266 root      20   0   21760   4052   2496 S   0.0   0.1   0:00.01 systemd-udevd
 538507 root      20   0       0      0      0 I   0.0   0.0   0:00.29 kworker/0:0-events
 562560 root      20   0       0      0      0 I   0.0   0.0   0:02.65 kworker/u12:1-events_unbound
 576600 root      20   0       0      0      0 I   0.0   0.0   0:00.40 kworker/3:0-events
 576909 root      20   0       0      0      0 I   0.0   0.0   0:00.08 kworker/4:1-events
 589172 root      20   0       0      0      0 I   0.0   0.0   0:02.16 kworker/u12:10-events_unbound
 591089 root       0 -20       0      0      0 I   0.0   0.0   0:04.22 kworker/u13:1-uvcvideo
 602672 root      20   0       0      0      0 I   0.0   0.0   0:00.14 kworker/1:3-events
 621531 root      20   0       0      0      0 I   0.0   0.0   0:00.11 kworker/5:2-events
 622272 root      20   0       0      0      0 I   0.0   0.0   0:01.24 kworker/u12:7-events_freezable_power_
 645581 root      20   0       0      0      0 I   0.0   0.0   0:00.04 kworker/1:2-events
 645980 root      20   0       0      0      0 I   0.0   0.0   0:00.07 kworker/5:0-events
 646577 jetson    20   0  572504  38828  13216 S   0.0   0.5   0:00.85 ros2
 646587 jetson    20   0 1082604  58700  26340 S   0.0   0.8   0:27.25 foxglove_bridge
 646880 jetson    20   0  129772  34676  13228 S   0.0   0.4   0:00.69 ros2
 646995 jetson    20   0  796968  40104  13228 S   0.0   0.5   0:01.38 ros2
 647060 jetson    20   0   11248   3076   2756 S   0.0   0.0   0:00.39 bash
 647156 jetson    20   0   53568  30344  15012 S   0.0   0.4   0:00.41 ros2
 647161 root      20   0       0      0      0 I   0.0   0.0   0:00.00 kworker/3:1-events
 651818 root      20   0       0      0      0 I   0.0   0.0   0:00.05 kworker/4:0-events
 651861 root      20   0       0      0      0 I   0.0   0.0   0:00.00 kworker/2:0-mm_percpu_wq
 651906 root      20   0       0      0      0 I   0.0   0.0   0:00.00 kworker/0:2-events
 660558 root      20   0       0      0      0 I   0.0   0.0   0:00.04 kworker/1:0-events
 660666 root       0 -20       0      0      0 I   0.0   0.0   0:01.46 kworker/u13:2-uvcvideo
 663616 root      20   0    9436    784    704 S   0.0   0.0   0:00.00 sleep
 670335 root      20   0       0      0      0 I   0.0   0.0   0:00.00 kworker/2:1-cgroup_destroy
 670336 root      20   0       0      0      0 I   0.0   0.0   0:00.00 kworker/2:2-cgroup_destroy
 670384 root      20   0       0      0      0 I   0.0   0.0   0:00.00 kworker/0:1
 670511 root      20   0       0      0      0 I   0.0   0.0   0:00.00 kworker/3:2-cgroup_destroy
 670512 root      20   0       0      0      0 I   0.0   0.0   0:00.00 kworker/3:3
 672581 root      20   0       0      0      0 I   0.0   0.0   0:00.02 kworker/5:1-events
 672816 jetson    20   0   11248   3308   2868 S   0.0   0.0   0:00.04 bash
 675625 jetson    20   0   11248   3300   2868 S   0.0   0.0   0:00.01 bash
 675913 jetson    20   0    9480    808    724 S   0.0   0.0   0:00.00 tail
 676165 root      30  10    9436    768    688 S   0.0   0.0   0:00.00 sleep
 676808 jetson    20   0    9444    788    704 S   0.0   0.0   0:00.00 sleep

top - 16:10:49 up  6:33,  0 users,  load average: 7.73, 6.73, 6.60
Tasks: 353 total,   4 running, 349 sleeping,   0 stopped,   0 zombie
%Cpu(s): 42.3 us, 10.9 sy,  0.0 ni, 42.4 id,  0.0 wa,  2.4 hi,  2.0 si,  0.0 st
MiB Mem :   7607.4 total,   2285.0 free,   2229.3 used,   3093.1 buff/cache
MiB Swap:   3803.7 total,   3803.7 free,      0.0 used.   5061.1 avail Mem 

    PID USER      PR  NI    VIRT    RES    SHR S  %CPU  %MEM     TIME+ COMMAND
 675912 jetson    20   0  752524  72664  29576 R  43.6   0.9   0:07.05 python3
 646802 jetson    20   0  709060  61196  27276 R  36.1   0.8   3:34.42 python3
 646999 jetson    20   0  963000  48020  23640 S  32.7   0.6   1:06.08 controller_serv
 675713 jetson    20   0  763620  53952  25376 S  24.3   0.7   0:05.23 ros2
 647181 jetson    20   0 9356228 409188  87560 S  18.3   5.3   1:36.91 nvblox_node
 647007 jetson    20   0  530840  46196  26216 S  16.8   0.6   0:59.96 bt_navigator
 646583 jetson    20   0  432976  25268  14224 S  16.3   0.3   1:38.32 rplidar_node
 646579 jetson    20   0 1748420 106436  51428 S  14.9   1.4   1:27.98 realsense2_came
 646804 jetson    20   0  506340  30844  18340 R  11.9   0.4   1:09.75 ekf_node
 646882 jetson    20   0 1061852  54072  24360 S  10.9   0.7   0:26.78 async_slam_tool
 647058 jetson    20   0  577528  31320  16252 S  10.9   0.4   1:05.83 lifecycle_manag
 646997 jetson    20   0  709524  61896  27392 S   9.9   0.8   0:31.67 python3
 647003 jetson    20   0 1070788  70016  24808 S   9.9   0.9   1:00.12 planner_server
 646585 jetson    20   0  707980  61236  27448 S   8.9   0.8   0:56.59 python3
 647005 jetson    20   0  516440  34888  21032 S   7.9   0.4   0:47.78 behavior_server
 647001 jetson    20   0  664640  33068  19416 S   7.4   0.4   0:40.80 smoother_server
 647025 jetson    20   0  431396  28940  17020 S   5.9   0.4   0:34.95 waypoint_follow
 647056 jetson    20   0  428696  29132  15944 S   5.9   0.4   0:34.32 velocity_smooth
  13320 root      20   0 1300496  44680  11392 S   5.4   0.6  32:32.98 micro_ros_agent
 646581 jetson    20   0  709380  64256  27276 S   3.5   0.8   0:30.95 python3
    904 root      rt   0       0      0      0 S   1.5   0.0   1:51.90 sugov:0
    909 root      rt   0       0      0      0 S   1.0   0.0   0:53.13 sugov:4
 591089 root       0 -20       0      0      0 I   1.0   0.0   0:04.24 kworker/u13:1-uvcvideo
 675714 jetson    20   0   14340   3384   2772 R   1.0   0.0   0:00.21 top
     14 root      20   0       0      0      0 S   0.5   0.0   0:23.70 ksoftirqd/0
    340 root      20   0   23544   6732   4608 S   0.5   0.1   1:33.32 systemd-udevd
   1212 root      20   0 2093336  74476  33976 S   0.5   1.0   0:42.48 containerd
   1588 root      20   0 2353004 113512  57032 S   0.5   1.5   0:32.39 dockerd
 100141 root      20   0       0      0      0 I   0.5   0.0   0:23.68 kworker/u12:6-events_unbound
 494770 root      20   0 1233488  12904   6732 S   0.5   0.2   0:12.08 containerd-shim
 513250 root      20   0   21760   4432   2868 S   0.5   0.1   0:08.44 systemd-udevd
 582730 root      20   0       0      0      0 I   0.5   0.0   0:02.43 kworker/u12:2-events_unbound
 642140 root      20   0       0      0      0 I   0.5   0.0   0:00.97 kworker/u12:8-events_unbound
 646587 jetson    20   0 1082604  58700  26340 S   0.5   0.8   0:27.26 foxglove_bridge
 646995 jetson    20   0  796968  40104  13228 S   0.5   0.5   0:01.39 ros2
 675715 jetson    20   0    2872    884    788 S   0.5   0.0   0:00.05 tegrastats
      1 root      20   0  167628  11768   7448 S   0.0   0.2   0:32.39 systemd
      2 root      20   0       0      0      0 S   0.0   0.0   0:00.03 kthreadd
      3 root       0 -20       0      0      0 I   0.0   0.0   0:00.00 rcu_gp
      4 root       0 -20       0      0      0 I   0.0   0.0   0:00.00 rcu_par_gp
      5 root       0 -20       0      0      0 I   0.0   0.0   0:00.00 slub_flushwq
      6 root       0 -20       0      0      0 I   0.0   0.0   0:00.00 netns
      8 root       0 -20       0      0      0 I   0.0   0.0   0:00.00 kworker/0:0H-events_highpri
     10 root       0 -20       0      0      0 I   0.0   0.0   0:00.00 mm_percpu_wq
     11 root      20   0       0      0      0 S   0.0   0.0   0:00.00 rcu_tasks_kthre
     12 root      20   0       0      0      0 S   0.0   0.0   0:00.00 rcu_tasks_rude_
     13 root      20   0       0      0      0 S   0.0   0.0   0:00.00 rcu_tasks_trace
     15 root      20   0       0      0      0 I   0.0   0.0   0:10.48 rcu_preempt
     16 root      rt   0       0      0      0 S   0.0   0.0   0:00.03 migration/0
     17 root      20   0       0      0      0 S   0.0   0.0   0:00.00 cpuhp/0
     18 root      20   0       0      0      0 S   0.0   0.0   0:00.00 cpuhp/1
     19 root      rt   0       0      0      0 S   0.0   0.0   0:00.03 migration/1
     20 root      20   0       0      0      0 S   0.0   0.0   0:01.73 ksoftirqd/1
     22 root       0 -20       0      0      0 I   0.0   0.0   0:00.00 kworker/1:0H-events_highpri
     23 root      20   0       0      0      0 S   0.0   0.0   0:00.00 cpuhp/2
     24 root      rt   0       0      0      0 S   0.0   0.0   0:00.02 migration/2
     25 root      20   0       0      0      0 S   0.0   0.0   0:01.74 ksoftirqd/2
     27 root       0 -20       0      0      0 I   0.0   0.0   0:00.00 kworker/2:0H-events_highpri
     28 root      20   0       0      0      0 S   0.0   0.0   0:00.00 cpuhp/3
     29 root      rt   0       0      0      0 S   0.0   0.0   0:00.02 migration/3
     30 root      20   0       0      0      0 S   0.0   0.0   0:01.63 ksoftirqd/3
     32 root       0 -20       0      0      0 I   0.0   0.0   0:00.00 kworker/3:0H-events_highpri
     33 root      20   0       0      0      0 S   0.0   0.0   0:00.00 cpuhp/4
     34 root      rt   0       0      0      0 S   0.0   0.0   0:00.07 migration/4
     35 root      20   0       0      0      0 S   0.0   0.0   0:01.22 ksoftirqd/4
     37 root       0 -20       0      0      0 I   0.0   0.0   0:00.00 kworker/4:0H-kblockd
     38 root      20   0       0      0      0 S   0.0   0.0   0:00.00 cpuhp/5
     39 root      rt   0       0      0      0 S   0.0   0.0   0:00.07 migration/5
     40 root      20   0       0      0      0 S   0.0   0.0   0:01.29 ksoftirqd/5
     42 root       0 -20       0      0      0 I   0.0   0.0   0:00.00 kworker/5:0H-events_highpri
     43 root      20   0       0      0      0 S   0.0   0.0   0:00.01 kdevtmpfs
     44 root       0 -20       0      0      0 I   0.0   0.0   0:00.00 inet_frag_wq
     51 root      20   0       0      0      0 S   0.0   0.0   0:00.00 kauditd
     52 root      20   0       0      0      0 S   0.0   0.0   0:00.00 oom_reaper
     53 root       0 -20       0      0      0 I   0.0   0.0   0:00.00 writeback
     54 root      20   0       0      0      0 S   0.0   0.0   0:00.19 kcompactd0
     55 root      25   5       0      0      0 S   0.0   0.0   0:00.00 ksmd
     56 root      39  19       0      0      0 S   0.0   0.0   0:02.11 khugepaged
     67 root       0 -20       0      0      0 I   0.0   0.0   0:00.00 cryptd
     86 root       0 -20       0      0      0 I   0.0   0.0   0:00.00 kintegrityd
     87 root       0 -20       0      0      0 I   0.0   0.0   0:00.00 kblockd
     88 root       0 -20       0      0      0 I   0.0   0.0   0:00.00 blkcg_punt_bio
     89 root       0 -20       0      0      0 I   0.0   0.0   0:00.00 tpm_dev_wq
     90 root       0 -20       0      0      0 I   0.0   0.0   0:00.00 ata_sff
     91 root       0 -20       0      0      0 I   0.0   0.0   0:00.00 edac-poller
     92 root       0 -20       0      0      0 I   0.0   0.0   0:00.00 devfreq_wq
     93 root     -51   0       0      0      0 S   0.0   0.0   0:00.00 watchdogd
     96 root       0 -20       0      0      0 I   0.0   0.0   0:00.06 kworker/1:1H-kblockd
     97 root       0 -20       0      0      0 I   0.0   0.0   0:00.00 rpciod
     99 root       0 -20       0      0      0 I   0.0   0.0   0:00.00 xprtiod
    127 root      20   0       0      0      0 S   0.0   0.0   0:00.00 kswapd0
    128 root       0 -20       0      0      0 I   0.0   0.0   0:00.00 nfsiod
    132 root       0 -20       0      0      0 I   0.0   0.0   0:00.00 vfio-irqfd-clea
    133 root       0 -20       0      0      0 I   0.0   0.0   0:00.00 bch_btree_io
    134 root       0 -20       0      0      0 I   0.0   0.0   0:00.00 bcache
    135 root       0 -20       0      0      0 I   0.0   0.0   0:00.00 bch_journal
    136 root       0 -20       0      0      0 I   0.0   0.0   0:00.00 dm_bufio_cache
    139 root      20   0       0      0      0 I   0.0   0.0   0:01.99 kworker/2:3-events
    140 root      10 -10       0      0      0 S   0.0   0.0   0:00.00 krfcommd
    141 root      20   0       0      0      0 S   0.0   0.0   0:00.01 pr/tty0
    142 root      20   0       0      0      0 S   0.0   0.0   0:03.11 pr/ttyTCU0
    145 root     -51   0       0      0      0 S   0.0   0.0   0:00.00 irq/114-3160000
    147 root     -51   0       0      0      0 S   0.0   0.0   0:00.00 irq/115-3180000
    149 root     -51   0       0      0      0 S   0.0   0.0   0:00.00 irq/116-31b0000
    150 root     -51   0       0      0      0 S   0.0   0.0   0:00.03 irq/167-c240000
    151 root     -51   0       0      0      0 S   0.0   0.0   0:00.00 irq/168-c250000
    152 root     -51   0       0      0      0 S   0.0   0.0   0:00.00 irq/125-3610000
    153 root     -51   0       0      0      0 S   0.0   0.0   0:00.00 irq/122-3610000
    155 root       0 -20       0      0      0 I   0.0   0.0   0:00.00 sdhci
    156 root     -51   0       0      0      0 S   0.0   0.0   0:00.00 irq/120-mmc0
    157 root     -51   0       0      0      0 S   0.0   0.0   0:00.00 irq/230-3400000
    174 root       0 -20       0      0      0 I   0.0   0.0   0:00.06 kworker/3:1H-kblockd
    180 root     -51   0       0      0      0 S   0.0   0.0   0:00.00 irq/191-tegra-p
    181 root       0 -20       0      0      0 I   0.0   0.0   0:00.00 nvme-wq
    182 root       0 -20       0      0      0 I   0.0   0.0   0:00.00 nvme-reset-wq
    183 root       0 -20       0      0      0 I   0.0   0.0   0:00.00 nvme-delete-wq
    192 root     -51   0       0      0      0 S   0.0   0.0   0:00.00 irq/191-aerdrv
    193 root     -51   0       0      0      0 S   0.0   0.0   0:00.00 irq/193-tegra-p
    196 root     -51   0       0      0      0 S   0.0   0.0   0:00.00 irq/193-aerdrv
    197 root     -51   0       0      0      0 S   0.0   0.0   0:00.00 irq/195-tegra-p
    199 root     -51   0       0      0      0 S   0.0   0.0   0:00.00 irq/232-nvme0q0
    200 root     -51   0       0      0      0 S   0.0   0.0   0:00.38 irq/233-nvme0q1
    201 root     -51   0       0      0      0 S   0.0   0.0   0:00.42 irq/234-nvme0q2
    202 root     -51   0       0      0      0 S   0.0   0.0   0:00.54 irq/235-nvme0q3
    203 root     -51   0       0      0      0 S   0.0   0.0   0:00.66 irq/236-nvme0q4
    204 root     -51   0       0      0      0 S   0.0   0.0   0:00.16 irq/237-nvme0q5
    205 root     -51   0       0      0      0 S   0.0   0.0   0:00.13 irq/238-nvme0q6
    211 root       0 -20       0      0      0 I   0.0   0.0   0:00.07 kworker/4:1H-kblockd
    212 root      20   0       0      0      0 S   0.0   0.0   0:01.51 jbd2/nvme0n1p1-
    213 root       0 -20       0      0      0 I   0.0   0.0   0:00.00 ext4-rsv-conver
    222 root       0 -20       0      0      0 I   0.0   0.0   0:00.00 mld
    223 root       0 -20       0      0      0 I   0.0   0.0   0:00.04 kworker/0:1H-kblockd
    224 root       0 -20       0      0      0 I   0.0   0.0   0:00.00 ipv6_addrconf
    256 root      19  -1   76560  40184  38556 S   0.0   0.5   0:30.50 systemd-journal
    278 root       0 -20       0      0      0 I   0.0   0.0   0:00.08 kworker/2:1H-kblockd
    280 root      39  19       0      0      0 S   0.0   0.0   0:01.71 nvmap-bz
    281 root     -51   0       0      0      0 S   0.0   0.0   0:00.00 irq/188-host1x_
    285 root     -51   0       0      0      0 S   0.0   0.0   0:00.00 irq/197-gk20a_s
    286 root     -51   0       0      0      0 S   0.0   0.0   0:00.03 irq/198-gk20a_s
    287 root     -51   0       0      0      0 S   0.0   0.0   0:00.03 irq/199-gk20a_s
    288 root     -51   0       0      0      0 S   0.0   0.0   0:00.00 irq/200-gk20a_n
    291 root       0 -20       0      0      0 I   0.0   0.0   0:00.06 kworker/5:1H-kblockd
    295 root      20   0   11116   3460   3204 S   0.0   0.0   0:00.00 nv-tee-supplica
    299 root      20   0   76588   1360   1248 S   0.0   0.0   0:00.01 tee-supplicant
    301 root       0 -20       0      0      0 I   0.0   0.0   0:00.00 optee_bus_scan
    303 root     -51   0       0      0      0 S   0.0   0.0   0:00.00 irq/189-tegra-p
    312 root      20   0   23732   6316   4080 S   0.0   0.1   0:27.84 systemd-udevd
    313 root     -51   0       0      0      0 S   0.0   0.0   0:00.00 irq/189-aerdrv
    314 root      20   0   23216   5832   3992 S   0.0   0.1   0:00.41 systemd-udevd
    315 root      20   0   23216   5020   3248 S   0.0   0.1   0:00.15 systemd-udevd
    316 root      20   0   23268   6252   4316 S   0.0   0.1   0:00.16 systemd-udevd
    317 root      20   0   23220   4364   2600 S   0.0   0.1   0:00.11 systemd-udevd
    318 root      20   0   23216   4480   2672 S   0.0   0.1   0:00.12 systemd-udevd
    319 root      20   0   23212   5820   3980 S   0.0   0.1   0:00.29 systemd-udevd
    320 root      20   0   23264   4688   2764 S   0.0   0.1   0:00.13 systemd-udevd
    321 root      20   0   23268   5072   3136 S   0.0   0.1   0:00.18 systemd-udevd
    322 root      20   0   23524   5520   3456 S   0.0   0.1   0:00.27 systemd-udevd
    323 root      20   0   23216   6304   4444 S   0.0   0.1   0:00.42 systemd-udevd
    324 root      20   0   23220   5196   3388 S   0.0   0.1   0:00.16 systemd-udevd
    325 root      20   0   23220   5820   3976 S   0.0   0.1   0:00.41 systemd-udevd
    326 root      20   0   23220   5256   3388 S   0.0   0.1   0:00.45 systemd-udevd
    327 root      20   0   23220   5504   3684 S   0.0   0.1   0:00.18 systemd-udevd
    330 root      20   0   23512   5728   3684 S   0.0   0.1   0:00.14 systemd-udevd
    331 root      20   0   24292   5540   2676 S   0.0   0.1   0:00.16 systemd-udevd
    333 root      20   0   23524   5596   3532 S   0.0   0.1   0:00.28 systemd-udevd
    334 root      20   0   23220   5584   3740 S   0.0   0.1   0:00.27 systemd-udevd
    335 root      20   0   23220   4504   2708 S   0.0   0.1   0:00.11 systemd-udevd
    336 root      20   0   23220   4696   2892 S   0.0   0.1   0:00.14 systemd-udevd
    337 root      20   0   23524   5056   2992 S   0.0   0.1   0:00.16 systemd-udevd
    339 root      20   0   23220   4980   3148 S   0.0   0.1   0:00.17 systemd-udevd
    341 root      20   0   23276   5328   3384 S   0.0   0.1   0:00.13 systemd-udevd
    342 root      20   0   23280   5176   3228 S   0.0   0.1   0:00.13 systemd-udevd
    343 root      20   0   23220   5988   4152 S   0.0   0.1   0:00.33 systemd-udevd
    344 root      20   0   23560   6700   4596 S   0.0   0.1   0:00.58 systemd-udevd
    345 root      20   0       0      0      0 S   0.0   0.0   0:00.00 15820000.crypto
    346 root      20   0       0      0      0 S   0.0   0.0   0:00.00 15840000.crypto
    368 root      20   0   23324   5984   4116 S   0.0   0.1   0:00.46 systemd-udevd
    417 root     -51   0       0      0      0 S   0.0   0.0   0:00.00 irq/219-bc00000
    419 root      -2   0       0      0      0 S   0.0   0.0   0:00.00 capture-control
    420 root      -2   0       0      0      0 S   0.0   0.0   0:00.00 capture
    422 root     -51   0       0      0      0 S   0.0   0.0   0:00.00 irq/214-tegra_d
    423 root     -51   0       0      0      0 S   0.0   0.0   0:00.00 irq/215-tegra_d
    424 root       0 -20       0      0      0 I   0.0   0.0   0:00.00 dce-async-ipc-w
    425 root     -51   0       0      0      0 S   0.0   0.0   0:00.00 irq/240-nvvrs-p
    427 root      20   0       0      0      0 S   0.0   0.0   0:00.00 nv_queue
    428 root      20   0       0      0      0 S   0.0   0.0   0:00.00 nv_queue
    483 root     -51   0       0      0      0 S   0.0   0.0   0:00.00 irq/118-3210000
    487 root      20   0       0      0      0 S   0.0   0.0   0:00.00 spi0
    495 root       0 -20       0      0      0 I   0.0   0.0   0:00.00 cfg80211
    497 root     -51   0       0      0      0 S   0.0   0.0   0:00.00 irq/119-3230000
    498 root      20   0       0      0      0 S   0.0   0.0   0:00.00 spi1
    584 root       0 -20       0      0      0 I   0.0   0.0   0:00.00 btfwwork
    650 root      20   0    8236   6424   1432 S   0.0   0.1   0:00.73 haveged
    653 _rpc      20   0    7932   2264   1912 S   0.0   0.0   0:00.04 rpcbind
    659 systemd+  20   0   26320  13580   8496 S   0.0   0.2   0:00.55 systemd-resolve
    662 systemd+  20   0   88880   6332   5484 S   0.0   0.1   0:00.15 systemd-timesyn
    826 avahi     20   0    8084   3108   2752 S   0.0   0.0   0:00.70 avahi-daemon
    827 root      20   0    9888   4552   4112 S   0.0   0.1   0:00.07 bluetoothd
    828 message+  20   0   10496   5632   3584 S   0.0   0.1   0:47.41 dbus-daemon
    829 root      20   0  264848  18932  14872 S   0.0   0.2   0:43.09 NetworkManager
    838 root      20   0   43504  19780  10232 S   0.0   0.3   0:00.15 networkd-dispat
    849 root      20   0  241652   9056   6312 S   0.0   0.1   0:00.66 power-profiles-
    854 syslog    20   0  222160   5012   3672 S   0.0   0.1   0:05.85 rsyslogd
    859 root      20   0    2240    796    720 S   0.0   0.0   0:00.00 seatd
    865 root      20   0 2145956  51924  25772 S   0.0   0.7   0:37.96 snapd
    867 root      20   0  242124   7452   6576 S   0.0   0.1   0:02.28 accounts-daemon
    869 root      20   0  238128   6232   5620 S   0.0   0.1   0:00.04 switcheroo-cont
    871 root      20   0   48968   7620   6296 S   0.0   0.1   0:04.02 systemd-logind
    874 root      20   0  394188  13988   9476 S   0.0   0.2   0:01.11 udisksd
    875 root      20   0   16632   9928   8148 S   0.0   0.1   0:01.36 wpa_supplicant
    882 avahi     20   0    7812    356      0 S   0.0   0.0   0:00.00 avahi-daemon
    921 root      30  10   11248   3612   3220 S   0.0   0.0   0:08.78 wifi_mon.sh
    969 root      20   0  237044  10468   6400 S   0.0   0.1   3:27.80 polkitd
    983 root      20   0    2460   1556   1380 S   0.0   0.0   0:08.55 nvfancontrol
   1049 root      20   0       0      0      0 S   0.0   0.0   0:00.00 sw-quiesce
   1052 root      20   0       0      0      0 S   0.0   0.0   0:21.78 nvgpu_channel_p
   1068 root      20   0       0      0      0 S   0.0   0.0   0:00.00 nvgpu_pg_init_g
   1087 root      20   0       0      0      0 S   0.0   0.0   0:00.00 nvgpu_clk_arb_p
   1117 root      20   0       0      0      0 S   0.0   0.0   0:08.02 RTW_CMD_THREAD
   1157 root      20   0   75936   9960   8136 S   0.0   0.1   0:00.01 nvargus-daemon
   1158 root      20   0   11116   3520   3220 S   0.0   0.0   0:00.08 nvmemwarning.sh
   1171 root      20   0   22192   1776   1580 S   0.0   0.0   0:00.00 nvs-service
   1181 ollama    20   0 2006720  39588  20072 S   0.0   0.5   0:01.11 ollama
   1195 root      20   0    2336   1408   1292 S   0.0   0.0   0:01.96 run-cups-browse
   1201 root      20   0    2336   1424   1296 S   0.0   0.0   0:02.02 run-cupsd
   1204 root      20   0       0      0      0 S   0.0   0.0   0:00.00 pr/ramoops-1
   1239 root      20   0   10772   2824   2576 S   0.0   0.0   0:00.06 cron
   1259 root      20   0  243128   8056   7012 S   0.0   0.1   0:00.02 gdm3
   1263 kernoops  20   0   12812    452      0 S   0.0   0.0   0:00.02 kerneloops
   1290 root      20   0    9468    800    724 S   0.0   0.0   0:00.00 agetty
   1291 kernoops  20   0   12812    452      0 S   0.0   0.0   0:00.02 kerneloops
   1293 root      20   0    9468    804    724 S   0.0   0.0   0:00.00 agetty
   1330 root      20   0  173408   8804   7628 S   0.0   0.1   0:00.02 gdm-session-wor
   1417 root      20   0       0      0      0 S   0.0   0.0   0:00.00 file-storage
   1426 root      20   0   15272   8368   6788 S   0.0   0.1   0:00.81 sshd
   1474 gdm       20   0   18120   9728   7360 S   0.0   0.1   0:00.46 systemd
   1478 root      20   0    3076    992    880 S   0.0   0.0   0:00.00 nvphsd
   1483 root      20   0    3208   1476   1316 S   0.0   0.0   0:00.00 nvphsd
   1497 gdm       20   0  106692   4552      0 S   0.0   0.1   0:00.00 (sd-pam)
   1688 gdm        9 -11   41972   6476   5156 S   0.0   0.1   0:00.07 pipewire
   1689 gdm       20   0   25476   6428   5104 S   0.0   0.1   0:01.81 pipewire-media-
   1690 gdm        9 -11  891840  20748  12584 S   0.0   0.3   0:01.00 pulseaudio
   1695 gdm       20   0  163948   5472   4964 S   0.0   0.1   0:00.00 gdm-x-session
   1697 root      20   0   24.2g  80544  35884 S   0.0   1.0   0:02.25 Xorg
   1698 rtkit     21   1  153504   1588   1380 S   0.0   0.0   0:00.32 rtkit-daemon
   1729 gdm       20   0    8840   3600   3212 S   0.0   0.0   0:00.02 dbus-daemon
   1748 root      20   0       0      0      0 S   0.0   0.0   0:00.00 nvidia-modeset/
   1749 root      20   0       0      0      0 S   0.0   0.0   0:00.00 nvidia-modeset/
   1752 root      20   0       0      0      0 S   0.0   0.0   0:00.00 nvidia
   1753 root      20   0       0      0      0 S   0.0   0.0   0:00.00 nv_queue
   1790 root      20   0       0      0      0 S   0.0   0.0   0:00.00 nvidia-drm-nv-t
   1791 root     -51   0       0      0      0 S   0.0   0.0   0:00.00 card1-crtc0
   1792 root     -51   0       0      0      0 S   0.0   0.0   0:00.00 card1-crtc1
   1980 gdm       20   0    5876   1552   1344 S   0.0   0.0   0:00.00 dbus-run-sessio
   1983 gdm       20   0    9108   4440   3588 S   0.0   0.1   0:00.13 dbus-daemon
   2035 gdm       20   0  597840  17824  12972 S   0.0   0.2   0:01.10 gnome-session-b
   2057 gdm       20   0  310068   8976   6272 S   0.0   0.1   0:00.00 at-spi-bus-laun
   2062 gdm       20   0    8692   3556   3168 S   0.0   0.0   0:00.00 dbus-daemon
   2071 gdm       20   0 3471500 137268  73260 S   0.0   1.8   0:49.68 gnome-shell
   2092 gdm       20   0  237676   4964   4528 S   0.0   0.1   0:00.00 xdg-permission-
   2099 root      20   0  243852  10136   6984 S   0.0   0.1   0:00.52 upowerd
   2106 root      20   0  301608  19332  16408 S   0.0   0.2   0:01.73 packagekitd
   2110 gdm       20   0 2812288  25716  20860 S   0.0   0.3   0:00.08 gjs
   2113 gdm       20   0  163144   7196   6428 S   0.0   0.1   0:00.02 at-spi2-registr
   2141 gdm       20   0  468748   9856   7940 S   0.0   0.1   0:02.18 gsd-sharing
   2146 gdm       20   0  338880  14892  12620 S   0.0   0.2   0:00.06 gsd-wacom
   2148 gdm       20   0  451616  18896  16480 S   0.0   0.2   0:00.22 gsd-color
   2150 gdm       20   0  412392  17092  13292 S   0.0   0.2   0:00.04 gsd-keyboard
   2152 gdm       20   0  316864  13188   6244 S   0.0   0.2   0:00.10 ibus-daemon
   2156 gdm       20   0  326124   9848   8488 S   0.0   0.1   0:00.02 gsd-print-notif
   2166 gdm       20   0  242216   6512   5848 S   0.0   0.1   0:00.01 gvfsd
   2168 gdm       20   0  459796   6140   5436 S   0.0   0.1   0:00.64 gsd-rfkill
   2170 gdm       20   0  388312   7432   6528 S   0.0   0.1   0:00.01 gsd-smartcard
   2173 gdm       20   0  380556  16508  12504 S   0.0   0.2   0:00.03 gsd-datetime
   2183 gdm       20   0  864216  20108  17428 S   0.0   0.3   0:00.58 gsd-media-keys
   2184 gdm       20   0  237936   4760   4376 S   0.0   0.1   0:00.01 gsd-screensaver
   2185 gdm       20   0  322096  10392   7320 S   0.0   0.1   0:00.02 gsd-sound
   2186 gdm       20   0  312416   8104   5476 S   0.0   0.1   0:00.01 gsd-a11y-settin
   2193 gdm       20   0  313996   8944   6152 S   0.0   0.1   0:01.01 gsd-housekeepin
   2195 gdm       20   0  450004  20288  15904 S   0.0   0.3   0:00.58 gsd-power
   2218 gdm       20   0  347052  12608  10748 S   0.0   0.2   0:00.03 gsd-printer
   2221 gdm       20   0  239040   6576   5948 S   0.0   0.1   0:00.00 ibus-dconf
   2233 gdm       20   0  238936   5920   5488 S   0.0   0.1   0:00.00 ibus-portal
   2263 colord    20   0  247516  14492   8720 S   0.0   0.2   0:00.27 colord
   2285 gdm       20   0 2812300  27868  20904 S   0.0   0.4   0:00.09 gjs
   2349 gdm       20   0  165096   6516   5892 S   0.0   0.1   0:00.01 ibus-engine-sim
   2508 root      20   0  136716  13172   9512 S   0.0   0.2   0:00.73 cupsd
   2522 root      20   0  260792  17940  13508 S   0.0   0.2   0:01.72 cups-browsed
  11687 jetson    20   0   18140   9764   7368 S   0.0   0.1   0:00.37 systemd
  11688 jetson    20   0  172512   4632      0 S   0.0   0.1   0:00.00 (sd-pam)
  11696 jetson    20   0   41976   6552   5228 S   0.0   0.1   0:00.07 pipewire
  11697 jetson    20   0   25484   6724   5388 S   0.0   0.1   0:01.99 pipewire-media-
  11749 jetson    20   0    8888   4168   3672 S   0.0   0.1   0:00.03 dbus-daemon
  11931 jetson    20   0  707268  63144  26432 S   0.0   0.8   2:28.25 python3
  13234 jetson    20   0  203640  35476  13212 S   0.0   0.5   0:00.75 ros2
  13236 jetson    20   0 2070472  36080  17228 S   0.0   0.5   0:00.94 docker
  13238 jetson    20   0  428524  31584  15828 S   0.0   0.4   2:34.03 robot_state_pub
  13265 root      20   0 1232976  11204   5960 S   0.0   0.1   0:02.48 containerd-shim
  13294 root      20   0   49400  29204  14412 S   0.0   0.4   0:00.40 ros2
 284193 root      20   0       0      0      0 I   0.0   0.0   0:14.60 kworker/u12:3-events_freezable_power_
 407770 root      20   0       0      0      0 I   0.0   0.0   0:10.69 kworker/u12:9-events_freezable_power_
 417230 root      20   0       0      0      0 I   0.0   0.0   0:09.08 kworker/u12:0-events_unbound
 418183 root       0 -20       0      0      0 I   0.0   0.0   0:16.43 kworker/u13:0-uvcvideo
 437586 root      20   0       0      0      0 I   0.0   0.0   0:07.73 kworker/u12:4-events_unbound
 465092 root      20   0  238836   6948   5700 S   0.0   0.1   0:01.41 iio-sensor-prox
 481530 root       0 -20       0      0      0 I   0.0   0.0   0:10.94 kworker/u13:3-uvcvideo
 494799 jetson    20   0    5508    792    704 S   0.0   0.0   0:00.21 sleep
 494866 root      20   0   21760   5464   3940 S   0.0   0.1   0:04.79 systemd-udevd
 494879 root      20   0   21756   3352   1840 S   0.0   0.0   0:01.00 systemd-udevd
 513219 root      20   0   21752   3996   2468 S   0.0   0.1   0:00.00 systemd-udevd
 513220 root      20   0   21760   3388   1868 S   0.0   0.0   0:00.00 systemd-udevd
 513233 root      20   0   21760   3392   1868 S   0.0   0.0   0:00.00 systemd-udevd
 513234 root      20   0   21760   3356   1840 S   0.0   0.0   0:00.00 systemd-udevd
 513235 root      20   0   21760   3996   2468 S   0.0   0.1   0:00.01 systemd-udevd
 513236 root      20   0   21760   3384   1868 S   0.0   0.0   0:00.00 systemd-udevd
 513237 root      20   0   21760   4188   2660 S   0.0   0.1   0:00.00 systemd-udevd
 513251 root      20   0   21760   3840   2288 S   0.0   0.0   0:00.00 systemd-udevd
 513265 root      20   0   21760   4056   2496 S   0.0   0.1   0:00.01 systemd-udevd
 513266 root      20   0   21760   4052   2496 S   0.0   0.1   0:00.01 systemd-udevd
 538507 root      20   0       0      0      0 I   0.0   0.0   0:00.29 kworker/0:0-events
 562560 root      20   0       0      0      0 I   0.0   0.0   0:02.65 kworker/u12:1-events_unbound
 576600 root      20   0       0      0      0 I   0.0   0.0   0:00.40 kworker/3:0-events
 576909 root      20   0       0      0      0 I   0.0   0.0   0:00.08 kworker/4:1-events
 589172 root      20   0       0      0      0 I   0.0   0.0   0:02.16 kworker/u12:10-events_unbound
 602672 root      20   0       0      0      0 I   0.0   0.0   0:00.14 kworker/1:3-events
 621531 root      20   0       0      0      0 I   0.0   0.0   0:00.11 kworker/5:2-events
 622272 root      20   0       0      0      0 I   0.0   0.0   0:01.24 kworker/u12:7-events_freezable_power_
 645581 root      20   0       0      0      0 I   0.0   0.0   0:00.04 kworker/1:2-events
 645980 root      20   0       0      0      0 I   0.0   0.0   0:00.07 kworker/5:0-events
 646577 jetson    20   0  572504  38828  13216 S   0.0   0.5   0:00.85 ros2
 646880 jetson    20   0  129772  34676  13228 S   0.0   0.4   0:00.69 ros2
 647060 jetson    20   0   11248   3076   2756 S   0.0   0.0   0:00.39 bash
 647156 jetson    20   0   53568  30344  15012 S   0.0   0.4   0:00.41 ros2
 647161 root      20   0       0      0      0 I   0.0   0.0   0:00.00 kworker/3:1-events
 651818 root      20   0       0      0      0 I   0.0   0.0   0:00.05 kworker/4:0-events
 651861 root      20   0       0      0      0 I   0.0   0.0   0:00.00 kworker/2:0-mm_percpu_wq
 651906 root      20   0       0      0      0 I   0.0   0.0   0:00.00 kworker/0:2-events
 659922 root      20   0       0      0      0 I   0.0   0.0   0:00.25 kworker/u12:5-events_freezable_power_
 660558 root      20   0       0      0      0 I   0.0   0.0   0:00.04 kworker/1:0-events
 660666 root       0 -20       0      0      0 I   0.0   0.0   0:01.46 kworker/u13:2-uvcvideo
 663616 root      20   0    9436    784    704 S   0.0   0.0   0:00.00 sleep
 670335 root      20   0       0      0      0 I   0.0   0.0   0:00.00 kworker/2:1-cgroup_destroy
 670336 root      20   0       0      0      0 I   0.0   0.0   0:00.00 kworker/2:2-cgroup_destroy
 670384 root      20   0       0      0      0 I   0.0   0.0   0:00.00 kworker/0:1
 670511 root      20   0       0      0      0 I   0.0   0.0   0:00.00 kworker/3:2-cgroup_destroy
 670512 root      20   0       0      0      0 I   0.0   0.0   0:00.00 kworker/3:3
 672581 root      20   0       0      0      0 I   0.0   0.0   0:00.02 kworker/5:1-events
 672816 jetson    20   0   11248   3308   2868 S   0.0   0.0   0:00.04 bash
 675134 root       0 -20       0      0      0 I   0.0   0.0   0:00.19 kworker/u13:4-uvcvideo
 675625 jetson    20   0   11248   3300   2868 S   0.0   0.0   0:00.01 bash
 675913 jetson    20   0    9480    808    724 S   0.0   0.0   0:00.00 tail
 676165 root      30  10    9436    768    688 S   0.0   0.0   0:00.00 sleep
 676929 jetson    20   0    9444    788    704 S   0.0   0.0   0:00.00 sleep

top - 16:10:51 up  6:33,  0 users,  load average: 7.73, 6.73, 6.60
Tasks: 353 total,   2 running, 351 sleeping,   0 stopped,   0 zombie
%Cpu(s): 45.3 us, 10.1 sy,  0.1 ni, 40.3 id,  0.0 wa,  2.2 hi,  2.0 si,  0.0 st
MiB Mem :   7607.4 total,   2285.0 free,   2229.3 used,   3093.1 buff/cache
MiB Swap:   3803.7 total,   3803.7 free,      0.0 used.   5061.1 avail Mem 

    PID USER      PR  NI    VIRT    RES    SHR S  %CPU  %MEM     TIME+ COMMAND
 675912 jetson    20   0  753228  73136  29576 S  40.4   0.9   0:07.87 python3
 646802 jetson    20   0  709060  61196  27276 R  35.0   0.8   3:35.13 python3
 646999 jetson    20   0  963000  47900  23640 S  30.5   0.6   1:06.70 controller_serv
 675713 jetson    20   0  763620  53952  25376 S  21.2   0.7   0:05.66 ros2
 647181 jetson    20   0 9356228 409188  87560 S  16.7   5.3   1:37.25 nvblox_node
 647007 jetson    20   0  530840  46196  26216 S  15.8   0.6   1:00.28 bt_navigator
 646882 jetson    20   0 1061852  54336  24360 S  15.3   0.7   0:27.09 async_slam_tool
    969 root      20   0  237044  10468   6400 S  13.8   0.1   3:28.08 polkitd
 646583 jetson    20   0  432976  25268  14224 S  12.8   0.3   1:38.58 rplidar_node
 646579 jetson    20   0 1748420 106436  51428 S  12.3   1.4   1:28.23 realsense2_came
 647058 jetson    20   0  577528  31320  16252 S  10.8   0.4   1:06.05 lifecycle_manag
 646804 jetson    20   0  506340  30844  18340 S  10.3   0.4   1:09.96 ekf_node
 646997 jetson    20   0  709524  61896  27392 S   9.4   0.8   0:31.86 python3
 646585 jetson    20   0  707980  61236  27448 S   8.9   0.8   0:56.77 python3
 647003 jetson    20   0 1070788  70016  24808 S   8.9   0.9   1:00.30 planner_server
 647005 jetson    20   0  516440  34888  21032 S   6.9   0.4   0:47.92 behavior_server
 647056 jetson    20   0  428696  29132  15944 S   6.4   0.4   0:34.45 velocity_smooth
 647001 jetson    20   0  664640  33072  19416 S   5.4   0.4   0:40.91 smoother_server
 647025 jetson    20   0  431396  28940  17020 S   5.4   0.4   0:35.06 waypoint_follow
  13320 root      20   0 1300496  44680  11392 S   4.4   0.6  32:33.07 micro_ros_agent
    828 message+  20   0   10496   5632   3584 S   3.4   0.1   0:47.48 dbus-daemon
 646581 jetson    20   0  709380  64256  27276 S   3.4   0.8   0:31.02 python3
    829 root      20   0  264848  18932  14872 S   2.5   0.2   0:43.14 NetworkManager
      1 root      20   0  167628  11768   7448 S   2.0   0.2   0:32.43 systemd
    256 root      19  -1   76560  40184  38556 S   1.0   0.5   0:30.52 systemd-journal
    904 root      rt   0       0      0      0 S   1.0   0.0   1:51.92 sugov:0
    909 root      rt   0       0      0      0 S   1.0   0.0   0:53.15 sugov:4
 591089 root       0 -20       0      0      0 I   1.0   0.0   0:04.26 kworker/u13:1-uvcvideo
 675714 jetson    20   0   14340   3384   2772 R   1.0   0.0   0:00.23 top
     15 root      20   0       0      0      0 I   0.5   0.0   0:10.49 rcu_preempt
    312 root      20   0   23732   6316   4080 S   0.5   0.1   0:27.85 systemd-udevd
    867 root      20   0  242124   7452   6576 S   0.5   0.1   0:02.29 accounts-daemon
    871 root      20   0   48968   7620   6296 S   0.5   0.1   0:04.03 systemd-logind
    921 root      30  10   11248   3612   3220 S   0.5   0.0   0:08.79 wifi_mon.sh
   1212 root      20   0 2093336  74476  33976 S   0.5   1.0   0:42.49 containerd
   1588 root      20   0 2353004 113512  57032 S   0.5   1.5   0:32.40 dockerd
   2071 gdm       20   0 3471500 137268  73260 S   0.5   1.8   0:49.69 gnome-shell
   2522 root      20   0  260792  17940  13508 S   0.5   0.2   0:01.73 cups-browsed
  13238 jetson    20   0  428524  31584  15828 S   0.5   0.4   2:34.04 robot_state_pub
 100141 root      20   0       0      0      0 I   0.5   0.0   0:23.69 kworker/u12:6-events_unbound
 465092 root      20   0  238836   6948   5700 S   0.5   0.1   0:01.42 iio-sensor-prox
 646995 jetson    20   0  796968  40104  13228 S   0.5   0.5   0:01.40 ros2
      2 root      20   0       0      0      0 S   0.0   0.0   0:00.03 kthreadd
      3 root       0 -20       0      0      0 I   0.0   0.0   0:00.00 rcu_gp
      4 root       0 -20       0      0      0 I   0.0   0.0   0:00.00 rcu_par_gp
      5 root       0 -20       0      0      0 I   0.0   0.0   0:00.00 slub_flushwq
      6 root       0 -20       0      0      0 I   0.0   0.0   0:00.00 netns
      8 root       0 -20       0      0      0 I   0.0   0.0   0:00.00 kworker/0:0H-events_highpri
     10 root       0 -20       0      0      0 I   0.0   0.0   0:00.00 mm_percpu_wq
     11 root      20   0       0      0      0 S   0.0   0.0   0:00.00 rcu_tasks_kthre
     12 root      20   0       0      0      0 S   0.0   0.0   0:00.00 rcu_tasks_rude_
     13 root      20   0       0      0      0 S   0.0   0.0   0:00.00 rcu_tasks_trace
     14 root      20   0       0      0      0 S   0.0   0.0   0:23.70 ksoftirqd/0
     16 root      rt   0       0      0      0 S   0.0   0.0   0:00.03 migration/0
     17 root      20   0       0      0      0 S   0.0   0.0   0:00.00 cpuhp/0
     18 root      20   0       0      0      0 S   0.0   0.0   0:00.00 cpuhp/1
     19 root      rt   0       0      0      0 S   0.0   0.0   0:00.03 migration/1
     20 root      20   0       0      0      0 S   0.0   0.0   0:01.73 ksoftirqd/1
     22 root       0 -20       0      0      0 I   0.0   0.0   0:00.00 kworker/1:0H-events_highpri
     23 root      20   0       0      0      0 S   0.0   0.0   0:00.00 cpuhp/2
     24 root      rt   0       0      0      0 S   0.0   0.0   0:00.02 migration/2
     25 root      20   0       0      0      0 S   0.0   0.0   0:01.74 ksoftirqd/2
     27 root       0 -20       0      0      0 I   0.0   0.0   0:00.00 kworker/2:0H-events_highpri
     28 root      20   0       0      0      0 S   0.0   0.0   0:00.00 cpuhp/3
     29 root      rt   0       0      0      0 S   0.0   0.0   0:00.02 migration/3
     30 root      20   0       0      0      0 S   0.0   0.0   0:01.63 ksoftirqd/3
     32 root       0 -20       0      0      0 I   0.0   0.0   0:00.00 kworker/3:0H-events_highpri
     33 root      20   0       0      0      0 S   0.0   0.0   0:00.00 cpuhp/4
     34 root      rt   0       0      0      0 S   0.0   0.0   0:00.07 migration/4
     35 root      20   0       0      0      0 S   0.0   0.0   0:01.22 ksoftirqd/4
     37 root       0 -20       0      0      0 I   0.0   0.0   0:00.00 kworker/4:0H-kblockd
     38 root      20   0       0      0      0 S   0.0   0.0   0:00.00 cpuhp/5
     39 root      rt   0       0      0      0 S   0.0   0.0   0:00.07 migration/5
     40 root      20   0       0      0      0 S   0.0   0.0   0:01.29 ksoftirqd/5
     42 root       0 -20       0      0      0 I   0.0   0.0   0:00.00 kworker/5:0H-events_highpri
     43 root      20   0       0      0      0 S   0.0   0.0   0:00.01 kdevtmpfs
     44 root       0 -20       0      0      0 I   0.0   0.0   0:00.00 inet_frag_wq
     51 root      20   0       0      0      0 S   0.0   0.0   0:00.00 kauditd
     52 root      20   0       0      0      0 S   0.0   0.0   0:00.00 oom_reaper
     53 root       0 -20       0      0      0 I   0.0   0.0   0:00.00 writeback
     54 root      20   0       0      0      0 S   0.0   0.0   0:00.19 kcompactd0
     55 root      25   5       0      0      0 S   0.0   0.0   0:00.00 ksmd
     56 root      39  19       0      0      0 S   0.0   0.0   0:02.11 khugepaged
     67 root       0 -20       0      0      0 I   0.0   0.0   0:00.00 cryptd
     86 root       0 -20       0      0      0 I   0.0   0.0   0:00.00 kintegrityd
     87 root       0 -20       0      0      0 I   0.0   0.0   0:00.00 kblockd
     88 root       0 -20       0      0      0 I   0.0   0.0   0:00.00 blkcg_punt_bio
     89 root       0 -20       0      0      0 I   0.0   0.0   0:00.00 tpm_dev_wq
     90 root       0 -20       0      0      0 I   0.0   0.0   0:00.00 ata_sff
     91 root       0 -20       0      0      0 I   0.0   0.0   0:00.00 edac-poller
     92 root       0 -20       0      0      0 I   0.0   0.0   0:00.00 devfreq_wq
     93 root     -51   0       0      0      0 S   0.0   0.0   0:00.00 watchdogd
     96 root       0 -20       0      0      0 I   0.0   0.0   0:00.06 kworker/1:1H-kblockd
     97 root       0 -20       0      0      0 I   0.0   0.0   0:00.00 rpciod
     99 root       0 -20       0      0      0 I   0.0   0.0   0:00.00 xprtiod
    127 root      20   0       0      0      0 S   0.0   0.0   0:00.00 kswapd0
    128 root       0 -20       0      0      0 I   0.0   0.0   0:00.00 nfsiod
    132 root       0 -20       0      0      0 I   0.0   0.0   0:00.00 vfio-irqfd-clea
    133 root       0 -20       0      0      0 I   0.0   0.0   0:00.00 bch_btree_io
    134 root       0 -20       0      0      0 I   0.0   0.0   0:00.00 bcache
    135 root       0 -20       0      0      0 I   0.0   0.0   0:00.00 bch_journal
    136 root       0 -20       0      0      0 I   0.0   0.0   0:00.00 dm_bufio_cache
    139 root      20   0       0      0      0 I   0.0   0.0   0:01.99 kworker/2:3-events
    140 root      10 -10       0      0      0 S   0.0   0.0   0:00.00 krfcommd
    141 root      20   0       0      0      0 S   0.0   0.0   0:00.01 pr/tty0
    142 root      20   0       0      0      0 S   0.0   0.0   0:03.11 pr/ttyTCU0
    145 root     -51   0       0      0      0 S   0.0   0.0   0:00.00 irq/114-3160000
    147 root     -51   0       0      0      0 S   0.0   0.0   0:00.00 irq/115-3180000
    149 root     -51   0       0      0      0 S   0.0   0.0   0:00.00 irq/116-31b0000
    150 root     -51   0       0      0      0 S   0.0   0.0   0:00.03 irq/167-c240000
    151 root     -51   0       0      0      0 S   0.0   0.0   0:00.00 irq/168-c250000
    152 root     -51   0       0      0      0 S   0.0   0.0   0:00.00 irq/125-3610000
    153 root     -51   0       0      0      0 S   0.0   0.0   0:00.00 irq/122-3610000
    155 root       0 -20       0      0      0 I   0.0   0.0   0:00.00 sdhci
    156 root     -51   0       0      0      0 S   0.0   0.0   0:00.00 irq/120-mmc0
    157 root     -51   0       0      0      0 S   0.0   0.0   0:00.00 irq/230-3400000
    174 root       0 -20       0      0      0 I   0.0   0.0   0:00.06 kworker/3:1H-kblockd
    180 root     -51   0       0      0      0 S   0.0   0.0   0:00.00 irq/191-tegra-p
    181 root       0 -20       0      0      0 I   0.0   0.0   0:00.00 nvme-wq
    182 root       0 -20       0      0      0 I   0.0   0.0   0:00.00 nvme-reset-wq
    183 root       0 -20       0      0      0 I   0.0   0.0   0:00.00 nvme-delete-wq
    192 root     -51   0       0      0      0 S   0.0   0.0   0:00.00 irq/191-aerdrv
    193 root     -51   0       0      0      0 S   0.0   0.0   0:00.00 irq/193-tegra-p
    196 root     -51   0       0      0      0 S   0.0   0.0   0:00.00 irq/193-aerdrv
    197 root     -51   0       0      0      0 S   0.0   0.0   0:00.00 irq/195-tegra-p
    199 root     -51   0       0      0      0 S   0.0   0.0   0:00.00 irq/232-nvme0q0
    200 root     -51   0       0      0      0 S   0.0   0.0   0:00.38 irq/233-nvme0q1
    201 root     -51   0       0      0      0 S   0.0   0.0   0:00.42 irq/234-nvme0q2
    202 root     -51   0       0      0      0 S   0.0   0.0   0:00.54 irq/235-nvme0q3
    203 root     -51   0       0      0      0 S   0.0   0.0   0:00.66 irq/236-nvme0q4
    204 root     -51   0       0      0      0 S   0.0   0.0   0:00.16 irq/237-nvme0q5
    205 root     -51   0       0      0      0 S   0.0   0.0   0:00.13 irq/238-nvme0q6
    211 root       0 -20       0      0      0 I   0.0   0.0   0:00.07 kworker/4:1H-kblockd
    212 root      20   0       0      0      0 S   0.0   0.0   0:01.51 jbd2/nvme0n1p1-
    213 root       0 -20       0      0      0 I   0.0   0.0   0:00.00 ext4-rsv-conver
    222 root       0 -20       0      0      0 I   0.0   0.0   0:00.00 mld
    223 root       0 -20       0      0      0 I   0.0   0.0   0:00.04 kworker/0:1H-kblockd
    224 root       0 -20       0      0      0 I   0.0   0.0   0:00.00 ipv6_addrconf
    278 root       0 -20       0      0      0 I   0.0   0.0   0:00.08 kworker/2:1H-kblockd
    280 root      39  19       0      0      0 S   0.0   0.0   0:01.71 nvmap-bz
    281 root     -51   0       0      0      0 S   0.0   0.0   0:00.00 irq/188-host1x_
    285 root     -51   0       0      0      0 S   0.0   0.0   0:00.00 irq/197-gk20a_s
    286 root     -51   0       0      0      0 S   0.0   0.0   0:00.03 irq/198-gk20a_s
    287 root     -51   0       0      0      0 S   0.0   0.0   0:00.03 irq/199-gk20a_s
    288 root     -51   0       0      0      0 S   0.0   0.0   0:00.00 irq/200-gk20a_n
    291 root       0 -20       0      0      0 I   0.0   0.0   0:00.06 kworker/5:1H-kblockd
    295 root      20   0   11116   3460   3204 S   0.0   0.0   0:00.00 nv-tee-supplica
    299 root      20   0   76588   1360   1248 S   0.0   0.0   0:00.01 tee-supplicant
    301 root       0 -20       0      0      0 I   0.0   0.0   0:00.00 optee_bus_scan
    303 root     -51   0       0      0      0 S   0.0   0.0   0:00.00 irq/189-tegra-p
    313 root     -51   0       0      0      0 S   0.0   0.0   0:00.00 irq/189-aerdrv
    314 root      20   0   23216   5832   3992 S   0.0   0.1   0:00.41 systemd-udevd
    315 root      20   0   23216   5020   3248 S   0.0   0.1   0:00.15 systemd-udevd
    316 root      20   0   23268   6252   4316 S   0.0   0.1   0:00.16 systemd-udevd
    317 root      20   0   23220   4364   2600 S   0.0   0.1   0:00.11 systemd-udevd
    318 root      20   0   23216   4480   2672 S   0.0   0.1   0:00.12 systemd-udevd
    319 root      20   0   23212   5820   3980 S   0.0   0.1   0:00.29 systemd-udevd
    320 root      20   0   23264   4688   2764 S   0.0   0.1   0:00.13 systemd-udevd
    321 root      20   0   23268   5072   3136 S   0.0   0.1   0:00.18 systemd-udevd
    322 root      20   0   23524   5520   3456 S   0.0   0.1   0:00.27 systemd-udevd
    323 root      20   0   23216   6304   4444 S   0.0   0.1   0:00.42 systemd-udevd
    324 root      20   0   23220   5196   3388 S   0.0   0.1   0:00.16 systemd-udevd
    325 root      20   0   23220   5820   3976 S   0.0   0.1   0:00.41 systemd-udevd
    326 root      20   0   23220   5256   3388 S   0.0   0.1   0:00.45 systemd-udevd
    327 root      20   0   23220   5504   3684 S   0.0   0.1   0:00.18 systemd-udevd
    330 root      20   0   23512   5728   3684 S   0.0   0.1   0:00.14 systemd-udevd
    331 root      20   0   24292   5540   2676 S   0.0   0.1   0:00.16 systemd-udevd
    333 root      20   0   23524   5596   3532 S   0.0   0.1   0:00.28 systemd-udevd
    334 root      20   0   23220   5584   3740 S   0.0   0.1   0:00.27 systemd-udevd
    335 root      20   0   23220   4504   2708 S   0.0   0.1   0:00.11 systemd-udevd
    336 root      20   0   23220   4696   2892 S   0.0   0.1   0:00.14 systemd-udevd
    337 root      20   0   23524   5056   2992 S   0.0   0.1   0:00.16 systemd-udevd
    339 root      20   0   23220   4980   3148 S   0.0   0.1   0:00.17 systemd-udevd
    340 root      20   0   23544   6732   4608 S   0.0   0.1   1:33.32 systemd-udevd
    341 root      20   0   23276   5328   3384 S   0.0   0.1   0:00.13 systemd-udevd
    342 root      20   0   23280   5176   3228 S   0.0   0.1   0:00.13 systemd-udevd
    343 root      20   0   23220   5988   4152 S   0.0   0.1   0:00.33 systemd-udevd
    344 root      20   0   23560   6700   4596 S   0.0   0.1   0:00.58 systemd-udevd
    345 root      20   0       0      0      0 S   0.0   0.0   0:00.00 15820000.crypto
    346 root      20   0       0      0      0 S   0.0   0.0   0:00.00 15840000.crypto
    368 root      20   0   23324   5984   4116 S   0.0   0.1   0:00.46 systemd-udevd
    417 root     -51   0       0      0      0 S   0.0   0.0   0:00.00 irq/219-bc00000
    419 root      -2   0       0      0      0 S   0.0   0.0   0:00.00 capture-control
    420 root      -2   0       0      0      0 S   0.0   0.0   0:00.00 capture
    422 root     -51   0       0      0      0 S   0.0   0.0   0:00.00 irq/214-tegra_d
    423 root     -51   0       0      0      0 S   0.0   0.0   0:00.00 irq/215-tegra_d
    424 root       0 -20       0      0      0 I   0.0   0.0   0:00.00 dce-async-ipc-w
    425 root     -51   0       0      0      0 S   0.0   0.0   0:00.00 irq/240-nvvrs-p
    427 root      20   0       0      0      0 S   0.0   0.0   0:00.00 nv_queue
    428 root      20   0       0      0      0 S   0.0   0.0   0:00.00 nv_queue
    483 root     -51   0       0      0      0 S   0.0   0.0   0:00.00 irq/118-3210000
    487 root      20   0       0      0      0 S   0.0   0.0   0:00.00 spi0
    495 root       0 -20       0      0      0 I   0.0   0.0   0:00.00 cfg80211
    497 root     -51   0       0      0      0 S   0.0   0.0   0:00.00 irq/119-3230000
    498 root      20   0       0      0      0 S   0.0   0.0   0:00.00 spi1
    584 root       0 -20       0      0      0 I   0.0   0.0   0:00.00 btfwwork
    650 root      20   0    8236   6424   1432 S   0.0   0.1   0:00.73 haveged
    653 _rpc      20   0    7932   2264   1912 S   0.0   0.0   0:00.04 rpcbind
    659 systemd+  20   0   26320  13580   8496 S   0.0   0.2   0:00.55 systemd-resolve
    662 systemd+  20   0   88880   6332   5484 S   0.0   0.1   0:00.15 systemd-timesyn
    826 avahi     20   0    8084   3108   2752 S   0.0   0.0   0:00.70 avahi-daemon
    827 root      20   0    9888   4552   4112 S   0.0   0.1   0:00.07 bluetoothd
    838 root      20   0   43504  19780  10232 S   0.0   0.3   0:00.15 networkd-dispat
    849 root      20   0  241652   9056   6312 S   0.0   0.1   0:00.66 power-profiles-
    854 syslog    20   0  222160   5012   3672 S   0.0   0.1   0:05.85 rsyslogd
    859 root      20   0    2240    796    720 S   0.0   0.0   0:00.00 seatd
    865 root      20   0 2145956  51924  25772 S   0.0   0.7   0:37.96 snapd
    869 root      20   0  238128   6232   5620 S   0.0   0.1   0:00.04 switcheroo-cont
    874 root      20   0  394188  13988   9476 S   0.0   0.2   0:01.11 udisksd
    875 root      20   0   16632   9928   8148 S   0.0   0.1   0:01.36 wpa_supplicant
    882 avahi     20   0    7812    356      0 S   0.0   0.0   0:00.00 avahi-daemon
    983 root      20   0    2460   1556   1380 S   0.0   0.0   0:08.55 nvfancontrol
   1049 root      20   0       0      0      0 S   0.0   0.0   0:00.00 sw-quiesce
   1052 root      20   0       0      0      0 S   0.0   0.0   0:21.78 nvgpu_channel_p
   1068 root      20   0       0      0      0 S   0.0   0.0   0:00.00 nvgpu_pg_init_g
   1087 root      20   0       0      0      0 S   0.0   0.0   0:00.00 nvgpu_clk_arb_p
   1117 root      20   0       0      0      0 S   0.0   0.0   0:08.02 RTW_CMD_THREAD
   1157 root      20   0   75936   9960   8136 S   0.0   0.1   0:00.01 nvargus-daemon
   1158 root      20   0   11116   3520   3220 S   0.0   0.0   0:00.08 nvmemwarning.sh
   1171 root      20   0   22192   1776   1580 S   0.0   0.0   0:00.00 nvs-service
   1181 ollama    20   0 2006720  39588  20072 S   0.0   0.5   0:01.11 ollama
   1195 root      20   0    2336   1408   1292 S   0.0   0.0   0:01.96 run-cups-browse
   1201 root      20   0    2336   1424   1296 S   0.0   0.0   0:02.02 run-cupsd
   1204 root      20   0       0      0      0 S   0.0   0.0   0:00.00 pr/ramoops-1
   1239 root      20   0   10772   2824   2576 S   0.0   0.0   0:00.06 cron
   1259 root      20   0  243128   8056   7012 S   0.0   0.1   0:00.02 gdm3
   1263 kernoops  20   0   12812    452      0 S   0.0   0.0   0:00.02 kerneloops
   1290 root      20   0    9468    800    724 S   0.0   0.0   0:00.00 agetty
   1291 kernoops  20   0   12812    452      0 S   0.0   0.0   0:00.02 kerneloops
   1293 root      20   0    9468    804    724 S   0.0   0.0   0:00.00 agetty
   1330 root      20   0  173408   8804   7628 S   0.0   0.1   0:00.02 gdm-session-wor
   1417 root      20   0       0      0      0 S   0.0   0.0   0:00.00 file-storage
   1426 root      20   0   15272   8368   6788 S   0.0   0.1   0:00.81 sshd
   1474 gdm       20   0   18120   9728   7360 S   0.0   0.1   0:00.46 systemd
   1478 root      20   0    3076    992    880 S   0.0   0.0   0:00.00 nvphsd
   1483 root      20   0    3208   1476   1316 S   0.0   0.0   0:00.00 nvphsd
   1497 gdm       20   0  106692   4552      0 S   0.0   0.1   0:00.00 (sd-pam)
   1688 gdm        9 -11   41972   6476   5156 S   0.0   0.1   0:00.07 pipewire
   1689 gdm       20   0   25476   6428   5104 S   0.0   0.1   0:01.81 pipewire-media-
   1690 gdm        9 -11  891840  20748  12584 S   0.0   0.3   0:01.00 pulseaudio
   1695 gdm       20   0  163948   5472   4964 S   0.0   0.1   0:00.00 gdm-x-session
   1697 root      20   0   24.2g  80544  35884 S   0.0   1.0   0:02.25 Xorg
   1698 rtkit     21   1  153504   1588   1380 S   0.0   0.0   0:00.32 rtkit-daemon
   1729 gdm       20   0    8840   3600   3212 S   0.0   0.0   0:00.02 dbus-daemon
   1748 root      20   0       0      0      0 S   0.0   0.0   0:00.00 nvidia-modeset/
   1749 root      20   0       0      0      0 S   0.0   0.0   0:00.00 nvidia-modeset/
   1752 root      20   0       0      0      0 S   0.0   0.0   0:00.00 nvidia
   1753 root      20   0       0      0      0 S   0.0   0.0   0:00.00 nv_queue
   1790 root      20   0       0      0      0 S   0.0   0.0   0:00.00 nvidia-drm-nv-t
   1791 root     -51   0       0      0      0 S   0.0   0.0   0:00.00 card1-crtc0
   1792 root     -51   0       0      0      0 S   0.0   0.0   0:00.00 card1-crtc1
   1980 gdm       20   0    5876   1552   1344 S   0.0   0.0   0:00.00 dbus-run-sessio
   1983 gdm       20   0    9108   4440   3588 S   0.0   0.1   0:00.13 dbus-daemon
   2035 gdm       20   0  597840  17824  12972 S   0.0   0.2   0:01.10 gnome-session-b
   2057 gdm       20   0  310068   8976   6272 S   0.0   0.1   0:00.00 at-spi-bus-laun
   2062 gdm       20   0    8692   3556   3168 S   0.0   0.0   0:00.00 dbus-daemon
   2092 gdm       20   0  237676   4964   4528 S   0.0   0.1   0:00.00 xdg-permission-
   2099 root      20   0  243852  10136   6984 S   0.0   0.1   0:00.52 upowerd
   2106 root      20   0  301608  19332  16408 S   0.0   0.2   0:01.73 packagekitd
   2110 gdm       20   0 2812288  25716  20860 S   0.0   0.3   0:00.08 gjs
   2113 gdm       20   0  163144   7196   6428 S   0.0   0.1   0:00.02 at-spi2-registr
   2141 gdm       20   0  468748   9856   7940 S   0.0   0.1   0:02.18 gsd-sharing
   2146 gdm       20   0  338880  14892  12620 S   0.0   0.2   0:00.06 gsd-wacom
   2148 gdm       20   0  451616  18896  16480 S   0.0   0.2   0:00.22 gsd-color
   2150 gdm       20   0  412392  17092  13292 S   0.0   0.2   0:00.04 gsd-keyboard
   2152 gdm       20   0  316864  13188   6244 S   0.0   0.2   0:00.10 ibus-daemon
   2156 gdm       20   0  326124   9848   8488 S   0.0   0.1   0:00.02 gsd-print-notif
   2166 gdm       20   0  242216   6512   5848 S   0.0   0.1   0:00.01 gvfsd
   2168 gdm       20   0  459796   6140   5436 S   0.0   0.1   0:00.64 gsd-rfkill
   2170 gdm       20   0  388312   7432   6528 S   0.0   0.1   0:00.01 gsd-smartcard
   2173 gdm       20   0  380556  16508  12504 S   0.0   0.2   0:00.03 gsd-datetime
   2183 gdm       20   0  864216  20108  17428 S   0.0   0.3   0:00.58 gsd-media-keys
   2184 gdm       20   0  237936   4760   4376 S   0.0   0.1   0:00.01 gsd-screensaver
   2185 gdm       20   0  322096  10392   7320 S   0.0   0.1   0:00.02 gsd-sound
   2186 gdm       20   0  312416   8104   5476 S   0.0   0.1   0:00.01 gsd-a11y-settin
   2193 gdm       20   0  313996   8944   6152 S   0.0   0.1   0:01.01 gsd-housekeepin
   2195 gdm       20   0  450004  20288  15904 S   0.0   0.3   0:00.58 gsd-power
   2218 gdm       20   0  347052  12608  10748 S   0.0   0.2   0:00.03 gsd-printer
   2221 gdm       20   0  239040   6576   5948 S   0.0   0.1   0:00.00 ibus-dconf
   2233 gdm       20   0  238936   5920   5488 S   0.0   0.1   0:00.00 ibus-portal
   2263 colord    20   0  247516  14492   8720 S   0.0   0.2   0:00.27 colord
   2285 gdm       20   0 2812300  27868  20904 S   0.0   0.4   0:00.09 gjs
   2349 gdm       20   0  165096   6516   5892 S   0.0   0.1   0:00.01 ibus-engine-sim
   2508 root      20   0  136716  13172   9512 S   0.0   0.2   0:00.73 cupsd
  11687 jetson    20   0   18140   9764   7368 S   0.0   0.1   0:00.37 systemd
  11688 jetson    20   0  172512   4632      0 S   0.0   0.1   0:00.00 (sd-pam)
  11696 jetson    20   0   41976   6552   5228 S   0.0   0.1   0:00.07 pipewire
  11697 jetson    20   0   25484   6724   5388 S   0.0   0.1   0:01.99 pipewire-media-
  11749 jetson    20   0    8888   4168   3672 S   0.0   0.1   0:00.03 dbus-daemon
  11931 jetson    20   0  707268  63144  26432 S   0.0   0.8   2:28.25 python3
  13234 jetson    20   0  203640  35476  13212 S   0.0   0.5   0:00.75 ros2
  13236 jetson    20   0 2070472  36080  17228 S   0.0   0.5   0:00.94 docker
  13265 root      20   0 1232976  11204   5960 S   0.0   0.1   0:02.48 containerd-shim
  13294 root      20   0   49400  29204  14412 S   0.0   0.4   0:00.40 ros2
 284193 root      20   0       0      0      0 I   0.0   0.0   0:14.60 kworker/u12:3-events_freezable_power_
 407770 root      20   0       0      0      0 I   0.0   0.0   0:10.69 kworker/u12:9-events_freezable_power_
 417230 root      20   0       0      0      0 I   0.0   0.0   0:09.08 kworker/u12:0-devfreq_wq
 418183 root       0 -20       0      0      0 I   0.0   0.0   0:16.43 kworker/u13:0-uvcvideo
 437586 root      20   0       0      0      0 I   0.0   0.0   0:07.73 kworker/u12:4-events_unbound
 481530 root       0 -20       0      0      0 I   0.0   0.0   0:10.94 kworker/u13:3-uvcvideo
 494770 root      20   0 1233488  13164   6732 S   0.0   0.2   0:12.08 containerd-shim
 494799 jetson    20   0    5508    792    704 S   0.0   0.0   0:00.21 sleep
 494866 root      20   0   21760   5464   3940 S   0.0   0.1   0:04.79 systemd-udevd
 494879 root      20   0   21756   3352   1840 S   0.0   0.0   0:01.00 systemd-udevd
 513219 root      20   0   21752   3996   2468 S   0.0   0.1   0:00.00 systemd-udevd
 513220 root      20   0   21760   3388   1868 S   0.0   0.0   0:00.00 systemd-udevd
 513233 root      20   0   21760   3392   1868 S   0.0   0.0   0:00.00 systemd-udevd
 513234 root      20   0   21760   3356   1840 S   0.0   0.0   0:00.00 systemd-udevd
 513235 root      20   0   21760   3996   2468 S   0.0   0.1   0:00.01 systemd-udevd
 513236 root      20   0   21760   3384   1868 S   0.0   0.0   0:00.00 systemd-udevd
 513237 root      20   0   21760   4188   2660 S   0.0   0.1   0:00.00 systemd-udevd
 513250 root      20   0   21760   4432   2868 S   0.0   0.1   0:08.44 systemd-udevd
 513251 root      20   0   21760   3840   2288 S   0.0   0.0   0:00.00 systemd-udevd
 513265 root      20   0   21760   4056   2496 S   0.0   0.1   0:00.01 systemd-udevd
 513266 root      20   0   21760   4052   2496 S   0.0   0.1   0:00.01 systemd-udevd
 538507 root      20   0       0      0      0 I   0.0   0.0   0:00.29 kworker/0:0-events
 562560 root      20   0       0      0      0 I   0.0   0.0   0:02.65 kworker/u12:1-events_unbound
 576600 root      20   0       0      0      0 I   0.0   0.0   0:00.40 kworker/3:0-events
 576909 root      20   0       0      0      0 I   0.0   0.0   0:00.08 kworker/4:1-events
 582730 root      20   0       0      0      0 I   0.0   0.0   0:02.43 kworker/u12:2-events_freezable_power_
 589172 root      20   0       0      0      0 I   0.0   0.0   0:02.16 kworker/u12:10-events_unbound
 602672 root      20   0       0      0      0 I   0.0   0.0   0:00.14 kworker/1:3-events
 621531 root      20   0       0      0      0 I   0.0   0.0   0:00.11 kworker/5:2-events
 622272 root      20   0       0      0      0 I   0.0   0.0   0:01.24 kworker/u12:7-events_unbound
 642140 root      20   0       0      0      0 I   0.0   0.0   0:00.97 kworker/u12:8-events_freezable_power_
 645581 root      20   0       0      0      0 I   0.0   0.0   0:00.04 kworker/1:2-events
 645980 root      20   0       0      0      0 I   0.0   0.0   0:00.07 kworker/5:0-events
 646577 jetson    20   0  572504  38828  13216 S   0.0   0.5   0:00.85 ros2
 646587 jetson    20   0 1082604  58700  26340 S   0.0   0.8   0:27.26 foxglove_bridge
 646880 jetson    20   0  129772  34676  13228 S   0.0   0.4   0:00.69 ros2
 647060 jetson    20   0   11248   3076   2756 S   0.0   0.0   0:00.39 bash
 647156 jetson    20   0   53568  30344  15012 S   0.0   0.4   0:00.41 ros2
 647161 root      20   0       0      0      0 I   0.0   0.0   0:00.00 kworker/3:1-events
 651818 root      20   0       0      0      0 I   0.0   0.0   0:00.05 kworker/4:0-events
 651861 root      20   0       0      0      0 I   0.0   0.0   0:00.00 kworker/2:0-mm_percpu_wq
 651906 root      20   0       0      0      0 I   0.0   0.0   0:00.00 kworker/0:2-events
 659922 root      20   0       0      0      0 I   0.0   0.0   0:00.25 kworker/u12:5-events_unbound
 660558 root      20   0       0      0      0 I   0.0   0.0   0:00.04 kworker/1:0-events
 660666 root       0 -20       0      0      0 I   0.0   0.0   0:01.46 kworker/u13:2-uvcvideo
 663616 root      20   0    9436    784    704 S   0.0   0.0   0:00.00 sleep
 670335 root      20   0       0      0      0 I   0.0   0.0   0:00.00 kworker/2:1-cgroup_destroy
 670336 root      20   0       0      0      0 I   0.0   0.0   0:00.00 kworker/2:2-cgroup_destroy
 670384 root      20   0       0      0      0 I   0.0   0.0   0:00.00 kworker/0:1
 670511 root      20   0       0      0      0 I   0.0   0.0   0:00.00 kworker/3:2-cgroup_destroy
 670512 root      20   0       0      0      0 I   0.0   0.0   0:00.00 kworker/3:3
 672581 root      20   0       0      0      0 I   0.0   0.0   0:00.02 kworker/5:1-events
 672816 jetson    20   0   11248   3308   2868 S   0.0   0.0   0:00.04 bash
 675134 root       0 -20       0      0      0 I   0.0   0.0   0:00.19 kworker/u13:4-uvcvideo
 675625 jetson    20   0   11248   3300   2868 S   0.0   0.0   0:00.01 bash
 675715 jetson    20   0    2872    884    788 S   0.0   0.0   0:00.05 tegrastats
 675913 jetson    20   0    9480    808    724 S   0.0   0.0   0:00.00 tail
 677078 jetson    20   0    9444    784    704 S   0.0   0.0   0:00.00 sleep
 677117 root      30  10    9436    784    704 S   0.0   0.0   0:00.00 sleep

top - 16:10:53 up  6:34,  0 users,  load average: 7.27, 6.66, 6.58
Tasks: 353 total,   6 running, 347 sleeping,   0 stopped,   0 zombie
%Cpu(s): 40.4 us, 10.8 sy,  0.0 ni, 44.5 id,  0.0 wa,  2.3 hi,  2.0 si,  0.0 st
MiB Mem :   7607.4 total,   2278.1 free,   2232.1 used,   3097.2 buff/cache
MiB Swap:   3803.7 total,   3803.7 free,      0.0 used.   5058.3 avail Mem 

    PID USER      PR  NI    VIRT    RES    SHR S  %CPU  %MEM     TIME+ COMMAND
 675912 jetson    20   0  753556  73472  29576 R  42.1   0.9   0:08.72 python3
 646802 jetson    20   0  709060  61196  27276 R  36.1   0.8   3:35.86 python3
 646999 jetson    20   0  963000  47900  23640 S  33.7   0.6   1:07.38 controller_serv
 675713 jetson    20   0  763620  53952  25376 S  23.3   0.7   0:06.13 ros2
 647181 jetson    20   0 9356228 409192  87560 S  16.8   5.3   1:37.59 nvblox_node
 647007 jetson    20   0  530840  46196  26216 S  15.8   0.6   1:00.60 bt_navigator
 646882 jetson    20   0 1061852  54600  24360 S  15.3   0.7   0:27.40 async_slam_tool
 646583 jetson    20   0  432976  25268  14224 S  13.9   0.3   1:38.86 rplidar_node
 646579 jetson    20   0 1748420 106700  51428 S  13.4   1.4   1:28.50 realsense2_came
 646804 jetson    20   0  506340  30844  18340 R  11.4   0.4   1:10.19 ekf_node
 647058 jetson    20   0  577528  31320  16252 S  10.4   0.4   1:06.26 lifecycle_manag
 646585 jetson    20   0  707980  61328  27448 S   9.4   0.8   0:56.96 python3
 646997 jetson    20   0  709524  61896  27392 S   9.4   0.8   0:32.05 python3
 647003 jetson    20   0 1070788  70016  24808 S   9.4   0.9   1:00.49 planner_server
 647005 jetson    20   0  516440  34888  21032 R   7.4   0.4   0:48.07 behavior_server
 647001 jetson    20   0  664640  33076  19416 R   6.9   0.4   0:41.05 smoother_server
 647025 jetson    20   0  431396  28940  17020 S   5.9   0.4   0:35.18 waypoint_follow
 647056 jetson    20   0  428696  29132  15944 S   5.9   0.4   0:34.57 velocity_smooth
  13320 root      20   0 1300496  44680  11392 S   4.5   0.6  32:33.16 micro_ros_agent
 646581 jetson    20   0  709380  64256  27276 S   3.5   0.8   0:31.09 python3
    904 root      rt   0       0      0      0 S   1.5   0.0   1:51.95 sugov:0
    909 root      rt   0       0      0      0 S   1.5   0.0   0:53.18 sugov:4
 591089 root       0 -20       0      0      0 I   1.0   0.0   0:04.28 kworker/u13:1-uvcvideo
 675714 jetson    20   0   14340   3384   2772 R   1.0   0.0   0:00.25 top
    340 root      20   0   23544   6732   4608 S   0.5   0.1   1:33.33 systemd-udevd
   1052 root      20   0       0      0      0 S   0.5   0.0   0:21.79 nvgpu_channel_p
   1588 root      20   0 2353004 113512  57032 S   0.5   1.5   0:32.41 dockerd
   2071 gdm       20   0 3471500 137268  73260 S   0.5   1.8   0:49.70 gnome-shell
 100141 root      20   0       0      0      0 I   0.5   0.0   0:23.70 kworker/u12:6-events_unbound
 494770 root      20   0 1233488  13164   6732 S   0.5   0.2   0:12.09 containerd-shim
 589172 root      20   0       0      0      0 I   0.5   0.0   0:02.17 kworker/u12:10-events_unbound
 646587 jetson    20   0 1082604  58700  26340 S   0.5   0.8   0:27.27 foxglove_bridge
 646995 jetson    20   0  796968  40104  13228 S   0.5   0.5   0:01.41 ros2
 660558 root      20   0       0      0      0 I   0.5   0.0   0:00.05 kworker/1:0-events
      1 root      20   0  167628  11768   7448 S   0.0   0.2   0:32.43 systemd
      2 root      20   0       0      0      0 S   0.0   0.0   0:00.03 kthreadd
      3 root       0 -20       0      0      0 I   0.0   0.0   0:00.00 rcu_gp
      4 root       0 -20       0      0      0 I   0.0   0.0   0:00.00 rcu_par_gp
      5 root       0 -20       0      0      0 I   0.0   0.0   0:00.00 slub_flushwq
      6 root       0 -20       0      0      0 I   0.0   0.0   0:00.00 netns
      8 root       0 -20       0      0      0 I   0.0   0.0   0:00.00 kworker/0:0H-events_highpri
     10 root       0 -20       0      0      0 I   0.0   0.0   0:00.00 mm_percpu_wq
     11 root      20   0       0      0      0 S   0.0   0.0   0:00.00 rcu_tasks_kthre
     12 root      20   0       0      0      0 S   0.0   0.0   0:00.00 rcu_tasks_rude_
     13 root      20   0       0      0      0 S   0.0   0.0   0:00.00 rcu_tasks_trace
     14 root      20   0       0      0      0 S   0.0   0.0   0:23.70 ksoftirqd/0
     15 root      20   0       0      0      0 I   0.0   0.0   0:10.49 rcu_preempt
     16 root      rt   0       0      0      0 S   0.0   0.0   0:00.03 migration/0
     17 root      20   0       0      0      0 S   0.0   0.0   0:00.00 cpuhp/0
     18 root      20   0       0      0      0 S   0.0   0.0   0:00.00 cpuhp/1
     19 root      rt   0       0      0      0 S   0.0   0.0   0:00.03 migration/1
     20 root      20   0       0      0      0 S   0.0   0.0   0:01.73 ksoftirqd/1
     22 root       0 -20       0      0      0 I   0.0   0.0   0:00.00 kworker/1:0H-events_highpri
     23 root      20   0       0      0      0 S   0.0   0.0   0:00.00 cpuhp/2
     24 root      rt   0       0      0      0 S   0.0   0.0   0:00.02 migration/2
     25 root      20   0       0      0      0 S   0.0   0.0   0:01.74 ksoftirqd/2
     27 root       0 -20       0      0      0 I   0.0   0.0   0:00.00 kworker/2:0H-events_highpri
     28 root      20   0       0      0      0 S   0.0   0.0   0:00.00 cpuhp/3
     29 root      rt   0       0      0      0 S   0.0   0.0   0:00.02 migration/3
     30 root      20   0       0      0      0 S   0.0   0.0   0:01.63 ksoftirqd/3
     32 root       0 -20       0      0      0 I   0.0   0.0   0:00.00 kworker/3:0H-events_highpri
     33 root      20   0       0      0      0 S   0.0   0.0   0:00.00 cpuhp/4
     34 root      rt   0       0      0      0 S   0.0   0.0   0:00.07 migration/4
     35 root      20   0       0      0      0 S   0.0   0.0   0:01.22 ksoftirqd/4
     37 root       0 -20       0      0      0 I   0.0   0.0   0:00.00 kworker/4:0H-kblockd
     38 root      20   0       0      0      0 S   0.0   0.0   0:00.00 cpuhp/5
     39 root      rt   0       0      0      0 S   0.0   0.0   0:00.07 migration/5
     40 root      20   0       0      0      0 S   0.0   0.0   0:01.29 ksoftirqd/5
     42 root       0 -20       0      0      0 I   0.0   0.0   0:00.00 kworker/5:0H-events_highpri
     43 root      20   0       0      0      0 S   0.0   0.0   0:00.01 kdevtmpfs
     44 root       0 -20       0      0      0 I   0.0   0.0   0:00.00 inet_frag_wq
     51 root      20   0       0      0      0 S   0.0   0.0   0:00.00 kauditd
     52 root      20   0       0      0      0 S   0.0   0.0   0:00.00 oom_reaper
     53 root       0 -20       0      0      0 I   0.0   0.0   0:00.00 writeback
     54 root      20   0       0      0      0 S   0.0   0.0   0:00.19 kcompactd0
     55 root      25   5       0      0      0 S   0.0   0.0   0:00.00 ksmd
     56 root      39  19       0      0      0 S   0.0   0.0   0:02.11 khugepaged
     67 root       0 -20       0      0      0 I   0.0   0.0   0:00.00 cryptd
     86 root       0 -20       0      0      0 I   0.0   0.0   0:00.00 kintegrityd
     87 root       0 -20       0      0      0 I   0.0   0.0   0:00.00 kblockd
     88 root       0 -20       0      0      0 I   0.0   0.0   0:00.00 blkcg_punt_bio
     89 root       0 -20       0      0      0 I   0.0   0.0   0:00.00 tpm_dev_wq
     90 root       0 -20       0      0      0 I   0.0   0.0   0:00.00 ata_sff
     91 root       0 -20       0      0      0 I   0.0   0.0   0:00.00 edac-poller
     92 root       0 -20       0      0      0 I   0.0   0.0   0:00.00 devfreq_wq
     93 root     -51   0       0      0      0 S   0.0   0.0   0:00.00 watchdogd
     96 root       0 -20       0      0      0 I   0.0   0.0   0:00.06 kworker/1:1H-kblockd
     97 root       0 -20       0      0      0 I   0.0   0.0   0:00.00 rpciod
     99 root       0 -20       0      0      0 I   0.0   0.0   0:00.00 xprtiod
    127 root      20   0       0      0      0 S   0.0   0.0   0:00.00 kswapd0
    128 root       0 -20       0      0      0 I   0.0   0.0   0:00.00 nfsiod
    132 root       0 -20       0      0      0 I   0.0   0.0   0:00.00 vfio-irqfd-clea
    133 root       0 -20       0      0      0 I   0.0   0.0   0:00.00 bch_btree_io
    134 root       0 -20       0      0      0 I   0.0   0.0   0:00.00 bcache
    135 root       0 -20       0      0      0 I   0.0   0.0   0:00.00 bch_journal
    136 root       0 -20       0      0      0 I   0.0   0.0   0:00.00 dm_bufio_cache
    139 root      20   0       0      0      0 I   0.0   0.0   0:01.99 kworker/2:3-events
    140 root      10 -10       0      0      0 S   0.0   0.0   0:00.00 krfcommd
    141 root      20   0       0      0      0 S   0.0   0.0   0:00.01 pr/tty0
    142 root      20   0       0      0      0 S   0.0   0.0   0:03.11 pr/ttyTCU0
    145 root     -51   0       0      0      0 S   0.0   0.0   0:00.00 irq/114-3160000
    147 root     -51   0       0      0      0 S   0.0   0.0   0:00.00 irq/115-3180000
    149 root     -51   0       0      0      0 S   0.0   0.0   0:00.00 irq/116-31b0000
    150 root     -51   0       0      0      0 S   0.0   0.0   0:00.03 irq/167-c240000
    151 root     -51   0       0      0      0 S   0.0   0.0   0:00.00 irq/168-c250000
    152 root     -51   0       0      0      0 S   0.0   0.0   0:00.00 irq/125-3610000
    153 root     -51   0       0      0      0 S   0.0   0.0   0:00.00 irq/122-3610000
    155 root       0 -20       0      0      0 I   0.0   0.0   0:00.00 sdhci
    156 root     -51   0       0      0      0 S   0.0   0.0   0:00.00 irq/120-mmc0
    157 root     -51   0       0      0      0 S   0.0   0.0   0:00.00 irq/230-3400000
    174 root       0 -20       0      0      0 I   0.0   0.0   0:00.06 kworker/3:1H-kblockd
    180 root     -51   0       0      0      0 S   0.0   0.0   0:00.00 irq/191-tegra-p
    181 root       0 -20       0      0      0 I   0.0   0.0   0:00.00 nvme-wq
    182 root       0 -20       0      0      0 I   0.0   0.0   0:00.00 nvme-reset-wq
    183 root       0 -20       0      0      0 I   0.0   0.0   0:00.00 nvme-delete-wq
    192 root     -51   0       0      0      0 S   0.0   0.0   0:00.00 irq/191-aerdrv
    193 root     -51   0       0      0      0 S   0.0   0.0   0:00.00 irq/193-tegra-p
    196 root     -51   0       0      0      0 S   0.0   0.0   0:00.00 irq/193-aerdrv
    197 root     -51   0       0      0      0 S   0.0   0.0   0:00.00 irq/195-tegra-p
    199 root     -51   0       0      0      0 S   0.0   0.0   0:00.00 irq/232-nvme0q0
    200 root     -51   0       0      0      0 S   0.0   0.0   0:00.38 irq/233-nvme0q1
    201 root     -51   0       0      0      0 S   0.0   0.0   0:00.42 irq/234-nvme0q2
    202 root     -51   0       0      0      0 S   0.0   0.0   0:00.54 irq/235-nvme0q3
    203 root     -51   0       0      0      0 S   0.0   0.0   0:00.66 irq/236-nvme0q4
    204 root     -51   0       0      0      0 S   0.0   0.0   0:00.16 irq/237-nvme0q5
    205 root     -51   0       0      0      0 S   0.0   0.0   0:00.13 irq/238-nvme0q6
    211 root       0 -20       0      0      0 I   0.0   0.0   0:00.07 kworker/4:1H-kblockd
    212 root      20   0       0      0      0 S   0.0   0.0   0:01.51 jbd2/nvme0n1p1-
    213 root       0 -20       0      0      0 I   0.0   0.0   0:00.00 ext4-rsv-conver
    222 root       0 -20       0      0      0 I   0.0   0.0   0:00.00 mld
    223 root       0 -20       0      0      0 I   0.0   0.0   0:00.04 kworker/0:1H-kblockd
    224 root       0 -20       0      0      0 I   0.0   0.0   0:00.00 ipv6_addrconf
    256 root      19  -1   76560  40184  38556 S   0.0   0.5   0:30.52 systemd-journal
    278 root       0 -20       0      0      0 I   0.0   0.0   0:00.08 kworker/2:1H-kblockd
    280 root      39  19       0      0      0 S   0.0   0.0   0:01.71 nvmap-bz
    281 root     -51   0       0      0      0 S   0.0   0.0   0:00.00 irq/188-host1x_
    285 root     -51   0       0      0      0 S   0.0   0.0   0:00.00 irq/197-gk20a_s
    286 root     -51   0       0      0      0 S   0.0   0.0   0:00.03 irq/198-gk20a_s
    287 root     -51   0       0      0      0 S   0.0   0.0   0:00.03 irq/199-gk20a_s
    288 root     -51   0       0      0      0 S   0.0   0.0   0:00.00 irq/200-gk20a_n
    291 root       0 -20       0      0      0 I   0.0   0.0   0:00.06 kworker/5:1H-kblockd
    295 root      20   0   11116   3460   3204 S   0.0   0.0   0:00.00 nv-tee-supplica
    299 root      20   0   76588   1360   1248 S   0.0   0.0   0:00.01 tee-supplicant
    301 root       0 -20       0      0      0 I   0.0   0.0   0:00.00 optee_bus_scan
    303 root     -51   0       0      0      0 S   0.0   0.0   0:00.00 irq/189-tegra-p
    312 root      20   0   23732   6316   4080 S   0.0   0.1   0:27.85 systemd-udevd
    313 root     -51   0       0      0      0 S   0.0   0.0   0:00.00 irq/189-aerdrv
    314 root      20   0   23216   5832   3992 S   0.0   0.1   0:00.41 systemd-udevd
    315 root      20   0   23216   5020   3248 S   0.0   0.1   0:00.15 systemd-udevd
    316 root      20   0   23268   6252   4316 S   0.0   0.1   0:00.16 systemd-udevd
    317 root      20   0   23220   4364   2600 S   0.0   0.1   0:00.11 systemd-udevd
    318 root      20   0   23216   4480   2672 S   0.0   0.1   0:00.12 systemd-udevd
    319 root      20   0   23212   5820   3980 S   0.0   0.1   0:00.29 systemd-udevd
    320 root      20   0   23264   4688   2764 S   0.0   0.1   0:00.13 systemd-udevd
    321 root      20   0   23268   5072   3136 S   0.0   0.1   0:00.18 systemd-udevd
    322 root      20   0   23524   5520   3456 S   0.0   0.1   0:00.27 systemd-udevd
    323 root      20   0   23216   6304   4444 S   0.0   0.1   0:00.42 systemd-udevd
    324 root      20   0   23220   5196   3388 S   0.0   0.1   0:00.16 systemd-udevd
    325 root      20   0   23220   5820   3976 S   0.0   0.1   0:00.41 systemd-udevd
    326 root      20   0   23220   5256   3388 S   0.0   0.1   0:00.45 systemd-udevd
    327 root      20   0   23220   5504   3684 S   0.0   0.1   0:00.18 systemd-udevd
    330 root      20   0   23512   5728   3684 S   0.0   0.1   0:00.14 systemd-udevd
    331 root      20   0   24292   5540   2676 S   0.0   0.1   0:00.16 systemd-udevd
    333 root      20   0   23524   5596   3532 S   0.0   0.1   0:00.28 systemd-udevd
    334 root      20   0   23220   5584   3740 S   0.0   0.1   0:00.27 systemd-udevd
    335 root      20   0   23220   4504   2708 S   0.0   0.1   0:00.11 systemd-udevd
    336 root      20   0   23220   4696   2892 S   0.0   0.1   0:00.14 systemd-udevd
    337 root      20   0   23524   5056   2992 S   0.0   0.1   0:00.16 systemd-udevd
    339 root      20   0   23220   4980   3148 S   0.0   0.1   0:00.17 systemd-udevd
    341 root      20   0   23276   5328   3384 S   0.0   0.1   0:00.13 systemd-udevd
    342 root      20   0   23280   5176   3228 S   0.0   0.1   0:00.13 systemd-udevd
    343 root      20   0   23220   5988   4152 S   0.0   0.1   0:00.33 systemd-udevd
    344 root      20   0   23560   6700   4596 S   0.0   0.1   0:00.58 systemd-udevd
    345 root      20   0       0      0      0 S   0.0   0.0   0:00.00 15820000.crypto
    346 root      20   0       0      0      0 S   0.0   0.0   0:00.00 15840000.crypto
    368 root      20   0   23324   5984   4116 S   0.0   0.1   0:00.46 systemd-udevd
    417 root     -51   0       0      0      0 S   0.0   0.0   0:00.00 irq/219-bc00000
    419 root      -2   0       0      0      0 S   0.0   0.0   0:00.00 capture-control
    420 root      -2   0       0      0      0 S   0.0   0.0   0:00.00 capture
    422 root     -51   0       0      0      0 S   0.0   0.0   0:00.00 irq/214-tegra_d
    423 root     -51   0       0      0      0 S   0.0   0.0   0:00.00 irq/215-tegra_d
    424 root       0 -20       0      0      0 I   0.0   0.0   0:00.00 dce-async-ipc-w
    425 root     -51   0       0      0      0 S   0.0   0.0   0:00.00 irq/240-nvvrs-p
    427 root      20   0       0      0      0 S   0.0   0.0   0:00.00 nv_queue
    428 root      20   0       0      0      0 S   0.0   0.0   0:00.00 nv_queue
    483 root     -51   0       0      0      0 S   0.0   0.0   0:00.00 irq/118-3210000
    487 root      20   0       0      0      0 S   0.0   0.0   0:00.00 spi0
    495 root       0 -20       0      0      0 I   0.0   0.0   0:00.00 cfg80211
    497 root     -51   0       0      0      0 S   0.0   0.0   0:00.00 irq/119-3230000
    498 root      20   0       0      0      0 S   0.0   0.0   0:00.00 spi1
    584 root       0 -20       0      0      0 I   0.0   0.0   0:00.00 btfwwork
    650 root      20   0    8236   6424   1432 S   0.0   0.1   0:00.73 haveged
    653 _rpc      20   0    7932   2264   1912 S   0.0   0.0   0:00.04 rpcbind
    659 systemd+  20   0   26320  13580   8496 S   0.0   0.2   0:00.55 systemd-resolve
    662 systemd+  20   0   88880   6332   5484 S   0.0   0.1   0:00.15 systemd-timesyn
    826 avahi     20   0    8084   3108   2752 S   0.0   0.0   0:00.70 avahi-daemon
    827 root      20   0    9888   4552   4112 S   0.0   0.1   0:00.07 bluetoothd
    828 message+  20   0   10496   5632   3584 S   0.0   0.1   0:47.48 dbus-daemon
    829 root      20   0  264848  18932  14872 S   0.0   0.2   0:43.14 NetworkManager
    838 root      20   0   43504  19780  10232 S   0.0   0.3   0:00.15 networkd-dispat
    849 root      20   0  241652   9056   6312 S   0.0   0.1   0:00.66 power-profiles-
    854 syslog    20   0  222160   5012   3672 S   0.0   0.1   0:05.85 rsyslogd
    859 root      20   0    2240    796    720 S   0.0   0.0   0:00.00 seatd
    865 root      20   0 2145956  51924  25772 S   0.0   0.7   0:37.96 snapd
    867 root      20   0  242124   7452   6576 S   0.0   0.1   0:02.29 accounts-daemon
    869 root      20   0  238128   6232   5620 S   0.0   0.1   0:00.04 switcheroo-cont
    871 root      20   0   48968   7620   6296 S   0.0   0.1   0:04.03 systemd-logind
    874 root      20   0  394188  13988   9476 S   0.0   0.2   0:01.11 udisksd
    875 root      20   0   16632   9928   8148 S   0.0   0.1   0:01.36 wpa_supplicant
    882 avahi     20   0    7812    356      0 S   0.0   0.0   0:00.00 avahi-daemon
    921 root      30  10   11248   3612   3220 S   0.0   0.0   0:08.79 wifi_mon.sh
    969 root      20   0  237044  10468   6400 S   0.0   0.1   3:28.08 polkitd
    983 root      20   0    2460   1556   1380 S   0.0   0.0   0:08.55 nvfancontrol
   1049 root      20   0       0      0      0 S   0.0   0.0   0:00.00 sw-quiesce
   1068 root      20   0       0      0      0 S   0.0   0.0   0:00.00 nvgpu_pg_init_g
   1087 root      20   0       0      0      0 S   0.0   0.0   0:00.00 nvgpu_clk_arb_p
   1117 root      20   0       0      0      0 S   0.0   0.0   0:08.02 RTW_CMD_THREAD
   1157 root      20   0   75936   9960   8136 S   0.0   0.1   0:00.01 nvargus-daemon
   1158 root      20   0   11116   3520   3220 S   0.0   0.0   0:00.08 nvmemwarning.sh
   1171 root      20   0   22192   1776   1580 S   0.0   0.0   0:00.00 nvs-service
   1181 ollama    20   0 2006720  39588  20072 S   0.0   0.5   0:01.11 ollama
   1195 root      20   0    2336   1408   1292 S   0.0   0.0   0:01.96 run-cups-browse
   1201 root      20   0    2336   1424   1296 S   0.0   0.0   0:02.02 run-cupsd
   1204 root      20   0       0      0      0 S   0.0   0.0   0:00.00 pr/ramoops-1
   1212 root      20   0 2093336  74476  33976 S   0.0   1.0   0:42.49 containerd
   1239 root      20   0   10772   2824   2576 S   0.0   0.0   0:00.06 cron
   1259 root      20   0  243128   8056   7012 S   0.0   0.1   0:00.02 gdm3
   1263 kernoops  20   0   12812    452      0 S   0.0   0.0   0:00.02 kerneloops
   1290 root      20   0    9468    800    724 S   0.0   0.0   0:00.00 agetty
   1291 kernoops  20   0   12812    452      0 S   0.0   0.0   0:00.02 kerneloops
   1293 root      20   0    9468    804    724 S   0.0   0.0   0:00.00 agetty
   1330 root      20   0  173408   8804   7628 S   0.0   0.1   0:00.02 gdm-session-wor
   1417 root      20   0       0      0      0 S   0.0   0.0   0:00.00 file-storage
   1426 root      20   0   15272   8368   6788 S   0.0   0.1   0:00.81 sshd
   1474 gdm       20   0   18120   9728   7360 S   0.0   0.1   0:00.46 systemd
   1478 root      20   0    3076    992    880 S   0.0   0.0   0:00.00 nvphsd
   1483 root      20   0    3208   1476   1316 S   0.0   0.0   0:00.00 nvphsd
   1497 gdm       20   0  106692   4552      0 S   0.0   0.1   0:00.00 (sd-pam)
   1688 gdm        9 -11   41972   6476   5156 S   0.0   0.1   0:00.07 pipewire
   1689 gdm       20   0   25476   6428   5104 S   0.0   0.1   0:01.81 pipewire-media-
   1690 gdm        9 -11  891840  20748  12584 S   0.0   0.3   0:01.00 pulseaudio
   1695 gdm       20   0  163948   5472   4964 S   0.0   0.1   0:00.00 gdm-x-session
   1697 root      20   0   24.2g  80544  35884 S   0.0   1.0   0:02.25 Xorg
   1698 rtkit     21   1  153504   1588   1380 S   0.0   0.0   0:00.32 rtkit-daemon
   1729 gdm       20   0    8840   3600   3212 S   0.0   0.0   0:00.02 dbus-daemon
   1748 root      20   0       0      0      0 S   0.0   0.0   0:00.00 nvidia-modeset/
   1749 root      20   0       0      0      0 S   0.0   0.0   0:00.00 nvidia-modeset/
   1752 root      20   0       0      0      0 S   0.0   0.0   0:00.00 nvidia
   1753 root      20   0       0      0      0 S   0.0   0.0   0:00.00 nv_queue
   1790 root      20   0       0      0      0 S   0.0   0.0   0:00.00 nvidia-drm-nv-t
   1791 root     -51   0       0      0      0 S   0.0   0.0   0:00.00 card1-crtc0
   1792 root     -51   0       0      0      0 S   0.0   0.0   0:00.00 card1-crtc1
   1980 gdm       20   0    5876   1552   1344 S   0.0   0.0   0:00.00 dbus-run-sessio
   1983 gdm       20   0    9108   4440   3588 S   0.0   0.1   0:00.13 dbus-daemon
   2035 gdm       20   0  597840  17824  12972 S   0.0   0.2   0:01.10 gnome-session-b
   2057 gdm       20   0  310068   8976   6272 S   0.0   0.1   0:00.00 at-spi-bus-laun
   2062 gdm       20   0    8692   3556   3168 S   0.0   0.0   0:00.00 dbus-daemon
   2092 gdm       20   0  237676   4964   4528 S   0.0   0.1   0:00.00 xdg-permission-
   2099 root      20   0  243852  10136   6984 S   0.0   0.1   0:00.52 upowerd
   2106 root      20   0  301608  19332  16408 S   0.0   0.2   0:01.73 packagekitd
   2110 gdm       20   0 2812288  25716  20860 S   0.0   0.3   0:00.08 gjs
   2113 gdm       20   0  163144   7196   6428 S   0.0   0.1   0:00.02 at-spi2-registr
   2141 gdm       20   0  468748   9856   7940 S   0.0   0.1   0:02.18 gsd-sharing
   2146 gdm       20   0  338880  14892  12620 S   0.0   0.2   0:00.06 gsd-wacom
   2148 gdm       20   0  451616  18896  16480 S   0.0   0.2   0:00.22 gsd-color
   2150 gdm       20   0  412392  17092  13292 S   0.0   0.2   0:00.04 gsd-keyboard
   2152 gdm       20   0  316864  13188   6244 S   0.0   0.2   0:00.10 ibus-daemon
   2156 gdm       20   0  326124   9848   8488 S   0.0   0.1   0:00.02 gsd-print-notif
   2166 gdm       20   0  242216   6512   5848 S   0.0   0.1   0:00.01 gvfsd
   2168 gdm       20   0  459796   6140   5436 S   0.0   0.1   0:00.64 gsd-rfkill
   2170 gdm       20   0  388312   7432   6528 S   0.0   0.1   0:00.01 gsd-smartcard
   2173 gdm       20   0  380556  16508  12504 S   0.0   0.2   0:00.03 gsd-datetime
   2183 gdm       20   0  864216  20108  17428 S   0.0   0.3   0:00.58 gsd-media-keys
   2184 gdm       20   0  237936   4760   4376 S   0.0   0.1   0:00.01 gsd-screensaver
   2185 gdm       20   0  322096  10392   7320 S   0.0   0.1   0:00.02 gsd-sound
   2186 gdm       20   0  312416   8104   5476 S   0.0   0.1   0:00.01 gsd-a11y-settin
   2193 gdm       20   0  313996   8944   6152 S   0.0   0.1   0:01.01 gsd-housekeepin
   2195 gdm       20   0  450004  20288  15904 S   0.0   0.3   0:00.58 gsd-power
   2218 gdm       20   0  347052  12608  10748 S   0.0   0.2   0:00.03 gsd-printer
   2221 gdm       20   0  239040   6576   5948 S   0.0   0.1   0:00.00 ibus-dconf
   2233 gdm       20   0  238936   5920   5488 S   0.0   0.1   0:00.00 ibus-portal
   2263 colord    20   0  247516  14492   8720 S   0.0   0.2   0:00.27 colord
   2285 gdm       20   0 2812300  27868  20904 S   0.0   0.4   0:00.09 gjs
   2349 gdm       20   0  165096   6516   5892 S   0.0   0.1   0:00.01 ibus-engine-sim
   2508 root      20   0  136716  13172   9512 S   0.0   0.2   0:00.73 cupsd
   2522 root      20   0  260792  17940  13508 S   0.0   0.2   0:01.73 cups-browsed
  11687 jetson    20   0   18140   9764   7368 S   0.0   0.1   0:00.37 systemd
  11688 jetson    20   0  172512   4632      0 S   0.0   0.1   0:00.00 (sd-pam)
  11696 jetson    20   0   41976   6552   5228 S   0.0   0.1   0:00.07 pipewire
  11697 jetson    20   0   25484   6724   5388 S   0.0   0.1   0:01.99 pipewire-media-
  11749 jetson    20   0    8888   4168   3672 S   0.0   0.1   0:00.03 dbus-daemon
  11931 jetson    20   0  707268  63144  26432 S   0.0   0.8   2:28.25 python3
  13234 jetson    20   0  203640  35476  13212 S   0.0   0.5   0:00.75 ros2
  13236 jetson    20   0 2070472  36080  17228 S   0.0   0.5   0:00.94 docker
  13238 jetson    20   0  428524  31584  15828 S   0.0   0.4   2:34.04 robot_state_pub
  13265 root      20   0 1232976  11204   5960 S   0.0   0.1   0:02.48 containerd-shim
  13294 root      20   0   49400  29204  14412 S   0.0   0.4   0:00.40 ros2
 284193 root      20   0       0      0      0 I   0.0   0.0   0:14.60 kworker/u12:3-events_freezable_power_
 407770 root      20   0       0      0      0 I   0.0   0.0   0:10.69 kworker/u12:9-events_unbound
 417230 root      20   0       0      0      0 I   0.0   0.0   0:09.08 kworker/u12:0-devfreq_wq
 418183 root       0 -20       0      0      0 I   0.0   0.0   0:16.43 kworker/u13:0-uvcvideo
 437586 root      20   0       0      0      0 I   0.0   0.0   0:07.73 kworker/u12:4-events_unbound
 465092 root      20   0  238836   6948   5700 S   0.0   0.1   0:01.42 iio-sensor-prox
 481530 root       0 -20       0      0      0 I   0.0   0.0   0:10.94 kworker/u13:3-uvcvideo
 494799 jetson    20   0    5508    792    704 S   0.0   0.0   0:00.21 sleep
 494866 root      20   0   21760   5464   3940 S   0.0   0.1   0:04.79 systemd-udevd
 494879 root      20   0   21756   3352   1840 S   0.0   0.0   0:01.00 systemd-udevd
 513219 root      20   0   21752   3996   2468 S   0.0   0.1   0:00.00 systemd-udevd
 513220 root      20   0   21760   3388   1868 S   0.0   0.0   0:00.00 systemd-udevd
 513233 root      20   0   21760   3392   1868 S   0.0   0.0   0:00.00 systemd-udevd
 513234 root      20   0   21760   3356   1840 S   0.0   0.0   0:00.00 systemd-udevd
 513235 root      20   0   21760   3996   2468 S   0.0   0.1   0:00.01 systemd-udevd
 513236 root      20   0   21760   3384   1868 S   0.0   0.0   0:00.00 systemd-udevd
 513237 root      20   0   21760   4188   2660 S   0.0   0.1   0:00.00 systemd-udevd
 513250 root      20   0   21760   4432   2868 S   0.0   0.1   0:08.44 systemd-udevd
 513251 root      20   0   21760   3840   2288 S   0.0   0.0   0:00.00 systemd-udevd
 513265 root      20   0   21760   4056   2496 S   0.0   0.1   0:00.01 systemd-udevd
 513266 root      20   0   21760   4052   2496 S   0.0   0.1   0:00.01 systemd-udevd
 538507 root      20   0       0      0      0 I   0.0   0.0   0:00.29 kworker/0:0-events
 562560 root      20   0       0      0      0 I   0.0   0.0   0:02.65 kworker/u12:1-events_unbound
 576600 root      20   0       0      0      0 I   0.0   0.0   0:00.40 kworker/3:0-events
 576909 root      20   0       0      0      0 I   0.0   0.0   0:00.08 kworker/4:1-events
 582730 root      20   0       0      0      0 I   0.0   0.0   0:02.43 kworker/u12:2-events_unbound
 602672 root      20   0       0      0      0 I   0.0   0.0   0:00.14 kworker/1:3-events
 621531 root      20   0       0      0      0 I   0.0   0.0   0:00.11 kworker/5:2-events
 622272 root      20   0       0      0      0 I   0.0   0.0   0:01.24 kworker/u12:7-events_freezable_power_
 642140 root      20   0       0      0      0 I   0.0   0.0   0:00.97 kworker/u12:8-events_freezable_power_
 645581 root      20   0       0      0      0 I   0.0   0.0   0:00.04 kworker/1:2-events
 645980 root      20   0       0      0      0 I   0.0   0.0   0:00.07 kworker/5:0-events
 646577 jetson    20   0  572504  38828  13216 S   0.0   0.5   0:00.85 ros2
 646880 jetson    20   0  129772  34676  13228 S   0.0   0.4   0:00.69 ros2
 647060 jetson    20   0   11248   3076   2756 S   0.0   0.0   0:00.39 bash
 647156 jetson    20   0   53568  30344  15012 S   0.0   0.4   0:00.41 ros2
 647161 root      20   0       0      0      0 I   0.0   0.0   0:00.00 kworker/3:1-events
 651818 root      20   0       0      0      0 I   0.0   0.0   0:00.05 kworker/4:0-mm_percpu_wq
 651861 root      20   0       0      0      0 I   0.0   0.0   0:00.00 kworker/2:0-mm_percpu_wq
 651906 root      20   0       0      0      0 I   0.0   0.0   0:00.00 kworker/0:2-events
 659922 root      20   0       0      0      0 I   0.0   0.0   0:00.25 kworker/u12:5-devfreq_wq
 660666 root       0 -20       0      0      0 I   0.0   0.0   0:01.46 kworker/u13:2-uvcvideo
 663616 root      20   0    9436    784    704 S   0.0   0.0   0:00.00 sleep
 670335 root      20   0       0      0      0 I   0.0   0.0   0:00.00 kworker/2:1-cgroup_destroy
 670336 root      20   0       0      0      0 I   0.0   0.0   0:00.00 kworker/2:2-cgroup_destroy
 670384 root      20   0       0      0      0 I   0.0   0.0   0:00.00 kworker/0:1
 670511 root      20   0       0      0      0 I   0.0   0.0   0:00.00 kworker/3:2-cgroup_destroy
 670512 root      20   0       0      0      0 I   0.0   0.0   0:00.00 kworker/3:3
 672581 root      20   0       0      0      0 I   0.0   0.0   0:00.02 kworker/5:1-mm_percpu_wq
 672816 jetson    20   0   11248   3308   2868 S   0.0   0.0   0:00.04 bash
 675134 root       0 -20       0      0      0 I   0.0   0.0   0:00.19 kworker/u13:4-uvcvideo
 675625 jetson    20   0   11248   3300   2868 S   0.0   0.0   0:00.01 bash
 675715 jetson    20   0    2872    884    788 S   0.0   0.0   0:00.05 tegrastats
 675913 jetson    20   0    9480    808    724 S   0.0   0.0   0:00.00 tail
 677117 root      30  10    9436    784    704 S   0.0   0.0   0:00.00 sleep
 677227 jetson    20   0    9444    788    704 S   0.0   0.0   0:00.00 sleep

top - 16:10:55 up  6:34,  0 users,  load average: 7.27, 6.66, 6.58
Tasks: 353 total,   6 running, 347 sleeping,   0 stopped,   0 zombie
%Cpu(s): 44.4 us, 11.1 sy,  0.0 ni, 40.0 id,  0.0 wa,  2.4 hi,  2.0 si,  0.0 st
MiB Mem :   7607.4 total,   2278.1 free,   2232.1 used,   3097.2 buff/cache
MiB Swap:   3803.7 total,   3803.7 free,      0.0 used.   5058.3 avail Mem 

    PID USER      PR  NI    VIRT    RES    SHR S  %CPU  %MEM     TIME+ COMMAND
 675912 jetson    20   0  753056  73244  29576 R  44.3   0.9   0:09.62 python3
 646802 jetson    20   0  709060  61196  27276 R  36.9   0.8   3:36.61 python3
 646999 jetson    20   0  963000  47900  23640 S  32.5   0.6   1:08.04 controller_serv
 675713 jetson    20   0  763620  53952  25376 S  22.7   0.7   0:06.59 ros2
 647181 jetson    20   0 9356228 409192  87560 S  16.7   5.3   1:37.93 nvblox_node
 647007 jetson    20   0  530840  46196  26216 S  15.8   0.6   1:00.92 bt_navigator
 646583 jetson    20   0  432976  25268  14224 S  14.3   0.3   1:39.15 rplidar_node
    969 root      20   0  237044  10468   6400 R  13.8   0.1   3:28.36 polkitd
 646579 jetson    20   0 1748420 106700  51428 S  13.3   1.4   1:28.77 realsense2_came
 646804 jetson    20   0  506340  30844  18340 S  11.3   0.4   1:10.42 ekf_node
 646882 jetson    20   0 1061852  54864  24360 S  11.3   0.7   0:27.63 async_slam_tool
 647058 jetson    20   0  577528  31320  16252 S  10.8   0.4   1:06.48 lifecycle_manag
 646585 jetson    20   0  707980  61328  27448 R   8.9   0.8   0:57.14 python3
 646997 jetson    20   0  709524  61896  27392 R   8.9   0.8   0:32.23 python3
 647003 jetson    20   0 1070788  70108  24808 S   8.9   0.9   1:00.67 planner_server
 647005 jetson    20   0  516440  34888  21032 S   7.4   0.4   0:48.22 behavior_server
 647001 jetson    20   0  664640  33080  19416 S   5.9   0.4   0:41.17 smoother_server
 647025 jetson    20   0  431396  28940  17020 S   5.9   0.4   0:35.30 waypoint_follow
 647056 jetson    20   0  428696  29132  15944 S   5.9   0.4   0:34.69 velocity_smooth
  13320 root      20   0 1300496  44680  11392 S   4.9   0.6  32:33.26 micro_ros_agent
 646581 jetson    20   0  709380  64256  27276 S   3.4   0.8   0:31.16 python3
    828 message+  20   0   10496   5632   3584 S   3.0   0.1   0:47.54 dbus-daemon
    829 root      20   0  264848  18932  14872 S   2.5   0.2   0:43.19 NetworkManager
      1 root      20   0  167628  11768   7448 S   2.0   0.2   0:32.47 systemd
   2071 gdm       20   0 3471500 137268  73260 S   1.5   1.8   0:49.73 gnome-shell
 591089 root       0 -20       0      0      0 I   1.5   0.0   0:04.31 kworker/u13:1-uvcvideo
    904 root      rt   0       0      0      0 S   1.0   0.0   1:51.97 sugov:0
    909 root      rt   0       0      0      0 S   1.0   0.0   0:53.20 sugov:4
   1588 root      20   0 2353004 113512  57032 S   1.0   1.5   0:32.43 dockerd
 494866 root      20   0   21760   5464   3940 S   1.0   0.1   0:04.81 systemd-udevd
     14 root      20   0       0      0      0 S   0.5   0.0   0:23.71 ksoftirqd/0
    256 root      19  -1   76560  40184  38556 S   0.5   0.5   0:30.53 systemd-journal
    871 root      20   0   48968   7620   6296 S   0.5   0.1   0:04.04 systemd-logind
   1212 root      20   0 2093336  74476  33976 S   0.5   1.0   0:42.50 containerd
   2035 gdm       20   0  597840  17824  12972 S   0.5   0.2   0:01.11 gnome-session-b
   2106 root      20   0  301608  19332  16408 S   0.5   0.2   0:01.74 packagekitd
   2141 gdm       20   0  468748   9856   7940 S   0.5   0.1   0:02.19 gsd-sharing
  11931 jetson    20   0  707268  63144  26432 S   0.5   0.8   2:28.26 python3
 407770 root      20   0       0      0      0 I   0.5   0.0   0:10.70 kworker/u12:9-events_freezable_power_
 494770 root      20   0 1233488  13164   6732 S   0.5   0.2   0:12.10 containerd-shim
 513250 root      20   0   21760   4432   2868 S   0.5   0.1   0:08.45 systemd-udevd
 582730 root      20   0       0      0      0 I   0.5   0.0   0:02.44 kworker/u12:2-events_unbound
 647060 jetson    20   0   11248   3076   2756 S   0.5   0.0   0:00.40 bash
 659922 root      20   0       0      0      0 I   0.5   0.0   0:00.26 kworker/u12:5-events_unbound
 675714 jetson    20   0   14340   3384   2772 R   0.5   0.0   0:00.26 top
 675715 jetson    20   0    2872    884    788 S   0.5   0.0   0:00.06 tegrastats
      2 root      20   0       0      0      0 S   0.0   0.0   0:00.03 kthreadd
      3 root       0 -20       0      0      0 I   0.0   0.0   0:00.00 rcu_gp
      4 root       0 -20       0      0      0 I   0.0   0.0   0:00.00 rcu_par_gp
      5 root       0 -20       0      0      0 I   0.0   0.0   0:00.00 slub_flushwq
      6 root       0 -20       0      0      0 I   0.0   0.0   0:00.00 netns
      8 root       0 -20       0      0      0 I   0.0   0.0   0:00.00 kworker/0:0H-events_highpri
     10 root       0 -20       0      0      0 I   0.0   0.0   0:00.00 mm_percpu_wq
     11 root      20   0       0      0      0 S   0.0   0.0   0:00.00 rcu_tasks_kthre
     12 root      20   0       0      0      0 S   0.0   0.0   0:00.00 rcu_tasks_rude_
     13 root      20   0       0      0      0 S   0.0   0.0   0:00.00 rcu_tasks_trace
     15 root      20   0       0      0      0 I   0.0   0.0   0:10.49 rcu_preempt
     16 root      rt   0       0      0      0 S   0.0   0.0   0:00.03 migration/0
     17 root      20   0       0      0      0 S   0.0   0.0   0:00.00 cpuhp/0
     18 root      20   0       0      0      0 S   0.0   0.0   0:00.00 cpuhp/1
     19 root      rt   0       0      0      0 S   0.0   0.0   0:00.03 migration/1
     20 root      20   0       0      0      0 S   0.0   0.0   0:01.73 ksoftirqd/1
     22 root       0 -20       0      0      0 I   0.0   0.0   0:00.00 kworker/1:0H-events_highpri
     23 root      20   0       0      0      0 S   0.0   0.0   0:00.00 cpuhp/2
     24 root      rt   0       0      0      0 S   0.0   0.0   0:00.02 migration/2
     25 root      20   0       0      0      0 S   0.0   0.0   0:01.74 ksoftirqd/2
     27 root       0 -20       0      0      0 I   0.0   0.0   0:00.00 kworker/2:0H-events_highpri
     28 root      20   0       0      0      0 S   0.0   0.0   0:00.00 cpuhp/3
     29 root      rt   0       0      0      0 S   0.0   0.0   0:00.02 migration/3
     30 root      20   0       0      0      0 S   0.0   0.0   0:01.63 ksoftirqd/3
     32 root       0 -20       0      0      0 I   0.0   0.0   0:00.00 kworker/3:0H-events_highpri
     33 root      20   0       0      0      0 S   0.0   0.0   0:00.00 cpuhp/4
     34 root      rt   0       0      0      0 S   0.0   0.0   0:00.07 migration/4
     35 root      20   0       0      0      0 S   0.0   0.0   0:01.22 ksoftirqd/4
     37 root       0 -20       0      0      0 I   0.0   0.0   0:00.00 kworker/4:0H-kblockd
     38 root      20   0       0      0      0 S   0.0   0.0   0:00.00 cpuhp/5
     39 root      rt   0       0      0      0 S   0.0   0.0   0:00.07 migration/5
     40 root      20   0       0      0      0 S   0.0   0.0   0:01.29 ksoftirqd/5
     42 root       0 -20       0      0      0 I   0.0   0.0   0:00.00 kworker/5:0H-events_highpri
     43 root      20   0       0      0      0 S   0.0   0.0   0:00.01 kdevtmpfs
     44 root       0 -20       0      0      0 I   0.0   0.0   0:00.00 inet_frag_wq
     51 root      20   0       0      0      0 S   0.0   0.0   0:00.00 kauditd
     52 root      20   0       0      0      0 S   0.0   0.0   0:00.00 oom_reaper
     53 root       0 -20       0      0      0 I   0.0   0.0   0:00.00 writeback
     54 root      20   0       0      0      0 S   0.0   0.0   0:00.19 kcompactd0
     55 root      25   5       0      0      0 S   0.0   0.0   0:00.00 ksmd
     56 root      39  19       0      0      0 S   0.0   0.0   0:02.11 khugepaged
     67 root       0 -20       0      0      0 I   0.0   0.0   0:00.00 cryptd
     86 root       0 -20       0      0      0 I   0.0   0.0   0:00.00 kintegrityd
     87 root       0 -20       0      0      0 I   0.0   0.0   0:00.00 kblockd
     88 root       0 -20       0      0      0 I   0.0   0.0   0:00.00 blkcg_punt_bio
     89 root       0 -20       0      0      0 I   0.0   0.0   0:00.00 tpm_dev_wq
     90 root       0 -20       0      0      0 I   0.0   0.0   0:00.00 ata_sff
     91 root       0 -20       0      0      0 I   0.0   0.0   0:00.00 edac-poller
     92 root       0 -20       0      0      0 I   0.0   0.0   0:00.00 devfreq_wq
     93 root     -51   0       0      0      0 S   0.0   0.0   0:00.00 watchdogd
     96 root       0 -20       0      0      0 I   0.0   0.0   0:00.06 kworker/1:1H-kblockd
     97 root       0 -20       0      0      0 I   0.0   0.0   0:00.00 rpciod
     99 root       0 -20       0      0      0 I   0.0   0.0   0:00.00 xprtiod
    127 root      20   0       0      0      0 S   0.0   0.0   0:00.00 kswapd0
    128 root       0 -20       0      0      0 I   0.0   0.0   0:00.00 nfsiod
    132 root       0 -20       0      0      0 I   0.0   0.0   0:00.00 vfio-irqfd-clea
    133 root       0 -20       0      0      0 I   0.0   0.0   0:00.00 bch_btree_io
    134 root       0 -20       0      0      0 I   0.0   0.0   0:00.00 bcache
    135 root       0 -20       0      0      0 I   0.0   0.0   0:00.00 bch_journal
    136 root       0 -20       0      0      0 I   0.0   0.0   0:00.00 dm_bufio_cache
    139 root      20   0       0      0      0 I   0.0   0.0   0:01.99 kworker/2:3-events
    140 root      10 -10       0      0      0 S   0.0   0.0   0:00.00 krfcommd
    141 root      20   0       0      0      0 S   0.0   0.0   0:00.01 pr/tty0
    142 root      20   0       0      0      0 S   0.0   0.0   0:03.11 pr/ttyTCU0
    145 root     -51   0       0      0      0 S   0.0   0.0   0:00.00 irq/114-3160000
    147 root     -51   0       0      0      0 S   0.0   0.0   0:00.00 irq/115-3180000
    149 root     -51   0       0      0      0 S   0.0   0.0   0:00.00 irq/116-31b0000
    150 root     -51   0       0      0      0 S   0.0   0.0   0:00.03 irq/167-c240000
    151 root     -51   0       0      0      0 S   0.0   0.0   0:00.00 irq/168-c250000
    152 root     -51   0       0      0      0 S   0.0   0.0   0:00.00 irq/125-3610000
    153 root     -51   0       0      0      0 S   0.0   0.0   0:00.00 irq/122-3610000
    155 root       0 -20       0      0      0 I   0.0   0.0   0:00.00 sdhci
    156 root     -51   0       0      0      0 S   0.0   0.0   0:00.00 irq/120-mmc0
    157 root     -51   0       0      0      0 S   0.0   0.0   0:00.00 irq/230-3400000
    174 root       0 -20       0      0      0 I   0.0   0.0   0:00.06 kworker/3:1H-kblockd
    180 root     -51   0       0      0      0 S   0.0   0.0   0:00.00 irq/191-tegra-p
    181 root       0 -20       0      0      0 I   0.0   0.0   0:00.00 nvme-wq
    182 root       0 -20       0      0      0 I   0.0   0.0   0:00.00 nvme-reset-wq
    183 root       0 -20       0      0      0 I   0.0   0.0   0:00.00 nvme-delete-wq
    192 root     -51   0       0      0      0 S   0.0   0.0   0:00.00 irq/191-aerdrv
    193 root     -51   0       0      0      0 S   0.0   0.0   0:00.00 irq/193-tegra-p
    196 root     -51   0       0      0      0 S   0.0   0.0   0:00.00 irq/193-aerdrv
    197 root     -51   0       0      0      0 S   0.0   0.0   0:00.00 irq/195-tegra-p
    199 root     -51   0       0      0      0 S   0.0   0.0   0:00.00 irq/232-nvme0q0
    200 root     -51   0       0      0      0 S   0.0   0.0   0:00.38 irq/233-nvme0q1
    201 root     -51   0       0      0      0 S   0.0   0.0   0:00.42 irq/234-nvme0q2
    202 root     -51   0       0      0      0 S   0.0   0.0   0:00.54 irq/235-nvme0q3
    203 root     -51   0       0      0      0 S   0.0   0.0   0:00.66 irq/236-nvme0q4
    204 root     -51   0       0      0      0 S   0.0   0.0   0:00.16 irq/237-nvme0q5
    205 root     -51   0       0      0      0 S   0.0   0.0   0:00.13 irq/238-nvme0q6
    211 root       0 -20       0      0      0 I   0.0   0.0   0:00.07 kworker/4:1H-kblockd
    212 root      20   0       0      0      0 S   0.0   0.0   0:01.51 jbd2/nvme0n1p1-
    213 root       0 -20       0      0      0 I   0.0   0.0   0:00.00 ext4-rsv-conver
    222 root       0 -20       0      0      0 I   0.0   0.0   0:00.00 mld
    223 root       0 -20       0      0      0 I   0.0   0.0   0:00.04 kworker/0:1H-kblockd
    224 root       0 -20       0      0      0 I   0.0   0.0   0:00.00 ipv6_addrconf
    278 root       0 -20       0      0      0 I   0.0   0.0   0:00.08 kworker/2:1H-kblockd
    280 root      39  19       0      0      0 S   0.0   0.0   0:01.71 nvmap-bz
    281 root     -51   0       0      0      0 S   0.0   0.0   0:00.00 irq/188-host1x_
    285 root     -51   0       0      0      0 S   0.0   0.0   0:00.00 irq/197-gk20a_s
    286 root     -51   0       0      0      0 S   0.0   0.0   0:00.03 irq/198-gk20a_s
    287 root     -51   0       0      0      0 S   0.0   0.0   0:00.03 irq/199-gk20a_s
    288 root     -51   0       0      0      0 S   0.0   0.0   0:00.00 irq/200-gk20a_n
    291 root       0 -20       0      0      0 I   0.0   0.0   0:00.06 kworker/5:1H-kblockd
    295 root      20   0   11116   3460   3204 S   0.0   0.0   0:00.00 nv-tee-supplica
    299 root      20   0   76588   1360   1248 S   0.0   0.0   0:00.01 tee-supplicant
    301 root       0 -20       0      0      0 I   0.0   0.0   0:00.00 optee_bus_scan
    303 root     -51   0       0      0      0 S   0.0   0.0   0:00.00 irq/189-tegra-p
    312 root      20   0   23732   6316   4080 S   0.0   0.1   0:27.85 systemd-udevd
    313 root     -51   0       0      0      0 S   0.0   0.0   0:00.00 irq/189-aerdrv
    314 root      20   0   23216   5832   3992 S   0.0   0.1   0:00.41 systemd-udevd
    315 root      20   0   23216   5020   3248 S   0.0   0.1   0:00.15 systemd-udevd
    316 root      20   0   23268   6252   4316 S   0.0   0.1   0:00.16 systemd-udevd
    317 root      20   0   23220   4364   2600 S   0.0   0.1   0:00.11 systemd-udevd
    318 root      20   0   23216   4480   2672 S   0.0   0.1   0:00.12 systemd-udevd
    319 root      20   0   23212   5820   3980 S   0.0   0.1   0:00.29 systemd-udevd
    320 root      20   0   23264   4688   2764 S   0.0   0.1   0:00.13 systemd-udevd
    321 root      20   0   23268   5072   3136 S   0.0   0.1   0:00.18 systemd-udevd
    322 root      20   0   23524   5520   3456 S   0.0   0.1   0:00.27 systemd-udevd
    323 root      20   0   23216   6304   4444 S   0.0   0.1   0:00.42 systemd-udevd
    324 root      20   0   23220   5196   3388 S   0.0   0.1   0:00.16 systemd-udevd
    325 root      20   0   23220   5820   3976 S   0.0   0.1   0:00.41 systemd-udevd
    326 root      20   0   23220   5256   3388 S   0.0   0.1   0:00.45 systemd-udevd
    327 root      20   0   23220   5504   3684 S   0.0   0.1   0:00.18 systemd-udevd
    330 root      20   0   23512   5728   3684 S   0.0   0.1   0:00.14 systemd-udevd
    331 root      20   0   24292   5540   2676 S   0.0   0.1   0:00.16 systemd-udevd
    333 root      20   0   23524   5596   3532 S   0.0   0.1   0:00.28 systemd-udevd
    334 root      20   0   23220   5584   3740 S   0.0   0.1   0:00.27 systemd-udevd
    335 root      20   0   23220   4504   2708 S   0.0   0.1   0:00.11 systemd-udevd
    336 root      20   0   23220   4696   2892 S   0.0   0.1   0:00.14 systemd-udevd
    337 root      20   0   23524   5056   2992 S   0.0   0.1   0:00.16 systemd-udevd
    339 root      20   0   23220   4980   3148 S   0.0   0.1   0:00.17 systemd-udevd
    340 root      20   0   23544   6732   4608 S   0.0   0.1   1:33.33 systemd-udevd
    341 root      20   0   23276   5328   3384 S   0.0   0.1   0:00.13 systemd-udevd
    342 root      20   0   23280   5176   3228 S   0.0   0.1   0:00.13 systemd-udevd
    343 root      20   0   23220   5988   4152 S   0.0   0.1   0:00.33 systemd-udevd
    344 root      20   0   23560   6700   4596 S   0.0   0.1   0:00.58 systemd-udevd
    345 root      20   0       0      0      0 S   0.0   0.0   0:00.00 15820000.crypto
    346 root      20   0       0      0      0 S   0.0   0.0   0:00.00 15840000.crypto
    368 root      20   0   23324   5984   4116 S   0.0   0.1   0:00.46 systemd-udevd
    417 root     -51   0       0      0      0 S   0.0   0.0   0:00.00 irq/219-bc00000
    419 root      -2   0       0      0      0 S   0.0   0.0   0:00.00 capture-control
    420 root      -2   0       0      0      0 S   0.0   0.0   0:00.00 capture
    422 root     -51   0       0      0      0 S   0.0   0.0   0:00.00 irq/214-tegra_d
    423 root     -51   0       0      0      0 S   0.0   0.0   0:00.00 irq/215-tegra_d
    424 root       0 -20       0      0      0 I   0.0   0.0   0:00.00 dce-async-ipc-w
    425 root     -51   0       0      0      0 S   0.0   0.0   0:00.00 irq/240-nvvrs-p
    427 root      20   0       0      0      0 S   0.0   0.0   0:00.00 nv_queue
    428 root      20   0       0      0      0 S   0.0   0.0   0:00.00 nv_queue
    483 root     -51   0       0      0      0 S   0.0   0.0   0:00.00 irq/118-3210000
    487 root      20   0       0      0      0 S   0.0   0.0   0:00.00 spi0
    495 root       0 -20       0      0      0 I   0.0   0.0   0:00.00 cfg80211
    497 root     -51   0       0      0      0 S   0.0   0.0   0:00.00 irq/119-3230000
    498 root      20   0       0      0      0 S   0.0   0.0   0:00.00 spi1
    584 root       0 -20       0      0      0 I   0.0   0.0   0:00.00 btfwwork
    650 root      20   0    8236   6424   1432 S   0.0   0.1   0:00.73 haveged
    653 _rpc      20   0    7932   2264   1912 S   0.0   0.0   0:00.04 rpcbind
    659 systemd+  20   0   26320  13580   8496 S   0.0   0.2   0:00.55 systemd-resolve
    662 systemd+  20   0   88880   6332   5484 S   0.0   0.1   0:00.15 systemd-timesyn
    826 avahi     20   0    8084   3108   2752 S   0.0   0.0   0:00.70 avahi-daemon
    827 root      20   0    9888   4552   4112 S   0.0   0.1   0:00.07 bluetoothd
    838 root      20   0   43504  19780  10232 S   0.0   0.3   0:00.15 networkd-dispat
    849 root      20   0  241652   9056   6312 S   0.0   0.1   0:00.66 power-profiles-
    854 syslog    20   0  222160   5012   3672 S   0.0   0.1   0:05.85 rsyslogd
    859 root      20   0    2240    796    720 S   0.0   0.0   0:00.00 seatd
    865 root      20   0 2145956  51924  25772 S   0.0   0.7   0:37.96 snapd
    867 root      20   0  242124   7452   6576 S   0.0   0.1   0:02.29 accounts-daemon
    869 root      20   0  238128   6232   5620 S   0.0   0.1   0:00.04 switcheroo-cont
    874 root      20   0  394188  13988   9476 S   0.0   0.2   0:01.11 udisksd
    875 root      20   0   16632   9928   8148 S   0.0   0.1   0:01.36 wpa_supplicant
    882 avahi     20   0    7812    356      0 S   0.0   0.0   0:00.00 avahi-daemon
    921 root      30  10   11248   3612   3220 S   0.0   0.0   0:08.79 wifi_mon.sh
    983 root      20   0    2460   1556   1380 S   0.0   0.0   0:08.55 nvfancontrol
   1049 root      20   0       0      0      0 S   0.0   0.0   0:00.00 sw-quiesce
   1052 root      20   0       0      0      0 S   0.0   0.0   0:21.79 nvgpu_channel_p
   1068 root      20   0       0      0      0 S   0.0   0.0   0:00.00 nvgpu_pg_init_g
   1087 root      20   0       0      0      0 S   0.0   0.0   0:00.00 nvgpu_clk_arb_p
   1117 root      20   0       0      0      0 S   0.0   0.0   0:08.02 RTW_CMD_THREAD
   1157 root      20   0   75936   9960   8136 S   0.0   0.1   0:00.01 nvargus-daemon
   1158 root      20   0   11116   3520   3220 S   0.0   0.0   0:00.08 nvmemwarning.sh
   1171 root      20   0   22192   1776   1580 S   0.0   0.0   0:00.00 nvs-service
   1181 ollama    20   0 2006720  39588  20072 S   0.0   0.5   0:01.11 ollama
   1195 root      20   0    2336   1408   1292 S   0.0   0.0   0:01.96 run-cups-browse
   1201 root      20   0    2336   1424   1296 S   0.0   0.0   0:02.02 run-cupsd
   1204 root      20   0       0      0      0 S   0.0   0.0   0:00.00 pr/ramoops-1
   1239 root      20   0   10772   2824   2576 S   0.0   0.0   0:00.06 cron
   1259 root      20   0  243128   8056   7012 S   0.0   0.1   0:00.02 gdm3
   1263 kernoops  20   0   12812    452      0 S   0.0   0.0   0:00.02 kerneloops
   1290 root      20   0    9468    800    724 S   0.0   0.0   0:00.00 agetty
   1291 kernoops  20   0   12812    452      0 S   0.0   0.0   0:00.02 kerneloops
   1293 root      20   0    9468    804    724 S   0.0   0.0   0:00.00 agetty
   1330 root      20   0  173408   8804   7628 S   0.0   0.1   0:00.02 gdm-session-wor
   1417 root      20   0       0      0      0 S   0.0   0.0   0:00.00 file-storage
   1426 root      20   0   15272   8368   6788 S   0.0   0.1   0:00.81 sshd
   1474 gdm       20   0   18120   9728   7360 S   0.0   0.1   0:00.46 systemd
   1478 root      20   0    3076    992    880 S   0.0   0.0   0:00.00 nvphsd
   1483 root      20   0    3208   1476   1316 S   0.0   0.0   0:00.00 nvphsd
   1497 gdm       20   0  106692   4552      0 S   0.0   0.1   0:00.00 (sd-pam)
   1688 gdm        9 -11   41972   6476   5156 S   0.0   0.1   0:00.07 pipewire
   1689 gdm       20   0   25476   6428   5104 S   0.0   0.1   0:01.81 pipewire-media-
   1690 gdm        9 -11  891840  20748  12584 S   0.0   0.3   0:01.00 pulseaudio
   1695 gdm       20   0  163948   5472   4964 S   0.0   0.1   0:00.00 gdm-x-session
   1697 root      20   0   24.2g  80544  35884 S   0.0   1.0   0:02.25 Xorg
   1698 rtkit     21   1  153504   1588   1380 S   0.0   0.0   0:00.32 rtkit-daemon
   1729 gdm       20   0    8840   3600   3212 S   0.0   0.0   0:00.02 dbus-daemon
   1748 root      20   0       0      0      0 S   0.0   0.0   0:00.00 nvidia-modeset/
   1749 root      20   0       0      0      0 S   0.0   0.0   0:00.00 nvidia-modeset/
   1752 root      20   0       0      0      0 S   0.0   0.0   0:00.00 nvidia
   1753 root      20   0       0      0      0 S   0.0   0.0   0:00.00 nv_queue
   1790 root      20   0       0      0      0 S   0.0   0.0   0:00.00 nvidia-drm-nv-t
   1791 root     -51   0       0      0      0 S   0.0   0.0   0:00.00 card1-crtc0
   1792 root     -51   0       0      0      0 S   0.0   0.0   0:00.00 card1-crtc1
   1980 gdm       20   0    5876   1552   1344 S   0.0   0.0   0:00.00 dbus-run-sessio
   1983 gdm       20   0    9108   4440   3588 S   0.0   0.1   0:00.13 dbus-daemon
   2057 gdm       20   0  310068   8976   6272 S   0.0   0.1   0:00.00 at-spi-bus-laun
   2062 gdm       20   0    8692   3556   3168 S   0.0   0.0   0:00.00 dbus-daemon
   2092 gdm       20   0  237676   4964   4528 S   0.0   0.1   0:00.00 xdg-permission-
   2099 root      20   0  243852  10136   6984 S   0.0   0.1   0:00.52 upowerd
   2110 gdm       20   0 2812288  25716  20860 S   0.0   0.3   0:00.08 gjs
   2113 gdm       20   0  163144   7196   6428 S   0.0   0.1   0:00.02 at-spi2-registr
   2146 gdm       20   0  338880  14892  12620 S   0.0   0.2   0:00.06 gsd-wacom
   2148 gdm       20   0  451616  18896  16480 S   0.0   0.2   0:00.22 gsd-color
   2150 gdm       20   0  412392  17092  13292 S   0.0   0.2   0:00.04 gsd-keyboard
   2152 gdm       20   0  316864  13188   6244 S   0.0   0.2   0:00.10 ibus-daemon
   2156 gdm       20   0  326124   9848   8488 S   0.0   0.1   0:00.02 gsd-print-notif
   2166 gdm       20   0  242216   6512   5848 S   0.0   0.1   0:00.01 gvfsd
   2168 gdm       20   0  459796   6140   5436 S   0.0   0.1   0:00.64 gsd-rfkill
   2170 gdm       20   0  388312   7432   6528 S   0.0   0.1   0:00.01 gsd-smartcard
   2173 gdm       20   0  380556  16508  12504 S   0.0   0.2   0:00.03 gsd-datetime
   2183 gdm       20   0  864216  20108  17428 S   0.0   0.3   0:00.58 gsd-media-keys
   2184 gdm       20   0  237936   4760   4376 S   0.0   0.1   0:00.01 gsd-screensaver
   2185 gdm       20   0  322096  10392   7320 S   0.0   0.1   0:00.02 gsd-sound
   2186 gdm       20   0  312416   8104   5476 S   0.0   0.1   0:00.01 gsd-a11y-settin
   2193 gdm       20   0  313996   8944   6152 S   0.0   0.1   0:01.01 gsd-housekeepin
   2195 gdm       20   0  450004  20288  15904 S   0.0   0.3   0:00.58 gsd-power
   2218 gdm       20   0  347052  12608  10748 S   0.0   0.2   0:00.03 gsd-printer
   2221 gdm       20   0  239040   6576   5948 S   0.0   0.1   0:00.00 ibus-dconf
   2233 gdm       20   0  238936   5920   5488 S   0.0   0.1   0:00.00 ibus-portal
   2263 colord    20   0  247516  14492   8720 S   0.0   0.2   0:00.27 colord
   2285 gdm       20   0 2812300  27868  20904 S   0.0   0.4   0:00.09 gjs
   2349 gdm       20   0  165096   6516   5892 S   0.0   0.1   0:00.01 ibus-engine-sim
   2508 root      20   0  136716  13172   9512 S   0.0   0.2   0:00.73 cupsd
   2522 root      20   0  260792  17940  13508 S   0.0   0.2   0:01.73 cups-browsed
  11687 jetson    20   0   18140   9764   7368 S   0.0   0.1   0:00.37 systemd
  11688 jetson    20   0  172512   4632      0 S   0.0   0.1   0:00.00 (sd-pam)
  11696 jetson    20   0   41976   6552   5228 S   0.0   0.1   0:00.07 pipewire
  11697 jetson    20   0   25484   6724   5388 S   0.0   0.1   0:01.99 pipewire-media-
  11749 jetson    20   0    8888   4168   3672 S   0.0   0.1   0:00.03 dbus-daemon
  13234 jetson    20   0  203640  35476  13212 S   0.0   0.5   0:00.75 ros2
  13236 jetson    20   0 2070472  36080  17228 S   0.0   0.5   0:00.94 docker
  13238 jetson    20   0  428524  31584  15828 S   0.0   0.4   2:34.04 robot_state_pub
  13265 root      20   0 1232976  11204   5960 S   0.0   0.1   0:02.48 containerd-shim
  13294 root      20   0   49400  29204  14412 S   0.0   0.4   0:00.40 ros2
 100141 root      20   0       0      0      0 I   0.0   0.0   0:23.70 kworker/u12:6-events_freezable_power_
 284193 root      20   0       0      0      0 I   0.0   0.0   0:14.60 kworker/u12:3-events_freezable_power_
 417230 root      20   0       0      0      0 I   0.0   0.0   0:09.08 kworker/u12:0-devfreq_wq
 418183 root       0 -20       0      0      0 I   0.0   0.0   0:16.43 kworker/u13:0-uvcvideo
 437586 root      20   0       0      0      0 I   0.0   0.0   0:07.73 kworker/u12:4-events_unbound
 465092 root      20   0  238836   6948   5700 S   0.0   0.1   0:01.42 iio-sensor-prox
 481530 root       0 -20       0      0      0 I   0.0   0.0   0:10.94 kworker/u13:3-uvcvideo
 494799 jetson    20   0    5508    792    704 S   0.0   0.0   0:00.21 sleep
 494879 root      20   0   21756   3352   1840 S   0.0   0.0   0:01.00 systemd-udevd
 513219 root      20   0   21752   3996   2468 S   0.0   0.1   0:00.00 systemd-udevd
 513220 root      20   0   21760   3388   1868 S   0.0   0.0   0:00.00 systemd-udevd
 513233 root      20   0   21760   3392   1868 S   0.0   0.0   0:00.00 systemd-udevd
 513234 root      20   0   21760   3356   1840 S   0.0   0.0   0:00.00 systemd-udevd
 513235 root      20   0   21760   3996   2468 S   0.0   0.1   0:00.01 systemd-udevd
 513236 root      20   0   21760   3384   1868 S   0.0   0.0   0:00.00 systemd-udevd
 513237 root      20   0   21760   4188   2660 S   0.0   0.1   0:00.00 systemd-udevd
 513251 root      20   0   21760   3840   2288 S   0.0   0.0   0:00.00 systemd-udevd
 513265 root      20   0   21760   4056   2496 S   0.0   0.1   0:00.01 systemd-udevd
 513266 root      20   0   21760   4052   2496 S   0.0   0.1   0:00.01 systemd-udevd
 538507 root      20   0       0      0      0 I   0.0   0.0   0:00.29 kworker/0:0-events
 562560 root      20   0       0      0      0 I   0.0   0.0   0:02.65 kworker/u12:1-events_unbound
 576600 root      20   0       0      0      0 I   0.0   0.0   0:00.40 kworker/3:0-events
 576909 root      20   0       0      0      0 I   0.0   0.0   0:00.08 kworker/4:1-events
 589172 root      20   0       0      0      0 I   0.0   0.0   0:02.17 kworker/u12:10-events_unbound
 602672 root      20   0       0      0      0 I   0.0   0.0   0:00.14 kworker/1:3-events
 621531 root      20   0       0      0      0 I   0.0   0.0   0:00.11 kworker/5:2-events
 622272 root      20   0       0      0      0 I   0.0   0.0   0:01.24 kworker/u12:7-events_freezable_power_
 642140 root      20   0       0      0      0 I   0.0   0.0   0:00.97 kworker/u12:8-events_unbound
 645581 root      20   0       0      0      0 I   0.0   0.0   0:00.04 kworker/1:2-events
 645980 root      20   0       0      0      0 I   0.0   0.0   0:00.07 kworker/5:0-events
 646577 jetson    20   0  572504  38828  13216 S   0.0   0.5   0:00.85 ros2
 646587 jetson    20   0 1082604  58700  26340 S   0.0   0.8   0:27.27 foxglove_bridge
 646880 jetson    20   0  129772  34676  13228 S   0.0   0.4   0:00.69 ros2
 646995 jetson    20   0  796968  40104  13228 S   0.0   0.5   0:01.41 ros2
 647156 jetson    20   0   53568  30344  15012 S   0.0   0.4   0:00.41 ros2
 647161 root      20   0       0      0      0 I   0.0   0.0   0:00.00 kworker/3:1-events
 651818 root      20   0       0      0      0 I   0.0   0.0   0:00.05 kworker/4:0-events
 651861 root      20   0       0      0      0 I   0.0   0.0   0:00.00 kworker/2:0-events
 651906 root      20   0       0      0      0 I   0.0   0.0   0:00.00 kworker/0:2-events
 660558 root      20   0       0      0      0 I   0.0   0.0   0:00.05 kworker/1:0-mm_percpu_wq
 660666 root       0 -20       0      0      0 I   0.0   0.0   0:01.46 kworker/u13:2-uvcvideo
 663616 root      20   0    9436    784    704 S   0.0   0.0   0:00.00 sleep
 670335 root      20   0       0      0      0 I   0.0   0.0   0:00.00 kworker/2:1-cgroup_destroy
 670336 root      20   0       0      0      0 I   0.0   0.0   0:00.00 kworker/2:2-cgroup_destroy
 670384 root      20   0       0      0      0 I   0.0   0.0   0:00.00 kworker/0:1
 670511 root      20   0       0      0      0 I   0.0   0.0   0:00.00 kworker/3:2-cgroup_destroy
 670512 root      20   0       0      0      0 I   0.0   0.0   0:00.00 kworker/3:3
 672581 root      20   0       0      0      0 I   0.0   0.0   0:00.02 kworker/5:1-mm_percpu_wq
 672816 jetson    20   0   11248   3308   2868 S   0.0   0.0   0:00.04 bash
 675134 root       0 -20       0      0      0 I   0.0   0.0   0:00.19 kworker/u13:4-uvcvideo
 675625 jetson    20   0   11248   3300   2868 S   0.0   0.0   0:00.01 bash
 675913 jetson    20   0    9480    808    724 S   0.0   0.0   0:00.00 tail
 677117 root      30  10    9436    784    704 S   0.0   0.0   0:00.00 sleep
 677344 jetson    20   0    9444    788    704 S   0.0   0.0   0:00.00 sleep

top - 16:10:57 up  6:34,  0 users,  load average: 7.25, 6.66, 6.58
Tasks: 353 total,   2 running, 351 sleeping,   0 stopped,   0 zombie
%Cpu(s): 42.0 us,  9.0 sy,  0.0 ni, 44.8 id,  0.0 wa,  2.4 hi,  1.9 si,  0.0 st
MiB Mem :   7607.4 total,   2274.7 free,   2231.5 used,   3101.2 buff/cache
MiB Swap:   3803.7 total,   3803.7 free,      0.0 used.   5059.0 avail Mem 

    PID USER      PR  NI    VIRT    RES    SHR S  %CPU  %MEM     TIME+ COMMAND
 675912 jetson    20   0  753564  73828  29576 R  47.0   0.9   0:10.57 python3
 646802 jetson    20   0  709060  61196  27276 S  36.1   0.8   3:37.34 python3
 646999 jetson    20   0  963000  47908  23640 S  32.7   0.6   1:08.70 controller_serv
 675713 jetson    20   0  763620  53952  25376 S  22.3   0.7   0:07.04 ros2
 647181 jetson    20   0 9356228 409192  87560 S  17.3   5.3   1:38.28 nvblox_node
 647007 jetson    20   0  530840  46196  26216 S  15.8   0.6   1:01.24 bt_navigator
 646579 jetson    20   0 1748420 106700  51428 S  14.4   1.4   1:29.06 realsense2_came
 646583 jetson    20   0  432976  25268  14224 S  14.4   0.3   1:39.44 rplidar_node
 646882 jetson    20   0 1061852  55128  24360 S  12.4   0.7   0:27.88 async_slam_tool
 646804 jetson    20   0  506340  30844  18340 S  10.9   0.4   1:10.64 ekf_node
 647058 jetson    20   0  577528  31320  16252 S  10.9   0.4   1:06.70 lifecycle_manag
 646585 jetson    20   0  707980  61328  27448 S   9.4   0.8   0:57.33 python3
 646997 jetson    20   0  709524  61896  27392 S   9.4   0.8   0:32.42 python3
 647003 jetson    20   0 1070788  70108  24808 S   9.4   0.9   1:00.86 planner_server
 647005 jetson    20   0  516440  34888  21032 S   7.9   0.4   0:48.38 behavior_server
 647001 jetson    20   0  664640  33080  19416 S   6.4   0.4   0:41.30 smoother_server
 647025 jetson    20   0  431396  28940  17020 S   5.9   0.4   0:35.42 waypoint_follow
 647056 jetson    20   0  428696  29132  15944 S   5.9   0.4   0:34.81 velocity_smooth
  13320 root      20   0 1300496  44680  11392 S   4.5   0.6  32:33.35 micro_ros_agent
 646581 jetson    20   0  709380  64256  27276 S   2.5   0.8   0:31.21 python3
    904 root      rt   0       0      0      0 S   1.5   0.0   1:52.00 sugov:0
    909 root      rt   0       0      0      0 S   1.0   0.0   0:53.22 sugov:4
    969 root      20   0  237044  10468   6400 S   1.0   0.1   3:28.38 polkitd
   1212 root      20   0 2093336  74476  33976 S   1.0   1.0   0:42.52 containerd
 591089 root       0 -20       0      0      0 I   1.0   0.0   0:04.33 kworker/u13:1-uvcvideo
 675714 jetson    20   0   14340   3384   2772 R   1.0   0.0   0:00.28 top
    340 root      20   0   23544   6732   4608 S   0.5   0.1   1:33.34 systemd-udevd
    865 root      20   0 2145956  51924  25772 S   0.5   0.7   0:37.97 snapd
   1588 root      20   0 2353004 113512  57032 S   0.5   1.5   0:32.44 dockerd
 100141 root      20   0       0      0      0 I   0.5   0.0   0:23.71 kworker/u12:6-events_freezable_power_
 513250 root      20   0   21760   4432   2868 S   0.5   0.1   0:08.46 systemd-udevd
 582730 root      20   0       0      0      0 I   0.5   0.0   0:02.45 kworker/u12:2-events_unbound
 589172 root      20   0       0      0      0 I   0.5   0.0   0:02.18 kworker/u12:10-events_unbound
 642140 root      20   0       0      0      0 I   0.5   0.0   0:00.98 kworker/u12:8-events_unbound
 646995 jetson    20   0  796968  40104  13228 S   0.5   0.5   0:01.42 ros2
      1 root      20   0  167628  11768   7448 S   0.0   0.2   0:32.47 systemd
      2 root      20   0       0      0      0 S   0.0   0.0   0:00.03 kthreadd
      3 root       0 -20       0      0      0 I   0.0   0.0   0:00.00 rcu_gp
      4 root       0 -20       0      0      0 I   0.0   0.0   0:00.00 rcu_par_gp
      5 root       0 -20       0      0      0 I   0.0   0.0   0:00.00 slub_flushwq
      6 root       0 -20       0      0      0 I   0.0   0.0   0:00.00 netns
      8 root       0 -20       0      0      0 I   0.0   0.0   0:00.00 kworker/0:0H-events_highpri
     10 root       0 -20       0      0      0 I   0.0   0.0   0:00.00 mm_percpu_wq
     11 root      20   0       0      0      0 S   0.0   0.0   0:00.00 rcu_tasks_kthre
     12 root      20   0       0      0      0 S   0.0   0.0   0:00.00 rcu_tasks_rude_
     13 root      20   0       0      0      0 S   0.0   0.0   0:00.00 rcu_tasks_trace
     14 root      20   0       0      0      0 S   0.0   0.0   0:23.71 ksoftirqd/0
     15 root      20   0       0      0      0 I   0.0   0.0   0:10.49 rcu_preempt
     16 root      rt   0       0      0      0 S   0.0   0.0   0:00.03 migration/0
     17 root      20   0       0      0      0 S   0.0   0.0   0:00.00 cpuhp/0
     18 root      20   0       0      0      0 S   0.0   0.0   0:00.00 cpuhp/1
     19 root      rt   0       0      0      0 S   0.0   0.0   0:00.03 migration/1
     20 root      20   0       0      0      0 S   0.0   0.0   0:01.73 ksoftirqd/1
     22 root       0 -20       0      0      0 I   0.0   0.0   0:00.00 kworker/1:0H-events_highpri
     23 root      20   0       0      0      0 S   0.0   0.0   0:00.00 cpuhp/2
     24 root      rt   0       0      0      0 S   0.0   0.0   0:00.02 migration/2
     25 root      20   0       0      0      0 S   0.0   0.0   0:01.74 ksoftirqd/2
     27 root       0 -20       0      0      0 I   0.0   0.0   0:00.00 kworker/2:0H-events_highpri
     28 root      20   0       0      0      0 S   0.0   0.0   0:00.00 cpuhp/3
     29 root      rt   0       0      0      0 S   0.0   0.0   0:00.02 migration/3
     30 root      20   0       0      0      0 S   0.0   0.0   0:01.63 ksoftirqd/3
     32 root       0 -20       0      0      0 I   0.0   0.0   0:00.00 kworker/3:0H-events_highpri
     33 root      20   0       0      0      0 S   0.0   0.0   0:00.00 cpuhp/4
     34 root      rt   0       0      0      0 S   0.0   0.0   0:00.07 migration/4
     35 root      20   0       0      0      0 S   0.0   0.0   0:01.22 ksoftirqd/4
     37 root       0 -20       0      0      0 I   0.0   0.0   0:00.00 kworker/4:0H-kblockd
     38 root      20   0       0      0      0 S   0.0   0.0   0:00.00 cpuhp/5
     39 root      rt   0       0      0      0 S   0.0   0.0   0:00.07 migration/5
     40 root      20   0       0      0      0 S   0.0   0.0   0:01.29 ksoftirqd/5
     42 root       0 -20       0      0      0 I   0.0   0.0   0:00.00 kworker/5:0H-events_highpri
     43 root      20   0       0      0      0 S   0.0   0.0   0:00.01 kdevtmpfs
     44 root       0 -20       0      0      0 I   0.0   0.0   0:00.00 inet_frag_wq
     51 root      20   0       0      0      0 S   0.0   0.0   0:00.00 kauditd
     52 root      20   0       0      0      0 S   0.0   0.0   0:00.00 oom_reaper
     53 root       0 -20       0      0      0 I   0.0   0.0   0:00.00 writeback
     54 root      20   0       0      0      0 S   0.0   0.0   0:00.19 kcompactd0
     55 root      25   5       0      0      0 S   0.0   0.0   0:00.00 ksmd
     56 root      39  19       0      0      0 S   0.0   0.0   0:02.11 khugepaged
     67 root       0 -20       0      0      0 I   0.0   0.0   0:00.00 cryptd
     86 root       0 -20       0      0      0 I   0.0   0.0   0:00.00 kintegrityd
     87 root       0 -20       0      0      0 I   0.0   0.0   0:00.00 kblockd
     88 root       0 -20       0      0      0 I   0.0   0.0   0:00.00 blkcg_punt_bio
     89 root       0 -20       0      0      0 I   0.0   0.0   0:00.00 tpm_dev_wq
     90 root       0 -20       0      0      0 I   0.0   0.0   0:00.00 ata_sff
     91 root       0 -20       0      0      0 I   0.0   0.0   0:00.00 edac-poller
     92 root       0 -20       0      0      0 I   0.0   0.0   0:00.00 devfreq_wq
     93 root     -51   0       0      0      0 S   0.0   0.0   0:00.00 watchdogd
     96 root       0 -20       0      0      0 I   0.0   0.0   0:00.06 kworker/1:1H-kblockd
     97 root       0 -20       0      0      0 I   0.0   0.0   0:00.00 rpciod
     99 root       0 -20       0      0      0 I   0.0   0.0   0:00.00 xprtiod
    127 root      20   0       0      0      0 S   0.0   0.0   0:00.00 kswapd0
    128 root       0 -20       0      0      0 I   0.0   0.0   0:00.00 nfsiod
    132 root       0 -20       0      0      0 I   0.0   0.0   0:00.00 vfio-irqfd-clea
    133 root       0 -20       0      0      0 I   0.0   0.0   0:00.00 bch_btree_io
    134 root       0 -20       0      0      0 I   0.0   0.0   0:00.00 bcache
    135 root       0 -20       0      0      0 I   0.0   0.0   0:00.00 bch_journal
    136 root       0 -20       0      0      0 I   0.0   0.0   0:00.00 dm_bufio_cache
    139 root      20   0       0      0      0 I   0.0   0.0   0:01.99 kworker/2:3-mm_percpu_wq
    140 root      10 -10       0      0      0 S   0.0   0.0   0:00.00 krfcommd
    141 root      20   0       0      0      0 S   0.0   0.0   0:00.01 pr/tty0
    142 root      20   0       0      0      0 S   0.0   0.0   0:03.11 pr/ttyTCU0
    145 root     -51   0       0      0      0 S   0.0   0.0   0:00.00 irq/114-3160000
    147 root     -51   0       0      0      0 S   0.0   0.0   0:00.00 irq/115-3180000
    149 root     -51   0       0      0      0 S   0.0   0.0   0:00.00 irq/116-31b0000
    150 root     -51   0       0      0      0 S   0.0   0.0   0:00.03 irq/167-c240000
    151 root     -51   0       0      0      0 S   0.0   0.0   0:00.00 irq/168-c250000
    152 root     -51   0       0      0      0 S   0.0   0.0   0:00.00 irq/125-3610000
    153 root     -51   0       0      0      0 S   0.0   0.0   0:00.00 irq/122-3610000
    155 root       0 -20       0      0      0 I   0.0   0.0   0:00.00 sdhci
    156 root     -51   0       0      0      0 S   0.0   0.0   0:00.00 irq/120-mmc0
    157 root     -51   0       0      0      0 S   0.0   0.0   0:00.00 irq/230-3400000
    174 root       0 -20       0      0      0 I   0.0   0.0   0:00.06 kworker/3:1H-kblockd
    180 root     -51   0       0      0      0 S   0.0   0.0   0:00.00 irq/191-tegra-p
    181 root       0 -20       0      0      0 I   0.0   0.0   0:00.00 nvme-wq
    182 root       0 -20       0      0      0 I   0.0   0.0   0:00.00 nvme-reset-wq
    183 root       0 -20       0      0      0 I   0.0   0.0   0:00.00 nvme-delete-wq
    192 root     -51   0       0      0      0 S   0.0   0.0   0:00.00 irq/191-aerdrv
    193 root     -51   0       0      0      0 S   0.0   0.0   0:00.00 irq/193-tegra-p
    196 root     -51   0       0      0      0 S   0.0   0.0   0:00.00 irq/193-aerdrv
    197 root     -51   0       0      0      0 S   0.0   0.0   0:00.00 irq/195-tegra-p
    199 root     -51   0       0      0      0 S   0.0   0.0   0:00.00 irq/232-nvme0q0
    200 root     -51   0       0      0      0 S   0.0   0.0   0:00.38 irq/233-nvme0q1
    201 root     -51   0       0      0      0 S   0.0   0.0   0:00.42 irq/234-nvme0q2
    202 root     -51   0       0      0      0 S   0.0   0.0   0:00.54 irq/235-nvme0q3
    203 root     -51   0       0      0      0 S   0.0   0.0   0:00.66 irq/236-nvme0q4
    204 root     -51   0       0      0      0 S   0.0   0.0   0:00.16 irq/237-nvme0q5
    205 root     -51   0       0      0      0 S   0.0   0.0   0:00.13 irq/238-nvme0q6
    211 root       0 -20       0      0      0 I   0.0   0.0   0:00.07 kworker/4:1H-kblockd
    212 root      20   0       0      0      0 S   0.0   0.0   0:01.51 jbd2/nvme0n1p1-
    213 root       0 -20       0      0      0 I   0.0   0.0   0:00.00 ext4-rsv-conver
    222 root       0 -20       0      0      0 I   0.0   0.0   0:00.00 mld
    223 root       0 -20       0      0      0 I   0.0   0.0   0:00.04 kworker/0:1H-kblockd
    224 root       0 -20       0      0      0 I   0.0   0.0   0:00.00 ipv6_addrconf
    256 root      19  -1   76560  40184  38556 S   0.0   0.5   0:30.53 systemd-journal
    278 root       0 -20       0      0      0 I   0.0   0.0   0:00.08 kworker/2:1H-kblockd
    280 root      39  19       0      0      0 S   0.0   0.0   0:01.71 nvmap-bz
    281 root     -51   0       0      0      0 S   0.0   0.0   0:00.00 irq/188-host1x_
    285 root     -51   0       0      0      0 S   0.0   0.0   0:00.00 irq/197-gk20a_s
    286 root     -51   0       0      0      0 S   0.0   0.0   0:00.03 irq/198-gk20a_s
    287 root     -51   0       0      0      0 S   0.0   0.0   0:00.03 irq/199-gk20a_s
    288 root     -51   0       0      0      0 S   0.0   0.0   0:00.00 irq/200-gk20a_n
    291 root       0 -20       0      0      0 I   0.0   0.0   0:00.06 kworker/5:1H-kblockd
    295 root      20   0   11116   3460   3204 S   0.0   0.0   0:00.00 nv-tee-supplica
    299 root      20   0   76588   1360   1248 S   0.0   0.0   0:00.01 tee-supplicant
    301 root       0 -20       0      0      0 I   0.0   0.0   0:00.00 optee_bus_scan
    303 root     -51   0       0      0      0 S   0.0   0.0   0:00.00 irq/189-tegra-p
    312 root      20   0   23732   6316   4080 S   0.0   0.1   0:27.85 systemd-udevd
    313 root     -51   0       0      0      0 S   0.0   0.0   0:00.00 irq/189-aerdrv
    314 root      20   0   23216   5832   3992 S   0.0   0.1   0:00.41 systemd-udevd
    315 root      20   0   23216   5020   3248 S   0.0   0.1   0:00.15 systemd-udevd
    316 root      20   0   23268   6252   4316 S   0.0   0.1   0:00.16 systemd-udevd
    317 root      20   0   23220   4364   2600 S   0.0   0.1   0:00.11 systemd-udevd
    318 root      20   0   23216   4480   2672 S   0.0   0.1   0:00.12 systemd-udevd
    319 root      20   0   23212   5820   3980 S   0.0   0.1   0:00.29 systemd-udevd
    320 root      20   0   23264   4688   2764 S   0.0   0.1   0:00.13 systemd-udevd
    321 root      20   0   23268   5072   3136 S   0.0   0.1   0:00.18 systemd-udevd
    322 root      20   0   23524   5520   3456 S   0.0   0.1   0:00.27 systemd-udevd
    323 root      20   0   23216   6304   4444 S   0.0   0.1   0:00.42 systemd-udevd
    324 root      20   0   23220   5196   3388 S   0.0   0.1   0:00.16 systemd-udevd
    325 root      20   0   23220   5820   3976 S   0.0   0.1   0:00.41 systemd-udevd
    326 root      20   0   23220   5256   3388 S   0.0   0.1   0:00.45 systemd-udevd
    327 root      20   0   23220   5504   3684 S   0.0   0.1   0:00.18 systemd-udevd
    330 root      20   0   23512   5728   3684 S   0.0   0.1   0:00.14 systemd-udevd
    331 root      20   0   24292   5540   2676 S   0.0   0.1   0:00.16 systemd-udevd
    333 root      20   0   23524   5596   3532 S   0.0   0.1   0:00.28 systemd-udevd
    334 root      20   0   23220   5584   3740 S   0.0   0.1   0:00.27 systemd-udevd
    335 root      20   0   23220   4504   2708 S   0.0   0.1   0:00.11 systemd-udevd
    336 root      20   0   23220   4696   2892 S   0.0   0.1   0:00.14 systemd-udevd
    337 root      20   0   23524   5056   2992 S   0.0   0.1   0:00.16 systemd-udevd
    339 root      20   0   23220   4980   3148 S   0.0   0.1   0:00.17 systemd-udevd
    341 root      20   0   23276   5328   3384 S   0.0   0.1   0:00.13 systemd-udevd
    342 root      20   0   23280   5176   3228 S   0.0   0.1   0:00.13 systemd-udevd
    343 root      20   0   23220   5988   4152 S   0.0   0.1   0:00.33 systemd-udevd
    344 root      20   0   23560   6700   4596 S   0.0   0.1   0:00.58 systemd-udevd
    345 root      20   0       0      0      0 S   0.0   0.0   0:00.00 15820000.crypto
    346 root      20   0       0      0      0 S   0.0   0.0   0:00.00 15840000.crypto
    368 root      20   0   23324   5984   4116 S   0.0   0.1   0:00.46 systemd-udevd
    417 root     -51   0       0      0      0 S   0.0   0.0   0:00.00 irq/219-bc00000
    419 root      -2   0       0      0      0 S   0.0   0.0   0:00.00 capture-control
    420 root      -2   0       0      0      0 S   0.0   0.0   0:00.00 capture
    422 root     -51   0       0      0      0 S   0.0   0.0   0:00.00 irq/214-tegra_d
    423 root     -51   0       0      0      0 S   0.0   0.0   0:00.00 irq/215-tegra_d
    424 root       0 -20       0      0      0 I   0.0   0.0   0:00.00 dce-async-ipc-w
    425 root     -51   0       0      0      0 S   0.0   0.0   0:00.00 irq/240-nvvrs-p
    427 root      20   0       0      0      0 S   0.0   0.0   0:00.00 nv_queue
    428 root      20   0       0      0      0 S   0.0   0.0   0:00.00 nv_queue
    483 root     -51   0       0      0      0 S   0.0   0.0   0:00.00 irq/118-3210000
    487 root      20   0       0      0      0 S   0.0   0.0   0:00.00 spi0
    495 root       0 -20       0      0      0 I   0.0   0.0   0:00.00 cfg80211
    497 root     -51   0       0      0      0 S   0.0   0.0   0:00.00 irq/119-3230000
    498 root      20   0       0      0      0 S   0.0   0.0   0:00.00 spi1
    584 root       0 -20       0      0      0 I   0.0   0.0   0:00.00 btfwwork
    650 root      20   0    8236   6424   1432 S   0.0   0.1   0:00.73 haveged
    653 _rpc      20   0    7932   2264   1912 S   0.0   0.0   0:00.04 rpcbind
    659 systemd+  20   0   26320  13580   8496 S   0.0   0.2   0:00.55 systemd-resolve
    662 systemd+  20   0   88880   6332   5484 S   0.0   0.1   0:00.15 systemd-timesyn
    826 avahi     20   0    8084   3108   2752 S   0.0   0.0   0:00.70 avahi-daemon
    827 root      20   0    9888   4552   4112 S   0.0   0.1   0:00.07 bluetoothd
    828 message+  20   0   10496   5632   3584 S   0.0   0.1   0:47.54 dbus-daemon
    829 root      20   0  264848  18932  14872 S   0.0   0.2   0:43.19 NetworkManager
    838 root      20   0   43504  19780  10232 S   0.0   0.3   0:00.15 networkd-dispat
    849 root      20   0  241652   9056   6312 S   0.0   0.1   0:00.66 power-profiles-
    854 syslog    20   0  222160   5012   3672 S   0.0   0.1   0:05.85 rsyslogd
    859 root      20   0    2240    796    720 S   0.0   0.0   0:00.00 seatd
    867 root      20   0  242124   7452   6576 S   0.0   0.1   0:02.29 accounts-daemon
    869 root      20   0  238128   6232   5620 S   0.0   0.1   0:00.04 switcheroo-cont
    871 root      20   0   48968   7620   6296 S   0.0   0.1   0:04.04 systemd-logind
    874 root      20   0  394188  13988   9476 S   0.0   0.2   0:01.11 udisksd
    875 root      20   0   16632   9928   8148 S   0.0   0.1   0:01.36 wpa_supplicant
    882 avahi     20   0    7812    356      0 S   0.0   0.0   0:00.00 avahi-daemon
    921 root      30  10   11248   3612   3220 S   0.0   0.0   0:08.79 wifi_mon.sh
    983 root      20   0    2460   1556   1380 S   0.0   0.0   0:08.55 nvfancontrol
   1049 root      20   0       0      0      0 S   0.0   0.0   0:00.00 sw-quiesce
   1052 root      20   0       0      0      0 S   0.0   0.0   0:21.79 nvgpu_channel_p
   1068 root      20   0       0      0      0 S   0.0   0.0   0:00.00 nvgpu_pg_init_g
   1087 root      20   0       0      0      0 S   0.0   0.0   0:00.00 nvgpu_clk_arb_p
   1117 root      20   0       0      0      0 S   0.0   0.0   0:08.02 RTW_CMD_THREAD
   1157 root      20   0   75936   9960   8136 S   0.0   0.1   0:00.01 nvargus-daemon
   1158 root      20   0   11116   3520   3220 S   0.0   0.0   0:00.08 nvmemwarning.sh
   1171 root      20   0   22192   1776   1580 S   0.0   0.0   0:00.00 nvs-service
   1181 ollama    20   0 2006720  39588  20072 S   0.0   0.5   0:01.11 ollama
   1195 root      20   0    2336   1408   1292 S   0.0   0.0   0:01.96 run-cups-browse
   1201 root      20   0    2336   1424   1296 S   0.0   0.0   0:02.02 run-cupsd
   1204 root      20   0       0      0      0 S   0.0   0.0   0:00.00 pr/ramoops-1
   1239 root      20   0   10772   2824   2576 S   0.0   0.0   0:00.06 cron
   1259 root      20   0  243128   8056   7012 S   0.0   0.1   0:00.02 gdm3
   1263 kernoops  20   0   12812    452      0 S   0.0   0.0   0:00.02 kerneloops
   1290 root      20   0    9468    800    724 S   0.0   0.0   0:00.00 agetty
   1291 kernoops  20   0   12812    452      0 S   0.0   0.0   0:00.02 kerneloops
   1293 root      20   0    9468    804    724 S   0.0   0.0   0:00.00 agetty
   1330 root      20   0  173408   8804   7628 S   0.0   0.1   0:00.02 gdm-session-wor
   1417 root      20   0       0      0      0 S   0.0   0.0   0:00.00 file-storage
   1426 root      20   0   15272   8368   6788 S   0.0   0.1   0:00.81 sshd
   1474 gdm       20   0   18120   9728   7360 S   0.0   0.1   0:00.46 systemd
   1478 root      20   0    3076    992    880 S   0.0   0.0   0:00.00 nvphsd
   1483 root      20   0    3208   1476   1316 S   0.0   0.0   0:00.00 nvphsd
   1497 gdm       20   0  106692   4552      0 S   0.0   0.1   0:00.00 (sd-pam)
   1688 gdm        9 -11   41972   6476   5156 S   0.0   0.1   0:00.07 pipewire
   1689 gdm       20   0   25476   6428   5104 S   0.0   0.1   0:01.81 pipewire-media-
   1690 gdm        9 -11  891840  20748  12584 S   0.0   0.3   0:01.00 pulseaudio
   1695 gdm       20   0  163948   5472   4964 S   0.0   0.1   0:00.00 gdm-x-session
   1697 root      20   0   24.2g  80544  35884 S   0.0   1.0   0:02.25 Xorg
   1698 rtkit     21   1  153504   1588   1380 S   0.0   0.0   0:00.32 rtkit-daemon
   1729 gdm       20   0    8840   3600   3212 S   0.0   0.0   0:00.02 dbus-daemon
   1748 root      20   0       0      0      0 S   0.0   0.0   0:00.00 nvidia-modeset/
   1749 root      20   0       0      0      0 S   0.0   0.0   0:00.00 nvidia-modeset/
   1752 root      20   0       0      0      0 S   0.0   0.0   0:00.00 nvidia
   1753 root      20   0       0      0      0 S   0.0   0.0   0:00.00 nv_queue
   1790 root      20   0       0      0      0 S   0.0   0.0   0:00.00 nvidia-drm-nv-t
   1791 root     -51   0       0      0      0 S   0.0   0.0   0:00.00 card1-crtc0
   1792 root     -51   0       0      0      0 S   0.0   0.0   0:00.00 card1-crtc1
   1980 gdm       20   0    5876   1552   1344 S   0.0   0.0   0:00.00 dbus-run-sessio
   1983 gdm       20   0    9108   4440   3588 S   0.0   0.1   0:00.13 dbus-daemon
   2035 gdm       20   0  597840  17824  12972 S   0.0   0.2   0:01.11 gnome-session-b
   2057 gdm       20   0  310068   8976   6272 S   0.0   0.1   0:00.00 at-spi-bus-laun
   2062 gdm       20   0    8692   3556   3168 S   0.0   0.0   0:00.00 dbus-daemon
   2071 gdm       20   0 3471500 137268  73260 S   0.0   1.8   0:49.73 gnome-shell
   2092 gdm       20   0  237676   4964   4528 S   0.0   0.1   0:00.00 xdg-permission-
   2099 root      20   0  243852  10136   6984 S   0.0   0.1   0:00.52 upowerd
   2106 root      20   0  301608  19332  16408 S   0.0   0.2   0:01.74 packagekitd
   2110 gdm       20   0 2812288  25716  20860 S   0.0   0.3   0:00.08 gjs
   2113 gdm       20   0  163144   7196   6428 S   0.0   0.1   0:00.02 at-spi2-registr
   2141 gdm       20   0  468748   9856   7940 S   0.0   0.1   0:02.19 gsd-sharing
   2146 gdm       20   0  338880  14892  12620 S   0.0   0.2   0:00.06 gsd-wacom
   2148 gdm       20   0  451616  18896  16480 S   0.0   0.2   0:00.22 gsd-color
   2150 gdm       20   0  412392  17092  13292 S   0.0   0.2   0:00.04 gsd-keyboard
   2152 gdm       20   0  316864  13188   6244 S   0.0   0.2   0:00.10 ibus-daemon
   2156 gdm       20   0  326124   9848   8488 S   0.0   0.1   0:00.02 gsd-print-notif
   2166 gdm       20   0  242216   6512   5848 S   0.0   0.1   0:00.01 gvfsd
   2168 gdm       20   0  459796   6140   5436 S   0.0   0.1   0:00.64 gsd-rfkill
   2170 gdm       20   0  388312   7432   6528 S   0.0   0.1   0:00.01 gsd-smartcard
   2173 gdm       20   0  380556  16508  12504 S   0.0   0.2   0:00.03 gsd-datetime
   2183 gdm       20   0  864216  20108  17428 S   0.0   0.3   0:00.58 gsd-media-keys
   2184 gdm       20   0  237936   4760   4376 S   0.0   0.1   0:00.01 gsd-screensaver
   2185 gdm       20   0  322096  10392   7320 S   0.0   0.1   0:00.02 gsd-sound
   2186 gdm       20   0  312416   8104   5476 S   0.0   0.1   0:00.01 gsd-a11y-settin
   2193 gdm       20   0  313996   8944   6152 S   0.0   0.1   0:01.01 gsd-housekeepin
   2195 gdm       20   0  450004  20288  15904 S   0.0   0.3   0:00.58 gsd-power
   2218 gdm       20   0  347052  12608  10748 S   0.0   0.2   0:00.03 gsd-printer
   2221 gdm       20   0  239040   6576   5948 S   0.0   0.1   0:00.00 ibus-dconf
   2233 gdm       20   0  238936   5920   5488 S   0.0   0.1   0:00.00 ibus-portal
   2263 colord    20   0  247516  14492   8720 S   0.0   0.2   0:00.27 colord
   2285 gdm       20   0 2812300  27868  20904 S   0.0   0.4   0:00.09 gjs
   2349 gdm       20   0  165096   6516   5892 S   0.0   0.1   0:00.01 ibus-engine-sim
   2508 root      20   0  136716  13172   9512 S   0.0   0.2   0:00.73 cupsd
   2522 root      20   0  260792  17940  13508 S   0.0   0.2   0:01.73 cups-browsed
  11687 jetson    20   0   18140   9764   7368 S   0.0   0.1   0:00.37 systemd
  11688 jetson    20   0  172512   4632      0 S   0.0   0.1   0:00.00 (sd-pam)
  11696 jetson    20   0   41976   6552   5228 S   0.0   0.1   0:00.07 pipewire
  11697 jetson    20   0   25484   6724   5388 S   0.0   0.1   0:01.99 pipewire-media-
  11749 jetson    20   0    8888   4168   3672 S   0.0   0.1   0:00.03 dbus-daemon
  11931 jetson    20   0  707268  63144  26432 S   0.0   0.8   2:28.26 python3
  13234 jetson    20   0  203640  35476  13212 S   0.0   0.5   0:00.75 ros2
  13236 jetson    20   0 2070472  36080  17228 S   0.0   0.5   0:00.94 docker
  13238 jetson    20   0  428524  31584  15828 S   0.0   0.4   2:34.04 robot_state_pub
  13265 root      20   0 1232976  11204   5960 S   0.0   0.1   0:02.48 containerd-shim
  13294 root      20   0   49400  29204  14412 S   0.0   0.4   0:00.40 ros2
 284193 root      20   0       0      0      0 I   0.0   0.0   0:14.60 kworker/u12:3-events_freezable_power_
 407770 root      20   0       0      0      0 I   0.0   0.0   0:10.70 kworker/u12:9-events_unbound
 417230 root      20   0       0      0      0 I   0.0   0.0   0:09.08 kworker/u12:0-devfreq_wq
 418183 root       0 -20       0      0      0 I   0.0   0.0   0:16.43 kworker/u13:0-uvcvideo
 437586 root      20   0       0      0      0 I   0.0   0.0   0:07.73 kworker/u12:4-events_unbound
 465092 root      20   0  238836   6948   5700 S   0.0   0.1   0:01.42 iio-sensor-prox
 481530 root       0 -20       0      0      0 I   0.0   0.0   0:10.94 kworker/u13:3-uvcvideo
 494770 root      20   0 1233488  13052   6732 S   0.0   0.2   0:12.10 containerd-shim
 494799 jetson    20   0    5508    792    704 S   0.0   0.0   0:00.21 sleep
 494866 root      20   0   21760   5464   3940 S   0.0   0.1   0:04.81 systemd-udevd
 494879 root      20   0   21756   3352   1840 S   0.0   0.0   0:01.00 systemd-udevd
 513219 root      20   0   21752   3996   2468 S   0.0   0.1   0:00.00 systemd-udevd
 513220 root      20   0   21760   3388   1868 S   0.0   0.0   0:00.00 systemd-udevd
 513233 root      20   0   21760   3392   1868 S   0.0   0.0   0:00.00 systemd-udevd
 513234 root      20   0   21760   3356   1840 S   0.0   0.0   0:00.00 systemd-udevd
 513235 root      20   0   21760   3996   2468 S   0.0   0.1   0:00.01 systemd-udevd
 513236 root      20   0   21760   3384   1868 S   0.0   0.0   0:00.00 systemd-udevd
 513237 root      20   0   21760   4188   2660 S   0.0   0.1   0:00.00 systemd-udevd
 513251 root      20   0   21760   3840   2288 S   0.0   0.0   0:00.00 systemd-udevd
 513265 root      20   0   21760   4056   2496 S   0.0   0.1   0:00.01 systemd-udevd
 513266 root      20   0   21760   4052   2496 S   0.0   0.1   0:00.01 systemd-udevd
 538507 root      20   0       0      0      0 I   0.0   0.0   0:00.29 kworker/0:0-events
 562560 root      20   0       0      0      0 I   0.0   0.0   0:02.65 kworker/u12:1-events_unbound
 576600 root      20   0       0      0      0 I   0.0   0.0   0:00.40 kworker/3:0-events
 576909 root      20   0       0      0      0 I   0.0   0.0   0:00.08 kworker/4:1-events
 602672 root      20   0       0      0      0 I   0.0   0.0   0:00.14 kworker/1:3-events
 621531 root      20   0       0      0      0 I   0.0   0.0   0:00.11 kworker/5:2-events
 622272 root      20   0       0      0      0 I   0.0   0.0   0:01.24 kworker/u12:7-events_freezable_power_
 645581 root      20   0       0      0      0 I   0.0   0.0   0:00.04 kworker/1:2-events
 645980 root      20   0       0      0      0 I   0.0   0.0   0:00.07 kworker/5:0-events
 646577 jetson    20   0  572504  38828  13216 S   0.0   0.5   0:00.85 ros2
 646587 jetson    20   0 1082604  58700  26340 S   0.0   0.8   0:27.27 foxglove_bridge
 646880 jetson    20   0  129772  34676  13228 S   0.0   0.4   0:00.69 ros2
 647060 jetson    20   0   11248   3076   2756 S   0.0   0.0   0:00.40 bash
 647156 jetson    20   0   53568  30344  15012 S   0.0   0.4   0:00.41 ros2
 647161 root      20   0       0      0      0 I   0.0   0.0   0:00.00 kworker/3:1-events
 651818 root      20   0       0      0      0 I   0.0   0.0   0:00.05 kworker/4:0-mm_percpu_wq
 651861 root      20   0       0      0      0 I   0.0   0.0   0:00.00 kworker/2:0-events
 651906 root      20   0       0      0      0 I   0.0   0.0   0:00.00 kworker/0:2-events
 659922 root      20   0       0      0      0 I   0.0   0.0   0:00.26 kworker/u12:5-events_unbound
 660558 root      20   0       0      0      0 I   0.0   0.0   0:00.05 kworker/1:0-mm_percpu_wq
 660666 root       0 -20       0      0      0 I   0.0   0.0   0:01.46 kworker/u13:2-uvcvideo
 663616 root      20   0    9436    784    704 S   0.0   0.0   0:00.00 sleep
 670335 root      20   0       0      0      0 I   0.0   0.0   0:00.00 kworker/2:1-cgroup_destroy
 670336 root      20   0       0      0      0 I   0.0   0.0   0:00.00 kworker/2:2-cgroup_destroy
 670384 root      20   0       0      0      0 I   0.0   0.0   0:00.00 kworker/0:1
 670511 root      20   0       0      0      0 I   0.0   0.0   0:00.00 kworker/3:2-cgroup_destroy
 670512 root      20   0       0      0      0 I   0.0   0.0   0:00.00 kworker/3:3
 672581 root      20   0       0      0      0 I   0.0   0.0   0:00.02 kworker/5:1-mm_percpu_wq
 672816 jetson    20   0   11248   3308   2868 S   0.0   0.0   0:00.04 bash
 675134 root       0 -20       0      0      0 I   0.0   0.0   0:00.19 kworker/u13:4-uvcvideo
 675625 jetson    20   0   11248   3300   2868 S   0.0   0.0   0:00.01 bash
 675715 jetson    20   0    2872    884    788 S   0.0   0.0   0:00.06 tegrastats
 675913 jetson    20   0    9480    808    724 S   0.0   0.0   0:00.00 tail
 677117 root      30  10    9436    784    704 S   0.0   0.0   0:00.00 sleep
 677488 jetson    20   0    9444    788    704 S   0.0   0.0   0:00.00 sleep

top - 16:11:00 up  6:34,  0 users,  load average: 7.25, 6.66, 6.58
Tasks: 353 total,   2 running, 351 sleeping,   0 stopped,   0 zombie
%Cpu(s): 41.3 us,  9.9 sy,  0.0 ni, 44.4 id,  0.0 wa,  2.4 hi,  2.0 si,  0.0 st
MiB Mem :   7607.4 total,   2274.7 free,   2231.5 used,   3101.2 buff/cache
MiB Swap:   3803.7 total,   3803.7 free,      0.0 used.   5059.0 avail Mem 

    PID USER      PR  NI    VIRT    RES    SHR S  %CPU  %MEM     TIME+ COMMAND
 675912 jetson    20   0  753644  73708  29576 S  42.6   0.9   0:11.44 python3
 646802 jetson    20   0  709060  61196  27276 R  35.8   0.8   3:38.07 python3
 646999 jetson    20   0  963000  47908  23640 S  34.8   0.6   1:09.41 controller_serv
 675713 jetson    20   0  763620  54212  25376 S  23.0   0.7   0:07.51 ros2
 647181 jetson    20   0 9356228 409188  87560 S  16.7   5.3   1:38.62 nvblox_node
 647007 jetson    20   0  530840  46196  26216 S  16.2   0.6   1:01.57 bt_navigator
 646583 jetson    20   0  432976  25268  14224 S  15.7   0.3   1:39.76 rplidar_node
 646579 jetson    20   0 1748420 106700  51428 S  14.2   1.4   1:29.35 realsense2_came
 646882 jetson    20   0 1061852  55392  24360 S  12.7   0.7   0:28.14 async_slam_tool
 646804 jetson    20   0  506340  30844  18340 S  11.3   0.4   1:10.87 ekf_node
 647058 jetson    20   0  577528  31320  16252 S  10.3   0.4   1:06.91 lifecycle_manag
 646585 jetson    20   0  707980  61328  27448 S   9.8   0.8   0:57.53 python3
 647003 jetson    20   0 1070788  70412  24808 S   9.3   0.9   1:01.05 planner_server
 646997 jetson    20   0  709524  61896  27392 S   8.8   0.8   0:32.60 python3
 647005 jetson    20   0  516440  34888  21032 S   7.4   0.4   0:48.53 behavior_server
 647001 jetson    20   0  664640  33088  19416 S   6.4   0.4   0:41.43 smoother_server
 647025 jetson    20   0  431396  28940  17020 S   5.9   0.4   0:35.54 waypoint_follow
 647056 jetson    20   0  428696  29132  15944 S   5.9   0.4   0:34.93 velocity_smooth
  13320 root      20   0 1300496  44680  11392 S   4.9   0.6  32:33.45 micro_ros_agent
 646581 jetson    20   0  709380  64256  27276 S   3.4   0.8   0:31.28 python3
    904 root      rt   0       0      0      0 S   1.5   0.0   1:52.03 sugov:0
    909 root      rt   0       0      0      0 S   1.5   0.0   0:53.25 sugov:4
 591089 root       0 -20       0      0      0 I   1.0   0.0   0:04.35 kworker/u13:1-uvcvideo
 675714 jetson    20   0   14340   3384   2772 R   1.0   0.0   0:00.30 top
    340 root      20   0   23544   6732   4608 S   0.5   0.1   1:33.35 systemd-udevd
    865 root      20   0 2145956  51924  25772 S   0.5   0.7   0:37.98 snapd
   2071 gdm       20   0 3471500 137268  73260 S   0.5   1.8   0:49.74 gnome-shell
 494770 root      20   0 1233488  13052   6732 S   0.5   0.2   0:12.11 containerd-shim
 622272 root      20   0       0      0      0 I   0.5   0.0   0:01.25 kworker/u12:7-events_freezable_power_
 642140 root      20   0       0      0      0 I   0.5   0.0   0:00.99 kworker/u12:8-events_freezable_power_
 646995 jetson    20   0  796968  40104  13228 S   0.5   0.5   0:01.43 ros2
      1 root      20   0  167628  11768   7448 S   0.0   0.2   0:32.47 systemd
      2 root      20   0       0      0      0 S   0.0   0.0   0:00.03 kthreadd
      3 root       0 -20       0      0      0 I   0.0   0.0   0:00.00 rcu_gp
      4 root       0 -20       0      0      0 I   0.0   0.0   0:00.00 rcu_par_gp
      5 root       0 -20       0      0      0 I   0.0   0.0   0:00.00 slub_flushwq
      6 root       0 -20       0      0      0 I   0.0   0.0   0:00.00 netns
      8 root       0 -20       0      0      0 I   0.0   0.0   0:00.00 kworker/0:0H-events_highpri
     10 root       0 -20       0      0      0 I   0.0   0.0   0:00.00 mm_percpu_wq
     11 root      20   0       0      0      0 S   0.0   0.0   0:00.00 rcu_tasks_kthre
     12 root      20   0       0      0      0 S   0.0   0.0   0:00.00 rcu_tasks_rude_
     13 root      20   0       0      0      0 S   0.0   0.0   0:00.00 rcu_tasks_trace
     14 root      20   0       0      0      0 S   0.0   0.0   0:23.71 ksoftirqd/0
     15 root      20   0       0      0      0 I   0.0   0.0   0:10.49 rcu_preempt
     16 root      rt   0       0      0      0 S   0.0   0.0   0:00.03 migration/0
     17 root      20   0       0      0      0 S   0.0   0.0   0:00.00 cpuhp/0
     18 root      20   0       0      0      0 S   0.0   0.0   0:00.00 cpuhp/1
     19 root      rt   0       0      0      0 S   0.0   0.0   0:00.03 migration/1
     20 root      20   0       0      0      0 S   0.0   0.0   0:01.73 ksoftirqd/1
     22 root       0 -20       0      0      0 I   0.0   0.0   0:00.00 kworker/1:0H-events_highpri
     23 root      20   0       0      0      0 S   0.0   0.0   0:00.00 cpuhp/2
     24 root      rt   0       0      0      0 S   0.0   0.0   0:00.02 migration/2
     25 root      20   0       0      0      0 S   0.0   0.0   0:01.74 ksoftirqd/2
     27 root       0 -20       0      0      0 I   0.0   0.0   0:00.00 kworker/2:0H-events_highpri
     28 root      20   0       0      0      0 S   0.0   0.0   0:00.00 cpuhp/3
     29 root      rt   0       0      0      0 S   0.0   0.0   0:00.02 migration/3
     30 root      20   0       0      0      0 S   0.0   0.0   0:01.63 ksoftirqd/3
     32 root       0 -20       0      0      0 I   0.0   0.0   0:00.00 kworker/3:0H-events_highpri
     33 root      20   0       0      0      0 S   0.0   0.0   0:00.00 cpuhp/4
     34 root      rt   0       0      0      0 S   0.0   0.0   0:00.07 migration/4
     35 root      20   0       0      0      0 S   0.0   0.0   0:01.22 ksoftirqd/4
     37 root       0 -20       0      0      0 I   0.0   0.0   0:00.00 kworker/4:0H-kblockd
     38 root      20   0       0      0      0 S   0.0   0.0   0:00.00 cpuhp/5
     39 root      rt   0       0      0      0 S   0.0   0.0   0:00.07 migration/5
     40 root      20   0       0      0      0 S   0.0   0.0   0:01.29 ksoftirqd/5
     42 root       0 -20       0      0      0 I   0.0   0.0   0:00.00 kworker/5:0H-events_highpri
     43 root      20   0       0      0      0 S   0.0   0.0   0:00.01 kdevtmpfs
     44 root       0 -20       0      0      0 I   0.0   0.0   0:00.00 inet_frag_wq
     51 root      20   0       0      0      0 S   0.0   0.0   0:00.00 kauditd
     52 root      20   0       0      0      0 S   0.0   0.0   0:00.00 oom_reaper
     53 root       0 -20       0      0      0 I   0.0   0.0   0:00.00 writeback
     54 root      20   0       0      0      0 S   0.0   0.0   0:00.19 kcompactd0
     55 root      25   5       0      0      0 S   0.0   0.0   0:00.00 ksmd
     56 root      39  19       0      0      0 S   0.0   0.0   0:02.11 khugepaged
     67 root       0 -20       0      0      0 I   0.0   0.0   0:00.00 cryptd
     86 root       0 -20       0      0      0 I   0.0   0.0   0:00.00 kintegrityd
     87 root       0 -20       0      0      0 I   0.0   0.0   0:00.00 kblockd
     88 root       0 -20       0      0      0 I   0.0   0.0   0:00.00 blkcg_punt_bio
     89 root       0 -20       0      0      0 I   0.0   0.0   0:00.00 tpm_dev_wq
     90 root       0 -20       0      0      0 I   0.0   0.0   0:00.00 ata_sff
     91 root       0 -20       0      0      0 I   0.0   0.0   0:00.00 edac-poller
     92 root       0 -20       0      0      0 I   0.0   0.0   0:00.00 devfreq_wq
     93 root     -51   0       0      0      0 S   0.0   0.0   0:00.00 watchdogd
     96 root       0 -20       0      0      0 I   0.0   0.0   0:00.06 kworker/1:1H-kblockd
     97 root       0 -20       0      0      0 I   0.0   0.0   0:00.00 rpciod
     99 root       0 -20       0      0      0 I   0.0   0.0   0:00.00 xprtiod
    127 root      20   0       0      0      0 S   0.0   0.0   0:00.00 kswapd0
    128 root       0 -20       0      0      0 I   0.0   0.0   0:00.00 nfsiod
    132 root       0 -20       0      0      0 I   0.0   0.0   0:00.00 vfio-irqfd-clea
    133 root       0 -20       0      0      0 I   0.0   0.0   0:00.00 bch_btree_io
    134 root       0 -20       0      0      0 I   0.0   0.0   0:00.00 bcache
    135 root       0 -20       0      0      0 I   0.0   0.0   0:00.00 bch_journal
    136 root       0 -20       0      0      0 I   0.0   0.0   0:00.00 dm_bufio_cache
    139 root      20   0       0      0      0 I   0.0   0.0   0:01.99 kworker/2:3-mm_percpu_wq
    140 root      10 -10       0      0      0 S   0.0   0.0   0:00.00 krfcommd
    141 root      20   0       0      0      0 S   0.0   0.0   0:00.01 pr/tty0
    142 root      20   0       0      0      0 S   0.0   0.0   0:03.11 pr/ttyTCU0
    145 root     -51   0       0      0      0 S   0.0   0.0   0:00.00 irq/114-3160000
    147 root     -51   0       0      0      0 S   0.0   0.0   0:00.00 irq/115-3180000
    149 root     -51   0       0      0      0 S   0.0   0.0   0:00.00 irq/116-31b0000
    150 root     -51   0       0      0      0 S   0.0   0.0   0:00.03 irq/167-c240000
    151 root     -51   0       0      0      0 S   0.0   0.0   0:00.00 irq/168-c250000
    152 root     -51   0       0      0      0 S   0.0   0.0   0:00.00 irq/125-3610000
    153 root     -51   0       0      0      0 S   0.0   0.0   0:00.00 irq/122-3610000
    155 root       0 -20       0      0      0 I   0.0   0.0   0:00.00 sdhci
    156 root     -51   0       0      0      0 S   0.0   0.0   0:00.00 irq/120-mmc0
    157 root     -51   0       0      0      0 S   0.0   0.0   0:00.00 irq/230-3400000
    174 root       0 -20       0      0      0 I   0.0   0.0   0:00.06 kworker/3:1H-kblockd
    180 root     -51   0       0      0      0 S   0.0   0.0   0:00.00 irq/191-tegra-p
    181 root       0 -20       0      0      0 I   0.0   0.0   0:00.00 nvme-wq
    182 root       0 -20       0      0      0 I   0.0   0.0   0:00.00 nvme-reset-wq
    183 root       0 -20       0      0      0 I   0.0   0.0   0:00.00 nvme-delete-wq
    192 root     -51   0       0      0      0 S   0.0   0.0   0:00.00 irq/191-aerdrv
    193 root     -51   0       0      0      0 S   0.0   0.0   0:00.00 irq/193-tegra-p
    196 root     -51   0       0      0      0 S   0.0   0.0   0:00.00 irq/193-aerdrv
    197 root     -51   0       0      0      0 S   0.0   0.0   0:00.00 irq/195-tegra-p
    199 root     -51   0       0      0      0 S   0.0   0.0   0:00.00 irq/232-nvme0q0
    200 root     -51   0       0      0      0 S   0.0   0.0   0:00.38 irq/233-nvme0q1
    201 root     -51   0       0      0      0 S   0.0   0.0   0:00.42 irq/234-nvme0q2
    202 root     -51   0       0      0      0 S   0.0   0.0   0:00.54 irq/235-nvme0q3
    203 root     -51   0       0      0      0 S   0.0   0.0   0:00.66 irq/236-nvme0q4
    204 root     -51   0       0      0      0 S   0.0   0.0   0:00.16 irq/237-nvme0q5
    205 root     -51   0       0      0      0 S   0.0   0.0   0:00.13 irq/238-nvme0q6
    211 root       0 -20       0      0      0 I   0.0   0.0   0:00.07 kworker/4:1H-kblockd
    212 root      20   0       0      0      0 S   0.0   0.0   0:01.51 jbd2/nvme0n1p1-
    213 root       0 -20       0      0      0 I   0.0   0.0   0:00.00 ext4-rsv-conver
    222 root       0 -20       0      0      0 I   0.0   0.0   0:00.00 mld
    223 root       0 -20       0      0      0 I   0.0   0.0   0:00.04 kworker/0:1H-kblockd
    224 root       0 -20       0      0      0 I   0.0   0.0   0:00.00 ipv6_addrconf
    256 root      19  -1   76560  40448  38820 S   0.0   0.5   0:30.53 systemd-journal
    278 root       0 -20       0      0      0 I   0.0   0.0   0:00.08 kworker/2:1H-kblockd
    280 root      39  19       0      0      0 S   0.0   0.0   0:01.71 nvmap-bz
    281 root     -51   0       0      0      0 S   0.0   0.0   0:00.00 irq/188-host1x_
    285 root     -51   0       0      0      0 S   0.0   0.0   0:00.00 irq/197-gk20a_s
    286 root     -51   0       0      0      0 S   0.0   0.0   0:00.03 irq/198-gk20a_s
    287 root     -51   0       0      0      0 S   0.0   0.0   0:00.03 irq/199-gk20a_s
    288 root     -51   0       0      0      0 S   0.0   0.0   0:00.00 irq/200-gk20a_n
    291 root       0 -20       0      0      0 I   0.0   0.0   0:00.06 kworker/5:1H-kblockd
    295 root      20   0   11116   3460   3204 S   0.0   0.0   0:00.00 nv-tee-supplica
    299 root      20   0   76588   1360   1248 S   0.0   0.0   0:00.01 tee-supplicant
    301 root       0 -20       0      0      0 I   0.0   0.0   0:00.00 optee_bus_scan
    303 root     -51   0       0      0      0 S   0.0   0.0   0:00.00 irq/189-tegra-p
    312 root      20   0   23732   6316   4080 S   0.0   0.1   0:27.85 systemd-udevd
    313 root     -51   0       0      0      0 S   0.0   0.0   0:00.00 irq/189-aerdrv
    314 root      20   0   23216   5832   3992 S   0.0   0.1   0:00.41 systemd-udevd
    315 root      20   0   23216   5020   3248 S   0.0   0.1   0:00.15 systemd-udevd
    316 root      20   0   23268   6252   4316 S   0.0   0.1   0:00.16 systemd-udevd
    317 root      20   0   23220   4364   2600 S   0.0   0.1   0:00.11 systemd-udevd
    318 root      20   0   23216   4480   2672 S   0.0   0.1   0:00.12 systemd-udevd
    319 root      20   0   23212   5820   3980 S   0.0   0.1   0:00.29 systemd-udevd
    320 root      20   0   23264   4688   2764 S   0.0   0.1   0:00.13 systemd-udevd
    321 root      20   0   23268   5072   3136 S   0.0   0.1   0:00.18 systemd-udevd
    322 root      20   0   23524   5520   3456 S   0.0   0.1   0:00.27 systemd-udevd
    323 root      20   0   23216   6304   4444 S   0.0   0.1   0:00.42 systemd-udevd
    324 root      20   0   23220   5196   3388 S   0.0   0.1   0:00.16 systemd-udevd
    325 root      20   0   23220   5820   3976 S   0.0   0.1   0:00.41 systemd-udevd
    326 root      20   0   23220   5256   3388 S   0.0   0.1   0:00.45 systemd-udevd
    327 root      20   0   23220   5504   3684 S   0.0   0.1   0:00.18 systemd-udevd
    330 root      20   0   23512   5728   3684 S   0.0   0.1   0:00.14 systemd-udevd
    331 root      20   0   24292   5540   2676 S   0.0   0.1   0:00.16 systemd-udevd
    333 root      20   0   23524   5596   3532 S   0.0   0.1   0:00.28 systemd-udevd
    334 root      20   0   23220   5584   3740 S   0.0   0.1   0:00.27 systemd-udevd
    335 root      20   0   23220   4504   2708 S   0.0   0.1   0:00.11 systemd-udevd
    336 root      20   0   23220   4696   2892 S   0.0   0.1   0:00.14 systemd-udevd
    337 root      20   0   23524   5056   2992 S   0.0   0.1   0:00.16 systemd-udevd
    339 root      20   0   23220   4980   3148 S   0.0   0.1   0:00.17 systemd-udevd
    341 root      20   0   23276   5328   3384 S   0.0   0.1   0:00.13 systemd-udevd
    342 root      20   0   23280   5176   3228 S   0.0   0.1   0:00.13 systemd-udevd
    343 root      20   0   23220   5988   4152 S   0.0   0.1   0:00.33 systemd-udevd
    344 root      20   0   23560   6700   4596 S   0.0   0.1   0:00.58 systemd-udevd
    345 root      20   0       0      0      0 S   0.0   0.0   0:00.00 15820000.crypto
    346 root      20   0       0      0      0 S   0.0   0.0   0:00.00 15840000.crypto
    368 root      20   0   23324   5984   4116 S   0.0   0.1   0:00.46 systemd-udevd
    417 root     -51   0       0      0      0 S   0.0   0.0   0:00.00 irq/219-bc00000
    419 root      -2   0       0      0      0 S   0.0   0.0   0:00.00 capture-control
    420 root      -2   0       0      0      0 S   0.0   0.0   0:00.00 capture
    422 root     -51   0       0      0      0 S   0.0   0.0   0:00.00 irq/214-tegra_d
    423 root     -51   0       0      0      0 S   0.0   0.0   0:00.00 irq/215-tegra_d
    424 root       0 -20       0      0      0 I   0.0   0.0   0:00.00 dce-async-ipc-w
    425 root     -51   0       0      0      0 S   0.0   0.0   0:00.00 irq/240-nvvrs-p
    427 root      20   0       0      0      0 S   0.0   0.0   0:00.00 nv_queue
    428 root      20   0       0      0      0 S   0.0   0.0   0:00.00 nv_queue
    483 root     -51   0       0      0      0 S   0.0   0.0   0:00.00 irq/118-3210000
    487 root      20   0       0      0      0 S   0.0   0.0   0:00.00 spi0
    495 root       0 -20       0      0      0 I   0.0   0.0   0:00.00 cfg80211
    497 root     -51   0       0      0      0 S   0.0   0.0   0:00.00 irq/119-3230000
    498 root      20   0       0      0      0 S   0.0   0.0   0:00.00 spi1
    584 root       0 -20       0      0      0 I   0.0   0.0   0:00.00 btfwwork
    650 root      20   0    8236   6424   1432 S   0.0   0.1   0:00.73 haveged
    653 _rpc      20   0    7932   2264   1912 S   0.0   0.0   0:00.04 rpcbind
    659 systemd+  20   0   26320  13580   8496 S   0.0   0.2   0:00.55 systemd-resolve
    662 systemd+  20   0   88880   6332   5484 S   0.0   0.1   0:00.15 systemd-timesyn
    826 avahi     20   0    8084   3108   2752 S   0.0   0.0   0:00.70 avahi-daemon
    827 root      20   0    9888   4552   4112 S   0.0   0.1   0:00.07 bluetoothd
    828 message+  20   0   10496   5632   3584 S   0.0   0.1   0:47.54 dbus-daemon
    829 root      20   0  264848  18932  14872 S   0.0   0.2   0:43.19 NetworkManager
    838 root      20   0   43504  19780  10232 S   0.0   0.3   0:00.15 networkd-dispat
    849 root      20   0  241652   9056   6312 S   0.0   0.1   0:00.66 power-profiles-
    854 syslog    20   0  222160   5012   3672 S   0.0   0.1   0:05.85 rsyslogd
    859 root      20   0    2240    796    720 S   0.0   0.0   0:00.00 seatd
    867 root      20   0  242124   7452   6576 S   0.0   0.1   0:02.29 accounts-daemon
    869 root      20   0  238128   6232   5620 S   0.0   0.1   0:00.04 switcheroo-cont
    871 root      20   0   48968   7620   6296 S   0.0   0.1   0:04.04 systemd-logind
    874 root      20   0  394188  13988   9476 S   0.0   0.2   0:01.11 udisksd
    875 root      20   0   16632   9928   8148 S   0.0   0.1   0:01.36 wpa_supplicant
    882 avahi     20   0    7812    356      0 S   0.0   0.0   0:00.00 avahi-daemon
    921 root      30  10   11248   3612   3220 S   0.0   0.0   0:08.79 wifi_mon.sh
    969 root      20   0  237044  10468   6400 S   0.0   0.1   3:28.38 polkitd
    983 root      20   0    2460   1556   1380 S   0.0   0.0   0:08.55 nvfancontrol
   1049 root      20   0       0      0      0 S   0.0   0.0   0:00.00 sw-quiesce
   1052 root      20   0       0      0      0 S   0.0   0.0   0:21.79 nvgpu_channel_p
   1068 root      20   0       0      0      0 S   0.0   0.0   0:00.00 nvgpu_pg_init_g
   1087 root      20   0       0      0      0 S   0.0   0.0   0:00.00 nvgpu_clk_arb_p
   1117 root      20   0       0      0      0 S   0.0   0.0   0:08.02 RTW_CMD_THREAD
   1157 root      20   0   75936   9960   8136 S   0.0   0.1   0:00.01 nvargus-daemon
   1158 root      20   0   11116   3520   3220 S   0.0   0.0   0:00.08 nvmemwarning.sh
   1171 root      20   0   22192   1776   1580 S   0.0   0.0   0:00.00 nvs-service
   1181 ollama    20   0 2006720  39588  20072 S   0.0   0.5   0:01.11 ollama
   1195 root      20   0    2336   1408   1292 S   0.0   0.0   0:01.96 run-cups-browse
   1201 root      20   0    2336   1424   1296 S   0.0   0.0   0:02.02 run-cupsd
   1204 root      20   0       0      0      0 S   0.0   0.0   0:00.00 pr/ramoops-1
   1212 root      20   0 2093336  74476  33976 S   0.0   1.0   0:42.52 containerd
   1239 root      20   0   10772   2824   2576 S   0.0   0.0   0:00.06 cron
   1259 root      20   0  243128   8056   7012 S   0.0   0.1   0:00.02 gdm3
   1263 kernoops  20   0   12812    452      0 S   0.0   0.0   0:00.02 kerneloops
   1290 root      20   0    9468    800    724 S   0.0   0.0   0:00.00 agetty
   1291 kernoops  20   0   12812    452      0 S   0.0   0.0   0:00.02 kerneloops
   1293 root      20   0    9468    804    724 S   0.0   0.0   0:00.00 agetty
   1330 root      20   0  173408   8804   7628 S   0.0   0.1   0:00.02 gdm-session-wor
   1417 root      20   0       0      0      0 S   0.0   0.0   0:00.00 file-storage
   1426 root      20   0   15272   8368   6788 S   0.0   0.1   0:00.81 sshd
   1474 gdm       20   0   18120   9728   7360 S   0.0   0.1   0:00.46 systemd
   1478 root      20   0    3076    992    880 S   0.0   0.0   0:00.00 nvphsd
   1483 root      20   0    3208   1476   1316 S   0.0   0.0   0:00.00 nvphsd
   1497 gdm       20   0  106692   4552      0 S   0.0   0.1   0:00.00 (sd-pam)
   1588 root      20   0 2353004 113512  57032 S   0.0   1.5   0:32.44 dockerd
   1688 gdm        9 -11   41972   6476   5156 S   0.0   0.1   0:00.07 pipewire
   1689 gdm       20   0   25476   6428   5104 S   0.0   0.1   0:01.81 pipewire-media-
   1690 gdm        9 -11  891840  20748  12584 S   0.0   0.3   0:01.00 pulseaudio
   1695 gdm       20   0  163948   5472   4964 S   0.0   0.1   0:00.00 gdm-x-session
   1697 root      20   0   24.2g  80544  35884 S   0.0   1.0   0:02.25 Xorg
   1698 rtkit     21   1  153504   1588   1380 S   0.0   0.0   0:00.32 rtkit-daemon
   1729 gdm       20   0    8840   3600   3212 S   0.0   0.0   0:00.02 dbus-daemon
   1748 root      20   0       0      0      0 S   0.0   0.0   0:00.00 nvidia-modeset/
   1749 root      20   0       0      0      0 S   0.0   0.0   0:00.00 nvidia-modeset/
   1752 root      20   0       0      0      0 S   0.0   0.0   0:00.00 nvidia
   1753 root      20   0       0      0      0 S   0.0   0.0   0:00.00 nv_queue
   1790 root      20   0       0      0      0 S   0.0   0.0   0:00.00 nvidia-drm-nv-t
   1791 root     -51   0       0      0      0 S   0.0   0.0   0:00.00 card1-crtc0
   1792 root     -51   0       0      0      0 S   0.0   0.0   0:00.00 card1-crtc1
   1980 gdm       20   0    5876   1552   1344 S   0.0   0.0   0:00.00 dbus-run-sessio
   1983 gdm       20   0    9108   4440   3588 S   0.0   0.1   0:00.13 dbus-daemon
   2035 gdm       20   0  597840  17824  12972 S   0.0   0.2   0:01.11 gnome-session-b
   2057 gdm       20   0  310068   8976   6272 S   0.0   0.1   0:00.00 at-spi-bus-laun
   2062 gdm       20   0    8692   3556   3168 S   0.0   0.0   0:00.00 dbus-daemon
   2092 gdm       20   0  237676   4964   4528 S   0.0   0.1   0:00.00 xdg-permission-
   2099 root      20   0  243852  10136   6984 S   0.0   0.1   0:00.52 upowerd
   2106 root      20   0  301608  19332  16408 S   0.0   0.2   0:01.74 packagekitd
   2110 gdm       20   0 2812288  25716  20860 S   0.0   0.3   0:00.08 gjs
   2113 gdm       20   0  163144   7196   6428 S   0.0   0.1   0:00.02 at-spi2-registr
   2141 gdm       20   0  468748   9856   7940 S   0.0   0.1   0:02.19 gsd-sharing
   2146 gdm       20   0  338880  14892  12620 S   0.0   0.2   0:00.06 gsd-wacom
   2148 gdm       20   0  451616  18896  16480 S   0.0   0.2   0:00.22 gsd-color
   2150 gdm       20   0  412392  17092  13292 S   0.0   0.2   0:00.04 gsd-keyboard
   2152 gdm       20   0  316864  13188   6244 S   0.0   0.2   0:00.10 ibus-daemon
   2156 gdm       20   0  326124   9848   8488 S   0.0   0.1   0:00.02 gsd-print-notif
   2166 gdm       20   0  242216   6512   5848 S   0.0   0.1   0:00.01 gvfsd
   2168 gdm       20   0  459796   6140   5436 S   0.0   0.1   0:00.64 gsd-rfkill
   2170 gdm       20   0  388312   7432   6528 S   0.0   0.1   0:00.01 gsd-smartcard
   2173 gdm       20   0  380556  16508  12504 S   0.0   0.2   0:00.03 gsd-datetime
   2183 gdm       20   0  864216  20108  17428 S   0.0   0.3   0:00.58 gsd-media-keys
   2184 gdm       20   0  237936   4760   4376 S   0.0   0.1   0:00.01 gsd-screensaver
   2185 gdm       20   0  322096  10392   7320 S   0.0   0.1   0:00.02 gsd-sound
   2186 gdm       20   0  312416   8104   5476 S   0.0   0.1   0:00.01 gsd-a11y-settin
   2193 gdm       20   0  313996   8944   6152 S   0.0   0.1   0:01.01 gsd-housekeepin
   2195 gdm       20   0  450004  20288  15904 S   0.0   0.3   0:00.58 gsd-power
   2218 gdm       20   0  347052  12608  10748 S   0.0   0.2   0:00.03 gsd-printer
   2221 gdm       20   0  239040   6576   5948 S   0.0   0.1   0:00.00 ibus-dconf
   2233 gdm       20   0  238936   5920   5488 S   0.0   0.1   0:00.00 ibus-portal
   2263 colord    20   0  247516  14492   8720 S   0.0   0.2   0:00.27 colord
   2285 gdm       20   0 2812300  27868  20904 S   0.0   0.4   0:00.09 gjs
   2349 gdm       20   0  165096   6516   5892 S   0.0   0.1   0:00.01 ibus-engine-sim
   2508 root      20   0  136716  13172   9512 S   0.0   0.2   0:00.73 cupsd
   2522 root      20   0  260792  17940  13508 S   0.0   0.2   0:01.73 cups-browsed
  11687 jetson    20   0   18140   9764   7368 S   0.0   0.1   0:00.37 systemd
  11688 jetson    20   0  172512   4632      0 S   0.0   0.1   0:00.00 (sd-pam)
  11696 jetson    20   0   41976   6552   5228 S   0.0   0.1   0:00.07 pipewire
  11697 jetson    20   0   25484   6724   5388 S   0.0   0.1   0:01.99 pipewire-media-
  11749 jetson    20   0    8888   4168   3672 S   0.0   0.1   0:00.03 dbus-daemon
  11931 jetson    20   0  707268  63144  26432 S   0.0   0.8   2:28.26 python3
  13234 jetson    20   0  203640  35476  13212 S   0.0   0.5   0:00.75 ros2
  13236 jetson    20   0 2070472  36080  17228 S   0.0   0.5   0:00.94 docker
  13238 jetson    20   0  428524  31584  15828 S   0.0   0.4   2:34.04 robot_state_pub
  13265 root      20   0 1232976  11204   5960 S   0.0   0.1   0:02.48 containerd-shim
  13294 root      20   0   49400  29204  14412 S   0.0   0.4   0:00.40 ros2
 100141 root      20   0       0      0      0 I   0.0   0.0   0:23.71 kworker/u12:6-events_unbound
 284193 root      20   0       0      0      0 I   0.0   0.0   0:14.60 kworker/u12:3-events_unbound
 407770 root      20   0       0      0      0 I   0.0   0.0   0:10.70 kworker/u12:9-events_freezable_power_
 417230 root      20   0       0      0      0 I   0.0   0.0   0:09.08 kworker/u12:0-devfreq_wq
 418183 root       0 -20       0      0      0 I   0.0   0.0   0:16.43 kworker/u13:0-uvcvideo
 437586 root      20   0       0      0      0 I   0.0   0.0   0:07.73 kworker/u12:4-events_unbound
 465092 root      20   0  238836   6948   5700 S   0.0   0.1   0:01.42 iio-sensor-prox
 481530 root       0 -20       0      0      0 I   0.0   0.0   0:10.94 kworker/u13:3-uvcvideo
 494799 jetson    20   0    5508    792    704 S   0.0   0.0   0:00.21 sleep
 494866 root      20   0   21760   5464   3940 S   0.0   0.1   0:04.81 systemd-udevd
 494879 root      20   0   21756   3352   1840 S   0.0   0.0   0:01.00 systemd-udevd
 513219 root      20   0   21752   3996   2468 S   0.0   0.1   0:00.00 systemd-udevd
 513220 root      20   0   21760   3388   1868 S   0.0   0.0   0:00.00 systemd-udevd
 513233 root      20   0   21760   3392   1868 S   0.0   0.0   0:00.00 systemd-udevd
 513234 root      20   0   21760   3356   1840 S   0.0   0.0   0:00.00 systemd-udevd
 513235 root      20   0   21760   3996   2468 S   0.0   0.1   0:00.01 systemd-udevd
 513236 root      20   0   21760   3384   1868 S   0.0   0.0   0:00.00 systemd-udevd
 513237 root      20   0   21760   4188   2660 S   0.0   0.1   0:00.00 systemd-udevd
 513250 root      20   0   21760   4432   2868 S   0.0   0.1   0:08.46 systemd-udevd
 513251 root      20   0   21760   3840   2288 S   0.0   0.0   0:00.00 systemd-udevd
 513265 root      20   0   21760   4056   2496 S   0.0   0.1   0:00.01 systemd-udevd
 513266 root      20   0   21760   4052   2496 S   0.0   0.1   0:00.01 systemd-udevd
 538507 root      20   0       0      0      0 I   0.0   0.0   0:00.29 kworker/0:0-events
 562560 root      20   0       0      0      0 I   0.0   0.0   0:02.65 kworker/u12:1-events_unbound
 576600 root      20   0       0      0      0 I   0.0   0.0   0:00.40 kworker/3:0-events
 576909 root      20   0       0      0      0 I   0.0   0.0   0:00.08 kworker/4:1-events
 582730 root      20   0       0      0      0 I   0.0   0.0   0:02.45 kworker/u12:2-events_freezable_power_
 589172 root      20   0       0      0      0 I   0.0   0.0   0:02.18 kworker/u12:10-events_unbound
 602672 root      20   0       0      0      0 I   0.0   0.0   0:00.14 kworker/1:3-events
 621531 root      20   0       0      0      0 I   0.0   0.0   0:00.11 kworker/5:2-events
 645581 root      20   0       0      0      0 I   0.0   0.0   0:00.04 kworker/1:2-events
 645980 root      20   0       0      0      0 I   0.0   0.0   0:00.07 kworker/5:0-events
 646577 jetson    20   0  572504  38828  13216 S   0.0   0.5   0:00.85 ros2
 646587 jetson    20   0 1082604  58700  26340 S   0.0   0.8   0:27.27 foxglove_bridge
 646880 jetson    20   0  129772  34676  13228 S   0.0   0.4   0:00.69 ros2
 647060 jetson    20   0   11248   3076   2756 S   0.0   0.0   0:00.40 bash
 647156 jetson    20   0   53568  30344  15012 S   0.0   0.4   0:00.41 ros2
 647161 root      20   0       0      0      0 I   0.0   0.0   0:00.00 kworker/3:1-events
 651818 root      20   0       0      0      0 I   0.0   0.0   0:00.05 kworker/4:0-mm_percpu_wq
 651861 root      20   0       0      0      0 I   0.0   0.0   0:00.00 kworker/2:0-events
 651906 root      20   0       0      0      0 I   0.0   0.0   0:00.00 kworker/0:2-events
 659922 root      20   0       0      0      0 I   0.0   0.0   0:00.26 kworker/u12:5-events_unbound
 660558 root      20   0       0      0      0 I   0.0   0.0   0:00.05 kworker/1:0-events
 660666 root       0 -20       0      0      0 I   0.0   0.0   0:01.46 kworker/u13:2-uvcvideo
 663616 root      20   0    9436    784    704 S   0.0   0.0   0:00.00 sleep
 670335 root      20   0       0      0      0 I   0.0   0.0   0:00.00 kworker/2:1-cgroup_destroy
 670336 root      20   0       0      0      0 I   0.0   0.0   0:00.00 kworker/2:2-cgroup_destroy
 670384 root      20   0       0      0      0 I   0.0   0.0   0:00.00 kworker/0:1
 670511 root      20   0       0      0      0 I   0.0   0.0   0:00.00 kworker/3:2-cgroup_destroy
 670512 root      20   0       0      0      0 I   0.0   0.0   0:00.00 kworker/3:3
 672581 root      20   0       0      0      0 I   0.0   0.0   0:00.02 kworker/5:1-mm_percpu_wq
 672816 jetson    20   0   11248   3308   2868 S   0.0   0.0   0:00.04 bash
 675134 root       0 -20       0      0      0 I   0.0   0.0   0:00.19 kworker/u13:4-uvcvideo
 675625 jetson    20   0   11248   3300   2868 S   0.0   0.0   0:00.01 bash
 675715 jetson    20   0    2872    884    788 S   0.0   0.0   0:00.06 tegrastats
 675913 jetson    20   0    9480    808    724 S   0.0   0.0   0:00.00 tail
 677117 root      30  10    9436    784    704 S   0.0   0.0   0:00.00 sleep
 677603 jetson    20   0    9444    780    696 S   0.0   0.0   0:00.00 sleep

top - 16:11:02 up  6:34,  0 users,  load average: 7.25, 6.66, 6.58
Tasks: 353 total,   3 running, 350 sleeping,   0 stopped,   0 zombie
%Cpu(s): 43.5 us, 11.2 sy,  0.0 ni, 40.9 id,  0.0 wa,  2.3 hi,  2.0 si,  0.0 st
MiB Mem :   7607.4 total,   2267.0 free,   2234.9 used,   3105.5 buff/cache
MiB Swap:   3803.7 total,   3803.7 free,      0.0 used.   5055.5 avail Mem 

    PID USER      PR  NI    VIRT    RES    SHR S  %CPU  %MEM     TIME+ COMMAND
 675912 jetson    20   0  753508  73696  29576 R  40.7   0.9   0:12.27 python3
 646802 jetson    20   0  709060  61196  27276 R  34.8   0.8   3:38.78 python3
 646999 jetson    20   0  963000  47908  23640 S  28.9   0.6   1:10.00 controller_serv
 675713 jetson    20   0  763620  54212  25376 S  22.1   0.7   0:07.96 ros2
 647007 jetson    20   0  530840  46196  26216 S  15.7   0.6   1:01.89 bt_navigator
 647181 jetson    20   0 9356228 409180  87560 S  15.7   5.3   1:38.94 nvblox_node
    969 root      20   0  237044  10468   6400 S  14.2   0.1   3:28.67 polkitd
 646583 jetson    20   0  432976  25268  14224 S  13.7   0.3   1:40.04 rplidar_node
 646579 jetson    20   0 1748420 106700  51428 S  12.7   1.4   1:29.61 realsense2_came
 646882 jetson    20   0 1061852  55392  24360 S  12.3   0.7   0:28.39 async_slam_tool
 646804 jetson    20   0  506340  30844  18340 S  11.3   0.4   1:11.10 ekf_node
 647058 jetson    20   0  577528  31320  16252 S  10.3   0.4   1:07.12 lifecycle_manag
 646997 jetson    20   0  709524  61896  27392 S   9.8   0.8   0:32.80 python3
 647003 jetson    20   0 1070788  70412  24808 S   9.8   0.9   1:01.25 planner_server
 646585 jetson    20   0  707980  61328  27448 S   9.3   0.8   0:57.72 python3
 647005 jetson    20   0  516440  34888  21032 S   7.4   0.4   0:48.68 behavior_server
 647001 jetson    20   0  664640  33088  19416 S   6.4   0.4   0:41.56 smoother_server
 647025 jetson    20   0  431396  28940  17020 S   5.9   0.4   0:35.66 waypoint_follow
 647056 jetson    20   0  428696  29132  15944 S   5.9   0.4   0:35.05 velocity_smooth
  13320 root      20   0 1300496  44680  11392 S   4.4   0.6  32:33.54 micro_ros_agent
    828 message+  20   0   10496   5632   3584 S   3.4   0.1   0:47.61 dbus-daemon
 646581 jetson    20   0  709380  64256  27276 S   3.4   0.8   0:31.35 python3
    829 root      20   0  264848  18932  14872 S   2.5   0.2   0:43.24 NetworkManager
      1 root      20   0  167628  11768   7448 S   2.0   0.2   0:32.51 systemd
 675714 jetson    20   0   14340   3384   2772 R   1.5   0.0   0:00.33 top
    904 root      rt   0       0      0      0 S   1.0   0.0   1:52.05 sugov:0
    909 root      rt   0       0      0      0 S   1.0   0.0   0:53.27 sugov:4
   1588 root      20   0 2353004 113512  57032 S   1.0   1.5   0:32.46 dockerd
    150 root     -51   0       0      0      0 S   0.5   0.0   0:00.04 irq/167-c240000
    865 root      20   0 2145956  51924  25772 S   0.5   0.7   0:37.99 snapd
    871 root      20   0   48968   7620   6296 S   0.5   0.1   0:04.05 systemd-logind
   1212 root      20   0 2093336  74476  33976 S   0.5   1.0   0:42.53 containerd
   1426 root      20   0   15272   8368   6788 S   0.5   0.1   0:00.82 sshd
   2071 gdm       20   0 3471500 137284  73260 S   0.5   1.8   0:49.75 gnome-shell
  13238 jetson    20   0  428524  31584  15828 S   0.5   0.4   2:34.05 robot_state_pub
 494770 root      20   0 1233488  13052   6732 S   0.5   0.2   0:12.12 containerd-shim
 513250 root      20   0   21760   4432   2868 S   0.5   0.1   0:08.47 systemd-udevd
 582730 root      20   0       0      0      0 I   0.5   0.0   0:02.46 kworker/u12:2-events_freezable_power_
 589172 root      20   0       0      0      0 I   0.5   0.0   0:02.19 kworker/u12:10-events_freezable_power_
 591089 root       0 -20       0      0      0 I   0.5   0.0   0:04.36 kworker/u13:1-uvcvideo
 646587 jetson    20   0 1082604  58700  26340 S   0.5   0.8   0:27.28 foxglove_bridge
 659922 root      20   0       0      0      0 I   0.5   0.0   0:00.27 kworker/u12:5-events_unbound
 675715 jetson    20   0    2872    884    788 S   0.5   0.0   0:00.07 tegrastats
      2 root      20   0       0      0      0 S   0.0   0.0   0:00.03 kthreadd
      3 root       0 -20       0      0      0 I   0.0   0.0   0:00.00 rcu_gp
      4 root       0 -20       0      0      0 I   0.0   0.0   0:00.00 rcu_par_gp
      5 root       0 -20       0      0      0 I   0.0   0.0   0:00.00 slub_flushwq
      6 root       0 -20       0      0      0 I   0.0   0.0   0:00.00 netns
      8 root       0 -20       0      0      0 I   0.0   0.0   0:00.00 kworker/0:0H-events_highpri
     10 root       0 -20       0      0      0 I   0.0   0.0   0:00.00 mm_percpu_wq
     11 root      20   0       0      0      0 S   0.0   0.0   0:00.00 rcu_tasks_kthre
     12 root      20   0       0      0      0 S   0.0   0.0   0:00.00 rcu_tasks_rude_
     13 root      20   0       0      0      0 S   0.0   0.0   0:00.00 rcu_tasks_trace
     14 root      20   0       0      0      0 S   0.0   0.0   0:23.71 ksoftirqd/0
     15 root      20   0       0      0      0 I   0.0   0.0   0:10.49 rcu_preempt
     16 root      rt   0       0      0      0 S   0.0   0.0   0:00.03 migration/0
     17 root      20   0       0      0      0 S   0.0   0.0   0:00.00 cpuhp/0
     18 root      20   0       0      0      0 S   0.0   0.0   0:00.00 cpuhp/1
     19 root      rt   0       0      0      0 S   0.0   0.0   0:00.03 migration/1
     20 root      20   0       0      0      0 S   0.0   0.0   0:01.73 ksoftirqd/1
     22 root       0 -20       0      0      0 I   0.0   0.0   0:00.00 kworker/1:0H-events_highpri
     23 root      20   0       0      0      0 S   0.0   0.0   0:00.00 cpuhp/2
     24 root      rt   0       0      0      0 S   0.0   0.0   0:00.02 migration/2
     25 root      20   0       0      0      0 S   0.0   0.0   0:01.74 ksoftirqd/2
     27 root       0 -20       0      0      0 I   0.0   0.0   0:00.00 kworker/2:0H-events_highpri
     28 root      20   0       0      0      0 S   0.0   0.0   0:00.00 cpuhp/3
     29 root      rt   0       0      0      0 S   0.0   0.0   0:00.02 migration/3
     30 root      20   0       0      0      0 S   0.0   0.0   0:01.63 ksoftirqd/3
     32 root       0 -20       0      0      0 I   0.0   0.0   0:00.00 kworker/3:0H-events_highpri
     33 root      20   0       0      0      0 S   0.0   0.0   0:00.00 cpuhp/4
     34 root      rt   0       0      0      0 S   0.0   0.0   0:00.07 migration/4
     35 root      20   0       0      0      0 S   0.0   0.0   0:01.22 ksoftirqd/4
     37 root       0 -20       0      0      0 I   0.0   0.0   0:00.00 kworker/4:0H-kblockd
     38 root      20   0       0      0      0 S   0.0   0.0   0:00.00 cpuhp/5
     39 root      rt   0       0      0      0 S   0.0   0.0   0:00.07 migration/5
     40 root      20   0       0      0      0 S   0.0   0.0   0:01.29 ksoftirqd/5
     42 root       0 -20       0      0      0 I   0.0   0.0   0:00.00 kworker/5:0H-events_highpri
     43 root      20   0       0      0      0 S   0.0   0.0   0:00.01 kdevtmpfs
     44 root       0 -20       0      0      0 I   0.0   0.0   0:00.00 inet_frag_wq
     51 root      20   0       0      0      0 S   0.0   0.0   0:00.00 kauditd
     52 root      20   0       0      0      0 S   0.0   0.0   0:00.00 oom_reaper
     53 root       0 -20       0      0      0 I   0.0   0.0   0:00.00 writeback
     54 root      20   0       0      0      0 S   0.0   0.0   0:00.19 kcompactd0
     55 root      25   5       0      0      0 S   0.0   0.0   0:00.00 ksmd
     56 root      39  19       0      0      0 S   0.0   0.0   0:02.11 khugepaged
     67 root       0 -20       0      0      0 I   0.0   0.0   0:00.00 cryptd
     86 root       0 -20       0      0      0 I   0.0   0.0   0:00.00 kintegrityd
     87 root       0 -20       0      0      0 I   0.0   0.0   0:00.00 kblockd
     88 root       0 -20       0      0      0 I   0.0   0.0   0:00.00 blkcg_punt_bio
     89 root       0 -20       0      0      0 I   0.0   0.0   0:00.00 tpm_dev_wq
     90 root       0 -20       0      0      0 I   0.0   0.0   0:00.00 ata_sff
     91 root       0 -20       0      0      0 I   0.0   0.0   0:00.00 edac-poller
     92 root       0 -20       0      0      0 I   0.0   0.0   0:00.00 devfreq_wq
     93 root     -51   0       0      0      0 S   0.0   0.0   0:00.00 watchdogd
     96 root       0 -20       0      0      0 I   0.0   0.0   0:00.06 kworker/1:1H-kblockd
     97 root       0 -20       0      0      0 I   0.0   0.0   0:00.00 rpciod
     99 root       0 -20       0      0      0 I   0.0   0.0   0:00.00 xprtiod
    127 root      20   0       0      0      0 S   0.0   0.0   0:00.00 kswapd0
    128 root       0 -20       0      0      0 I   0.0   0.0   0:00.00 nfsiod
    132 root       0 -20       0      0      0 I   0.0   0.0   0:00.00 vfio-irqfd-clea
    133 root       0 -20       0      0      0 I   0.0   0.0   0:00.00 bch_btree_io
    134 root       0 -20       0      0      0 I   0.0   0.0   0:00.00 bcache
    135 root       0 -20       0      0      0 I   0.0   0.0   0:00.00 bch_journal
    136 root       0 -20       0      0      0 I   0.0   0.0   0:00.00 dm_bufio_cache
    139 root      20   0       0      0      0 I   0.0   0.0   0:01.99 kworker/2:3-events
    140 root      10 -10       0      0      0 S   0.0   0.0   0:00.00 krfcommd
    141 root      20   0       0      0      0 S   0.0   0.0   0:00.01 pr/tty0
    142 root      20   0       0      0      0 S   0.0   0.0   0:03.11 pr/ttyTCU0
    145 root     -51   0       0      0      0 S   0.0   0.0   0:00.00 irq/114-3160000
    147 root     -51   0       0      0      0 S   0.0   0.0   0:00.00 irq/115-3180000
    149 root     -51   0       0      0      0 S   0.0   0.0   0:00.00 irq/116-31b0000
    151 root     -51   0       0      0      0 S   0.0   0.0   0:00.00 irq/168-c250000
    152 root     -51   0       0      0      0 S   0.0   0.0   0:00.00 irq/125-3610000
    153 root     -51   0       0      0      0 S   0.0   0.0   0:00.00 irq/122-3610000
    155 root       0 -20       0      0      0 I   0.0   0.0   0:00.00 sdhci
    156 root     -51   0       0      0      0 S   0.0   0.0   0:00.00 irq/120-mmc0
    157 root     -51   0       0      0      0 S   0.0   0.0   0:00.00 irq/230-3400000
    174 root       0 -20       0      0      0 I   0.0   0.0   0:00.06 kworker/3:1H-kblockd
    180 root     -51   0       0      0      0 S   0.0   0.0   0:00.00 irq/191-tegra-p
    181 root       0 -20       0      0      0 I   0.0   0.0   0:00.00 nvme-wq
    182 root       0 -20       0      0      0 I   0.0   0.0   0:00.00 nvme-reset-wq
    183 root       0 -20       0      0      0 I   0.0   0.0   0:00.00 nvme-delete-wq
    192 root     -51   0       0      0      0 S   0.0   0.0   0:00.00 irq/191-aerdrv
    193 root     -51   0       0      0      0 S   0.0   0.0   0:00.00 irq/193-tegra-p
    196 root     -51   0       0      0      0 S   0.0   0.0   0:00.00 irq/193-aerdrv
    197 root     -51   0       0      0      0 S   0.0   0.0   0:00.00 irq/195-tegra-p
    199 root     -51   0       0      0      0 S   0.0   0.0   0:00.00 irq/232-nvme0q0
    200 root     -51   0       0      0      0 S   0.0   0.0   0:00.38 irq/233-nvme0q1
    201 root     -51   0       0      0      0 S   0.0   0.0   0:00.42 irq/234-nvme0q2
    202 root     -51   0       0      0      0 S   0.0   0.0   0:00.54 irq/235-nvme0q3
    203 root     -51   0       0      0      0 S   0.0   0.0   0:00.66 irq/236-nvme0q4
    204 root     -51   0       0      0      0 S   0.0   0.0   0:00.16 irq/237-nvme0q5
    205 root     -51   0       0      0      0 S   0.0   0.0   0:00.13 irq/238-nvme0q6
    211 root       0 -20       0      0      0 I   0.0   0.0   0:00.07 kworker/4:1H-kblockd
    212 root      20   0       0      0      0 S   0.0   0.0   0:01.51 jbd2/nvme0n1p1-
    213 root       0 -20       0      0      0 I   0.0   0.0   0:00.00 ext4-rsv-conver
    222 root       0 -20       0      0      0 I   0.0   0.0   0:00.00 mld
    223 root       0 -20       0      0      0 I   0.0   0.0   0:00.04 kworker/0:1H-kblockd
    224 root       0 -20       0      0      0 I   0.0   0.0   0:00.00 ipv6_addrconf
    256 root      19  -1   76560  40448  38820 S   0.0   0.5   0:30.53 systemd-journal
    278 root       0 -20       0      0      0 I   0.0   0.0   0:00.08 kworker/2:1H-kblockd
    280 root      39  19       0      0      0 S   0.0   0.0   0:01.71 nvmap-bz
    281 root     -51   0       0      0      0 S   0.0   0.0   0:00.00 irq/188-host1x_
    285 root     -51   0       0      0      0 S   0.0   0.0   0:00.00 irq/197-gk20a_s
    286 root     -51   0       0      0      0 S   0.0   0.0   0:00.03 irq/198-gk20a_s
    287 root     -51   0       0      0      0 S   0.0   0.0   0:00.03 irq/199-gk20a_s
    288 root     -51   0       0      0      0 S   0.0   0.0   0:00.00 irq/200-gk20a_n
    291 root       0 -20       0      0      0 I   0.0   0.0   0:00.06 kworker/5:1H-kblockd
    295 root      20   0   11116   3460   3204 S   0.0   0.0   0:00.00 nv-tee-supplica
    299 root      20   0   76588   1360   1248 S   0.0   0.0   0:00.01 tee-supplicant
    301 root       0 -20       0      0      0 I   0.0   0.0   0:00.00 optee_bus_scan
    303 root     -51   0       0      0      0 S   0.0   0.0   0:00.00 irq/189-tegra-p
    312 root      20   0   23732   6316   4080 S   0.0   0.1   0:27.85 systemd-udevd
    313 root     -51   0       0      0      0 S   0.0   0.0   0:00.00 irq/189-aerdrv
    314 root      20   0   23216   5832   3992 S   0.0   0.1   0:00.41 systemd-udevd
    315 root      20   0   23216   5020   3248 S   0.0   0.1   0:00.15 systemd-udevd
    316 root      20   0   23268   6252   4316 S   0.0   0.1   0:00.16 systemd-udevd
    317 root      20   0   23220   4364   2600 S   0.0   0.1   0:00.11 systemd-udevd
    318 root      20   0   23216   4480   2672 S   0.0   0.1   0:00.12 systemd-udevd
    319 root      20   0   23212   5820   3980 S   0.0   0.1   0:00.29 systemd-udevd
    320 root      20   0   23264   4688   2764 S   0.0   0.1   0:00.13 systemd-udevd
    321 root      20   0   23268   5072   3136 S   0.0   0.1   0:00.18 systemd-udevd
    322 root      20   0   23524   5520   3456 S   0.0   0.1   0:00.27 systemd-udevd
    323 root      20   0   23216   6304   4444 S   0.0   0.1   0:00.42 systemd-udevd
    324 root      20   0   23220   5196   3388 S   0.0   0.1   0:00.16 systemd-udevd
    325 root      20   0   23220   5820   3976 S   0.0   0.1   0:00.41 systemd-udevd
    326 root      20   0   23220   5256   3388 S   0.0   0.1   0:00.45 systemd-udevd
    327 root      20   0   23220   5504   3684 S   0.0   0.1   0:00.18 systemd-udevd
    330 root      20   0   23512   5728   3684 S   0.0   0.1   0:00.14 systemd-udevd
    331 root      20   0   24292   5540   2676 S   0.0   0.1   0:00.16 systemd-udevd
    333 root      20   0   23524   5596   3532 S   0.0   0.1   0:00.28 systemd-udevd
    334 root      20   0   23220   5584   3740 S   0.0   0.1   0:00.27 systemd-udevd
    335 root      20   0   23220   4504   2708 S   0.0   0.1   0:00.11 systemd-udevd
    336 root      20   0   23220   4696   2892 S   0.0   0.1   0:00.14 systemd-udevd
    337 root      20   0   23524   5056   2992 S   0.0   0.1   0:00.16 systemd-udevd
    339 root      20   0   23220   4980   3148 S   0.0   0.1   0:00.17 systemd-udevd
    340 root      20   0   23544   6732   4608 S   0.0   0.1   1:33.35 systemd-udevd
    341 root      20   0   23276   5328   3384 S   0.0   0.1   0:00.13 systemd-udevd
    342 root      20   0   23280   5176   3228 S   0.0   0.1   0:00.13 systemd-udevd
    343 root      20   0   23220   5988   4152 S   0.0   0.1   0:00.33 systemd-udevd
    344 root      20   0   23560   6700   4596 S   0.0   0.1   0:00.58 systemd-udevd
    345 root      20   0       0      0      0 S   0.0   0.0   0:00.00 15820000.crypto
    346 root      20   0       0      0      0 S   0.0   0.0   0:00.00 15840000.crypto
    368 root      20   0   23324   5984   4116 S   0.0   0.1   0:00.46 systemd-udevd
    417 root     -51   0       0      0      0 S   0.0   0.0   0:00.00 irq/219-bc00000
    419 root      -2   0       0      0      0 S   0.0   0.0   0:00.00 capture-control
    420 root      -2   0       0      0      0 S   0.0   0.0   0:00.00 capture
    422 root     -51   0       0      0      0 S   0.0   0.0   0:00.00 irq/214-tegra_d
    423 root     -51   0       0      0      0 S   0.0   0.0   0:00.00 irq/215-tegra_d
    424 root       0 -20       0      0      0 I   0.0   0.0   0:00.00 dce-async-ipc-w
    425 root     -51   0       0      0      0 S   0.0   0.0   0:00.00 irq/240-nvvrs-p
    427 root      20   0       0      0      0 S   0.0   0.0   0:00.00 nv_queue
    428 root      20   0       0      0      0 S   0.0   0.0   0:00.00 nv_queue
    483 root     -51   0       0      0      0 S   0.0   0.0   0:00.00 irq/118-3210000
    487 root      20   0       0      0      0 S   0.0   0.0   0:00.00 spi0
    495 root       0 -20       0      0      0 I   0.0   0.0   0:00.00 cfg80211
    497 root     -51   0       0      0      0 S   0.0   0.0   0:00.00 irq/119-3230000
    498 root      20   0       0      0      0 S   0.0   0.0   0:00.00 spi1
    584 root       0 -20       0      0      0 I   0.0   0.0   0:00.00 btfwwork
    650 root      20   0    8236   6424   1432 S   0.0   0.1   0:00.73 haveged
    653 _rpc      20   0    7932   2264   1912 S   0.0   0.0   0:00.04 rpcbind
    659 systemd+  20   0   26320  13580   8496 S   0.0   0.2   0:00.55 systemd-resolve
    662 systemd+  20   0   88880   6332   5484 S   0.0   0.1   0:00.15 systemd-timesyn
    826 avahi     20   0    8084   3108   2752 S   0.0   0.0   0:00.70 avahi-daemon
    827 root      20   0    9888   4552   4112 S   0.0   0.1   0:00.07 bluetoothd
    838 root      20   0   43504  19780  10232 S   0.0   0.3   0:00.15 networkd-dispat
    849 root      20   0  241652   9056   6312 S   0.0   0.1   0:00.66 power-profiles-
    854 syslog    20   0  222160   5012   3672 S   0.0   0.1   0:05.85 rsyslogd
    859 root      20   0    2240    796    720 S   0.0   0.0   0:00.00 seatd
    867 root      20   0  242124   7452   6576 S   0.0   0.1   0:02.29 accounts-daemon
    869 root      20   0  238128   6232   5620 S   0.0   0.1   0:00.04 switcheroo-cont
    874 root      20   0  394188  13988   9476 S   0.0   0.2   0:01.11 udisksd
    875 root      20   0   16632   9928   8148 S   0.0   0.1   0:01.36 wpa_supplicant
    882 avahi     20   0    7812    356      0 S   0.0   0.0   0:00.00 avahi-daemon
    921 root      30  10   11248   3612   3220 S   0.0   0.0   0:08.79 wifi_mon.sh
    983 root      20   0    2460   1556   1380 S   0.0   0.0   0:08.55 nvfancontrol
   1049 root      20   0       0      0      0 S   0.0   0.0   0:00.00 sw-quiesce
   1052 root      20   0       0      0      0 S   0.0   0.0   0:21.79 nvgpu_channel_p
   1068 root      20   0       0      0      0 S   0.0   0.0   0:00.00 nvgpu_pg_init_g
   1087 root      20   0       0      0      0 S   0.0   0.0   0:00.00 nvgpu_clk_arb_p
   1117 root      20   0       0      0      0 S   0.0   0.0   0:08.02 RTW_CMD_THREAD
   1157 root      20   0   75936   9960   8136 S   0.0   0.1   0:00.01 nvargus-daemon
   1158 root      20   0   11116   3520   3220 S   0.0   0.0   0:00.08 nvmemwarning.sh
   1171 root      20   0   22192   1776   1580 S   0.0   0.0   0:00.00 nvs-service
   1181 ollama    20   0 2006720  39588  20072 S   0.0   0.5   0:01.11 ollama
   1195 root      20   0    2336   1408   1292 S   0.0   0.0   0:01.96 run-cups-browse
   1201 root      20   0    2336   1424   1296 S   0.0   0.0   0:02.02 run-cupsd
   1204 root      20   0       0      0      0 S   0.0   0.0   0:00.00 pr/ramoops-1
   1239 root      20   0   10772   2824   2576 S   0.0   0.0   0:00.06 cron
   1259 root      20   0  243128   8056   7012 S   0.0   0.1   0:00.02 gdm3
   1263 kernoops  20   0   12812    452      0 S   0.0   0.0   0:00.02 kerneloops
   1290 root      20   0    9468    800    724 S   0.0   0.0   0:00.00 agetty
   1291 kernoops  20   0   12812    452      0 S   0.0   0.0   0:00.02 kerneloops
   1293 root      20   0    9468    804    724 S   0.0   0.0   0:00.00 agetty
   1330 root      20   0  173408   8804   7628 S   0.0   0.1   0:00.02 gdm-session-wor
   1417 root      20   0       0      0      0 S   0.0   0.0   0:00.00 file-storage
   1474 gdm       20   0   18120   9728   7360 S   0.0   0.1   0:00.46 systemd
   1478 root      20   0    3076    992    880 S   0.0   0.0   0:00.00 nvphsd
   1483 root      20   0    3208   1476   1316 S   0.0   0.0   0:00.00 nvphsd
   1497 gdm       20   0  106692   4552      0 S   0.0   0.1   0:00.00 (sd-pam)
   1688 gdm        9 -11   41972   6476   5156 S   0.0   0.1   0:00.07 pipewire
   1689 gdm       20   0   25476   6428   5104 S   0.0   0.1   0:01.81 pipewire-media-
   1690 gdm        9 -11  891840  20748  12584 S   0.0   0.3   0:01.00 pulseaudio
   1695 gdm       20   0  163948   5472   4964 S   0.0   0.1   0:00.00 gdm-x-session
   1697 root      20   0   24.2g  80544  35884 S   0.0   1.0   0:02.25 Xorg
   1698 rtkit     21   1  153504   1588   1380 S   0.0   0.0   0:00.32 rtkit-daemon
   1729 gdm       20   0    8840   3600   3212 S   0.0   0.0   0:00.02 dbus-daemon
   1748 root      20   0       0      0      0 S   0.0   0.0   0:00.00 nvidia-modeset/
   1749 root      20   0       0      0      0 S   0.0   0.0   0:00.00 nvidia-modeset/
   1752 root      20   0       0      0      0 S   0.0   0.0   0:00.00 nvidia
   1753 root      20   0       0      0      0 S   0.0   0.0   0:00.00 nv_queue
   1790 root      20   0       0      0      0 S   0.0   0.0   0:00.00 nvidia-drm-nv-t
   1791 root     -51   0       0      0      0 S   0.0   0.0   0:00.00 card1-crtc0
   1792 root     -51   0       0      0      0 S   0.0   0.0   0:00.00 card1-crtc1
   1980 gdm       20   0    5876   1552   1344 S   0.0   0.0   0:00.00 dbus-run-sessio
   1983 gdm       20   0    9108   4440   3588 S   0.0   0.1   0:00.13 dbus-daemon
   2035 gdm       20   0  597840  17824  12972 S   0.0   0.2   0:01.11 gnome-session-b
   2057 gdm       20   0  310068   8976   6272 S   0.0   0.1   0:00.00 at-spi-bus-laun
   2062 gdm       20   0    8692   3556   3168 S   0.0   0.0   0:00.00 dbus-daemon
   2092 gdm       20   0  237676   4964   4528 S   0.0   0.1   0:00.00 xdg-permission-
   2099 root      20   0  243852  10136   6984 S   0.0   0.1   0:00.52 upowerd
   2106 root      20   0  301608  19332  16408 S   0.0   0.2   0:01.74 packagekitd
   2110 gdm       20   0 2812288  25716  20860 S   0.0   0.3   0:00.08 gjs
   2113 gdm       20   0  163144   7196   6428 S   0.0   0.1   0:00.02 at-spi2-registr
   2141 gdm       20   0  468748   9856   7940 S   0.0   0.1   0:02.19 gsd-sharing
   2146 gdm       20   0  338880  14892  12620 S   0.0   0.2   0:00.06 gsd-wacom
   2148 gdm       20   0  451616  18896  16480 S   0.0   0.2   0:00.22 gsd-color
   2150 gdm       20   0  412392  17092  13292 S   0.0   0.2   0:00.04 gsd-keyboard
   2152 gdm       20   0  316864  13188   6244 S   0.0   0.2   0:00.10 ibus-daemon
   2156 gdm       20   0  326124   9848   8488 S   0.0   0.1   0:00.02 gsd-print-notif
   2166 gdm       20   0  242216   6512   5848 S   0.0   0.1   0:00.01 gvfsd
   2168 gdm       20   0  459796   6140   5436 S   0.0   0.1   0:00.64 gsd-rfkill
   2170 gdm       20   0  388312   7432   6528 S   0.0   0.1   0:00.01 gsd-smartcard
   2173 gdm       20   0  380556  16508  12504 S   0.0   0.2   0:00.03 gsd-datetime
   2183 gdm       20   0  864216  20108  17428 S   0.0   0.3   0:00.58 gsd-media-keys
   2184 gdm       20   0  237936   4760   4376 S   0.0   0.1   0:00.01 gsd-screensaver
   2185 gdm       20   0  322096  10392   7320 S   0.0   0.1   0:00.02 gsd-sound
   2186 gdm       20   0  312416   8104   5476 S   0.0   0.1   0:00.01 gsd-a11y-settin
   2193 gdm       20   0  313996   8944   6152 S   0.0   0.1   0:01.01 gsd-housekeepin
   2195 gdm       20   0  450004  20288  15904 S   0.0   0.3   0:00.58 gsd-power
   2218 gdm       20   0  347052  12608  10748 S   0.0   0.2   0:00.03 gsd-printer
   2221 gdm       20   0  239040   6576   5948 S   0.0   0.1   0:00.00 ibus-dconf
   2233 gdm       20   0  238936   5920   5488 S   0.0   0.1   0:00.00 ibus-portal
   2263 colord    20   0  247516  14492   8720 S   0.0   0.2   0:00.27 colord
   2285 gdm       20   0 2812300  27868  20904 S   0.0   0.4   0:00.09 gjs
   2349 gdm       20   0  165096   6516   5892 S   0.0   0.1   0:00.01 ibus-engine-sim
   2508 root      20   0  136716  13172   9512 S   0.0   0.2   0:00.73 cupsd
   2522 root      20   0  260792  17940  13508 S   0.0   0.2   0:01.73 cups-browsed
  11687 jetson    20   0   18140   9764   7368 S   0.0   0.1   0:00.37 systemd
  11688 jetson    20   0  172512   4632      0 S   0.0   0.1   0:00.00 (sd-pam)
  11696 jetson    20   0   41976   6552   5228 S   0.0   0.1   0:00.07 pipewire
  11697 jetson    20   0   25484   6724   5388 S   0.0   0.1   0:01.99 pipewire-media-
  11749 jetson    20   0    8888   4168   3672 S   0.0   0.1   0:00.03 dbus-daemon
  11931 jetson    20   0  707268  63144  26432 S   0.0   0.8   2:28.26 python3
  13234 jetson    20   0  203640  35476  13212 S   0.0   0.5   0:00.75 ros2
  13236 jetson    20   0 2070472  36080  17228 S   0.0   0.5   0:00.94 docker
  13265 root      20   0 1232976  11204   5960 S   0.0   0.1   0:02.48 containerd-shim
  13294 root      20   0   49400  29204  14412 S   0.0   0.4   0:00.40 ros2
 100141 root      20   0       0      0      0 I   0.0   0.0   0:23.71 kworker/u12:6-events_unbound
 284193 root      20   0       0      0      0 I   0.0   0.0   0:14.60 kworker/u12:3-events_unbound
 407770 root      20   0       0      0      0 I   0.0   0.0   0:10.70 kworker/u12:9-events_freezable_power_
 417230 root      20   0       0      0      0 I   0.0   0.0   0:09.08 kworker/u12:0-devfreq_wq
 418183 root       0 -20       0      0      0 I   0.0   0.0   0:16.43 kworker/u13:0-uvcvideo
 437586 root      20   0       0      0      0 I   0.0   0.0   0:07.73 kworker/u12:4-events_unbound
 465092 root      20   0  238836   6948   5700 S   0.0   0.1   0:01.42 iio-sensor-prox
 481530 root       0 -20       0      0      0 I   0.0   0.0   0:10.94 kworker/u13:3-uvcvideo
 494799 jetson    20   0    5508    792    704 S   0.0   0.0   0:00.21 sleep
 494866 root      20   0   21760   5464   3940 S   0.0   0.1   0:04.81 systemd-udevd
 494879 root      20   0   21756   3352   1840 S   0.0   0.0   0:01.00 systemd-udevd
 513219 root      20   0   21752   3996   2468 S   0.0   0.1   0:00.00 systemd-udevd
 513220 root      20   0   21760   3388   1868 S   0.0   0.0   0:00.00 systemd-udevd
 513233 root      20   0   21760   3392   1868 S   0.0   0.0   0:00.00 systemd-udevd
 513234 root      20   0   21760   3356   1840 S   0.0   0.0   0:00.00 systemd-udevd
 513235 root      20   0   21760   3996   2468 S   0.0   0.1   0:00.01 systemd-udevd
 513236 root      20   0   21760   3384   1868 S   0.0   0.0   0:00.00 systemd-udevd
 513237 root      20   0   21760   4188   2660 S   0.0   0.1   0:00.00 systemd-udevd
 513251 root      20   0   21760   3840   2288 S   0.0   0.0   0:00.00 systemd-udevd
 513265 root      20   0   21760   4056   2496 S   0.0   0.1   0:00.01 systemd-udevd
 513266 root      20   0   21760   4052   2496 S   0.0   0.1   0:00.01 systemd-udevd
 538507 root      20   0       0      0      0 I   0.0   0.0   0:00.29 kworker/0:0-events
 562560 root      20   0       0      0      0 I   0.0   0.0   0:02.65 kworker/u12:1-events_unbound
 576600 root      20   0       0      0      0 I   0.0   0.0   0:00.40 kworker/3:0-events
 576909 root      20   0       0      0      0 I   0.0   0.0   0:00.08 kworker/4:1-events
 602672 root      20   0       0      0      0 I   0.0   0.0   0:00.14 kworker/1:3-events
 621531 root      20   0       0      0      0 I   0.0   0.0   0:00.11 kworker/5:2-events
 622272 root      20   0       0      0      0 I   0.0   0.0   0:01.25 kworker/u12:7-events_unbound
 642140 root      20   0       0      0      0 I   0.0   0.0   0:00.99 kworker/u12:8-events_freezable_power_
 645581 root      20   0       0      0      0 I   0.0   0.0   0:00.04 kworker/1:2-events
 645980 root      20   0       0      0      0 I   0.0   0.0   0:00.07 kworker/5:0-events
 646577 jetson    20   0  572504  38828  13216 S   0.0   0.5   0:00.85 ros2
 646880 jetson    20   0  129772  34676  13228 S   0.0   0.4   0:00.69 ros2
 646995 jetson    20   0  796968  40104  13228 S   0.0   0.5   0:01.43 ros2
 647060 jetson    20   0   11248   3076   2756 S   0.0   0.0   0:00.40 bash
 647156 jetson    20   0   53568  30344  15012 S   0.0   0.4   0:00.41 ros2
 647161 root      20   0       0      0      0 I   0.0   0.0   0:00.00 kworker/3:1-events
 651818 root      20   0       0      0      0 I   0.0   0.0   0:00.05 kworker/4:0-mm_percpu_wq
 651861 root      20   0       0      0      0 I   0.0   0.0   0:00.00 kworker/2:0-events
 651906 root      20   0       0      0      0 I   0.0   0.0   0:00.00 kworker/0:2-events
 660558 root      20   0       0      0      0 I   0.0   0.0   0:00.05 kworker/1:0-mm_percpu_wq
 660666 root       0 -20       0      0      0 I   0.0   0.0   0:01.46 kworker/u13:2-uvcvideo
 663616 root      20   0    9436    784    704 S   0.0   0.0   0:00.00 sleep
 670335 root      20   0       0      0      0 I   0.0   0.0   0:00.00 kworker/2:1-cgroup_destroy
 670336 root      20   0       0      0      0 I   0.0   0.0   0:00.00 kworker/2:2-cgroup_destroy
 670384 root      20   0       0      0      0 I   0.0   0.0   0:00.00 kworker/0:1
 670511 root      20   0       0      0      0 I   0.0   0.0   0:00.00 kworker/3:2-cgroup_destroy
 670512 root      20   0       0      0      0 I   0.0   0.0   0:00.00 kworker/3:3
 672581 root      20   0       0      0      0 I   0.0   0.0   0:00.02 kworker/5:1-mm_percpu_wq
 672816 jetson    20   0   11248   3308   2868 S   0.0   0.0   0:00.04 bash
 675134 root       0 -20       0      0      0 I   0.0   0.0   0:00.19 kworker/u13:4-uvcvideo
 675625 jetson    20   0   11248   3300   2868 S   0.0   0.0   0:00.01 bash
 675913 jetson    20   0    9480    808    724 S   0.0   0.0   0:00.00 tail
 677117 root      30  10    9436    784    704 S   0.0   0.0   0:00.00 sleep
 677750 jetson    20   0    9444    784    700 S   0.0   0.0   0:00.00 sleep

top - 16:11:04 up  6:34,  0 users,  load average: 7.31, 6.68, 6.59
Tasks: 353 total,   4 running, 349 sleeping,   0 stopped,   0 zombie
%Cpu(s): 42.1 us,  9.5 sy,  0.0 ni, 44.1 id,  0.0 wa,  2.4 hi,  1.9 si,  0.0 st
MiB Mem :   7607.4 total,   2267.0 free,   2234.9 used,   3105.5 buff/cache
MiB Swap:   3803.7 total,   3803.7 free,      0.0 used.   5055.5 avail Mem 

    PID USER      PR  NI    VIRT    RES    SHR S  %CPU  %MEM     TIME+ COMMAND
 675912 jetson    20   0  753612  73696  29576 R  41.9   0.9   0:13.12 python3
 646802 jetson    20   0  709060  61196  27276 S  36.0   0.8   3:39.51 python3
 646999 jetson    20   0  963000  48036  23640 S  33.0   0.6   1:10.67 controller_serv
 675713 jetson    20   0  763620  54212  25376 S  24.6   0.7   0:08.46 ros2
 647181 jetson    20   0 9356228 409184  87560 S  16.3   5.3   1:39.27 nvblox_node
 647007 jetson    20   0  530840  46196  26216 R  15.8   0.6   1:02.21 bt_navigator
 646583 jetson    20   0  432976  25268  14224 S  14.3   0.3   1:40.33 rplidar_node
 646579 jetson    20   0 1748420 106700  51428 S  13.8   1.4   1:29.89 realsense2_came
 646882 jetson    20   0 1061852  55656  24360 S  13.8   0.7   0:28.67 async_slam_tool
 647058 jetson    20   0  577528  31320  16252 S  11.8   0.4   1:07.36 lifecycle_manag
 646804 jetson    20   0  506340  30844  18340 S  11.3   0.4   1:11.33 ekf_node
 646585 jetson    20   0  707980  62852  27448 S   9.9   0.8   0:57.92 python3
 646997 jetson    20   0  709524  61896  27392 S   9.4   0.8   0:32.99 python3
 647003 jetson    20   0 1070788  70412  24808 S   8.9   0.9   1:01.43 planner_server
 647005 jetson    20   0  516440  34888  21032 S   7.9   0.4   0:48.84 behavior_server
 647001 jetson    20   0  664640  33088  19416 S   6.4   0.4   0:41.69 smoother_server
 647056 jetson    20   0  428696  29132  15944 S   6.4   0.4   0:35.18 velocity_smooth
 647025 jetson    20   0  431396  28940  17020 S   5.4   0.4   0:35.77 waypoint_follow
  13320 root      20   0 1300496  44680  11392 S   4.9   0.6  32:33.64 micro_ros_agent
 646581 jetson    20   0  709380  64256  27276 S   3.9   0.8   0:31.43 python3
    904 root      rt   0       0      0      0 S   1.5   0.0   1:52.08 sugov:0
    909 root      rt   0       0      0      0 S   1.5   0.0   0:53.30 sugov:4
 675134 root       0 -20       0      0      0 I   1.5   0.0   0:00.22 kworker/u13:4-uvcvideo
 675714 jetson    20   0   14340   3384   2772 R   1.5   0.0   0:00.36 top
 659922 root      20   0       0      0      0 I   1.0   0.0   0:00.29 kworker/u12:5-events_freezable_power_
    340 root      20   0   23544   6732   4608 S   0.5   0.1   1:33.36 systemd-udevd
   1052 root      20   0       0      0      0 S   0.5   0.0   0:21.80 nvgpu_channel_p
   1117 root      20   0       0      0      0 S   0.5   0.0   0:08.03 RTW_CMD_THREAD
   1212 root      20   0 2093336  74476  33976 S   0.5   1.0   0:42.54 containerd
   1588 root      20   0 2353004 113512  57032 S   0.5   1.5   0:32.47 dockerd
  11931 jetson    20   0  707268  63144  26432 S   0.5   0.8   2:28.27 python3
 100141 root      20   0       0      0      0 I   0.5   0.0   0:23.72 kworker/u12:6-events_freezable_power_
 284193 root      20   0       0      0      0 I   0.5   0.0   0:14.61 kworker/u12:3-events_unbound
 576600 root      20   0       0      0      0 I   0.5   0.0   0:00.41 kworker/3:0-events
 642140 root      20   0       0      0      0 I   0.5   0.0   0:01.00 kworker/u12:8-events_unbound
 646587 jetson    20   0 1082604  58700  26340 S   0.5   0.8   0:27.29 foxglove_bridge
 675715 jetson    20   0    2872    884    788 S   0.5   0.0   0:00.08 tegrastats
      1 root      20   0  167628  11768   7448 S   0.0   0.2   0:32.51 systemd
      2 root      20   0       0      0      0 S   0.0   0.0   0:00.03 kthreadd
      3 root       0 -20       0      0      0 I   0.0   0.0   0:00.00 rcu_gp
      4 root       0 -20       0      0      0 I   0.0   0.0   0:00.00 rcu_par_gp
      5 root       0 -20       0      0      0 I   0.0   0.0   0:00.00 slub_flushwq
      6 root       0 -20       0      0      0 I   0.0   0.0   0:00.00 netns
      8 root       0 -20       0      0      0 I   0.0   0.0   0:00.00 kworker/0:0H-events_highpri
     10 root       0 -20       0      0      0 I   0.0   0.0   0:00.00 mm_percpu_wq
     11 root      20   0       0      0      0 S   0.0   0.0   0:00.00 rcu_tasks_kthre
     12 root      20   0       0      0      0 S   0.0   0.0   0:00.00 rcu_tasks_rude_
     13 root      20   0       0      0      0 S   0.0   0.0   0:00.00 rcu_tasks_trace
     14 root      20   0       0      0      0 S   0.0   0.0   0:23.71 ksoftirqd/0
     15 root      20   0       0      0      0 I   0.0   0.0   0:10.49 rcu_preempt
     16 root      rt   0       0      0      0 S   0.0   0.0   0:00.03 migration/0
     17 root      20   0       0      0      0 S   0.0   0.0   0:00.00 cpuhp/0
     18 root      20   0       0      0      0 S   0.0   0.0   0:00.00 cpuhp/1
     19 root      rt   0       0      0      0 S   0.0   0.0   0:00.03 migration/1
     20 root      20   0       0      0      0 S   0.0   0.0   0:01.73 ksoftirqd/1
     22 root       0 -20       0      0      0 I   0.0   0.0   0:00.00 kworker/1:0H-events_highpri
     23 root      20   0       0      0      0 S   0.0   0.0   0:00.00 cpuhp/2
     24 root      rt   0       0      0      0 S   0.0   0.0   0:00.02 migration/2
     25 root      20   0       0      0      0 S   0.0   0.0   0:01.74 ksoftirqd/2
     27 root       0 -20       0      0      0 I   0.0   0.0   0:00.00 kworker/2:0H-events_highpri
     28 root      20   0       0      0      0 S   0.0   0.0   0:00.00 cpuhp/3
     29 root      rt   0       0      0      0 S   0.0   0.0   0:00.02 migration/3
     30 root      20   0       0      0      0 S   0.0   0.0   0:01.63 ksoftirqd/3
     32 root       0 -20       0      0      0 I   0.0   0.0   0:00.00 kworker/3:0H-events_highpri
     33 root      20   0       0      0      0 S   0.0   0.0   0:00.00 cpuhp/4
     34 root      rt   0       0      0      0 S   0.0   0.0   0:00.07 migration/4
     35 root      20   0       0      0      0 S   0.0   0.0   0:01.22 ksoftirqd/4
     37 root       0 -20       0      0      0 I   0.0   0.0   0:00.00 kworker/4:0H-kblockd
     38 root      20   0       0      0      0 S   0.0   0.0   0:00.00 cpuhp/5
     39 root      rt   0       0      0      0 S   0.0   0.0   0:00.07 migration/5
     40 root      20   0       0      0      0 S   0.0   0.0   0:01.29 ksoftirqd/5
     42 root       0 -20       0      0      0 I   0.0   0.0   0:00.00 kworker/5:0H-events_highpri
     43 root      20   0       0      0      0 S   0.0   0.0   0:00.01 kdevtmpfs
     44 root       0 -20       0      0      0 I   0.0   0.0   0:00.00 inet_frag_wq
     51 root      20   0       0      0      0 S   0.0   0.0   0:00.00 kauditd
     52 root      20   0       0      0      0 S   0.0   0.0   0:00.00 oom_reaper
     53 root       0 -20       0      0      0 I   0.0   0.0   0:00.00 writeback
     54 root      20   0       0      0      0 S   0.0   0.0   0:00.19 kcompactd0
     55 root      25   5       0      0      0 S   0.0   0.0   0:00.00 ksmd
     56 root      39  19       0      0      0 S   0.0   0.0   0:02.11 khugepaged
     67 root       0 -20       0      0      0 I   0.0   0.0   0:00.00 cryptd
     86 root       0 -20       0      0      0 I   0.0   0.0   0:00.00 kintegrityd
     87 root       0 -20       0      0      0 I   0.0   0.0   0:00.00 kblockd
     88 root       0 -20       0      0      0 I   0.0   0.0   0:00.00 blkcg_punt_bio
     89 root       0 -20       0      0      0 I   0.0   0.0   0:00.00 tpm_dev_wq
     90 root       0 -20       0      0      0 I   0.0   0.0   0:00.00 ata_sff
     91 root       0 -20       0      0      0 I   0.0   0.0   0:00.00 edac-poller
     92 root       0 -20       0      0      0 I   0.0   0.0   0:00.00 devfreq_wq
     93 root     -51   0       0      0      0 S   0.0   0.0   0:00.00 watchdogd
     96 root       0 -20       0      0      0 I   0.0   0.0   0:00.06 kworker/1:1H-kblockd
     97 root       0 -20       0      0      0 I   0.0   0.0   0:00.00 rpciod
     99 root       0 -20       0      0      0 I   0.0   0.0   0:00.00 xprtiod
    127 root      20   0       0      0      0 S   0.0   0.0   0:00.00 kswapd0
    128 root       0 -20       0      0      0 I   0.0   0.0   0:00.00 nfsiod
    132 root       0 -20       0      0      0 I   0.0   0.0   0:00.00 vfio-irqfd-clea
    133 root       0 -20       0      0      0 I   0.0   0.0   0:00.00 bch_btree_io
    134 root       0 -20       0      0      0 I   0.0   0.0   0:00.00 bcache
    135 root       0 -20       0      0      0 I   0.0   0.0   0:00.00 bch_journal
    136 root       0 -20       0      0      0 I   0.0   0.0   0:00.00 dm_bufio_cache
    139 root      20   0       0      0      0 I   0.0   0.0   0:01.99 kworker/2:3-events
    140 root      10 -10       0      0      0 S   0.0   0.0   0:00.00 krfcommd
    141 root      20   0       0      0      0 S   0.0   0.0   0:00.01 pr/tty0
    142 root      20   0       0      0      0 S   0.0   0.0   0:03.11 pr/ttyTCU0
    145 root     -51   0       0      0      0 S   0.0   0.0   0:00.00 irq/114-3160000
    147 root     -51   0       0      0      0 S   0.0   0.0   0:00.00 irq/115-3180000
    149 root     -51   0       0      0      0 S   0.0   0.0   0:00.00 irq/116-31b0000
    150 root     -51   0       0      0      0 S   0.0   0.0   0:00.04 irq/167-c240000
    151 root     -51   0       0      0      0 S   0.0   0.0   0:00.00 irq/168-c250000
    152 root     -51   0       0      0      0 S   0.0   0.0   0:00.00 irq/125-3610000
    153 root     -51   0       0      0      0 S   0.0   0.0   0:00.00 irq/122-3610000
    155 root       0 -20       0      0      0 I   0.0   0.0   0:00.00 sdhci
    156 root     -51   0       0      0      0 S   0.0   0.0   0:00.00 irq/120-mmc0
    157 root     -51   0       0      0      0 S   0.0   0.0   0:00.00 irq/230-3400000
    174 root       0 -20       0      0      0 I   0.0   0.0   0:00.06 kworker/3:1H-kblockd
    180 root     -51   0       0      0      0 S   0.0   0.0   0:00.00 irq/191-tegra-p
    181 root       0 -20       0      0      0 I   0.0   0.0   0:00.00 nvme-wq
    182 root       0 -20       0      0      0 I   0.0   0.0   0:00.00 nvme-reset-wq
    183 root       0 -20       0      0      0 I   0.0   0.0   0:00.00 nvme-delete-wq
    192 root     -51   0       0      0      0 S   0.0   0.0   0:00.00 irq/191-aerdrv
    193 root     -51   0       0      0      0 S   0.0   0.0   0:00.00 irq/193-tegra-p
    196 root     -51   0       0      0      0 S   0.0   0.0   0:00.00 irq/193-aerdrv
    197 root     -51   0       0      0      0 S   0.0   0.0   0:00.00 irq/195-tegra-p
    199 root     -51   0       0      0      0 S   0.0   0.0   0:00.00 irq/232-nvme0q0
    200 root     -51   0       0      0      0 S   0.0   0.0   0:00.38 irq/233-nvme0q1
    201 root     -51   0       0      0      0 S   0.0   0.0   0:00.42 irq/234-nvme0q2
    202 root     -51   0       0      0      0 S   0.0   0.0   0:00.54 irq/235-nvme0q3
    203 root     -51   0       0      0      0 S   0.0   0.0   0:00.66 irq/236-nvme0q4
    204 root     -51   0       0      0      0 S   0.0   0.0   0:00.16 irq/237-nvme0q5
    205 root     -51   0       0      0      0 S   0.0   0.0   0:00.13 irq/238-nvme0q6
    211 root       0 -20       0      0      0 I   0.0   0.0   0:00.07 kworker/4:1H-kblockd
    212 root      20   0       0      0      0 S   0.0   0.0   0:01.51 jbd2/nvme0n1p1-
    213 root       0 -20       0      0      0 I   0.0   0.0   0:00.00 ext4-rsv-conver
    222 root       0 -20       0      0      0 I   0.0   0.0   0:00.00 mld
    223 root       0 -20       0      0      0 I   0.0   0.0   0:00.04 kworker/0:1H-kblockd
    224 root       0 -20       0      0      0 I   0.0   0.0   0:00.00 ipv6_addrconf
    256 root      19  -1   76560  40448  38820 S   0.0   0.5   0:30.53 systemd-journal
    278 root       0 -20       0      0      0 I   0.0   0.0   0:00.08 kworker/2:1H-kblockd
    280 root      39  19       0      0      0 S   0.0   0.0   0:01.71 nvmap-bz
    281 root     -51   0       0      0      0 S   0.0   0.0   0:00.00 irq/188-host1x_
    285 root     -51   0       0      0      0 S   0.0   0.0   0:00.00 irq/197-gk20a_s
    286 root     -51   0       0      0      0 S   0.0   0.0   0:00.03 irq/198-gk20a_s
    287 root     -51   0       0      0      0 S   0.0   0.0   0:00.03 irq/199-gk20a_s
    288 root     -51   0       0      0      0 S   0.0   0.0   0:00.00 irq/200-gk20a_n
    291 root       0 -20       0      0      0 I   0.0   0.0   0:00.06 kworker/5:1H-kblockd
    295 root      20   0   11116   3460   3204 S   0.0   0.0   0:00.00 nv-tee-supplica
    299 root      20   0   76588   1360   1248 S   0.0   0.0   0:00.01 tee-supplicant
    301 root       0 -20       0      0      0 I   0.0   0.0   0:00.00 optee_bus_scan
    303 root     -51   0       0      0      0 S   0.0   0.0   0:00.00 irq/189-tegra-p
    312 root      20   0   23732   6316   4080 S   0.0   0.1   0:27.85 systemd-udevd
    313 root     -51   0       0      0      0 S   0.0   0.0   0:00.00 irq/189-aerdrv
    314 root      20   0   23216   5832   3992 S   0.0   0.1   0:00.41 systemd-udevd
    315 root      20   0   23216   5020   3248 S   0.0   0.1   0:00.15 systemd-udevd
    316 root      20   0   23268   6252   4316 S   0.0   0.1   0:00.16 systemd-udevd
    317 root      20   0   23220   4364   2600 S   0.0   0.1   0:00.11 systemd-udevd
    318 root      20   0   23216   4480   2672 S   0.0   0.1   0:00.12 systemd-udevd
    319 root      20   0   23212   5820   3980 S   0.0   0.1   0:00.29 systemd-udevd
    320 root      20   0   23264   4688   2764 S   0.0   0.1   0:00.13 systemd-udevd
    321 root      20   0   23268   5072   3136 S   0.0   0.1   0:00.18 systemd-udevd
    322 root      20   0   23524   5520   3456 S   0.0   0.1   0:00.27 systemd-udevd
    323 root      20   0   23216   6304   4444 S   0.0   0.1   0:00.42 systemd-udevd
    324 root      20   0   23220   5196   3388 S   0.0   0.1   0:00.16 systemd-udevd
    325 root      20   0   23220   5820   3976 S   0.0   0.1   0:00.41 systemd-udevd
    326 root      20   0   23220   5256   3388 S   0.0   0.1   0:00.45 systemd-udevd
    327 root      20   0   23220   5504   3684 S   0.0   0.1   0:00.18 systemd-udevd
    330 root      20   0   23512   5728   3684 S   0.0   0.1   0:00.14 systemd-udevd
    331 root      20   0   24292   5540   2676 S   0.0   0.1   0:00.16 systemd-udevd
    333 root      20   0   23524   5596   3532 S   0.0   0.1   0:00.28 systemd-udevd
    334 root      20   0   23220   5584   3740 S   0.0   0.1   0:00.27 systemd-udevd
    335 root      20   0   23220   4504   2708 S   0.0   0.1   0:00.11 systemd-udevd
    336 root      20   0   23220   4696   2892 S   0.0   0.1   0:00.14 systemd-udevd
    337 root      20   0   23524   5056   2992 S   0.0   0.1   0:00.16 systemd-udevd
    339 root      20   0   23220   4980   3148 S   0.0   0.1   0:00.17 systemd-udevd
    341 root      20   0   23276   5328   3384 S   0.0   0.1   0:00.13 systemd-udevd
    342 root      20   0   23280   5176   3228 S   0.0   0.1   0:00.13 systemd-udevd
    343 root      20   0   23220   5988   4152 S   0.0   0.1   0:00.33 systemd-udevd
    344 root      20   0   23560   6700   4596 S   0.0   0.1   0:00.58 systemd-udevd
    345 root      20   0       0      0      0 S   0.0   0.0   0:00.00 15820000.crypto
    346 root      20   0       0      0      0 S   0.0   0.0   0:00.00 15840000.crypto
    368 root      20   0   23324   5984   4116 S   0.0   0.1   0:00.46 systemd-udevd
    417 root     -51   0       0      0      0 S   0.0   0.0   0:00.00 irq/219-bc00000
    419 root      -2   0       0      0      0 S   0.0   0.0   0:00.00 capture-control
    420 root      -2   0       0      0      0 S   0.0   0.0   0:00.00 capture
    422 root     -51   0       0      0      0 S   0.0   0.0   0:00.00 irq/214-tegra_d
    423 root     -51   0       0      0      0 S   0.0   0.0   0:00.00 irq/215-tegra_d
    424 root       0 -20       0      0      0 I   0.0   0.0   0:00.00 dce-async-ipc-w
    425 root     -51   0       0      0      0 S   0.0   0.0   0:00.00 irq/240-nvvrs-p
    427 root      20   0       0      0      0 S   0.0   0.0   0:00.00 nv_queue
    428 root      20   0       0      0      0 S   0.0   0.0   0:00.00 nv_queue
    483 root     -51   0       0      0      0 S   0.0   0.0   0:00.00 irq/118-3210000
    487 root      20   0       0      0      0 S   0.0   0.0   0:00.00 spi0
    495 root       0 -20       0      0      0 I   0.0   0.0   0:00.00 cfg80211
    497 root     -51   0       0      0      0 S   0.0   0.0   0:00.00 irq/119-3230000
    498 root      20   0       0      0      0 S   0.0   0.0   0:00.00 spi1
    584 root       0 -20       0      0      0 I   0.0   0.0   0:00.00 btfwwork
    650 root      20   0    8236   6424   1432 S   0.0   0.1   0:00.73 haveged
    653 _rpc      20   0    7932   2264   1912 S   0.0   0.0   0:00.04 rpcbind
    659 systemd+  20   0   26320  13580   8496 S   0.0   0.2   0:00.55 systemd-resolve
    662 systemd+  20   0   88880   6332   5484 S   0.0   0.1   0:00.15 systemd-timesyn
    826 avahi     20   0    8084   3108   2752 S   0.0   0.0   0:00.70 avahi-daemon
    827 root      20   0    9888   4552   4112 S   0.0   0.1   0:00.07 bluetoothd
    828 message+  20   0   10496   5632   3584 S   0.0   0.1   0:47.61 dbus-daemon
    829 root      20   0  264848  18932  14872 S   0.0   0.2   0:43.24 NetworkManager
    838 root      20   0   43504  19780  10232 S   0.0   0.3   0:00.15 networkd-dispat
    849 root      20   0  241652   9056   6312 S   0.0   0.1   0:00.66 power-profiles-
    854 syslog    20   0  222160   5012   3672 S   0.0   0.1   0:05.85 rsyslogd
    859 root      20   0    2240    796    720 S   0.0   0.0   0:00.00 seatd
    865 root      20   0 2145956  51924  25772 S   0.0   0.7   0:37.99 snapd
    867 root      20   0  242124   7452   6576 S   0.0   0.1   0:02.29 accounts-daemon
    869 root      20   0  238128   6232   5620 S   0.0   0.1   0:00.04 switcheroo-cont
    871 root      20   0   48968   7620   6296 S   0.0   0.1   0:04.05 systemd-logind
    874 root      20   0  394188  13988   9476 S   0.0   0.2   0:01.11 udisksd
    875 root      20   0   16632   9928   8148 S   0.0   0.1   0:01.36 wpa_supplicant
    882 avahi     20   0    7812    356      0 S   0.0   0.0   0:00.00 avahi-daemon
    921 root      30  10   11248   3612   3220 S   0.0   0.0   0:08.79 wifi_mon.sh
    969 root      20   0  237044  10468   6400 S   0.0   0.1   3:28.67 polkitd
    983 root      20   0    2460   1556   1380 S   0.0   0.0   0:08.55 nvfancontrol
   1049 root      20   0       0      0      0 S   0.0   0.0   0:00.00 sw-quiesce
   1068 root      20   0       0      0      0 S   0.0   0.0   0:00.00 nvgpu_pg_init_g
   1087 root      20   0       0      0      0 S   0.0   0.0   0:00.00 nvgpu_clk_arb_p
   1157 root      20   0   75936   9960   8136 S   0.0   0.1   0:00.01 nvargus-daemon
   1158 root      20   0   11116   3520   3220 S   0.0   0.0   0:00.08 nvmemwarning.sh
   1171 root      20   0   22192   1776   1580 S   0.0   0.0   0:00.00 nvs-service
   1181 ollama    20   0 2006720  39588  20072 S   0.0   0.5   0:01.11 ollama
   1195 root      20   0    2336   1408   1292 S   0.0   0.0   0:01.96 run-cups-browse
   1201 root      20   0    2336   1424   1296 S   0.0   0.0   0:02.02 run-cupsd
   1204 root      20   0       0      0      0 S   0.0   0.0   0:00.00 pr/ramoops-1
   1239 root      20   0   10772   2824   2576 S   0.0   0.0   0:00.06 cron
   1259 root      20   0  243128   8056   7012 S   0.0   0.1   0:00.02 gdm3
   1263 kernoops  20   0   12812    452      0 S   0.0   0.0   0:00.02 kerneloops
   1290 root      20   0    9468    800    724 S   0.0   0.0   0:00.00 agetty
   1291 kernoops  20   0   12812    452      0 S   0.0   0.0   0:00.02 kerneloops
   1293 root      20   0    9468    804    724 S   0.0   0.0   0:00.00 agetty
   1330 root      20   0  173408   8804   7628 S   0.0   0.1   0:00.02 gdm-session-wor
   1417 root      20   0       0      0      0 S   0.0   0.0   0:00.00 file-storage
   1426 root      20   0   15272   8368   6788 S   0.0   0.1   0:00.82 sshd
   1474 gdm       20   0   18120   9728   7360 S   0.0   0.1   0:00.46 systemd
   1478 root      20   0    3076    992    880 S   0.0   0.0   0:00.00 nvphsd
   1483 root      20   0    3208   1476   1316 S   0.0   0.0   0:00.00 nvphsd
   1497 gdm       20   0  106692   4552      0 S   0.0   0.1   0:00.00 (sd-pam)
   1688 gdm        9 -11   41972   6476   5156 S   0.0   0.1   0:00.07 pipewire
   1689 gdm       20   0   25476   6428   5104 S   0.0   0.1   0:01.81 pipewire-media-
   1690 gdm        9 -11  891840  20748  12584 S   0.0   0.3   0:01.00 pulseaudio
   1695 gdm       20   0  163948   5472   4964 S   0.0   0.1   0:00.00 gdm-x-session
   1697 root      20   0   24.2g  80544  35884 S   0.0   1.0   0:02.25 Xorg
   1698 rtkit     21   1  153504   1588   1380 S   0.0   0.0   0:00.32 rtkit-daemon
   1729 gdm       20   0    8840   3600   3212 S   0.0   0.0   0:00.02 dbus-daemon
   1748 root      20   0       0      0      0 S   0.0   0.0   0:00.00 nvidia-modeset/
   1749 root      20   0       0      0      0 S   0.0   0.0   0:00.00 nvidia-modeset/
   1752 root      20   0       0      0      0 S   0.0   0.0   0:00.00 nvidia
   1753 root      20   0       0      0      0 S   0.0   0.0   0:00.00 nv_queue
   1790 root      20   0       0      0      0 S   0.0   0.0   0:00.00 nvidia-drm-nv-t
   1791 root     -51   0       0      0      0 S   0.0   0.0   0:00.00 card1-crtc0
   1792 root     -51   0       0      0      0 S   0.0   0.0   0:00.00 card1-crtc1
   1980 gdm       20   0    5876   1552   1344 S   0.0   0.0   0:00.00 dbus-run-sessio
   1983 gdm       20   0    9108   4440   3588 S   0.0   0.1   0:00.13 dbus-daemon
   2035 gdm       20   0  597840  17824  12972 S   0.0   0.2   0:01.11 gnome-session-b
   2057 gdm       20   0  310068   8976   6272 S   0.0   0.1   0:00.00 at-spi-bus-laun
   2062 gdm       20   0    8692   3556   3168 S   0.0   0.0   0:00.00 dbus-daemon
   2071 gdm       20   0 3471500 137284  73260 S   0.0   1.8   0:49.75 gnome-shell
   2092 gdm       20   0  237676   4964   4528 S   0.0   0.1   0:00.00 xdg-permission-
   2099 root      20   0  243852  10136   6984 S   0.0   0.1   0:00.52 upowerd
   2106 root      20   0  301608  19332  16408 S   0.0   0.2   0:01.74 packagekitd
   2110 gdm       20   0 2812288  25716  20860 S   0.0   0.3   0:00.08 gjs
   2113 gdm       20   0  163144   7196   6428 S   0.0   0.1   0:00.02 at-spi2-registr
   2141 gdm       20   0  468748   9856   7940 S   0.0   0.1   0:02.19 gsd-sharing
   2146 gdm       20   0  338880  14892  12620 S   0.0   0.2   0:00.06 gsd-wacom
   2148 gdm       20   0  451616  18896  16480 S   0.0   0.2   0:00.22 gsd-color
   2150 gdm       20   0  412392  17092  13292 S   0.0   0.2   0:00.04 gsd-keyboard
   2152 gdm       20   0  316864  13188   6244 S   0.0   0.2   0:00.10 ibus-daemon
   2156 gdm       20   0  326124   9848   8488 S   0.0   0.1   0:00.02 gsd-print-notif
   2166 gdm       20   0  242216   6512   5848 S   0.0   0.1   0:00.01 gvfsd
   2168 gdm       20   0  459796   6140   5436 S   0.0   0.1   0:00.64 gsd-rfkill
   2170 gdm       20   0  388312   7432   6528 S   0.0   0.1   0:00.01 gsd-smartcard
   2173 gdm       20   0  380556  16508  12504 S   0.0   0.2   0:00.03 gsd-datetime
   2183 gdm       20   0  864216  20108  17428 S   0.0   0.3   0:00.58 gsd-media-keys
   2184 gdm       20   0  237936   4760   4376 S   0.0   0.1   0:00.01 gsd-screensaver
   2185 gdm       20   0  322096  10392   7320 S   0.0   0.1   0:00.02 gsd-sound
   2186 gdm       20   0  312416   8104   5476 S   0.0   0.1   0:00.01 gsd-a11y-settin
   2193 gdm       20   0  313996   8944   6152 S   0.0   0.1   0:01.01 gsd-housekeepin
   2195 gdm       20   0  450004  20288  15904 S   0.0   0.3   0:00.58 gsd-power
   2218 gdm       20   0  347052  12608  10748 S   0.0   0.2   0:00.03 gsd-printer
   2221 gdm       20   0  239040   6576   5948 S   0.0   0.1   0:00.00 ibus-dconf
   2233 gdm       20   0  238936   5920   5488 S   0.0   0.1   0:00.00 ibus-portal
   2263 colord    20   0  247516  14492   8720 S   0.0   0.2   0:00.27 colord
   2285 gdm       20   0 2812300  27868  20904 S   0.0   0.4   0:00.09 gjs
   2349 gdm       20   0  165096   6516   5892 S   0.0   0.1   0:00.01 ibus-engine-sim
   2508 root      20   0  136716  13172   9512 S   0.0   0.2   0:00.73 cupsd
   2522 root      20   0  260792  17940  13508 S   0.0   0.2   0:01.73 cups-browsed
  11687 jetson    20   0   18140   9764   7368 S   0.0   0.1   0:00.37 systemd
  11688 jetson    20   0  172512   4632      0 S   0.0   0.1   0:00.00 (sd-pam)
  11696 jetson    20   0   41976   6552   5228 S   0.0   0.1   0:00.07 pipewire
  11697 jetson    20   0   25484   6724   5388 S   0.0   0.1   0:01.99 pipewire-media-
  11749 jetson    20   0    8888   4168   3672 S   0.0   0.1   0:00.03 dbus-daemon
  13234 jetson    20   0  203640  35476  13212 S   0.0   0.5   0:00.75 ros2
  13236 jetson    20   0 2070472  36080  17228 S   0.0   0.5   0:00.94 docker
  13238 jetson    20   0  428524  31584  15828 S   0.0   0.4   2:34.05 robot_state_pub
  13265 root      20   0 1232976  11204   5960 S   0.0   0.1   0:02.48 containerd-shim
  13294 root      20   0   49400  29204  14412 S   0.0   0.4   0:00.40 ros2
 407770 root      20   0       0      0      0 I   0.0   0.0   0:10.70 kworker/u12:9-events_freezable_power_
 417230 root      20   0       0      0      0 I   0.0   0.0   0:09.08 kworker/u12:0-events_unbound
 418183 root       0 -20       0      0      0 I   0.0   0.0   0:16.43 kworker/u13:0-uvcvideo
 437586 root      20   0       0      0      0 I   0.0   0.0   0:07.73 kworker/u12:4-events_unbound
 465092 root      20   0  238836   6948   5700 S   0.0   0.1   0:01.42 iio-sensor-prox
 481530 root       0 -20       0      0      0 I   0.0   0.0   0:10.94 kworker/u13:3-uvcvideo
 494770 root      20   0 1233488  12572   6732 S   0.0   0.2   0:12.12 containerd-shim
 494799 jetson    20   0    5508    792    704 S   0.0   0.0   0:00.21 sleep
 494866 root      20   0   21760   5464   3940 S   0.0   0.1   0:04.81 systemd-udevd
 494879 root      20   0   21756   3352   1840 S   0.0   0.0   0:01.00 systemd-udevd
 513219 root      20   0   21752   3996   2468 S   0.0   0.1   0:00.00 systemd-udevd
 513220 root      20   0   21760   3388   1868 S   0.0   0.0   0:00.00 systemd-udevd
 513233 root      20   0   21760   3392   1868 S   0.0   0.0   0:00.00 systemd-udevd
 513234 root      20   0   21760   3356   1840 S   0.0   0.0   0:00.00 systemd-udevd
 513235 root      20   0   21760   3996   2468 S   0.0   0.1   0:00.01 systemd-udevd
 513236 root      20   0   21760   3384   1868 S   0.0   0.0   0:00.00 systemd-udevd
 513237 root      20   0   21760   4188   2660 S   0.0   0.1   0:00.00 systemd-udevd
 513250 root      20   0   21760   4432   2868 S   0.0   0.1   0:08.47 systemd-udevd
 513251 root      20   0   21760   3840   2288 S   0.0   0.0   0:00.00 systemd-udevd
 513265 root      20   0   21760   4056   2496 S   0.0   0.1   0:00.01 systemd-udevd
 513266 root      20   0   21760   4052   2496 S   0.0   0.1   0:00.01 systemd-udevd
 538507 root      20   0       0      0      0 I   0.0   0.0   0:00.29 kworker/0:0-events
 562560 root      20   0       0      0      0 I   0.0   0.0   0:02.65 kworker/u12:1-events_unbound
 576909 root      20   0       0      0      0 I   0.0   0.0   0:00.08 kworker/4:1-events
 582730 root      20   0       0      0      0 I   0.0   0.0   0:02.46 kworker/u12:2-events_unbound
 589172 root      20   0       0      0      0 I   0.0   0.0   0:02.19 kworker/u12:10-events_unbound
 591089 root       0 -20       0      0      0 I   0.0   0.0   0:04.36 kworker/u13:1-uvcvideo
 602672 root      20   0       0      0      0 I   0.0   0.0   0:00.14 kworker/1:3-events
 621531 root      20   0       0      0      0 I   0.0   0.0   0:00.11 kworker/5:2-events
 622272 root      20   0       0      0      0 I   0.0   0.0   0:01.25 kworker/u12:7-events_unbound
 645581 root      20   0       0      0      0 I   0.0   0.0   0:00.04 kworker/1:2-events
 645980 root      20   0       0      0      0 I   0.0   0.0   0:00.07 kworker/5:0-events
 646577 jetson    20   0  572504  38828  13216 S   0.0   0.5   0:00.85 ros2
 646880 jetson    20   0  129772  34676  13228 S   0.0   0.4   0:00.69 ros2
 646995 jetson    20   0  796968  40104  13228 R   0.0   0.5   0:01.43 ros2
 647060 jetson    20   0   11248   3076   2756 S   0.0   0.0   0:00.40 bash
 647156 jetson    20   0   53568  30344  15012 S   0.0   0.4   0:00.41 ros2
 647161 root      20   0       0      0      0 I   0.0   0.0   0:00.00 kworker/3:1-events
 651818 root      20   0       0      0      0 I   0.0   0.0   0:00.05 kworker/4:0-events
 651861 root      20   0       0      0      0 I   0.0   0.0   0:00.00 kworker/2:0-events
 651906 root      20   0       0      0      0 I   0.0   0.0   0:00.00 kworker/0:2-events
 660558 root      20   0       0      0      0 I   0.0   0.0   0:00.05 kworker/1:0-events
 660666 root       0 -20       0      0      0 I   0.0   0.0   0:01.46 kworker/u13:2-uvcvideo
 663616 root      20   0    9436    784    704 S   0.0   0.0   0:00.00 sleep
 670335 root      20   0       0      0      0 I   0.0   0.0   0:00.00 kworker/2:1-cgroup_destroy
 670336 root      20   0       0      0      0 I   0.0   0.0   0:00.00 kworker/2:2-cgroup_destroy
 670384 root      20   0       0      0      0 I   0.0   0.0   0:00.00 kworker/0:1
 670511 root      20   0       0      0      0 I   0.0   0.0   0:00.00 kworker/3:2-cgroup_destroy
 670512 root      20   0       0      0      0 I   0.0   0.0   0:00.00 kworker/3:3
 672581 root      20   0       0      0      0 I   0.0   0.0   0:00.02 kworker/5:1-events
 672816 jetson    20   0   11248   3308   2868 S   0.0   0.0   0:00.04 bash
 675625 jetson    20   0   11248   3300   2868 S   0.0   0.0   0:00.01 bash
 675913 jetson    20   0    9480    808    724 S   0.0   0.0   0:00.00 tail
 677117 root      30  10    9436    784    704 S   0.0   0.0   0:00.00 sleep
 677869 jetson    20   0    9444    784    704 S   0.0   0.0   0:00.00 sleep

top - 16:11:06 up  6:34,  0 users,  load average: 7.31, 6.68, 6.59
Tasks: 353 total,   3 running, 350 sleeping,   0 stopped,   0 zombie
%Cpu(s): 41.9 us, 10.1 sy,  0.0 ni, 43.8 id,  0.0 wa,  2.3 hi,  2.0 si,  0.0 st
MiB Mem :   7607.4 total,   2268.9 free,   2228.7 used,   3109.8 buff/cache
MiB Swap:   3803.7 total,   3803.7 free,      0.0 used.   5061.8 avail Mem 

    PID USER      PR  NI    VIRT    RES    SHR S  %CPU  %MEM     TIME+ COMMAND
 675912 jetson    20   0  752988  73412  29576 R  40.4   0.9   0:13.94 python3
 646802 jetson    20   0  709060  61196  27276 R  35.0   0.8   3:40.22 python3
 646999 jetson    20   0  963000  48176  23640 S  31.5   0.6   1:11.31 controller_serv
 675713 jetson    20   0  763620  54212  25376 S  22.2   0.7   0:08.91 ros2
 646882 jetson    20   0 1061852  55920  24360 S  17.7   0.7   0:29.03 async_slam_tool
 647181 jetson    20   0 9356228 409176  87560 S  17.2   5.3   1:39.62 nvblox_node
 647007 jetson    20   0  530840  46196  26216 S  16.3   0.6   1:02.54 bt_navigator
 646583 jetson    20   0  432976  25268  14224 S  14.8   0.3   1:40.63 rplidar_node
 646579 jetson    20   0 1748420 106700  51428 S  13.8   1.4   1:30.17 realsense2_came
 646804 jetson    20   0  506340  30844  18340 S  11.3   0.4   1:11.56 ekf_node
 647058 jetson    20   0  577528  31320  16252 S  10.8   0.4   1:07.58 lifecycle_manag
 646585 jetson    20   0  707980  62852  27448 S  10.3   0.8   0:58.13 python3
 646997 jetson    20   0  709524  61896  27392 S   9.4   0.8   0:33.18 python3
 647003 jetson    20   0 1070788  70412  24808 S   9.4   0.9   1:01.62 planner_server
 647005 jetson    20   0  516440  34888  21032 S   6.9   0.4   0:48.98 behavior_server
 647001 jetson    20   0  664640  33088  19416 S   5.9   0.4   0:41.81 smoother_server
 647025 jetson    20   0  431396  28940  17020 S   5.9   0.4   0:35.89 waypoint_follow
 647056 jetson    20   0  428696  29132  15944 S   5.9   0.4   0:35.30 velocity_smooth
  13320 root      20   0 1300496  44680  11392 S   4.4   0.6  32:33.73 micro_ros_agent
 646581 jetson    20   0  709380  64256  27276 S   3.4   0.8   0:31.50 python3
 284193 root      20   0       0      0      0 I   1.5   0.0   0:14.64 kworker/u12:3-events_freezable_power_
    904 root      rt   0       0      0      0 S   1.0   0.0   1:52.10 sugov:0
 494770 root      20   0 1233488  12572   6732 S   1.0   0.2   0:12.14 containerd-shim
 675134 root       0 -20       0      0      0 I   1.0   0.0   0:00.24 kworker/u13:4-uvcvideo
     14 root      20   0       0      0      0 S   0.5   0.0   0:23.72 ksoftirqd/0
    909 root      rt   0       0      0      0 S   0.5   0.0   0:53.31 sugov:4
   1212 root      20   0 2093336  74476  33976 S   0.5   1.0   0:42.55 containerd
   1588 root      20   0 2353004 113512  57032 S   0.5   1.5   0:32.48 dockerd
  11931 jetson    20   0  707268  63144  26432 S   0.5   0.8   2:28.28 python3
  13238 jetson    20   0  428524  31584  15828 S   0.5   0.4   2:34.06 robot_state_pub
 100141 root      20   0       0      0      0 I   0.5   0.0   0:23.73 kworker/u12:6-events_freezable_power_
 494866 root      20   0   21760   5464   3940 S   0.5   0.1   0:04.82 systemd-udevd
 513250 root      20   0   21760   4432   2868 S   0.5   0.1   0:08.48 systemd-udevd
 589172 root      20   0       0      0      0 I   0.5   0.0   0:02.20 kworker/u12:10-events_unbound
 646995 jetson    20   0  796968  40104  13228 S   0.5   0.5   0:01.44 ros2
 675714 jetson    20   0   14340   3384   2772 R   0.5   0.0   0:00.37 top
      1 root      20   0  167628  11768   7448 S   0.0   0.2   0:32.51 systemd
      2 root      20   0       0      0      0 S   0.0   0.0   0:00.03 kthreadd
      3 root       0 -20       0      0      0 I   0.0   0.0   0:00.00 rcu_gp
      4 root       0 -20       0      0      0 I   0.0   0.0   0:00.00 rcu_par_gp
      5 root       0 -20       0      0      0 I   0.0   0.0   0:00.00 slub_flushwq
      6 root       0 -20       0      0      0 I   0.0   0.0   0:00.00 netns
      8 root       0 -20       0      0      0 I   0.0   0.0   0:00.00 kworker/0:0H-events_highpri
     10 root       0 -20       0      0      0 I   0.0   0.0   0:00.00 mm_percpu_wq
     11 root      20   0       0      0      0 S   0.0   0.0   0:00.00 rcu_tasks_kthre
     12 root      20   0       0      0      0 S   0.0   0.0   0:00.00 rcu_tasks_rude_
     13 root      20   0       0      0      0 S   0.0   0.0   0:00.00 rcu_tasks_trace
     15 root      20   0       0      0      0 I   0.0   0.0   0:10.49 rcu_preempt
     16 root      rt   0       0      0      0 S   0.0   0.0   0:00.03 migration/0
     17 root      20   0       0      0      0 S   0.0   0.0   0:00.00 cpuhp/0
     18 root      20   0       0      0      0 S   0.0   0.0   0:00.00 cpuhp/1
     19 root      rt   0       0      0      0 S   0.0   0.0   0:00.03 migration/1
     20 root      20   0       0      0      0 S   0.0   0.0   0:01.73 ksoftirqd/1
     22 root       0 -20       0      0      0 I   0.0   0.0   0:00.00 kworker/1:0H-events_highpri
     23 root      20   0       0      0      0 S   0.0   0.0   0:00.00 cpuhp/2
     24 root      rt   0       0      0      0 S   0.0   0.0   0:00.02 migration/2
     25 root      20   0       0      0      0 S   0.0   0.0   0:01.74 ksoftirqd/2
     27 root       0 -20       0      0      0 I   0.0   0.0   0:00.00 kworker/2:0H-events_highpri
     28 root      20   0       0      0      0 S   0.0   0.0   0:00.00 cpuhp/3
     29 root      rt   0       0      0      0 S   0.0   0.0   0:00.02 migration/3
     30 root      20   0       0      0      0 S   0.0   0.0   0:01.63 ksoftirqd/3
     32 root       0 -20       0      0      0 I   0.0   0.0   0:00.00 kworker/3:0H-events_highpri
     33 root      20   0       0      0      0 S   0.0   0.0   0:00.00 cpuhp/4
     34 root      rt   0       0      0      0 S   0.0   0.0   0:00.07 migration/4
     35 root      20   0       0      0      0 S   0.0   0.0   0:01.22 ksoftirqd/4
     37 root       0 -20       0      0      0 I   0.0   0.0   0:00.00 kworker/4:0H-kblockd
     38 root      20   0       0      0      0 S   0.0   0.0   0:00.00 cpuhp/5
     39 root      rt   0       0      0      0 S   0.0   0.0   0:00.07 migration/5
     40 root      20   0       0      0      0 S   0.0   0.0   0:01.29 ksoftirqd/5
     42 root       0 -20       0      0      0 I   0.0   0.0   0:00.00 kworker/5:0H-events_highpri
     43 root      20   0       0      0      0 S   0.0   0.0   0:00.01 kdevtmpfs
     44 root       0 -20       0      0      0 I   0.0   0.0   0:00.00 inet_frag_wq
     51 root      20   0       0      0      0 S   0.0   0.0   0:00.00 kauditd
     52 root      20   0       0      0      0 S   0.0   0.0   0:00.00 oom_reaper
     53 root       0 -20       0      0      0 I   0.0   0.0   0:00.00 writeback
     54 root      20   0       0      0      0 S   0.0   0.0   0:00.19 kcompactd0
     55 root      25   5       0      0      0 S   0.0   0.0   0:00.00 ksmd
     56 root      39  19       0      0      0 S   0.0   0.0   0:02.11 khugepaged
     67 root       0 -20       0      0      0 I   0.0   0.0   0:00.00 cryptd
     86 root       0 -20       0      0      0 I   0.0   0.0   0:00.00 kintegrityd
     87 root       0 -20       0      0      0 I   0.0   0.0   0:00.00 kblockd
     88 root       0 -20       0      0      0 I   0.0   0.0   0:00.00 blkcg_punt_bio
     89 root       0 -20       0      0      0 I   0.0   0.0   0:00.00 tpm_dev_wq
     90 root       0 -20       0      0      0 I   0.0   0.0   0:00.00 ata_sff
     91 root       0 -20       0      0      0 I   0.0   0.0   0:00.00 edac-poller
     92 root       0 -20       0      0      0 I   0.0   0.0   0:00.00 devfreq_wq
     93 root     -51   0       0      0      0 S   0.0   0.0   0:00.00 watchdogd
     96 root       0 -20       0      0      0 I   0.0   0.0   0:00.06 kworker/1:1H-kblockd
     97 root       0 -20       0      0      0 I   0.0   0.0   0:00.00 rpciod
     99 root       0 -20       0      0      0 I   0.0   0.0   0:00.00 xprtiod
    127 root      20   0       0      0      0 S   0.0   0.0   0:00.00 kswapd0
    128 root       0 -20       0      0      0 I   0.0   0.0   0:00.00 nfsiod
    132 root       0 -20       0      0      0 I   0.0   0.0   0:00.00 vfio-irqfd-clea
    133 root       0 -20       0      0      0 I   0.0   0.0   0:00.00 bch_btree_io
    134 root       0 -20       0      0      0 I   0.0   0.0   0:00.00 bcache
    135 root       0 -20       0      0      0 I   0.0   0.0   0:00.00 bch_journal
    136 root       0 -20       0      0      0 I   0.0   0.0   0:00.00 dm_bufio_cache
    139 root      20   0       0      0      0 I   0.0   0.0   0:01.99 kworker/2:3-events
    140 root      10 -10       0      0      0 S   0.0   0.0   0:00.00 krfcommd
    141 root      20   0       0      0      0 S   0.0   0.0   0:00.01 pr/tty0
    142 root      20   0       0      0      0 S   0.0   0.0   0:03.11 pr/ttyTCU0
    145 root     -51   0       0      0      0 S   0.0   0.0   0:00.00 irq/114-3160000
    147 root     -51   0       0      0      0 S   0.0   0.0   0:00.00 irq/115-3180000
    149 root     -51   0       0      0      0 S   0.0   0.0   0:00.00 irq/116-31b0000
    150 root     -51   0       0      0      0 S   0.0   0.0   0:00.04 irq/167-c240000
    151 root     -51   0       0      0      0 S   0.0   0.0   0:00.00 irq/168-c250000
    152 root     -51   0       0      0      0 S   0.0   0.0   0:00.00 irq/125-3610000
    153 root     -51   0       0      0      0 S   0.0   0.0   0:00.00 irq/122-3610000
    155 root       0 -20       0      0      0 I   0.0   0.0   0:00.00 sdhci
    156 root     -51   0       0      0      0 S   0.0   0.0   0:00.00 irq/120-mmc0
    157 root     -51   0       0      0      0 S   0.0   0.0   0:00.00 irq/230-3400000
    174 root       0 -20       0      0      0 I   0.0   0.0   0:00.06 kworker/3:1H-kblockd
    180 root     -51   0       0      0      0 S   0.0   0.0   0:00.00 irq/191-tegra-p
    181 root       0 -20       0      0      0 I   0.0   0.0   0:00.00 nvme-wq
    182 root       0 -20       0      0      0 I   0.0   0.0   0:00.00 nvme-reset-wq
    183 root       0 -20       0      0      0 I   0.0   0.0   0:00.00 nvme-delete-wq
    192 root     -51   0       0      0      0 S   0.0   0.0   0:00.00 irq/191-aerdrv
    193 root     -51   0       0      0      0 S   0.0   0.0   0:00.00 irq/193-tegra-p
    196 root     -51   0       0      0      0 S   0.0   0.0   0:00.00 irq/193-aerdrv
    197 root     -51   0       0      0      0 S   0.0   0.0   0:00.00 irq/195-tegra-p
    199 root     -51   0       0      0      0 S   0.0   0.0   0:00.00 irq/232-nvme0q0
    200 root     -51   0       0      0      0 S   0.0   0.0   0:00.38 irq/233-nvme0q1
    201 root     -51   0       0      0      0 S   0.0   0.0   0:00.42 irq/234-nvme0q2
    202 root     -51   0       0      0      0 S   0.0   0.0   0:00.54 irq/235-nvme0q3
    203 root     -51   0       0      0      0 S   0.0   0.0   0:00.66 irq/236-nvme0q4
    204 root     -51   0       0      0      0 S   0.0   0.0   0:00.16 irq/237-nvme0q5
    205 root     -51   0       0      0      0 S   0.0   0.0   0:00.13 irq/238-nvme0q6
    211 root       0 -20       0      0      0 I   0.0   0.0   0:00.07 kworker/4:1H-kblockd
    212 root      20   0       0      0      0 S   0.0   0.0   0:01.51 jbd2/nvme0n1p1-
    213 root       0 -20       0      0      0 I   0.0   0.0   0:00.00 ext4-rsv-conver
    222 root       0 -20       0      0      0 I   0.0   0.0   0:00.00 mld
    223 root       0 -20       0      0      0 I   0.0   0.0   0:00.04 kworker/0:1H-kblockd
    224 root       0 -20       0      0      0 I   0.0   0.0   0:00.00 ipv6_addrconf
    256 root      19  -1   76560  40448  38820 S   0.0   0.5   0:30.53 systemd-journal
    278 root       0 -20       0      0      0 I   0.0   0.0   0:00.08 kworker/2:1H-kblockd
    280 root      39  19       0      0      0 S   0.0   0.0   0:01.71 nvmap-bz
    281 root     -51   0       0      0      0 S   0.0   0.0   0:00.00 irq/188-host1x_
    285 root     -51   0       0      0      0 S   0.0   0.0   0:00.00 irq/197-gk20a_s
    286 root     -51   0       0      0      0 S   0.0   0.0   0:00.03 irq/198-gk20a_s
    287 root     -51   0       0      0      0 S   0.0   0.0   0:00.03 irq/199-gk20a_s
    288 root     -51   0       0      0      0 S   0.0   0.0   0:00.00 irq/200-gk20a_n
    291 root       0 -20       0      0      0 I   0.0   0.0   0:00.06 kworker/5:1H-kblockd
    295 root      20   0   11116   3460   3204 S   0.0   0.0   0:00.00 nv-tee-supplica
    299 root      20   0   76588   1360   1248 S   0.0   0.0   0:00.01 tee-supplicant
    301 root       0 -20       0      0      0 I   0.0   0.0   0:00.00 optee_bus_scan
    303 root     -51   0       0      0      0 S   0.0   0.0   0:00.00 irq/189-tegra-p
    312 root      20   0   23732   6316   4080 S   0.0   0.1   0:27.85 systemd-udevd
    313 root     -51   0       0      0      0 S   0.0   0.0   0:00.00 irq/189-aerdrv
    314 root      20   0   23216   5832   3992 S   0.0   0.1   0:00.41 systemd-udevd
    315 root      20   0   23216   5020   3248 S   0.0   0.1   0:00.15 systemd-udevd
    316 root      20   0   23268   6252   4316 S   0.0   0.1   0:00.16 systemd-udevd
    317 root      20   0   23220   4364   2600 S   0.0   0.1   0:00.11 systemd-udevd
    318 root      20   0   23216   4480   2672 S   0.0   0.1   0:00.12 systemd-udevd
    319 root      20   0   23212   5820   3980 S   0.0   0.1   0:00.29 systemd-udevd
    320 root      20   0   23264   4688   2764 S   0.0   0.1   0:00.13 systemd-udevd
    321 root      20   0   23268   5072   3136 S   0.0   0.1   0:00.18 systemd-udevd
    322 root      20   0   23524   5520   3456 S   0.0   0.1   0:00.27 systemd-udevd
    323 root      20   0   23216   6304   4444 S   0.0   0.1   0:00.42 systemd-udevd
    324 root      20   0   23220   5196   3388 S   0.0   0.1   0:00.16 systemd-udevd
    325 root      20   0   23220   5820   3976 S   0.0   0.1   0:00.41 systemd-udevd
    326 root      20   0   23220   5256   3388 S   0.0   0.1   0:00.45 systemd-udevd
    327 root      20   0   23220   5504   3684 S   0.0   0.1   0:00.18 systemd-udevd
    330 root      20   0   23512   5728   3684 S   0.0   0.1   0:00.14 systemd-udevd
    331 root      20   0   24292   5540   2676 S   0.0   0.1   0:00.16 systemd-udevd
    333 root      20   0   23524   5596   3532 S   0.0   0.1   0:00.28 systemd-udevd
    334 root      20   0   23220   5584   3740 S   0.0   0.1   0:00.27 systemd-udevd
    335 root      20   0   23220   4504   2708 S   0.0   0.1   0:00.11 systemd-udevd
    336 root      20   0   23220   4696   2892 S   0.0   0.1   0:00.14 systemd-udevd
    337 root      20   0   23524   5056   2992 S   0.0   0.1   0:00.16 systemd-udevd
    339 root      20   0   23220   4980   3148 S   0.0   0.1   0:00.17 systemd-udevd
    340 root      20   0   23544   6732   4608 S   0.0   0.1   1:33.36 systemd-udevd
    341 root      20   0   23276   5328   3384 S   0.0   0.1   0:00.13 systemd-udevd
    342 root      20   0   23280   5176   3228 S   0.0   0.1   0:00.13 systemd-udevd
    343 root      20   0   23220   5988   4152 S   0.0   0.1   0:00.33 systemd-udevd
    344 root      20   0   23560   6700   4596 S   0.0   0.1   0:00.58 systemd-udevd
    345 root      20   0       0      0      0 S   0.0   0.0   0:00.00 15820000.crypto
    346 root      20   0       0      0      0 S   0.0   0.0   0:00.00 15840000.crypto
    368 root      20   0   23324   5984   4116 S   0.0   0.1   0:00.46 systemd-udevd
    417 root     -51   0       0      0      0 S   0.0   0.0   0:00.00 irq/219-bc00000
    419 root      -2   0       0      0      0 S   0.0   0.0   0:00.00 capture-control
    420 root      -2   0       0      0      0 S   0.0   0.0   0:00.00 capture
    422 root     -51   0       0      0      0 S   0.0   0.0   0:00.00 irq/214-tegra_d
    423 root     -51   0       0      0      0 S   0.0   0.0   0:00.00 irq/215-tegra_d
    424 root       0 -20       0      0      0 I   0.0   0.0   0:00.00 dce-async-ipc-w
    425 root     -51   0       0      0      0 S   0.0   0.0   0:00.00 irq/240-nvvrs-p
    427 root      20   0       0      0      0 S   0.0   0.0   0:00.00 nv_queue
    428 root      20   0       0      0      0 S   0.0   0.0   0:00.00 nv_queue
    483 root     -51   0       0      0      0 S   0.0   0.0   0:00.00 irq/118-3210000
    487 root      20   0       0      0      0 S   0.0   0.0   0:00.00 spi0
    495 root       0 -20       0      0      0 I   0.0   0.0   0:00.00 cfg80211
    497 root     -51   0       0      0      0 S   0.0   0.0   0:00.00 irq/119-3230000
    498 root      20   0       0      0      0 S   0.0   0.0   0:00.00 spi1
    584 root       0 -20       0      0      0 I   0.0   0.0   0:00.00 btfwwork
    650 root      20   0    8236   6424   1432 S   0.0   0.1   0:00.73 haveged
    653 _rpc      20   0    7932   2264   1912 S   0.0   0.0   0:00.04 rpcbind
    659 systemd+  20   0   26320  13580   8496 S   0.0   0.2   0:00.55 systemd-resolve
    662 systemd+  20   0   88880   6332   5484 S   0.0   0.1   0:00.15 systemd-timesyn
    826 avahi     20   0    8084   3108   2752 S   0.0   0.0   0:00.70 avahi-daemon
    827 root      20   0    9888   4552   4112 S   0.0   0.1   0:00.07 bluetoothd
    828 message+  20   0   10496   5632   3584 S   0.0   0.1   0:47.61 dbus-daemon
    829 root      20   0  264848  18932  14872 S   0.0   0.2   0:43.24 NetworkManager
    838 root      20   0   43504  19780  10232 S   0.0   0.3   0:00.15 networkd-dispat
    849 root      20   0  241652   9056   6312 S   0.0   0.1   0:00.66 power-profiles-
    854 syslog    20   0  222160   5012   3672 S   0.0   0.1   0:05.85 rsyslogd
    859 root      20   0    2240    796    720 S   0.0   0.0   0:00.00 seatd
    865 root      20   0 2145956  51924  25772 S   0.0   0.7   0:37.99 snapd
    867 root      20   0  242124   7452   6576 S   0.0   0.1   0:02.29 accounts-daemon
    869 root      20   0  238128   6232   5620 S   0.0   0.1   0:00.04 switcheroo-cont
    871 root      20   0   48968   7620   6296 S   0.0   0.1   0:04.05 systemd-logind
    874 root      20   0  394188  13988   9476 S   0.0   0.2   0:01.11 udisksd
    875 root      20   0   16632   9928   8148 S   0.0   0.1   0:01.36 wpa_supplicant
    882 avahi     20   0    7812    356      0 S   0.0   0.0   0:00.00 avahi-daemon
    921 root      30  10   11248   3612   3220 S   0.0   0.0   0:08.79 wifi_mon.sh
    969 root      20   0  237044  10468   6400 S   0.0   0.1   3:28.67 polkitd
    983 root      20   0    2460   1556   1380 S   0.0   0.0   0:08.55 nvfancontrol
   1049 root      20   0       0      0      0 S   0.0   0.0   0:00.00 sw-quiesce
   1052 root      20   0       0      0      0 S   0.0   0.0   0:21.80 nvgpu_channel_p
   1068 root      20   0       0      0      0 S   0.0   0.0   0:00.00 nvgpu_pg_init_g
   1087 root      20   0       0      0      0 S   0.0   0.0   0:00.00 nvgpu_clk_arb_p
   1117 root      20   0       0      0      0 S   0.0   0.0   0:08.03 RTW_CMD_THREAD
   1157 root      20   0   75936   9960   8136 S   0.0   0.1   0:00.01 nvargus-daemon
   1158 root      20   0   11116   3520   3220 S   0.0   0.0   0:00.08 nvmemwarning.sh
   1171 root      20   0   22192   1776   1580 S   0.0   0.0   0:00.00 nvs-service
   1181 ollama    20   0 2006720  39588  20072 S   0.0   0.5   0:01.11 ollama
   1195 root      20   0    2336   1408   1292 S   0.0   0.0   0:01.96 run-cups-browse
   1201 root      20   0    2336   1424   1296 S   0.0   0.0   0:02.02 run-cupsd
   1204 root      20   0       0      0      0 S   0.0   0.0   0:00.00 pr/ramoops-1
   1239 root      20   0   10772   2824   2576 S   0.0   0.0   0:00.06 cron
   1259 root      20   0  243128   8056   7012 S   0.0   0.1   0:00.02 gdm3
   1263 kernoops  20   0   12812    452      0 S   0.0   0.0   0:00.02 kerneloops
   1290 root      20   0    9468    800    724 S   0.0   0.0   0:00.00 agetty
   1291 kernoops  20   0   12812    452      0 S   0.0   0.0   0:00.02 kerneloops
   1293 root      20   0    9468    804    724 S   0.0   0.0   0:00.00 agetty
   1330 root      20   0  173408   8804   7628 S   0.0   0.1   0:00.02 gdm-session-wor
   1417 root      20   0       0      0      0 S   0.0   0.0   0:00.00 file-storage
   1426 root      20   0   15272   8368   6788 S   0.0   0.1   0:00.82 sshd
   1474 gdm       20   0   18120   9728   7360 S   0.0   0.1   0:00.46 systemd
   1478 root      20   0    3076    992    880 S   0.0   0.0   0:00.00 nvphsd
   1483 root      20   0    3208   1476   1316 S   0.0   0.0   0:00.00 nvphsd
   1497 gdm       20   0  106692   4552      0 S   0.0   0.1   0:00.00 (sd-pam)
   1688 gdm        9 -11   41972   6476   5156 S   0.0   0.1   0:00.07 pipewire
   1689 gdm       20   0   25476   6428   5104 S   0.0   0.1   0:01.81 pipewire-media-
   1690 gdm        9 -11  891840  20748  12584 S   0.0   0.3   0:01.00 pulseaudio
   1695 gdm       20   0  163948   5472   4964 S   0.0   0.1   0:00.00 gdm-x-session
   1697 root      20   0   24.2g  80544  35884 S   0.0   1.0   0:02.25 Xorg
   1698 rtkit     21   1  153504   1588   1380 S   0.0   0.0   0:00.32 rtkit-daemon
   1729 gdm       20   0    8840   3600   3212 S   0.0   0.0   0:00.02 dbus-daemon
   1748 root      20   0       0      0      0 S   0.0   0.0   0:00.00 nvidia-modeset/
   1749 root      20   0       0      0      0 S   0.0   0.0   0:00.00 nvidia-modeset/
   1752 root      20   0       0      0      0 S   0.0   0.0   0:00.00 nvidia
   1753 root      20   0       0      0      0 S   0.0   0.0   0:00.00 nv_queue
   1790 root      20   0       0      0      0 S   0.0   0.0   0:00.00 nvidia-drm-nv-t
   1791 root     -51   0       0      0      0 S   0.0   0.0   0:00.00 card1-crtc0
   1792 root     -51   0       0      0      0 S   0.0   0.0   0:00.00 card1-crtc1
   1980 gdm       20   0    5876   1552   1344 S   0.0   0.0   0:00.00 dbus-run-sessio
   1983 gdm       20   0    9108   4440   3588 S   0.0   0.1   0:00.13 dbus-daemon
   2035 gdm       20   0  597840  17824  12972 S   0.0   0.2   0:01.11 gnome-session-b
   2057 gdm       20   0  310068   8976   6272 S   0.0   0.1   0:00.00 at-spi-bus-laun
   2062 gdm       20   0    8692   3556   3168 S   0.0   0.0   0:00.00 dbus-daemon
   2071 gdm       20   0 3471500 137284  73260 S   0.0   1.8   0:49.75 gnome-shell
   2092 gdm       20   0  237676   4964   4528 S   0.0   0.1   0:00.00 xdg-permission-
   2099 root      20   0  243852  10136   6984 S   0.0   0.1   0:00.52 upowerd
   2106 root      20   0  301608  19332  16408 S   0.0   0.2   0:01.74 packagekitd
   2110 gdm       20   0 2812288  25716  20860 S   0.0   0.3   0:00.08 gjs
   2113 gdm       20   0  163144   7196   6428 S   0.0   0.1   0:00.02 at-spi2-registr
   2141 gdm       20   0  468748   9856   7940 S   0.0   0.1   0:02.19 gsd-sharing
   2146 gdm       20   0  338880  14892  12620 S   0.0   0.2   0:00.06 gsd-wacom
   2148 gdm       20   0  451616  18896  16480 S   0.0   0.2   0:00.22 gsd-color
   2150 gdm       20   0  412392  17092  13292 S   0.0   0.2   0:00.04 gsd-keyboard
   2152 gdm       20   0  316864  13188   6244 S   0.0   0.2   0:00.10 ibus-daemon
   2156 gdm       20   0  326124   9848   8488 S   0.0   0.1   0:00.02 gsd-print-notif
   2166 gdm       20   0  242216   6512   5848 S   0.0   0.1   0:00.01 gvfsd
   2168 gdm       20   0  459796   6140   5436 S   0.0   0.1   0:00.64 gsd-rfkill
   2170 gdm       20   0  388312   7432   6528 S   0.0   0.1   0:00.01 gsd-smartcard
   2173 gdm       20   0  380556  16508  12504 S   0.0   0.2   0:00.03 gsd-datetime
   2183 gdm       20   0  864216  20108  17428 S   0.0   0.3   0:00.58 gsd-media-keys
   2184 gdm       20   0  237936   4760   4376 S   0.0   0.1   0:00.01 gsd-screensaver
   2185 gdm       20   0  322096  10392   7320 S   0.0   0.1   0:00.02 gsd-sound
   2186 gdm       20   0  312416   8104   5476 S   0.0   0.1   0:00.01 gsd-a11y-settin
   2193 gdm       20   0  313996   8944   6152 S   0.0   0.1   0:01.01 gsd-housekeepin
   2195 gdm       20   0  450004  20288  15904 S   0.0   0.3   0:00.58 gsd-power
   2218 gdm       20   0  347052  12608  10748 S   0.0   0.2   0:00.03 gsd-printer
   2221 gdm       20   0  239040   6576   5948 S   0.0   0.1   0:00.00 ibus-dconf
   2233 gdm       20   0  238936   5920   5488 S   0.0   0.1   0:00.00 ibus-portal
   2263 colord    20   0  247516  14492   8720 S   0.0   0.2   0:00.27 colord
   2285 gdm       20   0 2812300  27868  20904 S   0.0   0.4   0:00.09 gjs
   2349 gdm       20   0  165096   6516   5892 S   0.0   0.1   0:00.01 ibus-engine-sim
   2508 root      20   0  136716  13172   9512 S   0.0   0.2   0:00.73 cupsd
   2522 root      20   0  260792  17940  13508 S   0.0   0.2   0:01.73 cups-browsed
  11687 jetson    20   0   18140   9764   7368 S   0.0   0.1   0:00.37 systemd
  11688 jetson    20   0  172512   4632      0 S   0.0   0.1   0:00.00 (sd-pam)
  11696 jetson    20   0   41976   6552   5228 S   0.0   0.1   0:00.07 pipewire
  11697 jetson    20   0   25484   6724   5388 S   0.0   0.1   0:01.99 pipewire-media-
  11749 jetson    20   0    8888   4168   3672 S   0.0   0.1   0:00.03 dbus-daemon
  13234 jetson    20   0  203640  35476  13212 S   0.0   0.5   0:00.75 ros2
  13236 jetson    20   0 2070472  36080  17228 S   0.0   0.5   0:00.94 docker
  13265 root      20   0 1232976  11204   5960 S   0.0   0.1   0:02.48 containerd-shim
  13294 root      20   0   49400  29204  14412 S   0.0   0.4   0:00.40 ros2
 407770 root      20   0       0      0      0 I   0.0   0.0   0:10.70 kworker/u12:9-events_freezable_power_
 417230 root      20   0       0      0      0 I   0.0   0.0   0:09.08 kworker/u12:0-events_unbound
 418183 root       0 -20       0      0      0 I   0.0   0.0   0:16.43 kworker/u13:0-uvcvideo
 437586 root      20   0       0      0      0 I   0.0   0.0   0:07.73 kworker/u12:4-events_unbound
 465092 root      20   0  238836   6948   5700 S   0.0   0.1   0:01.42 iio-sensor-prox
 481530 root       0 -20       0      0      0 I   0.0   0.0   0:10.94 kworker/u13:3-uvcvideo
 494799 jetson    20   0    5508    792    704 S   0.0   0.0   0:00.21 sleep
 494879 root      20   0   21756   3352   1840 S   0.0   0.0   0:01.00 systemd-udevd
 513219 root      20   0   21752   3996   2468 S   0.0   0.1   0:00.00 systemd-udevd
 513220 root      20   0   21760   3388   1868 S   0.0   0.0   0:00.00 systemd-udevd
 513233 root      20   0   21760   3392   1868 S   0.0   0.0   0:00.00 systemd-udevd
 513234 root      20   0   21760   3356   1840 S   0.0   0.0   0:00.00 systemd-udevd
 513235 root      20   0   21760   3996   2468 S   0.0   0.1   0:00.01 systemd-udevd
 513236 root      20   0   21760   3384   1868 S   0.0   0.0   0:00.00 systemd-udevd
 513237 root      20   0   21760   4188   2660 S   0.0   0.1   0:00.00 systemd-udevd
 513251 root      20   0   21760   3840   2288 S   0.0   0.0   0:00.00 systemd-udevd
 513265 root      20   0   21760   4056   2496 S   0.0   0.1   0:00.01 systemd-udevd
 513266 root      20   0   21760   4052   2496 S   0.0   0.1   0:00.01 systemd-udevd
 538507 root      20   0       0      0      0 I   0.0   0.0   0:00.29 kworker/0:0-events
 562560 root      20   0       0      0      0 I   0.0   0.0   0:02.65 kworker/u12:1-events_unbound
 576600 root      20   0       0      0      0 I   0.0   0.0   0:00.41 kworker/3:0-events
 576909 root      20   0       0      0      0 I   0.0   0.0   0:00.08 kworker/4:1-events
 582730 root      20   0       0      0      0 I   0.0   0.0   0:02.46 kworker/u12:2-events_freezable_power_
 591089 root       0 -20       0      0      0 I   0.0   0.0   0:04.36 kworker/u13:1-uvcvideo
 602672 root      20   0       0      0      0 I   0.0   0.0   0:00.14 kworker/1:3-events
 621531 root      20   0       0      0      0 I   0.0   0.0   0:00.11 kworker/5:2-events
 622272 root      20   0       0      0      0 I   0.0   0.0   0:01.25 kworker/u12:7-events_unbound
 642140 root      20   0       0      0      0 I   0.0   0.0   0:01.00 kworker/u12:8-events_unbound
 645581 root      20   0       0      0      0 I   0.0   0.0   0:00.04 kworker/1:2-events
 645980 root      20   0       0      0      0 I   0.0   0.0   0:00.07 kworker/5:0-events
 646577 jetson    20   0  572504  38828  13216 S   0.0   0.5   0:00.85 ros2
 646587 jetson    20   0 1082604  58700  26340 S   0.0   0.8   0:27.29 foxglove_bridge
 646880 jetson    20   0  129772  34676  13228 S   0.0   0.4   0:00.69 ros2
 647060 jetson    20   0   11248   3076   2756 S   0.0   0.0   0:00.40 bash
 647156 jetson    20   0   53568  30344  15012 S   0.0   0.4   0:00.41 ros2
 647161 root      20   0       0      0      0 I   0.0   0.0   0:00.00 kworker/3:1-events
 651818 root      20   0       0      0      0 I   0.0   0.0   0:00.05 kworker/4:0-events
 651861 root      20   0       0      0      0 I   0.0   0.0   0:00.00 kworker/2:0-events
 651906 root      20   0       0      0      0 I   0.0   0.0   0:00.00 kworker/0:2-events
 659922 root      20   0       0      0      0 I   0.0   0.0   0:00.29 kworker/u12:5-events_unbound
 660558 root      20   0       0      0      0 I   0.0   0.0   0:00.05 kworker/1:0-rcu_gp
 660666 root       0 -20       0      0      0 I   0.0   0.0   0:01.46 kworker/u13:2-uvcvideo
 663616 root      20   0    9436    784    704 S   0.0   0.0   0:00.00 sleep
 670335 root      20   0       0      0      0 I   0.0   0.0   0:00.00 kworker/2:1-cgroup_destroy
 670336 root      20   0       0      0      0 I   0.0   0.0   0:00.00 kworker/2:2-cgroup_destroy
 670384 root      20   0       0      0      0 I   0.0   0.0   0:00.00 kworker/0:1
 670511 root      20   0       0      0      0 I   0.0   0.0   0:00.00 kworker/3:2-cgroup_destroy
 670512 root      20   0       0      0      0 I   0.0   0.0   0:00.00 kworker/3:3
 672581 root      20   0       0      0      0 I   0.0   0.0   0:00.02 kworker/5:1-events
 672816 jetson    20   0   11248   3308   2868 S   0.0   0.0   0:00.04 bash
 675625 jetson    20   0   11248   3300   2868 S   0.0   0.0   0:00.01 bash
 675715 jetson    20   0    2872    884    788 S   0.0   0.0   0:00.08 tegrastats
 675913 jetson    20   0    9480    808    724 S   0.0   0.0   0:00.00 tail
 677117 root      30  10    9436    784    704 S   0.0   0.0   0:00.00 sleep
 677984 jetson    20   0    9444    776    692 S   0.0   0.0   0:00.00 sleep

top - 16:11:08 up  6:34,  0 users,  load average: 6.89, 6.61, 6.56
Tasks: 352 total,   5 running, 347 sleeping,   0 stopped,   0 zombie
%Cpu(s): 41.9 us, 12.8 sy,  0.2 ni, 40.8 id,  0.0 wa,  2.3 hi,  2.1 si,  0.0 st
MiB Mem :   7607.4 total,   2268.9 free,   2228.7 used,   3109.8 buff/cache
MiB Swap:   3803.7 total,   3803.7 free,      0.0 used.   5061.8 avail Mem 

    PID USER      PR  NI    VIRT    RES    SHR S  %CPU  %MEM     TIME+ COMMAND
 675912 jetson    20   0  752764  72948  29576 R  42.1   0.9   0:14.79 python3
 646802 jetson    20   0  709060  61196  27276 R  36.1   0.8   3:40.95 python3
 646999 jetson    20   0  963000  48184  23640 S  28.7   0.6   1:11.89 controller_serv
 675713 jetson    20   0  763620  54212  25376 S  21.3   0.7   0:09.34 ros2
 647181 jetson    20   0 9356228 409176  87560 S  16.3   5.3   1:39.95 nvblox_node
 647007 jetson    20   0  530840  46196  26216 R  15.8   0.6   1:02.86 bt_navigator
    969 root      20   0  237044  10468   6400 S  14.4   0.1   3:28.96 polkitd
 646583 jetson    20   0  432976  25268  14224 S  14.4   0.3   1:40.92 rplidar_node
 646579 jetson    20   0 1748420 106700  51428 S  13.9   1.4   1:30.45 realsense2_came
 646882 jetson    20   0 1061852  55920  24360 S  13.4   0.7   0:29.30 async_slam_tool
 646804 jetson    20   0  506340  30844  18340 S  10.9   0.4   1:11.78 ekf_node
 647058 jetson    20   0  577528  31320  16252 S  10.4   0.4   1:07.79 lifecycle_manag
 647003 jetson    20   0 1070788  70676  24808 S   9.9   0.9   1:01.82 planner_server
 646585 jetson    20   0  707980  62852  27448 R   9.4   0.8   0:58.32 python3
 646997 jetson    20   0  709524  61896  27392 S   8.9   0.8   0:33.36 python3
 647005 jetson    20   0  516440  34888  21032 S   7.9   0.4   0:49.14 behavior_server
 647001 jetson    20   0  664640  33088  19416 S   5.9   0.4   0:41.93 smoother_server
 647025 jetson    20   0  431396  28940  17020 S   5.9   0.4   0:36.01 waypoint_follow
 647056 jetson    20   0  428696  29132  15944 S   5.4   0.4   0:35.41 velocity_smooth
  13320 root      20   0 1300496  44680  11392 S   4.5   0.6  32:33.82 micro_ros_agent
    828 message+  20   0   10496   5632   3584 S   3.5   0.1   0:47.68 dbus-daemon
    829 root      20   0  264848  18932  14872 S   3.0   0.2   0:43.30 NetworkManager
 646581 jetson    20   0  709380  64256  27276 S   3.0   0.8   0:31.56 python3
      1 root      20   0  167628  11768   7448 S   2.5   0.2   0:32.56 systemd
    909 root      rt   0       0      0      0 S   1.5   0.0   0:53.34 sugov:4
   2071 gdm       20   0 3471500 137224  73260 S   1.5   1.8   0:49.78 gnome-shell
 675714 jetson    20   0   14340   3384   2772 R   1.5   0.0   0:00.40 top
 678127 jetson    20   0 1922568  28576  16100 S   1.5   0.4   0:00.03 docker
    904 root      rt   0       0      0      0 S   1.0   0.0   1:52.12 sugov:0
 591089 root       0 -20       0      0      0 I   1.0   0.0   0:04.38 kworker/u13:1-uvcvideo
     15 root      20   0       0      0      0 I   0.5   0.0   0:10.50 rcu_preempt
     35 root      20   0       0      0      0 S   0.5   0.0   0:01.23 ksoftirqd/4
    256 root      19  -1   76560  40448  38820 S   0.5   0.5   0:30.54 systemd-journal
    312 root      20   0   23732   6316   4080 S   0.5   0.1   0:27.86 systemd-udevd
    340 root      20   0   23544   6732   4608 S   0.5   0.1   1:33.37 systemd-udevd
    849 root      20   0  241652   9056   6312 S   0.5   0.1   0:00.67 power-profiles-
 589172 root      20   0       0      0      0 I   0.5   0.0   0:02.21 kworker/u12:10-events_unbound
 646995 jetson    20   0  796968  40104  13228 S   0.5   0.5   0:01.45 ros2
 647060 jetson    20   0   11248   3076   2756 S   0.5   0.0   0:00.41 bash
 675134 root       0 -20       0      0      0 I   0.5   0.0   0:00.25 kworker/u13:4-uvcvideo
 675715 jetson    20   0    2872    884    788 S   0.5   0.0   0:00.09 tegrastats
      2 root      20   0       0      0      0 S   0.0   0.0   0:00.03 kthreadd
      3 root       0 -20       0      0      0 I   0.0   0.0   0:00.00 rcu_gp
      4 root       0 -20       0      0      0 I   0.0   0.0   0:00.00 rcu_par_gp
      5 root       0 -20       0      0      0 I   0.0   0.0   0:00.00 slub_flushwq
      6 root       0 -20       0      0      0 I   0.0   0.0   0:00.00 netns
      8 root       0 -20       0      0      0 I   0.0   0.0   0:00.00 kworker/0:0H-events_highpri
     10 root       0 -20       0      0      0 I   0.0   0.0   0:00.00 mm_percpu_wq
     11 root      20   0       0      0      0 S   0.0   0.0   0:00.00 rcu_tasks_kthre
     12 root      20   0       0      0      0 S   0.0   0.0   0:00.00 rcu_tasks_rude_
     13 root      20   0       0      0      0 S   0.0   0.0   0:00.00 rcu_tasks_trace
     14 root      20   0       0      0      0 S   0.0   0.0   0:23.72 ksoftirqd/0
     16 root      rt   0       0      0      0 S   0.0   0.0   0:00.03 migration/0
     17 root      20   0       0      0      0 S   0.0   0.0   0:00.00 cpuhp/0
     18 root      20   0       0      0      0 S   0.0   0.0   0:00.00 cpuhp/1
     19 root      rt   0       0      0      0 S   0.0   0.0   0:00.03 migration/1
     20 root      20   0       0      0      0 S   0.0   0.0   0:01.73 ksoftirqd/1
     22 root       0 -20       0      0      0 I   0.0   0.0   0:00.00 kworker/1:0H-events_highpri
     23 root      20   0       0      0      0 S   0.0   0.0   0:00.00 cpuhp/2
     24 root      rt   0       0      0      0 S   0.0   0.0   0:00.02 migration/2
     25 root      20   0       0      0      0 S   0.0   0.0   0:01.74 ksoftirqd/2
     27 root       0 -20       0      0      0 I   0.0   0.0   0:00.00 kworker/2:0H-events_highpri
     28 root      20   0       0      0      0 S   0.0   0.0   0:00.00 cpuhp/3
     29 root      rt   0       0      0      0 S   0.0   0.0   0:00.02 migration/3
     30 root      20   0       0      0      0 S   0.0   0.0   0:01.63 ksoftirqd/3
     32 root       0 -20       0      0      0 I   0.0   0.0   0:00.00 kworker/3:0H-events_highpri
     33 root      20   0       0      0      0 S   0.0   0.0   0:00.00 cpuhp/4
     34 root      rt   0       0      0      0 S   0.0   0.0   0:00.07 migration/4
     37 root       0 -20       0      0      0 I   0.0   0.0   0:00.00 kworker/4:0H-kblockd
     38 root      20   0       0      0      0 S   0.0   0.0   0:00.00 cpuhp/5
     39 root      rt   0       0      0      0 S   0.0   0.0   0:00.07 migration/5
     40 root      20   0       0      0      0 S   0.0   0.0   0:01.29 ksoftirqd/5
     42 root       0 -20       0      0      0 I   0.0   0.0   0:00.00 kworker/5:0H-events_highpri
     43 root      20   0       0      0      0 S   0.0   0.0   0:00.01 kdevtmpfs
     44 root       0 -20       0      0      0 I   0.0   0.0   0:00.00 inet_frag_wq
     51 root      20   0       0      0      0 S   0.0   0.0   0:00.00 kauditd
     52 root      20   0       0      0      0 S   0.0   0.0   0:00.00 oom_reaper
     53 root       0 -20       0      0      0 I   0.0   0.0   0:00.00 writeback
     54 root      20   0       0      0      0 S   0.0   0.0   0:00.19 kcompactd0
     55 root      25   5       0      0      0 S   0.0   0.0   0:00.00 ksmd
     56 root      39  19       0      0      0 S   0.0   0.0   0:02.11 khugepaged
     67 root       0 -20       0      0      0 I   0.0   0.0   0:00.00 cryptd
     86 root       0 -20       0      0      0 I   0.0   0.0   0:00.00 kintegrityd
     87 root       0 -20       0      0      0 I   0.0   0.0   0:00.00 kblockd
     88 root       0 -20       0      0      0 I   0.0   0.0   0:00.00 blkcg_punt_bio
     89 root       0 -20       0      0      0 I   0.0   0.0   0:00.00 tpm_dev_wq
     90 root       0 -20       0      0      0 I   0.0   0.0   0:00.00 ata_sff
     91 root       0 -20       0      0      0 I   0.0   0.0   0:00.00 edac-poller
     92 root       0 -20       0      0      0 I   0.0   0.0   0:00.00 devfreq_wq
     93 root     -51   0       0      0      0 S   0.0   0.0   0:00.00 watchdogd
     96 root       0 -20       0      0      0 I   0.0   0.0   0:00.06 kworker/1:1H-kblockd
     97 root       0 -20       0      0      0 I   0.0   0.0   0:00.00 rpciod
     99 root       0 -20       0      0      0 I   0.0   0.0   0:00.00 xprtiod
    127 root      20   0       0      0      0 S   0.0   0.0   0:00.00 kswapd0
    128 root       0 -20       0      0      0 I   0.0   0.0   0:00.00 nfsiod
    132 root       0 -20       0      0      0 I   0.0   0.0   0:00.00 vfio-irqfd-clea
    133 root       0 -20       0      0      0 I   0.0   0.0   0:00.00 bch_btree_io
    134 root       0 -20       0      0      0 I   0.0   0.0   0:00.00 bcache
    135 root       0 -20       0      0      0 I   0.0   0.0   0:00.00 bch_journal
    136 root       0 -20       0      0      0 I   0.0   0.0   0:00.00 dm_bufio_cache
    139 root      20   0       0      0      0 I   0.0   0.0   0:01.99 kworker/2:3-events
    140 root      10 -10       0      0      0 S   0.0   0.0   0:00.00 krfcommd
    141 root      20   0       0      0      0 S   0.0   0.0   0:00.01 pr/tty0
    142 root      20   0       0      0      0 S   0.0   0.0   0:03.11 pr/ttyTCU0
    145 root     -51   0       0      0      0 S   0.0   0.0   0:00.00 irq/114-3160000
    147 root     -51   0       0      0      0 S   0.0   0.0   0:00.00 irq/115-3180000
    149 root     -51   0       0      0      0 S   0.0   0.0   0:00.00 irq/116-31b0000
    150 root     -51   0       0      0      0 S   0.0   0.0   0:00.04 irq/167-c240000
    151 root     -51   0       0      0      0 S   0.0   0.0   0:00.00 irq/168-c250000
    152 root     -51   0       0      0      0 S   0.0   0.0   0:00.00 irq/125-3610000
    153 root     -51   0       0      0      0 S   0.0   0.0   0:00.00 irq/122-3610000
    155 root       0 -20       0      0      0 I   0.0   0.0   0:00.00 sdhci
    156 root     -51   0       0      0      0 S   0.0   0.0   0:00.00 irq/120-mmc0
    157 root     -51   0       0      0      0 S   0.0   0.0   0:00.00 irq/230-3400000
    174 root       0 -20       0      0      0 I   0.0   0.0   0:00.06 kworker/3:1H-kblockd
    180 root     -51   0       0      0      0 S   0.0   0.0   0:00.00 irq/191-tegra-p
    181 root       0 -20       0      0      0 I   0.0   0.0   0:00.00 nvme-wq
    182 root       0 -20       0      0      0 I   0.0   0.0   0:00.00 nvme-reset-wq
    183 root       0 -20       0      0      0 I   0.0   0.0   0:00.00 nvme-delete-wq
    192 root     -51   0       0      0      0 S   0.0   0.0   0:00.00 irq/191-aerdrv
    193 root     -51   0       0      0      0 S   0.0   0.0   0:00.00 irq/193-tegra-p
    196 root     -51   0       0      0      0 S   0.0   0.0   0:00.00 irq/193-aerdrv
    197 root     -51   0       0      0      0 S   0.0   0.0   0:00.00 irq/195-tegra-p
    199 root     -51   0       0      0      0 S   0.0   0.0   0:00.00 irq/232-nvme0q0
    200 root     -51   0       0      0      0 S   0.0   0.0   0:00.38 irq/233-nvme0q1
    201 root     -51   0       0      0      0 S   0.0   0.0   0:00.42 irq/234-nvme0q2
    202 root     -51   0       0      0      0 S   0.0   0.0   0:00.54 irq/235-nvme0q3
    203 root     -51   0       0      0      0 S   0.0   0.0   0:00.66 irq/236-nvme0q4
    204 root     -51   0       0      0      0 S   0.0   0.0   0:00.16 irq/237-nvme0q5
    205 root     -51   0       0      0      0 S   0.0   0.0   0:00.13 irq/238-nvme0q6
    211 root       0 -20       0      0      0 I   0.0   0.0   0:00.07 kworker/4:1H-kblockd
    212 root      20   0       0      0      0 S   0.0   0.0   0:01.51 jbd2/nvme0n1p1-
    213 root       0 -20       0      0      0 I   0.0   0.0   0:00.00 ext4-rsv-conver
    222 root       0 -20       0      0      0 I   0.0   0.0   0:00.00 mld
    223 root       0 -20       0      0      0 I   0.0   0.0   0:00.04 kworker/0:1H-kblockd
    224 root       0 -20       0      0      0 I   0.0   0.0   0:00.00 ipv6_addrconf
    278 root       0 -20       0      0      0 I   0.0   0.0   0:00.08 kworker/2:1H-kblockd
    280 root      39  19       0      0      0 S   0.0   0.0   0:01.71 nvmap-bz
    281 root     -51   0       0      0      0 S   0.0   0.0   0:00.00 irq/188-host1x_
    285 root     -51   0       0      0      0 S   0.0   0.0   0:00.00 irq/197-gk20a_s
    286 root     -51   0       0      0      0 S   0.0   0.0   0:00.03 irq/198-gk20a_s
    287 root     -51   0       0      0      0 S   0.0   0.0   0:00.03 irq/199-gk20a_s
    288 root     -51   0       0      0      0 S   0.0   0.0   0:00.00 irq/200-gk20a_n
    291 root       0 -20       0      0      0 I   0.0   0.0   0:00.06 kworker/5:1H-kblockd
    295 root      20   0   11116   3460   3204 S   0.0   0.0   0:00.00 nv-tee-supplica
    299 root      20   0   76588   1360   1248 S   0.0   0.0   0:00.01 tee-supplicant
    301 root       0 -20       0      0      0 I   0.0   0.0   0:00.00 optee_bus_scan
    303 root     -51   0       0      0      0 S   0.0   0.0   0:00.00 irq/189-tegra-p
    313 root     -51   0       0      0      0 S   0.0   0.0   0:00.00 irq/189-aerdrv
    314 root      20   0   23216   5832   3992 S   0.0   0.1   0:00.41 systemd-udevd
    315 root      20   0   23216   5020   3248 S   0.0   0.1   0:00.15 systemd-udevd
    316 root      20   0   23268   6252   4316 S   0.0   0.1   0:00.16 systemd-udevd
    317 root      20   0   23220   4364   2600 S   0.0   0.1   0:00.11 systemd-udevd
    318 root      20   0   23216   4480   2672 S   0.0   0.1   0:00.12 systemd-udevd
    319 root      20   0   23212   5820   3980 S   0.0   0.1   0:00.29 systemd-udevd
    320 root      20   0   23264   4688   2764 S   0.0   0.1   0:00.13 systemd-udevd
    321 root      20   0   23268   5072   3136 S   0.0   0.1   0:00.18 systemd-udevd
    322 root      20   0   23524   5520   3456 S   0.0   0.1   0:00.27 systemd-udevd
    323 root      20   0   23216   6304   4444 S   0.0   0.1   0:00.42 systemd-udevd
    324 root      20   0   23220   5196   3388 S   0.0   0.1   0:00.16 systemd-udevd
    325 root      20   0   23220   5820   3976 S   0.0   0.1   0:00.41 systemd-udevd
    326 root      20   0   23220   5256   3388 S   0.0   0.1   0:00.45 systemd-udevd
    327 root      20   0   23220   5504   3684 S   0.0   0.1   0:00.18 systemd-udevd
    330 root      20   0   23512   5728   3684 S   0.0   0.1   0:00.14 systemd-udevd
    331 root      20   0   24292   5540   2676 S   0.0   0.1   0:00.16 systemd-udevd
    333 root      20   0   23524   5596   3532 S   0.0   0.1   0:00.28 systemd-udevd
    334 root      20   0   23220   5584   3740 S   0.0   0.1   0:00.27 systemd-udevd
    335 root      20   0   23220   4504   2708 S   0.0   0.1   0:00.11 systemd-udevd
    336 root      20   0   23220   4696   2892 S   0.0   0.1   0:00.14 systemd-udevd
    337 root      20   0   23524   5056   2992 S   0.0   0.1   0:00.16 systemd-udevd
    339 root      20   0   23220   4980   3148 S   0.0   0.1   0:00.17 systemd-udevd
    341 root      20   0   23276   5328   3384 S   0.0   0.1   0:00.13 systemd-udevd
    342 root      20   0   23280   5176   3228 S   0.0   0.1   0:00.13 systemd-udevd
    343 root      20   0   23220   5988   4152 S   0.0   0.1   0:00.33 systemd-udevd
    344 root      20   0   23560   6700   4596 S   0.0   0.1   0:00.58 systemd-udevd
    345 root      20   0       0      0      0 S   0.0   0.0   0:00.00 15820000.crypto
    346 root      20   0       0      0      0 S   0.0   0.0   0:00.00 15840000.crypto
    368 root      20   0   23324   5984   4116 S   0.0   0.1   0:00.46 systemd-udevd
    417 root     -51   0       0      0      0 S   0.0   0.0   0:00.00 irq/219-bc00000
    419 root      -2   0       0      0      0 S   0.0   0.0   0:00.00 capture-control
    420 root      -2   0       0      0      0 S   0.0   0.0   0:00.00 capture
    422 root     -51   0       0      0      0 S   0.0   0.0   0:00.00 irq/214-tegra_d
    423 root     -51   0       0      0      0 S   0.0   0.0   0:00.00 irq/215-tegra_d
    424 root       0 -20       0      0      0 I   0.0   0.0   0:00.00 dce-async-ipc-w
    425 root     -51   0       0      0      0 S   0.0   0.0   0:00.00 irq/240-nvvrs-p
    427 root      20   0       0      0      0 S   0.0   0.0   0:00.00 nv_queue
    428 root      20   0       0      0      0 S   0.0   0.0   0:00.00 nv_queue
    483 root     -51   0       0      0      0 S   0.0   0.0   0:00.00 irq/118-3210000
    487 root      20   0       0      0      0 S   0.0   0.0   0:00.00 spi0
    495 root       0 -20       0      0      0 I   0.0   0.0   0:00.00 cfg80211
    497 root     -51   0       0      0      0 S   0.0   0.0   0:00.00 irq/119-3230000
    498 root      20   0       0      0      0 S   0.0   0.0   0:00.00 spi1
    584 root       0 -20       0      0      0 I   0.0   0.0   0:00.00 btfwwork
    650 root      20   0    8236   6424   1432 S   0.0   0.1   0:00.73 haveged
    653 _rpc      20   0    7932   2264   1912 S   0.0   0.0   0:00.04 rpcbind
    659 systemd+  20   0   26320  13580   8496 S   0.0   0.2   0:00.55 systemd-resolve
    662 systemd+  20   0   88880   6332   5484 S   0.0   0.1   0:00.15 systemd-timesyn
    826 avahi     20   0    8084   3108   2752 S   0.0   0.0   0:00.70 avahi-daemon
    827 root      20   0    9888   4552   4112 S   0.0   0.1   0:00.07 bluetoothd
    838 root      20   0   43504  19780  10232 S   0.0   0.3   0:00.15 networkd-dispat
    854 syslog    20   0  222160   5012   3672 S   0.0   0.1   0:05.85 rsyslogd
    859 root      20   0    2240    796    720 S   0.0   0.0   0:00.00 seatd
    865 root      20   0 2145956  51924  25772 S   0.0   0.7   0:37.99 snapd
    867 root      20   0  242124   7452   6576 S   0.0   0.1   0:02.29 accounts-daemon
    869 root      20   0  238128   6232   5620 S   0.0   0.1   0:00.04 switcheroo-cont
    871 root      20   0   48968   7620   6296 S   0.0   0.1   0:04.05 systemd-logind
    874 root      20   0  394188  13988   9476 S   0.0   0.2   0:01.11 udisksd
    875 root      20   0   16632   9928   8148 S   0.0   0.1   0:01.36 wpa_supplicant
    882 avahi     20   0    7812    356      0 S   0.0   0.0   0:00.00 avahi-daemon
    921 root      30  10   11248   3612   3220 S   0.0   0.0   0:08.79 wifi_mon.sh
    983 root      20   0    2460   1556   1380 S   0.0   0.0   0:08.55 nvfancontrol
   1049 root      20   0       0      0      0 S   0.0   0.0   0:00.00 sw-quiesce
   1052 root      20   0       0      0      0 S   0.0   0.0   0:21.80 nvgpu_channel_p
   1068 root      20   0       0      0      0 S   0.0   0.0   0:00.00 nvgpu_pg_init_g
   1087 root      20   0       0      0      0 S   0.0   0.0   0:00.00 nvgpu_clk_arb_p
   1117 root      20   0       0      0      0 S   0.0   0.0   0:08.03 RTW_CMD_THREAD
   1157 root      20   0   75936   9960   8136 S   0.0   0.1   0:00.01 nvargus-daemon
   1158 root      20   0   11116   3520   3220 S   0.0   0.0   0:00.08 nvmemwarning.sh
   1171 root      20   0   22192   1776   1580 S   0.0   0.0   0:00.00 nvs-service
   1181 ollama    20   0 2006720  39588  20072 S   0.0   0.5   0:01.11 ollama
   1195 root      20   0    2336   1408   1292 S   0.0   0.0   0:01.96 run-cups-browse
   1201 root      20   0    2336   1424   1296 S   0.0   0.0   0:02.02 run-cupsd
   1204 root      20   0       0      0      0 S   0.0   0.0   0:00.00 pr/ramoops-1
   1212 root      20   0 2093336  74476  33976 S   0.0   1.0   0:42.55 containerd
   1239 root      20   0   10772   2824   2576 S   0.0   0.0   0:00.06 cron
   1259 root      20   0  243128   8056   7012 S   0.0   0.1   0:00.02 gdm3
   1263 kernoops  20   0   12812    452      0 S   0.0   0.0   0:00.02 kerneloops
   1290 root      20   0    9468    800    724 S   0.0   0.0   0:00.00 agetty
   1291 kernoops  20   0   12812    452      0 S   0.0   0.0   0:00.02 kerneloops
   1293 root      20   0    9468    804    724 S   0.0   0.0   0:00.00 agetty
   1330 root      20   0  173408   8804   7628 S   0.0   0.1   0:00.02 gdm-session-wor
   1417 root      20   0       0      0      0 S   0.0   0.0   0:00.00 file-storage
   1426 root      20   0   15272   8368   6788 S   0.0   0.1   0:00.82 sshd
   1474 gdm       20   0   18120   9728   7360 S   0.0   0.1   0:00.46 systemd
   1478 root      20   0    3076    992    880 S   0.0   0.0   0:00.00 nvphsd
   1483 root      20   0    3208   1476   1316 S   0.0   0.0   0:00.00 nvphsd
   1497 gdm       20   0  106692   4552      0 S   0.0   0.1   0:00.00 (sd-pam)
   1588 root      20   0 2353004 113512  57032 S   0.0   1.5   0:32.48 dockerd
   1688 gdm        9 -11   41972   6476   5156 S   0.0   0.1   0:00.07 pipewire
   1689 gdm       20   0   25476   6428   5104 S   0.0   0.1   0:01.81 pipewire-media-
   1690 gdm        9 -11  891840  20748  12584 S   0.0   0.3   0:01.00 pulseaudio
   1695 gdm       20   0  163948   5472   4964 S   0.0   0.1   0:00.00 gdm-x-session
   1697 root      20   0   24.2g  80544  35884 S   0.0   1.0   0:02.25 Xorg
   1698 rtkit     21   1  153504   1588   1380 S   0.0   0.0   0:00.32 rtkit-daemon
   1729 gdm       20   0    8840   3600   3212 S   0.0   0.0   0:00.02 dbus-daemon
   1748 root      20   0       0      0      0 S   0.0   0.0   0:00.00 nvidia-modeset/
   1749 root      20   0       0      0      0 S   0.0   0.0   0:00.00 nvidia-modeset/
   1752 root      20   0       0      0      0 S   0.0   0.0   0:00.00 nvidia
   1753 root      20   0       0      0      0 S   0.0   0.0   0:00.00 nv_queue
   1790 root      20   0       0      0      0 S   0.0   0.0   0:00.00 nvidia-drm-nv-t
   1791 root     -51   0       0      0      0 S   0.0   0.0   0:00.00 card1-crtc0
   1792 root     -51   0       0      0      0 S   0.0   0.0   0:00.00 card1-crtc1
   1980 gdm       20   0    5876   1552   1344 S   0.0   0.0   0:00.00 dbus-run-sessio
   1983 gdm       20   0    9108   4440   3588 S   0.0   0.1   0:00.13 dbus-daemon
   2035 gdm       20   0  597840  17824  12972 S   0.0   0.2   0:01.11 gnome-session-b
   2057 gdm       20   0  310068   8976   6272 S   0.0   0.1   0:00.00 at-spi-bus-laun
   2062 gdm       20   0    8692   3556   3168 S   0.0   0.0   0:00.00 dbus-daemon
   2092 gdm       20   0  237676   4964   4528 S   0.0   0.1   0:00.00 xdg-permission-
   2099 root      20   0  243852  10136   6984 S   0.0   0.1   0:00.52 upowerd
   2106 root      20   0  301608  19332  16408 S   0.0   0.2   0:01.74 packagekitd
   2110 gdm       20   0 2812288  25716  20860 S   0.0   0.3   0:00.08 gjs
   2113 gdm       20   0  163144   7196   6428 S   0.0   0.1   0:00.02 at-spi2-registr
   2141 gdm       20   0  468748   9856   7940 S   0.0   0.1   0:02.19 gsd-sharing
   2146 gdm       20   0  338880  14892  12620 S   0.0   0.2   0:00.06 gsd-wacom
   2148 gdm       20   0  451616  18896  16480 S   0.0   0.2   0:00.22 gsd-color
   2150 gdm       20   0  412392  17092  13292 S   0.0   0.2   0:00.04 gsd-keyboard
   2152 gdm       20   0  316864  13188   6244 S   0.0   0.2   0:00.10 ibus-daemon
   2156 gdm       20   0  326124   9848   8488 S   0.0   0.1   0:00.02 gsd-print-notif
   2166 gdm       20   0  242216   6512   5848 S   0.0   0.1   0:00.01 gvfsd
   2168 gdm       20   0  459796   6140   5436 S   0.0   0.1   0:00.64 gsd-rfkill
   2170 gdm       20   0  388312   7432   6528 S   0.0   0.1   0:00.01 gsd-smartcard
   2173 gdm       20   0  380556  16508  12504 S   0.0   0.2   0:00.03 gsd-datetime
   2183 gdm       20   0  864216  20108  17428 S   0.0   0.3   0:00.58 gsd-media-keys
   2184 gdm       20   0  237936   4760   4376 S   0.0   0.1   0:00.01 gsd-screensaver
   2185 gdm       20   0  322096  10392   7320 S   0.0   0.1   0:00.02 gsd-sound
   2186 gdm       20   0  312416   8104   5476 S   0.0   0.1   0:00.01 gsd-a11y-settin
   2193 gdm       20   0  313996   8944   6152 S   0.0   0.1   0:01.01 gsd-housekeepin
   2195 gdm       20   0  450004  20288  15904 S   0.0   0.3   0:00.58 gsd-power
   2218 gdm       20   0  347052  12608  10748 S   0.0   0.2   0:00.03 gsd-printer
   2221 gdm       20   0  239040   6576   5948 S   0.0   0.1   0:00.00 ibus-dconf
   2233 gdm       20   0  238936   5920   5488 S   0.0   0.1   0:00.00 ibus-portal
   2263 colord    20   0  247516  14492   8720 S   0.0   0.2   0:00.27 colord
   2285 gdm       20   0 2812300  27868  20904 S   0.0   0.4   0:00.09 gjs
   2349 gdm       20   0  165096   6516   5892 S   0.0   0.1   0:00.01 ibus-engine-sim
   2508 root      20   0  136716  13172   9512 S   0.0   0.2   0:00.73 cupsd
   2522 root      20   0  260792  17940  13508 S   0.0   0.2   0:01.73 cups-browsed
  11687 jetson    20   0   18140   9764   7368 S   0.0   0.1   0:00.37 systemd
  11688 jetson    20   0  172512   4632      0 S   0.0   0.1   0:00.00 (sd-pam)
  11696 jetson    20   0   41976   6552   5228 S   0.0   0.1   0:00.07 pipewire
  11697 jetson    20   0   25484   6724   5388 S   0.0   0.1   0:01.99 pipewire-media-
  11749 jetson    20   0    8888   4168   3672 S   0.0   0.1   0:00.03 dbus-daemon
  11931 jetson    20   0  707268  63144  26432 S   0.0   0.8   2:28.28 python3
  13234 jetson    20   0  203640  35476  13212 S   0.0   0.5   0:00.75 ros2
  13236 jetson    20   0 2070472  36080  17228 S   0.0   0.5   0:00.94 docker
  13238 jetson    20   0  428524  31584  15828 S   0.0   0.4   2:34.06 robot_state_pub
  13265 root      20   0 1232976  11204   5960 S   0.0   0.1   0:02.48 containerd-shim
  13294 root      20   0   49400  29204  14412 S   0.0   0.4   0:00.40 ros2
 100141 root      20   0       0      0      0 I   0.0   0.0   0:23.73 kworker/u12:6-events_freezable_power_
 284193 root      20   0       0      0      0 I   0.0   0.0   0:14.64 kworker/u12:3-devfreq_wq
 407770 root      20   0       0      0      0 I   0.0   0.0   0:10.70 kworker/u12:9-events_unbound
 417230 root      20   0       0      0      0 I   0.0   0.0   0:09.08 kworker/u12:0-events_freezable_power_
 418183 root       0 -20       0      0      0 I   0.0   0.0   0:16.43 kworker/u13:0-uvcvideo
 437586 root      20   0       0      0      0 I   0.0   0.0   0:07.73 kworker/u12:4-events_unbound
 465092 root      20   0  238836   6948   5700 S   0.0   0.1   0:01.42 iio-sensor-prox
 481530 root       0 -20       0      0      0 I   0.0   0.0   0:10.94 kworker/u13:3-uvcvideo
 494770 root      20   0 1233488  12572   6732 S   0.0   0.2   0:12.14 containerd-shim
 494799 jetson    20   0    5508    792    704 S   0.0   0.0   0:00.21 sleep
 494866 root      20   0   21760   5464   3940 S   0.0   0.1   0:04.82 systemd-udevd
 494879 root      20   0   21756   3352   1840 S   0.0   0.0   0:01.00 systemd-udevd
 513219 root      20   0   21752   3996   2468 S   0.0   0.1   0:00.00 systemd-udevd
 513220 root      20   0   21760   3388   1868 S   0.0   0.0   0:00.00 systemd-udevd
 513233 root      20   0   21760   3392   1868 S   0.0   0.0   0:00.00 systemd-udevd
 513234 root      20   0   21760   3356   1840 S   0.0   0.0   0:00.00 systemd-udevd
 513235 root      20   0   21760   3996   2468 S   0.0   0.1   0:00.01 systemd-udevd
 513236 root      20   0   21760   3384   1868 S   0.0   0.0   0:00.00 systemd-udevd
 513237 root      20   0   21760   4188   2660 S   0.0   0.1   0:00.00 systemd-udevd
 513250 root      20   0   21760   4432   2868 S   0.0   0.1   0:08.48 systemd-udevd
 513251 root      20   0   21760   3840   2288 S   0.0   0.0   0:00.00 systemd-udevd
 513265 root      20   0   21760   4056   2496 S   0.0   0.1   0:00.01 systemd-udevd
 513266 root      20   0   21760   4052   2496 S   0.0   0.1   0:00.01 systemd-udevd
 538507 root      20   0       0      0      0 I   0.0   0.0   0:00.29 kworker/0:0-events
 576600 root      20   0       0      0      0 I   0.0   0.0   0:00.41 kworker/3:0-events
 576909 root      20   0       0      0      0 I   0.0   0.0   0:00.08 kworker/4:1-events
 582730 root      20   0       0      0      0 I   0.0   0.0   0:02.46 kworker/u12:2-events_freezable_power_
 602672 root      20   0       0      0      0 I   0.0   0.0   0:00.14 kworker/1:3-events
 621531 root      20   0       0      0      0 I   0.0   0.0   0:00.11 kworker/5:2-events
 622272 root      20   0       0      0      0 I   0.0   0.0   0:01.25 kworker/u12:7-events_freezable_power_
 642140 root      20   0       0      0      0 I   0.0   0.0   0:01.00 kworker/u12:8-events_unbound
 645581 root      20   0       0      0      0 I   0.0   0.0   0:00.04 kworker/1:2-events
 645980 root      20   0       0      0      0 I   0.0   0.0   0:00.07 kworker/5:0-events
 646577 jetson    20   0  572504  38828  13216 S   0.0   0.5   0:00.85 ros2
 646587 jetson    20   0 1082604  58700  26340 S   0.0   0.8   0:27.29 foxglove_bridge
 646880 jetson    20   0  129772  34676  13228 S   0.0   0.4   0:00.69 ros2
 647156 jetson    20   0   53568  30344  15012 S   0.0   0.4   0:00.41 ros2
 647161 root      20   0       0      0      0 I   0.0   0.0   0:00.00 kworker/3:1-events
 651818 root      20   0       0      0      0 I   0.0   0.0   0:00.05 kworker/4:0-events
 651861 root      20   0       0      0      0 I   0.0   0.0   0:00.00 kworker/2:0-events
 651906 root      20   0       0      0      0 I   0.0   0.0   0:00.00 kworker/0:2-events
 659922 root      20   0       0      0      0 I   0.0   0.0   0:00.29 kworker/u12:5-events_freezable_power_
 660558 root      20   0       0      0      0 I   0.0   0.0   0:00.05 kworker/1:0-mm_percpu_wq
 660666 root       0 -20       0      0      0 I   0.0   0.0   0:01.46 kworker/u13:2-uvcvideo
 663616 root      20   0    9436    784    704 S   0.0   0.0   0:00.00 sleep
 670335 root      20   0       0      0      0 I   0.0   0.0   0:00.00 kworker/2:1-cgroup_destroy
 670336 root      20   0       0      0      0 I   0.0   0.0   0:00.00 kworker/2:2-cgroup_destroy
 670384 root      20   0       0      0      0 I   0.0   0.0   0:00.00 kworker/0:1
 670511 root      20   0       0      0      0 I   0.0   0.0   0:00.00 kworker/3:2-cgroup_destroy
 670512 root      20   0       0      0      0 I   0.0   0.0   0:00.00 kworker/3:3
 672581 root      20   0       0      0      0 I   0.0   0.0   0:00.02 kworker/5:1-events
 672816 jetson    20   0   11248   3308   2868 S   0.0   0.0   0:00.04 bash
 675625 jetson    20   0   11248   3300   2868 S   0.0   0.0   0:00.01 bash
 675913 jetson    20   0    9480    808    724 S   0.0   0.0   0:00.00 tail
 678032 root      30  10    9436    780    704 S   0.0   0.0   0:00.00 sleep

top - 16:11:10 up  6:34,  0 users,  load average: 6.89, 6.61, 6.56
Tasks: 352 total,   7 running, 345 sleeping,   0 stopped,   0 zombie
%Cpu(s): 42.5 us, 10.6 sy,  0.0 ni, 42.5 id,  0.0 wa,  2.3 hi,  2.0 si,  0.0 st
MiB Mem :   7607.4 total,   2255.2 free,   2237.8 used,   3114.3 buff/cache
MiB Swap:   3803.7 total,   3803.7 free,      0.0 used.   5052.6 avail Mem 

    PID USER      PR  NI    VIRT    RES    SHR S  %CPU  %MEM     TIME+ COMMAND
 675912 jetson    20   0  818060  73236  29804 S  44.1   0.9   0:15.69 python3
 646802 jetson    20   0  709060  61196  27276 R  37.3   0.8   3:41.71 python3
 646999 jetson    20   0  963000  48428  23768 S  30.9   0.6   1:12.52 controller_serv
 675713 jetson    20   0  763620  54212  25376 S  22.5   0.7   0:09.80 ros2
 647181 jetson    20   0 9356228 409176  87560 S  16.7   5.3   1:40.29 nvblox_node
 647007 jetson    20   0  530840  46784  26672 R  16.2   0.6   1:03.19 bt_navigator
 646583 jetson    20   0  432976  25268  14224 S  14.2   0.3   1:41.21 rplidar_node
 646579 jetson    20   0 1748420 106700  51428 S  13.7   1.4   1:30.73 realsense2_came
 646804 jetson    20   0  506340  30844  18340 S  11.3   0.4   1:12.01 ekf_node
 647058 jetson    20   0  577528  31320  16252 S  11.3   0.4   1:08.02 lifecycle_manag
  13320 root      20   0 1300496  44680  11392 S  10.8   0.6  32:34.04 micro_ros_agent
 646585 jetson    20   0  707980  62852  27448 R  10.8   0.8   0:58.54 python3
 646882 jetson    20   0 1061852  56184  24360 S   9.8   0.7   0:29.50 async_slam_tool
 646997 jetson    20   0  709524  61896  27392 S   9.8   0.8   0:33.56 python3
 647003 jetson    20   0 1070788  70504  24808 S   9.8   0.9   1:02.02 planner_server
 647005 jetson    20   0  516440  34888  21032 S   7.4   0.4   0:49.29 behavior_server
 647001 jetson    20   0  664640  33088  19416 R   6.4   0.4   0:42.06 smoother_server
 647056 jetson    20   0  428696  29132  15944 R   6.4   0.4   0:35.54 velocity_smooth
 647025 jetson    20   0  431396  28940  17020 R   5.9   0.4   0:36.13 waypoint_follow
 646581 jetson    20   0  709380  64256  27276 S   3.4   0.8   0:31.63 python3
    904 root      rt   0       0      0      0 S   1.5   0.0   1:52.15 sugov:0
   1212 root      20   0 2093336  74476  33976 S   1.5   1.0   0:42.58 containerd
    909 root      rt   0       0      0      0 S   1.0   0.0   0:53.36 sugov:4
 646587 jetson    20   0 1082604  58700  26340 S   1.0   0.8   0:27.31 foxglove_bridge
    340 root      20   0   23544   6732   4608 S   0.5   0.1   1:33.38 systemd-udevd
    854 syslog    20   0  222160   5012   3672 S   0.5   0.1   0:05.86 rsyslogd
    865 root      20   0 2145956  51924  25772 S   0.5   0.7   0:38.00 snapd
    983 root      20   0    2460   1556   1380 S   0.5   0.0   0:08.56 nvfancontrol
   1588 root      20   0 2353004 113512  57032 S   0.5   1.5   0:32.49 dockerd
 407770 root      20   0       0      0      0 I   0.5   0.0   0:10.71 kworker/u12:9-events_freezable_power_
 417230 root      20   0       0      0      0 I   0.5   0.0   0:09.09 kworker/u12:0-events_freezable_power_
 589172 root      20   0       0      0      0 I   0.5   0.0   0:02.22 kworker/u12:10-events_freezable_power_
 591089 root       0 -20       0      0      0 I   0.5   0.0   0:04.39 kworker/u13:1-uvcvideo
 642140 root      20   0       0      0      0 I   0.5   0.0   0:01.01 kworker/u12:8-events_freezable_power_
 646995 jetson    20   0  796968  40104  13228 S   0.5   0.5   0:01.46 ros2
 675134 root       0 -20       0      0      0 I   0.5   0.0   0:00.26 kworker/u13:4-uvcvideo
 675714 jetson    20   0   14340   3384   2772 R   0.5   0.0   0:00.41 top
      1 root      20   0  167628  11768   7448 S   0.0   0.2   0:32.56 systemd
      2 root      20   0       0      0      0 S   0.0   0.0   0:00.03 kthreadd
      3 root       0 -20       0      0      0 I   0.0   0.0   0:00.00 rcu_gp
      4 root       0 -20       0      0      0 I   0.0   0.0   0:00.00 rcu_par_gp
      5 root       0 -20       0      0      0 I   0.0   0.0   0:00.00 slub_flushwq
      6 root       0 -20       0      0      0 I   0.0   0.0   0:00.00 netns
      8 root       0 -20       0      0      0 I   0.0   0.0   0:00.00 kworker/0:0H-events_highpri
     10 root       0 -20       0      0      0 I   0.0   0.0   0:00.00 mm_percpu_wq
     11 root      20   0       0      0      0 S   0.0   0.0   0:00.00 rcu_tasks_kthre
     12 root      20   0       0      0      0 S   0.0   0.0   0:00.00 rcu_tasks_rude_
     13 root      20   0       0      0      0 S   0.0   0.0   0:00.00 rcu_tasks_trace
     14 root      20   0       0      0      0 S   0.0   0.0   0:23.72 ksoftirqd/0
     15 root      20   0       0      0      0 I   0.0   0.0   0:10.50 rcu_preempt
     16 root      rt   0       0      0      0 S   0.0   0.0   0:00.03 migration/0
     17 root      20   0       0      0      0 S   0.0   0.0   0:00.00 cpuhp/0
     18 root      20   0       0      0      0 S   0.0   0.0   0:00.00 cpuhp/1
     19 root      rt   0       0      0      0 S   0.0   0.0   0:00.03 migration/1
     20 root      20   0       0      0      0 S   0.0   0.0   0:01.73 ksoftirqd/1
     22 root       0 -20       0      0      0 I   0.0   0.0   0:00.00 kworker/1:0H-events_highpri
     23 root      20   0       0      0      0 S   0.0   0.0   0:00.00 cpuhp/2
     24 root      rt   0       0      0      0 S   0.0   0.0   0:00.02 migration/2
     25 root      20   0       0      0      0 S   0.0   0.0   0:01.74 ksoftirqd/2
     27 root       0 -20       0      0      0 I   0.0   0.0   0:00.00 kworker/2:0H-events_highpri
     28 root      20   0       0      0      0 S   0.0   0.0   0:00.00 cpuhp/3
     29 root      rt   0       0      0      0 S   0.0   0.0   0:00.02 migration/3
     30 root      20   0       0      0      0 S   0.0   0.0   0:01.63 ksoftirqd/3
     32 root       0 -20       0      0      0 I   0.0   0.0   0:00.00 kworker/3:0H-events_highpri
     33 root      20   0       0      0      0 S   0.0   0.0   0:00.00 cpuhp/4
     34 root      rt   0       0      0      0 S   0.0   0.0   0:00.07 migration/4
     35 root      20   0       0      0      0 S   0.0   0.0   0:01.23 ksoftirqd/4
     37 root       0 -20       0      0      0 I   0.0   0.0   0:00.00 kworker/4:0H-kblockd
     38 root      20   0       0      0      0 S   0.0   0.0   0:00.00 cpuhp/5
     39 root      rt   0       0      0      0 S   0.0   0.0   0:00.07 migration/5
     40 root      20   0       0      0      0 S   0.0   0.0   0:01.29 ksoftirqd/5
     42 root       0 -20       0      0      0 I   0.0   0.0   0:00.00 kworker/5:0H-events_highpri
     43 root      20   0       0      0      0 S   0.0   0.0   0:00.01 kdevtmpfs
     44 root       0 -20       0      0      0 I   0.0   0.0   0:00.00 inet_frag_wq
     51 root      20   0       0      0      0 S   0.0   0.0   0:00.00 kauditd
     52 root      20   0       0      0      0 S   0.0   0.0   0:00.00 oom_reaper
     53 root       0 -20       0      0      0 I   0.0   0.0   0:00.00 writeback
     54 root      20   0       0      0      0 S   0.0   0.0   0:00.19 kcompactd0
     55 root      25   5       0      0      0 S   0.0   0.0   0:00.00 ksmd
     56 root      39  19       0      0      0 S   0.0   0.0   0:02.11 khugepaged
     67 root       0 -20       0      0      0 I   0.0   0.0   0:00.00 cryptd
     86 root       0 -20       0      0      0 I   0.0   0.0   0:00.00 kintegrityd
     87 root       0 -20       0      0      0 I   0.0   0.0   0:00.00 kblockd
     88 root       0 -20       0      0      0 I   0.0   0.0   0:00.00 blkcg_punt_bio
     89 root       0 -20       0      0      0 I   0.0   0.0   0:00.00 tpm_dev_wq
     90 root       0 -20       0      0      0 I   0.0   0.0   0:00.00 ata_sff
     91 root       0 -20       0      0      0 I   0.0   0.0   0:00.00 edac-poller
     92 root       0 -20       0      0      0 I   0.0   0.0   0:00.00 devfreq_wq
     93 root     -51   0       0      0      0 S   0.0   0.0   0:00.00 watchdogd
     96 root       0 -20       0      0      0 I   0.0   0.0   0:00.06 kworker/1:1H-kblockd
     97 root       0 -20       0      0      0 I   0.0   0.0   0:00.00 rpciod
     99 root       0 -20       0      0      0 I   0.0   0.0   0:00.00 xprtiod
    127 root      20   0       0      0      0 S   0.0   0.0   0:00.00 kswapd0
    128 root       0 -20       0      0      0 I   0.0   0.0   0:00.00 nfsiod
    132 root       0 -20       0      0      0 I   0.0   0.0   0:00.00 vfio-irqfd-clea
    133 root       0 -20       0      0      0 I   0.0   0.0   0:00.00 bch_btree_io
    134 root       0 -20       0      0      0 I   0.0   0.0   0:00.00 bcache
    135 root       0 -20       0      0      0 I   0.0   0.0   0:00.00 bch_journal
    136 root       0 -20       0      0      0 I   0.0   0.0   0:00.00 dm_bufio_cache
    139 root      20   0       0      0      0 I   0.0   0.0   0:01.99 kworker/2:3-mm_percpu_wq
    140 root      10 -10       0      0      0 S   0.0   0.0   0:00.00 krfcommd
    141 root      20   0       0      0      0 S   0.0   0.0   0:00.01 pr/tty0
    142 root      20   0       0      0      0 S   0.0   0.0   0:03.11 pr/ttyTCU0
    145 root     -51   0       0      0      0 S   0.0   0.0   0:00.00 irq/114-3160000
    147 root     -51   0       0      0      0 S   0.0   0.0   0:00.00 irq/115-3180000
    149 root     -51   0       0      0      0 S   0.0   0.0   0:00.00 irq/116-31b0000
    150 root     -51   0       0      0      0 S   0.0   0.0   0:00.04 irq/167-c240000
    151 root     -51   0       0      0      0 S   0.0   0.0   0:00.00 irq/168-c250000
    152 root     -51   0       0      0      0 S   0.0   0.0   0:00.00 irq/125-3610000
    153 root     -51   0       0      0      0 S   0.0   0.0   0:00.00 irq/122-3610000
    155 root       0 -20       0      0      0 I   0.0   0.0   0:00.00 sdhci
    156 root     -51   0       0      0      0 S   0.0   0.0   0:00.00 irq/120-mmc0
    157 root     -51   0       0      0      0 S   0.0   0.0   0:00.00 irq/230-3400000
    174 root       0 -20       0      0      0 I   0.0   0.0   0:00.06 kworker/3:1H-kblockd
    180 root     -51   0       0      0      0 S   0.0   0.0   0:00.00 irq/191-tegra-p
    181 root       0 -20       0      0      0 I   0.0   0.0   0:00.00 nvme-wq
    182 root       0 -20       0      0      0 I   0.0   0.0   0:00.00 nvme-reset-wq
    183 root       0 -20       0      0      0 I   0.0   0.0   0:00.00 nvme-delete-wq
    192 root     -51   0       0      0      0 S   0.0   0.0   0:00.00 irq/191-aerdrv
    193 root     -51   0       0      0      0 S   0.0   0.0   0:00.00 irq/193-tegra-p
    196 root     -51   0       0      0      0 S   0.0   0.0   0:00.00 irq/193-aerdrv
    197 root     -51   0       0      0      0 S   0.0   0.0   0:00.00 irq/195-tegra-p
    199 root     -51   0       0      0      0 S   0.0   0.0   0:00.00 irq/232-nvme0q0
    200 root     -51   0       0      0      0 S   0.0   0.0   0:00.38 irq/233-nvme0q1
    201 root     -51   0       0      0      0 S   0.0   0.0   0:00.42 irq/234-nvme0q2
    202 root     -51   0       0      0      0 S   0.0   0.0   0:00.54 irq/235-nvme0q3
    203 root     -51   0       0      0      0 S   0.0   0.0   0:00.66 irq/236-nvme0q4
    204 root     -51   0       0      0      0 S   0.0   0.0   0:00.16 irq/237-nvme0q5
    205 root     -51   0       0      0      0 S   0.0   0.0   0:00.13 irq/238-nvme0q6
    211 root       0 -20       0      0      0 I   0.0   0.0   0:00.07 kworker/4:1H-kblockd
    212 root      20   0       0      0      0 S   0.0   0.0   0:01.51 jbd2/nvme0n1p1-
    213 root       0 -20       0      0      0 I   0.0   0.0   0:00.00 ext4-rsv-conver
    222 root       0 -20       0      0      0 I   0.0   0.0   0:00.00 mld
    223 root       0 -20       0      0      0 I   0.0   0.0   0:00.04 kworker/0:1H-kblockd
    224 root       0 -20       0      0      0 I   0.0   0.0   0:00.00 ipv6_addrconf
    256 root      19  -1   76560  40448  38820 S   0.0   0.5   0:30.54 systemd-journal
    278 root       0 -20       0      0      0 I   0.0   0.0   0:00.08 kworker/2:1H-kblockd
    280 root      39  19       0      0      0 S   0.0   0.0   0:01.71 nvmap-bz
    281 root     -51   0       0      0      0 S   0.0   0.0   0:00.00 irq/188-host1x_
    285 root     -51   0       0      0      0 S   0.0   0.0   0:00.00 irq/197-gk20a_s
    286 root     -51   0       0      0      0 S   0.0   0.0   0:00.03 irq/198-gk20a_s
    287 root     -51   0       0      0      0 S   0.0   0.0   0:00.03 irq/199-gk20a_s
    288 root     -51   0       0      0      0 S   0.0   0.0   0:00.00 irq/200-gk20a_n
    291 root       0 -20       0      0      0 I   0.0   0.0   0:00.06 kworker/5:1H-kblockd
    295 root      20   0   11116   3460   3204 S   0.0   0.0   0:00.00 nv-tee-supplica
    299 root      20   0   76588   1360   1248 S   0.0   0.0   0:00.01 tee-supplicant
    301 root       0 -20       0      0      0 I   0.0   0.0   0:00.00 optee_bus_scan
    303 root     -51   0       0      0      0 S   0.0   0.0   0:00.00 irq/189-tegra-p
    312 root      20   0   23732   6316   4080 S   0.0   0.1   0:27.86 systemd-udevd
    313 root     -51   0       0      0      0 S   0.0   0.0   0:00.00 irq/189-aerdrv
    314 root      20   0   23216   5832   3992 S   0.0   0.1   0:00.41 systemd-udevd
    315 root      20   0   23216   5020   3248 S   0.0   0.1   0:00.15 systemd-udevd
    316 root      20   0   23268   6252   4316 S   0.0   0.1   0:00.16 systemd-udevd
    317 root      20   0   23220   4364   2600 S   0.0   0.1   0:00.11 systemd-udevd
    318 root      20   0   23216   4480   2672 S   0.0   0.1   0:00.12 systemd-udevd
    319 root      20   0   23212   5820   3980 S   0.0   0.1   0:00.29 systemd-udevd
    320 root      20   0   23264   4688   2764 S   0.0   0.1   0:00.13 systemd-udevd
    321 root      20   0   23268   5072   3136 S   0.0   0.1   0:00.18 systemd-udevd
    322 root      20   0   23524   5520   3456 S   0.0   0.1   0:00.27 systemd-udevd
    323 root      20   0   23216   6304   4444 S   0.0   0.1   0:00.42 systemd-udevd
    324 root      20   0   23220   5196   3388 S   0.0   0.1   0:00.16 systemd-udevd
    325 root      20   0   23220   5820   3976 S   0.0   0.1   0:00.41 systemd-udevd
    326 root      20   0   23220   5256   3388 S   0.0   0.1   0:00.45 systemd-udevd
    327 root      20   0   23220   5504   3684 S   0.0   0.1   0:00.18 systemd-udevd
    330 root      20   0   23512   5728   3684 S   0.0   0.1   0:00.14 systemd-udevd
    331 root      20   0   24292   5540   2676 S   0.0   0.1   0:00.16 systemd-udevd
    333 root      20   0   23524   5596   3532 S   0.0   0.1   0:00.28 systemd-udevd
    334 root      20   0   23220   5584   3740 S   0.0   0.1   0:00.27 systemd-udevd
    335 root      20   0   23220   4504   2708 S   0.0   0.1   0:00.11 systemd-udevd
    336 root      20   0   23220   4696   2892 S   0.0   0.1   0:00.14 systemd-udevd
    337 root      20   0   23524   5056   2992 S   0.0   0.1   0:00.16 systemd-udevd
    339 root      20   0   23220   4980   3148 S   0.0   0.1   0:00.17 systemd-udevd
    341 root      20   0   23276   5328   3384 S   0.0   0.1   0:00.13 systemd-udevd
    342 root      20   0   23280   5176   3228 S   0.0   0.1   0:00.13 systemd-udevd
    343 root      20   0   23220   5988   4152 S   0.0   0.1   0:00.33 systemd-udevd
    344 root      20   0   23560   6700   4596 S   0.0   0.1   0:00.58 systemd-udevd
    345 root      20   0       0      0      0 S   0.0   0.0   0:00.00 15820000.crypto
    346 root      20   0       0      0      0 S   0.0   0.0   0:00.00 15840000.crypto
    368 root      20   0   23324   5984   4116 S   0.0   0.1   0:00.46 systemd-udevd
    417 root     -51   0       0      0      0 S   0.0   0.0   0:00.00 irq/219-bc00000
    419 root      -2   0       0      0      0 S   0.0   0.0   0:00.00 capture-control
    420 root      -2   0       0      0      0 S   0.0   0.0   0:00.00 capture
    422 root     -51   0       0      0      0 S   0.0   0.0   0:00.00 irq/214-tegra_d
    423 root     -51   0       0      0      0 S   0.0   0.0   0:00.00 irq/215-tegra_d
    424 root       0 -20       0      0      0 I   0.0   0.0   0:00.00 dce-async-ipc-w
    425 root     -51   0       0      0      0 S   0.0   0.0   0:00.00 irq/240-nvvrs-p
    427 root      20   0       0      0      0 S   0.0   0.0   0:00.00 nv_queue
    428 root      20   0       0      0      0 S   0.0   0.0   0:00.00 nv_queue
    483 root     -51   0       0      0      0 S   0.0   0.0   0:00.00 irq/118-3210000
    487 root      20   0       0      0      0 S   0.0   0.0   0:00.00 spi0
    495 root       0 -20       0      0      0 I   0.0   0.0   0:00.00 cfg80211
    497 root     -51   0       0      0      0 S   0.0   0.0   0:00.00 irq/119-3230000
    498 root      20   0       0      0      0 S   0.0   0.0   0:00.00 spi1
    584 root       0 -20       0      0      0 I   0.0   0.0   0:00.00 btfwwork
    650 root      20   0    8236   6424   1432 S   0.0   0.1   0:00.73 haveged
    653 _rpc      20   0    7932   2264   1912 S   0.0   0.0   0:00.04 rpcbind
    659 systemd+  20   0   26320  13580   8496 S   0.0   0.2   0:00.55 systemd-resolve
    662 systemd+  20   0   88880   6332   5484 S   0.0   0.1   0:00.15 systemd-timesyn
    826 avahi     20   0    8084   3108   2752 S   0.0   0.0   0:00.70 avahi-daemon
    827 root      20   0    9888   4552   4112 S   0.0   0.1   0:00.07 bluetoothd
    828 message+  20   0   10496   5632   3584 S   0.0   0.1   0:47.68 dbus-daemon
    829 root      20   0  264848  18932  14872 S   0.0   0.2   0:43.30 NetworkManager
    838 root      20   0   43504  19780  10232 S   0.0   0.3   0:00.15 networkd-dispat
    849 root      20   0  241652   9056   6312 S   0.0   0.1   0:00.67 power-profiles-
    859 root      20   0    2240    796    720 S   0.0   0.0   0:00.00 seatd
    867 root      20   0  242124   7452   6576 S   0.0   0.1   0:02.29 accounts-daemon
    869 root      20   0  238128   6232   5620 S   0.0   0.1   0:00.04 switcheroo-cont
    871 root      20   0   48968   7620   6296 S   0.0   0.1   0:04.05 systemd-logind
    874 root      20   0  394188  13988   9476 S   0.0   0.2   0:01.11 udisksd
    875 root      20   0   16632   9928   8148 S   0.0   0.1   0:01.36 wpa_supplicant
    882 avahi     20   0    7812    356      0 S   0.0   0.0   0:00.00 avahi-daemon
    921 root      30  10   11248   3612   3220 S   0.0   0.0   0:08.79 wifi_mon.sh
    969 root      20   0  237044  10468   6400 S   0.0   0.1   3:28.96 polkitd
   1049 root      20   0       0      0      0 S   0.0   0.0   0:00.00 sw-quiesce
   1052 root      20   0       0      0      0 S   0.0   0.0   0:21.80 nvgpu_channel_p
   1068 root      20   0       0      0      0 S   0.0   0.0   0:00.00 nvgpu_pg_init_g
   1087 root      20   0       0      0      0 S   0.0   0.0   0:00.00 nvgpu_clk_arb_p
   1117 root      20   0       0      0      0 S   0.0   0.0   0:08.03 RTW_CMD_THREAD
   1157 root      20   0   75936   9960   8136 S   0.0   0.1   0:00.01 nvargus-daemon
   1158 root      20   0   11116   3520   3220 S   0.0   0.0   0:00.08 nvmemwarning.sh
   1171 root      20   0   22192   1776   1580 S   0.0   0.0   0:00.00 nvs-service
   1181 ollama    20   0 2006720  39588  20072 S   0.0   0.5   0:01.11 ollama
   1195 root      20   0    2336   1408   1292 S   0.0   0.0   0:01.96 run-cups-browse
   1201 root      20   0    2336   1424   1296 S   0.0   0.0   0:02.02 run-cupsd
   1204 root      20   0       0      0      0 S   0.0   0.0   0:00.00 pr/ramoops-1
   1239 root      20   0   10772   2824   2576 S   0.0   0.0   0:00.06 cron
   1259 root      20   0  243128   8056   7012 S   0.0   0.1   0:00.02 gdm3
   1263 kernoops  20   0   12812    452      0 S   0.0   0.0   0:00.02 kerneloops
   1290 root      20   0    9468    800    724 S   0.0   0.0   0:00.00 agetty
   1291 kernoops  20   0   12812    452      0 S   0.0   0.0   0:00.02 kerneloops
   1293 root      20   0    9468    804    724 S   0.0   0.0   0:00.00 agetty
   1330 root      20   0  173408   8804   7628 S   0.0   0.1   0:00.02 gdm-session-wor
   1417 root      20   0       0      0      0 S   0.0   0.0   0:00.00 file-storage
   1426 root      20   0   15272   8368   6788 S   0.0   0.1   0:00.82 sshd
   1474 gdm       20   0   18120   9728   7360 S   0.0   0.1   0:00.46 systemd
   1478 root      20   0    3076    992    880 S   0.0   0.0   0:00.00 nvphsd
   1483 root      20   0    3208   1476   1316 S   0.0   0.0   0:00.00 nvphsd
   1497 gdm       20   0  106692   4552      0 S   0.0   0.1   0:00.00 (sd-pam)
   1688 gdm        9 -11   41972   6476   5156 S   0.0   0.1   0:00.07 pipewire
   1689 gdm       20   0   25476   6428   5104 S   0.0   0.1   0:01.81 pipewire-media-
   1690 gdm        9 -11  891840  20748  12584 S   0.0   0.3   0:01.00 pulseaudio
   1695 gdm       20   0  163948   5472   4964 S   0.0   0.1   0:00.00 gdm-x-session
   1697 root      20   0   24.2g  80544  35884 S   0.0   1.0   0:02.25 Xorg
   1698 rtkit     21   1  153504   1588   1380 S   0.0   0.0   0:00.32 rtkit-daemon
   1729 gdm       20   0    8840   3600   3212 S   0.0   0.0   0:00.02 dbus-daemon
   1748 root      20   0       0      0      0 S   0.0   0.0   0:00.00 nvidia-modeset/
   1749 root      20   0       0      0      0 S   0.0   0.0   0:00.00 nvidia-modeset/
   1752 root      20   0       0      0      0 S   0.0   0.0   0:00.00 nvidia
   1753 root      20   0       0      0      0 S   0.0   0.0   0:00.00 nv_queue
   1790 root      20   0       0      0      0 S   0.0   0.0   0:00.00 nvidia-drm-nv-t
   1791 root     -51   0       0      0      0 S   0.0   0.0   0:00.00 card1-crtc0
   1792 root     -51   0       0      0      0 S   0.0   0.0   0:00.00 card1-crtc1
   1980 gdm       20   0    5876   1552   1344 S   0.0   0.0   0:00.00 dbus-run-sessio
   1983 gdm       20   0    9108   4440   3588 S   0.0   0.1   0:00.13 dbus-daemon
   2035 gdm       20   0  597840  17824  12972 S   0.0   0.2   0:01.11 gnome-session-b
   2057 gdm       20   0  310068   8976   6272 S   0.0   0.1   0:00.00 at-spi-bus-laun
   2062 gdm       20   0    8692   3556   3168 S   0.0   0.0   0:00.00 dbus-daemon
   2071 gdm       20   0 3471500 137224  73260 S   0.0   1.8   0:49.78 gnome-shell
   2092 gdm       20   0  237676   4964   4528 S   0.0   0.1   0:00.00 xdg-permission-
   2099 root      20   0  243852  10136   6984 S   0.0   0.1   0:00.52 upowerd
   2106 root      20   0  301608  19332  16408 S   0.0   0.2   0:01.74 packagekitd
   2110 gdm       20   0 2812288  25716  20860 S   0.0   0.3   0:00.08 gjs
   2113 gdm       20   0  163144   7196   6428 S   0.0   0.1   0:00.02 at-spi2-registr
   2141 gdm       20   0  468748   9856   7940 S   0.0   0.1   0:02.19 gsd-sharing
   2146 gdm       20   0  338880  14892  12620 S   0.0   0.2   0:00.06 gsd-wacom
   2148 gdm       20   0  451616  18896  16480 S   0.0   0.2   0:00.22 gsd-color
   2150 gdm       20   0  412392  17092  13292 S   0.0   0.2   0:00.04 gsd-keyboard
   2152 gdm       20   0  316864  13188   6244 S   0.0   0.2   0:00.10 ibus-daemon
   2156 gdm       20   0  326124   9848   8488 S   0.0   0.1   0:00.02 gsd-print-notif
   2166 gdm       20   0  242216   6512   5848 S   0.0   0.1   0:00.01 gvfsd
   2168 gdm       20   0  459796   6140   5436 S   0.0   0.1   0:00.64 gsd-rfkill
   2170 gdm       20   0  388312   7432   6528 S   0.0   0.1   0:00.01 gsd-smartcard
   2173 gdm       20   0  380556  16508  12504 S   0.0   0.2   0:00.03 gsd-datetime
   2183 gdm       20   0  864216  20108  17428 S   0.0   0.3   0:00.58 gsd-media-keys
   2184 gdm       20   0  237936   4760   4376 S   0.0   0.1   0:00.01 gsd-screensaver
   2185 gdm       20   0  322096  10392   7320 S   0.0   0.1   0:00.02 gsd-sound
   2186 gdm       20   0  312416   8104   5476 S   0.0   0.1   0:00.01 gsd-a11y-settin
   2193 gdm       20   0  313996   8944   6152 S   0.0   0.1   0:01.01 gsd-housekeepin
   2195 gdm       20   0  450004  20288  15904 S   0.0   0.3   0:00.58 gsd-power
   2218 gdm       20   0  347052  12608  10748 S   0.0   0.2   0:00.03 gsd-printer
   2221 gdm       20   0  239040   6576   5948 S   0.0   0.1   0:00.00 ibus-dconf
   2233 gdm       20   0  238936   5920   5488 S   0.0   0.1   0:00.00 ibus-portal
   2263 colord    20   0  247516  14492   8720 S   0.0   0.2   0:00.27 colord
   2285 gdm       20   0 2812300  27868  20904 S   0.0   0.4   0:00.09 gjs
   2349 gdm       20   0  165096   6516   5892 S   0.0   0.1   0:00.01 ibus-engine-sim
   2508 root      20   0  136716  13172   9512 S   0.0   0.2   0:00.73 cupsd
   2522 root      20   0  260792  17940  13508 S   0.0   0.2   0:01.73 cups-browsed
  11687 jetson    20   0   18140   9764   7368 S   0.0   0.1   0:00.37 systemd
  11688 jetson    20   0  172512   4632      0 S   0.0   0.1   0:00.00 (sd-pam)
  11696 jetson    20   0   41976   6552   5228 S   0.0   0.1   0:00.07 pipewire
  11697 jetson    20   0   25484   6724   5388 S   0.0   0.1   0:01.99 pipewire-media-
  11749 jetson    20   0    8888   4168   3672 S   0.0   0.1   0:00.03 dbus-daemon
  11931 jetson    20   0  707268  63144  26432 S   0.0   0.8   2:28.28 python3
  13234 jetson    20   0  203640  35476  13212 S   0.0   0.5   0:00.75 ros2
  13236 jetson    20   0 2070472  36080  17228 S   0.0   0.5   0:00.94 docker
  13238 jetson    20   0  428524  31584  15828 S   0.0   0.4   2:34.06 robot_state_pub
  13265 root      20   0 1232976  11204   5960 S   0.0   0.1   0:02.48 containerd-shim
  13294 root      20   0   49400  29204  14412 S   0.0   0.4   0:00.40 ros2
 100141 root      20   0       0      0      0 I   0.0   0.0   0:23.73 kworker/u12:6-events_freezable_power_
 284193 root      20   0       0      0      0 I   0.0   0.0   0:14.64 kworker/u12:3-events_unbound
 418183 root       0 -20       0      0      0 I   0.0   0.0   0:16.43 kworker/u13:0-uvcvideo
 437586 root      20   0       0      0      0 I   0.0   0.0   0:07.73 kworker/u12:4-events_unbound
 465092 root      20   0  238836   6948   5700 S   0.0   0.1   0:01.42 iio-sensor-prox
 481530 root       0 -20       0      0      0 I   0.0   0.0   0:10.94 kworker/u13:3-uvcvideo
 494770 root      20   0 1233488  12836   6732 S   0.0   0.2   0:12.14 containerd-shim
 494799 jetson    20   0    5508    792    704 S   0.0   0.0   0:00.21 sleep
 494866 root      20   0   21760   5464   3940 S   0.0   0.1   0:04.82 systemd-udevd
 494879 root      20   0   21756   3352   1840 S   0.0   0.0   0:01.00 systemd-udevd
 513219 root      20   0   21752   3996   2468 S   0.0   0.1   0:00.00 systemd-udevd
 513220 root      20   0   21760   3388   1868 S   0.0   0.0   0:00.00 systemd-udevd
 513233 root      20   0   21760   3392   1868 S   0.0   0.0   0:00.00 systemd-udevd
 513234 root      20   0   21760   3356   1840 S   0.0   0.0   0:00.00 systemd-udevd
 513235 root      20   0   21760   3996   2468 S   0.0   0.1   0:00.01 systemd-udevd
 513236 root      20   0   21760   3384   1868 S   0.0   0.0   0:00.00 systemd-udevd
 513237 root      20   0   21760   4188   2660 S   0.0   0.1   0:00.00 systemd-udevd
 513250 root      20   0   21760   4432   2868 S   0.0   0.1   0:08.48 systemd-udevd
 513251 root      20   0   21760   3840   2288 S   0.0   0.0   0:00.00 systemd-udevd
 513265 root      20   0   21760   4056   2496 S   0.0   0.1   0:00.01 systemd-udevd
 513266 root      20   0   21760   4052   2496 S   0.0   0.1   0:00.01 systemd-udevd
 538507 root      20   0       0      0      0 I   0.0   0.0   0:00.29 kworker/0:0-events
 576600 root      20   0       0      0      0 I   0.0   0.0   0:00.41 kworker/3:0-events
 576909 root      20   0       0      0      0 I   0.0   0.0   0:00.08 kworker/4:1-events
 582730 root      20   0       0      0      0 I   0.0   0.0   0:02.46 kworker/u12:2-events_unbound
 602672 root      20   0       0      0      0 I   0.0   0.0   0:00.14 kworker/1:3-events
 621531 root      20   0       0      0      0 I   0.0   0.0   0:00.11 kworker/5:2-events
 622272 root      20   0       0      0      0 I   0.0   0.0   0:01.25 kworker/u12:7-events_freezable_power_
 645581 root      20   0       0      0      0 I   0.0   0.0   0:00.04 kworker/1:2-events
 645980 root      20   0       0      0      0 I   0.0   0.0   0:00.07 kworker/5:0-events
 646577 jetson    20   0  572504  38828  13216 S   0.0   0.5   0:00.85 ros2
 646880 jetson    20   0  129772  34676  13228 S   0.0   0.4   0:00.69 ros2
 647060 jetson    20   0   11248   3076   2756 S   0.0   0.0   0:00.41 bash
 647156 jetson    20   0   53568  30344  15012 S   0.0   0.4   0:00.41 ros2
 647161 root      20   0       0      0      0 I   0.0   0.0   0:00.00 kworker/3:1-events
 651818 root      20   0       0      0      0 I   0.0   0.0   0:00.05 kworker/4:0-mm_percpu_wq
 651861 root      20   0       0      0      0 I   0.0   0.0   0:00.00 kworker/2:0-events
 651906 root      20   0       0      0      0 I   0.0   0.0   0:00.00 kworker/0:2-events
 659922 root      20   0       0      0      0 I   0.0   0.0   0:00.29 kworker/u12:5-events_unbound
 660558 root      20   0       0      0      0 I   0.0   0.0   0:00.05 kworker/1:0-events
 660666 root       0 -20       0      0      0 I   0.0   0.0   0:01.46 kworker/u13:2-uvcvideo
 663616 root      20   0    9436    784    704 S   0.0   0.0   0:00.00 sleep
 670335 root      20   0       0      0      0 I   0.0   0.0   0:00.00 kworker/2:1-cgroup_destroy
 670336 root      20   0       0      0      0 I   0.0   0.0   0:00.00 kworker/2:2-cgroup_destroy
 670384 root      20   0       0      0      0 I   0.0   0.0   0:00.00 kworker/0:1
 670511 root      20   0       0      0      0 I   0.0   0.0   0:00.00 kworker/3:2-cgroup_destroy
 670512 root      20   0       0      0      0 I   0.0   0.0   0:00.00 kworker/3:3
 672581 root      20   0       0      0      0 I   0.0   0.0   0:00.02 kworker/5:1-events
 672816 jetson    20   0   11248   3308   2868 S   0.0   0.0   0:00.04 bash
 675625 jetson    20   0   11248   3300   2868 S   0.0   0.0   0:00.01 bash
 675715 jetson    20   0    2872    884    788 S   0.0   0.0   0:00.09 tegrastats
 675913 jetson    20   0    9480    808    724 S   0.0   0.0   0:00.00 tail
 678032 root      30  10    9436    780    704 S   0.0   0.0   0:00.00 sleep
 678163 jetson    20   0    9444    780    696 S   0.0   0.0   0:00.00 sleep

top - 16:11:12 up  6:34,  0 users,  load average: 6.65, 6.56, 6.55
Tasks: 352 total,   2 running, 350 sleeping,   0 stopped,   0 zombie
%Cpu(s): 35.7 us, 12.3 sy,  0.0 ni, 47.4 id,  0.0 wa,  2.4 hi,  2.2 si,  0.0 st
MiB Mem :   7607.4 total,   2255.2 free,   2237.8 used,   3114.3 buff/cache
MiB Swap:   3803.7 total,   3803.7 free,      0.0 used.   5052.6 avail Mem 

    PID USER      PR  NI    VIRT    RES    SHR S  %CPU  %MEM     TIME+ COMMAND
 646802 jetson    20   0  709060  61196  27276 S  39.9   0.8   3:42.52 python3
 675713 jetson    20   0  763620  54212  25376 S  23.2   0.7   0:10.27 ros2
  13320 root      20   0 1300496  44680  11392 S  22.2   0.6  32:34.49 micro_ros_agent
 646583 jetson    20   0  432976  25268  14224 S  16.3   0.3   1:41.54 rplidar_node
 647181 jetson    20   0 9356228 409176  87560 S  16.3   5.3   1:40.62 nvblox_node
 646579 jetson    20   0 1748420 106700  51428 S  14.8   1.4   1:31.03 realsense2_came
    969 root      20   0  237044  10468   6400 R  12.8   0.1   3:29.22 polkitd
 646804 jetson    20   0  506340  30844  18340 S  12.3   0.4   1:12.26 ekf_node
 647058 jetson    20   0  577528  31320  16252 S  11.8   0.4   1:08.26 lifecycle_manag
 646999 jetson    20   0  963000  48428  23768 S  10.8   0.6   1:12.74 controller_serv
 647007 jetson    20   0  530840  46784  26672 S  10.3   0.6   1:03.40 bt_navigator
 647003 jetson    20   0 1070788  70504  24808 S   9.9   0.9   1:02.22 planner_server
 646585 jetson    20   0  707980  62852  27448 S   8.9   0.8   0:58.72 python3
 646882 jetson    20   0 1061852  56184  24360 S   7.9   0.7   0:29.66 async_slam_tool
 647005 jetson    20   0  516440  34888  21032 S   7.9   0.4   0:49.45 behavior_server
 647001 jetson    20   0  664640  33088  19416 S   6.4   0.4   0:42.19 smoother_server
 647056 jetson    20   0  428696  29132  15944 S   5.9   0.4   0:35.66 velocity_smooth
 646997 jetson    20   0  709524  61896  27392 S   5.4   0.8   0:33.67 python3
 647025 jetson    20   0  431396  28940  17020 S   5.4   0.4   0:36.24 waypoint_follow
 646581 jetson    20   0  709380  64256  27276 S   4.4   0.8   0:31.72 python3
    828 message+  20   0   10496   5632   3584 S   3.0   0.1   0:47.74 dbus-daemon
    829 root      20   0  264848  18932  14872 S   3.0   0.2   0:43.36 NetworkManager
      1 root      20   0  167628  11768   7448 S   1.5   0.2   0:32.59 systemd
 675134 root       0 -20       0      0      0 I   1.5   0.0   0:00.29 kworker/u13:4-uvcvideo
   1588 root      20   0 2353004 113512  57032 S   1.0   1.5   0:32.51 dockerd
 494770 root      20   0 1233488  12836   6732 S   1.0   0.2   0:12.16 containerd-shim
 646587 jetson    20   0 1082604  58700  26340 S   1.0   0.8   0:27.33 foxglove_bridge
 675714 jetson    20   0   14340   3384   2772 R   1.0   0.0   0:00.43 top
    256 root      19  -1   76560  40448  38820 S   0.5   0.5   0:30.55 systemd-journal
    312 root      20   0   23732   6316   4080 S   0.5   0.1   0:27.87 systemd-udevd
    340 root      20   0   23544   6732   4608 S   0.5   0.1   1:33.39 systemd-udevd
    871 root      20   0   48968   7620   6296 S   0.5   0.1   0:04.06 systemd-logind
    904 root      rt   0       0      0      0 S   0.5   0.0   1:52.16 sugov:0
    909 root      rt   0       0      0      0 S   0.5   0.0   0:53.37 sugov:4
   1212 root      20   0 2093336  74476  33976 S   0.5   1.0   0:42.59 containerd
   2071 gdm       20   0 3471500 137224  73260 S   0.5   1.8   0:49.79 gnome-shell
   2168 gdm       20   0  459796   6140   5436 S   0.5   0.1   0:00.65 gsd-rfkill
  13238 jetson    20   0  428524  31584  15828 S   0.5   0.4   2:34.07 robot_state_pub
 407770 root      20   0       0      0      0 I   0.5   0.0   0:10.72 kworker/u12:9-events_unbound
 513250 root      20   0   21760   4432   2868 S   0.5   0.1   0:08.49 systemd-udevd
 582730 root      20   0       0      0      0 I   0.5   0.0   0:02.47 kworker/u12:2-events_unbound
 622272 root      20   0       0      0      0 I   0.5   0.0   0:01.26 kworker/u12:7-events_unbound
 659922 root      20   0       0      0      0 I   0.5   0.0   0:00.30 kworker/u12:5-events_freezable_power_
 675715 jetson    20   0    2872    884    788 S   0.5   0.0   0:00.10 tegrastats
      2 root      20   0       0      0      0 S   0.0   0.0   0:00.03 kthreadd
      3 root       0 -20       0      0      0 I   0.0   0.0   0:00.00 rcu_gp
      4 root       0 -20       0      0      0 I   0.0   0.0   0:00.00 rcu_par_gp
      5 root       0 -20       0      0      0 I   0.0   0.0   0:00.00 slub_flushwq
      6 root       0 -20       0      0      0 I   0.0   0.0   0:00.00 netns
      8 root       0 -20       0      0      0 I   0.0   0.0   0:00.00 kworker/0:0H-events_highpri
     10 root       0 -20       0      0      0 I   0.0   0.0   0:00.00 mm_percpu_wq
     11 root      20   0       0      0      0 S   0.0   0.0   0:00.00 rcu_tasks_kthre
     12 root      20   0       0      0      0 S   0.0   0.0   0:00.00 rcu_tasks_rude_
     13 root      20   0       0      0      0 S   0.0   0.0   0:00.00 rcu_tasks_trace
     14 root      20   0       0      0      0 S   0.0   0.0   0:23.72 ksoftirqd/0
     15 root      20   0       0      0      0 I   0.0   0.0   0:10.50 rcu_preempt
     16 root      rt   0       0      0      0 S   0.0   0.0   0:00.03 migration/0
     17 root      20   0       0      0      0 S   0.0   0.0   0:00.00 cpuhp/0
     18 root      20   0       0      0      0 S   0.0   0.0   0:00.00 cpuhp/1
     19 root      rt   0       0      0      0 S   0.0   0.0   0:00.03 migration/1
     20 root      20   0       0      0      0 S   0.0   0.0   0:01.73 ksoftirqd/1
     22 root       0 -20       0      0      0 I   0.0   0.0   0:00.00 kworker/1:0H-events_highpri
     23 root      20   0       0      0      0 S   0.0   0.0   0:00.00 cpuhp/2
     24 root      rt   0       0      0      0 S   0.0   0.0   0:00.02 migration/2
     25 root      20   0       0      0      0 S   0.0   0.0   0:01.74 ksoftirqd/2
     27 root       0 -20       0      0      0 I   0.0   0.0   0:00.00 kworker/2:0H-events_highpri
     28 root      20   0       0      0      0 S   0.0   0.0   0:00.00 cpuhp/3
     29 root      rt   0       0      0      0 S   0.0   0.0   0:00.02 migration/3
     30 root      20   0       0      0      0 S   0.0   0.0   0:01.63 ksoftirqd/3
     32 root       0 -20       0      0      0 I   0.0   0.0   0:00.00 kworker/3:0H-events_highpri
     33 root      20   0       0      0      0 S   0.0   0.0   0:00.00 cpuhp/4
     34 root      rt   0       0      0      0 S   0.0   0.0   0:00.07 migration/4
     35 root      20   0       0      0      0 S   0.0   0.0   0:01.23 ksoftirqd/4
     37 root       0 -20       0      0      0 I   0.0   0.0   0:00.00 kworker/4:0H-kblockd
     38 root      20   0       0      0      0 S   0.0   0.0   0:00.00 cpuhp/5
     39 root      rt   0       0      0      0 S   0.0   0.0   0:00.07 migration/5
     40 root      20   0       0      0      0 S   0.0   0.0   0:01.29 ksoftirqd/5
     42 root       0 -20       0      0      0 I   0.0   0.0   0:00.00 kworker/5:0H-events_highpri
     43 root      20   0       0      0      0 S   0.0   0.0   0:00.01 kdevtmpfs
     44 root       0 -20       0      0      0 I   0.0   0.0   0:00.00 inet_frag_wq
     51 root      20   0       0      0      0 S   0.0   0.0   0:00.00 kauditd
     52 root      20   0       0      0      0 S   0.0   0.0   0:00.00 oom_reaper
     53 root       0 -20       0      0      0 I   0.0   0.0   0:00.00 writeback
     54 root      20   0       0      0      0 S   0.0   0.0   0:00.19 kcompactd0
     55 root      25   5       0      0      0 S   0.0   0.0   0:00.00 ksmd
     56 root      39  19       0      0      0 S   0.0   0.0   0:02.11 khugepaged
     67 root       0 -20       0      0      0 I   0.0   0.0   0:00.00 cryptd
     86 root       0 -20       0      0      0 I   0.0   0.0   0:00.00 kintegrityd
     87 root       0 -20       0      0      0 I   0.0   0.0   0:00.00 kblockd
     88 root       0 -20       0      0      0 I   0.0   0.0   0:00.00 blkcg_punt_bio
     89 root       0 -20       0      0      0 I   0.0   0.0   0:00.00 tpm_dev_wq
     90 root       0 -20       0      0      0 I   0.0   0.0   0:00.00 ata_sff
     91 root       0 -20       0      0      0 I   0.0   0.0   0:00.00 edac-poller
     92 root       0 -20       0      0      0 I   0.0   0.0   0:00.00 devfreq_wq
     93 root     -51   0       0      0      0 S   0.0   0.0   0:00.00 watchdogd
     96 root       0 -20       0      0      0 I   0.0   0.0   0:00.06 kworker/1:1H-kblockd
     97 root       0 -20       0      0      0 I   0.0   0.0   0:00.00 rpciod
     99 root       0 -20       0      0      0 I   0.0   0.0   0:00.00 xprtiod
    127 root      20   0       0      0      0 S   0.0   0.0   0:00.00 kswapd0
    128 root       0 -20       0      0      0 I   0.0   0.0   0:00.00 nfsiod
    132 root       0 -20       0      0      0 I   0.0   0.0   0:00.00 vfio-irqfd-clea
    133 root       0 -20       0      0      0 I   0.0   0.0   0:00.00 bch_btree_io
    134 root       0 -20       0      0      0 I   0.0   0.0   0:00.00 bcache
    135 root       0 -20       0      0      0 I   0.0   0.0   0:00.00 bch_journal
    136 root       0 -20       0      0      0 I   0.0   0.0   0:00.00 dm_bufio_cache
    139 root      20   0       0      0      0 I   0.0   0.0   0:01.99 kworker/2:3-events
    140 root      10 -10       0      0      0 S   0.0   0.0   0:00.00 krfcommd
    141 root      20   0       0      0      0 S   0.0   0.0   0:00.01 pr/tty0
    142 root      20   0       0      0      0 S   0.0   0.0   0:03.11 pr/ttyTCU0
    145 root     -51   0       0      0      0 S   0.0   0.0   0:00.00 irq/114-3160000
    147 root     -51   0       0      0      0 S   0.0   0.0   0:00.00 irq/115-3180000
    149 root     -51   0       0      0      0 S   0.0   0.0   0:00.00 irq/116-31b0000
    150 root     -51   0       0      0      0 S   0.0   0.0   0:00.04 irq/167-c240000
    151 root     -51   0       0      0      0 S   0.0   0.0   0:00.00 irq/168-c250000
    152 root     -51   0       0      0      0 S   0.0   0.0   0:00.00 irq/125-3610000
    153 root     -51   0       0      0      0 S   0.0   0.0   0:00.00 irq/122-3610000
    155 root       0 -20       0      0      0 I   0.0   0.0   0:00.00 sdhci
    156 root     -51   0       0      0      0 S   0.0   0.0   0:00.00 irq/120-mmc0
    157 root     -51   0       0      0      0 S   0.0   0.0   0:00.00 irq/230-3400000
    174 root       0 -20       0      0      0 I   0.0   0.0   0:00.06 kworker/3:1H-kblockd
    180 root     -51   0       0      0      0 S   0.0   0.0   0:00.00 irq/191-tegra-p
    181 root       0 -20       0      0      0 I   0.0   0.0   0:00.00 nvme-wq
    182 root       0 -20       0      0      0 I   0.0   0.0   0:00.00 nvme-reset-wq
    183 root       0 -20       0      0      0 I   0.0   0.0   0:00.00 nvme-delete-wq
    192 root     -51   0       0      0      0 S   0.0   0.0   0:00.00 irq/191-aerdrv
    193 root     -51   0       0      0      0 S   0.0   0.0   0:00.00 irq/193-tegra-p
    196 root     -51   0       0      0      0 S   0.0   0.0   0:00.00 irq/193-aerdrv
    197 root     -51   0       0      0      0 S   0.0   0.0   0:00.00 irq/195-tegra-p
    199 root     -51   0       0      0      0 S   0.0   0.0   0:00.00 irq/232-nvme0q0
    200 root     -51   0       0      0      0 S   0.0   0.0   0:00.38 irq/233-nvme0q1
    201 root     -51   0       0      0      0 S   0.0   0.0   0:00.42 irq/234-nvme0q2
    202 root     -51   0       0      0      0 S   0.0   0.0   0:00.54 irq/235-nvme0q3
    203 root     -51   0       0      0      0 S   0.0   0.0   0:00.66 irq/236-nvme0q4
    204 root     -51   0       0      0      0 S   0.0   0.0   0:00.16 irq/237-nvme0q5
    205 root     -51   0       0      0      0 S   0.0   0.0   0:00.13 irq/238-nvme0q6
    211 root       0 -20       0      0      0 I   0.0   0.0   0:00.07 kworker/4:1H-kblockd
    212 root      20   0       0      0      0 S   0.0   0.0   0:01.51 jbd2/nvme0n1p1-
    213 root       0 -20       0      0      0 I   0.0   0.0   0:00.00 ext4-rsv-conver
    222 root       0 -20       0      0      0 I   0.0   0.0   0:00.00 mld
    223 root       0 -20       0      0      0 I   0.0   0.0   0:00.04 kworker/0:1H-kblockd
    224 root       0 -20       0      0      0 I   0.0   0.0   0:00.00 ipv6_addrconf
    278 root       0 -20       0      0      0 I   0.0   0.0   0:00.08 kworker/2:1H-kblockd
    280 root      39  19       0      0      0 S   0.0   0.0   0:01.71 nvmap-bz
    281 root     -51   0       0      0      0 S   0.0   0.0   0:00.00 irq/188-host1x_
    285 root     -51   0       0      0      0 S   0.0   0.0   0:00.00 irq/197-gk20a_s
    286 root     -51   0       0      0      0 S   0.0   0.0   0:00.03 irq/198-gk20a_s
    287 root     -51   0       0      0      0 S   0.0   0.0   0:00.03 irq/199-gk20a_s
    288 root     -51   0       0      0      0 S   0.0   0.0   0:00.00 irq/200-gk20a_n
    291 root       0 -20       0      0      0 I   0.0   0.0   0:00.06 kworker/5:1H-kblockd
    295 root      20   0   11116   3460   3204 S   0.0   0.0   0:00.00 nv-tee-supplica
    299 root      20   0   76588   1360   1248 S   0.0   0.0   0:00.01 tee-supplicant
    301 root       0 -20       0      0      0 I   0.0   0.0   0:00.00 optee_bus_scan
    303 root     -51   0       0      0      0 S   0.0   0.0   0:00.00 irq/189-tegra-p
    313 root     -51   0       0      0      0 S   0.0   0.0   0:00.00 irq/189-aerdrv
    314 root      20   0   23216   5832   3992 S   0.0   0.1   0:00.41 systemd-udevd
    315 root      20   0   23216   5020   3248 S   0.0   0.1   0:00.15 systemd-udevd
    316 root      20   0   23268   6252   4316 S   0.0   0.1   0:00.16 systemd-udevd
    317 root      20   0   23220   4364   2600 S   0.0   0.1   0:00.11 systemd-udevd
    318 root      20   0   23216   4480   2672 S   0.0   0.1   0:00.12 systemd-udevd
    319 root      20   0   23212   5820   3980 S   0.0   0.1   0:00.29 systemd-udevd
    320 root      20   0   23264   4688   2764 S   0.0   0.1   0:00.13 systemd-udevd
    321 root      20   0   23268   5072   3136 S   0.0   0.1   0:00.18 systemd-udevd
    322 root      20   0   23524   5520   3456 S   0.0   0.1   0:00.27 systemd-udevd
    323 root      20   0   23216   6304   4444 S   0.0   0.1   0:00.42 systemd-udevd
    324 root      20   0   23220   5196   3388 S   0.0   0.1   0:00.16 systemd-udevd
    325 root      20   0   23220   5820   3976 S   0.0   0.1   0:00.41 systemd-udevd
    326 root      20   0   23220   5256   3388 S   0.0   0.1   0:00.45 systemd-udevd
    327 root      20   0   23220   5504   3684 S   0.0   0.1   0:00.18 systemd-udevd
    330 root      20   0   23512   5728   3684 S   0.0   0.1   0:00.14 systemd-udevd
    331 root      20   0   24292   5540   2676 S   0.0   0.1   0:00.16 systemd-udevd
    333 root      20   0   23524   5596   3532 S   0.0   0.1   0:00.28 systemd-udevd
    334 root      20   0   23220   5584   3740 S   0.0   0.1   0:00.27 systemd-udevd
    335 root      20   0   23220   4504   2708 S   0.0   0.1   0:00.11 systemd-udevd
    336 root      20   0   23220   4696   2892 S   0.0   0.1   0:00.14 systemd-udevd
    337 root      20   0   23524   5056   2992 S   0.0   0.1   0:00.16 systemd-udevd
    339 root      20   0   23220   4980   3148 S   0.0   0.1   0:00.17 systemd-udevd
    341 root      20   0   23276   5328   3384 S   0.0   0.1   0:00.13 systemd-udevd
    342 root      20   0   23280   5176   3228 S   0.0   0.1   0:00.13 systemd-udevd
    343 root      20   0   23220   5988   4152 S   0.0   0.1   0:00.33 systemd-udevd
    344 root      20   0   23560   6700   4596 S   0.0   0.1   0:00.58 systemd-udevd
    345 root      20   0       0      0      0 S   0.0   0.0   0:00.00 15820000.crypto
    346 root      20   0       0      0      0 S   0.0   0.0   0:00.00 15840000.crypto
    368 root      20   0   23324   5984   4116 S   0.0   0.1   0:00.46 systemd-udevd
    417 root     -51   0       0      0      0 S   0.0   0.0   0:00.00 irq/219-bc00000
    419 root      -2   0       0      0      0 S   0.0   0.0   0:00.00 capture-control
    420 root      -2   0       0      0      0 S   0.0   0.0   0:00.00 capture
    422 root     -51   0       0      0      0 S   0.0   0.0   0:00.00 irq/214-tegra_d
    423 root     -51   0       0      0      0 S   0.0   0.0   0:00.00 irq/215-tegra_d
    424 root       0 -20       0      0      0 I   0.0   0.0   0:00.00 dce-async-ipc-w
    425 root     -51   0       0      0      0 S   0.0   0.0   0:00.00 irq/240-nvvrs-p
    427 root      20   0       0      0      0 S   0.0   0.0   0:00.00 nv_queue
    428 root      20   0       0      0      0 S   0.0   0.0   0:00.00 nv_queue
    483 root     -51   0       0      0      0 S   0.0   0.0   0:00.00 irq/118-3210000
    487 root      20   0       0      0      0 S   0.0   0.0   0:00.00 spi0
    495 root       0 -20       0      0      0 I   0.0   0.0   0:00.00 cfg80211
    497 root     -51   0       0      0      0 S   0.0   0.0   0:00.00 irq/119-3230000
    498 root      20   0       0      0      0 S   0.0   0.0   0:00.00 spi1
    584 root       0 -20       0      0      0 I   0.0   0.0   0:00.00 btfwwork
    650 root      20   0    8236   6424   1432 S   0.0   0.1   0:00.73 haveged
    653 _rpc      20   0    7932   2264   1912 S   0.0   0.0   0:00.04 rpcbind
    659 systemd+  20   0   26320  13580   8496 S   0.0   0.2   0:00.55 systemd-resolve
    662 systemd+  20   0   88880   6332   5484 S   0.0   0.1   0:00.15 systemd-timesyn
    826 avahi     20   0    8084   3108   2752 S   0.0   0.0   0:00.70 avahi-daemon
    827 root      20   0    9888   4552   4112 S   0.0   0.1   0:00.07 bluetoothd
    838 root      20   0   43504  19780  10232 S   0.0   0.3   0:00.15 networkd-dispat
    849 root      20   0  241652   9056   6312 S   0.0   0.1   0:00.67 power-profiles-
    854 syslog    20   0  222160   5012   3672 S   0.0   0.1   0:05.86 rsyslogd
    859 root      20   0    2240    796    720 S   0.0   0.0   0:00.00 seatd
    865 root      20   0 2145956  51924  25772 S   0.0   0.7   0:38.00 snapd
    867 root      20   0  242124   7452   6576 S   0.0   0.1   0:02.29 accounts-daemon
    869 root      20   0  238128   6232   5620 S   0.0   0.1   0:00.04 switcheroo-cont
    874 root      20   0  394188  13988   9476 S   0.0   0.2   0:01.11 udisksd
    875 root      20   0   16632   9928   8148 S   0.0   0.1   0:01.36 wpa_supplicant
    882 avahi     20   0    7812    356      0 S   0.0   0.0   0:00.00 avahi-daemon
    921 root      30  10   11248   3612   3220 S   0.0   0.0   0:08.79 wifi_mon.sh
    983 root      20   0    2460   1556   1380 S   0.0   0.0   0:08.56 nvfancontrol
   1049 root      20   0       0      0      0 S   0.0   0.0   0:00.00 sw-quiesce
   1052 root      20   0       0      0      0 S   0.0   0.0   0:21.80 nvgpu_channel_p
   1068 root      20   0       0      0      0 S   0.0   0.0   0:00.00 nvgpu_pg_init_g
   1087 root      20   0       0      0      0 S   0.0   0.0   0:00.00 nvgpu_clk_arb_p
   1117 root      20   0       0      0      0 S   0.0   0.0   0:08.03 RTW_CMD_THREAD
   1157 root      20   0   75936   9960   8136 S   0.0   0.1   0:00.01 nvargus-daemon
   1158 root      20   0   11116   3520   3220 S   0.0   0.0   0:00.08 nvmemwarning.sh
   1171 root      20   0   22192   1776   1580 S   0.0   0.0   0:00.00 nvs-service
   1181 ollama    20   0 2006720  39588  20072 S   0.0   0.5   0:01.11 ollama
   1195 root      20   0    2336   1408   1292 S   0.0   0.0   0:01.96 run-cups-browse
   1201 root      20   0    2336   1424   1296 S   0.0   0.0   0:02.02 run-cupsd
   1204 root      20   0       0      0      0 S   0.0   0.0   0:00.00 pr/ramoops-1
   1239 root      20   0   10772   2824   2576 S   0.0   0.0   0:00.06 cron
   1259 root      20   0  243128   8056   7012 S   0.0   0.1   0:00.02 gdm3
   1263 kernoops  20   0   12812    452      0 S   0.0   0.0   0:00.02 kerneloops
   1290 root      20   0    9468    800    724 S   0.0   0.0   0:00.00 agetty
   1291 kernoops  20   0   12812    452      0 S   0.0   0.0   0:00.02 kerneloops
   1293 root      20   0    9468    804    724 S   0.0   0.0   0:00.00 agetty
   1330 root      20   0  173408   8804   7628 S   0.0   0.1   0:00.02 gdm-session-wor
   1417 root      20   0       0      0      0 S   0.0   0.0   0:00.00 file-storage
   1426 root      20   0   15272   8368   6788 S   0.0   0.1   0:00.82 sshd
   1474 gdm       20   0   18120   9728   7360 S   0.0   0.1   0:00.46 systemd
   1478 root      20   0    3076    992    880 S   0.0   0.0   0:00.00 nvphsd
   1483 root      20   0    3208   1476   1316 S   0.0   0.0   0:00.00 nvphsd
   1497 gdm       20   0  106692   4552      0 S   0.0   0.1   0:00.00 (sd-pam)
   1688 gdm        9 -11   41972   6476   5156 S   0.0   0.1   0:00.07 pipewire
   1689 gdm       20   0   25476   6428   5104 S   0.0   0.1   0:01.81 pipewire-media-
   1690 gdm        9 -11  891840  20748  12584 S   0.0   0.3   0:01.00 pulseaudio
   1695 gdm       20   0  163948   5472   4964 S   0.0   0.1   0:00.00 gdm-x-session
   1697 root      20   0   24.2g  80544  35884 S   0.0   1.0   0:02.25 Xorg
   1698 rtkit     21   1  153504   1588   1380 S   0.0   0.0   0:00.32 rtkit-daemon
   1729 gdm       20   0    8840   3600   3212 S   0.0   0.0   0:00.02 dbus-daemon
   1748 root      20   0       0      0      0 S   0.0   0.0   0:00.00 nvidia-modeset/
   1749 root      20   0       0      0      0 S   0.0   0.0   0:00.00 nvidia-modeset/
   1752 root      20   0       0      0      0 S   0.0   0.0   0:00.00 nvidia
   1753 root      20   0       0      0      0 S   0.0   0.0   0:00.00 nv_queue
   1790 root      20   0       0      0      0 S   0.0   0.0   0:00.00 nvidia-drm-nv-t
   1791 root     -51   0       0      0      0 S   0.0   0.0   0:00.00 card1-crtc0
   1792 root     -51   0       0      0      0 S   0.0   0.0   0:00.00 card1-crtc1
   1980 gdm       20   0    5876   1552   1344 S   0.0   0.0   0:00.00 dbus-run-sessio
   1983 gdm       20   0    9108   4440   3588 S   0.0   0.1   0:00.13 dbus-daemon
   2035 gdm       20   0  597840  17824  12972 S   0.0   0.2   0:01.11 gnome-session-b
   2057 gdm       20   0  310068   8976   6272 S   0.0   0.1   0:00.00 at-spi-bus-laun
   2062 gdm       20   0    8692   3556   3168 S   0.0   0.0   0:00.00 dbus-daemon
   2092 gdm       20   0  237676   4964   4528 S   0.0   0.1   0:00.00 xdg-permission-
   2099 root      20   0  243852  10136   6984 S   0.0   0.1   0:00.52 upowerd
   2106 root      20   0  301608  19332  16408 S   0.0   0.2   0:01.74 packagekitd
   2110 gdm       20   0 2812288  25716  20860 S   0.0   0.3   0:00.08 gjs
   2113 gdm       20   0  163144   7196   6428 S   0.0   0.1   0:00.02 at-spi2-registr
   2141 gdm       20   0  468748   9856   7940 S   0.0   0.1   0:02.19 gsd-sharing
   2146 gdm       20   0  338880  14892  12620 S   0.0   0.2   0:00.06 gsd-wacom
   2148 gdm       20   0  451616  18896  16480 S   0.0   0.2   0:00.22 gsd-color
   2150 gdm       20   0  412392  17092  13292 S   0.0   0.2   0:00.04 gsd-keyboard
   2152 gdm       20   0  316864  13188   6244 S   0.0   0.2   0:00.10 ibus-daemon
   2156 gdm       20   0  326124   9848   8488 S   0.0   0.1   0:00.02 gsd-print-notif
   2166 gdm       20   0  242216   6512   5848 S   0.0   0.1   0:00.01 gvfsd
   2170 gdm       20   0  388312   7432   6528 S   0.0   0.1   0:00.01 gsd-smartcard
   2173 gdm       20   0  380556  16508  12504 S   0.0   0.2   0:00.03 gsd-datetime
   2183 gdm       20   0  864216  20108  17428 S   0.0   0.3   0:00.58 gsd-media-keys
   2184 gdm       20   0  237936   4760   4376 S   0.0   0.1   0:00.01 gsd-screensaver
   2185 gdm       20   0  322096  10392   7320 S   0.0   0.1   0:00.02 gsd-sound
   2186 gdm       20   0  312416   8104   5476 S   0.0   0.1   0:00.01 gsd-a11y-settin
   2193 gdm       20   0  313996   8944   6152 S   0.0   0.1   0:01.01 gsd-housekeepin
   2195 gdm       20   0  450004  20288  15904 S   0.0   0.3   0:00.58 gsd-power
   2218 gdm       20   0  347052  12608  10748 S   0.0   0.2   0:00.03 gsd-printer
   2221 gdm       20   0  239040   6576   5948 S   0.0   0.1   0:00.00 ibus-dconf
   2233 gdm       20   0  238936   5920   5488 S   0.0   0.1   0:00.00 ibus-portal
   2263 colord    20   0  247516  14492   8720 S   0.0   0.2   0:00.27 colord
   2285 gdm       20   0 2812300  27868  20904 S   0.0   0.4   0:00.09 gjs
   2349 gdm       20   0  165096   6516   5892 S   0.0   0.1   0:00.01 ibus-engine-sim
   2508 root      20   0  136716  13172   9512 S   0.0   0.2   0:00.73 cupsd
   2522 root      20   0  260792  17940  13508 S   0.0   0.2   0:01.73 cups-browsed
  11687 jetson    20   0   18140   9764   7368 S   0.0   0.1   0:00.37 systemd
  11688 jetson    20   0  172512   4632      0 S   0.0   0.1   0:00.00 (sd-pam)
  11696 jetson    20   0   41976   6552   5228 S   0.0   0.1   0:00.07 pipewire
  11697 jetson    20   0   25484   6724   5388 S   0.0   0.1   0:01.99 pipewire-media-
  11749 jetson    20   0    8888   4168   3672 S   0.0   0.1   0:00.03 dbus-daemon
  11931 jetson    20   0  707268  63144  26432 S   0.0   0.8   2:28.28 python3
  13234 jetson    20   0  203640  35476  13212 S   0.0   0.5   0:00.75 ros2
  13236 jetson    20   0 2070472  36080  17228 S   0.0   0.5   0:00.94 docker
  13265 root      20   0 1232976  11204   5960 S   0.0   0.1   0:02.48 containerd-shim
  13294 root      20   0   49400  29204  14412 S   0.0   0.4   0:00.40 ros2
 100141 root      20   0       0      0      0 I   0.0   0.0   0:23.73 kworker/u12:6-events_freezable_power_
 284193 root      20   0       0      0      0 I   0.0   0.0   0:14.64 kworker/u12:3-devfreq_wq
 417230 root      20   0       0      0      0 I   0.0   0.0   0:09.09 kworker/u12:0-events_freezable_power_
 418183 root       0 -20       0      0      0 I   0.0   0.0   0:16.43 kworker/u13:0-uvcvideo
 437586 root      20   0       0      0      0 I   0.0   0.0   0:07.73 kworker/u12:4-events_unbound
 465092 root      20   0  238836   6948   5700 S   0.0   0.1   0:01.42 iio-sensor-prox
 481530 root       0 -20       0      0      0 I   0.0   0.0   0:10.94 kworker/u13:3-uvcvideo
 494799 jetson    20   0    5508    792    704 S   0.0   0.0   0:00.21 sleep
 494866 root      20   0   21760   5464   3940 S   0.0   0.1   0:04.82 systemd-udevd
 494879 root      20   0   21756   3352   1840 S   0.0   0.0   0:01.00 systemd-udevd
 513219 root      20   0   21752   3996   2468 S   0.0   0.1   0:00.00 systemd-udevd
 513220 root      20   0   21760   3388   1868 S   0.0   0.0   0:00.00 systemd-udevd
 513233 root      20   0   21760   3392   1868 S   0.0   0.0   0:00.00 systemd-udevd
 513234 root      20   0   21760   3356   1840 S   0.0   0.0   0:00.00 systemd-udevd
 513235 root      20   0   21760   3996   2468 S   0.0   0.1   0:00.01 systemd-udevd
 513236 root      20   0   21760   3384   1868 S   0.0   0.0   0:00.00 systemd-udevd
 513237 root      20   0   21760   4188   2660 S   0.0   0.1   0:00.00 systemd-udevd
 513251 root      20   0   21760   3840   2288 S   0.0   0.0   0:00.00 systemd-udevd
 513265 root      20   0   21760   4056   2496 S   0.0   0.1   0:00.01 systemd-udevd
 513266 root      20   0   21760   4052   2496 S   0.0   0.1   0:00.01 systemd-udevd
 538507 root      20   0       0      0      0 I   0.0   0.0   0:00.29 kworker/0:0-events
 576600 root      20   0       0      0      0 I   0.0   0.0   0:00.41 kworker/3:0-events
 576909 root      20   0       0      0      0 I   0.0   0.0   0:00.08 kworker/4:1-events
 589172 root      20   0       0      0      0 I   0.0   0.0   0:02.22 kworker/u12:10-events_unbound
 591089 root       0 -20       0      0      0 I   0.0   0.0   0:04.39 kworker/u13:1-uvcvideo
 602672 root      20   0       0      0      0 I   0.0   0.0   0:00.14 kworker/1:3-events
 621531 root      20   0       0      0      0 I   0.0   0.0   0:00.11 kworker/5:2-events
 642140 root      20   0       0      0      0 I   0.0   0.0   0:01.01 kworker/u12:8-events_unbound
 645581 root      20   0       0      0      0 I   0.0   0.0   0:00.04 kworker/1:2-events
 645980 root      20   0       0      0      0 I   0.0   0.0   0:00.07 kworker/5:0-events
 646577 jetson    20   0  572504  38828  13216 S   0.0   0.5   0:00.85 ros2
 646880 jetson    20   0  129772  34676  13228 S   0.0   0.4   0:00.69 ros2
 646995 jetson    20   0  796968  40104  13228 S   0.0   0.5   0:01.46 ros2
 647060 jetson    20   0   11248   3076   2756 S   0.0   0.0   0:00.41 bash
 647156 jetson    20   0   53568  30344  15012 S   0.0   0.4   0:00.41 ros2
 647161 root      20   0       0      0      0 I   0.0   0.0   0:00.00 kworker/3:1-events
 651818 root      20   0       0      0      0 I   0.0   0.0   0:00.05 kworker/4:0-events
 651861 root      20   0       0      0      0 I   0.0   0.0   0:00.00 kworker/2:0-events
 651906 root      20   0       0      0      0 I   0.0   0.0   0:00.00 kworker/0:2-events
 660558 root      20   0       0      0      0 I   0.0   0.0   0:00.05 kworker/1:0-events
 660666 root       0 -20       0      0      0 I   0.0   0.0   0:01.46 kworker/u13:2-uvcvideo
 663616 root      20   0    9436    784    704 S   0.0   0.0   0:00.00 sleep
 670335 root      20   0       0      0      0 I   0.0   0.0   0:00.00 kworker/2:1-cgroup_destroy
 670336 root      20   0       0      0      0 I   0.0   0.0   0:00.00 kworker/2:2-cgroup_destroy
 670384 root      20   0       0      0      0 I   0.0   0.0   0:00.00 kworker/0:1
 670511 root      20   0       0      0      0 I   0.0   0.0   0:00.00 kworker/3:2-cgroup_destroy
 670512 root      20   0       0      0      0 I   0.0   0.0   0:00.00 kworker/3:3
 672581 root      20   0       0      0      0 I   0.0   0.0   0:00.02 kworker/5:1-events
 672816 jetson    20   0   11248   3308   2868 S   0.0   0.0   0:00.04 bash
 675625 jetson    20   0   11248   3300   2868 S   0.0   0.0   0:00.01 bash
 678032 root      30  10    9436    780    704 S   0.0   0.0   0:00.00 sleep
 678283 jetson    20   0    9444    784    700 S   0.0   0.0   0:00.00 sleep
 678288 jetson    20   0    9444    788    704 S   0.0   0.0   0:00.00 sleep
 678376 root      20   0       0      0      0 I   0.0   0.0   0:00.00 kworker/4:2-events
