top - 13:14:04 up  3:37,  0 users,  load average: 9.72, 6.42, 4.79
Tasks: 348 total,   5 running, 343 sleeping,   0 stopped,   0 zombie
%Cpu(s): 37.1 us, 12.4 sy,  0.0 ni, 46.7 id,  0.0 wa,  1.9 hi,  1.9 si,  0.0 st
MiB Mem :   7607.4 total,   2919.3 free,   1946.9 used,   2741.2 buff/cache
MiB Swap:   3803.7 total,   3803.7 free,      0.0 used.   5362.6 avail Mem 

    PID USER      PR  NI    VIRT    RES    SHR S  %CPU  %MEM     TIME+ COMMAND
 238441 jetson    20   0   40440  21892   9764 R  94.1   0.3   0:00.18 ros2
  98338 jetson    20   0  709016  64620  27260 S  41.2   0.8  28:06.06 python3
  98048 jetson    20   0  432960  28196  14244 S  17.6   0.4  12:34.14 rplidar_node
 100721 jetson    20   0 9355252 432712  88656 S  17.6   5.6  12:22.96 nvblox_node
  98044 jetson    20   0 1813628 105436  51328 S  11.8   1.4  10:14.73 realsense2_came
  98046 jetson    20   0  710680  65884  27240 S  11.8   0.8  12:08.18 python3
  98050 jetson    20   0  708072  65668  27312 S  11.8   0.8   6:05.02 python3
  98340 jetson    20   0  506224  33968  18400 S  11.8   0.4   8:24.53 ekf_node
 102583 jetson    20   0  889464  44508  23468 R  11.8   0.6   7:01.76 controller_serv
 102592 jetson    20   0  457096  48340  26220 S  11.8   0.6   6:02.67 bt_navigator
 102641 jetson    20   0  577392  31608  16252 R  11.8   0.4   7:40.39 lifecycle_manag
  13320 root      20   0 1300240  43632  11392 S   5.9   0.6  14:17.19 micro_ros_agent
  98457 jetson    20   0  903180  51504  24060 S   5.9   0.7   2:14.03 async_slam_tool
 102585 jetson    20   0  582528  34052  18844 S   5.9   0.4   4:07.63 smoother_server
 102587 jetson    20   0 1127660  94148  42564 S   5.9   1.2   6:47.97 planner_server
 102619 jetson    20   0  431272  31260  17020 S   5.9   0.4   3:20.18 waypoint_follow
 102637 jetson    20   0  428576  28816  15960 S   5.9   0.4   3:20.67 velocity_smooth
 238442 jetson    20   0   14344   3352   2756 R   5.9   0.0   0:00.03 top
      1 root      20   0  167628  11764   7444 S   0.0   0.2   0:16.91 systemd
      2 root      20   0       0      0      0 S   0.0   0.0   0:00.02 kthreadd
      3 root       0 -20       0      0      0 I   0.0   0.0   0:00.00 rcu_gp
      4 root       0 -20       0      0      0 I   0.0   0.0   0:00.00 rcu_par_gp
      5 root       0 -20       0      0      0 I   0.0   0.0   0:00.00 slub_flushwq
      6 root       0 -20       0      0      0 I   0.0   0.0   0:00.00 netns
      8 root       0 -20       0      0      0 I   0.0   0.0   0:00.00 kworker/0:0H-events_highpri
     10 root       0 -20       0      0      0 I   0.0   0.0   0:00.00 mm_percpu_wq
     11 root      20   0       0      0      0 S   0.0   0.0   0:00.00 rcu_tasks_kthre
     12 root      20   0       0      0      0 S   0.0   0.0   0:00.00 rcu_tasks_rude_
     13 root      20   0       0      0      0 S   0.0   0.0   0:00.00 rcu_tasks_trace
     14 root      20   0       0      0      0 S   0.0   0.0   0:10.89 ksoftirqd/0
     15 root      20   0       0      0      0 I   0.0   0.0   0:04.53 rcu_preempt
     16 root      rt   0       0      0      0 S   0.0   0.0   0:00.01 migration/0
     17 root      20   0       0      0      0 S   0.0   0.0   0:00.00 cpuhp/0
     18 root      20   0       0      0      0 S   0.0   0.0   0:00.00 cpuhp/1
     19 root      rt   0       0      0      0 S   0.0   0.0   0:00.01 migration/1
     20 root      20   0       0      0      0 S   0.0   0.0   0:00.65 ksoftirqd/1
     22 root       0 -20       0      0      0 I   0.0   0.0   0:00.00 kworker/1:0H-events_highpri
     23 root      20   0       0      0      0 S   0.0   0.0   0:00.00 cpuhp/2
     24 root      rt   0       0      0      0 S   0.0   0.0   0:00.00 migration/2
     25 root      20   0       0      0      0 S   0.0   0.0   0:00.68 ksoftirqd/2
     27 root       0 -20       0      0      0 I   0.0   0.0   0:00.00 kworker/2:0H-events_highpri
     28 root      20   0       0      0      0 S   0.0   0.0   0:00.00 cpuhp/3
     29 root      rt   0       0      0      0 S   0.0   0.0   0:00.00 migration/3
     30 root      20   0       0      0      0 S   0.0   0.0   0:00.62 ksoftirqd/3
     32 root       0 -20       0      0      0 I   0.0   0.0   0:00.00 kworker/3:0H-events_highpri
     33 root      20   0       0      0      0 S   0.0   0.0   0:00.00 cpuhp/4
     34 root      rt   0       0      0      0 S   0.0   0.0   0:00.02 migration/4
     35 root      20   0       0      0      0 S   0.0   0.0   0:00.46 ksoftirqd/4
     37 root       0 -20       0      0      0 I   0.0   0.0   0:00.00 kworker/4:0H-kblockd
     38 root      20   0       0      0      0 S   0.0   0.0   0:00.00 cpuhp/5
     39 root      rt   0       0      0      0 S   0.0   0.0   0:00.03 migration/5
     40 root      20   0       0      0      0 S   0.0   0.0   0:00.47 ksoftirqd/5
     42 root       0 -20       0      0      0 I   0.0   0.0   0:00.00 kworker/5:0H-events_highpri
     43 root      20   0       0      0      0 S   0.0   0.0   0:00.01 kdevtmpfs
     44 root       0 -20       0      0      0 I   0.0   0.0   0:00.00 inet_frag_wq
     51 root      20   0       0      0      0 S   0.0   0.0   0:00.00 kauditd
     52 root      20   0       0      0      0 S   0.0   0.0   0:00.00 oom_reaper
     53 root       0 -20       0      0      0 I   0.0   0.0   0:00.00 writeback
     54 root      20   0       0      0      0 S   0.0   0.0   0:00.10 kcompactd0
     55 root      25   5       0      0      0 S   0.0   0.0   0:00.00 ksmd
     56 root      39  19       0      0      0 S   0.0   0.0   0:01.15 khugepaged
     67 root       0 -20       0      0      0 I   0.0   0.0   0:00.00 cryptd
     86 root       0 -20       0      0      0 I   0.0   0.0   0:00.00 kintegrityd
     87 root       0 -20       0      0      0 I   0.0   0.0   0:00.00 kblockd
     88 root       0 -20       0      0      0 I   0.0   0.0   0:00.00 blkcg_punt_bio
     89 root       0 -20       0      0      0 I   0.0   0.0   0:00.00 tpm_dev_wq
     90 root       0 -20       0      0      0 I   0.0   0.0   0:00.00 ata_sff
     91 root       0 -20       0      0      0 I   0.0   0.0   0:00.00 edac-poller
     92 root       0 -20       0      0      0 I   0.0   0.0   0:00.00 devfreq_wq
     93 root     -51   0       0      0      0 S   0.0   0.0   0:00.00 watchdogd
     96 root       0 -20       0      0      0 I   0.0   0.0   0:00.04 kworker/1:1H-kblockd
     97 root       0 -20       0      0      0 I   0.0   0.0   0:00.00 rpciod
     99 root       0 -20       0      0      0 I   0.0   0.0   0:00.00 xprtiod
    127 root      20   0       0      0      0 S   0.0   0.0   0:00.00 kswapd0
    128 root       0 -20       0      0      0 I   0.0   0.0   0:00.00 nfsiod
    132 root       0 -20       0      0      0 I   0.0   0.0   0:00.00 vfio-irqfd-clea
    133 root       0 -20       0      0      0 I   0.0   0.0   0:00.00 bch_btree_io
    134 root       0 -20       0      0      0 I   0.0   0.0   0:00.00 bcache
    135 root       0 -20       0      0      0 I   0.0   0.0   0:00.00 bch_journal
    136 root       0 -20       0      0      0 I   0.0   0.0   0:00.00 dm_bufio_cache
    137 root      20   0       0      0      0 I   0.0   0.0   0:01.26 kworker/1:2-events
    139 root      20   0       0      0      0 I   0.0   0.0   0:00.75 kworker/2:3-events
    140 root      10 -10       0      0      0 S   0.0   0.0   0:00.00 krfcommd
    141 root      20   0       0      0      0 S   0.0   0.0   0:00.01 pr/tty0
    142 root      20   0       0      0      0 S   0.0   0.0   0:03.04 pr/ttyTCU0
    145 root     -51   0       0      0      0 S   0.0   0.0   0:00.00 irq/114-3160000
    147 root     -51   0       0      0      0 S   0.0   0.0   0:00.00 irq/115-3180000
    149 root     -51   0       0      0      0 S   0.0   0.0   0:00.00 irq/116-31b0000
    150 root     -51   0       0      0      0 S   0.0   0.0   0:00.01 irq/167-c240000
    151 root     -51   0       0      0      0 S   0.0   0.0   0:00.00 irq/168-c250000
    152 root     -51   0       0      0      0 S   0.0   0.0   0:00.00 irq/125-3610000
    153 root     -51   0       0      0      0 S   0.0   0.0   0:00.00 irq/122-3610000
    155 root       0 -20       0      0      0 I   0.0   0.0   0:00.00 sdhci
    156 root     -51   0       0      0      0 S   0.0   0.0   0:00.00 irq/120-mmc0
    157 root     -51   0       0      0      0 S   0.0   0.0   0:00.00 irq/230-3400000
    174 root       0 -20       0      0      0 I   0.0   0.0   0:00.05 kworker/3:1H-kblockd
    180 root     -51   0       0      0      0 S   0.0   0.0   0:00.00 irq/191-tegra-p
    181 root       0 -20       0      0      0 I   0.0   0.0   0:00.00 nvme-wq
    182 root       0 -20       0      0      0 I   0.0   0.0   0:00.00 nvme-reset-wq
    183 root       0 -20       0      0      0 I   0.0   0.0   0:00.00 nvme-delete-wq
    192 root     -51   0       0      0      0 S   0.0   0.0   0:00.00 irq/191-aerdrv
    193 root     -51   0       0      0      0 S   0.0   0.0   0:00.00 irq/193-tegra-p
    196 root     -51   0       0      0      0 S   0.0   0.0   0:00.00 irq/193-aerdrv
    197 root     -51   0       0      0      0 S   0.0   0.0   0:00.00 irq/195-tegra-p
    199 root     -51   0       0      0      0 S   0.0   0.0   0:00.00 irq/232-nvme0q0
    200 root     -51   0       0      0      0 S   0.0   0.0   0:00.22 irq/233-nvme0q1
    201 root     -51   0       0      0      0 S   0.0   0.0   0:00.26 irq/234-nvme0q2
    202 root     -51   0       0      0      0 S   0.0   0.0   0:00.40 irq/235-nvme0q3
    203 root     -51   0       0      0      0 S   0.0   0.0   0:00.52 irq/236-nvme0q4
    204 root     -51   0       0      0      0 S   0.0   0.0   0:00.13 irq/237-nvme0q5
    205 root     -51   0       0      0      0 S   0.0   0.0   0:00.09 irq/238-nvme0q6
    211 root       0 -20       0      0      0 I   0.0   0.0   0:00.05 kworker/4:1H-kblockd
    212 root      20   0       0      0      0 S   0.0   0.0   0:00.74 jbd2/nvme0n1p1-
    213 root       0 -20       0      0      0 I   0.0   0.0   0:00.00 ext4-rsv-conver
    222 root       0 -20       0      0      0 I   0.0   0.0   0:00.00 mld
    223 root       0 -20       0      0      0 I   0.0   0.0   0:00.03 kworker/0:1H-kblockd
    224 root       0 -20       0      0      0 I   0.0   0.0   0:00.00 ipv6_addrconf
    256 root      19  -1   40648  11528   9920 S   0.0   0.1   0:14.89 systemd-journal
    278 root       0 -20       0      0      0 I   0.0   0.0   0:00.06 kworker/2:1H-kblockd
    280 root      39  19       0      0      0 S   0.0   0.0   0:00.40 nvmap-bz
    281 root     -51   0       0      0      0 S   0.0   0.0   0:00.00 irq/188-host1x_
    285 root     -51   0       0      0      0 S   0.0   0.0   0:00.00 irq/197-gk20a_s
    286 root     -51   0       0      0      0 S   0.0   0.0   0:00.01 irq/198-gk20a_s
    287 root     -51   0       0      0      0 S   0.0   0.0   0:00.01 irq/199-gk20a_s
    288 root     -51   0       0      0      0 S   0.0   0.0   0:00.00 irq/200-gk20a_n
    291 root       0 -20       0      0      0 I   0.0   0.0   0:00.04 kworker/5:1H-kblockd
    295 root      20   0   11116   3460   3204 S   0.0   0.0   0:00.00 nv-tee-supplica
    299 root      20   0   76588   1360   1248 S   0.0   0.0   0:00.01 tee-supplicant
    301 root       0 -20       0      0      0 I   0.0   0.0   0:00.00 optee_bus_scan
    303 root     -51   0       0      0      0 S   0.0   0.0   0:00.00 irq/189-tegra-p
    312 root      20   0   23732   6316   4080 S   0.0   0.1   0:15.40 systemd-udevd
    313 root     -51   0       0      0      0 S   0.0   0.0   0:00.00 irq/189-aerdrv
    314 root      20   0   23216   5804   3992 S   0.0   0.1   0:00.37 systemd-udevd
    315 root      20   0   23216   5020   3248 S   0.0   0.1   0:00.15 systemd-udevd
    316 root      20   0   23268   6224   4288 S   0.0   0.1   0:00.16 systemd-udevd
    317 root      20   0   23220   4364   2600 S   0.0   0.1   0:00.11 systemd-udevd
    318 root      20   0   23216   4480   2672 S   0.0   0.1   0:00.12 systemd-udevd
    319 root      20   0   23212   5812   3980 S   0.0   0.1   0:00.28 systemd-udevd
    320 root      20   0   23264   4688   2764 S   0.0   0.1   0:00.13 systemd-udevd
    321 root      20   0   23268   5072   3136 S   0.0   0.1   0:00.18 systemd-udevd
    322 root      20   0   23524   5520   3456 S   0.0   0.1   0:00.26 systemd-udevd
    323 root      20   0   23216   6268   4444 S   0.0   0.1   0:00.35 systemd-udevd
    324 root      20   0   23220   5196   3388 S   0.0   0.1   0:00.16 systemd-udevd
    325 root      20   0   23220   5808   3976 S   0.0   0.1   0:00.35 systemd-udevd
    326 root      20   0   23220   5232   3388 S   0.0   0.1   0:00.38 systemd-udevd
    327 root      20   0   23220   5468   3656 S   0.0   0.1   0:00.18 systemd-udevd
    330 root      20   0   23512   5728   3684 S   0.0   0.1   0:00.14 systemd-udevd
    331 root      20   0   24292   5540   2676 S   0.0   0.1   0:00.16 systemd-udevd
    333 root      20   0   23524   5596   3532 S   0.0   0.1   0:00.26 systemd-udevd
    334 root      20   0   23220   5080   3240 S   0.0   0.1   0:00.24 systemd-udevd
    335 root      20   0   23220   4504   2708 S   0.0   0.1   0:00.11 systemd-udevd
    336 root      20   0   23220   4696   2892 S   0.0   0.1   0:00.14 systemd-udevd
    337 root      20   0   23524   5056   2992 S   0.0   0.1   0:00.16 systemd-udevd
    339 root      20   0   23220   4980   3148 S   0.0   0.1   0:00.17 systemd-udevd
    340 root      20   0   23544   6732   4608 S   0.0   0.1   0:51.96 systemd-udevd
    341 root      20   0   23276   5328   3384 S   0.0   0.1   0:00.13 systemd-udevd
    342 root      20   0   23280   5176   3228 S   0.0   0.1   0:00.13 systemd-udevd
    343 root      20   0   23220   5984   4152 S   0.0   0.1   0:00.29 systemd-udevd
    344 root      20   0   23560   6700   4596 S   0.0   0.1   0:00.46 systemd-udevd
    345 root      20   0       0      0      0 S   0.0   0.0   0:00.00 15820000.crypto
    346 root      20   0       0      0      0 S   0.0   0.0   0:00.00 15840000.crypto
    368 root      20   0   23324   5984   4116 S   0.0   0.1   0:00.38 systemd-udevd
    417 root     -51   0       0      0      0 S   0.0   0.0   0:00.00 irq/219-bc00000
    419 root      -2   0       0      0      0 S   0.0   0.0   0:00.00 capture-control
    420 root      -2   0       0      0      0 S   0.0   0.0   0:00.00 capture
    422 root     -51   0       0      0      0 S   0.0   0.0   0:00.00 irq/214-tegra_d
    423 root     -51   0       0      0      0 S   0.0   0.0   0:00.00 irq/215-tegra_d
    424 root       0 -20       0      0      0 I   0.0   0.0   0:00.00 dce-async-ipc-w
    425 root     -51   0       0      0      0 S   0.0   0.0   0:00.00 irq/240-nvvrs-p
    427 root      20   0       0      0      0 S   0.0   0.0   0:00.00 nv_queue
    428 root      20   0       0      0      0 S   0.0   0.0   0:00.00 nv_queue
    483 root     -51   0       0      0      0 S   0.0   0.0   0:00.00 irq/118-3210000
    487 root      20   0       0      0      0 S   0.0   0.0   0:00.00 spi0
    495 root       0 -20       0      0      0 I   0.0   0.0   0:00.00 cfg80211
    497 root     -51   0       0      0      0 S   0.0   0.0   0:00.00 irq/119-3230000
    498 root      20   0       0      0      0 S   0.0   0.0   0:00.00 spi1
    584 root       0 -20       0      0      0 I   0.0   0.0   0:00.00 btfwwork
    650 root      20   0    8236   6424   1432 S   0.0   0.1   0:00.53 haveged
    653 _rpc      20   0    7932   2264   1912 S   0.0   0.0   0:00.02 rpcbind
    659 systemd+  20   0   26320  13580   8496 S   0.0   0.2   0:00.36 systemd-resolve
    662 systemd+  20   0   88880   6332   5484 S   0.0   0.1   0:00.12 systemd-timesyn
    826 avahi     20   0    8084   3108   2752 S   0.0   0.0   0:00.41 avahi-daemon
    827 root      20   0    9888   4552   4112 S   0.0   0.1   0:00.07 bluetoothd
    828 message+  20   0   10372   5572   3584 S   0.0   0.1   0:22.16 dbus-daemon
    829 root      20   0  264656  18684  14872 S   0.0   0.2   0:20.46 NetworkManager
    838 root      20   0   43504  19780  10232 S   0.0   0.3   0:00.15 networkd-dispat
    849 root      20   0  241652   9056   6312 S   0.0   0.1   0:00.33 power-profiles-
    854 syslog    20   0  222160   5012   3672 S   0.0   0.1   0:02.91 rsyslogd
    859 root      20   0    2240    796    720 S   0.0   0.0   0:00.00 seatd
    865 root      20   0 2145956  51992  25768 S   0.0   0.7   0:22.65 snapd
    867 root      20   0  242124   7452   6576 S   0.0   0.1   0:01.17 accounts-daemon
    869 root      20   0  238128   6232   5620 S   0.0   0.1   0:00.04 switcheroo-cont
    871 root      20   0   48968   7620   6296 S   0.0   0.1   0:01.99 systemd-logind
    874 root      20   0  394188  13980   9476 S   0.0   0.2   0:00.52 udisksd
    875 root      20   0   16632   9928   8148 S   0.0   0.1   0:00.78 wpa_supplicant
    882 avahi     20   0    7812    356      0 S   0.0   0.0   0:00.00 avahi-daemon
    904 root      rt   0       0      0      0 S   0.0   0.0   0:50.22 sugov:0
    909 root      rt   0       0      0      0 D   0.0   0.0   0:23.68 sugov:4
    921 root      30  10   11248   3612   3220 S   0.0   0.0   0:04.81 wifi_mon.sh
    969 root      20   0  237044  10204   6400 S   0.0   0.1   1:36.93 polkitd
    983 root      20   0    2460   1556   1380 S   0.0   0.0   0:04.61 nvfancontrol
   1049 root      20   0       0      0      0 S   0.0   0.0   0:00.00 sw-quiesce
   1052 root      20   0       0      0      0 S   0.0   0.0   0:11.38 nvgpu_channel_p
   1068 root      20   0       0      0      0 S   0.0   0.0   0:00.00 nvgpu_pg_init_g
   1087 root      20   0       0      0      0 S   0.0   0.0   0:00.00 nvgpu_clk_arb_p
   1117 root      20   0       0      0      0 S   0.0   0.0   0:04.38 RTW_CMD_THREAD
   1157 root      20   0   75936   9960   8136 S   0.0   0.1   0:00.01 nvargus-daemon
   1158 root      20   0   11116   3520   3220 S   0.0   0.0   0:00.04 nvmemwarning.sh
   1171 root      20   0   22192   1776   1580 S   0.0   0.0   0:00.00 nvs-service
   1181 ollama    20   0 2006720  39588  20072 S   0.0   0.5   0:00.64 ollama
   1195 root      20   0    2336   1408   1292 S   0.0   0.0   0:01.96 run-cups-browse
   1201 root      20   0    2336   1424   1296 S   0.0   0.0   0:02.02 run-cupsd
   1204 root      20   0       0      0      0 S   0.0   0.0   0:00.00 pr/ramoops-1
   1212 root      20   0 2019288  66376  33572 S   0.0   0.9   0:13.43 containerd
   1239 root      20   0   10772   2824   2576 S   0.0   0.0   0:00.03 cron
   1259 root      20   0  243128   8056   7012 S   0.0   0.1   0:00.02 gdm3
   1263 kernoops  20   0   12812    452      0 S   0.0   0.0   0:00.01 kerneloops
   1290 root      20   0    9468    800    724 S   0.0   0.0   0:00.00 agetty
   1291 kernoops  20   0   12812    452      0 S   0.0   0.0   0:00.01 kerneloops
   1293 root      20   0    9468    804    724 S   0.0   0.0   0:00.00 agetty
   1330 root      20   0  173408   8804   7628 S   0.0   0.1   0:00.02 gdm-session-wor
   1417 root      20   0       0      0      0 S   0.0   0.0   0:00.00 file-storage
   1426 root      20   0   15272   8368   6788 S   0.0   0.1   0:00.38 sshd
   1474 gdm       20   0   18120   9728   7360 S   0.0   0.1   0:00.41 systemd
   1478 root      20   0    3076    992    880 S   0.0   0.0   0:00.00 nvphsd
   1483 root      20   0    3208   1476   1316 S   0.0   0.0   0:00.00 nvphsd
   1497 gdm       20   0  106692   4552      0 S   0.0   0.1   0:00.00 (sd-pam)
   1588 root      20   0 2278700 101092  56496 S   0.0   1.3   0:04.33 dockerd
   1688 gdm        9 -11   41972   6468   5156 S   0.0   0.1   0:00.05 pipewire
   1689 gdm       20   0   25476   6428   5104 S   0.0   0.1   0:00.83 pipewire-media-
   1690 gdm        9 -11  891840  20748  12584 S   0.0   0.3   0:00.69 pulseaudio
   1695 gdm       20   0  163948   5472   4964 S   0.0   0.1   0:00.00 gdm-x-session
   1697 root      20   0   24.2g  80496  35884 S   0.0   1.0   0:01.46 Xorg
   1698 rtkit     21   1  153504   1588   1380 S   0.0   0.0   0:00.19 rtkit-daemon
   1729 gdm       20   0    8840   3600   3212 S   0.0   0.0   0:00.02 dbus-daemon
   1748 root      20   0       0      0      0 S   0.0   0.0   0:00.00 nvidia-modeset/
   1749 root      20   0       0      0      0 S   0.0   0.0   0:00.00 nvidia-modeset/
   1752 root      20   0       0      0      0 S   0.0   0.0   0:00.00 nvidia
   1753 root      20   0       0      0      0 S   0.0   0.0   0:00.00 nv_queue
   1790 root      20   0       0      0      0 S   0.0   0.0   0:00.00 nvidia-drm-nv-t
   1791 root     -51   0       0      0      0 S   0.0   0.0   0:00.00 card1-crtc0
   1792 root     -51   0       0      0      0 S   0.0   0.0   0:00.00 card1-crtc1
   1980 gdm       20   0    5876   1552   1344 S   0.0   0.0   0:00.00 dbus-run-sessio
   1983 gdm       20   0    9108   4440   3588 S   0.0   0.1   0:00.13 dbus-daemon
   2035 gdm       20   0  597840  17824  12972 S   0.0   0.2   0:00.60 gnome-session-b
   2057 gdm       20   0  310068   8976   6272 S   0.0   0.1   0:00.00 at-spi-bus-laun
   2062 gdm       20   0    8692   3556   3168 S   0.0   0.0   0:00.00 dbus-daemon
   2071 gdm       20   0 3471500 137252  73260 S   0.0   1.8   0:26.60 gnome-shell
   2092 gdm       20   0  237676   4964   4528 S   0.0   0.1   0:00.00 xdg-permission-
   2099 root      20   0  243852  10136   6984 S   0.0   0.1   0:00.29 upowerd
   2106 root      20   0  301608  19332  16408 S   0.0   0.2   0:00.85 packagekitd
   2110 gdm       20   0 2812288  25716  20860 S   0.0   0.3   0:00.08 gjs
   2113 gdm       20   0  163144   7196   6428 S   0.0   0.1   0:00.01 at-spi2-registr
   2141 gdm       20   0  468748   9856   7940 S   0.0   0.1   0:01.07 gsd-sharing
   2146 gdm       20   0  338880  14892  12620 S   0.0   0.2   0:00.06 gsd-wacom
   2148 gdm       20   0  451616  18896  16480 S   0.0   0.2   0:00.15 gsd-color
   2150 gdm       20   0  412392  17092  13292 S   0.0   0.2   0:00.04 gsd-keyboard
   2152 gdm       20   0  316864  13188   6244 S   0.0   0.2   0:00.10 ibus-daemon
   2156 gdm       20   0  326124   9848   8488 S   0.0   0.1   0:00.02 gsd-print-notif
   2166 gdm       20   0  242216   6512   5848 S   0.0   0.1   0:00.01 gvfsd
   2168 gdm       20   0  459796   6140   5436 S   0.0   0.1   0:00.31 gsd-rfkill
   2170 gdm       20   0  388312   7432   6528 S   0.0   0.1   0:00.01 gsd-smartcard
   2173 gdm       20   0  380556  16508  12504 S   0.0   0.2   0:00.03 gsd-datetime
   2183 gdm       20   0  864216  20108  17428 S   0.0   0.3   0:00.31 gsd-media-keys
   2184 gdm       20   0  237936   4760   4376 S   0.0   0.1   0:00.01 gsd-screensaver
   2185 gdm       20   0  322096  10392   7320 S   0.0   0.1   0:00.02 gsd-sound
   2186 gdm       20   0  312416   8104   5476 S   0.0   0.1   0:00.01 gsd-a11y-settin
   2193 gdm       20   0  313996   8944   6152 S   0.0   0.1   0:00.56 gsd-housekeepin
   2195 gdm       20   0  450004  20288  15904 S   0.0   0.3   0:00.31 gsd-power
   2218 gdm       20   0  347052  12608  10748 S   0.0   0.2   0:00.03 gsd-printer
   2221 gdm       20   0  239040   6576   5948 S   0.0   0.1   0:00.00 ibus-dconf
   2233 gdm       20   0  238936   5920   5488 S   0.0   0.1   0:00.00 ibus-portal
   2263 colord    20   0  247516  14492   8720 S   0.0   0.2   0:00.22 colord
   2285 gdm       20   0 2812300  27868  20904 S   0.0   0.4   0:00.09 gjs
   2349 gdm       20   0  165096   6516   5892 S   0.0   0.1   0:00.01 ibus-engine-sim
   2508 root      20   0  136716  13172   9512 S   0.0   0.2   0:00.57 cupsd
   2522 root      20   0  260792  17940  13508 S   0.0   0.2   0:01.08 cups-browsed
  11687 jetson    20   0   18140   9764   7368 S   0.0   0.1   0:00.32 systemd
  11688 jetson    20   0  172512   4632      0 S   0.0   0.1   0:00.00 (sd-pam)
  11696 jetson    20   0   41976   6552   5228 S   0.0   0.1   0:00.04 pipewire
  11697 jetson    20   0   25484   6724   5388 S   0.0   0.1   0:00.88 pipewire-media-
  11749 jetson    20   0    8888   3620   3232 S   0.0   0.0   0:00.01 dbus-daemon
  11931 jetson    20   0  706564  62076  26432 S   0.0   0.8   1:05.21 python3
  12473 root      20   0 1233488  14092   6340 S   0.0   0.2   0:01.65 containerd-shim
  12502 jetson    20   0    5508    792    704 S   0.0   0.0   0:00.20 sleep
  12567 root      20   0   21892   5484   3884 S   0.0   0.1   0:13.91 systemd-udevd
  12575 root      20   0   21760   4520   2952 S   0.0   0.1   0:28.16 systemd-udevd
  13234 jetson    20   0  203640  35476  13212 S   0.0   0.5   0:00.75 ros2
  13236 jetson    20   0 1996680  34168  17228 S   0.0   0.4   0:00.46 docker
  13238 jetson    20   0  428384  31060  15828 S   0.0   0.4   1:07.14 robot_state_pub
  13265 root      20   0 1232976  11124   5960 S   0.0   0.1   0:01.17 containerd-shim
  13294 root      20   0   49400  29204  14412 S   0.0   0.4   0:00.40 ros2
  13554 root      20   0   21760   4448   2932 S   0.0   0.1   0:00.02 systemd-udevd
  13555 root      20   0   21760   3352   1860 S   0.0   0.0   0:00.00 systemd-udevd
  13568 root      20   0   21760   3376   1864 S   0.0   0.0   0:00.02 systemd-udevd
  13569 root      20   0   21760   4128   2588 S   0.0   0.1   0:00.04 systemd-udevd
  13570 root      20   0   21764   4488   2960 S   0.0   0.1   0:00.04 systemd-udevd
  13571 root      20   0   21764   4104   2588 S   0.0   0.1   0:00.03 systemd-udevd
  13580 root      20   0   21764   4136   2588 S   0.0   0.1   0:00.03 systemd-udevd
  13581 root      20   0   21764   3708   2180 S   0.0   0.0   0:00.00 systemd-udevd
  13582 root      20   0   21764   4252   2704 S   0.0   0.1   0:00.05 systemd-udevd
  13594 root      20   0   21764   3408   1864 S   0.0   0.0   0:00.01 systemd-udevd
  13595 root      20   0   21764   3652   2120 S   0.0   0.0   0:00.02 systemd-udevd
  31399 root      20   0       0      0      0 I   0.0   0.0   0:14.51 kworker/u12:8-events_unbound
  33484 root      20   0       0      0      0 I   0.0   0.0   0:09.51 kworker/u12:0-events_freezable_power_
  34263 root      20   0       0      0      0 I   0.0   0.0   0:11.45 kworker/u12:2-events_freezable_power_
  42253 root      20   0       0      0      0 I   0.0   0.0   0:10.79 kworker/u12:3-events_unbound
  49116 root      20   0       0      0      0 I   0.0   0.0   0:00.62 kworker/0:0-events
  51824 root      20   0       0      0      0 I   0.0   0.0   0:01.27 kworker/5:1-events
  59272 root      20   0       0      0      0 I   0.0   0.0   0:01.08 kworker/3:3-events
  85708 root      20   0       0      0      0 I   0.0   0.0   0:00.34 kworker/4:1-events
  90870 root      20   0       0      0      0 I   0.0   0.0   0:08.09 kworker/u12:11-events_unbound
  95815 root      20   0       0      0      0 I   0.0   0.0   0:00.00 kworker/0:2-events
  96157 root      20   0       0      0      0 I   0.0   0.0   0:00.00 kworker/4:2-events
  97402 root      20   0       0      0      0 I   0.0   0.0   0:06.12 kworker/u12:5-events_freezable_power_
  98042 jetson    20   0  572504  36008  13228 S   0.0   0.5   0:01.75 ros2
  98052 jetson    20   0 1082804  57864  26368 S   0.0   0.7   0:37.57 foxglove_bridge
  98155 root      20   0       0      0      0 I   0.0   0.0   0:00.00 kworker/2:1-events
  98217 root      20   0  238836   6944   5696 S   0.0   0.1   0:01.49 iio-sensor-prox
  98455 jetson    20   0  129772  36116  13228 S   0.0   0.5   0:00.71 ros2
 100055 root      20   0       0      0      0 I   0.0   0.0   0:00.00 kworker/5:2-cgroup_destroy
 100141 root      20   0       0      0      0 I   0.0   0.0   0:06.79 kworker/u12:6-events_freezable_power_
 100706 jetson    20   0   53568  30372  15020 S   0.0   0.4   0:00.43 ros2
 102542 jetson    20   0  723188  41844  13224 S   0.0   0.5   0:01.20 ros2
 102581 jetson    20   0  709536  61944  27352 S   0.0   0.8   2:46.87 python3
 102589 jetson    20   0  516304  37492  21032 R   0.0   0.5   4:55.19 behavior_server
 149635 root      20   0       0      0      0 I   0.0   0.0   0:00.00 kworker/3:0-events
 174364 root      20   0       0      0      0 I   0.0   0.0   0:02.42 kworker/u12:4-events_unbound
 192628 root       0 -20       0      0      0 I   0.0   0.0   0:04.45 kworker/u13:1-uvcvideo
 199974 root      20   0       0      0      0 I   0.0   0.0   0:01.71 kworker/u12:1-events_unbound
 205195 root       0 -20       0      0      0 I   0.0   0.0   0:03.40 kworker/u13:0-uvcvideo
 211464 root      20   0       0      0      0 I   0.0   0.0   0:01.23 kworker/u12:7-events_freezable_power_
 219316 root       0 -20       0      0      0 I   0.0   0.0   0:01.74 kworker/u13:3-uvcvideo
 223411 root      20   0       0      0      0 I   0.0   0.0   0:00.00 kworker/1:0-cgroup_destroy
 225822 root      20   0       0      0      0 I   0.0   0.0   0:00.58 kworker/u12:9-events_freezable_power_
 229418 root      20   0       0      0      0 I   0.0   0.0   0:00.31 kworker/u12:10-events_unbound
 233042 root      20   0    9436    768    688 S   0.0   0.0   0:00.00 sleep
 233444 root       0 -20       0      0      0 I   0.0   0.0   0:00.29 kworker/u13:2-uvcvideo
 234184 root      20   0       0      0      0 I   0.0   0.0   0:00.00 kworker/0:1-events
 234228 root      20   0       0      0      0 I   0.0   0.0   0:00.00 kworker/3:1
 234272 root      20   0       0      0      0 I   0.0   0.0   0:00.00 kworker/2:0-cgroup_destroy
 234404 root      20   0       0      0      0 I   0.0   0.0   0:00.02 kworker/5:0-events
 235691 root      20   0       0      0      0 I   0.0   0.0   0:00.00 kworker/1:1-events
 236264 jetson    20   0   11248   3292   2852 S   0.0   0.0   0:00.03 bash
 238343 root      30  10    9436    780    704 S   0.0   0.0   0:00.00 sleep
 238391 jetson    20   0   11248   3300   2864 S   0.0   0.0   0:00.01 bash
 238443 jetson    20   0    2872    896    800 S   0.0   0.0   0:00.00 tegrastats
 238448 jetson    20   0    9444    776    692 S   0.0   0.0   0:00.00 sleep

top - 13:14:06 up  3:37,  0 users,  load average: 9.72, 6.42, 4.79
Tasks: 348 total,   1 running, 347 sleeping,   0 stopped,   0 zombie
%Cpu(s): 48.6 us, 29.0 sy,  0.0 ni, 13.4 id,  0.0 wa,  3.1 hi,  6.0 si,  0.0 st
MiB Mem :   7607.4 total,   2919.3 free,   1946.9 used,   2741.2 buff/cache
MiB Swap:   3803.7 total,   3803.7 free,      0.0 used.   5362.6 avail Mem 

    PID USER      PR  NI    VIRT    RES    SHR S  %CPU  %MEM     TIME+ COMMAND
  13320 root      20   0 1300240  43632  11392 S  96.5   0.6  14:19.14 micro_ros_agent
 238441 jetson    20   0  763896  51648  25408 S  35.6   0.7   0:00.90 ros2
 100721 jetson    20   0 9355252 432712  88656 S  30.2   5.6  12:23.57 nvblox_node
  98338 jetson    20   0  709016  64620  27260 S  29.2   0.8  28:06.65 python3
  98052 jetson    20   0 1082804  58128  26368 S  21.8   0.7   0:38.01 foxglove_bridge
  98044 jetson    20   0 1813628 105436  51328 S  20.8   1.4  10:15.15 realsense2_came
  98046 jetson    20   0  710680  66144  27240 S  20.3   0.8  12:08.59 python3
 102641 jetson    20   0  577392  31608  16252 S  19.8   0.4   7:40.79 lifecycle_manag
 102592 jetson    20   0  457096  48340  26220 S  19.3   0.6   6:03.06 bt_navigator
  98048 jetson    20   0  432960  28196  14244 S  17.8   0.4  12:34.50 rplidar_node
 102583 jetson    20   0  889464  44508  23468 S  16.8   0.6   7:02.10 controller_serv
 102587 jetson    20   0 1127660  94148  42564 S  16.8   1.2   6:48.31 planner_server
 102589 jetson    20   0  516304  37492  21032 S  15.8   0.5   4:55.51 behavior_server
  98340 jetson    20   0  506224  33968  18400 S  14.9   0.4   8:24.83 ekf_node
 102585 jetson    20   0  582528  34316  18844 S  13.9   0.4   4:07.91 smoother_server
  98050 jetson    20   0  708072  65668  27312 S  13.4   0.8   6:05.29 python3
 102619 jetson    20   0  431272  31260  17020 S  12.4   0.4   3:20.43 waypoint_follow
 102637 jetson    20   0  428576  28816  15960 S  11.4   0.4   3:20.90 velocity_smooth
 102581 jetson    20   0  709536  61944  27352 S   9.9   0.8   2:47.07 python3
  98457 jetson    20   0  903180  51504  24060 S   8.4   0.7   2:14.20 async_slam_tool
  13238 jetson    20   0  428384  31060  15828 S   6.4   0.4   1:07.27 robot_state_pub
  11931 jetson    20   0  706564  62076  26432 S   5.9   0.8   1:05.33 python3
   1588 root      20   0 2278700 101092  56496 S   1.0   1.3   0:04.35 dockerd
   2071 gdm       20   0 3471500 137252  73260 S   1.0   1.8   0:26.62 gnome-shell
  12575 root      20   0   21760   4520   2952 S   1.0   0.1   0:28.18 systemd-udevd
 233444 root       0 -20       0      0      0 I   1.0   0.0   0:00.31 kworker/u13:2-uvcvideo
     15 root      20   0       0      0      0 I   0.5   0.0   0:04.54 rcu_preempt
    340 root      20   0   23544   6732   4608 S   0.5   0.1   0:51.97 systemd-udevd
    909 root      rt   0       0      0      0 S   0.5   0.0   0:23.69 sugov:4
  34263 root      20   0       0      0      0 I   0.5   0.0   0:11.46 kworker/u12:2-events_unbound
  42253 root      20   0       0      0      0 I   0.5   0.0   0:10.80 kworker/u12:3-events_unbound
  98042 jetson    20   0  572504  36008  13228 S   0.5   0.5   0:01.76 ros2
 238442 jetson    20   0   14344   3352   2756 R   0.5   0.0   0:00.04 top
 238443 jetson    20   0    2872    896    800 S   0.5   0.0   0:00.01 tegrastats
      1 root      20   0  167628  11764   7444 S   0.0   0.2   0:16.91 systemd
      2 root      20   0       0      0      0 S   0.0   0.0   0:00.02 kthreadd
      3 root       0 -20       0      0      0 I   0.0   0.0   0:00.00 rcu_gp
      4 root       0 -20       0      0      0 I   0.0   0.0   0:00.00 rcu_par_gp
      5 root       0 -20       0      0      0 I   0.0   0.0   0:00.00 slub_flushwq
      6 root       0 -20       0      0      0 I   0.0   0.0   0:00.00 netns
      8 root       0 -20       0      0      0 I   0.0   0.0   0:00.00 kworker/0:0H-events_highpri
     10 root       0 -20       0      0      0 I   0.0   0.0   0:00.00 mm_percpu_wq
     11 root      20   0       0      0      0 S   0.0   0.0   0:00.00 rcu_tasks_kthre
     12 root      20   0       0      0      0 S   0.0   0.0   0:00.00 rcu_tasks_rude_
     13 root      20   0       0      0      0 S   0.0   0.0   0:00.00 rcu_tasks_trace
     14 root      20   0       0      0      0 S   0.0   0.0   0:10.89 ksoftirqd/0
     16 root      rt   0       0      0      0 S   0.0   0.0   0:00.01 migration/0
     17 root      20   0       0      0      0 S   0.0   0.0   0:00.00 cpuhp/0
     18 root      20   0       0      0      0 S   0.0   0.0   0:00.00 cpuhp/1
     19 root      rt   0       0      0      0 S   0.0   0.0   0:00.01 migration/1
     20 root      20   0       0      0      0 S   0.0   0.0   0:00.65 ksoftirqd/1
     22 root       0 -20       0      0      0 I   0.0   0.0   0:00.00 kworker/1:0H-events_highpri
     23 root      20   0       0      0      0 S   0.0   0.0   0:00.00 cpuhp/2
     24 root      rt   0       0      0      0 S   0.0   0.0   0:00.00 migration/2
     25 root      20   0       0      0      0 S   0.0   0.0   0:00.68 ksoftirqd/2
     27 root       0 -20       0      0      0 I   0.0   0.0   0:00.00 kworker/2:0H-events_highpri
     28 root      20   0       0      0      0 S   0.0   0.0   0:00.00 cpuhp/3
     29 root      rt   0       0      0      0 S   0.0   0.0   0:00.00 migration/3
     30 root      20   0       0      0      0 S   0.0   0.0   0:00.62 ksoftirqd/3
     32 root       0 -20       0      0      0 I   0.0   0.0   0:00.00 kworker/3:0H-events_highpri
     33 root      20   0       0      0      0 S   0.0   0.0   0:00.00 cpuhp/4
     34 root      rt   0       0      0      0 S   0.0   0.0   0:00.02 migration/4
     35 root      20   0       0      0      0 S   0.0   0.0   0:00.46 ksoftirqd/4
     37 root       0 -20       0      0      0 I   0.0   0.0   0:00.00 kworker/4:0H-kblockd
     38 root      20   0       0      0      0 S   0.0   0.0   0:00.00 cpuhp/5
     39 root      rt   0       0      0      0 S   0.0   0.0   0:00.03 migration/5
     40 root      20   0       0      0      0 S   0.0   0.0   0:00.47 ksoftirqd/5
     42 root       0 -20       0      0      0 I   0.0   0.0   0:00.00 kworker/5:0H-events_highpri
     43 root      20   0       0      0      0 S   0.0   0.0   0:00.01 kdevtmpfs
     44 root       0 -20       0      0      0 I   0.0   0.0   0:00.00 inet_frag_wq
     51 root      20   0       0      0      0 S   0.0   0.0   0:00.00 kauditd
     52 root      20   0       0      0      0 S   0.0   0.0   0:00.00 oom_reaper
     53 root       0 -20       0      0      0 I   0.0   0.0   0:00.00 writeback
     54 root      20   0       0      0      0 S   0.0   0.0   0:00.10 kcompactd0
     55 root      25   5       0      0      0 S   0.0   0.0   0:00.00 ksmd
     56 root      39  19       0      0      0 S   0.0   0.0   0:01.15 khugepaged
     67 root       0 -20       0      0      0 I   0.0   0.0   0:00.00 cryptd
     86 root       0 -20       0      0      0 I   0.0   0.0   0:00.00 kintegrityd
     87 root       0 -20       0      0      0 I   0.0   0.0   0:00.00 kblockd
     88 root       0 -20       0      0      0 I   0.0   0.0   0:00.00 blkcg_punt_bio
     89 root       0 -20       0      0      0 I   0.0   0.0   0:00.00 tpm_dev_wq
     90 root       0 -20       0      0      0 I   0.0   0.0   0:00.00 ata_sff
     91 root       0 -20       0      0      0 I   0.0   0.0   0:00.00 edac-poller
     92 root       0 -20       0      0      0 I   0.0   0.0   0:00.00 devfreq_wq
     93 root     -51   0       0      0      0 S   0.0   0.0   0:00.00 watchdogd
     96 root       0 -20       0      0      0 I   0.0   0.0   0:00.04 kworker/1:1H-kblockd
     97 root       0 -20       0      0      0 I   0.0   0.0   0:00.00 rpciod
     99 root       0 -20       0      0      0 I   0.0   0.0   0:00.00 xprtiod
    127 root      20   0       0      0      0 S   0.0   0.0   0:00.00 kswapd0
    128 root       0 -20       0      0      0 I   0.0   0.0   0:00.00 nfsiod
    132 root       0 -20       0      0      0 I   0.0   0.0   0:00.00 vfio-irqfd-clea
    133 root       0 -20       0      0      0 I   0.0   0.0   0:00.00 bch_btree_io
    134 root       0 -20       0      0      0 I   0.0   0.0   0:00.00 bcache
    135 root       0 -20       0      0      0 I   0.0   0.0   0:00.00 bch_journal
    136 root       0 -20       0      0      0 I   0.0   0.0   0:00.00 dm_bufio_cache
    137 root      20   0       0      0      0 I   0.0   0.0   0:01.26 kworker/1:2-events
    139 root      20   0       0      0      0 I   0.0   0.0   0:00.75 kworker/2:3-events
    140 root      10 -10       0      0      0 S   0.0   0.0   0:00.00 krfcommd
    141 root      20   0       0      0      0 S   0.0   0.0   0:00.01 pr/tty0
    142 root      20   0       0      0      0 S   0.0   0.0   0:03.04 pr/ttyTCU0
    145 root     -51   0       0      0      0 S   0.0   0.0   0:00.00 irq/114-3160000
    147 root     -51   0       0      0      0 S   0.0   0.0   0:00.00 irq/115-3180000
    149 root     -51   0       0      0      0 S   0.0   0.0   0:00.00 irq/116-31b0000
    150 root     -51   0       0      0      0 S   0.0   0.0   0:00.01 irq/167-c240000
    151 root     -51   0       0      0      0 S   0.0   0.0   0:00.00 irq/168-c250000
    152 root     -51   0       0      0      0 S   0.0   0.0   0:00.00 irq/125-3610000
    153 root     -51   0       0      0      0 S   0.0   0.0   0:00.00 irq/122-3610000
    155 root       0 -20       0      0      0 I   0.0   0.0   0:00.00 sdhci
    156 root     -51   0       0      0      0 S   0.0   0.0   0:00.00 irq/120-mmc0
    157 root     -51   0       0      0      0 S   0.0   0.0   0:00.00 irq/230-3400000
    174 root       0 -20       0      0      0 I   0.0   0.0   0:00.05 kworker/3:1H-kblockd
    180 root     -51   0       0      0      0 S   0.0   0.0   0:00.00 irq/191-tegra-p
    181 root       0 -20       0      0      0 I   0.0   0.0   0:00.00 nvme-wq
    182 root       0 -20       0      0      0 I   0.0   0.0   0:00.00 nvme-reset-wq
    183 root       0 -20       0      0      0 I   0.0   0.0   0:00.00 nvme-delete-wq
    192 root     -51   0       0      0      0 S   0.0   0.0   0:00.00 irq/191-aerdrv
    193 root     -51   0       0      0      0 S   0.0   0.0   0:00.00 irq/193-tegra-p
    196 root     -51   0       0      0      0 S   0.0   0.0   0:00.00 irq/193-aerdrv
    197 root     -51   0       0      0      0 S   0.0   0.0   0:00.00 irq/195-tegra-p
    199 root     -51   0       0      0      0 S   0.0   0.0   0:00.00 irq/232-nvme0q0
    200 root     -51   0       0      0      0 S   0.0   0.0   0:00.22 irq/233-nvme0q1
    201 root     -51   0       0      0      0 S   0.0   0.0   0:00.26 irq/234-nvme0q2
    202 root     -51   0       0      0      0 S   0.0   0.0   0:00.40 irq/235-nvme0q3
    203 root     -51   0       0      0      0 S   0.0   0.0   0:00.52 irq/236-nvme0q4
    204 root     -51   0       0      0      0 S   0.0   0.0   0:00.13 irq/237-nvme0q5
    205 root     -51   0       0      0      0 S   0.0   0.0   0:00.09 irq/238-nvme0q6
    211 root       0 -20       0      0      0 I   0.0   0.0   0:00.05 kworker/4:1H-kblockd
    212 root      20   0       0      0      0 S   0.0   0.0   0:00.74 jbd2/nvme0n1p1-
    213 root       0 -20       0      0      0 I   0.0   0.0   0:00.00 ext4-rsv-conver
    222 root       0 -20       0      0      0 I   0.0   0.0   0:00.00 mld
    223 root       0 -20       0      0      0 I   0.0   0.0   0:00.03 kworker/0:1H-kblockd
    224 root       0 -20       0      0      0 I   0.0   0.0   0:00.00 ipv6_addrconf
    256 root      19  -1   40648  11528   9920 S   0.0   0.1   0:14.89 systemd-journal
    278 root       0 -20       0      0      0 I   0.0   0.0   0:00.06 kworker/2:1H-kblockd
    280 root      39  19       0      0      0 S   0.0   0.0   0:00.40 nvmap-bz
    281 root     -51   0       0      0      0 S   0.0   0.0   0:00.00 irq/188-host1x_
    285 root     -51   0       0      0      0 S   0.0   0.0   0:00.00 irq/197-gk20a_s
    286 root     -51   0       0      0      0 S   0.0   0.0   0:00.01 irq/198-gk20a_s
    287 root     -51   0       0      0      0 S   0.0   0.0   0:00.01 irq/199-gk20a_s
    288 root     -51   0       0      0      0 S   0.0   0.0   0:00.00 irq/200-gk20a_n
    291 root       0 -20       0      0      0 I   0.0   0.0   0:00.04 kworker/5:1H-kblockd
    295 root      20   0   11116   3460   3204 S   0.0   0.0   0:00.00 nv-tee-supplica
    299 root      20   0   76588   1360   1248 S   0.0   0.0   0:00.01 tee-supplicant
    301 root       0 -20       0      0      0 I   0.0   0.0   0:00.00 optee_bus_scan
    303 root     -51   0       0      0      0 S   0.0   0.0   0:00.00 irq/189-tegra-p
    312 root      20   0   23732   6316   4080 S   0.0   0.1   0:15.40 systemd-udevd
    313 root     -51   0       0      0      0 S   0.0   0.0   0:00.00 irq/189-aerdrv
    314 root      20   0   23216   5804   3992 S   0.0   0.1   0:00.37 systemd-udevd
    315 root      20   0   23216   5020   3248 S   0.0   0.1   0:00.15 systemd-udevd
    316 root      20   0   23268   6224   4288 S   0.0   0.1   0:00.16 systemd-udevd
    317 root      20   0   23220   4364   2600 S   0.0   0.1   0:00.11 systemd-udevd
    318 root      20   0   23216   4480   2672 S   0.0   0.1   0:00.12 systemd-udevd
    319 root      20   0   23212   5812   3980 S   0.0   0.1   0:00.28 systemd-udevd
    320 root      20   0   23264   4688   2764 S   0.0   0.1   0:00.13 systemd-udevd
    321 root      20   0   23268   5072   3136 S   0.0   0.1   0:00.18 systemd-udevd
    322 root      20   0   23524   5520   3456 S   0.0   0.1   0:00.26 systemd-udevd
    323 root      20   0   23216   6268   4444 S   0.0   0.1   0:00.35 systemd-udevd
    324 root      20   0   23220   5196   3388 S   0.0   0.1   0:00.16 systemd-udevd
    325 root      20   0   23220   5808   3976 S   0.0   0.1   0:00.35 systemd-udevd
    326 root      20   0   23220   5232   3388 S   0.0   0.1   0:00.38 systemd-udevd
    327 root      20   0   23220   5468   3656 S   0.0   0.1   0:00.18 systemd-udevd
    330 root      20   0   23512   5728   3684 S   0.0   0.1   0:00.14 systemd-udevd
    331 root      20   0   24292   5540   2676 S   0.0   0.1   0:00.16 systemd-udevd
    333 root      20   0   23524   5596   3532 S   0.0   0.1   0:00.26 systemd-udevd
    334 root      20   0   23220   5080   3240 S   0.0   0.1   0:00.24 systemd-udevd
    335 root      20   0   23220   4504   2708 S   0.0   0.1   0:00.11 systemd-udevd
    336 root      20   0   23220   4696   2892 S   0.0   0.1   0:00.14 systemd-udevd
    337 root      20   0   23524   5056   2992 S   0.0   0.1   0:00.16 systemd-udevd
    339 root      20   0   23220   4980   3148 S   0.0   0.1   0:00.17 systemd-udevd
    341 root      20   0   23276   5328   3384 S   0.0   0.1   0:00.13 systemd-udevd
    342 root      20   0   23280   5176   3228 S   0.0   0.1   0:00.13 systemd-udevd
    343 root      20   0   23220   5984   4152 S   0.0   0.1   0:00.29 systemd-udevd
    344 root      20   0   23560   6700   4596 S   0.0   0.1   0:00.46 systemd-udevd
    345 root      20   0       0      0      0 S   0.0   0.0   0:00.00 15820000.crypto
    346 root      20   0       0      0      0 S   0.0   0.0   0:00.00 15840000.crypto
    368 root      20   0   23324   5984   4116 S   0.0   0.1   0:00.38 systemd-udevd
    417 root     -51   0       0      0      0 S   0.0   0.0   0:00.00 irq/219-bc00000
    419 root      -2   0       0      0      0 S   0.0   0.0   0:00.00 capture-control
    420 root      -2   0       0      0      0 S   0.0   0.0   0:00.00 capture
    422 root     -51   0       0      0      0 S   0.0   0.0   0:00.00 irq/214-tegra_d
    423 root     -51   0       0      0      0 S   0.0   0.0   0:00.00 irq/215-tegra_d
    424 root       0 -20       0      0      0 I   0.0   0.0   0:00.00 dce-async-ipc-w
    425 root     -51   0       0      0      0 S   0.0   0.0   0:00.00 irq/240-nvvrs-p
    427 root      20   0       0      0      0 S   0.0   0.0   0:00.00 nv_queue
    428 root      20   0       0      0      0 S   0.0   0.0   0:00.00 nv_queue
    483 root     -51   0       0      0      0 S   0.0   0.0   0:00.00 irq/118-3210000
    487 root      20   0       0      0      0 S   0.0   0.0   0:00.00 spi0
    495 root       0 -20       0      0      0 I   0.0   0.0   0:00.00 cfg80211
    497 root     -51   0       0      0      0 S   0.0   0.0   0:00.00 irq/119-3230000
    498 root      20   0       0      0      0 S   0.0   0.0   0:00.00 spi1
    584 root       0 -20       0      0      0 I   0.0   0.0   0:00.00 btfwwork
    650 root      20   0    8236   6424   1432 S   0.0   0.1   0:00.53 haveged
    653 _rpc      20   0    7932   2264   1912 S   0.0   0.0   0:00.02 rpcbind
    659 systemd+  20   0   26320  13580   8496 S   0.0   0.2   0:00.36 systemd-resolve
    662 systemd+  20   0   88880   6332   5484 S   0.0   0.1   0:00.12 systemd-timesyn
    826 avahi     20   0    8084   3108   2752 S   0.0   0.0   0:00.41 avahi-daemon
    827 root      20   0    9888   4552   4112 S   0.0   0.1   0:00.07 bluetoothd
    828 message+  20   0   10372   5572   3584 S   0.0   0.1   0:22.16 dbus-daemon
    829 root      20   0  264656  18684  14872 S   0.0   0.2   0:20.46 NetworkManager
    838 root      20   0   43504  19780  10232 S   0.0   0.3   0:00.15 networkd-dispat
    849 root      20   0  241652   9056   6312 S   0.0   0.1   0:00.33 power-profiles-
    854 syslog    20   0  222160   5012   3672 S   0.0   0.1   0:02.91 rsyslogd
    859 root      20   0    2240    796    720 S   0.0   0.0   0:00.00 seatd
    865 root      20   0 2145956  51992  25768 S   0.0   0.7   0:22.65 snapd
    867 root      20   0  242124   7452   6576 S   0.0   0.1   0:01.17 accounts-daemon
    869 root      20   0  238128   6232   5620 S   0.0   0.1   0:00.04 switcheroo-cont
    871 root      20   0   48968   7620   6296 S   0.0   0.1   0:01.99 systemd-logind
    874 root      20   0  394188  13980   9476 S   0.0   0.2   0:00.52 udisksd
    875 root      20   0   16632   9928   8148 S   0.0   0.1   0:00.78 wpa_supplicant
    882 avahi     20   0    7812    356      0 S   0.0   0.0   0:00.00 avahi-daemon
    904 root      rt   0       0      0      0 S   0.0   0.0   0:50.22 sugov:0
    921 root      30  10   11248   3612   3220 S   0.0   0.0   0:04.81 wifi_mon.sh
    969 root      20   0  237044  10204   6400 S   0.0   0.1   1:36.93 polkitd
    983 root      20   0    2460   1556   1380 S   0.0   0.0   0:04.61 nvfancontrol
   1049 root      20   0       0      0      0 S   0.0   0.0   0:00.00 sw-quiesce
   1052 root      20   0       0      0      0 S   0.0   0.0   0:11.38 nvgpu_channel_p
   1068 root      20   0       0      0      0 S   0.0   0.0   0:00.00 nvgpu_pg_init_g
   1087 root      20   0       0      0      0 S   0.0   0.0   0:00.00 nvgpu_clk_arb_p
   1117 root      20   0       0      0      0 S   0.0   0.0   0:04.38 RTW_CMD_THREAD
   1157 root      20   0   75936   9960   8136 S   0.0   0.1   0:00.01 nvargus-daemon
   1158 root      20   0   11116   3520   3220 S   0.0   0.0   0:00.04 nvmemwarning.sh
   1171 root      20   0   22192   1776   1580 S   0.0   0.0   0:00.00 nvs-service
   1181 ollama    20   0 2006720  39588  20072 S   0.0   0.5   0:00.64 ollama
   1195 root      20   0    2336   1408   1292 S   0.0   0.0   0:01.96 run-cups-browse
   1201 root      20   0    2336   1424   1296 S   0.0   0.0   0:02.02 run-cupsd
   1204 root      20   0       0      0      0 S   0.0   0.0   0:00.00 pr/ramoops-1
   1212 root      20   0 2019288  66376  33572 S   0.0   0.9   0:13.43 containerd
   1239 root      20   0   10772   2824   2576 S   0.0   0.0   0:00.03 cron
   1259 root      20   0  243128   8056   7012 S   0.0   0.1   0:00.02 gdm3
   1263 kernoops  20   0   12812    452      0 S   0.0   0.0   0:00.01 kerneloops
   1290 root      20   0    9468    800    724 S   0.0   0.0   0:00.00 agetty
   1291 kernoops  20   0   12812    452      0 S   0.0   0.0   0:00.01 kerneloops
   1293 root      20   0    9468    804    724 S   0.0   0.0   0:00.00 agetty
   1330 root      20   0  173408   8804   7628 S   0.0   0.1   0:00.02 gdm-session-wor
   1417 root      20   0       0      0      0 S   0.0   0.0   0:00.00 file-storage
   1426 root      20   0   15272   8368   6788 S   0.0   0.1   0:00.38 sshd
   1474 gdm       20   0   18120   9728   7360 S   0.0   0.1   0:00.41 systemd
   1478 root      20   0    3076    992    880 S   0.0   0.0   0:00.00 nvphsd
   1483 root      20   0    3208   1476   1316 S   0.0   0.0   0:00.00 nvphsd
   1497 gdm       20   0  106692   4552      0 S   0.0   0.1   0:00.00 (sd-pam)
   1688 gdm        9 -11   41972   6468   5156 S   0.0   0.1   0:00.05 pipewire
   1689 gdm       20   0   25476   6428   5104 S   0.0   0.1   0:00.83 pipewire-media-
   1690 gdm        9 -11  891840  20748  12584 S   0.0   0.3   0:00.69 pulseaudio
   1695 gdm       20   0  163948   5472   4964 S   0.0   0.1   0:00.00 gdm-x-session
   1697 root      20   0   24.2g  80496  35884 S   0.0   1.0   0:01.46 Xorg
   1698 rtkit     21   1  153504   1588   1380 S   0.0   0.0   0:00.19 rtkit-daemon
   1729 gdm       20   0    8840   3600   3212 S   0.0   0.0   0:00.02 dbus-daemon
   1748 root      20   0       0      0      0 S   0.0   0.0   0:00.00 nvidia-modeset/
   1749 root      20   0       0      0      0 S   0.0   0.0   0:00.00 nvidia-modeset/
   1752 root      20   0       0      0      0 S   0.0   0.0   0:00.00 nvidia
   1753 root      20   0       0      0      0 S   0.0   0.0   0:00.00 nv_queue
   1790 root      20   0       0      0      0 S   0.0   0.0   0:00.00 nvidia-drm-nv-t
   1791 root     -51   0       0      0      0 S   0.0   0.0   0:00.00 card1-crtc0
   1792 root     -51   0       0      0      0 S   0.0   0.0   0:00.00 card1-crtc1
   1980 gdm       20   0    5876   1552   1344 S   0.0   0.0   0:00.00 dbus-run-sessio
   1983 gdm       20   0    9108   4440   3588 S   0.0   0.1   0:00.13 dbus-daemon
   2035 gdm       20   0  597840  17824  12972 S   0.0   0.2   0:00.60 gnome-session-b
   2057 gdm       20   0  310068   8976   6272 S   0.0   0.1   0:00.00 at-spi-bus-laun
   2062 gdm       20   0    8692   3556   3168 S   0.0   0.0   0:00.00 dbus-daemon
   2092 gdm       20   0  237676   4964   4528 S   0.0   0.1   0:00.00 xdg-permission-
   2099 root      20   0  243852  10136   6984 S   0.0   0.1   0:00.29 upowerd
   2106 root      20   0  301608  19332  16408 S   0.0   0.2   0:00.85 packagekitd
   2110 gdm       20   0 2812288  25716  20860 S   0.0   0.3   0:00.08 gjs
   2113 gdm       20   0  163144   7196   6428 S   0.0   0.1   0:00.01 at-spi2-registr
   2141 gdm       20   0  468748   9856   7940 S   0.0   0.1   0:01.07 gsd-sharing
   2146 gdm       20   0  338880  14892  12620 S   0.0   0.2   0:00.06 gsd-wacom
   2148 gdm       20   0  451616  18896  16480 S   0.0   0.2   0:00.15 gsd-color
   2150 gdm       20   0  412392  17092  13292 S   0.0   0.2   0:00.04 gsd-keyboard
   2152 gdm       20   0  316864  13188   6244 S   0.0   0.2   0:00.10 ibus-daemon
   2156 gdm       20   0  326124   9848   8488 S   0.0   0.1   0:00.02 gsd-print-notif
   2166 gdm       20   0  242216   6512   5848 S   0.0   0.1   0:00.01 gvfsd
   2168 gdm       20   0  459796   6140   5436 S   0.0   0.1   0:00.31 gsd-rfkill
   2170 gdm       20   0  388312   7432   6528 S   0.0   0.1   0:00.01 gsd-smartcard
   2173 gdm       20   0  380556  16508  12504 S   0.0   0.2   0:00.03 gsd-datetime
   2183 gdm       20   0  864216  20108  17428 S   0.0   0.3   0:00.31 gsd-media-keys
   2184 gdm       20   0  237936   4760   4376 S   0.0   0.1   0:00.01 gsd-screensaver
   2185 gdm       20   0  322096  10392   7320 S   0.0   0.1   0:00.02 gsd-sound
   2186 gdm       20   0  312416   8104   5476 S   0.0   0.1   0:00.01 gsd-a11y-settin
   2193 gdm       20   0  313996   8944   6152 S   0.0   0.1   0:00.56 gsd-housekeepin
   2195 gdm       20   0  450004  20288  15904 S   0.0   0.3   0:00.31 gsd-power
   2218 gdm       20   0  347052  12608  10748 S   0.0   0.2   0:00.03 gsd-printer
   2221 gdm       20   0  239040   6576   5948 S   0.0   0.1   0:00.00 ibus-dconf
   2233 gdm       20   0  238936   5920   5488 S   0.0   0.1   0:00.00 ibus-portal
   2263 colord    20   0  247516  14492   8720 S   0.0   0.2   0:00.22 colord
   2285 gdm       20   0 2812300  27868  20904 S   0.0   0.4   0:00.09 gjs
   2349 gdm       20   0  165096   6516   5892 S   0.0   0.1   0:00.01 ibus-engine-sim
   2508 root      20   0  136716  13172   9512 S   0.0   0.2   0:00.57 cupsd
   2522 root      20   0  260792  17940  13508 S   0.0   0.2   0:01.08 cups-browsed
  11687 jetson    20   0   18140   9764   7368 S   0.0   0.1   0:00.32 systemd
  11688 jetson    20   0  172512   4632      0 S   0.0   0.1   0:00.00 (sd-pam)
  11696 jetson    20   0   41976   6552   5228 S   0.0   0.1   0:00.04 pipewire
  11697 jetson    20   0   25484   6724   5388 S   0.0   0.1   0:00.88 pipewire-media-
  11749 jetson    20   0    8888   3620   3232 S   0.0   0.0   0:00.01 dbus-daemon
  12473 root      20   0 1233488  14092   6340 S   0.0   0.2   0:01.65 containerd-shim
  12502 jetson    20   0    5508    792    704 S   0.0   0.0   0:00.20 sleep
  12567 root      20   0   21892   5484   3884 S   0.0   0.1   0:13.91 systemd-udevd
  13234 jetson    20   0  203640  35476  13212 S   0.0   0.5   0:00.75 ros2
  13236 jetson    20   0 1996680  34168  17228 S   0.0   0.4   0:00.46 docker
  13265 root      20   0 1232976  11124   5960 S   0.0   0.1   0:01.17 containerd-shim
  13294 root      20   0   49400  29204  14412 S   0.0   0.4   0:00.40 ros2
  13554 root      20   0   21760   4448   2932 S   0.0   0.1   0:00.02 systemd-udevd
  13555 root      20   0   21760   3352   1860 S   0.0   0.0   0:00.00 systemd-udevd
  13568 root      20   0   21760   3376   1864 S   0.0   0.0   0:00.02 systemd-udevd
  13569 root      20   0   21760   4128   2588 S   0.0   0.1   0:00.04 systemd-udevd
  13570 root      20   0   21764   4488   2960 S   0.0   0.1   0:00.04 systemd-udevd
  13571 root      20   0   21764   4104   2588 S   0.0   0.1   0:00.03 systemd-udevd
  13580 root      20   0   21764   4136   2588 S   0.0   0.1   0:00.03 systemd-udevd
  13581 root      20   0   21764   3708   2180 S   0.0   0.0   0:00.00 systemd-udevd
  13582 root      20   0   21764   4252   2704 S   0.0   0.1   0:00.05 systemd-udevd
  13594 root      20   0   21764   3408   1864 S   0.0   0.0   0:00.01 systemd-udevd
  13595 root      20   0   21764   3652   2120 S   0.0   0.0   0:00.02 systemd-udevd
  31399 root      20   0       0      0      0 I   0.0   0.0   0:14.51 kworker/u12:8-events_unbound
  33484 root      20   0       0      0      0 I   0.0   0.0   0:09.51 kworker/u12:0-events_unbound
  49116 root      20   0       0      0      0 I   0.0   0.0   0:00.62 kworker/0:0-events
  51824 root      20   0       0      0      0 I   0.0   0.0   0:01.27 kworker/5:1-events
  59272 root      20   0       0      0      0 I   0.0   0.0   0:01.08 kworker/3:3-events
  85708 root      20   0       0      0      0 I   0.0   0.0   0:00.34 kworker/4:1-events
  90870 root      20   0       0      0      0 I   0.0   0.0   0:08.09 kworker/u12:11-events_freezable_power_
  95815 root      20   0       0      0      0 I   0.0   0.0   0:00.00 kworker/0:2-events
  96157 root      20   0       0      0      0 I   0.0   0.0   0:00.00 kworker/4:2-events
  97402 root      20   0       0      0      0 I   0.0   0.0   0:06.12 kworker/u12:5-events_unbound
  98155 root      20   0       0      0      0 I   0.0   0.0   0:00.00 kworker/2:1-events
  98217 root      20   0  238836   6944   5696 S   0.0   0.1   0:01.49 iio-sensor-prox
  98455 jetson    20   0  129772  36116  13228 S   0.0   0.5   0:00.71 ros2
 100055 root      20   0       0      0      0 I   0.0   0.0   0:00.00 kworker/5:2-cgroup_destroy
 100141 root      20   0       0      0      0 I   0.0   0.0   0:06.79 kworker/u12:6-events_freezable_power_
 100706 jetson    20   0   53568  30372  15020 S   0.0   0.4   0:00.43 ros2
 102542 jetson    20   0  723188  41844  13224 S   0.0   0.5   0:01.20 ros2
 149635 root      20   0       0      0      0 I   0.0   0.0   0:00.00 kworker/3:0-events
 174364 root      20   0       0      0      0 I   0.0   0.0   0:02.42 kworker/u12:4-events_unbound
 192628 root       0 -20       0      0      0 I   0.0   0.0   0:04.45 kworker/u13:1-uvcvideo
 199974 root      20   0       0      0      0 I   0.0   0.0   0:01.71 kworker/u12:1-events_freezable_power_
 205195 root       0 -20       0      0      0 I   0.0   0.0   0:03.40 kworker/u13:0-uvcvideo
 211464 root      20   0       0      0      0 I   0.0   0.0   0:01.23 kworker/u12:7-events_unbound
 219316 root       0 -20       0      0      0 I   0.0   0.0   0:01.74 kworker/u13:3-uvcvideo
 223411 root      20   0       0      0      0 I   0.0   0.0   0:00.00 kworker/1:0-cgroup_destroy
 225822 root      20   0       0      0      0 I   0.0   0.0   0:00.58 kworker/u12:9-events_freezable_power_
 229418 root      20   0       0      0      0 I   0.0   0.0   0:00.31 kworker/u12:10-devfreq_wq
 233042 root      20   0    9436    768    688 S   0.0   0.0   0:00.00 sleep
 234184 root      20   0       0      0      0 I   0.0   0.0   0:00.00 kworker/0:1-events
 234228 root      20   0       0      0      0 I   0.0   0.0   0:00.00 kworker/3:1
 234272 root      20   0       0      0      0 I   0.0   0.0   0:00.00 kworker/2:0-cgroup_destroy
 234404 root      20   0       0      0      0 I   0.0   0.0   0:00.02 kworker/5:0-events
 235691 root      20   0       0      0      0 I   0.0   0.0   0:00.00 kworker/1:1-events
 236264 jetson    20   0   11248   3292   2852 S   0.0   0.0   0:00.03 bash
 238343 root      30  10    9436    780    704 S   0.0   0.0   0:00.00 sleep
 238391 jetson    20   0   11248   3300   2864 S   0.0   0.0   0:00.01 bash
 238448 jetson    20   0    9444    776    692 S   0.0   0.0   0:00.00 sleep

top - 13:14:08 up  3:37,  0 users,  load average: 9.72, 6.42, 4.79
Tasks: 349 total,   4 running, 345 sleeping,   0 stopped,   0 zombie
%Cpu(s): 44.3 us, 26.5 sy,  0.0 ni, 21.9 id,  0.0 wa,  2.7 hi,  4.5 si,  0.0 st
MiB Mem :   7607.4 total,   2882.2 free,   1982.0 used,   2743.1 buff/cache
MiB Swap:   3803.7 total,   3803.7 free,      0.0 used.   5327.4 avail Mem 

    PID USER      PR  NI    VIRT    RES    SHR S  %CPU  %MEM     TIME+ COMMAND
  13320 root      20   0 1300240  43632  11392 S  68.3   0.6  14:20.52 micro_ros_agent
  98338 jetson    20   0  709016  64620  27260 S  29.2   0.8  28:07.24 python3
    969 root      20   0  237044  10204   6400 S  24.8   0.1   1:37.43 polkitd
 100721 jetson    20   0 9355252 432712  88656 R  23.8   5.6  12:24.05 nvblox_node
 238441 jetson    20   0  763896  55864  25416 S  20.3   0.7   0:01.31 ros2
  98052 jetson    20   0 1082804  58128  26368 S  19.8   0.7   0:38.41 foxglove_bridge
  98046 jetson    20   0  710680  66144  27240 S  18.3   0.8  12:08.96 python3
  98044 jetson    20   0 1813628 105436  51328 S  15.8   1.4  10:15.47 realsense2_came
  98048 jetson    20   0  432960  28196  14244 S  15.3   0.4  12:34.81 rplidar_node
 102592 jetson    20   0  457096  48340  26220 S  14.4   0.6   6:03.35 bt_navigator
 102641 jetson    20   0  577392  31872  16252 S  13.9   0.4   7:41.07 lifecycle_manag
  98050 jetson    20   0  708072  65668  27312 R  12.9   0.8   6:05.55 python3
  98340 jetson    20   0  506224  33968  18400 S  12.9   0.4   8:25.09 ekf_node
 102587 jetson    20   0 1127660  94148  42564 S  12.9   1.2   6:48.57 planner_server
 102583 jetson    20   0  889464  44508  23468 S  11.9   0.6   7:02.34 controller_serv
 102589 jetson    20   0  516304  37492  21032 S  11.9   0.5   4:55.75 behavior_server
 102585 jetson    20   0  582528  34316  18844 S  11.4   0.4   4:08.14 smoother_server
 102637 jetson    20   0  428576  28816  15960 S   9.9   0.4   3:21.10 velocity_smooth
  98457 jetson    20   0  903180  51504  24060 S   7.9   0.7   2:14.36 async_slam_tool
 102619 jetson    20   0  431272  31260  17020 S   7.9   0.4   3:20.59 waypoint_follow
 102581 jetson    20   0  709536  61944  27352 S   7.4   0.8   2:47.22 python3
 238636 jetson    20   0   38168  19176   9448 R   7.4   0.2   0:00.15 python3
  13238 jetson    20   0  428384  31060  15828 S   5.9   0.4   1:07.39 robot_state_pub
    828 message+  20   0   10372   5572   3584 S   5.4   0.1   0:22.27 dbus-daemon
    829 root      20   0  264656  18684  14872 S   5.0   0.2   0:20.56 NetworkManager
  11931 jetson    20   0  706564  62076  26432 S   4.5   0.8   1:05.42 python3
      1 root      20   0  167628  11764   7444 S   3.0   0.2   0:16.97 systemd
   2071 gdm       20   0 3471500 137252  73260 S   1.0   1.8   0:26.64 gnome-shell
 233444 root       0 -20       0      0      0 I   1.0   0.0   0:00.33 kworker/u13:2-uvcvideo
 238442 jetson    20   0   14344   3352   2756 R   1.0   0.0   0:00.06 top
   1052 root      20   0       0      0      0 S   0.5   0.0   0:11.39 nvgpu_channel_p
   1212 root      20   0 2019288  66376  33572 S   0.5   0.9   0:13.44 containerd
   2106 root      20   0  301608  19332  16408 S   0.5   0.2   0:00.86 packagekitd
   2183 gdm       20   0  864216  20108  17428 S   0.5   0.3   0:00.32 gsd-media-keys
   2522 root      20   0  260792  17940  13508 S   0.5   0.2   0:01.09 cups-browsed
  97402 root      20   0       0      0      0 I   0.5   0.0   0:06.13 kworker/u12:5-events_freezable_power_
  98042 jetson    20   0  572504  36008  13228 S   0.5   0.5   0:01.77 ros2
  98217 root      20   0  238836   6944   5696 S   0.5   0.1   0:01.50 iio-sensor-prox
 192628 root       0 -20       0      0      0 I   0.5   0.0   0:04.46 kworker/u13:1-uvcvideo
 199974 root      20   0       0      0      0 I   0.5   0.0   0:01.72 kworker/u12:1-events_unbound
      2 root      20   0       0      0      0 S   0.0   0.0   0:00.02 kthreadd
      3 root       0 -20       0      0      0 I   0.0   0.0   0:00.00 rcu_gp
      4 root       0 -20       0      0      0 I   0.0   0.0   0:00.00 rcu_par_gp
      5 root       0 -20       0      0      0 I   0.0   0.0   0:00.00 slub_flushwq
      6 root       0 -20       0      0      0 I   0.0   0.0   0:00.00 netns
      8 root       0 -20       0      0      0 I   0.0   0.0   0:00.00 kworker/0:0H-events_highpri
     10 root       0 -20       0      0      0 I   0.0   0.0   0:00.00 mm_percpu_wq
     11 root      20   0       0      0      0 S   0.0   0.0   0:00.00 rcu_tasks_kthre
     12 root      20   0       0      0      0 S   0.0   0.0   0:00.00 rcu_tasks_rude_
     13 root      20   0       0      0      0 S   0.0   0.0   0:00.00 rcu_tasks_trace
     14 root      20   0       0      0      0 S   0.0   0.0   0:10.89 ksoftirqd/0
     15 root      20   0       0      0      0 I   0.0   0.0   0:04.54 rcu_preempt
     16 root      rt   0       0      0      0 S   0.0   0.0   0:00.01 migration/0
     17 root      20   0       0      0      0 S   0.0   0.0   0:00.00 cpuhp/0
     18 root      20   0       0      0      0 S   0.0   0.0   0:00.00 cpuhp/1
     19 root      rt   0       0      0      0 S   0.0   0.0   0:00.01 migration/1
     20 root      20   0       0      0      0 S   0.0   0.0   0:00.65 ksoftirqd/1
     22 root       0 -20       0      0      0 I   0.0   0.0   0:00.00 kworker/1:0H-events_highpri
     23 root      20   0       0      0      0 S   0.0   0.0   0:00.00 cpuhp/2
     24 root      rt   0       0      0      0 S   0.0   0.0   0:00.00 migration/2
     25 root      20   0       0      0      0 S   0.0   0.0   0:00.68 ksoftirqd/2
     27 root       0 -20       0      0      0 I   0.0   0.0   0:00.00 kworker/2:0H-events_highpri
     28 root      20   0       0      0      0 S   0.0   0.0   0:00.00 cpuhp/3
     29 root      rt   0       0      0      0 S   0.0   0.0   0:00.00 migration/3
     30 root      20   0       0      0      0 S   0.0   0.0   0:00.62 ksoftirqd/3
     32 root       0 -20       0      0      0 I   0.0   0.0   0:00.00 kworker/3:0H-events_highpri
     33 root      20   0       0      0      0 S   0.0   0.0   0:00.00 cpuhp/4
     34 root      rt   0       0      0      0 S   0.0   0.0   0:00.02 migration/4
     35 root      20   0       0      0      0 S   0.0   0.0   0:00.46 ksoftirqd/4
     37 root       0 -20       0      0      0 I   0.0   0.0   0:00.00 kworker/4:0H-kblockd
     38 root      20   0       0      0      0 S   0.0   0.0   0:00.00 cpuhp/5
     39 root      rt   0       0      0      0 S   0.0   0.0   0:00.03 migration/5
     40 root      20   0       0      0      0 S   0.0   0.0   0:00.47 ksoftirqd/5
     42 root       0 -20       0      0      0 I   0.0   0.0   0:00.00 kworker/5:0H-events_highpri
     43 root      20   0       0      0      0 S   0.0   0.0   0:00.01 kdevtmpfs
     44 root       0 -20       0      0      0 I   0.0   0.0   0:00.00 inet_frag_wq
     51 root      20   0       0      0      0 S   0.0   0.0   0:00.00 kauditd
     52 root      20   0       0      0      0 S   0.0   0.0   0:00.00 oom_reaper
     53 root       0 -20       0      0      0 I   0.0   0.0   0:00.00 writeback
     54 root      20   0       0      0      0 S   0.0   0.0   0:00.10 kcompactd0
     55 root      25   5       0      0      0 S   0.0   0.0   0:00.00 ksmd
     56 root      39  19       0      0      0 S   0.0   0.0   0:01.15 khugepaged
     67 root       0 -20       0      0      0 I   0.0   0.0   0:00.00 cryptd
     86 root       0 -20       0      0      0 I   0.0   0.0   0:00.00 kintegrityd
     87 root       0 -20       0      0      0 I   0.0   0.0   0:00.00 kblockd
     88 root       0 -20       0      0      0 I   0.0   0.0   0:00.00 blkcg_punt_bio
     89 root       0 -20       0      0      0 I   0.0   0.0   0:00.00 tpm_dev_wq
     90 root       0 -20       0      0      0 I   0.0   0.0   0:00.00 ata_sff
     91 root       0 -20       0      0      0 I   0.0   0.0   0:00.00 edac-poller
     92 root       0 -20       0      0      0 I   0.0   0.0   0:00.00 devfreq_wq
     93 root     -51   0       0      0      0 S   0.0   0.0   0:00.00 watchdogd
     96 root       0 -20       0      0      0 I   0.0   0.0   0:00.04 kworker/1:1H-kblockd
     97 root       0 -20       0      0      0 I   0.0   0.0   0:00.00 rpciod
     99 root       0 -20       0      0      0 I   0.0   0.0   0:00.00 xprtiod
    127 root      20   0       0      0      0 S   0.0   0.0   0:00.00 kswapd0
    128 root       0 -20       0      0      0 I   0.0   0.0   0:00.00 nfsiod
    132 root       0 -20       0      0      0 I   0.0   0.0   0:00.00 vfio-irqfd-clea
    133 root       0 -20       0      0      0 I   0.0   0.0   0:00.00 bch_btree_io
    134 root       0 -20       0      0      0 I   0.0   0.0   0:00.00 bcache
    135 root       0 -20       0      0      0 I   0.0   0.0   0:00.00 bch_journal
    136 root       0 -20       0      0      0 I   0.0   0.0   0:00.00 dm_bufio_cache
    137 root      20   0       0      0      0 I   0.0   0.0   0:01.26 kworker/1:2-events
    139 root      20   0       0      0      0 I   0.0   0.0   0:00.75 kworker/2:3-events
    140 root      10 -10       0      0      0 S   0.0   0.0   0:00.00 krfcommd
    141 root      20   0       0      0      0 S   0.0   0.0   0:00.01 pr/tty0
    142 root      20   0       0      0      0 S   0.0   0.0   0:03.04 pr/ttyTCU0
    145 root     -51   0       0      0      0 S   0.0   0.0   0:00.00 irq/114-3160000
    147 root     -51   0       0      0      0 S   0.0   0.0   0:00.00 irq/115-3180000
    149 root     -51   0       0      0      0 S   0.0   0.0   0:00.00 irq/116-31b0000
    150 root     -51   0       0      0      0 S   0.0   0.0   0:00.01 irq/167-c240000
    151 root     -51   0       0      0      0 S   0.0   0.0   0:00.00 irq/168-c250000
    152 root     -51   0       0      0      0 S   0.0   0.0   0:00.00 irq/125-3610000
    153 root     -51   0       0      0      0 S   0.0   0.0   0:00.00 irq/122-3610000
    155 root       0 -20       0      0      0 I   0.0   0.0   0:00.00 sdhci
    156 root     -51   0       0      0      0 S   0.0   0.0   0:00.00 irq/120-mmc0
    157 root     -51   0       0      0      0 S   0.0   0.0   0:00.00 irq/230-3400000
    174 root       0 -20       0      0      0 I   0.0   0.0   0:00.05 kworker/3:1H-kblockd
    180 root     -51   0       0      0      0 S   0.0   0.0   0:00.00 irq/191-tegra-p
    181 root       0 -20       0      0      0 I   0.0   0.0   0:00.00 nvme-wq
    182 root       0 -20       0      0      0 I   0.0   0.0   0:00.00 nvme-reset-wq
    183 root       0 -20       0      0      0 I   0.0   0.0   0:00.00 nvme-delete-wq
    192 root     -51   0       0      0      0 S   0.0   0.0   0:00.00 irq/191-aerdrv
    193 root     -51   0       0      0      0 S   0.0   0.0   0:00.00 irq/193-tegra-p
    196 root     -51   0       0      0      0 S   0.0   0.0   0:00.00 irq/193-aerdrv
    197 root     -51   0       0      0      0 S   0.0   0.0   0:00.00 irq/195-tegra-p
    199 root     -51   0       0      0      0 S   0.0   0.0   0:00.00 irq/232-nvme0q0
    200 root     -51   0       0      0      0 S   0.0   0.0   0:00.22 irq/233-nvme0q1
    201 root     -51   0       0      0      0 S   0.0   0.0   0:00.26 irq/234-nvme0q2
    202 root     -51   0       0      0      0 S   0.0   0.0   0:00.40 irq/235-nvme0q3
    203 root     -51   0       0      0      0 S   0.0   0.0   0:00.52 irq/236-nvme0q4
    204 root     -51   0       0      0      0 S   0.0   0.0   0:00.13 irq/237-nvme0q5
    205 root     -51   0       0      0      0 S   0.0   0.0   0:00.09 irq/238-nvme0q6
    211 root       0 -20       0      0      0 I   0.0   0.0   0:00.05 kworker/4:1H-kblockd
    212 root      20   0       0      0      0 S   0.0   0.0   0:00.74 jbd2/nvme0n1p1-
    213 root       0 -20       0      0      0 I   0.0   0.0   0:00.00 ext4-rsv-conver
    222 root       0 -20       0      0      0 I   0.0   0.0   0:00.00 mld
    223 root       0 -20       0      0      0 I   0.0   0.0   0:00.03 kworker/0:1H-kblockd
    224 root       0 -20       0      0      0 I   0.0   0.0   0:00.00 ipv6_addrconf
    256 root      19  -1   40648  11528   9920 S   0.0   0.1   0:14.89 systemd-journal
    278 root       0 -20       0      0      0 I   0.0   0.0   0:00.06 kworker/2:1H-kblockd
    280 root      39  19       0      0      0 S   0.0   0.0   0:00.40 nvmap-bz
    281 root     -51   0       0      0      0 S   0.0   0.0   0:00.00 irq/188-host1x_
    285 root     -51   0       0      0      0 S   0.0   0.0   0:00.00 irq/197-gk20a_s
    286 root     -51   0       0      0      0 S   0.0   0.0   0:00.01 irq/198-gk20a_s
    287 root     -51   0       0      0      0 S   0.0   0.0   0:00.01 irq/199-gk20a_s
    288 root     -51   0       0      0      0 S   0.0   0.0   0:00.00 irq/200-gk20a_n
    291 root       0 -20       0      0      0 I   0.0   0.0   0:00.04 kworker/5:1H-kblockd
    295 root      20   0   11116   3460   3204 S   0.0   0.0   0:00.00 nv-tee-supplica
    299 root      20   0   76588   1360   1248 S   0.0   0.0   0:00.01 tee-supplicant
    301 root       0 -20       0      0      0 I   0.0   0.0   0:00.00 optee_bus_scan
    303 root     -51   0       0      0      0 S   0.0   0.0   0:00.00 irq/189-tegra-p
    312 root      20   0   23732   6316   4080 S   0.0   0.1   0:15.40 systemd-udevd
    313 root     -51   0       0      0      0 S   0.0   0.0   0:00.00 irq/189-aerdrv
    314 root      20   0   23216   5804   3992 S   0.0   0.1   0:00.37 systemd-udevd
    315 root      20   0   23216   5020   3248 S   0.0   0.1   0:00.15 systemd-udevd
    316 root      20   0   23268   6224   4288 S   0.0   0.1   0:00.16 systemd-udevd
    317 root      20   0   23220   4364   2600 S   0.0   0.1   0:00.11 systemd-udevd
    318 root      20   0   23216   4480   2672 S   0.0   0.1   0:00.12 systemd-udevd
    319 root      20   0   23212   5812   3980 S   0.0   0.1   0:00.28 systemd-udevd
    320 root      20   0   23264   4688   2764 S   0.0   0.1   0:00.13 systemd-udevd
    321 root      20   0   23268   5072   3136 S   0.0   0.1   0:00.18 systemd-udevd
    322 root      20   0   23524   5520   3456 S   0.0   0.1   0:00.26 systemd-udevd
    323 root      20   0   23216   6268   4444 S   0.0   0.1   0:00.35 systemd-udevd
    324 root      20   0   23220   5196   3388 S   0.0   0.1   0:00.16 systemd-udevd
    325 root      20   0   23220   5808   3976 S   0.0   0.1   0:00.35 systemd-udevd
    326 root      20   0   23220   5232   3388 S   0.0   0.1   0:00.38 systemd-udevd
    327 root      20   0   23220   5468   3656 S   0.0   0.1   0:00.18 systemd-udevd
    330 root      20   0   23512   5728   3684 S   0.0   0.1   0:00.14 systemd-udevd
    331 root      20   0   24292   5540   2676 S   0.0   0.1   0:00.16 systemd-udevd
    333 root      20   0   23524   5596   3532 S   0.0   0.1   0:00.26 systemd-udevd
    334 root      20   0   23220   5080   3240 S   0.0   0.1   0:00.24 systemd-udevd
    335 root      20   0   23220   4504   2708 S   0.0   0.1   0:00.11 systemd-udevd
    336 root      20   0   23220   4696   2892 S   0.0   0.1   0:00.14 systemd-udevd
    337 root      20   0   23524   5056   2992 S   0.0   0.1   0:00.16 systemd-udevd
    339 root      20   0   23220   4980   3148 S   0.0   0.1   0:00.17 systemd-udevd
    340 root      20   0   23544   6732   4608 S   0.0   0.1   0:51.97 systemd-udevd
    341 root      20   0   23276   5328   3384 S   0.0   0.1   0:00.13 systemd-udevd
    342 root      20   0   23280   5176   3228 S   0.0   0.1   0:00.13 systemd-udevd
    343 root      20   0   23220   5984   4152 S   0.0   0.1   0:00.29 systemd-udevd
    344 root      20   0   23560   6700   4596 S   0.0   0.1   0:00.46 systemd-udevd
    345 root      20   0       0      0      0 S   0.0   0.0   0:00.00 15820000.crypto
    346 root      20   0       0      0      0 S   0.0   0.0   0:00.00 15840000.crypto
    368 root      20   0   23324   5984   4116 S   0.0   0.1   0:00.38 systemd-udevd
    417 root     -51   0       0      0      0 S   0.0   0.0   0:00.00 irq/219-bc00000
    419 root      -2   0       0      0      0 S   0.0   0.0   0:00.00 capture-control
    420 root      -2   0       0      0      0 S   0.0   0.0   0:00.00 capture
    422 root     -51   0       0      0      0 S   0.0   0.0   0:00.00 irq/214-tegra_d
    423 root     -51   0       0      0      0 S   0.0   0.0   0:00.00 irq/215-tegra_d
    424 root       0 -20       0      0      0 I   0.0   0.0   0:00.00 dce-async-ipc-w
    425 root     -51   0       0      0      0 S   0.0   0.0   0:00.00 irq/240-nvvrs-p
    427 root      20   0       0      0      0 S   0.0   0.0   0:00.00 nv_queue
    428 root      20   0       0      0      0 S   0.0   0.0   0:00.00 nv_queue
    483 root     -51   0       0      0      0 S   0.0   0.0   0:00.00 irq/118-3210000
    487 root      20   0       0      0      0 S   0.0   0.0   0:00.00 spi0
    495 root       0 -20       0      0      0 I   0.0   0.0   0:00.00 cfg80211
    497 root     -51   0       0      0      0 S   0.0   0.0   0:00.00 irq/119-3230000
    498 root      20   0       0      0      0 S   0.0   0.0   0:00.00 spi1
    584 root       0 -20       0      0      0 I   0.0   0.0   0:00.00 btfwwork
    650 root      20   0    8236   6424   1432 S   0.0   0.1   0:00.53 haveged
    653 _rpc      20   0    7932   2264   1912 S   0.0   0.0   0:00.02 rpcbind
    659 systemd+  20   0   26320  13580   8496 S   0.0   0.2   0:00.36 systemd-resolve
    662 systemd+  20   0   88880   6332   5484 S   0.0   0.1   0:00.12 systemd-timesyn
    826 avahi     20   0    8084   3108   2752 S   0.0   0.0   0:00.41 avahi-daemon
    827 root      20   0    9888   4552   4112 S   0.0   0.1   0:00.07 bluetoothd
    838 root      20   0   43504  19780  10232 S   0.0   0.3   0:00.15 networkd-dispat
    849 root      20   0  241652   9056   6312 S   0.0   0.1   0:00.33 power-profiles-
    854 syslog    20   0  222160   5012   3672 S   0.0   0.1   0:02.91 rsyslogd
    859 root      20   0    2240    796    720 S   0.0   0.0   0:00.00 seatd
    865 root      20   0 2145956  51992  25768 S   0.0   0.7   0:22.65 snapd
    867 root      20   0  242124   7452   6576 S   0.0   0.1   0:01.17 accounts-daemon
    869 root      20   0  238128   6232   5620 S   0.0   0.1   0:00.04 switcheroo-cont
    871 root      20   0   48968   7620   6296 S   0.0   0.1   0:01.99 systemd-logind
    874 root      20   0  394188  13980   9476 S   0.0   0.2   0:00.52 udisksd
    875 root      20   0   16632   9928   8148 S   0.0   0.1   0:00.78 wpa_supplicant
    882 avahi     20   0    7812    356      0 S   0.0   0.0   0:00.00 avahi-daemon
    904 root      rt   0       0      0      0 S   0.0   0.0   0:50.22 sugov:0
    909 root      rt   0       0      0      0 S   0.0   0.0   0:23.69 sugov:4
    921 root      30  10   11248   3612   3220 S   0.0   0.0   0:04.81 wifi_mon.sh
    983 root      20   0    2460   1556   1380 S   0.0   0.0   0:04.61 nvfancontrol
   1049 root      20   0       0      0      0 S   0.0   0.0   0:00.00 sw-quiesce
   1068 root      20   0       0      0      0 S   0.0   0.0   0:00.00 nvgpu_pg_init_g
   1087 root      20   0       0      0      0 S   0.0   0.0   0:00.00 nvgpu_clk_arb_p
   1117 root      20   0       0      0      0 S   0.0   0.0   0:04.38 RTW_CMD_THREAD
   1157 root      20   0   75936   9960   8136 S   0.0   0.1   0:00.01 nvargus-daemon
   1158 root      20   0   11116   3520   3220 S   0.0   0.0   0:00.04 nvmemwarning.sh
   1171 root      20   0   22192   1776   1580 S   0.0   0.0   0:00.00 nvs-service
   1181 ollama    20   0 2006720  39588  20072 S   0.0   0.5   0:00.64 ollama
   1195 root      20   0    2336   1408   1292 S   0.0   0.0   0:01.96 run-cups-browse
   1201 root      20   0    2336   1424   1296 S   0.0   0.0   0:02.02 run-cupsd
   1204 root      20   0       0      0      0 S   0.0   0.0   0:00.00 pr/ramoops-1
   1239 root      20   0   10772   2824   2576 S   0.0   0.0   0:00.03 cron
   1259 root      20   0  243128   8056   7012 S   0.0   0.1   0:00.02 gdm3
   1263 kernoops  20   0   12812    452      0 S   0.0   0.0   0:00.01 kerneloops
   1290 root      20   0    9468    800    724 S   0.0   0.0   0:00.00 agetty
   1291 kernoops  20   0   12812    452      0 S   0.0   0.0   0:00.01 kerneloops
   1293 root      20   0    9468    804    724 S   0.0   0.0   0:00.00 agetty
   1330 root      20   0  173408   8804   7628 S   0.0   0.1   0:00.02 gdm-session-wor
   1417 root      20   0       0      0      0 S   0.0   0.0   0:00.00 file-storage
   1426 root      20   0   15272   8368   6788 S   0.0   0.1   0:00.38 sshd
   1474 gdm       20   0   18120   9728   7360 S   0.0   0.1   0:00.41 systemd
   1478 root      20   0    3076    992    880 S   0.0   0.0   0:00.00 nvphsd
   1483 root      20   0    3208   1476   1316 S   0.0   0.0   0:00.00 nvphsd
   1497 gdm       20   0  106692   4552      0 S   0.0   0.1   0:00.00 (sd-pam)
   1588 root      20   0 2278700 101092  56496 S   0.0   1.3   0:04.35 dockerd
   1688 gdm        9 -11   41972   6468   5156 S   0.0   0.1   0:00.05 pipewire
   1689 gdm       20   0   25476   6428   5104 S   0.0   0.1   0:00.83 pipewire-media-
   1690 gdm        9 -11  891840  20748  12584 S   0.0   0.3   0:00.69 pulseaudio
   1695 gdm       20   0  163948   5472   4964 S   0.0   0.1   0:00.00 gdm-x-session
   1697 root      20   0   24.2g  80496  35884 S   0.0   1.0   0:01.46 Xorg
   1698 rtkit     21   1  153504   1588   1380 S   0.0   0.0   0:00.19 rtkit-daemon
   1729 gdm       20   0    8840   3600   3212 S   0.0   0.0   0:00.02 dbus-daemon
   1748 root      20   0       0      0      0 S   0.0   0.0   0:00.00 nvidia-modeset/
   1749 root      20   0       0      0      0 S   0.0   0.0   0:00.00 nvidia-modeset/
   1752 root      20   0       0      0      0 S   0.0   0.0   0:00.00 nvidia
   1753 root      20   0       0      0      0 S   0.0   0.0   0:00.00 nv_queue
   1790 root      20   0       0      0      0 S   0.0   0.0   0:00.00 nvidia-drm-nv-t
   1791 root     -51   0       0      0      0 S   0.0   0.0   0:00.00 card1-crtc0
   1792 root     -51   0       0      0      0 S   0.0   0.0   0:00.00 card1-crtc1
   1980 gdm       20   0    5876   1552   1344 S   0.0   0.0   0:00.00 dbus-run-sessio
   1983 gdm       20   0    9108   4440   3588 S   0.0   0.1   0:00.13 dbus-daemon
   2035 gdm       20   0  597840  17824  12972 S   0.0   0.2   0:00.60 gnome-session-b
   2057 gdm       20   0  310068   8976   6272 S   0.0   0.1   0:00.00 at-spi-bus-laun
   2062 gdm       20   0    8692   3556   3168 S   0.0   0.0   0:00.00 dbus-daemon
   2092 gdm       20   0  237676   4964   4528 S   0.0   0.1   0:00.00 xdg-permission-
   2099 root      20   0  243852  10136   6984 S   0.0   0.1   0:00.29 upowerd
   2110 gdm       20   0 2812288  25716  20860 S   0.0   0.3   0:00.08 gjs
   2113 gdm       20   0  163144   7196   6428 S   0.0   0.1   0:00.01 at-spi2-registr
   2141 gdm       20   0  468748   9856   7940 S   0.0   0.1   0:01.07 gsd-sharing
   2146 gdm       20   0  338880  14892  12620 S   0.0   0.2   0:00.06 gsd-wacom
   2148 gdm       20   0  451616  18896  16480 S   0.0   0.2   0:00.15 gsd-color
   2150 gdm       20   0  412392  17092  13292 S   0.0   0.2   0:00.04 gsd-keyboard
   2152 gdm       20   0  316864  13188   6244 S   0.0   0.2   0:00.10 ibus-daemon
   2156 gdm       20   0  326124   9848   8488 S   0.0   0.1   0:00.02 gsd-print-notif
   2166 gdm       20   0  242216   6512   5848 S   0.0   0.1   0:00.01 gvfsd
   2168 gdm       20   0  459796   6140   5436 S   0.0   0.1   0:00.31 gsd-rfkill
   2170 gdm       20   0  388312   7432   6528 S   0.0   0.1   0:00.01 gsd-smartcard
   2173 gdm       20   0  380556  16508  12504 S   0.0   0.2   0:00.03 gsd-datetime
   2184 gdm       20   0  237936   4760   4376 S   0.0   0.1   0:00.01 gsd-screensaver
   2185 gdm       20   0  322096  10392   7320 S   0.0   0.1   0:00.02 gsd-sound
   2186 gdm       20   0  312416   8104   5476 S   0.0   0.1   0:00.01 gsd-a11y-settin
   2193 gdm       20   0  313996   8944   6152 S   0.0   0.1   0:00.56 gsd-housekeepin
   2195 gdm       20   0  450004  20288  15904 S   0.0   0.3   0:00.31 gsd-power
   2218 gdm       20   0  347052  12608  10748 S   0.0   0.2   0:00.03 gsd-printer
   2221 gdm       20   0  239040   6576   5948 S   0.0   0.1   0:00.00 ibus-dconf
   2233 gdm       20   0  238936   5920   5488 S   0.0   0.1   0:00.00 ibus-portal
   2263 colord    20   0  247516  14492   8720 S   0.0   0.2   0:00.22 colord
   2285 gdm       20   0 2812300  27868  20904 S   0.0   0.4   0:00.09 gjs
   2349 gdm       20   0  165096   6516   5892 S   0.0   0.1   0:00.01 ibus-engine-sim
   2508 root      20   0  136716  13172   9512 S   0.0   0.2   0:00.57 cupsd
  11687 jetson    20   0   18140   9764   7368 S   0.0   0.1   0:00.32 systemd
  11688 jetson    20   0  172512   4632      0 S   0.0   0.1   0:00.00 (sd-pam)
  11696 jetson    20   0   41976   6552   5228 S   0.0   0.1   0:00.04 pipewire
  11697 jetson    20   0   25484   6724   5388 S   0.0   0.1   0:00.88 pipewire-media-
  11749 jetson    20   0    8888   3620   3232 S   0.0   0.0   0:00.01 dbus-daemon
  12473 root      20   0 1233488  14092   6340 S   0.0   0.2   0:01.65 containerd-shim
  12502 jetson    20   0    5508    792    704 S   0.0   0.0   0:00.20 sleep
  12567 root      20   0   21892   5484   3884 S   0.0   0.1   0:13.91 systemd-udevd
  12575 root      20   0   21760   4520   2952 S   0.0   0.1   0:28.18 systemd-udevd
  13234 jetson    20   0  203640  35476  13212 S   0.0   0.5   0:00.75 ros2
  13236 jetson    20   0 1996680  34168  17228 S   0.0   0.4   0:00.46 docker
  13265 root      20   0 1232976  11124   5960 S   0.0   0.1   0:01.17 containerd-shim
  13294 root      20   0   49400  29204  14412 S   0.0   0.4   0:00.40 ros2
  13554 root      20   0   21760   4448   2932 S   0.0   0.1   0:00.02 systemd-udevd
  13555 root      20   0   21760   3352   1860 S   0.0   0.0   0:00.00 systemd-udevd
  13568 root      20   0   21760   3376   1864 S   0.0   0.0   0:00.02 systemd-udevd
  13569 root      20   0   21760   4128   2588 S   0.0   0.1   0:00.04 systemd-udevd
  13570 root      20   0   21764   4488   2960 S   0.0   0.1   0:00.04 systemd-udevd
  13571 root      20   0   21764   4104   2588 S   0.0   0.1   0:00.03 systemd-udevd
  13580 root      20   0   21764   4136   2588 S   0.0   0.1   0:00.03 systemd-udevd
  13581 root      20   0   21764   3708   2180 S   0.0   0.0   0:00.00 systemd-udevd
  13582 root      20   0   21764   4252   2704 S   0.0   0.1   0:00.05 systemd-udevd
  13594 root      20   0   21764   3408   1864 S   0.0   0.0   0:00.01 systemd-udevd
  13595 root      20   0   21764   3652   2120 S   0.0   0.0   0:00.02 systemd-udevd
  31399 root      20   0       0      0      0 I   0.0   0.0   0:14.51 kworker/u12:8-events_unbound
  33484 root      20   0       0      0      0 I   0.0   0.0   0:09.51 kworker/u12:0-events_unbound
  34263 root      20   0       0      0      0 I   0.0   0.0   0:11.46 kworker/u12:2-events_unbound
  42253 root      20   0       0      0      0 I   0.0   0.0   0:10.80 kworker/u12:3-events_freezable_power_
  49116 root      20   0       0      0      0 I   0.0   0.0   0:00.62 kworker/0:0-events
  51824 root      20   0       0      0      0 I   0.0   0.0   0:01.27 kworker/5:1-events
  59272 root      20   0       0      0      0 I   0.0   0.0   0:01.08 kworker/3:3-events
  85708 root      20   0       0      0      0 I   0.0   0.0   0:00.34 kworker/4:1-events
  90870 root      20   0       0      0      0 I   0.0   0.0   0:08.09 kworker/u12:11-events_freezable_power_
  95815 root      20   0       0      0      0 I   0.0   0.0   0:00.00 kworker/0:2-events
  96157 root      20   0       0      0      0 I   0.0   0.0   0:00.00 kworker/4:2-events
  98155 root      20   0       0      0      0 I   0.0   0.0   0:00.00 kworker/2:1-events
  98455 jetson    20   0  129772  36116  13228 S   0.0   0.5   0:00.71 ros2
 100055 root      20   0       0      0      0 I   0.0   0.0   0:00.00 kworker/5:2-cgroup_destroy
 100141 root      20   0       0      0      0 I   0.0   0.0   0:06.79 kworker/u12:6-events_unbound
 100706 jetson    20   0   53568  30372  15020 S   0.0   0.4   0:00.43 ros2
 102542 jetson    20   0  723188  41844  13224 S   0.0   0.5   0:01.20 ros2
 149635 root      20   0       0      0      0 I   0.0   0.0   0:00.00 kworker/3:0-events
 174364 root      20   0       0      0      0 I   0.0   0.0   0:02.42 kworker/u12:4-events_unbound
 205195 root       0 -20       0      0      0 I   0.0   0.0   0:03.40 kworker/u13:0-uvcvideo
 211464 root      20   0       0      0      0 I   0.0   0.0   0:01.23 kworker/u12:7-events_unbound
 219316 root       0 -20       0      0      0 I   0.0   0.0   0:01.74 kworker/u13:3-uvcvideo
 223411 root      20   0       0      0      0 I   0.0   0.0   0:00.00 kworker/1:0-cgroup_destroy
 225822 root      20   0       0      0      0 I   0.0   0.0   0:00.58 kworker/u12:9-events_freezable_power_
 229418 root      20   0       0      0      0 I   0.0   0.0   0:00.31 kworker/u12:10-devfreq_wq
 233042 root      20   0    9436    768    688 S   0.0   0.0   0:00.00 sleep
 234184 root      20   0       0      0      0 I   0.0   0.0   0:00.00 kworker/0:1-events
 234228 root      20   0       0      0      0 I   0.0   0.0   0:00.00 kworker/3:1
 234272 root      20   0       0      0      0 I   0.0   0.0   0:00.00 kworker/2:0-cgroup_destroy
 234404 root      20   0       0      0      0 I   0.0   0.0   0:00.02 kworker/5:0-pm
 235691 root      20   0       0      0      0 I   0.0   0.0   0:00.00 kworker/1:1-events
 236264 jetson    20   0   11248   3292   2852 S   0.0   0.0   0:00.03 bash
 238343 root      30  10    9436    780    704 S   0.0   0.0   0:00.00 sleep
 238391 jetson    20   0   11248   3300   2864 S   0.0   0.0   0:00.01 bash
 238443 jetson    20   0    2872    896    800 S   0.0   0.0   0:00.01 tegrastats
 238637 jetson    20   0    9480    820    736 S   0.0   0.0   0:00.00 tail

top - 13:14:10 up  3:37,  0 users,  load average: 10.06, 6.55, 4.84
Tasks: 349 total,   5 running, 344 sleeping,   0 stopped,   0 zombie
%Cpu(s): 43.7 us, 24.5 sy,  0.0 ni, 24.8 id,  0.0 wa,  2.7 hi,  4.3 si,  0.0 st
MiB Mem :   7607.4 total,   2882.2 free,   1982.0 used,   2743.1 buff/cache
MiB Swap:   3803.7 total,   3803.7 free,      0.0 used.   5327.4 avail Mem 

    PID USER      PR  NI    VIRT    RES    SHR S  %CPU  %MEM     TIME+ COMMAND
 238636 jetson    20   0  714552  65104  27680 S  60.9   0.8   0:01.38 python3
  13320 root      20   0 1300240  43632  11392 S  50.5   0.6  14:21.54 micro_ros_agent
  98338 jetson    20   0  709016  64620  27260 R  33.2   0.8  28:07.91 python3
 238441 jetson    20   0  763896  56128  25416 S  26.7   0.7   0:01.85 ros2
 100721 jetson    20   0 9355252 432712  88656 S  24.3   5.6  12:24.54 nvblox_node
  98046 jetson    20   0  710680  66144  27240 S  18.8   0.8  12:09.34 python3
  98044 jetson    20   0 1813628 105436  51328 S  17.8   1.4  10:15.83 realsense2_came
  98052 jetson    20   0 1082804  58128  26368 S  16.3   0.7   0:38.74 foxglove_bridge
  98048 jetson    20   0  432960  28196  14244 S  15.8   0.4  12:35.13 rplidar_node
  98340 jetson    20   0  506224  33968  18400 S  14.4   0.4   8:25.38 ekf_node
 102583 jetson    20   0  889464  44508  23468 S  14.4   0.6   7:02.63 controller_serv
 102641 jetson    20   0  577392  31872  16252 R  14.4   0.4   7:41.36 lifecycle_manag
 102587 jetson    20   0 1127660  94412  42564 R  13.4   1.2   6:48.84 planner_server
  98050 jetson    20   0  708072  65668  27312 S  12.4   0.8   6:05.80 python3
 102589 jetson    20   0  516304  37492  21032 R  12.4   0.5   4:56.00 behavior_server
 102592 jetson    20   0  457096  48340  26220 S  12.4   0.6   6:03.60 bt_navigator
 102585 jetson    20   0  582528  34316  18844 S  10.4   0.4   4:08.35 smoother_server
 102581 jetson    20   0  709536  62208  27352 S   8.4   0.8   2:47.39 python3
 102619 jetson    20   0  431272  31260  17020 S   8.4   0.4   3:20.76 waypoint_follow
 102637 jetson    20   0  428576  28816  15960 S   8.4   0.4   3:21.27 velocity_smooth
  98457 jetson    20   0  903180  51504  24060 S   7.4   0.7   2:14.51 async_slam_tool
  13238 jetson    20   0  428384  31060  15828 S   5.0   0.4   1:07.49 robot_state_pub
  11931 jetson    20   0  706564  62076  26432 S   4.5   0.8   1:05.51 python3
 238442 jetson    20   0   14344   3352   2756 R   1.0   0.0   0:00.08 top
     35 root      20   0       0      0      0 S   0.5   0.0   0:00.47 ksoftirqd/4
    256 root      19  -1   40648  11528   9920 S   0.5   0.1   0:14.90 systemd-journal
    340 root      20   0   23544   6732   4608 S   0.5   0.1   0:51.98 systemd-udevd
    904 root      rt   0       0      0      0 S   0.5   0.0   0:50.23 sugov:0
    909 root      rt   0       0      0      0 S   0.5   0.0   0:23.70 sugov:4
  42253 root      20   0       0      0      0 I   0.5   0.0   0:10.81 kworker/u12:3-events_freezable_power_
 100141 root      20   0       0      0      0 I   0.5   0.0   0:06.80 kworker/u12:6-events_freezable_power_
 192628 root       0 -20       0      0      0 I   0.5   0.0   0:04.47 kworker/u13:1-uvcvideo
 211464 root      20   0       0      0      0 I   0.5   0.0   0:01.24 kworker/u12:7-events_unbound
 233444 root       0 -20       0      0      0 I   0.5   0.0   0:00.34 kworker/u13:2-uvcvideo
 238443 jetson    20   0    2872    896    800 S   0.5   0.0   0:00.02 tegrastats
      1 root      20   0  167628  11764   7444 S   0.0   0.2   0:16.97 systemd
      2 root      20   0       0      0      0 S   0.0   0.0   0:00.02 kthreadd
      3 root       0 -20       0      0      0 I   0.0   0.0   0:00.00 rcu_gp
      4 root       0 -20       0      0      0 I   0.0   0.0   0:00.00 rcu_par_gp
      5 root       0 -20       0      0      0 I   0.0   0.0   0:00.00 slub_flushwq
      6 root       0 -20       0      0      0 I   0.0   0.0   0:00.00 netns
      8 root       0 -20       0      0      0 I   0.0   0.0   0:00.00 kworker/0:0H-events_highpri
     10 root       0 -20       0      0      0 I   0.0   0.0   0:00.00 mm_percpu_wq
     11 root      20   0       0      0      0 S   0.0   0.0   0:00.00 rcu_tasks_kthre
     12 root      20   0       0      0      0 S   0.0   0.0   0:00.00 rcu_tasks_rude_
     13 root      20   0       0      0      0 S   0.0   0.0   0:00.00 rcu_tasks_trace
     14 root      20   0       0      0      0 S   0.0   0.0   0:10.89 ksoftirqd/0
     15 root      20   0       0      0      0 I   0.0   0.0   0:04.54 rcu_preempt
     16 root      rt   0       0      0      0 S   0.0   0.0   0:00.01 migration/0
     17 root      20   0       0      0      0 S   0.0   0.0   0:00.00 cpuhp/0
     18 root      20   0       0      0      0 S   0.0   0.0   0:00.00 cpuhp/1
     19 root      rt   0       0      0      0 S   0.0   0.0   0:00.01 migration/1
     20 root      20   0       0      0      0 S   0.0   0.0   0:00.65 ksoftirqd/1
     22 root       0 -20       0      0      0 I   0.0   0.0   0:00.00 kworker/1:0H-events_highpri
     23 root      20   0       0      0      0 S   0.0   0.0   0:00.00 cpuhp/2
     24 root      rt   0       0      0      0 S   0.0   0.0   0:00.00 migration/2
     25 root      20   0       0      0      0 S   0.0   0.0   0:00.68 ksoftirqd/2
     27 root       0 -20       0      0      0 I   0.0   0.0   0:00.00 kworker/2:0H-events_highpri
     28 root      20   0       0      0      0 S   0.0   0.0   0:00.00 cpuhp/3
     29 root      rt   0       0      0      0 S   0.0   0.0   0:00.00 migration/3
     30 root      20   0       0      0      0 S   0.0   0.0   0:00.62 ksoftirqd/3
     32 root       0 -20       0      0      0 I   0.0   0.0   0:00.00 kworker/3:0H-events_highpri
     33 root      20   0       0      0      0 S   0.0   0.0   0:00.00 cpuhp/4
     34 root      rt   0       0      0      0 S   0.0   0.0   0:00.02 migration/4
     37 root       0 -20       0      0      0 I   0.0   0.0   0:00.00 kworker/4:0H-kblockd
     38 root      20   0       0      0      0 S   0.0   0.0   0:00.00 cpuhp/5
     39 root      rt   0       0      0      0 S   0.0   0.0   0:00.03 migration/5
     40 root      20   0       0      0      0 S   0.0   0.0   0:00.47 ksoftirqd/5
     42 root       0 -20       0      0      0 I   0.0   0.0   0:00.00 kworker/5:0H-events_highpri
     43 root      20   0       0      0      0 S   0.0   0.0   0:00.01 kdevtmpfs
     44 root       0 -20       0      0      0 I   0.0   0.0   0:00.00 inet_frag_wq
     51 root      20   0       0      0      0 S   0.0   0.0   0:00.00 kauditd
     52 root      20   0       0      0      0 S   0.0   0.0   0:00.00 oom_reaper
     53 root       0 -20       0      0      0 I   0.0   0.0   0:00.00 writeback
     54 root      20   0       0      0      0 S   0.0   0.0   0:00.10 kcompactd0
     55 root      25   5       0      0      0 S   0.0   0.0   0:00.00 ksmd
     56 root      39  19       0      0      0 S   0.0   0.0   0:01.15 khugepaged
     67 root       0 -20       0      0      0 I   0.0   0.0   0:00.00 cryptd
     86 root       0 -20       0      0      0 I   0.0   0.0   0:00.00 kintegrityd
     87 root       0 -20       0      0      0 I   0.0   0.0   0:00.00 kblockd
     88 root       0 -20       0      0      0 I   0.0   0.0   0:00.00 blkcg_punt_bio
     89 root       0 -20       0      0      0 I   0.0   0.0   0:00.00 tpm_dev_wq
     90 root       0 -20       0      0      0 I   0.0   0.0   0:00.00 ata_sff
     91 root       0 -20       0      0      0 I   0.0   0.0   0:00.00 edac-poller
     92 root       0 -20       0      0      0 I   0.0   0.0   0:00.00 devfreq_wq
     93 root     -51   0       0      0      0 S   0.0   0.0   0:00.00 watchdogd
     96 root       0 -20       0      0      0 I   0.0   0.0   0:00.04 kworker/1:1H-kblockd
     97 root       0 -20       0      0      0 I   0.0   0.0   0:00.00 rpciod
     99 root       0 -20       0      0      0 I   0.0   0.0   0:00.00 xprtiod
    127 root      20   0       0      0      0 S   0.0   0.0   0:00.00 kswapd0
    128 root       0 -20       0      0      0 I   0.0   0.0   0:00.00 nfsiod
    132 root       0 -20       0      0      0 I   0.0   0.0   0:00.00 vfio-irqfd-clea
    133 root       0 -20       0      0      0 I   0.0   0.0   0:00.00 bch_btree_io
    134 root       0 -20       0      0      0 I   0.0   0.0   0:00.00 bcache
    135 root       0 -20       0      0      0 I   0.0   0.0   0:00.00 bch_journal
    136 root       0 -20       0      0      0 I   0.0   0.0   0:00.00 dm_bufio_cache
    137 root      20   0       0      0      0 I   0.0   0.0   0:01.26 kworker/1:2-events
    139 root      20   0       0      0      0 I   0.0   0.0   0:00.75 kworker/2:3-events
    140 root      10 -10       0      0      0 S   0.0   0.0   0:00.00 krfcommd
    141 root      20   0       0      0      0 S   0.0   0.0   0:00.01 pr/tty0
    142 root      20   0       0      0      0 S   0.0   0.0   0:03.04 pr/ttyTCU0
    145 root     -51   0       0      0      0 S   0.0   0.0   0:00.00 irq/114-3160000
    147 root     -51   0       0      0      0 S   0.0   0.0   0:00.00 irq/115-3180000
    149 root     -51   0       0      0      0 S   0.0   0.0   0:00.00 irq/116-31b0000
    150 root     -51   0       0      0      0 S   0.0   0.0   0:00.01 irq/167-c240000
    151 root     -51   0       0      0      0 S   0.0   0.0   0:00.00 irq/168-c250000
    152 root     -51   0       0      0      0 S   0.0   0.0   0:00.00 irq/125-3610000
    153 root     -51   0       0      0      0 S   0.0   0.0   0:00.00 irq/122-3610000
    155 root       0 -20       0      0      0 I   0.0   0.0   0:00.00 sdhci
    156 root     -51   0       0      0      0 S   0.0   0.0   0:00.00 irq/120-mmc0
    157 root     -51   0       0      0      0 S   0.0   0.0   0:00.00 irq/230-3400000
    174 root       0 -20       0      0      0 I   0.0   0.0   0:00.05 kworker/3:1H-kblockd
    180 root     -51   0       0      0      0 S   0.0   0.0   0:00.00 irq/191-tegra-p
    181 root       0 -20       0      0      0 I   0.0   0.0   0:00.00 nvme-wq
    182 root       0 -20       0      0      0 I   0.0   0.0   0:00.00 nvme-reset-wq
    183 root       0 -20       0      0      0 I   0.0   0.0   0:00.00 nvme-delete-wq
    192 root     -51   0       0      0      0 S   0.0   0.0   0:00.00 irq/191-aerdrv
    193 root     -51   0       0      0      0 S   0.0   0.0   0:00.00 irq/193-tegra-p
    196 root     -51   0       0      0      0 S   0.0   0.0   0:00.00 irq/193-aerdrv
    197 root     -51   0       0      0      0 S   0.0   0.0   0:00.00 irq/195-tegra-p
    199 root     -51   0       0      0      0 S   0.0   0.0   0:00.00 irq/232-nvme0q0
    200 root     -51   0       0      0      0 S   0.0   0.0   0:00.22 irq/233-nvme0q1
    201 root     -51   0       0      0      0 S   0.0   0.0   0:00.26 irq/234-nvme0q2
    202 root     -51   0       0      0      0 S   0.0   0.0   0:00.40 irq/235-nvme0q3
    203 root     -51   0       0      0      0 S   0.0   0.0   0:00.52 irq/236-nvme0q4
    204 root     -51   0       0      0      0 S   0.0   0.0   0:00.13 irq/237-nvme0q5
    205 root     -51   0       0      0      0 S   0.0   0.0   0:00.09 irq/238-nvme0q6
    211 root       0 -20       0      0      0 I   0.0   0.0   0:00.05 kworker/4:1H-kblockd
    212 root      20   0       0      0      0 S   0.0   0.0   0:00.74 jbd2/nvme0n1p1-
    213 root       0 -20       0      0      0 I   0.0   0.0   0:00.00 ext4-rsv-conver
    222 root       0 -20       0      0      0 I   0.0   0.0   0:00.00 mld
    223 root       0 -20       0      0      0 I   0.0   0.0   0:00.03 kworker/0:1H-kblockd
    224 root       0 -20       0      0      0 I   0.0   0.0   0:00.00 ipv6_addrconf
    278 root       0 -20       0      0      0 I   0.0   0.0   0:00.06 kworker/2:1H-kblockd
    280 root      39  19       0      0      0 S   0.0   0.0   0:00.40 nvmap-bz
    281 root     -51   0       0      0      0 S   0.0   0.0   0:00.00 irq/188-host1x_
    285 root     -51   0       0      0      0 S   0.0   0.0   0:00.00 irq/197-gk20a_s
    286 root     -51   0       0      0      0 S   0.0   0.0   0:00.01 irq/198-gk20a_s
    287 root     -51   0       0      0      0 S   0.0   0.0   0:00.01 irq/199-gk20a_s
    288 root     -51   0       0      0      0 S   0.0   0.0   0:00.00 irq/200-gk20a_n
    291 root       0 -20       0      0      0 I   0.0   0.0   0:00.04 kworker/5:1H-kblockd
    295 root      20   0   11116   3460   3204 S   0.0   0.0   0:00.00 nv-tee-supplica
    299 root      20   0   76588   1360   1248 S   0.0   0.0   0:00.01 tee-supplicant
    301 root       0 -20       0      0      0 I   0.0   0.0   0:00.00 optee_bus_scan
    303 root     -51   0       0      0      0 S   0.0   0.0   0:00.00 irq/189-tegra-p
    312 root      20   0   23732   6316   4080 S   0.0   0.1   0:15.40 systemd-udevd
    313 root     -51   0       0      0      0 S   0.0   0.0   0:00.00 irq/189-aerdrv
    314 root      20   0   23216   5804   3992 S   0.0   0.1   0:00.37 systemd-udevd
    315 root      20   0   23216   5020   3248 S   0.0   0.1   0:00.15 systemd-udevd
    316 root      20   0   23268   6224   4288 S   0.0   0.1   0:00.16 systemd-udevd
    317 root      20   0   23220   4364   2600 S   0.0   0.1   0:00.11 systemd-udevd
    318 root      20   0   23216   4480   2672 S   0.0   0.1   0:00.12 systemd-udevd
    319 root      20   0   23212   5812   3980 S   0.0   0.1   0:00.28 systemd-udevd
    320 root      20   0   23264   4688   2764 S   0.0   0.1   0:00.13 systemd-udevd
    321 root      20   0   23268   5072   3136 S   0.0   0.1   0:00.18 systemd-udevd
    322 root      20   0   23524   5520   3456 S   0.0   0.1   0:00.26 systemd-udevd
    323 root      20   0   23216   6268   4444 S   0.0   0.1   0:00.35 systemd-udevd
    324 root      20   0   23220   5196   3388 S   0.0   0.1   0:00.16 systemd-udevd
    325 root      20   0   23220   5808   3976 S   0.0   0.1   0:00.35 systemd-udevd
    326 root      20   0   23220   5232   3388 S   0.0   0.1   0:00.38 systemd-udevd
    327 root      20   0   23220   5468   3656 S   0.0   0.1   0:00.18 systemd-udevd
    330 root      20   0   23512   5728   3684 S   0.0   0.1   0:00.14 systemd-udevd
    331 root      20   0   24292   5540   2676 S   0.0   0.1   0:00.16 systemd-udevd
    333 root      20   0   23524   5596   3532 S   0.0   0.1   0:00.26 systemd-udevd
    334 root      20   0   23220   5080   3240 S   0.0   0.1   0:00.24 systemd-udevd
    335 root      20   0   23220   4504   2708 S   0.0   0.1   0:00.11 systemd-udevd
    336 root      20   0   23220   4696   2892 S   0.0   0.1   0:00.14 systemd-udevd
    337 root      20   0   23524   5056   2992 S   0.0   0.1   0:00.16 systemd-udevd
    339 root      20   0   23220   4980   3148 S   0.0   0.1   0:00.17 systemd-udevd
    341 root      20   0   23276   5328   3384 S   0.0   0.1   0:00.13 systemd-udevd
    342 root      20   0   23280   5176   3228 S   0.0   0.1   0:00.13 systemd-udevd
    343 root      20   0   23220   5984   4152 S   0.0   0.1   0:00.29 systemd-udevd
    344 root      20   0   23560   6700   4596 S   0.0   0.1   0:00.46 systemd-udevd
    345 root      20   0       0      0      0 S   0.0   0.0   0:00.00 15820000.crypto
    346 root      20   0       0      0      0 S   0.0   0.0   0:00.00 15840000.crypto
    368 root      20   0   23324   5984   4116 S   0.0   0.1   0:00.38 systemd-udevd
    417 root     -51   0       0      0      0 S   0.0   0.0   0:00.00 irq/219-bc00000
    419 root      -2   0       0      0      0 S   0.0   0.0   0:00.00 capture-control
    420 root      -2   0       0      0      0 S   0.0   0.0   0:00.00 capture
    422 root     -51   0       0      0      0 S   0.0   0.0   0:00.00 irq/214-tegra_d
    423 root     -51   0       0      0      0 S   0.0   0.0   0:00.00 irq/215-tegra_d
    424 root       0 -20       0      0      0 I   0.0   0.0   0:00.00 dce-async-ipc-w
    425 root     -51   0       0      0      0 S   0.0   0.0   0:00.00 irq/240-nvvrs-p
    427 root      20   0       0      0      0 S   0.0   0.0   0:00.00 nv_queue
    428 root      20   0       0      0      0 S   0.0   0.0   0:00.00 nv_queue
    483 root     -51   0       0      0      0 S   0.0   0.0   0:00.00 irq/118-3210000
    487 root      20   0       0      0      0 S   0.0   0.0   0:00.00 spi0
    495 root       0 -20       0      0      0 I   0.0   0.0   0:00.00 cfg80211
    497 root     -51   0       0      0      0 S   0.0   0.0   0:00.00 irq/119-3230000
    498 root      20   0       0      0      0 S   0.0   0.0   0:00.00 spi1
    584 root       0 -20       0      0      0 I   0.0   0.0   0:00.00 btfwwork
    650 root      20   0    8236   6424   1432 S   0.0   0.1   0:00.53 haveged
    653 _rpc      20   0    7932   2264   1912 S   0.0   0.0   0:00.02 rpcbind
    659 systemd+  20   0   26320  13580   8496 S   0.0   0.2   0:00.36 systemd-resolve
    662 systemd+  20   0   88880   6332   5484 S   0.0   0.1   0:00.12 systemd-timesyn
    826 avahi     20   0    8084   3108   2752 S   0.0   0.0   0:00.41 avahi-daemon
    827 root      20   0    9888   4552   4112 S   0.0   0.1   0:00.07 bluetoothd
    828 message+  20   0   10372   5572   3584 S   0.0   0.1   0:22.27 dbus-daemon
    829 root      20   0  264656  18684  14872 S   0.0   0.2   0:20.56 NetworkManager
    838 root      20   0   43504  19780  10232 S   0.0   0.3   0:00.15 networkd-dispat
    849 root      20   0  241652   9056   6312 S   0.0   0.1   0:00.33 power-profiles-
    854 syslog    20   0  222160   5012   3672 S   0.0   0.1   0:02.91 rsyslogd
    859 root      20   0    2240    796    720 S   0.0   0.0   0:00.00 seatd
    865 root      20   0 2145956  51992  25768 S   0.0   0.7   0:22.65 snapd
    867 root      20   0  242124   7452   6576 S   0.0   0.1   0:01.17 accounts-daemon
    869 root      20   0  238128   6232   5620 S   0.0   0.1   0:00.04 switcheroo-cont
    871 root      20   0   48968   7620   6296 S   0.0   0.1   0:01.99 systemd-logind
    874 root      20   0  394188  13980   9476 S   0.0   0.2   0:00.52 udisksd
    875 root      20   0   16632   9928   8148 S   0.0   0.1   0:00.78 wpa_supplicant
    882 avahi     20   0    7812    356      0 S   0.0   0.0   0:00.00 avahi-daemon
    921 root      30  10   11248   3612   3220 S   0.0   0.0   0:04.81 wifi_mon.sh
    969 root      20   0  237044  10204   6400 S   0.0   0.1   1:37.43 polkitd
    983 root      20   0    2460   1556   1380 S   0.0   0.0   0:04.61 nvfancontrol
   1049 root      20   0       0      0      0 S   0.0   0.0   0:00.00 sw-quiesce
   1052 root      20   0       0      0      0 S   0.0   0.0   0:11.39 nvgpu_channel_p
   1068 root      20   0       0      0      0 S   0.0   0.0   0:00.00 nvgpu_pg_init_g
   1087 root      20   0       0      0      0 S   0.0   0.0   0:00.00 nvgpu_clk_arb_p
   1117 root      20   0       0      0      0 S   0.0   0.0   0:04.38 RTW_CMD_THREAD
   1157 root      20   0   75936   9960   8136 S   0.0   0.1   0:00.01 nvargus-daemon
   1158 root      20   0   11116   3520   3220 S   0.0   0.0   0:00.04 nvmemwarning.sh
   1171 root      20   0   22192   1776   1580 S   0.0   0.0   0:00.00 nvs-service
   1181 ollama    20   0 2006720  39588  20072 S   0.0   0.5   0:00.64 ollama
   1195 root      20   0    2336   1408   1292 S   0.0   0.0   0:01.96 run-cups-browse
   1201 root      20   0    2336   1424   1296 S   0.0   0.0   0:02.02 run-cupsd
   1204 root      20   0       0      0      0 S   0.0   0.0   0:00.00 pr/ramoops-1
   1212 root      20   0 2019288  66636  33572 S   0.0   0.9   0:13.44 containerd
   1239 root      20   0   10772   2824   2576 S   0.0   0.0   0:00.03 cron
   1259 root      20   0  243128   8056   7012 S   0.0   0.1   0:00.02 gdm3
   1263 kernoops  20   0   12812    452      0 S   0.0   0.0   0:00.01 kerneloops
   1290 root      20   0    9468    800    724 S   0.0   0.0   0:00.00 agetty
   1291 kernoops  20   0   12812    452      0 S   0.0   0.0   0:00.01 kerneloops
   1293 root      20   0    9468    804    724 S   0.0   0.0   0:00.00 agetty
   1330 root      20   0  173408   8804   7628 S   0.0   0.1   0:00.02 gdm-session-wor
   1417 root      20   0       0      0      0 S   0.0   0.0   0:00.00 file-storage
   1426 root      20   0   15272   8368   6788 S   0.0   0.1   0:00.38 sshd
   1474 gdm       20   0   18120   9728   7360 S   0.0   0.1   0:00.41 systemd
   1478 root      20   0    3076    992    880 S   0.0   0.0   0:00.00 nvphsd
   1483 root      20   0    3208   1476   1316 S   0.0   0.0   0:00.00 nvphsd
   1497 gdm       20   0  106692   4552      0 S   0.0   0.1   0:00.00 (sd-pam)
   1588 root      20   0 2278700 101092  56496 S   0.0   1.3   0:04.35 dockerd
   1688 gdm        9 -11   41972   6468   5156 S   0.0   0.1   0:00.05 pipewire
   1689 gdm       20   0   25476   6428   5104 S   0.0   0.1   0:00.83 pipewire-media-
   1690 gdm        9 -11  891840  20748  12584 S   0.0   0.3   0:00.69 pulseaudio
   1695 gdm       20   0  163948   5472   4964 S   0.0   0.1   0:00.00 gdm-x-session
   1697 root      20   0   24.2g  80496  35884 S   0.0   1.0   0:01.46 Xorg
   1698 rtkit     21   1  153504   1588   1380 S   0.0   0.0   0:00.19 rtkit-daemon
   1729 gdm       20   0    8840   3600   3212 S   0.0   0.0   0:00.02 dbus-daemon
   1748 root      20   0       0      0      0 S   0.0   0.0   0:00.00 nvidia-modeset/
   1749 root      20   0       0      0      0 S   0.0   0.0   0:00.00 nvidia-modeset/
   1752 root      20   0       0      0      0 S   0.0   0.0   0:00.00 nvidia
   1753 root      20   0       0      0      0 S   0.0   0.0   0:00.00 nv_queue
   1790 root      20   0       0      0      0 S   0.0   0.0   0:00.00 nvidia-drm-nv-t
   1791 root     -51   0       0      0      0 S   0.0   0.0   0:00.00 card1-crtc0
   1792 root     -51   0       0      0      0 S   0.0   0.0   0:00.00 card1-crtc1
   1980 gdm       20   0    5876   1552   1344 S   0.0   0.0   0:00.00 dbus-run-sessio
   1983 gdm       20   0    9108   4440   3588 S   0.0   0.1   0:00.13 dbus-daemon
   2035 gdm       20   0  597840  17824  12972 S   0.0   0.2   0:00.60 gnome-session-b
   2057 gdm       20   0  310068   8976   6272 S   0.0   0.1   0:00.00 at-spi-bus-laun
   2062 gdm       20   0    8692   3556   3168 S   0.0   0.0   0:00.00 dbus-daemon
   2071 gdm       20   0 3471500 137252  73260 S   0.0   1.8   0:26.64 gnome-shell
   2092 gdm       20   0  237676   4964   4528 S   0.0   0.1   0:00.00 xdg-permission-
   2099 root      20   0  243852  10136   6984 S   0.0   0.1   0:00.29 upowerd
   2106 root      20   0  301608  19332  16408 S   0.0   0.2   0:00.86 packagekitd
   2110 gdm       20   0 2812288  25716  20860 S   0.0   0.3   0:00.08 gjs
   2113 gdm       20   0  163144   7196   6428 S   0.0   0.1   0:00.01 at-spi2-registr
   2141 gdm       20   0  468748   9856   7940 S   0.0   0.1   0:01.07 gsd-sharing
   2146 gdm       20   0  338880  14892  12620 S   0.0   0.2   0:00.06 gsd-wacom
   2148 gdm       20   0  451616  18896  16480 S   0.0   0.2   0:00.15 gsd-color
   2150 gdm       20   0  412392  17092  13292 S   0.0   0.2   0:00.04 gsd-keyboard
   2152 gdm       20   0  316864  13188   6244 S   0.0   0.2   0:00.10 ibus-daemon
   2156 gdm       20   0  326124   9848   8488 S   0.0   0.1   0:00.02 gsd-print-notif
   2166 gdm       20   0  242216   6512   5848 S   0.0   0.1   0:00.01 gvfsd
   2168 gdm       20   0  459796   6140   5436 S   0.0   0.1   0:00.31 gsd-rfkill
   2170 gdm       20   0  388312   7432   6528 S   0.0   0.1   0:00.01 gsd-smartcard
   2173 gdm       20   0  380556  16508  12504 S   0.0   0.2   0:00.03 gsd-datetime
   2183 gdm       20   0  864216  20108  17428 S   0.0   0.3   0:00.32 gsd-media-keys
   2184 gdm       20   0  237936   4760   4376 S   0.0   0.1   0:00.01 gsd-screensaver
   2185 gdm       20   0  322096  10392   7320 S   0.0   0.1   0:00.02 gsd-sound
   2186 gdm       20   0  312416   8104   5476 S   0.0   0.1   0:00.01 gsd-a11y-settin
   2193 gdm       20   0  313996   8944   6152 S   0.0   0.1   0:00.56 gsd-housekeepin
   2195 gdm       20   0  450004  20288  15904 S   0.0   0.3   0:00.31 gsd-power
   2218 gdm       20   0  347052  12608  10748 S   0.0   0.2   0:00.03 gsd-printer
   2221 gdm       20   0  239040   6576   5948 S   0.0   0.1   0:00.00 ibus-dconf
   2233 gdm       20   0  238936   5920   5488 S   0.0   0.1   0:00.00 ibus-portal
   2263 colord    20   0  247516  14492   8720 S   0.0   0.2   0:00.22 colord
   2285 gdm       20   0 2812300  27868  20904 S   0.0   0.4   0:00.09 gjs
   2349 gdm       20   0  165096   6516   5892 S   0.0   0.1   0:00.01 ibus-engine-sim
   2508 root      20   0  136716  13172   9512 S   0.0   0.2   0:00.57 cupsd
   2522 root      20   0  260792  17940  13508 S   0.0   0.2   0:01.09 cups-browsed
  11687 jetson    20   0   18140   9764   7368 S   0.0   0.1   0:00.32 systemd
  11688 jetson    20   0  172512   4632      0 S   0.0   0.1   0:00.00 (sd-pam)
  11696 jetson    20   0   41976   6552   5228 S   0.0   0.1   0:00.04 pipewire
  11697 jetson    20   0   25484   6724   5388 S   0.0   0.1   0:00.88 pipewire-media-
  11749 jetson    20   0    8888   3620   3232 S   0.0   0.0   0:00.01 dbus-daemon
  12473 root      20   0 1233488  14092   6340 S   0.0   0.2   0:01.65 containerd-shim
  12502 jetson    20   0    5508    792    704 S   0.0   0.0   0:00.20 sleep
  12567 root      20   0   21892   5484   3884 S   0.0   0.1   0:13.91 systemd-udevd
  12575 root      20   0   21760   4520   2952 S   0.0   0.1   0:28.18 systemd-udevd
  13234 jetson    20   0  203640  35476  13212 S   0.0   0.5   0:00.75 ros2
  13236 jetson    20   0 1996680  34168  17228 S   0.0   0.4   0:00.46 docker
  13265 root      20   0 1232976  11124   5960 S   0.0   0.1   0:01.17 containerd-shim
  13294 root      20   0   49400  29204  14412 S   0.0   0.4   0:00.40 ros2
  13554 root      20   0   21760   4448   2932 S   0.0   0.1   0:00.02 systemd-udevd
  13555 root      20   0   21760   3352   1860 S   0.0   0.0   0:00.00 systemd-udevd
  13568 root      20   0   21760   3376   1864 S   0.0   0.0   0:00.02 systemd-udevd
  13569 root      20   0   21760   4128   2588 S   0.0   0.1   0:00.04 systemd-udevd
  13570 root      20   0   21764   4488   2960 S   0.0   0.1   0:00.04 systemd-udevd
  13571 root      20   0   21764   4104   2588 S   0.0   0.1   0:00.03 systemd-udevd
  13580 root      20   0   21764   4136   2588 S   0.0   0.1   0:00.03 systemd-udevd
  13581 root      20   0   21764   3708   2180 S   0.0   0.0   0:00.00 systemd-udevd
  13582 root      20   0   21764   4252   2704 S   0.0   0.1   0:00.05 systemd-udevd
  13594 root      20   0   21764   3408   1864 S   0.0   0.0   0:00.01 systemd-udevd
  13595 root      20   0   21764   3652   2120 S   0.0   0.0   0:00.02 systemd-udevd
  31399 root      20   0       0      0      0 I   0.0   0.0   0:14.51 kworker/u12:8-events_unbound
  33484 root      20   0       0      0      0 I   0.0   0.0   0:09.51 kworker/u12:0-events_unbound
  34263 root      20   0       0      0      0 I   0.0   0.0   0:11.46 kworker/u12:2-events_freezable_power_
  49116 root      20   0       0      0      0 I   0.0   0.0   0:00.62 kworker/0:0-events
  51824 root      20   0       0      0      0 I   0.0   0.0   0:01.27 kworker/5:1-events
  59272 root      20   0       0      0      0 I   0.0   0.0   0:01.08 kworker/3:3-events
  85708 root      20   0       0      0      0 I   0.0   0.0   0:00.34 kworker/4:1-events
  90870 root      20   0       0      0      0 I   0.0   0.0   0:08.09 kworker/u12:11-events_freezable_power_
  95815 root      20   0       0      0      0 I   0.0   0.0   0:00.00 kworker/0:2-events
  96157 root      20   0       0      0      0 I   0.0   0.0   0:00.00 kworker/4:2-events
  97402 root      20   0       0      0      0 I   0.0   0.0   0:06.13 kworker/u12:5-events_freezable_power_
  98042 jetson    20   0  572504  36008  13228 S   0.0   0.5   0:01.77 ros2
  98155 root      20   0       0      0      0 I   0.0   0.0   0:00.00 kworker/2:1-events
  98217 root      20   0  238836   6944   5696 S   0.0   0.1   0:01.50 iio-sensor-prox
  98455 jetson    20   0  129772  36116  13228 S   0.0   0.5   0:00.71 ros2
 100055 root      20   0       0      0      0 I   0.0   0.0   0:00.00 kworker/5:2-cgroup_destroy
 100706 jetson    20   0   53568  30372  15020 S   0.0   0.4   0:00.43 ros2
 102542 jetson    20   0  723188  41844  13224 S   0.0   0.5   0:01.20 ros2
 149635 root      20   0       0      0      0 I   0.0   0.0   0:00.00 kworker/3:0-events
 174364 root      20   0       0      0      0 I   0.0   0.0   0:02.42 kworker/u12:4-events_unbound
 199974 root      20   0       0      0      0 I   0.0   0.0   0:01.72 kworker/u12:1-events_unbound
 205195 root       0 -20       0      0      0 I   0.0   0.0   0:03.40 kworker/u13:0-uvcvideo
 219316 root       0 -20       0      0      0 I   0.0   0.0   0:01.74 kworker/u13:3-uvcvideo
 223411 root      20   0       0      0      0 I   0.0   0.0   0:00.00 kworker/1:0-cgroup_destroy
 225822 root      20   0       0      0      0 I   0.0   0.0   0:00.58 kworker/u12:9-events_freezable_power_
 229418 root      20   0       0      0      0 I   0.0   0.0   0:00.31 kworker/u12:10-devfreq_wq
 233042 root      20   0    9436    768    688 S   0.0   0.0   0:00.00 sleep
 234184 root      20   0       0      0      0 I   0.0   0.0   0:00.00 kworker/0:1-events
 234228 root      20   0       0      0      0 I   0.0   0.0   0:00.00 kworker/3:1
 234272 root      20   0       0      0      0 I   0.0   0.0   0:00.00 kworker/2:0-cgroup_destroy
 234404 root      20   0       0      0      0 I   0.0   0.0   0:00.02 kworker/5:0-events
 235691 root      20   0       0      0      0 I   0.0   0.0   0:00.00 kworker/1:1-events
 236264 jetson    20   0   11248   3292   2852 S   0.0   0.0   0:00.03 bash
 238343 root      30  10    9436    780    704 S   0.0   0.0   0:00.00 sleep
 238391 jetson    20   0   11248   3300   2864 S   0.0   0.0   0:00.01 bash
 238637 jetson    20   0    9480    820    736 S   0.0   0.0   0:00.00 tail

top - 13:14:12 up  3:37,  0 users,  load average: 10.06, 6.55, 4.84
Tasks: 349 total,   4 running, 345 sleeping,   0 stopped,   0 zombie
%Cpu(s): 42.0 us, 27.8 sy,  0.0 ni, 22.1 id,  0.0 wa,  3.2 hi,  5.0 si,  0.0 st
MiB Mem :   7607.4 total,   2838.2 free,   2022.0 used,   2747.2 buff/cache
MiB Swap:   3803.7 total,   3803.7 free,      0.0 used.   5287.5 avail Mem 

    PID USER      PR  NI    VIRT    RES    SHR S  %CPU  %MEM     TIME+ COMMAND
  13320 root      20   0 1300240  43896  11392 S  50.2   0.6  14:22.60 micro_ros_agent
 238636 jetson    20   0  752308  71604  29576 S  34.6   0.9   0:02.11 python3
  98338 jetson    20   0  709016  64620  27260 R  33.6   0.8  28:08.62 python3
 100721 jetson    20   0 9355252 432712  88656 S  26.1   5.6  12:25.09 nvblox_node
 238441 jetson    20   0  763896  56128  25416 S  25.1   0.7   0:02.38 ros2
 102583 jetson    20   0  963132  48088  23528 S  20.4   0.6   7:03.06 controller_serv
  98046 jetson    20   0  710680  66144  27240 S  19.4   0.8  12:09.75 python3
 102592 jetson    20   0  530888  48340  26220 S  18.5   0.6   6:03.99 bt_navigator
  98048 jetson    20   0  432960  28196  14244 S  18.0   0.4  12:35.51 rplidar_node
  98044 jetson    20   0 1813628 105436  51328 S  17.1   1.4  10:16.19 realsense2_came
 102587 jetson    20   0 1201452  94936  42692 S  16.1   1.2   6:49.18 planner_server
  98340 jetson    20   0  506224  33968  18400 S  14.7   0.4   8:25.69 ekf_node
 102641 jetson    20   0  577392  31872  16252 S  14.7   0.4   7:41.67 lifecycle_manag
  98052 jetson    20   0 1082804  58392  26368 S  13.3   0.7   0:39.02 foxglove_bridge
  98050 jetson    20   0  708072  65988  27372 R  12.3   0.8   6:06.06 python3
 102637 jetson    20   0  428576  29080  15960 S  11.4   0.4   3:21.51 velocity_smooth
 102585 jetson    20   0  656320  35048  19412 S  10.4   0.4   4:08.57 smoother_server
 102589 jetson    20   0  516304  37492  21032 S  10.4   0.5   4:56.22 behavior_server
 102619 jetson    20   0  431272  31524  17020 S  10.0   0.4   3:20.97 waypoint_follow
 102581 jetson    20   0  709536  62208  27352 S   9.5   0.8   2:47.59 python3
  98457 jetson    20   0  903180  51504  24060 S   9.0   0.7   2:14.70 async_slam_tool
  13238 jetson    20   0  428384  31060  15828 S   5.7   0.4   1:07.61 robot_state_pub
  11931 jetson    20   0  706564  62076  26432 S   4.7   0.8   1:05.61 python3
 233444 root       0 -20       0      0      0 I   0.9   0.0   0:00.36 kworker/u13:2-uvcvideo
 238442 jetson    20   0   14344   3352   2756 R   0.9   0.0   0:00.10 top
     14 root      20   0       0      0      0 S   0.5   0.0   0:10.90 ksoftirqd/0
     20 root      20   0       0      0      0 S   0.5   0.0   0:00.66 ksoftirqd/1
    865 root      20   0 2145956  51992  25768 S   0.5   0.7   0:22.66 snapd
    904 root      rt   0       0      0      0 S   0.5   0.0   0:50.24 sugov:0
    909 root      rt   0       0      0      0 S   0.5   0.0   0:23.71 sugov:4
   2071 gdm       20   0 3471500 137252  73260 S   0.5   1.8   0:26.65 gnome-shell
  12575 root      20   0   21760   4520   2952 S   0.5   0.1   0:28.19 systemd-udevd
  34263 root      20   0       0      0      0 I   0.5   0.0   0:11.47 kworker/u12:2-events_unbound
  90870 root      20   0       0      0      0 I   0.5   0.0   0:08.10 kworker/u12:11-events_freezable_power_
 102542 jetson    20   0  723188  41844  13224 S   0.5   0.5   0:01.21 ros2
 192628 root       0 -20       0      0      0 I   0.5   0.0   0:04.48 kworker/u13:1-uvcvideo
 211464 root      20   0       0      0      0 R   0.5   0.0   0:01.25 kworker/u12:7-events_unbound
      1 root      20   0  167628  11764   7444 S   0.0   0.2   0:16.97 systemd
      2 root      20   0       0      0      0 S   0.0   0.0   0:00.02 kthreadd
      3 root       0 -20       0      0      0 I   0.0   0.0   0:00.00 rcu_gp
      4 root       0 -20       0      0      0 I   0.0   0.0   0:00.00 rcu_par_gp
      5 root       0 -20       0      0      0 I   0.0   0.0   0:00.00 slub_flushwq
      6 root       0 -20       0      0      0 I   0.0   0.0   0:00.00 netns
      8 root       0 -20       0      0      0 I   0.0   0.0   0:00.00 kworker/0:0H-events_highpri
     10 root       0 -20       0      0      0 I   0.0   0.0   0:00.00 mm_percpu_wq
     11 root      20   0       0      0      0 S   0.0   0.0   0:00.00 rcu_tasks_kthre
     12 root      20   0       0      0      0 S   0.0   0.0   0:00.00 rcu_tasks_rude_
     13 root      20   0       0      0      0 S   0.0   0.0   0:00.00 rcu_tasks_trace
     15 root      20   0       0      0      0 I   0.0   0.0   0:04.54 rcu_preempt
     16 root      rt   0       0      0      0 S   0.0   0.0   0:00.01 migration/0
     17 root      20   0       0      0      0 S   0.0   0.0   0:00.00 cpuhp/0
     18 root      20   0       0      0      0 S   0.0   0.0   0:00.00 cpuhp/1
     19 root      rt   0       0      0      0 S   0.0   0.0   0:00.01 migration/1
     22 root       0 -20       0      0      0 I   0.0   0.0   0:00.00 kworker/1:0H-events_highpri
     23 root      20   0       0      0      0 S   0.0   0.0   0:00.00 cpuhp/2
     24 root      rt   0       0      0      0 S   0.0   0.0   0:00.00 migration/2
     25 root      20   0       0      0      0 S   0.0   0.0   0:00.68 ksoftirqd/2
     27 root       0 -20       0      0      0 I   0.0   0.0   0:00.00 kworker/2:0H-events_highpri
     28 root      20   0       0      0      0 S   0.0   0.0   0:00.00 cpuhp/3
     29 root      rt   0       0      0      0 S   0.0   0.0   0:00.00 migration/3
     30 root      20   0       0      0      0 S   0.0   0.0   0:00.62 ksoftirqd/3
     32 root       0 -20       0      0      0 I   0.0   0.0   0:00.00 kworker/3:0H-events_highpri
     33 root      20   0       0      0      0 S   0.0   0.0   0:00.00 cpuhp/4
     34 root      rt   0       0      0      0 S   0.0   0.0   0:00.02 migration/4
     35 root      20   0       0      0      0 S   0.0   0.0   0:00.47 ksoftirqd/4
     37 root       0 -20       0      0      0 I   0.0   0.0   0:00.00 kworker/4:0H-kblockd
     38 root      20   0       0      0      0 S   0.0   0.0   0:00.00 cpuhp/5
     39 root      rt   0       0      0      0 S   0.0   0.0   0:00.03 migration/5
     40 root      20   0       0      0      0 S   0.0   0.0   0:00.47 ksoftirqd/5
     42 root       0 -20       0      0      0 I   0.0   0.0   0:00.00 kworker/5:0H-events_highpri
     43 root      20   0       0      0      0 S   0.0   0.0   0:00.01 kdevtmpfs
     44 root       0 -20       0      0      0 I   0.0   0.0   0:00.00 inet_frag_wq
     51 root      20   0       0      0      0 S   0.0   0.0   0:00.00 kauditd
     52 root      20   0       0      0      0 S   0.0   0.0   0:00.00 oom_reaper
     53 root       0 -20       0      0      0 I   0.0   0.0   0:00.00 writeback
     54 root      20   0       0      0      0 S   0.0   0.0   0:00.10 kcompactd0
     55 root      25   5       0      0      0 S   0.0   0.0   0:00.00 ksmd
     56 root      39  19       0      0      0 S   0.0   0.0   0:01.15 khugepaged
     67 root       0 -20       0      0      0 I   0.0   0.0   0:00.00 cryptd
     86 root       0 -20       0      0      0 I   0.0   0.0   0:00.00 kintegrityd
     87 root       0 -20       0      0      0 I   0.0   0.0   0:00.00 kblockd
     88 root       0 -20       0      0      0 I   0.0   0.0   0:00.00 blkcg_punt_bio
     89 root       0 -20       0      0      0 I   0.0   0.0   0:00.00 tpm_dev_wq
     90 root       0 -20       0      0      0 I   0.0   0.0   0:00.00 ata_sff
     91 root       0 -20       0      0      0 I   0.0   0.0   0:00.00 edac-poller
     92 root       0 -20       0      0      0 I   0.0   0.0   0:00.00 devfreq_wq
     93 root     -51   0       0      0      0 S   0.0   0.0   0:00.00 watchdogd
     96 root       0 -20       0      0      0 I   0.0   0.0   0:00.04 kworker/1:1H-kblockd
     97 root       0 -20       0      0      0 I   0.0   0.0   0:00.00 rpciod
     99 root       0 -20       0      0      0 I   0.0   0.0   0:00.00 xprtiod
    127 root      20   0       0      0      0 S   0.0   0.0   0:00.00 kswapd0
    128 root       0 -20       0      0      0 I   0.0   0.0   0:00.00 nfsiod
    132 root       0 -20       0      0      0 I   0.0   0.0   0:00.00 vfio-irqfd-clea
    133 root       0 -20       0      0      0 I   0.0   0.0   0:00.00 bch_btree_io
    134 root       0 -20       0      0      0 I   0.0   0.0   0:00.00 bcache
    135 root       0 -20       0      0      0 I   0.0   0.0   0:00.00 bch_journal
    136 root       0 -20       0      0      0 I   0.0   0.0   0:00.00 dm_bufio_cache
    137 root      20   0       0      0      0 I   0.0   0.0   0:01.26 kworker/1:2-events
    139 root      20   0       0      0      0 I   0.0   0.0   0:00.75 kworker/2:3-events
    140 root      10 -10       0      0      0 S   0.0   0.0   0:00.00 krfcommd
    141 root      20   0       0      0      0 S   0.0   0.0   0:00.01 pr/tty0
    142 root      20   0       0      0      0 S   0.0   0.0   0:03.04 pr/ttyTCU0
    145 root     -51   0       0      0      0 S   0.0   0.0   0:00.00 irq/114-3160000
    147 root     -51   0       0      0      0 S   0.0   0.0   0:00.00 irq/115-3180000
    149 root     -51   0       0      0      0 S   0.0   0.0   0:00.00 irq/116-31b0000
    150 root     -51   0       0      0      0 S   0.0   0.0   0:00.01 irq/167-c240000
    151 root     -51   0       0      0      0 S   0.0   0.0   0:00.00 irq/168-c250000
    152 root     -51   0       0      0      0 S   0.0   0.0   0:00.00 irq/125-3610000
    153 root     -51   0       0      0      0 S   0.0   0.0   0:00.00 irq/122-3610000
    155 root       0 -20       0      0      0 I   0.0   0.0   0:00.00 sdhci
    156 root     -51   0       0      0      0 S   0.0   0.0   0:00.00 irq/120-mmc0
    157 root     -51   0       0      0      0 S   0.0   0.0   0:00.00 irq/230-3400000
    174 root       0 -20       0      0      0 I   0.0   0.0   0:00.05 kworker/3:1H-kblockd
    180 root     -51   0       0      0      0 S   0.0   0.0   0:00.00 irq/191-tegra-p
    181 root       0 -20       0      0      0 I   0.0   0.0   0:00.00 nvme-wq
    182 root       0 -20       0      0      0 I   0.0   0.0   0:00.00 nvme-reset-wq
    183 root       0 -20       0      0      0 I   0.0   0.0   0:00.00 nvme-delete-wq
    192 root     -51   0       0      0      0 S   0.0   0.0   0:00.00 irq/191-aerdrv
    193 root     -51   0       0      0      0 S   0.0   0.0   0:00.00 irq/193-tegra-p
    196 root     -51   0       0      0      0 S   0.0   0.0   0:00.00 irq/193-aerdrv
    197 root     -51   0       0      0      0 S   0.0   0.0   0:00.00 irq/195-tegra-p
    199 root     -51   0       0      0      0 S   0.0   0.0   0:00.00 irq/232-nvme0q0
    200 root     -51   0       0      0      0 S   0.0   0.0   0:00.22 irq/233-nvme0q1
    201 root     -51   0       0      0      0 S   0.0   0.0   0:00.26 irq/234-nvme0q2
    202 root     -51   0       0      0      0 S   0.0   0.0   0:00.40 irq/235-nvme0q3
    203 root     -51   0       0      0      0 S   0.0   0.0   0:00.52 irq/236-nvme0q4
    204 root     -51   0       0      0      0 S   0.0   0.0   0:00.13 irq/237-nvme0q5
    205 root     -51   0       0      0      0 S   0.0   0.0   0:00.09 irq/238-nvme0q6
    211 root       0 -20       0      0      0 I   0.0   0.0   0:00.05 kworker/4:1H-kblockd
    212 root      20   0       0      0      0 S   0.0   0.0   0:00.74 jbd2/nvme0n1p1-
    213 root       0 -20       0      0      0 I   0.0   0.0   0:00.00 ext4-rsv-conver
    222 root       0 -20       0      0      0 I   0.0   0.0   0:00.00 mld
    223 root       0 -20       0      0      0 I   0.0   0.0   0:00.03 kworker/0:1H-kblockd
    224 root       0 -20       0      0      0 I   0.0   0.0   0:00.00 ipv6_addrconf
    256 root      19  -1   40648  11528   9920 S   0.0   0.1   0:14.90 systemd-journal
    278 root       0 -20       0      0      0 I   0.0   0.0   0:00.06 kworker/2:1H-kblockd
    280 root      39  19       0      0      0 S   0.0   0.0   0:00.40 nvmap-bz
    281 root     -51   0       0      0      0 S   0.0   0.0   0:00.00 irq/188-host1x_
    285 root     -51   0       0      0      0 S   0.0   0.0   0:00.00 irq/197-gk20a_s
    286 root     -51   0       0      0      0 S   0.0   0.0   0:00.01 irq/198-gk20a_s
    287 root     -51   0       0      0      0 S   0.0   0.0   0:00.01 irq/199-gk20a_s
    288 root     -51   0       0      0      0 S   0.0   0.0   0:00.00 irq/200-gk20a_n
    291 root       0 -20       0      0      0 I   0.0   0.0   0:00.04 kworker/5:1H-kblockd
    295 root      20   0   11116   3460   3204 S   0.0   0.0   0:00.00 nv-tee-supplica
    299 root      20   0   76588   1360   1248 S   0.0   0.0   0:00.01 tee-supplicant
    301 root       0 -20       0      0      0 I   0.0   0.0   0:00.00 optee_bus_scan
    303 root     -51   0       0      0      0 S   0.0   0.0   0:00.00 irq/189-tegra-p
    312 root      20   0   23732   6316   4080 S   0.0   0.1   0:15.40 systemd-udevd
    313 root     -51   0       0      0      0 S   0.0   0.0   0:00.00 irq/189-aerdrv
    314 root      20   0   23216   5804   3992 S   0.0   0.1   0:00.37 systemd-udevd
    315 root      20   0   23216   5020   3248 S   0.0   0.1   0:00.15 systemd-udevd
    316 root      20   0   23268   6224   4288 S   0.0   0.1   0:00.16 systemd-udevd
    317 root      20   0   23220   4364   2600 S   0.0   0.1   0:00.11 systemd-udevd
    318 root      20   0   23216   4480   2672 S   0.0   0.1   0:00.12 systemd-udevd
    319 root      20   0   23212   5812   3980 S   0.0   0.1   0:00.28 systemd-udevd
    320 root      20   0   23264   4688   2764 S   0.0   0.1   0:00.13 systemd-udevd
    321 root      20   0   23268   5072   3136 S   0.0   0.1   0:00.18 systemd-udevd
    322 root      20   0   23524   5520   3456 S   0.0   0.1   0:00.26 systemd-udevd
    323 root      20   0   23216   6268   4444 S   0.0   0.1   0:00.35 systemd-udevd
    324 root      20   0   23220   5196   3388 S   0.0   0.1   0:00.16 systemd-udevd
    325 root      20   0   23220   5808   3976 S   0.0   0.1   0:00.35 systemd-udevd
    326 root      20   0   23220   5232   3388 S   0.0   0.1   0:00.38 systemd-udevd
    327 root      20   0   23220   5468   3656 S   0.0   0.1   0:00.18 systemd-udevd
    330 root      20   0   23512   5728   3684 S   0.0   0.1   0:00.14 systemd-udevd
    331 root      20   0   24292   5540   2676 S   0.0   0.1   0:00.16 systemd-udevd
    333 root      20   0   23524   5596   3532 S   0.0   0.1   0:00.26 systemd-udevd
    334 root      20   0   23220   5080   3240 S   0.0   0.1   0:00.24 systemd-udevd
    335 root      20   0   23220   4504   2708 S   0.0   0.1   0:00.11 systemd-udevd
    336 root      20   0   23220   4696   2892 S   0.0   0.1   0:00.14 systemd-udevd
    337 root      20   0   23524   5056   2992 S   0.0   0.1   0:00.16 systemd-udevd
    339 root      20   0   23220   4980   3148 S   0.0   0.1   0:00.17 systemd-udevd
    340 root      20   0   23544   6732   4608 S   0.0   0.1   0:51.98 systemd-udevd
    341 root      20   0   23276   5328   3384 S   0.0   0.1   0:00.13 systemd-udevd
    342 root      20   0   23280   5176   3228 S   0.0   0.1   0:00.13 systemd-udevd
    343 root      20   0   23220   5984   4152 S   0.0   0.1   0:00.29 systemd-udevd
    344 root      20   0   23560   6700   4596 S   0.0   0.1   0:00.46 systemd-udevd
    345 root      20   0       0      0      0 S   0.0   0.0   0:00.00 15820000.crypto
    346 root      20   0       0      0      0 S   0.0   0.0   0:00.00 15840000.crypto
    368 root      20   0   23324   5984   4116 S   0.0   0.1   0:00.38 systemd-udevd
    417 root     -51   0       0      0      0 S   0.0   0.0   0:00.00 irq/219-bc00000
    419 root      -2   0       0      0      0 S   0.0   0.0   0:00.00 capture-control
    420 root      -2   0       0      0      0 S   0.0   0.0   0:00.00 capture
    422 root     -51   0       0      0      0 S   0.0   0.0   0:00.00 irq/214-tegra_d
    423 root     -51   0       0      0      0 S   0.0   0.0   0:00.00 irq/215-tegra_d
    424 root       0 -20       0      0      0 I   0.0   0.0   0:00.00 dce-async-ipc-w
    425 root     -51   0       0      0      0 S   0.0   0.0   0:00.00 irq/240-nvvrs-p
    427 root      20   0       0      0      0 S   0.0   0.0   0:00.00 nv_queue
    428 root      20   0       0      0      0 S   0.0   0.0   0:00.00 nv_queue
    483 root     -51   0       0      0      0 S   0.0   0.0   0:00.00 irq/118-3210000
    487 root      20   0       0      0      0 S   0.0   0.0   0:00.00 spi0
    495 root       0 -20       0      0      0 I   0.0   0.0   0:00.00 cfg80211
    497 root     -51   0       0      0      0 S   0.0   0.0   0:00.00 irq/119-3230000
    498 root      20   0       0      0      0 S   0.0   0.0   0:00.00 spi1
    584 root       0 -20       0      0      0 I   0.0   0.0   0:00.00 btfwwork
    650 root      20   0    8236   6424   1432 S   0.0   0.1   0:00.53 haveged
    653 _rpc      20   0    7932   2264   1912 S   0.0   0.0   0:00.02 rpcbind
    659 systemd+  20   0   26320  13580   8496 S   0.0   0.2   0:00.36 systemd-resolve
    662 systemd+  20   0   88880   6332   5484 S   0.0   0.1   0:00.12 systemd-timesyn
    826 avahi     20   0    8084   3108   2752 S   0.0   0.0   0:00.41 avahi-daemon
    827 root      20   0    9888   4552   4112 S   0.0   0.1   0:00.07 bluetoothd
    828 message+  20   0   10372   5572   3584 S   0.0   0.1   0:22.27 dbus-daemon
    829 root      20   0  264656  18684  14872 S   0.0   0.2   0:20.56 NetworkManager
    838 root      20   0   43504  19780  10232 S   0.0   0.3   0:00.15 networkd-dispat
    849 root      20   0  241652   9056   6312 S   0.0   0.1   0:00.33 power-profiles-
    854 syslog    20   0  222160   5012   3672 S   0.0   0.1   0:02.91 rsyslogd
    859 root      20   0    2240    796    720 S   0.0   0.0   0:00.00 seatd
    867 root      20   0  242124   7452   6576 S   0.0   0.1   0:01.17 accounts-daemon
    869 root      20   0  238128   6232   5620 S   0.0   0.1   0:00.04 switcheroo-cont
    871 root      20   0   48968   7620   6296 S   0.0   0.1   0:01.99 systemd-logind
    874 root      20   0  394188  13980   9476 S   0.0   0.2   0:00.52 udisksd
    875 root      20   0   16632   9928   8148 S   0.0   0.1   0:00.78 wpa_supplicant
    882 avahi     20   0    7812    356      0 S   0.0   0.0   0:00.00 avahi-daemon
    921 root      30  10   11248   3612   3220 S   0.0   0.0   0:04.81 wifi_mon.sh
    969 root      20   0  237044  10204   6400 S   0.0   0.1   1:37.43 polkitd
    983 root      20   0    2460   1556   1380 S   0.0   0.0   0:04.61 nvfancontrol
   1049 root      20   0       0      0      0 S   0.0   0.0   0:00.00 sw-quiesce
   1052 root      20   0       0      0      0 S   0.0   0.0   0:11.39 nvgpu_channel_p
   1068 root      20   0       0      0      0 S   0.0   0.0   0:00.00 nvgpu_pg_init_g
   1087 root      20   0       0      0      0 S   0.0   0.0   0:00.00 nvgpu_clk_arb_p
   1117 root      20   0       0      0      0 S   0.0   0.0   0:04.38 RTW_CMD_THREAD
   1157 root      20   0   75936   9960   8136 S   0.0   0.1   0:00.01 nvargus-daemon
   1158 root      20   0   11116   3520   3220 S   0.0   0.0   0:00.04 nvmemwarning.sh
   1171 root      20   0   22192   1776   1580 S   0.0   0.0   0:00.00 nvs-service
   1181 ollama    20   0 2006720  39588  20072 S   0.0   0.5   0:00.64 ollama
   1195 root      20   0    2336   1408   1292 S   0.0   0.0   0:01.96 run-cups-browse
   1201 root      20   0    2336   1424   1296 S   0.0   0.0   0:02.02 run-cupsd
   1204 root      20   0       0      0      0 S   0.0   0.0   0:00.00 pr/ramoops-1
   1212 root      20   0 2019288  66636  33572 S   0.0   0.9   0:13.44 containerd
   1239 root      20   0   10772   2824   2576 S   0.0   0.0   0:00.03 cron
   1259 root      20   0  243128   8056   7012 S   0.0   0.1   0:00.02 gdm3
   1263 kernoops  20   0   12812    452      0 S   0.0   0.0   0:00.01 kerneloops
   1290 root      20   0    9468    800    724 S   0.0   0.0   0:00.00 agetty
   1291 kernoops  20   0   12812    452      0 S   0.0   0.0   0:00.01 kerneloops
   1293 root      20   0    9468    804    724 S   0.0   0.0   0:00.00 agetty
   1330 root      20   0  173408   8804   7628 S   0.0   0.1   0:00.02 gdm-session-wor
   1417 root      20   0       0      0      0 S   0.0   0.0   0:00.00 file-storage
   1426 root      20   0   15272   8368   6788 S   0.0   0.1   0:00.38 sshd
   1474 gdm       20   0   18120   9728   7360 S   0.0   0.1   0:00.41 systemd
   1478 root      20   0    3076    992    880 S   0.0   0.0   0:00.00 nvphsd
   1483 root      20   0    3208   1476   1316 S   0.0   0.0   0:00.00 nvphsd
   1497 gdm       20   0  106692   4552      0 S   0.0   0.1   0:00.00 (sd-pam)
   1588 root      20   0 2278700 101092  56496 S   0.0   1.3   0:04.35 dockerd
   1688 gdm        9 -11   41972   6468   5156 S   0.0   0.1   0:00.05 pipewire
   1689 gdm       20   0   25476   6428   5104 S   0.0   0.1   0:00.83 pipewire-media-
   1690 gdm        9 -11  891840  20748  12584 S   0.0   0.3   0:00.69 pulseaudio
   1695 gdm       20   0  163948   5472   4964 S   0.0   0.1   0:00.00 gdm-x-session
   1697 root      20   0   24.2g  80496  35884 S   0.0   1.0   0:01.46 Xorg
   1698 rtkit     21   1  153504   1588   1380 S   0.0   0.0   0:00.19 rtkit-daemon
   1729 gdm       20   0    8840   3600   3212 S   0.0   0.0   0:00.02 dbus-daemon
   1748 root      20   0       0      0      0 S   0.0   0.0   0:00.00 nvidia-modeset/
   1749 root      20   0       0      0      0 S   0.0   0.0   0:00.00 nvidia-modeset/
   1752 root      20   0       0      0      0 S   0.0   0.0   0:00.00 nvidia
   1753 root      20   0       0      0      0 S   0.0   0.0   0:00.00 nv_queue
   1790 root      20   0       0      0      0 S   0.0   0.0   0:00.00 nvidia-drm-nv-t
   1791 root     -51   0       0      0      0 S   0.0   0.0   0:00.00 card1-crtc0
   1792 root     -51   0       0      0      0 S   0.0   0.0   0:00.00 card1-crtc1
   1980 gdm       20   0    5876   1552   1344 S   0.0   0.0   0:00.00 dbus-run-sessio
   1983 gdm       20   0    9108   4440   3588 S   0.0   0.1   0:00.13 dbus-daemon
   2035 gdm       20   0  597840  17824  12972 S   0.0   0.2   0:00.60 gnome-session-b
   2057 gdm       20   0  310068   8976   6272 S   0.0   0.1   0:00.00 at-spi-bus-laun
   2062 gdm       20   0    8692   3556   3168 S   0.0   0.0   0:00.00 dbus-daemon
   2092 gdm       20   0  237676   4964   4528 S   0.0   0.1   0:00.00 xdg-permission-
   2099 root      20   0  243852  10136   6984 S   0.0   0.1   0:00.29 upowerd
   2106 root      20   0  301608  19332  16408 S   0.0   0.2   0:00.86 packagekitd
   2110 gdm       20   0 2812288  25716  20860 S   0.0   0.3   0:00.08 gjs
   2113 gdm       20   0  163144   7196   6428 S   0.0   0.1   0:00.01 at-spi2-registr
   2141 gdm       20   0  468748   9856   7940 S   0.0   0.1   0:01.07 gsd-sharing
   2146 gdm       20   0  338880  14892  12620 S   0.0   0.2   0:00.06 gsd-wacom
   2148 gdm       20   0  451616  18896  16480 S   0.0   0.2   0:00.15 gsd-color
   2150 gdm       20   0  412392  17092  13292 S   0.0   0.2   0:00.04 gsd-keyboard
   2152 gdm       20   0  316864  13188   6244 S   0.0   0.2   0:00.10 ibus-daemon
   2156 gdm       20   0  326124   9848   8488 S   0.0   0.1   0:00.02 gsd-print-notif
   2166 gdm       20   0  242216   6512   5848 S   0.0   0.1   0:00.01 gvfsd
   2168 gdm       20   0  459796   6140   5436 S   0.0   0.1   0:00.31 gsd-rfkill
   2170 gdm       20   0  388312   7432   6528 S   0.0   0.1   0:00.01 gsd-smartcard
   2173 gdm       20   0  380556  16508  12504 S   0.0   0.2   0:00.03 gsd-datetime
   2183 gdm       20   0  864216  20108  17428 S   0.0   0.3   0:00.32 gsd-media-keys
   2184 gdm       20   0  237936   4760   4376 S   0.0   0.1   0:00.01 gsd-screensaver
   2185 gdm       20   0  322096  10392   7320 S   0.0   0.1   0:00.02 gsd-sound
   2186 gdm       20   0  312416   8104   5476 S   0.0   0.1   0:00.01 gsd-a11y-settin
   2193 gdm       20   0  313996   8944   6152 S   0.0   0.1   0:00.56 gsd-housekeepin
   2195 gdm       20   0  450004  20288  15904 S   0.0   0.3   0:00.31 gsd-power
   2218 gdm       20   0  347052  12608  10748 S   0.0   0.2   0:00.03 gsd-printer
   2221 gdm       20   0  239040   6576   5948 S   0.0   0.1   0:00.00 ibus-dconf
   2233 gdm       20   0  238936   5920   5488 S   0.0   0.1   0:00.00 ibus-portal
   2263 colord    20   0  247516  14492   8720 S   0.0   0.2   0:00.22 colord
   2285 gdm       20   0 2812300  27868  20904 S   0.0   0.4   0:00.09 gjs
   2349 gdm       20   0  165096   6516   5892 S   0.0   0.1   0:00.01 ibus-engine-sim
   2508 root      20   0  136716  13172   9512 S   0.0   0.2   0:00.57 cupsd
   2522 root      20   0  260792  17940  13508 S   0.0   0.2   0:01.09 cups-browsed
  11687 jetson    20   0   18140   9764   7368 S   0.0   0.1   0:00.32 systemd
  11688 jetson    20   0  172512   4632      0 S   0.0   0.1   0:00.00 (sd-pam)
  11696 jetson    20   0   41976   6552   5228 S   0.0   0.1   0:00.04 pipewire
  11697 jetson    20   0   25484   6724   5388 S   0.0   0.1   0:00.88 pipewire-media-
  11749 jetson    20   0    8888   3620   3232 S   0.0   0.0   0:00.01 dbus-daemon
  12473 root      20   0 1233488  14092   6340 S   0.0   0.2   0:01.65 containerd-shim
  12502 jetson    20   0    5508    792    704 S   0.0   0.0   0:00.20 sleep
  12567 root      20   0   21892   5484   3884 S   0.0   0.1   0:13.91 systemd-udevd
  13234 jetson    20   0  203640  35476  13212 S   0.0   0.5   0:00.75 ros2
  13236 jetson    20   0 1996680  34168  17228 S   0.0   0.4   0:00.46 docker
  13265 root      20   0 1232976  11124   5960 S   0.0   0.1   0:01.17 containerd-shim
  13294 root      20   0   49400  29204  14412 S   0.0   0.4   0:00.40 ros2
  13554 root      20   0   21760   4448   2932 S   0.0   0.1   0:00.02 systemd-udevd
  13555 root      20   0   21760   3352   1860 S   0.0   0.0   0:00.00 systemd-udevd
  13568 root      20   0   21760   3376   1864 S   0.0   0.0   0:00.02 systemd-udevd
  13569 root      20   0   21760   4128   2588 S   0.0   0.1   0:00.04 systemd-udevd
  13570 root      20   0   21764   4488   2960 S   0.0   0.1   0:00.04 systemd-udevd
  13571 root      20   0   21764   4104   2588 S   0.0   0.1   0:00.03 systemd-udevd
  13580 root      20   0   21764   4136   2588 S   0.0   0.1   0:00.03 systemd-udevd
  13581 root      20   0   21764   3708   2180 S   0.0   0.0   0:00.00 systemd-udevd
  13582 root      20   0   21764   4252   2704 S   0.0   0.1   0:00.05 systemd-udevd
  13594 root      20   0   21764   3408   1864 S   0.0   0.0   0:00.01 systemd-udevd
  13595 root      20   0   21764   3652   2120 S   0.0   0.0   0:00.02 systemd-udevd
  31399 root      20   0       0      0      0 I   0.0   0.0   0:14.51 kworker/u12:8-events_unbound
  33484 root      20   0       0      0      0 I   0.0   0.0   0:09.51 kworker/u12:0-events_unbound
  42253 root      20   0       0      0      0 I   0.0   0.0   0:10.81 kworker/u12:3-events_freezable_power_
  49116 root      20   0       0      0      0 I   0.0   0.0   0:00.62 kworker/0:0-events
  51824 root      20   0       0      0      0 I   0.0   0.0   0:01.27 kworker/5:1-events
  59272 root      20   0       0      0      0 I   0.0   0.0   0:01.08 kworker/3:3-events
  85708 root      20   0       0      0      0 I   0.0   0.0   0:00.34 kworker/4:1-events
  95815 root      20   0       0      0      0 I   0.0   0.0   0:00.00 kworker/0:2-events
  96157 root      20   0       0      0      0 I   0.0   0.0   0:00.00 kworker/4:2-events
  97402 root      20   0       0      0      0 I   0.0   0.0   0:06.13 kworker/u12:5-events_freezable_power_
  98042 jetson    20   0  572504  36008  13228 S   0.0   0.5   0:01.77 ros2
  98155 root      20   0       0      0      0 I   0.0   0.0   0:00.00 kworker/2:1-events
  98217 root      20   0  238836   6944   5696 S   0.0   0.1   0:01.50 iio-sensor-prox
  98455 jetson    20   0  129772  36116  13228 S   0.0   0.5   0:00.71 ros2
 100055 root      20   0       0      0      0 I   0.0   0.0   0:00.00 kworker/5:2-cgroup_destroy
 100141 root      20   0       0      0      0 I   0.0   0.0   0:06.80 kworker/u12:6-events_freezable_power_
 100706 jetson    20   0   53568  30372  15020 S   0.0   0.4   0:00.43 ros2
 149635 root      20   0       0      0      0 I   0.0   0.0   0:00.00 kworker/3:0-events
 174364 root      20   0       0      0      0 I   0.0   0.0   0:02.42 kworker/u12:4-events_unbound
 199974 root      20   0       0      0      0 I   0.0   0.0   0:01.72 kworker/u12:1-events_freezable_power_
 205195 root       0 -20       0      0      0 I   0.0   0.0   0:03.40 kworker/u13:0-uvcvideo
 219316 root       0 -20       0      0      0 I   0.0   0.0   0:01.74 kworker/u13:3-uvcvideo
 223411 root      20   0       0      0      0 I   0.0   0.0   0:00.00 kworker/1:0-cgroup_destroy
 225822 root      20   0       0      0      0 I   0.0   0.0   0:00.58 kworker/u12:9-events_freezable_power_
 229418 root      20   0       0      0      0 I   0.0   0.0   0:00.31 kworker/u12:10-events_unbound
 233042 root      20   0    9436    768    688 S   0.0   0.0   0:00.00 sleep
 234184 root      20   0       0      0      0 I   0.0   0.0   0:00.00 kworker/0:1-events
 234228 root      20   0       0      0      0 I   0.0   0.0   0:00.00 kworker/3:1
 234272 root      20   0       0      0      0 I   0.0   0.0   0:00.00 kworker/2:0-cgroup_destroy
 234404 root      20   0       0      0      0 I   0.0   0.0   0:00.02 kworker/5:0-events
 235691 root      20   0       0      0      0 I   0.0   0.0   0:00.00 kworker/1:1-events
 236264 jetson    20   0   11248   3292   2852 S   0.0   0.0   0:00.03 bash
 238343 root      30  10    9436    780    704 S   0.0   0.0   0:00.00 sleep
 238391 jetson    20   0   11248   3300   2864 S   0.0   0.0   0:00.01 bash
 238443 jetson    20   0    2872    896    800 S   0.0   0.0   0:00.02 tegrastats
 238637 jetson    20   0    9480    820    736 S   0.0   0.0   0:00.00 tail

top - 13:14:14 up  3:37,  0 users,  load average: 10.14, 6.62, 4.87
Tasks: 349 total,   3 running, 346 sleeping,   0 stopped,   0 zombie
%Cpu(s): 44.8 us, 12.2 sy,  0.0 ni, 38.7 id,  0.0 wa,  2.3 hi,  2.1 si,  0.0 st
MiB Mem :   7607.4 total,   2838.2 free,   2022.0 used,   2747.2 buff/cache
MiB Swap:   3803.7 total,   3803.7 free,      0.0 used.   5287.5 avail Mem 

    PID USER      PR  NI    VIRT    RES    SHR S  %CPU  %MEM     TIME+ COMMAND
 238636 jetson    20   0  752576  72044  29576 S  39.4   0.9   0:02.91 python3
  98338 jetson    20   0  709016  64620  27260 R  35.5   0.8  28:09.34 python3
 102583 jetson    20   0  963132  48092  23528 S  30.0   0.6   7:03.67 controller_serv
    969 root      20   0  237044  10204   6400 S  24.1   0.1   1:37.92 polkitd
 238441 jetson    20   0  763896  56128  25416 S  22.2   0.7   0:02.83 ros2
 100721 jetson    20   0 9355252 432708  88656 S  19.2   5.6  12:25.48 nvblox_node
 102592 jetson    20   0  530888  48340  26220 S  14.8   0.6   6:04.29 bt_navigator
  98046 jetson    20   0  710680  66144  27240 R  14.3   0.8  12:10.04 python3
  98044 jetson    20   0 1813628 105436  51328 S  13.8   1.4  10:16.47 realsense2_came
  98048 jetson    20   0  432960  28196  14244 S  13.3   0.4  12:35.78 rplidar_node
  98457 jetson    20   0 1061784  52920  24360 S  12.3   0.7   2:14.95 async_slam_tool
  98340 jetson    20   0  506224  33968  18400 S  10.3   0.4   8:25.90 ekf_node
 102641 jetson    20   0  577392  31872  16252 S  10.3   0.4   7:41.88 lifecycle_manag
  98050 jetson    20   0  708072  65988  27372 S   8.9   0.8   6:06.24 python3
 102581 jetson    20   0  709536  62208  27352 S   8.9   0.8   2:47.77 python3
 102587 jetson    20   0 1209708  95252  42692 S   8.9   1.2   6:49.36 planner_server
 102589 jetson    20   0  516304  37492  21032 S   6.9   0.5   4:56.36 behavior_server
 102585 jetson    20   0  664576  35088  19412 S   5.9   0.5   4:08.69 smoother_server
 102619 jetson    20   0  431272  31524  17020 S   5.4   0.4   3:21.08 waypoint_follow
 102637 jetson    20   0  428576  29080  15960 S   5.4   0.4   3:21.62 velocity_smooth
    828 message+  20   0   10372   5572   3584 S   4.9   0.1   0:22.37 dbus-daemon
  13320 root      20   0 1300240  43896  11392 S   4.9   0.6  14:22.70 micro_ros_agent
    829 root      20   0  264656  18684  14872 S   4.4   0.2   0:20.65 NetworkManager
      1 root      20   0  167628  11764   7444 S   3.0   0.2   0:17.03 systemd
    904 root      rt   0       0      0      0 S   1.0   0.0   0:50.26 sugov:0
   2071 gdm       20   0 3471500 137252  73260 S   1.0   1.8   0:26.67 gnome-shell
 192628 root       0 -20       0      0      0 I   1.0   0.0   0:04.50 kworker/u13:1-uvcvideo
 238442 jetson    20   0   14344   3352   2756 R   1.0   0.0   0:00.12 top
    256 root      19  -1   40648  11528   9920 S   0.5   0.1   0:14.91 systemd-journal
    340 root      20   0   23544   6732   4608 S   0.5   0.1   0:51.99 systemd-udevd
    865 root      20   0 2145956  51992  25768 S   0.5   0.7   0:22.67 snapd
    871 root      20   0   48968   7620   6296 S   0.5   0.1   0:02.00 systemd-logind
    909 root      rt   0       0      0      0 D   0.5   0.0   0:23.72 sugov:4
    983 root      20   0    2460   1556   1380 S   0.5   0.0   0:04.62 nvfancontrol
  12567 root      20   0   21892   5484   3884 S   0.5   0.1   0:13.92 systemd-udevd
  98052 jetson    20   0 1082804  58392  26368 S   0.5   0.7   0:39.03 foxglove_bridge
 102542 jetson    20   0  723188  41844  13224 S   0.5   0.5   0:01.22 ros2
 199974 root      20   0       0      0      0 I   0.5   0.0   0:01.73 kworker/u12:1-events_freezable_power_
 211464 root      20   0       0      0      0 I   0.5   0.0   0:01.26 kworker/u12:7-events_unbound
 238443 jetson    20   0    2872    896    800 S   0.5   0.0   0:00.03 tegrastats
      2 root      20   0       0      0      0 S   0.0   0.0   0:00.02 kthreadd
      3 root       0 -20       0      0      0 I   0.0   0.0   0:00.00 rcu_gp
      4 root       0 -20       0      0      0 I   0.0   0.0   0:00.00 rcu_par_gp
      5 root       0 -20       0      0      0 I   0.0   0.0   0:00.00 slub_flushwq
      6 root       0 -20       0      0      0 I   0.0   0.0   0:00.00 netns
      8 root       0 -20       0      0      0 I   0.0   0.0   0:00.00 kworker/0:0H-events_highpri
     10 root       0 -20       0      0      0 I   0.0   0.0   0:00.00 mm_percpu_wq
     11 root      20   0       0      0      0 S   0.0   0.0   0:00.00 rcu_tasks_kthre
     12 root      20   0       0      0      0 S   0.0   0.0   0:00.00 rcu_tasks_rude_
     13 root      20   0       0      0      0 S   0.0   0.0   0:00.00 rcu_tasks_trace
     14 root      20   0       0      0      0 S   0.0   0.0   0:10.90 ksoftirqd/0
     15 root      20   0       0      0      0 I   0.0   0.0   0:04.54 rcu_preempt
     16 root      rt   0       0      0      0 S   0.0   0.0   0:00.01 migration/0
     17 root      20   0       0      0      0 S   0.0   0.0   0:00.00 cpuhp/0
     18 root      20   0       0      0      0 S   0.0   0.0   0:00.00 cpuhp/1
     19 root      rt   0       0      0      0 S   0.0   0.0   0:00.01 migration/1
     20 root      20   0       0      0      0 S   0.0   0.0   0:00.66 ksoftirqd/1
     22 root       0 -20       0      0      0 I   0.0   0.0   0:00.00 kworker/1:0H-events_highpri
     23 root      20   0       0      0      0 S   0.0   0.0   0:00.00 cpuhp/2
     24 root      rt   0       0      0      0 S   0.0   0.0   0:00.00 migration/2
     25 root      20   0       0      0      0 S   0.0   0.0   0:00.68 ksoftirqd/2
     27 root       0 -20       0      0      0 I   0.0   0.0   0:00.00 kworker/2:0H-events_highpri
     28 root      20   0       0      0      0 S   0.0   0.0   0:00.00 cpuhp/3
     29 root      rt   0       0      0      0 S   0.0   0.0   0:00.00 migration/3
     30 root      20   0       0      0      0 S   0.0   0.0   0:00.62 ksoftirqd/3
     32 root       0 -20       0      0      0 I   0.0   0.0   0:00.00 kworker/3:0H-events_highpri
     33 root      20   0       0      0      0 S   0.0   0.0   0:00.00 cpuhp/4
     34 root      rt   0       0      0      0 S   0.0   0.0   0:00.02 migration/4
     35 root      20   0       0      0      0 S   0.0   0.0   0:00.47 ksoftirqd/4
     37 root       0 -20       0      0      0 I   0.0   0.0   0:00.00 kworker/4:0H-kblockd
     38 root      20   0       0      0      0 S   0.0   0.0   0:00.00 cpuhp/5
     39 root      rt   0       0      0      0 S   0.0   0.0   0:00.03 migration/5
     40 root      20   0       0      0      0 S   0.0   0.0   0:00.47 ksoftirqd/5
     42 root       0 -20       0      0      0 I   0.0   0.0   0:00.00 kworker/5:0H-events_highpri
     43 root      20   0       0      0      0 S   0.0   0.0   0:00.01 kdevtmpfs
     44 root       0 -20       0      0      0 I   0.0   0.0   0:00.00 inet_frag_wq
     51 root      20   0       0      0      0 S   0.0   0.0   0:00.00 kauditd
     52 root      20   0       0      0      0 S   0.0   0.0   0:00.00 oom_reaper
     53 root       0 -20       0      0      0 I   0.0   0.0   0:00.00 writeback
     54 root      20   0       0      0      0 S   0.0   0.0   0:00.10 kcompactd0
     55 root      25   5       0      0      0 S   0.0   0.0   0:00.00 ksmd
     56 root      39  19       0      0      0 S   0.0   0.0   0:01.15 khugepaged
     67 root       0 -20       0      0      0 I   0.0   0.0   0:00.00 cryptd
     86 root       0 -20       0      0      0 I   0.0   0.0   0:00.00 kintegrityd
     87 root       0 -20       0      0      0 I   0.0   0.0   0:00.00 kblockd
     88 root       0 -20       0      0      0 I   0.0   0.0   0:00.00 blkcg_punt_bio
     89 root       0 -20       0      0      0 I   0.0   0.0   0:00.00 tpm_dev_wq
     90 root       0 -20       0      0      0 I   0.0   0.0   0:00.00 ata_sff
     91 root       0 -20       0      0      0 I   0.0   0.0   0:00.00 edac-poller
     92 root       0 -20       0      0      0 I   0.0   0.0   0:00.00 devfreq_wq
     93 root     -51   0       0      0      0 S   0.0   0.0   0:00.00 watchdogd
     96 root       0 -20       0      0      0 I   0.0   0.0   0:00.04 kworker/1:1H-kblockd
     97 root       0 -20       0      0      0 I   0.0   0.0   0:00.00 rpciod
     99 root       0 -20       0      0      0 I   0.0   0.0   0:00.00 xprtiod
    127 root      20   0       0      0      0 S   0.0   0.0   0:00.00 kswapd0
    128 root       0 -20       0      0      0 I   0.0   0.0   0:00.00 nfsiod
    132 root       0 -20       0      0      0 I   0.0   0.0   0:00.00 vfio-irqfd-clea
    133 root       0 -20       0      0      0 I   0.0   0.0   0:00.00 bch_btree_io
    134 root       0 -20       0      0      0 I   0.0   0.0   0:00.00 bcache
    135 root       0 -20       0      0      0 I   0.0   0.0   0:00.00 bch_journal
    136 root       0 -20       0      0      0 I   0.0   0.0   0:00.00 dm_bufio_cache
    137 root      20   0       0      0      0 I   0.0   0.0   0:01.26 kworker/1:2-events
    139 root      20   0       0      0      0 I   0.0   0.0   0:00.75 kworker/2:3-events
    140 root      10 -10       0      0      0 S   0.0   0.0   0:00.00 krfcommd
    141 root      20   0       0      0      0 S   0.0   0.0   0:00.01 pr/tty0
    142 root      20   0       0      0      0 S   0.0   0.0   0:03.04 pr/ttyTCU0
    145 root     -51   0       0      0      0 S   0.0   0.0   0:00.00 irq/114-3160000
    147 root     -51   0       0      0      0 S   0.0   0.0   0:00.00 irq/115-3180000
    149 root     -51   0       0      0      0 S   0.0   0.0   0:00.00 irq/116-31b0000
    150 root     -51   0       0      0      0 S   0.0   0.0   0:00.01 irq/167-c240000
    151 root     -51   0       0      0      0 S   0.0   0.0   0:00.00 irq/168-c250000
    152 root     -51   0       0      0      0 S   0.0   0.0   0:00.00 irq/125-3610000
    153 root     -51   0       0      0      0 S   0.0   0.0   0:00.00 irq/122-3610000
    155 root       0 -20       0      0      0 I   0.0   0.0   0:00.00 sdhci
    156 root     -51   0       0      0      0 S   0.0   0.0   0:00.00 irq/120-mmc0
    157 root     -51   0       0      0      0 S   0.0   0.0   0:00.00 irq/230-3400000
    174 root       0 -20       0      0      0 I   0.0   0.0   0:00.05 kworker/3:1H-kblockd
    180 root     -51   0       0      0      0 S   0.0   0.0   0:00.00 irq/191-tegra-p
    181 root       0 -20       0      0      0 I   0.0   0.0   0:00.00 nvme-wq
    182 root       0 -20       0      0      0 I   0.0   0.0   0:00.00 nvme-reset-wq
    183 root       0 -20       0      0      0 I   0.0   0.0   0:00.00 nvme-delete-wq
    192 root     -51   0       0      0      0 S   0.0   0.0   0:00.00 irq/191-aerdrv
    193 root     -51   0       0      0      0 S   0.0   0.0   0:00.00 irq/193-tegra-p
    196 root     -51   0       0      0      0 S   0.0   0.0   0:00.00 irq/193-aerdrv
    197 root     -51   0       0      0      0 S   0.0   0.0   0:00.00 irq/195-tegra-p
    199 root     -51   0       0      0      0 S   0.0   0.0   0:00.00 irq/232-nvme0q0
    200 root     -51   0       0      0      0 S   0.0   0.0   0:00.22 irq/233-nvme0q1
    201 root     -51   0       0      0      0 S   0.0   0.0   0:00.26 irq/234-nvme0q2
    202 root     -51   0       0      0      0 S   0.0   0.0   0:00.40 irq/235-nvme0q3
    203 root     -51   0       0      0      0 S   0.0   0.0   0:00.52 irq/236-nvme0q4
    204 root     -51   0       0      0      0 S   0.0   0.0   0:00.13 irq/237-nvme0q5
    205 root     -51   0       0      0      0 S   0.0   0.0   0:00.09 irq/238-nvme0q6
    211 root       0 -20       0      0      0 I   0.0   0.0   0:00.05 kworker/4:1H-kblockd
    212 root      20   0       0      0      0 S   0.0   0.0   0:00.74 jbd2/nvme0n1p1-
    213 root       0 -20       0      0      0 I   0.0   0.0   0:00.00 ext4-rsv-conver
    222 root       0 -20       0      0      0 I   0.0   0.0   0:00.00 mld
    223 root       0 -20       0      0      0 I   0.0   0.0   0:00.03 kworker/0:1H-kblockd
    224 root       0 -20       0      0      0 I   0.0   0.0   0:00.00 ipv6_addrconf
    278 root       0 -20       0      0      0 I   0.0   0.0   0:00.06 kworker/2:1H-kblockd
    280 root      39  19       0      0      0 S   0.0   0.0   0:00.40 nvmap-bz
    281 root     -51   0       0      0      0 S   0.0   0.0   0:00.00 irq/188-host1x_
    285 root     -51   0       0      0      0 S   0.0   0.0   0:00.00 irq/197-gk20a_s
    286 root     -51   0       0      0      0 S   0.0   0.0   0:00.01 irq/198-gk20a_s
    287 root     -51   0       0      0      0 S   0.0   0.0   0:00.01 irq/199-gk20a_s
    288 root     -51   0       0      0      0 S   0.0   0.0   0:00.00 irq/200-gk20a_n
    291 root       0 -20       0      0      0 I   0.0   0.0   0:00.04 kworker/5:1H-kblockd
    295 root      20   0   11116   3460   3204 S   0.0   0.0   0:00.00 nv-tee-supplica
    299 root      20   0   76588   1360   1248 S   0.0   0.0   0:00.01 tee-supplicant
    301 root       0 -20       0      0      0 I   0.0   0.0   0:00.00 optee_bus_scan
    303 root     -51   0       0      0      0 S   0.0   0.0   0:00.00 irq/189-tegra-p
    312 root      20   0   23732   6316   4080 S   0.0   0.1   0:15.40 systemd-udevd
    313 root     -51   0       0      0      0 S   0.0   0.0   0:00.00 irq/189-aerdrv
    314 root      20   0   23216   5804   3992 S   0.0   0.1   0:00.37 systemd-udevd
    315 root      20   0   23216   5020   3248 S   0.0   0.1   0:00.15 systemd-udevd
    316 root      20   0   23268   6224   4288 S   0.0   0.1   0:00.16 systemd-udevd
    317 root      20   0   23220   4364   2600 S   0.0   0.1   0:00.11 systemd-udevd
    318 root      20   0   23216   4480   2672 S   0.0   0.1   0:00.12 systemd-udevd
    319 root      20   0   23212   5812   3980 S   0.0   0.1   0:00.28 systemd-udevd
    320 root      20   0   23264   4688   2764 S   0.0   0.1   0:00.13 systemd-udevd
    321 root      20   0   23268   5072   3136 S   0.0   0.1   0:00.18 systemd-udevd
    322 root      20   0   23524   5520   3456 S   0.0   0.1   0:00.26 systemd-udevd
    323 root      20   0   23216   6268   4444 S   0.0   0.1   0:00.35 systemd-udevd
    324 root      20   0   23220   5196   3388 S   0.0   0.1   0:00.16 systemd-udevd
    325 root      20   0   23220   5808   3976 S   0.0   0.1   0:00.35 systemd-udevd
    326 root      20   0   23220   5232   3388 S   0.0   0.1   0:00.38 systemd-udevd
    327 root      20   0   23220   5468   3656 S   0.0   0.1   0:00.18 systemd-udevd
    330 root      20   0   23512   5728   3684 S   0.0   0.1   0:00.14 systemd-udevd
    331 root      20   0   24292   5540   2676 S   0.0   0.1   0:00.16 systemd-udevd
    333 root      20   0   23524   5596   3532 S   0.0   0.1   0:00.26 systemd-udevd
    334 root      20   0   23220   5080   3240 S   0.0   0.1   0:00.24 systemd-udevd
    335 root      20   0   23220   4504   2708 S   0.0   0.1   0:00.11 systemd-udevd
    336 root      20   0   23220   4696   2892 S   0.0   0.1   0:00.14 systemd-udevd
    337 root      20   0   23524   5056   2992 S   0.0   0.1   0:00.16 systemd-udevd
    339 root      20   0   23220   4980   3148 S   0.0   0.1   0:00.17 systemd-udevd
    341 root      20   0   23276   5328   3384 S   0.0   0.1   0:00.13 systemd-udevd
    342 root      20   0   23280   5176   3228 S   0.0   0.1   0:00.13 systemd-udevd
    343 root      20   0   23220   5984   4152 S   0.0   0.1   0:00.29 systemd-udevd
    344 root      20   0   23560   6700   4596 S   0.0   0.1   0:00.46 systemd-udevd
    345 root      20   0       0      0      0 S   0.0   0.0   0:00.00 15820000.crypto
    346 root      20   0       0      0      0 S   0.0   0.0   0:00.00 15840000.crypto
    368 root      20   0   23324   5984   4116 S   0.0   0.1   0:00.38 systemd-udevd
    417 root     -51   0       0      0      0 S   0.0   0.0   0:00.00 irq/219-bc00000
    419 root      -2   0       0      0      0 S   0.0   0.0   0:00.00 capture-control
    420 root      -2   0       0      0      0 S   0.0   0.0   0:00.00 capture
    422 root     -51   0       0      0      0 S   0.0   0.0   0:00.00 irq/214-tegra_d
    423 root     -51   0       0      0      0 S   0.0   0.0   0:00.00 irq/215-tegra_d
    424 root       0 -20       0      0      0 I   0.0   0.0   0:00.00 dce-async-ipc-w
    425 root     -51   0       0      0      0 S   0.0   0.0   0:00.00 irq/240-nvvrs-p
    427 root      20   0       0      0      0 S   0.0   0.0   0:00.00 nv_queue
    428 root      20   0       0      0      0 S   0.0   0.0   0:00.00 nv_queue
    483 root     -51   0       0      0      0 S   0.0   0.0   0:00.00 irq/118-3210000
    487 root      20   0       0      0      0 S   0.0   0.0   0:00.00 spi0
    495 root       0 -20       0      0      0 I   0.0   0.0   0:00.00 cfg80211
    497 root     -51   0       0      0      0 S   0.0   0.0   0:00.00 irq/119-3230000
    498 root      20   0       0      0      0 S   0.0   0.0   0:00.00 spi1
    584 root       0 -20       0      0      0 I   0.0   0.0   0:00.00 btfwwork
    650 root      20   0    8236   6424   1432 S   0.0   0.1   0:00.53 haveged
    653 _rpc      20   0    7932   2264   1912 S   0.0   0.0   0:00.02 rpcbind
    659 systemd+  20   0   26320  13580   8496 S   0.0   0.2   0:00.36 systemd-resolve
    662 systemd+  20   0   88880   6332   5484 S   0.0   0.1   0:00.12 systemd-timesyn
    826 avahi     20   0    8084   3108   2752 S   0.0   0.0   0:00.41 avahi-daemon
    827 root      20   0    9888   4552   4112 S   0.0   0.1   0:00.07 bluetoothd
    838 root      20   0   43504  19780  10232 S   0.0   0.3   0:00.15 networkd-dispat
    849 root      20   0  241652   9056   6312 S   0.0   0.1   0:00.33 power-profiles-
    854 syslog    20   0  222160   5012   3672 S   0.0   0.1   0:02.91 rsyslogd
    859 root      20   0    2240    796    720 S   0.0   0.0   0:00.00 seatd
    867 root      20   0  242124   7452   6576 S   0.0   0.1   0:01.17 accounts-daemon
    869 root      20   0  238128   6232   5620 S   0.0   0.1   0:00.04 switcheroo-cont
    874 root      20   0  394188  13980   9476 S   0.0   0.2   0:00.52 udisksd
    875 root      20   0   16632   9928   8148 S   0.0   0.1   0:00.78 wpa_supplicant
    882 avahi     20   0    7812    356      0 S   0.0   0.0   0:00.00 avahi-daemon
    921 root      30  10   11248   3612   3220 S   0.0   0.0   0:04.81 wifi_mon.sh
   1049 root      20   0       0      0      0 S   0.0   0.0   0:00.00 sw-quiesce
   1052 root      20   0       0      0      0 S   0.0   0.0   0:11.39 nvgpu_channel_p
   1068 root      20   0       0      0      0 S   0.0   0.0   0:00.00 nvgpu_pg_init_g
   1087 root      20   0       0      0      0 S   0.0   0.0   0:00.00 nvgpu_clk_arb_p
   1117 root      20   0       0      0      0 S   0.0   0.0   0:04.38 RTW_CMD_THREAD
   1157 root      20   0   75936   9960   8136 S   0.0   0.1   0:00.01 nvargus-daemon
   1158 root      20   0   11116   3520   3220 S   0.0   0.0   0:00.04 nvmemwarning.sh
   1171 root      20   0   22192   1776   1580 S   0.0   0.0   0:00.00 nvs-service
   1181 ollama    20   0 2006720  39588  20072 S   0.0   0.5   0:00.64 ollama
   1195 root      20   0    2336   1408   1292 S   0.0   0.0   0:01.96 run-cups-browse
   1201 root      20   0    2336   1424   1296 S   0.0   0.0   0:02.02 run-cupsd
   1204 root      20   0       0      0      0 S   0.0   0.0   0:00.00 pr/ramoops-1
   1212 root      20   0 2019288  66636  33572 S   0.0   0.9   0:13.44 containerd
   1239 root      20   0   10772   2824   2576 S   0.0   0.0   0:00.03 cron
   1259 root      20   0  243128   8056   7012 S   0.0   0.1   0:00.02 gdm3
   1263 kernoops  20   0   12812    452      0 S   0.0   0.0   0:00.01 kerneloops
   1290 root      20   0    9468    800    724 S   0.0   0.0   0:00.00 agetty
   1291 kernoops  20   0   12812    452      0 S   0.0   0.0   0:00.01 kerneloops
   1293 root      20   0    9468    804    724 S   0.0   0.0   0:00.00 agetty
   1330 root      20   0  173408   8804   7628 S   0.0   0.1   0:00.02 gdm-session-wor
   1417 root      20   0       0      0      0 S   0.0   0.0   0:00.00 file-storage
   1426 root      20   0   15272   8368   6788 S   0.0   0.1   0:00.38 sshd
   1474 gdm       20   0   18120   9728   7360 S   0.0   0.1   0:00.41 systemd
   1478 root      20   0    3076    992    880 S   0.0   0.0   0:00.00 nvphsd
   1483 root      20   0    3208   1476   1316 S   0.0   0.0   0:00.00 nvphsd
   1497 gdm       20   0  106692   4552      0 S   0.0   0.1   0:00.00 (sd-pam)
   1588 root      20   0 2278700 101092  56496 S   0.0   1.3   0:04.35 dockerd
   1688 gdm        9 -11   41972   6468   5156 S   0.0   0.1   0:00.05 pipewire
   1689 gdm       20   0   25476   6428   5104 S   0.0   0.1   0:00.83 pipewire-media-
   1690 gdm        9 -11  891840  20748  12584 S   0.0   0.3   0:00.69 pulseaudio
   1695 gdm       20   0  163948   5472   4964 S   0.0   0.1   0:00.00 gdm-x-session
   1697 root      20   0   24.2g  80496  35884 S   0.0   1.0   0:01.46 Xorg
   1698 rtkit     21   1  153504   1588   1380 S   0.0   0.0   0:00.19 rtkit-daemon
   1729 gdm       20   0    8840   3600   3212 S   0.0   0.0   0:00.02 dbus-daemon
   1748 root      20   0       0      0      0 S   0.0   0.0   0:00.00 nvidia-modeset/
   1749 root      20   0       0      0      0 S   0.0   0.0   0:00.00 nvidia-modeset/
   1752 root      20   0       0      0      0 S   0.0   0.0   0:00.00 nvidia
   1753 root      20   0       0      0      0 S   0.0   0.0   0:00.00 nv_queue
   1790 root      20   0       0      0      0 S   0.0   0.0   0:00.00 nvidia-drm-nv-t
   1791 root     -51   0       0      0      0 S   0.0   0.0   0:00.00 card1-crtc0
   1792 root     -51   0       0      0      0 S   0.0   0.0   0:00.00 card1-crtc1
   1980 gdm       20   0    5876   1552   1344 S   0.0   0.0   0:00.00 dbus-run-sessio
   1983 gdm       20   0    9108   4440   3588 S   0.0   0.1   0:00.13 dbus-daemon
   2035 gdm       20   0  597840  17824  12972 S   0.0   0.2   0:00.60 gnome-session-b
   2057 gdm       20   0  310068   8976   6272 S   0.0   0.1   0:00.00 at-spi-bus-laun
   2062 gdm       20   0    8692   3556   3168 S   0.0   0.0   0:00.00 dbus-daemon
   2092 gdm       20   0  237676   4964   4528 S   0.0   0.1   0:00.00 xdg-permission-
   2099 root      20   0  243852  10136   6984 S   0.0   0.1   0:00.29 upowerd
   2106 root      20   0  301608  19332  16408 S   0.0   0.2   0:00.86 packagekitd
   2110 gdm       20   0 2812288  25716  20860 S   0.0   0.3   0:00.08 gjs
   2113 gdm       20   0  163144   7196   6428 S   0.0   0.1   0:00.01 at-spi2-registr
   2141 gdm       20   0  468748   9856   7940 S   0.0   0.1   0:01.07 gsd-sharing
   2146 gdm       20   0  338880  14892  12620 S   0.0   0.2   0:00.06 gsd-wacom
   2148 gdm       20   0  451616  18896  16480 S   0.0   0.2   0:00.15 gsd-color
   2150 gdm       20   0  412392  17092  13292 S   0.0   0.2   0:00.04 gsd-keyboard
   2152 gdm       20   0  316864  13188   6244 S   0.0   0.2   0:00.10 ibus-daemon
   2156 gdm       20   0  326124   9848   8488 S   0.0   0.1   0:00.02 gsd-print-notif
   2166 gdm       20   0  242216   6512   5848 S   0.0   0.1   0:00.01 gvfsd
   2168 gdm       20   0  459796   6140   5436 S   0.0   0.1   0:00.31 gsd-rfkill
   2170 gdm       20   0  388312   7432   6528 S   0.0   0.1   0:00.01 gsd-smartcard
   2173 gdm       20   0  380556  16508  12504 S   0.0   0.2   0:00.03 gsd-datetime
   2183 gdm       20   0  864216  20108  17428 S   0.0   0.3   0:00.32 gsd-media-keys
   2184 gdm       20   0  237936   4760   4376 S   0.0   0.1   0:00.01 gsd-screensaver
   2185 gdm       20   0  322096  10392   7320 S   0.0   0.1   0:00.02 gsd-sound
   2186 gdm       20   0  312416   8104   5476 S   0.0   0.1   0:00.01 gsd-a11y-settin
   2193 gdm       20   0  313996   8944   6152 S   0.0   0.1   0:00.56 gsd-housekeepin
   2195 gdm       20   0  450004  20288  15904 S   0.0   0.3   0:00.31 gsd-power
   2218 gdm       20   0  347052  12608  10748 S   0.0   0.2   0:00.03 gsd-printer
   2221 gdm       20   0  239040   6576   5948 S   0.0   0.1   0:00.00 ibus-dconf
   2233 gdm       20   0  238936   5920   5488 S   0.0   0.1   0:00.00 ibus-portal
   2263 colord    20   0  247516  14492   8720 S   0.0   0.2   0:00.22 colord
   2285 gdm       20   0 2812300  27868  20904 S   0.0   0.4   0:00.09 gjs
   2349 gdm       20   0  165096   6516   5892 S   0.0   0.1   0:00.01 ibus-engine-sim
   2508 root      20   0  136716  13172   9512 S   0.0   0.2   0:00.57 cupsd
   2522 root      20   0  260792  17940  13508 S   0.0   0.2   0:01.09 cups-browsed
  11687 jetson    20   0   18140   9764   7368 S   0.0   0.1   0:00.32 systemd
  11688 jetson    20   0  172512   4632      0 S   0.0   0.1   0:00.00 (sd-pam)
  11696 jetson    20   0   41976   6552   5228 S   0.0   0.1   0:00.04 pipewire
  11697 jetson    20   0   25484   6724   5388 S   0.0   0.1   0:00.88 pipewire-media-
  11749 jetson    20   0    8888   3620   3232 S   0.0   0.0   0:00.01 dbus-daemon
  11931 jetson    20   0  706564  62076  26432 S   0.0   0.8   1:05.61 python3
  12473 root      20   0 1233488  14092   6340 S   0.0   0.2   0:01.65 containerd-shim
  12502 jetson    20   0    5508    792    704 S   0.0   0.0   0:00.20 sleep
  12575 root      20   0   21760   4520   2952 S   0.0   0.1   0:28.19 systemd-udevd
  13234 jetson    20   0  203640  35476  13212 S   0.0   0.5   0:00.75 ros2
  13236 jetson    20   0 1996680  34168  17228 S   0.0   0.4   0:00.46 docker
  13238 jetson    20   0  428384  31060  15828 S   0.0   0.4   1:07.61 robot_state_pub
  13265 root      20   0 1232976  11124   5960 S   0.0   0.1   0:01.17 containerd-shim
  13294 root      20   0   49400  29204  14412 S   0.0   0.4   0:00.40 ros2
  13554 root      20   0   21760   4448   2932 S   0.0   0.1   0:00.02 systemd-udevd
  13555 root      20   0   21760   3352   1860 S   0.0   0.0   0:00.00 systemd-udevd
  13568 root      20   0   21760   3376   1864 S   0.0   0.0   0:00.02 systemd-udevd
  13569 root      20   0   21760   4128   2588 S   0.0   0.1   0:00.04 systemd-udevd
  13570 root      20   0   21764   4488   2960 S   0.0   0.1   0:00.04 systemd-udevd
  13571 root      20   0   21764   4104   2588 S   0.0   0.1   0:00.03 systemd-udevd
  13580 root      20   0   21764   4136   2588 S   0.0   0.1   0:00.03 systemd-udevd
  13581 root      20   0   21764   3708   2180 S   0.0   0.0   0:00.00 systemd-udevd
  13582 root      20   0   21764   4252   2704 S   0.0   0.1   0:00.05 systemd-udevd
  13594 root      20   0   21764   3408   1864 S   0.0   0.0   0:00.01 systemd-udevd
  13595 root      20   0   21764   3652   2120 S   0.0   0.0   0:00.02 systemd-udevd
  31399 root      20   0       0      0      0 I   0.0   0.0   0:14.51 kworker/u12:8-events_unbound
  33484 root      20   0       0      0      0 I   0.0   0.0   0:09.51 kworker/u12:0-events_unbound
  34263 root      20   0       0      0      0 I   0.0   0.0   0:11.47 kworker/u12:2-events_freezable_power_
  42253 root      20   0       0      0      0 I   0.0   0.0   0:10.81 kworker/u12:3-devfreq_wq
  49116 root      20   0       0      0      0 I   0.0   0.0   0:00.62 kworker/0:0-events
  51824 root      20   0       0      0      0 I   0.0   0.0   0:01.27 kworker/5:1-events
  59272 root      20   0       0      0      0 I   0.0   0.0   0:01.08 kworker/3:3-events
  85708 root      20   0       0      0      0 I   0.0   0.0   0:00.34 kworker/4:1-events
  90870 root      20   0       0      0      0 I   0.0   0.0   0:08.10 kworker/u12:11-events_unbound
  95815 root      20   0       0      0      0 I   0.0   0.0   0:00.00 kworker/0:2-events
  96157 root      20   0       0      0      0 I   0.0   0.0   0:00.00 kworker/4:2-events
  97402 root      20   0       0      0      0 I   0.0   0.0   0:06.13 kworker/u12:5-events_unbound
  98042 jetson    20   0  572504  36008  13228 S   0.0   0.5   0:01.77 ros2
  98155 root      20   0       0      0      0 I   0.0   0.0   0:00.00 kworker/2:1-events
  98217 root      20   0  238836   6944   5696 S   0.0   0.1   0:01.50 iio-sensor-prox
  98455 jetson    20   0  129772  36116  13228 S   0.0   0.5   0:00.71 ros2
 100055 root      20   0       0      0      0 I   0.0   0.0   0:00.00 kworker/5:2-cgroup_destroy
 100141 root      20   0       0      0      0 I   0.0   0.0   0:06.80 kworker/u12:6-events_freezable_power_
 100706 jetson    20   0   53568  30372  15020 S   0.0   0.4   0:00.43 ros2
 149635 root      20   0       0      0      0 I   0.0   0.0   0:00.00 kworker/3:0-events
 174364 root      20   0       0      0      0 I   0.0   0.0   0:02.42 kworker/u12:4-events_unbound
 205195 root       0 -20       0      0      0 I   0.0   0.0   0:03.40 kworker/u13:0-uvcvideo
 219316 root       0 -20       0      0      0 I   0.0   0.0   0:01.74 kworker/u13:3-uvcvideo
 223411 root      20   0       0      0      0 I   0.0   0.0   0:00.00 kworker/1:0-cgroup_destroy
 225822 root      20   0       0      0      0 I   0.0   0.0   0:00.58 kworker/u12:9-events_freezable_power_
 229418 root      20   0       0      0      0 I   0.0   0.0   0:00.31 kworker/u12:10-events_unbound
 233042 root      20   0    9436    768    688 S   0.0   0.0   0:00.00 sleep
 233444 root       0 -20       0      0      0 I   0.0   0.0   0:00.36 kworker/u13:2-uvcvideo
 234184 root      20   0       0      0      0 I   0.0   0.0   0:00.00 kworker/0:1-events
 234228 root      20   0       0      0      0 I   0.0   0.0   0:00.00 kworker/3:1
 234272 root      20   0       0      0      0 I   0.0   0.0   0:00.00 kworker/2:0-cgroup_destroy
 234404 root      20   0       0      0      0 I   0.0   0.0   0:00.02 kworker/5:0-events
 235691 root      20   0       0      0      0 I   0.0   0.0   0:00.00 kworker/1:1-events
 236264 jetson    20   0   11248   3292   2852 S   0.0   0.0   0:00.03 bash
 238343 root      30  10    9436    780    704 S   0.0   0.0   0:00.00 sleep
 238391 jetson    20   0   11248   3300   2864 S   0.0   0.0   0:00.01 bash
 238637 jetson    20   0    9480    820    736 S   0.0   0.0   0:00.00 tail

top - 13:14:16 up  3:37,  0 users,  load average: 10.14, 6.62, 4.87
Tasks: 349 total,   1 running, 348 sleeping,   0 stopped,   0 zombie
%Cpu(s): 39.7 us, 10.2 sy,  0.0 ni, 45.5 id,  0.0 wa,  2.4 hi,  2.1 si,  0.0 st
MiB Mem :   7607.4 total,   2833.1 free,   2023.0 used,   2751.3 buff/cache
MiB Swap:   3803.7 total,   3803.7 free,      0.0 used.   5286.5 avail Mem 

    PID USER      PR  NI    VIRT    RES    SHR S  %CPU  %MEM     TIME+ COMMAND
 238636 jetson    20   0  752368  72004  29576 S  41.9   0.9   0:03.76 python3
  98338 jetson    20   0  709016  64620  27260 S  35.0   0.8  28:10.05 python3
 102583 jetson    20   0  963132  48092  23528 S  30.0   0.6   7:04.28 controller_serv
 238441 jetson    20   0  763896  56128  25416 S  22.2   0.7   0:03.28 ros2
 100721 jetson    20   0 9355252 432712  88656 S  19.7   5.6  12:25.88 nvblox_node
  98046 jetson    20   0  711320  66672  27240 S  15.8   0.9  12:10.36 python3
 102592 jetson    20   0  530888  48340  26220 S  15.3   0.6   6:04.60 bt_navigator
  98048 jetson    20   0  432960  28196  14244 S  14.3   0.4  12:36.07 rplidar_node
  98044 jetson    20   0 1813628 105436  51328 S  13.3   1.4  10:16.74 realsense2_came
  98340 jetson    20   0  506224  33968  18400 S  11.3   0.4   8:26.13 ekf_node
 102641 jetson    20   0  577392  31872  16252 S  10.3   0.4   7:42.09 lifecycle_manag
  98457 jetson    20   0 1061924  53184  24360 S   9.9   0.7   2:15.15 async_slam_tool
 102587 jetson    20   0 1209708  95856  42692 S   9.9   1.2   6:49.56 planner_server
  98050 jetson    20   0  708072  65988  27372 S   8.9   0.8   6:06.42 python3
 102581 jetson    20   0  709536  62208  27352 S   8.9   0.8   2:47.95 python3
 102589 jetson    20   0  516304  37492  21032 S   6.9   0.5   4:56.50 behavior_server
 102585 jetson    20   0  664576  35096  19412 S   6.4   0.5   4:08.82 smoother_server
 102637 jetson    20   0  428576  29080  15960 S   5.9   0.4   3:21.74 velocity_smooth
 102619 jetson    20   0  431272  31524  17020 S   5.4   0.4   3:21.19 waypoint_follow
  13320 root      20   0 1300240  43896  11392 S   4.4   0.6  14:22.79 micro_ros_agent
    904 root      rt   0       0      0      0 S   1.5   0.0   0:50.29 sugov:0
    909 root      rt   0       0      0      0 S   1.5   0.0   0:23.75 sugov:4
 238442 jetson    20   0   14344   3352   2756 R   1.0   0.0   0:00.14 top
    312 root      20   0   23732   6316   4080 S   0.5   0.1   0:15.41 systemd-udevd
    340 root      20   0   23544   6732   4608 S   0.5   0.1   0:52.00 systemd-udevd
  12575 root      20   0   21760   4520   2952 S   0.5   0.1   0:28.20 systemd-udevd
  34263 root      20   0       0      0      0 I   0.5   0.0   0:11.48 kworker/u12:2-devfreq_wq
  97402 root      20   0       0      0      0 I   0.5   0.0   0:06.14 kworker/u12:5-events_freezable_power_
  98052 jetson    20   0 1082804  58392  26368 S   0.5   0.7   0:39.04 foxglove_bridge
 102542 jetson    20   0  723188  41844  13224 S   0.5   0.5   0:01.23 ros2
 192628 root       0 -20       0      0      0 I   0.5   0.0   0:04.51 kworker/u13:1-uvcvideo
 205195 root       0 -20       0      0      0 I   0.5   0.0   0:03.41 kworker/u13:0-uvcvideo
 211464 root      20   0       0      0      0 I   0.5   0.0   0:01.27 kworker/u12:7-events_freezable_power_
 234404 root      20   0       0      0      0 I   0.5   0.0   0:00.03 kworker/5:0-events
      1 root      20   0  167628  11764   7444 S   0.0   0.2   0:17.03 systemd
      2 root      20   0       0      0      0 S   0.0   0.0   0:00.02 kthreadd
      3 root       0 -20       0      0      0 I   0.0   0.0   0:00.00 rcu_gp
      4 root       0 -20       0      0      0 I   0.0   0.0   0:00.00 rcu_par_gp
      5 root       0 -20       0      0      0 I   0.0   0.0   0:00.00 slub_flushwq
      6 root       0 -20       0      0      0 I   0.0   0.0   0:00.00 netns
      8 root       0 -20       0      0      0 I   0.0   0.0   0:00.00 kworker/0:0H-events_highpri
     10 root       0 -20       0      0      0 I   0.0   0.0   0:00.00 mm_percpu_wq
     11 root      20   0       0      0      0 S   0.0   0.0   0:00.00 rcu_tasks_kthre
     12 root      20   0       0      0      0 S   0.0   0.0   0:00.00 rcu_tasks_rude_
     13 root      20   0       0      0      0 S   0.0   0.0   0:00.00 rcu_tasks_trace
     14 root      20   0       0      0      0 S   0.0   0.0   0:10.90 ksoftirqd/0
     15 root      20   0       0      0      0 I   0.0   0.0   0:04.54 rcu_preempt
     16 root      rt   0       0      0      0 S   0.0   0.0   0:00.01 migration/0
     17 root      20   0       0      0      0 S   0.0   0.0   0:00.00 cpuhp/0
     18 root      20   0       0      0      0 S   0.0   0.0   0:00.00 cpuhp/1
     19 root      rt   0       0      0      0 S   0.0   0.0   0:00.01 migration/1
     20 root      20   0       0      0      0 S   0.0   0.0   0:00.66 ksoftirqd/1
     22 root       0 -20       0      0      0 I   0.0   0.0   0:00.00 kworker/1:0H-events_highpri
     23 root      20   0       0      0      0 S   0.0   0.0   0:00.00 cpuhp/2
     24 root      rt   0       0      0      0 S   0.0   0.0   0:00.00 migration/2
     25 root      20   0       0      0      0 S   0.0   0.0   0:00.68 ksoftirqd/2
     27 root       0 -20       0      0      0 I   0.0   0.0   0:00.00 kworker/2:0H-events_highpri
     28 root      20   0       0      0      0 S   0.0   0.0   0:00.00 cpuhp/3
     29 root      rt   0       0      0      0 S   0.0   0.0   0:00.00 migration/3
     30 root      20   0       0      0      0 S   0.0   0.0   0:00.62 ksoftirqd/3
     32 root       0 -20       0      0      0 I   0.0   0.0   0:00.00 kworker/3:0H-events_highpri
     33 root      20   0       0      0      0 S   0.0   0.0   0:00.00 cpuhp/4
     34 root      rt   0       0      0      0 S   0.0   0.0   0:00.02 migration/4
     35 root      20   0       0      0      0 S   0.0   0.0   0:00.47 ksoftirqd/4
     37 root       0 -20       0      0      0 I   0.0   0.0   0:00.00 kworker/4:0H-kblockd
     38 root      20   0       0      0      0 S   0.0   0.0   0:00.00 cpuhp/5
     39 root      rt   0       0      0      0 S   0.0   0.0   0:00.03 migration/5
     40 root      20   0       0      0      0 S   0.0   0.0   0:00.47 ksoftirqd/5
     42 root       0 -20       0      0      0 I   0.0   0.0   0:00.00 kworker/5:0H-events_highpri
     43 root      20   0       0      0      0 S   0.0   0.0   0:00.01 kdevtmpfs
     44 root       0 -20       0      0      0 I   0.0   0.0   0:00.00 inet_frag_wq
     51 root      20   0       0      0      0 S   0.0   0.0   0:00.00 kauditd
     52 root      20   0       0      0      0 S   0.0   0.0   0:00.00 oom_reaper
     53 root       0 -20       0      0      0 I   0.0   0.0   0:00.00 writeback
     54 root      20   0       0      0      0 S   0.0   0.0   0:00.10 kcompactd0
     55 root      25   5       0      0      0 S   0.0   0.0   0:00.00 ksmd
     56 root      39  19       0      0      0 S   0.0   0.0   0:01.15 khugepaged
     67 root       0 -20       0      0      0 I   0.0   0.0   0:00.00 cryptd
     86 root       0 -20       0      0      0 I   0.0   0.0   0:00.00 kintegrityd
     87 root       0 -20       0      0      0 I   0.0   0.0   0:00.00 kblockd
     88 root       0 -20       0      0      0 I   0.0   0.0   0:00.00 blkcg_punt_bio
     89 root       0 -20       0      0      0 I   0.0   0.0   0:00.00 tpm_dev_wq
     90 root       0 -20       0      0      0 I   0.0   0.0   0:00.00 ata_sff
     91 root       0 -20       0      0      0 I   0.0   0.0   0:00.00 edac-poller
     92 root       0 -20       0      0      0 I   0.0   0.0   0:00.00 devfreq_wq
     93 root     -51   0       0      0      0 S   0.0   0.0   0:00.00 watchdogd
     96 root       0 -20       0      0      0 I   0.0   0.0   0:00.04 kworker/1:1H-kblockd
     97 root       0 -20       0      0      0 I   0.0   0.0   0:00.00 rpciod
     99 root       0 -20       0      0      0 I   0.0   0.0   0:00.00 xprtiod
    127 root      20   0       0      0      0 S   0.0   0.0   0:00.00 kswapd0
    128 root       0 -20       0      0      0 I   0.0   0.0   0:00.00 nfsiod
    132 root       0 -20       0      0      0 I   0.0   0.0   0:00.00 vfio-irqfd-clea
    133 root       0 -20       0      0      0 I   0.0   0.0   0:00.00 bch_btree_io
    134 root       0 -20       0      0      0 I   0.0   0.0   0:00.00 bcache
    135 root       0 -20       0      0      0 I   0.0   0.0   0:00.00 bch_journal
    136 root       0 -20       0      0      0 I   0.0   0.0   0:00.00 dm_bufio_cache
    137 root      20   0       0      0      0 I   0.0   0.0   0:01.26 kworker/1:2-events
    139 root      20   0       0      0      0 I   0.0   0.0   0:00.75 kworker/2:3-events
    140 root      10 -10       0      0      0 S   0.0   0.0   0:00.00 krfcommd
    141 root      20   0       0      0      0 S   0.0   0.0   0:00.01 pr/tty0
    142 root      20   0       0      0      0 S   0.0   0.0   0:03.04 pr/ttyTCU0
    145 root     -51   0       0      0      0 S   0.0   0.0   0:00.00 irq/114-3160000
    147 root     -51   0       0      0      0 S   0.0   0.0   0:00.00 irq/115-3180000
    149 root     -51   0       0      0      0 S   0.0   0.0   0:00.00 irq/116-31b0000
    150 root     -51   0       0      0      0 S   0.0   0.0   0:00.01 irq/167-c240000
    151 root     -51   0       0      0      0 S   0.0   0.0   0:00.00 irq/168-c250000
    152 root     -51   0       0      0      0 S   0.0   0.0   0:00.00 irq/125-3610000
    153 root     -51   0       0      0      0 S   0.0   0.0   0:00.00 irq/122-3610000
    155 root       0 -20       0      0      0 I   0.0   0.0   0:00.00 sdhci
    156 root     -51   0       0      0      0 S   0.0   0.0   0:00.00 irq/120-mmc0
    157 root     -51   0       0      0      0 S   0.0   0.0   0:00.00 irq/230-3400000
    174 root       0 -20       0      0      0 I   0.0   0.0   0:00.05 kworker/3:1H-kblockd
    180 root     -51   0       0      0      0 S   0.0   0.0   0:00.00 irq/191-tegra-p
    181 root       0 -20       0      0      0 I   0.0   0.0   0:00.00 nvme-wq
    182 root       0 -20       0      0      0 I   0.0   0.0   0:00.00 nvme-reset-wq
    183 root       0 -20       0      0      0 I   0.0   0.0   0:00.00 nvme-delete-wq
    192 root     -51   0       0      0      0 S   0.0   0.0   0:00.00 irq/191-aerdrv
    193 root     -51   0       0      0      0 S   0.0   0.0   0:00.00 irq/193-tegra-p
    196 root     -51   0       0      0      0 S   0.0   0.0   0:00.00 irq/193-aerdrv
    197 root     -51   0       0      0      0 S   0.0   0.0   0:00.00 irq/195-tegra-p
    199 root     -51   0       0      0      0 S   0.0   0.0   0:00.00 irq/232-nvme0q0
    200 root     -51   0       0      0      0 S   0.0   0.0   0:00.22 irq/233-nvme0q1
    201 root     -51   0       0      0      0 S   0.0   0.0   0:00.26 irq/234-nvme0q2
    202 root     -51   0       0      0      0 S   0.0   0.0   0:00.40 irq/235-nvme0q3
    203 root     -51   0       0      0      0 S   0.0   0.0   0:00.52 irq/236-nvme0q4
    204 root     -51   0       0      0      0 S   0.0   0.0   0:00.13 irq/237-nvme0q5
    205 root     -51   0       0      0      0 S   0.0   0.0   0:00.09 irq/238-nvme0q6
    211 root       0 -20       0      0      0 I   0.0   0.0   0:00.05 kworker/4:1H-kblockd
    212 root      20   0       0      0      0 S   0.0   0.0   0:00.74 jbd2/nvme0n1p1-
    213 root       0 -20       0      0      0 I   0.0   0.0   0:00.00 ext4-rsv-conver
    222 root       0 -20       0      0      0 I   0.0   0.0   0:00.00 mld
    223 root       0 -20       0      0      0 I   0.0   0.0   0:00.03 kworker/0:1H-kblockd
    224 root       0 -20       0      0      0 I   0.0   0.0   0:00.00 ipv6_addrconf
    256 root      19  -1   40648  11528   9920 S   0.0   0.1   0:14.91 systemd-journal
    278 root       0 -20       0      0      0 I   0.0   0.0   0:00.06 kworker/2:1H-kblockd
    280 root      39  19       0      0      0 S   0.0   0.0   0:00.40 nvmap-bz
    281 root     -51   0       0      0      0 S   0.0   0.0   0:00.00 irq/188-host1x_
    285 root     -51   0       0      0      0 S   0.0   0.0   0:00.00 irq/197-gk20a_s
    286 root     -51   0       0      0      0 S   0.0   0.0   0:00.01 irq/198-gk20a_s
    287 root     -51   0       0      0      0 S   0.0   0.0   0:00.01 irq/199-gk20a_s
    288 root     -51   0       0      0      0 S   0.0   0.0   0:00.00 irq/200-gk20a_n
    291 root       0 -20       0      0      0 I   0.0   0.0   0:00.04 kworker/5:1H-kblockd
    295 root      20   0   11116   3460   3204 S   0.0   0.0   0:00.00 nv-tee-supplica
    299 root      20   0   76588   1360   1248 S   0.0   0.0   0:00.01 tee-supplicant
    301 root       0 -20       0      0      0 I   0.0   0.0   0:00.00 optee_bus_scan
    303 root     -51   0       0      0      0 S   0.0   0.0   0:00.00 irq/189-tegra-p
    313 root     -51   0       0      0      0 S   0.0   0.0   0:00.00 irq/189-aerdrv
    314 root      20   0   23216   5804   3992 S   0.0   0.1   0:00.37 systemd-udevd
    315 root      20   0   23216   5020   3248 S   0.0   0.1   0:00.15 systemd-udevd
    316 root      20   0   23268   6224   4288 S   0.0   0.1   0:00.16 systemd-udevd
    317 root      20   0   23220   4364   2600 S   0.0   0.1   0:00.11 systemd-udevd
    318 root      20   0   23216   4480   2672 S   0.0   0.1   0:00.12 systemd-udevd
    319 root      20   0   23212   5812   3980 S   0.0   0.1   0:00.28 systemd-udevd
    320 root      20   0   23264   4688   2764 S   0.0   0.1   0:00.13 systemd-udevd
    321 root      20   0   23268   5072   3136 S   0.0   0.1   0:00.18 systemd-udevd
    322 root      20   0   23524   5520   3456 S   0.0   0.1   0:00.26 systemd-udevd
    323 root      20   0   23216   6268   4444 S   0.0   0.1   0:00.35 systemd-udevd
    324 root      20   0   23220   5196   3388 S   0.0   0.1   0:00.16 systemd-udevd
    325 root      20   0   23220   5808   3976 S   0.0   0.1   0:00.35 systemd-udevd
    326 root      20   0   23220   5232   3388 S   0.0   0.1   0:00.38 systemd-udevd
    327 root      20   0   23220   5468   3656 S   0.0   0.1   0:00.18 systemd-udevd
    330 root      20   0   23512   5728   3684 S   0.0   0.1   0:00.14 systemd-udevd
    331 root      20   0   24292   5540   2676 S   0.0   0.1   0:00.16 systemd-udevd
    333 root      20   0   23524   5596   3532 S   0.0   0.1   0:00.26 systemd-udevd
    334 root      20   0   23220   5080   3240 S   0.0   0.1   0:00.24 systemd-udevd
    335 root      20   0   23220   4504   2708 S   0.0   0.1   0:00.11 systemd-udevd
    336 root      20   0   23220   4696   2892 S   0.0   0.1   0:00.14 systemd-udevd
    337 root      20   0   23524   5056   2992 S   0.0   0.1   0:00.16 systemd-udevd
    339 root      20   0   23220   4980   3148 S   0.0   0.1   0:00.17 systemd-udevd
    341 root      20   0   23276   5328   3384 S   0.0   0.1   0:00.13 systemd-udevd
    342 root      20   0   23280   5176   3228 S   0.0   0.1   0:00.13 systemd-udevd
    343 root      20   0   23220   5984   4152 S   0.0   0.1   0:00.29 systemd-udevd
    344 root      20   0   23560   6700   4596 S   0.0   0.1   0:00.46 systemd-udevd
    345 root      20   0       0      0      0 S   0.0   0.0   0:00.00 15820000.crypto
    346 root      20   0       0      0      0 S   0.0   0.0   0:00.00 15840000.crypto
    368 root      20   0   23324   5984   4116 S   0.0   0.1   0:00.38 systemd-udevd
    417 root     -51   0       0      0      0 S   0.0   0.0   0:00.00 irq/219-bc00000
    419 root      -2   0       0      0      0 S   0.0   0.0   0:00.00 capture-control
    420 root      -2   0       0      0      0 S   0.0   0.0   0:00.00 capture
    422 root     -51   0       0      0      0 S   0.0   0.0   0:00.00 irq/214-tegra_d
    423 root     -51   0       0      0      0 S   0.0   0.0   0:00.00 irq/215-tegra_d
    424 root       0 -20       0      0      0 I   0.0   0.0   0:00.00 dce-async-ipc-w
    425 root     -51   0       0      0      0 S   0.0   0.0   0:00.00 irq/240-nvvrs-p
    427 root      20   0       0      0      0 S   0.0   0.0   0:00.00 nv_queue
    428 root      20   0       0      0      0 S   0.0   0.0   0:00.00 nv_queue
    483 root     -51   0       0      0      0 S   0.0   0.0   0:00.00 irq/118-3210000
    487 root      20   0       0      0      0 S   0.0   0.0   0:00.00 spi0
    495 root       0 -20       0      0      0 I   0.0   0.0   0:00.00 cfg80211
    497 root     -51   0       0      0      0 S   0.0   0.0   0:00.00 irq/119-3230000
    498 root      20   0       0      0      0 S   0.0   0.0   0:00.00 spi1
    584 root       0 -20       0      0      0 I   0.0   0.0   0:00.00 btfwwork
    650 root      20   0    8236   6424   1432 S   0.0   0.1   0:00.53 haveged
    653 _rpc      20   0    7932   2264   1912 S   0.0   0.0   0:00.02 rpcbind
    659 systemd+  20   0   26320  13580   8496 S   0.0   0.2   0:00.36 systemd-resolve
    662 systemd+  20   0   88880   6332   5484 S   0.0   0.1   0:00.12 systemd-timesyn
    826 avahi     20   0    8084   3108   2752 S   0.0   0.0   0:00.41 avahi-daemon
    827 root      20   0    9888   4552   4112 S   0.0   0.1   0:00.07 bluetoothd
    828 message+  20   0   10372   5572   3584 S   0.0   0.1   0:22.37 dbus-daemon
    829 root      20   0  264656  18684  14872 S   0.0   0.2   0:20.65 NetworkManager
    838 root      20   0   43504  19780  10232 S   0.0   0.3   0:00.15 networkd-dispat
    849 root      20   0  241652   9056   6312 S   0.0   0.1   0:00.33 power-profiles-
    854 syslog    20   0  222160   5012   3672 S   0.0   0.1   0:02.91 rsyslogd
    859 root      20   0    2240    796    720 S   0.0   0.0   0:00.00 seatd
    865 root      20   0 2145956  51992  25768 S   0.0   0.7   0:22.67 snapd
    867 root      20   0  242124   7452   6576 S   0.0   0.1   0:01.17 accounts-daemon
    869 root      20   0  238128   6232   5620 S   0.0   0.1   0:00.04 switcheroo-cont
    871 root      20   0   48968   7620   6296 S   0.0   0.1   0:02.00 systemd-logind
    874 root      20   0  394188  13980   9476 S   0.0   0.2   0:00.52 udisksd
    875 root      20   0   16632   9928   8148 S   0.0   0.1   0:00.78 wpa_supplicant
    882 avahi     20   0    7812    356      0 S   0.0   0.0   0:00.00 avahi-daemon
    921 root      30  10   11248   3612   3220 S   0.0   0.0   0:04.81 wifi_mon.sh
    969 root      20   0  237044  10204   6400 S   0.0   0.1   1:37.92 polkitd
    983 root      20   0    2460   1556   1380 S   0.0   0.0   0:04.62 nvfancontrol
   1049 root      20   0       0      0      0 S   0.0   0.0   0:00.00 sw-quiesce
   1052 root      20   0       0      0      0 S   0.0   0.0   0:11.39 nvgpu_channel_p
   1068 root      20   0       0      0      0 S   0.0   0.0   0:00.00 nvgpu_pg_init_g
   1087 root      20   0       0      0      0 S   0.0   0.0   0:00.00 nvgpu_clk_arb_p
   1117 root      20   0       0      0      0 S   0.0   0.0   0:04.38 RTW_CMD_THREAD
   1157 root      20   0   75936   9960   8136 S   0.0   0.1   0:00.01 nvargus-daemon
   1158 root      20   0   11116   3520   3220 S   0.0   0.0   0:00.04 nvmemwarning.sh
   1171 root      20   0   22192   1776   1580 S   0.0   0.0   0:00.00 nvs-service
   1181 ollama    20   0 2006720  39588  20072 S   0.0   0.5   0:00.64 ollama
   1195 root      20   0    2336   1408   1292 S   0.0   0.0   0:01.96 run-cups-browse
   1201 root      20   0    2336   1424   1296 S   0.0   0.0   0:02.02 run-cupsd
   1204 root      20   0       0      0      0 S   0.0   0.0   0:00.00 pr/ramoops-1
   1212 root      20   0 2019288  66636  33572 S   0.0   0.9   0:13.44 containerd
   1239 root      20   0   10772   2824   2576 S   0.0   0.0   0:00.03 cron
   1259 root      20   0  243128   8056   7012 S   0.0   0.1   0:00.02 gdm3
   1263 kernoops  20   0   12812    452      0 S   0.0   0.0   0:00.01 kerneloops
   1290 root      20   0    9468    800    724 S   0.0   0.0   0:00.00 agetty
   1291 kernoops  20   0   12812    452      0 S   0.0   0.0   0:00.01 kerneloops
   1293 root      20   0    9468    804    724 S   0.0   0.0   0:00.00 agetty
   1330 root      20   0  173408   8804   7628 S   0.0   0.1   0:00.02 gdm-session-wor
   1417 root      20   0       0      0      0 S   0.0   0.0   0:00.00 file-storage
   1426 root      20   0   15272   8368   6788 S   0.0   0.1   0:00.38 sshd
   1474 gdm       20   0   18120   9728   7360 S   0.0   0.1   0:00.41 systemd
   1478 root      20   0    3076    992    880 S   0.0   0.0   0:00.00 nvphsd
   1483 root      20   0    3208   1476   1316 S   0.0   0.0   0:00.00 nvphsd
   1497 gdm       20   0  106692   4552      0 S   0.0   0.1   0:00.00 (sd-pam)
   1588 root      20   0 2278700 101092  56496 S   0.0   1.3   0:04.35 dockerd
   1688 gdm        9 -11   41972   6468   5156 S   0.0   0.1   0:00.05 pipewire
   1689 gdm       20   0   25476   6428   5104 S   0.0   0.1   0:00.83 pipewire-media-
   1690 gdm        9 -11  891840  20748  12584 S   0.0   0.3   0:00.69 pulseaudio
   1695 gdm       20   0  163948   5472   4964 S   0.0   0.1   0:00.00 gdm-x-session
   1697 root      20   0   24.2g  80496  35884 S   0.0   1.0   0:01.46 Xorg
   1698 rtkit     21   1  153504   1588   1380 S   0.0   0.0   0:00.19 rtkit-daemon
   1729 gdm       20   0    8840   3600   3212 S   0.0   0.0   0:00.02 dbus-daemon
   1748 root      20   0       0      0      0 S   0.0   0.0   0:00.00 nvidia-modeset/
   1749 root      20   0       0      0      0 S   0.0   0.0   0:00.00 nvidia-modeset/
   1752 root      20   0       0      0      0 S   0.0   0.0   0:00.00 nvidia
   1753 root      20   0       0      0      0 S   0.0   0.0   0:00.00 nv_queue
   1790 root      20   0       0      0      0 S   0.0   0.0   0:00.00 nvidia-drm-nv-t
   1791 root     -51   0       0      0      0 S   0.0   0.0   0:00.00 card1-crtc0
   1792 root     -51   0       0      0      0 S   0.0   0.0   0:00.00 card1-crtc1
   1980 gdm       20   0    5876   1552   1344 S   0.0   0.0   0:00.00 dbus-run-sessio
   1983 gdm       20   0    9108   4440   3588 S   0.0   0.1   0:00.13 dbus-daemon
   2035 gdm       20   0  597840  17824  12972 S   0.0   0.2   0:00.60 gnome-session-b
   2057 gdm       20   0  310068   8976   6272 S   0.0   0.1   0:00.00 at-spi-bus-laun
   2062 gdm       20   0    8692   3556   3168 S   0.0   0.0   0:00.00 dbus-daemon
   2071 gdm       20   0 3471500 137252  73260 S   0.0   1.8   0:26.67 gnome-shell
   2092 gdm       20   0  237676   4964   4528 S   0.0   0.1   0:00.00 xdg-permission-
   2099 root      20   0  243852  10136   6984 S   0.0   0.1   0:00.29 upowerd
   2106 root      20   0  301608  19332  16408 S   0.0   0.2   0:00.86 packagekitd
   2110 gdm       20   0 2812288  25716  20860 S   0.0   0.3   0:00.08 gjs
   2113 gdm       20   0  163144   7196   6428 S   0.0   0.1   0:00.01 at-spi2-registr
   2141 gdm       20   0  468748   9856   7940 S   0.0   0.1   0:01.07 gsd-sharing
   2146 gdm       20   0  338880  14892  12620 S   0.0   0.2   0:00.06 gsd-wacom
   2148 gdm       20   0  451616  18896  16480 S   0.0   0.2   0:00.15 gsd-color
   2150 gdm       20   0  412392  17092  13292 S   0.0   0.2   0:00.04 gsd-keyboard
   2152 gdm       20   0  316864  13188   6244 S   0.0   0.2   0:00.10 ibus-daemon
   2156 gdm       20   0  326124   9848   8488 S   0.0   0.1   0:00.02 gsd-print-notif
   2166 gdm       20   0  242216   6512   5848 S   0.0   0.1   0:00.01 gvfsd
   2168 gdm       20   0  459796   6140   5436 S   0.0   0.1   0:00.31 gsd-rfkill
   2170 gdm       20   0  388312   7432   6528 S   0.0   0.1   0:00.01 gsd-smartcard
   2173 gdm       20   0  380556  16508  12504 S   0.0   0.2   0:00.03 gsd-datetime
   2183 gdm       20   0  864216  20108  17428 S   0.0   0.3   0:00.32 gsd-media-keys
   2184 gdm       20   0  237936   4760   4376 S   0.0   0.1   0:00.01 gsd-screensaver
   2185 gdm       20   0  322096  10392   7320 S   0.0   0.1   0:00.02 gsd-sound
   2186 gdm       20   0  312416   8104   5476 S   0.0   0.1   0:00.01 gsd-a11y-settin
   2193 gdm       20   0  313996   8944   6152 S   0.0   0.1   0:00.56 gsd-housekeepin
   2195 gdm       20   0  450004  20288  15904 S   0.0   0.3   0:00.31 gsd-power
   2218 gdm       20   0  347052  12608  10748 S   0.0   0.2   0:00.03 gsd-printer
   2221 gdm       20   0  239040   6576   5948 S   0.0   0.1   0:00.00 ibus-dconf
   2233 gdm       20   0  238936   5920   5488 S   0.0   0.1   0:00.00 ibus-portal
   2263 colord    20   0  247516  14492   8720 S   0.0   0.2   0:00.22 colord
   2285 gdm       20   0 2812300  27868  20904 S   0.0   0.4   0:00.09 gjs
   2349 gdm       20   0  165096   6516   5892 S   0.0   0.1   0:00.01 ibus-engine-sim
   2508 root      20   0  136716  13172   9512 S   0.0   0.2   0:00.57 cupsd
   2522 root      20   0  260792  17940  13508 S   0.0   0.2   0:01.09 cups-browsed
  11687 jetson    20   0   18140   9764   7368 S   0.0   0.1   0:00.32 systemd
  11688 jetson    20   0  172512   4632      0 S   0.0   0.1   0:00.00 (sd-pam)
  11696 jetson    20   0   41976   6552   5228 S   0.0   0.1   0:00.04 pipewire
  11697 jetson    20   0   25484   6724   5388 S   0.0   0.1   0:00.88 pipewire-media-
  11749 jetson    20   0    8888   3620   3232 S   0.0   0.0   0:00.01 dbus-daemon
  11931 jetson    20   0  706564  62076  26432 S   0.0   0.8   1:05.61 python3
  12473 root      20   0 1233488  14092   6340 S   0.0   0.2   0:01.65 containerd-shim
  12502 jetson    20   0    5508    792    704 S   0.0   0.0   0:00.20 sleep
  12567 root      20   0   21892   5484   3884 S   0.0   0.1   0:13.92 systemd-udevd
  13234 jetson    20   0  203640  35476  13212 S   0.0   0.5   0:00.75 ros2
  13236 jetson    20   0 1996680  34168  17228 S   0.0   0.4   0:00.46 docker
  13238 jetson    20   0  428384  31060  15828 S   0.0   0.4   1:07.61 robot_state_pub
  13265 root      20   0 1232976  11124   5960 S   0.0   0.1   0:01.17 containerd-shim
  13294 root      20   0   49400  29204  14412 S   0.0   0.4   0:00.40 ros2
  13554 root      20   0   21760   4448   2932 S   0.0   0.1   0:00.02 systemd-udevd
  13555 root      20   0   21760   3352   1860 S   0.0   0.0   0:00.00 systemd-udevd
  13568 root      20   0   21760   3376   1864 S   0.0   0.0   0:00.02 systemd-udevd
  13569 root      20   0   21760   4128   2588 S   0.0   0.1   0:00.04 systemd-udevd
  13570 root      20   0   21764   4488   2960 S   0.0   0.1   0:00.04 systemd-udevd
  13571 root      20   0   21764   4104   2588 S   0.0   0.1   0:00.03 systemd-udevd
  13580 root      20   0   21764   4136   2588 S   0.0   0.1   0:00.03 systemd-udevd
  13581 root      20   0   21764   3708   2180 S   0.0   0.0   0:00.00 systemd-udevd
  13582 root      20   0   21764   4252   2704 S   0.0   0.1   0:00.05 systemd-udevd
  13594 root      20   0   21764   3408   1864 S   0.0   0.0   0:00.01 systemd-udevd
  13595 root      20   0   21764   3652   2120 S   0.0   0.0   0:00.02 systemd-udevd
  31399 root      20   0       0      0      0 I   0.0   0.0   0:14.51 kworker/u12:8-events_unbound
  33484 root      20   0       0      0      0 I   0.0   0.0   0:09.51 kworker/u12:0-events_unbound
  42253 root      20   0       0      0      0 I   0.0   0.0   0:10.81 kworker/u12:3-events_unbound
  49116 root      20   0       0      0      0 I   0.0   0.0   0:00.62 kworker/0:0-events
  51824 root      20   0       0      0      0 I   0.0   0.0   0:01.27 kworker/5:1-events
  59272 root      20   0       0      0      0 I   0.0   0.0   0:01.08 kworker/3:3-events
  85708 root      20   0       0      0      0 I   0.0   0.0   0:00.34 kworker/4:1-events
  90870 root      20   0       0      0      0 I   0.0   0.0   0:08.10 kworker/u12:11-events_unbound
  95815 root      20   0       0      0      0 I   0.0   0.0   0:00.00 kworker/0:2-events
  96157 root      20   0       0      0      0 I   0.0   0.0   0:00.00 kworker/4:2-events
  98042 jetson    20   0  572504  36008  13228 S   0.0   0.5   0:01.77 ros2
  98155 root      20   0       0      0      0 I   0.0   0.0   0:00.00 kworker/2:1-events
  98217 root      20   0  238836   6944   5696 S   0.0   0.1   0:01.50 iio-sensor-prox
  98455 jetson    20   0  129772  36116  13228 S   0.0   0.5   0:00.71 ros2
 100055 root      20   0       0      0      0 I   0.0   0.0   0:00.00 kworker/5:2-cgroup_destroy
 100141 root      20   0       0      0      0 I   0.0   0.0   0:06.80 kworker/u12:6-events_freezable_power_
 100706 jetson    20   0   53568  30372  15020 S   0.0   0.4   0:00.43 ros2
 149635 root      20   0       0      0      0 I   0.0   0.0   0:00.00 kworker/3:0-events
 174364 root      20   0       0      0      0 I   0.0   0.0   0:02.42 kworker/u12:4-events_unbound
 199974 root      20   0       0      0      0 I   0.0   0.0   0:01.73 kworker/u12:1-events_unbound
 219316 root       0 -20       0      0      0 I   0.0   0.0   0:01.74 kworker/u13:3-uvcvideo
 223411 root      20   0       0      0      0 I   0.0   0.0   0:00.00 kworker/1:0-cgroup_destroy
 225822 root      20   0       0      0      0 I   0.0   0.0   0:00.58 kworker/u12:9-events_freezable_power_
 229418 root      20   0       0      0      0 I   0.0   0.0   0:00.31 kworker/u12:10-events_freezable_power_
 233042 root      20   0    9436    768    688 S   0.0   0.0   0:00.00 sleep
 233444 root       0 -20       0      0      0 I   0.0   0.0   0:00.36 kworker/u13:2-uvcvideo
 234184 root      20   0       0      0      0 I   0.0   0.0   0:00.00 kworker/0:1-events
 234228 root      20   0       0      0      0 I   0.0   0.0   0:00.00 kworker/3:1
 234272 root      20   0       0      0      0 I   0.0   0.0   0:00.00 kworker/2:0-cgroup_destroy
 235691 root      20   0       0      0      0 I   0.0   0.0   0:00.00 kworker/1:1-events
 236264 jetson    20   0   11248   3292   2852 S   0.0   0.0   0:00.03 bash
 238343 root      30  10    9436    780    704 S   0.0   0.0   0:00.00 sleep
 238391 jetson    20   0   11248   3300   2864 S   0.0   0.0   0:00.01 bash
 238443 jetson    20   0    2872    896    800 S   0.0   0.0   0:00.03 tegrastats
 238637 jetson    20   0    9480    820    736 S   0.0   0.0   0:00.00 tail

top - 13:14:18 up  3:37,  0 users,  load average: 9.88, 6.63, 4.89
Tasks: 351 total,   5 running, 346 sleeping,   0 stopped,   0 zombie
%Cpu(s): 39.8 us, 12.6 sy,  0.1 ni, 43.2 id,  0.0 wa,  2.3 hi,  2.0 si,  0.0 st
MiB Mem :   7607.4 total,   2833.1 free,   2023.0 used,   2751.3 buff/cache
MiB Swap:   3803.7 total,   3803.7 free,      0.0 used.   5286.5 avail Mem 

    PID USER      PR  NI    VIRT    RES    SHR S  %CPU  %MEM     TIME+ COMMAND
 238636 jetson    20   0  752128  71796  29576 R  41.1   0.9   0:04.59 python3
  98338 jetson    20   0  709016  64620  27260 S  34.7   0.8  28:10.75 python3
 102583 jetson    20   0  963132  48216  23528 R  31.7   0.6   7:04.92 controller_serv
 238441 jetson    20   0  763896  56128  25416 S  22.8   0.7   0:03.74 ros2
 100721 jetson    20   0 9355252 432712  88656 S  19.8   5.6  12:26.28 nvblox_node
  98046 jetson    20   0  711560  66916  27240 S  14.9   0.9  12:10.66 python3
 102592 jetson    20   0  530888  48340  26220 S  14.9   0.6   6:04.90 bt_navigator
  98044 jetson    20   0 1813632 105696  51328 S  13.9   1.4  10:17.02 realsense2_came
  98048 jetson    20   0  432960  28196  14244 S  13.9   0.4  12:36.35 rplidar_node
  98340 jetson    20   0  506224  33968  18400 S  10.9   0.4   8:26.35 ekf_node
 102641 jetson    20   0  577392  31872  16252 S  10.9   0.4   7:42.31 lifecycle_manag
 102587 jetson    20   0 1210040  96112  42692 R   9.4   1.2   6:49.75 planner_server
 102581 jetson    20   0  709536  62208  27352 R   8.9   0.8   2:48.13 python3
  98050 jetson    20   0  708072  65988  27372 S   8.4   0.8   6:06.59 python3
 102589 jetson    20   0  516304  37492  21032 S   6.9   0.5   4:56.64 behavior_server
  98457 jetson    20   0 1061924  53184  24360 S   6.4   0.7   2:15.28 async_slam_tool
 102585 jetson    20   0  664576  35108  19412 S   5.9   0.5   4:08.94 smoother_server
 102637 jetson    20   0  428576  29080  15960 S   5.9   0.4   3:21.86 velocity_smooth
 102619 jetson    20   0  431272  31524  17020 S   5.4   0.4   3:21.30 waypoint_follow
  13320 root      20   0 1300240  43896  11392 S   4.5   0.6  14:22.88 micro_ros_agent
    969 root      20   0  237044  10204   6400 S   4.0   0.1   1:38.00 polkitd
 239086 root      20   0   18576   9600   7668 S   4.0   0.1   0:00.08 sshd
    828 message+  20   0   10372   5572   3584 S   1.5   0.1   0:22.40 dbus-daemon
    909 root      rt   0       0      0      0 S   1.5   0.0   0:23.78 sugov:4
    829 root      20   0  264656  18684  14872 S   1.0   0.2   0:20.67 NetworkManager
    904 root      rt   0       0      0      0 S   1.0   0.0   0:50.31 sugov:0
   2071 gdm       20   0 3471500 137252  73260 S   1.0   1.8   0:26.69 gnome-shell
 233444 root       0 -20       0      0      0 I   1.0   0.0   0:00.38 kworker/u13:2-uvcvideo
 238442 jetson    20   0   14344   3352   2756 R   1.0   0.0   0:00.16 top
      1 root      20   0  167628  11764   7444 S   0.5   0.2   0:17.04 systemd
    340 root      20   0   23544   6732   4608 S   0.5   0.1   0:52.01 systemd-udevd
    826 avahi     20   0    8084   3108   2752 S   0.5   0.0   0:00.42 avahi-daemon
    849 root      20   0  241652   9056   6312 S   0.5   0.1   0:00.34 power-profiles-
  59272 root      20   0       0      0      0 I   0.5   0.0   0:01.09 kworker/3:3-cgroup_destroy
  90870 root      20   0       0      0      0 I   0.5   0.0   0:08.11 kworker/u12:11-events_unbound
 102542 jetson    20   0  723188  41844  13224 S   0.5   0.5   0:01.24 ros2
 211464 root      20   0       0      0      0 I   0.5   0.0   0:01.28 kworker/u12:7-events_freezable_power_
 225822 root      20   0       0      0      0 I   0.5   0.0   0:00.59 kworker/u12:9-events_freezable_power_
      2 root      20   0       0      0      0 S   0.0   0.0   0:00.02 kthreadd
      3 root       0 -20       0      0      0 I   0.0   0.0   0:00.00 rcu_gp
      4 root       0 -20       0      0      0 I   0.0   0.0   0:00.00 rcu_par_gp
      5 root       0 -20       0      0      0 I   0.0   0.0   0:00.00 slub_flushwq
      6 root       0 -20       0      0      0 I   0.0   0.0   0:00.00 netns
      8 root       0 -20       0      0      0 I   0.0   0.0   0:00.00 kworker/0:0H-events_highpri
     10 root       0 -20       0      0      0 I   0.0   0.0   0:00.00 mm_percpu_wq
     11 root      20   0       0      0      0 S   0.0   0.0   0:00.00 rcu_tasks_kthre
     12 root      20   0       0      0      0 S   0.0   0.0   0:00.00 rcu_tasks_rude_
     13 root      20   0       0      0      0 S   0.0   0.0   0:00.00 rcu_tasks_trace
     14 root      20   0       0      0      0 S   0.0   0.0   0:10.90 ksoftirqd/0
     15 root      20   0       0      0      0 I   0.0   0.0   0:04.54 rcu_preempt
     16 root      rt   0       0      0      0 S   0.0   0.0   0:00.01 migration/0
     17 root      20   0       0      0      0 S   0.0   0.0   0:00.00 cpuhp/0
     18 root      20   0       0      0      0 S   0.0   0.0   0:00.00 cpuhp/1
     19 root      rt   0       0      0      0 S   0.0   0.0   0:00.01 migration/1
     20 root      20   0       0      0      0 S   0.0   0.0   0:00.66 ksoftirqd/1
     22 root       0 -20       0      0      0 I   0.0   0.0   0:00.00 kworker/1:0H-events_highpri
     23 root      20   0       0      0      0 S   0.0   0.0   0:00.00 cpuhp/2
     24 root      rt   0       0      0      0 S   0.0   0.0   0:00.00 migration/2
     25 root      20   0       0      0      0 S   0.0   0.0   0:00.68 ksoftirqd/2
     27 root       0 -20       0      0      0 I   0.0   0.0   0:00.00 kworker/2:0H-events_highpri
     28 root      20   0       0      0      0 S   0.0   0.0   0:00.00 cpuhp/3
     29 root      rt   0       0      0      0 S   0.0   0.0   0:00.00 migration/3
     30 root      20   0       0      0      0 S   0.0   0.0   0:00.62 ksoftirqd/3
     32 root       0 -20       0      0      0 I   0.0   0.0   0:00.00 kworker/3:0H-events_highpri
     33 root      20   0       0      0      0 S   0.0   0.0   0:00.00 cpuhp/4
     34 root      rt   0       0      0      0 S   0.0   0.0   0:00.02 migration/4
     35 root      20   0       0      0      0 S   0.0   0.0   0:00.47 ksoftirqd/4
     37 root       0 -20       0      0      0 I   0.0   0.0   0:00.00 kworker/4:0H-kblockd
     38 root      20   0       0      0      0 S   0.0   0.0   0:00.00 cpuhp/5
     39 root      rt   0       0      0      0 S   0.0   0.0   0:00.03 migration/5
     40 root      20   0       0      0      0 S   0.0   0.0   0:00.47 ksoftirqd/5
     42 root       0 -20       0      0      0 I   0.0   0.0   0:00.00 kworker/5:0H-events_highpri
     43 root      20   0       0      0      0 S   0.0   0.0   0:00.01 kdevtmpfs
     44 root       0 -20       0      0      0 I   0.0   0.0   0:00.00 inet_frag_wq
     51 root      20   0       0      0      0 S   0.0   0.0   0:00.00 kauditd
     52 root      20   0       0      0      0 S   0.0   0.0   0:00.00 oom_reaper
     53 root       0 -20       0      0      0 I   0.0   0.0   0:00.00 writeback
     54 root      20   0       0      0      0 S   0.0   0.0   0:00.10 kcompactd0
     55 root      25   5       0      0      0 S   0.0   0.0   0:00.00 ksmd
     56 root      39  19       0      0      0 S   0.0   0.0   0:01.15 khugepaged
     67 root       0 -20       0      0      0 I   0.0   0.0   0:00.00 cryptd
     86 root       0 -20       0      0      0 I   0.0   0.0   0:00.00 kintegrityd
     87 root       0 -20       0      0      0 I   0.0   0.0   0:00.00 kblockd
     88 root       0 -20       0      0      0 I   0.0   0.0   0:00.00 blkcg_punt_bio
     89 root       0 -20       0      0      0 I   0.0   0.0   0:00.00 tpm_dev_wq
     90 root       0 -20       0      0      0 I   0.0   0.0   0:00.00 ata_sff
     91 root       0 -20       0      0      0 I   0.0   0.0   0:00.00 edac-poller
     92 root       0 -20       0      0      0 I   0.0   0.0   0:00.00 devfreq_wq
     93 root     -51   0       0      0      0 S   0.0   0.0   0:00.00 watchdogd
     96 root       0 -20       0      0      0 I   0.0   0.0   0:00.04 kworker/1:1H-kblockd
     97 root       0 -20       0      0      0 I   0.0   0.0   0:00.00 rpciod
     99 root       0 -20       0      0      0 I   0.0   0.0   0:00.00 xprtiod
    127 root      20   0       0      0      0 S   0.0   0.0   0:00.00 kswapd0
    128 root       0 -20       0      0      0 I   0.0   0.0   0:00.00 nfsiod
    132 root       0 -20       0      0      0 I   0.0   0.0   0:00.00 vfio-irqfd-clea
    133 root       0 -20       0      0      0 I   0.0   0.0   0:00.00 bch_btree_io
    134 root       0 -20       0      0      0 I   0.0   0.0   0:00.00 bcache
    135 root       0 -20       0      0      0 I   0.0   0.0   0:00.00 bch_journal
    136 root       0 -20       0      0      0 I   0.0   0.0   0:00.00 dm_bufio_cache
    137 root      20   0       0      0      0 I   0.0   0.0   0:01.26 kworker/1:2-events
    139 root      20   0       0      0      0 I   0.0   0.0   0:00.75 kworker/2:3-events
    140 root      10 -10       0      0      0 S   0.0   0.0   0:00.00 krfcommd
    141 root      20   0       0      0      0 S   0.0   0.0   0:00.01 pr/tty0
    142 root      20   0       0      0      0 S   0.0   0.0   0:03.04 pr/ttyTCU0
    145 root     -51   0       0      0      0 S   0.0   0.0   0:00.00 irq/114-3160000
    147 root     -51   0       0      0      0 S   0.0   0.0   0:00.00 irq/115-3180000
    149 root     -51   0       0      0      0 S   0.0   0.0   0:00.00 irq/116-31b0000
    150 root     -51   0       0      0      0 S   0.0   0.0   0:00.01 irq/167-c240000
    151 root     -51   0       0      0      0 S   0.0   0.0   0:00.00 irq/168-c250000
    152 root     -51   0       0      0      0 S   0.0   0.0   0:00.00 irq/125-3610000
    153 root     -51   0       0      0      0 S   0.0   0.0   0:00.00 irq/122-3610000
    155 root       0 -20       0      0      0 I   0.0   0.0   0:00.00 sdhci
    156 root     -51   0       0      0      0 S   0.0   0.0   0:00.00 irq/120-mmc0
    157 root     -51   0       0      0      0 S   0.0   0.0   0:00.00 irq/230-3400000
    174 root       0 -20       0      0      0 I   0.0   0.0   0:00.05 kworker/3:1H-kblockd
    180 root     -51   0       0      0      0 S   0.0   0.0   0:00.00 irq/191-tegra-p
    181 root       0 -20       0      0      0 I   0.0   0.0   0:00.00 nvme-wq
    182 root       0 -20       0      0      0 I   0.0   0.0   0:00.00 nvme-reset-wq
    183 root       0 -20       0      0      0 I   0.0   0.0   0:00.00 nvme-delete-wq
    192 root     -51   0       0      0      0 S   0.0   0.0   0:00.00 irq/191-aerdrv
    193 root     -51   0       0      0      0 S   0.0   0.0   0:00.00 irq/193-tegra-p
    196 root     -51   0       0      0      0 S   0.0   0.0   0:00.00 irq/193-aerdrv
    197 root     -51   0       0      0      0 S   0.0   0.0   0:00.00 irq/195-tegra-p
    199 root     -51   0       0      0      0 S   0.0   0.0   0:00.00 irq/232-nvme0q0
    200 root     -51   0       0      0      0 S   0.0   0.0   0:00.22 irq/233-nvme0q1
    201 root     -51   0       0      0      0 S   0.0   0.0   0:00.26 irq/234-nvme0q2
    202 root     -51   0       0      0      0 S   0.0   0.0   0:00.40 irq/235-nvme0q3
    203 root     -51   0       0      0      0 S   0.0   0.0   0:00.52 irq/236-nvme0q4
    204 root     -51   0       0      0      0 S   0.0   0.0   0:00.13 irq/237-nvme0q5
    205 root     -51   0       0      0      0 S   0.0   0.0   0:00.09 irq/238-nvme0q6
    211 root       0 -20       0      0      0 I   0.0   0.0   0:00.05 kworker/4:1H-kblockd
    212 root      20   0       0      0      0 S   0.0   0.0   0:00.74 jbd2/nvme0n1p1-
    213 root       0 -20       0      0      0 I   0.0   0.0   0:00.00 ext4-rsv-conver
    222 root       0 -20       0      0      0 I   0.0   0.0   0:00.00 mld
    223 root       0 -20       0      0      0 I   0.0   0.0   0:00.03 kworker/0:1H-kblockd
    224 root       0 -20       0      0      0 I   0.0   0.0   0:00.00 ipv6_addrconf
    256 root      19  -1   40648  11528   9920 S   0.0   0.1   0:14.91 systemd-journal
    278 root       0 -20       0      0      0 I   0.0   0.0   0:00.06 kworker/2:1H-kblockd
    280 root      39  19       0      0      0 S   0.0   0.0   0:00.40 nvmap-bz
    281 root     -51   0       0      0      0 S   0.0   0.0   0:00.00 irq/188-host1x_
    285 root     -51   0       0      0      0 S   0.0   0.0   0:00.00 irq/197-gk20a_s
    286 root     -51   0       0      0      0 S   0.0   0.0   0:00.01 irq/198-gk20a_s
    287 root     -51   0       0      0      0 S   0.0   0.0   0:00.01 irq/199-gk20a_s
    288 root     -51   0       0      0      0 S   0.0   0.0   0:00.00 irq/200-gk20a_n
    291 root       0 -20       0      0      0 I   0.0   0.0   0:00.04 kworker/5:1H-kblockd
    295 root      20   0   11116   3460   3204 S   0.0   0.0   0:00.00 nv-tee-supplica
    299 root      20   0   76588   1360   1248 S   0.0   0.0   0:00.01 tee-supplicant
    301 root       0 -20       0      0      0 I   0.0   0.0   0:00.00 optee_bus_scan
    303 root     -51   0       0      0      0 S   0.0   0.0   0:00.00 irq/189-tegra-p
    312 root      20   0   23732   6316   4080 S   0.0   0.1   0:15.41 systemd-udevd
    313 root     -51   0       0      0      0 S   0.0   0.0   0:00.00 irq/189-aerdrv
    314 root      20   0   23216   5804   3992 S   0.0   0.1   0:00.37 systemd-udevd
    315 root      20   0   23216   5020   3248 S   0.0   0.1   0:00.15 systemd-udevd
    316 root      20   0   23268   6224   4288 S   0.0   0.1   0:00.16 systemd-udevd
    317 root      20   0   23220   4364   2600 S   0.0   0.1   0:00.11 systemd-udevd
    318 root      20   0   23216   4480   2672 S   0.0   0.1   0:00.12 systemd-udevd
    319 root      20   0   23212   5812   3980 S   0.0   0.1   0:00.28 systemd-udevd
    320 root      20   0   23264   4688   2764 S   0.0   0.1   0:00.13 systemd-udevd
    321 root      20   0   23268   5072   3136 S   0.0   0.1   0:00.18 systemd-udevd
    322 root      20   0   23524   5520   3456 S   0.0   0.1   0:00.26 systemd-udevd
    323 root      20   0   23216   6268   4444 S   0.0   0.1   0:00.35 systemd-udevd
    324 root      20   0   23220   5196   3388 S   0.0   0.1   0:00.16 systemd-udevd
    325 root      20   0   23220   5808   3976 S   0.0   0.1   0:00.35 systemd-udevd
    326 root      20   0   23220   5232   3388 S   0.0   0.1   0:00.38 systemd-udevd
    327 root      20   0   23220   5468   3656 S   0.0   0.1   0:00.18 systemd-udevd
    330 root      20   0   23512   5728   3684 S   0.0   0.1   0:00.14 systemd-udevd
    331 root      20   0   24292   5540   2676 S   0.0   0.1   0:00.16 systemd-udevd
    333 root      20   0   23524   5596   3532 S   0.0   0.1   0:00.26 systemd-udevd
    334 root      20   0   23220   5080   3240 S   0.0   0.1   0:00.24 systemd-udevd
    335 root      20   0   23220   4504   2708 S   0.0   0.1   0:00.11 systemd-udevd
    336 root      20   0   23220   4696   2892 S   0.0   0.1   0:00.14 systemd-udevd
    337 root      20   0   23524   5056   2992 S   0.0   0.1   0:00.16 systemd-udevd
    339 root      20   0   23220   4980   3148 S   0.0   0.1   0:00.17 systemd-udevd
    341 root      20   0   23276   5328   3384 S   0.0   0.1   0:00.13 systemd-udevd
    342 root      20   0   23280   5176   3228 S   0.0   0.1   0:00.13 systemd-udevd
    343 root      20   0   23220   5984   4152 S   0.0   0.1   0:00.29 systemd-udevd
    344 root      20   0   23560   6700   4596 S   0.0   0.1   0:00.46 systemd-udevd
    345 root      20   0       0      0      0 S   0.0   0.0   0:00.00 15820000.crypto
    346 root      20   0       0      0      0 S   0.0   0.0   0:00.00 15840000.crypto
    368 root      20   0   23324   5984   4116 S   0.0   0.1   0:00.38 systemd-udevd
    417 root     -51   0       0      0      0 S   0.0   0.0   0:00.00 irq/219-bc00000
    419 root      -2   0       0      0      0 S   0.0   0.0   0:00.00 capture-control
    420 root      -2   0       0      0      0 S   0.0   0.0   0:00.00 capture
    422 root     -51   0       0      0      0 S   0.0   0.0   0:00.00 irq/214-tegra_d
    423 root     -51   0       0      0      0 S   0.0   0.0   0:00.00 irq/215-tegra_d
    424 root       0 -20       0      0      0 I   0.0   0.0   0:00.00 dce-async-ipc-w
    425 root     -51   0       0      0      0 S   0.0   0.0   0:00.00 irq/240-nvvrs-p
    427 root      20   0       0      0      0 S   0.0   0.0   0:00.00 nv_queue
    428 root      20   0       0      0      0 S   0.0   0.0   0:00.00 nv_queue
    483 root     -51   0       0      0      0 S   0.0   0.0   0:00.00 irq/118-3210000
    487 root      20   0       0      0      0 S   0.0   0.0   0:00.00 spi0
    495 root       0 -20       0      0      0 I   0.0   0.0   0:00.00 cfg80211
    497 root     -51   0       0      0      0 S   0.0   0.0   0:00.00 irq/119-3230000
    498 root      20   0       0      0      0 S   0.0   0.0   0:00.00 spi1
    584 root       0 -20       0      0      0 I   0.0   0.0   0:00.00 btfwwork
    650 root      20   0    8236   6424   1432 S   0.0   0.1   0:00.53 haveged
    653 _rpc      20   0    7932   2264   1912 S   0.0   0.0   0:00.02 rpcbind
    659 systemd+  20   0   26320  13580   8496 S   0.0   0.2   0:00.36 systemd-resolve
    662 systemd+  20   0   88880   6332   5484 S   0.0   0.1   0:00.12 systemd-timesyn
    827 root      20   0    9888   4552   4112 S   0.0   0.1   0:00.07 bluetoothd
    838 root      20   0   43504  19780  10232 S   0.0   0.3   0:00.15 networkd-dispat
    854 syslog    20   0  222160   5012   3672 S   0.0   0.1   0:02.91 rsyslogd
    859 root      20   0    2240    796    720 S   0.0   0.0   0:00.00 seatd
    865 root      20   0 2145956  51992  25768 S   0.0   0.7   0:22.67 snapd
    867 root      20   0  242124   7452   6576 S   0.0   0.1   0:01.17 accounts-daemon
    869 root      20   0  238128   6232   5620 S   0.0   0.1   0:00.04 switcheroo-cont
    871 root      20   0   48968   7620   6296 S   0.0   0.1   0:02.00 systemd-logind
    874 root      20   0  394188  13980   9476 S   0.0   0.2   0:00.52 udisksd
    875 root      20   0   16632   9928   8148 S   0.0   0.1   0:00.78 wpa_supplicant
    882 avahi     20   0    7812    356      0 S   0.0   0.0   0:00.00 avahi-daemon
    921 root      30  10   11248   3612   3220 S   0.0   0.0   0:04.81 wifi_mon.sh
    983 root      20   0    2460   1556   1380 S   0.0   0.0   0:04.62 nvfancontrol
   1049 root      20   0       0      0      0 S   0.0   0.0   0:00.00 sw-quiesce
   1052 root      20   0       0      0      0 S   0.0   0.0   0:11.39 nvgpu_channel_p
   1068 root      20   0       0      0      0 S   0.0   0.0   0:00.00 nvgpu_pg_init_g
   1087 root      20   0       0      0      0 S   0.0   0.0   0:00.00 nvgpu_clk_arb_p
   1117 root      20   0       0      0      0 S   0.0   0.0   0:04.38 RTW_CMD_THREAD
   1157 root      20   0   75936   9960   8136 S   0.0   0.1   0:00.01 nvargus-daemon
   1158 root      20   0   11116   3520   3220 S   0.0   0.0   0:00.04 nvmemwarning.sh
   1171 root      20   0   22192   1776   1580 S   0.0   0.0   0:00.00 nvs-service
   1181 ollama    20   0 2006720  39588  20072 S   0.0   0.5   0:00.64 ollama
   1195 root      20   0    2336   1408   1292 S   0.0   0.0   0:01.96 run-cups-browse
   1201 root      20   0    2336   1424   1296 S   0.0   0.0   0:02.02 run-cupsd
   1204 root      20   0       0      0      0 S   0.0   0.0   0:00.00 pr/ramoops-1
   1212 root      20   0 2019288  66636  33572 S   0.0   0.9   0:13.44 containerd
   1239 root      20   0   10772   2824   2576 S   0.0   0.0   0:00.03 cron
   1259 root      20   0  243128   8056   7012 S   0.0   0.1   0:00.02 gdm3
   1263 kernoops  20   0   12812    452      0 S   0.0   0.0   0:00.01 kerneloops
   1290 root      20   0    9468    800    724 S   0.0   0.0   0:00.00 agetty
   1291 kernoops  20   0   12812    452      0 S   0.0   0.0   0:00.01 kerneloops
   1293 root      20   0    9468    804    724 S   0.0   0.0   0:00.00 agetty
   1330 root      20   0  173408   8804   7628 S   0.0   0.1   0:00.02 gdm-session-wor
   1417 root      20   0       0      0      0 S   0.0   0.0   0:00.00 file-storage
   1426 root      20   0   15272   8368   6788 S   0.0   0.1   0:00.38 sshd
   1474 gdm       20   0   18120   9728   7360 S   0.0   0.1   0:00.41 systemd
   1478 root      20   0    3076    992    880 S   0.0   0.0   0:00.00 nvphsd
   1483 root      20   0    3208   1476   1316 S   0.0   0.0   0:00.00 nvphsd
   1497 gdm       20   0  106692   4552      0 S   0.0   0.1   0:00.00 (sd-pam)
   1588 root      20   0 2278700 101092  56496 S   0.0   1.3   0:04.35 dockerd
   1688 gdm        9 -11   41972   6468   5156 S   0.0   0.1   0:00.05 pipewire
   1689 gdm       20   0   25476   6428   5104 S   0.0   0.1   0:00.83 pipewire-media-
   1690 gdm        9 -11  891840  20748  12584 S   0.0   0.3   0:00.69 pulseaudio
   1695 gdm       20   0  163948   5472   4964 S   0.0   0.1   0:00.00 gdm-x-session
   1697 root      20   0   24.2g  80496  35884 S   0.0   1.0   0:01.46 Xorg
   1698 rtkit     21   1  153504   1588   1380 S   0.0   0.0   0:00.19 rtkit-daemon
   1729 gdm       20   0    8840   3600   3212 S   0.0   0.0   0:00.02 dbus-daemon
   1748 root      20   0       0      0      0 S   0.0   0.0   0:00.00 nvidia-modeset/
   1749 root      20   0       0      0      0 S   0.0   0.0   0:00.00 nvidia-modeset/
   1752 root      20   0       0      0      0 S   0.0   0.0   0:00.00 nvidia
   1753 root      20   0       0      0      0 S   0.0   0.0   0:00.00 nv_queue
   1790 root      20   0       0      0      0 S   0.0   0.0   0:00.00 nvidia-drm-nv-t
   1791 root     -51   0       0      0      0 S   0.0   0.0   0:00.00 card1-crtc0
   1792 root     -51   0       0      0      0 S   0.0   0.0   0:00.00 card1-crtc1
   1980 gdm       20   0    5876   1552   1344 S   0.0   0.0   0:00.00 dbus-run-sessio
   1983 gdm       20   0    9108   4440   3588 S   0.0   0.1   0:00.13 dbus-daemon
   2035 gdm       20   0  597840  17824  12972 S   0.0   0.2   0:00.60 gnome-session-b
   2057 gdm       20   0  310068   8976   6272 S   0.0   0.1   0:00.00 at-spi-bus-laun
   2062 gdm       20   0    8692   3556   3168 S   0.0   0.0   0:00.00 dbus-daemon
   2092 gdm       20   0  237676   4964   4528 S   0.0   0.1   0:00.00 xdg-permission-
   2099 root      20   0  243852  10136   6984 S   0.0   0.1   0:00.29 upowerd
   2106 root      20   0  301608  19332  16408 S   0.0   0.2   0:00.86 packagekitd
   2110 gdm       20   0 2812288  25716  20860 S   0.0   0.3   0:00.08 gjs
   2113 gdm       20   0  163144   7196   6428 S   0.0   0.1   0:00.01 at-spi2-registr
   2141 gdm       20   0  468748   9856   7940 S   0.0   0.1   0:01.07 gsd-sharing
   2146 gdm       20   0  338880  14892  12620 S   0.0   0.2   0:00.06 gsd-wacom
   2148 gdm       20   0  451616  18896  16480 S   0.0   0.2   0:00.15 gsd-color
   2150 gdm       20   0  412392  17092  13292 S   0.0   0.2   0:00.04 gsd-keyboard
   2152 gdm       20   0  316864  13188   6244 S   0.0   0.2   0:00.10 ibus-daemon
   2156 gdm       20   0  326124   9848   8488 S   0.0   0.1   0:00.02 gsd-print-notif
   2166 gdm       20   0  242216   6512   5848 S   0.0   0.1   0:00.01 gvfsd
   2168 gdm       20   0  459796   6140   5436 S   0.0   0.1   0:00.31 gsd-rfkill
   2170 gdm       20   0  388312   7432   6528 S   0.0   0.1   0:00.01 gsd-smartcard
   2173 gdm       20   0  380556  16508  12504 S   0.0   0.2   0:00.03 gsd-datetime
   2183 gdm       20   0  864216  20108  17428 S   0.0   0.3   0:00.32 gsd-media-keys
   2184 gdm       20   0  237936   4760   4376 S   0.0   0.1   0:00.01 gsd-screensaver
   2185 gdm       20   0  322096  10392   7320 S   0.0   0.1   0:00.02 gsd-sound
   2186 gdm       20   0  312416   8104   5476 S   0.0   0.1   0:00.01 gsd-a11y-settin
   2193 gdm       20   0  313996   8944   6152 S   0.0   0.1   0:00.56 gsd-housekeepin
   2195 gdm       20   0  450004  20288  15904 S   0.0   0.3   0:00.31 gsd-power
   2218 gdm       20   0  347052  12608  10748 S   0.0   0.2   0:00.03 gsd-printer
   2221 gdm       20   0  239040   6576   5948 S   0.0   0.1   0:00.00 ibus-dconf
   2233 gdm       20   0  238936   5920   5488 S   0.0   0.1   0:00.00 ibus-portal
   2263 colord    20   0  247516  14492   8720 S   0.0   0.2   0:00.22 colord
   2285 gdm       20   0 2812300  27868  20904 S   0.0   0.4   0:00.09 gjs
   2349 gdm       20   0  165096   6516   5892 S   0.0   0.1   0:00.01 ibus-engine-sim
   2508 root      20   0  136716  13172   9512 S   0.0   0.2   0:00.57 cupsd
   2522 root      20   0  260792  17940  13508 S   0.0   0.2   0:01.09 cups-browsed
  11687 jetson    20   0   18140   9764   7368 S   0.0   0.1   0:00.32 systemd
  11688 jetson    20   0  172512   4632      0 S   0.0   0.1   0:00.00 (sd-pam)
  11696 jetson    20   0   41976   6552   5228 S   0.0   0.1   0:00.04 pipewire
  11697 jetson    20   0   25484   6724   5388 S   0.0   0.1   0:00.88 pipewire-media-
  11749 jetson    20   0    8888   3620   3232 S   0.0   0.0   0:00.01 dbus-daemon
  11931 jetson    20   0  706564  62076  26432 S   0.0   0.8   1:05.61 python3
  12473 root      20   0 1233488  14092   6340 S   0.0   0.2   0:01.65 containerd-shim
  12502 jetson    20   0    5508    792    704 S   0.0   0.0   0:00.20 sleep
  12567 root      20   0   21892   5484   3884 S   0.0   0.1   0:13.92 systemd-udevd
  12575 root      20   0   21760   4520   2952 S   0.0   0.1   0:28.20 systemd-udevd
  13234 jetson    20   0  203640  35476  13212 S   0.0   0.5   0:00.75 ros2
  13236 jetson    20   0 1996680  34168  17228 S   0.0   0.4   0:00.46 docker
  13238 jetson    20   0  428384  31060  15828 S   0.0   0.4   1:07.61 robot_state_pub
  13265 root      20   0 1232976  11124   5960 S   0.0   0.1   0:01.17 containerd-shim
  13294 root      20   0   49400  29204  14412 S   0.0   0.4   0:00.40 ros2
  13554 root      20   0   21760   4448   2932 S   0.0   0.1   0:00.02 systemd-udevd
  13555 root      20   0   21760   3352   1860 S   0.0   0.0   0:00.00 systemd-udevd
  13568 root      20   0   21760   3376   1864 S   0.0   0.0   0:00.02 systemd-udevd
  13569 root      20   0   21760   4128   2588 S   0.0   0.1   0:00.04 systemd-udevd
  13570 root      20   0   21764   4488   2960 S   0.0   0.1   0:00.04 systemd-udevd
  13571 root      20   0   21764   4104   2588 S   0.0   0.1   0:00.03 systemd-udevd
  13580 root      20   0   21764   4136   2588 S   0.0   0.1   0:00.03 systemd-udevd
  13581 root      20   0   21764   3708   2180 S   0.0   0.0   0:00.00 systemd-udevd
  13582 root      20   0   21764   4252   2704 S   0.0   0.1   0:00.05 systemd-udevd
  13594 root      20   0   21764   3408   1864 S   0.0   0.0   0:00.01 systemd-udevd
  13595 root      20   0   21764   3652   2120 S   0.0   0.0   0:00.02 systemd-udevd
  31399 root      20   0       0      0      0 I   0.0   0.0   0:14.51 kworker/u12:8-events_unbound
  33484 root      20   0       0      0      0 I   0.0   0.0   0:09.51 kworker/u12:0-events_unbound
  34263 root      20   0       0      0      0 I   0.0   0.0   0:11.48 kworker/u12:2-events_unbound
  42253 root      20   0       0      0      0 I   0.0   0.0   0:10.81 kworker/u12:3-events_unbound
  49116 root      20   0       0      0      0 I   0.0   0.0   0:00.62 kworker/0:0-events
  51824 root      20   0       0      0      0 I   0.0   0.0   0:01.27 kworker/5:1-events
  85708 root      20   0       0      0      0 I   0.0   0.0   0:00.34 kworker/4:1-events
  95815 root      20   0       0      0      0 I   0.0   0.0   0:00.00 kworker/0:2-events
  96157 root      20   0       0      0      0 I   0.0   0.0   0:00.00 kworker/4:2-events
  97402 root      20   0       0      0      0 I   0.0   0.0   0:06.14 kworker/u12:5-events_unbound
  98042 jetson    20   0  572504  36008  13228 S   0.0   0.5   0:01.77 ros2
  98052 jetson    20   0 1082804  58392  26368 S   0.0   0.7   0:39.04 foxglove_bridge
  98155 root      20   0       0      0      0 I   0.0   0.0   0:00.00 kworker/2:1-events
  98217 root      20   0  238836   6944   5696 S   0.0   0.1   0:01.50 iio-sensor-prox
  98455 jetson    20   0  129772  36116  13228 S   0.0   0.5   0:00.71 ros2
 100055 root      20   0       0      0      0 I   0.0   0.0   0:00.00 kworker/5:2-cgroup_destroy
 100141 root      20   0       0      0      0 I   0.0   0.0   0:06.80 kworker/u12:6-events_freezable_power_
 100706 jetson    20   0   53568  30372  15020 S   0.0   0.4   0:00.43 ros2
 149635 root      20   0       0      0      0 I   0.0   0.0   0:00.00 kworker/3:0-events
 174364 root      20   0       0      0      0 I   0.0   0.0   0:02.42 kworker/u12:4-events_unbound
 192628 root       0 -20       0      0      0 I   0.0   0.0   0:04.51 kworker/u13:1-uvcvideo
 199974 root      20   0       0      0      0 I   0.0   0.0   0:01.73 kworker/u12:1-events_unbound
 205195 root       0 -20       0      0      0 I   0.0   0.0   0:03.41 kworker/u13:0-uvcvideo
 219316 root       0 -20       0      0      0 I   0.0   0.0   0:01.74 kworker/u13:3-uvcvideo
 223411 root      20   0       0      0      0 I   0.0   0.0   0:00.00 kworker/1:0-cgroup_destroy
 229418 root      20   0       0      0      0 I   0.0   0.0   0:00.31 kworker/u12:10-events_freezable_power_
 233042 root      20   0    9436    768    688 S   0.0   0.0   0:00.00 sleep
 234184 root      20   0       0      0      0 I   0.0   0.0   0:00.00 kworker/0:1-events
 234228 root      20   0       0      0      0 I   0.0   0.0   0:00.00 kworker/3:1
 234272 root      20   0       0      0      0 I   0.0   0.0   0:00.00 kworker/2:0-cgroup_destroy
 234404 root      20   0       0      0      0 I   0.0   0.0   0:00.03 kworker/5:0-events
 235691 root      20   0       0      0      0 I   0.0   0.0   0:00.00 kworker/1:1-events
 236264 jetson    20   0   11248   3292   2852 S   0.0   0.0   0:00.03 bash
 238391 jetson    20   0   11248   3300   2864 S   0.0   0.0   0:00.01 bash
 238443 jetson    20   0    2872    896    800 S   0.0   0.0   0:00.03 tegrastats
 238637 jetson    20   0    9480    820    736 S   0.0   0.0   0:00.00 tail
 239050 root      30  10    9436    780    704 S   0.0   0.0   0:00.00 sleep
 239125 jetson    20   0   18864   8280   6180 S   0.0   0.1   0:00.00 sshd

top - 13:14:20 up  3:37,  0 users,  load average: 9.88, 6.63, 4.89
Tasks: 349 total,   7 running, 342 sleeping,   0 stopped,   0 zombie
%Cpu(s): 41.0 us, 11.9 sy,  0.0 ni, 42.6 id,  0.0 wa,  2.3 hi,  2.1 si,  0.0 st
MiB Mem :   7607.4 total,   2828.9 free,   2023.0 used,   2755.5 buff/cache
MiB Swap:   3803.7 total,   3803.7 free,      0.0 used.   5286.5 avail Mem 

    PID USER      PR  NI    VIRT    RES    SHR S  %CPU  %MEM     TIME+ COMMAND
 238636 jetson    20   0  752616  72048  29576 R  43.6   0.9   0:05.47 python3
  98338 jetson    20   0  709016  64620  27260 R  35.6   0.8  28:11.47 python3
 102583 jetson    20   0  963132  48092  23528 S  30.2   0.6   7:05.53 controller_serv
 238441 jetson    20   0  763896  56128  25416 S  23.3   0.7   0:04.21 ros2
 100721 jetson    20   0 9355252 432712  88656 R  19.3   5.6  12:26.67 nvblox_node
  98046 jetson    20   0  711244  66660  27240 R  15.3   0.9  12:10.97 python3
 102592 jetson    20   0  530888  48340  26220 R  15.3   0.6   6:05.21 bt_navigator
  98048 jetson    20   0  432960  28196  14244 S  14.9   0.4  12:36.65 rplidar_node
  98044 jetson    20   0 1813632 105696  51328 S  13.9   1.4  10:17.30 realsense2_came
  98340 jetson    20   0  506224  33968  18400 R  11.9   0.4   8:26.59 ekf_node
    969 root      20   0  237044  10204   6400 S  10.4   0.1   1:38.21 polkitd
 102587 jetson    20   0 1210040  96112  42692 S  10.4   1.2   6:49.96 planner_server
 102641 jetson    20   0  577392  31872  16252 S  10.4   0.4   7:42.52 lifecycle_manag
  98457 jetson    20   0 1061924  53448  24360 S   9.9   0.7   2:15.48 async_slam_tool
  98050 jetson    20   0  708072  65988  27372 S   9.4   0.8   6:06.78 python3
 102581 jetson    20   0  709536  62208  27352 S   9.4   0.8   2:48.32 python3
 102589 jetson    20   0  516304  37492  21032 S   7.4   0.5   4:56.79 behavior_server
 102585 jetson    20   0  664728  35108  19412 S   6.4   0.5   4:09.07 smoother_server
 102637 jetson    20   0  428576  29080  15960 S   5.9   0.4   3:21.98 velocity_smooth
 102619 jetson    20   0  431272  31524  17020 S   5.4   0.4   3:21.41 waypoint_follow
  13320 root      20   0 1300240  43896  11392 S   5.0   0.6  14:22.98 micro_ros_agent
      1 root      20   0  167628  11764   7444 S   2.0   0.2   0:17.08 systemd
    828 message+  20   0   10372   5572   3584 S   2.0   0.1   0:22.44 dbus-daemon
    829 root      20   0  264656  18684  14872 S   1.5   0.2   0:20.70 NetworkManager
    904 root      rt   0       0      0      0 S   1.5   0.0   0:50.34 sugov:0
    909 root      rt   0       0      0      0 S   1.0   0.0   0:23.80 sugov:4
 199974 root      20   0       0      0      0 I   1.0   0.0   0:01.75 kworker/u12:1-events_unbound
 205195 root       0 -20       0      0      0 I   1.0   0.0   0:03.43 kworker/u13:0-uvcvideo
     14 root      20   0       0      0      0 S   0.5   0.0   0:10.91 ksoftirqd/0
     15 root      20   0       0      0      0 I   0.5   0.0   0:04.55 rcu_preempt
     30 root      20   0       0      0      0 S   0.5   0.0   0:00.63 ksoftirqd/3
    256 root      19  -1   40648  11528   9920 S   0.5   0.1   0:14.92 systemd-journal
   1052 root      20   0       0      0      0 S   0.5   0.0   0:11.40 nvgpu_channel_p
   1690 gdm        9 -11  891840  20748  12584 S   0.5   0.3   0:00.70 pulseaudio
   2071 gdm       20   0 3471500 137264  73260 S   0.5   1.8   0:26.70 gnome-shell
   2141 gdm       20   0  468748   9856   7940 S   0.5   0.1   0:01.08 gsd-sharing
  12575 root      20   0   21760   4520   2952 S   0.5   0.1   0:28.21 systemd-udevd
  97402 root      20   0       0      0      0 I   0.5   0.0   0:06.15 kworker/u12:5-events_unbound
 229418 root      20   0       0      0      0 I   0.5   0.0   0:00.32 kworker/u12:10-events_freezable_power_
 238442 jetson    20   0   14344   3352   2756 R   0.5   0.0   0:00.17 top
 238443 jetson    20   0    2872    896    800 S   0.5   0.0   0:00.04 tegrastats
      2 root      20   0       0      0      0 S   0.0   0.0   0:00.02 kthreadd
      3 root       0 -20       0      0      0 I   0.0   0.0   0:00.00 rcu_gp
      4 root       0 -20       0      0      0 I   0.0   0.0   0:00.00 rcu_par_gp
      5 root       0 -20       0      0      0 I   0.0   0.0   0:00.00 slub_flushwq
      6 root       0 -20       0      0      0 I   0.0   0.0   0:00.00 netns
      8 root       0 -20       0      0      0 I   0.0   0.0   0:00.00 kworker/0:0H-events_highpri
     10 root       0 -20       0      0      0 I   0.0   0.0   0:00.00 mm_percpu_wq
     11 root      20   0       0      0      0 S   0.0   0.0   0:00.00 rcu_tasks_kthre
     12 root      20   0       0      0      0 S   0.0   0.0   0:00.00 rcu_tasks_rude_
     13 root      20   0       0      0      0 S   0.0   0.0   0:00.00 rcu_tasks_trace
     16 root      rt   0       0      0      0 S   0.0   0.0   0:00.01 migration/0
     17 root      20   0       0      0      0 S   0.0   0.0   0:00.00 cpuhp/0
     18 root      20   0       0      0      0 S   0.0   0.0   0:00.00 cpuhp/1
     19 root      rt   0       0      0      0 S   0.0   0.0   0:00.01 migration/1
     20 root      20   0       0      0      0 S   0.0   0.0   0:00.66 ksoftirqd/1
     22 root       0 -20       0      0      0 I   0.0   0.0   0:00.00 kworker/1:0H-events_highpri
     23 root      20   0       0      0      0 S   0.0   0.0   0:00.00 cpuhp/2
     24 root      rt   0       0      0      0 S   0.0   0.0   0:00.00 migration/2
     25 root      20   0       0      0      0 S   0.0   0.0   0:00.68 ksoftirqd/2
     27 root       0 -20       0      0      0 I   0.0   0.0   0:00.00 kworker/2:0H-events_highpri
     28 root      20   0       0      0      0 S   0.0   0.0   0:00.00 cpuhp/3
     29 root      rt   0       0      0      0 S   0.0   0.0   0:00.00 migration/3
     32 root       0 -20       0      0      0 I   0.0   0.0   0:00.00 kworker/3:0H-events_highpri
     33 root      20   0       0      0      0 S   0.0   0.0   0:00.00 cpuhp/4
     34 root      rt   0       0      0      0 S   0.0   0.0   0:00.02 migration/4
     35 root      20   0       0      0      0 S   0.0   0.0   0:00.47 ksoftirqd/4
     37 root       0 -20       0      0      0 I   0.0   0.0   0:00.00 kworker/4:0H-kblockd
     38 root      20   0       0      0      0 S   0.0   0.0   0:00.00 cpuhp/5
     39 root      rt   0       0      0      0 S   0.0   0.0   0:00.03 migration/5
     40 root      20   0       0      0      0 S   0.0   0.0   0:00.47 ksoftirqd/5
     42 root       0 -20       0      0      0 I   0.0   0.0   0:00.00 kworker/5:0H-events_highpri
     43 root      20   0       0      0      0 S   0.0   0.0   0:00.01 kdevtmpfs
     44 root       0 -20       0      0      0 I   0.0   0.0   0:00.00 inet_frag_wq
     51 root      20   0       0      0      0 S   0.0   0.0   0:00.00 kauditd
     52 root      20   0       0      0      0 S   0.0   0.0   0:00.00 oom_reaper
     53 root       0 -20       0      0      0 I   0.0   0.0   0:00.00 writeback
     54 root      20   0       0      0      0 S   0.0   0.0   0:00.10 kcompactd0
     55 root      25   5       0      0      0 S   0.0   0.0   0:00.00 ksmd
     56 root      39  19       0      0      0 S   0.0   0.0   0:01.15 khugepaged
     67 root       0 -20       0      0      0 I   0.0   0.0   0:00.00 cryptd
     86 root       0 -20       0      0      0 I   0.0   0.0   0:00.00 kintegrityd
     87 root       0 -20       0      0      0 I   0.0   0.0   0:00.00 kblockd
     88 root       0 -20       0      0      0 I   0.0   0.0   0:00.00 blkcg_punt_bio
     89 root       0 -20       0      0      0 I   0.0   0.0   0:00.00 tpm_dev_wq
     90 root       0 -20       0      0      0 I   0.0   0.0   0:00.00 ata_sff
     91 root       0 -20       0      0      0 I   0.0   0.0   0:00.00 edac-poller
     92 root       0 -20       0      0      0 I   0.0   0.0   0:00.00 devfreq_wq
     93 root     -51   0       0      0      0 S   0.0   0.0   0:00.00 watchdogd
     96 root       0 -20       0      0      0 I   0.0   0.0   0:00.04 kworker/1:1H-kblockd
     97 root       0 -20       0      0      0 I   0.0   0.0   0:00.00 rpciod
     99 root       0 -20       0      0      0 I   0.0   0.0   0:00.00 xprtiod
    127 root      20   0       0      0      0 S   0.0   0.0   0:00.00 kswapd0
    128 root       0 -20       0      0      0 I   0.0   0.0   0:00.00 nfsiod
    132 root       0 -20       0      0      0 I   0.0   0.0   0:00.00 vfio-irqfd-clea
    133 root       0 -20       0      0      0 I   0.0   0.0   0:00.00 bch_btree_io
    134 root       0 -20       0      0      0 I   0.0   0.0   0:00.00 bcache
    135 root       0 -20       0      0      0 I   0.0   0.0   0:00.00 bch_journal
    136 root       0 -20       0      0      0 I   0.0   0.0   0:00.00 dm_bufio_cache
    137 root      20   0       0      0      0 I   0.0   0.0   0:01.26 kworker/1:2-events
    139 root      20   0       0      0      0 I   0.0   0.0   0:00.75 kworker/2:3-events
    140 root      10 -10       0      0      0 S   0.0   0.0   0:00.00 krfcommd
    141 root      20   0       0      0      0 S   0.0   0.0   0:00.01 pr/tty0
    142 root      20   0       0      0      0 S   0.0   0.0   0:03.04 pr/ttyTCU0
    145 root     -51   0       0      0      0 S   0.0   0.0   0:00.00 irq/114-3160000
    147 root     -51   0       0      0      0 S   0.0   0.0   0:00.00 irq/115-3180000
    149 root     -51   0       0      0      0 S   0.0   0.0   0:00.00 irq/116-31b0000
    150 root     -51   0       0      0      0 S   0.0   0.0   0:00.01 irq/167-c240000
    151 root     -51   0       0      0      0 S   0.0   0.0   0:00.00 irq/168-c250000
    152 root     -51   0       0      0      0 S   0.0   0.0   0:00.00 irq/125-3610000
    153 root     -51   0       0      0      0 S   0.0   0.0   0:00.00 irq/122-3610000
    155 root       0 -20       0      0      0 I   0.0   0.0   0:00.00 sdhci
    156 root     -51   0       0      0      0 S   0.0   0.0   0:00.00 irq/120-mmc0
    157 root     -51   0       0      0      0 S   0.0   0.0   0:00.00 irq/230-3400000
    174 root       0 -20       0      0      0 I   0.0   0.0   0:00.05 kworker/3:1H-kblockd
    180 root     -51   0       0      0      0 S   0.0   0.0   0:00.00 irq/191-tegra-p
    181 root       0 -20       0      0      0 I   0.0   0.0   0:00.00 nvme-wq
    182 root       0 -20       0      0      0 I   0.0   0.0   0:00.00 nvme-reset-wq
    183 root       0 -20       0      0      0 I   0.0   0.0   0:00.00 nvme-delete-wq
    192 root     -51   0       0      0      0 S   0.0   0.0   0:00.00 irq/191-aerdrv
    193 root     -51   0       0      0      0 S   0.0   0.0   0:00.00 irq/193-tegra-p
    196 root     -51   0       0      0      0 S   0.0   0.0   0:00.00 irq/193-aerdrv
    197 root     -51   0       0      0      0 S   0.0   0.0   0:00.00 irq/195-tegra-p
    199 root     -51   0       0      0      0 S   0.0   0.0   0:00.00 irq/232-nvme0q0
    200 root     -51   0       0      0      0 S   0.0   0.0   0:00.22 irq/233-nvme0q1
    201 root     -51   0       0      0      0 S   0.0   0.0   0:00.26 irq/234-nvme0q2
    202 root     -51   0       0      0      0 S   0.0   0.0   0:00.40 irq/235-nvme0q3
    203 root     -51   0       0      0      0 S   0.0   0.0   0:00.52 irq/236-nvme0q4
    204 root     -51   0       0      0      0 S   0.0   0.0   0:00.13 irq/237-nvme0q5
    205 root     -51   0       0      0      0 S   0.0   0.0   0:00.09 irq/238-nvme0q6
    211 root       0 -20       0      0      0 I   0.0   0.0   0:00.05 kworker/4:1H-kblockd
    212 root      20   0       0      0      0 S   0.0   0.0   0:00.74 jbd2/nvme0n1p1-
    213 root       0 -20       0      0      0 I   0.0   0.0   0:00.00 ext4-rsv-conver
    222 root       0 -20       0      0      0 I   0.0   0.0   0:00.00 mld
    223 root       0 -20       0      0      0 I   0.0   0.0   0:00.03 kworker/0:1H-kblockd
    224 root       0 -20       0      0      0 I   0.0   0.0   0:00.00 ipv6_addrconf
    278 root       0 -20       0      0      0 I   0.0   0.0   0:00.06 kworker/2:1H-kblockd
    280 root      39  19       0      0      0 S   0.0   0.0   0:00.40 nvmap-bz
    281 root     -51   0       0      0      0 S   0.0   0.0   0:00.00 irq/188-host1x_
    285 root     -51   0       0      0      0 S   0.0   0.0   0:00.00 irq/197-gk20a_s
    286 root     -51   0       0      0      0 S   0.0   0.0   0:00.01 irq/198-gk20a_s
    287 root     -51   0       0      0      0 S   0.0   0.0   0:00.01 irq/199-gk20a_s
    288 root     -51   0       0      0      0 S   0.0   0.0   0:00.00 irq/200-gk20a_n
    291 root       0 -20       0      0      0 I   0.0   0.0   0:00.04 kworker/5:1H-kblockd
    295 root      20   0   11116   3460   3204 S   0.0   0.0   0:00.00 nv-tee-supplica
    299 root      20   0   76588   1360   1248 S   0.0   0.0   0:00.01 tee-supplicant
    301 root       0 -20       0      0      0 I   0.0   0.0   0:00.00 optee_bus_scan
    303 root     -51   0       0      0      0 S   0.0   0.0   0:00.00 irq/189-tegra-p
    312 root      20   0   23732   6316   4080 S   0.0   0.1   0:15.41 systemd-udevd
    313 root     -51   0       0      0      0 S   0.0   0.0   0:00.00 irq/189-aerdrv
    314 root      20   0   23216   5804   3992 S   0.0   0.1   0:00.37 systemd-udevd
    315 root      20   0   23216   5020   3248 S   0.0   0.1   0:00.15 systemd-udevd
    316 root      20   0   23268   6224   4288 S   0.0   0.1   0:00.16 systemd-udevd
    317 root      20   0   23220   4364   2600 S   0.0   0.1   0:00.11 systemd-udevd
    318 root      20   0   23216   4480   2672 S   0.0   0.1   0:00.12 systemd-udevd
    319 root      20   0   23212   5812   3980 S   0.0   0.1   0:00.28 systemd-udevd
    320 root      20   0   23264   4688   2764 S   0.0   0.1   0:00.13 systemd-udevd
    321 root      20   0   23268   5072   3136 S   0.0   0.1   0:00.18 systemd-udevd
    322 root      20   0   23524   5520   3456 S   0.0   0.1   0:00.26 systemd-udevd
    323 root      20   0   23216   6268   4444 S   0.0   0.1   0:00.35 systemd-udevd
    324 root      20   0   23220   5196   3388 S   0.0   0.1   0:00.16 systemd-udevd
    325 root      20   0   23220   5808   3976 S   0.0   0.1   0:00.35 systemd-udevd
    326 root      20   0   23220   5232   3388 S   0.0   0.1   0:00.38 systemd-udevd
    327 root      20   0   23220   5468   3656 S   0.0   0.1   0:00.18 systemd-udevd
    330 root      20   0   23512   5728   3684 S   0.0   0.1   0:00.14 systemd-udevd
    331 root      20   0   24292   5540   2676 S   0.0   0.1   0:00.16 systemd-udevd
    333 root      20   0   23524   5596   3532 S   0.0   0.1   0:00.26 systemd-udevd
    334 root      20   0   23220   5080   3240 S   0.0   0.1   0:00.24 systemd-udevd
    335 root      20   0   23220   4504   2708 S   0.0   0.1   0:00.11 systemd-udevd
    336 root      20   0   23220   4696   2892 S   0.0   0.1   0:00.14 systemd-udevd
    337 root      20   0   23524   5056   2992 S   0.0   0.1   0:00.16 systemd-udevd
    339 root      20   0   23220   4980   3148 S   0.0   0.1   0:00.17 systemd-udevd
    340 root      20   0   23544   6732   4608 S   0.0   0.1   0:52.01 systemd-udevd
    341 root      20   0   23276   5328   3384 S   0.0   0.1   0:00.13 systemd-udevd
    342 root      20   0   23280   5176   3228 S   0.0   0.1   0:00.13 systemd-udevd
    343 root      20   0   23220   5984   4152 S   0.0   0.1   0:00.29 systemd-udevd
    344 root      20   0   23560   6700   4596 S   0.0   0.1   0:00.46 systemd-udevd
    345 root      20   0       0      0      0 S   0.0   0.0   0:00.00 15820000.crypto
    346 root      20   0       0      0      0 S   0.0   0.0   0:00.00 15840000.crypto
    368 root      20   0   23324   5984   4116 S   0.0   0.1   0:00.38 systemd-udevd
    417 root     -51   0       0      0      0 S   0.0   0.0   0:00.00 irq/219-bc00000
    419 root      -2   0       0      0      0 S   0.0   0.0   0:00.00 capture-control
    420 root      -2   0       0      0      0 S   0.0   0.0   0:00.00 capture
    422 root     -51   0       0      0      0 S   0.0   0.0   0:00.00 irq/214-tegra_d
    423 root     -51   0       0      0      0 S   0.0   0.0   0:00.00 irq/215-tegra_d
    424 root       0 -20       0      0      0 I   0.0   0.0   0:00.00 dce-async-ipc-w
    425 root     -51   0       0      0      0 S   0.0   0.0   0:00.00 irq/240-nvvrs-p
    427 root      20   0       0      0      0 S   0.0   0.0   0:00.00 nv_queue
    428 root      20   0       0      0      0 S   0.0   0.0   0:00.00 nv_queue
    483 root     -51   0       0      0      0 S   0.0   0.0   0:00.00 irq/118-3210000
    487 root      20   0       0      0      0 S   0.0   0.0   0:00.00 spi0
    495 root       0 -20       0      0      0 I   0.0   0.0   0:00.00 cfg80211
    497 root     -51   0       0      0      0 S   0.0   0.0   0:00.00 irq/119-3230000
    498 root      20   0       0      0      0 S   0.0   0.0   0:00.00 spi1
    584 root       0 -20       0      0      0 I   0.0   0.0   0:00.00 btfwwork
    650 root      20   0    8236   6424   1432 S   0.0   0.1   0:00.53 haveged
    653 _rpc      20   0    7932   2264   1912 S   0.0   0.0   0:00.02 rpcbind
    659 systemd+  20   0   26320  13580   8496 S   0.0   0.2   0:00.36 systemd-resolve
    662 systemd+  20   0   88880   6332   5484 S   0.0   0.1   0:00.12 systemd-timesyn
    826 avahi     20   0    8084   3108   2752 S   0.0   0.0   0:00.42 avahi-daemon
    827 root      20   0    9888   4552   4112 S   0.0   0.1   0:00.07 bluetoothd
    838 root      20   0   43504  19780  10232 S   0.0   0.3   0:00.15 networkd-dispat
    849 root      20   0  241652   9056   6312 S   0.0   0.1   0:00.34 power-profiles-
    854 syslog    20   0  222160   5012   3672 S   0.0   0.1   0:02.91 rsyslogd
    859 root      20   0    2240    796    720 S   0.0   0.0   0:00.00 seatd
    865 root      20   0 2145956  51992  25768 S   0.0   0.7   0:22.67 snapd
    867 root      20   0  242124   7452   6576 S   0.0   0.1   0:01.17 accounts-daemon
    869 root      20   0  238128   6232   5620 S   0.0   0.1   0:00.04 switcheroo-cont
    871 root      20   0   48968   7620   6296 S   0.0   0.1   0:02.00 systemd-logind
    874 root      20   0  394188  13980   9476 S   0.0   0.2   0:00.52 udisksd
    875 root      20   0   16632   9928   8148 S   0.0   0.1   0:00.78 wpa_supplicant
    882 avahi     20   0    7812    356      0 S   0.0   0.0   0:00.00 avahi-daemon
    921 root      30  10   11248   3612   3220 S   0.0   0.0   0:04.81 wifi_mon.sh
    983 root      20   0    2460   1556   1380 S   0.0   0.0   0:04.62 nvfancontrol
   1049 root      20   0       0      0      0 S   0.0   0.0   0:00.00 sw-quiesce
   1068 root      20   0       0      0      0 S   0.0   0.0   0:00.00 nvgpu_pg_init_g
   1087 root      20   0       0      0      0 S   0.0   0.0   0:00.00 nvgpu_clk_arb_p
   1117 root      20   0       0      0      0 S   0.0   0.0   0:04.38 RTW_CMD_THREAD
   1157 root      20   0   75936   9960   8136 S   0.0   0.1   0:00.01 nvargus-daemon
   1158 root      20   0   11116   3520   3220 S   0.0   0.0   0:00.04 nvmemwarning.sh
   1171 root      20   0   22192   1776   1580 S   0.0   0.0   0:00.00 nvs-service
   1181 ollama    20   0 2006720  39588  20072 S   0.0   0.5   0:00.64 ollama
   1195 root      20   0    2336   1408   1292 S   0.0   0.0   0:01.96 run-cups-browse
   1201 root      20   0    2336   1424   1296 S   0.0   0.0   0:02.02 run-cupsd
   1204 root      20   0       0      0      0 S   0.0   0.0   0:00.00 pr/ramoops-1
   1212 root      20   0 2019288  66636  33572 S   0.0   0.9   0:13.44 containerd
   1239 root      20   0   10772   2824   2576 S   0.0   0.0   0:00.03 cron
   1259 root      20   0  243128   8056   7012 S   0.0   0.1   0:00.02 gdm3
   1263 kernoops  20   0   12812    452      0 S   0.0   0.0   0:00.01 kerneloops
   1290 root      20   0    9468    800    724 S   0.0   0.0   0:00.00 agetty
   1291 kernoops  20   0   12812    452      0 S   0.0   0.0   0:00.01 kerneloops
   1293 root      20   0    9468    804    724 S   0.0   0.0   0:00.00 agetty
   1330 root      20   0  173408   8804   7628 S   0.0   0.1   0:00.02 gdm-session-wor
   1417 root      20   0       0      0      0 S   0.0   0.0   0:00.00 file-storage
   1426 root      20   0   15272   8368   6788 S   0.0   0.1   0:00.38 sshd
   1474 gdm       20   0   18120   9728   7360 S   0.0   0.1   0:00.41 systemd
   1478 root      20   0    3076    992    880 S   0.0   0.0   0:00.00 nvphsd
   1483 root      20   0    3208   1476   1316 S   0.0   0.0   0:00.00 nvphsd
   1497 gdm       20   0  106692   4552      0 S   0.0   0.1   0:00.00 (sd-pam)
   1588 root      20   0 2278700 101092  56496 S   0.0   1.3   0:04.35 dockerd
   1688 gdm        9 -11   41972   6468   5156 S   0.0   0.1   0:00.05 pipewire
   1689 gdm       20   0   25476   6428   5104 S   0.0   0.1   0:00.83 pipewire-media-
   1695 gdm       20   0  163948   5472   4964 S   0.0   0.1   0:00.00 gdm-x-session
   1697 root      20   0   24.2g  80496  35884 S   0.0   1.0   0:01.46 Xorg
   1698 rtkit     21   1  153504   1588   1380 S   0.0   0.0   0:00.19 rtkit-daemon
   1729 gdm       20   0    8840   3600   3212 S   0.0   0.0   0:00.02 dbus-daemon
   1748 root      20   0       0      0      0 S   0.0   0.0   0:00.00 nvidia-modeset/
   1749 root      20   0       0      0      0 S   0.0   0.0   0:00.00 nvidia-modeset/
   1752 root      20   0       0      0      0 S   0.0   0.0   0:00.00 nvidia
   1753 root      20   0       0      0      0 S   0.0   0.0   0:00.00 nv_queue
   1790 root      20   0       0      0      0 S   0.0   0.0   0:00.00 nvidia-drm-nv-t
   1791 root     -51   0       0      0      0 S   0.0   0.0   0:00.00 card1-crtc0
   1792 root     -51   0       0      0      0 S   0.0   0.0   0:00.00 card1-crtc1
   1980 gdm       20   0    5876   1552   1344 S   0.0   0.0   0:00.00 dbus-run-sessio
   1983 gdm       20   0    9108   4440   3588 S   0.0   0.1   0:00.13 dbus-daemon
   2035 gdm       20   0  597840  17824  12972 S   0.0   0.2   0:00.60 gnome-session-b
   2057 gdm       20   0  310068   8976   6272 S   0.0   0.1   0:00.00 at-spi-bus-laun
   2062 gdm       20   0    8692   3556   3168 S   0.0   0.0   0:00.00 dbus-daemon
   2092 gdm       20   0  237676   4964   4528 S   0.0   0.1   0:00.00 xdg-permission-
   2099 root      20   0  243852  10136   6984 S   0.0   0.1   0:00.29 upowerd
   2106 root      20   0  301608  19332  16408 S   0.0   0.2   0:00.86 packagekitd
   2110 gdm       20   0 2812288  25716  20860 S   0.0   0.3   0:00.08 gjs
   2113 gdm       20   0  163144   7196   6428 S   0.0   0.1   0:00.01 at-spi2-registr
   2146 gdm       20   0  338880  14892  12620 S   0.0   0.2   0:00.06 gsd-wacom
   2148 gdm       20   0  451616  18896  16480 S   0.0   0.2   0:00.15 gsd-color
   2150 gdm       20   0  412392  17092  13292 S   0.0   0.2   0:00.04 gsd-keyboard
   2152 gdm       20   0  316864  13188   6244 S   0.0   0.2   0:00.10 ibus-daemon
   2156 gdm       20   0  326124   9848   8488 S   0.0   0.1   0:00.02 gsd-print-notif
   2166 gdm       20   0  242216   6512   5848 S   0.0   0.1   0:00.01 gvfsd
   2168 gdm       20   0  459796   6140   5436 S   0.0   0.1   0:00.31 gsd-rfkill
   2170 gdm       20   0  388312   7432   6528 S   0.0   0.1   0:00.01 gsd-smartcard
   2173 gdm       20   0  380556  16508  12504 S   0.0   0.2   0:00.03 gsd-datetime
   2183 gdm       20   0  864216  20108  17428 S   0.0   0.3   0:00.32 gsd-media-keys
   2184 gdm       20   0  237936   4760   4376 S   0.0   0.1   0:00.01 gsd-screensaver
   2185 gdm       20   0  322096  10392   7320 S   0.0   0.1   0:00.02 gsd-sound
   2186 gdm       20   0  312416   8104   5476 S   0.0   0.1   0:00.01 gsd-a11y-settin
   2193 gdm       20   0  313996   8944   6152 S   0.0   0.1   0:00.56 gsd-housekeepin
   2195 gdm       20   0  450004  20288  15904 S   0.0   0.3   0:00.31 gsd-power
   2218 gdm       20   0  347052  12608  10748 S   0.0   0.2   0:00.03 gsd-printer
   2221 gdm       20   0  239040   6576   5948 S   0.0   0.1   0:00.00 ibus-dconf
   2233 gdm       20   0  238936   5920   5488 S   0.0   0.1   0:00.00 ibus-portal
   2263 colord    20   0  247516  14492   8720 S   0.0   0.2   0:00.22 colord
   2285 gdm       20   0 2812300  27868  20904 S   0.0   0.4   0:00.09 gjs
   2349 gdm       20   0  165096   6516   5892 S   0.0   0.1   0:00.01 ibus-engine-sim
   2508 root      20   0  136716  13172   9512 S   0.0   0.2   0:00.57 cupsd
   2522 root      20   0  260792  17940  13508 S   0.0   0.2   0:01.09 cups-browsed
  11687 jetson    20   0   18140   9764   7368 S   0.0   0.1   0:00.32 systemd
  11688 jetson    20   0  172512   4632      0 S   0.0   0.1   0:00.00 (sd-pam)
  11696 jetson    20   0   41976   6552   5228 S   0.0   0.1   0:00.04 pipewire
  11697 jetson    20   0   25484   6724   5388 S   0.0   0.1   0:00.88 pipewire-media-
  11749 jetson    20   0    8888   3620   3232 S   0.0   0.0   0:00.01 dbus-daemon
  11931 jetson    20   0  706564  62076  26432 S   0.0   0.8   1:05.61 python3
  12473 root      20   0 1233488  14092   6340 S   0.0   0.2   0:01.65 containerd-shim
  12502 jetson    20   0    5508    792    704 S   0.0   0.0   0:00.20 sleep
  12567 root      20   0   21892   5484   3884 S   0.0   0.1   0:13.92 systemd-udevd
  13234 jetson    20   0  203640  35476  13212 S   0.0   0.5   0:00.75 ros2
  13236 jetson    20   0 1996680  34168  17228 S   0.0   0.4   0:00.46 docker
  13238 jetson    20   0  428384  31060  15828 S   0.0   0.4   1:07.61 robot_state_pub
  13265 root      20   0 1232976  11124   5960 S   0.0   0.1   0:01.17 containerd-shim
  13294 root      20   0   49400  29204  14412 S   0.0   0.4   0:00.40 ros2
  13554 root      20   0   21760   4448   2932 S   0.0   0.1   0:00.02 systemd-udevd
  13555 root      20   0   21760   3352   1860 S   0.0   0.0   0:00.00 systemd-udevd
  13568 root      20   0   21760   3376   1864 S   0.0   0.0   0:00.02 systemd-udevd
  13569 root      20   0   21760   4128   2588 S   0.0   0.1   0:00.04 systemd-udevd
  13570 root      20   0   21764   4488   2960 S   0.0   0.1   0:00.04 systemd-udevd
  13571 root      20   0   21764   4104   2588 S   0.0   0.1   0:00.03 systemd-udevd
  13580 root      20   0   21764   4136   2588 S   0.0   0.1   0:00.03 systemd-udevd
  13581 root      20   0   21764   3708   2180 S   0.0   0.0   0:00.00 systemd-udevd
  13582 root      20   0   21764   4252   2704 S   0.0   0.1   0:00.05 systemd-udevd
  13594 root      20   0   21764   3408   1864 S   0.0   0.0   0:00.01 systemd-udevd
  13595 root      20   0   21764   3652   2120 S   0.0   0.0   0:00.02 systemd-udevd
  31399 root      20   0       0      0      0 I   0.0   0.0   0:14.51 kworker/u12:8-events_unbound
  33484 root      20   0       0      0      0 I   0.0   0.0   0:09.51 kworker/u12:0-events_unbound
  34263 root      20   0       0      0      0 I   0.0   0.0   0:11.48 kworker/u12:2-events_unbound
  42253 root      20   0       0      0      0 I   0.0   0.0   0:10.81 kworker/u12:3-events_unbound
  49116 root      20   0       0      0      0 I   0.0   0.0   0:00.62 kworker/0:0-events
  51824 root      20   0       0      0      0 I   0.0   0.0   0:01.27 kworker/5:1-events
  59272 root      20   0       0      0      0 I   0.0   0.0   0:01.09 kworker/3:3-events
  85708 root      20   0       0      0      0 I   0.0   0.0   0:00.34 kworker/4:1-mm_percpu_wq
  90870 root      20   0       0      0      0 I   0.0   0.0   0:08.11 kworker/u12:11-events_freezable_power_
  95815 root      20   0       0      0      0 I   0.0   0.0   0:00.00 kworker/0:2-events
  96157 root      20   0       0      0      0 I   0.0   0.0   0:00.00 kworker/4:2-events
  98042 jetson    20   0  572504  36008  13228 S   0.0   0.5   0:01.77 ros2
  98052 jetson    20   0 1082804  58392  26368 S   0.0   0.7   0:39.04 foxglove_bridge
  98155 root      20   0       0      0      0 I   0.0   0.0   0:00.00 kworker/2:1-events
  98217 root      20   0  238836   6944   5696 S   0.0   0.1   0:01.50 iio-sensor-prox
  98455 jetson    20   0  129772  36116  13228 S   0.0   0.5   0:00.71 ros2
 100055 root      20   0       0      0      0 I   0.0   0.0   0:00.00 kworker/5:2-cgroup_destroy
 100141 root      20   0       0      0      0 I   0.0   0.0   0:06.80 kworker/u12:6-events_freezable_power_
 100706 jetson    20   0   53568  30372  15020 S   0.0   0.4   0:00.43 ros2
 102542 jetson    20   0  723188  41844  13224 S   0.0   0.5   0:01.24 ros2
 149635 root      20   0       0      0      0 I   0.0   0.0   0:00.00 kworker/3:0-events
 174364 root      20   0       0      0      0 I   0.0   0.0   0:02.42 kworker/u12:4-events_unbound
 192628 root       0 -20       0      0      0 I   0.0   0.0   0:04.51 kworker/u13:1-uvcvideo
 211464 root      20   0       0      0      0 I   0.0   0.0   0:01.28 kworker/u12:7-events_freezable_power_
 219316 root       0 -20       0      0      0 I   0.0   0.0   0:01.74 kworker/u13:3-uvcvideo
 223411 root      20   0       0      0      0 I   0.0   0.0   0:00.00 kworker/1:0-cgroup_destroy
 225822 root      20   0       0      0      0 I   0.0   0.0   0:00.59 kworker/u12:9-events_freezable_power_
 233042 root      20   0    9436    768    688 S   0.0   0.0   0:00.00 sleep
 233444 root       0 -20       0      0      0 I   0.0   0.0   0:00.38 kworker/u13:2-uvcvideo
 234184 root      20   0       0      0      0 I   0.0   0.0   0:00.00 kworker/0:1-events
 234228 root      20   0       0      0      0 I   0.0   0.0   0:00.00 kworker/3:1
 234272 root      20   0       0      0      0 I   0.0   0.0   0:00.00 kworker/2:0-cgroup_destroy
 234404 root      20   0       0      0      0 I   0.0   0.0   0:00.03 kworker/5:0-events
 235691 root      20   0       0      0      0 I   0.0   0.0   0:00.00 kworker/1:1-events
 236264 jetson    20   0   11248   3292   2852 S   0.0   0.0   0:00.03 bash
 238391 jetson    20   0   11248   3300   2864 S   0.0   0.0   0:00.01 bash
 238637 jetson    20   0    9480    820    736 S   0.0   0.0   0:00.00 tail
 239050 root      30  10    9436    780    704 S   0.0   0.0   0:00.00 sleep

top - 13:14:22 up  3:37,  0 users,  load average: 9.88, 6.63, 4.89
Tasks: 349 total,   1 running, 348 sleeping,   0 stopped,   0 zombie
%Cpu(s): 40.5 us, 11.0 sy,  0.0 ni, 44.0 id,  0.0 wa,  2.4 hi,  2.0 si,  0.0 st
MiB Mem :   7607.4 total,   2828.9 free,   2023.0 used,   2755.5 buff/cache
MiB Swap:   3803.7 total,   3803.7 free,      0.0 used.   5286.5 avail Mem 

    PID USER      PR  NI    VIRT    RES    SHR S  %CPU  %MEM     TIME+ COMMAND
 238636 jetson    20   0  752700  72080  29576 S  41.9   0.9   0:06.32 python3
  98338 jetson    20   0  709016  64620  27260 S  35.5   0.8  28:12.19 python3
 102583 jetson    20   0  963132  48092  23528 S  31.5   0.6   7:06.17 controller_serv
 238441 jetson    20   0  763896  56128  25416 S  22.2   0.7   0:04.66 ros2
 100721 jetson    20   0 9355252 432712  88656 S  19.7   5.6  12:27.07 nvblox_node
  98046 jetson    20   0  711244  66660  27240 S  15.8   0.9  12:11.29 python3
 102592 jetson    20   0  530888  48340  26220 S  15.8   0.6   6:05.53 bt_navigator
  98457 jetson    20   0 1061924  53712  24360 S  15.3   0.7   2:15.79 async_slam_tool
  98048 jetson    20   0  432960  28196  14244 S  14.8   0.4  12:36.95 rplidar_node
  98044 jetson    20   0 1813632 105696  51328 S  13.8   1.4  10:17.58 realsense2_came
  98340 jetson    20   0  506224  33968  18400 S  11.3   0.4   8:26.82 ekf_node
 102641 jetson    20   0  577392  31872  16252 S  10.8   0.4   7:42.74 lifecycle_manag
 102587 jetson    20   0 1210040  96208  42692 S  10.3   1.2   6:50.17 planner_server
  98050 jetson    20   0  708072  65988  27372 S   9.4   0.8   6:06.97 python3
 102581 jetson    20   0  709536  62208  27352 S   9.4   0.8   2:48.51 python3
 102589 jetson    20   0  516304  37492  21032 S   6.9   0.5   4:56.93 behavior_server
 102585 jetson    20   0  664660  35172  19412 S   6.4   0.5   4:09.20 smoother_server
 102637 jetson    20   0  428576  29080  15960 S   5.9   0.4   3:22.10 velocity_smooth
 102619 jetson    20   0  431272  31524  17020 S   5.4   0.4   3:21.52 waypoint_follow
  13320 root      20   0 1300240  43896  11392 S   4.9   0.6  14:23.08 micro_ros_agent
    904 root      rt   0       0      0      0 S   1.5   0.0   0:50.37 sugov:0
    909 root      rt   0       0      0      0 S   1.5   0.0   0:23.83 sugov:4
 205195 root       0 -20       0      0      0 I   1.5   0.0   0:03.46 kworker/u13:0-uvcvideo
 238442 jetson    20   0   14344   3352   2756 R   1.0   0.0   0:00.19 top
    256 root      19  -1   40648  11528   9920 S   0.5   0.1   0:14.93 systemd-journal
    340 root      20   0   23544   6732   4608 S   0.5   0.1   0:52.02 systemd-udevd
    854 syslog    20   0  222160   5012   3672 S   0.5   0.1   0:02.92 rsyslogd
  12567 root      20   0   21892   5484   3884 S   0.5   0.1   0:13.93 systemd-udevd
  13236 jetson    20   0 1996680  34168  17228 S   0.5   0.4   0:00.47 docker
  34263 root      20   0       0      0      0 I   0.5   0.0   0:11.49 kworker/u12:2-events_freezable_power_
 102542 jetson    20   0  723188  41844  13224 S   0.5   0.5   0:01.25 ros2
 225822 root      20   0       0      0      0 I   0.5   0.0   0:00.60 kworker/u12:9-events_unbound
      1 root      20   0  167628  11764   7444 S   0.0   0.2   0:17.08 systemd
      2 root      20   0       0      0      0 S   0.0   0.0   0:00.02 kthreadd
      3 root       0 -20       0      0      0 I   0.0   0.0   0:00.00 rcu_gp
      4 root       0 -20       0      0      0 I   0.0   0.0   0:00.00 rcu_par_gp
      5 root       0 -20       0      0      0 I   0.0   0.0   0:00.00 slub_flushwq
      6 root       0 -20       0      0      0 I   0.0   0.0   0:00.00 netns
      8 root       0 -20       0      0      0 I   0.0   0.0   0:00.00 kworker/0:0H-events_highpri
     10 root       0 -20       0      0      0 I   0.0   0.0   0:00.00 mm_percpu_wq
     11 root      20   0       0      0      0 S   0.0   0.0   0:00.00 rcu_tasks_kthre
     12 root      20   0       0      0      0 S   0.0   0.0   0:00.00 rcu_tasks_rude_
     13 root      20   0       0      0      0 S   0.0   0.0   0:00.00 rcu_tasks_trace
     14 root      20   0       0      0      0 S   0.0   0.0   0:10.91 ksoftirqd/0
     15 root      20   0       0      0      0 I   0.0   0.0   0:04.55 rcu_preempt
     16 root      rt   0       0      0      0 S   0.0   0.0   0:00.01 migration/0
     17 root      20   0       0      0      0 S   0.0   0.0   0:00.00 cpuhp/0
     18 root      20   0       0      0      0 S   0.0   0.0   0:00.00 cpuhp/1
     19 root      rt   0       0      0      0 S   0.0   0.0   0:00.01 migration/1
     20 root      20   0       0      0      0 S   0.0   0.0   0:00.66 ksoftirqd/1
     22 root       0 -20       0      0      0 I   0.0   0.0   0:00.00 kworker/1:0H-events_highpri
     23 root      20   0       0      0      0 S   0.0   0.0   0:00.00 cpuhp/2
     24 root      rt   0       0      0      0 S   0.0   0.0   0:00.00 migration/2
     25 root      20   0       0      0      0 S   0.0   0.0   0:00.68 ksoftirqd/2
     27 root       0 -20       0      0      0 I   0.0   0.0   0:00.00 kworker/2:0H-events_highpri
     28 root      20   0       0      0      0 S   0.0   0.0   0:00.00 cpuhp/3
     29 root      rt   0       0      0      0 S   0.0   0.0   0:00.00 migration/3
     30 root      20   0       0      0      0 S   0.0   0.0   0:00.63 ksoftirqd/3
     32 root       0 -20       0      0      0 I   0.0   0.0   0:00.00 kworker/3:0H-events_highpri
     33 root      20   0       0      0      0 S   0.0   0.0   0:00.00 cpuhp/4
     34 root      rt   0       0      0      0 S   0.0   0.0   0:00.02 migration/4
     35 root      20   0       0      0      0 S   0.0   0.0   0:00.47 ksoftirqd/4
     37 root       0 -20       0      0      0 I   0.0   0.0   0:00.00 kworker/4:0H-kblockd
     38 root      20   0       0      0      0 S   0.0   0.0   0:00.00 cpuhp/5
     39 root      rt   0       0      0      0 S   0.0   0.0   0:00.03 migration/5
     40 root      20   0       0      0      0 S   0.0   0.0   0:00.47 ksoftirqd/5
     42 root       0 -20       0      0      0 I   0.0   0.0   0:00.00 kworker/5:0H-events_highpri
     43 root      20   0       0      0      0 S   0.0   0.0   0:00.01 kdevtmpfs
     44 root       0 -20       0      0      0 I   0.0   0.0   0:00.00 inet_frag_wq
     51 root      20   0       0      0      0 S   0.0   0.0   0:00.00 kauditd
     52 root      20   0       0      0      0 S   0.0   0.0   0:00.00 oom_reaper
     53 root       0 -20       0      0      0 I   0.0   0.0   0:00.00 writeback
     54 root      20   0       0      0      0 S   0.0   0.0   0:00.10 kcompactd0
     55 root      25   5       0      0      0 S   0.0   0.0   0:00.00 ksmd
     56 root      39  19       0      0      0 S   0.0   0.0   0:01.15 khugepaged
     67 root       0 -20       0      0      0 I   0.0   0.0   0:00.00 cryptd
     86 root       0 -20       0      0      0 I   0.0   0.0   0:00.00 kintegrityd
     87 root       0 -20       0      0      0 I   0.0   0.0   0:00.00 kblockd
     88 root       0 -20       0      0      0 I   0.0   0.0   0:00.00 blkcg_punt_bio
     89 root       0 -20       0      0      0 I   0.0   0.0   0:00.00 tpm_dev_wq
     90 root       0 -20       0      0      0 I   0.0   0.0   0:00.00 ata_sff
     91 root       0 -20       0      0      0 I   0.0   0.0   0:00.00 edac-poller
     92 root       0 -20       0      0      0 I   0.0   0.0   0:00.00 devfreq_wq
     93 root     -51   0       0      0      0 S   0.0   0.0   0:00.00 watchdogd
     96 root       0 -20       0      0      0 I   0.0   0.0   0:00.04 kworker/1:1H-kblockd
     97 root       0 -20       0      0      0 I   0.0   0.0   0:00.00 rpciod
     99 root       0 -20       0      0      0 I   0.0   0.0   0:00.00 xprtiod
    127 root      20   0       0      0      0 S   0.0   0.0   0:00.00 kswapd0
    128 root       0 -20       0      0      0 I   0.0   0.0   0:00.00 nfsiod
    132 root       0 -20       0      0      0 I   0.0   0.0   0:00.00 vfio-irqfd-clea
    133 root       0 -20       0      0      0 I   0.0   0.0   0:00.00 bch_btree_io
    134 root       0 -20       0      0      0 I   0.0   0.0   0:00.00 bcache
    135 root       0 -20       0      0      0 I   0.0   0.0   0:00.00 bch_journal
    136 root       0 -20       0      0      0 I   0.0   0.0   0:00.00 dm_bufio_cache
    137 root      20   0       0      0      0 I   0.0   0.0   0:01.26 kworker/1:2-events
    139 root      20   0       0      0      0 I   0.0   0.0   0:00.75 kworker/2:3-events
    140 root      10 -10       0      0      0 S   0.0   0.0   0:00.00 krfcommd
    141 root      20   0       0      0      0 S   0.0   0.0   0:00.01 pr/tty0
    142 root      20   0       0      0      0 S   0.0   0.0   0:03.04 pr/ttyTCU0
    145 root     -51   0       0      0      0 S   0.0   0.0   0:00.00 irq/114-3160000
    147 root     -51   0       0      0      0 S   0.0   0.0   0:00.00 irq/115-3180000
    149 root     -51   0       0      0      0 S   0.0   0.0   0:00.00 irq/116-31b0000
    150 root     -51   0       0      0      0 S   0.0   0.0   0:00.01 irq/167-c240000
    151 root     -51   0       0      0      0 S   0.0   0.0   0:00.00 irq/168-c250000
    152 root     -51   0       0      0      0 S   0.0   0.0   0:00.00 irq/125-3610000
    153 root     -51   0       0      0      0 S   0.0   0.0   0:00.00 irq/122-3610000
    155 root       0 -20       0      0      0 I   0.0   0.0   0:00.00 sdhci
    156 root     -51   0       0      0      0 S   0.0   0.0   0:00.00 irq/120-mmc0
    157 root     -51   0       0      0      0 S   0.0   0.0   0:00.00 irq/230-3400000
    174 root       0 -20       0      0      0 I   0.0   0.0   0:00.05 kworker/3:1H-kblockd
    180 root     -51   0       0      0      0 S   0.0   0.0   0:00.00 irq/191-tegra-p
    181 root       0 -20       0      0      0 I   0.0   0.0   0:00.00 nvme-wq
    182 root       0 -20       0      0      0 I   0.0   0.0   0:00.00 nvme-reset-wq
    183 root       0 -20       0      0      0 I   0.0   0.0   0:00.00 nvme-delete-wq
    192 root     -51   0       0      0      0 S   0.0   0.0   0:00.00 irq/191-aerdrv
    193 root     -51   0       0      0      0 S   0.0   0.0   0:00.00 irq/193-tegra-p
    196 root     -51   0       0      0      0 S   0.0   0.0   0:00.00 irq/193-aerdrv
    197 root     -51   0       0      0      0 S   0.0   0.0   0:00.00 irq/195-tegra-p
    199 root     -51   0       0      0      0 S   0.0   0.0   0:00.00 irq/232-nvme0q0
    200 root     -51   0       0      0      0 S   0.0   0.0   0:00.22 irq/233-nvme0q1
    201 root     -51   0       0      0      0 S   0.0   0.0   0:00.26 irq/234-nvme0q2
    202 root     -51   0       0      0      0 S   0.0   0.0   0:00.40 irq/235-nvme0q3
    203 root     -51   0       0      0      0 S   0.0   0.0   0:00.52 irq/236-nvme0q4
    204 root     -51   0       0      0      0 S   0.0   0.0   0:00.13 irq/237-nvme0q5
    205 root     -51   0       0      0      0 S   0.0   0.0   0:00.09 irq/238-nvme0q6
    211 root       0 -20       0      0      0 I   0.0   0.0   0:00.05 kworker/4:1H-kblockd
    212 root      20   0       0      0      0 S   0.0   0.0   0:00.74 jbd2/nvme0n1p1-
    213 root       0 -20       0      0      0 I   0.0   0.0   0:00.00 ext4-rsv-conver
    222 root       0 -20       0      0      0 I   0.0   0.0   0:00.00 mld
    223 root       0 -20       0      0      0 I   0.0   0.0   0:00.03 kworker/0:1H-kblockd
    224 root       0 -20       0      0      0 I   0.0   0.0   0:00.00 ipv6_addrconf
    278 root       0 -20       0      0      0 I   0.0   0.0   0:00.06 kworker/2:1H-kblockd
    280 root      39  19       0      0      0 S   0.0   0.0   0:00.40 nvmap-bz
    281 root     -51   0       0      0      0 S   0.0   0.0   0:00.00 irq/188-host1x_
    285 root     -51   0       0      0      0 S   0.0   0.0   0:00.00 irq/197-gk20a_s
    286 root     -51   0       0      0      0 S   0.0   0.0   0:00.01 irq/198-gk20a_s
    287 root     -51   0       0      0      0 S   0.0   0.0   0:00.01 irq/199-gk20a_s
    288 root     -51   0       0      0      0 S   0.0   0.0   0:00.00 irq/200-gk20a_n
    291 root       0 -20       0      0      0 I   0.0   0.0   0:00.04 kworker/5:1H-kblockd
    295 root      20   0   11116   3460   3204 S   0.0   0.0   0:00.00 nv-tee-supplica
    299 root      20   0   76588   1360   1248 S   0.0   0.0   0:00.01 tee-supplicant
    301 root       0 -20       0      0      0 I   0.0   0.0   0:00.00 optee_bus_scan
    303 root     -51   0       0      0      0 S   0.0   0.0   0:00.00 irq/189-tegra-p
    312 root      20   0   23732   6316   4080 S   0.0   0.1   0:15.41 systemd-udevd
    313 root     -51   0       0      0      0 S   0.0   0.0   0:00.00 irq/189-aerdrv
    314 root      20   0   23216   5804   3992 S   0.0   0.1   0:00.37 systemd-udevd
    315 root      20   0   23216   5020   3248 S   0.0   0.1   0:00.15 systemd-udevd
    316 root      20   0   23268   6224   4288 S   0.0   0.1   0:00.16 systemd-udevd
    317 root      20   0   23220   4364   2600 S   0.0   0.1   0:00.11 systemd-udevd
    318 root      20   0   23216   4480   2672 S   0.0   0.1   0:00.12 systemd-udevd
    319 root      20   0   23212   5812   3980 S   0.0   0.1   0:00.28 systemd-udevd
    320 root      20   0   23264   4688   2764 S   0.0   0.1   0:00.13 systemd-udevd
    321 root      20   0   23268   5072   3136 S   0.0   0.1   0:00.18 systemd-udevd
    322 root      20   0   23524   5520   3456 S   0.0   0.1   0:00.26 systemd-udevd
    323 root      20   0   23216   6268   4444 S   0.0   0.1   0:00.35 systemd-udevd
    324 root      20   0   23220   5196   3388 S   0.0   0.1   0:00.16 systemd-udevd
    325 root      20   0   23220   5808   3976 S   0.0   0.1   0:00.35 systemd-udevd
    326 root      20   0   23220   5232   3388 S   0.0   0.1   0:00.38 systemd-udevd
    327 root      20   0   23220   5468   3656 S   0.0   0.1   0:00.18 systemd-udevd
    330 root      20   0   23512   5728   3684 S   0.0   0.1   0:00.14 systemd-udevd
    331 root      20   0   24292   5540   2676 S   0.0   0.1   0:00.16 systemd-udevd
    333 root      20   0   23524   5596   3532 S   0.0   0.1   0:00.26 systemd-udevd
    334 root      20   0   23220   5080   3240 S   0.0   0.1   0:00.24 systemd-udevd
    335 root      20   0   23220   4504   2708 S   0.0   0.1   0:00.11 systemd-udevd
    336 root      20   0   23220   4696   2892 S   0.0   0.1   0:00.14 systemd-udevd
    337 root      20   0   23524   5056   2992 S   0.0   0.1   0:00.16 systemd-udevd
    339 root      20   0   23220   4980   3148 S   0.0   0.1   0:00.17 systemd-udevd
    341 root      20   0   23276   5328   3384 S   0.0   0.1   0:00.13 systemd-udevd
    342 root      20   0   23280   5176   3228 S   0.0   0.1   0:00.13 systemd-udevd
    343 root      20   0   23220   5984   4152 S   0.0   0.1   0:00.29 systemd-udevd
    344 root      20   0   23560   6700   4596 S   0.0   0.1   0:00.46 systemd-udevd
    345 root      20   0       0      0      0 S   0.0   0.0   0:00.00 15820000.crypto
    346 root      20   0       0      0      0 S   0.0   0.0   0:00.00 15840000.crypto
    368 root      20   0   23324   5984   4116 S   0.0   0.1   0:00.38 systemd-udevd
    417 root     -51   0       0      0      0 S   0.0   0.0   0:00.00 irq/219-bc00000
    419 root      -2   0       0      0      0 S   0.0   0.0   0:00.00 capture-control
    420 root      -2   0       0      0      0 S   0.0   0.0   0:00.00 capture
    422 root     -51   0       0      0      0 S   0.0   0.0   0:00.00 irq/214-tegra_d
    423 root     -51   0       0      0      0 S   0.0   0.0   0:00.00 irq/215-tegra_d
    424 root       0 -20       0      0      0 I   0.0   0.0   0:00.00 dce-async-ipc-w
    425 root     -51   0       0      0      0 S   0.0   0.0   0:00.00 irq/240-nvvrs-p
    427 root      20   0       0      0      0 S   0.0   0.0   0:00.00 nv_queue
    428 root      20   0       0      0      0 S   0.0   0.0   0:00.00 nv_queue
    483 root     -51   0       0      0      0 S   0.0   0.0   0:00.00 irq/118-3210000
    487 root      20   0       0      0      0 S   0.0   0.0   0:00.00 spi0
    495 root       0 -20       0      0      0 I   0.0   0.0   0:00.00 cfg80211
    497 root     -51   0       0      0      0 S   0.0   0.0   0:00.00 irq/119-3230000
    498 root      20   0       0      0      0 S   0.0   0.0   0:00.00 spi1
    584 root       0 -20       0      0      0 I   0.0   0.0   0:00.00 btfwwork
    650 root      20   0    8236   6424   1432 S   0.0   0.1   0:00.53 haveged
    653 _rpc      20   0    7932   2264   1912 S   0.0   0.0   0:00.02 rpcbind
    659 systemd+  20   0   26320  13580   8496 S   0.0   0.2   0:00.36 systemd-resolve
    662 systemd+  20   0   88880   6332   5484 S   0.0   0.1   0:00.12 systemd-timesyn
    826 avahi     20   0    8084   3108   2752 S   0.0   0.0   0:00.42 avahi-daemon
    827 root      20   0    9888   4552   4112 S   0.0   0.1   0:00.07 bluetoothd
    828 message+  20   0   10372   5572   3584 S   0.0   0.1   0:22.44 dbus-daemon
    829 root      20   0  264656  18684  14872 S   0.0   0.2   0:20.70 NetworkManager
    838 root      20   0   43504  19780  10232 S   0.0   0.3   0:00.15 networkd-dispat
    849 root      20   0  241652   9056   6312 S   0.0   0.1   0:00.34 power-profiles-
    859 root      20   0    2240    796    720 S   0.0   0.0   0:00.00 seatd
    865 root      20   0 2145956  51992  25768 S   0.0   0.7   0:22.67 snapd
    867 root      20   0  242124   7452   6576 S   0.0   0.1   0:01.17 accounts-daemon
    869 root      20   0  238128   6232   5620 S   0.0   0.1   0:00.04 switcheroo-cont
    871 root      20   0   48968   7620   6296 S   0.0   0.1   0:02.00 systemd-logind
    874 root      20   0  394188  13980   9476 S   0.0   0.2   0:00.52 udisksd
    875 root      20   0   16632   9928   8148 S   0.0   0.1   0:00.78 wpa_supplicant
    882 avahi     20   0    7812    356      0 S   0.0   0.0   0:00.00 avahi-daemon
    921 root      30  10   11248   3612   3220 S   0.0   0.0   0:04.81 wifi_mon.sh
    969 root      20   0  237044  10204   6400 S   0.0   0.1   1:38.21 polkitd
    983 root      20   0    2460   1556   1380 S   0.0   0.0   0:04.62 nvfancontrol
   1049 root      20   0       0      0      0 S   0.0   0.0   0:00.00 sw-quiesce
   1052 root      20   0       0      0      0 S   0.0   0.0   0:11.40 nvgpu_channel_p
   1068 root      20   0       0      0      0 S   0.0   0.0   0:00.00 nvgpu_pg_init_g
   1087 root      20   0       0      0      0 S   0.0   0.0   0:00.00 nvgpu_clk_arb_p
   1117 root      20   0       0      0      0 S   0.0   0.0   0:04.38 RTW_CMD_THREAD
   1157 root      20   0   75936   9960   8136 S   0.0   0.1   0:00.01 nvargus-daemon
   1158 root      20   0   11116   3520   3220 S   0.0   0.0   0:00.04 nvmemwarning.sh
   1171 root      20   0   22192   1776   1580 S   0.0   0.0   0:00.00 nvs-service
   1181 ollama    20   0 2006720  39588  20072 S   0.0   0.5   0:00.64 ollama
   1195 root      20   0    2336   1408   1292 S   0.0   0.0   0:01.96 run-cups-browse
   1201 root      20   0    2336   1424   1296 S   0.0   0.0   0:02.02 run-cupsd
   1204 root      20   0       0      0      0 S   0.0   0.0   0:00.00 pr/ramoops-1
   1212 root      20   0 2019288  66636  33572 S   0.0   0.9   0:13.44 containerd
   1239 root      20   0   10772   2824   2576 S   0.0   0.0   0:00.03 cron
   1259 root      20   0  243128   8056   7012 S   0.0   0.1   0:00.02 gdm3
   1263 kernoops  20   0   12812    452      0 S   0.0   0.0   0:00.01 kerneloops
   1290 root      20   0    9468    800    724 S   0.0   0.0   0:00.00 agetty
   1291 kernoops  20   0   12812    452      0 S   0.0   0.0   0:00.01 kerneloops
   1293 root      20   0    9468    804    724 S   0.0   0.0   0:00.00 agetty
   1330 root      20   0  173408   8804   7628 S   0.0   0.1   0:00.02 gdm-session-wor
   1417 root      20   0       0      0      0 S   0.0   0.0   0:00.00 file-storage
   1426 root      20   0   15272   8368   6788 S   0.0   0.1   0:00.38 sshd
   1474 gdm       20   0   18120   9728   7360 S   0.0   0.1   0:00.41 systemd
   1478 root      20   0    3076    992    880 S   0.0   0.0   0:00.00 nvphsd
   1483 root      20   0    3208   1476   1316 S   0.0   0.0   0:00.00 nvphsd
   1497 gdm       20   0  106692   4552      0 S   0.0   0.1   0:00.00 (sd-pam)
   1588 root      20   0 2278700 101092  56496 S   0.0   1.3   0:04.35 dockerd
   1688 gdm        9 -11   41972   6468   5156 S   0.0   0.1   0:00.05 pipewire
   1689 gdm       20   0   25476   6428   5104 S   0.0   0.1   0:00.83 pipewire-media-
   1690 gdm        9 -11  891840  20748  12584 S   0.0   0.3   0:00.70 pulseaudio
   1695 gdm       20   0  163948   5472   4964 S   0.0   0.1   0:00.00 gdm-x-session
   1697 root      20   0   24.2g  80496  35884 S   0.0   1.0   0:01.46 Xorg
   1698 rtkit     21   1  153504   1588   1380 S   0.0   0.0   0:00.19 rtkit-daemon
   1729 gdm       20   0    8840   3600   3212 S   0.0   0.0   0:00.02 dbus-daemon
   1748 root      20   0       0      0      0 S   0.0   0.0   0:00.00 nvidia-modeset/
   1749 root      20   0       0      0      0 S   0.0   0.0   0:00.00 nvidia-modeset/
   1752 root      20   0       0      0      0 S   0.0   0.0   0:00.00 nvidia
   1753 root      20   0       0      0      0 S   0.0   0.0   0:00.00 nv_queue
   1790 root      20   0       0      0      0 S   0.0   0.0   0:00.00 nvidia-drm-nv-t
   1791 root     -51   0       0      0      0 S   0.0   0.0   0:00.00 card1-crtc0
   1792 root     -51   0       0      0      0 S   0.0   0.0   0:00.00 card1-crtc1
   1980 gdm       20   0    5876   1552   1344 S   0.0   0.0   0:00.00 dbus-run-sessio
   1983 gdm       20   0    9108   4440   3588 S   0.0   0.1   0:00.13 dbus-daemon
   2035 gdm       20   0  597840  17824  12972 S   0.0   0.2   0:00.60 gnome-session-b
   2057 gdm       20   0  310068   8976   6272 S   0.0   0.1   0:00.00 at-spi-bus-laun
   2062 gdm       20   0    8692   3556   3168 S   0.0   0.0   0:00.00 dbus-daemon
   2071 gdm       20   0 3471500 137264  73260 S   0.0   1.8   0:26.70 gnome-shell
   2092 gdm       20   0  237676   4964   4528 S   0.0   0.1   0:00.00 xdg-permission-
   2099 root      20   0  243852  10136   6984 S   0.0   0.1   0:00.29 upowerd
   2106 root      20   0  301608  19332  16408 S   0.0   0.2   0:00.86 packagekitd
   2110 gdm       20   0 2812288  25716  20860 S   0.0   0.3   0:00.08 gjs
   2113 gdm       20   0  163144   7196   6428 S   0.0   0.1   0:00.01 at-spi2-registr
   2141 gdm       20   0  468748   9856   7940 S   0.0   0.1   0:01.08 gsd-sharing
   2146 gdm       20   0  338880  14892  12620 S   0.0   0.2   0:00.06 gsd-wacom
   2148 gdm       20   0  451616  18896  16480 S   0.0   0.2   0:00.15 gsd-color
   2150 gdm       20   0  412392  17092  13292 S   0.0   0.2   0:00.04 gsd-keyboard
   2152 gdm       20   0  316864  13188   6244 S   0.0   0.2   0:00.10 ibus-daemon
   2156 gdm       20   0  326124   9848   8488 S   0.0   0.1   0:00.02 gsd-print-notif
   2166 gdm       20   0  242216   6512   5848 S   0.0   0.1   0:00.01 gvfsd
   2168 gdm       20   0  459796   6140   5436 S   0.0   0.1   0:00.31 gsd-rfkill
   2170 gdm       20   0  388312   7432   6528 S   0.0   0.1   0:00.01 gsd-smartcard
   2173 gdm       20   0  380556  16508  12504 S   0.0   0.2   0:00.03 gsd-datetime
   2183 gdm       20   0  864216  20108  17428 S   0.0   0.3   0:00.32 gsd-media-keys
   2184 gdm       20   0  237936   4760   4376 S   0.0   0.1   0:00.01 gsd-screensaver
   2185 gdm       20   0  322096  10392   7320 S   0.0   0.1   0:00.02 gsd-sound
   2186 gdm       20   0  312416   8104   5476 S   0.0   0.1   0:00.01 gsd-a11y-settin
   2193 gdm       20   0  313996   8944   6152 S   0.0   0.1   0:00.56 gsd-housekeepin
   2195 gdm       20   0  450004  20288  15904 S   0.0   0.3   0:00.31 gsd-power
   2218 gdm       20   0  347052  12608  10748 S   0.0   0.2   0:00.03 gsd-printer
   2221 gdm       20   0  239040   6576   5948 S   0.0   0.1   0:00.00 ibus-dconf
   2233 gdm       20   0  238936   5920   5488 S   0.0   0.1   0:00.00 ibus-portal
   2263 colord    20   0  247516  14492   8720 S   0.0   0.2   0:00.22 colord
   2285 gdm       20   0 2812300  27868  20904 S   0.0   0.4   0:00.09 gjs
   2349 gdm       20   0  165096   6516   5892 S   0.0   0.1   0:00.01 ibus-engine-sim
   2508 root      20   0  136716  13172   9512 S   0.0   0.2   0:00.57 cupsd
   2522 root      20   0  260792  17940  13508 S   0.0   0.2   0:01.09 cups-browsed
  11687 jetson    20   0   18140   9764   7368 S   0.0   0.1   0:00.32 systemd
  11688 jetson    20   0  172512   4632      0 S   0.0   0.1   0:00.00 (sd-pam)
  11696 jetson    20   0   41976   6552   5228 S   0.0   0.1   0:00.04 pipewire
  11697 jetson    20   0   25484   6724   5388 S   0.0   0.1   0:00.88 pipewire-media-
  11749 jetson    20   0    8888   3620   3232 S   0.0   0.0   0:00.01 dbus-daemon
  11931 jetson    20   0  706564  62076  26432 S   0.0   0.8   1:05.61 python3
  12473 root      20   0 1233488  14092   6340 S   0.0   0.2   0:01.65 containerd-shim
  12502 jetson    20   0    5508    792    704 S   0.0   0.0   0:00.20 sleep
  12575 root      20   0   21760   4520   2952 S   0.0   0.1   0:28.21 systemd-udevd
  13234 jetson    20   0  203640  35476  13212 S   0.0   0.5   0:00.75 ros2
  13238 jetson    20   0  428384  31060  15828 S   0.0   0.4   1:07.61 robot_state_pub
  13265 root      20   0 1232976  11124   5960 S   0.0   0.1   0:01.17 containerd-shim
  13294 root      20   0   49400  29204  14412 S   0.0   0.4   0:00.40 ros2
  13554 root      20   0   21760   4448   2932 S   0.0   0.1   0:00.02 systemd-udevd
  13555 root      20   0   21760   3352   1860 S   0.0   0.0   0:00.00 systemd-udevd
  13568 root      20   0   21760   3376   1864 S   0.0   0.0   0:00.02 systemd-udevd
  13569 root      20   0   21760   4128   2588 S   0.0   0.1   0:00.04 systemd-udevd
  13570 root      20   0   21764   4488   2960 S   0.0   0.1   0:00.04 systemd-udevd
  13571 root      20   0   21764   4104   2588 S   0.0   0.1   0:00.03 systemd-udevd
  13580 root      20   0   21764   4136   2588 S   0.0   0.1   0:00.03 systemd-udevd
  13581 root      20   0   21764   3708   2180 S   0.0   0.0   0:00.00 systemd-udevd
  13582 root      20   0   21764   4252   2704 S   0.0   0.1   0:00.05 systemd-udevd
  13594 root      20   0   21764   3408   1864 S   0.0   0.0   0:00.01 systemd-udevd
  13595 root      20   0   21764   3652   2120 S   0.0   0.0   0:00.02 systemd-udevd
  31399 root      20   0       0      0      0 I   0.0   0.0   0:14.51 kworker/u12:8-events_unbound
  33484 root      20   0       0      0      0 I   0.0   0.0   0:09.51 kworker/u12:0-events_unbound
  42253 root      20   0       0      0      0 I   0.0   0.0   0:10.81 kworker/u12:3-events_unbound
  49116 root      20   0       0      0      0 I   0.0   0.0   0:00.62 kworker/0:0-events
  51824 root      20   0       0      0      0 I   0.0   0.0   0:01.27 kworker/5:1-events
  59272 root      20   0       0      0      0 I   0.0   0.0   0:01.09 kworker/3:3-events
  85708 root      20   0       0      0      0 I   0.0   0.0   0:00.34 kworker/4:1-events
  90870 root      20   0       0      0      0 I   0.0   0.0   0:08.11 kworker/u12:11-events_unbound
  95815 root      20   0       0      0      0 I   0.0   0.0   0:00.00 kworker/0:2-events
  96157 root      20   0       0      0      0 I   0.0   0.0   0:00.00 kworker/4:2-events
  97402 root      20   0       0      0      0 I   0.0   0.0   0:06.15 kworker/u12:5-events_freezable_power_
  98042 jetson    20   0  572504  36008  13228 S   0.0   0.5   0:01.77 ros2
  98052 jetson    20   0 1082804  58392  26368 S   0.0   0.7   0:39.04 foxglove_bridge
  98155 root      20   0       0      0      0 I   0.0   0.0   0:00.00 kworker/2:1-events
  98217 root      20   0  238836   6944   5696 S   0.0   0.1   0:01.50 iio-sensor-prox
  98455 jetson    20   0  129772  36116  13228 S   0.0   0.5   0:00.71 ros2
 100055 root      20   0       0      0      0 I   0.0   0.0   0:00.00 kworker/5:2-cgroup_destroy
 100141 root      20   0       0      0      0 I   0.0   0.0   0:06.80 kworker/u12:6-events_unbound
 100706 jetson    20   0   53568  30372  15020 S   0.0   0.4   0:00.43 ros2
 149635 root      20   0       0      0      0 I   0.0   0.0   0:00.00 kworker/3:0-events
 174364 root      20   0       0      0      0 I   0.0   0.0   0:02.42 kworker/u12:4-events_unbound
 192628 root       0 -20       0      0      0 I   0.0   0.0   0:04.51 kworker/u13:1-uvcvideo
 199974 root      20   0       0      0      0 I   0.0   0.0   0:01.75 kworker/u12:1-events_unbound
 211464 root      20   0       0      0      0 I   0.0   0.0   0:01.28 kworker/u12:7-events_unbound
 219316 root       0 -20       0      0      0 I   0.0   0.0   0:01.74 kworker/u13:3-uvcvideo
 223411 root      20   0       0      0      0 I   0.0   0.0   0:00.00 kworker/1:0-cgroup_destroy
 229418 root      20   0       0      0      0 I   0.0   0.0   0:00.32 kworker/u12:10-events_unbound
 233042 root      20   0    9436    768    688 S   0.0   0.0   0:00.00 sleep
 233444 root       0 -20       0      0      0 I   0.0   0.0   0:00.38 kworker/u13:2-uvcvideo
 234184 root      20   0       0      0      0 I   0.0   0.0   0:00.00 kworker/0:1-events
 234228 root      20   0       0      0      0 I   0.0   0.0   0:00.00 kworker/3:1
 234272 root      20   0       0      0      0 I   0.0   0.0   0:00.00 kworker/2:0-cgroup_destroy
 234404 root      20   0       0      0      0 I   0.0   0.0   0:00.03 kworker/5:0-events
 235691 root      20   0       0      0      0 I   0.0   0.0   0:00.00 kworker/1:1-events
 236264 jetson    20   0   11248   3292   2852 S   0.0   0.0   0:00.03 bash
 238391 jetson    20   0   11248   3300   2864 S   0.0   0.0   0:00.01 bash
 238443 jetson    20   0    2872    896    800 S   0.0   0.0   0:00.04 tegrastats
 238637 jetson    20   0    9480    820    736 S   0.0   0.0   0:00.00 tail
 239050 root      30  10    9436    780    704 S   0.0   0.0   0:00.00 sleep

top - 13:14:24 up  3:37,  0 users,  load average: 10.05, 6.72, 4.92
Tasks: 349 total,   3 running, 346 sleeping,   0 stopped,   0 zombie
%Cpu(s): 44.2 us, 12.2 sy,  0.0 ni, 39.2 id,  0.0 wa,  2.3 hi,  2.1 si,  0.0 st
MiB Mem :   7607.4 total,   2820.1 free,   2027.3 used,   2760.0 buff/cache
MiB Swap:   3803.7 total,   3803.7 free,      0.0 used.   5282.1 avail Mem 

    PID USER      PR  NI    VIRT    RES    SHR S  %CPU  %MEM     TIME+ COMMAND
 238636 jetson    20   0  752656  72320  29576 R  39.9   0.9   0:07.13 python3
  98338 jetson    20   0  709016  64620  27260 R  35.0   0.8  28:12.90 python3
 102583 jetson    20   0  963132  48220  23528 S  29.6   0.6   7:06.77 controller_serv
 238441 jetson    20   0  763896  56128  25416 S  23.2   0.7   0:05.13 ros2
 100721 jetson    20   0 9355252 432708  88656 S  19.7   5.6  12:27.47 nvblox_node
    969 root      20   0  237044  10204   6400 S  19.2   0.1   1:38.60 polkitd
 102592 jetson    20   0  530888  48340  26220 S  14.8   0.6   6:05.83 bt_navigator
  98046 jetson    20   0  711244  66660  27240 S  14.3   0.9  12:11.58 python3
  98044 jetson    20   0 1813632 105696  51328 S  13.3   1.4  10:17.85 realsense2_came
  98048 jetson    20   0  432960  28196  14244 S  13.3   0.4  12:37.22 rplidar_node
  98457 jetson    20   0 1061924  53976  24360 S  12.3   0.7   2:16.04 async_slam_tool
  98340 jetson    20   0  506224  33968  18400 S  11.3   0.4   8:27.05 ekf_node
 102641 jetson    20   0  577392  31872  16252 S  10.3   0.4   7:42.95 lifecycle_manag
 102587 jetson    20   0 1210040  96208  42692 S   9.9   1.2   6:50.37 planner_server
  98050 jetson    20   0  708072  65988  27372 S   9.4   0.8   6:07.16 python3
 102581 jetson    20   0  709536  62208  27352 S   8.4   0.8   2:48.68 python3
 102589 jetson    20   0  516304  37492  21032 S   6.4   0.5   4:57.06 behavior_server
 102585 jetson    20   0  664660  35172  19412 S   5.9   0.5   4:09.32 smoother_server
 102637 jetson    20   0  428576  29080  15960 S   5.9   0.4   3:22.22 velocity_smooth
 102619 jetson    20   0  431272  31524  17020 S   5.4   0.4   3:21.63 waypoint_follow
    828 message+  20   0   10372   5572   3584 S   4.4   0.1   0:22.53 dbus-daemon
  13320 root      20   0 1300240  43896  11392 S   4.4   0.6  14:23.17 micro_ros_agent
    829 root      20   0  264656  18684  14872 S   3.4   0.2   0:20.77 NetworkManager
      1 root      20   0  167628  11764   7444 S   2.0   0.2   0:17.12 systemd
    904 root      rt   0       0      0      0 D   1.0   0.0   0:50.39 sugov:0
    909 root      rt   0       0      0      0 D   1.0   0.0   0:23.85 sugov:4
   2071 gdm       20   0 3471500 137264  73260 S   1.0   1.8   0:26.72 gnome-shell
 205195 root       0 -20       0      0      0 I   1.0   0.0   0:03.48 kworker/u13:0-uvcvideo
 238442 jetson    20   0   14344   3352   2756 R   1.0   0.0   0:00.21 top
    312 root      20   0   23732   6316   4080 S   0.5   0.1   0:15.42 systemd-udevd
    867 root      20   0  242124   7452   6576 S   0.5   0.1   0:01.18 accounts-daemon
    871 root      20   0   48968   7620   6296 S   0.5   0.1   0:02.01 systemd-logind
   1212 root      20   0 2019288  66636  33572 S   0.5   0.9   0:13.45 containerd
   1426 root      20   0   15272   8368   6788 S   0.5   0.1   0:00.39 sshd
   2035 gdm       20   0  597840  17824  12972 S   0.5   0.2   0:00.61 gnome-session-b
  11931 jetson    20   0  706564  62076  26432 S   0.5   0.8   1:05.62 python3
  90870 root      20   0       0      0      0 I   0.5   0.0   0:08.12 kworker/u12:11-events_unbound
 100141 root      20   0       0      0      0 I   0.5   0.0   0:06.81 kworker/u12:6-events_freezable_power_
 102542 jetson    20   0  723188  41844  13224 S   0.5   0.5   0:01.26 ros2
 199974 root      20   0       0      0      0 I   0.5   0.0   0:01.76 kworker/u12:1-events_freezable_power_
 225822 root      20   0       0      0      0 I   0.5   0.0   0:00.61 kworker/u12:9-events_unbound
      2 root      20   0       0      0      0 S   0.0   0.0   0:00.02 kthreadd
      3 root       0 -20       0      0      0 I   0.0   0.0   0:00.00 rcu_gp
      4 root       0 -20       0      0      0 I   0.0   0.0   0:00.00 rcu_par_gp
      5 root       0 -20       0      0      0 I   0.0   0.0   0:00.00 slub_flushwq
      6 root       0 -20       0      0      0 I   0.0   0.0   0:00.00 netns
      8 root       0 -20       0      0      0 I   0.0   0.0   0:00.00 kworker/0:0H-events_highpri
     10 root       0 -20       0      0      0 I   0.0   0.0   0:00.00 mm_percpu_wq
     11 root      20   0       0      0      0 S   0.0   0.0   0:00.00 rcu_tasks_kthre
     12 root      20   0       0      0      0 S   0.0   0.0   0:00.00 rcu_tasks_rude_
     13 root      20   0       0      0      0 S   0.0   0.0   0:00.00 rcu_tasks_trace
     14 root      20   0       0      0      0 S   0.0   0.0   0:10.91 ksoftirqd/0
     15 root      20   0       0      0      0 I   0.0   0.0   0:04.55 rcu_preempt
     16 root      rt   0       0      0      0 S   0.0   0.0   0:00.01 migration/0
     17 root      20   0       0      0      0 S   0.0   0.0   0:00.00 cpuhp/0
     18 root      20   0       0      0      0 S   0.0   0.0   0:00.00 cpuhp/1
     19 root      rt   0       0      0      0 S   0.0   0.0   0:00.01 migration/1
     20 root      20   0       0      0      0 S   0.0   0.0   0:00.66 ksoftirqd/1
     22 root       0 -20       0      0      0 I   0.0   0.0   0:00.00 kworker/1:0H-events_highpri
     23 root      20   0       0      0      0 S   0.0   0.0   0:00.00 cpuhp/2
     24 root      rt   0       0      0      0 S   0.0   0.0   0:00.00 migration/2
     25 root      20   0       0      0      0 S   0.0   0.0   0:00.68 ksoftirqd/2
     27 root       0 -20       0      0      0 I   0.0   0.0   0:00.00 kworker/2:0H-events_highpri
     28 root      20   0       0      0      0 S   0.0   0.0   0:00.00 cpuhp/3
     29 root      rt   0       0      0      0 S   0.0   0.0   0:00.00 migration/3
     30 root      20   0       0      0      0 S   0.0   0.0   0:00.63 ksoftirqd/3
     32 root       0 -20       0      0      0 I   0.0   0.0   0:00.00 kworker/3:0H-events_highpri
     33 root      20   0       0      0      0 S   0.0   0.0   0:00.00 cpuhp/4
     34 root      rt   0       0      0      0 S   0.0   0.0   0:00.02 migration/4
     35 root      20   0       0      0      0 S   0.0   0.0   0:00.47 ksoftirqd/4
     37 root       0 -20       0      0      0 I   0.0   0.0   0:00.00 kworker/4:0H-kblockd
     38 root      20   0       0      0      0 S   0.0   0.0   0:00.00 cpuhp/5
     39 root      rt   0       0      0      0 S   0.0   0.0   0:00.03 migration/5
     40 root      20   0       0      0      0 S   0.0   0.0   0:00.47 ksoftirqd/5
     42 root       0 -20       0      0      0 I   0.0   0.0   0:00.00 kworker/5:0H-events_highpri
     43 root      20   0       0      0      0 S   0.0   0.0   0:00.01 kdevtmpfs
     44 root       0 -20       0      0      0 I   0.0   0.0   0:00.00 inet_frag_wq
     51 root      20   0       0      0      0 S   0.0   0.0   0:00.00 kauditd
     52 root      20   0       0      0      0 S   0.0   0.0   0:00.00 oom_reaper
     53 root       0 -20       0      0      0 I   0.0   0.0   0:00.00 writeback
     54 root      20   0       0      0      0 S   0.0   0.0   0:00.10 kcompactd0
     55 root      25   5       0      0      0 S   0.0   0.0   0:00.00 ksmd
     56 root      39  19       0      0      0 S   0.0   0.0   0:01.15 khugepaged
     67 root       0 -20       0      0      0 I   0.0   0.0   0:00.00 cryptd
     86 root       0 -20       0      0      0 I   0.0   0.0   0:00.00 kintegrityd
     87 root       0 -20       0      0      0 I   0.0   0.0   0:00.00 kblockd
     88 root       0 -20       0      0      0 I   0.0   0.0   0:00.00 blkcg_punt_bio
     89 root       0 -20       0      0      0 I   0.0   0.0   0:00.00 tpm_dev_wq
     90 root       0 -20       0      0      0 I   0.0   0.0   0:00.00 ata_sff
     91 root       0 -20       0      0      0 I   0.0   0.0   0:00.00 edac-poller
     92 root       0 -20       0      0      0 I   0.0   0.0   0:00.00 devfreq_wq
     93 root     -51   0       0      0      0 S   0.0   0.0   0:00.00 watchdogd
     96 root       0 -20       0      0      0 I   0.0   0.0   0:00.04 kworker/1:1H-kblockd
     97 root       0 -20       0      0      0 I   0.0   0.0   0:00.00 rpciod
     99 root       0 -20       0      0      0 I   0.0   0.0   0:00.00 xprtiod
    127 root      20   0       0      0      0 S   0.0   0.0   0:00.00 kswapd0
    128 root       0 -20       0      0      0 I   0.0   0.0   0:00.00 nfsiod
    132 root       0 -20       0      0      0 I   0.0   0.0   0:00.00 vfio-irqfd-clea
    133 root       0 -20       0      0      0 I   0.0   0.0   0:00.00 bch_btree_io
    134 root       0 -20       0      0      0 I   0.0   0.0   0:00.00 bcache
    135 root       0 -20       0      0      0 I   0.0   0.0   0:00.00 bch_journal
    136 root       0 -20       0      0      0 I   0.0   0.0   0:00.00 dm_bufio_cache
    137 root      20   0       0      0      0 I   0.0   0.0   0:01.26 kworker/1:2-events
    139 root      20   0       0      0      0 I   0.0   0.0   0:00.75 kworker/2:3-events
    140 root      10 -10       0      0      0 S   0.0   0.0   0:00.00 krfcommd
    141 root      20   0       0      0      0 S   0.0   0.0   0:00.01 pr/tty0
    142 root      20   0       0      0      0 S   0.0   0.0   0:03.04 pr/ttyTCU0
    145 root     -51   0       0      0      0 S   0.0   0.0   0:00.00 irq/114-3160000
    147 root     -51   0       0      0      0 S   0.0   0.0   0:00.00 irq/115-3180000
    149 root     -51   0       0      0      0 S   0.0   0.0   0:00.00 irq/116-31b0000
    150 root     -51   0       0      0      0 S   0.0   0.0   0:00.01 irq/167-c240000
    151 root     -51   0       0      0      0 S   0.0   0.0   0:00.00 irq/168-c250000
    152 root     -51   0       0      0      0 S   0.0   0.0   0:00.00 irq/125-3610000
    153 root     -51   0       0      0      0 S   0.0   0.0   0:00.00 irq/122-3610000
    155 root       0 -20       0      0      0 I   0.0   0.0   0:00.00 sdhci
    156 root     -51   0       0      0      0 S   0.0   0.0   0:00.00 irq/120-mmc0
    157 root     -51   0       0      0      0 S   0.0   0.0   0:00.00 irq/230-3400000
    174 root       0 -20       0      0      0 I   0.0   0.0   0:00.05 kworker/3:1H-kblockd
    180 root     -51   0       0      0      0 S   0.0   0.0   0:00.00 irq/191-tegra-p
    181 root       0 -20       0      0      0 I   0.0   0.0   0:00.00 nvme-wq
    182 root       0 -20       0      0      0 I   0.0   0.0   0:00.00 nvme-reset-wq
    183 root       0 -20       0      0      0 I   0.0   0.0   0:00.00 nvme-delete-wq
    192 root     -51   0       0      0      0 S   0.0   0.0   0:00.00 irq/191-aerdrv
    193 root     -51   0       0      0      0 S   0.0   0.0   0:00.00 irq/193-tegra-p
    196 root     -51   0       0      0      0 S   0.0   0.0   0:00.00 irq/193-aerdrv
    197 root     -51   0       0      0      0 S   0.0   0.0   0:00.00 irq/195-tegra-p
    199 root     -51   0       0      0      0 S   0.0   0.0   0:00.00 irq/232-nvme0q0
    200 root     -51   0       0      0      0 S   0.0   0.0   0:00.22 irq/233-nvme0q1
    201 root     -51   0       0      0      0 S   0.0   0.0   0:00.26 irq/234-nvme0q2
    202 root     -51   0       0      0      0 S   0.0   0.0   0:00.40 irq/235-nvme0q3
    203 root     -51   0       0      0      0 S   0.0   0.0   0:00.52 irq/236-nvme0q4
    204 root     -51   0       0      0      0 S   0.0   0.0   0:00.13 irq/237-nvme0q5
    205 root     -51   0       0      0      0 S   0.0   0.0   0:00.09 irq/238-nvme0q6
    211 root       0 -20       0      0      0 I   0.0   0.0   0:00.05 kworker/4:1H-kblockd
    212 root      20   0       0      0      0 S   0.0   0.0   0:00.74 jbd2/nvme0n1p1-
    213 root       0 -20       0      0      0 I   0.0   0.0   0:00.00 ext4-rsv-conver
    222 root       0 -20       0      0      0 I   0.0   0.0   0:00.00 mld
    223 root       0 -20       0      0      0 I   0.0   0.0   0:00.03 kworker/0:1H-kblockd
    224 root       0 -20       0      0      0 I   0.0   0.0   0:00.00 ipv6_addrconf
    256 root      19  -1   40648  11528   9920 S   0.0   0.1   0:14.93 systemd-journal
    278 root       0 -20       0      0      0 I   0.0   0.0   0:00.06 kworker/2:1H-kblockd
    280 root      39  19       0      0      0 S   0.0   0.0   0:00.40 nvmap-bz
    281 root     -51   0       0      0      0 S   0.0   0.0   0:00.00 irq/188-host1x_
    285 root     -51   0       0      0      0 S   0.0   0.0   0:00.00 irq/197-gk20a_s
    286 root     -51   0       0      0      0 S   0.0   0.0   0:00.01 irq/198-gk20a_s
    287 root     -51   0       0      0      0 S   0.0   0.0   0:00.01 irq/199-gk20a_s
    288 root     -51   0       0      0      0 S   0.0   0.0   0:00.00 irq/200-gk20a_n
    291 root       0 -20       0      0      0 I   0.0   0.0   0:00.04 kworker/5:1H-kblockd
    295 root      20   0   11116   3460   3204 S   0.0   0.0   0:00.00 nv-tee-supplica
    299 root      20   0   76588   1360   1248 S   0.0   0.0   0:00.01 tee-supplicant
    301 root       0 -20       0      0      0 I   0.0   0.0   0:00.00 optee_bus_scan
    303 root     -51   0       0      0      0 S   0.0   0.0   0:00.00 irq/189-tegra-p
    313 root     -51   0       0      0      0 S   0.0   0.0   0:00.00 irq/189-aerdrv
    314 root      20   0   23216   5804   3992 S   0.0   0.1   0:00.37 systemd-udevd
    315 root      20   0   23216   5020   3248 S   0.0   0.1   0:00.15 systemd-udevd
    316 root      20   0   23268   6224   4288 S   0.0   0.1   0:00.16 systemd-udevd
    317 root      20   0   23220   4364   2600 S   0.0   0.1   0:00.11 systemd-udevd
    318 root      20   0   23216   4480   2672 S   0.0   0.1   0:00.12 systemd-udevd
    319 root      20   0   23212   5812   3980 S   0.0   0.1   0:00.28 systemd-udevd
    320 root      20   0   23264   4688   2764 S   0.0   0.1   0:00.13 systemd-udevd
    321 root      20   0   23268   5072   3136 S   0.0   0.1   0:00.18 systemd-udevd
    322 root      20   0   23524   5520   3456 S   0.0   0.1   0:00.26 systemd-udevd
    323 root      20   0   23216   6268   4444 S   0.0   0.1   0:00.35 systemd-udevd
    324 root      20   0   23220   5196   3388 S   0.0   0.1   0:00.16 systemd-udevd
    325 root      20   0   23220   5808   3976 S   0.0   0.1   0:00.35 systemd-udevd
    326 root      20   0   23220   5232   3388 S   0.0   0.1   0:00.38 systemd-udevd
    327 root      20   0   23220   5468   3656 S   0.0   0.1   0:00.18 systemd-udevd
    330 root      20   0   23512   5728   3684 S   0.0   0.1   0:00.14 systemd-udevd
    331 root      20   0   24292   5540   2676 S   0.0   0.1   0:00.16 systemd-udevd
    333 root      20   0   23524   5596   3532 S   0.0   0.1   0:00.26 systemd-udevd
    334 root      20   0   23220   5080   3240 S   0.0   0.1   0:00.24 systemd-udevd
    335 root      20   0   23220   4504   2708 S   0.0   0.1   0:00.11 systemd-udevd
    336 root      20   0   23220   4696   2892 S   0.0   0.1   0:00.14 systemd-udevd
    337 root      20   0   23524   5056   2992 S   0.0   0.1   0:00.16 systemd-udevd
    339 root      20   0   23220   4980   3148 S   0.0   0.1   0:00.17 systemd-udevd
    340 root      20   0   23544   6732   4608 S   0.0   0.1   0:52.02 systemd-udevd
    341 root      20   0   23276   5328   3384 S   0.0   0.1   0:00.13 systemd-udevd
    342 root      20   0   23280   5176   3228 S   0.0   0.1   0:00.13 systemd-udevd
    343 root      20   0   23220   5984   4152 S   0.0   0.1   0:00.29 systemd-udevd
    344 root      20   0   23560   6700   4596 S   0.0   0.1   0:00.46 systemd-udevd
    345 root      20   0       0      0      0 S   0.0   0.0   0:00.00 15820000.crypto
    346 root      20   0       0      0      0 S   0.0   0.0   0:00.00 15840000.crypto
    368 root      20   0   23324   5984   4116 S   0.0   0.1   0:00.38 systemd-udevd
    417 root     -51   0       0      0      0 S   0.0   0.0   0:00.00 irq/219-bc00000
    419 root      -2   0       0      0      0 S   0.0   0.0   0:00.00 capture-control
    420 root      -2   0       0      0      0 S   0.0   0.0   0:00.00 capture
    422 root     -51   0       0      0      0 S   0.0   0.0   0:00.00 irq/214-tegra_d
    423 root     -51   0       0      0      0 S   0.0   0.0   0:00.00 irq/215-tegra_d
    424 root       0 -20       0      0      0 I   0.0   0.0   0:00.00 dce-async-ipc-w
    425 root     -51   0       0      0      0 S   0.0   0.0   0:00.00 irq/240-nvvrs-p
    427 root      20   0       0      0      0 S   0.0   0.0   0:00.00 nv_queue
    428 root      20   0       0      0      0 S   0.0   0.0   0:00.00 nv_queue
    483 root     -51   0       0      0      0 S   0.0   0.0   0:00.00 irq/118-3210000
    487 root      20   0       0      0      0 S   0.0   0.0   0:00.00 spi0
    495 root       0 -20       0      0      0 I   0.0   0.0   0:00.00 cfg80211
    497 root     -51   0       0      0      0 S   0.0   0.0   0:00.00 irq/119-3230000
    498 root      20   0       0      0      0 S   0.0   0.0   0:00.00 spi1
    584 root       0 -20       0      0      0 I   0.0   0.0   0:00.00 btfwwork
    650 root      20   0    8236   6424   1432 S   0.0   0.1   0:00.53 haveged
    653 _rpc      20   0    7932   2264   1912 S   0.0   0.0   0:00.02 rpcbind
    659 systemd+  20   0   26320  13580   8496 S   0.0   0.2   0:00.36 systemd-resolve
    662 systemd+  20   0   88880   6332   5484 S   0.0   0.1   0:00.12 systemd-timesyn
    826 avahi     20   0    8084   3108   2752 S   0.0   0.0   0:00.42 avahi-daemon
    827 root      20   0    9888   4552   4112 S   0.0   0.1   0:00.07 bluetoothd
    838 root      20   0   43504  19780  10232 S   0.0   0.3   0:00.15 networkd-dispat
    849 root      20   0  241652   9056   6312 S   0.0   0.1   0:00.34 power-profiles-
    854 syslog    20   0  222160   5012   3672 S   0.0   0.1   0:02.92 rsyslogd
    859 root      20   0    2240    796    720 S   0.0   0.0   0:00.00 seatd
    865 root      20   0 2145956  51992  25768 S   0.0   0.7   0:22.67 snapd
    869 root      20   0  238128   6232   5620 S   0.0   0.1   0:00.04 switcheroo-cont
    874 root      20   0  394188  13980   9476 S   0.0   0.2   0:00.52 udisksd
    875 root      20   0   16632   9928   8148 S   0.0   0.1   0:00.78 wpa_supplicant
    882 avahi     20   0    7812    356      0 S   0.0   0.0   0:00.00 avahi-daemon
    921 root      30  10   11248   3612   3220 S   0.0   0.0   0:04.81 wifi_mon.sh
    983 root      20   0    2460   1556   1380 S   0.0   0.0   0:04.62 nvfancontrol
   1049 root      20   0       0      0      0 S   0.0   0.0   0:00.00 sw-quiesce
   1052 root      20   0       0      0      0 S   0.0   0.0   0:11.40 nvgpu_channel_p
   1068 root      20   0       0      0      0 S   0.0   0.0   0:00.00 nvgpu_pg_init_g
   1087 root      20   0       0      0      0 S   0.0   0.0   0:00.00 nvgpu_clk_arb_p
   1117 root      20   0       0      0      0 S   0.0   0.0   0:04.38 RTW_CMD_THREAD
   1157 root      20   0   75936   9960   8136 S   0.0   0.1   0:00.01 nvargus-daemon
   1158 root      20   0   11116   3520   3220 S   0.0   0.0   0:00.04 nvmemwarning.sh
   1171 root      20   0   22192   1776   1580 S   0.0   0.0   0:00.00 nvs-service
   1181 ollama    20   0 2006720  39588  20072 S   0.0   0.5   0:00.64 ollama
   1195 root      20   0    2336   1408   1292 S   0.0   0.0   0:01.96 run-cups-browse
   1201 root      20   0    2336   1424   1296 S   0.0   0.0   0:02.02 run-cupsd
   1204 root      20   0       0      0      0 S   0.0   0.0   0:00.00 pr/ramoops-1
   1239 root      20   0   10772   2824   2576 S   0.0   0.0   0:00.03 cron
   1259 root      20   0  243128   8056   7012 S   0.0   0.1   0:00.02 gdm3
   1263 kernoops  20   0   12812    452      0 S   0.0   0.0   0:00.01 kerneloops
   1290 root      20   0    9468    800    724 S   0.0   0.0   0:00.00 agetty
   1291 kernoops  20   0   12812    452      0 S   0.0   0.0   0:00.01 kerneloops
   1293 root      20   0    9468    804    724 S   0.0   0.0   0:00.00 agetty
   1330 root      20   0  173408   8804   7628 S   0.0   0.1   0:00.02 gdm-session-wor
   1417 root      20   0       0      0      0 S   0.0   0.0   0:00.00 file-storage
   1474 gdm       20   0   18120   9728   7360 S   0.0   0.1   0:00.41 systemd
   1478 root      20   0    3076    992    880 S   0.0   0.0   0:00.00 nvphsd
   1483 root      20   0    3208   1476   1316 S   0.0   0.0   0:00.00 nvphsd
   1497 gdm       20   0  106692   4552      0 S   0.0   0.1   0:00.00 (sd-pam)
   1588 root      20   0 2278700 101092  56496 S   0.0   1.3   0:04.35 dockerd
   1688 gdm        9 -11   41972   6468   5156 S   0.0   0.1   0:00.05 pipewire
   1689 gdm       20   0   25476   6428   5104 S   0.0   0.1   0:00.83 pipewire-media-
   1690 gdm        9 -11  891840  20748  12584 S   0.0   0.3   0:00.70 pulseaudio
   1695 gdm       20   0  163948   5472   4964 S   0.0   0.1   0:00.00 gdm-x-session
   1697 root      20   0   24.2g  80496  35884 S   0.0   1.0   0:01.46 Xorg
   1698 rtkit     21   1  153504   1588   1380 S   0.0   0.0   0:00.19 rtkit-daemon
   1729 gdm       20   0    8840   3600   3212 S   0.0   0.0   0:00.02 dbus-daemon
   1748 root      20   0       0      0      0 S   0.0   0.0   0:00.00 nvidia-modeset/
   1749 root      20   0       0      0      0 S   0.0   0.0   0:00.00 nvidia-modeset/
   1752 root      20   0       0      0      0 S   0.0   0.0   0:00.00 nvidia
   1753 root      20   0       0      0      0 S   0.0   0.0   0:00.00 nv_queue
   1790 root      20   0       0      0      0 S   0.0   0.0   0:00.00 nvidia-drm-nv-t
   1791 root     -51   0       0      0      0 S   0.0   0.0   0:00.00 card1-crtc0
   1792 root     -51   0       0      0      0 S   0.0   0.0   0:00.00 card1-crtc1
   1980 gdm       20   0    5876   1552   1344 S   0.0   0.0   0:00.00 dbus-run-sessio
   1983 gdm       20   0    9108   4440   3588 S   0.0   0.1   0:00.13 dbus-daemon
   2057 gdm       20   0  310068   8976   6272 S   0.0   0.1   0:00.00 at-spi-bus-laun
   2062 gdm       20   0    8692   3556   3168 S   0.0   0.0   0:00.00 dbus-daemon
   2092 gdm       20   0  237676   4964   4528 S   0.0   0.1   0:00.00 xdg-permission-
   2099 root      20   0  243852  10136   6984 S   0.0   0.1   0:00.29 upowerd
   2106 root      20   0  301608  19332  16408 S   0.0   0.2   0:00.86 packagekitd
   2110 gdm       20   0 2812288  25716  20860 S   0.0   0.3   0:00.08 gjs
   2113 gdm       20   0  163144   7196   6428 S   0.0   0.1   0:00.01 at-spi2-registr
   2141 gdm       20   0  468748   9856   7940 S   0.0   0.1   0:01.08 gsd-sharing
   2146 gdm       20   0  338880  14892  12620 S   0.0   0.2   0:00.06 gsd-wacom
   2148 gdm       20   0  451616  18896  16480 S   0.0   0.2   0:00.15 gsd-color
   2150 gdm       20   0  412392  17092  13292 S   0.0   0.2   0:00.04 gsd-keyboard
   2152 gdm       20   0  316864  13188   6244 S   0.0   0.2   0:00.10 ibus-daemon
   2156 gdm       20   0  326124   9848   8488 S   0.0   0.1   0:00.02 gsd-print-notif
   2166 gdm       20   0  242216   6512   5848 S   0.0   0.1   0:00.01 gvfsd
   2168 gdm       20   0  459796   6140   5436 S   0.0   0.1   0:00.31 gsd-rfkill
   2170 gdm       20   0  388312   7432   6528 S   0.0   0.1   0:00.01 gsd-smartcard
   2173 gdm       20   0  380556  16508  12504 S   0.0   0.2   0:00.03 gsd-datetime
   2183 gdm       20   0  864216  20108  17428 S   0.0   0.3   0:00.32 gsd-media-keys
   2184 gdm       20   0  237936   4760   4376 S   0.0   0.1   0:00.01 gsd-screensaver
   2185 gdm       20   0  322096  10392   7320 S   0.0   0.1   0:00.02 gsd-sound
   2186 gdm       20   0  312416   8104   5476 S   0.0   0.1   0:00.01 gsd-a11y-settin
   2193 gdm       20   0  313996   8944   6152 S   0.0   0.1   0:00.56 gsd-housekeepin
   2195 gdm       20   0  450004  20288  15904 S   0.0   0.3   0:00.31 gsd-power
   2218 gdm       20   0  347052  12608  10748 S   0.0   0.2   0:00.03 gsd-printer
   2221 gdm       20   0  239040   6576   5948 S   0.0   0.1   0:00.00 ibus-dconf
   2233 gdm       20   0  238936   5920   5488 S   0.0   0.1   0:00.00 ibus-portal
   2263 colord    20   0  247516  14492   8720 S   0.0   0.2   0:00.22 colord
   2285 gdm       20   0 2812300  27868  20904 S   0.0   0.4   0:00.09 gjs
   2349 gdm       20   0  165096   6516   5892 S   0.0   0.1   0:00.01 ibus-engine-sim
   2508 root      20   0  136716  13172   9512 S   0.0   0.2   0:00.57 cupsd
   2522 root      20   0  260792  17940  13508 S   0.0   0.2   0:01.09 cups-browsed
  11687 jetson    20   0   18140   9764   7368 S   0.0   0.1   0:00.32 systemd
  11688 jetson    20   0  172512   4632      0 S   0.0   0.1   0:00.00 (sd-pam)
  11696 jetson    20   0   41976   6552   5228 S   0.0   0.1   0:00.04 pipewire
  11697 jetson    20   0   25484   6724   5388 S   0.0   0.1   0:00.88 pipewire-media-
  11749 jetson    20   0    8888   3620   3232 S   0.0   0.0   0:00.01 dbus-daemon
  12473 root      20   0 1233488  14092   6340 S   0.0   0.2   0:01.65 containerd-shim
  12502 jetson    20   0    5508    792    704 S   0.0   0.0   0:00.20 sleep
  12567 root      20   0   21892   5484   3884 S   0.0   0.1   0:13.93 systemd-udevd
  12575 root      20   0   21760   4520   2952 S   0.0   0.1   0:28.21 systemd-udevd
  13234 jetson    20   0  203640  35476  13212 S   0.0   0.5   0:00.75 ros2
  13236 jetson    20   0 1996680  34168  17228 S   0.0   0.4   0:00.47 docker
  13238 jetson    20   0  428384  31060  15828 S   0.0   0.4   1:07.61 robot_state_pub
  13265 root      20   0 1232976  11124   5960 S   0.0   0.1   0:01.17 containerd-shim
  13294 root      20   0   49400  29204  14412 S   0.0   0.4   0:00.40 ros2
  13554 root      20   0   21760   4448   2932 S   0.0   0.1   0:00.02 systemd-udevd
  13555 root      20   0   21760   3352   1860 S   0.0   0.0   0:00.00 systemd-udevd
  13568 root      20   0   21760   3376   1864 S   0.0   0.0   0:00.02 systemd-udevd
  13569 root      20   0   21760   4128   2588 S   0.0   0.1   0:00.04 systemd-udevd
  13570 root      20   0   21764   4488   2960 S   0.0   0.1   0:00.04 systemd-udevd
  13571 root      20   0   21764   4104   2588 S   0.0   0.1   0:00.03 systemd-udevd
  13580 root      20   0   21764   4136   2588 S   0.0   0.1   0:00.03 systemd-udevd
  13581 root      20   0   21764   3708   2180 S   0.0   0.0   0:00.00 systemd-udevd
  13582 root      20   0   21764   4252   2704 S   0.0   0.1   0:00.05 systemd-udevd
  13594 root      20   0   21764   3408   1864 S   0.0   0.0   0:00.01 systemd-udevd
  13595 root      20   0   21764   3652   2120 S   0.0   0.0   0:00.02 systemd-udevd
  31399 root      20   0       0      0      0 I   0.0   0.0   0:14.51 kworker/u12:8-events_unbound
  33484 root      20   0       0      0      0 I   0.0   0.0   0:09.51 kworker/u12:0-events_unbound
  34263 root      20   0       0      0      0 I   0.0   0.0   0:11.49 kworker/u12:2-events_freezable_power_
  42253 root      20   0       0      0      0 I   0.0   0.0   0:10.81 kworker/u12:3-events_unbound
  49116 root      20   0       0      0      0 I   0.0   0.0   0:00.62 kworker/0:0-events
  51824 root      20   0       0      0      0 I   0.0   0.0   0:01.27 kworker/5:1-events
  59272 root      20   0       0      0      0 I   0.0   0.0   0:01.09 kworker/3:3-events
  85708 root      20   0       0      0      0 I   0.0   0.0   0:00.34 kworker/4:1-events
  95815 root      20   0       0      0      0 I   0.0   0.0   0:00.00 kworker/0:2-events
  96157 root      20   0       0      0      0 I   0.0   0.0   0:00.00 kworker/4:2-events
  97402 root      20   0       0      0      0 I   0.0   0.0   0:06.15 kworker/u12:5-events_freezable_power_
  98042 jetson    20   0  572504  36008  13228 S   0.0   0.5   0:01.77 ros2
  98052 jetson    20   0 1082804  58392  26368 S   0.0   0.7   0:39.04 foxglove_bridge
  98155 root      20   0       0      0      0 I   0.0   0.0   0:00.00 kworker/2:1-events
  98217 root      20   0  238836   6944   5696 S   0.0   0.1   0:01.50 iio-sensor-prox
  98455 jetson    20   0  129772  36116  13228 S   0.0   0.5   0:00.71 ros2
 100055 root      20   0       0      0      0 I   0.0   0.0   0:00.00 kworker/5:2-cgroup_destroy
 100706 jetson    20   0   53568  30372  15020 S   0.0   0.4   0:00.43 ros2
 149635 root      20   0       0      0      0 I   0.0   0.0   0:00.00 kworker/3:0-events
 174364 root      20   0       0      0      0 I   0.0   0.0   0:02.42 kworker/u12:4-events_unbound
 192628 root       0 -20       0      0      0 I   0.0   0.0   0:04.51 kworker/u13:1-uvcvideo
 211464 root      20   0       0      0      0 I   0.0   0.0   0:01.28 kworker/u12:7-events_freezable_power_
 219316 root       0 -20       0      0      0 I   0.0   0.0   0:01.74 kworker/u13:3-uvcvideo
 223411 root      20   0       0      0      0 I   0.0   0.0   0:00.00 kworker/1:0-cgroup_destroy
 229418 root      20   0       0      0      0 I   0.0   0.0   0:00.32 kworker/u12:10-events_unbound
 233042 root      20   0    9436    768    688 S   0.0   0.0   0:00.00 sleep
 233444 root       0 -20       0      0      0 I   0.0   0.0   0:00.38 kworker/u13:2-uvcvideo
 234184 root      20   0       0      0      0 I   0.0   0.0   0:00.00 kworker/0:1-events
 234228 root      20   0       0      0      0 I   0.0   0.0   0:00.00 kworker/3:1
 234272 root      20   0       0      0      0 I   0.0   0.0   0:00.00 kworker/2:0-cgroup_destroy
 234404 root      20   0       0      0      0 I   0.0   0.0   0:00.03 kworker/5:0-events
 235691 root      20   0       0      0      0 I   0.0   0.0   0:00.00 kworker/1:1-cgroup_destroy
 236264 jetson    20   0   11248   3292   2852 S   0.0   0.0   0:00.03 bash
 238391 jetson    20   0   11248   3300   2864 S   0.0   0.0   0:00.01 bash
 238443 jetson    20   0    2872    896    800 S   0.0   0.0   0:00.04 tegrastats
 238637 jetson    20   0    9480    820    736 S   0.0   0.0   0:00.00 tail
 239050 root      30  10    9436    780    704 S   0.0   0.0   0:00.00 sleep

top - 13:14:26 up  3:37,  0 users,  load average: 10.05, 6.72, 4.92
Tasks: 349 total,   3 running, 346 sleeping,   0 stopped,   0 zombie
%Cpu(s): 41.4 us,  9.8 sy,  0.0 ni, 44.5 id,  0.0 wa,  2.4 hi,  1.9 si,  0.0 st
MiB Mem :   7607.4 total,   2820.1 free,   2027.3 used,   2760.0 buff/cache
MiB Swap:   3803.7 total,   3803.7 free,      0.0 used.   5282.1 avail Mem 

    PID USER      PR  NI    VIRT    RES    SHR S  %CPU  %MEM     TIME+ COMMAND
 238636 jetson    20   0  752716  72176  29576 R  40.3   0.9   0:07.94 python3
  98338 jetson    20   0  709016  64620  27260 S  35.3   0.8  28:13.61 python3
 102583 jetson    20   0  963132  48092  23528 S  34.3   0.6   7:07.46 controller_serv
 238441 jetson    20   0  763896  56128  25416 S  22.4   0.7   0:05.58 ros2
 100721 jetson    20   0 9355252 432948  88856 S  19.4   5.6  12:27.86 nvblox_node
  98046 jetson    20   0  711244  66660  27240 R  16.4   0.9  12:11.91 python3
  98048 jetson    20   0  432960  28196  14244 S  14.9   0.4  12:37.52 rplidar_node
 102592 jetson    20   0  530888  48340  26220 S  14.9   0.6   6:06.13 bt_navigator
  98457 jetson    20   0 1061924  53976  24360 S  13.9   0.7   2:16.32 async_slam_tool
  98044 jetson    20   0 1813648 105696  51328 S  13.4   1.4  10:18.12 realsense2_came
  98340 jetson    20   0  506224  33968  18400 S  11.4   0.4   8:27.28 ekf_node
 102641 jetson    20   0  577392  31872  16252 S  10.9   0.4   7:43.17 lifecycle_manag
 102581 jetson    20   0  709536  62208  27352 S  10.0   0.8   2:48.88 python3
 102587 jetson    20   0 1210040  96616  42692 S  10.0   1.2   6:50.57 planner_server
  98050 jetson    20   0  708072  65988  27372 S   9.0   0.8   6:07.34 python3
 102589 jetson    20   0  516304  37492  21032 S   7.5   0.5   4:57.21 behavior_server
 102637 jetson    20   0  428576  29080  15960 S   6.0   0.4   3:22.34 velocity_smooth
 102585 jetson    20   0  664660  35172  19412 S   5.5   0.5   4:09.43 smoother_server
 102619 jetson    20   0  431272  31524  17020 S   5.5   0.4   3:21.74 waypoint_follow
  13320 root      20   0 1300240  43896  11392 S   5.0   0.6  14:23.27 micro_ros_agent
    904 root      rt   0       0      0      0 S   1.5   0.0   0:50.42 sugov:0
    909 root      rt   0       0      0      0 S   1.5   0.0   0:23.88 sugov:4
 205195 root       0 -20       0      0      0 I   1.0   0.0   0:03.50 kworker/u13:0-uvcvideo
 238442 jetson    20   0   14344   3352   2756 R   1.0   0.0   0:00.23 top
    137 root      20   0       0      0      0 I   0.5   0.0   0:01.27 kworker/1:2-events
    340 root      20   0   23544   6732   4608 S   0.5   0.1   0:52.03 systemd-udevd
   1117 root      20   0       0      0      0 S   0.5   0.0   0:04.39 RTW_CMD_THREAD
  11931 jetson    20   0  706564  62076  26432 S   0.5   0.8   1:05.63 python3
  13238 jetson    20   0  428384  31060  15828 S   0.5   0.4   1:07.62 robot_state_pub
  97402 root      20   0       0      0      0 I   0.5   0.0   0:06.16 kworker/u12:5-events_freezable_power_
  98052 jetson    20   0 1082804  58392  26368 S   0.5   0.7   0:39.05 foxglove_bridge
 238443 jetson    20   0    2872    896    800 S   0.5   0.0   0:00.05 tegrastats
      1 root      20   0  167628  11764   7444 S   0.0   0.2   0:17.12 systemd
      2 root      20   0       0      0      0 S   0.0   0.0   0:00.02 kthreadd
      3 root       0 -20       0      0      0 I   0.0   0.0   0:00.00 rcu_gp
      4 root       0 -20       0      0      0 I   0.0   0.0   0:00.00 rcu_par_gp
      5 root       0 -20       0      0      0 I   0.0   0.0   0:00.00 slub_flushwq
      6 root       0 -20       0      0      0 I   0.0   0.0   0:00.00 netns
      8 root       0 -20       0      0      0 I   0.0   0.0   0:00.00 kworker/0:0H-events_highpri
     10 root       0 -20       0      0      0 I   0.0   0.0   0:00.00 mm_percpu_wq
     11 root      20   0       0      0      0 S   0.0   0.0   0:00.00 rcu_tasks_kthre
     12 root      20   0       0      0      0 S   0.0   0.0   0:00.00 rcu_tasks_rude_
     13 root      20   0       0      0      0 S   0.0   0.0   0:00.00 rcu_tasks_trace
     14 root      20   0       0      0      0 S   0.0   0.0   0:10.91 ksoftirqd/0
     15 root      20   0       0      0      0 I   0.0   0.0   0:04.55 rcu_preempt
     16 root      rt   0       0      0      0 S   0.0   0.0   0:00.01 migration/0
     17 root      20   0       0      0      0 S   0.0   0.0   0:00.00 cpuhp/0
     18 root      20   0       0      0      0 S   0.0   0.0   0:00.00 cpuhp/1
     19 root      rt   0       0      0      0 S   0.0   0.0   0:00.01 migration/1
     20 root      20   0       0      0      0 S   0.0   0.0   0:00.66 ksoftirqd/1
     22 root       0 -20       0      0      0 I   0.0   0.0   0:00.00 kworker/1:0H-events_highpri
     23 root      20   0       0      0      0 S   0.0   0.0   0:00.00 cpuhp/2
     24 root      rt   0       0      0      0 S   0.0   0.0   0:00.00 migration/2
     25 root      20   0       0      0      0 S   0.0   0.0   0:00.68 ksoftirqd/2
     27 root       0 -20       0      0      0 I   0.0   0.0   0:00.00 kworker/2:0H-events_highpri
     28 root      20   0       0      0      0 S   0.0   0.0   0:00.00 cpuhp/3
     29 root      rt   0       0      0      0 S   0.0   0.0   0:00.00 migration/3
     30 root      20   0       0      0      0 S   0.0   0.0   0:00.63 ksoftirqd/3
     32 root       0 -20       0      0      0 I   0.0   0.0   0:00.00 kworker/3:0H-events_highpri
     33 root      20   0       0      0      0 S   0.0   0.0   0:00.00 cpuhp/4
     34 root      rt   0       0      0      0 S   0.0   0.0   0:00.02 migration/4
     35 root      20   0       0      0      0 S   0.0   0.0   0:00.47 ksoftirqd/4
     37 root       0 -20       0      0      0 I   0.0   0.0   0:00.00 kworker/4:0H-kblockd
     38 root      20   0       0      0      0 S   0.0   0.0   0:00.00 cpuhp/5
     39 root      rt   0       0      0      0 S   0.0   0.0   0:00.03 migration/5
     40 root      20   0       0      0      0 S   0.0   0.0   0:00.47 ksoftirqd/5
     42 root       0 -20       0      0      0 I   0.0   0.0   0:00.00 kworker/5:0H-events_highpri
     43 root      20   0       0      0      0 S   0.0   0.0   0:00.01 kdevtmpfs
     44 root       0 -20       0      0      0 I   0.0   0.0   0:00.00 inet_frag_wq
     51 root      20   0       0      0      0 S   0.0   0.0   0:00.00 kauditd
     52 root      20   0       0      0      0 S   0.0   0.0   0:00.00 oom_reaper
     53 root       0 -20       0      0      0 I   0.0   0.0   0:00.00 writeback
     54 root      20   0       0      0      0 S   0.0   0.0   0:00.10 kcompactd0
     55 root      25   5       0      0      0 S   0.0   0.0   0:00.00 ksmd
     56 root      39  19       0      0      0 S   0.0   0.0   0:01.15 khugepaged
     67 root       0 -20       0      0      0 I   0.0   0.0   0:00.00 cryptd
     86 root       0 -20       0      0      0 I   0.0   0.0   0:00.00 kintegrityd
     87 root       0 -20       0      0      0 I   0.0   0.0   0:00.00 kblockd
     88 root       0 -20       0      0      0 I   0.0   0.0   0:00.00 blkcg_punt_bio
     89 root       0 -20       0      0      0 I   0.0   0.0   0:00.00 tpm_dev_wq
     90 root       0 -20       0      0      0 I   0.0   0.0   0:00.00 ata_sff
     91 root       0 -20       0      0      0 I   0.0   0.0   0:00.00 edac-poller
     92 root       0 -20       0      0      0 I   0.0   0.0   0:00.00 devfreq_wq
     93 root     -51   0       0      0      0 S   0.0   0.0   0:00.00 watchdogd
     96 root       0 -20       0      0      0 I   0.0   0.0   0:00.04 kworker/1:1H-kblockd
     97 root       0 -20       0      0      0 I   0.0   0.0   0:00.00 rpciod
     99 root       0 -20       0      0      0 I   0.0   0.0   0:00.00 xprtiod
    127 root      20   0       0      0      0 S   0.0   0.0   0:00.00 kswapd0
    128 root       0 -20       0      0      0 I   0.0   0.0   0:00.00 nfsiod
    132 root       0 -20       0      0      0 I   0.0   0.0   0:00.00 vfio-irqfd-clea
    133 root       0 -20       0      0      0 I   0.0   0.0   0:00.00 bch_btree_io
    134 root       0 -20       0      0      0 I   0.0   0.0   0:00.00 bcache
    135 root       0 -20       0      0      0 I   0.0   0.0   0:00.00 bch_journal
    136 root       0 -20       0      0      0 I   0.0   0.0   0:00.00 dm_bufio_cache
    139 root      20   0       0      0      0 I   0.0   0.0   0:00.75 kworker/2:3-events
    140 root      10 -10       0      0      0 S   0.0   0.0   0:00.00 krfcommd
    141 root      20   0       0      0      0 S   0.0   0.0   0:00.01 pr/tty0
    142 root      20   0       0      0      0 S   0.0   0.0   0:03.04 pr/ttyTCU0
    145 root     -51   0       0      0      0 S   0.0   0.0   0:00.00 irq/114-3160000
    147 root     -51   0       0      0      0 S   0.0   0.0   0:00.00 irq/115-3180000
    149 root     -51   0       0      0      0 S   0.0   0.0   0:00.00 irq/116-31b0000
    150 root     -51   0       0      0      0 S   0.0   0.0   0:00.01 irq/167-c240000
    151 root     -51   0       0      0      0 S   0.0   0.0   0:00.00 irq/168-c250000
    152 root     -51   0       0      0      0 S   0.0   0.0   0:00.00 irq/125-3610000
    153 root     -51   0       0      0      0 S   0.0   0.0   0:00.00 irq/122-3610000
    155 root       0 -20       0      0      0 I   0.0   0.0   0:00.00 sdhci
    156 root     -51   0       0      0      0 S   0.0   0.0   0:00.00 irq/120-mmc0
    157 root     -51   0       0      0      0 S   0.0   0.0   0:00.00 irq/230-3400000
    174 root       0 -20       0      0      0 I   0.0   0.0   0:00.05 kworker/3:1H-kblockd
    180 root     -51   0       0      0      0 S   0.0   0.0   0:00.00 irq/191-tegra-p
    181 root       0 -20       0      0      0 I   0.0   0.0   0:00.00 nvme-wq
    182 root       0 -20       0      0      0 I   0.0   0.0   0:00.00 nvme-reset-wq
    183 root       0 -20       0      0      0 I   0.0   0.0   0:00.00 nvme-delete-wq
    192 root     -51   0       0      0      0 S   0.0   0.0   0:00.00 irq/191-aerdrv
    193 root     -51   0       0      0      0 S   0.0   0.0   0:00.00 irq/193-tegra-p
    196 root     -51   0       0      0      0 S   0.0   0.0   0:00.00 irq/193-aerdrv
    197 root     -51   0       0      0      0 S   0.0   0.0   0:00.00 irq/195-tegra-p
    199 root     -51   0       0      0      0 S   0.0   0.0   0:00.00 irq/232-nvme0q0
    200 root     -51   0       0      0      0 S   0.0   0.0   0:00.22 irq/233-nvme0q1
    201 root     -51   0       0      0      0 S   0.0   0.0   0:00.26 irq/234-nvme0q2
    202 root     -51   0       0      0      0 S   0.0   0.0   0:00.40 irq/235-nvme0q3
    203 root     -51   0       0      0      0 S   0.0   0.0   0:00.52 irq/236-nvme0q4
    204 root     -51   0       0      0      0 S   0.0   0.0   0:00.13 irq/237-nvme0q5
    205 root     -51   0       0      0      0 S   0.0   0.0   0:00.09 irq/238-nvme0q6
    211 root       0 -20       0      0      0 I   0.0   0.0   0:00.05 kworker/4:1H-kblockd
    212 root      20   0       0      0      0 S   0.0   0.0   0:00.74 jbd2/nvme0n1p1-
    213 root       0 -20       0      0      0 I   0.0   0.0   0:00.00 ext4-rsv-conver
    222 root       0 -20       0      0      0 I   0.0   0.0   0:00.00 mld
    223 root       0 -20       0      0      0 I   0.0   0.0   0:00.03 kworker/0:1H-kblockd
    224 root       0 -20       0      0      0 I   0.0   0.0   0:00.00 ipv6_addrconf
    256 root      19  -1   40648  11528   9920 S   0.0   0.1   0:14.93 systemd-journal
    278 root       0 -20       0      0      0 I   0.0   0.0   0:00.06 kworker/2:1H-kblockd
    280 root      39  19       0      0      0 S   0.0   0.0   0:00.40 nvmap-bz
    281 root     -51   0       0      0      0 S   0.0   0.0   0:00.00 irq/188-host1x_
    285 root     -51   0       0      0      0 S   0.0   0.0   0:00.00 irq/197-gk20a_s
    286 root     -51   0       0      0      0 S   0.0   0.0   0:00.01 irq/198-gk20a_s
    287 root     -51   0       0      0      0 S   0.0   0.0   0:00.01 irq/199-gk20a_s
    288 root     -51   0       0      0      0 S   0.0   0.0   0:00.00 irq/200-gk20a_n
    291 root       0 -20       0      0      0 I   0.0   0.0   0:00.04 kworker/5:1H-kblockd
    295 root      20   0   11116   3460   3204 S   0.0   0.0   0:00.00 nv-tee-supplica
    299 root      20   0   76588   1360   1248 S   0.0   0.0   0:00.01 tee-supplicant
    301 root       0 -20       0      0      0 I   0.0   0.0   0:00.00 optee_bus_scan
    303 root     -51   0       0      0      0 S   0.0   0.0   0:00.00 irq/189-tegra-p
    312 root      20   0   23732   6316   4080 S   0.0   0.1   0:15.42 systemd-udevd
    313 root     -51   0       0      0      0 S   0.0   0.0   0:00.00 irq/189-aerdrv
    314 root      20   0   23216   5804   3992 S   0.0   0.1   0:00.37 systemd-udevd
    315 root      20   0   23216   5020   3248 S   0.0   0.1   0:00.15 systemd-udevd
    316 root      20   0   23268   6224   4288 S   0.0   0.1   0:00.16 systemd-udevd
    317 root      20   0   23220   4364   2600 S   0.0   0.1   0:00.11 systemd-udevd
    318 root      20   0   23216   4480   2672 S   0.0   0.1   0:00.12 systemd-udevd
    319 root      20   0   23212   5812   3980 S   0.0   0.1   0:00.28 systemd-udevd
    320 root      20   0   23264   4688   2764 S   0.0   0.1   0:00.13 systemd-udevd
    321 root      20   0   23268   5072   3136 S   0.0   0.1   0:00.18 systemd-udevd
    322 root      20   0   23524   5520   3456 S   0.0   0.1   0:00.26 systemd-udevd
    323 root      20   0   23216   6268   4444 S   0.0   0.1   0:00.35 systemd-udevd
    324 root      20   0   23220   5196   3388 S   0.0   0.1   0:00.16 systemd-udevd
    325 root      20   0   23220   5808   3976 S   0.0   0.1   0:00.35 systemd-udevd
    326 root      20   0   23220   5232   3388 S   0.0   0.1   0:00.38 systemd-udevd
    327 root      20   0   23220   5468   3656 S   0.0   0.1   0:00.18 systemd-udevd
    330 root      20   0   23512   5728   3684 S   0.0   0.1   0:00.14 systemd-udevd
    331 root      20   0   24292   5540   2676 S   0.0   0.1   0:00.16 systemd-udevd
    333 root      20   0   23524   5596   3532 S   0.0   0.1   0:00.26 systemd-udevd
    334 root      20   0   23220   5080   3240 S   0.0   0.1   0:00.24 systemd-udevd
    335 root      20   0   23220   4504   2708 S   0.0   0.1   0:00.11 systemd-udevd
    336 root      20   0   23220   4696   2892 S   0.0   0.1   0:00.14 systemd-udevd
    337 root      20   0   23524   5056   2992 S   0.0   0.1   0:00.16 systemd-udevd
    339 root      20   0   23220   4980   3148 S   0.0   0.1   0:00.17 systemd-udevd
    341 root      20   0   23276   5328   3384 S   0.0   0.1   0:00.13 systemd-udevd
    342 root      20   0   23280   5176   3228 S   0.0   0.1   0:00.13 systemd-udevd
    343 root      20   0   23220   5984   4152 S   0.0   0.1   0:00.29 systemd-udevd
    344 root      20   0   23560   6700   4596 S   0.0   0.1   0:00.46 systemd-udevd
    345 root      20   0       0      0      0 S   0.0   0.0   0:00.00 15820000.crypto
    346 root      20   0       0      0      0 S   0.0   0.0   0:00.00 15840000.crypto
    368 root      20   0   23324   5984   4116 S   0.0   0.1   0:00.38 systemd-udevd
    417 root     -51   0       0      0      0 S   0.0   0.0   0:00.00 irq/219-bc00000
    419 root      -2   0       0      0      0 S   0.0   0.0   0:00.00 capture-control
    420 root      -2   0       0      0      0 S   0.0   0.0   0:00.00 capture
    422 root     -51   0       0      0      0 S   0.0   0.0   0:00.00 irq/214-tegra_d
    423 root     -51   0       0      0      0 S   0.0   0.0   0:00.00 irq/215-tegra_d
    424 root       0 -20       0      0      0 I   0.0   0.0   0:00.00 dce-async-ipc-w
    425 root     -51   0       0      0      0 S   0.0   0.0   0:00.00 irq/240-nvvrs-p
    427 root      20   0       0      0      0 S   0.0   0.0   0:00.00 nv_queue
    428 root      20   0       0      0      0 S   0.0   0.0   0:00.00 nv_queue
    483 root     -51   0       0      0      0 S   0.0   0.0   0:00.00 irq/118-3210000
    487 root      20   0       0      0      0 S   0.0   0.0   0:00.00 spi0
    495 root       0 -20       0      0      0 I   0.0   0.0   0:00.00 cfg80211
    497 root     -51   0       0      0      0 S   0.0   0.0   0:00.00 irq/119-3230000
    498 root      20   0       0      0      0 S   0.0   0.0   0:00.00 spi1
    584 root       0 -20       0      0      0 I   0.0   0.0   0:00.00 btfwwork
    650 root      20   0    8236   6424   1432 S   0.0   0.1   0:00.53 haveged
    653 _rpc      20   0    7932   2264   1912 S   0.0   0.0   0:00.02 rpcbind
    659 systemd+  20   0   26320  13580   8496 S   0.0   0.2   0:00.36 systemd-resolve
    662 systemd+  20   0   88880   6332   5484 S   0.0   0.1   0:00.12 systemd-timesyn
    826 avahi     20   0    8084   3108   2752 S   0.0   0.0   0:00.42 avahi-daemon
    827 root      20   0    9888   4552   4112 S   0.0   0.1   0:00.07 bluetoothd
    828 message+  20   0   10372   5572   3584 S   0.0   0.1   0:22.53 dbus-daemon
    829 root      20   0  264656  18684  14872 S   0.0   0.2   0:20.77 NetworkManager
    838 root      20   0   43504  19780  10232 S   0.0   0.3   0:00.15 networkd-dispat
    849 root      20   0  241652   9056   6312 S   0.0   0.1   0:00.34 power-profiles-
    854 syslog    20   0  222160   5012   3672 S   0.0   0.1   0:02.92 rsyslogd
    859 root      20   0    2240    796    720 S   0.0   0.0   0:00.00 seatd
    865 root      20   0 2145956  51992  25768 S   0.0   0.7   0:22.67 snapd
    867 root      20   0  242124   7452   6576 S   0.0   0.1   0:01.18 accounts-daemon
    869 root      20   0  238128   6232   5620 S   0.0   0.1   0:00.04 switcheroo-cont
    871 root      20   0   48968   7620   6296 S   0.0   0.1   0:02.01 systemd-logind
    874 root      20   0  394188  13980   9476 S   0.0   0.2   0:00.52 udisksd
    875 root      20   0   16632   9928   8148 S   0.0   0.1   0:00.78 wpa_supplicant
    882 avahi     20   0    7812    356      0 S   0.0   0.0   0:00.00 avahi-daemon
    921 root      30  10   11248   3612   3220 S   0.0   0.0   0:04.81 wifi_mon.sh
    969 root      20   0  237044  10204   6400 S   0.0   0.1   1:38.60 polkitd
    983 root      20   0    2460   1556   1380 S   0.0   0.0   0:04.62 nvfancontrol
   1049 root      20   0       0      0      0 S   0.0   0.0   0:00.00 sw-quiesce
   1052 root      20   0       0      0      0 S   0.0   0.0   0:11.40 nvgpu_channel_p
   1068 root      20   0       0      0      0 S   0.0   0.0   0:00.00 nvgpu_pg_init_g
   1087 root      20   0       0      0      0 S   0.0   0.0   0:00.00 nvgpu_clk_arb_p
   1157 root      20   0   75936   9960   8136 S   0.0   0.1   0:00.01 nvargus-daemon
   1158 root      20   0   11116   3520   3220 S   0.0   0.0   0:00.04 nvmemwarning.sh
   1171 root      20   0   22192   1776   1580 S   0.0   0.0   0:00.00 nvs-service
   1181 ollama    20   0 2006720  39588  20072 S   0.0   0.5   0:00.64 ollama
   1195 root      20   0    2336   1408   1292 S   0.0   0.0   0:01.96 run-cups-browse
   1201 root      20   0    2336   1424   1296 S   0.0   0.0   0:02.02 run-cupsd
   1204 root      20   0       0      0      0 S   0.0   0.0   0:00.00 pr/ramoops-1
   1212 root      20   0 2019288  66636  33572 S   0.0   0.9   0:13.45 containerd
   1239 root      20   0   10772   2824   2576 S   0.0   0.0   0:00.03 cron
   1259 root      20   0  243128   8056   7012 S   0.0   0.1   0:00.02 gdm3
   1263 kernoops  20   0   12812    452      0 S   0.0   0.0   0:00.01 kerneloops
   1290 root      20   0    9468    800    724 S   0.0   0.0   0:00.00 agetty
   1291 kernoops  20   0   12812    452      0 S   0.0   0.0   0:00.01 kerneloops
   1293 root      20   0    9468    804    724 S   0.0   0.0   0:00.00 agetty
   1330 root      20   0  173408   8804   7628 S   0.0   0.1   0:00.02 gdm-session-wor
   1417 root      20   0       0      0      0 S   0.0   0.0   0:00.00 file-storage
   1426 root      20   0   15272   8368   6788 S   0.0   0.1   0:00.39 sshd
   1474 gdm       20   0   18120   9728   7360 S   0.0   0.1   0:00.41 systemd
   1478 root      20   0    3076    992    880 S   0.0   0.0   0:00.00 nvphsd
   1483 root      20   0    3208   1476   1316 S   0.0   0.0   0:00.00 nvphsd
   1497 gdm       20   0  106692   4552      0 S   0.0   0.1   0:00.00 (sd-pam)
   1588 root      20   0 2278700 101092  56496 S   0.0   1.3   0:04.35 dockerd
   1688 gdm        9 -11   41972   6468   5156 S   0.0   0.1   0:00.05 pipewire
   1689 gdm       20   0   25476   6428   5104 S   0.0   0.1   0:00.83 pipewire-media-
   1690 gdm        9 -11  891840  20748  12584 S   0.0   0.3   0:00.70 pulseaudio
   1695 gdm       20   0  163948   5472   4964 S   0.0   0.1   0:00.00 gdm-x-session
   1697 root      20   0   24.2g  80496  35884 S   0.0   1.0   0:01.46 Xorg
   1698 rtkit     21   1  153504   1588   1380 S   0.0   0.0   0:00.19 rtkit-daemon
   1729 gdm       20   0    8840   3600   3212 S   0.0   0.0   0:00.02 dbus-daemon
   1748 root      20   0       0      0      0 S   0.0   0.0   0:00.00 nvidia-modeset/
   1749 root      20   0       0      0      0 S   0.0   0.0   0:00.00 nvidia-modeset/
   1752 root      20   0       0      0      0 S   0.0   0.0   0:00.00 nvidia
   1753 root      20   0       0      0      0 S   0.0   0.0   0:00.00 nv_queue
   1790 root      20   0       0      0      0 S   0.0   0.0   0:00.00 nvidia-drm-nv-t
   1791 root     -51   0       0      0      0 S   0.0   0.0   0:00.00 card1-crtc0
   1792 root     -51   0       0      0      0 S   0.0   0.0   0:00.00 card1-crtc1
   1980 gdm       20   0    5876   1552   1344 S   0.0   0.0   0:00.00 dbus-run-sessio
   1983 gdm       20   0    9108   4440   3588 S   0.0   0.1   0:00.13 dbus-daemon
   2035 gdm       20   0  597840  17824  12972 S   0.0   0.2   0:00.61 gnome-session-b
   2057 gdm       20   0  310068   8976   6272 S   0.0   0.1   0:00.00 at-spi-bus-laun
   2062 gdm       20   0    8692   3556   3168 S   0.0   0.0   0:00.00 dbus-daemon
   2071 gdm       20   0 3471500 137264  73260 S   0.0   1.8   0:26.72 gnome-shell
   2092 gdm       20   0  237676   4964   4528 S   0.0   0.1   0:00.00 xdg-permission-
   2099 root      20   0  243852  10136   6984 S   0.0   0.1   0:00.29 upowerd
   2106 root      20   0  301608  19332  16408 S   0.0   0.2   0:00.86 packagekitd
   2110 gdm       20   0 2812288  25716  20860 S   0.0   0.3   0:00.08 gjs
   2113 gdm       20   0  163144   7196   6428 S   0.0   0.1   0:00.01 at-spi2-registr
   2141 gdm       20   0  468748   9856   7940 S   0.0   0.1   0:01.08 gsd-sharing
   2146 gdm       20   0  338880  14892  12620 S   0.0   0.2   0:00.06 gsd-wacom
   2148 gdm       20   0  451616  18896  16480 S   0.0   0.2   0:00.15 gsd-color
   2150 gdm       20   0  412392  17092  13292 S   0.0   0.2   0:00.04 gsd-keyboard
   2152 gdm       20   0  316864  13188   6244 S   0.0   0.2   0:00.10 ibus-daemon
   2156 gdm       20   0  326124   9848   8488 S   0.0   0.1   0:00.02 gsd-print-notif
   2166 gdm       20   0  242216   6512   5848 S   0.0   0.1   0:00.01 gvfsd
   2168 gdm       20   0  459796   6140   5436 S   0.0   0.1   0:00.31 gsd-rfkill
   2170 gdm       20   0  388312   7432   6528 S   0.0   0.1   0:00.01 gsd-smartcard
   2173 gdm       20   0  380556  16508  12504 S   0.0   0.2   0:00.03 gsd-datetime
   2183 gdm       20   0  864216  20108  17428 S   0.0   0.3   0:00.32 gsd-media-keys
   2184 gdm       20   0  237936   4760   4376 S   0.0   0.1   0:00.01 gsd-screensaver
   2185 gdm       20   0  322096  10392   7320 S   0.0   0.1   0:00.02 gsd-sound
   2186 gdm       20   0  312416   8104   5476 S   0.0   0.1   0:00.01 gsd-a11y-settin
   2193 gdm       20   0  313996   8944   6152 S   0.0   0.1   0:00.56 gsd-housekeepin
   2195 gdm       20   0  450004  20288  15904 S   0.0   0.3   0:00.31 gsd-power
   2218 gdm       20   0  347052  12608  10748 S   0.0   0.2   0:00.03 gsd-printer
   2221 gdm       20   0  239040   6576   5948 S   0.0   0.1   0:00.00 ibus-dconf
   2233 gdm       20   0  238936   5920   5488 S   0.0   0.1   0:00.00 ibus-portal
   2263 colord    20   0  247516  14492   8720 S   0.0   0.2   0:00.22 colord
   2285 gdm       20   0 2812300  27868  20904 S   0.0   0.4   0:00.09 gjs
   2349 gdm       20   0  165096   6516   5892 S   0.0   0.1   0:00.01 ibus-engine-sim
   2508 root      20   0  136716  13172   9512 S   0.0   0.2   0:00.57 cupsd
   2522 root      20   0  260792  17940  13508 S   0.0   0.2   0:01.09 cups-browsed
  11687 jetson    20   0   18140   9764   7368 S   0.0   0.1   0:00.32 systemd
  11688 jetson    20   0  172512   4632      0 S   0.0   0.1   0:00.00 (sd-pam)
  11696 jetson    20   0   41976   6552   5228 S   0.0   0.1   0:00.04 pipewire
  11697 jetson    20   0   25484   6724   5388 S   0.0   0.1   0:00.88 pipewire-media-
  11749 jetson    20   0    8888   3620   3232 S   0.0   0.0   0:00.01 dbus-daemon
  12473 root      20   0 1233488  14092   6340 S   0.0   0.2   0:01.65 containerd-shim
  12502 jetson    20   0    5508    792    704 S   0.0   0.0   0:00.20 sleep
  12567 root      20   0   21892   5484   3884 S   0.0   0.1   0:13.93 systemd-udevd
  12575 root      20   0   21760   4520   2952 S   0.0   0.1   0:28.21 systemd-udevd
  13234 jetson    20   0  203640  35476  13212 S   0.0   0.5   0:00.75 ros2
  13236 jetson    20   0 1996680  34168  17228 S   0.0   0.4   0:00.47 docker
  13265 root      20   0 1232976  11124   5960 S   0.0   0.1   0:01.17 containerd-shim
  13294 root      20   0   49400  29204  14412 S   0.0   0.4   0:00.40 ros2
  13554 root      20   0   21760   4448   2932 S   0.0   0.1   0:00.02 systemd-udevd
  13555 root      20   0   21760   3352   1860 S   0.0   0.0   0:00.00 systemd-udevd
  13568 root      20   0   21760   3376   1864 S   0.0   0.0   0:00.02 systemd-udevd
  13569 root      20   0   21760   4128   2588 S   0.0   0.1   0:00.04 systemd-udevd
  13570 root      20   0   21764   4488   2960 S   0.0   0.1   0:00.04 systemd-udevd
  13571 root      20   0   21764   4104   2588 S   0.0   0.1   0:00.03 systemd-udevd
  13580 root      20   0   21764   4136   2588 S   0.0   0.1   0:00.03 systemd-udevd
  13581 root      20   0   21764   3708   2180 S   0.0   0.0   0:00.00 systemd-udevd
  13582 root      20   0   21764   4252   2704 S   0.0   0.1   0:00.05 systemd-udevd
  13594 root      20   0   21764   3408   1864 S   0.0   0.0   0:00.01 systemd-udevd
  13595 root      20   0   21764   3652   2120 S   0.0   0.0   0:00.02 systemd-udevd
  31399 root      20   0       0      0      0 I   0.0   0.0   0:14.51 kworker/u12:8-events_unbound
  33484 root      20   0       0      0      0 I   0.0   0.0   0:09.51 kworker/u12:0-events_unbound
  34263 root      20   0       0      0      0 I   0.0   0.0   0:11.49 kworker/u12:2-events_unbound
  42253 root      20   0       0      0      0 I   0.0   0.0   0:10.81 kworker/u12:3-events_unbound
  49116 root      20   0       0      0      0 I   0.0   0.0   0:00.62 kworker/0:0-events
  51824 root      20   0       0      0      0 I   0.0   0.0   0:01.27 kworker/5:1-events
  59272 root      20   0       0      0      0 I   0.0   0.0   0:01.09 kworker/3:3-events
  85708 root      20   0       0      0      0 I   0.0   0.0   0:00.34 kworker/4:1-events
  90870 root      20   0       0      0      0 I   0.0   0.0   0:08.12 kworker/u12:11-events_unbound
  95815 root      20   0       0      0      0 I   0.0   0.0   0:00.00 kworker/0:2-events
  96157 root      20   0       0      0      0 I   0.0   0.0   0:00.00 kworker/4:2-events
  98042 jetson    20   0  572504  36008  13228 S   0.0   0.5   0:01.77 ros2
  98155 root      20   0       0      0      0 I   0.0   0.0   0:00.00 kworker/2:1-events
  98217 root      20   0  238836   6944   5696 S   0.0   0.1   0:01.50 iio-sensor-prox
  98455 jetson    20   0  129772  36116  13228 S   0.0   0.5   0:00.71 ros2
 100055 root      20   0       0      0      0 I   0.0   0.0   0:00.00 kworker/5:2-cgroup_destroy
 100141 root      20   0       0      0      0 I   0.0   0.0   0:06.81 kworker/u12:6-events_unbound
 100706 jetson    20   0   53568  30372  15020 S   0.0   0.4   0:00.43 ros2
 102542 jetson    20   0  723188  41844  13224 S   0.0   0.5   0:01.26 ros2
 149635 root      20   0       0      0      0 I   0.0   0.0   0:00.00 kworker/3:0-events
 174364 root      20   0       0      0      0 I   0.0   0.0   0:02.42 kworker/u12:4-events_unbound
 192628 root       0 -20       0      0      0 I   0.0   0.0   0:04.51 kworker/u13:1-uvcvideo
 199974 root      20   0       0      0      0 I   0.0   0.0   0:01.76 kworker/u12:1-events_unbound
 211464 root      20   0       0      0      0 I   0.0   0.0   0:01.28 kworker/u12:7-events_freezable_power_
 219316 root       0 -20       0      0      0 I   0.0   0.0   0:01.74 kworker/u13:3-uvcvideo
 223411 root      20   0       0      0      0 I   0.0   0.0   0:00.00 kworker/1:0-cgroup_destroy
 225822 root      20   0       0      0      0 I   0.0   0.0   0:00.61 kworker/u12:9-events_freezable_power_
 229418 root      20   0       0      0      0 I   0.0   0.0   0:00.32 kworker/u12:10-events_unbound
 233042 root      20   0    9436    768    688 S   0.0   0.0   0:00.00 sleep
 233444 root       0 -20       0      0      0 I   0.0   0.0   0:00.38 kworker/u13:2-uvcvideo
 234184 root      20   0       0      0      0 I   0.0   0.0   0:00.00 kworker/0:1-events
 234228 root      20   0       0      0      0 I   0.0   0.0   0:00.00 kworker/3:1
 234272 root      20   0       0      0      0 I   0.0   0.0   0:00.00 kworker/2:0-cgroup_destroy
 234404 root      20   0       0      0      0 I   0.0   0.0   0:00.03 kworker/5:0-events
 235691 root      20   0       0      0      0 I   0.0   0.0   0:00.00 kworker/1:1-cgroup_destroy
 236264 jetson    20   0   11248   3292   2852 S   0.0   0.0   0:00.03 bash
 238391 jetson    20   0   11248   3300   2864 S   0.0   0.0   0:00.01 bash
 238637 jetson    20   0    9480    820    736 S   0.0   0.0   0:00.00 tail
 239050 root      30  10    9436    780    704 S   0.0   0.0   0:00.00 sleep

top - 13:14:28 up  3:37,  0 users,  load average: 9.49, 6.65, 4.91
Tasks: 349 total,   8 running, 341 sleeping,   0 stopped,   0 zombie
%Cpu(s): 40.8 us, 10.2 sy,  0.0 ni, 44.6 id,  0.0 wa,  2.4 hi,  2.0 si,  0.0 st
MiB Mem :   7607.4 total,   2815.2 free,   2027.8 used,   2764.4 buff/cache
MiB Swap:   3803.7 total,   3803.7 free,      0.0 used.   5281.7 avail Mem 

    PID USER      PR  NI    VIRT    RES    SHR S  %CPU  %MEM     TIME+ COMMAND
 102583 jetson    20   0  963132  48096  23528 S  46.8   0.6   7:08.41 controller_serv
 238636 jetson    20   0  752752  72464  29576 S  40.9   0.9   0:08.77 python3
  98338 jetson    20   0  709016  64620  27260 R  34.0   0.8  28:14.30 python3
 238441 jetson    20   0  763896  56128  25416 S  23.2   0.7   0:06.05 ros2
 100721 jetson    20   0 9355252 432948  88856 R  18.2   5.6  12:28.23 nvblox_node
  98046 jetson    20   0  711536  66920  27240 S  15.3   0.9  12:12.22 python3
 102592 jetson    20   0  530888  48340  26220 S  14.3   0.6   6:06.42 bt_navigator
  98044 jetson    20   0 1813648 105696  51328 S  13.8   1.4  10:18.40 realsense2_came
  98048 jetson    20   0  432960  28196  14244 S  13.8   0.4  12:37.80 rplidar_node
  98457 jetson    20   0 1061924  54504  24360 S  11.8   0.7   2:16.56 async_slam_tool
  98340 jetson    20   0  506224  33968  18400 R  10.3   0.4   8:27.49 ekf_node
 102587 jetson    20   0 1210040  96676  42692 S  10.3   1.2   6:50.78 planner_server
 102641 jetson    20   0  577392  31872  16252 R   9.9   0.4   7:43.37 lifecycle_manag
  98050 jetson    20   0  708072  65988  27372 R   9.4   0.8   6:07.53 python3
 102581 jetson    20   0  709536  62208  27352 R   8.4   0.8   2:49.05 python3
 102589 jetson    20   0  516304  37492  21032 S   6.9   0.5   4:57.35 behavior_server
 102585 jetson    20   0  664660  35180  19412 S   6.4   0.5   4:09.56 smoother_server
 102619 jetson    20   0  431272  31524  17020 S   5.9   0.4   3:21.86 waypoint_follow
 102637 jetson    20   0  428576  29080  15960 S   5.4   0.4   3:22.45 velocity_smooth
  13320 root      20   0 1300240  43896  11392 S   4.9   0.6  14:23.37 micro_ros_agent
    904 root      rt   0       0      0      0 S   1.5   0.0   0:50.45 sugov:0
    909 root      rt   0       0      0      0 S   1.0   0.0   0:23.90 sugov:4
  12575 root      20   0   21760   4520   2952 S   1.0   0.1   0:28.23 systemd-udevd
 100141 root      20   0       0      0      0 I   1.0   0.0   0:06.83 kworker/u12:6-events_freezable_power_
     40 root      20   0       0      0      0 S   0.5   0.0   0:00.48 ksoftirqd/5
  13238 jetson    20   0  428384  31060  15828 S   0.5   0.4   1:07.63 robot_state_pub
  90870 root      20   0       0      0      0 R   0.5   0.0   0:08.13 kworker/u12:11-events_unbound
 102542 jetson    20   0  723188  41844  13224 S   0.5   0.5   0:01.27 ros2
 199974 root      20   0       0      0      0 I   0.5   0.0   0:01.77 kworker/u12:1-events_freezable_power_
 205195 root       0 -20       0      0      0 I   0.5   0.0   0:03.51 kworker/u13:0-uvcvideo
 211464 root      20   0       0      0      0 I   0.5   0.0   0:01.29 kworker/u12:7-events_freezable_power_
 233444 root       0 -20       0      0      0 I   0.5   0.0   0:00.39 kworker/u13:2-uvcvideo
 238442 jetson    20   0   14344   3352   2756 R   0.5   0.0   0:00.24 top
      1 root      20   0  167628  11764   7444 S   0.0   0.2   0:17.12 systemd
      2 root      20   0       0      0      0 S   0.0   0.0   0:00.02 kthreadd
      3 root       0 -20       0      0      0 I   0.0   0.0   0:00.00 rcu_gp
      4 root       0 -20       0      0      0 I   0.0   0.0   0:00.00 rcu_par_gp
      5 root       0 -20       0      0      0 I   0.0   0.0   0:00.00 slub_flushwq
      6 root       0 -20       0      0      0 I   0.0   0.0   0:00.00 netns
      8 root       0 -20       0      0      0 I   0.0   0.0   0:00.00 kworker/0:0H-events_highpri
     10 root       0 -20       0      0      0 I   0.0   0.0   0:00.00 mm_percpu_wq
     11 root      20   0       0      0      0 S   0.0   0.0   0:00.00 rcu_tasks_kthre
     12 root      20   0       0      0      0 S   0.0   0.0   0:00.00 rcu_tasks_rude_
     13 root      20   0       0      0      0 S   0.0   0.0   0:00.00 rcu_tasks_trace
     14 root      20   0       0      0      0 S   0.0   0.0   0:10.91 ksoftirqd/0
     15 root      20   0       0      0      0 I   0.0   0.0   0:04.55 rcu_preempt
     16 root      rt   0       0      0      0 S   0.0   0.0   0:00.01 migration/0
     17 root      20   0       0      0      0 S   0.0   0.0   0:00.00 cpuhp/0
     18 root      20   0       0      0      0 S   0.0   0.0   0:00.00 cpuhp/1
     19 root      rt   0       0      0      0 S   0.0   0.0   0:00.01 migration/1
     20 root      20   0       0      0      0 S   0.0   0.0   0:00.66 ksoftirqd/1
     22 root       0 -20       0      0      0 I   0.0   0.0   0:00.00 kworker/1:0H-events_highpri
     23 root      20   0       0      0      0 S   0.0   0.0   0:00.00 cpuhp/2
     24 root      rt   0       0      0      0 S   0.0   0.0   0:00.00 migration/2
     25 root      20   0       0      0      0 S   0.0   0.0   0:00.68 ksoftirqd/2
     27 root       0 -20       0      0      0 I   0.0   0.0   0:00.00 kworker/2:0H-events_highpri
     28 root      20   0       0      0      0 S   0.0   0.0   0:00.00 cpuhp/3
     29 root      rt   0       0      0      0 S   0.0   0.0   0:00.00 migration/3
     30 root      20   0       0      0      0 S   0.0   0.0   0:00.63 ksoftirqd/3
     32 root       0 -20       0      0      0 I   0.0   0.0   0:00.00 kworker/3:0H-events_highpri
     33 root      20   0       0      0      0 S   0.0   0.0   0:00.00 cpuhp/4
     34 root      rt   0       0      0      0 S   0.0   0.0   0:00.02 migration/4
     35 root      20   0       0      0      0 S   0.0   0.0   0:00.47 ksoftirqd/4
     37 root       0 -20       0      0      0 I   0.0   0.0   0:00.00 kworker/4:0H-kblockd
     38 root      20   0       0      0      0 S   0.0   0.0   0:00.00 cpuhp/5
     39 root      rt   0       0      0      0 S   0.0   0.0   0:00.03 migration/5
     42 root       0 -20       0      0      0 I   0.0   0.0   0:00.00 kworker/5:0H-events_highpri
     43 root      20   0       0      0      0 S   0.0   0.0   0:00.01 kdevtmpfs
     44 root       0 -20       0      0      0 I   0.0   0.0   0:00.00 inet_frag_wq
     51 root      20   0       0      0      0 S   0.0   0.0   0:00.00 kauditd
     52 root      20   0       0      0      0 S   0.0   0.0   0:00.00 oom_reaper
     53 root       0 -20       0      0      0 I   0.0   0.0   0:00.00 writeback
     54 root      20   0       0      0      0 S   0.0   0.0   0:00.10 kcompactd0
     55 root      25   5       0      0      0 S   0.0   0.0   0:00.00 ksmd
     56 root      39  19       0      0      0 S   0.0   0.0   0:01.15 khugepaged
     67 root       0 -20       0      0      0 I   0.0   0.0   0:00.00 cryptd
     86 root       0 -20       0      0      0 I   0.0   0.0   0:00.00 kintegrityd
     87 root       0 -20       0      0      0 I   0.0   0.0   0:00.00 kblockd
     88 root       0 -20       0      0      0 I   0.0   0.0   0:00.00 blkcg_punt_bio
     89 root       0 -20       0      0      0 I   0.0   0.0   0:00.00 tpm_dev_wq
     90 root       0 -20       0      0      0 I   0.0   0.0   0:00.00 ata_sff
     91 root       0 -20       0      0      0 I   0.0   0.0   0:00.00 edac-poller
     92 root       0 -20       0      0      0 I   0.0   0.0   0:00.00 devfreq_wq
     93 root     -51   0       0      0      0 S   0.0   0.0   0:00.00 watchdogd
     96 root       0 -20       0      0      0 I   0.0   0.0   0:00.04 kworker/1:1H-kblockd
     97 root       0 -20       0      0      0 I   0.0   0.0   0:00.00 rpciod
     99 root       0 -20       0      0      0 I   0.0   0.0   0:00.00 xprtiod
    127 root      20   0       0      0      0 S   0.0   0.0   0:00.00 kswapd0
    128 root       0 -20       0      0      0 I   0.0   0.0   0:00.00 nfsiod
    132 root       0 -20       0      0      0 I   0.0   0.0   0:00.00 vfio-irqfd-clea
    133 root       0 -20       0      0      0 I   0.0   0.0   0:00.00 bch_btree_io
    134 root       0 -20       0      0      0 I   0.0   0.0   0:00.00 bcache
    135 root       0 -20       0      0      0 I   0.0   0.0   0:00.00 bch_journal
    136 root       0 -20       0      0      0 I   0.0   0.0   0:00.00 dm_bufio_cache
    137 root      20   0       0      0      0 I   0.0   0.0   0:01.27 kworker/1:2-events
    139 root      20   0       0      0      0 I   0.0   0.0   0:00.75 kworker/2:3-events
    140 root      10 -10       0      0      0 S   0.0   0.0   0:00.00 krfcommd
    141 root      20   0       0      0      0 S   0.0   0.0   0:00.01 pr/tty0
    142 root      20   0       0      0      0 S   0.0   0.0   0:03.04 pr/ttyTCU0
    145 root     -51   0       0      0      0 S   0.0   0.0   0:00.00 irq/114-3160000
    147 root     -51   0       0      0      0 S   0.0   0.0   0:00.00 irq/115-3180000
    149 root     -51   0       0      0      0 S   0.0   0.0   0:00.00 irq/116-31b0000
    150 root     -51   0       0      0      0 S   0.0   0.0   0:00.01 irq/167-c240000
    151 root     -51   0       0      0      0 S   0.0   0.0   0:00.00 irq/168-c250000
    152 root     -51   0       0      0      0 S   0.0   0.0   0:00.00 irq/125-3610000
    153 root     -51   0       0      0      0 S   0.0   0.0   0:00.00 irq/122-3610000
    155 root       0 -20       0      0      0 I   0.0   0.0   0:00.00 sdhci
    156 root     -51   0       0      0      0 S   0.0   0.0   0:00.00 irq/120-mmc0
    157 root     -51   0       0      0      0 S   0.0   0.0   0:00.00 irq/230-3400000
    174 root       0 -20       0      0      0 I   0.0   0.0   0:00.05 kworker/3:1H-kblockd
    180 root     -51   0       0      0      0 S   0.0   0.0   0:00.00 irq/191-tegra-p
    181 root       0 -20       0      0      0 I   0.0   0.0   0:00.00 nvme-wq
    182 root       0 -20       0      0      0 I   0.0   0.0   0:00.00 nvme-reset-wq
    183 root       0 -20       0      0      0 I   0.0   0.0   0:00.00 nvme-delete-wq
    192 root     -51   0       0      0      0 S   0.0   0.0   0:00.00 irq/191-aerdrv
    193 root     -51   0       0      0      0 S   0.0   0.0   0:00.00 irq/193-tegra-p
    196 root     -51   0       0      0      0 S   0.0   0.0   0:00.00 irq/193-aerdrv
    197 root     -51   0       0      0      0 S   0.0   0.0   0:00.00 irq/195-tegra-p
    199 root     -51   0       0      0      0 S   0.0   0.0   0:00.00 irq/232-nvme0q0
    200 root     -51   0       0      0      0 S   0.0   0.0   0:00.22 irq/233-nvme0q1
    201 root     -51   0       0      0      0 S   0.0   0.0   0:00.26 irq/234-nvme0q2
    202 root     -51   0       0      0      0 S   0.0   0.0   0:00.40 irq/235-nvme0q3
    203 root     -51   0       0      0      0 S   0.0   0.0   0:00.52 irq/236-nvme0q4
    204 root     -51   0       0      0      0 S   0.0   0.0   0:00.13 irq/237-nvme0q5
    205 root     -51   0       0      0      0 S   0.0   0.0   0:00.09 irq/238-nvme0q6
    211 root       0 -20       0      0      0 I   0.0   0.0   0:00.05 kworker/4:1H-kblockd
    212 root      20   0       0      0      0 S   0.0   0.0   0:00.74 jbd2/nvme0n1p1-
    213 root       0 -20       0      0      0 I   0.0   0.0   0:00.00 ext4-rsv-conver
    222 root       0 -20       0      0      0 I   0.0   0.0   0:00.00 mld
    223 root       0 -20       0      0      0 I   0.0   0.0   0:00.03 kworker/0:1H-kblockd
    224 root       0 -20       0      0      0 I   0.0   0.0   0:00.00 ipv6_addrconf
    256 root      19  -1   40648  11528   9920 S   0.0   0.1   0:14.93 systemd-journal
    278 root       0 -20       0      0      0 I   0.0   0.0   0:00.06 kworker/2:1H-kblockd
    280 root      39  19       0      0      0 S   0.0   0.0   0:00.40 nvmap-bz
    281 root     -51   0       0      0      0 S   0.0   0.0   0:00.00 irq/188-host1x_
    285 root     -51   0       0      0      0 S   0.0   0.0   0:00.00 irq/197-gk20a_s
    286 root     -51   0       0      0      0 S   0.0   0.0   0:00.01 irq/198-gk20a_s
    287 root     -51   0       0      0      0 S   0.0   0.0   0:00.01 irq/199-gk20a_s
    288 root     -51   0       0      0      0 S   0.0   0.0   0:00.00 irq/200-gk20a_n
    291 root       0 -20       0      0      0 I   0.0   0.0   0:00.04 kworker/5:1H-kblockd
    295 root      20   0   11116   3460   3204 S   0.0   0.0   0:00.00 nv-tee-supplica
    299 root      20   0   76588   1360   1248 S   0.0   0.0   0:00.01 tee-supplicant
    301 root       0 -20       0      0      0 I   0.0   0.0   0:00.00 optee_bus_scan
    303 root     -51   0       0      0      0 S   0.0   0.0   0:00.00 irq/189-tegra-p
    312 root      20   0   23732   6316   4080 S   0.0   0.1   0:15.42 systemd-udevd
    313 root     -51   0       0      0      0 S   0.0   0.0   0:00.00 irq/189-aerdrv
    314 root      20   0   23216   5804   3992 S   0.0   0.1   0:00.37 systemd-udevd
    315 root      20   0   23216   5020   3248 S   0.0   0.1   0:00.15 systemd-udevd
    316 root      20   0   23268   6224   4288 S   0.0   0.1   0:00.16 systemd-udevd
    317 root      20   0   23220   4364   2600 S   0.0   0.1   0:00.11 systemd-udevd
    318 root      20   0   23216   4480   2672 S   0.0   0.1   0:00.12 systemd-udevd
    319 root      20   0   23212   5812   3980 S   0.0   0.1   0:00.28 systemd-udevd
    320 root      20   0   23264   4688   2764 S   0.0   0.1   0:00.13 systemd-udevd
    321 root      20   0   23268   5072   3136 S   0.0   0.1   0:00.18 systemd-udevd
    322 root      20   0   23524   5520   3456 S   0.0   0.1   0:00.26 systemd-udevd
    323 root      20   0   23216   6268   4444 S   0.0   0.1   0:00.35 systemd-udevd
    324 root      20   0   23220   5196   3388 S   0.0   0.1   0:00.16 systemd-udevd
    325 root      20   0   23220   5808   3976 S   0.0   0.1   0:00.35 systemd-udevd
    326 root      20   0   23220   5232   3388 S   0.0   0.1   0:00.38 systemd-udevd
    327 root      20   0   23220   5468   3656 S   0.0   0.1   0:00.18 systemd-udevd
    330 root      20   0   23512   5728   3684 S   0.0   0.1   0:00.14 systemd-udevd
    331 root      20   0   24292   5540   2676 S   0.0   0.1   0:00.16 systemd-udevd
    333 root      20   0   23524   5596   3532 S   0.0   0.1   0:00.26 systemd-udevd
    334 root      20   0   23220   5080   3240 S   0.0   0.1   0:00.24 systemd-udevd
    335 root      20   0   23220   4504   2708 S   0.0   0.1   0:00.11 systemd-udevd
    336 root      20   0   23220   4696   2892 S   0.0   0.1   0:00.14 systemd-udevd
    337 root      20   0   23524   5056   2992 S   0.0   0.1   0:00.16 systemd-udevd
    339 root      20   0   23220   4980   3148 S   0.0   0.1   0:00.17 systemd-udevd
    340 root      20   0   23544   6732   4608 S   0.0   0.1   0:52.03 systemd-udevd
    341 root      20   0   23276   5328   3384 S   0.0   0.1   0:00.13 systemd-udevd
    342 root      20   0   23280   5176   3228 S   0.0   0.1   0:00.13 systemd-udevd
    343 root      20   0   23220   5984   4152 S   0.0   0.1   0:00.29 systemd-udevd
    344 root      20   0   23560   6700   4596 S   0.0   0.1   0:00.46 systemd-udevd
    345 root      20   0       0      0      0 S   0.0   0.0   0:00.00 15820000.crypto
    346 root      20   0       0      0      0 S   0.0   0.0   0:00.00 15840000.crypto
    368 root      20   0   23324   5984   4116 S   0.0   0.1   0:00.38 systemd-udevd
    417 root     -51   0       0      0      0 S   0.0   0.0   0:00.00 irq/219-bc00000
    419 root      -2   0       0      0      0 S   0.0   0.0   0:00.00 capture-control
    420 root      -2   0       0      0      0 S   0.0   0.0   0:00.00 capture
    422 root     -51   0       0      0      0 S   0.0   0.0   0:00.00 irq/214-tegra_d
    423 root     -51   0       0      0      0 S   0.0   0.0   0:00.00 irq/215-tegra_d
    424 root       0 -20       0      0      0 I   0.0   0.0   0:00.00 dce-async-ipc-w
    425 root     -51   0       0      0      0 S   0.0   0.0   0:00.00 irq/240-nvvrs-p
    427 root      20   0       0      0      0 S   0.0   0.0   0:00.00 nv_queue
    428 root      20   0       0      0      0 S   0.0   0.0   0:00.00 nv_queue
    483 root     -51   0       0      0      0 S   0.0   0.0   0:00.00 irq/118-3210000
    487 root      20   0       0      0      0 S   0.0   0.0   0:00.00 spi0
    495 root       0 -20       0      0      0 I   0.0   0.0   0:00.00 cfg80211
    497 root     -51   0       0      0      0 S   0.0   0.0   0:00.00 irq/119-3230000
    498 root      20   0       0      0      0 S   0.0   0.0   0:00.00 spi1
    584 root       0 -20       0      0      0 I   0.0   0.0   0:00.00 btfwwork
    650 root      20   0    8236   6424   1432 S   0.0   0.1   0:00.53 haveged
    653 _rpc      20   0    7932   2264   1912 S   0.0   0.0   0:00.02 rpcbind
    659 systemd+  20   0   26320  13580   8496 S   0.0   0.2   0:00.36 systemd-resolve
    662 systemd+  20   0   88880   6332   5484 S   0.0   0.1   0:00.12 systemd-timesyn
    826 avahi     20   0    8084   3108   2752 S   0.0   0.0   0:00.42 avahi-daemon
    827 root      20   0    9888   4552   4112 S   0.0   0.1   0:00.07 bluetoothd
    828 message+  20   0   10372   5572   3584 S   0.0   0.1   0:22.53 dbus-daemon
    829 root      20   0  264656  18684  14872 S   0.0   0.2   0:20.77 NetworkManager
    838 root      20   0   43504  19780  10232 S   0.0   0.3   0:00.15 networkd-dispat
    849 root      20   0  241652   9056   6312 S   0.0   0.1   0:00.34 power-profiles-
    854 syslog    20   0  222160   5012   3672 S   0.0   0.1   0:02.92 rsyslogd
    859 root      20   0    2240    796    720 S   0.0   0.0   0:00.00 seatd
    865 root      20   0 2145956  51992  25768 S   0.0   0.7   0:22.67 snapd
    867 root      20   0  242124   7452   6576 S   0.0   0.1   0:01.18 accounts-daemon
    869 root      20   0  238128   6232   5620 S   0.0   0.1   0:00.04 switcheroo-cont
    871 root      20   0   48968   7620   6296 S   0.0   0.1   0:02.01 systemd-logind
    874 root      20   0  394188  13980   9476 S   0.0   0.2   0:00.52 udisksd
    875 root      20   0   16632   9928   8148 S   0.0   0.1   0:00.78 wpa_supplicant
    882 avahi     20   0    7812    356      0 S   0.0   0.0   0:00.00 avahi-daemon
    921 root      30  10   11248   3612   3220 S   0.0   0.0   0:04.81 wifi_mon.sh
    969 root      20   0  237044  10204   6400 S   0.0   0.1   1:38.60 polkitd
    983 root      20   0    2460   1556   1380 S   0.0   0.0   0:04.62 nvfancontrol
   1049 root      20   0       0      0      0 S   0.0   0.0   0:00.00 sw-quiesce
   1052 root      20   0       0      0      0 S   0.0   0.0   0:11.40 nvgpu_channel_p
   1068 root      20   0       0      0      0 S   0.0   0.0   0:00.00 nvgpu_pg_init_g
   1087 root      20   0       0      0      0 S   0.0   0.0   0:00.00 nvgpu_clk_arb_p
   1117 root      20   0       0      0      0 S   0.0   0.0   0:04.39 RTW_CMD_THREAD
   1157 root      20   0   75936   9960   8136 S   0.0   0.1   0:00.01 nvargus-daemon
   1158 root      20   0   11116   3520   3220 S   0.0   0.0   0:00.04 nvmemwarning.sh
   1171 root      20   0   22192   1776   1580 S   0.0   0.0   0:00.00 nvs-service
   1181 ollama    20   0 2006720  39588  20072 S   0.0   0.5   0:00.64 ollama
   1195 root      20   0    2336   1408   1292 S   0.0   0.0   0:01.96 run-cups-browse
   1201 root      20   0    2336   1424   1296 S   0.0   0.0   0:02.02 run-cupsd
   1204 root      20   0       0      0      0 S   0.0   0.0   0:00.00 pr/ramoops-1
   1212 root      20   0 2019288  66636  33572 S   0.0   0.9   0:13.45 containerd
   1239 root      20   0   10772   2824   2576 S   0.0   0.0   0:00.03 cron
   1259 root      20   0  243128   8056   7012 S   0.0   0.1   0:00.02 gdm3
   1263 kernoops  20   0   12812    452      0 S   0.0   0.0   0:00.01 kerneloops
   1290 root      20   0    9468    800    724 S   0.0   0.0   0:00.00 agetty
   1291 kernoops  20   0   12812    452      0 S   0.0   0.0   0:00.01 kerneloops
   1293 root      20   0    9468    804    724 S   0.0   0.0   0:00.00 agetty
   1330 root      20   0  173408   8804   7628 S   0.0   0.1   0:00.02 gdm-session-wor
   1417 root      20   0       0      0      0 S   0.0   0.0   0:00.00 file-storage
   1426 root      20   0   15272   8368   6788 S   0.0   0.1   0:00.39 sshd
   1474 gdm       20   0   18120   9728   7360 S   0.0   0.1   0:00.41 systemd
   1478 root      20   0    3076    992    880 S   0.0   0.0   0:00.00 nvphsd
   1483 root      20   0    3208   1476   1316 S   0.0   0.0   0:00.00 nvphsd
   1497 gdm       20   0  106692   4552      0 S   0.0   0.1   0:00.00 (sd-pam)
   1588 root      20   0 2278700 101092  56496 S   0.0   1.3   0:04.35 dockerd
   1688 gdm        9 -11   41972   6468   5156 S   0.0   0.1   0:00.05 pipewire
   1689 gdm       20   0   25476   6428   5104 S   0.0   0.1   0:00.83 pipewire-media-
   1690 gdm        9 -11  891840  20748  12584 S   0.0   0.3   0:00.70 pulseaudio
   1695 gdm       20   0  163948   5472   4964 S   0.0   0.1   0:00.00 gdm-x-session
   1697 root      20   0   24.2g  80496  35884 S   0.0   1.0   0:01.46 Xorg
   1698 rtkit     21   1  153504   1588   1380 S   0.0   0.0   0:00.19 rtkit-daemon
   1729 gdm       20   0    8840   3600   3212 S   0.0   0.0   0:00.02 dbus-daemon
   1748 root      20   0       0      0      0 S   0.0   0.0   0:00.00 nvidia-modeset/
   1749 root      20   0       0      0      0 S   0.0   0.0   0:00.00 nvidia-modeset/
   1752 root      20   0       0      0      0 S   0.0   0.0   0:00.00 nvidia
   1753 root      20   0       0      0      0 S   0.0   0.0   0:00.00 nv_queue
   1790 root      20   0       0      0      0 S   0.0   0.0   0:00.00 nvidia-drm-nv-t
   1791 root     -51   0       0      0      0 S   0.0   0.0   0:00.00 card1-crtc0
   1792 root     -51   0       0      0      0 S   0.0   0.0   0:00.00 card1-crtc1
   1980 gdm       20   0    5876   1552   1344 S   0.0   0.0   0:00.00 dbus-run-sessio
   1983 gdm       20   0    9108   4440   3588 S   0.0   0.1   0:00.13 dbus-daemon
   2035 gdm       20   0  597840  17824  12972 S   0.0   0.2   0:00.61 gnome-session-b
   2057 gdm       20   0  310068   8976   6272 S   0.0   0.1   0:00.00 at-spi-bus-laun
   2062 gdm       20   0    8692   3556   3168 S   0.0   0.0   0:00.00 dbus-daemon
   2071 gdm       20   0 3471500 137264  73260 S   0.0   1.8   0:26.72 gnome-shell
   2092 gdm       20   0  237676   4964   4528 S   0.0   0.1   0:00.00 xdg-permission-
   2099 root      20   0  243852  10136   6984 S   0.0   0.1   0:00.29 upowerd
   2106 root      20   0  301608  19332  16408 S   0.0   0.2   0:00.86 packagekitd
   2110 gdm       20   0 2812288  25716  20860 S   0.0   0.3   0:00.08 gjs
   2113 gdm       20   0  163144   7196   6428 S   0.0   0.1   0:00.01 at-spi2-registr
   2141 gdm       20   0  468748   9856   7940 S   0.0   0.1   0:01.08 gsd-sharing
   2146 gdm       20   0  338880  14892  12620 S   0.0   0.2   0:00.06 gsd-wacom
   2148 gdm       20   0  451616  18896  16480 S   0.0   0.2   0:00.15 gsd-color
   2150 gdm       20   0  412392  17092  13292 S   0.0   0.2   0:00.04 gsd-keyboard
   2152 gdm       20   0  316864  13188   6244 S   0.0   0.2   0:00.10 ibus-daemon
   2156 gdm       20   0  326124   9848   8488 S   0.0   0.1   0:00.02 gsd-print-notif
   2166 gdm       20   0  242216   6512   5848 S   0.0   0.1   0:00.01 gvfsd
   2168 gdm       20   0  459796   6140   5436 S   0.0   0.1   0:00.31 gsd-rfkill
   2170 gdm       20   0  388312   7432   6528 S   0.0   0.1   0:00.01 gsd-smartcard
   2173 gdm       20   0  380556  16508  12504 S   0.0   0.2   0:00.03 gsd-datetime
   2183 gdm       20   0  864216  20108  17428 S   0.0   0.3   0:00.32 gsd-media-keys
   2184 gdm       20   0  237936   4760   4376 S   0.0   0.1   0:00.01 gsd-screensaver
   2185 gdm       20   0  322096  10392   7320 S   0.0   0.1   0:00.02 gsd-sound
   2186 gdm       20   0  312416   8104   5476 S   0.0   0.1   0:00.01 gsd-a11y-settin
   2193 gdm       20   0  313996   8944   6152 S   0.0   0.1   0:00.56 gsd-housekeepin
   2195 gdm       20   0  450004  20288  15904 S   0.0   0.3   0:00.31 gsd-power
   2218 gdm       20   0  347052  12608  10748 S   0.0   0.2   0:00.03 gsd-printer
   2221 gdm       20   0  239040   6576   5948 S   0.0   0.1   0:00.00 ibus-dconf
   2233 gdm       20   0  238936   5920   5488 S   0.0   0.1   0:00.00 ibus-portal
   2263 colord    20   0  247516  14492   8720 S   0.0   0.2   0:00.22 colord
   2285 gdm       20   0 2812300  27868  20904 S   0.0   0.4   0:00.09 gjs
   2349 gdm       20   0  165096   6516   5892 S   0.0   0.1   0:00.01 ibus-engine-sim
   2508 root      20   0  136716  13172   9512 S   0.0   0.2   0:00.57 cupsd
   2522 root      20   0  260792  17940  13508 S   0.0   0.2   0:01.09 cups-browsed
  11687 jetson    20   0   18140   9764   7368 S   0.0   0.1   0:00.32 systemd
  11688 jetson    20   0  172512   4632      0 S   0.0   0.1   0:00.00 (sd-pam)
  11696 jetson    20   0   41976   6552   5228 S   0.0   0.1   0:00.04 pipewire
  11697 jetson    20   0   25484   6724   5388 S   0.0   0.1   0:00.88 pipewire-media-
  11749 jetson    20   0    8888   3620   3232 S   0.0   0.0   0:00.01 dbus-daemon
  11931 jetson    20   0  706564  62076  26432 S   0.0   0.8   1:05.63 python3
  12473 root      20   0 1233488  14092   6340 S   0.0   0.2   0:01.65 containerd-shim
  12502 jetson    20   0    5508    792    704 S   0.0   0.0   0:00.20 sleep
  12567 root      20   0   21892   5484   3884 S   0.0   0.1   0:13.93 systemd-udevd
  13234 jetson    20   0  203640  35476  13212 S   0.0   0.5   0:00.75 ros2
  13236 jetson    20   0 1996680  34168  17228 S   0.0   0.4   0:00.47 docker
  13265 root      20   0 1232976  11124   5960 S   0.0   0.1   0:01.17 containerd-shim
  13294 root      20   0   49400  29204  14412 S   0.0   0.4   0:00.40 ros2
  13554 root      20   0   21760   4448   2932 S   0.0   0.1   0:00.02 systemd-udevd
  13555 root      20   0   21760   3352   1860 S   0.0   0.0   0:00.00 systemd-udevd
  13568 root      20   0   21760   3376   1864 S   0.0   0.0   0:00.02 systemd-udevd
  13569 root      20   0   21760   4128   2588 S   0.0   0.1   0:00.04 systemd-udevd
  13570 root      20   0   21764   4488   2960 S   0.0   0.1   0:00.04 systemd-udevd
  13571 root      20   0   21764   4104   2588 S   0.0   0.1   0:00.03 systemd-udevd
  13580 root      20   0   21764   4136   2588 S   0.0   0.1   0:00.03 systemd-udevd
  13581 root      20   0   21764   3708   2180 S   0.0   0.0   0:00.00 systemd-udevd
  13582 root      20   0   21764   4252   2704 S   0.0   0.1   0:00.05 systemd-udevd
  13594 root      20   0   21764   3408   1864 S   0.0   0.0   0:00.01 systemd-udevd
  13595 root      20   0   21764   3652   2120 S   0.0   0.0   0:00.02 systemd-udevd
  31399 root      20   0       0      0      0 I   0.0   0.0   0:14.51 kworker/u12:8-events_unbound
  33484 root      20   0       0      0      0 I   0.0   0.0   0:09.51 kworker/u12:0-events_unbound
  34263 root      20   0       0      0      0 I   0.0   0.0   0:11.49 kworker/u12:2-events_unbound
  42253 root      20   0       0      0      0 I   0.0   0.0   0:10.81 kworker/u12:3-events_unbound
  49116 root      20   0       0      0      0 I   0.0   0.0   0:00.62 kworker/0:0-events
  51824 root      20   0       0      0      0 I   0.0   0.0   0:01.27 kworker/5:1-events
  59272 root      20   0       0      0      0 I   0.0   0.0   0:01.09 kworker/3:3-events
  85708 root      20   0       0      0      0 I   0.0   0.0   0:00.34 kworker/4:1-events
  95815 root      20   0       0      0      0 I   0.0   0.0   0:00.00 kworker/0:2-events
  96157 root      20   0       0      0      0 I   0.0   0.0   0:00.00 kworker/4:2-events
  97402 root      20   0       0      0      0 I   0.0   0.0   0:06.16 kworker/u12:5-events_freezable_power_
  98042 jetson    20   0  572504  36008  13228 S   0.0   0.5   0:01.77 ros2
  98052 jetson    20   0 1082804  58392  26368 S   0.0   0.7   0:39.05 foxglove_bridge
  98155 root      20   0       0      0      0 I   0.0   0.0   0:00.00 kworker/2:1-events
  98217 root      20   0  238836   6944   5696 S   0.0   0.1   0:01.50 iio-sensor-prox
  98455 jetson    20   0  129772  36116  13228 S   0.0   0.5   0:00.71 ros2
 100055 root      20   0       0      0      0 I   0.0   0.0   0:00.00 kworker/5:2-cgroup_destroy
 100706 jetson    20   0   53568  30372  15020 S   0.0   0.4   0:00.43 ros2
 149635 root      20   0       0      0      0 I   0.0   0.0   0:00.00 kworker/3:0-events
 174364 root      20   0       0      0      0 I   0.0   0.0   0:02.42 kworker/u12:4-events_unbound
 192628 root       0 -20       0      0      0 I   0.0   0.0   0:04.51 kworker/u13:1-uvcvideo
 219316 root       0 -20       0      0      0 I   0.0   0.0   0:01.74 kworker/u13:3-uvcvideo
 223411 root      20   0       0      0      0 I   0.0   0.0   0:00.00 kworker/1:0-cgroup_destroy
 225822 root      20   0       0      0      0 I   0.0   0.0   0:00.61 kworker/u12:9-events_freezable_power_
 229418 root      20   0       0      0      0 I   0.0   0.0   0:00.32 kworker/u12:10-events_unbound
 233042 root      20   0    9436    768    688 S   0.0   0.0   0:00.00 sleep
 234184 root      20   0       0      0      0 I   0.0   0.0   0:00.00 kworker/0:1-events
 234228 root      20   0       0      0      0 I   0.0   0.0   0:00.00 kworker/3:1
 234272 root      20   0       0      0      0 I   0.0   0.0   0:00.00 kworker/2:0-cgroup_destroy
 234404 root      20   0       0      0      0 I   0.0   0.0   0:00.03 kworker/5:0-events
 235691 root      20   0       0      0      0 I   0.0   0.0   0:00.00 kworker/1:1-cgroup_destroy
 236264 jetson    20   0   11248   3292   2852 S   0.0   0.0   0:00.03 bash
 238391 jetson    20   0   11248   3300   2864 S   0.0   0.0   0:00.01 bash
 238443 jetson    20   0    2872    896    800 S   0.0   0.0   0:00.05 tegrastats
 238637 jetson    20   0    9480    820    736 S   0.0   0.0   0:00.00 tail
 239050 root      30  10    9436    780    704 S   0.0   0.0   0:00.00 sleep

top - 13:14:30 up  3:37,  0 users,  load average: 9.49, 6.65, 4.91
Tasks: 349 total,   3 running, 346 sleeping,   0 stopped,   0 zombie
%Cpu(s): 48.2 us, 10.2 sy,  0.0 ni, 37.5 id,  0.0 wa,  2.2 hi,  2.0 si,  0.0 st
MiB Mem :   7607.4 total,   2815.2 free,   2027.8 used,   2764.4 buff/cache
MiB Swap:   3803.7 total,   3803.7 free,      0.0 used.   5281.7 avail Mem 

    PID USER      PR  NI    VIRT    RES    SHR S  %CPU  %MEM     TIME+ COMMAND
 102583 jetson    20   0  963132  48104  23528 S  51.5   0.6   7:09.45 controller_serv
 238636 jetson    20   0  752572  72460  29576 R  42.6   0.9   0:09.63 python3
  98338 jetson    20   0  709016  64620  27260 S  33.2   0.8  28:14.97 python3
 238441 jetson    20   0  763896  56128  25416 S  20.8   0.7   0:06.47 ros2
    969 root      20   0  237044  10204   6400 S  20.3   0.1   1:39.01 polkitd
 100721 jetson    20   0 9355252 432948  88856 S  17.3   5.6  12:28.58 nvblox_node
 102592 jetson    20   0  530888  48340  26220 S  14.9   0.6   6:06.72 bt_navigator
  98046 jetson    20   0  711536  66920  27240 S  13.9   0.9  12:12.50 python3
  98044 jetson    20   0 1813648 105696  51328 S  12.9   1.4  10:18.66 realsense2_came
  98048 jetson    20   0  432960  28196  14244 S  11.9   0.4  12:38.04 rplidar_node
  98457 jetson    20   0 1061924  54504  24360 S  11.4   0.7   2:16.79 async_slam_tool
  98340 jetson    20   0  506224  33968  18400 S  10.4   0.4   8:27.70 ekf_node
 102641 jetson    20   0  577392  31872  16252 S  10.4   0.4   7:43.58 lifecycle_manag
 102587 jetson    20   0 1210040  96676  42692 S   9.9   1.2   6:50.98 planner_server
  98050 jetson    20   0  708072  65988  27372 S   8.4   0.8   6:07.70 python3
 102581 jetson    20   0  709536  62208  27352 S   8.4   0.8   2:49.22 python3
 102589 jetson    20   0  516304  37492  21032 S   6.9   0.5   4:57.49 behavior_server
 102585 jetson    20   0  664660  35180  19412 S   5.4   0.5   4:09.67 smoother_server
 102637 jetson    20   0  428576  29080  15960 S   5.4   0.4   3:22.56 velocity_smooth
 102619 jetson    20   0  431272  31524  17020 S   5.0   0.4   3:21.96 waypoint_follow
    828 message+  20   0   10372   5572   3584 S   4.0   0.1   0:22.61 dbus-daemon
  13320 root      20   0 1300240  43896  11392 S   4.0   0.6  14:23.45 micro_ros_agent
      1 root      20   0  167628  11764   7444 S   3.5   0.2   0:17.19 systemd
    829 root      20   0  264656  18684  14872 S   3.5   0.2   0:20.84 NetworkManager
   2071 gdm       20   0 3471500 137208  73260 S   2.0   1.8   0:26.76 gnome-shell
    909 root      rt   0       0      0      0 S   1.0   0.0   0:23.92 sugov:4
 205195 root       0 -20       0      0      0 I   1.0   0.0   0:03.53 kworker/u13:0-uvcvideo
 238442 jetson    20   0   14344   3352   2756 R   1.0   0.0   0:00.26 top
     14 root      20   0       0      0      0 S   0.5   0.0   0:10.92 ksoftirqd/0
    150 root     -51   0       0      0      0 S   0.5   0.0   0:00.02 irq/167-c240000
    256 root      19  -1   40648  11528   9920 S   0.5   0.1   0:14.94 systemd-journal
    340 root      20   0   23544   6732   4608 S   0.5   0.1   0:52.04 systemd-udevd
    865 root      20   0 2145956  51992  25768 S   0.5   0.7   0:22.68 snapd
    867 root      20   0  242124   7452   6576 S   0.5   0.1   0:01.19 accounts-daemon
    904 root      rt   0       0      0      0 S   0.5   0.0   0:50.46 sugov:0
   2168 gdm       20   0  459796   6140   5436 S   0.5   0.1   0:00.32 gsd-rfkill
  12567 root      20   0   21892   5484   3884 S   0.5   0.1   0:13.94 systemd-udevd
  97402 root      20   0       0      0      0 I   0.5   0.0   0:06.17 kworker/u12:5-events_unbound
 102542 jetson    20   0  723188  41844  13224 S   0.5   0.5   0:01.28 ros2
 238443 jetson    20   0    2872    896    800 S   0.5   0.0   0:00.06 tegrastats
      2 root      20   0       0      0      0 S   0.0   0.0   0:00.02 kthreadd
      3 root       0 -20       0      0      0 I   0.0   0.0   0:00.00 rcu_gp
      4 root       0 -20       0      0      0 I   0.0   0.0   0:00.00 rcu_par_gp
      5 root       0 -20       0      0      0 I   0.0   0.0   0:00.00 slub_flushwq
      6 root       0 -20       0      0      0 I   0.0   0.0   0:00.00 netns
      8 root       0 -20       0      0      0 I   0.0   0.0   0:00.00 kworker/0:0H-events_highpri
     10 root       0 -20       0      0      0 I   0.0   0.0   0:00.00 mm_percpu_wq
     11 root      20   0       0      0      0 S   0.0   0.0   0:00.00 rcu_tasks_kthre
     12 root      20   0       0      0      0 S   0.0   0.0   0:00.00 rcu_tasks_rude_
     13 root      20   0       0      0      0 S   0.0   0.0   0:00.00 rcu_tasks_trace
     15 root      20   0       0      0      0 I   0.0   0.0   0:04.55 rcu_preempt
     16 root      rt   0       0      0      0 S   0.0   0.0   0:00.01 migration/0
     17 root      20   0       0      0      0 S   0.0   0.0   0:00.00 cpuhp/0
     18 root      20   0       0      0      0 S   0.0   0.0   0:00.00 cpuhp/1
     19 root      rt   0       0      0      0 S   0.0   0.0   0:00.01 migration/1
     20 root      20   0       0      0      0 S   0.0   0.0   0:00.66 ksoftirqd/1
     22 root       0 -20       0      0      0 I   0.0   0.0   0:00.00 kworker/1:0H-events_highpri
     23 root      20   0       0      0      0 S   0.0   0.0   0:00.00 cpuhp/2
     24 root      rt   0       0      0      0 S   0.0   0.0   0:00.00 migration/2
     25 root      20   0       0      0      0 S   0.0   0.0   0:00.68 ksoftirqd/2
     27 root       0 -20       0      0      0 I   0.0   0.0   0:00.00 kworker/2:0H-events_highpri
     28 root      20   0       0      0      0 S   0.0   0.0   0:00.00 cpuhp/3
     29 root      rt   0       0      0      0 S   0.0   0.0   0:00.00 migration/3
     30 root      20   0       0      0      0 S   0.0   0.0   0:00.63 ksoftirqd/3
     32 root       0 -20       0      0      0 I   0.0   0.0   0:00.00 kworker/3:0H-events_highpri
     33 root      20   0       0      0      0 S   0.0   0.0   0:00.00 cpuhp/4
     34 root      rt   0       0      0      0 S   0.0   0.0   0:00.02 migration/4
     35 root      20   0       0      0      0 S   0.0   0.0   0:00.47 ksoftirqd/4
     37 root       0 -20       0      0      0 I   0.0   0.0   0:00.00 kworker/4:0H-kblockd
     38 root      20   0       0      0      0 S   0.0   0.0   0:00.00 cpuhp/5
     39 root      rt   0       0      0      0 S   0.0   0.0   0:00.03 migration/5
     40 root      20   0       0      0      0 S   0.0   0.0   0:00.48 ksoftirqd/5
     42 root       0 -20       0      0      0 I   0.0   0.0   0:00.00 kworker/5:0H-events_highpri
     43 root      20   0       0      0      0 S   0.0   0.0   0:00.01 kdevtmpfs
     44 root       0 -20       0      0      0 I   0.0   0.0   0:00.00 inet_frag_wq
     51 root      20   0       0      0      0 S   0.0   0.0   0:00.00 kauditd
     52 root      20   0       0      0      0 S   0.0   0.0   0:00.00 oom_reaper
     53 root       0 -20       0      0      0 I   0.0   0.0   0:00.00 writeback
     54 root      20   0       0      0      0 S   0.0   0.0   0:00.10 kcompactd0
     55 root      25   5       0      0      0 S   0.0   0.0   0:00.00 ksmd
     56 root      39  19       0      0      0 S   0.0   0.0   0:01.15 khugepaged
     67 root       0 -20       0      0      0 I   0.0   0.0   0:00.00 cryptd
     86 root       0 -20       0      0      0 I   0.0   0.0   0:00.00 kintegrityd
     87 root       0 -20       0      0      0 I   0.0   0.0   0:00.00 kblockd
     88 root       0 -20       0      0      0 I   0.0   0.0   0:00.00 blkcg_punt_bio
     89 root       0 -20       0      0      0 I   0.0   0.0   0:00.00 tpm_dev_wq
     90 root       0 -20       0      0      0 I   0.0   0.0   0:00.00 ata_sff
     91 root       0 -20       0      0      0 I   0.0   0.0   0:00.00 edac-poller
     92 root       0 -20       0      0      0 I   0.0   0.0   0:00.00 devfreq_wq
     93 root     -51   0       0      0      0 S   0.0   0.0   0:00.00 watchdogd
     96 root       0 -20       0      0      0 I   0.0   0.0   0:00.04 kworker/1:1H-kblockd
     97 root       0 -20       0      0      0 I   0.0   0.0   0:00.00 rpciod
     99 root       0 -20       0      0      0 I   0.0   0.0   0:00.00 xprtiod
    127 root      20   0       0      0      0 S   0.0   0.0   0:00.00 kswapd0
    128 root       0 -20       0      0      0 I   0.0   0.0   0:00.00 nfsiod
    132 root       0 -20       0      0      0 I   0.0   0.0   0:00.00 vfio-irqfd-clea
    133 root       0 -20       0      0      0 I   0.0   0.0   0:00.00 bch_btree_io
    134 root       0 -20       0      0      0 I   0.0   0.0   0:00.00 bcache
    135 root       0 -20       0      0      0 I   0.0   0.0   0:00.00 bch_journal
    136 root       0 -20       0      0      0 I   0.0   0.0   0:00.00 dm_bufio_cache
    137 root      20   0       0      0      0 I   0.0   0.0   0:01.27 kworker/1:2-events
    139 root      20   0       0      0      0 I   0.0   0.0   0:00.75 kworker/2:3-events
    140 root      10 -10       0      0      0 S   0.0   0.0   0:00.00 krfcommd
    141 root      20   0       0      0      0 S   0.0   0.0   0:00.01 pr/tty0
    142 root      20   0       0      0      0 S   0.0   0.0   0:03.04 pr/ttyTCU0
    145 root     -51   0       0      0      0 S   0.0   0.0   0:00.00 irq/114-3160000
    147 root     -51   0       0      0      0 S   0.0   0.0   0:00.00 irq/115-3180000
    149 root     -51   0       0      0      0 S   0.0   0.0   0:00.00 irq/116-31b0000
    151 root     -51   0       0      0      0 S   0.0   0.0   0:00.00 irq/168-c250000
    152 root     -51   0       0      0      0 S   0.0   0.0   0:00.00 irq/125-3610000
    153 root     -51   0       0      0      0 S   0.0   0.0   0:00.00 irq/122-3610000
    155 root       0 -20       0      0      0 I   0.0   0.0   0:00.00 sdhci
    156 root     -51   0       0      0      0 S   0.0   0.0   0:00.00 irq/120-mmc0
    157 root     -51   0       0      0      0 S   0.0   0.0   0:00.00 irq/230-3400000
    174 root       0 -20       0      0      0 I   0.0   0.0   0:00.05 kworker/3:1H-kblockd
    180 root     -51   0       0      0      0 S   0.0   0.0   0:00.00 irq/191-tegra-p
    181 root       0 -20       0      0      0 I   0.0   0.0   0:00.00 nvme-wq
    182 root       0 -20       0      0      0 I   0.0   0.0   0:00.00 nvme-reset-wq
    183 root       0 -20       0      0      0 I   0.0   0.0   0:00.00 nvme-delete-wq
    192 root     -51   0       0      0      0 S   0.0   0.0   0:00.00 irq/191-aerdrv
    193 root     -51   0       0      0      0 S   0.0   0.0   0:00.00 irq/193-tegra-p
    196 root     -51   0       0      0      0 S   0.0   0.0   0:00.00 irq/193-aerdrv
    197 root     -51   0       0      0      0 S   0.0   0.0   0:00.00 irq/195-tegra-p
    199 root     -51   0       0      0      0 S   0.0   0.0   0:00.00 irq/232-nvme0q0
    200 root     -51   0       0      0      0 S   0.0   0.0   0:00.22 irq/233-nvme0q1
    201 root     -51   0       0      0      0 S   0.0   0.0   0:00.26 irq/234-nvme0q2
    202 root     -51   0       0      0      0 S   0.0   0.0   0:00.40 irq/235-nvme0q3
    203 root     -51   0       0      0      0 S   0.0   0.0   0:00.52 irq/236-nvme0q4
    204 root     -51   0       0      0      0 S   0.0   0.0   0:00.13 irq/237-nvme0q5
    205 root     -51   0       0      0      0 S   0.0   0.0   0:00.09 irq/238-nvme0q6
    211 root       0 -20       0      0      0 I   0.0   0.0   0:00.05 kworker/4:1H-kblockd
    212 root      20   0       0      0      0 S   0.0   0.0   0:00.74 jbd2/nvme0n1p1-
    213 root       0 -20       0      0      0 I   0.0   0.0   0:00.00 ext4-rsv-conver
    222 root       0 -20       0      0      0 I   0.0   0.0   0:00.00 mld
    223 root       0 -20       0      0      0 I   0.0   0.0   0:00.03 kworker/0:1H-kblockd
    224 root       0 -20       0      0      0 I   0.0   0.0   0:00.00 ipv6_addrconf
    278 root       0 -20       0      0      0 I   0.0   0.0   0:00.06 kworker/2:1H-kblockd
    280 root      39  19       0      0      0 S   0.0   0.0   0:00.40 nvmap-bz
    281 root     -51   0       0      0      0 S   0.0   0.0   0:00.00 irq/188-host1x_
    285 root     -51   0       0      0      0 S   0.0   0.0   0:00.00 irq/197-gk20a_s
    286 root     -51   0       0      0      0 S   0.0   0.0   0:00.01 irq/198-gk20a_s
    287 root     -51   0       0      0      0 S   0.0   0.0   0:00.01 irq/199-gk20a_s
    288 root     -51   0       0      0      0 S   0.0   0.0   0:00.00 irq/200-gk20a_n
    291 root       0 -20       0      0      0 I   0.0   0.0   0:00.04 kworker/5:1H-kblockd
    295 root      20   0   11116   3460   3204 S   0.0   0.0   0:00.00 nv-tee-supplica
    299 root      20   0   76588   1360   1248 S   0.0   0.0   0:00.01 tee-supplicant
    301 root       0 -20       0      0      0 I   0.0   0.0   0:00.00 optee_bus_scan
    303 root     -51   0       0      0      0 S   0.0   0.0   0:00.00 irq/189-tegra-p
    312 root      20   0   23732   6316   4080 S   0.0   0.1   0:15.42 systemd-udevd
    313 root     -51   0       0      0      0 S   0.0   0.0   0:00.00 irq/189-aerdrv
    314 root      20   0   23216   5804   3992 S   0.0   0.1   0:00.37 systemd-udevd
    315 root      20   0   23216   5020   3248 S   0.0   0.1   0:00.15 systemd-udevd
    316 root      20   0   23268   6224   4288 S   0.0   0.1   0:00.16 systemd-udevd
    317 root      20   0   23220   4364   2600 S   0.0   0.1   0:00.11 systemd-udevd
    318 root      20   0   23216   4480   2672 S   0.0   0.1   0:00.12 systemd-udevd
    319 root      20   0   23212   5812   3980 S   0.0   0.1   0:00.28 systemd-udevd
    320 root      20   0   23264   4688   2764 S   0.0   0.1   0:00.13 systemd-udevd
    321 root      20   0   23268   5072   3136 S   0.0   0.1   0:00.18 systemd-udevd
    322 root      20   0   23524   5520   3456 S   0.0   0.1   0:00.26 systemd-udevd
    323 root      20   0   23216   6268   4444 S   0.0   0.1   0:00.35 systemd-udevd
    324 root      20   0   23220   5196   3388 S   0.0   0.1   0:00.16 systemd-udevd
    325 root      20   0   23220   5808   3976 S   0.0   0.1   0:00.35 systemd-udevd
    326 root      20   0   23220   5232   3388 S   0.0   0.1   0:00.38 systemd-udevd
    327 root      20   0   23220   5468   3656 S   0.0   0.1   0:00.18 systemd-udevd
    330 root      20   0   23512   5728   3684 S   0.0   0.1   0:00.14 systemd-udevd
    331 root      20   0   24292   5540   2676 S   0.0   0.1   0:00.16 systemd-udevd
    333 root      20   0   23524   5596   3532 S   0.0   0.1   0:00.26 systemd-udevd
    334 root      20   0   23220   5080   3240 S   0.0   0.1   0:00.24 systemd-udevd
    335 root      20   0   23220   4504   2708 S   0.0   0.1   0:00.11 systemd-udevd
    336 root      20   0   23220   4696   2892 S   0.0   0.1   0:00.14 systemd-udevd
    337 root      20   0   23524   5056   2992 S   0.0   0.1   0:00.16 systemd-udevd
    339 root      20   0   23220   4980   3148 S   0.0   0.1   0:00.17 systemd-udevd
    341 root      20   0   23276   5328   3384 S   0.0   0.1   0:00.13 systemd-udevd
    342 root      20   0   23280   5176   3228 S   0.0   0.1   0:00.13 systemd-udevd
    343 root      20   0   23220   5984   4152 S   0.0   0.1   0:00.29 systemd-udevd
    344 root      20   0   23560   6700   4596 S   0.0   0.1   0:00.46 systemd-udevd
    345 root      20   0       0      0      0 S   0.0   0.0   0:00.00 15820000.crypto
    346 root      20   0       0      0      0 S   0.0   0.0   0:00.00 15840000.crypto
    368 root      20   0   23324   5984   4116 S   0.0   0.1   0:00.38 systemd-udevd
    417 root     -51   0       0      0      0 S   0.0   0.0   0:00.00 irq/219-bc00000
    419 root      -2   0       0      0      0 S   0.0   0.0   0:00.00 capture-control
    420 root      -2   0       0      0      0 S   0.0   0.0   0:00.00 capture
    422 root     -51   0       0      0      0 S   0.0   0.0   0:00.00 irq/214-tegra_d
    423 root     -51   0       0      0      0 S   0.0   0.0   0:00.00 irq/215-tegra_d
    424 root       0 -20       0      0      0 I   0.0   0.0   0:00.00 dce-async-ipc-w
    425 root     -51   0       0      0      0 S   0.0   0.0   0:00.00 irq/240-nvvrs-p
    427 root      20   0       0      0      0 S   0.0   0.0   0:00.00 nv_queue
    428 root      20   0       0      0      0 S   0.0   0.0   0:00.00 nv_queue
    483 root     -51   0       0      0      0 S   0.0   0.0   0:00.00 irq/118-3210000
    487 root      20   0       0      0      0 S   0.0   0.0   0:00.00 spi0
    495 root       0 -20       0      0      0 I   0.0   0.0   0:00.00 cfg80211
    497 root     -51   0       0      0      0 S   0.0   0.0   0:00.00 irq/119-3230000
    498 root      20   0       0      0      0 S   0.0   0.0   0:00.00 spi1
    584 root       0 -20       0      0      0 I   0.0   0.0   0:00.00 btfwwork
    650 root      20   0    8236   6424   1432 S   0.0   0.1   0:00.53 haveged
    653 _rpc      20   0    7932   2264   1912 S   0.0   0.0   0:00.02 rpcbind
    659 systemd+  20   0   26320  13580   8496 S   0.0   0.2   0:00.36 systemd-resolve
    662 systemd+  20   0   88880   6332   5484 S   0.0   0.1   0:00.12 systemd-timesyn
    826 avahi     20   0    8084   3108   2752 S   0.0   0.0   0:00.42 avahi-daemon
    827 root      20   0    9888   4552   4112 S   0.0   0.1   0:00.07 bluetoothd
    838 root      20   0   43504  19780  10232 S   0.0   0.3   0:00.15 networkd-dispat
    849 root      20   0  241652   9056   6312 S   0.0   0.1   0:00.34 power-profiles-
    854 syslog    20   0  222160   5012   3672 S   0.0   0.1   0:02.92 rsyslogd
    859 root      20   0    2240    796    720 S   0.0   0.0   0:00.00 seatd
    869 root      20   0  238128   6232   5620 S   0.0   0.1   0:00.04 switcheroo-cont
    871 root      20   0   48968   7620   6296 S   0.0   0.1   0:02.01 systemd-logind
    874 root      20   0  394188  13980   9476 S   0.0   0.2   0:00.52 udisksd
    875 root      20   0   16632   9928   8148 S   0.0   0.1   0:00.78 wpa_supplicant
    882 avahi     20   0    7812    356      0 S   0.0   0.0   0:00.00 avahi-daemon
    921 root      30  10   11248   3612   3220 S   0.0   0.0   0:04.81 wifi_mon.sh
    983 root      20   0    2460   1556   1380 S   0.0   0.0   0:04.62 nvfancontrol
   1049 root      20   0       0      0      0 S   0.0   0.0   0:00.00 sw-quiesce
   1052 root      20   0       0      0      0 S   0.0   0.0   0:11.40 nvgpu_channel_p
   1068 root      20   0       0      0      0 S   0.0   0.0   0:00.00 nvgpu_pg_init_g
   1087 root      20   0       0      0      0 S   0.0   0.0   0:00.00 nvgpu_clk_arb_p
   1117 root      20   0       0      0      0 S   0.0   0.0   0:04.39 RTW_CMD_THREAD
   1157 root      20   0   75936   9960   8136 S   0.0   0.1   0:00.01 nvargus-daemon
   1158 root      20   0   11116   3520   3220 S   0.0   0.0   0:00.04 nvmemwarning.sh
   1171 root      20   0   22192   1776   1580 S   0.0   0.0   0:00.00 nvs-service
   1181 ollama    20   0 2006720  39588  20072 S   0.0   0.5   0:00.64 ollama
   1195 root      20   0    2336   1408   1292 S   0.0   0.0   0:01.96 run-cups-browse
   1201 root      20   0    2336   1424   1296 S   0.0   0.0   0:02.02 run-cupsd
   1204 root      20   0       0      0      0 S   0.0   0.0   0:00.00 pr/ramoops-1
   1212 root      20   0 2019288  66636  33572 S   0.0   0.9   0:13.45 containerd
   1239 root      20   0   10772   2824   2576 S   0.0   0.0   0:00.03 cron
   1259 root      20   0  243128   8056   7012 S   0.0   0.1   0:00.02 gdm3
   1263 kernoops  20   0   12812    452      0 S   0.0   0.0   0:00.01 kerneloops
   1290 root      20   0    9468    800    724 S   0.0   0.0   0:00.00 agetty
   1291 kernoops  20   0   12812    452      0 S   0.0   0.0   0:00.01 kerneloops
   1293 root      20   0    9468    804    724 S   0.0   0.0   0:00.00 agetty
   1330 root      20   0  173408   8804   7628 S   0.0   0.1   0:00.02 gdm-session-wor
   1417 root      20   0       0      0      0 S   0.0   0.0   0:00.00 file-storage
   1426 root      20   0   15272   8368   6788 S   0.0   0.1   0:00.39 sshd
   1474 gdm       20   0   18120   9728   7360 S   0.0   0.1   0:00.41 systemd
   1478 root      20   0    3076    992    880 S   0.0   0.0   0:00.00 nvphsd
   1483 root      20   0    3208   1476   1316 S   0.0   0.0   0:00.00 nvphsd
   1497 gdm       20   0  106692   4552      0 S   0.0   0.1   0:00.00 (sd-pam)
   1588 root      20   0 2278700 101092  56496 S   0.0   1.3   0:04.35 dockerd
   1688 gdm        9 -11   41972   6468   5156 S   0.0   0.1   0:00.05 pipewire
   1689 gdm       20   0   25476   6428   5104 S   0.0   0.1   0:00.83 pipewire-media-
   1690 gdm        9 -11  891840  20748  12584 S   0.0   0.3   0:00.70 pulseaudio
   1695 gdm       20   0  163948   5472   4964 S   0.0   0.1   0:00.00 gdm-x-session
   1697 root      20   0   24.2g  80496  35884 S   0.0   1.0   0:01.46 Xorg
   1698 rtkit     21   1  153504   1588   1380 S   0.0   0.0   0:00.19 rtkit-daemon
   1729 gdm       20   0    8840   3600   3212 S   0.0   0.0   0:00.02 dbus-daemon
   1748 root      20   0       0      0      0 S   0.0   0.0   0:00.00 nvidia-modeset/
   1749 root      20   0       0      0      0 S   0.0   0.0   0:00.00 nvidia-modeset/
   1752 root      20   0       0      0      0 S   0.0   0.0   0:00.00 nvidia
   1753 root      20   0       0      0      0 S   0.0   0.0   0:00.00 nv_queue
   1790 root      20   0       0      0      0 S   0.0   0.0   0:00.00 nvidia-drm-nv-t
   1791 root     -51   0       0      0      0 S   0.0   0.0   0:00.00 card1-crtc0
   1792 root     -51   0       0      0      0 S   0.0   0.0   0:00.00 card1-crtc1
   1980 gdm       20   0    5876   1552   1344 S   0.0   0.0   0:00.00 dbus-run-sessio
   1983 gdm       20   0    9108   4440   3588 S   0.0   0.1   0:00.13 dbus-daemon
   2035 gdm       20   0  597840  17824  12972 S   0.0   0.2   0:00.61 gnome-session-b
   2057 gdm       20   0  310068   8976   6272 S   0.0   0.1   0:00.00 at-spi-bus-laun
   2062 gdm       20   0    8692   3556   3168 S   0.0   0.0   0:00.00 dbus-daemon
   2092 gdm       20   0  237676   4964   4528 S   0.0   0.1   0:00.00 xdg-permission-
   2099 root      20   0  243852  10136   6984 S   0.0   0.1   0:00.29 upowerd
   2106 root      20   0  301608  19332  16408 S   0.0   0.2   0:00.86 packagekitd
   2110 gdm       20   0 2812288  25716  20860 S   0.0   0.3   0:00.08 gjs
   2113 gdm       20   0  163144   7196   6428 S   0.0   0.1   0:00.01 at-spi2-registr
   2141 gdm       20   0  468748   9856   7940 S   0.0   0.1   0:01.08 gsd-sharing
   2146 gdm       20   0  338880  14892  12620 S   0.0   0.2   0:00.06 gsd-wacom
   2148 gdm       20   0  451616  18896  16480 S   0.0   0.2   0:00.15 gsd-color
   2150 gdm       20   0  412392  17092  13292 S   0.0   0.2   0:00.04 gsd-keyboard
   2152 gdm       20   0  316864  13188   6244 S   0.0   0.2   0:00.10 ibus-daemon
   2156 gdm       20   0  326124   9848   8488 S   0.0   0.1   0:00.02 gsd-print-notif
   2166 gdm       20   0  242216   6512   5848 S   0.0   0.1   0:00.01 gvfsd
   2170 gdm       20   0  388312   7432   6528 S   0.0   0.1   0:00.01 gsd-smartcard
   2173 gdm       20   0  380556  16508  12504 S   0.0   0.2   0:00.03 gsd-datetime
   2183 gdm       20   0  864216  20108  17428 S   0.0   0.3   0:00.32 gsd-media-keys
   2184 gdm       20   0  237936   4760   4376 S   0.0   0.1   0:00.01 gsd-screensaver
   2185 gdm       20   0  322096  10392   7320 S   0.0   0.1   0:00.02 gsd-sound
   2186 gdm       20   0  312416   8104   5476 S   0.0   0.1   0:00.01 gsd-a11y-settin
   2193 gdm       20   0  313996   8944   6152 S   0.0   0.1   0:00.56 gsd-housekeepin
   2195 gdm       20   0  450004  20288  15904 S   0.0   0.3   0:00.31 gsd-power
   2218 gdm       20   0  347052  12608  10748 S   0.0   0.2   0:00.03 gsd-printer
   2221 gdm       20   0  239040   6576   5948 S   0.0   0.1   0:00.00 ibus-dconf
   2233 gdm       20   0  238936   5920   5488 S   0.0   0.1   0:00.00 ibus-portal
   2263 colord    20   0  247516  14492   8720 S   0.0   0.2   0:00.22 colord
   2285 gdm       20   0 2812300  27868  20904 S   0.0   0.4   0:00.09 gjs
   2349 gdm       20   0  165096   6516   5892 S   0.0   0.1   0:00.01 ibus-engine-sim
   2508 root      20   0  136716  13172   9512 S   0.0   0.2   0:00.57 cupsd
   2522 root      20   0  260792  17940  13508 S   0.0   0.2   0:01.09 cups-browsed
  11687 jetson    20   0   18140   9764   7368 S   0.0   0.1   0:00.32 systemd
  11688 jetson    20   0  172512   4632      0 S   0.0   0.1   0:00.00 (sd-pam)
  11696 jetson    20   0   41976   6552   5228 S   0.0   0.1   0:00.04 pipewire
  11697 jetson    20   0   25484   6724   5388 S   0.0   0.1   0:00.88 pipewire-media-
  11749 jetson    20   0    8888   3620   3232 S   0.0   0.0   0:00.01 dbus-daemon
  11931 jetson    20   0  706564  62076  26432 S   0.0   0.8   1:05.63 python3
  12473 root      20   0 1233488  14092   6340 S   0.0   0.2   0:01.65 containerd-shim
  12502 jetson    20   0    5508    792    704 S   0.0   0.0   0:00.20 sleep
  12575 root      20   0   21760   4520   2952 S   0.0   0.1   0:28.23 systemd-udevd
  13234 jetson    20   0  203640  35476  13212 S   0.0   0.5   0:00.75 ros2
  13236 jetson    20   0 1996680  34168  17228 S   0.0   0.4   0:00.47 docker
  13238 jetson    20   0  428384  31060  15828 S   0.0   0.4   1:07.63 robot_state_pub
  13265 root      20   0 1232976  11124   5960 S   0.0   0.1   0:01.17 containerd-shim
  13294 root      20   0   49400  29204  14412 S   0.0   0.4   0:00.40 ros2
  13554 root      20   0   21760   4448   2932 S   0.0   0.1   0:00.02 systemd-udevd
  13555 root      20   0   21760   3352   1860 S   0.0   0.0   0:00.00 systemd-udevd
  13568 root      20   0   21760   3376   1864 S   0.0   0.0   0:00.02 systemd-udevd
  13569 root      20   0   21760   4128   2588 S   0.0   0.1   0:00.04 systemd-udevd
  13570 root      20   0   21764   4488   2960 S   0.0   0.1   0:00.04 systemd-udevd
  13571 root      20   0   21764   4104   2588 S   0.0   0.1   0:00.03 systemd-udevd
  13580 root      20   0   21764   4136   2588 S   0.0   0.1   0:00.03 systemd-udevd
  13581 root      20   0   21764   3708   2180 S   0.0   0.0   0:00.00 systemd-udevd
  13582 root      20   0   21764   4252   2704 S   0.0   0.1   0:00.05 systemd-udevd
  13594 root      20   0   21764   3408   1864 S   0.0   0.0   0:00.01 systemd-udevd
  13595 root      20   0   21764   3652   2120 S   0.0   0.0   0:00.02 systemd-udevd
  31399 root      20   0       0      0      0 I   0.0   0.0   0:14.51 kworker/u12:8-events_unbound
  33484 root      20   0       0      0      0 I   0.0   0.0   0:09.51 kworker/u12:0-events_unbound
  34263 root      20   0       0      0      0 I   0.0   0.0   0:11.49 kworker/u12:2-events_freezable_power_
  42253 root      20   0       0      0      0 I   0.0   0.0   0:10.81 kworker/u12:3-events_unbound
  49116 root      20   0       0      0      0 I   0.0   0.0   0:00.62 kworker/0:0-events
  51824 root      20   0       0      0      0 I   0.0   0.0   0:01.27 kworker/5:1-events
  59272 root      20   0       0      0      0 I   0.0   0.0   0:01.09 kworker/3:3-events
  85708 root      20   0       0      0      0 I   0.0   0.0   0:00.34 kworker/4:1-events
  90870 root      20   0       0      0      0 I   0.0   0.0   0:08.13 kworker/u12:11-events_freezable_power_
  95815 root      20   0       0      0      0 I   0.0   0.0   0:00.00 kworker/0:2-events
  96157 root      20   0       0      0      0 I   0.0   0.0   0:00.00 kworker/4:2-events
  98042 jetson    20   0  572504  36008  13228 S   0.0   0.5   0:01.77 ros2
  98052 jetson    20   0 1082804  58392  26368 S   0.0   0.7   0:39.05 foxglove_bridge
  98155 root      20   0       0      0      0 I   0.0   0.0   0:00.00 kworker/2:1-events
  98217 root      20   0  238836   6944   5696 S   0.0   0.1   0:01.50 iio-sensor-prox
  98455 jetson    20   0  129772  36116  13228 S   0.0   0.5   0:00.71 ros2
 100055 root      20   0       0      0      0 I   0.0   0.0   0:00.00 kworker/5:2-cgroup_destroy
 100141 root      20   0       0      0      0 I   0.0   0.0   0:06.83 kworker/u12:6-events_freezable_power_
 100706 jetson    20   0   53568  30372  15020 S   0.0   0.4   0:00.43 ros2
 149635 root      20   0       0      0      0 I   0.0   0.0   0:00.00 kworker/3:0-events
 174364 root      20   0       0      0      0 I   0.0   0.0   0:02.42 kworker/u12:4-events_unbound
 192628 root       0 -20       0      0      0 I   0.0   0.0   0:04.51 kworker/u13:1-uvcvideo
 199974 root      20   0       0      0      0 I   0.0   0.0   0:01.77 kworker/u12:1-events_unbound
 211464 root      20   0       0      0      0 I   0.0   0.0   0:01.29 kworker/u12:7-events_freezable_power_
 219316 root       0 -20       0      0      0 I   0.0   0.0   0:01.74 kworker/u13:3-uvcvideo
 223411 root      20   0       0      0      0 I   0.0   0.0   0:00.00 kworker/1:0-cgroup_destroy
 225822 root      20   0       0      0      0 R   0.0   0.0   0:00.61 kworker/u12:9+events_unbound
 229418 root      20   0       0      0      0 I   0.0   0.0   0:00.32 kworker/u12:10-events_freezable_power_
 233042 root      20   0    9436    768    688 S   0.0   0.0   0:00.00 sleep
 233444 root       0 -20       0      0      0 I   0.0   0.0   0:00.39 kworker/u13:2-uvcvideo
 234184 root      20   0       0      0      0 I   0.0   0.0   0:00.00 kworker/0:1-events
 234228 root      20   0       0      0      0 I   0.0   0.0   0:00.00 kworker/3:1
 234272 root      20   0       0      0      0 I   0.0   0.0   0:00.00 kworker/2:0-cgroup_destroy
 234404 root      20   0       0      0      0 I   0.0   0.0   0:00.03 kworker/5:0-events
 235691 root      20   0       0      0      0 I   0.0   0.0   0:00.00 kworker/1:1-events
 236264 jetson    20   0   11248   3292   2852 S   0.0   0.0   0:00.03 bash
 238391 jetson    20   0   11248   3300   2864 S   0.0   0.0   0:00.01 bash
 238637 jetson    20   0    9480    820    736 S   0.0   0.0   0:00.00 tail
 239050 root      30  10    9436    780    704 S   0.0   0.0   0:00.00 sleep

top - 13:14:32 up  3:37,  0 users,  load average: 9.49, 6.65, 4.91
Tasks: 352 total,   3 running, 349 sleeping,   0 stopped,   0 zombie
%Cpu(s): 41.0 us, 11.2 sy,  0.1 ni, 43.3 id,  0.0 wa,  2.4 hi,  2.0 si,  0.0 st
MiB Mem :   7607.4 total,   2812.6 free,   2025.9 used,   2768.8 buff/cache
MiB Swap:   3803.7 total,   3803.7 free,      0.0 used.   5283.6 avail Mem 

    PID USER      PR  NI    VIRT    RES    SHR S  %CPU  %MEM     TIME+ COMMAND
 238636 jetson    20   0  752812  72600  29576 R  51.0   0.9   0:10.66 python3
  98338 jetson    20   0  709016  64620  27260 S  35.6   0.8  28:15.69 python3
 102583 jetson    20   0  963132  48100  23528 S  33.7   0.6   7:10.13 controller_serv
 238441 jetson    20   0  763896  56128  25416 S  22.8   0.7   0:06.93 ros2
 100721 jetson    20   0 9355252 432948  88856 S  18.3   5.6  12:28.95 nvblox_node
  98046 jetson    20   0  711536  66920  27240 R  14.9   0.9  12:12.80 python3
  98048 jetson    20   0  432960  28196  14244 S  14.4   0.4  12:38.33 rplidar_node
 102592 jetson    20   0  530888  48340  26220 S  14.4   0.6   6:07.01 bt_navigator
  98044 jetson    20   0 1813648 105696  51328 S  12.9   1.4  10:18.92 realsense2_came
  98340 jetson    20   0  506224  33968  18400 S  10.9   0.4   8:27.92 ekf_node
  98457 jetson    20   0 1061924  54768  24360 S  10.9   0.7   2:17.01 async_slam_tool
 102641 jetson    20   0  577392  31872  16252 S  10.9   0.4   7:43.80 lifecycle_manag
 102587 jetson    20   0 1210040  96936  42692 S  10.4   1.2   6:51.19 planner_server
  98050 jetson    20   0  708072  65988  27372 S   9.9   0.8   6:07.90 python3
 102581 jetson    20   0  709536  62208  27352 S   9.4   0.8   2:49.41 python3
 102589 jetson    20   0  516304  37492  21032 S   6.4   0.5   4:57.62 behavior_server
 102585 jetson    20   0  664660  35180  19412 S   5.9   0.5   4:09.79 smoother_server
 102637 jetson    20   0  428576  29080  15960 S   5.9   0.4   3:22.68 velocity_smooth
 102619 jetson    20   0  431272  31524  17020 S   5.4   0.4   3:22.07 waypoint_follow
  13320 root      20   0 1300240  43896  11392 S   4.5   0.6  14:23.54 micro_ros_agent
    904 root      rt   0       0      0      0 S   1.5   0.0   0:50.49 sugov:0
    909 root      rt   0       0      0      0 S   1.5   0.0   0:23.95 sugov:4
 233444 root       0 -20       0      0      0 I   1.0   0.0   0:00.41 kworker/u13:2-uvcvideo
 238442 jetson    20   0   14344   3352   2756 R   1.0   0.0   0:00.28 top
    256 root      19  -1   40648  11528   9920 S   0.5   0.1   0:14.95 systemd-journal
    865 root      20   0 2145956  51744  25768 S   0.5   0.7   0:22.69 snapd
   1052 root      20   0       0      0      0 S   0.5   0.0   0:11.41 nvgpu_channel_p
  12473 root      20   0 1233488  14060   6340 S   0.5   0.2   0:01.66 containerd-shim
  90870 root      20   0       0      0      0 I   0.5   0.0   0:08.14 kworker/u12:11-events_freezable_power_
  97402 root      20   0       0      0      0 I   0.5   0.0   0:06.18 kworker/u12:5-events_unbound
 225822 root      20   0       0      0      0 I   0.5   0.0   0:00.62 kworker/u12:9-events_freezable_power_
 229418 root      20   0       0      0      0 I   0.5   0.0   0:00.33 kworker/u12:10-events_unbound
      1 root      20   0  167628  11764   7444 S   0.0   0.2   0:17.19 systemd
      2 root      20   0       0      0      0 S   0.0   0.0   0:00.02 kthreadd
      3 root       0 -20       0      0      0 I   0.0   0.0   0:00.00 rcu_gp
      4 root       0 -20       0      0      0 I   0.0   0.0   0:00.00 rcu_par_gp
      5 root       0 -20       0      0      0 I   0.0   0.0   0:00.00 slub_flushwq
      6 root       0 -20       0      0      0 I   0.0   0.0   0:00.00 netns
      8 root       0 -20       0      0      0 I   0.0   0.0   0:00.00 kworker/0:0H-events_highpri
     10 root       0 -20       0      0      0 I   0.0   0.0   0:00.00 mm_percpu_wq
     11 root      20   0       0      0      0 S   0.0   0.0   0:00.00 rcu_tasks_kthre
     12 root      20   0       0      0      0 S   0.0   0.0   0:00.00 rcu_tasks_rude_
     13 root      20   0       0      0      0 S   0.0   0.0   0:00.00 rcu_tasks_trace
     14 root      20   0       0      0      0 S   0.0   0.0   0:10.92 ksoftirqd/0
     15 root      20   0       0      0      0 I   0.0   0.0   0:04.55 rcu_preempt
     16 root      rt   0       0      0      0 S   0.0   0.0   0:00.01 migration/0
     17 root      20   0       0      0      0 S   0.0   0.0   0:00.00 cpuhp/0
     18 root      20   0       0      0      0 S   0.0   0.0   0:00.00 cpuhp/1
     19 root      rt   0       0      0      0 S   0.0   0.0   0:00.01 migration/1
     20 root      20   0       0      0      0 S   0.0   0.0   0:00.66 ksoftirqd/1
     22 root       0 -20       0      0      0 I   0.0   0.0   0:00.00 kworker/1:0H-events_highpri
     23 root      20   0       0      0      0 S   0.0   0.0   0:00.00 cpuhp/2
     24 root      rt   0       0      0      0 S   0.0   0.0   0:00.00 migration/2
     25 root      20   0       0      0      0 S   0.0   0.0   0:00.68 ksoftirqd/2
     27 root       0 -20       0      0      0 I   0.0   0.0   0:00.00 kworker/2:0H-events_highpri
     28 root      20   0       0      0      0 S   0.0   0.0   0:00.00 cpuhp/3
     29 root      rt   0       0      0      0 S   0.0   0.0   0:00.00 migration/3
     30 root      20   0       0      0      0 S   0.0   0.0   0:00.63 ksoftirqd/3
     32 root       0 -20       0      0      0 I   0.0   0.0   0:00.00 kworker/3:0H-events_highpri
     33 root      20   0       0      0      0 S   0.0   0.0   0:00.00 cpuhp/4
     34 root      rt   0       0      0      0 S   0.0   0.0   0:00.02 migration/4
     35 root      20   0       0      0      0 S   0.0   0.0   0:00.47 ksoftirqd/4
     37 root       0 -20       0      0      0 I   0.0   0.0   0:00.00 kworker/4:0H-kblockd
     38 root      20   0       0      0      0 S   0.0   0.0   0:00.00 cpuhp/5
     39 root      rt   0       0      0      0 S   0.0   0.0   0:00.03 migration/5
     40 root      20   0       0      0      0 S   0.0   0.0   0:00.48 ksoftirqd/5
     42 root       0 -20       0      0      0 I   0.0   0.0   0:00.00 kworker/5:0H-events_highpri
     43 root      20   0       0      0      0 S   0.0   0.0   0:00.01 kdevtmpfs
     44 root       0 -20       0      0      0 I   0.0   0.0   0:00.00 inet_frag_wq
     51 root      20   0       0      0      0 S   0.0   0.0   0:00.00 kauditd
     52 root      20   0       0      0      0 S   0.0   0.0   0:00.00 oom_reaper
     53 root       0 -20       0      0      0 I   0.0   0.0   0:00.00 writeback
     54 root      20   0       0      0      0 S   0.0   0.0   0:00.10 kcompactd0
     55 root      25   5       0      0      0 S   0.0   0.0   0:00.00 ksmd
     56 root      39  19       0      0      0 S   0.0   0.0   0:01.15 khugepaged
     67 root       0 -20       0      0      0 I   0.0   0.0   0:00.00 cryptd
     86 root       0 -20       0      0      0 I   0.0   0.0   0:00.00 kintegrityd
     87 root       0 -20       0      0      0 I   0.0   0.0   0:00.00 kblockd
     88 root       0 -20       0      0      0 I   0.0   0.0   0:00.00 blkcg_punt_bio
     89 root       0 -20       0      0      0 I   0.0   0.0   0:00.00 tpm_dev_wq
     90 root       0 -20       0      0      0 I   0.0   0.0   0:00.00 ata_sff
     91 root       0 -20       0      0      0 I   0.0   0.0   0:00.00 edac-poller
     92 root       0 -20       0      0      0 I   0.0   0.0   0:00.00 devfreq_wq
     93 root     -51   0       0      0      0 S   0.0   0.0   0:00.00 watchdogd
     96 root       0 -20       0      0      0 I   0.0   0.0   0:00.04 kworker/1:1H-kblockd
     97 root       0 -20       0      0      0 I   0.0   0.0   0:00.00 rpciod
     99 root       0 -20       0      0      0 I   0.0   0.0   0:00.00 xprtiod
    127 root      20   0       0      0      0 S   0.0   0.0   0:00.00 kswapd0
    128 root       0 -20       0      0      0 I   0.0   0.0   0:00.00 nfsiod
    132 root       0 -20       0      0      0 I   0.0   0.0   0:00.00 vfio-irqfd-clea
    133 root       0 -20       0      0      0 I   0.0   0.0   0:00.00 bch_btree_io
    134 root       0 -20       0      0      0 I   0.0   0.0   0:00.00 bcache
    135 root       0 -20       0      0      0 I   0.0   0.0   0:00.00 bch_journal
    136 root       0 -20       0      0      0 I   0.0   0.0   0:00.00 dm_bufio_cache
    137 root      20   0       0      0      0 I   0.0   0.0   0:01.27 kworker/1:2-events
    139 root      20   0       0      0      0 I   0.0   0.0   0:00.75 kworker/2:3-events
    140 root      10 -10       0      0      0 S   0.0   0.0   0:00.00 krfcommd
    141 root      20   0       0      0      0 S   0.0   0.0   0:00.01 pr/tty0
    142 root      20   0       0      0      0 S   0.0   0.0   0:03.04 pr/ttyTCU0
    145 root     -51   0       0      0      0 S   0.0   0.0   0:00.00 irq/114-3160000
    147 root     -51   0       0      0      0 S   0.0   0.0   0:00.00 irq/115-3180000
    149 root     -51   0       0      0      0 S   0.0   0.0   0:00.00 irq/116-31b0000
    150 root     -51   0       0      0      0 S   0.0   0.0   0:00.02 irq/167-c240000
    151 root     -51   0       0      0      0 S   0.0   0.0   0:00.00 irq/168-c250000
    152 root     -51   0       0      0      0 S   0.0   0.0   0:00.00 irq/125-3610000
    153 root     -51   0       0      0      0 S   0.0   0.0   0:00.00 irq/122-3610000
    155 root       0 -20       0      0      0 I   0.0   0.0   0:00.00 sdhci
    156 root     -51   0       0      0      0 S   0.0   0.0   0:00.00 irq/120-mmc0
    157 root     -51   0       0      0      0 S   0.0   0.0   0:00.00 irq/230-3400000
    174 root       0 -20       0      0      0 I   0.0   0.0   0:00.05 kworker/3:1H-kblockd
    180 root     -51   0       0      0      0 S   0.0   0.0   0:00.00 irq/191-tegra-p
    181 root       0 -20       0      0      0 I   0.0   0.0   0:00.00 nvme-wq
    182 root       0 -20       0      0      0 I   0.0   0.0   0:00.00 nvme-reset-wq
    183 root       0 -20       0      0      0 I   0.0   0.0   0:00.00 nvme-delete-wq
    192 root     -51   0       0      0      0 S   0.0   0.0   0:00.00 irq/191-aerdrv
    193 root     -51   0       0      0      0 S   0.0   0.0   0:00.00 irq/193-tegra-p
    196 root     -51   0       0      0      0 S   0.0   0.0   0:00.00 irq/193-aerdrv
    197 root     -51   0       0      0      0 S   0.0   0.0   0:00.00 irq/195-tegra-p
    199 root     -51   0       0      0      0 S   0.0   0.0   0:00.00 irq/232-nvme0q0
    200 root     -51   0       0      0      0 S   0.0   0.0   0:00.22 irq/233-nvme0q1
    201 root     -51   0       0      0      0 S   0.0   0.0   0:00.26 irq/234-nvme0q2
    202 root     -51   0       0      0      0 S   0.0   0.0   0:00.40 irq/235-nvme0q3
    203 root     -51   0       0      0      0 S   0.0   0.0   0:00.52 irq/236-nvme0q4
    204 root     -51   0       0      0      0 S   0.0   0.0   0:00.13 irq/237-nvme0q5
    205 root     -51   0       0      0      0 S   0.0   0.0   0:00.09 irq/238-nvme0q6
    211 root       0 -20       0      0      0 I   0.0   0.0   0:00.05 kworker/4:1H-kblockd
    212 root      20   0       0      0      0 S   0.0   0.0   0:00.74 jbd2/nvme0n1p1-
    213 root       0 -20       0      0      0 I   0.0   0.0   0:00.00 ext4-rsv-conver
    222 root       0 -20       0      0      0 I   0.0   0.0   0:00.00 mld
    223 root       0 -20       0      0      0 I   0.0   0.0   0:00.03 kworker/0:1H-kblockd
    224 root       0 -20       0      0      0 I   0.0   0.0   0:00.00 ipv6_addrconf
    278 root       0 -20       0      0      0 I   0.0   0.0   0:00.06 kworker/2:1H-kblockd
    280 root      39  19       0      0      0 S   0.0   0.0   0:00.40 nvmap-bz
    281 root     -51   0       0      0      0 S   0.0   0.0   0:00.00 irq/188-host1x_
    285 root     -51   0       0      0      0 S   0.0   0.0   0:00.00 irq/197-gk20a_s
    286 root     -51   0       0      0      0 S   0.0   0.0   0:00.01 irq/198-gk20a_s
    287 root     -51   0       0      0      0 S   0.0   0.0   0:00.01 irq/199-gk20a_s
    288 root     -51   0       0      0      0 S   0.0   0.0   0:00.00 irq/200-gk20a_n
    291 root       0 -20       0      0      0 I   0.0   0.0   0:00.04 kworker/5:1H-kblockd
    295 root      20   0   11116   3460   3204 S   0.0   0.0   0:00.00 nv-tee-supplica
    299 root      20   0   76588   1360   1248 S   0.0   0.0   0:00.01 tee-supplicant
    301 root       0 -20       0      0      0 I   0.0   0.0   0:00.00 optee_bus_scan
    303 root     -51   0       0      0      0 S   0.0   0.0   0:00.00 irq/189-tegra-p
    312 root      20   0   23732   6316   4080 S   0.0   0.1   0:15.42 systemd-udevd
    313 root     -51   0       0      0      0 S   0.0   0.0   0:00.00 irq/189-aerdrv
    314 root      20   0   23216   5804   3992 S   0.0   0.1   0:00.37 systemd-udevd
    315 root      20   0   23216   5020   3248 S   0.0   0.1   0:00.15 systemd-udevd
    316 root      20   0   23268   6224   4288 S   0.0   0.1   0:00.16 systemd-udevd
    317 root      20   0   23220   4364   2600 S   0.0   0.1   0:00.11 systemd-udevd
    318 root      20   0   23216   4480   2672 S   0.0   0.1   0:00.12 systemd-udevd
    319 root      20   0   23212   5812   3980 S   0.0   0.1   0:00.28 systemd-udevd
    320 root      20   0   23264   4688   2764 S   0.0   0.1   0:00.13 systemd-udevd
    321 root      20   0   23268   5072   3136 S   0.0   0.1   0:00.18 systemd-udevd
    322 root      20   0   23524   5520   3456 S   0.0   0.1   0:00.26 systemd-udevd
    323 root      20   0   23216   6268   4444 S   0.0   0.1   0:00.35 systemd-udevd
    324 root      20   0   23220   5196   3388 S   0.0   0.1   0:00.16 systemd-udevd
    325 root      20   0   23220   5808   3976 S   0.0   0.1   0:00.35 systemd-udevd
    326 root      20   0   23220   5232   3388 S   0.0   0.1   0:00.38 systemd-udevd
    327 root      20   0   23220   5468   3656 S   0.0   0.1   0:00.18 systemd-udevd
    330 root      20   0   23512   5728   3684 S   0.0   0.1   0:00.14 systemd-udevd
    331 root      20   0   24292   5540   2676 S   0.0   0.1   0:00.16 systemd-udevd
    333 root      20   0   23524   5596   3532 S   0.0   0.1   0:00.26 systemd-udevd
    334 root      20   0   23220   5080   3240 S   0.0   0.1   0:00.24 systemd-udevd
    335 root      20   0   23220   4504   2708 S   0.0   0.1   0:00.11 systemd-udevd
    336 root      20   0   23220   4696   2892 S   0.0   0.1   0:00.14 systemd-udevd
    337 root      20   0   23524   5056   2992 S   0.0   0.1   0:00.16 systemd-udevd
    339 root      20   0   23220   4980   3148 S   0.0   0.1   0:00.17 systemd-udevd
    340 root      20   0   23544   6732   4608 S   0.0   0.1   0:52.04 systemd-udevd
    341 root      20   0   23276   5328   3384 S   0.0   0.1   0:00.13 systemd-udevd
    342 root      20   0   23280   5176   3228 S   0.0   0.1   0:00.13 systemd-udevd
    343 root      20   0   23220   5984   4152 S   0.0   0.1   0:00.29 systemd-udevd
    344 root      20   0   23560   6700   4596 S   0.0   0.1   0:00.46 systemd-udevd
    345 root      20   0       0      0      0 S   0.0   0.0   0:00.00 15820000.crypto
    346 root      20   0       0      0      0 S   0.0   0.0   0:00.00 15840000.crypto
    368 root      20   0   23324   5984   4116 S   0.0   0.1   0:00.38 systemd-udevd
    417 root     -51   0       0      0      0 S   0.0   0.0   0:00.00 irq/219-bc00000
    419 root      -2   0       0      0      0 S   0.0   0.0   0:00.00 capture-control
    420 root      -2   0       0      0      0 S   0.0   0.0   0:00.00 capture
    422 root     -51   0       0      0      0 S   0.0   0.0   0:00.00 irq/214-tegra_d
    423 root     -51   0       0      0      0 S   0.0   0.0   0:00.00 irq/215-tegra_d
    424 root       0 -20       0      0      0 I   0.0   0.0   0:00.00 dce-async-ipc-w
    425 root     -51   0       0      0      0 S   0.0   0.0   0:00.00 irq/240-nvvrs-p
    427 root      20   0       0      0      0 S   0.0   0.0   0:00.00 nv_queue
    428 root      20   0       0      0      0 S   0.0   0.0   0:00.00 nv_queue
    483 root     -51   0       0      0      0 S   0.0   0.0   0:00.00 irq/118-3210000
    487 root      20   0       0      0      0 S   0.0   0.0   0:00.00 spi0
    495 root       0 -20       0      0      0 I   0.0   0.0   0:00.00 cfg80211
    497 root     -51   0       0      0      0 S   0.0   0.0   0:00.00 irq/119-3230000
    498 root      20   0       0      0      0 S   0.0   0.0   0:00.00 spi1
    584 root       0 -20       0      0      0 I   0.0   0.0   0:00.00 btfwwork
    650 root      20   0    8236   6424   1432 S   0.0   0.1   0:00.53 haveged
    653 _rpc      20   0    7932   2264   1912 S   0.0   0.0   0:00.02 rpcbind
    659 systemd+  20   0   26320  13580   8496 S   0.0   0.2   0:00.36 systemd-resolve
    662 systemd+  20   0   88880   6332   5484 S   0.0   0.1   0:00.12 systemd-timesyn
    826 avahi     20   0    8084   3108   2752 S   0.0   0.0   0:00.42 avahi-daemon
    827 root      20   0    9888   4552   4112 S   0.0   0.1   0:00.07 bluetoothd
    828 message+  20   0   10372   5572   3584 S   0.0   0.1   0:22.61 dbus-daemon
    829 root      20   0  264656  18684  14872 S   0.0   0.2   0:20.84 NetworkManager
    838 root      20   0   43504  19780  10232 S   0.0   0.3   0:00.15 networkd-dispat
    849 root      20   0  241652   9056   6312 S   0.0   0.1   0:00.34 power-profiles-
    854 syslog    20   0  222160   5012   3672 S   0.0   0.1   0:02.92 rsyslogd
    859 root      20   0    2240    796    720 S   0.0   0.0   0:00.00 seatd
    867 root      20   0  242124   7452   6576 S   0.0   0.1   0:01.19 accounts-daemon
    869 root      20   0  238128   6232   5620 S   0.0   0.1   0:00.04 switcheroo-cont
    871 root      20   0   48968   7620   6296 S   0.0   0.1   0:02.01 systemd-logind
    874 root      20   0  394188  13980   9476 S   0.0   0.2   0:00.52 udisksd
    875 root      20   0   16632   9928   8148 S   0.0   0.1   0:00.78 wpa_supplicant
    882 avahi     20   0    7812    356      0 S   0.0   0.0   0:00.00 avahi-daemon
    921 root      30  10   11248   3612   3220 S   0.0   0.0   0:04.81 wifi_mon.sh
    969 root      20   0  237044  10204   6400 S   0.0   0.1   1:39.01 polkitd
    983 root      20   0    2460   1556   1380 S   0.0   0.0   0:04.62 nvfancontrol
   1049 root      20   0       0      0      0 S   0.0   0.0   0:00.00 sw-quiesce
   1068 root      20   0       0      0      0 S   0.0   0.0   0:00.00 nvgpu_pg_init_g
   1087 root      20   0       0      0      0 S   0.0   0.0   0:00.00 nvgpu_clk_arb_p
   1117 root      20   0       0      0      0 S   0.0   0.0   0:04.39 RTW_CMD_THREAD
   1157 root      20   0   75936   9960   8136 S   0.0   0.1   0:00.01 nvargus-daemon
   1158 root      20   0   11116   3520   3220 S   0.0   0.0   0:00.04 nvmemwarning.sh
   1171 root      20   0   22192   1776   1580 S   0.0   0.0   0:00.00 nvs-service
   1181 ollama    20   0 2006720  39588  20072 S   0.0   0.5   0:00.64 ollama
   1195 root      20   0    2336   1408   1292 S   0.0   0.0   0:01.96 run-cups-browse
   1201 root      20   0    2336   1424   1296 S   0.0   0.0   0:02.02 run-cupsd
   1204 root      20   0       0      0      0 S   0.0   0.0   0:00.00 pr/ramoops-1
   1212 root      20   0 2019288  66636  33572 S   0.0   0.9   0:13.45 containerd
   1239 root      20   0   10772   2824   2576 S   0.0   0.0   0:00.03 cron
   1259 root      20   0  243128   8056   7012 S   0.0   0.1   0:00.02 gdm3
   1263 kernoops  20   0   12812    452      0 S   0.0   0.0   0:00.01 kerneloops
   1290 root      20   0    9468    800    724 S   0.0   0.0   0:00.00 agetty
   1291 kernoops  20   0   12812    452      0 S   0.0   0.0   0:00.01 kerneloops
   1293 root      20   0    9468    804    724 S   0.0   0.0   0:00.00 agetty
   1330 root      20   0  173408   8804   7628 S   0.0   0.1   0:00.02 gdm-session-wor
   1417 root      20   0       0      0      0 S   0.0   0.0   0:00.00 file-storage
   1426 root      20   0   15272   8368   6788 S   0.0   0.1   0:00.39 sshd
   1474 gdm       20   0   18120   9728   7360 S   0.0   0.1   0:00.41 systemd
   1478 root      20   0    3076    992    880 S   0.0   0.0   0:00.00 nvphsd
   1483 root      20   0    3208   1476   1316 S   0.0   0.0   0:00.00 nvphsd
   1497 gdm       20   0  106692   4552      0 S   0.0   0.1   0:00.00 (sd-pam)
   1588 root      20   0 2278700 101092  56496 S   0.0   1.3   0:04.35 dockerd
   1688 gdm        9 -11   41972   6468   5156 S   0.0   0.1   0:00.05 pipewire
   1689 gdm       20   0   25476   6428   5104 S   0.0   0.1   0:00.83 pipewire-media-
   1690 gdm        9 -11  891840  20748  12584 S   0.0   0.3   0:00.70 pulseaudio
   1695 gdm       20   0  163948   5472   4964 S   0.0   0.1   0:00.00 gdm-x-session
   1697 root      20   0   24.2g  80496  35884 S   0.0   1.0   0:01.46 Xorg
   1698 rtkit     21   1  153504   1588   1380 S   0.0   0.0   0:00.19 rtkit-daemon
   1729 gdm       20   0    8840   3600   3212 S   0.0   0.0   0:00.02 dbus-daemon
   1748 root      20   0       0      0      0 S   0.0   0.0   0:00.00 nvidia-modeset/
   1749 root      20   0       0      0      0 S   0.0   0.0   0:00.00 nvidia-modeset/
   1752 root      20   0       0      0      0 S   0.0   0.0   0:00.00 nvidia
   1753 root      20   0       0      0      0 S   0.0   0.0   0:00.00 nv_queue
   1790 root      20   0       0      0      0 S   0.0   0.0   0:00.00 nvidia-drm-nv-t
   1791 root     -51   0       0      0      0 S   0.0   0.0   0:00.00 card1-crtc0
   1792 root     -51   0       0      0      0 S   0.0   0.0   0:00.00 card1-crtc1
   1980 gdm       20   0    5876   1552   1344 S   0.0   0.0   0:00.00 dbus-run-sessio
   1983 gdm       20   0    9108   4440   3588 S   0.0   0.1   0:00.13 dbus-daemon
   2035 gdm       20   0  597840  17824  12972 S   0.0   0.2   0:00.61 gnome-session-b
   2057 gdm       20   0  310068   8976   6272 S   0.0   0.1   0:00.00 at-spi-bus-laun
   2062 gdm       20   0    8692   3556   3168 S   0.0   0.0   0:00.00 dbus-daemon
   2071 gdm       20   0 3471500 137208  73260 S   0.0   1.8   0:26.76 gnome-shell
   2092 gdm       20   0  237676   4964   4528 S   0.0   0.1   0:00.00 xdg-permission-
   2099 root      20   0  243852  10136   6984 S   0.0   0.1   0:00.29 upowerd
   2106 root      20   0  301608  19332  16408 S   0.0   0.2   0:00.86 packagekitd
   2110 gdm       20   0 2812288  25716  20860 S   0.0   0.3   0:00.08 gjs
   2113 gdm       20   0  163144   7196   6428 S   0.0   0.1   0:00.01 at-spi2-registr
   2141 gdm       20   0  468748   9856   7940 S   0.0   0.1   0:01.08 gsd-sharing
   2146 gdm       20   0  338880  14892  12620 S   0.0   0.2   0:00.06 gsd-wacom
   2148 gdm       20   0  451616  18896  16480 S   0.0   0.2   0:00.15 gsd-color
   2150 gdm       20   0  412392  17092  13292 S   0.0   0.2   0:00.04 gsd-keyboard
   2152 gdm       20   0  316864  13188   6244 S   0.0   0.2   0:00.10 ibus-daemon
   2156 gdm       20   0  326124   9848   8488 S   0.0   0.1   0:00.02 gsd-print-notif
   2166 gdm       20   0  242216   6512   5848 S   0.0   0.1   0:00.01 gvfsd
   2168 gdm       20   0  459796   6140   5436 S   0.0   0.1   0:00.32 gsd-rfkill
   2170 gdm       20   0  388312   7432   6528 S   0.0   0.1   0:00.01 gsd-smartcard
   2173 gdm       20   0  380556  16508  12504 S   0.0   0.2   0:00.03 gsd-datetime
   2183 gdm       20   0  864216  20108  17428 S   0.0   0.3   0:00.32 gsd-media-keys
   2184 gdm       20   0  237936   4760   4376 S   0.0   0.1   0:00.01 gsd-screensaver
   2185 gdm       20   0  322096  10392   7320 S   0.0   0.1   0:00.02 gsd-sound
   2186 gdm       20   0  312416   8104   5476 S   0.0   0.1   0:00.01 gsd-a11y-settin
   2193 gdm       20   0  313996   8944   6152 S   0.0   0.1   0:00.56 gsd-housekeepin
   2195 gdm       20   0  450004  20288  15904 S   0.0   0.3   0:00.31 gsd-power
   2218 gdm       20   0  347052  12608  10748 S   0.0   0.2   0:00.03 gsd-printer
   2221 gdm       20   0  239040   6576   5948 S   0.0   0.1   0:00.00 ibus-dconf
   2233 gdm       20   0  238936   5920   5488 S   0.0   0.1   0:00.00 ibus-portal
   2263 colord    20   0  247516  14492   8720 S   0.0   0.2   0:00.22 colord
   2285 gdm       20   0 2812300  27868  20904 S   0.0   0.4   0:00.09 gjs
   2349 gdm       20   0  165096   6516   5892 S   0.0   0.1   0:00.01 ibus-engine-sim
   2508 root      20   0  136716  13172   9512 S   0.0   0.2   0:00.57 cupsd
   2522 root      20   0  260792  17940  13508 S   0.0   0.2   0:01.09 cups-browsed
  11687 jetson    20   0   18140   9764   7368 S   0.0   0.1   0:00.32 systemd
  11688 jetson    20   0  172512   4632      0 S   0.0   0.1   0:00.00 (sd-pam)
  11696 jetson    20   0   41976   6552   5228 S   0.0   0.1   0:00.04 pipewire
  11697 jetson    20   0   25484   6724   5388 S   0.0   0.1   0:00.88 pipewire-media-
  11749 jetson    20   0    8888   3620   3232 S   0.0   0.0   0:00.01 dbus-daemon
  11931 jetson    20   0  706564  62076  26432 S   0.0   0.8   1:05.63 python3
  12502 jetson    20   0    5508    792    704 S   0.0   0.0   0:00.20 sleep
  12567 root      20   0   21892   5484   3884 S   0.0   0.1   0:13.94 systemd-udevd
  12575 root      20   0   21760   4520   2952 S   0.0   0.1   0:28.23 systemd-udevd
  13234 jetson    20   0  203640  35476  13212 S   0.0   0.5   0:00.75 ros2
  13236 jetson    20   0 1996680  34168  17228 S   0.0   0.4   0:00.47 docker
  13238 jetson    20   0  428384  31060  15828 S   0.0   0.4   1:07.63 robot_state_pub
  13265 root      20   0 1232976  11124   5960 S   0.0   0.1   0:01.17 containerd-shim
  13294 root      20   0   49400  29204  14412 S   0.0   0.4   0:00.40 ros2
  13554 root      20   0   21760   4448   2932 S   0.0   0.1   0:00.02 systemd-udevd
  13555 root      20   0   21760   3352   1860 S   0.0   0.0   0:00.00 systemd-udevd
  13568 root      20   0   21760   3376   1864 S   0.0   0.0   0:00.02 systemd-udevd
  13569 root      20   0   21760   4128   2588 S   0.0   0.1   0:00.04 systemd-udevd
  13570 root      20   0   21764   4488   2960 S   0.0   0.1   0:00.04 systemd-udevd
  13571 root      20   0   21764   4104   2588 S   0.0   0.1   0:00.03 systemd-udevd
  13580 root      20   0   21764   4136   2588 S   0.0   0.1   0:00.03 systemd-udevd
  13581 root      20   0   21764   3708   2180 S   0.0   0.0   0:00.00 systemd-udevd
  13582 root      20   0   21764   4252   2704 S   0.0   0.1   0:00.05 systemd-udevd
  13594 root      20   0   21764   3408   1864 S   0.0   0.0   0:00.01 systemd-udevd
  13595 root      20   0   21764   3652   2120 S   0.0   0.0   0:00.02 systemd-udevd
  31399 root      20   0       0      0      0 I   0.0   0.0   0:14.51 kworker/u12:8-events_unbound
  33484 root      20   0       0      0      0 I   0.0   0.0   0:09.51 kworker/u12:0-events_unbound
  34263 root      20   0       0      0      0 I   0.0   0.0   0:11.49 kworker/u12:2-devfreq_wq
  42253 root      20   0       0      0      0 I   0.0   0.0   0:10.81 kworker/u12:3-events_unbound
  49116 root      20   0       0      0      0 I   0.0   0.0   0:00.62 kworker/0:0-events
  51824 root      20   0       0      0      0 I   0.0   0.0   0:01.27 kworker/5:1-events
  59272 root      20   0       0      0      0 I   0.0   0.0   0:01.09 kworker/3:3-events
  85708 root      20   0       0      0      0 I   0.0   0.0   0:00.34 kworker/4:1-events
  95815 root      20   0       0      0      0 I   0.0   0.0   0:00.00 kworker/0:2-events
  96157 root      20   0       0      0      0 I   0.0   0.0   0:00.00 kworker/4:2-events
  98042 jetson    20   0  572504  36008  13228 S   0.0   0.5   0:01.77 ros2
  98052 jetson    20   0 1082804  58392  26368 S   0.0   0.7   0:39.05 foxglove_bridge
  98155 root      20   0       0      0      0 I   0.0   0.0   0:00.00 kworker/2:1-events
  98217 root      20   0  238836   6944   5696 S   0.0   0.1   0:01.50 iio-sensor-prox
  98455 jetson    20   0  129772  36116  13228 S   0.0   0.5   0:00.71 ros2
 100055 root      20   0       0      0      0 I   0.0   0.0   0:00.00 kworker/5:2-cgroup_destroy
 100141 root      20   0       0      0      0 I   0.0   0.0   0:06.83 kworker/u12:6-events_freezable_power_
 100706 jetson    20   0   53568  30372  15020 S   0.0   0.4   0:00.43 ros2
 102542 jetson    20   0  723188  41844  13224 S   0.0   0.5   0:01.28 ros2
 149635 root      20   0       0      0      0 I   0.0   0.0   0:00.00 kworker/3:0-events
 174364 root      20   0       0      0      0 I   0.0   0.0   0:02.42 kworker/u12:4-events_unbound
 192628 root       0 -20       0      0      0 I   0.0   0.0   0:04.51 kworker/u13:1-uvcvideo
 199974 root      20   0       0      0      0 I   0.0   0.0   0:01.77 kworker/u12:1-events_freezable_power_
 205195 root       0 -20       0      0      0 I   0.0   0.0   0:03.53 kworker/u13:0-uvcvideo
 211464 root      20   0       0      0      0 I   0.0   0.0   0:01.29 kworker/u12:7-events_freezable_power_
 219316 root       0 -20       0      0      0 I   0.0   0.0   0:01.74 kworker/u13:3-uvcvideo
 223411 root      20   0       0      0      0 I   0.0   0.0   0:00.00 kworker/1:0-cgroup_destroy
 233042 root      20   0    9436    768    688 S   0.0   0.0   0:00.00 sleep
 234184 root      20   0       0      0      0 I   0.0   0.0   0:00.00 kworker/0:1-events
 234228 root      20   0       0      0      0 I   0.0   0.0   0:00.00 kworker/3:1
 234272 root      20   0       0      0      0 I   0.0   0.0   0:00.00 kworker/2:0-cgroup_destroy
 234404 root      20   0       0      0      0 I   0.0   0.0   0:00.03 kworker/5:0-events
 235691 root      20   0       0      0      0 I   0.0   0.0   0:00.00 kworker/1:1-events
 236264 jetson    20   0   11248   3292   2852 S   0.0   0.0   0:00.03 bash
 238391 jetson    20   0   11248   3300   2864 S   0.0   0.0   0:00.01 bash
 238443 jetson    20   0    2872    896    800 S   0.0   0.0   0:00.06 tegrastats
 238637 jetson    20   0    9480    820    736 S   0.0   0.0   0:00.00 tail
 239729 root      30  10   11248   1712   1320 S   0.0   0.0   0:00.00 wifi_mon.sh
 239730 root      30  10   11248   1776   1384 S   0.0   0.0   0:00.00 wifi_mon.sh
 239731 root      30  10    9444    776    696 S   0.0   0.0   0:00.00 timeout
 239732 root      30  10    2768   1084    960 S   0.0   0.0   0:00.00 iw

top - 13:14:34 up  3:37,  0 users,  load average: 8.81, 6.56, 4.89
Tasks: 354 total,   6 running, 348 sleeping,   0 stopped,   0 zombie
%Cpu(s): 41.3 us,  9.7 sy,  0.0 ni, 44.5 id,  0.0 wa,  2.4 hi,  2.1 si,  0.0 st
MiB Mem :   7607.4 total,   2812.6 free,   2025.9 used,   2768.8 buff/cache
MiB Swap:   3803.7 total,   3803.7 free,      0.0 used.   5283.6 avail Mem 

    PID USER      PR  NI    VIRT    RES    SHR S  %CPU  %MEM     TIME+ COMMAND
 238636 jetson    20   0  752172  72220  29576 R  42.9   0.9   0:11.53 python3
  98338 jetson    20   0  709016  64620  27260 R  35.0   0.8  28:16.40 python3
 102583 jetson    20   0  963132  48100  23528 S  32.0   0.6   7:10.78 controller_serv
 238441 jetson    20   0  763896  56388  25416 S  23.6   0.7   0:07.41 ros2
 100721 jetson    20   0 9355252 432940  88856 S  18.7   5.6  12:29.33 nvblox_node
  98046 jetson    20   0  711536  66920  27240 S  15.8   0.9  12:13.12 python3
 102592 jetson    20   0  531020  48340  26220 S  15.3   0.6   6:07.32 bt_navigator
  98048 jetson    20   0  432960  28196  14244 S  14.3   0.4  12:38.62 rplidar_node
  98044 jetson    20   0 1813648 105696  51328 S  13.3   1.4  10:19.19 realsense2_came
  98457 jetson    20   0 1061924  55032  24360 S  12.3   0.7   2:17.26 async_slam_tool
  98340 jetson    20   0  506224  33968  18400 R  11.3   0.4   8:28.15 ekf_node
 102587 jetson    20   0 1210040  96980  42692 S  10.8   1.2   6:51.41 planner_server
 102641 jetson    20   0  577392  31872  16252 S  10.8   0.4   7:44.02 lifecycle_manag
  98050 jetson    20   0  708072  65988  27372 S   9.4   0.8   6:08.09 python3
 102581 jetson    20   0  709536  62208  27352 S   9.4   0.8   2:49.60 python3
 102589 jetson    20   0  516304  37492  21032 S   6.9   0.5   4:57.76 behavior_server
 102585 jetson    20   0  664660  35180  19412 R   5.9   0.5   4:09.91 smoother_server
 102619 jetson    20   0  431272  31524  17020 S   5.4   0.4   3:22.18 waypoint_follow
 102637 jetson    20   0  428576  29080  15960 S   5.4   0.4   3:22.79 velocity_smooth
  13320 root      20   0 1300240  43896  11392 S   4.9   0.6  14:23.64 micro_ros_agent
    904 root      rt   0       0      0      0 S   1.5   0.0   0:50.52 sugov:0
    340 root      20   0   23544   6732   4608 S   1.0   0.1   0:52.06 systemd-udevd
    909 root      rt   0       0      0      0 S   1.0   0.0   0:23.97 sugov:4
 205195 root       0 -20       0      0      0 I   1.0   0.0   0:03.55 kworker/u13:0-uvcvideo
 238442 jetson    20   0   14344   3352   2756 R   1.0   0.0   0:00.30 top
 239817 root      20   0   34620  17032   7232 R   1.0   0.2   0:00.02 sshd
    312 root      20   0   23732   6316   4080 S   0.5   0.1   0:15.43 systemd-udevd
   1212 root      20   0 2019288  66636  33572 S   0.5   0.9   0:13.46 containerd
  11931 jetson    20   0  706564  62076  26432 S   0.5   0.8   1:05.64 python3
  42253 root      20   0       0      0      0 I   0.5   0.0   0:10.82 kworker/u12:3-events_freezable_power_
  98052 jetson    20   0 1082804  58392  26368 S   0.5   0.7   0:39.06 foxglove_bridge
 102542 jetson    20   0  723188  41844  13224 S   0.5   0.5   0:01.29 ros2
 225822 root      20   0       0      0      0 I   0.5   0.0   0:00.63 kworker/u12:9-events_unbound
 229418 root      20   0       0      0      0 I   0.5   0.0   0:00.34 kworker/u12:10-events_freezable_power_
 233444 root       0 -20       0      0      0 I   0.5   0.0   0:00.42 kworker/u13:2-uvcvideo
      1 root      20   0  167628  11764   7444 S   0.0   0.2   0:17.19 systemd
      2 root      20   0       0      0      0 S   0.0   0.0   0:00.02 kthreadd
      3 root       0 -20       0      0      0 I   0.0   0.0   0:00.00 rcu_gp
      4 root       0 -20       0      0      0 I   0.0   0.0   0:00.00 rcu_par_gp
      5 root       0 -20       0      0      0 I   0.0   0.0   0:00.00 slub_flushwq
      6 root       0 -20       0      0      0 I   0.0   0.0   0:00.00 netns
      8 root       0 -20       0      0      0 I   0.0   0.0   0:00.00 kworker/0:0H-events_highpri
     10 root       0 -20       0      0      0 I   0.0   0.0   0:00.00 mm_percpu_wq
     11 root      20   0       0      0      0 S   0.0   0.0   0:00.00 rcu_tasks_kthre
     12 root      20   0       0      0      0 S   0.0   0.0   0:00.00 rcu_tasks_rude_
     13 root      20   0       0      0      0 S   0.0   0.0   0:00.00 rcu_tasks_trace
     14 root      20   0       0      0      0 S   0.0   0.0   0:10.92 ksoftirqd/0
     15 root      20   0       0      0      0 I   0.0   0.0   0:04.55 rcu_preempt
     16 root      rt   0       0      0      0 S   0.0   0.0   0:00.01 migration/0
     17 root      20   0       0      0      0 S   0.0   0.0   0:00.00 cpuhp/0
     18 root      20   0       0      0      0 S   0.0   0.0   0:00.00 cpuhp/1
     19 root      rt   0       0      0      0 S   0.0   0.0   0:00.01 migration/1
     20 root      20   0       0      0      0 S   0.0   0.0   0:00.66 ksoftirqd/1
     22 root       0 -20       0      0      0 I   0.0   0.0   0:00.00 kworker/1:0H-events_highpri
     23 root      20   0       0      0      0 S   0.0   0.0   0:00.00 cpuhp/2
     24 root      rt   0       0      0      0 S   0.0   0.0   0:00.00 migration/2
     25 root      20   0       0      0      0 S   0.0   0.0   0:00.68 ksoftirqd/2
     27 root       0 -20       0      0      0 I   0.0   0.0   0:00.00 kworker/2:0H-events_highpri
     28 root      20   0       0      0      0 S   0.0   0.0   0:00.00 cpuhp/3
     29 root      rt   0       0      0      0 S   0.0   0.0   0:00.00 migration/3
     30 root      20   0       0      0      0 S   0.0   0.0   0:00.63 ksoftirqd/3
     32 root       0 -20       0      0      0 I   0.0   0.0   0:00.00 kworker/3:0H-events_highpri
     33 root      20   0       0      0      0 S   0.0   0.0   0:00.00 cpuhp/4
     34 root      rt   0       0      0      0 S   0.0   0.0   0:00.02 migration/4
     35 root      20   0       0      0      0 S   0.0   0.0   0:00.47 ksoftirqd/4
     37 root       0 -20       0      0      0 I   0.0   0.0   0:00.00 kworker/4:0H-kblockd
     38 root      20   0       0      0      0 S   0.0   0.0   0:00.00 cpuhp/5
     39 root      rt   0       0      0      0 S   0.0   0.0   0:00.03 migration/5
     40 root      20   0       0      0      0 S   0.0   0.0   0:00.48 ksoftirqd/5
     42 root       0 -20       0      0      0 I   0.0   0.0   0:00.00 kworker/5:0H-events_highpri
     43 root      20   0       0      0      0 S   0.0   0.0   0:00.01 kdevtmpfs
     44 root       0 -20       0      0      0 I   0.0   0.0   0:00.00 inet_frag_wq
     51 root      20   0       0      0      0 S   0.0   0.0   0:00.00 kauditd
     52 root      20   0       0      0      0 S   0.0   0.0   0:00.00 oom_reaper
     53 root       0 -20       0      0      0 I   0.0   0.0   0:00.00 writeback
     54 root      20   0       0      0      0 S   0.0   0.0   0:00.10 kcompactd0
     55 root      25   5       0      0      0 S   0.0   0.0   0:00.00 ksmd
     56 root      39  19       0      0      0 S   0.0   0.0   0:01.15 khugepaged
     67 root       0 -20       0      0      0 I   0.0   0.0   0:00.00 cryptd
     86 root       0 -20       0      0      0 I   0.0   0.0   0:00.00 kintegrityd
     87 root       0 -20       0      0      0 I   0.0   0.0   0:00.00 kblockd
     88 root       0 -20       0      0      0 I   0.0   0.0   0:00.00 blkcg_punt_bio
     89 root       0 -20       0      0      0 I   0.0   0.0   0:00.00 tpm_dev_wq
     90 root       0 -20       0      0      0 I   0.0   0.0   0:00.00 ata_sff
     91 root       0 -20       0      0      0 I   0.0   0.0   0:00.00 edac-poller
     92 root       0 -20       0      0      0 I   0.0   0.0   0:00.00 devfreq_wq
     93 root     -51   0       0      0      0 S   0.0   0.0   0:00.00 watchdogd
     96 root       0 -20       0      0      0 I   0.0   0.0   0:00.04 kworker/1:1H-kblockd
     97 root       0 -20       0      0      0 I   0.0   0.0   0:00.00 rpciod
     99 root       0 -20       0      0      0 I   0.0   0.0   0:00.00 xprtiod
    127 root      20   0       0      0      0 S   0.0   0.0   0:00.00 kswapd0
    128 root       0 -20       0      0      0 I   0.0   0.0   0:00.00 nfsiod
    132 root       0 -20       0      0      0 I   0.0   0.0   0:00.00 vfio-irqfd-clea
    133 root       0 -20       0      0      0 I   0.0   0.0   0:00.00 bch_btree_io
    134 root       0 -20       0      0      0 I   0.0   0.0   0:00.00 bcache
    135 root       0 -20       0      0      0 I   0.0   0.0   0:00.00 bch_journal
    136 root       0 -20       0      0      0 I   0.0   0.0   0:00.00 dm_bufio_cache
    137 root      20   0       0      0      0 I   0.0   0.0   0:01.27 kworker/1:2-events
    139 root      20   0       0      0      0 I   0.0   0.0   0:00.75 kworker/2:3-events
    140 root      10 -10       0      0      0 S   0.0   0.0   0:00.00 krfcommd
    141 root      20   0       0      0      0 S   0.0   0.0   0:00.01 pr/tty0
    142 root      20   0       0      0      0 S   0.0   0.0   0:03.04 pr/ttyTCU0
    145 root     -51   0       0      0      0 S   0.0   0.0   0:00.00 irq/114-3160000
    147 root     -51   0       0      0      0 S   0.0   0.0   0:00.00 irq/115-3180000
    149 root     -51   0       0      0      0 S   0.0   0.0   0:00.00 irq/116-31b0000
    150 root     -51   0       0      0      0 S   0.0   0.0   0:00.02 irq/167-c240000
    151 root     -51   0       0      0      0 S   0.0   0.0   0:00.00 irq/168-c250000
    152 root     -51   0       0      0      0 S   0.0   0.0   0:00.00 irq/125-3610000
    153 root     -51   0       0      0      0 S   0.0   0.0   0:00.00 irq/122-3610000
    155 root       0 -20       0      0      0 I   0.0   0.0   0:00.00 sdhci
    156 root     -51   0       0      0      0 S   0.0   0.0   0:00.00 irq/120-mmc0
    157 root     -51   0       0      0      0 S   0.0   0.0   0:00.00 irq/230-3400000
    174 root       0 -20       0      0      0 I   0.0   0.0   0:00.05 kworker/3:1H-kblockd
    180 root     -51   0       0      0      0 S   0.0   0.0   0:00.00 irq/191-tegra-p
    181 root       0 -20       0      0      0 I   0.0   0.0   0:00.00 nvme-wq
    182 root       0 -20       0      0      0 I   0.0   0.0   0:00.00 nvme-reset-wq
    183 root       0 -20       0      0      0 I   0.0   0.0   0:00.00 nvme-delete-wq
    192 root     -51   0       0      0      0 S   0.0   0.0   0:00.00 irq/191-aerdrv
    193 root     -51   0       0      0      0 S   0.0   0.0   0:00.00 irq/193-tegra-p
    196 root     -51   0       0      0      0 S   0.0   0.0   0:00.00 irq/193-aerdrv
    197 root     -51   0       0      0      0 S   0.0   0.0   0:00.00 irq/195-tegra-p
    199 root     -51   0       0      0      0 S   0.0   0.0   0:00.00 irq/232-nvme0q0
    200 root     -51   0       0      0      0 S   0.0   0.0   0:00.22 irq/233-nvme0q1
    201 root     -51   0       0      0      0 S   0.0   0.0   0:00.26 irq/234-nvme0q2
    202 root     -51   0       0      0      0 S   0.0   0.0   0:00.40 irq/235-nvme0q3
    203 root     -51   0       0      0      0 S   0.0   0.0   0:00.52 irq/236-nvme0q4
    204 root     -51   0       0      0      0 S   0.0   0.0   0:00.13 irq/237-nvme0q5
    205 root     -51   0       0      0      0 S   0.0   0.0   0:00.09 irq/238-nvme0q6
    211 root       0 -20       0      0      0 I   0.0   0.0   0:00.05 kworker/4:1H-kblockd
    212 root      20   0       0      0      0 S   0.0   0.0   0:00.74 jbd2/nvme0n1p1-
    213 root       0 -20       0      0      0 I   0.0   0.0   0:00.00 ext4-rsv-conver
    222 root       0 -20       0      0      0 I   0.0   0.0   0:00.00 mld
    223 root       0 -20       0      0      0 I   0.0   0.0   0:00.03 kworker/0:1H-kblockd
    224 root       0 -20       0      0      0 I   0.0   0.0   0:00.00 ipv6_addrconf
    256 root      19  -1   40648  11528   9920 S   0.0   0.1   0:14.95 systemd-journal
    278 root       0 -20       0      0      0 I   0.0   0.0   0:00.06 kworker/2:1H-kblockd
    280 root      39  19       0      0      0 S   0.0   0.0   0:00.40 nvmap-bz
    281 root     -51   0       0      0      0 S   0.0   0.0   0:00.00 irq/188-host1x_
    285 root     -51   0       0      0      0 S   0.0   0.0   0:00.00 irq/197-gk20a_s
    286 root     -51   0       0      0      0 S   0.0   0.0   0:00.01 irq/198-gk20a_s
    287 root     -51   0       0      0      0 S   0.0   0.0   0:00.01 irq/199-gk20a_s
    288 root     -51   0       0      0      0 S   0.0   0.0   0:00.00 irq/200-gk20a_n
    291 root       0 -20       0      0      0 I   0.0   0.0   0:00.04 kworker/5:1H-kblockd
    295 root      20   0   11116   3460   3204 S   0.0   0.0   0:00.00 nv-tee-supplica
    299 root      20   0   76588   1360   1248 S   0.0   0.0   0:00.01 tee-supplicant
    301 root       0 -20       0      0      0 I   0.0   0.0   0:00.00 optee_bus_scan
    303 root     -51   0       0      0      0 S   0.0   0.0   0:00.00 irq/189-tegra-p
    313 root     -51   0       0      0      0 S   0.0   0.0   0:00.00 irq/189-aerdrv
    314 root      20   0   23216   5804   3992 S   0.0   0.1   0:00.37 systemd-udevd
    315 root      20   0   23216   5020   3248 S   0.0   0.1   0:00.15 systemd-udevd
    316 root      20   0   23268   6224   4288 S   0.0   0.1   0:00.16 systemd-udevd
    317 root      20   0   23220   4364   2600 S   0.0   0.1   0:00.11 systemd-udevd
    318 root      20   0   23216   4480   2672 S   0.0   0.1   0:00.12 systemd-udevd
    319 root      20   0   23212   5812   3980 S   0.0   0.1   0:00.28 systemd-udevd
    320 root      20   0   23264   4688   2764 S   0.0   0.1   0:00.13 systemd-udevd
    321 root      20   0   23268   5072   3136 S   0.0   0.1   0:00.18 systemd-udevd
    322 root      20   0   23524   5520   3456 S   0.0   0.1   0:00.26 systemd-udevd
    323 root      20   0   23216   6268   4444 S   0.0   0.1   0:00.35 systemd-udevd
    324 root      20   0   23220   5196   3388 S   0.0   0.1   0:00.16 systemd-udevd
    325 root      20   0   23220   5808   3976 S   0.0   0.1   0:00.35 systemd-udevd
    326 root      20   0   23220   5232   3388 S   0.0   0.1   0:00.38 systemd-udevd
    327 root      20   0   23220   5468   3656 S   0.0   0.1   0:00.18 systemd-udevd
    330 root      20   0   23512   5728   3684 S   0.0   0.1   0:00.14 systemd-udevd
    331 root      20   0   24292   5540   2676 S   0.0   0.1   0:00.16 systemd-udevd
    333 root      20   0   23524   5596   3532 S   0.0   0.1   0:00.26 systemd-udevd
    334 root      20   0   23220   5080   3240 S   0.0   0.1   0:00.24 systemd-udevd
    335 root      20   0   23220   4504   2708 S   0.0   0.1   0:00.11 systemd-udevd
    336 root      20   0   23220   4696   2892 S   0.0   0.1   0:00.14 systemd-udevd
    337 root      20   0   23524   5056   2992 S   0.0   0.1   0:00.16 systemd-udevd
    339 root      20   0   23220   4980   3148 S   0.0   0.1   0:00.17 systemd-udevd
    341 root      20   0   23276   5328   3384 S   0.0   0.1   0:00.13 systemd-udevd
    342 root      20   0   23280   5176   3228 S   0.0   0.1   0:00.13 systemd-udevd
    343 root      20   0   23220   5984   4152 S   0.0   0.1   0:00.29 systemd-udevd
    344 root      20   0   23560   6700   4596 S   0.0   0.1   0:00.46 systemd-udevd
    345 root      20   0       0      0      0 S   0.0   0.0   0:00.00 15820000.crypto
    346 root      20   0       0      0      0 S   0.0   0.0   0:00.00 15840000.crypto
    368 root      20   0   23324   5984   4116 S   0.0   0.1   0:00.38 systemd-udevd
    417 root     -51   0       0      0      0 S   0.0   0.0   0:00.00 irq/219-bc00000
    419 root      -2   0       0      0      0 S   0.0   0.0   0:00.00 capture-control
    420 root      -2   0       0      0      0 S   0.0   0.0   0:00.00 capture
    422 root     -51   0       0      0      0 S   0.0   0.0   0:00.00 irq/214-tegra_d
    423 root     -51   0       0      0      0 S   0.0   0.0   0:00.00 irq/215-tegra_d
    424 root       0 -20       0      0      0 I   0.0   0.0   0:00.00 dce-async-ipc-w
    425 root     -51   0       0      0      0 S   0.0   0.0   0:00.00 irq/240-nvvrs-p
    427 root      20   0       0      0      0 S   0.0   0.0   0:00.00 nv_queue
    428 root      20   0       0      0      0 S   0.0   0.0   0:00.00 nv_queue
    483 root     -51   0       0      0      0 S   0.0   0.0   0:00.00 irq/118-3210000
    487 root      20   0       0      0      0 S   0.0   0.0   0:00.00 spi0
    495 root       0 -20       0      0      0 I   0.0   0.0   0:00.00 cfg80211
    497 root     -51   0       0      0      0 S   0.0   0.0   0:00.00 irq/119-3230000
    498 root      20   0       0      0      0 S   0.0   0.0   0:00.00 spi1
    584 root       0 -20       0      0      0 I   0.0   0.0   0:00.00 btfwwork
    650 root      20   0    8236   6424   1432 S   0.0   0.1   0:00.53 haveged
    653 _rpc      20   0    7932   2264   1912 S   0.0   0.0   0:00.02 rpcbind
    659 systemd+  20   0   26320  13580   8496 S   0.0   0.2   0:00.36 systemd-resolve
    662 systemd+  20   0   88880   6332   5484 S   0.0   0.1   0:00.12 systemd-timesyn
    826 avahi     20   0    8084   3108   2752 S   0.0   0.0   0:00.42 avahi-daemon
    827 root      20   0    9888   4552   4112 S   0.0   0.1   0:00.07 bluetoothd
    828 message+  20   0   10372   5572   3584 S   0.0   0.1   0:22.61 dbus-daemon
    829 root      20   0  264656  18684  14872 S   0.0   0.2   0:20.84 NetworkManager
    838 root      20   0   43504  19780  10232 S   0.0   0.3   0:00.15 networkd-dispat
    849 root      20   0  241652   9056   6312 S   0.0   0.1   0:00.34 power-profiles-
    854 syslog    20   0  222160   5012   3672 S   0.0   0.1   0:02.92 rsyslogd
    859 root      20   0    2240    796    720 S   0.0   0.0   0:00.00 seatd
    865 root      20   0 2145956  51744  25768 S   0.0   0.7   0:22.69 snapd
    867 root      20   0  242124   7452   6576 S   0.0   0.1   0:01.19 accounts-daemon
    869 root      20   0  238128   6232   5620 S   0.0   0.1   0:00.04 switcheroo-cont
    871 root      20   0   48968   7620   6296 S   0.0   0.1   0:02.01 systemd-logind
    874 root      20   0  394188  13980   9476 S   0.0   0.2   0:00.52 udisksd
    875 root      20   0   16632   9928   8148 S   0.0   0.1   0:00.78 wpa_supplicant
    882 avahi     20   0    7812    356      0 S   0.0   0.0   0:00.00 avahi-daemon
    921 root      30  10   11248   3612   3220 S   0.0   0.0   0:04.81 wifi_mon.sh
    969 root      20   0  237044  10204   6400 S   0.0   0.1   1:39.01 polkitd
    983 root      20   0    2460   1556   1380 S   0.0   0.0   0:04.62 nvfancontrol
   1049 root      20   0       0      0      0 S   0.0   0.0   0:00.00 sw-quiesce
   1052 root      20   0       0      0      0 S   0.0   0.0   0:11.41 nvgpu_channel_p
   1068 root      20   0       0      0      0 S   0.0   0.0   0:00.00 nvgpu_pg_init_g
   1087 root      20   0       0      0      0 S   0.0   0.0   0:00.00 nvgpu_clk_arb_p
   1117 root      20   0       0      0      0 S   0.0   0.0   0:04.39 RTW_CMD_THREAD
   1157 root      20   0   75936   9960   8136 S   0.0   0.1   0:00.01 nvargus-daemon
   1158 root      20   0   11116   3520   3220 S   0.0   0.0   0:00.04 nvmemwarning.sh
   1171 root      20   0   22192   1776   1580 S   0.0   0.0   0:00.00 nvs-service
   1181 ollama    20   0 2006720  39588  20072 S   0.0   0.5   0:00.64 ollama
   1195 root      20   0    2336   1408   1292 S   0.0   0.0   0:01.96 run-cups-browse
   1201 root      20   0    2336   1424   1296 S   0.0   0.0   0:02.02 run-cupsd
   1204 root      20   0       0      0      0 S   0.0   0.0   0:00.00 pr/ramoops-1
   1239 root      20   0   10772   2824   2576 S   0.0   0.0   0:00.03 cron
   1259 root      20   0  243128   8056   7012 S   0.0   0.1   0:00.02 gdm3
   1263 kernoops  20   0   12812    452      0 S   0.0   0.0   0:00.01 kerneloops
   1290 root      20   0    9468    800    724 S   0.0   0.0   0:00.00 agetty
   1291 kernoops  20   0   12812    452      0 S   0.0   0.0   0:00.01 kerneloops
   1293 root      20   0    9468    804    724 S   0.0   0.0   0:00.00 agetty
   1330 root      20   0  173408   8804   7628 S   0.0   0.1   0:00.02 gdm-session-wor
   1417 root      20   0       0      0      0 S   0.0   0.0   0:00.00 file-storage
   1426 root      20   0   15272   8368   6788 S   0.0   0.1   0:00.39 sshd
   1474 gdm       20   0   18120   9728   7360 S   0.0   0.1   0:00.41 systemd
   1478 root      20   0    3076    992    880 S   0.0   0.0   0:00.00 nvphsd
   1483 root      20   0    3208   1476   1316 S   0.0   0.0   0:00.00 nvphsd
   1497 gdm       20   0  106692   4552      0 S   0.0   0.1   0:00.00 (sd-pam)
   1588 root      20   0 2278700 101092  56496 S   0.0   1.3   0:04.35 dockerd
   1688 gdm        9 -11   41972   6468   5156 S   0.0   0.1   0:00.05 pipewire
   1689 gdm       20   0   25476   6428   5104 S   0.0   0.1   0:00.83 pipewire-media-
   1690 gdm        9 -11  891840  20748  12584 S   0.0   0.3   0:00.70 pulseaudio
   1695 gdm       20   0  163948   5472   4964 S   0.0   0.1   0:00.00 gdm-x-session
   1697 root      20   0   24.2g  80496  35884 S   0.0   1.0   0:01.46 Xorg
   1698 rtkit     21   1  153504   1588   1380 S   0.0   0.0   0:00.19 rtkit-daemon
   1729 gdm       20   0    8840   3600   3212 S   0.0   0.0   0:00.02 dbus-daemon
   1748 root      20   0       0      0      0 S   0.0   0.0   0:00.00 nvidia-modeset/
   1749 root      20   0       0      0      0 S   0.0   0.0   0:00.00 nvidia-modeset/
   1752 root      20   0       0      0      0 S   0.0   0.0   0:00.00 nvidia
   1753 root      20   0       0      0      0 S   0.0   0.0   0:00.00 nv_queue
   1790 root      20   0       0      0      0 S   0.0   0.0   0:00.00 nvidia-drm-nv-t
   1791 root     -51   0       0      0      0 S   0.0   0.0   0:00.00 card1-crtc0
   1792 root     -51   0       0      0      0 S   0.0   0.0   0:00.00 card1-crtc1
   1980 gdm       20   0    5876   1552   1344 S   0.0   0.0   0:00.00 dbus-run-sessio
   1983 gdm       20   0    9108   4440   3588 S   0.0   0.1   0:00.13 dbus-daemon
   2035 gdm       20   0  597840  17824  12972 S   0.0   0.2   0:00.61 gnome-session-b
   2057 gdm       20   0  310068   8976   6272 S   0.0   0.1   0:00.00 at-spi-bus-laun
   2062 gdm       20   0    8692   3556   3168 S   0.0   0.0   0:00.00 dbus-daemon
   2071 gdm       20   0 3471500 137208  73260 S   0.0   1.8   0:26.76 gnome-shell
   2092 gdm       20   0  237676   4964   4528 S   0.0   0.1   0:00.00 xdg-permission-
   2099 root      20   0  243852  10136   6984 S   0.0   0.1   0:00.29 upowerd
   2106 root      20   0  301608  19332  16408 S   0.0   0.2   0:00.86 packagekitd
   2110 gdm       20   0 2812288  25716  20860 S   0.0   0.3   0:00.08 gjs
   2113 gdm       20   0  163144   7196   6428 S   0.0   0.1   0:00.01 at-spi2-registr
   2141 gdm       20   0  468748   9856   7940 S   0.0   0.1   0:01.08 gsd-sharing
   2146 gdm       20   0  338880  14892  12620 S   0.0   0.2   0:00.06 gsd-wacom
   2148 gdm       20   0  451616  18896  16480 S   0.0   0.2   0:00.15 gsd-color
   2150 gdm       20   0  412392  17092  13292 S   0.0   0.2   0:00.04 gsd-keyboard
   2152 gdm       20   0  316864  13188   6244 S   0.0   0.2   0:00.10 ibus-daemon
   2156 gdm       20   0  326124   9848   8488 S   0.0   0.1   0:00.02 gsd-print-notif
   2166 gdm       20   0  242216   6512   5848 S   0.0   0.1   0:00.01 gvfsd
   2168 gdm       20   0  459796   6140   5436 S   0.0   0.1   0:00.32 gsd-rfkill
   2170 gdm       20   0  388312   7432   6528 S   0.0   0.1   0:00.01 gsd-smartcard
   2173 gdm       20   0  380556  16508  12504 S   0.0   0.2   0:00.03 gsd-datetime
   2183 gdm       20   0  864216  20108  17428 S   0.0   0.3   0:00.32 gsd-media-keys
   2184 gdm       20   0  237936   4760   4376 S   0.0   0.1   0:00.01 gsd-screensaver
   2185 gdm       20   0  322096  10392   7320 S   0.0   0.1   0:00.02 gsd-sound
   2186 gdm       20   0  312416   8104   5476 S   0.0   0.1   0:00.01 gsd-a11y-settin
   2193 gdm       20   0  313996   8944   6152 S   0.0   0.1   0:00.56 gsd-housekeepin
   2195 gdm       20   0  450004  20288  15904 S   0.0   0.3   0:00.31 gsd-power
   2218 gdm       20   0  347052  12608  10748 S   0.0   0.2   0:00.03 gsd-printer
   2221 gdm       20   0  239040   6576   5948 S   0.0   0.1   0:00.00 ibus-dconf
   2233 gdm       20   0  238936   5920   5488 S   0.0   0.1   0:00.00 ibus-portal
   2263 colord    20   0  247516  14492   8720 S   0.0   0.2   0:00.22 colord
   2285 gdm       20   0 2812300  27868  20904 S   0.0   0.4   0:00.09 gjs
   2349 gdm       20   0  165096   6516   5892 S   0.0   0.1   0:00.01 ibus-engine-sim
   2508 root      20   0  136716  13172   9512 S   0.0   0.2   0:00.57 cupsd
   2522 root      20   0  260792  17940  13508 S   0.0   0.2   0:01.09 cups-browsed
  11687 jetson    20   0   18140   9764   7368 S   0.0   0.1   0:00.32 systemd
  11688 jetson    20   0  172512   4632      0 S   0.0   0.1   0:00.00 (sd-pam)
  11696 jetson    20   0   41976   6552   5228 S   0.0   0.1   0:00.04 pipewire
  11697 jetson    20   0   25484   6724   5388 S   0.0   0.1   0:00.88 pipewire-media-
  11749 jetson    20   0    8888   3620   3232 S   0.0   0.0   0:00.01 dbus-daemon
  12473 root      20   0 1233488  14060   6340 S   0.0   0.2   0:01.66 containerd-shim
  12502 jetson    20   0    5508    792    704 S   0.0   0.0   0:00.20 sleep
  12567 root      20   0   21892   5484   3884 S   0.0   0.1   0:13.94 systemd-udevd
  12575 root      20   0   21760   4520   2952 S   0.0   0.1   0:28.23 systemd-udevd
  13234 jetson    20   0  203640  35476  13212 S   0.0   0.5   0:00.75 ros2
  13236 jetson    20   0 1996680  34168  17228 S   0.0   0.4   0:00.47 docker
  13238 jetson    20   0  428384  31060  15828 S   0.0   0.4   1:07.63 robot_state_pub
  13265 root      20   0 1232976  11124   5960 S   0.0   0.1   0:01.17 containerd-shim
  13294 root      20   0   49400  29204  14412 S   0.0   0.4   0:00.40 ros2
  13554 root      20   0   21760   4448   2932 S   0.0   0.1   0:00.02 systemd-udevd
  13555 root      20   0   21760   3352   1860 S   0.0   0.0   0:00.00 systemd-udevd
  13568 root      20   0   21760   3376   1864 S   0.0   0.0   0:00.02 systemd-udevd
  13569 root      20   0   21760   4128   2588 S   0.0   0.1   0:00.04 systemd-udevd
  13570 root      20   0   21764   4488   2960 S   0.0   0.1   0:00.04 systemd-udevd
  13571 root      20   0   21764   4104   2588 S   0.0   0.1   0:00.03 systemd-udevd
  13580 root      20   0   21764   4136   2588 S   0.0   0.1   0:00.03 systemd-udevd
  13581 root      20   0   21764   3708   2180 S   0.0   0.0   0:00.00 systemd-udevd
  13582 root      20   0   21764   4252   2704 S   0.0   0.1   0:00.05 systemd-udevd
  13594 root      20   0   21764   3408   1864 S   0.0   0.0   0:00.01 systemd-udevd
  13595 root      20   0   21764   3652   2120 S   0.0   0.0   0:00.02 systemd-udevd
  31399 root      20   0       0      0      0 I   0.0   0.0   0:14.51 kworker/u12:8-events_unbound
  33484 root      20   0       0      0      0 I   0.0   0.0   0:09.51 kworker/u12:0-events_unbound
  34263 root      20   0       0      0      0 I   0.0   0.0   0:11.49 kworker/u12:2-events_unbound
  49116 root      20   0       0      0      0 I   0.0   0.0   0:00.62 kworker/0:0-events
  51824 root      20   0       0      0      0 I   0.0   0.0   0:01.27 kworker/5:1-events
  59272 root      20   0       0      0      0 I   0.0   0.0   0:01.09 kworker/3:3-events
  85708 root      20   0       0      0      0 I   0.0   0.0   0:00.34 kworker/4:1-events
  90870 root      20   0       0      0      0 I   0.0   0.0   0:08.14 kworker/u12:11-events_unbound
  95815 root      20   0       0      0      0 I   0.0   0.0   0:00.00 kworker/0:2-events
  96157 root      20   0       0      0      0 I   0.0   0.0   0:00.00 kworker/4:2-events
  97402 root      20   0       0      0      0 I   0.0   0.0   0:06.18 kworker/u12:5-events_unbound
  98042 jetson    20   0  572504  36008  13228 S   0.0   0.5   0:01.77 ros2
  98155 root      20   0       0      0      0 I   0.0   0.0   0:00.00 kworker/2:1-events
  98217 root      20   0  238836   6944   5696 S   0.0   0.1   0:01.50 iio-sensor-prox
  98455 jetson    20   0  129772  36116  13228 S   0.0   0.5   0:00.71 ros2
 100055 root      20   0       0      0      0 I   0.0   0.0   0:00.00 kworker/5:2-cgroup_destroy
 100141 root      20   0       0      0      0 I   0.0   0.0   0:06.83 kworker/u12:6-events_unbound
 100706 jetson    20   0   53568  30372  15020 S   0.0   0.4   0:00.43 ros2
 149635 root      20   0       0      0      0 I   0.0   0.0   0:00.00 kworker/3:0-events
 174364 root      20   0       0      0      0 I   0.0   0.0   0:02.42 kworker/u12:4-events_unbound
 192628 root       0 -20       0      0      0 I   0.0   0.0   0:04.51 kworker/u13:1-uvcvideo
 199974 root      20   0       0      0      0 I   0.0   0.0   0:01.77 kworker/u12:1-events_freezable_power_
 211464 root      20   0       0      0      0 I   0.0   0.0   0:01.29 kworker/u12:7-events_freezable_power_
 219316 root       0 -20       0      0      0 I   0.0   0.0   0:01.74 kworker/u13:3-uvcvideo
 223411 root      20   0       0      0      0 I   0.0   0.0   0:00.00 kworker/1:0-cgroup_destroy
 233042 root      20   0    9436    768    688 S   0.0   0.0   0:00.00 sleep
 234184 root      20   0       0      0      0 I   0.0   0.0   0:00.00 kworker/0:1-events
 234228 root      20   0       0      0      0 I   0.0   0.0   0:00.00 kworker/3:1
 234272 root      20   0       0      0      0 I   0.0   0.0   0:00.00 kworker/2:0-cgroup_destroy
 234404 root      20   0       0      0      0 I   0.0   0.0   0:00.03 kworker/5:0-mm_percpu_wq
 235691 root      20   0       0      0      0 I   0.0   0.0   0:00.00 kworker/1:1-events
 236264 jetson    20   0   11248   3292   2852 S   0.0   0.0   0:00.03 bash
 238391 jetson    20   0   11248   3300   2864 S   0.0   0.0   0:00.01 bash
 238443 jetson    20   0    2872    896    800 S   0.0   0.0   0:00.06 tegrastats
 238637 jetson    20   0    9480    820    736 S   0.0   0.0   0:00.00 tail
 239729 root      30  10   11248   1712   1320 S   0.0   0.0   0:00.00 wifi_mon.sh
 239730 root      30  10   11248   1776   1384 S   0.0   0.0   0:00.00 wifi_mon.sh
 239731 root      30  10    9444    776    696 S   0.0   0.0   0:00.00 timeout
 239732 root      30  10    2768   1084    960 S   0.0   0.0   0:00.00 iw
 239819 sshd      20   0   15268   6096   4516 S   0.0   0.1   0:00.00 sshd

top - 13:14:36 up  3:37,  0 users,  load average: 8.81, 6.56, 4.89
Tasks: 352 total,   6 running, 346 sleeping,   0 stopped,   0 zombie
%Cpu(s): 42.5 us, 11.8 sy,  0.0 ni, 41.2 id,  0.0 wa,  2.5 hi,  2.0 si,  0.0 st
MiB Mem :   7607.4 total,   2804.8 free,   2029.0 used,   2773.5 buff/cache
MiB Swap:   3803.7 total,   3803.7 free,      0.0 used.   5280.4 avail Mem 

    PID USER      PR  NI    VIRT    RES    SHR S  %CPU  %MEM     TIME+ COMMAND
 238636 jetson    20   0  753156  72900  29576 S  41.3   0.9   0:12.36 python3
  98338 jetson    20   0  709016  64620  27260 R  36.3   0.8  28:17.13 python3
 102583 jetson    20   0  963132  48364  23528 S  30.8   0.6   7:11.40 controller_serv
 238441 jetson    20   0  763896  56388  25416 S  22.4   0.7   0:07.86 ros2
 100721 jetson    20   0 9355252 432940  88856 S  19.4   5.6  12:29.72 nvblox_node
 102592 jetson    20   0  531020  48340  26220 S  14.9   0.6   6:07.62 bt_navigator
  98048 jetson    20   0  432960  28196  14244 S  14.4   0.4  12:38.91 rplidar_node
    969 root      20   0  237044  10204   6400 S  13.9   0.1   1:39.29 polkitd
  98044 jetson    20   0 1813648 105696  51328 S  13.9   1.4  10:19.47 realsense2_came
  98046 jetson    20   0  711536  66920  27240 S  13.4   0.9  12:13.39 python3
  98457 jetson    20   0 1061924  55032  24360 S  13.4   0.7   2:17.53 async_slam_tool
  98340 jetson    20   0  506224  33968  18400 S  11.4   0.4   8:28.38 ekf_node
 102641 jetson    20   0  577392  31872  16252 R  10.4   0.4   7:44.23 lifecycle_manag
 102587 jetson    20   0 1210040  97160  42692 S  10.0   1.2   6:51.61 planner_server
  98050 jetson    20   0  708072  65988  27372 R   9.5   0.8   6:08.28 python3
 102581 jetson    20   0  709536  62208  27352 R   9.5   0.8   2:49.79 python3
 102589 jetson    20   0  516304  37492  21032 S   7.5   0.5   4:57.91 behavior_server
 102585 jetson    20   0  664660  35184  19412 S   6.5   0.5   4:10.04 smoother_server
 102637 jetson    20   0  428576  29080  15960 S   6.0   0.4   3:22.91 velocity_smooth
 102619 jetson    20   0  431272  31524  17020 S   5.5   0.4   3:22.29 waypoint_follow
  13320 root      20   0 1300240  43896  11392 S   4.5   0.6  14:23.73 micro_ros_agent
    828 message+  20   0   10372   5572   3584 S   3.5   0.1   0:22.68 dbus-daemon
    829 root      20   0  264656  18684  14872 S   3.0   0.2   0:20.90 NetworkManager
      1 root      20   0  167628  11764   7444 S   2.0   0.2   0:17.23 systemd
    909 root      rt   0       0      0      0 S   1.5   0.0   0:24.00 sugov:4
    904 root      rt   0       0      0      0 S   1.0   0.0   0:50.54 sugov:0
 233444 root       0 -20       0      0      0 I   1.0   0.0   0:00.44 kworker/u13:2-uvcvideo
 238442 jetson    20   0   14344   3352   2756 R   1.0   0.0   0:00.32 top
     15 root      20   0       0      0      0 I   0.5   0.0   0:04.56 rcu_preempt
    201 root     -51   0       0      0      0 S   0.5   0.0   0:00.27 irq/234-nvme0q2
    854 syslog    20   0  222160   5012   3672 S   0.5   0.1   0:02.93 rsyslogd
    865 root      20   0 2145956  51744  25768 S   0.5   0.7   0:22.70 snapd
    871 root      20   0   48968   7620   6296 S   0.5   0.1   0:02.02 systemd-logind
   1690 gdm        9 -11  891840  20748  12584 S   0.5   0.3   0:00.71 pulseaudio
   2071 gdm       20   0 3471500 137208  73260 S   0.5   1.8   0:26.77 gnome-shell
   2106 root      20   0  301608  19332  16408 S   0.5   0.2   0:00.87 packagekitd
   2522 root      20   0  260792  17940  13508 S   0.5   0.2   0:01.10 cups-browsed
  12575 root      20   0   21760   4520   2952 S   0.5   0.1   0:28.24 systemd-udevd
  97402 root      20   0       0      0      0 I   0.5   0.0   0:06.19 kworker/u12:5-events_unbound
  98042 jetson    20   0  572504  36008  13228 S   0.5   0.5   0:01.78 ros2
  98052 jetson    20   0 1082804  58392  26368 S   0.5   0.7   0:39.07 foxglove_bridge
 100141 root      20   0       0      0      0 I   0.5   0.0   0:06.84 kworker/u12:6-events_freezable_power_
 211464 root      20   0       0      0      0 I   0.5   0.0   0:01.30 kworker/u12:7-events_unbound
 238443 jetson    20   0    2872    896    800 S   0.5   0.0   0:00.07 tegrastats
      2 root      20   0       0      0      0 S   0.0   0.0   0:00.02 kthreadd
      3 root       0 -20       0      0      0 I   0.0   0.0   0:00.00 rcu_gp
      4 root       0 -20       0      0      0 I   0.0   0.0   0:00.00 rcu_par_gp
      5 root       0 -20       0      0      0 I   0.0   0.0   0:00.00 slub_flushwq
      6 root       0 -20       0      0      0 I   0.0   0.0   0:00.00 netns
      8 root       0 -20       0      0      0 I   0.0   0.0   0:00.00 kworker/0:0H-events_highpri
     10 root       0 -20       0      0      0 I   0.0   0.0   0:00.00 mm_percpu_wq
     11 root      20   0       0      0      0 S   0.0   0.0   0:00.00 rcu_tasks_kthre
     12 root      20   0       0      0      0 S   0.0   0.0   0:00.00 rcu_tasks_rude_
     13 root      20   0       0      0      0 S   0.0   0.0   0:00.00 rcu_tasks_trace
     14 root      20   0       0      0      0 R   0.0   0.0   0:10.92 ksoftirqd/0
     16 root      rt   0       0      0      0 S   0.0   0.0   0:00.01 migration/0
     17 root      20   0       0      0      0 S   0.0   0.0   0:00.00 cpuhp/0
     18 root      20   0       0      0      0 S   0.0   0.0   0:00.00 cpuhp/1
     19 root      rt   0       0      0      0 S   0.0   0.0   0:00.01 migration/1
     20 root      20   0       0      0      0 S   0.0   0.0   0:00.66 ksoftirqd/1
     22 root       0 -20       0      0      0 I   0.0   0.0   0:00.00 kworker/1:0H-events_highpri
     23 root      20   0       0      0      0 S   0.0   0.0   0:00.00 cpuhp/2
     24 root      rt   0       0      0      0 S   0.0   0.0   0:00.00 migration/2
     25 root      20   0       0      0      0 S   0.0   0.0   0:00.68 ksoftirqd/2
     27 root       0 -20       0      0      0 I   0.0   0.0   0:00.00 kworker/2:0H-events_highpri
     28 root      20   0       0      0      0 S   0.0   0.0   0:00.00 cpuhp/3
     29 root      rt   0       0      0      0 S   0.0   0.0   0:00.00 migration/3
     30 root      20   0       0      0      0 S   0.0   0.0   0:00.63 ksoftirqd/3
     32 root       0 -20       0      0      0 I   0.0   0.0   0:00.00 kworker/3:0H-events_highpri
     33 root      20   0       0      0      0 S   0.0   0.0   0:00.00 cpuhp/4
     34 root      rt   0       0      0      0 S   0.0   0.0   0:00.02 migration/4
     35 root      20   0       0      0      0 S   0.0   0.0   0:00.47 ksoftirqd/4
     37 root       0 -20       0      0      0 I   0.0   0.0   0:00.00 kworker/4:0H-kblockd
     38 root      20   0       0      0      0 S   0.0   0.0   0:00.00 cpuhp/5
     39 root      rt   0       0      0      0 S   0.0   0.0   0:00.03 migration/5
     40 root      20   0       0      0      0 S   0.0   0.0   0:00.48 ksoftirqd/5
     42 root       0 -20       0      0      0 I   0.0   0.0   0:00.00 kworker/5:0H-events_highpri
     43 root      20   0       0      0      0 S   0.0   0.0   0:00.01 kdevtmpfs
     44 root       0 -20       0      0      0 I   0.0   0.0   0:00.00 inet_frag_wq
     51 root      20   0       0      0      0 S   0.0   0.0   0:00.00 kauditd
     52 root      20   0       0      0      0 S   0.0   0.0   0:00.00 oom_reaper
     53 root       0 -20       0      0      0 I   0.0   0.0   0:00.00 writeback
     54 root      20   0       0      0      0 S   0.0   0.0   0:00.10 kcompactd0
     55 root      25   5       0      0      0 S   0.0   0.0   0:00.00 ksmd
     56 root      39  19       0      0      0 S   0.0   0.0   0:01.15 khugepaged
     67 root       0 -20       0      0      0 I   0.0   0.0   0:00.00 cryptd
     86 root       0 -20       0      0      0 I   0.0   0.0   0:00.00 kintegrityd
     87 root       0 -20       0      0      0 I   0.0   0.0   0:00.00 kblockd
     88 root       0 -20       0      0      0 I   0.0   0.0   0:00.00 blkcg_punt_bio
     89 root       0 -20       0      0      0 I   0.0   0.0   0:00.00 tpm_dev_wq
     90 root       0 -20       0      0      0 I   0.0   0.0   0:00.00 ata_sff
     91 root       0 -20       0      0      0 I   0.0   0.0   0:00.00 edac-poller
     92 root       0 -20       0      0      0 I   0.0   0.0   0:00.00 devfreq_wq
     93 root     -51   0       0      0      0 S   0.0   0.0   0:00.00 watchdogd
     96 root       0 -20       0      0      0 I   0.0   0.0   0:00.04 kworker/1:1H-kblockd
     97 root       0 -20       0      0      0 I   0.0   0.0   0:00.00 rpciod
     99 root       0 -20       0      0      0 I   0.0   0.0   0:00.00 xprtiod
    127 root      20   0       0      0      0 S   0.0   0.0   0:00.00 kswapd0
    128 root       0 -20       0      0      0 I   0.0   0.0   0:00.00 nfsiod
    132 root       0 -20       0      0      0 I   0.0   0.0   0:00.00 vfio-irqfd-clea
    133 root       0 -20       0      0      0 I   0.0   0.0   0:00.00 bch_btree_io
    134 root       0 -20       0      0      0 I   0.0   0.0   0:00.00 bcache
    135 root       0 -20       0      0      0 I   0.0   0.0   0:00.00 bch_journal
    136 root       0 -20       0      0      0 I   0.0   0.0   0:00.00 dm_bufio_cache
    137 root      20   0       0      0      0 I   0.0   0.0   0:01.27 kworker/1:2-events
    139 root      20   0       0      0      0 I   0.0   0.0   0:00.75 kworker/2:3-events
    140 root      10 -10       0      0      0 S   0.0   0.0   0:00.00 krfcommd
    141 root      20   0       0      0      0 S   0.0   0.0   0:00.01 pr/tty0
    142 root      20   0       0      0      0 S   0.0   0.0   0:03.04 pr/ttyTCU0
    145 root     -51   0       0      0      0 S   0.0   0.0   0:00.00 irq/114-3160000
    147 root     -51   0       0      0      0 S   0.0   0.0   0:00.00 irq/115-3180000
    149 root     -51   0       0      0      0 S   0.0   0.0   0:00.00 irq/116-31b0000
    150 root     -51   0       0      0      0 S   0.0   0.0   0:00.02 irq/167-c240000
    151 root     -51   0       0      0      0 S   0.0   0.0   0:00.00 irq/168-c250000
    152 root     -51   0       0      0      0 S   0.0   0.0   0:00.00 irq/125-3610000
    153 root     -51   0       0      0      0 S   0.0   0.0   0:00.00 irq/122-3610000
    155 root       0 -20       0      0      0 I   0.0   0.0   0:00.00 sdhci
    156 root     -51   0       0      0      0 S   0.0   0.0   0:00.00 irq/120-mmc0
    157 root     -51   0       0      0      0 S   0.0   0.0   0:00.00 irq/230-3400000
    174 root       0 -20       0      0      0 I   0.0   0.0   0:00.05 kworker/3:1H-kblockd
    180 root     -51   0       0      0      0 S   0.0   0.0   0:00.00 irq/191-tegra-p
    181 root       0 -20       0      0      0 I   0.0   0.0   0:00.00 nvme-wq
    182 root       0 -20       0      0      0 I   0.0   0.0   0:00.00 nvme-reset-wq
    183 root       0 -20       0      0      0 I   0.0   0.0   0:00.00 nvme-delete-wq
    192 root     -51   0       0      0      0 S   0.0   0.0   0:00.00 irq/191-aerdrv
    193 root     -51   0       0      0      0 S   0.0   0.0   0:00.00 irq/193-tegra-p
    196 root     -51   0       0      0      0 S   0.0   0.0   0:00.00 irq/193-aerdrv
    197 root     -51   0       0      0      0 S   0.0   0.0   0:00.00 irq/195-tegra-p
    199 root     -51   0       0      0      0 S   0.0   0.0   0:00.00 irq/232-nvme0q0
    200 root     -51   0       0      0      0 S   0.0   0.0   0:00.22 irq/233-nvme0q1
    202 root     -51   0       0      0      0 S   0.0   0.0   0:00.40 irq/235-nvme0q3
    203 root     -51   0       0      0      0 S   0.0   0.0   0:00.52 irq/236-nvme0q4
    204 root     -51   0       0      0      0 S   0.0   0.0   0:00.13 irq/237-nvme0q5
    205 root     -51   0       0      0      0 S   0.0   0.0   0:00.09 irq/238-nvme0q6
    211 root       0 -20       0      0      0 I   0.0   0.0   0:00.05 kworker/4:1H-kblockd
    212 root      20   0       0      0      0 S   0.0   0.0   0:00.74 jbd2/nvme0n1p1-
    213 root       0 -20       0      0      0 I   0.0   0.0   0:00.00 ext4-rsv-conver
    222 root       0 -20       0      0      0 I   0.0   0.0   0:00.00 mld
    223 root       0 -20       0      0      0 I   0.0   0.0   0:00.03 kworker/0:1H-kblockd
    224 root       0 -20       0      0      0 I   0.0   0.0   0:00.00 ipv6_addrconf
    256 root      19  -1   40648  11528   9920 S   0.0   0.1   0:14.95 systemd-journal
    278 root       0 -20       0      0      0 I   0.0   0.0   0:00.06 kworker/2:1H-kblockd
    280 root      39  19       0      0      0 S   0.0   0.0   0:00.40 nvmap-bz
    281 root     -51   0       0      0      0 S   0.0   0.0   0:00.00 irq/188-host1x_
    285 root     -51   0       0      0      0 S   0.0   0.0   0:00.00 irq/197-gk20a_s
    286 root     -51   0       0      0      0 S   0.0   0.0   0:00.01 irq/198-gk20a_s
    287 root     -51   0       0      0      0 S   0.0   0.0   0:00.01 irq/199-gk20a_s
    288 root     -51   0       0      0      0 S   0.0   0.0   0:00.00 irq/200-gk20a_n
    291 root       0 -20       0      0      0 I   0.0   0.0   0:00.04 kworker/5:1H-kblockd
    295 root      20   0   11116   3460   3204 S   0.0   0.0   0:00.00 nv-tee-supplica
    299 root      20   0   76588   1360   1248 S   0.0   0.0   0:00.01 tee-supplicant
    301 root       0 -20       0      0      0 I   0.0   0.0   0:00.00 optee_bus_scan
    303 root     -51   0       0      0      0 S   0.0   0.0   0:00.00 irq/189-tegra-p
    312 root      20   0   23732   6316   4080 S   0.0   0.1   0:15.43 systemd-udevd
    313 root     -51   0       0      0      0 S   0.0   0.0   0:00.00 irq/189-aerdrv
    314 root      20   0   23216   5804   3992 S   0.0   0.1   0:00.37 systemd-udevd
    315 root      20   0   23216   5020   3248 S   0.0   0.1   0:00.15 systemd-udevd
    316 root      20   0   23268   6224   4288 S   0.0   0.1   0:00.16 systemd-udevd
    317 root      20   0   23220   4364   2600 S   0.0   0.1   0:00.11 systemd-udevd
    318 root      20   0   23216   4480   2672 S   0.0   0.1   0:00.12 systemd-udevd
    319 root      20   0   23212   5812   3980 S   0.0   0.1   0:00.28 systemd-udevd
    320 root      20   0   23264   4688   2764 S   0.0   0.1   0:00.13 systemd-udevd
    321 root      20   0   23268   5072   3136 S   0.0   0.1   0:00.18 systemd-udevd
    322 root      20   0   23524   5520   3456 S   0.0   0.1   0:00.26 systemd-udevd
    323 root      20   0   23216   6268   4444 S   0.0   0.1   0:00.35 systemd-udevd
    324 root      20   0   23220   5196   3388 S   0.0   0.1   0:00.16 systemd-udevd
    325 root      20   0   23220   5808   3976 S   0.0   0.1   0:00.35 systemd-udevd
    326 root      20   0   23220   5232   3388 S   0.0   0.1   0:00.38 systemd-udevd
    327 root      20   0   23220   5468   3656 S   0.0   0.1   0:00.18 systemd-udevd
    330 root      20   0   23512   5728   3684 S   0.0   0.1   0:00.14 systemd-udevd
    331 root      20   0   24292   5540   2676 S   0.0   0.1   0:00.16 systemd-udevd
    333 root      20   0   23524   5596   3532 S   0.0   0.1   0:00.26 systemd-udevd
    334 root      20   0   23220   5080   3240 S   0.0   0.1   0:00.24 systemd-udevd
    335 root      20   0   23220   4504   2708 S   0.0   0.1   0:00.11 systemd-udevd
    336 root      20   0   23220   4696   2892 S   0.0   0.1   0:00.14 systemd-udevd
    337 root      20   0   23524   5056   2992 S   0.0   0.1   0:00.16 systemd-udevd
    339 root      20   0   23220   4980   3148 S   0.0   0.1   0:00.17 systemd-udevd
    340 root      20   0   23544   6732   4608 S   0.0   0.1   0:52.06 systemd-udevd
    341 root      20   0   23276   5328   3384 S   0.0   0.1   0:00.13 systemd-udevd
    342 root      20   0   23280   5176   3228 S   0.0   0.1   0:00.13 systemd-udevd
    343 root      20   0   23220   5984   4152 S   0.0   0.1   0:00.29 systemd-udevd
    344 root      20   0   23560   6700   4596 S   0.0   0.1   0:00.46 systemd-udevd
    345 root      20   0       0      0      0 S   0.0   0.0   0:00.00 15820000.crypto
    346 root      20   0       0      0      0 S   0.0   0.0   0:00.00 15840000.crypto
    368 root      20   0   23324   5984   4116 S   0.0   0.1   0:00.38 systemd-udevd
    417 root     -51   0       0      0      0 S   0.0   0.0   0:00.00 irq/219-bc00000
    419 root      -2   0       0      0      0 S   0.0   0.0   0:00.00 capture-control
    420 root      -2   0       0      0      0 S   0.0   0.0   0:00.00 capture
    422 root     -51   0       0      0      0 S   0.0   0.0   0:00.00 irq/214-tegra_d
    423 root     -51   0       0      0      0 S   0.0   0.0   0:00.00 irq/215-tegra_d
    424 root       0 -20       0      0      0 I   0.0   0.0   0:00.00 dce-async-ipc-w
    425 root     -51   0       0      0      0 S   0.0   0.0   0:00.00 irq/240-nvvrs-p
    427 root      20   0       0      0      0 S   0.0   0.0   0:00.00 nv_queue
    428 root      20   0       0      0      0 S   0.0   0.0   0:00.00 nv_queue
    483 root     -51   0       0      0      0 S   0.0   0.0   0:00.00 irq/118-3210000
    487 root      20   0       0      0      0 S   0.0   0.0   0:00.00 spi0
    495 root       0 -20       0      0      0 I   0.0   0.0   0:00.00 cfg80211
    497 root     -51   0       0      0      0 S   0.0   0.0   0:00.00 irq/119-3230000
    498 root      20   0       0      0      0 S   0.0   0.0   0:00.00 spi1
    584 root       0 -20       0      0      0 I   0.0   0.0   0:00.00 btfwwork
    650 root      20   0    8236   6424   1432 S   0.0   0.1   0:00.53 haveged
    653 _rpc      20   0    7932   2264   1912 S   0.0   0.0   0:00.02 rpcbind
    659 systemd+  20   0   26320  13580   8496 S   0.0   0.2   0:00.36 systemd-resolve
    662 systemd+  20   0   88880   6332   5484 S   0.0   0.1   0:00.12 systemd-timesyn
    826 avahi     20   0    8084   3108   2752 S   0.0   0.0   0:00.42 avahi-daemon
    827 root      20   0    9888   4552   4112 S   0.0   0.1   0:00.07 bluetoothd
    838 root      20   0   43504  19780  10232 S   0.0   0.3   0:00.15 networkd-dispat
    849 root      20   0  241652   9056   6312 S   0.0   0.1   0:00.34 power-profiles-
    859 root      20   0    2240    796    720 S   0.0   0.0   0:00.00 seatd
    867 root      20   0  242124   7452   6576 S   0.0   0.1   0:01.19 accounts-daemon
    869 root      20   0  238128   6232   5620 S   0.0   0.1   0:00.04 switcheroo-cont
    874 root      20   0  394188  13980   9476 S   0.0   0.2   0:00.52 udisksd
    875 root      20   0   16632   9928   8148 S   0.0   0.1   0:00.78 wpa_supplicant
    882 avahi     20   0    7812    356      0 S   0.0   0.0   0:00.00 avahi-daemon
    921 root      30  10   11248   3612   3220 S   0.0   0.0   0:04.81 wifi_mon.sh
    983 root      20   0    2460   1556   1380 S   0.0   0.0   0:04.62 nvfancontrol
   1049 root      20   0       0      0      0 S   0.0   0.0   0:00.00 sw-quiesce
   1052 root      20   0       0      0      0 S   0.0   0.0   0:11.41 nvgpu_channel_p
   1068 root      20   0       0      0      0 S   0.0   0.0   0:00.00 nvgpu_pg_init_g
   1087 root      20   0       0      0      0 S   0.0   0.0   0:00.00 nvgpu_clk_arb_p
   1117 root      20   0       0      0      0 S   0.0   0.0   0:04.39 RTW_CMD_THREAD
   1157 root      20   0   75936   9960   8136 S   0.0   0.1   0:00.01 nvargus-daemon
   1158 root      20   0   11116   3520   3220 S   0.0   0.0   0:00.04 nvmemwarning.sh
   1171 root      20   0   22192   1776   1580 S   0.0   0.0   0:00.00 nvs-service
   1181 ollama    20   0 2006720  39588  20072 S   0.0   0.5   0:00.64 ollama
   1195 root      20   0    2336   1408   1292 S   0.0   0.0   0:01.96 run-cups-browse
   1201 root      20   0    2336   1424   1296 S   0.0   0.0   0:02.02 run-cupsd
   1204 root      20   0       0      0      0 S   0.0   0.0   0:00.00 pr/ramoops-1
   1212 root      20   0 2019288  66636  33572 S   0.0   0.9   0:13.46 containerd
   1239 root      20   0   10772   2824   2576 S   0.0   0.0   0:00.03 cron
   1259 root      20   0  243128   8056   7012 S   0.0   0.1   0:00.02 gdm3
   1263 kernoops  20   0   12812    452      0 S   0.0   0.0   0:00.01 kerneloops
   1290 root      20   0    9468    800    724 S   0.0   0.0   0:00.00 agetty
   1291 kernoops  20   0   12812    452      0 S   0.0   0.0   0:00.01 kerneloops
   1293 root      20   0    9468    804    724 S   0.0   0.0   0:00.00 agetty
   1330 root      20   0  173408   8804   7628 S   0.0   0.1   0:00.02 gdm-session-wor
   1417 root      20   0       0      0      0 S   0.0   0.0   0:00.00 file-storage
   1426 root      20   0   15272   8368   6788 S   0.0   0.1   0:00.39 sshd
   1474 gdm       20   0   18120   9728   7360 S   0.0   0.1   0:00.41 systemd
   1478 root      20   0    3076    992    880 S   0.0   0.0   0:00.00 nvphsd
   1483 root      20   0    3208   1476   1316 S   0.0   0.0   0:00.00 nvphsd
   1497 gdm       20   0  106692   4552      0 S   0.0   0.1   0:00.00 (sd-pam)
   1588 root      20   0 2278700 101092  56496 S   0.0   1.3   0:04.35 dockerd
   1688 gdm        9 -11   41972   6468   5156 S   0.0   0.1   0:00.05 pipewire
   1689 gdm       20   0   25476   6428   5104 S   0.0   0.1   0:00.83 pipewire-media-
   1695 gdm       20   0  163948   5472   4964 S   0.0   0.1   0:00.00 gdm-x-session
   1697 root      20   0   24.2g  80496  35884 S   0.0   1.0   0:01.46 Xorg
   1698 rtkit     21   1  153504   1588   1380 S   0.0   0.0   0:00.19 rtkit-daemon
   1729 gdm       20   0    8840   3600   3212 S   0.0   0.0   0:00.02 dbus-daemon
   1748 root      20   0       0      0      0 S   0.0   0.0   0:00.00 nvidia-modeset/
   1749 root      20   0       0      0      0 S   0.0   0.0   0:00.00 nvidia-modeset/
   1752 root      20   0       0      0      0 S   0.0   0.0   0:00.00 nvidia
   1753 root      20   0       0      0      0 S   0.0   0.0   0:00.00 nv_queue
   1790 root      20   0       0      0      0 S   0.0   0.0   0:00.00 nvidia-drm-nv-t
   1791 root     -51   0       0      0      0 S   0.0   0.0   0:00.00 card1-crtc0
   1792 root     -51   0       0      0      0 S   0.0   0.0   0:00.00 card1-crtc1
   1980 gdm       20   0    5876   1552   1344 S   0.0   0.0   0:00.00 dbus-run-sessio
   1983 gdm       20   0    9108   4440   3588 S   0.0   0.1   0:00.13 dbus-daemon
   2035 gdm       20   0  597840  17824  12972 S   0.0   0.2   0:00.61 gnome-session-b
   2057 gdm       20   0  310068   8976   6272 S   0.0   0.1   0:00.00 at-spi-bus-laun
   2062 gdm       20   0    8692   3556   3168 S   0.0   0.0   0:00.00 dbus-daemon
   2092 gdm       20   0  237676   4964   4528 S   0.0   0.1   0:00.00 xdg-permission-
   2099 root      20   0  243852  10136   6984 S   0.0   0.1   0:00.29 upowerd
   2110 gdm       20   0 2812288  25716  20860 S   0.0   0.3   0:00.08 gjs
   2113 gdm       20   0  163144   7196   6428 S   0.0   0.1   0:00.01 at-spi2-registr
   2141 gdm       20   0  468748   9856   7940 S   0.0   0.1   0:01.08 gsd-sharing
   2146 gdm       20   0  338880  14892  12620 S   0.0   0.2   0:00.06 gsd-wacom
   2148 gdm       20   0  451616  18896  16480 S   0.0   0.2   0:00.15 gsd-color
   2150 gdm       20   0  412392  17092  13292 S   0.0   0.2   0:00.04 gsd-keyboard
   2152 gdm       20   0  316864  13188   6244 S   0.0   0.2   0:00.10 ibus-daemon
   2156 gdm       20   0  326124   9848   8488 S   0.0   0.1   0:00.02 gsd-print-notif
   2166 gdm       20   0  242216   6512   5848 S   0.0   0.1   0:00.01 gvfsd
   2168 gdm       20   0  459796   6140   5436 S   0.0   0.1   0:00.32 gsd-rfkill
   2170 gdm       20   0  388312   7432   6528 S   0.0   0.1   0:00.01 gsd-smartcard
   2173 gdm       20   0  380556  16508  12504 S   0.0   0.2   0:00.03 gsd-datetime
   2183 gdm       20   0  864216  20108  17428 S   0.0   0.3   0:00.32 gsd-media-keys
   2184 gdm       20   0  237936   4760   4376 S   0.0   0.1   0:00.01 gsd-screensaver
   2185 gdm       20   0  322096  10392   7320 S   0.0   0.1   0:00.02 gsd-sound
   2186 gdm       20   0  312416   8104   5476 S   0.0   0.1   0:00.01 gsd-a11y-settin
   2193 gdm       20   0  313996   8944   6152 S   0.0   0.1   0:00.56 gsd-housekeepin
   2195 gdm       20   0  450004  20288  15904 S   0.0   0.3   0:00.31 gsd-power
   2218 gdm       20   0  347052  12608  10748 S   0.0   0.2   0:00.03 gsd-printer
   2221 gdm       20   0  239040   6576   5948 S   0.0   0.1   0:00.00 ibus-dconf
   2233 gdm       20   0  238936   5920   5488 S   0.0   0.1   0:00.00 ibus-portal
   2263 colord    20   0  247516  14492   8720 S   0.0   0.2   0:00.22 colord
   2285 gdm       20   0 2812300  27868  20904 S   0.0   0.4   0:00.09 gjs
   2349 gdm       20   0  165096   6516   5892 S   0.0   0.1   0:00.01 ibus-engine-sim
   2508 root      20   0  136716  13172   9512 S   0.0   0.2   0:00.57 cupsd
  11687 jetson    20   0   18140   9764   7368 S   0.0   0.1   0:00.32 systemd
  11688 jetson    20   0  172512   4632      0 S   0.0   0.1   0:00.00 (sd-pam)
  11696 jetson    20   0   41976   6552   5228 S   0.0   0.1   0:00.04 pipewire
  11697 jetson    20   0   25484   6724   5388 S   0.0   0.1   0:00.88 pipewire-media-
  11749 jetson    20   0    8888   3620   3232 S   0.0   0.0   0:00.01 dbus-daemon
  11931 jetson    20   0  706564  62076  26432 S   0.0   0.8   1:05.64 python3
  12473 root      20   0 1233488  14060   6340 S   0.0   0.2   0:01.66 containerd-shim
  12502 jetson    20   0    5508    792    704 S   0.0   0.0   0:00.20 sleep
  12567 root      20   0   21892   5484   3884 S   0.0   0.1   0:13.94 systemd-udevd
  13234 jetson    20   0  203640  35476  13212 S   0.0   0.5   0:00.75 ros2
  13236 jetson    20   0 1996680  34168  17228 S   0.0   0.4   0:00.47 docker
  13238 jetson    20   0  428384  31060  15828 S   0.0   0.4   1:07.63 robot_state_pub
  13265 root      20   0 1232976  11124   5960 S   0.0   0.1   0:01.17 containerd-shim
  13294 root      20   0   49400  29204  14412 S   0.0   0.4   0:00.40 ros2
  13554 root      20   0   21760   4448   2932 S   0.0   0.1   0:00.02 systemd-udevd
  13555 root      20   0   21760   3352   1860 S   0.0   0.0   0:00.00 systemd-udevd
  13568 root      20   0   21760   3376   1864 S   0.0   0.0   0:00.02 systemd-udevd
  13569 root      20   0   21760   4128   2588 S   0.0   0.1   0:00.04 systemd-udevd
  13570 root      20   0   21764   4488   2960 S   0.0   0.1   0:00.04 systemd-udevd
  13571 root      20   0   21764   4104   2588 S   0.0   0.1   0:00.03 systemd-udevd
  13580 root      20   0   21764   4136   2588 S   0.0   0.1   0:00.03 systemd-udevd
  13581 root      20   0   21764   3708   2180 S   0.0   0.0   0:00.00 systemd-udevd
  13582 root      20   0   21764   4252   2704 S   0.0   0.1   0:00.05 systemd-udevd
  13594 root      20   0   21764   3408   1864 S   0.0   0.0   0:00.01 systemd-udevd
  13595 root      20   0   21764   3652   2120 S   0.0   0.0   0:00.02 systemd-udevd
  31399 root      20   0       0      0      0 I   0.0   0.0   0:14.51 kworker/u12:8-events_unbound
  33484 root      20   0       0      0      0 I   0.0   0.0   0:09.51 kworker/u12:0-events_unbound
  34263 root      20   0       0      0      0 I   0.0   0.0   0:11.49 kworker/u12:2-events_unbound
  42253 root      20   0       0      0      0 I   0.0   0.0   0:10.82 kworker/u12:3-events_unbound
  49116 root      20   0       0      0      0 I   0.0   0.0   0:00.62 kworker/0:0-events
  51824 root      20   0       0      0      0 I   0.0   0.0   0:01.27 kworker/5:1-events
  59272 root      20   0       0      0      0 I   0.0   0.0   0:01.09 kworker/3:3-mm_percpu_wq
  85708 root      20   0       0      0      0 I   0.0   0.0   0:00.34 kworker/4:1-mm_percpu_wq
  90870 root      20   0       0      0      0 I   0.0   0.0   0:08.14 kworker/u12:11-events_freezable_power_
  95815 root      20   0       0      0      0 I   0.0   0.0   0:00.00 kworker/0:2-events
  96157 root      20   0       0      0      0 I   0.0   0.0   0:00.00 kworker/4:2-events
  98155 root      20   0       0      0      0 I   0.0   0.0   0:00.00 kworker/2:1-events
  98217 root      20   0  238836   6944   5696 S   0.0   0.1   0:01.50 iio-sensor-prox
  98455 jetson    20   0  129772  36116  13228 S   0.0   0.5   0:00.71 ros2
 100055 root      20   0       0      0      0 I   0.0   0.0   0:00.00 kworker/5:2-cgroup_destroy
 100706 jetson    20   0   53568  30372  15020 S   0.0   0.4   0:00.43 ros2
 102542 jetson    20   0  723188  41844  13224 S   0.0   0.5   0:01.29 ros2
 149635 root      20   0       0      0      0 I   0.0   0.0   0:00.00 kworker/3:0-events
 174364 root      20   0       0      0      0 I   0.0   0.0   0:02.42 kworker/u12:4-events_unbound
 192628 root       0 -20       0      0      0 I   0.0   0.0   0:04.51 kworker/u13:1-uvcvideo
 199974 root      20   0       0      0      0 I   0.0   0.0   0:01.77 kworker/u12:1-events_unbound
 205195 root       0 -20       0      0      0 I   0.0   0.0   0:03.55 kworker/u13:0-uvcvideo
 219316 root       0 -20       0      0      0 I   0.0   0.0   0:01.74 kworker/u13:3-uvcvideo
 223411 root      20   0       0      0      0 I   0.0   0.0   0:00.00 kworker/1:0-cgroup_destroy
 225822 root      20   0       0      0      0 I   0.0   0.0   0:00.63 kworker/u12:9-events_unbound
 229418 root      20   0       0      0      0 I   0.0   0.0   0:00.34 kworker/u12:10-events_freezable_power_
 233042 root      20   0    9436    768    688 S   0.0   0.0   0:00.00 sleep
 234184 root      20   0       0      0      0 I   0.0   0.0   0:00.00 kworker/0:1-events
 234228 root      20   0       0      0      0 I   0.0   0.0   0:00.00 kworker/3:1
 234272 root      20   0       0      0      0 I   0.0   0.0   0:00.00 kworker/2:0-events
 234404 root      20   0       0      0      0 I   0.0   0.0   0:00.03 kworker/5:0-mm_percpu_wq
 235691 root      20   0       0      0      0 I   0.0   0.0   0:00.00 kworker/1:1-events
 236264 jetson    20   0   11248   3292   2852 S   0.0   0.0   0:00.03 bash
 238391 jetson    20   0   11248   3300   2864 S   0.0   0.0   0:00.01 bash
 238637 jetson    20   0    9480    820    736 S   0.0   0.0   0:00.00 tail
 239729 root      30  10   11248   1712   1320 S   0.0   0.0   0:00.00 wifi_mon.sh
 239730 root      30  10   11248   1776   1384 S   0.0   0.0   0:00.00 wifi_mon.sh
 239731 root      30  10    9444    776    696 S   0.0   0.0   0:00.00 timeout
 239732 root      30  10    2768   1084    960 S   0.0   0.0   0:00.00 iw

top - 13:14:38 up  3:37,  0 users,  load average: 9.06, 6.65, 4.93
Tasks: 352 total,   4 running, 348 sleeping,   0 stopped,   0 zombie
%Cpu(s): 41.8 us, 10.0 sy,  0.0 ni, 43.7 id,  0.0 wa,  2.4 hi,  2.1 si,  0.0 st
MiB Mem :   7607.4 total,   2804.8 free,   2029.0 used,   2773.5 buff/cache
MiB Swap:   3803.7 total,   3803.7 free,      0.0 used.   5280.4 avail Mem 

    PID USER      PR  NI    VIRT    RES    SHR S  %CPU  %MEM     TIME+ COMMAND
 238636 jetson    20   0  752652  72444  29576 R  41.9   0.9   0:13.21 python3
  98338 jetson    20   0  709016  64620  27260 R  36.0   0.8  28:17.86 python3
 102583 jetson    20   0  963132  48372  23528 S  32.5   0.6   7:12.06 controller_serv
 238441 jetson    20   0  763896  56388  25416 S  23.6   0.7   0:08.34 ros2
 100721 jetson    20   0 9355252 432936  88856 S  19.7   5.6  12:30.12 nvblox_node
  98457 jetson    20   0 1061924  55296  24360 S  18.7   0.7   2:17.91 async_slam_tool
 102592 jetson    20   0  531020  48340  26220 S  15.8   0.6   6:07.94 bt_navigator
  98044 jetson    20   0 1813648 105696  51328 S  13.8   1.4  10:19.75 realsense2_came
  98048 jetson    20   0  432960  28196  14244 S  13.8   0.4  12:39.19 rplidar_node
  98046 jetson    20   0  711536  66920  27240 R  12.8   0.9  12:13.65 python3
  98340 jetson    20   0  506224  33968  18400 S  10.8   0.4   8:28.60 ekf_node
 102641 jetson    20   0  577392  31872  16252 S  10.3   0.4   7:44.44 lifecycle_manag
  98050 jetson    20   0  708072  65988  27372 S   9.9   0.8   6:08.48 python3
 102587 jetson    20   0 1210040  97164  42692 S   9.9   1.2   6:51.81 planner_server
 102581 jetson    20   0  709536  62208  27352 S   9.4   0.8   2:49.98 python3
 102589 jetson    20   0  516304  37492  21032 S   6.9   0.5   4:58.05 behavior_server
 102585 jetson    20   0  664660  35184  19412 S   5.9   0.5   4:10.16 smoother_server
 102637 jetson    20   0  428576  29080  15960 S   5.9   0.4   3:23.03 velocity_smooth
 102619 jetson    20   0  431272  31524  17020 S   5.4   0.4   3:22.40 waypoint_follow
  13320 root      20   0 1300240  43896  11392 S   4.4   0.6  14:23.82 micro_ros_agent
    904 root      rt   0       0      0      0 S   1.5   0.0   0:50.57 sugov:0
    909 root      rt   0       0      0      0 S   1.5   0.0   0:24.03 sugov:4
 238442 jetson    20   0   14344   3352   2756 R   1.0   0.0   0:00.34 top
     14 root      20   0       0      0      0 S   0.5   0.0   0:10.93 ksoftirqd/0
    340 root      20   0   23544   6732   4608 S   0.5   0.1   0:52.07 systemd-udevd
  12567 root      20   0   21892   5484   3884 S   0.5   0.1   0:13.95 systemd-udevd
  12575 root      20   0   21760   4520   2952 S   0.5   0.1   0:28.25 systemd-udevd
  98217 root      20   0  238836   6944   5696 S   0.5   0.1   0:01.51 iio-sensor-prox
 102542 jetson    20   0  723188  41844  13224 S   0.5   0.5   0:01.30 ros2
 199974 root      20   0       0      0      0 I   0.5   0.0   0:01.78 kworker/u12:1-events_unbound
 225822 root      20   0       0      0      0 I   0.5   0.0   0:00.64 kworker/u12:9-events_freezable_power_
 229418 root      20   0       0      0      0 I   0.5   0.0   0:00.35 kworker/u12:10-events_freezable_power_
 233444 root       0 -20       0      0      0 I   0.5   0.0   0:00.45 kworker/u13:2-uvcvideo
      1 root      20   0  167628  11764   7444 S   0.0   0.2   0:17.23 systemd
      2 root      20   0       0      0      0 S   0.0   0.0   0:00.02 kthreadd
      3 root       0 -20       0      0      0 I   0.0   0.0   0:00.00 rcu_gp
      4 root       0 -20       0      0      0 I   0.0   0.0   0:00.00 rcu_par_gp
      5 root       0 -20       0      0      0 I   0.0   0.0   0:00.00 slub_flushwq
      6 root       0 -20       0      0      0 I   0.0   0.0   0:00.00 netns
      8 root       0 -20       0      0      0 I   0.0   0.0   0:00.00 kworker/0:0H-events_highpri
     10 root       0 -20       0      0      0 I   0.0   0.0   0:00.00 mm_percpu_wq
     11 root      20   0       0      0      0 S   0.0   0.0   0:00.00 rcu_tasks_kthre
     12 root      20   0       0      0      0 S   0.0   0.0   0:00.00 rcu_tasks_rude_
     13 root      20   0       0      0      0 S   0.0   0.0   0:00.00 rcu_tasks_trace
     15 root      20   0       0      0      0 I   0.0   0.0   0:04.56 rcu_preempt
     16 root      rt   0       0      0      0 S   0.0   0.0   0:00.01 migration/0
     17 root      20   0       0      0      0 S   0.0   0.0   0:00.00 cpuhp/0
     18 root      20   0       0      0      0 S   0.0   0.0   0:00.00 cpuhp/1
     19 root      rt   0       0      0      0 S   0.0   0.0   0:00.01 migration/1
     20 root      20   0       0      0      0 S   0.0   0.0   0:00.66 ksoftirqd/1
     22 root       0 -20       0      0      0 I   0.0   0.0   0:00.00 kworker/1:0H-events_highpri
     23 root      20   0       0      0      0 S   0.0   0.0   0:00.00 cpuhp/2
     24 root      rt   0       0      0      0 S   0.0   0.0   0:00.00 migration/2
     25 root      20   0       0      0      0 S   0.0   0.0   0:00.68 ksoftirqd/2
     27 root       0 -20       0      0      0 I   0.0   0.0   0:00.00 kworker/2:0H-events_highpri
     28 root      20   0       0      0      0 S   0.0   0.0   0:00.00 cpuhp/3
     29 root      rt   0       0      0      0 S   0.0   0.0   0:00.00 migration/3
     30 root      20   0       0      0      0 S   0.0   0.0   0:00.63 ksoftirqd/3
     32 root       0 -20       0      0      0 I   0.0   0.0   0:00.00 kworker/3:0H-events_highpri
     33 root      20   0       0      0      0 S   0.0   0.0   0:00.00 cpuhp/4
     34 root      rt   0       0      0      0 S   0.0   0.0   0:00.02 migration/4
     35 root      20   0       0      0      0 S   0.0   0.0   0:00.47 ksoftirqd/4
     37 root       0 -20       0      0      0 I   0.0   0.0   0:00.00 kworker/4:0H-kblockd
     38 root      20   0       0      0      0 S   0.0   0.0   0:00.00 cpuhp/5
     39 root      rt   0       0      0      0 S   0.0   0.0   0:00.03 migration/5
     40 root      20   0       0      0      0 S   0.0   0.0   0:00.48 ksoftirqd/5
     42 root       0 -20       0      0      0 I   0.0   0.0   0:00.00 kworker/5:0H-events_highpri
     43 root      20   0       0      0      0 S   0.0   0.0   0:00.01 kdevtmpfs
     44 root       0 -20       0      0      0 I   0.0   0.0   0:00.00 inet_frag_wq
     51 root      20   0       0      0      0 S   0.0   0.0   0:00.00 kauditd
     52 root      20   0       0      0      0 S   0.0   0.0   0:00.00 oom_reaper
     53 root       0 -20       0      0      0 I   0.0   0.0   0:00.00 writeback
     54 root      20   0       0      0      0 S   0.0   0.0   0:00.10 kcompactd0
     55 root      25   5       0      0      0 S   0.0   0.0   0:00.00 ksmd
     56 root      39  19       0      0      0 S   0.0   0.0   0:01.15 khugepaged
     67 root       0 -20       0      0      0 I   0.0   0.0   0:00.00 cryptd
     86 root       0 -20       0      0      0 I   0.0   0.0   0:00.00 kintegrityd
     87 root       0 -20       0      0      0 I   0.0   0.0   0:00.00 kblockd
     88 root       0 -20       0      0      0 I   0.0   0.0   0:00.00 blkcg_punt_bio
     89 root       0 -20       0      0      0 I   0.0   0.0   0:00.00 tpm_dev_wq
     90 root       0 -20       0      0      0 I   0.0   0.0   0:00.00 ata_sff
     91 root       0 -20       0      0      0 I   0.0   0.0   0:00.00 edac-poller
     92 root       0 -20       0      0      0 I   0.0   0.0   0:00.00 devfreq_wq
     93 root     -51   0       0      0      0 S   0.0   0.0   0:00.00 watchdogd
     96 root       0 -20       0      0      0 I   0.0   0.0   0:00.04 kworker/1:1H-kblockd
     97 root       0 -20       0      0      0 I   0.0   0.0   0:00.00 rpciod
     99 root       0 -20       0      0      0 I   0.0   0.0   0:00.00 xprtiod
    127 root      20   0       0      0      0 S   0.0   0.0   0:00.00 kswapd0
    128 root       0 -20       0      0      0 I   0.0   0.0   0:00.00 nfsiod
    132 root       0 -20       0      0      0 I   0.0   0.0   0:00.00 vfio-irqfd-clea
    133 root       0 -20       0      0      0 I   0.0   0.0   0:00.00 bch_btree_io
    134 root       0 -20       0      0      0 I   0.0   0.0   0:00.00 bcache
    135 root       0 -20       0      0      0 I   0.0   0.0   0:00.00 bch_journal
    136 root       0 -20       0      0      0 I   0.0   0.0   0:00.00 dm_bufio_cache
    137 root      20   0       0      0      0 I   0.0   0.0   0:01.27 kworker/1:2-events
    139 root      20   0       0      0      0 I   0.0   0.0   0:00.75 kworker/2:3-events
    140 root      10 -10       0      0      0 S   0.0   0.0   0:00.00 krfcommd
    141 root      20   0       0      0      0 S   0.0   0.0   0:00.01 pr/tty0
    142 root      20   0       0      0      0 S   0.0   0.0   0:03.04 pr/ttyTCU0
    145 root     -51   0       0      0      0 S   0.0   0.0   0:00.00 irq/114-3160000
    147 root     -51   0       0      0      0 S   0.0   0.0   0:00.00 irq/115-3180000
    149 root     -51   0       0      0      0 S   0.0   0.0   0:00.00 irq/116-31b0000
    150 root     -51   0       0      0      0 S   0.0   0.0   0:00.02 irq/167-c240000
    151 root     -51   0       0      0      0 S   0.0   0.0   0:00.00 irq/168-c250000
    152 root     -51   0       0      0      0 S   0.0   0.0   0:00.00 irq/125-3610000
    153 root     -51   0       0      0      0 S   0.0   0.0   0:00.00 irq/122-3610000
    155 root       0 -20       0      0      0 I   0.0   0.0   0:00.00 sdhci
    156 root     -51   0       0      0      0 S   0.0   0.0   0:00.00 irq/120-mmc0
    157 root     -51   0       0      0      0 S   0.0   0.0   0:00.00 irq/230-3400000
    174 root       0 -20       0      0      0 I   0.0   0.0   0:00.05 kworker/3:1H-kblockd
    180 root     -51   0       0      0      0 S   0.0   0.0   0:00.00 irq/191-tegra-p
    181 root       0 -20       0      0      0 I   0.0   0.0   0:00.00 nvme-wq
    182 root       0 -20       0      0      0 I   0.0   0.0   0:00.00 nvme-reset-wq
    183 root       0 -20       0      0      0 I   0.0   0.0   0:00.00 nvme-delete-wq
    192 root     -51   0       0      0      0 S   0.0   0.0   0:00.00 irq/191-aerdrv
    193 root     -51   0       0      0      0 S   0.0   0.0   0:00.00 irq/193-tegra-p
    196 root     -51   0       0      0      0 S   0.0   0.0   0:00.00 irq/193-aerdrv
    197 root     -51   0       0      0      0 S   0.0   0.0   0:00.00 irq/195-tegra-p
    199 root     -51   0       0      0      0 S   0.0   0.0   0:00.00 irq/232-nvme0q0
    200 root     -51   0       0      0      0 S   0.0   0.0   0:00.22 irq/233-nvme0q1
    201 root     -51   0       0      0      0 S   0.0   0.0   0:00.27 irq/234-nvme0q2
    202 root     -51   0       0      0      0 S   0.0   0.0   0:00.40 irq/235-nvme0q3
    203 root     -51   0       0      0      0 S   0.0   0.0   0:00.52 irq/236-nvme0q4
    204 root     -51   0       0      0      0 S   0.0   0.0   0:00.13 irq/237-nvme0q5
    205 root     -51   0       0      0      0 S   0.0   0.0   0:00.09 irq/238-nvme0q6
    211 root       0 -20       0      0      0 I   0.0   0.0   0:00.05 kworker/4:1H-kblockd
    212 root      20   0       0      0      0 S   0.0   0.0   0:00.74 jbd2/nvme0n1p1-
    213 root       0 -20       0      0      0 I   0.0   0.0   0:00.00 ext4-rsv-conver
    222 root       0 -20       0      0      0 I   0.0   0.0   0:00.00 mld
    223 root       0 -20       0      0      0 I   0.0   0.0   0:00.03 kworker/0:1H-kblockd
    224 root       0 -20       0      0      0 I   0.0   0.0   0:00.00 ipv6_addrconf
    256 root      19  -1   40648  11528   9920 S   0.0   0.1   0:14.95 systemd-journal
    278 root       0 -20       0      0      0 I   0.0   0.0   0:00.06 kworker/2:1H-kblockd
    280 root      39  19       0      0      0 S   0.0   0.0   0:00.40 nvmap-bz
    281 root     -51   0       0      0      0 S   0.0   0.0   0:00.00 irq/188-host1x_
    285 root     -51   0       0      0      0 S   0.0   0.0   0:00.00 irq/197-gk20a_s
    286 root     -51   0       0      0      0 S   0.0   0.0   0:00.01 irq/198-gk20a_s
    287 root     -51   0       0      0      0 S   0.0   0.0   0:00.01 irq/199-gk20a_s
    288 root     -51   0       0      0      0 S   0.0   0.0   0:00.00 irq/200-gk20a_n
    291 root       0 -20       0      0      0 I   0.0   0.0   0:00.04 kworker/5:1H-kblockd
    295 root      20   0   11116   3460   3204 S   0.0   0.0   0:00.00 nv-tee-supplica
    299 root      20   0   76588   1360   1248 S   0.0   0.0   0:00.01 tee-supplicant
    301 root       0 -20       0      0      0 I   0.0   0.0   0:00.00 optee_bus_scan
    303 root     -51   0       0      0      0 S   0.0   0.0   0:00.00 irq/189-tegra-p
    312 root      20   0   23732   6316   4080 S   0.0   0.1   0:15.43 systemd-udevd
    313 root     -51   0       0      0      0 S   0.0   0.0   0:00.00 irq/189-aerdrv
    314 root      20   0   23216   5804   3992 S   0.0   0.1   0:00.37 systemd-udevd
    315 root      20   0   23216   5020   3248 S   0.0   0.1   0:00.15 systemd-udevd
    316 root      20   0   23268   6224   4288 S   0.0   0.1   0:00.16 systemd-udevd
    317 root      20   0   23220   4364   2600 S   0.0   0.1   0:00.11 systemd-udevd
    318 root      20   0   23216   4480   2672 S   0.0   0.1   0:00.12 systemd-udevd
    319 root      20   0   23212   5812   3980 S   0.0   0.1   0:00.28 systemd-udevd
    320 root      20   0   23264   4688   2764 S   0.0   0.1   0:00.13 systemd-udevd
    321 root      20   0   23268   5072   3136 S   0.0   0.1   0:00.18 systemd-udevd
    322 root      20   0   23524   5520   3456 S   0.0   0.1   0:00.26 systemd-udevd
    323 root      20   0   23216   6268   4444 S   0.0   0.1   0:00.35 systemd-udevd
    324 root      20   0   23220   5196   3388 S   0.0   0.1   0:00.16 systemd-udevd
    325 root      20   0   23220   5808   3976 S   0.0   0.1   0:00.35 systemd-udevd
    326 root      20   0   23220   5232   3388 S   0.0   0.1   0:00.38 systemd-udevd
    327 root      20   0   23220   5468   3656 S   0.0   0.1   0:00.18 systemd-udevd
    330 root      20   0   23512   5728   3684 S   0.0   0.1   0:00.14 systemd-udevd
    331 root      20   0   24292   5540   2676 S   0.0   0.1   0:00.16 systemd-udevd
    333 root      20   0   23524   5596   3532 S   0.0   0.1   0:00.26 systemd-udevd
    334 root      20   0   23220   5080   3240 S   0.0   0.1   0:00.24 systemd-udevd
    335 root      20   0   23220   4504   2708 S   0.0   0.1   0:00.11 systemd-udevd
    336 root      20   0   23220   4696   2892 S   0.0   0.1   0:00.14 systemd-udevd
    337 root      20   0   23524   5056   2992 S   0.0   0.1   0:00.16 systemd-udevd
    339 root      20   0   23220   4980   3148 S   0.0   0.1   0:00.17 systemd-udevd
    341 root      20   0   23276   5328   3384 S   0.0   0.1   0:00.13 systemd-udevd
    342 root      20   0   23280   5176   3228 S   0.0   0.1   0:00.13 systemd-udevd
    343 root      20   0   23220   5984   4152 S   0.0   0.1   0:00.29 systemd-udevd
    344 root      20   0   23560   6700   4596 S   0.0   0.1   0:00.46 systemd-udevd
    345 root      20   0       0      0      0 S   0.0   0.0   0:00.00 15820000.crypto
    346 root      20   0       0      0      0 S   0.0   0.0   0:00.00 15840000.crypto
    368 root      20   0   23324   5984   4116 S   0.0   0.1   0:00.38 systemd-udevd
    417 root     -51   0       0      0      0 S   0.0   0.0   0:00.00 irq/219-bc00000
    419 root      -2   0       0      0      0 S   0.0   0.0   0:00.00 capture-control
    420 root      -2   0       0      0      0 S   0.0   0.0   0:00.00 capture
    422 root     -51   0       0      0      0 S   0.0   0.0   0:00.00 irq/214-tegra_d
    423 root     -51   0       0      0      0 S   0.0   0.0   0:00.00 irq/215-tegra_d
    424 root       0 -20       0      0      0 I   0.0   0.0   0:00.00 dce-async-ipc-w
    425 root     -51   0       0      0      0 S   0.0   0.0   0:00.00 irq/240-nvvrs-p
    427 root      20   0       0      0      0 S   0.0   0.0   0:00.00 nv_queue
    428 root      20   0       0      0      0 S   0.0   0.0   0:00.00 nv_queue
    483 root     -51   0       0      0      0 S   0.0   0.0   0:00.00 irq/118-3210000
    487 root      20   0       0      0      0 S   0.0   0.0   0:00.00 spi0
    495 root       0 -20       0      0      0 I   0.0   0.0   0:00.00 cfg80211
    497 root     -51   0       0      0      0 S   0.0   0.0   0:00.00 irq/119-3230000
    498 root      20   0       0      0      0 S   0.0   0.0   0:00.00 spi1
    584 root       0 -20       0      0      0 I   0.0   0.0   0:00.00 btfwwork
    650 root      20   0    8236   6424   1432 S   0.0   0.1   0:00.53 haveged
    653 _rpc      20   0    7932   2264   1912 S   0.0   0.0   0:00.02 rpcbind
    659 systemd+  20   0   26320  13580   8496 S   0.0   0.2   0:00.36 systemd-resolve
    662 systemd+  20   0   88880   6332   5484 S   0.0   0.1   0:00.12 systemd-timesyn
    826 avahi     20   0    8084   3108   2752 S   0.0   0.0   0:00.42 avahi-daemon
    827 root      20   0    9888   4552   4112 S   0.0   0.1   0:00.07 bluetoothd
    828 message+  20   0   10372   5572   3584 S   0.0   0.1   0:22.68 dbus-daemon
    829 root      20   0  264656  18684  14872 S   0.0   0.2   0:20.90 NetworkManager
    838 root      20   0   43504  19780  10232 S   0.0   0.3   0:00.15 networkd-dispat
    849 root      20   0  241652   9056   6312 S   0.0   0.1   0:00.34 power-profiles-
    854 syslog    20   0  222160   5012   3672 S   0.0   0.1   0:02.93 rsyslogd
    859 root      20   0    2240    796    720 S   0.0   0.0   0:00.00 seatd
    865 root      20   0 2145956  51744  25768 S   0.0   0.7   0:22.70 snapd
    867 root      20   0  242124   7452   6576 S   0.0   0.1   0:01.19 accounts-daemon
    869 root      20   0  238128   6232   5620 S   0.0   0.1   0:00.04 switcheroo-cont
    871 root      20   0   48968   7620   6296 S   0.0   0.1   0:02.02 systemd-logind
    874 root      20   0  394188  13980   9476 S   0.0   0.2   0:00.52 udisksd
    875 root      20   0   16632   9928   8148 S   0.0   0.1   0:00.78 wpa_supplicant
    882 avahi     20   0    7812    356      0 S   0.0   0.0   0:00.00 avahi-daemon
    921 root      30  10   11248   3612   3220 S   0.0   0.0   0:04.81 wifi_mon.sh
    969 root      20   0  237044  10204   6400 S   0.0   0.1   1:39.29 polkitd
    983 root      20   0    2460   1556   1380 S   0.0   0.0   0:04.62 nvfancontrol
   1049 root      20   0       0      0      0 S   0.0   0.0   0:00.00 sw-quiesce
   1052 root      20   0       0      0      0 S   0.0   0.0   0:11.41 nvgpu_channel_p
   1068 root      20   0       0      0      0 S   0.0   0.0   0:00.00 nvgpu_pg_init_g
   1087 root      20   0       0      0      0 S   0.0   0.0   0:00.00 nvgpu_clk_arb_p
   1117 root      20   0       0      0      0 S   0.0   0.0   0:04.39 RTW_CMD_THREAD
   1157 root      20   0   75936   9960   8136 S   0.0   0.1   0:00.01 nvargus-daemon
   1158 root      20   0   11116   3520   3220 S   0.0   0.0   0:00.04 nvmemwarning.sh
   1171 root      20   0   22192   1776   1580 S   0.0   0.0   0:00.00 nvs-service
   1181 ollama    20   0 2006720  39588  20072 S   0.0   0.5   0:00.64 ollama
   1195 root      20   0    2336   1408   1292 S   0.0   0.0   0:01.96 run-cups-browse
   1201 root      20   0    2336   1424   1296 S   0.0   0.0   0:02.02 run-cupsd
   1204 root      20   0       0      0      0 S   0.0   0.0   0:00.00 pr/ramoops-1
   1212 root      20   0 2019288  66636  33572 S   0.0   0.9   0:13.46 containerd
   1239 root      20   0   10772   2824   2576 S   0.0   0.0   0:00.03 cron
   1259 root      20   0  243128   8056   7012 S   0.0   0.1   0:00.02 gdm3
   1263 kernoops  20   0   12812    452      0 S   0.0   0.0   0:00.01 kerneloops
   1290 root      20   0    9468    800    724 S   0.0   0.0   0:00.00 agetty
   1291 kernoops  20   0   12812    452      0 S   0.0   0.0   0:00.01 kerneloops
   1293 root      20   0    9468    804    724 S   0.0   0.0   0:00.00 agetty
   1330 root      20   0  173408   8804   7628 S   0.0   0.1   0:00.02 gdm-session-wor
   1417 root      20   0       0      0      0 S   0.0   0.0   0:00.00 file-storage
   1426 root      20   0   15272   8368   6788 S   0.0   0.1   0:00.39 sshd
   1474 gdm       20   0   18120   9728   7360 S   0.0   0.1   0:00.41 systemd
   1478 root      20   0    3076    992    880 S   0.0   0.0   0:00.00 nvphsd
   1483 root      20   0    3208   1476   1316 S   0.0   0.0   0:00.00 nvphsd
   1497 gdm       20   0  106692   4552      0 S   0.0   0.1   0:00.00 (sd-pam)
   1588 root      20   0 2278700 101092  56496 S   0.0   1.3   0:04.35 dockerd
   1688 gdm        9 -11   41972   6468   5156 S   0.0   0.1   0:00.05 pipewire
   1689 gdm       20   0   25476   6428   5104 S   0.0   0.1   0:00.83 pipewire-media-
   1690 gdm        9 -11  891840  20748  12584 S   0.0   0.3   0:00.71 pulseaudio
   1695 gdm       20   0  163948   5472   4964 S   0.0   0.1   0:00.00 gdm-x-session
   1697 root      20   0   24.2g  80496  35884 S   0.0   1.0   0:01.46 Xorg
   1698 rtkit     21   1  153504   1588   1380 S   0.0   0.0   0:00.19 rtkit-daemon
   1729 gdm       20   0    8840   3600   3212 S   0.0   0.0   0:00.02 dbus-daemon
   1748 root      20   0       0      0      0 S   0.0   0.0   0:00.00 nvidia-modeset/
   1749 root      20   0       0      0      0 S   0.0   0.0   0:00.00 nvidia-modeset/
   1752 root      20   0       0      0      0 S   0.0   0.0   0:00.00 nvidia
   1753 root      20   0       0      0      0 S   0.0   0.0   0:00.00 nv_queue
   1790 root      20   0       0      0      0 S   0.0   0.0   0:00.00 nvidia-drm-nv-t
   1791 root     -51   0       0      0      0 S   0.0   0.0   0:00.00 card1-crtc0
   1792 root     -51   0       0      0      0 S   0.0   0.0   0:00.00 card1-crtc1
   1980 gdm       20   0    5876   1552   1344 S   0.0   0.0   0:00.00 dbus-run-sessio
   1983 gdm       20   0    9108   4440   3588 S   0.0   0.1   0:00.13 dbus-daemon
   2035 gdm       20   0  597840  17824  12972 S   0.0   0.2   0:00.61 gnome-session-b
   2057 gdm       20   0  310068   8976   6272 S   0.0   0.1   0:00.00 at-spi-bus-laun
   2062 gdm       20   0    8692   3556   3168 S   0.0   0.0   0:00.00 dbus-daemon
   2071 gdm       20   0 3471500 137208  73260 S   0.0   1.8   0:26.77 gnome-shell
   2092 gdm       20   0  237676   4964   4528 S   0.0   0.1   0:00.00 xdg-permission-
   2099 root      20   0  243852  10136   6984 S   0.0   0.1   0:00.29 upowerd
   2106 root      20   0  301608  19332  16408 S   0.0   0.2   0:00.87 packagekitd
   2110 gdm       20   0 2812288  25716  20860 S   0.0   0.3   0:00.08 gjs
   2113 gdm       20   0  163144   7196   6428 S   0.0   0.1   0:00.01 at-spi2-registr
   2141 gdm       20   0  468748   9856   7940 S   0.0   0.1   0:01.08 gsd-sharing
   2146 gdm       20   0  338880  14892  12620 S   0.0   0.2   0:00.06 gsd-wacom
   2148 gdm       20   0  451616  18896  16480 S   0.0   0.2   0:00.15 gsd-color
   2150 gdm       20   0  412392  17092  13292 S   0.0   0.2   0:00.04 gsd-keyboard
   2152 gdm       20   0  316864  13188   6244 S   0.0   0.2   0:00.10 ibus-daemon
   2156 gdm       20   0  326124   9848   8488 S   0.0   0.1   0:00.02 gsd-print-notif
   2166 gdm       20   0  242216   6512   5848 S   0.0   0.1   0:00.01 gvfsd
   2168 gdm       20   0  459796   6140   5436 S   0.0   0.1   0:00.32 gsd-rfkill
   2170 gdm       20   0  388312   7432   6528 S   0.0   0.1   0:00.01 gsd-smartcard
   2173 gdm       20   0  380556  16508  12504 S   0.0   0.2   0:00.03 gsd-datetime
   2183 gdm       20   0  864216  20108  17428 S   0.0   0.3   0:00.32 gsd-media-keys
   2184 gdm       20   0  237936   4760   4376 S   0.0   0.1   0:00.01 gsd-screensaver
   2185 gdm       20   0  322096  10392   7320 S   0.0   0.1   0:00.02 gsd-sound
   2186 gdm       20   0  312416   8104   5476 S   0.0   0.1   0:00.01 gsd-a11y-settin
   2193 gdm       20   0  313996   8944   6152 S   0.0   0.1   0:00.56 gsd-housekeepin
   2195 gdm       20   0  450004  20288  15904 S   0.0   0.3   0:00.31 gsd-power
   2218 gdm       20   0  347052  12608  10748 S   0.0   0.2   0:00.03 gsd-printer
   2221 gdm       20   0  239040   6576   5948 S   0.0   0.1   0:00.00 ibus-dconf
   2233 gdm       20   0  238936   5920   5488 S   0.0   0.1   0:00.00 ibus-portal
   2263 colord    20   0  247516  14492   8720 S   0.0   0.2   0:00.22 colord
   2285 gdm       20   0 2812300  27868  20904 S   0.0   0.4   0:00.09 gjs
   2349 gdm       20   0  165096   6516   5892 S   0.0   0.1   0:00.01 ibus-engine-sim
   2508 root      20   0  136716  13172   9512 S   0.0   0.2   0:00.57 cupsd
   2522 root      20   0  260792  17940  13508 S   0.0   0.2   0:01.10 cups-browsed
  11687 jetson    20   0   18140   9764   7368 S   0.0   0.1   0:00.32 systemd
  11688 jetson    20   0  172512   4632      0 S   0.0   0.1   0:00.00 (sd-pam)
  11696 jetson    20   0   41976   6552   5228 S   0.0   0.1   0:00.04 pipewire
  11697 jetson    20   0   25484   6724   5388 S   0.0   0.1   0:00.88 pipewire-media-
  11749 jetson    20   0    8888   3620   3232 S   0.0   0.0   0:00.01 dbus-daemon
  11931 jetson    20   0  706564  62076  26432 S   0.0   0.8   1:05.64 python3
  12473 root      20   0 1233488  14060   6340 S   0.0   0.2   0:01.66 containerd-shim
  12502 jetson    20   0    5508    792    704 S   0.0   0.0   0:00.20 sleep
  13234 jetson    20   0  203640  35476  13212 S   0.0   0.5   0:00.75 ros2
  13236 jetson    20   0 1996680  34168  17228 S   0.0   0.4   0:00.47 docker
  13238 jetson    20   0  428384  31060  15828 S   0.0   0.4   1:07.63 robot_state_pub
  13265 root      20   0 1232976  11124   5960 S   0.0   0.1   0:01.17 containerd-shim
  13294 root      20   0   49400  29204  14412 S   0.0   0.4   0:00.40 ros2
  13554 root      20   0   21760   4448   2932 S   0.0   0.1   0:00.02 systemd-udevd
  13555 root      20   0   21760   3352   1860 S   0.0   0.0   0:00.00 systemd-udevd
  13568 root      20   0   21760   3376   1864 S   0.0   0.0   0:00.02 systemd-udevd
  13569 root      20   0   21760   4128   2588 S   0.0   0.1   0:00.04 systemd-udevd
  13570 root      20   0   21764   4488   2960 S   0.0   0.1   0:00.04 systemd-udevd
  13571 root      20   0   21764   4104   2588 S   0.0   0.1   0:00.03 systemd-udevd
  13580 root      20   0   21764   4136   2588 S   0.0   0.1   0:00.03 systemd-udevd
  13581 root      20   0   21764   3708   2180 S   0.0   0.0   0:00.00 systemd-udevd
  13582 root      20   0   21764   4252   2704 S   0.0   0.1   0:00.05 systemd-udevd
  13594 root      20   0   21764   3408   1864 S   0.0   0.0   0:00.01 systemd-udevd
  13595 root      20   0   21764   3652   2120 S   0.0   0.0   0:00.02 systemd-udevd
  31399 root      20   0       0      0      0 I   0.0   0.0   0:14.51 kworker/u12:8-events_unbound
  33484 root      20   0       0      0      0 I   0.0   0.0   0:09.51 kworker/u12:0-events_unbound
  34263 root      20   0       0      0      0 I   0.0   0.0   0:11.49 kworker/u12:2-events_unbound
  42253 root      20   0       0      0      0 I   0.0   0.0   0:10.82 kworker/u12:3-events_freezable_power_
  49116 root      20   0       0      0      0 I   0.0   0.0   0:00.62 kworker/0:0-events
  51824 root      20   0       0      0      0 I   0.0   0.0   0:01.27 kworker/5:1-events
  59272 root      20   0       0      0      0 I   0.0   0.0   0:01.09 kworker/3:3-mm_percpu_wq
  85708 root      20   0       0      0      0 I   0.0   0.0   0:00.34 kworker/4:1-mm_percpu_wq
  90870 root      20   0       0      0      0 I   0.0   0.0   0:08.14 kworker/u12:11-events_unbound
  95815 root      20   0       0      0      0 I   0.0   0.0   0:00.00 kworker/0:2-events
  96157 root      20   0       0      0      0 I   0.0   0.0   0:00.00 kworker/4:2-events
  97402 root      20   0       0      0      0 I   0.0   0.0   0:06.19 kworker/u12:5-events_freezable_power_
  98042 jetson    20   0  572504  36008  13228 S   0.0   0.5   0:01.78 ros2
  98052 jetson    20   0 1082804  58392  26368 S   0.0   0.7   0:39.07 foxglove_bridge
  98155 root      20   0       0      0      0 I   0.0   0.0   0:00.00 kworker/2:1-events
  98455 jetson    20   0  129772  36116  13228 S   0.0   0.5   0:00.71 ros2
 100055 root      20   0       0      0      0 I   0.0   0.0   0:00.00 kworker/5:2-cgroup_destroy
 100141 root      20   0       0      0      0 I   0.0   0.0   0:06.84 kworker/u12:6-events_unbound
 100706 jetson    20   0   53568  30372  15020 S   0.0   0.4   0:00.43 ros2
 149635 root      20   0       0      0      0 I   0.0   0.0   0:00.00 kworker/3:0-events
 174364 root      20   0       0      0      0 I   0.0   0.0   0:02.42 kworker/u12:4-events_unbound
 192628 root       0 -20       0      0      0 I   0.0   0.0   0:04.51 kworker/u13:1-uvcvideo
 205195 root       0 -20       0      0      0 I   0.0   0.0   0:03.55 kworker/u13:0-uvcvideo
 211464 root      20   0       0      0      0 I   0.0   0.0   0:01.30 kworker/u12:7-events_freezable_power_
 219316 root       0 -20       0      0      0 I   0.0   0.0   0:01.74 kworker/u13:3-uvcvideo
 223411 root      20   0       0      0      0 I   0.0   0.0   0:00.00 kworker/1:0-cgroup_destroy
 233042 root      20   0    9436    768    688 S   0.0   0.0   0:00.00 sleep
 234184 root      20   0       0      0      0 I   0.0   0.0   0:00.00 kworker/0:1-events
 234228 root      20   0       0      0      0 I   0.0   0.0   0:00.00 kworker/3:1
 234272 root      20   0       0      0      0 I   0.0   0.0   0:00.00 kworker/2:0-events
 234404 root      20   0       0      0      0 I   0.0   0.0   0:00.03 kworker/5:0-events
 235691 root      20   0       0      0      0 I   0.0   0.0   0:00.00 kworker/1:1-events
 236264 jetson    20   0   11248   3292   2852 S   0.0   0.0   0:00.03 bash
 238391 jetson    20   0   11248   3300   2864 S   0.0   0.0   0:00.01 bash
 238443 jetson    20   0    2872    896    800 S   0.0   0.0   0:00.07 tegrastats
 238637 jetson    20   0    9480    820    736 S   0.0   0.0   0:00.00 tail
 239729 root      30  10   11248   1712   1320 S   0.0   0.0   0:00.00 wifi_mon.sh
 239730 root      30  10   11248   1776   1384 S   0.0   0.0   0:00.00 wifi_mon.sh
 239731 root      30  10    9444    776    696 S   0.0   0.0   0:00.00 timeout
 239732 root      30  10    2768   1084    960 S   0.0   0.0   0:00.00 iw

top - 13:14:40 up  3:37,  0 users,  load average: 9.06, 6.65, 4.93
Tasks: 352 total,   7 running, 345 sleeping,   0 stopped,   0 zombie
%Cpu(s): 42.4 us, 13.1 sy,  0.0 ni, 40.1 id,  0.0 wa,  2.4 hi,  2.0 si,  0.0 st
MiB Mem :   7607.4 total,   2802.1 free,   2026.5 used,   2778.8 buff/cache
MiB Swap:   3803.7 total,   3803.7 free,      0.0 used.   5283.0 avail Mem 

    PID USER      PR  NI    VIRT    RES    SHR S  %CPU  %MEM     TIME+ COMMAND
 238636 jetson    20   0  752532  72572  29576 R  40.6   0.9   0:14.03 python3
  98338 jetson    20   0  709016  64620  27260 R  35.6   0.8  28:18.58 python3
 102583 jetson    20   0  963132  48120  23528 S  30.7   0.6   7:12.68 controller_serv
 238441 jetson    20   0  763896  56388  25416 S  21.3   0.7   0:08.77 ros2
 100721 jetson    20   0 9355252 432928  88856 S  18.3   5.6  12:30.49 nvblox_node
    969 root      20   0  237044  10204   6400 S  14.9   0.1   1:39.59 polkitd
  98048 jetson    20   0  432960  28196  14244 S  14.4   0.4  12:39.48 rplidar_node
  98457 jetson    20   0 1061924  55560  24360 S  14.4   0.7   2:18.20 async_slam_tool
 102592 jetson    20   0  531020  48340  26220 R  14.4   0.6   6:08.23 bt_navigator
  98046 jetson    20   0  711536  66920  27240 S  13.4   0.9  12:13.92 python3
  98044 jetson    20   0 1813648 105696  51328 S  12.9   1.4  10:20.01 realsense2_came
 102641 jetson    20   0  577392  31872  16252 S  10.9   0.4   7:44.66 lifecycle_manag
  98340 jetson    20   0  506224  33968  18400 S  10.4   0.4   8:28.81 ekf_node
 102587 jetson    20   0 1210040  97164  42692 S   9.9   1.2   6:52.01 planner_server
  98050 jetson    20   0  708072  65988  27372 R   8.9   0.8   6:08.66 python3
 102581 jetson    20   0  709536  62208  27352 S   8.9   0.8   2:50.16 python3
 102589 jetson    20   0  516304  37492  21032 R   6.9   0.5   4:58.19 behavior_server
 102585 jetson    20   0  664660  35184  19412 S   6.4   0.5   4:10.29 smoother_server
 102637 jetson    20   0  428576  29080  15960 S   5.9   0.4   3:23.15 velocity_smooth
 102619 jetson    20   0  431272  31524  17020 R   5.4   0.4   3:22.51 waypoint_follow
  13320 root      20   0 1300240  43896  11392 S   5.0   0.6  14:23.92 micro_ros_agent
    828 message+  20   0   10372   5572   3584 S   3.0   0.1   0:22.74 dbus-daemon
    829 root      20   0  264656  18684  14872 S   2.5   0.2   0:20.95 NetworkManager
      1 root      20   0  167628  11764   7444 S   1.5   0.2   0:17.26 systemd
   2071 gdm       20   0 3471500 137208  73260 S   1.5   1.8   0:26.80 gnome-shell
 100141 root      20   0       0      0      0 I   1.5   0.0   0:06.87 kworker/u12:6-events_freezable_power_
    904 root      rt   0       0      0      0 S   1.0   0.0   0:50.59 sugov:0
    909 root      rt   0       0      0      0 S   1.0   0.0   0:24.05 sugov:4
 192628 root       0 -20       0      0      0 I   1.0   0.0   0:04.53 kworker/u13:1-uvcvideo
 238442 jetson    20   0   14344   3352   2756 R   1.0   0.0   0:00.36 top
    200 root     -51   0       0      0      0 S   0.5   0.0   0:00.23 irq/233-nvme0q1
    202 root     -51   0       0      0      0 S   0.5   0.0   0:00.41 irq/235-nvme0q3
    256 root      19  -1   40648  11528   9920 S   0.5   0.1   0:14.96 systemd-journal
    874 root      20   0  394188  13980   9476 S   0.5   0.2   0:00.53 udisksd
   1426 root      20   0   15272   8368   6788 S   0.5   0.1   0:00.40 sshd
   2141 gdm       20   0  468748   9856   7940 S   0.5   0.1   0:01.09 gsd-sharing
  13238 jetson    20   0  428384  31060  15828 S   0.5   0.4   1:07.64 robot_state_pub
 199974 root      20   0       0      0      0 I   0.5   0.0   0:01.79 kworker/u12:1-events_unbound
 229418 root      20   0       0      0      0 I   0.5   0.0   0:00.36 kworker/u12:10-events_freezable_power_
 238443 jetson    20   0    2872    896    800 S   0.5   0.0   0:00.08 tegrastats
      2 root      20   0       0      0      0 S   0.0   0.0   0:00.02 kthreadd
      3 root       0 -20       0      0      0 I   0.0   0.0   0:00.00 rcu_gp
      4 root       0 -20       0      0      0 I   0.0   0.0   0:00.00 rcu_par_gp
      5 root       0 -20       0      0      0 I   0.0   0.0   0:00.00 slub_flushwq
      6 root       0 -20       0      0      0 I   0.0   0.0   0:00.00 netns
      8 root       0 -20       0      0      0 I   0.0   0.0   0:00.00 kworker/0:0H-events_highpri
     10 root       0 -20       0      0      0 I   0.0   0.0   0:00.00 mm_percpu_wq
     11 root      20   0       0      0      0 S   0.0   0.0   0:00.00 rcu_tasks_kthre
     12 root      20   0       0      0      0 S   0.0   0.0   0:00.00 rcu_tasks_rude_
     13 root      20   0       0      0      0 S   0.0   0.0   0:00.00 rcu_tasks_trace
     14 root      20   0       0      0      0 S   0.0   0.0   0:10.93 ksoftirqd/0
     15 root      20   0       0      0      0 I   0.0   0.0   0:04.56 rcu_preempt
     16 root      rt   0       0      0      0 S   0.0   0.0   0:00.01 migration/0
     17 root      20   0       0      0      0 S   0.0   0.0   0:00.00 cpuhp/0
     18 root      20   0       0      0      0 S   0.0   0.0   0:00.00 cpuhp/1
     19 root      rt   0       0      0      0 S   0.0   0.0   0:00.01 migration/1
     20 root      20   0       0      0      0 S   0.0   0.0   0:00.66 ksoftirqd/1
     22 root       0 -20       0      0      0 I   0.0   0.0   0:00.00 kworker/1:0H-events_highpri
     23 root      20   0       0      0      0 S   0.0   0.0   0:00.00 cpuhp/2
     24 root      rt   0       0      0      0 S   0.0   0.0   0:00.00 migration/2
     25 root      20   0       0      0      0 S   0.0   0.0   0:00.68 ksoftirqd/2
     27 root       0 -20       0      0      0 I   0.0   0.0   0:00.00 kworker/2:0H-events_highpri
     28 root      20   0       0      0      0 S   0.0   0.0   0:00.00 cpuhp/3
     29 root      rt   0       0      0      0 S   0.0   0.0   0:00.00 migration/3
     30 root      20   0       0      0      0 S   0.0   0.0   0:00.63 ksoftirqd/3
     32 root       0 -20       0      0      0 I   0.0   0.0   0:00.00 kworker/3:0H-events_highpri
     33 root      20   0       0      0      0 S   0.0   0.0   0:00.00 cpuhp/4
     34 root      rt   0       0      0      0 S   0.0   0.0   0:00.02 migration/4
     35 root      20   0       0      0      0 S   0.0   0.0   0:00.47 ksoftirqd/4
     37 root       0 -20       0      0      0 I   0.0   0.0   0:00.00 kworker/4:0H-kblockd
     38 root      20   0       0      0      0 S   0.0   0.0   0:00.00 cpuhp/5
     39 root      rt   0       0      0      0 S   0.0   0.0   0:00.03 migration/5
     40 root      20   0       0      0      0 S   0.0   0.0   0:00.48 ksoftirqd/5
     42 root       0 -20       0      0      0 I   0.0   0.0   0:00.00 kworker/5:0H-events_highpri
     43 root      20   0       0      0      0 S   0.0   0.0   0:00.01 kdevtmpfs
     44 root       0 -20       0      0      0 I   0.0   0.0   0:00.00 inet_frag_wq
     51 root      20   0       0      0      0 S   0.0   0.0   0:00.00 kauditd
     52 root      20   0       0      0      0 S   0.0   0.0   0:00.00 oom_reaper
     53 root       0 -20       0      0      0 I   0.0   0.0   0:00.00 writeback
     54 root      20   0       0      0      0 S   0.0   0.0   0:00.10 kcompactd0
     55 root      25   5       0      0      0 S   0.0   0.0   0:00.00 ksmd
     56 root      39  19       0      0      0 S   0.0   0.0   0:01.15 khugepaged
     67 root       0 -20       0      0      0 I   0.0   0.0   0:00.00 cryptd
     86 root       0 -20       0      0      0 I   0.0   0.0   0:00.00 kintegrityd
     87 root       0 -20       0      0      0 I   0.0   0.0   0:00.00 kblockd
     88 root       0 -20       0      0      0 I   0.0   0.0   0:00.00 blkcg_punt_bio
     89 root       0 -20       0      0      0 I   0.0   0.0   0:00.00 tpm_dev_wq
     90 root       0 -20       0      0      0 I   0.0   0.0   0:00.00 ata_sff
     91 root       0 -20       0      0      0 I   0.0   0.0   0:00.00 edac-poller
     92 root       0 -20       0      0      0 I   0.0   0.0   0:00.00 devfreq_wq
     93 root     -51   0       0      0      0 S   0.0   0.0   0:00.00 watchdogd
     96 root       0 -20       0      0      0 I   0.0   0.0   0:00.04 kworker/1:1H-kblockd
     97 root       0 -20       0      0      0 I   0.0   0.0   0:00.00 rpciod
     99 root       0 -20       0      0      0 I   0.0   0.0   0:00.00 xprtiod
    127 root      20   0       0      0      0 S   0.0   0.0   0:00.00 kswapd0
    128 root       0 -20       0      0      0 I   0.0   0.0   0:00.00 nfsiod
    132 root       0 -20       0      0      0 I   0.0   0.0   0:00.00 vfio-irqfd-clea
    133 root       0 -20       0      0      0 I   0.0   0.0   0:00.00 bch_btree_io
    134 root       0 -20       0      0      0 I   0.0   0.0   0:00.00 bcache
    135 root       0 -20       0      0      0 I   0.0   0.0   0:00.00 bch_journal
    136 root       0 -20       0      0      0 I   0.0   0.0   0:00.00 dm_bufio_cache
    137 root      20   0       0      0      0 I   0.0   0.0   0:01.27 kworker/1:2-mm_percpu_wq
    139 root      20   0       0      0      0 I   0.0   0.0   0:00.75 kworker/2:3-mm_percpu_wq
    140 root      10 -10       0      0      0 S   0.0   0.0   0:00.00 krfcommd
    141 root      20   0       0      0      0 S   0.0   0.0   0:00.01 pr/tty0
    142 root      20   0       0      0      0 S   0.0   0.0   0:03.04 pr/ttyTCU0
    145 root     -51   0       0      0      0 S   0.0   0.0   0:00.00 irq/114-3160000
    147 root     -51   0       0      0      0 S   0.0   0.0   0:00.00 irq/115-3180000
    149 root     -51   0       0      0      0 S   0.0   0.0   0:00.00 irq/116-31b0000
    150 root     -51   0       0      0      0 S   0.0   0.0   0:00.02 irq/167-c240000
    151 root     -51   0       0      0      0 S   0.0   0.0   0:00.00 irq/168-c250000
    152 root     -51   0       0      0      0 S   0.0   0.0   0:00.00 irq/125-3610000
    153 root     -51   0       0      0      0 S   0.0   0.0   0:00.00 irq/122-3610000
    155 root       0 -20       0      0      0 I   0.0   0.0   0:00.00 sdhci
    156 root     -51   0       0      0      0 S   0.0   0.0   0:00.00 irq/120-mmc0
    157 root     -51   0       0      0      0 S   0.0   0.0   0:00.00 irq/230-3400000
    174 root       0 -20       0      0      0 I   0.0   0.0   0:00.05 kworker/3:1H-kblockd
    180 root     -51   0       0      0      0 S   0.0   0.0   0:00.00 irq/191-tegra-p
    181 root       0 -20       0      0      0 I   0.0   0.0   0:00.00 nvme-wq
    182 root       0 -20       0      0      0 I   0.0   0.0   0:00.00 nvme-reset-wq
    183 root       0 -20       0      0      0 I   0.0   0.0   0:00.00 nvme-delete-wq
    192 root     -51   0       0      0      0 S   0.0   0.0   0:00.00 irq/191-aerdrv
    193 root     -51   0       0      0      0 S   0.0   0.0   0:00.00 irq/193-tegra-p
    196 root     -51   0       0      0      0 S   0.0   0.0   0:00.00 irq/193-aerdrv
    197 root     -51   0       0      0      0 S   0.0   0.0   0:00.00 irq/195-tegra-p
    199 root     -51   0       0      0      0 S   0.0   0.0   0:00.00 irq/232-nvme0q0
    201 root     -51   0       0      0      0 S   0.0   0.0   0:00.27 irq/234-nvme0q2
    203 root     -51   0       0      0      0 S   0.0   0.0   0:00.52 irq/236-nvme0q4
    204 root     -51   0       0      0      0 S   0.0   0.0   0:00.13 irq/237-nvme0q5
    205 root     -51   0       0      0      0 S   0.0   0.0   0:00.09 irq/238-nvme0q6
    211 root       0 -20       0      0      0 I   0.0   0.0   0:00.05 kworker/4:1H-kblockd
    212 root      20   0       0      0      0 S   0.0   0.0   0:00.74 jbd2/nvme0n1p1-
    213 root       0 -20       0      0      0 I   0.0   0.0   0:00.00 ext4-rsv-conver
    222 root       0 -20       0      0      0 I   0.0   0.0   0:00.00 mld
    223 root       0 -20       0      0      0 I   0.0   0.0   0:00.03 kworker/0:1H-kblockd
    224 root       0 -20       0      0      0 I   0.0   0.0   0:00.00 ipv6_addrconf
    278 root       0 -20       0      0      0 I   0.0   0.0   0:00.06 kworker/2:1H-kblockd
    280 root      39  19       0      0      0 S   0.0   0.0   0:00.40 nvmap-bz
    281 root     -51   0       0      0      0 S   0.0   0.0   0:00.00 irq/188-host1x_
    285 root     -51   0       0      0      0 S   0.0   0.0   0:00.00 irq/197-gk20a_s
    286 root     -51   0       0      0      0 S   0.0   0.0   0:00.01 irq/198-gk20a_s
    287 root     -51   0       0      0      0 S   0.0   0.0   0:00.01 irq/199-gk20a_s
    288 root     -51   0       0      0      0 S   0.0   0.0   0:00.00 irq/200-gk20a_n
    291 root       0 -20       0      0      0 I   0.0   0.0   0:00.04 kworker/5:1H-kblockd
    295 root      20   0   11116   3460   3204 S   0.0   0.0   0:00.00 nv-tee-supplica
    299 root      20   0   76588   1360   1248 S   0.0   0.0   0:00.01 tee-supplicant
    301 root       0 -20       0      0      0 I   0.0   0.0   0:00.00 optee_bus_scan
    303 root     -51   0       0      0      0 S   0.0   0.0   0:00.00 irq/189-tegra-p
    312 root      20   0   23732   6316   4080 S   0.0   0.1   0:15.43 systemd-udevd
    313 root     -51   0       0      0      0 S   0.0   0.0   0:00.00 irq/189-aerdrv
    314 root      20   0   23216   5804   3992 S   0.0   0.1   0:00.37 systemd-udevd
    315 root      20   0   23216   5020   3248 S   0.0   0.1   0:00.15 systemd-udevd
    316 root      20   0   23268   6224   4288 S   0.0   0.1   0:00.16 systemd-udevd
    317 root      20   0   23220   4364   2600 S   0.0   0.1   0:00.11 systemd-udevd
    318 root      20   0   23216   4480   2672 S   0.0   0.1   0:00.12 systemd-udevd
    319 root      20   0   23212   5812   3980 S   0.0   0.1   0:00.28 systemd-udevd
    320 root      20   0   23264   4688   2764 S   0.0   0.1   0:00.13 systemd-udevd
    321 root      20   0   23268   5072   3136 S   0.0   0.1   0:00.18 systemd-udevd
    322 root      20   0   23524   5520   3456 S   0.0   0.1   0:00.26 systemd-udevd
    323 root      20   0   23216   6268   4444 S   0.0   0.1   0:00.35 systemd-udevd
    324 root      20   0   23220   5196   3388 S   0.0   0.1   0:00.16 systemd-udevd
    325 root      20   0   23220   5808   3976 S   0.0   0.1   0:00.35 systemd-udevd
    326 root      20   0   23220   5232   3388 S   0.0   0.1   0:00.38 systemd-udevd
    327 root      20   0   23220   5468   3656 S   0.0   0.1   0:00.18 systemd-udevd
    330 root      20   0   23512   5728   3684 S   0.0   0.1   0:00.14 systemd-udevd
    331 root      20   0   24292   5540   2676 S   0.0   0.1   0:00.16 systemd-udevd
    333 root      20   0   23524   5596   3532 S   0.0   0.1   0:00.26 systemd-udevd
    334 root      20   0   23220   5080   3240 S   0.0   0.1   0:00.24 systemd-udevd
    335 root      20   0   23220   4504   2708 S   0.0   0.1   0:00.11 systemd-udevd
    336 root      20   0   23220   4696   2892 S   0.0   0.1   0:00.14 systemd-udevd
    337 root      20   0   23524   5056   2992 S   0.0   0.1   0:00.16 systemd-udevd
    339 root      20   0   23220   4980   3148 S   0.0   0.1   0:00.17 systemd-udevd
    340 root      20   0   23544   6732   4608 S   0.0   0.1   0:52.07 systemd-udevd
    341 root      20   0   23276   5328   3384 S   0.0   0.1   0:00.13 systemd-udevd
    342 root      20   0   23280   5176   3228 S   0.0   0.1   0:00.13 systemd-udevd
    343 root      20   0   23220   5984   4152 S   0.0   0.1   0:00.29 systemd-udevd
    344 root      20   0   23560   6700   4596 S   0.0   0.1   0:00.46 systemd-udevd
    345 root      20   0       0      0      0 S   0.0   0.0   0:00.00 15820000.crypto
    346 root      20   0       0      0      0 S   0.0   0.0   0:00.00 15840000.crypto
    368 root      20   0   23324   5984   4116 S   0.0   0.1   0:00.38 systemd-udevd
    417 root     -51   0       0      0      0 S   0.0   0.0   0:00.00 irq/219-bc00000
    419 root      -2   0       0      0      0 S   0.0   0.0   0:00.00 capture-control
    420 root      -2   0       0      0      0 S   0.0   0.0   0:00.00 capture
    422 root     -51   0       0      0      0 S   0.0   0.0   0:00.00 irq/214-tegra_d
    423 root     -51   0       0      0      0 S   0.0   0.0   0:00.00 irq/215-tegra_d
    424 root       0 -20       0      0      0 I   0.0   0.0   0:00.00 dce-async-ipc-w
    425 root     -51   0       0      0      0 S   0.0   0.0   0:00.00 irq/240-nvvrs-p
    427 root      20   0       0      0      0 S   0.0   0.0   0:00.00 nv_queue
    428 root      20   0       0      0      0 S   0.0   0.0   0:00.00 nv_queue
    483 root     -51   0       0      0      0 S   0.0   0.0   0:00.00 irq/118-3210000
    487 root      20   0       0      0      0 S   0.0   0.0   0:00.00 spi0
    495 root       0 -20       0      0      0 I   0.0   0.0   0:00.00 cfg80211
    497 root     -51   0       0      0      0 S   0.0   0.0   0:00.00 irq/119-3230000
    498 root      20   0       0      0      0 S   0.0   0.0   0:00.00 spi1
    584 root       0 -20       0      0      0 I   0.0   0.0   0:00.00 btfwwork
    650 root      20   0    8236   6424   1432 S   0.0   0.1   0:00.53 haveged
    653 _rpc      20   0    7932   2264   1912 S   0.0   0.0   0:00.02 rpcbind
    659 systemd+  20   0   26320  13580   8496 S   0.0   0.2   0:00.36 systemd-resolve
    662 systemd+  20   0   88880   6332   5484 S   0.0   0.1   0:00.12 systemd-timesyn
    826 avahi     20   0    8084   3108   2752 S   0.0   0.0   0:00.42 avahi-daemon
    827 root      20   0    9888   4552   4112 S   0.0   0.1   0:00.07 bluetoothd
    838 root      20   0   43504  19780  10232 S   0.0   0.3   0:00.15 networkd-dispat
    849 root      20   0  241652   9056   6312 S   0.0   0.1   0:00.34 power-profiles-
    854 syslog    20   0  222160   5012   3672 S   0.0   0.1   0:02.93 rsyslogd
    859 root      20   0    2240    796    720 S   0.0   0.0   0:00.00 seatd
    865 root      20   0 2145956  51744  25768 S   0.0   0.7   0:22.70 snapd
    867 root      20   0  242124   7452   6576 S   0.0   0.1   0:01.19 accounts-daemon
    869 root      20   0  238128   6232   5620 S   0.0   0.1   0:00.04 switcheroo-cont
    871 root      20   0   48968   7620   6296 S   0.0   0.1   0:02.02 systemd-logind
    875 root      20   0   16632   9928   8148 S   0.0   0.1   0:00.78 wpa_supplicant
    882 avahi     20   0    7812    356      0 S   0.0   0.0   0:00.00 avahi-daemon
    921 root      30  10   11248   3612   3220 S   0.0   0.0   0:04.81 wifi_mon.sh
    983 root      20   0    2460   1556   1380 S   0.0   0.0   0:04.62 nvfancontrol
   1049 root      20   0       0      0      0 S   0.0   0.0   0:00.00 sw-quiesce
   1052 root      20   0       0      0      0 S   0.0   0.0   0:11.41 nvgpu_channel_p
   1068 root      20   0       0      0      0 S   0.0   0.0   0:00.00 nvgpu_pg_init_g
   1087 root      20   0       0      0      0 S   0.0   0.0   0:00.00 nvgpu_clk_arb_p
   1117 root      20   0       0      0      0 S   0.0   0.0   0:04.39 RTW_CMD_THREAD
   1157 root      20   0   75936   9960   8136 S   0.0   0.1   0:00.01 nvargus-daemon
   1158 root      20   0   11116   3520   3220 S   0.0   0.0   0:00.04 nvmemwarning.sh
   1171 root      20   0   22192   1776   1580 S   0.0   0.0   0:00.00 nvs-service
   1181 ollama    20   0 2006720  39588  20072 S   0.0   0.5   0:00.64 ollama
   1195 root      20   0    2336   1408   1292 S   0.0   0.0   0:01.96 run-cups-browse
   1201 root      20   0    2336   1424   1296 S   0.0   0.0   0:02.02 run-cupsd
   1204 root      20   0       0      0      0 S   0.0   0.0   0:00.00 pr/ramoops-1
   1212 root      20   0 2019288  66636  33572 S   0.0   0.9   0:13.46 containerd
   1239 root      20   0   10772   2824   2576 S   0.0   0.0   0:00.03 cron
   1259 root      20   0  243128   8056   7012 S   0.0   0.1   0:00.02 gdm3
   1263 kernoops  20   0   12812    452      0 S   0.0   0.0   0:00.01 kerneloops
   1290 root      20   0    9468    800    724 S   0.0   0.0   0:00.00 agetty
   1291 kernoops  20   0   12812    452      0 S   0.0   0.0   0:00.01 kerneloops
   1293 root      20   0    9468    804    724 S   0.0   0.0   0:00.00 agetty
   1330 root      20   0  173408   8804   7628 S   0.0   0.1   0:00.02 gdm-session-wor
   1417 root      20   0       0      0      0 S   0.0   0.0   0:00.00 file-storage
   1474 gdm       20   0   18120   9728   7360 S   0.0   0.1   0:00.41 systemd
   1478 root      20   0    3076    992    880 S   0.0   0.0   0:00.00 nvphsd
   1483 root      20   0    3208   1476   1316 S   0.0   0.0   0:00.00 nvphsd
   1497 gdm       20   0  106692   4552      0 S   0.0   0.1   0:00.00 (sd-pam)
   1588 root      20   0 2278700 101092  56496 S   0.0   1.3   0:04.35 dockerd
   1688 gdm        9 -11   41972   6468   5156 S   0.0   0.1   0:00.05 pipewire
   1689 gdm       20   0   25476   6428   5104 S   0.0   0.1   0:00.83 pipewire-media-
   1690 gdm        9 -11  891840  20748  12584 S   0.0   0.3   0:00.71 pulseaudio
   1695 gdm       20   0  163948   5472   4964 S   0.0   0.1   0:00.00 gdm-x-session
   1697 root      20   0   24.2g  80496  35884 S   0.0   1.0   0:01.46 Xorg
   1698 rtkit     21   1  153504   1588   1380 S   0.0   0.0   0:00.19 rtkit-daemon
   1729 gdm       20   0    8840   3600   3212 S   0.0   0.0   0:00.02 dbus-daemon
   1748 root      20   0       0      0      0 S   0.0   0.0   0:00.00 nvidia-modeset/
   1749 root      20   0       0      0      0 S   0.0   0.0   0:00.00 nvidia-modeset/
   1752 root      20   0       0      0      0 S   0.0   0.0   0:00.00 nvidia
   1753 root      20   0       0      0      0 S   0.0   0.0   0:00.00 nv_queue
   1790 root      20   0       0      0      0 S   0.0   0.0   0:00.00 nvidia-drm-nv-t
   1791 root     -51   0       0      0      0 S   0.0   0.0   0:00.00 card1-crtc0
   1792 root     -51   0       0      0      0 S   0.0   0.0   0:00.00 card1-crtc1
   1980 gdm       20   0    5876   1552   1344 S   0.0   0.0   0:00.00 dbus-run-sessio
   1983 gdm       20   0    9108   4440   3588 S   0.0   0.1   0:00.13 dbus-daemon
   2035 gdm       20   0  597840  17824  12972 S   0.0   0.2   0:00.61 gnome-session-b
   2057 gdm       20   0  310068   8976   6272 S   0.0   0.1   0:00.00 at-spi-bus-laun
   2062 gdm       20   0    8692   3556   3168 S   0.0   0.0   0:00.00 dbus-daemon
   2092 gdm       20   0  237676   4964   4528 S   0.0   0.1   0:00.00 xdg-permission-
   2099 root      20   0  243852  10136   6984 S   0.0   0.1   0:00.29 upowerd
   2106 root      20   0  301608  19332  16408 S   0.0   0.2   0:00.87 packagekitd
   2110 gdm       20   0 2812288  25716  20860 S   0.0   0.3   0:00.08 gjs
   2113 gdm       20   0  163144   7196   6428 S   0.0   0.1   0:00.01 at-spi2-registr
   2146 gdm       20   0  338880  14892  12620 S   0.0   0.2   0:00.06 gsd-wacom
   2148 gdm       20   0  451616  18896  16480 S   0.0   0.2   0:00.15 gsd-color
   2150 gdm       20   0  412392  17092  13292 S   0.0   0.2   0:00.04 gsd-keyboard
   2152 gdm       20   0  316864  13188   6244 S   0.0   0.2   0:00.10 ibus-daemon
   2156 gdm       20   0  326124   9848   8488 S   0.0   0.1   0:00.02 gsd-print-notif
   2166 gdm       20   0  242216   6512   5848 S   0.0   0.1   0:00.01 gvfsd
   2168 gdm       20   0  459796   6140   5436 S   0.0   0.1   0:00.32 gsd-rfkill
   2170 gdm       20   0  388312   7432   6528 S   0.0   0.1   0:00.01 gsd-smartcard
   2173 gdm       20   0  380556  16508  12504 S   0.0   0.2   0:00.03 gsd-datetime
   2183 gdm       20   0  864216  20108  17428 S   0.0   0.3   0:00.32 gsd-media-keys
   2184 gdm       20   0  237936   4760   4376 S   0.0   0.1   0:00.01 gsd-screensaver
   2185 gdm       20   0  322096  10392   7320 S   0.0   0.1   0:00.02 gsd-sound
   2186 gdm       20   0  312416   8104   5476 S   0.0   0.1   0:00.01 gsd-a11y-settin
   2193 gdm       20   0  313996   8944   6152 S   0.0   0.1   0:00.56 gsd-housekeepin
   2195 gdm       20   0  450004  20288  15904 S   0.0   0.3   0:00.31 gsd-power
   2218 gdm       20   0  347052  12608  10748 S   0.0   0.2   0:00.03 gsd-printer
   2221 gdm       20   0  239040   6576   5948 S   0.0   0.1   0:00.00 ibus-dconf
   2233 gdm       20   0  238936   5920   5488 S   0.0   0.1   0:00.00 ibus-portal
   2263 colord    20   0  247516  14492   8720 S   0.0   0.2   0:00.22 colord
   2285 gdm       20   0 2812300  27868  20904 S   0.0   0.4   0:00.09 gjs
   2349 gdm       20   0  165096   6516   5892 S   0.0   0.1   0:00.01 ibus-engine-sim
   2508 root      20   0  136716  13172   9512 S   0.0   0.2   0:00.57 cupsd
   2522 root      20   0  260792  17940  13508 S   0.0   0.2   0:01.10 cups-browsed
  11687 jetson    20   0   18140   9764   7368 S   0.0   0.1   0:00.32 systemd
  11688 jetson    20   0  172512   4632      0 S   0.0   0.1   0:00.00 (sd-pam)
  11696 jetson    20   0   41976   6552   5228 S   0.0   0.1   0:00.04 pipewire
  11697 jetson    20   0   25484   6724   5388 S   0.0   0.1   0:00.88 pipewire-media-
  11749 jetson    20   0    8888   3620   3232 S   0.0   0.0   0:00.01 dbus-daemon
  11931 jetson    20   0  706564  62076  26432 S   0.0   0.8   1:05.64 python3
  12473 root      20   0 1233488  14060   6340 S   0.0   0.2   0:01.66 containerd-shim
  12502 jetson    20   0    5508    792    704 S   0.0   0.0   0:00.20 sleep
  12567 root      20   0   21892   5484   3884 S   0.0   0.1   0:13.95 systemd-udevd
  12575 root      20   0   21760   4520   2952 S   0.0   0.1   0:28.25 systemd-udevd
  13234 jetson    20   0  203640  35476  13212 S   0.0   0.5   0:00.75 ros2
  13236 jetson    20   0 1996680  34168  17228 S   0.0   0.4   0:00.47 docker
  13265 root      20   0 1232976  11124   5960 S   0.0   0.1   0:01.17 containerd-shim
  13294 root      20   0   49400  29204  14412 S   0.0   0.4   0:00.40 ros2
  13554 root      20   0   21760   4448   2932 S   0.0   0.1   0:00.02 systemd-udevd
  13555 root      20   0   21760   3352   1860 S   0.0   0.0   0:00.00 systemd-udevd
  13568 root      20   0   21760   3376   1864 S   0.0   0.0   0:00.02 systemd-udevd
  13569 root      20   0   21760   4128   2588 S   0.0   0.1   0:00.04 systemd-udevd
  13570 root      20   0   21764   4488   2960 S   0.0   0.1   0:00.04 systemd-udevd
  13571 root      20   0   21764   4104   2588 S   0.0   0.1   0:00.03 systemd-udevd
  13580 root      20   0   21764   4136   2588 S   0.0   0.1   0:00.03 systemd-udevd
  13581 root      20   0   21764   3708   2180 S   0.0   0.0   0:00.00 systemd-udevd
  13582 root      20   0   21764   4252   2704 S   0.0   0.1   0:00.05 systemd-udevd
  13594 root      20   0   21764   3408   1864 S   0.0   0.0   0:00.01 systemd-udevd
  13595 root      20   0   21764   3652   2120 S   0.0   0.0   0:00.02 systemd-udevd
  31399 root      20   0       0      0      0 I   0.0   0.0   0:14.51 kworker/u12:8-events_unbound
  33484 root      20   0       0      0      0 I   0.0   0.0   0:09.51 kworker/u12:0-events_unbound
  34263 root      20   0       0      0      0 I   0.0   0.0   0:11.49 kworker/u12:2-events_unbound
  42253 root      20   0       0      0      0 I   0.0   0.0   0:10.82 kworker/u12:3-events_freezable_power_
  49116 root      20   0       0      0      0 I   0.0   0.0   0:00.62 kworker/0:0-events
  51824 root      20   0       0      0      0 I   0.0   0.0   0:01.27 kworker/5:1-events
  59272 root      20   0       0      0      0 I   0.0   0.0   0:01.09 kworker/3:3-mm_percpu_wq
  85708 root      20   0       0      0      0 I   0.0   0.0   0:00.34 kworker/4:1-mm_percpu_wq
  90870 root      20   0       0      0      0 I   0.0   0.0   0:08.14 kworker/u12:11-events_unbound
  95815 root      20   0       0      0      0 I   0.0   0.0   0:00.00 kworker/0:2-events
  96157 root      20   0       0      0      0 I   0.0   0.0   0:00.00 kworker/4:2-events
  97402 root      20   0       0      0      0 I   0.0   0.0   0:06.19 kworker/u12:5-events_freezable_power_
  98042 jetson    20   0  572504  36008  13228 S   0.0   0.5   0:01.78 ros2
  98052 jetson    20   0 1082804  58392  26368 S   0.0   0.7   0:39.07 foxglove_bridge
  98155 root      20   0       0      0      0 I   0.0   0.0   0:00.00 kworker/2:1-events
  98217 root      20   0  238836   6944   5696 S   0.0   0.1   0:01.51 iio-sensor-prox
  98455 jetson    20   0  129772  36116  13228 S   0.0   0.5   0:00.71 ros2
 100055 root      20   0       0      0      0 I   0.0   0.0   0:00.00 kworker/5:2-cgroup_destroy
 100706 jetson    20   0   53568  30372  15020 S   0.0   0.4   0:00.43 ros2
 102542 jetson    20   0  723188  41844  13224 S   0.0   0.5   0:01.30 ros2
 149635 root      20   0       0      0      0 I   0.0   0.0   0:00.00 kworker/3:0-events
 174364 root      20   0       0      0      0 I   0.0   0.0   0:02.42 kworker/u12:4-events_unbound
 205195 root       0 -20       0      0      0 I   0.0   0.0   0:03.55 kworker/u13:0-uvcvideo
 211464 root      20   0       0      0      0 I   0.0   0.0   0:01.30 kworker/u12:7-events_freezable_power_
 219316 root       0 -20       0      0      0 I   0.0   0.0   0:01.74 kworker/u13:3-uvcvideo
 223411 root      20   0       0      0      0 I   0.0   0.0   0:00.00 kworker/1:0-cgroup_destroy
 225822 root      20   0       0      0      0 I   0.0   0.0   0:00.64 kworker/u12:9-events_freezable_power_
 233042 root      20   0    9436    768    688 S   0.0   0.0   0:00.00 sleep
 233444 root       0 -20       0      0      0 I   0.0   0.0   0:00.45 kworker/u13:2-uvcvideo
 234184 root      20   0       0      0      0 I   0.0   0.0   0:00.00 kworker/0:1-events
 234228 root      20   0       0      0      0 I   0.0   0.0   0:00.00 kworker/3:1
 234272 root      20   0       0      0      0 I   0.0   0.0   0:00.00 kworker/2:0-events
 234404 root      20   0       0      0      0 I   0.0   0.0   0:00.03 kworker/5:0-events
 235691 root      20   0       0      0      0 I   0.0   0.0   0:00.00 kworker/1:1-events
 236264 jetson    20   0   11248   3292   2852 S   0.0   0.0   0:00.03 bash
 238391 jetson    20   0   11248   3300   2864 S   0.0   0.0   0:00.01 bash
 238637 jetson    20   0    9480    820    736 S   0.0   0.0   0:00.00 tail
 239729 root      30  10   11248   1712   1320 S   0.0   0.0   0:00.00 wifi_mon.sh
 239730 root      30  10   11248   1776   1384 S   0.0   0.0   0:00.00 wifi_mon.sh
 239731 root      30  10    9444    776    696 S   0.0   0.0   0:00.00 timeout
 239732 root      30  10    2768   1084    960 S   0.0   0.0   0:00.00 iw

top - 13:14:42 up  3:37,  0 users,  load average: 9.06, 6.65, 4.93
Tasks: 350 total,   4 running, 346 sleeping,   0 stopped,   0 zombie
%Cpu(s): 40.4 us, 10.9 sy,  0.0 ni, 44.4 id,  0.0 wa,  2.3 hi,  2.0 si,  0.0 st
MiB Mem :   7607.4 total,   2802.1 free,   2026.5 used,   2778.8 buff/cache
MiB Swap:   3803.7 total,   3803.7 free,      0.0 used.   5283.0 avail Mem 

    PID USER      PR  NI    VIRT    RES    SHR S  %CPU  %MEM     TIME+ COMMAND
 238636 jetson    20   0  752776  72580  29576 R  41.1   0.9   0:14.86 python3
  98338 jetson    20   0  709016  64620  27260 R  35.1   0.8  28:19.29 python3
 102583 jetson    20   0  963132  48384  23528 S  30.2   0.6   7:13.29 controller_serv
 238441 jetson    20   0  763896  56388  25416 S  24.3   0.7   0:09.26 ros2
 100721 jetson    20   0 9355252 432928  88856 S  18.8   5.6  12:30.87 nvblox_node
 102592 jetson    20   0  531020  48340  26220 R  15.3   0.6   6:08.54 bt_navigator
  98048 jetson    20   0  432960  28196  14244 S  14.4   0.4  12:39.77 rplidar_node
  98044 jetson    20   0 1813648 105696  51328 S  13.9   1.4  10:20.29 realsense2_came
  98046 jetson    20   0  711536  66920  27240 S  13.9   0.9  12:14.20 python3
  98457 jetson    20   0 1061924  55560  24360 S  13.9   0.7   2:18.48 async_slam_tool
  98340 jetson    20   0  506224  33968  18400 S  11.4   0.4   8:29.04 ekf_node
 102641 jetson    20   0  577392  31872  16252 S  10.9   0.4   7:44.88 lifecycle_manag
 102587 jetson    20   0 1210040  97164  42692 S  10.4   1.2   6:52.22 planner_server
  98050 jetson    20   0  708072  65988  27372 S   9.9   0.8   6:08.86 python3
 102581 jetson    20   0  709536  62208  27352 S   9.9   0.8   2:50.36 python3
 102589 jetson    20   0  516304  37492  21032 S   6.9   0.5   4:58.33 behavior_server
 102585 jetson    20   0  664660  35184  19412 S   5.9   0.5   4:10.41 smoother_server
 102619 jetson    20   0  431272  31524  17020 S   5.4   0.4   3:22.62 waypoint_follow
 102637 jetson    20   0  428576  29080  15960 S   5.4   0.4   3:23.26 velocity_smooth
  13320 root      20   0 1300240  43896  11392 S   4.5   0.6  14:24.01 micro_ros_agent
    904 root      rt   0       0      0      0 S   1.5   0.0   0:50.62 sugov:0
 192628 root       0 -20       0      0      0 I   1.5   0.0   0:04.56 kworker/u13:1-uvcvideo
    909 root      rt   0       0      0      0 S   1.0   0.0   0:24.07 sugov:4
    340 root      20   0   23544   6732   4608 S   0.5   0.1   0:52.08 systemd-udevd
  90870 root      20   0       0      0      0 I   0.5   0.0   0:08.15 kworker/u12:11-events_unbound
 100141 root      20   0       0      0      0 I   0.5   0.0   0:06.88 kworker/u12:6-events_unbound
 102542 jetson    20   0  723188  41844  13224 S   0.5   0.5   0:01.31 ros2
 199974 root      20   0       0      0      0 I   0.5   0.0   0:01.80 kworker/u12:1-events_freezable_power_
 238442 jetson    20   0   14344   3352   2756 R   0.5   0.0   0:00.37 top
      1 root      20   0  167628  11764   7444 S   0.0   0.2   0:17.26 systemd
      2 root      20   0       0      0      0 S   0.0   0.0   0:00.02 kthreadd
      3 root       0 -20       0      0      0 I   0.0   0.0   0:00.00 rcu_gp
      4 root       0 -20       0      0      0 I   0.0   0.0   0:00.00 rcu_par_gp
      5 root       0 -20       0      0      0 I   0.0   0.0   0:00.00 slub_flushwq
      6 root       0 -20       0      0      0 I   0.0   0.0   0:00.00 netns
      8 root       0 -20       0      0      0 I   0.0   0.0   0:00.00 kworker/0:0H-events_highpri
     10 root       0 -20       0      0      0 I   0.0   0.0   0:00.00 mm_percpu_wq
     11 root      20   0       0      0      0 S   0.0   0.0   0:00.00 rcu_tasks_kthre
     12 root      20   0       0      0      0 S   0.0   0.0   0:00.00 rcu_tasks_rude_
     13 root      20   0       0      0      0 S   0.0   0.0   0:00.00 rcu_tasks_trace
     14 root      20   0       0      0      0 S   0.0   0.0   0:10.93 ksoftirqd/0
     15 root      20   0       0      0      0 I   0.0   0.0   0:04.56 rcu_preempt
     16 root      rt   0       0      0      0 S   0.0   0.0   0:00.01 migration/0
     17 root      20   0       0      0      0 S   0.0   0.0   0:00.00 cpuhp/0
     18 root      20   0       0      0      0 S   0.0   0.0   0:00.00 cpuhp/1
     19 root      rt   0       0      0      0 S   0.0   0.0   0:00.01 migration/1
     20 root      20   0       0      0      0 S   0.0   0.0   0:00.66 ksoftirqd/1
     22 root       0 -20       0      0      0 I   0.0   0.0   0:00.00 kworker/1:0H-events_highpri
     23 root      20   0       0      0      0 S   0.0   0.0   0:00.00 cpuhp/2
     24 root      rt   0       0      0      0 S   0.0   0.0   0:00.00 migration/2
     25 root      20   0       0      0      0 S   0.0   0.0   0:00.68 ksoftirqd/2
     27 root       0 -20       0      0      0 I   0.0   0.0   0:00.00 kworker/2:0H-events_highpri
     28 root      20   0       0      0      0 S   0.0   0.0   0:00.00 cpuhp/3
     29 root      rt   0       0      0      0 S   0.0   0.0   0:00.00 migration/3
     30 root      20   0       0      0      0 S   0.0   0.0   0:00.63 ksoftirqd/3
     32 root       0 -20       0      0      0 I   0.0   0.0   0:00.00 kworker/3:0H-events_highpri
     33 root      20   0       0      0      0 S   0.0   0.0   0:00.00 cpuhp/4
     34 root      rt   0       0      0      0 S   0.0   0.0   0:00.02 migration/4
     35 root      20   0       0      0      0 S   0.0   0.0   0:00.47 ksoftirqd/4
     37 root       0 -20       0      0      0 I   0.0   0.0   0:00.00 kworker/4:0H-kblockd
     38 root      20   0       0      0      0 S   0.0   0.0   0:00.00 cpuhp/5
     39 root      rt   0       0      0      0 S   0.0   0.0   0:00.03 migration/5
     40 root      20   0       0      0      0 S   0.0   0.0   0:00.48 ksoftirqd/5
     42 root       0 -20       0      0      0 I   0.0   0.0   0:00.00 kworker/5:0H-events_highpri
     43 root      20   0       0      0      0 S   0.0   0.0   0:00.01 kdevtmpfs
     44 root       0 -20       0      0      0 I   0.0   0.0   0:00.00 inet_frag_wq
     51 root      20   0       0      0      0 S   0.0   0.0   0:00.00 kauditd
     52 root      20   0       0      0      0 S   0.0   0.0   0:00.00 oom_reaper
     53 root       0 -20       0      0      0 I   0.0   0.0   0:00.00 writeback
     54 root      20   0       0      0      0 S   0.0   0.0   0:00.10 kcompactd0
     55 root      25   5       0      0      0 S   0.0   0.0   0:00.00 ksmd
     56 root      39  19       0      0      0 S   0.0   0.0   0:01.15 khugepaged
     67 root       0 -20       0      0      0 I   0.0   0.0   0:00.00 cryptd
     86 root       0 -20       0      0      0 I   0.0   0.0   0:00.00 kintegrityd
     87 root       0 -20       0      0      0 I   0.0   0.0   0:00.00 kblockd
     88 root       0 -20       0      0      0 I   0.0   0.0   0:00.00 blkcg_punt_bio
     89 root       0 -20       0      0      0 I   0.0   0.0   0:00.00 tpm_dev_wq
     90 root       0 -20       0      0      0 I   0.0   0.0   0:00.00 ata_sff
     91 root       0 -20       0      0      0 I   0.0   0.0   0:00.00 edac-poller
     92 root       0 -20       0      0      0 I   0.0   0.0   0:00.00 devfreq_wq
     93 root     -51   0       0      0      0 S   0.0   0.0   0:00.00 watchdogd
     96 root       0 -20       0      0      0 I   0.0   0.0   0:00.04 kworker/1:1H-kblockd
     97 root       0 -20       0      0      0 I   0.0   0.0   0:00.00 rpciod
     99 root       0 -20       0      0      0 I   0.0   0.0   0:00.00 xprtiod
    127 root      20   0       0      0      0 S   0.0   0.0   0:00.00 kswapd0
    128 root       0 -20       0      0      0 I   0.0   0.0   0:00.00 nfsiod
    132 root       0 -20       0      0      0 I   0.0   0.0   0:00.00 vfio-irqfd-clea
    133 root       0 -20       0      0      0 I   0.0   0.0   0:00.00 bch_btree_io
    134 root       0 -20       0      0      0 I   0.0   0.0   0:00.00 bcache
    135 root       0 -20       0      0      0 I   0.0   0.0   0:00.00 bch_journal
    136 root       0 -20       0      0      0 I   0.0   0.0   0:00.00 dm_bufio_cache
    137 root      20   0       0      0      0 I   0.0   0.0   0:01.27 kworker/1:2-mm_percpu_wq
    139 root      20   0       0      0      0 I   0.0   0.0   0:00.75 kworker/2:3-events
    140 root      10 -10       0      0      0 S   0.0   0.0   0:00.00 krfcommd
    141 root      20   0       0      0      0 S   0.0   0.0   0:00.01 pr/tty0
    142 root      20   0       0      0      0 S   0.0   0.0   0:03.04 pr/ttyTCU0
    145 root     -51   0       0      0      0 S   0.0   0.0   0:00.00 irq/114-3160000
    147 root     -51   0       0      0      0 S   0.0   0.0   0:00.00 irq/115-3180000
    149 root     -51   0       0      0      0 S   0.0   0.0   0:00.00 irq/116-31b0000
    150 root     -51   0       0      0      0 S   0.0   0.0   0:00.02 irq/167-c240000
    151 root     -51   0       0      0      0 S   0.0   0.0   0:00.00 irq/168-c250000
    152 root     -51   0       0      0      0 S   0.0   0.0   0:00.00 irq/125-3610000
    153 root     -51   0       0      0      0 S   0.0   0.0   0:00.00 irq/122-3610000
    155 root       0 -20       0      0      0 I   0.0   0.0   0:00.00 sdhci
    156 root     -51   0       0      0      0 S   0.0   0.0   0:00.00 irq/120-mmc0
    157 root     -51   0       0      0      0 S   0.0   0.0   0:00.00 irq/230-3400000
    174 root       0 -20       0      0      0 I   0.0   0.0   0:00.05 kworker/3:1H-kblockd
    180 root     -51   0       0      0      0 S   0.0   0.0   0:00.00 irq/191-tegra-p
    181 root       0 -20       0      0      0 I   0.0   0.0   0:00.00 nvme-wq
    182 root       0 -20       0      0      0 I   0.0   0.0   0:00.00 nvme-reset-wq
    183 root       0 -20       0      0      0 I   0.0   0.0   0:00.00 nvme-delete-wq
    192 root     -51   0       0      0      0 S   0.0   0.0   0:00.00 irq/191-aerdrv
    193 root     -51   0       0      0      0 S   0.0   0.0   0:00.00 irq/193-tegra-p
    196 root     -51   0       0      0      0 S   0.0   0.0   0:00.00 irq/193-aerdrv
    197 root     -51   0       0      0      0 S   0.0   0.0   0:00.00 irq/195-tegra-p
    199 root     -51   0       0      0      0 S   0.0   0.0   0:00.00 irq/232-nvme0q0
    200 root     -51   0       0      0      0 S   0.0   0.0   0:00.23 irq/233-nvme0q1
    201 root     -51   0       0      0      0 S   0.0   0.0   0:00.27 irq/234-nvme0q2
    202 root     -51   0       0      0      0 S   0.0   0.0   0:00.41 irq/235-nvme0q3
    203 root     -51   0       0      0      0 S   0.0   0.0   0:00.52 irq/236-nvme0q4
    204 root     -51   0       0      0      0 S   0.0   0.0   0:00.13 irq/237-nvme0q5
    205 root     -51   0       0      0      0 S   0.0   0.0   0:00.09 irq/238-nvme0q6
    211 root       0 -20       0      0      0 I   0.0   0.0   0:00.05 kworker/4:1H-kblockd
    212 root      20   0       0      0      0 S   0.0   0.0   0:00.74 jbd2/nvme0n1p1-
    213 root       0 -20       0      0      0 I   0.0   0.0   0:00.00 ext4-rsv-conver
    222 root       0 -20       0      0      0 I   0.0   0.0   0:00.00 mld
    223 root       0 -20       0      0      0 I   0.0   0.0   0:00.03 kworker/0:1H-kblockd
    224 root       0 -20       0      0      0 I   0.0   0.0   0:00.00 ipv6_addrconf
    256 root      19  -1   40648  11528   9920 S   0.0   0.1   0:14.96 systemd-journal
    278 root       0 -20       0      0      0 I   0.0   0.0   0:00.06 kworker/2:1H-kblockd
    280 root      39  19       0      0      0 S   0.0   0.0   0:00.40 nvmap-bz
    281 root     -51   0       0      0      0 S   0.0   0.0   0:00.00 irq/188-host1x_
    285 root     -51   0       0      0      0 S   0.0   0.0   0:00.00 irq/197-gk20a_s
    286 root     -51   0       0      0      0 S   0.0   0.0   0:00.01 irq/198-gk20a_s
    287 root     -51   0       0      0      0 S   0.0   0.0   0:00.01 irq/199-gk20a_s
    288 root     -51   0       0      0      0 S   0.0   0.0   0:00.00 irq/200-gk20a_n
    291 root       0 -20       0      0      0 I   0.0   0.0   0:00.04 kworker/5:1H-kblockd
    295 root      20   0   11116   3460   3204 S   0.0   0.0   0:00.00 nv-tee-supplica
    299 root      20   0   76588   1360   1248 S   0.0   0.0   0:00.01 tee-supplicant
    301 root       0 -20       0      0      0 I   0.0   0.0   0:00.00 optee_bus_scan
    303 root     -51   0       0      0      0 S   0.0   0.0   0:00.00 irq/189-tegra-p
    312 root      20   0   23732   6316   4080 S   0.0   0.1   0:15.43 systemd-udevd
    313 root     -51   0       0      0      0 S   0.0   0.0   0:00.00 irq/189-aerdrv
    314 root      20   0   23216   5804   3992 S   0.0   0.1   0:00.37 systemd-udevd
    315 root      20   0   23216   5020   3248 S   0.0   0.1   0:00.15 systemd-udevd
    316 root      20   0   23268   6224   4288 S   0.0   0.1   0:00.16 systemd-udevd
    317 root      20   0   23220   4364   2600 S   0.0   0.1   0:00.11 systemd-udevd
    318 root      20   0   23216   4480   2672 S   0.0   0.1   0:00.12 systemd-udevd
    319 root      20   0   23212   5812   3980 S   0.0   0.1   0:00.28 systemd-udevd
    320 root      20   0   23264   4688   2764 S   0.0   0.1   0:00.13 systemd-udevd
    321 root      20   0   23268   5072   3136 S   0.0   0.1   0:00.18 systemd-udevd
    322 root      20   0   23524   5520   3456 S   0.0   0.1   0:00.26 systemd-udevd
    323 root      20   0   23216   6268   4444 S   0.0   0.1   0:00.35 systemd-udevd
    324 root      20   0   23220   5196   3388 S   0.0   0.1   0:00.16 systemd-udevd
    325 root      20   0   23220   5808   3976 S   0.0   0.1   0:00.35 systemd-udevd
    326 root      20   0   23220   5232   3388 S   0.0   0.1   0:00.38 systemd-udevd
    327 root      20   0   23220   5468   3656 S   0.0   0.1   0:00.18 systemd-udevd
    330 root      20   0   23512   5728   3684 S   0.0   0.1   0:00.14 systemd-udevd
    331 root      20   0   24292   5540   2676 S   0.0   0.1   0:00.16 systemd-udevd
    333 root      20   0   23524   5596   3532 S   0.0   0.1   0:00.26 systemd-udevd
    334 root      20   0   23220   5080   3240 S   0.0   0.1   0:00.24 systemd-udevd
    335 root      20   0   23220   4504   2708 S   0.0   0.1   0:00.11 systemd-udevd
    336 root      20   0   23220   4696   2892 S   0.0   0.1   0:00.14 systemd-udevd
    337 root      20   0   23524   5056   2992 S   0.0   0.1   0:00.16 systemd-udevd
    339 root      20   0   23220   4980   3148 S   0.0   0.1   0:00.17 systemd-udevd
    341 root      20   0   23276   5328   3384 S   0.0   0.1   0:00.13 systemd-udevd
    342 root      20   0   23280   5176   3228 S   0.0   0.1   0:00.13 systemd-udevd
    343 root      20   0   23220   5984   4152 S   0.0   0.1   0:00.29 systemd-udevd
    344 root      20   0   23560   6700   4596 S   0.0   0.1   0:00.46 systemd-udevd
    345 root      20   0       0      0      0 S   0.0   0.0   0:00.00 15820000.crypto
    346 root      20   0       0      0      0 S   0.0   0.0   0:00.00 15840000.crypto
    368 root      20   0   23324   5984   4116 S   0.0   0.1   0:00.38 systemd-udevd
    417 root     -51   0       0      0      0 S   0.0   0.0   0:00.00 irq/219-bc00000
    419 root      -2   0       0      0      0 S   0.0   0.0   0:00.00 capture-control
    420 root      -2   0       0      0      0 S   0.0   0.0   0:00.00 capture
    422 root     -51   0       0      0      0 S   0.0   0.0   0:00.00 irq/214-tegra_d
    423 root     -51   0       0      0      0 S   0.0   0.0   0:00.00 irq/215-tegra_d
    424 root       0 -20       0      0      0 I   0.0   0.0   0:00.00 dce-async-ipc-w
    425 root     -51   0       0      0      0 S   0.0   0.0   0:00.00 irq/240-nvvrs-p
    427 root      20   0       0      0      0 S   0.0   0.0   0:00.00 nv_queue
    428 root      20   0       0      0      0 S   0.0   0.0   0:00.00 nv_queue
    483 root     -51   0       0      0      0 S   0.0   0.0   0:00.00 irq/118-3210000
    487 root      20   0       0      0      0 S   0.0   0.0   0:00.00 spi0
    495 root       0 -20       0      0      0 I   0.0   0.0   0:00.00 cfg80211
    497 root     -51   0       0      0      0 S   0.0   0.0   0:00.00 irq/119-3230000
    498 root      20   0       0      0      0 S   0.0   0.0   0:00.00 spi1
    584 root       0 -20       0      0      0 I   0.0   0.0   0:00.00 btfwwork
    650 root      20   0    8236   6424   1432 S   0.0   0.1   0:00.53 haveged
    653 _rpc      20   0    7932   2264   1912 S   0.0   0.0   0:00.02 rpcbind
    659 systemd+  20   0   26320  13580   8496 S   0.0   0.2   0:00.36 systemd-resolve
    662 systemd+  20   0   88880   6332   5484 S   0.0   0.1   0:00.12 systemd-timesyn
    826 avahi     20   0    8084   3108   2752 S   0.0   0.0   0:00.42 avahi-daemon
    827 root      20   0    9888   4552   4112 S   0.0   0.1   0:00.07 bluetoothd
    828 message+  20   0   10372   5572   3584 S   0.0   0.1   0:22.74 dbus-daemon
    829 root      20   0  264656  18684  14872 S   0.0   0.2   0:20.95 NetworkManager
    838 root      20   0   43504  19780  10232 S   0.0   0.3   0:00.15 networkd-dispat
    849 root      20   0  241652   9056   6312 S   0.0   0.1   0:00.34 power-profiles-
    854 syslog    20   0  222160   5012   3672 S   0.0   0.1   0:02.93 rsyslogd
    859 root      20   0    2240    796    720 S   0.0   0.0   0:00.00 seatd
    865 root      20   0 2145956  51744  25768 S   0.0   0.7   0:22.70 snapd
    867 root      20   0  242124   7452   6576 S   0.0   0.1   0:01.19 accounts-daemon
    869 root      20   0  238128   6232   5620 S   0.0   0.1   0:00.04 switcheroo-cont
    871 root      20   0   48968   7620   6296 S   0.0   0.1   0:02.02 systemd-logind
    874 root      20   0  394188  13980   9476 S   0.0   0.2   0:00.53 udisksd
    875 root      20   0   16632   9928   8148 S   0.0   0.1   0:00.78 wpa_supplicant
    882 avahi     20   0    7812    356      0 S   0.0   0.0   0:00.00 avahi-daemon
    921 root      30  10   11248   3612   3220 S   0.0   0.0   0:04.81 wifi_mon.sh
    969 root      20   0  237044  10204   6400 S   0.0   0.1   1:39.59 polkitd
    983 root      20   0    2460   1556   1380 S   0.0   0.0   0:04.62 nvfancontrol
   1049 root      20   0       0      0      0 S   0.0   0.0   0:00.00 sw-quiesce
   1052 root      20   0       0      0      0 S   0.0   0.0   0:11.41 nvgpu_channel_p
   1068 root      20   0       0      0      0 S   0.0   0.0   0:00.00 nvgpu_pg_init_g
   1087 root      20   0       0      0      0 S   0.0   0.0   0:00.00 nvgpu_clk_arb_p
   1117 root      20   0       0      0      0 S   0.0   0.0   0:04.39 RTW_CMD_THREAD
   1157 root      20   0   75936   9960   8136 S   0.0   0.1   0:00.01 nvargus-daemon
   1158 root      20   0   11116   3520   3220 S   0.0   0.0   0:00.04 nvmemwarning.sh
   1171 root      20   0   22192   1776   1580 S   0.0   0.0   0:00.00 nvs-service
   1181 ollama    20   0 2006720  39588  20072 S   0.0   0.5   0:00.64 ollama
   1195 root      20   0    2336   1408   1292 S   0.0   0.0   0:01.96 run-cups-browse
   1201 root      20   0    2336   1424   1296 S   0.0   0.0   0:02.02 run-cupsd
   1204 root      20   0       0      0      0 S   0.0   0.0   0:00.00 pr/ramoops-1
   1212 root      20   0 2019288  66636  33572 S   0.0   0.9   0:13.46 containerd
   1239 root      20   0   10772   2824   2576 S   0.0   0.0   0:00.03 cron
   1259 root      20   0  243128   8056   7012 S   0.0   0.1   0:00.02 gdm3
   1263 kernoops  20   0   12812    452      0 S   0.0   0.0   0:00.01 kerneloops
   1290 root      20   0    9468    800    724 S   0.0   0.0   0:00.00 agetty
   1291 kernoops  20   0   12812    452      0 S   0.0   0.0   0:00.01 kerneloops
   1293 root      20   0    9468    804    724 S   0.0   0.0   0:00.00 agetty
   1330 root      20   0  173408   8804   7628 S   0.0   0.1   0:00.02 gdm-session-wor
   1417 root      20   0       0      0      0 S   0.0   0.0   0:00.00 file-storage
   1426 root      20   0   15272   8368   6788 S   0.0   0.1   0:00.40 sshd
   1474 gdm       20   0   18120   9728   7360 S   0.0   0.1   0:00.41 systemd
   1478 root      20   0    3076    992    880 S   0.0   0.0   0:00.00 nvphsd
   1483 root      20   0    3208   1476   1316 S   0.0   0.0   0:00.00 nvphsd
   1497 gdm       20   0  106692   4552      0 S   0.0   0.1   0:00.00 (sd-pam)
   1588 root      20   0 2278700 101092  56496 S   0.0   1.3   0:04.35 dockerd
   1688 gdm        9 -11   41972   6468   5156 S   0.0   0.1   0:00.05 pipewire
   1689 gdm       20   0   25476   6428   5104 S   0.0   0.1   0:00.83 pipewire-media-
   1690 gdm        9 -11  891840  20748  12584 S   0.0   0.3   0:00.71 pulseaudio
   1695 gdm       20   0  163948   5472   4964 S   0.0   0.1   0:00.00 gdm-x-session
   1697 root      20   0   24.2g  80496  35884 S   0.0   1.0   0:01.46 Xorg
   1698 rtkit     21   1  153504   1588   1380 S   0.0   0.0   0:00.19 rtkit-daemon
   1729 gdm       20   0    8840   3600   3212 S   0.0   0.0   0:00.02 dbus-daemon
   1748 root      20   0       0      0      0 S   0.0   0.0   0:00.00 nvidia-modeset/
   1749 root      20   0       0      0      0 S   0.0   0.0   0:00.00 nvidia-modeset/
   1752 root      20   0       0      0      0 S   0.0   0.0   0:00.00 nvidia
   1753 root      20   0       0      0      0 S   0.0   0.0   0:00.00 nv_queue
   1790 root      20   0       0      0      0 S   0.0   0.0   0:00.00 nvidia-drm-nv-t
   1791 root     -51   0       0      0      0 S   0.0   0.0   0:00.00 card1-crtc0
   1792 root     -51   0       0      0      0 S   0.0   0.0   0:00.00 card1-crtc1
   1980 gdm       20   0    5876   1552   1344 S   0.0   0.0   0:00.00 dbus-run-sessio
   1983 gdm       20   0    9108   4440   3588 S   0.0   0.1   0:00.13 dbus-daemon
   2035 gdm       20   0  597840  17824  12972 S   0.0   0.2   0:00.61 gnome-session-b
   2057 gdm       20   0  310068   8976   6272 S   0.0   0.1   0:00.00 at-spi-bus-laun
   2062 gdm       20   0    8692   3556   3168 S   0.0   0.0   0:00.00 dbus-daemon
   2071 gdm       20   0 3471500 137208  73260 S   0.0   1.8   0:26.80 gnome-shell
   2092 gdm       20   0  237676   4964   4528 S   0.0   0.1   0:00.00 xdg-permission-
   2099 root      20   0  243852  10136   6984 S   0.0   0.1   0:00.29 upowerd
   2106 root      20   0  301608  19332  16408 S   0.0   0.2   0:00.87 packagekitd
   2110 gdm       20   0 2812288  25716  20860 S   0.0   0.3   0:00.08 gjs
   2113 gdm       20   0  163144   7196   6428 S   0.0   0.1   0:00.01 at-spi2-registr
   2141 gdm       20   0  468748   9856   7940 S   0.0   0.1   0:01.09 gsd-sharing
   2146 gdm       20   0  338880  14892  12620 S   0.0   0.2   0:00.06 gsd-wacom
   2148 gdm       20   0  451616  18896  16480 S   0.0   0.2   0:00.15 gsd-color
   2150 gdm       20   0  412392  17092  13292 S   0.0   0.2   0:00.04 gsd-keyboard
   2152 gdm       20   0  316864  13188   6244 S   0.0   0.2   0:00.10 ibus-daemon
   2156 gdm       20   0  326124   9848   8488 S   0.0   0.1   0:00.02 gsd-print-notif
   2166 gdm       20   0  242216   6512   5848 S   0.0   0.1   0:00.01 gvfsd
   2168 gdm       20   0  459796   6140   5436 S   0.0   0.1   0:00.32 gsd-rfkill
   2170 gdm       20   0  388312   7432   6528 S   0.0   0.1   0:00.01 gsd-smartcard
   2173 gdm       20   0  380556  16508  12504 S   0.0   0.2   0:00.03 gsd-datetime
   2183 gdm       20   0  864216  20108  17428 S   0.0   0.3   0:00.32 gsd-media-keys
   2184 gdm       20   0  237936   4760   4376 S   0.0   0.1   0:00.01 gsd-screensaver
   2185 gdm       20   0  322096  10392   7320 S   0.0   0.1   0:00.02 gsd-sound
   2186 gdm       20   0  312416   8104   5476 S   0.0   0.1   0:00.01 gsd-a11y-settin
   2193 gdm       20   0  313996   8944   6152 S   0.0   0.1   0:00.56 gsd-housekeepin
   2195 gdm       20   0  450004  20288  15904 S   0.0   0.3   0:00.31 gsd-power
   2218 gdm       20   0  347052  12608  10748 S   0.0   0.2   0:00.03 gsd-printer
   2221 gdm       20   0  239040   6576   5948 S   0.0   0.1   0:00.00 ibus-dconf
   2233 gdm       20   0  238936   5920   5488 S   0.0   0.1   0:00.00 ibus-portal
   2263 colord    20   0  247516  14492   8720 S   0.0   0.2   0:00.22 colord
   2285 gdm       20   0 2812300  27868  20904 S   0.0   0.4   0:00.09 gjs
   2349 gdm       20   0  165096   6516   5892 S   0.0   0.1   0:00.01 ibus-engine-sim
   2508 root      20   0  136716  13172   9512 S   0.0   0.2   0:00.57 cupsd
   2522 root      20   0  260792  17940  13508 S   0.0   0.2   0:01.10 cups-browsed
  11687 jetson    20   0   18140   9764   7368 S   0.0   0.1   0:00.32 systemd
  11688 jetson    20   0  172512   4632      0 S   0.0   0.1   0:00.00 (sd-pam)
  11696 jetson    20   0   41976   6552   5228 S   0.0   0.1   0:00.04 pipewire
  11697 jetson    20   0   25484   6724   5388 S   0.0   0.1   0:00.88 pipewire-media-
  11749 jetson    20   0    8888   3620   3232 S   0.0   0.0   0:00.01 dbus-daemon
  11931 jetson    20   0  706564  62076  26432 S   0.0   0.8   1:05.64 python3
  12473 root      20   0 1233488  14060   6340 S   0.0   0.2   0:01.66 containerd-shim
  12502 jetson    20   0    5508    792    704 S   0.0   0.0   0:00.20 sleep
  12567 root      20   0   21892   5484   3884 S   0.0   0.1   0:13.95 systemd-udevd
  12575 root      20   0   21760   4520   2952 S   0.0   0.1   0:28.25 systemd-udevd
  13234 jetson    20   0  203640  35476  13212 S   0.0   0.5   0:00.75 ros2
  13236 jetson    20   0 1996680  34168  17228 S   0.0   0.4   0:00.47 docker
  13238 jetson    20   0  428384  31060  15828 S   0.0   0.4   1:07.64 robot_state_pub
  13265 root      20   0 1232976  11124   5960 S   0.0   0.1   0:01.17 containerd-shim
  13294 root      20   0   49400  29204  14412 S   0.0   0.4   0:00.40 ros2
  13554 root      20   0   21760   4448   2932 S   0.0   0.1   0:00.02 systemd-udevd
  13555 root      20   0   21760   3352   1860 S   0.0   0.0   0:00.00 systemd-udevd
  13568 root      20   0   21760   3376   1864 S   0.0   0.0   0:00.02 systemd-udevd
  13569 root      20   0   21760   4128   2588 S   0.0   0.1   0:00.04 systemd-udevd
  13570 root      20   0   21764   4488   2960 S   0.0   0.1   0:00.04 systemd-udevd
  13571 root      20   0   21764   4104   2588 S   0.0   0.1   0:00.03 systemd-udevd
  13580 root      20   0   21764   4136   2588 S   0.0   0.1   0:00.03 systemd-udevd
  13581 root      20   0   21764   3708   2180 S   0.0   0.0   0:00.00 systemd-udevd
  13582 root      20   0   21764   4252   2704 S   0.0   0.1   0:00.05 systemd-udevd
  13594 root      20   0   21764   3408   1864 S   0.0   0.0   0:00.01 systemd-udevd
  13595 root      20   0   21764   3652   2120 S   0.0   0.0   0:00.02 systemd-udevd
  31399 root      20   0       0      0      0 I   0.0   0.0   0:14.51 kworker/u12:8-events_unbound
  33484 root      20   0       0      0      0 I   0.0   0.0   0:09.51 kworker/u12:0-events_unbound
  34263 root      20   0       0      0      0 I   0.0   0.0   0:11.49 kworker/u12:2-events_unbound
  42253 root      20   0       0      0      0 I   0.0   0.0   0:10.82 kworker/u12:3-events_unbound
  49116 root      20   0       0      0      0 I   0.0   0.0   0:00.62 kworker/0:0-events
  51824 root      20   0       0      0      0 I   0.0   0.0   0:01.27 kworker/5:1-events
  59272 root      20   0       0      0      0 I   0.0   0.0   0:01.09 kworker/3:3-events
  85708 root      20   0       0      0      0 I   0.0   0.0   0:00.34 kworker/4:1-mm_percpu_wq
  95815 root      20   0       0      0      0 I   0.0   0.0   0:00.00 kworker/0:2-events
  96157 root      20   0       0      0      0 I   0.0   0.0   0:00.00 kworker/4:2-events
  97402 root      20   0       0      0      0 I   0.0   0.0   0:06.19 kworker/u12:5-events_freezable_power_
  98042 jetson    20   0  572504  36008  13228 S   0.0   0.5   0:01.78 ros2
  98052 jetson    20   0 1082804  58392  26368 S   0.0   0.7   0:39.07 foxglove_bridge
  98155 root      20   0       0      0      0 I   0.0   0.0   0:00.00 kworker/2:1-events
  98217 root      20   0  238836   6944   5696 S   0.0   0.1   0:01.51 iio-sensor-prox
  98455 jetson    20   0  129772  36116  13228 S   0.0   0.5   0:00.71 ros2
 100055 root      20   0       0      0      0 I   0.0   0.0   0:00.00 kworker/5:2-cgroup_destroy
 100706 jetson    20   0   53568  30372  15020 S   0.0   0.4   0:00.43 ros2
 149635 root      20   0       0      0      0 I   0.0   0.0   0:00.00 kworker/3:0-events
 174364 root      20   0       0      0      0 I   0.0   0.0   0:02.42 kworker/u12:4-events_unbound
 205195 root       0 -20       0      0      0 I   0.0   0.0   0:03.55 kworker/u13:0-uvcvideo
 211464 root      20   0       0      0      0 I   0.0   0.0   0:01.30 kworker/u12:7-events_freezable_power_
 219316 root       0 -20       0      0      0 I   0.0   0.0   0:01.74 kworker/u13:3-uvcvideo
 223411 root      20   0       0      0      0 I   0.0   0.0   0:00.00 kworker/1:0-cgroup_destroy
 225822 root      20   0       0      0      0 I   0.0   0.0   0:00.64 kworker/u12:9-events_freezable_power_
 229418 root      20   0       0      0      0 I   0.0   0.0   0:00.36 kworker/u12:10-events_unbound
 233042 root      20   0    9436    768    688 S   0.0   0.0   0:00.00 sleep
 233444 root       0 -20       0      0      0 I   0.0   0.0   0:00.45 kworker/u13:2-uvcvideo
 234184 root      20   0       0      0      0 I   0.0   0.0   0:00.00 kworker/0:1-events
 234228 root      20   0       0      0      0 I   0.0   0.0   0:00.00 kworker/3:1
 234272 root      20   0       0      0      0 I   0.0   0.0   0:00.00 kworker/2:0-events
 234404 root      20   0       0      0      0 I   0.0   0.0   0:00.03 kworker/5:0-mm_percpu_wq
 235691 root      20   0       0      0      0 I   0.0   0.0   0:00.00 kworker/1:1-events
 236264 jetson    20   0   11248   3292   2852 S   0.0   0.0   0:00.03 bash
 238391 jetson    20   0   11248   3300   2864 S   0.0   0.0   0:00.01 bash
 238443 jetson    20   0    2872    896    800 S   0.0   0.0   0:00.08 tegrastats
 238637 jetson    20   0    9480    820    736 S   0.0   0.0   0:00.00 tail
 239729 root      30  10   11248   1712   1320 S   0.0   0.0   0:00.00 wifi_mon.sh
 240166 root      30  10    9436    780    704 S   0.0   0.0   0:00.00 sleep

top - 13:14:45 up  3:37,  0 users,  load average: 9.30, 6.74, 4.97
Tasks: 348 total,   4 running, 344 sleeping,   0 stopped,   0 zombie
%Cpu(s): 39.8 us, 10.0 sy,  0.0 ni, 45.8 id,  0.0 wa,  2.3 hi,  2.1 si,  0.0 st
MiB Mem :   7607.4 total,   2836.7 free,   1986.9 used,   2783.8 buff/cache
MiB Swap:   3803.7 total,   3803.7 free,      0.0 used.   5322.6 avail Mem 

    PID USER      PR  NI    VIRT    RES    SHR S  %CPU  %MEM     TIME+ COMMAND
  98338 jetson    20   0  709016  64620  27260 R  39.1   0.8  28:20.08 python3
  13320 root      20   0 1300240  43896  11392 S  28.2   0.6  14:24.58 micro_ros_agent
 238441 jetson    20   0  763896  56388  25416 S  24.3   0.7   0:09.75 ros2
 100721 jetson    20   0 9355252 432928  88856 S  19.8   5.6  12:31.27 nvblox_node
  98048 jetson    20   0  432960  28196  14244 S  16.3   0.4  12:40.10 rplidar_node
 102583 jetson    20   0  963132  46712  23656 S  15.8   0.6   7:13.61 controller_serv
  98044 jetson    20   0 1813648 105696  51328 S  15.3   1.4  10:20.60 realsense2_came
  98046 jetson    20   0  711536  66920  27240 S  13.9   0.9  12:14.48 python3
  98340 jetson    20   0  506224  33968  18400 R  12.4   0.4   8:29.29 ekf_node
 102587 jetson    20   0 1210040  97424  42692 S  12.4   1.3   6:52.47 planner_server
 102641 jetson    20   0  577392  31872  16252 S  11.9   0.4   7:45.12 lifecycle_manag
 102592 jetson    20   0  531020  48948  26676 S  10.9   0.6   6:08.76 bt_navigator
  98050 jetson    20   0  708072  65988  27372 S   9.4   0.8   6:09.05 python3
 102589 jetson    20   0  516304  37492  21032 S   7.9   0.5   4:58.49 behavior_server
 102581 jetson    20   0  709536  62208  27352 S   6.9   0.8   2:50.50 python3
 102585 jetson    20   0  664660  35184  19412 S   6.4   0.5   4:10.54 smoother_server
 102637 jetson    20   0  428576  29080  15960 S   5.9   0.4   3:23.38 velocity_smooth
 102619 jetson    20   0  431272  31524  17020 S   5.4   0.4   3:22.73 waypoint_follow
  98457 jetson    20   0 1061924  55560  24360 S   4.0   0.7   2:18.56 async_slam_tool
  98052 jetson    20   0 1082804  58392  26368 S   2.0   0.7   0:39.11 foxglove_bridge
 238442 jetson    20   0   14344   3352   2756 R   1.5   0.0   0:00.40 top
    904 root      rt   0       0      0      0 D   1.0   0.0   0:50.64 sugov:0
  42253 root      20   0       0      0      0 I   1.0   0.0   0:10.84 kworker/u12:3-events_freezable_power_
 192628 root       0 -20       0      0      0 I   1.0   0.0   0:04.58 kworker/u13:1-uvcvideo
    256 root      19  -1   40648  11528   9920 S   0.5   0.1   0:14.97 systemd-journal
    909 root      rt   0       0      0      0 S   0.5   0.0   0:24.08 sugov:4
    921 root      30  10   11248   3612   3220 S   0.5   0.0   0:04.82 wifi_mon.sh
   1052 root      20   0       0      0      0 S   0.5   0.0   0:11.42 nvgpu_channel_p
   2071 gdm       20   0 3471500 137208  73260 S   0.5   1.8   0:26.81 gnome-shell
  11931 jetson    20   0  706564  62076  26432 S   0.5   0.8   1:05.65 python3
  12575 root      20   0   21760   4520   2952 S   0.5   0.1   0:28.26 systemd-udevd
  13238 jetson    20   0  428384  31060  15828 S   0.5   0.4   1:07.65 robot_state_pub
  90870 root      20   0       0      0      0 I   0.5   0.0   0:08.16 kworker/u12:11-events_unbound
 225822 root      20   0       0      0      0 I   0.5   0.0   0:00.65 kworker/u12:9-events_freezable_power_
 238443 jetson    20   0    2872    896    800 S   0.5   0.0   0:00.09 tegrastats
      1 root      20   0  167628  11764   7444 S   0.0   0.2   0:17.26 systemd
      2 root      20   0       0      0      0 S   0.0   0.0   0:00.02 kthreadd
      3 root       0 -20       0      0      0 I   0.0   0.0   0:00.00 rcu_gp
      4 root       0 -20       0      0      0 I   0.0   0.0   0:00.00 rcu_par_gp
      5 root       0 -20       0      0      0 I   0.0   0.0   0:00.00 slub_flushwq
      6 root       0 -20       0      0      0 I   0.0   0.0   0:00.00 netns
      8 root       0 -20       0      0      0 I   0.0   0.0   0:00.00 kworker/0:0H-events_highpri
     10 root       0 -20       0      0      0 I   0.0   0.0   0:00.00 mm_percpu_wq
     11 root      20   0       0      0      0 S   0.0   0.0   0:00.00 rcu_tasks_kthre
     12 root      20   0       0      0      0 S   0.0   0.0   0:00.00 rcu_tasks_rude_
     13 root      20   0       0      0      0 S   0.0   0.0   0:00.00 rcu_tasks_trace
     14 root      20   0       0      0      0 R   0.0   0.0   0:10.93 ksoftirqd/0
     15 root      20   0       0      0      0 I   0.0   0.0   0:04.56 rcu_preempt
     16 root      rt   0       0      0      0 S   0.0   0.0   0:00.01 migration/0
     17 root      20   0       0      0      0 S   0.0   0.0   0:00.00 cpuhp/0
     18 root      20   0       0      0      0 S   0.0   0.0   0:00.00 cpuhp/1
     19 root      rt   0       0      0      0 S   0.0   0.0   0:00.01 migration/1
     20 root      20   0       0      0      0 S   0.0   0.0   0:00.66 ksoftirqd/1
     22 root       0 -20       0      0      0 I   0.0   0.0   0:00.00 kworker/1:0H-events_highpri
     23 root      20   0       0      0      0 S   0.0   0.0   0:00.00 cpuhp/2
     24 root      rt   0       0      0      0 S   0.0   0.0   0:00.00 migration/2
     25 root      20   0       0      0      0 S   0.0   0.0   0:00.68 ksoftirqd/2
     27 root       0 -20       0      0      0 I   0.0   0.0   0:00.00 kworker/2:0H-events_highpri
     28 root      20   0       0      0      0 S   0.0   0.0   0:00.00 cpuhp/3
     29 root      rt   0       0      0      0 S   0.0   0.0   0:00.00 migration/3
     30 root      20   0       0      0      0 S   0.0   0.0   0:00.63 ksoftirqd/3
     32 root       0 -20       0      0      0 I   0.0   0.0   0:00.00 kworker/3:0H-events_highpri
     33 root      20   0       0      0      0 S   0.0   0.0   0:00.00 cpuhp/4
     34 root      rt   0       0      0      0 S   0.0   0.0   0:00.02 migration/4
     35 root      20   0       0      0      0 S   0.0   0.0   0:00.47 ksoftirqd/4
     37 root       0 -20       0      0      0 I   0.0   0.0   0:00.00 kworker/4:0H-kblockd
     38 root      20   0       0      0      0 S   0.0   0.0   0:00.00 cpuhp/5
     39 root      rt   0       0      0      0 S   0.0   0.0   0:00.03 migration/5
     40 root      20   0       0      0      0 S   0.0   0.0   0:00.48 ksoftirqd/5
     42 root       0 -20       0      0      0 I   0.0   0.0   0:00.00 kworker/5:0H-events_highpri
     43 root      20   0       0      0      0 S   0.0   0.0   0:00.01 kdevtmpfs
     44 root       0 -20       0      0      0 I   0.0   0.0   0:00.00 inet_frag_wq
     51 root      20   0       0      0      0 S   0.0   0.0   0:00.00 kauditd
     52 root      20   0       0      0      0 S   0.0   0.0   0:00.00 oom_reaper
     53 root       0 -20       0      0      0 I   0.0   0.0   0:00.00 writeback
     54 root      20   0       0      0      0 S   0.0   0.0   0:00.10 kcompactd0
     55 root      25   5       0      0      0 S   0.0   0.0   0:00.00 ksmd
     56 root      39  19       0      0      0 S   0.0   0.0   0:01.15 khugepaged
     67 root       0 -20       0      0      0 I   0.0   0.0   0:00.00 cryptd
     86 root       0 -20       0      0      0 I   0.0   0.0   0:00.00 kintegrityd
     87 root       0 -20       0      0      0 I   0.0   0.0   0:00.00 kblockd
     88 root       0 -20       0      0      0 I   0.0   0.0   0:00.00 blkcg_punt_bio
     89 root       0 -20       0      0      0 I   0.0   0.0   0:00.00 tpm_dev_wq
     90 root       0 -20       0      0      0 I   0.0   0.0   0:00.00 ata_sff
     91 root       0 -20       0      0      0 I   0.0   0.0   0:00.00 edac-poller
     92 root       0 -20       0      0      0 I   0.0   0.0   0:00.00 devfreq_wq
     93 root     -51   0       0      0      0 S   0.0   0.0   0:00.00 watchdogd
     96 root       0 -20       0      0      0 I   0.0   0.0   0:00.04 kworker/1:1H-kblockd
     97 root       0 -20       0      0      0 I   0.0   0.0   0:00.00 rpciod
     99 root       0 -20       0      0      0 I   0.0   0.0   0:00.00 xprtiod
    127 root      20   0       0      0      0 S   0.0   0.0   0:00.00 kswapd0
    128 root       0 -20       0      0      0 I   0.0   0.0   0:00.00 nfsiod
    132 root       0 -20       0      0      0 I   0.0   0.0   0:00.00 vfio-irqfd-clea
    133 root       0 -20       0      0      0 I   0.0   0.0   0:00.00 bch_btree_io
    134 root       0 -20       0      0      0 I   0.0   0.0   0:00.00 bcache
    135 root       0 -20       0      0      0 I   0.0   0.0   0:00.00 bch_journal
    136 root       0 -20       0      0      0 I   0.0   0.0   0:00.00 dm_bufio_cache
    137 root      20   0       0      0      0 I   0.0   0.0   0:01.27 kworker/1:2-mm_percpu_wq
    139 root      20   0       0      0      0 I   0.0   0.0   0:00.75 kworker/2:3-mm_percpu_wq
    140 root      10 -10       0      0      0 S   0.0   0.0   0:00.00 krfcommd
    141 root      20   0       0      0      0 S   0.0   0.0   0:00.01 pr/tty0
    142 root      20   0       0      0      0 S   0.0   0.0   0:03.04 pr/ttyTCU0
    145 root     -51   0       0      0      0 S   0.0   0.0   0:00.00 irq/114-3160000
    147 root     -51   0       0      0      0 S   0.0   0.0   0:00.00 irq/115-3180000
    149 root     -51   0       0      0      0 S   0.0   0.0   0:00.00 irq/116-31b0000
    150 root     -51   0       0      0      0 S   0.0   0.0   0:00.02 irq/167-c240000
    151 root     -51   0       0      0      0 S   0.0   0.0   0:00.00 irq/168-c250000
    152 root     -51   0       0      0      0 S   0.0   0.0   0:00.00 irq/125-3610000
    153 root     -51   0       0      0      0 S   0.0   0.0   0:00.00 irq/122-3610000
    155 root       0 -20       0      0      0 I   0.0   0.0   0:00.00 sdhci
    156 root     -51   0       0      0      0 S   0.0   0.0   0:00.00 irq/120-mmc0
    157 root     -51   0       0      0      0 S   0.0   0.0   0:00.00 irq/230-3400000
    174 root       0 -20       0      0      0 I   0.0   0.0   0:00.05 kworker/3:1H-kblockd
    180 root     -51   0       0      0      0 S   0.0   0.0   0:00.00 irq/191-tegra-p
    181 root       0 -20       0      0      0 I   0.0   0.0   0:00.00 nvme-wq
    182 root       0 -20       0      0      0 I   0.0   0.0   0:00.00 nvme-reset-wq
    183 root       0 -20       0      0      0 I   0.0   0.0   0:00.00 nvme-delete-wq
    192 root     -51   0       0      0      0 S   0.0   0.0   0:00.00 irq/191-aerdrv
    193 root     -51   0       0      0      0 S   0.0   0.0   0:00.00 irq/193-tegra-p
    196 root     -51   0       0      0      0 S   0.0   0.0   0:00.00 irq/193-aerdrv
    197 root     -51   0       0      0      0 S   0.0   0.0   0:00.00 irq/195-tegra-p
    199 root     -51   0       0      0      0 S   0.0   0.0   0:00.00 irq/232-nvme0q0
    200 root     -51   0       0      0      0 S   0.0   0.0   0:00.23 irq/233-nvme0q1
    201 root     -51   0       0      0      0 S   0.0   0.0   0:00.27 irq/234-nvme0q2
    202 root     -51   0       0      0      0 S   0.0   0.0   0:00.41 irq/235-nvme0q3
    203 root     -51   0       0      0      0 S   0.0   0.0   0:00.52 irq/236-nvme0q4
    204 root     -51   0       0      0      0 S   0.0   0.0   0:00.13 irq/237-nvme0q5
    205 root     -51   0       0      0      0 S   0.0   0.0   0:00.09 irq/238-nvme0q6
    211 root       0 -20       0      0      0 I   0.0   0.0   0:00.05 kworker/4:1H-kblockd
    212 root      20   0       0      0      0 S   0.0   0.0   0:00.74 jbd2/nvme0n1p1-
    213 root       0 -20       0      0      0 I   0.0   0.0   0:00.00 ext4-rsv-conver
    222 root       0 -20       0      0      0 I   0.0   0.0   0:00.00 mld
    223 root       0 -20       0      0      0 I   0.0   0.0   0:00.03 kworker/0:1H-kblockd
    224 root       0 -20       0      0      0 I   0.0   0.0   0:00.00 ipv6_addrconf
    278 root       0 -20       0      0      0 I   0.0   0.0   0:00.06 kworker/2:1H-kblockd
    280 root      39  19       0      0      0 S   0.0   0.0   0:00.40 nvmap-bz
    281 root     -51   0       0      0      0 S   0.0   0.0   0:00.00 irq/188-host1x_
    285 root     -51   0       0      0      0 S   0.0   0.0   0:00.00 irq/197-gk20a_s
    286 root     -51   0       0      0      0 S   0.0   0.0   0:00.01 irq/198-gk20a_s
    287 root     -51   0       0      0      0 S   0.0   0.0   0:00.01 irq/199-gk20a_s
    288 root     -51   0       0      0      0 S   0.0   0.0   0:00.00 irq/200-gk20a_n
    291 root       0 -20       0      0      0 I   0.0   0.0   0:00.04 kworker/5:1H-kblockd
    295 root      20   0   11116   3460   3204 S   0.0   0.0   0:00.00 nv-tee-supplica
    299 root      20   0   76588   1360   1248 S   0.0   0.0   0:00.01 tee-supplicant
    301 root       0 -20       0      0      0 I   0.0   0.0   0:00.00 optee_bus_scan
    303 root     -51   0       0      0      0 S   0.0   0.0   0:00.00 irq/189-tegra-p
    312 root      20   0   23732   6316   4080 S   0.0   0.1   0:15.43 systemd-udevd
    313 root     -51   0       0      0      0 S   0.0   0.0   0:00.00 irq/189-aerdrv
    314 root      20   0   23216   5804   3992 S   0.0   0.1   0:00.37 systemd-udevd
    315 root      20   0   23216   5020   3248 S   0.0   0.1   0:00.15 systemd-udevd
    316 root      20   0   23268   6224   4288 S   0.0   0.1   0:00.16 systemd-udevd
    317 root      20   0   23220   4364   2600 S   0.0   0.1   0:00.11 systemd-udevd
    318 root      20   0   23216   4480   2672 S   0.0   0.1   0:00.12 systemd-udevd
    319 root      20   0   23212   5812   3980 S   0.0   0.1   0:00.28 systemd-udevd
    320 root      20   0   23264   4688   2764 S   0.0   0.1   0:00.13 systemd-udevd
    321 root      20   0   23268   5072   3136 S   0.0   0.1   0:00.18 systemd-udevd
    322 root      20   0   23524   5520   3456 S   0.0   0.1   0:00.26 systemd-udevd
    323 root      20   0   23216   6268   4444 S   0.0   0.1   0:00.35 systemd-udevd
    324 root      20   0   23220   5196   3388 S   0.0   0.1   0:00.16 systemd-udevd
    325 root      20   0   23220   5808   3976 S   0.0   0.1   0:00.35 systemd-udevd
    326 root      20   0   23220   5232   3388 S   0.0   0.1   0:00.38 systemd-udevd
    327 root      20   0   23220   5468   3656 S   0.0   0.1   0:00.18 systemd-udevd
    330 root      20   0   23512   5728   3684 S   0.0   0.1   0:00.14 systemd-udevd
    331 root      20   0   24292   5540   2676 S   0.0   0.1   0:00.16 systemd-udevd
    333 root      20   0   23524   5596   3532 S   0.0   0.1   0:00.26 systemd-udevd
    334 root      20   0   23220   5080   3240 S   0.0   0.1   0:00.24 systemd-udevd
    335 root      20   0   23220   4504   2708 S   0.0   0.1   0:00.11 systemd-udevd
    336 root      20   0   23220   4696   2892 S   0.0   0.1   0:00.14 systemd-udevd
    337 root      20   0   23524   5056   2992 S   0.0   0.1   0:00.16 systemd-udevd
    339 root      20   0   23220   4980   3148 S   0.0   0.1   0:00.17 systemd-udevd
    340 root      20   0   23544   6732   4608 S   0.0   0.1   0:52.08 systemd-udevd
    341 root      20   0   23276   5328   3384 S   0.0   0.1   0:00.13 systemd-udevd
    342 root      20   0   23280   5176   3228 S   0.0   0.1   0:00.13 systemd-udevd
    343 root      20   0   23220   5984   4152 S   0.0   0.1   0:00.29 systemd-udevd
    344 root      20   0   23560   6700   4596 S   0.0   0.1   0:00.46 systemd-udevd
    345 root      20   0       0      0      0 S   0.0   0.0   0:00.00 15820000.crypto
    346 root      20   0       0      0      0 S   0.0   0.0   0:00.00 15840000.crypto
    368 root      20   0   23324   5984   4116 S   0.0   0.1   0:00.38 systemd-udevd
    417 root     -51   0       0      0      0 S   0.0   0.0   0:00.00 irq/219-bc00000
    419 root      -2   0       0      0      0 S   0.0   0.0   0:00.00 capture-control
    420 root      -2   0       0      0      0 S   0.0   0.0   0:00.00 capture
    422 root     -51   0       0      0      0 S   0.0   0.0   0:00.00 irq/214-tegra_d
    423 root     -51   0       0      0      0 S   0.0   0.0   0:00.00 irq/215-tegra_d
    424 root       0 -20       0      0      0 I   0.0   0.0   0:00.00 dce-async-ipc-w
    425 root     -51   0       0      0      0 S   0.0   0.0   0:00.00 irq/240-nvvrs-p
    427 root      20   0       0      0      0 S   0.0   0.0   0:00.00 nv_queue
    428 root      20   0       0      0      0 S   0.0   0.0   0:00.00 nv_queue
    483 root     -51   0       0      0      0 S   0.0   0.0   0:00.00 irq/118-3210000
    487 root      20   0       0      0      0 S   0.0   0.0   0:00.00 spi0
    495 root       0 -20       0      0      0 I   0.0   0.0   0:00.00 cfg80211
    497 root     -51   0       0      0      0 S   0.0   0.0   0:00.00 irq/119-3230000
    498 root      20   0       0      0      0 S   0.0   0.0   0:00.00 spi1
    584 root       0 -20       0      0      0 I   0.0   0.0   0:00.00 btfwwork
    650 root      20   0    8236   6424   1432 S   0.0   0.1   0:00.53 haveged
    653 _rpc      20   0    7932   2264   1912 S   0.0   0.0   0:00.02 rpcbind
    659 systemd+  20   0   26320  13580   8496 S   0.0   0.2   0:00.36 systemd-resolve
    662 systemd+  20   0   88880   6332   5484 S   0.0   0.1   0:00.12 systemd-timesyn
    826 avahi     20   0    8084   3108   2752 S   0.0   0.0   0:00.42 avahi-daemon
    827 root      20   0    9888   4552   4112 S   0.0   0.1   0:00.07 bluetoothd
    828 message+  20   0   10372   5572   3584 S   0.0   0.1   0:22.74 dbus-daemon
    829 root      20   0  264656  18684  14872 S   0.0   0.2   0:20.95 NetworkManager
    838 root      20   0   43504  19780  10232 S   0.0   0.3   0:00.15 networkd-dispat
    849 root      20   0  241652   9056   6312 S   0.0   0.1   0:00.34 power-profiles-
    854 syslog    20   0  222160   5012   3672 S   0.0   0.1   0:02.93 rsyslogd
    859 root      20   0    2240    796    720 S   0.0   0.0   0:00.00 seatd
    865 root      20   0 2145956  51744  25768 S   0.0   0.7   0:22.70 snapd
    867 root      20   0  242124   7452   6576 S   0.0   0.1   0:01.19 accounts-daemon
    869 root      20   0  238128   6232   5620 S   0.0   0.1   0:00.04 switcheroo-cont
    871 root      20   0   48968   7620   6296 S   0.0   0.1   0:02.02 systemd-logind
    874 root      20   0  394188  13980   9476 S   0.0   0.2   0:00.53 udisksd
    875 root      20   0   16632   9928   8148 S   0.0   0.1   0:00.78 wpa_supplicant
    882 avahi     20   0    7812    356      0 S   0.0   0.0   0:00.00 avahi-daemon
    969 root      20   0  237044  10204   6400 S   0.0   0.1   1:39.59 polkitd
    983 root      20   0    2460   1556   1380 S   0.0   0.0   0:04.62 nvfancontrol
   1049 root      20   0       0      0      0 S   0.0   0.0   0:00.00 sw-quiesce
   1068 root      20   0       0      0      0 S   0.0   0.0   0:00.00 nvgpu_pg_init_g
   1087 root      20   0       0      0      0 S   0.0   0.0   0:00.00 nvgpu_clk_arb_p
   1117 root      20   0       0      0      0 S   0.0   0.0   0:04.39 RTW_CMD_THREAD
   1157 root      20   0   75936   9960   8136 S   0.0   0.1   0:00.01 nvargus-daemon
   1158 root      20   0   11116   3520   3220 S   0.0   0.0   0:00.04 nvmemwarning.sh
   1171 root      20   0   22192   1776   1580 S   0.0   0.0   0:00.00 nvs-service
   1181 ollama    20   0 2006720  39588  20072 S   0.0   0.5   0:00.64 ollama
   1195 root      20   0    2336   1408   1292 S   0.0   0.0   0:01.96 run-cups-browse
   1201 root      20   0    2336   1424   1296 S   0.0   0.0   0:02.02 run-cupsd
   1204 root      20   0       0      0      0 S   0.0   0.0   0:00.00 pr/ramoops-1
   1212 root      20   0 2019288  66636  33572 S   0.0   0.9   0:13.46 containerd
   1239 root      20   0   10772   2824   2576 S   0.0   0.0   0:00.03 cron
   1259 root      20   0  243128   8056   7012 S   0.0   0.1   0:00.02 gdm3
   1263 kernoops  20   0   12812    452      0 S   0.0   0.0   0:00.01 kerneloops
   1290 root      20   0    9468    800    724 S   0.0   0.0   0:00.00 agetty
   1291 kernoops  20   0   12812    452      0 S   0.0   0.0   0:00.01 kerneloops
   1293 root      20   0    9468    804    724 S   0.0   0.0   0:00.00 agetty
   1330 root      20   0  173408   8804   7628 S   0.0   0.1   0:00.02 gdm-session-wor
   1417 root      20   0       0      0      0 S   0.0   0.0   0:00.00 file-storage
   1426 root      20   0   15272   8368   6788 S   0.0   0.1   0:00.40 sshd
   1474 gdm       20   0   18120   9728   7360 S   0.0   0.1   0:00.41 systemd
   1478 root      20   0    3076    992    880 S   0.0   0.0   0:00.00 nvphsd
   1483 root      20   0    3208   1476   1316 S   0.0   0.0   0:00.00 nvphsd
   1497 gdm       20   0  106692   4552      0 S   0.0   0.1   0:00.00 (sd-pam)
   1588 root      20   0 2278700 101092  56496 S   0.0   1.3   0:04.35 dockerd
   1688 gdm        9 -11   41972   6468   5156 S   0.0   0.1   0:00.05 pipewire
   1689 gdm       20   0   25476   6428   5104 S   0.0   0.1   0:00.83 pipewire-media-
   1690 gdm        9 -11  891840  20748  12584 S   0.0   0.3   0:00.71 pulseaudio
   1695 gdm       20   0  163948   5472   4964 S   0.0   0.1   0:00.00 gdm-x-session
   1697 root      20   0   24.2g  80496  35884 S   0.0   1.0   0:01.46 Xorg
   1698 rtkit     21   1  153504   1588   1380 S   0.0   0.0   0:00.19 rtkit-daemon
   1729 gdm       20   0    8840   3600   3212 S   0.0   0.0   0:00.02 dbus-daemon
   1748 root      20   0       0      0      0 S   0.0   0.0   0:00.00 nvidia-modeset/
   1749 root      20   0       0      0      0 S   0.0   0.0   0:00.00 nvidia-modeset/
   1752 root      20   0       0      0      0 S   0.0   0.0   0:00.00 nvidia
   1753 root      20   0       0      0      0 S   0.0   0.0   0:00.00 nv_queue
   1790 root      20   0       0      0      0 S   0.0   0.0   0:00.00 nvidia-drm-nv-t
   1791 root     -51   0       0      0      0 S   0.0   0.0   0:00.00 card1-crtc0
   1792 root     -51   0       0      0      0 S   0.0   0.0   0:00.00 card1-crtc1
   1980 gdm       20   0    5876   1552   1344 S   0.0   0.0   0:00.00 dbus-run-sessio
   1983 gdm       20   0    9108   4440   3588 S   0.0   0.1   0:00.13 dbus-daemon
   2035 gdm       20   0  597840  17824  12972 S   0.0   0.2   0:00.61 gnome-session-b
   2057 gdm       20   0  310068   8976   6272 S   0.0   0.1   0:00.00 at-spi-bus-laun
   2062 gdm       20   0    8692   3556   3168 S   0.0   0.0   0:00.00 dbus-daemon
   2092 gdm       20   0  237676   4964   4528 S   0.0   0.1   0:00.00 xdg-permission-
   2099 root      20   0  243852  10136   6984 S   0.0   0.1   0:00.29 upowerd
   2106 root      20   0  301608  19332  16408 S   0.0   0.2   0:00.87 packagekitd
   2110 gdm       20   0 2812288  25716  20860 S   0.0   0.3   0:00.08 gjs
   2113 gdm       20   0  163144   7196   6428 S   0.0   0.1   0:00.01 at-spi2-registr
   2141 gdm       20   0  468748   9856   7940 S   0.0   0.1   0:01.09 gsd-sharing
   2146 gdm       20   0  338880  14892  12620 S   0.0   0.2   0:00.06 gsd-wacom
   2148 gdm       20   0  451616  18896  16480 S   0.0   0.2   0:00.15 gsd-color
   2150 gdm       20   0  412392  17092  13292 S   0.0   0.2   0:00.04 gsd-keyboard
   2152 gdm       20   0  316864  13188   6244 S   0.0   0.2   0:00.10 ibus-daemon
   2156 gdm       20   0  326124   9848   8488 S   0.0   0.1   0:00.02 gsd-print-notif
   2166 gdm       20   0  242216   6512   5848 S   0.0   0.1   0:00.01 gvfsd
   2168 gdm       20   0  459796   6140   5436 S   0.0   0.1   0:00.32 gsd-rfkill
   2170 gdm       20   0  388312   7432   6528 S   0.0   0.1   0:00.01 gsd-smartcard
   2173 gdm       20   0  380556  16508  12504 S   0.0   0.2   0:00.03 gsd-datetime
   2183 gdm       20   0  864216  20108  17428 S   0.0   0.3   0:00.32 gsd-media-keys
   2184 gdm       20   0  237936   4760   4376 S   0.0   0.1   0:00.01 gsd-screensaver
   2185 gdm       20   0  322096  10392   7320 S   0.0   0.1   0:00.02 gsd-sound
   2186 gdm       20   0  312416   8104   5476 S   0.0   0.1   0:00.01 gsd-a11y-settin
   2193 gdm       20   0  313996   8944   6152 S   0.0   0.1   0:00.56 gsd-housekeepin
   2195 gdm       20   0  450004  20288  15904 S   0.0   0.3   0:00.31 gsd-power
   2218 gdm       20   0  347052  12608  10748 S   0.0   0.2   0:00.03 gsd-printer
   2221 gdm       20   0  239040   6576   5948 S   0.0   0.1   0:00.00 ibus-dconf
   2233 gdm       20   0  238936   5920   5488 S   0.0   0.1   0:00.00 ibus-portal
   2263 colord    20   0  247516  14492   8720 S   0.0   0.2   0:00.22 colord
   2285 gdm       20   0 2812300  27868  20904 S   0.0   0.4   0:00.09 gjs
   2349 gdm       20   0  165096   6516   5892 S   0.0   0.1   0:00.01 ibus-engine-sim
   2508 root      20   0  136716  13172   9512 S   0.0   0.2   0:00.57 cupsd
   2522 root      20   0  260792  17940  13508 S   0.0   0.2   0:01.10 cups-browsed
  11687 jetson    20   0   18140   9764   7368 S   0.0   0.1   0:00.32 systemd
  11688 jetson    20   0  172512   4632      0 S   0.0   0.1   0:00.00 (sd-pam)
  11696 jetson    20   0   41976   6552   5228 S   0.0   0.1   0:00.04 pipewire
  11697 jetson    20   0   25484   6724   5388 S   0.0   0.1   0:00.88 pipewire-media-
  11749 jetson    20   0    8888   3620   3232 S   0.0   0.0   0:00.01 dbus-daemon
  12473 root      20   0 1233488  14060   6340 S   0.0   0.2   0:01.66 containerd-shim
  12502 jetson    20   0    5508    792    704 S   0.0   0.0   0:00.20 sleep
  12567 root      20   0   21892   5484   3884 S   0.0   0.1   0:13.95 systemd-udevd
  13234 jetson    20   0  203640  35476  13212 S   0.0   0.5   0:00.75 ros2
  13236 jetson    20   0 1996680  34168  17228 S   0.0   0.4   0:00.47 docker
  13265 root      20   0 1232976  11124   5960 S   0.0   0.1   0:01.17 containerd-shim
  13294 root      20   0   49400  29204  14412 S   0.0   0.4   0:00.40 ros2
  13554 root      20   0   21760   4448   2932 S   0.0   0.1   0:00.02 systemd-udevd
  13555 root      20   0   21760   3352   1860 S   0.0   0.0   0:00.00 systemd-udevd
  13568 root      20   0   21760   3376   1864 S   0.0   0.0   0:00.02 systemd-udevd
  13569 root      20   0   21760   4128   2588 S   0.0   0.1   0:00.04 systemd-udevd
  13570 root      20   0   21764   4488   2960 S   0.0   0.1   0:00.04 systemd-udevd
  13571 root      20   0   21764   4104   2588 S   0.0   0.1   0:00.03 systemd-udevd
  13580 root      20   0   21764   4136   2588 S   0.0   0.1   0:00.03 systemd-udevd
  13581 root      20   0   21764   3708   2180 S   0.0   0.0   0:00.00 systemd-udevd
  13582 root      20   0   21764   4252   2704 S   0.0   0.1   0:00.05 systemd-udevd
  13594 root      20   0   21764   3408   1864 S   0.0   0.0   0:00.01 systemd-udevd
  13595 root      20   0   21764   3652   2120 S   0.0   0.0   0:00.02 systemd-udevd
  31399 root      20   0       0      0      0 I   0.0   0.0   0:14.51 kworker/u12:8-events_unbound
  33484 root      20   0       0      0      0 I   0.0   0.0   0:09.51 kworker/u12:0-events_unbound
  34263 root      20   0       0      0      0 I   0.0   0.0   0:11.49 kworker/u12:2-events_unbound
  49116 root      20   0       0      0      0 I   0.0   0.0   0:00.62 kworker/0:0-events
  51824 root      20   0       0      0      0 I   0.0   0.0   0:01.27 kworker/5:1-events
  59272 root      20   0       0      0      0 I   0.0   0.0   0:01.09 kworker/3:3-events
  85708 root      20   0       0      0      0 I   0.0   0.0   0:00.34 kworker/4:1-mm_percpu_wq
  95815 root      20   0       0      0      0 I   0.0   0.0   0:00.00 kworker/0:2-events
  96157 root      20   0       0      0      0 I   0.0   0.0   0:00.00 kworker/4:2-events
  97402 root      20   0       0      0      0 I   0.0   0.0   0:06.19 kworker/u12:5-events_unbound
  98042 jetson    20   0  572504  36008  13228 S   0.0   0.5   0:01.78 ros2
  98155 root      20   0       0      0      0 I   0.0   0.0   0:00.00 kworker/2:1-events
  98217 root      20   0  238836   6944   5696 S   0.0   0.1   0:01.51 iio-sensor-prox
  98455 jetson    20   0  129772  36116  13228 S   0.0   0.5   0:00.71 ros2
 100055 root      20   0       0      0      0 I   0.0   0.0   0:00.00 kworker/5:2-cgroup_destroy
 100141 root      20   0       0      0      0 I   0.0   0.0   0:06.88 kworker/u12:6-events_unbound
 100706 jetson    20   0   53568  30372  15020 S   0.0   0.4   0:00.43 ros2
 102542 jetson    20   0  723188  41844  13224 S   0.0   0.5   0:01.31 ros2
 149635 root      20   0       0      0      0 I   0.0   0.0   0:00.00 kworker/3:0-events
 174364 root      20   0       0      0      0 I   0.0   0.0   0:02.42 kworker/u12:4-events_unbound
 199974 root      20   0       0      0      0 I   0.0   0.0   0:01.80 kworker/u12:1-events_freezable_power_
 205195 root       0 -20       0      0      0 I   0.0   0.0   0:03.55 kworker/u13:0-uvcvideo
 211464 root      20   0       0      0      0 I   0.0   0.0   0:01.30 kworker/u12:7-events_unbound
 219316 root       0 -20       0      0      0 I   0.0   0.0   0:01.74 kworker/u13:3-uvcvideo
 223411 root      20   0       0      0      0 I   0.0   0.0   0:00.00 kworker/1:0-cgroup_destroy
 229418 root      20   0       0      0      0 I   0.0   0.0   0:00.36 kworker/u12:10-events_unbound
 233042 root      20   0    9436    768    688 S   0.0   0.0   0:00.00 sleep
 233444 root       0 -20       0      0      0 I   0.0   0.0   0:00.45 kworker/u13:2-uvcvideo
 234184 root      20   0       0      0      0 I   0.0   0.0   0:00.00 kworker/0:1-events
 234228 root      20   0       0      0      0 I   0.0   0.0   0:00.00 kworker/3:1
 234272 root      20   0       0      0      0 I   0.0   0.0   0:00.00 kworker/2:0-events
 234404 root      20   0       0      0      0 I   0.0   0.0   0:00.03 kworker/5:0-events
 235691 root      20   0       0      0      0 I   0.0   0.0   0:00.00 kworker/1:1-events
 236264 jetson    20   0   11248   3292   2852 S   0.0   0.0   0:00.03 bash
 238391 jetson    20   0   11248   3300   2864 S   0.0   0.0   0:00.01 bash
 240216 jetson    20   0    9444    776    692 S   0.0   0.0   0:00.00 sleep
 240248 root      30  10    9436    772    692 S   0.0   0.0   0:00.00 sleep
