t,fwd,lat,clear_geo,plan_clear,plan_lat_at_box,lc_box,gc_box,v,w,box_pts,box_age
0.00029754638671875,0.0,0.0,0.9990000791549682,nan,nan,99,99,0.0,0.0,162,0.00029754638671875
0.10134410858154297,0.0,0.0,0.9990007183056671,0.07692933854535064,0.3716476469981571,99,99,0.02,0.04548390666413574,164,0.10134410858154297
0.20195269584655762,0.0,0.0,0.9990007183056671,0.07692933854535064,0.3716476469981571,99,99,0.04,0.04466607199088122,160,0.20195269584655762
0.30191779136657715,0.0,0.0,0.9990007183056671,0.07692933854535064,0.3716476469981571,99,99,0.060000000000000005,0.0423982566465747,158,0.30191779136657715
0.4019162654876709,0.0,0.0,0.9990007183056671,0.07692933854535064,0.3716476469981571,99,99,0.08,0.041650473365780254,30,0.4019162654876709
0.5016341209411621,0.0,0.0,0.9860000677108762,0.09294309103457618,0.3716476469981571,99,99,0.08,0.04550752389049137,161,0.0
0.6019737720489502,0.0,0.0,0.9860000677108762,0.09294309103457618,0.3716476469981571,99,99,0.08,0.04901141583738098,10,0.10033965110778809
0.7016265392303467,0.0,0.0,0.9860000677108762,0.09294309103457618,0.3716476469981571,99,99,0.08,0.05292545872060511,8,0.19999241828918457
0.8017590045928955,0.0,0.0,0.9860000677108762,0.09294309103457618,0.3716476469981571,99,99,0.08,0.05679784600094554,10,0.3001248836517334
0.9015161991119385,0.0,0.0,0.9860000677108762,0.09294309103457618,0.3716476469981571,99,99,0.08,0.0577498236985759,5,0.39988207817077637
1.0019278526306152,0.0,0.0,0.9450000591278078,0.13874851806935537,0.3932763634237244,100,100,0.08,0.06192263726386526,163,0.0
1.1017675399780273,0.0,0.0,0.9450000591278078,0.13874851806935537,0.3925091554136564,100,100,0.08,-0.0025361954389081787,76,0.09983968734741211
1.2018463611602783,0.0,0.0,0.9450000591278078,0.13874851806935537,0.3925091554136564,100,100,0.08,-0.0008941625000001508,13,0.19991850852966309
1.3018295764923096,0.0,0.0,0.9450000591278078,0.13874851806935537,0.3925091554136564,100,100,0.08,0.005151579967501531,20,0.29990172386169434
1.4019372463226318,0.0,0.0,0.9450000591278078,0.13874851806935537,0.3925091554136564,100,100,0.08,0.01088598791072767,25,0.4000093936920166
1.5016372203826904,0.0,0.0,0.9450000591278078,0.13874851806935537,0.3925091554136564,100,100,0.08,0.01619850680716277,15,0.4997093677520752
1.601712942123413,0.0,0.0,0.8937500633001327,0.19366072108357044,0.3745646517372707,99,99,0.08,0.016372960846053348,179,0.0
1.7019145488739014,0.0,0.0,0.8937500633001327,0.19366072108357044,0.3745646517372707,99,99,0.05,0.0,102,0.10020160675048828
1.8007786273956299,0.0004571023779405498,9.04204966617477e-07,0.8925350719079257,0.19366072108357044,0.3745646517372707,99,99,0.020000000000000004,0.0,10,0.1990656852722168
1.9017767906188965,0.10626563519043485,0.004511045794950242,0.7781109429432927,0.19366072108357044,0.3745646517372707,99,99,0.0,0.0,128,0.3000638484954834
2.001807451248169,0.1071332707962564,0.004569927719803443,0.7772154849339618,0.19366072108357044,0.3745646517372707,99,99,0.0,0.0,126,0.40009450912475586
2.1017422676086426,0.10714367950659602,0.004570941377523795,0.87200004529953,0.09844133567445487,0.3736977167136297,99,99,0.0,0.0,188,0.0
2.2014522552490234,0.10715802729086028,0.004571322679094766,0.8719773871167698,0.09844133567445487,0.3736977167136297,99,99,-0.05000000074505806,0.0,174,0.09970998764038086
2.30184006690979,0.10715162678773013,0.004570582927851916,0.8720113253551736,0.09844133567445487,0.3736977167136297,99,99,-0.05000000074505806,0.0,175,0.20009779930114746
2.4019923210144043,0.10531988119539863,0.0044619864446972975,0.873697972582957,0.09844133567445487,0.3736977167136297,99,99,-0.05000000074505806,0.0,167,0.3002500534057617
2.5021564960479736,0.10346125849246951,0.004349203949071014,0.8755063195874283,0.09844133567445487,0.3736977167136297,99,99,-0.05000000074505806,0.0,139,0.40041422843933105
2.601738452911377,0.10116610997533587,0.0042092087480575845,0.877736465835834,0.09844133567445487,0.3736977167136297,99,99,-0.05000000074505806,0.0,180,0.4999961853027344
2.7016828060150146,0.09931560789100682,0.004095366202650095,0.8780000276565552,0.09997074326896374,0.3736977167136297,99,99,-0.05000000074505806,0.0,175,0.0
2.8019232749938965,0.09690474629088189,0.003947874576532061,0.8803768984463145,0.09997074326896374,0.3736977167136297,99,99,-0.05000000074505806,0.0,178,0.10024046897888184
2.9016079902648926,0.09460013870618064,0.003804692107552899,0.8825270184347792,0.09997074326896374,0.3736977167136297,99,99,-0.05000000074505806,0.0,174,0.19992518424987793
3.001909017562866,0.09210666849135846,0.003650046081408425,0.8850290889749939,0.09997074326896374,0.3736977167136297,99,99,-0.05000000074505806,0.0,172,0.30022621154785156
3.1017932891845703,0.09003833376573045,0.003520154193746772,0.8869790852976255,0.09997074326896374,0.3736977167136297,99,99,-0.05000000074505806,0.0,170,0.40011048316955566
3.2018487453460693,0.08716102747719645,0.003340747748374115,0.8910000391006472,0.10132056274457826,0.3736977167136297,99,99,-0.05000000074505806,0.0,177,0.0
3.301931858062744,0.0848519716306282,0.0031950142228259724,0.8929943156760396,0.10132056274457826,0.3736977167136297,99,99,-0.05000000074505806,0.0,178,0.1000831127166748
3.40181040763855,0.08025850746567051,0.0029024188537802127,0.8976076072036574,0.10132056274457826,0.3736977167136297,99,99,-0.05000000074505806,0.0,175,0.19996166229248047
3.5018911361694336,0.07548017909595711,0.002602049322644892,0.9025428757461833,0.10132056274457826,0.3736977167136297,99,99,-0.05000000074505806,0.0,173,0.30004239082336426
3.6024467945098877,0.07075075194685011,0.0023023337432106048,0.9071918883375296,0.10132056274457826,0.3736977167136297,99,99,-0.05000000074505806,0.0,181,0.40059804916381836
3.7020506858825684,0.06590860540697488,0.00199695828150038,0.9100000329017639,0.10211348099706277,0.3736977167136297,99,99,-0.05000000074505806,0.0,177,0.0
3.801943778991699,0.06138870877520394,0.0017092940670438703,0.9144445577801857,0.10211348099706277,0.3736977167136297,99,99,-0.05000000074505806,0.0,185,0.09989309310913086
3.9018683433532715,0.056311712210127804,0.0013897562506475893,0.919773943674558,0.10211348099706277,0.3736977167136297,99,99,-0.05000000074505806,0.0,178,0.19981765747070312
4.00187087059021,0.05174342241680945,0.0011054294448075434,0.9242629498724477,0.10211348099706277,0.3736977167136297,99,99,-0.05000000074505806,0.0,184,0.2998201847076416
4.102196931838989,0.046603923646274595,0.0007873957364644781,0.9296239448006078,0.10211348099706277,0.3736977167136297,99,99,-0.05000000074505806,0.0,176,0.4001462459564209
4.202122926712036,0.04202156575609423,0.00050634122348648,0.935000068664551,0.10112439184005304,0.3736977167136297,99,99,-0.05000000074505806,0.0,165,0.0
4.301975965499878,0.0371031607911795,0.00020272988037449077,0.9400328088146113,0.10112439184005304,0.3736977167136297,99,99,-0.05000000074505806,0.0,162,0.0998530387878418
4.401909828186035,0.03221037670800144,-9.413960512430963e-05,0.9448882939080749,0.10112439184005304,0.3736977167136297,99,99,-0.05000000074505806,0.0,164,0.19978690147399902
4.5022313594818115,0.027311691909017586,-0.00039335005138981254,0.9499089450886531,0.10112439184005304,0.3736977167136297,99,99,-0.05000000074505806,0.0,163,0.3001084327697754
4.602210521697998,0.02239009805207739,-0.0006863523693575004,0.9548714186097016,0.10112439184005304,0.3736977167136297,99,99,-0.05000000074505806,0.0,167,0.4000875949859619
4.70207953453064,0.0174677307010706,-0.0009797944926489238,0.9599287494408244,0.10112439184005304,0.3736977167136297,99,99,-0.05000000074505806,0.0,166,0.4999566078186035
4.801867485046387,0.012561872591408549,-0.0012641029250169027,0.9669000692367553,0.099608615627414,0.3736977167136297,99,99,-0.05000000074505806,0.0,163,0.0
4.901698589324951,0.007621130137815279,-0.0015529496733245353,0.9719254199003551,0.099608615627414,0.3736977167136297,99,99,-0.05000000074505806,0.0,159,0.09983110427856445
5.001955986022949,0.002659158507984454,-0.0018358451414547338,0.9769869365354988,0.099608615627414,0.3736977167136297,100,99,-0.05000000074505806,0.0,162,0.2000885009765625
5.101643800735474,-0.0023008789500841512,-0.0021202346780103613,0.9819394587797425,0.099608615627414,0.3736977167136297,100,99,-0.05000000074505806,0.0,165,0.2997763156890869
5.202820062637329,-0.007256895156510326,-0.0023973094688734143,0.9870807309330782,0.099608615627414,0.3736977167136297,100,99,-0.05000000074505806,0.0,162,0.4009525775909424
5.30180025100708,-0.012253749389713154,-0.0026759740407449367,0.9920176589740533,0.099608615627414,0.3736977167136297,100,99,-0.05000000074505806,0.0,158,0.49993276596069336
5.4019553661346436,-0.017223676413518244,-0.002946660572588085,1.00000000667572,0.09771061869741135,0.3736977167136297,100,99,-0.05000000074505806,0.0,159,0.0
5.5015904903411865,-0.022216568324240276,-0.003216650732217154,1.0047856498943115,0.09771061869741135,0.3736977167136297,100,99,-0.05000000074505806,0.0,151,0.09963512420654297
5.602041244506836,-0.027213574394456857,-0.003485121346690153,1.0099740035920168,0.09771061869741135,0.3736977167136297,100,99,-0.05000000074505806,0.0,159,0.20008587837219238
5.701984643936157,-0.03179804954974096,-0.003714271844338678,1.0144759412894044,0.09771061869741135,0.3736977167136297,100,99,-0.05000000074505806,0.0,145,0.30002927780151367
5.801726579666138,-0.02807879387228422,-0.0031049603027659993,1.0112408012008027,0.09771061869741135,0.3736977167136297,100,99,-0.05000000074505806,0.0,135,0.39977121353149414
5.901824951171875,-0.03221512963119926,-0.0032471147971284663,1.0153948757904594,0.09771061869741135,0.3736977167136297,100,99,-0.05000000074505806,0.0,133,0.49986958503723145
6.002310514450073,-0.037202169887543116,-0.0034844863817096797,1.03000009727478,0.08999945768574966,0.3736977167136297,100,99,-0.05000000074505806,0.0,134,0.0
6.101934432983398,-0.04219264285837063,-0.003715589286261615,1.0349432653857735,0.08999945768574966,0.3736977167136297,100,99,-0.05000000074505806,0.0,133,0.0996239185333252
6.202028512954712,-0.047169757143691905,-0.003943530143519856,1.0401327104563356,0.08999945768574966,0.3736977167136297,100,99,0.0,0.0,129,0.19971799850463867
6.301852226257324,-0.05161109364520505,-0.004144236313436908,1.0443672608232983,0.08999945768574966,0.3693022650251978,100,99,0.01,0.02917683510592836,121,0.299541711807251
6.402117013931274,-0.051838427217520175,-0.004155187371444838,1.0444646071211683,0.08999945768574966,0.3693022650251978,100,99,0.03,0.024809498166304917,131,0.39980649948120117
6.501951694488525,-0.05044357481684027,-0.004087975112117247,1.0427728196269932,0.08999945768574966,0.3693022650251978,100,99,0.05,0.024006578986329356,133,0.49964118003845215
6.601809740066528,-0.047162491765080077,-0.00392433560330731,1.0460000104904172,0.08298873937837611,0.3693022650251978,100,99,0.07,0.0249718025118491,129,0.0
6.701594829559326,-0.04142855571797442,-0.0036203601274207766,1.039656826260653,0.08298873937837611,0.3693022650251978,100,99,0.08,0.026922229847411817,134,0.09978508949279785
6.801998615264893,-0.03399408508149909,-0.0032053379671892323,1.0316144914050833,0.08298873937837611,0.3693022650251978,100,99,0.08,0.030172865898198082,142,0.20018887519836426
6.901932239532471,-0.026212116750367973,-0.00274059839864252,1.0235575667900532,0.08298873937837611,0.3693022650251978,100,99,0.08,0.03395424742408166,134,0.3001224994659424
7.001928091049194,-0.018204803578921302,-0.002236970031616927,1.0146829625167377,0.08298873937837611,0.3693022650251978,100,99,0.08,0.03946164626531173,150,0.400118350982666
7.101900577545166,-0.010613906561049082,-0.0017353479328103183,1.0090000696182249,0.07856046121713045,0.3693022650251978,100,99,0.08,0.04337175112966204,158,0.0
7.201921224594116,-0.0033697791599054,-0.0012175812185258247,1.0013341728759715,0.07856046121713045,0.3693022650251978,100,99,0.08,0.04542721114175806,163,0.1000206470489502
7.301526308059692,0.004133673429742026,-0.000648957047035126,0.9928296653423785,0.07856046121713045,0.3691751272975146,100,99,0.08,0.049586211594616104,168,0.19962573051452637
7.4021265506744385,0.011582385129641484,-5.367485942163084e-05,0.9847112948582282,0.07856046121713045,0.3691751272975146,100,99,0.08,0.022295437796719955,168,0.30022597312927246
7.501765727996826,0.019207872728916196,0.0005898803629851733,0.9765830802389408,0.07856046121713045,0.3691751272975146,100,99,0.08,0.02465511091248186,165,0.39986515045166016
7.6020214557647705,0.027280820271532308,0.0012917438187211327,0.9619500197172166,0.08602845833103659,0.3691751272975146,99,99,0.08,0.03025782073931621,172,0.0
7.701675891876221,0.03501495651026528,0.001985355355139688,0.9535665017884811,0.08602845833103659,0.3691751272975146,99,99,0.08,0.03457341486403275,163,0.0996544361114502
7.801702499389648,0.04278941765309179,0.0027123456693566067,0.9455694537453834,0.08602845833103659,0.3691751272975146,100,99,0.08,0.03776387729032692,168,0.19968104362487793
7.901899099349976,0.03043419013375223,0.003000547549404731,0.9575723993901607,0.08602845833103659,0.3691751272975146,100,99,0.08,0.025640384538040573,6,0.2998776435852051
8.002196788787842,0.03818224301672229,0.0037490503726582466,0.9490646738545941,0.08602845833103659,0.3691751272975146,100,99,0.08,0.029683630909870307,7,0.4001753330230713
8.10178017616272,0.045948020962316385,0.004530538819450746,0.9408965287368578,0.08602845833103659,0.3691751272975146,100,99,0.08,0.032812036665423705,25,0.4997587203979492
8.202030420303345,0.05386978813903112,0.005348036332888426,0.9100000329017641,0.10890887655467227,0.35567984630335764,99,99,0.08,0.0380012375174304,180,0.0
8.300428628921509,0.06150796680289047,0.0061615504660042205,0.9015623972496853,0.10890887655467227,0.3354379554558779,99,99,0.08,0.04163244369286476,188,0.09839820861816406
8.401889085769653,0.06904227013250702,0.0069913089602378405,0.8936131766557331,0.10890887655467227,0.3354379554558779,99,99,0.08,-0.00037447465918076517,190,0.1998586654663086
8.501830101013184,0.07665072851109699,0.007856934736401939,0.8853454792227844,0.10890887655467227,0.3354379554558779,99,99,0.065,0.0,189,0.29979968070983887
8.601588487625122,0.08467004303916142,0.008778745373277093,0.8770783898198716,0.10890887655467227,0.3354379554558779,100,99,0.035,0.0,188,0.39955806732177734
8.70160722732544,0.09003736524220327,0.009399435694902647,0.87190794743901,0.10890887655467227,0.3354379554558779,100,99,0.0050000000000000044,0.0,184,0.4995768070220947
8.80248212814331,0.0933829145907848,0.009784263824539525,0.8650505996478921,0.11253065741110493,0.3354379554558779,100,99,0.0,0.0,179,0.0
8.902371644973755,0.09304514995983583,0.00974767488499468,0.8653950418903069,0.11253065741110493,0.3354379554558779,100,99,0.0,0.0,189,0.09988951683044434
9.00164008140564,0.09297503166958661,0.009739614896726104,0.8654689106444443,0.11253065741110493,0.3354379554558779,100,99,0.0,0.0,196,0.1991579532623291
9.101382970809937,0.09302269749338392,0.009744881642585659,0.8654243317699738,0.11253065741110493,0.3354379554558779,100,99,0.0,0.0,198,0.298900842666626
9.20222806930542,0.09297867414027275,0.009739751446979132,0.8654660527504399,0.11253065741110493,0.3354379554558779,100,99,0.0,0.0,195,0.3997459411621094
9.301816463470459,0.09302444317438378,0.009744837558415341,0.865426151493911,0.11253065741110493,0.3354379554558779,100,99,0.0,0.0,187,0.49933433532714844
9.40182876586914,0.09298531512334933,0.00974028987082478,0.8640000716911752,0.11268335859375014,0.3354379554558779,100,99,0.0,0.0,186,0.0
9.501662731170654,0.09302600568184914,0.009744826878656647,0.8639581025886369,0.11268335859375014,0.3354379554558779,100,99,0.0,0.0,174,0.09983396530151367
9.601999998092651,0.09299116450235846,0.00974078483495065,0.8639888114638723,0.11268335859375014,0.3354379554558779,100,99,0.0,0.0,181,0.20017123222351074
9.701642513275146,0.09302736737376162,0.009744834426219443,0.8639464564343253,0.11268335859375014,0.3354379554558779,100,99,0.0,0.0,181,0.29981374740600586
9.802070379257202,0.09303619883579706,0.009745779337828595,0.8639314679857358,0.11268335859375014,0.3354379554558779,100,99,0.0,0.0,184,0.4002416133880615
9.901442766189575,0.0930281072950476,0.009744804415370721,0.8639489105922168,0.11268335859375014,0.3354379554558779,100,99,0.0,0.0,181,0.49961400032043457
10.002168655395508,0.09303376085746662,0.009745400238831916,0.8650433281771682,0.11275155212143537,0.3354379554558779,100,99,0.0,0.0,182,0.0
10.101644039154053,0.09302931557972939,0.00974485311090791,0.8650567644258359,0.11275155212143537,0.3354379554558779,100,99,0.0,0.0,193,0.09947538375854492
10.202043056488037,0.09303640918957953,0.009745626405857629,0.8650488836270034,0.11275155212143537,0.3354379554558779,100,99,0.0,0.0,186,0.1998744010925293
10.301937818527222,0.09303294581189024,0.00974519959519653,0.8650453825273489,0.11275155212143537,0.3354379554558779,100,99,0.0,0.0,192,0.29976916313171387
10.402024507522583,0.09301259190324764,0.009742847175674826,0.865060475731645,0.11275155212143537,0.3354379554558779,100,99,0.0,0.0,185,0.3998558521270752
10.501936912536621,0.0930338275873228,0.009745245547425825,0.8650324407375632,0.11275155212143537,0.3354379554558779,100,99,0.0,0.0,190,0.4997682571411133
10.602224588394165,0.09303649719913505,0.009745527927298003,0.8640000290870669,0.11253066313810159,0.3354379554558779,100,99,0.0,0.0,188,0.0
10.701805830001831,0.09303405115953617,0.009745229546547182,0.8640081301523717,0.11253066313810159,0.3354379554558779,100,99,0.0,0.0,181,0.09958124160766602
10.802080631256104,0.09303661213018787,0.009745504914104598,0.8640084596214701,0.11253066313810159,0.3354379554558779,100,99,0.0,0.0,190,0.19985604286193848
10.901904344558716,0.0930345245209574,0.00974525126569083,0.8639992734781097,0.11253066313810159,0.3354379554558779,100,99,0.0,0.0,185,0.2996797561645508
11.001938343048096,0.09303671626208765,0.00974548744436386,0.8639799963734803,0.11253066313810159,0.3354379554558779,100,99,0.0,0.0,183,0.39971375465393066
11.10174036026001,0.09303493236652889,0.009745271560415124,0.8639842642729666,0.11253066313810159,0.3354379554558779,100,99,0.0,0.0,182,0.4995157718658447
11.202359437942505,0.0930368059644383,0.009745475206458427,0.8650382451407521,0.11260367889323677,0.3354379554558779,100,99,0.0,0.0,189,0.0
11.301871061325073,0.0930352829990608,0.009745291774566308,0.8650426430896978,0.11260367889323677,0.3354379554558779,100,99,0.0,0.0,186,0.09951162338256836
11.402070760726929,0.09302398229895695,0.009743990027234032,0.8650618676801946,0.11260367889323677,0.3354379554558779,100,99,0.0,0.0,189,0.19971132278442383
11.50186538696289,0.09303476131686585,0.009745216813416259,0.8650405746924364,0.11260367889323677,0.3354379554558779,100,99,0.0,0.0,187,0.29950594902038574
11.602298498153687,0.09303691252403211,0.009745456891981367,0.8650535725718731,0.11260367889323677,0.3354379554558779,100,99,0.0,0.0,191,0.39993906021118164
11.70197081565857,0.09303493681434831,0.009745225646197295,0.8650591488754656,0.11260367889323677,0.3354379554558779,100,99,0.0,0.0,181,0.49961137771606445
11.801732540130615,0.09302684191922256,0.009744294516849435,0.8640399633815449,0.1136891198946379,0.3354379554558779,100,99,0.0,0.0,186,0.0
11.901675939559937,0.09303540344030665,0.009745270203061544,0.8640282557984132,0.1136891198946379,0.3354379554558779,100,99,0.0,0.0,178,0.09994339942932129
12.001922845840454,0.09303699051119992,0.009745448123081563,0.8640321448737013,0.1136891198946379,0.3354379554558779,100,99,0.0,0.0,192,0.20019030570983887
12.101884365081787,0.09303552446159584,0.009745276998259621,0.8640250308225378,0.1136891198946379,0.3354379554558779,100,99,0.0,0.0,187,0.3001518249511719
12.202188968658447,0.09302911019446017,0.00974454018105751,0.864040948511249,0.1136891198946379,0.3354379554558779,100,99,0.0,0.0,189,0.40045642852783203
12.30192518234253,0.0930358840631518,0.009745313094612316,0.8650584343386332,0.11299387432587318,0.3354379554558779,100,99,0.0,0.0,182,0.0
12.401675939559937,0.09303705275581421,0.009745444633149657,0.8650591718035071,0.11299387432587318,0.3354379554558779,100,99,0.0,0.0,188,0.09975075721740723
12.501940965652466,0.09303588268924004,0.009745308886458207,0.865055666859993,0.11299387432587318,0.3354379554558779,100,99,0.0,0.0,191,0.20001578330993652
12.60178804397583,0.09303708794616472,0.009745444940025657,0.8650529543033235,0.11299387432587318,0.3354379554558779,100,99,0.0,0.0,185,0.2998628616333008
12.701828956604004,0.0930360869643564,0.009745328979115696,0.8650468395818807,0.11299387432587318,0.3354379554558779,100,99,0.0,0.0,182,0.3999037742614746
12.801860570907593,0.0930375497741601,0.009745494772474945,0.8650384379696913,0.11299387432587318,0.3354379554558779,100,99,0.0,0.0,187,0.4999353885650635
12.90190577507019,0.09303627264542451,0.009745347542115748,0.8630400225272139,0.11468642522228287,0.3354379554558779,100,99,0.0,0.0,188,0.0
13.001776218414307,0.09303717781464856,0.009745450175593782,0.8630440189470879,0.11468642522228287,0.3354379554558779,100,99,0.0,0.0,186,0.09987044334411621
13.101709604263306,0.09303687694897096,0.009745414836139953,0.8630370793956269,0.11468642522228287,0.3354379554558779,100,99,0.0,0.0,190,0.19980382919311523
13.202711343765259,0.09303721064869266,0.009745452037994297,0.8630251105458939,0.11468642522228287,0.3354379554558779,100,99,0.0,0.0,189,0.30080556869506836
13.301926851272583,0.09303658935512225,0.009745380167443666,0.8630333543885416,0.11468642522228287,0.3354379554558779,100,99,0.0,0.0,185,0.4000210762023926
13.401884317398071,0.09303755918375678,0.00974549051486576,0.8630151757637,0.11468642522228287,0.3354379554558779,100,99,0.0,0.0,183,0.49997854232788086
13.50188946723938,0.09303706266028666,0.009745433026169608,0.8640416596411725,0.11368316666640835,0.3354379554558779,100,99,0.0,0.0,187,0.0
13.60208535194397,0.09303755761473519,0.009745489267576471,0.8640475582383067,0.11368316666640835,0.3354379554558779,100,99,0.0,0.0,198,0.10019588470458984
13.702140092849731,0.09303714018985963,0.009745440983744517,0.8640411350263336,0.11368316666640835,0.33553106606370975,100,99,0.0,0.0,191,0.20025062561035156
13.800326347351074,0.09303481692485445,0.009745174242291252,0.8640361645194867,0.11368316666640835,0.33553106606370975,100,99,0.0,0.0,189,0.29843688011169434
13.901757955551147,0.09303723923901011,0.009745451477414385,0.8640284578788713,0.11368316666640835,0.33553106606370975,100,99,0.0,0.0,185,0.3998684883117676
14.002020120620728,0.09303513979389448,0.009745210218071666,0.8650000587673193,0.11153754926360757,0.33553106606370975,100,99,0.0,0.0,188,0.0
14.10214900970459,0.09303728981768054,0.00974545662183414,0.8650035254199054,0.11153754926360757,0.33553106606370975,100,99,0.0,0.0,184,0.1001288890838623
14.202141284942627,0.09303542430954448,0.009745242320276938,0.864996011613575,0.11153754926360757,0.33553106606370975,100,99,-0.05000000074505806,0.0,186,0.20012116432189941
14.301826477050781,0.09303733440914327,0.009745461148420967,0.8649728287647694,0.11153754926360757,0.33553106606370975,100,99,-0.05000000074505806,0.0,185,0.2998063564300537
14.40189814567566,0.0907710513750855,0.00948418971297702,0.8671408087996033,0.11153754926360757,0.33553106606370975,100,99,-0.05000000074505806,0.0,181,0.39987802505493164
14.501676321029663,0.08917315928589552,0.00929930405102428,0.8687728486734554,0.11153754926360757,0.33553106606370975,100,99,-0.05000000074505806,0.0,187,0.49965620040893555
14.603874683380127,0.08679596359318685,0.00902486598813608,0.8710580739033359,0.11293866652046328,0.33553106606370975,100,99,-0.05000000074505806,0.0,187,0.0
14.70188307762146,0.08480347153878255,0.00879453411997662,0.8730487812551586,0.11293866652046328,0.33553106606370975,100,99,-0.05000000074505806,0.0,182,0.09800839424133301
14.802146673202515,0.08226918939908039,0.008499739732549744,0.8754297177305919,0.11293866652046328,0.33553106606370975,100,99,-0.05000000074505806,0.0,182,0.1982719898223877
14.90198302268982,0.08025047526289406,0.00826451193629003,0.8774894536139753,0.11293866652046328,0.33553106606370975,100,99,-0.05000000074505806,0.0,184,0.2981083393096924
15.00314736366272,0.07812381862728149,0.008016738278218393,0.8795978604861658,0.11293866652046328,0.33553106606370975,100,99,-0.05000000074505806,0.0,188,0.3992726802825928
15.101692199707031,0.07672639134526661,0.007853650486422753,0.8810332263264224,0.11293866652046328,0.33553106606370975,100,99,-0.05000000074505806,0.0,183,0.4978175163269043
15.200247764587402,0.07430715910438128,0.007571161250700588,0.8862849982411994,0.1107034847217089,0.33553106606370975,100,99,-0.05000000074505806,0.0,191,0.0
15.302794933319092,0.07214389970718939,0.007316571309678125,0.888311444374116,0.1107034847217089,0.33553106606370975,100,99,-0.05000000074505806,0.0,190,0.10254716873168945
15.40185284614563,0.0675482647066341,0.006774325017162679,0.8930389776525247,0.1107034847217089,0.33553106606370975,100,99,-0.05000000074505806,0.0,184,0.20160508155822754
15.501866102218628,0.0628002200358357,0.006217233741405089,0.8977492854854251,0.1107034847217089,0.33553106606370975,100,99,-0.05000000074505806,0.0,191,0.3016183376312256
15.60176134109497,0.05806412968546747,0.0056600512041706415,0.9025899125333365,0.1107034847217089,0.33553106606370975,100,99,-0.05000000074505806,0.0,199,0.40151357650756836
15.701736211776733,0.053229530201153556,0.005098640202772443,0.9070835716071077,0.11062693009604799,0.33553106606370975,100,99,-0.05000000074505806,0.0,189,0.0
15.801920413970947,0.04846538465342992,0.004542869583983463,0.9118991541834096,0.11062693009604799,0.33553106606370975,100,99,-0.05000000074505806,0.0,199,0.10018420219421387
15.901650428771973,0.04359969985434771,0.003978857457771447,0.9168285230098363,0.11062693009604799,0.33553106606370975,100,99,-0.05000000074505806,0.0,197,0.19991421699523926
16.002745151519775,0.03882529423571118,0.0034229429976185832,0.9216774612944034,0.11062693009604799,0.33553106606370975,100,99,-0.05000000074505806,0.0,196,0.301008939743042
16.101651906967163,0.033965550950066134,0.0028641531365047896,0.9268289123762717,0.11062693009604799,0.33553106606370975,100,99,-0.05000000074505806,0.0,189,0.3999156951904297
16.201668739318848,0.029395868862652212,0.002338977295158036,0.9313391858801661,0.11062693009604799,0.33553106606370975,100,99,-0.05000000074505806,0.0,174,0.49993252754211426
16.302060842514038,0.024266106184591057,0.0017527753964963978,0.9350076949851173,0.11169381859956232,0.33553106606370975,100,99,-0.05000000074505806,0.0,168,0.0
16.402055978775024,0.019428701793946703,0.001199519304816341,0.9396980989751254,0.11169381859956232,0.33553106606370975,100,99,-0.05000000074505806,0.0,171,0.09999513626098633
16.501847982406616,0.014517666610383706,0.0006412629239395689,0.9449938791333771,0.11169381859956232,0.33553106606370975,100,99,-0.05000000074505806,0.0,168,0.19978713989257812
16.602222681045532,0.00988364020109886,0.00011624766503626205,0.9494436893272972,0.11169381859956232,0.33553106606370975,100,99,-0.05000000074505806,0.0,161,0.30016183853149414
16.701714515686035,0.004964266906997644,-0.0004397539292903407,0.954745240061739,0.11169381859956232,0.33553106606370975,100,99,-0.05000000074505806,0.0,163,0.39965367317199707
16.801868200302124,7.186509734339165e-05,-0.0009854612649007372,0.9596438833435579,0.11169381859956232,0.33553106606370975,100,99,-0.05000000074505806,0.0,169,0.49980735778808594
16.901531457901,-0.0048369669262220225,-0.0015288824713013418,0.9680055414398951,0.10973071819184574,0.33553106606370975,100,99,-0.05000000074505806,0.0,167,0.0
17.002277374267578,-0.009744767929308533,-0.002059945435465976,0.9729061142084587,0.10973071819184574,0.33553106606370975,100,99,-0.05000000074505806,0.0,167,0.10074591636657715
17.101667881011963,-0.01467007545168699,-0.002594170054422654,0.978054927349137,0.10973071819184574,0.33553106606370975,100,99,-0.05000000074505806,0.0,167,0.20013642311096191
17.200805187225342,-0.01961320809817834,-0.003123633445077336,0.9830146255677096,0.10973071819184574,0.33553106606370975,100,99,-0.05000000074505806,0.0,164,0.2992737293243408
17.301544189453125,-0.024545841092044215,-0.0036528729003313144,0.9881910250492975,0.10973071819184574,0.33553106606370975,100,99,-0.05000000074505806,0.0,164,0.400012731552124
17.401800870895386,-0.02951915748600565,-0.004175536703925137,0.9948000259399412,0.1073318997886479,0.33553106606370975,100,99,-0.05000000074505806,0.0,159,0.0
17.501988649368286,-0.03447148887501934,-0.004695390046380404,0.9998736722592347,0.1073318997886479,0.33553106606370975,100,99,-0.05000000074505806,0.0,156,0.10018777847290039
17.60269594192505,-0.039469963320984465,-0.0052102048990827635,1.0051342810995054,0.1073318997886479,0.33553106606370975,100,99,-0.05000000074505806,0.0,159,0.20089507102966309
17.701548099517822,-0.04442223436448014,-0.005721393132072938,1.0100479701861202,0.1073318997886479,0.33553106606370975,100,99,-0.05000000074505806,0.0,158,0.2997472286224365
17.800180912017822,-0.04939865387831599,-0.00622822629873654,1.0152486484675605,0.1073318997886479,0.33553106606370975,100,99,-0.05000000074505806,0.0,146,0.3983800411224365
17.90167546272278,-0.04437329886992389,-0.006282672043087663,1.0102921427870215,0.1073318997886479,0.33553106606370975,100,99,-0.05000000074505806,0.0,145,0.4998745918273926
18.000784158706665,-0.049372390037771156,-0.006785010511427533,1.0290000505447385,0.09324109055491905,0.3457114017375935,99,99,-0.05000000074505806,0.0,143,0.0
18.102088928222656,-0.05433555463058241,-0.007283151141710209,1.0340123725233341,0.09324109055491905,0.3457114017375935,99,99,-0.05000000074505806,0.0,139,0.10130476951599121
18.20005965232849,-0.0592992232118034,-0.007771161244734026,1.0393614784136367,0.09324109055491905,0.3457114017375935,99,99,0.0,0.0,131,0.19927549362182617
18.301589965820312,-0.06360188856558145,-0.008191671299305247,1.0435827365545605,0.09324109055491905,0.33670314977523275,99,99,0.01,0.06,129,0.30080580711364746
18.40082335472107,-0.06296410322804943,-0.008128677503422116,1.0427634487168187,0.09324109055491905,0.33670314977523275,99,99,0.03,0.18,129,0.4000391960144043
18.501795768737793,-0.061315409255577685,-0.007956724621716905,1.0450000829696655,0.08582651625901835,0.3454385327617744,99,99,0.05,0.2285714285714286,134,0.0
18.60185146331787,-0.05774857354301624,-0.007516626319254871,1.0377831032764782,0.08582651625901835,0.3454385327617744,99,99,0.07,0.2285714285714286,142,0.10005569458007812
18.701685667037964,-0.05364941829329265,-0.006908070267018414,1.029913472782149,0.08582651625901835,0.3454385327617744,99,99,0.0774822843963076,0.2285714285714286,136,0.1998898983001709
18.801095962524414,-0.048916881197516394,-0.006105463760262133,1.0221988343689006,0.08582651625901835,0.3454385327617744,99,99,0.08,0.2277751264394843,159,0.2993001937866211
18.902092933654785,-0.04403031045837832,-0.005184852544176475,1.0148952718024857,0.08582651625901835,0.3454385327617744,99,99,0.08,0.22087531883714198,172,0.4002971649169922
19.002172470092773,-0.03891592345670684,-0.004126959143831769,1.000652076312882,0.0902980664295421,0.3454385327617744,99,99,0.08,0.2168415370464023,165,0.0
19.10191321372986,-0.03390973110496735,-0.0029994161973008115,0.9932606778340457,0.0902980664295421,0.3454385327617744,99,99,0.08,0.21317024631533943,163,0.09974074363708496
19.202718019485474,-0.029021695239798584,-0.001820502025243257,0.9861902256126648,0.0902980664295421,0.3454385327617744,99,99,0.08,0.20742213507151913,178,0.2005455493927002
19.3018581867218,-0.023738145767994368,-0.00046255509844395385,0.9789620910908982,0.0902980664295421,0.34502238408197794,99,99,0.08,0.20723855570239022,177,0.2996857166290283
19.401437520980835,-0.018557563003122817,0.00095039965574991,0.971969176865934,0.0902980664295421,0.34502238408197794,99,99,0.08,0.17798272932732193,180,0.3992650508880615
19.501816034317017,-0.013792973480154201,0.002322719849258776,0.9656903302136534,0.0902980664295421,0.34502238408197794,99,99,0.08,0.18321373547528982,168,0.49964356422424316
19.601990222930908,-0.008101811433121789,0.00404026188739787,0.9582094433975507,0.0902980664295421,0.34502238408197794,99,99,0.08,0.19020752148681788,190,0.5998177528381348
19.701796531677246,-0.002838662603630283,0.0057074085044697435,0.9514729399299517,0.0902980664295421,0.34502238408197794,99,99,0.08,0.19463286235181929,202,0.6996240615844727
19.80355215072632,0.002577212153377845,0.007494697290893701,0.9445726417762297,0.0902980664295421,0.34502238408197794,99,99,0.08,0.19805058960972768,212,0.8013796806335449
19.90175986289978,0.0077288045953982825,0.009282324752300406,0.9379739822193689,0.0902980664295421,0.34502238408197794,99,99,0.08,0.19905381735479397,214,0.8995873928070068
20.001410961151123,0.01283637811081741,0.011139127913514396,0.9314430987590313,0.0902980664295421,0.34502238408197794,99,99,0.08,0.1998188915607793,217,0.9992384910583496
20.10154151916504,0.01788397423177215,0.013054891857863252,0.9251524373128034,0.0902980664295421,0.34502238408197794,100,99,0.08,0.1917350687384479,230,1.0993690490722656
20.20313334465027,0.0034304752158366286,0.004695941730247687,0.939052998214624,0.0902980664295421,0.34502238408197794,100,99,0.08,0.18761157142653515,64,1.2009608745574951
20.301578283309937,0.008455143272937622,0.00675160038988114,0.9329000658726004,0.0902980664295421,0.34394154328556387,100,99,0.08,0.1712446554415647,42,1.299405813217163
20.403411865234375,0.01358735934605249,0.008931902306980299,0.9268529740036799,0.0902980664295421,0.34394154328556387,100,99,0.08,0.17104429513195504,64,1.4012393951416016
20.50153088569641,0.018858324091055027,0.011249625300614255,0.9206225046709043,0.0902980664295421,0.34394154328556387,100,99,0.08,0.17325067308304132,60,1.4993584156036377
20.603116750717163,0.02417374830186326,0.013674339238466388,0.9143773372906129,0.0902980664295421,0.34394154328556387,100,99,0.08,0.16626686334881896,57,1.6009442806243896
20.70162272453308,0.0293041835701154,0.016094779501586155,0.9085045027653484,0.0902980664295421,0.34394154328556387,100,99,0.08,0.15408119156552244,51,1.6994502544403076
20.805137157440186,0.03454253934701554,0.018638346790144995,0.9027565770114508,0.0902980664295421,0.34394154328556387,100,99,0.08,0.1414084676229639,71,1.802964687347412
20.901692867279053,0.03992986895000627,0.02132357203279736,0.8968423032595091,0.0902980664295421,0.34394154328556387,99,99,0.08,0.12184116334903314,51,1.8995203971862793
21.00173306465149,0.04538655683174913,0.03325993429030126,0.8906236284862601,0.0902980664295421,0.34394154328556387,99,99,0.08,0.11587904796298099,13,1.9995605945587158
21.10174298286438,0.05096757148707732,0.036254097399911527,0.8848058380036512,0.0902980664295421,0.34394154328556387,99,99,0.08,0.0721511616705037,0,2.0995705127716064
21.201558113098145,0.05691216945001517,0.0395212434240589,0.8786836917316152,0.0902980664295421,0.34394154328556387,99,99,0.08,0.06392591743920548,0,2.199385643005371
21.302234411239624,0.06319048975399762,0.04303131084318304,0.8723905511712485,0.0902980664295421,0.34394154328556387,99,99,0.08,0.09082062120795541,0,2.3000619411468506
21.40191078186035,0.06945388765916952,0.04660131544399687,0.8661140692089966,0.0902980664295421,0.340060783345874,99,99,0.08,0.08214274709094686,0,2.399738311767578
21.501750946044922,0.07523423325975588,0.0499608816356094,0.8603897411229438,0.0902980664295421,0.340060783345874,99,99,0.08,0.11972215394521132,0,2.4995784759521484
21.604867696762085,0.08109538312410096,0.053453131236865604,0.8546492159341137,0.0902980664295421,0.340060783345874,99,99,0.08,0.138136688105208,0,2.6026952266693115
21.701554775238037,0.08641817459416921,0.05670270073549487,0.8495311671630946,0.0902980664295421,0.340060783345874,99,99,0.08,0.13552860370224903,0,2.6993823051452637
21.8017418384552,0.09175675812624721,0.06004380907507907,0.8445417402292793,0.0902980664295421,0.340060783345874,99,99,0.08,0.12580703947907662,0,2.7995693683624268
21.901829957962036,0.0969704536223659,0.06341023751198209,0.8397607580938745,0.0902980664295421,0.340060783345874,99,99,0.08,0.11264897402346266,0,2.8996574878692627
22.001845121383667,0.10226762518983126,0.06690672166729553,0.8349472952936448,0.0902980664295421,0.340060783345874,99,99,0.08,0.10189022013891423,0,2.9996726512908936
22.101537466049194,0.1077436790615368,0.07061373751005642,0.8301131472900024,0.0902980664295421,0.340060783345874,99,99,0.08,0.0893759143631481,0,3.099364995956421
22.202205181121826,0.11322980879813578,0.07439413696651351,0.8251986882464467,0.0902980664295421,0.340060783345874,99,99,0.08,0.07854891992529454,0,3.2000327110290527
22.30147361755371,0.11890369653166268,0.07837014024273208,0.8203719554781611,0.0902980664295421,0.340060783345874,99,99,0.08,0.055492133460624773,0,3.2993011474609375
22.401869773864746,0.12435662028855117,0.08284115792441468,0.8154868435789472,0.0902980664295421,0.3447863745866376,99,99,0.08,0.05107619397437462,0,3.3996973037719727
22.501532316207886,0.13042679141429858,0.08719519937900219,0.8102986117795093,0.0902980664295421,0.3447863745866376,99,99,0.08,0.03768518875827398,0,3.4993598461151123
22.60266900062561,0.13663125910835958,0.09169108250589723,0.804870532944563,0.0902980664295421,0.3447863745866376,99,99,0.08,0.021360435177474116,0,3.600496530532837
22.701589822769165,0.14305961774518455,0.09640020216205271,0.7992792172450754,0.0902980664295421,0.3447863745866376,99,99,0.08,0.01434761961878106,0,3.6994173526763916
22.80167865753174,0.14957665610476492,0.10120272769680201,0.7937351039357288,0.0902980664295421,0.3447863745866376,99,99,0.08,0.013604186655529793,0,3.799506187438965
22.901723623275757,0.15604467344517556,0.10599331807162704,0.7882837063457954,0.0902980664295421,0.3447863745866376,99,99,0.08,0.01186956986402873,0,3.8995511531829834
23.001875162124634,0.1524647878129343,0.10972598756890418,0.7926682610006609,0.0902980664295421,0.3447863745866376,99,99,0.08,0.007397622043467736,0,3.9997026920318604
23.101351022720337,0.15888817214972992,0.11457261119040106,0.7871508148936015,0.0902980664295421,0.3447863745866376,99,99,0.08,-0.01070899358628284,0,4.0991785526275635
23.202175617218018,0.16533130084325148,0.11943766555992572,0.7816778731867277,0.0902980664295421,0.3447863745866376,99,99,0.08,-0.012620275064463915,0,4.200003147125244
23.301739931106567,0.17175040605639424,0.12427600670954858,0.7762834774456709,0.0902980664295421,0.3447863745866376,99,99,0.08,-0.013825451437639323,0,4.299567461013794
23.401860237121582,0.17820184656765656,0.12912511784407066,0.7706289504747096,0.0902980664295421,0.33828624252433526,99,99,0.08,-0.01675684748978384,0,4.399687767028809
23.501851320266724,0.18461391219899886,0.13393187007019708,0.7650074364921151,0.0902980664295421,0.33828624252433526,99,99,0.08,-0.01955495498456605,0,4.49967885017395
23.602789163589478,0.19107369847704206,0.1387576404040937,0.7595186176236987,0.0902980664295421,0.33828624252433526,99,99,0.08,-0.021377846669950556,0,4.600616693496704
23.701658248901367,0.19748748142720085,0.143529048420811,0.7541420551347853,0.0902980664295421,0.33828624252433526,99,99,0.065,-0.01460155308649361,0,4.699485778808594
23.801843643188477,0.2039252812262789,0.1482895567735741,0.7486962958820583,0.0902980664295421,0.33828624252433526,99,99,0.04721961426931499,-0.014588400312748549,0,4.799671173095703
23.9016375541687,0.2084751770477883,0.15165253969236336,0.7447368354628074,0.0902980664295421,0.33828624252433526,99,99,0.04721961426931499,-0.016483930365496727,0,4.899465084075928
24.001882314682007,0.21224264763270337,0.15441782055984202,0.7416538157215888,0.0902980664295421,0.33828624252433526,99,99,0.04721961426931499,-0.01670850907307294,0,4.999709844589233
24.101808786392212,0.2159669849945869,0.1571512322526578,0.7385510613911834,0.0902980664295421,0.33828624252433526,99,99,0.06721961426931498,-0.03152411760514871,0,5.0996363162994385
24.20166850090027,0.2201441493428217,0.1601980797665526,0.7349204677304374,0.0902980664295421,0.33828624252433526,99,99,0.08,-0.03194954646198122,0,5.199496030807495
24.30191206932068,0.2356287461168124,0.17494457746616437,0.7231310822669873,0.0902980664295421,0.33828624252433526,99,99,0.08,-0.03219066998728565,0,5.299739599227905
24.407899618148804,0.2419863095960913,0.1795132403159932,0.7178846941796805,0.0902980664295421,0.33828624252433526,99,99,0.08,-0.04719279205243862,0,5.40572714805603
24.501628875732422,0.24828952000457763,0.1840084424754806,0.7124523788665783,0.0902980664295421,0.33828624252433526,99,99,0.08,-0.048739680507068436,0,5.499456405639648
24.601562976837158,0.254542363027393,0.1884205873393129,0.707255326817849,0.0902980664295421,0.33828624252433526,99,99,0.08,-0.048596318476051004,0,5.599390506744385
24.70178198814392,0.2606759080799953,0.1926886749177194,0.702138162768252,0.0902980664295421,0.33828624252433526,99,99,0.08,-0.047671196347443275,0,5.6996095180511475
24.80171823501587,0.266869245867846,0.19694786303392076,0.6967304201935015,0.0902980664295421,0.33828624252433526,99,99,0.08,-0.04877978250710397,0,5.799545764923096
24.901944160461426,0.27307735120143956,0.20117350150392846,0.6915783959007523,0.0902980664295421,0.33828624252433526,99,99,0.08,-0.048810699368525806,0,5.899771690368652
25.00157117843628,0.2792631517302892,0.20533143357876205,0.6863741262792481,0.0902980664295421,0.33828624252433526,99,99,0.05,-0.02794368413422139,0,5.999398708343506
25.101813793182373,0.284930669809129,0.20910938128294781,0.6817891486936574,0.0902980664295421,0.33828624252433526,99,99,0.04830367885261094,-0.028667469087256897,0,6.0996413230896
25.201768398284912,0.2890054715071955,0.21179043789314547,0.6782853260511491,0.0902980664295421,0.33828624252433526,99,99,0.058303678852610945,-0.04599135685235358,0,6.199595928192139
25.301563262939453,0.2931488430777179,0.21450513064558846,0.6748664052039179,0.0902980664295421,0.33828624252433526,99,99,0.07830367885261094,-0.046032691945829755,0,6.29939079284668
25.401602506637573,0.2983890533539894,0.21788811732437938,0.6703225694566258,0.0902980664295421,0.33828624252433526,99,99,0.08,-0.045275133196078184,0,6.3994300365448
25.501370429992676,0.3047815735148259,0.22197061940790708,0.6650000753768374,0.0902980664295421,0.3393504722335793,99,99,0.08,-0.04535338695906245,0,6.499197959899902
25.601804494857788,0.31084706469673234,0.22577416096053984,0.6599071504384117,0.0902980664295421,0.3393504722335793,99,99,0.065,-0.024984093710779486,0,6.599632024765015
25.701478958129883,0.31747336412944005,0.22987485496452947,0.6543114581997174,0.0902980664295421,0.3393504722335793,99,99,0.04830367885261094,-0.021550700934854783,0,6.699306488037109
25.80194902420044,0.3127651819268203,0.23209914950007124,0.6597168782387551,0.0902980664295421,0.3393504722335793,99,99,0.04487302824411628,-0.01985124310569172,0,6.799776554107666
25.90165877342224,0.3164270327433599,0.23434514290093708,0.6565362918186026,0.0902980664295421,0.3393504722335793,99,99,0.04487302824411628,-0.027045289531549943,0,6.899486303329468
26.00234079360962,0.320252893905545,0.2366674802599483,0.6535329224765556,0.0902980664295421,0.3393504722335793,99,99,0.04487302824411628,-0.023979541541403013,0,7.000168323516846
26.10166645050049,0.32407023445000216,0.23897464173065028,0.6502418355395599,0.0902980664295421,0.3393504722335793,99,99,0.04487302824411628,-0.023867600616670898,0,7.099493980407715
26.201902151107788,0.32788818591462054,0.24125102791495123,0.6470794162408741,0.0902980664295421,0.3393504722335793,99,99,0.04487302824411628,-0.019653742924651503,0,7.199729681015015
26.3018696308136,0.33172892448645735,0.24353244530962628,0.6442158099450824,0.0902980664295421,0.3393504722335793,99,99,0.04487302824411628,-0.019574171522569184,0,7.299697160720825
26.40158200263977,0.3355702558302257,0.24579748177141375,0.6409887598632329,0.0902980664295421,0.3393504722335793,99,99,0.04487302824411628,-0.014761379158347387,0,7.399409532546997
26.50142240524292,0.33943701813572286,0.24806266354105028,0.6380658980861605,0.0902980664295421,0.3395441780669075,99,99,0.04487302824411628,-0.007992265247397745,0,7.4992499351501465
26.601412057876587,0.34329363026289894,0.25031393135755614,0.6350966320348035,0.0902980664295421,0.3395441780669075,99,99,0.04487302824411628,-0.004946972983746041,0,7.5992395877838135
26.701677799224854,0.35692515007737396,0.25346099381356846,0.6232116388120065,0.0902980664295421,0.3395441780669075,99,99,0.04487302824411628,0.001940289914349747,0,7.69950532913208
26.8016095161438,0.36071335909741986,0.25564591205630716,0.6204763170856611,0.0902980664295421,0.3395441780669075,99,99,0.04487302824411628,0.02402013383746367,0,7.799437046051025
26.901772499084473,0.3646341793443357,0.2579102418034691,0.6180216136052493,0.0902980664295421,0.3395441780669075,99,99,0.04487302824411628,0.02888380970188819,0,7.899600028991699
27.001525402069092,0.36840541868364163,0.2601047226561262,0.6156210316490025,0.0902980664295421,0.3395441780669075,99,99,0.04487302824411628,0.03234240792901601,0,7.999352931976318
27.101696729660034,0.37230911883299245,0.2623871298903524,0.6131612013712614,0.0902980664295421,0.3395441780669075,99,99,0.04411758040551311,0.03776509688353862,0,8.09952425956726
27.20134139060974,0.37598235260650903,0.26455634870835404,0.6114599771639483,0.0902980664295421,0.3395441780669075,99,99,0.04411758040551311,0.03870744761426666,0,8.199168920516968
27.301652431488037,0.37971553390106516,0.2667892793724503,0.6091954346646381,0.0902980664295421,0.3395441780669075,99,99,0.04411758040551311,0.040148705181845816,0,8.299479961395264
27.401641607284546,0.38346752117743027,0.2690456020372201,0.6072797497843073,0.0902980664295421,0.3395441780669075,99,99,0.04411758040551311,0.04408391766299593,0,8.399469137191772
27.502952098846436,0.3872482214116913,0.2713562576594219,0.6056599546556781,0.0902980664295421,0.3367727557596804,99,99,0.04411758040551311,0.043665713857441696,0,8.500779628753662
27.601640462875366,0.3909100947022709,0.27361724085985534,0.6036429626480747,0.0902980664295421,0.3367727557596804,99,99,0.04411758040551311,0.020144083778697097,0,8.599467992782593
27.701589107513428,0.39473345157927797,0.27599764695760337,0.6018377356218584,0.0902980664295421,0.3367727557596804,99,99,0.04411758040551311,0.009951657377292316,0,8.699416637420654
27.8017840385437,0.398394140806498,0.27829604803282276,0.5998691974552152,0.0902980664295421,0.3367727557596804,99,99,0.04411758040551311,0.0040344655815481596,0,8.799611568450928
27.902024507522583,0.40216163291909396,0.2806653650044047,0.5975292801652697,0.0902980664295421,0.3367727557596804,99,99,0.04411758040551311,0.0025216831465331565,0,8.89985203742981
28.00185489654541,0.40592755566098265,0.2830367175136103,0.5954809772082751,0.0902980664295421,0.3367727557596804,99,99,0.04411758040551311,-0.006793063490140254,0,8.999682426452637
28.101698637008667,0.40961763596317563,0.28536442091701314,0.5931510828027038,0.0902980664295421,0.3367727557596804,99,99,0.04411758040551311,-0.008329242234976062,0,9.099526166915894
28.201659440994263,0.4133835958443071,0.2877337749661678,0.5908787405674101,0.0902980664295421,0.3367727557596804,99,99,0.04411758040551311,-0.015956208885329864,0,9.19948697090149
28.301634073257446,0.41707031202799116,0.2900530193323642,0.5886887648394703,0.0902980664295421,0.3367727557596804,99,99,0.04411758040551311,-0.017359643159009047,0,9.299461603164673
28.4015851020813,0.42080275688563124,0.2923928457833967,0.5861846365375454,0.0902980664295421,0.3367727557596804,99,99,0.04052172980049977,-0.019580915557151538,0,9.399412631988525
28.501333951950073,0.42436107696046016,0.2946141493171176,0.5839526256596995,0.0902980664295421,0.3367727557596804,99,99,0.04052172980049977,-0.023135913230536185,0,9.4991614818573
28.60140037536621,0.42773618208627395,0.29671476512314543,0.581785498195431,0.0902980664295421,0.3367114898397582,99,99,0.04052172980049977,-0.024492501770510544,0,9.599227905273438
28.701478481292725,0.4310676046796507,0.2987758316490367,0.5795316255147032,0.0902980664295421,0.3367114898397582,99,99,0.04052172980049977,-0.027233945293522147,0,9.699306011199951
28.801302671432495,0.43460245047598123,0.3009478195474302,0.5770604284861369,0.0902980664295421,0.3367114898397582,99,99,0.04052172980049977,-0.02991429194766447,0,9.799130201339722
28.90209984779358,0.43722136672378625,0.3134017087064968,0.5804237387809748,0.0902980664295421,0.3367114898397582,99,99,0.04052172980049977,-0.047125073528511544,0,9.899927377700806
29.00182294845581,0.44082656469518716,0.3155721197115311,0.577456002532609,0.0902980664295421,0.3367114898397582,99,99,0.04052172980049977,-0.04797800900178002,0,9.999650478363037
29.101743459701538,0.4441266708474247,0.31753020446157126,0.5751449649422561,0.0902980664295421,0.3367114898397582,99,99,0.04052172980049977,-0.05063077160311495,0,10.099570989608765
29.201540231704712,0.4476235530625787,0.3195932070414703,0.5727304936956868,0.0902980664295421,0.3367114898397582,99,99,0.04052172980049977,-0.05296319677872114,0,10.199367761611938
29.301653623580933,0.4511396664179619,0.3216413003158089,0.5698971076675299,0.0902980664295421,0.3367114898397582,99,99,0.04052172980049977,-0.05437927553695071,0,10.29948115348816
29.401776552200317,0.4546602518802408,0.3236634315911316,0.5670252272686694,0.0902980664295421,0.3367114898397582,99,99,0.04052172980049977,-0.05514069863151451,0,10.399604082107544
29.50177574157715,0.4581325525370088,0.3256319966732658,0.5646859897542654,0.0902980664295421,0.3367114898397582,99,99,0.04411758040551311,-0.06310246235970127,0,10.499603271484375
29.60156750679016,0.46183848725288,0.3277149632666824,0.5618181153142591,0.0902980664295421,0.3364599909159766,99,99,0.04411758040551311,-0.06396824023687224,0,10.599395036697388
29.701475143432617,0.4656810911011079,0.3298360999312863,0.5587283911014792,0.0902980664295421,0.3364599909159766,99,99,0.04216366380901907,-0.06776885016127565,0,10.699302673339844
29.802698612213135,0.46952615523575525,0.3319286078200907,0.5559065192885356,0.0902980664295421,0.3364599909159766,99,99,0.04216366380901907,-0.06930230459966445,0,10.800526142120361
29.901569604873657,0.473235170345049,0.33392365772547816,0.5531517346642401,0.0902980664295421,0.3364599909159766,99,99,0.04216366380901907,-0.07064936968843541,0,10.899397134780884
30.001617670059204,0.4869127219208065,0.3363295379804307,0.5419471457614582,0.0902980664295421,0.3364599909159766,99,99,0.04216366380901907,-0.07238673709174048,0,10.99944519996643
30.101789951324463,0.4906315968947306,0.33826073441788446,0.5389815326230664,0.0902980664295421,0.3364599909159766,99,99,0.04216366380901907,-0.07437735378051594,0,11.09961748123169
30.202032804489136,0.49429159489791724,0.3401329219199211,0.5361995279688336,0.0902980664295421,0.3364599909159766,99,99,0.04216366380901907,-0.0770955867484604,0,11.199860334396362
30.301822423934937,0.498111754764923,0.34205921750385143,0.5332559372677673,0.0902980664295421,0.3364599909159766,99,99,0.04216366380901907,-0.07974411173395415,0,11.299649953842163
30.4017391204834,0.5018548190969236,0.3439084470739801,0.5298579507757197,0.0902980664295421,0.3364599909159766,99,99,0.04216366380901907,-0.08103083496671531,0,11.399566650390625
30.501737594604492,0.5056815124258621,0.3457564542287576,0.526593197440425,0.0902980664295421,0.3364599909159766,99,99,0.04216366380901907,-0.08273871425637973,0,11.499565124511719
30.60160803794861,0.5094183916212703,0.34752261548112895,0.5237304624774018,0.0902980664295421,0.33649290173211244,99,99,0.04216366380901907,-0.08329967897685779,0,11.599435567855835
30.701829195022583,0.5132993357881928,0.3493320111107968,0.5206713547563653,0.0902980664295421,0.33649290173211244,99,99,0.04216366380901907,-0.08891462662436075,0,11.69965672492981
30.80147671699524,0.5171438514326959,0.35108255112763925,0.5172854957408075,0.0902980664295421,0.33649290173211244,99,99,0.04216366380901907,-0.09067768747079737,0,11.799304246902466
30.901363134384155,0.52097254574326,0.35278251219202617,0.5137091954150761,0.0902980664295421,0.33649290173211244,99,99,0.04216366380901907,-0.09181332384787423,0,11.899190664291382
31.001566410064697,0.5248785709197009,0.3544674656111522,0.5103944847437873,0.0902980664295421,0.33649290173211244,99,99,0.04006353559343927,-0.08902630196110815,0,11.999393939971924
31.10166573524475,0.528707455398664,0.3560833767250138,0.5073086028299022,0.0902980664295421,0.33649290173211244,99,99,0.04006353559343927,-0.09109294097549837,0,12.099493265151978
31.20171856880188,0.5325383820369205,0.35766941570061905,0.5041673228148867,0.0902980664295421,0.33649290173211244,99,99,0.04006353559343927,-0.09296117682399857,0,12.199546098709106
31.301926612854004,0.5362276172698668,0.3591513999748271,0.5006724935314121,0.0902980664295421,0.33649290173211244,99,99,0.04006353559343927,-0.0928444096588693,0,12.29975414276123
31.40162682533264,0.5399636964471304,0.3606067517052528,0.4970304172039749,0.0902980664295421,0.33649290173211244,99,99,0.04006353559343927,-0.09372504217014195,0,12.399454355239868
31.501619815826416,0.5437495353246943,0.3620351587711452,0.4939165893418342,0.0902980664295421,0.33649290173211244,99,99,0.04006353559343927,-0.09531299561161367,0,12.499447345733643
31.602124214172363,0.5474691997601816,0.36340446357801237,0.4906844932754818,0.0902980664295421,0.33649290173211244,99,99,0.04006353559343927,-0.09635500543080759,0,12.59995174407959
31.70179772377014,0.5513234862560824,0.36479022517757903,0.48760055847942946,0.0902980664295421,0.33657444247996576,99,99,0.04006353559343927,-0.1003392394667209,0,12.699625253677368
31.801567316055298,0.5550617631005048,0.36609796734402306,0.48422712602873463,0.0902980664295421,0.33657444247996576,99,99,0.04006353559343927,-0.10188524830777204,0,12.799394845962524
31.901700496673584,0.5587166399860356,0.36733604006767334,0.4807483533948904,0.0902980664295421,0.33657444247996576,99,99,0.04006353559343927,-0.10279197284092668,0,12.89952802658081
32.00171875953674,0.56251793747807,0.3685707633314287,0.47725714070010505,0.0902980664295421,0.33657444247996576,99,99,0.04006353559343927,-0.10396761211090853,0,12.99954628944397
32.10169243812561,0.5663042065778376,0.3697561671372535,0.4737940752724154,0.0902980664295421,0.33657444247996576,99,99,0.04006353559343927,-0.10506716802362538,0,13.099519968032837
32.20161986351013,0.5704024002310171,0.3709967428617157,0.47036702816366993,0.0902980664295421,0.33657444247996576,99,99,0.04006353559343927,-0.10888578850802615,0,13.199447393417358
32.301536083221436,0.5739919539163648,0.37204674326309,0.46711800966434097,0.0902980664295421,0.33657444247996576,99,99,0.03871663117142464,-0.10872774135798531,0,13.299363613128662
32.40165853500366,0.5779263250333779,0.37315456758192744,0.4633870687008769,0.0902980664295421,0.33657444247996576,99,99,0.03871663117142464,-0.11179008707800066,0,13.399486064910889
32.50192475318909,0.5817238317043277,0.37416725376933585,0.4598092991083215,0.0902980664295421,0.33657444247996576,99,99,0.03871663117142464,-0.1145570833964018,0,13.499752283096313
32.60168385505676,0.5854495473980444,0.37510525244246345,0.4559523753241851,0.0902980664295421,0.33657444247996576,99,99,0.03871663117142464,-0.11619523927045397,0,13.59951138496399
32.70184302330017,0.5891643583483492,0.3759855564431927,0.45243357302487924,0.0902980664295421,0.33650132859836207,99,99,0.03871663117142464,-0.12191370146363471,0,13.699670553207397
32.80178499221802,0.5928645698961315,0.37681567435539376,0.44910316780536114,0.0902980664295421,0.33650132859836207,99,99,0.03871663117142464,-0.12602165399765722,0,13.799612522125244
32.90177798271179,0.5966438770372423,0.3776269123386098,0.4456611849238583,0.0902980664295421,0.33650132859836207,99,99,0.03871663117142464,-0.12973882542641285,0,13.899605512619019
33.00202655792236,0.6006019996102153,0.3784227229311847,0.44204497146728794,0.0902980664295421,0.33650132859836207,99,99,0.03871663117142464,-0.13079807506875835,0,13.99985408782959
33.10171413421631,0.6038454581759434,0.3790249974150064,0.4386783000226444,0.0902980664295421,0.33650132859836207,99,99,0.03871663117142464,-0.13310135072436763,0,14.099541664123535
33.20146369934082,0.6070848429192219,0.379581912776701,0.43557525024267935,0.0902980664295421,0.33650132859836207,99,99,0.04411758040551311,-0.1464058503081258,0,14.199291229248047
33.302154302597046,0.6105740875854029,0.3801341901793683,0.4323449345959651,0.0902980664295421,0.33650132859836207,99,99,0.04411758040551311,-0.1439076905673594,0,14.299981832504272
33.4016535282135,0.614698836253186,0.3807393951596916,0.42871621163965834,0.0902980664295421,0.33650132859836207,99,99,0.04411758040551311,-0.14186196055616457,0,14.399481058120728
33.50169324874878,0.6187101613809407,0.3908364060303583,0.4310942314633983,0.0902980664295421,0.33650132859836207,99,99,0.04411758040551311,-0.15366286808578025,0,14.499520778656006
33.60170865058899,0.6231299905742486,0.3914097420806137,0.4273015831380455,0.0902980664295421,0.33650132859836207,99,99,0.04386859127001668,-0.15107005648359753,0,14.599536180496216
33.701416969299316,0.6275695518871434,0.39191237594831513,0.4230332458000032,0.0902980664295421,0.33649672977431516,99,99,0.04386859127001668,-0.1491398744863869,0,14.699244499206543
33.80144929885864,0.6319866795845205,0.392318681425614,0.41887267117620947,0.0902980664295421,0.33649672977431516,99,99,0.013868591270016682,0.0,0,14.79927682876587
33.90176224708557,0.635368960716178,0.3925755198217781,0.4159895077011062,0.0902980664295421,0.33649672977431516,99,99,0.0,0.0,0,14.899589776992798
34.001551151275635,0.6366817624227126,0.39266784471809,0.4149766785016001,0.0902980664295421,0.33649672977431516,99,99,0.0,0.0,0,14.999378681182861
34.10168766975403,0.636214885885911,0.39262903980747893,0.4153349299504256,0.0902980664295421,0.33649672977431516,99,99,0.0,0.0,0,15.099515199661255
34.20161271095276,0.6361724332534755,0.3926263175439355,0.4153686933902047,0.0902980664295421,0.33649672977431516,99,99,0.0,0.0,0,15.199440240859985
34.3017635345459,0.6362130783616364,0.3926301360709917,0.4153373818843457,0.0902980664295421,0.33649672977431516,99,99,0.0,0.0,0,15.299591064453125
34.401681661605835,0.6361775901090785,0.3926278758015076,0.41536512399118763,0.0902980664295421,0.33649672977431516,99,99,0.0,0.0,0,15.399509191513062
34.50198149681091,0.636214196464892,0.3926312181827604,0.4153389359029634,0.0902980664295421,0.33649672977431516,99,99,0.0,0.0,0,15.49980902671814
34.60162878036499,0.6361825446776505,0.3926291535994167,0.41536316056196526,0.0902980664295421,0.33649672977431516,99,99,0.0,0.0,0,15.599456310272217
34.70180702209473,0.6362151919301371,0.39263206699691355,0.41534026600647944,0.0902980664295421,0.33649672977431516,99,99,0.0,0.0,0,15.699634552001953
34.801379680633545,0.6361869850253199,0.39263018888997175,0.415364390482821,0.0902980664295421,0.33649672977431516,99,99,0.0,0.0,0,15.799207210540771
34.901785135269165,0.6362192190415171,0.39263296732732283,0.4153403536416365,0.0902980664295421,0.33649672977431516,99,99,0.0,0.0,0,15.899612665176392
35.00192141532898,0.6362236214298808,0.3926335655897506,0.41533391330867686,0.0902980664295421,0.33649672977431516,99,99,0.0,0.0,0,15.999748945236206
35.10182976722717,0.6362192597364636,0.392633438223985,0.4153375126018043,0.0902980664295421,0.33649672977431516,99,99,0.0,0.0,0,16.0996572971344
35.201770305633545,0.6362234922570458,0.39263396266647177,0.4153342737725589,0.0902980664295421,0.33649672977431516,99,99,0.0,0.0,0,16.19959783554077
35.301737785339355,0.6362197784350369,0.39263383946331915,0.41533741946656005,0.0902980664295421,0.33649672977431516,99,99,0.0,0.0,0,16.299565315246582
35.401565074920654,0.6362234280990854,0.3926342728314556,0.4153364574665332,0.0902980664295421,0.33649672977431516,99,99,0.0,0.0,0,16.39939260482788
35.5018150806427,0.6362202616105083,0.3926341564018063,0.41533887764178296,0.0902980664295421,0.33649672977431516,99,99,0.0,0.0,0,16.499642610549927
35.601808309555054,0.6362234025159339,0.39263451523292414,0.41533805267048934,0.0902980664295421,0.33649672977431516,99,99,0.0,0.0,0,16.59963583946228
35.701866149902344,0.6362207048094328,0.39263440687630935,0.4153412540220829,0.0902980664295421,0.33649672977431516,99,99,0.0,0.0,0,16.69969367980957
35.80174779891968,0.6362234022283257,0.3926347051977857,0.415336516792243,0.0902980664295421,0.33649672977431516,99,99,0.0,0.0,0,16.799575328826904
35.90192794799805,0.6362211050686941,0.39263460734197764,0.4153352596841089,0.0902980664295421,0.33649672977431516,99,99,0.0,0.0,0,16.899755477905273
36.00178599357605,0.6362234175072364,0.3926348550243767,0.415331863785252,0.0902980664295421,0.33649672977431516,99,99,0.0,0.0,0,16.999613523483276
36.101709604263306,0.6362200498881262,0.3926346579939214,0.4153355211390847,0.0902980664295421,0.33649672977431516,99,99,0.0,0.0,0,17.099537134170532
36.20165491104126,0.636223431108959,0.392634970822797,0.4153325182784713,0.0902980664295421,0.33649672977431516,99,99,0.0,0.0,0,17.199482440948486
36.301860094070435,0.6362207143790836,0.3926348115017162,0.4153295400740897,0.0902980664295421,0.33649672977431516,99,99,0.0,0.0,0,17.29968762397766
36.40171766281128,0.63622346374234,0.3926350633422713,0.4153284675920697,0.0902980664295421,0.33649672977431516,99,99,0.0,0.0,0,17.399545192718506
36.501675844192505,0.6362211213518014,0.392634922470474,0.4153275424106999,0.0902980664295421,0.33649672977431516,99,99,0.0,0.0,0,17.49950337409973
36.60175442695618,0.6362234947024485,0.39263513558088786,0.41532526405494624,0.0902980664295421,0.33649672977431516,99,99,0.0,0.0,0,17.599581956863403
36.7021050453186,0.636221340407957,0.3926350008093286,0.4153300114319073,0.0902980664295421,0.33649672977431516,99,99,0.0,0.0,0,17.69993257522583
36.80179834365845,0.6362235235810471,0.39263519139521186,0.4153279031159366,0.0902980664295421,0.33649672977431516,99,99,0.0,0.0,0,17.799625873565674
36.90190601348877,0.6362217895201553,0.3926350827616689,0.4153270796887902,0.0902980664295421,0.33649672977431516,99,99,0.0,0.0,0,17.899733543395996
37.00179386138916,0.6362235525627703,0.39263523586411775,0.41532379474652725,0.0902980664295421,0.33649672977431516,99,99,0.0,0.0,0,17.999621391296387
37.101765394210815,0.6362220594480109,0.39263514087830553,0.4153224833815156,0.0902980664295421,0.33649672977431516,99,99,0.0,0.0,0,18.099592924118042
37.20167660713196,0.6362161637623976,0.3926347153510751,0.41532510113432075,0.0902980664295421,0.33649672977431516,99,99,0.0,0.0,0,18.199504137039185
37.30195093154907,0.6362222910042288,0.3926351875833164,0.41532137220826915,0.0902980664295421,0.33649672977431516,99,99,0.0,0.0,0,18.2997784614563
37.40172219276428,0.6362170257613111,0.3926348055975159,0.4153261122392503,0.0902980664295421,0.33649672977431516,99,99,0.0,0.0,0,18.39954972267151
37.50192356109619,0.6362224833877118,0.39263522451131394,0.4153219525172448,0.0902980664295421,0.33649672977431516,99,99,0.0,0.0,0,18.499751091003418
37.601598262786865,0.6362235917754647,0.39263531699909004,0.4153209642947045,0.0902980664295421,0.33649672977431516,99,99,0.0,0.0,0,18.599425792694092
37.70174813270569,0.6362225729824058,0.39263524899082375,0.41531975203177507,0.0902980664295421,0.33649672977431516,99,99,0.0,0.0,0,18.699575662612915
37.80162239074707,0.6362239930714615,0.39263536214851036,0.4153193510931985,0.0902980664295421,0.33649672977431516,99,99,0.0,0.0,0,18.799449920654297
37.90191674232483,0.6362227307196526,0.3926352746564719,0.41531612885598307,0.0902980664295421,0.33649672977431516,99,99,0.0,0.0,0,18.899744272232056
38.00183725357056,0.6362239672197794,0.3926353725368811,0.4153138065307507,0.0902980664295421,0.33649672977431516,99,99,0.0,0.0,0,18.999664783477783
38.10174298286438,0.636222875167177,0.3926352964659027,0.41531324867991554,0.0902980664295421,0.33649672977431516,99,99,0.0,0.0,0,19.099570512771606
38.2017240524292,0.6362239523882729,0.39263538090966404,0.4153125622984989,0.0902980664295421,0.33649672977431516,99,99,0.0,0.0,0,19.199551582336426
38.301851749420166,0.636223373212376,0.3926353415593387,0.41531479809516103,0.0902980664295421,0.33649672977431516,99,99,0.0,0.0,0,19.299679279327393
38.40179657936096,0.6362239352048364,0.3926353868589322,0.4153144993398977,0.0902980664295421,0.33649672977431516,99,99,0.0,0.0,0,19.39962410926819
38.501914978027344,0.6362234073447386,0.39263535049522513,0.4153162598608838,0.0902980664295421,0.33649672977431516,99,99,0.0,0.0,0,19.49974250793457
38.60172986984253,0.6362239347380374,0.3926353924370298,0.4153136265266214,0.0902980664295421,0.33649672977431516,99,99,0.0,0.0,0,19.599557399749756
38.701796770095825,0.6362235215224482,0.39263536414530464,0.41531145651477575,0.0902980664295421,0.33649672977431516,99,99,0.0,0.0,0,19.69962430000305
38.80161762237549,0.6362239381987541,0.3926353971899885,0.41531267625469803,0.0902980664295421,0.33649672977431516,99,99,0.0,0.0,0,19.799445152282715
38.90184473991394,0.6362235856279072,0.3926353726999119,0.415315210135886,0.0902980664295421,0.3451966898841143,99,99,0.02,-0.12,0,19.899672269821167
39.00189995765686,0.6364541102799893,0.39265199175496796,0.41494075959315174,0.0902980664295421,0.3451966898841143,99,99,0.04,-0.1298102933097976,0,19.999727487564087
39.10162305831909,0.6390822693928925,0.392818307370023,0.41252193926006053,0.0902980664295421,0.3451966898841143,99,99,0.04386859127001668,-0.12479284226963915,0,20.09945058822632
39.201698303222656,0.6428407848428732,0.39300479194684257,0.4092844366683177,0.0902980664295421,0.3451966898841143,99,99,0.04386859127001668,-0.11981951215346694,0,20.199525833129883
39.301889181137085,0.6471720528356837,0.39317875142422387,0.4056656123346088,0.0902980664295421,0.3451966898841143,99,99,0.04386859127001668,-0.12164843412415259,0,20.29971671104431
39.40183138847351,0.6515468882793684,0.3933146773116638,0.4020197707173142,0.0902980664295421,0.3451966898841143,99,99,0.04386859127001668,-0.1288614366641676,0,20.399658918380737
39.501842975616455,0.6556520661152698,0.3934092688263053,0.3985498330229598,0.0902980664295421,0.3451966898841143,99,99,0.04386859127001668,-0.1341608249567297,0,20.49967050552368
39.601704835891724,0.6599638265738657,0.39344711923319087,0.3948563530630722,0.0902980664295421,0.3451966898841143,99,99,0.04386859127001668,-0.13731963604799144,0,20.59953236579895
39.7017879486084,0.6570658028854176,0.38937705838275677,0.3949550378339834,0.0902980664295421,0.3451966898841143,99,99,0.04386859127001668,-0.12477210991762547,0,20.699615478515625
39.80142116546631,0.6489190158683626,0.38243520836882955,0.39821899352886075,0.0902980664295421,0.3451966898841143,99,99,0.04386859127001668,-0.09864409180730316,0,20.799248695373535
39.90175485610962,0.6531528028398447,0.3823172693170896,0.3946471264385673,0.0902980664295421,0.3452092482712635,99,99,0.04411758040551311,-0.08780316463180957,0,20.899582386016846
40.00170373916626,0.6575919052581805,0.38216465580749454,0.39091994189561285,0.0902980664295421,0.3452092482712635,99,99,0.04411758040551311,-0.08987858999149595,0,20.999531269073486
40.10192537307739,0.6618584639870739,0.3819866567611327,0.3874286473733691,0.0902980664295421,0.3452092482712635,99,99,0.04411758040551311,-0.09697844517808878,0,21.09975290298462
40.20172095298767,0.6663045307003418,0.3817512513964138,0.3838009756490046,0.0902980664295421,0.3452092482712635,99,99,0.04411758040551311,-0.10379534699763324,0,21.199548482894897
40.301973819732666,0.670549407520979,0.38147901603012113,0.3802949906492835,0.0902980664295421,0.3452092482712635,99,99,0.04411758040551311,-0.10910105828728259,0,21.299801349639893
40.40157961845398,0.6749161502582604,0.38116904970784055,0.37666818093947446,0.0902980664295421,0.3452092482712635,99,99,0.03871663117142464,-0.09536777452248606,0,21.399407148361206
40.5016565322876,0.6791759835306588,0.38083052363465625,0.37308797611443845,0.0902980664295421,0.3452092482712635,99,99,0.03871663117142464,-0.09530256485965487,0,21.499484062194824
40.60162806510925,0.6830001402230134,0.38049854095239655,0.3699992409888344,0.0902980664295421,0.3452092482712635,99,99,0.03871663117142464,-0.09425720874679229,0,21.59945559501648
40.70189094543457,0.686803501408364,0.38012923215236527,0.3670224307516377,0.0902980664295421,0.3452092482712635,99,99,0.03871663117142464,-0.09260144787117082,8,21.699718475341797
40.80168795585632,0.6941759755237725,0.37661262471564944,0.35931441208972303,0.0902980664295421,0.3452092482712635,99,99,0.03871663117142464,-0.09016830268404263,0,21.79951548576355
40.90105605125427,0.7047794525989199,0.3702456331414742,0.3473018596519815,0.0902980664295421,0.3452263796154412,99,99,0.03871663117142464,-0.08938274650925199,7,21.8988835811615
41.00161957740784,0.7085403312849885,0.3697846390483456,0.3441648944636402,0.0902980664295421,0.3452263796154412,99,99,0.03871663117142464,-0.08918713102188214,14,21.999447107315063
41.101752519607544,0.7123908316276114,0.36928810766660003,0.3409663387946393,0.0902980664295421,0.3452263796154412,99,99,0.03871663117142464,-0.08930846572391975,4,22.09958004951477
41.20160913467407,0.7162595641233811,0.36876064568604733,0.3377839554623546,0.0902980664295421,0.3452263796154412,99,99,0.04006353559343927,-0.09235270076905214,20,22.1994366645813
41.30161452293396,0.7198717492870988,0.3682303165850284,0.4076647172065314,-0.0138536847816568,0.35044516240211665,99,99,0.04006353559343927,-0.08968390759844819,71,0.0
41.40161919593811,0.7239872111150802,0.36759087098125065,0.40428657065122525,-0.0138536847816568,0.35044516240211665,99,99,0.04006353559343927,-0.08800696540324161,111,0.10000467300415039
41.50162744522095,0.7276349263810588,0.36700406253016504,0.4013108301632981,-0.0138536847816568,0.35044516240211665,99,99,0.04006353559343927,-0.0864624357265019,89,0.2000129222869873
41.60167574882507,0.7316114465295933,0.36634351132374837,0.39831145798800355,-0.0138536847816568,0.35044516240211665,99,99,0.04006353559343927,-0.08425016003688325,79,0.3000612258911133
41.70186638832092,0.7355588183938181,0.36564956799153825,0.39586913913658756,-0.0138536847816568,0.35044516240211665,99,99,0.04006353559343927,-0.08093025426800739,114,0.4002518653869629
41.80159139633179,0.7395218552415317,0.3649106634287378,0.39352585260771605,-0.0138536847816568,0.35044516240211665,99,99,0.04006353559343927,-0.07738557679086301,104,0.49997687339782715
41.9017071723938,0.7434631353106592,0.3641390639414307,0.38312806509136066,-0.0055223054564123575,0.35044516240211665,99,100,0.04006353559343927,-0.0699674290451767,157,0.0
42.00214672088623,0.7412825985021471,0.36293345574405617,0.3859140461465961,-0.0055223054564123575,0.3513611003252294,99,100,0.04006353559343927,-0.040429640626041354,148,0.10043954849243164
42.10176062583923,0.7312330650134967,0.361156501595841,0.39565406546506665,-0.0055223054564123575,0.3513611003252294,99,100,0.04006353559343927,-0.05718351500903711,130,0.20005345344543457
42.20258283615112,0.7351540660666962,0.36033237201950025,0.39319204716439005,-0.0055223054564123575,0.3513611003252294,99,100,0.04006353559343927,-0.05359624048273907,139,0.3008756637573242
42.30164909362793,0.7390461230553448,0.3594859782315718,0.3895666067648844,-0.0055223054564123575,0.3513611003252294,99,100,0.04006353559343927,-0.03571628588372869,141,0.39994192123413086
42.40201234817505,0.7429089523400533,0.35863533562418076,0.3650000162124637,0.016942908288118952,0.3518888553431516,100,100,0.04006353559343927,-0.01977971528186881,179,0.0
42.50146961212158,0.7468796979414658,0.35774038377329476,0.36157288843927227,0.016942908288118952,0.3518888553431516,100,100,0.04216366380901907,-0.011183660101758492,188,0.0994572639465332
42.601563692092896,0.7508092441416268,0.35684474965965096,0.3575714766258965,0.016942908288118952,0.3518888553431516,100,100,0.04216366380901907,-0.003214426171101752,171,0.19955134391784668
42.701759815216064,0.7549453511154881,0.3558999394032418,0.35352692713030054,0.016942908288118952,0.3518888553431516,100,100,0.04216366380901907,0.005263295359342175,156,0.2997474670410156
42.801581144332886,0.7591126454137348,0.3549422142993448,0.34954324341885656,0.016942908288118952,0.3518888553431516,100,100,0.04216366380901907,0.010946902705053956,163,0.3995687961578369
42.90184545516968,0.7631887383193525,0.35400128400237646,0.34522540001760604,0.016942908288118952,0.3518888553431516,100,100,0.04216366380901907,0.014940598074685557,150,0.4998331069946289
43.00137948989868,0.7674203095813138,0.35302986866894903,0.3530000216960908,0.004064752259651333,0.3518888553431516,100,100,0.04216366380901907,0.018987308509372948,139,0.0
43.10160207748413,0.7715131711507718,0.3520922709504675,0.34871867764620845,0.004064752259651333,0.3518888553431516,100,100,0.04216366380901907,0.02302573848481861,115,0.10022258758544922
43.20155715942383,0.7757676539261084,0.35146645508936036,0.3445872834873417,0.004064752259651333,0.3518888553431516,100,100,0.04216366380901907,0.027184416386696254,109,0.20017766952514648
43.30183172225952,0.7800673164632462,0.35113827522858077,0.34075606192969454,0.004064752259651333,0.3518888553431516,100,100,0.04216366380901907,0.031165181144778172,89,0.30045223236083984
43.401681661605835,0.7841555453653186,0.3501908360199835,0.3362891423810024,0.004064752259651333,0.3518888553431516,100,100,0.04216366380901907,0.034320924421322827,75,0.4003021717071533
43.50153851509094,0.7881567047730813,0.34927139696958415,0.3500000305175782,-0.013614062216956907,0.3513611003252294,99,99,0.04216366380901907,0.03701692274910081,67,0.0
43.601763010025024,0.7924458335750412,0.3483066865092872,0.34490128193500025,-0.013614062216956907,0.3513611003252294,99,99,0.04216366380901907,0.03941963352415719,42,0.10022449493408203
43.7017343044281,0.7966225226259601,0.3473789500316155,0.3403870107129493,-0.013614062216956907,0.3513611003252294,99,99,0.04487302824411628,0.04538369825659171,4,0.2001957893371582
43.80169343948364,0.8007653672691449,0.34647275894093504,0.33512265759969506,-0.013614062216956907,0.3513611003252294,99,99,0.04487302824411628,0.04584518640851255,2,0.3001549243927002
43.90188264846802,0.805234468873242,0.34551946082078455,0.32997121697642906,-0.013614062216956907,0.3513611003252294,99,99,0.04487302824411628,0.047206870258979475,2,0.4003441333770752
44.00175499916077,0.8095562782536215,0.3446125612834547,0.32497996894216546,-0.013614062216956907,0.3511243591754338,99,99,0.04538388955192673,0.051662902946708646,0,0.5002164840698242
44.106626987457275,0.8140955930371223,0.34368374575774513,0.31918780082342546,-0.013614062216956907,0.3511243591754338,99,99,0.04538388955192673,0.05162960119295288,0,0.605088472366333
44.201611042022705,0.8184859680700229,0.3428216602623415,0.3138950903269793,-0.013614062216956907,0.3511243591754338,99,99,0.04538388955192673,0.0521954646040689,0,0.7000725269317627
44.3016402721405,0.8230896161243401,0.34243506111441624,0.3092164281011819,-0.013614062216956907,0.3511243591754338,99,99,0.04538388955192673,0.05375901873421675,0,0.8001017570495605
44.40178608894348,0.827370423205051,0.3416226007933772,0.3036307925660789,-0.013614062216956907,0.3511243591754338,99,99,0.04538388955192673,0.05326241792459035,0,0.9002475738525391
44.50202178955078,0.8318712415091397,0.3408010625664076,0.29817194295449606,-0.013614062216956907,0.3511243591754338,99,99,0.04538388955192673,0.05357126737266045,0,1.0004832744598389
44.601951360702515,0.8363351003392389,0.3400074578426108,0.2929866249366637,-0.013614062216956907,0.3511243591754338,99,99,0.04538388955192673,0.05433652426480355,0,1.1004128456115723
44.70175242424011,0.8408734485717959,0.3392330742919943,0.28678186350142987,-0.013614062216956907,0.3511243591754338,99,99,0.04538388955192673,0.05244506136894783,0,1.20021390914917
44.80161094665527,0.8453414082807126,0.3385103565899976,0.28164973753435507,-0.013614062216956907,0.3511243591754338,99,99,0.04411758040551311,0.05067341508493514,0,1.300072431564331
44.90181922912598,0.8497994427183004,0.3378060409155698,0.276491359036249,-0.013614062216956907,0.3511243591754338,99,99,0.04411758040551311,0.05020356180831356,0,1.4002807140350342
45.00264811515808,0.8543232864686706,0.3371247564790204,0.2708333674048561,-0.013614062216956907,0.3511243591754338,99,99,0.04411758040551311,0.04852055067866801,0,1.5011096000671387
45.10215401649475,0.8586576551643271,0.33650291309179753,0.26574729691314486,-0.013614062216956907,0.3504249048188645,99,99,0.04411758040551311,0.03220673840504076,0,1.6006155014038086
45.20151114463806,0.8630787715981156,0.33588863494559534,0.2608491622141154,-0.013614062216956907,0.3504249048188645,99,99,0.04411758040551311,0.03252688660462908,0,1.6999726295471191
45.30169129371643,0.8675050584640607,0.33547730898930284,0.2555795141924914,-0.013614062216956907,0.3504249048188645,99,99,0.04411758040551311,0.03132430576251495,0,1.8001527786254883
45.401371002197266,0.8719204790272697,0.3352180222700362,0.2513589580318389,-0.013614062216956907,0.3504249048188645,99,99,0.04411758040551311,0.032673793193579596,0,1.8998324871063232
45.501793384552,0.8763320761792667,0.3346499017240409,0.24647231104692657,-0.013614062216956907,0.3504249048188645,99,99,0.04411758040551311,0.032747164591992665,0,2.0002548694610596
45.601786375045776,0.8807490262244027,0.3341046456422887,0.2414861941147222,-0.013614062216956907,0.3504249048188645,99,99,0.04411758040551311,0.032416864534813926,0,2.100247859954834
45.701887130737305,0.8851005950418631,0.33358452867975497,0.23690842920148228,-0.013614062216956907,0.3504249048188645,99,99,0.04411758040551311,0.03301012697562408,0,2.2003486156463623
45.80176568031311,0.8895388801970029,0.3330696311848293,0.23184378115275844,-0.013614062216956907,0.3504249048188645,99,99,0.04411758040551311,0.03226788237014441,0,2.300227165222168
45.90174150466919,0.8939482980705243,0.3325917618125102,0.22684644231794038,-0.013614062216956907,0.3504249048188645,99,99,0.04411758040551311,0.03142076948787734,0,2.400202989578247
46.00178074836731,0.898348324208246,0.3321298267151035,0.22232108296256275,-0.013614062216956907,0.3504249048188645,99,99,0.04386859127001668,0.031821402292308544,0,2.500242233276367
46.10205578804016,0.9027904675748641,0.3316785808000629,0.21744279760829227,-0.013614062216956907,0.35041946152100256,99,99,0.04386859127001668,0.0319510900610865,0,2.6005172729492188
46.20167541503906,0.9070931902043059,0.33127091079144805,0.21286007688333444,-0.013614062216956907,0.35041946152100256,99,99,0.04386859127001668,0.030738566019873233,0,2.70013689994812
46.3022301197052,0.9114553141857424,0.33086695964592516,0.20849951812762252,-0.013614062216956907,0.35041946152100256,99,99,0.04386859127001668,0.03134702686632032,0,2.800691604614258
46.40154552459717,0.925822851048981,0.33093155100072785,0.19469176698602098,-0.013614062216956907,0.35041946152100256,99,99,0.04941484783951838,0.034787183015483274,0,2.9000070095062256
46.50167775154114,0.9302006017842037,0.3305657265465907,0.19032263743045452,-0.013614062216956907,0.35041946152100256,99,99,0.04941484783951838,0.03485396769107117,0,3.0001392364501953
46.60166835784912,0.9350725964323904,0.3301752195342294,0.18549975712509284,-0.013614062216956907,0.35041946152100256,99,99,0.04941484783951838,0.0348689868053421,0,3.1001298427581787
46.701855421066284,0.9400577604525449,0.3298080173832234,0.1803720363243226,-0.013614062216956907,0.35041946152100256,99,99,0.04941484783951838,0.03312266198096096,0,3.200316905975342
46.80174255371094,0.9449768957484438,0.3294667732583253,0.17572456266212763,-0.013614062216956907,0.35041946152100256,99,99,0.04941484783951838,0.03365321804718778,0,3.300204038619995
46.902369022369385,0.9499365221357142,0.32914153704026516,0.17087003263554934,-0.013614062216956907,0.35041946152100256,99,99,0.04941484783951838,0.032225444434120475,0,3.4008305072784424
47.001543283462524,0.9548598243425561,0.328850622870821,0.16631774715142048,-0.013614062216956907,0.35041946152100256,99,99,0.04941484783951838,0.03225361276813238,0,3.500004768371582
47.10181498527527,0.9597785908875852,0.3285709540229369,0.16180814077720784,-0.013614062216956907,0.35078152007829816,99,99,0.04830367885261094,0.036165750665126215,0,3.600276470184326
47.20127081871033,0.964487857247146,0.3283289426749484,0.15753220698541223,-0.013614062216956907,0.35078152007829816,99,99,0.04830367885261094,0.03503129582011153,0,3.6997323036193848
47.301926612854004,0.9694847220859835,0.3280927125241137,0.1531473704415378,-0.013614062216956907,0.35078152007829816,99,99,0.04830367885261094,0.03455648961586178,0,3.8003880977630615
47.40180492401123,0.9743992472089551,0.327880975855563,0.14893056513511801,-0.013614062216956907,0.35078152007829816,99,99,0.04830367885261094,0.032816680844862944,0,3.900266408920288
47.50170350074768,0.9791567162426903,0.32771033117554166,0.1450012877142027,-0.013614062216956907,0.35078152007829816,99,99,0.04830367885261094,0.03220019644877803,0,4.000164985656738
47.60184860229492,0.9839978619650259,0.32754675734367017,0.14110328333886774,-0.013614062216956907,0.35078152007829816,99,99,0.04830367885261094,0.03192419863481089,0,4.1003100872039795
47.702730894088745,0.9886412849451242,0.3274143276634161,0.13757050624818062,-0.013614062216956907,0.35078152007829816,99,99,0.04830367885261094,0.03027085152770562,0,4.201192378997803
47.80190563201904,0.9934862377625753,0.327295346902526,0.13389398500020597,-0.013614062216956907,0.35078152007829816,99,99,0.04830367885261094,0.030421825752594934,0,4.300367116928101
47.90178370475769,0.9983911565797482,0.32718905019629935,0.13044614351194558,-0.013614062216956907,0.35078152007829816,99,99,0.04830367885261094,0.02924026830257805,0,4.400245189666748
48.00171136856079,1.0031957375285878,0.32711317416326613,0.1272312677949721,-0.013614062216956907,0.35078152007829816,99,99,0.04830367885261094,0.0285852704465185,0,4.500172853469849
48.103976249694824,1.008062552875289,0.32704744636575794,0.12397224709254913,-0.013614062216956907,0.35093849386490766,99,99,0.04487302824411628,0.026877370207267406,0,4.602437734603882
48.201319217681885,1.0128998973221262,0.327004112611733,0.12130797720649655,-0.013614062216956907,0.35093849386490766,99,99,0.04487302824411628,0.026737442664808982,0,4.699780702590942
48.30197882652283,1.0173528800889582,0.32698121788787177,0.11856078675266783,-0.013614062216956907,0.35093849386490766,99,99,0.04487302824411628,0.027324940685821808,0,4.800440311431885
48.40148067474365,1.0213965643811584,0.33695629686555906,0.12488255868929175,-0.013614062216956907,0.35093849386490766,99,99,0.04487302824411628,0.01201209577347384,0,4.89994215965271
48.501871824264526,1.0259061767992526,0.3369633914438187,0.12279865037777471,-0.013614062216956907,0.35093849386490766,99,99,0.04487302824411628,0.011890914308593849,0,5.000333309173584
48.60188627243042,1.0303741751042121,0.33697238033025495,0.12056233710376495,-0.013614062216956907,0.35093849386490766,99,99,0.04487302824411628,0.012633160548342723,0,5.1003477573394775
48.70205020904541,1.0348945132751224,0.336989117881914,0.1188376060337966,-0.013614062216956907,0.35093849386490766,99,99,0.04487302824411628,0.012400490335027136,0,5.200511693954468
48.80168914794922,1.0393744526256024,0.337011508603635,0.116962750137404,-0.013614062216956907,0.35093849386490766,99,99,0.04487302824411628,0.01296314888576385,0,5.300150632858276
48.90186333656311,1.0438734903165143,0.33703942876081444,0.11568020226760078,-0.013614062216956907,0.35093849386490766,99,99,0.04487302824411628,0.012543467139081837,0,5.400324821472168
49.001535415649414,1.0483618199418958,0.3370823114530954,0.11439266692782893,-0.013614062216956907,0.35093849386490766,99,99,0.04487302824411628,0.012277469611969334,0,5.499996900558472
49.10253381729126,1.0527978579076134,0.33712804957385734,0.11312015064253197,-0.013614062216956907,0.35093849386490766,99,99,0.04487302824411628,0.012365580715737925,0,5.600995302200317
49.20169925689697,1.0573385029635711,0.3371821150403653,0.11252054652386993,-0.005870180680754539,0.31683543839423267,99,99,0.04216366380901907,-0.02665372593155568,0,5.70016074180603
49.30157232284546,1.0617297726983879,0.33724091157332803,0.1110703404968401,-0.005870180680754539,0.31683543839423267,99,99,0.04216366380901907,-0.02676336405213226,0,5.800033807754517
49.4017128944397,1.0660125510811942,0.3372869692344602,0.10983807102496482,-0.005870180680754539,0.31683543839423267,99,99,0.04216366380901907,-0.026377247246157434,0,5.900174379348755
49.50176453590393,1.070204003860917,0.33732267686110845,0.10843059213490967,-0.005870180680754539,0.31683543839423267,99,99,0.04216366380901907,-0.025839684718480197,0,6.000226020812988
49.601555824279785,1.07442741946164,0.3373488205857263,0.10754514987841284,-0.005870180680754539,0.31683543839423267,99,99,0.04216366380901907,-0.02591552705353293,0,6.100017309188843
49.701950550079346,1.0786607154886052,0.33736882162036097,0.10639660066361456,-0.005870180680754539,0.31683543839423267,99,99,0.04216366380901907,-0.02540827125885409,0,6.200412034988403
49.80160212516785,1.0823929919868254,0.33737220448065774,0.10556597679073988,-0.005870180680754539,0.31683543839423267,99,99,0.04216366380901907,-0.02506993298246629,0,6.300063610076904
49.90173292160034,1.0870560126203523,0.33737249399329644,0.10493964058407508,-0.005870180680754539,0.31683543839423267,99,99,0.04216366380901907,-0.025240608824974697,0,6.400194406509399
50.00156569480896,1.0911847062720215,0.33735720930827284,0.1034774294113521,-0.005870180680754539,0.31683543839423267,99,99,0.04216366380901907,-0.02352046066768673,0,6.500027179718018
50.102014780044556,1.095421125121054,0.3373290047170854,0.10361713756240806,-0.005870180680754539,0.31683543839423267,99,99,0.04216366380901907,-0.02397926761223608,0,6.600476264953613
50.201650857925415,1.0995856801074302,0.3372962817102766,0.10276979359697871,-0.005870180680754539,0.32061241842434984,99,99,0.04216366380901907,-0.01626520083849954,0,6.700112342834473
50.301692724227905,1.1038498866755238,0.3372469286767393,0.10230574402043283,-0.005870180680754539,0.32061241842434984,99,99,0.04216366380901907,-0.01621470372442428,0,6.800154209136963
50.40137791633606,1.1079984351819359,0.3371981065638791,0.10223915067764625,-0.005870180680754539,0.32061241842434984,100,99,0.04006353559343927,-0.015865116745987826,0,6.899839401245117
50.50186324119568,1.1216822686897467,0.347089654778193,0.11240092880769223,-0.005870180680754539,0.32061241842434984,100,99,0.04006353559343927,-0.030742396077758225,0,7.000324726104736
50.601759910583496,1.1257321334915786,0.34704079998510884,0.11221492267721409,-0.005870180680754539,0.32061241842434984,100,99,0.04006353559343927,-0.031224362855591062,0,7.100221395492554
50.70184278488159,1.1294707681469072,0.3469923118697382,0.11186763403239544,-0.005870180680754539,0.32061241842434984,100,99,0.04006353559343927,-0.03139893027839703,0,7.200304269790649
50.80181646347046,1.133534392524331,0.346931021832597,0.11139901966235469,-0.005870180680754539,0.32061241842434984,100,99,0.04006353559343927,-0.03139742595034118,0,7.300277948379517
50.90203881263733,1.13747517299051,0.3468602088427988,0.11083935662210379,-0.005870180680754539,0.32061241842434984,100,99,0.04006353559343927,-0.03128240100954025,0,7.400500297546387
51.00190329551697,1.1415411456751479,0.34677968828656075,0.11057455286455906,-0.005870180680754539,0.32061241842434984,100,99,0.04216366380901907,-0.03324355122173848,0,7.500364780426025
51.10172128677368,1.1455900932297982,0.34669181302725227,0.1098100616193757,-0.005870180680754539,0.32061241842434984,100,99,0.04216366380901907,-0.03257695293295125,0,7.600182771682739
51.20261573791504,1.1497766964145568,0.3465798954583108,0.1091117154428736,-0.013614062216956907,0.3472834662453964,100,99,0.04487302824411628,-0.03379726144308831,0,7.701077222824097
51.30193901062012,1.1540612472884457,0.3464601682165325,0.10890045382703914,-0.013614062216956907,0.3472834662453964,100,99,0.04487302824411628,0.010486096335235147,0,7.800400495529175
51.401387453079224,1.1585425231164075,0.34632494466829467,0.10844333848937868,-0.013614062216956907,0.3472834662453964,100,99,0.04487302824411628,0.011269429292398379,0,7.899848937988281
51.50190496444702,1.1630286817501285,0.34619026990375656,0.10878022576563104,-0.013614062216956907,0.3472834662453964,100,99,0.04487302824411628,0.010550854520537289,0,8.000366449356079
51.60161089897156,1.1675466527110903,0.34605633584670237,0.10856128897160086,-0.013614062216956907,0.3472834662453964,100,99,0.04216366380901907,0.010249510635984562,0,8.100072383880615
51.701892614364624,1.1720001505239064,0.34592265505058556,0.10893196519885959,-0.013614062216956907,0.3472834662453964,100,99,0.04216366380901907,0.009458203003019191,0,8.200354099273682
51.80172562599182,1.1762015820955456,0.3458034634236808,0.10890824807747987,-0.013614062216956907,0.3472834662453964,100,99,0.04216366380901907,0.009362065267232171,0,8.300187110900879
51.90199589729309,1.1804238615380007,0.3456795562315796,0.1088420017890909,-0.013614062216956907,0.3472834662453964,100,99,0.04216366380901907,0.009350801056997596,0,8.400457382202148
52.0017614364624,1.1845970207699552,0.3455647481108673,0.10921208784725814,-0.013614062216956907,0.3472834662453964,100,99,0.04216366380901907,0.008447372553654705,0,8.50022292137146
52.101670026779175,1.1888305909376395,0.3454485158008985,0.10895234222946373,-0.013614062216956907,0.3472834662453964,100,99,0.04216366380901907,0.008845054757433836,0,8.600131511688232
52.20194697380066,1.1930611136902007,0.3453324265067311,0.10929625848850902,-0.013614062216956907,0.3472834662453964,100,99,0.04216366380901907,0.007949201590397388,0,8.700408458709717
52.30139350891113,1.1972720095345648,0.3452237452547516,0.10930039965515556,-0.013614062216956907,0.3472758506577986,100,99,0.04216366380901907,0.007899469950120726,0,8.79985499382019
52.401461601257324,1.2015057288519124,0.3451116159093406,0.10928279586129827,-0.013614062216956907,0.3472758506577986,100,99,0.04216366380901907,0.008248566540281381,0,8.899923086166382
52.5016303062439,1.2053015875038573,0.34501784205357844,0.10963827416535712,-0.013614062216956907,0.3472758506577986,100,99,0.04216366380901907,0.007681826260170758,0,9.000091791152954
52.601343870162964,1.2099477032364436,0.3449049875052432,0.10948719725631098,-0.013614062216956907,0.3472758506577986,99,99,0.04216366380901907,0.008378407070637608,0,9.099805355072021
52.70278525352478,1.2041639412418537,0.34435323248609206,0.10915990014036922,-0.013614062216956907,0.3472758506577986,99,99,0.04216366380901907,0.008027205678569642,0,9.201246738433838
52.801748275756836,1.2083745166725233,0.34426105103574905,0.10918254780190154,-0.013614062216956907,0.3472758506577986,99,99,0.04006353559343927,0.007847585965894717,0,9.300209760665894
52.9019935131073,1.212460996895004,0.34416977212193633,0.1092304161595817,-0.013614062216956907,0.3472758506577986,99,99,0.04006353559343927,0.00799375850888108,0,9.400454998016357
53.001251220703125,1.2165062398716981,0.3440871051588127,0.1094918941280821,-0.013614062216956907,0.3472758506577986,99,99,0.04006353559343927,0.007606109811594698,0,9.499712705612183
53.10173201560974,1.2204988955737646,0.344006939942907,0.10942122967018766,-0.013614062216956907,0.3472758506577986,99,99,0.04006353559343927,0.007975917888214574,0,9.600193500518799
53.20170736312866,1.2244909548819591,0.34392914801582575,0.10969447132185786,-0.013614062216956907,0.3472758506577986,99,99,0.04006353559343927,0.007404571195063389,0,9.70016884803772
53.30026888847351,1.228538880844951,0.343857986935795,0.10971659141606235,-0.013614062216956907,0.3472758506577986,99,99,0.04006353559343927,0.007489987575842993,0,9.798730373382568
53.40159320831299,1.2325035895584504,0.34378749335083403,0.10974980360710987,-0.013614062216956907,0.3472758506577986,99,99,0.04006353559343927,0.007535236400871341,0,9.900054693222046
53.502195596694946,1.2365668795712212,0.34372015064379197,0.1099572763700006,-0.013614062216956907,0.3472758506577986,99,99,0.04006353559343927,0.007064390888467564,0,10.000657081604004
53.601452589035034,1.2406016640593285,0.3436567633461257,0.10992616378323003,-0.013614062216956907,0.3472758506577986,99,99,0.04006353559343927,0.007291998151698026,0,10.099914073944092
53.70233154296875,1.2445836757294038,0.3435940819151304,0.11000176665947867,-0.013614062216956907,0.3472758506577986,99,99,0.04006353559343927,0.007036322987476011,0,10.200793027877808
53.80182361602783,1.2484775054836659,0.3435378855517326,0.11012098736539702,-0.013614062216956907,0.3472758506577986,99,99,0.04006353559343927,0.0063721458886000695,0,10.30028510093689
53.90209937095642,1.2524399245099318,0.3434816159525846,0.11011069541800825,-0.013614062216956907,0.3472758506577986,99,99,0.04006353559343927,0.006128020209538824,0,10.400560855865479
54.00160336494446,1.256470383246018,0.34342842960612663,0.1102527474454563,-0.013614062216956907,0.3472758506577986,99,99,0.03871663117142464,0.005148249505746437,0,10.500064849853516
54.10227680206299,1.2605489726980394,0.34337908306322856,0.11028066825102326,-0.013614062216956907,0.3472758506577986,99,99,0.03871663117142464,0.004762197747016998,0,10.600738286972046
54.201807260513306,1.2643856248482839,0.3433337425830494,0.11034098912516285,-0.013614062216956907,0.3472758506577986,99,99,0.03871663117142464,0.004257281038579464,0,10.700268745422363
54.30181288719177,1.2683323392738064,0.3432889232857804,0.1103758641997438,-0.013614062216956907,0.3472675991286932,99,99,0.03871663117142464,0.0032489408577215245,0,10.80027437210083
54.401896715164185,1.2718407503945892,0.3432514938615845,0.11040348732759589,-0.013614062216956907,0.3472675991286932,99,99,0.03871663117142464,0.0022579619729067215,0,10.900358200073242
54.501818895339966,1.276084706695894,0.3432076261726006,0.11042063023218066,-0.013614062216956907,0.3472675991286932,99,99,0.03871663117142464,0.0011240866025056138,0,11.000280380249023
54.60186576843262,1.280018843932725,0.3431669207226914,0.11042444391358178,-0.013614062216956907,0.3472675991286932,99,99,0.03871663117142464,0.00012430604875499724,0,11.100327253341675
54.70224094390869,1.2838294069348892,0.3431280234151362,0.11043530096260276,-0.013614062216956907,0.3472675991286932,99,99,0.03871663117142464,-0.0008820902540220721,0,11.200702428817749
54.80162596702576,1.287703874039062,0.3430900836290235,0.11045015474505585,-0.013614062216956907,0.3472675991286932,99,99,0.03871663117142464,-0.0019277391351833263,0,11.300087451934814
54.901541233062744,1.2912356660642246,0.34305599461080566,0.11045583369993958,-0.013614062216956907,0.3472675991286932,99,99,0.03871663117142464,-0.002300097743740572,0,11.400002717971802
55.001421213150024,1.2953878022498628,0.34301565942899237,0.11046016094324826,-0.013614062216956907,0.3472675991286932,100,99,0.03871663117142464,-0.004215817699178986,0,11.499882698059082
55.10207915306091,1.3088604899507994,0.3539179307234493,0.12137680323024067,-0.013614062216956907,0.3472675991286932,100,99,0.03871663117142464,-0.020739247526500446,0,11.60054063796997
55.201788902282715,1.3127291840486126,0.35386603131164795,0.1213374692794704,-0.013614062216956907,0.3472675991286932,100,99,0.03871663117142464,-0.02150238746385448,0,11.700250387191772
55.30196452140808,1.3165271441581754,0.35381214198246486,0.12133127510280542,-0.013614062216956907,0.34724262654601723,100,99,0.03871663117142464,-0.021910657722202492,0,11.800426006317139
55.40153694152832,1.3204341270490856,0.35375434526782623,0.12130064572623675,-0.013614062216956907,0.34724262654601723,100,99,0.038276583572193025,-0.02419322784067362,0,11.899998426437378
55.50222587585449,1.324200380911389,0.3536900879088832,0.12125012990164472,-0.013614062216956907,0.34724262654601723,100,99,0.038276583572193025,-0.0253253496808542,0,12.00068736076355
55.601608991622925,1.3280260243788724,0.35362101230038556,0.1212427933867006,-0.013614062216956907,0.34724262654601723,100,99,0.038276583572193025,-0.027044827593437792,0,12.100070476531982
55.70182204246521,1.3318593062451691,0.35354826811511014,0.12121626902904095,-0.013614062216956907,0.34724262654601723,100,99,0.038276583572193025,-0.028318536155620303,0,12.200283527374268
55.8016631603241,1.3356641906087214,0.35346640733703716,0.12118541148366482,-0.013614062216956907,0.34724262654601723,100,99,0.038276583572193025,-0.029324382532361113,0,12.300124645233154
55.90169835090637,1.3394741748474908,0.3533789413242807,0.1211812885629697,-0.013614062216956907,0.34724262654601723,100,99,0.038276583572193025,-0.031088205637113682,0,12.40015983581543
56.001847982406616,1.3432239666241996,0.35328841242411246,0.12117182841619409,-0.013614062216956907,0.34724262654601723,100,99,0.038276583572193025,-0.03279867708720265,0,12.500309467315674
56.10189414024353,1.347072625880501,0.35318280466486107,0.12116484092053378,-0.013614062216956907,0.34724262654601723,100,99,0.038276583572193025,-0.034216715751348714,0,12.600355625152588
56.20177364349365,1.3508104776389256,0.35307414108618257,0.12116651480524346,-0.013614062216956907,0.34724262654601723,100,99,0.038276583572193025,-0.036337005261855494,0,12.70023512840271
56.30182123184204,1.3546385094833397,0.3529558200606004,0.12117757209502564,-0.013614062216956907,0.34724262654601723,100,99,0.038276583572193025,-0.03797016216454886,0,12.800282716751099
56.40137577056885,1.358478623743867,0.3528274826213552,0.12120644976062475,-0.013614062216956907,0.3407864480390535,100,99,0.038276583572193025,-0.038471295427621406,0,12.899837255477905
56.50155711174011,1.3622172829311365,0.3526897336182654,0.12122724168850266,-0.013614062216956907,0.3407864480390535,100,99,0.038276583572193025,-0.04027749276504399,0,13.00001859664917
56.60172986984253,1.366076512003979,0.3525423251306629,0.12124571101431644,-0.013614062216956907,0.3407864480390535,100,99,0.03871663117142464,-0.04285638025232717,0,13.100191354751587
56.70205760002136,1.3698693074832238,0.35238809833086326,0.12131688242598646,-0.013614062216956907,0.3407864480390535,100,99,0.03871663117142464,-0.04439138447883936,0,13.20051908493042
56.80169987678528,1.3737355212647366,0.35221329987191735,0.12138762994878197,-0.013614062216956907,0.3407864480390535,100,99,0.03871663117142464,-0.04629697825382473,0,13.300161361694336
56.90038800239563,1.3775480603342267,0.3520333056598843,0.12141548805776861,-0.013614062216956907,0.3407864480390535,100,99,0.03871663117142464,-0.04888650060837581,0,13.398849487304688
57.00183582305908,1.3814477545463817,0.3518378409535274,0.12151255067158609,-0.013614062216956907,0.3407864480390535,100,99,0.03871663117142464,-0.05072585284680937,0,13.50029730796814
57.10044240951538,1.3851281323486548,0.35164105547654223,0.12163127473038368,-0.013614062216956907,0.3407864480390535,100,99,0.03871663117142464,-0.05227048601575261,0,13.598903894424438
57.20179271697998,1.3889792335737339,0.3514210890096476,0.12170287409363514,-0.013614062216956907,0.3407864480390535,100,99,0.03871663117142464,-0.054469211881914344,0,13.700254201889038
57.30319809913635,1.3928417187071758,0.3511911487997561,0.1218371129358253,-0.013614062216956907,0.3407864480390535,100,99,0.03871663117142464,-0.05643035960625845,0,13.80165958404541
57.401289224624634,1.3967436666738369,0.35094143567880925,0.1219868217814025,-0.013614062216956907,0.34304674260403456,100,99,0.03871663117142464,-0.05994616881844484,0,13.899750709533691
57.500967264175415,1.4201264422083395,0.36107494994622147,0.13374118146853345,-0.013614062216956907,0.34304674260403456,100,99,0.03871663117142464,-0.09016410436098865,0,13.999428749084473
57.60188627243042,1.4238940722092746,0.3608110456005514,0.13403779635983978,-0.013614062216956907,0.34304674260403456,100,99,0.03871663117142464,-0.09190336597862396,0,14.100347757339478
57.69995880126953,1.427733422364984,0.36052543965810535,0.1343183639154175,-0.013614062216956907,0.34304674260403456,100,99,0.03871663117142464,-0.09380096386312661,0,14.198420286178589
57.801931858062744,1.4315778398562788,0.3602142692975983,0.13488968874999316,-0.013614062216956907,0.34304674260403456,100,99,0.03871663117142464,-0.09440647489953001,0,14.300393342971802
57.90031337738037,1.4354383466457812,0.3598664116489157,0.13551460262600126,-0.013614062216956907,0.34304674260403456,100,99,0.04006353559343927,-0.09808654522617755,0,14.398774862289429
58.00168776512146,1.4393769291684777,0.3594770779206148,0.13604170120768846,-0.013614062216956907,0.34304674260403456,100,99,0.04006353559343927,-0.09986367488920365,0,14.500149250030518
58.10104060173035,1.4433291386319116,0.3590577970901416,0.13657045566081807,-0.013614062216956907,0.34304674260403456,100,99,0.04006353559343927,-0.1016523761711593,0,14.599502086639404
58.20193266868591,1.4472882616316913,0.35861164854296096,0.13698796562850737,-0.013614062216956907,0.34304674260403456,100,99,0.04006353559343927,-0.10392204597641674,0,14.70039415359497
58.30275774002075,1.451218803964609,0.35814078062297056,0.137583352768107,-0.013614062216956907,0.34304674260403456,100,99,0.04006353559343927,-0.10542637359774609,0,14.80121922492981
58.402658224105835,1.4551363792207406,0.3576391923159947,0.13826283627840727,-0.013614062216956907,0.34530703716901556,100,99,0.04006353559343927,-0.10657845448703593,0,14.901119709014893
58.50114989280701,1.4590898560964318,0.35709101087999506,0.13907225279019123,-0.013614062216956907,0.34530703716901556,100,99,0.04006353559343927,-0.10436884860848188,0,14.999611377716064
58.6016161441803,1.463006905023832,0.35650995802355573,0.13977881487311025,-0.013614062216956907,0.34530703716901556,100,99,0.04006353559343927,-0.10546254035649544,0,15.100077629089355
58.700212240219116,1.48654635873054,0.36677439165858516,0.15428744102967482,-0.013614062216956907,0.34530703716901556,100,99,0.04006353559343927,-0.13645804781279025,0,15.198673725128174
58.80174779891968,1.4902786765518934,0.3661586821143715,0.15508736698873118,-0.013614062216956907,0.34530703716901556,100,99,0.04006353559343927,-0.13764589508000735,0,15.300209283828735
58.902809858322144,1.4939844958458577,0.3655066923478305,0.1563698323532509,-0.013614062216956907,0.34530703716901556,100,99,0.04006353559343927,-0.1373547895440186,0,15.401271343231201
59.00159049034119,1.497557293908903,0.36483009487022966,0.15758154408690964,-0.013614062216956907,0.34530703716901556,100,99,0.04006353559343927,-0.1370819258896434,0,15.500051975250244
59.10137319564819,1.5010698372827627,0.36411870143079567,0.15884837505288105,-0.013614062216956907,0.34530703716901556,100,99,0.04006353559343927,-0.1373325798369143,0,15.599834680557251
59.20164918899536,1.5045266800835466,0.36337357510813195,0.16019127897568766,-0.013614062216956907,0.34530703716901556,100,99,0.04216366380901907,-0.1444960087761775,0,15.700110673904419
59.30210280418396,1.5079877460049225,0.3625765619222681,0.16042780008186677,-0.013614062216956907,0.34530703716901556,100,99,0.04216366380901907,-0.14487536006742774,0,15.800564289093018
59.401368141174316,1.5118887166013182,0.3616244781919337,0.16022604607059285,-0.013614062216956907,0.34530703716901556,100,99,0.04216366380901907,-0.14510060855673576,0,15.899829626083374
59.50066566467285,1.5159484499255764,0.36057369869564454,0.16000811645080157,-0.013614062216956907,0.3514316740887084,100,99,0.04216366380901907,-0.15908170353577267,0,15.99912714958191
59.601704120635986,1.52010366905249,0.3594312826021568,0.1597572171953354,-0.013614062216956907,0.3514316740887084,100,99,0.02716366380901907,-0.22044935137020064,0,16.100165605545044
59.703001260757446,1.5233303661200004,0.3584811582445618,0.15949105074550488,-0.013614062216956907,0.3514316740887084,100,99,0.0,-0.32,0,16.201462745666504
59.80131220817566,1.5261486302442728,0.357586323468686,0.15889989178834937,-0.013614062216956907,0.3514316740887084,99,99,0.01,-0.245,0,16.299773693084717
59.904486656188965,1.5457876382663822,0.3678827268157128,0.17461155568419454,-0.013614062216956907,0.3514316740887084,99,99,0.005000000000000001,-0.22999999999999998,0,16.402948141098022
60.001826763153076,1.5472831751846237,0.36733654588818077,0.1742701742021949,-0.013614062216956907,0.3514316740887084,99,99,0.0,-0.32,0,16.500288248062134
60.101837396621704,1.5477662224224973,0.3671427755282082,0.1735370782951793,-0.013614062216956907,0.3514316740887084,99,99,0.0,-0.32,0,16.60029888153076
60.20173239707947,1.547786556347164,0.36713283750512493,0.17239480473517757,-0.013614062216956907,0.3514316740887084,99,99,0.0,-0.32,0,16.700193881988525
60.30201053619385,1.547959105652299,0.3670548157901747,0.1708744735792069,-0.013614062216956907,0.3514316740887084,99,99,0.0,-0.32,0,16.800472021102905
60.4024977684021,1.5480853274006698,0.36699164999647726,0.16871584513738533,-0.013614062216956907,0.3514316740887084,99,99,0.02,-0.16999999999999998,0,16.900959253311157
60.501641035079956,1.5488115808112353,0.3665971178755751,0.16720325681031498,-0.013614062216956907,0.35369196865368946,99,99,0.04,-0.13145623612155863,0,17.000102519989014
60.602434158325195,1.5508501031779973,0.3654300170617776,0.16611354550458077,-0.013614062216956907,0.35369196865368946,99,99,0.04216366380901907,-0.1330328461961491,0,17.100895643234253
60.70230412483215,1.5542021513156654,0.3634393666565906,0.1648646867446896,-0.013614062216956907,0.35369196865368946,99,99,0.04216366380901907,-0.1376853344616303,0,17.20076560974121
60.80174684524536,1.5578626788560785,0.36117106214031297,0.16354116432707202,-0.013614062216956907,0.35369196865368946,99,99,0.04216366380901907,-0.14254430063328322,0,17.30020833015442
60.90273118019104,1.5614414487624209,0.3588530895980426,0.16212895290039145,-0.013614062216956907,0.35369196865368946,99,99,0.04216366380901907,-0.14831963787309815,0,17.401192665100098
61.00151252746582,1.5649837060281584,0.35645331999778845,0.1602752812607511,-0.013614062216956907,0.35369196865368946,99,99,0.03719515687621388,-0.13410461367134308,0,17.499974012374878
61.10199475288391,1.5678859432383019,0.3543847417232367,0.15824694194362174,-0.013614062216956907,0.35369196865368946,99,99,0.03719515687621388,-0.13507925432711615,0,17.60045623779297
61.20205330848694,1.5706121844543963,0.35234893293240993,0.15631652924539377,-0.013614062216956907,0.35369196865368946,99,99,0.03719515687621388,-0.13642126245898395,0,17.700514793395996
61.302443742752075,1.5733563570897808,0.350192789544114,0.15395431432739023,-0.013614062216956907,0.35369196865368946,99,99,0.03719515687621388,-0.13714124655586013,0,17.800905227661133
61.40209722518921,1.5760540350162644,0.3479646194878505,0.15148280604978245,-0.013614062216956907,0.35369196865368946,99,99,0.04052172980049977,-0.1498403777214462,0,17.900558710098267
61.5019474029541,1.5787831685166438,0.3455887075145347,0.14882040206149147,-0.005870180680754539,0.3221150923026908,99,99,0.04052172980049977,-0.11038558777502504,0,18.00040888786316
61.60057806968689,1.5814352576743507,0.34315252341105057,0.14634952957975236,-0.005870180680754539,0.3221150923026908,99,99,0.04052172980049977,-0.11025569800925489,0,18.099039554595947
61.70253920555115,1.5844073922292476,0.34031047564223615,0.14427950842924078,-0.005870180680754539,0.3221150923026908,99,99,0.04052172980049977,-0.11311182813689183,0,18.201000690460205
61.80171227455139,1.6172167805911868,0.3388474899870302,0.16465713536629403,-0.005870180680754539,0.3221150923026908,99,99,0.02552172980049977,-0.1738481714784623,0,18.30017375946045
61.9049391746521,1.6198587151887431,0.3361365165749542,0.1631323644544226,-0.005870180680754539,0.3221150923026908,99,99,0.0,-0.2938481714784623,0,18.403400659561157
62.001753091812134,1.6215992754786042,0.33424959194952825,0.15941980865475489,-0.005870180680754539,0.3221150923026908,99,99,0.0,-0.245,0,18.50021457672119
62.10213756561279,1.621536693222838,0.33427607350651106,0.1550326255653849,-0.005870180680754539,0.3221150923026908,99,99,0.0,-0.09499999999999999,0,18.60059905052185
62.20167899131775,1.6216214233256825,0.33416860732410497,0.15210767630495572,-0.005870180680754539,0.3221150923026908,99,99,0.01,-0.07999999999999999,0,18.700140476226807
62.30201864242554,1.6215966892488378,0.33420079043921364,0.15150804815653443,-0.005870180680754539,0.3221150923026908,99,99,0.03,-0.13859090611078823,0,18.800480127334595
62.401739835739136,1.6225695316266535,0.3329361747271739,0.14943223917807588,-0.005870180680754539,0.3221150923026908,99,99,0.04052172980049977,-0.13653666046830779,0,18.900201320648193
62.50511956214905,1.624498815626347,0.3303057630724161,0.14642273815898557,-0.005870180680754539,0.3221150923026908,99,99,0.04052172980049977,-0.13443083880458692,0,19.003581047058105
62.601675033569336,1.6265644819628744,0.3273366749451025,0.1437329767882453,-0.005870180680754539,0.0,99,99,0.04052172980049977,-0.13423579779363315,0,19.100136518478394
62.70220446586609,1.6286496751754511,0.32420706174651376,0.14173091584610112,-0.005870180680754539,0.0,99,99,0.04052172980049977,-0.1355281785145728,0,19.200665950775146
62.80178427696228,1.6307411418373792,0.3209617555676252,0.13919135623947612,-0.005870180680754539,0.0,99,99,0.04052172980049977,-0.1368934767524986,0,19.300245761871338
62.901941537857056,1.6328697375479206,0.3175191480224209,0.1366097972461852,-0.005870180680754539,0.0,99,99,0.04052172980049977,-0.1383592228581227,0,19.400403022766113
63.00159573554993,1.6348042811966335,0.3142407209685169,0.13369225007577382,-0.005870180680754539,0.0,99,99,0.04052172980049977,-0.13859029500259917,0,19.500057220458984
63.10194396972656,1.6364670654303677,0.3112692194340715,0.13024234201346488,-0.005870180680754539,0.0,99,99,0.04052172980049977,-0.1370345674874203,0,19.60040545463562
63.20772743225098,1.6376419021285404,0.3090749701777001,0.12806520033252952,-0.005870180680754539,0.0,99,99,0.0363485704330719,-0.12252586514324645,0,19.706188917160034
63.3019232749939,1.6396614858825118,0.30509399182227676,0.12397688462370418,-0.005870180680754539,0.0,99,99,0.0363485704330719,-0.12145785065470671,0,19.800384759902954
63.40199136734009,1.6420380746186343,0.297046803196418,0.11859123826355247,-0.005870180680754539,0.0,99,99,0.0363485704330719,-0.12122900710695766,0,19.900452852249146
63.50361657142639,1.6440625256491486,0.2900987459161846,0.11394565152119598,-0.005870180680754539,0.0,99,99,0.0363485704330719,-0.1267576001173296,0,20.00207805633545
63.602039098739624,1.6452535669959654,0.2872295292051256,0.11041533600231282,-0.005870180680754539,0.0,99,99,0.0363485704330719,-0.1260423295828503,0,20.10050058364868
