t,goal,map_x,map_y,map_yaw,odom_x,odom_y,odom_yaw,wheel_yaw,v,w,mo_x,mo_y,mo_yaw,stuck
0.01,1,0.0,0.0,0.024598736984937062,0.0,0.0,0.024598736984937065,2.9428526696681283,0.0,0.0,0.0,0.0,-6.2120199874261065e-18,0
0.11,1,0.0,0.0,0.025628807706989134,0.0,0.0,0.02562880770698914,2.9428526696681283,0.0,0.0,0.0,0.0,-6.2120199874261065e-18,0
0.21,1,0.0,0.0,0.023103542832624745,0.0,0.0,0.023103542832624748,2.9428526696681283,0.02,0.12,0.0,0.0,-6.2120199874261065e-18,0
0.32,1,0.0006020029340842529,1.4424746889222305e-06,0.3524259047917785,0.0006020029340842529,1.4424746889222305e-06,0.3524259047917785,3.03755834066616,0.036537349224090576,0.24,0.0,0.0,-6.2120199874261065e-18,0
0.41,1,0.0031823595293904243,3.5651289692416155e-05,1.3164395318151134,0.0031823595293904243,3.5651289692416155e-05,1.3164395318151134,3.838168485117913,0.05653734922409058,0.35214078426361084,0.0,0.0,-6.2120199874261065e-18,0
0.51,1,0.006876494482525356,0.0001469453311693219,2.201808390043546,0.006876494482525356,0.0001469453311693219,2.201808390043546,4.68597289459668,0.07026294618844986,0.37463441491127014,0.0,0.0,-6.2120199874261065e-18,0
0.61,1,0.010534113817394008,0.00031071109485565564,2.9075323290603,0.010534113817394008,0.00031071109485565564,2.9075323290603,6.010783436644295,0.07790031284093857,0.3711824119091034,0.0,0.0,-6.2120199874261065e-18,0
0.71,1,0.014623936693996024,0.0005387464962596673,3.5194702191749236,0.014623936693996024,0.0005387464962596673,3.5194702191749236,6.848007269528897,0.08045163005590439,0.35592833161354065,0.0,0.0,-6.2120199874261065e-18,0
0.82,1,0.018711706236571465,0.0008068780180722802,4.026250069290684,0.018711706236571465,0.0008068780180722802,4.026250069290684,8.106461622627988,0.07478976249694824,0.34270480275154114,-0.010055312281487549,0.001140762451793071,-0.3999245410012909,0
0.91,1,0.012686432866257823,0.0020882282088754115,4.061872257678283,0.022734577899250416,0.0011061787688969882,4.461796798679573,8.947145285445805,0.07588547468185425,0.34942951798439026,-0.010055312281487549,0.001140762451793071,-0.3999245410012909,0
1.01,1,0.016793429794626665,0.0024159259074105427,5.128763404635641,0.026839187469396328,0.001462535090466993,5.528687945636931,10.218989507324274,0.07621400058269501,0.3416142165660858,-0.010055312281487549,0.001140762451793071,-0.3999245410012909,0
1.11,1,0.020932404062318215,0.0028315901635116458,6.4192650378056,0.030975159598307683,0.0019070790267447981,6.819189578806889,11.07788086866188,0.07859966158866882,0.33959609270095825,-0.010055312281487549,0.001140762451793071,-0.3999245410012909,0
1.21,1,0.02506606453460283,0.003339582009738408,7.592191702745894,0.03510517361991055,0.0024439112140480675,7.992116243747184,12.365515468593475,0.07851532101631165,0.33465588092803955,-0.010055312281487549,0.001140762451793071,-0.3999245410012909,0
1.31,1,0.029176517154147413,0.003938128764741194,8.983252346625532,0.03921134828598823,0.003071134114703875,9.383176887626824,13.229980874141168,0.07990605384111404,0.34960341453552246,-0.010122280933032888,0.0017790253116685315,-0.5998868115019224,0
1.41,1,0.03330112808623391,0.005140011848266714,10.233277131015077,0.04338584009829611,0.0038154371071762176,10.833163942517004,14.531143172031427,0.08022119104862213,0.3193252682685852,-0.010122280933032888,0.0017790253116685315,-0.5998868115019224,0
1.52,1,0.03746273714888733,0.005937877761813749,11.579040409322523,0.04753886755987466,0.004656830540555488,12.178927220824445,15.37877561492998,0.08027935773134232,0.3262554705142975,-0.020216106853083553,0.0024438798087439103,-0.7998490820026121,0
1.61,1,0.03173935362223252,0.007351934226923956,12.469669957218663,0.0518818837616322,0.005632850851782883,13.269519039221274,16.579282587629102,0.08067188411951065,0.3199091851711273,-0.020216106853083553,0.0024438798087439103,-0.7998490820026121,0
1.71,1,0.036341397214242226,0.008411548895527839,13.518836924294044,0.05646868719379202,0.00675660471424791,14.318686006296653,17.347810230116707,0.08016756176948547,0.3095981478691101,-0.010216106853083504,-0.007556120191256344,-0.7998490820025586,0
1.81,1,0.05107467182607967,-0.0004136207846002554,14.430970367462894,0.061185100500481024,0.007997394926992259,15.230819449465457,18.450563908989754,0.08063025027513504,0.2895684838294983,-0.010216106853083504,-0.007556120191256344,-0.7998490820025586,0
1.91,1,0.05590983113225239,0.0008699441620025929,15.317314363556916,0.06600187068785376,0.00934833143558675,16.117163445559473,19.163785444348935,0.07838217169046402,0.30737531185150146,-0.010216106853083454,-0.007556120191256563,-0.7998490820025188,0
2.01,1,0.06075098104125076,0.0022406077610046616,16.278134806183022,0.07082341503663722,0.01078644173585528,17.077983888185546,20.20166395403259,0.08034206926822662,0.2924771308898926,-0.010216106853083454,-0.007556120191256563,-0.7998490820025188,0
2.11,1,0.06546221032856105,0.003660257583830084,17.315604682069864,0.07551436759762316,0.012271719853797526,18.115453764072385,20.89301521236015,0.08015692234039307,0.27465569972991943,-0.0003870575936503656,-0.006810655407417325,-0.9998113525031198,0
2.21,1,0.07994445974597127,0.005610736809174386,18.209701513246515,0.08010254478201552,0.013821214929576003,19.209512865749637,21.986940034122927,0.08057235926389694,0.26435190439224243,-0.0003870575936503656,-0.006810655407417325,-0.9998113525031198,0
2.31,1,0.08440096565816986,0.0071253173726571984,19.26917061205363,0.0845319441132869,0.015413326983695791,20.268981964556747,22.74276495842527,0.08103199303150177,0.1529272198677063,-0.0007787341958966903,-0.005259551649015102,-1.3997358935044242,0
2.41,1,0.08896389690639768,0.009783385865082029,19.65006476341575,0.08934838970664309,0.017230643140793006,21.049800656920173,23.754220710837966,0.08144677430391312,0.1151680201292038,-0.0007787341958966903,-0.005259551649015102,-1.3997358935044242,0
2.51,1,0.09492287668476543,0.011932333029409034,20.1557940261241,0.09525309778241123,0.01952451246009251,21.555529919628523,24.236901958332766,0.08145973831415176,0.08868489414453506,-0.010331254588323659,-0.01685951792200046,-0.9998113525031227,0
2.61,1,0.0915725859066977,0.003403871478421524,21.067856153803838,0.10153474770145941,0.022038436124845014,22.06766750630696,24.806897587231095,0.08130764961242676,0.08210936188697815,-0.010331254588323659,-0.01685951792200046,-0.9998113525031227,0
2.71,1,0.09806305980749022,0.00592921448835659,21.474615670381702,0.10798016844543569,0.024676647679633044,22.47442702288483,25.139859863403654,0.08144793659448624,0.08450846374034882,-0.010331254588323659,-0.01685951792200046,-0.9998113525031227,0
2.81,1,0.10455397929214014,0.008518203214331506,21.91327252255516,0.11442492414404894,0.0273785030356107,22.91308387505828,25.63295650305732,0.08119120448827744,0.08434479683637619,-0.010331254588323659,-0.01685951792200046,-0.9998113525031227,0
2.91,1,0.11099649555074706,0.011140955872954317,22.42532398988712,0.12082069483515988,0.030113272590336283,23.425135342390245,25.960860609812055,0.08097062259912491,-0.05199631676077843,-0.010331254588323659,-0.01685951792200046,-0.9998113525031227,0
3.01,1,0.11811688661625469,0.014080496323132432,22.40890405508196,0.1278887094620824,0.033176610021570956,23.40871540758508,26.174011883029628,0.08138307183980942,0.008247505873441696,-0.010331254588323659,-0.01685951792200046,-0.9998113525031227,0
3.11,1,0.12549235536441808,0.017134250325455222,22.500803951512616,0.13520977001141055,0.0363585944959058,23.500615304015746,26.16995417290828,0.08125970512628555,0.02821413055062294,-0.010331254588323659,-0.01685951792200046,-0.9998113525031227,0
3.21,1,0.1329510373750767,0.020238954023629158,22.742782038146288,0.14261314212715973,0.03959297290687217,23.742593390649414,26.258873168755837,0.08142583817243576,0.05684066191315651,-0.010331254588323659,-0.01685951792200046,-0.9998113525031227,0
3.31,1,0.13902945489207766,0.02279795414753419,22.886549577219352,0.14864598193501932,0.042257646432434785,23.886360929722468,26.51061009765237,0.08170958608388901,-0.07815933808684349,-0.010331254588323659,-0.01685951792200046,-0.9998113525031227,0
3.41,1,0.14711625613454277,0.026225154710529927,22.869025853227086,0.15667175036836947,0.04582543273326247,23.86883720573021,26.56403852945274,0.08152952790260315,-0.035943444818258286,-0.010667678609235263,-0.015862367706279187,-1.1997736230037823,0
3.51,1,0.15396300860861678,0.029460259255991647,22.55502537315039,0.16359262077379141,0.04887894957187431,23.69794358289607,26.428297176727522,0.08089427649974823,-0.03879576548933983,-0.010667678609235263,-0.015862367706279187,-1.1997736230037823,0
3.61,1,0.16109398764220698,0.032544232070206125,22.35121627453099,0.17071045016660452,0.051992413863061804,23.550989897534773,26.257541551928295,0.08090115338563919,-0.010070741176605225,-0.010667678609235263,-0.015862367706279187,-1.1997736230037823,0
3.71,1,0.16809861532855946,0.03541460345936753,22.28521455207006,0.17765344101745537,0.05500882215457894,23.48498817507384,26.211182219339577,0.08077402412891388,0.0014962069690227509,-0.010667678609235263,-0.015862367706279187,-1.1997736230037823,0
3.81,1,0.17566145148693565,0.03851101469984952,22.229714039336397,0.18514978503358792,0.058262908773035735,23.429487662340172,26.208661536549958,0.08069174736738205,0.008005760610103607,-0.010667678609235263,-0.015862367706279187,-1.1997736230037823,0
3.91,1,0.1831747017695712,0.041593477353327135,22.345875091251962,0.19259684610694597,0.06150201161013171,23.545648714255744,26.236899207487514,0.08074264228343964,0.005238089710474014,-0.010667678609235263,-0.015862367706279187,-1.1997736230037823,0
4.01,1,0.19071227343088876,0.044696706279382464,22.450512309954092,0.20006778841294826,0.06476238541958801,23.650285932957868,26.280869176060936,0.08080180734395981,-0.003817770630121231,-0.010667678609235263,-0.015862367706279187,-1.1997736230037823,0
4.11,1,0.1982021344339844,0.04778719022681503,22.406457801814586,0.2074912973808661,0.06800901805637873,23.606231424818365,26.283528543565307,0.08068270236253738,-0.0023615024983882904,-0.010667678609235263,-0.015862367706279187,-1.1997736230037823,0
4.21,1,0.20575229823447264,0.05090333486112042,22.424386365301093,0.21497455863025056,0.07128256840265022,23.62415998830488,26.27436318765885,0.08079621940851212,-0.0031982697546482086,-0.010667678609235263,-0.015862367706279187,-1.1997736230037823,0
4.31,1,0.213256852301147,0.053999280973276484,22.407402890595712,0.2224126430711604,0.07453496965694029,23.60717651359949,26.27160351578617,0.08078521490097046,-0.0011955462396144867,-0.010667678609235263,-0.015862367706279187,-1.1997736230037823,0
4.41,1,0.22079787000326342,0.05711389217560779,22.490972219465576,0.22988679233502585,0.07780679540211394,23.690745842469358,26.27824191064344,0.08069971203804016,-0.0015124417841434479,-0.010667678609235263,-0.015862367706279187,-1.1997736230037823,0
4.51,1,0.22827136339410642,0.06020490498570648,22.48454142305049,0.23729392620544976,0.08105361407287257,23.684315046054277,26.28345199208243,0.08062461018562317,-0.019820984452962875,-0.010667678609235263,-0.015862367706279187,-1.1997736230037823,0
4.61,1,0.23578094442048467,0.0633072876570808,22.441368672469185,0.24473690173228377,0.0843125557321132,23.64114229547297,26.216780063379403,0.08070111274719238,-0.028120864182710648,-0.009269517462019287,-0.009761944322112985,-0.5998868115018505,0
4.71,1,0.24369362286415788,0.07509919828925733,22.848390639732013,0.25206079549900845,0.08750496706699346,23.448277451233864,26.133803180407643,0.08067819476127625,-0.03324836120009422,-0.009269517462019287,-0.009761944322112985,-0.5998868115018505,0
4.81,1,0.2509425302492278,0.0781462102791527,22.59027815137059,0.25927740393915294,0.09062770672401298,23.190164962872437,25.965369758920446,0.08066318929195404,-0.04170310124754906,-0.009269517462019287,-0.009761944322112985,-0.5998868115018505,0
4.91,1,0.2580360466452366,0.08108983231129989,22.436007855337813,0.266339712380289,0.09364543517615155,23.03589466683966,25.824235554771022,0.08099097013473511,-0.03884506598114967,-0.009269517462019287,-0.009761944322112985,-0.5998868115018505,0
5.01,1,0.26519628187927935,0.08401989276821377,22.19215690526007,0.2734688779897013,0.0966503013298378,22.79204371676191,25.598716504904832,0.08095301687717438,-0.039900947362184525,-0.009269517462019287,-0.009761944322112985,-0.5998868115018505,0
5.11,1,0.27227438586817254,0.08688947978198545,21.885293123692,0.2805165500009554,0.09959383745650217,22.48517993519386,25.44850864179629,0.08097565919160843,-0.03313424810767174,-0.009269517462019287,-0.009761944322112985,-0.5998868115018505,0
5.21,1,0.2794568762281204,0.08976609367923018,21.730980637036595,0.28766852909172663,0.10254549298683359,22.330867448538445,25.255280784845162,0.08098547905683517,-0.02426106482744217,-0.009269517462019287,-0.009761944322112985,-0.5998868115018505,0
5.31,1,0.2868405906295894,0.09269734800118888,21.605828434873377,0.2950211491201448,0.10555389272426319,22.20571524637523,25.157232139643057,0.08077853918075562,-0.018846657127141953,-0.009269517462019287,-0.009761944322112985,-0.5998868115018505,0
5.41,1,0.2944629680615816,0.09570872274385649,21.49914932289703,0.30261158025249885,0.10864490724728183,22.099036134398883,25.036003082537913,0.08068032562732697,-0.01192355528473854,-0.009269517462019287,-0.009761944322112985,-0.5998868115018505,0
5.51,1,0.3019767081758504,0.09866769946959583,21.472781395277483,0.3100939286187494,0.11168238921336923,22.072668206779333,24.96947114900711,0.08098466694355011,0.03303251788020134,-0.009269517462019287,-0.009761944322112985,-0.5998868115018505,0
5.61,1,0.3092942913616796,0.10155161445831778,21.548177231432508,0.3173809166899399,0.11464275983105085,22.148064042934354,25.045764361854786,0.0809321254491806,0.03391081467270851,-0.009269517462019287,-0.009761944322112985,-0.5998868115018505,0
5.71,1,0.3165671715108194,0.10444496317403952,21.792314746353124,0.3246231054052951,0.11761209562642716,22.39220155785497,25.155216323846272,0.08109787851572037,0.039111774414777756,-0.009269517462019287,-0.009761944322112985,-0.5998868115018505,0
5.81,1,0.3237180151357883,0.10731616248556175,22.065814592305358,0.3317434961853201,0.12055800553254764,22.66570140380721,25.379966930571552,0.081055648624897,0.03292493894696236,-0.009851966091059783,-0.008152215843157397,-0.7998490820024476,0
5.91,1,0.3306321323244703,0.11061197451165851,21.958239999062297,0.338793027664108,0.12350562169657797,22.758089081064753,25.532699523416195,0.08093711733818054,0.021019626408815384,-0.009851966091059783,-0.008152215843157397,-0.7998490820024476,0
6.01,1,0.3379799628299313,0.11359415194572982,22.063912037512097,0.34609851235791333,0.12659008093181562,22.86376111951454,25.673942967000958,0.08095043897628784,0.022285636514425278,-0.009851966091059783,-0.008152215843157397,-0.7998490820024476,0
6.11,1,0.3454905168380332,0.11665335797291028,22.232126446849232,0.3535656294144754,0.12975383280087135,23.03197552885168,25.754554677101243,0.08087693154811859,0.022929280996322632,-0.009851966091059783,-0.008152215843157397,-0.7998490820024476,0
6.21,1,0.3525589881453237,0.11954499898475984,22.360204365382298,0.36059304597805514,0.13274386470794602,23.16005344738474,25.88024062473326,0.08071184158325195,0.01908160373568535,-0.009851966091059783,-0.008152215843157397,-0.7998490820024476,0
6.31,1,0.3604409423261497,0.12279138649224552,22.456054424414162,0.36842891404980577,0.13609996439650088,23.25590350641661,25.962418749087885,0.08079350739717484,0.017233077436685562,-0.009851966091059783,-0.008152215843157397,-0.7998490820024476,0
6.41,1,0.3679418156995976,0.12590280671226894,22.516869180636075,0.37588562252853014,0.13931579023341908,23.31671826263852,26.07459651351282,0.08069642633199692,0.016469914466142654,-0.009851966091059783,-0.008152215843157397,-0.7998490820024476,0
6.51,1,0.3753971451966529,0.12900798190050197,22.661437035381994,0.38329687874643376,0.142524735875194,23.461286117384443,26.13694810085302,0.08034489303827286,-0.009364407509565353,-0.009851966091059783,-0.008152215843157397,-0.7998490820024476,0
6.61,1,0.3824159419276249,0.1319347196575081,22.660071267879033,0.390274135639298,0.14554916767306386,23.45992034988149,26.15447722320319,0.08036172389984131,-0.025933440774679184,-0.009851966091059783,-0.008152215843157397,-0.7998490820024476,0
6.72,1,0.39017942549865225,0.13514947255311915,22.42746095006213,0.39799198624977156,0.14887198203620008,23.227310032064576,26.06219365865412,0.08049967885017395,-0.03589261695742607,-0.009851966091059783,-0.008152215843157397,-0.7998490820024476,0
6.81,1,0.3970153947077263,0.13795470414907113,22.05874419225787,0.4047881296062235,0.1517723673231731,22.858593274260326,25.886835680826483,0.08073477447032928,-0.03111199662089348,-0.009851966091059783,-0.008152215843157397,-0.7998490820024476,0
6.91,1,0.4042482320891028,0.14088906739952312,21.96564256794225,0.4119792998451079,0.15480741178189603,22.7654916499447,25.751836615536927,0.08087781816720963,-0.02269742265343666,-0.009851966091059783,-0.008152215843157397,-0.7998490820024476,0
7.01,1,0.41166044784991673,0.14386814155985608,21.862144475169707,0.41934920684091154,0.15788966683474706,22.661993557172153,25.605739828141495,0.08079387247562408,-0.019992459565401077,-0.00985196609105956,-0.008152215843157952,-0.7998490820023902,0
7.11,1,0.41915305408371695,0.1468603108617056,21.731761370457974,0.42679931367427865,0.16098613796768663,22.53161045246037,25.531303918264808,0.08079049736261368,-0.02361796423792839,-0.00985196609105956,-0.008152215843157952,-0.7998490820023902,0
7.21,1,0.42659549069198344,0.14981454593709426,21.537834651098397,0.4341997853152025,0.16404397822522204,22.33768373310079,25.408284442499657,0.08059175312519073,-0.02363288775086403,-0.00985196609105956,-0.008152215843157952,-0.7998490820023902,0
7.31,1,0.4339943213395961,0.15272921329488978,21.449864164331462,0.44155720759179995,0.16706164590117287,22.24971324633385,25.336138490661856,0.08058275282382965,-0.02095658704638481,-0.00985196609105956,-0.008152215843157952,-0.7998490820023902,0
7.41,1,0.4414841936553942,0.15566143359860765,21.324986294041754,0.4490054176343877,0.17009813571310844,22.12483537604415,25.22125517504564,0.08065918833017349,-0.031481366604566574,-0.00985196609105956,-0.008152215843157952,-0.7998490820023902,0
7.51,1,0.4488832236558551,0.15853526493805845,21.08243538802475,0.4563636092967089,0.17307497413261957,21.88228447002714,25.114860166500897,0.080544613301754,-0.037114422768354416,-0.00985196609105956,-0.008152215843157952,-0.7998490820023902,0
7.61,1,0.45617077187749566,0.1613387362384059,20.98807043099483,0.46361131223715013,0.17597990313377024,21.78791951299722,24.91616144293394,0.08073724806308746,-0.015934187918901443,-0.00985196609105956,-0.008152215843157952,-0.7998490820023902,0
7.71,1,0.46362762891237785,0.16417987314206123,20.8464022743187,0.4710277816987711,0.17892485754238677,21.646251356321084,24.831769715237847,0.08060958236455917,-0.02395382896065712,-0.00985196609105956,-0.008152215843157952,-0.7998490820023902,0
7.81,1,0.47113391356283857,0.1670254586672486,20.669075108439692,0.47849361185904277,0.1818749501261671,21.468924190442088,24.704657179386565,0.08067826926708221,-0.019977133721113205,-0.00985196609105956,-0.008152215843157952,-0.7998490820023902,0
7.92,1,0.4787048743350405,0.16987424048053726,20.43205001597382,0.4860240672203323,0.18482914153593896,21.231899097976207,24.619862315679267,0.08068574965000153,-0.011250760406255722,-0.00985196609105956,-0.008152215843157952,-0.7998490820023902,0
8.02,1,0.4863330560208727,0.17272079344377125,20.409134799520153,0.49361176903342724,0.18778190309084272,21.208983881522546,24.537214489941903,0.08097536116838455,0.007754117250442505,-0.00985196609105956,-0.008152215843157952,-0.7998490820023902,0
8.11,1,0.49388859889289183,0.17553101585354663,20.488345810620647,0.5011273462686316,0.19069732362740363,21.288194892623043,24.55197047846462,0.08067949116230011,-0.0007177852094173431,-0.00985196609105956,-0.008152215843157952,-0.7998490820023902,0
8.21,1,0.5014766463728424,0.1783476298597423,20.36357129697858,0.5086753357207559,0.19361958888718117,21.163420378980966,24.56923747155904,0.08105733245611191,-0.002184715121984482,-0.01903063778718829,-0.0003837922402453147,-0.5998868115017567,0
8.31,1,0.49920678357053716,0.19072987118770499,20.384153666731702,0.5162080932924833,0.19652903516705955,20.984040478233464,24.564086388833132,0.08122427016496658,-0.0056559182703495026,-0.01903063778718829,-0.0003837922402453147,-0.5998868115017567,0
8.41,1,0.5068347640997521,0.19357398958440988,20.327778462173395,0.5238058783569028,0.19945286117478345,20.92766527367515,24.52809502370623,0.0819571390748024,-0.03468632325530052,-0.01903063778718829,-0.0003837922402453147,-0.5998868115017567,0
8.51,1,0.5142251307842305,0.19630719146598974,20.226760158736315,0.5311672238748848,0.20226328897520898,20.826646970238073,24.419108843966377,0.08185253292322159,-0.03648841008543968,-0.01903063778718829,-0.0003837922402453147,-0.5998868115017567,0
8.61,1,0.5215055898354726,0.1989577536343945,19.95501166234886,0.5384195330056514,0.2049899308800419,20.55489847385062,24.20285422920256,0.08143312484025955,-0.039615582674741745,-0.01903063778718829,-0.0003837922402453147,-0.5998868115017567,0
8.71,1,0.5286878321337342,0.20154285707635614,19.58514884492344,0.5455743161070371,0.2076500893356051,20.1850356564252,24.042644429276347,0.0810542181134224,-0.037770163267850876,-0.01903063778718829,-0.0003837922402453147,-0.5998868115017567,0
8.81,1,0.5355378710778351,0.20397125991286943,19.408297375572158,0.5523985546876754,0.21015007766890048,20.008184187073912,23.807215039666634,0.08087195456027985,-0.04501422867178917,-0.01903063778718829,-0.0003837922402453147,-0.5998868115017567,0
8.92,1,0.5431146475019101,0.20662023670176277,19.09456236020057,0.5599471815487549,0.2128782366673283,19.694449171702328,23.63275053730004,0.08040448278188705,-0.05069999024271965,-0.01903063778718829,-0.0003837922402453147,-0.5998868115017567,0
9.01,1,0.5499339735867841,0.20897200546170902,18.8365054926586,0.5667415112976592,0.21530127356660533,19.436392304160364,23.34028539271642,0.08068687468767166,-0.04679502174258232,-0.01903063778718829,-0.0003837922402453147,-0.5998868115017567,0
9.11,1,0.5574390806594552,0.21150856179164723,18.596673211006966,0.574219649756229,0.21791626790343796,19.19656002250872,23.144999759706995,0.08096781373023987,-0.027649156749248505,-0.01903063778718829,-0.0003837922402453147,-0.5998868115017567,0
9.21,1,0.5617980358877481,0.21296347771260576,18.307168422978258,0.5785631333790214,0.2194167415079555,18.907055234480023,22.922012201846492,0.08087598532438278,-0.025788653641939163,-0.01903063778718829,-0.0003837922402453147,-0.5998868115017567,0
9.32,1,0.5724079447140171,0.21646512894430917,18.097255135239426,0.5891357990581515,0.22302928453020132,18.697141946741183,22.8074592562959,0.08074858039617538,-0.013857416808605194,-0.029030637787188,-0.0003837922402460313,-0.599886811501709,0
9.41,1,0.5700497593204317,0.21896080060951661,18.016422432064253,0.5967510656121506,0.22560482774491766,18.616309243565958,22.692947568687114,0.0803520604968071,-0.030523475259542465,-0.029030637787188,-0.0003837922402460313,-0.599886811501709,0
9.52,1,0.577619898340529,0.2214113187648876,17.87889032129133,0.6042951332569786,0.22813446949498078,18.478777132793038,22.589837078450252,0.07993748039007187,-0.06794473528862,-0.029030637787188,-0.0003837922402460313,-0.599886811501709,0
9.61,1,0.5822031595632431,0.22287952497535207,17.613996818550238,0.6088627714332032,0.22965058110141887,18.213883630051953,22.41524244057479,0.07994519919157028,-0.10407260060310364,-0.029030637787188,-0.0003837922402460313,-0.599886811501709,0
9.71,1,0.5889018631198963,0.22497414445426808,17.09632033633781,0.6155391775689842,0.2318152199192078,17.696207147839516,21.981762188212496,0.07993856817483902,-0.10355418920516968,-0.029030637787188,-0.0003837922402460313,-0.599886811501709,0
9.81,1,0.5970880337627544,0.22743478026588268,16.212989916738138,0.6236991371419855,0.23436142850421754,16.81287672823985,21.43399891915309,0.0799781009554863,-0.08762064576148987,-0.029030637787188,-0.0003837922402460313,-0.599886811501709,0
9.91,1,0.6035652031715004,0.22929074100043986,15.737954039202714,0.6301565199835357,0.23628510223836943,16.33784085070443,21.094784849457803,0.07999449223279953,-0.03519175201654434,-0.029030637787188,-0.0003837922402460313,-0.599886811501709,0
10.01,1,0.6106799579059257,0.23127358041040158,15.376891151189325,0.6372501248092847,0.23834232309010991,15.976777962691035,20.74287804484781,0.08000245690345764,-0.053547147661447525,-0.029030637787188,-0.0003837922402460313,-0.599886811501709,0
10.11,1,0.6179979067914002,0.23326970606640357,15.07756790218141,0.6445467735445671,0.2404149568635652,15.677454713683113,20.534839127588253,0.08000298589468002,-0.03817040100693703,-0.029030637787188,-0.0003837922402460313,-0.599886811501709,0
10.21,1,0.6253062000176027,0.23521073702659037,14.811389534031044,0.65183434398073,0.24243239786803722,15.411276345532762,20.25569212901028,0.08000179380178452,-0.022262053564190865,-0.009975741422240015,-0.007633440820813236,-0.7998490820023935,0
10.31,1,0.6528036170770563,0.22764180842790618,14.271245947884804,0.6594304419962068,0.24450442353968313,15.0710950298872,20.12937714177505,0.0800006240606308,0.03957057744264603,-0.009975741422240015,-0.007633440820813236,-0.7998490820023935,0
10.41,1,0.660378745513515,0.22959100670640706,14.508608124966369,0.6669776223939158,0.2465591772480863,15.308457206968765,20.163785428936887,0.08000003546476364,-0.03358059376478195,-0.009975741422240015,-0.007633440820813236,-0.7998490820023935,0
10.51,1,0.6678710649529693,0.2315250412143027,14.426584319403483,0.674442213542826,0.24859761268737926,15.226433401405878,20.103533176135198,0.07999986410140991,0.04161851108074188,-0.009975741422240015,-0.007633440820813236,-0.7998490820023935,0
10.61,1,0.67540391614271,0.23345935832180678,14.600355907691213,0.6819473285476784,0.25063689650360044,15.400204989693599,20.13772898715224,0.0799998864531517,0.06881649792194366,-0.009975741422240015,-0.007633440820813236,-0.7998490820023935,0
10.71,1,0.6824758595991646,0.23532459720302842,14.895134408731804,0.6889925450304509,0.25260067476149567,15.694983490734202,20.332344942200404,0.07999994605779648,0.06840839236974716,-0.009975741422240015,-0.007633440820813236,-0.7998490820023935,0
10.81,1,0.689365393182543,0.23719132201447946,15.477956657934673,0.6958553486711103,0.2545633924457126,16.27780573993707,20.68861005199386,0.07999999076128006,0.024687161669135094,-0.009975741422240015,-0.007633440820813236,-0.7998490820023935,0
10.91,1,0.6966911726322184,0.23922606281164607,15.605895114882864,0.7031520102436322,0.25670019953878975,16.405744196885255,20.850820405562793,0.08000000566244125,0.005304906517267227,-0.009975741422240015,-0.007633440820813236,-0.7998490820023935,0
11.01,1,0.7039413082937854,0.24125890122921176,15.673055889514705,0.7103730619550735,0.2588340484846488,16.472904971517092,20.931653916462007,0.0801442563533783,0.018256772309541702,-0.009975741422240015,-0.007633440820813236,-0.7998490820023935,0
11.12,1,0.7120934092987131,0.24355341723761592,15.774549868320909,0.7184923382225604,0.26124214055091066,16.574398950323307,20.98411911544359,0.08051906526088715,0.029518544673919678,-0.009975741422240015,-0.007633440820813236,-0.7998490820023935,0
11.21,1,0.7197534575552105,0.24572549989016862,15.981857448307341,0.7261213188009855,0.26352094235787,16.781706530309734,21.13644636459419,0.080130435526371,0.009591271169483662,-0.009975741422240015,-0.007633440820813236,-0.7998490820023935,0
11.31,1,0.7273984741304235,0.24791754640312497,15.974746899773697,0.7337349904763623,0.26581949624451506,16.774595981776088,21.200317477236673,0.07983671128749847,-0.10150565952062607,-0.009975741422240015,-0.007633440820813236,-0.7998490820023935,0
11.41,1,0.7345956471687548,0.2499717229081394,15.792536881406935,0.7409027868551791,0.2679739418644502,16.592385963409328,21.003572489013838,0.07993366569280624,-0.0589095875620842,-0.009975741422240126,-0.007633440820813177,-0.7998490820024049,0
11.51,1,0.7413851659695895,0.2518536992030784,15.120442675024758,0.7476653725548627,0.26995051338504694,15.920291757027163,20.751810531869392,0.07994779199361801,0.014744801446795464,-0.009975741422240126,-0.007633440820813177,-0.7998490820024049,0
11.61,1,0.7487685235588025,0.2538537958403593,15.276980626475462,0.755020090273317,0.2720534834586591,16.07682970847787,20.651021227567465,0.07999145239591599,0.09564623236656189,-0.009975741422240126,-0.007633440820813177,-0.7998490820024049,0
11.71,1,0.7558474422857056,0.2558017394162949,15.639851671839391,0.7620711268268346,0.2741000557242003,16.4397007538418,20.848636416081753,0.08000142872333527,0.10642910748720169,-0.009975741422240126,-0.007633440820813177,-0.7998490820024049,0
11.81,1,0.76198846146799,0.25756347585767897,16.45464904162048,0.7681869545911002,0.27594734634668705,17.254498123622888,21.345750147879738,0.08000487834215164,0.12415167689323425,-0.009975741422240126,-0.007633440820813177,-0.7998490820024049,0
11.91,1,0.768339037914031,0.2594725485629058,16.97187459101201,0.7745102624525881,0.27794488420107094,17.77172367301442,21.758965256397182,0.08000300079584122,0.11568805575370789,-0.009975741422240126,-0.007633440820813177,-0.7998490820024049,0
12.01,1,0.7744930796397654,0.2613983754599825,17.860025549618676,0.7806368208630375,0.2799564310792066,18.659874631621083,22.357825281652275,0.08000122755765915,-0.0028473306447267532,-0.009975741422240126,-0.007633440820813177,-0.7998490820024049,0
12.11,1,0.7813206246231074,0.26361844900740844,18.003768281944122,0.7874327093556421,0.28227159773662436,18.80361736394653,22.624209543427007,0.08000016957521439,0.015800967812538147,-0.009975741422240024,-0.007633440820814242,-0.799849082002351,0
12.21,1,0.7862629050430777,0.2652307098519892,18.172718956284854,0.7923520017733169,0.2839526934775038,18.97256803828721,22.727414043011887,0.07999982684850693,0.03774327412247658,-0.009975741422240024,-0.007633440820814242,-0.799849082002351,0
12.31,1,0.7964111908318974,0.2685690822744021,18.496089760644438,0.8024526965557779,0.287432406079695,19.29593884264679,22.83470216257627,0.07982248067855835,0.032234370708465576,-0.009975741422240024,-0.007633440820814242,-0.799849082002351,0
12.41,1,0.8038572688263196,0.27106705532270375,18.62905607967606,0.8098631784390634,0.29003407960005795,19.42890516167842,23.03549414048214,0.07996027171611786,-0.00013436097651720047,-0.009975741422240024,-0.007633440820814242,-0.799849082002351,0
12.51,1,0.8113353015215831,0.2736011618207291,18.650330191026057,0.8173051075029746,0.2926723291224644,19.450179273028407,23.086790110465984,0.07971968501806259,-0.002325160428881645,-0.009975741422240024,-0.007633440820814242,-0.799849082002351,0
12.61,1,0.8185778983727218,0.2760617725356725,18.789544281874857,0.8245126496312528,0.29523380344552785,19.589393363877203,23.09266710522135,0.07994700968265533,-0.044840455055236816,-0.009975741422240024,-0.007633440820814242,-0.799849082002351,0
12.71,1,0.8262175692467826,0.27863682097977494,18.611695792166344,0.8321156295930603,0.29791524732034613,19.41154487416869,22.982528361772122,0.07885303348302841,-0.15018272399902344,-0.009975741422240024,-0.007633440820814242,-0.799849082002351,0
12.81,1,0.8325222801865738,0.2807195736727472,17.89520447901458,0.8383906519235187,0.30008580797756246,18.695053561016934,22.57165422017881,0.07444831728935242,-0.11306311190128326,-0.009975741422240024,-0.007633440820814242,-0.799849082002351,0
12.91,1,0.8383735172024246,0.28256043060235025,17.18650709641793,0.8442156212713572,0.3020081661511794,17.986356178420284,22.172040413035237,0.07865456491708755,0.004936615005135536,-0.009975741422240024,-0.007633440820814242,-0.799849082002351,0
13.01,1,0.8452377262049802,0.28466579897094363,16.869656889163405,0.8510497714429492,0.30420915061963155,17.669505971165755,21.804956834742786,0.07923289388418198,-0.00590762123465538,-0.009975741422240024,-0.007633440820814242,-0.799849082002351,0
13.11,1,0.8528321112950491,0.2869769504501741,16.941388403067343,0.8586111539153496,0.30662609107448063,17.74123748506969,21.771500984958724,0.07996438443660736,0.039405133575201035,0.002389381236733043,-0.014567879959768331,-0.39992454100105396,0
13.22,1,0.870371701171783,0.2883237415910125,17.49353264446677,0.8658470094468321,0.3089427104779623,17.893457185467824,21.944809692345967,0.0801365002989769,0.0010944032110273838,0.002389381236733043,-0.014567879959768331,-0.39992454100105396,0
13.31,1,0.8778239337358338,0.290669558655486,17.423156099596447,0.8732826868035902,0.31134048655901486,17.823080640597503,22.0178723321502,0.08011440187692642,0.06109440321102738,0.002389381236733043,-0.014567879959768331,-0.39992454100105396,0
13.41,1,0.8852670575594084,0.29302144381589734,17.695021479800857,0.8807092132867963,0.3137442670096936,18.094946020801903,22.206552117283888,0.0800582617521286,0.08308672159910202,0.002389381236733043,-0.014567879959768331,-0.39992454100105396,0
13.51,1,0.891820251950699,0.29512732021447097,17.93501961743997,0.8872475491437039,0.315895833034335,18.334944158441015,22.474783681778945,0.08001474291086197,0.06046392023563385,0.002389381236733043,-0.014567879959768331,-0.39992454100105396,0
13.61,1,0.8985915894050648,0.29734996305028066,18.373613149029136,0.8940032077265854,0.3181656852779866,18.773537690030192,22.835667205828784,0.07910583168268204,0.044665321707725525,0.002389381236733043,-0.014567879959768331,-0.39992454100105396,0
13.72,1,0.9056031781792494,0.2996819767919889,18.482799143359294,0.9009983483740153,0.3205465827038458,18.88272368436035,23.036271008216843,0.079794742166996,0.02519804984331131,0.002389381236733043,-0.014567879959768331,-0.39992454100105396,0
13.81,1,0.9129870253979775,0.30215165725225607,18.519283884969436,0.9083647774918423,0.32306774183753284,18.91920842597049,23.241769708284643,0.07986227422952652,-0.027640443295240402,-0.012537609642048891,-0.009991965749102813,-1.1997736230036362,0
13.91,1,0.9100048311681915,0.2964092305730325,17.486506710156448,0.9159246161623348,0.3256506497945783,18.686280333160084,23.20215644257534,0.08001698553562164,-0.01290946826338768,-0.012537609642048891,-0.009991965749102813,-1.1997736230036362,0
14.01,1,0.9176179374903545,0.29881164323245696,17.431096581899475,0.9234857505896148,0.32821194256021863,18.630870204903115,23.10306456213265,0.08028259873390198,-0.03099578619003296,-0.012537609642048891,-0.009991965749102813,-1.1997736230036362,0
14.11,1,0.9251905429215723,0.301169948498798,17.284188640119314,0.9310073165464283,0.3307282895759274,18.483962263122958,23.01037879747761,0.08007978647947311,-0.04401829466223717,-0.012537609642048891,-0.009991965749102813,-1.1997736230036362,0
14.22,1,0.9325273215772766,0.30341362086966295,16.865319897433235,0.9382955076663372,0.33312509097576454,18.065093520436875,22.797502226660907,0.08146324753761292,-0.04093586280941963,-0.012537609642048891,-0.009991965749102813,-1.1997736230036362,0
14.31,1,0.9398347751832825,0.305618744591097,16.615549145631405,0.9455551873153186,0.3354827381556719,17.815322768635045,22.641174760082894,0.08237150311470032,-0.006510339677333832,-0.012537609642048891,-0.009991965749102813,-1.1997736230036362,0
14.41,1,0.9475107317413201,0.3079048439208929,16.53885908085678,0.953181593622709,0.33792905907925674,17.738632703860418,22.5335274290254,0.08282417804002762,-0.02571096085011959,-0.012537609642048891,-0.009991965749102813,-1.1997736230036362,0
14.51,1,0.9553280074984677,0.31020909081078407,16.29570918013739,0.9609489081651283,0.34039648259215066,17.495482803141027,22.463742929616267,0.0824677124619484,-0.014231476932764053,-0.012537609642048891,-0.009991965749102813,-1.1997736230036362,0
14.61,1,0.9632196786730566,0.31250733752137383,16.118145526446263,0.9687907274495724,0.34285946496738107,17.317919149449903,22.37590053422846,0.08182208985090256,-0.06378065049648285,-0.012537609642048891,-0.009991965749102813,-1.1997736230036362,0
14.71,1,0.970453756262828,0.3145786697712326,15.828339519825224,0.9759798485574986,0.3450818136258299,17.028113142828857,22.22310182154616,0.08220043033361435,-0.09894618391990662,-0.012537609642048891,-0.009991965749102813,-1.1997736230036362,0
14.81,1,0.976748777113364,0.31631726041070257,15.0937464103408,0.9822370858992919,0.3469518312109886,16.293520033344436,21.80629950423068,0.08189675211906433,-0.1298474371433258,-0.012537609642048891,-0.009991965749102813,-1.1997736230036362,0
14.91,1,0.9832593661345171,0.31805254027299845,14.48781248991762,0.9887099134744831,0.3488230524124218,15.687586112921256,21.414514059011886,0.08190709352493286,-0.14892075955867767,-0.012537609642048891,-0.009991965749102813,-1.1997736230036362,0
15.01,1,0.9889383058535659,0.3194835185157485,13.681899151761407,0.994357645683446,0.35037262524377166,14.881672774765047,20.740282406331495,0.0818524956703186,-0.16124622523784637,0.0013597019386065894,-0.02188096221833265,-0.5998868115016646,0
15.11,1,1.003303008306024,0.3190494548151322,13.755727859618355,0.9983189136549516,0.3514018854131003,14.35561467112002,20.24055401822485,0.08251360803842545,-0.1501367837190628,0.0013597019386065894,-0.02188096221833265,-0.5998868115016646,0
15.21,1,1.0108540678805826,0.3208389914214575,12.75993782904531,1.0058508232503653,0.3532703820843378,13.35982464054697,19.501019480683148,0.08234082907438278,-0.15768837928771973,0.0013597019386065894,-0.02188096221833265,-0.5998868115016646,0
15.31,1,1.0169694717591236,0.3221642870086654,11.613407506394012,1.011952016352644,0.3546596321409702,12.21329431789568,19.00624279856808,0.08144063502550125,-0.11506995558738708,0.0013597019386065894,-0.02188096221833265,-0.5998868115016646,0
15.41,1,1.0231135528933926,0.32339015204518406,10.94846537285974,1.0180829261576978,0.35594975734207873,11.548352184361404,18.320793217306377,0.08177030086517334,-0.058443572372198105,0.011359701938607141,-0.011880962218333242,-0.5998868115016388,0
15.51,1,1.040066532642123,0.3347038528894483,10.31903598160743,1.0250217706174154,0.35733618255041805,10.918922793109067,18.008268426054347,0.08192849159240723,-0.03149108216166496,0.011359701938607141,-0.011880962218333242,-0.5998868115016388,0
15.61,1,1.047623113911201,0.3360699919499299,10.1445898719525,1.032563634496019,0.35878136269329525,10.744476683454137,17.7338878556378,0.08185813575983047,-0.04804066941142082,0.011359701938607141,-0.011880962218333242,-0.5998868115016388,0
15.71,1,1.0551580050402076,0.3373875849291151,9.815347233421049,1.040084317691572,0.3601777723240667,10.415234044922686,17.55709680104154,0.0810399278998375,-0.0768035501241684,0.011359701938607141,-0.011880962218333242,-0.5998868115016388,0
15.81,1,1.0622406293713726,0.3385774990786652,9.202678924151796,1.047154095650926,0.3614417749764129,9.802565735653435,17.191028677317558,0.08127196133136749,-0.08343237638473511,0.011359701938607141,-0.011880962218333242,-0.5998868115016388,0
15.91,1,1.0690549921046326,0.3396474680940325,8.681308788669897,1.053956882518391,0.3625830304211481,9.281195600171534,16.890558284064852,0.08256728202104568,-0.0702592134475708,0.011359701938607141,-0.011880962218333242,-0.5998868115016388,0
16.01,1,1.0757489507635052,0.3406478417521389,8.1403777926825,1.0606400005608871,0.36365343371551323,8.740264604184143,16.459744388566293,0.08214099705219269,-0.08801288902759552,0.001359701938607436,-0.011880962218334675,-0.5998868115015736,0
16.11,1,1.0726640347499523,0.34160871176276103,7.77151928245616,1.067544645406723,0.3646866506674685,8.371406093957734,16.14818911783418,0.08216358721256256,-0.08418025076389313,0.001359701938607436,-0.011880962218334675,-0.5998868115015736,0
16.21,1,1.079500925474743,0.34250187180725605,7.124567412671642,1.074371810187064,0.3656513426959841,7.724454224173214,15.675037592423726,0.0811297744512558,-0.10404814779758453,0.001359701938607436,-0.011880962218334675,-0.5998868115015736,0
16.31,1,1.0862018053969646,0.34329906692605827,6.527391382771813,1.0810639763539964,0.36651865105155385,7.127278194273385,15.32374158250598,0.08166775107383728,-0.09047903120517731,0.001359701938607436,-0.011880962218334675,-0.5998868115015736,0
16.42,1,1.0929458150082327,0.34403605283734334,5.8437494842042215,1.0877999002249246,0.36732620505926417,6.443636295705796,14.79152629798555,0.08160579949617386,-0.06666502356529236,0.001359701938607436,-0.011880962218334675,-0.5998868115015736,0
16.51,1,1.0999794587306928,0.34473579492603307,5.5313200798196505,1.094825832267912,0.368099549699452,6.131206891321227,14.488874629379692,0.08078735321760178,-0.04211993142962456,0.001359701938607436,-0.011880962218334675,-0.5998868115015736,0
16.61,1,1.105245748721326,0.34523402188310665,5.267564181501145,1.100086617272522,0.3686528863975582,5.867450993002719,14.153942258041067,0.08088786900043488,-0.027831699699163437,7.147152908985738e-05,-0.007537165182843252,-0.7998490820022218,0
16.71,1,1.1152686713468536,0.34658944829363386,4.82493064539099,1.1101450889191868,0.3696597549129604,5.6247797273932125,14.00754919461639,0.08100587129592896,0.009423423558473587,7.147152908985738e-05,-0.007537165182843252,-0.7998490820022218,0
16.81,1,1.1232869422511722,0.3472515408023227,4.740025645320861,1.1181533360182467,0.37043371433405226,5.539874727323084,13.95596726753568,0.0809357762336731,0.022306933999061584,7.147152908985738e-05,-0.007537165182843252,-0.7998490820022218,0
16.91,1,1.1313773406176573,0.3479213884806335,4.7301336317292275,1.1262335952927787,0.37121643503577617,5.52998271373145,14.023266495792242,0.08113406598567963,0.030213337391614914,7.147152908985738e-05,-0.007537165182843252,-0.7998490820022218,0
17.01,1,1.139363267770286,0.3485897904182651,4.806846776269383,1.134209413714932,0.37199625176691675,5.606695858271607,14.16855214096094,0.08090047538280487,0.02757929265499115,7.147152908985738e-05,-0.007537165182843252,-0.7998490820022218,0
17.11,1,1.1472061464384258,0.34925652177197947,4.967963850298705,1.142042220911722,0.372772401184938,5.767812932300926,14.267522836279621,0.08024968206882477,0.03363535925745964,7.147152908985738e-05,-0.007537165182843252,-0.7998490820022218,0
17.21,1,1.1549033662317156,0.3499265382327593,5.002228963216049,1.1497293375679445,0.37354980205807825,5.802078045218272,14.439577791834456,0.07933220267295837,0.04835888370871544,7.147152908985738e-05,-0.007537165182843252,-0.7998490820022218,0
17.31,1,1.1625760156752092,0.3506245712470662,5.349074145001538,1.157391495170102,0.374354873763892,6.14892322700376,14.569189998658118,0.07930950820446014,0.057840246707201004,7.147152908985738e-05,-0.007537165182843252,-0.7998490820022218,0
17.41,1,1.1699353447272594,0.3513231882212408,5.61444560025845,1.1647403547586952,0.37515615556207405,6.414294682260671,14.842231916806417,0.07882846146821976,0.037666723132133484,7.147152908985738e-05,-0.007537165182843252,-0.7998490820022218,0
17.51,1,1.17752370579485,0.3520748591632598,5.665409885503895,1.172317483436793,0.3760136833416526,6.465258967506117,14.984305577055148,0.07884333282709122,0.049182068556547165,7.147152908985738e-05,-0.007537165182843252,-0.7998490820022218,0
17.61,1,1.185100791612207,0.3528489975816673,5.953559909916174,1.1798830243275256,0.3768935190110256,6.753408991918394,15.207264803779621,0.078325055539608,0.04446357488632202,7.147152908985738e-05,-0.007537165182843252,-0.7998490820022218,0
17.72,1,1.1925282400935953,0.35363414030791446,6.235395874392144,1.1872987888476865,0.3777822690466255,7.035244956394365,15.382737433595874,0.07811358571052551,0.02908143773674965,7.147152908985738e-05,-0.007537165182843252,-0.7998490820022218,0
17.81,1,1.2001176046367885,0.35447311981742,6.337717227224237,1.1948757021155945,0.3787271108944765,7.137566309226462,15.60263176633349,0.0790194720029831,0.044893600046634674,-0.0025224379051724402,-0.008193649404510889,-1.1997736230035152,0
17.91,1,1.2076504420021867,0.3462494071265121,6.279725379584993,1.202486073912918,0.3797045188456695,7.479499002588507,15.749621102038727,0.07849890738725662,0.03972237929701805,-0.0025224379051724402,-0.008193649404510889,-1.1997736230035152,0
18.01,1,1.2151643808665524,0.3470824168772469,6.488471241049388,1.2099809235185497,0.38069467635395327,7.688244864052902,16.0135178741837,0.07913115620613098,0.029517780989408493,-0.0025224379051724402,-0.008193649404510889,-1.1997736230035152,0
18.11,1,1.2229376646462793,0.34797887584828274,6.632973510371052,1.217733732652795,0.381753699457984,7.832747133374566,16.14242140328154,0.07860666513442993,0.015847310423851013,-0.0025224379051724402,-0.008193649404510889,-1.1997736230035152,0
18.21,1,1.230389590549647,0.3488594537501942,6.782869979308562,1.2251655868884717,0.38279011623239195,7.982643602312073,16.247132645259505,0.07871758937835693,-0.0032927319407463074,-0.0025224379051724402,-0.008193649404510889,-1.1997736230035152,0
18.31,1,1.238665893187077,0.34984239838672815,6.815128691393863,1.233419493724202,0.3839461384864641,8.01490231439738,16.24940076749047,0.07935325801372528,0.021593909710645676,-0.0025224379051724402,-0.008193649404510889,-1.1997736230035152,0
18.41,1,1.2466397405486895,0.35079554721685346,6.924136649409692,1.241371635471121,0.3850660385157391,8.123910272413209,16.312840376733497,0.08007682859897614,-0.0005163140594959259,-0.0025224379051724402,-0.008193649404510889,-1.1997736230035152,0
18.51,1,1.2545934877082385,0.35176142144937933,6.888502344621883,1.2493034149721671,0.38619824029010397,8.088275967625396,16.33108606450651,0.08042389154434204,0.003609742969274521,-0.0025224379051724402,-0.008193649404510889,-1.1997736230035152,0
18.61,1,1.2626116298949457,0.35273665006007826,6.896306519472027,1.2572993795164416,0.38734114272517284,8.096080142475543,16.333276454205684,0.07916534692049026,-0.021724730730056763,-0.0025224379051724402,-0.008193649404510889,-1.1997736230035152,0
18.71,1,1.270561570943959,0.35369363500276446,6.771092713729039,1.2652275398695063,0.3884643774644006,7.970866336732556,16.266366887791083,0.08033391833305359,0.004073880612850189,-0.0025224379051724402,-0.008193649404510889,-1.1997736230035152,0
18.81,1,1.2757759539320042,0.3543069697633905,6.688445496816251,1.2704279373972946,0.3891867589616569,7.888219119819766,16.223664445050165,0.07929081469774246,-0.033271241933107376,-0.0025224379051724402,-0.008193649404510889,-1.1997736230035152,0
18.91,1,1.2863881261590822,0.3555497171528967,6.50451430565816,1.2810117618490544,0.39065143654584567,7.704287928661675,16.133876254070618,0.07988259941339493,-0.031177837401628494,-0.0025224379051724402,-0.008193649404510889,-1.1997736230035152,0
19.01,1,1.2937723813574649,0.35638734057144417,6.359862463575712,1.2883768596166005,0.3916434913329561,7.559636086579227,15.943446575158584,0.0790957659482956,-0.03729572519659996,-0.012522437905172358,-0.008193649404512346,-1.199773623003461,0
19.11,1,1.291505048742327,0.3572331899724527,6.132199369232747,1.2960901209474176,0.39265106551713325,7.331972992236207,15.817068380583118,0.07960962504148483,0.016135606914758682,-0.012522437905172358,-0.008193649404512346,-1.199773623003461,0
19.21,1,1.2993735842829803,0.3580770428579637,6.163511107012269,1.3039392624511146,0.39365948849478305,7.363284730015731,15.769946695294976,0.07837926596403122,-0.058864393085241315,-0.012522437905172358,-0.008193649404512346,-1.199773623003461,0
19.31,1,1.3067892196121236,0.35886430961285765,5.814763097270544,1.3113367878613136,0.3946018547100401,7.014536720274006,15.64055702932955,0.07940611988306046,-0.09259067475795746,-0.012522437905172358,-0.008193649404512346,-1.199773623003461,0
19.41,1,1.3134236447140524,0.3595002155244855,5.2644599623329755,1.3179564435764108,0.39537653591875016,6.464233585336437,15.17050476303369,0.07940150052309036,-0.13044553995132446,-0.012522437905172358,-0.008193649404512346,-1.199773623003461,0
19.51,1,1.319803754646226,0.36006185147574965,4.56385281896017,1.3243233949755477,0.39607163847909865,5.7636264419636305,14.783158324357377,0.07993949204683304,-0.15698105096817017,-0.012522437905172358,-0.008193649404512346,-1.199773623003461,0
19.61,1,1.325767562795373,0.36049342178938143,3.6865122702265105,1.3302768592344907,0.39662798719431663,4.886285893229973,14.082109829996435,0.07961951196193695,-0.18092693388462067,-0.012522437905172358,-0.008193649404512346,-1.199773623003461,0
19.71,1,1.3314799501611407,0.36083064384256197,3.1124859904614803,1.335980933338181,0.39708474396694876,4.312259613464939,13.541786262619166,0.07915689796209335,-0.16691508889198303,-0.012522437905172358,-0.008193649404512346,-1.199773623003461,0
19.81,1,1.3372346849155952,0.3610955563251599,2.209580842665525,1.3417288595983339,0.39747009371121544,3.409354465668986,12.723836763809171,0.07918226718902588,-0.1983574479818344,-0.0011925938427468387,-0.013391526257045561,-0.9998113525027874,0
19.91,1,1.352878556893372,0.3607901695531422,1.2642871451427593,1.3473358577185295,0.3977520700651354,2.2640984976455463,12.146880719897489,0.07976336777210236,-0.2108534276485443,-0.0011925938427468387,-0.013391526257045561,-0.9998113525027874,0
20.01,1,1.3581919666056261,0.36086786252193104,0.3592469786645127,1.3526471028045386,0.3979224654993954,1.3590583311673001,11.219830238841093,0.07993806898593903,-0.20532451570034027,-0.0011925938427468387,-0.013391526257045561,-0.9998113525027874,0
20.12,1,1.3635828657948001,0.36087462625666206,-0.29213033534105093,1.3580370632222183,0.39802329462113706,0.7076810171617364,10.609364888601162,0.08004315197467804,-0.22244516015052795,-0.0011925938427468387,-0.013391526257045561,-0.9998113525027874,0
20.21,1,1.3686440759350191,0.3608194888154378,-0.9335334296866706,1.363098464905941,0.39805647920927795,0.06627792281611669,9.676280417657653,0.08003897964954376,-0.1667628288269043,0.00880740615725344,-0.003391526257045703,-0.9998113525027811,0
20.31,1,1.384490042270207,0.3706832481203742,-1.8283090696977962,1.3689459184875086,0.39802226619197467,-0.8284977171950156,9.095952512469617,0.08002281188964844,-0.15639285743236542,0.00880740615725344,-0.003391526257045703,-0.9998113525027811,0
20.41,1,1.3902818732686433,0.37046030896633336,-2.5025733999444575,1.3747407577856186,0.39790042330162295,-1.502762047441677,8.300195764235411,0.08000700175762177,-0.21321892738342285,0.00880740615725344,-0.003391526257045703,-0.9998113525027811,0
20.51,1,1.396037303903053,0.37018469668750376,-3.14934766882924,1.3805001213609438,0.39772528015171127,-2.1495363163264583,7.756590975269529,0.07999993860721588,-0.18983899056911469,-0.0024648572022952096,0.0019619061750334446,-1.1997736230034617,0
20.61,1,1.3915343967887261,0.3703468149873927,-4.04288378328218,1.385980225992166,0.39749235757045426,-2.8431101602787177,6.881658925850871,0.07999811321496964,-0.16350911557674408,-0.0024648572022952096,0.0019619061750334446,-1.1997736230034617,0
20.71,1,1.397261395044715,0.3698957804425179,-4.925187851685807,1.3917154126697913,0.3971613364871943,-3.7254142286823444,6.318248115063459,0.07999854534864426,-0.1141093522310257,-0.0024648572022952096,0.0019619061750334446,-1.1997736230034617,0
20.81,1,1.4034492897370356,0.36933983170965,-5.290333335028586,1.3979135914822252,0.39673507468275504,-4.090559712025125,5.612738473193137,0.07999933511018753,-0.05781776085495949,-0.0024648572022952096,0.0019619061750334446,-1.1997736230034617,0
20.91,1,1.4104310420370947,0.3686678038741615,-5.727122035982582,1.4049078843807619,0.39620938138764283,-4.527348412979118,5.304605943339793,0.07999984920024872,-0.03449102118611336,-0.0024648572022952096,0.0019619061750334446,-1.1997736230034617,0
21.01,1,1.4180003922652862,0.36790375943973513,-5.851661016605877,1.4124915730728824,0.39560399506816957,-4.651887393602414,5.003279463084509,0.08000005036592484,-0.030051272362470627,-0.0024648572022952096,0.0019619061750334446,-1.1997736230034617,0
21.11,1,1.425811662162452,0.36709072790438574,-6.010128196706603,1.4203181541119407,0.39495469781506587,-4.81035457370314,4.860091558022871,0.08000008016824722,-0.058004505932331085,-0.009973811337216285,-0.018952882833297924,-0.79984908200212,0
21.21,1,1.4228782423074307,0.3554242093174081,-5.8468836725423685,1.4274863032053422,0.3943425781247136,-5.047034590540247,4.552332989351014,0.08000005036592484,-0.14796072244644165,-0.009973811337216285,-0.018952882833297924,-0.79984908200212,0
21.31,1,1.429771548559303,0.35469045653201847,-6.19006486782429,1.4343891806350328,0.3937051242653338,-5.39021578582217,4.195749744324763,0.08000002056360245,-0.11932235956192017,-0.009973811337216285,-0.018952882833297924,-0.79984908200212,0
21.41,1,1.4360178825843894,0.3539814354253991,-6.725840262693135,1.440644803635383,0.39308336823595297,-5.925991180691015,3.5414959607416923,0.07999999821186066,-0.07934129238128662,-0.009973811337216285,-0.018952882833297924,-0.79984908200212,0
21.51,1,1.4426352398719005,0.3531811519159016,-7.020820263923991,1.4472726877277056,0.39237553801274516,-6.220971181921873,3.1860449000692466,0.08071217685937881,-0.01217396929860115,-0.009973811337216285,-0.018952882833297924,-0.79984908200212,0
21.61,1,1.4498931218682916,0.3522875412404026,-7.1830872023133585,1.4545423369216028,0.39158333115177113,-6.383238120311238,2.892498588585829,0.0813014805316925,0.03279827907681465,-0.009973811337216285,-0.018952882833297924,-0.79984908200212,0
21.71,1,1.455478115475543,0.35158740488684337,-7.046059272391542,1.460136559917487,0.3909612269973592,-6.246210190389421,2.9164937123351424,0.08024748414754868,0.041861314326524734,-0.009973811337216285,-0.018952882833297924,-0.79984908200212,0
21.81,1,1.4630287071310906,0.35065651389369634,-6.931204448509156,1.467699410665471,0.39013582954542353,-6.131355366507035,3.037318785727604,0.08107614517211914,0.025407910346984863,-0.009973811337216285,-0.018952882833297924,-0.79984908200212,0
21.91,1,1.4735084482820293,0.34940690341009656,-6.714400485163831,1.4781955746743842,0.3890326332576332,-5.914551403161712,3.197756982022412,0.08108074963092804,0.018439970910549164,-0.009973811337216285,-0.018952882833297924,-0.79984908200212,0
22.01,1,1.4787694677436933,0.34879290699932536,-6.597463844194521,1.4834646526179247,0.38849213812042466,-5.7976147621924,3.2644015272870313,0.0810154527425766,0.006384104490280151,-0.009973811337216285,-0.018952882833297924,-0.79984908200212,0
22.11,1,1.48926690720633,0.34758181101855845,-6.512701483953706,1.49397797556903,0.3874276996430507,-5.712852401951586,3.3115727551899155,0.08110787719488144,0.012861035764217377,-0.0023763527389137587,-0.007481137890889297,-1.1997736230034417,0
22.21,1,1.4973170187562468,0.3466613820129755,-6.459257694919389,1.5020401514939528,0.3866197362305042,-5.65940861291727,3.3513605606264654,0.08100669085979462,0.010576758533716202,-0.0023763527389137587,-0.007481137890889297,-1.1997736230034417,0
22.31,1,1.5155322151955313,0.3466330182680886,-6.8360130329154085,1.5101611825496042,0.3858192049669942,-5.636239409911968,3.3831365028433917,0.08024219423532486,0.006265576928853989,-0.0023763527389137587,-0.007481137890889297,-1.1997736230034417,0
22.42,1,1.5235650360184816,0.3456766009991319,-6.769698097958486,1.5182122682208408,0.385031192352633,-5.5699244749550445,3.4174222697035166,0.08090268075466156,-0.005376838147640228,-0.0023763527389137587,-0.007481137890889297,-1.1997736230034417,0
22.51,1,1.531621915543353,0.344720281507892,-6.790239321931391,1.5262874052722024,0.3842437812469544,-5.590465698927948,3.3980216252927318,0.08112213015556335,-0.018714938312768936,-0.0023763527389137587,-0.007481137890889297,-1.1997736230034417,0
22.61,1,1.5397034386642303,0.34375319192729353,-6.8513849813390495,1.5343874060260507,0.3834461184122736,-5.651611358335608,3.299030947648281,0.08053232729434967,-0.04220397397875786,-0.0023763527389137587,-0.007481137890889297,-1.1997736230034417,0
22.71,1,1.5474577844865378,0.3428047858263652,-7.048519975036645,1.5421599100061745,0.3826602843692518,-5.848746352033204,3.1663311665727187,0.08078854531049728,-0.045524995774030685,-0.0023763527389137587,-0.007481137890889297,-1.1997736230034417,0
22.81,1,1.5549938016985767,0.34185168840646263,-7.377033925808538,1.549714231470079,0.3818651885687551,-6.177260302805096,2.9037691422882697,0.08095358312129974,-0.04716143384575844,-0.0023763527389137587,-0.007481137890889297,-1.1997736230034417,0
22.91,1,1.562485276166004,0.34087521874059157,-7.573459906277159,1.5572245093337111,0.3810457929893664,-6.3736862832737184,2.718295226988435,0.08081647753715515,-0.04138396307826042,-0.0023763527389137587,-0.007481137890889297,-1.1997736230034417,0
23.01,1,1.570111688711316,0.33984915732790794,-7.735973161277216,1.5648707340675307,0.38017964193221027,-6.5361995382737765,2.4659356338114513,0.08091053366661072,-0.022915832698345184,-0.0023763527389137587,-0.007481137890889297,-1.1997736230034417,0
23.11,1,1.5778922108833093,0.33877926076443765,-7.890481111076471,1.5726719524829722,0.3792728921541664,-6.690707488073028,2.3505298810298667,0.08097761869430542,-0.028650637716054916,-0.0023763527389137587,-0.007481137890889297,-1.1997736230034417,0
23.21,1,1.5833345615001992,0.3380228750700442,-7.9605490506200365,1.5781289475116789,0.37863062677870346,-6.760775427616596,2.161101834019533,0.0810246393084526,-0.02718929946422577,-0.0023763527389137587,-0.007481137890889297,-1.1997736230034417,0
23.31,1,1.5935219956756344,0.3365844013215151,-8.061628076745096,1.5883442676963548,0.3774057776742903,-6.861854453741656,2.044947695189428,0.08019406348466873,-0.033876825124025345,-0.0023763527389137587,-0.007481137890889297,-1.1997736230034417,0
23.41,1,1.6012848997906923,0.33547205787654183,-8.222991888950354,1.5961287606900774,0.37645622142538226,-7.023218265946915,1.8435147117012156,0.08041059970855713,-0.05769876763224602,-0.0023763527389137596,-0.007481137890889352,-1.199773623003439,0
23.51,1,1.6086769214299772,0.3343961854386633,-8.416357296647245,1.6035416888709195,0.37553536247640124,-7.216583673643805,1.6345990899923746,0.07988663017749786,-0.062159087508916855,-0.0023763527389137596,-0.007481137890889352,-1.199773623003439,0
23.61,1,1.615875703124665,0.3333156906308558,-8.62292773857208,1.610761516257243,0.3746058360221411,-7.423154115568639,1.2834261201904473,0.08009275794029236,-0.0794932097196579,-0.0023763527389137596,-0.007481137890889352,-1.199773623003439,0
23.71,1,1.6224878101536733,0.332293199634193,-8.945860921858253,1.6173935830857524,0.37372201659290416,-7.74608729885481,1.001262470095136,0.08040140569210052,-0.08319932222366333,-0.0023763527389137596,-0.007481137890889352,-1.199773623003439,0
23.81,1,1.629544952271139,0.3311628388814724,-9.26819986781762,1.6244728460636124,0.3727396694100313,-8.068426244814182,0.5457254879458394,0.08063419908285141,-0.07006940245628357,-0.0023763527389137596,-0.007481137890889352,-1.199773623003439,0
23.91,1,1.6365292413330272,0.3300089446203939,-9.585233662177059,1.631479764713399,0.3717322684466421,-8.38546003917362,0.27480052219843987,0.08017438650131226,-0.0743170976638794,-0.0023763527389137596,-0.007481137890889352,-1.199773623003439,0
24.01,1,1.6433951942284284,0.3288426175956183,-9.803775431898536,1.6383686334630307,0.37070995966699827,-8.604001808895097,-0.14497577005662046,0.08059738576412201,-0.07136276364326477,-0.0023763527389137596,-0.007481137890889352,-1.199773623003439,0
24.11,1,1.6504035589100983,0.3276033202942688,-10.187506899841406,1.6454014106633827,0.3696176784932062,-8.98773327683797,-0.4172478189585007,0.08107264339923859,-0.062398094683885574,-0.0023763527389137596,-0.007481137890889352,-1.199773623003439,0
24.21,1,1.6570672391030086,0.32640058796366234,-10.31306974210554,1.6520888133269285,0.3685547371081472,-9.113296119102102,-0.8073611524898853,0.08103901147842407,-0.07104942202568054,-0.0023763527389137596,-0.007481137890889352,-1.199773623003439,0
24.31,1,1.664494838763626,0.32502178048935776,-10.667453139631116,1.6595436547252882,0.36733175448565847,-9.46767951662768,-1.057286029763715,0.08069479465484619,-0.092048779129982,-0.0023763527389137596,-0.007481137890889352,-1.199773623003439,0
24.41,1,1.6709099705035557,0.323794575156077,-11.097458579004106,1.6659830758532976,0.36623914123897616,-9.89768495600067,-1.507850285560989,0.08078702539205551,-0.05759936943650246,-0.0023763527389137596,-0.007481137890889352,-1.199773623003439,0
24.51,1,1.6782231154173601,0.3223488512148656,-11.24909973871392,1.6733248887256085,0.3649468603126801,-10.04932611571048,-1.7726554103083763,0.07978839427232742,-0.06234106048941612,0.008696794068282936,-0.013818473833908978,-0.9998113525027859,0
24.61,1,1.6954013328281732,0.3204303855169237,-11.425546521043477,1.6806153958107102,0.3636294713228799,-10.425735168540694,-2.025415514542854,0.07960917800664902,-0.07718440890312195,0.008696794068282936,-0.013818473833908978,-0.9998113525027859,0
24.71,1,1.702368616340758,0.31900111175682283,-11.727150751209725,1.687606558133964,0.36232198809317245,-10.727339398706935,-2.4363038614742556,0.07975243031978607,-0.1036766916513443,0.008696794068282936,-0.013818473833908978,-0.9998113525027859,0
24.81,1,1.7089466172812804,0.31760107019044836,-12.278216680100696,1.6942079870765165,0.3610369399705251,-11.278405327597909,-2.76399800747407,0.07947522401809692,-0.10717293620109558,0.008696794068282936,-0.013818473833908978,-0.9998113525027859,0
24.91,1,1.7153665817721762,0.316178656073249,-12.800772225683628,1.7006517940112782,0.3597267651071235,-11.800960873180843,-3.3429054036302244,0.07985413074493408,-0.09286709129810333,0.009752115838872574,-0.02026828233009884,-0.7998490820021085,0
25.01,1,1.721576117508767,0.3147464823605106,-13.288593817431579,1.7068853745252617,0.3584031603386449,-12.288782464928794,-3.7196967822859204,0.08046435564756393,-0.08449843525886536,0.009752115838872574,-0.02026828233009884,-0.7998490820021085,0
25.11,1,1.7281624679395988,0.3126965532147576,-13.455931514456234,1.7135948734093203,0.3569206210653155,-12.656082432454124,-4.240853581637042,0.08115150034427643,-0.04912726208567619,0.009752115838872574,-0.02026828233009884,-0.7998490820021085,0
25.21,1,1.7331469420965429,0.31149066302584527,-13.720428904455877,1.718595695563265,0.35578442937656973,-12.920579822453767,-4.517570318180066,0.08110616356134415,-0.030054401606321335,0.009752115838872574,-0.02026828233009884,-0.7998490820021085,0
25.31,1,1.742815253313067,0.3091061043348799,-13.976049306730006,1.7282963520652281,0.35353506827591336,-13.1762002247279,-4.788476236483359,0.08123157173395157,-0.01727050542831421,0.009752115838872574,-0.02026828233009884,-0.7998490820021085,0
25.41,1,1.7505513099476897,0.3071718443628158,-14.12349504347669,1.7360586562967228,0.3517089886195632,-13.323645961474575,-4.945107695348068,0.0806722417473793,-0.049694087356328964,0.009752115838872574,-0.02026828233009884,-0.7998490820021085,0
25.51,1,1.75803783960184,0.30527479052283446,-14.39786477610093,1.7435709384807252,0.3499166281864524,-13.598015694098823,-5.10449210723611,0.08085428178310394,-0.08312596380710602,0.009752115838872574,-0.02026828233009884,-0.7998490820021085,0
25.61,1,1.76499091035215,0.3034753060093703,-14.697955538270863,1.7505484517171468,0.3482143807283635,-13.898106456268751,-5.500725761139349,0.0806829035282135,-0.09627698361873627,0.009752115838872574,-0.02026828233009884,-0.7998490820021085,0
25.71,1,1.771544995634338,0.30172453391019327,-15.168549229954055,1.7571263383590627,0.34655527128183516,-14.368700147951945,-5.847883772598173,0.08089795708656311,-0.10821640491485596,0.009752115838872574,-0.02026828233009884,-0.7998490820021085,0
25.81,1,1.7778752765430779,0.2999827324000699,-15.579936301600512,1.7634803172094973,0.34490200734269744,-14.780087219598405,-6.42121622630994,0.08072008937597275,-0.09953515231609344,-0.000247884161127489,-0.030268282330099847,-0.7998490820020782,0
25.91,1,1.7742874152995325,0.2881670779725135,-16.088070749302965,1.769917176884723,0.34317604038073535,-15.288221667300892,-6.803481239788857,0.07994332909584045,-0.18395133316516876,-0.000247884161127489,-0.030268282330099847,-0.7998490820020782,0
26.01,1,1.780310835018352,0.28640525552655516,-16.641439253193152,1.7759646039287385,0.3414984738135126,-15.841590171191077,-7.4821073964714575,0.08076895773410797,-0.06548340618610382,-0.000247884161127489,-0.030268282330099847,-0.7998490820020782,0
26.11,1,1.7859709587030326,0.28469066198540016,-17.044947335051223,1.781648111043799,0.33986306010123496,-16.245098253049143,-7.946318528139367,0.08098657429218292,-0.02018638327717781,-0.000247884161127489,-0.030268282330099847,-0.7998490820020782,0
26.21,1,1.791449689130826,0.2830045210186026,-17.136740799214436,1.7871498453917527,0.3382535640232993,-16.336891717212357,-8.189706534301216,0.08099380880594254,0.002486925572156906,-0.000247884161127489,-0.030268282330099847,-0.7998490820020782,0
26.31,1,1.80147595518402,0.27989495687814026,-17.216214709185476,1.7972185425988891,0.3352842650043256,-16.4163656271834,-8.314354440408328,0.08077263832092285,-0.00868762657046318,-0.000247884161127489,-0.030268282330099847,-0.7998490820020782,0
26.41,1,1.80923459666314,0.2774796737975781,-17.361478461760026,1.805010144338721,0.3329775243841815,-16.561629379757942,-8.388209980723532,0.0811026468873024,-0.013588286936283112,-0.000247884161127489,-0.030268282330099847,-0.7998490820020782,0
26.51,1,1.8170152021643822,0.27504403799717436,-17.449530368302984,1.8128239920752582,0.3306507396351387,-16.649681286300908,-8.455505677426974,0.08131572604179382,-0.01492273434996605,-0.000247884161127489,-0.030268282330099847,-0.7998490820020782,0
26.61,1,1.8220682294479011,0.27345442608699566,-17.48490689772016,1.8178987172572565,0.32913182058523444,-16.68505781571808,-8.584320304461869,0.08137558400630951,-0.03524337336421013,-0.000247884161127489,-0.030268282330099847,-0.7998490820020782,0
26.71,1,1.832258461413183,0.2702296227452885,-17.694334311175204,1.8281329730867686,0.32604958248362087,-16.894485229173124,-8.71659767423407,0.08127163350582123,-0.0530138723552227,0.00800353973732577,-0.016516148094788293,-1.1997736230034193,0
26.82,1,1.8496619982999147,0.26885340878648295,-18.2395535963673,1.8352795029733389,0.3238685041118979,-17.039779973363878,-9.009329196277,0.08120092004537582,-0.05268708989024162,0.00800353973732577,-0.016516148094788293,-1.1997736230034193,0
26.91,1,1.8567195541725061,0.2665038037447933,-18.531058947375943,1.8423847087252485,0.3216671886030003,-17.33128532437252,-9.215879027786643,0.08119144290685654,-0.062189731746912,0.00800353973732577,-0.016516148094788293,-1.1997736230034193,0
27.01,1,1.8612324191251368,0.26498166016642943,-18.77608030914046,1.8469284556626304,0.32023987121612757,-17.57630668613704,-9.45767004015518,0.0811285600066185,-0.06800715625286102,0.00800353973732577,-0.016516148094788293,-1.1997736230034193,0
27.11,1,1.8704244177930365,0.26182588657679506,-19.193356683470924,1.856184516203602,0.3172772558645216,-17.99358306046751,-9.837792493495574,0.08095821738243103,-0.05926952883601189,0.00800353973732577,-0.016516148094788293,-1.1997736230034193,0
27.21,1,1.87701192334849,0.25951472585232616,-19.500938841213348,1.8628189697241135,0.31510453411021644,-18.30116521820993,-10.216095236066248,0.08077044039964676,-0.059962209314107895,0.00800353973732577,-0.016516148094788293,-1.1997736230034193,0
27.31,1,1.884230540178921,0.2569348027215973,-19.84861447613656,1.8700900236321933,0.3126763233757767,-18.648840853133148,-10.464306318189708,0.08107142895460129,-0.05348571762442589,0.00800353973732577,-0.016516148094788293,-1.1997736230034193,0
27.41,1,1.891142880475929,0.2544177331434543,-20.093280297276195,1.8770535520958072,0.31030453945237757,-18.893506674272775,-10.811593488194337,0.08102717250585556,-0.0469726137816906,0.00800353973732577,-0.016516148094788293,-1.1997736230034193,0
27.51,1,1.8981791534827688,0.25182727020592943,-20.397075232328703,1.8841425228436486,0.3078619732211937,-19.19730160932528,-11.026874918442791,0.08091318607330322,-0.05002478137612343,0.00800353973732577,-0.016516148094788293,-1.1997736230034193,0
27.62,1,1.9051737124679111,0.24921825569175543,-20.60105876233009,1.8911901771565418,0.3053999860527126,-19.40128513932667,-11.342145911791444,0.0811038687825203,-0.04569500312209129,0.00800353973732577,-0.016516148094788293,-1.1997736230034193,0
27.71,1,1.9122208823433726,0.24654940105011885,-20.87649151622955,1.8982916837863664,0.3028792734672811,-19.67671789322613,-11.539536500590886,0.0811307281255722,-0.045805271714925766,0.00800353973732577,-0.016516148094788293,-1.1997736230034193,0
27.81,1,1.9193047413670934,0.24383574344052866,-21.08825588770059,1.9054308096265375,0.30031453595084034,-19.88848226469717,-11.835371380187842,0.08106281608343124,-0.047018688172101974,0.00800353973732577,-0.016516148094788293,-1.1997736230034193,0
27.91,1,1.9263588576089388,0.24109930967142984,-21.274201459678885,1.9125406761033823,0.29772640449985704,-20.074427836675465,-12.034265373523068,0.08096490800380707,-0.05355815216898918,0.0087350896625247,-0.023677803040026497,-0.999811352502766,0
28.01,1,1.933179876662229,0.23790583189252504,-21.42577807100929,1.919587392534168,0.29512366678858226,-20.425966718506523,-12.36883486235061,0.0811297744512558,-0.06407751142978668,0.0087350896625247,-0.023677803040026497,-0.999811352502766,0
28.11,1,1.939897070243602,0.23525089002035424,-21.750928045349784,1.9263498898248752,0.2925863382037472,-20.751116692847017,-12.614604316925128,0.08125405013561249,-0.053195055574178696,0.0087350896625247,-0.023677803040026497,-0.999811352502766,0
28.21,1,1.9467484141923448,0.23249807836799188,-22.06183876103302,1.9332482247999023,0.28995349554424826,-21.06202740853026,-12.960095753508158,0.08127070963382721,-0.05514925345778465,0.0087350896625247,-0.023677803040026497,-0.999811352502766,0
28.31,1,1.9536175980709176,0.22969759763652473,-22.425819691008364,1.940165228771892,0.28727330235411414,-21.426008338505596,-13.190299313605879,0.08121040463447571,-0.04705200716853142,0.0087350896625247,-0.023677803040026497,-0.999811352502766,0
28.41,1,1.9602462797159754,0.22693815580128565,-22.746089415186905,1.9468410510338072,0.2846299452611528,-21.746278062684137,-13.509713958842228,0.08131883293390274,-0.06828723847866058,0.0087350896625247,-0.023677803040026497,-0.999811352502766,0
28.51,1,1.9669923811192418,0.2240776386080254,-23.299953357332416,1.953636038852567,0.2818875770694254,-22.300142004829652,-13.759282334750154,0.08108337968587875,-0.08416673541069031,0.0087350896625247,-0.023677803040026497,-0.999811352502766,0
28.61,1,1.9733271876850491,0.22131876924492805,-23.752665974655955,1.9600180207878128,0.2792396645015658,-22.752854622153183,-14.225321026126565,0.0802541971206665,-0.08709028363227844,0.0087350896625247,-0.023677803040026497,-0.999811352502766,0
28.71,1,1.9796388688481736,0.21850134761221462,-24.511067456504335,1.96637790252641,0.2765328050607227,-23.51125610400157,-14.557313529198336,0.08003828674554825,-0.009923059493303299,0.0087350896625247,-0.023677803040026497,-0.999811352502766,0
28.81,1,1.9864474502373592,0.21537903809355374,-24.70458431076416,1.973239928862914,0.27352977462121525,-23.704772958261398,-14.867388656944753,0.07992282509803772,-0.07471922039985657,0.0087350896625247,-0.023677803040026497,-0.999811352502766,0
28.92,1,1.9933325017793802,0.21217775634266486,-25.316092568353852,1.9801797917053885,0.27044911830924223,-24.31628121585108,-15.073399447948363,0.07994405180215836,-0.0759803056716919,0.018735089662524265,-0.023677803040027028,-0.999811352502762,0
29.01,1,2.0097945601036495,0.20908676776049429,-25.88136570685469,1.9866948012116035,0.2674713575170863,-24.881554354351923,-15.529321204269309,0.07997143268585205,-0.06477060168981552,0.018735089662524265,-0.023677803040027028,-0.999811352502762,0
29.11,1,2.016238839797503,0.2059076761658006,-26.524821666920722,1.993193572113698,0.2644051969045039,-25.525010314417962,-15.824664157321289,0.0799931213259697,-0.11240948736667633,0.018735089662524265,-0.023677803040027028,-0.999811352502762,0
29.21,1,2.022271749277527,0.2028452951156526,-27.441143753653623,1.9992789989363573,0.2614485510216623,-26.44133240115086,-16.367533236959904,0.08000153303146362,-0.0967312753200531,0.018735089662524265,-0.023677803040027028,-0.999811352502762,0
29.31,1,2.028130179035112,0.19974726579728305,-28.349039352813747,2.0051905946313706,0.2584532177813142,-27.349228000310987,-16.76122127091906,0.0800030305981636,-0.09163782000541687,0.018735089662524067,-0.013677803040028216,-0.999811352502729,0
29.41,1,2.0340994179715914,0.20649576858264707,-29.0146891114008,2.011215660513753,0.25530637353182706,-28.01487775889806,-17.323748399757445,0.08000196516513824,-0.058240387588739395,0.018735089662524726,-0.013677803040028724,-0.999811352502718,0
29.53,1,2.0403568453512,0.2029926459851443,-29.474142094342252,2.017533261603422,0.2519129708418984,-28.474330741839545,-17.631556321244908,0.08000077307224274,-0.11120188236236572,0.018735089662524726,-0.013677803040028724,-0.999811352502718,0
29.61,1,2.0463124934012518,0.1995747803193936,-30.317955902225,2.023547641650692,0.24859954632152606,-29.31814454972229,-17.94760586483416,0.07972904294729233,-0.14414817094802856,0.018735089662524726,-0.013677803040028724,-0.999811352502718,0
29.71,1,2.0516207411772354,0.19640232760256965,-31.37041815794057,2.028910437750268,0.24552020082514342,-30.370606805437845,-18.61632743240035,0.07941625267267227,-0.14102013409137726,0.018735089662525614,-0.013677803040028712,-0.999811352502719,0
29.81,1,2.056750578362978,0.19321931782555193,-32.278196213339946,2.034095034633499,0.24242718676904923,-31.278384860837217,-19.114666789583683,0.07984232902526855,-0.14985263347625732,0.018735089662525614,-0.013677803040028712,-0.999811352502719,0
29.92,1,2.061834582908116,0.1899394223976182,-33.43854362470862,2.0392354964228345,0.23923650207363614,-32.438732272205904,-19.880645074506255,0.07961764186620712,-0.23656712472438812,0.018735089662525614,-0.013677803040028712,-0.999811352502719,0
30.01,1,2.0662850112937745,0.1869400177610979,-34.657884289329985,2.0437375841970935,0.2363152101227465,-33.6580729368273,-20.75352053344931,0.07994932681322098,-0.3027239739894867,0.018735089662524716,-0.013677803040029765,-0.9998113525026805,0
30.11,1,2.0704953175707956,0.18394882032847296,-36.16823756852045,2.047999443212238,0.23339793420807906,-35.168426216017764,-21.46503867959252,0.07997491210699081,-0.32492953538894653,0.018735089662524716,-0.013677803040029765,-0.9998113525026805,0
30.21,1,2.074063906459096,0.18126948171010934,-37.63806754103428,2.0516142408783247,0.23078127222784328,-36.638256188531614,-22.616587767665447,0.08002201467752457,-0.30414584279060364,0.02912608046141283,-0.021265774247796288,-0.7998490820020696,0
30.31,1,2.0876047724347893,0.17782089837415316,-39.119171788825945,2.0554989557403687,0.22780270295664745,-38.31932270682388,-23.39544907018081,0.0800144150853157,-0.1780262440443039,0.02912608046141283,-0.021265774247796288,-0.7998490820020696,0
30.41,1,2.0913108987095286,0.17473477758550357,-40.48336014828379,2.059247801739964,0.22476861871955597,-39.683511066281724,-24.48072288238658,0.0771084651350975,-0.0280262440443039,0.029126080461412834,-0.021265774247796253,-0.7998490820020606,0
30.51,1,2.0961612706250365,0.17055115345980962,-41.18143793788461,2.064156102534883,0.2206531112356073,-40.38158885588254,-24.98103513766676,0.07911769300699234,-0.1480262440443039,0.029126080461412834,-0.021265774247796253,-0.7998490820020606,0
30.61,1,2.1015014936208365,0.16586797762393116,-41.57816070886702,2.0695611801947553,0.21604493881637482,-40.778311626864955,-25.46243462950437,0.07951188087463379,-0.14341488480567932,0.029126080461412834,-0.021265774247796253,-0.7998490820020606,0
30.71,1,2.10597773476845,0.1618209278070582,-42.54575846098396,2.0740934801613635,0.21206076963767237,-41.7459093789819,-25.91648297503204,0.08002422004938126,-0.12439437955617905,0.029126080461412834,-0.021265774247796253,-0.7998490820020606,0
30.81,1,2.1104926168739735,0.15761569778376538,-43.23814610892931,2.078666625444697,0.2079189750757574,-42.43829702692725,-26.61366625667069,0.08008572459220886,-0.028016310185194016,0.018856303879579824,-0.023627641475364683,-0.999811352502717,0
30.91,1,2.1060164328640116,0.14304891315953677,-43.884180131149705,2.0839340060365723,0.20307027446584852,-42.88436877864699,-26.905901531166283,0.08007778972387314,-0.027889786288142204,0.018856303879579824,-0.023627641475364683,-0.999811352502717,0
31.01,1,2.111661504798072,0.13761318634519676,-44.02797652698143,2.0896730671423156,0.1977338767327897,-43.02816517447871,-27.114900958475967,0.08003447949886322,0.03959911689162254,0.018856303879579824,-0.023627641475364683,-0.999811352502717,0
31.11,1,2.117265412160696,0.13220212702960354,-43.8673806139764,2.095370539517813,0.19242142445759844,-42.86756926147369,-27.070570601297156,0.08000839501619339,0.15959911689162254,0.018856303879579824,-0.023627641475364683,-0.999811352502717,0
31.21,1,2.122356840014645,0.12732642380712023,-43.55430975960776,2.100546268918577,0.18763530445536683,-42.55449840710505,-26.69333188589968,0.07999753206968307,0.23383983969688416,0.018856303879579824,-0.023627641475364683,-0.999811352502717,0
31.31,1,2.126465667386149,0.12348225476496703,-42.53863147022342,2.104721548077314,0.18386341607683615,-41.53882011772069,-26.260906158605376,0.07999598979949951,0.259408563375473,0.018856303879579824,-0.023627641475364683,-0.999811352502717,0
31.41,1,2.1303416959849857,0.11999257269978607,-41.262931225555285,2.1086578784225662,0.18044189857314105,-40.26311987305257,-25.34604643230294,0.0799974799156189,0.17129474878311157,0.018856303879579824,-0.023627641475364683,-0.999811352502717,0
31.51,1,2.1343131710995067,0.11657924919685238,-40.26061050449285,2.112688308362731,0.17709839346347472,-39.260799151990135,-24.708903112676214,0.07999904453754425,0.12254969775676727,0.018856303879579824,-0.023627641475364683,-0.999811352502717,0
31.61,1,2.138942909992135,0.11268642921490978,-39.78108710234145,2.117385268650988,0.1732869509968672,-38.781275749838734,-23.99186784619277,0.0799998939037323,0.08020946383476257,-0.0015157332714657394,0.0075189780246037955,-1.7996604345053449,0
31.71,1,2.1254026356033515,0.1098719906228958,-40.022024102184396,2.122654879436047,0.16909804804136838,-38.222363667679055,-23.658570627762163,0.08000015467405319,0.20020946383476257,-0.0015157332714657394,0.0075189780246037955,-1.7996604345053449,0
31.81,1,2.1303311797606113,0.10576175228161902,-39.55383419402617,2.12771007393051,0.16514461720786397,-37.75417375952083,-23.08948621933305,0.0800001472234726,0.32020946383476256,-0.0015157332714657394,0.0075189780246037955,-1.7996604345053449,0
31.91,1,2.1349223387853087,0.10201566948285028,-38.78076646941074,2.1324166134639113,0.16154456677129678,-36.98110603490539,-22.629455961144842,0.08000007271766663,0.3558169901371002,-0.0015157332714657394,0.0075189780246037955,-1.7996604345053449,0
32.01,1,2.1384393438676943,0.09924332751835976,-37.612051983347186,2.1360189487144994,0.1588840432401147,-35.81239154884186,-21.52137159040569,0.08000002056360245,0.38,-0.0015157332714657394,0.0075189780246037955,-1.7996604345053449,0
32.11,1,2.141699038392069,0.09679154144715565,-36.208407906119916,2.1393540333213217,0.15653583669116639,-34.40874747161456,-20.66365235558426,0.07999999821186066,0.38,-0.0015157332714657394,0.0075189780246037955,-1.7996604345053449,0
32.21,1,2.1450743792154774,0.09437351706235723,-34.95277752541431,2.14280364690403,0.15422500702854738,-33.15311709090897,-19.80559769045569,0.07999999076128006,0.38,-0.0015157332714662026,0.007518978024603281,-1.7996604345053246,0
32.31,1,2.1485261196576912,0.09201477311329136,-33.69184999322609,2.146327760728835,0.1519758278788368,-31.89218955872075,-18.51425438882257,0.07999999076128006,0.38,-0.0015157332714662072,0.007518978024603115,-1.7996604345053289,0
32.41,1,2.152005025790577,0.08974579001987057,-32.508448297817125,2.149876207919837,0.149817218443962,-30.70878786331179,-17.22067325138596,0.07999999076128006,0.38,-0.0015157332714662072,0.007518978024603115,-1.7996604345053289,0
32.51,1,2.1555636074363065,0.08752414191305395,-31.366582098748353,2.1535028047759908,0.14770842284391503,-29.56692166424302,-16.355579979964514,0.07999999076128006,0.3798152506351471,-0.0015157332714661857,0.007518978024603754,-1.7996604345053402,0
32.61,1,2.15917418022191,0.08536353514415285,-30.35988408003769,2.157179450134034,0.14566227124612352,-28.56022364553236,-15.487728681793763,0.07999999076128006,0.3798072338104248,-0.0015157332714661857,0.007518978024603754,-1.7996604345053402,0
32.71,1,2.1628141663442415,0.0832715515667293,-29.3803083903493,2.1608833392205358,0.1436856327121812,-27.580647955843958,-14.18951442951573,0.07999999076128006,0.37989094853401184,0.008484266728533515,-0.0024810219753955923,-1.799660434505354,0
32.82,1,2.176459519660719,0.07125723562269241,-28.423820441870767,2.164590153714549,0.1417867920576429,-26.624160007365408,-12.891000718201736,0.08012290298938751,0.3799647390842438,0.008484266728533515,-0.0024810219753955923,-1.799660434505354,0
32.91,1,2.1801830556213826,0.06927913032642587,-27.48131379167841,2.1683739750994513,0.1399265995029235,-25.681653357173055,-12.025569339789483,0.0803299993276596,0.37999990582466125,0.00848426672853255,0.007518978024604399,-1.7996604345053575,0
33.01,1,2.1839061692774573,0.07737609240778441,-26.58734842810124,2.1721550169094246,0.13814142403617682,-24.787687993595885,-10.726886615885412,0.08090991526842117,0.38,0.00848426672853255,0.007518978024604399,-1.7996604345053575,0
33.11,1,2.1876871866437977,0.07551643100120958,-25.71846183183539,2.1759925716362316,0.13640142214237422,-23.91880139733004,-9.8567992367558,0.08126117289066315,0.38,0.008484266728533087,-0.0024810219753951084,-1.7996604345053668,0
33.21,1,2.1914682584058887,0.06372876083973979,-24.877138915706816,2.1798279198587496,0.13473337769203284,-23.07747848120145,-8.558583252048285,0.08165547251701355,0.38,0.008484266728533087,-0.0024810219753951084,-1.7996604345053668,0
33.31,1,2.195272516758879,0.06199851066269041,-24.004003390172628,2.1836846399701373,0.13312345307457624,-22.204342955667265,-7.699770958106479,0.08183951675891876,0.38,0.008484266728533087,-0.0024810219753951084,-1.7996604345053668,0
33.41,1,2.197755624088691,0.06090601057950373,-23.419689716773757,2.18620083228394,0.132109473448011,-21.620029282268394,-6.834407264520641,0.08141924440860748,0.37999972701072693,0.008484266728533087,-0.0024810219753951084,-1.7996604345053668,0
33.51,1,2.202960309869667,0.05870928372802939,-22.281800196344815,2.1914719386807993,0.1300772824403374,-20.482139761839452,-5.535610362534629,0.08087600767612457,0.3799996078014374,0.00850926270745868,-0.0006125114457732807,-1.5996981640046841,0
33.61,1,2.2066659729118845,0.06667889237226318,-21.301890702141318,2.195421473353603,0.12862973988327803,-19.702192538136632,-4.23612181583415,0.08015801012516022,0.3799997866153717,0.00850926270745868,-0.0006125114457732807,-1.5996981640046841,0
33.71,1,2.2106030281666764,0.06517472783200609,-20.487736742852938,2.1993989850067965,0.12723606987493336,-18.88803857884826,-3.3636325474938213,0.07952122390270233,0.38,0.00850926270745868,-0.0006125114457732807,-1.5996981640046841,0
33.81,1,2.214547093006657,0.0637359059799987,-19.60702340907531,2.2033816793824377,0.12590791277051044,-18.007325245070625,-2.0583595372638532,0.07896456867456436,0.38,0.00850926270745868,-0.0006125114457732807,-1.5996981640046841,0
33.91,1,2.218529907536939,0.06234891227751995,-18.736932244737076,2.207401661492215,0.12463264536702115,-17.137234080732398,-1.1919476389523977,0.07711882889270782,0.38,0.008509262707459045,0.009387488554226449,-1.5996981640046792,0
34.01,1,2.222543352492346,0.07101949291517112,-17.82670644491428,2.211450654822542,0.12341578495512566,-16.227008280909597,0.12224731928060521,0.07504970580339432,0.38,0.008509262707459045,0.009387488554226449,-1.5996981640046792,0
34.11,1,2.226321864210817,0.06983137585795467,-17.00718988008332,2.2152608618304948,0.12233361329368887,-15.407491716078642,1.0151815431142117,0.07251530885696411,0.38,0.008509262707459045,0.009387488554226449,-1.5996981640046792,0
34.22,1,2.230478656738422,0.068594978927083,-16.094722754038802,2.21945055001617,0.12121374080316268,-14.495024590034118,2.3702307488559655,0.06854359805583954,0.38,0.008509262707459045,0.009387488554226449,-1.5996981640046792,0
34.31,1,2.2343645755873536,0.0675060391341285,-15.213110804719863,2.223365353624479,0.12023370617034042,-13.613412640715186,3.2787657259763012,0.06472782790660858,0.38,0.008509262707459084,-0.0006125114457747309,-1.5996981640046506,0
34.41,1,2.238195625808496,0.05649532129354072,-14.33606318593254,2.2272231263162023,0.11933033127076156,-12.736365021927885,4.656902659426102,0.06100140139460564,0.37599658966064453,0.008509262707459084,-0.0006125114457747309,-1.5996981640046506,0
34.51,1,2.2417907636717853,0.055600991936002556,-13.518414373837123,2.23084182944978,0.11853671367591444,-11.918716209832475,5.594653754190329,0.05726068839430809,0.37188631296157837,0.008509262707459084,-0.0006125114457747309,-1.5996981640046506,0
34.62,1,2.24544926113959,0.054744341721359384,-12.750624439772551,2.2345228156292367,0.11778252930930962,-11.1509262757679,7.039918001657124,0.05442418158054352,0.36517447233200073,0.008509262707459084,-0.0006125114457747309,-1.5996981640046506,0
34.71,1,2.2489868712702186,0.053967510312323504,-12.01991230957199,2.2380807333343617,0.1171047579039351,-10.420214145567348,8.02700721316667,0.05144193768501282,0.3588683605194092,0.008509262707459097,-0.0006125114457743027,-1.5996981640046632,0
34.81,1,2.2524815015212303,0.05324744535331662,-11.219216545324686,2.2415941031973796,0.11648253098221376,-9.619518381320024,9.536790158564244,0.04854676127433777,0.3511957824230194,0.008509262707459097,-0.0006125114457743027,-1.5996981640046632,0
34.91,1,2.2558826402088736,0.05260055851739786,-10.303469064280659,2.245011975066472,0.11593084371796228,-8.703770900275995,10.572292092781822,0.045219022780656815,0.3394436836242676,0.008509262707459097,-0.0006125114457743027,-1.5996981640046632,0
35.01,1,2.259124776577384,0.05204113173780012,-9.24420247948188,2.2482684650181253,0.1154621436555265,-7.644504315477218,12.18083409049521,0.041559770703315735,0.31778842210769653,0.008509262707459097,-0.0006125114457743027,-1.5996981640046632,0
35.11,1,2.26222477440892,0.0515644749666057,-8.114103510721957,2.25138056119117,0.1150722133505067,-6.514405346717295,13.28240891015043,0.03765998035669327,0.2875555157661438,-0.001574134256374893,0.017764974788909555,-1.7996604345053429,0
38.16,2,2.258325762008924,0.06129766243827814,-6.479465064526253,2.2574180558504757,0.11448299941101599,-4.679804630020916,16.71137833569879,0.0,0.0,-0.0015741342563740145,0.01776497478890929,-1.7996604345053369,0
38.26,2,2.2583244587194673,0.061297773282745396,-6.479629328066871,2.2574167497228186,0.11448306927121787,-4.679968893561534,16.71137833569879,-0.01,0.06,-0.0015741342563740145,0.01776497478890929,-1.7996604345053369,0
38.36,2,2.2580113931068273,0.061333300184242184,-6.351710469275044,2.25710272281439,0.11450874687489129,-4.552050034769709,16.762679840773824,-0.03,0.18,-0.0015741342563740145,0.01776497478890929,-1.7996604345053369,0
38.46,2,2.256124626386377,0.06153619435249803,-5.808121727842428,2.255210514890247,0.11465228736647098,-4.00846129333709,17.10168708966786,-0.05,0.3,-0.0015741342563740145,0.01776497478890929,-1.7996604345053369,0
38.57,2,2.2536363287798244,0.061784299214468666,-5.385611262834085,2.2527156529528174,0.11482212527292703,-3.5859508283287482,18.24074314539824,-0.06299392879009247,0.38,-0.0015741342563740145,0.01776497478890929,-1.7996604345053369,0
38.66,2,2.2497814389157247,0.06211167393843631,-4.42423720895398,2.2488523833772724,0.11502827633624611,-2.6245767744486455,19.141124774160893,-0.06173940375447273,0.38,-0.0015741342563740145,0.01776497478890929,-1.7996604345053369,0
38.76,2,2.2448571678262814,0.062441053051678505,-3.296315145687118,2.2439201971048965,0.11520284705873536,-1.4966547111817814,20.531503783859417,-0.06057227775454521,0.33059531450271606,-0.0015741342563740145,0.01776497478890929,-1.7996604345053369,0
38.86,2,2.2410745142577593,0.06262391244400281,-2.361454681544602,2.2401336666743377,0.11526682264208082,-0.5617942470392648,21.473962370860235,-0.06001260504126549,0.25559531450271605,-0.011678523037565473,0.0361446686962778,-1.9996227050060118,0
38.96,2,2.2290530931361743,0.07138002109905414,-1.6044248299772963,2.23623522407949,0.11527933962083595,0.35838817256235855,22.824738240887108,-0.05986298248171806,0.24292472004890442,-0.011678523037565473,0.0361446686962778,-1.9996227050060118,0
39.06,2,2.222913003402251,0.07342627044285459,-0.9048504889363042,2.231929923365934,0.1152303130654381,1.0947722160697073,23.67441129495946,-0.05988975986838341,0.19622427225112915,-0.011678523037565473,0.0361446686962778,-1.9996227050060118,0
39.16,2,2.218063618918203,0.07347782694504582,-0.3101245310929799,2.2270816929248496,0.11511262900877933,1.6894981739130317,24.80867191575264,-0.05988975986838341,0.19622427225112915,-0.011678523037565473,0.0361446686962778,-1.9996227050060118,0
39.26,2,2.213123234596041,0.07345826406903375,0.6859912686757854,2.22214499962185,0.11492069363190058,2.685613973681797,25.52208021233973,-0.059987712651491165,0.17145685851573944,-0.03167852303756578,0.02614466869627737,-1.9996227050060014,0
39.36,2,2.1882151189156844,0.06335637414160313,1.642694450850775,2.217243427941748,0.11464760728309782,3.6423171558567775,26.61827668161494,-0.06000347062945366,0.0986892506480217,-0.03167852303756578,0.02614466869627737,-1.9996227050060014,0
39.47,2,2.182969212925851,0.06317886163482983,2.3131136022822103,2.212006910339562,0.11428715791602313,4.31273630728821,27.259013095237968,-0.06000583991408348,0.0236892506480217,-0.03167852303756578,0.02614466869627737,-1.9996227050060014,0
39.57,2,2.1793661234581827,0.06302671463976268,2.5313909733363746,2.20841132380095,0.1140093812728736,4.531013678342375,27.855235252084036,-0.06000368669629097,-0.0685129314661026,-0.03167852303756578,0.02614466869627737,-1.9996227050060014,0
39.67,2,2.1709474087456373,0.06264017217266629,2.5695377103699197,2.200011223201089,0.1133293206856372,4.56916041537592,27.858686038840926,-0.060001399368047714,-0.10876604169607162,-0.0416785230375654,0.036144668696276354,-1.9996227050059767,0
39.76,2,2.156828808323808,0.070552138966792,2.2018395917177145,2.1940677460213442,0.11287087701972653,4.201462296723716,27.45470990265237,-0.060000162571668625,-0.1608496457338333,-0.0416785230375654,0.036144668696276354,-1.9996227050059767,0
39.86,2,2.1490961904187147,0.07220235810970478,1.1787538957476966,2.1881824982020155,0.11247824966486011,3.178376600753673,27.043046681656197,-0.059999775141477585,-0.15745647251605988,-0.0416785230375654,0.036144668696276354,-1.9996227050059767,0
39.96,2,2.1437449074412966,0.07213593190011611,0.2375386127321579,2.182836791656043,0.11222514203938438,2.237161317738135,26.225710108538685,-0.05999978259205818,-0.0947740450501442,-0.0416785230375654,0.036144668696276354,-1.9996227050059767,0
40.07,2,2.138305151212578,0.07215243256890141,-0.4219979665442583,2.1773997721733798,0.11205182370482797,1.5776247384617186,25.675358539942103,-0.059999894350767136,-0.09770558029413223,-0.0416785230375654,0.036144668696276354,-1.9996227050059767,0
40.16,2,2.132312718262933,0.07222505463613943,-1.0491215981337536,2.1714084542792906,0.11191530809176313,0.9505011068722231,25.073016494608037,-0.059999968856573105,-0.05342339724302292,-0.02137905126628097,0.03987326459986564,-1.5996981640046382,0
40.26,2,2.126372983553387,0.07235940258295263,-1.5690634992783161,2.1654676487391558,0.11184231956596749,0.4305592057276611,24.729083735224922,-0.058766260743141174,0.02157660275697708,-0.02137905126628097,0.03987326459986564,-1.5996981640046382,0
40.36,2,2.1404590555427663,0.0913418727856085,-1.142543039417178,2.1595587397545106,0.11179922732386072,0.45715512458746077,24.53216605633298,-0.05972429737448692,0.06550572067499161,-0.02137905126628097,0.03987326459986564,-1.5996981640046382,0
40.47,2,2.1345811979603146,0.09145502792302374,-0.9343374217416893,2.1536800141148267,0.11174824989721759,0.6653607422629494,24.66987560067976,-0.059814926236867905,0.048145636916160583,-0.02137905126628097,0.03987326459986564,-1.5996981640046382,0
40.56,2,2.128466247650791,0.09152924470966037,-0.48952256174614056,2.1475653751696013,0.11165173052660204,1.110175602258498,25.04912954891897,-0.06002573296427727,0.029291212558746338,-0.02137905126628097,0.03987326459986564,-1.5996981640046382,0
40.67,2,2.1223927231878803,0.09156732162719056,-0.24101255394744914,2.141493154819825,0.11152024183133144,1.35868561005719,25.241456505528696,-0.060034606605768204,-0.013512828387320042,-0.02137905126628097,0.03987326459986564,-1.5996981640046382,0
40.77,2,2.116310618867239,0.09158800525861052,-0.1491465671165299,2.1354128435136723,0.11137112711026659,1.4505515968881089,25.367379235990818,-0.05919354408979416,0.059793196618556976,-0.02137905126628097,0.03987326459986564,-1.5996981640046382,0
40.87,2,2.11024888143891,0.09160061235804703,0.016420520786895425,2.1293531166295594,0.11121450757470619,1.6161186847915343,25.3991600386276,-0.05982520058751106,0.06201270967721939,-0.02137905126628097,0.03987326459986564,-1.5996981640046382,0
40.96,2,2.10426250500498,0.09157290058775952,0.5737596495600006,2.1233698469254065,0.1110196886888227,2.1734578135646396,25.74646599988833,-0.05987703427672386,0.015287235379219055,-0.02137905126628097,0.03987326459986564,-1.5996981640046382,0
41.06,2,2.0982875398611256,0.09150081265547325,0.8078206594369333,2.1173992228853975,0.1107808294978391,2.4075188234415728,25.95493629140269,-0.06001618131995201,0.005493367090821266,-0.02137905126628097,0.03987326459986564,-1.5996981640046382,0
41.16,2,2.0922907094548178,0.09141082395652185,0.8530342963757803,2.11140724182913,0.11052346611798042,2.452732460380419,26.042783697714416,-0.060021866112947464,-0.01132894679903984,-0.02137905126628097,0.03987326459986564,-1.5996981640046382,0
41.26,2,2.0862671930183487,0.09132151594862596,0.8483206684520905,2.105388566140834,0.1102660381867211,2.4480188324567296,26.060472781047412,-0.06001965329051018,-0.03858709707856178,-0.02137905126628097,0.03987326459986564,-1.5996981640046382,0
41.36,2,2.0803063236987374,0.09124252992393632,0.5508710438376675,2.099432225001109,0.11002067709606575,2.1505692078423064,25.947900447192765,-0.06000795587897301,-0.06296015530824661,-0.02137905126628097,0.03987326459986564,-1.5996981640046382,0
41.46,2,2.07432775974504,0.09120179897784221,0.19904084940627556,2.093457128180534,0.1098130622045519,1.7987390134109151,25.78564852699842,-0.06000171974301338,-0.0530901663005352,-0.02137905126628097,0.03987326459986564,-1.5996981640046382,0
41.56,2,2.06831438265151,0.09121135936717589,-0.39958774355716276,2.087445827836461,0.10965474719143936,1.2001104204474762,25.434412942043537,-0.05999920889735222,-0.03279085457324982,-0.02137905126628097,0.03987326459986564,-1.5996981640046382,0
41.67,2,2.0622924536144764,0.09126917485141095,-0.6622657042117551,2.0814246317746843,0.10954442972714717,0.9374324597928836,25.229752940285184,-0.05999897047877312,-0.041006769984960556,-0.02137905126628097,0.03987326459986564,-1.5996981640046382,0
41.76,2,2.058696046479046,0.09131344368771496,-0.7740934387764729,2.077828390470016,0.10948828266807259,0.8256047252281662,25.016053130427096,-0.05999897047877312,-0.041006769984960556,-0.02137905126628097,0.03987326459986564,-1.5996981640046382,0
41.87,2,2.050639228989417,0.09146203744238189,-1.323503807729466,2.0697705648287235,0.10941190138994394,0.2761943562751728,24.86651471656881,-0.05999978259205818,-0.06470778584480286,-0.021379051266280882,0.029873264599865817,-1.5996981640046433,0
41.96,2,2.044607159799309,0.08162067597910753,-1.8598781331565795,2.0637364179519593,0.10940208460728655,-0.2601799691519359,24.531304839150355,-0.059999991208314896,-0.07609571516513824,-0.021379051266280882,0.029873264599865817,-1.5996981640046433,0
42.07,2,2.038596192622861,0.08184848490519328,-2.431431872629003,2.057721433878229,0.10946200034734727,-0.8317337086243586,24.236757713738985,-0.060000043362379074,-0.0845704972743988,-0.021379051266280882,0.029873264599865817,-1.5996981640046433,0
42.16,2,2.0347136589316603,0.08202819169474491,-2.922148750320498,2.0538353965957614,0.10953325084063616,-1.322450586315854,23.722535241778836,-0.06000003591179848,-0.11255814880132675,-0.021207467343746327,0.0321571470262668,-1.3997358935039905,0
42.27,2,2.028404195384368,0.08238919372148389,-3.757121225890256,2.047518314218285,0.10971797483500163,-2.1574230618856114,23.32035838995373,-0.060000013560056686,-0.09116204082965851,-0.021207467343746327,0.0321571470262668,-1.3997358935039905,0
42.36,2,2.0206139427168375,0.09237812067054034,-4.596457402385962,2.0397410833853815,0.11007973927242835,-3.196721508881971,22.626478767174355,-0.06000000610947609,-0.0627821832895279,-0.021207467343746327,0.0321571470262668,-1.3997358935039905,0
42.46,2,2.014617237111931,0.0928970455556216,-5.223751029203642,2.033733491109132,0.11045202436562887,-3.824015135699651,22.236262207338648,-0.05999999865889549,-0.060984451323747635,-0.021207467343746327,0.0321571470262668,-1.3997358935039905,0
42.56,2,2.0086823679451915,0.09347323612812558,-5.718916653295097,2.0277863179576157,0.11088306857222983,-4.319180759791106,21.807757163943368,-0.05999999865889549,-0.08071044087409973,-0.021207467343746327,0.0321571470262668,-1.3997358935039905,0
42.66,2,2.0026760893990723,0.09409938469460491,-6.406788896936874,2.0217665363827133,0.11136231150784674,-5.007053003432883,21.516869848016842,-0.05999999865889549,-0.10610381513834,-0.03135527950214785,0.029767645487975367,-1.5996981640046641,0
42.76,2,1.998462189919588,0.09458727783916723,-6.848656671851237,2.0175419762768154,0.11174712374175148,-5.448920778347247,20.952192234952975,-0.05999999865889549,-0.11599018424749374,-0.03135527950214785,0.029767645487975367,-1.5996981640046641,0
42.86,2,1.980817911326634,0.08617015291175209,-8.083961424160412,2.0098144172913077,0.11255310205307695,-6.484263260155751,20.48906587264611,-0.05999999865889549,-0.1003672406077385,-0.03135527950214785,0.029767645487975367,-1.5996981640046641,0
42.96,2,1.9749598618533286,0.08705112351146212,-8.924210528601145,2.0039340574181543,0.1132701938125153,-7.324512364596479,19.759072027098966,-0.05999999865889549,-0.07633162289857864,-0.03135527950214785,0.029767645487975367,-1.5996981640046641,0
43.07,2,1.9711782217743654,0.08765742439091516,-9.358430137317624,2.0001369654662375,0.11377068871951561,-7.758731973312957,19.34581766417205,-0.05999999865889549,-0.03618689253926277,-0.03135527950214785,0.029767645487975367,-1.5996981640046641,0
43.16,2,1.9632492735825886,0.08899461623459899,-9.82371831532466,1.9921737779399906,0.11488601193568426,-8.224020151319992,18.939413530485055,-0.05999999865889549,-0.026295341551303864,-0.02135527950214791,0.029767645487974153,-1.5996981640046317,0
43.27,2,1.9673405750877646,0.0900350583639263,-10.062450437173156,1.986238336918498,0.11576109913567999,-8.462752273168524,18.785751088404744,-0.05999999865889549,0.0016362476162612438,-0.02135527950214791,0.029767645487974153,-1.5996981640046317,0
43.37,2,1.9614200668015345,0.09109159245419933,-10.141470389437522,1.9802906414791426,0.11665194233843566,-8.541772225432888,18.66106096267119,-0.05999999865889549,0.016397222876548767,-0.02135527950214791,0.029767645487974153,-1.5996981640046317,0
43.47,2,1.9575618911225012,0.09178334531033064,-10.136062234227849,1.976414658246745,0.11723571932190201,-8.536364070223211,18.677668614505034,-0.05999999865889549,-0.044784072786569595,-0.02135527950214791,0.029767645487974153,-1.5996981640046317,0
43.56,2,1.9516260208214151,0.09284458575572138,-10.16822749462992,1.970451475395329,0.11813083819379769,-8.568529330625287,18.664530890284606,-0.05999999865889549,-0.039208102971315384,-0.02135527950214791,0.029767645487974153,-1.5996981640046317,0
43.66,2,1.9436874581202963,0.09428353774498321,-10.395384518901745,1.9624758363327242,0.11934761349353426,-8.795686354897109,18.509213978161224,-0.05999999865889549,-0.07681846618652344,-0.02135527950214791,0.029767645487974153,-1.5996981640046317,0
43.76,2,1.9377348653066861,0.0953864566713737,-10.648277167276028,1.9564947739741692,0.12028392777085391,-9.0485790032714,18.203394141959535,-0.05999999865889549,-0.12489978969097137,-0.02135527950214791,0.029767645487974153,-1.5996981640046317,0
43.86,2,1.9317852427662923,0.09653144148126072,-11.14594238008426,1.9505155064043194,0.12126237445625604,-9.54624421607963,17.87615977789842,-0.05999999865889549,-0.13232770562171936,-0.02135527950214791,0.029767645487974153,-1.5996981640046317,0
43.96,2,1.9259762491931145,0.09771329970820578,-11.8426087909899,1.9446757836211945,0.12228160603841634,-10.242910626985266,17.192653305480324,-0.05999999865889549,-0.09470710158348083,-0.02135527950214791,0.029767645487974153,-1.5996981640046317,0
44.06,2,1.9225811181911698,0.09843627955419376,-12.212629129861266,1.941261792855546,0.12290952436920183,-10.612930965856634,16.70319424017403,-0.05999999865889549,-0.09470710158348083,-0.031214464865706112,0.022455739598458438,-1.3997358935039828,0
44.17,2,1.9145586566057753,0.10022344085755132,-12.847865489405976,1.9331925668662335,0.1244720311201474,-11.248167325401342,16.064804932363376,-0.05999999865889549,0.04711814858019352,-0.031214464865706112,0.022455739598458438,-1.3997358935039828,0
44.26,2,1.898706359361036,0.10096564533132425,-12.731517657917331,1.9274271342499292,0.1256297545938728,-11.331781764413353,15.890833549499721,-0.05999999865889549,0.1035776287317276,-0.031214464865706112,0.022455739598458438,-1.3997358935039828,0
44.37,2,1.8929043216295383,0.10226381596156622,-12.50466045643723,1.9215951166786729,0.12678580817027169,-11.104924562933247,16.174635480360127,-0.05999999865889549,0.13822607696056366,-0.031214464865706112,0.022455739598458438,-1.3997358935039828,0
44.46,2,1.887021797638892,0.10354185104327927,-11.9138667134421,1.915683128727697,0.12791976612281175,-10.514130819938115,16.56959756069018,-0.05999999865889549,0.17124998569488525,-0.031214464865706112,0.022455739598458438,-1.3997358935039828,0
44.56,2,1.8834866188020363,0.10427578992953707,-11.53927254590557,1.9121310764362318,0.12856713017495958,-10.13953665240159,17.34405419325554,-0.05999999865889549,0.19777560234069824,-0.031214464865706112,0.022455739598458438,-1.3997358935039828,0
44.67,2,1.8782845889853939,0.10530983240630135,-10.93034456407425,1.9069053397478621,0.1294737911484311,-9.530608670570267,17.9402177146425,-0.05999999865889549,0.22536656260490417,-0.031214464865706112,0.022455739598458438,-1.3997358935039828,0
44.76,2,1.8715875261948953,0.10655905307035134,-10.107593548998585,1.900179759919668,0.13055904607790994,-8.707857655494598,18.902045246874124,-0.05999999865889549,0.20819725096225739,-0.031214464865706112,0.022455739598458438,-1.3997358935039828,0
44.87,2,1.8684013402421287,0.10711753716674381,-9.72351429976628,1.8969808823078116,0.13103953274358793,-8.323778406262294,19.577348221627034,-0.05999999865889549,0.23145684599876404,-0.031214464865706112,0.022455739598458438,-1.3997358935039828,0
44.97,2,1.8622083592022778,0.10812733398310505,-8.80734892067584,1.8907650823562754,0.13189774876113153,-7.407613027171859,20.63513170108201,-0.05999999865889549,0.25232765078544617,-0.031214464865706112,0.022455739598458438,-1.3997358935039828,0
45.07,2,1.857595929216903,0.10880949283453892,-8.071364274667905,1.886137365225883,0.1324670336016555,-6.671628381163925,21.372544620646778,-0.05999999865889549,0.28311213850975037,-0.031214464865706112,0.022455739598458438,-1.3997358935039828,0
45.16,2,1.8533677922756955,0.10938321443725689,-7.235761309838183,1.8818964753260168,0.13293730089611633,-5.836025416334199,22.499863939036963,-0.05999999865889549,0.3309500813484192,-0.031214464865706112,0.022455739598458438,-1.3997358935039828,0
45.26,2,1.8504961914409228,0.10973286515100181,-6.599933771023468,1.8790171902527806,0.13321670104451966,-5.200197877519485,23.35922654299481,-0.05999999865889549,0.34673407673835754,-0.041925252249063856,0.05092612440709682,-2.1995849755065975,0
45.37,2,1.8372533884834792,0.11219019022150659,-6.299590068040831,1.873866069983846,0.1336424476993347,-4.227374288313864,24.64768874710679,-0.05999999865889549,0.35877615213394165,-0.041925252249063856,0.05092612440709682,-2.1995849755065975,0
45.46,2,1.8319040052735005,0.11294384309706434,-5.395275934094797,1.8700683342743667,0.13389066032911884,-3.1956909585882016,25.50975958191576,-0.05999999865889549,0.3637705147266388,-0.051925252249063886,0.06092612440709636,-2.1995849755065833,0
45.57,2,1.8191653090386652,0.12318858070146602,-4.7604132085722455,1.867322262757149,0.13403010488453024,-2.560828233065663,26.91710263455003,-0.05999999865889549,0.36617210507392883,-0.051925252249063886,0.06092612440709636,-2.1995849755065833,0
45.66,2,1.815455276172833,0.12347721345305995,-4.019028709960017,1.8636038855743486,0.13417613179052978,-1.8194437344534324,27.83269794791354,-0.05999999865889549,0.36723455786705017,-0.051925252249063886,0.06092612440709636,-2.1995849755065833,0
45.77,2,1.810525916098622,0.12377434324164077,-2.8579702769992856,1.8586667534690955,0.13428385099850296,-0.6583853014927021,29.264080673577126,-0.05999999865889549,0.37117448449134827,-0.061925252249064144,0.06092612440709576,-2.1995849755065673,0
45.86,2,1.8067361531422683,0.12393919572214088,-2.1181823386040026,1.8548734556988151,0.13430312874900896,0.08140263690258073,30.233640828728273,-0.05999999865889549,0.37321555614471436,-0.061925252249064144,0.06092612440709576,-2.1995849755065673,0
45.97,2,1.7942898494372004,0.12401802474497799,-1.529243066230451,1.852425928941,0.13428800915743389,0.6703419092761155,31.66783392584516,-0.05999999865889549,0.37887415289878845,-0.061925252249064144,0.06092612440709576,-2.1995849755065673,0
46.06,2,1.789429790262874,0.12410552185144168,-0.425599338926386,1.8475660924963588,0.13418890994991417,1.7739856365801814,32.6167191627081,-0.05999999865889549,0.38,-0.061925252249064144,0.06092612440709576,-2.1995849755065673,0
46.16,2,1.7858662360067317,0.12410812771781284,0.4423020865593317,1.844005063872138,0.13405474264954978,2.6418870620658987,34.07632903856413,-0.05999999865889549,0.38,-0.07213046120449078,0.07791656891551439,-2.399547246007234,0
46.26,2,1.7823572718905092,0.12405838595107863,1.3437815373837882,1.8405005942975614,0.13387036148684137,3.543366512890354,35.067037959958256,-0.05999999865889549,0.3743135929107666,-0.07213046120449078,0.07791656891551439,-2.399547246007234,0
46.36,2,1.7688180841339463,0.1345173730358642,1.927419355444664,1.8369645809995352,0.133627563638569,4.326966601451898,36.55365831655792,-0.05999999865889549,0.3743135929107666,-0.08166135697215678,0.05398815723894838,-1.9996227050058801,0
46.46,2,1.765221243705558,0.13437037344637615,2.7503814917452023,1.833377048964544,0.13333010129723855,5.149928737752435,37.54135567167723,-0.05999999865889549,0.37217506766319275,-0.08166135697215678,0.05398815723894838,-1.9996227050058801,0
46.57,2,1.7517493503265467,0.12304276172811526,4.083234455917238,1.8298847478464064,0.13298559936241494,6.082857160923116,39.01002266379772,-0.05999999865889549,0.3778914511203766,-0.08166135697215678,0.05398815723894838,-1.9996227050058801,0
46.66,2,1.7481014614634438,0.12276001711928355,4.903746089867978,1.8262489461241702,0.13257574145050102,6.903368794873858,40.00247612005023,-0.05999999865889549,0.37538841366767883,-0.08166135697215678,0.05398815723894838,-1.9996227050058801,0
46.77,2,1.7456992574035515,0.12254646137619762,5.322438932505274,1.8238556564526114,0.13227849584703827,7.322061637511153,41.0019663723156,-0.05999999865889549,0.37538841366767883,-0.08166135697215678,0.05398815723894838,-1.9996227050058801,0
46.86,2,1.7408467012181978,0.1220377192281138,6.588798232361408,1.8190238066951638,0.13160074366024457,8.58842093736729,42.49496648191972,-0.05999999865889549,0.37956634163856506,-0.08166135697215647,0.06398815723894882,-1.9996227050058932,0
46.97,2,1.7372992843472286,0.13020093899613938,7.665197490984164,1.8154939849296239,0.13103488190958731,9.664820195990044,43.48808237111833,-0.05999999865889549,0.37956634163856506,-0.08166135697215647,0.06398815723894882,-1.9996227050058932,0
47.06,2,1.7349889920802635,0.1312701003917256,8.390678607767141,1.8131964490286334,0.13062919970912926,10.390301312773033,45.03367207200279,-0.05999999865889549,0.37566235661506653,-0.08166135697215693,0.0639881572389484,-1.9996227050058857,0
47.17,2,1.7303555133679394,0.1305417605974032,9.648762425319063,1.8085912057406328,0.1297396278503803,11.648385130324945,46.52782707815551,-0.05999999865889549,0.37707945704460144,-0.08166135697215693,0.0639881572389484,-1.9996227050058857,0
47.26,2,1.7268731577493261,0.1299240480032776,10.586116429818336,1.805132524472209,0.1290007818671864,12.585739134824223,47.54332639377573,-0.05999999865889549,0.38,-0.09196350351173489,0.06084820066353584,-2.199584975506563,0
47.36,2,1.7133346306799573,0.11981263553374281,11.240730564778108,1.8017048918317036,0.12820936254922216,13.44031554028467,49.05728438952671,-0.05999999865889549,0.38,-0.09196350351173489,0.06084820066353584,-2.199584975506563,0
47.47,2,1.709795103242055,0.11907603321767637,12.240800007230037,1.7981962435546717,0.12733745388211345,14.4403849827366,50.070146918214824,-0.05999999865889549,0.38,-0.10196350351173526,0.0708482006635368,-2.199584975506593,0
47.56,2,1.6969572370476844,0.12760922362706106,13.215653667209171,1.7947186207457702,0.12640930446439078,15.415238642715735,51.573395765057626,-0.05964629724621773,0.38,-0.10196350351173526,0.0708482006635368,-2.199584975506593,0
47.66,2,1.692902420915907,0.12745633431609982,14.343260764446033,1.7913708047636274,0.12545440330109595,16.54284573995262,52.5730572580111,-0.058391768485307693,0.38,-0.11196350351173477,0.07084820066353743,-2.1995849755066152,0
47.76,2,1.679493246544747,0.12655712584475187,15.329126898038172,1.787998654425543,0.12442501131294151,17.52871187354479,54.11280091548406,-0.058391768485307693,0.38,-0.11196350351173477,0.07084820066353743,-2.1995849755066152,0
47.86,2,1.6772852908516358,0.1259414426359339,15.882226073722324,1.7858159558394813,0.1237250391429468,18.081811049228943,55.13657809795312,-0.05866371467709541,0.37997370958328247,-0.12228111682322368,0.08762530118688318,-2.3995472460073035,0
47.97,2,1.6627922275657971,0.13519026289432165,17.0893976700453,1.7815166840760546,0.12226027477922986,19.488944916052617,56.68673044994893,-0.059240248054265976,0.37998488545417786,-0.12195303533895535,0.08087519837836218,-2.199584975506648,0
48.06,2,1.6594637725379051,0.13413704492636044,17.948421712241036,1.778235243443085,0.12106862536223206,20.347968958248337,57.724825282581094,-0.0594826377928257,0.37999483942985535,-0.12195303533895535,0.08087519837836218,-2.199584975506648,0
48.17,2,1.6578069651784262,0.13300105231641268,18.799470322140436,1.776448043436264,0.12039565217179188,20.999055297647086,59.269237273323526,-0.0594826377928257,0.37999483942985535,-0.13195303533895555,0.08087519837836236,-2.1995849755066628,0
48.26,2,1.6540569046033216,0.13169124750267797,19.75151736762034,1.772751016983105,0.11894288296380216,21.951102343126994,60.28332312712825,-0.05914831534028053,0.38,-0.13195303533895555,0.08087519837836236,-2.1995849755066628,0
48.36,2,1.639725283116478,0.13008035904177062,21.14220273003929,1.768484413877778,0.11716693130894784,23.341787705545947,61.830389829646755,-0.059577252715826035,0.38,-0.13195303533895555,0.08087519837836236,-2.1995849755066628,0
48.46,2,1.6364544639428706,0.12878432609314927,22.06586864770675,1.7652657471463467,0.11574631737746442,24.265453623213418,62.87940503749675,-0.059135280549526215,0.38,-0.14195303533895584,0.09087519837836146,-2.199584975506636,0
48.57,2,1.6232175423483923,0.13743837969606215,23.089818917425006,1.7620828687247665,0.11427712778245974,25.28940389293164,64.40535718214261,-0.059816256165504456,0.38,-0.1419530353389556,0.10087519837836166,-2.1995849755066397,0
48.66,2,1.619980568110566,0.13602797516278484,24.12572939088762,1.7589024116386909,0.11274352552389563,26.32531436639427,65.43799289716202,-0.05931906774640083,0.37999996542930603,-0.1419530353389556,0.10087519837836166,-2.1995849755066397,0
48.76,2,1.6167245372461827,0.1445383818488832,25.208136798456053,1.7557059512776942,0.111130061427234,27.40772177396268,67.00583135913298,-0.05931906774640083,0.37999996542930603,-0.1419530353389556,0.10087519837836166,-2.1995849755066397,0
48.86,2,1.6135970106493986,0.14304219997289902,26.074299518083784,1.7526381533744135,0.10951494569013019,28.27388449359042,68.02443745602066,-0.061932049691677094,0.3799999952316284,-0.15156693218658795,0.08424349407704218,-1.999622705006003,0
48.97,2,1.6004887132157415,0.1308498668829126,27.434257458735573,1.7493625108159225,0.10771232206254415,29.433880163741577,69.55751925417024,-0.06298478692770004,0.3799999952316284,-0.16195958345173167,0.0908438904665839,-2.1995849755066788,0
49.06,2,1.5981515301876217,0.12960723605491598,28.540387398835687,1.7470701100121813,0.10638889679581223,30.540010103841684,70.58910181058042,-0.0615561380982399,0.3799999952316284,-0.16195958345173167,0.0908438904665839,-2.1995849755066788,0
49.17,2,1.5837835331658843,0.12781529607703354,29.830683096812272,1.7430378597436218,0.10394678230216406,32.03026807231895,72.1027952191211,-0.0615561380982399,0.3799999952316284,-0.16195958345173167,0.0908438904665839,-2.1995849755066788,0
49.26,2,1.580628285915048,0.1259543402937893,31.371393347269677,1.739956361841824,0.10196609749071249,33.57097832277635,73.12968580531013,-0.06030010059475899,0.3799999952316284,-0.16195958345173192,0.09084389046658366,-2.199584975506676,0
49.38,2,1.5786733129336858,0.12474754571779326,32.027002994880206,1.7380491467601715,0.10068515910857702,34.226587970386866,74.1622669219875,-0.06030010059475899,0.3799999952316284,-0.16195958345173192,0.09084389046658366,-2.199584975506676,0
49.47,2,1.5746400181258184,0.12212216317254344,33.91422873103408,1.7341195873871806,0.097906910802502,36.11381370654076,75.72257998367682,-0.053904786705970764,0.3799999952316284,-0.171959583451732,0.08084389046658277,-2.1995849755066534,0
49.56,2,1.562615079279823,0.11098224774476044,35.14110341694256,1.731338230667826,0.09582441498906256,37.340688392449245,77.28256289541135,-0.04549245536327362,0.3799999952316284,-0.171959583451732,0.08084389046658277,-2.1995849755066534,0
49.66,2,1.5590456976925204,0.10817014061163724,36.640781040021174,1.7286810697622617,0.09374308690183449,38.84036601552782,78.35545287993199,-0.03728676959872246,0.3799999952316284,-0.17110282169672886,0.07784764635499485,-1.7996604345053056,0
49.77,2,1.5573692532916237,0.11545739652949881,39.00709371337173,1.7264383720804986,0.091873580156472,40.806754147877015,80.11669496084318,-0.03791313245892525,0.3799999952316284,-0.1723747979692422,0.09723955670803998,-2.3995472460072698,0
49.87,2,1.555318706523284,0.11373327745284295,41.321675265462964,1.7244429824274448,0.09008591442370105,43.121335699968256,81.34783096307079,-0.038149066269397736,0.3799999952316284,-0.1723747979692422,0.09723955670803998,-2.3995472460072698,0
49.96,2,1.5523480274695316,0.11331231707263498,41.840225037211546,1.7225375907002038,0.08826894606814414,44.23977228321881,83.1944428249729,-0.027898600324988365,0.3799999952316284,-0.1823747979692419,0.09723955670803798,-2.399547246007215,0
50.06,2,1.551043713740597,0.1121277849833271,42.87928133919958,1.7212840143480357,0.08703084393044655,45.27882858520684,84.43329385004049,-0.026223644614219666,0.3799999952316284,-0.1823747979692419,0.09723955670803798,-2.399547246007215,0
50.16,2,1.538963876905162,0.11008078142664196,46.06289014961056,1.7192917046454994,0.08489855715979534,48.46243739561776,86.44489216009504,-0.013751285150647163,0.3799999952316284,-0.1819453059298835,0.09084710597922642,-2.199584975506568,0
50.26,2,1.5376945574371215,0.10870390610490849,48.56911988296738,1.718081144849917,0.08346974557499318,50.96866712897458,87.8393140878965,-0.011343047022819519,0.3799999952316284,-0.1819453059298835,0.09084710597922642,-2.199584975506568,0
50.36,2,1.5376221294650558,0.10777410088064357,50.74421032914507,1.7176507808341932,0.08291250283767711,52.94379530465162,90.11933379829252,-0.012438720092177391,0.3799999952316284,-0.1819453059298835,0.09084710597922642,-2.199584975506568,0
50.46,2,1.5367781448949742,0.10668779881786963,53.98570704056134,1.7168491110099475,0.08179460855867887,56.18529201606791,91.65740509206792,-0.022438720092177393,0.38,-0.17239461967747874,0.09719966484714347,-2.399547246007242,0
50.57,2,1.544308884505682,0.10580861975814052,56.47876400001621,1.716062262323073,0.08057301412456573,58.85269659148427,93.92463377763418,-0.021247100085020065,0.38,-0.18283557818705545,0.10353071900782887,-2.599509516507853,0
50.66,2,1.534162196864883,0.10470740491883358,58.745264670486065,1.7151775444494213,0.07904894141918764,61.34477418699392,95.35883899174371,-0.031247100085020067,0.38,-0.18283557818705545,0.10353071900782887,-2.599509516507853,0
50.77,2,1.5331561758472134,0.10298063745510126,60.83654295729266,1.714250875234636,0.07727832335529956,63.43605247380051,97.45667903109427,-0.022090943530201912,0.38,-0.18237378058711948,0.08724250595435279,-2.399547246007204,0
50.86,2,1.532707580895044,0.0953217416327481,62.166342002411604,1.7135802681846815,0.07590846784766102,64.64316270813497,98.77643221845622,-0.019829317927360535,0.38,-0.18237378058711948,0.08724250595435279,-2.399547246007204,0
50.96,2,1.5318332658307816,0.08919710806079509,65.57817413890653,1.712622127966787,0.07372289506450931,67.97772138491376,100.88419436272211,-0.009027360007166862,0.38,-0.1628463368618666,0.11348629578588744,-2.599509516507916,0
51.06,2,1.5488406228198819,0.10617258811266593,67.91221989146307,1.7121516631406304,0.07248153642250317,70.4913317523369,102.34367955249975,-0.019027360007166864,0.3798176348209381,-0.16330388625520428,0.1296892678221451,-2.799471787008528,0
51.17,2,1.5505953183367187,0.10763149153798823,69.54078231486001,1.7119439932655733,0.0718634011466969,72.14029183136793,104.6603104244965,-0.022832095623016357,0.3797977566719055,-0.16330388625520428,0.1296892678221451,-2.799471787008528,0
51.26,2,1.5494271152493697,0.11592062788295787,72.27839899770758,1.7113594752803696,0.06989853595558744,75.07787078471611,106.10183750391172,-0.023790456354618073,0.3798544704914093,-0.16283695362573147,0.13353126189181955,-2.5995095165079634,0
51.36,2,1.5489118604032666,0.11419605695874316,74.47908859915077,1.7109290643584703,0.06815085781949104,77.27856038615928,108.1864017283134,-0.023790456354618073,0.3798544704914093,-0.16283695362573147,0.13353126189181955,-2.5995095165079634,0
51.46,2,1.5489650532861987,0.12225845523207662,76.32445976491965,1.7105517626914677,0.06637660876250864,78.92396928142762,109.52965108229206,-0.007345337886363268,0.3799929916858673,-0.16283695362573114,0.1335312618918222,-2.5995095165080566,0
51.56,2,1.5488184966838423,0.12158747379370084,77.64029948284764,1.7104357888869621,0.06569967080005752,80.23980899935572,111.72532990907196,-0.0062453607097268105,0.38,-0.16283695362573114,0.1335312618918222,-2.5995095165080566,0
51.67,2,1.5486492502130087,0.12072711267576594,80.06752095873023,1.7103057377714352,0.06483251895147853,82.66703047523829,113.31466900586862,-0.003922406584024429,0.35728028416633606,-0.16330240801235327,0.13963049023760898,-2.7994717870087364,0
51.77,2,1.5482341912847402,0.12040095466464636,81.47846783942803,1.7102570890863829,0.06441895204512799,84.21205452408795,114.9328273730522,-0.003922406584024429,0.35728028416633606,-0.16330240801235327,0.13963049023760898,-2.7994717870087364,0
51.86,2,1.548001700471385,0.11995571803913288,84.85205035984852,1.710222743948568,0.06392976189081087,87.65152214685726,117.3572406344289,-0.0005072306375950575,0.33326485753059387,-0.1737486592406008,0.13569468668519274,-2.999434057509407,0
51.96,2,1.539102190420558,0.11142576586358385,87.19739220263415,1.710220218534873,0.06376815089390307,90.16575756212373,119.67534818864341,0.010635621845722198,0.33108600974082947,-0.1737486592406008,0.13569468668519274,-2.999434057509407,0
52.06,2,1.5374766993386033,0.11019414558719898,89.78649617254314,1.710215411900486,0.06407612924379724,92.78593023005254,121.21357684401453,0.017826003953814507,0.33657318353652954,-0.17874745371151632,0.12572114636041573,-2.999434057509475,0
52.16,2,1.5370135672536136,0.1116024081037061,91.95711970262636,1.7101283991825567,0.06543962304545306,95.12820591149988,123.46384292526726,0.01971302554011345,0.37092065811157227,-0.17874745371151632,0.12572114636041573,-2.999434057509475,0
52.26,2,1.5323710037534217,0.1033073163811086,94.15436085831243,1.709947141704579,0.06715301801014154,97.15379491582188,124.86736505625726,0.02971302554011345,0.37837204337120056,-0.16781340676052842,0.12382225865577315,-2.5995095165081485,0
52.37,2,1.5322720152145433,0.10445894527604692,95.654489868836,1.7097880285351288,0.06829788954957011,98.65392392634547,126.95623692907195,0.028739606961607933,0.38,-0.16781340676052842,0.12382225865577315,-2.5995095165081485,0
52.46,2,1.5430382753608443,0.11678785232400221,97.81926140298106,1.7094101855668884,0.07056754615364026,100.41877091948929,128.2358031865213,0.0220932774245739,0.38,-0.16677853147465033,0.11200670379936578,-2.199584975506891,0
52.56,2,1.5436112472625938,0.11969543243917768,100.97157568829081,1.7088344562579538,0.07332879968007341,103.17116066379769,130.21248091687767,0.023188915103673935,0.38,-0.16677853147465033,0.11200670379936578,-2.199584975506891,0
52.66,2,1.5432192153643063,0.12153181079447743,102.97987632132657,1.708372231961314,0.0751487785735456,105.1794612968335,131.59725844181133,0.02859445847570896,0.38,-0.16731292099130513,0.1178944502459977,-2.3995472460075193,0
52.76,2,1.542213273030262,0.12347531950466363,104.69425426869921,1.7077935562467326,0.07715000576594844,107.09380151470671,133.61175311242766,0.02859445847570896,0.38,-0.16677287999139467,0.11204529085872324,-2.1995849755069314,0
52.87,2,1.54162965106917,0.12557096753325947,106.49454615512371,1.7071227059423584,0.0792193813051746,108.89409340113122,134.93643155658714,0.020664792507886887,0.3798814117908478,-0.16677287999139467,0.11204529085872324,-2.1995849755069314,0
52.96,2,1.5415490355418688,0.12750557675704896,108.78577890614315,1.7064698398628402,0.08101526504178,110.98536388165009,136.94843441896774,0.018295634537935257,0.34961697459220886,-0.16677287999139473,0.11204529085872249,-2.1995849755069234,0
53.06,2,1.541186373612915,0.1285326304206622,109.96678339095278,1.7060680262392733,0.0820276427946816,112.16636836645974,138.36352467933517,0.016630129888653755,0.36300167441368103,-0.16677287999139473,0.11204529085872249,-2.1995849755069234,0
53.16,2,1.5403939997089362,0.13056116170217594,112.77121255572628,1.7051983799721504,0.0840242676802991,114.9707975312332,140.49699413322315,0.007026576902717352,0.372623473405838,-0.1667728799913948,0.1120452908587239,-2.199584975506966,0
53.27,2,1.5399155313938806,0.1316290968033682,115.06245114923478,1.7046792762363572,0.08507305203389917,117.2620361247417,141.994373166172,0.007026576902717352,0.372623473405838,-0.1667728799913948,0.1120452908587239,-2.199584975506966,0
53.36,2,1.5396581841426007,0.13213510902751327,117.52959039169849,1.7044026975619249,0.08556881429100907,119.72917536720543,144.41725090909353,0.004050843417644501,0.31035545468330383,-0.1667728799913945,0.10204529085872376,-2.199584975506931,0
53.46,2,1.5394041706236512,0.13260068111894155,119.8806242793305,1.7041310022788907,0.08602429416246667,122.08020925483747,145.90477997482006,0.0240508434176445,0.3730945885181427,-0.1667728799913945,0.10204529085872376,-2.199584975506931,0
53.57,2,1.5390556659556,0.12320259337496939,121.20238612754598,1.7037596526550067,0.0866123871180869,123.40197110305292,147.36177061892977,0.02734106406569481,0.3730945885181427,-0.1667728799913945,0.10204529085872376,-2.199584975506931,0
53.66,2,1.5376768618996326,0.12539769453249863,123.52676653362916,1.7022976152739533,0.08875295162609442,125.72635150913608,149.40040297798777,0.03125295996665955,0.38,-0.16677287999139456,0.11204529085872648,-2.199584975507049,0
53.76,2,1.536487876737602,0.13712998818560407,125.29433420441364,1.70104301974345,0.09043833498633098,127.49391917992068,151.37672854586523,0.043782081454992294,0.34526801109313965,-0.16677287999139456,0.11204529085872648,-2.199584975507049,0
53.86,2,1.5349023625667346,0.13931926090134614,126.79310444117256,1.6993746482515804,0.09256514169476271,128.9926894166796,152.5911541760546,0.053782081454992296,0.27026801109313964,-0.16677287999139426,0.1120452908587248,-2.1995849755070043,0
53.97,2,1.533597410236106,0.14104257149106061,127.72440159895947,1.6980045157728338,0.09423709772424455,129.9239865744665,154.2108796064244,0.05510559305548668,0.26385077834129333,-0.16677287999139426,0.1120452908587248,-2.1995849755070043,0
54.06,2,1.5312559333506308,0.14401510318359176,128.79014372873846,1.695550676637204,0.09711757201935077,130.98972870424546,155.17110666395442,0.06312306970357895,0.3135170042514801,-0.17677287999139454,0.11204529085872655,-2.1995849755070616,0
54.16,2,1.5181913642544,0.14836614247210134,130.26808070136343,1.691807684402988,0.1013280554366613,132.46766567687044,156.48221642584102,0.049163565039634705,0.3549339473247528,-0.17677287999139454,0.11204529085872655,-2.1995849755070616,0
54.27,2,1.515924036304609,0.15039928143459286,131.2838584043226,1.6899776797566433,0.10329240511986379,133.48344337982965,157.40662743298938,0.06916356503963471,0.36517706513404846,-0.17677287999139465,0.1120452908587253,-2.1995849755070145,0
54.37,2,1.5133250801986198,0.1532798203346353,132.60485369512358,1.6872700818485116,0.1060710722038079,134.8044386706306,158.86694993728995,0.07755713164806366,0.35799285769462585,-0.17677287999139465,0.1120452908587253,-2.1995849755070145,0
54.46,2,1.5097523773356285,0.1570870373858597,133.7761065774229,1.6835538882089278,0.10973836170089958,135.97569155292993,159.80605943503,0.07446137070655823,0.3671236038208008,-0.1767728799913943,0.10204529085872541,-2.1995849755070034,0
54.56,2,1.5076965734714287,0.14920656807056734,134.53474729044348,1.6814182502747477,0.11177742777770219,136.73433226595048,161.13354654695007,0.07892737537622452,0.29964932799339294,-0.18677287999139427,0.11204529085872506,-2.199584975506999,0
54.66,2,1.5036970044313964,0.15316157277893724,136.04736968916578,1.677269832800842,0.11557601267360819,138.24695466467278,161.99367383000111,0.07892737537622452,0.29964932799339294,-0.18677287999139427,0.11204529085872506,-2.199584975506999,0
54.76,2,1.4902283774771372,0.1664537584432715,136.99627431323773,1.6736774055849342,0.11873264475458738,139.19585928874474,163.14010581635603,0.07675382494926453,0.20833204984664916,-0.18677287999139427,0.11204529085872506,-2.199584975506999,0
54.86,2,1.4864804021732456,0.16990096335425858,137.8703692776018,1.6697998861176246,0.12203346031404377,140.06995425310882,163.8465001579709,0.0787341445684433,0.23684723436832428,-0.1767728799913942,0.11204529085872547,-2.1995849755070136,0
54.97,2,1.4924977013444487,0.17344980243734237,138.74347620520982,1.6656839132949328,0.12542682626132828,140.94306118071682,164.80553738253096,0.0787341445684433,0.2534730136394501,-0.1767728799913942,0.11204529085872547,-2.1995849755070136,0
55.06,2,1.4884906631121853,0.17691526837652674,139.61043906566317,1.6615468209095685,0.12873594641106986,141.8100240411702,165.45059626269042,0.0662682056427002,0.32793280482292175,-0.17677287999139463,0.10204529085872666,-2.199584975507047,0
55.17,2,1.486113347652833,0.16891190023271094,140.17929823767898,1.6590946251989642,0.13063986441332137,142.378883213186,166.5900082237923,0.0662682056427002,0.32793280482292175,-0.17677287999139463,0.10204529085872666,-2.199584975507047,0
55.26,2,1.4827083076164354,0.17168573283841662,141.477628640499,1.6555856327360325,0.13328096586329127,143.67721361600604,167.464257630802,0.06927535682916641,0.310612291097641,-0.17677287999139463,0.10204529085872666,-2.199584975507047,0
55.37,2,1.4782247722477706,0.17515579650565855,142.9787906700322,1.6509722178365744,0.13657639212134023,145.17837564553926,168.79673172773064,0.07704469561576843,0.23672029376029968,-0.17677287999139418,0.11204529085872578,-2.1995849755070225,0
55.46,2,1.4744392143414515,0.1879682986451705,143.92457382075048,1.6470815037126163,0.1392415301201111,146.1241587962575,169.60380108756425,0.07946676760911942,0.21136191487312317,-0.17677287999139418,0.11204529085872578,-2.1995849755070225,0
55.56,2,1.4700031217626506,0.1911531198072544,144.84221626961738,1.6425264444170986,0.14225374492262266,147.04180124512442,170.6056391574266,0.08069992810487747,0.11459587514400482,-0.17677287999139418,0.11204529085872578,-2.1995849755070225,0
55.66,2,1.4668980021936768,0.1933236201417804,145.35638002650808,1.6393403076755244,0.14430346975873867,147.55596500201509,171.1372740761554,0.08055776357650757,0.1553705334663391,-0.17677287999139485,0.11204529085872571,-2.1995849755070185,0
55.77,2,1.4597640127567588,0.19819672173109204,146.02048336675065,1.6320245421806685,0.1488991742324916,148.22006834225766,171.84391267417624,0.08029841631650925,0.14192447066307068,-0.17677287999139485,0.11204529085872571,-2.1995849755070185,0
55.86,2,1.4545515615661277,0.2016627122510749,146.74977148808566,1.6266829048581855,0.15216255413902724,148.94935646359266,172.31585092731885,0.08008012920618057,0.1393297016620636,-0.17677287999139485,0.11204529085872571,-2.1995849755070185,0
55.96,2,1.4493554631346295,0.20502733987761934,147.34002396530263,1.6213614986117482,0.15532527346509808,149.53960894080964,173.04031496930244,0.07999009639024734,0.090345099568367,-0.17677287999139485,0.11204529085872571,-2.1995849755070185,0
56.06,2,1.4436705254764697,0.20864190089981682,147.84880526425783,1.6155420207316977,0.1587189801059198,150.04839023976484,173.44990790131797,0.07997105270624161,0.03724109008908272,-0.17615311157742575,0.10681745675131918,-1.99962270500643,0
56.16,2,1.437581173029574,0.21301656844891056,148.27480223476306,1.6090460154581132,0.1624423367838308,150.2744249397695,173.83902373167743,0.0799800381064415,0.09703637659549713,-0.17615311157742575,0.10681745675131918,-1.99962270500643,0
56.26,2,1.431326483720331,0.21685329558117453,148.71083229914655,1.6026612603030308,0.16605848322061337,150.71045500415298,174.07805394963898,0.07599890232086182,0.10117079317569733,-0.17615311157742575,0.10681745675131918,-1.99962270500643,0
56.37,2,1.4276773147668067,0.21905684752585236,148.95515838789143,1.5989374251338953,0.16813336318277225,150.95478109289786,174.61500232952002,0.07769928127527237,0.11364345252513885,-0.17615311157742575,0.10681745675131918,-1.99962270500643,0
56.47,2,1.421970426189786,0.22245905352543133,149.52320642789292,1.5931152988407515,0.17133436745030878,151.52282913289935,175.00455510714767,0.07908757776021957,0.1483542025089264,-0.17615311157742575,0.10681745675131918,-1.99962270500643,0
56.57,2,1.4149431374352324,0.22652191810827066,150.41431887843405,1.5859505241145342,0.1751495553855122,152.41394158344048,175.70970408845992,0.0799776241183281,0.14923083782196045,-0.17615311157742575,0.10681745675131918,-1.99962270500643,0
56.66,2,1.4094543772380805,0.22960228486933892,151.03566979558406,1.5803576232828782,0.1780365275315147,153.03529250059051,176.22021918099094,0.08016527444124222,0.1707657426595688,-0.17615311157742575,0.10681745675131918,-1.99962270500643,0
56.76,2,1.404236227526484,0.2324400792203025,151.9228528720631,1.5750436322090162,0.18069051736908198,153.9224755770695,176.988902347342,0.07934172451496124,0.08848169445991516,-0.176829744848149,0.10188767920781665,-2.1995849755070336,0
56.86,2,1.3985618208243942,0.23543179196341613,152.34232166000928,1.5692682913177693,0.18348241173454835,154.34194436501568,177.44170293944484,0.07989053428173065,-0.013715732842683792,-0.176829744848149,0.10188767920781665,-2.1995849755070336,0
56.97,2,1.391798419248883,0.22843901202336264,152.3816309824629,1.5626152777576883,0.18666293353014457,154.58121595796993,177.70926883646231,0.0798974558711052,-0.033191852271556854,-0.176829744848149,0.10188767920781665,-2.1995849755070336,0
57.06,2,1.3848020211243708,0.23211647115708978,152.2514282516425,1.5554828916372103,0.19006915733743074,154.45101322714953,177.64824798443234,0.08001313358545303,-0.02512267418205738,-0.176829744848149,0.10188767920781665,-2.1995849755070336,0
57.16,2,1.3777002114592252,0.23586857188263416,152.07911251151216,1.5482423068570017,0.19354592198508785,154.2786974870192,177.53373266451806,0.08001506328582764,0.014122828841209412,-0.176829744848149,0.10188767920781665,-2.1995849755070336,0
57.26,2,1.3730428898763762,0.2383275074286576,152.2141226460313,1.5434940414645337,0.1958242951126199,154.41370762153835,177.55235201594232,0.06064033508300781,0.12822192907333374,-0.176829744848149,0.10188767920781665,-2.1995849755070336,0
57.36,2,1.3640135373217066,0.24306229784101124,152.65764042556145,1.5342896178279244,0.20020904519937044,154.8572254010685,177.87562499989428,0.0761752501130104,0.03223752602934837,-0.176829744848149,0.10188767920781665,-2.1995849755070336,0
57.47,2,1.3579544337107352,0.2461654657985825,152.9218882774684,1.5281158772403791,0.2030773748699417,155.12147325297542,178.18255989967764,0.06885550916194916,0.1211477518081665,-0.176829744848149,0.10188767920781665,-2.1995849755070336,0
57.57,2,1.3533045105951564,0.24853107549654452,153.25285246676287,1.5233785867632763,0.20526277486981273,155.4524374422699,178.57744043711153,0.0786120668053627,0.15269653499126434,-0.176829744848149,0.10188767920781665,-2.1995849755070336,0
57.66,2,1.3459203941312887,0.2521946011424761,153.9564820362028,1.5158593027516833,0.20864019460436872,156.15606701170984,179.01880732758468,0.07927949726581573,0.19145476818084717,-0.176829744848149,0.10188767920781665,-2.1995849755070336,0
57.76,2,1.3421699260139381,0.25400601594183253,154.50040274004317,1.5120420748659609,0.21030632963582674,156.6999877155502,179.78839206658137,0.08063661307096481,0.16899020969867706,-0.1868297448481493,0.10188767920781615,-2.1995849755070025,0
57.86,2,1.3254934316317426,0.2571057763152485,155.6936433021863,1.505251529189165,0.21314755842271266,157.8932282776933,-179.6382644969173,0.08041351288557053,0.08312739431858063,-0.1868297448481493,0.10188767920781615,-2.1995849755070025,0
57.97,2,1.321518104546434,0.2588881015088663,156.03694630099608,1.501210724488495,0.2147759950662569,158.23653127650311,-178.9276789315107,0.07983382791280746,0.05437234789133072,-0.1775815963436293,0.10668253595943594,-2.399547246007677,0
58.07,2,1.3131172769096033,0.2625770298745626,156.67718748397522,1.4926745034514899,0.2181397768484725,158.87677245948223,-178.62775166190013,0.07817604392766953,-0.019585218280553818,-0.1775815963436293,0.10668253595943594,-2.399547246007677,0
58.16,2,1.315908550029988,0.26519339304161527,156.419777085805,1.485544101622364,0.22090095351315242,158.81932433181268,-178.476913770857,0.07811319082975388,0.11541478171944618,-0.1775815963436293,0.10668253595943594,-2.399547246007677,0
58.26,2,1.3090194959328592,0.2681793891851165,156.68763249641063,1.4785360711509887,0.22359590216469497,159.0871797424183,-178.35808218969945,0.07939977198839188,0.11618545651435852,-0.1775815963436293,0.10668253595943594,-2.399547246007677,0
58.37,2,1.3051462213484402,0.2698277637376486,157.20386352344426,1.4745971790570285,0.2250806660327488,159.60341076945195,-177.80321122269177,0.07982055097818375,0.23618545651435852,-0.1775815963436293,0.10668253595943594,-2.399547246007677,0
58.46,2,1.2976124403762248,0.27290535313050124,158.43261468723205,1.4669411522281999,0.22784013435193037,160.83216193323972,-177.3057275661036,0.0793561115860939,0.13849800825119019,-0.1775815963436293,0.10668253595943594,-2.399547246007677,0
58.56,2,1.292519891068136,0.2754021375942259,159.399776650847,1.4615800905136378,0.2296611569194238,161.59936162635398,-176.42522061531173,0.07992430776357651,0.2584980082511902,-0.17679782543231617,0.1020064745535414,-2.1995849755069816,0
58.66,2,1.2869933893993382,0.2774371335816518,160.29601545514478,1.4559795564942124,0.23148254322148093,162.49560043065176,-175.88544449609896,0.08014176785945892,0.10849800825119017,-0.17679782543231617,0.1020064745535414,-2.1995849755069816,0
58.77,2,1.2815092096063534,0.27935072091402313,161.2786986899444,1.4504259729010975,0.23318423466080915,163.47828366545139,-175.03507207447464,0.08007733523845673,0.22849800825119015,-0.1775815895104012,0.10663752682625302,-2.3995472460075744,0
58.86,2,1.2758185695452773,0.28074352782265755,161.84085970226553,1.4448363330490628,0.23480394508476543,164.24040694827312,-174.49748136891975,0.07961045205593109,0.1840815544128418,-0.17680039148027085,0.10204896492587812,-2.1995849755069714,0
58.97,2,1.270777620345929,0.28286424182564657,163.0473085772101,1.4395716347588507,0.23624092168962582,165.24689355271704,-173.56563925635538,0.08105429261922836,0.08555777370929718,-0.17680039148027085,0.10204896492587812,-2.1995849755069714,0
59.06,2,1.26486441402021,0.28463006463572227,163.8139677708427,1.4335950120288552,0.23777849119712893,166.0135527463497,-173.05651633909508,0.08018767833709717,0.09295767545700073,-0.17680039148027085,0.10204896492587812,-2.1995849755069714,0
59.17,2,1.2606698765067683,0.285829002278697,164.31293993799108,1.4293575491627515,0.23881555671184138,166.51252491349803,-172.4410211355145,0.08017569780349731,0.035919349640607834,-0.17680039148027085,0.10204896492587812,-2.1995849755069714,0
59.26,2,1.2514426892505064,0.2883822471098577,164.87721889268752,1.4200391655550666,0.24101277558350734,167.07680386819447,-172.1422138244668,0.08003101497888565,0.04083915427327156,-0.1868003914802711,0.10204896492587769,-2.1995849755069528,0
59.36,2,1.2341187842124353,0.29035306941992445,165.01027008867638,1.4126450155255221,0.24270105012430962,167.20985506418333,-171.8224241816843,0.08007138967514038,0.0806654542684555,-0.1868003914802711,0.10204896492587769,-2.1995849755069528,0
59.47,2,1.2271621589560324,0.2921666988485366,165.70895320867754,1.4056239078163921,0.24424634401193882,167.9085381841845,-171.5748027932224,0.08105044811964035,0.04879125580191612,-0.1868003914802711,0.10204896492587769,-2.1995849755069528,0
59.57,2,1.2226278824454655,0.2933162756347266,165.81549680097015,1.4010488507726055,0.2452210456625594,168.0150817764771,-171.2831667592551,0.07635889947414398,0.16879125580191612,-0.1868003914802711,0.10204896492587769,-2.1995849755069528,0
59.66,2,1.2154689349462326,0.29508524082365856,166.58460029173324,1.393827284131814,0.24671394297618623,168.7841852672402,-170.85166213911572,0.07928527891635895,0.2697066366672516,-0.1868003914802711,0.10204896492587769,-2.1995849755069528,0
59.77,2,1.2099661452509125,0.29635085339222456,167.43417127075608,1.388279973989595,0.2477674228244368,169.63375624626303,-169.9766072310205,0.06917659193277359,0.2129378467798233,-0.1868003914802711,0.10204896492587769,-2.1995849755069528,0
59.87,2,1.2047998240460251,0.2974537615887924,168.50947815718507,1.3830751291126397,0.24867123203492034,170.70906313269202,-169.31966628901645,0.0774226188659668,0.16561126708984375,-0.17680039148027113,0.10204896492587757,-2.199584975506946,0
59.97,2,1.1995820358008766,0.29846563662233816,169.66918854223778,1.37782234902139,0.2494820998217348,171.86877351774473,-168.35599327202917,0.07338929176330566,0.10073298960924149,-0.17680039148027113,0.10204896492587757,-2.199584975506946,0
60.06,2,1.2016658786080832,0.2998081752931013,170.99476059619428,1.3698604970965502,0.2505198226703028,173.1943455717012,-167.83001536963485,0.0791105255484581,0.131257563829422,-0.17680039148027044,0.10204896492587759,-2.1995849755069505,0
60.17,2,1.1955456983640895,0.3007535153629882,171.59294526329143,1.3637085435437781,0.25122957019671444,173.7925302387984,-167.10160253907142,0.07956746965646744,0.10116615146398544,-0.17680039148027044,0.10204896492587759,-2.1995849755069505,0
60.26,2,1.1891567891518473,0.30165436143234325,172.50370296935554,1.3572897667288952,0.25188454253480685,174.70328794486252,-166.66671014562993,0.08000463992357254,0.1467706859111786,-0.17680039148027044,0.10204896492587759,-2.1995849755069505,0
60.37,2,1.1851644200145917,0.30216134393917393,172.98166948309745,1.3532808809133456,0.2522379220874533,175.1812544586044,-165.94072894264934,0.08016649633646011,0.12961599230766296,-0.17680039148027044,0.10204896492587759,-2.1995849755069505,0
60.46,2,1.1772575515433796,0.30307919266414035,173.82275180275016,1.345344610708673,0.2528516244105716,176.0223367782571,-165.452834481151,0.0800897628068924,0.15641963481903076,-0.18755528486446668,0.10627027142383032,-2.399547246007604,0
60.57,2,1.1729550921417786,0.3035157759298437,174.6522168806628,1.3410285650680709,0.253122755151272,176.85180185616977,-164.72058315038618,0.08004555851221085,0.20885156095027924,-0.18755528486446668,0.10627027142383032,-2.399547246007604,0
60.66,2,1.155901328620386,0.30365230813451843,175.76359019555727,1.333796506003733,0.2534362451100662,178.15878535397442,-164.10348986491508,0.08000628650188446,0.21031667292118073,-0.17681209577734103,0.10209169126069485,-2.199584975506908,0
60.76,2,1.1603938990986649,0.3044956012718548,176.70511107229777,1.3284523564601394,0.2535775071563668,178.90469604780466,-163.13014971052922,0.0799955353140831,0.21441183984279633,-0.17681209577734103,0.10209169126069485,-2.199584975506908,0
60.87,2,1.1549143634763652,0.30476842042987956,177.6454699703413,1.322966387235075,0.25363981759437065,179.8450549458482,-162.51898227728873,0.07999422401189804,0.17463570833206177,-0.176812095777341,0.10209169126069521,-2.199584975506918,0
60.97,2,1.151032705211592,0.3048950644163312,178.67313658836852,1.3190827283291633,0.2536173880086602,-179.1272784361246,-161.59529412793106,0.07999681681394577,0.09717707335948944,-0.176812095777341,0.10209169126069521,-2.199584975506918,0
61.06,2,1.1431574549261148,0.30500995132518666,179.4513734487008,1.3112088711466692,0.2534299336664101,-178.3490415757923,-161.09539338686534,0.07730653136968613,0.19502462446689606,-0.1768120957773409,0.10209169126069606,-2.199584975506958,0
61.16,2,1.1386509557634135,0.30503342845787235,-179.93839710995678,1.306704791331815,0.2532804314904709,-177.7388121344499,-160.43854825231958,0.07939828932285309,0.12175693362951279,-0.1768120957773409,0.10209169126069606,-2.199584975506958,0
61.26,2,1.1306568139850184,0.3049393374563334,-178.769500154734,1.2987201509478181,0.25287959009054073,-176.56991517922705,-159.95113017425382,0.07981505990028381,0.07628537714481354,-0.1768120957773409,0.10209169126069606,-2.199584975506958,0
61.36,2,1.1263330569655334,0.30484548973013254,-178.66448990519007,1.2944031816258172,0.25261986324910385,-176.4649049296831,-159.350554671637,0.08010522276163101,0.1400875449180603,-0.1768120957773409,0.10209169126069606,-2.199584975506958,0
61.46,2,1.1194536339190633,0.30464625334053863,-177.9805409697312,1.2875364741828144,0.2521567374741275,-175.78095599422426,-158.9824048552768,0.08010842651128769,0.10811176896095276,-0.1768120957773409,0.10209169126069606,-2.199584975506958,0
61.56,2,1.110915748379932,0.3042794465712588,-177.26023877397932,1.2790189576583568,0.25146251204899694,-175.06065379847237,-158.318007034183,0.07910523563623428,0.0674155056476593,-0.18612016688616564,0.1081080819781928,-1.9996227050062454,0
61.66,2,1.1040465609623364,0.30390519930298304,-176.47197494367714,1.2721691953199945,0.2508248971936053,-174.2723899681702,-157.97332849467162,0.07980674505233765,0.07590990513563156,-0.18612016688616564,0.1081080819781928,-1.9996227050062454,0
61.77,2,1.0870595994246635,0.3139142826924761,-175.94792994646642,1.2652232937584802,0.25010583065312203,-173.94830724146018,-157.47760832605363,0.07985670864582062,0.05798306688666344,-0.18612016688616564,0.1081080819781928,-1.9996227050062454,0
61.86,2,1.0799007883456593,0.31338353480469905,-175.4995080452075,1.2580873613300083,0.24932561416935511,-173.49988534020127,-157.1899727373879,0.08001499623060226,0.14006203413009644,-0.18612016688616564,0.1081080819781928,-1.9996227050062454,0
61.97,2,1.0754344172024166,0.31302666766510695,-175.3815262531975,1.253636162088057,0.24881311962990993,-173.38190354819127,-156.68726064182394,0.08002284914255142,0.14514023065567017,-0.18612016688616564,0.1081080819781928,-1.9996227050062454,0
62.06,2,1.068972950192782,0.3124704516388963,-174.83901701655472,1.247198037743641,0.24803178288416663,-172.8393943115485,-156.25694392514978,0.08002170920372009,0.1853715479373932,-0.18612016688616564,0.1081080819781928,-1.9996227050062454,0
62.17,2,1.0629790593679511,0.31189136422391595,-174.03418573846727,1.241228002906136,0.2472439037734172,-172.03456303346104,-155.47238522368923,0.08000903576612473,0.13882790505886078,-0.18612016688616564,0.1081080819781928,-1.9996227050062454,0
62.26,2,1.0552759928252564,0.3110409130281508,-173.40339360376638,1.2335593018151971,0.24612518800281452,-171.40377089876014,-154.9216964850993,0.08000212162733078,0.08919048309326172,-0.18676760114127508,0.1019359630249327,-2.1995849755068893,0
62.36,2,1.0510744339708962,0.310548004128234,-173.09096539289655,1.2293775005001597,0.24548597461761312,-171.09134268789032,-154.29036757654669,0.07999923080205917,0.1064343973994255,-0.18676760114127508,0.1019359630249327,-2.1995849755068893,0
62.46,2,1.0423918040656417,0.29895983669572274,-172.50784368031051,1.220691864984281,0.24405454506331745,-170.30825870480365,-153.87962938502133,0.08047998696565628,0.044035445898771286,-0.18676760114127508,0.1019359630249327,-2.1995849755068893,0
62.57,2,1.0378040074247523,0.298352698447866,-172.38828175133938,1.2161307509699841,0.24327177190412583,-170.1886967758325,-153.5338968038043,0.08010683208703995,0.04480712115764618,-0.18676760114127508,0.1019359630249327,-2.1995849755068893,0
62.66,2,1.0278514568506403,0.2969967182116027,-172.11659493402485,1.206237576785962,0.24153480618886505,-169.91700995851795,-153.20203201459793,0.08007191866636276,0.02736951783299446,-0.18676760114127508,0.1019359630249327,-2.1995849755068893,0
62.77,2,1.0202393961432976,0.29590911315133916,-171.75776755291997,1.1986728675903162,0.24015584724651393,-169.55818257741308,-152.90312565735917,0.0799899473786354,0.030268941074609756,-0.18676760114127508,0.1019359630249327,-2.1995849755068893,0
62.86,2,1.0124965270494786,0.29477467796224455,-171.42133803619421,1.1909792437556184,0.23872507217948155,-169.22175306068735,-152.72294606703966,0.07998654991388321,0.04120050370693207,-0.18676760114127508,0.1019359630249327,-2.1995849755068893,0
62.96,2,1.004985878502002,0.29363144688447146,-171.28354633205313,1.1835180069571036,0.23729442046176938,-169.08396135654624,-152.43944103853462,0.07998819649219513,0.032280657440423965,-0.18676760114127508,0.1019359630249327,-2.1995849755068893,0
63.06,2,0.9974143492380445,0.2924544535483671,-171.04920778111955,1.1759972301141073,0.2358276947252911,-168.84962280561265,-152.2525655176719,0.07768218219280243,0.004125330597162247,-0.18676760114127508,0.1019359630249327,-2.1995849755068893,0
63.16,2,0.9897052624795346,0.29124735815617053,-171.0863645622604,1.1683401524637815,0.23432560957691265,-168.88677958675353,-152.097206149036,0.07948208600282669,0.013614293187856674,-0.18676760114127508,0.1019359630249327,-2.1995849755068893,0
63.27,2,0.9819099257279764,0.29002427129759856,-171.10385123522053,1.1605975021314903,0.2328042344207883,-168.90426625971364,-152.01010793606565,0.0760132446885109,0.12760211527347565,-0.1873434960303243,0.10554401588028599,-2.3995472460075575,0
63.37,2,0.9750195173109745,0.28845648786311967,-170.85549784302074,1.1536856728614309,0.23141762124998794,-168.45595059701319,-151.65854625600377,0.07933732867240906,0.12953263521194458,-0.1873434960303243,0.10554401588028599,-2.3995472460075575,0
63.46,2,0.9688150343324521,0.2874400842276591,-170.4599208660674,1.1475291847577997,0.2301423410412504,-168.06037362005986,-151.2157160485961,0.06782796233892441,0.1667332500219345,-0.1873434960303243,0.10554401588028599,-2.3995472460075575,0
63.56,2,0.9648572244321395,0.28676404120457,-170.08619026578563,1.1436031496257784,0.2293011861695328,-167.68664301977807,-150.51691779140964,0.07836559414863586,0.079611736536026,-0.1873434960303243,0.10554401588028599,-2.3995472460075575,0
63.66,2,0.959108838019551,0.2857089140013584,-169.2004778528392,1.1379039794337982,0.2280063120883058,-166.80093060683166,-150.00490091091098,0.07836559414863586,0.06942431628704071,-0.1873434960303243,0.10554401588028599,-2.3995472460075575,0
63.76,2,0.9503046464508104,0.28401149337767073,-168.92896983823198,1.1291785749207777,0.22594176806190036,-166.52942259222442,-149.48957918434286,0.08033578842878342,0.078061044216156,-0.1873434960303243,0.10554401588028599,-2.3995472460075575,0
63.86,2,0.9434925874006751,0.28265118480318757,-168.5137285529124,1.1224294420209184,0.22429744661510861,-166.11418130690484,-149.1958119044662,0.08035966753959656,0.18481935560703278,-0.1873434960303243,0.10554401588028599,-2.3995472460075575,0
63.96,2,0.9370133046486963,0.2813154189464478,-168.01207175239827,1.1160117660793873,0.2226915789637703,-165.6125245063907,-148.6565098154424,0.08029188960790634,0.14662186801433563,-0.1873434960303243,0.10554401588028599,-2.3995472460075575,0
64.06,2,0.9310448772695509,0.2800183045592323,-167.44258096304617,1.1101028793223644,0.22114571726027438,-165.0430337170386,-148.18657891456633,0.08011018484830856,0.18591096997261047,-0.1873434960303243,0.10554401588028599,-2.3995472460075575,0
64.16,2,0.9254233444400465,0.27874000600615323,-166.97257204880543,1.1045397951675011,0.21963317858972511,-164.57302480279787,-147.39521964839386,0.08001909404993057,0.30591096997261047,-0.18631362023677012,0.09873822539806418,-1.9996227050062447,0
64.26,2,0.9195506004961056,0.27831924080230763,-166.12901850027907,1.0989247070217913,0.2180584877683501,-164.12939579527284,-146.8774384855843,0.07998525351285934,0.340209424495697,-0.18631362023677012,0.09873822539806418,-1.9996227050062447,0
64.36,2,0.9152641161451056,0.27723036741917906,-165.33092196835028,1.0946788268633738,0.21682070951025653,-163.33129926334405,-145.79146494814717,0.07998395711183548,0.3591333031654358,-0.18631362023677012,0.09873822539806418,-1.9996227050062447,0
64.46,2,0.9111997291111664,0.27613203426287153,-164.29380053370187,1.0906552388564363,0.21558122686240386,-162.2941778286956,-144.92079879556067,0.0798928514122963,0.35734954476356506,-0.18631362023677012,0.09873822539806418,-1.9996227050062447,0
64.57,2,0.9071226382864352,0.27494889330390715,-163.15994137008923,1.0866219139861004,0.2142565447827272,-161.16031866508297,-143.60741591034872,0.08171436935663223,0.28234954476356505,-0.18631362023677014,0.09873822539806418,-1.9996227050062438,0
64.66,2,0.9030096498362192,0.27365489938779547,-161.92377633546502,1.0825565813327802,0.21281982467623747,-159.92415363045876,-142.73211308562665,0.08171436935663223,0.13234954476356503,-0.18631362023677014,0.09873822539806418,-1.9996227050062438,0
64.76,2,0.8977524199920563,0.2719005028799572,-161.27454935104504,1.0773637688523243,0.2108830564185743,-159.2749266460388,-141.6922239299181,0.08419381082057953,0.054155997931957245,-0.1863136202367699,0.09873822539806433,-1.9996227050062416,0
64.86,2,0.8911133781535643,0.2696259724079667,-160.81313745326656,1.07080813481309,0.20837825547939848,-158.81351474826033,-141.35320982614527,0.085,0.024919820949435234,-0.1863136202367699,0.09873822539806433,-1.9996227050062416,0
64.96,2,0.883523539707463,0.2669761050148247,-160.73368077404555,1.0633153797469024,0.20546517011208104,-158.73405806903932,-141.10838818796,0.08047561347484589,0.05860656872391701,-0.1863136202367699,0.09873822539806433,-1.9996227050062416,0
65.07,2,0.8762903742530637,0.2644236124710317,-160.45485049922527,1.0561756827864217,0.20266184565898368,-158.45522779421904,-140.92372873630322,0.08047561347484589,0.05860656872391701,-0.1863136202367699,0.09873822539806433,-1.9996227050062416,0
65.16,2,0.8716942664250624,0.26278928481674196,-160.3423619955198,1.0516394001839968,0.20086814161451824,-158.34273929051355,-140.57997716921992,0.07977650314569473,0.005634431727230549,-0.1863136202367699,0.09873822539806433,-1.9996227050062416,0
65.26,2,0.8622485239366382,0.2593694571796834,-160.0618403195767,1.0423187373734737,0.19712080696208328,-158.06221761457047,-140.35326970091958,0.07977650314569473,0.005634431727230549,-0.1863136202367699,0.09873822539806433,-1.9996227050062416,0
65.36,2,0.8546724917824065,0.25660342968764516,-160.01517090143227,1.034843833356444,0.19409211397254844,-158.01554819642604,-140.26118719114908,0.07297200709581375,0.005634431727230549,-0.1863136202367699,0.09873822539806433,-1.9996227050062416,0
65.47,2,0.852029028238227,0.2556443581965673,-160.09775234671528,1.0322354443320454,0.1930413883509894,-158.09812964170905,-140.29664930425727,0.07297200709581375,0.06563443172723055,-0.1863136202367699,0.09873822539806433,-1.9996227050062416,0
65.57,2,0.8431354556558248,0.2524018224358948,-159.85923067755704,1.0234604289569487,0.18949050443222828,-157.8596079725508,-140.0781425855519,0.07896300405263901,0.05252368748188019,-0.1863136202367699,0.09873822539806433,-1.9996227050062416,0
65.66,2,0.8337719737471927,0.2489253630447415,-159.47939932648683,1.0142239526812182,0.1856894428226934,-157.4797766214806,-139.8989530608925,0.08015420287847519,-0.02247631251811981,-0.1863136202367699,0.09873822539806433,-1.9996227050062416,0
65.77,2,0.8266004618252303,0.24623029257070672,-159.3783295223666,1.0071508466693722,0.18274577853272195,-157.37870681736038,-139.699237351425,0.0801999494433403,-0.04365411773324013,-0.18696960526133832,0.10486920930184988,-2.3995472460075518,0
65.86,2,0.8199039109584134,0.24271609150191326,-160.0547905618792,1.0002193102342545,0.17988155000309772,-157.65524331587164,-139.84870752174103,0.08017289638519287,-0.03410819545388222,-0.18696960526133832,0.10486920930184988,-2.3995472460075518,0
65.96,2,0.8126135564744928,0.24010124118970844,-160.37823499020604,0.9930448261393567,0.17696376169197667,-157.97868774419848,-140.072265243052,0.08006884902715683,-0.06027388200163841,-0.18696960526133832,0.10486920930184988,-2.3995472460075518,0
66.06,2,0.8053563234531802,0.23753166913720136,-160.8511773404018,0.9859015387656281,0.17409259866020937,-158.45163009439423,-140.23445118978975,0.08001406490802765,-0.03645393252372742,-0.18696960526133832,0.10486920930184988,-2.3995472460075518,0
66.16,2,0.7981789578475204,0.23504804984214872,-161.04742712889444,0.9788344501273842,0.17131065688884364,-158.64787988288688,-140.525063892117,0.07999251037836075,-0.03303476795554161,-0.18696960526133832,0.10486920930184988,-2.3995472460075518,0
66.26,2,0.7907426287185029,0.23252085149433138,-161.30434826186084,0.9715104495923685,0.16847433205424237,-158.9048010158533,-140.67231268476615,0.07999077439308167,-0.007356023415923119,-0.18696960526133832,0.10486920930184988,-2.3995472460075518,0
66.36,2,0.7858672722580959,0.23087942448173493,-161.49771494188496,0.9667080909047278,0.1666302240614846,-159.0981676958774,-140.82268125937887,0.07999464124441147,-0.02037927880883217,-0.18696960526133832,0.10486920930184988,-2.3995472460075518,0
66.46,2,0.7786881186048481,0.22846935826871556,-161.45956519884433,0.9596361362840421,0.16392169601639422,-159.06001795283677,-140.86283015755956,0.07999815791845322,-0.04629267007112503,-0.18696960526133832,0.10486920930184988,-2.3995472460075518,0
66.56,2,0.7681825173751748,0.22496710607079098,-161.65067138589106,0.9492863782251683,0.1599826687535337,-159.2511241398835,-141.0053209707564,0.07999991625547409,-0.10629267007112503,-0.18696960526133832,0.10486920930184988,-2.3995472460075518,0
66.66,2,0.7615326122629922,0.22278454054767172,-162.1717202793723,0.9427336831358023,0.1575236003670223,-159.77217303336474,-141.2001494507459,0.08000040799379349,-0.19020595908164978,-0.18696960526133832,0.10486920930184988,-2.3995472460075518,0
66.77,2,0.7573190599732135,0.2214457084723193,-162.5042853223599,0.9385798793512736,0.15600953024172148,-160.10473807635233,-141.80987555626064,0.08000033348798752,-0.26623088121414185,-0.18696960526133832,0.10486920930184988,-2.3995472460075518,0
66.87,2,0.750565501466166,0.21940056493254406,-163.9214713273307,0.9319178682039584,0.1536834236062802,-161.52192408132314,-142.4101953105482,0.08000033348798752,-0.26623088121414185,-0.19671705070716936,0.0920869171155485,-2.199584975506912,0
66.97,2,0.7458853626476893,0.2181072349620897,-165.23730226883163,0.9272959819408664,0.15219528075570107,-162.83775502282407,-143.45457606305854,0.08000003546476364,-0.11623088121414184,-0.19671705070716936,0.0920869171155485,-2.199584975506912,0
67.06,2,0.7302471624673919,0.20703615830311423,-165.96386053080698,0.922013312173539,0.1506073408329544,-163.76123135362485,-144.06257829158946,0.07999999076128006,0.0035435602068901034,-0.20698150197223308,0.08483022280801417,-2.399547246007547,0
67.16,2,0.713494406445892,0.19497758876423926,-166.2938889298603,0.9150571758869046,0.14858904758813782,-163.89434168385273,-144.50307284175727,0.07999997586011887,0.019709009677171707,-0.20698150197223308,0.08483022280801417,-2.399547246007547,0
67.27,2,0.7059116101553663,0.19312384645907113,-166.09850474971196,0.9075586405234753,0.1464194560318808,-163.6989575037044,-144.45242174318943,0.07999999076128006,0.036095812916755676,-0.20698150197223308,0.08483022280801417,-2.399547246007547,0
67.36,2,0.6982017840678643,0.19122140286227626,-166.05427878101884,0.8999352257616755,0.14419588743431402,-163.65473153501128,-144.3196165903069,0.07999999076128006,0.035922400653362274,-0.20698150197223308,0.08483022280801417,-2.399547246007547,0
67.46,2,0.6906260787357843,0.18932268394771629,-165.8407270096227,0.8924456582088882,0.14198165558844822,-163.44117976361514,-144.19311805805032,0.07999999076128006,0.036222439259290695,-0.20698150197223308,0.08483022280801417,-2.399547246007547,0
67.56,2,0.6831645789850544,0.1874266144383261,-165.59339106597298,0.8850700851728837,0.13977485235636236,-163.19384381996542,-143.97477333013998,0.07999999076128006,-0.019109167158603668,-0.20698150197223308,0.08483022280801417,-2.399547246007547,0
67.67,2,0.6779187122897129,0.1860773396895175,-165.5683429002495,0.8798853093676847,0.1382071280238058,-163.16879565424196,-143.9044749142575,0.07999999076128006,-0.043682657182216644,-0.20698150197223308,0.08483022280801417,-2.399547246007547,0
67.76,2,0.6679442723637846,0.1835184201758208,-165.7108058453792,0.8700267516444806,0.13523284482750725,-163.31125859937166,-144.06508382841983,0.07999999076128006,-0.0158598180860281,-0.20698150197223308,0.08483022280801417,-2.399547246007547,0
67.87,2,0.6702839311784123,0.1920695553018679,-165.76998050342152,0.8625724047420518,0.13301000226241336,-163.57039552791463,-144.2208775265525,0.07999999076128006,-0.02077660709619522,-0.1967579252467951,0.09226357686839416,-2.199584975506892,0
67.96,2,0.6651870170216482,0.19077256300318382,-165.7087136266416,0.8575290253247881,0.13151834311978383,-163.50912865113472,-144.35556261413257,0.07999999076128006,0.054223392903804776,-0.1967579252467951,0.09226357686839416,-2.199584975506892,0
68.06,2,0.654843884917802,0.1881661496055432,-165.73188090336708,0.8472935497322545,0.12851687482715415,-163.53229592786022,-144.37719839933294,0.07999999076128006,0.002125735580921176,-0.1967579252467951,0.09226357686839416,-2.199584975506892,0
68.17,2,0.6476104339347862,0.1863106707736351,-165.55081153926443,0.8401366427329094,0.12638513914417754,-163.3512265637575,-144.14936876985698,0.07999999076128006,-0.011729680001735687,-0.1967579252467951,0.09226357686839416,-2.199584975506892,0
68.26,2,0.6398679497496165,0.18432298852227805,-165.72807117316623,0.8324761516326107,0.12410176046506896,-163.52848619765933,-144.1914176321993,0.07999999076128006,-0.059920668601989746,-0.1967579252467951,0.09226357686839416,-2.199584975506892,0
68.36,2,0.6323215050106424,0.18240267294627716,-165.89838431137585,0.8250089699640969,0.12189322293103642,-163.69879933586898,-144.3458715041352,0.07999999076128006,0.015079331398010251,-0.1967579252467951,0.09226357686839416,-2.199584975506892,0
68.47,2,0.6249623177656103,0.18057389495689907,-166.003463710856,0.817725394552332,0.11978334258774412,-163.80387873534914,-144.48851105816104,0.07999999076128006,-0.016127780079841614,-0.1967579252467951,0.09226357686839416,-2.199584975506892,0
68.56,2,0.6173828862588205,0.17868486963959185,-165.99645317312357,0.8102240494828442,0.11760480620658863,-163.79686819761667,-144.42202677483027,0.07999999076128006,0.02713175304234028,-0.1967579252467951,0.09226357686839416,-2.199584975506892,0
68.66,2,0.6096495454369073,0.17675362798362781,-165.99535976907072,0.8025705287866491,0.1153781774646306,-163.79577479356382,-144.43140344856806,0.07999999076128006,0.03210918605327606,-0.1967579252467951,0.09226357686839416,-2.199584975506892,0
68.76,2,0.6019797694577673,0.17481841533873071,-165.72995084421322,0.7949806785071204,0.11315002031453981,-163.53036586870635,-144.29461554577304,0.07999999076128006,-0.042890813946723935,-0.1967579252467951,0.09226357686839416,-2.199584975506892,0
68.86,2,0.5971513736499792,0.17358908012005525,-165.71364006235956,0.7902030228756676,0.1117362742893327,-163.51405508685266,-144.23818960833526,0.07999999076128006,-0.07014307379722595,-0.1967579252467951,0.09226357686839416,-2.199584975506892,0
68.96,2,0.5881316021881347,0.1713316879198005,-166.35239681795238,0.781276537232862,0.10913436137025537,-164.1528118424455,-144.53191422180902,0.07999999076128006,-0.003780432976782322,-0.18675792524679516,0.1022635768683942,-2.1995849755068955,0
69.06,2,0.5903119227823346,0.17944106828423795,-166.55578548397094,0.7735351824711946,0.10694501099402999,-164.356200508464,-144.74551874518062,0.07999999076128006,0.00427219457924366,-0.18675792524679516,0.1022635768683942,-2.1995849755068955,0
69.16,2,0.5852419524928805,0.1782254242619759,-166.45428951606561,0.7685156048755606,0.10553567431096993,-164.25470454055875,-144.80785701749514,0.07999999076128006,0.02503199502825737,-0.18675792524679516,0.1022635768683942,-2.1995849755068955,0
69.26,2,0.5747221741884968,0.17569135681201187,-166.32712100314166,0.758100836557618,0.1025997188791002,-164.12753602763476,-144.7831651858455,0.07999999076128006,0.02782026305794716,-0.18675792524679516,0.1022635768683942,-2.1995849755068955,0
69.37,2,0.5696752331582965,0.17446541695070927,-166.37160355279852,0.7531046664133318,0.1011809778191481,-164.17201857729162,-144.64612311700648,0.07999999076128006,0.05684102326631546,-0.18675792524679516,0.1022635768683942,-2.1995849755068955,0
69.46,2,0.559502337107991,0.17195646365954886,-166.03082465978284,0.7430355608689445,0.09828343158077066,-163.83123968427597,-144.51705962717568,0.07999999076128006,0.08422965556383133,-0.18675792524679516,0.1022635768683942,-2.1995849755068955,0
69.56,2,0.5525164184278621,0.17019094585417066,-165.57338293440273,0.736122551033756,0.0962510910716366,-163.37379795889584,-144.19048715357533,0.07999999076128006,0.030647560954093933,-0.18675792524679516,0.1022635768683942,-2.1995849755068955,0
69.66,2,0.5458821935139968,0.1684657880060242,-165.27322206052526,0.7295594267967122,0.09427257898981846,-163.07363708501836,-143.93382189979857,0.07999999076128006,0.03468991070985794,-0.18675792524679516,0.1022635768683942,-2.1995849755068955,0
69.76,2,0.5405084460678211,0.1670477978940628,-165.13690891592614,0.7242440620274906,0.0926493861660855,-162.93732394041925,-143.7310902787499,0.07999999076128006,0.012248421087861061,-0.18675792524679516,0.1022635768683942,-2.1995849755068955,0
69.87,2,0.530641557207654,0.16441467665269718,-164.93764416613064,0.7144855038422592,0.08963950819578936,-162.73805919062374,-143.61912627785694,0.07999999076128006,0.016093986108899117,-0.18675792524679516,0.1022635768683942,-2.1995849755068955,0
69.96,2,0.522870662263609,0.162322658658455,-164.8937405202528,0.7068006273816654,0.08725078022780543,-162.69415554474588,-143.52985677406565,0.07999999076128006,0.03962920606136322,-0.18675792524679516,0.1022635768683942,-2.1995849755068955,0
70.06,2,0.51535463673623,0.16028461757435178,-164.8252581537453,0.699368360883911,0.08492577143318535,-162.6256731782384,-143.4245609740337,0.07999999076128006,0.07321653515100479,-0.18675792524679516,0.1022635768683942,-2.1995849755068955,0
70.16,2,0.5082117221085128,0.1583250592739372,-164.43444665572767,0.6923059181615935,0.08269350780503437,-162.23486168022077,-143.13073906223497,0.07999999076128006,0.036807119846343994,-0.1868719523528705,0.09614188619748038,-2.599509516508189,0
70.27,2,0.5014017369382471,0.14542842368684483,-164.6685417920085,0.6853300636873989,0.08045208483514989,-162.06903227550035,-142.89644249212276,0.07999999076128006,0.07621428370475769,-0.1868719523528705,0.09614188619748038,-2.599509516508189,0
70.36,2,0.494167103978444,0.14343136622728536,-164.49686931765336,0.6781934508836547,0.07812895973105279,-161.89735980114514,-142.64014191526164,0.07999999076128006,0.07482608407735825,-0.1868719523528705,0.09614188619748038,-2.599509516508189,0
70.47,2,0.48937802523773066,0.1420883549988649,-164.11603442705226,0.6734702118230216,0.07657012455037304,-161.51652491054406,-142.3907051443001,0.07999999076128006,0.07125290483236313,-0.1868719523528705,0.09614188619748038,-2.599509516508189,0
70.57,2,0.4805711903028188,0.13953989833168792,-163.7311680985051,0.6647880233061843,0.07362486131708472,-161.1316585819969,-141.97560212616239,0.07999999076128006,0.06046219915151596,-0.1868719523528705,0.09614188619748038,-2.599509516508189,0
70.66,2,0.47371943094790536,0.13751252055534507,-163.24231677657264,0.6580352652752214,0.07128881211363874,-160.64280726006444,-141.71287788912707,0.07999999076128006,0.06952904909849167,-0.1868719523528705,0.09614188619748038,-2.599509516508189,0
70.76,2,0.46687489147604355,0.13544660292063318,-163.0828485674448,0.6512914676513029,0.06891459016467993,-160.48333905093662,-141.33864715238423,0.07999999076128006,-0.0054709509015083285,-0.1868719523528705,0.09614188619748038,-2.599509516508189,0
70.86,2,0.4598247042375375,0.13327542444247134,-162.83450683554597,0.6443470079271397,0.0664258886515403,-160.23499731903777,-141.14058826733216,0.07999999076128006,0.020064130425453186,-0.1868719523528705,0.09614188619748038,-2.599509516508189,0
70.96,2,0.45211489556788054,0.13089190325559352,-162.72049273582573,0.6367532362338005,0.06369514618099258,-160.12098321931754,-141.08448080183837,0.07999999076128006,0.06956099718809128,-0.1868719523528705,0.09614188619748038,-2.599509516508189,0
71.06,2,0.44467917851843175,0.12857519267631035,-162.62717598288893,0.6294302439514519,0.061043576838077304,-160.02766646638074,-140.9752185912809,0.07999999076128006,0.013593286275863647,-0.1868719523528705,0.09614188619748038,-2.599509516508189,0
71.16,2,0.43753623183688806,0.12631186123269458,-162.33487420536613,0.6223972997834156,0.058458610136489016,-159.73536468885794,-140.69148843044172,0.07999999076128006,0.07359328627586365,-0.1868719523528705,0.09614188619748038,-2.599509516508189,0
71.26,2,0.432606431659873,0.12474747599993871,-162.3643342065875,0.6175435243879345,0.05667224641317171,-159.76482469007934,-140.55792797322772,0.07983526587486267,0.05858047604560852,-0.17687195235287032,0.09614188619748061,-2.5995095165082014,0
71.36,2,0.43352652145432125,0.12181352332544723,-161.9626452348348,0.6086060255604978,0.05332949868912644,-159.36313571832662,-140.1322158897076,0.07996318489313126,-0.020094214007258415,-0.17687195235287032,0.09614188619748061,-2.5995095165082014,0
71.46,2,0.4261656548454056,0.11940706766912311,-161.9338204376166,0.6013618770318295,0.05059167142015981,-159.3343109211084,-140.04912650308233,0.07997528463602066,-0.031970348209142685,-0.17687195235287032,0.09614188619748061,-2.5995095165082014,0
71.57,2,0.41860139081578884,0.11694704130903459,-161.9758907316879,0.5939169700560074,0.04779110359854958,-159.37638121517972,-140.13868130313838,0.08000343292951584,-0.062192875891923904,-0.17687195235287032,0.09614188619748061,-2.5995095165082014,0
71.67,2,0.41133035285283537,0.11461065468892159,-162.29833671335504,0.586759379794214,0.04512734738942811,-159.69882719684685,-140.25729015583207,0.08000461757183075,0.012807124108076093,-0.17687195235287032,0.09614188619748061,-2.5995095165082014,0
71.77,2,0.4041490551322937,0.11233552758132039,-162.5527213738288,0.5796886590376981,0.04252885777232835,-159.9532118573206,-140.4365069620188,0.08000405877828598,0.020586220547556877,-0.17687195235287032,0.09614188619748061,-2.5995095165082014,0
71.86,2,0.3965839269761926,0.10993749507382175,-162.3774264989392,0.5722400771283702,0.039790180817065646,-159.777916982431,-140.35977273108838,0.08000162988901138,0.03219578042626381,-0.17687195235287032,0.09614188619748061,-2.5995095165082014,0
71.97,2,0.3890810919345694,0.10754646167136502,-162.2006431941851,0.5648534067908302,0.03706132103357041,-159.6011336776769,-140.16882004795914,0.08000034838914871,-0.034269120544195175,-0.17687195235287032,0.09614188619748061,-2.5995095165082014,0
72.06,2,0.38168721208762146,0.1051776956404586,-162.26440086135244,0.5575745696044166,0.03435964730901291,-159.66489134484425,-140.08611652987042,0.07999982684850693,-0.09426912054419517,-0.17687195235287032,0.09614188619748061,-2.5995095165082014,0
72.16,2,0.37462853955965947,0.10293663433928935,-162.78543094224437,0.5506248028185668,0.03180075003969892,-160.18592142573618,-140.31087130326628,0.07999978214502335,-0.07312344759702682,-0.17687195235287032,0.09614188619748061,-2.5995095165082014,0
72.26,2,0.37048206379707826,0.101663637313273,-162.9919134548741,0.5465403300159781,0.030341001909769037,-160.3924039383659,-140.64396233962722,0.07999987155199051,-0.07708005607128143,-0.17687195235287032,0.09614188619748061,-2.5995095165082014,0
72.37,2,0.3614276909598052,0.09894899950740581,-163.6666057673265,0.5376183953755399,0.027218501603101165,-161.0670962508183,-141.05655973119,0.07999995350837708,-0.05817897617816925,-0.17687195235287032,0.09614188619748061,-2.5995095165082014,0
72.46,2,0.3546497255136105,0.09698150196412347,-163.92838383547465,0.5309366394820497,0.024945617894584906,-161.32887431896646,-141.3106622869762,0.07999999821186066,-0.04894178360700607,-0.17687195235287032,0.09614188619748061,-2.5995095165082014,0
72.56,2,0.3475184240081708,0.09496744225601524,-164.40966521480158,0.5239040229276717,0.022610194577839252,-161.81015569829339,-141.62436571557973,0.08000000566244125,-0.002844829112291336,-0.17672679535209596,0.10749242194063681,-2.799471787008834,0
72.66,2,0.34281273433652326,0.09365675679224839,-164.54916560346837,0.5192626210084205,0.021087433961474812,-161.94965608696018,-141.7747857753592,0.08000000566244125,0.013560842722654343,-0.17672679535209596,0.10749242194063681,-2.799471787008834,0
72.76,2,0.3329107252469517,0.10046435657158843,-164.76070224736802,0.50937256754739,0.017871304802840323,-161.96123046035916,-141.77837705518832,0.08000000566244125,0.038479577749967575,-0.17672679535209596,0.10749242194063681,-2.799471787008834,0
72.86,2,0.32747999551137746,0.0989857873175043,-164.6864375612379,0.5040205330647106,0.01612926020060251,-161.88696577422905,-141.70443253829006,0.08000000566244125,0.03664259612560272,-0.17672679535209596,0.10749242194063681,-2.799471787008834,0
72.96,2,0.3204125432890827,0.09703384962794233,-164.47949913252347,0.49705684896044444,0.0138344736409545,-161.68002734551462,-141.48343595181865,0.08000000566244125,0.0089150071144104,-0.17672679535209596,0.10749242194063681,-2.799471787008834,0
73.06,2,0.3102958985577326,0.09420145643075219,-164.31284247785638,0.48709061323271075,0.010511358045148949,-161.51337069084755,-141.35967257322022,0.08000000566244125,-0.050247713923454285,-0.17672679535209596,0.10749242194063681,-2.799471787008834,0
73.16,2,0.30273658240499907,0.0920740348696869,-164.35272596859645,0.4796442229253572,0.008017274127953274,-161.55325418158762,-141.39484613991647,0.08000000566244125,-0.08425270766019821,-0.17672679535209596,0.10749242194063681,-2.799471787008834,0
73.26,2,0.2956535252122243,0.09012230677414992,-164.68705221669373,0.4726649422370855,0.005721934756673929,-161.88758042968487,-141.5898369863929,0.08000000566244125,-0.1442527076601982,-0.17672679535209596,0.10749242194063681,-2.799471787008834,0
73.36,2,0.2892237952478857,0.0884046744779272,-165.52416949281368,0.46632677571812503,0.0036923206807297658,-162.72469770580483,-142.0798009815109,0.08000000566244125,-0.164812833070755,-0.17672679535209596,0.10749242194063681,-2.799471787008834,0
73.47,2,0.2851462449024489,0.0873695266102599,-166.08177772186002,0.4623046487749824,0.002459258321903675,-163.28230593485117,-142.57452689030708,0.08000000566244125,-0.14638826251029968,-0.17672679535209596,0.10749242194063681,-2.799471787008834,0
73.56,2,0.2798177380275014,0.08608205563207752,-166.68288854521228,0.457045381811762,0.000913076558460744,-163.88341675820342,-143.33993491364689,0.08000000566244125,-0.10751427710056305,-0.18672679535209616,0.10749242194063682,-2.799471787008837,0
73.67,2,0.2617958872201389,0.08425889655609935,-167.6739680802777,0.44912214849366056,-0.0012996984366139587,-164.87449629326883,-143.80494913858658,0.08000000566244125,-0.10490071773529053,-0.18672679535209616,0.10749242194063682,-2.799471787008837,0
73.76,2,0.2554138295727161,0.08290363945596112,-168.2133027081808,0.4428138987907453,-0.0029650414367709795,-165.41383092117195,-144.39506525238005,0.07860452681779861,-0.02990071773529053,-0.18672679535209616,0.10749242194063682,-2.799471787008837,0
73.86,2,0.24866552471677808,0.08153163551912193,-168.82789697519326,0.43614065688816933,-0.004664999007148223,-166.02842518818443,-144.71828116063762,0.07947639375925064,0.016207676380872726,-0.18710750856733635,0.0954404183533491,-2.3995472460075247,0
73.96,2,0.24069771015438876,0.07092430331330356,-168.3846485540601,0.4284565371957639,-0.006583372723376763,-165.98510130805258,-144.86876219086298,0.07974333316087723,0.07620767638087272,-0.18710750856733635,0.0954404183533491,-2.3995472460075247,0
74.06,2,0.23308791145793187,0.06935202718342376,-168.14681177265243,0.42091923874528253,-0.008472875435086713,-165.7472645266449,-144.79723498238715,0.07999733090400696,0.11741140484809875,-0.18710750856733635,0.0954404183533491,-2.3995472460075247,0
74.16,2,0.22639061741069497,0.06792446374703373,-167.5908544536934,0.4142875860282117,-0.010179587818659155,-165.19130720768587,-144.39973776576252,0.08004355430603027,0.16183248162269592,-0.18710750856733635,0.0954404183533491,-2.3995472460075247,0
74.26,2,0.22016164670342878,0.06651607630398887,-166.84342265573483,0.40812304315106845,-0.011847533374595804,-164.4438754097273,-144.0147155851463,0.08004029095172882,0.22183248162269592,-0.18710750856733635,0.0954404183533491,-2.3995472460075247,0
74.36,2,0.2145801035453497,0.06517043523366696,-166.0046915763959,0.4026027330833818,-0.013425681235930248,-163.60514433038838,-143.2654461548235,0.0800190195441246,0.3156428635120392,-0.18710750856733635,0.0954404183533491,-2.3995472460075247,0
74.46,2,0.20943584582564426,0.06383885042575649,-164.97439847132605,0.3975187365209281,-0.0149714769987546,-162.57485122531853,-142.66003048725847,0.08000499755144119,0.32677626609802246,-0.18710750856733635,0.0954404183533491,-2.3995472460075247,0
74.57,2,0.20481826417023483,0.06255319142548875,-163.85118127048818,0.3929590314020132,-0.01644933647715042,-161.45163402448065,-141.60832001743051,0.07999899983406067,0.35859620571136475,-0.18710750856733635,0.0954404183533491,-2.3995472460075247,0
74.66,2,0.20041668005948968,0.061236162062083835,-162.7168994462374,0.38861644783947663,-0.017949495478863993,-160.31735220022986,-140.84055907484733,0.0799979567527771,0.37090587615966797,-0.17684487009702227,0.10629927858849585,-2.5995095165081703,0
74.76,2,0.20665628930005642,0.06950696498118664,-161.889555627095,0.3847752152771937,-0.01936097383582145,-159.29004611058684,-139.55504089639058,0.07999865710735321,0.3750717043876648,-0.17684487009702227,0.10629927858849585,-2.5995095165081703,0
74.86,2,0.202723197598978,0.06818157715265313,-160.8467940182773,0.3809062831102849,-0.020863380942093123,-158.24728450176914,-138.69890932816162,0.07999946922063828,0.3649137616157532,-0.17625731402413436,0.10796915946599676,-2.999434057509475,0
74.96,2,0.19911875874449259,0.06583207232140006,-160.16288586233367,0.3770666960475858,-0.022437398512001695,-157.16345180482418,-137.4132180272033,0.07999992370605469,0.3772881329059601,-0.17625731402413436,0.10796915946599676,-2.999434057509475,0
75.06,2,0.19521622984177084,0.06438053029375423,-158.93920417958145,0.3732454669298624,-0.02409115608929741,-155.93977012207196,-136.5511955955288,0.08000008016824722,0.3784556984901428,-0.17625731402413436,0.10796915946599676,-2.999434057509475,0
75.16,2,0.1913483703686306,0.06284896656920105,-157.76863342573438,0.3694630469690845,-0.025823011622140058,-154.7691993682249,-135.26540744991826,0.08000008016824722,0.38,-0.17625731402413428,0.1079691594659969,-2.9994340575094998,0
75.26,2,0.18752940443745666,0.06124556106898075,-156.60997371170956,0.36573321276802484,-0.027624052103142567,-153.61053965420007,-134.41309554661274,0.08000004291534424,0.38,-0.17625731402413428,0.1079691594659969,-2.9994340575094998,0
75.37,2,0.18507339572836953,0.06016627345450622,-155.88406244604073,0.3633370435672423,-0.028830374487536906,-152.88462838853124,-133.12922238482287,0.07609943300485611,0.38,-0.17661140733518177,0.10717506201015012,-2.799471787008847,0
75.47,2,0.17985297258598082,0.05827911340444556,-154.09162385488895,0.3584270765239331,-0.031427675019595425,-151.2921520678801,-132.27435559344767,0.0730922669172287,0.38,-0.17661140733518177,0.10717506201015012,-2.799471787008847,0
75.56,2,0.1767851854302434,0.0650726972215479,-153.45272470864595,0.35483638883126717,-0.033443222046511595,-150.05336611013513,-130.98593862602354,0.07093997299671173,0.38,-0.17544384335801644,0.1194971698285079,-3.399358598510822,0
75.66,2,0.17307040159744602,0.06333356452216088,-152.13994939881326,0.3513044101636861,-0.03552841846710511,-148.79851796457282,-130.11533498729202,0.07044432312250137,0.3799748420715332,-0.17628692498843207,0.11798186856365948,-2.999434057509509,0
75.77,2,0.16913184888621446,0.06217175927946273,-150.51724460204608,0.3478658929229415,-0.03765923770209386,-147.51781054453656,-128.79439696181703,0.07115652412176132,0.3799787759780884,-0.17628692498843207,0.11798186856365948,-2.999434057509509,0
75.87,2,0.16560951015202374,0.06013662496515569,-149.32278196299475,0.344454870236667,-0.03987589420894623,-146.32334790548526,-127.92697310588672,0.07139819115400314,0.37998971343040466,-0.1762869249884321,0.1179818685636595,-2.9994340575095118,0
75.97,2,0.16326002307787524,0.058724678736341,-148.587189626266,0.3421824834670167,-0.041408845621670416,-145.58775556875648,-126.61511294392048,0.07115642726421356,0.3799973726272583,-0.1762869249884321,0.1179818685636595,-2.9994340575095118,0
76.06,2,0.15881290637905685,0.055927052761843246,-147.0032744970804,0.3378878479230806,-0.04443533923158513,-144.0038404395709,-125.72689901629535,0.07031398266553879,0.38,-0.17579961420185708,0.12871223351039243,-3.199396328010161,0
76.16,2,0.15576086061294747,0.06329897242296363,-145.946822921172,0.3346944673884228,-0.04680658805222558,-142.7474265931618,-124.3697741955133,0.069054514169693,0.38,-0.17579961420185708,0.12871223351039243,-3.199396328010161,0
76.27,2,0.15253271820701553,0.06107297912285685,-144.8602185747283,0.33159559139880995,-0.049209277621457694,-141.66082224671814,-123.45382330187793,0.06783381849527359,0.38,-0.17579961420185708,0.12871223351039243,-3.199396328010161,0
76.36,2,0.14909115335504136,0.059219000138212796,-143.6134195072648,0.32856409052451396,-0.05165178731297966,-140.61398544975532,-122.05119804218023,0.0677265003323555,0.38,-0.1763200851520868,0.1279925020708847,-2.9994340575094833,0
76.46,2,0.14603046442097128,0.05692561907915031,-142.60400197944873,0.3256275982449625,-0.05410218044987427,-139.60456792193924,-121.09962049076024,0.06694012880325317,0.38,-0.1763200851520868,0.1279925020708847,-2.9994340575094833,0
76.57,2,0.14406420162989725,0.05540754203966608,-141.96510045895207,0.32374346417150135,-0.05572106465036372,-138.96566640144258,-119.65309686178331,0.06606142222881317,0.37999996542930603,-0.17576616029417066,0.12870100269660312,-3.1993963280101516,0
76.66,2,0.1403992120026892,0.051844429368041,-140.75001883897656,0.3199620229440364,-0.05909128004181843,-137.5506225109664,-118.6808621732084,0.06487911194562912,0.37999996542930603,-0.17635202808998984,0.12800293870865564,-2.99943405750949,0
76.76,2,0.1372051656739427,0.04983928074501402,-139.38229729147943,0.3172176353806798,-0.06164935515363965,-136.38286323396994,-117.2090302838419,0.06363921612501144,0.3799999952316284,-0.17635202808998984,0.12800293870865564,-2.99943405750949,0
76.87,2,0.13446395835263147,0.047445374029169096,-138.2892350824362,0.3146054471553683,-0.06418341900802882,-135.2898010249267,-116.23735886116121,0.06227312237024307,0.3799999952316284,-0.1757352431083485,0.12869385333824235,-3.199396328010157,0
76.97,2,0.1321202552245607,0.04463825595187833,-137.36704493348017,0.31206688577256997,-0.0667428656111814,-134.16764860547002,-114.76988628100752,0.060485854744911194,0.3799999952316284,-0.1757352431083485,0.12869385333824235,-3.199396328010157,0
77.06,2,0.1295518622774076,0.04222478363043261,-136.16722464519708,0.3096371943136507,-0.06929592072061902,-132.96782831718693,-113.78039358291055,0.057854752987623215,0.3799999952316284,-0.17638287042922515,0.1280082248043837,-2.999434057509515,0
77.16,2,0.12666251542991472,0.04010373956240594,-134.8385200681037,0.3072299275361441,-0.07192687983158798,-131.8390860105942,-112.2602804005945,0.05495136231184006,0.3799999952316284,-0.17638287042922515,0.1280082248043837,-2.999434057509515,0
77.26,2,0.12424187224083597,0.03761833716586982,-133.63947151778598,0.3049426518981888,-0.07453554015396743,-130.6400374602765,-111.22741681847941,0.05190686136484146,0.3799999952316284,-0.17570123614560937,0.12869078578874232,-3.199396328010182,0
77.36,2,0.12277499241744047,0.03606094311498624,-132.8778321872344,0.3035592739691015,-0.07616755674436305,-129.87839812972487,-109.6264797398433,0.04872379079461098,0.3799999952316284,-0.17570123614560937,0.12869078578874232,-3.199396328010182,0
77.46,2,0.12014677505885166,0.03257423986806754,-131.35167819107392,0.30083311258717554,-0.07952320020051984,-128.19358521153404,-108.52334798985392,0.04572587087750435,0.3799999952316284,-0.1764138970428915,0.1280088688371987,-2.999434057509526,0
77.57,2,0.11856000379179549,0.031274408886159316,-130.42710281977597,0.29958583134360695,-0.08112901646334887,-127.40439197840215,-107.39377305631669,0.0428178645670414,0.3799999952316284,-0.1764138970428915,0.1280088688371987,-2.999434057509526,0
77.67,2,0.11657009988573713,0.02897306515541767,-129.02380312580328,0.297764780583905,-0.08356942210515672,-126.02436906829375,-105.69019138117497,0.03993483632802963,0.3799999952316284,-0.1764138970428915,0.1280088688371987,-2.999434057509526,0
77.76,2,0.114222085411298,0.024175210306738484,-127.12738673675302,0.2955141214687107,-0.08677400028656843,-124.09473409745777,-103.93037004585196,0.0370199978351593,0.3799999952316284,-0.1756524266738339,0.11869663373608935,-3.1993963280102067,0
77.87,2,0.11296846982223596,0.013421411230142385,-125.82177212878712,0.2940465520910835,-0.08900291889155902,-122.62237580077691,-102.71736068834029,0.033690694719552994,0.3799999952316284,-0.1756524266738339,0.11869663373608935,-3.1993963280102067,0
77.97,2,0.11148150194283601,0.013487679869004149,-124.30250277747074,0.2926798431950256,-0.09119584202827306,-121.10310644946054,-100.88602830980578,0.029289275407791138,0.3799999952316284,-0.17565242667383388,0.12869663373608936,-3.199396328010218,0
78.06,2,0.1101492573828449,0.019303349369644035,-122.81610097528775,0.29146156690095915,-0.0932719051684339,-119.61670464727752,-99.6399757793017,0.025214554741978645,0.3799999952316284,-0.17565242667383388,0.12869663373608936,-3.199396328010218,0
78.16,2,0.10904732710254081,0.017545973939535123,-121.336238890969,0.2904594349961821,-0.09508804128404569,-118.13684256295878,-97.64780928731476,0.023007214069366455,0.3799999952316284,-0.17565242667383388,0.12869663373608936,-3.199396328010218,0
78.26,2,0.10759855930997611,0.006112293918878714,-119.88709369791741,0.28953929142281126,-0.09685675792131425,-116.88765964040785,-96.29831614449733,0.021528664976358414,0.3799999952316284,-0.17647594259356206,0.117986822748762,-2.9994340575095975,0
78.36,2,0.10669684820206651,0.004508623056373479,-118.7371663718656,0.2887227294419773,-0.09850541485616526,-115.73773231435601,-94.26180144327063,0.019387967884540558,0.3799999952316284,-0.17647594259356206,0.117986822748762,-2.9994340575095975,0
78.46,2,0.10592984089895599,0.00306566081244411,-117.10302963260455,0.2880322774746924,-0.09998653481123417,-114.10359557509489,-92.8628433835721,0.01566443219780922,0.3799999952316284,-0.17647594259356195,0.11798682274876215,-2.999434057509616,0
78.56,2,0.10730647945628066,0.0035530628763824346,-115.1930258934767,0.28749227634400576,-0.10125308148949312,-112.12109426912764,-90.6701467154377,0.012347261421382427,0.3799999952316284,-0.16472948478359928,0.12946328945448604,-3.399358598510869,0
78.66,2,0.11570820324191633,0.010158458896218886,-113.74612593742677,0.2870184592404271,-0.10246630429016416,-110.34676733891584,-89.17874053876109,0.009375553578138351,0.3799999952316284,-0.16472948478359928,0.12946328945448604,-3.399358598510869,0
78.76,2,0.11539166022804365,0.00940260532863231,-112.05675444253315,0.2867472916740772,-0.10323959740808569,-108.65739584402226,-86.8253502446959,0.008142184466123581,0.3799999952316284,-0.16472948478359928,0.12946328945448604,-3.399358598510869,0
78.86,2,0.11411944160817011,-0.0009830507537677696,-109.48664630429165,0.2864823839238939,-0.10406586653287407,-106.48721224678205,-85.24257586231887,0.007291774265468121,0.3799999952316284,-0.1665251161197987,0.11793075455759255,-2.9994340575095357,0
78.96,2,0.11391311875698032,0.000309019742593189,-107.90345822941421,0.28630830503540594,-0.10468663602683087,-104.90402417190467,-82.81817566110446,0.005374357104301453,0.3799999952316284,-0.1665251161197985,0.12793075455759262,-2.9994340575095646,0
79.06,2,0.11373024499039344,0.007823001349836795,-106.59949228420929,0.28615619511310814,-0.10527854392044012,-103.6000582266997,-81.1952087327847,0.0018111749086529016,0.3799999952316284,-0.1665251161197985,0.12793075455759262,-2.9994340575095646,0
79.17,2,0.11576539141868386,0.007438977458740281,-104.84117266888695,0.2860817829832353,-0.10560698246241763,-101.76454698697356,-78.67375741062204,-0.0003154973965138197,0.3799999952316284,-0.15466519491512623,0.12957524348191862,-3.399358598510857,0
79.26,2,0.12463161943076309,0.007110430411426921,-103.01353230392657,0.28606696472840765,-0.10568837511868832,-99.61417370541567,-76.94266656900577,0.01468450260348618,0.3049999952316284,-0.15466519491512623,0.12957524348191862,-3.399358598510857,0
79.36,2,0.1257671835308178,0.008222677284872179,-101.39757874934895,0.2860039752285349,-0.10607419277159578,-98.08474805903184,-75.21848320117589,0.034684502603486184,0.15499999523162838,-0.1474819337618882,0.13700622099955823,-2.799471787008921,0
79.46,2,0.13256275808975507,0.01481554916857214,-100.12910483386156,0.2856783441093035,-0.10836730791043922,-97.32963304685268,-73.31204189383233,0.0480569563806057,0.00499999523162839,-0.1474819337618882,0.13700622099955823,-2.799471787008921,0
79.57,2,0.13386381593260346,0.010504427586863818,-100.1225530964801,0.28511218112233,-0.11269299537625037,-97.28353941958139,-72.63615831194583,0.0392320454120636,-0.1300000047683716,-0.1365327196996306,0.13788843322620592,-2.9994340575095606,0
79.67,2,0.14137840716021083,0.005463873427855925,-100.62458110607434,0.28445966270006695,-0.1177011417398224,-97.6251470485648,-72.79535242540547,0.03386553004384041,-0.2500000047683716,-0.1365327196996306,0.13788843322620592,-2.9994340575095606,0
79.76,2,0.14081783945438486,0.002566491100962326,-101.56997441006543,0.28405147163786665,-0.12062388712006852,-98.57054035255591,-73.77524268091963,0.028828319162130356,-0.3700000047683716,-0.1365327196996306,0.13788843322620592,-2.9994340575095606,0
79.86,2,0.1399282229466044,-0.0014966635517819349,-103.55021764786434,0.28337568286379966,-0.12472802561625476,-100.55078359035478,-74.82483548465333,0.024725306779146194,-0.38,-0.1365327196996306,0.13788843322620592,-2.9994340575095606,0
79.96,2,0.13957852083700995,-0.002902917000100619,-104.5961875640841,0.28310004357564844,-0.12615065111482793,-101.59675350657453,-76.67319066471781,0.021607575938105583,-0.38,-0.13552956304151118,0.12872893278924666,-3.1993963280102204,0
80.06,2,0.13933828787925337,-0.01564050656760335,-107.2149517429885,0.282496829433216,-0.12880377265511786,-104.01555541497832,-77.98951438456417,0.019162073731422424,-0.3789060413837433,-0.13552956304151118,0.12872893278924666,-3.1993963280102204,0
80.16,2,0.1388117880356001,-0.017267590407166328,-108.7772473250749,0.28206195936969164,-0.13045770491920372,-105.57785099706466,-79.98070162078507,0.014872618019580841,-0.37898439168930054,-0.13653833026426113,0.12792216649827576,-2.9994340575096037,0
80.26,2,0.1378024732144029,-0.018557725283453785,-110.20750067702238,0.2816296910749969,-0.13192403971493583,-107.20806661951272,-81.36662764511158,0.013486242853105068,-0.3794816732406616,-0.13653833026426113,0.12792216649827576,-2.9994340575096037,0
80.36,2,0.1372710238415211,-0.019958057243223637,-111.55156426614349,0.2811722436595645,-0.13335026196115257,-108.55213020863381,-83.48366334919703,0.01402220781892538,-0.3798527717590332,-0.13653833026426118,0.1279221664982757,-2.999434057509588,0
80.46,2,0.13680574801301557,-0.021097629938513274,-112.87777921443953,0.2807672346208513,-0.13451261956662597,-109.87834515692995,-84.94234541041496,0.014899872243404388,-0.38,-0.13653833026426118,0.1279221664982757,-2.999434057509588,0
80.56,2,0.13643913882720646,-0.02195072147022134,-113.73829494746253,0.2804457666168467,-0.1353837256330685,-110.73886088995296,-87.10587016153265,0.01624258980154991,-0.38,-0.13653833026426118,0.1279221664982757,-2.999434057509588,0
80.67,2,0.13570071832838757,-0.023542256031421155,-115.93368441016113,0.2797916365001828,-0.13701171853325042,-112.9342503526515,-88.56563807523438,0.01710878685116768,-0.38,-0.13653833026426118,0.1279221664982757,-2.999434057509588,0
80.76,2,0.13525323323266494,-0.024448138215959675,-116.87201404800028,0.2793921657106518,-0.13793977485237632,-113.87257999049065,-90.69817205494778,0.017917092889547348,-0.38,-0.13954934984325637,0.14571256975130648,-2.399547246007622,0
80.86,2,0.13290187769677184,-0.005586348498323929,-118.20228986959168,0.27854687825769614,-0.13975933122503403,-115.80274262358402,-92.13447927071735,0.023208748549222946,-0.38,-0.13954934984325637,0.14571256975130648,-2.399547246007622,0
80.97,2,0.13047175763658916,-0.005492712774011671,-119.55544583463984,0.2777581845854489,-0.14135045807319035,-117.08644586656386,-94.20238377314622,0.026604752987623215,-0.3799982964992523,-0.1475533614311494,0.15711073719751253,-2.7994717870088555,0
81.06,2,0.1219959598901122,0.0007116693895067305,-121.14375276599804,0.27686625615963223,-0.1430474789575645,-118.3442809789892,-95.56165573476594,0.029598843306303024,-0.37999796867370605,-0.1475533614311494,0.15711073719751253,-2.7994717870088555,0
81.16,2,0.12084857302310459,-0.0011495137542369138,-122.3017494991576,0.27581113982853334,-0.14496247996147688,-119.50227771214875,-97.49191047898314,0.032445572316646576,-0.3799988627433777,-0.1475533614311494,0.15711073719751253,-2.7994717870088555,0
81.26,2,0.12003401007736961,0.006653655560173888,-123.95861887702264,0.2746525089011806,-0.1469548846968851,-120.95918481951308,-98.77672708626683,0.03267896547913551,-0.3799996078014374,-0.14655266422600224,0.16777871216483675,-2.999434057509554,0
81.36,2,0.11865439551634113,0.00464190379590354,-125.01039237592897,0.27338005144916916,-0.14903607030390512,-122.01095831841944,-100.65152634992685,0.03634429723024368,-0.3799999952316284,-0.14655266422600224,0.16777871216483675,-2.999434057509554,0
81.46,2,0.126320388770184,0.013131378994238052,-125.7205253964652,0.27201016959773,-0.15118472470617483,-123.12101587995699,-101.86648549392177,0.03865654394030571,-0.38,-0.1385529729825262,0.1764973962159528,-2.599509516508216,0
81.56,2,0.12478351130757401,0.011046720398947607,-127.09130307167723,0.27056942216209645,-0.15333694231150943,-124.49179355516904,-103.67952708807243,0.0450260154902935,-0.38,-0.1385529729825262,0.1764973962159528,-2.599509516508216,0
81.66,2,0.12376433775559767,0.009718556688065594,-127.9160944976515,0.2696115354989608,-0.15470996332829642,-125.31658498114328,-104.86614433271886,0.04923118278384209,-0.38,-0.14654778133717225,0.18772778310291222,-2.9994340575094984,0
81.76,2,0.11268047174713222,0.016725589006739927,-129.1868543008079,0.267821000346291,-0.15720352844754207,-126.1874202432984,-106.52978598983259,0.05392079055309296,-0.3799999952316284,-0.14654778133717225,0.18772778310291222,-2.9994340575094984,0
81.87,2,0.11199157813339802,0.015805607559774948,-130.38961191778955,0.2651891562770021,-0.160722680296767,-127.48245363247501,-107.60789411390039,0.05557827651500702,-0.3799999952316284,-0.13856027388509998,0.19658411384418664,-2.599509516508196,0
81.96,2,0.11686067387912238,0.021418405308546634,-131.04200569170783,0.2631026508885198,-0.1634009825521257,-128.44249617519964,-109.19238132684289,0.05913681164383888,-0.3799999952316284,-0.13856027388509998,0.19658411384418664,-2.599509516508196,0
82.07,2,0.11257372440261065,0.0212398113417607,-132.21853668646784,0.2611067149589968,-0.1658657690227444,-129.57363057163354,-110.26040354024225,0.06349246203899384,-0.3799999952316284,-0.14754838138571463,0.2071282124495146,-2.7994717870088213,0
82.16,2,0.10276558229458926,0.0261517610354203,-133.49869004806354,0.25885422745360176,-0.1685349972830022,-130.6992182610547,-111.82347847110542,0.0667354017496109,-0.3799999952316284,-0.14754838138571463,0.2071282124495146,-2.7994717870088213,0
82.26,2,0.10020876778301036,0.023502284798590234,-134.50466698126536,0.2564298661837775,-0.17130618785918486,-131.7051951942565,-112.82675712593142,0.06891004741191864,-0.3799999952316284,-0.14551341962733322,0.20814423693413284,-3.1993963280101463,0
82.37,2,0.09827994005433857,0.02014585421327278,-135.79470706741023,0.25390574669861243,-0.1740990118408374,-132.59531073940008,-114.2847555637027,0.05391004741191864,-0.3049999952316284,-0.14551341962733322,0.20814423693413284,-3.1993963280101463,0
82.46,2,0.09540413086270041,0.019881306972106966,-136.65263785554419,0.2512674609105623,-0.17692848965296867,-133.4997902874037,-115.2470398538934,0.04076801612973213,-0.15499999523162838,-0.14653817717264928,0.2176697212765119,-2.9994340575094878,0
82.57,2,0.09319542727566824,0.024508893629206968,-137.07285131265337,0.2493856486063372,-0.17889119231661924,-134.04513930801292,-116.58682313688796,0.03594332933425903,-0.00499999523162839,-0.14653817717264928,0.2176697212765119,-2.9994340575094878,0
82.67,2,0.08971028130465511,0.022811984947334468,-137.52778316758304,0.24612095417360658,-0.18222883267174625,-134.52834911007358,-117.09597725814412,0.04182143881917,0.1300000047683716,-0.14653817717264928,0.2176697212765119,-2.9994340575094878,0
82.76,2,0.08715794219711345,0.02047008044682605,-137.21255513287815,0.24369465434965307,-0.18470108281557698,-134.21312107536866,-116.9584000682591,0.041472550481557846,0.2500000047683716,-0.14653817717264928,0.2176697212765119,-2.9994340575094878,0
82.86,2,0.08440413049362869,0.017879924996779484,-136.1607660817381,0.24108014793888388,-0.18743178609160357,-133.1613320242286,-116.36771362987255,0.03952188044786453,0.3700000047683716,-0.14653817717264928,0.2176697212765119,-2.9994340575094878,0
82.96,2,0.08282354709050929,0.016335918272429528,-135.0243513477212,0.23958252169162056,-0.1890563833594095,-132.02491729021168,-115.02685898295968,0.03571270778775215,0.38,-0.14653817717264928,0.2176697212765119,-2.9994340575094878,0
83.07,2,0.08052168838673057,0.013963331280245544,-133.0412212266917,0.23740796462110483,-0.19154616730078122,-130.0417871691822,-113.95581686537253,0.03179120272397995,0.3784532845020294,-0.14653817717264928,0.2176697212765119,-2.9994340575094878,0
83.16,2,0.07954204131204529,0.012895372367356439,-131.9698553377649,0.2364855417288661,-0.19266392426829812,-128.97042128025544,-112.23889779040833,0.028605587780475616,0.3785100281238556,-0.14653817717264928,0.2176697212765119,-2.9994340575094878,0
83.26,2,0.07770247409436026,0.010771124538849292,-129.70267597941438,0.23475964821100914,-0.19488151935088602,-126.70324192190489,-111.04459411024412,0.025804169476032257,0.3792293965816498,-0.14653817717264928,0.2176697212765119,-2.9994340575094878,0
83.36,2,0.07684832974715208,0.018899850934372686,-128.3002170829742,0.2336054051551767,-0.19647091969606617,-125.10082075496406,-109.20017825410888,0.023457393050193787,0.37977486848831177,-0.14542773125078085,0.22810228952239558,-3.199396328010152,0
83.46,2,0.07578863892691431,0.017510929830822308,-126.28034915556158,0.2326248830750038,-0.19791681834973365,-123.08095282755134,-107.92199529300007,0.03345739305019379,0.30477486848831176,-0.1454277312507806,0.22810228952239586,-3.1993963280102062,0
83.57,2,0.07468563991268395,0.015967325831615836,-124.910414765768,0.23160975330788092,-0.199519575875893,-121.7110184377578,-106.0283615652949,0.05345739305019379,0.15477486848831173,-0.1454277312507806,0.22810228952239586,-3.1993963280102062,0
83.66,2,0.07220266767851996,0.013256772823014212,-123.86938716713897,0.22970631353520454,-0.20264651950565105,-120.86995310962942,-105.05596560247044,0.04957171529531479,0.00477486848831174,-0.1465852596059822,0.22764531081009803,-2.9994340575095135,0
83.76,2,0.07029864936682617,0.01041079659881114,-123.63133058201406,0.2279538224445973,-0.20558822672720403,-120.63189652450455,-104.3968660124728,0.03896651044487953,-0.13022513151168824,-0.1465852596059822,0.22764531081009803,-2.9994340575095135,0
83.86,2,0.06671788369912379,0.005041897102186166,-124.13075204952845,0.22465889577105305,-0.21113713858339908,-121.13131799201891,-104.56017819763302,0.028811095282435417,-0.25022513151168824,-0.1465852596059822,0.22764531081009803,-2.9994340575095135,0
83.96,2,0.06539221808295526,0.0031108284132917996,-124.88089060895791,0.2234360915265915,-0.21313492870922474,-121.8814565514484,-105.16756452622892,0.024127786979079247,-0.37022513151168823,-0.1465852596059822,0.22764531081009803,-2.9994340575095135,0
84.06,2,0.06316785096822064,3.654847909309589e-05,-126.91247238516509,0.221375636735238,-0.21632138947749385,-123.91303832765556,-106.72370135895589,0.02293349988758564,-0.38,-0.1465852596059822,0.22764531081009803,-2.9994340575095135,0
84.16,2,0.06198447088285933,-0.0014987830384829426,-128.434121634549,0.2202742157180363,-0.2179165393256769,-125.43468757703951,-108.57662119721769,0.024129310622811317,-0.3797890543937683,-0.13780311243602844,0.21722712620660475,-2.79947178700886,0
84.26,2,0.0612320309652514,-0.0024309955000921257,-129.42138186701854,0.21957158563947876,-0.2188868469448862,-126.42194780950902,-109.86035884828883,0.025669889524579048,-0.37858617305755615,-0.13780311243602844,0.21722712620660475,-2.79947178700886,0
84.36,2,0.06902437747098444,-0.014261110577556024,-130.78407875391628,0.21788667494743313,-0.22111040507182567,-127.98460696690742,-111.12158755832722,0.024785544723272324,-0.3789387047290802,-0.13780311243602844,0.21722712620660475,-2.79947178700886,0
84.46,2,0.058091451798675225,-0.006097083963968575,-132.26405613786596,0.21663152564982568,-0.2226835416459912,-129.26462208035645,-113.00212384626334,0.024048352614045143,-0.3795304596424103,-0.14659114031616383,0.22761687392157023,-2.9994340575095277,0
84.56,2,0.05969215096383071,-0.007354511313274692,-133.51276392940767,0.21543772215495172,-0.2241091529860739,-130.57298433917032,-114.93036382718053,0.024430101737380028,-0.37990185618400574,-0.1377994200834355,0.22725434319228635,-2.799471787008868,0
84.67,2,0.06500179166800318,-0.008598571850916337,-134.70534965657862,0.21407837513994676,-0.22566652015677535,-131.90587786956976,-116.20225584985607,0.026131151244044304,-0.38,-0.1377994200834355,0.22725434319228635,-2.799471787008868,0
84.76,2,0.06413165288443354,-0.009463182198995224,-135.69363548274146,0.2132515028458394,-0.2265725967351697,-132.8941636957326,-118.15561731857986,0.028603725135326385,-0.38,-0.14659717942674758,0.23759127741562905,-2.9994340575095313,0
84.86,2,0.05239628227880899,-0.001811392681342061,-137.63644546704117,0.21124785713509195,-0.22866215057799089,-134.63701140953165,-119.43508980131564,0.029609648510813713,-0.38,-0.13779325869898174,0.23727094725207554,-2.7994717870088954,0
84.96,2,0.051311360336138534,-0.002783887093948778,-138.70661666003596,0.2102153083117537,-0.2296900824491097,-135.70718260252642,-121.32517123580884,0.03068464808166027,-0.38,-0.13779325869898174,0.23727094725207554,-2.7994717870088954,0
85.06,2,0.05865873552190437,-0.00436279847105378,-140.633355044352,0.20801907386177687,-0.23175055127278904,-137.8338832573431,-122.60364482948265,0.03658169507980347,-0.38,-0.1377932586989817,0.2472709472520755,-2.799471787008897,0
85.16,2,0.057394198852147305,-0.005390656563903473,-141.3231498382348,0.20680624747234921,-0.23283894338839117,-138.52367805122591,-124.42681702742394,0.03577865660190582,-0.37999752163887024,-0.1377932586989817,0.2472709472520755,-2.799471787008897,0
85.26,2,0.05737589072257002,0.0027140030647387903,-143.43701137098282,0.20432316855588356,-0.23496512337815395,-140.69056260656197,-125.62333662908016,0.04304399713873863,-0.3799978494644165,-0.12897115131369294,0.24700199089565705,-2.5995095165082245,0
85.36,2,0.06289247780623927,0.001900611527717061,-144.2994726098155,0.20286491879343174,-0.2361401343096228,-141.69825780121568,-127.42338219797384,0.047133270651102066,-0.37999895215034485,-0.13662862214660598,0.25749995905870837,-2.9994340575095317,0
85.47,2,0.0504020338814449,0.00887183857748508,-146.31001246356735,0.19978417165095055,-0.2385009294448395,-143.31057840605783,-128.56196249596908,0.05023645609617233,-0.37999972701072693,-0.13662862214660598,0.25749995905870837,-2.9994340575095317,0
85.57,2,0.04761501523944375,0.005054894415103539,-147.4326704461022,0.1972228101428088,-0.24036970510322447,-144.52436286398196,-129.66021778625023,0.05119282379746437,-0.38,-0.13895169865676626,0.24706232031355618,-2.599509516508215,0
85.66,2,0.04445900009439441,-0.0037010420435460434,-148.83667418959922,0.19459519242125137,-0.242186827477393,-146.237164673091,-131.2924115464416,0.04554200917482376,-0.38,-0.13895169865676626,0.24706232031355618,-2.599509516508215,0
85.76,2,0.04256613516074961,-0.004763068406248322,-149.92336344379254,0.1927515331605526,-0.2433966824491804,-147.32108790365788,-132.95378670474958,0.03830061852931976,-0.38,-0.13664848787252698,0.2574330891293128,-2.999434057509542,0
85.87,2,0.039680323509021814,0.002402176050923799,-152.03206372288938,0.18943202109467303,-0.24545493625676784,-149.03262966537983,-134.0896590764674,0.03706534206867218,-0.38,-0.13664848787252698,0.2574330891293128,-2.999434057509542,0
85.97,2,0.03949536880450766,0.0013421084462874044,-153.20040143983067,0.18703260534907987,-0.2468601290451827,-150.297065831465,-135.25509807293318,0.03756038472056389,-0.38,-0.1289284574781181,0.25712381958530917,-2.5995095165082116,0
86.07,2,0.04447018148058207,0.0012294630465916612,-154.1215603541791,0.18559918013687915,-0.24765739013993143,-151.48935386093248,-137.05300557967382,0.04121522232890129,-0.38,-0.1289284574781181,0.25712381958530917,-2.5995095165082116,0
86.16,2,0.04278278754846357,0.0001489904807771003,-155.77139300690132,0.18318949549839594,-0.24892252449492272,-153.17188349039313,-138.85927968040806,0.04328059032559395,-0.38,-0.1289284574781181,0.25712381958530917,-2.5995095165082116,0
86.27,2,0.03745467001406372,-0.0004625388030919386,-157.35919915721962,0.17986971454503178,-0.2505497540053355,-154.6995676330017,-140.00493071885722,0.04194019362330437,-0.38,-0.13724327611053122,0.2623119910993336,-2.8994529222591914,0
86.36,2,0.027036300391702406,0.0019092922355056219,-158.97867502175504,0.17724132731289838,-0.2517595216147361,-156.07922209949584,-141.7073442483111,0.03666261211037636,-0.38,-0.1283518398970423,0.26221432051847193,-2.699490651758507,0
86.46,2,0.03430272947683777,0.001447903129194461,-160.598392064861,0.17475553536997215,-0.25281640815776896,-157.8989014131025,-142.9026235264283,0.03262093663215637,-0.38,-0.1283518398970423,0.26221432051847193,-2.699490651758507,0
86.56,2,0.029033727340579574,0.0004817345082795965,-162.31245159458945,0.17233511879458113,-0.2537575023578966,-159.5558280591155,-144.76125880460748,0.0390019565820694,-0.38,-0.13726278382754714,0.26228254329617157,-2.899452922259189,0
86.67,2,0.019658106873686965,-0.0005744767480027058,-164.16775253040137,0.17001620972532494,-0.25458292824855017,-161.26829960814217,-145.99813641894508,0.03135154768824577,-0.38,-0.13726278382754714,0.26228254329617157,-2.899452922259189,0
86.76,2,0.017138467265960772,-0.000966578997638412,-166.3066368975959,0.16760654038711198,-0.2553493621775374,-163.5087314311614,-147.86509862161148,0.027177348732948303,-0.3449644148349762,-0.1393936228980062,0.26219300504035914,-2.499528381257879,0
86.86,2,0.014683798913705137,-0.0007473925901903544,-167.60120915860853,0.16539796633887457,-0.2559707353374991,-165.10168077735062,-149.1532996973679,0.02394394762814045,-0.32151347398757935,-0.1393936228980062,0.26219300504035914,-2.499528381257879,0
86.96,2,0.012448482964930424,-0.0012092973612961577,-169.3171573158575,0.16318492131775408,-0.25652968537364784,-166.81762893459958,-150.4380185923231,0.02156977728009224,-0.2849027216434479,-0.14146610036263574,0.2521386082242182,-2.0996038402565587,0
87.07,2,0.010114979671983437,-0.010574585721805807,-170.5627029421444,0.1611042861363424,-0.25698337511652836,-168.46309910188785,-152.4107256809331,0.01981325075030327,-0.2344532459974289,-0.1304442490989026,0.2521554206666518,-2.2995661107572243,0
87.16,2,0.008758873666371542,-0.010788431172234325,-171.4743076188102,0.15975692516919954,-0.2572467603844261,-169.37470377855365,-154.2581403458279,0.004813250750303269,-0.15945324599742888,-0.1304442490989026,0.2521554206666518,-2.2995661107572243,0
