t,goal,map_x,map_y,map_yaw,odom_x,odom_y,odom_yaw,wheel_yaw,v,w,mo_x,mo_y,mo_yaw,stuck
0.53,1,0.0,0.0,0.13037865363145232,0.0,0.0,0.13037865363145235,-156.10098104860487,0.0,0.0,0.0,0.0,-2.4848066955642858e-17,0
0.63,1,0.0,0.0,0.13453056353888765,0.0,0.0,0.13453056353888768,-156.10098104860487,0.0,0.0,0.0,0.0,-2.4848066955642858e-17,0
0.75,1,0.0,0.0,0.13734628844410285,0.0,0.0,0.13734628844410288,-156.10098104860487,0.0,0.0,0.0,0.0,-2.4848066955642858e-17,0
0.83,1,0.0,0.0,0.14182841059937373,0.0,0.0,0.14182841059937376,-156.06975470670696,0.0,0.0,0.0,0.0,-2.4848066955642858e-17,0
0.94,1,0.000745860884216403,2.671881285276745e-06,0.34700107724514206,0.000745860884216403,2.671881285276745e-06,0.34700107724514206,-155.7497308481546,0.0,0.0,0.0,0.0,-2.4848066955642858e-17,0
1.04,1,0.0058281753192682886,9.40303524426272e-05,1.621389457637543,0.0058281753192682886,9.40303524426272e-05,1.621389457637543,-154.64141370519022,0.0,0.0,0.0,0.0,-2.4848066955642858e-17,0
1.14,1,0.009562166859791851,0.00022377913012114453,2.363106223638741,0.009562166859791851,0.00022377913012114453,2.363106223638741,-153.76117770706787,0.0,0.0,-0.010031766857450438,0.0011095555108867011,-0.3999245410012812,0
1.24,1,0.011441725894022935,0.00032567941124219774,2.681843986246778,0.011570635949502077,0.00031245636940388326,2.6869842060523053,-152.4412988375677,0.0,0.0,-0.010031766857450438,0.0011095555108867011,-0.3999245410012812,0
1.34,1,0.007434207471854665,0.0016050770409199652,2.926691692230397,0.01746209014421019,0.0006174209699620136,3.3266162332316775,-151.6001064933049,0.07447290420532227,0.3490990102291107,-0.010031766857450438,0.0011095555108867011,-0.3999245410012812,0
1.44,1,0.01148459663718841,0.0018288246473537593,3.44649066190817,0.02151081889604303,0.0008694346126878594,3.8464152029094523,-150.34024871702002,0.07591424137353897,0.3458295166492462,-0.010031766857450438,0.0011095555108867011,-0.3999245410012812,0
1.54,1,0.014156697072633537,0.0020047921540215312,4.1115145754540565,0.024181625995628335,0.0010640489423596705,4.511439116455339,-149.4907501670782,0.07309357076883316,0.3442137539386749,-0.010031766857450438,0.0011095555108867011,-0.3999245410012812,0
1.64,1,0.019784274102625735,0.0024860895584610876,5.695539799573181,0.029805706508671106,0.0015846147910557377,6.095464340574461,-148.19527026841251,0.07810524851083755,0.34862110018730164,-0.020079443481555964,0.0017317464051494205,-0.5998868115018913,0
1.74,1,0.02391382869178946,0.002941060276167199,6.886247571444515,0.03393198483164476,0.0020683984826069357,7.286172112445796,-147.3320148479928,0.0770467072725296,0.34240537881851196,-0.020079443481555964,0.0017317464051494205,-0.5998868115018913,0
1.83,1,0.016584613205407724,0.0037812981068274486,7.519958042849216,0.03664058871761229,0.002433305025992736,8.11984485435111,-146.03235602986652,0.07976722717285156,0.3734872043132782,-0.020079443481555964,0.0017317464051494205,-0.5998868115018913,0
1.94,1,0.02076972065502431,0.004376015144981023,8.688508604815489,0.04081924020807415,0.0030718067421746636,9.288395416317382,-145.15811559975026,0.07994461059570312,0.3504408001899719,-0.020150675288754902,0.002381930444822566,-0.7998490820025096,0
2.04,1,0.026324212182439164,0.005641585404907683,10.116383964998935,0.046403643158312025,0.004064629316292895,10.851988910113544,-143.85146188092722,0.08023122698068619,0.3560575842857361,-0.0200541309391876,0.0017068785527226253,-0.5998868115018549,0
2.14,1,0.029022556405394962,0.006114118391211577,10.809776475682966,0.04908461075812832,0.004595730930631466,11.538981741048158,-142.98606047092977,0.08078034967184067,0.3263477385044098,-0.0200541309391876,0.0017068785527226253,-0.5998868115018549,0
2.24,1,0.034727081491523336,0.006950970426132923,12.273891090242177,0.054723305236449006,0.005817353260193099,12.873777901744035,-141.70234517770933,0.07887614518404007,0.3219684064388275,-0.010054130939187536,0.0017068785527224746,-0.5998868115018268,0
2.34,1,0.040358594324012356,0.0075957211366878856,12.930852228807263,0.05761281531149204,0.006492393587432979,13.530739040309125,-140.88501344927187,0.08018559217453003,0.31545335054397583,-0.010054130939187536,0.0017068785527224746,-0.5998868115018268,0
2.44,1,0.05367485707537729,0.009048586765098338,14.085147445789081,0.06364862875135541,0.008008536127679442,14.68503425729091,-139.6976675395034,0.08033504337072372,0.31088051199913025,-0.010199150221598887,0.002433817141635777,-0.799849082002523,0
2.54,1,0.05670569568171698,0.00982316092324265,14.622691123360788,0.06667119159431527,0.00881480013190048,15.222577934862613,-138.94238947222038,0.08031197637319565,0.2879534363746643,-0.010199150221598887,0.002433817141635777,-0.799849082002523,0
2.64,1,0.06314728844752075,0.01207345468718314,15.611174070519418,0.07320472688019464,0.010662581293878263,16.41102315252195,-137.89505905209055,0.08048832416534424,0.3008650541305542,-0.010199150221598887,0.002433817141635777,-0.799849082002523,0
2.74,1,0.06794827958762871,0.013458688067269792,16.582186555239183,0.07798591298558905,0.012114699357358216,17.382035637241714,-137.19910517278979,0.08042029291391373,0.28610149025917053,-0.010199150221598821,0.002433817141635667,-0.7998490820025127,0
2.85,1,0.07098311523688045,0.014380543157738738,17.225893670086773,0.08100758424375433,0.01307882955259659,18.025742752089283,-136.0967225404236,0.08011173456907272,0.14657343924045563,-0.010199150221598821,0.002433817141635667,-0.7998490820025127,0
2.94,1,0.07569708268361502,0.015880997924837482,18.131400635644592,0.08570014669697695,0.01464494296470564,18.931249717647102,-135.40028793128462,0.08010673522949219,0.1504555344581604,-0.010199150221598766,0.002433817141635592,-0.7998490820025129,0
3.04,1,0.08131989229533032,0.01774302144904382,18.6522376625811,0.09129641542240413,0.016585276927481393,19.452086744583617,-134.596885428147,0.08055843412876129,0.13374431431293488,-0.010199150221598766,0.002433817141635592,-0.7998490820025129,0
3.14,1,0.08711391634885855,0.01973387500748621,19.289489143585406,0.09706208349777926,0.01865681844737102,20.089338225587916,-134.12926401856438,0.08076266199350357,0.13700444996356964,-0.010199150221598766,0.002433817141635592,-0.7998490820025129,0
3.24,1,0.09504126918000994,0.02258084197987179,20.14770635231297,0.10494892152581103,0.021614170264624106,20.947555434315483,-133.42595499813208,0.08087345957756042,0.12716557085514069,-0.010199150221598766,0.002433817141635592,-0.7998490820025129,0
3.33,1,0.09890211425071842,0.024012335130071238,20.601502346764622,0.10878940740348769,0.023099419577853362,21.40135142876713,-132.96652711394123,0.08066391199827194,0.10146264731884003,-0.010199150221598766,0.002433817141635592,-0.7998490820025129,0
3.44,1,0.10712018109223921,0.027158930482323856,21.288836399193137,0.11696274843861774,0.026360428815187773,22.08868548119565,-132.34308941504858,0.08069349080324173,0.07025321573019028,-0.009939577951126379,0.001561906124171965,-0.5998868115018198,0
3.54,1,0.11391009662790723,0.029316185112946203,21.85039646869141,0.12355230439268067,0.029049440180107067,22.450283280193236,-132.01084528187624,0.0807158425450325,0.05055658891797066,-0.009939577951126379,0.001561906124171965,-0.5998868115018198,0
3.64,1,0.12083956211069832,0.03210982518817421,22.102663058136624,0.13045214119462054,0.0319154773141494,22.702549869638446,-131.63621424081367,0.08090899884700775,0.04680526256561279,-0.009939577951126379,0.001561906124171965,-0.5998868115018198,0
3.74,1,0.12790244474352447,0.03499472667676486,22.358043730361373,0.13748443234446747,0.03487416771156077,22.95793054186319,-131.4391235122734,0.08084302395582199,0.032964181154966354,-0.009939577951126379,0.001561906124171965,-0.5998868115018198,0
3.84,1,0.13519001728425686,0.03800342402036353,22.481566779497875,0.14474010496805684,0.03795899963909105,23.081453590999693,-131.2063225120717,0.08096672594547272,0.022116005420684814,-0.009939577951126379,0.001561906124171965,-0.5998868115018198,0
3.94,1,0.14220285893858492,0.040921802745322554,22.626069647246343,0.15172200738188815,0.0409506415185125,23.225956458748154,-131.08978313151073,0.08089803159236908,-0.03875598683953285,-0.009939577951126379,0.001561906124171965,-0.5998868115018198,0
4.04,1,0.14981849331889255,0.04408423026682154,22.459358777488557,0.15930411433844402,0.044192629942706084,23.059245588990382,-131.1500757397768,0.08095074445009232,-0.059020619839429855,-0.009939577951126379,0.001561906124171965,-0.5998868115018198,0
4.14,1,0.15432227391892542,0.045942431375232656,22.349222183488223,0.16378819307633596,0.04609788292457441,22.949108994990056,-131.31145799659228,0.08079186826944351,-0.06924706697463989,-0.009939577951126379,0.001561906124171965,-0.5998868115018198,0
4.24,1,0.16304006094642406,0.049481933091707335,21.88937553821468,0.17246844437646025,0.049728464203714316,22.4892623497165,-131.62444191912067,0.08099723607301712,-0.06861607730388641,-0.009939577951126379,0.001561906124171965,-0.5998868115018198,0
4.34,1,0.16778975263596374,0.05137964949942511,21.584642534587527,0.1771980070078597,0.051675804961125185,22.184529346089345,-131.85582349225828,0.08093056827783585,-0.055400196462869644,-0.009939577951126285,0.001561906124171785,-0.5998868115018069,0
4.44,1,0.17663346899153504,0.05483536666449778,21.130268212017953,0.18600505794210273,0.05522392473706642,21.730155023519767,-132.16755978742083,0.08082430064678192,-0.03483838215470314,-0.009939577951126285,0.001561906124171785,-0.5998868115018069,0
4.54,1,0.18168957015112305,0.05677618056817132,20.940538599357374,0.19104056202672434,0.057217568676800654,21.54042541085919,-132.3170323561201,0.08067996054887772,-0.03223317489027977,-0.009939577951126285,0.001561906124171785,-0.5998868115018069,0
4.64,1,0.18895912612598417,0.05954979369140805,20.74756667348385,0.19828068035874807,0.060067140638924876,21.347453484985653,-132.49037452710192,0.08066274225711823,-0.026386860758066177,-0.009939577951126285,0.001561906124171785,-0.5998868115018069,0
4.74,1,0.19631964724951684,0.0623329695797288,20.663375266187618,0.20561165873332693,0.06292722722970454,21.263262077689422,-132.57987642342633,0.08074977248907089,-0.015097085386514664,-0.009939577951126285,0.001561906124171785,-0.5998868115018069,0
4.84,1,0.2061198924251732,0.06601250675955873,20.534790957635472,0.21537284270761842,0.06670916942661363,21.134677769137284,-132.6753168315693,0.08083274960517883,-0.007241610437631607,-0.009939577951126285,0.001561906124171785,-0.5998868115018069,0
4.94,1,0.21373524199333108,0.06886202091777759,20.52859208550074,0.22295794101069213,0.06963825865636393,21.12847889700255,-132.6988022479148,0.08147996664047241,0.019728854298591614,-0.009939577951126285,0.001561906124171785,-0.5998868115018069,0
5.04,1,0.21904319191851201,0.0708514581920296,20.585841118256525,0.22824477097969975,0.07168316011003238,21.18572792975833,-132.62741362823704,0.08158852159976959,0.034895751625299454,-0.009939577951126285,0.001561906124171785,-0.5998868115018069,0
5.14,1,0.2283465474820939,0.0743661750252062,20.76060005474507,0.23751081821391257,0.07529508865489332,21.36048686624687,-132.52528571684215,0.08129145205020905,0.023900315165519714,-0.009939577951126285,0.001561906124171785,-0.5998868115018069,0
5.24,1,0.23390050000426982,0.07648371980247662,20.93471408673264,0.24304229603547395,0.07747066619014772,21.534600898234448,-132.36702679881452,0.08133631944656372,0.027263451367616653,-0.009939577951126285,0.001561906124171785,-0.5998868115018069,0
5.34,1,0.24353957430672976,0.08018506661904096,21.159943471146114,0.25264208962761175,0.08127272940019374,21.759830282647922,-132.26129232049036,0.08120444416999817,0.02966279163956642,-0.009939577951126285,0.001561906124171785,-0.5998868115018069,0
5.44,1,0.25095212904959063,0.08306331590019518,21.328376210409914,0.2600241033693222,0.08422842895488003,21.928263021911718,-132.10285939253296,0.08102837949991226,0.006731737405061722,-0.009939577951126285,0.001561906124171785,-0.5998868115018069,0
5.54,1,0.2558661246586852,0.08498105114695657,21.301590903471443,0.2649177513213715,0.08619750768471142,21.901477714973247,-132.04934076764775,0.08107233047485352,-0.004912562668323517,-0.011359166549884926,0.0058086228036410194,-1.1997736230037674,0
5.64,1,0.2661200722634088,0.08898437147941617,21.26153313361181,0.27512922290965064,0.09030796546535677,21.861419945113617,-132.0578429152697,0.08099894225597382,-0.0012973509728908539,-0.011359166549884926,0.0058086228036410194,-1.1997736230037674,0
5.74,1,0.27319719618092014,0.09320670675867068,20.700551580327264,0.28266399622624827,0.09333709812825469,21.900325203331032,-132.07088812776027,0.08103015273809433,-0.010573502629995346,-0.011359166549884926,0.0058086228036410194,-1.1997736230037674,0
5.84,1,0.2781742820024452,0.09508109321658906,20.648497071003668,0.2876007441182871,0.09531528621812456,21.848270694007432,-132.12057013867954,0.08102622628211975,-0.006681818515062332,-0.011359166549884926,0.0058086228036410194,-1.1997736230037674,0
5.94,1,0.28847613458804694,0.09895574782573392,20.615008532662344,0.29781920885148183,0.09940479640054167,21.81478215566612,-132.15455487139585,0.08088365942239761,-0.007944252341985703,-0.011359166549884926,0.0058086228036410194,-1.1997736230037674,0
6.04,1,0.2933823491784399,0.10080197535036362,20.54789480300041,0.30268569065472933,0.10135334779538499,21.74766842600418,-132.20626653487489,0.08117999136447906,0.034022506326436996,-0.011359166549884926,0.0058086228036410194,-1.1997736230037674,0
6.14,1,0.3007675005057227,0.10357808389293494,20.726169558820093,0.31001109544263045,0.10428348148864862,21.92594318182386,-132.1172614049564,0.08096057921648026,0.041021231561899185,-0.011359166549884926,0.0058086228036410194,-1.1997736230037674,0
6.24,1,0.31034304771290705,0.10721782183877836,20.979706042453024,0.31950833282353047,0.10812291878625681,22.17947966545679,-131.87912557809258,0.08126172423362732,0.03495962545275688,-0.011359166549884926,0.0058086228036410194,-1.1997736230037674,0
6.34,1,0.31503348790295194,0.10901863890107513,21.04440439668112,0.32416003835706003,0.11002155168852565,22.24417801968489,-131.7233802424278,0.08139348775148392,0.03719537332653999,-0.011359166549884926,0.0058086228036410194,-1.1997736230037674,0
6.44,1,0.3223239198539139,0.11183847476500357,21.243763331928463,0.33138982895113367,0.11299341983784647,22.443536954932227,-131.53681942435145,0.0810776799917221,0.02377953752875328,-0.011359166549884926,0.0058086228036410194,-1.1997736230037674,0
6.54,1,0.3296411769874988,0.1146925437414483,21.40480897285132,0.3386457220578538,0.1160000752729029,22.60458259585509,-131.43352411433034,0.08115596324205399,0.0168457068502903,-0.011359166549884926,0.0058086228036410194,-1.1997736230037674,0
6.64,1,0.337113412564414,0.11762818018102288,21.499078447710808,0.3460548517335356,0.119091525300189,22.698852070714565,-131.31613770426193,0.08092214167118073,0.016673751175403595,-0.011359166549884926,0.0058086228036410194,-1.1997736230037674,0
6.74,1,0.34430660703060195,0.12046954454109722,21.61393550760282,0.3531869753868127,0.12208288122175083,22.813709130606593,-131.24250531108927,0.0807831808924675,0.012943994253873825,-0.011359166549884926,0.0058086228036410194,-1.1997736230037674,0
6.84,1,0.35224510240789725,0.12361940008032768,21.744545862359548,0.36105777722283916,0.12539826615134253,22.944319485363327,-131.1510922664037,0.0809248760342598,0.005895335227251053,-0.011359166549884775,0.00580862280364052,-1.1997736230037168,0
6.94,1,0.35976240676902754,0.12661735082118888,21.763569675768405,0.36851066103602464,0.1285529604898888,22.963343298772156,-131.10743470254462,0.08075355738401413,-0.0017981566488742828,-0.011359166549884775,0.00580862280364052,-1.1997736230037168,0
7.04,1,0.3673009391639708,0.12963320462858482,21.755730624549873,0.3759843933663042,0.1317259984525561,22.955504247553595,-131.08191281125096,0.08087611198425293,-0.007201965898275375,-0.011359166549884775,0.00580862280364052,-1.1997736230037168,0
7.14,1,0.37483139364732315,0.1326402976589042,21.7657977319279,0.38345023299320957,0.13489010841969767,22.96557135493162,-131.09015617374854,0.08088790625333786,0.0016199350357055664,-0.011359166549884775,0.00580862280364052,-1.1997736230037168,0
7.24,1,0.3849828490340269,0.13668460054563486,21.691312083807986,0.3935147813243299,0.13914608059986996,22.89108570681171,-131.07748241129494,0.08091089129447937,-0.0007687397301197052,-0.011359166549884775,0.00580862280364052,-1.1997736230037168,0
7.34,1,0.3925894956938031,0.13970810007953074,21.715372526022865,0.40105645289668107,0.14232818882130754,22.91514614902658,-131.06533266707746,0.08099199831485748,-0.0005590878427028656,-0.011359166549884775,0.00580862280364052,-1.1997736230037168,0
7.44,1,0.39973053196242225,0.1425411475142565,21.612361196073152,0.40813660393091833,0.14531013752803112,22.81213481907687,-131.04496777321702,0.08070205897092819,-0.014238070696592331,-0.011359166549884775,0.00580862280364052,-1.1997736230037168,0
7.54,1,0.4071630896602226,0.14547809910544923,21.495187612831067,0.4155060368889547,0.14840207162453903,22.69496123583479,-131.0642267078897,0.08097178488969803,-0.017370108515024185,-0.011359166549884775,0.00580862280364052,-1.1997736230037168,0
7.64,1,0.41241847266457243,0.1475461011716002,21.43792676584981,0.4207169669371212,0.15057965999269546,22.63770038885354,-131.1376111880618,0.08073845505714417,-0.021258313208818436,-0.011359166549884775,0.00580862280364052,-1.1997736230037168,0
7.74,1,0.4196455240490813,0.15037134318487366,21.271032427897566,0.427883277663409,0.15355560601407883,22.470806050901285,-131.20217169960438,0.08108770847320557,-0.019335296005010605,-0.011359166549884775,0.00580862280364052,-1.1997736230037168,0
7.84,1,0.42708572423971625,0.15325979662785574,21.14849118024597,0.43526136691579537,0.15659921261691379,22.348264803249688,-131.29845369918155,0.08056166023015976,-0.008156787604093552,-0.011359166549884775,0.00580862280364052,-1.1997736230037168,0
7.94,1,0.43418266777316095,0.15599848422125664,21.044644334953503,0.4422994106321565,0.15948589893477744,22.244417957957214,-131.32156677282003,0.08044835925102234,-0.007417310029268265,-0.011359166549884777,0.005808622803640436,-1.1997736230037104,0
8.04,1,0.44472132799264213,0.16004981003316213,20.97711664348347,0.4527509318583653,0.16375699997713075,22.17689026648719,-131.3470517352578,0.08043498545885086,-0.0015288777649402618,-0.011359166549884777,0.005808622803640436,-1.1997736230037104,0
8.14,1,0.45001564171460184,0.16207920941847226,20.967797424444807,0.4580015923702771,0.16589680927711045,22.167571047448522,-131.34285745803209,0.080998495221138,0.01959364488720894,-0.011359166549884777,0.005808622803640436,-1.1997736230037104,0
8.24,1,0.459782630635136,0.165819274277287,20.99485641280652,0.4676881288020047,0.1698405599891599,22.194630035810228,-131.25894636474,0.0811258926987648,0.012922178953886032,-0.011359166549884777,0.005808622803640436,-1.1997736230037104,0
8.34,1,0.4673929295676477,0.16873696630282156,21.014445579693305,0.4752356672937006,0.17291696037181922,22.214219202697016,-131.1917371581213,0.08163772523403168,0.018774501979351044,-0.011359166549884777,0.005808622803640436,-1.1997736230037104,0
8.44,1,0.47268489647907785,0.17077084709857512,21.014026581075463,0.4804838876757059,0.17506120096114447,22.213800204079178,-131.08336259749453,0.08149503916501999,0.012074131518602371,-0.011359166549884777,0.005808622803640436,-1.1997736230037104,0
8.54,1,0.4803697724946056,0.1737241627845005,21.05074874571028,0.48810524099566677,0.17817477872427961,22.25052236871398,-131.02474737514967,0.08136270940303802,0.00493549183011055,-0.011359166549884777,0.005808622803640436,-1.1997736230037104,0
8.64,1,0.487988452920234,0.17664903730166542,21.084281133517703,0.4956610087525893,0.1812585355195643,22.284054756521407,-130.97281490672358,0.08088016510009766,-0.04300669953227043,-0.011359166549884777,0.005808622803640436,-1.1997736230037104,0
8.74,1,0.49536993383494676,0.1794712989465014,20.735762873372824,0.5029817775572643,0.18423473534395063,21.93553649637654,-131.0685974137954,0.08064734935760498,-0.09750883281230927,-0.011359166549884777,0.005808622803640436,-1.1997736230037104,0
8.84,1,0.5039189583910596,0.18266787540067891,20.13354250100683,0.5114619964590198,0.18760961449241353,21.333316124010533,-131.4549262431785,0.08029303699731827,-0.12705832719802856,-0.011359166549884777,0.005808622803640436,-1.1997736230037104,0
8.94,1,0.5082087268031996,0.18420950264852326,19.34287786446534,0.5157185450935197,0.18924072494950334,20.542651487469048,-131.8458030626089,0.08003376424312592,-0.13457217812538147,-0.011359166549884777,0.005808622803640436,-1.1997736230037104,0
9.04,1,0.5137341118113122,0.18611813979999586,18.781569273984815,0.521202754809328,0.19126463676993719,19.981342896988533,-132.29916236865188,0.07996848970651627,-0.10389356315135956,-0.011359166549884777,0.005808622803640436,-1.1997736230037104,0
9.14,1,0.5197474067578542,0.1881259456875746,18.152031739774813,0.5271726910556425,0.1933979116728141,19.351805362778524,-132.93112164684547,0.07996008545160294,-0.1250770390033722,0.0002565127147773449,0.011157280253089662,-0.7998490820023575,0
9.24,1,0.5289603628169146,0.19279608143618182,17.421304079104434,0.5332559217787446,0.1954756349282316,18.501492297151056,-133.55797055309134,0.07997909933328629,-0.11675392091274261,0.0002565127147773449,0.011157280253089662,-0.7998490820023575,0
9.34,1,0.5440624291883964,0.20163668215673605,17.008181684645695,0.5410939223672304,0.19805212576119752,17.808030766648052,-133.97241081835583,0.07999303191900253,-0.1583179235458374,0.0002565127147773449,0.011157280253089662,-0.7998490820023575,0
9.44,1,0.5481164251993664,0.20285306331721809,16.28841475314849,0.5451305432305323,0.19932498034460086,17.08826383515085,-134.6655137740272,0.08000008016824722,-0.17087644338607788,0.0002565127147773449,0.011157280253089662,-0.7998490820023575,0
9.54,1,0.5556551665018233,0.20499265280836487,15.305490851399384,0.552638682264772,0.2015695987661871,16.10533993340174,-135.2019049167769,0.08000176399946213,-0.19682900607585907,0.0002565127147773449,0.011157280253089662,-0.7998490820023575,0
9.64,1,0.5591330639656202,0.20592719398265213,14.774186407166415,0.5561031950739079,0.20255259875115952,15.574035489168775,-136.06095161717357,0.08000137656927109,-0.15438370406627655,-0.008921498107615628,0.008723149421722788,-0.5998868115016959,0
9.74,1,0.5611424202579147,0.2071484331861554,13.947953778091529,0.5615058743758199,0.2040103509998388,14.678610208097844,-136.6081593128184,0.0800006240606308,-0.19391761720180511,-0.008921498107615628,0.008723149421722788,-0.5998868115016959,0
9.83,1,0.560300365338139,0.20820382707283955,13.044012254764588,0.5671021398874146,0.205429388150579,13.64389906626629,-137.44759818627955,0.080000139772892,-0.11442780494689941,-0.008921498107615628,0.008723149421722788,-0.5998868115016959,0
9.94,1,0.5659658998117391,0.20948972774360283,12.521762183300444,0.5727539006993112,0.2067745354033848,13.121648994802143,-137.95275618075954,0.07999994605779648,-0.11056873202323914,-0.008921498107615628,0.008723149421722788,-0.5998868115016959,0
10.04,1,0.574541423434456,0.21132181165703157,11.47297532124604,0.5813097727298941,0.2086963029923271,12.072862132747733,-138.5753888481883,0.07999992370605469,-0.17056873202323913,-0.008921498107615842,0.008723149421723156,-0.5998868115017294,0
10.15,1,0.5786530677361529,0.21214987974000205,11.275286274508172,0.5854125219581456,0.20956737381826082,11.875173086009902,-138.9870867581928,0.07999995350837708,-0.14350226521492004,-0.008921498107615842,0.008723149421723156,-0.5998868115017294,0
10.24,1,0.58465139436991,0.21329918421943,10.44919586433368,0.5913984868258719,0.21077941663681948,11.049082675835406,-139.7075336164846,0.07999998331069946,-0.09993404150009155,-0.008921498107615842,0.008723149421723156,-0.5998868115017294,0
10.34,1,0.5930706672196027,0.21476083484997177,9.501689561262902,0.59980199501314,0.21232913533059955,10.101576372764633,-140.14993780942203,0.07999999821186066,-0.04578367993235588,-0.009727829082592416,0.011311176475809101,-0.7998490820023468,0
10.44,1,0.6003061620494377,0.21642456851779526,8.857039071770215,0.6071112599468803,0.2136092038680789,9.656888153772567,-140.59623551007058,0.08000000566244125,-0.04571233317255974,-0.009727829082592416,0.011311176475809101,-0.7998490820023468,0
10.54,1,0.6073762038060538,0.21751718912245102,8.678426981983797,0.6141653603159348,0.21480041258586113,9.478276063986149,-140.8114130102883,0.08000000566244125,-0.06294810771942139,-0.009727829082592416,0.011311176475809101,-0.7998490820023468,0
10.64,1,0.6146627892942659,0.2186064055651612,8.21103378230835,0.6214360308372907,0.2159912403257044,9.010882864310696,-141.1659444508877,0.08000000566244125,-0.05682407692074776,-0.009727829082592416,0.011311176475809101,-0.7998490820023468,0
10.74,1,0.6197489682896636,0.2193342899827026,8.101666183933895,0.6265115533029554,0.2167900545713576,8.901515265936245,-141.52306198448454,0.08000000566244125,-0.027373798191547394,-0.009727829082592416,0.011311176475809101,-0.7998490820023468,0
10.84,1,0.6273198730320186,0.2203899934941211,7.825990711786479,0.6340669831999338,0.21795134161325483,8.625839793788826,-141.6753758194985,0.08000000566244125,-0.00895966961979866,-0.009727829082592416,0.011311176475809101,-0.7998490820023468,0
10.94,1,0.6351315210425987,0.2214602091515489,7.686086878355414,0.6418629303243236,0.21913050005397575,8.48593596035776,-141.75607272990658,0.08000000566244125,-0.034220464527606964,-0.009727829082592416,0.011311176475809101,-0.7998490820023468,0
11.04,1,0.6429176689036843,0.22251140870827676,7.6046970890422845,0.6496336452400768,0.22029028827638603,8.404546171044633,-141.9275996302628,0.08000000566244125,0.004215536173433065,-0.009727829082592416,0.011311176475809101,-0.7998490820023468,0
11.14,1,0.6530865920518716,0.2238562648022179,7.549461657332557,0.6597828039550625,0.22177696688495607,8.349310739334904,-141.98485790474342,0.08000000566244125,0.04474131017923355,-0.009727829082592416,0.011311176475809101,-0.7998490820023468,0
11.24,1,0.660760324203632,0.2248838520132609,7.858349459406628,0.6674414437328288,0.22291157579011936,8.658198541408977,-141.86304452203314,0.08100268244743347,0.09571631997823715,-0.011325640788701704,0.006959719676985764,-1.1997736230036604,0
11.34,1,0.6656790798764823,0.22225887052506813,7.907237204830216,0.6723896638676109,0.22367133911686907,8.853313852884368,-141.61876034949756,0.08131206780672073,0.1745438128709793,-0.011325640788701704,0.006959719676985764,-1.1997736230036604,0
11.44,1,0.6737920999077731,0.21766038487407238,8.578434769034454,0.6805557902388698,0.22499978956408884,9.778208392038112,-141.07786321314478,0.0804021954536438,0.1772163212299347,-0.011325640788701704,0.006959719676985764,-1.1997736230036604,0
11.54,1,0.6772370206975298,0.21819530643080115,9.125172189440745,0.6839887553467678,0.22560672521760194,10.324945812444406,-140.57738142029203,0.07944270968437195,0.20191891491413116,-0.022941937789635828,0.002809383679648285,-1.59969816400498,0
11.64,1,0.6832250343888024,0.21920106449862742,9.9931581874131,0.6899543972282559,0.22673764263266852,11.192931810416756,-139.73380190269017,0.08036664873361588,0.2383495420217514,-0.022941937789635828,0.002809383679648285,-1.59969816400498,0
11.74,1,0.6783311140343753,0.21112603028783206,10.419947255257132,0.6951842939947448,0.22781245763054625,12.019645419262114,-139.12489992913473,0.0799141600728035,0.3035358488559723,-0.022941937789635828,0.002809383679648285,-1.59969816400498,0
11.84,1,0.6833794867825127,0.2120959170410071,11.394233349273856,0.7002036234806603,0.2289228986375066,12.993931513278838,-138.1612892862192,0.07356346398591995,0.3527034521102905,-0.022941937789635828,0.002809383679648285,-1.59969816400498,0
11.94,1,0.6891214405930547,0.21333149277032043,13.045071539360835,0.7059088466416745,0.2303182873390136,14.644769703365814,-137.3892820721162,0.07154817134141922,0.38,-0.022941937789635828,0.002809383679648285,-1.59969816400498,0
12.04,1,0.6931307199867387,0.21430971943419813,14.473952972469979,0.7098892549271234,0.23140805728889746,16.073651136474957,-136.08854667894002,0.06601450592279434,0.38,-0.022941937789635727,0.0028093836796479693,-1.599698164004962,0
12.14,1,0.6969970719421009,0.2153559508196615,15.858248732059737,0.7137248930333313,0.2325618154407074,17.45794689606472,-135.1921833554808,0.06807728856801987,0.38,-0.022941937789635727,0.0028093836796479693,-1.599698164004962,0
12.24,1,0.7008401717338876,0.21649452548262374,17.300433875315917,0.7175347101488576,0.23380723176427698,18.900132039320884,-133.82836615091162,0.07529059797525406,0.27590468525886536,-0.022941937789635845,0.002809383679647748,-1.5996981640049568,0
12.34,1,0.7033996447153779,0.21730769119771845,18.038962031629936,0.7200704849695643,0.23469153175967133,19.638660195634895,-132.97061517112755,0.07774747163057327,0.2553434371948242,-0.022941937789635845,0.002809383679647748,-1.5996981640049568,0
12.44,1,0.7077737741833656,0.21877551603908116,19.136759078571878,0.7244019333282041,0.23628089436275415,20.73645724257683,-131.80358765124944,0.0802375003695488,0.2625373899936676,-0.022941937789635852,0.002809383679647496,-1.599698164004951,0
12.53,1,0.7120152006196351,0.22029217185837213,20.305175725041096,0.7285993671907425,0.23791536432518565,21.904873889046044,-131.04645469577162,0.08044243603944778,0.17841678857803345,-0.022941937789635852,0.002809383679647496,-1.599698164004951,0
12.64,1,0.7170520279007448,0.22220948387837075,21.463391975899494,0.7335807070324394,0.23997253904389215,23.063090139904457,-130.03790585470728,0.0804026797413826,0.12011409550905228,-0.011999265995152495,0.009752555735473723,-1.3997358935042843,0
12.73,1,0.7267310591702433,0.2283760476115471,22.008630684812378,0.7389203705721598,0.2422741616112554,23.524210446365068,-129.53181984489777,0.08109840005636215,0.04511409550905228,-0.011999265995152495,0.009752555735473723,-1.3997358935042843,0
12.84,1,0.7391151243030397,0.2365903400347994,22.72397597523581,0.7453491637055988,0.2451179957943047,24.1237118687401,-129.10460271938257,0.08102324604988098,0.14209421806037426,-0.011015049271445665,0.016669966161946673,-1.199773623003606,0
12.94,1,0.7461554623582299,0.24277532979742014,23.17865345825758,0.7522543013337764,0.24822173669430672,24.510411805864436,-128.87933123420618,0.08090642839670181,0.11661996692419052,-0.011015049271445665,0.016669966161946673,-1.199773623003606,0
13.04,1,0.7544213289362885,0.25269565450286274,24.252110707256158,0.7603265519605024,0.25200100996708386,25.45188433025976,-128.30702773485777,0.08280065655708313,0.09827002882957458,-0.011015049271445665,0.016669966161946673,-1.199773623003606,0
13.14,1,0.7605105406768382,0.2554664754677459,24.856443678134763,0.7663564119892016,0.25489872225007176,26.056217301138368,-127.92824585404207,0.08325334638357162,0.1041964441537857,-0.011015049271445665,0.016669966161946673,-1.199773623003606,0
13.24,1,0.7665044951610165,0.2582930366511122,25.585403301723996,0.7722898685302615,0.25785016799022475,26.785176924727594,-127.38343764979201,0.08225404471158981,0.08739766478538513,-0.011015049271445665,0.016669966161946673,-1.199773623003606,0
13.34,1,0.7701559986106212,0.2600444969822602,25.71547302344054,0.77590389854781,0.2596777012365213,26.91524664644414,-127.02838240973409,0.0844963937997818,0.029731977730989456,-0.009934400216471446,0.0034748747807132594,-0.9998113525029785,0
13.44,1,0.7796869262430408,0.256774781784596,26.264992668817303,0.785177786276859,0.26445016590118153,27.314430077511023,-126.68578186989195,0.08157848566770554,-0.01871081441640854,-0.009934400216471446,0.0034748747807132594,-0.9998113525029785,0
13.54,1,0.7869638336683226,0.2577688799270643,26.27418286051887,0.7923397030194835,0.26816045801175264,27.27399421302184,-126.67461390454365,0.08048946410417557,-0.09293672442436218,-0.009934400216471446,0.0034748747807132594,-0.9998113525029785,0
13.64,1,0.7912654384513552,0.2598786385655067,25.99470480513256,0.7966038394745516,0.2703449546389991,26.994516157635534,-126.95070922658986,0.08102979511022568,-0.16846244037151337,-0.009934400216471446,0.0034748747807132594,-0.9998113525029785,0
13.74,1,0.7971613683713321,0.2627260572230404,25.32929518033982,0.8024491868206532,0.27329481854026194,26.329106532842793,-127.33700791718046,0.08140640705823898,-0.18991181254386902,-0.009934400216471446,0.0034748747807132594,-0.9998113525029785,0
13.84,1,0.8039033012581234,0.26582292947768216,23.95743835975852,0.8091360555874701,0.27650886006254105,24.9572497122615,-128.1083148728459,0.08287334442138672,-0.15890003740787506,-0.009934400216471446,0.0034748747807132594,-0.9998113525029785,0
13.94,1,0.8092451837995915,0.2681509643447945,23.137648626028007,0.8144365026945147,0.2789297516121063,24.137459978530988,-128.6193613605185,0.08164545148611069,-0.16950459778308868,-0.009934400216471446,0.0034748747807132594,-0.9998113525029785,0
14.04,1,0.8146729235723781,0.27043953731162995,22.36104590956358,0.8198234825365518,0.2813126854020187,23.360857262066563,-129.36174825810755,0.0819326862692833,-0.1736827790737152,0.0023517162112055984,0.006816834149262302,-0.5998868115016348,0
14.14,1,0.8220917812000098,0.27517220748399657,21.851098311131608,0.8235475538746517,0.28289523857141885,22.709937174730456,-129.8692723846919,0.08153210580348969,-0.13312888145446777,0.0023517162112055984,0.006816834149262302,-0.5998868115016348,0
14.24,1,0.8361686952591297,0.2839826912624463,21.267739470672897,0.8308694040759425,0.2858805699385332,21.867626282174527,-130.5734932364774,0.0798502042889595,-0.13669316470623016,0.0023517162112055984,0.006816834149262302,-0.5998868115016348,0
14.34,1,0.8419430229379825,0.2861878160683215,20.471451139631952,0.836620328029283,0.28814602998787087,21.071337951133586,-131.0143965561979,0.07918151468038559,-0.16525250673294067,0.0023517162112055984,0.006816834149262302,-0.5998868115016348,0
14.44,1,0.8458848904591681,0.28763709976342827,19.821886226536286,0.8405468057738515,0.289636504846729,20.42177303803793,-131.73641017970303,0.08029832690954208,-0.08929479122161865,0.002351716211205647,-0.0031831658507370715,-0.5998868115016753,0
14.54,1,0.8516983476923785,0.2861458651047739,19.371068697831113,0.8463383801652361,0.29175691395198294,19.97095550933275,-132.1514621193909,0.08036258816719055,-0.10493408143520355,0.002351716211205647,-0.0031831658507370715,-0.5998868115016753,0
14.64,1,0.8581118553648897,0.28191376475958557,18.701324670989973,0.8527283246558086,0.2940409494227928,19.301211482491652,-132.6827347770661,0.08017688244581223,-0.1233900636434555,0.002351716211205647,-0.0031831658507370715,-0.5998868115016753,0
14.74,1,0.8642334567208086,0.2839494760254836,18.12747024771884,0.8588282769795197,0.2961406411066707,18.727357059220513,-133.07714046709967,0.08007030934095383,-0.09020817279815674,0.002351716211205647,-0.0031831658507370715,-0.5998868115016753,0
14.84,1,0.870526030058265,0.28597963586502284,17.478484039808563,0.8650992500361745,0.298236571712405,18.078370851310236,-133.61730779558636,0.07999924570322037,-0.0890471339225769,0.002351716211205647,-0.0031831658507370715,-0.5998868115016753,0
14.94,1,0.8789212476745197,0.28858082022553894,16.984645127170065,0.8734667736082965,0.3009255098246808,17.584531938671745,-133.94599596564413,0.07998558133840561,-0.015904545783996582,-0.0076482837887943255,0.00681683414926237,-0.5998868115016479,0
15.04,1,0.8740569803720973,0.30014236615738654,16.805136556958193,0.8785858757294231,0.3025407403072177,17.40502336845983,-134.22068995936328,0.08090817183256149,-0.014494713395833969,-0.0076482837887943255,0.00681683414926237,-0.5998868115016479,0
15.14,1,0.8840630697360333,0.3031439773304788,16.601064291869704,0.8885599903652965,0.30564694880375504,17.200951103371352,-134.29483635866407,0.08175263553857803,-0.051727596670389175,-0.0076482837887943255,0.00681683414926237,-0.5998868115016479,0
15.24,1,0.8913566481550977,0.30529363431306367,16.382261130030784,0.8958306625262922,0.3078728503346274,16.982147941532432,-134.5202333215652,0.08096868544816971,-0.083614781498909,-0.0076482837887943255,0.00681683414926237,-0.5998868115016479,0
15.34,1,0.8962477211552298,0.30671479089318343,15.887742373450159,0.9007065882094167,0.3093451376199377,16.487629184951807,-134.7861334577738,0.08073221147060394,-0.11664392054080963,-0.0076482837887943255,0.00681683414926237,-0.5998868115016479,0
15.44,1,0.9022928447042406,0.30840644591567307,15.474426280085167,0.9067336691210192,0.31109999121010334,16.07431309158682,-135.32734633219346,0.08108372986316681,-0.20377567410469055,-0.0076482837887943255,0.00681683414926237,-0.5998868115016479,0
15.54,1,0.9084213232577548,0.31006207594890584,14.651709133581214,0.9128444776431877,0.31281969449649233,15.251595945082864,-135.78308313568695,0.08100107312202454,-0.11341139674186707,-0.0076482837887943255,0.00681683414926237,-0.5998868115016479,0
15.64,1,0.914062481984936,0.3114786497258303,13.645507753165337,0.9184704959222734,0.31429525248387064,14.245394564666986,-136.5144989590634,0.08088003098964691,-0.08831049501895905,-0.0076482837887943255,0.00681683414926237,-0.5998868115016479,0
15.73,1,0.9204130540563417,0.3130017099641757,13.278401567106114,0.9248047737697926,0.3158847185181647,13.878288378607763,-136.89120362205588,0.080825574696064,-0.05657320097088814,0.001169164584207562,0.0005432747359749003,-0.7998490820023476,0
15.84,1,0.9310954804110612,0.3110289153062477,12.587514389277748,0.9317565472709181,0.31756606073656185,13.262485416910414,-137.30441149078794,0.08071501553058624,-0.048880722373723984,0.001169164584207562,0.0005432747359749003,-0.7998490820023476,0
15.94,1,0.9445167594396975,0.3066695553869343,12.259908559671082,0.9389822917298855,0.31926515663711164,13.059757641673428,-137.5294552347961,0.08077500015497208,-0.030949514359235764,0.001169164584207562,0.0005432747359749003,-0.7998490820023476,0
16.04,1,0.9520367158856249,0.3082806745296459,12.079532096522883,0.9464790249444223,0.32098109397592023,12.879381178525229,-137.77467295825846,0.08114565163850784,-0.005904540419578552,0.001169164584207562,0.0005432747359749003,-0.7998490820023476,0
16.14,1,0.959859340704557,0.30993713899674713,11.87356888371751,0.9542777640400264,0.3227465973339567,12.673417965719858,-137.84096339717144,0.08107610046863556,-0.01545897126197815,0.001169164584207562,0.0005432747359749003,-0.7998490820023476,0
16.24,1,0.9706730826290816,0.31220343130974204,11.714126790358106,0.9650588158688921,0.3251636237553003,12.513975872360454,-137.9449051967956,0.08092199265956879,-0.026993218809366226,0.001169164584207562,0.0005432747359749003,-0.7998490820023476,0
16.34,1,0.9757700180514816,0.3132562610294576,11.582446327850148,0.9701405576243795,0.3262875017955554,12.3822954098525,-138.04167362832408,0.0814180001616478,-0.03384370729327202,0.001169164584207562,0.0005432747359749003,-0.7998490820023476,0
16.44,1,0.9834951415584148,0.3148216663299951,11.30373285069355,0.9778430760531135,0.3279605937856557,12.1035819326959,-138.24204958885056,0.08154074847698212,-0.041084956377744675,0.001169164584207562,0.0005432747359749003,-0.7998490820023476,0
16.54,1,0.9911467790789926,0.3163449389770702,11.08875253445848,0.9854727038086475,0.32959053139661687,11.888601616460825,-138.4149681796492,0.08042144775390625,-0.06562578678131104,0.001169164584207562,0.0005432747359749003,-0.7998490820023476,0
16.64,1,1.0008623743442735,0.31820873829778157,10.58589376730538,0.9951613346004944,0.3315897744148378,11.385742849307732,-138.74503603664212,0.08076922595500946,-0.051732566207647324,0.0011691645842074566,0.00054327473597529,-0.7998490820023717,0
16.74,1,1.00554832405069,0.3190696618982926,10.236380176097406,0.999834809608535,0.33251602786082435,11.036229258099752,-138.9654992827865,0.08016662299633026,-0.07952757179737091,0.0011691645842074566,0.00054327473597529,-0.7998490820023717,0
16.84,1,1.0150461660701382,0.32074560916745093,9.587959661122603,1.0093083307017192,0.33432439739507125,10.387808743124976,-139.36192822842085,0.08065225929021835,-0.06671059131622314,0.0011691645842074566,0.00054327473597529,-0.7998490820023717,0
16.94,1,1.022034996498835,0.32189089408971266,9.107387921275414,1.0162804924860278,0.33556713162557467,9.907237003277789,-139.63109135453877,0.08061328530311584,-0.0518835224211216,0.0011691645842074566,0.00054327473597529,-0.7998490820023717,0
17.04,1,1.0294009513063647,0.32305283686473235,8.647511657521418,1.0236295093663934,0.33683178657104057,9.447360739523788,-139.99871731464407,0.08076734095811844,-0.042275551706552505,0.0011691645842074566,0.00054327473597529,-0.7998490820023717,0
17.14,1,1.034250331436478,0.32378609991519447,8.583607289279172,1.0284681809569929,0.3376326733207347,9.383456371281548,-140.19937478810579,0.08100393414497375,-0.02967926487326622,0.0011691645842074566,0.00054327473597529,-0.7998490820023717,0
17.24,1,1.0419194121378221,0.32491449353508656,8.237537041959104,1.0361207625258169,0.33886801388011073,9.037386123961477,-140.43255616667972,0.08047116547822952,-0.04872633144259453,0.0011691645842074566,0.00054327473597529,-0.7998490820023717,0
17.34,1,1.0495402659905386,0.3260066825732118,7.932309073227271,1.043725627344745,0.3400664801605262,8.732158155229643,-140.6151416075028,0.08049731701612473,-0.067326620221138,0.0011691645842074566,0.00054327473597529,-0.7998490820023717,0
17.44,1,1.0568036807325485,0.3269905828198299,7.505535958278503,1.050974599543983,0.3411516785130943,8.305385040280873,-140.98066738830587,0.0807037428021431,-0.06641462445259094,0.0011691645842074566,0.00054327473597529,-0.7998490820023717,0
17.54,1,1.0640014650670582,0.32791082565811724,6.976014112957897,1.0581588363592531,0.3421723094893291,7.7758631949602695,-141.2498443933705,0.08087053149938583,-0.019418392330408096,0.0011691645842072348,0.0005432747359752929,-0.7998490820023775,0
17.64,1,1.073945042645269,0.32909257535419556,6.617429590240348,1.068084948353117,0.34349275187101536,7.4172786722427215,-141.51605953369324,0.0810103788971901,0.028894390910863876,0.0011691645842072348,0.0005432747359752929,-0.7998490820023775,0
17.74,1,1.0794620467318714,0.32973487611329366,6.747555771878239,1.073592448639793,0.3442120049203586,7.547404853880618,-141.4855208127757,0.08104860782623291,0.06504949927330017,0.0011691645842072348,0.0005432747359752929,-0.7998490820023775,0
17.84,1,1.0870703530707067,0.3306505767916896,6.985676167720161,1.0811872308649384,0.3452338248803279,7.7855252497225385,-141.26259056298272,0.08109831064939499,0.054864417761564255,0.0011691645842072348,0.0005432747359752929,-0.7998490820023775,0
17.94,1,1.0966787467348136,0.33187218180522965,7.4232609749946405,1.090777635242596,0.3465894396805434,8.223110056997017,-141.0854631715348,0.08111213147640228,0.05215514078736305,0.0011691645842072348,0.0005432747359752929,-0.7998490820023775,0
18.04,1,1.1041238634268857,0.33285059314099547,7.649238549494352,1.0982083683097068,0.3476716861339299,8.44908763149673,-140.8094448826945,0.08106482774019241,0.039627693593502045,0.0011691645842072348,0.0005432747359752929,-0.7998490820023775,0
18.14,1,1.1117059931400444,0.3338745524778778,7.704027870520126,1.1057754652180196,0.3488013887899212,8.503876952522502,-140.67076460184862,0.08087336272001266,0.008824590593576431,0.0011691645842072348,0.0005432747359752929,-0.7998490820023775,0
18.24,1,1.1173143001332002,0.33463918638076146,7.806680275269043,1.1113725517995465,0.34964423761018093,8.606529357271423,-140.56362769726343,0.08060522377490997,0.004774197936058044,0.0011691645842072348,0.0005432747359752929,-0.7998490820023775,0
18.34,1,1.1277614211160576,0.33606036828240127,7.747035517368034,1.121798815768155,0.3512111181049542,8.546884599370411,-140.5395450622186,0.07995059341192245,-0.01862052083015442,0.0011691645842072348,0.0005432747359752929,-0.7998490820023775,0
18.44,1,1.133276610162647,0.33680375459809386,7.607646937080701,1.1273030900831384,0.35203142152405864,8.407496019083077,-140.60319545731414,0.0803787112236023,-0.015169385820627213,0.0011691645842072348,0.0005432747359752929,-0.7998490820023775,0
18.54,1,1.140854668838944,0.3378125451952753,7.508586143521608,1.1348663280999969,0.35314590008855057,8.308435225523988,-140.66825025851517,0.08044639974832535,0.0004953406751155853,0.0011691645842072348,0.0005432747359752929,-0.7998490820023775,0
18.64,1,1.1516266824402308,0.339217009149269,7.388217533311075,1.1456176864047212,0.3547005996183018,8.188066615313453,-140.69740149808482,0.08046916127204895,0.00306493416428566,0.0011691645842072348,0.0005432747359752929,-0.7998490820023775,0
18.74,1,1.1596632176123618,0.3402566298630791,7.37248958911164,1.1536389258693733,0.3558523054193593,8.172338671114018,-140.70021838384477,0.08059344440698624,0.0024201609194278717,-0.0025029206890166485,0.00411999560342038,-1.3997358935043702,0
18.84,1,1.1648027591546948,0.33688647762911844,7.056462788500551,1.158833409879878,0.3565956214148034,8.137660518665887,-140.69400309584202,0.0800148993730545,-0.01129131019115448,-0.0025029206890166485,0.00411999560342038,-1.3997358935043702,0
18.94,1,1.172677966744711,0.33324375502502224,6.675811843393795,1.1667905225951238,0.35773236306983736,8.075547736898162,-140.73345708342703,0.07868420332670212,-0.02112102136015892,-0.0025029206890166485,0.00411999560342038,-1.3997358935043702,0
19.04,1,1.1806004460006183,0.3341633085471671,6.571255689166826,1.1746881753441354,0.3588451691160111,7.970991582671198,-140.84463144167276,0.07772648334503174,-0.0031001046299934387,-0.0025029206890166485,0.00411999560342038,-1.3997358935043702,0
19.14,1,1.1911404329738062,0.33536057756236304,6.472857655826982,1.1851957708377374,0.3602995471385875,7.87259354933135,-140.88924994620058,0.07716809213161469,-0.0030914023518562317,-0.0025029206890166485,0.00411999560342038,-1.3997358935043702,0
19.24,1,1.1988380604677,0.33622821446671775,6.411935107526555,1.1928699071167788,0.36135495947660934,7.811671001030924,-140.9221660679167,0.07740359008312225,-0.0018864460289478302,-0.0025029206890166485,0.00411999560342038,-1.3997358935043702,0
19.34,1,1.2038434100371496,0.3367907199324607,6.380270223920127,1.1978600224602463,0.36203956561905093,7.780006117424499,-140.93995564670186,0.07731564342975616,-0.008835289627313614,-0.0025029206890166485,0.00411999560342038,-1.3997358935043702,0
19.44,1,1.21155210767774,0.33765314575863553,6.37297268718181,1.205545352876656,0.36309003885064955,7.772708580686177,-140.99294416016048,0.07733681797981262,-0.008204184472560883,-0.0025029206890166485,0.00411999560342038,-1.3997358935043702,0
19.54,1,1.2219685669565383,0.3388064500667306,6.256672877959144,1.2159305314871973,0.36449744780368687,7.6564087714635125,-141.0388581442152,0.07798869907855988,-0.0334390290081501,-0.0025029206890166485,0.00411999560342038,-1.3997358935043702,0
19.64,1,1.2297064997627696,0.3396406774443221,5.953022642683121,1.223645777165121,0.36552044514510684,7.352758536187491,-141.19053107914587,0.07810551673173904,-0.043674442917108536,-0.0025029206890166485,0.00411999560342038,-1.3997358935043702,0
19.74,1,1.23730891721345,0.3404208320300348,5.752376378695586,1.2312268687918606,0.36648607551900614,7.152112272199957,-141.3491828332359,0.07871702313423157,-0.06725257635116577,-0.0025029206890166485,0.00411999560342038,-1.3997358935043702,0
19.84,1,1.241617038796329,0.3408405733189731,5.385484769030656,1.235523451581844,0.36701092849968375,6.785220662535026,-141.69028417979672,0.08009149879217148,-0.10676658153533936,-0.0025029206890166485,0.00411999560342038,-1.3997358935043702,0
19.94,1,1.2508136207453286,0.3416666224443882,4.667927258117813,1.2446971109199476,0.3680613812833395,6.067663151622181,-142.01091882331764,0.07920341193675995,-0.08434873819351196,-0.01250292068901673,0.004119995603420526,-1.3997358935043764,0
20.04,1,1.250689964949173,0.342040725608778,4.284522598731704,1.2494392159506087,0.3685514687912555,5.684258492236073,-142.51222745396913,0.07885796576738358,-0.07538802921772003,-0.01250292068901673,0.004119995603420526,-1.3997358935043764,0
20.14,1,1.2548270603920344,0.3426923103664299,3.6299860975977665,1.2586813139262603,0.3694290774204751,5.029721991102144,-142.83114034868967,0.07890978455543518,0.009081456810235977,-0.01250292068901673,0.004119995603420526,-1.3997358935043764,0
20.24,1,1.2597401672147608,0.3429985057825433,3.6289594849914506,1.2635854750796984,0.3698551967294404,5.0286953784958275,-143.0361146991932,0.08109735697507858,-0.04918453469872475,-0.01250292068901673,0.004119995603420526,-1.3997358935043764,0
20.34,1,1.2674616563451557,0.34347528097387653,3.28552518522868,1.2712930136768414,0.3705204468684372,4.685261078733057,-143.17385213075485,0.07941772788763046,-0.00586097314953804,-0.01250292068901673,0.004119995603420526,-1.3997358935043764,0
20.44,1,1.2751797339368276,0.34391271161473946,3.192570909150533,1.2789981028450166,0.3711462808616825,4.592306802654909,-143.32370815311396,0.07923615723848343,-0.04082198068499565,-0.01250292068901673,0.004119995603420526,-1.3997358935043764,0
20.54,1,1.2853111103055135,0.3444471983101517,2.8931934198905034,1.2891133998240556,0.37192809297299007,4.29292931339488,-143.45311007974524,0.07957349717617035,-0.04817589744925499,-0.01250292068901673,0.004119995603420526,-1.3997358935043764,0
20.64,1,1.2929478980646054,0.3448020719275629,2.4320517934000008,1.2967392400838116,0.3724694088645264,3.8317876869043777,-143.72179697512712,0.07954785227775574,-0.05275942012667656,-0.01250292068901673,0.004119995603420526,-1.3997358935043764,0
20.74,1,1.300412087226109,0.3451107719610614,2.22484494897822,1.3041936611574418,0.3729603487859124,3.624580842482596,-143.93812452921017,0.07905294746160507,0.005537483841180801,-0.01250292068901673,0.004119995603420526,-1.3997358935043764,0
20.84,1,1.3058243510207286,0.3453137163044935,2.1735583366738975,1.3095993525083323,0.37329544102394174,3.5732942301782726,-144.0687705081499,0.080885149538517,-0.10707375407218933,-0.013705671571771218,0.019212782532451192,-1.5996981640050487,0
20.94,1,1.3134861002466443,0.35131221545895897,1.6023016601077766,1.3172605147749628,0.37375869441567067,3.111393269560607,-144.25196971580323,0.08157646656036377,-0.039458226412534714,-0.013705671571771218,0.019212782532451192,-1.5996981640050487,0
21.04,1,1.3205652483802213,0.3562145203360484,1.2253895766851624,1.3243430379020897,0.37411839980472056,2.8250877406902104,-144.6354577220366,0.07960723340511322,-0.03978273645043373,-0.013705671571771218,0.019212782532451192,-1.5996981640050487,0
21.14,1,1.3282282305030872,0.35635378485093244,0.933632950572104,1.33199914571043,0.37447153270822936,2.5333311145771527,-144.82566869237021,0.07987949997186661,-0.024067845195531845,-0.013705671571771218,0.019212782532451192,-1.5996981640050487,0
21.24,1,1.336059200728855,0.3564710939058086,0.7764808519381153,1.33982378906715,0.374807408327102,2.3761790159431646,-145.03966893239118,0.07901231199502945,-0.0503297783434391,-0.013705671571771218,0.019212782532451192,-1.5996981640050487,0
21.34,1,1.346030307284321,0.35658028188197183,0.4964711842879925,1.3497879613724297,0.37519491087585916,2.0961693482930417,-145.20986370464948,0.07825235277414322,-0.05307401344180107,-0.013705671571771218,0.019212782532451192,-1.5996981640050487,0
21.44,1,1.3533660693629923,0.35661167314982817,0.11038609023843843,1.3571199880963956,0.3754310777779076,1.710084254243487,-145.52019652197245,0.0792199894785881,-0.07065470516681671,-0.013705671571771218,0.019212782532451192,-1.5996981640050487,0
21.54,1,1.3580482557243427,0.3566141816376792,-0.11005929561456305,1.3618002796044708,0.3755642949478318,1.489638868390486,-145.78205507061028,0.0792754516005516,-0.06778930127620697,-0.013705671571771218,0.019212782532451192,-1.5996981640050487,0
21.64,1,1.3676232791317542,0.3565529910657674,-0.4820803326778499,1.371373279481359,0.3757704281466891,1.1176178313271994,-146.18522512159717,0.07924162596464157,-0.05666748806834221,-0.013705671571771218,0.019212782532451192,-1.5996981640050487,0
21.74,1,1.3723573910046296,0.3565063030207725,-0.6619417902006914,1.3761068496523694,0.37585591752945463,0.9377563738043576,-146.42676884827966,0.07936161011457443,-0.08544287085533142,-0.013705671571771218,0.019212782532451192,-1.5996981640050487,0
21.84,1,1.3818427712637793,0.35636550817518015,-0.9775387135525038,1.3855924635809027,0.37597997496789143,0.622159450452545,-146.8498598836901,0.07991635799407959,-0.08320245146751404,-0.013705671571771218,0.019212782532451192,-1.5996981640050487,0
21.94,1,1.3862876350408497,0.35627343715806686,-1.4831311751730645,1.3900381653150138,0.3760120243083436,0.11656698883198423,-147.15699771638086,0.08017411082983017,-0.10363040864467621,-0.003705671571771238,0.01921278253245098,-1.5996981640050383,0
22.04,1,1.397689862892615,0.35608031248654864,-1.7585477028305458,1.396760809773505,0.3760065693593619,-0.15884953882549727,-147.68936971939647,0.08015630394220352,-0.0846877247095108,-0.003705671571771238,0.01921278253245098,-1.5996981640050383,0
22.14,1,1.4097768509937112,0.3558555609207762,-2.1454603130683254,1.4035337895982296,0.3759708809138328,-0.5457621490632875,-148.03058235897868,0.07974788546562195,-0.11186806857585907,-0.003705671571771238,0.01921278253245098,-1.5996981640050383,0
22.23,1,1.4164041530630405,0.3555756029903311,-2.5482316506298464,1.4101663241668296,0.37587604232846084,-0.9485334866248076,-148.59143405078984,0.08019252866506577,-0.09206250309944153,-0.003705671571771238,0.01921278253245098,-1.5996981640050383,0
22.34,1,1.422958841667642,0.3552652185477664,-2.939728438879882,1.416727122968774,0.3757487619847859,-1.3400302748748432,-148.95508899839743,0.08051789551973343,-0.11927127838134766,-0.003705671571771238,0.01921278253245098,-1.5996981640050383,0
22.44,1,1.4317841761059924,0.3547633352326558,-3.480868326584974,1.4255630286016767,0.3754934455983973,-1.8811701625799357,-149.53505027336485,0.08052603900432587,-0.08817881345748901,-0.003705671571771238,0.01921278253245098,-1.5996981640050383,0
22.54,1,1.4384819411118706,0.3543347816569422,-3.965265992354459,1.432270146896172,0.37525203635071014,-2.36556782834942,-149.90511235873782,0.08051098883152008,-0.0831773430109024,-0.003705671571771238,0.01921278253245098,-1.5996981640050383,0
22.64,1,1.445325769945224,0.3538492114213733,-4.165327930103272,1.4391248637898655,0.3749577102369724,-2.5656297660982337,-150.40020333884286,0.08048437535762787,-0.07329653203487396,-0.003705671571771238,0.01921278253245098,-1.5996981640050383,0
22.74,1,1.4498774656819078,0.3535131860605166,-4.322170151903526,1.4436841661675213,0.37474888267273593,-2.722471987898488,-150.7118540284432,0.0798439085483551,-0.04081415757536888,0.007436253817941013,0.013647773344403261,-1.3997358935043736,0
22.84,1,1.468323005768708,0.3523316576257919,-4.4347097907750825,1.4536787171144099,0.3742359875242004,-3.0048663137468066,-151.05439923144738,0.07996319234371185,-0.06453864276409149,0.007436253817941013,0.013647773344403261,-1.3997358935043736,0
22.94,1,1.4746086755502759,0.3518796677703454,-4.7501521528258985,1.4584724377127638,0.37397042387209434,-3.3504162593215248,-151.29526138525458,0.0798344761133194,-0.08931604027748108,0.007436253817941013,0.013647773344403261,-1.3997358935043736,0
23.04,1,1.481565542971534,0.3512952517116204,-4.8753994050138605,1.4654415050856036,0.37355612156764045,-3.475663511509489,-151.77103957408582,0.07982735335826874,-0.09914904832839966,0.007436253817941013,0.013647773344403261,-1.3997358935043736,0
23.14,1,1.4882934156265957,0.3506959311618035,-5.354718137613995,1.4721820101042375,0.37312132543387805,-3.9549822441096207,-152.12105879547215,0.07995099574327469,-0.13990561664104462,0.007436253817941013,0.013647773344403261,-1.3997358935043736,0
23.24,1,1.4946032460044552,0.35008018092464144,-5.691517982526559,1.4785049989258223,0.37265989275836053,-4.291782089022186,-152.75496725355302,0.07997026294469833,-0.12348735332489014,-0.0036774852609259266,0.019355993828690708,-1.5996981640050403,0
23.34,1,1.5007131031584637,0.3494486813359014,-6.158636668143183,1.4846284589134764,0.37217783057091,-4.75890077463881,-153.20219737298723,0.08041321486234665,-0.13944599032402039,-0.0036774852609259266,0.019355993828690708,-1.5996981640050403,0
23.44,1,1.4988053848639913,0.3489805293984196,-7.134678536167734,1.4926953742332998,0.3714399402472451,-5.534980372162694,-153.882125890003,0.08151999861001968,-0.0726267397403717,-0.0036774852609259266,0.019355993828690708,-1.5996981640050403,0
23.54,1,1.5033113264053717,0.3484130653525874,-7.296396205096277,1.497215401176393,0.37099848690728515,-5.696698041091239,-154.2614195603503,0.08031103014945984,-0.043648090213537216,-0.0036774852609259266,0.019355993828690708,-1.5996981640050403,0
23.63,1,1.5106256689298745,0.34745528925324837,-7.569349302698093,1.5045536306591318,0.370245274001874,-5.969651138693053,-154.62307856562353,0.08059452474117279,-0.030201833695173264,-0.0036774852609259266,0.019355993828690708,-1.5996981640050403,0
23.74,1,1.518281387587111,0.3464311120703887,-7.729853878595145,1.512234956904792,0.36943521587532757,-6.130155714590106,-154.79013152617662,0.07965784519910812,-0.04097695276141167,-0.0036774852609259266,0.019355993828690708,-1.5996981640050403,0
23.84,1,1.5283015778436806,0.34505570715969014,-7.925039962612563,1.5222896382298021,0.36834007437820515,-6.325341798607522,-155.0536133951209,0.08011721074581146,-0.049514684826135635,-0.0036774852609259266,0.019355993828690708,-1.5996981640050403,0
23.94,1,1.5358192860476136,0.34398682866858243,-8.160063080419013,1.5298342557084434,0.3674814796139467,-6.560364916413972,-155.24750854798512,0.07993971556425095,-0.07104447484016418,-0.0036774852609259266,0.019355993828690708,-1.5996981640050403,0
24.04,1,1.5429785460629468,0.34293317628897585,-8.560441064466213,1.5370201396415186,0.36662809845375416,-6.960742900461171,-155.6297785634147,0.08012102544307709,-0.08375746011734009,-0.0036774852609259266,0.019355993828690708,-1.5996981640050403,0
24.14,1,1.5498034750512235,0.3418945960145749,-8.717307859818224,1.5438714020904962,0.36578045021502525,-7.117609695813182,-155.93194831253894,0.08139333128929138,-0.025978844612836838,-0.0036774852609259266,0.019355993828690708,-1.5996981640050403,0
24.24,1,1.557497953592611,0.34070299951035904,-8.932536818395443,1.551596146854292,0.36480412005214774,-7.332838654390404,-156.23647818069372,0.08074703812599182,-0.007203221321105957,-0.0036774852609259266,0.019355993828690708,-1.5996981640050403,0
24.34,1,1.565448698979226,0.3394589522343596,-8.952427193101776,1.5595785228217136,0.36378251360031294,-7.352729029096738,-156.31431751653633,0.08062253147363663,-0.013889163732528687,-0.01367748526092572,0.019355993828690018,-1.5996981640050199,0
24.44,1,1.5634695355112915,0.3381903244516086,-9.028722176913702,1.5676316488160003,0.36273829291222387,-7.429024012908683,-156.41103184604222,0.08001337945461273,-0.026328902691602707,-0.01367748526092572,0.019355993828690018,-1.5996981640050199,0
24.54,1,1.571394705412807,0.3369169447516986,-9.137373750386542,1.575589278120937,0.36168665149366,-7.53767558638152,-156.5169399819719,0.08061515539884567,-0.03685830160975456,-0.01367748526092572,0.019355993828690018,-1.5996981640050199,0
24.64,1,1.5790310456065397,0.33567026892593477,-9.413898853785312,1.583257444810665,0.36065364046394865,-7.81420068978029,-156.74633948928962,0.07979151606559753,-0.05138484761118889,-0.01367748526092572,0.019355993828690018,-1.5996981640050199,0
24.74,1,1.5863556682459217,0.3344522549894418,-9.513643543488113,1.5906132152981975,0.3596405781294458,-7.913945379483094,-156.94373184028328,0.08132441341876984,-0.030974131077528,-0.01367748526092572,0.019355993828690018,-1.5996981640050199,0
24.84,1,1.5913759063183353,0.3336066297247362,-9.630991148372393,1.5956551035837527,0.3589354292742385,-8.031292984367374,-157.19463285071822,0.08090173453092575,-0.018568169325590134,-0.01367748526092572,0.019355993828690018,-1.5996981640050199,0
24.94,1,1.6020632426419956,0.3317932303622002,-9.707719808839729,1.6063888981801366,0.35742108832659275,-8.108021644834706,-157.31697509364074,0.08110952377319336,0.0004278607666492462,-0.01367748526092572,0.019355993828690018,-1.5996981640050199,0
25.04,1,1.6100766175255523,0.33042457828334215,-9.66456315896609,1.6144373577495348,0.3562766740234927,-8.06486499496107,-157.37806171980438,0.08089239150285721,0.00138033926486969,-0.01367748526092572,0.019355993828690018,-1.5996981640050199,0
25.14,1,1.618076117430441,0.32905550803850264,-9.700811437532652,1.6224719594215473,0.35513145437830995,-8.10111327352763,-157.38382915166648,0.08067569136619568,-0.014598313719034195,-0.01367748526092572,0.019355993828690018,-1.5996981640050199,0
25.24,1,1.626082002479192,0.32768223120345696,-9.793437722852449,1.63051306118163,0.3539822080324447,-8.19373955884743,-157.46158225606058,0.0808187946677208,-0.027143798768520355,-0.01367748526092572,0.019355993828690018,-1.5996981640050199,0
25.34,1,1.633982858765172,0.3263129852362715,-9.959503982381952,1.6384490625854193,0.35283405896136727,-8.35980581837693,-157.57597565594835,0.08095013350248337,-0.03992147371172905,-0.01367748526092572,0.019355993828690018,-1.5996981640050199,0
25.44,1,1.6416649378650907,0.32495330326134186,-10.144367757959783,1.6461661050769316,0.35168936268962137,-8.544669593954758,-157.80034799362298,0.08111134171485901,-0.04148705676198006,-0.002688348140367285,0.0130797289309271,-1.3997358935043627,0
25.54,1,1.6492704419735156,0.32357277244795624,-10.312414121091113,1.653807184445071,0.3505216880089961,-8.71271595708609,-157.9626737750817,0.08117078989744186,-0.03013571724295616,-0.002688348140367285,0.0130797289309271,-1.3997358935043627,0
25.64,1,1.6669383467258179,0.32169684128014375,-10.358270196781529,1.6615897161378819,0.3493099447043897,-8.958534303277167,-158.19409394776036,0.08069781959056854,-0.03846484050154686,-0.002688348140367285,0.0130797289309271,-1.3997358935043627,0
25.74,1,1.6719098779343164,0.3207849431164502,-10.430376547863421,1.6665820393095834,0.3485197610755326,-9.030640654359065,-158.35106272913396,0.08102881163358688,-0.041182179003953934,-0.002688348140367285,0.0130797289309271,-1.3997358935043627,0
25.84,1,1.6794370828176823,0.3193853138238318,-10.643581217913992,1.6741411876355323,0.34730442075314427,-9.243845324409634,-158.59651368522552,0.08098051697015762,-0.04725106433033943,-0.002688348140367285,0.0130797289309271,-1.3997358935043627,0
25.94,1,1.6869291025295317,0.3179650421410038,-10.803512738885692,1.681665665532568,0.3460675847119461,-9.403776845381328,-158.7816934977976,0.08027628809213638,-0.05171062424778938,-0.002688348140367285,0.0130797289309271,-1.3997358935043627,0
26.04,1,1.6942689203044947,0.31654387410078166,-11.076727517123524,1.6890380088052444,0.3448261346573571,-9.67699162361916,-159.0795038749412,0.08063406497240067,-0.06871724128723145,-0.002688348140367285,0.0130797289309271,-1.3997358935043627,0
26.14,1,1.701439783610274,0.315121096843112,-11.47616146007893,1.6962414873336178,0.3435789487183844,-10.076425566574567,-159.3177816050625,0.08058661222457886,-0.08642876148223877,-0.002688348140367285,0.0130797289309271,-1.3997358935043627,0
26.24,1,1.7083022590331924,0.31371576535754747,-11.792680886119788,1.7031362438435182,0.3423416701791443,-10.392944992615421,-159.76500882330689,0.080583855509758,-0.08000300824642181,-0.002688348140367285,0.0130797289309271,-1.3997358935043627,0
26.34,1,1.7171142515173343,0.3118412872714554,-12.266080897185752,1.7119913957948383,0.3406830069960805,-10.866345003681388,-160.08225588815094,0.08100345730781555,-0.07152491807937622,-0.002688348140367285,0.0130797289309271,-1.3997358935043627,0
26.44,1,1.7240239053927977,0.3103226231025582,-12.559045115199487,1.7189360851214015,0.3393335820466614,-11.159309221695128,-160.51709629241861,0.08132188022136688,-0.0733821839094162,-0.002688348140367285,0.0130797289309271,-1.3997358935043627,0
26.54,1,1.7312311537030236,0.30869216103501884,-12.862228252235212,1.7261810110322549,0.3378796620677127,-11.462492358730854,-160.79295215035623,0.08146003633737564,-0.07058385014533997,0.0073116518596325645,0.013079728930926685,-1.3997358935043476,0
26.64,1,1.7357122395900257,0.3076574942980994,-13.200670445669017,1.7306860341680874,0.3369547661120561,-11.800934552164657,-161.21089424223732,0.080540232360363,-0.080230712890625,0.0073116518596325645,0.013079728930926685,-1.3997358935043476,0
26.74,1,1.7526160127379276,0.3060214805022463,-13.51715764918751,1.7376277110881113,0.335487882900645,-12.117421755683162,-161.50770702294977,0.08107618987560272,-0.0738370269536972,0.0073116518596325645,0.013079728930926685,-1.3997358935043476,0
26.84,1,1.7594147315879336,0.30437628775218456,-13.757363560413998,1.7444645892777375,0.3340092572527876,-12.357627666909647,-161.96322225502706,0.0804290622472763,-0.09141910076141357,0.0073116518596325645,0.013079728930926685,-1.3997358935043476,0
26.93,1,1.7661653828968844,0.3026985578288517,-14.052346820405372,1.751254209073625,0.33249692996744984,-12.652610926901028,-162.29294424881115,0.08062586933374405,-0.08625461161136627,0.0073116518596325645,0.013079728930926685,-1.3997358935043476,0
27.04,1,1.7727292699745427,0.3010351008725761,-14.393237138623439,1.757856771714318,0.3309943091938168,-12.993501245119095,-162.80397751674093,0.0806056559085846,-0.0857766717672348,0.0073116518596325645,0.013079728930926685,-1.3997358935043476,0
27.14,1,1.7793395278426603,0.29931939926880435,-14.675764532907245,1.7645069675183214,0.32944059208809523,-13.276028639402897,-163.13038111964875,0.0806245356798172,-0.08277525007724762,0.0073116518596325645,0.013079728930926685,-1.3997358935043476,0
27.24,1,1.7859744361579035,0.2975679487173732,-15.038415456747924,1.7711826796737373,0.32785173885263746,-13.638679563243576,-163.6131647373344,0.08066830039024353,-0.08541344106197357,0.0073116518596325645,0.013079728930926685,-1.3997358935043476,0
27.34,1,1.794580363964127,0.2952309006546515,-15.353795278985247,1.7798431278968299,0.32572561006337436,-13.954059385480903,-163.93878965331925,0.08085277676582336,-0.07428734004497528,0.0073116518596325645,0.013079728930926685,-1.3997358935043476,0
27.44,1,1.7992949613593074,0.29392923569538054,-15.532521855969282,1.784588114979332,0.3245394996757093,-14.13278596246494,-164.40296633984,0.08056369423866272,-0.08440205454826355,0.0073116518596325645,0.013079728930926685,-1.3997358935043476,0
27.54,1,1.8080029570558125,0.2914744316454781,-15.889128285736923,1.7933534771285116,0.322298143307905,-14.489392392232578,-164.72365718217392,0.08088500797748566,-0.09364210069179535,0.007311651859632463,0.0030797289309259395,-1.399735893504328,0
27.64,1,1.8125432980237075,0.2850705932660456,-16.204828933739893,1.7979243803322438,0.3211028427007897,-14.805093040235548,-165.23411905233633,0.08104110509157181,-0.09360849857330322,0.007311651859632463,0.0030797289309259395,-1.399735893504328,0
27.74,1,1.8209630077100096,0.2776876533574341,-16.5472093271162,1.8064021623262934,0.31882907753001166,-15.147473433611877,-165.58086030283127,0.08099547773599625,-0.06131608411669731,0.007311651859632463,0.0030797289309259395,-1.399735893504328,0
27.84,1,1.8257693056757955,0.2762517847607436,-16.807223348419058,1.811242100884917,0.3175110435730789,-15.407487454914731,-166.03266364131662,0.08078539371490479,-0.049820538610219955,0.007311651859632463,0.0030797289309259395,-1.399735893504328,0
27.94,1,1.8350012124790602,0.27344272719275925,-17.059913910170245,1.8205398713596455,0.3149283372708299,-15.660178016665919,-166.26855103650482,0.08072993159294128,-0.036410536617040634,0.007311651859632463,0.0030797289309259395,-1.399735893504328,0
28.04,1,1.8424030939330516,0.2711610937311415,-17.171947888668466,1.8279952788710108,0.3128281946205333,-15.772211995164136,-166.5467865525334,0.08112064003944397,-0.040179137140512466,0.007311651859632463,0.0030797289309259395,-1.399735893504328,0
28.14,1,1.8471551627300455,0.2696891121952285,-17.254633088400237,1.8327818865940475,0.31147273381357615,-15.85489719489591,-166.7246843037459,0.08136972784996033,-0.043376799672842026,0.007311651859632463,0.0030797289309259395,-1.399735893504328,0
28.24,1,1.8544575028673913,0.26740576832284557,-17.452163488668063,1.8401378242728366,0.3093684497104166,-16.052427595163735,-166.99819458317066,0.08139575272798538,-0.05079645290970802,0.007311651859632463,0.0030797289309259395,-1.399735893504328,0
28.34,1,1.8641573214291265,0.26433530825239515,-17.7755656791271,1.8499097523102135,0.30653584885481716,-16.375829785622773,-167.19912497819098,0.0813189446926117,-0.07177969813346863,0.007311651859632463,0.0030797289309259395,-1.399735893504328,0
28.44,1,1.8686612927781563,0.2628840201181821,-17.979013798076505,1.8544478311274526,0.3051950148569213,-16.57927790457217,-167.5822835713228,0.08131654560565948,-0.0626191794872284,0.007311651859632463,0.0030797289309259395,-1.399735893504328,0
28.54,1,1.8779318284920916,0.2598350555175944,-18.374743987641267,1.86379007933191,0.30237341672017304,-16.97500809413694,-167.84997170555127,0.08125180006027222,-0.06695997714996338,0.007311651859632463,0.0030797289309259395,-1.399735893504328,0
28.64,1,1.8847369430648206,0.25755855002618067,-18.65793627050662,1.870648772771972,0.3002638229451405,-17.258200377002293,-168.24535778889333,0.08118987083435059,-0.06230699643492699,0.007311651859632463,0.0030797289309259395,-1.399735893504328,0
28.74,1,1.888464703189872,0.2562922769909884,-18.85471833807815,1.8744063525155235,0.29908898788419347,-17.45498244457383,-168.4926111274691,0.08110412210226059,-0.062010835856199265,0.016607351055195757,0.010139198658081924,-1.5996981640050074,0
28.84,1,1.8960341847269613,0.25368624656323857,-19.25677194995744,1.8820372343281206,0.29666863912980573,-17.857036056453115,-168.86081450458545,0.08100572973489761,-0.06333473324775696,0.016607351055195757,0.010139198658081924,-1.5996981640050074,0
28.94,1,1.9154111740355668,0.25086928517984824,-19.820721682020967,1.8913434763748223,0.2936439801801681,-18.22102351801596,-169.10921406036329,0.08102498203516006,-0.05775650963187218,0.016607351055195757,0.010139198658081924,-1.5996981640050074,0
29.04,1,1.922302338648181,0.24836591910344202,-20.127243415058768,1.8983018401400464,0.29133396608032713,-18.527545251053763,-169.4744098764064,0.08089886605739594,-0.07848548889160156,0.016607351055195757,0.010139198658081924,-1.5996981640050074,0
29.14,1,1.9288995057883271,0.2459367610336689,-20.419178323019512,1.9049642493963808,0.28908992372242054,-18.819480159014507,-169.76918666102196,0.08076944947242737,-0.06804901361465454,0.016607351055195757,0.010139198658081924,-1.5996981640050074,0
29.24,1,1.9356169330480708,0.24341365431368805,-20.699591784784676,1.9117494946079263,0.2867553265559791,-19.099893620779667,-170.2018941879816,0.08070296049118042,-0.07719574868679047,0.016607351055195757,0.010139198658081924,-1.5996981640050074,0
29.35,1,1.939853725472154,0.2418054985394006,-20.89264135883017,1.9160295296695333,0.28526607341747084,-19.29294319482516,-170.49953930483173,0.08131815493106842,-0.07513865828514099,0.016607351055195757,0.010139198658081924,-1.5996981640050074,0
29.44,1,1.9483966290472086,0.23849946926899313,-21.385249636378877,1.9246613960968668,0.2821998195124346,-19.785551472373868,-170.9412344384783,0.08138871192932129,-0.06846195459365845,0.016607351055195757,0.010139198658081924,-1.5996981640050074,0
29.54,1,1.9553564842582174,0.23574890873021748,-21.87624984445251,1.9316953244619093,0.2796446248836192,-20.276551680447497,-171.229044877214,0.0814514085650444,-0.06394988298416138,0.016607351055195757,0.010139198658081924,-1.5996981640050074,0
29.64,1,1.9590812263277722,0.2342466294507456,-22.059167559932458,1.935460553046714,0.2782469123872844,-20.45946939592745,-171.6332965085803,0.08134488761425018,-0.06947295367717743,0.017208452456075045,0.0028795410164174505,-1.3997358935043134,0
29.74,1,1.9664303067550841,0.23122912876187923,-22.602054039486493,1.942891006932979,0.275435747401287,-21.002355875481477,-171.90523356940565,0.08031121641397476,-0.10983403027057648,0.017208452456075045,0.0028795410164174505,-1.3997358935043134,0
29.84,1,1.9744298058368466,0.22730713100300862,-23.436818192098595,1.9511551025449314,0.27217078294653074,-22.03708229859428,-172.4426877977146,0.08006323873996735,-0.12746162712574005,0.017208452456075045,0.0028795410164174505,-1.3997358935043134,0
29.94,1,1.9802612365976482,0.2247135724588492,-24.4658392717145,1.9570481475536268,0.26972044599715106,-23.06610337821019,-172.88263352690674,0.07991122454404831,-0.051269542425870895,0.017208452456075045,0.0028795410164174505,-1.3997358935043134,0
30.04,1,1.986775988093892,0.22172046701979387,-24.82170555593273,1.9636340693562346,0.2668873732418112,-23.421969662428417,-173.41589392078646,0.0799340233206749,-0.0995473712682724,0.017790046806466682,-0.004439830578901787,-1.1997736230036569,0
30.14,1,1.991102458470155,0.2191856042858338,-25.084293726973083,1.9681974205090558,0.26489455080447205,-23.88452010396944,-173.75154270603147,0.07996489852666855,-0.08116002380847931,0.017790046806466682,-0.004439830578901787,-1.1997736230036569,0
30.24,1,1.9991451757498517,0.21532418831679415,-25.96028572818959,1.9763192266947358,0.26120238358055997,-24.760512105185935,-174.28373774699804,0.07999102026224136,-0.06071751192212105,0.017790046806466682,-0.004439830578901787,-1.1997736230036569,0
30.34,1,2.0057100656559186,0.2120868204482469,-26.64709026782491,1.9829504628842214,0.25810318420098805,-25.44731664482125,-174.57856959909708,0.08000142127275467,-0.10297001898288727,0.027790046806466365,-0.004439830578901317,-1.1997736230036755,0
30.44,1,2.0199299155867223,0.20993918571649528,-27.15632664890207,1.987214355866149,0.2560443775033596,-25.9565530258984,-175.1008467856424,0.08000350743532181,-0.11353550851345062,0.027790046806466365,-0.004439830578901317,-1.1997736230036755,0
30.54,1,2.027476514476095,0.20598733187521123,-28.451614448371167,1.9948420460580698,0.25225140427434434,-27.251840825367484,-175.49822713835002,0.08000236004590988,-0.15185189247131348,0.027790046806466365,-0.004439830578901317,-1.1997736230036755,0
30.64,1,2.031246635307916,0.20391143121019964,-29.289234448466374,1.9986548065352443,0.2502548992778007,-28.0894608254627,-176.226707764563,0.07931405305862427,-0.09053371846675873,0.017302475374871493,0.002993164072896455,-1.3997358935043334,0
30.73,1,2.0307971026884903,0.2011871226069094,-29.91450149115075,2.0039476936921345,0.2473956171781919,-28.598540954362257,-176.67586101078803,0.07984664291143417,-0.11173370480537415,0.027302475374871002,0.012993164072896805,-1.3997358935043385,0
30.84,1,2.03445652943132,0.19675654159299447,-31.42491925326495,2.0118189716425823,0.2429797308487805,-30.025183359760618,-177.286193085056,0.07989682257175446,-0.11345923691987991,0.027302475374871002,0.012993164072896805,-1.3997358935043385,0
30.94,1,2.0480341595284846,0.2045523757546894,-31.822623505025202,2.015449376598789,0.24086361553792468,-30.422887611520853,-177.71527930154625,0.0798993781208992,-0.06921648979187012,0.027302475374871002,0.012993164072896805,-1.3997358935043385,0
31.04,1,2.0559256705532043,0.19954869477240272,-32.91511712761786,2.0234607605829456,0.2360541980800432,-31.515381234113516,-178.2398242861275,0.07999353110790253,-0.15873269736766815,0.027302475374871002,0.012993164072896805,-1.3997358935043385,0
31.14,1,2.0613148872014917,0.19600723872754366,-33.75536246609872,2.028934878267312,0.23264544426412267,-32.355626572594375,-178.6483925845396,0.0799996629357338,-0.16130846738815308,0.027302475374871002,0.012993164072896805,-1.3997358935043385,0
31.24,1,2.0661789106030475,0.19266445242527716,-35.22219142826156,2.0338791064023116,0.2294224717134203,-33.82245553475721,-179.4508577508507,0.07961660623550415,-0.235338494181633,0.026955704586332757,0.020521563644590422,-1.59969816400502,0
31.34,1,2.0708170792905007,0.18982207332321482,-36.883389505493234,2.0383656646402715,0.22633820271217045,-35.30680852193861,179.9158434102453,0.0797431692481041,-0.12164608389139175,0.026955704586332757,0.020521563644590422,-1.59969816400502,0
31.44,1,2.073762765177462,0.18764982082537154,-37.60776317484116,2.0413437276199202,0.22420254980885773,-36.008065010836134,179.00185488393717,0.07990439981222153,-0.09050440788269043,0.027594789878006207,0.005422205731403681,-1.1997736230037086,0
31.54,1,2.080252090793505,0.18143633721127367,-38.12630259000444,2.048504370166788,0.2189311066312436,-36.91431642437127,178.58018617466155,0.07998236268758774,-0.1320021152496338,0.027594789878006207,0.005422205731403681,-1.1997736230037086,0
31.64,1,2.085221493912426,0.17742618112968248,-39.12863160774025,2.0535741027042462,0.21504982076442264,-37.92885798473654,177.9478746626098,0.07673939317464828,-0.008316436782479286,0.017304601979992073,0.012991932715894824,-1.3997358935043838,0
31.74,1,2.083647136397725,0.17482344708296216,-39.39982631748876,2.0570641206608187,0.21232556510858525,-38.096909126157264,177.6181132172541,0.07925037294626236,-0.040156975388526917,0.017304601979992073,0.012991932715894824,-1.3997358935043838,0
31.84,1,2.08487957848015,0.17009171957027558,-39.721137061814225,2.0631204510310632,0.20755874112332492,-38.32140116830985,177.38027242029574,0.07950955629348755,0.0014587496407330036,0.017304601979992073,0.012991932715894824,-1.3997358935043838,0
31.94,1,2.093010446069207,0.16330839515579412,-39.85689044552501,2.0714145925206466,0.2009760581738235,-38.45715455202064,177.31885534849312,0.08006597310304642,-0.012119951657950878,0.017304601979992073,0.012991932715894824,-1.3997358935043838,0
32.04,1,2.0969813098376067,0.15998736195043764,-39.95397130120907,2.0754653961638914,0.19775301450949853,-38.55423540770469,177.26372192334213,0.07693184912204742,0.06335517764091492,0.017304601979992073,0.012991932715894824,-1.3997358935043838,0
32.14,1,2.10294022421715,0.1550147532781431,-39.59047606905529,2.0815440011640614,0.19292745144987347,-38.19074017555091,177.38508081039112,0.07937450706958771,0.02190173976123333,0.017304601979992073,0.012991932715894824,-1.3997358935043838,0
32.24,1,2.1087482854066857,0.15022916835545874,-39.33159609012757,2.0874672294527192,0.1882851713555603,-37.93186019662318,177.58629804298351,0.07955852895975113,0.038057003170251846,0.017304601979992073,0.012991932715894824,-1.3997358935043838,0
32.34,1,2.116960970082084,0.14351302962498433,-39.04951078677983,2.0958415224316216,0.18177165263462228,-37.64977489327545,177.7086404809986,0.0800727978348732,0.08349759131669998,0.0070843128564758275,0.01842580376785318,-1.7996604345056526,0
32.44,1,2.1206450555761513,0.1405362709236793,-38.81725971738124,2.0995972235849383,0.1788857754472892,-37.41752382387687,178.02027460498599,0.08008529990911484,0.08360963314771652,0.0070843128564758275,0.01842580376785318,-1.7996604345056526,0
32.54,1,2.116642447626853,0.1269258173958901,-38.66789362806366,2.1051101627718,0.17469682174568185,-36.868233193558005,178.30633682529646,0.0800735205411911,0.15136076509952545,0.0070843128564758275,0.01842580376785318,-1.7996604345056526,0
32.64,1,2.1232256562272984,0.12173341295613674,-37.82224708784486,2.1118531907887,0.16971372306050073,-36.02258665333921,178.88615130208586,0.08002876490354538,0.21259933710098267,0.0070843128564758275,0.01842580376785318,-1.7996604345056526,0
32.74,1,2.1281319398029566,0.11797832318395132,-36.89957670993214,2.1168749822992936,0.1661145665279122,-35.099916275426494,179.38370336424776,0.0800056904554367,0.2266055792570114,0.0070843128564758275,0.01842580376785318,-1.7996604345056526,0
32.84,1,2.1322872843632377,0.11491235742181913,-35.786323354623704,2.121124563371653,0.16318061097632766,-33.98666292011805,-179.7535034773114,0.07999669760465622,0.1930564045906067,0.007064131552876842,0.026233890003673176,-1.999622705006306,0
32.94,1,2.136946987613721,0.11219725679503353,-34.97507367453439,2.1255863658959773,0.16022884287523464,-32.975450969528076,-179.12395133978643,0.08147574216127396,0.2851516902446747,-0.0029210510314124057,0.03408335658741961,-2.199584975506987,0
33.04,1,2.1399149351335836,0.1101487405047801,-34.22018759175662,2.1286239848105866,0.15828513435755492,-32.220564886750324,-178.1436690184447,0.08032841235399246,0.35657238960266113,-0.0029210510314124057,0.03408335658741961,-2.199584975506987,0
33.14,1,2.1337785838705954,0.10814893284619058,-33.452319541460994,2.1322826236489565,0.15601875612130991,-31.252734565954018,-177.35258285516747,0.08022120594978333,0.38,0.0070789489685877316,0.024083356587419235,-2.1995849755069754,0
33.24,1,2.1385487207882856,0.10507379171959345,-32.21220187370557,2.137167271575264,0.15312896135385246,-30.012616898198594,-176.0713214193084,0.07996911555528641,0.38,0.0070789489685877316,0.024083356587419235,-2.1995849755069754,0
33.34,1,2.150982772360588,0.09355256416666169,-31.774674910870345,2.1396579153067767,0.15170227493872773,-29.575089935363362,-175.21728760828444,0.07995866984128952,0.38,0.0070789489685877316,0.024083356587419235,-2.1995849755069754,0
33.44,1,2.1555968497312135,0.09075439632206439,-30.54959246293187,2.144375988278877,0.1490832597233103,-28.35000748742489,-173.93528889272898,0.07996372133493423,0.38,0.007078948968587715,0.024083356587418957,-2.1995849755069625,0
33.54,1,2.159225428783931,0.08865714150006067,-29.478149032446034,2.148082387611757,0.14712681710583608,-27.278564056939057,-173.071734400976,0.07998541742563248,0.38,0.007078948968587715,0.024083356587418957,-2.1995849755069625,0
33.64,1,2.1629015109645047,0.08662260015942314,-28.39530835494094,2.151833848092707,0.1452348649592518,-26.19572337943397,-171.77185306319421,0.08000928163528442,0.37967449426651,0.007078948968587715,0.024083356587418957,-2.1995849755069625,0
33.74,1,2.1665875180260947,0.08467177670284826,-27.331286836874447,2.155592013001783,0.14342694993552826,-25.13170186136748,-170.90376369181416,0.08020786941051483,0.37963488698005676,0.007078948968587715,0.024083356587418957,-2.1995849755069625,0
33.84,1,2.1703323618306256,0.0827737278489469,-26.347244115003605,2.159406945783182,0.14167402881764088,-24.147659139496646,-169.60512724791158,0.08047282695770264,0.379798024892807,0.007059038179160023,0.026091286815321427,-1.9996227050063116,0
33.94,1,2.1726369263254997,0.08722236536742126,-25.61855867233182,2.161890187076344,0.14057534090900295,-23.53690738314875,-168.73792534351784,0.08078453689813614,0.3799344599246979,0.007059038179160023,0.026091286815321427,-1.9996227050063116,0
34.04,1,2.1776728504217138,0.08875997576536228,-24.247230563629024,2.1671053384689336,0.13836957198864386,-22.247607858622725,-167.44501217451196,0.08120217174291611,0.38,0.007059038179159138,0.02609128681532157,-1.9996227050063082,0
34.14,1,2.181473274490626,0.0870840539550854,-23.298245673757464,2.1709619260938986,0.1368272785960961,-21.29862296875116,-166.58459721465314,0.08153892308473587,0.38,0.007072021651838937,0.024152265087698497,-2.199584975506982,0
34.24,1,2.1841064589966166,0.08089462355314117,-22.886807314140565,2.1735156436542997,0.13584332615610073,-20.779893786071458,-165.28956629284508,0.08180159330368042,0.38,0.007072021651838937,0.024152265087698497,-2.199584975506982,0
34.34,1,2.189411126778605,0.07432112499517034,-21.908737081218746,2.1788056360744332,0.13389131592525433,-19.709152105711773,-164.42281803678245,0.0816250890493393,0.38,0.007072021651838937,0.024152265087698497,-2.199584975506982,0
34.44,1,2.1932945422142556,0.07278901306799969,-21.15351577710079,2.18274499351845,0.1325093805680488,-18.953930801593806,-163.13221165464697,0.08120909333229065,0.38,0.007072021651838937,0.024152265087698497,-2.199584975506982,0
34.54,1,2.197174151431398,0.07131764071950406,-20.36011084058234,2.1866782163286973,0.13118799395142028,-18.160525865075357,-162.27537763197205,0.08072938024997711,0.38,0.007072021651838937,0.024152265087698497,-2.199584975506982,0
34.64,1,2.1997104374952463,0.07038831875754849,-19.814380596190347,2.1892483015503252,0.13035670082609557,-17.614795620683367,-160.98306432962858,0.08018095791339874,0.38,0.007064655301714365,0.02602627424296638,-1.999622705006302,0
37.72,2,2.212959424157961,0.0754798744033717,-17.200641355209452,2.2028259239631818,0.1263935858812994,-15.201018650203164,-157.63394809176626,0.0,0.0,0.007064655301714341,0.02602627424296591,-1.9996227050062885,0
37.82,2,2.212956370242083,0.07548079532828442,-17.203264720226713,2.2028228397732095,0.12639439968539193,-15.203642015220424,-157.63394809176626,0.0,0.0,0.007064655301714341,0.02602627424296591,-1.9996227050062885,0
37.92,2,2.212951516048859,0.07548227487865643,-17.177655682219704,2.2028179369100873,0.12639570895784702,-15.178032977213414,-157.63389619504298,-0.006766173522919416,0.04949001595377922,0.007064655301714341,0.02602627424296591,-1.9996227050062885,0
38.02,2,2.212581727267013,0.07559609550871751,-16.98467180530648,2.2024444017749545,0.12649655726882889,-14.985049100300191,-157.55646657704497,-0.02676617352291942,0.16949001595377922,0.007064655301714341,0.02602627424296591,-1.9996227050062885,0
38.12,2,2.210790303084917,0.07613776421868669,-16.539927258258142,2.2006351680677914,0.12697538812040604,-14.540304553251856,-156.96533023614361,-0.046766173522919424,0.2894900159537792,0.007064655301714341,0.02602627424296591,-1.9996227050062885,0
38.22,2,2.2072094292010207,0.07717405751828894,-15.6562194839687,2.1970203154379373,0.12788610324579527,-13.656596778962411,-156.1623169191182,-0.06368035823106766,0.35286733508110046,0.007064655301714341,0.02602627424296591,-1.9996227050062885,0
38.32,2,2.203443751679455,0.07819429469017,-14.729841952586442,2.1932213319504417,0.12877432368298763,-12.73021924758015,-154.77018981870432,-0.06266273558139801,0.3598098158836365,0.007064655301714341,0.02602627424296591,-1.9996227050062885,0
38.42,2,2.1997913700428793,0.07912711731270708,-13.776526059572896,2.189538625505677,0.1295791360250914,-11.776903354566606,-153.86913449662453,-0.06138261780142784,0.32688668370246887,0.007064655301714341,0.02602627424296591,-1.9996227050062885,0
38.52,2,2.195924445824847,0.08004366544614033,-12.761966468096869,2.185642074988076,0.1303601977721276,-10.762343763090586,-152.5006788195338,-0.060338374227285385,0.32058611512184143,0.007064655301714833,0.03602627424296424,-1.9996227050062463,0
38.62,2,2.191833181709138,0.09094241724444674,-12.008042179368342,2.1815219421490704,0.1311156461478622,-10.008419474362096,-151.6165395690543,-0.059931423515081406,0.315963476896286,0.007064655301714833,0.03602627424296424,-1.9996227050062463,0
38.72,2,2.1879395034761795,0.09173293830599902,-11.039235286383995,2.1776030513602094,0.13176982404075757,-9.039612581377751,-150.29947483456812,-0.05990557745099068,0.2619710862636566,-0.0029969417214845083,0.044177702739059105,-2.1995849755069172,0
38.82,2,2.177375866546215,0.09287457656539581,-10.326992662466354,2.1734023633383237,0.13240649985727088,-8.19799690070585,-149.40975825867937,-0.059962544590234756,0.22745190560817719,-0.0029969417214845083,0.044177702739059105,-2.1995849755069172,0
38.92,2,2.1697897492584626,0.09378480268345697,-9.210758261019386,2.169281820867472,0.13296334276178384,-7.011173285512472,-148.12653366030693,-0.059962544590234756,0.22745190560817719,-0.0029969417214845083,0.044177702739059105,-2.1995849755069172,0
39.02,2,2.165587512391898,0.09443886745448189,-8.30718602040404,2.1650575768530547,0.13345564136433521,-6.107601044897125,-147.3029732217301,-0.05999470129609108,0.21156851947307587,-0.0029969417214845083,0.044177702739059105,-2.1995849755069172,0
39.12,2,2.160678342569082,0.09510068130935621,-7.040890353548411,2.1601266233402514,0.13392855085073196,-4.841305378041493,-146.1097100214559,-0.06000537797808647,0.16236090660095215,-0.012891124224925112,0.04607654833784423,-1.9996227050062534,0
39.22,2,2.145353635468987,0.105121792588557,-5.698662828229997,2.154870250520924,0.1343167414537422,-3.6990401232237415,-145.39003864815936,-0.0600055493414402,0.13341394066810608,-0.012891124224925112,0.04607654833784423,-1.9996227050062534,0
39.32,2,2.1397194514386184,0.10564799436064262,-5.036569628798487,2.1492211366744796,0.13464602969058379,-3.036946923792233,-144.46506117784054,-0.06000297889113426,0.14175130426883698,-0.022891124224924838,0.046076548337842964,-1.9996227050062205,0
39.42,2,2.127779177648668,0.10610464621537999,-4.356889789650191,2.1436357384453304,0.13490795021062704,-2.357267084643937,-143.8721010242438,-0.06000092253088951,0.1070496216416359,-0.022891124224924838,0.046076548337842964,-1.9996227050062205,0
39.52,2,2.1181773663113956,0.1065114751715214,-3.306819017149777,2.137655950658251,0.13510624768766685,-1.3071963121435564,-143.1001512393015,-0.0599997378885746,0.07733869552612305,-0.022891124224924838,0.046076548337842964,-1.9996227050062205,0
39.62,2,2.11221731364335,0.10684103452481733,-3.0370810453557087,2.1316880280369537,0.13522764274288512,-1.0374583403494881,-142.71251798150075,-0.0599997378885746,0.07733869552612305,-0.022891124224924838,0.046076548337842964,-1.9996227050062205,0
39.72,2,2.1061720060201035,0.10714268937613797,-2.583327636459118,2.125635876045314,0.13531817549442193,-0.5837049314528974,-142.2030231345223,-0.05999980494379997,0.02754918299615383,-0.012891124224925325,0.03607654833784248,-1.9996227050062094,0
39.82,2,2.110265975887037,0.09739354092108274,-2.415555973977754,2.1197246894072608,0.13536279567363033,-0.41593326897154453,-142.04111796074426,-0.05999990925192833,-0.011242524720728397,-0.012891124224925325,0.03607654833784248,-1.9996227050062094,0
39.92,2,2.1042389411339633,0.09765147441463712,-2.4388795379996204,2.113692324724304,0.13541027128494193,-0.4392568329934111,-142.00328274604425,-0.0599999837577343,-0.0027075966354459524,-0.012891124224925325,0.03607654833784248,-1.9996227050062094,0
40.02,2,2.0982439636777745,0.0979074420563224,-2.475521806435206,2.107692066411463,0.13545690081403347,-0.47589910142899666,-141.99928689150073,-0.060000013560056686,-0.09849618375301361,-0.012891124224925325,0.03607654833784248,-1.9996227050062094,0
40.12,2,2.0921674109886785,0.09819545177230232,-2.979648033765477,2.101609164499001,0.1355327065078939,-0.9800253287592686,-142.326815369653,-0.060000013560056686,-0.06452538073062897,-0.012891124224925325,0.03607654833784248,-1.9996227050062094,0
40.22,2,2.0861374026644715,0.09852841565145651,-3.4658940970900276,2.0955712100267285,0.13565506305899627,-1.4662713920838184,-142.59316035593352,-0.060000013560056686,-0.052503008395433426,-0.012891124224925325,0.03607654833784248,-1.9996227050062094,0
40.32,2,2.08033084343527,0.0988960262863946,-3.7880804543744553,2.08975535965533,0.13581984205840597,-1.7884577493682459,-142.92509821154832,-0.06000000610947609,-0.061072416603565216,-0.012891124224925325,0.03607654833784248,-1.9996227050062094,0
40.42,2,2.074342959215779,0.0993168302506153,-4.29861295524061,2.0837564386399063,0.13603145503778713,-2.2989902502344,-143.15767753937493,-0.05999999865889549,0.0016474425792694092,-0.012891124224925325,0.03607654833784248,-1.9996227050062094,0
40.52,2,2.068287698049577,0.09977090279876966,-4.262281907399298,2.077689020868611,0.13627396536430447,-2.2626592023930883,-143.22629116034364,-0.05999999865889549,0.0016474425792694092,-0.012891124224925325,0.03607654833784248,-1.9996227050062094,0
40.62,2,2.0622447656349507,0.10021780821173484,-4.190600410840388,2.0716341744236253,0.13650974310609984,-2.190977705834178,-143.2059271149366,-0.05999999865889549,0.04189220070838928,-0.012891124224925325,0.03607654833784248,-1.9996227050062094,0
40.72,2,2.0561853316099565,0.10064481423577701,-3.8517756425459937,2.065563530764515,0.1367250577872705,-1.8521529375397858,-143.00474594809094,-0.05999999865889549,-0.004037844017148018,-0.012891124224925325,0.03607654833784248,-1.9996227050062094,0
40.82,2,2.0500811616102173,0.10105858287973984,-3.8685300264581928,2.0594486402631134,0.13692558218057993,-1.8689073214519838,-142.96920859343763,-0.05999999865889549,0.018661128357052803,-0.012891124224925325,0.03607654833784248,-1.9996227050062094,0
40.92,2,2.044071469708767,0.10145451022063454,-3.6462179468031666,2.053428792863291,0.13711157275147778,-1.6465952417969583,-142.86317261988086,-0.056587714701890945,0.05045199394226074,-0.012891124224925325,0.03607654833784248,-1.9996227050062094,0
41.02,2,2.0382390941153137,0.10180734390044688,-3.2358452844846175,2.047587657459388,0.13726068298586702,-1.2362225794784096,-142.66336678501347,-0.05948810651898384,0.09670107811689377,-0.012891124224925325,0.03607654833784248,-1.9996227050062094,0
41.12,2,2.0322218023393317,0.10211862485392381,-2.499853358168418,2.0415631683721824,0.1373618135324069,-0.5002306531622088,-142.16552686744993,-0.055889103561639786,0.15670107811689377,-0.012891124224925325,0.03607654833784248,-1.9996227050062094,0
41.22,2,2.026447956433409,0.10230905721272629,-1.2583627352306643,2.0357861936701553,0.13735066361041584,0.7412599697755453,-141.66951937103164,-0.055889103561639786,0.19942888617515564,-0.012891124224925325,0.03607654833784248,-1.9996227050062094,0
41.32,2,2.0214428373958757,0.1023486446392122,0.34860422609363134,2.030782741145031,0.1372155837338967,2.3482269310998394,-140.6329668529484,-0.059161122888326645,0.2494773417711258,-0.023089081379422817,0.053738237332196376,-2.1995849755068733,0
41.43,2,2.007151921245299,0.11284240249848976,1.7490783277490058,2.0264766581818976,0.13698242559749374,3.9486633032558793,-139.81287955144208,-0.05945662781596184,0.18001113831996918,-0.023089081379422817,0.053738237332196376,-2.1995849755068733,0
41.52,2,2.002242314295842,0.11263811899274839,3.085403841418501,2.0215785091756695,0.13658985909144847,5.284988816925372,-138.6211747209377,-0.060120973736047745,0.11898684501647949,-0.023089081379422817,0.053738237332196376,-2.1995849755068733,0
41.62,2,1.9915728193709108,0.10734115744447154,3.847679465431999,2.0158802876222235,0.13602767732387558,6.047264440938871,-138.0230173497151,-0.06012440100312233,0.0023872300516813993,-0.03349528652628841,0.05895007772555399,-2.599509516508128,0
41.72,2,1.9806229007147294,0.10256661808701661,3.614834285203102,2.0100131172943176,0.1353996645523329,6.047725480970596,-137.69692829160866,-0.06009943410754204,-0.03768779709935188,-0.03349528652628841,0.05895007772555399,-2.599509516508128,0
41.82,2,1.9746350181936183,0.10269951750481313,3.176910104094179,2.0040796232847367,0.1347820379367074,5.776419620602307,-137.79604360744005,-0.06003693863749504,-0.08919256925582886,-0.03349528652628841,0.05895007772555399,-2.599509516508128,0
41.92,2,1.9686376562776045,0.10239716199613219,2.4504268982930637,1.9981021460691908,0.13420798659500072,5.049936414801194,-138.2461183268283,-0.06000608578324318,-0.13233084976673126,-0.03349528652628841,0.05895007772555399,-2.599509516508128,0
42.02,2,1.9628404018643033,0.10220083500112828,1.4996019022611529,1.9923197615738715,0.13374893042218905,4.099111418769282,-138.7161170573811,-0.059994783252477646,-0.14330561459064484,-0.03349528652628841,0.05895007772555399,-2.599509516508128,0
42.12,2,1.9573526908753693,0.10210359975197712,0.522252028699631,1.9868421077194776,0.1334029031932202,3.12176154520776,-139.55415249493686,-0.05999450013041496,-0.1727713644504547,-0.03349528652628841,0.05895007772555399,-2.599509516508128,0
42.22,2,1.9523545277724694,0.10209596808512222,-0.5610171147000376,1.9818494340658506,0.1331685905091619,2.03849240180809,-140.15917374563887,-0.05999699607491493,-0.14058755338191986,-0.03349528652628841,0.05895007772555399,-2.599509516508128,0
42.32,2,1.9466431020563386,0.10219828769734093,-1.682334702098385,1.9761392449978252,0.13301176633588277,0.9171748144097429,-141.0543629669794,-0.059999044984579086,-0.20793363451957703,-0.002677067554019484,0.04907050031816707,-1.799660434505464,0
42.42,2,1.9613016628166142,0.11400008600931674,-2.3516090246604042,1.9710617529488563,0.13298142603171345,-0.27669780414936096,-141.70728501915642,-0.06000002101063728,-0.23185031116008759,-0.002677067554019484,0.04907050031816707,-1.799660434505464,0
42.52,2,1.966913685583664,0.12031046142485635,-3.365081743165411,1.966381966358149,0.1330594952846612,-1.5654213086599467,-142.81538113116588,-0.06000025197863579,-0.2238006293773651,0.007322932445979819,0.04907050031816569,-1.7996604345054268,0
42.62,2,1.9740106434518268,0.12050292204284602,-4.30493510184329,1.9634743119679479,0.13316069141027714,-2.5052746673378623,-143.58680653964242,-0.06000019237399101,-0.20708325505256653,0.007322932445979819,0.04907050031816569,-1.7996604345054268,0
42.72,2,1.9678794617923268,0.1210371228611708,-5.772131353002726,1.9573293780464234,0.13350207998095223,-3.9724709184973013,-144.73423677534223,-0.060000088065862656,-0.15717622637748718,-0.0026770675540198074,0.049070500318165226,-1.7996604345054152,0
42.82,2,1.9560197886035573,0.12158493340927418,-6.4719747079855505,1.9521537632022632,0.13388754132659525,-4.672314273480126,-145.3925288862634,-0.060000013560056686,-0.08017276972532272,-0.0026770675540198074,0.049070500318165226,-1.7996604345054152,0
42.92,2,1.9469382691937804,0.1222611349009711,-6.850927990138333,1.946355142332645,0.13438188191917644,-5.051267555632918,-146.02165540980215,-0.059999991208314896,-0.007591783069074154,-0.0026770675540200876,0.04907050031816418,-1.799660434505386,0
43.02,2,1.941002928683281,0.12297848082170042,-6.880016696518792,1.9404002013189834,0.13491247561435618,-5.080356262013405,-146.12153158129067,-0.0599999837577343,0.021357068791985512,-0.0026770675540200876,0.04907050031816418,-1.799660434505386,0
43.12,2,1.9350244172645323,0.12369937531461565,-6.861172953453682,1.9344019992489476,0.13544526035610563,-5.061512518948297,-146.03025252243668,-0.059999991208314896,0.04287482425570488,-0.0026770675540200876,0.04907050031816418,-1.799660434505386,0
43.22,2,1.9288961646079914,0.1244314164261567,-6.715201294414703,1.9282537797437844,0.13598448361943696,-4.915540859909316,-145.85987697384348,-0.05999999865889549,0.07282701134681702,-0.0026770675540200876,0.04907050031816418,-1.799660434505386,0
43.32,2,1.9228825798917708,0.1251257837801354,-6.488176053256366,1.9222213547567366,0.13648965283571748,-4.688515618750979,-145.46501125613077,-0.05999999865889549,0.08073069900274277,-0.0026770675540200876,0.04907050031816418,-1.799660434505386,0
43.42,2,1.9172025837866342,0.12576263432117085,-6.211160988822669,1.916524160143072,0.13694780990486827,-4.411500554317285,-145.1559879644335,-0.05999999865889549,0.06150491163134575,-0.0026770675540200876,0.04907050031816418,-1.799660434505386,0
43.52,2,1.9113716806203929,0.126385553402873,-6.019242125759422,1.9106765704189261,0.13738730317500203,-4.219581691254035,-144.78613276639754,-0.05999999865889549,0.07412272691726685,-0.0026770675540200876,0.04907050031816418,-1.799660434505386,0
43.62,2,1.9053075458175492,0.12701410383308082,-5.719685715692915,1.9045956872489238,0.13782510041478618,-3.920025281187529,-144.49840373949868,-0.05999999865889549,0.08082013577222824,-0.0026770675540200876,0.04907050031816418,-1.799660434505386,0
43.72,2,1.8992966377297893,0.12760096690472536,-5.4350733431260725,1.8985693137243793,0.13822290243467195,-3.63541290862069,-143.997985385489,-0.05999999865889549,0.14157409965991974,-0.0026770675540200876,0.04907050031816418,-1.799660434505386,0
43.82,2,1.8935978097243817,0.12812063796772927,-4.977806711163265,1.892856976501572,0.1385633464122487,-3.1781462766578796,-143.50316077861908,-0.05999999865889549,0.18944689631462097,-0.0026770675540200876,0.04907050031816418,-1.799660434505386,0
43.92,2,1.8881622504100144,0.12856254468929112,-4.291836397318749,1.8874102202879506,0.13883433231584202,-2.4921759628133637,-142.6234495656397,-0.05999999865889549,0.24368754029273987,-0.0026770675540200876,0.04907050031816418,-1.799660434505386,0
44.02,2,1.8832408203959978,0.128903940954745,-3.526530708919302,1.8824804962929427,0.13902100348654695,-1.7268702744139166,-141.9372152883078,-0.05999999865889549,0.24368754029273987,-0.0026770675540200876,0.04907050031816418,-1.799660434505386,0
44.12,2,1.8785826470382463,0.12916059127910973,-2.7164575021937227,1.8778165605342703,0.13913123804936967,-0.9167970676883362,-140.79211188887322,-0.05999999865889549,0.3496156334877014,-0.013107391271514515,0.0633159777500989,-2.1995849755066863,0
44.22,2,1.8644504119723482,0.13047056956569736,-2.3015222464883105,1.8735969766593688,0.13916685229145678,-0.10193727098162433,-139.95317247108073,-0.05999999865889549,0.3496156334877014,-0.013107391271514515,0.0633159777500989,-2.1995849755066863,0
44.32,2,1.8605130032141575,0.1306020410309774,-1.5674260924989125,1.8696574230559189,0.13914710689189724,0.6321588830077733,-138.65768904635635,-0.05999999865889549,0.37238794565200806,-0.0228864452290067,0.05622478289009485,-1.9996227050060134,0
44.42,2,1.850124289992756,0.13032203900958217,-0.674979120471992,1.8657142883864615,0.13907995741496526,1.3959885688976004,-137.7357808695412,-0.05999999865889549,0.37238794565200806,-0.0228864452290067,0.05622478289009485,-1.9996227050060134,0
44.52,2,1.8427786517301383,0.13014249562409988,0.06463999960318768,1.8619498083900843,0.13897119594913399,2.064262704609201,-136.3508522292036,-0.05999999865889549,0.3716462552547455,-0.0228864452290067,0.05622478289009485,-1.9996227050060134,0
44.62,2,1.8389622653241882,0.13011546327414367,0.7348344242608627,1.8581366891841462,0.13881101521130368,2.734457129266876,-135.4164662622291,-0.05999999865889549,0.3753199279308319,-0.023127523540146043,0.06327639128646818,-2.1995849755066446,0
44.72,2,1.8352549639168323,0.13060929373722768,1.2493049055337677,1.854428945687642,0.13860907197961256,3.4488898810404125,-134.0071514446721,-0.05999999865889549,0.3766944706439972,-0.023127523540146043,0.06327639128646818,-2.1995849755066446,0
44.82,2,1.8315795324132407,0.13050825485900194,1.8906482881773998,1.8507601001922152,0.13836704238804873,4.090233263684045,-133.0557338529235,-0.05999999865889549,0.3795957863330841,-0.023127523540146043,0.06327639128646818,-2.1995849755066446,0
44.92,2,1.8280655506183503,0.1303750828384072,2.5628580216440877,1.8472538187367962,0.13809909986198224,4.762442997150733,-131.61704684415096,-0.05999999865889549,0.3797423541545868,-0.023127523540146043,0.06327639128646818,-2.1995849755066446,0
45.02,2,1.824679927474717,0.13020686821766264,3.2020015608917456,1.8438771463122665,0.1378010670336611,5.40158653639839,-130.6381914554567,-0.05999999865889549,0.3795441687107086,-0.023127523540146043,0.06327639128646818,-2.1995849755066446,0
45.12,2,1.8208598988476068,0.1299696396553457,3.9175349961459762,1.840069037271108,0.1374173983831729,6.1171199716526194,-129.17174944049185,-0.05999999865889549,0.3799735903739929,-0.042855512140311164,0.0662909596199548,-1.9996227050059796,0
45.22,2,1.804342377854522,0.13589579593817158,4.870916468320768,1.836653854817407,0.13702506006533866,6.93941308942541,-128.20185907827042,-0.05999999865889549,0.37727728486061096,-0.042855512140311164,0.0662909596199548,-1.9996227050059796,0
45.32,2,1.793968650222163,0.1388146198442304,5.823581178676676,1.8331750788407373,0.13657164803936286,7.823203883682657,-126.70867077359374,-0.05999999865889549,0.3794293701648712,-0.042855512140311164,0.0662909596199548,-1.9996227050059796,0
45.42,2,1.7903964898803408,0.13842695016358147,6.6298684610113625,1.829618620667098,0.13605957133794655,8.629491166017344,-125.71751312138257,-0.05999999865889549,0.37961170077323914,-0.042855512140311164,0.0662909596199548,-1.9996227050059796,0
45.52,2,1.7868538994514118,0.13799939042733822,7.389085009989766,1.8260931062803003,0.13550866065219055,9.388707714995743,-124.23986741048675,-0.05999999865889549,0.38,-0.053424705589206825,0.08015943304053112,-2.3995472460072795,0
45.62,2,1.7731813427014247,0.13863507840842038,7.72985144724636,1.8225561646121262,0.13490027274784802,10.12939869325364,-123.23609464932728,-0.05999999865889549,0.38,-0.053424705589206825,0.08015943304053112,-2.3995472460072795,0
45.72,2,1.7695695964622427,0.13812115709345518,8.41412879043116,1.8189691020265697,0.13423558633944166,10.813676036438443,-121.72359955803105,-0.05999999865889549,0.38,-0.053424705589206825,0.08015943304053112,-2.3995472460072795,0
45.82,2,1.7662204360847216,0.1375968678091768,9.356454369729045,1.8156448291407783,0.13357153493423307,11.756001615736324,-120.74193462862978,-0.05999999865889549,0.38,-0.053424705589206825,0.08015943304053112,-2.3995472460072795,0
45.92,2,1.762697796058894,0.13699274424474844,10.205095451444409,1.8121505712027772,0.13282045604664788,12.604642697451688,-119.20816386463575,-0.05987517163157463,0.3678238093852997,-0.07342470558920688,0.0701594330405293,-2.39954724600723,0
46.02,2,1.7392375217616647,0.12634891515114058,11.063986050804155,1.8087202866901806,0.13203231755851166,13.463533296811386,-118.20254776274223,-0.05997210368514061,0.3756454885005951,-0.07342470558920688,0.0701594330405293,-2.39954724600723,0
46.12,2,1.7356827897221354,0.12563125077814313,11.819378540784802,1.8051987185771736,0.1311664537986867,14.218925786792035,-116.69226245998068,-0.06000259891152382,0.38,-0.07342470558920688,0.0701594330405293,-2.39954724600723,0
46.22,2,1.732487825795665,0.12494305926271809,12.436087564227938,1.8020353691560165,0.130345099737996,14.83563481023517,-115.671987433744,-0.06000259891152382,0.38,-0.07342470558920688,0.0701594330405293,-2.39954724600723,0
46.32,2,1.7289235532525606,0.12412483094163418,13.363522372761174,1.7985084792920236,0.12937836076897843,15.763069618768409,-114.19221790773376,-0.0598827563226223,0.38,-0.09342470558920728,0.07015943304052927,-2.399547246007232,0
46.42,2,1.7053957407499316,0.1232590912746741,14.322627720468585,1.7950200066924809,0.1283656786140608,16.722174966475812,-113.18936768466195,-0.0598827563226223,0.38,-0.09342470558920728,0.07015943304052927,-2.399547246007232,0
46.52,2,1.701976562951786,0.12236145400575096,15.32109165521349,1.791641409023371,0.12732567511782647,17.720638901220717,-111.67966709844447,-0.05966321751475334,0.38,-0.09342470558920728,0.07015943304052927,-2.399547246007232,0
46.62,2,1.698610947793436,0.12141113202240827,16.226180567830845,1.78831853281915,0.12623527565085996,18.625727813838083,-110.64620417054589,-0.05943421646952629,0.38,-0.09342470558920728,0.07015943304052927,-2.399547246007232,0
46.72,2,1.695284461463149,0.12041489124038687,17.099544395269362,1.7850366736504872,0.12510063588493764,19.499091641276596,-109.11072098463168,-0.05854346975684166,0.37999090552330017,-0.11373764448385436,0.08693161144145652,-2.5995095165078514,0
46.82,2,1.6717948598029508,0.12989321777367374,17.91516220307226,1.781746617060132,0.12389921742339355,20.51467171958011,-108.07717414699457,-0.05834650620818138,0.37998244166374207,-0.11373764448385436,0.08693161144145652,-2.5995095165078514,0
46.92,2,1.6686401691784765,0.12884560190465025,18.95099576426647,1.7786426867718257,0.12270960037975646,21.55050528077433,-106.53485493701699,-0.058291565626859665,0.37998858094215393,-0.11341574020465643,0.08018616806201394,-2.3995472460071796,0
47.02,2,1.6654057537450333,0.12711883677980965,20.019461282925942,1.7752967881934543,0.12136678524368548,22.41900852893312,-105.49463465810123,-0.05877451226115227,0.3799954950809479,-0.11341574020465643,0.08018616806201394,-2.3995472460071796,0
47.12,2,1.6620762550080126,0.12587832346888891,20.965208997803433,1.7720221464027286,0.1199879610138329,23.364756243810604,-103.95785665269688,-0.05870577320456505,0.3799993693828583,-0.1230617742628165,0.08346893746546108,-2.1995849755065384,0
47.22,2,1.6490364231064132,0.1340739626383563,22.14248337723183,1.768850255823429,0.11858187958290127,24.34206835273837,-102.91454578125536,-0.05847630277276039,0.38,-0.1230617742628165,0.08346893746546108,-2.1995849755065384,0
47.32,2,1.645864958764013,0.13274907058265265,23.139416111973873,1.765731978347018,0.11713624110302748,25.33900108748041,-101.35015731029875,-0.0588444285094738,0.38,-0.13306177426281676,0.08346893746546058,-2.199584975506517,0
47.42,2,1.6326749785253059,0.13135429723671302,24.163870390978893,1.762597880700729,0.1156200621711695,26.36345536648541,-100.30765377872271,-0.05911518260836601,0.38,-0.13306177426281676,0.08346893746546058,-2.199584975506517,0
47.52,2,1.6295398226253537,0.12991982749361355,25.2067710798748,1.7595200905687025,0.11406632028009732,27.406356055381313,-98.73784742082536,-0.061726491898298264,0.38,-0.1330617742628167,0.09346893746546146,-2.1995849755065473,0
47.62,2,1.6263494913308911,0.1383974016193979,26.061083549130082,1.756390541502227,0.11242256940133474,28.26066852463663,-97.71014693311218,-0.05963969603180885,0.3799999952316284,-0.1330617742628167,0.09346893746546146,-2.1995849755065473,0
47.72,2,1.6230930363805935,0.13677168522063435,27.013245626361304,1.7531988818494924,0.11067306623939643,29.212830601867854,-96.1702773186453,-0.06187931075692177,0.37999996542930603,-0.1434377839374954,0.09009696120416613,-2.3995472460071925,0
47.82,2,1.6096450823352741,0.1256107260274583,27.758730040776978,1.750058813061694,0.108880275239217,30.158277286784173,-95.14765770395174,-0.06235563009977341,0.3799999952316284,-0.1434377839374954,0.09009696120416613,-2.3995472460071925,0
47.92,2,1.6064679844514453,0.12389644147664591,28.880340005277773,1.7469562742330533,0.10703447587272034,31.279887251284965,-93.61854916725105,-0.06140052154660225,0.3799999952316284,-0.1534377839374959,0.09009696120416505,-2.3995472460071636,0
48.02,2,1.5933593248855777,0.12215171164210506,29.84547071406928,1.743923388388776,0.10516112327708463,32.245017960076446,-92.61187415433535,-0.05850871652364731,0.3799999952316284,-0.1534377839374959,0.09009696120416505,-2.3995472460071636,0
48.12,2,1.5902454765997187,0.12032900036224403,31.0548380654326,1.7408885832825076,0.1032096403732272,33.454385311439765,-91.03557542212657,-0.06060037761926651,0.3799999952316284,-0.15343778393749577,0.09009696120416429,-2.3995472460071423,0
48.22,2,1.5872678766844237,0.1185093477384354,31.861969500376492,1.7379897790198413,0.10126691785736325,34.26151674638364,-89.9886198938592,-0.06071660667657852,0.3799999952316284,-0.15343778393749577,0.09009696120416429,-2.3995472460071423,0
48.32,2,1.584261533765634,0.11659105997861666,33.18965271687957,1.7350663865887326,0.09922444328749387,35.58919996288671,-88.44603024316395,-0.062037914991378784,0.3799999952316284,-0.1626337373751138,0.06702611664289236,-1.9996227050058022,0
48.42,2,1.5717370451121293,0.1035339255848298,34.873705010053634,1.7320407853149642,0.097002831219889,36.87332771505942,-87.39242871538858,-0.052399203181266785,0.3799999952316284,-0.1626337373751138,0.06702611664289236,-1.9996227050058022,0
48.52,2,1.5690208793293245,0.10159657791446439,36.225315948465926,1.7293938732317022,0.0949718883405762,38.224938653471725,-85.80804649512085,-0.04893254488706589,0.3799999952316284,-0.16305235104854837,0.08352694117948004,-2.1995849755064905,0
48.62,2,1.5660733101572764,0.1100882819144224,37.45619536167041,1.7268321923980732,0.09290660019493996,39.6557803371769,-84.69548205307251,-0.04893254488706589,0.3799999952316284,-0.16305235104854837,0.08352694117948004,-2.1995849755064905,0
48.72,2,1.5636191057259907,0.10817163855909866,38.6181605102111,1.724453358104392,0.09089717526594808,40.81774548571758,-83.0118129803444,-0.047212153673172,0.3799999952316284,-0.1626291250874165,0.07705825997533368,-1.999622705005861,0
48.82,2,1.5615322876491329,0.10573773051490686,40.26884300274865,1.7221107860421694,0.08882302515308171,42.268465707754515,-81.86812415447692,-0.04744208604097366,0.3799999952316284,-0.1626291250874165,0.07705825997533368,-1.999622705005861,0
48.92,2,1.5591205218343203,0.10362662197374164,42.09056910945332,1.7197741515880247,0.08662904861588182,44.090191814459175,-80.14337953308419,-0.04744208604097366,0.3799999952316284,-0.1626291250874165,0.07705825997533368,-1.999622705005861,0
49.02,2,1.5568297311281938,0.10148966618815888,43.8370423882822,1.717559320461318,0.08441346174803376,45.836665093288055,-79.00295860759849,-0.04430834576487541,0.3799999952316284,-0.17262912508741676,0.08705825997533372,-1.9996227050058621,0
49.12,2,1.5446818777166302,0.10936604947666322,45.573920155506514,1.7154868741492948,0.08221619333050022,47.57354286051238,-77.25390936678038,-0.04430834576487541,0.3799999952316284,-0.17262912508741676,0.08705825997533372,-1.9996227050058621,0
49.22,2,1.5426318270776123,0.10721825698344262,47.424026941627936,1.7135130146169983,0.0799981764768144,49.42364964663382,-76.08556988641232,-0.04254809767007828,0.3799999952316284,-0.1630716910370651,0.0934369436422265,-2.1995849755065424,0
49.32,2,1.5502869152474918,0.1054414489699693,48.53428070259042,1.7116354543835666,0.07775534177588507,50.73386567809695,-74.32436294868837,-0.04617737978696823,0.3799999952316284,-0.1630716910370651,0.0934369436422265,-2.1995849755065424,0
49.42,2,1.5483442059330117,0.10318654065187972,50.09795254240141,1.7097807211366294,0.07542753259421611,52.29753751790794,-73.18452982392982,-0.025481540709733963,0.3799999952316284,-0.1726214415800116,0.07709501491465633,-1.9996227050059323,0
49.52,2,1.5373744853993179,0.09109353165299301,52.31566990582662,1.7084661875439957,0.07365673611866023,54.31529261083254,-71.24998086292973,-0.018045376986265182,0.3799999952316284,-0.1726214415800116,0.07709501491465633,-1.9996227050059323,0
49.62,2,1.5363874550272127,0.08973974671773399,54.94561347071931,1.7075269957208978,0.07226933519397473,56.94523617572525,-69.8136752328327,-0.0048549422062933445,0.37143275141716003,-0.17350734299521026,0.08970839165782193,-2.3995472460072262,0
49.72,2,1.5354457574252904,0.0897120496613236,57.48525242931768,1.707205721672868,0.07173297482587883,59.77439326556944,-67.39943526965882,0.002013422315940261,0.3780854046344757,-0.17350734299521026,0.08970839165782193,-2.3995472460072262,0
49.82,2,1.5352642808162678,0.08998637296800906,60.098814250205514,1.7072616677058245,0.07182017543316867,62.49836149621274,-65.68713178611384,-0.002750593004748225,0.38,-0.1735073429952106,0.07970839165782026,-2.3995472460071747,0
49.92,2,1.5354392460717383,0.08030374053456982,62.72718000445592,1.7074231920762626,0.07214459012254215,65.12672725046306,-63.186226722781726,-0.002750593004748225,0.38,-0.1735073429952106,0.07970839165782026,-2.3995472460071747,0
50.02,2,1.5353100544843352,0.08005928104066692,65.49509110941139,1.707304348740167,0.0718949360180685,67.89463835541858,-61.46831201623562,0.02120206713676453,0.38,-0.17350734299521103,0.07970839165782301,-2.399547246007254,0
50.12,2,1.5357646936027995,0.0810863349290201,67.98615920054617,1.70771558876903,0.07294012406635292,70.38570644655336,-59.17069902423056,0.01777713932096958,0.38,-0.17350734299521103,0.07970839165782301,-2.399547246007254,0
50.22,2,1.5363972700881392,0.08271654481041796,70.08049820575596,1.708279357352818,0.07459538907569441,72.4800454517632,-57.74067630717255,0.01777713932096958,0.38,-0.17528339772137103,0.12443514561064628,-3.199396328009885,0
50.32,2,1.5350204510251688,0.10505699271290368,71.76934459335276,1.7087196013349613,0.07610579387041287,74.96874092136264,-55.5681097723208,0.008378833532333374,0.38,-0.17528339772137103,0.12443514561064628,-3.199396328009885,0
50.42,2,1.535295505343166,0.1059858912826244,74.048654347565,1.7089423841956983,0.07704859566699573,77.2480506755749,-54.02954051067487,-0.009397565387189388,0.37999117374420166,-0.17528339772137075,0.13443514561064587,-3.199396328009867,0
50.52,2,1.5351541376736295,0.11551977047196216,76.55650879756601,1.7088272515302971,0.07657531150554481,79.75590512557588,-51.65900884111596,-0.011524145491421223,0.37998881936073303,-0.17528339772137075,0.13443514561064587,-3.199396328009867,0
50.62,2,1.5349232990080692,0.11449356764778845,79.03944148314139,1.7086540460516904,0.0755378248366953,82.23883781115124,-50.08075833954306,-0.012021548114717007,0.3799934685230255,-0.17482543231253328,0.12832697696973966,-2.9994340575092555,0
50.72,2,1.535259769559119,0.11329921748882889,81.48973118025907,1.7085288174120576,0.0744749037460353,84.48916523776832,-47.746899833481514,-0.006616380997002125,0.3704569637775421,-0.17482543231253328,0.12832697696973966,-2.9994340575092555,0
50.82,2,1.5351838738873467,0.11266605339832444,84.02086558986737,1.7084861567160239,0.07383863573370718,87.02029964737663,-46.144388737171795,-0.0009298406075686216,0.37505435943603516,-0.17528737411824774,0.13438794738753262,-3.1993963280099074,0
50.92,2,1.5346493271110153,0.11261585838973555,86.50330803751575,1.7084866340039502,0.07369509820872829,89.70270436552566,-43.612443140317275,0.0049461121670901775,0.37631919980049133,-0.17528737411824774,0.13438794738753262,-3.1993963280099074,0
51.02,2,1.5346733331218316,0.11304704809900291,88.8403448691502,1.708486537475303,0.07412695564425024,92.03974119716008,-41.93474001105163,0.007557686883956194,0.3626508116722107,-0.17482458726499192,0.12836937251805114,-2.999434057509316,0
51.12,2,1.5351988190729742,0.11378765542771772,91.45687342362082,1.7084437668797983,0.07491710156278644,94.45630748113014,-39.52130562627758,0.003900788025930524,0.35913026332855225,-0.17482458726499192,0.12836937251805114,-2.999434057509316,0
51.22,2,1.5351735092083585,0.1141852333120528,93.94310813418393,1.7083976879913505,0.07531281041964794,96.94254219169324,-37.882671626309325,0.010513689368963242,0.30959197878837585,-0.1638274184855521,0.10643508372753717,-2.599509516508028,0
51.32,2,1.5461452038170052,0.10511902494094207,96.42632874453008,1.7082726779074882,0.07624014001687764,99.02583826103813,-35.65646400499803,-0.009657845832407475,0.3371351659297943,-0.1638274184855521,0.10643508372753717,-2.599509516508028,0
51.42,2,1.5461921000421468,0.10462991521869727,98.72000877561236,1.7083417091702329,0.07575366056089745,101.31951829212035,-34.14433518002613,-0.005980967078357935,0.3037855327129364,-0.17382741848555217,0.10643508372753838,-2.5995095165080495,0
51.52,2,1.5362964246770159,0.10399843986027241,100.3234821191775,1.7084745666596546,0.07512756660209918,102.92299163568556,-31.971622472737767,-0.0019206462893635035,0.3626924157142639,-0.17382741848555217,0.10643508372753838,-2.5995095165080495,0
51.62,2,1.543797771738415,0.11078513387185568,102.87010618276928,1.708560717996097,0.07479912745949974,105.32850330797181,-30.38495355515139,-0.00010478217154741287,0.29617324471473694,-0.16330084874076328,0.11055400204099994,-2.3995472460074563,0
51.72,2,1.5469238886109276,0.1136329346553951,104.7277783042068,1.7085962375462844,0.07467950936089864,107.12732555021424,-28.212926802799362,-0.007602534256875515,0.3622996211051941,-0.16330084874076328,0.11055400204099994,-2.3995472460074563,0
51.82,2,1.5470994576824626,0.11298948405016086,106.87275041380529,1.7087985925066238,0.07404397364177491,109.27229765981275,-26.674883432080982,0.0012663495726883411,0.37060341238975525,-0.17330084874076235,0.11055400204099641,-2.399547246007303,0
51.92,2,1.5371002127690692,0.11301337139624289,108.46168167085699,1.7087983468215002,0.07406787165628227,110.86122891686425,-25.037699046014943,0.000731536652892828,0.38,-0.17330084874076235,0.11055400204099641,-2.399547246007303,0
52.02,2,1.5370794319583907,0.1130696081484985,111.38073821342041,1.7087752297254792,0.0741231890519934,113.78028545942767,-22.47113639386201,0.013249428942799568,0.38,-0.17380471253550503,0.11636325774603255,-2.5995095165080593,0
52.12,2,1.5364351669601908,0.11375743843254081,113.00990792846535,1.7084277490668667,0.074902089345726,115.54152262286769,-20.08409043549312,0.014997811987996101,0.38,-0.17380471253550503,0.11636325774603255,-2.5995095165080593,0
52.22,2,1.5356852150637192,0.11500641382370533,115.21576299145693,1.7077923297040805,0.07617750450454332,117.81527250796505,-18.589313774364076,0.01200323086231947,0.38,-0.1733128138009618,0.11059013540897468,-2.3995472460074683,0
52.32,2,1.5356792500754388,0.11618997574690247,117.19470921167874,1.707259100171157,0.07714659737864113,119.5942564576862,-17.07570508787183,0.01159893162548542,0.38,-0.1733128138009618,0.11059013540897468,-2.3995472460074683,0
52.42,2,1.5352071125993143,0.11706714272444124,119.02361598774051,1.7067506516683209,0.07800322788405732,121.42316323374791,-14.780466484674553,0.015180729329586029,0.3732689917087555,-0.1728086248001426,0.11485756147791439,-2.1995849755068995,0
52.52,2,1.5348827092576238,0.12500402489319118,120.9892198006021,1.7060661407844993,0.07909111836008619,123.25540629467908,-12.55597342261321,0.009731488302350044,0.37840601801872253,-0.1728086248001426,0.11485756147791439,-2.1995849755068995,0
52.62,2,1.534533110687975,0.129208826251406,122.80911373785925,1.7055329468836842,0.07986944118016723,125.00869871336616,-11.00373206013121,0.00869249552488327,0.33747443556785583,-0.18330394652994647,0.12055780666745675,-2.399547246007555,0
52.72,2,1.5236901389303998,0.12953310164315576,124.27018243449255,1.7051215509405784,0.08043544140801392,126.66972968050011,-8.689376688679609,0.028692495524883274,0.2796272337436676,-0.18330394652994647,0.12055780666745675,-2.399547246007555,0
52.82,2,1.5224658609022013,0.13130829514900225,125.68299253022424,1.7038240230339459,0.08215782057795269,128.0825397762318,-7.383523772765311,0.031071260571479797,0.3306439220905304,-0.18281902577151868,0.1048882136828711,-2.1995849755070114,0
52.92,2,1.5214591096890175,0.1235434173793653,127.23432327677807,1.7023064165007067,0.08405262621906814,129.43390825228508,-5.5797520983951525,0.0510712605714798,0.34193024039268494,-0.18281902577151923,0.11488821368287185,-2.1995849755070207,0
53.02,2,1.5195159016828819,0.1360453615837733,128.60821263908804,1.7002686142141394,0.08647814554447812,130.80779761459505,-4.463710506682429,0.06327136605978012,0.35357290506362915,-0.18281902577151923,0.11488821368287185,-2.1995849755070207,0
53.12,2,1.5172166440197403,0.1388778760138932,129.64917932147486,1.6978623371359505,0.08922032614052476,131.8487642969819,-2.9288922411367695,0.07751352339982986,0.38,-0.1932964169418586,0.1205119914371019,-2.3995472460077045,0
53.22,2,1.504375394221567,0.14147830271903408,130.49669797615638,1.6953054138013834,0.09202564079318455,132.8962452221641,-1.9666044310867197,0.07972586154937744,0.37686195969581604,-0.1932964169418586,0.1205119914371019,-2.3995472460077045,0
53.32,2,1.501606574242029,0.1446804057031691,131.2912989620243,1.692404956756479,0.09510901176190659,133.690846208032,-0.6336245281509857,0.07749997079372406,0.3711453378200531,-0.19376059034775567,0.1261043921745868,-2.5995095165083337,0
53.42,2,1.4984398653638336,0.1474961549192093,131.89436807384627,1.6894888991736858,0.09811854764884942,134.49387759035457,0.2357096011896837,0.0719095841050148,0.36883822083473206,-0.19376059034775567,0.1261043921745868,-2.5995095165083337,0
53.52,2,1.495561186134191,0.15064200598500374,132.97934043974422,1.6864705039235766,0.10113060062804004,135.57884995625255,1.5467636169404104,0.07045354694128036,0.36985769867897034,-0.19328587561579635,0.12054206558521947,-2.3995472460076988,0
53.62,2,1.4930481805869542,0.15399673005663655,134.24300253489747,1.6834547408699663,0.1040283573192964,136.64254978090517,2.4339215938910383,0.07103873044252396,0.3662501871585846,-0.19328587561579635,0.12054206558521947,-2.3995472460076988,0
53.72,2,1.4901136771556822,0.15695808201987183,135.26672157448914,1.6803988253566733,0.10686425157224697,137.66626882049684,3.764115483789675,0.07211001217365265,0.37327101826667786,-0.18328587561579612,0.12054206558521963,-2.399547246007706,0
53.82,2,1.4944018292976162,0.1598832353592447,136.42655752186388,1.6772704428985319,0.10966087874186957,138.82610476787156,4.652818173339862,0.052461668848991394,0.37615934014320374,-0.18328587561579612,0.12054206558521963,-2.399547246007706,0
53.92,2,1.4943521514682994,0.1624473393815544,137.5737703679737,1.6744125286977036,0.112107473572122,139.9733176139814,6.099712721419928,0.06717906147241592,0.36645278334617615,-0.18328587561579684,0.12054206558521921,-2.3995472460076868,0
54.02,2,1.491574056579435,0.16493227669513022,138.73786154086318,1.6715328309952557,0.11447391938947003,141.13740878687085,7.0816992954064055,0.07504670321941376,0.368329256772995,-0.18328587561579684,0.12054206558521921,-2.3995472460076868,0
54.12,2,1.4885768704005193,0.1675095826244678,139.82922135262854,1.6684303668436409,0.11692347996892684,142.22876859863624,8.509553382632856,0.07877699285745621,0.3688702881336212,-0.17328587561579722,0.12054206558521996,-2.399547246007722,0
54.22,2,1.4953708187256378,0.17017296414229313,140.77166311759953,1.6651156165455183,0.11945029593226895,143.17121036360726,9.409070830796415,0.06193142011761665,0.34745171666145325,-0.17328587561579722,0.12054206558521996,-2.399547246007722,0
54.32,2,1.492088482063453,0.17280543348779398,141.81718243477164,1.6617259423731154,0.12194303294685133,144.21672968077937,10.740137494035627,0.062368739396333694,0.353072851896286,-0.16828587561579733,0.12054206558522124,-2.399547246007755,0
54.42,2,1.4938515776574346,0.17530723124092668,142.86034257351184,1.6583871315467902,0.12430711509375174,145.2598898195196,11.636569382206222,0.07675225287675858,0.35807737708091736,-0.16828587561579733,0.12054206558522124,-2.399547246007755,0
54.52,2,1.490454002197644,0.17783660563696985,143.83522944522988,1.6548866359771153,0.126692022766391,146.23477669123764,12.963905706075009,0.06535352766513824,0.34641948342323303,-0.15828587561579704,0.1305420655852214,-2.399547246007763,0
54.62,2,1.4970187571455584,0.19029463103113367,144.9318692687996,1.651351491068101,0.12900406685734325,147.3314165148074,13.849638675922687,0.06955195218324661,0.3616706430912018,-0.15828587561579704,0.1305420655852214,-2.399547246007763,0
54.72,2,1.4935104195180238,0.1927118578339234,145.9231905005616,1.6477450258196364,0.1312722879084134,148.32273774656937,15.171750280586915,0.07362773269414902,0.36556878685951233,-0.15828587561579752,0.1305420655852212,-2.3995472460077583,0
54.82,2,1.489991004282913,0.19504663874699735,146.96862686496294,1.6441309445014838,0.13345767156694177,149.3681741109707,16.06119930198115,0.07872337847948074,0.31641635298728943,-0.1482858756157974,0.13054206558522075,-2.3995472460077303,0
54.92,2,1.48624355129453,0.1974479827582323,147.8628839514826,1.6402862385347348,0.1357000125289004,150.26243119749034,17.321923433810465,0.08019006997346878,0.336474746465683,-0.1482858756157974,0.13054206558522075,-2.3995472460077303,0
55.02,2,1.4920803837782601,0.20002743751018004,148.7123650826007,1.6360187254573233,0.13810290302161765,151.11191232860844,18.090769468471528,0.07252181321382523,0.3042120337486267,-0.14828587561579698,0.13054206558522025,-2.3995472460077147,0
55.12,2,1.4879351580750568,0.20250617602787715,149.53078707943558,1.6317733552238802,0.14040591677550823,151.9303343254433,19.24803087066562,0.07858120650053024,0.2699349820613861,-0.14828587561579698,0.13054206558522025,-2.3995472460077147,0
55.22,2,1.4837909556589501,0.20490327132992384,150.3552857934856,1.6275324255987207,0.1426274017444435,152.7548330394933,20.02421921303557,0.05216318368911743,0.2876308858394623,-0.13828587561579744,0.13054206558522058,-2.399547246007717,0
55.32,2,1.479973591791154,0.2070332355289612,151.29776261874218,1.6236292321176151,0.14459567383879196,153.69730986474988,21.29417697897281,0.07216318368911744,0.13763088583946226,-0.13828587561579744,0.13054206558522058,-2.399547246007717,0
55.42,2,1.4854989250192072,0.2094615402465802,151.7985261776914,1.6190568212323833,0.1468345050557856,154.1980734236991,22.031776639416655,0.07369109243154526,0.17874109745025635,-0.13828587561579744,0.13054206558522058,-2.399547246007717,0
55.52,2,1.4802604192433415,0.21223661764383933,152.43519358417058,1.6137067225122383,0.1493878246615658,154.8347408301783,22.86146016119564,0.08017676323652267,0.11782053112983704,-0.13828587561579744,0.13054206558522058,-2.399547246007717,0
55.62,2,1.4746199766359749,0.21515063901084713,152.93444694512704,1.6079492221219078,0.1520631382113609,155.33399419113476,23.328009575392112,0.07420764863491058,0.17297165095806122,-0.13828587561579744,0.13054206558522058,-2.399547246007717,0
55.72,2,1.4693470363847063,0.21782027258355008,153.43695498084057,1.6025691338164456,0.15450966475554162,155.8365022268483,24.053173835121477,0.0789128765463829,0.10190945863723755,-0.1277385445292287,0.1353912161004276,-2.199584975507101,0
55.83,2,1.4632779208687496,0.22082524056402714,153.92514475182836,1.5963795286638027,0.15725789759940562,156.32469199783608,24.480076305006005,0.07929790765047073,0.1811572164297104,-0.1277385445292287,0.1353912161004276,-2.199584975507101,0
55.92,2,1.4678762695988758,0.23395717638613356,154.70028027319486,1.5906561384492262,0.15973394381253406,156.89986524870199,25.158925697335835,0.07574650645256042,0.18836374580860138,-0.1277385445292287,0.1353912161004276,-2.199584975507101,0
56.02,2,1.4630167181072382,0.23622155110065557,155.25965393781524,1.5857132595078733,0.1618101377627168,157.45923891332234,25.72113375889932,0.07918570190668106,0.11110977083444595,-0.1277385445292287,0.1353912161004276,-2.199584975507101,0
56.11,2,1.4573651961372607,0.2387981865958531,155.83049587997124,1.5799670088693996,0.16416796613901813,158.03008085547833,26.437511549973127,0.07946934551000595,0.10125409066677094,-0.1277385445292287,0.1353912161004276,-2.199584975507101,0
56.22,2,1.4513782337499048,0.24146379194556963,156.17803813421096,1.5738821502541018,0.16660182442163982,158.37762310971806,26.834989304977338,0.08014125376939774,0.019013386219739914,-0.1277385445292287,0.1353912161004276,-2.199584975507101,0
56.32,2,1.4443003898735063,0.24458144236451124,156.36543893165373,1.5666898641694773,0.1694455260498562,158.56502390716082,27.15175494649672,0.08013134449720383,0.008349012583494186,-0.1277385445292288,0.12539121610042744,-2.1995849755070944,0
56.42,2,1.4368281766767648,0.24785102563131176,156.4279111549516,1.5590976680685786,0.17242591246131264,158.6274961304587,27.249605374977342,0.08010151237249374,-0.02846664935350418,-0.1277385445292288,0.12539121610042744,-2.1995849755070944,0
56.52,2,1.4294799117669463,0.24106203286819472,156.3380486931653,1.5516315771102849,0.17535252320800748,158.53763366867238,27.177778007212915,0.08003626763820648,-0.028405480086803436,-0.1277385445292288,0.12539121610042744,-2.1995849755070944,0
56.62,2,1.4221996054917627,0.24425435746451268,156.27331987225782,1.5442341117647373,0.1782630733708043,158.47290484776488,27.093877609666993,0.08000517636537552,0.011774290353059769,-0.1277385445292288,0.12539121610042744,-2.1995849755070944,0
56.72,2,1.4146956695536543,0.24754453110550606,156.3817229826084,1.5366094260256473,0.181262817448428,158.5813079581155,27.155893925740372,0.07999420166015625,0.0069216229021549225,-0.1277385445292288,0.12539121610042744,-2.1995849755070944,0
56.82,2,1.4073146264490213,0.2507761082035098,156.44247209149032,1.5291097915406822,0.1842087248544263,158.6420570669974,27.22429921402724,0.07999428361654282,0.054439038038253784,-0.1277385445292288,0.12539121610042744,-2.1995849755070944,0
56.92,2,1.4003281403895012,0.25381317192730846,156.56255518065817,1.522011888923355,0.1869754055293904,158.76214015616526,27.473320748647698,0.07978407293558121,0.004983726888895035,-0.1277385445292288,0.12539121610042744,-2.1995849755070944,0
57.02,2,1.3930118542993484,0.2569674019904444,156.71336045270127,1.5145799323628963,0.18984650830142996,158.91294542820836,27.54243077933511,0.07995150238275528,-0.011264815926551819,-0.1277385445292288,0.12539121610042744,-2.1995849755070944,0
57.12,2,1.38555837219369,0.26017674423805287,156.73561697799116,1.5070087656366158,0.1927674169895808,158.93520195349825,27.54046042523191,0.0792805626988411,0.045775167644023895,-0.1277385445292288,0.12539121610042744,-2.1995849755070944,0
57.22,2,1.378415819427906,0.26324110340581947,156.91454302234874,1.4997538636891183,0.19555538306779616,159.1141279978558,27.687259097562492,0.08122500032186508,0.1657751676440239,-0.1277385445292288,0.12539121610042744,-2.1995849755070944,0
57.32,2,1.3719152174331066,0.26597611109978964,157.42006878499882,1.4931530802172983,0.1980388787772778,159.6196537605059,28.14732628644238,0.08021007478237152,0.05871744826436043,-0.1277385445292288,0.12539121610042744,-2.1995849755070944,0
57.42,2,1.3656629417568678,0.2685502258804521,157.87405961306308,1.4868066152576922,0.2003711310261148,160.07364458857018,28.4721561233416,0.08022577315568924,0.17871744826436042,-0.1277385445292288,0.12539121610042744,-2.1995849755070944,0
57.52,2,1.359442497336316,0.27104131022970146,158.48696052984147,1.4804951448556853,0.20262163572258673,160.68654550534853,28.9953656507214,0.07999275624752045,0.13511139154434204,-0.1277385445292286,0.1253912161004276,-2.199584975507092,0
57.62,2,1.3538104662248538,0.2732290261916422,159.10430947673632,1.4747832976684678,0.20459157919397938,161.30389445224338,29.490713607145565,0.08066871762275696,0.12637928128242493,-0.1277385445292286,0.1253912161004276,-2.199584975507092,0
57.72,2,1.347968356418661,0.27541446360678934,159.92629509492718,1.4688616140255946,0.20655118285719018,162.12588007043425,30.21264573304728,0.08012692630290985,0.12962114810943604,-0.1277385445292286,0.1253912161004276,-2.199584975507092,0
57.82,2,1.342192128754995,0.2774894936017066,160.5376444852905,1.4630100014827379,0.20840298904321264,162.7372294607976,30.709526398447913,0.0772910788655281,0.013553708791732788,-0.1277385445292284,0.12539121610042733,-2.1995849755070744,0
57.92,2,1.3353385746240065,0.279900575691029,160.77583908614653,1.4560689583814521,0.21054925131374963,162.97542406165363,31.081065702729195,0.07935615628957748,-0.07521975040435791,-0.1277385445292284,0.12539121610042733,-2.1995849755070744,0
58.02,2,1.328479255612514,0.282311665781357,160.45697951287866,1.4491221543401749,0.21269530031999193,162.65656448838573,30.948396459702884,0.07956107705831528,-0.024938290938735008,-0.1277385445292284,0.12539121610042733,-2.1995849755070744,0
58.12,2,1.3211390862422925,0.2849251793498059,160.34341673564194,1.441687085104732,0.21502516834633614,162.54300171114903,30.813529740345363,0.08004266768693924,-0.017117921262979507,-0.1277385445292284,0.12539121610042733,-2.1995849755070744,0
58.22,2,1.3135909831236425,0.2876208269138075,160.3574028504323,1.4340410829779637,0.21742912923547886,162.55698782593936,30.7832464049524,0.08007258921861649,0.08282670378684998,-0.1277385445292284,0.12539121610042733,-2.1995849755070744,0
58.32,2,1.3066164638972695,0.2900923415245198,160.69729319845368,1.4269768444743762,0.21963113679097085,162.89687817396074,31.07999898729104,0.07848645001649857,0.009375687688589096,-0.1277385445292284,0.12539121610042733,-2.1995849755070744,0
58.42,2,1.2994382212235007,0.2925933796170118,160.78564499085581,1.4197078994998744,0.2218548270529641,162.98522996636288,31.187274716701417,0.07928334176540375,0.10146652162075043,-0.1277385445292284,0.12539121610042733,-2.1995849755070744,0
58.52,2,1.2928554019498715,0.29485534752121156,161.3376822667236,1.4130431148645537,0.2238624759649209,163.53726724223066,31.524756707986032,0.079681895673275,0.04024021700024605,-0.1277385445292284,0.12539121610042733,-2.1995849755070744,0
58.62,2,1.2858694726613678,0.2972027265737994,161.55164817597088,1.40597223909942,0.22594000150135837,163.75123315147798,31.75240551561929,0.07105746865272522,0.10024021700024605,-0.12773854452922873,0.11539121610042699,-2.1995849755070673,0
58.72,2,1.2787620346977415,0.29204667967134185,162.04125021196887,1.3987802788844892,0.22800414940926977,164.24083518747597,32.127652867305066,0.07805687189102173,0.10707072168588638,-0.12773854452922873,0.11539121610042699,-2.1995849755070673,0
58.82,2,1.272337082369705,0.2915973992652686,162.56168862870862,1.392281149501317,0.22981205530880183,164.76127360421566,32.51700909054789,0.07225551456212997,0.14691396057605743,-0.12773854452922873,0.11539121610042699,-2.1995849755070673,0
58.92,2,1.266344868772523,0.29343091512920083,163.4362522346371,1.3862229796148025,0.23141423564936103,165.63583721014416,33.15747378059674,0.07876784354448318,0.0838627815246582,-0.127738544529229,0.11539121610042671,-2.1995849755070522,0
59.02,2,1.260085735521278,0.2952617385863021,163.8697700263448,1.3798981900782197,0.23300348103816737,166.06935500185187,33.565056741362106,0.07231257110834122,0.12226194888353348,-0.127738544529229,0.11539121610042671,-2.1995849755070522,0
59.12,2,1.254122706779604,0.29694200723188835,164.72237084002768,1.3738750652593759,0.23445364720519707,166.92195581553474,34.18482905733663,0.07727896422147751,0.03313771262764931,-0.127738544529229,0.11539121610042671,-2.1995849755070522,0
59.22,2,1.2471419863584439,0.29883267581010753,164.9215522891465,1.3668269233323975,0.2360749986933813,167.12113726465353,34.465200128280784,0.07573630660772324,0.0817955732345581,-0.1277385445292296,0.1153912161004273,-2.1995849755070775,0
59.32,2,1.240151096771336,0.30067938768229024,165.62976800561285,1.3597703068156413,0.23765203556467962,167.82935298111988,34.898295193580005,0.07968262583017349,0.14153507351875305,-0.1277385445292296,0.1153912161004273,-2.1995849755070775,0
59.42,2,1.234184000653969,0.3021790592975111,166.1609337394533,1.3537500490350949,0.23892158165803776,168.36051871496036,35.36179629701572,0.08058512955904007,0.2570928931236267,-0.1277385445292296,0.1153912161004273,-2.1995849755070775,0
59.52,2,1.2285201904142145,0.30352259328224385,167.20068392768331,1.3480388463208361,0.240046745449104,169.4002689031904,36.19103461192478,0.08048402518033981,0.1070928931236267,-0.1277385445292296,0.1153912161004273,-2.1995849755070775,0
59.62,2,1.2228248523705325,0.3047570597144529,168.248901161055,1.342300325107442,0.24106171199411125,170.44848613656208,36.74737362626109,0.08028168976306915,0.07926976680755615,-0.1277385445292296,0.1153912161004273,-2.1995849755070775,0
59.72,2,1.2162339062350123,0.3061147431414706,168.4849261499336,1.3356621265526205,0.24216543079711028,170.68451112544068,37.32038077695745,0.08007322996854782,-0.017491288483142853,-0.12850071630775328,0.11958037349849308,-2.3995472460076877,0
59.82,2,1.2087028595622455,0.3076398352675509,168.54342610071743,1.328078094890407,0.24340035335620736,170.7430110762245,37.41828834494526,0.08009926974773407,-0.07440149784088135,-0.12850071630775328,0.11958037349849308,-2.3995472460076877,0
59.91,2,1.2014912175949566,0.3086481972707366,168.01358609364678,1.3209098990600305,0.24458582296908007,170.41313333965448,37.17074830589647,0.08029461652040482,-0.019541669636964798,-0.12850071630775328,0.11958037349849308,-2.3995472460076877,0
60.02,2,1.193898602166327,0.310272653898064,167.95275231682817,1.3132559287749928,0.24589096941944036,170.35229956283584,37.08925353945939,0.08006416261196136,0.08687232434749603,-0.12850071630775328,0.11958037349849308,-2.3995472460076877,0
60.12,2,1.1866326057230072,0.31180308766275416,168.25396238500596,1.3059322276095076,0.24711585025491378,170.65350963101363,37.352383325931584,0.08403092622756958,0.04915929213166237,-0.12850071630775328,0.11958037349849308,-2.3995472460076877,0
60.22,2,1.1794453128900906,0.31326703793580857,168.8200012658616,1.2986899445588076,0.24827760103783386,171.21954851186928,37.593967367745044,0.08132774382829666,0.12018637359142303,-0.12850071630775328,0.11958037349849308,-2.3995472460076877,0
60.32,2,1.1729310976746934,0.31453207906728836,169.20025875106754,1.2921284768248273,0.24926879734169508,171.5998059970752,38.117879584489586,0.07069515436887741,-0.02981362640857696,-0.12850071630775328,0.11958037349849308,-2.3995472460076877,0
60.42,2,1.1662469319817657,0.3157902505921364,169.33709211784307,1.285397495247561,0.2502460146168945,171.73663936385074,38.221973043625766,0.06892316043376923,-0.13968130946159363,-0.1377137964786744,0.1155639498733947,-2.1995849755069856,0
60.52,2,1.159925846003068,0.3170279702330674,168.51780457718183,1.2790301312965995,0.2512179992750191,170.91735182318953,37.7866193237416,0.06989194452762604,-0.05476460978388786,-0.1377137964786744,0.1155639498733947,-2.1995849755069856,0
60.62,2,1.1434579733777632,0.31883153100643596,168.50717759995825,1.272426269577945,0.252289916375406,170.70676257546523,37.51406251435048,0.07568266242742538,0.04029763862490654,-0.1377137964786744,0.1155639498733947,-2.1995849755069856,0
60.72,2,1.1362080167090491,0.3202964291646213,168.64766332969336,1.2651254310899602,0.2534754777126825,170.84724830520034,37.578383287872704,0.07186736911535263,0.04870573431253433,-0.1377137964786744,0.1155639498733947,-2.1995849755069856,0
60.83,2,1.1290634289279975,0.32171466944184124,169.06843263148815,1.2579316746093636,0.2546184596648409,171.26801760699513,37.78914566357613,0.07650655508041382,0.061269428580999374,-0.1377137964786744,0.1155639498733947,-2.1995849755069856,0
60.92,2,1.1219992388403248,0.323064513343538,169.25209041259245,1.2508208816766184,0.25569618134567484,171.45167538809943,38.16129012229553,0.06150655508041382,0.08714832365512848,-0.1377137964786744,0.1155639498733947,-2.1995849755069856,0
61.02,2,1.1152076787852845,0.3243228339904874,169.7636673493436,1.24398603061595,0.25669291090289564,171.96325232485057,38.42066542708784,0.06959311127662658,0.1360970437526703,-0.1377137964786744,0.1155639498733947,-2.1995849755069856,0
61.12,2,1.1092950807082593,0.3253633308428126,170.26508250980172,1.2380378541108206,0.257505712221773,172.4646674853087,39.031045621118004,0.06587963551282883,0.11701533198356628,-0.1377137964786744,0.1155639498733947,-2.1995849755069856,0
61.22,2,1.1032293905529589,0.3263729078431478,170.94982220181325,1.2319378850480804,0.2582817407092172,173.14940717732023,39.48369186229811,0.05859079211950302,0.18874022364616394,-0.1377137964786744,0.1155639498733947,-2.1995849755069856,0
61.32,2,1.0975240335872,0.32724449840671027,171.78264420020926,1.2262032796776041,0.25893371422258366,173.98222917571624,40.307010725774795,0.06276985257863998,0.20921483635902405,-0.1377137964786744,0.1155639498733947,-2.1995849755069856,0
61.42,2,1.0926805747624975,0.3279065791204233,172.57638911132696,1.2213379785044918,0.25940941239681686,174.77597408683394,41.00546344952239,0.0662783682346344,0.16950660943984985,-0.137713796478674,0.11556394987339447,-2.1995849755069736,0
61.52,2,1.087655515354214,0.3285315410001756,173.22674180591878,1.216292635194154,0.25984104915238193,175.42632678142576,42.02597468278736,0.06833114475011826,0.18374758958816528,-0.137713796478674,0.11556394987339447,-2.1995849755069736,0
61.62,2,1.0820523358103409,0.3291654913755535,173.94340642832867,1.2106692527267588,0.260259479199957,176.14299140383568,42.60073026739445,0.0715489536523819,0.1787511706352234,-0.137713796478674,0.11556394987339447,-2.1995849755069736,0
61.72,2,1.0763720350934585,0.3297383993959352,174.7009913205834,1.2049711487500958,0.26061395191423475,176.90057629609038,43.43022805415903,0.07871353626251221,0.07962416112422943,-0.13771379647867402,0.11556394987339424,-2.199584975506956,0
61.82,2,1.07003455583175,0.3303077322552473,175.0218668268396,1.1986164876581293,0.26093962921391994,177.2214518023466,43.87212136508794,0.06130649894475937,0.16781581938266754,-0.13771379647867402,0.11556394987339424,-2.199584975506956,0
61.92,2,1.0637331791320424,0.33083391747063506,175.481540963936,1.1922995585588023,0.2612235762980438,177.68112593944298,44.52478767858777,0.07168278843164444,0.148643359541893,-0.13771379647867402,0.11556394987339424,-2.199584975506956,0
62.02,2,1.0578559027414338,0.33125553746451264,176.253857590355,1.186410430562008,0.26141931241686783,178.45344256586196,45.02278604463729,0.07654888927936554,0.12399420142173767,-0.13771379647867402,0.11556394987339424,-2.199584975506956,0
62.12,2,1.051960148800813,0.33161136634544924,176.81003361042082,1.180505363730036,0.26154859671909025,179.00961858592777,45.8083464765492,0.06501183658838272,0.24399420142173767,-0.13771379647867402,0.11556394987339424,-2.199584975506956,0
62.22,2,1.0463588287529189,0.3318944044108504,177.50613888179083,1.1748973076033193,0.26161644437934395,179.70572385729778,46.33675051283457,0.07434733211994171,0.16084951162338257,-0.13771379647867402,0.11556394987339424,-2.199584975506956,0
62.32,2,1.0407962037713083,0.33210314254063367,178.26788078505058,1.1693307697060917,0.2616115319873191,-179.5325342394425,47.22479033038025,0.06066620349884033,0.28084951162338256,-0.13848449640427493,0.11916388432088666,-2.3995472460075877,0
62.42,2,1.0360606386281785,0.3322075924674992,179.1871345366856,1.164594684905829,0.26153415126125773,-178.6132804878075,47.95389651396042,0.07066620349884033,0.23698883056640624,-0.13848449640427493,0.11916388432088666,-2.3995472460075877,0
62.52,2,1.0316706822232524,0.33174675445946283,179.9601239231298,1.1602287726051261,0.26138824373788905,-177.64032883086261,49.219500082993974,0.06364280730485916,0.30842065811157227,-0.13848449640427493,0.11916388432088666,-2.3995472460075877,0
62.62,2,1.0272527707176577,0.33171471812821846,-179.05231635073284,1.1558160761861491,0.26117126744486724,-176.65276910472528,50.05717841389417,0.07535663992166519,0.16518470644950867,-0.13848449640427493,0.11916388432088666,-2.3995472460075877,0
62.72,2,1.0223484265358496,0.33161464308948335,-178.61119265372582,1.1509202222422956,0.26086594625748044,-176.21164540771827,51.14811532894393,0.07046211510896683,0.25421079993247986,-0.13774643971389808,0.11563013152189514,-2.1995849755069115,0
62.82,2,1.0165727535852607,0.33145731109759474,-178.15518628303977,1.145156200765026,0.2604669377395088,-175.75563903703218,51.72490323363868,0.07752487063407898,0.17921079993247985,-0.13774643971389808,0.11563013152189514,-2.1995849755069115,0
62.92,2,1.0109808803229219,0.33172532485142386,-177.28909003355287,1.1395870744851109,0.2600247835218154,-175.08950505804597,52.608750151902605,0.07187177240848541,0.29921079993247984,-0.13774643971389808,0.11563013152189514,-2.1995849755069115,0
63.02,2,1.005675227658947,0.33142899836905537,-176.34153684527516,1.1342967042350356,0.2595250413963008,-174.14195186976826,53.256678645746376,0.07715720683336258,0.2164362370967865,-0.13774643971389808,0.11563013152189514,-2.1995849755069115,0
63.12,2,1.0006792252593153,0.33107082236494684,-175.51264689360178,1.1293181299172228,0.25897537987403624,-173.31306191809486,54.33353559958045,0.07726218551397324,0.18971920013427734,-0.13774643971389808,0.11563013152189514,-2.1995849755069115,0
63.22,2,0.9953381805378414,0.3306287341409836,-174.98502572231754,1.1239979881055682,0.2583286250376158,-172.78544074681062,54.98598044904157,0.06636803597211838,0.19677358865737915,-0.137746439713898,0.11563013152189494,-2.1995849755069012,0
63.32,2,0.9896175605548474,0.3301086531402446,-174.52593708995096,1.1183015441128503,0.25758936657470083,-172.32635211444406,55.844389361114956,0.06113045662641525,0.25677358865737915,-0.137746439713898,0.11563013152189494,-2.1995849755069012,0
63.42,2,0.9841821280448405,0.3295545836869149,-173.74214408622163,1.1128913819616202,0.2568270903600972,-171.5425591107147,56.460107264951866,0.07148436456918716,0.32707202434539795,-0.137746439713898,0.11563013152189494,-2.1995849755069012,0
63.52,2,0.9797427984866486,0.3290213624203613,-172.71382038510544,1.1084757886627097,0.2561238779711576,-170.51423540959854,57.66512725857861,0.0705074593424797,0.29952341318130493,-0.137746439713898,0.11563013152189494,-2.1995849755069012,0
63.62,2,0.975573890897847,0.32844551224311747,-171.5966286475281,1.1043320542067094,0.25538844703031,-169.3970436720212,58.54156469917946,0.0729781985282898,0.33081087470054626,-0.13774643971389805,0.11563013152189532,-2.199584975506917,0
63.72,2,0.9713983877780679,0.32779347970677497,-170.56701134706006,1.1001846530017891,0.2545766367217046,-168.36742637155314,59.85724577720701,0.07506134361028671,0.27134889364242554,-0.12774643971389818,0.11563013152189501,-2.1995849755069083,0
63.82,2,0.9671190303912625,0.32705056602130417,-169.59722341082772,1.095936962120629,0.25367002623964924,-167.3976384353208,60.721763983692476,0.07646749168634415,0.29236119985580444,-0.12774643971389818,0.11563013152189501,-2.1995849755069083,0
63.92,2,0.9726373737743051,0.32619792932226993,-168.75982415959908,1.091491332296412,0.25264600922861397,-166.56023918409215,61.946866371437316,0.0759144201874733,0.20084156095981598,-0.12774643971389785,0.11563013152189525,-2.1995849755069155,0
64.02,2,0.96758354201388,0.32516860875675296,-168.17844972026694,1.0864807301382104,0.25142347812409893,-165.97886474476002,62.64795611226273,0.07584012299776077,0.28034767508506775,-0.12774643971389785,0.11563013152189525,-2.1995849755069155,0
64.12,2,0.962309274305355,0.32404034070614096,-167.690477969245,1.0812536521113048,0.25009361198201424,-165.49089299373807,63.598874508386196,0.07887786626815796,0.31970006227493286,-0.12774643971389785,0.11563013152189525,-2.1995849755069155,0
64.22,2,0.9570077464392954,0.32285982568364535,-167.14168239439923,1.0760013392809078,0.24871049110349644,-164.94209741889233,64.22316690705662,0.07972153276205063,0.1969767063856125,-0.13835326033309622,0.11891350563725404,-2.3995472460075535,0
64.32,2,0.9518681553528385,0.32165132000053265,-166.29376974919379,1.0709119182117288,0.2473056154140835,-164.09418477368686,65.20645559904465,0.06830210238695145,0.3169767063856125,-0.13835326033309622,0.11891350563725404,-2.3995472460075535,0
64.42,2,0.9373864043817753,0.3200283073137028,-165.59946924819258,1.0663761882221163,0.2459772649801027,-163.19992200218502,65.9655238944875,0.07867054641246796,0.19261351227760315,-0.13835326033309622,0.11891350563725404,-2.3995472460075535,0
64.52,2,0.9324999891035056,0.3187475069433276,-164.99787881112007,1.0615476817842104,0.24449300441013452,-162.59833156511252,67.07011029629841,0.07832039892673492,0.31261351227760314,-0.13835326033309622,0.11891350563725404,-2.3995472460075535,0
64.62,2,0.9270236694945705,0.31726022137538223,-164.58733210631243,1.0561384333391883,0.2427777417247562,-162.18778486030487,67.68384530310765,0.08039523661136627,0.32716473937034607,-0.1272147662413586,0.10247472360567633,-1.9996227050062472,0
64.72,2,0.921812422799967,0.31580197858980913,-164.14517912278603,1.0509928094260192,0.24110259436469664,-161.74563187677848,68.56807864607188,0.08027086406946182,0.34577929973602295,-0.1272147662413586,0.10247472360567633,-1.9996227050062472,0
64.82,2,0.927217859708373,0.30545826473228654,-162.84193454411925,1.046707848801366,0.23965216438238587,-160.84231183911302,69.40177437829219,0.08025722950696945,0.38,-0.1272147662413586,0.10247472360567633,-1.9996227050062472,0
64.92,2,0.9233640494894998,0.3042370109354058,-161.86607774497563,1.0428989984397234,0.23829718358469754,-159.86645503996934,70.72352943938736,0.08008994907140732,0.36300012469291687,-0.1272147662413586,0.10247472360567633,-1.9996227050062472,0
65.02,2,0.9193173553870165,0.30287355850783027,-160.8077267527309,1.0389023433746276,0.23679336046611646,-158.80810404772464,71.60461166011704,0.08001665025949478,0.285431444644928,-0.1272147662413586,0.10247472360567633,-1.9996227050062472,0
65.12,2,0.9151108197069507,0.3013722296595208,-159.88916740109096,1.0347507549767114,0.23514616754702095,-157.88954469608473,72.87153726644436,0.07998722046613693,0.35698238015174866,-0.1272147662413586,0.10247472360567633,-1.9996227050062472,0
65.22,2,0.9108575454505482,0.2997704653795452,-158.8606377482131,1.0305559609486437,0.23339696951052843,-156.86101504320686,73.7277952525737,0.08035624772310257,0.20698238015174864,-0.11721476624135878,0.10247472360567583,-1.9996227050062247,0
65.32,2,0.9163953566402454,0.2980187362790023,-158.26463617165186,1.026157612293608,0.2314906083356124,-156.26501346664563,74.87717971845689,0.08007514476776123,0.28136664628982544,-0.12721476624135872,0.10247472360567621,-1.9996227050062407,0
65.42,2,0.9114596697764332,0.2960343763126318,-157.7984067015478,1.0212941710876617,0.22933523622619723,-155.7987839965416,75.49296346289987,0.07696845382452011,0.32431498169898987,-0.12721476624135872,0.10247472360567621,-1.9996227050062407,0
65.52,2,0.8973134368037534,0.2943183917122904,-157.258557213638,1.017210338641263,0.22747562240551136,-155.25893450863177,76.71090040661684,0.07532257586717606,0.3731273114681244,-0.12721476624135872,0.10247472360567621,-1.9996227050062407,0
65.62,2,0.8934854220200279,0.29268102194579304,-156.47260730620292,1.0134417875062518,0.22570567910713493,-154.47298460119669,77.59262446598645,0.0780114009976387,0.34003958106040955,-0.12721476624135872,0.10247472360567621,-1.9996227050062407,0
65.72,2,0.8896765817515815,0.2909946759781235,-155.7630929649157,1.009694108132787,0.22388745848605512,-153.76347025990947,78.93225111789525,0.0793185606598854,0.2320133000612259,-0.12721476624135872,0.10247472360567621,-1.9996227050062407,0
65.82,2,0.8852875900097401,0.28898740430591324,-154.9917912068769,1.0053778285987605,0.22172826440951732,-152.99216850187065,79.7165578236033,0.0800720825791359,0.2739191949367523,-0.11721476624135842,0.10247472360567617,-1.9996227050062316,0
65.92,2,0.8807228883432898,0.2868168509076325,-154.07860260269874,1.000891643512986,0.21939975700462147,-152.07897989769248,80.80265021738275,0.08019991964101791,0.12391919493675231,-0.11721476624135842,0.10247472360567617,-1.9996227050062316,0
66.02,2,0.8855270272193018,0.2842712077399505,-153.64377922095912,0.995787771285619,0.21667436524495598,-151.64415651595286,81.39617259778348,0.08014644682407379,0.09743810445070267,-0.11721476624135842,0.10247472360567617,-1.9996227050062316,0
66.12,2,0.8794956474327452,0.28126734369851525,-153.22730075140646,0.9898648778413894,0.21346187795978058,-151.2276780464002,81.96654604237449,0.08006168156862259,0.054808493703603745,-0.11721476624135842,0.10247472360567617,-1.9996227050062316,0
66.22,2,0.872885582996173,0.27791902460520435,-153.09074647290157,0.9833756711742982,0.20988495338159252,-151.09112376789534,82.23205840788482,0.08001156896352768,0.019304601475596428,-0.11721476624135842,0.10247472360567617,-1.9996227050062316,0
66.32,2,0.8657133183142828,0.27426116486914043,-152.95029231462846,0.9763354073854436,0.20597905984756593,-150.9506696096222,82.41467627931024,0.07999327033758163,-0.02120358496904373,-0.11721476624135842,0.10247472360567617,-1.9996227050062316,0
66.42,2,0.8584543125704448,0.270553992154581,-153.00102510506198,0.9692101760286205,0.20202085671528613,-151.00140240005575,82.37269432843028,0.07999181002378464,-0.02979077771306038,-0.11721476624135842,0.10247472360567617,-1.9996227050062316,0
66.52,2,0.8512647740583923,0.26691040935642396,-153.08681527422215,0.9621521507643944,0.19812862869102305,-151.08719256921592,82.23481412833668,0.079995296895504,-0.014420300722122192,-0.11721476624135842,0.10247472360567617,-1.9996227050062316,0
66.62,2,0.8440222249304195,0.2632554732724418,-153.2727877361657,0.9550415433139464,0.19422320459948986,-151.27316503115946,82.1955718929271,0.07999839633703232,-0.013306619599461555,-0.11721476624135842,0.10247472360567617,-1.9996227050062316,0
66.72,2,0.8367945291946994,0.25961730884673434,-153.43780407254903,0.9479451949988212,0.19033506023140762,-151.4381813675428,82.1331300355813,0.07999994605779648,-0.02652101032435894,-0.10752972317616634,0.10535199301032198,-2.1995849755068875,0
66.82,2,0.8296204349457861,0.2560262838715622,-153.52406564276455,0.9409007706973702,0.1864958969207725,-151.52444293775832,82.05588733973643,0.0800003632903099,-0.033914100378751755,-0.10752972317616634,0.10535199301032198,-2.1995849755068875,0
66.92,2,0.8326635442502398,0.25207059029475515,-153.90208454525134,0.9338693842844451,0.1826956485503832,-151.70249956974445,81.87093577853872,0.08000029623508453,-0.1338748186826706,-0.10752972317616634,0.10535199301032198,-2.1995849755068875,0
67.02,2,0.8265813266230626,0.24912705099614996,-154.55101770553637,0.9279046227876762,0.1795208390831172,-152.35143273002947,81.5602908314471,0.080000139772892,-0.17156939208507538,-0.10752972317616634,0.10535199301032198,-2.1995849755068875,0
67.12,2,0.8212981628761252,0.24666480653462813,-155.4196504456344,0.9227198540532023,0.17685763797631546,-153.2200654701275,80.85671726699411,0.08000003546476364,-0.16918633878231049,-0.10752972317616634,0.10535199301032198,-2.1995849755068875,0
67.22,2,0.8160302810442852,0.24429308456455356,-156.20133893051215,0.9175468816691263,0.1742854791921123,-154.00175395500528,80.35410518297012,0.07999999076128006,-0.04607415199279785,-0.11779705508165766,0.09810896297098098,-2.399547246007514,0
67.32,2,0.8096979974523731,0.2415279874822725,-156.62924163772712,0.9113253897434819,0.1712793827894702,-154.42965666222022,79.8926952738808,0.07999998331069946,-0.012575509026646614,-0.11779705508165766,0.09810896297098098,-2.399547246007514,0
67.42,2,0.7924849572384025,0.2279018093606377,-156.7843757737945,0.9040497059622022,0.167790506516439,-154.384828527787,79.80426451499622,0.07999999076128006,-0.012575509026646614,-0.11779705508165766,0.09810896297098098,-2.399547246007514,0
67.52,2,0.7854050216341666,0.22485940420345382,-156.68151660550134,0.8971033570065456,0.1644543480239759,-154.28196935949384,79.87933206910598,0.07999999076128006,-0.015255143865942955,-0.11779705508165766,0.09810896297098098,-2.399547246007514,0
67.62,2,0.7779079343410804,0.22164554403481573,-156.82440454915158,0.8897474005739526,0.1609294196522912,-154.42485730314408,79.83848425811549,0.07999999076128006,-0.005666945595294237,-0.11779705508165766,0.09810896297098098,-2.399547246007514,0
67.72,2,0.7704870671765396,0.21847360253262121,-156.9650270052215,0.8824658423965136,0.1574495643570705,-154.56547975921396,79.8033027089129,0.07999999076128006,0.001722622662782669,-0.11779705508165766,0.09810896297098098,-2.399547246007514,0
67.82,2,0.7634217036038826,0.21545859938931317,-156.9643306510565,0.8755329054342075,0.1541413939496286,-154.56478340504898,79.80030247363615,0.07999999076128006,-0.043384015560150146,-0.11779705508165766,0.09810896297098098,-2.399547246007514,0
67.92,2,0.7559139002239692,0.21228766108389743,-157.22507979878742,0.8681644452688618,0.1506589011470648,-154.82553255277992,79.5967049390984,0.07999999076128006,-0.0758940577507019,-0.10799308429705796,0.11069116550042069,-2.5995095165081894,0
68.02,2,0.7492632789512206,0.20954308224346851,-157.86429555616368,0.8616345648847928,0.14763828225441744,-155.46474831015615,79.34269413180881,0.07999999076128006,-0.029644479975104332,-0.10799308429705796,0.11069116550042069,-2.5995095165081894,0
68.12,2,0.752690041762366,0.2163839454418613,-158.2391613015057,0.855003810583766,0.14461981573218746,-155.6396517849975,79.07923926318661,0.07999999076128006,-0.02520928345620632,-0.10799308429705796,0.11069116550042069,-2.5995095165081894,0
68.22,2,0.7448962994953346,0.21328418245216124,-158.38682141301376,0.8473586764075267,0.14116976174065002,-155.78731189650557,78.96530798959961,0.07999999076128006,-0.0016503864899277687,-0.10799308429705796,0.11069116550042069,-2.5995095165081894,0
68.32,2,0.7377309176696895,0.21044368182077733,-158.4206959596486,0.8403294973653044,0.13800720224926302,-155.82118644314042,78.89280536053923,0.07999999076128006,-0.045476146042346954,-0.10799308429705796,0.11069116550042069,-2.5995095165081894,0
68.42,2,0.7306096132056543,0.2076431440951759,-158.6905579016246,0.8333425378321715,0.13488656364404683,-156.0910483851164,78.73571151159938,0.07999999076128006,-0.08474836498498917,-0.10799308429705796,0.11069116550042069,-2.5995095165081894,0
68.52,2,0.7240310032960463,0.2051088297597381,-159.05129126373023,0.8268856399862086,0.1320564880796144,-156.45178174722204,78.34893201726145,0.07999999076128006,0.0003044474869966507,-0.10799308429705796,0.11069116550042069,-2.5995095165081894,0
68.62,2,0.716770434612787,0.20234589688716326,-159.1898115880297,0.8197578539956556,0.12896709938028286,-156.5903020715215,78.27319019504114,0.07999999076128006,0.10440173000097275,-0.10799308429705796,0.11069116550042069,-2.5995095165081894,0
68.72,2,0.7099424069586123,0.19971955270525948,-158.71732870458666,0.8130559690282566,0.12603377647072375,-156.11781918807847,78.55805721630698,0.07999999076128006,0.1873110681772232,-0.10799308429705796,0.11069116550042069,-2.5995095165081894,0
68.82,2,0.7044292027653597,0.19752950466366034,-157.91210826229377,0.8076477665477871,0.1235959338114742,-155.31259874578558,79.00584497859035,0.07999999076128006,0.08122406154870987,-0.10799308429705796,0.11069116550042069,-2.5995095165081894,0
68.92,2,0.6984912629314579,0.19508792659206822,-157.3157832826723,0.8018266735001903,0.12088755631157945,-154.7162737661641,79.5743214901995,0.07999999076128006,0.03715953975915909,-0.10799308429705796,0.11069116550042069,-2.5995095165081894,0
69.02,2,0.6914120665945295,0.19213010524410318,-157.22557829980508,0.7948889122731818,0.11761170572581167,-154.6260687832969,79.7665986910077,0.07999999076128006,0.0307566300034523,-0.09799308429705819,0.11069116550042075,-2.599509516508201,0
69.12,2,0.6841761009695669,0.18907293077983892,-157.01587116102124,0.7877990491849005,0.11422949407956383,-154.41636164451305,79.97313298447943,0.07999999076128006,-0.03344468474388122,-0.09799308429705819,0.11069116550042075,-2.599509516508201,0
69.22,2,0.6870067078933483,0.18602919728256295,-157.065411499237,0.7807750805319378,0.11086372892941318,-154.4659019827288,79.99143562535973,0.07999999076128006,-0.051086343824863434,-0.09799308429705819,0.11069116550042075,-2.599509516508201,0
69.32,2,0.6800582042492933,0.1831065964933515,-157.265976018628,0.7739662801009525,0.10762899015239316,-154.66646650211982,79.73515552546542,0.07999999076128006,-0.07526412606239319,-0.09799308429705819,0.11069116550042075,-2.599509516508201,0
69.42,2,0.6734862031841296,0.18039165814167196,-157.82807813024505,0.7675241763991106,0.10461877618181722,-155.22856861373685,79.48983426278733,0.07999999076128006,-0.09940177947282791,-0.09799308429705819,0.11069116550042075,-2.599509516508201,0
69.52,2,0.6672581872597525,0.17787724268323943,-158.36766859633917,0.7614166092601219,0.10182448001021281,-155.76815907983098,79.0105192103859,0.07999999076128006,-0.12676608562469482,-0.09799308429705819,0.11069116550042075,-2.599509516508201,0
69.62,2,0.6613293809140142,0.17556746635542225,-159.10943111549486,0.7555986625081424,0.09924818286878227,-156.50992159898667,78.61072737458915,0.07999999076128006,-0.05659007653594017,-0.09799308429705819,0.11069116550042075,-2.599509516508201,0
69.72,2,0.6548942444752837,0.17312702298738805,-159.3501630437582,0.7492808330280222,0.0965183888330018,-156.75065352725,78.15053419968098,0.07999999076128006,-0.05659007653594017,-0.09799308429705819,0.11069116550042075,-2.599509516508201,0
69.82,2,0.6479569223197849,0.17054298832233405,-159.71347534405072,0.7424678471036311,0.09362237491151834,-157.11396582754253,77.93184864064487,0.07999999076128006,-0.05185762047767639,-0.09799308429705819,0.11069116550042075,-2.599509516508201,0
69.92,2,0.6410187537640053,0.1679965642611716,-160.00084226087563,0.7356523098421992,0.09076389450303096,-157.40133274436744,77.61454399701714,0.07999999076128006,-0.06302960962057114,-0.09799308429705819,0.11069116550042075,-2.599509516508201,0
70.02,2,0.6341929385628056,0.16553742207415365,-160.36805085692689,0.7289450516988272,0.08799770187505454,-157.7685413404187,77.38510340938593,0.07999999076128006,-0.06982621550559998,-0.1179716235214035,0.09861385932224813,-2.3995472460075558,0
70.12,2,0.6274327815630695,0.1631447614544121,-160.78510667182366,0.7223003689578635,0.08530090029275698,-158.18559715531546,77.01479773695182,0.07999999076128006,-0.028743164613842964,-0.1179716235214035,0.09861385932224813,-2.3995472460075558,0
70.22,2,0.6000155773390912,0.1510516534623338,-160.7547117318833,0.7151621887533441,0.0824523294473393,-158.35516448587578,76.85757238313785,0.07999999076128006,-0.039278145879507065,-0.1179716235214035,0.09861385932224813,-2.3995472460075558,0
70.32,2,0.5927187845172823,0.14852478423624688,-160.97448256941155,0.707977588395068,0.07962217551830941,-158.574935323404,76.60678162642527,0.07999999076128006,-0.07695984840393066,-0.1179716235214035,0.09861385932224813,-2.3995472460075558,0
70.42,2,0.5860495982744733,0.1462443899207935,-161.31073153934298,0.7014097249537861,0.07706455686184435,-158.91118429333542,76.34108279924492,0.07999999076128006,-0.08042078465223312,-0.1179716235214035,0.09861385932224813,-2.3995472460075558,0
70.52,2,0.5794926435149905,0.14405400617467343,-161.69080066355292,0.694950226046096,0.07460156873058488,-159.29125341754536,75.89388914516755,0.07999999076128006,-0.1035628467798233,-0.1179716235214035,0.09861385932224813,-2.3995472460075558,0
70.62,2,0.5731938528887179,0.14199168607093068,-162.1489543076256,0.6887433031655629,0.07227734070411432,-159.74940706161803,75.53944333667694,0.07999999076128006,-0.10323132574558258,-0.1179716235214035,0.09861385932224813,-2.3995472460075558,0
70.72,2,0.5669489094323517,0.14001107951029942,-162.59340139677764,0.6825867590767374,0.07003700903144297,-160.19385415077008,74.98537383736115,0.07999999076128006,-0.10708989202976227,-0.1179716235214035,0.09861385932224813,-2.3995472460075558,0
70.82,2,0.5606389882574934,0.13805426714705496,-162.99913953865854,0.6763642980347065,0.06781773022104454,-160.59959229265098,74.59442402890315,0.07999999076128006,-0.10585308820009232,-0.1179716235214035,0.09861385932224813,-2.3995472460075558,0
70.92,2,0.5544383949385319,0.13619439347449747,-163.53343140313044,0.6702470103799402,0.06569988241398587,-161.13388415712288,74.02063354806258,0.07999999076128006,-0.11859913915395737,-0.11797162352140363,0.09861385932224805,-2.39954724600755,0
71.02,2,0.5483060479523174,0.1344028205168542,-163.9965026744127,0.6641950496190273,0.06365313275409448,-161.59695542840515,73.61273389764439,0.07999999076128006,-0.09708273410797119,-0.11797162352140363,0.09861385932224805,-2.39954724600755,0
71.12,2,0.5418748385888159,0.13258411471810844,-164.48708137549508,0.6578456245262664,0.06156676134636434,-162.08753412948752,73.05889910903454,0.07999999076128006,-0.06797652691602707,-0.11797162352140363,0.09861385932224805,-2.39954724600755,0
71.22,2,0.5350508513667979,0.13069629194175914,-164.71699252260115,0.6511066597508787,0.05939488883692589,-162.3174452765936,72.74829764968155,0.07999999076128006,-0.06552749872207642,-0.11797162352140363,0.09861385932224805,-2.39954724600755,0
71.32,2,0.5283943342408036,0.12890475626532727,-165.07171272439723,0.6445309869021418,0.057326230596672606,-162.67216547838967,72.34193146631048,0.07999999076128006,-0.05884626880288124,-0.11797162352140363,0.09861385932224805,-2.39954724600755,0
71.42,2,0.5213206315317066,0.127030292383327,-165.27952068045383,0.6375419662929968,0.05515725024024866,-162.87997343444627,72.09019127310712,0.07999999076128006,-0.01484181359410286,-0.11797162352140363,0.09861385932224805,-2.39954724600755,0
71.52,2,0.5137768308972147,0.12505625944676546,-165.34190219055358,0.6300874286918065,0.05286910618883237,-162.94235494454603,71.91966269578828,0.07999999076128006,0.010571595281362534,-0.11797162352140363,0.09861385932224805,-2.39954724600755,0
71.61,2,0.5059774053776678,0.12301694173668219,-165.36839265026742,0.622380223674576,0.050505032167149196,-162.96884540425987,71.91985638540149,0.07999999076128006,0.012706993147730827,-0.11797162352140363,0.09861385932224805,-2.39954724600755,0
71.72,2,0.49815561296610283,0.12097069773658756,-165.3501061400286,0.6146509613657296,0.04813310147706017,-162.95055889402104,71.97219193940316,0.07999999076128006,0.03388079255819321,-0.11797162352140363,0.09861385932224805,-2.39954724600755,0
71.82,2,0.4905054094523685,0.1189615374860119,-165.16340533877477,0.6070915848853982,0.04580540606256598,-162.7638580927672,72.04551056046924,0.07999999076128006,0.03388079255819321,-0.10802554227222055,0.10697862519351983,-2.1995849755068853,0
71.92,2,0.4831331367157872,0.11700168660113357,-165.07026258010734,0.5998078310090468,0.04353861311608133,-162.67071533409978,72.23532586310871,0.07999999076128006,-0.00016884319484233856,-0.10802554227222055,0.10697862519351983,-2.1995849755068853,0
72.02,2,0.48530998691804855,0.12537462202879385,-164.79120486538287,0.5921923074177968,0.04115499889740993,-162.59161988987597,72.24682595590677,0.07999999076128006,0.01641649194061756,-0.10802554227222055,0.10697862519351983,-2.1995849755068853,0
72.12,2,0.4774323526951068,0.1232342307570859,-164.77207723859595,0.5844026269184041,0.038713836579200064,-162.57249226308906,72.25726043770143,0.07999999076128006,0.045879729092121124,-0.10802554227222055,0.10697862519351983,-2.1995849755068853,0
72.22,2,0.46987155613697423,0.12117029637207921,-164.6227544083603,0.5769266161771107,0.036361235224285096,-162.4231694328534,72.33561803329644,0.07999999076128006,0.045879729092121124,-0.10802554227222055,0.10697862519351983,-2.1995849755068853,0
72.32,2,0.4625935976979812,0.11915075110379957,-164.46633501745987,0.5697315314786195,0.03406384576842921,-162.266750041953,72.55857197083459,0.07999999076128006,0.07243215292692184,-0.10802554227222055,0.10697862519351983,-2.1995849755068853,0
72.42,2,0.45565709376448477,0.11719955702672638,-164.05556186811316,0.5628750263423105,0.03184786236109373,-161.8559768926063,72.78101979151474,0.07999999076128006,0.03675667569041252,-0.10802554227222055,0.10697862519351983,-2.1995849755068853,0
72.52,2,0.44841503266149013,0.11513100330000506,-164.00167758597672,0.5557176935030742,0.02950287831674918,-161.80209261046986,73.04447538965591,0.07999999076128006,0.012611448764801025,-0.10802554227222055,0.10697862519351983,-2.1995849755068853,0
72.62,2,0.44070087658201434,0.11291597139578305,-163.95791998157978,0.5480942354456306,0.026993404746130614,-161.75833500607288,73.11214336054461,0.07999999076128006,0.02674616500735283,-0.10802554227222055,0.10697862519351983,-2.1995849755068853,0
72.72,2,0.43302752777531844,0.11070004306026074,-163.88393940898985,0.5405115889994869,0.02448460161113271,-161.68435443348298,73.21615270469532,0.07999999076128006,-0.028127208352088928,-0.10802554227222055,0.10697862519351983,-2.1995849755068853,0
72.82,2,0.42540601165793307,0.10850107843597888,-163.92145612039388,0.5329800859751187,0.021994739056624725,-161.721871144887,73.13770576648356,0.07999999076128006,-0.06770111620426178,-0.10802554227222055,0.10697862519351983,-2.1995849755068853,0
72.92,2,0.4183563178522693,0.10650572559766737,-164.30881781929506,0.5260121692040344,0.019730285132559533,-162.1092328437882,72.82169246410278,0.07999999076128006,-0.05006524175405502,-0.10802554227222055,0.10697862519351983,-2.1995849755068853,0
73.02,2,0.41116843982453805,0.10450163191821855,-164.5959970253526,0.5189065055042575,0.01745179321832754,-162.3964120498457,72.61683261589863,0.07999999076128006,-0.05231958627700806,-0.10802554227222058,0.10697862519351987,-2.1995849755068955,0
73.12,2,0.4039767134089122,0.1025278500477361,-164.7223107731024,0.5117958328675669,0.015203443075828394,-162.5227257975955,72.31119412694422,0.07999999076128006,-0.09272308647632599,-0.10802554227222058,0.10697862519351987,-2.1995849755068955,0
73.22,2,0.39727957089190913,0.10072761001374324,-165.25367613312255,0.5051727190825804,0.013147489315608349,-163.05409115761566,72.01376138474222,0.07999999076128006,-0.07177795469760895,-0.10802554227222058,0.10697862519351987,-2.1995849755068955,0
73.32,2,0.3904652680089046,0.09895063559816727,-165.46538372461583,0.49843163830828385,0.011110287349836481,-163.26579874910894,71.60166485949057,0.07999999076128006,-0.027361439540982246,-0.10802554227222058,0.10697862519351987,-2.1995849755068955,0
73.42,2,0.38293036246869583,0.0970257397523161,-165.74156414208946,0.4909761631297612,0.008897615801758083,-163.54197916658256,71.46328702387535,0.07999999076128006,-0.04706501215696335,-0.10802554227222058,0.10697862519351987,-2.1995849755068955,0
73.52,2,0.3755819685599333,0.09517768963145004,-166.12576079220514,0.4837041127770845,0.006768891781198982,-163.92617581669822,71.19909402915297,0.07999999076128006,-0.07112383842468262,-0.10802554227222058,0.10697862519351987,-2.1995849755068955,0
73.62,2,0.3686631048638217,0.09348865628556818,-166.46822740096962,0.47685517300220964,0.00481555298595393,-164.26864242546273,70.9534619831836,0.07999999076128006,-0.1830465942621231,-0.10802554227222058,0.10697862519351987,-2.1995849755068955,0
73.72,2,0.36246687671874545,0.09203406133337677,-167.26138195897042,0.4707193384570977,0.003124215013877468,-165.06179698346352,70.33189647824835,0.07999999076128006,-0.2899892032146454,-0.10802554227222058,0.10697862519351987,-2.1995849755068955,0
73.82,2,0.3574736136196679,0.09095893392762763,-168.37490949868567,0.4657710184255965,0.0018582354796645383,-166.17532452317877,69.69000933542394,0.07999999076128006,-0.30606186389923096,-0.10802554227222058,0.10697862519351987,-2.1995849755068955,0
73.92,2,0.3529088600503647,0.09007113809846751,-169.59109637464294,0.4612437023028155,0.0007958959354759428,-167.39151139913605,68.57046770472236,0.07999999076128006,-0.25392574071884155,-0.11899539269442021,0.10115457374856686,-1.699679299255235,0
74.02,2,0.33740208572472724,0.08741889121920078,-170.33120102238644,0.45660408472722563,-0.00019259365578550044,-168.6315217231312,67.81565206861048,0.07995714992284775,-0.21988287568092346,-0.11913914105608268,0.10006532226286233,-1.4997170287545736,0
74.12,2,0.33245106286322196,0.08710872213050422,-170.89998637321773,0.45177461389623946,-0.0011331380201593426,-169.40026934446317,66.743032744214,0.07995714992284775,-0.21988287568092346,-0.11913914105608268,0.10006532226286233,-1.4997170287545736,0
74.22,2,0.3272174081566622,0.08630343246128136,-171.73026029221813,0.44656382800613803,-0.002075127110526734,-170.23054326346357,66.08424745607418,0.07999042421579361,-0.19861871004104614,-0.11913914105608267,0.10006532226286219,-1.4997170287545538,0
74.32,2,0.32192519274742076,0.08557773040259584,-172.63009978696405,0.4412924185052389,-0.002939088504122553,-171.1303827582095,65.16095146537664,0.07999356836080551,-0.1524043083190918,-0.11913914105608267,0.10006532226286219,-1.4997170287545538,0
74.42,2,0.31605486458682597,0.08486738419932705,-173.54836339391304,0.4354426923894348,-0.00380282967579957,-172.04864636515848,64.62258845146536,0.08000089228153229,-0.09669283032417297,-0.11913914105608267,0.10006532226286219,-1.4997170287545538,0
74.52,2,0.3099401625974131,0.08419953791399407,-173.95462842093013,0.42934756384570105,-0.004630481242296942,-172.45491139217557,64.00031492921758,0.08000119775533676,-0.03662654384970665,-0.11913914105608267,0.10006532226286219,-1.4997170287545538,0
74.62,2,0.30209819553610406,0.08339032542779048,-174.2951835358521,0.42152946173518363,-0.005644656586114593,-172.79546650709753,63.78088465965363,0.08000104874372482,0.015456672757863998,-0.11913914105608267,0.10006532226286219,-1.4997170287545538,0
74.72,2,0.29451583155768046,0.08261911370532964,-174.14955964638207,0.41396987922520284,-0.006614049848391787,-172.6498426176275,63.75498342845905,0.08000008761882782,0.135456672757864,-0.11913914105608271,0.09006532226286232,-1.499717028754571,0
74.81,2,0.28768156360371033,0.08189463263252429,-173.6114104801757,0.4071569134474712,-0.0075171492908534575,-172.11169345142113,64.00666975308175,0.08000008761882782,0.1360253393650055,-0.11913914105608271,0.09006532226286232,-1.499717028754571,0
74.92,2,0.2814660837576919,0.0711557501820097,-172.85190811458577,0.4009629007274711,-0.008418450248589452,-171.3521910858312,64.60826919061242,0.07999996095895767,0.13527093827724457,-0.11913914105608271,0.09006532226286232,-1.499717028754571,0
75.02,2,0.2754020130694626,0.07036663080034578,-172.27500356428973,0.3949215601022217,-0.009366008246850832,-170.77528653553517,65.0472412731573,0.07999994605779648,0.05554280802607536,-0.11913914105608271,0.09006532226286232,-1.499717028754571,0
75.12,2,0.26836889224573457,0.06938694140003959,-171.8512945870181,0.38791648888614927,-0.01052943297582268,-170.35157755826353,65.46399062668769,0.07999996095895767,0.09553218632936478,-0.11913914105608271,0.09006532226286232,-1.499717028754571,0
75.21,2,0.2615536170917172,0.06839130051154925,-171.4820735648107,0.381129606200206,-0.01170310226955225,-169.98235653605613,65.76277795446322,0.07999999076128006,0.07994741946458817,-0.11913914105608271,0.09006532226286232,-1.499717028754571,0
75.32,2,0.25472530911648944,0.06734135241326455,-171.09422773498764,0.37433111648629386,-0.012931401265514966,-169.59451070623308,66.18840927854421,0.07999999076128006,0.065659299492836,-0.10929284192131632,0.09926349441362682,-1.299754758253891,0
75.42,2,0.2476200470424048,0.0662072840314384,-170.72387437368903,0.3672579691399805,-0.01425104017575586,-169.22415734493447,66.43419292148191,0.07999999076128006,-0.008601471781730652,-0.10929284192131632,0.09926349441362682,-1.299754758253891,0
75.52,2,0.2498130419525107,0.07539781541441817,-170.56903165713956,0.3595548347309288,-0.01571392021458239,-169.26927689888566,66.51081534033507,0.08222068101167679,0.033388394862413406,-0.10929284192131632,0.09926349441362682,-1.299754758253891,0
75.62,2,0.24192521438199283,0.07406866336246293,-170.33357478572472,0.3516991858760906,-0.017221650306116748,-169.03382002747082,66.59609070304697,0.08085744827985764,0.025275394320487976,-0.10929284192131632,0.09926349441362682,-1.299754758253891,0
75.72,2,0.23403438764533363,0.07271194625094207,-170.097961772367,0.34384116388652297,-0.018757006395152622,-168.7982070141131,66.75400890749448,0.08169566094875336,0.03167242184281349,-0.10929284192131632,0.09926349441362682,-1.299754758253891,0
75.82,2,0.22627812092865546,0.07134956424584118,-169.97923098191467,0.33611779579259643,-0.020294973687974734,-168.67947622366077,66.87392366430262,0.08265378326177597,0.14192812144756317,-0.10929284192131632,0.09926349441362682,-1.299754758253891,0
75.92,2,0.21918868046004125,0.07006284338442967,-169.42680227454605,0.3290593661507843,-0.0217421736481748,-168.12704751629215,67.24441384448635,0.08044497668743134,0.09828809648752213,-0.10929284192131632,0.09926349441362682,-1.299754758253891,0
76.02,2,0.21286429106577148,0.06884822041859766,-168.77204211653464,0.32276415534010044,-0.023099940567984038,-167.47228735828074,67.62615076220551,0.08000651746988297,0.11229287832975388,-0.10929284192131632,0.09926349441362682,-1.299754758253891,0
76.12,2,0.20635514012958733,0.06752374912529219,-168.15808184971456,0.3162867222210482,-0.024571718508103437,-166.85832709146067,68.18623711542409,0.08000651746988297,0.11229287832975388,-0.10929284192131632,0.09926349441362682,-1.299754758253891,0
76.22,2,0.20005295260532352,0.06617286272754924,-167.6077217600716,0.3100167984388103,-0.026065210193892536,-166.3079670018177,68.58010681881188,0.07987704128026962,0.1664058268070221,-0.10907168611551293,0.0998444331724823,-1.4997170287545318,0
76.32,2,0.1940417035580615,0.06481457540188665,-166.94470961142432,0.30403790615262294,-0.027559501530089632,-165.64495485317045,69.24425751238786,0.0799078568816185,0.1870468705892563,-0.10907168611551293,0.0998444331724823,-1.4997170287545318,0
76.42,2,0.18859871299443226,0.06302964727712207,-166.342846167588,0.2985319503680217,-0.02901154212137501,-164.84312913883346,69.77763277505588,0.07994154095649719,0.16966500878334045,-0.10907168611551293,0.0998444331724823,-1.4997170287545318,0
76.52,2,0.18303777334470178,0.06164819175619196,-165.67482611948725,0.29300907106395274,-0.03053806540548812,-164.17510909073272,70.60068512238941,0.08000092953443527,0.1308390825986862,-0.09856207995377432,0.10089195875522558,-1.899641569755849,0
76.62,2,0.18785570319645128,0.059286576033528826,-165.51656132323717,0.2876395483745473,-0.03208807546418122,-163.6169197534813,71.12577931724016,0.08000535517930984,-0.019160917401313787,-0.09856207995377432,0.10089195875522558,-1.899641569755849,0
76.72,2,0.18058752787075782,0.05740475445434703,-165.54495818266594,0.280437747832765,-0.03420979504444561,-163.64531661291008,71.39555953243409,0.08000535517930984,-0.13916091740131378,-0.09856207995377432,0.10089195875522558,-1.899641569755849,0
76.82,2,0.17392525892003619,0.05570286246873864,-165.91504841387786,0.2738355562011593,-0.03613159877063207,-164.01540684412203,71.15956002487698,0.08000152558088303,-0.25916091740131375,-0.09856207995377432,0.10089195875522558,-1.899641569755849,0
76.92,2,0.1684287916910509,0.054366081847159915,-166.7984213843059,0.26838642254426426,-0.03764984671442469,-164.89877981455007,70.40248744508771,0.080113984644413,-0.29123455286026,-0.09856207995377432,0.10089195875522558,-1.899641569755849,0
77.02,2,0.16398825520893723,0.0533745798932474,-168.0357625496463,0.2639811937023238,-0.03878800277741945,-166.13612097989045,69.74469549987482,0.08033900707960129,-0.2577776312828064,-0.09856207995377432,0.10089195875522558,-1.899641569755849,0
77.12,2,0.1591449553091187,0.05239536474156962,-169.2031555175519,0.25917301549775645,-0.03992722996546413,-167.30351394779603,68.69281520321347,0.08054911345243454,-0.22696754336357117,-0.09856207995377432,0.10089195875522558,-1.899641569755849,0
77.22,2,0.15422061618203675,0.05149567157963087,-170.18381366223346,0.2542812065346376,-0.04098966523055061,-168.2841720924776,68.0173833960984,0.08082973212003708,-0.1940830498933792,-0.11829246721197266,0.1012705895748608,-2.099603840256491,0
77.32,2,0.12916687914631125,0.05015005213544385,-171.0171845237538,0.24916610667131775,-0.04202009917196099,-168.9175806834973,67.1014968293488,0.08113637566566467,-0.17247557640075684,-0.11829246721197266,0.1012705895748608,-2.099603840256491,0
77.42,2,0.12362301272929029,0.049313194032202586,-171.7815645281804,0.24365662194714993,-0.04305950496802643,-169.68196068792392,66.5524099005259,0.08198537677526474,-0.14203257858753204,-0.11829246721197266,0.1012705895748608,-2.099603840256491,0
77.52,2,0.11784038984711061,0.04852097012858011,-172.63541540520185,0.23790690579346127,-0.04406305380240922,-170.53581156494536,65.80169859755061,0.08198537677526474,-0.14203257858753204,-0.11829246721197266,0.1012705895748608,-2.099603840256491,0
