t,goal,map_x,map_y,map_yaw,odom_x,odom_y,odom_yaw,wheel_yaw,v,w,mo_x,mo_y,mo_yaw,stuck
4.09,1,0.0,0.0,0.13189759226715467,0.0,0.0,0.13189759226715467,65.06209781040879,0.0,0.0,0.0,0.0,0.0,0
4.19,1,0.0,0.0,0.10900172570758124,0.0,0.0,0.10900172570758124,65.06209781040879,0.0,0.0,0.0,0.0,0.0,0
4.29,1,0.0,0.0,0.11348092666405943,0.0,0.0,0.11348092666405943,65.06209781040879,0.02,0.12,0.0,0.0,0.0,0
4.39,1,0.000857431083879361,3.805707431677346e-06,0.575111781606882,0.000857431083879361,3.805707431677346e-06,0.575111781606882,65.34257230556283,0.04,0.24,0.0,0.0,0.0,0
4.49,1,0.003988879721915789,5.379938343509017e-05,1.2697090509867264,0.003988879721915789,5.379938343509017e-05,1.2697090509867264,65.97168680689676,0.060000000000000005,0.33462825417518616,0.0,0.0,0.0,0
4.59,1,0.007662735203502936,0.00015491367607334063,1.996341288165314,0.007662735203502936,0.00015491367607334063,1.996341288165314,67.2254753924442,0.062246620655059814,0.3293915092945099,0.0,0.0,0.0,0
4.69,1,0.011679209133919566,0.00031790580854252,2.76957503915388,0.011679209133919566,0.00031790580854252,2.76957503915388,68.05210093140366,0.05900849401950836,0.3200865089893341,0.0,0.0,0.0,0
4.79,1,0.015693929222567505,0.0005390277578619382,3.5758180600983716,0.015693929222567505,0.0005390277578619382,3.5758180600983716,69.31214051674347,0.05915413796901703,0.305327832698822,0.0,0.0,0.0,0
4.89,1,0.01966881762001151,0.0008140138692948484,4.307409356537553,0.01966881762001151,0.0008140138692948484,4.307409356537553,70.15600749661732,0.06495509296655655,0.35142043232917786,-0.010088078378507708,0.001741742753381581,-0.5998868115019594,0
4.99,1,0.013524748898860801,0.0026314387081894284,4.465510236659714,0.02360221811304332,0.0011368689753748545,5.065397048161674,71.44083996281843,0.0549972839653492,0.31382521986961365,-0.010088078378507708,0.001741742753381581,-0.5998868115019594,0
5.09,1,0.0173708005146411,0.0029588782476954517,5.287446985831171,0.027444630697585973,0.0015045579926522377,5.88733379733313,72.32075558605979,0.06173589080572128,0.35868027806282043,-0.010088078378507708,0.001741742753381581,-0.5998868115019594,0
5.19,1,0.021038049046388566,0.003324851532300093,6.120326379876105,0.0311078465573436,0.0019089066089085804,6.720213191378065,73.706214826849,0.06173589080572128,0.35868027806282043,-0.010088078378507708,0.001741742753381581,-0.5998868115019594,0
5.29,1,0.0246477926701987,0.0037376683205555235,6.9346665741511595,0.03471307021848234,0.0023594940959395143,7.53455338565312,74.64746122108549,0.05793481320142746,0.32794734835624695,-0.020088078378507738,0.011741742753381626,-0.5998868115019963,0
5.39,1,0.018107572895848852,0.014180611897872765,7.695820860563725,0.03816802327922877,0.0028386366326918332,8.29570767206572,76.0668550716426,0.06310144066810608,0.3681793212890625,-0.020088078378507738,0.011741742753381626,-0.5998868115019963,0
5.49,1,0.02175462047700601,0.0147001444353572,8.523892308415752,0.041809431559605474,0.0033963245851646143,9.12377911991775,77.01361144195768,0.06815596669912338,0.38,-0.020088078378507738,0.011741742753381626,-0.5998868115019963,0
5.59,1,0.025343801933579702,0.015266382166740365,9.42769551733738,0.04539248789259206,0.004000109324371489,10.027582328839378,78.45692935453104,0.06877404451370239,0.38,-0.020088078378507738,0.011741742753381626,-0.5998868115019963,0
5.69,1,0.028993799593116727,0.015898926312293154,10.246094831835746,0.0490356628797362,0.004670833577508439,10.845981643337737,79.4174134610381,0.07339176535606384,0.38,-0.020088078378507738,0.011741742753381626,-0.5998868115019963,0
5.79,1,0.0326674258928574,0.016586882310919763,11.081360302743079,0.05270188506049735,0.005397214033941421,11.681247114245076,80.84930625953147,0.07537706941366196,0.37401971220970154,-0.04029584287180428,0.02312257817764736,-0.9998113525033054,0
5.89,1,0.01619701586569975,0.028335881278524124,11.848575291741142,0.056393290325091244,0.006198259745054816,12.848386644244448,81.80795135879339,0.07537706941366196,0.37401971220970154,-0.04029584287180428,0.02312257817764736,-0.9998113525033054,0
5.99,1,0.01990631577583519,0.029151157611498967,12.94948908651996,0.06008779965399218,0.007078135952883856,13.949300439023267,83.24113133498703,0.07749133557081223,0.3649355471134186,-0.0402958428718042,0.023122578177647207,-0.9998113525032821,0
6.1,1,0.023803530696166836,0.03007271472009562,13.732148108803312,0.06396834087810571,0.008067555705878398,14.731959461306593,84.14794336394695,0.07999047636985779,0.359741747379303,-0.0402958428718042,0.023122578177647207,-0.9998113525032821,0
6.19,1,0.027907386650064633,0.031109211367262128,14.733436151618859,0.06805348608206838,0.009175503201236598,15.73324750412215,85.45761462322697,0.07858096063137054,0.3586023151874542,-0.04014760185038199,0.0223876075251897,-0.7998490820025985,0
6.3,1,0.03213291253117022,0.03174968676475362,16.08040719976629,0.07214278104355676,0.01037017021321614,16.88025628176889,86.34169114196804,0.07983184605836868,0.36306148767471313,-0.04014760185038199,0.0223876075251897,-0.7998490820025985,0
6.39,1,0.03621853370882899,0.032969870113793126,17.23034544229699,0.07621097091518782,0.011647268087682171,18.030194524299592,87.66317877263988,0.07944133132696152,0.2130614876747131,-0.04014760185038196,0.022387607525189753,-0.7998490820026373,0
6.5,1,0.040621254305104874,0.03437486541582151,18.17087482008196,0.08059364941645043,0.013113586471309622,18.970723902084597,88.48485635961909,0.08054938912391663,0.11978888511657715,-0.04014760185038196,0.022387607525189753,-0.7998490820026373,0
6.59,1,0.04616466874279491,0.036213581596961524,18.582032587925077,0.08611085606399722,0.015029507041438237,19.381881669927722,89.28964461685132,0.08146683126688004,0.10788512229919434,-0.03034975105666479,0.023169449320680723,-0.9998113525032551,0
6.69,1,0.06242469036896912,0.038851876662707674,18.96802013615086,0.09248667229032645,0.017298871577016043,19.967831488654113,89.67133635726523,0.0812382847070694,0.10851699113845825,-0.03034975105666479,0.023169449320680723,-0.9998113525032551,0
6.79,1,0.06872671881678326,0.04104337112736349,19.37748442508552,0.09874950163311719,0.019599997207822684,20.377295777588788,90.25266584816548,0.0812382847070694,0.10851699113845825,-0.03034975105666479,0.023169449320680723,-0.9998113525032551,0
6.89,1,0.07506467508061451,0.04330382108311609,19.909017809904643,0.10504705010975499,0.02197069474000529,20.908829162407894,90.6419145353873,0.08047260344028473,0.02859926521778107,-0.03034975105666479,0.023169449320680723,-0.9998113525032551,0
6.99,1,0.08156029736630346,0.04568195461524108,20.200431732315344,0.11150018712982135,0.024461809063998675,21.2002430848186,91.11604338513598,0.08047260344028473,-0.013896897435188293,-0.03034975105666479,0.023169449320680723,-0.9998113525032551,0
7.09,1,0.08921982427440311,0.048503724687001065,20.258658120859696,0.11910931050612099,0.02741680149005219,21.258469473362943,91.11447288690682,0.08077756315469742,0.034465666860342026,-0.03034975105666479,0.023169449320680723,-0.9998113525032551,0
7.19,1,0.09661070429372093,0.05124461480845806,20.45769194622158,0.12645123917793255,0.030286238629263194,21.45750329872484,91.28156799545472,0.08063808083534241,-0.03696281537413597,-0.03034975105666479,0.023169449320680723,-0.9998113525032551,0
7.29,1,0.10395285273221161,0.05399594300621435,20.555030549510768,0.1337442615529851,0.033165261932674,21.554841902014026,91.36119582108546,0.08106360584497452,0.013350110501050949,-0.03034975105666479,0.023169449320680723,-0.9998113525032551,0
7.39,1,0.11120343139330549,0.05670897513268888,20.438122829539545,0.14094639632442976,0.03600439718375673,21.437934182042806,91.2346953013712,0.08106360584497452,0.013350110501050949,-0.03034975105666479,0.023169449320680723,-0.9998113525032551,0
7.5,1,0.1188774042545257,0.059581137012362714,20.550021062896104,0.1485690841620693,0.03901002581479191,21.549832415399358,91.27947738578612,0.08046675473451614,-0.06826548278331757,-0.03034975105666479,0.023169449320680723,-0.9998113525032551,0
7.59,1,0.12593512852855113,0.06220814443213167,20.32327870892537,0.15557989496297203,0.04175978431793974,21.323090061428633,91.0503833658596,0.08080306649208069,-0.07411918044090271,-0.03940099141531289,0.020140872633663324,-0.39992454100122615,0
7.69,1,0.12317022258522198,0.06333920413264854,20.325442738966704,0.16226573184385543,0.04433201704278672,20.725367279967923,90.81762019084276,0.08084352314472198,-0.0731695145368576,-0.03940099141531289,0.020140872633663324,-0.39992454100122615,0
7.79,1,0.12982266369420067,0.06579213217519211,20.00500512597649,0.1689008895999861,0.046831318993649285,20.40492966697771,90.45379554171892,0.08101370185613632,-0.06139787659049034,-0.03940099141531289,0.020140872633663324,-0.39992454100122615,0
7.89,1,0.1363424003212932,0.06814255729428713,19.636348262100228,0.17540406157152116,0.049227194248282716,20.036272803101443,90.24578306968489,0.08105739206075668,-0.0596994124352932,-0.03940099141531289,0.020140872633663324,-0.39992454100122615,0
7.99,1,0.14354507000176536,0.07069224817272347,19.291454819858206,0.1825887590964115,0.05182709724212879,19.691379360859425,89.91097343898795,0.08105739206075668,-0.0596994124352932,-0.03940099141531289,0.020140872633663324,-0.39992454100122615,0
8.09,1,0.15016743722958314,0.07298791625498416,19.043674788742425,0.1891949413695936,0.05416893314959102,19.443599329743655,89.69899244165443,0.08107178658246994,-0.054721612483263016,-0.03940099141531289,0.020140872633663324,-0.39992454100122615,0
8.19,1,0.1575541809560445,0.07550428728474613,18.58914042358025,0.19656394102706598,0.05673680193284568,18.989064964581477,89.40922648409193,0.08097943663597107,-0.03294619545340538,-0.03940099141531289,0.020140872633663324,-0.39992454100122615,0
8.29,1,0.16490273267970934,0.07796756859818911,18.377323345830035,0.20389512017531378,0.05925131571503732,18.77724788683127,89.25838150224027,0.08094871044158936,-0.034194182604551315,-0.03940099141531289,0.020140872633663324,-0.39992454100122615,0
8.4,1,0.17198752226037434,0.0803122511747085,18.245980076012742,0.21096337141829596,0.06164539260457395,18.64590461701397,89.07164090571217,0.08094871044158936,-0.034194182604551315,-0.03940099141531289,0.020140872633663324,-0.39992454100122615,0
8.49,1,0.17942762095545722,0.08274573069212006,17.996682821462212,0.21838630332271552,0.06413074430938075,18.396607362463435,88.94517868160334,0.08123215287923813,-0.01412227749824524,-0.03864344023481156,0.02767281392838682,6.450424965555703e-14,0
8.59,1,0.18741510962468685,0.09435039830810411,18.33235545207378,0.22605854985949847,0.06667758437971705,18.33235545207372,88.83444907015362,0.08127985149621964,0.0031023509800434113,-0.03864344023481156,0.02767281392838682,6.450424965555703e-14,0
8.69,1,0.19521244263636933,0.09693522038635283,18.367155022244255,0.23385588287118095,0.06926240645796576,18.367155022244187,88.83386558206918,0.08130792528390884,0.015594113618135452,-0.03864344023481156,0.02767281392838682,6.450424965555703e-14,0
8.79,1,0.20296086495124752,0.09951531044591316,18.452812369921684,0.24160430518605913,0.07184249651752607,18.452812369921624,88.89462259423215,0.08118186891078949,0.00215255469083786,-0.03864344023481156,0.02767281392838682,6.450424965555703e-14,0
8.89,1,0.21072617679235037,0.10210565902941658,18.454203901959954,0.24936961702716204,0.07443284510102949,18.45420390195989,88.90571194421139,0.08111503720283508,-0.01571359857916832,-0.03864344023481156,0.02767281392838682,6.450424965555703e-14,0
8.99,1,0.2185077135779904,0.10469806729291055,18.35098864406291,0.25715115381280207,0.07702525336452345,18.35098864406285,88.83156111865792,0.08106576651334763,-0.026466745883226395,-0.03864344023481156,0.02767281392838682,6.450424965555703e-14,0
9.09,1,0.22612574755981765,0.10721437726018422,18.22053777664459,0.2647691877946293,0.0795415633317971,18.22053777664453,88.73033015007877,0.08108705282211304,-0.019214551895856857,-0.03864344023481156,0.02767281392838682,6.450424965555703e-14,0
9.19,1,0.23375367082979068,0.10970860112546835,18.073913875014444,0.27239711106460235,0.08203578719708123,18.07391387501438,88.60893214816168,0.0810723528265953,-0.02620283141732216,-0.03864344023481156,0.02767281392838682,6.450424965555703e-14,0
9.29,1,0.24134025195380945,0.11216604282657895,17.80134090164266,0.2799836921886211,0.08449322889819183,17.801340901642593,88.51286128880874,0.08101940900087357,-0.023762907832860947,-0.03864344023481156,0.02767281392838682,6.450424965555703e-14,0
9.39,1,0.2490066481860854,0.11462418641201869,17.61842952347873,0.28765008842089707,0.08695137248363154,17.618429523478667,88.35581592370698,0.08091725409030914,-0.01813659444451332,-0.03864344023481156,0.02767281392838682,6.450424965555703e-14,0
9.49,1,0.25670395107078736,0.1170638054616447,17.50749043597127,0.29534739130559906,0.08939099153325755,17.507490435971203,88.26388150183651,0.08086640387773514,-0.028386618942022324,-0.03864344023481156,0.02767281392838682,6.450424965555703e-14,0
9.6,1,0.26430544692350644,0.11944515679235818,17.37855066654876,0.3029488871583181,0.09177234286397103,17.378550666548694,88.11171937069948,0.08086640387773514,-0.028386618942022324,-0.03864344023481156,0.02767281392838682,6.450424965555703e-14,0
9.69,1,0.27186024217943205,0.12178974571050019,17.150639834778275,0.3105036824142437,0.09411693178211301,17.150639834778215,87.98953190737303,0.08088505268096924,-0.01836032047867775,-0.038643440234811526,0.02767281392838653,9.862973114143021e-14,0
9.79,1,0.2795601575654553,0.12415960587067618,16.997952310534842,0.31820359780026697,0.09648679194228907,16.99795231053478,87.85013380246198,0.08101684600114822,-0.01202705129981041,-0.038643440234811526,0.02767281392838653,9.862973114143021e-14,0
9.89,1,0.287314420596176,0.12653116254177132,17.010916889513943,0.32595786083098777,0.09885834861338424,17.010916889513847,87.79013019441939,0.08090197294950485,-0.01588284969329834,-0.038643440234811526,0.02767281392838653,9.862973114143021e-14,0
9.99,1,0.2951130153904517,0.12890593202752018,16.92752878444634,0.33375645562526346,0.10123311809913306,16.927528784446242,87.69063033257154,0.0808236226439476,-0.01284891739487648,-0.038643440234811526,0.02767281392838653,9.862973114143021e-14,0
10.09,1,0.3028780432835849,0.1312611426989772,16.826084312478415,0.3415214835183967,0.10358832877059009,16.826084312478315,87.62848280587889,0.0807264968752861,-0.008067000657320023,-0.038643440234811526,0.02767281392838653,9.862973114143021e-14,0
10.19,1,0.31066336946466905,0.13361666375955847,16.824393405035483,0.3493068096994808,0.10594384983117132,16.824393405035384,87.56599833717641,0.08080893754959106,-0.007713161408901215,-0.038643440234811526,0.02767281392838653,9.862973114143021e-14,0
10.29,1,0.3183784064778898,0.13595010758512185,16.843583531086644,0.35702184671270154,0.1082772936567347,16.843583531086544,87.52506945230108,0.08076603710651398,-0.010402198880910873,-0.038643440234811526,0.02767281392838653,9.862973114143021e-14,0
10.39,1,0.3261340292743876,0.13829672893910533,16.841938822266663,0.36477746950919937,0.11062391501071815,16.841938822266563,87.45615525829692,0.08067749440670013,-0.00999685749411583,-0.038643440234811526,0.02767281392838653,9.862973114143021e-14,0
10.49,1,0.33389395269521316,0.1406427562772119,16.787477658529344,0.3725373929300249,0.11296994234882472,16.787477658529244,87.40735563182349,0.08080083131790161,-0.006959583610296249,-0.038643440234811526,0.02767281392838653,9.862973114143021e-14,0
10.59,1,0.34170709966495155,0.14300246581694645,16.77190365564785,0.3803505398997633,0.11532965188855926,16.771903655647755,87.35506266806637,0.08084585517644882,-0.008903764188289642,-0.038643440234811526,0.02767281392838653,9.862973114143021e-14,0
10.69,1,0.3494402932084799,0.14533258102286728,16.78631050104715,0.38808373344329167,0.11765976709448009,16.786310501047055,87.31648124045711,0.08087073266506195,-0.005525987595319748,-0.038643440234811526,0.02767281392838653,9.862973114143021e-14,0
10.79,1,0.3571574256062393,0.14765527351122693,16.77107427470699,0.39580086584105106,0.1199824595828397,16.771074274706898,87.2656340192422,0.08101046085357666,-0.012165725231170654,-0.038643440234811526,0.02767281392838653,9.862973114143021e-14,0
10.89,1,0.36494509276903464,0.1499962894842168,16.68144461865991,0.4035885330038464,0.12232347555582959,16.68144461865981,87.21710074715747,0.08093717694282532,-0.008992630988359451,-0.03920945163523394,0.029555865535063952,-0.19996227050056248,0
10.99,1,0.37257023150931573,0.1527708890324012,16.431199991374246,0.4113471558291784,0.12465138128926116,16.63116226187481,87.14224423632672,0.08087805658578873,-0.004687566310167313,-0.03920945163523394,0.029555865535063952,-0.19996227050056248,0
11.09,1,0.38034687579019155,0.15506501427364272,16.47372217211736,0.41911574626911113,0.12697263299262407,16.673684442617915,87.11193966936217,0.08102576434612274,-0.008526820689439774,-0.03920945163523394,0.029555865535063952,-0.19996227050056248,0
11.19,1,0.3880845316734105,0.1573407009507433,16.418118461073835,0.4268454128992863,0.12927531017490612,16.618080731574405,87.05459384620777,0.08087751269340515,-0.007546383887529373,-0.03920945163523394,0.029555865535063952,-0.19996227050056248,0
11.29,1,0.39545851096275914,0.15950594843919347,16.31593921776486,0.4342117905823835,0.1314662796123812,16.51590148826542,87.01821764496617,0.08079470694065094,0.0007972307503223419,-0.03920945163523394,0.029555865535063952,-0.19996227050056248,0
11.39,1,0.40363796732573454,0.161903765591185,16.243044653437746,0.4423828287672387,0.13389262840631852,16.44300692393831,87.0005988184058,0.08055952191352844,0.0053440965712070465,-0.03920945163523394,0.029555865535063952,-0.19996227050056248,0
11.49,1,0.41138433479468367,0.1641701687474384,16.31863917370739,0.45012123932951215,0.1361860525276629,16.518601444207953,87.00566494561012,0.08066734671592712,-0.006075683981180191,-0.03920945163523394,0.029555865535063952,-0.19996227050056248,0
11.59,1,0.41873138000892657,0.16631386592227762,16.305829925973388,0.4574607583119752,0.13835537778303808,16.505792196473955,86.97693831919655,0.08067519962787628,0.0018546618521213531,-0.03920945163523394,0.029555865535063952,-0.19996227050056248,0
11.69,1,0.4265222209862849,0.1685798383093652,16.191788408465648,0.4652436436151935,0.1406485263500693,16.391750678966215,86.95809244135692,0.08056406676769257,-0.005085606127977371,-0.03920945163523394,0.029555865535063952,-0.19996227050056248,0
11.79,1,0.434327016295921,0.17084644401322627,16.094347948111,0.47304048095543605,0.1429423569305379,16.294310218611564,86.93635100656374,0.08063951134681702,-0.013464659452438354,-0.03920945163523394,0.029555865535063952,-0.19996227050056248,0
11.89,1,0.44208896170110795,0.17309489445690313,16.07599245622833,0.48079453201391664,0.1452178828155256,16.275954726728898,86.89424345303344,0.08063951134681702,-0.013464659452438354,-0.03920945163523394,0.029555865535063952,-0.19996227050056248,0
11.99,1,0.4498707814489457,0.17532758771049647,16.01645204022875,0.4885685122864942,0.1474777209677069,16.216414310729313,86.82031997832212,0.08068013936281204,-0.01972990110516548,-0.03920945163523394,0.029555865535063952,-0.19996227050056248,0
12.09,1,0.45763259101660486,0.17753834026268184,15.865740231700443,0.4963225590736485,0.14971554871671297,16.065702502201002,86.75329236262672,0.08053439110517502,-0.008126843720674515,-0.038552301370271415,0.02734686317321761,7.906949980639357e-14,0
12.19,1,0.4654223184065377,0.17961728142039046,15.745352011342872,0.5040703090752747,0.15193769526189285,15.89349285606827,86.70059642480463,0.08071425557136536,-0.004911560565233231,-0.038552301370271415,0.02734686317321761,7.906949980639357e-14,0
12.29,1,0.473290644755761,0.18149972228692055,15.826195751454144,0.5118429461260326,0.15415285911370222,15.826195751454064,86.68011224627693,0.08084136992692947,0.0007204227149486542,-0.038552301370271415,0.02734686317321761,7.906949980639357e-14,0
12.39,1,0.4810744059224171,0.18370603507051994,15.814827251307472,0.5196267072926888,0.1563591718973016,15.814827251307392,86.67400826437805,0.08085019886493683,-0.007252495735883713,-0.038552301370271415,0.02734686317321761,7.906949980639357e-14,0
12.49,1,0.4888460583409113,0.185893230404644,15.713076727885737,0.527398359711183,0.15854636723142568,15.713076727885653,86.65148183406946,0.08118715137243271,-0.0017987936735153198,-0.038552301370271415,0.02734686317321761,7.906949980639357e-14,0
12.59,1,0.49667524485696624,0.18808481337290983,15.587903923920713,0.5352275462272379,0.1607379501996915,15.587903923920633,86.63515567872008,0.0815301239490509,-0.06564133748412132,-0.038552301370271415,0.02734686317321761,7.906949980639357e-14,0
12.69,1,0.5042921312909235,0.19020728332937467,15.393436160510499,0.5428444326611952,0.16286042015615634,15.393436160510415,86.55981375395245,0.08047256618738174,-0.08871299028396606,-0.038552301370271415,0.02734686317321761,7.906949980639357e-14,0
12.79,1,0.5109270750541286,0.19199941274973503,14.772928265568174,0.5494793764244003,0.16465254957651665,14.772928265568092,86.09819490771318,0.08046708256006241,-0.1105809211730957,-0.038552301370271415,0.02734686317321761,7.906949980639357e-14,0
12.89,1,0.5174253745260023,0.19369453867479125,14.326176565555256,0.555977675896274,0.16634767550157287,14.326176565555178,85.75075105223519,0.08003509789705276,-0.10929897427558899,-0.038552301370271415,0.02734686317321761,7.906949980639357e-14,0
13.0,1,0.5237634348199329,0.1952719678067367,13.746617891825647,0.5623157361902046,0.1679251046335183,13.746617891825563,85.18659878988979,0.07998579740524292,-0.08949324488639832,-0.038552301370271415,0.02734686317321761,7.906949980639357e-14,0
13.09,1,0.5301717061732716,0.19680586208309814,13.177960033963638,0.5687240075435432,0.16945899890987975,13.177960033963565,84.81953793546391,0.07995445281267166,-0.0986514687538147,-0.028552301370271378,0.03734686317321737,9.553080404131812e-14,0
13.19,1,0.5467140909339108,0.20829743506685405,12.457407148474205,0.5752663923041824,0.17095057189363574,12.457407148474111,84.30758107346288,0.07995445281267166,-0.0986514687538147,-0.028552301370271378,0.03734686317321737,9.553080404131812e-14,0
13.29,1,0.5532103454828555,0.20971710159559356,12.017619882665535,0.5817626468531272,0.17237023842237525,12.01761988266544,83.94553958009855,0.07999037951231003,-0.1375301456451416,-0.028552301370271378,0.03734686317321737,9.553080404131812e-14,0
13.39,1,0.5598945810958101,0.21110597564124883,11.430127602040011,0.5884468824660818,0.17375911246803047,11.430127602039915,83.41467943933846,0.07999037951231003,-0.15583784878253937,-0.028552301370271378,0.03734686317321737,9.553080404131812e-14,0
13.49,1,0.5657541786522414,0.21225385955091655,10.780652165166865,0.5943064800225131,0.1749069963776982,10.780652165166769,82.92896233751406,0.07999922335147858,-0.17014746367931366,-0.028552301370271378,0.03734686317321737,9.553080404131812e-14,0
13.59,1,0.5708755794900259,0.21318827587803788,9.915110565496402,0.5994278808602975,0.1758414127048195,9.915110565496308,82.12408951702335,0.08000168949365616,-0.2337401807308197,-0.028552301370271378,0.03734686317321737,9.553080404131812e-14,0
13.69,1,0.5766757368929029,0.21413964240275735,8.601865156550254,0.6052280382631745,0.17679277922953898,8.601865156550154,81.5007991486645,0.08000155538320541,-0.2634255886077881,-0.039946725226101557,0.042566978615722846,-0.39992454100120056,0
13.79,1,0.5707117543533744,0.21570797770747385,7.263713213890208,0.6094350895167906,0.17739914293611575,7.6636377548914085,80.4515985688433,0.08000078052282333,-0.25331684947013855,-0.039946725226101557,0.042566978615722846,-0.39992454100120056,0
13.89,1,0.5763409031572547,0.21636694884164304,6.038870796370718,0.6150595016128695,0.17809738915728407,6.438795337371919,79.73673129279308,0.08000021427869797,-0.24548332393169403,-0.03858124792521207,0.03726439462557427,1.085909542814246e-13,0
14.0,1,0.5814047484317671,0.2158774263565679,5.494648329770422,0.6199859963569797,0.17861303173099247,5.494648329770316,78.68436418887866,0.07999996840953827,-0.21780289709568024,-0.03858124792521207,0.03726439462557427,1.085909542814246e-13,0
14.09,1,0.5866279350947601,0.21633389756954788,4.524479981042937,0.6252091830199726,0.17906950294397245,4.524479981042829,78.02010936590548,0.07999991625547409,-0.20607919991016388,-0.02858124792521206,0.037264394625574244,1.0025453212354977e-13,0
14.19,1,0.601153041812349,0.21665961256826557,3.5923266084324164,0.6297342897375613,0.17939521794269023,3.5923266084323155,77.05942403619244,0.07999994605779648,-0.19219420850276947,-0.02858124792521206,0.037264394625574244,1.0025453212354977e-13,0
14.29,1,0.6074325260205165,0.21699434230058107,2.4106664138970957,0.6360137739457288,0.17972994767500572,2.4106664138969958,76.44427788524534,0.07999999076128006,-0.12713751196861267,-0.039237763499009384,0.03998858178946787,-0.19996227050058962,0
14.39,1,0.6031369522734787,0.21768721850718353,1.5116982844703202,0.6417506366991278,0.17993943773221005,1.7116605549709094,75.6123004110685,0.07999999076128006,-0.12713751196861267,-0.039237763499009384,0.03998858178946787,-0.19996227050058962,0
14.49,1,0.6094516275764509,0.2178217746163147,0.8248408480851677,0.6480648039455831,0.18009603119395806,1.0248031185857576,75.13991446105311,0.07999999821186066,-0.10707193613052368,-0.028597088526262894,0.027223533681478194,7.164870666355312e-14,0
14.59,1,0.6190360105384566,0.21471174095504733,0.325305869623597,0.6546233845214338,0.1801733522678897,0.4648806812425037,74.50845181314784,0.07999999821186066,-0.07660933583974838,-0.028597088526262894,0.027223533681478194,7.164870666355312e-14,0
14.69,1,0.6320189192076171,0.20742449366985719,-0.03134434881127836,0.6606160077338802,0.18020095998837815,-0.03134434881135001,74.1267333132305,0.07999999821186066,-0.07660933583974838,-0.028597088526262894,0.027223533681478194,7.164870666355312e-14,0
14.79,1,0.6393344680300341,0.2073794788254456,-0.6612027467420618,0.6679315565562972,0.18015594514396657,-0.6612027467421334,73.65962463956208,0.07922337204217911,0.07339066416025161,-0.0392226513781913,0.030053053831783857,-0.19996227050060136,0
14.89,1,0.6366840798495637,0.207775066197246,-0.6949543369986858,0.675282366362106,0.1800798397339707,-0.4949920664980844,73.62517928841311,0.07870040088891983,0.1933906641602516,-0.0392226513781913,0.030053053831783857,-0.19996227050060136,0
14.99,1,0.6431697302009611,0.2077263587761553,-0.031091249948006078,0.6817681472041631,0.1800537674832875,0.16887102055259517,74.14999177769644,0.07124093174934387,0.3133906641602516,-0.0392226513781913,0.030053053831783857,-0.19996227050060136,0
15.09,1,0.6485244506220822,0.20776622748886267,1.0301358823687448,0.6871226958732773,0.18011232388952547,1.2300981528693458,74.71686046491259,0.07814358174800873,0.30466338992118835,-0.0392226513781913,0.030053053831783857,-0.19996227050060136,0
15.19,1,0.6527149481316531,0.2078767762553308,2.162160767381819,0.691312782048123,0.18023749678936654,2.36212303788242,75.96671495332147,0.07814358174800873,0.30466338992118835,-0.0392226513781913,0.030053053831783857,-0.19996227050060136,0
15.29,1,0.6570115135262081,0.20807352069368176,3.2056261324641526,0.6956086346397106,0.18044923501232213,3.4055884029647525,76.77895016975408,0.08025140315294266,0.3015664219856262,-0.0392226513781913,0.030053053831783857,-0.19996227050060136,0
15.4,1,0.6612280573201458,0.20835049278011977,4.320493684497676,0.6998241861240923,0.18074092111995566,4.520455954998276,78.00924512992883,0.08026718348264694,0.2825160324573517,-0.0392226513781913,0.030053053831783857,-0.19996227050060136,0
15.49,1,0.6656192527190923,0.2087240588019276,5.363570623370152,0.704214051037697,0.18112981010756185,5.563532893870754,78.8115977610476,0.0802145004272461,0.301116943359375,-0.05177470058770692,0.03194744755591026,-0.999811352503178,0
15.59,1,0.660134566790078,0.2011724370534186,5.64039661312915,0.7088480548480605,0.18162141169731988,6.640207965632328,79.93944990445449,0.0802145004272461,0.301116943359375,-0.05177470058770692,0.03194744755591026,-0.999811352503178,0
15.69,1,0.6648522264425575,0.20168000304335507,6.725690748248447,0.7135561396721535,0.18221121939472545,7.725502100751625,80.68154070462178,0.08047807961702347,0.2833465337753296,-0.041774700587706715,0.03194744755590956,-0.9998113525031388,0
15.8,1,0.6794829702234196,0.20226385805375152,7.700189598088062,0.7181759906814963,0.18287578789279857,8.7000009505912,81.80683051174864,0.0806567445397377,0.2857726812362671,-0.041774700587706715,0.03194744755590956,-0.9998113525031388,0
15.89,1,0.6841400476006664,0.20293085417014353,8.62942926123388,0.7228207205393312,0.18362394433678736,9.629240613737021,82.55053702263889,0.08202894032001495,0.3002428710460663,-0.04177470058770692,0.031947447555909794,-0.999811352503153,0
15.99,1,0.6887994364482525,0.20367792941765134,9.620389389468379,0.727466364205669,0.18445220805316384,10.620200741971528,83.67092407799157,0.08202894032001495,0.3002428710460663,-0.04177470058770692,0.031947447555909794,-0.999811352503153,0
16.09,1,0.6933851492209547,0.2044908341506974,10.547922799186244,0.7320371943478873,0.18534500565045095,11.5477341516894,84.43142208665189,0.08199144899845123,0.3011707663536072,-0.03108613478955455,0.028882167362325375,-0.7998490820025197,0
16.19,1,0.7080435192859593,0.20488986887251756,11.606714170962276,0.7366006461526947,0.18630846629212047,12.406563252964794,85.58418969643465,0.08199144899845123,0.3011707663536072,-0.03108613478955455,0.028882167362325375,-0.7998490820025197,0
16.29,1,0.7125771471863808,0.20585457639850857,12.504557641336968,0.7411203654203158,0.18733636720761682,13.304406723339484,86.3596641122373,0.08108788728713989,0.30788859724998474,-0.04179748873178075,0.04197770048784794,-0.9998113525031674,0
16.39,1,0.7136932616190796,0.210085635237656,13.28268720796354,0.7453560464964886,0.18837095022122394,14.144626830847734,87.52126767638836,0.08098349720239639,0.2858154773712158,-0.04179748873178075,0.04197770048784794,-0.9998113525031674,0
16.49,1,0.7114482198465368,0.21845906645731256,14.130888798672176,0.7500515853401234,0.1895979676970921,15.130700151175347,88.29675538766169,0.0810428038239479,0.26253852248191833,-0.0410635504173315,0.03885521827261076,-0.7998490820025139,0
16.59,1,0.7160243006594884,0.21913496148979053,15.168042106064652,0.7544974575561362,0.19083078002223733,15.967891188067162,89.40277839634197,0.08121407777070999,0.21490412950515747,-0.0410635504173315,0.03885521827261076,-0.7998490820025139,0
16.69,1,0.7214061382479041,0.22062406412771546,15.848795430169117,0.7598579835448719,0.19239486557566726,16.648644512171632,90.04747389863627,0.08307817578315735,0.20863287150859833,-0.0418222041697451,0.042006404257257976,-0.9998113525031304,0
16.79,1,0.726529944799688,0.22261872414333228,16.34515746290101,0.7650836443276188,0.19399188669360717,17.34496881540414,90.9331820827649,0.08204766362905502,0.1467539221048355,-0.0418222041697451,0.042006404257257976,-0.9998113525031304,0
16.91,1,0.7321864129472412,0.22431516689235736,17.05364541377979,0.7707096498690463,0.19578677152356963,18.05345676628292,91.43973565092101,0.07810308039188385,0.19713452458381653,-0.0418222041697451,0.042006404257257976,-0.9998113525031304,0
16.99,1,0.7377210479285621,0.2260512085561216,17.81146031027379,0.7762131498270288,0.19761912335858234,18.811271662776925,92.2456690593964,0.08040812611579895,0.14395755529403687,-0.04102840320722401,0.04880521627335416,-0.799849082002466,0
17.09,1,0.7435815512801853,0.23746289821738822,18.73733963166366,0.7818999270086029,0.19959209849383341,19.537188713666122,92.75768956876398,0.07728778570890427,0.20291824638843536,-0.04102840320722401,0.04880521627335416,-0.799849082002466,0
17.19,1,0.7491174865451479,0.23938643972796111,19.64631548626983,0.7874084710890495,0.2015927317222211,20.446164568272295,93.58024510492272,0.0811748206615448,0.1389457732439041,-0.04102840320722401,0.04880521627335416,-0.799849082002466,0
17.29,1,0.7547172087763703,0.24141598124482724,20.18159631818328,0.7929793162083787,0.20370024506547105,20.98144540018574,94.0944926549186,0.08105070888996124,0.11896707117557526,-0.041028403207223715,0.04880521627335343,-0.7998490820024303,0
17.39,1,0.760349806935893,0.2435214030383952,20.827013707029362,0.7985819747983463,0.2058840902247607,21.626862789031797,94.74586860252008,0.08128569275140762,0.10957416892051697,-0.041028403207223715,0.04880521627335343,-0.7998490820024303,0
17.49,1,0.7667376191153222,0.24599894271659709,21.43931250092036,0.8049345792238132,0.20845055945509722,22.239161582922783,95.15552396181445,0.07942894101142883,0.07021306455135345,-0.041028403207223715,0.04880521627335343,-0.7998490820024303,0
17.59,1,0.7732003282307822,0.24855580815197864,21.890404806057333,0.81136096593581,0.2110973922404409,22.690253888059765,95.62590468556216,0.0804586112499237,0.04721574857831001,-0.041028403207223715,0.04880521627335343,-0.7998490820024303,0
17.69,1,0.7801237225537383,0.2513576433873653,22.175086094979765,0.8182445732991629,0.21399560191273678,22.97493517698219,95.86380566011552,0.0796564370393753,0.028820816427469254,-0.041028403207223715,0.04880521627335343,-0.7998490820024303,0
17.79,1,0.7870376731777848,0.2541868255854945,22.39341457978782,0.8251183561325925,0.2169210240533537,23.19326366179025,96.10019249578468,0.08228004723787308,-0.01597844809293747,-0.031925763404729156,0.04215626696332877,-0.9998113525031154,0
17.89,1,0.8044355849756958,0.2477356185322943,22.124728730149243,0.8326468369232031,0.22014181751321973,23.124540082652363,96.10191871055169,0.08150678873062134,-0.009147640317678452,-0.031925763404729156,0.04215626696332877,-0.9998113525031154,0
17.99,1,0.8119783366761144,0.25080363516927323,22.08493250191081,0.8401349060860501,0.22334098139013606,23.084743854413922,96.10003906549112,0.08136411011219025,-0.0009771697223186493,-0.031925763404729156,0.04215626696332877,-0.9998113525031154,0
18.09,1,0.8195412989341438,0.2538797402661397,22.14189820641935,0.8476430415930414,0.22654858515182527,23.141709558922457,96.1275584595191,0.08028796315193176,0.04845500737428665,-0.031925763404729156,0.04215626696332877,-0.9998113525031154,0
18.19,1,0.8268359007129455,0.2568653851387825,22.51176809144251,0.8548844359287896,0.22966105980891605,23.511579443945624,96.33354843690222,0.08003678172826767,0.037877436727285385,-0.031925763404729156,0.04215626696332877,-0.9998113525031154,0
18.29,1,0.8338423481541571,0.25976795368692296,22.60401344191552,0.8618391694059838,0.2326854427516509,23.60382479441864,96.52942516758986,0.0799003317952156,0.07653045654296875,-0.031925763404729156,0.04215626696332877,-0.9998113525031154,0
18.39,1,0.8405504740237836,0.2626028113646708,23.104665508832905,0.8684968082249978,0.23563691968556008,24.10447686133602,96.9286646504551,0.07993031293153763,0.083252914249897,-0.031925763404729156,0.04215626696332877,-0.9998113525031154,0
18.49,1,0.8469475773340465,0.2653561511549838,23.55684308326423,0.8748448942519649,0.23850146407469452,24.55665443576734,97.23916765169487,0.0799655094742775,0.05778634175658226,-0.031925763404729156,0.04215626696332877,-0.9998113525031154,0
18.59,1,0.853478233689856,0.26823693633352497,23.900961031502973,0.8813242891822151,0.24149576483120266,24.90077238400608,97.63417841242494,0.08020655065774918,0.04465897008776665,-0.031925763404729156,0.04215626696332877,-0.9998113525031154,0
18.69,1,0.8604070638815934,0.2713259762622873,24.31977467350701,0.8881981634665025,0.24470523641251207,25.319586026010114,97.83271513943856,0.08005017787218094,0.001741413027048111,-0.039899674685835634,0.03502845090263097,-0.5998868115018017,0
18.79,1,0.86419651091904,0.2742521909744988,24.397128885176045,0.8953131017465358,0.2480559666305476,25.25606872834706,97.93563257951695,0.08003601431846619,-0.020266998559236526,-0.039899674685835634,0.03502845090263097,-0.5998868115018017,0
18.89,1,0.8652724939483005,0.2770456800874626,24.434032459626877,0.902588682098749,0.2514809436903153,25.03391927112867,97.89861098005579,0.0799979493021965,-0.02976682409644127,-0.039899674685835634,0.03502845090263097,-0.5998868115018017,0
18.99,1,0.8724734809719746,0.2803250885857353,24.371651466424833,0.909754939657022,0.254835565401054,24.971538277926637,97.75633202496333,0.08125291019678116,-0.08975502848625183,-0.039899674685835634,0.03502845090263097,-0.5998868115018017,0
19.09,1,0.8789345947016012,0.28322564319876575,23.966443623674273,0.9161853310013739,0.2578036076596526,24.566330435176077,97.5217476075619,0.08097995072603226,-0.09134276211261749,-0.039899674685835634,0.03502845090263097,-0.5998868115018017,0
19.19,1,0.8852041738035898,0.2859898619800405,23.48140931154671,0.9224256256261703,0.2606333162281423,24.081296123048507,97.091050054411,0.08124399185180664,-0.09555190801620483,-0.039899674685835634,0.03502845090263097,-0.5998868115018017,0
19.29,1,0.8913762341267003,0.28863275212719475,23.074479793466047,0.9285696771046781,0.263340681809567,23.674366604967854,96.79203699550813,0.08014292269945145,-0.1327260285615921,-0.039899674685835634,0.03502845090263097,-0.5998868115018017,0
19.39,1,0.8972564436246837,0.29110435881813235,22.375564396539048,0.9344236870594103,0.2658737177005009,22.975451208040848,96.22679329456065,0.07357998937368393,-0.1846877634525299,-0.039899674685835634,0.03502845090263097,-0.5998868115018017,0
19.49,1,0.9025659401127833,0.2932424784855938,21.40439503243678,0.9397105068303536,0.26806730959032227,22.004281843938582,95.71671760324907,0.07822256535291672,-0.09975726902484894,-0.039899674685835634,0.03502845090263097,-0.5998868115018017,0
19.59,1,0.9083438864053901,0.29549096467431324,21.086783444816476,0.9454645952137283,0.2703761665320628,21.686670256318276,95.06707904725153,0.06824706494808197,-0.12735511362552643,-0.02655416361187677,0.03372129526720112,1.5245063243362042e-13,0
19.69,1,0.9247209772212097,0.30636441504123674,20.90538293349642,0.9512751408330872,0.27264311977403305,20.905382933496263,94.63758481321422,0.07768524438142776,-0.1412917524576187,-0.02655416361187677,0.03372129526720112,1.5245063243362042e-13,0
19.79,1,0.930048606070857,0.3083579028120187,20.193846432885405,0.9566027696827345,0.274636607544815,20.193846432885255,93.92802614814886,0.0785793885588646,-0.18692754209041595,-0.02655416361187677,0.03372129526720112,1.5245063243362042e-13,0
19.89,1,0.9356841473870671,0.31039772091865103,19.42597742599348,0.9622383109989445,0.27667642565144734,19.425977425993327,93.38953631917755,0.07986374944448471,-0.21067668497562408,-0.02655416361187656,0.03372129526720067,1.703809229222358e-13,0
19.99,1,0.9408051090259775,0.3121659576539884,18.58041406713046,0.9673592726378549,0.27844466238678484,18.580414067130285,92.49697560273344,0.08025478571653366,-0.2081390917301178,-0.02655416361187656,0.03372129526720067,1.703809229222358e-13,0
20.09,1,0.9456661684875787,0.3137599754840192,17.69594068362207,0.9722203320994561,0.2800386802168156,17.6959406836219,91.87482321460355,0.08020151406526566,-0.2144125998020172,-0.02655416361187656,0.03372129526720067,1.703809229222358e-13,0
20.19,1,0.9509397159571311,0.315392615401193,16.786187436276155,0.9774938795690086,0.28167132013398943,16.786187436275984,90.94319419959086,0.08011117577552795,-0.13859643042087555,-0.02655416361187646,0.033721295267200156,1.9403540159454236e-13,0
20.29,1,0.9566244445064663,0.3170743644704024,16.08432976114531,0.9831786081183437,0.2833530692031989,16.08432976114512,90.44518415967026,0.08002834767103195,-0.1677020937204361,-0.02655416361187646,0.033721295267200156,1.9403540159454236e-13,0
20.39,1,0.9622628803275349,0.31866782551508355,15.351859826214245,0.9888170439394123,0.2849465302478801,15.351859826214048,89.68521655820207,0.07999657839536667,-0.10215282440185547,-0.02655416361187646,0.033721295267200156,1.9403540159454236e-13,0
20.49,1,0.9677459088818366,0.3201438909418902,14.828481016996257,0.994300072493714,0.28642259567468675,14.828481016996065,89.2662612943012,0.07998925447463989,-0.10389541834592819,-0.02655416361187646,0.033721295267200156,1.9403540159454236e-13,0
20.59,1,0.9747060705680497,0.3219560008405132,14.31353481470345,1.001260234179927,0.2882347055733096,14.313534814703258,88.70436495945653,0.07999271154403687,-0.12701068818569183,-0.027681804034206618,0.03769753637000225,-0.1999622705005295,0
20.69,1,0.9807260055687719,0.32393465867585575,13.342166398049743,1.007402702826304,0.28975471522042723,13.542128668550275,88.28892146010989,0.07999695092439651,-0.07037697732448578,-0.027681804034206618,0.03769753637000225,-0.1999622705005295,0
20.79,1,0.9870193407119634,0.32540777877389426,12.953664022880439,1.0136908584641031,0.2912497900421628,13.15362629338096,87.79794075536275,0.07999948412179947,-0.08874080330133438,-0.027681804034206618,0.03769753637000225,-0.1999622705005295,0
20.89,1,0.9937584304236533,0.32692490804570884,12.347973074272703,1.0204246123640313,0.2927904294499426,12.547935344773233,87.47481460547125,0.0800003632903099,-0.11559513211250305,-0.027681804034206618,0.03769753637000225,-0.1999622705005295,0
20.99,1,1.0001379984379326,0.3283004687118573,11.939407639189849,1.0267993408294827,0.2941882463860385,12.139369909690375,86.88215521178422,0.08000042289495468,-0.0895652174949646,-0.027681804034206618,0.03769753637000225,-0.1999622705005295,0
21.09,1,1.006530270675109,0.32961303526135943,11.257014357816297,1.0331869932894822,0.2955231139267729,11.456976628316825,86.48987262189863,0.08000022917985916,-0.1495652174949646,-0.027681804034206618,0.03769753637000225,-0.1999622705005295,0
21.19,1,1.0130343992729494,0.33088182105770053,10.806791809695802,1.0396866542234544,0.2968145913588792,11.006754080196334,85.90519029154068,0.08000008016824722,-0.12972114980220795,-0.027681804034206437,0.037697536370001,-0.19996227050047144,0
21.29,1,1.0189222244180756,0.3319647302568473,10.002207167222913,1.0455706641660347,0.2979180424311043,10.202169437723382,85.4122567911815,0.07999999821186066,-0.13315565884113312,-0.027681804034206437,0.037697536370001,-0.19996227050047144,0
21.39,1,1.0250385998403597,0.3330021146607231,9.167296572094898,1.0516833818751046,0.2989767666241544,9.36725884259537,84.71580582184345,0.07999998331069946,-0.10209142416715622,-0.027681804034206437,0.037697536370001,-0.19996227050047144,0
21.49,1,1.0315254432837522,0.3340343607714111,8.758807089264609,1.058166583281723,0.3000316454860781,8.958769359765078,84.30397877511514,0.07999999076128006,-0.11796111613512039,-0.0265580835076856,0.03350888934607958,1.4583503741801367e-13,0
21.59,1,1.0380034991344185,0.3345042356889155,8.1163479217948,1.0645615826421049,0.30099534634283326,8.116347921794656,83.677945778769,0.07999999076128006,-0.13854192197322845,-0.0265580835076856,0.03350888934607958,1.4583503741801367e-13,0
21.69,1,1.04382923824843,0.3353008228964918,7.6066317469896685,1.0703873217561164,0.30179193355040945,7.606631746989522,83.20849949255424,0.07999999076128006,-0.05538227781653404,-0.0265580835076856,0.03350888934607958,1.4583503741801367e-13,0
21.79,1,1.0509468149288823,0.3362156297501728,7.03435814208092,1.0775048984365687,0.3027067404040904,7.034358142080775,82.73286394093431,0.07999999076128006,-0.06689269095659256,-0.017674034786753414,0.04776346510122669,-0.1999622705005397,0
21.89,1,1.0680300059878562,0.34754428317326924,6.473630444486369,1.08465119585823,0.30356809180407984,6.673592714986909,82.46706183952324,0.07999999076128006,-0.058260075747966766,-0.017674034786753414,0.04776346510122669,-0.1999622705005397,0
21.99,1,1.075336236643718,0.348348494175127,5.993085048632435,1.0919545753281281,0.3043977966014834,6.193047319132974,82.07818879671792,0.07999999076128006,-0.07951050251722336,-0.017674034786753414,0.04776346510122669,-0.1999622705005397,0
22.09,1,1.0823685238999476,0.3490716692284557,5.632428114464973,1.0989842958816076,0.3051455098833466,5.832390384965511,81.76999307284667,0.07997622340917587,-0.12077396363019943,-0.017674034786753414,0.04776346510122669,-0.1999622705005397,0
22.19,1,1.0889448510101216,0.3496713843747955,4.848665686523716,1.1055584899400492,0.30576817271241774,5.048627957024255,81.19842010576369,0.07999468594789505,-0.0753532350063324,-0.017674034786753414,0.04776346510122669,-0.1999622705005397,0
22.29,1,1.0958138977528404,0.3502297707656629,4.478127400481909,1.1124255460854244,0.3063505286271541,4.67808967098245,80.86901880025759,0.07999642938375473,-0.035762809216976166,-0.017674034786753414,0.04776346510122669,-0.1999622705005397,0
22.39,1,1.1033316364063732,0.3507914827711326,4.147313749658607,1.1199412785846796,0.3069384740664125,4.347276020159146,80.5659294603969,0.08000049740076065,-0.043295226991176605,-0.017674034786753414,0.04776346510122669,-0.1999622705005397,0
22.49,1,1.111024854826574,0.3513322999638881,3.7633349889128724,1.1276325627046722,0.3075061372433495,3.963297259413411,80.37331796479064,0.08000066876411438,0.015997635200619698,-0.008761807593615945,0.042195181252416676,-0.39992454100121233,0
22.59,1,1.1289156385256887,0.3423247237407828,3.61601241289807,1.1355548449858537,0.30806315539508017,4.01593695389928,80.31740578137276,0.08000058680772781,-0.06410743296146393,-0.008761807593615945,0.042195181252416676,-0.39992454100121233,0
22.69,1,1.136422998733972,0.34277944420595197,3.3532311648468736,1.1430588483910091,0.30857026573196494,3.7531557058480858,80.12984969508241,0.08000022917985916,0.06721328943967819,-0.008761807593615945,0.042195181252416676,-0.39992454100121233,0
22.79,1,1.1441053668991967,0.3432160513910372,3.2465114591417414,1.150737981919563,0.30906048477562764,3.6464360001429528,80.12760074504854,0.08000005036592484,-0.041241563856601715,-0.008761807593615945,0.042195181252416676,-0.39992454100121233,0
22.89,1,1.1518528075098333,0.3436563082366144,3.1315160334228187,1.1584821608339335,0.30955480759285686,3.531440574424031,80.08007681484402,0.07999997586011887,0.000379389151930809,-0.008761807593615945,0.042195181252416676,-0.39992454100121233,0
22.99,1,1.1598332186322073,0.3440886157674313,3.0463670790355866,1.166459360070623,0.31004280740993967,3.4462916200367997,80.00818005124924,0.07999996095895767,0.0011650188826024532,-0.008761807593615945,0.042195181252416676,-0.39992454100121233,0
23.09,1,1.1678683168112847,0.3445097949813771,3.032868395881614,1.1744913227068545,0.3105200608937944,3.432792936882826,79.98696873749888,0.07999997586011887,0.029811840504407883,-0.008761807593615945,0.042195181252416676,-0.39992454100121233,0
23.19,1,1.1758040691156542,0.3449319008506397,3.124796384672712,1.1824239354204522,0.31099754758181786,3.5247209256739245,80.09453940730242,0.07669982314109802,0.14981184050440788,-0.008761807593615945,0.042195181252416676,-0.39992454100121233,0
23.29,1,1.182777412566773,0.34533490054291094,3.5662218046934644,1.1893942960852086,0.31144921099902995,3.966146345694677,80.3343426441274,0.08034230023622513,0.16449406743049622,-0.008761807593615945,0.042195181252416676,-0.39992454100121233,0
23.39,1,1.1888849187686,0.34575505477909496,4.358764971574783,1.195498720854812,0.3119119850473423,4.758689512575995,80.9719851117409,0.08057326078414917,0.17041325569152832,-0.008761807593615945,0.042195181252416676,-0.39992454100121233,0
23.49,1,1.194720981631334,0.3462411505956498,5.227951242392765,1.201331248629216,0.3124388044105599,5.627875783393979,81.44854361942248,0.08126737922430038,0.14312666654586792,-0.008761807593615945,0.042195181252416676,-0.39992454100121233,0
23.59,1,1.2004905920083777,0.34679956432178743,5.836150803909529,1.2070968207618091,0.31303747608710486,6.236075344910742,82.20091990682612,0.08088763058185577,0.12970900535583496,-0.05040137787361311,0.039280527291328395,-0.6998679467521962,0
23.69,1,1.1665967007376348,0.3381791429930669,6.062679948890385,1.2132563320972367,0.3137415790708083,6.762547895642582,82.63845833788679,0.08091162145137787,0.09069201350212097,-0.05040137787361311,0.039280527291328395,-0.6998679467521962,0
23.79,1,1.171845918890022,0.3387556578914565,6.446257719026964,1.2184981166921176,0.3143821685651729,7.1461256657791585,83.1612009437007,0.08157599717378616,0.11871398985385895,-0.05040137787361311,0.039280527291328395,-0.6998679467521962,0
23.89,1,1.1796655844871702,0.3396670038149408,6.986715743337643,1.226306067111499,0.31538896134025307,7.68658369008984,83.5363453540128,0.07952726632356644,0.05998155474662781,-0.03929031241588281,0.03449741049818095,-0.4999056762515369,0
23.99,1,1.1963229644194007,0.34003173234249057,7.564457869698447,1.2329004930813887,0.31630328148180403,8.06436354594998,83.96190282345485,0.08072546869516373,0.08447083830833435,-0.03929031241588281,0.03449741049818095,-0.4999056762515369,0
24.09,1,1.2033225124751559,0.3409760034292885,7.913028452520304,1.2398915360556464,0.3173085869091607,8.412934128771841,84.24427508034532,0.07940589636564255,0.06135568022727966,-0.03929031241588281,0.03449741049818095,-0.4999056762515369,0
24.19,1,1.2104211283820026,0.34198603371555675,8.184288089742145,1.2469810693684824,0.3183805133890575,8.684193765993681,84.63525941951903,0.08259759098291397,0.0924730896949768,-0.03929031241588281,0.03449741049818095,-0.4999056762515369,0
24.29,1,1.2172903597010476,0.3430029468385786,8.723601681845528,1.253841166772495,0.3194573210885935,9.223507358097063,84.93700295785916,0.08020363748073578,0.07547497749328613,-0.03929031241588281,0.03449741049818095,-0.4999056762515369,0
24.39,1,1.2241175607279766,0.34408175806108127,9.097270459072735,1.2606586954301071,0.3205956578219635,9.597176135324274,85.39010932011169,0.079480841755867,0.06412959098815918,-0.03929031241588281,0.03449741049818095,-0.4999056762515369,0
24.49,1,1.231247254338808,0.3452441422381447,9.522095282001581,1.2677779759931989,0.3218202035432017,10.022000958253116,85.64143556772926,0.07853688299655914,0.05018609017133713,-0.03929031241588281,0.03449741049818095,-0.4999056762515369,0
24.59,1,1.2381320492922165,0.3464090774377788,9.67769965323922,1.2746523449629503,0.323045163476236,10.177605329490756,85.9744342379397,0.08171967417001724,0.04584925249218941,-0.03929031241588281,0.03449741049818095,-0.4999056762515369,0
24.69,1,1.2459632176466182,0.34777570985464273,10.024904037416503,1.2824712915263976,0.32448006995254675,10.524809713668041,86.15826164920628,0.0784287303686142,0.03723080828785896,-0.04045693585904732,0.049469380808621406,-0.6998679467522281,0
24.79,1,1.2533598531706314,0.3595682121716288,10.08078533261022,1.2899325044398677,0.3258792763850782,10.78065327936245,86.43993413750337,0.0800013616681099,0.031220193952322006,-0.04045693585904732,0.049469380808621406,-0.6998679467522281,0
24.89,1,1.261065520698893,0.36095202341255256,10.197493740116704,1.2976206942745294,0.32735710677886914,10.897361686868932,86.58146010442577,0.07867397367954254,-0.00222170352935791,-0.04045693585904732,0.049469380808621406,-0.6998679467522281,0
24.99,1,1.268809137515133,0.36235756795465823,10.31031801218335,1.3053465651003981,0.32885713239151554,11.010185958935578,86.60249049459088,0.07867749035358429,-0.057388003915548325,-0.04045693585904732,0.049469380808621406,-0.6998679467522281,0
25.1,1,1.2761499379426546,0.36367260964666603,9.960948135789902,1.3126707550533538,0.3302617416259445,10.660816082542127,86.43166744650811,0.07909063994884491,-0.10756637156009674,-0.04045693585904732,0.049469380808621406,-0.6998679467522281,0
25.19,1,1.2828565259732811,0.36482952940732855,9.628542441436547,1.3193627113344055,0.33150049401348786,10.328410388188779,85.97466711228509,0.07915710657835007,-0.09555943310260773,-0.04045693585904732,0.049469380808621406,-0.6998679467522281,0
25.29,1,1.2894583057703413,0.36590165530260926,8.918415386870697,1.3259509029321233,0.33265317866072025,9.618283333622925,85.64654822220922,0.07917366176843643,-0.0865597128868103,-0.04045693585904732,0.049469380808621406,-0.6998679467522281,0
25.39,1,1.2961941634840015,0.3669440202050659,8.582203427452196,1.3326735259654228,0.3337777422563879,9.282071374204426,85.17764587921741,0.07853216677904129,-0.07353153824806213,-0.04045693585904732,0.049469380808621406,-0.6998679467522281,0
25.49,1,1.3028014033898552,0.36791552688879786,8.089914721059667,1.339268406297703,0.3348298818920549,8.789782667811895,84.90903361382396,0.08101058751344681,-0.04154947027564049,-0.04045693585904732,0.049469380808621406,-0.6998679467522281,0
25.59,1,1.310592199337241,0.36901478245369196,7.874251121656389,1.3470451939618702,0.33602421765607265,8.574119068408615,84.64278841579493,0.07842223346233368,-0.03479423001408577,-0.019261276974122218,0.044266701763038555,-0.49990567625159815,0
25.69,1,1.3383534925217477,0.3695982210504147,7.909745618247646,1.3547246136953315,0.3371641749106673,8.409651294499243,84.49951836296204,0.08065410703420639,-0.03143753483891487,-0.019261276974122218,0.044266701763038555,-0.49990567625159815,0
25.79,1,1.3461204914858829,0.37064984972502163,7.6204858031252165,1.362482141683745,0.33828352976374676,8.120391479376812,84.31147875758012,0.07980495691299438,-0.04916432127356529,-0.019261276974122218,0.044266701763038555,-0.49990567625159815,0
25.89,1,1.3535670002685454,0.3716295572254531,7.2536293708710025,1.3699198191936495,0.3393281699388001,7.753535047122599,84.14456627182558,0.07857631146907806,-0.11566416919231415,-0.019261276974122218,0.044266701763038555,-0.49990567625159815,0
25.99,1,1.3603461069643537,0.3724705787191326,6.789566683998974,1.3766913300397952,0.34022830637652035,7.289472360250573,83.67104256833689,0.079142726957798,-0.18390819430351257,-0.019261276974122218,0.044266701763038555,-0.49990567625159815,0
26.09,1,1.3661950025188023,0.37313632218031256,6.105614894406514,1.3825341944322398,0.34094505546403864,6.605520570658117,83.17412279416469,0.07920508831739426,-0.17651274800300598,-0.019261276974122218,0.044266701763038555,-0.49990567625159815,0
26.19,1,1.3718238140022236,0.37368776462931336,5.114574356192185,1.388157980394301,0.3415455876808115,5.614480032443785,82.34181251863941,0.07986735552549362,-0.19389382004737854,-0.019261276974122218,0.044266701763038555,-0.49990567625159815,0
26.29,1,1.377393559762057,0.37414037657139004,4.245524451183896,1.3937235651661994,0.3420467778105037,4.745430127435494,81.7767328025841,0.07994816452264786,-0.21541893482208252,-0.00926127697412204,0.05426670176303683,-0.4999056762515377,0
26.39,1,1.3928677353408947,0.38452080962873314,3.5422978754649703,1.3991942131475288,0.3424749579635268,4.042203551716508,80.88327045847369,0.08004697412252426,-0.22882848978042603,-0.00926127697412204,0.05426670176303683,-0.4999056762515377,0
26.49,1,1.3978555598858384,0.38480349717946316,2.8584978862995465,1.4041793814254593,0.3428011529714496,3.358403562551084,80.26105162422294,0.08003238588571548,-0.26921531558036804,-0.00926127697412204,0.05426670176303683,-0.4999056762515377,0
26.59,1,1.4032684235435455,0.3850282218519375,1.868107835712005,1.4095900783577684,0.34307309572654043,2.3680135119635417,79.25960077571688,0.08001873642206192,-0.2560308575630188,-0.00926127697412204,0.05426670176303683,-0.4999056762515377,0
26.69,1,1.4082092742626204,0.3851393237837338,0.7935316840613639,1.4145297716633058,0.3432273018050886,1.2934373603129015,78.53362629918342,0.08000492304563522,-0.23996558785438538,-0.00926127697412205,0.05426670176303661,-0.499905676251531,0
26.79,1,1.4131468079428613,0.3851665252820302,-0.1407265029881802,1.4194668800782588,0.3432975817028065,0.35917917326335064,77.44947255717094,0.08000492304563522,-0.23996558785438538,-0.00926127697412205,0.05426670176303661,-0.499905676251531,0
26.89,1,1.4181631718183585,0.3851252175223523,-0.8406916870055539,1.4244834134236801,0.3433000427349157,-0.34078601075402287,76.75981565399738,0.07999948412179947,-0.2662612795829773,-0.019261276974121725,0.05426670176303612,-0.4999056762515139,0
26.99,1,1.4128321424430526,0.3850361538414955,-1.4547447624365988,1.4291529834061043,0.3432517186959021,-0.9548390861850846,75.70588584537617,0.07999824732542038,-0.29736414551734924,-0.019261276974121725,0.05426670176303612,-0.4999056762515139,0
27.1,1,1.4176211303670896,0.384884332148617,-2.1338648669215243,1.433943113676412,0.343141686171249,-1.6339591906700102,74.96778788183363,0.07999878376722336,-0.24417626857757568,-0.019261276974121725,0.05426670176303612,-0.4999056762515139,0
27.19,1,1.422423000291395,0.384679533874646,-2.752232402972509,1.4387465876714716,0.3429787914759545,-2.252326726720995,73.90356252798854,0.0799999013543129,-0.1357037305831909,-0.01926127697412173,0.054266701763036065,-0.49990567625151267,0
27.29,1,1.4278255171827292,0.38439856892448315,-3.2433254862112024,1.4441513503172103,0.3427449735818642,-2.7434198099596903,73.2909789109519,0.0799999013543129,-0.12262028455734253,-0.01926127697412173,0.054266701763036065,-0.49990567625151267,0
27.39,1,1.4338822293199174,0.38403063277976834,-3.707772070849969,1.4502110421224952,0.34242989558467046,-3.207866394598457,72.58044950368094,0.0794835016131401,-0.11739837378263474,-0.01926127697412173,0.054266701763036065,-0.49990567625151267,0
27.49,1,1.4402938623612378,0.3836009553821985,-4.13754956236768,1.4566261800083065,0.34205617533025173,-3.6376438861161695,72.14322495472669,0.07988462597131729,-0.06512345373630524,-0.01926127697412173,0.054266701763036065,-0.49990567625151267,0
27.59,1,1.4472307569829472,0.3830748802790744,-4.437195912448847,1.4635674005410106,0.3415906438885662,-3.937290236197335,71.64485548411287,0.07949330657720566,-0.10249097645282745,-0.01926127697412173,0.054266701763036065,-0.49990567625151267,0
27.69,1,1.4539229119318702,0.38253568968740265,-4.7942651854411915,1.4702640051475349,0.3411098621309896,-4.294359509189678,71.27276386159087,0.07995010167360306,-0.1546664834022522,-0.01926127697412173,0.054266701763036065,-0.49990567625151267,0
27.79,1,1.4603895423114328,0.38196067728879607,-5.35608950001263,1.476735406310044,0.340591292253046,-4.856183823761116,70.63803092456337,0.08002166450023651,-0.15541082620620728,-0.01926127697412173,0.054266701763036065,-0.49990567625151267,0
27.89,1,1.466237254855343,0.3813943296435309,-5.751128834895169,1.482587837595491,0.3400759868090384,-5.251223158643655,70.12385330771897,0.08001714944839478,-0.19243675470352173,-0.02926127697412177,0.04426670176303514,-0.49990567625148585,0
27.99,1,1.4621142321789167,0.3707751742425152,-6.456683891290056,1.488469993288532,0.33950813095124244,-5.956778215038571,69.3305328039137,0.08001714944839478,-0.19243675470352173,-0.02926127697412177,0.04426670176303514,-0.49990567625148585,0
28.09,1,1.4676677608989226,0.3701085741269619,-7.211731847398032,1.4940291266391728,0.33889001013151576,-6.711826171146549,68.73079940821675,0.07995177060365677,-0.042436754703521734,-0.02926127697412177,0.04426670176303514,-0.49990567625148585,0
28.19,1,1.4738892419082927,0.36930200235283805,-7.432404473905373,1.5002574080924225,0.33813775079068287,-6.932498797653887,68.07305087703377,0.08014512062072754,0.027563277631998062,-0.01817657353014897,0.03852643786512889,-0.29994340575082623,0
28.29,1,1.491534052814022,0.3678110989371435,-7.368909983006619,1.507966142084538,0.33718344805238365,-7.068966577255792,67.93363182316281,0.08071984350681305,0.0517297126352787,-0.01817657353014897,0.03852643786512889,-0.29994340575082623,0
28.39,1,1.4992670331810207,0.3668150136773891,-7.336931484075262,1.515704230972263,0.3362278584088862,-7.036988078324435,68.05032884991809,0.08012519776821136,0.04801027476787567,-0.01817657353014897,0.03852643786512889,-0.29994340575082623,0
28.49,1,1.5067772590481239,0.36587133806693994,-7.050661196540584,1.5232192940491427,0.33532351158206575,-6.750717790789758,68.19047783174182,0.07971923798322678,-0.008684039115905762,-0.01817657353014897,0.03852643786512889,-0.29994340575082623,0
28.59,1,1.5142873355687279,0.3649472396992176,-6.94483703882289,1.5307341052951722,0.33443874094788806,-6.644893633072065,68.3506620715366,0.07971923798322678,-0.008684039115905762,-0.01817657353014897,0.03852643786512889,-0.29994340575082623,0
28.69,1,1.52225816990159,0.3639664158207934,-7.0528349613168055,1.5387099649965807,0.3334996576364244,-6.752891555565978,68.31137736665163,0.08039098978042603,-0.006071966141462326,-0.01817657353014897,0.03852643786512889,-0.29994340575082623,0
28.79,1,1.5294641431917158,0.363070849074523,-7.1944805780840975,1.5459205278167754,0.33264182625960165,-6.894537172333271,68.20922637694116,0.08039098978042603,-0.006071966141462326,-0.01817657353014897,0.03852643786512889,-0.29994340575082623,0
28.89,1,1.5383170338093297,0.36195313698558307,-7.241576021294229,1.5547791483229965,0.3315704741569038,-6.941632615543399,68.1630708720424,0.08002069592475891,-0.03616490587592125,-0.030271561779437024,0.06037077910841073,-0.699867946752144,0
28.99,1,1.5364462303997641,0.371844016386315,-7.749637973151769,1.5627963606275288,0.3305869826242405,-7.049770026399624,68.0267198169257,0.08002069592475891,-0.03616490587592125,-0.030271561779437024,0.06037077910841073,-0.699867946752144,0
29.09,1,1.5441650717928739,0.3707717064217716,-7.983373470825415,1.5705277241187015,0.3296090359593301,-7.283505524073274,67.88670496641964,0.07982373982667923,-0.04066995903849602,-0.030271561779437024,0.06037077910841073,-0.699867946752144,0
29.19,1,1.5517548912869843,0.36969446091091757,-8.188535003516101,1.578130135622389,0.32862457815300655,-7.48866705676396,67.63969882315244,0.08025632053613663,-0.051435548812150955,-0.030271561779437024,0.06037077910841073,-0.699867946752144,0
29.29,1,1.5591406751737944,0.36862000013940693,-8.352954603433304,1.585528492725533,0.3276404126453128,-7.653086656681159,67.43409220527658,0.08015498518943787,-0.05218442156910896,-0.030271561779437024,0.06037077910841073,-0.699867946752144,0
29.39,1,1.5665269965561601,0.36751749181925786,-8.668848191619947,1.5929277298764215,0.3266282082467339,-7.968980244867804,67.11547213006462,0.08025366812944412,-0.05098942294716835,-0.030271561779437024,0.06037077910841073,-0.699867946752144,0
29.49,1,1.5738852461370132,0.3663922597351688,-8.778540497908121,1.6002991748838893,0.32559293889092905,-8.078672551155977,66.89659780134666,0.08042490482330322,-0.022731978446245193,-0.030271561779437024,0.06037077910841073,-0.699867946752144,0
29.59,1,1.581604718993937,0.3651867709350134,-8.911954334494508,1.6080327965307903,0.32448183103897743,-8.212086387742367,66.70191598760691,0.08083861321210861,-0.02114127203822136,-0.030271561779437024,0.06037077910841073,-0.699867946752144,0
29.69,1,1.5895623558438643,0.36392266813187973,-9.098819489636965,1.6160052803553824,0.32331502265761075,-8.39895154288482,66.60237511247094,0.08013445138931274,-0.03235980495810509,-0.030271561779437024,0.06037077910841073,-0.699867946752144,0
29.79,1,1.5973253984532345,0.3626740621962138,-9.231995282172642,1.6237829951670442,0.32216133307807265,-8.5321273354205,66.40550567378097,0.08067641407251358,-0.04223848506808281,-0.030271561779437024,0.06037077910841073,-0.699867946752144,0
29.89,1,1.604851115153501,0.3614457225969605,-9.333332005477427,1.63132315422749,0.3210250094591438,-8.633464058725286,66.23954297428776,0.08087754994630814,-0.03651254251599312,-0.030271561779437024,0.06037077910841073,-0.699867946752144,0
29.99,1,1.6125041593914982,0.3601784669107569,-9.48102770431759,1.6389911066749354,0.3198513279236866,-8.781159757565444,66.00174483307926,0.08060009032487869,-0.038242463022470474,-0.030271561779437024,0.06037077910841073,-0.699867946752144,0
30.09,1,1.6201000085886537,0.3589068348641766,-9.574730711796807,1.646601921804327,0.31867257173428826,-8.874862765044663,65.83283467428653,0.08088669180870056,-0.04145991429686546,-0.0292991187791485,0.054127789709747506,-0.4999056762514783,0
30.19,1,1.6271716804033445,0.357223755735587,-9.575483857732953,1.6537632708938503,0.31753695376742713,-9.075578181481474,65.58914699288705,0.08088669180870056,-0.04145991429686546,-0.0292991187791485,0.054127789709747506,-0.4999056762514783,0
30.29,1,1.6347089100381746,0.35593894705202,-9.806981490176785,1.661311423455879,0.3163179554811825,-9.30707581392531,65.41582290439362,0.08099717646837234,-0.036315012723207474,-0.0292991187791485,0.054127789709747506,-0.4999056762514783,0
30.39,1,1.6422673723112287,0.354626495580897,-9.962374089434727,1.6688810490282247,0.31507150071195567,-9.462468413183249,65.17436659688921,0.08105374127626419,-0.03771483525633812,-0.0292991187791485,0.054127789709747506,-0.4999056762514783,0
30.49,1,1.6498803885722821,0.3532849516992377,-10.041720126403742,1.6765054803401658,0.3137964306170305,-9.54181445015226,65.02767838470456,0.08104347437620163,-0.04139990732073784,-0.0292991187791485,0.054127789709747506,-0.4999056762514783,0
30.59,1,1.657502322640418,0.3519229389558381,-10.252146973406669,1.6841390077083074,0.3125009702463423,-9.752241297155187,64.76745959379436,0.07990439236164093,-0.088121697306633,-0.0292991187791485,0.054127789709747506,-0.4999056762514783,0
30.69,1,1.6643890007760027,0.35066146025765804,-10.495731388376699,1.6910364299812137,0.3112996250676699,-9.995825712125221,64.47169671265875,0.08033860474824905,-0.09761440753936768,-0.0292991187791485,0.054127789709747506,-0.4999056762514783,0
30.79,1,1.6709851405705742,0.34940785252241907,-11.028228446116836,1.697643256298463,0.31010361563748645,-10.528322769865362,63.960402455908024,0.08038131147623062,-0.11371579766273499,-0.0292991187791485,0.054127789709747506,-0.4999056762514783,0
30.89,1,1.6772866039271774,0.34816048989512854,-11.477311671590318,1.7039553629060107,0.30891128005824564,-10.97740599533884,63.56782254155654,0.08044903725385666,-0.12084290385246277,-0.0292991187791485,0.054127789709747506,-0.4999056762514783,0
30.99,1,1.6835869031704258,0.34685332470733904,-12.064215744427903,1.7102668272152333,0.30765913403798495,-11.564310068176423,62.9528045108833,0.08044903725385666,-0.12084290385246277,-0.0292991187791485,0.054127789709747506,-0.4999056762514783,0
31.09,1,1.6898164165605578,0.3454981930985375,-12.488868052813164,1.7165079268673447,0.306358405823705,-11.988962376561684,62.51999840220186,0.08106543868780136,-0.099166139960289,-0.018371728519661946,0.0376428401980088,-0.29994340575082107,0
31.19,1,1.706157137584805,0.3335796818059818,-12.737936215048343,1.722956013317973,0.30496065388816623,-12.43799280929752,61.94299537726994,0.08106543868780136,-0.099166139960289,-0.018371728519661946,0.0376428401980088,-0.29994340575082107,0
31.29,1,1.7126731823239092,0.3320780863874983,-13.19221662952599,1.7294798295865559,0.3034931903838198,-12.892273223775168,61.57893124718379,0.08101578056812286,-0.07866303622722626,-0.018371728519661946,0.0376428401980088,-0.29994340575082107,0
31.39,1,1.7193480799175098,0.33049877438923314,-13.575542943818677,1.7361629033773782,0.30194884295550434,-13.275599538067857,61.081541524994016,0.0810207650065422,-0.08589102327823639,-0.018371728519661946,0.0376428401980088,-0.29994340575082107,0
31.49,1,1.7260217932540558,0.3288701772542585,-13.851771028781428,1.7428450509338855,0.30035520486625567,-13.551827623030606,60.759967596655386,0.08051035553216934,-0.09097030758857727,-0.018371728519661946,0.0376428401980088,-0.29994340575082107,0
31.59,1,1.7326065812797367,0.32723452153534693,-14.116944481219761,1.749438311349552,0.29875404276791473,-13.817001075468939,60.25778166655817,0.08112720400094986,-0.05268445983529091,-0.018371728519661946,0.0376428401980088,-0.29994340575082107,0
31.69,1,1.7396517677952992,0.32544247235576235,-14.34131215646204,1.7564927826624797,0.2969988995269809,-14.041368750711216,60.002683319925765,0.08086173981428146,-0.043579768389463425,-0.018371728519661946,0.0376428401980088,-0.29994340575082107,0
31.79,1,1.747004921984266,0.3235358523306803,-14.681633258844526,1.7638558172044962,0.2951307992138723,-14.381689853093702,59.71259532079854,0.08129742741584778,-0.01941501721739769,-0.018371728519661946,0.0376428401980088,-0.29994340575082107,0
31.89,1,1.754769364092823,0.3214966210697252,-14.853352537243333,1.7716308282470457,0.2931322425644317,-14.553409131492517,59.5956560764481,0.0812516137957573,-0.019760530441999435,-0.019227949576396994,0.0443057313598289,-0.4999056762514741,0
31.99,1,1.7626788122796981,0.3198740003354102,-15.085970721699665,1.7794346352616892,0.29110471938079385,-14.58606504544818,59.430412405877014,0.08124709129333496,-0.02584049478173256,-0.019227949576396994,0.0443057313598289,-0.4999056762514741,0
32.09,1,1.7703937053905472,0.3177811857498821,-15.235701613601819,1.7871674942994575,0.2890792960415314,-14.73579593735034,59.31338932167877,0.08107098191976547,-0.04208415374159813,-0.019227949576396994,0.0443057313598289,-0.4999056762514741,0
32.19,1,1.7778590019792153,0.3157353501799283,-15.41556618508338,1.7946503564286203,0.28709867222767504,-14.915660508831909,59.06423776811867,0.08120721578598022,-0.04178420826792717,-0.019227949576396994,0.0443057313598289,-0.4999056762514741,0
32.29,1,1.785267786006717,0.31367967564421095,-15.575528455109236,1.8020767939915168,0.28510771675671126,-15.075622778857769,58.89198739880231,0.08125515282154083,-0.04528910294175148,-0.019227949576396994,0.0443057313598289,-0.4999056762514741,0
32.39,1,1.792617371385207,0.31161046088952343,-15.832795952308045,1.809444153295566,0.2831027050804934,-15.332890276056565,58.603186584866954,0.08097309619188309,-0.05530395731329918,-0.019227949576396994,0.0443057313598289,-0.4999056762514741,0
32.49,1,1.7997852454048568,0.30956046034871987,-16.140108384200303,1.816629640515287,0.28111532147532653,-15.64020270794883,58.385064645984144,0.08106207102537155,-0.05411834642291069,-0.019227949576396994,0.0443057313598289,-0.4999056762514741,0
32.59,1,1.8069225550792407,0.30748631761469025,-16.25921154158543,1.8237847751910636,0.27910352992531856,-15.75930586533397,58.06134258624688,0.08106207102537155,-0.05411834642291069,-0.019227949576396994,0.0443057313598289,-0.4999056762514741,0
32.69,1,1.8140543305889556,0.3053892733570956,-16.52707900073481,1.8309345757260735,0.2770687894384623,-16.027173324483332,57.835282778053454,0.08082739263772964,-0.05400896444916725,-0.019227949576396994,0.0443057313598289,-0.4999056762514741,0
32.79,1,1.8211471854728167,0.30327010407529414,-16.70157803138029,1.8380456501550357,0.27501158519138247,-16.201672355128814,57.48475973311097,0.08104046434164047,-0.06813962757587433,-0.019227949576396994,0.0443057313598289,-0.4999056762514741,0
32.89,1,1.8280568437506846,0.3011741150402639,-17.018627921149758,1.8449733327058515,0.27297596193866636,-16.518722244898285,57.222213908822305,0.08048827201128006,-0.08414895832538605,-0.019227949576396994,0.0443057313598289,-0.4999056762514741,0
32.99,1,1.83398842292819,0.2993431263239715,-17.346911260496025,1.8509206612860645,0.2711967952862163,-16.847005584244545,56.75962136958885,0.08125440776348114,-0.08584332466125488,-0.019227949576396994,0.0443057313598289,-0.4999056762514741,0
33.09,1,1.8405695561438575,0.2972689341771166,-17.717143590664264,1.8575196411037516,0.2691801017472296,-17.217237914412795,56.43229437260383,0.08139805495738983,-0.08389562368392944,-0.019227949576397414,0.04430573135982968,-0.49990567625149734,0
33.19,1,1.8474277077492285,0.2950584415181432,-18.04279557169932,1.8643968179739905,0.2670295298388569,-17.542889895447825,55.93588612267081,0.08076077699661255,-0.09091664850711823,-0.019227949576397414,0.04430573135982968,-0.49990567625149734,0
33.29,1,1.854275480002981,0.29279401717850695,-18.52172210708944,1.8712640864356196,0.264824937743906,-18.02181643083794,55.603802896982984,0.08106407523155212,-0.08442877233028412,-0.019227949576397414,0.04430573135982968,-0.49990567625149734,0
33.39,1,1.8603914328820337,0.2907248776603711,-18.869696653128297,1.8773978595390253,0.2628092379943802,-18.369790976876804,55.096726914870565,0.08106106519699097,-0.10453437268733978,-0.019227949576397414,0.04430573135982968,-0.49990567625149734,0
33.49,1,1.8668524646670857,0.28848876200029117,-19.326049604272438,1.8838781552621946,0.2606295792337068,-18.82614392802094,54.762171004909845,0.08106106519699097,-0.10453437268733978,-0.019227949576397414,0.04430573135982968,-0.49990567625149734,0
33.59,1,1.8730991653142752,0.2862744740524982,-19.808848188402305,1.8901439375611222,0.25846987733904986,-19.30894251215081,54.19056058528617,0.0811963602900505,-0.11221693456172943,-0.019227949576397414,0.04430573135982968,-0.49990567625149734,0
33.69,1,1.8792574447546928,0.2840279620352818,-20.337364923332604,1.896321583170255,0.25627718113625936,-19.837459247081107,53.786358412121025,0.08063774555921555,-0.12028570473194122,-0.019227949576397414,0.04430573135982968,-0.49990567625149734,0
33.79,1,1.8852973663525034,0.2817662405220553,-20.68155985427566,1.9023810081429533,0.25406824335729666,-20.181654178024154,53.35679057742225,0.080971859395504,-0.09704762697219849,-0.019227949576397414,0.04430573135982968,-0.49990567625149734,0
33.89,1,1.8914857792315611,0.2793983015985986,-21.19695427852657,1.9085898454800851,0.25175438778100256,-20.69704860227507,52.77012607202298,0.08099383115768433,-0.06574265658855438,-0.009227949576397118,0.044305731359828605,-0.4999056762514704,0
33.99,1,1.9080130910680588,0.2768483237228275,-21.42970363900406,1.9151391571449985,0.24926145703715272,-20.92979796275259,52.31794663214314,0.08084899187088013,-0.05135544016957283,-0.009227949576397118,0.044305731359828605,-0.4999056762514704,0
34.09,1,1.9149474725624571,0.27410821485564146,-21.741633235422892,1.9220971818455477,0.2465819541764651,-21.24172755917142,52.082447747334136,0.08082323521375656,-0.05858338996767998,-0.009227949576397118,0.044305731359828605,-0.4999056762514704,0
34.19,1,1.9218226721087406,0.27135538512605584,-21.98751585841617,1.9289961378387155,0.24388921458162072,-21.487610182164694,51.69041688301041,0.08081991970539093,-0.09385019540786743,-0.009227949576397118,0.044305731359828605,-0.4999056762514704,0
34.29,1,1.9282442853064115,0.26873244845880906,-22.48010730513935,1.9354403914453433,0.24132240561437113,-21.98020162888788,51.357193631300774,0.08116565644741058,-0.10106654465198517,-0.009227949576397118,0.044305731359828605,-0.4999056762514704,0
34.39,1,1.9343767741357532,0.266172916577967,-22.875847532837366,1.9415949784887163,0.2388164764420692,-22.375941856585893,50.80835925703667,0.0815293937921524,-0.09020872414112091,-0.009227949576397118,0.044305731359828605,-0.4999056762514704,0
34.49,1,1.9406271190441713,0.26349611742331686,-23.452865638691645,1.9478684402692426,0.23619431274069652,-22.952959962440172,50.45129127192018,0.0815293937921524,-0.09020872414112091,-0.009227949576397118,0.044305731359828605,-0.4999056762514704,0
34.59,1,1.9465444025362812,0.260902629210386,-23.83213760518221,1.9538081264318907,0.23365255088602666,-23.332231928930742,49.92071800766386,0.081642284989357,-0.07092498242855072,-0.009227949576397118,0.044305731359828605,-0.4999056762514704,0
34.69,1,1.9533483769515005,0.2578601509573467,-24.445193222083734,1.9606383871563093,0.23066955236111217,-23.94528754583227,49.62034179799025,0.0811760276556015,-0.09273740649223328,-0.008668206012662235,0.037005100884977535,-0.299943405750821,0
34.79,1,1.9594575878525062,0.2545296959646473,-24.894990020862775,1.9669600894076482,0.2278247059022127,-24.595046615111947,49.103647711776134,0.0811760276556015,-0.09273740649223328,-0.008668206012662235,0.037005100884977535,-0.299943405750821,0
34.89,1,1.9656266331056913,0.2516315983127206,-25.534726772136278,1.9731442216009012,0.22495894276609657,-25.234783366385454,48.74282045686376,0.08107852190732956,-0.10947448015213013,-0.008668206012662235,0.037005100884977535,-0.299943405750821,0
34.99,1,1.9716168664929778,0.24872607454294743,-26.17844881642079,1.9791495832539892,0.22208481753804862,-25.878505410669966,48.147572268011935,0.08045864850282669,-0.11386927962303162,-0.008668206012662235,0.037005100884977535,-0.299943405750821,0
35.09,1,1.977503545706911,0.24577788706016757,-27.03002793053659,1.9850516154962006,0.2191674870779755,-26.73008452478577,47.727798581727484,0.08039142936468124,-0.059827934950590134,-0.008668206012662235,0.037005100884977535,-0.299943405750821,0
35.19,1,1.9835852930098603,0.24263045522869348,-27.657624862704772,1.991149756193893,0.21605193617615184,-27.357681456953955,47.18872252211607,0.0801536813378334,-0.056442927569150925,0.0013317939873377833,0.037005100884976404,-0.2999434057507919,0
35.29,1,2.000122780856724,0.239173233654179,-28.20654877764598,1.9977052529325756,0.2126289855670571,-27.906605371895193,46.9192875617429,0.0800352469086647,-0.06958884745836258,0.0013317939873377833,0.037005100884976404,-0.2999434057507919,0
35.39,1,2.005972708829223,0.23602075802151554,-28.512351887093356,2.00357160388052,0.20950717736450522,-28.21240848134256,46.51942874377419,0.0800352469086647,-0.06958884745836258,0.0013317939873377833,0.037005100884976404,-0.2999434057507919,0
35.49,1,2.0128809141325776,0.23219754255221708,-29.402195213600226,2.010499728965195,0.20572017857270797,-29.10225180784943,46.219523366418194,0.07998013496398926,-0.07438337802886963,0.0008968537816741995,0.04445964081604688,-0.4999056762514088,0
35.59,1,2.0189381825058534,0.2292874157525122,-30.173468820952742,2.016351915006664,0.20242792711425656,-29.67356314470133,45.66893762725462,0.07998811453580856,-0.12898872792720795,0.0008968537816741995,0.04445964081604688,-0.4999056762514088,0
35.69,1,2.024809783791906,0.22581130180734688,-31.05117537823445,2.0222536215138445,0.19900317455016608,-30.551269701983035,45.31595449979096,0.07998811453580856,-0.12898872792720795,0.0008968537816741995,0.04445964081604688,-0.4999056762514088,0
35.79,1,2.0302180374380896,0.2225133576901776,-31.756102312916447,2.027690443505333,0.1957525423756041,-31.256196636665027,44.6448775409279,0.07999969273805618,-0.08761312067508698,0.0012810618900016542,0.03695289827458742,-0.29994340575079476,0
35.89,1,2.0357767829063964,0.21846090286695538,-32.4465171744944,2.033517653109566,0.1921560539168293,-32.14657376874359,44.27658318570424,0.08000083267688751,-0.10126139968633652,0.0012810618900016542,0.03695289827458742,-0.29994340575079476,0
35.99,1,2.0415475645434533,0.21476435202857616,-32.89038259076592,2.039307707027269,0.18848976363462278,-32.59043918501512,43.72933842957749,0.08000083267688751,-0.10126139968633652,0.0012810618900016542,0.03695289827458742,-0.29994340575079476,0
36.09,1,2.047125188109505,0.21109266244187766,-33.82648738543039,2.044904475372674,0.18484732308555057,-33.52654397967959,43.342908566994375,0.08000073581933975,-0.05863366276025772,0.0012810618900016542,0.03695289827458742,-0.29994340575079476,0
36.19,1,2.0530316558605612,0.2071083346530323,-34.14823182559191,2.050831720050581,0.18089397010972733,-33.84828841984111,42.91768122695845,0.0800003632903099,-0.00760989636182785,0.0012810618900016542,0.03695289827458742,-0.29994340575079476,0
36.29,1,2.059245332920623,0.20286925015013643,-34.33732566261062,2.0570675034732404,0.17668747214406513,-34.03738225685982,42.82886368011048,0.07850167900323868,-0.005459483712911606,0.0012810618900012038,0.03695289827458709,-0.29994340575078743,0
36.39,1,2.0658367407273737,0.1983705969747154,-34.44683051412246,2.0636823713024963,0.1722233864740656,-34.14688710837167,42.784261630949054,0.07850167900323868,-0.005459483712911606,0.0012810618900012038,0.03695289827458709,-0.29994340575078743,0
36.49,1,2.0723305201147126,0.19392476726792574,-34.450113711207216,2.0701993355205066,0.1678116124664383,-34.15017030545643,42.74334896925501,0.07966512441635132,-0.07026185095310211,0.0012810618900012038,0.03695289827458709,-0.29994340575078743,0
36.59,1,2.0784611530463595,0.18968527882323422,-34.88199672845451,2.0763520780672953,0.1636042758304889,-34.582053322703715,42.42819426830285,0.07974297553300858,-0.11116582900285721,0.0012810618900012038,0.03695289827458709,-0.29994340575078743,0
36.69,1,2.0837982101781303,0.18590556774692088,-35.78771885975153,2.0817088487647153,0.15985255591244382,-35.48777545400072,42.041554598508974,0.07974297553300858,-0.11116582900285721,0.0012810618900012038,0.03695289827458709,-0.29994340575078743,0
36.79,1,2.0887782518873963,0.1822625626069566,-36.51614086542144,2.0867078932793546,0.15623567109032338,-36.21619745967065,41.41387576073676,0.07973318547010422,-0.2311658290028572,0.0012810618900012038,0.03695289827458709,-0.29994340575078743,0
36.89,1,2.093782863467705,0.17850140904802175,-37.551705349101844,2.091732125832515,0.15250076809085814,-37.251761943351056,40.903159935329505,0.08004266768693924,-0.2502102380990982,0.001281061890001189,0.03695289827458659,-0.29994340575076867,0
36.99,1,2.098108989355729,0.17510805845551175,-38.82359323303987,2.0960759565506617,0.14913011116159164,-38.5236498272891,39.98605269323867,0.08004266768693924,-0.26739415526390076,0.001281061890001189,0.03695289827458659,-0.29994340575076867,0
37.09,1,2.1019879912706636,0.1719187077054481,-40.08309030544835,2.0999716014881726,0.1459611105961394,-39.783146899697584,39.28790103713933,0.08082779496908188,-0.11739415526390075,0.011455041526459913,0.029225189430138732,-0.09998113525011479,0
37.19,1,2.115365269112912,0.16839553486750586,-40.615628416520494,2.1036641722281053,0.1428414550327492,-40.51564728127038,38.40688366052772,0.08017995953559875,-0.07774999737739563,0.011455041526459913,0.029225189430138732,-0.09998113525011479,0
37.29,1,2.120957056253041,0.1635657072188038,-41.197533341296435,2.1092643788996406,0.1380213924011257,-41.097552206046316,38.072898419798925,0.08023595064878464,-0.06274999737739563,0.011455041526459899,0.029225189430137653,-0.09998113525009245,0
37.39,1,2.1265618319555113,0.1586448252859302,-41.36883480344049,2.1148777330033868,0.13311029828899196,-41.2688536681904,37.81008566351466,0.07727812975645065,-0.009045372903347018,0.011455041526459899,0.029225189430137653,-0.09998113525009245,0
37.49,1,2.1319539242761487,0.15385395117180894,-41.86923172838199,2.1202781771855848,0.12832884066535885,-41.76925059313191,37.579104792945856,0.07727812975645065,-0.0018430971540510654,0.011455041526459899,0.029225189430137653,-0.09998113525009245,0
37.59,1,2.1373717779012233,0.14900106470996552,-41.84176507424974,2.1257044908444898,0.12348541574187155,-41.741783938999646,37.50994784077063,0.08133227378129959,0.02900916337966919,0.011455041526459899,0.029225189430137653,-0.09998113525009245,0
37.69,1,2.143505626047004,0.1435044441741057,-41.81076124758938,2.131847921249379,0.11799950713426535,-41.710780112339286,37.581868566586934,0.08033280819654465,-0.0032416335307061672,0.011455041526459899,0.029225189430137653,-0.09998113525009245,0
37.79,1,2.1494430428883544,0.13818502586697615,-41.93454600521475,2.137794611431176,0.11269045771314458,-41.83456486996466,37.5563826171963,0.07984624058008194,0.07175836646929383,0.011455041526459899,0.029225189430137653,-0.09998113525009245,0
37.89,1,2.1552660406574793,0.13295932591140672,-41.85131323292737,2.1436267191765106,0.10747492683971695,-41.751332097677285,37.58015366371337,0.07984624058008194,0.10312923043966293,0.011455041526459899,0.029225189430137653,-0.09998113525009245,0
37.99,1,2.160365686122493,0.12842242232591952,-41.37762927078912,2.1487342737699917,0.10294692903854061,-41.27764813553903,38.00018295911214,0.07991290837526321,0.22312923043966293,0.011455041526459899,0.029225189430137653,-0.09998113525009245,0
38.09,1,2.1650352923410936,0.12435221101613214,-40.71739093310906,2.1534109753941912,0.09888487238441533,-40.61740979785897,38.38896796769439,0.07990015298128128,0.2359602451324463,0.011455041526459899,0.029225189430137653,-0.09998113525009245,0
38.19,1,2.1689716618757973,0.1209960990860649,-40.11123548158495,2.15735319534807,0.09553563452542117,-40.01125434633485,39.23866792535012,0.08003751188516617,0.2197209745645523,0.011455041526459899,0.029225189430137653,-0.09998113525009245,0
38.29,1,2.173230935213659,0.11745083064439812,-39.4581214570589,2.1616186486914275,0.0919978039096711,-39.35814032180881,39.8262044866844,0.08003151416778564,0.19936224818229675,-0.008107960832851327,0.06885805944221059,-1.0997924877533742,0
38.39,1,2.1591357343774065,0.11575528796609758,-39.90659269189113,2.1659443121158177,0.08848627738227424,-38.80680020413775,40.61077198991885,0.08016669750213623,0.17796653509140015,-0.008107960832851327,0.06885805944221059,-1.0997924877533742,0
38.49,1,2.1635025755995008,0.1121388526294629,-39.355743945790124,2.170379762099177,0.08495432462945324,-38.25595145803674,41.13291490386996,0.08016669750213623,0.17796653509140015,-0.008107960832851327,0.06885805944221059,-1.0997924877533742,0
38.59,1,2.1678140636735703,0.10863214780868377,-38.86733438147092,2.174757762983665,0.08153101973968122,-37.76754189371754,41.95309618963321,0.08002232760190964,0.1816447377204895,-0.008107960832851742,0.06885805944221121,-1.0997924877533898,0
38.69,1,2.172443667527073,0.10492426801235633,-38.5003380934519,2.179457682361351,0.07791268279190576,-37.40054560569851,42.43935749031142,0.08002232760190964,0.1816447377204895,-0.008107960832851742,0.06885805944221121,-1.0997924877533898,0
38.79,1,2.177137835421217,0.1012174861603378,-38.07633573650548,2.18422213281205,0.0742966828168359,-36.97654324875209,43.160802001146976,0.07999549061059952,0.17901930212974548,-0.008107960832851742,0.06885805944221121,-1.0997924877533898,0
38.89,1,2.181608967360167,0.09774614860983066,-37.594419283261345,2.1887590693190226,0.07091180285784886,-36.49462679550796,43.70559084163786,0.08029293268918991,0.15656350553035736,-0.008107960832851742,0.06885805944221121,-1.0997924877533898,0
38.99,1,2.1862609552023087,0.09418703765741646,-37.22719917377143,2.193478513119202,0.06744263698231259,-36.127406686018055,44.44996505309441,0.08029293268918991,0.15656350553035736,-0.008311046160060797,0.06080699115429938,-0.8998302172527222,0
39.09,1,2.1908482809702847,0.09012681794551733,-36.60816181104568,2.1984276757007684,0.06385258851743675,-35.708331593792956,44.90610634207468,0.08042851835489273,0.14978177845478058,-0.008311046160060797,0.06080699115429938,-0.8998302172527222,0
39.19,1,2.1956679264688312,0.08657037000945304,-36.19313866327655,2.2033025785547458,0.06037226858704591,-35.29330844602383,45.658611190475185,0.08073781430721283,0.14288072288036346,-0.008311046160060797,0.06080699115429938,-0.8998302172527222,0
39.29,1,2.200655365980882,0.08294706315280864,-35.83041264858978,2.20834630470589,0.056827733077838255,-34.93058243133706,46.12306769531483,0.08114802092313766,0.1261092871427536,-0.008311046160060797,0.06080699115429938,-0.8998302172527222,0
39.39,1,2.2054501232081116,0.07951521730678972,-35.40559305623194,2.2131943655624147,0.053471609017207815,-34.50576283897921,46.78205003139668,0.0816831886768341,0.09104050695896149,-0.008311046160060797,0.06080699115429938,-0.8998302172527222,0
39.49,1,2.2106710181220763,0.07582777596546553,-35.027857841435285,2.2184725255162023,0.04986661319881818,-34.128027624182565,47.19332030459017,0.08074171841144562,0.09138727933168411,-0.008311046160060797,0.06080699115429938,-0.8998302172527222,0
39.59,1,2.216138988647885,0.07201546966727061,-34.649999195785426,2.223999691535763,0.046140647985000685,-33.750168978532706,47.72718335092556,0.08064794540405273,0.0841657817363739,-0.008311046160060797,0.06080699115429938,-0.8998302172527222,0
39.69,1,2.2216514891190795,0.06822460483359369,-34.338843845636724,2.229571045284876,0.04243682090556299,-33.439013628384,48.09131675211481,0.07987190783023834,0.07803083956241608,-0.008311046160060797,0.06080699115429938,-0.8998302172527222,0
39.79,1,2.227300891301124,0.06439267443622038,-33.99786629776171,2.2352799287701526,0.0386940832796608,-33.098036080509,48.590756990581276,0.07818455994129181,0.06797981262207031,-0.00831104616006053,0.07080699115429889,-0.8998302172527102,0
39.89,1,2.233032097261148,0.0669622638902376,-33.72089733075094,2.241070778183187,0.034941664156745454,-32.82106711349821,48.912538291272845,0.07818455994129181,0.06797981262207031,-0.00831104616006053,0.07080699115429889,-0.8998302172527102,0
39.99,1,2.2388808073677264,0.06667233141937715,-33.34640423353664,2.246979659793081,0.031156547449007577,-32.44657401628394,49.35551838758761,0.07463860511779785,0.06320041418075562,-0.00831104616006053,0.07080699115429889,-0.8998302172527102,0
40.09,1,2.2447529566628908,0.06282419715461725,-33.02651031531617,2.252911517393362,0.027401106053603675,-32.12668009806346,49.65841812287662,0.07159451395273209,0.0452243871986866,-0.00831104616006053,0.07080699115429889,-0.8998302172527102,0
40.19,1,2.250704796418188,0.05897608300225975,-32.706998266556305,2.258923055310418,0.023646936255350866,-31.807168049303588,50.035413519031984,0.0665348470211029,0.04700372740626335,-0.00831104616006053,0.07080699115429889,-0.8998302172527102,0
48.17,2,2.2631975305962175,0.05099419529816897,-32.52015669609322,2.2715425004606495,0.015860331143673554,-31.63061659000685,50.41842984137542,0.0,0.0,-0.00831104616006053,0.07080699115429889,-0.8998302172527102,0
48.27,2,2.263200365973516,0.05099227889973962,-32.54436008943193,2.2715424643890505,0.015860351576202518,-31.644529872179216,50.41842984137542,-0.01,0.022339632734656334,-0.00831104616006053,0.07080699115429889,-0.8998302172527102,0
48.38,2,2.2632003871434687,0.050992264938083565,-32.51157906348535,2.2715424857756528,0.015860337948728688,-31.611748846232636,50.418436409541414,-0.03,0.005545749329030514,-0.00831104616006053,0.07080699115429889,-0.8998302172527102,0
48.48,2,2.2617963701147743,0.051886213145882876,-32.47559854887968,2.2701246030122317,0.016732126732945548,-31.575768331626964,50.508358118837194,-0.05,0.05026546120643616,-0.00831104616006053,0.07080699115429889,-0.8998302172527102,0
48.58,2,2.258625156726122,0.053906255238368506,-32.44997283588285,2.266922057243773,0.01870211785290213,-31.550142618630147,50.566769705975815,-0.04352642968297005,0.11026546120643616,-0.00831104616006053,0.07080699115429889,-0.8998302172527102,0
48.68,2,2.254207462023423,0.05669407161656432,-31.965893963282788,2.2624611264790726,0.02142021339157285,-31.066063746030085,50.85075129584027,-0.05352642968297005,0.18596791982650757,-0.00831104616006053,0.07080699115429889,-0.8998302172527102,0
48.78,2,2.2499673557527387,0.05931178860998783,-31.400683615221986,2.2581804335470306,0.02397101943396906,-30.500853397969276,51.24134997931503,-0.057629507035017014,0.30596791982650756,-0.00831104616006053,0.07080699115429889,-0.8998302172527102,0
48.88,2,2.246291986110724,0.06151879841664293,-30.59696749717024,2.2544708574910057,0.026120037762573295,-29.69713727991752,52.279817578484206,-0.060327332466840744,0.38,-0.00831104616006053,0.07080699115429889,-0.8998302172527102,0
48.98,2,2.242764941979034,0.06356383372519331,-29.48615854714388,2.250912132358581,0.02810943092430836,-28.586328329891167,53.13428605583434,-0.06056515499949455,0.305,0.0016889538399393969,0.06080699115429875,-0.8998302172527106,0
49.08,2,2.249566997443829,0.0553355141306822,-28.418791441167993,2.247686759100035,0.029830671190075195,-27.51896122391528,54.50790407216389,-0.06044596806168556,0.33547714352607727,-0.008014522155612654,0.06912262912245631,-1.0997924877533736,0
49.18,2,2.2461230467193736,0.057173983608254875,-27.69796976789794,2.244214361110704,0.0316148289230491,-26.79813955064524,55.43570904783019,-0.06018147990107536,0.35077887773513794,-0.008014522155612654,0.06912262912245631,-1.0997924877533736,0
49.29,2,2.2340441949545307,0.05887909146903731,-27.098234058869508,2.2418423013700237,0.03279202374351603,-25.99844157111614,56.784590847152515,-0.0600348599255085,0.27577887773513793,-0.008014522155612654,0.06912262912245631,-1.0997924877533736,0
49.38,2,2.229536677659511,0.06112958032490988,-26.002084576733473,2.2372924189615038,0.03495558153658597,-24.902292088980097,57.703036758456705,-0.059979718178510666,0.33279502153396606,-0.008014522155612026,0.07912262912245575,-1.09979248775336,0
49.48,2,2.2258256051936995,0.07290817255006116,-25.03168797047752,2.233547892162034,0.03666261645067942,-23.931895482724162,58.99547979390087,-0.059975553303956985,0.3015483319759369,-0.008014522155612026,0.07912262912245575,-1.09979248775336,0
49.58,2,2.2221350010471768,0.07460112730194236,-24.12554691892716,2.2298254736215726,0.038284422532759994,-23.025754431173798,59.880721369790564,-0.05998597666621208,0.310474157333374,-0.008014522155612026,0.07912262912245575,-1.09979248775336,0
49.68,2,2.219415942243625,0.0758039747393387,-23.592292455269074,2.227083828479805,0.03943485925481254,-22.49249996751572,61.189202846141306,-0.05999523773789406,0.28210195899009705,-0.008014522155612026,0.07912262912245575,-1.09979248775336,0
49.78,2,2.214543249732297,0.07786750119853274,-22.445598492837767,2.222172426649786,0.041404479985266134,-21.345806005084413,62.06695210391053,-0.05999984219670296,0.30687132477760315,-0.018227383868526004,0.08085900235768631,-0.8998302172527174,0
49.88,2,2.2004348627481667,0.088913643129173,-21.34700663402413,2.2182621460858507,0.04289630570086806,-20.447176416771413,63.36515097023403,-0.06000108644366264,0.32279592752456665,-0.018227383868526004,0.08085900235768631,-0.8998302172527174,0
49.98,2,2.1965907539800953,0.09038200901610237,-20.362724554574136,2.2143954516387407,0.04430412126099863,-19.462894337321416,64.226056437246,-0.06000089272856712,0.3380955755710602,-0.018227383868526004,0.08085900235768631,-0.8998302172527174,0
50.07,2,2.194048856428736,0.09131595672049134,-19.900469096776128,2.211839200510923,0.04519803493002466,-19.000638879523414,65.52350771408994,-0.06000042334198952,0.3383871912956238,-0.018227383868526004,0.08085900235768631,-0.8998302172527174,0
50.18,2,2.1888727618635238,0.09312974370965359,-18.74389775950956,2.2066352599130523,0.04693031101769351,-17.84406754225684,66.41713770313005,-0.06000010296702385,0.3276320993900299,-0.02806572123789624,0.09908104484939628,-1.0997924877533716,0
50.28,2,2.176584143196123,0.10448287892610704,-18.334675381561567,2.2041400456221623,0.047716494475865005,-17.23488289380819,67.78733529529296,-0.0599999763071537,0.320576548576355,-0.02806572123789624,0.09908104484939628,-1.0997924877533716,0
50.38,2,2.1715235537484197,0.10609584773193453,-16.97177599304459,2.1990494293929146,0.04923203409372362,-15.871983505291222,68.6750380041931,-0.05999995395541191,0.24557654857635497,-0.02806572123789585,0.0990810448493951,-1.099792487753351,0
50.47,2,2.167727995158707,0.10722540303628372,-15.974758208384175,2.195232889532111,0.050288530039965924,-14.874965720630824,70.04050598709351,-0.059999968856573105,0.1697301298379898,-0.02806572123789585,0.0990810448493951,-1.099792487753351,0
50.58,2,2.163138666646532,0.10851587455149903,-15.210141304078325,2.1906196373788407,0.05149067707531297,-14.110348816324978,70.87862259391416,-0.0599999837577343,0.10947922617197037,-0.028177574165985753,0.100901480346492,-0.8998302172526872,0
50.68,2,2.1579249546134514,0.11593952158890405,-14.257701511046179,2.1854825123710118,0.05274302571635877,-13.286414410197393,71.95140263079715,-0.05999999865889549,0.15443772077560425,-0.028177574165985753,0.100901480346492,-0.8998302172526872,0
50.77,2,2.152231922289586,0.12069567065206105,-13.386029616895975,2.179829751244791,0.054033672756559195,-12.486199399643287,72.52402494498526,-0.05999999865889549,0.17331063747406006,-0.038090440291651644,0.1090565614889965,-1.0997924877533642,0
50.88,2,2.1398750421427803,0.12227854149369,-12.490378368897108,2.174640363863337,0.055124161486167125,-11.444672612151155,73.50253175883402,-0.05999999865889549,0.14524009823799133,-0.038090440291651644,0.1090565614889965,-1.0997924877533642,0
50.98,2,2.132143605621439,0.1235074042928237,-11.370270678488108,2.169556882070341,0.05610326513905434,-10.270478190734742,74.18434087120316,-0.05999999865889549,0.14446161687374115,-0.038090440291651644,0.1090565614889965,-1.0997924877533642,0
51.08,2,2.1267556087421284,0.12454865992471771,-10.322078226059535,2.1641498920844375,0.05704091270330763,-9.222285738306171,75.16782896597678,-0.05999999865889549,0.14468614757061005,-0.03809044029165191,0.11905656148899596,-1.0997924877533527,0
51.18,2,2.121332145304142,0.12549462708577402,-9.14512013037518,2.15870927102333,0.05788260861181948,-8.045327642621816,75.83124729622226,-0.05999999865889549,0.18259291350841522,-0.03809044029165191,0.11905656148899596,-1.0997924877533527,0
51.29,2,2.117710327637583,0.1360487582513018,-8.235496043217836,2.155077484667503,0.05836712117515972,-7.135703555464482,76.85146045004898,-0.05999999865889549,0.1671326756477356,-0.03809044029165191,0.11905656148899596,-1.0997924877533527,0
51.38,2,2.11071120847584,0.1369290940205643,-6.269239318558897,2.1480627578645524,0.05911295492800055,-5.169446830805546,77.59967954611399,-0.05999999865889549,0.15035763382911682,-0.04809044029165182,0.10905656148899508,-1.0997924877533298,0
51.48,2,2.0954033683520152,0.12744668466177855,-4.895134440944518,2.1427459610000374,0.05952857248471821,-3.7953419531911883,78.69683471572762,-0.05999999865889549,0.13308289647102356,-0.038090440291651984,0.11905656148899503,-1.0997924877533243,0
51.58,2,2.0898893021873333,0.1278576481577544,-3.599383322502352,2.1372250226676597,0.05983362427310031,-2.499590834749024,79.38279129369194,-0.05999999865889549,0.05808289647102356,-0.038090440291651984,0.11905656148899503,-1.0997924877533243,0
51.68,2,2.094207291782024,0.1381623062058709,-2.6642865872770667,2.1315382114408354,0.060029166705295574,-1.564494099523743,80.2646875973357,-0.05999999865889549,0.009687929414212704,-0.04804164483815798,0.11106953850711325,-0.8998302172526533,0
51.78,2,2.0882482487143257,0.13842858050550758,-2.3844797056145324,2.1255751553169326,0.0601810151445875,-1.2846872178612083,80.56754076285866,-0.05999999865889549,0.02353924885392189,-0.04804164483815798,0.11106953850711325,-0.8998302172526533,0
51.88,2,2.072178308021788,0.1380818247123985,-1.9930260070962558,2.1195342747463624,0.06030564058926651,-1.0931957898436024,80.75909340283464,-0.05999999865889549,-0.016638588160276413,-0.04804164483815798,0.11106953850711325,-0.8998302172526533,0
51.98,2,2.06613736219236,0.13827985227895345,-1.8432843014904186,2.1134909639971924,0.06040877458059519,-0.9434540842377654,80.88810809032695,-0.05999999865889549,-0.024162206798791885,-0.04804164483815798,0.11106953850711325,-0.8998302172526533,0
52.08,2,2.0604544316836817,0.13846732417966237,-1.9449349772474052,2.1078057901878897,0.060506976607293914,-1.0451047599947527,80.8703654124267,-0.05999999865889549,-0.0012302529066801071,-0.04804164483815798,0.11106953850711325,-0.8998302172526533,0
52.18,2,2.0544549725357637,0.13867418933549466,-2.001226726188863,2.101803822215418,0.060619598619589515,-1.1013965089362092,80.81762027685498,-0.05999999865889549,0.012503979727625847,-0.04804164483815798,0.11106953850711325,-0.8998302172526533,0
52.27,2,2.0484737309262355,0.13888284155835043,-1.9353902370789713,2.095820041469997,0.06073429357320505,-1.0355600198263182,80.84925234812314,-0.05999999865889549,0.020972469821572304,-0.04804164483815798,0.11106953850711325,-0.8998302172526533,0
52.38,2,2.0442807337756927,0.13901840593102893,-1.7905723078798141,2.0916254324530086,0.06080399291466298,-0.8907420906271611,80.92393132474413,-0.05999999865889549,-0.013436887413263321,-0.04804164483815798,0.11106953850711325,-0.8998302172526533,0
52.48,2,2.0364650287644666,0.13924752993380413,-1.6092796541260785,2.0838070930376227,0.06091034806018675,-0.7094494368734249,81.05944671852767,-0.05999999865889549,0.011969761922955513,-0.04804164483815798,0.11106953850711325,-0.8998302172526533,0
52.58,2,2.0304500383091555,0.13941645995773896,-1.5368621736532593,2.07779019141985,0.06098479570962669,-0.637031956400606,81.07184973104391,-0.05999999865889549,0.017488710582256317,-0.04804164483815798,0.11106953850711325,-0.8998302172526533,0
52.68,2,2.0244527134109207,0.1395708844087513,-1.382176905279743,2.071791180981277,0.06104501700115472,-0.48234668802708935,81.16801008287165,-0.05999999865889549,0.05757711082696915,-0.04804164483815798,0.11106953850711325,-0.8998302172526533,0
52.78,2,2.0184588638136303,0.13970392857431668,-1.0994931543687911,2.065795981178651,0.06108391522123124,-0.1996629371161375,81.27091733763758,-0.05999999865889549,-0.006706267595291138,-0.04804164483815798,0.11106953850711325,-0.8998302172526533,0
52.88,2,2.012402609709633,0.1397980672390208,-0.7959513654922885,2.059738995550877,0.061082932715820826,0.10387885176036499,81.57662740513729,-0.05999999865889549,-0.06670626759529114,-0.04804164483815798,0.11106953850711325,-0.8998302172526533,0
52.98,2,2.006344544750873,0.1398818039417354,-0.8931933293203025,2.0536803626477544,0.06107152109289603,0.006636887932351082,81.57879255843152,-0.05999999865889549,-0.05804651975631714,-0.04804164483815798,0.11106953850711325,-0.8998302172526533,0
53.08,2,2.0004251963777167,0.14002136257180073,-1.648270771873625,2.0477595525762395,0.06111810296773007,-0.7484405546209714,81.15187622145422,-0.05999999865889549,-0.06188298016786575,-0.04804164483815798,0.11106953850711325,-0.8998302172526533,0
53.18,2,1.9945076079357356,0.1402057330354648,-2.005594061205278,2.0418397984779473,0.061209518788506646,-1.1057638439526247,80.89894925245338,-0.05999999865889549,-0.013313457369804382,-0.04804164483815798,0.11106953850711325,-0.8998302172526533,0
53.28,2,1.9885358627361867,0.1404345602087002,-2.359596635901537,2.035865196136828,0.06134453533949516,-1.4597664186488828,80.58947046204213,-0.05999999865889549,0.003984863869845867,-0.03794586618652314,0.10341639383882084,-0.6998679467520014,0
53.38,2,1.9825102769741134,0.14068127338027792,-2.2595588387500456,2.0298364789847985,0.06149659015183168,-1.3597286214973918,80.54084416092216,-0.05999999865889549,-0.05733191594481468,-0.03794586618652314,0.10341639383882084,-0.6998679467520014,0
53.48,2,1.986505659648501,0.14033845659017835,-2.308335507986976,2.023849505546789,0.06164736873207315,-1.608467561234976,80.51023303180466,-0.05999999865889549,-0.09068761020898819,-0.03794586618652314,0.10341639383882084,-0.6998679467520014,0
53.58,2,1.9804712519551457,0.14058825892735557,-2.569468447247986,2.017812496773763,0.06182344397646794,-1.8696005004959846,80.28787141865752,-0.05999999865889549,-0.08782500773668289,-0.03794586618652314,0.10341639383882084,-0.6998679467520014,0
53.68,2,1.9745476896461875,0.1408919082546899,-3.2080480898856143,2.0118856673911982,0.06205471613661706,-2.508180143133612,79.76102672412611,-0.05999999865889549,-0.08420480787754059,-0.03794586618652314,0.10341639383882084,-0.6998679467520014,0
53.77,2,1.9686247505540084,0.14124939600001102,-3.761406294855125,2.0059588035589964,0.062339830310693053,-3.061538348103123,79.40802870203815,-0.05999999865889549,-0.08205907046794891,-0.03794586618652314,0.10341639383882084,-0.6998679467520014,0
53.87,2,1.9626854396232072,0.14166269469439546,-4.324450098655678,2.0000148873957575,0.0626805512931779,-3.624582151903678,78.89622872377491,-0.05999999865889549,-0.053945232182741165,-0.03794586618652314,0.10341639383882084,-0.6998679467520014,0
53.98,2,1.9568089212236244,0.14212926669736503,-4.647487554617788,1.9941331083619953,0.06307530860163786,-3.9476196078657875,78.56484280512868,-0.05999999865889549,-0.01940912939608097,-0.03794586618652314,0.10341639383882084,-0.6998679467520014,0
54.08,2,1.9509070427804833,0.1426209397121433,-4.850202628925582,1.9882256645753544,0.06349485528408737,-4.150334682173582,78.26158423231479,-0.05999999865889549,0.032359130680561066,-0.03794586618652314,0.10341639383882084,-0.6998679467520014,0
54.18,2,1.9449996721123968,0.14312532616490267,-4.849026465121678,1.9823125736827172,0.06392704737020834,-4.149158518369678,78.1931241508297,-0.05999999865889549,0.054965272545814514,-0.03794586618652314,0.10341639383882084,-0.6998679467520014,0
54.28,2,1.938919306501812,0.14363197476830936,-4.655548379437536,1.9762264731218993,0.06435938835754103,-3.955680432685535,78.37524345199688,-0.05999999865889549,0.09198521077632904,-0.03794586618652343,0.10341639383881954,-0.6998679467519682,0
54.38,2,1.932908511606778,0.1441107004710963,-4.46556515161924,1.9702102791562541,0.06476465831252219,-3.7656972048672377,78.60135309787636,-0.05999999865889549,0.12271279841661453,-0.03794586618652343,0.10341639383881954,-0.6998679467519682,0
54.47,2,1.926882493265155,0.14455951115252724,-3.865865143517854,1.9641792282826218,0.06513982952809569,-3.165997196765885,79.1468591627081,-0.05999999865889549,0.1469706892967224,-0.03794586618652343,0.10341639383881954,-0.6998679467519682,0
54.58,2,1.9210289072028175,0.14492621893706328,-3.289997005828524,1.9583215996863956,0.0654350101797446,-2.590129059076556,79.6195091441468,-0.05999999865889549,0.18652598559856415,-0.03794586618652343,0.10341639383881954,-0.6998679467519682,0
54.68,2,1.9155274437393857,0.14521617694323927,-2.7582296202301557,1.9528170048951896,0.06565774784932059,-2.0583616734781867,80.43923539490231,-0.05999999865889549,0.2282198667526245,-0.04812694814487325,0.11813947426913231,-1.0997924877532939,0
54.78,2,1.910264682213774,0.145439208588577,-2.0050917058432103,1.947551911719286,0.06581647982257426,-1.3052237590912426,81.02392071214743,-0.05999999865889549,0.2882198667526245,-0.04812694814487325,0.11813947426913231,-1.0997924877532939,0
54.88,2,1.8956662396179222,0.14673566793430692,-1.7862421560843054,1.942886235146112,0.0658997448018773,-0.6864496683310112,82.04091235598385,-0.05999999865889549,0.3300286829471588,-0.04812694814487325,0.11813947426913231,-1.0997924877532939,0
54.98,2,1.8913425707755178,0.14684620750063268,-1.1417080000866466,1.938561241126192,0.0659272762776857,-0.041915512333353076,82.84596436671565,-0.05999999865889549,0.354725182056427,-0.048029712096773224,0.12082800783491758,-0.899830217252651,0
55.07,2,1.8874821300986353,0.14689944435146876,-0.5019732850417195,1.934700489794744,0.06590640671284434,0.5978192027115744,84.12030412002183,-0.05999999865889549,0.3668142557144165,-0.048029712096773224,0.12082800783491758,-0.899830217252651,0
55.18,2,1.8835617307697115,0.15633924994858714,0.438804361299366,1.9307955559894874,0.06584125942544992,1.3386345785520173,84.9964349556736,-0.05999999865889549,0.3668181598186493,-0.048029712096773224,0.12082800783491758,-0.899830217252651,0
55.28,2,1.8797075347359535,0.15629430880657458,1.040418399889783,1.9269425410305745,0.06573579616514562,1.9402486171424338,86.36771000346349,-0.05999999865889549,0.36440232396125793,-0.058029712096773295,0.1208280078349166,-0.8998302172526234,0
55.38,2,1.8759424993381137,0.1562100731612879,1.6623572584779656,1.9231792928070086,0.0655924434576296,2.5621874757306173,87.3031042802861,-0.05999999865889549,0.36525076627731323,-0.058029712096773295,0.1208280078349166,-0.8998302172526234,0
55.48,2,1.862214118619187,0.15608364088364535,2.227432766881065,1.9194533574129347,0.06540747495955612,3.127262984133689,88.71575160522934,-0.05999999865889549,0.3674357235431671,-0.058029712096773295,0.1208280078349166,-0.8998302172526234,0
55.58,2,1.8609422921423204,0.15603196601596078,2.4750271858700503,1.9181824992993888,0.06533583325072684,3.3748574031226735,89.65615770859881,-0.05999999865889549,0.3674357235431671,-0.058029712096773295,0.1208280078349166,-0.8998302172526234,0
55.68,2,1.8549968058486328,0.1557188677085679,3.693568242578432,1.9122426632156682,0.06492940353103123,4.593398459831057,91.075987537184,-0.05999999865889549,0.37842294573783875,-0.06816243786582979,0.11805637070771181,-1.0997924877532685,0
55.78,2,1.8438467607099014,0.14833201285658448,4.378608672453316,1.9086725199517867,0.06461977877660198,5.429607998717675,92.03797740679788,-0.05999999865889549,0.38,-0.06816243786582979,0.11805637070771181,-1.0997924877532685,0
55.88,2,1.837845126621988,0.1457374129605405,5.186233386954558,1.9051251379292071,0.0642595114765566,6.286025874707824,93.50513285079396,-0.05999999865889549,0.375862181186676,-0.06816243786582979,0.11805637070771181,-1.0997924877532685,0
55.98,2,1.8342428238065318,0.1453831221693474,6.009187247402002,1.9015302989181864,0.06383614399574009,7.108979735155267,94.50149567259585,-0.05999999865889549,0.37779054045677185,-0.07816243786583024,0.1280563707077104,-1.0997924877532317,0
56.08,2,1.8307915976751903,0.14498831023504272,6.886969806418761,1.8980872865157619,0.06337516257542708,7.986762294172029,95.98167656574842,-0.05999999865889549,0.37911590933799744,-0.07816243786583024,0.1280563707077104,-1.0997924877532317,0
56.18,2,1.8172213348591246,0.15453495412181598,7.649399155977347,1.894526383043864,0.0628533629922505,8.749191643730576,96.97811962540727,-0.05999999865889549,0.3798961639404297,-0.07816243786583024,0.1280563707077104,-1.0997924877532317,0
56.28,2,1.8136936818894052,0.15403782229424712,8.577238267818244,1.891008921792034,0.06228861360479791,9.677030755571474,98.45700010515675,-0.05999999865889549,0.38,-0.07816243786583024,0.1280563707077104,-1.0997924877532317,0
56.38,2,1.8101192986055616,0.15347874526717198,9.308760479877158,1.8874459277997513,0.06166103349598349,10.408552967630394,99.46247020760813,-0.05999999865889549,0.3718188405036926,-0.09832091785735787,0.1251803233961855,-1.2997547582538989,0
56.48,2,1.806675389912064,0.15288675520907846,10.152177864731378,1.8840140160888355,0.061003050725305805,11.25197035248461,100.97259751945909,-0.05653991922736168,0.3312113583087921,-0.09832091785735787,0.1251803233961855,-1.2997547582538989,0
56.58,2,1.7831258036615143,0.14279442087838023,10.859784291158913,1.880563095827935,0.06028652381982132,12.159539049412814,101.96694951257423,-0.04944683983922005,0.26384595036506653,-0.09832091785735787,0.1251803233961855,-1.2997547582538989,0
56.68,2,1.7795800453980408,0.14208438648898553,11.820953402360063,1.8770343556139726,0.05949624349014171,13.120708160613965,103.45174900848683,-0.05729534849524498,0.28706037998199463,-0.09832091785735787,0.1251803233961855,-1.2997547582538989,0
56.78,2,1.7759909871863744,0.14131175061735515,12.694437733917171,1.8734637465854427,0.0586423956101055,13.994192492171072,104.41821900753716,-0.054177891463041306,0.242277592420578,-0.10832091785735784,0.13518032339618488,-1.299754758253877,0
56.88,2,1.7722299379822497,0.14044589973835186,13.375850211971024,1.8697233052177158,0.057691455425281236,14.675604970224922,105.85969582740803,-0.05748867616057396,0.2707851231098175,-0.10832091785735784,0.13518032339618488,-1.299754758253877,0
56.98,2,1.7581307471321028,0.14944621734570274,14.103085256913317,1.8656478449131448,0.056599048075449035,15.402840015167195,106.73797667538382,-0.05928796902298927,0.286603182554245,-0.10832091785735784,0.13518032339618488,-1.299754758253877,0
57.08,2,1.7540100712817344,0.1483777958663362,14.889521488841103,1.8615524643487482,0.055437431979596344,16.18927624709498,108.04534345304315,-0.06009383127093315,0.3101963698863983,-0.10832091785735784,0.13518032339618488,-1.299754758253877,0
57.18,2,1.7500294069221933,0.14728986021285978,15.703812346673582,1.8575975018921944,0.05425948261876825,17.00356710492746,108.89865274629557,-0.05980103835463524,0.33285027742385864,-0.11812560426295599,0.13817257804795846,-1.0997924877532284,0
57.28,2,1.7459226388290339,0.14610674492925696,16.533521492736046,1.8535186271124309,0.052983517699071926,17.83327625098992,110.22835488953176,-0.05901409313082695,0.34310534596443176,-0.11812560426295599,0.13817257804795846,-1.0997924877532284,0
57.38,2,1.732143427692335,0.1543691887064091,17.45336104758954,1.8496173035852157,0.051707360092608276,18.553153535342755,111.12743354318448,-0.052392616868019104,0.30235007405281067,-0.11812560426295599,0.13817257804795846,-1.0997924877532284,0
57.48,2,1.7282411160983806,0.15310951385708102,18.324558878329807,1.8457398888426362,0.05037301702713819,19.424351366083034,112.50262519072632,-0.05647866055369377,0.32915350794792175,-0.11812560426295599,0.13817257804795846,-1.0997924877532284,0
57.58,2,1.7243498903891157,0.15178293220702524,19.21988374956575,1.8418748421396995,0.048971992266890876,20.31967623731897,113.44937232311112,-0.05747845396399498,0.33531197905540466,-0.13812560426295653,0.1381725780479591,-1.09979248775325,0
57.68,2,1.7206184835701674,0.15044744540295832,20.13924359092989,1.8381697558094408,0.047565131528345586,21.23903607868312,114.86367060736713,-0.05816342309117317,0.34888672828674316,-0.13812560426295653,0.1381725780479591,-1.09979248775325,0
57.78,2,1.6969646654321293,0.14907864203650242,21.023654130629986,1.8345428833389783,0.04612644958820963,22.12344661838323,115.80971235776533,-0.06045221537351608,0.37412700057029724,-0.13812560426295653,0.1381725780479591,-1.09979248775325,0
57.88,2,1.6933946515308882,0.14767991495624147,21.955905278525474,1.8310003740174483,0.0446594579703108,23.055697766278723,117.23231164793569,-0.06086393818259239,0.38,-0.13812560426295653,0.1381725780479591,-1.09979248775325,0
57.97,2,1.6898596822392917,0.14622253404301058,22.89960827001918,1.8274940286408912,0.04313449596452956,23.999400757772435,118.21084853015391,-0.060432855039834976,0.38,-0.14812560426295648,0.138172578047958,-1.099792487753224,0
58.08,2,1.6864839610879416,0.14475969045478335,23.899544747259466,1.8241470069177579,0.04160712887042248,24.99933723501271,119.69988715832486,-0.06230133771896362,0.38,-0.14812560426295648,0.138172578047958,-1.099792487753224,0
58.18,2,1.6731569955388834,0.14324558485852196,25.03231421081195,1.8208497157290602,0.04002944501800188,26.132106698565188,120.69849672580082,-0.061052218079566956,0.38,-0.15787514402453504,0.14132258944453405,-0.8998302172525517,0
58.28,2,1.669989658370095,0.14173772223961043,26.042762335960315,1.8177119036875635,0.03846106687146436,27.14255482371353,122.19619349637796,-0.06276045739650726,0.38,-0.15787514402453504,0.14132258944453405,-0.8998302172525517,0
58.38,2,1.6568740878557808,0.14953266766249912,27.796360379562405,1.814396501252625,0.03670853084466635,28.69619059681496,123.22348284239038,-0.062420107424259186,0.37991636991500854,-0.16813405008372434,0.13813905616022368,-1.0997924877532474,0
58.48,2,1.653738368198005,0.14785532679639096,28.572684942977023,1.81128750985029,0.03498215237703968,29.47251516022957,124.7236530915133,-0.0631255954504013,0.37989768385887146,-0.16813405008372434,0.13813905616022368,-1.0997924877532474,0
58.58,2,1.6402260652576364,0.13655029594112303,29.378631022715933,1.8080574765933024,0.03312087335068655,30.478423510469177,125.7282143298152,-0.0638536736369133,0.3799417316913605,-0.15813405008372447,0.14813905616022396,-1.099792487753262,0
58.68,2,1.6369586312543258,0.13466596166930817,30.44535451605456,1.8048268120865862,0.03117417166348072,31.54514700380781,127.23802300633224,-0.06235508620738983,0.37998029589653015,-0.15813405008372447,0.14813905616022396,-1.099792487753262,0
58.78,2,1.6437733737625317,0.1427616611441032,31.332649310706874,1.801678692181664,0.029209084682312057,32.43244179846014,128.20745810411827,-0.05588357895612717,0.37999939918518066,-0.15813405008372453,0.14813905616022555,-1.0997924877533092,0
58.88,2,1.6406086572184084,0.14079566231298993,32.52053359981515,1.7985522936666511,0.027182705020474204,33.62032608756841,129.70467816668597,-0.0637190043926239,0.38,-0.15813405008372453,0.14813905616022555,-1.0997924877533092,0
58.98,2,1.6376861934177884,0.13890273391288285,33.39796143118803,1.7956667007669445,0.025234032084594783,34.49775391894135,130.73895809780885,-0.05745590105652809,0.38,-0.16786288974775396,0.1314175219511244,-0.8998302172526603,0
59.08,2,1.6346767905493294,0.13688627374862508,34.44973477939266,1.7926965558617762,0.02316018144845166,35.54952726714597,132.23723336701462,-0.060409605503082275,0.38,-0.16786288974775396,0.1314175219511244,-0.8998302172526603,0
59.18,2,1.6221738268524457,0.12443224547260319,35.992534780772615,1.789925666779585,0.02112695595587587,36.89236499802528,133.288418881181,-0.05388304591178894,0.38,-0.16786288974775396,0.1314175219511244,-0.8998302172526603,0
59.28,2,1.619270100298891,0.12227897956738282,37.21592936546411,1.7870561139673415,0.018928354442607362,38.11575958271677,134.838600553114,-0.050505492836236954,0.37999987602233887,-0.1878628897477535,0.13141752195112413,-0.8998302172526566,0
59.38,2,1.601344302891018,0.1202300029066895,38.47311745891127,1.7844439951223956,0.016838098369391177,39.372947676163925,135.90345488658662,-0.035505492836236954,0.3799997866153717,-0.17814029819145055,0.13807461197993207,-1.0997924877533527,0
59.48,2,1.5942061034438901,0.11826612757207496,39.714534631848615,1.7820557608593102,0.014836470514792366,40.61436484910128,137.56018803446145,-0.03215695545077324,0.37999987602233887,-0.17814029819145055,0.13807461197993207,-1.0997924877533527,0
59.58,2,1.6018627074276703,0.11699757589772228,40.995495344374596,1.7800796452554666,0.013091906289271182,42.095287832127944,138.78746207726593,-0.017261741682887077,0.37999993562698364,-0.18814029819145078,0.13807461197993318,-1.099792487753386,0
59.68,2,1.6003105036795855,0.11561724982286459,42.30847777288906,1.7785542211838146,0.01168204177445967,43.4082702606424,140.71894826472874,-0.019575193524360657,0.37999996542930603,-0.18814029819145078,0.13807461197993318,-1.099792487753386,0
59.78,2,1.5890635067047314,0.11443713263473207,44.46919369281386,1.7773301048871097,0.010478207348484708,45.568986180567244,142.16577450160287,-0.004575193524360657,0.38,-0.18840956815474016,0.15467063201482428,-1.2997547582540905,0
59.88,2,1.588161608311534,0.11352225906913727,46.35838862195715,1.7764459325598771,0.009546191442808903,47.458181109710516,144.35659665081874,-0.0029976037330925465,0.3799999952316284,-0.18840956815474016,0.15467063201482428,-1.2997547582540905,0
59.98,2,1.5874886772270824,0.12358588783711558,47.62959870425911,1.7761464151105146,0.00920605023328002,48.929353462513205,145.97899527796812,-0.0009518209844827652,0.3799999952316284,-0.19840956815474,0.14467063201482552,-1.2997547582541316,0
60.08,2,1.5872905212769914,0.12336448835120853,49.26315980292749,1.7759533321612597,0.008980212929843696,50.562914561181564,148.5181443031768,-0.004436556249856949,0.3799999952316284,-0.19840956815474,0.14467063201482552,-1.2997547582541316,0
60.18,2,1.577154814976312,0.113203837194098,50.96247311996262,1.775821304835876,0.008816524873843783,52.26222787821673,150.25786085325763,0.002496672561392188,0.3799999952316284,-0.2081031170215609,0.13813067696730078,-1.0997924877534475,0
60.28,2,1.5770315807422026,0.11305035848823872,52.86845552813384,1.7757015836749777,0.008660290328233894,54.16821028638797,152.76247989234614,-0.0030999560840427876,0.3799999952316284,-0.2081031170215609,0.13813067696730078,-1.0997924877534475,0
60.38,2,1.5674495371788781,0.11272383836264721,55.77781859368256,1.7757132191290659,0.008677482146103045,56.87761108143601,154.4909971073535,-0.0025687823072075844,0.3799999952316284,-0.2187352071182431,0.14115427571038364,-1.4997170287547608,0
60.48,2,1.5672984581102334,0.11249913467493733,58.51819977629591,1.7755664808143852,0.00844992006829214,59.61799226404935,157.07931215045846,-0.012542041018605232,0.3799999952316284,-0.2187352071182431,0.14115427571038364,-1.4997170287547608,0
60.58,2,1.5562254030581397,0.1027677278368391,60.70422630470503,1.7753572581166994,0.008080890280109578,62.203943333459776,158.7948622540603,-0.0030494732782244682,0.3799999952316284,-0.21873520711824337,0.1311542757103849,-1.4997170287547967,0
60.68,2,1.5558285580345208,0.10204251630389741,62.67515581477782,1.7749795292750359,0.007345540932888807,64.17487284353255,161.19855704878313,-0.004639916587620974,0.3799999952316284,-0.21873520711824337,0.1311542757103849,-1.4997170287547967,0
60.77,2,1.5556313666786845,0.09164126861942617,64.98574483712822,1.7747929069251616,0.006939269799730784,66.485461865883,162.8727876984648,-0.0008124553132802248,0.3799999952316284,-0.20873520711824295,0.16115427571038604,-1.4997170287548418,0
60.88,2,1.5554859759430524,0.09131546948604344,67.26214323109437,1.774656092811083,0.006609777099493727,68.76186025984917,165.38912463551355,-0.009166307747364044,0.3799999952316284,-0.20873520711824295,0.16115427571038604,-1.4997170287548418,0
60.98,2,1.5653768525878957,0.12104123341466817,69.66660679778123,1.7745541841452046,0.006332778988845142,71.16632382653607,167.09035962992684,-0.013474534265697002,0.3799999952316284,-0.20907584396343007,0.17754763098104465,-1.6996792992554701,0
61.08,2,1.5650351749964537,0.12008149776740445,72.15585208781116,1.7742377418060997,0.0053644297051959455,73.65556911656599,169.49343802169273,-0.006674604956060648,0.3799999952316284,-0.20907584396343007,0.17754763098104465,-1.6996792992554701,0
61.18,2,1.5642211223001552,0.12924601380171094,74.25637070573868,1.773949419303501,0.004316773626780679,75.95605000499414,171.04157043374448,-0.006238732021301985,0.3799999952316284,-0.20907584396343024,0.17754763098104537,-1.6996792992554888,0
61.28,2,1.5640714522193597,0.12865560311402807,76.61197732336485,1.773817327037956,0.0037221833925868775,78.31165662262029,173.48215984865405,0.006064803805202246,0.3799999952316284,-0.20907584396343024,0.17754763098104537,-1.6996792992554888,0
61.38,2,1.5639961310808983,0.12830370501484017,79.03036364763415,1.7737524765649222,0.0033682060454888287,80.73004294688963,175.13226560491734,0.003556792624294758,0.3799999952316284,-0.20941076394388866,0.1838558847122358,-1.8996415697561946,0
61.48,2,1.5640882730030874,0.12878592382409257,81.40651166382567,1.7738302750241053,0.0038529456803137237,83.10619096308113,177.61341380456741,0.0015731549356132746,0.3799999952316284,-0.20941076394388866,0.1838558847122358,-1.8996415697561946,0
61.58,2,1.563607083851989,0.12918364842202426,83.64649244242463,1.7738557644754518,0.0041314477981079225,85.54613401218083,179.30787463660815,0.0056388298980891705,0.3799999952316284,-0.2094107639438876,0.17385588471223848,-1.8996415697562896,0
61.68,2,1.5636345138150638,0.12949825291259304,86.10945804742121,1.7738727505626695,0.004446788663206872,88.00909961717743,-178.12257713846222,0.0064511168748140335,0.3799999952316284,-0.2094107639438876,0.17385588471223848,-1.8996415697562896,0
61.78,2,1.563656537872211,0.11998509269460109,88.53778379336038,1.773878624299981,0.004934090963272298,90.43742536311666,-176.45347057383805,0.0064511168748140335,0.3799999952316284,-0.20905971531660886,0.1676374610953494,-1.6996792992556673,0
61.88,2,1.5636606158753232,0.12062875692722724,91.00790511210096,1.773861363283877,0.005577536634478993,92.90754668185723,-173.99146055809229,0.026451116874814037,0.38,-0.20905971531660886,0.1676374610953494,-1.6996792992556673,0
61.98,2,1.5641439189464086,0.1219360480570073,93.18034364010202,1.773779004623531,0.006913065458228406,94.88002293935769,-172.47600616633406,0.04220927134156227,0.38,-0.2090597153166091,0.1676374610953493,-1.6996792992556653,0
62.08,2,1.5639779321083715,0.12444053684692237,94.89239522123125,1.7735388060517774,0.009411529061193098,96.59207452048693,-170.53552187688027,0.02720927134156227,0.38,-0.2090597153166091,0.1676374610953493,-1.6996792992556653,0
62.18,2,1.5637233117516414,0.12695830813464143,96.59051369652356,1.7732096189902522,0.01192064039029917,98.2901929957792,-169.31596259702044,0.018090197816491127,0.38,-0.19866968064725737,0.17149888455184792,-1.4997170287550792,0
62.28,2,1.5634879025281734,0.1286057250751188,99.011610337898,1.7729254498846219,0.013560350119998597,100.71128963715363,-167.28805290329524,0.013222204521298409,0.38,-0.19866968064725737,0.17149888455184792,-1.4997170287550792,0
62.38,2,1.5737470302662628,0.14006062274529585,101.21855980851169,1.7726323796348238,0.014960217281168699,102.71827683726674,-165.83524405725592,0.011399921961128712,0.38,-0.19780859037768306,0.14930280212589914,-1.0997924877537952,0
62.48,2,1.5735087432339006,0.1411348541011092,103.49759120159976,1.7723660594315753,0.016027844212707257,104.99730823035489,-163.58604902086137,0.009522276930510998,0.37301576137542725,-0.1978085903776822,0.14930280212589753,-1.0997924877537166,0
62.58,2,1.5742810141566026,0.13226669708895578,106.19061956844818,1.7720901410560224,0.016980204514618274,107.29041205620203,-162.02789291376666,0.019522276930511,0.34592148661613464,-0.1978085903776822,0.14930280212589753,-1.0997924877537166,0
62.67,2,1.5740988423977351,0.13285967377640462,107.72930946723203,1.7718966213679648,0.017569575392690946,108.82910195498575,-159.71262109872836,0.02101282961666584,0.3715684711933136,-0.1978085903776822,0.14930280212589753,-1.0997924877537166,0
62.78,2,1.5732701211534839,0.13531803433482206,110.04872982373023,1.7710208674561414,0.020011576748501892,111.14852231148394,-158.37353561312906,0.01612812839448452,0.3744429349899292,-0.19780859037768245,0.14930280212589847,-1.0997924877537872,0
62.88,2,1.5726860136471448,0.1368150300749875,112.22106963094896,1.7704081344844111,0.021497085459478284,113.32086211870265,-156.2894135825041,0.01901843771338463,0.38,-0.19780859037768161,0.1493028021258944,-1.0997924877536147,0
62.98,2,1.5720663394346093,0.13826318214898733,114.23952371785994,1.769760778855124,0.022933076841189094,115.33931620561374,-154.83574290110775,0.004018437713384629,0.38,-0.19780859037768161,0.1493028021258944,-1.0997924877536147,0
63.08,2,1.5715513609494514,0.1393436013664262,116.36470313662733,1.769225157865072,0.02400341262055957,117.46449562438099,-152.62338974294283,0.01287328939884901,0.32439568638801575,-0.1978085903776832,0.14930280212589594,-1.0997924877536827,0
63.18,2,1.5712199876361397,0.13997211377344101,118.72998894868819,1.768881782041985,0.02462544892389426,119.82978143644176,-150.9921492076064,0.01674092374742031,0.33459535241127014,-0.19823712945514774,0.15523777494609745,-1.2997547582544053,0
63.28,2,1.570573479644994,0.14112180108785222,120.50297721946713,1.7682133262566224,0.02576251548595102,121.60276970722084,-148.70569160639766,0.007080011069774628,0.3493318259716034,-0.19823712945514774,0.15523777494609745,-1.2997547582544053,0
63.38,2,1.569368058228712,0.14209965488338816,122.30561054930723,1.7674484069119754,0.02695994491825869,123.60536530756164,-147.25965907263716,0.0026191244833171368,0.34625476598739624,-0.19781982316579394,0.15933779398304676,-1.0997924877538252,0
63.47,2,1.5690674819216888,0.14254213908645177,124.42423745048603,1.7671378710480572,0.027395497284255225,125.72399220874044,-144.91392417184267,0.008226266130805016,0.38,-0.19781982316579394,0.15933779398304676,-1.0997924877538252,0
63.58,2,1.56932179176302,0.1530814439191889,126.56493267732144,1.766936158270504,0.027663002830706458,127.66472516507524,-143.32369433205844,0.005475950427353382,0.37666139006614685,-0.2073966771264399,0.14347342165485721,-0.8998302172532247,0
63.68,2,1.5689128595452406,0.15362061760573473,128.52830302427085,1.766516952582159,0.02819422821965221,129.6280955120247,-140.92640592567048,0.0005766724934801459,0.38,-0.19780938327638192,0.15932057161745947,-1.0997924877538214,0
63.78,2,1.5590444537901267,0.1442829942455413,130.94874553438783,1.7662105778542982,0.028550290316617637,131.84857575164108,-139.27890970945307,0.006622521206736565,0.36124852299690247,-0.19780938327638192,0.15932057161745947,-1.0997924877538214,0
63.88,2,1.56853674323589,0.15405693172489215,133.0060172763783,1.7661217624959047,0.028640261664051595,134.10580976413212,-136.69684964639725,-0.0030982468742877245,0.37838178873062134,-0.1978093832763822,0.14932057161745976,-1.0997924877538252,0
63.98,2,1.5684129942080902,0.1541837103982,135.3136646941067,1.7659956028977477,0.028764641765675617,136.41345718186054,-135.02416598655049,0.004792948253452778,0.3716956675052643,-0.1978093832763822,0.14932057161745976,-1.0997924877538252,0
64.08,2,1.568485202981305,0.14411175689887212,137.54215615324478,1.766069179431389,0.028694087483791937,138.6419486409986,-132.488059140486,0.01339502539485693,0.3446365296840668,-0.19780938327638242,0.1493205716174598,-1.0997924877538219,0
64.18,2,1.567925900351261,0.1446140144351345,139.77480040505532,1.7655003395937612,0.029185517340265702,140.87459289280915,-130.87188887004632,0.004568570759147406,0.35347780585289,-0.19780938327638242,0.1493205716174598,-1.0997924877538219,0
64.28,2,1.5671877616456866,0.1452215718352034,141.62058450227025,1.7647506755187226,0.029778795114703202,142.72037699002408,-128.5642793180616,0.005730255041271448,0.27847780585289,-0.19812430975243706,0.15507683906657754,-1.2997547582545084,0
64.38,2,1.5667118571099552,0.14558354112327934,143.4528428469216,1.764267911079513,0.03013156329477956,144.55263533467544,-127.0067943823916,0.002685528714209795,0.2282286286354065,-0.19812430975243706,0.15507683906657754,-1.2997547582545084,0
64.48,2,1.5659504019900603,0.14548930748195124,144.52613309469407,1.763838301147807,0.030429537874899847,145.82588785294857,-125.07689314779286,0.012685528714209795,0.196221724152565,-0.1983951442471004,0.16080846316884373,-1.4997170287551547,0
64.58,2,1.565308873047868,0.1459439468187761,145.1964387872195,1.763186624658083,0.03086950840004897,146.49619354547403,-124.07313001027653,0.013090040534734726,0.1372223198413849,-0.1983951442471004,0.16080846316884373,-1.4997170287551547,0
64.68,2,1.5638271074575862,0.14633228595889858,145.79456642737804,1.7619974806263339,0.03164968208691696,147.29428345613314,-122.76274365686217,0.017696751281619072,0.19722231984138489,-0.208134760504888,0.15509053169003284,-1.2997547582545466,0
64.78,2,1.562678803265563,0.14710194510193508,146.70026602099438,1.7608294262533093,0.03238902415628399,148.19998304974953,-122.08021800364885,0.027696751281619074,0.1444346308708191,-0.208134760504888,0.15509053169003284,-1.2997547582545466,0
64.88,2,1.5512081792767334,0.14866695622250298,147.73204946202466,1.759035978452753,0.033485348885617015,149.0318042202792,-120.86533660047436,0.04547441586852074,0.14253109693527222,-0.1978626114505462,0.14939102169802868,-1.0997924877539667,0
64.98,2,1.5493844400860015,0.14982052006597238,148.00373267169294,1.75718654214699,0.03459724794924541,149.3034874299475,-120.21772022444922,0.059091221541166306,0.06753109693527222,-0.1978626114505462,0.14939102169802868,-1.0997924877539667,0
65.08,2,1.5539246804841749,0.15377380413796926,149.02502925807894,1.7513804582165402,0.03800546727935294,150.12482174583292,-119.34100935077602,0.044091221541166306,0.08714866638183594,-0.1978626114505462,0.14939102169802868,-1.0997924877539667,0
65.18,2,1.549135104590903,0.15662564109812024,149.4178658326405,1.74653702700209,0.0407648486150124,150.51765832039447,-118.96969514118214,0.029322072863578796,0.08714866638183594,-0.1978626114505462,0.14939102169802868,-1.0997924877539667,0
65.28,2,1.5458131474383592,0.15856250596001878,149.75630134180867,1.743178505977,0.042637595618914136,150.85609382956264,-118.53371321068873,0.0493220728635788,0.18213465571403503,-0.19814176069223075,0.1550482714378804,-1.2997547582545923,0
65.38,2,1.5419527619839501,0.16034814475068998,150.25470173412896,1.7394751189017532,0.04468218642009778,151.51316712366904,-118.09843440453564,0.0693220728635788,0.2170652598142624,-0.19814176069223075,0.1550482714378804,-1.2997547582545923,0
65.48,2,1.5376048118031538,0.1626849918941078,151.03033839323908,1.7351267519029967,0.04700678950276661,152.33009315149366,-117.08130081459018,0.07785409688949585,0.1992228627204895,-0.19814176069223075,0.1550482714378804,-1.2997547582545923,0
65.58,2,1.5332433772110428,0.16505522762253833,151.94861528438042,1.730712675294034,0.04927748472665717,153.248370042635,-116.35758638606335,0.07686792314052582,0.1242228627204895,-0.19814176069223075,0.1550482714378804,-1.2997547582545923,0
65.68,2,1.5285182510221185,0.16753091449397858,152.69692486584182,1.7259326087097573,0.05164535432538079,153.9966796240964,-115.34499047294621,0.07686792314052582,0.11538174003362656,-0.19784753304085156,0.1494790611336914,-1.0997924877539254,0
65.78,2,1.523105595098448,0.17029527443052747,153.24439114643553,1.7204586413008809,0.05428622744111339,154.54414590469014,-114.81982866771203,0.077143594622612,0.049735210835933685,-0.19784753304085156,0.1494790611336914,-1.0997924877539254,0
65.88,2,1.5170111963764688,0.17387106334600533,153.91091586442306,1.7140746452296565,0.05730220075650742,155.010708352177,-114.25672070388238,0.07869478315114975,-0.025264789164066312,-0.19784753304085156,0.1494790611336914,-1.0997924877539254,0
65.98,2,1.5104381799351534,0.17708427419911982,153.98223638005427,1.707441165863727,0.060388658374256346,155.0820288678082,-114.00531457095511,0.079622283577919,-0.0671134889125824,-0.19784753304085156,0.1494790611336914,-1.0997924877539254,0
66.08,2,1.5035915649441969,0.18042709789297012,153.82369588776774,1.7005316505843289,0.06359945355400821,154.92348837552166,-114.04917507387553,0.07998647540807724,-0.03691885620355606,-0.19784753304085156,0.1494790611336914,-1.0997924877539254,0
66.18,2,1.4969870681014235,0.18367779399451342,153.73154552718688,1.6938659771310491,0.06672278528551522,154.8313380149408,-114.21418754517906,0.08074218779802322,-0.03021150827407837,-0.19784753304085156,0.1494790611336914,-1.0997924877539254,0
66.27,2,1.4900439391472988,0.18711855542649303,153.6342297510225,1.6868580858686826,0.07002964768970574,154.73402223877642,-114.35226061736155,0.08022123575210571,0.04001181200146675,-0.19784753304085156,0.1494790611336914,-1.0997924877539254,0
66.38,2,1.4830313765185503,0.19060580204494515,153.53831294691886,1.6797798814942877,0.07338165401940154,154.63810543467278,-114.39057698358225,0.08330582082271576,-0.034988187998533246,-0.19784753304085156,0.1494790611336914,-1.0997924877539254,0
66.48,2,1.4761723923656922,0.19399088286611652,153.67349322617113,1.672857188255864,0.07663446113045283,154.77328571392505,-114.21577032800377,0.06830582082271576,-0.08733609318733215,-0.19784753304085156,0.1494790611336914,-1.0997924877539254,0
66.58,2,1.469828748356847,0.19714276821411114,153.40364889748741,1.6664542161385782,0.0796640070738445,154.50344138524136,-114.36318311556614,0.06806067377328873,-0.08733609318733215,-0.1982312673535592,0.1548425848027959,-1.2997547582545292,0
66.68,2,1.4639692588243698,0.20010586152446272,152.9120244994216,1.660538932948151,0.08251408853305052,154.0118169871755,-114.79572876395416,0.06750825047492981,-0.1443513184785843,-0.1982312673535592,0.1548425848027959,-1.2997547582545292,0
66.78,2,1.4583512217825296,0.20249039826841958,152.07860137619997,1.6550754631547206,0.0852119047056296,153.3783561344545,-115.16641864263802,0.0775082504749298,-0.16945470869541168,-0.1982312673535592,0.1548425848027959,-1.2997547582545292,0
66.88,2,1.4533625644632169,0.20516796909971297,151.3333015741839,1.6500273539000796,0.08777562862979366,152.63305633243843,-115.88287852621278,0.07799912244081497,-0.22945470869541168,-0.1982312673535592,0.1548425848027959,-1.2997547582545292,0
66.98,2,1.4484452896748636,0.20789697409976876,150.4349190179477,1.645049442126083,0.09039239266287162,151.73467377620221,-116.39236374190386,0.07799912244081497,-0.24362482130527496,-0.1982312673535592,0.1548425848027959,-1.2997547582545292,0
67.08,2,1.4443413326396362,0.21027330191570037,149.46336666279132,1.6408926386395297,0.09267501878423741,150.76312142104584,-117.31648523487401,0.0802328959107399,-0.2305651605129242,-0.20778941946207502,0.14954717682300214,-1.0997924877538758,0
67.18,2,1.4298911106894188,0.2135043757264924,148.7481099119828,1.6361512562900349,0.09537876424760257,149.84790239973668,-117.92723408393728,0.0802328959107399,-0.2305651605129242,-0.20778941946207505,0.14954717682300203,-1.0997924877538632,0
67.27,2,1.42554664621662,0.216189542799405,147.70132631620575,1.6317560535303945,0.09798004978873728,148.80111880395964,-118.86794295569243,0.07975121587514877,-0.19612278342247008,-0.20778941946207505,0.14954717682300203,-1.0997924877538632,0
67.38,2,1.4215350196437735,0.21876300898648682,146.86909625980772,1.627695771322697,0.1004760434525664,147.96888874756158,-119.53941499708594,0.07975121587514877,-0.11089713126420975,-0.20778941946207505,0.14954717682300203,-1.0997924877538632,0
67.48,2,1.4164256640797068,0.22214378262486395,146.18135508995317,1.6225224670306595,0.10375812623275166,147.28114757770703,-120.29867296196315,0.07979229092597961,-0.14532867074012756,-0.20778941946207502,0.14954717682300223,-1.0997924877538772,0
67.58,2,1.4113266576528976,0.22560013735949286,145.593022730595,1.6173580592793233,0.10711597482525465,146.6928152183489,-120.73751109357116,0.08098119497299194,-0.015607142820954323,-0.20778941946207502,0.14954717682300223,-1.0997924877538772,0
67.67,2,1.405494808123931,0.2296389070712498,145.063455249322,1.6114497646599906,0.11104206504381557,146.16324773707586,-121.22622851459033,0.0802437961101532,0.020883377641439438,-0.20778941946207502,0.14954717682300223,-1.0997924877538772,0
67.78,2,1.398998202342067,0.23416196665187522,145.12506943652707,1.6048675408748672,0.11543959670343859,146.22486192428093,-121.24471262852913,0.07798955589532852,0.005883377641439438,-0.20778941946207502,0.14954717682300223,-1.0997924877538772,0
67.88,2,1.3927625557179444,0.23848707935902214,145.36434951916522,1.598550027530933,0.11964422675846978,146.4641420069191,-121.09789825688274,0.07848671078681946,0.011593420058488846,-0.20778941946207502,0.14954717682300223,-1.0997924877538772,0
67.98,2,1.386368260545496,0.24292040400573017,145.3525609226989,1.592071817864018,0.12395400374655113,146.4523534104528,-121.08125933093999,0.07936246693134308,-0.06340657994151115,-0.20778941946207502,0.14954717682300223,-1.0997924877538772,0
68.08,2,1.3799956981978285,0.24733486219723178,145.14766759798374,1.5856156991376686,0.1282453348909285,146.24746008573763,-121.0977876412503,0.0784127488732338,-0.020125366747379303,-0.20778941946207502,0.14954717682300223,-1.0997924877538772,0
68.18,2,1.3740533896155165,0.2514839193507331,144.9090540284874,1.5795948489761278,0.1322795721029323,146.00884651624128,-121.32003894649128,0.0784127488732338,-0.020125366747379303,-0.19778941946207565,0.13954717682300247,-1.0997924877538856,0
68.28,2,1.3676922203646595,0.25596592219202147,144.78580825153705,1.5731488248078338,0.13663865413119625,145.88560073929094,-121.47980547471462,0.07652685791254044,0.05496276542544365,-0.19778941946207565,0.13954717682300247,-1.0997924877538856,0
68.37,2,1.3715404578368426,0.2502992006143253,145.0663373309193,1.5669150233759384,0.1408530584534637,146.1661298186732,-121.36558695010416,0.07652685791254044,0.05496276542544365,-0.19778941946207565,0.13954717682300247,-1.0997924877538856,0
68.48,2,1.3655585770949077,0.2544568499689834,145.26936212101984,1.5608544434275196,0.14489512674282298,146.36915460877373,-121.06578672786671,0.07950026541948318,0.12060940265655518,-0.19778941946207565,0.13954717682300247,-1.0997924877538856,0
68.58,2,1.3599296248692994,0.2583226703884005,145.84646191108794,1.555152328291948,0.14865219390406043,146.94625439884183,-120.77686704748741,0.07764669507741928,0.10258309543132782,-0.19778941946207565,0.13954717682300247,-1.0997924877538856,0
68.68,2,1.3546069059263068,0.26189470796846565,146.36315284633963,1.5497620288405183,0.15212141013303865,147.46294533409352,-120.19967324643592,0.07764669507741928,0.10258309543132782,-0.19778941946207565,0.13954717682300247,-1.0997924877538856,0
68.78,2,1.349115136985352,0.2655181290040384,146.9002461861418,1.5442017242883765,0.15563875563629798,148.0000386738957,-119.82587773932701,0.0797925591468811,0.04524364694952965,-0.19778941946207565,0.13954717682300247,-1.0997924877538856,0
68.88,2,1.3429191531104547,0.2695514328958395,147.0071476297385,1.5379294673133155,0.15955239191224432,148.1069401174924,-119.45160050252218,0.0797925591468811,0.04524364694952965,-0.19851095196205717,0.1545013196708292,-1.2997547582545808,0
68.98,2,1.3366262839388847,0.2736135853557786,147.29689199240758,1.5315597891753703,0.16349301184282244,148.39668448016147,-119.26319356613348,0.08005514740943909,0.029926974326372147,-0.19851095196205717,0.1545013196708292,-1.2997547582545808,0
69.08,2,1.3301627065731028,0.28720311807455307,147.37525691670487,1.5252702585073799,0.16734264283703743,148.67501167495945,-118.94082000758908,0.07154544442892075,-0.04507302567362785,-0.19851095196205717,0.1545013196708292,-1.2997547582545808,0
69.18,2,1.323691038663859,0.29132981814268727,147.42673839164055,1.5187066495545996,0.1713214839365106,148.72649314989513,-118.83801143180521,0.0780831128358841,-0.12005200371146202,-0.19851095196205717,0.1545013196708292,-1.2997547582545808,0
69.28,2,1.3177657796099524,0.2951356834288984,146.9812212184211,1.5126965863824777,0.17499196702457917,148.28097597667568,-119.12558661437957,0.0780831128358841,-0.1412179172039032,-0.19851095196205717,0.1545013196708292,-1.2997547582545808,0
69.38,2,1.3125269543209421,0.29857680700386663,146.42695325052023,1.5073810538163306,0.1783133726615349,147.7267080087748,-119.52998890684893,0.07782790064811707,-0.12154122442007065,-0.19851095196205717,0.1545013196708292,-1.2997547582545808,0
69.48,2,1.3072914025279807,0.30209820407982313,145.72052251265018,1.5020669730557927,0.1817151053985116,147.02027727090476,-120.1715068355881,0.07646413892507553,-0.05071605369448662,-0.19851095196205717,0.1545013196708292,-1.2997547582545808,0
69.58,2,1.301618628539484,0.3059940317799644,145.409736354962,1.4963072893639662,0.1854812548862324,146.7094911132166,-120.48994950882128,0.07646413892507553,-0.05071605369448662,-0.19851095196205717,0.1545013196708292,-1.2997547582545808,0
69.68,2,1.2954875090240552,0.310240144383256,145.0890087572392,1.4900814325430551,0.1895872024745266,146.3887635154938,-120.80518432441681,0.079552561044693,-0.03538384288549423,-0.19851095196205717,0.1545013196708292,-1.2997547582545808,0
69.77,2,1.2892210421567822,0.3146152414974337,145.00719292458302,1.4837173374316275,0.1938190312954761,146.30694768283757,-120.96889048223653,0.07948854565620422,0.009496962651610374,-0.19851095196205717,0.1545013196708292,-1.2997547582545808,0
69.88,2,1.2830674352264777,0.3189286111278235,145.00445900212029,1.477467473386904,0.19799170852281245,146.30421376037486,-121.01471048267406,0.07924594730138779,-0.002680279314517975,-0.19851095196205717,0.1545013196708292,-1.2997547582545808,0
69.98,2,1.2762414022221873,0.32371571379796715,145.0065501416461,1.470534610566794,0.20262274422421858,146.3063048999007,-121.00896371237344,0.07051264494657516,0.13231972068548203,-0.19851095196205717,0.1545013196708292,-1.2997547582545808,0
70.08,2,1.2722708551491857,0.32648849911530325,145.1368243938408,1.466502189849869,0.2053047519864501,146.4365791520954,-120.79704060636335,0.06799661368131638,0.12388641893863678,-0.19851095196205717,0.1545013196708292,-1.2997547582545808,0
70.18,2,1.2648416884029716,0.33160022590152577,145.82110539842824,1.45895898500379,0.21024664736475707,147.12086015668285,-120.5089199659648,0.07754374295473099,0.06472985744476319,-0.19851095196205717,0.1545013196708292,-1.2997547582545808,0
70.28,2,1.2595324652539586,0.3351685431328719,146.33850098966676,1.4535701875499305,0.2136936170934918,147.63825574792136,-119.96313592959827,0.07754374295473099,0.006533036008477211,-0.1985109519620574,0.14450131967082847,-1.2997547582545539,0
70.38,2,1.253361388178055,0.33927271677151216,146.49188423829145,1.447307603058625,0.21765675587760094,147.79163899654603,-119.81550833888245,0.08078056573867798,0.11885391175746918,-0.1985109519620574,0.14450131967082847,-1.2997547582545539,0
70.47,2,1.2473920593396326,0.33321506660002853,146.7708602829347,1.4412503855545629,0.22146268875405906,148.07061504118926,-119.56014794163701,0.08078056573867798,0.11885391175746918,-0.1985109519620574,0.14450131967082847,-1.2997547582545539,0
70.58,2,1.2419502003920728,0.33673522064443717,147.42037485378808,1.4357300789166851,0.2248584991029014,148.72012961204263,-119.19850341354261,0.08030358701944351,0.034677262604236606,-0.1985109519620574,0.14450131967082847,-1.2997547582545539,0
70.68,2,1.236297274152109,0.340315069965184,147.78767949397195,1.4299974052214617,0.22830920171799532,149.0874342522265,-118.6488987223363,0.08030358701944351,-0.08572538197040558,-0.1985109519620574,0.14450131967082847,-1.2997547582545539,0
70.78,2,1.2303731424136684,0.34405097204581225,147.69675548601396,1.4239900560539531,0.2319097651725226,148.9965102442685,-118.66142776591967,0.07846149057149887,0.06427461802959442,-0.1985109519620574,0.14450131967082847,-1.2997547582545539,0
70.87,2,1.223935403333293,0.34812739216223987,147.7365951379035,1.4174615077032509,0.23583910886646878,149.03634989615804,-118.77704767599448,0.07846149057149887,0.1085880696773529,-0.1985109519620574,0.14450131967082847,-1.2997547582545539,0
70.98,2,1.2181316136186984,0.35176522598651283,148.1152365293585,1.4115766940839525,0.23934435902164666,149.41499128761308,-118.49886570703448,0.07975072413682938,0.18475262582302093,-0.1985109519620574,0.14450131967082847,-1.2997547582545539,0
71.08,2,1.2127792257720758,0.35505185221231594,148.78421194860695,1.4061511326508846,0.2425087311149412,150.08396670686153,-117.90688928973066,0.07973524183034897,0.12384145259857178,-0.1985109519620574,0.14450131967082847,-1.2997547582545539,0
71.18,2,1.207728329931674,0.35806838351400194,149.50723676130872,1.4010331122299375,0.2454099165373859,150.80699151956327,-117.40835691327298,0.07973524183034897,0.11706379055976868,-0.19851095196205762,0.14450131967082858,-1.299754758254551,0
71.28,2,1.2022906177063484,0.3612426533271207,150.08918820584336,1.3955247969582028,0.2484600257090559,151.3889429640979,-116.73023193500963,0.07999540120363235,0.18531663715839386,-0.19851095196205762,0.14450131967082858,-1.299754758254551,0
71.38,2,1.1968578685312017,0.36432747648967273,150.82684703876325,1.3900234723829266,0.25142082382134506,152.12660179701783,-116.28801605252242,0.08002229034900665,0.22720813751220703,-0.19851095196205762,0.14450131967082858,-1.299754758254551,0
71.48,2,1.1920321819353519,0.3669780615530863,151.61803928445087,1.3851389040400686,0.25396126559467974,152.91779404270542,-115.45129786038521,0.08002229034900665,0.22720813751220703,-0.19747706735552378,0.14009975200457767,-1.0997924877538974,0
71.58,2,1.187381903868694,0.36943754025214,152.62680635324273,1.3804340339709726,0.2563146289753044,153.92656111149728,-114.81171593434928,0.07353068888187408,0.12699593603610992,-0.19747706735552378,0.14009975200457767,-1.0997924877538974,0
71.68,2,1.1826247435542592,0.37238974880417214,153.71040515326277,1.3753890381356446,0.2587366322458511,154.81019764101666,-113.90880692380505,0.07353068888187408,0.12699593603610992,-0.19747706735552378,0.14009975200457767,-1.0997924877538974,0
71.78,2,1.1772365674646355,0.3750085067789254,154.5465136379116,1.3699515906743802,0.2612514881083444,155.6463061256655,-113.4046224876969,0.07823524624109268,0.1495264768600464,-0.19851523086344747,0.14444188911106703,-1.2997547582545392,0
71.88,2,1.1718883252666725,0.37752245285306796,155.17618117024026,1.364556081489111,0.26366231786248323,156.27597365799414,-112.63260417257341,0.07636644691228867,0.0911872535943985,-0.19851523086344747,0.14444188911106703,-1.2997547582545392,0
71.98,2,1.1658286712685488,0.37977483469585593,155.5576282587802,1.3586547952008072,0.26621988287922516,156.85738301703472,-112.196884202643,0.07448135524988174,0.0761872535943985,-0.19851523086344747,0.14444188911106703,-1.2997547582545392,0
72.08,2,1.1598314795453728,0.3824757334962641,155.8404295217589,1.352597881882136,0.2687840521296219,157.14018428001344,-111.77194734283343,0.0779680386185646,0.14909817278385162,-0.19851523086344747,0.14444188911106703,-1.2997547582545392,0
72.18,2,1.153830795020854,0.38513164786919274,156.49576935402862,1.3465384970450127,0.2713031692993405,157.79552411228318,-111.39992053202944,0.080457903444767,0.1629483550786972,-0.19851523086344747,0.14444188911106703,-1.2997547582545392,0
72.28,2,1.1483460921968707,0.3874687837977086,157.36017217943595,1.3410021920184427,0.2735152940852749,158.6599269376905,-110.66781741482212,0.08050189167261124,0.17565059661865234,-0.19745609492999797,0.15021376275780157,-1.099792487753881,0
72.38,2,1.14298941164642,0.3896784117195493,157.88228828072073,1.335596768597148,0.27560284760772014,159.18204303897525,-110.11440097751334,0.06668971478939056,0.2311701476573944,-0.19745609492999797,0.15021376275780157,-1.099792487753881,0
72.47,2,1.1378701020776993,0.4022206015415243,158.94847406871298,1.3302432311820012,0.2775904268941459,160.04826655646687,-109.27733553955335,0.06668971478939056,0.2311701476573944,-0.19745609492999797,0.15021376275780157,-1.099792487753881,0
72.58,2,1.133223823551114,0.40397191499353174,159.74709920541616,1.325564194187779,0.2792522378823417,160.84689169317005,-108.6400546501663,0.06914875656366348,0.20212407410144806,-0.19745609492999797,0.15021376275780157,-1.099792487753881,0
72.68,2,1.1279965790153326,0.4058558193291298,160.6993167435666,1.3203017532832382,0.2810354643706944,161.7991092313205,-107.6668768453057,0.06914875656366348,0.20212407410144806,-0.19745609492999794,0.15021376275780177,-1.0997924877538918,0
72.78,2,1.1231529290581763,0.40751058131474704,161.66567106901823,1.3154272344094773,0.2825969533670854,162.76546355677212,-106.98588728420982,0.0789198949933052,0.21167146921157837,-0.19745609492999794,0.15021376275780177,-1.0997924877538918,0
72.88,2,1.1179119912830129,0.4092222371268902,162.2355537293666,1.3101544088954784,0.28420770023773334,163.33534621712047,-106.04133790776933,0.0771542638540268,0.2857460379600525,-0.1974560949299984,0.15021376275780168,-1.0997924877538803,0
72.97,2,1.1126209491576995,0.4108800673243498,162.95806977727915,1.3048325213807002,0.2857636697154213,164.05786226503304,-105.46640983177667,0.07849586755037308,0.28307703137397766,-0.1974560949299984,0.15021376275780168,-1.0997924877538803,0
73.08,2,1.1076666425312804,0.41235761059565135,163.8530467229958,1.2998507677269988,0.2871458487201015,164.9528392107497,-104.4972351991304,0.07849586755037308,0.28307703137397766,-0.1974560949299984,0.15021376275780168,-1.0997924877538803,0
73.18,2,1.1030308247551852,0.41365690619255646,164.92493366601155,1.2951908655061375,0.2883559259049567,166.02472615376544,-103.76986468005867,0.06639371812343597,0.13307703137397764,-0.20851115867967926,0.15425914782073938,-1.2997547582545443,0
73.27,2,1.0982679726670446,0.4148924015575426,165.96098762437072,1.290405176945533,0.2894997763371829,167.0607801121246,-102.64748230683198,0.06334764510393143,0.1030263751745224,-0.20851115867967926,0.15425914782073938,-1.2997547582545443,0
73.38,2,1.0822470804380062,0.4158997916135593,166.07002057506003,1.284491326355505,0.29085166468835194,167.36977533331458,-102.17273228174126,0.06334764510393143,0.1030263751745224,-0.20746572865555785,0.1502499821228793,-1.0997924877538634,0
73.48,2,1.0760845999800734,0.4173916766064508,166.73800263374682,1.2782965909557709,0.292203381949359,168.03775739200137,-101.504785365782,0.05973948910832405,0.0880263751745224,-0.20746572865555785,0.1502499821228793,-1.0997924877538634,0
73.58,2,1.0705895170722999,0.4191283801406287,167.54359942105825,1.2726590005697547,0.29335962967299994,168.6433919088121,-100.98053180978296,0.05973948910832405,0.06595075130462646,-0.20746572865555785,0.1502499821228793,-1.0997924877538634,0
73.68,2,1.0648748981926366,0.42037861981977676,167.8924751489647,1.2669214375508098,0.2944999536615038,168.99226763671857,-100.38189883014078,0.06251207739114761,0.18595075130462646,-0.20746572865555785,0.1502499821228793,-1.0997924877538634,0
73.78,2,1.0591571045589838,0.4215752544962428,168.62363758312173,1.2611817292475658,0.29558662158669025,169.7234300708756,-99.97179146215473,0.06536990404129028,0.09779839217662811,-0.20746572865555785,0.1502499821228793,-1.0997924877538634,0
73.87,2,1.053334238251621,0.4227090636100188,169.27150691989743,1.2553381734895495,0.29660845877668657,170.3712994076513,-99.18356554018548,0.06817173212766647,0.2177983921766281,-0.20746572865555785,0.1502499821228793,-1.0997924877538634,0
73.98,2,1.0474346830826986,0.4237936001571879,169.92280218917105,1.249418888726308,0.29757956052468293,171.0225946769249,-98.67132884154375,0.07766517251729965,0.3186546564102173,-0.20850834919466862,0.15412806303882642,-1.299754758254528,0
74.08,2,1.042153267651514,0.4246853910159414,170.95833648140288,1.2441213293544169,0.2983698165552191,172.05812896915674,-97.77934919820734,0.07135798782110214,0.38,-0.20850834919466862,0.15412806303882642,-1.299754758254528,0
74.18,2,1.0378310653837284,0.4248417112782362,172.0760468595783,1.2398781270411126,0.29891478009582484,173.37580161783285,-96.92355561586902,0.06550507247447968,0.35108867287635803,-0.20850834919466862,0.15412806303882642,-1.299754758254528,0
74.28,2,1.0340363150333511,0.42532765791101357,173.37471800441077,1.236073330301726,0.29931452516902834,174.67447276266532,-95.50180385978712,0.06519309431314468,0.3676375448703766,-0.20850834919466862,0.15412806303882642,-1.299754758254528,0
74.38,2,1.0303057333456949,0.4257205935696875,174.5752365719852,1.2323347954878612,0.2996227387405219,175.8749913302397,-94.52509459496652,0.0684405043721199,0.21763754487037656,-0.1985083491946682,0.15412806303882695,-1.2997547582545372,0
74.47,2,1.026044253862366,0.4260973876689263,175.43129477690275,1.2280658656147876,0.2999027725221208,176.73104953515727,-93.17364810552634,0.07147257030010223,0.31847721338272095,-0.1985083491946682,0.15412806303882695,-1.2997547582545372,0
74.58,2,1.0310751720774272,0.4264494166935294,176.58085234102103,1.2230900772491675,0.3001419970194784,177.88060709927555,-92.46642074695825,0.07458368688821793,0.3457530438899994,-0.20949276864417984,0.15790879182383485,-1.49971702875522,0
74.68,2,1.026899801528385,0.4266490423669397,177.96886878457545,1.2189112528761459,0.3002468611731877,179.26862354282997,-91.1906241281434,0.06304655224084854,0.33069154620170593,-0.20949276864417984,0.15790879182383485,-1.49971702875522,0
74.78,2,1.0126333822113895,0.4262661768889682,179.25438045737343,1.2146840642382888,0.30025095971470145,-179.24590251387136,-90.29803871164745,0.06570141762495041,0.1806915462017059,-0.20949276864417984,0.15790879182383485,-1.49971702875522,0
74.87,2,1.0096635821394278,0.42628464388550524,-179.93751059259733,1.2117147981402927,0.30019169474464263,-178.43779356384212,-88.98800051193047,0.06217470020055771,0.23446539044380188,-0.1985307367112882,0.15416231872398184,-1.2997547582545903,0
74.98,2,1.01246451347014,0.4266381419312084,-178.1391083109263,1.205299540405029,0.2999313304121371,-176.8234242905219,-88.23475581503206,0.07028908282518387,0.34014081954956055,-0.2094692415332795,0.15787944096696815,-1.4997170287552206,0
75.08,2,1.0086821034218132,0.4264741369193382,-176.8265953426067,1.200725368236118,0.29962502863634194,-175.52684058435213,-87.03691299555089,0.056935302913188934,0.2902064025402069,-0.2094692415332795,0.15787944096696815,-1.4997170287552206,0
75.18,2,0.9944686372982212,0.42570542654194105,-175.50904422883605,1.1965159303230017,0.2992437185936933,-174.00932720008083,-86.1476857897227,0.06922164559364319,0.22129590809345245,-0.20946924153327948,0.1578794409669684,-1.4997170287552293,0
75.28,2,0.989909372321182,0.42530355335553716,-174.28179551503098,1.191968744932367,0.29872265793310904,-172.78207848627576,-84.87418480862496,0.06805354356765747,0.22340674698352814,-0.20946924153327948,0.1578794409669684,-1.4997170287552293,0
75.38,2,0.9851406789074324,0.4247871741930975,-173.2933500764523,1.1872151996955336,0.29808164935662956,-171.79363304769706,-84.08950744896131,0.07190123200416565,0.2337205708026886,-0.20858267724175114,0.15422336999751268,-1.299754758254551,0
75.48,2,0.9801797709868383,0.4241767742705984,-172.65111320560501,1.1822719665065065,0.29734162158627303,-171.1513961768498,-82.9856675949788,0.077372245490551,0.2514244616031647,-0.20858267724175114,0.15422336999751268,-1.299754758254551,0
75.58,2,0.9748154751955598,0.42394529857097496,-171.96755160985109,1.176975554513723,0.29649561551993203,-170.66779685159653,-82.34862690315714,0.06484729051589966,0.32520753145217896,-0.20858267724175114,0.15422336999751268,-1.299754758254551,0
75.68,2,0.9704561112364778,0.4232999415393349,-171.24356585416376,1.1726319508596486,0.2957515408446859,-169.9438110959092,-81.2269663594697,0.06306145340204239,0.18634526431560516,-0.20858267724175114,0.15422336999751268,-1.299754758254551,0
75.78,2,0.9661361920735485,0.42261101313465904,-170.48278683974195,1.168328770184659,0.29496480073549536,-169.1830320814874,-80.39086031395864,0.07038042694330215,0.20464110374450684,-0.20858267724175114,0.15422336999751268,-1.299754758254551,0
75.88,2,0.9611684881545839,0.4217419872296258,-169.53400484957302,1.1633820565858897,0.29398331572701814,-168.23425009131847,-79.30747071243997,0.07737382501363754,0.23121429979801178,-0.2085826772417511,0.15422336999751288,-1.2997547582545625,0
75.98,2,0.9561930023142517,0.4207901218976758,-168.82131268855932,1.1584294421192183,0.292918836087931,-167.52155793030477,-78.60415932975867,0.069582499563694,0.3138229250907898,-0.2085826772417511,0.15422336999751288,-1.2997547582545625,0
76.08,2,0.9512346035429757,0.4197881806084077,-168.3947762809112,1.1534950462008737,0.29180468096266504,-167.09502152265665,-77.56664443837857,0.06875751167535782,0.24304766952991486,-0.2085826772417511,0.15422336999751288,-1.2997547582545625,0
76.18,2,0.9462173996988299,0.41873289079397114,-167.82310003387263,1.1485030704473254,0.2906358571597968,-166.52334527561808,-76.86989285584399,0.07648862153291702,0.23399226367473602,-0.2085826772417511,0.15422336999751288,-1.2997547582545625,0
76.28,2,0.9409165782879334,0.4175554344845308,-166.9487785043285,1.143230321209257,0.2893384649818843,-165.64902374607394,-75.91691300519841,0.06805174797773361,0.353992263674736,-0.2085826772417511,0.15422336999751288,-1.2997547582545625,0
76.38,2,0.9363968988560718,0.41646131615566284,-165.7133996730852,1.1387366226074618,0.2881421080282204,-164.41364491483066,-75.13935433231421,0.060802072286605835,0.203992263674736,-0.20858267724175114,0.15422336999751265,-1.2997547582545492,0
76.48,2,0.9322179470902647,0.4153494646560294,-164.42645373053102,1.1345839662471575,0.286935751210606,-163.12669897227647,-73.80914951351397,0.05580207228660583,0.18899226367473598,-0.20858267724175114,0.15422336999751265,-1.2997547582545492,0
76.57,2,0.9269606676257138,0.4138515102700089,-163.76002316857125,1.129362017627677,0.28531893108254797,-162.4602684103167,-73.12288362135585,0.06458880215883255,0.17399226367473597,-0.20858267724175114,0.15422336999751265,-1.2997547582545492,0
76.68,2,0.922692787686755,0.4125783172134829,-163.2031186274189,1.1251241156941807,0.2839492570575985,-161.9033638691643,-71.99873375271257,0.07710564136505127,0.10652948915958405,-0.20933470876650281,0.1576790658722657,-1.499717028755206,0
76.78,2,0.9166901874872225,0.4107258855498723,-162.7887630052084,1.119159037308337,0.281979557399256,-161.48114415404575,-71.46323613835584,0.059487663209438324,0.0429178886115551,-0.20933470876650281,0.1576790658722657,-1.499717028755206,0
76.88,2,0.9110817576234266,0.40850511721018745,-162.80627118943804,1.1134680502562597,0.2800636842684062,-161.30655416068285,-71.02549016943043,0.0771716758608818,0.02941826358437538,-0.20933470876650281,0.1576790658722657,-1.499717028755206,0
76.98,2,0.9043435207675649,0.4064132696831768,-162.61794205577394,1.1067868694117726,0.27779620008429,-161.11822502701875,-70.8639266432847,0.07638756185770035,0.1457032412290573,-0.20933470876650281,0.1576790658722657,-1.499717028755206,0
77.08,2,0.8974564399094994,0.40425039064989554,-162.41585534304468,1.0999587545883422,0.2754538131785483,-160.91613831428947,-70.50734775308065,0.06921093910932541,0.1307032412290573,-0.20933470876650281,0.1576790658722657,-1.499717028755206,0
77.18,2,0.8931586403370694,0.40287497560044533,-162.09845424276577,1.0956984245870158,0.2739663872130528,-160.59873721401058,-70.187042090309,0.06921093910932541,0.2507032412290573,-0.20933470876650281,0.1576790658722657,-1.499717028755206,0
77.28,2,0.8849415209898029,0.40017618508725816,-161.51930178252135,1.0875547527546874,0.271053462619345,-160.01958475376614,-69.53696494481436,0.07757718116044998,0.2146061211824417,-0.20933470876650281,0.1576790658722657,-1.499717028755206,0
77.37,2,0.8796705357124529,0.39839098243373444,-161.03668868236687,1.0823322953748438,0.2691309191935916,-159.5369716536117,-69.00565394553084,0.0725073292851448,0.29723525047302246,-0.20933470876650281,0.1576790658722657,-1.499717028755206,0
77.48,2,0.8765384409564064,0.397301448507786,-160.65481671227946,1.0792297887986932,0.2679597852637663,-159.15509968352427,-68.0120439683609,0.0725073292851448,0.29723525047302246,-0.207977405261872,0.14108751459358984,-1.0997924877538883,0
77.58,2,0.8699022991502804,0.3948754358709109,-159.500365437044,1.0726595632002076,0.2653829875214289,-158.00162205547406,-67.30189745568833,0.07388542801141738,0.3617069125175476,-0.207977405261872,0.14108751459358984,-1.0997924877538883,0
77.68,2,0.8655813108588878,0.38426302724419736,-158.08521490001817,1.068693479565685,0.26373640940440685,-156.98542241226428,-66.06148508127073,0.07821442931890488,0.2867069125175476,-0.207977405261872,0.14108751459358984,-1.0997924877538883,0
77.78,2,0.8616390937345094,0.38263686366954147,-157.13383995803724,1.0647832009631135,0.2620348791879398,-156.03404747028335,-65.18025959680512,0.08069858700037003,0.21533328294754028,-0.207977405261872,0.14108751459358984,-1.0997924877538883,0
77.88,2,0.8569912924869848,0.38065097750791915,-156.50186688630322,1.0601743726699928,0.2599601497964416,-155.40207439854933,-64.05097331346086,0.08054860681295395,0.2610473036766052,-0.20860869260901274,0.1443328649728216,-1.2997547582545423,0
77.98,2,0.8520373529206686,0.3779391554916835,-156.14971762673164,1.0550742439175609,0.2576048770685847,-154.8499628684771,-63.45472262582844,0.08004200458526611,0.3203534185886383,-0.20860869260901274,0.1443328649728216,-1.2997547582545423,0
78.07,2,0.8487050755542733,0.3764530352573423,-155.78326031997813,1.0517765336708518,0.2560435529746642,-154.48350556172358,-62.559186614773665,0.08004862070083618,0.38,-0.20860869260901274,0.1443328649728216,-1.2997547582545423,0
78.18,2,0.8422954310487976,0.3734876696494869,-154.505145156194,1.045435801875141,0.2529335600213455,-153.20539039793948,-61.87332963068566,0.08004862070083618,0.38,-0.20860869260901263,0.14433286497282155,-1.2997547582545426,0
78.28,2,0.8385374691600795,0.371642942651377,-153.3809183080144,1.0417206509287331,0.2510040656056974,-152.08116354975985,-60.559090600152246,0.07998061925172806,0.37093278765678406,-0.20860869260901263,0.14433286497282155,-1.2997547582545426,0
78.38,2,0.8347387476680418,0.36969162229917574,-152.18370841371365,1.037967168729039,0.24896708070944418,-150.88395365545907,-59.675451004449855,0.07998684793710709,0.3549559414386749,-0.19860869260901268,0.14433286497282186,-1.2997547582545554,0
78.48,2,0.8409791672627684,0.3676617063754011,-150.94389932350015,1.0342546003329847,0.24685240830315353,-149.6441445652456,-58.34985502484056,0.07999730110168457,0.31197693943977356,-0.19860869260901268,0.14433286497282186,-1.2997547582545554,0
78.58,2,0.8372683641126817,0.3655582303424709,-149.86670255203273,1.0305924652099996,0.24466530113138402,-148.56694779377816,-57.466353278481726,0.08000045269727707,0.2908104360103607,-0.18808170326032056,0.14116949363366238,-1.0997924877539333,0
78.68,2,0.833417789661782,0.3632783573857006,-148.80268519819157,1.026794595969479,0.24229867198155036,-147.50293043993702,-56.195366189806904,0.08000124990940094,0.2158104360103607,-0.18808170326032056,0.14116949363366238,-1.0997924877539333,0
78.78,2,0.8391767128250827,0.3612334432922609,-147.81039557802637,1.022845308105409,0.23974042430175402,-146.71060309027243,-55.39293285876375,0.08000081032514572,0.11860645115375519,-0.19906248114828962,0.1474665259660358,-1.4997170287552242,0
78.87,2,0.8248216823526501,0.35730324649713907,-147.71118728063294,1.0180415873235695,0.2365619496685266,-146.21147025187773,-54.45840008840597,0.08000032603740692,0.050867415964603424,-0.19906248114828962,0.1474665259660358,-1.4997170287552242,0
78.98,2,0.818984037223898,0.35358904315430484,-147.1989712123055,1.0123031500269344,0.2326962356964703,-145.69925418355032,-54.11225159704489,0.08000004291534424,0.007834604009985924,-0.19906248114828962,0.1474665259660358,-1.4997170287552242,0
79.08,2,0.8124203508018862,0.34935373355655064,-146.95702810727877,1.0058525585381528,0.22829059201135588,-145.45731107852356,-53.82007048682034,0.07999994605779648,0.016772214323282242,-0.19906248114828962,0.1474665259660358,-1.4997170287552242,0
79.18,2,0.8057926017377519,0.344922792683997,-146.92977687277735,0.9991607926130156,0.22368293583286575,-145.43005984402214,-53.73764994421933,0.07999994605779648,0.07677221432328224,-0.1890624811482896,0.1474665259660358,-1.4997170287552324,0
79.28,2,0.8089536202783197,0.34056719327484775,-146.73783380292747,0.9926204024167915,0.21915461009936288,-145.23811677417223,-53.56747713673096,0.07999996840953827,0.16522428393363953,-0.1890624811482896,0.1474665259660358,-1.4997170287552324,0
79.38,2,0.803221460262312,0.3367709592276874,-146.25532998115474,0.9869895610079372,0.21520965427980424,-144.7556129523995,-53.23064908383967,0.07999999076128006,0.22522428393363952,-0.1890624811482896,0.1474665259660358,-1.4997170287552324,0
79.47,2,0.7998844461819826,0.33452057902127386,-145.69017267465517,0.9837125869836252,0.2128727085616245,-144.19045564589996,-52.53531009798444,0.07999999076128006,0.16943904757499695,-0.1890624811482896,0.1474665259660358,-1.4997170287552324,0
79.58,2,0.7937468357780217,0.330214910824933,-144.30814587137286,0.977689766988395,0.20840788164528762,-142.80842884261762,-51.89574924947677,0.07999999076128006,0.09443904757499695,-0.18906248114828972,0.15746652596603575,-1.4997170287552217,0
79.67,2,0.7907304657548003,0.32804087170349394,-144.01873003297308,0.9747313291861982,0.20615564276162812,-142.51901300421784,-51.043935292174794,0.07999999076128006,0.03216855973005295,-0.18906248114828972,0.15746652596603575,-1.4997170287552217,0
79.77,2,0.7832613280734423,0.3325511514090929,-143.4319291129766,0.9674084270473824,0.20047232059240638,-141.9322120842214,-50.78429827328519,0.07999999076128006,0.03216855973005295,-0.18906248114828972,0.15746652596603575,-1.4997170287552217,0
79.88,2,0.7769951323890107,0.32788613110166703,-143.10611834838053,0.9612664707855066,0.19564489932412127,-141.6064013196253,-50.48950881691939,0.0785328671336174,0.15216855973005294,-0.18906248114828972,0.15746652596603575,-1.4997170287552217,0
79.98,2,0.7710550297170765,0.32339282689058024,-142.71148355429773,0.9554460016787513,0.19099766984153738,-141.21176652554252,-50.20318488636451,0.07931957393884659,0.27216855973005294,-0.18906248114828972,0.15746652596603575,-1.4997170287552217,0
80.08,2,0.7665347487659261,0.3198858447514977,-141.58335746082483,0.9510190539065422,0.18737358416052627,-140.08364043206961,-49.504450973167366,0.07343654334545135,0.3346020257472992,-0.18906248114828972,0.15746652596603575,-1.4997170287552217,0
80.18,2,0.7624878640826771,0.3165929679137521,-139.9984231303233,0.9470597366760038,0.18397592017242512,-138.49870610156808,-48.835923966982946,0.07891122251749039,0.305,-0.18929362823933563,0.17038595954252486,-1.6996792992558885,0
80.28,2,0.7592999991834315,0.3138381477161164,-138.38556555299988,0.943945062951467,0.1811386107908414,-136.88584852424466,-47.51128540623322,0.08064737915992737,0.20124964714050292,-0.18929362823933563,0.17038595954252486,-1.6996792992558885,0
80.38,2,0.756198369405142,0.32035794039053145,-137.04097661913423,0.9406277395706114,0.177949903623187,-135.34129731987832,-46.672071532814,0.08055386692285538,0.07116793096065521,-0.1892936282393358,0.17038595954252508,-1.6996792992559124,0
80.48,2,0.7516146098780491,0.31605295672259326,-136.59422503031473,0.9361736853884897,0.17351085675182462,-134.8945457310588,-45.83546113902863,0.08041160553693771,0.09063263982534409,-0.1892936282393358,0.17038595954252508,-1.6996792992559124,0
80.58,2,0.746510327362847,0.3111696184228264,-135.79866157285434,0.9312164916086448,0.16847827065976081,-134.0989822735984,-45.52166182102216,0.08012086898088455,0.06483026593923569,-0.1995596288831809,0.17618265611856562,-2.0996038402572146,0
80.68,2,0.7415093491529912,0.3062750571767142,-135.4896545235623,0.926362889562829,0.16343753063192284,-133.78997522430637,-45.04077843283361,0.08001193404197693,0.11517421901226044,-0.1995596288831809,0.17618265611856562,-2.0996038402572146,0
80.78,2,0.727085410535064,0.30056832916789944,-134.8854574224061,0.9214658406932161,0.15825147447629237,-132.7858535821489,-44.76164291695703,0.07997140288352966,0.09383548051118851,-0.1995596288831809,0.17618265611856562,-2.0996038402572146,0
80.88,2,0.7224479219387536,0.29588990098699547,-134.57715000350294,0.9170028681213992,0.15340628443378682,-132.47754616324573,-44.16636882661034,0.07997677475214005,0.01883548051118851,-0.18955962888318104,0.18618265611856544,-2.099603840257207,0
80.98,2,0.7274682257759185,0.30078091097822063,-134.01807968705344,0.9122136921322626,0.14811828423248286,-131.91847584679624,-43.855624180067025,0.07998846471309662,-0.11616451948881149,-0.18955962888318104,0.18618265611856544,-2.099603840257207,0
81.08,2,0.7222257682116037,0.29538640469813904,-134.32263636202248,0.9071723915495292,0.14253533270537705,-132.22303252176525,-43.949277825115296,0.07999704033136368,-0.23616451948881148,-0.18955962888318104,0.18618265611856544,-2.099603840257207,0
81.18,2,0.7178456611149179,0.2909717023128632,-135.3572012202137,0.9029569656145451,0.13796312103971003,-133.25759737995654,-44.350889440771304,0.08000057190656662,-0.22387954592704773,-0.18955962888318104,0.18618265611856544,-2.099603840257207,0
81.27,2,0.7154597432554901,0.28863833545919493,-136.07697946098838,0.9006581366404888,0.13554390830541538,-133.97737562073118,-45.283338442087526,0.08000121265649796,-0.14887954592704772,-0.18955962888318104,0.18618265611856544,-2.099603840257207,0
81.38,2,0.7102797136825986,0.2837448484372567,-137.11931510086734,0.8956608663960823,0.13046392683750843,-135.0197112606101,-45.915862368786904,0.08000079542398453,0.001120454072952276,-0.18955962888318104,0.18618265611856544,-2.099603840257207,0
81.48,2,0.7051768696513098,0.2790554744784446,-137.555959512308,0.8907332518252641,0.12559074923201263,-135.4563556720508,-46.44347450085973,0.08000031858682632,0.09041627444326877,-0.18955962888318104,0.18618265611856544,-2.099603840257207,0
81.58,2,0.6996222935766678,0.27396311325751416,-137.3756692168176,0.8853689726460462,0.12029830489495735,-135.27606537656038,-46.363541476859176,0.08000005036592484,0.10528674721717834,-0.18955962888318104,0.18618265611856544,-2.099603840257207,0
81.67,2,0.6947328877658656,0.2694051891997917,-136.82025775147744,0.8806498370997382,0.11556430863447664,-134.72065391122027,-45.91874524570696,0.07999996095895767,0.04164271801710129,-0.18955962888318104,0.18618265611856544,-2.099603840257207,0
81.78,2,0.6898325279737952,0.26477172867883114,-136.34430582463284,0.8759225223403742,0.11075442530356948,-134.24470198437567,-45.566441863136504,0.07999995350837708,0.07843770831823349,-0.18955962888318104,0.18618265611856544,-2.099603840257207,0
81.88,2,0.6844060925109899,0.25957061589174935,-136.00709987807696,0.8706902820547003,0.10535799707288696,-133.90749603781973,-45.275293505522235,0.07999997586011887,0.04794096201658249,-0.18955962888318104,0.18618265611856544,-2.099603840257207,0
81.98,2,0.6792284118921136,0.25453935369290687,-135.56059681062953,0.8657004068288032,0.10014041898199376,-133.46099297037233,-45.018338348525,0.080366350710392,0.0007916353642940521,-0.18955962888318104,0.18618265611856544,-2.099603840257207,0
82.08,2,0.6737945135851838,0.2491945689544671,-135.4735428090512,0.860465972389619,0.09460014183981096,-133.37393896879396,-44.77429956981502,0.08035611361265182,-0.027835192158818245,-0.18955962888318104,0.18618265611856544,-2.099603840257207,0
82.17,2,0.6700970418867389,0.2455519860132311,-135.40127294190256,0.8569044355787154,0.09082454082948628,-133.3016691016454,-44.78977805655068,0.08034886419773102,-0.06948833912611008,-0.19942449418812172,0.1788373415547802,-2.299566110757896,0
82.28,2,0.6529789164015752,0.22793709876954982,-135.87732533520523,0.8497468795200636,0.08326224408104296,-133.57775922444733,-45.00070124896469,0.08008548617362976,-0.11153466999530792,-0.19942449418812172,0.1788373415547802,-2.299566110757896,0
82.38,2,0.6479039331510736,0.22304094533958158,-136.28151371574103,0.8448724375246235,0.07816640375429106,-133.98194760498313,-45.25767437590686,0.08001890033483505,-0.13298286497592926,-0.19942449418812172,0.1788373415547802,-2.299566110757896,0
82.48,2,0.6432671686154977,0.2186597859851756,-136.86933901624784,0.8404151976075456,0.07360272596453848,-134.56977290548994,-45.79463487562762,0.07997843623161316,-0.14497356116771698,-0.19942449418812172,0.1788373415547802,-2.299566110757896,0
82.58,2,0.638970218595466,0.21465946877254752,-137.34880177980108,0.8362822175569365,0.06943321841836864,-135.04923566904318,-46.21885426513763,0.07998309284448624,-0.16072499752044678,-0.19942449418812172,0.1788373415547802,-2.299566110757896,0
82.68,2,0.6343128321916748,0.21040676657955998,-138.00693921190893,0.8317992181342996,0.06499706690685596,-135.70737310115103,-46.89918652727975,0.07999079674482346,-0.12368838489055634,-0.19942449418812172,0.1788373415547802,-2.299566110757896,0
82.78,2,0.6298760772479889,0.2064465529414022,-138.41821166998815,0.827524936620203,0.06086202107537791,-136.11864555923026,-47.38224035448244,0.08014839887619019,-0.0655982717871666,-0.19942449418812172,0.1788373415547802,-2.299566110757896,0
82.88,2,0.6268070147669088,0.2037348085644558,-138.6686242677915,0.8245671523020119,0.05802931671280539,-136.36905815703358,-47.988479705371866,0.08003399521112442,-0.04885123297572136,-0.19942449418812172,0.1788373415547802,-2.299566110757896,0
82.98,2,0.6196140196899329,0.1974569610299865,-139.02409188241876,0.8176318435234341,0.0514679113763532,-136.72452577166086,-48.22884091079686,0.08002350479364395,-0.08168653398752213,-0.19968846677440116,0.1663585686973219,-2.0996038402572226,0
83.07,2,0.6140107943048726,0.19256469903635737,-139.3583529452205,0.8122290508631724,0.04640336561861127,-137.05979449089307,-48.552118328147714,0.0799974575638771,-0.09742659330368042,-0.19968846677440116,0.1663585686973219,-2.0996038402572226,0
83.18,2,0.6087183369007303,0.1787201434099493,-139.44542523529003,0.8074113445617292,0.04193873995282084,-137.345159695364,-48.848966216867694,0.0799960121512413,-0.12780021131038666,-0.19968846677440116,0.1663585686973219,-2.0996038402572226,0
83.28,2,0.6036556562182256,0.17438900633549922,-139.94284018751293,0.802510586071984,0.03745700358883539,-137.84323634725573,-49.37537029817238,0.07999632507562637,-0.13342836499214172,-0.19968846677440116,0.1663585686973219,-2.0996038402572226,0
83.38,2,0.5987762734972941,0.170327161167936,-140.40375666444288,0.7977832921439011,0.033219120388451914,-138.30415282418565,-49.8018007678255,0.07999847084283829,-0.11330177634954453,-0.19968846677440116,0.1663585686973219,-2.0996038402572226,0
83.47,2,0.5939488456791788,0.16636395534841977,-140.84024530226375,0.7931043044085873,0.029081713775639596,-138.74064146200655,-50.464105906738396,0.0799996480345726,-0.12572626769542694,-0.19968846677440116,0.1663585686973219,-2.0996038402572226,0
83.57,2,0.5889866273781226,0.16236250913961103,-141.44457358865384,0.7882920176877697,0.024901154154491862,-139.3449697483966,-50.865981688131534,0.080000139772892,-0.12409718334674835,-0.19968846677440116,0.1663585686973219,-2.0996038402572226,0
83.68,2,0.5840943655229556,0.15848383839135133,-141.81203132685297,0.7835451423475026,0.020845850548484934,-139.71242748659577,-51.511265223867525,0.08000019192695618,-0.12746867537498474,-0.1993405836155655,0.16869731626316767,-2.299566110757856,0
83.78,2,0.5794012521307172,0.15421174943535404,-142.58088246877068,0.7786959363186059,0.016772511699302207,-140.28131635801282,-51.94668636696183,0.08000010997056961,-0.11226502060890198,-0.1993405836155655,0.16869731626316767,-2.299566110757856,0
83.87,2,0.5743960500045384,0.15041464184362646,-142.9664807155585,0.7738471208892609,0.012777632061665057,-140.66691460480067,-52.6011501042455,0.08000004291534424,-0.12292645871639252,-0.1993405836155655,0.16869731626316767,-2.299566110757856,0
83.98,2,0.5692719527255228,0.14658084583805603,-143.46636761597023,0.768880978147668,0.008741322979438282,-141.1668015052124,-53.02428966128912,0.08000000566244125,-0.11102127283811569,-0.1993405836155655,0.16869731626316767,-2.299566110757856,0
84.08,2,0.5641068163460426,0.14279940865171628,-144.1151305813378,0.763871728497352,0.004755683889697346,-141.81556447057997,-53.666121553821085,0.07999999076128006,-0.12330202013254166,-0.19972875995471542,0.16643856185390718,-2.099603840257202,0
84.18,2,0.5586342621022921,0.13945316057486715,-144.275369681712,0.7588425515822597,0.0008167090995553419,-142.1757658414548,-54.09140441895859,0.07999999076128006,-0.14899477362632751,-0.19972875995471542,0.16643856185390718,-2.099603840257202,0
84.28,2,0.5535172678822227,0.13581099435546068,-144.93683723652,0.753862429982911,-0.00301048223008953,-142.8372333962628,-54.75810205402479,0.07999999076128006,-0.14988447725772858,-0.19972875995471542,0.16643856185390718,-2.099603840257202,0
84.37,2,0.5485430087317816,0.13235892735619947,-145.45036542146167,0.749017983000661,-0.006642472607183598,-143.35076158120447,-55.251199382494654,0.07999999076128006,-0.14140795171260834,-0.19972875995471542,0.16643856185390718,-2.099603840257202,0
84.48,2,0.5436169788634874,0.12899899907262166,-146.01190354024186,0.7442183572540784,-0.010180619159667744,-143.91229969998466,-55.99719705223995,0.07999999076128006,-0.12422839552164078,-0.19972875995471542,0.16643856185390718,-2.099603840257202,0
84.58,2,0.5390371798161101,0.12594599774645576,-146.66993652945283,0.7397534850640902,-0.013399360022023325,-144.57033268919562,-56.47112529196846,0.07999999076128006,-0.10379774868488312,-0.19972875995471542,0.16643856185390718,-2.099603840257202,0
84.68,2,0.5332035913752127,0.12213051062934249,-147.0065962767665,0.7340636002544091,-0.017426009608365392,-144.90699243650928,-57.13246954628798,0.07999999076128006,-0.0976368710398674,-0.19972875995471542,0.16643856185390718,-2.099603840257202,0
84.78,2,0.5276745400171923,0.11859434525047574,-147.5107571880756,0.7286804550271598,-0.02118054477864627,-145.4203795252919,-57.52554749073102,0.07999999076128006,-0.09450443834066391,-0.2005811193854643,0.16216863755516303,-1.699679299255897,0
84.88,2,0.5215352761924792,0.11577754739096124,-147.40334495967303,0.723174673104556,-0.0249522381605838,-145.7036656604171,-58.08210879337643,0.07999999076128006,-0.08767949044704437,-0.2005811193854643,0.16216863755516303,-1.699679299255897,0
84.98,2,0.5157872969719038,0.11213033840916756,-147.82513161212304,0.717537401430907,-0.028768331261455216,-146.12545231286714,-58.44129115927757,0.07999999076128006,-0.08532221615314484,-0.2005811193854643,0.16216863755516303,-1.699679299255897,0
85.08,2,0.509963166319962,0.10849927297259593,-148.19072782760813,0.7118235330024971,-0.03257054662073897,-146.49104852835222,-58.957789318135525,0.07999999076128006,-0.06417238712310791,-0.2005811193854643,0.16216863755516303,-1.699679299255897,0
85.18,2,0.5040891367264145,0.10487272308844092,-148.52733088298305,0.7060596536524943,-0.036369728449336704,-146.82765158372715,-59.29421674051528,0.07999999076128006,-0.05361861363053322,-0.2005811193854643,0.16216863755516303,-1.699679299255897,0
85.27,2,0.49787943578413285,0.10108538882651238,-148.7430541825969,0.6999650196094079,-0.0403395801449298,-147.043374883341,-59.71598864948803,0.07999999076128006,-0.040559299290180206,-0.2005811193854643,0.16216863755516303,-1.699679299255897,0
85.37,2,0.4914442329912917,0.09720057780987335,-149.06106657003832,0.6936478741545113,-0.04441355423930866,-147.36138727078244,-59.94745686408914,0.07999999076128006,-0.0677449032664299,-0.2005811193854643,0.16216863755516303,-1.699679299255897,0
85.47,2,0.48497772818166274,0.09333149228146245,-149.22332941071355,0.6872989740267048,-0.048472738202404095,-147.52365011145764,-60.257640460471606,0.07999999076128006,-0.08465178310871124,-0.2005811193854643,0.16216863755516303,-1.699679299255897,0
85.58,2,0.4787829344824457,0.08968238097994927,-149.65150963308002,0.6812151408851368,-0.0523039855935613,-147.95183033382412,-60.52301992258437,0.07999999076128006,-0.07354472577571869,-0.20108864688921538,0.15022914464266102,-1.499717028755218,0
85.68,2,0.4727018926996418,0.0853950240915063,-150.14039020440453,0.6752605696206884,-0.05599874290703879,-148.45678443888912,-61.001563095002695,0.07999999076128006,-0.06427452713251114,-0.20108864688921538,0.15022914464266102,-1.499717028755218,0
85.78,2,0.46631402173558023,0.07303192010911,-150.25520901193684,0.6691944593007991,-0.05970351082049875,-148.75549198318163,-61.29613727880367,0.07999999076128006,-0.08853135257959366,-0.20108864688921538,0.15022914464266102,-1.499717028755218,0
85.88,2,0.4600952912946722,0.06949697916736805,-150.65025818011318,0.6630703755735909,-0.06339999756610275,-149.15054115135794,-61.71020389554599,0.07999999076128006,-0.09657632559537888,-0.20108864688921538,0.15022914464266102,-1.499717028755218,0
85.97,2,0.4541141346602193,0.06615934029831685,-150.9503211528138,0.6571786204808793,-0.06689303203967518,-149.4506041240586,-62.03928103699254,0.07999999076128006,-0.08803103864192963,-0.20108864688921538,0.15022914464266102,-1.499717028755218,0
86.08,2,0.44822521217766675,0.06291588110943765,-151.37107205586864,0.6513766030740045,-0.07028950514066683,-149.87135502711345,-62.56963407591788,0.07999999076128006,-0.11241687834262848,-0.20108864688921538,0.15022914464266102,-1.499717028755218,0
86.17,2,0.4426024919832592,0.05987675343800565,-151.8369794824123,0.6458353490020438,-0.07347474966783293,-150.33726245365708,-62.9091073594083,0.07999999076128006,-0.10372716188430786,-0.20108864688921538,0.15022914464266102,-1.499717028755218,0
86.28,2,0.43685309246648274,0.05682341681275925,-152.37036476850702,0.6401678308780769,-0.07667751373424303,-150.8706477397518,-63.50568123615237,0.07999999076128006,-0.09824581444263458,-0.20108864688921538,0.15022914464266102,-1.499717028755218,0
86.38,2,0.4309777211073158,0.053778631347869324,-152.9366498343767,0.6343741602617746,-0.07987502650593277,-151.4369328056215,-63.89957099409306,0.07999999076128006,-0.07084066420793533,-0.20993272531422905,0.15373974044157462,-1.899641569756546,0
86.48,2,0.4245224323376877,0.0506716116067968,-153.3602063386303,0.6284039956940677,-0.08310314770328747,-151.84360742283582,-64.44557566490701,0.07999999076128006,-0.01262575015425682,-0.20993272531422905,0.15373974044157462,-1.899641569756546,0
86.58,2,0.40890899212095755,0.046701182247111755,-154.11767203673264,0.6220498297162583,-0.08646579397920641,-152.2180304669761,-64.72885948136327,0.07999999076128006,-0.005586343817412853,-0.20993272531422905,0.15373974044157462,-1.899641569756546,0
86.68,2,0.40394667823964514,0.044298483475564296,-154.25479649803114,0.6171698898907376,-0.08903166765940905,-152.35515492827457,-64.90810976625222,0.07999999076128006,0.03358625993132591,-0.20993272531422905,0.15373974044157462,-1.899641569756546,0
86.78,2,0.39454950452354864,0.03977325090301326,-154.29082424300233,0.6079278872419003,-0.09386591948622337,-152.39118267324577,-64.92566663256726,0.07999999076128006,0.004180384799838066,-0.20993272531422905,0.15373974044157462,-1.899641569756546,0
86.87,2,0.387461533633884,0.03634236288956298,-154.13829793009654,0.6009575419886534,-0.09752988058646804,-152.23865636034,-64.81432078901767,0.07999999076128006,-0.024132907390594482,-0.20993272531422905,0.15373974044157462,-1.899641569756546,0
86.98,2,0.3801949133248519,0.03282704549523513,-154.21398857297683,0.5938114442408934,-0.1012841467035622,-152.3143470032203,-64.83910233973025,0.07999999076128006,0.011291583068668842,-0.20993272531422905,0.15373974044157462,-1.899641569756546,0
87.07,2,0.3729853586553007,0.02936575407506152,-154.35709463231098,0.5867205898676487,-0.10498252487325435,-152.45745306255444,-64.969208623222,0.07999999076128006,-0.007616849150508642,-0.20993272531422905,0.15373974044157462,-1.899641569756546,0
87.18,2,0.36579277472052674,0.025916637625208266,-154.45023170554666,0.5796462933152712,-0.10866817220207375,-152.55059013579012,-64.96666628303926,0.07999999076128006,-0.04584187641739845,-0.20993272531422905,0.15373974044157462,-1.899641569756546,0
87.27,2,0.3586205888728954,0.02249067690095974,-154.54714340670276,0.5725916160522879,-0.11233000035645291,-152.6475018369462,-65.07541638893953,0.07999999076128006,-0.05209748446941376,-0.20993272531422932,0.1537397404415744,-1.899641569756526,0
87.38,2,0.3516993097795535,0.019226153056727785,-155.05611586703066,0.5657823561919009,-0.11582216306331702,-153.15647429727412,-65.25758966259106,0.07999999076128006,-0.04240182787179947,-0.20993272531422932,0.1537397404415744,-1.899641569756526,0
87.48,2,0.34486094103247633,0.016055578441618035,-155.26819271906652,0.5590528467961395,-0.11921767978442684,-153.36855114931,-65.58299674586061,0.07999999076128006,-0.042929910123348236,-0.20993272531422932,0.1537397404415744,-1.899641569756526,0
87.58,2,0.3379502822721593,0.01290416802747904,-155.53833115841903,0.552250451843362,-0.12259643917306587,-153.6386895886625,-65.76189225854269,0.07999999076128006,-0.054343465715646744,-0.20993272531422932,0.1537397404415744,-1.899641569756526,0
87.68,2,0.33107503084371137,0.009807222479820882,-156.003408201183,0.5454816393115793,-0.1259195899128184,-154.10376663142645,-66.04448227049929,0.07999999076128006,-0.07599400728940964,-0.20993272531422932,0.1537397404415744,-1.899641569756526,0
87.78,2,0.32436835616423554,0.006836724115502457,-156.34380669952537,0.5388771192945928,-0.12911077482346905,-154.44416512976886,-66.28374246140466,0.07999999076128006,-0.0826403945684433,-0.20993272531422932,0.1537397404415744,-1.899641569756526,0
87.88,2,0.3179086904399745,0.004054989077307031,-157.1218141890937,0.5325132151809263,-0.13210511206632866,-155.22217261933716,-66.71621512394408,0.07999999076128006,-0.016440408304333687,-0.20993272531422932,0.1537397404415744,-1.899641569756526,0
87.98,2,0.31131293977842656,0.00128500837131576,-157.43043701421217,0.5260129112755901,-0.13509221250641204,-155.53079544445563,-67.0334211792579,0.07999999076128006,-0.040660351514816284,-0.20993272531422932,0.1537397404415744,-1.899641569756526,0
88.08,2,0.3039986817186868,-0.0017373061153842795,-157.61076178609179,0.5188028594407967,-0.1383553257990476,-155.71112021633527,-67.25380502909,0.07999999076128006,0.011379563249647617,-0.200665553939994,0.15240647086616196,-1.699679299255875,0
88.18,2,0.29781633373009453,-0.004657426192814645,-157.81193394563428,0.5116253207644714,-0.14156376450845942,-155.93464303598498,-67.37272331311723,0.07999999076128006,-0.025344902649521828,-0.200665553939994,0.15240647086616196,-1.699679299255875,0
88.28,2,0.2990817037332121,-0.007338883179847044,-157.7968073512785,0.5042655328682436,-0.14485224213756895,-156.09712805202264,-67.39984626289369,0.07999999076128006,-0.05194093659520149,-0.200665553939994,0.15240647086616196,-1.699679299255875,0
88.38,2,0.2918449850933609,-0.010282520375616805,-158.04062663080066,0.4971193083857491,-0.14800922998336213,-156.34094733154478,-67.53674121592779,0.07999999076128006,-0.06839272379875183,-0.200665553939994,0.15240647086616196,-1.699679299255875,0
88.48,2,0.28495373466680385,-0.013029271478662868,-158.52775710249307,0.49031256035022913,-0.1509591715496565,-156.8280778032372,-67.8619410905696,0.07999999076128006,-0.07533407211303711,-0.200665553939994,0.15240647086616196,-1.699679299255875,0
88.58,2,0.278233656853937,-0.01564771905715104,-158.94445802391647,0.4836731040510847,-0.1537757889507298,-157.24477872466062,-68.13938086372958,0.07999999076128006,-0.06376002728939056,-0.200665553939994,0.15240647086616196,-1.699679299255875,0
88.68,2,0.2715630284036751,-0.018173548376401838,-159.44020342267223,0.47708032824041646,-0.15649836214197688,-157.74052412341635,-68.57962655878042,0.07999999076128006,-0.08183691650629044,-0.20066555393999397,0.15240647086616194,-1.699679299255869,0
88.78,2,0.26485752182950506,-0.020659195553614174,-160.01407431593316,0.4704514978228806,-0.15918180537807733,-158.31439501667728,-68.84261569913038,0.07999999076128006,-0.08671337366104126,-0.20066555393999397,0.15240647086616194,-1.699679299255869,0
88.88,2,0.25839476724973515,-0.02298468793349892,-160.49878955058364,0.4640605622999448,-0.1616979640990082,-158.79911025132776,-69.30201029530028,0.07999999076128006,-0.055365752428770065,-0.20066555393999397,0.15240647086616194,-1.699679299255869,0
88.98,2,0.25172333720805823,-0.02532110373902391,-160.98619096498751,0.4574613671227442,-0.16423123088924332,-159.28651166573164,-69.61193949801324,0.07999999076128006,0.019634247571229932,-0.20066555393999397,0.15240647086616194,-1.699679299255869,0
89.08,2,0.24453547538486414,-0.027791922512622497,-160.98432747404848,0.4503499538597996,-0.16691415921570188,-159.2846481747926,-69.85519062668365,0.07999999076128006,-0.02230498567223549,-0.20066555393999397,0.15240647086616194,-1.699679299255869,0
89.18,2,0.2370344186799842,-0.03037571639998765,-160.97954316416596,0.4429288344279507,-0.16971930251336878,-159.2798638649101,-69.81130176686443,0.07999999076128006,-0.05941920354962349,-0.20066555393999397,0.15240647086616194,-1.699679299255869,0
89.28,2,0.22968387747352292,-0.03288491586393061,-161.35554059016673,0.4356559517526077,-0.17244541981980135,-159.65586129091085,-69.98661940066813,0.07999999076128006,-0.07034608721733093,-0.20066555393999397,0.15240647086616194,-1.699679299255869,0
89.38,2,0.2231083774333274,-0.0350912436383837,-161.65872113867107,0.42914878587473365,-0.17484581046816813,-159.9590418394152,-70.2229653923018,0.07999999076128006,-0.08286022394895554,-0.20066555393999397,0.15240647086616194,-1.699679299255869,0
89.48,2,0.2163557513922667,-0.03730215574669202,-162.15725241982284,0.42246470790112084,-0.17725603710559037,-160.45757312056696,-70.6349255388443,0.07999999076128006,-0.08726410567760468,-0.20066555393999397,0.15240647086616194,-1.699679299255869,0
89.58,2,0.2096851751169158,-0.03942712164727172,-162.5220458443315,0.41586009437314386,-0.17957792170004458,-160.82236654507562,-70.949242637968,0.07999999076128006,-0.07914790511131287,-0.19983931866131174,0.15335644246049368,-1.8996415697565427,0
89.68,2,0.2032814841316911,-0.04190645652082409,-163.24437836496088,0.4093720124027495,-0.18179256537159733,-161.34473679520434,-71.42676598206272,0.07999999076128006,-0.06531456857919693,-0.19983931866131174,0.15335644246049368,-1.8996415697565427,0
89.78,2,0.19658812217838298,-0.043900264818488355,-163.65729574075922,0.40274842156878415,-0.18400715567908926,-161.75765417100268,-71.72413283700557,0.07999999076128006,-0.059350088238716125,-0.19983931866131174,0.15335644246049368,-1.8996415697565427,0
89.88,2,0.18965680537598548,-0.045917886571420735,-163.96234015197174,0.39588779605062946,-0.18625343430222316,-162.0626985822152,-72.11217294242967,0.07999999076128006,-0.07226928323507309,-0.19983931866131174,0.15335644246049368,-1.8996415697565427,0
89.97,2,0.1827123494971488,-0.047899560089718185,-164.321361947978,0.3890128470315942,-0.18846421999330615,-162.42172037822147,-72.37266485752181,0.08004997670650482,-0.06917982548475266,-0.19983931866131174,0.15335644246049368,-1.8996415697565427,0
90.08,2,0.17589712984703962,-0.04979186796013896,-164.5749078942896,0.38226410084081885,-0.19058140510759958,-162.67526632453306,-72.79316990194673,0.08002106845378876,-0.06491516530513763,-0.19983931866131174,0.15335644246049368,-1.8996415697565427,0
90.18,2,0.16899363376822893,-0.051666646632178154,-164.99130706128787,0.3754265456619067,-0.19268399692595586,-163.09166549153133,-73.06604898450587,0.08000970631837845,-0.07875316590070724,-0.19983931866131174,0.15335644246049368,-1.8996415697565427,0
90.28,2,0.16209798368043257,-0.053495498981038836,-165.30801801879173,0.368595309753745,-0.19474042757499344,-163.4083764490352,-73.47228058298572,0.08000043779611588,-0.08358047902584076,-0.19983931866131174,0.15335644246049368,-1.8996415697565427,0
90.38,2,0.15532667004026177,-0.055241770864255635,-165.8475540124778,0.3618856045070505,-0.19671020152297775,-163.94791244272125,-73.77515670547243,0.07999838888645172,-0.10134920477867126,-0.19983931866131174,0.15335644246049368,-1.8996415697565427,0
90.48,2,0.1487531169730729,-0.05688787951344995,-166.1692285591248,0.3553702308451051,-0.19857331173370849,-164.26958698936826,-74.27810685885413,0.07999848574399948,-0.10350275039672852,-0.19983931866131174,0.15335644246049368,-1.8996415697565427,0
90.58,2,0.14225729330414347,-0.058449639805783965,-166.7474698299991,0.34892974780571256,-0.2003495432973937,-164.84782826024255,-74.64644775366177,0.07999926060438156,-0.11515000462532043,-0.1998393186613117,0.1533564424604936,-1.8996415697565332,0
90.68,2,0.13593206521602733,-0.059915204714059395,-167.10736085087527,0.34265657781811115,-0.20202397728346777,-165.20771928111873,-75.22553522217216,0.07999979704618454,-0.13007484376430511,-0.1998393186613117,0.1533564424604936,-1.8996415697565332,0
90.78,2,0.12969825986473515,-0.061299412519241286,-167.84596852917798,0.33647208342293766,-0.20361406831287257,-165.94632695942144,-75.63126788252602,0.08000002801418304,-0.13044117391109467,-0.1998393186613117,0.1533564424604936,-1.8996415697565332,0
90.88,2,0.12360585722865655,-0.06258035352216729,-168.43030000877118,0.33042549084775474,-0.2050962619448979,-166.53065843901464,-76.30678656951002,0.08000007271766663,-0.11682980507612228,-0.2106990784207919,0.1527212213412379,-1.6996792992558818,0
90.98,2,0.11639288224610186,-0.06377226662010876,-168.89636262257469,0.3243223683518009,-0.20654108625088907,-167.01780816757838,-76.76249824944263,0.08000005036592484,-0.10699576139450073,-0.2106990784207919,0.1527212213412379,-1.6996792992558818,0
91.08,2,0.10103129362034988,-0.06457361969790465,-169.39123443451743,0.3180383248974877,-0.20795311176208678,-167.69155513526155,-77.38897232227836,0.08000002056360245,-0.10174690186977386,-0.2106990784207919,0.1527212213412379,-1.6996792992558818,0
91.18,2,0.0945762346543644,-0.06576415281907352,-169.68585260603857,0.3116214179739654,-0.20933458231979035,-167.98617330678266,-77.79329646918416,0.08000000566244125,-0.08995269238948822,-0.2106990784207919,0.1527212213412379,-1.6996792992558818,0
91.28,2,0.08794218092382869,-0.06692673192792947,-170.3579431445678,0.30502476590475314,-0.21069342026514684,-168.6582638453119,-78.36602559979858,0.07999999821186066,-0.08468243479728699,-0.2106990784207919,0.1527212213412379,-1.6996792992558818,0
91.38,2,0.08128177981827098,-0.06803995337519869,-170.74973792486324,0.29840031407238604,-0.21200370374524632,-169.05005862560733,-78.71701905297697,0.07999999821186066,-0.07491907477378845,-0.2106990784207919,0.1527212213412379,-1.6996792992558818,0
91.48,2,0.07441152929218939,-0.06912725212721471,-171.37297515720505,0.2915653362637796,-0.21329430020546103,-169.6732958579492,-79.21053159819402,0.07999999821186066,-0.07490365207195282,-0.20240759378751397,0.15171520445870626,-1.2997547582545497,0
91.58,2,0.0694315844896676,-0.0699840833213172,-171.62631439295313,0.28465663147420905,-0.2145433225159537,-170.0063593630465,-79.5307744916985,0.07999999821186066,-0.06754410266876221,-0.20240759378751397,0.15171520445870626,-1.2997547582545497,0
91.68,2,0.07023345859321203,-0.07027779843900389,-171.76198123028013,0.2776063829495199,-0.21575155370123533,-170.46222647202558,-79.98557805435429,0.07999999821186066,-0.06819611042737961,-0.20240759378751397,0.15171520445870626,-1.2997547582545497,0
91.78,2,0.0631645818528199,-0.071285886113402,-172.06055222181982,0.27056219149327637,-0.21691972571678592,-170.76079746356527,-80.26753737285655,0.07999999821186066,-0.06418218463659286,-0.20240759378751397,0.15171520445870626,-1.2997547582545497,0
91.88,2,0.056070310262655826,-0.07223257572621816,-172.58765662477867,0.2634912190256218,-0.21802709150084035,-171.28790186652412,-80.68104805460801,0.07999999821186066,-0.06397447735071182,-0.20240759378751397,0.15171520445870626,-1.2997547582545497,0
91.98,2,0.04927681096784617,-0.07309742653539852,-173.04918204704333,0.25671908511250674,-0.21904581710352058,-171.74942728878878,-80.96252030707208,0.07999999821186066,-0.07859767228364944,-0.20240759378751397,0.15171520445870626,-1.2997547582545497,0
92.08,2,0.04178385904679474,-0.07399080685860843,-173.3510189301787,0.24924832567433775,-0.22010893060173972,-172.05126417192415,-81.3717610450523,0.07999999821186066,-0.12993744015693665,-0.20240759378751397,0.15171520445870626,-1.2997547582545497,0
92.18,2,0.034963780961866614,-0.07475417442906895,-174.02177179929382,0.2424473178598318,-0.22102680196482788,-172.72201704103927,-81.69203145057115,0.07999999821186066,-0.17025357484817505,-0.20325612632264942,0.15138450254908412,-1.0997924877538943,0
92.28,2,0.02880796682638992,-0.07487193769492598,-174.51512545219308,0.23636406836418122,-0.22176056292161148,-173.4153329644392,-82.36173127679064,0.07999999821186066,-0.1458057016134262,-0.20325612632264942,0.15138450254908412,-1.0997924877538943,0
92.38,2,0.02294675140759972,-0.07540843861494323,-175.02987393234963,0.23051423019164402,-0.2224094641296314,-173.93008144459574,-82.88014477359239,0.07999999821186066,-0.09340013563632965,-0.20325612632264942,0.15138450254908412,-1.0997924877538943,0
92.48,2,0.017096250240205668,-0.07587821029562608,-175.86674575956113,0.2246738235076462,-0.22299144274364108,-174.76695327180724,-83.59773495046804,0.07999999821186066,-0.052241068333387375,-0.2049299370671544,0.1508514587064834,-0.6998679467525792,0
92.58,2,0.01032185626518875,-0.07538720305643451,-175.69383008209718,0.21799917161017351,-0.22359254859306885,-174.99396213534462,-83.96621168180917,0.07999999821186066,-0.06817004084587097,-0.2049299370671544,0.1508514587064834,-0.6998679467525792,0
92.68,2,0.0029338251362742984,-0.07592058732427315,-176.1481005301322,0.210618206771336,-0.22421613562535123,-175.44823258337965,-84.35779391530768,0.07999999821186066,-0.062499724328517914,-0.2049299370671544,0.1508514587064834,-0.6998679467525792,0
92.78,2,-0.004332259075890216,-0.07638762610325123,-176.4776457265072,0.20335836936174842,-0.2247718925737455,-175.77777777975462,-84.64082038399056,0.07999999821186066,-0.0384272076189518,-0.2049299370671544,0.1508514587064834,-0.6998679467525792,0
92.88,2,-0.011693331241926813,-0.07680502031808906,-176.87735192789975,0.19600294469132656,-0.22527916891059582,-176.1774839811472,-85.02871390298492,0.07999999821186066,0.004095897078514099,-0.2049299370671544,0.1508514587064834,-0.6998679467525792,0
92.98,2,-0.01932034236395333,-0.07720401541840985,-177.1160105788488,0.18838137616494696,-0.22577129586910993,-176.4161426320962,-85.20565696187457,0.07999999821186066,-0.0012014880776405334,-0.2049299370671544,0.1508514587064834,-0.6998679467525792,0
93.08,2,-0.02729299327181564,-0.0776059235468271,-177.17206696562872,0.18041422921996814,-0.22627055752339578,-176.47219901887615,-85.24786659975048,0.07999999821186066,0.007518593221902847,-0.2049299370671544,0.1508514587064834,-0.6998679467525792,0
93.18,2,-0.03530919932833507,-0.077999534728662,-177.19392338982277,0.17240342903095918,-0.22676205486298032,-176.49405544307018,-85.26052835202691,0.0800645723938942,0.008372817188501358,-0.2049299370671544,0.1508514587064834,-0.6998679467525792,0
93.28,2,-0.04334312360662462,-0.07839025886491677,-177.1545863486293,0.1643748766776134,-0.22725088179506153,-176.4547184018767,-85.24332753769781,0.08017166703939438,0.008683204650878906,-0.2049299370671544,0.1508514587064834,-0.6998679467525792,0
93.38,2,-0.05134182219027031,-0.0787821684474456,-177.20602627824735,0.15638156187086383,-0.22774046381381988,-176.50615833149476,-85.22998045713035,0.08021007478237152,0.0030878446996212006,-0.19575583703073549,0.1508123565462403,-0.4999056762519013,0
93.48,2,-0.05797411189598822,-0.07910999861583112,-177.22189005364388,0.1483877577296973,-0.2282302560653837,-176.54941861107935,-85.21031554195974,0.08005916327238083,0.014902066439390182,-0.19575583703073549,0.1508123565462403,-0.4999056762519013,0
93.58,2,-0.057406438810964355,-0.07912245750496541,-177.02397569760421,0.1403502880850344,-0.22871897895667337,-176.52407002135232,-85.20026566854435,0.08001969754695892,0.022110015153884888,-0.19575583703073549,0.1508123565462403,-0.4999056762519013,0
93.68,2,-0.06546357188171179,-0.07954006289416396,-176.96054152946093,0.13229710525027916,-0.22920686604486346,-176.46063585320903,-85.11603270779588,0.07999055087566376,0.056531306356191635,-0.19575583703073549,0.1508123565462403,-0.4999056762519013,0
93.78,2,-0.07332368885397228,-0.07995804545543542,-176.90721394364655,0.12444093430585616,-0.2296934113471205,-176.40730826739465,-85.01640001788212,0.07999084889888763,0.04698193445801735,-0.19575583703073549,0.1508123565462403,-0.4999056762519013,0
93.88,2,-0.0807099825178553,-0.08037865141114792,-176.6995111280016,0.11705859152370339,-0.23017844588805156,-176.1996054517497,-84.75138775086916,0.07999423891305923,0.02678782492876053,-0.19575583703073549,0.1508123565462403,-0.4999056762519013,0
93.98,2,-0.08831360913673357,-0.08083013840549397,-176.47318183169193,0.10945919349244998,-0.23069625649817826,-175.97327615544,-84.60019071292619,0.07999810576438904,0.07703451812267303,-0.19575583703073549,0.1508123565462403,-0.4999056762519013,0
94.08,2,-0.09580343561071399,-0.08129793224709869,-176.28815382922787,0.10197373355000552,-0.23122938044121646,-175.78824815297594,-84.36537997489518,0.0799999013543129,0.13703451812267303,-0.19575583703073549,0.1508123565462403,-0.4999056762519013,0
94.18,2,-0.10282961119573564,-0.08177712035912504,-175.81459331119385,0.09495200626252302,-0.2317698529183005,-175.31468763494195,-84.10144608394458,0.08000042289495468,0.17107003927230835,-0.19575583703073549,0.1508123565462403,-0.4999056762519013,0
94.28,2,-0.10867330795863359,-0.08223473951134055,-175.26677872510282,0.08911252460219338,-0.2322784402597199,-174.76687304885093,-83.42768158051749,0.08000034838914871,0.16289019584655762,-0.19575583703073549,0.1508123565462403,-0.4999056762519013,0
94.38,2,-0.11452110784927745,-0.08274055590005458,-174.86026285032221,0.08326936048584646,-0.23283525880246242,-174.36035717407032,-82.94015568078488,0.08000016957521439,0.13551510870456696,-0.19575583703073549,0.1508123565462403,-0.4999056762519013,0
94.48,2,-0.12055210293977166,-0.08330897184901995,-174.36782791547998,0.07724355431676301,-0.23345627288059528,-173.86792223922808,-82.26649529600223,0.08000003546476364,0.06051510870456696,-0.19403334324387203,0.1603210281120464,-0.8998302172532223,0
94.58,2,-0.12668476743529805,-0.07491021528816522,-174.3746236060805,0.07103442513087155,-0.23414456854981588,-173.4747933888273,-81.81829077814167,0.07999999076128006,-0.051586923003196714,-0.19403334324387203,0.1603210281120464,-0.8998302172532223,0
94.68,2,-0.13426304367317077,-0.0756580618966021,-174.39554205732344,0.06346882790161684,-0.23501133486892956,-173.49571184007021,-81.5972059492311,0.07999997586011887,-0.10992204397916794,-0.19403334324387203,0.1603210281120464,-0.8998302172532223,0
94.78,2,-0.14127293566482046,-0.07633094863781029,-174.69464819211456,0.056470367628562695,-0.23579422445729523,-173.79481797486136,-81.82703940573272,0.07999999076128006,-0.03492204397916794,-0.19403334324387203,0.1603210281120464,-0.8998302172532223,0
94.88,2,-0.14795797655944595,-0.0769071239797178,-175.23308086592056,0.049795199601487816,-0.2364753129961466,-174.33325064866733,-82.28518689566143,0.07999999076128006,-0.07748110592365265,-0.19403334324387203,0.1603210281120464,-0.8998302172532223,0
94.98,2,-0.15529029418293067,-0.07750327537749277,-175.56636426283336,0.042473148379413836,-0.23718654019054963,-174.66653404558014,-82.47735261646523,0.07999999076128006,-0.08604411780834198,-0.19403334324387203,0.1603210281120464,-0.8998302172532223,0
95.08,2,-0.16218870901111232,-0.07801807879410322,-175.89347204955206,0.03558366892579927,-0.2378096152724241,-174.99364183229883,-82.86597726409099,0.07999999076128006,-0.06886757910251617,-0.19403334324387203,0.1603210281120464,-0.8998302172532223,0
95.18,2,-0.16909056759603308,-0.0784923720604414,-176.38678048695525,0.028690109954375972,-0.23839223928175396,-175.48695026970202,-83.14787987972203,0.07999999076128006,-0.12886757910251617,-0.19403334324387203,0.1603210281120464,-0.8998302172532223,0
95.28,2,-0.17603022029487805,-0.07891532548981497,-176.6517047440075,0.02175795527084057,-0.23892412331755775,-175.7518745267543,-83.55111837733463,0.07999999076128006,-0.0833086296916008,-0.19403334324387203,0.1603210281120464,-0.8998302172532223,0
95.38,2,-0.18255405634982635,-0.07925433870726592,-177.31101417601698,0.015240247725449458,-0.23936554736108284,-176.41118395876376,-83.90980759910067,0.07999999076128006,-0.12231811136007309,-0.19403334324387203,0.1603210281120464,-0.8998302172532223,0
95.48,2,-0.18915945785887703,-0.07953474039119302,-177.74554314167284,0.00864006432839261,-0.23974964803191448,-176.84571292441962,-84.41586451736826,0.07999999076128006,-0.04731811136007309,-0.204033343243872,0.15032102811204642,-0.8998302172532181,0
95.58,2,-0.1971628113299157,-0.08139115190649956,-178.3403059717611,0.002274029133275443,-0.24007304936989904,-177.44047575450787,-84.76845668113965,0.07999999076128006,-0.07124754454940557,-0.204033343243872,0.15032102811204642,-0.8998302172532181,0
95.68,2,-0.21320420008427599,-0.08998718524168023,-178.3595382041542,-0.005395840531380271,-0.2404226006959564,-177.459707986901,-85.01980058424147,0.07999999076128006,-0.10631803423166275,-0.204033343243872,0.15032102811204642,-0.8998302172532181,0
95.78,2,-0.22032428583496025,-0.09015468717431582,-178.97739289476993,-0.012512417716413825,-0.24070189832214378,-178.0775626775167,-85.28230956105658,0.07999999076128006,-0.1165706217288971,-0.204033343243872,0.15032102811204642,-0.8998302172532181,0
95.88,2,-0.226904397617917,-0.09024622364201218,-179.3998326056386,-0.01909028051242177,-0.24089675990896636,-178.50000238838538,-85.81427540767473,0.07217749208211899,-0.0415706217288971,-0.204033343243872,0.15032102811204642,-0.8998302172532181,0
95.97,2,-0.23345600288096185,-0.09026770668837772,179.8060954519511,-0.025640740447725914,-0.2410211290370228,-179.29407433079567,-86.18615935360143,0.07825183868408203,-0.0415706217288971,-0.204033343243872,0.15032102811204642,-0.8998302172532181,0
96.08,2,-0.24067391553363746,-0.09026123046480922,179.86178419086175,-0.032857864685266094,-0.24112800627050207,-179.23838559188502,-86.31375777644269,0.07882649451494217,-0.05857410654425621,-0.204033343243872,0.15032102811204642,-0.8998302172532181,0
96.18,2,-0.247901139924037,-0.09021010289000653,179.31084814128158,-0.04008500073284229,-0.2411903838940248,-179.78932164146522,-86.53825603871266,0.08016311377286911,-0.11857410654425621,-0.204033343243872,0.15032102811204642,-0.8998302172532181,0
96.28,2,-0.25491764201212674,-0.09010521582372533,178.86250558346532,-0.04710228472269605,-0.2411956993980247,179.76233580071855,-86.97132794751744,0.08021941035985947,-0.20675213396549225,-0.20403334324387207,0.15032102811204648,-0.8998302172532149,0
96.38,2,-0.2610312212680774,-0.08992549008829764,177.84840021632482,-0.05321793252272095,-0.24111200564189578,178.74823043357804,-87.43315145286849,0.08019255846738815,-0.32440754771232605,-0.20403334324387207,0.15032102811204648,-0.8998302172532149,0
96.48,2,-0.2661613260006858,-0.08968444260525252,176.73643620832706,-0.05835119010090109,-0.24095155286794004,177.6362664255803,-88.39296412587139,0.0800774097442627,-0.3703705072402954,-0.20403334324387207,0.15032102811204648,-0.8998302172532149,0
96.58,2,-0.2709265156244775,-0.08937099439055168,175.50797336846446,-0.06312071457870189,-0.24071297753465942,176.4078035857177,-89.13064278288901,0.07926253229379654,-0.32088932394981384,-0.20403334324387223,0.15032102811204673,-0.8998302172531308,0
96.68,2,-0.27508197777737076,-0.08899771475450399,174.20581680772767,-0.06728152639163797,-0.2404050027822054,175.1056470249808,-90.41537921222508,0.07982350140810013,-0.37152212858200073,-0.20403334324387223,0.15032102811204673,-0.8998302172531308,0
96.78,2,-0.27944337259138297,-0.08850952435450402,173.00896968188354,-0.07165005006923827,-0.2399853654762013,173.90879989913668,-91.25393422639964,0.07979767769575119,-0.2965221285820007,-0.20560814604844782,0.15186117105017471,-0.49990567625182036,0
96.88,2,-0.28349601390165097,-0.08696057619826705,172.124953252171,-0.0758012099332673,-0.23949222010363796,172.6248589284228,-92.52866528498714,0.07999207079410553,-0.24478790163993835,-0.20560814604844782,0.15186117105017471,-0.49990567625182036,0
96.98,2,-0.2879257571654879,-0.08630782773699097,171.00168124252653,-0.08023647974775266,-0.23887814550725572,171.50158691877837,-93.32306518931937,0.08000719547271729,-0.17417900264263153,-0.20637178499680606,0.15265523358957817,-0.2999434057511576,0
97.07,2,-0.29288317164160377,-0.08498241579634874,170.1002943506284,-0.08526617380312093,-0.23808727817724826,170.40023775637954,-94.39090859283775,0.08002008497714996,-0.11941497027873993,-0.20637178499680606,0.15265523358957817,-0.2999434057511576,0
97.18,2,-0.2985874998832605,-0.08394975918782621,169.33587793768842,-0.09097582981341046,-0.2370844977407355,169.63582134343957,-94.97165428165712,0.08001010864973068,-0.04441497027873993,-0.2093604025981367,0.14591810086808532,0.49990567625146504,0
97.28,2,-0.30472533683094544,-0.09081795313866081,169.86655155827225,-0.09742680026300642,-0.23589499472948805,169.36664588202078,-95.61292749392082,0.08000387996435165,0.05549026913940906,-0.2093604025981367,0.14591810086808532,0.49990567625146504,0
97.38,2,-0.31209540824794,-0.08948646107992755,169.85180022318363,-0.10478497403531643,-0.23449925029351162,169.35189454693216,-95.7154042146937,0.08000018447637558,0.0935051441192627,-0.2093604025981367,0.14591810086808532,0.49990567625146504,0
97.48,2,-0.3189681077328049,-0.08827903609772719,170.25360770377324,-0.11164687727825987,-0.2332319077268054,169.75370202752177,-95.4063467694844,0.07999922335147858,0.032396525144577026,-0.2093604025981367,0.14591810086808532,0.49990567625146504,0
97.58,2,-0.32581492246375976,-0.08712144514654868,170.54307104745354,-0.11848333154893775,-0.2320146231359222,170.04316537120206,-95.11962704514029,0.07999932765960693,0.02832356095314026,-0.2093604025981367,0.14591810086808532,0.49990567625146504,0
97.68,2,-0.33351448641768017,-0.08584716445425036,170.57770648418997,-0.1261714844796794,-0.23067321310285877,170.0778008079385,-94.91366476979245,0.07999967038631439,0.08832356095314026,-0.2093604025981367,0.14591810086808532,0.49990567625146504,0
97.78,2,-0.3411219169142757,-0.08460186808645087,170.81885357092767,-0.13376776034495513,-0.22936159014529234,170.31894789467623,-94.81044640100664,0.0799999088048935,0.046740132570266726,-0.2093604025981367,0.14591810086808532,0.49990567625146504,0
97.88,2,-0.347917001261688,-0.08352151520267981,171.18899437681074,-0.1405531600946698,-0.22822199202380705,170.68908870055927,-94.41903692093257,0.07997164875268936,-0.05963886976242065,-0.2093604025981367,0.14591810086808532,0.49990567625146504,0
97.98,2,-0.3554888779473182,-0.08234746564041362,171.0315151614563,-0.14811450512274096,-0.22698192336300224,170.53160948520483,-94.34938263518566,0.07999369502067566,-0.1417527049779892,-0.2093604025981367,0.14591810086808532,0.49990567625146504,0
98.08,2,-0.3599793820389943,-0.08163476386063356,170.92214412294905,-0.15259862005015287,-0.22623006955937838,170.42223844669758,-94.74773445084118,0.0799957662820816,-0.0667527049779892,-0.2093604025981367,0.14591810086808532,0.49990567625146504,0
98.18,2,-0.36849298356292903,-0.0802130047321977,170.14924258459266,-0.16109949283351643,-0.22473408431590058,169.64933690834118,-95.17306205216549,0.08000060170888901,0.023555731400847435,-0.19586301690295765,0.15061976595223817,-0.49990567625185917,0
98.28,2,-0.3743191819385425,-0.07764380777168103,169.96300165397963,-0.16851629023358788,-0.2233737226879626,169.6303376847331,-95.46577841228955,0.07908318191766739,-0.04638386517763138,-0.19586301690295765,0.15061976595223817,-0.49990567625185917,0
98.38,2,-0.37393523199009393,-0.06980480529663319,169.04882475710508,-0.17614225721741555,-0.22196984168720285,169.54873043335695,-95.4689664419187,0.07979562878608704,-0.03317314013838768,-0.19586301690295765,0.15061976595223817,-0.49990567625185917,0
98.48,2,-0.38147144782983466,-0.06833027831831018,168.76451538132505,-0.1836910512940628,-0.22056112348211848,169.2644210575769,-95.70358691271905,0.07986261695623398,-0.010583613067865372,-0.19586301690295765,0.15061976595223817,-0.49990567625185917,0
98.58,2,-0.3891747111232057,-0.06679932702103628,168.6883557233524,-0.19140737876202152,-0.2190974405762788,169.18826139960427,-95.83382036642963,0.08001918345689774,0.021811524406075478,-0.19586301690295765,0.15061976595223817,-0.49990567625185917,0
98.68,2,-0.39659204319407365,-0.06530732586199936,168.63779800584197,-0.19883744605511036,-0.21767021160786967,169.13770368209384,-95.87189969185377,0.0763978436589241,-0.05318847559392452,-0.19586301690295765,0.15061976595223817,-0.49990567625185917,0
98.78,2,-0.4044325606030309,-0.06372640535170324,168.55838193819665,-0.20669145839026293,-0.21615775891792913,169.0582876144485,-95.8201745898944,0.07940063625574112,-0.12185457348823547,-0.19586301690295765,0.15061976595223817,-0.49990567625185917,0
98.88,2,-0.4112616705304457,-0.06232025613948325,168.10665570775168,-0.21353257688041333,-0.214811246455505,168.60656138400356,-96.17007298225334,0.079507015645504,-0.18185457348823547,-0.19586301690295763,0.15061976595223828,-0.49990567625183846,0
98.97,2,-0.4174205687309478,-0.060982775290150615,167.24018674804006,-0.21970291002976797,-0.21352755221914824,167.7400924242919,-96.5872686189043,0.07776008546352386,-0.2919706231355667,-0.19586301690295763,0.15061976595223828,-0.49990567625183846,0
99.08,2,-0.42257611263527567,-0.059775646805474675,166.29651947724793,-0.22486878976324076,-0.2123654512307381,166.79642515349977,-97.49421129134623,0.07808338850736618,-0.38,-0.19586301690295763,0.15061976595223828,-0.49990567625183846,0
99.18,2,-0.42692348288988136,-0.05867004993065619,165.09772920935424,-0.22922564075610177,-0.21129782676200146,165.5976348856061,-98.28226959845371,0.07877501100301743,-0.38,-0.20834601597013952,0.14581727546884926,0.29994340575077993,0
99.27,2,-0.4403619167580394,-0.0656475766111112,164.5911744005172,-0.23311973501547437,-0.21024735677276696,164.2912309947664,-99.61234074987411,0.07813858985900879,-0.38,-0.20834601597013952,0.14581727546884926,0.29994340575077993,0
99.38,2,-0.44436175544642587,-0.06449405618564272,163.1656769877452,-0.23711348024390097,-0.20907291309361237,162.86573358199442,-100.47704314811645,0.07885761559009552,-0.38,-0.20834601597013977,0.1458172754688495,0.2999434057508042,0
99.48,2,-0.4483849687412572,-0.063225301600426,161.67667060039847,-0.24112999651040895,-0.20778311446820916,161.3767271946477,-101.79212482039931,0.07866537570953369,-0.38,-0.20834601597013977,0.1458172754688495,0.2999434057508042,0
99.58,2,-0.45235958342237387,-0.06186376488041248,160.29098079382862,-0.2450974291168716,-0.20640078939194467,159.9910373880778,-102.67051557892756,0.07891210168600082,-0.3794514536857605,-0.20834601597013977,0.1458172754688495,0.2999434057508042,0
99.68,2,-0.456326574814123,-0.060392286706215825,158.9077262381937,-0.24905666299754162,-0.20490856427571624,158.6077828324429,-103.97641141494533,0.07904976606369019,-0.3794410526752472,-0.2194562563434796,0.1485115583156746,0.699867946752128,0
99.78,2,-0.4699325866225627,-0.05787887791751056,157.88538166544856,-0.2529786406836801,-0.203315546765215,157.18551371869646,-104.84468309354867,0.08003492653369904,-0.379704087972641,-0.2194562563434796,0.1485115583156746,0.699867946752128,0
99.88,2,-0.47379734041754107,-0.056248836510913225,156.34511601703895,-0.2568231956989357,-0.20163842016960742,155.6452480702868,-106.15000482817851,0.0798443928360939,-0.3799099922180176,-0.22051273947089955,0.1512357162895826,1.099792487753444,0
99.98,2,-0.477559849401451,-0.054340620996182476,154.91594646022733,-0.2606325206710411,-0.19985773600969622,154.14060668458106,-107.01958918343874,0.0784657746553421,-0.38,-0.22051273947089955,0.1512357162895826,1.099792487753444,0
100.08,2,-0.4810954512352835,-0.05176350015188197,153.70955380874295,-0.2644310383289974,-0.19796024225732017,152.6097613209895,-108.3308809035018,0.07520107179880142,-0.38,-0.22001764173023275,0.1398590025656155,0.8998302172528251,0
100.17,2,-0.4850781664586693,-0.06029153241844454,151.95148179323314,-0.2681710721419819,-0.19596324780412142,151.0516515759803,-109.21067189335128,0.07313011586666107,-0.38,-0.22001764173023275,0.1398590025656155,0.8998302172528251,0
100.28,2,-0.488805184091908,-0.058244032713570704,150.40030456003535,-0.27186547549474355,-0.19385747019311075,149.50047434278252,-110.5314129377137,0.06159988045692444,-0.38,-0.22001764173023275,0.13985900256561543,0.8998302172527992,0
100.38,2,-0.49233990751915574,-0.056169533577993896,148.71250083956554,-0.2753671843467951,-0.19172771633735508,147.81267062231277,-111.40967769745407,0.056986432522535324,-0.38,-0.22001764173023275,0.13985900256561543,0.8998302172527992,0
100.48,2,-0.49554842941740007,-0.05414909042548938,146.90318153706508,-0.278543580811651,-0.18965713458285535,146.00335131981228,-112.82472998973114,0.05304408445954323,-0.37999919056892395,-0.22085544658162853,0.14266153268402468,1.2997547582541176,0
100.58,2,-0.4980462322033982,-0.0512584891976573,145.4183624831924,-0.28151816461790524,-0.187582593836347,144.11860772493827,-113.82802372833714,0.04862836375832558,-0.3799988925457001,-0.22085544658162853,0.14266153268402468,1.2997547582541176,0
100.68,2,-0.5007621512417572,-0.04932787190004717,143.69390239282765,-0.28418959257055204,-0.1855908679348813,142.39414763457353,-115.4046496617528,0.04170234128832817,-0.3799993693828583,-0.22085544658162867,0.14266153268402482,1.2997547582541271,0
100.78,2,-0.5032561711323763,-0.04744629975626416,142.14184200817752,-0.286640290962577,-0.18365320791867878,140.8420872499234,-116.49688395725798,0.039273060858249664,-0.3799997568130493,-0.22085544658162867,0.14266153268402482,1.2997547582541271,0
100.88,2,-0.5055055021977303,-0.04564173682374564,140.27336366718293,-0.28884811029032853,-0.1817980875896994,138.9736089089288,-118.20309445002815,0.035150617361068726,-0.37999996542930603,-0.22085544658162873,0.14266153268402476,1.299754758254108,0
100.98,2,-0.507512791972412,-0.04391115480624075,138.2135927469721,-0.29081562871619726,-0.18002241937668212,136.91383798871797,-119.37636203698769,0.02093144692480564,-0.38,-0.22085544658162873,0.14266153268402476,1.299754758254108,0
101.08,2,-0.50923314957529,-0.04232467647421362,136.4170701275185,-0.2924995575078043,-0.17839732627025148,135.11731536926442,-121.21068146564315,0.014862598851323128,-0.38,-0.22146793391628183,0.14545333205483968,1.699679299255477,0
101.18,2,-0.5103377329041469,-0.04094220214508876,134.50681611001022,-0.2937162625008823,-0.1771478460935739,133.12361207004875,-122.57409696648209,0.022243136540055275,-0.3799999952316284,-0.22146793391628183,0.14545333205483968,1.699679299255477,0
101.28,2,-0.510777549677564,-0.039309752670211556,132.9054326205499,-0.2946625201500097,-0.17610068275819446,131.20575332129445,-124.73334137707847,0.021620377898216248,-0.3799999952316284,-0.2109231017148798,0.14268405145183136,1.2997547582541755,0
101.38,2,-0.5093430511713084,-0.03823357662787322,130.99752417315938,-0.29578727630923846,-0.1747829522945894,129.40996737107582,-126.09216286888196,0.01564539223909378,-0.3799999952316284,-0.2109231017148798,0.14268405145183136,1.2997547582541755,0
101.48,2,-0.5036924749063483,-0.03753140452614995,128.71738012358577,-0.29678188250316245,-0.17352818408015508,127.4176253653316,-128.17541729776627,0.008760133758187294,-0.3799999952316284,-0.2111599800968149,0.14404978733036028,1.4997170287548194,0
101.58,2,-0.5044261330904818,-0.03640870750570488,126.82019651226827,-0.29757396785935253,-0.1724596458111657,125.47803010489966,-129.63125678206742,0.014311503618955612,-0.3799999952316284,-0.2111599800968149,0.14404978733036028,1.4997170287548194,0
101.68,2,-0.504699970460201,-0.035342419971227945,125.3704485786032,-0.2981344943482103,-0.17164822534127697,123.87073154984836,-131.9233418342195,0.010862273164093494,-0.3799999952316284,-0.22075067816914076,0.1513574363453859,1.0997924877534249,0
101.78,2,-0.5161800600215392,-0.025033652496855074,123.08259310696704,-0.2987605773745947,-0.1706881756052257,121.98280061921362,-133.40786985238515,0.010058663785457611,-0.3799999952316284,-0.22075067816914076,0.1513574363453859,1.0997924877534249,0
101.87,2,-0.5167246016205602,-0.02418459040951751,122.24163875537896,-0.29928872191308475,-0.16982881809657083,121.14184626762552,-135.68945024821318,0.009445900097489357,-0.3799999952316284,-0.22075067816914076,0.1513574363453859,1.0997924877534249,0
101.98,2,-0.5154283327420897,-0.0249550408715124,121.5299801231797,-0.2997526712568972,-0.16905059878152048,120.36485161033364,-137.22831340578577,0.01067163422703743,-0.3799999952316284,-0.2111064960558884,0.14400189307653896,1.4997170287547328,0
102.08,2,-0.5068260973315137,-0.0320315031812424,121.06174859963636,-0.30022545180366034,-0.16823352004268316,119.56203157088162,-139.53196670054228,0.010723508894443512,-0.3799999952316284,-0.2107791734631353,0.1413778855409821,1.0997924877534406,0
102.18,2,-0.5082923684917683,-0.03161827560371466,120.27394270612557,-0.30077884503865515,-0.16725387697796415,119.17415021837212,-141.0463623794166,0.010205358266830444,-0.3799999952316284,-0.2107791734631353,0.1413778855409821,1.0997924877534406,0
102.28,2,-0.5088651791847867,-0.030620236473911988,119.43757998287164,-0.30133239402472634,-0.16624502727921167,118.33778749511814,-143.29432072937166,0.008741332218050957,-0.3799999952316284,-0.2107791734631353,0.1413778855409821,1.0997924877534406,0
102.38,2,-0.5093665670259434,-0.029730470805671316,119.22965000037371,-0.3018166114978085,-0.1653458019735171,118.12985751262022,-144.81294887437588,0.007951902225613594,-0.3799999952316284,-0.2106421375388719,0.1400762024997394,0.899830217252734,0
102.48,2,-0.5102094380513225,-0.029284331051975726,118.2056104567464,-0.30219005542190874,-0.16463513678842134,117.30578023949361,-147.15037612169337,0.008396470919251442,-0.3799999952316284,-0.2106421375388719,0.1400762024997394,0.899830217252734,0
102.58,2,-0.5105493593494068,-0.028628919420756127,116.33490253270564,-0.30251964198402553,-0.1639744677386685,115.43507231545289,-148.7243493606107,0.018396470919251444,-0.3799999952316284,-0.2106421375388719,0.1400762024997394,0.899830217252734,0
102.68,2,-0.511010036684155,-0.027674824580251917,114.72024031846382,-0.302965279064079,-0.16301325591793964,113.82041010121111,-151.0647156094353,0.009161782115697861,-0.3799999952316284,-0.21064213753887243,0.13007620249973942,0.8998302172528017,0
102.78,2,-0.5115776841705512,-0.036394686074948945,112.96550349292869,-0.30351275279885137,-0.1617243607432625,112.06567327567592,-152.53868392960968,0.016203934084624054,-0.3799999952316284,-0.21064213753887243,0.13007620249973942,0.8998302172528017,0
102.88,2,-0.5119214707576294,-0.035540813940870025,111.06884704033573,-0.3038430874792177,-0.16086519496312535,110.16901682308297,-154.87497406134077,0.022633133456110954,-0.3799999952316284,-0.21073909468649785,0.13133607739517142,1.0997924877533563,0
102.98,2,-0.511941000577085,-0.03399840193926018,109.82410982419458,-0.30431981942087183,-0.15952280613303435,108.72431733644122,-156.33999770999904,0.032633133456110956,-0.3799999952316284,-0.21073909468649785,0.13133607739517142,1.0997924877533563,0
103.08,2,-0.5126335299067604,-0.03203186031299382,108.5776437976652,-0.30497447572538866,-0.15754333449563832,107.47785130991183,-158.36064266380194,0.018501092344522477,-0.3799999952316284,-0.2008208249233436,0.12256844791643717,1.299754758253939,0
103.18,2,-0.5028149159571937,-0.039801340325926485,107.3651417368403,-0.30559943263285794,-0.15547786314362136,106.06538697858639,-159.66221620244224,-0.0008115582168102264,-0.3799999952316284,-0.2008208249233436,0.12256844791643717,1.299754758253939,0
103.28,2,-0.5029741849520507,-0.03921979746668958,105.27009245340298,-0.3057454694805143,-0.1548928572043534,103.97033769514903,-161.960846759711,0.0051741390489041805,-0.3799999952316284,-0.2008861450822309,0.11378359092271517,1.4997170287545167,0
103.38,2,-0.502902471267371,-0.04166789191670424,103.22418777179095,-0.3058051187204264,-0.15463295444476305,101.86942791299356,-163.65817490406818,0.011954819783568382,-0.3799999952316284,-0.2008861450822309,0.11378359092271517,1.4997170287545167,0
103.48,2,-0.5026922124373688,-0.04812032584927753,101.40968677303637,-0.305940036094422,-0.15394958549158275,99.90996974428185,-166.1294888846803,0.0028976581525057554,-0.3799999952316284,-0.2008347422080533,0.12260219023069753,1.2997547582538718,0
103.58,2,-0.5033346860821701,-0.03753132804739358,99.20611289704406,-0.3060544298871881,-0.15323069426975724,97.90635813879021,-167.72010293197917,0.007470112293958664,-0.3799999952316284,-0.2008347422080529,0.12260219023069743,1.299754758253831,0
103.68,2,-0.5034037185328324,-0.03705606292246394,97.2752088595968,-0.30611266411156196,-0.15275398556065878,95.97545410134299,-170.2446496990274,0.0041731661185622215,-0.3799999952316284,-0.2008347422080529,0.12260219023069743,1.299754758253831,0
103.78,2,-0.5034725774404003,-0.036457842928249204,95.71117758309312,-0.3061679358455042,-0.15215435755426085,94.41142282483928,-171.90422338481832,-0.010826833881437778,-0.3782893121242523,-0.19080427233881472,0.11147264712845173,1.0997924877531522,0
103.88,2,-0.49397377024078204,-0.04672659904424381,93.78301252947567,-0.3061500965754805,-0.1523511218027752,92.6832200417225,-174.3479550187428,-0.015353812836110592,-0.37961772084236145,-0.19080427233881458,0.11147264712845201,1.0997924877531826,0
103.98,2,-0.49390038764282096,-0.04806748545070362,91.84164381504117,-0.30610246423000365,-0.15369316968581692,90.741851327288,-175.8400372394641,-0.022589268162846565,-0.379743367433548,-0.19080427233881458,0.11147264712845201,1.0997924877531826,0
104.07,2,-0.4938763222195948,-0.04956035093879617,89.96970894981439,-0.30610705703346636,-0.15518622206811614,88.86991646206121,-178.07673289623187,-0.019915204495191574,-0.38,-0.19080427233881442,0.10147264712845219,1.0997924877532248,0
104.18,2,-0.4939014701645744,-0.06129885247015748,88.1851146508538,-0.3061655688334473,-0.15692392065042124,87.0853221631006,-179.49167501051338,-0.02423548884689808,-0.38,-0.19077047876243403,0.10042473362823785,0.8998302172525763,0
104.28,2,-0.49416008755303764,-0.0629882728714362,86.50255323525039,-0.3062779686658849,-0.1586149745971601,85.46898403400249,178.37737061394353,-0.02507268823683262,-0.38,-0.19077047876243403,0.10042473362823785,0.8998302172525763,0
104.38,2,-0.4946667945330893,-0.06489180404321426,84.79647424767634,-0.30645502847718503,-0.16052365522782672,83.89664403042376,177.01208414497077,-0.016542788594961166,-0.38,-0.19085608814935504,0.10248377071969608,1.2997547582538764,0
104.48,2,-0.49378445308747776,-0.06683987783025569,83.3766940133284,-0.3066912009460898,-0.1624087420818139,82.07693925507455,174.9701031646254,-0.010237673297524452,-0.38,-0.19085608814935504,0.10248377071969608,1.2997547582538764,0
104.58,2,-0.4939674793625254,-0.06819463279506888,81.32158472505807,-0.3069049101102155,-0.16375899688192108,80.02182996680419,173.51267785460735,-0.006890215910971165,-0.37999823689460754,-0.19085608814935487,0.10248377071969578,1.299754758253824,0
104.68,2,-0.4941272389124318,-0.06911592351513515,79.3950708623843,-0.30708552624253566,-0.16467642672524005,78.09531610413048,171.17351433210476,-0.003704898990690708,-0.37999776005744934,-0.19085608814935487,0.10248377071969578,1.299754758253824,0
104.78,2,-0.4942679746155919,-0.06978312019597546,77.14204974795653,-0.307241359793909,-0.16534025942504826,75.84229498970274,169.5378081422025,-0.002567742485553026,-0.37999871373176575,-0.19085608814935498,0.10248377071969583,1.2997547582538513,0
104.88,2,-0.49435049758630834,-0.07010311622323043,74.87612549067515,-0.3073311200192885,-0.16565830124634634,73.57637073242128,166.97402896125834,0.0007995448540896177,-0.3799995481967926,-0.19085608814935498,0.10248377071969583,1.2997547582538513,0
104.98,2,-0.49441857089878294,-0.0703362080686872,72.76093857861696,-0.3074044630519471,-0.16588978900811815,71.4611838203631,165.24227422975548,0.0007756906561553478,-0.37999996542930603,-0.19085608814935492,0.10248377071969574,1.299754758253796,0
105.08,2,-0.49438978401136646,-0.07023545751830447,70.81121703275087,-0.3073733982409968,-0.1657897173547385,69.51146227449706,162.62870492906865,0.0008888943120837212,-0.38,-0.19085608814935492,0.10248377071969574,1.299754758253796,0
105.18,2,-0.4943479438006988,-0.0701194368497381,68.60424047753658,-0.3073289370924103,-0.16567467560131974,67.30448571928277,160.88932576755306,-0.001696075894869864,-0.38,-0.19066106438988537,0.1007061535844402,0.8998302172524212,0
105.27,2,-0.4953413721164285,-0.06975648421249113,66.03179592122788,-0.30731973993061457,-0.16565680864367838,65.13196570397545,158.26997873639,-0.0032400789204984903,-0.38,-0.19066106438988537,0.1007061535844402,0.8998302172524212,0
105.38,2,-0.4954226832094004,-0.06993395701685208,63.637972686852635,-0.30740382809204064,-0.1658329826236981,62.73814246960025,156.53542364566366,0.0031288040336221457,-0.3799999952316284,-0.18077015637469007,0.10155952121208216,1.0997924877530454,0
105.48,2,-0.48494474852042085,-0.07015929100467251,61.5765631818253,-0.3074144977970708,-0.16584890569530286,60.47677069407225,153.95221836260163,0.0026020174846053123,-0.3799999952316284,-0.18077015637469007,0.10155952121208216,1.0997924877530454,0
105.58,2,-0.48478395148460174,-0.06986877818963423,59.72487908196645,-0.30724815433196156,-0.16556153270762808,58.6250865942134,152.26405308764674,0.0001632721396163106,-0.3799999952316284,-0.18077015637469016,0.10155952121208224,1.099792487753059,0
105.68,2,-0.4846163598146709,-0.06958967413316568,58.04879171820381,-0.30707523646211,-0.1652856967918132,56.948999230450745,149.72629570117877,-0.002097927965223789,-0.3799999952316284,-0.18077015637469016,0.10155952121208224,1.099792487753059,0
105.78,2,-0.484658520311536,-0.06966133554554511,56.14646820537769,-0.3071187646485807,-0.16535653578180254,55.04667571762462,147.97968185881254,-0.002710022497922182,-0.3799999952316284,-0.18062730047028658,0.0907743612657355,0.8998302172524303,0
105.88,2,-0.4852126520430114,-0.0795302492095367,54.1137192201288,-0.30722231376981624,-0.16550029203519592,53.21388900287637,145.39303613544632,0.0037814306560903788,-0.3799999952316284,-0.18062730047028658,0.0907743612657355,0.8998302172524303,0
105.98,2,-0.48516200988324615,-0.07945852487771497,52.586573899367636,-0.30717055147096495,-0.16542937185091391,51.68674368211521,143.72633393743433,0.009513366967439651,-0.3799999952316284,-0.19046563897560165,0.08001992223920965,0.6998679467517479,0
106.08,2,-0.4952689525519137,-0.08873369488254657,50.740423396195624,-0.3068418487562463,-0.1650179478439383,50.04055544944387,141.25518190543258,0.013353435322642326,-0.3799999952316284,-0.19046563897560165,0.08001992223920965,0.6998679467517479,0
106.18,2,-0.49472396454464945,-0.08808112733282114,49.10027602111372,-0.30628893049188005,-0.16437208584014285,48.40040807436198,139.66970481773606,0.016630232334136963,-0.3799999952316284,-0.19029159004510032,0.06928710958433576,0.4999056762510957,0
106.28,2,-0.49423639391586566,-0.08752983867404704,47.617328870735825,-0.3057946624134212,-0.1638267938358349,46.917460923984095,137.3778923903609,0.017094289883971214,-0.3799999952316284,-0.19029159004510032,0.06928710958433576,0.4999056762510957,0
106.38,2,-0.49328801286172175,-0.09576927238974275,45.5166298205776,-0.304424988654912,-0.16240648925612056,45.0167241443265,135.92009862158193,0.018023207783699036,-0.3799999952316284,-0.19067896173751772,0.060688749435086085,0.8998302172524287,0
106.48,2,-0.4915161211648216,-0.10547684152126174,44.283429570410924,-0.303409583225683,-0.1614206458820516,43.38359935315849,133.72794500507007,0.01677284575998783,-0.3799999952316284,-0.19067896173751772,0.060688749435086085,0.8998302172524287,0
106.58,2,-0.4904542146006682,-0.10446784812483526,42.53657781347529,-0.30233196202699114,-0.1604284534727104,41.636747596222854,132.26766437977963,0.01640259474515915,-0.3799999952316284,-0.1906789617375175,0.050688749435085945,0.8998302172523872,0
106.68,2,-0.48979654681851104,-0.10388012763530977,41.19007062376476,-0.3016651455782068,-0.15985113370938492,40.29024040651234,130.03112281801677,0.014230608940124512,-0.3799999952316284,-0.1906789617375175,0.050688749435085945,0.8998302172523872,0
106.78,2,-0.4883534262637764,-0.11267777831306205,38.129474561243214,-0.30020332087062956,-0.15867159593867827,37.22964434399084,128.54130363323833,0.0116853853687644,-0.3799999952316284,-0.19067896173751753,0.050688749435085834,0.8998302172523657,0
106.88,2,-0.48742921859871474,-0.11198732684485169,35.75473602406549,-0.29926838408520157,-0.15799574370233802,34.8549058068131,126.22491683983313,0.007861350663006306,-0.3799999952316284,-0.19067896173751753,0.050688749435085834,0.8998302172523657,0
106.98,2,-0.4868623814980287,-0.1115934658382679,33.87620364669742,-0.29869543155458556,-0.1576108330778001,32.976373429445026,124.64186395285894,0.0023736965376883745,-0.3799999952316284,-0.19067896173751753,0.050688749435085834,0.8998302172523657,0
107.08,2,-0.485897128423759,-0.1111787736031089,31.353709205755386,-0.2978211157291981,-0.15707483170824044,30.389782821208325,122.22457780169192,-0.0017807860858738422,-0.3799999952316284,-0.1900905722126635,0.04954913660891529,0.4999056762510136,0
107.18,2,-0.48589736346592804,-0.11091319900794057,28.824022387418477,-0.29771636202019364,-0.15702115503641717,27.946082057230466,120.51702494686715,-0.007152796257287264,-0.38,-0.1900905722126635,0.04954913660891529,0.4999056762510136,0
107.28,2,-0.48665588486414707,-0.11018448618571257,25.81725175214153,-0.2979476827897445,-0.1571400433988435,25.317346075890512,117.92972070906183,-0.01474507711827755,-0.38,-0.19068986373945346,0.040689531821345035,0.8998302172523669,0
107.38,2,-0.48700400053769555,-0.11034839190002778,23.86682719392797,-0.2982972152723286,-0.15730090560377014,23.36692151767696,116.2979326394105,-0.02203807607293129,-0.38,-0.19068986373945346,0.040689531821345035,0.8998302172523669,0
107.48,2,-0.48824042285577035,-0.122026405783645,21.151209422098884,-0.30006921364264044,-0.15802303188140393,20.251379204846515,114.04370383258816,-0.024906611070036888,-0.38,-0.18931715951776948,0.04848481353653523,0.09998113524975671,0
107.58,2,-0.4908446489192909,-0.1106722319957608,18.157798151324574,-0.3018047592257699,-0.15863063801179472,18.05781701607482,112.64359143580835,-0.027410034090280533,-0.38,-0.190047557317283,0.049581085103799265,0.49990567625110227,0
107.68,2,-0.49271968244977904,-0.11154964299440873,16.145421341113277,-0.3037808662056341,-0.15924052012290016,15.942016838697446,110.60437669120603,-0.031923163682222366,-0.38,-0.190047557317283,0.049581085103799265,0.49990567625110227,0
107.78,2,-0.49459671314431897,-0.11289876656477871,14.18536831872013,-0.3059551826226197,-0.1598165095963578,13.685462642469027,109.27500062391289,-0.03656106814742088,-0.38,-0.19168953211015669,0.05175530525956692,1.2997547582537265,0
107.87,2,-0.49614530668079104,-0.11550788935729481,13.115697724702203,-0.3081714801972614,-0.16031417197450748,11.815942966448473,107.34661151929262,-0.040349576622247696,-0.3580576479434967,-0.19168953211015669,0.05175530525956692,1.2997547582537265,0
107.98,2,-0.49876613026103034,-0.11607299519956801,11.251517941498655,-0.31080444778298455,-0.16081968413483733,9.95176318324493,106.13131646223589,-0.04165969416499138,-0.33876654505729675,-0.18987373860227852,0.04956655742963422,0.4999056762511363,0
108.07,2,-0.5022532830261541,-0.11446075032887906,8.334317194976382,-0.3137987745578201,-0.16129558751244383,7.834411518725248,104.40863374992317,-0.04169592261314392,-0.3091232180595398,-0.2017726329361871,0.05177806829231666,1.2997547582537354,0
108.18,2,-0.5149582916290294,-0.11704692339420586,7.168214978125488,-0.31693454450423486,-0.16167754676737614,5.8684602198717535,103.26675427516906,-0.04244992136955261,-0.24564151465892792,-0.2017726329361871,0.05177806829231666,1.2997547582537354,0
108.28,2,-0.5182827633080389,-0.11741901785194525,5.48526022344798,-0.32026660105685595,-0.16197413631566027,4.185505465194244,101.60990926771436,-0.03927865996956825,-0.20881690084934235,-0.19228948393619283,0.05234116473826524,1.4997170287543808,0
108.38,2,-0.5118380079700642,-0.11827717797065407,4.293216491172018,-0.32390448922334364,-0.16219667056363632,2.793499462417637,100.58468348973155,-0.037982746958732605,-0.15413358807563782,-0.19228948393619283,0.05234116473826524,1.4997170287543808,0
108.48,2,-0.5156652530014595,-0.11851279625258979,2.924177368992122,-0.32773658985252063,-0.1623320414356264,1.4244603402377414,99.1831544535427,-0.04036841168999672,-0.10321126878261566,-0.2028427637276748,0.05292334777932794,1.6996792992550518,0
108.58,2,-0.5182646638797471,-0.11862548072845083,2.0414073590076662,-0.3303380594930144,-0.16237665550122668,0.5416903302532847,98.44414612828754,-0.04054506868124008,-0.07050413638353348,-0.2028427637276748,0.05292334777932794,1.6996792992550518,0
108.68,2,-0.5331287713513678,-0.11933324980196522,1.3789403756207788,-0.3352499329430014,-0.16238431175453738,-0.32073892363427287,97.62032106731198,-0.03755511716008186,-0.059938713908195496,-0.20284276372767499,0.052923347779327994,1.6996792992550858,0
108.78,2,-0.5369897224358126,-0.11940280985569138,0.8056716915610951,-0.3391112485063051,-0.1623393228877166,-0.8940076076939907,97.24081018444451,-0.03400731831789017,-0.03736744821071625,-0.20284276372767499,0.052923347779327994,1.6996792992550858,0
108.88,2,-0.5405466126080798,-0.11943827239182828,0.4105221785792473,-0.3426676255817702,-0.16226927014939377,-1.2891571206758383,96.7928809086957,-0.031065039336681366,-0.03458467125892639,-0.20284276372767499,0.052923347779327994,1.6996792992550858,0
108.98,2,-0.5438915377850068,-0.11944659781336436,-0.012081768187341468,-0.3460113260165111,-0.1621783792554739,-1.7117610674424266,96.58235154094466,-0.028988797217607498,-0.013848145492374897,-0.20284276372767499,0.052923347779327994,1.6996792992550858,0
109.08,2,-0.5467122950992885,-0.11943774561394563,-0.20402163393684095,-0.34883057970936676,-0.16208586545743273,-1.9037009331919268,96.31394950073309,-0.027456212788820267,-0.010269371792674065,-0.20284276372767499,0.052923347779327994,1.6996792992550858,0
109.18,2,-0.549593558995068,-0.11942136049929453,-0.35499301683317136,-0.35171008993125025,-0.16198402739395285,-2.054672316088257,96.2238268139679,-0.025973454117774963,-0.003083157818764448,-0.20284276372767499,0.052923347779327994,1.6996792992550858,0
109.28,2,-0.5522393899515317,-0.1194020439031809,-0.4101253436809488,-0.3543541838485101,-0.16188624223262393,-2.1098046429360346,96.13038985339504,-0.024696582928299904,-0.001165514811873436,-0.20284276372767499,0.052923347779327994,1.6996792992550858,0
109.38,2,-0.5547972170092639,-0.11938197618619614,-0.45928156281070176,-0.3569102903077196,-0.16179031653367162,-2.1589608620657876,96.08321233635725,-0.023307042196393013,0.0010689487680792809,-0.20284276372767499,0.052923347779327994,1.6996792992550858,0
109.48,2,-0.5571541987832604,-0.11936142688378809,-0.4776137203177933,-0.359265625565729,-0.16169986666269828,-2.1772930195728786,96.03179908002755,-0.02194136753678322,0.0006967736408114433,-0.20284276372767499,0.052923347779327994,1.6996792992550858,0
109.58,2,-0.5593568764372461,-0.11934017456743509,-0.5822606061967412,-0.3614667037416547,-0.1616132908474714,-2.2819399054518272,96.01545347691861,-0.020757516846060753,0.005734406411647797,-0.20284276372767499,0.052923347779327994,1.6996792992550858,0
109.68,2,-0.5614503205071127,-0.11931812561318336,-0.5822449447313051,-0.36355857276458403,-0.1615291586838721,-2.281924243986391,95.98880041835694,-0.01980441063642502,0.006558803841471672,-0.20467318377249197,0.04504911730781781,2.2995661107570604,0
109.78,2,-0.5634726640764218,-0.13093836525118968,0.06930148219242022,-0.3655719002166316,-0.1614492082849225,-2.2302646285646404,95.97509358033996,-0.018499406054615974,0.00624923687428236,-0.20467318377249197,0.04504911730781781,2.2995661107570604,0
109.88,2,-0.5653848781024026,-0.13094053045407805,0.08969680314232888,-0.36748266121182643,-0.1613746456367452,-2.209869307614731,95.96154267117403,-0.01649429462850094,-0.0067897215485572815,-0.20467318377249197,0.04504911730781781,2.2995661107570604,0
109.98,2,-0.5671961120247266,-0.13094310700365744,0.07509603588967281,-0.36929253992771094,-0.16130454575248507,-2.2244700748673867,95.9522880505997,-0.01498982310295105,-0.00906248576939106,-0.20467318377249197,0.04504911730781781,2.2995661107570604,0
110.08,2,-0.5687991485310677,-0.1309436018792425,-0.03383587639675572,-0.3708943053636432,-0.16124071963074224,-2.333401987153816,95.90414160125135,-0.013904266990721226,-0.010358267463743687,-0.20467318377249197,0.04504911730781781,2.2995661107570604,0
110.18,2,-0.5702750323708867,-0.13094025478653976,-0.20769136331063623,-0.37236886637322014,-0.1611781565369597,-2.5072574740676963,95.85713973788035,-0.013266608119010925,-0.0038292352110147476,-0.20467318377249197,0.04504911730781781,2.2995661107570604,0
110.28,2,-0.5715999946975517,-0.1309340574614527,-0.276994847620606,-0.37369251304352147,-0.16111880111496513,-2.576560958377666,95.77313913965996,-0.012805675156414509,0.0005110884085297585,-0.20467318377249197,0.04504911730781781,2.2995661107570604,0
110.38,2,-0.5728592442145786,-0.13092789970552476,-0.27765294519952105,-0.37495050141045805,-0.1610621219058789,-2.5772190559565815,95.73235537818832,-0.012217706069350243,0.0015826206654310226,-0.20467318377249197,0.04504911730781781,2.2995661107570604,0
110.48,2,-0.5740611555763296,-0.1309220294796707,-0.2794215442491776,-0.3761512093335145,-0.1610080306444096,-2.5789876550062383,95.6944886995108,-0.011568009853363037,0.0024190424010157585,-0.20467318377249197,0.04504911730781781,2.2995661107570604,0
110.58,2,-0.5752235934811564,-0.13091639761087298,-0.2576150986523564,-0.3773124851515534,-0.16095576138994772,-2.557181209409417,95.67808317064986,-0.010943320579826832,0.0034414017572999,-0.20467318377249197,0.04504911730781781,2.2995661107570604,0
110.68,2,-0.5763451909285228,-0.13091151479050206,-0.24078511781078873,-0.3784329834559818,-0.16090587927244146,-2.5403512285678485,95.66612697898901,-0.010268212296068668,0.0023992806673049927,-0.20467318377249197,0.04504911730781781,2.2995661107570604,0
110.78,2,-0.5773925781832059,-0.1309069734557448,-0.25286565347803175,-0.37947934503111536,-0.1608593159920808,-2.552431764235092,95.66289153339221,-0.009641294367611408,0.0027305446565151215,-0.20467318377249197,0.04504911730781781,2.2995661107570604,0
110.87,2,-0.5783824432512983,-0.13090257258812488,-0.25240597356336864,-0.380468236378468,-0.16081520109894443,-2.551972084320429,95.66076598542357,-0.009082901291549206,0.003048297017812729,-0.20467318377249197,0.04504911730781781,2.2995661107570604,0
110.98,2,-0.5792647754656669,-0.13089858124128995,-0.2676892474505743,-0.38134969790011647,-0.16077581006931327,-2.567255358207634,95.66260660861887,-0.008573305793106556,0.003864479251205921,-0.20467318377249197,0.04504911730781781,2.2995661107570604,0
111.08,2,-0.580185787336814,-0.1308940999441292,-0.30880195609323857,-0.3822697882708995,-0.16073437749262987,-2.608368066850298,95.66355348606854,-0.008114650845527649,0.005116848275065422,-0.20467318377249197,0.04504911730781781,2.2995661107570604,0
111.18,2,-0.5810906256001995,-0.13088895829519342,-0.34853795581245534,-0.38317369156243963,-0.16069293404944376,-2.6481040665695157,95.66268858649356,-0.007675946690142155,0.007028370164334774,-0.20467318377249197,0.04504911730781781,2.2995661107570604,0
111.28,2,-0.5819352530839347,-0.13088368567370212,-0.3593079898649152,-0.38401742730695837,-0.16065377565009498,-2.6588741006219747,95.65562692154226,-0.007233704440295696,0.008017080835998058,-0.20467318377249197,0.04504911730781781,2.2995661107570604,0
111.37,2,-0.5827471484679224,-0.13087869655278428,-0.3445747768009693,-0.38482846868616355,-0.16061621387317876,-2.644140887558029,95.64734666468652,-0.006768496707081795,0.00809481181204319,-0.20467318377249197,0.04504911730781781,2.2995661107570604,0
111.48,2,-0.5834979072758499,-0.13087422385806208,-0.34482194090068086,-0.38557844344385594,-0.1605816211643643,-2.6443880516577405,95.63568914057436,-0.006315531209111214,0.008435479365289211,-0.20467318377249197,0.04504911730781781,2.2995661107570604,0
111.58,2,-0.584307395628497,-0.1308693561817878,-0.35001540266106357,-0.3863870846029775,-0.16054427731456125,-2.6495815134181235,95.62778573162913,-0.005884281825274229,0.008839341811835766,-0.20467318377249197,0.04504911730781781,2.2995661107570604,0
111.68,2,-0.5850514318775571,-0.13086480451429472,-0.3544301727383611,-0.3871303390467645,-0.1605098754340429,-2.6539962834954203,95.61275449071483,-0.005485374480485916,0.009574111551046371,-0.20467318377249197,0.04504911730781781,2.2995661107570604,0
111.78,2,-0.585790892579558,-0.13086040174375163,-0.3334532363929443,-0.3878690276025598,-0.16047580592085128,-2.633019347150004,95.60038928416158,-0.0050596194341778755,0.009072553366422653,-0.20467318377249197,0.04504911730781781,2.2995661107570604,0
111.88,2,-0.586550832819467,-0.1308561082338987,-0.3229584169211551,-0.3886281835880714,-0.160441023854758,-2.6225245276782156,95.58518865686479,-0.004618403501808643,0.009135350584983826,-0.20467318377249197,0.04504911730781781,2.2995661107570604,0
111.98,2,-0.5873200181291613,-0.13085205902125163,-0.26323507461047657,-0.38939658700054064,-0.1604061149378699,-2.562801185367537,95.57741158083577,-0.00415042694658041,0.008264733478426933,-0.20467318377249197,0.04504911730781781,2.2995661107570604,0
112.08,2,-0.587626953777935,-0.1308505945734278,-0.15882997477815017,-0.3897032167138928,-0.16039233611407877,-2.4583960855352105,95.68023078618243,-0.0037720289546996355,0.0054130880162119865,-0.20467318377249197,0.04504911730781781,2.2995661107570604,0
112.17,2,-0.5879567246020148,-0.13085003492487185,-0.036011577948977185,-0.39003269951773173,-0.16037854511718883,-2.335577688706037,95.74994971907607,-0.0034221073146909475,0.0017140135169029236,-0.20467318377249197,0.04504911730781781,2.2995661107570604,0
112.28,2,-0.5882732990146408,-0.13085012237155774,0.03449020226428293,-0.39034902250139597,-0.16036593019022763,-2.265075908492777,95.84744593930392,-0.00310304737649858,-0.0017394814640283585,-0.20467318377249197,0.04504911730781781,2.2995661107570604,0
112.38,2,-0.5886966077254657,-0.13085042461920304,0.004707726291678108,-0.3907720024487437,-0.16034924726016103,-2.2948583844653827,95.89943030727196,-0.0029708922374993563,-0.0005470672622323036,-0.20467318377249197,0.04504911730781781,2.2995661107570604,0
112.48,2,-0.5888247605972136,-0.13085016523798382,-0.06294935809112849,-0.39090004171138454,-0.16034384605305416,-2.3625154688481893,95.86610986282633,-0.0029250262305140495,0.000925108790397644,-0.20467318377249197,0.04504911730781781,2.2995661107570604,0
112.58,2,-0.5890553996423076,-0.13084996342543337,-0.05105833756548607,-0.3911304869250516,-0.16033439018989154,-2.350624448322546,95.82982452039231,-0.002919703722000122,0.0026463326066732407,-0.20467318377249197,0.04504911730781781,2.2995661107570604,0
112.68,2,-0.5891803286861268,-0.13084990551582287,0.021116062674030302,-0.39125531303980804,-0.16032931964574804,-2.27845004808303,95.86714968111524,-0.0027533958200365305,0.00041259732097387314,-0.20467318377249197,0.04504911730781781,2.2995661107570604,0
112.78,2,-0.5893863905552938,-0.13085009231642464,0.041143654988707486,-0.3914612164623744,-0.16032123822294442,-2.2584224557683528,95.90816031978447,-0.0026001506485044956,-0.0004194015637040138,-0.20467318377249197,0.04504911730781781,2.2995661107570604,0
112.87,2,-0.5893574427439893,-0.13084998787546964,0.04373369890966052,-0.3914322877721589,-0.16032229537461407,-2.255832411847399,95.91361652229001,-0.0025392877869307995,-0.0008241431787610054,-0.20467318377249197,0.04504911730781781,2.2995661107570604,0
112.98,2,-0.589354554822747,-0.13085000566841326,0.042196083993614256,-0.39142940289049055,-0.16032242902883315,-2.257370026763446,95.91361652229001,-0.002545711351558566,-0.00045836158096790314,-0.20467318377249197,0.04504911730781781,2.2995661107570604,0
113.08,2,-0.5893576071872718,-0.13085003467618483,0.0465256237258989,-0.3914324539608575,-0.1603223355394812,-2.253040487031161,95.91361652229001,-0.0025573696475476027,-0.000546538271009922,-0.20467318377249197,0.04504911730781781,2.2995661107570604,0
113.18,2,-0.5893547394579478,-0.1308500489810741,0.04465970309562404,-0.39142958911489156,-0.16032246489826973,-2.254906407661436,95.91361652229001,-0.002566309180110693,-0.0005047190934419632,-0.20467318377249197,0.04504911730781781,2.2995661107570604,0
113.27,2,-0.5893575565259935,-0.13085007212321517,0.04270259013906166,-0.39143240484291003,-0.16032237498909993,-2.2568635206179986,95.91361652229001,-0.002576236380264163,-0.0003212541341781616,-0.20467318377249197,0.04504911730781781,2.2995661107570604,0
113.38,2,-0.5893550602308621,-0.13085008333177311,0.04275812086225559,-0.3914299110077823,-0.16032248635054128,-2.256807989894804,95.91361652229001,-0.002579210791736841,-0.0003671487793326378,-0.20467318377249197,0.04504911730781781,2.2995661107570604,0
113.48,2,-0.5893575168550778,-0.13085010113498452,0.04577934819544142,-0.3914323663680161,-0.1603224055692709,-2.2537867625616186,95.91361652229001,-0.002575681312009692,-0.0003782203420996666,-0.20467318377249197,0.04504911730781781,2.2995661107570604,0
113.58,2,-0.5893553447925842,-0.13085010949834258,0.04439566066295296,-0.3914301963902599,-0.16032250107821996,-2.2551704500941074,95.91361652229001,-0.0025738717522472143,-0.00043704546988010406,-0.20467318377249197,0.04504911730781781,2.2995661107570604,0
113.68,2,-0.5893574851935622,-0.13085012352053027,0.0489342185170337,-0.3914323356302002,-0.16032242920718331,-2.2506318922400257,95.91361652229001,-0.0025703436695039272,-0.00046364497393369675,-0.20467318377249197,0.04504911730781781,2.2995661107570604,0
113.78,2,-0.5893555952194112,-0.13085012988344596,0.04592565178459405,-0.39143044743335426,-0.16032251139872464,-2.253640458972466,95.91361652229001,-0.0025790375657379627,-0.00024064816534519196,-0.20467318377249197,0.04504911730781781,2.2995661107570604,0
113.88,2,-0.589357837357712,-0.13085014151081462,0.04126371855330508,-0.3914326882325981,-0.16032243305266625,-2.258302392203754,95.91361652229001,-0.00257586850784719,-0.00039975252002477646,-0.20467318377249197,0.04504911730781781,2.2995661107570604,0
113.98,2,-0.5893563892594651,-0.1308501466491815,0.03969465871135147,-0.391431241506679,-0.16032249629071627,-2.2598714520457084,95.91361652229001,-0.002570596057921648,-0.00048516038805246353,-0.20467318377249197,0.04504911730781781,2.2995661107570604,0
114.08,2,-0.5893574361734949,-0.13085015506555148,0.0362061013687088,-0.39143228791532836,-0.16032246269369357,-2.2633600093883515,95.91361652229001,-0.002578947925940156,-0.00018631387501955032,-0.20467318377249197,0.04504911730781781,2.2995661107570604,0
114.18,2,-0.5893562376815022,-0.130850158919963,0.03801858192562512,-0.3914310905431378,-0.1603225146335645,-2.2615475288314353,95.91361652229001,-0.002578260377049446,-0.0003702472895383835,-0.20467318377249197,0.04504911730781781,2.2995661107570604,0
114.28,2,-0.5893574247698042,-0.13085016553473977,0.04512968365671123,-0.39143227694088917,-0.16032247361201526,-2.254436427100349,95.91361652229001,-0.0025766771286726,-0.0002872021868824959,-0.20467318377249197,0.04504911730781781,2.2995661107570604,0
114.38,2,-0.5893566279895781,-0.13085016855579645,0.0437735370206285,-0.3914314809235286,-0.1603225086008288,-2.255792573736432,95.91361652229001,-0.0025680551771074533,-0.0005895458161830902,-0.20467318377249197,0.04504911730781781,2.2995661107570604,0
114.48,2,-0.5893576726978683,-0.13085017378890573,0.048564290408905336,-0.3914325250004886,-0.16032247191161247,-2.251001820348154,95.91361652229001,-0.002560131950303912,-0.0006577381864190102,-0.20467318377249197,0.04504911730781781,2.2995661107570604,0
114.58,2,-0.5893567168745351,-0.13085017595813936,0.04438760622174748,-0.3914315700339197,-0.1603225124307705,-2.255178504535313,95.91361652229001,-0.00256399717181921,-0.0005766712129116058,-0.20467318377249197,0.04504911730781781,2.2995661107570604,0
114.68,2,-0.5893576233536699,-0.1308501802643922,0.03847988546223444,-0.391432475955851,-0.16032248036178204,-2.261086225294825,95.91361652229001,-0.0025705310981720686,-0.0004351455718278885,-0.20467318377249197,0.04504911730781781,2.2995661107570604,0
114.78,2,-0.5893567920501539,-0.13085018211078064,0.036134751186940504,-0.3914316453958694,-0.16032251556209362,-2.263431359570119,95.91361652229001,-0.0025839973241090775,-0.00013544689863920212,-0.20467318377249197,0.04504911730781781,2.2995661107570604,0
114.88,2,-0.5893575781920131,-0.1308501853645882,0.03534916836851385,-0.39143243103520425,-0.16032248726994738,-2.2642169423885457,95.91361652229001,-0.002591043245047331,-2.346932888031006e-05,-0.20467318377249197,0.04504911730781781,2.2995661107570604,0
114.98,2,-0.5893566288140254,-0.1308501864856207,0.03472377988245798,-0.39143148246673226,-0.16032252648313386,-2.2648423308746013,95.91361652229001,-0.002594243735074997,5.9791840612888336e-05,-0.20467318377249197,0.04504911730781781,2.2995661107570604,0
115.07,2,-0.5893575373119705,-0.13085018935347248,0.027148674123157628,-0.39143239034813326,-0.16032249289589945,-2.272417436633903,95.91361652229001,-0.0025974924210458994,0.0001756865531206131,-0.20467318377249197,0.04504911730781781,2.2995661107570604,0
115.18,2,-0.5893569107040468,-0.13085019042067686,0.03129030824244428,-0.3914317642876384,-0.16032251910440223,-2.2682758025146157,95.91361652229001,-0.002595500322058797,8.73170793056488e-05,-0.20467318377249197,0.04504911730781781,2.2995661107570604,0
115.28,2,-0.5893575004725228,-0.1308501923725936,0.032387409699021076,-0.3914323536594924,-0.16032249739074356,-2.2671787010580395,95.91361652229001,-0.002589249750599265,-1.625996083021164e-05,-0.20467318377249197,0.04504911730781781,2.2995661107570604,0
115.38,2,-0.5893567593142311,-0.13085019292806072,0.03572071127341273,-0.39143161312034386,-0.16032252768416608,-2.2638453994836474,95.91361652229001,-0.0025870611425489187,-5.1381997764110565e-05,-0.20467318377249197,0.04504911730781781,2.2995661107570604,0
115.48,2,-0.589357467039972,-0.13085019465076198,0.036413377398188576,-0.3914323203452747,-0.16032250100853251,-2.2631527333588717,95.91361652229001,-0.002595756435766816,0.0002045314759016037,-0.20467318377249197,0.04504911730781781,2.2995661107570604,0
115.58,2,-0.5893568254178264,-0.1308501949268165,0.04269102210904989,-0.3914316792509044,-0.16032252702895666,-2.2568750886480102,95.91361652229001,-0.0025880022440105677,-0.00015021301805973053,-0.20467318377249197,0.04504911730781781,2.2995661107570604,0
115.68,2,-0.5893574448156004,-0.13085019633751993,0.04528688012902337,-0.3914322982064801,-0.16032250358566785,-2.2542792306280366,95.91361652229001,-0.002571839140728116,-0.0004244782030582428,-0.20467318377249197,0.04504911730781781,2.2995661107570604,0
115.78,2,-0.5893568880547522,-0.13085019645029822,0.04821170962329222,-0.3914317418985172,-0.16032252603795333,-2.2513544011337676,95.91361652229001,-0.0025635657366365194,-0.0005812942981719971,-0.20467318377249197,0.04504911730781781,2.2995661107570604,0
115.88,2,-0.5893574293128365,-0.13085019768259876,0.0435133354002696,-0.39143228277017095,-0.1603225055516999,-2.2560527753567903,95.91361652229001,-0.0025642376858741045,-0.0005353586748242378,-0.20467318377249197,0.04504911730781781,2.2995661107570604,0
115.98,2,-0.589356946179521,-0.130850197835642,0.039521037134636824,-0.39143180003206385,-0.16032252508997014,-2.260045073622423,95.91361652229001,-0.0025696258526295424,-0.00046224985271692276,-0.20467318377249197,0.04504911730781781,2.2995661107570604,0
116.08,2,-0.5893574184599837,-0.1308501987915806,0.04152292584222194,-0.39143227197055497,-0.16032250709525098,-2.2580431849148384,95.91361652229001,-0.0025756123941391706,-0.00033145491033792496,-0.20467318377249197,0.04504911730781781,2.2995661107570604,0
116.18,2,-0.5893569992037893,-0.13085019883602272,0.04449575829759895,-0.3914318530537711,-0.16032252396198754,-2.2550703524594606,95.91361652229001,-0.0025780415162444115,-0.0003150254487991333,-0.20467318377249197,0.04504911730781781,2.2995661107570604,0
116.28,2,-0.5893574107831248,-0.13085019960586258,0.041731956548683,-0.39143226433255063,-0.16032250821690525,-2.2578341542083775,95.91361652229001,-0.0025745753664523363,-0.0003828546032309532,-0.20467318377249197,0.04504911730781781,2.2995661107570604,0
116.38,2,-0.5893570296110104,-0.13085019959962693,0.04334096727666953,-0.3914318834671443,-0.1603225235049106,-2.2562251434803904,95.91361652229001,-0.0025748377665877342,-0.0003316560760140419,-0.20467318377249197,0.04504911730781781,2.2995661107570604,0
116.48,2,-0.5893574059297361,-0.1308502002717134,0.03716910143335353,-0.3914322595097871,-0.16032250907695836,-2.2623970093237067,95.91361652229001,-0.0025745194870978594,-0.0003572264686226845,-0.20467318377249197,0.04504911730781781,2.2995661107570604,0
116.58,2,-0.5893570743938868,-0.13085020028366656,0.03928062105973299,-0.39143192824140366,-0.16032252239152114,-2.260285489697327,95.91361652229001,-0.0025711460039019585,-0.0004439624026417732,-0.20467318377249197,0.04504911730781781,2.2995661107570604,0
116.68,2,-0.5893574024798954,-0.13085020079095588,0.03917288023273196,-0.39143225608355886,-0.1603225097342048,-2.2603932305243286,95.91361652229001,-0.0025750158820301294,-0.0002971561625599861,-0.20467318377249197,0.04504911730781781,2.2995661107570604,0
116.77,2,-0.5893571139505486,-0.1308502007822765,0.037587757073454645,-0.39143196778621675,-0.1603225213025491,-2.2619783536836056,95.91361652229001,-0.002576407976448536,-0.0003364440053701401,-0.20467318377249197,0.04504911730781781,2.2995661107570604,0
116.88,2,-0.5893573997702871,-0.13085020120642785,0.034691086514693215,-0.3914322533928031,-0.16032251025806316,-2.2648750242423663,95.91361652229001,-0.002579827792942524,-0.0002066195011138916,-0.20467318377249197,0.04504911730781781,2.2995661107570604,0
116.97,2,-0.5893571486806819,-0.13085020123006402,0.03330177291546579,-0.39143200250634896,-0.16032252035645633,-2.2662643378415943,95.91361652229001,-0.0025844667106866837,-0.00013200659304857254,-0.20467318377249197,0.04504911730781781,2.2995661107570604,0
117.08,2,-0.589357397512254,-0.130850201551013,0.031032562100729317,-0.39143225115041463,-0.16032251069297268,-2.2685335486563307,95.91361652229001,-0.002578861080110073,-0.0002977438271045685,-0.20467318377249197,0.04504911730781781,2.2995661107570604,0
117.18,2,-0.5893571790209874,-0.13085020156648386,0.030383544628826607,-0.39143203283572,-0.16032251947522397,-2.269182566128234,95.91361652229001,-0.0025899107567965984,0.0001043202355504036,-0.20467318377249197,0.04504911730781781,2.2995661107570604,0
117.28,2,-0.5893574397378284,-0.13085020183413415,0.031891946532553755,-0.39143229335334473,-0.1603225092815973,-2.267674164224506,95.91361652229001,-0.002590982709079981,-4.7841109335422516e-05,-0.20467318377249197,0.04504911730781781,2.2995661107570604,0
117.38,2,-0.5893572723039481,-0.13085020181701051,0.0325892558656764,-0.39143212605361194,-0.16032251598264233,-2.2669768548913836,95.91361652229001,-0.0025790215004235506,-0.00028244685381650925,-0.20467318377249197,0.04504911730781781,2.2995661107570604,0
117.48,2,-0.5893574329272417,-0.13085020201258085,0.03526896419439779,-0.3914322865554027,-0.1603225097331698,-2.2642971465626625,95.91361652229001,-0.002580411033704877,-0.00013995636254549026,-0.20467318377249197,0.04504911730781781,2.2995661107570604,0
117.58,2,-0.5893572871819949,-0.1308502020004223,0.03249778900184748,-0.39143214092703676,-0.16032251556893629,-2.267068321755213,95.91361652229001,-0.00259030913002789,4.946533590555191e-05,-0.20467318377249197,0.04504911730781781,2.2995661107570604,0
117.68,2,-0.5893574267095784,-0.13085020216272103,0.03494045469801001,-0.39143228034877053,-0.16032251013266804,-2.26462565605905,95.91361652229001,-0.00258904998190701,-6.870739161968231e-05,-0.20467318377249197,0.04504911730781781,2.2995661107570604,0
117.78,2,-0.589357299848083,-0.13085020215376658,0.02999231281003382,-0.3914321535890776,-0.16032251521394011,-2.269573797947026,95.91361652229001,-0.0025912891142070293,6.424915045499802e-05,-0.20467318377249197,0.04504911730781781,2.2995661107570604,0
117.88,2,-0.5893574209736094,-0.13085020228958388,0.02972228116613585,-0.39143227462251123,-0.16032251048958004,-2.2698438295909242,95.91361652229001,-0.0025911603588610888,1.0157003998756409e-05,-0.20467318377249197,0.04504911730781781,2.2995661107570604,0
117.97,2,-0.5893573043017118,-0.1308502022792255,0.029504751546182546,-0.3914321580441539,-0.1603225151605996,-2.270061359210878,95.91361652229001,-0.0025910232216119766,4.5579858124256134e-05,-0.20467318377249197,0.04504911730781781,2.2995661107570604,0
118.08,2,-0.5893574156177834,-0.13085020237830514,0.03213737160839691,-0.391432269274558,-0.16032251079312823,-2.2674287391486634,95.91361652229001,-0.0025809986982494593,-0.00025206152349710464,-0.20467318377249197,0.04504911730781781,2.2995661107570604,0
118.17,2,-0.5893573196688835,-0.13085020236312378,0.029015240259524348,-0.3914321734023168,-0.16032251462783445,-2.270550870497536,95.91361652229001,-0.0025867316871881485,4.07220795750618e-05,-0.20467318377249197,0.04504911730781781,2.2995661107570604,0
118.28,2,-0.589357410757873,-0.13085020246015788,0.026005135396439845,-0.39143226442184553,-0.1603225110699152,-2.2735609753606205,95.91361652229001,-0.0025909696705639362,-2.4009495973587036e-06,-0.20467318377249197,0.04504911730781781,2.2995661107570604,0
118.38,2,-0.5893573272394441,-0.13085020244881201,0.026098435249680772,-0.3914321809702189,-0.16032251440969078,-2.273467675507379,95.91361652229001,-0.002593051176518202,8.90735536813736e-05,-0.20467318377249197,0.04504911730781781,2.2995661107570604,0
118.48,2,-0.5893574061177596,-0.1308502025268235,0.022591563568117652,-0.3914322597881437,-0.1603225113227081,-2.2769745471889418,95.91361652229001,-0.002597266109660268,0.00017421040683984756,-0.20467318377249197,0.04504911730781781,2.2995661107570604,0
118.58,2,-0.5893573079533911,-0.130850202513987,0.020759417699134936,-0.39143216170231215,-0.1603225152486512,-2.2788066930579243,95.91361652229001,-0.002599234227091074,0.0002123955637216568,-0.20467318377249197,0.04504911730781781,2.2995661107570604,0
118.68,2,-0.589357401795128,-0.1308502025862341,0.01543837355466769,-0.3914322554713769,-0.1603225115555131,-2.2841277372023923,95.91361652229001,-0.0026019809301942587,0.00029353611171245575,-0.20467318377249197,0.04504911730781781,2.2995661107570604,0
118.78,2,-0.5893573400998321,-0.13085020259508207,0.013853886435131833,-0.3914321938261194,-0.16032251403982992,-2.2857122243219288,95.91361652229001,-0.0026128310710191727,0.0005814433097839355,-0.20467318377249197,0.04504911730781781,2.2995661107570604,0
118.88,2,-0.5893573987417098,-0.13085020264100589,0.011533973852537129,-0.39143225242261537,-0.16032251173275683,-2.288032136904523,95.91361652229001,-0.002623687032610178,0.0007816758006811142,-0.20467318377249197,0.04504911730781781,2.2995661107570604,0
118.98,2,-0.5893573210352817,-0.13085020264412295,0.009062512561272688,-0.3914321747788894,-0.16032251485378163,-2.2905035981957873,95.91361652229001,-0.0026198967825621367,0.000629819929599762,-0.20467318377249197,0.04504911730781781,2.2995661107570604,0
119.08,2,-0.5893573966432593,-0.13085020268379138,0.006038398841814452,-0.3914322503275715,-0.16032251185970656,-2.2935277119152455,95.91361652229001,-0.002617466729134321,0.0006730221211910248,-0.20467318377249197,0.04504911730781781,2.2995661107570604,0
119.18,2,-0.5893573320354504,-0.13085020268912834,0.0064906414271777065,-0.3914321857720055,-0.1603225144573775,-2.2930754693298834,95.91361652229001,-0.002607281319797039,0.0003679245710372925,-0.20467318377249197,0.04504911730781781,2.2995661107570604,0
119.28,2,-0.5893573951989374,-0.1308502027167946,0.0037297930584674404,-0.39143224888573697,-0.1603225119506355,-2.2958363176985928,95.91361652229001,-0.0026108459569513798,0.00060318224132061,-0.20467318377249197,0.04504911730781781,2.2995661107570604,0
119.38,2,-0.5893573362627544,-0.13085020272473974,0.00502735234754767,-0.39143218999733415,-0.16032251432334296,-2.2945387584095123,95.91361652229001,-0.0026178450789302588,0.0006516482681035995,-0.20467318377249197,0.04504911730781781,2.2995661107570604,0
119.48,2,-0.589357394096368,-0.1308502027416525,0.005288584726748037,-0.39143224778505287,-0.16032251201971312,-2.2942775260303123,95.91361652229001,-0.002619547536596656,0.0006853761151432991,-0.20467318377249197,0.04504911730781781,2.2995661107570604,0
119.58,2,-0.5893573355871009,-0.1308502027414602,0.005461666708392638,-0.39143218932289564,-0.16032251436716,-2.2941044440486675,95.91361652229001,-0.002619547536596656,0.0006853761151432991,-0.20467318377249197,0.04504911730781781,2.2995661107570604,0
119.68,2,-0.589357393356629,-0.13085020276733778,-0.00010676323070113037,-0.3914322470469401,-0.16032251207505918,-2.299672873987762,95.91361652229001,-0.0026227151975035667,0.0007720617577433586,-0.20467318377249197,0.04504911730781781,2.2995661107570604,0
119.78,2,-0.5893573487902299,-0.13085020277391912,0.0008504210438367213,-0.3914322025166946,-0.1603225138698275,-2.2987156897132226,95.91361652229001,-0.0026250872761011124,0.0008288947865366936,-0.20467318377249197,0.04504911730781781,2.2995661107570604,0
119.88,2,-0.5893573928370357,-0.13085020278606407,-0.0035037737225084562,-0.3914322465285166,-0.16032251211461868,-2.3030698844795685,95.91361652229001,-0.002626699861139059,0.0008612778037786484,-0.20467318377249197,0.04504911730781781,2.2995661107570604,0
119.98,2,-0.5893573540698526,-0.1308502027979982,-0.0034142522911319796,-0.3914322077930317,-0.16032251368204636,-2.302980363048192,95.91361652229001,-0.002631192095577717,0.0009860526770353317,-0.20467318377249197,0.04504911730781781,2.2995661107570604,0
120.08,2,-0.5893573924590813,-0.13085020280152895,-0.0020625154325650983,-0.3914322461514871,-0.16032251214523624,-2.301628626189625,95.91361652229001,-0.0026241701561957598,0.0007418785244226456,-0.20467318377249197,0.04504911730781781,2.2995661107570604,0
120.18,2,-0.5893573587390798,-0.13085020280476872,0.0010386628529159736,-0.3914322124587704,-0.16032251350146232,-2.298527447904144,95.91361652229001,-0.002625992987304926,0.000919056124985218,-0.20467318377249197,0.04504911730781781,2.2995661107570604,0
120.28,2,-0.5893573921662048,-0.13085020281094512,-0.0008033611339946604,-0.39143224585922437,-0.1603225121663962,-2.300369471891055,95.91361652229001,-0.002626389730721712,0.0008303802460432053,-0.20467318377249197,0.04504911730781781,2.2995661107570604,0
120.38,2,-0.5893573628256165,-0.13085020281595772,0.0014076328220762038,-0.3914322165424652,-0.1603225133486732,-2.2981584779349844,95.91361652229001,-0.002628277288749814,0.0009312853217124939,-0.20467318377249197,0.04504911730781781,2.2995661107570604,0
120.47,2,-0.5893573918941216,-0.13085020281911008,6.110298780387491e-06,-0.39143224558768785,-0.16032251218547178,-2.299560000458279,95.91361652229001,-0.0026279117446392775,0.0008672233670949936,-0.20467318377249197,0.04504911730781781,2.2995661107570604,0
120.58,2,-0.5893573752468949,-0.13085020282319065,-0.00089302031753509,-0.3914322289540309,-0.16032251285750612,-2.300459131074595,95.91361652229001,-0.0026275210548192263,0.0008952571079134941,-0.20467318377249197,0.04504911730781781,2.2995661107570604,0
120.68,2,-0.5893573967971937,-0.13085020282723625,-0.002757357161650883,-0.39143225048713765,-0.16032251199685937,-2.3023234679187117,95.91361652229001,-0.0026343802455812693,0.001076284795999527,-0.20467318377249197,0.04504911730781781,2.2995661107570604,0
120.78,2,-0.5893573773019558,-0.13085020282823634,0.001941460028799326,-0.39143223100763935,-0.16032251278009002,-2.297624650728261,95.91361652229001,-0.0026181330904364586,0.0005430569872260094,-0.20467318377249197,0.04504911730781781,2.2995661107570604,0
120.88,2,-0.5893573960039441,-0.1308502028311156,-0.0007390871628214943,-0.39143224969468243,-0.16032251203256417,-2.300305197919881,95.91361652229001,-0.002628890797495842,0.0010923761874437332,-0.20467318377249197,0.04504911730781781,2.2995661107570604,0
120.98,2,-0.5893573790555666,-0.130850202831871,0.0015467748257417754,-0.39143223275998384,-0.16032251271335946,-2.298019335931318,95.91361652229001,-0.002624835819005966,0.0006871819496154785,-0.20467318377249197,0.04504911730781781,2.2995661107570604,0
121.07,2,-0.5893573952692172,-0.13085020283420434,0.0024850301536933797,-0.3914322489606711,-0.1603225120651308,-2.297081080603366,95.91361652229001,-0.0026250630617141724,0.0009102141484618187,-0.20467318377249197,0.04504911730781781,2.2995661107570604,0
121.17,2,-0.5893573805416341,-0.13085020283281334,0.004541270955104175,-0.3914322342448924,-0.16032251265467376,-2.295024839801956,95.91361652229001,-0.002617053920403123,0.0005527101457118988,-0.20467318377249197,0.04504911730781781,2.2995661107570604,0
121.28,2,-0.589357394582993,-0.13085020283412052,0.008231710886078693,-0.3914322482749961,-0.16032251209258122,-2.291334399870981,95.91361652229001,-0.0026095802895724773,0.0005141673609614372,-0.20467318377249197,0.04504911730781781,2.2995661107570604,0
121.38,2,-0.5893573817946931,-0.13085020283413612,0.005516512969044392,-0.39143223549699535,-0.16032251260571745,-2.294049597788015,95.91361652229001,-0.00261367904022336,0.0006053689867258072,-0.20467318377249197,0.04504911730781781,2.2995661107570604,0
121.48,2,-0.5893573939611986,-0.130850202836778,0.003746780180393053,-0.3914322476538092,-0.16032251212018558,-2.2958193305766663,95.91361652229001,-0.002618907019495964,0.0006918208673596382,-0.20467318377249197,0.04504911730781781,2.2995661107570604,0
121.58,2,-0.5893573828408459,-0.13085020283616017,0.005413304596021528,-0.39143223654238696,-0.1603225125657638,-2.294152806161039,95.91361652229001,-0.002621455816552043,0.0007232306525111198,-0.20467318377249197,0.04504911730781781,2.2995661107570604,0
121.68,2,-0.5893573933781169,-0.13085020283749604,0.005324901809236234,-0.3914322470712258,-0.1603225121442987,-2.2942412089478235,95.91361652229001,-0.0026214986573904753,0.0007271924987435341,-0.20467318377249197,0.04504911730781781,2.2995661107570604,0
121.78,2,-0.5893573804641393,-0.13085020283610804,0.00820761334198536,-0.39143223416759215,-0.16032251266107522,-2.2913584974150742,95.91361652229001,-0.002614739816635847,0.000549941323697567,-0.20467318377249197,0.04504911730781781,2.2995661107570604,0
121.88,2,-0.589357392821123,-0.13085020283737042,0.009080180122974946,-0.3914322465146754,-0.16032251216652219,-2.290485930634085,95.91361652229001,-0.002621353603899479,0.0008255103603005409,-0.20467318377249197,0.04504911730781781,2.2995661107570604,0
121.98,2,-0.5893573809333195,-0.13085020283558246,0.009065579814164169,-0.39143223463637333,-0.16032251264172456,-2.290500530942896,95.91361652229001,-0.0026146897580474615,0.0004948116838932037,-0.20467318377249197,0.04504911730781781,2.2995661107570604,0
122.08,2,-0.5893573923688824,-0.13085020283827958,0.004421807076025477,-0.39143224606283555,-0.16032251218557642,-2.295144303681034,95.91361652229001,-0.00262274406850338,0.0008884808048605919,-0.20467318377249197,0.04504911730781781,2.2995661107570604,0
122.17,2,-0.5893573824832214,-0.13085020283911922,5.965190732551536e-05,-0.39143223618516915,-0.1603225125830699,-2.2995064588497347,95.91361652229001,-0.0026300123427063227,0.0008923020213842392,-0.20467318377249197,0.04504911730781781,2.2995661107570604,0
122.28,2,-0.5893573920554119,-0.13085020284034354,0.00044815069199466125,-0.3914322457497003,-0.16032251220021643,-2.299117960065065,95.91361652229001,-0.002630415139719844,0.0009402260184288025,-0.20467318377249197,0.04504911730781781,2.2995661107570604,0
122.37,2,-0.5893573830459947,-0.13085020284150645,-0.0027782224896701103,-0.39143223674758504,-0.16032251256287433,-2.302344333246731,95.91361652229001,-0.002629002556204796,0.0008958587422966957,-0.20467318377249197,0.04504911730781781,2.2995661107570604,0
122.48,2,-0.5893573918158619,-0.13085020284185866,-0.003758803528062004,-0.3914322455104039,-0.1603225122113421,-2.3033249142851218,95.91361652229001,-0.0026399127673357725,0.0012474264949560165,-0.20467318377249197,0.04504911730781781,2.2995661107570604,0
122.58,2,-0.5893573839936408,-0.13085020284236915,-0.0028209352329801904,-0.3914322376945025,-0.16032251252571278,-2.30238704599004,95.91361652229001,-0.0026235494296997786,0.0006371494382619858,-0.20467318377249197,0.04504911730781781,2.2995661107570604,0
122.68,2,-0.5893573916555441,-0.13085020284218446,0.0005945967791823443,-0.39143224535022836,-0.1603225122181003,-2.298971513977878,95.91361652229001,-0.0026232588570564985,0.000926777720451355,-0.20467318377249197,0.04504911730781781,2.2995661107570604,0
122.78,2,-0.5893573848597236,-0.1308502028420958,0.0011784487905368707,-0.39143223855987685,-0.16032251249068874,-2.298387661966523,95.91361652229001,-0.0026259077712893486,0.000817466527223587,-0.20467318377249197,0.04504911730781781,2.2995661107570604,0
122.88,2,-0.5893573915458376,-0.1308502028429786,-0.003794838865999384,-0.39143224524064196,-0.16032251222329572,-2.3033609496230594,95.91361652229001,-0.0026348112151026726,0.0011253999546170235,-0.20467318377249197,0.04504911730781781,2.2995661107570604,0
122.98,2,-0.5893573856417094,-0.1308502028431353,-0.001091638135975581,-0.3914322393412748,-0.16032251246035084,-2.3006577488930358,95.91361652229001,-0.0026303057093173265,0.0008450085297226906,-0.20467318377249197,0.04504911730781781,2.2995661107570604,0
123.08,2,-0.5893573925459864,-0.1308502028436006,-0.007902092946116743,-0.3914322462400104,-0.160322512183787,-2.307468203703177,95.91361652229001,-0.002629118273034692,0.0009737275540828705,-0.20467318377249197,0.04504911730781781,2.2995661107570604,0
123.18,2,-0.5893573863397944,-0.13085020284500415,-0.006228712189321408,-0.3914322400388725,-0.16032251243420806,-2.305794822946382,95.91361652229001,-0.002634703414514661,0.0010606516152620316,-0.20467318377249197,0.04504911730781781,2.2995661107570604,0
123.28,2,-0.5893573914140822,-0.13085020284439908,-0.00385749404549632,-0.3914322451090497,-0.16032251223000163,-2.3034236048025565,95.91361652229001,-0.0026430943980813026,0.001271672546863556,-0.20467318377249197,0.04504911730781781,2.2995661107570604,0
123.38,2,-0.5893573884551421,-0.13085020284478516,-0.004135159848004934,-0.39143224215250794,-0.16032251234911254,-2.303701270605065,95.91361652229001,-0.0026465163100510836,0.001286432147026062,-0.20467318377249197,0.04504911730781781,2.2995661107570604,0
123.47,2,-0.5893573913420616,-0.13085020284461563,-0.0013581188753746395,-0.3914322450370957,-0.16032251223310773,-2.3009242296324346,95.91361652229001,-0.0026395360473543406,0.0011174175888299942,-0.20467318377249197,0.04504911730781781,2.2995661107570604,0
123.58,2,-0.5893573882247126,-0.13085020284483945,-0.0029413834961237225,-0.3914322419222663,-0.1603225123584126,-2.302507494253184,95.91361652229001,-0.0026323958300054073,0.0010062707588076591,-0.20467318377249197,0.04504911730781781,2.2995661107570604,0
123.67,2,-0.5893573920804546,-0.13085020284485094,-0.005001461615791461,-0.39143224577490354,-0.1603225122037154,-2.304567572372851,95.91361652229001,-0.0026305068749934435,0.0009881127625703812,-0.20467318377249197,0.04504911730781781,2.2995661107570604,0
123.78,2,-0.5893573891579856,-0.13085020284560767,-0.009896878501440541,-0.3914322428548185,-0.16032251232173333,-2.3094629892585,95.91361652229001,-0.0026324456557631493,0.0010235654190182686,-0.20467318377249197,0.04504911730781781,2.2995661107570604,0
123.88,2,-0.5893573919405848,-0.13085020284558518,-0.010997004954466821,-0.39143224563517587,-0.16032251221006125,-2.310563115711526,95.91361652229001,-0.002627152483910322,0.0008380133658647537,-0.20467318377249197,0.04504911730781781,2.2995661107570604,0
123.98,2,-0.5893573894148989,-0.13085020284619364,-0.010283841813874251,-0.3914322431115484,-0.16032251231201042,-2.309849952570934,95.91361652229001,-0.002640101360157132,0.0012820763513445854,-0.20467318377249197,0.04504911730781781,2.2995661107570604,0
124.08,2,-0.5893573918013247,-0.130850202845759,-0.0073372607699713965,-0.391432245496035,-0.16032251221582264,-2.3069033715270306,95.91361652229001,-0.0026351173873990774,0.0009285183623433113,-0.20467318377249197,0.04504911730781781,2.2995661107570604,0
124.18,2,-0.5893573896247026,-0.1308502028461403,-0.007364591634174933,-0.391432243321181,-0.16032251230353886,-2.3069307023912344,95.91361652229001,-0.002635232638567686,0.001133839599788189,-0.20467318377249197,0.04504911730781781,2.2995661107570604,0
124.28,2,-0.5893573916640915,-0.13085020284598986,-0.008560644203905354,-0.3914322453589215,-0.16032251222155966,-2.308126754960966,95.91361652229001,-0.0026363844517618418,0.0010580075904726982,-0.20467318377249197,0.04504911730781781,2.2995661107570604,0
124.38,2,-0.5893573891654023,-0.1308502028465503,-0.01021546846742455,-0.391432242862267,-0.16032251232237762,-2.309781579224484,95.91361652229001,-0.0026364559307694435,0.0011131279170513153,-0.20467318377249197,0.04504911730781781,2.2995661107570604,0
124.48,2,-0.5893573915495754,-0.13085020284639615,-0.01154217942381134,-0.39143224524451403,-0.16032251222656047,-2.3111082901808713,95.91361652229001,-0.0026460494846105576,0.001354442909359932,-0.20467318377249197,0.04504911730781781,2.2995661107570604,0
124.58,2,-0.5893573893572894,-0.1308502028470679,-0.014669257369052481,-0.3914322430540204,-0.16032251231519548,-2.3142353681261127,95.91361652229001,-0.002646390115842223,0.0012664441019296646,-0.20467318377249197,0.04504911730781781,2.2995661107570604,0
124.68,2,-0.5893573914614987,-0.13085020284679932,-0.016257648331631992,-0.3914322451565243,-0.1603225122304974,-2.315823759088692,95.91361652229001,-0.0026469186414033175,0.0013516983017325401,-0.20467318377249197,0.04504911730781781,2.2995661107570604,0
124.78,2,-0.5893573894706995,-0.13085020284751991,-0.017616202304006134,-0.39143224316735725,-0.16032251231109668,-2.317182313061066,95.91361652229001,-0.002647808287292719,0.0013460461050271988,-0.20467318377249197,0.04504911730781781,2.2995661107570604,0
124.88,2,-0.5893573913996201,-0.13085020284700138,-0.016845996255418674,-0.3914322450947037,-0.16032251223318206,-2.3164121070124786,95.91361652229001,-0.0026462627574801445,0.0013179434463381767,-0.20467318377249197,0.04504911730781781,2.2995661107570604,0
124.98,2,-0.5893573897486634,-0.13085020284770754,-0.01652092173264346,-0.39143224344510474,-0.16032251230013106,-2.3160870324897043,95.91361652229001,-0.002648394089192152,0.0013920199126005173,-0.20467318377249197,0.04504911730781781,2.2995661107570604,0
125.08,2,-0.5893573913583057,-0.13085020284725773,-0.016182587144358697,-0.3914322450534328,-0.16032251223509594,-2.3157486979014186,95.91361652229001,-0.0026539647951722145,0.0015145037323236465,-0.20467318377249197,0.04504911730781781,2.2995661107570604,0
125.18,2,-0.589357389856105,-0.13085020284784593,-0.01751338815531724,-0.3914322435524654,-0.1603225122959583,-2.3170794989123777,95.91361652229001,-0.002652493305504322,0.0014256564900279045,-0.20467318377249197,0.04504911730781781,2.2995661107570604,0
125.28,2,-0.5893573913286659,-0.13085020284744941,-0.015810907177907854,-0.3914322450238247,-0.16032251223647676,-2.315377017934968,95.91361652229001,-0.0026564616709947586,0.0015965420752763748,-0.20467318377249197,0.04504911730781781,2.2995661107570604,0
125.38,2,-0.5893574779297805,-0.13085020284494686,0.012448276073729012,-0.3914323315550988,-0.16032250875917353,-2.2871178346833307,95.91364642597368,-0.0026245503686368465,0.0006367340683937073,-0.20467318377249197,0.04504911730781781,2.2995661107570604,0
125.48,2,-0.5894487204616399,-0.13085023984138283,0.030479866790313156,-0.391523502093709,-0.16031888468986202,-2.2690862439667465,95.93331233610759,-0.0025751821231096983,-0.00010615773499011993,-0.20467318377249197,0.04504911730781781,2.2995661107570604,0
125.57,2,-0.5894570150296706,-0.1308502458622533,0.028336592939820857,-0.3915317902236986,-0.16031855789276298,-2.2712295178172397,95.93331233610759,-0.002520948415622115,-0.0002730339765548706,-0.20467318377249197,0.04504911730781781,2.2995661107570604,0
125.68,2,-0.5894562550340795,-0.13085024550734164,0.0321881600631385,-0.39153103082589213,-0.16031858803237187,-2.267377950693921,95.93331233610759,-0.002525005489587784,-0.00010341405868530273,-0.20467318377249197,0.04504911730781781,2.2995661107570604,0
125.78,2,-0.5894562368152828,-0.1308502454908908,0.036592274665606335,-0.3915310126211069,-0.16031858874694938,-2.262973836091453,95.93331233610759,-0.002522229216992855,-0.0001481529325246811,-0.20467318377249197,0.04504911730781781,2.2995661107570604,0
125.88,2,-0.5894562588083689,-0.13085024550107438,0.035133642841661594,-0.3915310345968907,-0.16031858787466927,-2.264432467915398,95.93331233610759,-0.002524628536775708,-0.000107545405626297,-0.20467318377249197,0.04504911730781781,2.2995661107570604,0
125.98,2,-0.5894562389742581,-0.13085024548383212,0.04030142071294641,-0.39153101477806046,-0.1603185886532692,-2.2592646900441133,95.93331233610759,-0.0025264916475862265,-9.558163583278656e-05,-0.20467318377249197,0.04504911730781781,2.2995661107570604,0
126.08,2,-0.5894562586259343,-0.13085024549148827,0.04283927185455043,-0.39153103441421827,-0.16031858787241088,-2.256726838902509,95.93331233610759,-0.0025238299276679754,-0.00019508413970470428,-0.20467318377249197,0.04504911730781781,2.2995661107570604,0
126.18,2,-0.5894562413777417,-0.13085024547445756,0.04492165915129169,-0.3915310171792323,-0.16031858854746428,-2.2546444516057687,95.93331233610759,-0.0025184894911944866,-0.0003109928220510483,-0.20467318377249197,0.04504911730781781,2.2995661107570604,0
126.28,2,-0.5894562584708194,-0.13085024548423213,0.043543343076440935,-0.3915310342589371,-0.1603185878713845,-2.2560227676806197,95.93331233610759,-0.0025158291682600975,-0.00035188160836696625,-0.20467318377249197,0.04504911730781781,2.2995661107570604,0
126.38,2,-0.5894562434745946,-0.13085024546977114,0.0455185746542788,-0.3915310192742085,-0.16031858845864705,-2.254047536102781,95.93331233610759,-0.0025140540674328804,-0.00040595605969429016,-0.20467318377249197,0.04504911730781781,2.2995661107570604,0
126.48,2,-0.5894562583274369,-0.13085024547818064,0.04650702697135529,-0.3915310341154273,-0.16031858787109096,-2.253059083785704,95.93331233610759,-0.0025135211180895567,-0.0004138657823204994,-0.20467318377249197,0.04504911730781781,2.2995661107570604,0
126.58,2,-0.5894562452950716,-0.13085024546512009,0.047793440277002074,-0.39153102109303284,-0.1603185883809545,-2.251772670480058,95.93331233610759,-0.002518455032259226,-0.0002834601327776909,-0.20467318377249197,0.04504911730781781,2.2995661107570604,0
126.68,2,-0.5894562581900953,-0.13085024547225993,0.05118586482622232,-0.39153103397795874,-0.1603185878706857,-2.248380245930838,95.93331233610759,-0.0024987799115478992,-0.0008758734911680222,-0.20467318377249197,0.04504911730781781,2.2995661107570604,0
126.78,2,-0.5894562509177982,-0.13085024546399215,0.052465560340295134,-0.3915310267111863,-0.1603185881542199,-2.2471005504167647,95.93331233610759,-0.002499884692952037,-0.0005922913551330566,-0.20467318377249197,0.04504911730781781,2.2995661107570604,0
126.88,2,-0.5894562604682256,-0.13085024547112678,0.05036775933230893,-0.3915310362542091,-0.16031858777814528,-2.2491983514247513,95.93331233610759,-0.002509909449145198,-0.0004957392811775208,-0.20467318377249197,0.04504911730781781,2.2995661107570604,0
126.98,2,-0.589456251786821,-0.13085024546248486,0.04864349911057387,-0.3915310275794488,-0.16031858811784494,-2.250922611646487,95.93331233610759,-0.002508673118427396,-0.0005725948140025139,-0.20467318377249197,0.04504911730781781,2.2995661107570604,0
127.07,2,-0.5894562600654236,-0.13085024546789842,0.051400361399844045,-0.3915310358516019,-0.1603185877910816,-2.248165749357216,95.93331233610759,-0.0025102568324655294,-0.00048772338777780533,-0.20467318377249197,0.04504911730781781,2.2995661107570604,0
127.18,2,-0.5894562525192601,-0.13085024545950452,0.052621838537873236,-0.3915310283111786,-0.16031858808547847,-2.2469442722191864,95.93331233610759,-0.002507230266928673,-0.0006005251780152321,-0.20467318377249197,0.04504911730781781,2.2995661107570604,0
127.28,2,-0.5894562596883294,-0.1308502454644731,0.055170528518931256,-0.3915310354746738,-0.1603185878027897,-2.2443955822381287,95.93331233610759,-0.002498859306797385,-0.0007725916802883148,-0.20467318377249197,0.04504911730781781,2.2995661107570604,0
127.38,2,-0.5894562510865116,-0.13085024545610102,0.05225661838507539,-0.39153102687944713,-0.16031858813956562,-2.2473094923719845,95.93331233610759,-0.0025061836931854486,-0.0005049360916018486,-0.20467318377249197,0.04504911730781781,2.2995661107570604,0
127.47,2,-0.589456259339036,-0.1308502454626933,0.05075823627906759,-0.39153103512559034,-0.16031858781502645,-2.248807874477993,95.93331233610759,-0.0025102754589170218,-0.0005313120782375336,-0.20467318377249197,0.04504911730781781,2.2995661107570604,0
127.58,2,-0.5894562536580705,-0.13085024545707374,0.05191388056330508,-0.3915310294489743,-0.16031858803735577,-2.247652230193755,95.93331233610759,-0.002510184422135353,-0.0005069058388471603,-0.20467318377249197,0.04504911730781781,2.2995661107570604,0
127.68,2,-0.589456259017995,-0.13085024546137008,0.048785345225060825,-0.3915310348047549,-0.1603185878265858,-2.250780765531999,95.93331233610759,-0.0025092018768191338,-0.0005368432030081749,-0.20467318377249197,0.04504911730781781,2.2995661107570604,0
127.78,2,-0.5894562540746391,-0.13085024545688073,0.048591252319477474,-0.39153102986519966,-0.1603185880204484,-2.2509748584375826,95.93331233610759,-0.002499455353245139,-0.0007811654359102249,-0.20467318377249197,0.04504911730781781,2.2995661107570604,0
127.88,2,-0.5894562587526194,-0.130850245460352,0.04793898571550335,-0.3915310345395521,-0.16031858783621655,-2.2516271250415567,95.93331233610759,-0.0025037629529833794,-0.0005612540990114212,-0.20467318377249197,0.04504911730781781,2.2995661107570604,0
127.98,2,-0.5894562529229475,-0.1308502454558096,0.04367468625150635,-0.39153102871439244,-0.16031858806558888,-2.2558914245055535,95.93331233610759,-0.002508668228983879,-0.0005497466772794724,-0.20467318377249197,0.04504911730781781,2.2995661107570604,0
128.07,2,-0.5894562585537627,-0.13085024546002644,0.04390648272957022,-0.3915310343408424,-0.16031858784387024,-2.2556596280274896,95.93331233610759,-0.0025055203586816788,-0.0006344355642795563,-0.20467318377249197,0.04504911730781781,2.2995661107570604,0
128.18,2,-0.5894562535000802,-0.13085024545720586,0.036375602572480105,-0.3915310292911165,-0.160318588043827,-2.26319050818458,95.93331233610759,-0.0025125027168542147,-0.00039535388350486755,-0.20467318377249197,0.04504911730781781,2.2995661107570604,0
128.28,2,-0.5894562584253783,-0.1308502454606708,0.035097081093808886,-0.39153103421258734,-0.16031858784966543,-2.2644690296632506,95.93331233610759,-0.0025218073278665543,-0.00023438036441802979,-0.20467318377249197,0.04504911730781781,2.2995661107570604,0
128.38,2,-0.5894562544597076,-0.13085024545854324,0.03312001682952533,-0.3915310302500248,-0.16031858800665902,-2.2664460939275335,95.93331233610759,-0.0025278134271502495,-0.00010515470057725906,-0.20467318377249197,0.04504911730781781,2.2995661107570604,0
128.48,2,-0.5894562583358675,-0.13085024546089302,0.03305645126515449,-0.39153103412315743,-0.16031858785347897,-2.2665096594919065,95.93331233610759,-0.002529806224629283,-6.9458968937397e-05,-0.20467318377249197,0.04504911730781781,2.2995661107570604,0
128.58,2,-0.5894562545186383,-0.13085024545909407,0.030601247464205887,-0.3915310303089301,-0.16031858800484483,-2.2689648632928536,95.93331233610759,-0.002530811820179224,-2.0042061805725098e-05,-0.20467318377249197,0.04504911730781781,2.2995661107570604,0
128.68,2,-0.589456258272764,-0.13085024546143154,0.030625126823876452,-0.39153103406012646,-0.16031858785654904,-2.2689409839331836,95.93331233610759,-0.0025241058319807053,-0.0002107713371515274,-0.20467318377249197,0.04504911730781781,2.2995661107570604,0
128.78,2,-0.5894562549550008,-0.13085024546012525,0.027083130113144695,-0.3915310307449826,-0.16031858798836648,-2.2724829806439155,95.93331233610759,-0.0025331261567771435,0.0001397784799337387,-0.20467318377249197,0.04504911730781781,2.2995661107570604,0
128.88,2,-0.589456258227434,-0.13085024546199986,0.024354270978561156,-0.3915310340148556,-0.16031858785893574,-2.2752118397784984,95.93331233610759,-0.0025373869575560093,8.518900722265244e-05,-0.20467318377249197,0.04504911730781781,2.2995661107570604,0
128.98,2,-0.5894562552020716,-0.13085024546118224,0.021329114937772495,-0.39153103099189684,-0.1603185879795091,-2.278236995819287,95.93331233610759,-0.0025404058396816254,0.00022248271852731705,-0.20467318377249197,0.04504911730781781,2.2995661107570604,0
129.08,2,-0.5894562581929159,-0.1308502454625317,0.022723481667346647,-0.39153103398038674,-0.16031858786085218,-2.276842629089714,95.93331233610759,-0.0025391390081495047,0.0001357709988951683,-0.20467318377249197,0.04504911730781781,2.2995661107570604,0
129.17,2,-0.5894562555635916,-0.13085024546170015,0.020266981370225645,-0.3915310313531465,-0.16031858796552093,-2.2792991293868345,95.93331233610759,-0.0025410775560885668,0.0002534622326493263,-0.20467318377249197,0.04504911730781781,2.2995661107570604,0
129.28,2,-0.5894562581675046,-0.13085024546293134,0.019052646435842202,-0.39153103395501193,-0.1603185878622711,-2.2805134643212184,95.93331233610759,-0.002538191620260477,0.00011892151087522507,-0.20467318377249197,0.04504911730781781,2.2995661107570604,0
129.38,2,-0.5894562558809538,-0.13085024546228363,0.01974832953901605,-0.3915310316702765,-0.16031858795336998,-2.2798177812180445,95.93331233610759,-0.0025423048064112663,0.0003058072179555893,-0.20467318377249197,0.04504911730781781,2.2995661107570604,0
129.48,2,-0.5894562581458017,-0.13085024546316,0.0214387079564154,-0.39153103393333566,-0.16031858786337036,-2.278127402800645,95.93331233610759,-0.0025369981303811073,6.087496876716614e-05,-0.20467318377249197,0.04504911730781781,2.2995661107570604,0
129.58,2,-0.5894562561585636,-0.13085024546251117,0.021878163478464944,-0.39153103194767186,-0.16031858794245846,-2.277687947278595,95.93331233610759,-0.0025388228241354227,0.00023419223725795746,-0.20467318377249197,0.04504911730781781,2.2995661107570604,0
129.68,2,-0.5894562581265657,-0.1308502454633338,0.02137709550144019,-0.3915310339141221,-0.16031858786431585,-2.2781890152556192,95.93331233610759,-0.0025424594059586525,0.00023863837122917175,-0.20467318377249197,0.04504911730781781,2.2995661107570604,0
129.78,2,-0.5894562563999148,-0.1308502454629158,0.01782315983924462,-0.39153103218884505,-0.16031858793317874,-2.2817429509178155,95.93331233610759,-0.002545303199440241,0.00032826606184244156,-0.20467318377249197,0.04504911730781781,2.2995661107570604,0
129.88,2,-0.5894562581083751,-0.1308502454637796,0.014922287069987486,-0.391531033895964,-0.1603185878654912,-2.2846438236870723,95.93331233610759,-0.002559551503509283,0.0007008323445916176,-0.20467318377249197,0.04504911730781781,2.2995661107570604,0
129.98,2,-0.5894562571433872,-0.1308502454635973,0.015344420250792646,-0.39153103293174596,-0.16031858790402842,-2.2842216905062678,95.93331233610759,-0.002564012771472335,0.0006841951981186867,-0.20467318377249197,0.04504911730781781,2.2995661107570604,0
130.08,2,-0.589456258408705,-0.13085024546404223,0.015769684371229425,-0.3915310341960626,-0.16031858785370312,-2.283796426385831,95.93331233610759,-0.0025586476549506187,0.0005937600508332253,-0.20467318377249197,0.04504911730781781,2.2995661107570604,0
130.18,2,-0.5894562572589751,-0.13085024546373303,0.017024067561859476,-0.3915310330472463,-0.1603185878995262,-2.2825420431952,95.93331233610759,-0.002545513678342104,0.00028647202998399734,-0.20467318377249197,0.04504911730781781,2.2995661107570604,0
130.28,2,-0.5894562583557963,-0.13085024546412644,0.01875761339891559,-0.3915310341432,-0.1603185878559102,-2.2808084973581444,95.93331233610759,-0.0025467020459473133,0.0004532216116786003,-0.20467318377249197,0.04504911730781781,2.2995661107570604,0
130.38,2,-0.5894562573564168,-0.1308502454638173,0.0180733665587055,-0.3915310331446128,-0.16031858789570058,-2.281492744198355,95.93331233610759,-0.0025420496240258217,0.00019957497715950012,-0.20467318377249197,0.04504911730781781,2.2995661107570604,0
130.48,2,-0.5894562583058502,-0.13085024546425994,0.013151360421790827,-0.3915310340932994,-0.16031858785804762,-2.2864147503352688,95.93331233610759,-0.002550411270931363,0.0005392162129282951,-0.20467318377249197,0.04504911730781781,2.2995661107570604,0
130.58,2,-0.5894562571702996,-0.1308502454641995,0.01019494540379669,-0.3915310329586608,-0.1603185879035503,-2.2893711653532636,95.93331233610759,-0.0025572851300239563,0.0005510561168193817,-0.20467318377249197,0.04504911730781781,2.2995661107570604,0
130.68,2,-0.5894562582599733,-0.13085024546443558,0.012232823223340275,-0.3915310340474665,-0.16031858786006387,-2.2873332875337202,95.93331233610759,-0.00255700689740479,0.0005703596398234367,-0.20467318377249197,0.04504911730781781,2.2995661107570604,0
130.78,2,-0.5894562575081225,-0.13085024546421575,0.018971713957781345,-0.39153103329621236,-0.16031858789001166,-2.2805943967992786,95.93331233610759,-0.002557637868449092,0.0005985982716083527,-0.20467318377249197,0.04504911730781781,2.2995661107570604,0
130.88,2,-0.5894562582173068,-0.13085024546443375,0.01566948377676209,-0.39153103400483436,-0.16031858786177403,-2.283896626980298,95.93331233610759,-0.0025618812069296837,0.0007256390526890755,-0.20467318377249197,0.04504911730781781,2.2995661107570604,0
130.98,2,-0.5894562573296172,-0.1308502454640687,0.021150569743458813,-0.3915310331178449,-0.16031858789702713,-2.2784155410136013,95.93331233610759,-0.0025506922975182533,0.0003619762137532234,-0.20467318377249197,0.04504911730781781,2.2995661107570604,0
131.08,2,-0.5894562581794421,-0.13085024546434448,0.022763462987139785,-0.3915310339669965,-0.16031858786320413,-2.27680264776992,95.93331233610759,-0.0025445064529776573,0.0003566872328519821,-0.20467318377249197,0.04504911730781781,2.2995661107570604,0
131.18,2,-0.5894562574102806,-0.1308502454639739,0.024284075753725688,-0.39153103319843957,-0.16031858789369582,-2.2752820350033343,95.93331233610759,-0.002540918765589595,0.0002185385674238205,-0.20467318377249197,0.04504911730781781,2.2995661107570604,0
131.28,2,-0.5894562581543734,-0.13085024546422275,0.029729369162697937,-0.3915310339419431,-0.16031858786408834,-2.269836741594362,95.93331233610759,-0.0025247486773878336,-0.00019939802587032318,-0.20467318377249197,0.04504911730781781,2.2995661107570604,0
131.38,2,-0.5894562574863211,-0.1308502454638218,0.030618755172527067,-0.39153103327441274,-0.16031858789049278,-2.2689473555845328,95.93331233610759,-0.002527170814573765,1.2802891433238983e-05,-0.20467318377249197,0.04504911730781781,2.2995661107570604,0
131.48,2,-0.5894562581738856,-0.13085024546412333,0.03449660162645658,-0.39153103396143557,-0.1603185878632061,-2.2650695091306035,95.93331233610759,-0.0025299738626927137,-6.365310400724411e-05,-0.20467318377249197,0.04504911730781781,2.2995661107570604,0
131.58,2,-0.5894562575919637,-0.13085024546368135,0.03752972509768443,-0.3915310333799647,-0.16031858788611364,-2.2620363856593753,95.93331233610759,-0.002527784090489149,-9.84780490398407e-05,-0.20467318377249197,0.04504911730781781,2.2995661107570604,0
131.68,2,-0.5894562581705264,-0.13085024546398638,0.04100800163148061,-0.3915310339580736,-0.16031858786320405,-2.25855810912558,95.93331233610759,-0.0025203521363437176,-0.0003010351210832596,-0.20467318377249197,0.04504911730781781,2.2995661107570604,0
131.78,2,-0.5894562576431523,-0.13085024546354007,0.041979429496843204,-0.39153103343110635,-0.16031858788391856,-2.257586681260217,95.93331233610759,-0.002517053158953786,-0.000307377427816391,-0.20467318377249197,0.04504911730781781,2.2995661107570604,0
131.88,2,-0.5894562581534579,-0.13085024546386914,0.041446897166880166,-0.39153103394101424,-0.16031858786377173,-2.25811921359018,95.93331233610759,-0.0025169404689222574,-0.00033338554203510284,-0.20467318377249197,0.04504911730781781,2.2995661107570604,0
131.98,2,-0.5894562576639446,-0.1308502454635334,0.03847670831827808,-0.3915310334518816,-0.16031858788307765,-2.261089402438781,95.93331233610759,-0.0025266376323997974,-6.0391612350940704e-05,-0.20467318377249197,0.04504911730781781,2.2995661107570604,0
132.08,2,-0.5894562581357737,-0.13085024546384905,0.03600081991114898,-0.39153103392334354,-0.16031858786446126,-2.263565290845911,95.93331233610759,-0.002527564065530896,-0.0001612044870853424,-0.20467318377249197,0.04504911730781781,2.2995661107570604,0
132.18,2,-0.5894562577017007,-0.13085024546357554,0.036229318597504064,-0.39153103348960905,-0.16031858788160483,-2.2633367921595564,95.93331233610759,-0.0025278469547629356,-7.692910730838776e-05,-0.20467318377249197,0.04504911730781781,2.2995661107570604,0
132.28,2,-0.5894562581194954,-0.13085024546384544,0.031111801814384086,-0.3915310339070782,-0.1603185878651108,-2.2684543089426765,95.93331233610759,-0.0025499514304101467,0.000525323674082756,-0.20467318377249197,0.04504911730781781,2.2995661107570604,0
132.38,2,-0.5894562577417168,-0.13085024546365903,0.0299727332758982,-0.3915310335295963,-0.1603185878800826,-2.2695933774811627,95.93331233610759,-0.0025526131503283978,0.000357678160071373,-0.20467318377249197,0.04504911730781781,2.2995661107570604,0
132.48,2,-0.5894562581078019,-0.13085024546384633,0.030506852410317437,-0.391531033895394,-0.16031858786558087,-2.2690592583467426,95.93331233610759,0.0,0.0,-0.20467318377249197,0.04504911730781781,2.2995661107570604,0
132.58,2,-0.5894562577793888,-0.13085024546364593,0.03233156619356479,-0.39153103356723734,-0.16031858787855793,-2.267234544563496,95.93331233610759,0.0,0.0,-0.20467318377249197,0.04504911730781781,2.2995661107570604,0
132.68,2,-0.5894562580998016,-0.13085024546383306,0.029900457833727134,-0.3915310338873997,-0.16031858786588862,-2.269665652923333,95.93331233610759,-0.0025277049280703068,-7.330160588026047e-05,-0.20467318377249197,0.04504911730781781,2.2995661107570604,0
132.78,2,-0.5894562578142543,-0.130850245463698,0.02814269132648533,-0.39153103360207686,-0.16031858787721104,-2.2714234194305742,95.93331233610759,-0.002530326135456562,1.1669471859931946e-06,-0.20467318377249197,0.04504911730781781,2.2995661107570604,0
132.88,2,-0.58945625809435,-0.13085024546384572,0.025775506091290493,-0.3915310338819529,-0.16031858786612005,-2.273790604665769,95.93331233610759,-0.002534344792366028,5.7464465498924255e-05,-0.20467318377249197,0.04504911730781781,2.2995661107570604,0
132.98,2,-0.5894562579262405,-0.13085024546378132,0.02504072384572171,-0.39153103371397613,-0.16031858787280096,-2.274525386911339,95.93331233610759,-0.002537847263738513,0.00013966858386993408,-0.20467318377249197,0.04504911730781781,2.2995661107570604,0
133.08,2,-0.5894562581344308,-0.13085024546386714,0.03003373955005186,-0.3915310339220024,-0.1603185878645332,-2.269532371207008,95.93331233610759,-0.002531791804358363,-5.1987357437610626e-05,-0.20467318377249197,0.04504911730781781,2.2995661107570604,0
133.17,2,-0.5894562579453478,-0.13085024546373142,0.03663830991880132,-0.3915310337330662,-0.1603185878719844,-2.262927800838259,95.93331233610759,-0.002535841427743435,0.00016649533063173294,-0.20467318377249197,0.04504911730781781,2.2995661107570604,0
133.28,2,-0.5894562581271522,-0.1308502454638375,0.03335637742256324,-0.3915310339147284,-0.16031858786479566,-2.2662097333344966,95.93331233610759,-0.0025380528531968594,0.00012002605944871902,-0.20467318377249197,0.04504911730781781,2.2995661107570604,0
133.38,2,-0.5894562579625491,-0.1308502454637449,0.031761850877138044,-0.39153103375025416,-0.16031858787130768,-2.2678042598799224,95.93331233610759,-0.002533684018999338,3.304891288280487e-05,-0.20467318377249197,0.04504911730781781,2.2995661107570604,0
133.48,2,-0.5894562581211179,-0.13085024546384044,0.02947611097510761,-0.391531033908699,-0.1603185878650407,-2.2700899997819532,95.93331233610759,-0.0025334267411381006,6.266497075557709e-05,-0.20467318377249197,0.04504911730781781,2.2995661107570604,0
133.58,2,-0.5894562579596382,-0.13085024546375135,0.030144422122558356,-0.3915310337473458,-0.1603185878714309,-2.2694216886345018,95.93331233610759,-0.002533521968871355,4.553701728582382e-05,-0.20467318377249197,0.04504911730781781,2.2995661107570604,0
133.68,2,-0.589456258117245,-0.13085024546384688,0.024591787394966143,-0.39153103390482946,-0.16031858786520253,-2.274974323362094,95.93331233610759,-0.0025379746221005917,0.0001753736287355423,-0.20467318377249197,0.04504911730781781,2.2995661107570604,0
133.78,2,-0.5894562579741816,-0.13085024546380558,0.021558158285414932,-0.3915310337618797,-0.16031858787090153,-2.2780079524716457,95.93331233610759,-0.0025416321586817503,0.00021953508257865906,-0.20467318377249197,0.04504911730781781,2.2995661107570604,0
133.88,2,-0.5894562581139264,-0.1308502454638623,0.023259352123208548,-0.3915310339015142,-0.1603185878653511,-2.276306758633852,95.93331233610759,-0.002543073147535324,0.0002575935795903206,-0.20467318377249197,0.04504911730781781,2.2995661107570604,0
133.98,2,-0.5894562579870253,-0.1308502454638289,0.018725603908294343,-0.39153103377471393,-0.1603185878704095,-2.2808405068487656,95.93331233610759,-0.0025525360833853483,0.0005266210064291954,-0.20467318377249197,0.04504911730781781,2.2995661107570604,0
134.08,2,-0.5894562581108428,-0.13085024546388624,0.01453883499900964,-0.391531033898434,-0.16031858786549874,-2.28502727575805,95.93331233610759,-0.002551897196099162,0.0004059597849845886,-0.20467318377249197,0.04504911730781781,2.2995661107570604,0
134.18,2,-0.5894562579982587,-0.13085024546387786,0.010705925630324563,-0.3915310337859404,-0.1603185878700077,-2.2888601851267354,95.93331233610759,-0.002551897196099162,0.0004059597849845886,-0.20467318377249197,0.04504911730781781,2.2995661107570604,0
134.27,2,-0.5894562581078986,-0.13085024546391566,0.008071959598716436,-0.39153103389549343,-0.16031858786564626,-2.2914941511583433,95.93331233610759,-0.0025524375960230827,0.0005229515954852104,-0.20467318377249197,0.04504911730781781,2.2995661107570604,0
134.38,2,-0.5894562580080029,-0.1308502454639151,0.006339774945936342,-0.39153103379567816,-0.16031858786965392,-2.293226335811124,95.93331233610759,-0.002562953857704997,0.0007611718028783798,-0.20467318377249197,0.04504911730781781,2.2995661107570604,0
134.48,2,-0.5894562581050207,-0.13085024546394286,0.002142765233077146,-0.39153103389261895,-0.16031858786578893,-2.2974233455239834,95.93331233610759,-0.0025734587106853724,0.0009666075929999352,-0.20467318377249197,0.04504911730781781,2.2995661107570604,0
134.58,2,-0.5894562580163667,-0.1308502454639538,0.0003825099148762869,-0.39153103380403675,-0.160318587869357,-2.2991836008421838,95.93331233610759,-0.002578785875812173,0.0010653017088770866,-0.20467318377249197,0.04504911730781781,2.2995661107570604,0
134.68,2,-0.5894562581021938,-0.130850245463961,0.004372821932634351,-0.39153103388979504,-0.1603185878659205,-2.2951932888244264,95.93331233610759,-0.002563690999522805,0.0006430838257074356,-0.20467318377249197,0.04504911730781781,2.2995661107570604,0
134.78,2,-0.5894562580199055,-0.13085024546396035,0.004018360807115135,-0.3915310338075729,-0.1603185878692216,-2.295547749949945,95.93331233610759,-0.0025623016990721226,0.0008208779618144035,-0.20467318377249197,0.04504911730781781,2.2995661107570604,0
134.88,2,-0.5894562580993951,-0.13085024546396867,0.007375006049309866,-0.3915310338869989,-0.16031858786604042,-2.292191104707751,95.93331233610759,-0.0025504394434392452,0.0003669373691082001,-0.20467318377249197,0.04504911730781781,2.2995661107570604,0
134.98,2,-0.5894562580264348,-0.13085024546396845,0.003691195708546812,-0.39153103381409726,-0.16031858786896772,-2.2958749150485134,95.93331233610759,-0.002560999942943454,0.0008518761023879051,-0.20467318377249197,0.04504911730781781,2.2995661107570604,0
135.08,2,-0.5894562580966879,-0.13085024546398116,0.0031610801101075864,-0.3915310338842944,-0.16031858786616154,-2.296405030646952,95.93331233610759,-0.00255564390681684,0.0004268558695912361,-0.20467318377249197,0.04504911730781781,2.2995661107570604,0
135.18,2,-0.5894562580319666,-0.130850245463984,0.0008290392930217149,-0.39153103381962523,-0.16031858786876124,-2.2987370714640383,95.93331233610759,-0.0025599529035389423,0.0007658097892999649,-0.20467318377249197,0.04504911730781781,2.2995661107570604,0
135.28,2,-0.5894562580940383,-0.130850245463992,0.0031863312497797847,-0.39153103388164734,-0.1603185878662787,-2.296379779507281,95.93331233610759,-0.002568645868450403,0.0008305544033646584,-0.20467318377249197,0.04504911730781781,2.2995661107570604,0
135.37,2,-0.5894562580366219,-0.13085024546399104,0.0033199559195151293,-0.3915310338242771,-0.16031858786858152,-2.2962461548375446,95.93331233610759,-0.00256949570029974,0.0008618505671620369,-0.20467318377249197,0.04504911730781781,2.2995661107570604,0
135.47,2,-0.5894562580915175,-0.13085024546399793,0.0006031981474757023,-0.3915310338791288,-0.16031858786638573,-2.2989629126095843,95.93331233610759,-0.002568352036178112,0.0008349847048521042,-0.20467318377249197,0.04504911730781781,2.2995661107570604,0
135.58,2,-0.5894562580413693,-0.1308502454639992,0.0020171390475207164,-0.39153103382902094,-0.1603185878683992,-2.2975489717095394,95.93331233610759,-0.0025700274854898453,0.0009148679673671722,-0.20467318377249197,0.04504911730781781,2.2995661107570604,0
135.68,2,-0.5894562580896392,-0.13085024546400364,0.0013710136459758407,-0.39153103387725224,-0.16031858786646683,-2.2981950971110847,95.93331233610759,-0.0025691830087453127,0.0008583040907979012,-0.20467318377249197,0.04504911730781781,2.2995661107570604,0
135.78,2,-0.5894562580718388,-0.13085024546400997,-0.0037006568782574655,-0.3915310338594664,-0.1603185878671874,-2.3032667676353173,95.93331233610759,-0.0025813495740294456,0.0012370115146040916,-0.20467318377249197,0.04504911730781781,2.2995661107570604,0
135.88,2,-0.5894562580955924,-0.13085024546401602,-0.007187705030885076,-0.39153103388320126,-0.16031858786624031,-2.3067538157879452,95.93331233610759,-0.002592344069853425,0.0013791155070066452,-0.20467318377249197,0.04504911730781781,2.2995661107570604,0
135.98,2,-0.5894562580504645,-0.13085024546402524,-0.0067865297801007075,-0.39153103383810994,-0.16031858786806027,-2.3063526405371606,95.93331233610759,-0.0025964626111090183,0.0014817388728260994,-0.20467318377249197,0.04504911730781781,2.2995661107570604,0
136.08,2,-0.5894562580874269,-0.13085024546402174,-0.005102190013564023,-0.39153103387504234,-0.1603185878665737,-2.304668300770624,95.93331233610759,-0.0025821360759437084,0.0010726507753133774,-0.20467318377249197,0.04504911730781781,2.2995661107570604,0
136.18,2,-0.5894562580651089,-0.13085024546402602,-0.005260691227596936,-0.39153103385274257,-0.1603185878674734,-2.304826801984657,95.93331233610759,-0.002583261113613844,0.0013181176036596298,-0.20467318377249197,0.04504911730781781,2.2995661107570604,0
136.28,2,-0.5894562580925727,-0.13085024546402252,0.0015892806049897454,-0.3915310338801842,-0.160318587866368,-2.2979768301520704,95.93331233610759,-0.0025657883379608393,0.0006796857342123985,-0.20467318377249197,0.04504911730781781,2.2995661107570604,0
136.38,2,-0.589456258067518,-0.13085024546402324,2.849084269291313e-05,-0.3915310338551497,-0.160318587867374,-2.2995376199143673,95.93331233610759,-0.0025637084618210793,0.0008938964456319809,-0.20467318377249197,0.04504911730781781,2.2995661107570604,0
136.48,2,-0.5894562580915057,-0.1308502454640263,-0.005218454887841963,-0.3915310338791182,-0.16031858786641456,-2.3047845656449013,95.93331233610759,-0.00257891952060163,0.0011471370235085487,-0.20467318377249197,0.04504911730781781,2.2995661107570604,0
136.57,2,-0.5894562580697061,-0.13085024546402657,-0.001089740900199372,-0.3915310338573362,-0.16031858786728953,-2.30065585165726,95.93331233610759,-0.0025722801219671965,0.0008396515622735023,-0.20467318377249197,0.04504911730781781,2.2995661107570604,0
136.67,2,-0.589456258090632,-0.13085024546402763,-0.002577383342578412,-0.39153103387824517,-0.16031858786645095,-2.3021434940996386,95.93331233610759,-0.002577014733105898,0.0011327499523758888,-0.20467318377249197,0.04504911730781781,2.2995661107570604,0
136.77,2,-0.5894562580692821,-0.1308502454640294,-0.0026250573923485778,-0.3915310338569126,-0.16031858786730935,-2.3021911681494087,95.93331233610759,-0.0025767870247364044,0.0009873714298009872,-0.20467318377249197,0.04504911730781781,2.2995661107570604,0
136.88,2,-0.5894562580900613,-0.13085024546402968,-0.0012541366143408927,-0.39153103387767507,-0.16031858786647593,-2.300820247371401,95.93331233610759,-0.0025839770678430796,0.0012876233085989952,-0.20467318377249197,0.04504911730781781,2.2995661107570604,0
136.98,2,-0.5894562580711454,-0.13085024546402801,0.0027639668949381124,-0.3915310338587743,-0.16031858786723324,-2.2968021438621222,95.93331233610759,-0.0025734605733305216,0.0008516805246472359,-0.20467318377249197,0.04504911730781781,2.2995661107570604,0
137.08,2,-0.5894562580895769,-0.13085024546402724,0.007545943016938258,-0.39153103387719096,-0.16031858786649292,-2.292020167740122,95.93331233610759,-0.0025531647261232138,0.0004969965666532516,-0.20467318377249197,0.04504911730781781,2.2995661107570604,0
137.17,2,-0.5894562580727986,-0.13085024546402446,0.009506523835727986,-0.3915310338604259,-0.16031858786716335,-2.290059586921332,95.93331233610759,-0.0025547067634761333,0.0006557907909154892,-0.20467318377249197,0.04504911730781781,2.2995661107570604,0
137.28,2,-0.5894562580891344,-0.1308502454640259,0.008478635613199483,-0.39153103387674876,-0.16031858786650935,-2.291087475143861,95.93331233610759,-0.0025558476336300373,0.0005520051345229149,-0.20467318377249197,0.04504911730781781,2.2995661107570604,0
137.38,2,-0.5894562580742485,-0.13085024546402474,0.006494359427689955,-0.3915310338618749,-0.16031858786710546,-2.2930717513293706,95.93331233610759,-0.002565045841038227,0.0008384296670556068,-0.20467318377249197,0.04504911730781781,2.2995661107570604,0
137.47,2,-0.5894562580887174,-0.1308502454640253,0.0110434877053104,-0.3915310338763321,-0.16031858786652545,-2.2885226230517492,95.93331233610759,-0.0025657385122030973,0.0007162028923630714,-0.20467318377249197,0.04504911730781781,2.2995661107570604,0
137.58,2,-0.5894562580755114,-0.1308502454640219,0.011865514531577626,-0.3915310338631365,-0.16031858786705197,-2.2877005962254824,95.93331233610759,-0.0025603165850043297,0.0006528738886117935,-0.20467318377249197,0.04504911730781781,2.2995661107570604,0
137.67,2,-0.5894562580883181,-0.13085024546402385,0.012185982786926824,-0.39153103387593313,-0.16031858786654005,-2.287380127970133,95.93331233610759,-0.0025524438824504614,0.00046299584209918976,-0.20467318377249197,0.04504911730781781,2.2995661107570604,0
137.78,2,-0.589456258076601,-0.13085024546402035,0.013974310059231457,-0.39153103386422516,-0.1603185878670067,-2.285591800697828,95.93331233610759,-0.0025521230418235064,0.0005325395613908768,-0.20467318377249197,0.04504911730781781,2.2995661107570604,0
137.88,2,-0.5894562580879307,-0.13085024546402196,0.018380742510312274,-0.3915310338755458,-0.16031858786655367,-2.2811853682467476,95.93331233610759,-0.0025504515506327152,0.0004225755110383034,-0.20467318377249197,0.04504911730781781,2.2995661107570604,0
137.98,2,-0.5894562580770552,-0.13085024546401747,0.01951637242902377,-0.3915310338646789,-0.16031858786698558,-2.280049738328036,95.93331233610759,-0.0025414591655135155,0.00020539388060569763,-0.20467318377249197,0.04504911730781781,2.2995661107570604,0
138.08,2,-0.5894562580875501,-0.1308502454640207,0.017163942567606397,-0.3915310338751655,-0.16031858786656766,-2.2824021681894533,95.93331233610759,-0.0025414591655135155,0.00020539388060569763,-0.20467318377249197,0.04504911730781781,2.2995661107570604,0
138.17,2,-0.5894562580779078,-0.1308502454640174,0.016336614042349488,-0.39153103386553084,-0.1603185878669513,-2.283229496714711,95.93331233610759,-0.0025474627036601305,0.0003587733954191208,-0.20467318377249197,0.04504911730781781,2.2995661107570604,0
138.27,2,-0.5894562580871842,-0.13085024546401947,0.017529094023526932,-0.3915310338747998,-0.16031858786658115,-2.2820370167335327,95.93331233610759,-0.002529015764594078,-0.00015636347234249115,-0.20467318377249197,0.04504911730781781,2.2995661107570604,0
138.38,2,-0.5894562580786264,-0.1308502454640167,0.016672419514516198,-0.3915310338662489,-0.16031858786692174,-2.282893691242544,95.93331233610759,-0.002532397396862507,0.000158567912876606,-0.20467318377249197,0.04504911730781781,2.2995661107570604,0
138.48,2,-0.5894562580868195,-0.13085024546401824,0.02344339529874486,-0.39153103387443533,-0.16031858786659456,-2.2761227154583152,95.93331233610759,-0.0025340591091662645,1.0518357157707214e-05,-0.20467318377249197,0.04504911730781781,2.2995661107570604,0
138.58,2,-0.5894562580792242,-0.1308502454640149,0.023365193795972353,-0.3915310338668462,-0.16031858786689598,-2.2762009169610873,95.93331233610759,-0.00255154469050467,0.0005789166316390038,-0.20467318377249197,0.04504911730781781,2.2995661107570604,0
138.68,2,-0.5894562580864785,-0.13085024546401725,0.021035437554317134,-0.39153103387409466,-0.16031858786660724,-2.278530673202743,95.93331233610759,-0.002549875294789672,0.00027288030833005905,-0.20467318377249197,0.04504911730781781,2.2995661107570604,0
138.78,2,-0.5894562580798606,-0.13085024546401547,0.01858351793426103,-0.39153103386748206,-0.16031858786687098,-2.280982592822799,95.93331233610759,-0.002553753787651658,0.0005887765437364578,-0.20467318377249197,0.04504911730781781,2.2995661107570604,0
138.88,2,-0.5894562580862279,-0.13085024546401736,0.016458621430623863,-0.3915310338738443,-0.16031858786661737,-2.283107489326437,95.93331233610759,-0.002550053410232067,0.0003469204530119896,-0.20467318377249197,0.04504911730781781,2.2995661107570604,0
138.98,2,-0.5894562580804824,-0.13085024546401608,0.015099976694887825,-0.39153103386810334,-0.16031858786684666,-2.284466134062172,95.93331233610759,-0.0025556019973009825,0.000652095302939415,-0.20467318377249197,0.04504911730781781,2.2995661107570604,0
139.08,2,-0.5894562580860538,-0.13085024546401708,0.021088150780017176,-0.39153103387367033,-0.1603185878666241,-2.278477959977043,95.93331233610759,-0.0025552709121257067,0.0004883389919996262,-0.20467318377249197,0.04504911730781781,2.2995661107570604,0
139.18,2,-0.589456258082654,-0.13085024546401564,0.018158667012099342,-0.39153103387027316,-0.1603185878667591,-2.2814074437449605,95.93331233610759,-0.002547604963183403,0.0003687627613544464,-0.20467318377249197,0.04504911730781781,2.2995661107570604,0
139.28,2,-0.5894562580867924,-0.13085024546401736,0.012157798120834572,-0.39153103387440824,-0.16031858786659475,-2.2874083126362255,95.93331233610759,-0.0025483255740255117,0.00042898301035165787,-0.20467318377249197,0.04504911730781781,2.2995661107570604,0
139.38,2,-0.5894562580827237,-0.13085024546401658,0.01180612659623979,-0.3915310338703428,-0.16031858786675726,-2.2877599841608207,95.93331233610759,-0.002553631318733096,0.0005358988419175148,-0.20467318377249197,0.04504911730781781,2.2995661107570604,0
139.48,2,-0.5894562580866386,-0.13085024546401763,0.010831597144661446,-0.3915310338742546,-0.16031858786660122,-2.2887345136123987,95.93331233610759,-0.0025643575936555862,0.0007892102003097534,-0.20467318377249197,0.04504911730781781,2.2995661107570604,0
139.58,2,-0.5894562580833458,-0.13085024546401747,0.006069306071670193,-0.3915310338709645,-0.16031858786673317,-2.29349680468539,95.93331233610759,-0.0025648341979831457,0.0007052524015307426,-0.20467318377249197,0.04504911730781781,2.2995661107570604,0
139.68,2,-0.5894562580864934,-0.13085024546401824,0.0001469421285520488,-0.3915310338741096,-0.16031858786660766,-2.299419168628508,95.93331233610759,-0.002565948059782386,0.0008159149438142776,-0.20467318377249197,0.04504911730781781,2.2995661107570604,0
139.78,2,-0.5894562580836329,-0.13085024546401863,-0.0031003469369380423,-0.39153103387125143,-0.16031858786672282,-2.3026664576939977,95.93331233610759,-0.0025711366906762123,0.0009280741214752197,-0.20467318377249197,0.04504911730781781,2.2995661107570604,0
139.87,2,-0.5894562580863716,-0.13085024546401886,-0.006187892947206093,-0.39153103387398785,-0.16031858786661313,-2.3057540037042665,95.93331233610759,-0.002589271869510412,0.0014133015647530556,-0.20467318377249197,0.04504911730781781,2.2995661107570604,0
139.97,2,-0.5894562580835299,-0.13085024546401963,-0.010278445357432928,-0.3915310338711484,-0.16031858786672795,-2.3098445561144927,95.93331233610759,-0.0025930895935744047,0.0013297991827130318,-0.20467318377249197,0.04504911730781781,2.2995661107570604,0
140.08,2,-0.5894562580862893,-0.13085024546401947,-0.011075589519581236,-0.3915310338739057,-0.160318587866617,-2.3106417002766415,95.93331233610759,-0.0025891908444464207,0.0013251155614852905,-0.20467318377249197,0.04504911730781781,2.2995661107570604,0
140.18,2,-0.5894562580837681,-0.13085024546402024,-0.010671936883688069,-0.39153103387138655,-0.160318587866719,-2.310238047640748,95.93331233610759,-0.002587581053376198,0.0013069696724414825,-0.20467318377249197,0.04504911730781781,2.2995661107570604,0
140.28,2,-0.5894562580862175,-0.13085024546402013,-0.014183022380932098,-0.3915310338738339,-0.1603185878666206,-2.3137491331379922,95.93331233610759,-0.002595965750515461,0.0015639616176486015,-0.20467318377249197,0.04504911730781781,2.2995661107570604,0
140.38,2,-0.5894562580839796,-0.1308502454640208,-0.013665816004017214,-0.391531033871598,-0.16031858786671108,-2.3132319267610773,95.93331233610759,-0.0025866469368338585,0.0011782804504036903,-0.20467318377249197,0.04504911730781781,2.2995661107570604,0
140.48,2,-0.5894562580803667,-0.1308502454640219,-0.01337533656328482,-0.391531033867988,-0.1603185878668571,-2.312941447320345,95.93331233610759,-0.0025851984973996878,0.0013290997594594955,-0.20467318377249197,0.04504911730781781,2.2995661107570604,0
140.58,2,-0.5894562580842082,-0.13085024546402108,-0.011761441813493407,-0.3915310338718264,-0.1603185878667022,-2.311327552570554,95.93331233610759,-0.002585912588983774,0.0012467289343476295,-0.20467318377249197,0.04504911730781781,2.2995661107570604,0
140.68,2,-0.5894562580860734,-0.1308502454640209,-0.008811820190688819,-0.39153103387369,-0.16031858786662714,-2.308377930947749,95.93331233610759,-0.0025854462292045355,0.0012706229463219643,-0.20467318377249197,0.04504911730781781,2.2995661107570604,0
140.78,2,-0.5894562580843095,-0.1308502454640213,-0.0094785822727468,-0.3915310338719275,-0.1603185878666983,-2.309044693029807,95.93331233610759,-0.002583425957709551,0.0011871904134750366,-0.20467318377249197,0.04504911730781781,2.2995661107570604,0
140.88,2,-0.5894562580860119,-0.13085024546402108,-0.00313997180998394,-0.39153103387362853,-0.1603185878666298,-2.302706082567044,95.93331233610759,-0.0025805984623730183,0.0011438718065619469,-0.20467318377249197,0.04504911730781781,2.2995661107570604,0
140.98,2,-0.5894562580844461,-0.13085024546402108,-0.0026576438514925057,-0.391531033872064,-0.16031858786669262,-2.302223754608552,95.93331233610759,-0.0025757295079529285,0.0010137232020497322,-0.20467318377249197,0.04504911730781781,2.2995661107570604,0
141.08,2,-0.5894562580859513,-0.13085024546402108,-0.00799874786532497,-0.3915310338735679,-0.16031858786663222,-2.307564858622386,95.93331233610759,-0.002585890470072627,0.0013501094654202461,-0.20467318377249197,0.04504911730781781,2.2995661107570604,0
141.18,2,-0.5894562580844971,-0.13085024546402113,-0.004695328927082091,-0.391531033872115,-0.16031858786669065,-2.304261439684142,95.93331233610759,-0.0025765940081328154,0.0009196875616908073,-0.20467318377249197,0.04504911730781781,2.2995661107570604,0
141.28,2,-0.5894562580858904,-0.13085024546402108,4.220825744558365e-06,-0.39153103387350724,-0.16031858786663467,-2.299561889931316,95.93331233610759,-0.002574897836893797,0.0010897787287831306,-0.20467318377249197,0.04504911730781781,2.2995661107570604,0
141.38,2,-0.5894562580846011,-0.13085024546402102,0.001646850469751891,-0.39153103387221894,-0.16031858786668637,-2.297919260287309,95.93331233610759,-0.0025670253671705723,0.0007561082020401955,-0.20467318377249197,0.04504911730781781,2.2995661107570604,0
141.48,2,-0.5894562580858331,-0.1308502454640213,0.0017914641612218046,-0.39153103387345,-0.16031858786663716,-2.297774646595838,95.93331233610759,-0.002566333394497633,0.0008874591439962387,-0.20467318377249197,0.04504911730781781,2.2995661107570604,0
141.58,2,-0.589456258084703,-0.13085024546402124,-0.0010198960470223283,-0.39153103387232074,-0.1603185878666825,-2.3005860068040818,95.93331233610759,-0.002558372216299176,0.0005577327683568001,-0.20467318377249197,0.04504911730781781,2.2995661107570604,0
141.68,2,-0.5894562580857888,-0.1308502454640213,0.002561511721141215,-0.3915310338734057,-0.16031858786663897,-2.2970045990359185,95.93331233610759,-0.0025564045645296574,0.0006425203755497932,-0.20467318377249197,0.04504911730781781,2.2995661107570604,0
141.78,2,-0.5894562580847799,-0.13085024546402135,-0.0017227089160408644,-0.39153103387239757,-0.1603185878666795,-2.301288819673101,95.93331233610759,-0.002563562709838152,0.0007653608918190002,-0.20467318377249197,0.04504911730781781,2.2995661107570604,0
141.88,2,-0.5894562580857607,-0.13085024546402124,0.0005816386438560111,-0.39153103387337757,-0.16031858786664,-2.2989844721132044,95.93331233610759,-0.0025633254554122686,0.0007002018392086029,-0.20467318377249197,0.04504911730781781,2.2995661107570604,0
141.98,2,-0.5894562580849076,-0.1308502454640209,0.006623923717097398,-0.39153103387252525,-0.16031858786667397,-2.292942187039963,95.93331233610759,-0.0025661939289420843,0.0008224295452237129,-0.20467318377249197,0.04504911730781781,2.2995661107570604,0
142.08,2,-0.589456258085739,-0.13085024546402102,0.005252289170254638,-0.39153103387335586,-0.16031858786664066,-2.294313821586805,95.93331233610759,-0.0025652784388512373,0.0007489435374736786,-0.20467318377249197,0.04504911730781781,2.2995661107570604,0
142.18,2,-0.5894562580849976,-0.13085024546402085,0.00561599757401352,-0.391531033872615,-0.16031858786667025,-2.293950113183046,95.93331233610759,-0.002565742004662752,0.0008130772039294243,-0.20467318377249197,0.04504911730781781,2.2995661107570604,0
142.27,2,-0.5894562580857238,-0.13085024546402085,0.004547540906334585,-0.3915310338733407,-0.1603185878666411,-2.295018569850725,95.93331233610759,-0.002572189550846815,0.0009674280881881714,-0.20467318377249197,0.04504911730781781,2.2995661107570604,0
142.38,2,-0.5894562580852895,-0.13085024546402074,0.0028953352288522936,-0.3915310338729067,-0.16031858786665845,-2.296670775528208,95.93331233610759,-0.002570023760199547,0.0008460516110062599,-0.20467318377249197,0.04504911730781781,2.2995661107570604,0
142.48,2,-0.5894562580858291,-0.13085024546402085,0.002518644262904592,-0.3915310338734459,-0.1603185878666369,-2.297047466494155,95.93331233610759,-0.0025686209555715322,0.0008788611739873886,-0.20467318377249197,0.04504911730781781,2.2995661107570604,0
142.58,2,-0.5894562580853384,-0.13085024546402085,0.002796184128425274,-0.3915310338729557,-0.1603185878666566,-2.296769926628635,95.93331233610759,-0.002567774150520563,0.0008363435044884682,-0.20467318377249197,0.04504911730781781,2.2995661107570604,0
142.68,2,-0.5894562580858093,-0.13085024546402096,-0.0018788019110647157,-0.39153103387342597,-0.16031858786663777,-2.3014449126681256,95.93331233610759,-0.002580722328275442,0.0012254668399691582,-0.20467318377249197,0.04504911730781781,2.2995661107570604,0
142.78,2,-0.5894562580853818,-0.13085024546402102,-0.003237001551174593,-0.39153103387299903,-0.16031858786665498,-2.3028031123082346,95.93331233610759,-0.002585745882242918,0.0011910861358046532,-0.20467318377249197,0.04504911730781781,2.2995661107570604,0
142.87,2,-0.5894562580857023,-0.13085024546402102,-0.00010693010521977474,-0.3915310338733193,-0.16031858786664213,-2.2996730408622796,95.93331233610759,-0.002585745882242918,0.0011910861358046532,-0.20467318377249197,0.04504911730781781,2.2995661107570604,0
142.98,2,-0.589456258085367,-0.13085024546402113,-0.0016563023834378664,-0.39153103387298416,-0.16031858786665573,-2.3012224131404984,95.93331233610759,-0.002575533464550972,0.001023596152663231,-0.20467318377249197,0.04504911730781781,2.2995661107570604,0
143.08,2,-0.5894562580857811,-0.13085024546402113,0.0006015708288108954,-0.39153103387339794,-0.1603185878666391,-2.298964539928249,95.93331233610759,-0.002579635242000222,0.0011726496741175652,-0.20467318377249197,0.04504911730781781,2.2995661107570604,0
143.18,2,-0.589456258085458,-0.1308502454640212,-0.0028627022793215654,-0.3915310338730751,-0.16031858786665212,-2.3024288130363812,95.93331233610759,-0.002574783517047763,0.0009525641798973083,-0.20467318377249197,0.04504911730781781,2.2995661107570604,0
143.28,2,-0.5894562580857683,-0.1308502454640212,-0.009604942916748356,-0.39153103387338517,-0.1603185878666397,-2.3091710536738086,95.93331233610759,-0.0025750971399247646,0.0010636327788233757,-0.20467318377249197,0.04504911730781781,2.2995661107570604,0
143.38,2,-0.5894562580854337,-0.1308502454640213,-0.01380685251540824,-0.3915310338730508,-0.16031858786665318,-2.3133729632724673,95.93331233610759,-0.002574886893853545,0.000985356979072094,-0.20467318377249197,0.04504911730781781,2.2995661107570604,0
143.48,2,-0.5894562580857592,-0.1308502454640213,-0.014148385011353782,-0.391531033873376,-0.16031858786664013,-2.313714495768414,95.93331233610759,-0.0025864047929644585,0.0013519376516342163,-0.20467318377249197,0.04504911730781781,2.2995661107570604,0
143.58,2,-0.5894562580854623,-0.1308502454640213,-0.01356088649512607,-0.3915310338730794,-0.16031858786665204,-2.3131269972521866,95.93331233610759,-0.0025906162336468697,0.0013027703389525414,-0.20467318377249197,0.04504911730781781,2.2995661107570604,0
143.68,2,-0.5894562580857501,-0.13085024546402135,-0.010693057575390444,-0.39153103387336696,-0.16031858786664055,-2.3102591683324514,95.93331233610759,-0.0025778417475521564,0.0010070977732539177,-0.20467318377249197,0.04504911730781781,2.2995661107570604,0
143.78,2,-0.5894562580854871,-0.1308502454640213,-0.008418982334702056,-0.3915310338731041,-0.16031858786665107,-2.307985093091762,95.93331233610759,-0.002578867832198739,0.001183181069791317,-0.20467318377249197,0.04504911730781781,2.2995661107570604,0
143.88,2,-0.5894562580857419,-0.13085024546402135,-0.009728568985148569,-0.39153103387335875,-0.16031858786664088,-2.3092946797422083,95.93331233610759,-0.0025852902326732874,0.0012607071548700333,-0.20467318377249197,0.04504911730781781,2.2995661107570604,0
143.98,2,-0.5894562580855085,-0.1308502454640214,-0.009095708825426938,-0.39153103387312554,-0.1603185878666503,-2.308661819582487,95.93331233610759,-0.0025812897365540266,0.0011137714609503746,-0.20467318377249197,0.04504911730781781,2.2995661107570604,0
144.08,2,-0.589456258085734,-0.1308502454640214,-0.005925406851082556,-0.3915310338733509,-0.16031858786664127,-2.3054915176081425,95.93331233610759,-0.0025812897365540266,0.0011137714609503746,-0.20467318377249197,0.04504911730781781,2.2995661107570604,0
144.17,2,-0.5894562580855172,-0.13085024546402152,-0.00904228324214172,-0.39153103387313426,-0.16031858786665007,-2.3086083939992017,95.93331233610759,-0.002576494123786688,0.0010951440781354904,-0.20467318377249197,0.04504911730781781,2.2995661107570604,0
144.28,2,-0.5894562580857258,-0.1308502454640214,-0.011763351648795368,-0.3915310338733427,-0.16031858786664158,-2.311329462405855,95.93331233610759,-0.0025793344248086214,0.00110603217035532,-0.20467318377249197,0.04504911730781781,2.2995661107570604,0
144.38,2,-0.5894562580855339,-0.1308502454640214,-0.008203530646005996,-0.39153103387315097,-0.1603185878666493,-2.3077696414030657,95.93331233610759,-0.002584704663604498,0.0012547001242637634,-0.20467318377249197,0.04504911730781781,2.2995661107570604,0
144.48,2,-0.589456258085718,-0.13085024546402146,-0.005236777053778153,-0.39153103387333493,-0.16031858786664194,-2.304802887810838,95.93331233610759,-0.002583078807219863,0.0011473633348941803,-0.20467318377249197,0.04504911730781781,2.2995661107570604,0
144.58,2,-0.5894562580855474,-0.1308502454640212,-0.005182765900072081,-0.3915310338731644,-0.16031858786664854,-2.3047488766571327,95.93331233610759,-0.0025793735403567553,0.001112673431634903,-0.20467318377249197,0.04504911730781781,2.2995661107570604,0
144.68,2,-0.5894562580857104,-0.1308502454640212,-0.006942666827994622,-0.3915310338733274,-0.16031858786664197,-2.306508777585054,95.93331233610759,-0.0025769032072275877,0.001056171953678131,-0.20467318377249197,0.04504911730781781,2.2995661107570604,0
144.78,2,-0.5894562580855612,-0.13085024546402124,-0.006440721074619493,-0.3915310338731783,-0.16031858786664804,-2.30600683183168,95.93331233610759,-0.002578526269644499,0.00112124253064394,-0.20467318377249197,0.04504911730781781,2.2995661107570604,0
144.88,2,-0.5894562580857049,-0.1308502454640214,-0.014872759780120617,-0.39153103387332183,-0.1603185878666424,-2.3144388705371814,95.93331233610759,-0.002580299274995923,0.0011284826323390007,-0.20467318377249197,0.04504911730781781,2.2995661107570604,0
144.98,2,-0.5894562580855756,-0.1308502454640213,-0.014019146226808128,-0.39153103387319266,-0.1603185878666475,-2.313585256983868,95.93331233610759,-0.0025869417004287243,0.0013164635747671127,-0.20467318377249197,0.04504911730781781,2.2995661107570604,0
145.08,2,-0.5894562580857011,-0.13085024546402113,-0.01179447864940756,-0.391531033873318,-0.16031858786664233,-2.3113605894064677,95.93331233610759,-0.002589508891105652,0.0013108756393194199,-0.20467318377249197,0.04504911730781781,2.2995661107570604,0
145.18,2,-0.5894562580855887,-0.13085024546402124,-0.01072219834084994,-0.39153103387320576,-0.1603185878666469,-2.3102883090979107,95.93331233610759,-0.0025811337400227785,0.0011036014184355736,-0.20467318377249197,0.04504911730781781,2.2995661107570604,0
145.28,2,-0.5894562580857179,-0.13085024546402135,-0.012754245504754957,-0.3915310338733348,-0.16031858786664183,-2.3123203562618153,95.93331233610759,-0.0025811337400227785,0.0011036014184355736,-0.20467318377249197,0.04504911730781781,2.2995661107570604,0
145.37,2,-0.5894562580856262,-0.13085024546402146,-0.010115292311983081,-0.39153103387324323,-0.16031858786664566,-2.309681403069043,95.93331233610759,-0.002582852728664875,0.001078953966498375,-0.20467318377249197,0.04504911730781781,2.2995661107570604,0
145.47,2,-0.5894562580857142,-0.13085024546402152,-0.007711473460892834,-0.3915310338733311,-0.1603185878666422,-2.3072775842179527,95.93331233610759,-0.002570881973952055,0.0009338045492768288,-0.20467318377249197,0.04504911730781781,2.2995661107570604,0
145.58,2,-0.5894562580856395,-0.13085024546402135,-0.008501551596302349,-0.3915310338732565,-0.160318587866645,-2.3080676623533622,95.93331233610759,-0.0025680363178253174,0.0008821943774819374,-0.20467318377249197,0.04504911730781781,2.2995661107570604,0
145.68,2,-0.5894562580857108,-0.1308502454640213,-0.015089675304886014,-0.39153103387332766,-0.16031858786664208,-2.3146557860619463,95.93331233610759,-0.0025761949364095926,0.0011055655777454376,-0.20467318377249197,0.04504911730781781,2.2995661107570604,0
145.78,2,-0.5894562580856461,-0.13085024546402135,-0.01281885203729398,-0.39153103387326305,-0.1603185878666447,-2.3123849627943542,95.93331233610759,-0.0025761949364095926,0.0011055655777454376,-0.20467318377249197,0.04504911730781781,2.2995661107570604,0
145.88,2,-0.5894562580857078,-0.1308502454640214,-0.010358932920243412,-0.3915310338733247,-0.1603185878666423,-2.3099250436773042,95.93331233610759,-0.002584959613159299,0.0012266039848327637,-0.20467318377249197,0.04504911730781781,2.2995661107570604,0
145.98,2,-0.5894562580856515,-0.13085024546402152,-0.0037056385671116123,-0.39153103387326854,-0.16031858786664466,-2.3032717493241717,95.93331233610759,-0.0025922583881765604,0.0014010928571224213,-0.20467318377249197,0.04504911730781781,2.2995661107570604,0
146.08,2,-0.5894562580857058,-0.13085024546402163,-0.005746794464827609,-0.3915310338733227,-0.16031858786664263,-2.3053129052218875,95.93331233610759,-0.0025740540586411953,0.001093866303563118,-0.20467318377249197,0.04504911730781781,2.2995661107570604,0
146.18,2,-0.5894562580856567,-0.1308502454640219,-0.004707115272402307,-0.39153103387327376,-0.16031858786664485,-2.304273226029463,95.93331233610759,-0.0025760631542652845,0.0010298360139131546,-0.20467318377249197,0.04504911730781781,2.2995661107570604,0
146.28,2,-0.5894562580857038,-0.13085024546402185,-0.006390167445903439,-0.39153103387332067,-0.16031858786664294,-2.3059562782029634,95.93331233610759,-0.0025763430166989565,0.0010591354221105576,-0.20467318377249197,0.04504911730781781,2.2995661107570604,0
146.38,2,-0.5894562580856538,-0.13085024546402169,-0.010712034473239063,-0.3915310338732708,-0.16031858786664474,-2.310278145230299,95.93331233610759,-0.002578956075012684,0.0011027315631508827,-0.20467318377249197,0.04504911730781781,2.2995661107570604,0
146.48,2,-0.589456258085702,-0.13085024546402146,-0.013925054307897143,-0.39153103387331895,-0.1603185878666426,-2.3134911650649572,95.93331233610759,-0.0025832192040979862,0.0012089433148503304,-0.20467318377249197,0.04504911730781781,2.2995661107570604,0
146.58,2,-0.5894562580856576,-0.13085024546402135,-0.014741727440764865,-0.39153103387327465,-0.16031858786664424,-2.314307838197825,95.93331233610759,-0.002588338451460004,0.0013166991993784904,-0.20467318377249197,0.04504911730781781,2.2995661107570604,0
146.68,2,-0.5894562580857005,-0.13085024546402124,-0.012192599187184667,-0.39153103387331734,-0.16031858786664244,-2.3117587099442445,95.93331233610759,-0.0025892865378409624,0.0013159839436411858,-0.20467318377249197,0.04504911730781781,2.2995661107570604,0
146.78,2,-0.5894562580856613,-0.13085024546402124,-0.011189703838531385,-0.39153103387327826,-0.160318587866644,-2.3107558145955913,95.93331233610759,-0.0025885868817567825,0.0013201460242271423,-0.20467318377249197,0.04504911730781781,2.2995661107570604,0
146.88,2,-0.5894562580856995,-0.1308502454640212,-0.009274263462604921,-0.39153103387331634,-0.1603185878666424,-2.3088403742196646,95.93331233610759,-0.002585747977718711,0.0012488625943660736,-0.20467318377249197,0.04504911730781781,2.2995661107570604,0
146.98,2,-0.5894562580856645,-0.1308502454640212,-0.009379422826187457,-0.3915310338732814,-0.16031858786664385,-2.308945533583247,95.93331233610759,-0.002583557041361928,0.0012209750711917877,-0.20467318377249197,0.04504911730781781,2.2995661107570604,0
147.08,2,-0.5894562580856982,-0.13085024546402124,-0.011288639830462768,-0.3915310338733151,-0.16031858786664255,-2.3108547505875228,95.93331233610759,-0.002582759829238057,0.0011992044746875763,-0.20467318377249197,0.04504911730781781,2.2995661107570604,0
147.18,2,-0.5894562580856674,-0.13085024546402135,-0.008156589762865651,-0.3915310338732844,-0.16031858786664385,-2.3077227005199257,95.93331233610759,-0.0025945003144443035,0.0015325574204325676,-0.20467318377249197,0.04504911730781781,2.2995661107570604,0
147.28,2,-0.5894562580856972,-0.13085024546402146,-0.002963616565680765,-0.39153103387331417,-0.16031858786664277,-2.302529727322741,95.93331233610759,-0.0025891915429383516,0.0012284424155950546,-0.20467318377249197,0.04504911730781781,2.2995661107570604,0
147.38,2,-0.5894562580856688,-0.13085024546402169,-0.006024679904943569,-0.3915310338732858,-0.16031858786664416,-2.3055907906620035,95.93331233610759,-0.002580409636721015,0.0011492548510432243,-0.20467318377249197,0.04504911730781781,2.2995661107570604,0
147.48,2,-0.5894562580856962,-0.13085024546402185,-0.002926047355937274,-0.39153103387331323,-0.16031858786664324,-2.302492158112998,95.93331233610759,-0.0025726519525051117,0.0009471271187067032,-0.20467318377249197,0.04504911730781781,2.2995661107570604,0
147.58,2,-0.5894562580856709,-0.13085024546402213,-0.0025601364443972926,-0.39153103387328797,-0.1603185878666445,-2.3021262472014574,95.93331233610759,-0.0025632812175899744,0.0007500946521759033,-0.20467318377249197,0.04504911730781781,2.2995661107570604,0
147.68,2,-0.589456258085695,-0.1308502454640223,-0.002071617779975163,-0.39153103387331206,-0.16031858786664369,-2.301637728537035,95.93331233610759,-0.0025678365491330624,0.0009232023730874062,-0.20467318377249197,0.04504911730781781,2.2995661107570604,0
147.78,2,-0.5894562580856797,-0.13085024546402252,-0.002423283534890224,-0.3915310338732967,-0.16031858786664455,-2.30198939429195,95.93331233610759,-0.0025725001469254494,0.0009349565953016281,-0.20467318377249197,0.04504911730781781,2.2995661107570604,0
147.88,2,-0.5894562580856942,-0.1308502454640228,-0.002329142344404688,-0.39153103387331123,-0.16031858786664424,-2.3018952531014647,95.93331233610759,-0.002575096907094121,0.0010054679587483406,-0.20467318377249197,0.04504911730781781,2.2995661107570604,0
147.98,2,-0.589456258085675,-0.13085024546402296,-0.005308816809571724,-0.391531033873292,-0.16031858786664516,-2.304874927566632,95.93331233610759,-0.002581400331109762,0.0011639362201094627,-0.20467318377249197,0.04504911730781781,2.2995661107570604,0
148.08,2,-0.5894562580856939,-0.13085024546402252,-0.004690462978866792,-0.39153103387331095,-0.160318587866644,-2.3042565737359264,95.93331233610759,-0.002573411213234067,0.000889497809112072,-0.20467318377249197,0.04504911730781781,2.2995661107570604,0
148.18,2,-0.5894562580856768,-0.1308502454640223,-0.002837570465867031,-0.39153103387329385,-0.16031858786664446,-2.3024036812229274,95.93331233610759,-0.002573061967268586,0.0010286802425980568,-0.20467318377249197,0.04504911730781781,2.2995661107570604,0
148.28,2,-0.5894562580856937,-0.13085024546402207,-0.0017781065942416448,-0.3915310338733107,-0.16031858786664355,-2.3013442173513012,95.93331233610759,-0.0025749588385224342,0.0010002376511693,-0.20467318377249197,0.04504911730781781,2.2995661107570604,0
148.38,2,-0.5894562580856787,-0.13085024546402185,0.0015987533640979524,-0.39153103387329574,-0.16031858786664394,-2.2979673573929627,95.93331233610759,-0.0025728163309395313,0.0009550023823976517,-0.20467318377249197,0.04504911730781781,2.2995661107570604,0
148.48,2,-0.5894562580856956,-0.13085024546402163,0.0017541312651910119,-0.39153103387331245,-0.16031858786664305,-2.2978119794918683,95.93331233610759,-0.0025711131747812033,0.0009191511198878288,-0.20467318377249197,0.04504911730781781,2.2995661107570604,0
148.58,2,-0.5894562580856846,-0.13085024546402146,0.002854661055551407,-0.3915310338733015,-0.1603185878666433,-2.2967114497015086,95.93331233610759,-0.0025711131747812033,0.0009191511198878288,-0.20467318377249197,0.04504911730781781,2.2995661107570604,0
148.68,2,-0.5894562580856955,-0.1308502454640213,0.0042441961876639785,-0.39153103387331234,-0.1603185878666427,-2.295321914569396,95.93331233610759,-0.002583213848993182,0.0012928731739521027,-0.20467318377249197,0.04504911730781781,2.2995661107570604,0
148.78,2,-0.5894562580856854,-0.13085024546402108,0.0022138481448200197,-0.3915310338733023,-0.1603185878666429,-2.29735226261224,95.93331233610759,-0.0025809197686612606,0.0010278401896357536,-0.20467318377249197,0.04504911730781781,2.2995661107570604,0
148.88,2,-0.5894562580856945,-0.13085024546402096,-0.0030759939594705273,-0.39153103387331134,-0.1603185878666424,-2.302642104716531,95.93331233610759,-0.002574378624558449,0.0010062428191304207,-0.20467318377249197,0.04504911730781781,2.2995661107570604,0
148.98,2,-0.5894562580856862,-0.1308502454640208,0.0027558435461000415,-0.3915310338733031,-0.16031858786664255,-2.2968102672109603,95.93331233610759,-0.002571701304987073,0.0009347498416900635,-0.20467318377249197,0.04504911730781781,2.2995661107570604,0
149.08,2,-0.5894562580856946,-0.13085024546402058,0.006846817821945886,-0.3915310338733115,-0.160318587866642,-2.292719292935114,95.93331233610759,-0.002559890504926443,0.0006271693855524063,-0.20467318377249197,0.04504911730781781,2.2995661107570604,0
149.18,2,-0.589456258085686,-0.1308502454640204,0.0055317675068080425,-0.39153103387330296,-0.1603185878666422,-2.2940343432502517,95.93331233610759,-0.0025581035297363997,0.000688101164996624,-0.20467318377249197,0.04504911730781781,2.2995661107570604,0
149.27,2,-0.589456258085694,-0.13085024546402024,-0.0018916014103221757,-0.3915310338733109,-0.16031858786664172,-2.301457712167382,95.93331233610759,-0.0025742831639945507,0.0010735774412751198,-0.20467318377249197,0.04504911730781781,2.2995661107570604,0
149.37,2,-0.589456258085686,-0.13085024546402013,-0.002326759599092585,-0.39153103387330296,-0.16031858786664188,-2.3018928703561525,95.93331233610759,-0.002576444996520877,0.0009519439190626144,-0.20467318377249197,0.04504911730781781,2.2995661107570604,0
149.48,2,-0.5894562580856937,-0.13085024546402002,-0.00262484404712745,-0.39153103387331056,-0.16031858786664152,-2.3021909548041872,95.93331233610759,-0.002576498780399561,0.0010494580492377281,-0.20467318377249197,0.04504911730781781,2.2995661107570604,0
149.58,2,-0.5894562580856874,-0.1308502454640199,-0.006035001666051157,-0.3915310338733043,-0.16031858786664163,-2.305601112423111,95.93331233610759,-0.002576607745140791,0.0010260483250021935,-0.20467318377249197,0.04504911730781781,2.2995661107570604,0
149.68,2,-0.5894562580856939,-0.1308502454640197,-0.007476726982587868,-0.39153103387331084,-0.16031858786664116,-2.307042837739648,95.93331233610759,-0.002578925108537078,0.001125546172261238,-0.20467318377249197,0.04504911730781781,2.2995661107570604,0
149.78,2,-0.5894562580856881,-0.13085024546401958,-0.008495117730427108,-0.391531033873305,-0.1603185878666413,-2.308061228487487,95.93331233610759,-0.0025823654141277075,0.0011800043284893036,-0.20467318377249197,0.04504911730781781,2.2995661107570604,0
149.88,2,-0.5894562580856937,-0.13085024546401952,-0.008103228771277735,-0.3915310338733106,-0.16031858786664097,-2.3076693395283376,95.93331233610759,-0.0025826371274888515,0.0011754026636481285,-0.20467318377249197,0.04504911730781781,2.2995661107570604,0
149.98,2,-0.5894562580856882,-0.1308502454640194,-0.007233382043755082,-0.3915310338733051,-0.1603185878666411,-2.306799492800815,95.93331233610759,-0.002581472508609295,0.0011547347530722618,-0.20467318377249197,0.04504911730781781,2.2995661107570604,0
150.07,2,-0.5894562580856938,-0.1308502454640193,-0.009309086517519135,-0.39153103387331073,-0.16031858786664074,-2.3088751972745793,95.93331233610759,-0.0025816881097853184,0.0011754110455513,-0.20467318377249197,0.04504911730781781,2.2995661107570604,0
150.18,2,-0.5894562580856878,-0.1308502454640192,-0.01241976753799688,-0.39153103387330473,-0.1603185878666409,-2.3119858782950566,95.93331233610759,-0.002590606454759836,0.0014192648231983185,-0.20467318377249197,0.04504911730781781,2.2995661107570604,0
150.28,2,-0.5894562580856926,-0.13085024546401913,-0.013038712013531954,-0.39153103387330945,-0.16031858786664066,-2.3126048227705915,95.93331233610759,-0.002590214367955923,0.0013026036322116852,-0.20467318377249197,0.04504911730781781,2.2995661107570604,0
150.38,2,-0.5894562580856887,-0.13085024546401908,-0.013451220417616542,-0.39153103387330557,-0.16031858786664077,-2.3130173311746773,95.93331233610759,-0.0025732670910656452,0.0009017996490001678,-0.20467318377249197,0.04504911730781781,2.2995661107570604,0
150.48,2,-0.5894562580856931,-0.13085024546401902,-0.01675591377770765,-0.39153103387331,-0.16031858786664052,-2.316322024534767,95.93331233610759,-0.0025789972860366106,0.001238199882209301,-0.20467318377249197,0.04504911730781781,2.2995661107570604,0
150.58,2,-0.5894562580856896,-0.1308502454640189,-0.015317015978150522,-0.3915310338733064,-0.16031858786664058,-2.314883126735211,95.93331233610759,-0.0025876015424728394,0.0012857038527727127,-0.20467318377249197,0.04504911730781781,2.2995661107570604,0
150.68,2,-0.5894562580856934,-0.1308502454640189,-0.01680489374384191,-0.3915310338733101,-0.16031858786664038,-2.316371004500901,95.93331233610759,-0.0025876015424728394,0.0012857038527727127,-0.20467318377249197,0.04504911730781781,2.2995661107570604,0
150.77,2,-0.5894562580856901,-0.1308502454640188,-0.018665491636216967,-0.39153103387330696,-0.1603185878666404,-2.318231602393277,95.93331233610759,-0.00259033078327775,0.0013540573418140411,-0.20467318377249197,0.04504911730781781,2.2995661107570604,0
150.88,2,-0.5894562580856932,-0.1308502454640188,-0.02149666962812042,-0.39153103387331,-0.1603185878666403,-2.3210627803851804,95.93331233610759,-0.0025947028771042824,0.0014641201123595238,-0.20467318377249197,0.04504911730781781,2.2995661107570604,0
150.98,2,-0.5894562580856902,-0.13085024546401874,-0.025474627025892836,-0.39153103387330707,-0.16031858786664036,-2.325040737782953,95.93331233610759,-0.0025985834654420614,0.0015674550086259842,-0.20467318377249197,0.04504911730781781,2.2995661107570604,0
151.08,2,-0.589456258085693,-0.1308502454640187,-0.029301101704177348,-0.3915310338733098,-0.1603185878666402,-2.328867212461238,95.93331233610759,-0.0026036198250949383,0.0016789184883236885,-0.20467318377249197,0.04504911730781781,2.2995661107570604,0
151.17,2,-0.5894562580856902,-0.13085024546401863,-0.03240846085546063,-0.39153103387330707,-0.16031858786664022,-2.3319745716125206,95.93331233610759,-0.0026086631696671247,0.0017915749922394753,-0.20467318377249197,0.04504911730781781,2.2995661107570604,0
151.28,2,-0.5894562907929699,-0.13085024545546065,-0.0017736794401081379,-0.3915310665539042,-0.16031858654573486,-2.3013397901971677,95.93331233610759,-0.0026057851500809193,0.001681830734014511,-0.20467318377249197,0.04504911730781781,2.2995661107570604,0
151.38,2,-0.589535694840029,-0.13085024501154785,0.0033569137078742766,-0.39161040663899277,-0.16031540007626305,-2.2962091970491856,95.94797253811652,-0.0025934050790965557,0.001402263529598713,-0.20467318377249197,0.04504911730781781,2.2995661107570604,0
151.48,2,-0.5895206447603355,-0.13085024531325473,0.005497159890530063,-0.3915953686912493,-0.16031600425052345,-2.29406895086653,95.95408360438387,-0.0025515775196254253,0.001034787856042385,-0.20467318377249197,0.04504911730781781,2.2995661107570604,0
151.58,2,-0.5895207253731177,-0.1308502453237621,0.005698981861154597,-0.3915954492395356,-0.16031600102649685,-2.2938671288959056,95.95408360438387,-0.002540707355365157,0.0010606739670038223,-0.20467318377249197,0.04504911730781781,2.2995661107570604,0
151.68,2,-0.5895207312965118,-0.1308502453233426,0.004163239717916218,-0.3915954551581427,-0.1603160007884061,-2.2954028710391436,95.95408360438387,-0.002535018138587475,0.0009980006143450737,-0.20467318377249197,0.04504911730781781,2.2995661107570604,0
151.77,2,-0.5895207184224289,-0.13085024532126582,0.005128665217456537,-0.39159544229434406,-0.16031600130289358,-2.2944374455396033,95.95408360438387,-0.0025235204957425594,0.0006910935044288635,-0.20467318377249197,0.04504911730781781,2.2995661107570604,0
151.88,2,-0.5895207309275805,-0.13085024532109302,0.006768924331288184,-0.3915954547894182,-0.16031600080096142,-2.292797186425772,95.95408360438387,-0.002523290691897273,0.0007874518632888794,-0.20467318377249197,0.04504911730781781,2.2995661107570604,0
151.98,2,-0.5895207204014962,-0.1308502453182525,0.00836843059497296,-0.3915954442716966,-0.1603160012204742,-2.2911976801620875,95.95408360438387,-0.0025179716758430004,0.0005291076377034187,-0.20467318377249197,0.04504911730781781,2.2995661107570604,0
152.08,2,-0.5895207304802035,-0.1308502453182721,0.012245640077410086,-0.3915954543422883,-0.16031600081609346,-2.2873204706796497,95.95408360438387,-0.002519821748137474,0.0006711799651384354,-0.20467318377249197,0.04504911730781781,2.2995661107570604,0
152.18,2,-0.5895207213179555,-0.13085024531541062,0.011535668974826916,-0.39159544518730394,-0.16031600118086237,-2.2880304417822335,95.95408360438387,-0.0025261277332901955,0.0007457500323653221,-0.20467318377249197,0.04504911730781781,2.2995661107570604,0
152.27,2,-0.5895207301039567,-0.1308502453158895,0.015128782250341241,-0.3915954539662489,-0.1603160008288094,-2.2844373285067188,95.95408360438387,-0.00252281385473907,0.0006248690187931061,-0.20467318377249197,0.04504911730781781,2.2995661107570604,0
152.38,2,-0.5895207221349731,-0.1308502453127327,0.015362067133189975,-0.39159544600355595,-0.16031600114540442,-2.28420404362387,95.95408360438387,-0.0025180114898830652,0.0005535129457712173,-0.20467318377249197,0.04504911730781781,2.2995661107570604,0
152.48,2,-0.5895207297867467,-0.13085024531434214,0.012991870272419307,-0.3915954536492323,-0.1603160008399911,-2.286574240484641,95.95408360438387,-0.00251618679612875,0.0005308371037244797,-0.20467318377249197,0.04504911730781781,2.2995661107570604,0
152.58,2,-0.589520721772563,-0.13085024531180173,0.0143121637578011,-0.39159544564140053,-0.16031600115901565,-2.2852539469992585,95.95408360438387,-0.002511057537049055,0.000384356826543808,-0.20467318377249197,0.04504911730781781,2.2995661107570604,0
152.68,2,-0.5895207295734173,-0.13085024531280326,0.016142944875933752,-0.3915954534360129,-0.16031600084701308,-2.283423165881127,95.95408360438387,-0.002511931350454688,0.00045995693653821945,-0.20467318377249197,0.04504911730781781,2.2995661107570604,0
152.78,2,-0.5895207224710183,-0.13085024530937506,0.021178293035261444,-0.3915954463391959,-0.1603160011285659,-2.278387817721798,95.95408360438387,-0.0025120375212281942,0.00040707364678382874,-0.20467318377249197,0.04504911730781781,2.2995661107570604,0
152.88,2,-0.589520729383788,-0.13085024531065859,0.02214966531882809,-0.3915954532464502,-0.16031600085247888,-2.277416445438232,95.95408360438387,-0.002507233526557684,0.0002928348258137703,-0.20467318377249197,0.04504911730781781,2.2995661107570604,0
152.98,2,-0.589520723081755,-0.13085024530781197,0.02053534658331058,-0.39159544694937803,-0.16031600110249875,-2.2790307641737493,95.95408360438387,-0.0025055601727217436,0.00028809159994125366,-0.20467318377249197,0.04504911730781781,2.2995661107570604,0
153.08,2,-0.5895207292029322,-0.13085024530966521,0.019881342391324063,-0.3915954530657002,-0.160316000858743,-2.279684768365736,95.95408360438387,-0.0025072514545172453,0.000324418768286705,-0.20467318377249197,0.04504911730781781,2.2995661107570604,0
153.18,2,-0.5895207236104956,-0.13085024530745626,0.01759816865663446,-0.39159544747767866,-0.16031600108092806,-2.281967942100426,95.95408360438387,-0.002502893330529332,0.00017737410962581635,-0.20467318377249197,0.04504911730781781,2.2995661107570604,0
153.28,2,-0.5895207290272809,-0.1308502453090417,0.019230568594887996,-0.39159545289016545,-0.1603160008651679,-2.280335542162171,95.95408360438387,-0.0025030721444636583,0.0002453913912177086,-0.20467318377249197,0.04504911730781781,2.2995661107570604,0
153.37,2,-0.58952072406427,-0.13085024530733014,0.0179041054065096,-0.39159544793108253,-0.16031600106259464,-2.281662005350551,95.95408360438387,-0.00251441216096282,0.0005247201770544052,-0.20467318377249197,0.04504911730781781,2.2995661107570604,0
153.47,2,-0.5895207288559132,-0.1308502453082509,0.021183426880146065,-0.39159545271890406,-0.1603160008712537,-2.2783826838769143,95.95408360438387,-0.0025140559300780296,0.00039607472717761993,-0.20467318377249197,0.04504911730781781,2.2995661107570604,0
153.58,2,-0.5895207242496306,-0.1308502453060486,0.023174754077022023,-0.39159544811624253,-0.16031600105387667,-2.2763913566800382,95.95408360438387,-0.0025140559300780296,0.00039607472717761993,-0.20467318377249197,0.04504911730781781,2.2995661107570604,0
153.68,2,-0.5895207286865548,-0.13085024530717881,0.026769938169808157,-0.39159545254963896,-0.16031600087697787,-2.272796172587252,95.95408360438387,-0.0025019908789545298,0.00015350058674812317,-0.20467318377249197,0.04504911730781781,2.2995661107570604,0
153.78,2,-0.5895207246021147,-0.13085024530504363,0.027047888300904932,-0.39159544846840244,-0.16031600103872942,-2.272518222456154,95.95408360438387,-0.0024990569800138474,0.00017186813056468964,-0.20467318377249197,0.04504911730781781,2.2995661107570604,0
153.87,2,-0.5895207285232935,-0.1308502453066353,0.024315675232249975,-0.3915954523864873,-0.1603160008829855,-2.2752504355248098,95.95408360438387,-0.002499371999874711,0.00013765227049589157,-0.20467318377249197,0.04504911730781781,2.2995661107570604,0
153.98,2,-0.5895207248999803,-0.1308502453047224,0.02537291948341156,-0.39159544876601515,-0.16031600102645677,-2.2741931912736484,95.95408360438387,-0.002501601818948984,0.000197618268430233,-0.20467318377249197,0.04504911730781781,2.2995661107570604,0
154.07,2,-0.5895207283637663,-0.13085024530644962,0.018781152041183614,-0.39159545222708114,-0.1603160008892009,-2.280784958715876,95.95408360438387,-0.002511995378881693,0.0004555676132440567,-0.20467318377249197,0.04504911730781781,2.2995661107570604,0
154.18,2,-0.5895207251722047,-0.13085024530484296,0.026592509357795356,-0.3915954490380251,-0.16031600101565446,-2.272973601399265,95.95408360438387,-0.0025038989260792732,0.00012493226677179337,-0.20467318377249197,0.04504911730781781,2.2995661107570604,0
154.28,2,-0.589520728232068,-0.13085024530571754,0.028047346924121964,-0.39159545209545954,-0.16031600089375367,-2.2715187638329377,95.95408360438387,-0.002501338254660368,0.0002295263111591339,-0.20467318377249197,0.04504911730781781,2.2995661107570604,0
154.37,2,-0.5895207254585749,-0.13085024530404032,0.029334052291632915,-0.3915954493241327,-0.1603160010033621,-2.2702320584654267,95.95408360438387,-0.002498093293979764,7.31106847524643e-05,-0.20467318377249197,0.04504911730781781,2.2995661107570604,0
154.48,2,-0.58952072813933,-0.13085024530524458,0.02902281586695,-0.3915954520027772,-0.16031600089700215,-2.270543294890109,95.95408360438387,-0.0025024060159921646,0.0002637133002281189,-0.20467318377249197,0.04504911730781781,2.2995661107570604,0
154.58,2,-0.5895207257294491,-0.13085024530405814,0.02720732130211943,-0.3915954495947894,-0.16031600099251125,-2.2723587894549415,95.95408360438387,-0.0025098950136452913,0.00036779511719942093,-0.20467318377249197,0.04504911730781781,2.2995661107570604,0
154.68,2,-0.5895207280746471,-0.13085024530505873,0.025308637387218932,-0.3915954519381389,-0.16031600089941178,-2.2742574733698415,95.95408360438387,-0.002499679569154978,5.127117037773132e-05,-0.20467318377249197,0.04504911730781781,2.2995661107570604,0
154.78,2,-0.5895207266511979,-0.13085024530452333,0.02308100390278299,-0.3915954505158146,-0.16031600095599163,-2.276485106854277,95.95408360438387,-0.0025006900541484356,0.00023550819605588913,-0.20467318377249197,0.04504911730781781,2.2995661107570604,0
154.87,2,-0.5895207243003667,-0.13085024530357875,0.022899445074360373,-0.3915954481668386,-0.16031600104937307,-2.2766666656826997,95.95408360438387,-0.002503665629774332,0.00021550804376602173,-0.20467318377249197,0.04504911730781781,2.2995661107570604,0
154.98,2,-0.5895207268125531,-0.13085024530446,0.024229068247068653,-0.3915954506770373,-0.16031600094945408,-2.2753370425099915,95.95408360438387,-0.0025040344335138798,0.00024050381034612656,-0.20467318377249197,0.04504911730781781,2.2995661107570604,0
155.08,2,-0.5895207283113323,-0.1308502453050816,0.022630496626043443,-0.39159545217463443,-0.1603160008899378,-2.276935614131016,95.95408360438387,-0.0025121124926954508,0.0004570521414279938,-0.20467318377249197,0.04504911730781781,2.2995661107570604,0
155.18,2,-0.5895207267900928,-0.1308502453043744,0.024956563817460347,-0.39159545065459167,-0.16031600095026977,-2.2746095469395997,95.95408360438387,-0.0025025084614753723,0.00010230019688606262,-0.20467318377249197,0.04504911730781781,2.2995661107570604,0
155.28,2,-0.5895207282659095,-0.13085024530495765,0.024682025391139707,-0.39159545212924335,-0.16031600089163653,-2.2748840853659202,95.95408360438387,-0.002501548733562231,0.0002543264999985695,-0.20467318377249197,0.04504911730781781,2.2995661107570604,0
155.38,2,-0.5895207270612414,-0.13085024530432166,0.027104537966822537,-0.3915954509255197,-0.16031600093933746,-2.272461572790238,95.95408360438387,-0.0025005603674799204,0.000131925567984581,-0.20467318377249197,0.04504911730781781,2.2995661107570604,0
155.48,2,-0.5895207282186394,-0.1308502453047954,0.027039217143659033,-0.3915954520820048,-0.1603160008933711,-2.272526893613401,95.95408360438387,-0.00249978294596076,0.00016363058239221573,-0.20467318377249197,0.04504911730781781,2.2995661107570604,0
155.58,2,-0.5895207271700006,-0.13085024530435896,0.024324974719242946,-0.39159545103419285,-0.1603160009350108,-2.2752411360378173,95.95408360438387,-0.0025074840523302555,0.00034909695386886597,-0.20467318377249197,0.04504911730781781,2.2995661107570604,0
155.68,2,-0.5895207281770772,-0.13085024530478945,0.023934505057659122,-0.3915954520404758,-0.1603160008950328,-2.2756316056994015,95.95408360438387,-0.002506400691345334,0.00023895036429166794,-0.20467318377249197,0.04504911730781781,2.2995661107570604,0
155.78,2,-0.5895207271157379,-0.1308502453044284,0.020134471343537578,-0.39159545097997667,-0.16031600093725748,-2.279431639413523,95.95408360438387,-0.002505084965378046,0.00027058087289333344,-0.20467318377249197,0.04504911730781781,2.2995661107570604,0
155.88,2,-0.5895207281486642,-0.13085024530481526,0.02208462869575478,-0.39159545201208673,-0.16031600089619866,-2.277481482061306,95.95408360438387,-0.0025073133874684572,0.000321216881275177,-0.20467318377249197,0.04504911730781781,2.2995661107570604,0
155.98,2,-0.5895207272077074,-0.13085024530450434,0.021221021762665417,-0.3915954510718752,-0.16031600093364315,-2.2783450889943957,95.95408360438387,-0.0025135199539363384,0.00048056337982416153,-0.20467318377249197,0.04504911730781781,2.2995661107570604,0
156.08,2,-0.5895207281229966,-0.1308502453048208,0.020119204923475062,-0.39159545198643997,-0.16031600089723408,-2.279446905833585,95.95408360438387,-0.0025111325085163116,0.00034974515438079834,-0.20467318377249197,0.04504911730781781,2.2995661107570604,0
156.18,2,-0.5895207272876846,-0.13085024530448736,0.02154493609082107,-0.3915954511517873,-0.16031600093041715,-2.2780211746662387,95.95408360438387,-0.002507711062207818,0.00033103954046964645,-0.20467318377249197,0.04504911730781781,2.2995661107570604,0
156.28,2,-0.5895207280981115,-0.13085024530480277,0.020424417806177857,-0.3915954519615742,-0.16031600089821452,-2.2791416929508825,95.95408360438387,-0.0025071068666875362,0.00031771790236234665,-0.20467318377249197,0.04504911730781781,2.2995661107570604,0
156.38,2,-0.5895207273222116,-0.13085024530449985,0.02231014458503169,-0.391595451186287,-0.16031600092904424,-2.277255966172029,95.95408360438387,-0.0025072144344449043,0.00032054353505373,-0.20467318377249197,0.04504911730781781,2.2995661107570604,0
156.48,2,-0.5895207264872745,-0.1308502453041897,0.02352662652832417,-0.39159545035200977,-0.16031600096223558,-2.2760394842287357,95.95408360438387,-0.0025075909215956926,0.0003209086135029793,-0.20467318377249197,0.04504911730781781,2.2995661107570604,0
156.58,2,-0.589520727393527,-0.13085024530451844,0.02042932311235766,-0.39159545125754563,-0.16031600092620135,-2.279136787644702,95.95408360438387,-0.0025130107533186674,0.0004716319963335991,-0.20467318377249197,0.04504911730781781,2.2995661107570604,0
156.67,2,-0.5895207280458999,-0.13085024530477513,0.022256198060197078,-0.39159545190940354,-0.16031600090028186,-2.2773099126968632,95.95408360438387,-0.0025121537037193775,0.00038295798003673553,-0.20467318377249197,0.04504911730781781,2.2995661107570604,0
156.78,2,-0.5895207274351386,-0.13085024530454942,0.019989874921765845,-0.391595451299125,-0.16031600092456266,-2.2795762358352953,95.95408360438387,-0.0025092007126659155,0.00035673193633556366,-0.20467318377249197,0.04504911730781781,2.2995661107570604,0
156.87,2,-0.5895207280225807,-0.1308502453048167,0.015215263573308697,-0.3915954518861048,-0.16031600090125908,-2.2843508471837515,95.95408360438387,-0.002509169513359666,0.000366726890206337,-0.20467318377249197,0.04504911730781781,2.2995661107570604,0
156.98,2,-0.5895207274806119,-0.13085024530477113,0.009860101020880347,-0.3915954513445705,-0.16031600092295964,-2.28970600973618,95.95408360438387,-0.0025131546426564455,0.00047194212675094604,-0.20467318377249197,0.04504911730781781,2.2995661107570604,0
157.07,2,-0.5895207279996311,-0.13085024530492056,0.009101629573728951,-0.39159545186317773,-0.16031600090228368,-2.290464481183331,95.95408360438387,-0.0025263535790145397,0.0007998812943696976,-0.20467318377249197,0.04504911730781781,2.2995661107570604,0
157.17,2,-0.5895207275195726,-0.13085024530482064,0.012833441598212078,-0.39159545138350194,-0.16031600092144585,-2.2867326691588485,95.95408360438387,-0.0025262858252972364,0.0006683701649308205,-0.20467318377249197,0.04504911730781781,2.2995661107570604,0
157.28,2,-0.5895207279791336,-0.13085024530494754,0.008102297451423717,-0.3915954518426979,-0.16031600090313314,-2.2914638133056373,95.95408360438387,-0.0025223998818546534,0.0006626918911933899,-0.20467318377249197,0.04504911730781781,2.2995661107570604,0
157.38,2,-0.5895207275619089,-0.13085024530488681,0.011080829783120165,-0.39159545142580676,-0.16031600091981327,-2.2884852809739393,95.95408360438387,-0.0025186853017657995,0.0005701212212443352,-0.20467318377249197,0.04504911730781781,2.2995661107570604,0
157.47,2,-0.5895207270901751,-0.13085024530476408,0.01288681530308818,-0.3915954509544479,-0.16031600093861856,-2.2866792954539723,95.95408360438387,-0.0025182932149618864,0.000600617378950119,-0.20467318377249197,0.04504911730781781,2.2995661107570604,0
157.58,2,-0.5895207275952788,-0.1308502453048636,0.013657769685430875,-0.3915954514591488,-0.16031600091845113,-2.285908341071629,95.95408360438387,-0.002516096457839012,0.0005061095580458641,-0.20467318377249197,0.04504911730781781,2.2995661107570604,0
157.68,2,-0.5895207279544257,-0.1308502453049481,0.015498362430189023,-0.3915954518180098,-0.160316000904125,-2.284067748326871,95.95408360438387,0.0,0.0,-0.20467318377249197,0.04504911730781781,2.2995661107570604,0
157.78,2,-0.5895207276397308,-0.13085024530481404,0.022515914249440886,-0.3915954515035632,-0.160316000916618,-2.2770501965076186,95.95408360438387,0.0,0.0,-0.20467318377249197,0.04504911730781781,2.2995661107570604,0
157.88,2,-0.5895207279473759,-0.1308502453048977,0.022277619783231298,-0.3915954518109637,-0.16031600090435758,-2.2772884909738282,95.95408360438387,0.0,0.0,-0.20467318377249197,0.04504911730781781,2.2995661107570604,0
157.98,2,-0.5895207277444936,-0.13085024530480432,0.024349838602745547,-0.39159545160824105,-0.16031600091240475,-2.2752162721543154,95.95408360438387,0.0,0.0,-0.20467318377249197,0.04504911730781781,2.2995661107570604,0
158.07,2,-0.5895207279927145,-0.1308502453048761,0.02872705033497289,-0.391595451856265,-0.1603160009025168,-2.270839060422087,95.95408360438387,0.0,0.0,-0.20467318377249197,0.04504911730781781,2.2995661107570604,0
158.18,2,-0.5895207277847411,-0.13085024530479228,0.025109976772684832,-0.39159545164845566,-0.16031600091077783,-2.274456133984376,95.95408360438387,0.0,0.0,-0.20467318377249197,0.04504911730781781,2.2995661107570604,0
158.28,2,-0.5895207279839886,-0.13085024530487466,0.024338335069091104,-0.391595451847546,-0.16031600090286546,-2.2752277756879695,95.95408360438387,0.0,0.0,-0.20467318377249197,0.04504911730781781,2.2995661107570604,0
158.38,2,-0.5895207278030161,-0.13085024530479844,0.023482782473443067,-0.3915954516667162,-0.16031600091005066,-2.276083328283617,95.95408360438387,0.0,0.0,-0.20467318377249197,0.04504911730781781,2.2995661107570604,0
158.48,2,-0.5895207279766306,-0.13085024530483957,0.031302400698951766,-0.39159545184019257,-0.16031600090312567,-2.2682637100581085,95.95408360438387,0.0,0.0,-0.20467318377249197,0.04504911730781781,2.2995661107570604,0
158.58,2,-0.5895207277973555,-0.1308502453047239,0.03278536913404448,-0.3915954516610573,-0.16031600091020332,-2.2667807416230152,95.95408360438387,0.0,0.0,-0.20467318377249197,0.04504911730781781,2.2995661107570604,0
158.68,2,-0.5895207279717605,-0.13085024530480693,0.033005953493060965,-0.39159545183532507,-0.16031600090328849,-2.266560157263999,95.95408360438387,0.0,0.0,-0.20467318377249197,0.04504911730781781,2.2995661107570604,0
158.78,2,-0.5895207278128777,-0.13085024530470052,0.03823083719154826,-0.39159545167656595,-0.16031600090955717,-2.261335273565512,95.95408360438387,-0.006991080939769745,0.036279547959566116,-0.20467318377249197,0.04504911730781781,2.2995661107570604,0
158.88,2,-0.5897139623452071,-0.1308505189281599,0.11223713954493232,-0.3917885415758619,-0.1603085209266528,-2.1873289712121275,96.00173278527281,-0.008297286927700043,0.046949468553066254,-0.20467318377249197,0.04504911730781781,2.2995661107570604,0
158.98,2,-0.5902459559707487,-0.13085262619317822,0.3654806189090848,-0.39232019133878,-0.16028928066231382,-1.9340854918479753,96.10781446335753,-0.008996119722723961,0.05149764195084572,-0.20467318377249197,0.04504911730781781,2.2995661107570604,0
159.08,2,-0.5910257622005963,-0.1308594904259502,0.6640466351292625,-0.3930996450119135,-0.16026485024603732,-1.6355194756277975,96.33662061089416,-0.00786389596760273,0.042080264538526535,-0.20467318377249197,0.04504911730781781,2.2995661107570604,0
159.18,2,-0.591779747043571,-0.1308699509296276,0.9325629672456764,-0.3938534423897488,-0.16024504926774402,-1.3670031435113834,96.49308916602375,-0.006805972196161747,0.032920848578214645,-0.20467318377249197,0.04504911730781781,2.2995661107570604,0
159.28,2,-0.5923984536373584,-0.13088124959736241,1.1629158752457485,-0.39447210408879074,-0.1602315137135549,-1.136650235511312,96.69632229944699,-0.005779585335403681,0.02421015314757824,-0.20467318377249197,0.04504911730781781,2.2995661107570604,0
159.38,2,-0.5929413149093266,-0.13089296240535442,1.3236365888558481,-0.3950149981613844,-0.16022143520093665,-0.975929521901212,96.80900108982446,-0.005055754445493221,0.016733085736632347,-0.20467318377249197,0.04504911730781781,2.2995661107570604,0
159.48,2,-0.5933529468365256,-0.13090296974065696,1.4449847229637625,-0.3954267001375607,-0.1602149180649137,-0.8545813877932976,96.94792838909693,-0.004595392849296331,0.012708972208201885,-0.20467318377249197,0.04504911730781781,2.2995661107570604,0
159.58,2,-0.5937204345362439,-0.13091260117171777,1.5578655341283387,-0.39579427835278036,-0.16020979658031786,-0.7417005766287214,97.02489771941548,-0.004265960771590471,0.009642254561185837,-0.20467318377249197,0.04504911730781781,2.2995661107570604,0
159.68,2,-0.5939444504120336,-0.13091882706760966,1.6240528790640056,-0.396018363637613,-0.1602070289988985,-0.6755132316930548,97.13251244667507,-0.0039764950051903725,0.007206550799310207,-0.20467318377249197,0.04504911730781781,2.2995661107570604,0
159.78,2,-0.5943917020166962,-0.1309320055405429,1.7510617407971487,-0.3964657838461335,-0.16020225123480314,-0.5485043699599119,97.20018207187155,-0.0036930411588400602,0.004860208369791508,-0.20467318377249197,0.04504911730781781,2.2995661107570604,0
159.88,2,-0.5947143550350686,-0.13094211000588885,1.840254007595796,-0.39678858246555565,-0.1601994013604371,-0.4593121031612647,97.3005086978421,-0.0034081831108778715,0.0026984589640051126,-0.20467318377249197,0.04504911730781781,2.2995661107570604,0
159.98,2,-0.5949242398645908,-0.1309489428450084,1.8865357581879212,-0.3969985724369937,-0.16019780723076507,-0.4130303525691391,97.36707944446086,-0.0031148914713412523,0.0004948219284415245,-0.20467318377249197,0.04504911730781781,2.2995661107570604,0
160.08,2,-0.5954338358716391,-0.1309655863396753,1.8533294803970757,-0.39750842587320445,-0.16019399017713695,-0.44623663035998407,97.44428585084111,-0.002873889869078994,-0.0007953287567943335,-0.20467318377249197,0.04504911730781781,2.2995661107570604,0
160.18,2,-0.5958234330703498,-0.13097803834250765,1.7763519700963635,-0.39789820895587347,-0.1601907998663727,-0.5232141406606969,97.45114945092887,-0.0027483056765049696,0.0005610003136098385,-0.20467318377249197,0.04504911730781781,2.2995661107570604,0
160.28,2,-0.5958849875407856,-0.1309800255378215,1.7846307015873604,-0.397959793591106,-0.1601903156359232,-0.5149354091696995,97.40375007570739,-0.0025377855636179447,0.00368244550190866,-0.20467318377249197,0.04504911730781781,2.2995661107570604,0
160.38,2,-0.5958944568388398,-0.13098033522115865,1.8071132872851725,-0.3979692676893291,-0.16019024512161842,-0.49245282347188707,97.40539493926678,-0.0026012221351265907,0.003446994349360466,-0.20467318377249197,0.04504911730781781,2.2995661107570604,0
160.48,2,-0.595980152320281,-0.130983020982536,1.8275094272327206,-0.3980550019242091,-0.16018949025529894,-0.4720566835243391,97.42743161290383,-0.002557415748015046,0.0026799708139151335,-0.20467318377249197,0.04504911730781781,2.2995661107570604,0
160.57,2,-0.5961003655925582,-0.13098690850853734,1.877433887770553,-0.3981752743725886,-0.16018855118618633,-0.42213222298650765,97.45108721760678,-0.0025321817956864834,0.0018646339885890484,-0.20467318377249197,0.04504911730781781,2.2995661107570604,0
160.68,2,-0.5962777599411991,-0.13099265744250593,1.8310979287940716,-0.3983527565369072,-0.16018717767962568,-0.4684681819629886,97.49729696311347,-0.0023254859261214733,-0.00013551046140491962,-0.20467318377249197,0.04504911730781781,2.2995661107570604,0
160.77,2,-0.5962810663690956,-0.13099277351414856,1.8307657408549023,-0.39835606495941894,-0.16018716098993602,-0.46880036990215734,97.49729696311347,-0.0023407950066030025,0.0028084798250347376,-0.20467318377249197,0.04504911730781781,2.2995661107570604,0
160.88,2,-0.5962827022369465,-0.1309928225674461,1.8258374508012463,-0.3983577014781292,-0.16018714436579987,-0.47372865995581337,97.49720524992424,-0.022340795006603003,-0.13219152017496527,-0.20467318377249197,0.04504911730781781,2.2995661107570604,0
160.97,2,-0.5973473054170793,-0.13102277064018647,1.2850444280866942,-0.3994226489754859,-0.16017435194290153,-1.014521682670366,97.29356114184374,-0.015820758417248726,-0.25219152017496527,-0.20467318377249197,0.04504911730781781,2.2995661107570604,0
