t,goal,map_x,map_y,map_yaw,odom_x,odom_y,odom_yaw,wheel_yaw,v,w,mo_x,mo_y,mo_yaw,stuck
3.68,1,0.0,0.0,0.16803104866479202,0.0,0.0,0.16803104866479202,93.68299512636688,0.01,0.06,0.0,0.0,1.2424039679447873e-17,0
3.78,1,8.166105771550564e-05,2.535499049987818e-07,0.19500515612684685,8.166105771550564e-05,2.535499049987818e-07,0.19500515612684685,93.75008771815183,0.03,0.18,0.0,0.0,1.2424039679447873e-17,0
3.88,1,0.000992008530559722,6.235793315523336e-06,0.6772890219113515,0.000992008530559722,6.235793315523336e-06,0.6772890219113515,94.10668222391368,0.05,0.24950164556503296,0.0,0.0,1.2424039679447873e-17,0
3.98,1,0.004247803116230879,6.907637832685356e-05,1.72112039597539,0.004247803116230879,6.907637832685356e-05,1.72112039597539,95.22644299902323,0.07,0.2461569607257843,0.0,0.0,1.2424039679447873e-17,0
4.08,1,0.008181391182520183,0.00021778513085225898,2.597870303133798,0.008181391182520183,0.00021778513085225898,2.597870303133798,96.02326217607651,0.08335256576538086,0.25214871764183044,-0.010052641296208403,0.0021843981885651975,-0.7998490820026395,0
4.19,1,0.01281801320407493,0.0004617806859000145,3.493312143897228,0.01281801320407493,0.0004617806859000145,3.493312143897228,97.08393092576837,0.08135484904050827,0.24437811970710754,-0.010052641296208403,0.0021843981885651975,-0.7998490820026395,0
4.29,1,0.00755314930466118,0.0027259282964058286,3.5453809898662194,0.017596515591644112,0.0007872461955393675,4.345230071868858,97.75938419659072,0.08052320033311844,0.22403916716575623,-0.010078751740077505,0.002761293654420131,-0.9998113525032826,0
4.38,1,0.012456325005775416,0.0030715410565353794,4.517612910534472,0.022494388933730843,0.0012012713890211094,5.317461992537111,98.77315914417406,0.08048776537179947,0.2076115906238556,-0.010078751740077505,0.002761293654420131,-0.9998113525032826,0
4.48,1,0.017445035994883937,0.003978495604481592,5.03013558693776,0.027498358214111278,0.0016972823556692528,6.029946939441045,99.40380865597493,0.0806007906794548,0.20950673520565033,-0.010120881018511049,0.00336981080310174,-1.1997736230039104,0
4.58,1,0.02277920042732142,0.004480006525338753,5.724105350844941,0.03282295961251379,0.0022917933683091743,6.723916703348224,100.27704353163216,0.0809764638543129,0.1730552315711975,-0.010120881018511049,0.00336981080310174,-1.1997736230039104,0
4.68,1,0.029799887189985757,0.005718053308694154,6.509631893103956,0.03986284762261228,0.0031836074880542487,7.709405516107867,100.86045228113666,0.08169287443161011,0.1664191484451294,-0.010120881018511049,0.00336981080310174,-1.1997736230039104,0
4.78,1,0.03369797005491117,0.006178492914305432,6.952510067935688,0.0437504349953189,0.0037255660398020484,8.1522836909396,101.41890200604585,0.08209606260061264,0.15103211998939514,-0.010120881018511049,0.00336981080310174,-1.1997736230039104,0
4.88,1,0.03940230598696451,0.0069079445127848485,7.670813747487267,0.04943824674398121,0.004574297783062681,8.870587370491178,102.21403990032225,0.08191297948360443,0.1446690559387207,-0.010120881018511049,0.00336981080310174,-1.1997736230039104,0
4.98,1,0.04478458587494992,0.007655564275452524,8.232597384217412,0.05480369264058653,0.005434450346707378,9.43237100722132,102.93509051784544,0.0819866955280304,0.13495463132858276,-0.009949541764927999,0.001972857117994196,-0.7998490820026013,0
5.08,1,0.05132441017077784,0.008635208780590278,8.75976497287591,0.0613215709291421,0.006550813993698592,9.95953859587982,103.41903663346831,0.0819866955280304,0.13495463132858276,-0.009949541764927999,0.001972857117994196,-0.7998490820026013,0
5.18,1,0.05764844479735702,0.008694283356811942,9.696530093905876,0.06749757180470176,0.007664408550427491,10.496379175908478,104.05425870329806,0.08183948695659637,0.12858033180236816,-0.009949541764927999,0.001972857117994196,-0.7998490820026013,0
5.28,1,0.06564665238687732,0.010119274422911613,10.424685555647754,0.07547510782596949,0.009200912117914234,11.224534637650349,104.48951633506599,0.0818750262260437,0.1282593011856079,-0.009949541764927999,0.001972857117994196,-0.7998490820026013,0
5.38,1,0.06993271508489297,0.010922120084695133,10.800607746323083,0.0797495455319773,0.01006351104292195,11.600456828325685,105.14250204193678,0.08164822310209274,0.11447732150554657,-0.009949541764927999,0.001972857117994196,-0.7998490820026013,0
5.49,1,0.07620056751085776,0.012148361277774541,11.420316739127788,0.08599966945225294,0.011377129129915127,12.220165821130392,105.56565881955795,0.08175070583820343,0.10818983614444733,-0.009949541764927999,0.001972857117994196,-0.7998490820026013,0
5.59,1,0.0821457579105119,0.013370422530202437,11.79398755285978,0.09192722113622956,0.012682063467961096,12.593836634862384,106.18770055256715,0.0818801149725914,0.10498468577861786,-8.930045737586588e-05,0.0027953301730753144,-0.9998113525033108,0
5.68,1,0.08855719292401369,0.0147385664039902,12.314646025296934,0.09831893275638608,0.014139574756595236,13.114495107299536,106.57174898310544,0.0818801149725914,0.10498468577861786,-8.930045737586588e-05,0.0027953301730753144,-0.9998113525033108,0
5.78,1,0.1048280670291814,0.016615019825452278,12.549565252548948,0.1046602527455697,0.015648300790526398,13.54937660505226,107.15669819679135,0.0814424604177475,0.10187594592571259,-8.930045737586588e-05,0.0027953301730753144,-0.9998113525033108,0
5.88,1,0.11127298825815057,0.018082476144616038,13.150880058945631,0.11107858693890715,0.017227991861244445,14.150691411448939,107.52027262635146,0.08129584044218063,0.10573841631412506,-8.930045737586588e-05,0.0027953301730753144,-0.9998113525033108,0
5.98,1,0.11772143596371112,0.01962411634643221,13.753548046642205,0.11749915262888272,0.018881917054206172,14.75335939914552,108.096798527336,0.0814327746629715,0.09279898554086685,-8.93004573758423e-05,0.0027953301730751614,-0.99981135250328,0
6.08,1,0.12414073098681688,0.021209840856500465,14.11037574088276,0.12388980084268446,0.0205794111552075,15.110187093386067,108.47077998380698,0.08143442124128342,0.0901651680469513,-8.93004573758423e-05,0.0027953301730751614,-0.99981135250328,0
6.18,1,0.13068117247354077,0.022889447334996173,14.696847213262854,0.1303999389186629,0.022372886829857108,15.696658565766132,108.99560248522032,0.08148862421512604,0.0853469967842102,-8.93004573758423e-05,0.0027953301730751614,-0.99981135250328,0
6.29,1,0.13722363700014298,0.024628251043222995,15.054894054587923,0.13691106678728224,0.02422558602186854,16.054705407091205,109.34231863116564,0.08152282238006592,0.08521701395511627,-8.93004573758423e-05,0.0027953301730751614,-0.99981135250328,0
6.38,1,0.14388076937438718,0.026453087247478267,15.58344691451032,0.14353534385479655,0.026166305464079376,16.583258267013598,109.66244133664092,0.08154978603124619,0.08472305536270142,-8.93004573758423e-05,0.0027953301730751614,-0.99981135250328,0
6.48,1,0.15051137847987667,0.028321497232806706,15.959436342534772,0.1501323413677629,0.028150129245817838,16.95924769503805,110.16051788929269,0.08115833252668381,0.07767422497272491,-8.93004573758423e-05,0.0027953301730751614,-0.99981135250328,0
6.58,1,0.15722194296289083,0.030268881120807885,16.4413727769804,0.1568079040605928,0.03021431005718956,17.44118412948368,110.48324773649189,0.08115833252668381,0.07767422497272491,-8.93004573758423e-05,0.0027953301730751614,-0.99981135250328,0
6.68,1,0.16398959454451684,0.03227482414825859,16.69040872585111,0.16353952335554847,0.032338037211850364,17.690220078354393,110.92754489076299,0.08108425885438919,0.06922115385532379,0.00015848915973532113,0.0017381261053384,-0.7998490820026161,0
6.78,1,0.17098705535776246,0.03389758794476983,17.257811067217364,0.17036298929066818,0.03454101757365077,18.057660149219977,111.33946274630956,0.0810978040099144,0.060038406401872635,0.00015848915973532113,0.0017381261053384,-0.7998490820026161,0
6.89,1,0.17782181335387395,0.0360463677934095,17.64583574812738,0.1771670853209213,0.03678499816947231,18.44568483012999,111.61059285115779,0.08128035068511963,-0.014961593598127362,0.00015848915973532113,0.0017381261053384,-0.7998490820026161,0
6.98,1,0.1847959784751268,0.03828654240116871,17.89765197295455,0.1841092990631975,0.039122310679236556,18.69750105495716,111.87260444261692,0.08115725964307785,0.013671349734067917,0.00015848915973532113,0.0017381261053384,-0.7998490820026161,0
7.09,1,0.19222616408608448,0.0406830526603353,17.894628109385664,0.1915053064860909,0.041622309446452045,18.69447719138828,111.82807063127524,0.08118239045143127,0.03996194526553154,0.00015848915973532113,0.0017381261053384,-0.7998490820026161,0
7.18,1,0.1998382245550875,0.04313909645068627,17.992294547195062,0.19908233998418415,0.04418437483450383,18.79214362919768,111.89210687031627,0.08105131983757019,0.07013531774282455,0.00015848915973532113,0.0017381261053384,-0.7998490820026161,0
7.28,1,0.20716894803158845,0.04553606648065397,18.14845186205668,0.20637888854594144,0.04668344488142184,18.94830094405929,112.15592386152338,0.08092926442623138,0.07725582271814346,0.00015848915973532113,0.0017381261053384,-0.7998490820026161,0
7.38,1,0.21403457326527076,0.047821659242915815,18.585810089320507,0.2132119389598455,0.049064655952562965,19.385659171323123,112.41232602411932,0.08093258738517761,0.0712379664182663,0.00015848915973532113,0.0017381261053384,-0.7998490820026161,0
7.48,1,0.22071861254620134,0.050089173119379014,18.960124405107972,0.21986367348763936,0.05142525504193224,19.75997348711059,112.85682770561147,0.08093258738517761,0.0712379664182663,0.00015848915973532113,0.0017381261053384,-0.7998490820026161,0
7.58,1,0.22743050727869799,0.05241971406383815,19.352489050012466,0.22654238092349438,0.0538492639074629,20.152338132015085,113.14503936615051,0.08092837035655975,0.06909209489822388,0.00015848915973532113,0.0017381261053384,-0.7998490820026161,0
7.68,1,0.23655952087742532,0.05566252299499585,19.901509615660817,0.2356252368559554,0.05721919375241559,20.701358697663434,113.56282888597543,0.08106951415538788,0.06382938474416733,0.00015848915973532113,0.0017381261053384,-0.7998490820026161,0
7.78,1,0.24099062898716095,0.05727184751051998,20.013942745784636,0.24003344776144728,0.05889021771667653,20.813791827787252,113.96847627327665,0.08091940730810165,0.04800974205136299,-0.00984151084026456,0.0017381261053379163,-0.7998490820025458,0
7.88,1,0.2399331775111233,0.06057564936928169,20.490693297981128,0.24892900535454027,0.06231853157823356,21.29054237998368,114.22440164417858,0.08096873760223389,0.029092274606227875,-0.00984151084026456,0.0017381261053379163,-0.7998490820025458,0
7.98,1,0.24490517502479583,0.06243883678974514,20.593760175236856,0.25387450914908233,0.06425094428205982,21.3936092572394,114.50951452421106,0.08090507984161377,0.017319612205028534,-0.00984151084026456,0.0017381261053379163,-0.7998490820025458,0
8.09,1,0.25229216960406575,0.06523038966327709,20.804833853669425,0.261221815133012,0.06714534424377874,21.604682935671963,114.63188828373325,0.0809078961610794,0.015871115028858185,-0.00984151084026456,0.0017381261053379163,-0.7998490820025458,0
8.18,1,0.25948811767579655,0.06796415540706689,20.92698710975654,0.2683788999069542,0.0699792957838673,21.72683619175908,114.77475465823285,0.08088526129722595,0.019156187772750854,-0.00984151084026456,0.0017381261053379163,-0.7998490820025458,0
8.28,1,0.2674862270132956,0.0710262184323354,21.021338987270916,0.2763334849035057,0.07315271042395843,21.821188069273457,114.87064683272264,0.08072644472122192,0.015499968081712723,-0.00984151084026456,0.0017381261053379163,-0.7998490820025458,0
8.38,1,0.27503447980146095,0.07394435770835361,21.136167106268335,0.28384026629467524,0.07617593554516207,21.93601618827088,115.0135573338395,0.08065268397331238,0.007107540965080261,-0.00984151084026456,0.0017381261053379163,-0.7998490820025458,0
8.49,1,0.28258935264622137,0.07688196469805457,21.29379970064349,0.2913533953369307,0.07921871889611806,22.09364878264604,115.08339632448582,0.0806383267045021,0.005845118314027786,-0.00984151084026456,0.0017381261053379163,-0.7998490820025458,0
8.58,1,0.2901200112719794,0.07982043292007707,21.33990429910601,0.2988423004971857,0.08226202537595974,22.139753381108548,115.15850641996295,0.08051945269107819,0.0116814486682415,-0.00984151084026456,0.0017381261053379163,-0.7998490820025458,0
8.68,1,0.2976729717537032,0.08277130730402983,21.387402700915718,0.30635333215593574,0.08531804813268214,22.187251782918263,115.20388628553988,0.08057080209255219,0.008081123232841492,-0.00984151084026456,0.0017381261053379163,-0.7998490820025458,0
8.78,1,0.3048117052417608,0.08557299205238834,21.44734820785924,0.3134522598026411,0.08821911336971891,22.247197289861784,115.28200919666007,0.0805974006652832,0.005147803574800491,-0.00984151084026456,0.0017381261053379163,-0.7998490820025458,0
8.88,1,0.31274744772143276,0.08869708637023749,21.48257765316881,0.3213436180896249,0.09145368264505317,22.282426735171356,115.3308137614213,0.0805773064494133,-0.0004466511309146881,-0.00984151084026456,0.0017381261053379163,-0.7998490820025458,0
8.98,1,0.3198746541387509,0.09150851115363152,21.584799823902873,0.32843088382230673,0.09436432605538314,22.384648905905415,115.38210151500775,0.08081653714179993,0.014074932783842087,-0.008834729271726151,-0.001497212477896255,-0.3999245410012392,0
9.09,1,0.3273556287563433,0.09446499174268613,21.61406282546858,0.33586985837109035,0.09742494958091973,22.413911907471125,115.41686738584553,0.08082351088523865,0.027377765625715256,-0.008834729271726151,-0.001497212477896255,-0.3999245410012392,0
9.18,1,0.33518286308802847,0.09660682966253042,22.10039229825773,0.34332445140261936,0.10050287561250869,22.500316839258975,115.56747011643671,0.08088020235300064,0.02765941247344017,-0.008834729271726151,-0.001497212477896255,-0.3999245410012392,0
9.29,1,0.34260537362483234,0.09964209419776496,22.377132581884943,0.3507255951518927,0.10358987491124665,22.777057122886177,115.68352353442552,0.08104678988456726,0.01332009956240654,-0.008834729271726151,-0.001497212477896255,-0.3999245410012392,0
9.38,1,0.3499649094409789,0.10267595168186852,22.505805822008135,0.35806377553571644,0.10667502763314864,22.905730363009365,115.81127936030147,0.08101851493120193,0.016987308859825134,-0.008834729271726151,-0.001497212477896255,-0.3999245410012392,0
9.48,1,0.3573993817732363,0.10576941887732641,22.59233181970665,0.3654764745377833,0.10982031166694158,22.992256360707888,115.93703784671521,0.08109118789434433,0.004824791103601456,-0.008834729271726151,-0.001497212477896255,-0.3999245410012392,0
9.58,1,0.36486267072532824,0.1088931859654976,22.737137325636446,0.37291777796617503,0.11299609599371253,23.137061866637683,116.06846941698441,0.08100484311580658,-0.0083686001598835,-0.008834729271726151,-0.001497212477896255,-0.3999245410012392,0
9.69,1,0.3749638681260892,0.11313942330516269,22.789370015480692,0.38298909080478316,0.11731273567994913,23.189294556481936,116.0992598650194,0.0808296948671341,-0.000605214387178421,-0.008834729271726151,-0.001497212477896255,-0.3999245410012392,0
9.78,1,0.3795036870881056,0.1150449784098212,22.788605868936635,0.38751549850972306,0.11924993204413997,23.188530409937872,116.10308138272319,0.0808296948671341,-0.000605214387178421,-0.008834729271726151,-0.001497212477896255,-0.3999245410012392,0
9.89,1,0.3899930065966488,0.1194493268466745,22.806788714780698,0.3979738203949228,0.12372738804627681,23.20671325578193,116.13286451938176,0.08068662881851196,0.0003499649465084076,-0.008834729271726151,-0.001497212477896255,-0.3999245410012392,0
9.98,1,0.39480954850119987,0.12147337844979594,22.750165448268547,0.4027761172025553,0.12578500953279872,23.150089989269784,116.1650775084509,0.08107123523950577,0.008763134479522705,-0.008834729271726151,-0.001497212477896255,-0.3999245410012392,0
10.08,1,0.40485098001368264,0.1256927551815066,22.768881404598833,0.4127878530943095,0.1300743721028952,23.168805945600063,116.21376554956883,0.08086360991001129,0.020369738340377808,-0.008834729271726151,-0.001497212477896255,-0.3999245410012392,0
10.18,1,0.4097266659341916,0.12774420421678753,22.95111909485805,0.4176491012446222,0.13215980317605164,23.35104363585928,116.271030613193,0.0810907781124115,0.016580872237682343,-0.009477555467804122,0.0004284276767139731,-0.5998868115018958,0
10.28,1,0.4172146311528687,0.1309064462160847,22.937308094790733,0.42511481178578375,0.13537423371563798,23.337232635791967,116.40962796115056,0.0809674933552742,0.010152097791433334,-0.009477555467804122,0.0004284276767139731,-0.5998868115018958,0
10.38,1,0.42448862221339095,0.13448245984390275,22.75396716020414,0.43253887194305657,0.13859022754053182,23.35385397170604,116.496070929732,0.08089509606361389,0.00038563087582588196,-0.009477555467804122,0.0004284276767139731,-0.5998868115018958,0
10.48,1,0.4320057222788055,0.1376518784307952,22.900782259668144,0.4400223767902628,0.14183817501151041,23.50066907117004,116.57619332138583,0.08053053170442581,-0.005931392312049866,-0.009477555467804122,0.0004284276767139731,-0.5998868115018958,0
10.58,1,0.4394824170155054,0.14080848248748792,22.991989850985558,0.4474656126890483,0.14507288561859039,23.591876662487447,116.58796820814283,0.08077915012836456,-0.014854814857244492,-0.009477555467804122,0.0004284276767139731,-0.5998868115018958,0
10.68,1,0.4469074300382918,0.14394706062432727,22.919673871882466,0.4548573584345251,0.14828903019615813,23.519560683384363,116.572544097615,0.0809217244386673,-0.006158869713544846,-0.009477555467804122,0.0004284276767139731,-0.5998868115018958,0
10.79,1,0.4543404067468843,0.14708209869813813,22.79092880585778,0.4622571044931016,0.15150171828299508,23.390815617359678,116.54487142521123,0.08086998015642166,-0.008886810392141342,-0.009477555467804122,0.0004284276767139731,-0.5998868115018958,0
10.88,1,0.4617571103550723,0.15020554667689717,22.748714482916196,0.4696406996892795,0.15470264653378435,23.34860129441809,116.52931430288349,0.08067335188388824,-0.016481511294841766,-0.009477555467804122,0.0004284276767139731,-0.5998868115018958,0
10.98,1,0.46888572021924546,0.15320396064281386,22.864953078021305,0.4767375260140432,0.15777553133844807,23.464839889523198,116.47997433160171,0.0807732492685318,-0.017868608236312866,-0.009477555467804122,0.0004284276767139731,-0.5998868115018958,0
11.08,1,0.4766843624611581,0.15647189608475157,22.758441712627434,0.48450152615380765,0.16112493795750055,23.358328524129327,116.42514364626264,0.08082500100135803,-0.004939723759889603,-0.009477555467804122,0.0004284276767139731,-0.5998868115018958,0
11.18,1,0.48417088542633197,0.15959250174333398,22.589463798271,0.4919549666387247,0.16432375503921268,23.189350609772898,116.36463436619417,0.08099456876516342,-0.002076495438814163,-0.009477555467804122,0.0004284276767139731,-0.5998868115018958,0
11.29,1,0.4916575896329434,0.16270761984022547,22.502881720273564,0.4994086458088665,0.16751708675757007,23.102768531775457,116.36345717164583,0.08095388114452362,-0.01760369911789894,-0.009477555467804122,0.0004284276767139731,-0.5998868115018958,0
11.38,1,0.49880730282070923,0.16567878915578857,22.544905282546072,0.5065268595468284,0.17056294935291932,23.144792094047972,116.34474717175576,0.08126746118068695,-0.02270432934165001,0.0012959271345771909,-0.0018096814602228091,-0.3999245410012459,0
11.49,1,0.5067253578503205,0.16895303097663952,22.468764324033163,0.5144101999027019,0.17391991223427772,23.068651135535056,116.25594269828028,0.08120475709438324,-0.02675577998161316,0.0012959271345771909,-0.0018096814602228091,-0.3999245410012459,0
11.58,1,0.5243081475377448,0.17157822743390724,22.40198803584563,0.5217892419957902,0.17703428080230532,22.801912576846874,116.1177829890371,0.08141014724969864,-0.019838694483041763,0.0012959271345771909,-0.0018096814602228091,-0.3999245410012459,0
11.68,1,0.5312764188500073,0.1744402652765475,22.175958839335884,0.5287373666983319,0.1799448870642268,22.575883380337135,116.02557352315533,0.08141014724969864,-0.019838694483041763,0.0012959271345771909,-0.0018096814602228091,-0.3999245410012459,0
11.79,1,0.5390907815937079,0.1776197785386536,22.04985668807299,0.5365293462610047,0.1831788666821175,22.44978122907423,115.88787517631398,0.08147676289081573,-0.031111370772123337,0.0012959271345771909,-0.0018096814602228091,-0.3999245410012459,0
11.88,1,0.5464649963477488,0.18059106547815337,21.885948495132155,0.5438826419639974,0.18620155284179507,22.285873036133395,115.78223116537072,0.08075421303510666,-0.019170723855495453,0.0012959271345771909,-0.0018096814602228091,-0.3999245410012459,0
11.99,1,0.5534483533584446,0.18337995672267643,21.673521290798526,0.5508463625565921,0.1890391195847779,22.073445831799766,115.60628816356706,0.08062393963336945,-0.02479231357574463,0.0012959271345771909,-0.0018096814602228091,-0.3999245410012459,0
12.08,1,0.5609282006392655,0.18634797258841845,21.621774861415147,0.5583053110450552,0.19205927205943124,22.02169940241638,115.50784215247864,0.08029598742723465,-0.02367774397134781,0.0012959271345771909,-0.0018096814602228091,-0.3999245410012459,0
12.18,1,0.5683316193397575,0.18927295299997746,21.54092873298502,0.5656881332000284,0.19503585666109072,21.940853273986264,115.40475030127945,0.08042151480913162,-0.037946876138448715,0.0012959271345771909,-0.0018096814602228091,-0.3999245410012459,0
12.28,1,0.5757520614440603,0.1921930705456862,21.377568382675246,0.5730880122866484,0.19800769733775359,21.777492923676498,115.23128763199942,0.08029664307832718,-0.036116715520620346,0.0012959271345771909,-0.0018096814602228091,-0.3999245410012459,0
12.38,1,0.5829698973738677,0.19500900495205226,21.09379379401498,0.5802860173266879,0.20087394323337088,21.493718335016226,115.01835094453126,0.08007249981164932,-0.04743810370564461,0.0012959271345771909,-0.0018096814602228091,-0.3999245410012459,0
12.49,1,0.5902155768770078,0.19779621078754497,20.944602728199083,0.587512065785584,0.2037116556045095,21.34452726920033,114.85435799276657,0.08000724762678146,-0.0738043487071991,0.0012959271345771909,-0.0018096814602228091,-0.3999245410012459,0
12.58,1,0.597175043226185,0.20042509179589033,20.581213967940897,0.5944530131610186,0.20638904925371682,20.98113850894214,114.65945872812969,0.07997714728116989,-0.08348751813173294,0.0012959271345768589,-0.0018096814602224745,-0.3999245410012857,0
12.68,1,0.6061669738913974,0.20375385797031562,19.909567543980963,0.6034214901826614,0.20978049750546085,20.309492084982242,114.2586330195025,0.07998374849557877,-0.14348751813173294,0.0012959271345768589,-0.0018096814602224745,-0.3999245410012857,0
12.79,1,0.6102243961204579,0.20521256891051667,19.695228975514457,0.6074686318528201,0.21126749348850848,20.09515351651574,113.72530752259306,0.07999198138713837,-0.1272522360086441,0.0012959271345768589,-0.0018096814602224745,-0.3999245410012857,0
12.89,1,0.616096996115453,0.20728565577475846,18.93900129012591,0.6133266187618716,0.21338152026726295,19.3389258311272,113.27320597965884,0.07999818027019501,-0.14536453783512115,0.0012959271345768589,-0.0018096814602224745,-0.3999245410012857,0
12.98,1,0.6219868299478585,0.20925986081474313,18.08137249940149,0.6192025292780441,0.21539678792173983,18.48129704040278,112.59105275580175,0.08000052720308304,-0.08953554928302765,0.011295927134576804,0.008190318539777116,-0.39992454100125585,0
13.08,1,0.6400079125081575,0.221811115462017,17.220089205490776,0.6272056088311231,0.21800396712184522,17.620013746492038,112.13908405189058,0.08000089973211288,-0.07246927171945572,0.011295927134576804,0.008190318539777116,-0.39992454100125585,0
13.18,1,0.6442895014201027,0.22312036194253296,16.79147905534135,0.6314779549769008,0.21934306695691835,17.191403596342603,111.7924444091052,0.08000089973211288,-0.07246927171945572,0.011295927134576804,0.008190318539777116,-0.39992454100125585,0
13.29,1,0.6505981821548388,0.2251078560519312,16.401402435433106,0.6381516529122755,0.2213771926511617,16.801326976434357,111.3768233833722,0.08000021427869797,-0.007315388880670071,0.0012959271345767476,0.008190318539777197,-0.3999245410012739,0
13.38,1,0.6481257702857501,0.2271926935681514,15.956385882267828,0.6452854621457046,0.22351187575259798,16.3563104232691,111.22882072185863,0.08000002056360245,-0.013471176847815514,0.0012959271345767476,0.008190318539777197,-0.3999245410012739,0
13.48,1,0.6588868013201096,0.23027165043242004,15.743216409829996,0.6560247400958564,0.226665868999873,16.143140950831267,111.11931328936089,0.07999996095895767,-0.038218602538108826,0.0012959271345767476,0.008190318539777197,-0.3999245410012739,0
13.58,1,0.6638496432118328,0.2316789291439594,15.849150441998342,0.6609776383666045,0.22810775378508133,16.249074982999613,110.95699664955909,0.07999996095895767,-0.06276034563779831,0.0012959271345767476,0.008190318539777197,-0.3999245410012739,0
13.68,1,0.6713476873819343,0.2337655338732275,15.38374335566832,0.6684609355008462,0.23024664360778097,15.783667896669591,110.76480560090907,0.07999997586011887,-0.035079676657915115,0.0012959271345767476,0.008190318539777197,-0.3999245410012739,0
13.78,1,0.6784785386375796,0.23570973628728098,15.018720495995645,0.6755780426255772,0.23224057159846961,15.41864503699692,110.5235980717635,0.07932407408952713,-0.0806613340973854,0.0012959271345767476,0.008190318539777197,-0.3999245410012739,0
13.88,1,0.6882294538596816,0.23830295699603768,14.79981602655883,0.68531061978083,0.23490178997169628,15.199740567560102,110.22305038629857,0.07983997464179993,-0.024707913398742676,0.0012959271345767476,0.008190318539777197,-0.3999245410012739,0
13.98,1,0.6923499573299026,0.23937702575248906,14.338406314451184,0.6894235259361257,0.23600459344440475,14.738330855452453,109.83819012088223,0.07955529540777206,0.004603860899806023,0.0012959271345767476,0.008190318539777197,-0.3999245410012739,0
14.08,1,0.7001411066138441,0.24137110844011833,14.289872202600057,0.697200566842744,0.23805300933639387,14.689796743601335,109.72702355469525,0.07959840446710587,0.05678372085094452,0.0012959271345767476,0.008190318539777197,-0.3999245410012739,0
14.18,1,0.7078103438830261,0.24332017427360217,14.422750168530744,0.7048560129194819,0.24005555853189936,14.82267470953202,109.79664461739921,0.07989238947629929,0.11678372085094452,0.0012959271345767476,0.008190318539777197,-0.3999245410012739,0
14.29,1,0.7170407189325004,0.24571808847968987,14.893939370869806,0.7140694258108372,0.24251784181924138,15.293863911871087,110.01178025982365,0.07997328788042068,0.14979279041290283,0.0012959271345767476,0.008190318539777197,-0.3999245410012739,0
14.38,1,0.7214444668405887,0.24691293416126991,15.542226787043917,0.7184647264880453,0.24374339630506298,15.942151328045188,110.36100087326513,0.07997328788042068,0.14979279041290283,0.0012959271345767476,0.008190318539777197,-0.3999245410012739,0
14.48,1,0.7269540035395687,0.24848202803759922,16.254098765610088,0.7239631767878305,0.2453509082119966,16.654023306611364,111.07773128460099,0.08001937717199326,0.18420085310935974,-0.003441138381096462,0.0033446789254540925,-1.399735893504534,0
14.59,1,0.7317771139243583,0.23247332128025766,16.160621047442504,0.7294018089869125,0.24701986623966576,17.56035694094704,111.61065495149742,0.08001101762056351,0.1826002299785614,-0.003441138381096462,0.0033446789254540925,-1.399735893504534,0
14.68,1,0.7374544261670417,0.23416751806787192,17.185511682561508,0.7350360420225753,0.24885224042523268,18.585247576066035,112.44861356357615,0.08001101762056351,0.1826002299785614,-0.003441138381096462,0.0033446789254540925,-1.399735893504534,0
14.78,1,0.7424372722648033,0.23575294413947465,18.190042740229686,0.7399786731446325,0.2505589122313416,19.589778633734216,113.03387397244859,0.07960060238838196,0.1885079026222229,-0.003441138381096046,0.003344678925453079,-1.3997358935044721,0
14.89,1,0.7476017877343792,0.23815067307594232,19.166392878164608,0.7450989997634592,0.25243043461226866,20.566128771669078,114.00720944037478,0.07984104752540588,0.16149745881557465,-0.003441138381095744,0.013344678925452434,-1.3997358935044317,0
14.99,1,0.7546555360396664,0.2500022050231085,19.99206610559715,0.752089491901118,0.2551053676393342,21.391801999101574,114.55058185106824,0.07992402464151382,0.16028280556201935,-0.003441138381095744,0.013344678925452434,-1.3997358935044317,0
15.08,1,0.7583774917173,0.2513828531513362,20.773625917035453,0.7557766110772797,0.2565765221183161,22.17336181053988,115.27291135074222,0.07999769598245621,0.1451568603515625,-0.003441138381095744,0.013344678925452434,-1.3997358935044317,0
15.19,1,0.7637906486546548,0.25348761205942894,21.666859078707947,0.7611367385959877,0.2588128832413946,23.066594972212382,115.81535340087191,0.08001256734132767,0.12588390707969666,-0.003441138381095744,0.013344678925452434,-1.3997358935044317,0
15.29,1,0.7696053197680299,0.2558284841942398,22.295668030881274,0.7668924928074724,0.26129509515121,23.695403924385698,116.54472801463724,0.0800117775797844,0.08252382278442383,-0.003441138381095739,0.003344678925452124,-1.3997358935044162,0
15.38,1,0.775147994669314,0.24815325622559636,23.218527701667764,0.7723767252562895,0.2637545675552928,24.61826359517218,116.9904037239315,0.08000567555427551,0.0304768905043602,-0.003441138381095739,0.003344678925452124,-1.3997358935044162,0
15.48,1,0.7813297581524475,0.25082673120483506,23.482071005470427,0.7784913376187829,0.2665782502362015,24.88180689897484,117.48601776527906,0.08000152558088303,0.059182059019804,-0.003441138381095739,0.003344678925452124,-1.3997358935044162,0
15.58,1,0.7879944672565101,0.253754373742028,23.93863074802682,0.785082542796573,0.2696678218200346,25.338366641531234,117.65575744270843,0.07999973744153976,0.04842323809862137,-0.003441138381095739,0.003344678925452124,-1.3997358935044162,0
15.68,1,0.7974776653320097,0.2580012244121805,24.517191637389033,0.7944591708664178,0.2741450567249204,25.91692753089345,117.99172423036606,0.0799994021654129,0.05637024715542793,-0.003441138381095739,0.003344678925452124,-1.3997358935044162,0
15.78,1,0.8018376727780051,0.259993492841082,24.614840547644594,0.7987692110201112,0.27624323505277654,26.014576441149003,118.31800211748708,0.07932159304618835,-0.018629752844572064,-0.003441138381095739,0.003344678925452124,-1.3997358935044162,0
15.89,1,0.8085594606573651,0.2630993160879656,25.055447236400493,0.8054131254192698,0.27951232847338175,26.455183129904913,118.47895005095555,0.07984831184148788,-0.07815708965063095,-0.0011845080317926958,0.006766556194329228,-0.9998113525031128,0
15.98,1,0.8155318618872706,0.2663446620493487,24.85800139816784,0.8123041701856745,0.28292702485040566,26.25773729167227,118.32682590033731,0.07989826053380966,-0.05099758878350258,-0.0011845080317926958,0.006766556194329228,-0.9998113525031128,0
16.08,1,0.8223707115539896,0.27847565229742927,24.833528363754994,0.818688752349346,0.2860380383599718,25.833339716258102,118.10114041698887,0.08001416176557541,-0.022865857928991318,-0.0011845080317926958,0.006766556194329228,-0.9998113525031128,0
16.18,1,0.829185396239442,0.2815993262227042,24.364866878624902,0.8254478941731357,0.2892801469268588,25.36467823112802,117.93406578069077,0.08001416176557541,-0.022865857928991318,-0.0011845080317926958,0.006766556194329228,-0.9998113525031128,0
16.29,1,0.8363945384484982,0.28487289699329643,24.403991326680597,0.8325988178981968,0.2926790124521228,25.403802679183705,117.85344224895451,0.07537362724542618,0.022924581542611122,-0.0011845080317926958,0.006766556194329228,-0.9998113525031128,0
16.38,1,0.8433083005372988,0.2880205004225627,24.610164594588884,0.8394566044924057,0.2959467756927441,25.609975947092,118.08670388854695,0.0789690837264061,0.038993801921606064,-0.0011845080317926958,0.006766556194329228,-0.9998113525031128,0
16.48,1,0.8501192369779815,0.29114422169026594,24.65034337114759,0.8462119978160025,0.2991888661912997,25.65015472365069,118.23789868834594,0.07930488139390945,0.04090460389852524,-0.0011845080317926958,0.006766556194329228,-0.9998113525031128,0
16.59,1,0.8570030357382228,0.29431728701286575,24.87665257794575,0.8530393813560002,0.3024815646151994,25.876463930448857,118.51708893347816,0.08009611815214157,-0.022926082834601402,3.383072710929808e-05,0.0033183847908828984,-0.7998490820024351,0
16.68,1,0.8640693790902269,0.29706919089823736,25.097324115318777,0.8598507293546056,0.3057837277427077,25.897173197321212,118.64484170415678,0.07758436352014542,-0.0829260828346014,3.383072710929808e-05,0.0033183847908828984,-0.7998490820024351,0
16.78,1,0.871178147489939,0.3003885698288596,24.92204548450692,0.8669124680566888,0.3092020184192455,25.72189456650935,118.57911801611445,0.07850217074155807,-0.13792981207370758,3.383072710929808e-05,0.0033183847908828984,-0.7998490820024351,0
16.88,1,0.8793917201812385,0.30412569139781054,24.09840110302756,0.8750730719012751,0.3130534335965664,24.898250185029998,118.11487839850737,0.07931292057037354,-0.11812322586774826,3.383072710929808e-05,0.0033183847908828984,-0.7998490820024351,0
16.98,1,0.8825213136717606,0.3055164301360569,23.700396432289445,0.8781829463644594,0.3144877245284253,24.500245514291883,117.67313718597754,0.08051417022943497,-0.05132344365119934,3.383072710929808e-05,0.0033183847908828984,-0.7998490820024351,0
17.08,1,0.8883458304936811,0.3080265555878356,22.977518533656355,0.8839718554368526,0.317078913009425,23.777367615658793,117.09886669641628,0.08051417022943497,-0.05132344365119934,3.383072710929808e-05,0.0033183847908828984,-0.7998490820024351,0
17.18,1,0.8952325041004231,0.31091830686454264,22.71905507105153,0.8908174904748623,0.32006651735714414,23.518904153053974,116.88820514372192,0.08071044832468033,0.0012979768216609955,0.011310816013824066,-0.0002692049429535491,-0.5998868115017975,0
17.28,1,0.913139532751801,0.31370995280538955,22.922874032851926,0.8984919858303709,0.32340392272237795,23.522760844353726,116.91505367195717,0.08180967718362808,-0.06469588726758957,0.011310816013824066,-0.0002692049429535491,-0.5998868115017975,0
17.38,1,0.9202011953194968,0.3166964448411724,22.84936084031447,0.9055219933483629,0.32646418532496013,23.44924765181628,116.81203784539142,0.08304595202207565,-0.10140863060951233,0.011310816013824066,-0.0002692049429535491,-0.5998868115017975,0
17.48,1,0.9292770487908049,0.32048476555901645,22.209562275968384,0.9145576863793448,0.33034732085488566,22.80944908747018,116.57120498159556,0.0777193009853363,-0.16140863060951233,0.011310816013824066,-0.0002692049429535491,-0.5998868115017975,0
17.59,1,0.9354868347023109,0.3229999595123947,21.785187898855188,0.9207407983332327,0.3329273922212503,22.38507471035698,116.23835258959205,0.08151580393314362,-0.13308757543563843,0.011310816013824066,-0.0002692049429535491,-0.5998868115017975,0
17.68,1,0.9392149625513173,0.32446555694090795,21.151464513473634,0.9244533773190147,0.33443194210587796,21.75135132497543,115.79054529349631,0.08151580393314362,-0.13308757543563843,0.011310816013824066,-0.0002692049429535491,-0.5998868115017975,0
17.78,1,0.9466253498106327,0.32724842659171466,20.007094385293765,0.9318342223024642,0.33729224456483137,20.60698119679556,115.0888800918713,0.08204881846904755,-0.21512939035892487,0.011310816013823954,-0.00026920494295382314,-0.5998868115017857,0
17.89,1,0.9503271968210047,0.3285772854990326,19.424861649447323,0.9355219535162237,0.3386597882675418,20.02474846094911,114.28070983996402,0.08161696046590805,-0.18344400823116302,0.011310816013823954,-0.00026920494295382314,-0.5998868115017857,0
17.98,1,0.9554587445914503,0.33034780590350055,18.658398844445518,0.9406346830168395,0.3404839379534321,19.258285655947304,113.39955588855436,0.08166342228651047,-0.21200469136238098,0.011310816013824172,-0.00026920494295415583,-0.5998868115017719,0
18.08,1,0.9607479688018683,0.3320891392137711,17.686958448706,0.9459053858984833,0.34228055298703336,18.286845260207777,112.83030930171054,0.0821368396282196,-0.19418445229530334,0.011310816013824172,-0.00026920494295415583,-0.5998868115017719,0
18.18,1,0.9656839812164948,0.3336113733381938,16.62605115470679,0.950825190270421,0.34385438278366487,17.22593796620856,111.91667515011939,0.08113786578178406,-0.16466355323791504,0.011310816013824172,-0.00026920494295415583,-0.5998868115017719,0
18.3,1,0.9709558929456304,0.3351464765245905,15.819462935111043,0.9560807408096264,0.34544459773848735,16.419349746612824,111.33889521290322,0.08113786578178406,-0.16466355323791504,0.011310816013824172,-0.00026920494295415583,-0.5998868115017719,0
18.39,1,0.9765719063666127,0.3367058125092516,15.07834693468086,0.9616801204677198,0.3470626468422671,15.678233746182633,110.80648827265773,0.08042938262224197,-0.17117521166801453,0.011310816013823843,-0.000269204942953712,-0.599886811501791,0
18.49,1,0.9821303896631265,0.33815644548203916,14.08575985342422,0.9672231112543089,0.34857139656278147,14.685646664926011,110.00124279742255,0.08131600171327591,-0.12542107701301575,0.011310816013823843,-0.000269204942953712,-0.599886811501791,0
18.58,1,0.9877867179454303,0.33953016909254075,13.294780776084218,0.9728647468901204,0.35000426555469283,13.894667587586012,109.22298310440662,0.08126778155565262,-0.11015066504478455,0.011310816013823843,-0.000269204942953712,-0.599886811501791,0
18.68,1,0.9938052197032868,0.3409224059635187,12.677791737118975,0.9788683423204789,0.3514594386793795,13.277678548620768,108.7909526231807,0.08126778155565262,-0.11015066504478455,0.011310816013823843,-0.000269204942953712,-0.599886811501791,0
18.78,1,1.0001875692678122,0.34231017248217266,11.849851652048477,0.98523581241876,0.3529139511136983,12.449738463550268,108.39479469815893,0.08162353932857513,-0.0656987726688385,0.011310816013824054,-0.0002692049429548153,-0.5998868115017445,0
18.88,1,1.006624986166643,0.3436373696818524,11.332652477901343,0.9916589809822928,0.3543084740933009,11.932539289403081,107.8447038301765,0.07962765544652939,-0.09202910959720612,0.011310816013824054,-0.0002692049429548153,-0.5998868115017445,0
18.98,1,1.0135588057424318,0.34499983204318957,10.793481123930288,0.9985781557954807,0.35574345754275116,11.393367935432034,107.55902086814056,0.07962765544652939,-0.09202910959720612,0.011310816013824054,-0.0002692049429548153,-0.5998868115017445,0
19.08,1,1.0203147122171898,0.34626364282398353,10.458334798966296,1.0053204601222236,0.357077932102611,11.058221610468042,107.06095806077622,0.08144228905439377,-0.09685486555099487,0.011310816013824707,-0.00026920494295614263,-0.5998868115016844,0
19.18,1,1.0267973570019946,0.3474152566192334,9.780700450648611,1.011790692417449,0.3582973548288159,10.380587262150296,106.70709680550665,0.08113641291856766,-0.09692472219467163,0.011310816013824707,-0.00026920494295614263,-0.5998868115016844,0
19.28,1,1.0333515621789975,0.34852137796260546,9.336775127867732,1.0183329574799207,0.3594720368201994,9.936661939369417,106.15822484556081,0.08076808601617813,-0.13416653871536255,0.011310816013824707,-0.00026920494295614263,-0.5998868115016844,0
19.38,1,1.039959050092301,0.34956886883262356,8.567327315719123,1.0249291162081093,0.36058864941181895,9.167214127220802,105.79193980710247,0.08027142286300659,-0.12983348965644836,0.011310816013824707,-0.00026920494295614263,-0.5998868115016844,0
19.48,1,1.0462554100000783,0.35048041467152957,7.940658363507263,1.0312155873021531,0.36156606697276367,8.54054517500895,105.11289472584149,0.08027142286300659,-0.12983348965644836,0.011310816013824707,-0.00026920494295614263,-0.5998868115016844,0
19.58,1,1.0519018928172763,0.35123635407016307,7.24974318225263,1.036853846095012,0.3623810825333919,7.849629993754315,104.51002351406895,0.08045411854982376,-0.0331403948366642,0.011310816013824599,-0.0002692049429557018,-0.5998868115017068,0
19.68,1,1.0623573116721639,0.3525049273383607,6.711039601125928,1.0472954101694663,0.36375905250657353,7.310926412627634,104.25761340971599,0.08035814017057419,0.010064162313938141,0.011310816013824599,-0.0002692049429557018,-0.5998868115017068,0
19.78,1,1.067466956907952,0.3530957617947897,6.4958204647275455,1.0523985894221186,0.36440335158760373,7.095707276229251,104.0806396092709,0.08111244440078735,0.03691494092345238,0.011310816013824599,-0.0002692049429557018,-0.5998868115017068,0
19.88,1,1.0753761189253108,0.35400078981134503,6.539493315024227,1.0602978424684952,0.3653911374130179,7.139380126525932,104.12257854717618,0.08159022033214569,0.03277411311864853,0.011310816013824599,-0.0002692049429557018,-0.5998868115017068,0
19.98,1,1.0859049332034014,0.3552278828125246,6.7024108025050415,1.0708132322338142,0.36672839782875405,7.302297614006749,104.20880541442563,0.0809028223156929,0.01606394350528717,0.011310816013824599,-0.0002692049429557018,-0.5998868115017068,0
20.08,1,1.093808392922801,0.35616989247982644,6.853505224192106,1.0787063961039651,0.3677531035759834,7.453392035693813,104.34871424731797,0.08117523789405823,0.014821972697973251,0.011310816013824599,-0.0002692049429557018,-0.5998868115017068,0
20.18,1,1.0990710633952305,0.3567980923056687,6.8233505719539025,1.083962200997683,0.36843636812338876,7.423237383455606,104.40764152081564,0.08105577528476715,0.01567617803812027,0.011310816013824599,-0.0002692049429557018,-0.5998868115017068,0
20.28,1,1.1068115422447975,0.3577320375869478,6.847868926386215,1.091692477363554,0.36945130354807304,7.4477557378879204,104.44805269821519,0.08105577528476715,0.01567617803812027,0.011310816013824599,-0.0002692049429557018,-0.5998868115017068,0
20.38,1,1.115347510314795,0.3587656406292256,6.914890456450182,1.1002171559514364,0.37057421989149,7.514777267951889,104.47230441169019,0.08114591985940933,-0.008014388382434845,0.011310816013824599,-0.0002692049429557018,-0.5998868115017068,0
20.49,1,1.1234914337373434,0.3597423611934871,6.851322758780418,1.1083504069284813,0.3716361522421508,7.451209570282122,104.39004494789252,0.08093108236789703,-0.008503686636686325,-0.001291926414292305,-0.0015064771188964198,-0.9998113525029991,0
20.58,1,1.121315746830218,0.35160031165221867,6.164766977171414,1.1162753584007565,0.372641538923085,7.164578329674414,104.23056893042948,0.08090226352214813,0.002089116722345352,-0.001291926414292305,-0.0015064771188964198,-0.9998113525029991,0
20.68,1,1.1293710832948212,0.3524601059205596,5.9736222877487535,1.1243144658128696,0.37364176077764755,6.973433640251751,104.20113216828024,0.08049705624580383,0.032042283564805984,-0.001291926414292305,-0.0015064771188964198,-0.9998113525029991,0
20.78,1,1.1374409880858019,0.35331251229140076,6.000033757870615,1.1323682682456395,0.3746348500638923,6.999845110373615,104.24077079083051,0.08061763644218445,0.003070984035730362,-0.001291926414292305,-0.0015064771188964198,-0.9998113525029991,0
20.88,1,1.1453205579988854,0.354148842365758,6.183892422195386,1.1402320452956367,0.375608544326165,7.183703774698386,104.31063542920496,0.08061763644218445,0.003070984035730362,-0.001291926414292305,-0.0015064771188964198,-0.9998113525029991,0
20.98,1,1.1557553642653575,0.3552613641218893,6.095337551241785,1.1506458503707087,0.37690297483224705,7.095148903744784,104.33225506194893,0.08043207973241806,0.010232556611299515,-0.001291926414292305,-0.0015064771188964198,-0.9998113525029991,0
21.08,1,1.160983765739692,0.35581087201571987,5.9406920096887745,1.1558638674084691,0.37754363004048946,6.940503362191774,104.32459397204579,0.08003713190555573,0.0008905716240406036,-0.001291926414292305,-0.0015064771188964198,-0.9998113525029991,0
21.18,1,1.1694028947167627,0.35669327888478874,5.905717757969788,1.164266317376733,0.3785728089102453,6.905529110472789,104.33786884455047,0.08065085858106613,-0.008032269775867462,-0.001291926414292305,-0.0015064771188964198,-0.9998113525029991,0
21.28,1,1.1774393577944176,0.35752704414114306,5.883418873846243,1.17228700845853,0.379546676391782,6.883230226349244,104.30877354270767,0.08030947297811508,-0.004891756922006607,-0.001291926414292305,-0.0015064771188964198,-0.9998113525029991,0
21.38,1,1.185444522034556,0.3583426793964807,5.863747972118082,1.1802767218204389,0.3805018704955503,6.863559324621081,104.26019293353366,0.08032884448766708,0.018963169306516647,-0.001291926414292305,-0.0015064771188964198,-0.9998113525029991,0
21.48,1,1.1926709386371543,0.3590685272936351,5.704315966540223,1.1874893728169866,0.38135370245439526,6.704127319043222,104.22918079381226,0.07931257784366608,-0.0018124394118785858,-0.001291926414292305,-0.0015064771188964198,-0.9998113525029991,0
21.58,1,1.2011058756416295,0.359923509907585,5.761475084932334,1.19590810693489,0.38235573708038223,6.761286437435332,104.26653650909434,0.07931257784366608,-0.0018124394118785858,-0.001291926414292305,-0.0015064771188964198,-0.9998113525029991,0
21.68,1,1.215828200486232,0.35720510134889316,5.618830154889447,1.2066271153393844,0.38362901517224,6.698633641648542,104.24042574883781,0.07906778901815414,-0.028137583285570145,0.007401776100554971,-0.006782025604206515,-1.1997736230036593,0
21.78,1,1.2269676219951595,0.35200011801230313,5.544207211048028,1.2117861268010628,0.384239328990616,6.743980834051689,104.13131985372725,0.0807432234287262,-0.08813758328557014,0.007401776100554971,-0.006782025604206515,-1.1997736230036593,0
21.88,1,1.2348919487228813,0.35274260708994576,5.280805706401991,1.2196931696635371,0.38514757856485055,6.48057932940565,103.96916840139541,0.08106453716754913,-0.08039169013500214,0.007401776100554971,-0.006782025604206515,-1.1997736230036593,0
21.98,1,1.2418484612448248,0.3533546092766193,4.710782741380378,1.226635342693625,0.3859051053068036,5.910556364384037,103.6708256178956,0.08106453716754913,-0.08039169013500214,0.007401776100554971,-0.006782025604206515,-1.1997736230036593,0
22.08,1,1.2487808858144422,0.3538924211161971,4.208628905381421,1.2335549864846158,0.38658795360183124,5.408402528385082,103.22612533768536,0.08245524764060974,-0.036067914217710495,0.007401776100554971,-0.006782025604206515,-1.1997736230036593,0
22.18,1,1.2556822058515587,0.3543833725538743,3.7281853247252683,1.2404445137473772,0.38722330048702963,4.9279589477289285,102.9116737127599,0.08011937141418457,-0.01315971091389656,0.007401776100554971,-0.006782025604206515,-1.1997736230036593,0
22.29,1,1.265988364946143,0.3550295632111691,3.4719129779045828,1.2507348831401386,0.38808514467768923,4.671686600908242,102.65173525302299,0.08166985958814621,0.05506497249007225,0.007401776100554971,-0.006782025604206515,-1.1997736230036593,0
22.38,1,1.2712043097673569,0.3553457407999414,3.5331946219948156,1.255943064175136,0.38851046685238116,4.7329682449984745,102.5986084766029,0.07966126501560211,0.04069660231471062,0.007401776100554971,-0.006782025604206515,-1.1997736230036593,0
22.48,1,1.2788085102586115,0.3558309584150471,3.7400020912617484,1.2635354378543604,0.3891547984131655,4.939775714265408,102.82790305388664,0.07966126501560211,0.04069660231471062,0.007401776100554971,-0.006782025604206515,-1.1997736230036593,0
22.58,1,1.286330520482309,0.35634566878191853,4.049552739661822,1.2710450217518219,0.389826895321479,5.249326362665481,103.09043145667606,0.08127498626708984,-0.05715135857462883,0.007401776100554971,-0.006782025604206515,-1.1997736230036593,0
22.68,1,1.2939622651259888,0.3568947051664185,4.1346718364033626,1.2786635972774918,0.3905356083928286,5.334445459407022,103.08379748337016,0.08009156584739685,-0.05011295899748802,0.007401776100554971,-0.006782025604206515,-1.1997736230036593,0
22.79,1,1.3014450994706364,0.3573973934967948,3.64317234684397,1.286134265607627,0.391194865617326,4.842945969847631,102.90301530423292,0.08009156584739685,-0.05011295899748802,0.007401776100554971,-0.006782025604206515,-1.1997736230036593,0
22.89,1,1.3088600490721851,0.3597031295442311,3.2490939622804387,1.293538116480379,0.3918024507581114,4.448867585284099,102.60589316040138,0.08203946799039841,0.023282402008771894,0.0074017761005550214,0.003217974395792053,-1.199773623003602,0
22.98,1,1.3163285974194774,0.36825603644983124,3.029199650179941,1.3009965219213426,0.3923649579980302,4.228973273183543,102.42188525770534,0.08136040717363358,0.05887870863080025,0.0074017761005550214,0.003217974395792053,-1.199773623003602,0
23.09,1,1.3241663110172588,0.368677614675997,3.237696867668125,1.3088236900245496,0.3929505535288906,4.4374704906717275,102.5163326942237,0.08151499181985855,0.006450075656175613,0.0074017761005550214,0.003217974395792053,-1.199773623003602,0
23.18,1,1.3316826604200072,0.3691176559456783,3.462864937793213,1.316329177798736,0.3935478791810748,4.662638560796815,102.69635155813634,0.08101527392864227,0.030832964926958084,0.0074017761005550214,0.003217974395792053,-1.199773623003602,0
23.28,1,1.3396711831635553,0.3696131586709283,3.525709130759523,1.3243055741193632,0.3942105407170045,4.725482753763124,102.77838290342517,0.08105877786874771,-0.02556956559419632,0.0074017761005550214,0.003217974395792053,-1.199773623003602,0
23.39,1,1.3503800662175998,0.37029689339260996,3.562586113335872,1.3349977930656298,0.39511835316455646,4.762359736339473,102.84426487194172,0.07859566062688828,-0.009760122746229172,0.0074017761005550214,0.003217974395792053,-1.199773623003602,0
23.48,1,1.3555440432204426,0.3706195601089194,3.606932803864707,1.3401538818029575,0.3955490749175577,4.806706426868309,102.73146030846992,0.0794127807021141,-0.025529153645038605,0.0074017761005550214,0.003217974395792053,-1.199773623003602,0
23.58,1,1.3634623456506256,0.37110625231396316,3.483831689932518,1.3480602576836953,0.3962014575589393,4.683605312936121,102.66968352545915,0.0794127807021141,-0.025529153645038605,0.0074017761005550214,0.003217974395792053,-1.199773623003602,0
23.68,1,1.3713884782889127,0.371579580564601,3.251824387776456,1.3559747418766461,0.3968406431283207,4.451598010780057,102.49850097567125,0.07921720296144485,-0.04498828575015068,0.0074017761005550214,0.003217974395792053,-1.199773623003602,0
23.78,1,1.379085101662019,0.37200843098363967,3.1179875485896758,1.3636606984183322,0.3974305550443456,4.317761171593279,102.26321093200414,0.07912957668304443,-0.08074808120727539,0.0074017761005550214,0.003217974395792053,-1.199773623003602,0
23.88,1,1.3866815971068427,0.37240175076737675,2.7110473389091547,1.3712472929402921,0.3979828475889896,3.910820961912756,102.06947840633144,0.08163771033287048,-0.0697232037782669,0.0074017761005550214,0.003217974395792053,-1.199773623003602,0
23.98,1,1.3936870452868682,0.3727181951819693,2.442838442218023,1.378244579427575,0.3984459059929072,3.6426120652216247,101.7892562833403,0.08255346119403839,-0.030641164630651474,0.0074017761005550214,0.003217974395792053,-1.199773623003602,0
24.08,1,1.4008458570674165,0.37298259940544953,1.95736843910747,1.3853962855348636,0.3988601468137873,3.1571420621110713,101.42853376888145,0.08255346119403839,-0.030641164630651474,0.007401776100555681,0.0032179743957917633,-1.1997736230035911,0
24.18,1,1.4110367605462586,0.3733057629572851,1.6601972744420828,1.3955781882730762,0.3993966214412231,2.8599708974456735,101.28624302845904,0.08047036826610565,-0.011610161513090134,0.007401776100555681,0.0032179743957917633,-1.1997736230035911,0
24.28,1,1.4165665503258797,0.37346455962123537,1.607279440592724,1.4011034407767913,0.39967116862746954,2.807053063596315,101.13451077758478,0.08016160875558853,-0.05121656134724617,0.007401776100555681,0.0032179743957917633,-1.1997736230035911,0
24.38,1,1.4241434667646782,0.3736682128538928,1.5127343454774462,1.4086744319124436,0.4000334262479257,2.712507968481038,101.05956794166357,0.07929617911577225,-0.09955887496471405,0.007401776100555681,0.0032179743957917633,-1.1997736230035911,0
24.48,1,1.4317416685368716,0.3738559324987473,1.2076742543553796,1.4162670373399726,0.4003801994560687,2.4074478773589703,100.7565801329626,0.07929617911577225,-0.09955887496471405,0.007401776100555681,0.0032179743957917633,-1.1997736230035911,0
24.59,1,1.4384502589645445,0.37396409937694564,0.7964636052890002,1.4229718921690429,0.40062881023800495,1.9962372282925913,100.22327327746275,0.0792180672287941,-0.10273168981075287,0.007401776100555681,0.0032179743957917633,-1.1997736230035911,0
24.68,1,1.4448637465007836,0.37402421911168615,0.15570376335148534,1.4293827148368632,0.40082320540708244,1.3554773863550762,99.83316873832656,0.07976775616407394,-0.09979526698589325,0.007401776100555681,0.0032179743957917633,-1.1997736230035911,0
24.79,1,1.4510560505685621,0.3740228208006392,-0.19363396200212893,1.4355736906208523,0.4009514647738485,1.0061396610014621,99.45860281711558,0.07965829223394394,-0.07967904210090637,0.007401776100555681,0.0032179743957917633,-1.1997736230035911,0
24.88,1,1.45805049174759,0.37398481850483123,-0.5788113509051538,1.442567394091959,0.40105992370430366,0.6209622720984371,98.92530422312853,0.07970025390386581,-0.10193510353565216,0.007401776100555681,0.0032179743957917633,-1.1997736230035911,0
24.98,1,1.4648781211668955,0.3738906973164319,-0.9084960043929895,1.4493954974178513,0.401108783262344,0.29127761861060164,98.60506395577433,0.0797027051448822,-0.07588836550712585,0.007401776100555681,0.0032179743957917633,-1.1997736230035911,0
25.08,1,1.4715545428764942,0.3737598915569445,-1.3269186287058174,1.4560731943026568,0.4011178002337419,-0.12714500570222623,98.08442008952689,0.07976839691400528,-0.08129200339317322,0.017401776100554982,0.013217974395791766,-1.199773623003597,0
25.18,1,1.488463843798194,0.3835813325738512,-1.573290952613705,1.4629847192239989,0.40108395058498647,-0.3735173296101087,97.78195547194025,0.07994875311851501,-0.09212839603424072,0.017401776100554982,0.013217974395791766,-1.199773623003597,0
25.28,1,1.4953774423375088,0.38337393429810857,-1.9880525150252826,1.469901144671428,0.40102135795166527,-0.7882788920216859,97.31927442453113,0.0799945518374443,-0.15212839603424072,0.017401776100554982,0.013217974395791766,-1.199773623003597,0
25.38,1,1.5019973344980428,0.3831282077373309,-2.258479268422723,1.4765247306660751,0.4009142956740439,-1.0587056454191264,96.96601151115766,0.07980656623840332,-0.1487867832183838,0.017401776100554982,0.013217974395791766,-1.199773623003597,0
25.48,1,1.5080984220730116,0.3828625219175762,-2.8170493719306298,1.4826300437309916,0.40077641553908094,-1.6172757489270324,96.26142813764963,0.07996507734060287,-0.14247725903987885,0.017401776100554982,0.013217974395791766,-1.199773623003597,0
25.58,1,1.5140569539792217,0.38252472448088326,-3.5562805321730973,1.4885943422870769,0.40056345469892823,-2.3565069091695015,95.77060328293152,0.07986719161272049,-0.115791454911232,0.01740177610055543,0.013217974395791867,-1.1997736230035976,0
25.68,1,1.5199615813879737,0.3821325266395799,-3.9879907054655104,1.4945058872246162,0.4002949767028837,-2.7882170824619132,95.07293677836007,0.07949059456586838,-0.11463239789009094,0.01740177610055543,0.013217974395791867,-1.1997736230035976,0
25.78,1,1.5263411252720465,0.38166362624914524,-4.621789778580963,1.5008938505537406,0.3999597569977392,-3.4220161555773645,94.66166766663754,0.0805811807513237,-0.08506220579147339,0.01740177610055543,0.013217974395791867,-1.1997736230035976,0
25.88,1,1.5327630546658224,0.3811258238577144,-4.962847651490082,1.5073256328026945,0.39955653788495693,-3.763074028486485,94.06085789468153,0.08103469759225845,-0.054952602833509445,0.01740177610055566,0.013217974395792082,-1.199773623003606,0
25.99,1,1.5396491085065331,0.38051115526662266,-5.317294520365012,1.5142230472074165,0.3990861874798633,-4.117520897361406,93.71871881945306,0.08076357841491699,-0.03278609737753868,0.01740177610055566,0.013217974395792082,-1.199773623003606,0
26.08,1,1.5469087137538464,0.37981305679693755,-5.531518754555357,1.5214956780176383,0.3985402470816427,-4.3317451315517514,93.36589758564416,0.08115163445472717,-0.025650572031736374,0.01740177610055566,0.013217974395792082,-1.199773623003606,0
26.19,1,1.5546845126547422,0.3790377551715689,-5.827653209183347,1.5292860058302902,0.39792792875846716,-4.6278795861797395,93.21422435782912,0.08007970452308655,-0.03679594025015831,0.01740177610055566,0.013217974395792082,-1.199773623003606,0
26.28,1,1.5625815464434334,0.3782272337121125,-5.984158550031725,1.537198279401383,0.3972829367956092,-4.784384927028122,93.0121407988109,0.08019665628671646,-0.06316672265529633,0.01740177610055566,0.013217974395792082,-1.199773623003606,0
26.39,1,1.5728482407947009,0.3771386624407935,-6.244948524171071,1.5474855159629568,0.3964095730447525,-5.0451749011674645,92.83797240118977,0.07942640781402588,-0.07881730794906616,0.01740177610055566,0.013217974395792082,-1.199773623003606,0
26.48,1,1.5775829635979526,0.37661526590170324,-6.411294537016993,1.5522301598775772,0.3959854291019445,-5.21152091401339,92.46456426845828,0.08051257580518723,-0.05591556057333946,0.01740177610055566,0.013217974395792082,-1.199773623003606,0
26.59,1,1.5837858508541247,0.37589835217535367,-6.672907387413092,1.5584466983276288,0.39539855151433323,-5.473133764409487,92.16914712008827,0.08092709630727768,-0.017097461968660355,0.01740177610055566,0.013217974395792082,-1.199773623003606,0
26.68,1,1.5917837475737349,0.374935803606011,-6.981434742524932,1.566462995932116,0.394603677686494,-5.781661119521328,91.83875513889303,0.08092709630727768,-0.017097461968660355,0.01740177610055566,0.013217974395792082,-1.199773623003606,0
26.78,1,1.5997768070132339,0.37394514211965213,-7.195232606989352,1.5744750459584496,0.3937805958196967,-5.995458983985746,91.74643422568698,0.08025320619344711,-0.04834624007344246,0.01740177610055566,0.013217974395792082,-1.199773623003606,0
26.88,1,1.6077783998041364,0.3729344417454114,-7.28820339179937,1.5824960470490346,0.3929376581335388,-6.088429768795768,91.59931300538199,0.08025320619344711,-0.04834624007344246,0.01740177610055566,0.013217974395792082,-1.199773623003606,0
26.98,1,1.614888216716269,0.3720115934930964,-7.4666571371517305,1.5896236282792595,0.3921638808869134,-6.266883514148123,91.40471788990553,0.08108806610107422,-0.04267994686961174,0.0074017761005559825,0.013217974395791983,-1.1997736230036062,0
27.08,1,1.6125421776084399,0.3709934838608803,-7.7295387430823315,1.5972972288222944,0.3913062566871527,-6.529765120078724,91.0520213091226,0.08081793040037155,-0.03387555852532387,0.0074017761005559825,0.013217974395791983,-1.1997736230036062,0
27.19,1,1.62010594365359,0.3699447397965672,-7.944827646008759,1.6048812957301968,0.3904161162293237,-6.745054023005153,90.85802211552016,0.08024542778730392,-0.019444994628429413,0.0074017761005559825,0.013217974395791983,-1.1997736230036062,0
27.29,1,1.6278098164614776,0.36884696170576914,-8.240221225438022,1.612606465382179,0.3894798861161351,-7.0404476024344165,90.63731025131742,0.08000072091817856,-0.04242824390530586,0.0074017761005559825,0.013217974395791983,-1.1997736230036062,0
27.38,1,1.6353069418093737,0.36775711419172835,-8.419548400877138,1.620124766846057,0.3885472558656215,-7.219774777873531,90.5149373664475,0.08000542968511581,-0.04909184202551842,0.0074017761005559825,0.013217974395791983,-1.1997736230036062,0
27.48,1,1.6429421935275568,0.3666141590981381,-8.593825019842008,1.6277822763897012,0.3875644218333569,-7.394051396838406,90.24270481645648,0.07996506243944168,-0.06685413420200348,0.0074017761005559825,0.013217974395791983,-1.1997736230036062,0
27.59,1,1.6503854650837952,0.36546715001217317,-8.877712188412639,1.6352479327443357,0.3865735149266809,-7.677938565409028,90.02578173383039,0.07998745888471603,-0.07548359036445618,0.0074017761005559825,0.013217974395791983,-1.1997736230036062,0
27.68,1,1.6575423696778602,0.364335945222404,-9.095183519342445,1.6424269540003336,0.385592412765397,-7.895409896338841,89.62944579441886,0.08007533848285675,-0.0742356926202774,0.0074017761005559825,0.013217974395791983,-1.1997736230036062,0
27.78,1,1.6644733761365458,0.3631933393877591,-9.514549588650333,1.6493803653658894,0.38459518209746296,-8.314775965646726,89.33739533080373,0.08001814037561417,-0.06491057574748993,0.0074017761005559825,0.013217974395791983,-1.1997736230036062,0
27.88,1,1.6714174578289769,0.3620114435129762,-9.94584469466112,1.6563476717719732,0.38355894377848115,-8.746071071657516,88.89153234843452,0.08001329749822617,-0.04953376576304436,0.0074017761005559825,0.013217974395791983,-1.1997736230036062,0
27.98,1,1.6785911647182246,0.36074172912994856,-10.169185704997789,1.6635463918184483,0.38243971420427075,-8.969412081994182,88.62885248424172,0.07999926805496216,-0.03294936940073967,0.0074017761005559825,0.013217974395791983,-1.1997736230036062,0
28.09,1,1.6859427699378589,0.35940989542773405,-10.411833148246219,1.6709242718774688,0.38126210384833226,-9.212059525242614,88.31797497543788,0.0803171694278717,-0.02058449015021324,0.007401776100555754,0.013217974395791766,-1.1997736230036,0
28.18,1,1.6962990961500688,0.35748301177430164,-10.687101505780916,1.6813186736280865,0.3795524882557687,-9.487327882777318,88.15667238787779,0.0806705579161644,-0.022396426647901535,0.007401776100555754,0.013217974395791766,-1.1997736230036,0
28.28,1,1.701446446031049,0.35650826390321494,-10.712298097787848,1.6864853047648383,0.378685731712002,-9.512524474784247,87.984642436827,0.0807810127735138,-0.038722407072782516,0.007401776100555754,0.013217974395791766,-1.1997736230036,0
28.38,1,1.7093447111217879,0.354997761285692,-10.931341356418967,1.694413465902323,0.37734093783217976,-9.731567733415371,87.87096992775767,0.08021731674671173,-0.04012132063508034,0.007401776100555754,0.013217974395791766,-1.1997736230036,0
28.48,1,1.7157321463875108,0.3537599411464186,-11.074061977850988,1.7020625947094592,0.37602199877471554,-9.935411170130536,87.63961443752426,0.08004367351531982,-0.05562042072415352,0.007401776100555754,0.013217974395791766,-1.1997736230036,0
28.58,1,1.7270109451087932,0.3515189981631121,-11.438378602169747,1.7121486668302397,0.37423284127752554,-10.238604979166148,87.47307498246309,0.08090849965810776,-0.06523062288761139,0.007401776100555754,0.013217974395791766,-1.1997736230036,0
28.68,1,1.73172206033834,0.3505608879994007,-11.596348568487251,1.7168788105848014,0.3733735847075441,-10.39657494548365,87.13889745966249,0.08022445440292358,-0.0707160085439682,0.007401776100555754,0.013217974395791766,-1.1997736230036,0
28.79,1,1.7387700968349384,0.34909672468845987,-11.832893133361093,1.7239559592528138,0.37205731748948373,-10.633119510357496,86.73937654869027,0.0800938755273819,-0.08432698249816895,0.007401776100555754,0.013217974395791766,-1.1997736230036,0
28.88,1,1.7456927969304805,0.34762280800190215,-12.193794289151052,1.730908003218504,0.37072867468163706,-10.994020666147454,86.45421881276931,0.07997279614210129,-0.1061258465051651,0.007401776100555754,0.013217974395791766,-1.1997736230036,0
28.98,1,1.7523805062206543,0.34616270766117246,-12.572401369095532,1.7376248186036116,0.3694089248427444,-11.372627746091933,86.1358676336479,0.07996678352355957,-0.10178089141845703,0.007401776100555754,0.013217974395791766,-1.1997736230036,0
29.08,1,1.7588426854841535,0.3446987465973719,-13.021255952716196,1.74411623424348,0.3680805928735461,-11.821482329712593,85.57711587858954,0.07996678352355957,-0.10178089141845703,0.007401776100555754,0.013217974395791766,-1.1997736230036,0
29.18,1,1.7652760897436681,0.3431972640382606,-13.240352812060541,1.7505796668305105,0.36671414513046685,-12.040579189056944,85.18755468832016,0.0806979387998581,-0.0676131546497345,0.01740177610055585,0.013217974395790975,-1.199773623003578,0
29.28,1,1.7818504240561488,0.34162430060059057,-13.64109591535156,1.7571854952740897,0.3652791830395003,-12.441322292347984,84.66582921681001,0.08082487434148788,-0.05766785517334938,0.01740177610055585,0.013217974395790975,-1.199773623003578,0
29.39,1,1.791240722292195,0.33931844417159374,-13.977260618289723,1.766622015944505,0.36317045060747666,-12.777486995286147,84.38010079797318,0.0805015042424202,-0.10488718748092651,0.01740177610055585,0.013217974395790975,-1.199773623003578,0
29.49,1,1.7981502774462952,0.33757691415084906,-14.256265414448475,1.7735665212642642,0.36157397790036977,-13.0564917914449,83.98509568259175,0.08090126514434814,-0.0827287882566452,0.01740177610055585,0.013217974395790975,-1.199773623003578,0
29.58,1,1.802392134174247,0.3364906694467833,-14.537961760318936,1.7778301923357445,0.3605767893265255,-13.338188137315354,83.445982715392,0.08068542182445526,-0.1024494469165802,0.01740177610055585,0.013217974395790975,-1.199773623003578,0
29.68,1,1.8090696515375764,0.33473392026256804,-14.93330300933122,1.784543029401251,0.35896024227624557,-13.733529386327643,83.10947576154014,0.08032810688018799,-0.09148359298706055,0.01740177610055585,0.013217974395790975,-1.199773623003578,0
29.78,1,1.8174068838854154,0.33248389210576024,-15.34329315421039,1.7929255460924962,0.3568852762887479,-14.143519531206811,82.73196285703054,0.0807216688990593,-0.1013314425945282,0.01740177610055585,0.013217974395790975,-1.199773623003578,0
29.88,1,1.822000944391532,0.3312079558770065,-15.638452905654653,1.7975453155774193,0.3557058123851538,-14.438679282651075,82.20376657509665,0.0804797112941742,-0.1000288873910904,0.01740177610055585,0.013217974395790975,-1.199773623003578,0
30.0,1,1.8280433330656647,0.3295027840058719,-15.944056935227147,1.8036220832453898,0.354127532717634,-14.744283312223565,81.83354710978509,0.08043189346790314,-0.1387171745300293,0.01740177610055585,0.013217974395790975,-1.199773623003578,0
30.08,1,1.8347338229525096,0.32756851238459306,-16.42513750994566,1.8103516070385701,0.35233377377399794,-15.225363886942088,81.2692524186167,0.08059825003147125,-0.1285286545753479,0.017401776100556703,0.013217974395789804,-1.1997736230035343,0
30.18,1,1.8401255119926856,0.32596216018573976,-16.730122196599297,1.815775748595213,0.3508406674595619,-15.530348573595766,80.58346188699412,0.08090600371360779,-0.121487557888031,0.017401776100556703,0.013217974395789804,-1.1997736230035343,0
30.28,1,1.8467285631612287,0.3239465776716594,-17.27487388920268,1.8224195553652807,0.3489637846162634,-16.07510026619915,80.13902430255982,0.08103649318218231,-0.09685036540031433,0.017401776100556703,0.013217974395789804,-1.1997736230035343,0
30.38,1,1.8525115534976118,0.3221170456486798,-17.735562028382788,1.8282395854756563,0.3472557406566041,-16.53578840537925,79.71473446331126,0.08110019564628601,-0.08019179105758667,0.017401776100556703,0.013217974395789804,-1.1997736230035343,0
30.48,1,1.859113691838071,0.31998864921058245,-18.046299260727846,1.8348848417686956,0.3452660495086893,-16.846525637724312,79.16206595872148,0.08076275885105133,-0.10696378350257874,0.018332102454999253,-0.003685489920533857,-0.9998113525028621,0
30.59,1,1.865197380114945,0.30748601154294375,-18.186189263933628,1.8411544301150846,0.34335028996140715,-17.18637791143076,78.84750964125125,0.08052584528923035,-0.11386516690254211,0.018332102454999253,-0.003685489920533857,-0.9998113525028621,0
30.68,1,1.8717998775453601,0.3053025121247628,-18.51273320353811,1.8477940224637017,0.3412823307084189,-17.512921851035244,78.27030199829026,0.08000390976667404,-0.11095793545246124,0.018332102454999253,-0.003685489920533857,-0.9998113525028621,0
30.79,1,1.8798544339611427,0.30254903724482707,-19.208883825866177,1.8558953982925483,0.3386698199143287,-18.209072473363314,77.85316945039648,0.0805436223745346,-0.11350919306278229,0.018332102454999253,-0.003685489920533857,-0.9998113525028621,0
30.88,1,1.883854851783921,0.3011492478365875,-19.34949460723615,1.8599196321477145,0.3373400473686806,-18.349683254733282,77.22541102771521,0.08038673549890518,-0.11130470037460327,0.018332102454999253,-0.003685489920533857,-0.9998113525028621,0
30.99,1,1.892050652230968,0.29821996508800264,-19.96945719092278,1.8681652981954067,0.3345542200554923,-18.96964583841993,76.81231996914433,0.08024917542934418,-0.11642448604106903,0.018332102454999253,-0.003685489920533857,-0.9998113525028621,0
31.08,1,1.8959913098821306,0.2967764442475957,-20.25817466304369,1.8721305440520504,0.333179679973601,-19.258363310540837,76.18902720758719,0.08057080209255219,-0.11168241500854492,0.018332102454999253,-0.003685489920533857,-0.9998113525028621,0
31.18,1,1.9017347622369554,0.2946419522666346,-20.6617976178566,1.8779103669760655,0.3311457311207635,-19.66198626535374,75.77728477711733,0.08112076669931412,-0.10593298077583313,0.018332102454999253,-0.003685489920533857,-0.9998113525028621,0
31.29,1,1.9081033466607873,0.2922076611836403,-21.130920130454403,1.8843204580231978,0.32882293681052144,-20.13110877795154,75.16542458396925,0.08041611313819885,-0.10496172308921814,0.017487867554932604,0.0033820457513485617,-1.1997736230035323,0
31.38,1,1.914040977518819,0.2904087605238102,-21.63093691101114,1.89012742126188,0.3266747086945618,-20.431163288007607,74.76789351402383,0.0810537338256836,-0.09889069199562073,0.017487867554932604,0.0033820457513485617,-1.1997736230035323,0
31.48,1,1.9204450631141485,0.2878332835232992,-22.143242166832145,1.8965840294124643,0.3242338880779911,-20.943468543828605,74.18832324738815,0.0811467170715332,-0.0732918381690979,0.017487867554932604,0.0033820457513485617,-1.1997736230035323,0
31.58,1,1.9262663080962912,0.28545035126444357,-22.384087829363487,1.9024538931359736,0.3219733662002283,-21.184314206359964,73.82606296533827,0.08104382455348969,-0.0716894119977951,0.017487867554932604,0.0033820457513485617,-1.1997736230035323,0
31.69,1,1.9330397086841666,0.2826368484572453,-22.80208793429627,1.909284719208926,0.3193023048510605,-21.602314311292737,73.37395113970638,0.08099757134914398,-0.08422708511352539,0.017487867554932604,0.0033820457513485617,-1.1997736230035323,0
31.78,1,1.9418049935033017,0.27892383483406386,-23.2747611927093,1.9181258272047992,0.31577363689674737,-22.074987569705765,73.07799953219626,0.08060591667890549,-0.10972164571285248,0.017487867554932604,0.0033820457513485617,-1.1997736230035323,0
31.88,1,1.9459449223860537,0.27713351139534,-23.523872427983555,1.9223023351083774,0.31407038973299284,-22.32409880498003,72.5795689887317,0.08071551471948624,-0.1186990737915039,0.017487867554932604,0.0033820457513485617,-1.1997736230035323,0
31.99,1,1.9518995445411549,0.2745184938532682,-23.890346300202996,1.9283104062747387,0.31158062616684806,-22.690572677199473,72.17231344178721,0.08071551471948624,-0.1186990737915039,0.017487867554932604,0.0033820457513485617,-1.1997736230035323,0
32.08,1,1.9578282779985916,0.27185172211073644,-24.544816207446956,1.9342936780728726,0.30903857767680043,-23.34504258444342,71.54257480499454,0.08057154715061188,-0.12172737717628479,0.027487867554931628,0.0033820457513492846,-1.1997736230035618,0
32.19,1,1.9738056494989287,0.2690984596370279,-24.901780348473768,1.940327388234361,0.30641107582345584,-23.7020067254702,71.1346194399511,0.08077741414308548,-0.1458369493484497,0.027487867554931628,0.0033820457513492846,-1.1997736230035618,0
32.28,1,1.9796541734480921,0.266346093036723,-25.642244368965034,1.9462322603341942,0.3037817717765594,-24.44247074596147,70.4860125722632,0.08037351071834564,-0.18850915133953094,0.027487867554931628,0.0033820457513492846,-1.1997736230035618,0
32.39,1,1.98686908006593,0.2627883719664531,-26.829854136423283,1.95352007843564,0.30037589978275164,-25.63008051341972,69.97493161171352,0.08011992275714874,-0.1747969686985016,0.027487867554931628,0.0033820457513492846,-1.1997736230035618,0
32.49,1,1.9900810728742142,0.26115461429174136,-27.063983411796663,1.9567655754521815,0.29880975449710084,-25.864209788793104,69.09409565141397,0.07999237626791,-0.17954006791114807,0.027487867554931628,0.0033820457513492846,-1.1997736230035618,0
32.59,1,1.9951670072513896,0.25852080317441994,-27.785200990099778,1.961905542795037,0.2962830124831539,-26.58542736709622,68.52736169119842,0.07996510714292526,-0.11526702344417572,0.027487867554931184,0.003382045751349294,-1.1997736230035614,0
32.68,1,2.0001871077592375,0.2558202439739685,-28.846067262097872,1.966981088304291,0.2936881585590322,-27.646293639094313,67.68454284121964,0.07997430115938187,-0.12721674144268036,0.027487867554931184,0.003382045751349294,-1.1997736230035614,0
32.78,1,2.0054435206659598,0.2528955058025007,-29.404094465476067,1.972297588369355,0.29087412283150904,-28.20432084247251,67.21896388905296,0.07998879998922348,-0.1029059886932373,0.027487867554931184,0.003382045751349294,-1.1997736230035614,0
32.89,1,2.0112423737664167,0.24958065863175746,-30.24157650184317,1.978164577992405,0.287681421497359,-29.041802878839597,66.55531016189286,0.07999777048826218,-0.09669063985347748,0.027487867554931184,0.003382045751349294,-1.1997736230035614,0
32.98,1,2.016960615835546,0.24619355209024382,-30.956148111365106,1.9839524872574368,0.2844147887624952,-29.756374488361537,66.14066709787019,0.07999777048826218,-0.09669063985347748,0.027487867554931184,0.003382045751349294,-1.1997736230035614,0
33.09,1,2.024454290623116,0.24159955957006063,-32.16893613633833,1.991540710351595,0.279978709483374,-30.96916251333478,65.55159783244343,0.08000142127275467,-0.08158180117607117,0.027487867554930483,0.003382045751347716,-1.199773623003524,0
33.18,1,2.02846311552433,0.23904365938862396,-32.85297277826092,1.9956021730215083,0.2775073083004477,-31.65319915525739,65.16417811789225,0.08000084012746811,-0.03258050978183746,0.027487867554930483,0.003382045751347716,-1.199773623003524,0
33.29,1,2.0342777631424362,0.23525954569864052,-33.3846501365291,2.0014947794223223,0.27384577403916405,-32.18487651352559,64.66488260818542,0.08000028878450394,-0.08567182719707489,0.028040546667047767,0.005958141686310391,-0.9998113525028729,0
33.38,1,2.040121111955835,0.24081199198589437,-33.58088409526922,2.007676239575478,0.2699271184180124,-32.581072742766345,64.44780395958317,0.08000002056360245,-0.04412353038787842,0.028040546667047767,0.005958141686310391,-0.9998113525028729,0
33.48,1,2.046408069977594,0.2365887171766545,-34.3657961492301,2.014035932829677,0.26581418844119253,-33.365984796727204,63.990087379790225,0.07999993860721588,-0.09955072402954102,0.028040546667047767,0.005958141686310391,-0.9998113525028729,0
33.58,1,2.0522539952622876,0.23256431256071466,-34.68389983961311,2.019951190384134,0.26189240274951403,-33.684088487110245,63.73729658072071,0.07999994605779648,-0.02455072402954102,0.028040546667047767,0.005958141686310391,-0.9998113525028729,0
33.69,1,2.0582381558603693,0.22834418777605436,-35.67771608945531,2.026008077349632,0.25777733877079934,-34.67790473695243,63.23852148793172,0.07999996840953827,-0.03692909702658653,0.028040546667047767,0.005958141686310391,-0.9998113525028729,0
33.79,1,2.064266861922872,0.22400489765414905,-35.82177210642022,2.032111582327225,0.25354390487635625,-34.821960753917345,63.04983971935087,0.07914768159389496,-0.021961700171232224,0.028040546667047767,0.005958141686310391,-0.9998113525028729,0
33.88,1,2.0708789015272853,0.21917796473543488,-36.31839443325128,2.0388068409706785,0.24883308108116278,-35.318583080748404,62.80026296864955,0.07936842739582062,-0.07250364124774933,0.026983045743930234,0.014787309563733024,-1.4997170287545218,0
33.98,1,2.077589692286963,0.20568403411888458,-37.13176539644268,2.044908068725294,0.2444998338538063,-35.63204836768816,62.65298512689288,0.07961738109588623,-0.111707404255867,0.026983045743930234,0.014787309563733024,-1.4997170287545218,0
34.08,1,2.083373754627846,0.2012675763225474,-37.650239636177744,2.0508057373431763,0.24023626944081986,-36.15052260742323,62.22103406585308,0.07980947196483612,-0.171707404255867,0.026983045743930234,0.014787309563733024,-1.4997170287545218,0
34.18,1,2.0882633271912896,0.1974176088560113,-38.688167059702515,2.0557943963960286,0.2365155907122858,-37.188450030948,61.80226454882013,0.07980947196483612,-0.18358823657035828,0.026983045743930234,0.014787309563733024,-1.4997170287545218,0
34.28,1,2.0930788099305344,0.1934711336809179,-39.87919394648083,2.060711516804667,0.23269649825379002,-38.37947691772632,61.00448885003706,0.0800497978925705,-0.08988744765520096,0.03765815709952828,0.009580356374568548,-1.0997924877531893,0
34.38,1,2.1074372273000614,0.19853146616239697,-40.27998285643285,2.065771085067845,0.2286432711186894,-39.18019036867965,60.57866577421642,0.0800497978925705,-0.08988744765520096,0.03765815709952828,0.009580356374568548,-1.0997924877531893,0
34.48,1,2.1125449209538023,0.19415058509496308,-40.96937555505718,2.0709619236389805,0.2243612332491841,-39.869583067304,60.08032890148799,0.08014266192913055,-0.06433114264160394,0.027658157099528187,0.009580356374568154,-1.0997924877531757,0
34.58,1,2.108482088799228,0.18900273560039477,-41.10210073861979,2.076996804652358,0.21932828902161122,-40.00230825086661,59.95993451746826,0.08008942753076553,-0.15485598146915436,0.027658157099528187,0.009580356374568154,-1.0997924877531757,0
34.69,1,2.1139150689474078,0.18421989880512457,-41.657881889856604,2.0825205848605974,0.21465061296273702,-40.558089402103434,59.504798631151715,0.08110721409320831,-0.07985598146915436,0.027658157099528187,0.009580356374568154,-1.0997924877531757,0
34.78,1,2.118445136838882,0.1800885604020791,-42.87032230212754,2.0871291144014292,0.21060698494162433,-41.77052981437436,59.011297545560716,0.07997971028089523,-0.059064269065856934,0.027658157099528187,0.009580356374568154,-1.0997924877531757,0
34.88,1,2.123407722425057,0.17544130870828023,-43.37551030139538,2.092179984306769,0.20605584033779567,-42.27571781364222,58.49682016485592,0.07474807649850845,0.014919405803084373,0.027658157099528187,0.009580356374568154,-1.0997924877531757,0
34.98,1,2.128729760851071,0.17037686084564835,-43.82041941161209,2.097598248422847,0.20109447569389827,-42.72062692385892,58.265455209927126,0.07874156534671783,0.06663461774587631,0.02745151790027214,0.007275946208573944,-1.29975475825386,0
35.08,1,2.1344836120831587,0.1555379855226298,-43.761363006444505,2.103126932452576,0.1960178160548235,-42.46160824819064,58.282877502899154,0.07917121797800064,0.02468532882630825,0.02745151790027214,0.007275946208573944,-1.29975475825386,0
35.18,1,2.139805011172304,0.1504706582104379,-43.28145263955998,2.1085619048409834,0.19107249811842308,-41.98169788130611,58.479787860087264,0.08009231835603714,0.07660993933677673,0.02745151790027214,0.007275946208573944,-1.29975475825386,0
35.29,1,2.147358547560131,0.14337508415178235,-43.02105450800874,2.1162744470447636,0.18415008698219293,-41.72129974975489,58.69358299029604,0.08085811883211136,0.13660993933677673,0.02745151790027214,0.007275946208573944,-1.29975475825386,0
35.39,1,2.1524671976975984,0.13866087665935883,-42.38678045410841,2.121488715384352,0.17955297221405478,-41.08702569585455,58.94385131437687,0.08262656629085541,0.19813048601150512,0.02745151790027214,0.007275946208573944,-1.29975475825386,0
35.49,1,2.1554161071210958,0.1359884021606804,-41.95523900009797,2.124497485956823,0.1769480755987723,-40.65548424184413,59.56938492057207,0.0806833803653717,0.317549911737442,0.02745151790027214,0.007275946208573944,-1.29975475825386,0
35.58,1,2.1595337901722793,0.13233952552169218,-40.99771142982103,2.128696877221895,0.17339353942095684,-39.69795667156716,60.08186535885837,0.08054595440626144,0.3458596467971802,0.02745151790027214,0.007275946208573944,-1.29975475825386,0
35.68,1,2.1635551015649175,0.12892632181038635,-39.44787442418961,2.132794575842391,0.17007242953011964,-38.148119665935745,61.18368671834703,0.0799705907702446,0.330459862947464,0.02745151790027214,0.007275946208573944,-1.29975475825386,0
35.78,1,2.1667432509624507,0.1263704085736167,-37.92859181902312,2.136039880868544,0.16758949087962707,-36.628837060769264,62.04650005346207,0.08002302050590515,0.29558223485946655,0.007322718402931153,0.038710060725730605,-2.0996038402564885,0
35.88,1,2.1514194218963127,0.12530790917120305,-37.28355295309377,2.139484590024329,0.16509255081620136,-35.18394911283727,63.312041052026835,0.08021018654108047,0.25713294744491577,0.007322718402931153,0.038710060725730605,-2.0996038402564885,0
35.98,1,2.1549829518897283,0.12265967896742862,-35.9378051256125,2.1431427503094542,0.16257665484170503,-33.83820128535603,64.12074532155364,0.08003992587327957,0.23448115587234497,0.007322718402931452,0.028710060725731602,-2.0996038402565094,0
36.08,1,2.158808151390472,0.10994177104489555,-34.92335768284748,2.147064957197911,0.1600007146599464,-32.82375384259097,65.22966911747332,0.08003992587327957,0.23448115587234497,0.007322718402931452,0.028710060725731602,-2.0996038402565094,0
36.18,1,2.1630595969503026,0.1070152327419179,-34.09467760127328,2.151420767533261,0.15723190045356597,-31.995073761016766,65.88576213305451,0.08000773191452026,0.19374695420265198,0.017317712597308008,0.03077147414842273,-1.899641569755861,0
36.28,1,2.1771190793277246,0.11370626365294856,-33.3075302393716,2.155865191092618,0.1544843062447611,-31.407888669615744,66.73832133420863,0.08027637749910355,0.17695237696170807,0.017317712597308008,0.03077147414842273,-1.899641569755861,0
36.38,1,2.1835134521504833,0.10958610818537158,-32.220238176785664,2.1623926284461445,0.15057838171025895,-30.32059660702979,67.29079543341305,0.08093895018100739,0.15081217885017395,0.017317712597308008,0.03077147414842273,-1.899641569755861,0
36.49,1,2.1866388715870695,0.10762796248398504,-31.933837125007777,2.165581240652166,0.1487249164578038,-30.03419555525191,68.11476182307608,0.08093895018100739,0.15081217885017395,0.017317712597308008,0.03077147414842273,-1.899641569755861,0
43.2,2,2.2059556608142774,0.09487495477581873,-30.57084295084004,2.185755687967382,0.1373893034432859,-29.071125922085525,69.33883674207486,0.0,0.0,0.017352939786838353,0.014738335844857038,-1.4997170287545216,0
43.31,2,2.2059614031802317,0.0948713764506246,-30.541983207889846,2.1857615220182804,0.13738587663309806,-29.042266179135332,69.33883674207486,-0.008792106062173843,0.0355665348470211,0.017352939786838353,0.014738335844857038,-1.4997170287545216,0
43.41,2,2.205960670446651,0.09487180807506977,-30.51386818245532,2.185760778239215,0.13738628893258062,-29.014151153700805,69.36608653920216,-0.018792106062173845,0.0955665348470211,0.017352939786838353,0.014738335844857038,-1.4997170287545216,0
43.51,2,2.205210911966384,0.0953130681554032,-30.378496028940287,2.1849997279217583,0.13780777517378906,-28.878779000185762,69.6667414380171,-0.03879210606217385,0.17635515332221985,0.017352939786838353,0.014738335844857038,-1.4997170287545216,0
43.61,2,2.203019625130294,0.0965858339326627,-29.76034933665359,2.1827758808614686,0.13902275458687471,-28.260632307899066,70.24049205532225,-0.05879210606217385,0.26334310829639435,0.017352939786838353,0.014738335844857038,-1.4997170287545216,0
43.71,2,2.199250145789478,0.09871639110347857,-29.1504541485636,2.1789519317736175,0.14105392708877562,-27.650737119809083,71.34722327927545,-0.06263714283704758,0.2855672836303711,0.027341109519873737,0.022824704514334826,-1.6996792992551855,0
43.81,2,2.1952241497311418,0.10091322307633152,-28.149710466129246,2.1748698192920966,0.14314463813215245,-26.649993437374725,72.12673936635298,-0.061374764889478683,0.2600904703140259,0.027341109519873737,0.022824704514334826,-1.6996792992551855,0
43.9,2,2.202081244414544,0.10320199189825643,-27.279185280441443,2.1713992635838117,0.14484612786182766,-25.579505981186248,72.99520377979009,-0.06035519763827324,0.18509047031402587,0.027341109519873737,0.022824704514334826,-1.6996792992551855,0
44.01,2,2.19812633402226,0.10519674014093178,-26.119453952098475,2.1673869277206665,0.14672269325742973,-24.41977465284328,74.26470553357076,-0.059942033141851425,0.19269900023937225,0.017341109519873603,0.02282470451433571,-1.6996792992552099,0
44.11,2,2.1836306481888257,0.10736929765073298,-25.270076446738745,2.1628287804051136,0.1487609499380399,-23.570397147483536,75.35144848893738,-0.059942033141851425,0.19269900023937225,0.017297544519464463,0.030873569260446758,-1.8996415697558426,0
44.21,2,2.179084349892039,0.10947943153756086,-24.505998705445563,2.158221894419555,0.15073530926191428,-22.80631940619036,76.06599614126998,-0.059906672686338425,0.18539683282375335,0.017297544519464463,0.030873569260446758,-1.8996415697558426,0
44.31,2,2.1744879981989165,0.11217948434912028,-24.093376359778677,2.1533097083760815,0.15276977805665745,-22.193734790022837,77.00213405276256,-0.05942550674080849,0.21143263578414917,0.017297544519464463,0.030873569260446758,-1.8996415697558426,0
44.41,2,2.16966398832657,0.1142857613514702,-23.10679436834734,2.148418528846429,0.15471498675184336,-21.207152798591498,77.66575008479407,-0.05942550674080849,0.21143263578414917,0.017297544519464463,0.030873569260446758,-1.8996415697558426,0
44.51,2,2.165279440132244,0.1161078788147007,-21.889644420609457,2.143975989060458,0.15639075975802377,-19.99000285085361,78.7604790916907,-0.05987417325377464,0.1733415126800537,0.017297544519464834,0.030873569260445228,-1.8996415697558078,0
44.61,2,2.160960507404892,0.11780352624249293,-20.802037674721433,2.1396032210265825,0.15794230731600814,-18.90239610496559,79.47892703898536,-0.05992450192570686,0.1796896606683731,0.017297544519464834,0.030873569260445228,-1.8996415697558078,0
44.71,2,2.1562124716210396,0.11955775125402605,-19.72371447760462,2.1347996439772428,0.15953817595937722,-17.824072907848812,80.53343203014393,-0.06001661345362663,0.15312060713768005,0.017297544519464834,0.030873569260445228,-1.8996415697558078,0
44.81,2,2.150976753705655,0.1213789941764188,-18.708521405694192,2.1295064312433203,0.16118485954321687,-16.80887983593838,81.20231534886564,-0.06001802161335945,0.07774361968040466,0.007297544519464625,0.030873569260444305,-1.8996415697557822,0
44.91,2,2.1358862081165624,0.12307275473395378,-18.203681230180432,2.124362536955851,0.16270894313023898,-16.30403966042466,81.8947704651912,-0.06001415476202965,0.08943058550357819,0.01746068477267382,0.0329285839576786,-1.699679299255141,0
45.01,2,2.1302911462471976,0.12487160271134505,-17.252157513485926,2.1187109201233763,0.16432133221066322,-15.352515943730147,82.29648869692518,-0.060000862926244736,0.07675545662641525,0.01746068477267382,0.0329285839576786,-1.699679299255141,0
45.11,2,2.1340670432590856,0.1361531303494838,-16.398130393947767,2.1126133999806513,0.16595904912084006,-14.698451094692627,82.70886738937492,-0.060000862926244736,0.07675545662641525,0.01746068477267382,0.0329285839576786,-1.699679299255141,0
45.21,2,2.1285686607000542,0.13774109165165782,-15.79301617543346,2.1070703366029115,0.16738322616496834,-14.093336876178318,83.26778585509263,-0.0599992536008358,0.05598897114396095,0.01746068477267382,0.0329285839576786,-1.699679299255141,0
45.31,2,2.1228076217195877,0.13932690129773817,-15.190767992923638,2.10126479618521,0.16879746193968218,-13.491088693668495,83.72919478934429,-0.05999956652522087,0.0014792708680033684,0.017460684772673835,0.032928583957678934,-1.6996792992551462,0
45.41,2,2.116959359992353,0.14090250481360267,-14.997196049601335,2.0953723741169146,0.1701989089913107,-13.297516750346194,83.84956232379938,-0.05999986454844475,-0.013499783352017403,0.017460684772673835,0.032928583957678934,-1.6996792992551462,0
45.51,2,2.111198999940504,0.14244716019451276,-15.05091738776018,2.0895687329913444,0.17157202874511807,-13.351238088505035,83.87929117713473,-0.05999986454844475,-0.013499783352017403,0.017460684772673835,0.032928583957678934,-1.6996792992551462,0
45.61,2,2.1054307679857724,0.14399690122450182,-15.049159697771005,2.0837570725826686,0.17294999842470152,-13.349480398515853,83.84108947689205,-0.06000000610947609,-0.033616840839385986,0.017460684772673835,0.032928583957678934,-1.6996792992551462,0
45.71,2,2.0996158551047963,0.1455744868376958,-15.277028170707451,2.0778979258977186,0.17435441585002084,-13.577348871452305,83.75905163826864,-0.06000003591179848,0.02283894084393978,0.017460684772673835,0.032928583957678934,-1.6996792992551462,0
45.81,2,2.0938550852665814,0.1471366608154432,-15.088396122655483,2.072093355553121,0.1757450343384115,-13.388716823400335,83.7879973108949,-0.06000002846121788,0.09113658964633942,0.017460684772673835,0.032928583957678934,-1.6996792992551462,0
45.91,2,2.0880566943580754,0.14866954014437517,-14.389697797647214,2.066252049588823,0.1771052552014952,-12.690018498392073,84.24462471553556,-0.060000013560056686,0.037465013563632965,0.017460684772673835,0.032928583957678934,-1.6996792992551462,0
46.01,2,2.082153646814177,0.15016084330028256,-14.021114710674878,2.060307366211601,0.17842081400022755,-12.321435411419737,84.49054114497895,-0.05999999865889549,0.08017341047525406,0.017460684772673835,0.032928583957678934,-1.6996792992551462,0
46.11,2,2.0763048730456117,0.15159542704501378,-13.53109435110821,2.0544186150652313,0.17968128813825554,-11.831415051853066,84.79380519930365,-0.05999999865889549,0.10821104928851127,0.017460684772673835,0.032928583957678934,-1.6996792992551462,0
46.21,2,2.070464309502718,0.1529531200124719,-12.530954989790251,2.0485403511626252,0.18086514884956553,-10.831275690535112,85.32003074604052,-0.05999999865889549,0.11783017218112946,0.017460684772673835,0.032928583957678934,-1.6996792992551462,0
46.31,2,2.0662623645425775,0.15385938703678365,-11.714747781160757,2.044313374480021,0.18164638472439842,-10.015068481905612,86.1125807001418,-0.05999999865889549,0.11783017218112946,0.007460684772674073,0.03292858395767805,-1.6996792992551268,0
46.42,2,2.0587755100118015,0.15533571286699444,-10.509503150155556,2.0367860251867773,0.18289999604352558,-8.809823850900408,86.65089021103425,-0.05999999865889549,0.16162151098251343,0.007460684772674073,0.03292858395767805,-1.6996792992551268,0
46.51,2,2.0431863019332037,0.15631582689146822,-9.282575479278833,2.0311702053952336,0.18371389930297818,-7.582896180023708,87.24177040182619,-0.05999999865889549,0.16162151098251343,0.007460684772673575,0.03292858395767688,-1.699679299255095,0
46.61,2,2.037887860694584,0.1571094273217024,-7.835165710711083,2.025850556628166,0.1843499953625527,-6.135486411455956,88.22502363920808,-0.05999999865889549,0.17670878767967224,0.007460684772673575,0.03292858395767688,-1.699679299255095,0
46.71,2,2.0326642509634847,0.1577690367615615,-6.639894159431814,2.0206096807044824,0.18485437893538195,-4.940214860176721,89.23002459200642,-0.05999999865889549,0.17670878767967224,0.007460684772673529,0.03292858395767585,-1.699679299255068,0
46.81,2,2.027576219923782,0.15831663250723405,-5.667170879043176,2.0155076462200134,0.1852508194491337,-3.9674915797880814,89.91075144690494,-0.05999999865889549,0.21993182599544525,0.007460684772673529,0.03292858395767585,-1.699679299255068,0
46.91,2,2.022448974256425,0.15879174802847745,-4.8023370689571445,2.0103685641718165,0.1855736484965426,-3.1026577697020787,90.92433942432405,-0.05999999865889549,0.21993182599544525,0.01746068477267233,0.03292858395767509,-1.6996792992550467,0
47.0,2,2.017447310490662,0.15917292935788574,-3.7221965030231106,2.0053577949215784,0.18580630952144103,-2.022517203768042,91.63024662439908,-0.05999999865889549,0.2577432096004486,0.01746068477267233,0.03292858395767509,-1.6996792992550467,0
47.11,2,2.022805457803584,0.15941460183483502,-2.2485176349185516,2.000710816365705,0.1859101953043332,-0.5488383356635045,92.86119846203707,-0.05999999865889549,0.25563785433769226,0.00746068477267262,0.03292858395767539,-1.6996792992550551,0
47.21,2,2.018621529217626,0.15951708832759912,-0.6182669449196581,1.9965256887829816,0.18588853866738583,1.0814123543353886,93.73017644110168,-0.05999999865889549,0.21347945928573608,0.00746068477267262,0.03292858395767539,-1.6996792992550551,0
47.31,2,2.004271492299654,0.1595135692769645,0.8640966854192131,1.9921776701448082,0.1857559962457306,2.5637759846742685,94.9981081489633,-0.05239827185869217,0.08604055643081665,0.00746068477267262,0.03292858395767539,-1.6996792992550551,0
47.42,2,1.999297967828561,0.15940313660553826,1.6470203987942784,1.9872096093991385,0.18549809419684696,3.346699698049333,95.58841180254088,-0.05239827185869217,0.08604055643081665,-0.002978446518980208,0.040424636439743304,-1.899641569755732,0
47.51,2,1.9940351758723343,0.15923764313447905,1.9514246418528196,1.9819540415775294,0.18517657571222193,3.651103941107875,96.19313195254463,-0.057468149811029434,0.11054305121302604,-0.002978446518980208,0.040424636439743304,-1.899641569755732,0
47.61,2,1.9787601809689155,0.15962534662057115,2.11713537759569,1.9766981346544295,0.18482770744377522,4.016776947351423,96.5303282835941,-0.057468149811029434,0.1782410442829132,-0.002978446518980208,0.040424636439743304,-1.899641569755732,0
47.71,2,1.9730027144087097,0.15936556514361452,3.31837440462462,1.9709524437404669,0.18437721490347855,5.218015974380352,97.02522753625078,-0.05251598358154297,0.1379740834236145,-0.002978446518980208,0.040424636439743304,-1.899641569755732,0
47.81,2,1.9680630237540049,0.15904115190820814,4.217102542127406,1.9660262217748297,0.1838892345178466,6.116744111883139,97.97354274273638,-0.058843862265348434,0.23415134847164154,-0.002978446518980208,0.040424636439743304,-1.899641569755732,0
47.91,2,1.9627708955930416,0.1586150926540003,5.028018570690144,1.9607511254507235,0.1832879810508649,6.927660140445876,98.98909268448922,-0.05935540422797203,0.27936217188835144,-0.0025111097367319316,0.03302172415130628,-1.699679299255057,0
48.01,2,1.958043158184483,0.15816302297427617,5.85552927939047,1.9560409719207057,0.1826794404003986,7.7551708491462,99.79245515267833,-0.060368385165929794,0.3394046127796173,-0.0025111097367319316,0.03302172415130628,-1.699679299255057,0
48.1,2,1.9540812230006164,0.1571415402776658,6.995971247355546,1.9520500089510124,0.1820990055880904,8.695650546610603,100.65347309392118,-0.060265589505434036,0.3608427345752716,-0.0025111097367319316,0.03302172415130628,-1.699679299255057,0
48.21,2,1.9502877563961034,0.15663897864092252,8.22073971948454,1.9482731176770318,0.18148414838287086,9.920419018739599,101.97449257769361,-0.0601702518761158,0.3728868067264557,-0.0025111097367319316,0.03302172415130628,-1.699679299255057,0
48.3,2,1.946458169775621,0.15604781988638233,9.521096080167304,1.944462750126981,0.180779661697144,11.220775379422358,102.89908008444523,-0.060394287109375,0.37160661816596985,0.0074888902632683114,0.04302172415130489,-1.6996792992550243,0
48.41,2,1.9427301793403746,0.15538229783107893,10.721981825813504,1.9407561397262838,0.18000385783737816,12.421661125068566,104.33411465124897,-0.06047641858458519,0.37819620966911316,0.0074888902632683114,0.04302172415130489,-1.6996792992550243,0
48.51,2,1.9490595951967193,0.1646415725923344,12.019553987426955,1.9371091409351582,0.1791545865894858,13.71923328668198,105.3095796661057,-0.06047641858458519,0.37819620966911316,0.0074888902632683114,0.04302172415130489,-1.6996792992550243,0
48.61,2,1.945629050378832,0.16388015088575245,13.08147634802626,1.9337026897294491,0.17829174770191153,14.781155647281283,106.76124160647332,-0.06152001768350601,0.3795338571071625,0.006965288169618919,0.050314013565476164,-1.8996415697556435,0
48.71,2,1.942028640532313,0.16302122832488827,13.91761523824911,1.93012934016992,0.1773264125508444,15.617294537504131,108.22593669512625,-0.06269229203462601,0.38,0.006965288169618919,0.050314013565476164,-1.8996415697556435,0
48.8,2,1.9383471812545057,0.16266253726958735,14.599081373898477,1.9265962177603506,0.17631001510454805,16.49872294365411,109.19808775109033,-0.06269229203462601,0.38,-0.0024987388872231516,0.04305175157591001,-1.6996792992549992,0
48.91,2,1.9347463097052526,0.16169534931819365,15.484955682365003,1.9230293864079453,0.17522399367242086,17.38459725212065,110.16113741522263,-0.06256262958049774,0.38,-0.0024987388872231516,0.04305175157591001,-1.6996792992549992,0
49.0,2,1.921392326382728,0.16014923950412424,16.604158041395195,1.9195714159997324,0.17410982620583837,18.303837340650194,111.60133343261904,-0.0618855319917202,0.37999215722084045,-0.0024987388872231516,0.04305175157591001,-1.6996792992549992,0
49.11,2,1.9178803504361015,0.1590746089552993,17.50198415338829,1.9160928594704671,0.17293150097957125,19.201663452643295,113.03187939635428,-0.0618855319917202,0.37999215722084045,-0.0024987388872231516,0.04305175157591001,-1.6996792992549992,0
49.21,2,1.9143487963279138,0.15793098125747962,18.509404071184537,1.9125967798937564,0.17168362826026712,20.20908337043954,113.9997682266382,-0.0619688555598259,0.3799786865711212,-0.013051917698739451,0.05025576226759097,-1.8996415697556217,0
49.31,2,1.9108561365902959,0.1567312617081168,19.51901407194049,1.9091412412958448,0.17038084200065132,21.218693371195496,115.46277132631879,-0.062239985913038254,0.379985511302948,-0.013051917698739451,0.05025576226759097,-1.8996415697556217,0
49.41,2,1.8972303144022806,0.1560086338065241,20.370088297560343,1.9057267914436267,0.16901855665448787,22.269729867315952,116.45886682754873,-0.0630110576748848,0.37999406456947327,-0.023051917698739204,0.050255762267590334,-1.8996415697556082,0
49.51,2,1.8937926806300243,0.15469802349884748,21.361331867046882,1.9023344922388334,0.16759471275998788,23.26097343680251,117.94994650957291,-0.06365728378295898,0.3799990117549896,-0.023051917698739204,0.050255762267590334,-1.8996415697556082,0
49.61,2,1.8803372535310552,0.15331173094910966,22.340425738045504,1.8989269182711688,0.1660946383869499,24.24006730780112,118.9480503898439,-0.060692328959703445,0.38,-0.012481128526504058,0.053110407561494766,-1.6996792992549457,0
49.71,2,1.8770886278386552,0.15195105231702252,23.247141708425723,1.8957251829829844,0.16462701909928218,25.146783278181328,120.41751951854384,-0.05931403860449791,0.38,-0.012481128526504058,0.053110407561494766,-1.6996792992549457,0
49.81,2,1.8839378718734192,0.15995646454886014,24.310401778069757,1.892415502217334,0.16304806634580804,26.010081077324713,121.43289537521741,-0.055274784564971924,0.38,-0.02248112852650335,0.05311040756149448,-1.6996792992549377,0
49.91,2,1.8807620411631223,0.15849126242790434,25.210389911685123,1.8892845276356995,0.16148931167464342,26.91006921094007,122.97228520305464,-0.051308438181877136,0.38,-0.02248112852650335,0.05311040756149448,-1.6996792992549377,0
50.01,2,1.867842896049036,0.15707998329762554,26.260444556293862,1.8864085263244124,0.15999206973089064,27.960123855548797,124.03433788159344,-0.0501023605465889,0.38,-0.032481128526502666,0.053110407561493864,-1.6996792992549177,0
50.11,2,1.8649635375581464,0.15563002326884362,27.16836300634541,1.8835734414318126,0.15845734400429443,28.86804230560035,125.65564757780535,-0.03649355098605156,0.37999996542930603,-0.032481128526502666,0.053110407561493864,-1.6996792992549177,0
50.21,2,1.8523930547890348,0.15428347467088732,28.222061341370896,1.8810440291135715,0.15703514566464882,29.92174064062581,126.80350716665859,-0.03649355098605156,0.37999996542930603,-0.042481128526502106,0.06311040756149291,-1.6996792992548944,0
50.31,2,1.8501063880196522,0.15303171262543624,29.299600509924787,1.8787954964927542,0.15571611034072794,30.99927980917971,128.64279923217566,-0.022656740620732307,0.3799999952316284,-0.042481128526502106,0.06311040756149291,-1.6996792992548944,0
50.41,2,1.8382216157299622,0.1619528090217091,30.243895864198432,1.8769435544349569,0.15458177785654126,31.94357516345332,129.97516930736793,-0.019449345767498016,0.3799999952316284,-0.05248112852650201,0.05311040756149147,-1.6996792992548604,0
50.51,2,1.8368123680346544,0.16110771645310673,31.471384863095288,1.8755599927660505,0.15369525790494934,33.17106416235017,132.08200766247427,-0.017083313316106796,0.3799999952316284,-0.05248112852650201,0.05311040756149147,-1.6996792992548604,0
50.61,2,1.825582583407347,0.15033490975247663,32.71557552831474,1.8743536711603117,0.15288631500855457,34.4152548275696,133.53287484290263,-0.01482392568141222,0.3799999952316284,-0.062481128526501055,0.0631104075614899,-1.6996792992548195,0
50.71,2,1.8244291356971463,0.14957701857562986,34.22810574809281,1.873223210481313,0.15209454527602662,35.92778504734767,134.9945643149127,-0.01482392568141222,0.3799999952316284,-0.062481128526501055,0.0631104075614899,-1.6996792992548195,0
50.81,2,1.8133647557177401,0.1588401383169129,35.341388609888114,1.8721811551481624,0.1513264190240981,37.041067909142924,137.21320388049736,-0.01846558902412653,0.3799999952316284,-0.07183309508448656,0.04612396320681902,-1.4997170287541515,0
50.91,2,1.812365766076781,0.1581133173936537,36.781977604439064,1.8712041630170004,0.15057028720167662,38.481656903693896,139.45042814504026,-0.02347186580300331,0.3799999952316284,-0.07183309508448656,0.04612396320681902,-1.4997170287541515,0
51.01,2,1.801228809954363,0.14656092322893438,38.226630593437235,1.8697916583908578,0.1494243529623426,39.72634762219138,140.85457808107637,-0.028782092034816742,0.3799999952316284,-0.07183309508448656,0.04612396320681902,-1.4997170287541515,0
51.11,2,1.7997369634558624,0.14536010651533723,39.642870914549974,1.8683317507065431,0.14818490296011527,41.14258794330415,142.8411279185417,-0.012629836797714233,0.3799999952316284,-0.08250071964358639,0.0630766369387989,-1.6996792992548408,0
51.21,2,1.7984503576285773,0.14426691416956175,41.07738121376874,1.867074196642961,0.14705841202058917,42.57709824252289,144.29439564688136,-0.01224732305854559,0.3799999952316284,-0.08250071964358639,0.0630766369387989,-1.6996792992548408,0
51.31,2,1.7872716257814183,0.15394477812975405,42.278971154775334,1.866254486430097,0.14628682332717816,43.97865045403016,146.60935327882092,-0.010986580271273852,0.3799999952316284,-0.09182014417266947,0.046151014115609935,-1.4997170287541592,0
51.41,2,1.7866886272209683,0.15339863062402026,43.64717237287909,1.8656879434633797,0.14572362399623978,45.346851672133916,148.21532139358996,-0.0204781461507082,0.3799999952316284,-0.09182014417266947,0.046151014115609935,-1.4997170287541592,0
51.51,2,1.7760222397623802,0.14199336666259457,45.535008296424415,1.8646941753302428,0.1446947139856043,47.034725325178584,150.41819490365097,-0.016494758427143097,0.3799999952316284,-0.10251572257194598,0.06305410154734635,-1.6996792992548588,0
51.61,2,1.7747533593335139,0.14067243971222032,46.981448530740586,1.8634603008659465,0.14334103036032766,48.481165559494734,151.85066573651454,-0.008487323299050331,0.3799999952316284,-0.10251572257194598,0.06305410154734635,-1.6996792992548588,0
51.7,2,1.7635103920809423,0.15010803308910872,48.55450977349888,1.8626230358361662,0.14236317619347938,50.254189072753725,153.35065693081538,-0.011932820081710815,0.3799999952316284,-0.11251572257194573,0.053054101547343885,-1.6996792992547987,0
51.81,2,1.7629674346585757,0.1494773818284837,49.96242143446741,1.8620990228267147,0.14171669793324465,51.66210073372227,155.70885903936178,-0.011932820081710815,0.3799999952316284,-0.11251572257194573,0.053054101547343885,-1.6996792992547987,0
51.91,2,1.752282104405104,0.13864325751523188,51.58657781088827,1.8614387347693282,0.14086261327259691,53.2862571101431,158.05280496513421,-0.018183869533240797,0.3799999952316284,-0.12179423352792151,0.036206953456499935,-1.4997170287541461,0
52.01,2,1.7515865995332307,0.13773856562676545,53.32500819856975,1.8607703696502043,0.13993769029883374,55.02468749782455,159.58693191084012,-0.010803930461406708,0.3799999952316284,-0.12179423352792151,0.036206953456499935,-1.4997170287541461,0
52.11,2,1.7412806610498506,0.12640066967566005,54.903280585886066,1.860076155229554,0.1389232377892219,56.40299761464019,161.06818158020994,-0.013696921989321709,0.36101090908050537,-0.12179423352792151,0.036206953456499935,-1.4997170287541461,0
52.2,2,1.7406856701363602,0.12552461345733884,56.77343648215906,1.85950429628085,0.13803190955137523,58.273153510913225,163.3601079036619,-0.013696921989321709,0.36101090908050537,-0.1325286494138905,0.05302381748952257,-1.6996792992547878,0
52.3,2,1.7322031455313458,0.1319764340243838,58.63544414470438,1.858777815575759,0.1368255773976619,60.2831840007163,164.88240691074012,-0.013687917031347752,0.37715134024620056,-0.14252864941389115,0.04302381748952372,-1.699679299254822,0
52.41,2,1.728883083558825,0.1336243405442806,60.715105156743014,1.8582020966489403,0.13577574148083651,62.41478445599781,167.17222581375714,-0.013687917031347752,0.37715134024620056,-0.14252864941389115,0.04302381748952372,-1.699679299254822,0
52.51,2,1.7182806988654162,0.12250548959560859,62.86622967075076,1.85763316283461,0.13463951567620597,64.5659089700056,168.70817249944744,-0.0020212680101394653,0.38,-0.15098942197724308,0.019530080529478824,-1.299754758253535,0
52.61,2,1.717982971930739,0.12188279711752917,65.34935885021778,1.8573540363551888,0.13400826639234492,67.0490381494726,171.17966299086643,0.003054544795304537,0.38,-0.15098942197724308,0.019530080529478824,-1.299754758253535,0
52.71,2,1.7089738471452516,0.11146597377828571,68.31689304367902,1.8573993256495454,0.13410188674626364,69.61664780193253,172.8987670130235,0.009840995073318481,0.38,-0.1433025913128645,0.04965597855776583,-1.8996415697555518,0
52.81,2,1.7092324631561842,0.11213674587359228,70.523636934488,1.8576426599603124,0.13477835245726177,71.82339169274151,175.35532589352604,0.029840995073318485,0.38,-0.1433025913128645,0.04965597855776583,-1.8996415697555518,0
52.91,2,1.718283405946924,0.12419354574790686,71.5845494898422,1.8580920727319403,0.13620617962144208,73.48419105959776,177.49002003148345,0.02384800836443901,0.38,-0.14330259131286482,0.04965597855776797,-1.8996415697556113,0
53.01,2,1.7189580224087297,0.1262837745070954,72.84679887700207,1.8586970296017364,0.1383176224508752,74.7464404467576,178.81024073056432,0.01451793871819973,0.3799804151058197,-0.14330259131286482,0.04965597855776797,-1.8996415697556113,0
53.11,2,1.719364218716298,0.1276801169287909,74.15891283614128,1.8590567154216302,0.13972666244671475,76.05855440589688,-179.74876333747824,0.005578858312219381,0.3799854815006256,-0.14480860526891687,0.07296907513509937,-2.299566110756933,0
53.21,2,1.7196622704284383,0.12883088600084572,76.76776379994014,1.8593164565726465,0.1408866791771012,78.66740536969576,-177.4476177185735,0.005578858312219381,0.3799854815006256,-0.14480860526891687,0.07296907513509937,-2.299566110756933,0
53.31,2,1.7187608719082832,0.1396355522180059,79.17327627347214,1.859393802023409,0.14138707306568207,81.47284238422908,-174.95061016749514,-0.012394143268465996,0.37999972701072693,-0.15480860526891654,0.06296907513510128,-2.299566110757004,0
53.41,2,1.7187188535199742,0.13944453949919589,81.75277167021973,1.8593594817100174,0.14119452821430462,84.05233778097666,-173.30066879903242,-0.012394143268465996,0.37999972701072693,-0.15480860526891654,0.06296907513510128,-2.299566110757004,0
53.51,2,1.7085718566242314,0.12835302137639007,84.11989814423762,1.8592563995106859,0.1400979909554977,86.41946425499464,-171.72297660564226,-0.007963525131344795,0.38,-0.15324881772140597,0.049825376846721156,-1.8996415697557099,0
53.61,2,1.7085087625309627,0.12751747541891068,86.96880162734233,1.859226881861848,0.13926058626236976,89.26836773809934,-169.31782207118724,-0.0054619587026536465,0.38,-0.15324881772140597,0.049825376846721156,-1.8996415697557099,0
53.7,2,1.7095606379016866,0.1268043711093354,89.92986456314215,1.8592339280256198,0.13868682127336693,91.82950613289783,-167.66886239303597,0.003331453073769808,0.38,-0.15324881772140647,0.04982537684672402,-1.8996415697557938,0
53.81,2,1.7095656478707717,0.12688432949334294,92.28725266043725,1.8592362847067851,0.138766901789207,94.18689423019295,-165.15222529478177,-0.0016685469262301914,0.37999996542930603,-0.15243846113834736,0.043329957789324344,-1.6996792992552199,0
53.91,2,1.709538873426625,0.12738027935500726,94.83201663844223,1.859193084771965,0.13926169154433093,96.73165820819801,-162.68674656091568,-0.014787526801228523,0.3224298655986786,-0.15243846113834736,0.043329957789324344,-1.6996792992552199,0
54.01,2,1.7101339101317583,0.12665267532850005,97.37358536462135,1.8592814822400023,0.13853116355635328,99.07326466387656,-161.12611508175152,-0.014787526801228523,0.3224298655986786,-0.15075101039029126,0.03043537164048866,-1.299754758253919,0
54.11,2,1.7103540791905514,0.12506706610884893,99.1052784423184,1.8595485846291022,0.13695278232052033,100.80495774157362,-158.93872166233342,-0.012584201991558075,0.30487775802612305,-0.15075101039029126,0.03043537164048866,-1.299754758253919,0
54.21,2,1.711723871380249,0.12358165283506581,101.82965313817611,1.8598828367801667,0.1353689343133237,103.12940789643002,-157.56301257829887,0.0008916431106626987,0.32970309257507324,-0.15397847086595015,0.06608579526390433,-2.0996038402565933,0
54.31,2,1.7119487055385663,0.12260426054351672,103.36963640307134,1.8601297833326171,0.13439689342397854,104.66939116132524,-156.16125161626832,0.0008916431106626987,0.32970309257507324,-0.15397847086595015,0.06608579526390433,-2.0996038402565933,0
54.41,2,1.7098372787663612,0.13223212068123671,104.26832203501124,1.8601410819284248,0.1343861609907036,106.3679258752678,-153.9652781365592,0.0132440822198987,0.3678325116634369,-0.15321931708726957,0.059700283539462676,-1.899641569755989,0
54.5,2,1.709638587482191,0.13297734357176372,106.55465459832304,1.8599152214549273,0.13512360416104424,108.65425843857966,-152.45159901056599,0.02719990909099579,0.38,-0.15321931708726957,0.059700283539462676,-1.899641569755989,0
54.6,2,1.7096943830309068,0.13457510756338387,108.33150282702634,1.8594078662139772,0.13658726303060503,110.2311443967824,-150.3216580560801,0.02719990909099579,0.38,-0.15397244619936293,0.06604838836108996,-2.099603840256718,0
54.7,2,1.708999271123746,0.13659084119599382,109.81429460970104,1.8586463169189988,0.13857884664984602,111.71393617945701,-149.00751481468637,0.0321500301361084,0.33877697587013245,-0.15397244619936293,0.06604838836108996,-2.099603840256718,0
54.81,2,1.7076840343295745,0.138665233964421,110.96068377719361,1.8577462033087302,0.14077322846609341,113.06028761745029,-147.09645694450847,0.03024578094482422,0.37149757146835327,-0.15397244619936293,0.07604838836108983,-2.0996038402566968,0
54.91,2,1.7067849800986978,0.14091410237515958,112.65526263754461,1.8567653613204296,0.14298764862334945,114.75486647780131,-145.211667709024,0.034157946705818176,0.37366852164268494,-0.15397244619936293,0.07604838836108983,-2.0996038402566968,0
55.01,2,1.705801558716448,0.15318917566960544,114.21862414479256,1.8556992487578272,0.14522516512921613,116.31822798504926,-143.95216540984657,0.04828199952840805,0.37372127175331116,-0.1532099958444408,0.05976396418857001,-1.8996415697560363,0
55.1,2,1.704662307955804,0.1556547423999558,115.48149648529233,1.8544704323635999,0.14764733809304761,117.58110032554904,-142.75192415289465,0.0506441593170166,0.37372127175331116,-0.1532099958444408,0.05976396418857001,-1.8996415697560363,0
55.21,2,1.7037335546497718,0.14869757808872985,116.93732373322959,1.85297496385913,0.1504404224756481,118.83696530298566,-141.11375804972351,0.053350115418434145,0.3770862817764282,-0.1632099958444402,0.06976396418857186,-1.8996415697560995,0
55.31,2,1.7022370010783276,0.15156743934076974,118.12361424302985,1.8513840999402211,0.15325909737525542,120.02325581278585,-139.50000263235862,0.05503298342227936,0.3770862817764282,-0.1632099958444402,0.06976396418857186,-1.8996415697560995,0
55.41,2,1.6905966673421895,0.1645621436616107,119.30575796294072,1.8496453964611868,0.15619778057478112,121.2053995326968,-138.45615647050946,0.052245453000068665,0.3775768578052521,-0.1532099958444406,0.06976396418857383,-1.8996415697561413,0
55.51,2,1.6889648923832088,0.16739429391255606,120.55041881491097,1.8479206355484468,0.1589742827546058,122.45006038466707,-137.40615188980362,0.06876175105571747,0.38,-0.1532099958444406,0.06976396418857383,-1.8996415697561413,0
55.61,2,1.6971730094401047,0.17036741428804714,121.66878063567779,1.8460311816349642,0.1618863701773605,123.56842220543393,-135.86012859773152,0.050936922430992126,0.35946908593177795,-0.1432099958444415,0.06976396418857422,-1.8996415697561744,0
55.71,2,1.6952670963173082,0.17339283322997162,122.88857981133506,1.8440260265688035,0.1648469474464846,124.7882213810912,-134.86528452674398,0.045586515218019485,0.35920968651771545,-0.1432099958444415,0.06976396418857422,-1.8996415697561744,0
55.81,2,1.70339231483141,0.1762339645155257,123.96480061349152,1.842058094968212,0.16762437031976374,125.8644421832477,-133.30745392899152,0.045586515218019485,0.35920968651771545,-0.14320999584444127,0.05976396418857394,-1.899641569756166,0
55.91,2,1.7016259004945389,0.1787898067045269,125.1655719037384,1.8402079279877512,0.17012025313932805,127.06521347349458,-132.22134412779582,0.04785007983446121,0.348404198884964,-0.14320999584444127,0.05976396418857394,-1.899641569756166,0
56.0,2,1.6997248248204926,0.17142726004976577,126.43755862676001,1.8382204683546624,0.17269323838483652,128.33720019651616,-130.59578382673072,0.04785007983446121,0.348404198884964,-0.1332099958444422,0.05976396418857426,-1.8996415697561726,0
56.1,2,1.6978762347274443,0.17388125761640805,127.58507202367089,1.836291546819757,0.1750846085154062,129.48471359342705,-129.5120832089791,0.06785007983446122,0.3761260509490967,-0.1332099958444422,0.05976396418857426,-1.8996415697561726,0
56.21,2,1.7056666720866014,0.17669387391879615,128.81967712079947,1.8339899632931993,0.1778224344409434,130.71931869055564,-127.94087510015974,0.07436182349920273,0.3761260509490967,-0.13320999584444157,0.05976396418857369,-1.8996415697561488,0
56.31,2,1.7032868725430876,0.1796064138627284,129.87082932644105,1.8315149240607964,0.18065448592182723,131.77047089619722,-126.46921302860164,0.07059825956821442,0.34885188937187195,-0.13320999584444157,0.05976396418857369,-1.8996415697561488,0
56.41,2,1.7007755149494657,0.18255859168581295,130.88153390421778,1.8289070851263953,0.18352179248973677,132.78117547397392,-125.50667012108032,0.07238241285085678,0.37659475207328796,-0.1332099958444411,0.05976396418857412,-1.899641569756172,0
56.51,2,1.6981978518289909,0.18547468961412292,131.95733030398534,1.8262341731148757,0.18635084103453456,133.85697187374151,-124.06099375447869,0.07814846187829971,0.37644270062446594,-0.1332099958444411,0.05976396418857412,-1.899641569756172,0
56.61,2,1.695546433520336,0.18836388808363747,132.99484684135504,1.8234884381374756,0.18915055999857414,134.8944884111112,-123.10017172399678,0.07814846187829971,0.37644270062446594,-0.12320999584444135,0.05976396418857465,-1.899641569756183,0
56.7,2,1.6926544911303956,0.19141879265674644,133.9279857667757,1.8204968182858412,0.19210792088301862,135.82762733653186,-122.22079943906495,0.07918823510408401,0.38,-0.12320999584444135,0.05976396418857465,-1.899641569756183,0
56.81,2,1.6998207577026632,0.1943242139007231,134.71772334934457,1.817568330617949,0.1949178101554634,136.6173649191007,-120.8940238056922,0.07766889035701752,0.38,-0.12320999584444114,0.05976396418857441,-1.899641569756178,0
56.9,2,1.6966757523842817,0.19744789353109551,135.7024537445351,1.8143215070960672,0.1979355195357065,137.60209531429126,-120.0104713111005,0.07795531302690506,0.38,-0.12320999584444114,0.05976396418857441,-1.899641569756178,0
57.01,2,1.6936089547657067,0.20039186459467703,136.6499928947858,1.8111588054388543,0.20077621161405038,138.549634464542,-118.67944186384688,0.07694830000400543,0.38,-0.1123483468990837,0.05379487572567219,-1.6996792992555174,0
57.11,2,1.6905577859206278,0.20321298721921324,137.74729795458535,1.8080157962597478,0.2034946408450411,139.64693952434152,-117.77796486318314,0.07712579518556595,0.38,-0.1123483468990837,0.05379487572567219,-1.6996792992555174,0
57.21,2,1.6978273711952938,0.2062996699809256,139.0293615851789,1.8048558969084294,0.20612868321561176,140.72904088443443,-116.41935380917629,0.07161148637533188,0.38,-0.11321644552485384,0.05972812850859321,-1.8996415697562026,0
57.3,2,1.6947583037707354,0.20891919553104815,140.1312926290131,1.801710482964688,0.20865602571055522,141.83097192826864,-115.5166117460622,0.07779186218976974,0.38,-0.11321644552485384,0.05972812850859321,-1.8996415697562026,0
57.41,2,1.6913105208488413,0.21112047078590906,140.92619517291715,1.7985167469026735,0.2111272715228584,142.82583674267335,-114.147635547496,0.07442032545804977,0.3798656463623047,-0.10234512645468752,0.053827932597914185,-1.699679299255535,0
57.51,2,1.6882374401944413,0.21357102742504475,141.91421067862711,1.7953641218209084,0.2134746120699209,143.81385224838334,-113.2592717684018,0.07442032545804977,0.3798656463623047,-0.10234512645468752,0.053827932597914185,-1.699679299255535,0
57.6,2,1.6952738004706747,0.216460012995721,143.20523255667717,1.7920042485168428,0.21587907103838364,144.9049118559327,-111.89186206077856,0.07717613130807877,0.38,-0.09321918573762632,0.05969230894834866,-1.8996415697562148,0
57.7,2,1.692050884264914,0.21882056300990438,144.2631728014819,1.7887127348638785,0.21814298868511145,145.96285210073742,-110.96715592354597,0.07830516248941422,0.38,-0.09321918573762632,0.05969230894834866,-1.8996415697562148,0
57.81,2,1.6985022854635583,0.2207256754330686,145.15093107792492,1.7853986997331126,0.22033850883595144,147.05057264768115,-109.56350730015271,0.07854638248682022,0.37538087368011475,-0.0932191857376264,0.06969230894834758,-1.899641569756176,0
57.91,2,1.6951276504145776,0.22304855321649492,145.9320889058807,1.7819489184009698,0.22254824449230157,147.83173047563693,-108.64582875599228,0.07901658862829208,0.38,-0.0932191857376264,0.06969230894834758,-1.899641569756176,0
58.01,2,1.691555595031412,0.23542907849627728,146.7561154014374,1.7782999142796587,0.22480905169123225,148.6557569711936,-107.31794387852175,0.07860485464334488,0.3675062358379364,-0.08407666452380959,0.06549264245878791,-2.099603840256797,0
58.11,2,1.6879633676305603,0.23774327741834683,147.59163346329257,1.7746329478742575,0.22700290030314643,149.49127503304877,-105.9917332912774,0.0787442997097969,0.3780094087123871,-0.08407666452380959,0.06549264245878791,-2.099603840256797,0
58.21,2,1.6940431204209276,0.22961288154745246,148.32416650710653,1.7709131988854907,0.22915467375464527,150.42377034736333,-105.10550321179448,0.07889754325151443,0.3778601586818695,-0.08407666452380959,0.06549264245878791,-2.099603840256797,0
58.31,2,1.6903905826828096,0.23182721638628334,149.30826756521634,1.7671819871485661,0.23123370470224366,151.40787140547314,-104.22380840981724,0.07803726941347122,0.3776402175426483,-0.08407666452380959,0.06549264245878791,-2.099603840256797,0
58.41,2,1.6867093607520158,0.2339779044292205,150.23781546481985,1.7634244422910526,0.2332480806864049,152.33741930507665,-102.89699825463705,0.07883123308420181,0.378496915102005,-0.08407666452380877,0.07549264245878672,-2.0996038402567616,0
58.5,2,1.6829439863407443,0.23609302347177832,151.18259583633625,1.759584104583391,0.2352238284720201,153.28219967659302,-102.004866600265,0.07895982265472412,0.37466365098953247,-0.08407666452380877,0.07549264245878672,-2.0996038402567616,0
58.61,2,1.6791338588861346,0.24814584295561842,152.14536085006074,1.7557013263338899,0.23713567891565,154.24496469031752,-100.66877423686591,0.07895982265472412,0.37466365098953247,-0.07321585461527201,0.06979371689019614,-1.8996415697561384,0
58.71,2,1.6753487336106805,0.25010361842779405,153.10998956714482,1.7518470155866164,0.23895346515549987,155.20959340740157,-99.78289163701463,0.07839620858430862,0.3662656843662262,-0.07321585461527201,0.06979371689019614,-1.8996415697561384,0
58.8,2,1.6817734224457608,0.25242470240401355,154.21899262556138,1.7479707548739316,0.24070662553077252,156.1186341953175,-98.46925935964876,0.07899200171232224,0.36527636647224426,-0.0740748945661527,0.0754566732267793,-2.099603840256777,0
58.91,2,1.6779765432400098,0.25422167824182784,155.1920913510712,1.7441163945252538,0.24237675132462524,157.09173292082735,-97.16501920153044,0.07995340973138809,0.35180768370628357,-0.0740748945661527,0.0754566732267793,-2.099603840256777,0
59.0,2,1.6739496834709535,0.2555159628813793,155.81196948536729,1.740254240688938,0.2439804315450111,157.91157332562406,-96.29741541311584,0.08006032556295395,0.36022618412971497,-0.06321842210881248,0.0798263423123495,-1.899641569756171,0
59.11,2,1.6700757995624234,0.2572241992786223,156.66656084422723,1.736320373209898,0.24554559440650034,158.766164684484,-94.99079900821955,0.08006145060062408,0.34886953234672546,-0.06321842210881248,0.0798263423123495,-1.899641569756171,0
59.21,2,1.676382325888002,0.2693112113240358,157.788007118562,1.7323634841090587,0.2470466290823966,159.6876486883182,-94.12146048400997,0.07801251858472824,0.34953540563583374,-0.06321842210881197,0.07982634231235045,-1.8996415697562068,0
59.3,2,1.6724597281066247,0.27087719474085914,158.69525714335035,1.7283911314274292,0.24848172196753773,160.59489871310652,-93.2495940009925,0.07801251858472824,0.34953540563583374,-0.06321842210881197,0.07982634231235045,-1.8996415697562068,0
59.41,2,1.6685016353286781,0.27238265443104837,159.6885264443416,1.724385309552989,0.24985514776745682,161.5881680140978,-91.93561428919004,0.07953374832868576,0.3636643588542938,-0.053218422108812814,0.07982634231235168,-1.8996415697562463,0
59.51,2,1.6645439746904196,0.27381166839573035,160.6901959748177,1.7203824536744452,0.25115218417962204,162.58983754457392,-90.63133653285657,0.07847505062818527,0.35529378056526184,-0.053218422108812814,0.07982634231235168,-1.8996415697562463,0
59.61,2,1.6705911369179736,0.2751628440992633,161.6582974901689,1.7163869982659423,0.2523715849815524,163.55793905992513,-89.76976684127531,0.07885350286960602,0.38,-0.05321842210881276,0.07982634231235229,-1.8996415697562745,0
59.71,2,1.6665491045381977,0.2764675702665217,162.61525852189922,1.7123039370216258,0.253541605069348,164.51490009165548,-88.45615266232886,0.08041775226593018,0.305,-0.05321842210881276,0.07982634231235229,-1.8996415697562745,0
59.81,2,1.662494537081103,0.27770227848394036,163.5110695047,1.7082106686088168,0.2546412301631846,165.41071107445626,-87.58909374704345,0.08010555058717728,0.29578322172164917,-0.04321842210881344,0.07982634231235292,-1.8996415697562887,0
59.91,2,1.6579785854974314,0.27900608330614335,164.31945153467237,1.7036539791571395,0.25579461949963594,166.21909310442865,-86.47096161846626,0.08018577843904495,0.29697009921073914,-0.04321842210881344,0.07982634231235292,-1.8996415697562887,0
60.0,2,1.663124121046063,0.28033691515755843,165.10329424196993,1.698758066959547,0.25696379967385996,167.00293581172622,-85.77705508157746,0.08018577843904495,0.29697009921073914,-0.043218422108812764,0.08982634231235288,-1.8996415697562847,0
60.1,2,1.6581396526912715,0.2816264335402761,165.95776028802243,1.693733591802761,0.25808737959452577,167.8574018577787,-85.0877535303392,0.0800115242600441,0.3070647418498993,-0.043218422108812764,0.08982634231235288,-1.8996415697562847,0
60.21,2,1.653428537871521,0.292770765256155,166.74852349544722,1.6889871327343717,0.2590749140156726,168.6481650652035,-84.033140175348,0.07999051362276077,0.3335389196872711,-0.043218422108812764,0.08982634231235288,-1.8996415697562847,0
60.31,2,1.6483442754208153,0.29392090346023003,167.7094880883739,1.6838675386294109,0.26005588229068505,169.60912965813017,-83.32831567507934,0.07999051362276077,0.3335389196872711,-0.043218422108812764,0.08982634231235288,-1.8996415697562847,0
60.41,2,1.6438581861170054,0.29485955196483726,168.69462882567862,1.679352799585748,0.2608453058934388,170.5942703954349,-82.24324653397024,0.07999167591333389,0.3272798955440521,-0.04321842210881306,0.0798263423123521,-1.899641569756256,0
60.51,2,1.6390334690525201,0.29577574720247063,169.83664086676453,1.6745003631850115,0.26160106342241674,171.7362824365208,-81.03862808680648,0.07999860495328903,0.28802579641342163,-0.04321842210881306,0.0798263423123521,-1.899641569756256,0
60.61,2,1.6348961114404514,0.28647895418510577,170.8753141600006,1.6703419688118881,0.26216673497742216,172.77495572975687,-80.1685965788748,0.07999860495328903,0.28802579641342163,-0.042397133026082376,0.08447982606584017,-1.6996792992555576,0
60.71,2,1.6302320739074432,0.2871833224269989,171.9921075154484,1.6656571454743228,0.26271610827973896,173.89174908520465,-78.90907229026978,0.08000040054321289,0.21747690439224243,-0.042397133026082376,0.08447982606584017,-1.6996792992555576,0
60.81,2,1.6257812315452091,0.2982680809849033,172.99166337493378,1.661103311274624,0.26317344706023416,174.69134267418934,-78.15356109036897,0.08000040054321289,0.21747690439224243,-0.043203107685215486,0.08979120925233448,-1.8996415697562243,0
60.91,2,1.6203893160822416,0.29890010166417913,173.7379022325859,1.655695021969744,0.26364526195353105,175.43758153184146,-77.13606927235962,0.06486088782548904,0.2775118947029114,-0.043203107685215486,0.08979120925233448,-1.8996415697562243,0
61.01,2,1.61568871074548,0.298891541752571,174.43435587838212,1.6510486787389609,0.26397589803302185,176.33399744813835,-76.27910733974558,0.06625985354185104,0.32068270444869995,-0.043203107685215486,0.08979120925233448,-1.8996415697562243,0
61.11,2,1.6114509343514392,0.2992684062673718,175.4214883022722,1.6468007386740138,0.2642120776956218,177.32112987202842,-75.39339367620009,0.049182385206222534,0.35995787382125854,-0.043203107685215486,0.08979120925233448,-1.8996415697562243,0
61.21,2,1.6074760205241512,0.2995464882340224,176.64592200257846,1.6428187912480696,0.2643582427104389,178.5455635723347,-73.99794226433013,0.049182385206222534,0.35995787382125854,-0.05320310768521517,0.08979120925233493,-1.8996415697562403,0
61.31,2,1.6040049323269385,0.29971668745787283,177.74247641730383,1.6393439687584526,0.264413285550842,179.6421179870601,-72.98654620298879,0.023230083882808686,0.20995787382125852,-0.05320310768521517,0.08979120925233493,-1.8996415697562403,0
61.41,2,1.5907079040416383,0.29980822698627735,179.06940317237974,1.6360457180059083,0.26439548182447875,-179.03095525786404,-71.50530310808334,0.0317734444886446,0.059957873821258514,-0.042441639065771614,0.08457498011523859,-1.6996792992555778,0
61.51,2,1.5881808205402559,0.29983097866535663,179.5943473006984,1.6335192691369242,0.26433445089568364,-178.50601112954539,-70.82396305910137,0.051773444488644606,-0.05466586351394653,-0.042441639065771614,0.08457498011523859,-1.6996792992555778,0
61.61,2,1.5942949437644471,0.30036222062286977,179.79008133670908,1.6296160718847583,0.2642389694869579,-178.51023936403536,-70.64478745174847,0.0717734444886446,-0.13741850852966309,-0.04318747389663316,0.0897696739756367,-1.899641569756284,0
61.7,2,1.588465233028965,0.30040109842559437,179.51589075598494,1.6237877729286583,0.26410491717902845,-178.7844299447595,-70.97520280539668,0.08272095024585724,-0.13741850852966309,-0.04318747389663316,0.0897696739756367,-1.899641569756284,0
61.81,2,1.582192687696307,0.3000054932335553,178.71647855627694,1.6175177989592948,0.2639998853197093,-179.3838798739668,-71.56153475281187,0.08244454860687256,-0.10824845731258392,-0.04318747389663316,0.0897696739756367,-1.899641569756284,0
61.91,2,1.5756108089363172,0.3001727146790914,178.39636763211675,1.6109339942349599,0.26394883265202623,-179.703990798127,-71.90728528403585,0.08153155446052551,-0.07022963464260101,-0.04318747389663316,0.0897696739756367,-1.899641569756284,0
62.01,2,1.5685377439053825,0.30039572522811536,178.03290890527734,1.6038574238353278,0.2639372561300744,179.93255047503362,-72.28763038083791,0.0804893895983696,-0.059878330677747726,-0.04318747389663316,0.0897696739756367,-1.899641569756284,0
62.11,2,1.5611724927271218,0.30066486483423105,177.81003956231694,1.5964872987383567,0.26396209765677353,179.70968113207323,-72.54884493378172,0.07824481278657913,0.007151253521442413,-0.04318747389663316,0.0897696739756367,-1.899641569756284,0
62.21,2,1.5534304909850096,0.30097481298243856,177.6866833395199,1.5887392773715094,0.26401523642156555,179.58632490927621,-72.55120024112844,0.07824481278657913,0.007151253521442413,-0.04318747389663316,0.0897696739756367,-1.899641569756284,0
62.31,2,1.5454465523910141,0.301291526664537,177.7308544799716,1.5807492278454451,0.2640671170552597,179.6304960497279,-72.50914283293837,0.07959414273500443,-0.06314709782600403,-0.04318747389663316,0.0897696739756367,-1.899641569756284,0
62.41,2,1.5377521683265514,0.30160392617016996,177.5236393274337,1.5730487167268166,0.2641242843051429,179.42328089718998,-72.67605624905103,0.0796799287199974,-0.020458001643419266,-0.04318747389663316,0.0897696739756367,-1.899641569756284,0
62.5,2,1.5300814367838977,0.3019468202718474,177.42942923420583,1.5653708342680144,0.2642127134476482,179.3290708039621,-72.79283926980294,0.0800105556845665,0.011432765051722527,-0.04318747389663316,0.0897696739756367,-1.899641569756284,0
62.6,2,1.5220334846672317,0.3023099229785312,177.43852324436776,1.5573152686532723,0.2643088356320737,179.33816481412404,-72.78283641368913,0.08003877848386765,-0.02567589096724987,-0.04318747389663316,0.0897696739756367,-1.899641569756284,0
62.71,2,1.5139683805012467,0.30267111465268415,177.40046136706036,1.5492426237642538,0.26440247926221294,179.30010293681664,-72.82010669324713,0.08004290610551834,-0.025613470003008842,-0.042413371565426246,0.07484013190257185,-1.6996792992555654,0
62.81,2,1.5058806028475815,0.3030409482918624,177.2650759471639,1.541147031376515,0.264504008506189,179.16471751692018,-72.9516846726296,0.08001945912837982,-0.050731196999549866,-0.042413371565426246,0.07484013190257185,-1.6996792992555654,0
62.91,2,1.498179359011504,0.29386303364827426,177.34713719197407,1.5334185485987837,0.2646215180381036,179.04681649122963,-73.10483145026637,0.08000544458627701,-0.06560087203979492,-0.042413371565426246,0.07484013190257185,-1.6996792992555654,0
63.01,2,1.490805328850572,0.29423274909568753,177.01801945665775,1.5260367968180477,0.2647723522981215,178.71769875591332,-73.40847542828796,0.07999905198812485,-0.14093351364135742,-0.042413371565426246,0.07484013190257185,-1.6996792992555654,0
63.11,2,1.4841704951001582,0.29459701972851426,176.570313849157,1.5193940777174781,0.2649396691845989,178.26999314841257,-73.95576039165101,0.07999792695045471,-0.16609326004981995,-0.042413371565426246,0.07484013190257185,-1.6996792992555654,0
63.2,2,1.4784375846165476,0.29497238479129056,175.8019511452828,1.5136525559930682,0.2651448272494467,177.50163044453836,-74.42674870959186,0.07999861240386963,-0.15355812013149261,-0.042413371565426246,0.07484013190257185,-1.6996792992555654,0
63.31,2,1.472539209217287,0.29542596947399524,175.35006407017326,1.5077433221085312,0.26542326272280725,177.04974336942882,-75.15392691164203,0.07999943941831589,-0.1279059648513794,-0.05321301255296265,0.07961727173476936,-1.8996415697561806,0
63.41,2,1.4666702201586177,0.29593075966326277,174.80736152951388,1.5018619428467934,0.26575375279158847,176.50704082876945,-75.58807172623729,0.07999991625547409,-0.13946767151355743,-0.05321301255296265,0.07961727173476936,-1.8996415697561806,0
63.51,2,1.4498460468810563,0.2961277381743009,173.92628672124096,1.495055923808538,0.2662162709331269,175.82592829099713,-76.0270841095291,0.08000007271766663,-0.07483188807964325,-0.05321301255296265,0.07961727173476936,-1.8996415697561806,0
63.6,2,1.443221755371814,0.2968486533773783,173.61322663488025,1.4884113752905908,0.2667172017887278,175.51286820463645,-76.56780417897271,0.08000008016824722,5.9604644775390625e-06,-0.05321301255296265,0.07961727173476936,-1.8996415697561806,0
63.7,2,1.4359690276268773,0.2976735164491523,173.46435266825995,1.4811352901506287,0.26730119139940467,175.36399423801612,-76.68660969081442,0.08000004291534424,-0.00098332017660141,-0.05321301255296265,0.07961727173476936,-1.8996415697561806,0
63.81,2,1.4279018313245162,0.29859596442857195,173.417933466248,1.4730419492312712,0.2679557135293676,175.31757503600417,-76.70925367862901,0.08000000566244125,0.017061371356248856,-0.05321301255296265,0.07961727173476936,-1.8996415697561806,0
63.91,2,1.4199431014188355,0.29950531672654224,173.56051860538003,1.4650574492057686,0.26860074271952333,175.4601601751362,-76.67119651777041,0.07999999076128006,0.04201696068048477,-0.05321301255296265,0.07961727173476936,-1.8996415697561806,0
64.01,2,1.412338167755427,0.30035653431547316,173.67502183923818,1.4574284780875495,0.26919939711558744,175.57466340899435,-76.48704306516142,0.07999999076128006,0.05943164601922035,-0.05321301255296265,0.07961727173476936,-1.8996415697561806,0
64.11,2,1.4049734628717512,0.3011499533501674,173.98613059157094,1.4500415196849306,0.2697482480482035,175.8857721613271,-76.20638704366941,0.07999999076128006,0.044080983847379684,-0.05321301255296265,0.07961727173476936,-1.8996415697561806,0
64.21,2,1.3973850444262663,0.3019422490998404,174.25295152761004,1.4424310079039484,0.2702885604488151,176.15259309736624,-76.05278136208179,0.07999999076128006,0.036029696464538574,-0.04321301255296321,0.0796172717347687,-1.8996415697561528,0
64.31,2,1.3896505642053618,0.30271540784890577,174.33068854169983,1.434675148990708,0.2708049045750775,176.230330111456,-75.89198411418812,0.07999999076128006,-0.013076645322144032,-0.04321301255296321,0.0796172717347687,-1.8996415697561528,0
64.41,2,1.3917331851576489,0.30349623051866714,174.2658098282436,1.4267362377168469,0.27132284551044145,176.16545139799973,-75.92919760715517,0.07999999076128006,0.004177044611424208,-0.04321301255296321,0.0796172717347687,-1.8996415697561528,0
64.51,2,1.3837176760900503,0.3042935994413213,174.38093539478737,1.418698701862555,0.2718540707004921,176.2805769645435,-75.96998975435488,0.07999999076128006,-0.073638916015625,-0.04321301255296321,0.0796172717347687,-1.8996415697561528,0
64.61,2,1.3761802824272158,0.3050660576142477,174.05592579270296,1.4111398444165575,0.2723762478433727,175.9555673624591,-76.17670471233332,0.07999999076128006,-0.09023614227771759,-0.04321301255296321,0.0796172717347687,-1.8996415697561528,0
64.71,2,1.3693489720193848,0.3058071608290275,173.51433021208106,1.4042877215618708,0.2728904931616577,175.4139717818372,-76.6400434172686,0.07999999076128006,-0.1036449447274208,-0.04321301255296321,0.0796172717347687,-1.8996415697561528,0
64.81,2,1.362730496888008,0.30659447528180556,172.89289601980704,1.3976467851614265,0.27345797958216067,174.79253758956318,-76.98307423550881,0.07999999076128006,-0.09253714233636856,-0.04321301255296321,0.0796172717347687,-1.8996415697561528,0
64.91,2,1.3560725353196654,0.30743907710263774,172.40299723089464,1.3909644850101137,0.2740814129539384,174.30263880065078,-77.47282459135822,0.07999999076128006,-0.0526866614818573,-0.04321301255296321,0.0796172717347687,-1.8996415697561528,0
65.01,2,1.3489280387990963,0.30841955365380896,172.08370621264777,1.3837914131934446,0.27482451827132703,173.98334778240394,-77.71313228624444,0.07999999076128006,-0.032054778188467026,-0.04321301255296321,0.0796172717347687,-1.8996415697561528,0
65.1,2,1.341235165683289,0.3095056473184222,171.8412741389379,1.3760667650626366,0.2756550045622593,173.74091570869405,-77.86843022824706,0.07999999076128006,0.0528872087597847,-0.05233360994578558,0.06528673415084185,-1.6996792992554774,0
65.21,2,1.3337540493201725,0.3105701965143075,171.98561870014572,1.3685544714839495,0.27647097773373425,173.8852602699019,-77.77708725078791,0.07999999076128006,0.058672722429037094,-0.05233360994578558,0.06528673415084185,-1.6996792992554774,0
65.31,2,1.3165007984222654,0.30201623683484646,172.5684091604752,1.3612106062793947,0.27722586518182396,174.26808845973068,-77.57257464601174,0.07999999076128006,0.13249297440052032,-0.05233360994578558,0.06528673415084185,-1.6996792992554774,0
65.41,2,1.3096289203187585,0.3028944381374885,173.11161030168626,1.3543157036017044,0.27789985573264603,174.81128960094173,-77.11008222353978,0.07999999076128006,0.1271292120218277,-0.05233360994578558,0.06528673415084185,-1.6996792992554774,0
65.51,2,1.3034066399840778,0.30360189439881646,173.91255876414886,1.3480751772955955,0.27842244385709053,175.61223806340433,-76.48152038771515,0.07999999076128006,0.12969449162483215,-0.05233360994578558,0.06528673415084185,-1.6996792992554774,0
65.61,2,1.297213300314885,0.30423756406694813,174.45435689315988,1.341865708158801,0.27887413537149086,176.1540361924154,-76.04908854631739,0.07999999076128006,0.09795404970645905,-0.05233360994578558,0.06528673415084185,-1.6996792992554774,0
65.71,2,1.290694732563095,0.3048260194422703,175.31971202004374,1.3353325544378396,0.2792689868900468,177.01939131929925,-75.67774015407592,0.07999999076128006,0.13086289167404175,-0.05233360994578558,0.06528673415084185,-1.6996792992554774,0
65.8,2,1.284430587590336,0.3053098587794584,175.9020093308529,1.3290568145361548,0.279566814743603,177.60168863010838,-75.05714970690033,0.07999999076128006,0.08626328408718109,-0.04233360994578584,0.07528673415084215,-1.6996792992554857,0
65.91,2,1.2777823677314615,0.3057544744087128,176.55744462707648,1.322398332131903,0.27981404423614287,178.25712392633199,-74.69305120750596,0.07999999076128006,0.06994423270225525,-0.04233360994578584,0.07528673415084215,-1.6996792992554857,0
66.01,2,1.28084075327628,0.31615075173526747,176.83619548401794,1.3154480179627357,0.2800042544193547,178.53587478327344,-74.24349401277158,0.07999999076128006,0.07581253349781036,-0.04233360994578584,0.07528673415084215,-1.6996792992554857,0
66.11,2,1.2737285427751215,0.3165073878654298,177.54151414559817,1.3083283585890129,0.2801497808577784,179.24119344485365,-73.96781588236915,0.07999999076128006,0.07320444285869598,-0.04233360994578584,0.07528673415084215,-1.6996792992554857,0
66.21,2,1.2670917001884805,0.31677668662465125,177.79668624073796,1.3016864484634845,0.2802221080724041,179.49636553999343,-73.53007627119644,0.07999999076128006,0.10338737815618515,-0.04233360994578584,0.07528673415084215,-1.6996792992554857,0
66.32,2,1.2598398908834905,0.31701111332994497,178.5595752637871,1.2944308765166397,0.28024133826375164,-179.74074543695744,-73.22817569313818,0.07999999076128006,0.12461782246828079,-0.04233360994578584,0.07528673415084215,-1.6996792992554857,0
66.41,2,1.2532725397396312,0.31714740725440577,179.14463287935305,1.2878623722692306,0.28018278032357663,-179.15568782139147,-72.66189650181434,0.07999999076128006,0.10755409300327301,-0.0414695384263934,0.07127349654112668,-1.4997170287548447,0
66.51,2,1.246762663970349,0.31768519970404385,-179.83390583963123,1.281341834065141,0.28004292353528915,-178.33418881087638,-72.06773160723057,0.07999999076128006,0.175540030002594,-0.0414695384263934,0.07127349654112668,-1.4997170287548447,0
66.61,2,1.2405684313854812,0.31763200662001556,-179.14835313690847,1.2751511154583393,0.27982763314761533,-177.64863610815362,-71.59288137393335,0.07999999076128006,0.15476153790950775,-0.0414695384263934,0.07127349654112668,-1.4997170287548447,0
66.71,2,1.2349807956531882,0.3175139516068349,-178.39749412091427,1.2695684834840733,0.2795633789085991,-176.89777709215943,-71.09510005867905,0.07999999076128006,0.27476153790950775,-0.0414695384263934,0.07127349654112668,-1.4997170287548447,0
66.81,2,1.2291198031356714,0.31730666175420846,-177.5047462854743,1.263714923817009,0.2792027661003027,-176.00502925671947,-70.31130996805152,0.07999999076128006,0.15862077474594116,-0.04230702091263866,0.07519899275721693,-1.699679299255478,0
66.91,2,1.2234502802485694,0.31698845705499323,-176.4227744762682,1.2580546930440129,0.278750905850849,-174.9170727425861,-69.4135803965687,0.07999999076128006,0.0872441977262497,-0.04230702091263866,0.07519899275721693,-1.699679299255478,0
67.01,2,1.2178546605188456,0.3161607320976255,-176.15187182338005,1.2524601616133715,0.27823293612652583,-174.45219252412454,-68.9319979437051,0.07999999076128006,0.06515795737504959,-0.042307020912638875,0.07519899275721706,-1.6996792992554834,0
67.11,2,1.210861269577947,0.31565978436849784,-175.58173205940878,1.2454847060164744,0.27752478028543087,-173.8820527601533,-68.48633519025286,0.07999999076128006,0.02828223817050457,-0.042307020912638875,0.07519899275721706,-1.6996792992554834,0
67.2,2,1.2034946383261413,0.31508388082464367,-175.46726947187324,1.2381383975627762,0.2767306310582543,-173.76759017261776,-68.29872472309026,0.07999999076128006,0.02826675772666931,-0.042307020912638875,0.07519899275721706,-1.6996792992554834,0
67.31,2,1.19559294446255,0.31443492929836625,-175.28107019946313,1.2302594285614332,0.2758475956833935,-173.58139090020765,-68.10022063578526,0.07999999076128006,0.1217442974448204,-0.042307020912638875,0.07519899275721706,-1.6996792992554834,0
67.41,2,1.18808050429965,0.3137920679211417,-174.7982939286424,1.2227693613615593,0.2749821932955705,-173.09861462938693,-67.85324144602784,0.07999999076128006,0.07604048401117325,-0.042307020912638875,0.07519899275721706,-1.6996792992554834,0
67.51,2,1.1814217918585166,0.313163646406928,-174.46590395885877,1.2161322179698706,0.2741565465361187,-172.7662246596033,-67.36726437756391,0.07999999076128006,0.12402306497097015,-0.04230702091263863,0.07519899275721727,-1.6996792992554903,0
67.61,2,1.1746048138559755,0.3124733261412469,-173.77565982144026,1.2093387146066388,0.2732643339997238,-172.07598052218478,-67.01874921684616,0.07999999076128006,0.24402306497097015,-0.04230702091263863,0.07519899275721727,-1.6996792992554903,0
67.71,2,1.168842462969092,0.31181282683471745,-173.21696685872897,1.203598489841707,0.2724332102270206,-171.51728755947346,-66.22284371092573,0.07999999076128006,0.15694750845432281,-0.04230702091263863,0.07519899275721727,-1.6996792992554903,0
67.81,2,1.1633852037956816,0.31113425465891753,-172.62296619246385,1.19816375861091,0.2715930707549435,-170.92328689320837,-65.66762163652324,0.07999999076128006,0.12362731993198395,-0.04230702091263863,0.07519899275721727,-1.6996792992554903,0
67.91,2,1.1572377379830132,0.3103134425773823,-171.96563331777725,1.19204334334168,0.27059028198192253,-170.26595401852177,-64.98333733493426,0.07999999076128006,0.1357605904340744,-0.04230702091263863,0.07519899275721727,-1.6996792992554903,0
68.01,2,1.1511539858106836,0.3094197783330064,-171.2934382460849,1.1859887745229036,0.2695165628870466,-169.5937589468294,-64.49402348502787,0.07999999076128006,0.05193985253572464,-0.04230702091263863,0.07519899275721727,-1.6996792992554903,0
68.11,2,1.1444264817856544,0.3083745043953188,-170.92403940283248,1.1792952339273444,0.26827220670524266,-169.224360103577,-64.00000769427503,0.07999999076128006,0.07829105108976364,-0.0523070209126388,0.07519899275721723,-1.6996792992554912,0
68.21,2,1.1274496574933066,0.30722944294049304,-170.5794066068871,1.1723554425214104,0.2669207119091948,-168.8797273076316,-63.68131339757777,0.07892816513776779,0.09507828950881958,-0.0523070209126388,0.07519899275721723,-1.6996792992554912,0
68.31,2,1.1207080759754295,0.30608717807506436,-170.154649054413,1.1656507074406215,0.26557898992554335,-168.4549697551575,-63.17433547898962,0.07976046949625015,0.06992322206497192,-0.0523070209126388,0.07519899275721723,-1.6996792992554912,0
68.41,2,1.1139236317918488,0.3048806987357149,-169.7668641131126,1.1589050331955695,0.26417181038616616,-168.06718481385712,-62.86007095564724,0.07983920723199844,0.08293484896421432,-0.0523070209126388,0.07519899275721723,-1.6996792992554912,0
68.52,2,1.1070485844505342,0.3036255604577429,-169.3748910477616,1.1520702389115154,0.26271330596834314,-167.67521174850611,-62.364501850979195,0.08002234250307083,0.13240323960781097,-0.0523070209126388,0.07519899275721723,-1.6996792992554912,0
68.61,2,1.100678994555866,0.3024064830771206,-168.95430290937793,1.1457396100964226,0.26130583877806096,-167.25462361012242,-61.92492055119905,0.08003006130456924,0.2403971552848816,-0.0523070209126388,0.07519899275721723,-1.6996792992554912,0
68.71,2,1.0949364077822121,0.301258031758321,-168.48003792673975,1.1400336137225209,0.25998756389564165,-166.78035862748428,-61.15041251207094,0.08002638071775436,0.3016592562198639,-0.0523070209126388,0.07519899275721723,-1.6996792992554912,0
68.81,2,1.0892308752058222,0.3000676821870041,-167.96042709143026,1.134365897972378,0.25862850824638906,-166.26074779217475,-60.61057729465796,0.0781250074505806,0.2380327582359314,-0.0523070209126388,0.07519899275721723,-1.6996792992554912,0
68.91,2,1.0843050531942984,0.29898198682019866,-167.07876110277707,1.1294744456231918,0.2573971874781273,-165.37908180352156,-59.98829638914807,0.07958083599805832,0.29383665323257446,-0.05297550958361181,0.07866622245315574,-1.8996415697561317,0
69.01,2,1.0794951568673192,0.29732654365984756,-166.17409824328357,1.1245999321822655,0.25608033696024524,-164.27445667352742,-58.82157053705437,0.0797160267829895,0.2757728397846222,-0.05297550958361181,0.07866622245315574,-1.8996415697561317,0
69.11,2,1.075482703297966,0.2963041264442208,-165.2122140484971,1.1206235757964296,0.2549254731146564,-163.31257247874098,-57.53446118485461,0.0800379142165184,0.2428971379995346,-0.0423334982762462,0.07523044441805465,-1.699679299255472,0
69.21,2,1.071110986203944,0.2951147925630079,-164.29748959019275,1.1162936864369777,0.25359187513697823,-162.39784802043664,-56.72437972017439,0.08005207031965256,0.24329417943954468,-0.0423334982762462,0.07523044441805465,-1.699679299255472,0
69.31,2,1.0763754298635786,0.2942523443213464,-163.3519583962672,1.1117203937160485,0.25210716914208664,-161.65227909701173,-55.58906405102937,0.08004612475633621,0.23190096020698547,-0.042333498276245767,0.07523044441805457,-1.699679299255463,0
69.41,2,1.071588520837078,0.292796910241805,-162.7778816040321,1.1069787599240828,0.25051039258577923,-161.07820230477665,-54.89761251047524,0.08001864701509476,0.19756066799163818,-0.042333498276245767,0.07523044441805457,-1.699679299255463,0
69.5,2,1.0665872018568276,0.2912240219417209,-162.1938001825434,1.1020262942815793,0.2487898539472775,-160.49412088328793,-54.27641681252509,0.08000398427248001,0.19973963499069214,-0.042333498276245767,0.07523044441805457,-1.699679299255463,0
69.61,2,1.0613256898918415,0.28950363532997136,-161.44221419662733,1.0968181250281377,0.24691416439964833,-159.74253489737188,-53.35776775718241,0.07999811321496964,0.049739634990692144,-0.042333498276245767,0.07523044441805457,-1.699679299255463,0
69.71,2,1.05517602760622,0.2874076266491077,-160.98192790788937,1.090733337411421,0.24463667493163715,-159.28224860863392,-52.694277921801195,0.07999756187200546,0.04465051740407944,-0.042333498276245767,0.07523044441805457,-1.699679299255463,0
69.81,2,1.0485731228539232,0.2851225028023787,-160.81463459401252,1.0842011160214653,0.2421567100376517,-159.11495529475704,-52.44589363318489,0.07999856024980545,-0.03604940325021744,-0.04289469486233853,0.07855884658604137,-1.8996415697561344,0
69.91,2,1.041350581441262,0.28261201236051,-160.86832573026194,1.0770562151146044,0.23943309887827968,-159.1686464310065,-52.45534498165534,0.07999949157238007,-0.03702998161315918,-0.04289469486233853,0.07855884658604137,-1.8996415697561344,0
70.01,2,1.0346181540108248,0.2798082180859367,-161.2345417129397,1.0702494724227598,0.23685716327497358,-159.33490014318355,-52.52976044021171,0.07999996840953827,-0.03770684450864792,-0.04289469486233853,0.07855884658604137,-1.8996415697561344,0
70.1,2,1.0269811979699555,0.27722723470644983,-161.54258897880365,1.0627022703018854,0.23402444145276322,-159.6429474090475,-52.623675668903246,0.08000010251998901,-0.05683412030339241,-0.04289469486233853,0.07855884658604137,-1.8996415697561344,0
70.21,2,1.0198401241886703,0.27484872157212087,-161.7911943300859,1.0556439662440942,0.2314105165671356,-159.89155276032974,-52.83322008870151,0.08000008761882782,-0.04975827410817146,-0.04289469486233853,0.07855884658604137,-1.8996415697561344,0
70.31,2,1.0128408788961059,0.27256613308313465,-161.96603285288822,1.048724232930422,0.22889716507098684,-160.06639128313208,-53.05162439006769,0.08000004291534424,-0.043933313339948654,-0.04289469486233853,0.07855884658604137,-1.8996415697561344,0
70.42,2,1.005682147900919,0.27026317362873087,-162.30805533099252,1.0416457768393745,0.22635816702506723,-160.40841376123637,-53.17340854250064,0.08000000566244125,-0.038567911833524704,-0.04289469486233853,0.07855884658604137,-1.8996415697561344,0
70.51,2,0.99842039470379,0.26795346774928364,-162.50065882156923,1.0344645788017273,0.2238090111864294,-160.6010172518131,-53.34710056355275,0.07999999076128006,-0.04596450552344322,-0.04289469486233843,0.06855884658604125,-1.8996415697561257,0
70.61,2,0.9911612294151338,0.25567906883916847,-162.7374455295369,1.0272847968621839,0.22129522869962354,-160.83780395978076,-53.47887624139137,0.07999999076128006,-0.052177101373672485,-0.04289469486233843,0.06855884658604125,-1.8996415697561257,0
70.71,2,0.9840395412437656,0.25348533278171204,-163.0672158659437,1.0202397425987757,0.218866621953848,-161.16757429618755,-53.71921788091517,0.07999999076128006,-0.031178433448076248,-0.04289469486233843,0.06855884658604125,-1.8996415697561257,0
70.81,2,0.9769196557785361,0.25133311452528817,-163.2262733525226,1.0131951137802657,0.21647956994966278,-161.32663178276647,-53.87794775367449,0.07999999076128006,-0.031178433448076248,-0.04289469486233843,0.06855884658604125,-1.8996415697561257,0
70.91,2,0.9694077931126929,0.24909390223112546,-163.45496185553097,1.0057616069415876,0.21399257809439973,-161.55532028577485,-54.04899747551953,0.07999999076128006,-0.1186157850921154,-0.04289469486233843,0.06855884658604125,-1.8996415697561257,0
71.0,2,0.9622895285299681,0.24700698038723587,-164.04883706629926,0.9987164336088328,0.21167084034787834,-162.14919549654311,-54.2828583149756,0.07999999076128006,-0.23729534447193146,-0.04289469486233843,0.06855884658604125,-1.8996415697561257,0
71.11,2,0.9565418727918252,0.24539214058143577,-164.7199548445145,0.9930254668534559,0.20986635940539175,-162.82031327475838,-54.725179703441626,0.07999999076128006,-0.23909637331962585,-0.053366378383249195,0.06155661652826017,-2.0996038402567914,0
71.21,2,0.9513681429928871,0.2440284095675547,-165.7215110732557,0.9878997866342083,0.20833187427980226,-163.82186950349956,-55.61726912474986,0.07999999076128006,-0.16409637331962584,-0.053366378383249195,0.06155661652826017,-2.0996038402567914,0
71.31,2,0.9364188969807612,0.23233515738913885,-167.01320637377842,0.9828640010840293,0.2069264524392036,-164.9136025335216,-56.524404522125835,0.07999999076128006,-0.06939240097999573,-0.053366378383249195,0.06155661652826017,-2.0996038402567914,0
71.41,2,0.9305731080211708,0.23102596997445846,-167.6424732088844,0.9770701011479327,0.20540397295581952,-165.5428693686276,-56.937952697221554,0.07999999076128006,-0.0473535992205143,-0.053366378383249195,0.06155661652826017,-2.0996038402567914,0
71.51,2,0.9233181391251505,0.2294409469037024,-167.89527774783028,0.9698780730679193,0.203554215157255,-165.79567390757347,-57.256398023790524,0.07999999076128006,0.0876464007794857,-0.05239092597545164,0.06573102230760007,-1.699679299255493,0
71.61,2,0.9159510178735613,0.22784796354384879,-167.56773996630207,0.9625742595656559,0.20169239351044116,-165.46813612604527,-57.152850006195415,0.07999999076128006,0.057511501014232635,-0.05239092597545164,0.06573102230760007,-1.699679299255493,0
71.71,2,0.9091275838232211,0.23726651494387274,-166.90205921125343,0.9560076127185604,0.19997928478617047,-165.20237991199795,-56.73848365995919,0.07999999076128006,0.11751150101423263,-0.05239092597545164,0.06573102230760007,-1.699679299255493,0
71.81,2,0.9021063048404749,0.23560292773168023,-166.44860501633895,0.9490387659917529,0.19810817381554743,-164.74892571708347,-56.47300829553058,0.07999999076128006,0.2027473747730255,-0.05239092597545164,0.06573102230760007,-1.699679299255493,0
71.91,2,0.8961658572761155,0.2341436991733737,-165.8873256608319,0.943144213735419,0.19647338974796208,-164.18764636157638,-56.057307798392216,0.07999999076128006,0.22855299711227417,-0.05239092597545164,0.06573102230760007,-1.699679299255493,0
72.0,2,0.8911042937758253,0.2328372273112635,-165.17714702679262,0.9381236279943639,0.1950173634395904,-163.47746772753715,-55.324174094699394,0.07999999076128006,0.1557139754295349,-0.05239092597545164,0.06573102230760007,-1.699679299255493,0
72.12,2,0.8855008843490699,0.23130008807103375,-164.05631513786238,0.9325682764690788,0.19331469973873236,-162.35663583860688,-54.77171226267487,0.07999999076128006,0.18798783421516418,-0.05239092597545164,0.06573102230760007,-1.699679299255493,0
72.21,2,0.8800488046079316,0.2297035329616537,-163.33511287440592,0.9271659503615628,0.19155713484688092,-161.63543357515044,-53.948618015600935,0.07999999076128006,0.11486741900444031,-0.043264938046885436,0.071292170743476,-2.0996038402567914,0
72.31,2,0.8848308885534049,0.2271286452667668,-163.25840208385077,0.921763397191312,0.1897343135625606,-161.15879824359396,-53.2068405938683,0.07999999076128006,0.06841869652271271,-0.04286014103349437,0.06854534502152163,-1.8996415697561257,0
72.41,2,0.8783791358001709,0.2251492462885561,-162.68582780732888,0.9153884946834889,0.18751987189036565,-160.58622396707207,-52.8521027659565,0.07999999076128006,0.06841869652271271,-0.04286014103349437,0.06854534502152163,-1.8996415697561257,0
72.51,2,0.8717991210320591,0.2235754458525067,-162.24367421959172,0.9090175053314345,0.18526487213442125,-160.3440326498356,-52.44820108085539,0.07999999076128006,0.026290861889719963,-0.04286014103349437,0.06854534502152163,-1.8996415697561257,0
72.61,2,0.8646327943351312,0.22125405585316751,-161.94734136583028,0.901932068665837,0.18270720188320844,-160.04769979607414,-52.29505791869276,0.07999999076128006,-0.0038403477519750595,-0.04286014103349437,0.06854534502152163,-1.8996415697561257,0
72.71,2,0.8566582041746854,0.2186505589972091,-161.8965087303729,0.8940481642787863,0.17984078674894968,-159.99686716061677,-52.2387623072145,0.07999999076128006,-0.05859729275107384,-0.04286014103349437,0.06854534502152163,-1.8996415697561257,0
72.81,2,0.8495118692108907,0.21631608600666477,-161.94589927969838,0.8869831420464397,0.17727070340112144,-160.04625770994224,-52.29073643496571,0.07999999076128006,-0.05859729275107384,-0.04286014103349437,0.06854534502152163,-1.8996415697561257,0
72.91,2,0.84259296996476,0.21407988612441312,-162.2095803202706,0.8801421728903952,0.1748063784027622,-160.30993875051445,-52.57170567607144,0.07999999076128006,-0.06871217489242554,-0.04286014103349437,0.06854534502152163,-1.8996415697561257,0
73.01,2,0.8357740325166683,0.21192628796993107,-162.71771336066664,0.8733983724371535,0.17242792336244037,-160.8180717909105,-52.79397256189074,0.07999999076128006,-0.08804818242788315,-0.04286014103349437,0.06854534502152163,-1.8996415697561257,0
73.11,2,0.8291437138356613,0.2098772277415604,-163.14634421031292,0.8668396217705423,0.1701602013061847,-161.2467026405568,-53.195912682390734,0.07999999076128006,0.0288098007440567,-0.04286014103349437,0.06854534502152163,-1.8996415697561257,0
73.21,2,0.8220112391168353,0.2077294467517995,-163.11436600586526,0.8597822635265711,0.1677771668098079,-161.21472443610912,-53.22183444156235,0.07999999076128006,0.07821216195821762,-0.04286014103349437,0.06854534502152163,-1.8996415697561257,0
73.31,2,0.8145233319811774,0.20546137585422133,-163.01676110601292,0.8523736556843882,0.16526212631124274,-161.1171195362568,-53.102772329956,0.07999999076128006,0.06910817325115204,-0.04286014103349437,0.06854534502152163,-1.8996415697561257,0
73.41,2,0.8078690205296247,0.20338893220813975,-162.50954276456827,0.8457917005682822,0.16297023835368066,-160.60990119481212,-52.68244981878871,0.07999999076128006,0.022368241101503372,-0.04348992556716984,0.07352012971138944,-2.299566110757463,0
73.5,2,0.8011685222976277,0.2002547732055768,-162.58866799026237,0.8388931141115812,0.16052385027509536,-160.2891018795049,-52.44110681100083,0.07999999076128006,0.022368241101503372,-0.04348992556716984,0.07352012971138944,-2.299566110757463,0
73.61,2,0.7940261935390414,0.19800528616666674,-162.49710109089852,0.8318467960034823,0.15798959433825094,-160.19753498014106,-52.26427337854208,0.07999999076128006,0.04439321905374527,-0.04348992556716984,0.07352012971138944,-2.299566110757463,0
73.71,2,0.7862908469871754,0.19553328821825533,-162.10087905460045,0.8242168657379122,0.15520921230030157,-159.801312943843,-52.11317811573925,0.07999999076128006,-0.003460104577243328,-0.04348992556716984,0.07352012971138944,-2.299566110757463,0
73.81,2,0.7787702917935915,0.19310892333570548,-162.0052796244961,0.8167996426190355,0.1524850433062254,-159.70571351373863,-52.00970951776904,0.07999999076128006,-0.014829099178314209,-0.04348992556716984,0.07352012971138944,-2.299566110757463,0
73.91,2,0.7711707096602626,0.19066087810546845,-162.21999548723053,0.8093044063565066,0.14973404213949237,-159.92042937647307,-52.04118125590461,0.07999999076128006,0.03212227672338486,-0.04348992556716984,0.07352012971138944,-2.299566110757463,0
74.01,2,0.7638411994023911,0.18829922232202717,-162.16482003472368,0.8020755581706093,0.14708019727496965,-159.8652539239662,-51.922493305867356,0.07999999076128006,0.11673817783594131,-0.04348992556716984,0.07352012971138944,-2.299566110757463,0
74.11,2,0.7569652224724133,0.18605348073858502,-161.58652076220105,0.7952952271142226,0.14456037093829704,-159.28695465144358,-51.525924275646545,0.07999999076128006,-0.0007145884446799755,-0.04348992556716984,0.07352012971138944,-2.299566110757463,0
74.21,2,0.7500955109046878,0.18375554498913943,-161.45275492418648,0.78852325062509,0.1419886438604453,-159.153188813429,-51.38099631907352,0.07999999076128006,-0.022186579182744026,-0.04348992556716984,0.07352012971138944,-2.299566110757463,0
74.31,2,0.7428659302919816,0.18133067648497003,-161.5734013678877,0.7813967879723964,0.13927564678011228,-159.27383525713026,-51.381448447273634,0.07999999076128006,0.029526084661483765,-0.04348992556716984,0.07352012971138944,-2.299566110757463,0
74.41,2,0.7352763090963513,0.17879458179816493,-161.51043797013818,0.773915037542293,0.13643706673804074,-159.21087185938072,-51.40525137529839,0.07999999076128006,-0.04547391533851623,-0.04348992556716984,0.07352012971138944,-2.299566110757463,0
74.51,2,0.7275124940064023,0.17618927331678408,-161.43660890268347,0.7662620106463133,0.13352233924417675,-159.137042791926,-51.44894046307711,0.07999999076128006,-0.07053624838590622,-0.033489925567169794,0.07352012971138923,-2.299566110757448,0
74.61,2,0.7210003073145642,0.17391165701448935,-161.86973936496378,0.759471783558155,0.130970215108588,-159.5701732542063,-51.66755544854608,0.07999999076128006,-0.09616254270076752,-0.033489925567169794,0.07352012971138923,-2.299566110757448,0
74.71,2,0.7241044033834201,0.17179415662346348,-162.2721738111329,0.7530410682269552,0.12859277268655442,-159.97260770037545,-52.11219720004918,0.07999999076128006,-0.10394776612520218,-0.033489925567169794,0.07352012971138923,-2.299566110757448,0
74.81,2,0.7177274193688851,0.1697887212310732,-162.80770192569676,0.746749686146636,0.1263330807265466,-160.50813581493932,-52.4361492773696,0.07999999076128006,-0.0864686667919159,-0.033489925567169794,0.07352012971138923,-2.299566110757448,0
74.91,2,0.7113895787704153,0.16784845464398318,-163.21903301114597,0.7404948011122883,0.12414007569060086,-160.91946690038853,-52.913529624243886,0.07999999076128006,-0.0864686667919159,-0.033489925567169794,0.07352012971138923,-2.299566110757448,0
75.01,2,0.7048098580885765,0.1659039809699039,-163.69947339604494,0.7339983995869541,0.12193316170454689,-161.3999072852875,-53.22217310500197,0.07999999076128006,-0.07989927381277084,-0.033489925567169794,0.07352012971138923,-2.299566110757448,0
75.11,2,0.6981666849946897,0.16398578410337963,-164.1764151532731,0.7274375424113027,0.11974995738639754,-161.87684904251566,-53.654437279599215,0.07999999076128006,-0.04490147903561592,-0.033489925567169794,0.07352012971138923,-2.299566110757448,0
75.21,2,0.6910976406360227,0.16200488966982574,-164.47678344172377,0.720453672616767,0.11748701823682707,-162.1772173309663,-53.84834977774074,0.07999999076128006,-0.03845818340778351,-0.033489925567169794,0.07352012971138923,-2.299566110757448,0
75.31,2,0.683720591390046,0.1599686571128756,-164.7818839331675,0.7131642663709271,0.11515642707004962,-162.48231782241007,-54.097331885351544,0.07999999076128006,-0.02784864231944084,-0.033489925567169794,0.07352012971138923,-2.299566110757448,0
75.41,2,0.6765046606584413,0.15800496965074293,-164.87291259495166,0.7060329380747901,0.11290478733310896,-162.57334648419422,-54.22788229572884,0.07999999076128006,-0.03437008708715439,-0.04332377348760269,0.0615268913040759,-2.099603840256771,0
75.51,2,0.6584681533169376,0.14634301165001334,-164.79842446272136,0.6982133856154168,0.11047058860177708,-162.69882062246458,-54.423944765752125,0.07999999076128006,0.017241036519408226,-0.04332377348760269,0.0615268913040759,-2.099603840256771,0
75.61,2,0.6509104535075014,0.1443137529517837,-164.9251195983376,0.690735105232676,0.10816580232296358,-162.82551575808083,-54.47638705443039,0.07999999076128006,-0.009277915582060814,-0.04332377348760269,0.0615268913040759,-2.099603840256771,0
75.71,2,0.6435749275944425,0.14233388253493964,-165.02256131591594,0.6834770401606864,0.1059185109089681,-162.92295747565916,-54.47689153241172,0.07999999076128006,-0.012164645828306675,-0.04332377348760269,0.0615268913040759,-2.099603840256771,0
75.81,2,0.6358580243579581,0.14026037324339702,-165.01951412143114,0.675841284432672,0.10356367104063884,-162.91991028117437,-54.52843561883667,0.07999999076128006,-0.012164645828306675,-0.04332377348760269,0.0615268913040759,-2.099603840256771,0
75.91,2,0.6281081177017571,0.1381929357155919,-165.03868148966706,0.668172324991894,0.10121368972009466,-162.93907764941028,-54.62931613706069,0.07999999076128006,-0.044814933091402054,-0.04332377348760269,0.0615268913040759,-2.099603840256771,0
76.01,2,0.6205868004005703,0.13620257956242293,-165.32685152483344,0.6607289774271748,0.09894911280765009,-163.22724768457667,-54.78698280144648,0.07999999076128006,-0.07869581878185272,-0.04332377348760269,0.0615268913040759,-2.099603840256771,0
76.11,2,0.6136116116277119,0.13439113144656806,-165.59590045373668,0.6538248371280106,0.09688333222324544,-163.4962966134799,-55.17652135486193,0.07999999076128006,-0.10999435931444168,-0.04332377348760269,0.0615268913040759,-2.099603840256771,0
76.21,2,0.6070562037019969,0.1327401711571383,-166.22437405823595,0.6473343160946614,0.09499331114784643,-164.12477021797918,-55.52071178364472,0.07999999076128006,-0.10270477086305618,-0.04332377348760269,0.0615268913040759,-2.099603840256771,0
76.31,2,0.6007224517628602,0.13120229712185752,-166.53613049843915,0.6410611591201363,0.09322442117165415,-164.43652665818237,-56.078354216262056,0.07999999076128006,-0.10270477086305618,-0.04332377348760269,0.0615268913040759,-2.099603840256771,0
76.41,2,0.5942730979018629,0.1296947955251591,-167.14181892088038,0.6346713650845042,0.09148164795903826,-165.0422150806236,-56.45151134379932,0.07999999076128006,-0.08975252509117126,-0.05332377348760269,0.07152689130407588,-2.099603840256766,0
76.51,2,0.5877303335403834,0.12821782020218583,-167.4281747182106,0.6281871048748422,0.0897659582645097,-165.32857087795384,-56.963369382281066,0.07999999076128006,-0.08215078711509705,-0.05332377348760269,0.07152689130407588,-2.099603840256766,0
76.61,2,0.570926743646731,0.13674357180099414,-168.12305639768587,0.621442094333294,0.0880434378484246,-166.0234525574291,-57.26220091106858,0.07999999076128006,-0.018136058002710342,-0.05332377348760269,0.07152689130407588,-2.099603840256766,0
76.7,2,0.5638928381022587,0.13527577743487487,-168.34715326358793,0.6144666863088154,0.08631892910625805,-166.24754942333115,-57.53484281184889,0.07999999076128006,0.016598043963313103,-0.05332377348760269,0.07152689130407588,-2.099603840256766,0
76.81,2,0.556459511978817,0.13374645875230196,-168.37506211253447,0.6070943799115425,0.08451830386067379,-166.2754582722777,-57.632936636009056,0.07999999076128006,0.027916984632611275,-0.05332377348760269,0.07152689130407588,-2.099603840256766,0
76.9,2,0.5481622084211855,0.1320335566609209,-168.27525466689283,0.5988654020222771,0.08250256508788496,-166.17565082663606,-57.57394436865592,0.07999999076128006,0.05236732214689255,-0.05332377348760269,0.07152689130407588,-2.099603840256766,0
77.01,2,0.5404627246542394,0.13042945859504357,-168.12838268886384,0.59122985634444,0.08061745949824793,-166.0287788486071,-57.41018595525814,0.07999999076128006,0.07397936284542084,-0.05332377348760269,0.07152689130407588,-2.099603840256766,0
77.11,2,0.5333146497967383,0.1289008734864197,-167.83426062191717,0.5841425828330473,0.07882801802743691,-165.7346567816604,-57.09052854089808,0.07999999076128006,0.07522416859865189,-0.05332377348760269,0.07152689130407588,-2.099603840256766,0
77.23,2,0.5264067791304372,0.12738857281446192,-167.3699064394983,0.5772947556414453,0.07706365037337425,-165.27030259924155,-56.83527046290594,0.07999999076128006,0.07522416859865189,-0.05332377348760269,0.07152689130407588,-2.099603840256766,0
77.31,2,0.5195874864551832,0.12584706838045798,-167.10872244397848,0.5705365169061627,0.07527334377735406,-165.0091186037217,-56.4503294270801,0.07999999076128006,0.11110585927963257,-0.05324186296978153,0.07002071469445233,-1.8996415697561158,0
77.41,2,0.5126672606591335,0.12472928668548097,-166.37810921002608,0.5637845827728246,0.073437785120579,-164.47846764026997,-56.14817439397475,0.07999999076128006,0.11110585927963257,-0.05324186296978153,0.07002071469445233,-1.8996415697561158,0
77.51,2,0.5064100218261308,0.12319053793868057,-166.03918611891967,0.5575817906406791,0.07169246128689917,-164.1395445491636,-55.60466780994943,0.07999999076128006,0.05048602074384689,-0.05324186296978153,0.07002071469445233,-1.8996415697561158,0
77.61,2,0.5000961299472256,0.12159700959615302,-165.65439557862223,0.5513241924825903,0.06989050997545128,-163.75475400886612,-55.344502877435716,0.07999999076128006,0.040735602378845215,-0.05324186296978153,0.07002071469445233,-1.8996415697561158,0
77.71,2,0.4924314964920934,0.11962813759503249,-165.5150153087794,0.5437290373235047,0.06766864565291833,-163.61537373902328,-55.086076763097786,0.07999999076128006,-0.0028118882328271866,-0.05324186296978153,0.07002071469445233,-1.8996415697561158,0
77.81,2,0.4848884674094782,0.11766724228994876,-165.38599954794134,0.5362551552871038,0.06545878469696681,-163.48635797818523,-55.009451617985405,0.07999999076128006,-0.0028118882328271866,-0.05324186296978153,0.07002071469445233,-1.8996415697561158,0
77.91,2,0.4771026062127942,0.11563838225515331,-165.38668186824813,0.528540827549296,0.06317294673934389,-163.48704029849202,-55.02766352900883,0.07999999076128006,-0.05395146459341049,-0.05324186296978153,0.07002071469445233,-1.8996415697561158,0
78.01,2,0.4696252701992516,0.1136952002122926,-165.50182732563405,0.5211320153029702,0.06098296696550776,-163.60218575587794,-55.168652418609526,0.07999999076128006,-0.06664417684078217,-0.05324186296978153,0.07002071469445233,-1.8996415697561158,0
78.11,2,0.4625405263528314,0.1118906307406782,-165.82476630381825,0.5141109846064001,0.05894453759339472,-163.9251247340621,-55.46399563330329,0.07999999076128006,-0.06664417684078217,-0.05324186296978153,0.07002071469445233,-1.8996415697561158,0
78.21,2,0.4555480855111784,0.11014418967387943,-166.25363808425027,0.5071802792928278,0.05696726442556062,-164.35399651449416,-55.68861429988315,0.07999999076128006,-0.06899560987949371,-0.05324186296978153,0.07002071469445233,-1.8996415697561158,0
78.31,2,0.44861230198656843,0.10845407692322473,-166.41646881091913,0.5003043329355732,0.05504816674635464,-164.516827241163,-56.034400321448324,0.07999999076128006,-0.059387754648923874,-0.043261174085819525,0.0725481673516905,-2.299566110757425,0
78.41,2,0.4517489251772582,0.10583589678480566,-167.09373554381284,0.4932758227596376,0.05312281980521142,-164.79416943305543,-56.24620721841145,0.07999999076128006,-0.02898441255092621,-0.043261174085819525,0.0725481673516905,-2.299566110757425,0
78.5,2,0.4442798394472222,0.10413300775746129,-167.21250001469951,0.4858810789957486,0.051121610833489,-164.9129339039421,-56.387338141069534,0.07999999076128006,-0.07702796161174774,-0.043261174085819525,0.0725481673516905,-2.299566110757425,0
78.61,2,0.4373062021274952,0.10256679941483302,-167.45500970621774,0.47897590045040533,0.04927685196129543,-165.15544359546033,-56.6377062553641,0.07999999076128006,-0.07702796161174774,-0.043261174085819525,0.0725481673516905,-2.299566110757425,0
78.71,2,0.43013147263356927,0.10099269336514202,-167.94339111162958,0.4718701085599746,0.047416133074259105,-165.64382500087214,-57.028348704271636,0.07999999076128006,-0.07003354281187057,-0.043261174085819525,0.0725481673516905,-2.299566110757425,0
78.81,2,0.42353606998422266,0.0995945277060475,-168.1707484257375,0.4653361175096673,0.0457544579339909,-165.87118231498005,-57.29189344512851,0.07999999076128006,-0.059575289487838745,-0.043261174085819525,0.0725481673516905,-2.299566110757425,0
78.91,2,0.4161082483491743,0.09806897419801701,-168.5551335026228,0.45797548916032316,0.043932097362976756,-166.25556739186538,-57.621681449290776,0.07999999076128006,-0.005633865483105183,-0.043261174085819525,0.0725481673516905,-2.299566110757425,0
79.01,2,0.40898975255123465,0.09663929185096576,-168.7291591407116,0.45092009079156614,0.04221794220754475,-166.4295930299542,-57.686780016545846,0.07999999076128006,-0.0011909836903214455,-0.043261174085819525,0.0725481673516905,-2.299566110757425,0
79.11,2,0.4011210814677332,0.09507465306247682,-168.77258688035366,0.44312053627689235,0.04033883908865827,-166.47302076959622,-57.70326987154864,0.07999999076128006,-0.0007659019902348518,-0.043261174085819525,0.0725481673516905,-2.299566110757425,0
79.2,2,0.3933447059566246,0.09354242999501348,-168.87849316185827,0.4354119023531833,0.03849582887477506,-166.57892705110086,-57.789487506695195,0.07999999076128006,-0.045198868960142136,-0.043261174085819525,0.0725481673516905,-2.299566110757425,0
79.31,2,0.3856366626990441,0.09203170089195703,-169.00350009783875,0.4277706832262879,0.03667703709496008,-166.70393398708134,-57.923574442501014,0.07999999076128006,-0.07146498560905457,-0.043261174085819525,0.0725481673516905,-2.299566110757425,0
79.42,2,0.3782456014756533,0.0906083519336636,-169.19640416502705,0.42044268480696967,0.034958273751315605,-166.8968380542696,-58.1497382032645,0.07999999076128006,-0.0710071474313736,-0.043261174085819525,0.0725481673516905,-2.299566110757425,0
79.51,2,0.3712703919926203,0.08932012084520059,-169.7518493153506,0.41352478174226154,0.03339120519608981,-167.4522832045932,-58.55101933021718,0.07999999076128006,-0.12196221947669983,-0.05329564762431869,0.061595611737678954,-2.0996038402567447,0
79.61,2,0.35429069559033005,0.07856282377745814,-170.04344285290023,0.406691084611243,0.03188848000803926,-167.94383901264348,-58.87883514979012,0.07999999076128006,-0.12196221947669983,-0.05329564762431869,0.061595611737678954,-2.0996038402567447,0
79.72,2,0.34801816569269917,0.07750126414798564,-170.81889608637064,0.40046165794145583,0.030597827642239697,-168.7192922461139,-59.286997074984,0.07999999076128006,-0.17313402891159058,-0.05329564762431869,0.061595611737678954,-2.0996038402567447,0
79.81,2,0.341929351942667,0.07654175377515797,-171.3740675486558,0.39441208532279304,0.029415886793605815,-169.27446370839905,-59.9930564873516,0.07999999076128006,-0.18836574256420135,-0.05378029433556192,0.0675812401612092,-1.7996604345057408,0
79.91,2,0.33624827810630975,0.07629296463764218,-172.3101774348848,0.38880298168584587,0.028405250036546755,-170.23134216116875,-60.82937490697852,0.0797557383775711,-0.16909968852996826,-0.05378029433556192,0.0675812401612092,-1.7996604345057408,0
80.01,2,0.3301636149667695,0.08303781119386605,-173.0675300955966,0.3832691165570991,0.02750664232481379,-171.26786966109083,-61.40258280268491,0.0797557383775711,-0.16909968852996826,-0.05378029433556192,0.0675812401612092,-1.7996604345057408,0
80.12,2,0.32445456255041805,0.08238214201777791,-173.83245703149146,0.3775834713333994,0.02667200470803556,-172.03279659698572,-61.953223453845155,0.07948718965053558,-0.03838405311107636,-0.05378029433556192,0.0675812401612092,-1.7996604345057408,0
80.21,2,0.3181146559036975,0.08171953475636598,-174.37403459934492,0.37126750093981253,0.025810620554860567,-172.57437416483916,-62.568880974139674,0.07490070909261703,0.01632966846227646,-0.06378029433556189,0.0575812401612093,-1.7996604345057552,0
80.31,2,0.3003569705987402,0.07094985163991246,-174.31407134980776,0.36353781391187684,0.024797688256694463,-172.51441091530202,-62.68800403898432,0.07490070909261703,0.01632966846227646,-0.06378029433556189,0.0575812401612093,-1.7996604345057552,0
80.41,2,0.29282069370248304,0.07020570837325318,-174.27845482576424,0.3560286240073894,0.02381723650534846,-172.4787943912585,-62.64352636195896,0.07638734579086304,0.08568742871284485,-0.06378029433556189,0.0575812401612093,-1.7996604345057552,0
80.5,2,0.285705922733413,0.06947725090165763,-173.97863499761166,0.3489402395110043,0.022865700136284226,-172.17897456310592,-62.45609601978611,0.07873333245515823,0.1460370421409607,-0.06378029433556189,0.0575812401612093,-1.7996604345057552,0
80.61,2,0.2792022693925979,0.06875591426221096,-173.2723222410279,0.3424624475784061,0.021940473135559305,-171.47266180652213,-61.93279897696238,0.07975762337446213,0.18780387938022614,-0.06378029433556189,0.0575812401612093,-1.7996604345057552,0
80.71,2,0.2737571561111578,0.0680760008076894,-172.50143059221938,0.3370413726882923,0.021089892164027655,-170.7017701577136,-61.16589949546624,0.08020468056201935,0.27954909205436707,-0.06378029433556189,0.0575812401612093,-1.7996604345057552,0
80.83,2,0.26820193696691264,0.06730190938274892,-171.49532378414236,0.3315132038891405,0.020141721819184912,-169.6956633496366,-60.53890610707017,0.08019546419382095,0.34247902035713196,-0.06378029433556189,0.0575812401612093,-1.7996604345057552,0
80.91,2,0.2638234646376103,0.06661357213324545,-170.54162162721715,0.3271585083746824,0.01931621889134092,-168.74196119271141,-59.333456232056015,0.08003351837396622,0.23336879909038544,-0.043735136833942916,0.06821577341826589,-1.9996227050064228,0
81.01,2,0.2796252158098564,0.07537289801919478,-169.82743036128772,0.322913711614626,0.018435751835540845,-167.8278076562813,-58.566535681066114,0.07999911159276962,0.17350302636623383,-0.043735136833942916,0.06821577341826589,-1.9996227050064228,0
81.11,2,0.27444255019936686,0.07439816141144732,-168.841010598027,0.31776821335531336,0.01728077047290112,-166.8413878930206,-57.62850715955894,0.07999058067798615,0.09850302636623383,-0.04366663530949803,0.06882374378154682,-2.1995849755070473,0
81.21,2,0.26917699550926116,0.07282786443106516,-168.5037200866922,0.3124594454583143,0.01600828753873136,-166.30413511118516,-57.154016133980306,0.07999058067798615,0.08310946822166443,-0.04366663530949803,0.06882374378154682,-2.1995849755070473,0
81.31,2,0.26206871314187186,0.07135707412009207,-168.01780176679978,0.3054128502846197,0.014265760978976005,-165.81821679129274,-56.677549802641956,0.08017081767320633,0.14991053938865662,-0.04366663530949803,0.06882374378154682,-2.1995849755070473,0
81.41,2,0.2554984589134891,0.06993035196160576,-167.41199525065397,0.29890219546696156,0.012587919929173517,-165.21241027514694,-56.29665556963911,0.07904089987277985,0.12066678702831268,-0.04366663530949803,0.06882374378154682,-2.1995849755070473,0
81.51,2,0.24956141456114087,0.06857185206940114,-166.798174994584,0.29302166556325904,0.01100255383563833,-164.59859001907694,-55.62893926431112,0.08002009242773056,0.18066678702831268,-0.04366663530949803,0.06882374378154682,-2.1995849755070473,0
81.61,2,0.243501931885273,0.06711390443237632,-166.10352055160084,0.28702260441049254,0.009313114018178938,-163.9039355760938,-55.19616193364603,0.08343058079481125,0.12696866691112518,-0.043422192792091974,0.07984269842907951,-2.5995095165083657,0
81.71,2,0.23797929949833835,0.07470956652198077,-165.86809469575525,0.2813447286648451,0.0076349563824204885,-163.26858517924688,-54.467162603512286,0.08268515020608902,0.09716001152992249,-0.043422192792091974,0.07984269842907951,-2.5995095165083657,0
81.81,2,0.23204268233030462,0.07318598348599817,-165.29142315328244,0.27548332177459045,0.005843689251532041,-162.69191363677407,-54.07294952967692,0.08300446718931198,0.08610685914754868,-0.043422192792091974,0.07984269842907951,-2.5995095165083657,0
81.91,2,0.2254966657090638,0.07144051754863888,-164.8341681087313,0.2690232059026442,0.0038031285773368374,-162.23465859222293,-53.55656076075263,0.08093532174825668,0.058788105845451355,-0.043422192792091974,0.07984269842907951,-2.5995095165083657,0
82.03,2,0.21872953500278602,0.06959007105259624,-164.49187751534635,0.26234696481539316,0.001647666869148954,-161.89236799883798,-53.27082221560261,0.0802307203412056,0.02082749828696251,-0.043422192792091974,0.07984269842907951,-2.5995095165083657,0
82.11,2,0.21152282771462488,0.06757709466794812,-164.3103917858,0.25523897094047965,-0.0006900942256976038,-161.71088226929163,-53.06851819955561,0.07985753566026688,0.04695796221494675,-0.04342219279209206,0.07984269842907948,-2.5995095165083657,0
82.21,2,0.20354679229480363,0.0653193294198553,-164.1126221786124,0.24737354286573462,-0.0033072847297973833,-161.51311266210405,-52.88012742781677,0.08141449093818665,0.05803155526518822,-0.04342219279209206,0.07984269842907948,-2.5995095165083657,0
82.31,2,0.1966834707936388,0.06334568629146044,-163.78781976967704,0.24060679748178138,-0.005590178975127014,-161.18831025316868,-52.583802235880505,0.08141449093818665,0.05803155526518822,-0.04342219279209206,0.07984269842907948,-2.5995095165083657,0
82.41,2,0.1896113178207374,0.0612755292450054,-163.5554657125513,0.23363581285678608,-0.007978959255350623,-160.95595619604293,-52.36261857642909,0.08204036206007004,0.10960176587104797,-0.04342219279209206,0.07984269842907948,-2.5995095165083657,0
82.51,2,0.18280190171352353,0.05923970628724457,-163.1444815089534,0.22692573752698966,-0.010321524495634683,-160.54497199244506,-51.95805901749819,0.07214361429214478,0.04116322845220566,-0.04342219279209206,0.07984269842907948,-2.5995095165083657,0
82.61,2,0.1762238877279297,0.05723200396363798,-162.9265080103276,0.2204455508008183,-0.012625502926270581,-160.32699849381925,-51.75657284610086,0.07912798970937729,0.0060579730197787285,-0.04342219279209206,0.07984269842907948,-2.5995095165083657,0
82.71,2,0.16886819061941172,0.05496139234494837,-162.82626165571892,0.21320040532315152,-0.01522739148703421,-160.22675213921056,-51.64595409127921,0.08027875423431396,0.002659250982105732,-0.04342219279209206,0.07984269842907948,-2.5995095165083657,0
82.81,2,0.16126635076775658,0.052611733871297375,-162.72099975669016,0.20571295551910204,-0.017919409225618382,-160.12149024018177,-51.615444887065046,0.08039270341396332,0.008950557559728622,-0.04342219279209206,0.07984269842907948,-2.5995095165083657,0
82.91,2,0.15359702935420053,0.05023237717305126,-162.75392652369393,0.19815944054074555,-0.020644155216286396,-160.15441700718554,-51.558486002661375,0.08039270341396332,0.008950557559728622,-0.04342219279209206,0.07984269842907948,-2.5995095165083657,0
83.01,2,0.14593805072125474,0.047846465318237066,-162.6984300541529,0.19061655500527608,-0.02337498052700638,-160.09892053764452,-51.51003639580243,0.08073228597640991,0.005113993771374226,-0.04342219279209206,0.07984269842907948,-2.5995095165083657,0
83.11,2,0.13828156390566126,0.045451026951624125,-162.5974243198007,0.18307659079254782,-0.026115209531373574,-159.99791480329233,-51.462405362576874,0.06573228597640991,0.0,-0.04342219279209206,0.07984269842907948,-2.5995095165083657,0
