t,fwd,lat,clear_geo,plan_clear,plan_lat_at_box,lc_box,gc_box,v,w,box_pts,box_age
0.000370025634765625,0.0,0.0,0.6649839359075937,nan,nan,99,99,0.0,0.0,259,0.000370025634765625
0.10279035568237305,0.0,0.0,0.664986448560071,0.12405911056242366,0.47014720439588664,99,99,0.0,0.0,253,0.10279035568237305
0.2008507251739502,0.0,0.0,0.6649939505505957,0.12405911056242366,0.47014720439588664,99,99,0.0,0.0,252,0.2008507251739502
0.30328822135925293,4.525662962438068e-10,1.113573703082828e-13,0.664974977069869,0.12405911056242366,0.47014720439588664,99,99,0.02,0.12,255,0.30328822135925293
0.40210509300231934,0.0010273200393952926,6.394256837775289e-06,0.663644854511291,0.12405911056242366,0.47014720439588664,99,99,0.04,0.20845934295164803,257,0.40210509300231934
0.5026686191558838,0.0032802104937083767,4.678370704044504e-05,0.6640000410079955,0.11278480555831547,0.47014720439588664,99,99,0.060000000000000005,0.20095632864263238,275,0.0
0.6031391620635986,0.008857467875031942,0.00028957132330474395,0.6569616559454542,0.11278480555831547,0.47014720439588664,99,99,0.08,0.19048145291636862,289,0.10047054290771484
0.7031512260437012,0.01409258894302224,0.0006464883540124821,0.6505606137513748,0.11278480555831547,0.47014720439588664,99,99,0.08,0.1815248091831134,281,0.20048260688781738
0.801175594329834,0.019671286878209227,0.0011076081574370442,0.6437984103977815,0.11278480555831547,0.47014720439588664,99,99,0.08,0.18065892028475397,280,0.2985069751739502
0.903306245803833,0.025315116036933955,0.0016700522542809596,0.6364176086553119,0.11278480555831547,0.47014720439588664,99,99,0.08,0.17614869997218197,301,0.4006376266479492
1.002495527267456,0.028965837123140437,0.0020918415220722865,0.6313097983698474,0.11278480555831547,0.47014720439588664,99,99,0.08,0.17007952359069575,311,0.49982690811157227
1.1034765243530273,0.03659616676596463,0.0030889532979295918,0.6260000534057616,0.1163261553081936,0.47014815760191403,99,99,0.08,0.16926581926298567,308,0.0
1.2017838954925537,0.042075722344255564,0.0038926397310148973,0.6182307665380036,0.1163261553081936,0.47014815760191403,99,99,0.08,0.18302893753244776,321,0.09830737113952637
1.3027021884918213,0.04791876249877836,0.004854582980484636,0.6091968050843231,0.1163261553081936,0.47014815760191403,99,99,0.08,0.17805861251424054,328,0.19922566413879395
1.4010009765625,0.053305885627106045,0.0012042672565954445,0.6032555386137589,0.1163261553081936,0.47014815760191403,99,99,0.08,0.1719249016133931,330,0.29752445220947266
1.5031168460845947,0.058862632724132675,-0.0016099948517709335,0.5965938637996645,0.1163261553081936,0.47014815760191403,99,99,0.08,0.18901311671948232,316,0.3996403217315674
1.601809024810791,0.06446123507639254,-0.0004705988511954179,0.5878755488944717,0.1163261553081936,0.47014815760191403,99,99,0.08,0.1869107714109408,329,0.49833250045776367
1.7030622959136963,0.06958835364924316,0.000676540036000061,0.5750000543594361,0.12517554466551614,0.4663365242105699,99,99,0.08,0.17931809284741554,372,0.0
1.8020858764648438,0.07340846974329178,0.0015814421713330577,0.5696315928191885,0.12517554466551614,0.4663365242105699,99,99,0.08,0.17336103335165604,382,0.09902358055114746
1.9036691188812256,0.08089519308518042,0.003466967842703092,0.558563598255664,0.12517554466551614,0.4663365242105699,99,99,0.08,0.1692290499240777,389,0.2006068229675293
2.004465103149414,0.08619097487931159,0.004911262541719413,0.5503875704795848,0.12517554466551614,0.4663365242105699,99,99,0.08,0.16244430181523384,396,0.3014028072357178
2.103888750076294,0.0900342654205542,0.006022747854852626,0.5447783858156526,0.07383978184562426,0.4363295164499858,99,99,0.08,0.1544680136792213,393,0.40082645416259766
2.203887701034546,0.09736069706393426,0.00824017245387282,0.5310000247955322,0.0771041560952627,0.4363295164499858,99,99,0.08,0.19781368665264892,424,0.0
2.303057909011841,0.10296997527705506,0.010053679049635328,0.5220404078626784,0.0771041560952627,0.4363295164499858,99,99,0.08,0.19270452888294112,459,0.09917020797729492
2.4029107093811035,0.10822526630295723,0.011860511146619263,0.5138430793395885,0.0771041560952627,0.4363295164499858,99,99,0.08,0.18561596414322806,473,0.19902300834655762
2.5035393238067627,0.11350137424445943,0.01374508903555211,0.5067548809848463,0.0771041560952627,0.4363295164499858,99,99,0.08,0.18180128884675342,496,0.2996516227722168
2.6032533645629883,0.11885490881775156,0.01574423794185317,0.4982723512898089,0.0771041560952627,0.4363295164499858,99,99,0.08,0.17751068195058725,518,0.3993656635284424
2.703113317489624,0.12414587026460551,0.017836399049152896,0.48990915409407654,0.0771041560952627,0.4363295164499858,99,99,0.08,0.16943141111653742,539,0.4992256164550781
2.8018836975097656,0.12941645065752314,0.020023878647021192,0.46706361853317147,0.07360088968297301,0.4363295164499858,100,100,0.08,0.1624651967939946,550,0.0
2.9028642177581787,0.13426938212353484,0.022096524569261044,0.46018698556016185,0.07360088968297301,0.4363295164499858,100,100,0.08,0.15922469705919767,498,0.10098052024841309
3.0007448196411133,0.1402570956534962,0.02475755229389562,0.45091375955191304,0.07360088968297301,0.4363295164499858,100,100,0.08,0.1537427898266905,486,0.19886112213134766
3.102980852127075,0.14586715007882126,0.03682465419532745,0.43901710889167106,0.07360088968297301,0.4363295164499858,100,100,0.08,0.14689059646617245,422,0.30109715461730957
3.202233076095581,0.15128435301052257,0.039444963820193336,0.4314799238954476,0.07360088968297301,0.42508298708107006,100,100,0.08,0.0819916826828503,387,0.40034937858581543
3.3034117221832275,0.15722240616788463,0.04240713553159272,0.4415172799912596,0.021652244375624158,0.42508298708107006,100,100,0.08,0.07759915101665897,352,0.0
3.4034371376037598,0.16338182190888234,0.045553767416049926,0.43354302404628453,0.021652244375624158,0.42508298708107006,100,100,0.08,0.0751167990784062,315,0.10002541542053223
3.5031628608703613,0.1696494399697213,0.048824556631771904,0.42494979145032596,0.021652244375624158,0.42508298708107006,100,100,0.08,0.07399808193939894,286,0.1997511386871338
3.6005003452301025,0.1759072330299969,0.05215387024032221,0.4171045057955775,0.021652244375624158,0.42508298708107006,100,100,0.08,0.07171488460179899,240,0.297088623046875
3.7028119564056396,0.18216524305198134,0.055546138600973016,0.4089076130778148,0.021652244375624158,0.42508298708107006,100,100,0.08,0.07036808668744166,222,0.3994002342224121
3.801496982574463,0.18839228940919817,0.0589747255819583,0.40089418568586566,0.021652244375624158,0.42508298708107006,100,100,0.08,0.07141856477477437,173,0.49808526039123535
3.9031946659088135,0.19462510710802064,0.06247390458330752,0.4149399541825288,-0.015379874267630822,0.42508298708107006,100,100,0.08,0.07481798953884043,166,0.0
4.003902435302734,0.20085218853610526,0.06602266420490438,0.4066275619294851,-0.015379874267630822,0.42508298708107006,100,100,0.08,0.07917431714103584,134,0.1007077693939209
4.103200197219849,0.20688186804642464,0.0695249949600326,0.39894765457211057,-0.015379874267630822,0.42508298708107006,100,100,0.08,0.08176164556356628,86,0.20000553131103516
4.204772233963013,0.21287748056390954,0.07305936693971354,0.39080817592771483,-0.023349746345819017,0.42508298708107006,100,100,0.08,0.0879636974086897,50,0.3015775680541992
4.303120374679565,0.21816178424058053,0.0762279949024952,0.3840044037477035,-0.023349746345819017,0.42508298708107006,100,100,0.08,0.10194739167158297,24,0.39992570877075195
4.403606414794922,0.22455218235877178,0.0801126991749749,0.3753519529104264,-0.023349746345819017,0.42508298708107006,100,100,0.08,0.1070254782627027,11,0.5004117488861084
4.50316596031189,0.23032396968095264,0.08314566112961363,0.3673826113464864,-0.023349746345819017,0.42508298708107006,100,100,0.08,0.10879164924064375,4,0.5999712944030762
4.6033453941345215,0.23586936407594877,0.08667603250811795,0.35980495937557805,-0.023349746345819017,0.42508298708107006,100,100,0.08,0.10818971488375578,0,0.700150728225708
4.703219175338745,0.24103474047111162,0.09004035670060603,0.3526826856437802,-0.023349746345819017,0.42508298708107006,100,100,0.08,0.10633350258188368,0,0.8000245094299316
4.803638696670532,0.24649186771814316,0.09365577938174942,0.3453486870078745,-0.023349746345819017,0.42508298708107006,100,100,0.08,0.10620186826908443,0,0.9004440307617188
4.903140306472778,0.2522300116283847,0.09754619764393474,0.3372902967604891,-0.023349746345819017,0.42508298708107006,100,100,0.08,0.10416379275352647,0,0.9999456405639648
5.0020129680633545,0.25739808318567525,0.10112035012422181,0.3305052365940006,-0.023349746345819017,0.42508298708107006,100,100,0.08,0.09959352271590925,0,1.098818302154541
5.102874040603638,0.26283959876235363,0.10496089636643659,0.32304287750992566,-0.023349746345819017,0.42508298708107006,100,100,0.08,0.0959584733520456,0,1.1996793746948242
5.2019202709198,0.2679987921572088,0.10925959233966767,0.31647484024687755,-0.013590639486141198,0.4363129568631203,100,100,0.08,0.09055406116162566,0,1.2987256050109863
5.303159952163696,0.27348866314693115,0.11325942834999592,0.3091051787189739,-0.013590639486141198,0.4363129568631203,100,100,0.05,0.21055406116162567,0,1.3999652862548828
5.403555870056152,0.2782829256018151,0.11685303635748646,0.3024825735668654,-0.013590639486141198,0.4363129568631203,100,100,0.045000000000000005,0.2285714285714286,0,1.5003612041473389
5.50319504737854,0.2813600679455162,0.11926498187127943,0.29748311382980325,-0.013590639486141198,0.4363129568631203,100,100,0.065,0.2285714285714286,0,1.6000003814697266
5.600469350814819,0.28470653975027943,0.1219910915112915,0.29273511358409404,-0.013590639486141198,0.4363129568631203,100,100,0.07256954668088987,0.2285714285714286,0,1.6972746849060059
5.703073740005493,0.28846317863802323,0.12517553016333186,0.28787702454278435,-0.013590639486141198,0.4363129568631203,100,100,0.08,0.22109476805069694,0,1.7998790740966797
5.800226449966431,0.29198641141218645,0.1282647472258873,0.28358334911500643,-0.013590639486141198,0.4363129568631203,100,100,0.08,0.1832083826936418,0,1.8970317840576172
5.903127908706665,0.29654563562773145,0.1323903391103259,0.27836132167785305,-0.013590639486141198,0.4363129568631203,100,100,0.08,0.16984360358381959,0,1.9999332427978516
6.003527641296387,0.3007576053920006,0.13632146122184316,0.27377311185343695,-0.013590639486141198,0.4363129568631203,100,100,0.08,0.17159016501750987,0,2.1003329753875732
6.103066921234131,0.3050535160187464,0.14041873869626992,0.2692912603012193,-0.013590639486141198,0.4363129568631203,100,100,0.08,0.17612700421098765,0,2.1998722553253174
6.210502624511719,0.3092707478255872,0.1445406517192617,0.2651221789148724,-0.013590639486141198,0.4363129568631203,100,100,0.08,0.18001092160587237,0,2.3073079586029053
6.302926301956177,0.3133161206238102,0.14859963122944855,0.2614435865805346,-0.013590639486141198,0.4363129568631203,100,100,0.08,0.1829679538095604,0,2.3997316360473633
6.405857801437378,0.31727499367091366,0.15267132285239657,0.2581169744136218,-0.013590639486141198,0.4363129568631203,100,100,0.08,0.17603760794590326,0,2.5026631355285645
6.503049850463867,0.3212922602123822,0.15690843278811453,0.2549743003096461,-0.013590639486141198,0.4363129568631203,100,100,0.08,0.1595948723144292,0,2.5998551845550537
6.601888418197632,0.3239214216016849,0.15973910762715463,0.25308316368172484,-0.013590639486141198,0.4363129568631203,100,100,0.08,0.14318948175299626,0,2.6986937522888184
6.702898740768433,0.3294142616314062,0.16579796880653982,0.24930956935488227,-0.013590639486141198,0.4363129568631203,100,100,0.08,0.12663077502876868,0,2.799704074859619
6.803259611129761,0.3339556739377231,0.1702158651614346,0.24672653747964854,-0.013590639486141198,0.4363129568631203,100,100,0.08,0.1101259381507498,0,2.9000649452209473
6.903129577636719,0.33821429223390426,0.17516831929785454,0.244330947495696,-0.013590639486141198,0.4363129568631203,100,100,0.08,0.09218308936081376,0,2.9999349117279053
7.003112077713013,0.3425463439166421,0.18028540546911156,0.24180593426514016,-0.013590639486141198,0.4363129568631203,100,100,0.08,0.07695228726755106,0,3.099917411804199
7.103067398071289,0.34705866657821927,0.1857092468635503,0.23977020969579535,-0.013590639486141198,0.4363129568631203,100,100,0.08,0.054188967757377346,0,3.1998727321624756
7.205307722091675,0.3500506528349307,0.18934188894790574,0.2379866094302095,-0.013590639486141198,0.4363129568631203,100,100,0.08,0.03368801030037166,0,3.3021130561828613
7.302865743637085,0.3561649903870709,0.19685221482256313,0.234922893800913,-0.013590639486141198,0.4363129568631203,100,100,0.08,0.009412908728429061,0,3.3996710777282715
7.403385162353516,0.3617278140325367,0.20373164736352203,0.2320170940902994,-0.013590639486141198,0.4363129568631203,100,100,0.08,-0.012039824501372545,0,3.500190496444702
7.503378629684448,0.3667967147475121,0.21000461432807066,0.22932771818023645,-0.013590639486141198,0.4363129568631203,100,100,0.08,-0.03129590367728163,0,3.6001839637756348
7.603712797164917,0.37183994247291435,0.2162158475727349,0.22636625291553975,-0.013590639486141198,0.4363129568631203,100,100,0.05,0.0,0,3.7005181312561035
7.703127384185791,0.3753324305677912,0.22052715601257605,0.22457313911496096,-0.013590639486141198,0.4363129568631203,100,100,0.020000000000000004,0.0,0,3.7999327182769775
7.803379535675049,0.3776436929225499,0.2233747275507795,0.22356283834189028,-0.013590639486141198,0.4363129568631203,0,100,0.0,0.0,0,3.9001848697662354
7.903231382369995,0.3776972503575909,0.22345199293533125,0.22354253730933402,-0.013590639486141198,0.4363129568631203,0,100,0.0,0.0,0,4.000036716461182
8.003332614898682,0.3776932251916261,0.2234462301460533,0.2235375850815755,-0.013590639486141198,0.4363129568631203,0,100,0.0,0.0,0,4.100137948989868
8.103504419326782,0.3777013810583211,0.22345495279819055,0.22353421061533554,-0.15982374172163927,0.20489350943001908,0,100,0.0,0.0,0,4.200309753417969
8.20433259010315,0.3776972180935752,0.22344884738413207,0.22349872958234226,-0.15982374172163927,0.20489350943001908,0,100,0.0,-0.12,0,4.301137924194336
8.303123235702515,0.3777916422201636,0.22356302252410673,0.22123625650386028,-0.15982374172163927,0.20489350943001908,0,100,0.0,-0.21361428626393658,0,4.399928569793701
8.40360140800476,0.37782875128765725,0.22360704718783214,0.21593883216248416,-0.15982374172163927,0.20489350943001908,0,100,0.0,-0.32,0,4.500406742095947
8.503608226776123,0.3779664657856238,0.22375848137407445,0.20928388985873317,-0.15982374172163927,0.20489350943001908,0,100,0.0,-0.32,0,4.60041356086731
8.603294849395752,0.3780862211536409,0.2238797808799922,0.2024215156673498,-0.15982374172163927,0.20489350943001908,0,100,0.0,-0.32,0,4.7001001834869385
8.703126430511475,0.37813451187830543,0.22392631223547865,0.19718895743871398,-0.15982374172163927,0.20489350943001908,0,100,0.0,-0.32,0,4.799931764602661
8.80326533317566,0.3781588623401294,0.2239483744964107,0.19337785338506458,-0.15982374172163927,0.20489350943001908,0,100,0.0,-0.32,0,4.900070667266846
8.903013467788696,0.37822797464675784,0.2240037504399589,0.1909944765512813,-0.15982374172163927,0.20489350943001908,0,100,0.0,-0.32,0,4.999818801879883
9.003267765045166,0.3782707460429377,0.22403592706671835,0.1898064579179212,-0.15982374172163927,0.20489350943001908,0,100,0.0,-0.32,0,5.1000730991363525
9.104482173919678,0.3782489699221296,0.22402239925520703,0.18983657975285503,-0.16091926579685878,0.2013048408075997,0,0,0.0,-0.32,0,5.201287508010864
9.203266382217407,0.3781232515064106,0.22394730234488203,0.19113778270680626,-0.16091926579685878,0.2013048408075997,0,0,0.0,-0.32,0,5.300071716308594
9.303266048431396,0.37818856250868677,0.22398730057295685,0.19358394860174236,-0.16091926579685878,0.2013048408075997,0,0,0.01,-0.245,0,5.400071382522583
9.403194665908813,0.37851299626547785,0.22415277307068726,0.1956866484934965,-0.16091926579685878,0.2013048408075997,0,0,0.03,-0.22857142857142856,0,5.5
9.503456354141235,0.38068926039314377,0.22519171391537873,0.19557250707467366,-0.16091926579685878,0.2013048408075997,0,0,0.05,-0.2285714285714286,0,5.600261688232422
9.60301923751831,0.38416682763719,0.22674463555125995,0.19452382769571225,-0.16091926579685878,0.2013048408075997,0,0,0.07,-0.2285714285714286,0,5.699824571609497
9.702837705612183,0.38834673130647424,0.22849022982187636,0.19271110078772286,-0.16091926579685878,0.2013048408075997,0,0,0.0762034077963191,-0.22857142857142856,0,5.799643039703369
9.80313515663147,0.3930179234669724,0.23033766600145367,0.1902431215098252,-0.16091926579685878,0.2013048408075997,0,0,0.0787079551886859,-0.22857142857142856,0,5.899940490722656
9.903287887573242,0.40829280882569263,0.2412418254568088,0.17453534069378512,-0.16091926579685878,0.2013048408075997,0,0,0.08,-0.2265677974603459,0,6.000093221664429
10.007195949554443,0.4132028035324883,0.24298859383288646,0.17311622491404377,-0.16091926579685878,0.2013048408075997,0,0,0.0743360822181881,-0.2285714285714286,0,6.10400128364563
10.103205680847168,0.4180335426916814,0.2445709781273496,0.17201499188263958,-0.16091926579685878,0.2013048408075997,0,0,0.07741732727312385,-0.22857142857142856,0,6.2000110149383545
10.203071117401123,0.422941611045237,0.24605408302497253,0.17019250922284396,-0.16096231555319615,0.20532987029164593,0,0,0.08,-0.22580932717718832,0,6.29987645149231
10.303047180175781,0.42771641244322534,0.24739738349005022,0.16748687996706396,-0.16096231555319615,0.20532987029164593,0,0,0.08,-0.21252976857812156,0,6.399852514266968
10.403305292129517,0.43290705522861983,0.2487729954312761,0.16425103906029104,-0.16096231555319615,0.20532987029164593,0,0,0.08,-0.20683679997178991,2,6.500110626220703
10.503267765045166,0.43815996864115025,0.25006672114637796,0.16141948717515076,-0.16096231555319615,0.20532987029164593,0,0,0.08,-0.20133306739017798,6,6.6000730991363525
10.601155757904053,0.44185746326578185,0.250912331219668,0.15940204737723385,-0.16096231555319615,0.20532987029164593,0,0,0.08,-0.19300340635063012,4,6.697961091995239
10.7031991481781,0.4487862623219378,0.2523506300107203,0.15508413877419325,-0.16096231555319615,0.20532987029164593,0,0,0.08,-0.18452093053423008,4,6.800004482269287
10.803102731704712,0.4493833714688245,0.24294003129471925,0.15709561200024963,-0.16096231555319615,0.20532987029164593,100,0,0.08,-0.1763723270118274,8,6.899908065795898
10.903019428253174,0.4550714611379832,0.2439567013254463,0.1528162198677821,-0.16096231555319615,0.20532987029164593,100,0,0.065,-0.07491066802011957,9,6.99982476234436
11.002487182617188,0.46106612941526054,0.24492962542184712,0.14798733440354667,-0.16096231555319615,0.20532987029164593,100,0,0.035,0.0,9,7.099292516708374
11.102863311767578,0.4655855288668399,0.24562607960803418,0.14349058963928063,-0.16096231555319615,0.20532987029164593,100,0,0.05500000000000001,-0.12,17,7.199668645858765
11.204169034957886,0.4702029292133109,0.246321410215846,0.13979044884846487,-0.16243320971738318,0.22692418872578177,100,0,0.075,-0.13652506227943087,12,7.300974369049072
11.30301833152771,0.4761859655009321,0.24711786197648355,0.13529677125235628,-0.16243320971738318,0.22692418872578177,100,0,0.08,-0.07859409415934882,13,7.3998236656188965
11.403188228607178,0.4828583163197174,0.24792064839603595,0.12908484752736732,-0.16243320971738318,0.22692418872578177,99,0,0.08,-0.07322973446887925,8,7.499993562698364
11.500058650970459,0.48996799335203745,0.24870743345477067,0.122702013622988,-0.16243320971738318,0.22692418872578177,99,0,0.065,0.0,0,7.5968639850616455
11.603285789489746,0.4937572583988286,0.24907868177681775,0.11903464509790312,-0.16243320971738318,0.22692418872578177,99,0,0.035,0.0,11,7.700091123580933
11.70297646522522,0.48594480708633997,0.25031158036493206,0.12727316387440374,-0.16243320971738318,0.22692418872578177,99,0,0.0050000000000000044,0.0,0,7.799781799316406
11.803112030029297,0.4866750473080424,0.25037394705553684,0.12657131078473227,-0.16243320971738318,0.22692418872578177,99,0,0.0,0.0,0,7.899917364120483
11.903098106384277,0.48592711587886533,0.25030020238731404,0.1271839946477621,-0.16243320971738318,0.22692418872578177,99,0,0.0,0.0,0,7.999903440475464
12.00906491279602,0.485285511814049,0.25023981871435014,0.12772831393252143,-0.16243320971738318,0.22692418872578177,99,0,0.0,0.0,0,8.105870246887207
12.1032133102417,0.4842305701504189,0.2501386593431393,0.12875066657018358,-0.16243320971738318,0.22692418872578177,99,0,0.0,0.0,14,8.200018644332886
12.203184366226196,0.4835455673064875,0.25007372074779266,0.12941969091285077,-0.16243320971738318,0.22692418872578177,99,0,0.0,0.0,4,8.299989700317383
12.303100109100342,0.4827584927594595,0.24999877450781216,0.13017274419080055,-0.16243320971738318,0.22692418872578177,99,0,0.0,0.0,12,8.399905443191528
12.403140306472778,0.4821063144556126,0.2499351954911178,0.13083628143082943,-0.16243320971738318,0.22692418872578177,99,0,0.0,0.0,8,8.499945640563965
12.503435611724854,0.48106790797446725,0.24983387292237347,0.13186986970307796,-0.16243320971738318,0.22692418872578177,99,0,-0.05000000074505806,0.0,0,8.60024094581604
12.603192329406738,0.4798825443842052,0.24971678544842144,0.13300166555759735,-0.16243320971738318,0.22692418872578177,99,0,-0.05000000074505806,0.0,8,8.699997663497925
12.703428030014038,0.47498560247835203,0.24922567517909358,0.13782990368462184,-0.16243320971738318,0.22692418872578177,99,0,-0.05000000074505806,0.0,27,8.800233364105225
12.803033113479614,0.47007747278345186,0.2487384364102048,0.14283518661198802,-0.16243320971738318,0.22692418872578177,99,0,-0.05000000074505806,0.0,6,8.8998384475708
12.903269529342651,0.4652202843150714,0.24825267793307906,0.14752401260617526,-0.16243320971738318,0.22692418872578177,99,0,-0.05000000074505806,0.0,14,9.000074863433838
13.000036001205444,0.4602655706596834,0.2477519148592651,0.15256388660266307,-0.16243320971738318,0.22692418872578177,99,0,-0.05000000074505806,0.0,24,9.09684133529663
13.103153705596924,0.45533194162708446,0.24725206593321344,0.28200001192092905,-0.1616741740442307,0.21107117960153993,99,99,-0.05000000074505806,0.0,72,0.0
13.203182220458984,0.4503860196792088,0.24674761361265998,0.2870594176577256,-0.1616741740442307,0.21107117960153993,99,99,-0.05000000074505806,0.0,53,0.10002851486206055
13.303243160247803,0.4454616872116212,0.2462456893792994,0.29182412003685065,-0.1616741740442307,0.21107117960153993,99,99,-0.05000000074505806,0.0,62,0.2000894546508789
13.403116464614868,0.44047311012053425,0.24573178003838558,0.29689685141712463,-0.1616741740442307,0.21107117960153993,99,99,-0.05000000074505806,0.0,75,0.29996275901794434
13.503279447555542,0.43582262324057375,0.24525303384616381,0.30133622216435696,-0.1616741740442307,0.21107117960153993,99,99,-0.05000000074505806,0.0,73,0.40012574195861816
13.603283166885376,0.4308481605131951,0.24473090490485347,0.30300000977516184,-0.1629946698472312,0.21107117960153993,99,99,-0.05000000074505806,0.0,62,0.0
13.703238010406494,0.42592847413924195,0.2442164394186777,0.30786556017575784,-0.1629946698472312,0.21107117960153993,99,99,-0.05000000074505806,0.0,70,0.09995484352111816
13.803271532058716,0.42091085570832615,0.2436829862285986,0.3127681058745121,-0.1629946698472312,0.21107117960153993,99,99,-0.05000000074505806,0.0,90,0.19998836517333984
13.903348207473755,0.4159943544907445,0.24316155572294332,0.3176597872092989,-0.1629946698472312,0.21107117960153993,99,99,-0.05000000074505806,0.0,65,0.3000650405883789
14.003137826919556,0.41100293759196743,0.24262492964444599,0.3225429728171446,-0.1629946698472312,0.21107117960153993,99,99,-0.05000000074505806,0.0,72,0.3998546600341797
14.10314154624939,0.4061018391209102,0.24209794963418235,0.3273888136277029,-0.1629946698472312,0.21107117960153993,99,99,-0.05000000074505806,0.0,68,0.49985837936401367
14.20319390296936,0.4011062758075841,0.24155091452310995,0.3320000238418579,-0.15572710379346721,0.21107117960153993,99,99,-0.05000000074505806,0.0,66,0.0
14.30305027961731,0.39621440041908496,0.24101515043421656,0.33692602095897783,-0.15572710379346721,0.21107117960153993,99,99,-0.05000000074505806,0.0,76,0.09985637664794922
14.403234720230103,0.3912200774434076,0.24046138969117015,0.3417024919201867,-0.15572710379346721,0.21107117960153993,99,99,-0.05000000074505806,0.0,84,0.2000408172607422
14.503274917602539,0.38632325610539253,0.2399176030238528,0.3466126535798288,-0.15572710379346721,0.21107117960153993,99,99,-0.05000000074505806,0.0,92,0.3000810146331787
14.60326337814331,0.38135418962832257,0.23935687069969874,0.3511848027409456,-0.15572710379346721,0.21107117960153993,99,99,-0.05000000074505806,0.0,80,0.4000694751739502
14.701675176620483,0.37790472711722944,0.2389649343020916,0.3546953493387662,-0.15572710379346721,0.21107117960153993,99,99,-0.05000000074505806,0.0,81,0.49848127365112305
14.8031005859375,0.3715409626310263,0.23823161840375137,0.280000007867813,-0.16454393183771437,0.22692418872578177,99,99,-0.05000000074505806,0.0,281,0.0
14.90320897102356,0.3665849616477817,0.23802778053048668,0.2851321944044122,-0.16454393183771437,0.22692418872578177,99,99,-0.05000000074505806,0.0,476,0.10010838508605957
15.00370454788208,0.3616557757428598,0.23766346481042194,0.28990961934043,-0.16454393183771437,0.22692418872578177,99,99,-0.05000000074505806,0.0,484,0.20060396194458008
15.10343074798584,0.35673068755664217,0.23708988554221488,0.29494510894854453,-0.16454393183771437,0.22692418872578177,99,99,-0.05000000074505806,0.0,481,0.30033016204833984
15.20321774482727,0.3518318645954759,0.2365163508127953,0.2994083659988573,-0.16454393183771437,0.22692418872578177,99,99,-0.05000000074505806,0.0,511,0.4001171588897705
15.303159952163696,0.34690050678442785,0.235923386405132,0.3020000226497651,-0.16363832649948282,0.22692418872578177,99,99,-0.05000000074505806,0.0,522,0.0
15.403220176696777,0.3420171065384818,0.2353332286026522,0.3063781710876622,-0.16363832649948282,0.22692418872578177,99,99,-0.05000000074505806,0.0,528,0.10006022453308105
15.503501653671265,0.3370272084916644,0.23471596458922733,0.3114336732802464,-0.16363832649948282,0.22692418872578177,99,99,-0.05000000074505806,0.0,519,0.20034170150756836
15.604026794433594,0.3320963240606325,0.23410372150334396,0.3159951348726707,-0.16363832649948282,0.22692418872578177,100,99,0.0,0.0,508,0.30086684226989746
15.703124523162842,0.32867342387308784,0.23367119080066862,0.31936968678247396,0.03890517527048168,0.4540174893928369,100,99,0.0,0.0,505,0.3999645709991455
15.803044080734253,0.3285488145872718,0.23365545208632427,0.3195045982160241,0.03890517527048168,0.4540174893928369,100,99,0.0,0.0,525,0.49988412857055664
15.90345287322998,0.32855930461819427,0.23365677690059458,0.32200000357627867,0.04372729373178191,0.4540174893928369,100,99,0.02,-0.00544344971181958,528,0.0
16.00538158416748,0.32909403126578934,0.23372431720313616,0.3214827966897428,0.04372729373178191,0.4540174893928369,100,99,0.04,-0.005346705763287599,533,0.1019287109375
16.103251457214355,0.3322806442128126,0.23412296240509273,0.31847679084456115,0.04372729373178191,0.4540174893928369,100,100,0.010000000000000002,0.0,510,0.199798583984375
16.203195810317993,0.33481574226812916,0.2344369425751805,0.31593662042269666,0.04372729373178191,0.4540174893928369,99,100,0.0,0.0,519,0.2997429370880127
16.303243398666382,0.33484137953311743,0.23443999043312683,0.315906030250634,0.04372729373178191,0.4540174893928369,99,100,0.0,0.0,513,0.39979052543640137
16.40355682373047,0.33484569691085103,0.2344405130659379,0.31700000834465025,0.04132292399259338,0.4540174893928369,99,100,0.0,0.0,512,0.0
16.502997875213623,0.3348402780156684,0.2344398357717964,0.31699383329668074,0.04132292399259338,0.4540174893928369,99,100,0.0,0.0,510,0.0994410514831543
16.603004932403564,0.3348471065574905,0.23444067700918045,0.3169853448565366,0.04132292399259338,0.4540174893928369,99,100,0.0,0.0,516,0.1994481086730957
16.700823068618774,0.33484228138219285,0.23444007409263515,0.31699734208156394,0.04132292399259338,0.4540174893928369,99,100,0.0,0.0,498,0.29726624488830566
16.800216913223267,0.33484376933530935,0.23444025469655358,0.31699374149073645,0.04132292399259338,0.4540174893928369,100,100,0.0,0.0,509,0.39666008949279785
16.903335332870483,0.33484027020421137,0.23443981718717832,0.3170004932480026,0.04132292399259338,0.4540174893928369,100,100,0.0,0.0,522,0.49977850914001465
17.0034077167511,0.33484323292020657,0.23444018124159532,0.31700000834465014,0.041313704300437626,0.4540174893928369,100,100,0.0,0.0,518,0.0
17.10318398475647,0.33484023293178256,0.23443980617924878,0.3170055808733918,0.041313704300437626,0.4540174893928369,100,100,0.0,0.0,509,0.0997762680053711
17.20323896408081,0.33484275144435993,0.23444011569103185,0.31699963605819104,0.041313704300437626,0.4540174893928369,100,100,0.0,0.0,513,0.19983124732971191
17.303128004074097,0.3348401875803493,0.23443979631730233,0.31699559015519674,0.041313704300437626,0.4540174893928369,100,100,0.0,0.0,500,0.29972028732299805
17.403666019439697,0.33484232688206017,0.23444005905373164,0.31700347305475474,0.041313704300437626,0.4540174893928369,100,100,0.0,0.0,510,0.40025830268859863
17.50327157974243,0.3348401401703872,0.23443978613028357,0.3170112241842512,0.041313704300437626,0.4540174893928369,100,100,0.0,0.0,521,0.499863862991333
17.600181102752686,0.3348419545459593,0.2344400086975627,0.31700000834465025,0.041371065815750646,0.4540174893928369,100,100,0.0,0.0,504,0.0
17.70312190055847,0.3348400930383263,0.23443977654664347,0.31701018854172214,0.041371065815750646,0.4540174893928369,100,100,0.0,0.0,518,0.10294079780578613
17.803221702575684,0.33484163083707963,0.23443996508579093,0.3170083288587877,0.041371065815750646,0.4540174893928369,100,100,0.0,0.0,504,0.20304059982299805
17.90320348739624,0.33484004987543176,0.23443976831678676,0.31701286425324327,0.041371065815750646,0.4540174893928369,100,100,0.0,0.0,515,0.3030223846435547
18.003085613250732,0.334841351246249,0.23443992773068673,0.3170166709567561,0.041371065815750646,0.4540174893928369,100,100,0.0,0.0,520,0.4029045104980469
18.103023529052734,0.3348400113906517,0.23443976084047838,0.31700000834465036,0.04150778180376061,0.4540174893928369,100,100,0.0,0.0,505,0.0
18.20299506187439,0.3348419321143759,0.23443999689540568,0.31699953121482916,0.04150778180376061,0.4540174893928369,100,100,0.0,0.0,507,0.09997153282165527
18.303077936172485,0.3348399852327096,0.23443975567159656,0.3169991978683798,0.04150778180376061,0.4540174893928369,100,100,0.0,0.0,509,0.20005440711975098
18.40325903892517,0.3348416292987491,0.23443995771949372,0.3170025983526312,0.04150778180376061,0.4540174893928369,100,100,0.0,0.0,504,0.3002355098724365
18.503761053085327,0.3348399566950254,0.2344397504002082,0.31700708876916317,0.04150778180376061,0.4540174893928369,100,100,0.0,0.0,517,0.4007375240325928
18.6031973361969,0.33484136963904926,0.2344399240203777,0.31700000834465025,0.04156977913114571,0.4540174893928369,100,100,0.0,0.0,507,0.0
18.700371980667114,0.3348399376012534,0.23443974678387056,0.31699466554494427,0.04156977913114571,0.4540174893928369,100,100,0.0,0.0,515,0.09717464447021484
18.803211212158203,0.33484123923620673,0.2344399070227288,0.3169878393398011,0.04156977913114571,0.4540174893928369,100,100,0.0,0.0,508,0.2000138759613037
18.90335988998413,0.3348399242499278,0.2344397443835846,0.31699254608145033,0.04156977913114571,0.4540174893928369,100,100,0.0,0.0,505,0.30016255378723145
19.003828525543213,0.33484103779794183,0.23443988143259423,0.3169881451011425,0.04156977913114571,0.4540174893928369,100,100,0.0,0.0,501,0.4006311893463135
19.103219985961914,0.33483990489241394,0.2344397413184315,0.31700000834465025,0.041521331267367095,0.4540174893928369,100,100,0.0,0.0,506,0.0
19.200109004974365,0.3348398546924703,0.23443973489396727,0.31700176184725015,0.041521331267367095,0.4540174893928369,100,100,0.0,0.0,516,0.09688901901245117
19.303393363952637,0.33483949530266227,0.23443969011300791,0.31700724972608074,0.041521331267367095,0.4540174893928369,100,100,0.0,0.0,512,0.20017337799072266
19.403107166290283,0.3348402110227158,0.23443977796857696,0.317012723106584,0.041521331267367095,0.4540174893928369,100,100,0.0,0.0,535,0.29988718032836914
19.503194093704224,0.33483950107101323,0.2344396903408146,0.317005115029213,0.041521331267367095,0.4540174893928369,100,100,0.0,0.0,501,0.39997410774230957
19.603638172149658,0.33484011065821867,0.23443976539018657,0.31700000834465014,0.04354470295521179,0.4540174893928369,100,100,0.0,0.0,510,0.0
19.703465223312378,0.3348395006931377,0.23443969001487208,0.31700216108439017,0.04354470295521179,0.4540174893928369,100,100,0.0,0.0,520,0.09982705116271973
19.803130388259888,0.3348400194044159,0.2344397539078609,0.31699504924075916,0.04354470295521179,0.4540174893928369,100,100,0.0,0.0,506,0.1994922161102295
19.903106451034546,0.3348394960016651,0.23443968920235417,0.3170013915662169,0.04354470295521179,0.4540174893928369,100,100,0.0,0.0,506,0.2994682788848877
20.003212451934814,0.33483993748249385,0.23443974372631327,0.3169875681287384,0.04354470295521179,0.4540174893928369,100,100,0.0,0.0,501,0.39957427978515625
20.10117268562317,0.3348394892692815,0.23443968829805745,0.3169902873297258,0.04354470295521179,0.4540174893928369,100,100,0.0,0.0,512,0.49753451347351074
20.20328450202942,0.334839864668226,0.23443973455036157,0.31700000834465036,0.0415108183463308,0.4540174893928369,100,100,0.0,0.0,500,0.0
20.302876949310303,0.33483948165779565,0.2344396871807782,0.3169995805549013,0.0415108183463308,0.4540174893928369,100,100,0.0,0.0,509,0.09959244728088379
20.40300178527832,0.33483980059931345,0.23443972651490003,0.3170018288564407,0.0415108183463308,0.4540174893928369,100,100,0.0,0.0,511,0.19971728324890137
20.50359058380127,0.33483947392234054,0.2344396861402594,0.317000734873246,0.0415108183463308,0.4540174893928369,100,100,0.0,0.0,505,0.3003060817718506
20.60309648513794,0.3348399246164542,0.23443974178917143,0.31698779083616846,0.0415108183463308,0.4540174893928369,100,100,0.0,0.0,523,0.3998119831085205
20.703144550323486,0.3348394684889404,0.23443968547060925,0.3169863477070832,0.0415108183463308,0.4540174893928369,100,100,0.0,0.0,507,0.4998600482940674
20.803078174591064,0.33483985458386434,0.23443973311145946,0.31700000834465036,0.04316748620877822,0.4540174893928369,100,100,0.0,0.0,504,0.0
20.902587413787842,0.3348395986472609,0.23443970147568963,0.31699825929063863,0.04316748620877822,0.4540174893928369,100,100,0.0,0.0,508,0.09950923919677734
21.00356936454773,0.33483979376592055,0.23443972550637632,0.31700400784976956,0.04316748620877822,0.4540174893928369,100,100,0.0,0.0,511,0.20049118995666504
21.102970838546753,0.3348394566858499,0.2344396838345698,0.31700837848506547,0.06490027962359274,0.4540174893928369,100,100,0.01,0.06,514,0.2998926639556885
21.202940464019775,0.3350285858109893,0.23446314652806877,0.31644391738659383,0.06490027962359274,0.4540174893928369,100,100,0.03,0.18,510,0.39986228942871094
21.30078363418579,0.33764456949110716,0.2348076863123392,0.3115479302242232,0.06490027962359274,0.4540174893928369,100,100,0.025,0.14268479215908253,505,0.49770545959472656
21.402953386306763,0.34091197741022233,0.2352819669208101,0.31300003004074106,0.05082479870694381,0.4540174893928369,100,100,0.0,0.0,483,0.0
21.503392219543457,0.34183715593396874,0.2354220294274126,0.3119864806245526,0.05082479870694381,0.4540174893928369,100,100,0.02,0.12,403,0.10043883323669434
21.60293960571289,0.3429694450187572,0.23559409172707532,0.3099359727590287,0.05082479870694381,0.4540174893928369,100,100,0.04,0.20190775477570788,402,0.19998621940612793
21.703138828277588,0.3461540651387393,0.2361049032953746,0.3047328925521418,0.05082479870694381,0.4540174893928369,100,100,0.010000000000000002,0.05190775477570787,376,0.3001854419708252
21.803186655044556,0.34822606288714375,0.23646300878636273,0.3016021028898305,0.05082479870694381,0.4540174893928369,100,100,0.0,0.0,354,0.40023326873779297
21.903269290924072,0.34830137062083233,0.2364779671287436,0.3010000057220459,0.044354810401219746,0.4540174893928369,99,100,0.0,0.0,284,0.0
22.00335431098938,0.3483046861172937,0.23647857289582508,0.3009947975943804,0.044354810401219746,0.4540174893928369,99,100,0.0,0.0,273,0.10008502006530762
22.10332727432251,0.34830559333518524,0.23647870644915103,0.300999326596876,-0.1604596042669792,0.21103978316002286,99,0,0.01,-0.06,278,0.2000579833984375
22.203129768371582,0.34860315373629913,0.23653006705718227,0.30096691783465,-0.1604596042669792,0.21103978316002286,99,0,0.03,-0.07572827505636384,271,0.29986047744750977
22.303186416625977,0.3506319028089915,0.23686834916609936,0.2999903218603077,-0.1604596042669792,0.21103978316002286,99,0,0.05,-0.07114961585964993,296,0.3999171257019043
22.403355836868286,0.3546168969006227,0.23748844219533657,0.30000001859664915,-0.16211770701237888,0.21103978316002286,100,0,0.07,-0.06563444493168726,320,0.0
22.504934310913086,0.3606982368618516,0.23839091383262012,0.2949111153762046,-0.16211770701237888,0.21103978316002286,100,0,0.08,-0.06401707049504413,355,0.1015784740447998
22.60314130783081,0.3676595773986147,0.23935090585905483,0.2884420572360825,-0.16211770701237888,0.21103978316002286,100,0,0.05,0.0,362,0.19978547096252441
22.70286226272583,0.3737142587265394,0.24016876739166496,0.2824452574450592,-0.16211770701237888,0.21103978316002286,100,0,0.07,-0.062381721262496,373,0.29950642585754395
22.80325198173523,0.379853395642677,0.2409626078628773,0.27703003187016506,-0.16211770701237888,0.21103978316002286,100,0,0.08,-0.06227297595268022,355,0.39989614486694336
22.90037703514099,0.38704229473449947,0.241840326176975,0.27074247092244064,-0.16211770701237888,0.21103978316002286,100,0,0.065,0.0,146,0.4970211982727051
23.000412940979004,0.3907089694662366,0.24225425552072025,0.35300002169609057,-0.1633589656784688,0.19739314123499724,99,0,0.035,0.0,70,0.0
23.103440046310425,0.39246712842175724,0.24245360642105432,0.3513371227573152,-0.1633589656784688,0.19739314123499724,99,0,0.0050000000000000044,0.0,69,0.1030271053314209
23.20317554473877,0.3931489656502712,0.24252970681405503,0.35063713813975417,-0.1633589656784688,0.19739314123499724,99,0,0.0,0.0,77,0.20276260375976562
23.30312466621399,0.39243727245322985,0.24244868575939002,0.351314929392296,-0.1633589656784688,0.19739314123499724,99,0,0.0,0.0,72,0.30271172523498535
23.400431156158447,0.3918099727009084,0.2423772316527339,0.35185046780468354,-0.1633589656784688,0.19739314123499724,99,0,0.0,0.0,73,0.40001821517944336
23.503212451934814,0.390734148742655,0.24225396814507202,0.34700000953674326,-0.16121281682155933,0.19739314123499724,99,0,0.0,0.0,75,0.0
23.60327649116516,0.38986952402524966,0.242154192896895,0.347725414340873,-0.16121281682155933,0.19739314123499724,99,0,0.0,0.0,66,0.10006403923034668
23.703203439712524,0.3893918484833487,0.24209894130440496,0.3482462082665285,-0.16121281682155933,0.19739314123499724,99,0,0.0,0.0,74,0.19999098777770996
23.803144931793213,0.3884020231896871,0.2419844797570518,0.34928880655010364,-0.16121281682155933,0.19739314123499724,99,0,0.0,0.0,77,0.29993247985839844
23.903278827667236,0.38784592843086135,0.24192011339488295,0.34975902477486465,-0.16121281682155933,0.19739314123499724,99,0,-0.05000000074505806,0.0,67,0.4000663757324219
24.003225326538086,0.38592535561161967,0.241695266975558,0.35100001764297484,-0.16367361361631325,0.19739314123499724,99,0,-0.05000000074505806,0.0,81,0.0
24.10335421562195,0.38107361854480365,0.24112041724639577,0.35584633438480073,-0.16367361361631325,0.19739314123499724,99,99,-0.05000000074505806,0.0,64,0.1001288890838623
24.200330018997192,0.3761071797344191,0.2405339374532917,0.36067996922278844,-0.16367361361631325,0.19739314123499724,99,99,-0.05000000074505806,0.0,61,0.19710469245910645
24.302939653396606,0.37119826400096234,0.23994299915848927,0.36542786645377745,-0.16367361361631325,0.19739314123499724,99,99,-0.05000000074505806,0.0,62,0.2997143268585205
24.40305256843567,0.366328590910741,0.23936156322097843,0.3704329581799056,-0.16367361361631325,0.19739314123499724,99,99,-0.05000000074505806,0.0,63,0.399827241897583
24.503406047821045,0.36190300670619474,0.23882447308184984,0.2920000023841859,-0.16156943362124043,0.21103978316002286,100,100,-0.05000000074505806,0.0,441,0.0
24.60310173034668,0.356480025042378,0.23816649264753795,0.2975277667472378,-0.16156943362124043,0.21103978316002286,100,100,-0.05000000074505806,0.0,444,0.09969568252563477
24.703148126602173,0.3518428036309756,0.23759833898380814,0.3020131444692693,-0.16156943362124043,0.21103978316002286,100,100,-0.05000000074505806,0.0,479,0.19974207878112793
24.80335807800293,0.34660667698528697,0.2369583617908489,0.30741485163735693,-0.16156943362124043,0.21103978316002286,100,100,-0.05000000074505806,0.0,491,0.29995203018188477
24.903249263763428,0.34195719953927334,0.2363845908841196,0.31169302663979237,-0.16156943362124043,0.21103978316002286,100,100,-0.05000000074505806,0.0,491,0.3998432159423828
25.00348448753357,0.3369848708199476,0.2357668477642135,0.3140000171661377,-0.16275728574802323,0.215021534107957,100,100,-0.05000000074505806,0.0,494,0.0
25.102977991104126,0.33184857391513395,0.23512438609252348,0.318841096560151,-0.16275728574802323,0.215021534107957,100,100,-0.05000000074505806,0.0,516,0.09949350357055664
25.203272581100464,0.32687874519365295,0.23450144552314942,0.3240848511106741,-0.16275728574802323,0.215021534107957,100,100,-0.05000000074505806,0.0,523,0.19978809356689453
25.303176641464233,0.32197447940197016,0.23388345353504095,0.3285522603954344,-0.16275728574802323,0.215021534107957,100,100,-0.05000000074505806,0.0,530,0.29969215393066406
25.40324378013611,0.3172574335468925,0.23328325615915588,0.3335069797251773,-0.16275728574802323,0.215021534107957,100,100,-0.05000000074505806,0.0,542,0.39975929260253906
25.503429889678955,0.31233304928565275,0.232657317611819,0.33822590776406414,-0.16275728574802323,0.215021534107957,100,100,-0.05000000074505806,0.0,523,0.49994540214538574
25.600000143051147,0.30734202186521464,0.23202022260473168,0.34200001430511484,-0.16158173992866107,0.215021534107957,100,100,-0.05000000074505806,0.0,517,0.0
25.703320264816284,0.3023980421772944,0.23139320079441777,0.3467707390006929,-0.16158173992866107,0.215021534107957,100,100,-0.05000000074505806,0.0,538,0.10332012176513672
25.80316948890686,0.29741370425741126,0.23075789183536552,0.3520246658719447,-0.16158173992866107,0.215021534107957,100,100,-0.05000000074505806,0.0,536,0.2031693458557129
25.90329360961914,0.2924869681544255,0.23013266981032235,0.3566384362836522,-0.16158173992866107,0.215021534107957,100,100,-0.05000000074505806,0.0,533,0.30329346656799316
26.00316834449768,0.287519241689585,0.22949690994358238,0.36191357214396314,-0.16158173992866107,0.215021534107957,100,100,-0.05000000074505806,0.0,535,0.4031682014465332
26.102864742279053,0.2825688739595386,0.22886954806120335,0.36800000739097605,-0.1634493290960043,0.21103978316002286,100,100,-0.05000000074505806,0.0,531,0.0
26.203027486801147,0.277614823373396,0.2282334258148038,0.37299334105687443,-0.1634493290960043,0.21103978316002286,100,100,-0.05000000074505806,0.0,543,0.10016274452209473
26.301169872283936,0.2625650019826602,0.2281961690215948,0.3882749253304475,-0.1634493290960043,0.21103978316002286,100,100,-0.05000000074505806,0.0,546,0.1983051300048828
26.40325355529785,0.2576345027973471,0.2275778074227954,0.39319882839629683,-0.1634493290960043,0.21103978316002286,100,100,-0.05000000074505806,0.0,549,0.30038881301879883
26.503117322921753,0.2526178629152869,0.2269531053239208,0.39825259511357847,-0.1634493290960043,0.21103978316002286,100,100,-0.05000000074505806,0.0,559,0.4002525806427002
26.603124141693115,0.2477135806940988,0.22633432653939797,0.39000002217292784,-0.15546413547679616,0.215021534107957,100,99,-0.05000000074505806,0.0,564,0.0
26.703266382217407,0.24273356956892414,0.2257111831919988,0.3951369069805164,-0.15546413547679616,0.215021534107957,100,99,-0.05000000074505806,0.0,573,0.10014224052429199
26.803232192993164,0.2377921132306135,0.22508999334743846,0.40004021229707576,-0.15546413547679616,0.215021534107957,100,99,-0.05000000074505806,0.0,571,0.20010805130004883
26.903162717819214,0.23282240093302234,0.22447058038377024,0.40516540535035817,-0.15546413547679616,0.215021534107957,100,99,-0.05000000074505806,0.0,575,0.30003857612609863
27.000508069992065,0.22792690336591084,0.22385549951557154,0.4099666831940636,0.07971641843253716,0.4867905908246442,100,99,0.0,0.0,586,0.3973839282989502
27.103050708770752,0.22595944280896185,0.22360808663737056,0.4119470077808617,0.07971641843253716,0.4867905908246442,100,100,0.02,0.12,578,0.4999265670776367
27.203401565551758,0.22700911564787707,0.2237442217793013,0.4170000321865083,0.08776722847564636,0.4867905908246442,100,100,0.04,0.19138411730457594,581,0.0
27.303093671798706,0.23049921232672121,0.22424291223558196,0.410605977793197,0.08776722847564636,0.4867905908246442,100,100,0.060000000000000005,0.18593419797608854,570,0.09969210624694824
27.403330326080322,0.23458258600866638,0.22490809921516305,0.40349597894648187,0.08776722847564636,0.4867905908246442,100,100,0.08,0.17840279394576147,522,0.19992876052856445
27.5032320022583,0.23988796611043445,0.2258648889899919,0.3958209534042676,0.08776722847564636,0.4867905908246442,100,100,0.08,0.17176570665405128,469,0.29983043670654297
27.603252410888672,0.24541545983258087,0.2269363069481196,0.3885444194486724,0.08776722847564636,0.4867905908246442,100,100,0.08,0.16910658033564907,417,0.39985084533691406
27.703014612197876,0.25125565587508747,0.2281376504791261,0.3806677516665858,0.08776722847564636,0.4867905908246442,100,100,0.08,0.16146573486269497,375,0.49961304664611816
27.80327844619751,0.2570010193513972,0.22940284602541985,0.380000031709671,0.04395518413164429,0.4867905908246442,100,100,0.08,0.15246764803047813,344,0.0
27.90327525138855,0.2624756453588963,0.23067297929381944,0.37314222249158385,0.04395518413164429,0.4867905908246442,100,100,0.08,0.14385833851429683,285,0.09999680519104004
28.00361704826355,0.2684178803985142,0.2321171823174804,0.3647651339386156,0.04395518413164429,0.4867905908246442,100,100,0.08,0.13666809188311702,248,0.20033860206604004
28.10308814048767,0.2743211596433782,0.23364288048456927,0.3567743183019144,0.04395518413164429,0.48680126263607293,100,100,0.08,0.12745499840422084,194,0.29980969429016113
28.203152179718018,0.28044885488416915,0.23528372950062723,0.34895098385959195,0.04395518413164429,0.48680126263607293,100,100,0.08,0.12039599273550856,109,0.3998737335205078
28.303235054016113,0.28657595979731987,0.23700701607371102,0.34042542099670636,0.04395518413164429,0.48680126263607293,100,100,0.08,0.11055140453715108,52,0.4999566078186035
28.4037868976593,0.2825965837459794,0.22929510632868583,0.34564303740493235,0.04395518413164429,0.48680126263607293,100,100,0.08,0.12310760397935244,43,0.600508451461792
28.50336217880249,0.2888523847639154,0.23116244971591818,0.33717543071976,0.04395518413164429,0.48680126263607293,100,100,0.08,0.11710735720320788,16,0.7000837326049805
28.60333013534546,0.29486626488365986,0.2330472357180092,0.32950447844544783,0.04395518413164429,0.48680126263607293,100,100,0.08,0.10522608166380323,20,0.8000516891479492
28.703567504882812,0.30115066314778427,0.23506820763479574,0.3212518649749926,0.04395518413164429,0.48680126263607293,100,100,0.08,0.0982570027289958,9,0.9002890586853027
28.802922248840332,0.30745077405279986,0.23719042682815444,0.313169991308419,0.04395518413164429,0.48680126263607293,100,100,0.08,0.08439802129838261,0,0.9996438026428223
28.903353691101074,0.3139371228243677,0.23942580320763368,0.305372059478089,0.04395518413164429,0.48680126263607293,100,100,0.08,0.07643779148446252,0,1.1000752449035645
29.00308847427368,0.3205001027838732,0.2417716297766996,0.29715075981312244,0.04395518413164429,0.48680126263607293,100,100,0.08,0.06420952933188001,0,1.1998100280761719
29.102947473526,0.326925687279373,0.2441149781832321,0.2894156213965865,0.04395518413164429,0.4862406976436714,100,100,0.08,0.05561417060225419,0,1.2996690273284912
29.20306158065796,0.32428697610855517,0.2464147703778975,0.29048062255562956,0.04395518413164429,0.4862406976436714,100,100,0.08,0.03773674302632533,0,1.3997831344604492
29.303184509277344,0.3315293020554504,0.24920726135866955,0.2819649509231709,0.04395518413164429,0.4862406976436714,100,100,0.08,0.030641867942802898,0,1.499906063079834
29.40298318862915,0.33890190780276497,0.25209588562591334,0.2740396447829214,0.04395518413164429,0.4862406976436714,100,100,0.08,0.020376860595841016,0,1.5997047424316406
29.503236770629883,0.34636466760902607,0.255048682903272,0.2661204706946529,0.04395518413164429,0.4862406976436714,100,100,0.08,0.012255917177402282,0,1.699958324432373
29.602824926376343,0.3539099729499362,0.2580596406406239,0.257830657763569,0.04395518413164429,0.4862406976436714,100,100,0.08,0.005703366061972241,0,1.799546480178833
29.703306913375854,0.3610434191851877,0.26092201269350146,0.2501447228686275,0.04395518413164429,0.4862406976436714,100,100,0.08,-0.0004990415529034741,0,1.9000284671783447
29.80303692817688,0.379049271688671,0.2736293791348865,0.23080883148669698,0.04395518413164429,0.4862406976436714,100,100,0.065,0.0,0,1.9997584819793701
29.90334153175354,0.3857960025682448,0.2763847821605606,0.2240264455515495,0.04395518413164429,0.4862406976436714,100,100,0.08,-0.042908865637240626,0,2.1000630855560303
30.00408411026001,0.3929472473731887,0.2792843318511556,0.2170244737017083,0.04395518413164429,0.4862406976436714,0,100,0.08,-0.048485954466871484,0,2.2008056640625
30.103087186813354,0.39993139568142466,0.28206484234907603,0.21024566243315138,0.04395518413164429,0.47506236998313744,0,100,0.08,-0.050396668907761955,0,2.2998087406158447
30.20296001434326,0.40698043051914917,0.2848289906866938,0.20369174472450696,0.04395518413164429,0.47506236998313744,0,100,0.08,-0.04442665125369804,0,2.399681568145752
30.303225994110107,0.4139906560470459,0.28753171005661005,0.19683859283696187,0.04395518413164429,0.47506236998313744,0,100,0.08,-0.03269853632418179,0,2.4999475479125977
30.40339422225952,0.42111332132416324,0.2902412499706201,0.19000833476143578,0.04395518413164429,0.47506236998313744,0,100,0.08,-0.020030568083287018,0,2.6001157760620117
30.503581285476685,0.4282088241341177,0.29291986285487365,0.1830690871817532,0.04395518413164429,0.47506236998313744,0,100,0.08,-0.010525458029949869,0,2.700302839279175
30.603222131729126,0.43612418652218504,0.295891665969301,0.1750500582274129,0.04395518413164429,0.47506236998313744,0,100,0.08,-0.0005615171334478648,0,2.799943685531616
30.70058012008667,0.4409296125959735,0.29769445430644526,0.17027385262993397,0.04395518413164429,0.47506236998313744,0,100,0.08,0.008953671340901071,0,2.89730167388916
30.802912712097168,0.4510325878143406,0.3014967957554938,0.1602312961089334,0.04395518413164429,0.47506236998313744,0,100,0.08,0.017689356738103183,0,2.999634265899658
30.903292179107666,0.4585551063468127,0.30434019506583365,0.15275306815012654,0.04395518413164429,0.47506236998313744,0,100,0.08,0.02564359308083492,0,3.1000137329101562
31.003159523010254,0.46610804634054814,0.30721236004909386,0.14530986662518053,0.04395518413164429,0.47506236998313744,0,100,0.08,0.02628468649824757,0,3.199881076812744
31.10437035560608,0.4731436570927731,0.30990875402303725,0.13852814339455305,0.04395518413164429,0.47506236998313744,0,100,0.08,0.022798772290630594,0,3.3010919094085693
31.203194856643677,0.4809439754692494,0.31293466015148225,0.13113836141073196,0.04395518413164429,0.4749228060051722,0,100,0.08,-0.05282892691181495,0,3.399916410446167
31.303833484649658,0.4878704513036332,0.31562666929803457,0.12478371967006358,0.04395518413164429,0.4749228060051722,0,100,0.08,-0.0433419854175908,0,3.5005550384521484
31.403355360031128,0.49497829119650844,0.31835704416350286,0.1183816779126335,0.04395518413164429,0.4749228060051722,0,100,0.08,-0.030967082557039897,0,3.600076913833618
31.503391981124878,0.5022301350783093,0.32109084889057243,0.11188892332769329,0.04395518413164429,0.4749228060051722,0,100,0.08,-0.01866237982997351,0,3.700113534927368
31.603386402130127,0.5096447936649446,0.3238562373639178,0.10534480596751403,0.04395518413164429,0.4749228060051722,0,100,0.08,-0.01476916220192113,0,3.800107955932617
31.703251123428345,0.5171511091470453,0.32664067398373337,0.09885525904079587,0.04395518413164429,0.4749228060051722,0,100,0.08,-0.021766202716893487,0,3.899972677230835
31.803274631500244,0.52473772823651,0.32943635907549174,0.0924946084893571,0.04395518413164429,0.4749228060051722,0,100,0.08,-0.028357606772719503,0,3.9999961853027344
31.900657176971436,0.5321511295650844,0.3321427444025267,0.08650068240541114,0.04395518413164429,0.4749228060051722,0,100,0.08,-0.033958758207353584,0,4.097378730773926
32.00324320793152,0.5395387444864636,0.3348038713541656,0.08059372701021782,0.04395518413164429,0.4749228060051722,0,100,0.08,-0.036736834281209,0,4.199964761734009
32.10315561294556,0.5468419513328308,0.33740092691066453,0.07478115563630619,0.04395518413164429,0.4749228060051722,0,100,0.08,-0.041475360915667905,0,4.299877166748047
32.20333743095398,0.5621160633759128,0.3494596712416911,0.06769520669648169,0.004269019934095453,0.439238062660586,0,100,0.08,-0.04215449579436534,0,4.40005898475647
32.30308198928833,0.5706271420928253,0.35351497284053246,0.06324864593871177,0.004269019934095453,0.439238062660586,0,100,0.08,-0.13841314582022934,0,4.49980354309082
32.40298557281494,0.5770541166863495,0.35559172605265454,0.05820776940757376,0.004269019934095453,0.439238062660586,0,100,0.08,-0.12440650254786001,0,4.599707126617432
32.50182604789734,0.5830078048801791,0.3574068963391618,0.05341576021952953,0.004269019934095453,0.439238062660586,0,100,0.08,-0.10591048534885456,0,4.698547601699829
32.60324954986572,0.5891172575668128,0.359198406381842,0.04938461939244513,0.004269019934095453,0.439238062660586,0,100,0.08,-0.09319890802473768,0,4.799971103668213
32.70288348197937,0.5951648915790079,0.3608929036783248,0.045100186834938064,0.004269019934095453,0.439238062660586,0,100,0.05,-0.04955891477875747,0,4.89960503578186
32.803022384643555,0.6013222198055029,0.36256620401166645,0.04301841780877111,0.004269019934095453,0.439238062660586,0,100,0.04941484783951838,-0.04628906253768428,0,4.999743938446045
32.90319466590881,0.6059771415315354,0.363048961525654,0.041030847958400576,0.004269019934095453,0.439238062660586,0,100,0.04941484783951838,-0.04220791437067232,0,5.099916219711304
33.003188610076904,0.6109725439786536,0.3641391089341918,0.03973771111766497,0.004269019934095453,0.439238062660586,0,100,0.04941484783951838,-0.03893368615023803,0,5.1999101638793945
33.10330104827881,0.6155053879002035,0.36532204882048097,0.03884514211538495,0.004269019934095453,0.439238062660586,0,99,0.04941484783951838,-0.03642586312077592,0,5.300022602081299
33.2030611038208,0.6204449376846516,0.3665845130565885,0.03724132015815193,-2.101519632458082e-05,0.42389025797831825,0,99,0.04941484783951838,-0.03330235490674049,0,5.399782657623291
33.3012261390686,0.6252500761861914,0.3677859667629487,0.03686072566202492,-2.101519632458082e-05,0.42389025797831825,0,99,0.04941484783951838,-0.055288032162898,0,5.497947692871094
33.40326762199402,0.6299943809887188,0.368950944833353,0.034728297903883154,-2.101519632458082e-05,0.42389025797831825,0,99,0.04941484783951838,-0.05203284478102792,0,5.599989175796509
33.50046157836914,0.6345421463699478,0.3700262993685141,0.03328204008813934,-2.101519632458082e-05,0.42389025797831825,0,99,0.04941484783951838,-0.047478049140485964,0,5.697183132171631
33.603108167648315,0.6395317700033469,0.37117807553712057,0.032073339069300044,-2.101519632458082e-05,0.42389025797831825,0,99,0.04941484783951838,-0.044996920748640284,0,5.799829721450806
33.70335292816162,0.6443420933885681,0.3722575002030647,0.03010593424614824,-2.101519632458082e-05,0.42389025797831825,0,99,0.04941484783951838,-0.041524119492313404,0,5.900074481964111
33.80294704437256,0.6390976742384075,0.3733123846130758,0.031234397426806337,-2.101519632458082e-05,0.42389025797831825,0,99,0.04941484783951838,-0.04292939898984533,0,5.999668598175049
33.90335536003113,0.6436596028242461,0.3742861888961294,0.02983769051193752,-2.101519632458082e-05,0.42389025797831825,0,99,0.04941484783951838,-0.04084959496338688,0,6.100076913833618
34.0033164024353,0.6486546168146616,0.3753133780354503,0.028352731277589416,-2.101519632458082e-05,0.42389025797831825,0,99,0.04941484783951838,-0.0366833297609649,0,6.200037956237793
34.101016998291016,0.6532080141966358,0.376235483475489,0.027588554102878887,-2.101519632458082e-05,0.42389025797831825,0,99,0.04941484783951838,-0.03487576957911472,0,6.297738552093506
34.2042236328125,0.6582897551123352,0.37723999037985645,0.02587079553356813,-2.101519632458082e-05,0.42389025797831825,0,99,0.04941484783951838,-0.03160192771739034,0,6.40094518661499
34.300010681152344,0.6628062200087669,0.37810722376411493,0.02474871326600454,-2.101519632458082e-05,0.42389025797831825,0,99,0.04941484783951838,-0.02871701356050562,0,6.496732234954834
34.40326166152954,0.6679099665748482,0.3790709220289626,0.0239625155491053,-2.101519632458082e-05,0.42389025797831825,0,99,0.04941484783951838,-0.028140958709188132,0,6.599983215332031
34.50103306770325,0.6710047529060762,0.379642631935693,0.02255408958295328,-2.101519632458082e-05,0.42389025797831825,0,99,0.04941484783951838,-0.02383452837574179,0,6.697754621505737
34.60318875312805,0.6775879945127983,0.3808314408441476,0.021739057773544634,-2.101519632458082e-05,0.42389025797831825,0,99,0.04941484783951838,-0.022429552109443376,0,6.799910306930542
34.70092511177063,0.682173728982328,0.38164469140144763,0.020332212837835786,-2.101519632458082e-05,0.42389025797831825,0,99,0.059414847839518385,-0.03196919979084069,0,6.89764666557312
34.80311965942383,0.6873979302411476,0.3825513114376076,0.01953088690790718,-2.101519632458082e-05,0.42389025797831825,0,99,0.07941484783951838,-0.029191955461297214,0,6.999841213226318
34.9019775390625,0.6947077899466173,0.3837929586891275,0.017694732906401046,-2.101519632458082e-05,0.42389025797831825,0,99,0.08,-0.024341780842477605,0,7.09869909286499
35.00317859649658,0.7024871257211858,0.38507979934208314,0.01630373738061433,-2.101519632458082e-05,0.42389025797831825,0,99,0.08,-0.021228614543063237,0,7.199900150299072
35.10121011734009,0.7104624313680866,0.3863657909553096,0.015244227037749108,-2.101519632458082e-05,0.42389025797831825,0,99,0.08,-0.016866999017560363,0,7.297931671142578
35.20296001434326,0.7184461455203358,0.38763236412579527,0.013940584070772373,-2.101519632458082e-05,0.42389025797831825,0,99,0.08,-0.014123934129941696,0,7.399681568145752
35.30314779281616,0.7264183224510425,0.3888823263799349,0.013071211143460382,-0.012896612010051017,0.4206777874432849,0,99,0.08,-0.013271048648855577,0,7.499869346618652
35.403173208236694,0.7344617954773391,0.39013018318554143,0.012367730905445516,-0.012896612010051017,0.4206777874432849,0,99,0.08,-0.010316828976889602,0,7.599894762039185
35.50052499771118,0.7424478268077824,0.39135246839769816,0.011628249745515462,-0.012896612010051017,0.4206777874432849,0,99,0.08,-0.005594551634560625,0,7.697246551513672
35.60291075706482,0.7504133944212708,0.39255745495652916,0.01104996120163193,-0.012896612010051017,0.4206777874432849,0,99,0.08,-0.002229591480339763,0,7.79963231086731
35.7005410194397,0.758425467292334,0.3937623193541638,0.010564601722692551,-0.012896612010051017,0.4206777874432849,0,99,0.08,-0.00021718249470400281,0,7.8972625732421875
35.80315828323364,0.7664265886799579,0.39494871388050934,0.01050825522440732,-0.012896612010051017,0.4206777874432849,0,99,0.08,0.002768309684228949,0,7.999879837036133
35.90063738822937,0.7743989304188037,0.39612156421211936,0.010725497436694181,-0.012896612010051017,0.4206777874432849,0,99,0.08,0.006048084661100817,0,8.09735894203186
36.00327706336975,0.78235687189026,0.39728669464318406,0.010133157015868838,-0.012896612010051017,0.4206777874432849,0,99,0.08,0.009315804314308533,0,8.199998617172241
36.103344678878784,0.7801962574149605,0.40935707885289424,0.020649576929170604,-0.012896612010051017,0.4206777874432849,0,99,0.08,-0.01831544359913618,0,8.300066232681274
36.20401120185852,0.7881653405848958,0.41046104514799686,0.020468768787204855,-0.012896612010051017,0.4206777874432849,0,99,0.08,-0.016859855469939095,0,8.40073275566101
36.30172944068909,0.7960909285588075,0.41153478070702476,0.020368045813447228,-0.02735442239459962,0.3896433411740803,0,99,0.08,-0.014121688280984557,0,8.498450994491577
36.403223514556885,0.804055879464929,0.4125963308938183,0.019738286748038875,-0.02735442239459962,0.3896433411740803,0,99,0.08,-0.11865230230802114,0,8.599945068359375
36.50678300857544,0.8108330958953915,0.41346401366166047,0.01792774464659408,-0.02735442239459962,0.3896433411740803,0,99,0.08,-0.10267109500438229,0,8.70350456237793
36.60320973396301,0.8173158115885885,0.4142222325266922,0.01598327136925165,-0.02735442239459962,0.3896433411740803,0,99,0.08,-0.08401444166814681,0,8.799931287765503
36.700146198272705,0.8239807149018148,0.41495495399748616,0.015258316033533503,-0.02735442239459962,0.3896433411740803,0,99,0.05,-0.037944516185837815,0,8.896867752075195
36.80313062667847,0.830066868921205,0.41558005299544865,0.014319452027215018,-0.02735442239459962,0.3896433411740803,0,99,0.04386859127001668,-0.02900339102709764,0,8.999852180480957
36.900224924087524,0.8340926258683922,0.4159835305016028,0.014129826905769305,-0.02735442239459962,0.3896433411740803,0,99,0.04386859127001668,-0.024296652759666235,0,9.096946477890015
37.00315237045288,0.8386282984294844,0.41642850949862015,0.013580313509239966,-0.02735442239459962,0.3896433411740803,0,99,0.04386859127001668,-0.0226773541749715,0,9.199873924255371
37.10058283805847,0.842879317805487,0.4168332321700634,0.013277240586170053,-0.02735442239459962,0.3896433411740803,0,99,0.04386859127001668,-0.022012139415674176,0,9.297304391860962
37.201422452926636,0.8469906432306137,0.41722036485496544,0.013149362842816786,-0.02735442239459962,0.3896433411740803,0,99,0.04386859127001668,-0.021969562311855862,0,9.398144006729126
37.30874800682068,0.8512930056924636,0.41761835658307256,0.01268109905253112,0.01602853468869672,0.43517750606064914,0,99,0.04386859127001668,-0.021506061615787726,0,9.505469560623169
37.40300464630127,0.8557583979357393,0.41801653536352135,0.01248097121155009,0.01602853468869672,0.43517750606064914,0,99,0.04386859127001668,-0.011440327105129213,0,9.59972620010376
37.50315713882446,0.8599257775582805,0.41838622264974384,0.012300598651250633,0.01602853468869672,0.43517750606064914,0,99,0.04386859127001668,-0.012130252818570435,0,9.699878692626953
37.60321259498596,0.8742809891611164,0.4282443047300494,0.020818191351923976,0.01602853468869672,0.43517750606064914,0,99,0.04386859127001668,-0.025717506503886576,0,9.799934148788452
37.699995279312134,0.8786132245110462,0.4286230687075719,0.020837020615372404,0.01602853468869672,0.43517750606064914,0,99,0.04386859127001668,-0.02598788916202789,0,9.896716833114624
37.80366849899292,0.8829402673212313,0.4289949169188359,0.02038922146980482,0.01602853468869672,0.43517750606064914,0,99,0.04386859127001668,-0.025609776627151696,0,10.00039005279541
37.90056848526001,0.8873107502483636,0.4293541445322182,0.020198423722069536,0.01602853468869672,0.43517750606064914,0,99,0.04386859127001668,-0.024866501050351347,0,10.0972900390625
38.00312542915344,0.8916109864432373,0.42970369438338735,0.020051598752934552,0.01602853468869672,0.43517750606064914,0,99,0.04386859127001668,-0.026233507380174482,0,10.199846982955933
38.10115337371826,0.8959770162339887,0.43004630739294103,0.019699549596130378,0.01602853468869672,0.43517750606064914,0,99,0.04386859127001668,-0.027260641778135634,0,10.297874927520752
38.20308542251587,0.900258630249922,0.4303704621076748,0.019546096522594286,0.01602853468869672,0.43517750606064914,0,99,0.04386859127001668,-0.028538486924312458,0,10.39980697631836
38.300156354904175,0.9046387905278199,0.43069474637064914,0.019328507861987476,0.01602853468869672,0.43517750606064914,0,99,0.04386859127001668,-0.03020143217577792,0,10.496877908706665
38.40065240859985,0.9089562823445565,0.4310028579124122,0.019031212836136097,0.01604455290284093,0.435217941266398,0,99,0.04386859127001668,-0.031141784549525674,0,10.597373962402344
38.501946210861206,0.9133071865926148,0.4313016276701528,0.01890770219673296,0.01604455290284093,0.435217941266398,0,99,0.04386859127001668,-0.03259252161606319,0,10.698667764663696
38.603185176849365,0.917649004992225,0.4315925054383639,0.018713632886957488,0.01604455290284093,0.435217941266398,0,99,0.04386859127001668,-0.033438815600431396,0,10.799906730651855
38.70101284980774,0.9219969255321522,0.4318685561545509,0.018398950945283238,0.01604455290284093,0.435217941266398,0,99,0.04386859127001668,-0.03325206739511991,0,10.89773440361023
38.803109645843506,0.9262978676075625,0.43213436935992405,0.018343558314140945,0.01604455290284093,0.435217941266398,0,99,0.04386859127001668,-0.034512441756266464,0,10.999831199645996
38.904727935791016,0.9291420721512232,0.4323042901594316,0.018140186003816366,0.01604455290284093,0.435217941266398,0,99,0.04386859127001668,-0.034661214684624374,0,11.101449489593506
39.00313377380371,0.9350691390005003,0.4326351742686151,0.017836604543293777,0.01604455290284093,0.435217941266398,0,99,0.04386859127001668,-0.034674076477250286,0,11.199855327606201
39.100704193115234,0.9393493843502081,0.43286273023059724,0.017726959526105535,0.01604455290284093,0.435217941266398,0,99,0.04386859127001668,-0.035729330290438954,0,11.297425746917725
39.20284080505371,0.9437783050826756,0.43308855179872574,0.01754098418573785,0.01604455290284093,0.435217941266398,0,99,0.04386859127001668,-0.038432670230097915,0,11.399562358856201
39.30011200904846,0.9481013123659003,0.4332906478068767,0.017343088215204167,0.01604455290284093,0.435217941266398,0,99,0.04386859127001668,-0.04003669577291334,0,11.496833562850952
39.403456687927246,0.9524475633678393,0.43348755215400075,0.017310289876188933,0.016040357656219223,0.43519238333590654,0,99,0.04386859127001668,-0.04212471840477835,0,11.600178241729736
39.50130343437195,0.9567980080043466,0.4336759044845191,0.017135766290040655,0.016040357656219223,0.43519238333590654,0,99,0.04386859127001668,-0.04440786246319172,0,11.698024988174438
39.602877378463745,0.9611605636918957,0.4338466313938368,0.016967679343184106,0.016040357656219223,0.43519238333590654,0,99,0.04386859127001668,-0.04586380488354021,0,11.799598932266235
39.7037148475647,0.9654630830124667,0.4340020986617001,0.016880908742211598,0.016040357656219223,0.43519238333590654,0,99,0.04386859127001668,-0.051628514241954436,0,11.900436401367188
39.8035945892334,0.9796958761450416,0.45363136415043126,0.036000705364818086,0.016040357656219223,0.43519238333590654,0,99,0.04386859127001668,-0.09819816878881546,0,12.000316143035889
39.90050673484802,0.9843629159605457,0.4537744729974279,0.0357839243616731,0.016040357656219223,0.43519238333590654,0,99,0.04386859127001668,-0.10114323115217787,0,12.097228288650513
40.00329613685608,0.988430851927985,0.4538644923308639,0.035640845528586235,0.016040357656219223,0.43519238333590654,0,99,0.04386859127001668,-0.09949158961089645,0,12.20001769065857
40.10174775123596,0.9928453595786458,0.4539350841208289,0.03556572741045144,0.016040357656219223,0.43519238333590654,0,99,0.04386859127001668,-0.09835202782273374,0,12.298469305038452
40.200658082962036,0.9971803414620072,0.4539793927918246,0.03545580851474481,0.016040357656219223,0.43519238333590654,0,99,0.04386859127001668,-0.09698899842135394,0,12.397379636764526
40.30028295516968,1.0015220814924992,0.45398062776914166,0.03534059397171341,0.016040357656219223,0.43519238333590654,0,99,0.04386859127001668,-0.09413723019042251,0,12.497004508972168
40.40318465232849,1.0058712519504327,0.45393753790385766,0.03526359351486846,0.017269985114134356,0.43467323684348347,0,99,0.04386859127001668,-0.09165356668369065,0,12.599906206130981
40.500566720962524,1.0102192755146808,0.4538643570421868,0.035229395022200516,0.017269985114134356,0.43467323684348347,0,99,0.04386859127001668,-0.08901446197174165,0,12.697288274765015
40.60334801673889,1.0146558440064821,0.4537663093799059,0.035217751997394076,0.017269985114134356,0.43467323684348347,0,99,0.04386859127001668,-0.08890572985199138,0,12.800069570541382
40.70305323600769,1.0190246235014853,0.45363066724181306,0.0352198839950105,0.017269985114134356,0.43467323684348347,0,99,0.04386859127001668,-0.08674208352057393,0,12.89977478981018
40.80302929878235,1.0234175750648629,0.45344792108026816,0.035242235529136134,0.017269985114134356,0.43467323684348347,0,99,0.04386859127001668,-0.08503312470449918,0,12.999750852584839
40.9053840637207,1.0364826543016596,0.4632755804298703,0.04572261725771801,0.017269985114134356,0.43467323684348347,0,99,0.04386859127001668,-0.10107693491579606,0,13.102105617523193
41.00416827201843,1.0422219653882743,0.4629748834118595,0.04585344436271013,0.017269985114134356,0.43467323684348347,0,99,0.04386859127001668,-0.1011814648777956,0,13.200889825820923
41.10031533241272,1.0466069167934748,0.46270859597262376,0.04604250969281046,0.017269985114134356,0.43467323684348347,0,99,0.04386859127001668,-0.10004479315888878,0,13.29703688621521
41.20324635505676,1.0510301226304923,0.4623855366093478,0.046339162479671375,0.017269985114134356,0.43467323684348347,0,99,0.04411758040551311,-0.0972779578184419,0,13.399967908859253
41.30606508255005,1.0554008054007071,0.4620173925997767,0.04661064002573237,0.017269985114134356,0.43467323684348347,0,99,0.04411758040551311,-0.09535669546801119,0,13.502786636352539
41.40497279167175,1.0597495529970664,0.4616148575671497,0.046751427270719875,0.06781906457644171,0.48455107025389443,0,99,0.04411758040551311,-0.09417486553558882,0,13.601694345474243
41.50385570526123,1.0641737375256377,0.4611773640530798,0.04699900964386394,0.06781906457644171,0.48455107025389443,0,99,0.04411758040551311,-0.08974179863064592,0,13.70057725906372
41.603156328201294,1.0686063786557445,0.46069874933534344,0.04738472711527064,0.06781906457644171,0.48455107025389443,0,99,0.04411758040551311,-0.08874676928784936,0,13.799877882003784
41.70231103897095,1.0730389099841677,0.46016887799693024,0.047690551757824384,0.06781906457644171,0.48455107025389443,0,99,0.04411758040551311,-0.08761960014413804,0,13.899032592773438
41.803285121917725,1.0774116427881004,0.4596131712407063,0.0479261904887123,0.06781906457644171,0.48455107025389443,0,99,0.04411758040551311,-0.08751914957507055,0,14.000006675720215
41.901517391204834,1.0818578724334529,0.4590264072342554,0.04812564805098951,0.06781906457644171,0.48455107025389443,0,99,0.04411758040551311,-0.08853418912744301,0,14.098238945007324
42.00340914726257,1.0962498220904533,0.4583910221241811,0.04990744662857807,0.06781906457644171,0.48455107025389443,0,99,0.04411758040551311,-0.09551221109228898,0,14.200130701065063
42.10236644744873,1.10065250077391,0.45774015161385323,0.050463661038403634,0.06781906457644171,0.48455107025389443,0,99,0.04411758040551311,-0.09563637385785442,0,14.29908800125122
42.20355939865112,1.1049767217868223,0.4570595417736671,0.05088572955696136,0.06781906457644171,0.48455107025389443,0,99,0.04411758040551311,-0.09537512212813985,0,14.400280952453613
42.30338501930237,1.1093444280931262,0.4563461994191801,0.05125994943385198,0.06781906457644171,0.48455107025389443,0,99,0.04411758040551311,-0.09623509802134513,0,14.500106573104858
42.40330910682678,1.1136801396875884,0.45560821504769033,0.051802462056166676,0.06781906457644171,0.48455107025389443,0,99,0.04538388955192673,-0.09946923043953981,0,14.600030660629272
42.50355672836304,1.1182087723505858,0.4547859186403471,0.05256821496700606,0.03243530704936201,0.43442919994466817,0,99,0.04538388955192673,-0.10981746657523972,0,14.700278282165527
42.60335159301758,1.122590275607954,0.453947143343449,0.053238815565253034,0.03243530704936201,0.43442919994466817,0,99,0.04538388955192673,-0.11044552939909055,0,14.800073146820068
42.70349168777466,1.1270420851465288,0.4530567995236182,0.053773851127528166,0.03243530704936201,0.43442919994466817,0,99,0.04538388955192673,-0.11126333188923546,0,14.900213241577148
42.80307459831238,1.1315776133238533,0.45210444526052873,0.054504971952301445,0.03243530704936201,0.43442919994466817,0,99,0.04538388955192673,-0.11103904715268686,0,14.999796152114868
42.90189576148987,1.1360514165902762,0.4511228797071947,0.05528398610373608,0.03243530704936201,0.43442919994466817,0,99,0.04538388955192673,-0.11149597144074151,0,15.098617315292358
43.003801584243774,1.1405439260420187,0.450096111849071,0.05588594542733302,0.03243530704936201,0.43442919994466817,0,99,0.04538388955192673,-0.11240130948720686,0,15.200523138046265
43.100295543670654,1.1446937651545706,0.44861466532603794,0.05576781184988025,0.03243530704936201,0.43442919994466817,0,100,0.05538388955192673,-0.17240130948720686,0,15.297017097473145
43.203282594680786,1.1492472995858645,0.4475131895884089,0.05656878600332091,0.03243530704936201,0.43442919994466817,0,100,0.07538388955192672,-0.20139700779665198,0,15.400004148483276
43.3047878742218,1.1543085501758021,0.4462369539174552,0.05763906992174314,0.03243530704936201,0.43442919994466817,0,100,0.08,-0.20268749463937547,0,15.501509428024292
43.403412103652954,1.159582892709428,0.4448373393180516,0.058690269119966804,0.03243530704936201,0.43442919994466817,0,100,0.08,-0.20233020044932115,0,15.600133657455444
43.503373861312866,1.1648908834582,0.4433534919533073,0.059918972624278005,0.08007852923689646,0.4617845656438327,0,100,0.08,-0.1585491085436527,0,15.700095415115356
43.60314106941223,1.170306601334039,0.4417706693059035,0.06096290545787256,0.08007852923689646,0.4617845656438327,0,100,0.08,-0.1594517629317694,0,15.799862623214722
43.700987577438354,1.1758786838572959,0.4400919222342611,0.06163340375789714,0.08007852923689646,0.4617845656438327,0,100,0.08,-0.16321640153516312,0,15.897709131240845
43.80301356315613,1.1814653527785182,0.43835509533941447,0.06290206302459384,0.08007852923689646,0.4617845656438327,0,100,0.08,-0.16498502367061882,0,15.999735116958618
43.90189838409424,1.1870771356547714,0.4365470293001171,0.06380422754626988,0.08007852923689646,0.4617845656438327,0,100,0.08,-0.16726137307845704,0,16.09861993789673
44.00288200378418,1.2028292927268558,0.44511773581071973,0.0782574086713996,0.08007852923689646,0.4617845656438327,0,100,0.08,-0.2039615138175979,0,16.19960355758667
44.10497713088989,1.2081394514260666,0.4432666085015381,0.08010664945041082,0.08007852923689646,0.4617845656438327,0,100,0.08,-0.20329072213210939,0,16.301698684692383
44.20327877998352,1.213268676135302,0.44138692543188174,0.08203854763515572,0.08007852923689646,0.4617845656438327,0,100,0.08,-0.2003180266506613,0,16.40000033378601
44.303425788879395,1.218392861429404,0.43943001666444503,0.08359653934529396,0.08007852923689646,0.4617845656438327,0,100,0.08,-0.199107548381524,0,16.500147342681885
44.4035427570343,1.2234677580428093,0.4374267929402356,0.08490771718913945,0.08007852923689646,0.4617845656438327,0,100,0.08,-0.19957413498427515,0,16.600264310836792
44.501800298690796,1.2285265179658036,0.43536723577478564,0.08640199341340152,0.1133359480218589,0.41154067688519874,0,100,0.08,-0.19927625899220236,0,16.698521852493286
44.602930307388306,1.2335720258788088,0.4332253740613837,0.08856160163279245,0.1133359480218589,0.41154067688519874,0,100,0.08,-0.15825615683361394,0,16.799651861190796
44.70126152038574,1.238987819864101,0.43083918889460976,0.09020378817322891,0.1133359480218589,0.41154067688519874,0,100,0.08,-0.16077625039447768,0,16.897983074188232
44.801584243774414,1.2643899591691545,0.4283372363937468,0.09998019396103167,0.1133359480218589,0.41154067688519874,0,100,0.08,-0.21281510076699872,0,16.998305797576904
44.905155181884766,1.2695962574301272,0.4258865663658215,0.10285297298238419,0.1133359480218589,0.41154067688519874,0,100,0.08,-0.21337640854128587,0,17.101876735687256
44.99999141693115,1.2745005553871849,0.42346970323874406,0.10560316085520241,0.1133359480218589,0.41154067688519874,0,100,0.08,-0.21182570777714826,0,17.196712970733643
45.10281467437744,1.2792898547416238,0.4210046585026521,0.10849249473324893,0.1133359480218589,0.41154067688519874,0,100,0.08,-0.20967162477856502,0,17.29953622817993
45.203176498413086,1.2840606523858764,0.4184432586679228,0.11068151934633189,0.1133359480218589,0.41154067688519874,0,100,0.08,-0.20703551459231026,0,17.399898052215576
45.30485248565674,1.2887518704441732,0.41583338308426737,0.11360943338070614,0.1133359480218589,0.41154067688519874,0,100,0.08,-0.20537957534712215,0,17.50157403945923
45.403191328048706,1.2934427660087047,0.4131065176951305,0.11668476105280026,0.1133359480218589,0.41154067688519874,0,100,0.08,-0.2010404912517673,0,17.599912881851196
45.50118947029114,1.2981431395397174,0.4102542621885076,0.11985551760446825,0.16075995141254443,0.42141649521617386,0,100,0.08,-0.19719823947684278,0,17.697911024093628
45.603100061416626,1.3025458446813758,0.4074719741314251,0.12254759058667278,0.16075995141254443,0.42141649521617386,0,100,0.08,-0.1912939513614575,0,17.799821615219116
45.70338153839111,1.3274309658315473,0.4142371556099433,0.14482824220539534,0.16075995141254443,0.42141649521617386,0,100,0.07547246003673937,-0.22857142857142856,0,17.900103092193604
45.80315017700195,1.331942190097177,0.4111479882818573,0.14855033907808626,0.16075995141254443,0.42141649521617386,0,100,0.07755521275748894,-0.2285714285714286,0,17.999871730804443
45.903968811035156,1.3361069340993477,0.4081545737731994,0.15244138890802475,0.16075995141254443,0.42141649521617386,0,100,0.08,-0.22706678345461584,0,18.100690364837646
46.00300192832947,1.3400259998637376,0.40521365768738654,0.15593356966474012,0.16075995141254443,0.42141649521617386,0,100,0.08,-0.21894963210582727,0,18.199723482131958
46.102049112319946,1.3442124869981456,0.40193885601368673,0.15928518841978487,0.16075995141254443,0.42141649521617386,0,100,0.08,-0.21068339466732083,0,18.298770666122437
46.20344591140747,1.3483564931518481,0.3985714932418102,0.162284979681973,0.16075995141254443,0.42141649521617386,0,100,0.08,-0.20455518402474585,0,18.40016746520996
46.302608489990234,1.3525483678188357,0.3950344638620395,0.1653410732945451,0.16075995141254443,0.42141649521617386,0,100,0.08,-0.1971470376284219,0,18.499330043792725
46.40283203125,1.356499472779842,0.3915726766673481,0.16826812024339757,0.16075995141254443,0.42141649521617386,0,100,0.08,-0.1911576597041811,0,18.59955358505249
46.50656795501709,1.36080052377356,0.3876576763659374,0.17182537851170468,0.16075995141254443,0.42141649521617386,0,100,0.08,-0.18563143619873934,0,18.70328950881958
46.602957248687744,1.3648535541255455,0.3737968804699993,0.16743200950983686,0.18449677726557864,0.37129462490694753,0,100,0.08,-0.1727426428295949,0,18.799678802490234
46.701762437820435,1.3689648819150577,0.36977874476158645,0.1703045848561904,0.18449677726557864,0.37129462490694753,0,100,0.08,-0.16948136353085352,0,18.898483991622925
46.80297827720642,1.3730474576557408,0.3656464509906974,0.1731460223952858,0.18449677726557864,0.37129462490694753,0,100,0.08,-0.1648169876270148,0,18.99969983100891
46.90375018119812,1.3770782399437353,0.3614324890428895,0.17584603982885852,0.18449677726557864,0.37129462490694753,0,100,0.08,-0.16080268058498653,0,19.10047173500061
47.0033016204834,1.3811105280801712,0.35708261807925296,0.17852402256384095,0.18449677726557864,0.37129462490694753,0,100,0.08,-0.1568907001159841,0,19.20002317428589
47.103453636169434,1.3850817689316406,0.3526607872969035,0.18129358706856216,0.18449677726557864,0.37129462490694753,0,100,0.08,-0.15202818905914342,0,19.300175189971924
47.202969789505005,1.3886089807303204,0.3486150304137532,0.18378132107561243,0.18449677726557864,0.37129462490694753,0,100,0.08,-0.14659846661798714,0,19.399691343307495
47.30258560180664,1.3928864748096228,0.34356331758322356,0.18654108090797375,0.18449677726557864,0.37129462490694753,0,100,0.08,-0.141799046653713,0,19.49930715560913
47.40364384651184,1.4067804358939102,0.33879595010559393,0.19680173719009478,0.18449677726557864,0.37129462490694753,0,100,0.08,-0.152451904461249,0,19.60036540031433
47.50083613395691,1.4105547206919278,0.33407334538064104,0.1986673589154291,0.18449677726557864,0.37129462490694753,0,100,0.08,-0.1533767393121583,0,19.6975576877594
47.603185415267944,1.4140225866628382,0.32963340408669023,0.2009834373980758,0.21949746593028038,0.32117275459772116,0,100,0.08,-0.14326953317016297,0,19.799906969070435
47.70458626747131,1.4177972631130547,0.32465960262056753,0.2039203008215367,0.21949746593028038,0.32117275459772116,0,100,0.08,-0.13686099057952947,0,19.901307821273804
47.80344104766846,1.421414940385598,0.3197814574213729,0.20547378148101528,0.21949746593028038,0.32117275459772116,0,100,0.08,-0.13355731278832678,0,20.000162601470947
47.90393948554993,1.4250684143969956,0.31475125650805197,0.20763947986565903,0.21949746593028038,0.32117275459772116,0,100,0.08,-0.12855017634342192,0,20.100661039352417
48.00065732002258,1.4286275629054574,0.30970441011127003,0.21003690854885962,0.21949746593028038,0.32117275459772116,0,100,0.08,-0.11924590378461435,0,20.197378873825073
48.10347366333008,1.432208174470081,0.30452139037829573,0.21180658015383616,0.21949746593028038,0.32117275459772116,0,100,0.08,-0.11395782216686058,0,20.30019521713257
48.20260953903198,1.4245288985223714,0.3011272823324786,0.20526949551438636,0.21949746593028038,0.32117275459772116,0,100,0.08,-0.08567336413503425,0,20.399331092834473
48.30368113517761,1.429416007303459,0.2937426590935778,0.2074649448349344,0.21949746593028038,0.32117275459772116,0,100,0.08,-0.07987988924620935,0,20.500402688980103
48.40327835083008,1.4330136700081177,0.28819745986892914,0.20957954849182311,0.21949746593028038,0.32117275459772116,0,100,0.08,-0.07103185646792236,0,20.59999990463257
48.506552934646606,1.4367496334416685,0.28230452431467856,0.21088493134409883,0.21949746593028038,0.32117275459772116,0,100,0.08,-0.060848191174093076,0,20.703274488449097
48.60440540313721,1.440748831816914,0.27588703310954976,0.21286795052597965,0.2550892693359941,0.2710508842884949,0,100,0.08,-0.051035681563171204,0,20.801126956939697
48.70411658287048,1.4446338832486254,0.2695624933884297,0.2139596046262134,0.2550892693359941,0.2710508842884949,0,100,0.08,-0.043993085919510504,0,20.900838136672974
48.80345821380615,1.4483709546807038,0.2633784940519571,0.2157524338465707,0.2550892693359941,0.2710508842884949,0,100,0.08,-0.03305155499853308,0,21.000179767608643
48.903698682785034,1.4627727335111136,0.25685997714054015,0.22665976189835732,0.2550892693359941,0.2710508842884949,0,100,0.0782823981982183,-0.04246285598136137,0,21.100420236587524
49.00349521636963,1.4669490877108347,0.24971981064460855,0.22761592643480125,0.2550892693359941,0.2710508842884949,0,100,0.07619096754777051,-0.033564680905791594,0,21.20021677017212
49.100101709365845,1.4705807640276929,0.2434192876628796,0.22871806275797366,0.2550892693359941,0.2710508842884949,0,100,0.07412684580670105,-0.022836019081457288,0,21.296823263168335
49.208606004714966,1.4732115096621359,0.23882813664373792,0.22983011425687264,0.2550892693359941,0.2710508842884949,0,100,0.07210570025726863,-0.01750815592180852,0,21.405327558517456
49.303592920303345,1.477917401384001,0.2305199500349821,0.23061764701897056,0.2550892693359941,0.2710508842884949,0,100,0.07013600429669876,-0.015990705102838485,0,21.500314474105835
49.40331745147705,1.4714603037348024,0.2242438341358419,0.22262598311521525,0.2550892693359941,0.2710508842884949,0,100,0.06819564646713384,-0.013823871077429604,0,21.60003900527954
49.50338006019592,1.4748243923785502,0.21823669373067728,0.22326085806048512,0.2550892693359941,0.2710508842884949,0,100,0.06764878018899499,0.006061610039338623,0,21.700101613998413
49.603102684020996,1.4781149601959138,0.21234907738614597,0.2233520618288228,0.2550892693359941,0.2710508842884949,0,100,0.06581725035915449,0.005805347614804134,0,21.799824237823486
49.70071887969971,1.4814123144125975,0.20645681122585804,0.22390185062042986,0.2820003937048755,0.1832094716967965,0,100,0.06401460221594664,0.0058844331317047405,0,21.897440433502197
49.803319454193115,1.4846064252297189,0.20075380853183158,0.22461832876029414,0.2820003937048755,0.1832094716967965,0,100,0.06227197894771088,0.006039434075543275,0,22.000041007995605
49.903332471847534,1.487688212730876,0.19525309347832526,0.22526845171962578,0.2820003937048755,0.1832094716967965,0,100,0.04727197894771088,0.0,0,22.100054025650024
50.003058195114136,1.4905418342487384,0.19015174935161025,0.2265070530866453,0.2820003937048755,0.1832094716967965,0,100,0.017271978947710882,0.0,0,22.199779748916626
50.10398602485657,1.4918087303068372,0.18787364836016965,0.22695651250832988,0.2820003937048755,0.1832094716967965,0,100,0.0,0.0,0,22.300707578659058
50.203038930892944,1.4918694636339265,0.187757922388621,0.2270092839646003,0.2820003937048755,0.1832094716967965,0,100,0.0,0.0,0,22.399760484695435
50.30323672294617,1.4918669040330528,0.18776351832167013,0.22700362555469766,0.2820003937048755,0.1832094716967965,0,100,0.0,0.0,0,22.499958276748657
50.40304732322693,1.4918599527375875,0.18777696938024427,0.22699611123509056,0.2820003937048755,0.1832094716967965,0,100,0.0,0.0,0,22.59976887702942
50.50353765487671,1.4918678525215485,0.18776397903482353,0.2269879886591531,0.2820003937048755,0.1832094716967965,0,100,0.0,0.0,0,22.7002592086792
50.60306167602539,1.4918618343858643,0.1877755455707775,0.2269963094825664,0.2820003937048755,0.1832094716967965,0,100,0.0,0.0,0,22.79978322982788
50.703513860702515,1.491870911566641,0.18776019367211053,0.2269952155832956,0.2820003937048755,0.1832094716967965,0,100,0.0,0.0,0,22.900235414505005
50.80297493934631,1.4918634018330428,0.18777424953796398,0.22700106426967986,0.2820003937048755,0.1832094716967965,0,100,0.0,0.0,0,22.999696493148804
50.90313220024109,1.4918691773074726,0.18776460503328338,0.2270129177850343,0.2820003937048755,0.1832094716967965,0,100,0.0,0.0,0,23.09985375404358
51.00061321258545,1.491864703866397,0.18777309645929782,0.22701935929266223,0.2820003937048755,0.1832094716967965,0,100,0.0,0.0,0,23.19733476638794
51.10401368141174,1.4918696335034922,0.18776481019101232,0.2270324378883048,0.2820003937048755,0.1832094716967965,0,100,0.0,0.0,0,23.300735235214233
51.203606605529785,1.49186801146035,0.187768092199334,0.22702773205531565,0.2820003937048755,0.1832094716967965,0,100,0.0,0.0,0,23.400328159332275
51.30338382720947,1.491869931278294,0.1877650674529231,0.22702520081634203,0.2820003937048755,0.1832094716967965,0,100,0.0,0.0,0,23.500105381011963
51.40023684501648,1.4918664141464562,0.18777165135897655,0.22701596602276983,0.2820003937048755,0.1832094716967965,0,100,0.0,0.0,0,23.59695839881897
51.503583908081055,1.4918702863537292,0.1877650448658774,0.22702960084899584,0.2820003937048755,0.1832094716967965,0,100,0.0,0.0,0,23.700305461883545
51.60361337661743,1.4918689704713302,0.1877676284551959,0.22701843898390378,0.2820003937048755,0.1832094716967965,0,100,0.0,0.0,0,23.800334930419922
51.70334005355835,1.491870506316608,0.18776512551121483,0.22700928232601925,0.2820003937048755,0.1832094716967965,0,100,0.0,0.0,0,23.90006160736084
51.80328989028931,1.4918694773281196,0.18776714323507962,0.22699729990272466,0.2820003937048755,0.1832094716967965,0,100,0.0,0.0,0,24.000011444091797
51.90407586097717,1.4918719088150256,0.1877629834485976,0.22699561985458075,0.2820003937048755,0.1832094716967965,0,100,0.0,0.0,0,24.100797414779663
52.00331711769104,1.4918699263947608,0.18776666650590035,0.22698258688741088,0.2820003937048755,0.1832094716967965,0,100,0.0,0.0,0,24.20003867149353
52.10472583770752,1.491872011632116,0.1877630829090623,0.22696624141995675,0.2820003937048755,0.1832094716967965,0,100,0.0,0.0,0,24.30144739151001
52.20366096496582,1.4918703191290557,0.1877662151881409,0.22697165858930166,0.2820003937048755,0.1832094716967965,0,100,0.0,0.0,0,24.40038251876831
52.30337142944336,1.491872105279403,0.1877631359951483,0.22697313487423984,0.2820003937048755,0.1832094716967965,0,100,0.0,0.0,0,24.50009298324585
52.4033682346344,1.4918706624120972,0.18776579897889895,0.22696517089508184,0.2820003937048755,0.1832094716967965,0,100,0.0,0.0,0,24.60008978843689
52.50322127342224,1.4918721890775661,0.18776315847867664,0.22698308703564965,0.2820003937048755,0.1832094716967965,0,100,0.0,0.0,0,24.69994282722473
52.603883266448975,1.4918709606941072,0.18776542090363893,0.22698492315073962,0.2820003937048755,0.1832094716967965,0,100,0.0,0.0,0,24.800604820251465
52.703315019607544,1.4918722627689947,0.18776316134891763,0.22699138834645263,0.2820003937048755,0.1832094716967965,0,100,0.0,0.0,0,24.900036573410034
52.803061962127686,1.4918712175622464,0.18776508122896002,0.226990667460702,0.2820003937048755,0.1832094716967965,0,100,0.0,0.0,0,24.999783515930176
52.903255462646484,1.4918723256360213,0.18776315214297842,0.22697890838705695,0.2820003937048755,0.1832094716967965,0,100,0.0,0.0,0,25.099977016448975
53.003037452697754,1.4918708434014885,0.18776584005437563,0.22698195709363853,0.2820003937048755,0.1832094716967965,0,100,0.0,0.0,0,25.199759006500244
53.10313367843628,1.491872374623169,0.18776314523345958,0.2269869675458672,0.2820003937048755,0.1832094716967965,0,100,0.0,0.0,0,25.29985523223877
53.203062772750854,1.4918711026321345,0.1877654486276217,0.22696789485201568,0.2820003937048755,0.1832094716967965,0,100,0.0,0.0,0,25.399784326553345
53.30312418937683,1.4918724198286202,0.18776312536662373,0.22695593149654242,0.2820003937048755,0.1832094716967965,0,100,0.0,0.0,0,25.49984574317932
53.40115404129028,1.4918713249090054,0.1877651051929992,0.22696110216810467,0.2820003937048755,0.1832094716967965,0,100,0.0,0.0,0,25.597875595092773
53.50055956840515,1.491872058731925,0.1877638100715656,0.22695422847479185,0.2820003937048755,0.1832094716967965,0,100,0.0,0.0,0,25.69728112220764
53.60324764251709,1.491871515958555,0.18776480654809977,0.226959788500751,0.2820003937048755,0.1832094716967965,0,100,0.0,0.0,0,25.79996919631958
53.703189849853516,1.491872488852513,0.18776308755949467,0.22696172924695168,0.2820003937048755,0.1832094716967965,0,100,0.0,0.0,0,25.899911403656006
53.80302691459656,1.4918716207742577,0.1877646534630124,0.22697634385583354,0.2820003937048755,0.1832094716967965,0,100,0.0,0.0,0,25.999748468399048
53.90332388877869,1.4918725136374462,0.1877630727556931,0.22696991607417472,0.2820003937048755,0.1832094716967965,0,100,0.0,0.0,0,26.100045442581177
54.00322866439819,1.491872199320816,0.18776364591353356,0.22698085781557037,0.2820003937048755,0.1832094716967965,0,100,0.0,0.0,0,26.199950218200684
54.10341238975525,1.4918725281443421,0.1877630697902948,0.22697451762085408,0.2820003937048755,0.1832094716967965,0,100,0.0,0.0,0,26.30013394355774
54.20316004753113,1.4918719420367852,0.18776412604687007,0.2269720195468584,0.2820003937048755,0.1832094716967965,0,100,0.0,0.0,0,26.399881601333618
54.300633907318115,1.4918727979605229,0.1877626052844206,0.2269784610839281,0.2820003937048755,0.1832094716967965,0,100,0.0,0.0,0,26.497355461120605
54.40329337120056,1.4918720028664914,0.18776403355005633,0.22699044648551914,0.2820003937048755,0.1832094716967965,0,100,0.0,0.0,0,26.60001492500305
54.50315594673157,1.4918727856598089,0.18776264135220117,0.2269987116963194,0.2820003937048755,0.1832094716967965,0,100,0.0,0.0,0,26.699877500534058
54.603700399398804,1.4918720984751663,0.18776387484042828,0.22698413716434765,0.2820003937048755,0.1832094716967965,0,100,0.0,0.0,0,26.800421953201294
54.703240394592285,1.4918725858618875,0.18776300889279984,0.22697524949152634,0.2820003937048755,0.1832094716967965,0,100,0.0,0.0,0,26.899961948394775
54.80303335189819,1.4918724159086303,0.1877633165979776,0.22697821637911136,0.2820003937048755,0.1832094716967965,0,100,0.0,0.0,0,26.999754905700684
54.90330982208252,1.4918727707446462,0.18776268672640437,0.22698620871998185,0.2606702041645733,0.14270794676304188,0,100,0.0,0.0,0,27.10003137588501
55.00318455696106,1.491872264842105,0.18776359432666087,0.22699019625832986,0.2606702041645733,0.14270794676304188,0,100,0.0,0.0,0,27.19990611076355
55.10302782058716,1.4918727782489922,0.1877626798164367,0.2269727960988215,0.2606702041645733,0.14270794676304188,0,100,0.02,0.0066539117971609295,0,27.29974937438965
55.202959299087524,1.4920121801946746,0.1875137753964744,0.22688154227672733,0.2606702041645733,0.14270794676304188,0,100,0.04,0.0064543371793959175,0,27.399680852890015
55.30331993103027,1.4936232619169203,0.18464109676732593,0.22748832391512744,0.2606702041645733,0.14270794676304188,0,100,0.05721790254866505,0.00596275006854014,0,27.500041484832764
55.40307855606079,1.4959153557438407,0.18055527611210184,0.22838573486574984,0.2606702041645733,0.14270794676304188,0,100,0.056046060468894626,0.005972361923054592,0,27.59980010986328
55.50313854217529,1.498638122943475,0.17570432112570758,0.22980383645949196,0.2606702041645733,0.14270794676304188,0,100,0.05453751399889052,0.006191506490289026,0,27.699860095977783
55.60321116447449,1.5013341765577721,0.17089593064638248,0.23110405789991548,0.2606702041645733,0.14270794676304188,0,100,0.05305357233738768,0.0065259547651312965,0,27.799932718276978
55.70298647880554,1.5039026490402092,0.16632263513861748,0.2326498302350404,0.2606702041645733,0.14270794676304188,0,100,0.05164266460939554,0.006410151217522171,0,27.899708032608032
55.80287480354309,1.5064734198433432,0.1617446279386249,0.23390801899631797,0.2606702041645733,0.14270794676304188,0,100,0.05023555247330025,0.006484930327052065,0,27.99959635734558
55.90362882614136,1.5089211113896026,0.15739314022359122,0.23540325214599914,0.2606702041645733,0.14270794676304188,0,100,0.048960010946672565,0.006426788046858111,0,28.100350379943848
56.00315046310425,1.5112373813491966,0.15327096780434626,0.23665206005804418,0.2606702041645733,0.14270794676304188,0,100,0.04762204369238112,0.006832308866371136,0,28.19987201690674
56.10293674468994,1.5137021431027393,0.1488914131002288,0.23809905007861326,0.2606702041645733,0.14270794676304188,0,100,0.04634603393448217,0.0066511561066345225,0,28.29965829849243
56.203062295913696,1.5162387780234499,0.14506324084888925,0.2397494710143805,0.2606702041645733,0.14270794676304188,0,100,0.04502332335891092,0.007437319523823936,0,28.399783849716187
56.30331206321716,1.5284685495233448,0.15122684644271184,0.25355137809050654,0.2606702041645733,0.14270794676304188,0,100,0.04459064636118966,-0.025121639392032203,0,28.500033617019653
56.40321063995361,1.530836622749615,0.14717678740434145,0.2553039464446105,0.2606702041645733,0.14270794676304188,0,100,0.043781897276343996,-0.03656261584791721,0,28.599932193756104
56.50308918952942,1.5329723469457242,0.143330525429932,0.2569170942741149,0.2606702041645733,0.14270794676304188,0,100,0.04258914246050155,-0.036567414619470766,0,28.69981074333191
56.60300636291504,1.535045585643495,0.13957278181479968,0.25893633392296694,0.2606702041645733,0.14270794676304188,0,100,0.04144946533603335,-0.03595016544212456,0,28.79972791671753
56.70312261581421,1.5370431393950519,0.13591675187594474,0.2606657092216977,0.2606702041645733,0.14270794676304188,0,100,0.040321836818202623,-0.034669035862290906,0,28.8998441696167
56.80037879943848,1.5389486977276636,0.13240596270173882,0.2620704954131297,0.2606702041645733,0.14270794676304188,0,100,0.010321836818202625,0.10033096413770909,0,28.997100353240967
56.903393030166626,1.5398807947575839,0.130694331146112,0.2612179326294766,0.2606702041645733,0.14270794676304188,0,100,0.0,0.22033096413770908,0,29.100114583969116
57.003479957580566,1.5401592259876598,0.1302003595297316,0.2572059876046616,0.32336841091174573,0.07080743995040496,0,100,0.0,0.32,0,29.200201511383057
57.103145122528076,1.5401288378482412,0.130253859237716,0.25279282128350694,0.32336841091174573,0.07080743995040496,0,100,0.0,0.32,0,29.299866676330566
57.20306444168091,1.5402449692610822,0.1300658637522379,0.2494703036004834,0.32336841091174573,0.07080743995040496,0,100,0.0,0.32,0,29.3997859954834
57.30019950866699,1.5401904430840192,0.1301503631626065,0.2456879554867043,0.32336841091174573,0.07080743995040496,0,100,0.0,0.32,0,29.496921062469482
57.40314722061157,1.5400756645041058,0.13031646525506246,0.24120832451060678,0.32336841091174573,0.07080743995040496,0,100,0.0,0.32,0,29.599868774414062
57.503191232681274,1.5401802436607264,0.130167484889722,0.23805024644449002,0.32336841091174573,0.07080743995040496,0,100,0.0,0.32,0,29.699912786483765
57.603145599365234,1.5401262238134152,0.13024012414105535,0.23500524903492903,0.32336841091174573,0.07080743995040496,0,100,0.0,0.32,0,29.799867153167725
57.703118085861206,1.5400832027966493,0.13029292683681465,0.23119042438206472,0.32336841091174573,0.07080743995040496,0,100,0.0,0.32,0,29.899839639663696
57.80328369140625,1.5401578034170966,0.13019955321437532,0.22819588399840032,0.32336841091174573,0.07080743995040496,0,100,0.0,0.32,0,30.00000524520874
57.90322756767273,1.5401113201026384,0.13025451018753317,0.2249182184294271,0.32336841091174573,0.07080743995040496,0,100,0.0,0.32,0,30.09994912147522
58.00345754623413,1.5401159592623892,0.13024806747580342,0.2216317141159268,0.32336841091174573,0.07080743995040496,0,100,0.0,0.32,0,30.20017910003662
58.103532791137695,1.5400404824259508,0.13032835468517406,0.21790262194968815,0.32336841091174573,0.07080743995040496,0,100,0.0,0.32,0,30.300254344940186
58.203434228897095,1.5400450859346762,0.13032258755002385,0.21523173519382063,0.32336841091174573,0.07080743995040496,0,100,0.0,0.32,0,30.400155782699585
58.302799701690674,1.5402139605638248,0.13015735184022717,0.21255984571774061,0.32336841091174573,0.07080743995040496,0,100,0.0,0.32,0,30.499521255493164
58.40033507347107,1.5402488520949251,0.13012541368281047,0.21020383247579832,0.32336841091174573,0.07080743995040496,0,100,0.0,0.32,0,30.59705662727356
58.50332307815552,1.5402820945118134,0.1300955162887008,0.20786811477219347,0.32336841091174573,0.07080743995040496,0,100,0.0,0.32,0,30.700044631958008
58.60299324989319,1.5403973719534727,0.12999732432488337,0.205348379026095,0.32336841091174573,0.07080743995040496,0,100,0.0,0.32,0,30.79971480369568
58.70327377319336,1.5404973567297795,0.12991684698543585,0.20363470549693147,0.32336841091174573,0.07080743995040496,0,100,0.0,0.32,0,30.89999532699585
58.80357813835144,1.5405500718568472,0.1298770669413115,0.20188750736825564,0.32336841091174573,0.07080743995040496,0,100,0.0,0.32,0,31.00029969215393
58.903278827667236,1.5406386847788125,0.12981090530682882,0.19990103639155318,0.32336841091174573,0.07080743995040496,0,100,0.0,0.32,0,31.100000381469727
59.00447702407837,1.5406797566873307,0.12978187379233458,0.19836911031915958,0.32336841091174573,0.07080743995040496,0,100,0.0,0.32,0,31.20119857788086
59.10303807258606,1.5407202021658668,0.12975454140235612,0.19688742783433155,0.32336841091174573,0.07080743995040496,0,100,0.0,0.32,0,31.29975962638855
59.20291447639465,1.5408367218779342,0.12967969930400147,0.1954292504575036,0.32336841091174573,0.07080743995040496,0,100,0.0,0.32,0,31.399636030197144
59.30316615104675,1.540784555337056,0.1297125193926936,0.19431623116689092,0.32336841091174573,0.07080743995040496,0,100,0.0,0.32,0,31.499887704849243
59.402998208999634,1.5406926964038232,0.12976506029146284,0.19357914834095266,0.32336841091174573,0.07080743995040496,0,100,0.0,0.32,0,31.599719762802124
59.50316596031189,1.5407175373796391,0.12975004428990397,0.19337254220805733,0.32336841091174573,0.07080743995040496,0,100,0.0,0.32,0,31.69988751411438
59.60360503196716,1.5408528067237732,0.12968055738359047,0.19377618092526147,0.32336841091174573,0.07080743995040496,0,100,0.0,0.32,0,31.800326585769653
59.70309138298035,1.5407932844971792,0.12971003083366792,0.19454204498192942,0.32336841091174573,0.07080743995040496,0,100,0.0,0.32,0,31.899812936782837
59.803321838378906,1.5407702368571183,0.12971912674674602,0.19615896277289246,0.32336841091174573,0.07080743995040496,0,100,0.0,0.32,0,32.0000433921814
59.90361666679382,1.5407092371381945,0.12974375418489037,0.1978804849646619,0.32336841091174573,0.07080743995040496,0,100,0.0,0.32,0,32.10033822059631
60.00059771537781,1.5406301424985076,0.1297746687010975,0.19926286156558648,0.32336841091174573,0.07080743995040496,0,100,0.0,0.32,0,32.1973192691803
60.1028790473938,1.54070299641573,0.12974754340357778,0.20269553501565407,0.32336841091174573,0.07080743995040496,0,100,0.0,0.32,0,32.29960060119629
60.20303773880005,1.5406114040704233,0.12977716285357535,0.2076716040815262,0.32336841091174573,0.07080743995040496,0,100,0.0,0.32,0,32.39975929260254
60.30323624610901,1.5405180245423935,0.1298014514694565,0.21524549527934222,0.32336841091174573,0.07080743995040496,0,100,0.0,0.32,0,32.4999577999115
60.403239250183105,1.5404423552168103,0.1298168501589849,0.22277922267937372,0.32336841091174573,0.07080743995040496,0,100,0.0,0.32,0,32.599960803985596
60.50267171859741,1.5403199839841388,0.1298361314516405,0.22950961307153722,0.32336841091174573,0.07080743995040496,0,100,0.0,0.245,0,32.6993932723999
